token1	token2	weight
мен	?	0
мен	мен	87
мен	жақ	48
мен	жақсы	130
мен	де	73
мен	деп	32
мен	!	82
мен	қала	118
мен	қалай	120
мен	сен	78
мен	жоқ	52
мен	бар	77
мен	керек	81
мен	ғой	95
мен	жан	65
мен	жаным	109
мен	шүкір	109
мен	бір	126
мен	ен	55
мен	енді	118
мен	ол	49
мен	өзі	59
мен	өзің	110
мен	да	116
мен	неге	95
мен	маған	76
мен	ал	114
мен	алып	117
мен	болып	76
мен	сәл	114
мен	аа	114
мен	болды	134
мен	екен	117
мен	осы	129
мен	менде	64
мен	ер	129
мен	ерте	127
мен	ертең	92
мен	мені	60
мен	менің	119
мен	деген	116
мен	емес	81
мен	істеп	49
мен	кім	106
мен	сені	104
мен	как	17
мен	мама	109
мен	қайырлы	85
мен	адам	119
мен	или	91
мен	ой	105
мен	саған	133
мен	бүгін	25
мен	болса	56
мен	дұрыс	127
мен	алла	97
мен	ай	109
мен	айтып	123
мен	жұмыс	82
мен	көп	79
мен	барып	78
мен	жарайды	78
мен	ертен	133
мен	аман	68
мен	кеш	119
мен	кеше	98
мен	ақ	64
мен	ақша	87
мен	боп	89
мен	қашан	133
мен	кешке	92
мен	қанша	80
мен	бала	95
мен	бәрі	85
мен	күшті	112
мен	күн	116
мен	туған	120
мен	екі	106
мен	қаз	80
мен	қазір	93
мен	ана	63
мен	қыз	80
мен	үш	91
мен	үшін	113
мен	кет	44
мен	кел	135
мен	келіп	128
мен	келе	95
мен	қандай	80
мен	бас	98
мен	басқа	115
мен	үй	73
мен	үйде	92
мен	солай	67
мен	бара	78
мен	жатырм	62
мен	жатырмын	118
мен	шығып	103
мен	жаз	77
мен	жазып	131
мен	қайда	88
мен	бірақ	102
мен	сенің	93
мен	давай	54
мен	қатты	122
мен	қой	83
мен	аллаға	126
мен	кетіп	134
мен	ала	76
мен	салып	100
мен	үйге	108
мен	ішіп	71
мен	жаман	105
мен	за	77
мен	барам	117
мен	тамақ	67
мен	ап	78
мен	апа	120
мен	бұл	111
мен	сенде	86
мен	таң	116
мен	едім	120
мен	кеп	126
мен	сіз	110
мен	если	92
мен	папа	118
мен	кейін	93
мен	қыздар	115
мен	көре	105
мен	көрем	127
мен	мынау	123
мен	жүр	134
мен	алма	126
мен	анау	130
мен	сұрап	97
мен	он	101
мен	жаңа	106
мен	бақытты	80
мен	еш	110
мен	ештеңе	103
мен	бұйырса	83
мен	ауырып	102
мен	отырмын	82
мен	сияқты	97
мен	тез	62
мен	айта	102
мен	болған	98
мен	беріп	126
мен	жас	113
мен	жасап	118
мен	көріп	107
мен	ғана	106
мен	қызы	73
мен	қызым	125
мен	мал	116
мен	неше	102
мен	жауап	112
мен	су	95
мен	видео	107
мен	ұйықтап	108
мен	негізі	81
мен	айтам	70
мен	телефон	83
мен	қара	95
мен	қарап	111
мен	машина	103
мен	жатқан	106
мен	бірге	128
мен	сондай	88
мен	жер	89
мен	аға	124
мен	әдемі	128
мен	сағат	113
мен	еще	98
мен	тауып	109
мен	до	109
мен	жай	109
мен	ешкім	88
мен	соған	112
мен	білмей	99
мен	білмеймін	121
мен	осылай	89
мен	келген	97
мен	такси	109
мен	тыныш	114
мен	ата	121
мен	кеткен	105
мен	дос	112
мен	жүре	94
мен	жүрегім	112
мен	досым	131
мен	ойнап	131
мен	жүрген	91
мен	жол	112
мен	заказ	116
мен	үлкен	97
мен	бәрін	111
мен	дым	86
мен	бос	91
мен	болам	90
мен	әңгіме	103
мен	жеп	122
мен	оған	113
мен	өмір	62
мен	күтіп	117
мен	вообще	96
мен	алп	74
мен	болмай	112
мен	осында	130
мен	осындай	120
мен	мың	105
мен	алам	135
мен	алматы	90
мен	шай	104
мен	жұмысқа	92
мен	аз	79
мен	азанда	126
мен	бірінші	96
мен	біздің	80
мен	олай	133
мен	кір	79
мен	кіріп	114
мен	жана	99
мен	сөйлесіп	88
мен	ауыл	76
мен	ауылға	128
мен	алдын	83
мен	алдында	109
мен	олар	95
мен	қайта	118
мен	жақта	101
мен	без	106
мен	тастап	125
мен	түнде	110
мен	жатып	97
мен	али	106
мен	нешеде	92
мен	келдім	133
мен	аш	69
мен	ашып	132
мен	содан	120
мен	кино	110
мен	менен	107
мен	балдар	134
мен	күнде	130
мен	барамыз	96
мен	алдым	132
мен	нан	99
мен	ещё	109
мен	кеттім	116
мен	сендер	75
мен	каспи	105
мен	түс	119
мен	түсіп	128
мен	шымкент	127
мен	ойлап	107
мен	өте	101
мен	ұмытып	111
мен	жұмыста	92
мен	звандап	73
мен	өтірік	108
мен	кете	103
мен	кетем	96
мен	оның	89
мен	сізді	81
мен	тұрған	46
мен	бота	132
мен	айтты	132
мен	шаршап	86
мен	ең	97
мен	сөз	112
мен	демалыс	117
мен	ауылда	132
мен	осыны	80
мен	ватсап	103
мен	алған	121
мен	дайын	106
мен	айттым	106
мен	берген	68
мен	жаққа	101
мен	апарып	96
мен	біреу	117
мен	жігіт	124
мен	сабақ	117
мен	оқып	103
мен	қалаға	115
мен	жаза	86
мен	брак	107
мен	шығарып	117
мен	және	123
мен	баста	106
мен	бастап	133
мен	кішкентай	121
мен	қазақ	103
мен	ар	104
мен	келем	127
мен	жүріп	104
мен	жылап	111
мен	баратын	100
мен	жібере	100
мен	қол	124
мен	әр	126
мен	даже	117
мен	демалып	92
мен	келесі	120
мен	балам	104
мен	қызық	118
мен	алтын	129
мен	астана	118
мен	өтіп	127
мен	алайын	133
мен	қазақша	111
мен	қойып	127
мен	ақшасын	132
мен	тойға	124
мен	жіберіп	108
мен	сағындым	123
мен	біліп	128
мен	базар	118
мен	кішкене	123
мен	барлық	103
мен	жоқпын	113
мен	киім	97
мен	сатып	116
мен	билет	112
мен	жазам	128
мен	таңертең	103
мен	келгенде	106
мен	айтқан	99
мен	ет	92
мен	қоя	121
мен	іздеп	130
мен	кредит	118
мен	лайк	114
мен	бағана	123
мен	ренжіп	98
мен	бірдеңе	112
мен	егер	110
мен	каспий	129
мен	ертерек	128
мен	түсіріп	120
мен	далада	133
мен	жігіттер	89
мен	қалып	128
мен	айфон	113
мен	сіздің	121
мен	ұл	84
мен	ұстап	116
мен	жуып	123
мен	сурет	125
мен	арай	125
мен	жалпы	123
мен	зат	113
мен	онлайн	133
мен	кімге	114
мен	жұмыстан	111
мен	қойдым	87
мен	жанар	131
мен	болдым	131
мен	быр	101
мен	азамат	109
мен	қайтып	133
мен	басым	103
мен	жүрмін	119
мен	арман	114
мен	жіберем	132
мен	өткен	119
мен	өткенде	129
мен	жалғыз	104
мен	май	88
мен	алмаймын	125
мен	кешегі	127
мен	всегда	118
мен	келп	99
мен	магазин	134
мен	жауып	129
мен	ару	129
мен	келін	132
мен	алатын	116
мен	казір	125
мен	жайлы	99
мен	бұрын	93
мен	ешкімге	103
мен	ары	83
мен	өшіріп	118
мен	ішім	111
мен	қосып	123
мен	артық	121
мен	таза	106
мен	кіммен	123
мен	группа	106
мен	берді	133
мен	былай	120
мен	жынды	111
мен	мынаны	105
мен	екінші	106
мен	ойын	108
мен	білем	126
мен	аружан	93
мен	кайдан	117
мен	біраз	79
мен	далаға	113
мен	мадина	98
мен	жақын	124
мен	кара	128
мен	басып	125
мен	аяқ	132
мен	автобус	121
мен	ағам	124
мен	сағынып	117
мен	шақырып	131
мен	соңғы	131
мен	жібердім	120
мен	инста	111
мен	жетіп	122
мен	түсінбедім	127
мен	кә	115
мен	кәз	107
мен	дәрі	99
мен	көрші	130
мен	әке	130
мен	жәй	123
мен	барған	109
мен	журген	98
мен	бека	131
мен	тұра	126
мен	қалада	131
мен	дана	92
мен	баласы	131
мен	емеспін	128
мен	бәрібір	124
мен	таппай	112
мен	ерке	123
мен	намаз	128
мен	дәл	96
мен	айдана	117
мен	айтайын	127
мен	соның	114
мен	отырған	122
мен	адамды	134
мен	ақшаны	135
мен	барамын	121
мен	сонша	95
мен	шықтым	123
мен	мамам	76
мен	қолым	114
мен	торт	116
мен	өзіме	122
мен	барсам	90
мен	көрдім	86
мен	барайын	115
мен	кәзір	98
мен	жарты	98
мен	отыра	118
мен	бес	128
мен	шаш	123
мен	сенімен	117
мен	мектепке	76
мен	жақтан	107
мен	толық	117
мен	шәй	129
мен	көк	112
мен	беремін	126
мен	барғанда	126
мен	кешірім	93
мен	көйлек	120
мен	кімнің	119
мен	айым	134
мен	тегін	132
мен	қасында	130
мен	махаббат	128
мен	алматыға	133
мен	диана	99
мен	алланың	129
мен	апам	127
мен	хан	122
мен	бай	128
мен	киіп	131
мен	динара	131
мен	сендерге	129
мен	асем	89
мен	админ	130
мен	оз	108
мен	бөлек	104
мен	айжан	120
мен	вроде	132
мен	жата	130
мен	тараз	118
мен	жансая	134
мен	ойланып	127
мен	диас	116
мен	мамаға	127
мен	назерке	105
мен	бәріне	132
мен	дорама	107
мен	өліп	118
мен	именно	109
мен	тұрмын	130
мен	жолға	133
мен	айша	107
мен	алсам	122
мен	салдым	118
мен	квартира	115
мен	суға	130
мен	магазинге	118
мен	есік	100
мен	түскен	121
мен	басында	120
мен	көрген	105
мен	көшеге	112
мен	айтсам	107
мен	аяу	95
мен	жолда	134
мен	мөлдір	104
мен	луна	129
мен	қызыл	132
мен	аламын	129
мен	болсам	112
мен	осыған	83
мен	шығатын	126
мен	қарсы	128
мен	жек	114
мен	жеке	127
мен	қыдырып	124
мен	группаға	126
мен	болғанда	132
мен	баланы	116
мен	орыс	131
мен	ит	117
мен	жазған	131
мен	звандайм	104
мен	жасай	129
мен	жазбай	119
мен	ыдыс	126
мен	үйді	102
мен	үйдің	129
мен	айгерім	119
мен	көшеде	128
мен	барғо	112
мен	мирас	128
мен	төлеп	132
мен	пара	117
мен	қазақстан	131
мен	осыдан	133
мен	мерей	126
мен	қасымда	131
мен	қуып	132
мен	бірден	126
мен	бірдене	124
мен	күліп	126
мен	үйден	133
мен	айтпай	102
мен	документ	125
мен	кешкі	128
мен	қызға	129
мен	сөйлесе	134
мен	жақсымын	113
мен	еркек	118
мен	бармай	122
мен	сүт	115
мен	сұрақ	131
мен	аурп	128
мен	мас	123
мен	бердім	130
мен	маржан	120
мен	жіберген	130
мен	шамалы	97
мен	мектепте	126
мен	кететін	114
мен	кейде	129
мен	қорқып	119
мен	айтатын	111
мен	айнұр	133
мен	алдап	133
мен	нақты	126
мен	короче	125
мен	қонақ	131
мен	алматыда	134
мен	ертеңге	103
мен	сізден	133
мен	қап	93
мен	диплом	129
мен	арғы	134
мен	әйел	126
мен	арқылы	131
мен	жаздым	128
мен	қашып	103
мен	тапсырып	128
мен	алмадым	131
мен	кола	123
мен	сіздер	126
мен	киін	132
мен	суретке	133
мен	телеграм	126
мен	кіре	135
мен	естіп	108
мен	анда	133
мен	ерасыл	122
мен	сотка	129
мен	нағашы	127
мен	әже	129
мен	ешқандай	126
мен	қалам	117
мен	үйреніп	126
мен	кімді	131
мен	футбол	116
мен	астанаға	129
мен	атым	110
мен	балаға	118
мен	оқуға	133
мен	сабаққа	126
мен	тырысып	108
мен	артынан	125
мен	салған	134
мен	қуанып	132
мен	ұйқым	125
мен	амина	122
мен	сымбат	135
мен	айтамын	134
мен	күте	126
мен	каусар	134
мен	өзімді	127
мен	күтем	89
мен	сіздерге	133
мен	інжу	105
мен	нұрай	132
мен	дайындалып	128
мен	айзере	127
мен	енем	130
мен	папам	129
мен	клиент	122
мен	тұрдым	117
мен	шешіп	118
мен	сөйлеп	131
мен	бармаймын	134
мен	қызбен	84
мен	өзімде	129
мен	баламен	113
мен	қыздарға	122
мен	барын	128
мен	таксимен	125
мен	танысып	118
мен	қате	130
мен	сұрайын	127
мен	доп	133
мен	жігітім	132
мен	жұлдыз	133
мен	жатам	134
мен	қарыз	100
мен	базарға	130
мен	ғашық	111
мен	тикток	128
мен	үйдемін	127
мен	бүкіл	89
мен	ауылдан	133
мен	түркістан	115
мен	адал	127
мен	қаладан	133
мен	гаухар	124
мен	айару	135
мен	күндіз	131
мен	бұрынғы	129
мен	біреуге	128
мен	кітап	120
мен	уайымдап	130
мен	төрт	118
мен	август	134
мен	кіші	130
мен	түк	130
мен	балдармен	127
мен	биыл	115
мен	аяулым	124
мен	қиналып	132
мен	крем	120
мен	атам	127
мен	көзім	127
мен	сендерді	134
мен	таксиге	90
мен	шаршадым	127
мен	казак	101
мен	аяжан	132
мен	тойда	135
мен	анализ	116
мен	ешқашан	131
мен	білмедім	106
мен	түнгі	116
мен	машинамен	132
мен	алихан	127
мен	ештеме	135
мен	кетсем	122
мен	бассейнге	107
мен	воскресенье	122
мен	мән	133
мен	қыздармен	129
мен	мысалы	116
мен	қайтадан	106
мен	айтпайм	133
мен	барн	121
мен	ананы	127
мен	калада	120
мен	звандасам	112
мен	футболка	111
мен	ұйықтай	124
мен	больницаға	114
мен	өзімнің	117
мен	пицца	100
мен	пиво	134
мен	қоса	130
мен	барғым	123
мен	астанада	116
мен	таңғы	110
мен	босамай	129
мен	темекі	130
мен	жаяу	132
мен	шығамын	123
мен	маманы	107
мен	маманың	126
мен	ұрыс	120
мен	ұрысып	130
мен	телефонды	120
мен	бірдеме	123
мен	орысша	135
мен	түнімен	112
мен	ұқсап	129
мен	наны	134
мен	жүрем	122
мен	араласып	120
мен	бұлай	126
мен	сеніп	116
мен	түсініп	126
мен	жасаған	134
мен	ерекше	131
мен	сенін	134
мен	сиыр	105
мен	ойнай	124
мен	барлығын	113
мен	оларды	121
мен	біреуді	99
мен	біреудің	127
мен	балдарды	125
мен	ағылшын	132
мен	шалбар	124
мен	түсіндім	131
мен	басқаша	129
мен	оларға	116
мен	әдейі	105
мен	талай	111
мен	қызылорда	128
мен	калам	129
мен	кетейін	131
мен	бұндай	133
мен	фотоға	121
мен	кірем	126
мен	жазда	110
мен	түсінбей	132
мен	айтым	114
мен	құрт	99
мен	кафеге	134
мен	жазсам	133
мен	сырт	102
мен	сыртта	125
мен	істеген	111
мен	бардым	127
мен	апарам	117
мен	күйеу	132
мен	ваше	132
мен	үндемей	115
мен	барда	130
мен	көшіп	103
мен	айдап	130
мен	волейбол	135
мен	боламын	132
мен	болайын	132
мен	келгенше	128
мен	киініп	107
мен	аша	119
мен	бармайтын	132
мен	жұмыстамын	104
мен	ешкіммен	90
мен	көтере	104
мен	сұраған	132
мен	жаңағы	123
мен	жолдан	131
мен	шошып	131
мен	сіңілім	133
мен	мүлде	133
мен	мүлдем	135
мен	сендердің	120
мен	ұйықтаймын	116
мен	сорлы	70
мен	давно	108
мен	тіркелдім	129
мен	былтыр	113
мен	тіпті	120
мен	тұрғанда	128
мен	сыртқа	119
мен	ешкімді	123
мен	барганда	96
мен	кеткенде	113
мен	папаға	106
мен	қасқа	123
мен	жақында	125
мен	білмимін	121
мен	тірі	135
мен	мамадан	131
мен	анам	117
мен	төсек	132
мен	тойдан	131
мен	білмейді	135
мен	шыдай	123
мен	ұялып	112
мен	басымды	117
мен	олардың	126
мен	кірдім	119
мен	ешқайда	115
мен	вторник	119
мен	жаттым	133
мен	бұны	92
мен	алдыңғы	107
мен	кешігіп	134
мен	әкем	109
мен	тұрмысқа	131
мен	кешеден	122
мен	апаның	129
мен	қорқам	132
мен	ұйқыдан	109
мен	кірген	128
мен	біреумен	129
мен	алматыдан	128
мен	шымкентте	124
мен	асп	118
мен	жуынып	128
мен	жігітпен	116
мен	секілді	127
мен	сұрадым	111
мен	алғам	116
мен	кінәлі	134
мен	ашуланып	88
мен	жездем	133
мен	білетін	133
мен	ақымақ	112
мен	шашымды	111
мен	қонақта	106
мен	келсем	127
мен	магазинде	116
мен	душқа	127
мен	ақтөбе	111
мен	баяғыда	133
мен	үнемі	123
мен	қонаққа	124
мен	жеттім	132
мен	білемін	107
мен	араласпай	117
мен	сұрасам	134
мен	каска	125
мен	машинада	127
мен	мамамен	134
мен	ақшамды	122
мен	шомылып	129
мен	таразға	123
мен	жазайын	123
мен	группадан	133
мен	ақтауға	124
мен	көргем	130
мен	сұранып	133
мен	алматыга	126
мен	айтқам	122
мен	байға	111
мен	баруым	133
мен	жаңадан	123
мен	ұйықтайын	113
мен	сіздерді	112
мен	кетім	108
мен	барғасын	114
мен	душка	126
мен	іште	116
мен	ойлаймын	134
мен	калаға	130
мен	баняға	126
мен	коркып	126
мен	больницада	133
мен	базардан	110
мен	папаны	133
мен	папаның	133
мен	көрмей	132
мен	кетемін	135
мен	балама	132
мен	ойладым	134
мен	баламды	102
мен	болницаға	124
мен	сөйлескен	132
мен	шатасып	125
мен	бәрінен	122
мен	шынымды	132
мен	көрмедім	120
мен	бармын	119
мен	аю	82
мен	сөлесіп	134
мен	ерігіп	116
мен	сабақта	122
мен	сабақтан	127
мен	жоқта	133
мен	кедергі	96
мен	барынша	130
мен	дәрігер	133
мен	ашам	86
мен	мамама	123
мен	жасадым	132
мен	танымаймын	133
мен	айтқанда	129
мен	дитін	126
мен	қәзір	133
мен	істедім	135
мен	қызыма	132
мен	сенсіз	131
мен	үшеуміз	119
мен	сөйлестім	127
мен	төлей	123
мен	астанадан	134
мен	қызымды	133
мен	сөйлескім	125
мен	таразда	131
мен	шымға	125
мен	жасты	130
мен	қалаған	132
мен	отпускаға	134
мен	байқамай	123
мен	білген	131
мен	бишара	130
мен	ойлағам	130
мен	танитын	111
мен	сіздердің	114
мен	төлеймін	131
мен	шешем	124
мен	лагерге	130
мен	олармен	126
мен	айтпадым	112
мен	ешкімнің	124
мен	бүгіннен	126
мен	жолдамын	135
мен	бойдақ	105
мен	жазғам	132
мен	айттымғо	134
мен	бармадым	133
мен	жатайын	117
мен	емесқо	126
мен	білдім	128
мен	түсімде	133
мен	пападан	132
мен	сөйлестің	131
мен	кіргенде	132
мен	танымайтын	124
мен	бұған	125
мен	екенімді	131
мен	сендерден	128
мен	шымкенттен	129
мен	ондайға	132
мен	шықпайтын	112
мен	кештеу	133
мен	мұнда	125
мен	телефонымды	134
мен	даладан	129
мен	барайынба	134
мен	кірсем	132
мен	ауылдамын	121
мен	шықпаймын	103
мен	жазғанда	110
мен	барамба	111
мен	өзімнен	129
мен	ренжіген	128
мен	бұрында	135
мен	сенікін	134
мен	болницада	123
мен	дайынмын	127
мен	қазақстанда	109
мен	айтқандай	133
мен	тіске	130
мен	қайттым	131
мен	автобуста	124
мен	декретке	134
мен	жазбасам	132
мен	ақтауда	88
мен	өмірімде	134
мен	өзіммен	123
мен	бармасам	133
мен	қызбын	119
мен	ешкімнен	111
мен	ойласам	125
мен	білмейтін	133
мен	барғанша	133
мен	вакцина	100
мен	олардан	129
мен	душтан	130
мен	жанадан	133
мен	болмасам	129
мен	боспын	101
мен	әженің	125
мен	келгелі	134
мен	ұйықтадым	129
мен	сіздерден	119
мен	сұрағанда	135
мен	қақтан	128
мен	кеткеннен	127
мен	болмаймын	132
мен	ренжімеймін	127
мен	қаладамын	123
мен	айтуым	108
мен	ешкімен	132
мен	сондаймын	131
мен	жумыстамын	112
мен	ұйқтаймын	120
мен	жазбадым	108
мен	айтпасам	127
мен	қазақпын	121
мен	ішпеймін	99
мен	ойнаймын	128
мен	әдебиеті	134
мен	естімедім	110
мен	ойнамаймын	131
мен	өзімдікін	121
мен	сенбеймін	120
мен	баралмаймын	135
мен	ұнатқан	115
мен	өлсем	129
мен	кіммін	114
мен	дикий	109
мен	кінәлімін	127
мен	бақыттымын	105
мен	ойлағандай	128
мен	алматыдамын	133
мен	осындамын	124
мен	жаманмын	132
мен	айлан	123
мен	ұлмын	112
мен	баралмайтын	129
мен	астанадамын	134
мен	мырзалар	128
мен	толағай	121
мен	еркекпін	131
мен	сәлемі	135
мен	іздемесем	130
мен	қайдамын	129
мен	қандаймын	130
мен	жатақхана	134
жақ	?	107
жақ	жақсы	23
жақ	деп	41
жақ	бер	39
жақ	тыныш	41
жақ	салқын	43
жақсы	?	42
жақсы	мен	106
жақсы	жақсы	78
жақсы	деп	40
жақсы	!	75
жақсы	қалай	81
жақсы	қалайсың	103
жақсы	сен	121
жақсы	жоқ	99
жақсы	бар	111
жақсы	бол	126
жақсы	болсын	109
жақсы	рахмет	65
жақсы	керек	43
жақсы	ғой	124
жақсы	жан	57
жақсы	жаным	99
жақсы	шүкір	59
жақсы	бір	11
жақсы	енді	93
жақсы	ол	101
жақсы	өзі	114
жақсы	өзің	122
жақсы	да	12
жақсы	неге	115
жақсы	маған	121
жақсы	алып	118
жақсы	болып	122
жақсы	сәлем	49
жақсы	аа	118
жақсы	болды	114
жақсы	екен	53
жақсы	осы	52
жақсы	менде	122
жақсы	ертең	100
жақсы	менің	92
жақсы	деген	128
жақсы	ем	108
жақсы	емес	115
жақсы	істеп	85
жақсы	кім	115
жақсы	мама	118
жақсы	құтты	104
жақсы	қайырлы	122
жақсы	адам	83
жақсы	ой	75
жақсы	саған	119
жақсы	бүгін	129
жақсы	болса	106
жақсы	дұрыс	64
жақсы	алла	120
жақсы	тұр	92
жақсы	ас	99
жақсы	болад	120
жақсы	болады	103
жақсы	айтып	48
жақсы	жұмыс	123
жақсы	көп	87
жақсы	барып	124
жақсы	жар	65
жақсы	жарайды	115
жақсы	ертен	84
жақсы	ау	119
жақсы	аман	130
жақсы	кеше	57
жақсы	ақ	118
жақсы	ақша	124
жақсы	боп	121
жақсы	аха	78
жақсы	қашан	109
жақсы	кешке	127
жақсы	еді	114
жақсы	бала	84
жақсы	бәрі	83
жақсы	күшті	63
жақсы	күн	113
жақсы	қазір	115
жақсы	қыз	94
жақсы	рақмет	74
жақсы	келіп	35
жақсы	келе	124
жақсы	үй	99
жақсы	үйде	127
жақсы	солай	98
жақсы	бара	128
жақсы	біз	107
жақсы	шығып	125
жақсы	жазып	121
жақсы	бірақ	130
жақсы	давай	106
жақсы	аллаға	97
жақсы	кетіп	62
жақсы	үйге	110
жақсы	өзіңіз	126
жақсы	жаман	20
жақсы	тамақ	118
жақсы	апа	121
жақсы	апай	117
жақсы	сіз	94
жақсы	папа	125
жақсы	қыздар	129
жақсы	көр	113
жақсы	көре	112
жақсы	көрем	92
жақсы	жүр	16
жақсы	бақытты	94
жақсы	ештеңе	130
жақсы	бұйырса	120
жақсы	отыр	112
жақсы	сияқты	126
жақсы	тез	91
жақсы	болған	127
жақсы	жасап	36
жақсы	көріп	129
жақсы	қызым	59
жақсы	брат	124
жақсы	иә	105
жақсы	жауап	120
жақсы	жаңалық	130
жақсы	ұйықта	81
жақсы	ұйықтап	86
жақсы	негізі	86
жақсы	айтам	113
жақсы	қарап	128
жақсы	машина	120
жақсы	жер	125
жақсы	жерде	105
жақсы	аға	130
жақсы	әдемі	109
жақсы	дейді	128
жақсы	тыныш	102
жақсы	қайдасың	120
жақсы	ат	126
жақсы	бізде	126
жақсы	дос	113
жақсы	досым	104
жақсы	ойнап	106
жақсы	жол	109
жақсы	керемет	112
жақсы	әңгіме	112
жақсы	өмір	118
жақсы	күтіп	111
жақсы	болмай	116
жақсы	жұмысқа	126
жақсы	сөйлесіп	116
жақсы	жерге	115
жақсы	жатып	118
жақсы	балдар	44
жақсы	бопты	127
жақсы	бауырым	76
жақсы	братан	110
жақсы	болар	111
жақсы	түс	46
жақсы	өздерің	99
жақсы	деді	56
жақсы	өте	112
жақсы	жұмыста	109
жақсы	ботам	109
жақсы	сөз	114
жақсы	дем	91
жақсы	демал	81
жақсы	демалыс	89
жақсы	жаққа	54
жақсы	жігіт	118
жақсы	хабар	88
жақсы	оқы	99
жақсы	оқып	117
жақсы	тәте	107
жақсы	жүріп	117
жақсы	нәрсе	98
жақсы	тате	97
жақсы	демалып	126
жақсы	балам	48
жақсы	өтіп	114
жақсы	сәттілік	91
жақсы	адамдар	117
жақсы	болу	99
жақсы	кішкене	117
жақсы	жүрсің	128
жақсы	болат	104
жақсы	болатын	116
жақсы	жазылып	93
жақсы	зат	127
жақсы	көреміз	126
жақсы	болдым	76
жақсы	әпше	120
жақсы	азамат	118
жақсы	келін	130
жақсы	ойын	109
жақсы	білем	124
жақсы	ағай	119
жақсы	өзін	127
жақсы	емеспа	100
жақсы	анашым	108
жақсы	жетіп	127
жақсы	көрді	65
жақсы	көрдім	126
жақсы	өзіңде	95
жақсы	барлығы	111
жақсы	көңіл	106
жақсы	жолың	103
жақсы	болсаң	113
жақсы	білесің	97
жақсы	өсіп	119
жақсы	көрген	104
жақсы	болсам	73
жақсы	қарсы	124
жақсы	қыдырып	122
жақсы	өздеріңіз	87
жақсы	болыпты	71
жақсы	жандар	70
жақсы	көремін	130
жақсы	болдың	47
жақсы	болыңыз	106
жақсы	әйел	129
жақсы	тапсырып	127
жақсы	болсан	126
жақсы	маман	121
жақсы	біледі	106
жақсы	көресің	116
жақсы	жолдарың	62
жақсы	көру	116
жақсы	болдыма	98
жақсы	өткізіп	114
жақсы	жағын	91
жақсы	жағынан	125
жақсы	аманшылық	96
жақсы	көрдің	101
жақсы	жарайсың	123
жақсы	көрсе	110
жақсы	араласып	92
жақсы	жеттің	107
жақсы	жайлап	115
жақсы	мекен	121
жақсы	жүрміз	120
жақсы	түсінікті	130
жақсы	түсіндім	117
жақсы	көрет	113
жақсы	көретін	98
жақсы	болдығо	61
жақсы	алхамдулиллах	119
жақсы	болайын	122
жақсы	жасайды	119
жақсы	істейді	128
жақсы	көреді	129
жақсы	сөздер	67
жақсы	өтсін	124
жақсы	көрсем	86
жақсы	идея	110
жақсы	аманбыз	122
жақсы	көруге	88
жақсы	отырыс	123
жақсы	білетін	85
жақсы	болғаны	120
жақсы	тілек	130
жақсы	мамандық	129
жақсы	жеттім	127
жақсы	күндер	128
жақсы	көргем	113
жақсы	жүрма	123
жақсы	жүрсіз	113
жақсы	әсер	115
жақсы	болдығой	126
жақсы	көрмей	120
жақсы	көрсең	120
жақсы	жүрсіңба	86
жақсы	күндерің	113
жақсы	үйдеміз	130
жақсы	көрмеген	127
жақсы	қарайды	128
жақсы	болдыңба	123
жақсы	жеттік	123
жақсы	жүрсіңдер	110
жақсы	тұрыңыз	128
жақсы	тойлап	122
жақсы	айтылған	107
жақсы	жеттіңдер	129
жақсы	түстер	118
жақсы	тәрбие	111
жақсы	ақырындап	128
жақсы	тілектер	118
жақсы	ойнайды	125
жақсы	жаңалықтар	129
жақсы	араласатын	107
жақсы	болсаңдар	122
жақсы	болсыншы	123
жақсы	адамсың	125
жақсы	болушы	122
жақсы	қызсың	112
жақсы	көресіз	121
жақсы	тұрыңдар	113
жақсы	көрсен	128
жақсы	нәтиже	103
жақсы	көресін	128
жақсы	ниетпен	108
жақсы	көремғо	120
жақсы	көресіңба	95
жақсы	шүкірміз	99
жақсы	көрмесем	124
жақсы	демалыңыз	109
жақсы	көмектеседі	99
жақсы	ниетте	123
жақсы	көрмейді	130
жақсы	көргеннен	112
жақсы	демалдың	120
жақсы	көрмейсің	116
жақсы	көрмейтін	109
жақсы	жүрсізба	120
жақсы	адамдарым	123
жақсы	қыдырыс	121
жақсы	көрмеймін	108
жақсы	күндерде	110
жақсы	көретінімді	110
жақсы	көргенім	98
жақсы	демалыңдар	115
жақсы	ұйықтаңыз	108
жақсы	талпын	124
жақсы	көрмесең	104
жақсы	көремғой	118
жақсы	күндерге	107
жақсы	көрема	124
жақсы	күндеріміз	118
жақсы	көргенің	129
жақсы	көргесін	126
жақсы	көретініңді	129
жақсы	көретің	117
жақсы	көретінін	123
жақсы	демалыңыздар	121
жақсы	жаңалықпен	119
жақсы	демалдыңба	126
де	?	129
де	мен	63
де	жақсы	57
де	де	46
де	деп	61
де	!	70
де	қалай	79
де	сен	70
де	жоқ	66
де	бар	43
де	рахмет	34
де	керек	66
де	ғой	63
де	жаным	82
де	шүкір	78
де	бір	88
де	енді	45
де	ол	75
де	өзі	77
де	өзің	92
де	да	89
де	маған	83
де	алып	73
де	болып	60
де	сәлем	92
де	болды	91
де	осы	76
де	менде	64
де	ерте	87
де	ертең	96
де	мені	86
де	менің	71
де	деген	82
де	емес	96
де	істеп	80
де	кім	89
де	сені	91
де	мама	61
де	құтты	94
де	қайырлы	69
де	адам	72
де	или	79
де	саған	86
де	бүгін	79
де	болса	80
де	дұрыс	64
де	алла	67
де	тұр	81
де	болад	90
де	болады	92
де	айт	59
де	айтып	90
де	жұмыс	68
де	көп	66
де	барып	66
де	аман	72
де	кеш	63
де	кеше	77
де	ақша	88
де	кешке	61
де	қанша	95
де	бала	96
де	бәрі	85
де	барма	68
де	күшті	93
де	күн	83
де	туған	81
де	екі	83
де	қазір	80
де	қыз	92
де	рақмет	96
де	кетті	89
де	кел	96
де	келіп	86
де	келе	77
де	басқа	72
де	үйде	81
де	солай	79
де	бара	39
де	шығып	76
де	жазып	71
де	бірақ	80
де	сенің	91
де	қатты	91
де	кетіп	75
де	ала	85
де	салып	71
де	үйге	93
де	ішіп	90
де	жаман	95
де	барам	79
де	тамақ	68
де	кеп	95
де	сіз	92
де	сұрап	95
де	жаңа	87
де	бақытты	71
де	ештеңе	94
де	ауырып	92
де	айта	81
де	болған	85
де	көріп	83
де	ұйықтап	91
де	қарап	82
де	бірге	93
де	сондай	91
де	әдемі	53
де	ешкім	82
де	білмеймін	92
де	осылай	94
де	келді	72
де	тыныш	92
де	ойнап	89
де	жол	94
де	келеді	90
де	үлкен	82
де	дым	92
де	бос	87
де	керемет	94
де	болмай	96
де	осындай	76
де	жұмысқа	73
де	аз	93
де	кіріп	89
де	уақыт	92
де	барамыз	88
де	ойлап	87
де	өте	89
де	ұмытып	96
де	жұмыста	92
де	кетем	96
де	сізді	96
де	шаршап	92
де	ең	94
де	болмайды	87
де	дайын	89
де	айттым	89
де	сабақ	88
де	мүмкін	94
де	келем	87
де	құттықтаймын	86
де	баратын	90
де	сәттілік	94
де	қиын	84
де	ыстық	96
де	сағындым	76
де	болатын	94
де	басым	94
де	ұят	92
де	қосып	92
де	артық	93
де	біраз	96
де	дәл	92
де	барамын	86
де	көңіл	96
де	шығамыз	95
де	оңай	81
де	тұрдым	89
де	барғым	93
де	жұғысты	91
де	басталады	59
де	сәнді	86
де	өшеді	85
деп	?	89
деп	мен	72
деп	жақсы	57
деп	деп	98
деп	!	85
деп	қалай	103
деп	сен	103
деп	жоқ	77
деп	бар	85
деп	рахмет	110
деп	керек	124
деп	жан	120
деп	жаны	115
деп	жаным	127
деп	шүкір	108
деп	бір	103
деп	ен	71
деп	енді	113
деп	ол	83
деп	өзі	77
деп	өзің	95
деп	неге	77
деп	маған	81
деп	ал	77
деп	алып	103
деп	жат	66
деп	жатыр	125
деп	аа	19
деп	болды	127
деп	ек	121
деп	осы	126
деп	менде	98
деп	ерте	93
деп	ертең	114
деп	мені	102
деп	менің	84
деп	ем	101
деп	емес	63
деп	істеп	105
деп	кім	115
деп	сені	78
деп	как	95
деп	мама	127
деп	адам	98
деп	или	110
деп	ой	101
деп	саған	109
деп	бүгін	85
деп	жатсың	104
деп	дұрыс	74
деп	алла	121
деп	тұр	121
деп	ай	40
деп	айт	124
деп	айтып	69
деп	жұмыс	45
деп	көп	118
деп	барып	96
деп	жарайды	104
деп	ертен	127
деп	аман	108
деп	кеше	128
деп	ақша	91
деп	қашан	97
деп	кешке	115
деп	еді	114
деп	қанша	48
деп	бала	107
деп	бәрі	122
деп	күшті	105
деп	күн	128
деп	екі	128
деп	қазір	98
деп	ана	121
деп	қыз	106
деп	үш	127
деп	кетті	126
деп	келіп	86
деп	келе	97
деп	бас	96
деп	басқа	118
деп	үйде	104
деп	солай	122
деп	бара	108
деп	біз	106
деп	жатырм	114
деп	жатырмын	75
деп	шығып	44
деп	жаз	76
деп	жазып	84
деп	бірақ	48
деп	сенің	99
деп	қатты	113
деп	қой	104
деп	кетіп	102
деп	ала	77
деп	салып	115
деп	үйге	100
деп	өзіңіз	111
деп	ішіп	105
деп	жаман	120
деп	барам	100
деп	тамақ	118
деп	ап	124
деп	бұл	106
деп	сенде	126
деп	таң	117
деп	едім	117
деп	кеп	27
деп	сіз	107
деп	папа	115
деп	жүр	117
деп	алмай	62
деп	анау	121
деп	сұрап	109
деп	жаңа	61
деп	еш	116
деп	ештеңе	123
деп	бұйырса	110
деп	ауырып	127
деп	отыр	122
деп	отырмын	39
деп	тез	55
деп	айта	124
деп	беріп	50
деп	жасап	110
деп	көріп	124
деп	мал	127
деп	неше	121
деп	жауап	108
деп	су	77
деп	видео	126
деп	ұйықтап	121
деп	айтам	110
деп	телефон	71
деп	қарап	118
деп	қалды	99
деп	жатқан	102
деп	сондай	53
деп	еще	127
деп	до	118
деп	жай	127
деп	ешкім	117
деп	соған	106
деп	осылай	94
деп	келді	124
деп	келген	98
деп	ат	107
деп	ата	118
деп	кеткен	125
деп	жүре	100
деп	ойнап	83
деп	жүрген	111
деп	заказ	67
деп	келеді	119
деп	бәрін	127
деп	дым	101
деп	әңгіме	119
деп	жеп	108
деп	оған	115
деп	өмір	111
деп	күтіп	120
деп	вообще	81
деп	алп	118
деп	болмай	92
деп	болмаса	126
деп	мың	124
деп	жұмысқа	128
деп	азанда	126
деп	бірінші	121
деп	бізді	124
деп	олай	125
деп	кіріп	124
деп	өтініш	107
деп	жана	115
деп	сөйле	127
деп	сөйлесіп	119
деп	алдын	117
деп	алдында	119
деп	олар	122
деп	қайта	118
деп	тастап	98
деп	түнде	99
деп	жатып	124
деп	али	104
деп	келдім	123
деп	ашып	121
деп	тілеймін	121
деп	уақыт	97
деп	содан	128
деп	менен	103
деп	күнде	110
деп	алдым	109
деп	ещё	123
деп	кеттім	122
деп	өздері	123
деп	ойлап	126
деп	ұмытып	35
деп	звандап	76
деп	өтірік	96
деп	кете	91
деп	оның	110
деп	сізді	128
деп	тұрған	127
деп	айтты	70
деп	шаршап	56
деп	ең	109
деп	сөз	100
деп	осыны	108
деп	алған	106
деп	айттым	118
деп	берген	71
деп	біреу	108
деп	хабар	118
деп	оқып	120
деп	жаза	102
деп	брак	79
деп	бізге	124
деп	шығарып	126
деп	бастап	106
деп	жүріп	110
деп	жылап	83
деп	жібере	77
деп	қол	126
деп	әр	113
деп	демалып	123
деп	айтшы	127
деп	қойып	92
деп	жіберіп	91
деп	кішкене	101
деп	жүрсің	128
деп	жазам	101
деп	айтқан	91
деп	айтса	69
деп	айтсай	106
деп	ет	106
деп	қоя	111
деп	жатсыз	91
деп	іздеп	102
деп	бағана	102
деп	ренжіп	126
деп	бірдеңе	92
деп	айтпа	125
деп	жазылып	91
деп	олда	90
деп	екеуі	115
деп	қалып	126
деп	ұстап	114
деп	жатырсың	124
деп	қойды	97
деп	қойдым	121
деп	быр	102
деп	қайтып	125
деп	басым	118
деп	жүрмін	120
деп	өткенде	82
деп	келп	124
деп	жауып	125
деп	ешкімге	127
деп	ары	119
деп	өшіріп	126
деп	қосып	108
деп	артық	128
деп	берді	127
деп	жынды	118
деп	өзін	128
деп	біраз	122
деп	басып	115
деп	жатсын	125
деп	өзіңе	88
деп	шақырып	127
деп	жібердім	102
деп	жатырмыз	118
деп	шығасың	77
деп	барған	124
деп	журген	124
деп	тұра	89
деп	ми	126
деп	айтайын	124
деп	соның	70
деп	отырған	128
деп	адамды	79
деп	ренжіме	128
деп	айтады	115
деп	сонша	80
деп	едің	124
деп	өзіме	59
деп	барсам	111
деп	отыра	125
деп	кеттің	92
деп	келмей	113
деп	ато	126
деп	жатса	127
деп	өзіне	96
деп	оз	126
деп	жата	127
деп	ойланып	113
деп	мамаға	76
деп	тұрады	127
деп	бәріне	105
деп	өліп	126
деп	тұрмын	99
деп	басында	76
деп	айтсам	128
деп	қойған	96
деп	бермей	109
деп	шықпай	126
деп	шығатын	126
деп	жазған	125
деп	жазбай	88
деп	едік	115
деп	қуып	75
деп	күліп	87
деп	айтпай	107
деп	бармай	100
деп	сұрақ	116
деп	жіберген	121
деп	қорқып	121
деп	айтатын	86
деп	алдап	86
деп	жатырма	92
деп	жазды	99
деп	жаздым	94
деп	қашып	93
деп	естіп	119
деп	айту	92
деп	тырысып	87
деп	артынан	118
деп	қуанып	125
деп	айтамын	93
деп	өзімді	102
деп	қана	108
деп	айтасың	111
деп	отырсың	103
деп	дайындалып	97
деп	сұрай	105
деп	жыным	108
деп	тұрды	127
деп	шешіп	122
деп	сөйлеп	125
деп	ұрып	98
деп	звондап	123
деп	жазу	120
деп	бәле	101
деп	сұрайын	119
деп	әрең	87
деп	уайымдап	117
деп	соғып	93
деп	жатқанда	121
деп	жатсам	96
деп	бекер	96
деп	айтпайм	99
деп	жазшы	115
деп	сақтап	105
деп	түседі	93
деп	лақтырып	126
деп	жүретін	121
деп	ұрысып	113
деп	дұға	110
деп	көрсетіп	118
деп	тұрсың	123
деп	мәз	80
деп	жүреді	105
деп	жүрем	125
деп	сеніп	123
деп	түсініп	122
деп	жүрміз	122
деп	жатсыңдар	104
деп	әдейі	108
деп	айттың	119
деп	талай	100
деп	жүргенде	125
деп	отыратын	97
деп	миым	116
деп	айтым	126
деп	жазса	102
деп	жазсам	122
деп	үндемей	107
деп	зорға	126
деп	айтсаң	123
деп	өзінше	113
деп	сұраған	117
деп	шошып	104
деп	ақыл	109
деп	тұрғанда	126
деп	тұрса	117
деп	едіңіз	115
деп	айтуға	74
деп	айтың	91
деп	айтыңыз	127
деп	ниет	115
деп	есептеп	123
деп	атып	124
деп	қорқам	126
деп	жатырсыз	106
деп	жүгіріп	116
деп	боқтап	115
деп	сұрады	119
деп	сұрадым	105
деп	отырады	111
деп	ашуланып	116
деп	жатсыңба	122
деп	қанды	106
деп	жатырсыңдар	111
деп	жатқам	122
деп	жаздың	96
деп	айтсан	114
деп	қайтарып	120
деп	сұраса	126
деп	сұрасам	122
деп	жазатын	120
деп	жазайын	124
деп	уәде	98
деп	айтпады	95
деп	сұранып	118
деп	айтқам	127
деп	қойсай	108
деп	қойыпты	98
деп	жүрме	118
деп	ойлай	111
деп	ойлайсың	107
деп	ойлаймын	75
деп	жүрсем	63
деп	айтасын	90
деп	коркып	116
деп	жазыңыз	110
деп	шелек	125
деп	жазуға	127
деп	атқан	119
деп	едіғо	104
деп	миды	115
деп	ойлады	106
деп	ойладым	113
деп	айтамыз	72
деп	жүрдім	115
деп	жатсындар	123
деп	жібермей	123
деп	жатады	127
деп	естідім	128
деп	жүргем	93
деп	сұрау	107
деп	жынданып	126
деп	жазсай	117
деп	айтар	127
деп	жатсыздар	113
деп	айтқанда	126
деп	звандаған	126
деп	есімнен	128
деп	жатырсын	119
деп	айтқым	122
деп	ойлаған	115
деп	асығып	84
деп	жатқаным	124
деп	отырма	94
деп	ескертіп	115
деп	айқайлап	122
деп	жазамын	103
деп	келісіп	126
деп	журіп	120
деп	тілеп	125
деп	миымды	100
деп	қоямын	116
деп	звандады	113
деп	ойлағам	124
деп	жатсынба	75
деп	өкініп	114
деп	айтыпты	125
деп	айтыңызшы	101
деп	айтпайсың	125
деп	сөйлей	117
деп	айттын	125
деп	қоймайды	118
деп	айтпаймын	109
деп	сұрайды	122
деп	жургенде	116
деп	жазылған	120
деп	айтпадым	119
деп	айтпайды	116
деп	жазғам	117
деп	едіғой	106
деп	айттымғо	123
деп	айтпадың	128
деп	ойлама	122
деп	жазыпты	97
деп	жүрғо	99
деп	қоясың	124
деп	естіген	109
деп	отырсыз	123
деп	жатырғо	119
деп	жаздын	116
деп	айтама	127
деп	мақтап	101
деп	жазасың	116
деп	жалынып	125
деп	койсай	118
деп	айтпаған	113
деп	айттып	128
деп	жүрмесін	124
деп	жатырған	117
деп	айтсын	123
деп	жатырго	123
деп	жатырғой	120
деп	ойлайды	119
деп	едін	96
деп	ойласам	106
деп	қоямыз	94
деп	тұрсыз	128
деп	жазсаң	110
деп	ойлайтын	117
деп	айттыма	101
деп	отырсам	125
деп	тұрмыз	120
деп	едіңғо	114
деп	армандап	106
деп	жылайды	111
деп	жазсан	123
деп	жатсызба	122
деп	сұрағанда	125
деп	едімғо	126
деп	айтын	111
деп	сыйлап	128
деп	қақсап	126
деп	айтпайтын	122
деп	айттыңыз	128
деп	ойлайсын	126
деп	қорқытып	93
деп	жатсыңдарма	125
деп	оттап	128
деп	жазылады	122
деп	атсам	119
деп	едімғой	125
деп	мақтанып	121
деп	сызылып	121
деп	ойламадым	128
деп	айтушы	91
деп	едіңғой	118
деп	естігем	115
деп	қоймады	110
деп	отырғам	124
деп	ойладың	123
деп	шештім	105
деп	ойлайсыз	97
деп	қойады	105
деп	едімго	127
деп	қоймаған	126
деп	ойламаппын	125
деп	үміттеніп	104
деп	аталады	120
деп	жоспарлап	109
деп	ойламайсың	125
деп	ойламаймын	111
деп	ойлайсыңба	120
деп	есептей	104
деп	едіңізғой	128
деп	ойлағанмын	127
деп	атайды	117
деп	ойлаппын	120
деп	ойлайсыңдар	119
деп	аталатын	127
деп	үміттенемін	127
қала	?	124
қала	деп	15
қала	да	46
қала	бер	47
қала	берсін	45
қала	жақта	26
қала	дан	41
қала	жаққа	42
қала	беред	23
қала	береді	41
қала	ішінде	20
қала	берет	44
қала	беретін	51
қала	бересің	40
қала	жаздадым	45
қалай	?	39
қалай	мен	9
қалай	жақсы	75
қалай	деп	23
қалай	!	73
қалай	қалай	68
қалай	сен	64
қалай	жоқ	96
қалай	бар	97
қалай	рахмет	75
қалай	жан	95
қалай	жаным	107
қалай	бір	68
қалай	енді	101
қалай	ол	88
қалай	өзі	71
қалай	өзің	87
қалай	неге	77
қалай	маған	105
қалай	алып	100
қалай	болып	81
қалай	сәлем	38
қалай	болды	100
қалай	екен	41
қалай	осы	39
қалай	ертең	107
қалай	мені	108
қалай	менің	107
қалай	істеп	103
қалай	мама	99
қалай	құтты	100
қалай	қайырлы	105
қалай	адам	108
қалай	саған	107
қалай	бүгін	106
қалай	болса	100
қалай	дұрыс	82
қалай	болад	94
қалай	болады	74
қалай	айтып	36
қалай	жұмыс	103
қалай	барып	71
қалай	аман	68
қалай	ақша	64
қалай	боп	80
қалай	қашан	72
қалай	еді	107
қалай	бала	82
қалай	бәрі	84
қалай	күшті	79
қалай	күн	88
қалай	туған	102
қалай	кетті	100
қалай	келе	57
қалай	үй	96
қалай	бара	85
қалай	біз	96
қалай	шығып	106
қалай	жазып	99
қалай	қайда	89
қалай	сенің	105
қалай	кетіп	96
қалай	барам	90
қалай	апай	79
қалай	қыздар	94
қалай	жүр	78
қалай	ауырып	95
қалай	тез	96
қалай	көріп	79
қалай	ғана	106
қалай	брат	97
қалай	жауап	99
қалай	ұйықтап	91
қалай	айтам	81
қалай	қарап	81
қалай	аға	106
қалай	әдемі	102
қалай	тауып	103
қалай	тыныш	94
қалай	бізде	103
қалай	дос	103
қалай	досым	106
қалай	заказ	94
қалай	келеді	73
қалай	болама	106
қалай	өмір	104
қалай	алам	84
қалай	кіріп	87
қалай	сөйлесіп	98
қалай	тастап	102
қалай	балдар	100
қалай	барамыз	104
қалай	жағдай	103
қалай	бауырым	15
қалай	братан	96
қалай	болар	105
қалай	дем	60
қалай	демалыс	91
қалай	қалың	98
қалай	қалыңыз	108
қалай	шығарып	106
қалай	тәте	107
қалай	жүріп	84
қалай	береді	80
қалай	демалып	108
қалай	балам	49
қалай	өтіп	100
қалай	денсаулық	44
қалай	біліп	76
қалай	жүрсің	103
қалай	болат	101
қалай	жазам	92
қалай	жалпы	100
қалай	жақсыма	95
қалай	жіберем	37
қалай	амансыңба	99
қалай	екенін	91
қалай	болсада	91
қалай	балалар	96
қалай	барады	99
қалай	былай	104
қалай	қалдарың	81
қалай	аласың	91
қалай	амансыңдар	108
қалай	амансыңдарма	83
қалай	алады	92
қалай	қалдарыңыз	91
қалай	аламыз	102
қалай	алсам	82
қалай	өсіп	85
қалай	айтсам	62
қалай	барасың	89
қалай	аламын	108
қалай	қарсы	97
қалай	қыдырып	100
қалай	жасау	90
қалай	алуға	106
қалай	болдың	73
қалай	ғашық	75
қалай	түседі	105
қалай	жағдайы	108
қалай	жағдайың	99
қалай	жүреді	65
қалай	жүрем	106
қалай	жеттің	101
қалай	кірем	84
қалай	жасайды	107
қалай	істейді	82
қалай	істедің	92
қалай	жағдайыңыз	104
қалай	көруге	66
қалай	шыдап	105
қалай	денсаулығыңыз	81
қалай	ойлайсың	95
қалай	жасаймыз	57
қалай	әсер	108
қалай	болғанын	108
қалай	ыңғайлы	106
қалай	қарайды	86
қалай	алсақ	106
қалай	тәуір	101
қалай	қарайсың	107
қалай	жағдайларың	52
қалай	жеттіңдер	83
қалай	кіреді	84
қалай	төлеймін	102
қалай	болатынын	101
қалай	болдыңыз	99
қалай	ойнайды	96
қалай	табуға	102
қалай	жағдайларыңыз	105
қалай	ашады	96
қалай	білеміз	100
қалай	білуге	105
қалай	ойлайсын	93
қалай	ұйықтадың	103
қалай	түсінуге	81
қалай	қарайсыз	95
қалай	демалдың	76
қалай	ойлайсыз	84
қалай	өтуде	87
қалай	аталады	80
қалай	кетіруге	92
қалай	қарайсыңдар	104
қалай	қарайсыздар	98
қалай	демалдыңыз	100
қалайсың	?	107
қалайсың	мен	11
қалайсың	жақсы	72
қалайсың	деп	62
қалайсың	!	79
қалайсың	қалай	82
қалайсың	қалайсың	84
қалайсың	сен	64
қалайсың	жоқ	97
қалайсың	рахмет	100
қалайсың	жан	80
қалайсың	жаным	90
қалайсың	шүкір	19
қалайсың	бір	89
қалайсың	енді	117
қалайсың	өзің	109
қалайсың	да	79
қалайсың	неге	105
қалайсың	маған	98
қалайсың	сәлем	94
қалайсың	осы	103
қалайсың	менде	106
қалайсың	ертең	110
қалайсың	мені	92
қалайсың	менің	118
қалайсың	кім	104
қалайсың	как	114
қалайсың	мама	118
қалайсың	құтты	113
қалайсың	қайырлы	85
қалайсың	бүгін	76
қалайсың	болса	88
қалайсың	жұмыс	111
қалайсың	ертен	91
қалайсың	аман	114
қалайсың	кеш	87
қалайсың	кеше	111
қалайсың	ақ	102
қалайсың	ақша	114
қалайсың	қашан	107
қалайсың	кешке	108
қалайсың	қанша	109
қалайсың	бала	107
қалайсың	бәрі	96
қалайсың	күшті	109
қалайсың	туған	117
қалайсың	қыз	86
қалайсың	рақмет	74
қалайсың	үй	95
қалайсың	үйде	97
қалайсың	біз	113
қалайсың	қайда	112
қалайсың	сенде	102
қалайсың	қыздар	113
қалайсың	мынау	115
қалайсың	жаңа	118
қалайсың	әумин	109
қалайсың	дар	113
қалайсың	қызым	16
қалайсың	брат	81
қалайсың	аға	58
қалайсың	қайдасың	118
қалайсың	дос	88
қалайсың	жүрегім	102
қалайсың	досым	110
қалайсың	туылған	43
қалайсың	жұмысқа	97
қалайсың	ауылға	112
қалайсың	балдар	116
қалайсың	жағдай	94
қалайсың	бауырым	95
қалайсың	братан	26
қалайсың	ботам	49
қалайсың	демалыс	78
қалайсың	қалың	118
қалайсың	балам	111
қалайсың	денсаулық	75
қалайсың	арай	69
қалайсың	жалпы	118
қалайсың	амансың	100
қалайсың	амансыңба	105
қалайсың	жүрек	42
қалайсың	көрші	113
қалайсың	амансыңдар	115
қалайсың	амансыңдарма	111
қалайсың	тамыр	96
қалайсың	бөле	79
қалайсың	сұлу	99
қалайсың	мөлдір	83
қалайсың	айгерім	116
қалайсың	красавица	113
қалайсың	нағашы	103
қалайсың	братишка	103
қалайсың	танысуға	98
қалайсың	жиен	88
қалайсың	жағдайың	109
қалайсың	құрдас	67
қалайсың	денсаулығың	90
қалайсың	досты	110
қалайсың	қарындасым	105
қалайсың	танысайық	109
қалайсың	жақсысың	112
қалайсың	құдаша	105
қалайсың	сұлуым	112
қалайсың	сақтай	107
қалайсың	жақсысыңба	109
қалайсың	арын	110
сен	?	61
сен	мен	46
сен	жақ	41
сен	жақсы	114
сен	де	59
сен	деп	42
сен	!	59
сен	қалай	105
сен	қалайсың	66
сен	сен	95
сен	жоқ	61
сен	бар	71
сен	бол	70
сен	керек	115
сен	ғой	85
сен	жан	64
сен	жаным	107
сен	бір	95
сен	ен	63
сен	енді	109
сен	ол	69
сен	өзі	66
сен	өзің	81
сен	да	47
сен	неге	94
сен	маған	39
сен	ал	26
сен	алып	102
сен	болып	72
сен	сәл	102
сен	болды	117
сен	екен	114
сен	осы	107
сен	менде	58
сен	ерте	92
сен	ертең	92
сен	мені	76
сен	менің	28
сен	деген	38
сен	емес	84
сен	істеп	58
сен	кім	98
сен	сені	80
сен	как	113
сен	мама	107
сен	адам	112
сен	или	87
сен	саған	101
сен	бүгін	111
сен	болса	74
сен	дұрыс	116
сен	айт	88
сен	айтып	72
сен	жұмыс	73
сен	көп	85
сен	барып	84
сен	ертен	83
сен	ау	83
сен	аман	113
сен	кеш	56
сен	кеше	106
сен	ақ	73
сен	ақша	86
сен	боп	90
сен	қашан	114
сен	кешке	48
сен	қанша	94
сен	бала	81
сен	бәрі	83
сен	күшті	112
сен	туған	96
сен	екі	105
сен	қаз	95
сен	қазір	117
сен	ана	87
сен	қыз	74
сен	үшін	67
сен	кет	31
сен	кел	111
сен	келіп	83
сен	келе	89
сен	қандай	79
сен	басқа	74
сен	үй	74
сен	үйде	107
сен	солай	88
сен	бара	73
сен	біз	92
сен	шығып	106
сен	жаз	90
сен	жазып	102
сен	қайда	80
сен	бірақ	63
сен	бер	100
сен	қатты	105
сен	қой	89
сен	кетіп	114
сен	ала	83
сен	салып	96
сен	үйге	112
сен	ішіп	91
сен	жаман	101
сен	барам	86
сен	тамақ	110
сен	ап	97
сен	бұл	113
сен	кеп	99
сен	сіз	105
сен	анау	107
сен	сұрап	91
сен	он	92
сен	жаңа	115
сен	бақытты	101
сен	еш	96
сен	ештеңе	114
сен	ауырып	97
сен	сияқты	103
сен	тез	38
сен	айта	96
сен	дей	89
сен	болған	106
сен	беріп	117
сен	жас	113
сен	жасап	117
сен	көріп	106
сен	ғана	109
сен	мал	64
сен	неше	97
сен	жауап	86
сен	видео	83
сен	ұйықтап	109
сен	негізі	86
сен	телефон	83
сен	қара	104
сен	қарап	116
сен	машина	106
сен	сондай	109
сен	әдемі	83
сен	еще	99
сен	тауып	111
сен	до	99
сен	жай	117
сен	соған	103
сен	осылай	95
сен	келген	92
сен	жібер	87
сен	жіберші	87
сен	тыныш	81
сен	қайдасың	101
сен	кеткен	43
сен	дос	102
сен	жүре	111
сен	ойнап	115
сен	жүрген	102
сен	заказ	115
сен	келеді	108
сен	үлкен	110
сен	бәрін	112
сен	дым	93
сен	бос	102
сен	керемет	96
сен	әңгіме	101
сен	жеп	117
сен	оған	117
сен	күтіп	70
сен	вообще	109
сен	алп	78
сен	осындай	104
сен	жұмысқа	106
сен	азанда	93
сен	бірінші	113
сен	бізді	58
сен	біздің	104
сен	олай	91
сен	кір	80
сен	кіріп	117
сен	жана	105
сен	сөйлесіп	104
сен	ауыл	105
сен	ауылға	114
сен	алдын	92
сен	алдында	99
сен	қайта	88
сен	жақта	100
сен	тастап	83
сен	түнде	99
сен	жатып	106
сен	али	114
сен	нешеде	102
сен	аш	74
сен	ашып	114
сен	менен	117
сен	күнде	64
сен	ещё	103
сен	ойлап	117
сен	өте	92
сен	ұмытып	84
сен	жұмыста	116
сен	звандап	97
сен	өтірік	98
сен	кете	100
сен	кетем	113
сен	оның	115
сен	екеуміз	86
сен	айтты	106
сен	шаршап	103
сен	ең	110
сен	сөз	95
сен	ауылда	113
сен	осыны	97
сен	алған	106
сен	дайын	111
сен	берген	108
сен	жаққа	86
сен	жігіт	74
сен	оқып	114
сен	қалаға	112
сен	жаза	100
сен	бізге	97
сен	және	95
сен	баста	103
сен	бастап	99
сен	кішкентай	105
сен	қазақ	110
сен	келем	108
сен	жылап	84
сен	баратын	113
сен	жібере	107
сен	әр	117
сен	даже	116
сен	келесі	99
сен	айтшы	118
сен	келесің	86
сен	қазақша	87
сен	тойға	112
сен	біліп	108
сен	кішкене	112
сен	жүрсің	111
сен	сатып	101
сен	келгенде	110
сен	айтқан	78
сен	айтсай	78
сен	қоя	83
сен	іздеп	116
сен	бағана	117
сен	ренжіп	100
сен	бірдеңе	96
сен	айтпа	109
сен	ертерек	113
сен	далада	109
сен	қалып	110
сен	айфон	116
сен	ұл	115
сен	мықты	114
сен	жалпы	101
сен	кімге	101
сен	жұмыстан	103
сен	быр	102
сен	қайтып	112
сен	өткенде	115
сен	жалғыз	104
сен	всегда	91
сен	атын	100
сен	келп	114
сен	казір	116
сен	жайлы	116
сен	бұрын	88
сен	ешкімге	111
сен	таза	106
сен	кіммен	101
сен	былай	89
сен	жынды	106
сен	мынаны	113
сен	кайдан	111
сен	өзін	89
сен	емеспа	91
сен	далаға	82
сен	өзіңе	112
сен	шығасың	88
сен	барған	100
сен	қалада	109
сен	бәрібір	106
сен	намаз	103
сен	соның	102
сен	адамды	117
сен	ренжіме	115
сен	келетін	102
сен	шық	108
сен	екенсің	113
сен	едің	111
сен	кәзір	112
сен	мектепке	115
сен	жақтан	117
сен	келдің	100
сен	келмей	97
сен	өзіңде	114
сен	дегенде	116
сен	кімнің	105
сен	алматыға	113
сен	менім	104
сен	менімен	101
сен	админ	77
сен	болсаң	117
сен	оз	77
сен	бөлек	105
сен	білесің	110
сен	сұлу	83
сен	жата	96
сен	бәріне	117
сен	нені	117
сен	фота	116
сен	алдың	115
сен	басында	109
сен	көрген	116
сен	барасың	117
сен	қатын	84
сен	екеуің	106
сен	қарсы	114
сен	болғанда	105
сен	жазған	110
сен	жазба	98
сен	жазбай	116
сен	барғо	105
сен	қасымда	113
сен	айтпай	102
сен	боласың	108
сен	еркек	116
сен	қаншада	113
сен	өзіңді	102
сен	жіберген	88
сен	алдап	92
сен	болдың	110
сен	дұрыстап	114
сен	алматыда	116
сен	арқылы	107
сен	дер	112
сен	болсан	95
сен	қыздың	83
сен	кімді	117
сен	астанаға	95
сен	неғып	115
сен	шықтың	104
сен	айтасың	97
сен	шығарсың	110
сен	есіме	115
сен	ғашық	103
сен	адал	113
сен	біреуге	116
сен	нешінші	114
сен	немен	98
сен	қаншаға	103
сен	ешқашан	113
сен	кімсің	112
сен	машинамен	52
сен	калада	116
сен	жазшы	117
сен	астанада	112
сен	кетесің	116
сен	орысша	116
сен	ерекше	115
сен	оларды	116
сен	біреуді	110
сен	басқаша	116
сен	оларға	113
сен	әдейі	111
сен	айттың	114
сен	жоқсың	89
сен	барасын	87
сен	бардың	101
сен	барда	114
сен	келгенше	90
сен	айтсаң	84
сен	сұраған	82
сен	үйіңе	112
сен	тұрғанда	117
сен	жұмыстасың	105
сен	кеткенде	101
сен	үйдесің	110
сен	біреумен	101
сен	секілді	113
сен	емессің	89
сен	келсең	110
сен	кінәлі	89
сен	келгесін	101
сен	білетін	104
сен	жаздың	117
сен	айтсан	107
сен	үнемі	85
сен	келсей	118
сен	менікін	114
сен	жанымда	107
сен	бізбен	113
сен	айтасын	114
сен	кімен	116
сен	барсаң	117
сен	келесіңба	97
сен	бердің	112
сен	келсен	118
сен	барсын	94
сен	барасыңба	98
сен	керексің	107
сен	жоқта	84
сен	кетсең	102
сен	айтқанда	104
сен	кетсен	117
сен	болмасаң	103
сен	айттын	78
сен	бармайсың	101
сен	барасынба	109
сен	лагерге	112
сен	екеніңді	116
сен	қуасың	107
сен	барсан	108
сен	нешесі	101
сен	шықсаң	115
сен	білесіңба	109
сен	нешедесің	116
сен	ауылдасың	114
сен	жазғанда	110
сен	әдемісің	104
сен	айтқандай	104
сен	барсың	99
сен	білмейсің	89
сен	жоқсын	108
сен	жазсаң	113
сен	қызсың	113
сен	дарабоз	105
сен	жазсан	106
сен	ұнайсың	115
сен	айтын	113
сен	сұрама	117
сен	кеткеннен	113
сен	сұрағалы	115
сен	түгілі	68
сен	болмасан	116
сен	айтпасаң	88
сен	қаладасың	105
сен	түсінбейсің	116
сен	айтпасан	110
сен	кеткелі	111
сен	кімсін	108
сен	келмесең	94
сен	бармасаң	117
сен	ауылдасын	107
сен	мықтысың	117
сен	ойлағандай	90
сен	бармасан	95
сен	барсн	113
сен	арайдан	116
сен	кінәлісің	99
жоқ	?	108
жоқ	мен	72
жоқ	жақсы	38
жоқ	де	79
жоқ	деп	96
жоқ	!	27
жоқ	қалай	58
жоқ	сен	95
жоқ	жоқ	56
жоқ	бар	31
жоқ	бол	88
жоқ	болсын	94
жоқ	рахмет	105
жоқ	керек	69
жоқ	ғой	62
жоқ	жан	83
жоқ	жаным	79
жоқ	шүкір	53
жоқ	бір	111
жоқ	енді	70
жоқ	ол	47
жоқ	өзі	44
жоқ	өзің	89
жоқ	да	84
жоқ	неге	111
жоқ	маған	73
жоқ	ал	68
жоқ	алып	101
жоқ	болып	96
жоқ	аа	29
жоқ	болды	112
жоқ	екен	66
жоқ	осы	33
жоқ	менде	79
жоқ	ерте	47
жоқ	ертең	114
жоқ	мені	66
жоқ	менің	94
жоқ	деген	78
жоқ	емес	64
жоқ	кім	88
жоқ	сені	98
жоқ	мама	88
жоқ	адам	83
жоқ	или	75
жоқ	саған	106
жоқ	бүгін	73
жоқ	болса	69
жоқ	дұрыс	40
жоқ	алла	100
жоқ	болад	108
жоқ	болады	113
жоқ	айтып	91
жоқ	жұмыс	113
жоқ	көп	84
жоқ	барып	102
жоқ	ертен	108
жоқ	ау	89
жоқ	аман	70
жоқ	кеше	115
жоқ	ақша	81
жоқ	боп	78
жоқ	қашан	42
жоқ	кешке	113
жоқ	еді	89
жоқ	қанша	59
жоқ	бала	116
жоқ	бәрі	99
жоқ	күшті	72
жоқ	күн	105
жоқ	екі	103
жоқ	қаз	94
жоқ	қазір	106
жоқ	ана	73
жоқ	қыз	96
жоқ	рақмет	99
жоқ	келе	101
жоқ	қандай	108
жоқ	басқа	111
жоқ	үй	73
жоқ	үйде	107
жоқ	солай	65
жоқ	бара	112
жоқ	біз	91
жоқ	кезде	85
жоқ	шығып	67
жоқ	қайда	105
жоқ	бірақ	109
жоқ	сенің	72
жоқ	қатты	90
жоқ	қой	102
жоқ	кетіп	28
жоқ	ала	99
жоқ	үйге	112
жоқ	өзіңіз	94
жоқ	жаман	110
жоқ	тамақ	99
жоқ	апа	99
жоқ	апай	111
жоқ	бұл	100
жоқ	сенде	74
жоқ	едім	88
жоқ	сіз	97
жоқ	папа	93
жоқ	кейін	103
жоқ	қыздар	115
жоқ	мынау	107
жоқ	анау	112
жоқ	сұрап	99
жоқ	жаңа	112
жоқ	еш	99
жоқ	ештеңе	106
жоқ	ауырып	79
жоқ	сияқты	103
жоқ	айта	62
жоқ	дей	103
жоқ	болған	94
жоқ	қызым	77
жоқ	мал	112
жоқ	брат	113
жоқ	су	92
жоқ	ұйықтап	107
жоқ	негізі	103
жоқ	телефон	81
жоқ	машина	106
жоқ	бірге	107
жоқ	жерде	115
жоқ	аға	92
жоқ	әдемі	113
жоқ	жай	104
жоқ	ешкім	88
жоқ	соған	83
жоқ	білмеймін	106
жоқ	келген	108
жоқ	дейді	94
жоқ	такси	65
жоқ	тыныш	111
жоқ	ата	73
жоқ	бізде	116
жоқ	дос	85
жоқ	досым	108
жоқ	ойнап	96
жоқ	үлкен	107
жоқ	бәрін	114
жоқ	дым	108
жоқ	десе	97
жоқ	десем	89
жоқ	бос	85
жоқ	болам	108
жоқ	әңгіме	114
жоқ	оған	109
жоқ	күтіп	82
жоқ	вообще	108
жоқ	болмай	87
жоқ	шай	113
жоқ	жұмысқа	115
жоқ	азанда	107
жоқ	бірінші	109
жоқ	біздің	102
жоқ	олай	108
жоқ	жана	73
жоқ	ауылға	115
жоқ	алдында	109
жоқ	жерге	113
жоқ	олар	102
жоқ	қайта	88
жоқ	түнде	108
жоқ	али	108
жоқ	уақыт	101
жоқ	содан	114
жоқ	менен	115
жоқ	күнде	113
жоқ	бауырым	114
жоқ	братан	110
жоқ	болар	106
жоқ	өздері	113
жоқ	деді	114
жоқ	жұмыста	79
жоқ	өтірік	94
жоқ	оның	104
жоқ	ботам	90
жоқ	шаршап	97
жоқ	демалыс	106
жоқ	ауылда	110
жоқ	алған	93
жоқ	болмайды	114
жоқ	біреу	84
жоқ	жігіт	111
жоқ	қалаға	115
жоқ	бізге	112
жоқ	тәте	112
жоқ	қол	114
жоқ	келесі	113
жоқ	ыстық	108
жоқ	адамдар	113
жоқ	болатын	110
жоқ	сатып	111
жоқ	айтқан	116
жоқ	қоя	115
жоқ	бағана	109
жоқ	далада	109
жоқ	дедім	107
жоқ	жалпы	75
жоқ	қайтып	99
жоқ	жалғыз	115
жоқ	менікі	111
жоқ	екенін	110
жоқ	болсада	85
жоқ	ешкімге	90
жоқ	қылып	114
жоқ	ішім	102
жоқ	былай	114
жоқ	әлде	111
жоқ	жерден	96
жоқ	ағам	95
жоқ	кәз	115
жоқ	жәй	114
жоқ	барған	102
жоқ	конечно	111
жоқ	қалада	114
жоқ	бәрібір	107
жоқ	таппай	116
жоқ	ренжіме	114
жоқ	әрине	97
жоқ	кәзір	109
жоқ	өзіңде	104
жоқ	дегенде	69
жоқ	құрсын	93
жоқ	болсаң	98
жоқ	десең	110
жоқ	өзіміз	99
жоқ	қатын	111
жоқ	болсам	115
жоқ	болғанда	102
жоқ	қасымда	111
жоқ	десен	111
жоқ	болдың	113
жоқ	алмадым	99
жоқ	дегенді	112
жоқ	ешқандай	113
жоқ	дегенге	107
жоқ	боса	111
жоқ	бармаймын	102
жоқ	дедің	94
жоқ	үйдемін	107
жоқ	деш	102
жоқ	дейсің	112
жоқ	келмеді	103
жоқ	қайдағы	89
жоқ	десей	111
жоқ	болғасын	103
жоқ	мүлдем	98
жоқ	деме	112
жоқ	дисің	101
жоқ	екенғо	108
жоқ	нәрсені	109
жоқ	көрмедім	113
жоқ	әзірге	112
жоқ	бармадым	109
жоқ	түспеді	105
жоқ	ренжімеймін	115
жоқ	өлсемде	113
бар	?	110
бар	мен	28
бар	жақсы	62
бар	де	86
бар	деп	101
бар	!	25
бар	қалай	69
бар	сен	111
бар	жоқ	80
бар	бар	94
бар	бол	64
бар	болсын	89
бар	керек	88
бар	ғой	89
бар	жан	28
бар	жаным	100
бар	шүкір	92
бар	бір	88
бар	енді	73
бар	ол	69
бар	өзі	57
бар	өзің	91
бар	да	106
бар	неге	73
бар	маған	92
бар	ал	86
бар	алып	94
бар	болып	91
бар	болды	88
бар	екен	96
бар	осы	18
бар	менде	82
бар	ертең	59
бар	мені	88
бар	менің	105
бар	деген	78
бар	емес	61
бар	кім	66
бар	сені	86
бар	мама	111
бар	адам	106
бар	или	68
бар	саған	96
бар	бүгін	89
бар	болса	103
бар	алла	26
бар	айтып	110
бар	жұмыс	106
бар	көп	98
бар	барып	108
бар	ертен	108
бар	ау	99
бар	кеше	71
бар	ақ	105
бар	ақша	113
бар	боп	94
бар	кешке	101
бар	еді	104
бар	қанша	20
бар	бала	109
бар	бәрі	91
бар	күшті	99
бар	екі	109
бар	қазір	91
бар	ана	93
бар	қыз	100
бар	кет	94
бар	келе	109
бар	басқа	114
бар	үй	90
бар	үйде	110
бар	солай	55
бар	біз	78
бар	кезде	107
бар	бірақ	61
бар	сенің	62
бар	аллаға	95
бар	ала	101
бар	үйге	98
бар	тамақ	110
бар	бұл	112
бар	сенде	96
бар	если	83
бар	қыздар	86
бар	анау	101
бар	жаңа	99
бар	бақытты	114
бар	сияқты	102
бар	тез	67
бар	айта	113
бар	дей	110
бар	болған	113
бар	брат	95
бар	неше	113
бар	су	115
бар	негізі	111
бар	машина	89
бар	сондай	105
бар	жер	102
бар	жерде	105
бар	сағат	83
бар	еще	104
бар	соған	92
бар	дейді	71
бар	такси	69
бар	бізде	106
бар	үлкен	96
бар	бәрін	112
бар	десе	102
бар	десем	95
бар	оған	89
бар	осындай	100
бар	алам	111
бар	біздің	102
бар	жерге	114
бар	олар	93
бар	содан	100
бар	балдар	88
бар	ещё	114
бар	деді	97
бар	оның	83
бар	ауылда	85
бар	біреу	99
бар	жігіт	113
бар	брак	105
бар	және	89
бар	кішкентай	109
бар	нәрсе	114
бар	әр	114
бар	адамдар	114
бар	болу	93
бар	кішкене	93
бар	ет	113
бар	бірде	87
бар	олда	103
бар	жігіттер	103
бар	дедім	113
бар	жалпы	93
бар	зат	109
бар	быр	114
бар	бағасы	112
бар	екені	110
бар	екенін	104
бар	болсада	57
бар	алатын	89
бар	емеспа	110
бар	ішінде	62
бар	соның	96
бар	адамды	89
бар	ақшаны	112
бар	сонша	104
бар	екенсің	106
бар	дегенде	108
бар	қасында	113
бар	әйтеуір	109
бар	болсаң	113
бар	адамға	110
бар	дима	109
бар	десең	112
бар	сонымен	112
бар	болғанда	106
бар	төлеп	115
бар	қасымда	116
бар	жақсылық	85
бар	жақсылықты	96
бар	таныс	29
бар	дегенге	113
бар	біреуі	113
бар	боса	115
бар	өзінің	84
бар	ақшам	114
бар	дедің	109
бар	деш	108
бар	кезінде	114
бар	дейсің	113
бар	десей	111
бар	мекен	109
бар	қасыңда	72
бар	соларды	74
бар	дегендей	99
бар	екенғо	93
бар	ойым	75
бар	болғаны	96
бар	нәрсені	79
бар	емеспе	114
бар	ақшамды	93
бар	вип	106
бар	едіғо	112
бар	екенғой	77
бар	екенің	88
бар	жазамыз	103
бар	едіғой	104
бар	жақсылығын	84
бар	хабарласыңыздар	82
бар	етін	91
бар	едіго	115
бар	жоғы	96
бар	едігой	91
бар	тұғын	108
бар	екеніне	104
бар	жоғын	115
бар	жақсыны	100
бар	жақсыға	99
бар	биологиядан	105
бар	парақша	92
бар	сызықтық	103
бол	?	96
бол	мен	66
бол	жақсы	53
бол	деп	60
бол	!	32
бол	қалайсың	14
бол	сен	75
бол	бар	72
бол	бол	66
бол	рахмет	32
бол	жаным	64
бол	шүкір	18
бол	енді	51
бол	маған	53
бол	деген	61
бол	алла	62
бол	аман	73
бол	бақытты	59
бол	тез	71
бол	досым	37
бол	бауырым	72
бол	ботам	59
бол	балам	74
бол	ауырма	73
бол	айналайын	17
болсы	!	72
болсын	?	3
болсын	мен	85
болсын	жақсы	81
болсын	деп	65
болсын	!	43
болсын	қалайсың	8
болсын	сен	113
болсын	бар	106
болсын	болсын	80
болсын	рахмет	90
болсын	жан	85
болсын	жаны	81
болсын	жаным	73
болсын	бір	18
болсын	енді	93
болсын	маған	82
болсын	ал	101
болсын	алып	106
болсын	сәлем	112
болсын	осы	107
болсын	менде	103
болсын	менің	107
болсын	деген	106
болсын	кім	90
болсын	мама	112
болсын	құтты	108
болсын	қайырлы	85
болсын	саған	113
болсын	алла	78
болсын	ас	59
болсын	айтып	111
болсын	көп	89
болсын	аман	114
болсын	ақ	46
болсын	бала	83
болсын	бәрі	87
болсын	күшті	98
болсын	туған	95
болсын	екі	54
болсын	қыз	88
болсын	басқа	111
болсын	біз	113
болсын	қайда	113
болсын	аллаға	97
болсын	апа	112
болсын	апай	102
болсын	қыздар	88
болсын	жаңа	101
болсын	бақытты	76
болсын	әумин	35
болсын	бұйырса	80
болсын	тез	107
болсын	қызым	110
болсын	брат	105
болсын	жатқан	85
болсын	аға	101
болсын	әдемі	95
болсын	ата	110
болсын	жүрегім	88
болсын	молодец	97
болсын	досым	91
болсын	үлкен	73
болсын	керемет	55
болсын	өмір	99
болсын	осындай	31
болсын	туылған	114
болсын	әмин	69
болсын	жана	106
болсын	балдар	114
болсын	бауы	106
болсын	бауырым	55
болсын	братан	61
болсын	ботам	88
болсын	ұзақ	83
болсын	ең	105
болсын	берген	106
болсын	жігіт	101
болсын	бізге	114
болсын	тәте	95
болсын	тате	104
болсын	әр	110
болсын	балам	104
болсын	алтын	93
болсын	сәттілік	109
болсын	тойға	102
болсын	зор	112
болсын	ден	98
болсын	денсаулық	107
болсын	барлық	86
болсын	жазылып	100
болсын	жігіттер	109
болсын	ұл	106
болсын	әпше	101
болсын	арман	100
болсын	келін	111
болсын	көз	107
болсын	балалар	113
болсын	анашым	109
болсын	жасы	108
болсын	бүгінгі	92
болсын	иманды	114
болсын	женше	102
болсын	алланың	103
болсын	әйтеуір	93
болсын	жасың	113
болсын	сендерге	111
болсын	тамыр	102
болсын	бөле	107
болсын	сұлу	114
болсын	көмек	114
болсын	аллам	88
болсын	оң	93
болсын	алтыным	103
болсын	баршаңызға	107
болсын	жандарым	89
болсын	диплом	85
болсын	дегенім	86
болсын	артынан	112
болсын	дені	106
болсын	сіздерге	62
болсын	жемісін	68
болсын	денің	57
болсын	жүз	61
болсын	әрқашан	107
болсын	ғұмыр	92
болсын	ешқашан	109
болсын	жастар	104
болсын	жиен	79
болсын	өмірде	109
болсын	дұға	110
болсын	жұғысты	114
болсын	құрдас	113
болсын	балапан	111
болсын	балапаным	105
болсын	ауырма	110
болсын	өмірі	93
болсын	иншаллах	112
болсын	алдынан	102
болсын	білім	104
болсын	әрдайым	99
болсын	денсаулығы	97
болсын	денсаулығың	100
болсын	аңсаған	95
болсын	болмасын	97
болсын	немере	112
болсын	өмірдегі	110
болсын	биік	82
болсын	берекелі	109
болсын	иманы	107
болсын	тілеген	105
болсын	жастан	70
болсын	биіктерден	96
болсын	деніңіз	84
болсын	бақыттың	91
болсын	бізгеде	114
болсын	ауырмай	105
болсын	әлемдегі	108
болсын	ғұмырлы	111
болсын	мұсылман	105
болсын	жасына	108
болсын	өсіріп	97
болсын	дипломы	105
болсын	деніңе	104
болсын	жақсылыққа	105
болсын	игілігіңе	114
болсын	жасыңа	89
болсын	бәрімізге	100
болсын	ауырмасын	114
болсын	барыс	99
болсын	ораза	91
болсын	баршамызға	95
болсын	дипломың	102
болсын	балапанның	109
болсын	тәуелсіздік	107
болсын	игілігіне	107
болсын	өмірімен	108
рахмет	?	113
рахмет	мен	91
рахмет	жақсы	86
рахмет	деп	67
рахмет	!	71
рахмет	сен	18
рахмет	жоқ	98
рахмет	рахмет	112
рахмет	керек	29
рахмет	жан	83
рахмет	жаным	81
рахмет	шүкір	16
рахмет	бір	88
рахмет	енді	112
рахмет	өзің	100
рахмет	маған	70
рахмет	болды	108
рахмет	осы	112
рахмет	менде	100
рахмет	ертең	107
рахмет	мені	108
рахмет	менің	104
рахмет	мама	111
рахмет	қайырлы	83
рахмет	саған	103
рахмет	алла	55
рахмет	ас	54
рахмет	айт	107
рахмет	айтып	101
рахмет	көп	82
рахмет	жарайды	20
рахмет	аман	112
рахмет	кеше	93
рахмет	ақ	113
рахмет	бәрі	110
рахмет	күшті	93
рахмет	бірақ	102
рахмет	аллаға	109
рахмет	өзіңіз	105
рахмет	за	82
рахмет	апа	80
рахмет	апай	84
рахмет	сенде	65
рахмет	папа	90
рахмет	қыздар	101
рахмет	бақытты	81
рахмет	әумин	112
рахмет	бұйырса	60
рахмет	қызым	114
рахмет	брат	112
рахмет	бірге	69
рахмет	аға	74
рахмет	жүрегім	79
рахмет	досым	94
рахмет	үлкен	64
рахмет	керемет	54
рахмет	осындай	112
рахмет	әмин	114
рахмет	алдым	83
рахмет	бауырым	108
рахмет	братан	62
рахмет	өздерің	78
рахмет	ботам	110
рахмет	тәте	79
рахмет	тате	80
рахмет	балам	89
рахмет	жігіттер	105
рахмет	әпше	95
рахмет	аумин	77
рахмет	ағай	79
рахмет	түсті	99
рахмет	анашым	83
рахмет	барлығы	90
рахмет	женше	110
рахмет	сендерге	87
рахмет	тамыр	94
рахмет	жезде	102
рахмет	көке	109
рахмет	айтқаның	109
рахмет	алтыным	80
рахмет	баршаңызға	105
рахмет	жандарым	90
рахмет	сағанда	88
рахмет	әпке	63
рахмет	нағашы	101
рахмет	амин	111
рахмет	сіздерге	110
рахмет	жұғысты	85
рахмет	құрдас	102
рахмет	айналайын	110
рахмет	айтқаныңыз	105
рахмет	жеңеше	87
рахмет	бәріңе	108
рахмет	сізгеде	101
рахмет	барлықтарыңызға	82
рахмет	ниетіңе	87
рахмет	өзіңеде	104
керек	?	97
керек	мен	40
керек	жақсы	70
керек	де	108
керек	деп	113
керек	!	31
керек	қалай	64
керек	сен	110
керек	жоқ	85
керек	бар	63
керек	керек	106
керек	ғой	89
керек	жан	79
керек	жаным	107
керек	бір	98
керек	енді	79
керек	ол	66
керек	өзі	64
керек	да	110
керек	неге	101
керек	маған	109
керек	ал	59
керек	алып	99
керек	болып	109
керек	болды	16
керек	екен	51
керек	осы	31
керек	менде	88
керек	ертең	97
керек	мені	83
керек	менің	113
керек	деген	103
керек	емес	64
керек	кім	13
керек	сені	106
керек	мама	105
керек	адам	105
керек	или	76
керек	саған	93
керек	бүгін	71
керек	болса	95
керек	дұрыс	28
керек	алла	111
керек	болад	104
керек	болады	87
керек	айтып	64
керек	жұмыс	109
керек	көп	104
керек	барып	113
керек	ертен	113
керек	ау	93
керек	кеше	75
керек	ақша	111
керек	боп	87
керек	кешке	25
керек	еді	106
керек	қанша	15
керек	бала	106
керек	бәрі	111
керек	екі	107
керек	қазір	98
керек	ана	106
керек	қыз	108
керек	басқа	107
керек	кезде	103
керек	жазып	49
керек	бірақ	104
керек	сенің	93
керек	қой	107
керек	үйге	36
керек	бұл	111
керек	едім	103
керек	если	97
керек	мынау	113
керек	анау	112
керек	бұйырса	104
керек	сияқты	95
керек	тез	69
керек	болған	111
керек	негізі	72
керек	еще	75
керек	соған	109
керек	дейді	94
керек	бәрін	66
керек	десе	107
керек	десем	97
керек	болама	111
керек	оған	110
керек	болмай	90
керек	болмаса	85
керек	азанда	78
керек	бірінші	114
керек	олар	106
керек	болар	112
керек	деді	88
керек	оның	90
керек	бізге	113
керек	және	99
керек	нәрсе	110
керек	болат	98
керек	болатын	102
керек	ет	103
керек	егер	70
керек	дедім	114
керек	жалпы	110
керек	зат	114
керек	екенін	90
керек	емеспа	61
керек	емеспін	64
керек	жасы	83
керек	едің	85
керек	тегін	97
керек	ато	80
керек	десең	99
керек	болсам	95
керек	болғанда	81
керек	пара	104
керек	десен	80
керек	береміз	104
керек	боса	87
керек	кезінде	94
керек	заттар	108
керек	десей	86
керек	болдығо	113
керек	болғасын	104
керек	дегендей	109
керек	екенғо	111
керек	емессің	109
керек	заттарды	89
керек	емеспе	98
керек	болдығой	93
керек	едіғо	111
керек	екенің	110
керек	заттарын	111
керек	емесқо	108
керек	жазсын	111
керек	болмасам	103
керек	емем	111
керек	депсіз	107
ғой	?	108
ғой	мен	48
ғой	жақсы	46
ғой	деп	85
ғой	!	43
ғой	қалай	62
ғой	сен	87
ғой	жоқ	60
ғой	бар	98
ғой	рахмет	100
ғой	керек	98
ғой	ғой	108
ғой	жан	107
ғой	жаным	80
ғой	шүкір	32
ғой	бір	106
ғой	енді	64
ғой	ол	43
ғой	өзі	54
ғой	өзің	78
ғой	да	74
ғой	неге	84
ғой	маған	76
ғой	ал	63
ғой	алып	110
ғой	болды	103
ғой	осы	104
ғой	менде	78
ғой	ерте	76
ғой	ертең	112
ғой	мені	81
ғой	менің	78
ғой	деген	64
ғой	кім	98
ғой	сені	97
ғой	как	58
ғой	мама	112
ғой	құтты	94
ғой	адам	106
ғой	или	99
ғой	ой	108
ғой	саған	112
ғой	бүгін	62
ғой	дұрыс	78
ғой	алла	99
ғой	айтып	85
ғой	жұмыс	101
ғой	көп	93
ғой	барып	100
ғой	жарайды	108
ғой	ертен	109
ғой	аман	112
ғой	кеше	104
ғой	ақша	80
ғой	қашан	91
ғой	кешке	102
ғой	қанша	101
ғой	бала	97
ғой	бәрі	102
ғой	күшті	76
ғой	күн	108
ғой	туған	108
ғой	екі	109
ғой	қазір	92
ғой	ана	81
ғой	қыз	92
ғой	қандай	103
ғой	басқа	102
ғой	үй	94
ғой	үйде	111
ғой	солай	93
ғой	біз	94
ғой	жазып	90
ғой	қайда	111
ғой	бірақ	103
ғой	сенің	77
ғой	қатты	84
ғой	үйге	104
ғой	өзіңіз	97
ғой	жаман	109
ғой	тамақ	110
ғой	апай	109
ғой	бұл	110
ғой	сенде	80
ғой	сіз	95
ғой	если	94
ғой	қыздар	111
ғой	мынау	109
ғой	анау	85
ғой	сұрап	100
ғой	жаңа	104
ғой	ештеңе	96
ғой	бұйырса	108
ғой	мал	85
ғой	брат	113
ғой	иә	102
ғой	неше	77
ғой	негізі	111
ғой	телефон	75
ғой	бірге	107
ғой	сондай	111
ғой	әдемі	98
ғой	еще	113
ғой	жай	105
ғой	ешкім	110
ғой	соған	108
ғой	осылай	74
ғой	дейді	108
ғой	бізде	93
ғой	жүрегім	98
ғой	досым	105
ғой	бәрін	91
ғой	десем	94
ғой	оған	106
ғой	осындай	93
ғой	жұмысқа	112
ғой	азанда	110
ғой	бірінші	111
ғой	біздің	105
ғой	олай	99
ғой	ауылға	102
ғой	алдын	110
ғой	алдында	111
ғой	олар	106
ғой	қайта	95
ғой	түнде	99
ғой	содан	106
ғой	менен	90
ғой	күнде	109
ғой	ещё	109
ғой	бауырым	105
ғой	сендер	103
ғой	братан	113
ғой	өздері	111
ғой	деді	112
ғой	ұмытып	109
ғой	оның	110
ғой	сізді	99
ғой	ботам	90
ғой	ең	97
ғой	ауылда	113
ғой	бізге	113
ғой	кішкентай	104
ғой	әр	113
ғой	қиын	112
ғой	кішкене	110
ғой	бағана	112
ғой	олда	104
ғой	екеуі	109
ғой	дедім	113
ғой	өткенде	104
ғой	ұят	99
ғой	бәрібір	113
ғой	соның	101
ғой	әйтеуір	96
ғой	құрсын	88
ғой	білесің	105
ғой	дегенім	105
ғой	әйтпесе	98
ғой	деймін	111
ғой	шіркін	61
жан	?	89
жан	мен	33
жан	жақ	22
жан	жақсы	93
жан	деп	86
жан	!	47
жан	қалайсың	81
жан	сен	72
жан	жоқ	48
жан	бар	81
жан	рахмет	80
жан	керек	95
жан	жан	80
жан	жаным	9
жан	бір	92
жан	енді	76
жан	ол	66
жан	өзің	79
жан	неге	88
жан	маған	63
жан	болды	66
жан	осы	85
жан	менде	81
жан	ертең	72
жан	мені	77
жан	менің	73
жан	деген	76
жан	сені	74
жан	мама	69
жан	қайырлы	92
жан	саған	77
жан	бүгін	73
жан	болса	80
жан	ертен	96
жан	аман	78
жан	кеше	84
жан	ақша	91
жан	қашан	93
жан	кешке	89
жан	бәрі	87
жан	барма	95
жан	қазір	93
жан	ана	97
жан	біз	87
жан	сенің	89
жан	давай	87
жан	қатты	97
жан	үйге	95
жан	тамақ	92
жан	сенде	93
жан	сіз	86
жан	ұйықтап	81
жан	қайдасың	91
жан	дос	91
жан	жүрегім	83
жан	досым	59
жан	десем	65
жан	олай	88
жан	өтініш	84
жан	жақта	93
жан	бауырым	84
жан	сізді	87
жан	жаққа	83
жан	балам	65
жан	кешірші	91
жан	жүрек	82
жан	қойшы	90
жан	жақтан	92
жан	дегенде	50
жан	жарым	93
жан	жағы	58
жан	жағын	91
жан	жағына	82
жан	аманба	80
жан	деме	96
жан	алло	95
жан	жақты	65
жан	құрбым	64
жан	жұрттың	76
жан	жағың	74
жан	жағыңа	95
жан	сырымды	85
жан	жағыма	90
жан	дүниесі	95
жан	дүнием	96
жан	жақтарың	89
жан	дүниемді	92
жан	тәніммен	95
жаны	бар	93
жаны	жаны	33
жаны	шығып	20
жаны	ашып	32
жаны	жәннатта	20
жаны	жанатта	8
жаны	ашымайды	29
жаны	ашитын	37
жаны	жәннәтта	38
жаным	?	39
жаным	мен	45
жаным	жақсы	48
жаным	деп	59
жаным	!	56
жаным	қалай	42
жаным	қалайсың	102
жаным	сен	54
жаным	жоқ	63
жаным	бар	112
жаным	рахмет	105
жаным	ғой	63
жаным	жан	103
жаным	жаным	101
жаным	шүкір	15
жаным	бір	102
жаным	енді	90
жаным	ол	84
жаным	өзі	99
жаным	өзің	111
жаным	да	67
жаным	неге	111
жаным	маған	84
жаным	болды	84
жаным	осы	103
жаным	менде	101
жаным	ертең	76
жаным	мені	94
жаным	менің	75
жаным	деген	14
жаным	сені	82
жаным	как	61
жаным	құтты	112
жаным	қайырлы	81
жаным	саған	69
жаным	бүгін	76
жаным	дұрыс	98
жаным	алла	112
жаным	ас	76
жаным	ай	96
жаным	жұмыс	105
жаным	көп	109
жаным	қалайсыз	83
жаным	жарайды	110
жаным	ертен	104
жаным	ау	111
жаным	аман	33
жаным	кеше	73
жаным	ақ	110
жаным	қашан	108
жаным	кешке	107
жаным	бәрі	104
жаным	күшті	92
жаным	туған	107
жаным	қазір	74
жаным	рақмет	107
жаным	біз	70
жаным	шығып	108
жаным	қайда	102
жаным	сенің	101
жаным	қатты	90
жаным	үйге	78
жаным	өзіңіз	110
жаным	тамақ	108
жаным	сенде	111
жаным	сіз	95
жаным	жаңа	108
жаным	бақытты	106
жаным	ештеңе	75
жаным	бұйырса	112
жаным	ауырып	106
жаным	қызым	103
жаным	ұйықтап	86
жаным	бірге	104
жаным	жай	103
жаным	қайдасың	113
жаным	жүрегім	105
жаным	молодец	55
жаным	досым	107
жаным	үлкен	99
жаным	десем	111
жаным	өмір	108
жаным	туылған	103
жаным	олай	78
жаным	өтініш	101
жаным	ашып	113
жаным	бауы	69
жаным	бауырым	107
жаным	сізді	75
жаным	ботам	100
жаным	шаршап	84
жаным	кішкентай	110
жаным	балам	113
жаным	алтын	88
жаным	сәттілік	106
жаным	сағындым	112
жаным	жазылып	91
жаным	аумин	110
жаным	кешірші	103
жаным	сағынып	90
жаным	анашым	100
жаным	бүгінгі	86
жаным	апам	105
жаным	жолың	112
жаным	менім	106
жаным	тәтті	94
жаным	сұлу	108
жаным	айтқаның	105
жаным	красавица	88
жаным	сүйемін	113
жаным	алтыным	112
жаным	күнім	93
жаным	сағанда	87
жаным	жемісін	91
жаным	қиналып	105
жаным	уайымдама	110
жаным	балапан	106
жаным	балапаным	112
жаным	ренжімеші	84
жаным	ауу	99
жаным	сіңілім	102
жаным	деме	108
жаным	сүйдім	111
жаным	ботақаным	110
жаным	әпшем	103
жаным	сұлуым	110
жаным	әпкем	112
жаным	деші	105
жаным	ашиды	109
шүкір	мен	101
шүкір	жақсы	99
шүкір	де	5
шүкір	деп	100
шүкір	!	65
шүкір	қалай	56
шүкір	сен	107
шүкір	жоқ	107
шүкір	бар	110
шүкір	рахмет	105
шүкір	ғой	62
шүкір	жаным	110
шүкір	шүкір	83
шүкір	бір	40
шүкір	енді	104
шүкір	өзің	110
шүкір	аа	12
шүкір	осы	107
шүкір	менде	97
шүкір	бүгін	103
шүкір	алла	102
шүкір	болады	40
шүкір	жұмыс	82
шүкір	аман	111
шүкір	бәрі	35
шүкір	қазір	61
шүкір	рақмет	110
шүкір	үйде	57
шүкір	аллаға	99
шүкір	өзіңіз	15
шүкір	жаман	19
шүкір	тыныш	108
шүкір	бізде	112
шүкір	досым	93
шүкір	осындай	113
шүкір	өздерің	112
шүкір	жұмыста	52
шүкір	жүріп	103
шүкір	өзін	103
шүкір	барлығы	106
шүкір	өсіп	102
шүкір	жақсымын	83
шүкір	өздеріңіз	31
шүкір	аманшылық	68
шүкір	жақсымыз	70
шүкір	жайлап	47
шүкір	деймін	84
шүкір	алхамдулиллах	110
шүкір	альхамдулиллах	91
шүкір	аманбыз	109
шүкір	етем	57
шүкір	ақырындап	106
шүкір	етемін	95
шүкір	алладеп	110
бір	мен	103
бір	жақ	85
бір	жақсы	100
бір	де	69
бір	деп	86
бір	сен	100
бір	жоқ	95
бір	бар	110
бір	ғой	109
бір	жан	89
бір	шүкір	95
бір	бір	80
бір	ол	61
бір	өзі	110
бір	өзің	65
бір	маған	57
бір	алып	90
бір	болып	100
бір	сәлем	97
бір	болды	106
бір	екен	101
бір	ер	97
бір	мені	103
бір	менің	108
бір	емес	109
бір	іс	66
бір	істеп	108
бір	сені	106
бір	адам	108
бір	ой	31
бір	саған	100
бір	болса	110
бір	дұрыс	107
бір	алла	105
бір	ай	55
бір	айтып	43
бір	жұмыс	87
бір	барып	73
бір	ақ	74
бір	ақша	50
бір	бала	99
бір	күшті	35
бір	күн	87
бір	туған	31
бір	екі	92
бір	қыз	24
бір	келіп	34
бір	бас	86
бір	басқа	92
бір	үй	106
бір	үйде	92
бір	кезде	75
бір	шығып	64
бір	жазып	87
бір	қатты	88
бір	түн	108
бір	қой	91
бір	аллаға	100
бір	үйге	67
бір	күні	86
бір	өзіңіз	28
бір	жаман	101
бір	тамақ	83
бір	апа	90
бір	апай	92
бір	кеп	84
бір	қыздар	108
бір	сұрап	102
бір	он	97
бір	бақыт	99
бір	жас	102
бір	жасап	74
бір	көріп	109
бір	ғана	76
бір	қызы	68
бір	қызым	95
бір	мал	98
бір	неше	94
бір	жауап	96
бір	жаңалық	84
бір	су	99
бір	видео	97
бір	ұйықтап	64
бір	телефон	81
бір	қара	99
бір	қарап	99
бір	машина	78
бір	жер	73
бір	жерде	82
бір	аға	45
бір	әдемі	98
бір	сағат	89
бір	такси	53
бір	ата	97
бір	дос	93
бір	досым	90
бір	жүрген	82
бір	заказ	100
бір	үлкен	106
бір	керемет	86
бір	әңгіме	97
бір	мың	83
бір	шай	107
бір	жұмысқа	87
бір	рет	101
бір	бірін	30
бір	кіріп	59
бір	өтініш	81
бір	сөйлесіп	59
бір	жерге	100
бір	жақта	28
бір	түнде	91
бір	уақыт	110
бір	кино	87
бір	балдар	99
бір	күнде	102
бір	нан	55
бір	жағдай	92
бір	жыл	79
бір	түсіп	51
бір	звандап	107
бір	екеу	94
бір	сөз	110
бір	демалыс	69
бір	ауылда	101
бір	жаққа	91
бір	жігіт	51
бір	хабар	63
бір	сабақ	83
бір	оқып	101
бір	кішкентай	108
бір	қазақ	91
бір	тәте	105
бір	жылап	102
бір	нәрсе	77
бір	қол	19
бір	демалып	103
бір	балам	92
бір	қызық	106
бір	алтын	79
бір	орын	106
бір	тойға	66
бір	адамдар	101
бір	ден	100
бір	кішкене	109
бір	киім	107
бір	саты	94
бір	би	108
бір	билет	104
бір	келгенде	91
бір	айтқан	93
бір	кредит	97
бір	екеуі	107
бір	ұл	107
бір	ұстап	78
бір	жылы	108
бір	жуып	92
бір	сурет	109
бір	зат	85
бір	апта	51
бір	басы	47
бір	магазин	106
бір	группа	109
бір	ойын	95
бір	жерден	91
бір	күнге	56
бір	ағай	61
бір	өзін	104
бір	емеспа	100
бір	аяқ	110
бір	өзіңе	104
бір	уақытта	95
бір	ағам	80
бір	жеті	105
бір	дәрі	94
бір	қалада	94
бір	жолы	102
бір	баласы	98
бір	айда	92
бір	айдан	79
бір	адамды	77
бір	торт	73
бір	өзіме	107
бір	жарты	109
бір	бес	90
бір	жақтан	105
бір	шәй	95
бір	гүл	102
бір	сан	109
бір	барғанда	104
бір	көйлек	94
бір	алланың	86
бір	тәтті	76
бір	бөлек	108
бір	сұлу	92
бір	минут	97
бір	адамға	88
бір	жұма	68
бір	жолға	102
бір	фота	92
бір	түрлі	95
бір	көрген	37
бір	кг	107
бір	қатын	99
бір	группаға	97
бір	көмек	105
бір	айлық	94
бір	баланы	102
бір	аллам	75
бір	орыс	97
бір	үйдің	95
бір	бірден	79
бір	күліп	93
бір	үйден	96
бір	жақсылық	97
бір	документ	103
бір	қызға	109
бір	еркек	69
бір	сұрақ	96
бір	өзіңді	65
бір	адамның	109
бір	видио	86
бір	мектепте	92
бір	курс	100
бір	проблема	106
бір	себебі	88
бір	жері	106
бір	түрі	73
бір	қап	99
бір	әйел	96
бір	кола	82
бір	қалыпты	105
бір	ән	70
бір	хабарын	97
бір	қыздың	59
бір	таныс	74
бір	балаға	92
бір	баланың	75
бір	кем	80
бір	көру	98
бір	қуанып	110
бір	клиент	95
бір	ұрып	97
бір	қызбен	97
бір	баламен	64
бір	тал	71
бір	бәле	93
бір	реті	64
бір	күнді	92
бір	кітап	87
бір	заттар	103
бір	екеуін	106
бір	жарым	105
бір	айналып	68
бір	мұғалім	93
бір	көзі	104
бір	көзім	107
бір	ауыз	107
бір	жағы	39
бір	жағын	68
бір	жағына	104
бір	жағынан	81
бір	тойда	46
бір	өлең	109
бір	машинамен	100
бір	күннен	109
бір	футболка	107
бір	көрсетіп	106
бір	тексеріп	107
бір	мәз	102
бір	ерекше	110
бір	группада	107
бір	көлік	104
бір	жиналып	97
бір	талай	106
бір	айға	107
бір	кафеге	75
бір	алладан	107
бір	шоколад	95
бір	шанс	109
бір	сөзді	97
бір	жарымда	84
бір	жасқа	96
бір	тірлік	100
бір	басың	99
бір	деме	87
бір	блок	104
бір	сорлы	103
бір	болайық	106
бір	комната	84
бір	тіс	108
бір	мүмкіндік	105
бір	кездесіп	80
бір	жылда	101
бір	жауабын	88
бір	жылдан	71
бір	қағаз	85
бір	кісілер	97
бір	шаруа	84
бір	жігітпен	99
бір	жерді	84
бір	литр	85
бір	нәрсені	99
бір	адамга	78
бір	адаммен	106
бір	аптада	93
бір	күндері	81
бір	оқушы	110
бір	сағатта	102
бір	кісіге	81
бір	сағаттан	90
бір	затты	77
бір	ретте	93
бір	көргенде	89
бір	жерің	109
бір	кездесу	76
бір	шелек	104
бір	себеп	98
бір	дене	96
бір	адамнан	88
бір	кесе	97
бір	жылға	95
бір	жөн	87
бір	жақсысы	101
бір	жерін	108
бір	жақты	78
бір	құдайға	82
бір	сөзге	104
бір	команда	97
бір	біріміз	109
бір	бірімізді	97
бір	машинаға	42
бір	жерінде	110
бір	қарасам	108
бір	жерім	104
бір	баланын	89
бір	жылдық	105
бір	нәрсеге	108
бір	горилла	84
бір	жағдайлар	110
бір	кісіні	109
бір	кісінің	103
бір	жастықта	98
бір	келіншек	45
бір	орында	88
бір	жанды	85
бір	естелік	108
бір	сөзбен	110
бір	сыныпта	81
бір	жеріне	103
бір	жігітке	94
бір	біріне	102
бір	жігітті	54
бір	айдай	105
бір	күндік	107
бір	аптадан	87
бір	бірімізге	79
бір	қыздан	49
бір	сағатқа	93
бір	кездері	95
бір	бөлме	98
бір	баладан	93
бір	қолмен	97
бір	аптаға	105
бір	тоқсан	82
бір	теуіп	108
бір	сәті	109
бір	сынақ	109
бір	каропка	102
бір	затқа	109
бір	жөні	106
бір	қасық	101
бір	мезгіл	107
бір	шеті	81
бір	шетінен	107
бір	амалын	99
бір	нәрселер	87
бір	бөлмеге	109
бір	сұрағым	103
бір	бөлмеде	102
бір	жеріңді	91
бір	жеңілдеп	84
бір	қадам	104
бір	аунап	104
бір	танысым	101
бір	жола	99
бір	бірінен	87
бір	кісіден	89
бір	жерімді	108
бір	көмегің	103
бір	мәнісі	108
бір	сәтте	70
бір	кісімен	100
бір	бөлмелі	108
бір	өтінішім	104
бір	жеріңе	85
бір	көргеннен	98
бір	ашуыңды	90
бір	сағаттай	105
бір	ауыздан	102
бір	жаманы	83
бір	жілік	102
бір	мәрте	105
бір	қайыры	109
бір	шешімге	98
бір	бірімен	92
бір	біріміздің	78
бір	тамшы	78
бір	біріңді	104
бір	бірінің	81
бір	бөлігі	94
бір	біріңе	109
бір	хайыры	84
бір	бірімізден	97
бір	түйір	87
бір	көлікке	102
бір	себептермен	106
бір	өлімнен	103
бір	марқайып	108
бір	реттік	106
бір	хикая	103
бір	уағында	106
бір	бірлеріңді	100
бір	бірімізбен	96
бір	шәугім	97
бір	таңбалы	106
бір	бірлеріңе	106
бір	бірлеп	101
бір	жолата	109
бір	етікке	107
бір	бағыттағы	109
ен	жаман	97
ен	керемет	41
ен	болмаса	43
ен	бірінші	20
ен	жақын	19
ен	арзан	43
ен	басында	43
ен	бастысы	44
ен	арзаны	17
енді	?	43
енді	мен	36
енді	жақсы	37
енді	деп	70
енді	!	78
енді	қалай	94
енді	сен	53
енді	жоқ	41
енді	бар	86
енді	керек	95
енді	ғой	82
енді	жан	105
енді	жаным	85
енді	бір	72
енді	енді	50
енді	ол	67
енді	өзі	47
енді	өзің	80
енді	неге	56
енді	маған	49
енді	алып	51
енді	болып	81
енді	сәл	97
енді	болды	104
енді	осы	85
енді	менде	62
енді	ерте	74
енді	ертең	108
енді	мені	65
енді	менің	67
енді	істеп	70
енді	кім	95
енді	сені	61
енді	мама	70
енді	адам	93
енді	саған	83
енді	бүгін	61
енді	дұрыс	73
енді	алла	72
енді	болады	84
енді	ай	95
енді	айтып	109
енді	жұмыс	75
енді	көп	76
енді	барып	83
енді	ертен	85
енді	аман	88
енді	кеш	98
енді	кеше	96
енді	ақша	94
енді	қашан	78
енді	кешке	48
енді	қанша	85
енді	бала	73
енді	бәрі	95
енді	күшті	76
енді	күн	104
енді	туған	103
енді	екі	110
енді	қазір	75
енді	ана	81
енді	қыз	84
енді	үш	93
енді	кетті	107
енді	келіп	98
енді	келе	62
енді	қандай	67
енді	басқа	77
енді	үй	69
енді	үйде	98
енді	солай	93
енді	бара	70
енді	біз	71
енді	шығып	81
енді	жаз	59
енді	жазып	102
енді	қайда	80
енді	бірақ	68
енді	сенің	104
енді	қатты	74
енді	кетіп	99
енді	салып	89
енді	үйге	106
енді	өзіңіз	76
енді	ішіп	91
енді	жаман	83
енді	барам	103
енді	тамақ	76
енді	бұл	78
енді	сенде	79
енді	кеп	84
енді	сіз	82
енді	ес	78
енді	папа	108
енді	мынау	107
енді	анау	85
енді	сұрап	95
енді	он	95
енді	жаңа	105
енді	еш	100
енді	ештеңе	105
енді	бұйырса	79
енді	ауырып	82
енді	отырмын	99
енді	тез	109
енді	айта	98
енді	жас	92
енді	жасап	107
енді	көріп	106
енді	ғана	64
енді	неше	73
енді	жауап	92
енді	су	89
енді	ұйықтап	108
енді	телефон	95
енді	қара	96
енді	қарап	109
енді	машина	87
енді	бірге	102
енді	сондай	103
енді	әдемі	87
енді	тауып	108
енді	до	107
енді	жай	108
енді	ешкім	108
енді	соған	91
енді	білмеймін	82
енді	осылай	103
енді	келді	85
енді	келген	75
енді	такси	100
енді	тыныш	107
енді	қайдасың	102
енді	бізде	104
енді	дос	107
енді	жүре	101
енді	заказ	109
енді	келед	101
енді	келеді	104
енді	үлкен	75
енді	бәрін	105
енді	дым	97
енді	әңгіме	104
енді	жеп	103
енді	оған	106
енді	өмір	82
енді	күтіп	101
енді	вообще	104
енді	осындай	88
енді	алам	102
енді	шай	97
енді	жұмысқа	88
енді	аз	86
енді	азанда	107
енді	бірінші	106
енді	біздің	100
енді	олай	101
енді	кіріп	74
енді	сөйлесіп	75
енді	ауылға	100
енді	олар	93
енді	қайта	89
енді	түнде	89
енді	жатып	100
енді	нешеде	94
енді	келдім	110
енді	ашып	48
енді	уақыт	93
енді	содан	106
енді	менен	109
енді	күнде	92
енді	барамыз	89
енді	алдым	98
енді	сендер	98
енді	түсіп	97
енді	өздері	101
енді	өздерің	101
енді	звандап	105
енді	өтірік	109
енді	оның	103
енді	сізді	96
енді	екеуміз	107
енді	ботам	103
енді	ауылда	105
енді	осыны	106
енді	біреу	97
енді	сабақ	106
енді	оқып	107
енді	қалаға	76
енді	бізге	103
енді	бастап	97
енді	баратын	88
енді	қол	107
енді	әр	99
енді	демалып	104
енді	келесі	101
енді	қызық	89
енді	тойға	108
енді	біліп	106
енді	кішкене	72
енді	айтсай	93
енді	кредит	96
енді	бірдеңе	109
енді	ертерек	103
енді	олда	106
енді	сіздің	103
енді	ұстап	107
енді	көреміз	109
енді	кімге	96
енді	жұмыстан	87
енді	болдым	107
енді	қайтып	79
енді	жалғыз	72
енді	келп	108
енді	ешкімге	107
енді	ары	95
енді	ұят	100
енді	барады	107
енді	кіммен	107
енді	былай	96
енді	екінші	106
енді	түсті	101
енді	өзін	105
енді	біраз	105
енді	далаға	104
енді	өзіңе	109
енді	дәрі	100
енді	бәрібір	108
енді	айтайын	108
енді	соның	110
енді	ренжіме	100
енді	барамын	110
енді	ұйқы	100
енді	келетін	103
енді	шықтым	97
енді	қолым	62
енді	өзіме	88
енді	көрдім	101
енді	сенімен	73
енді	бітті	101
енді	шәй	101
енді	алматыға	104
енді	менімен	108
енді	шығамыз	108
енді	өзіне	78
енді	ойланып	109
енді	рас	100
енді	жазба	109
енді	келдік	96
енді	міне	80
енді	өзіңді	104
енді	шамалы	110
енді	дұрыстап	108
енді	естіп	106
енді	амал	91
енді	үйреніп	81
енді	кімді	98
енді	неғып	103
енді	ұйқым	110
енді	тұрды	110
енді	тұрдым	107
енді	бармаймын	48
енді	есіме	107
енді	танысып	85
енді	немен	102
енді	көзім	107
енді	ешқашан	110
енді	жақсылап	99
енді	ашылып	107
енді	қайтадан	106
енді	айтпайм	104
енді	түседі	107
енді	шығамын	109
енді	бұлай	90
енді	түсініп	109
енді	түсіндім	90
енді	жиналып	78
енді	кірем	109
енді	кімнен	107
енді	шықтық	108
енді	мүлдем	80
енді	кірдім	105
енді	басталады	78
енді	байқап	103
енді	жаттым	107
енді	басталды	94
енді	тұрдың	95
енді	оянып	93
енді	бұдан	105
енді	жеттім	110
енді	жазайын	102
енді	ұйықтайын	104
енді	ішеміз	86
енді	босап	96
енді	басталып	89
енді	есіңе	99
енді	біттім	99
енді	жатайын	107
енді	білдім	98
енді	мазаңды	102
енді	оқыдым	110
енді	жазсан	103
енді	көрінген	104
енді	білдің	91
енді	жазбаймын	106
енді	кірдік	103
енді	қайтеміз	104
енді	нестейін	109
енді	тұрдық	100
енді	босады	110
енді	ояндым	99
енді	босадым	102
енді	қайталанбайды	94
ол	?	90
ол	мен	42
ол	жақ	49
ол	жақсы	64
ол	деп	70
ол	қалай	73
ол	сен	53
ол	жоқ	58
ол	бар	62
ол	керек	66
ол	жан	79
ол	бір	103
ол	енді	65
ол	ол	60
ол	өзі	78
ол	өзің	52
ол	да	108
ол	неге	27
ол	маған	63
ол	алып	38
ол	осы	99
ол	менде	86
ол	ерте	81
ол	ертең	103
ол	мені	83
ол	менің	45
ол	деген	41
ол	емес	71
ол	кім	49
ол	сені	45
ол	мама	52
ол	адам	107
ол	саған	60
ол	бүгін	52
ол	болса	85
ол	дұрыс	80
ол	айтып	77
ол	жұмыс	101
ол	көп	85
ол	барып	87
ол	ертен	109
ол	кеш	92
ол	кеше	108
ол	ақша	78
ол	қашан	78
ол	кешке	72
ол	қанша	97
ол	бала	72
ол	бәрі	57
ол	күшті	106
ол	күн	106
ол	екі	98
ол	қазір	84
ол	ана	80
ол	қыз	84
ол	үшін	48
ол	кетті	42
ол	келіп	104
ол	келе	105
ол	қандай	102
ол	басқа	57
ол	үй	61
ол	үйде	98
ол	солай	70
ол	біз	81
ол	кез	101
ол	кезде	78
ол	шығып	18
ол	қайда	95
ол	бірақ	59
ол	сенің	87
ол	қатты	57
ол	кетіп	97
ол	үйге	85
ол	күні	86
ол	ішіп	66
ол	жаман	106
ол	тамақ	77
ол	апай	105
ол	бұл	99
ол	сенде	107
ол	сіз	107
ол	қызда	104
ол	қыздар	98
ол	анау	107
ол	жаңа	98
ол	ештеңе	105
ол	ауыр	91
ол	ауырып	110
ол	сияқты	99
ол	тез	95
ол	айта	101
ол	жас	100
ол	мал	107
ол	неше	89
ол	жауап	93
ол	су	103
ол	видео	109
ол	ұйықтап	97
ол	негізі	82
ол	телефон	85
ол	машина	96
ол	сондай	101
ол	жер	77
ол	жерде	70
ол	еще	39
ол	жай	94
ол	келген	80
ол	дос	105
ол	ойнап	107
ол	үлкен	109
ол	бәрін	90
ол	дым	98
ол	бос	99
ол	оған	100
ол	вообще	102
ол	болмай	72
ол	болмаса	109
ол	жұмысқа	78
ол	аз	99
ол	бірінші	100
ол	бізді	93
ол	біздің	103
ол	олай	85
ол	ауылға	102
ол	алдын	102
ол	алдында	108
ол	жерге	101
ол	қайта	70
ол	жақта	105
ол	түнде	33
ол	али	103
ол	нешеде	107
ол	менен	108
ол	күнде	71
ол	ещё	85
ол	өте	102
ол	жұмыста	83
ол	өтірік	81
ол	оның	84
ол	сізді	106
ол	екеуміз	104
ол	айтты	104
ол	ұзақ	69
ол	ең	107
ол	сөз	106
ол	ауылда	92
ол	болмайды	87
ол	жаққа	96
ол	жігіт	54
ол	қалаға	84
ол	брак	109
ол	бізге	109
ол	мүмкін	92
ол	кішкентай	100
ол	ар	93
ол	келем	107
ол	жылап	103
ол	нәрсе	106
ол	әр	98
ол	даже	106
ол	қызық	101
ол	қиын	106
ол	келсе	106
ол	келгенде	98
ол	айтқан	105
ол	бағана	102
ол	далада	107
ол	екеуі	102
ол	сіздің	85
ол	ұл	92
ол	зат	106
ол	жұмыстан	104
ол	жалғыз	101
ол	менікі	106
ол	всегда	95
ол	ару	102
ол	жайлы	106
ол	бұрын	84
ол	таза	100
ол	группа	103
ол	былай	107
ол	жынды	107
ол	жерден	104
ол	күнге	82
ол	кайдан	99
ол	өзін	95
ол	уақытта	103
ол	жәй	81
ол	қалада	102
ол	бәрібір	99
ол	намаз	96
ол	адамды	107
ол	айтады	85
ол	ақшаны	92
ол	сонша	80
ол	барса	104
ол	сенімен	109
ол	жақтан	103
ол	қымбат	71
ол	алматыға	99
ол	менім	109
ол	менімен	105
ол	өзіне	95
ол	оз	101
ол	бөлек	102
ол	адамға	78
ол	рас	96
ол	қатын	85
ол	баланы	88
ол	қызға	86
ол	еркек	85
ол	адамның	104
ол	проблема	93
ол	алматыда	106
ол	әйел	99
ол	қыздың	105
ол	біледі	87
ол	балаға	106
ол	баланың	101
ол	қызбен	98
ол	өзінің	92
ол	баламен	91
ол	жағы	102
ол	жағын	75
ол	жағына	45
ол	жағынан	106
ол	астанада	86
ол	маңызды	106
ол	уақытқа	101
ол	группада	99
ол	сөзді	90
ол	келгенше	89
ол	сорлы	106
ол	білмейді	107
ол	неден	105
ол	кісілер	96
ол	жерді	74
ол	адаммен	95
ол	бармайды	110
ол	кісіге	107
ол	ақшаға	67
ол	жақтағы	104
ол	жақты	106
ол	жердің	88
ол	кісіні	105
ол	кісінің	82
ол	жақтың	75
ол	кезге	93
ол	кісіде	104
ол	кісіден	80
ол	кісімен	106
ол	кездеде	100
ол	достарымен	91
ол	кісілерге	102
ол	жақтада	103
ол	уақыттарда	96
өзі	?	103
өзі	мен	30
өзі	жақсы	57
өзі	де	63
өзі	деп	29
өзі	қалай	68
өзі	сен	74
өзі	жоқ	76
өзі	керек	63
өзі	ғой	77
өзі	жаным	56
өзі	бір	81
өзі	енді	37
өзі	ол	77
өзі	неге	79
өзі	маған	71
өзі	алып	57
өзі	осы	48
өзі	мені	80
өзі	емес	70
өзі	істеп	72
өзі	саған	67
өзі	бүгін	73
өзі	дұрыс	82
өзі	айтып	81
өзі	жұмыс	51
өзі	көп	78
өзі	барып	65
өзі	жар	58
өзі	аман	54
өзі	кеше	83
өзі	ақ	78
өзі	ақша	52
өзі	қанша	75
өзі	екі	76
өзі	үшін	75
өзі	кетті	53
өзі	келіп	77
өзі	келе	56
өзі	қандай	73
өзі	солай	69
өзі	бара	52
өзі	шығып	75
өзі	жазып	64
өзі	қайда	58
өзі	кетіп	67
өзі	салып	70
өзі	ішіп	82
өзі	кеп	80
өзі	сұрап	77
өзі	ауырып	83
өзі	сияқты	70
өзі	жасап	67
өзі	көріп	76
өзі	ғана	80
өзі	жауап	61
өзі	ұйықтап	68
өзі	сондай	79
өзі	әдемі	45
өзі	тауып	81
өзі	келді	69
өзі	келеді	74
өзі	үлкен	70
өзі	бәрін	80
өзі	бірінші	82
өзі	кіріп	71
өзі	звандап	83
өзі	айтты	75
өзі	шаршап	45
өзі	апарып	80
өзі	бастап	76
өзі	береді	69
өзі	келсін	78
өзі	біліп	77
өзі	айтқан	78
өзі	жалғыз	67
өзі	барады	65
өзі	ерке	80
өзі	алады	71
өзі	айтады	81
өзі	бөлек	64
өзі	төлеп	74
өзі	жазды	79
өзі	біледі	69
өзі	әрең	38
өзі	зорға	74
өзі	кінәлі	76
өзі	таңдап	79
өзі	жазсын	80
өзі	білсін	81
өзі	дара	53
өзі	тану	77
өзі	кешірсін	56
өзі	танудан	67
өзің	?	59
өзің	мен	19
өзің	жақсы	77
өзің	де	66
өзің	деп	43
өзің	қалай	96
өзің	қалайсың	44
өзің	жоқ	6
өзің	бар	90
өзің	рахмет	94
өзің	ғой	102
өзің	жан	63
өзің	жаным	108
өзің	шүкір	83
өзің	бір	103
өзің	енді	79
өзің	өзің	98
өзің	неге	93
өзің	маған	80
өзің	ал	97
өзің	алып	101
өзің	мені	77
өзің	емес	104
өзің	істеп	103
өзің	кім	91
өзің	как	108
өзің	дұрыс	94
өзің	айт	105
өзің	айтып	84
өзің	жұмыс	77
өзің	қалайсыз	90
өзің	барып	85
өзің	аман	78
өзің	ақ	92
өзің	ақша	96
өзің	қашан	108
өзің	қанша	87
өзің	үшін	107
өзің	кет	73
өзің	кел	107
өзің	келіп	87
өзің	келе	86
өзің	қандай	84
өзің	үйде	96
өзің	солай	105
өзің	бара	88
өзің	шығып	78
өзің	жаз	101
өзің	жазып	100
өзің	қайда	83
өзің	кетіп	84
өзің	ала	103
өзің	салып	92
өзің	ішіп	109
өзің	тамақ	105
өзің	кеп	104
өзің	көр	106
өзің	сұрап	91
өзің	ауырып	96
өзің	сияқты	105
өзің	айта	75
өзің	жасап	93
өзің	көріп	102
өзің	ғана	105
өзің	мал	72
өзің	жауап	102
өзің	ұйықтап	97
өзің	қара	109
өзің	қарап	85
өзің	сондай	102
өзің	тауып	94
өзің	біл	87
өзің	тыныш	32
өзің	қайдасың	108
өзің	бірінші	63
өзің	сөйлесіп	97
өзің	ашып	99
өзің	звандап	108
өзің	кете	97
өзің	берген	108
өзің	жаза	109
өзің	бастап	108
өзің	айтшы	89
өзің	келесің	102
өзің	біліп	99
өзің	сатып	94
өзің	айтқан	108
өзің	айтсай	103
өзің	із	105
өзің	бірдеңе	108
өзің	жалғыз	106
өзің	жайлы	83
өзің	емеспа	84
өзің	аласың	96
өзің	болсаң	109
өзің	білесің	106
өзің	ойланып	41
өзің	барасың	108
өзің	көресің	104
өзің	айтасың	94
өзің	шеш	103
өзің	калайсың	104
өзің	қиналып	102
өзің	түсініп	105
өзің	ойнай	107
өзің	айттың	106
өзің	жұмыстасың	82
өзің	іштің	96
өзің	таңдап	107
өзің	жақсысың	105
өзің	қарайсың	103
өзің	қалаған	104
өзің	айтқандай	100
өзің	білесін	99
өзің	білесіңғо	107
өзің	білші	99
өзің	бастадың	88
өзің	білесіңғой	108
өзің	айттыңғо	109
да	?	109
да	мен	19
да	жақсы	55
да	деп	53
да	!	74
да	қалай	70
да	сен	102
да	жоқ	68
да	бар	51
да	рахмет	39
да	керек	75
да	ғой	61
да	жан	75
да	жаным	92
да	шүкір	77
да	бір	87
да	енді	46
да	ол	70
да	өзі	72
да	өзің	91
да	да	91
да	неге	31
да	маған	94
да	ал	72
да	алып	97
да	болып	66
да	жатыр	98
да	болды	106
да	екен	98
да	осы	102
да	менде	73
да	ерте	89
да	ертең	104
да	мені	93
да	менің	85
да	деген	87
да	емес	106
да	істеп	80
да	кім	99
да	сені	92
да	как	86
да	мама	84
да	құтты	91
да	қайырлы	92
да	адам	74
да	или	80
да	саған	64
да	бүгін	84
да	болса	94
да	дұрыс	83
да	алла	71
да	тұр	97
да	болад	89
да	болады	97
да	айт	61
да	айтып	98
да	жұмыс	70
да	көп	76
да	барып	70
да	ертен	82
да	аман	107
да	кеше	97
да	ақша	98
да	кешке	73
да	қанша	102
да	бала	101
да	бәрі	100
да	барма	88
да	күшті	92
да	күн	81
да	туған	104
да	екі	86
да	қазір	91
да	ана	105
да	қыз	98
да	рақмет	102
да	кетті	107
да	кел	98
да	келіп	102
да	келе	85
да	қандай	83
да	басқа	107
да	үйде	80
да	солай	93
да	бара	58
да	біз	85
да	шығып	99
да	жазып	81
да	бірақ	84
да	сенің	86
да	давай	95
да	қатты	103
да	все	90
да	кетіп	79
да	ала	88
да	салып	78
да	үйге	93
да	там	102
да	ішіп	87
да	жаман	107
да	за	84
да	барам	100
да	тамақ	84
да	ап	106
да	бұл	107
да	сенде	107
да	кеп	107
да	сіз	96
да	если	105
да	папа	95
да	қыздар	106
да	көре	108
да	жүр	108
да	сұрап	91
да	он	91
да	жаңа	74
да	бақытты	102
да	ештеңе	104
да	бұйырса	98
да	ауырып	106
да	отыр	92
да	тез	103
да	айта	107
да	болған	88
да	беріп	98
да	жасап	98
да	көріп	101
да	брат	99
да	неше	105
да	жауап	105
да	су	95
да	ұйықтап	102
да	айтам	96
да	телефон	103
да	қарап	106
да	машина	100
да	бірге	108
да	сондай	94
да	же	75
да	әдемі	103
да	всё	87
да	еще	94
да	тауып	94
да	до	100
да	ешкім	108
да	соған	98
да	білмеймін	87
да	осылай	108
да	келді	86
да	келген	97
да	кто	104
да	тыныш	102
да	есть	106
да	жүре	78
да	жүрген	105
да	заказ	107
да	келеді	101
да	үлкен	94
да	дым	96
да	болам	98
да	болама	105
да	керемет	103
да	оған	103
да	вообще	108
да	алп	103
да	болмай	108
да	осындай	95
да	туылған	90
да	жұмысқа	108
да	аз	108
да	кіріп	92
да	олар	102
да	қайта	108
да	без	107
да	тастап	106
да	вот	105
да	уақыт	86
да	содан	101
да	менен	104
да	барамыз	108
да	ещё	104
да	болар	102
да	түсіп	105
да	ойлап	108
да	өте	103
да	ұмытып	105
да	звандап	103
да	өтірік	106
да	ладно	88
да	айтты	64
да	ұзақ	100
да	болмайды	107
да	дайын	96
да	айттым	103
да	біреу	95
да	жаза	105
да	мүмкін	107
да	будет	80
да	келем	47
да	жылап	99
да	баратын	108
да	жібере	106
да	қызық	104
да	қиын	100
да	ыстық	94
да	жіберіп	101
да	адамдар	104
да	болу	107
да	біліп	104
да	завтра	108
да	болатын	107
да	айтқан	101
да	дома	103
да	ұят	105
да	барады	102
да	қосып	101
да	бару	100
да	былай	104
да	біраз	106
да	знаю	103
да	конечно	84
да	бәрібір	59
да	дәл	100
да	қымбат	107
да	шығамыз	106
да	вроде	98
да	тұрады	92
да	иди	104
да	келмейді	92
да	оңай	106
да	тұрасың	85
да	жұғысты	104
да	басталады	90
да	тұрамын	108
да	баянды	108
неге	?	80
неге	мен	17
неге	жақсы	42
неге	деп	77
неге	сен	65
неге	жоқ	52
неге	бар	59
неге	рахмет	104
неге	керек	102
неге	жан	56
неге	жаным	79
неге	бір	65
неге	енді	69
неге	ол	73
неге	өзі	59
неге	өзің	102
неге	неге	88
неге	маған	57
неге	алып	45
неге	екен	65
неге	осы	73
неге	менде	62
неге	ерте	87
неге	ертең	52
неге	мені	99
неге	менің	49
неге	деген	65
неге	кім	77
неге	сені	103
неге	адам	84
неге	саған	92
неге	бүгін	77
неге	дұрыс	84
неге	айтып	94
неге	жұмыс	74
неге	көп	94
неге	барып	74
неге	кеш	98
неге	кеше	64
неге	ақша	84
неге	кешке	83
неге	бәрі	101
неге	күшті	80
неге	екі	101
неге	ана	83
неге	қыз	96
неге	кетті	101
неге	келіп	104
неге	келе	105
неге	басқа	96
неге	солай	86
неге	бара	77
неге	біз	96
неге	шығып	88
неге	жазып	52
неге	сенің	69
неге	қатты	88
неге	кетіп	95
неге	ала	76
неге	салып	102
неге	үйге	97
неге	ішіп	99
неге	жаман	101
неге	тамақ	79
неге	бұл	101
неге	сенде	94
неге	сіз	99
неге	алмай	89
неге	сұрап	67
неге	ештеңе	74
неге	ауырып	105
неге	тез	83
неге	айта	86
неге	жауап	86
неге	су	37
неге	видео	105
неге	телефон	106
неге	қарап	65
неге	бірге	105
неге	сондай	103
неге	әдемі	84
неге	жай	99
неге	ешкім	86
неге	осылай	94
неге	тыныш	80
неге	дос	87
неге	бәрін	101
неге	десем	96
неге	оған	90
неге	алп	94
неге	осындай	98
неге	аз	89
неге	бізді	84
неге	біздің	104
неге	олай	105
неге	кіріп	24
неге	сөйлесіп	95
неге	алдын	100
неге	олар	99
неге	қайта	101
неге	без	90
неге	тастап	105
неге	түнде	80
неге	менен	96
неге	күнде	79
неге	звандап	105
неге	өтірік	77
неге	ботам	71
неге	ұзақ	106
неге	шаршап	101
неге	ватсап	105
неге	болмайды	98
неге	оқып	93
неге	жаза	97
неге	бізге	92
неге	шығарып	98
неге	жылап	96
неге	қазақша	69
неге	қойып	103
неге	жіберіп	100
неге	жүрсің	91
неге	сатып	100
неге	іздеп	100
неге	лайк	101
неге	ренжіп	96
неге	ертерек	66
неге	ұстап	85
неге	жалғыз	105
неге	жауып	102
неге	екенін	103
неге	өшіріп	52
неге	басып	58
неге	аяқ	99
неге	адамды	103
неге	сонша	105
неге	келдің	47
неге	келмей	99
неге	қымбат	85
неге	кешірім	96
неге	бересің	98
неге	көңіл	105
неге	менімен	91
неге	арзан	89
неге	ава	91
неге	именно	102
неге	алдың	64
неге	бермей	101
неге	десең	104
неге	шықпай	102
неге	звандай	87
неге	жазбай	104
неге	қуып	58
неге	бірден	98
неге	күліп	89
неге	айтпай	103
неге	өшіп	97
неге	бармай	91
неге	өзіңді	95
неге	алдап	104
неге	қашып	97
неге	сабаққа	95
неге	тырысып	102
неге	шықтың	85
неге	айтасың	85
неге	сұрай	93
неге	ватсапқа	99
неге	игнор	100
неге	алмайсың	86
неге	келмеді	73
неге	ұрысып	95
неге	телефонды	104
неге	бұлай	89
неге	айттың	69
неге	бұндай	92
неге	бардың	99
неге	үндемей	105
неге	өзінше	73
неге	кешігіп	100
неге	алмайсын	100
неге	ашуланып	54
неге	жаздың	89
неге	группадан	84
неге	хабарсыз	100
неге	айтасын	85
неге	өшіре	105
неге	ұйықтамай	106
неге	жайма	60
неге	жібердің	103
неге	кірмей	83
неге	жынданып	91
неге	әуре	106
неге	оқымай	99
неге	салмай	98
неге	айтпайсың	104
неге	айттын	82
неге	екенің	103
неге	бармайсың	98
неге	звандадың	104
неге	сұрадың	61
неге	айтпайды	64
неге	айтпадың	105
неге	салдың	86
неге	соншама	97
неге	алмадың	103
неге	жаздын	95
неге	жазбайсың	97
неге	игнорить	94
неге	үнсіз	104
неге	алмайсыз	91
неге	кірми	103
неге	өйтіп	102
неге	келмедің	98
неге	өшірдің	80
неге	хабарласпай	67
неге	айтпайсын	92
неге	жазбайсын	102
неге	бармадың	80
неге	күлесің	96
неге	түсінбейсің	89
неге	гүлдер	90
неге	айтпадын	103
неге	ұйқтамай	103
неге	көтермейсің	98
неге	сұрадыңыз	89
неге	күлдің	103
неге	жылайсың	87
неге	үндемейсің	103
неге	өйттің	95
маған	?	104
маған	мен	67
маған	жақсы	65
маған	деп	75
маған	!	73
маған	қалай	99
маған	сен	73
маған	жоқ	52
маған	бар	90
маған	рахмет	91
маған	керек	99
маған	жан	33
маған	жаным	93
маған	бір	83
маған	енді	40
маған	ол	60
маған	өзі	65
маған	өзің	92
маған	да	95
маған	неге	26
маған	маған	50
маған	алып	84
маған	осы	69
маған	ерте	54
маған	ертең	98
маған	мені	70
маған	менің	96
маған	деген	97
маған	емес	53
маған	істеп	56
маған	кім	94
маған	сені	71
маған	мама	88
маған	қайырлы	85
маған	адам	104
маған	или	97
маған	саған	104
маған	бүгін	92
маған	дұрыс	70
маған	алла	98
маған	болады	104
маған	айт	103
маған	айтып	70
маған	жұмыс	56
маған	көп	67
маған	ертен	70
маған	кеше	93
маған	ақ	82
маған	ақша	94
маған	қашан	41
маған	кешке	76
маған	қанша	96
маған	бала	83
маған	бәрі	98
маған	күшті	54
маған	екі	96
маған	қазір	74
маған	ана	78
маған	қыз	85
маған	үш	82
маған	кел	102
маған	келіп	74
маған	келе	67
маған	қандай	75
маған	басқа	80
маған	үй	76
маған	солай	104
маған	шығып	57
маған	жаз	97
маған	жазып	72
маған	қайда	53
маған	бірақ	104
маған	сенің	103
маған	бер	66
маған	қатты	78
маған	ала	56
маған	салып	98
маған	үйге	78
маған	жаман	101
маған	тамақ	80
маған	бұл	93
маған	кеп	90
маған	сіз	83
маған	папа	84
маған	мынау	103
маған	анау	102
маған	он	92
маған	жаңа	95
маған	еш	95
маған	ештеңе	92
маған	бұйырса	63
маған	ауыр	100
маған	тез	78
маған	айта	95
маған	беріп	77
маған	жасап	81
маған	ғана	90
маған	қызым	67
маған	неше	103
маған	жауап	101
маған	су	69
маған	видео	99
маған	негізі	92
маған	телефон	84
маған	қара	91
маған	қарап	82
маған	машина	62
маған	сондай	95
маған	тауып	85
маған	ешкім	97
маған	осылай	54
маған	келді	74
маған	келген	101
маған	жібер	81
маған	жіберші	80
маған	такси	58
маған	дос	101
маған	заказ	99
маған	келеді	95
маған	үлкен	102
маған	бәрін	93
маған	дым	94
маған	десе	80
маған	болама	88
маған	әңгіме	101
маған	өмір	91
маған	вообще	94
маған	осындай	81
маған	жұмысқа	74
маған	бірінші	102
маған	олай	89
маған	өтініш	65
маған	қайта	100
маған	без	84
маған	тастап	105
маған	ашып	90
маған	уақыт	104
маған	күнде	83
маған	каспи	95
маған	өте	92
маған	званда	88
маған	звандап	83
маған	өтірік	65
маған	оның	78
маған	айтты	96
маған	ең	71
маған	сөз	94
маған	демалыс	86
маған	осыны	93
маған	болмайды	95
маған	берген	91
маған	біреу	71
маған	жігіт	70
маған	сабақ	87
маған	жаза	101
маған	кішкентай	77
маған	жібере	104
маған	қызық	69
маған	айтшы	64
маған	келесің	91
маған	қиын	99
маған	орын	82
маған	жіберіп	93
маған	берші	79
маған	кішкене	80
маған	киім	103
маған	билет	100
маған	келгенде	103
маған	айтқан	67
маған	кредит	68
маған	лайк	86
маған	ренжіп	72
маған	бірдеңе	44
маған	айтпа	90
маған	каспий	95
маған	ертерек	102
маған	айфон	104
маған	сіздің	101
маған	кешегі	94
маған	келп	105
маған	артық	102
маған	берді	97
маған	былай	97
маған	жақын	101
маған	бәрібір	88
маған	дәл	38
маған	ренжіме	96
маған	айтады	77
маған	ақшаны	78
маған	келетін	100
маған	өзіме	99
маған	беретін	99
маған	бес	100
маған	көйлек	98
маған	тегін	97
маған	бересің	101
маған	көңіл	103
маған	админ	85
маған	түскен	97
маған	бермей	102
маған	десең	102
маған	қарсы	98
маған	көмек	89
маған	чек	81
маған	жазған	90
маған	звандай	79
маған	жазба	104
маған	жазбай	76
маған	оңай	84
маған	әкеп	95
маған	бірдене	96
маған	айтпай	103
маған	скрин	69
маған	сұрақ	98
маған	жіберген	99
маған	айтатын	90
маған	нақты	99
маған	жіберіңізші	103
маған	ертеңге	92
маған	жазды	92
маған	аударып	87
маған	хабарын	97
маған	ешқандай	99
маған	тырысып	97
маған	тыныштық	99
маған	айтасың	97
маған	тариф	101
маған	сөйлеп	96
маған	беріңізші	97
маған	звондап	103
маған	ұнайды	94
маған	ватсапқа	69
маған	қарыз	98
маған	ғашық	98
маған	адал	88
маған	түк	84
маған	әкеліп	104
маған	соғып	104
маған	ештеме	100
маған	алыс	103
маған	жазшы	104
маған	тіркеліп	86
маған	ватсаптан	66
маған	ұрысып	103
маған	маңызды	99
маған	ұқсап	103
маған	хабарлас	98
маған	жібересіз	98
маған	бұлай	104
маған	сеніп	102
маған	жасаған	77
маған	келші	101
маған	қарызға	104
маған	арналған	91
маған	бұндай	99
маған	біреуін	96
маған	каспиге	101
маған	керегі	93
маған	ақыл	87
маған	мүлдем	91
маған	внимание	102
маған	ұнамай	95
маған	ұнамайды	99
маған	ұқсайды	70
маған	қарағанда	92
маған	үміт	91
маған	тұрмысқа	104
маған	жабысып	85
маған	көмектесіп	99
маған	боқтап	97
маған	ұнады	103
маған	айтпады	79
маған	аудара	98
маған	жазыңыз	94
маған	қарамай	94
маған	керексің	92
маған	звандаған	64
маған	звандаш	100
маған	жекеге	98
маған	сенші	104
маған	измена	103
маған	звандады	105
маған	жаба	103
маған	назар	102
маған	тіркелген	92
маған	ұнайтын	97
маған	сенбей	71
маған	қатысты	93
маған	арнап	102
маған	бәрбір	100
маған	тиісіп	96
маған	ұнайсың	104
маған	ұнаған	70
маған	тіркелші	99
маған	тіркеліңдерші	80
маған	ұқсаған	93
маған	сенбейсің	103
маған	сенсең	95
маған	жарасатын	103
ал	?	103
ал	мен	60
ал	жақсы	16
ал	деп	67
ал	!	27
ал	сен	58
ал	керек	18
ал	жан	58
ал	жаным	83
ал	бір	53
ал	енді	74
ал	ол	31
ал	өзің	37
ал	да	72
ал	неге	67
ал	маған	78
ал	ал	42
ал	осы	63
ал	менде	78
ал	ертең	52
ал	мені	75
ал	менің	68
ал	деген	51
ал	кім	61
ал	сені	83
ал	мама	84
ал	құтты	80
ал	или	48
ал	саған	81
ал	бүгін	62
ал	алла	76
ал	ас	86
ал	айт	88
ал	ертен	86
ал	аман	84
ал	кешке	85
ал	туған	84
ал	қазір	86
ал	ана	54
ал	басқа	66
ал	біз	78
ал	бірақ	51
ал	сенің	87
ал	давай	66
ал	бұл	87
ал	сенде	66
ал	сіз	74
ал	если	53
ал	қыздар	88
ал	мынау	81
ал	анау	62
ал	айта	66
ал	телефон	78
ал	дейді	83
ал	бізде	85
ал	жол	73
ал	десе	83
ал	десем	80
ал	оған	84
ал	бірінші	82
ал	біздің	85
ал	олар	84
ал	сендер	74
ал	деді	74
ал	оның	77
ал	ботам	85
ал	бізге	88
ал	сәттілік	82
ал	ор	76
ал	егер	54
ал	дедім	56
ал	менікі	78
ал	былай	82
ал	екінші	63
ал	кәзір	85
ал	өл	85
ал	кеттік	70
ал	олардың	73
ал	көрдіңба	74
ал	жамал	50
ал	фараби	63
ал	қорқамын	72
ал	наср	84
алып	мен	81
алып	жақсы	85
алып	деп	103
алып	қала	99
алып	сен	87
алып	жоқ	99
алып	бар	97
алып	керек	90
алып	бір	104
алып	енді	80
алып	өзі	80
алып	өзің	100
алып	неге	101
алып	маған	92
алып	ал	84
алып	алып	53
алып	болып	61
алып	жатыр	103
алып	ертең	35
алып	мені	101
алып	ем	99
алып	саған	94
алып	жатсың	100
алып	тұр	79
алып	жұмыс	87
алып	барып	99
алып	ақша	63
алып	кешке	103
алып	еді	103
алып	кет	77
алып	кетті	41
алып	кел	34
алып	келіп	37
алып	келе	54
алып	бара	43
алып	жатырм	63
алып	жатырмын	91
алып	шығып	54
алып	жазып	70
алып	бірақ	99
алып	бер	95
алып	қой	52
алып	кетіп	73
алып	ала	53
алып	салып	97
алып	үйге	77
алып	ішіп	90
алып	барам	81
алып	ап	64
алып	едім	93
алып	кеп	53
алып	жүр	77
алып	отыр	70
алып	отырмын	77
алып	берсін	85
алып	болған	97
алып	беріп	97
алып	жауап	54
алып	қалды	94
алып	жатқан	87
алып	же	59
алып	келді	93
алып	келген	60
алып	кеткен	61
алып	жүре	53
алып	жүрген	83
алып	заказ	68
алып	келед	103
алып	келеді	101
алып	жеп	66
алып	алам	85
алып	кіріп	80
алып	ауылға	101
алып	алды	103
алып	жерге	81
алып	қайт	99
алып	қайта	101
алып	таста	93
алып	тастап	59
алып	келдім	63
алып	барамыз	63
алып	алдым	91
алып	кеттім	72
алып	алу	76
алып	кете	73
алып	кетем	39
алып	тұрған	30
алып	алған	104
алып	берген	81
алып	апарып	63
алып	келем	99
алып	баратын	59
алып	беред	96
алып	береді	98
алып	алайын	75
алып	келесің	67
алып	қойып	78
алып	келсін	74
алып	келсе	65
алып	берші	90
алып	жүрсің	61
алып	сатып	88
алып	келгенде	100
алып	қоя	100
алып	жатсыз	75
алып	қалып	100
алып	жатырсың	85
алып	кетеді	93
алып	қойды	47
алып	қойдым	73
алып	қайтып	56
алып	жүрмін	98
алып	алатын	83
алып	барады	98
алып	бару	92
алып	берді	89
алып	жатсын	65
алып	берейін	99
алып	жатырмыз	67
алып	шығасың	81
алып	барған	96
алып	журген	103
алып	қойшы	94
алып	алады	93
алып	отырған	97
алып	барамын	97
алып	келет	79
алып	келетін	103
алып	шық	79
алып	шықтым	74
алып	едің	99
алып	барсам	89
алып	барайын	95
алып	берет	77
алып	беретін	99
алып	отыра	72
алып	кеттің	103
алып	келдің	87
алып	беру	97
алып	беремін	78
алып	бересің	66
алып	шығамыз	77
алып	жатса	94
алып	аламыз	98
алып	кетсе	100
алып	алдың	68
алып	алса	103
алып	алсам	103
алып	кетші	91
алып	дайындап	65
алып	қойған	102
алып	қалады	67
алып	бермей	100
алып	шығатын	97
алып	кетет	96
алып	берсе	73
алып	едік	87
алып	келдік	89
алып	кетіпті	89
алып	бердім	85
алып	кететін	76
алып	жатырма	60
алып	қашып	98
алып	береміз	48
алып	қалам	88
алып	кетсін	89
алып	берсем	68
алып	беріңізші	95
алып	жатқанда	81
алып	тастады	104
алып	тастадым	82
алып	жатсам	72
алып	кетсем	97
алып	кету	68
алып	алсай	59
алып	бересіз	88
алып	келу	89
алып	жүретін	68
алып	шығамын	103
алып	кетесің	101
алып	келіңдер	63
алып	келші	84
алып	жүрміз	65
алып	келесіз	104
алып	беруге	89
алып	калам	94
алып	кетейін	100
алып	берсең	55
алып	кетеміз	93
алып	алсын	66
алып	тастай	98
алып	тастаған	77
алып	келеміз	79
алып	алсаң	88
алып	кеткенде	103
алып	койдым	103
алып	алайық	85
алып	алшы	91
алып	алыңыз	104
алып	келіңіз	95
алып	қойдың	82
алып	берейік	96
алып	кетер	99
алып	келсең	83
алып	берсен	101
алып	берсей	96
алып	келсем	103
алып	жей	101
алып	кетпей	103
алып	келсей	104
алып	келгем	100
алып	кеткем	95
алып	кеттіма	103
алып	келейін	99
алып	жүру	83
алып	қойыпты	104
алып	келемін	89
алып	кетемін	89
алып	берер	65
алып	алыңдар	101
алып	ұшып	98
алып	кетіңіз	100
алып	келіпті	85
алып	кетсең	90
алып	кетуге	92
алып	кетсен	59
алып	қоямын	98
алып	бергем	103
алып	кетема	99
алып	тастадың	90
алып	келуге	98
алып	келіңіздер	80
алып	тастайын	102
алып	қалу	96
алып	қойдық	96
алып	тастайды	88
алып	қалайын	96
алып	тастапты	95
алып	кеткім	96
алып	кетпесе	104
алып	кетіңдер	100
алып	кетіңіздер	85
алып	кетсек	103
алып	кетуім	93
алып	кетесіз	95
алып	кетейік	72
алып	кетесін	91
алып	келіңізші	99
алып	тастаса	93
алып	тастауға	103
алып	кетесіңба	101
алып	кетсей	90
алып	кетесіңдер	97
алып	кетсеңіз	104
алып	кетпедің	93
алып	отырыңыздар	102
алып	қашу	95
алып	қашты	84
алып	қашқан	101
алып	кетіңізші	96
алып	кетермін	103
алып	кашу	100
алып	кетерсің	103
алып	қалшы	103
алып	кетесіздер	104
алып	кетесізба	101
алып	үлгеріңіздер	102
алып	қашса	99
болып	?	104
болып	мен	101
болып	жақсы	81
болып	деп	95
болып	қала	101
болып	сен	76
болып	бір	97
болып	енді	78
болып	неге	85
болып	маған	104
болып	ал	101
болып	алып	104
болып	болып	75
болып	жатыр	97
болып	істеп	13
болып	жатсың	95
болып	тұр	89
болып	жұмыс	13
болып	барып	65
болып	аман	87
болып	еді	77
болып	бала	60
болып	кет	100
болып	кетті	82
болып	келіп	20
болып	келе	87
болып	бара	67
болып	жатырм	61
болып	жатырмын	88
болып	шығып	60
болып	жазып	86
болып	кетіп	103
болып	барам	70
болып	едім	100
болып	жүр	92
болып	бақытты	44
болып	ауырып	96
болып	отыр	89
болып	отырмын	59
болып	ұйықтап	62
болып	қалды	100
болып	жатқан	24
болып	соған	47
болып	келді	102
болып	келген	87
болып	кеткен	95
болып	жүре	42
болып	ойнап	41
болып	жүрген	103
болып	келеді	60
болып	үлкен	78
болып	өмір	94
болып	келдім	95
болып	барамыз	101
болып	кеттім	98
болып	түсіп	69
болып	кете	103
болып	кетем	78
болып	тұрған	85
болып	жүріп	59
болып	өтіп	98
болып	жүрсің	102
болып	жазылып	76
болып	қалып	101
болып	жатырсың	75
болып	кетеді	99
болып	жүрмін	51
болып	барады	70
болып	жатырмыз	90
болып	қалдың	84
болып	журген	68
болып	тұра	85
болып	отырған	101
болып	отыра	90
болып	кеттің	91
болып	беремін	50
болып	жатса	100
болып	тұрады	39
болып	тұрмын	65
болып	кетсе	70
болып	калган	68
болып	өсіп	79
болып	түскен	83
болып	қалады	100
болып	кеттік	53
болып	кетет	87
болып	кетіпті	84
болып	кететін	64
болып	жатырма	78
болып	қалыпты	61
болып	қалам	66
болып	кетсін	87
болып	кетпе	71
болып	кетпесін	99
болып	отырсың	89
болып	тұрды	84
болып	жатқанда	102
болып	көрініп	97
болып	жатсам	96
болып	кетсем	97
болып	кету	92
болып	қалса	102
болып	жүретін	72
болып	қалдық	95
болып	кетесің	79
болып	тұрсың	81
болып	жүреді	66
болып	жүрем	98
болып	жүрміз	104
болып	жүргенде	100
болып	калам	99
болып	кетейін	104
болып	киініп	103
болып	тұрғанда	103
болып	өсе	100
болып	тұрса	33
болып	қалар	85
болып	калған	65
болып	кетер	96
болып	кетпей	84
болып	қаласың	94
болып	кеткем	85
болып	кеттіма	103
болып	жүрма	96
болып	жүру	103
болып	қапты	104
болып	отырайық	94
болып	кетіңіз	93
болып	қалама	102
болып	қалдыңыз	90
болып	кетема	93
болып	қалсын	99
болып	қаламыз	104
болып	көрінеді	103
болып	кеттіңіз	98
болып	жатырғо	92
болып	өссін	102
болып	кетпесе	53
болып	жатқанын	104
болып	жүрмесін	79
болып	жатырго	91
болып	жатырғой	104
болып	тұрсыз	102
болып	кеттіғой	89
болып	тұрмыз	95
болып	кетіпсің	101
болып	табылады	74
болып	калмасын	86
болып	кеткенба	100
болып	қалуы	99
болып	кеткенсің	98
болып	қалайық	87
болып	кетіпсіз	87
болып	саналады	104
сәл	болсын	104
сәл	сәл	43
сәл	ерте	19
сәл	ақ	43
сәл	ауырып	45
сәл	ғана	46
сәл	қалды	38
сәл	демалып	35
сәл	ертерек	48
сәл	болсада	36
сәл	сабыр	44
сәл	күте	44
сәл	кешігіп	30
сәл	нәрсеге	32
сәл	кештеу	47
сәлем	?	43
сәлем	мен	91
сәлем	жақсы	65
сәлем	деп	32
сәлем	!	85
сәлем	қалай	18
сәлем	қалайсың	82
сәлем	сен	8
сәлем	жоқ	94
сәлем	рахмет	90
сәлем	жан	60
сәлем	жаным	95
сәлем	шүкір	49
сәлем	өзің	41
сәлем	неге	99
сәлем	маған	103
сәлем	сәлем	93
сәлем	осы	48
сәлем	ертең	98
сәлем	менің	101
сәлем	кім	88
сәлем	құтты	101
сәлем	қайырлы	76
сәлем	бүгін	57
сәлем	айт	95
сәлем	айтып	29
сәлем	жұмыс	53
сәлем	қалайсыз	100
сәлем	аман	48
сәлем	кеш	102
сәлем	қанша	86
сәлем	туған	96
сәлем	қыз	88
сәлем	рақмет	92
сәлем	қайда	89
сәлем	аллаға	101
сәлем	бұл	84
сәлем	қалайсыңдар	101
сәлем	қыздар	32
сәлем	әумин	32
сәлем	айта	93
сәлем	беріп	95
сәлем	досым	96
сәлем	әмин	81
сәлем	қалайсыздар	101
сәлем	қалың	74
сәлем	қалыңыз	60
сәлем	онлайн	76
сәлем	группа	96
сәлем	бердік	101
сәлем	қалдарың	15
сәлем	достар	61
сәлем	көрші	57
сәлем	амансыңдарма	104
сәлем	қалдарыңыз	96
сәлем	сұлу	102
сәлем	красавица	60
сәлем	баршаңызға	94
сәлем	бердім	67
сәлем	танысуға	62
сәлем	құрдас	96
сәлем	айтыңыз	94
сәлем	бәріңе	55
сәлем	сұлуым	69
сәлем	құрдастар	89
сәлем	барлықтарыңа	87
сәлем	айтыңдар	41
сәлем	кластастар	103
сәлем	баршаға	97
сәлем	бердіктер	100
жат	деп	78
жат	енді	16
жат	жат	22
жат	болды	29
жат	ұйықта	39
жат	десе	35
жатыр	?	36
жатыр	мен	27
жатыр	жақсы	61
жатыр	де	97
жатыр	деп	92
жатыр	!	26
жатыр	қалай	77
жатыр	сен	101
жатыр	рахмет	81
жатыр	ғой	103
жатыр	жан	17
жатыр	жаным	94
жатыр	шүкір	78
жатыр	бір	100
жатыр	енді	76
жатыр	ол	68
жатыр	өзі	69
жатыр	өзің	86
жатыр	да	101
жатыр	неге	67
жатыр	маған	83
жатыр	ал	71
жатыр	алып	94
жатыр	екен	99
жатыр	осы	18
жатыр	менде	87
жатыр	ертең	81
жатыр	мені	80
жатыр	менің	91
жатыр	деген	88
жатыр	ем	63
жатыр	кім	81
жатыр	сені	102
жатыр	мама	87
жатыр	саған	89
жатыр	бүгін	88
жатыр	алла	79
жатыр	жұмыс	103
жатыр	ертен	95
жатыр	ау	95
жатыр	кеше	56
жатыр	ақша	90
жатыр	қашан	93
жатыр	кешке	98
жатыр	еді	95
жатыр	бәрі	24
жатыр	екі	84
жатыр	қазір	92
жатыр	ана	80
жатыр	басқа	91
жатыр	үйде	104
жатыр	біз	92
жатыр	бірақ	96
жатыр	сенің	88
жатыр	қатты	103
жатыр	үйге	101
жатыр	тамақ	100
жатыр	бұл	104
жатыр	едім	103
жатыр	папа	33
жатыр	қыздар	104
жатыр	анау	103
жатыр	бұйырса	98
жатыр	тез	103
жатыр	ұйықтап	104
жатыр	телефон	102
жатыр	соған	95
жатыр	дейді	69
жатыр	бізде	55
жатыр	десем	100
жатыр	оған	94
жатыр	олар	104
жатыр	қайта	103
жатыр	содан	87
жатыр	деді	103
жатыр	дедім	82
жатыр	екенсің	100
жатыр	едің	80
жатыр	едік	60
жатыр	десей	70
жатыр	едіңіз	102
жатыр	сыз	91
жатыр	едіғо	96
жатыр	екенсіз	99
жатыр	екенғой	101
жатыр	едіғой	103
жатыр	едіңғо	103
аа	?	102
аа	мен	43
аа	жақсы	37
аа	деп	16
аа	қалай	70
аа	сен	93
аа	жоқ	61
аа	бар	58
аа	рахмет	95
аа	керек	42
аа	жан	102
аа	жаным	104
аа	шүкір	82
аа	бір	100
аа	енді	94
аа	ол	63
аа	өзің	58
аа	да	93
аа	неге	79
аа	маған	67
аа	сәлем	81
аа	аа	97
аа	болды	61
аа	осы	44
аа	менде	97
аа	ертең	62
аа	мені	85
аа	менің	102
аа	деген	94
аа	ем	94
аа	кім	81
аа	мама	88
аа	құтты	102
аа	қайырлы	60
аа	ой	96
аа	саған	62
аа	бүгін	100
аа	дұрыс	88
аа	алла	17
аа	ас	91
аа	болад	51
аа	болады	101
аа	жұмыс	54
аа	жарайды	96
аа	ертен	20
аа	аман	93
аа	кеше	82
аа	аха	93
аа	қашан	83
аа	кешке	79
аа	қанша	94
аа	күшті	98
аа	қазір	44
аа	ана	90
аа	рақмет	100
аа	қандай	72
аа	басқа	92
аа	үйде	101
аа	солай	101
аа	біз	59
аа	қайда	86
аа	давай	104
аа	все	73
аа	сенде	48
аа	сіз	102
аа	анау	102
аа	ештеңе	100
аа	тез	93
аа	иә	98
аа	сондай	75
аа	әдемі	87
аа	всё	99
аа	жай	44
аа	білмеймін	87
аа	бізде	85
аа	молодец	87
аа	жол	57
аа	оған	74
аа	олар	102
аа	бопты	103
аа	ойбай	47
аа	ладно	85
аа	қабыл	72
аа	сәттілік	86
аа	зор	81
аа	жазылып	102
аа	олда	77
аа	кешір	100
аа	кайдан	95
аа	жоға	90
аа	иманды	87
аа	жолың	94
аа	мақұл	80
аа	ойбу	76
аа	бәсе	75
аа	жолдарың	62
аа	мейлі	90
аа	басе	80
аа	болт	64
аа	кстати	95
аа	айтпақшы	94
аа	білмедім	88
аа	түсінікті	97
аа	түсіндім	69
аа	болдығо	92
аа	жолын	89
аа	кешіріңіз	101
аа	жолыңыз	104
болды	?	101
болды	мен	17
болды	жақсы	50
болды	деп	79
болды	!	34
болды	сен	66
болды	жоқ	71
болды	бар	92
болды	рахмет	99
болды	керек	55
болды	ғой	63
болды	жан	16
болды	жаным	73
болды	бір	44
болды	енді	67
болды	ол	42
болды	өзі	66
болды	өзің	80
болды	да	98
болды	неге	72
болды	маған	77
болды	ал	64
болды	алып	87
болды	болды	89
болды	екен	31
болды	осы	52
болды	менде	66
болды	ертең	80
болды	мені	74
болды	менің	88
болды	деген	87
болды	емес	75
болды	істеп	79
болды	кім	102
болды	сені	98
болды	мама	93
болды	адам	93
болды	саған	101
болды	бүгін	55
болды	дұрыс	73
болды	алла	103
болды	айтып	87
болды	жұмыс	95
болды	көп	93
болды	барып	101
болды	жарайды	98
болды	ертен	91
болды	ау	88
болды	аман	56
болды	кеше	94
болды	ақша	85
болды	қашан	86
болды	кешке	96
болды	бәрі	90
болды	екі	75
болды	қазір	94
болды	ана	84
болды	қыз	97
болды	рақмет	102
болды	келе	86
болды	басқа	91
болды	үйде	70
болды	солай	103
болды	бара	95
болды	біз	103
болды	шығып	98
болды	жазып	103
болды	бірақ	102
болды	сенің	84
болды	давай	99
болды	қатты	93
болды	қой	101
болды	салып	101
болды	үйге	103
болды	барам	99
болды	апай	98
болды	бұл	98
болды	сенде	85
болды	мынау	102
болды	анау	100
болды	ештеңе	102
болды	бұйырса	79
болды	ауырып	96
болды	айта	86
болды	қызым	89
болды	брат	99
болды	жауап	83
болды	негізі	91
болды	телефон	94
болды	аға	103
болды	тауып	97
болды	ешкім	100
болды	соған	102
болды	осылай	93
болды	дейді	103
болды	тыныш	84
болды	досым	102
болды	бәрін	78
болды	дым	99
болды	десем	101
болды	оған	95
болды	күтіп	93
болды	болмаса	99
болды	азанда	94
болды	қайта	102
болды	содан	100
болды	барамыз	99
болды	бауырым	104
болды	братан	92
болды	деді	77
болды	ботам	94
болды	хабар	90
болды	жаза	102
болды	қоя	103
болды	ренжіп	90
болды	дедім	88
болды	қойдым	101
болды	әпше	100
болды	ары	98
болды	артық	102
болды	емеспа	100
болды	аяқ	81
болды	қойшы	102
болды	сонша	90
болды	бітті	55
болды	әйтеуір	88
болды	тамыр	97
болды	сонымен	93
болды	жазба	86
болды	тыныштық	98
болды	түсіндім	84
болды	осымен	91
болды	соншама	98
екен	?	90
екен	мен	17
екен	жақсы	54
екен	де	78
екен	деп	101
екен	!	17
екен	қалай	47
екен	сен	100
екен	бар	79
екен	рахмет	95
екен	ғой	86
екен	жан	16
екен	жаным	100
екен	бір	75
екен	енді	66
екен	ол	67
екен	өзі	48
екен	да	79
екен	неге	54
екен	маған	94
екен	ал	64
екен	алып	97
екен	аа	92
екен	екен	95
екен	осы	103
екен	менде	69
екен	ертең	73
екен	мені	81
екен	менің	91
екен	деген	82
екен	кім	70
екен	сені	91
екен	мама	97
екен	құтты	96
екен	адам	80
екен	или	95
екен	саған	93
екен	бүгін	81
екен	алла	76
екен	айтып	86
екен	жұмыс	94
екен	көп	99
екен	барып	101
екен	ертен	96
екен	ау	96
екен	аман	82
екен	кеше	86
екен	ақша	87
екен	кешке	96
екен	қанша	93
екен	бала	98
екен	бәрі	99
екен	күшті	89
екен	екі	97
екен	қазір	90
екен	ана	92
екен	басқа	88
екен	үйде	96
екен	біз	97
екен	бірақ	85
екен	сенің	73
екен	бұл	93
екен	сенде	64
екен	сіз	98
екен	мынау	89
екен	анау	96
екен	сұрап	98
екен	жаңа	87
екен	бұйырса	99
екен	тез	92
екен	иә	102
екен	негізі	98
екен	әдемі	81
екен	еще	103
екен	соған	102
екен	дейді	59
екен	бізде	83
екен	десем	99
екен	оған	71
екен	осындай	95
екен	біздің	102
екен	олар	101
екен	содан	97
екен	деді	86
екен	бізге	94
екен	біліп	103
екен	базар	89
екен	олда	90
екен	дедім	100
екен	бағасы	97
екен	соның	92
екен	дегенім	101
екен	деймін	101
осы	?	100
осы	мен	67
осы	жақ	54
осы	жақсы	95
осы	деп	71
осы	қала	78
осы	қалай	95
осы	сен	94
осы	бар	42
осы	керек	63
осы	ғой	73
осы	бір	52
осы	енді	60
осы	да	84
осы	неге	72
осы	маған	71
осы	болып	83
осы	болды	81
осы	екен	81
осы	осы	64
осы	менде	90
осы	мені	98
осы	менің	90
осы	емес	64
осы	сені	93
осы	адам	96
осы	саған	84
осы	болса	81
осы	дұрыс	83
осы	болады	63
осы	ай	90
осы	жұмыс	39
осы	ау	93
осы	ақ	94
осы	ақша	80
осы	боп	94
осы	еді	95
осы	қанша	93
осы	бала	63
осы	барма	57
осы	күшті	76
осы	күн	88
осы	екі	99
осы	қазір	50
осы	қыз	86
осы	үш	52
осы	үшін	80
осы	келіп	66
осы	үй	102
осы	үйде	96
осы	біз	79
осы	кез	94
осы	кезде	95
осы	шығып	42
осы	жаз	99
осы	сенің	84
осы	үйге	62
осы	күні	84
осы	апай	70
осы	сенде	101
осы	сіз	91
осы	қыздар	89
осы	жаңа	94
осы	сияқты	75
осы	ғана	73
осы	неше	60
осы	видео	97
осы	телефон	74
осы	қара	95
осы	машина	101
осы	жер	93
осы	жерде	69
осы	әдемі	32
осы	болама	76
осы	әңгіме	95
осы	біздің	102
осы	жана	87
осы	жерге	84
осы	жақта	44
осы	уақыт	46
осы	жағдай	88
осы	сендер	100
осы	каспи	86
осы	жыл	94
осы	түс	77
осы	түсі	93
осы	сөз	96
осы	демалыс	80
осы	ауылда	96
осы	ватсап	89
осы	дан	90
осы	жаққа	93
осы	біреу	60
осы	жігіт	102
осы	адамдар	77
осы	болу	94
осы	баға	93
осы	екеуі	93
осы	сіздің	57
осы	жылы	98
осы	сурет	40
осы	зат	91
осы	апта	103
осы	адрес	32
осы	жайлы	89
осы	группа	102
осы	жерден	90
осы	күнге	35
осы	емеспа	51
осы	жақын	93
осы	аяқ	99
осы	уақытта	97
осы	соңғы	67
осы	қалада	80
осы	жолы	102
осы	айда	32
осы	айдан	39
осы	ақшаны	80
осы	бойы	96
осы	бойынша	78
осы	жақтан	72
осы	көйлек	55
осы	жұма	73
осы	қатын	89
осы	жылғы	98
осы	группаға	101
осы	баланы	76
осы	үйді	83
осы	үйдің	96
осы	қызға	91
осы	сұрақ	65
осы	қаншадан	98
осы	мектепте	103
осы	жері	99
осы	түрі	98
осы	арқылы	92
осы	ән	96
осы	қыздың	95
осы	балаға	81
осы	баланың	84
осы	айды	95
осы	айдын	84
осы	нөмір	62
осы	қызбен	63
осы	баламен	87
осы	күнді	100
осы	заттар	96
осы	екеуін	93
осы	аккаунт	64
осы	айдың	91
осы	өлең	40
осы	аида	88
осы	воскресенье	89
осы	өмірде	93
осы	уақытқа	89
осы	группада	34
осы	жазда	73
осы	айға	72
осы	сөзді	68
осы	жасқа	60
осы	видеоны	95
осы	тұрғанда	58
осы	сөздер	98
осы	жақында	102
осы	жылдан	81
осы	кісілер	98
осы	жерді	94
осы	заттарды	89
осы	ұнады	100
осы	өмірдегі	102
осы	жұмысты	101
осы	аптада	103
осы	күндері	66
осы	кісіге	87
осы	жақтағы	67
осы	чатқа	94
осы	смайлик	87
осы	сөзге	101
осы	жердің	102
осы	демалыста	99
осы	сөзің	91
осы	двойка	85
осы	кісіні	99
осы	кісінің	94
осы	екеуіне	84
осы	бастан	95
осы	суретті	70
осы	видеоға	84
осы	чатта	97
осы	жігітке	86
осы	екеуінің	98
осы	күніме	83
осы	сөздерді	101
осы	қыздан	85
осы	нөмірге	101
осы	көйлекті	48
осы	үшеуі	87
осы	жақтың	89
осы	аптаға	101
осы	тоқсан	100
осы	жердегі	91
осы	кезге	90
осы	ойынды	63
осы	группаны	98
осы	сұраққа	101
осы	сөзіңді	103
осы	бағада	94
осы	аптаның	99
осы	кезден	75
осы	видионы	96
осы	каналға	87
осы	жылдың	99
осы	сөзден	102
осы	өлеңді	100
осы	сөзіңе	80
осы	нөмірде	102
осы	адреске	59
осы	әнді	83
осы	кісіден	87
осы	киноны	89
осы	музыканы	99
осы	группаның	95
осы	үшеуін	98
осы	кісімен	95
осы	звука	95
осы	сұрақты	100
осы	нөмірді	97
осы	түсінен	91
осы	мәселені	100
осы	сілтемені	102
менде	?	101
менде	мен	97
менде	жақсы	93
менде	де	49
менде	деп	20
менде	сен	85
менде	жоқ	59
менде	бар	33
менде	ғой	33
менде	жан	82
менде	жаным	80
менде	шүкір	40
менде	бір	87
менде	енді	47
менде	ол	57
менде	да	72
менде	неге	93
менде	алып	87
менде	болып	85
менде	болды	102
менде	осы	99
менде	менде	61
менде	ерте	76
менде	ертең	93
менде	емес	72
менде	істеп	70
менде	сені	102
менде	мама	24
менде	адам	101
менде	саған	77
менде	бүгін	58
менде	болса	67
менде	дұрыс	90
менде	алла	94
менде	тұр	102
менде	айтып	91
менде	жұмыс	79
менде	көп	66
менде	бары	71
менде	барып	81
менде	ертен	74
менде	кеше	81
менде	ақша	70
менде	кешке	43
менде	қанша	91
менде	бала	94
менде	бәрі	91
менде	күшті	48
менде	екі	99
менде	қаз	69
менде	қазір	97
менде	ана	63
менде	қыз	95
менде	үш	87
менде	келе	101
менде	қандай	97
менде	басқа	94
менде	үй	72
менде	үйде	101
менде	солай	74
менде	бара	40
менде	жатырм	78
менде	жатырмын	102
менде	шығып	82
менде	жазып	78
менде	бірақ	89
менде	сенің	91
менде	қатты	72
менде	кетіп	64
менде	ала	83
менде	салып	101
менде	үйге	102
менде	ішіп	88
менде	жаман	98
менде	барам	80
менде	тамақ	54
менде	бұл	88
менде	сенде	101
менде	сіз	90
менде	сұрап	91
менде	жаңа	100
менде	еш	76
менде	ештеңе	102
менде	бұйырса	90
менде	ауырып	95
менде	отырмын	81
менде	айта	91
менде	болған	97
менде	көріп	88
менде	ғана	96
менде	жаңалық	73
менде	видео	95
менде	ұйықтап	101
менде	негізі	89
менде	айтам	89
менде	телефон	86
менде	қарап	84
менде	машина	92
менде	сондай	88
менде	ешкім	60
менде	соған	91
менде	білмеймін	95
менде	осылай	86
менде	тыныш	73
менде	дос	89
менде	жүрегім	95
менде	ойнап	101
менде	заказ	93
менде	дым	93
менде	бос	65
менде	әңгіме	98
менде	оған	97
менде	күтіп	91
менде	вообще	93
менде	болмай	77
менде	осындай	74
менде	алам	78
менде	шай	96
менде	жұмысқа	99
менде	аз	92
менде	азанда	95
менде	бірінші	102
менде	олай	94
менде	кіріп	97
менде	жана	100
менде	ауылға	85
менде	келдім	96
менде	уақыт	99
менде	күнде	77
менде	кеттім	94
менде	каспи	96
менде	ойлап	62
менде	ұмытып	82
менде	жұмыста	88
менде	кетем	84
менде	оның	81
менде	сізді	93
менде	ботам	54
менде	шаршап	99
менде	демалыс	78
менде	ауылда	95
менде	осыны	97
менде	ватсап	101
менде	айттым	89
менде	жігіт	83
менде	сабақ	90
менде	қалаға	88
менде	жылап	98
менде	баратын	101
менде	қол	91
менде	сағындым	99
менде	кішкене	54
менде	кредит	101
менде	каспий	88
менде	айфон	76
менде	жұмыстан	98
менде	быр	97
менде	жіберем	101
менде	жалғыз	99
менде	казір	102
менде	бұрын	98
менде	артық	101
менде	жынды	88
менде	білем	101
менде	жүрек	101
менде	біраз	95
менде	сағынып	101
менде	инста	83
менде	түсінбедім	90
менде	таппай	100
менде	дәл	102
менде	барамын	85
менде	ұйқы	90
менде	шықтым	97
менде	барсам	94
менде	көрдім	95
менде	барайын	100
менде	сенімен	87
менде	көк	98
менде	интернет	102
менде	барлығы	67
менде	желания	95
менде	ойланып	101
менде	басында	96
менде	голд	95
менде	шықпай	89
менде	жоққо	92
менде	бітіп	91
менде	сүйемін	99
менде	өшіп	89
менде	жақсымын	67
менде	кейде	92
менде	проблема	100
менде	ешқандай	97
менде	тариф	98
менде	бармаймын	69
менде	өзімде	94
менде	қуаныштымын	102
менде	жатам	92
менде	уайымдап	93
менде	зарядка	100
менде	сендерді	96
менде	шаршадым	94
менде	несі	86
менде	жоққой	101
менде	барғым	102
менде	каспиде	83
менде	кірем	83
менде	сүйдім	101
менде	жаттым	83
менде	кілт	102
менде	ақымақ	102
менде	ашпай	102
менде	вайфай	93
менде	бөтен	102
менде	нең	98
менде	баруым	75
менде	бармын	95
менде	ашылмай	94
менде	адаммын	95
менде	голдта	94
менде	единица	101
менде	спам	96
менде	мегабайт	82
менде	жетісіп	97
менде	сондаймын	101
менде	барайыншы	92
ер	адам	97
ер	бала	18
ер	балдар	33
ер	жігіт	64
ер	адамдар	58
ер	азамат	39
ер	жетіп	22
ер	адамды	62
ер	адамға	60
ер	адамның	41
ер	балаға	43
ер	адамдарға	54
ер	азаматтар	63
ерте	деп	57
ерте	ғой	52
ерте	алып	42
ерте	жат	59
ерте	ерте	58
ерте	емес	68
ерте	болса	36
ерте	тұр	71
ерте	айтып	61
ерте	барып	70
ерте	кел	32
ерте	келіп	50
ерте	келе	40
ерте	бара	55
ерте	шығып	65
ерте	кетіп	35
ерте	барам	43
ерте	кеп	60
ерте	жауап	55
ерте	ұйықтап	67
ерте	жатып	35
ерте	кетем	30
ерте	тұрған	66
ерте	келем	54
ерте	келсе	66
ерте	қайтып	67
ерте	кеші	56
ерте	бару	56
ерте	емеспа	56
ерте	шығамыз	42
ерте	тұрады	60
ерте	шығатын	66
ерте	тұрдым	68
ерте	жатам	62
ерте	тұрасың	66
ерте	тұру	59
ерте	тұрдың	19
ерте	оянып	65
ерте	жату	69
ерте	тұрыпсың	58
ертең	?	52
ертең	мен	74
ертең	жақсы	42
ертең	де	92
ертең	деп	60
ертең	қалай	61
ертең	сен	84
ертең	жоқ	65
ертең	бар	90
ертең	керек	89
ертең	ғой	85
ертең	бір	83
ертең	енді	54
ертең	ол	85
ертең	өзі	84
ертең	өзің	97
ертең	маған	84
ертең	алып	62
ертең	болып	49
ертең	екен	96
ертең	осы	99
ертең	менде	81
ертең	ерте	71
ертең	ертең	47
ертең	мені	76
ертең	менің	78
ертең	деген	71
ертең	емес	98
ертең	істеп	63
ертең	кім	100
ертең	сені	71
ертең	мама	90
ертең	адам	78
ертең	или	97
ертең	саған	57
ертең	бүгін	73
ертең	болса	95
ертең	алла	75
ертең	болады	60
ертең	айтып	74
ертең	жұмыс	85
ертең	барып	22
ертең	кеш	45
ертең	ақ	96
ертең	ақша	83
ертең	кешке	72
ертең	бала	26
ертең	бәрі	95
ертең	күн	91
ертең	туған	92
ертең	екі	75
ертең	ана	85
ертең	кел	80
ертең	келіп	64
ертең	келе	74
ертең	қандай	69
ертең	басқа	88
ертең	үй	87
ертең	үйде	94
ертең	бара	64
ертең	біз	65
ертең	шығып	78
ертең	жазып	79
ертең	қайда	94
ертең	бірақ	86
ертең	сенің	81
ертең	қой	88
ертең	кетіп	95
ертең	ала	87
ертең	салып	74
ертең	үйге	62
ертең	күні	70
ертең	барам	93
ертең	тамақ	40
ертең	ап	101
ертең	сенде	98
ертең	таң	96
ертең	кеп	81
ертең	сіз	96
ертең	папа	93
ертең	көрем	92
ертең	анау	81
ертең	сұрап	99
ертең	бұйырса	80
ертең	беріп	48
ертең	жасап	76
ертең	көріп	98
ертең	мал	102
ертең	неше	96
ертең	жауап	101
ертең	су	84
ертең	айтам	102
ертең	қарап	65
ертең	машина	99
ертең	бірге	96
ертең	сағат	83
ертең	тауып	45
ертең	до	88
ертең	соған	96
ертең	такси	98
ертең	бізде	99
ертең	жол	95
ертең	заказ	82
ертең	келед	92
ертең	келеді	92
ертең	бәрін	60
ертең	бос	97
ертең	болама	72
ертең	алп	88
ертең	болмаса	101
ертең	алам	85
ертең	туылған	78
ертең	жұмысқа	98
ертең	азанда	43
ертең	бірінші	34
ертең	біздің	98
ертең	кіріп	93
ертең	сөйлесіп	99
ертең	ауылға	101
ертең	қайта	58
ертең	түнде	87
ертең	нешеде	81
ертең	уақыт	50
ертең	барамыз	99
ертең	сендер	56
ертең	түсіп	102
ертең	жұмыста	100
ертең	звандап	75
ертең	кетем	97
ертең	дем	69
ертең	демалыс	99
ертең	ауылда	53
ертең	дайын	96
ертең	апарып	85
ертең	сабақ	72
ертең	қалаға	60
ертең	бізге	51
ертең	шығарып	94
ертең	бастап	96
ертең	ар	101
ертең	келем	96
ертең	баратын	70
ертең	қол	64
ертең	келесің	92
ертең	келсін	64
ертең	тойға	99
ертең	келсе	69
ертең	біліп	95
ертең	базар	100
ертең	болатын	98
ертең	жазам	96
ертең	таңертең	73
ертең	келгенде	39
ертең	кредит	93
ертең	бірдеңе	81
ертең	ертерек	100
ертең	день	72
ертең	көреміз	99
ертең	кетеді	68
ертең	жұмыстан	82
ертең	қайтып	80
ертең	жіберем	94
ертең	келін	71
ертең	алатын	101
ертең	барады	100
ертең	бару	81
ертең	далаға	100
ертең	соңғы	101
ертең	шығасың	73
ертең	барған	74
ертең	қалада	101
ертең	айтады	100
ертең	барамын	101
ертең	ашық	64
ертең	келет	102
ертең	келетін	98
ертең	шық	75
ертең	қолым	95
ертең	барсам	99
ертең	барайын	71
ертең	мектепке	80
ертең	беремін	74
ертең	барғанда	90
ертең	алматыға	80
ертең	шығамыз	79
ертең	аламыз	65
ертең	жолға	96
ертең	түске	71
ертең	көшеге	72
ертең	немесе	96
ертең	барасың	95
ертең	аламын	80
ертең	шығатын	92
ертең	айлық	71
ертең	звандайм	95
ертең	кетет	84
ертең	әкеп	101
ертең	документ	96
ертең	кешкі	94
ертең	қаншада	90
ертең	бұйыртса	76
ертең	мектепте	76
ертең	кететін	99
ертең	барайық	92
ертең	қонақ	77
ертең	қолың	88
ертең	арғы	92
ертең	бассейн	65
ертең	хабарын	99
ертең	көресің	91
ертең	астанаға	98
ертең	оқуға	89
ертең	сабаққа	97
ертең	айтамын	71
ертең	сұраймын	92
ертең	базарға	100
ертең	жіберемін	77
ертең	қаладан	91
ертең	күндіз	102
ертең	әкеліп	67
ертең	анализ	101
ертең	бассейнге	85
ертең	құран	82
ертең	больницаға	100
ертең	түседі	88
ертең	таңғы	89
ертең	шығамын	87
ертең	келіңдер	80
ертең	хабарласам	101
ертең	келема	70
ертең	келесіз	99
ертең	апарам	94
ертең	кетеміз	94
ертең	бармайтын	95
ертең	асықпай	101
ертең	келеміз	102
ертең	сөйлесеміз	94
ертең	шығайық	62
ертең	қайтасың	88
ертең	қайтамыз	98
ертең	таңда	80
ертең	келіңіз	86
ертең	келсең	101
ертең	барсақ	101
ертең	таразға	94
ертең	кеште	97
ертең	қайтатын	100
ертең	калаға	91
ертең	кездесеміз	100
ертең	келемін	89
ертең	бітеді	101
ертең	дене	97
ертең	келесіңба	98
ертең	болницаға	90
ертең	белгілі	100
ертең	кешкісін	88
ертең	барасыңба	100
ертең	барамызба	97
ертең	келесіңдер	100
ертең	шымға	101
ертең	кездесейік	96
ертең	қайтады	98
ертең	сөйлесейік	95
ертең	выходной	93
ертең	азанмен	102
ертең	азанға	101
ертең	боссың	92
ертең	жолығамыз	93
ертең	жұмыспа	100
ертең	олимпиада	86
мені	?	96
мені	мен	59
мені	жақсы	40
мені	де	19
мені	деп	29
мені	қалай	67
мені	сен	51
мені	жоқ	65
мені	бар	88
мені	керек	88
мені	жан	73
мені	жаным	88
мені	бір	74
мені	енді	49
мені	ол	69
мені	да	80
мені	неге	90
мені	алып	44
мені	осы	34
мені	ертең	69
мені	мені	85
мені	емес	76
мені	кім	65
мені	сені	47
мені	мама	56
мені	адам	71
мені	саған	71
мені	бүгін	81
мені	дұрыс	82
мені	айтып	73
мені	көп	66
мені	қашан	78
мені	қанша	75
мені	бала	91
мені	бәрі	91
мені	екі	69
мені	ана	89
мені	қандай	87
мені	басқа	83
мені	солай	77
мені	жазып	70
мені	қатты	79
мені	ала	60
мені	үйге	52
мені	жаман	86
мені	ап	61
мені	папа	78
мені	көр	92
мені	көре	63
мені	сұрап	83
мені	көріп	75
мені	ғана	58
мені	мал	73
мені	сондай	88
мені	ешкім	81
мені	осылай	49
мені	жеп	76
мені	күт	70
мені	күтіп	82
мені	вообще	52
мені	алп	83
мені	жұмысқа	75
мені	бірінші	79
мені	олай	74
мені	жерге	74
мені	тастап	91
мені	ойлап	37
мені	ұмыт	56
мені	ұмытып	71
мені	өтірік	42
мені	айтты	90
мені	ең	84
мені	апарып	86
мені	біреу	79
мені	шығарып	75
мені	кішкентай	68
мені	сатып	89
мені	айтсай	82
мені	қоя	86
мені	іздеп	88
мені	ұстап	57
мені	жұмыстан	90
мені	жалғыз	87
мені	кешір	75
мені	кешірші	64
мені	өшіріп	70
мені	қосып	86
мені	артық	80
мені	таза	88
мені	кіммен	86
мені	жынды	65
мені	кайдан	70
мені	өзіңе	81
мені	сағынып	91
мені	шақырып	70
мені	сонша	70
мені	админ	90
мені	білесің	63
мені	көрген	74
мені	жек	81
мені	группаға	61
мені	алдап	72
мені	тығып	50
мені	ұрып	92
мені	ешқашан	81
мені	аида	87
мені	көрдің	47
мені	сақтап	91
мені	лақтырып	87
мені	қоса	86
мені	көрсе	87
мені	түсініп	78
мені	құшақтап	88
мені	қызғанып	81
мені	боқтап	92
мені	кінәлі	86
мені	ақымақ	76
мені	сұраса	76
мені	өлтіріп	91
мені	көргенде	79
мені	танып	80
мені	блокка	78
мені	қинап	80
мені	қосшы	88
мені	жамандап	57
мені	қолдап	70
мені	танитын	82
мені	ұнатып	86
мені	пайдаланып	86
мені	белгілеп	90
мені	мазақ	78
мені	танисың	71
мені	блокқа	80
мені	аңдып	77
мені	түсінетін	79
мені	сағынған	75
мені	жылатып	80
мені	асырап	89
мені	жақтырмай	91
мені	таныдың	89
мені	қорқытып	89
мені	көргің	91
мені	сағындың	86
мені	танымайсың	78
мені	қосыңызшы	89
мені	сүйесің	86
мені	кінәлап	91
менің	?	90
менің	мен	86
менің	жақсы	78
менің	де	67
менің	деп	33
менің	!	95
менің	қалай	69
менің	қалайсың	94
менің	сен	90
менің	бар	85
менің	рахмет	77
менің	жан	97
менің	жаным	68
менің	бір	43
менің	енді	50
менің	ол	95
менің	өзі	98
менің	неге	97
менің	осы	101
менің	менде	79
менің	менің	94
менің	емес	84
менің	кім	89
менің	сені	93
менің	мама	75
менің	қайырлы	85
менің	саған	95
менің	бүгін	61
менің	алла	93
менің	жұмыс	101
менің	көп	96
менің	аман	96
менің	ақ	98
менің	бала	82
менің	туған	86
менің	екі	43
менің	қазір	71
менің	ана	100
менің	қандай	95
менің	басқа	74
менің	үй	77
менің	сенің	96
менің	қатты	93
менің	жаман	93
менің	жаңа	90
менің	еш	93
менің	ғана	101
менің	қызым	85
менің	видео	35
менің	қара	94
менің	ата	86
менің	жүрегім	85
менің	досым	16
менің	үлкен	62
менің	дым	91
менің	оған	94
менің	туылған	94
менің	бірінші	65
менің	бауырым	97
менің	каспи	84
менің	ботам	97
менің	ең	81
менің	ватсап	63
менің	аты	97
менің	кішкентай	99
менің	балам	79
менің	алтын	47
менің	барлық	79
менің	каспий	83
менің	басым	96
менің	жалғыз	66
менің	көз	95
менің	ішім	90
менің	екінші	64
менің	жақын	78
менің	ағам	92
менің	соңғы	58
менің	әке	97
менің	бүгінгі	95
менің	мамам	101
менің	қолым	61
менің	өзіме	55
менің	апам	91
менің	көңіл	85
менің	сұлу	93
менің	жеке	88
менің	жазған	84
менің	қасымда	98
менің	алтыным	52
менің	күнім	59
менің	нағашы	89
менің	атым	98
менің	ұйқым	33
менің	енем	69
менің	жыным	85
менің	папам	99
менің	ақшам	78
менің	жігітім	70
менің	бүкіл	47
менің	адал	101
менің	бұрынғы	97
менің	атам	85
менің	көзім	90
менің	машинам	75
менің	өзімнің	93
менің	барғым	88
менің	балапаным	101
менің	миым	84
менің	сіңілім	84
менің	есімім	78
менің	анам	46
менің	есімде	74
менің	басымды	88
менің	ботақаным	90
менің	әкем	88
менің	болашақ	71
менің	ойым	84
менің	мазам	66
менің	жасым	102
менің	шашым	69
менің	шашымды	85
менің	аяғым	99
менің	көңілім	85
менің	жаныма	81
менің	ақшамды	87
менің	қарным	72
менің	алғашқы	92
менің	қарындасым	101
менің	сөзім	92
менің	күйеуім	82
менің	жанымда	72
менің	достарым	73
менің	балама	85
менің	жыныма	87
менің	баламды	87
менің	байым	85
менің	бауырларым	73
менің	ұлым	98
менің	қасыма	82
менің	мамама	70
менің	әпшем	97
менің	сұлуым	98
менің	қызыма	98
менің	шаруам	77
менің	әпкем	84
менің	жолдасым	91
менің	қолымнан	89
менің	қызымды	75
менің	миымды	85
менің	тәттім	85
менің	артымнан	98
менің	ағамның	75
менің	түрім	94
менің	басыма	81
менің	асылжан	95
менің	шешем	74
менің	алдымда	100
менің	жұмысым	78
менің	орныма	71
менің	тісім	53
менің	көзіме	98
менің	адамым	89
менің	өмірім	82
менің	уақытым	71
менің	атымды	89
менің	құрбым	71
менің	бетім	99
менің	бетіме	101
менің	тамағым	96
менің	баламның	98
менің	сүйікті	87
менің	телефонымды	74
менің	соткам	70
менің	мазамды	87
менің	қызымның	92
менің	әжем	85
менің	нағашым	99
менің	балдарым	102
менің	сүйіктім	86
менің	қолымды	98
менің	айтқаным	99
менің	қыздарым	87
менің	жүрегімді	88
менің	бойым	81
менің	өмірімде	84
менің	арманым	85
менің	жүрегімнің	80
менің	мамамның	82
менің	қасымдағы	95
менің	мінезім	100
менің	үйім	76
менің	үйіме	79
менің	келінім	69
менің	жанымды	92
менің	даусым	93
менің	ойымда	88
менің	сөзімді	95
менің	балаларым	75
менің	қатыным	90
менің	түрімді	83
менің	көршім	86
менің	отбасым	90
менің	қолымда	83
менің	жекеме	79
менің	өмірімнің	91
менің	қанымды	102
менің	атымнан	98
менің	зарядкам	57
менің	басымнан	86
менің	ойымды	92
менің	жалғызым	96
менің	заттарым	99
менің	заттарымды	85
менің	айтқанымды	89
менің	ішімде	71
менің	соткамды	101
менің	әйелім	100
менің	жазғаным	88
менің	ауылым	98
менің	жазғанымды	100
менің	әкемнің	76
менің	танысым	101
менің	кластасым	99
менің	жүрегіме	90
менің	заказым	98
менің	жағдайым	73
менің	жолым	87
менің	ойымша	98
менің	затым	60
менің	қарызым	85
менің	жағдайымды	90
менің	көңіліме	86
менің	көңілімді	84
менің	өмірімді	94
менің	кінәм	97
менің	нөмірім	77
менің	нөмірімді	87
менің	киімдерімді	72
менің	жүрегімде	98
менің	затымды	92
менің	үйімде	94
менің	кредитім	84
менің	мінезімді	101
менің	баламда	91
менің	сұрағыма	101
менің	өміріме	96
менің	авам	94
менің	атыма	101
менің	орнымда	88
менің	қызымда	76
менің	қарызымды	99
менің	инстам	101
менің	инстамды	101
менің	суретім	100
менің	суретімді	100
менің	инстама	93
менің	телефонымда	101
менің	тарифым	93
менің	түсінгенім	99
менің	статусымды	95
менің	мінезіме	90
менің	көзімше	95
менің	заказымды	85
менің	атымда	96
менің	кесірімнен	92
менің	өмірімдегі	80
менің	кезегім	101
менің	размерім	97
менің	арқамда	97
деген	?	99
деген	мен	69
деген	жақсы	53
деген	де	67
деген	деп	57
деген	!	80
деген	қалай	98
деген	сен	58
деген	жоқ	70
деген	бар	37
деген	керек	41
деген	ғой	85
деген	жаным	54
деген	бір	83
деген	енді	58
деген	ол	79
деген	өзі	60
деген	да	100
деген	маған	100
деген	екен	82
деген	осы	61
деген	менде	43
деген	менің	98
деген	деген	82
деген	ем	87
деген	емес	70
деген	кім	89
деген	адам	40
деген	ой	52
деген	саған	43
деген	бүгін	97
деген	дұрыс	98
деген	болады	87
деген	көп	89
деген	ау	82
деген	кеше	96
деген	ақша	88
деген	еді	94
деген	бала	46
деген	барма	42
деген	күшті	79
деген	екі	78
деген	ана	90
деген	қыз	97
деген	қандай	45
деген	басқа	69
деген	біз	94
деген	кезде	96
деген	қайда	63
деген	бірақ	95
деген	сенің	94
деген	күні	88
деген	жаман	99
деген	апай	64
деген	едім	87
деген	қыздар	35
деген	анау	92
деген	ауыр	99
деген	сияқты	98
деген	дей	35
деген	мал	92
деген	жауап	97
деген	су	85
деген	видео	100
деген	негізі	91
деген	сондай	95
деген	жер	90
деген	жерде	70
деген	әдемі	68
деген	соған	90
деген	соң	83
деген	ат	37
деген	дос	71
деген	досым	99
деген	үлкен	92
деген	керемет	89
деген	әңгіме	75
деген	оған	67
деген	вообще	98
деген	осындай	91
деген	ауыл	84
деген	жерге	86
деген	содан	61
деген	кино	97
деген	өте	77
деген	өтірік	95
деген	ең	91
деген	сөз	91
деген	ауылда	30
деген	болмайды	87
деген	аты	86
деген	біреу	78
деген	жігіт	90
деген	хабар	69
деген	нәрсе	91
деген	қиын	67
деген	ыстық	90
деген	адамдар	92
деген	болу	90
деген	жоқпын	86
деген	жоқпа	49
деген	зат	73
деген	магазин	83
деген	көз	79
деген	группа	90
деген	ойын	85
деген	жерден	92
деген	дәрі	82
деген	баласы	80
деген	адамды	101
деген	ұйқы	89
деген	едің	101
деген	махаббат	65
деген	желания	83
деген	сайын	98
деген	адамға	69
деген	дорама	89
деген	рас	100
деген	группаға	65
деген	баланы	94
деген	жоққо	70
деген	едік	93
деген	оңай	82
деген	қызға	99
деген	сұрақ	84
деген	адамның	76
деген	жері	97
деген	ән	96
деген	қыздың	96
деген	кафе	85
деген	балаға	93
деген	баланың	96
деген	қызбен	89
деген	есім	87
деген	баламен	97
деген	жазу	87
деген	бәле	83
деген	кітап	80
деген	сезім	99
деген	жанып	86
деген	өлең	87
деген	масқара	84
деген	жоқсың	98
деген	сөзді	91
деген	сөздер	55
деген	едіңіз	72
деген	ниет	74
деген	қағаз	89
деген	ойым	85
деген	кісілер	79
деген	секілді	94
деген	жерді	97
деген	ауылды	86
деген	нәрсені	99
деген	сөзі	91
деген	ютуб	88
деген	кісіге	77
деген	затты	96
деген	атқа	97
деген	сөзін	89
деген	екенсіз	100
деген	сөзге	96
деген	атты	84
деген	сөзің	99
деген	ойың	86
деген	кісінің	99
деген	келіншек	81
деген	сұмдық	97
деген	ойда	91
деген	әріп	87
деген	сөздерді	99
деген	сөздің	97
деген	сөзіңді	83
деген	мағына	99
деген	оймен	88
деген	ойлар	78
деген	сөзден	95
деген	атымен	96
деген	өлеңді	98
деген	ниетпен	97
деген	әнді	98
деген	сезімі	100
деген	сезімім	98
деген	киноны	80
деген	анықтама	96
деген	мақал	98
деген	жазуы	100
деген	сезімің	95
деген	мағынада	92
деген	үміттемін	98
ем	деп	87
ем	қалай	57
ем	болсын	61
ем	ғой	8
ем	алып	42
ем	алу	18
ем	қабылдап	56
емес	?	44
емес	мен	74
емес	жақсы	44
емес	деп	83
емес	!	28
емес	сен	58
емес	бар	49
емес	рахмет	84
емес	керек	74
емес	ғой	94
емес	жан	80
емес	жаным	83
емес	бір	74
емес	енді	65
емес	ол	61
емес	өзі	40
емес	өзің	90
емес	неге	76
емес	маған	92
емес	болып	43
емес	болды	57
емес	екен	72
емес	осы	33
емес	менде	80
емес	ертең	82
емес	мені	77
емес	менің	85
емес	деген	74
емес	кім	67
емес	сені	85
емес	мама	80
емес	адам	90
емес	саған	76
емес	бүгін	75
емес	болса	91
емес	алла	68
емес	жұмыс	96
емес	көп	96
емес	ертен	98
емес	ау	86
емес	кеше	52
емес	ақша	95
емес	боп	92
емес	кешке	65
емес	еді	94
емес	бала	55
емес	бәрі	92
емес	екі	87
емес	қазір	66
емес	ана	89
емес	қыз	86
емес	басқа	93
емес	біз	60
емес	кезде	98
емес	бірақ	84
емес	сенің	63
емес	қатты	76
емес	қой	99
емес	жаман	25
емес	бұл	100
емес	едім	76
емес	сіз	65
емес	анау	87
емес	ештеңе	84
емес	сияқты	88
емес	негізі	51
емес	жай	73
емес	ешкім	81
емес	дейді	99
емес	дос	72
емес	десем	95
емес	оған	96
емес	вообще	98
емес	олай	100
емес	олар	93
емес	деді	86
емес	өтірік	84
емес	оның	62
емес	брак	92
емес	ар	88
емес	нәрсе	100
емес	дедім	96
емес	жалпы	85
емес	екенін	95
емес	былай	71
емес	жәй	93
емес	екенсің	100
емес	едің	76
емес	алланың	100
емес	арғы	96
емес	шығарсың	78
емес	шығармын	89
емес	екем	83
емес	екенмін	99
емес	екенімді	95
емес	бірнеше	92
емес	ертегі	98
емес	арнұр	89
емес	іспен	98
емес	жаттанды	98
іс	болды	83
іс	әрекет	21
іс	түскенде	24
іс	шара	27
істе	деп	17
істеп	?	13
істеп	жаным	41
істеп	бір	96
істеп	енді	94
істеп	өзің	95
істеп	ал	90
істеп	алып	92
істеп	болып	91
істеп	жатыр	96
істеп	істеп	20
істеп	жатсың	98
істеп	тұр	6
істеп	ақша	54
істеп	екі	83
істеп	кетті	99
істеп	келе	94
істеп	жатырм	98
істеп	жатырмын	82
істеп	бер	38
істеп	қой	82
істеп	жүр	100
істеп	отыр	46
істеп	отырмын	71
істеп	беріп	93
істеп	жатқан	81
істеп	кеткен	51
істеп	жүре	99
істеп	жүрген	78
істеп	тұрған	57
істеп	шаршап	79
істеп	берген	96
істеп	жүріп	96
істеп	береді	95
істеп	алайын	85
істеп	берші	91
істеп	жүрсің	70
істеп	жатсыз	44
істеп	жатырсың	17
істеп	қойды	15
істеп	қойдым	99
істеп	жүрмін	67
істеп	берді	73
істеп	жатсын	93
істеп	берейін	56
істеп	жатырмыз	87
істеп	журген	84
істеп	беретін	89
істеп	кеттің	88
істеп	беремін	87
істеп	бересің	80
істеп	қойған	91
істеп	жатырма	98
істеп	отырсың	90
істеп	беріңізші	60
істеп	жатсыңдар	93
істеп	жүргенде	50
істеп	жүрсін	100
істеп	жатырсыз	89
істеп	жатсыңба	52
істеп	жатырсыңдар	95
істеп	жатқам	38
істеп	жүрсіз	99
істеп	жатсындар	86
істеп	жатсыздар	46
істеп	жүрсіңдер	56
істеп	жатырсын	90
істеп	отырсыз	84
істеп	жатырсыздар	97
істеп	журсің	70
істеп	жүргенін	98
кім	?	96
кім	мен	16
кім	жақсы	46
кім	де	77
кім	деп	83
кім	қалай	28
кім	сен	85
кім	жоқ	80
кім	бар	76
кім	керек	15
кім	енді	74
кім	ол	71
кім	өзі	28
кім	маған	80
кім	алып	79
кім	болып	56
кім	болды	64
кім	екен	63
кім	осы	27
кім	мені	93
кім	менің	82
кім	деген	82
кім	істеп	65
кім	кім	82
кім	сені	17
кім	саған	86
кім	бүгін	82
кім	болса	98
кім	болад	78
кім	болады	82
кім	айтып	40
кім	көп	56
кім	барып	85
кім	ақша	99
кім	боп	92
кім	еді	88
кім	қанша	43
кім	бала	88
кім	қыз	96
кім	үшін	89
кім	кетті	72
кім	келіп	93
кім	келе	96
кім	қандай	81
кім	бара	82
кім	шығып	86
кім	жазып	92
кім	қайда	68
кім	сенің	65
кім	кетіп	74
кім	жаман	97
кім	бұл	90
кім	мынау	35
кім	жүр	68
кім	анау	90
кім	сұрап	75
кім	отыр	79
кім	беріп	93
кім	жасап	95
кім	жауап	90
кім	қарап	90
кім	қалды	78
кім	машина	89
кім	келді	89
кім	келед	74
кім	келеді	92
кім	десе	62
кім	десем	90
кім	бос	93
кім	күтіп	85
кім	бірінші	81
кім	алды	72
кім	звандап	72
кім	айтты	95
кім	берген	29
кім	аты	98
кім	шығарып	94
кім	қазақ	98
кім	баратын	64
кім	беред	88
кім	береді	94
кім	жіберіп	72
кім	біліп	94
кім	болат	90
кім	сатып	93
кім	айтқан	79
кім	түсіріп	97
кім	ұстап	93
кім	онлайн	95
кім	кімге	95
кім	қойды	80
кім	атын	98
кім	екені	80
кім	екенін	92
кім	болсада	41
кім	барад	62
кім	барады	79
кім	кіммен	45
кім	берді	93
кім	далаға	56
кім	жіберді	87
кім	алады	71
кім	айтады	65
кім	едің	68
кім	көрді	80
кім	барайын	95
кім	менімен	98
кім	салды	89
кім	жазған	96
кім	атың	88
кім	жазды	80
кім	дер	73
кім	біледі	87
кім	кімді	48
кім	қайтыс	77
кім	кімдер	94
кім	барды	96
кім	айдап	86
кім	жасайды	99
кім	істейді	89
кім	істеді	93
кім	кінәлі	98
кім	білет	84
кім	ояу	87
кім	ашты	89
кім	қарайды	99
кім	ойлаған	68
кім	кіреді	87
кім	білген	88
кім	екенің	89
кім	екеніңді	83
кім	екенімді	74
кім	апарады	80
кім	білсін	89
кім	ойнайды	80
кім	сатады	84
кім	төлейді	90
кім	қосты	97
кім	тиісті	83
кім	түсірді	94
кім	ұтты	93
кім	ренжітті	97
кім	тіркеледі	82
кім	кепіл	91
сені	?	87
сені	мен	76
сені	жақсы	44
сені	де	8
сені	деп	50
сені	қалай	71
сені	сен	58
сені	бар	83
сені	керек	86
сені	жан	97
сені	жаным	81
сені	бір	33
сені	енді	55
сені	ол	79
сені	неге	86
сені	маған	77
сені	алып	68
сені	осы	52
сені	мені	82
сені	менің	82
сені	емес	93
сені	кім	80
сені	сені	63
сені	адам	78
сені	бүгін	91
сені	дұрыс	90
сені	алла	94
сені	айтып	67
сені	көп	69
сені	кеше	82
сені	қашан	95
сені	қанша	75
сені	бәрі	97
сені	туған	87
сені	қандай	88
сені	басқа	97
сені	солай	85
сені	қатты	84
сені	ала	17
сені	жаман	90
сені	ап	75
сені	көре	94
сені	көрем	81
сені	сұрап	88
сені	бақытты	66
сені	еш	79
сені	көріп	97
сені	ғана	52
сені	ұйықтап	54
сені	айтам	92
сені	қарап	96
сені	сондай	96
сені	тауып	95
сені	ешкім	85
сені	осылай	67
сені	дос	86
сені	жүрегім	97
сені	келеді	91
сені	жеп	92
сені	күтіп	82
сені	вообще	30
сені	алп	96
сені	алам	89
сені	бірінші	77
сені	олай	89
сені	тастап	95
сені	менен	66
сені	күнде	92
сені	ойлап	81
сені	өте	24
сені	ұмытып	79
сені	ботам	83
сені	апарып	86
сені	біреу	96
сені	шығарып	77
сені	сағындым	94
сені	іздеп	33
сені	ұстап	50
сені	жалғыз	94
сені	ешкімге	94
сені	білем	69
сені	сағынып	93
сені	шақырып	37
сені	таппай	85
сені	көрдім	84
сені	көрген	77
сені	жек	79
сені	сүйе	74
сені	сүйемін	91
сені	алдап	20
сені	көру	75
сені	күтем	82
сені	береке	75
сені	уайымдап	70
сені	ешқашан	74
сені	түсініп	71
сені	сүйіп	89
сені	құшақтап	84
сені	көргім	65
сені	сүйдім	52
сені	қызғанып	97
сені	көрсем	83
сені	көруге	69
сені	тосып	90
сені	ойлай	79
сені	көргенде	97
сені	танып	85
сені	қинап	95
сені	танымаймын	86
сені	жамандап	72
сені	шексіз	90
сені	жоғалтып	96
сені	ұнатып	87
сені	түсімде	74
сені	қимай	88
сені	ренжітіп	93
сені	ұмыта	80
сені	мақтап	88
сені	аңдып	92
сені	сағынам	97
сені	ойласам	70
сені	өмірімнің	95
сені	күттім	56
сені	көрмегелі	90
сені	ұмыту	90
сені	жанымнан	95
сені	іздедім	92
сені	құшақтағым	91
сені	тастамаймын	97
как	?	97
как	!	18
как	как	97
как	мама	70
как	все	86
как	там	70
как	за	49
как	он	94
как	же	52
как	есть	44
как	тебе	73
как	без	46
как	бы	86
как	будет	50
как	вас	66
как	день	69
как	всегда	74
как	дома	29
как	его	86
как	дел	73
как	дела	80
как	буду	13
как	вам	93
как	время	59
как	их	97
как	делать	92
как	друг	68
как	быть	95
как	вчера	82
как	ваше	93
как	жизнь	81
как	дети	74
как	купить	78
как	зовут	90
как	играть	57
как	долго	73
как	быстро	95
как	ваши	74
как	думаешь	49
как	взять	54
как	красиво	96
как	заказать	81
как	ваша	87
как	здоровье	96
как	выйти	65
как	минимум	92
как	изменить	87
как	готовить	82
как	вернуть	86
как	использовать	97
как	выглядит	89
как	думаете	91
как	доехали	85
как	включить	93
как	звать	83
как	заработать	96
как	избавиться	93
как	делишки	80
как	говорится	72
мама	?	89
мама	мен	53
мама	жақсы	20
мама	деп	70
мама	!	56
мама	қалай	83
мама	қалайсың	60
мама	сен	97
мама	жоқ	67
мама	бар	65
мама	рахмет	45
мама	керек	83
мама	ғой	89
мама	бір	90
мама	енді	69
мама	ол	78
мама	өзі	79
мама	да	70
мама	неге	53
мама	маған	70
мама	алып	52
мама	сәлем	66
мама	жатыр	95
мама	болды	97
мама	осы	96
мама	менде	77
мама	ертең	83
мама	мені	66
мама	менің	65
мама	деген	70
мама	сені	83
мама	как	85
мама	мама	92
мама	или	30
мама	саған	90
мама	бүгін	83
мама	болса	67
мама	айтып	96
мама	жұмыс	61
мама	қалайсыз	94
мама	барып	45
мама	ертен	86
мама	аман	64
мама	кеше	97
мама	ақша	77
мама	қашан	70
мама	кешке	63
мама	бәрі	76
мама	барма	94
мама	туған	92
мама	екі	72
мама	қазір	92
мама	ана	95
мама	кетті	78
мама	келіп	91
мама	келе	77
мама	үй	69
мама	үйде	96
мама	солай	62
мама	бара	88
мама	біз	90
мама	жазып	64
мама	қайда	91
мама	сенің	66
мама	кетіп	96
мама	үйге	80
мама	өзіңіз	75
мама	жаман	92
мама	барам	97
мама	тамақ	96
мама	апа	83
мама	кеп	93
мама	сіз	74
мама	папа	71
мама	мынау	25
мама	анау	92
мама	сұрап	89
мама	жаңа	68
мама	ауырып	96
мама	отыр	68
мама	тез	89
мама	көріп	94
мама	ұйықтап	89
мама	телефон	71
мама	келді	76
мама	келген	66
мама	келед	78
мама	келеді	91
мама	алп	91
мама	где	89
мама	шай	94
мама	туылған	97
мама	жұмысқа	93
мама	азанда	87
мама	ауылға	89
мама	когда	92
мама	қалайсыздар	47
мама	нан	76
мама	каспи	87
мама	жұмыста	95
мама	звандап	78
мама	сізді	73
мама	екеуміз	94
мама	айтты	59
мама	дан	50
мама	қалыңыз	79
мама	қалаға	93
мама	жылап	93
мама	келсін	94
мама	тойға	94
мама	келсе	91
мама	біліп	89
мама	келгенде	96
мама	айтқан	88
мама	далада	82
мама	екеуі	97
мама	жұмыстан	90
мама	келп	93
мама	дома	92
мама	далаға	93
мама	шақырып	95
мама	айтады	74
мама	папаң	63
мама	папам	69
мама	папасы	81
мама	ұрысып	70
мама	көрсе	96
мама	рұқсат	97
мама	папаға	83
мама	говорит	76
мама	папаны	88
мама	папаның	88
мама	жібермей	88
мама	знает	96
мама	жіберсе	66
мама	пападан	96
мама	папамен	91
мама	папалар	91
мама	какашка	85
мама	ұрсады	57
мама	дәстүр	96
құт	береке	92
құт	берекесімен	9
құтты	бол	8
құтты	болсы	91
құтты	болсын	57
құтты	жас	1
құтты	жыл	80
құтты	келін	58
құтты	жасы	83
құтты	жасың	63
құтты	берекелі	74
құтты	болсың	85
құтты	босын	40
құтты	қоныс	91
қайыр	болсын	90
қайырлы	болсын	11
қайырлы	құтты	28
қайырлы	кеш	97
қайырлы	күн	16
қайырлы	түн	11
қайырлы	таң	6
қайырлы	түс	6
қайырлы	қаза	78
адам	?	62
адам	мен	71
адам	жақсы	56
адам	деп	77
адам	қалай	50
адам	сен	80
адам	жоқ	81
адам	бар	22
адам	бол	18
адам	болсын	79
адам	керек	88
адам	ғой	20
адам	бір	63
адам	енді	67
адам	ол	93
адам	өзі	73
адам	да	53
адам	неге	71
адам	маған	89
адам	алып	83
адам	болып	49
адам	болды	41
адам	екен	76
адам	осы	59
адам	мені	92
адам	менің	92
адам	деген	95
адам	емес	51
адам	кім	37
адам	сені	86
адам	адам	95
адам	саған	73
адам	болса	93
адам	болад	31
адам	болады	96
адам	айтып	72
адам	жұмыс	95
адам	көп	93
адам	барып	26
адам	аман	96
адам	боп	95
адам	еді	56
адам	барма	80
адам	екі	37
адам	үшін	96
адам	келіп	70
адам	келе	70
адам	қандай	91
адам	солай	93
адам	шығып	80
адам	жазып	84
адам	қайда	84
адам	ала	96
адам	жаман	82
адам	едім	96
адам	кеп	94
адам	сұрап	76
адам	отыр	97
адам	сияқты	85
адам	болған	31
адам	дар	69
адам	көріп	72
адам	ғана	95
адам	қарап	68
адам	қалды	91
адам	сондай	90
адам	тауып	95
адам	осылай	48
адам	келді	92
адам	такси	83
адам	келед	93
адам	келеді	95
адам	болам	79
адам	болама	93
адам	күтіп	90
адам	алп	87
адам	болмай	91
адам	болмаса	60
адам	алам	73
адам	аз	95
адам	бірінші	49
адам	олай	86
адам	кіріп	94
адам	болмайды	92
адам	әр	68
адам	келсе	97
адам	болу	85
адам	болатын	76
адам	іздеп	91
адам	жоқпа	63
адам	басы	70
адам	атын	82
адам	екенін	92
адам	болсада	80
адам	барады	91
адам	қос	93
адам	қосып	90
адам	өзін	44
адам	шақырып	89
адам	баласы	85
адам	емеспін	70
адам	таппай	62
адам	алады	56
адам	екенсің	94
адам	едің	68
адам	толық	95
адам	өзіне	93
адам	болсаң	85
адам	жоққо	96
адам	жетпей	80
адам	толып	95
адам	болмады	71
адам	өзінің	95
адам	ретінде	94
адам	қайтыс	81
адам	басына	95
адам	керекпа	53
адам	жоққой	93
адам	қоса	92
адам	ұқсап	95
адам	болғасын	47
адам	жинау	90
адам	саны	89
адам	секілді	70
адам	емессің	87
адам	қабылдап	81
адам	адамнан	95
адам	көбейіп	95
адам	екеніңді	86
адам	баласына	89
адам	косшы	82
адам	қосамыз	93
адам	көппа	61
адам	қарасы	81
адам	болмайсың	65
адам	қосыңдар	90
адам	қосыңыздаршы	78
или	?	90
или	мен	46
или	жақсы	36
или	қалай	94
или	сен	63
или	жоқ	45
или	бар	52
или	керек	93
или	бір	67
или	енді	57
или	ол	77
или	өзі	59
или	өзің	80
или	маған	62
или	алып	63
или	осы	75
или	менде	63
или	ерте	87
или	ертең	90
или	мені	46
или	менің	72
или	сені	78
или	как	92
или	мама	40
или	адам	84
или	или	91
или	саған	81
или	бүгін	77
или	жұмыс	71
или	көп	77
или	барып	96
или	ертен	84
или	кеш	56
или	кеше	95
или	ақ	96
или	ақша	95
или	кешке	89
или	бала	63
или	барма	95
или	екі	94
или	қазір	83
или	ана	89
или	қыз	75
или	келе	89
или	басқа	94
или	үйде	44
или	солай	87
или	бара	87
или	біз	90
или	шығып	90
или	жазып	97
или	сенің	97
или	давай	87
или	все	95
или	кетіп	89
или	үйге	93
или	там	85
или	өзіңіз	76
или	за	91
или	сенде	84
или	сіз	88
или	папа	82
или	мынау	90
или	анау	91
или	он	81
или	видео	78
или	ұйықтап	79
или	телефон	93
или	қара	91
или	машина	95
или	бірге	93
или	же	93
или	еще	61
или	до	78
или	жай	83
или	осылай	82
или	кто	93
или	такси	86
или	дос	86
или	есть	91
или	заказ	94
или	бос	90
или	оған	93
или	вообще	95
или	болмаса	67
или	алматы	75
или	азанда	93
или	тебе	87
или	олай	95
или	без	91
или	түнде	78
или	когда	89
или	менен	96
или	ещё	96
или	сендер	88
или	каспи	94
или	өтірік	96
или	кете	92
или	ватсап	92
или	біреу	90
или	ар	86
или	даже	86
или	келесі	82
или	завтра	82
или	сатып	76
или	таңертең	93
или	ұл	96
или	жоқпа	94
или	онлайн	83
или	дома	95
или	былай	96
или	инста	92
или	өзіміз	89
или	арғы	93
или	таксимен	58
или	воскресенье	95
или	вторник	76
или	действие	84
ой	мен	77
ой	жақсы	33
ой	деп	72
ой	сен	85
ой	жоқ	45
ой	бар	49
ой	рахмет	65
ой	керек	31
ой	жан	70
ой	жаным	63
ой	бір	44
ой	енді	53
ой	ол	66
ой	өзің	36
ой	да	94
ой	неге	69
ой	маған	73
ой	болып	76
ой	болды	93
ой	осы	69
ой	менде	83
ой	ертең	68
ой	мені	93
ой	менің	88
ой	кім	78
ой	сені	95
ой	как	87
ой	мама	79
ой	адам	65
ой	ой	96
ой	саған	34
ой	бүгін	78
ой	алла	95
ой	көп	41
ой	жарайды	93
ой	ертен	75
ой	кеше	95
ой	бәрі	83
ой	барма	90
ой	күшті	92
ой	ана	93
ой	рақмет	83
ой	келіп	64
ой	біз	94
ой	сенің	87
ой	давай	88
ой	қой	94
ой	все	80
ой	кетіп	91
ой	жаман	93
ой	бұл	89
ой	сенде	88
ой	сіз	59
ой	папа	96
ой	мынау	96
ой	анау	81
ой	ештеңе	82
ой	айта	73
ой	болған	76
ой	мал	87
ой	всё	64
ой	жай	94
ой	білмеймін	85
ой	келді	84
ой	молодец	93
ой	ойнап	46
ой	дым	92
ой	керемет	91
ой	оған	91
ой	олай	85
ой	олар	95
ой	таста	79
ой	бопты	85
ой	ұмытып	71
ой	өтірік	92
ой	оның	89
ой	ладно	95
ой	бу	61
ой	қоя	71
ой	айтпа	86
ой	олда	60
ой	быр	93
ой	кешір	95
ой	жынды	74
ой	кудай	68
ой	қойшы	86
ой	жоға	56
ой	бой	86
ой	бай	80
ой	құрсын	50
ой	кетші	81
ой	иди	69
ой	рахат	92
ой	басылып	95
ой	қайдағы	92
ой	буй	95
ой	сорлы	93
ой	шеше	65
ой	қасқа	84
ой	кешіріңіз	87
ой	каска	90
ой	қойыңызшы	96
ой	айтпаңыз	92
ой	белла	95
ой	буу	62
ой	аллай	89
саған	?	85
саған	мен	48
саған	жақсы	55
саған	деп	64
саған	!	67
саған	қалай	78
саған	сен	56
саған	жоқ	70
саған	бар	89
саған	рахмет	68
саған	керек	53
саған	жан	44
саған	жаным	89
саған	бір	61
саған	енді	29
саған	ол	64
саған	өзі	72
саған	өзің	89
саған	да	94
саған	неге	24
саған	маған	67
саған	алып	81
саған	сәлем	75
саған	осы	94
саған	ертең	67
саған	мені	75
саған	менің	86
саған	деген	76
саған	емес	43
саған	кім	53
саған	қайырлы	51
саған	адам	96
саған	саған	72
саған	бүгін	92
саған	дұрыс	83
саған	алла	92
саған	болады	78
саған	айт	93
саған	айтып	92
саған	жұмыс	41
саған	көп	73
саған	барып	56
саған	ертен	69
саған	кеше	93
саған	ақ	77
саған	ақша	93
саған	қашан	56
саған	кешке	73
саған	қанша	89
саған	бала	61
саған	бәрі	91
саған	күш	62
саған	күшті	91
саған	екі	77
саған	қазір	78
саған	ана	86
саған	қыз	92
саған	рақмет	76
саған	кел	92
саған	келіп	93
саған	келе	84
саған	қандай	93
саған	басқа	57
саған	солай	78
саған	бара	64
саған	жазып	71
саған	қатты	50
саған	кетіп	62
саған	салып	65
саған	жаман	78
саған	барам	69
саған	тамақ	62
саған	бұл	93
саған	еш	95
саған	ештеңе	80
саған	ауыр	61
саған	айта	84
саған	дейін	82
саған	беріп	78
саған	ғана	78
саған	неше	55
саған	жауап	84
саған	видео	83
саған	негізі	90
саған	айтам	93
саған	қарап	61
саған	сондай	54
саған	жай	85
саған	ешкім	94
саған	осылай	54
саған	үлкен	87
саған	бәрін	82
саған	дым	81
саған	әңгіме	79
саған	вообще	92
саған	осындай	89
саған	бірінші	87
саған	олай	84
саған	өтініш	83
саған	алдында	76
саған	қайта	94
саған	тастап	92
саған	уақыт	90
саған	менен	89
саған	күнде	94
саған	барамыз	89
саған	бауыр	94
саған	звандап	82
саған	өтірік	77
саған	айтты	78
саған	сөз	91
саған	демалыс	75
саған	болмайды	94
саған	айттым	92
саған	берген	50
саған	апарып	75
саған	біреу	96
саған	жігіт	59
саған	жаза	91
саған	жібере	82
саған	қызық	95
саған	сәттілік	77
саған	қиын	95
саған	жіберіп	81
саған	зор	70
саған	барлық	70
саған	жазам	89
саған	келгенде	72
саған	айтқан	86
саған	лайк	67
саған	ренжіп	88
саған	бірдеңе	64
саған	жіберем	55
саған	артық	75
саған	жақын	84
саған	жібердім	82
саған	бәрібір	85
саған	айтайын	66
саған	барамын	79
саған	барсам	95
саған	барайын	89
саған	беретін	80
саған	көңіл	94
саған	басында	91
саған	айтсам	93
саған	қарсы	95
саған	жазған	91
саған	звандайм	69
саған	оңай	92
саған	бірдене	95
саған	айтпай	72
саған	жете	87
саған	сұрақ	94
саған	бердім	61
саған	жіберген	90
саған	айтатын	85
саған	сабыр	88
саған	жазды	94
саған	жаздым	96
саған	аударып	82
саған	ешқандай	91
саған	сөйлеп	94
саған	қарыз	94
саған	ғашық	96
саған	адал	62
саған	барғым	81
саған	бірдеме	92
саған	жұғысты	86
саған	ұқсап	89
саған	сеніп	82
саған	жіберейін	48
саған	байланысты	90
саған	арналған	76
саған	айтым	78
саған	керегі	87
саған	тіркелдім	90
саған	ұнамай	83
саған	ұқсайды	91
саған	қарағанда	63
саған	айтуға	90
саған	жабысып	96
саған	өмірдегі	96
саған	сөзім	73
саған	жазайын	94
саған	бірнәрсе	94
саған	жазуға	90
саған	кедергі	93
саған	айтар	92
саған	ренжідім	87
саған	айтқым	79
саған	ұнаса	96
саған	қызмет	77
саған	жарасады	95
саған	әлемдегі	95
саған	ұнайтын	92
саған	ойыншық	79
саған	қатысты	96
саған	арнап	92
саған	сендім	81
саған	айтарым	70
саған	лайық	81
саған	жамандық	90
саған	сенемін	95
саған	ұнайма	67
саған	ғашықпын	92
саған	ұқсаған	91
саған	кіммін	93
саған	ұқсайтын	95
бүгін	?	94
бүгін	мен	50
бүгін	жақсы	50
бүгін	де	69
бүгін	деп	50
бүгін	қалай	69
бүгін	сен	86
бүгін	жоқ	72
бүгін	бар	76
бүгін	керек	78
бүгін	ғой	72
бүгін	бір	90
бүгін	енді	48
бүгін	ол	77
бүгін	өзі	90
бүгін	неге	90
бүгін	маған	74
бүгін	алып	70
бүгін	болып	55
бүгін	сәл	89
бүгін	екен	91
бүгін	осы	96
бүгін	менде	79
бүгін	ерте	77
бүгін	ертең	52
бүгін	мені	42
бүгін	менің	85
бүгін	деген	55
бүгін	емес	93
бүгін	істеп	51
бүгін	кім	93
бүгін	сені	73
бүгін	мама	85
бүгін	адам	84
бүгін	или	79
бүгін	саған	64
бүгін	бүгін	79
бүгін	болса	88
бүгін	алла	78
бүгін	болады	88
бүгін	айтып	87
бүгін	жұмыс	91
бүгін	көп	43
бүгін	барып	79
бүгін	ертен	53
бүгін	кеш	73
бүгін	кеше	62
бүгін	ақша	93
бүгін	кешке	67
бүгін	қанша	23
бүгін	бәрі	92
бүгін	күшті	85
бүгін	күн	85
бүгін	туған	57
бүгін	екі	63
бүгін	қазір	78
бүгін	ана	94
бүгін	кетті	93
бүгін	кел	79
бүгін	келіп	88
бүгін	келе	64
бүгін	қандай	61
бүгін	басқа	77
бүгін	үй	88
бүгін	үйде	88
бүгін	бара	56
бүгін	біз	51
бүгін	шығып	74
бүгін	жазып	72
бүгін	қайда	88
бүгін	сенің	83
бүгін	қатты	75
бүгін	кетіп	70
бүгін	ала	84
бүгін	салып	90
бүгін	үйге	68
бүгін	күні	59
бүгін	жаман	83
бүгін	барам	79
бүгін	тамақ	69
бүгін	таң	82
бүгін	кеп	93
бүгін	сіз	96
бүгін	папа	96
бүгін	сұрап	94
бүгін	жаңа	95
бүгін	ештеңе	90
бүгін	бұйырса	95
бүгін	ауырып	75
бүгін	беріп	83
бүгін	жасап	88
бүгін	көріп	90
бүгін	ғана	93
бүгін	неше	55
бүгін	су	96
бүгін	ұйықтап	90
бүгін	машина	95
бүгін	сағат	91
бүгін	тауып	54
бүгін	ешкім	88
бүгін	соған	90
бүгін	келді	94
бүгін	келген	72
бүгін	бізде	85
бүгін	заказ	75
бүгін	келеді	77
бүгін	бәрін	70
бүгін	дым	94
бүгін	бос	94
бүгін	болама	68
бүгін	вообще	84
бүгін	болмаса	86
бүгін	туылған	83
бүгін	жұмысқа	83
бүгін	азанда	50
бүгін	бірінші	69
бүгін	біздің	77
бүгін	ауылға	77
бүгін	қайта	66
бүгін	түнде	87
бүгін	нешеде	53
бүгін	келдім	69
бүгін	уақыт	68
бүгін	барамыз	95
бүгін	алдым	75
бүгін	түсіп	95
бүгін	жұмыста	93
бүгін	кетем	67
бүгін	шаршап	91
бүгін	дем	88
бүгін	демалыс	95
бүгін	ауылда	45
бүгін	болмайды	95
бүгін	дайын	87
бүгін	апарып	92
бүгін	сабақ	89
бүгін	қалаға	65
бүгін	бізге	69
бүгін	шығарып	84
бүгін	келем	92
бүгін	баратын	84
бүгін	жібере	85
бүгін	қол	95
бүгін	демалып	80
бүгін	келесің	74
бүгін	ыстық	65
бүгін	тойға	88
бүгін	базар	77
бүгін	кішкене	93
бүгін	таңертең	79
бүгін	кредит	74
бүгін	ертерек	71
бүгін	жұмыстан	80
бүгін	қайтып	82
бүгін	барады	90
бүгін	бару	96
бүгін	екінші	90
бүгін	біраз	89
бүгін	далаға	94
бүгін	соңғы	71
бүгін	шығасың	55
бүгін	барған	75
бүгін	қалада	94
бүгін	барамын	94
бүгін	келетін	90
бүгін	шықтым	84
бүгін	қолым	84
бүгін	барсам	80
бүгін	барайын	80
бүгін	мектепке	90
бүгін	алматыға	88
бүгін	көңіл	87
бүгін	шығамыз	94
бүгін	жұма	75
бүгін	жолға	80
бүгін	түске	80
бүгін	көшеге	90
бүгін	барасың	74
бүгін	шығатын	94
бүгін	айлық	84
бүгін	келдік	89
бүгін	кешкі	92
бүгін	сөйлесе	85
бүгін	сүт	95
бүгін	қаншада	95
бүгін	қонақ	91
бүгін	қолың	86
бүгін	диплом	94
бүгін	аналар	95
бүгін	футбол	86
бүгін	сабаққа	90
бүгін	жаңбыр	68
бүгін	бітіріп	88
бүгін	бармаймын	87
бүгін	базарға	93
бүгін	үйдемін	87
бүгін	анализ	94
бүгін	түнгі	92
бүгін	бассейнге	94
бүгін	түседі	86
бүгін	ерекше	91
бүгін	келема	87
бүгін	келесіз	89
бүгін	бармайтын	77
бүгін	қайтасың	92
бүгін	қайтамыз	91
бүгін	таңда	91
бүгін	төлеу	93
бүгін	кездесе	92
бүгін	бітеді	93
бүгін	келесіңба	93
бүгін	шықпайтын	91
бүгін	қадір	96
бүгін	ғашықтар	64
бүгін	студенттер	82
болса	?	86
болса	мен	67
болса	жақсы	39
болса	деп	35
болса	!	54
болса	қалай	92
болса	сен	69
болса	жоқ	64
болса	бар	75
болса	болсын	74
болса	керек	92
болса	ғой	61
болса	бір	71
болса	енді	52
болса	ол	86
болса	өзі	60
болса	өзің	81
болса	да	78
болса	неге	19
болса	маған	56
болса	ал	43
болса	алып	91
болса	болды	46
болса	екен	21
болса	осы	41
болса	менде	54
болса	ерте	64
болса	ертең	93
болса	мені	59
болса	менің	68
болса	деген	73
болса	сені	91
болса	адам	85
болса	или	90
болса	саған	94
болса	бүгін	69
болса	дұрыс	73
болса	алла	71
болса	болад	90
болса	болады	94
болса	айт	65
болса	айтып	53
болса	жұмыс	62
болса	көп	92
болса	барып	92
болса	жарайды	68
болса	ертен	91
болса	ақша	76
болса	кешке	83
болса	қанша	77
болса	бәрі	86
болса	күшті	73
болса	екі	70
болса	қазір	78
болса	ана	85
болса	келіп	93
болса	келе	88
болса	басқа	92
болса	солай	80
болса	бара	59
болса	біз	76
болса	шығып	79
болса	жаз	92
болса	жазып	83
болса	сенің	74
болса	давай	94
болса	ала	92
болса	салып	44
болса	үйге	55
болса	жаман	88
болса	барам	88
болса	ап	74
болса	сенде	90
болса	сіз	89
болса	сұрап	74
болса	ештеңе	83
болса	тез	88
болса	айта	84
болса	беріп	62
болса	ғана	63
болса	айтам	70
болса	қарап	70
болса	бірге	94
болса	сондай	88
болса	тауып	90
болса	соған	77
болса	осылай	71
болса	жібер	87
болса	жіберші	89
болса	жүре	51
болса	заказ	88
болса	бәрін	88
болса	вообще	87
болса	алп	76
болса	осындай	89
болса	алам	93
болса	бірінші	87
болса	олай	94
болса	қайта	93
болса	тастап	92
болса	содан	85
болса	менен	94
болса	барамыз	89
болса	бопты	94
болса	болар	81
болса	звандап	65
болса	кете	94
болса	апарып	87
болса	хабар	89
болса	жаза	89
болса	бізге	87
болса	баратын	92
болса	жібере	91
болса	алайын	62
болса	айтшы	88
болса	қиын	81
болса	жіберіп	90
болса	зор	83
болса	берші	84
болса	сатып	86
болса	қоя	90
болса	егер	76
болса	ертерек	80
болса	жіберем	76
болса	кешір	94
болса	қосып	94
болса	сонша	91
болса	әрине	93
болса	беретін	92
болса	кешірім	83
болса	мағанда	86
болса	көмек	86
болса	жіберіңізші	79
болса	дегенім	91
болса	аударып	89
болса	хабарын	89
болса	мейлі	94
болса	айтамын	82
болса	айтасың	91
болса	лақтырып	91
болса	қоса	89
болса	жібересіз	94
болса	болдығо	89
болса	давно	90
болса	тіпті	93
болса	айтыңыз	77
болса	баяғыда	86
болса	берер	93
болса	айтар	67
болса	жекеге	94
болса	барар	73
болса	хабарласыңыздар	90
болса	жекеме	57
болса	жіберіңіздерші	88
жатсың	?	79
жатсың	мен	12
жатсың	деп	83
жатсың	сен	70
жатсың	ғой	84
жатсың	жан	61
жатсың	жаным	47
жатсың	енді	18
жатсың	өзің	56
жатсың	жұмыс	71
жатсың	ау	93
жатсың	дар	91
жатсың	қайдасың	15
жатсың	жүрегім	86
жатсың	досым	83
жатсың	ботам	84
жатсың	жүрек	60
дұрыс	?	88
дұрыс	мен	78
дұрыс	жақсы	72
дұрыс	деп	67
дұрыс	!	47
дұрыс	сен	75
дұрыс	болсын	93
дұрыс	ғой	83
дұрыс	жаным	73
дұрыс	бір	70
дұрыс	енді	86
дұрыс	болып	81
дұрыс	болды	72
дұрыс	екен	42
дұрыс	менде	19
дұрыс	емес	88
дұрыс	құтты	18
дұрыс	адам	89
дұрыс	болса	60
дұрыс	дұрыс	57
дұрыс	ас	13
дұрыс	болады	90
дұрыс	айтып	64
дұрыс	жұмыс	71
дұрыс	барып	70
дұрыс	ау	93
дұрыс	аман	68
дұрыс	боп	83
дұрыс	еді	93
дұрыс	бәрі	68
дұрыс	қыз	92
дұрыс	солай	86
дұрыс	жазып	85
дұрыс	бірақ	90
дұрыс	қой	84
дұрыс	тамақ	32
дұрыс	сияқты	82
дұрыс	болған	59
дұрыс	жауап	22
дұрыс	негізі	59
дұрыс	молодец	76
дұрыс	жол	64
дұрыс	әңгіме	88
дұрыс	болмай	85
дұрыс	болмаса	44
дұрыс	бопты	75
дұрыс	болар	53
дұрыс	айтты	35
дұрыс	жігіт	92
дұрыс	нәрсе	93
дұрыс	болу	84
дұрыс	болатын	93
дұрыс	айтқан	78
дұрыс	емеспа	81
дұрыс	түсін	80
дұрыс	айтады	87
дұрыс	жолға	51
дұрыс	шықпай	90
дұрыс	сөйлесе	81
дұрыс	болыпты	80
дұрыс	болмады	48
дұрыс	айтасың	61
дұрыс	жағынан	32
дұрыс	ұйықтай	68
дұрыс	айттың	89
дұрыс	түсінбей	88
дұрыс	істемей	66
дұрыс	ұстамай	64
дұрыс	болмаған	69
дұрыс	айтасын	89
дұрыс	айтылған	71
дұрыс	шешім	56
дұрыс	жасамай	71
дұрыс	тәрбие	92
дұрыс	таңдау	92
дұрыс	естілмей	94
дұрыс	ұстамайды	87
дұрыс	аитасың	81
алла	мен	92
алла	жақсы	82
алла	деп	69
алла	!	20
алла	бар	64
алла	жаным	67
алла	шүкір	91
алла	бір	47
алла	өзі	78
алла	өзің	44
алла	маған	77
алла	осы	79
алла	мені	76
алла	деген	88
алла	сені	91
алла	саған	79
алла	алла	60
алла	жар	75
алла	аман	19
алла	ақ	81
алла	күш	83
алла	екі	48
алла	үшін	48
алла	түн	80
алла	бақ	36
алла	бақытты	87
алла	бұйырса	91
алла	берсін	49
алла	жаса	88
алла	көріп	92
алла	ғана	60
алла	қарап	90
алла	әдемі	91
алла	қаласа	87
алла	жол	10
алла	бәрін	49
алла	керемет	78
алла	өмір	83
алла	бізді	81
алла	алдында	91
алла	тіл	90
алла	ұзақ	53
алла	қабыл	45
алла	дан	47
алла	берген	83
алла	бізге	55
алла	береді	86
алла	әр	91
алла	денсаулық	88
алла	разы	62
алла	сендерге	12
алла	нәсіп	89
алла	бұйыртса	32
алла	сабыр	22
алла	біледі	40
алла	сақтасын	60
алла	сіздерге	33
алла	береке	90
алла	тыныштығын	79
алла	амандық	78
алла	қуат	73
алла	жазса	57
алла	буйырса	37
алла	алдынан	83
алла	риза	44
алла	тағала	79
алла	сана	23
алла	разылығы	88
алла	берекесін	28
алла	жазасын	47
алла	қолдап	70
алла	амандығын	71
алла	жеңілдігін	50
алла	деніңе	43
алла	қосқан	92
алла	ұзағынан	92
алла	сәтін	88
алла	еселеп	47
алла	тағалам	89
алла	буйыртса	46
алла	баршамызға	87
алла	абырой	86
алла	куә	75
алла	қосса	74
алла	ісіңе	61
алла	кешірсін	85
алла	қолдасын	75
алла	ұлық	69
алла	өмірімен	75
алла	жолыңды	80
алла	жасса	83
алла	сыйласын	78
алла	бұйыртып	88
алла	жазаңды	91
алла	тілеуіңді	83
алла	рахымына	87
алла	панасына	77
алла	тағаланың	82
алла	жолдарыңды	77
тұр	?	90
тұр	мен	45
тұр	жақсы	59
тұр	деп	84
тұр	!	32
тұр	қалай	60
тұр	сен	89
тұр	бар	79
тұр	ғой	91
тұр	жан	14
тұр	жаным	88
тұр	бір	50
тұр	енді	70
тұр	ол	59
тұр	өзі	70
тұр	да	92
тұр	неге	63
тұр	маған	83
тұр	алып	66
тұр	екен	85
тұр	осы	25
тұр	менде	80
тұр	ертең	64
тұр	менің	72
тұр	деген	86
тұр	сені	70
тұр	саған	80
тұр	бүгін	81
тұр	болса	79
тұр	тұр	88
тұр	ертен	77
тұр	ау	91
тұр	кеше	62
тұр	ақша	89
тұр	кешке	85
тұр	еді	87
тұр	екі	23
тұр	қазір	88
тұр	ана	74
тұр	басқа	92
тұр	үйде	91
тұр	бірақ	90
тұр	қатты	60
тұр	бұл	83
тұр	едім	71
тұр	негізі	42
тұр	соған	89
тұр	дейді	77
тұр	бізде	58
тұр	бәрін	91
тұр	десем	88
тұр	деді	88
тұр	екенсің	82
тұр	тәтті	84
тұр	маубас	50
ас	болсы	85
ас	болсын	77
ас	ас	3
ас	ішіп	69
ас	беріп	46
ас	жеп	71
ас	қабыл	78
ас	іштің	70
ас	дәмді	80
ас	босын	65
ассалаумалейкум	мен	61
ассалаумалейкум	жақсы	71
ассалаумалейкум	деп	57
ассалаумалейкум	!	89
ассалаумалейкум	қалай	33
ассалаумалейкум	қалайсың	52
ассалаумалейкум	рахмет	11
ассалаумалейкум	шүкір	69
ассалаумалейкум	сәлем	64
ассалаумалейкум	осы	91
ассалаумалейкум	ертең	84
ассалаумалейкум	как	84
ассалаумалейкум	құтты	78
ассалаумалейкум	қайырлы	70
ассалаумалейкум	бүгін	55
ассалаумалейкум	алла	87
ассалаумалейкум	ассалаумалейкум	67
ассалаумалейкум	қалайсыз	70
ассалаумалейкум	кеш	17
ассалаумалейкум	қанша	81
ассалаумалейкум	туған	84
ассалаумалейкум	қалайсыңдар	85
ассалаумалейкум	папа	42
ассалаумалейкум	брат	82
ассалаумалейкум	машина	34
ассалаумалейкум	аға	83
ассалаумалейкум	досым	50
ассалаумалейкум	ауыл	50
ассалаумалейкум	қалайсыздар	81
ассалаумалейкум	бауырым	53
ассалаумалейкум	братан	49
ассалаумалейкум	қалыңыз	44
ассалаумалейкум	жігіттер	73
ассалаумалейкум	бағасы	18
ассалаумалейкум	группа	91
ассалаумалейкум	қалдарың	77
ассалаумалейкум	ағай	88
ассалаумалейкум	достар	65
ассалаумалейкум	қалдарыңыз	71
ассалаумалейкум	тамыр	72
ассалаумалейкум	жезде	88
ассалаумалейкум	көке	85
ассалаумалейкум	баршаңызға	83
ассалаумалейкум	дер	60
ассалаумалейкум	нағашы	85
ассалаумалейкум	құрдас	77
ассалаумалейкум	бауырлар	83
ассалаумалейкум	ереке	75
ассалаумалейкум	ұстаз	80
ассалаумалейкум	бажа	86
ассалаумалейкум	баке	91
ассалаумалейкум	рахматуллахи	86
ассалаумалейкум	құрдастар	47
ассалаумалейкум	асеке	72
ассалаумалейкум	ағайындар	91
ассалаумалейкум	туысқандар	65
ассалаумалейкум	ауылдастар	92
ассалаумалейкум	көпшілік	70
болад	?	88
болад	мен	28
болад	деп	55
болад	ғой	17
болад	енді	57
болад	ол	54
болад	өзің	43
болад	екен	48
болад	деген	17
болад	ау	46
болад	негізі	49
болады	?	62
болады	мен	16
болады	жақсы	57
болады	деп	63
болады	!	19
болады	сен	43
болады	рахмет	80
болады	ғой	84
болады	жаным	17
болады	шүкір	57
болады	бір	78
болады	енді	74
болады	ол	59
болады	өзі	59
болады	өзің	89
болады	да	68
болады	маған	65
болады	ал	77
болады	екен	89
болады	осы	16
болады	менде	75
болады	ертең	82
болады	менің	83
болады	деген	85
болады	или	51
болады	саған	88
болады	бүгін	83
болады	алла	90
болады	болады	60
болады	айтып	77
болады	ау	91
болады	аман	55
болады	бәрі	78
болады	бірақ	74
болады	өзіңіз	66
болады	бұл	91
болады	бұйырса	89
болады	негізі	69
болады	соған	70
болады	дейді	78
болады	десе	48
болады	деді	92
болады	және	69
болады	бағасы	89
болады	екенсің	74
болады	уайымдама	79
болады	екенғо	90
болады	екенғой	90
ай	?	92
ай	мен	69
ай	деп	52
ай	!	52
ай	сен	77
ай	жоқ	65
ай	бар	81
ай	рахмет	66
ай	жаным	86
ай	бір	71
ай	енді	73
ай	ол	76
ай	да	79
ай	неге	73
ай	болып	87
ай	болды	61
ай	осы	27
ай	менің	65
ай	деген	81
ай	емес	76
ай	істеп	80
ай	болса	86
ай	алла	84
ай	болады	84
ай	ай	70
ай	жұмыс	19
ай	боп	82
ай	қыз	76
ай	болған	87
ай	ғана	72
ай	қарап	71
ай	қалды	87
ай	білмеймін	72
ай	молодец	79
ай	өмір	58
ай	алдын	81
ай	дан	85
ай	өтіп	83
ай	далада	81
ай	бұрын	79
ай	бойы	51
ай	бай	55
ай	сайын	49
ай	красавчик	20
ай	түк	83
ай	лав	75
ай	сайн	35
ай	ортасына	81
ай	толғақ	78
ай	кайдам	79
ай	сайынғы	62
айт	?	69
айт	мен	53
айт	деп	34
айт	!	27
айт	сен	43
айт	бол	61
айт	жаным	71
айт	бір	57
айт	енді	73
айт	маған	49
айт	ал	47
айт	алып	70
айт	менде	69
айт	ертең	68
айт	мені	70
айт	деген	74
айт	құтты	55
айт	айт	48
айт	ана	49
айт	тез	73
айт	десем	12
айт	деді	70
айт	қабыл	69
айт	дедім	36
айт	бәріне	68
айт	мүбәрәк	44
айт	намазы	52
айт	мерекесі	58
айт	мейрамы	32
айтып	мен	71
айтып	керек	81
айтып	бір	85
айтып	маған	85
айтып	алып	88
айтып	жатыр	58
айтып	ем	16
айтып	жатсың	69
айтып	тұр	55
айтып	айтып	47
айтып	барып	45
айтып	еді	92
айтып	кет	42
айтып	кетті	84
айтып	келе	71
айтып	жатырм	76
айтып	жатырмын	56
айтып	жазып	19
айтып	бер	85
айтып	қой	85
айтып	кетіп	47
айтып	едім	86
айтып	көр	33
айтып	көрем	57
айтып	жүр	61
айтып	отыр	50
айтып	отырмын	29
айтып	жатқан	41
айтып	жібер	38
айтып	жіберші	63
айтып	кеткен	49
айтып	жүре	77
айтып	жүрген	90
айтып	таста	57
айтып	кеттім	85
айтып	кетем	77
айтып	тұрған	86
айтып	берген	59
айтып	жібере	89
айтып	береді	83
айтып	қойып	83
айтып	берші	59
айтып	жүрсің	67
айтып	қоя	86
айтып	жатсыз	79
айтып	жатырсың	84
айтып	қойды	77
айтып	қойдым	79
айтып	жүрмін	39
айтып	жіберем	80
айтып	берді	92
айтып	жатсын	85
айтып	берейін	68
айтып	жатырмыз	79
айтып	көрші	82
айтып	журген	66
айтып	қойшы	81
айтып	отырған	88
айтып	едің	59
айтып	отыра	62
айтып	кеттің	85
айтып	беремін	74
айтып	жатса	78
айтып	тұрмын	83
айтып	қойған	53
айтып	едік	65
айтып	көрейін	91
айтып	кететін	44
айтып	көремін	88
айтып	жатырма	84
айтып	жіберіңізші	84
айтып	көру	52
айтып	отырсың	85
айтып	беріңізші	66
айтып	тастады	86
айтып	тастадым	90
айтып	жатсам	78
айтып	жүретін	81
айтып	тұрсың	90
айтып	жібересіз	63
айтып	отыратын	59
айтып	койдым	80
айтып	едіңіз	70
айтып	көріңіз	77
айтып	қойдың	82
айтып	түсіндіріп	82
айтып	отырады	90
айтып	жатқам	80
айтып	қойыңыз	89
айтып	жібересің	77
айтып	қойсай	89
айтып	жүрме	83
айтып	жатқаным	82
айтып	қоямын	58
айтып	көрсей	85
айтып	жеткізе	77
айтып	қойайын	69
айтып	жіберсеңіз	80
айтып	отырсыз	76
айтып	көріңізші	88
айтып	отырамын	81
айтып	қойсаң	89
айтып	едімғо	90
айтып	жібересізба	89
айтып	едімғой	88
айтып	жіберіңіздерші	87
айтып	жібересіздер	88
жұмыс	?	89
жұмыс	жақсы	47
жұмыс	деп	64
жұмыс	қалай	44
жұмыс	жоқ	17
жұмыс	бар	32
жұмыс	керек	32
жұмыс	ғой	48
жұмыс	енді	87
жұмыс	ол	82
жұмыс	өзің	75
жұмыс	маған	83
жұмыс	болып	78
жұмыс	болды	45
жұмыс	екен	85
жұмыс	осы	70
жұмыс	менде	89
жұмыс	ертең	87
жұмыс	деген	79
жұмыс	емес	78
жұмыс	істе	65
жұмыс	істеп	63
жұмыс	бүгін	15
жұмыс	болса	91
жұмыс	болады	49
жұмыс	жұмыс	85
жұмыс	көп	49
жұмыс	боп	49
жұмыс	қашан	73
жұмыс	еді	61
жұмыс	барма	87
жұмыс	күн	44
жұмыс	үй	78
жұмыс	шығып	55
жұмыс	қайда	58
жұмыс	қой	53
жұмыс	күні	48
жұмыс	сұрап	54
жұмыс	ауыр	86
жұмыс	болған	79
жұмыс	жаса	87
жұмыс	жасап	78
жұмыс	қарап	19
жұмыс	тауып	77
жұмыс	тыныш	48
жұмыс	болама	85
жұмыс	болмай	84
жұмыс	болмаса	77
жұмыс	жақта	80
жұмыс	нешеде	76
жұмыс	күнің	84
жұмыс	пен	87
жұмыс	жаққа	77
жұмыс	жүріп	58
жұмыс	қиын	76
жұмыс	іздеп	86
жұмыс	жоқпа	50
жұмыс	жайлы	62
жұмыс	таппай	55
жұмыс	бойынша	78
жұмыс	жақтан	46
жұмыс	бітті	86
жұмыс	жасау	65
жұмыс	жасай	52
жұмыс	орны	59
жұмыс	істеу	81
жұмыс	жасаған	49
жұмыс	басты	71
жұмыс	уақыты	90
жұмыс	істемей	63
жұмыс	істеген	74
жұмыс	жасайды	60
жұмыс	істейді	50
жұмыс	басталады	51
жұмыс	басталды	87
жұмыс	істейміз	75
жұмыс	істейтін	84
жұмыс	істейсің	56
жұмыс	шаруа	59
жұмыс	біткен	85
жұмыс	күндері	92
жұмыс	істеймін	87
жұмыс	жасаймын	63
жұмыс	жасаймыз	64
жұмыс	таптың	64
жұмыс	жасауға	79
жұмыс	тоқтап	68
жұмыс	істеуге	90
жұмыс	басталып	63
жұмыс	көбейіп	85
жұмыс	істедім	91
жұмыс	істейін	89
жұмыс	жасайын	83
жұмыс	жасамай	88
жұмыс	істесе	77
жұмыс	істесем	87
жұмыс	уақытында	85
жұмыс	біттіма	86
жұмыс	іздеу	90
жұмыс	істемейді	82
жұмыс	жайында	80
жұмыс	жасайсың	77
жұмыс	жасайсыз	61
жұмыс	жөнінде	68
жұмыс	қарастырып	77
жұмыс	істегім	88
жұмыс	жасамайды	83
жұмыс	істесең	82
жұмыс	жасайма	88
жұмыс	жасайсын	90
жұмыс	жасағым	81
жұмыс	барысы	89
жұмыс	істегің	79
жұмыс	жасағың	88
жұмыс	тамын	73
жұмыс	жасайсыздар	76
жұмыс	бабымен	84
жұмыс	жасағыңыз	88
жұмыс	жасағын	87
көп	?	87
көп	мен	88
көп	деп	88
көп	!	58
көп	болсын	41
көп	рахмет	19
көп	керек	19
көп	ғой	68
көп	жаным	83
көп	ол	89
көп	алып	89
көп	болып	55
көп	болды	39
көп	екен	34
көп	менде	37
көп	деген	89
көп	емес	71
көп	адам	37
көп	болса	38
көп	алла	43
көп	болад	69
көп	болады	85
көп	айтып	57
көп	жұмыс	83
көп	көп	67
көп	ау	13
көп	ақша	86
көп	боп	50
көп	еді	62
көп	бала	68
көп	күн	70
көп	қыз	81
көп	рақмет	80
көп	келіп	23
көп	шығып	87
көп	жазып	77
көп	бірақ	85
көп	қой	82
көп	кетіп	39
көп	ала	85
көп	салып	88
көп	ішіп	88
көп	тамақ	64
көп	қыздар	81
көп	алма	80
көп	сұрап	72
көп	ауырып	90
көп	сияқты	91
көп	айта	71
көп	болған	90
көп	жаса	59
көп	көріп	29
көп	су	90
көп	жерде	89
көп	дейді	71
көп	жүре	82
көп	келеді	82
көп	үлкен	91
көп	әңгіме	71
көп	жеп	79
көп	күтіп	75
көп	алп	84
көп	рет	91
көп	жерге	91
көп	уақыт	85
көп	жыл	51
көп	сөз	88
көп	жаза	70
көп	жүріп	86
көп	нәрсе	78
көп	адамдар	43
көп	болу	71
көп	болатын	90
көп	зат	83
көп	кетеді	62
көп	алатын	91
көп	қылып	87
көп	емеспа	76
көп	алады	81
көп	көңіл	87
көп	адамға	82
көп	сөйлесе	78
көп	сұрақ	90
көп	айтатын	81
көп	кіре	75
көп	болдыма	89
көп	сөйлеп	83
көп	іше	77
көп	балалы	86
көп	сөзді	38
көп	болғаны	89
көп	нәрсені	89
көп	адаммен	65
көп	жүрме	92
көп	нәрсеге	87
көп	ішпе	82
көп	алмаш	77
көп	сөйлемей	91
көп	құбыжық	84
көп	ұзамай	86
көп	нүктенің	78
қалайсыз	?	86
қалайсыз	мен	9
қалайсыз	жақсы	55
қалайсыз	деп	53
қалайсыз	!	88
қалайсыз	қалай	63
қалайсыз	жоқ	74
қалайсыз	рахмет	83
қалайсыз	жан	67
қалайсыз	жаным	85
қалайсыз	шүкір	45
қалайсыз	маған	88
қалайсыз	осы	84
қалайсыз	ертең	88
қалайсыз	менің	80
қалайсыз	мама	89
қалайсыз	құтты	53
қалайсыз	қайырлы	75
қалайсыз	бүгін	77
қалайсыз	жарайды	76
қалайсыз	аман	91
қалайсыз	туған	75
қалайсыз	өзіңіз	85
қалайсыз	апа	75
қалайсыз	апай	61
қалайсыз	папа	41
қалайсыз	жаңа	73
қалайсыз	дар	77
қалайсыз	брат	16
қалайсыз	аға	87
қалайсыз	туылған	50
қалайсыз	братан	81
қалайсыз	қалыңыз	65
қалайсыз	тәте	86
қалайсыз	тате	53
қалайсыз	денсаулық	52
қалайсыз	әпше	81
қалайсыз	ағай	20
қалайсыз	анашым	73
қалайсыз	женше	63
қалайсыз	жезде	49
қалайсыз	көке	77
қалайсыз	әпке	78
қалайсыз	жағдайыңыз	73
қалайсыз	жеңше	47
қалайсыз	денсаулығыңыз	70
қалайсыз	амансызба	60
қалайсыз	жақсысызба	63
бары	жақсы	90
бары	бар	18
бары	бір	29
бары	осы	48
бары	солай	17
бары	быр	50
барып	мен	18
барып	жақсы	84
барып	бір	83
барып	енді	58
барып	ал	89
барып	алып	81
барып	жатыр	23
барып	ем	59
барып	істеп	85
барып	сені	82
барып	тұр	91
барып	айтып	58
барып	жұмыс	84
барып	барып	73
барып	ақша	87
барып	кешке	89
барып	еді	75
барып	екі	85
барып	кел	90
барып	келіп	35
барып	келе	43
барып	жазып	44
барып	ала	89
барып	салып	59
барып	ішіп	84
барып	тамақ	84
барып	ап	69
барып	едім	77
барып	кеп	59
барып	көр	64
барып	көре	76
барып	көрем	84
барып	жүр	69
барып	сұрап	57
барып	жасап	77
барып	көріп	89
барып	су	58
барып	қарап	90
барып	жатқан	80
барып	бірге	76
барып	келді	85
барып	келген	56
барып	жүрген	54
барып	келеді	56
барып	жеп	86
барып	күтіп	85
барып	алам	91
барып	шай	74
барып	сөйлесіп	78
барып	қайт	73
барып	қайта	58
барып	жатып	80
барып	келдім	73
барып	түсіп	28
барып	алу	88
барып	тұрған	75
барып	дем	84
барып	келем	84
барып	қол	38
барып	демалып	90
барып	алайын	62
барып	келесің	61
барып	келсін	86
барып	келсе	71
барып	жүрсің	91
барып	киім	66
барып	көреміз	80
барып	қайтып	80
барып	жүрмін	76
барып	алатын	77
барып	ары	89
барып	журген	91
барып	алады	80
барып	келетін	86
барып	келдің	70
барып	киіп	56
барып	жатса	85
барып	аламыз	85
барып	жата	84
барып	алсам	88
барып	суға	80
барып	көрген	91
барып	қалады	91
барып	аламын	87
барып	қыдырып	82
барып	едік	78
барып	келдік	75
барып	документ	45
барып	көрейін	88
барып	көремін	74
барып	тапсырып	85
барып	қалам	84
барып	көру	57
барып	жатам	65
барып	жатсам	87
барып	құран	65
барып	келу	80
барып	келіңдер	49
барып	келші	55
барып	калам	91
барып	келгенше	72
барып	келеміз	84
барып	алайық	61
барып	көрсем	91
барып	қайтамыз	85
барып	келіңіз	59
барып	көрейік	70
барып	жуынып	87
барып	келгесін	85
барып	келсем	91
барып	келгем	66
барып	келдіңіз	79
барып	шомылып	80
барып	келдіңба	85
барып	келейін	84
барып	қайтатын	49
барып	келемін	77
барып	келдіңдер	74
барып	арыз	72
барып	қайту	88
барып	қайттың	61
барып	қайтайық	89
барып	жатсаң	47
барып	келуге	85
барып	келіңіздер	75
барып	қонып	78
барып	қаламыз	86
барып	қайтайын	75
барып	қаламын	68
барып	қайтыңдар	75
барып	қайттым	68
барып	қайттық	79
барып	келдіңіздер	72
барып	келейік	90
барып	қайттыңдар	52
барып	қалуым	91
барып	көрсек	77
барып	келсек	88
барып	қайтуға	80
барып	оқимыз	89
барып	қайтыңыз	87
барып	қайтсам	87
барып	келуім	85
барып	келгенге	81
барып	қайтыңыздар	90
барып	қайтсақ	86
барып	келейікші	88
барып	тіркелесіз	83
жар	болсын	85
жар	болып	6
жар	жар	31
жар	нәсіп	39
жара	да	36
жара	болып	31
жара	жара	19
жара	боп	7
жара	шығып	22
жарайды	мен	29
жарайды	жақсы	41
жарайды	деп	39
жарайды	!	58
жарайды	сен	66
жарайды	рахмет	74
жарайды	керек	38
жарайды	жан	78
жарайды	жаным	61
жарайды	бір	16
жарайды	енді	79
жарайды	ол	54
жарайды	өзің	90
жарайды	маған	59
жарайды	болды	90
жарайды	менде	74
жарайды	ертең	82
жарайды	деген	58
жарайды	мама	91
жарайды	қайырлы	84
жарайды	алла	44
жарайды	ас	86
жарайды	жарайды	88
жарайды	ертен	43
жарайды	аман	79
жарайды	аха	71
жарайды	кешке	81
жарайды	қазір	76
жарайды	рақмет	68
жарайды	солай	28
жарайды	бірақ	88
жарайды	давай	87
жарайды	өзіңіз	63
жарайды	апай	88
жарайды	ештеңе	37
жарайды	айтам	68
жарайды	аға	84
жарайды	жүрегім	90
жарайды	бопты	88
жарайды	ботам	84
жарайды	тәте	72
жарайды	сәттілік	89
жарайды	дедім	90
жарайды	көреміз	85
жарайды	әпше	84
жарайды	кешір	90
жарайды	ағай	90
жарайды	анашым	86
жарайды	жолың	90
жарайды	түсіндім	89
ертен	?	86
ертен	мен	72
ертен	де	39
ертен	деп	72
ертен	сен	62
ертен	бар	60
ертен	керек	89
ертен	бір	87
ертен	ол	63
ертен	маған	82
ертен	алып	71
ертен	осы	52
ертен	менде	84
ертен	ерте	69
ертен	мені	45
ертен	менің	82
ертен	емес	81
ертен	кім	62
ертен	мама	77
ертен	или	69
ертен	саған	51
ертен	болса	80
ертен	алла	78
ертен	болады	71
ертен	айтып	85
ертен	жұмыс	88
ертен	барып	42
ертен	ертен	50
ертен	ақша	73
ертен	кешке	83
ертен	туған	27
ертен	екі	82
ертен	ана	91
ертен	кел	78
ертен	келіп	61
ертен	келе	86
ертен	үйде	71
ертен	бара	80
ертен	біз	66
ертен	шығып	83
ертен	ала	87
ертен	салып	79
ертен	үйге	67
ертен	барам	85
ертен	ап	37
ертен	сенде	88
ертен	папа	91
ертен	көрем	83
ертен	бұйырса	89
ертен	жауап	78
ертен	айтам	78
ертен	бірге	64
ертен	сағат	89
ертен	тауып	62
ертен	жол	87
ертен	заказ	85
ертен	келед	90
ертен	келеді	80
ертен	бос	76
ертен	болама	69
ертен	алп	87
ертен	болмаса	81
ертен	алам	86
ертен	жұмысқа	74
ертен	азанда	59
ертен	ауылға	36
ертен	түнде	71
ертен	нешеде	89
ертен	барамыз	52
ертен	жұмыста	62
ертен	кетем	88
ертен	демалыс	63
ертен	дайын	63
ертен	апарып	89
ертен	сабақ	77
ертен	қалаға	74
ертен	ар	67
ертен	келем	83
ертен	баратын	64
ертен	келесің	67
ертен	тойға	82
ертен	жазам	81
ертен	таңертең	66
ертен	келгенде	65
ертен	кредит	89
ертен	ертерек	87
ертен	көреміз	76
ертен	жіберем	83
ертен	барады	82
ертен	кудай	89
ертен	барамын	89
ертен	келет	76
ертен	келетін	86
ертен	барсам	84
ертен	барайын	72
ертен	мектепке	86
ертен	алматыға	75
ертен	шығамыз	90
ертен	жолға	79
ертен	шығатын	80
ертен	звандайм	82
ертен	кетет	90
ертен	қаншада	87
ертен	арғы	85
ертен	бассейн	77
ертен	сабаққа	90
ертен	базарға	78
ертен	күндіз	86
ертен	бассейнге	85
ертен	хабарласам	75
ертен	барасын	83
ертен	буйырса	86
ертен	барганда	66
ертен	сөйлесеміз	91
ертен	калаға	75
ертен	азанмен	90
ау	?	89
ау	мен	20
ау	жақсы	53
ау	де	84
ау	деп	84
ау	!	29
ау	қалайсың	80
ау	сен	71
ау	жан	59
ау	жаным	36
ау	бір	13
ау	енді	80
ау	ол	75
ау	неге	67
ау	маған	77
ау	осы	85
ау	менде	51
ау	ертең	82
ау	мені	90
ау	менің	90
ау	деген	60
ау	сені	62
ау	мама	70
ау	қайырлы	73
ау	или	84
ау	саған	85
ау	бүгін	80
ау	ау	85
ау	бірақ	16
ау	бұл	89
ау	айта	90
ау	брат	61
ау	негізі	89
ау	жүрегім	90
ау	досым	66
ау	братан	78
ау	ботам	80
ау	дедім	51
ау	жүрек	90
ау	деймін	89
ау	шамасы	49
аман	мен	66
аман	жақсы	89
аман	бол	81
аман	болсы	18
аман	болсын	88
аман	шүкір	14
аман	өзің	53
аман	алып	66
аман	болып	81
аман	болса	58
аман	барып	46
аман	аман	62
аман	жүр	49
аман	аға	36
аман	тыныш	86
аман	есен	88
аман	жүре	6
аман	жатып	89
аман	жетіп	46
аман	болың	87
аман	болыңдар	87
аман	болсаң	26
аман	болсам	66
аман	болыңыз	89
аман	болсан	38
аман	болш	79
аман	жолын	29
аман	болыңыздар	90
аман	болайық	47
аман	жүрсін	45
аман	болшы	55
аман	болсақ	53
аман	жүріңіз	88
аман	жүріңдер	60
аман	болсаңдар	57
аман	болсыншы	68
аман	болындар	70
аман	жүрші	71
аман	есенбіз	76
аман	өріп	39
аман	есенсің	86
аман	есенсіңдер	88
аман	есенба	58
аман	жүріңіздер	59
аман	жұртымыз	77
аман	есенсіздер	73
аман	болыңдаршы	68
аман	есенсіңдерме	90
кеш	мен	86
кеш	жақсы	78
кеш	деп	57
кеш	!	74
кеш	қалайсың	17
кеш	болсын	47
кеш	жаным	63
кеш	болып	69
кеш	болды	19
кеш	мені	33
кеш	емес	77
кеш	болса	40
кеш	болады	58
кеш	барып	59
кеш	боп	70
кеш	келіп	31
кеш	шығып	62
кеш	жазып	72
кеш	барам	49
кеш	жауап	69
кеш	келді	52
кеш	келген	65
кеш	келеді	73
кеш	болмай	64
кеш	жатып	66
кеш	келдім	65
кеш	жарық	69
кеш	келем	6
кеш	келесің	63
кеш	қалып	78
кеш	болсада	77
кеш	емеспа	61
кеш	келетін	78
кеш	болғанда	77
кеш	баршаңызға	66
кеш	көңілді	48
кеш	батып	70
кеш	мазалап	75
кеш	жазғаныма	78
кеш	мазаласам	45
кеш	мазалағаныма	76
кеш	батты	59
кеше	?	73
кеше	мен	76
кеше	жақсы	36
кеше	де	68
кеше	қалай	50
кеше	сен	66
кеше	жоқ	47
кеше	бар	85
кеше	ғой	78
кеше	бір	90
кеше	ол	40
кеше	өзі	73
кеше	өзің	80
кеше	неге	82
кеше	маған	49
кеше	алып	56
кеше	болды	61
кеше	осы	78
кеше	менде	72
кеше	ерте	69
кеше	ертең	56
кеше	мені	84
кеше	менің	75
кеше	емес	73
кеше	кім	76
кеше	сені	86
кеше	мама	73
кеше	адам	63
кеше	саған	83
кеше	бүгін	63
кеше	айтып	54
кеше	жұмыс	50
кеше	көп	85
кеше	барып	74
кеше	кеш	51
кеше	ақша	60
кеше	кешке	74
кеше	қанша	33
кеше	бәрі	86
кеше	күшті	90
кеше	күн	81
кеше	туған	88
кеше	екі	76
кеше	ана	69
кеше	кетті	72
кеше	келіп	80
кеше	келе	66
кеше	үйде	87
кеше	солай	77
кеше	бара	76
кеше	біз	85
кеше	шығып	72
кеше	жазып	83
кеше	қайда	75
кеше	сенің	79
кеше	қатты	79
кеше	кетіп	67
кеше	салып	75
кеше	үйге	83
кеше	күні	69
кеше	ішіп	86
кеше	жаман	85
кеше	барам	70
кеше	тамақ	83
кеше	кеп	84
кеше	сіз	87
кеше	папа	77
кеше	анау	80
кеше	сұрап	83
кеше	ауырып	86
кеше	болған	70
кеше	беріп	82
кеше	көріп	88
кеше	ғана	80
кеше	жауап	28
кеше	су	88
кеше	ұйықтап	87
кеше	айтам	64
кеше	телефон	88
кеше	машина	81
кеше	сағат	86
кеше	жай	81
кеше	осылай	88
кеше	келді	88
кеше	келген	66
кеше	кеткен	60
кеше	бізде	85
кеше	заказ	88
кеше	бәрін	90
кеше	вообще	87
кеше	жұмысқа	90
кеше	азанда	86
кеше	біздің	73
кеше	ауылға	90
кеше	түнде	78
кеше	нешеде	26
кеше	келдім	72
кеше	менен	60
кеше	алдым	89
кеше	сендер	85
кеше	ұмытып	89
кеше	жұмыста	70
кеше	звандап	82
кеше	айтты	77
кеше	шаршап	77
кеше	ауылда	75
кеше	алған	90
кеше	айттым	82
кеше	біреу	59
кеше	қалаға	82
кеше	келем	84
кеше	жылап	86
кеше	қол	87
кеше	тойға	87
кеше	ден	70
кеше	жазам	90
кеше	таңертең	90
кеше	келгенде	84
кеше	айтқан	84
кеше	кредит	65
кеше	жұмыстан	88
кеше	біраз	84
кеше	соңғы	87
кеше	барған	90
кеше	шықтым	84
кеше	қолым	87
кеше	көрдім	87
кеше	барғанда	78
кеше	түскен	84
кеше	көшеге	83
кеше	жолда	90
кеше	жазған	90
кеше	келдік	81
кеше	жіберген	81
кеше	қонақ	85
кеше	жаңбыр	89
кеше	тойда	87
кеше	түнгі	68
кеше	түнімен	84
кеше	бардым	77
кеше	келгем	83
кеше	кеште	84
кеше	айтқам	68
кеше	кешкісін	84
кеше	звандаған	68
сәлемет	болсын	90
сәлеметсіз	мен	9
сәлеметсіз	жақсы	70
сәлеметсіз	!	67
сәлеметсіз	рахмет	36
сәлеметсіз	қалайсыз	90
сәлеметсіз	апай	64
сәлеметсіз	қалыңыз	61
сәлеметсіз	дер	58
сәлеметсіз	дерме	86
сәлеметсіз	газдын	19
ақ	жақсы	86
ақ	бар	75
ақ	болсын	73
ақ	алып	58
ақ	болып	76
ақ	емес	74
ақ	мама	78
ақ	адам	80
ақ	болса	53
ақ	ай	81
ақ	бала	75
ақ	күн	77
ақ	қыз	48
ақ	келіп	73
ақ	бара	77
ақ	қой	81
ақ	ала	19
ақ	жаман	80
ақ	бақытты	80
ақ	жас	78
ақ	қара	79
ақ	машина	69
ақ	сағат	79
ақ	жол	66
ақ	келеді	13
ақ	мың	79
ақ	рет	72
ақ	түс	42
ақ	түсі	75
ақ	пен	66
ақ	киім	58
ақ	қоя	78
ақ	қойдым	77
ақ	түсті	76
ақ	жүрек	66
ақ	жіберді	78
ақ	қойшы	75
ақ	теңге	57
ақ	шаш	81
ақ	көйлек	79
ақ	көңіл	38
ақ	минут	55
ақ	ит	78
ақ	жиен	76
ақ	футболка	81
ақ	құрдас	54
ақ	шалбар	66
ақ	орамал	71
ақ	тілек	68
ақ	қойыңыз	79
ақ	орда	49
ақ	кофта	79
ақ	қойайын	58
ақ	қойыңдар	65
ақ	көйлекті	70
ақ	судан	78
ақ	балдыз	79
ақ	қояйық	79
ақ	патшам	57
ақ	түсінен	70
ақ	парақ	79
ақ	жаулықты	79
ақша	?	71
ақша	мен	69
ақша	деп	70
ақша	қалай	53
ақша	жоқ	79
ақша	бар	15
ақша	болсын	30
ақша	керек	88
ақша	ғой	16
ақша	ол	72
ақша	да	89
ақша	неге	61
ақша	маған	83
ақша	алып	82
ақша	болып	38
ақша	менде	72
ақша	ертең	84
ақша	деген	83
ақша	емес	68
ақша	істеп	67
ақша	саған	81
ақша	бүгін	89
ақша	болса	83
ақша	болады	37
ақша	көп	79
ақша	ақша	57
ақша	қашан	60
ақша	қанша	63
ақша	барма	79
ақша	үшін	38
ақша	кетті	51
ақша	қайда	83
ақша	бер	58
ақша	қатты	63
ақша	кетіп	83
ақша	ала	79
ақша	салып	74
ақша	ап	30
ақша	сұрап	81
ақша	болған	37
ақша	беріп	83
ақша	жасап	43
ақша	тауып	83
ақша	жібер	31
ақша	жіберші	79
ақша	десе	78
ақша	күтіп	89
ақша	алп	74
ақша	болмай	85
ақша	болмаса	29
ақша	алам	82
ақша	аз	77
ақша	алды	76
ақша	тастап	89
ақша	түсіп	77
ақша	алу	66
ақша	алған	76
ақша	дайын	65
ақша	берген	86
ақша	шығарып	68
ақша	жібере	73
ақша	береді	76
ақша	жіберіп	71
ақша	берші	75
ақша	іздеп	69
ақша	ұстап	71
ақша	жоқпа	86
ақша	кетеді	81
ақша	жіберем	80
ақша	алатын	80
ақша	қосып	84
ақша	берді	70
ақша	түсті	71
ақша	таппай	48
ақша	алады	46
ақша	беретін	84
ақша	бітті	69
ақша	беру	77
ақша	бересің	73
ақша	алдың	78
ақша	алсам	85
ақша	салды	82
ақша	салдым	80
ақша	түскен	75
ақша	бермей	65
ақша	болғанда	78
ақша	жоққо	61
ақша	алуға	69
ақша	берсе	87
ақша	төлеп	70
ақша	бітіп	61
ақша	аударып	86
ақша	жетпей	55
ақша	салған	60
ақша	сұрай	78
ақша	шешіп	71
ақша	беріңізші	76
ақша	сұрайын	85
ақша	жағы	87
ақша	жағынан	80
ақша	жоққой	77
ақша	бересіз	75
ақша	түсе	87
ақша	түседі	84
ақша	лақтырып	67
ақша	салатын	77
ақша	жіберейін	83
ақша	берсең	88
ақша	барда	80
ақша	сұраған	88
ақша	түссе	76
ақша	жинау	54
ақша	төлеу	65
ақша	сұрады	78
ақша	сұраса	86
ақша	сұрасам	85
ақша	бермейді	86
ақша	саласыз	88
ақша	саласың	86
ақша	берема	78
ақша	аудара	89
ақша	таптың	83
ақша	салсай	83
ақша	түсу	89
ақша	жетпейді	77
ақша	алғанда	84
ақша	жоқта	80
ақша	түскенде	85
ақша	құртып	72
ақша	қалмады	83
ақша	аударам	75
ақша	жинай	87
ақша	салмай	83
ақша	бермеді	75
ақша	сұрайды	88
ақша	жеткізе	81
ақша	шешу	77
ақша	тапсам	84
ақша	табуға	75
ақша	түспеді	70
ақша	жіберуге	76
ақша	табады	69
ақша	сұрайтын	85
ақша	түссін	86
ақша	тапқым	83
ақша	тапқыңыз	86
боп	мен	89
боп	қала	80
боп	бір	83
боп	жатыр	83
боп	тұр	19
боп	жұмыс	16
боп	кет	82
боп	кетті	83
боп	келе	19
боп	бара	75
боп	жатырм	67
боп	жатырмын	85
боп	шығып	86
боп	кетіп	87
боп	барам	72
боп	кеп	86
боп	жүр	88
боп	отыр	50
боп	отырмын	64
боп	қалды	81
боп	жатқан	29
боп	кеткен	65
боп	жүре	37
боп	жүрген	64
боп	кеттім	64
боп	кете	68
боп	кетем	69
боп	тұрған	73
боп	жүрсің	60
боп	қалып	83
боп	кетеді	89
боп	жүрмін	61
боп	қалдың	89
боп	журген	77
боп	кеттің	80
боп	жатса	57
боп	тұрады	57
боп	тұрмын	77
боп	кетсе	84
боп	калган	70
боп	қалады	72
боп	кеттік	61
боп	кетет	86
боп	кетіпті	61
боп	кететін	67
боп	жатырма	83
боп	қап	84
боп	қалам	88
боп	кетсем	80
боп	қалса	87
боп	қалдық	79
боп	кетесің	83
боп	тұрсың	84
боп	калам	69
боп	өсе	85
боп	тұрса	71
боп	қалар	87
боп	кетер	71
боп	кеткем	84
боп	кеттіма	86
боп	қапты	89
боп	қалама	70
боп	кетема	86
боп	кетіпсің	88
боп	атса	89
боп	кеткенба	87
боп	кеткенсің	88
ах	жара	82
ах	ах	20
аха	?	13
аха	мен	55
аха	жақсы	61
аха	деп	23
аха	сен	78
аха	бар	78
аха	рахмет	80
аха	жан	25
аха	жаным	70
аха	бір	37
аха	енді	88
аха	ол	79
аха	алып	88
аха	болды	84
аха	осы	62
аха	менде	73
аха	ертең	71
аха	қайырлы	70
аха	саған	62
аха	бүгін	87
аха	дұрыс	83
аха	алла	76
аха	ас	71
аха	болады	71
аха	айтып	87
аха	жарайды	87
аха	ертен	13
аха	кеше	80
аха	аха	83
аха	кешке	58
аха	күшті	81
аха	қаз	86
аха	қазір	85
аха	рақмет	58
аха	келе	23
аха	солай	85
аха	давай	75
аха	сенде	56
аха	бұйырса	81
аха	айта	63
аха	айтам	77
аха	всё	77
аха	жүрегім	89
аха	бопты	88
аха	ботам	87
аха	түсті	88
аха	көрдім	77
аха	оқасы	86
аха	сағанда	80
аха	күтем	73
аха	түсіндім	79
қашан	?	81
қашан	мен	20
қашан	деп	77
қашан	енді	56
қашан	ол	55
қашан	да	83
қашан	маған	84
қашан	алып	89
қашан	болды	50
қашан	екен	77
қашан	адам	69
қашан	бүгін	87
қашан	болад	89
қашан	болады	80
қашан	жұмыс	39
қашан	барып	84
қашан	ақша	76
қашан	қашан	83
қашан	еді	77
қашан	кетті	62
қашан	келіп	84
қашан	келе	77
қашан	шығып	80
қашан	кетіп	80
қашан	салып	63
қашан	үйге	81
қашан	барам	88
қашан	көрем	81
қашан	болған	84
қашан	осылай	86
қашан	келді	88
қашан	келед	73
қашан	келеді	59
қашан	бос	24
қашан	жұмысқа	82
қашан	ауылға	87
қашан	барамыз	80
қашан	айтты	46
қашан	демалыс	85
қашан	дайын	85
қашан	айттым	61
қашан	келем	83
қашан	баратын	77
қашан	береді	80
қашан	келес	73
қашан	келесің	81
қашан	кетеді	14
қашан	екенін	65
қашан	барады	72
қашан	бару	75
қашан	аласың	86
қашан	шығасың	71
қашан	алады	20
қашан	келет	86
қашан	келетін	70
қашан	барсам	64
қашан	барайын	86
қашан	келдің	67
қашан	бересің	56
қашан	шығамыз	67
қашан	аламыз	62
қашан	жолға	82
қашан	барасың	85
қашан	шығатын	49
қашан	боласың	72
қашан	қолың	85
қашан	қайтыс	87
қашан	көрдің	88
қашан	бересіз	79
қашан	түседі	88
қашан	кетесің	56
қашан	жібересіз	65
қашан	келесіз	82
қашан	барасын	31
қашан	бардың	82
қашан	сөйлесеміз	83
қашан	қайтасың	73
қашан	басталады	23
қашан	қайтамыз	60
қашан	тұрдың	86
қашан	саласыз	81
қашан	саласың	80
қашан	жібересің	73
қашан	келейін	77
қашан	қайтатын	83
қашан	кездесеміз	81
қашан	бітеді	49
қашан	келесіңдер	57
қашан	келесін	52
қашан	барасыз	59
қашан	қайтады	83
қашан	шығасыз	65
қашан	шығарады	62
қашан	кіресің	83
қашан	ашылады	82
қашан	барасыңдар	80
қашан	ұйықтайсың	83
қашан	шығасыңдар	51
қашан	жолығамыз	60
қашан	келесіздер	68
қашан	жуамыз	64
қашан	қайтасыңдар	82
қашан	қайтасыз	60
қашан	келетінін	61
қашан	босайсың	83
қашан	босайды	64
қашан	шығасыздар	89
қашан	үйленесің	86
қашан	қайтасыздар	80
кешке	?	89
кешке	мен	72
кешке	де	63
кешке	деп	73
кешке	сен	69
кешке	керек	80
кешке	ғой	83
кешке	бір	85
кешке	маған	51
кешке	алып	83
кешке	ерте	42
кешке	мені	82
кешке	емес	88
кешке	кім	84
кешке	мама	78
кешке	или	79
кешке	саған	59
кешке	болса	84
кешке	алла	71
кешке	болады	84
кешке	айтып	76
кешке	жұмыс	87
кешке	барып	73
кешке	кеш	45
кешке	ақша	85
кешке	кешке	80
кешке	туған	80
кешке	кел	83
кешке	келіп	62
кешке	келе	62
кешке	қандай	69
кешке	үй	85
кешке	үйде	78
кешке	бара	64
кешке	шығып	80
кешке	жазып	67
кешке	қайда	87
кешке	бірақ	78
кешке	ала	55
кешке	салып	77
кешке	үйге	57
кешке	барам	53
кешке	тамақ	37
кешке	ап	63
кешке	кеп	80
кешке	папа	78
кешке	көрем	88
кешке	бұйырса	87
кешке	дейін	69
кешке	беріп	15
кешке	ғана	80
кешке	айтам	74
кешке	машина	60
кешке	бірге	86
кешке	сағат	84
кешке	келген	58
кешке	такси	85
кешке	келед	86
кешке	келеді	78
кешке	бос	59
кешке	болама	71
кешке	алп	84
кешке	болмаса	81
кешке	алам	77
кешке	жұмысқа	75
кешке	кіріп	82
кешке	ауылға	85
кешке	нешеде	71
кешке	барамыз	56
кешке	кетем	55
кешке	дайын	76
кешке	апарып	81
кешке	қалаға	61
кешке	брак	76
кешке	келем	85
кешке	баратын	56
кешке	келесің	70
кешке	тойға	69
кешке	келсе	59
кешке	жазам	87
кешке	келгенде	56
кешке	ет	76
кешке	ертерек	84
кешке	көреміз	81
кешке	жұмыстан	80
кешке	қайтып	63
кешке	жіберем	82
кешке	барады	65
кешке	далаға	88
кешке	жақын	64
кешке	шығасың	60
кешке	барамын	68
кешке	келет	74
кешке	келетін	85
кешке	шық	75
кешке	барсам	84
кешке	барайын	75
кешке	барғанда	84
кешке	шығамыз	84
кешке	жолға	62
кешке	көшеге	85
кешке	шығатын	61
кешке	звандайм	75
кешке	әкеп	66
кешке	қаншада	89
кешке	барайық	85
кешке	қонақ	85
кешке	қолың	80
кешке	хабарын	85
кешке	футбол	78
кешке	жіберемін	88
кешке	салқын	87
кешке	шығамын	87
кешке	келіңдер	88
кешке	хабарласам	85
кешке	кірем	61
кешке	кафеге	85
кешке	апарам	76
кешке	келеміз	88
кешке	таман	82
кешке	диін	49
кешке	сөйлесеміз	59
кешке	шығайық	64
кешке	қайтамыз	82
кешке	қонаққа	80
кешке	паркке	82
кешке	деиін	78
кешке	кездесейік	67
кешке	ауызашарға	88
еді	?	74
еді	мен	19
еді	жақсы	52
еді	деп	81
еді	!	31
еді	қалай	62
еді	сен	85
еді	жоқ	71
еді	бар	83
еді	ғой	84
еді	жаным	14
еді	бір	87
еді	енді	55
еді	ол	53
еді	өзі	49
еді	да	76
еді	неге	50
еді	маған	87
еді	алып	57
еді	осы	81
еді	менде	64
еді	ертең	75
еді	мені	69
еді	менің	86
еді	деген	83
еді	сені	67
еді	мама	86
еді	саған	84
еді	бүгін	77
еді	болса	59
еді	ау	81
еді	кеше	84
еді	ақша	68
еді	кешке	78
еді	бәрі	81
еді	екі	88
еді	қазір	82
еді	ана	68
еді	үйде	88
еді	бірақ	85
еді	сенің	68
еді	ала	83
еді	бұл	86
еді	жаңа	85
еді	негізі	85
еді	соған	51
еді	дейді	42
еді	оған	83
еді	өтініш	83
еді	содан	86
еді	ұмытып	77
еді	олда	71
еді	өткенде	84
еді	соның	88
қан	қан	83
қан	кетіп	36
қан	жылап	29
қан	тапсырып	39
қан	ағып	40
қан	тоқтамай	36
қанша	?	38
қанша	мен	15
қанша	жақсы	79
қанша	деп	84
қанша	бар	36
қанша	керек	45
қанша	енді	43
қанша	ол	83
қанша	да	83
қанша	алып	64
қанша	болып	64
қанша	болды	41
қанша	екен	34
қанша	осы	19
қанша	адам	79
қанша	болса	32
қанша	болад	86
қанша	болады	69
қанша	ай	17
қанша	айтып	54
қанша	ақша	85
қанша	боп	39
қанша	еді	71
қанша	қанша	48
қанша	бал	83
қанша	бала	76
қанша	күн	54
қанша	қыз	27
қанша	кетті	67
қанша	шығып	84
қанша	сұрап	86
қанша	беріп	72
қанша	жас	77
қанша	қалды	82
қанша	сағат	60
қанша	дейді	57
қанша	рет	73
қанша	уақыт	37
қанша	күнде	21
қанша	болар	43
қанша	жыл	86
қанша	сөз	45
қанша	дан	83
қанша	айттым	72
қанша	береді	86
қанша	болу	71
қанша	болат	82
қанша	кетеді	82
қанша	апта	75
қанша	бағасы	81
қанша	екенін	50
қанша	болсада	56
қанша	берді	79
қанша	жерден	87
қанша	күнге	52
қанша	түсті	62
қанша	уақытта	74
қанша	аласың	32
қанша	алады	79
қанша	теңге	71
қанша	беру	39
қанша	бересің	81
қанша	минут	74
қанша	адамға	73
қанша	тұрады	81
қанша	алдың	28
қанша	кг	74
қанша	айлық	54
қанша	төлеп	82
қанша	қызбен	85
қанша	қарыз	76
қанша	жаста	76
қанша	күннен	81
қанша	бересіз	80
қанша	уақытқа	86
қанша	айға	65
қанша	жасқа	84
қанша	ақшаң	83
қанша	жылдан	81
қанша	төлеу	85
қанша	жігітпен	73
қанша	литр	81
қанша	балл	78
қанша	процент	68
қанша	болғанын	66
қанша	метр	78
қанша	жастан	81
қанша	төлеймін	75
қанша	болатынын	88
қанша	дегенмен	85
қанша	пайыз	63
қанша	төлейді	72
қанша	уақыттан	76
бала	?	77
бала	мен	54
бала	жақсы	40
бала	деп	64
бала	қалай	41
бала	сен	58
бала	жоқ	84
бала	бар	54
бала	болсын	23
бала	керек	63
бала	ғой	45
бала	бір	50
бала	ол	72
бала	өзі	71
бала	да	80
бала	неге	60
бала	маған	86
бала	алып	71
бала	болып	68
бала	болды	46
бала	екен	80
бала	мені	55
бала	менің	81
бала	деген	82
бала	емес	58
бала	кім	52
бала	саған	70
бала	болса	85
бала	болады	54
бала	көп	84
бала	боп	67
бала	еді	58
бала	бала	80
бала	барма	76
бала	туған	63
бала	қыз	79
бала	үшін	88
бала	келіп	62
бала	кезде	74
бала	жазып	75
бала	қайда	71
бала	кеп	74
бала	ауырып	82
бала	сияқты	78
бала	болған	48
бала	ғана	70
бала	ұйықтап	83
бала	қарап	76
бала	тауып	32
бала	келді	67
бала	келген	75
бала	аз	88
бала	жылап	79
бала	емеспа	64
бала	емеспін	82
бала	махаббат	70
бала	жазды	82
бала	ғашық	83
бала	басына	87
бала	ұқсап	85
бала	болғасын	87
бала	көтере	87
бала	туып	82
бала	саны	51
бала	қарау	72
бала	шағалар	72
бала	шағаларың	82
бала	қарайтын	20
бала	бағып	83
бала	ұйықтатып	70
бала	қарауға	66
бала	емізіп	86
бала	кезден	78
бала	шағам	65
бала	шағасы	48
бала	шағамен	48
бала	шаған	50
бала	шағаны	73
бала	шағаның	56
бала	бақша	51
бала	шағаларыңның	81
бала	шағасымен	58
бала	шағасын	60
бала	шағаға	67
бала	шағама	69
бала	шағалы	77
бала	шағамды	81
бала	шағасына	72
бала	шағасының	72
бала	шағаларыңыздың	78
бала	шағамыз	78
бала	шағаммен	85
бала	шағамның	78
бәрі	?	84
бәрі	мен	63
бәрі	жақсы	66
бәрі	де	10
бәрі	деп	49
бәрі	сен	84
бәрі	жоқ	65
бәрі	бар	80
бәрі	рахмет	29
бәрі	керек	83
бәрі	жан	79
бәрі	шүкір	79
бәрі	бір	74
бәрі	енді	15
бәрі	өзің	88
бәрі	маған	84
бәрі	алып	59
бәрі	осы	80
бәрі	мені	66
бәрі	менің	66
бәрі	емес	69
бәрі	сені	79
бәрі	құтты	77
бәрі	саған	80
бәрі	дұрыс	72
бәрі	болады	20
бәрі	айтып	53
бәрі	жұмыс	72
бәрі	барып	75
бәрі	аман	86
бәрі	кеш	43
бәрі	ақша	83
бәрі	қанша	71
бәрі	бәрі	88
бәрі	күшті	71
бәрі	үшін	54
бәрі	кетті	60
бәрі	келіп	73
бәрі	үйде	79
бәрі	солай	76
бәрі	шығып	52
бәрі	жазып	70
бәрі	қайда	80
бәрі	сенің	80
бәрі	кетіп	71
бәрі	жаман	62
бәрі	сенде	79
бәрі	жүр	85
бәрі	сұрап	83
бәрі	ауырып	82
бәрі	көріп	66
бәрі	ұйықтап	87
бәрі	қарап	47
бәрі	бірге	86
бәрі	сондай	69
бәрі	әдемі	63
бәрі	соған	66
бәрі	осылай	87
бәрі	келді	82
бәрі	тыныш	83
бәрі	келеді	68
бәрі	бос	69
бәрі	керемет	78
бәрі	осындай	67
бәрі	жатып	85
бәрі	менен	88
бәрі	жұмыста	86
бәрі	өтірік	78
бәрі	дайын	63
бәрі	мүмкін	65
бәрі	өтіп	69
бәрі	сәтті	85
бәрі	біліп	82
бәрі	бірде	86
бәрі	далада	87
бәрі	жақсыма	86
бәрі	айтады	45
бәрі	бітті	82
бәрі	қымбат	53
бәрі	алланың	71
бәрі	оңай	65
бәрі	бітіп	84
бәрі	бірден	86
бәрі	өшіп	87
бәрі	біледі	69
бәрі	бекер	67
бәрі	бірдей	80
бәрі	аманба	58
бәрі	түсінікті	88
бәрі	басқаша	77
бәрі	жиналып	82
бәрі	түгел	84
бәрі	біткен	86
бәрі	шынайы	88
бәрі	жабылып	87
бәрі	дұрыспа	87
бәрі	уақытша	55
бәрі	артта	72
бәрі	оңынан	77
бәрі	ойдағыдай	84
бәрі	өзіндей	74
барма	?	57
барма	мен	10
барма	деп	65
барма	!	27
барма	сен	81
барма	жоқ	82
барма	бар	80
барма	керек	59
барма	жаным	72
барма	бір	87
барма	енді	55
барма	ол	78
барма	өзі	65
барма	маған	60
барма	екен	69
барма	осы	23
барма	менде	59
барма	ертең	77
барма	деген	77
барма	или	72
барма	бүгін	53
барма	болса	79
барма	ертен	46
барма	ақша	83
барма	кешке	87
барма	еді	81
барма	қанша	66
барма	екі	80
барма	қазір	71
барма	үйде	78
барма	сенің	67
барма	сенде	88
барма	сұрап	35
барма	брат	85
барма	негізі	76
барма	жіберші	72
барма	десе	76
барма	десем	87
барма	тас	78
барма	қазақ	60
барма	жоқпа	87
барма	жалпы	51
барма	бағасы	84
барма	әлде	86
барма	сендерде	85
барма	каспиде	83
барма	сіздерде	86
күш	көп	72
күш	қуат	15
күшті	?	5
күшті	мен	87
күшті	жақсы	41
күшті	деп	64
күшті	!	56
күшті	рахмет	58
күшті	ғой	76
күшті	жаным	17
күшті	бір	81
күшті	өзің	76
күшті	да	66
күшті	маған	81
күшті	болып	85
күшті	болды	20
күшті	екен	38
күшті	менде	16
күшті	емес	88
күшті	құтты	67
күшті	адам	39
күшті	болса	86
күшті	ас	78
күшті	болад	72
күшті	болады	83
күшті	жұмыс	58
күшті	боп	84
күшті	еді	40
күшті	бала	72
күшті	бәрі	76
күшті	күшті	86
күшті	күн	20
күшті	қыз	82
күшті	бірақ	62
күшті	тамақ	86
күшті	бақытты	85
күшті	сияқты	86
күшті	болған	79
күшті	жаңалық	64
күшті	видео	66
күшті	ұйықтап	78
күшті	жер	83
күшті	жерде	59
күшті	әдемі	82
күшті	молодец	69
күшті	ойнап	64
күшті	керемет	83
күшті	әңгіме	54
күшті	жерге	72
күшті	кино	85
күшті	бопты	79
күшті	болар	81
күшті	демалыс	42
күшті	жігіт	38
күшті	нәрсе	85
күшті	демалып	73
күшті	өтіп	49
күшті	болатын	73
күшті	зат	64
күшті	етіп	85
күшті	қылып	73
күшті	емеспа	59
күшті	айтады	81
күшті	көйлек	87
күшті	қыдырып	86
күшті	болыпты	56
күшті	ән	60
күшті	есім	80
күшті	өлең	87
күшті	идея	80
күшті	отырыс	84
күшті	жарасып	58
күшті	шығыпты	66
күшті	жарасады	65
күшті	болушы	72
күшті	қыдырыс	85
күшті	билейді	79
күшті	апайсыз	83
күн	?	66
күн	мен	63
күн	жақсы	60
күн	де	54
күн	деп	56
күн	!	55
күн	қалай	14
күн	қалайсың	44
күн	жоқ	46
күн	бар	70
күн	болсын	51
күн	ғой	35
күн	жаным	69
күн	бір	60
күн	енді	84
күн	болып	83
күн	болды	56
күн	екен	19
күн	ерте	66
күн	деген	85
күн	емес	55
күн	істеп	71
күн	құтты	66
күн	бүгін	33
күн	болса	73
күн	болады	70
күн	жұмыс	64
күн	қалайсыз	65
күн	барып	80
күн	боп	86
күн	қашан	80
күн	еді	85
күн	күшті	81
күн	үшін	66
күн	қандай	84
күн	үйде	87
күн	шығып	76
күн	қатты	64
күн	түн	50
күн	жаман	79
күн	қалайсыңдар	55
күн	қыздар	86
күн	болған	68
күн	көріп	71
күн	ғана	75
күн	қалды	64
күн	болам	52
күн	алдын	83
күн	жатып	65
күн	уақыт	76
күн	түсіп	84
күн	өте	82
күн	демалыс	79
күн	жүріп	49
күн	демалып	82
күн	өтіп	76
күн	сәтті	45
күн	ыстық	60
күн	жылы	17
күн	ара	65
күн	өткен	82
күн	екенін	69
күн	болсада	84
күн	бұрын	78
күн	достар	38
күн	ішінде	84
күн	ашық	62
күн	бойы	81
күн	жел	58
күн	сайын	86
күн	боласың	48
күн	баршаңызға	79
күн	жаңбыр	20
күн	күте	82
күн	жанып	84
күн	салқын	30
күн	суық	54
күн	құрметті	58
күн	санап	86
күн	ысып	61
күн	ыстықта	40
күн	демалыста	31
күн	иесі	78
күн	тойлап	87
күн	қалғанда	75
күн	жанды	73
күн	әріптестер	77
күн	қонып	79
күн	қайнап	85
күн	боран	60
күн	аяз	63
күн	қатарынан	69
күн	ыстыққа	76
күн	ыстықтан	71
күн	салқындап	81
күн	иелері	83
күн	ыстықпа	84
күн	түскенше	76
күн	ысымай	75
күн	күркіреп	70
күн	иелерін	76
туған	күн	84
туған	күні	16
туған	жер	9
туған	соң	64
туған	жерге	77
туған	күнің	84
туған	күніңмен	11
туған	күнде	8
туған	күнге	57
туған	ағам	22
туған	күнін	75
туған	күніне	36
туған	күнім	20
туған	күніңіз	32
туған	күніңізбен	19
туған	күнді	16
туған	күннен	58
туған	ағасы	66
туған	күндер	86
туған	күндері	80
туған	күннің	67
туған	күндерің	82
туған	жерім	40
туған	туыс	70
туған	күніме	80
туған	күнімен	39
туған	күндеріңіз	42
туған	күніңе	64
туған	кунің	51
туған	күнінде	57
туған	күнімді	51
туған	күніңді	61
туған	күнімде	61
туған	куніңмен	54
туған	күндеріңмен	64
туған	күніңде	53
туған	күнінен	65
туған	күнінмен	73
туған	күндеріңізбен	68
туған	күнініз	76
екі	жақ	87
екі	де	71
екі	болды	66
екі	емес	84
екі	адам	76
екі	ай	20
екі	жұмыс	33
екі	ақ	71
екі	бала	53
екі	күн	33
екі	екі	16
екі	қыз	82
екі	үш	30
екі	бас	18
екі	үй	84
екі	жас	82
екі	қызы	39
екі	қызым	71
екі	телефон	65
екі	машина	87
екі	жерде	66
екі	сағат	78
екі	есе	35
екі	үлкен	46
екі	мың	76
екі	рет	35
екі	жерге	19
екі	жақта	72
екі	күнде	52
екі	нан	33
екі	жыл	65
екі	жаққа	37
екі	жігіт	52
екі	кішкентай	72
екі	балам	73
екі	орын	62
екі	киім	53
екі	билет	87
екі	ұл	76
екі	зат	60
екі	апта	73
екі	келін	44
екі	жерден	84
екі	күнге	79
екі	аяқ	50
екі	ағам	80
екі	баласы	77
екі	айда	61
екі	айдан	72
екі	адамды	68
екі	жақтан	80
екі	көйлек	55
екі	бөлек	78
екі	минут	59
екі	адамға	82
екі	түрлі	58
екі	кг	43
екі	қатын	75
екі	баланы	78
екі	үйдің	59
екі	қызға	86
екі	адамның	67
екі	түрі	76
екі	әйел	79
екі	қыздың	80
екі	балаға	75
екі	баланың	70
екі	бөліп	78
екі	сөйлеп	61
екі	қызбен	78
екі	баламен	76
екі	жүз	61
екі	жарым	54
екі	көзі	65
екі	көзім	76
екі	ауыз	76
екі	жағы	83
екі	айдың	84
екі	күннен	86
екі	талай	45
екі	айға	82
екі	жарымда	67
екі	жасқа	70
екі	балаң	86
екі	жылда	87
екі	жылдан	80
екі	литр	69
екі	аяғым	73
екі	этаж	82
екі	баласын	82
екі	аптада	81
екі	дүние	75
екі	оқушы	67
екі	сағатта	85
екі	сағаттан	72
екі	шелек	69
екі	күннің	87
екі	баламды	77
екі	жылға	79
екі	ұлым	75
екі	жақты	83
екі	метр	71
екі	дүниенің	83
екі	ортаға	22
екі	әріп	83
екі	күндік	87
екі	аптадан	82
екі	сағатқа	72
екі	жақтың	71
екі	бөлме	84
екі	аптаға	77
екі	күнен	85
екі	ұлды	75
екі	қабат	86
екі	мезгіл	40
екі	еселеп	67
екі	баласымен	79
екі	аяқты	83
екі	адамдық	84
екі	дүниеде	78
екі	бөлмелі	71
екі	қызыммен	80
екі	жақтап	71
екі	ойлы	78
екі	жүзді	65
екі	жастың	62
қаз	мен	79
қаз	бір	38
қаз	саған	46
қаз	барып	60
қаз	ақша	53
қаз	үйге	55
қаз	барам	48
қаз	тамақ	32
қаз	сұрап	52
қаз	айтам	48
қаз	келдім	57
қаз	келем	52
қаз	жіберем	47
қаз	звандайм	42
қаз	көрейін	52
қаз	күте	61
қазір	?	60
қазір	мен	59
қазір	жақсы	42
қазір	де	57
қазір	деп	56
қазір	қалай	77
қазір	қалайсың	66
қазір	сен	86
қазір	жоқ	73
қазір	бар	55
қазір	керек	76
қазір	жаным	57
қазір	шүкір	86
қазір	бір	80
қазір	енді	48
қазір	ол	68
қазір	маған	62
қазір	алып	68
қазір	осы	61
қазір	менде	73
қазір	менің	62
қазір	емес	72
қазір	кім	46
қазір	мама	86
қазір	адам	84
қазір	саған	81
қазір	болса	67
қазір	айтып	83
қазір	жұмыс	69
қазір	көп	68
қазір	барып	75
қазір	ақ	53
қазір	ақша	79
қазір	кешке	52
қазір	қанша	81
қазір	бәрі	80
қазір	барма	54
қазір	күн	85
қазір	екі	78
қазір	қазір	84
қазір	келіп	84
қазір	келе	65
қазір	қандай	72
қазір	басқа	78
қазір	үй	71
қазір	үйде	86
қазір	солай	60
қазір	бара	87
қазір	біз	69
қазір	шығып	85
қазір	жазып	66
қазір	қайда	66
қазір	қатты	68
қазір	кетіп	82
қазір	салып	83
қазір	үйге	68
қазір	барам	54
қазір	тамақ	45
қазір	сұрап	66
қазір	ештеңе	53
қазір	көріп	84
қазір	ғана	72
қазір	неше	63
қазір	ұйықтап	85
қазір	айтам	69
қазір	қарап	69
қазір	машина	69
қазір	сондай	86
қазір	сағат	79
қазір	тауып	78
қазір	ешкім	84
қазір	келді	74
қазір	такси	77
қазір	қайдасың	79
қазір	бізде	63
қазір	заказ	87
қазір	келеді	84
қазір	бос	77
қазір	вообще	69
қазір	болмай	87
қазір	шай	64
қазір	жұмысқа	78
қазір	кіріп	76
қазір	сөйлесіп	83
қазір	ауылға	77
қазір	қайта	87
қазір	келдім	80
қазір	барамыз	49
қазір	жұмыста	77
қазір	звандап	74
қазір	ауылда	76
қазір	апарып	84
қазір	оқып	82
қазір	қалаға	84
қазір	келем	79
қазір	қол	62
қазір	біліп	86
қазір	кішкене	87
қазір	жазам	78
қазір	жұмыстан	85
қазір	жіберем	87
қазір	барады	39
қазір	далаға	83
қазір	қалада	86
қазір	барамын	83
қазір	қолым	63
қазір	барсам	66
қазір	көрдім	73
қазір	жарты	85
қазір	шығамыз	83
қазір	звандайм	77
қазір	келдік	62
қазір	күніне	76
қазір	көрейін	74
қазір	айтамын	64
қазір	күте	83
қазір	тұрдым	80
қазір	ақшам	73
қазір	сұрайын	77
қазір	жіберемін	69
қазір	гоу	73
қазір	шығамын	80
қазір	хабарласам	64
қазір	қарайын	81
қазір	тұмау	79
ана	мен	83
ана	жақ	43
ана	сен	69
ана	бір	80
ана	болып	58
ана	деген	82
ана	адам	64
ана	жұмыс	70
ана	ақ	84
ана	бала	82
ана	екі	21
ана	ана	46
ана	қыз	43
ана	үй	25
ана	үйде	77
ана	кезде	67
ана	үйге	67
ана	күні	55
ана	апа	69
ана	апай	78
ана	қызда	74
ана	қыздар	83
ана	мынау	74
ана	мал	65
ана	видео	70
ана	телефон	66
ана	қара	81
ана	машина	78
ана	жер	82
ана	жерде	71
ана	аға	35
ана	жерге	85
ана	жақта	68
ана	балдар	39
ана	жаққа	75
ана	жігіт	50
ана	кішкентай	65
ана	болу	85
ана	екеуі	86
ана	ұл	46
ана	жылы	82
ана	группа	78
ана	жерден	83
ана	кара	78
ана	әке	84
ана	жолы	83
ана	ақшаны	32
ана	жақтан	84
ана	көк	60
ана	қатын	86
ана	группаға	53
ана	баланы	70
ана	үйді	51
ана	үйдің	79
ана	кз	86
ана	үйден	79
ана	қызға	86
ана	жері	49
ана	әйел	86
ана	қыздың	79
ана	тілі	57
ана	балаға	62
ана	баланың	57
ана	қызбен	60
ана	баламен	66
ана	екеуін	65
ана	группада	70
ана	видеоны	72
ана	кісілер	65
ана	жерді	74
ана	бақытын	79
ана	группадан	54
ана	кісіге	85
ана	жерін	63
ана	жақты	87
ана	баланын	86
ана	кісінің	73
ана	екеуіне	81
ана	қыздан	80
ана	балада	80
ана	баладан	85
ана	жеріңді	85
ана	дүниеде	86
ана	қатынға	86
ана	жолғы	80
ана	атанған	63
қыз	?	83
қыз	мен	44
қыз	жақсы	60
қыз	деп	62
қыз	!	34
қыз	қалай	64
қыз	қалайсың	52
қыз	сен	47
қыз	жоқ	70
қыз	бар	40
қыз	бол	26
қыз	болсын	74
қыз	керек	48
қыз	ғой	27
қыз	бір	49
қыз	енді	63
қыз	ол	86
қыз	өзі	66
қыз	да	68
қыз	неге	66
қыз	маған	77
қыз	ал	64
қыз	алып	74
қыз	болып	60
қыз	болды	20
қыз	екен	74
қыз	осы	46
қыз	мені	84
қыз	менің	75
қыз	деген	68
қыз	емес	47
қыз	кім	49
қыз	сені	55
қыз	или	81
қыз	саған	72
қыз	болса	70
қыз	болады	46
қыз	көп	77
қыз	ау	62
қыз	боп	54
қыз	еді	48
қыз	бала	76
қыз	барма	43
қыз	туған	57
қыз	екі	78
қыз	қыз	82
қыз	үшін	70
қыз	келіп	61
қыз	жазып	79
қыз	қайда	77
қыз	сенің	63
қыз	жаман	87
қыз	сұрап	85
қыз	бақытты	79
қыз	сияқты	85
қыз	болған	49
қыз	дар	58
қыз	ғана	85
қыз	ұйықтап	83
қыз	әдемі	81
қыз	тауып	72
қыз	келді	30
қыз	туылған	75
қыз	дайын	85
қыз	жігіт	77
қыз	жылап	64
қыз	қызық	80
қыз	іздеп	76
қыз	жігіттер	55
қыз	ұл	81
қыз	жоқпа	62
қыз	екенін	83
қыз	баласы	86
қыз	емеспін	59
қыз	таппай	60
қыз	екенсің	81
қыз	болсаң	55
қыз	өсіп	82
қыз	болсам	86
қыз	баланы	83
қыз	жоққо	78
қыз	балаға	86
қыз	баланың	59
қыз	бен	75
қыз	ұқсап	36
қыз	жолдас	87
қыз	жібек	49
қыз	туып	73
қыз	емессің	70
қыз	баласын	79
қыз	таптың	76
қыз	баласына	86
қыз	өсіріп	73
қыз	ұзату	82
қыз	болсамда	46
қыз	келіншектер	83
қыз	құмар	75
қыз	ұзатып	85
қыз	ұзатуға	81
қыз	жасауы	79
қыз	басыммен	82
үш	адам	79
үш	ай	20
үш	ақ	21
үш	бала	47
үш	күн	33
үш	қыз	12
үш	сағат	30
үш	мың	37
үш	рет	21
үш	күнде	18
үш	жыл	18
үш	балам	25
үш	орын	55
үш	күнге	47
үш	баласы	30
үш	айда	54
үш	айдан	55
үш	адамға	52
үш	түрлі	55
үш	баламен	50
үш	жүз	53
үш	төрт	33
үш	жарым	19
үш	күннен	51
үш	айға	26
үш	жарымда	45
үш	жылдан	53
үш	күнен	53
үш	мезгіл	53
үшін	?	55
үшін	мен	31
үшін	жақсы	41
үшін	де	33
үшін	деп	44
үшін	!	49
үшін	қалай	60
үшін	сен	85
үшін	жоқ	58
үшін	бар	84
үшін	рахмет	85
үшін	керек	39
үшін	ғой	49
үшін	жан	56
үшін	жаным	76
үшін	бір	73
үшін	енді	50
үшін	ол	74
үшін	неге	62
үшін	маған	82
үшін	алып	56
үшін	екен	67
үшін	осы	84
үшін	ерте	64
үшін	ертең	71
үшін	мені	86
үшін	менің	63
үшін	деген	68
үшін	емес	80
үшін	істеп	47
үшін	сені	80
үшін	адам	70
үшін	саған	82
үшін	бүгін	64
үшін	алла	83
үшін	айтып	79
үшін	жұмыс	59
үшін	көп	65
үшін	барып	58
үшін	ақша	83
үшін	қанша	57
үшін	бәрі	65
үшін	екі	74
үшін	рақмет	83
үшін	келіп	68
үшін	келе	83
үшін	қандай	83
үшін	басқа	65
үшін	солай	81
үшін	бара	70
үшін	біз	77
үшін	шығып	83
үшін	жазып	82
үшін	сенің	62
үшін	қатты	79
үшін	кетіп	67
үшін	жаман	83
үшін	барам	84
үшін	бұл	80
үшін	сіз	76
үшін	сұрап	85
үшін	ештеңе	63
үшін	ғана	79
үшін	жауап	46
үшін	до	50
үшін	ешкім	79
үшін	осылай	77
үшін	келген	82
үшін	дос	82
үшін	жүрген	86
үшін	үлкен	76
үшін	бәрін	65
үшін	өмір	50
үшін	бірінші	48
үшін	олай	44
үшін	сөйлесіп	63
үшін	алдын	80
үшін	келдім	85
үшін	уақыт	79
үшін	өте	84
үшін	өтірік	64
үшін	ең	86
үшін	жылап	47
үшін	әр	70
үшін	жіберіп	83
үшін	барлық	86
үшін	ренжіп	85
үшін	ертерек	74
үшін	жүрмін	83
үшін	екенін	86
үшін	кешір	71
үшін	біраз	75
үшін	қымбат	86
үшін	кешірім	80
үшін	бәріне	37
үшін	көмек	56
үшін	тырысып	59
үшін	қуаныштымын	86
үшін	ұрысып	56
үшін	маңызды	86
үшін	дұға	75
үшін	ерекше	72
үшін	барлығын	68
үшін	астына	85
үшін	топқа	80
үшін	өзгерту	81
үшін	дұғада	77
үшін	жаралған	67
рақмет	жақсы	83
рақмет	деп	64
рақмет	!	76
рақмет	рахмет	14
рақмет	жаным	76
рақмет	шүкір	15
рақмет	өзің	80
рақмет	саған	31
рақмет	алла	58
рақмет	айтып	52
рақмет	көп	84
рақмет	аман	28
рақмет	рақмет	86
рақмет	өзіңіз	32
рақмет	апа	41
рақмет	апай	85
рақмет	қыздар	58
рақмет	әумин	76
рақмет	брат	57
рақмет	бірге	80
рақмет	аға	69
рақмет	досым	80
рақмет	үлкен	66
рақмет	әмин	24
рақмет	бауырым	78
рақмет	өздерің	63
рақмет	тәте	83
рақмет	әпше	76
рақмет	женше	73
рақмет	айтқаның	83
рақмет	жандарым	57
рақмет	сағанда	85
рақмет	сіздерге	73
рақмет	айтқаныңыз	81
рақмет	сізгеде	68
рақмет	барлықтарыңызға	83
кет	мен	78
кет	деп	52
кет	!	16
кет	бар	27
кет	жаным	22
кет	енді	27
кет	деген	47
кет	алла	42
кет	кет	56
кет	десе	38
кет	десем	54
кет	деді	55
кет	дедім	58
кет	ары	60
кет	дегенде	60
кет	әрі	59
кет	дильназ	60
кет	құры	56
кет	кетсең	46
кет	куры	32
кетті	?	59
кетті	мен	47
кетті	де	57
кетті	деп	82
кетті	!	20
кетті	сен	82
кетті	ғой	81
кетті	жаным	14
кетті	бір	84
кетті	енді	66
кетті	ол	60
кетті	өзі	60
кетті	да	63
кетті	маған	61
кетті	ал	81
кетті	екен	86
кетті	осы	74
кетті	ертең	79
кетті	мені	78
кетті	менің	82
кетті	деген	84
кетті	саған	65
кетті	бүгін	83
кетті	ау	67
кетті	кеше	41
кетті	бәрі	75
кетті	екі	74
кетті	қазір	83
кетті	ана	79
кетті	үйде	84
кетті	бірақ	86
кетті	анау	86
кетті	жаңа	86
кетті	соған	83
кетті	дейді	86
кетті	десем	67
кетті	содан	85
кетті	деді	84
кел	мен	75
кел	де	42
кел	деп	69
кел	!	15
кел	сен	53
кел	жаным	63
кел	бір	54
кел	енді	71
кел	маған	52
кел	алып	55
кел	ертең	71
кел	деген	63
кел	ертен	36
кел	кешке	71
кел	кел	69
кел	үйге	22
кел	тамақ	48
кел	если	67
кел	тез	71
кел	бірге	57
кел	дейді	56
кел	десе	60
кел	десем	57
кел	шай	57
кел	деді	55
кел	дедім	44
кел	дегенде	60
кел	десең	65
кел	десен	61
кел	күтем	69
кел	шауып	69
кел	кеме	64
келіп	мен	33
келіп	жақсы	83
келіп	бір	84
келіп	енді	59
келіп	өзің	77
келіп	маған	86
келіп	ал	75
келіп	алып	83
келіп	жатыр	24
келіп	мені	16
келіп	ем	74
келіп	істеп	85
келіп	тұр	76
келіп	айтып	14
келіп	жұмыс	83
келіп	еді	82
келіп	кет	38
келіп	кетті	75
келіп	бара	21
келіп	жатырм	81
келіп	жатырмын	79
келіп	жазып	40
келіп	кетіп	85
келіп	ішіп	51
келіп	тамақ	85
келіп	едім	55
келіп	көр	46
келіп	жүр	85
келіп	отыр	26
келіп	отырмын	32
келіп	жасап	66
келіп	көріп	83
келіп	ұйықтап	67
келіп	қарап	70
келіп	қалды	77
келіп	жатқан	42
келіп	кеткен	47
келіп	жүрген	64
келіп	жеп	50
келіп	шай	84
келіп	алды	60
келіп	қайта	81
келіп	жатып	84
келіп	алдым	73
келіп	кете	78
келіп	тұрған	83
келіп	шаршап	27
келіп	қол	80
келіп	демалып	83
келіп	қалып	71
келіп	кетеді	75
келіп	қойды	75
келіп	қойдым	78
келіп	жатырмыз	80
келіп	қалдың	77
келіп	отырған	71
келіп	шәй	72
келіп	жатса	78
келіп	тұрады	54
келіп	өліп	67
келіп	тұрмын	83
келіп	кетші	54
келіп	қойған	80
келіп	қалады	86
келіп	едік	64
келіп	жатырма	76
келіп	қалыпты	75
келіп	қуанып	83
келіп	қалса	69
келіп	қалдық	72
келіп	мәз	55
келіп	жеткен	82
келіп	тұрса	20
келіп	қалар	70
келіп	кетер	67
келіп	жүрма	84
келіп	қалама	76
келіп	қалдыңыз	84
келіп	жатсаң	82
келіп	қонып	77
келіп	тоқтай	82
келіп	көзайым	61
келіп	кетері	85
келе	ғой	81
келе	жатыр	71
келе	жатсың	13
келе	жатырм	29
келе	жатырмын	48
келе	бер	14
келе	ала	18
келе	салып	84
келе	алмай	51
келе	берсін	47
келе	жатқан	34
келе	жатып	20
келе	беред	46
келе	береді	66
келе	берші	54
келе	жатсыз	75
келе	жатырсың	45
келе	алмаймын	41
келе	алатын	53
келе	жатсын	79
келе	аласың	52
келе	берейін	41
келе	жатырмыз	80
келе	алады	32
келе	берет	80
келе	беретін	77
келе	берің	82
келе	беріңіз	80
келе	бересің	40
келе	жатса	67
келе	аласыз	78
келе	алмайды	47
келе	берсе	67
келе	жатырма	85
келе	аласын	67
келе	жатқанда	61
келе	алмайсың	32
келе	беріңдер	66
келе	жатсам	50
келе	алмайтын	72
келе	бересіз	65
келе	жатсыңдар	85
келе	аласыңба	63
келе	аласызба	57
келе	алсаң	65
келе	алмайсын	85
келе	жатырсыз	78
келе	берсей	55
келе	жатсыңба	66
келе	жатырсыңдар	50
келе	жатқам	66
келе	алмаймыз	81
келе	берсин	80
келе	аласынба	80
келе	алама	69
келе	жатсындар	78
келе	беріңіздер	83
келе	жатсыздар	68
келе	жатырсын	72
келе	жатсынба	72
келе	жатқанын	71
келе	алмайсыз	82
келе	жатырған	83
келе	жатырсыздар	85
келе	аласыздар	73
келе	жатсызба	83
келе	жатырсыңба	64
келе	жатсыңдарма	76
келе	жатырсызба	77
келе	жатсыздарма	77
қандай	?	80
қандай	жақсы	16
қандай	деп	48
қандай	бар	63
қандай	керек	62
қандай	енді	75
қандай	ол	78
қандай	да	74
қандай	болып	67
қандай	болды	60
қандай	екен	67
қандай	ем	36
қандай	адам	83
қандай	ой	43
қандай	болса	80
қандай	болад	71
қандай	болады	80
қандай	жұмыс	50
қандай	ақша	20
қандай	боп	71
қандай	еді	77
қандай	бала	43
қандай	күшті	60
қандай	күн	46
қандай	қыз	72
қандай	қандай	43
қандай	жаман	57
қандай	тамақ	74
қандай	қыздар	36
қандай	бақытты	61
қандай	жауап	84
қандай	жаңалық	85
қандай	су	58
қандай	видео	78
қандай	телефон	63
қандай	машина	59
қандай	жер	49
қандай	әдемі	68
қандай	керемет	56
қандай	әңгіме	40
қандай	жұмысқа	66
қандай	ауыл	84
қандай	кино	86
қандай	балдар	50
қандай	жағдай	78
қандай	болар	45
қандай	түс	86
қандай	түсі	62
қандай	сөз	85
қандай	жігіт	65
қандай	сабақ	58
қандай	қызық	60
қандай	қиын	83
қандай	адамдар	77
қандай	болу	76
қандай	киім	71
қандай	жігіттер	62
қандай	сурет	68
қандай	зат	73
қандай	магазин	75
қандай	екенін	86
қандай	болсада	41
қандай	жайлы	68
қандай	қылып	61
қандай	группа	84
қандай	ойын	72
қандай	автобус	62
қандай	дәрі	69
қандай	торт	53
қандай	гүл	83
қандай	көйлек	85
қандай	дорама	66
қандай	көмек	80
қандай	документ	65
қандай	сұрақ	60
қандай	түрі	65
қандай	ән	76
қандай	оқуға	82
қандай	нөмір	74
қандай	кітап	83
қандай	заттар	75
қандай	өлең	69
қандай	форма	77
қандай	тамаша	86
қандай	тапсырма	77
қандай	мамандық	78
қандай	киімдер	39
қандай	шешім	86
қандай	түрлері	83
қандай	жағдайда	62
қандай	болатынын	68
қандай	екеніңді	78
қандай	сұрақтар	81
қандай	екенімді	74
қандай	программа	77
қандай	құжат	82
қандай	тақырып	79
қандай	мінезім	83
қандай	сынақ	80
қандай	пән	85
қандай	адамсың	76
қандай	мағына	80
қандай	оймен	86
қандай	құжаттар	83
қандай	күйде	72
қандай	документтер	76
қандай	сезімде	76
қандай	вложение	73
қандай	шешімге	81
қандай	мамандыққа	84
қандай	түстері	74
қандай	мамандықтар	79
бас	деп	80
бас	қалай	55
бас	болып	25
бас	деген	63
бас	аман	49
бас	кетті	24
бас	бас	53
бас	жазып	62
бас	кетіп	62
бас	салып	47
бас	ауырып	61
бас	мал	19
бас	десе	53
бас	киім	57
бас	жуып	42
бас	кетеді	32
бас	көз	54
бас	қосып	58
бас	кетет	38
бас	аурп	50
бас	маман	55
бас	тартып	63
бас	айналып	55
бас	жағы	53
бас	жағын	54
бас	жағына	58
бас	қатып	63
бас	ауру	40
бас	рамазан	60
бас	аяғы	59
бас	жуу	59
бас	жағында	54
бас	қосу	54
бас	жүлде	44
бас	әріппен	32
бас	қосайық	59
басқа	?	61
басқа	мен	59
басқа	жақ	65
басқа	жақсы	83
басқа	деп	86
басқа	қала	81
басқа	қалай	80
басқа	сен	79
басқа	жоқ	79
басқа	бар	40
басқа	керек	80
басқа	ғой	73
басқа	бір	84
басқа	да	48
басқа	болып	41
басқа	кім	84
басқа	адам	42
басқа	болса	23
басқа	жұмыс	84
басқа	ақша	41
басқа	бала	72
басқа	бәрі	60
басқа	барма	83
басқа	күн	84
басқа	қыз	82
басқа	қандай	30
басқа	басқа	46
басқа	үй	43
басқа	кезде	80
басқа	қайда	64
басқа	үйге	70
басқа	күні	79
басқа	тамақ	38
басқа	қыздар	79
басқа	еш	40
басқа	ештеңе	64
басқа	жаңалық	29
басқа	видео	70
басқа	телефон	86
басқа	машина	77
басқа	жер	67
басқа	жерде	64
басқа	ешкім	53
басқа	такси	19
басқа	тыныш	71
басқа	ат	77
басқа	дым	86
басқа	әңгіме	47
басқа	жұмысқа	48
басқа	жерге	67
басқа	жақта	45
басқа	балдар	42
басқа	түсі	64
басқа	сөз	78
басқа	жаққа	58
басқа	біреу	33
басқа	жігіт	32
басқа	қалаға	56
басқа	нәрсе	52
басқа	адамдар	37
басқа	киім	56
басқа	бірдеңе	79
басқа	жігіттер	75
басқа	жоқпа	80
басқа	сурет	67
басқа	зат	72
басқа	кімге	58
басқа	ешкімге	68
басқа	артық	53
басқа	кіммен	84
басқа	группа	84
басқа	ойын	77
басқа	жерден	82
басқа	күнге	60
басқа	уақытта	69
басқа	қалада	74
басқа	жолы	65
басқа	адамды	69
басқа	мектепке	73
басқа	жақтан	62
басқа	көйлек	56
басқа	адамға	85
басқа	фота	58
басқа	қатын	84
басқа	қызға	72
басқа	сұрақ	58
басқа	адамның	83
басқа	түрі	81
басқа	амал	77
басқа	ешқандай	46
басқа	кімді	84
басқа	қызбен	85
басқа	баламен	51
басқа	қыздарға	86
басқа	қаладан	56
басқа	біреуге	76
басқа	заттар	43
басқа	түк	84
басқа	балдармен	78
басқа	ештеме	76
басқа	қыздармен	73
басқа	біреуді	48
басқа	біреудің	58
басқа	ешкіммен	68
басқа	ешкімді	69
басқа	біреумен	64
басқа	жігітпен	51
басқа	қыздарды	71
басқа	адаммен	78
басқа	вариант	77
басқа	бөтен	53
басқа	күндері	83
басқа	біреуден	76
басқа	елге	72
басқа	біреулер	84
басқа	адамдарға	85
басқа	ешнәрсе	78
басқа	нәрсеге	82
басқа	түрлері	80
басқа	қыздардан	76
басқа	айтарым	63
басқа	бөлмеге	76
басқа	амалым	75
басқа	тәңір	80
басқа	түстері	74
басқа	ешкімім	83
үй	?	85
үй	мен	72
үй	жақ	70
үй	де	62
үй	деп	55
үй	жоқ	55
үй	бар	59
үй	болсын	46
үй	керек	68
үй	ғой	62
үй	жаным	72
үй	алып	56
үй	болып	39
үй	деген	68
үй	құтты	67
үй	болса	72
үй	жұмыс	69
үй	салып	54
үй	қарап	41
үй	алды	69
үй	жақта	73
үй	алу	22
үй	алған	57
үй	жаққа	68
үй	ыстық	17
үй	болу	41
үй	сатып	73
үй	іздеп	68
үй	жақтан	67
үй	алуға	44
үй	жанып	63
үй	жағы	71
үй	жағына	71
үй	жағынан	33
үй	салқын	65
үй	тазалап	70
үй	ішің	55
үй	жина	33
үй	сатылады	67
үй	жинау	52
үй	жұмысы	38
үй	жағында	39
үй	ысып	42
үй	жақтағы	72
үй	жұмысын	53
үй	жақты	38
үй	жұмысына	69
үй	жалдап	61
үй	шашылып	73
үй	ақтап	72
үй	іштерің	66
үй	киіммен	32
үй	ішіңіз	73
үй	тапсырмасы	63
үй	тапсырмасын	55
үй	жағыңа	36
үй	жинайын	53
үй	кезекке	53
үй	жинадым	61
үй	жинауға	70
үй	жағдайында	70
үй	жағыңда	52
үй	іштеріңіз	68
үйде	?	62
үйде	мен	55
үйде	де	63
үйде	деп	55
үйде	жоқ	73
үйде	бар	47
үйде	бол	51
үйде	ғой	65
үйде	бір	58
үйде	енді	50
үйде	ол	80
үйде	өзің	85
үйде	болып	35
үйде	жатыр	80
үйде	болды	72
үйде	екен	83
үйде	ертең	74
үйде	емес	84
үйде	кім	41
үйде	мама	26
үйде	адам	62
үйде	бүгін	43
үйде	болса	79
үйде	тұр	58
үйде	болады	63
үйде	жұмыс	64
үйде	көп	58
үйде	еді	82
үйде	қанша	85
үйде	бала	84
үйде	бәрі	65
үйде	екі	61
үйде	үйде	76
үйде	жатырм	82
үйде	жатырмын	79
үйде	кезде	44
үйде	өзіңіз	83
үйде	тамақ	65
үйде	папа	52
үйде	жүр	75
үйде	отыр	81
үйде	отырмын	60
үйде	болған	59
үйде	неше	71
үйде	су	75
үйде	ұйықтап	76
үйде	қалды	70
үйде	жатқан	82
үйде	ешкім	47
үйде	тыныш	28
үйде	жүрген	84
үйде	дым	74
үйде	болам	80
үйде	болама	54
үйде	болмай	84
үйде	шай	78
үйде	жатып	70
үйде	балдар	55
үйде	нан	80
үйде	тұрған	67
үйде	біреу	84
үйде	демалып	77
үйде	адамдар	67
үйде	болу	64
үйде	болатын	78
үйде	ет	70
үйде	қалып	85
үйде	болдым	66
үйде	жалғыз	73
үйде	ішім	47
үйде	жатырмыз	78
үйде	тұра	82
үйде	емеспін	85
үйде	отырған	39
үйде	отыра	25
үйде	болсаң	61
үйде	жата	65
үйде	ауа	65
үйде	болсам	81
үйде	қарсы	80
үйде	болғанда	80
үйде	боласың	74
үйде	қонақ	55
үйде	жүргенде	59
үйде	боламын	82
үйде	боласын	71
үйде	тірлік	84
үйде	емессің	78
үйде	қонақтар	84
үйде	боласыз	59
үйде	болсаңыз	68
үйде	боласыңба	84
үйде	боласызба	80
солай	мен	85
солай	жақсы	70
солай	де	64
солай	деп	38
солай	болсын	25
солай	ғой	57
солай	жаным	38
солай	бір	74
солай	енді	75
солай	да	72
солай	алып	73
солай	болып	78
солай	болды	20
солай	екен	50
солай	деген	56
солай	емес	64
солай	істе	79
солай	істеп	83
солай	болса	58
солай	дұрыс	44
солай	тұр	56
солай	болад	81
солай	болады	71
солай	айт	35
солай	айтып	72
солай	ау	37
солай	ақ	49
солай	боп	70
солай	солай	41
солай	шығып	50
солай	жазып	71
солай	сияқты	62
солай	айта	32
солай	болған	59
солай	жаса	60
солай	жасап	85
солай	жауап	56
солай	айтам	80
солай	дейді	72
солай	жүре	66
солай	болама	64
солай	өмір	85
солай	болар	84
солай	ойлап	69
солай	деді	38
солай	кете	61
солай	айтты	85
солай	айттым	47
солай	жаза	68
солай	болу	84
солай	болат	47
солай	болатын	85
солай	айтқан	72
солай	айтса	64
солай	жазылып	75
солай	дедім	83
солай	айтады	82
солай	айтсам	63
солай	жасау	84
солай	жасай	76
солай	айтатын	83
солай	айту	76
солай	көрініп	83
солай	істеу	68
солай	болайын	75
солай	болуы	80
солай	жасаймын	80
солай	ойлай	84
солай	ойлайсың	81
солай	ойлаймын	81
солай	ойладым	78
солай	естідім	69
солай	ойлағам	84
солай	көрінеді	83
солай	ойлайды	82
бара	ғой	82
бара	жатыр	76
бара	жатсың	15
бара	бара	42
бара	жатырм	39
бара	жатырмын	42
бара	бер	12
бара	салып	21
бара	алмай	63
бара	берсін	25
бара	жатқан	50
бара	алам	28
бара	жатып	68
бара	береді	49
бара	жатсыз	78
бара	жатырсың	71
бара	алмаймын	53
бара	алатын	18
бара	жатсын	84
бара	аласың	58
бара	берейін	68
бара	жатырмыз	41
бара	алады	29
бара	беретін	83
бара	беріңіз	78
бара	беремін	68
бара	бересің	71
бара	жатса	71
бара	аламыз	55
бара	алсам	79
бара	аламын	85
бара	алмайды	81
бара	берсе	59
бара	жатырма	83
бара	алмадым	68
бара	береміз	45
бара	берсем	56
бара	жатқанда	62
бара	алмайсың	36
бара	беріңдер	81
бара	жатсам	54
бара	алмайтын	58
бара	салатын	33
бара	жатсыңдар	79
бара	беруге	72
бара	аласыңба	83
бара	жатырсыз	85
бара	берейік	77
бара	берсей	58
бара	жатсыңба	83
бара	жатырсыңдар	75
бара	жатқам	70
бара	алмаймыз	71
бара	жатырсын	51
бара	берсек	77
бара	жатсынба	80
бара	жатсаң	81
бара	салайық	85
бара	жатқанын	77
бара	алмадық	84
бара	берейінба	77
бара	алмайын	82
біз	жақ	75
біз	жақсы	60
біз	де	60
біз	қалай	25
біз	сен	77
біз	жоқ	83
біз	ғой	81
біз	шүкір	72
біз	бір	65
біз	енді	45
біз	ол	33
біз	неге	66
біз	алып	75
біз	осы	73
біз	ерте	60
біз	ертең	82
біз	деген	48
біз	емес	68
біз	сені	69
біз	мама	42
біз	саған	85
біз	бүгін	60
біз	алла	45
біз	жұмыс	74
біз	көп	83
біз	барып	79
біз	ертен	65
біз	аман	66
біз	кеш	64
біз	кеше	84
біз	ақша	56
біз	қашан	81
біз	кешке	57
біз	бала	69
біз	екі	85
біз	қазір	67
біз	ана	57
біз	үшін	82
біз	келіп	42
біз	келе	69
біз	басқа	54
біз	үй	73
біз	үйде	78
біз	солай	56
біз	бара	81
біз	шығып	49
біз	сенің	59
біз	кетіп	83
біз	үйге	55
біз	тамақ	54
біз	бұл	66
біз	кеп	84
біз	жаңа	85
біз	бұйырса	67
біз	сияқты	72
біз	ғана	48
біз	ұйықтап	73
біз	негізі	81
біз	бірге	79
біз	сағат	69
біз	жай	80
біз	осылай	82
біз	дос	82
біз	оған	82
біз	күтіп	78
біз	шай	83
біз	бірінші	75
біз	жана	81
біз	ауылға	84
біз	алдында	61
біз	жақта	84
біз	түнде	27
біз	жатып	80
біз	күнде	84
біз	барамыз	79
біз	сізді	55
біз	екеуміз	44
біз	ауылда	54
біз	дайын	77
біз	жаққа	81
біз	қалаға	34
біз	баратын	66
біз	тойға	77
біз	келгенде	73
біз	далада	83
біз	қайтып	65
біз	далаға	73
біз	барған	77
біз	қалада	69
біз	сенімен	83
біз	жақтан	82
біз	барғанда	62
біз	алматыға	66
біз	шығамыз	73
біз	сендерге	75
біз	жолға	84
біз	кеттік	59
біз	өзіміз	69
біз	келдік	55
біз	астанаға	46
біз	бәріміз	81
біз	ауылдан	71
біз	сендерді	84
біз	жақсымыз	82
біз	жүрміз	67
біз	бармайтын	82
біз	шықтық	81
біз	сорлы	43
біз	барсақ	82
біз	араласпай	78
біз	сіздерді	72
біз	жақтағы	79
біз	үйдеміз	77
біз	жеттік	68
біз	болсақ	61
біз	бармаймыз	84
біз	барғанша	73
біз	біргеміз	77
біз	бармыз	55
біз	жолдамыз	77
жатырм	мен	83
жатырм	деп	42
жатырм	ғой	37
жатырм	енді	36
жатырм	өзің	52
жатырм	сені	14
жатырм	үйде	48
жатырм	өзіңіз	53
жатырмын	?	34
жатырмын	мен	83
жатырмын	деп	57
жатырмын	!	37
жатырмын	сен	68
жатырмын	ғой	70
жатырмын	жан	18
жатырмын	жаным	81
жатырмын	бір	46
жатырмын	енді	76
жатырмын	өзің	64
жатырмын	да	18
жатырмын	менде	68
жатырмын	ертең	78
жатырмын	деген	74
жатырмын	сені	68
жатырмын	саған	67
жатырмын	бүгін	79
жатырмын	кешке	81
жатырмын	қазір	85
жатырмын	үйде	75
жатырмын	үйге	64
жатырмын	өзіңіз	75
жатырмын	бұйырса	41
жатырмын	телефон	80
жатырмын	дейді	82
жатырмын	деді	62
жатырмын	басым	85
кез	келген	84
кезде	?	6
кезде	мен	73
кезде	жақсы	27
кезде	де	72
кезде	деп	42
кезде	қалай	81
кезде	сен	74
кезде	жоқ	42
кезде	бар	72
кезде	керек	83
кезде	бір	70
кезде	енді	45
кезде	ол	81
кезде	өзі	57
кезде	өзің	85
кезде	неге	84
кезде	маған	61
кезде	алып	48
кезде	осы	47
кезде	менде	71
кезде	мені	59
кезде	менің	59
кезде	сені	65
кезде	мама	64
кезде	адам	70
кезде	саған	77
кезде	болады	61
кезде	айт	79
кезде	айтып	57
кезде	жұмыс	59
кезде	көп	81
кезде	барып	69
кезде	ақ	65
кезде	ақша	83
кезде	бала	74
кезде	бәрі	84
кезде	екі	68
кезде	ана	83
кезде	кел	81
кезде	келіп	81
кезде	келе	76
кезде	қандай	78
кезде	басқа	80
кезде	үйде	78
кезде	солай	80
кезде	бара	74
кезде	біз	80
кезде	шығып	74
кезде	жаз	75
кезде	жазып	72
кезде	бірақ	64
кезде	сенің	73
кезде	қатты	76
кезде	кетіп	67
кезде	ала	77
кезде	салып	70
кезде	үйге	72
кезде	жаман	82
кезде	барам	69
кезде	сенде	70
кезде	сіз	78
кезде	папа	82
кезде	сұрап	84
кезде	айта	84
кезде	беріп	76
кезде	көріп	80
кезде	ғана	82
кезде	жауап	40
кезде	ұйықтап	84
кезде	айтам	76
кезде	телефон	53
кезде	бірге	83
кезде	сондай	77
кезде	ешкім	82
кезде	осылай	83
кезде	келеді	81
кезде	бәрін	84
кезде	дым	84
кезде	бос	84
кезде	вообще	79
кезде	алп	76
кезде	болмаса	83
кезде	алам	84
кезде	кіріп	83
кезде	тастап	85
кезде	барамыз	80
кезде	званда	83
кезде	звандап	78
кезде	айтты	76
кезде	апарып	85
кезде	жаза	79
кезде	әр	80
кезде	жазам	72
кезде	айтқан	68
кезде	көреміз	84
кезде	звандайм	79
кезде	айтамын	84
кезде	айтасың	80
кезде	хабарласам	83
шығып	мен	83
шығып	бір	80
шығып	алып	72
шығып	жатыр	65
шығып	жатсың	17
шығып	тұр	74
шығып	барып	18
шығып	еді	80
шығып	кет	67
шығып	кетті	56
шығып	келіп	16
шығып	келе	84
шығып	бара	40
шығып	жатырм	24
шығып	жатырмын	73
шығып	кетіп	30
шығып	үйге	33
шығып	барам	75
шығып	едім	61
шығып	жүр	61
шығып	отыр	57
шығып	қалды	71
шығып	жатқан	55
шығып	кеткен	43
шығып	жүрген	21
шығып	кіріп	57
шығып	қайта	80
шығып	келдім	80
шығып	барамыз	76
шығып	кеттім	77
шығып	кете	24
шығып	кетем	32
шығып	тұрған	48
шығып	келем	57
шығып	жүріп	71
шығып	алайын	77
шығып	жүрсің	74
шығып	қалып	67
шығып	кетеді	78
шығып	жүрмін	48
шығып	жатырмыз	83
шығып	тұра	60
шығып	барамын	82
шығып	кеттің	82
шығып	жатса	34
шығып	тұрады	53
шығып	кетсе	67
шығып	кетші	63
шығып	қалады	79
шығып	кеттік	77
шығып	кетет	58
шығып	кетіпті	70
шығып	кететін	28
шығып	жатырма	63
шығып	кетпе	78
шығып	кетпесін	81
шығып	жатқанда	69
шығып	жатсам	77
шығып	кетсем	71
шығып	кету	63
шығып	қалса	61
шығып	кетесің	79
шығып	кетейін	74
шығып	кетеміз	68
шығып	кеткенде	60
шығып	тұрса	80
шығып	қалар	82
шығып	кетер	72
шығып	кеткем	81
шығып	кеттіма	54
шығып	кетім	77
шығып	кетемін	75
шығып	кетсең	81
шығып	кетуге	84
шығып	қайтайық	85
шығып	жатсаң	75
шығып	кеттіңіз	78
шығып	кеттіңба	71
шығып	кетсек	77
шығып	кеттіңдер	80
шығып	кетейік	83
шығып	кеттін	77
жаз	мен	83
жаз	деп	40
жаз	!	20
жаз	қалай	43
жаз	маған	50
жаз	деген	44
жаз	или	47
жаз	жаз	55
жаз	бойы	27
жаз	бітті	29
жаз	дегенің	55
жаз	бітетін	48
жаз	басталғалы	55
жазып	маған	50
жазып	ал	85
жазып	алып	66
жазып	жатыр	52
жазып	ем	17
жазып	жатсың	77
жазып	тұр	58
жазып	еді	29
жазып	кет	73
жазып	кетті	71
жазып	жатырм	80
жазып	жатырмын	69
жазып	жазып	40
жазып	бер	67
жазып	қой	78
жазып	едім	54
жазып	көр	41
жазып	жүр	72
жазып	сұрап	61
жазып	отыр	79
жазып	отырмын	37
жазып	беріп	34
жазып	жатқан	74
жазып	жібер	47
жазып	жіберші	38
жазып	жүрген	20
жазып	алдым	58
жазып	звандап	76
жазып	тұрған	75
жазып	берген	73
жазып	жібере	63
жазып	береді	55
жазып	алайын	75
жазып	қойып	81
жазып	жіберіп	73
жазып	берші	75
жазып	жүрсің	71
жазып	қоя	84
жазып	жатырсың	60
жазып	қойдым	80
жазып	жіберем	40
жазып	өшіріп	62
жазып	берді	63
жазып	жатсын	58
жазып	жіберді	69
жазып	жібердім	80
жазып	көрші	38
жазып	журген	74
жазып	қойшы	80
жазып	отырған	76
жазып	едің	66
жазып	беремін	75
жазып	жатса	82
жазып	тұрмын	77
жазып	қойған	68
жазып	жіберген	61
жазып	көрейін	69
жазып	жатырма	77
жазып	жіберіңіз	76
жазып	жіберіңізші	50
жазып	отырсың	50
жазып	беріңізші	72
жазып	жіберемін	77
жазып	жатсам	71
жазып	бересіз	81
жазып	тұрсың	84
жазып	жібересіз	80
жазып	жіберейін	58
жазып	отыратын	77
жазып	койдым	71
жазып	қойыңыз	71
жазып	жібересің	73
жазып	қойсай	79
жазып	қойыпты	84
жазып	жіберіпті	68
жазып	жатқаным	46
жазып	қоямын	84
жазып	қойыңызшы	82
жазып	жіберсеңіз	81
жазып	өшірдің	69
жазып	тұрсай	80
жазып	жібергем	82
жазып	қоясыз	82
жазып	жатқаныма	78
жазып	жіберіппін	84
қайда	?	85
қайда	мен	13
қайда	деп	73
қайда	сен	42
қайда	жоқ	83
қайда	бар	55
қайда	енді	57
қайда	ол	71
қайда	неге	62
қайда	алып	83
қайда	болып	78
қайда	жатыр	84
қайда	екен	82
қайда	істеп	40
қайда	тұр	70
қайда	болады	58
қайда	жұмыс	67
қайда	барып	46
қайда	еді	54
қайда	кетті	80
қайда	келіп	41
қайда	келе	79
қайда	бара	70
қайда	шығып	40
қайда	қайда	79
қайда	кетіп	67
қайда	барам	26
қайда	бұл	53
қайда	жүр	82
қайда	қарап	47
қайда	қалды	63
қайда	кеткен	74
қайда	жол	67
қайда	барамыз	52
қайда	жүріп	44
қайда	баратын	57
қайда	демалып	73
қайда	жүрсің	79
қайда	кетеді	18
қайда	екенін	80
қайда	барад	55
қайда	барады	84
қайда	бару	59
қайда	барсам	73
қайда	барайын	81
қайда	кеттің	64
қайда	келдің	34
қайда	тұрады	79
қайда	барасың	63
қайда	қыдырып	44
қайда	боласың	74
қайда	болдың	72
қайда	шықтың	65
қайда	отырсың	54
қайда	тұрасың	74
қайда	жеттің	28
қайда	барасын	64
қайда	бардың	78
қайда	жүрсін	72
қайда	жүрсіз	76
қайда	жүрсіңдер	62
қайда	жеттіңдер	53
қайда	жоғалып	78
қайда	шықтыңдар	67
қайда	жүрсең	75
қайда	оқисың	83
қайда	кеттіңіз	66
қайда	барасыңдар	81
қайда	бардыңдар	81
қайда	кеттіңдер	78
қайда	тұрасыз	79
қайда	кеткенін	71
қайда	жүрсеңде	82
қайда	жүрседе	60
бірақ	мен	84
бірақ	жақсы	17
бірақ	қалай	56
бірақ	сен	69
бірақ	жоқ	27
бірақ	бар	76
бірақ	керек	82
бірақ	бір	84
бірақ	енді	38
бірақ	ол	56
бірақ	өзі	20
бірақ	өзің	71
бірақ	неге	66
бірақ	маған	60
бірақ	алып	36
бірақ	сәл	79
бірақ	осы	83
бірақ	менде	56
бірақ	ертең	48
бірақ	мені	57
бірақ	менің	54
бірақ	кім	44
бірақ	сені	80
бірақ	мама	53
бірақ	адам	68
бірақ	саған	68
бірақ	бүгін	50
бірақ	дұрыс	58
бірақ	алла	72
бірақ	жұмыс	83
бірақ	көп	76
бірақ	ертен	55
бірақ	кеш	83
бірақ	кеше	83
бірақ	ақша	70
бірақ	қашан	60
бірақ	кешке	81
бірақ	қанша	78
бірақ	бала	79
бірақ	бәрі	79
бірақ	күшті	59
бірақ	күн	71
бірақ	екі	74
бірақ	қазір	73
бірақ	ана	46
бірақ	қыз	68
бірақ	басқа	76
бірақ	үйде	58
бірақ	солай	78
бірақ	бара	79
бірақ	біз	84
бірақ	сенің	55
бірақ	қатты	55
бірақ	үйге	53
бірақ	жаман	83
бірақ	барам	65
бірақ	бұл	75
бірақ	сенде	49
бірақ	сіз	75
бірақ	папа	58
бірақ	кейін	82
бірақ	мынау	82
бірақ	анау	83
бірақ	еш	80
бірақ	ештеңе	84
бірақ	тез	77
бірақ	жауап	78
бірақ	әдемі	74
бірақ	ешкім	78
бірақ	білмеймін	69
бірақ	бізде	79
бірақ	бәрін	77
бірақ	дым	83
бірақ	оған	76
бірақ	рет	57
бірақ	бірінші	57
бірақ	біздің	82
бірақ	олай	73
бірақ	олар	65
бірақ	уақыт	59
бірақ	менен	78
бірақ	күнде	83
бірақ	өте	80
бірақ	оның	81
бірақ	бізге	61
бірақ	келем	81
бірақ	әр	83
бірақ	кішкене	83
бірақ	олда	80
бірақ	сіздің	76
бірақ	ешкімге	84
бірақ	бәрібір	67
бірақ	дәл	72
бірақ	өзіме	81
бірақ	кәзір	83
бірақ	қымбат	83
бірақ	кейде	78
бірақ	нақты	76
бірақ	амал	78
сенің	?	79
сенің	мен	57
сенің	жақсы	77
сенің	де	63
сенің	бар	40
сенің	жан	74
сенің	бір	75
сенің	өзің	50
сенің	маған	73
сенің	осы	48
сенің	мені	64
сенің	менің	81
сенің	айтып	76
сенің	ақ	83
сенің	бала	78
сенің	туған	82
сенің	екі	38
сенің	ана	81
сенің	қандай	75
сенің	басқа	69
сенің	үй	77
сенің	бақытты	64
сенің	ғана	84
сенің	ата	77
сенің	осындай	80
сенің	туылған	84
сенің	алдында	61
сенің	әр	81
сенің	барлық	80
сенің	айтқан	77
сенің	атын	79
сенің	көз	58
сенің	үйіне	78
сенің	қасында	73
сенің	көңіл	64
сенің	жасың	83
сенің	тәтті	73
сенің	сұлу	76
сенің	айтқаның	82
сенің	үйінде	65
сенің	папаң	81
сенің	мамаң	76
сенің	атың	56
сенің	қолың	34
сенің	жігітің	60
сенің	маман	39
сенің	қызың	71
сенің	жағдайың	39
сенің	ішің	73
сенің	ағаң	79
сенің	қасыңда	68
сенің	қызын	40
сенің	басың	71
сенің	ақшаң	65
сенің	үйің	70
сенің	үйіңе	65
сенің	балаң	40
сенің	аған	64
сенің	жұмысың	84
сенің	көзің	65
сенің	нең	59
сенің	ұйқың	82
сенің	есімің	79
сенің	сөзің	77
сенің	ойың	70
сенің	ақшаңды	56
сенің	жаның	74
сенің	түрің	75
сенің	досың	72
сенің	руың	69
сенің	өмірің	73
сенің	даусың	71
сенің	түріңді	69
сенің	қасыңа	71
сенің	үйіңде	64
сенің	басыңды	53
сенің	мазаңды	82
сенің	алдыңда	74
сенің	інің	63
сенің	қолыңнан	79
сенің	жаныңда	53
сенің	жүрегің	59
сенің	байың	73
сенің	суретіңді	76
сенің	көңілің	79
сенің	шаруаң	75
сенің	бойың	80
сенің	сөзіңді	69
сенің	адамың	73
сенің	күйеуің	80
сенің	телефоның	84
сенің	атыңды	65
сенің	даусыңды	70
сенің	көңіліңе	68
сенің	әйелің	78
сенің	мінезің	79
сенің	миыңды	72
сенің	сөздерің	81
сенің	телефоныңды	78
сенің	сөзіңе	83
сенің	қатының	81
сенің	ойыңды	83
сенің	машинаң	80
сенің	жазғаныңды	83
сенің	нөміріңді	64
сенің	көңіліңді	69
сенің	көзіңе	81
сенің	көмегің	84
сенің	жағдайыңды	76
сенің	орныңа	78
сенің	айтқаныңды	63
сенің	қолыңда	70
сенің	барыңа	80
сенің	жыныңа	62
сенің	үйіңнің	81
сенің	орныңда	82
сенің	кесірің	60
сенің	кесіріңнен	80
сенің	атыңа	59
сенің	атыңнан	84
сенің	арқаңда	72
сенің	қатысың	63
сенің	кінәң	84
сенің	ойыңша	76
бер	?	69
бер	мен	63
бер	жақсы	29
бер	де	81
бер	деп	75
бер	!	17
бер	сен	20
бер	бар	62
бер	керек	74
бер	жан	81
бер	жаным	81
бер	бір	33
бер	енді	76
бер	ол	51
бер	өзің	79
бер	маған	70
бер	болды	48
бер	осы	73
бер	менде	79
бер	ертең	68
бер	мені	76
бер	деген	83
бер	или	47
бер	саған	78
бер	алла	76
бер	ертен	76
бер	солай	79
бер	біз	68
бер	бірақ	79
бер	бер	79
бер	если	72
бер	бақытты	82
бер	дейді	79
бер	ата	64
бер	десе	42
бер	десем	67
бер	болмаса	65
бер	деді	81
бер	дедім	55
бер	дегем	64
бер	дегенде	82
бер	десең	82
бер	жағы	79
бер	жағында	69
бер	балақай	82
давай	?	65
давай	мен	72
давай	жақсы	27
давай	деп	56
давай	!	43
давай	сен	75
давай	рахмет	56
давай	жан	82
давай	жаным	73
давай	бір	51
давай	енді	76
давай	менде	75
давай	ертең	79
давай	деген	60
давай	қайырлы	81
давай	болса	32
давай	ертен	77
давай	аман	63
давай	кешке	72
давай	давай	73
давай	тез	11
давай	брат	80
давай	ұйықта	72
давай	до	79
давай	дос	82
давай	без	81
давай	екеуміз	77
давай	завтра	83
давай	будем	60
давай	вместе	72
давай	дружить	79
давай	встретимся	56
қатты	мен	73
қатты	жақсы	61
қатты	керек	12
қатты	жаным	35
қатты	болып	72
қатты	емес	63
қатты	айтып	36
қатты	жұмыс	64
қатты	көп	80
қатты	шығып	79
қатты	қатты	67
қатты	кетіп	9
қатты	ауыр	54
қатты	ауырып	70
қатты	ұйықтап	20
қатты	үлкен	77
қатты	күтіп	76
қатты	бауыр	76
қатты	ойлап	59
қатты	шаршап	76
қатты	жылап	52
қатты	қызық	73
қатты	қиын	80
қатты	ыстық	64
қатты	сағындым	36
қатты	ренжіп	18
қатты	жауып	63
қатты	жақын	76
қатты	сағынып	73
қатты	қымбат	42
қатты	жел	71
қатты	айтсам	72
қатты	сүйемін	67
қатты	аурп	48
қатты	мас	76
қатты	қорқып	82
қатты	қуанып	71
қатты	ұйқым	60
қатты	кетпе	83
қатты	сөйлеп	81
қатты	ұнайды	71
қатты	ғашық	54
қатты	уайымдап	76
қатты	қиналып	69
қатты	соғып	41
қатты	шаршадым	77
қатты	ұзын	66
қатты	кетсем	79
қатты	алыс	82
қатты	мән	82
қатты	барғым	80
қатты	құшақтап	77
қатты	көргім	69
қатты	ісіп	71
қатты	қысып	80
қатты	суық	70
қатты	ұқсайды	83
қатты	ашуланып	62
қатты	көңілім	82
қатты	ұнады	67
қатты	өзгеріп	54
қатты	ысып	78
қатты	әсер	63
қатты	шаршаған	72
қатты	ренжідім	81
қатты	ауырды	66
қатты	қысылып	79
қатты	беріліп	79
қатты	қызғаншақ	83
қатты	денелердің	83
түн	?	75
түн	мен	81
түн	жақсы	53
түн	де	21
түн	деп	74
түн	!	57
түн	болсын	15
түн	жан	61
түн	жаным	58
түн	болып	13
түн	болды	70
түн	ертең	43
түн	қайырлы	79
түн	болса	73
түн	алла	83
түн	боп	60
түн	түн	77
түн	қыздар	17
түн	тыныш	81
түн	жүрегім	79
түн	ботам	70
түн	жарық	50
түн	анашым	70
түн	ішінде	81
түн	аллам	54
түн	баршаңызға	83
түн	жандарым	64
түн	әже	77
түн	жарым	77
түн	тыныштығын	82
түн	салқын	14
түн	жарымда	81
түн	ортасында	57
түн	бәріңе	63
түн	бетіңнен	76
түн	жамылып	78
түн	жарымында	81
қой	?	81
қой	мен	61
қой	жақсы	31
қой	деп	67
қой	!	28
қой	сен	60
қой	жоқ	56
қой	бар	24
қой	рахмет	73
қой	керек	76
қой	жан	59
қой	жаным	76
қой	бір	52
қой	енді	64
қой	ол	40
қой	өзі	46
қой	өзің	77
қой	да	79
қой	неге	80
қой	маған	74
қой	алып	59
қой	болды	76
қой	осы	58
қой	менде	76
қой	ертең	52
қой	мені	70
қой	менің	75
қой	деген	68
қой	саған	66
қой	бүгін	69
қой	аман	80
қой	бәрі	83
қой	қазір	79
қой	басқа	77
қой	біз	82
қой	бірақ	78
қой	сенің	79
қой	бер	83
қой	давай	82
қой	қой	68
қой	бұл	31
қой	мынау	70
қой	ештеңе	72
қой	негізі	81
қой	тыныш	71
қой	бізде	79
қой	дым	82
қой	десем	80
қой	оған	77
қой	олай	81
қой	таста	51
қой	кеттім	68
қой	деді	73
қой	дедім	78
қой	ұят	65
қой	дегенде	69
қой	құрсын	81
қой	мирас	36
қой	қайдағы	69
қой	деймін	78
қой	айналайын	75
қой	кезек	67
қой	бағып	60
все	?	62
все	мен	37
все	жақсы	64
все	!	75
все	рахмет	70
все	болды	45
все	как	63
все	давай	69
все	все	58
все	там	15
все	за	80
все	брат	75
все	видео	57
все	же	82
все	еще	48
все	для	34
все	есть	68
все	ещё	72
все	братан	60
все	будет	73
все	его	37
все	было	81
все	время	64
все	больше	56
все	деньги	79
все	вместе	79
все	девушки	69
все	кроме	81
все	говорят	82
все	вопросы	79
все	виды	75
аллаға	жақсы	78
аллаға	деп	13
аллаға	!	75
аллаға	рахмет	72
аллаға	шүкір	70
аллаға	өзің	3
аллаға	аман	20
аллаға	бәрі	55
аллаға	рақмет	71
аллаға	аллаға	69
аллаға	өзіңіз	68
аллаға	ғана	47
аллаға	мың	79
аллаға	өздерің	50
аллаға	жақсымын	40
аллаға	өздеріңіз	81
аллаға	серік	81
аллаға	тапсыр	76
аллаға	жақсымыз	80
аллаға	аманбыз	54
аллаға	сансыз	65
аллаға	аманат	19
аллаға	шүкіршілік	50
аллаға	тапсырдым	71
аллаға	тәуекел	56
кетіп	қала	80
кетіп	жатыр	52
кетіп	ем	18
кетіп	жатсың	80
кетіп	тұр	75
кетіп	кешке	66
кетіп	еді	79
кетіп	бара	36
кетіп	жатырмын	12
кетіп	барам	46
кетіп	едім	39
кетіп	жүр	43
кетіп	отыр	59
кетіп	қалды	74
кетіп	жатқан	15
кетіп	жүрген	57
кетіп	барамыз	79
кетіп	қалып	51
кетіп	барады	36
кетіп	жатырмыз	68
кетіп	қалдың	75
кетіп	барамын	22
кетіп	едің	63
кетіп	жатса	77
кетіп	калган	74
кетіп	қалады	59
кетіп	барасың	41
кетіп	едік	67
кетіп	қап	80
кетіп	қалыпты	73
кетіп	қалам	37
кетіп	жатсам	50
кетіп	қалса	81
кетіп	қалдық	61
кетіп	калам	49
кетіп	қалар	76
кетіп	калған	72
кетіп	қаласың	54
кетіп	қалмай	71
кетіп	қалсам	77
кетіп	қапты	56
кетіп	жүрме	54
кетіп	қалғанда	80
кетіп	қалама	78
кетіп	қалдыңыз	77
кетіп	қалу	56
кетіп	қаламыз	71
кетіп	қаламын	77
кетіп	қалайын	78
кетіп	қалсаң	66
кетіп	баратыр	77
кетіп	баратырм	66
кетіп	қалдыңдар	70
кетіп	қалт	69
кетіп	қалуым	81
кетіп	қалғым	70
кетіп	қалмасам	62
кетіп	қалыпсың	74
ала	рахмет	80
ала	ғой	58
ала	тұр	63
ала	айтып	78
ала	кеш	53
ала	кет	76
ала	кел	54
ала	келе	20
ала	бер	69
ала	ала	20
ала	салып	77
ала	барам	77
ала	алмай	66
ала	берсін	19
ала	алам	55
ала	кетем	66
ала	келем	74
ала	беред	76
ала	береді	78
ала	келесің	66
ала	келсін	51
ала	берші	56
ала	алмаймын	79
ала	аласың	55
ала	берейін	62
ала	алады	47
ала	барайын	71
ала	беретін	64
ала	беріңіз	76
ала	беру	52
ала	бересің	73
ала	аласыз	68
ала	аламыз	43
ала	салдым	71
ала	кетші	70
ала	берме	66
ала	аламын	79
ала	алмайды	63
ала	алмадым	70
ала	береміз	52
ала	берсем	71
ала	аласын	76
ала	алмайсың	77
ала	беріңдер	72
ала	алмайтын	74
ала	кетесің	77
ала	келіңдер	74
ала	салатын	70
ала	мекен	73
ала	келші	80
ала	келесіз	23
ала	көл	59
ала	беруге	79
ала	кетейін	80
ала	аласыңба	71
ала	келіңіз	78
ала	берейік	59
ала	берсей	71
ала	алмаймыз	78
ала	саласыз	80
ала	саласың	70
ала	салыңыз	64
ала	келесіңба	66
ала	салсай	80
ала	кетіңіз	67
ала	салыңызшы	81
ала	көлге	50
ала	алмаған	73
ала	аламба	79
ала	саласын	77
ала	салайық	79
ала	кетіңдер	75
ала	көзбен	80
ала	келіңізші	74
ала	келсінші	48
салып	ал	80
салып	алып	63
салып	жатыр	43
салып	тұр	31
салып	еді	80
салып	кетті	74
салып	жатырмын	75
салып	бер	50
салып	қой	66
салып	салып	53
салып	едім	80
салып	жүр	53
салып	отыр	72
салып	отырмын	67
салып	беріп	75
салып	жатқан	65
салып	жібер	59
салып	жіберші	24
салып	жүрген	29
салып	алам	70
салып	таста	80
салып	тастап	80
салып	алдым	79
салып	алған	74
салып	берген	80
салып	жібере	77
салып	береді	29
салып	алайын	76
салып	қойып	68
салып	жіберіп	59
салып	берші	67
салып	қоя	51
салып	қойды	72
салып	қойдым	76
салып	жіберем	33
салып	берді	26
салып	жіберді	70
салып	жібердім	63
салып	берейін	31
салып	жатырмыз	73
салып	қойшы	78
салып	беретін	79
салып	беремін	79
салып	дайындап	73
салып	қойған	78
салып	жіберген	56
салып	жіберің	61
салып	жіберіңіз	81
салып	жіберіңізші	61
салып	беріңізші	43
салып	жіберемін	61
салып	тастадым	18
салып	бересіз	71
салып	жібересіз	74
салып	жіберейін	48
салып	тастаған	50
салып	койдым	79
салып	жіберу	67
салып	жібереді	70
салып	жібересің	62
салып	қойыпты	55
салып	жіберетін	60
салып	жіберсе	68
салып	жіберсем	75
салып	жіберіпті	70
салып	жіберсей	69
салып	жібереміз	77
салып	жіберсең	74
салып	жіберсеңіз	67
салып	жіберсін	68
салып	жіберіңдер	69
салып	жібересізба	80
салып	жібересіңба	69
үйге	?	78
үйге	де	48
үйге	деп	64
үйге	қалай	69
үйге	бар	76
үйге	керек	68
үйге	бір	72
үйге	енді	63
үйге	алып	36
үйге	адам	48
үйге	барып	73
үйге	аман	18
үйге	кеш	70
үйге	қашан	79
үйге	қазір	45
үйге	кел	76
үйге	келіп	41
үйге	келе	18
үйге	бара	31
үйге	шығып	28
үйге	кетіп	78
үйге	барам	45
үйге	тамақ	47
үйге	кеп	77
үйге	жаңа	36
үйге	тез	60
үйге	дейін	78
үйге	су	50
үйге	келді	81
үйге	келген	62
үйге	келеді	43
үйге	кір	75
үйге	кіріп	73
үйге	қайт	32
үйге	қайта	58
үйге	тастап	66
үйге	келдім	54
үйге	барамыз	20
үйге	нан	70
үйге	кетем	77
үйге	апарып	81
үйге	келем	52
үйге	баратын	72
үйге	келесің	78
үйге	келсін	57
үйге	келсе	74
үйге	келгенде	73
үйге	қайтып	40
үйге	келп	33
үйге	келін	63
үйге	бару	77
үйге	жақын	78
үйге	шақырып	77
үйге	жетіп	73
үйге	барған	44
үйге	барамын	34
үйге	келетін	77
үйге	барсам	74
үйге	барайын	68
үйге	келдің	56
үйге	келмей	44
үйге	барғанда	78
үйге	барасың	33
үйге	келдік	79
үйге	әкеп	57
үйге	жете	63
үйге	қонақ	78
үйге	кіре	52
үйге	әкеліп	67
үйге	соғып	62
үйге	барғым	77
үйге	келіңдер	78
үйге	жеттің	75
үйге	келесіз	65
үйге	кірем	80
үйге	жеткен	79
үйге	бардың	77
үйге	барганда	72
үйге	кірдім	78
үйге	кірген	68
үйге	келсең	74
үйге	келгесін	76
үйге	қонақтар	70
үйге	келсем	59
үйге	тапсырма	62
үйге	жеттім	76
үйге	келсей	77
үйге	келгем	79
үйге	келдіңіз	80
үйге	келдіңба	78
үйге	барғасын	79
үйге	кіргізіп	44
үйге	жеткенде	73
үйге	келдіңдер	60
үйге	киетін	75
үйге	қайту	66
үйге	қайттың	77
үйге	қайтайын	81
үйге	кіргенде	73
үйге	сыймай	72
үйге	барғансоң	76
үйге	қайтқым	72
там	?	73
там	деп	16
там	қалай	73
там	қалайсың	66
там	жан	46
там	жаным	73
там	өзің	64
там	ал	80
там	ертең	43
там	как	81
там	бүгін	54
там	жұмыс	73
там	қашан	73
там	қайда	73
там	все	81
там	там	51
там	за	47
там	брат	76
там	же	37
там	всё	42
там	еще	75
там	кто	59
там	қайдасың	79
там	есть	61
там	досым	42
там	вообще	60
там	где	81
там	ещё	48
там	бауырым	69
там	братан	75
там	будет	56
там	буду	65
там	был	76
там	была	69
там	было	75
там	тамыр	66
там	вроде	79
там	көшеге	79
там	братишка	65
там	были	74
там	дәулет	79
там	арнұр	76
күні	?	31
күні	мен	64
күні	де	46
күні	деп	62
күні	!	53
күні	қалай	47
күні	сен	73
күні	бар	75
күні	ғой	68
күні	бір	50
күні	ол	54
күні	маған	75
күні	алып	73
күні	болып	61
күні	болды	76
күні	екен	69
күні	осы	35
күні	ертең	77
күні	мені	64
күні	менің	79
күні	емес	78
күні	құтты	72
күні	саған	8
күні	бүгін	81
күні	болса	62
күні	алла	75
күні	болады	78
күні	жұмыс	62
күні	барып	63
күні	кеше	54
күні	ақша	64
күні	қашан	79
күні	кешке	58
күні	еді	48
күні	кел	47
күні	келіп	80
күні	келе	71
күні	үйде	65
күні	бара	78
күні	шығып	78
күні	салып	77
күні	барам	76
күні	бұйырса	54
күні	болған	77
күні	ғана	69
күні	сағат	70
күні	соған	46
күні	келеді	58
күні	бос	69
күні	өмір	69
күні	болмаса	81
күні	жұмысқа	79
күні	азанда	72
күні	ауылға	67
күні	түнде	76
күні	барамыз	64
күні	кетем	64
күні	демалыс	80
күні	қалаға	74
күні	келем	77
күні	баратын	79
күні	өтіп	75
күні	болатын	79
күні	таңертең	78
күні	екенін	71
күні	барамын	78
күні	барсам	73
күні	бойы	79
күні	шығамыз	23
күні	барайық	78
күні	түні	76
күні	кұтты	46
күні	тілеген	77
өзіңіз	?	66
өзіңіз	жақсы	18
өзіңіз	де	67
өзіңіз	қалай	36
өзіңіз	қалайсың	61
өзіңіз	ғой	75
өзіңіз	бір	66
өзіңіз	алып	80
өзіңіз	айтып	68
өзіңіз	қалайсыз	77
өзіңіз	келіп	5
өзіңіз	ғана	79
өзіңіз	білесіз	80
өзіңіз	біліңіз	39
өзіңіз	қалағандай	55
ішіп	енді	66
ішіп	өзің	64
ішіп	ал	57
ішіп	алып	27
ішіп	болып	20
ішіп	жатыр	25
ішіп	жатсың	32
ішіп	боп	66
ішіп	кет	66
ішіп	кетті	75
ішіп	келіп	63
ішіп	келе	68
ішіп	жатырм	77
ішіп	жатырмын	78
ішіп	өзіңіз	41
ішіп	ішіп	78
ішіп	ап	67
ішіп	едім	61
ішіп	жүр	70
ішіп	отыр	41
ішіп	отырмын	35
ішіп	болған	15
ішіп	ұйықтап	54
ішіп	жатқан	78
ішіп	жүре	59
ішіп	жүрген	72
ішіп	әңгіме	50
ішіп	жеп	80
ішіп	алп	44
ішіп	алам	71
ішіп	алды	76
ішіп	алдын	65
ішіп	келдім	80
ішіп	алдым	65
ішіп	алу	42
ішіп	алған	80
ішіп	келем	34
ішіп	демалып	71
ішіп	алайын	78
ішіп	жүрсің	19
ішіп	қойды	59
ішіп	қойдым	79
ішіп	болдым	72
ішіп	жүрмін	48
ішіп	жатырмыз	61
ішіп	пысып	66
ішіп	отырған	60
ішіп	алдың	63
ішіп	алса	51
ішіп	қойған	77
ішіп	қуып	79
ішіп	мас	79
ішіп	болдың	79
ішіп	отырсың	73
ішіп	болдық	73
ішіп	алсай	56
ішіп	алдық	71
ішіп	болғасын	58
ішіп	алайық	74
ішіп	алыңыз	68
ішіп	алдыңба	63
ішіп	алғам	65
ішіп	алдыңыз	79
ішіп	шегіп	77
ішіп	жүрдік	76
ішіп	алғансың	68
жаман	мен	78
жаман	жақсы	72
жаман	деп	72
жаман	болсын	42
жаман	ғой	56
жаман	бір	48
жаман	ол	78
жаман	өзің	77
жаман	да	64
жаман	болып	74
жаман	болды	17
жаман	екен	52
жаман	деген	24
жаман	емес	70
жаман	адам	23
жаман	ой	42
жаман	болса	46
жаман	болад	57
жаман	болады	66
жаман	айтып	49
жаман	көп	77
жаман	боп	68
жаман	бала	24
жаман	күн	45
жаман	қыз	80
жаман	кетті	46
жаман	қатты	79
жаман	жаман	41
жаман	көрем	60
жаман	ауыр	76
жаман	ауырып	74
жаман	болған	38
жаман	көріп	66
жаман	жаңалық	78
жаман	қарап	80
жаман	түс	79
жаман	ойлап	66
жаман	айтты	36
жаман	шаршап	68
жаман	сөз	50
жаман	нәрсе	35
жаман	ыстық	39
жаман	болат	45
жаман	зат	77
жаман	болдым	64
жаман	болсада	59
жаман	қылып	70
жаман	ішім	74
жаман	сағынып	77
жаман	жолға	76
жаман	қатын	76
жаман	аурп	75
жаман	болыпты	66
жаман	қорқып	79
жаман	үйреніп	77
жаман	жыным	68
жаман	қиналып	67
жаман	жағын	80
жаман	шаршадым	79
жаман	айттың	71
жаман	сөздер	74
жаман	ойым	62
жаман	көңілім	55
жаман	ысып	78
жаман	бөпе	76
жаман	атты	64
жаман	адаммын	55
жаман	ойда	77
жаман	ойлама	80
жаман	сезініп	63
жаман	оймен	72
жаман	ойлар	66
жаман	ойға	51
за	?	76
за	все	63
за	за	51
за	всё	72
за	такси	57
за	вас	75
за	день	56
за	май	59
за	его	76
за	группа	79
за	кг	79
за	мир	70
за	деньги	73
за	кого	43
за	два	65
за	июль	71
за	год	49
за	вес	72
за	июнь	71
за	вами	47
за	красотка	78
за	всю	75
за	комплимент	79
за	доставку	68
за	самира	64
барам	?	60
барам	мен	73
барам	деп	39
барам	сен	13
барам	ғой	56
барам	жаным	28
барам	бір	66
барам	енді	68
барам	ол	63
барам	да	71
барам	осы	62
барам	менде	80
барам	ертең	75
барам	деген	61
барам	мама	33
барам	или	79
барам	саған	71
барам	бүгін	59
барам	алла	69
барам	ертен	53
барам	ау	67
барам	кешке	51
барам	қазір	67
барам	бірақ	59
барам	үйге	78
барам	барам	69
барам	если	59
барам	бұйырса	79
барам	дейді	31
барам	десе	52
барам	десем	62
барам	болмаса	59
барам	жұмысқа	79
барам	ауылға	71
барам	деді	73
барам	қалаға	57
барам	дедім	78
барам	дегем	68
барам	кудай	71
барам	дегенде	73
барам	десең	80
барам	десен	68
барам	буйырса	74
барам	дегенше	64
тамақ	?	39
тамақ	жақсы	67
тамақ	деп	74
тамақ	қалай	64
тамақ	жоқ	78
тамақ	бар	57
тамақ	керек	49
тамақ	енді	65
тамақ	алып	68
тамақ	істе	41
тамақ	істеп	73
тамақ	болса	15
тамақ	көп	78
тамақ	барма	69
тамақ	салып	69
тамақ	ішіп	61
тамақ	анау	9
тамақ	беріп	78
тамақ	жасап	29
тамақ	су	20
тамақ	же	79
тамақ	заказ	78
тамақ	жеп	76
тамақ	шай	18
тамақ	пен	47
тамақ	дайын	80
тамақ	апарып	48
тамақ	береді	64
тамақ	берейін	77
тамақ	шәй	77
тамақ	дайындап	60
тамақ	жасау	54
тамақ	жасай	63
тамақ	істеу	67
тамақ	пісіріп	54
тамақ	іше	40
тамақ	істеген	48
тамақ	іштің	77
тамақ	істедің	24
тамақ	істейтін	77
тамақ	ішкен	78
тамақ	жей	58
тамақ	жегім	69
тамақ	істеймін	80
тамақ	ішу	77
тамақ	ішеміз	64
тамақ	ішетін	55
тамақ	істеуге	60
тамақ	жеген	70
тамақ	істейін	78
тамақ	іштім	53
тамақ	жасайын	79
тамақ	ішкім	58
тамақ	ішуге	77
тамақ	ішейін	52
тамақ	жеу	42
тамақ	жеуге	73
тамақ	ішейік	75
тамақ	жемей	69
тамақ	ішесің	74
тамақ	іштіңіз	79
тамақ	ішпедім	58
тамақ	жедің	77
тамақ	пісіру	78
ап	кеш	78
ап	кет	63
ап	кетті	41
ап	кел	49
ап	келе	39
ап	кетіп	49
ап	кеп	62
ап	кеткен	58
ап	таста	60
ап	кете	59
ап	кетем	44
ап	келем	27
ап	кетеді	53
ап	қойды	65
ап	қойдым	62
ап	шық	65
ап	кетші	63
ап	кетет	57
ап	қашып	58
ап	кету	61
ап	бәрекелді	65
ап	адемі	16
ап	арық	50
апа	?	62
апа	мен	47
апа	жақсы	24
апа	деп	58
апа	!	54
апа	қалай	43
апа	жоқ	50
апа	бар	73
апа	рахмет	47
апа	бір	52
апа	өзі	69
апа	да	73
апа	неге	59
апа	маған	73
апа	алып	56
апа	сәлем	69
апа	осы	62
апа	ертең	69
апа	мені	61
апа	менің	73
апа	деген	71
апа	мама	74
апа	құтты	71
апа	бүгін	62
апа	айтып	67
апа	қалайсыз	67
апа	ертен	21
апа	аман	70
апа	кеше	75
апа	ақша	75
апа	қашан	72
апа	туған	73
апа	келіп	44
апа	келе	70
апа	үйде	74
апа	біз	72
апа	қайда	69
апа	апа	69
апа	сіз	63
апа	сұрап	63
апа	келді	68
апа	келген	63
апа	ата	73
апа	туылған	57
апа	қалайсыздар	68
апа	екеуміз	58
апа	айтты	66
апа	айтады	65
апа	қайтыс	71
апай	?	75
апай	мен	25
апай	жақсы	17
апай	деп	57
апай	!	63
апай	қалай	19
апай	жоқ	75
апай	бар	72
апай	рахмет	51
апай	бір	55
апай	енді	70
апай	ол	74
апай	өзі	73
апай	да	68
апай	неге	69
апай	маған	72
апай	осы	51
апай	менде	56
апай	ертең	48
апай	мені	48
апай	менің	64
апай	құтты	56
апай	бүгін	60
апай	айтып	53
апай	көп	67
апай	қалайсыз	78
апай	жарайды	20
апай	ертен	65
апай	кеш	62
апай	кеше	74
апай	сәлеметсіз	78
апай	туған	40
апай	қазір	44
апай	рақмет	78
апай	келіп	78
апай	біз	77
апай	жазып	51
апай	өзіңіз	76
апай	апай	74
апай	бұл	60
апай	сіз	77
апай	сұрап	47
апай	жаңа	69
апай	келді	75
апай	бізде	75
апай	туылған	76
апай	сізді	56
апай	айтты	73
апай	қалыңыз	60
апай	сабақ	50
апай	бізге	72
апай	сәламатсыз	75
апай	айтқан	70
апай	сіздің	79
апай	онлайн	76
апай	кешіріңіз	66
апай	дұрыспа	70
бұл	?	70
бұл	мен	25
бұл	жақ	36
бұл	жақсы	71
бұл	деп	77
бұл	қалай	76
бұл	сен	57
бұл	бір	71
бұл	енді	63
бұл	өзі	60
бұл	да	79
бұл	неге	40
бұл	маған	74
бұл	менің	70
бұл	деген	20
бұл	емес	70
бұл	кім	50
бұл	адам	18
бұл	саған	70
бұл	дұрыс	68
бұл	ай	71
бұл	жұмыс	66
бұл	ақша	68
бұл	қанша	68
бұл	бала	61
бұл	екі	60
бұл	қыз	79
бұл	қандай	45
бұл	басқа	50
бұл	үйде	63
бұл	кезде	69
бұл	қайда	65
бұл	сенің	70
бұл	бұл	64
бұл	видео	77
бұл	жер	78
бұл	жерде	64
бұл	жай	19
бұл	өмір	72
бұл	біздің	47
бұл	жерге	60
бұл	жақта	61
бұл	күнде	30
бұл	жағдай	72
бұл	өте	77
бұл	өтірік	72
бұл	сөз	70
бұл	жаққа	78
бұл	жігіт	69
бұл	сіздің	72
бұл	онлайн	67
бұл	апта	49
бұл	группа	61
бұл	ойын	75
бұл	жерден	78
бұл	уақытта	74
бұл	жолы	71
бұл	айда	25
бұл	жақтан	58
бұл	кімнің	72
бұл	бет	70
бұл	қыздың	54
бұл	өмірде	75
бұл	группада	35
бұл	үндемей	67
бұл	сөзді	51
бұл	кісілер	67
бұл	жұмысты	78
бұл	өмірге	48
бұл	кісінің	76
бұл	өмірден	79
бұл	әлемде	73
бұл	жалған	72
бұл	дүниеде	76
бұл	күндерде	71
бұл	мәселені	79
бұл	жалғанда	79
бұл	көліктің	77
сенде	?	53
сенде	мен	32
сенде	жақсы	50
сенде	де	50
сенде	қалай	43
сенде	жоқ	72
сенде	бар	55
сенде	жаным	30
сенде	бір	67
сенде	ол	40
сенде	неге	78
сенде	маған	74
сенде	алып	43
сенде	сәлем	80
сенде	жат	79
сенде	осы	78
сенде	менде	66
сенде	мені	50
сенде	менің	39
сенде	болса	51
сенде	айтып	58
сенде	жұмыс	76
сенде	көп	70
сенде	аман	67
сенде	ақша	54
сенде	қанша	50
сенде	бәрі	52
сенде	барма	50
сенде	екі	42
сенде	қыз	74
сенде	кел	78
сенде	қандай	78
сенде	басқа	56
сенде	солай	72
сенде	кетіп	49
сенде	ішіп	78
сенде	бақытты	79
сенде	ғана	75
сенде	неше	69
сенде	ұйықта	60
сенде	сондай	64
сенде	осылай	57
сенде	жіберші	72
сенде	тыныш	62
сенде	осындай	76
сенде	болмаса	74
сенде	каспи	76
сенде	каспий	56
сенде	айфон	56
сенде	жоқпа	77
сенде	артық	73
сенде	инста	76
сенде	тұра	72
сенде	телеграм	60
сенде	каспиде	78
таң	мен	73
таң	жақсы	70
таң	деп	55
таң	!	73
таң	қалайсың	10
таң	болсын	26
таң	жан	65
таң	жаным	58
таң	сәлем	12
таң	ертең	65
таң	қайырлы	25
таң	қалайсыз	61
таң	ертен	60
таң	қалайсыңдар	58
таң	қыздар	66
таң	ата	45
таң	жүрегім	55
таң	ботам	65
таң	қалып	53
таң	анашым	46
таң	достар	72
таң	намаз	60
таң	бүгінгі	63
таң	баршаңызға	76
таң	жандарым	18
таң	қалам	70
таң	атып	61
таң	бауырлар	63
таң	сүйкімді	76
таң	бауырларым	74
таң	атты	77
таң	құрдастар	62
таң	азанмен	69
таң	атпай	67
таң	намазға	29
таң	азанымен	69
таң	атса	69
таң	намазы	80
таң	намазын	56
таң	намазына	55
таң	атқанда	58
таң	атады	78
таң	атқанша	73
таң	намазынан	55
едім	?	76
едім	мен	47
едім	жақсы	50
едім	деп	74
едім	!	42
едім	қалай	61
едім	сен	76
едім	жоқ	58
едім	ғой	66
едім	жаным	16
едім	бір	77
едім	енді	54
едім	ол	45
едім	да	56
едім	неге	68
едім	маған	77
едім	осы	73
едім	менде	62
едім	ертең	77
едім	сені	65
едім	мама	70
едім	саған	76
едім	бүгін	65
едім	кеше	59
едім	ақша	67
едім	кешке	68
едім	екі	74
едім	қазір	78
едім	бірақ	64
едім	үйге	55
едім	сіз	76
едім	жауап	76
едім	негізі	69
едім	соған	64
едім	оған	57
едім	болмай	79
едім	содан	79
едім	ұмытып	75
едім	олда	73
кеп	бір	77
кеп	маған	75
кеп	алып	79
кеп	жатыр	53
кеп	ем	20
кеп	тұр	79
кеп	еді	15
кеп	кетті	67
кеп	бара	31
кеп	жатырм	75
кеп	жатырмын	78
кеп	тамақ	74
кеп	ап	73
кеп	жүр	56
кеп	отыр	27
кеп	қалды	40
кеп	жатқан	47
кеп	кеткен	59
кеп	жүрген	79
кеп	алп	55
кеп	шай	77
кеп	жатып	77
кеп	тұрған	78
кеп	қалдың	20
кеп	журген	66
кеп	жатса	71
кеп	тұрады	68
кеп	өліп	75
кеп	қалады	75
кеп	қалса	66
кеп	қалдық	71
кеп	тұрса	54
кеп	қалар	70
кеп	жүрма	72
кеп	қалама	73
сіз	?	78
сіз	мен	47
сіз	жақсы	52
сіз	де	59
сіз	деп	38
сіз	қалай	22
сіз	жоқ	55
сіз	бар	65
сіз	ғой	72
сіз	бір	52
сіз	енді	55
сіз	ол	68
сіз	неге	68
сіз	маған	44
сіз	алып	22
сіз	осы	60
сіз	ертең	55
сіз	мені	65
сіз	менің	31
сіз	деген	40
сіз	емес	66
сіз	кім	64
сіз	бүгін	67
сіз	дұрыс	57
сіз	айтып	78
сіз	жұмыс	62
сіз	көп	70
сіз	қалайсыз	76
сіз	барып	72
сіз	аман	78
сіз	кеше	76
сіз	ақша	69
сіз	қашан	77
сіз	қанша	37
сіз	күшті	69
сіз	қазір	73
сіз	үшін	72
сіз	келіп	25
сіз	келе	76
сіз	қандай	67
сіз	басқа	62
сіз	үйде	74
сіз	солай	75
сіз	біз	73
сіз	жазып	78
сіз	қайда	74
сіз	қатты	55
сіз	кетіп	76
сіз	үйге	74
сіз	өзіңіз	78
сіз	бұл	44
сіз	сіз	48
сіз	сұрап	72
сіз	сияқты	79
сіз	ғана	35
сіз	жауап	60
сіз	сондай	76
сіз	келген	77
сіз	оған	68
сіз	жұмысқа	75
сіз	бірінші	73
сіз	біздің	64
сіз	алдында	37
сіз	жақта	77
сіз	нешеде	72
сіз	менен	70
сіз	өте	66
сіз	жұмыста	60
сіз	ең	76
сіз	дайын	79
сіз	берген	55
сіз	жаққа	62
сіз	бізге	62
сіз	келгенде	68
сіз	айтқан	68
сіз	жіберген	56
сіз	арқылы	62
сіз	салған	72
сіз	бен	65
сіз	келесіз	55
сіз	келгенше	68
сіз	айтыңыз	74
сіз	болашақ	74
сіз	секілді	72
сіз	қайдасыз	72
сіз	болсаңыз	44
сіз	білесіз	75
сіз	барасыз	74
сіз	айтқандай	77
сіз	айтсаңыз	71
сіз	үйдесіз	71
сіз	сұрағалы	78
сіз	кімсіз	76
сіз	барсыз	50
сіз	болмасаңыз	79
ес	ес	72
ес	жиып	19
если	мен	28
если	жақсы	42
если	сен	79
если	керек	45
если	ол	73
если	да	58
если	мені	57
если	мама	76
если	болса	73
если	солай	76
если	все	79
если	там	62
если	за	73
если	он	79
если	еще	35
если	до	77
если	кто	74
если	есть	64
если	бос	31
если	тебе	78
если	бы	50
если	будет	19
если	даже	51
если	вас	62
если	завтра	78
если	его	71
если	буду	75
если	вам	76
если	знаешь	61
если	будешь	56
если	будете	71
если	вдруг	79
қалайсыңдар	?	68
қалайсыңдар	мен	7
қалайсыңдар	жақсы	67
қалайсыңдар	!	59
қалайсыңдар	рахмет	43
қалайсыңдар	құтты	75
қалайсыңдар	қайырлы	74
қалайсыңдар	аман	78
қалайсыңдар	бала	60
қалайсыңдар	үй	72
қалайсыңдар	қыздар	72
қалайсыңдар	жаңа	17
қалайсыңдар	қалайсыздар	75
қалайсыңдар	балдар	62
қалайсыңдар	жігіттер	65
қалайсыңдар	достар	45
қалайсыңдар	амансыңдар	66
қалайсыңдар	амансыңдарма	78
қалайсыңдар	жандарым	12
қалайсыңдар	бауырлар	69
қалайсыңдар	бауырларым	72
қалайсыңдар	жағдайларың	74
қалайсыңдар	құрдастар	60
папа	?	73
папа	мен	54
папа	жақсы	22
папа	де	73
папа	деп	76
папа	қалай	51
папа	сен	51
папа	жоқ	70
папа	бар	61
папа	бір	40
папа	енді	70
папа	өзі	77
папа	да	69
папа	неге	50
папа	маған	73
папа	алып	55
папа	ертең	53
папа	мені	68
папа	менің	69
папа	деген	78
папа	мама	76
папа	бүгін	19
папа	айтып	68
папа	қалайсыз	69
папа	ертен	47
папа	кеше	69
папа	ақша	74
папа	қашан	59
папа	кешке	61
папа	туған	74
папа	кетті	65
папа	келіп	77
папа	келе	69
папа	үйде	65
папа	біз	52
папа	қайда	70
папа	кетіп	54
папа	үйге	70
папа	ішіп	72
папа	кеп	69
папа	сіз	69
папа	папа	73
папа	сұрап	41
папа	ауырып	74
папа	ұйықтап	76
папа	телефон	65
папа	машина	79
папа	келді	76
папа	келген	49
папа	келед	69
папа	келеді	75
папа	алп	78
папа	жұмысқа	75
папа	жұмыста	72
папа	звандап	66
папа	екеуміз	69
папа	айтты	64
папа	дан	57
папа	апарып	70
папа	келсе	78
папа	далада	71
папа	екеуі	77
папа	шақырып	75
папа	айтады	78
папа	мамам	71
папа	мамаға	78
папа	мамаң	68
папа	маман	65
папа	мамалар	76
папа	маманы	78
папа	маманың	74
кей	бір	78
кей	кезде	17
кейін	?	11
кейін	мен	77
кейін	жақсы	41
кейін	де	67
кейін	деп	50
кейін	қалай	61
кейін	сен	44
кейін	жоқ	64
кейін	керек	75
кейін	ғой	76
кейін	бір	78
кейін	ол	43
кейін	өзі	61
кейін	өзің	75
кейін	маған	76
кейін	алып	55
кейін	осы	53
кейін	менде	72
кейін	мені	74
кейін	менің	69
кейін	сені	73
кейін	саған	76
кейін	болса	67
кейін	болады	79
кейін	айтып	69
кейін	жұмыс	64
кейін	барып	68
кейін	ақша	49
кейін	бәрі	69
кейін	екі	73
кейін	кел	73
кейін	келіп	72
кейін	келе	70
кейін	қандай	69
кейін	басқа	79
кейін	үйде	73
кейін	бара	78
кейін	шығып	77
кейін	жазып	68
кейін	бірақ	77
кейін	кетіп	69
кейін	салып	76
кейін	үйге	72
кейін	барам	65
кейін	тамақ	47
кейін	сіз	77
кейін	кейін	78
кейін	ештеңе	78
кейін	бұйырса	78
кейін	ғана	78
кейін	жауап	69
кейін	ұйықтап	69
кейін	айтам	76
кейін	келеді	51
кейін	вообще	65
кейін	болмаса	72
кейін	алам	78
кейін	жұмысқа	78
кейін	ауылға	72
кейін	қайта	73
кейін	барамыз	64
кейін	дайын	63
кейін	қалаға	76
кейін	келем	76
кейін	баратын	61
кейін	жазам	75
кейін	көреміз	39
кейін	қайтып	77
кейін	жіберем	72
кейін	ақшаны	68
кейін	барамын	58
кейін	барсам	67
кейін	шығамыз	76
кейін	шығатын	68
кейін	чек	78
кейін	звандайм	74
кейін	бірден	64
кейін	шығамын	55
кейін	хабарласам	78
кейін	кірем	60
кейін	сөйлесеміз	69
кейін	белгілі	63
кейін	жойылады	78
қыздар	?	70
қыздар	мен	25
қыздар	жақсы	22
қыздар	деп	50
қыздар	!	68
қыздар	қалай	20
қыздар	жоқ	37
қыздар	бар	61
қыздар	рахмет	28
қыздар	керек	74
қыздар	ғой	55
қыздар	бір	75
қыздар	да	66
қыздар	неге	55
қыздар	маған	70
қыздар	алып	64
қыздар	болып	69
қыздар	сәлем	52
қыздар	осы	59
қыздар	менде	66
қыздар	ертең	79
қыздар	менің	58
қыздар	емес	73
қыздар	кім	78
қыздар	қайырлы	61
қыздар	бүгін	67
қыздар	болса	65
қыздар	ай	57
қыздар	айтып	75
қыздар	көп	77
қыздар	аман	45
қыздар	кеш	69
қыздар	ақша	78
қыздар	боп	76
қыздар	кешке	69
қыздар	бәрі	79
қыздар	барма	73
қыздар	келіп	36
қыздар	үйде	74
қыздар	жазып	76
қыздар	қайда	75
қыздар	қалайсыңдар	61
қыздар	қыздар	15
қыздар	сұрап	69
қыздар	сияқты	73
қыздар	ғана	59
қыздар	ұйықтап	68
қыздар	келді	72
қыздар	қалайсыздар	74
қыздар	балдар	72
қыздар	өздері	53
қыздар	жігіттер	77
қыздар	қалдарың	20
қыздар	амансыңдарма	66
қыздар	ұнайды	66
қыздар	кімде	63
қыздар	тіркеліп	71
қыздар	ұлдар	75
қыздар	жағдайларың	60
көр	мен	77
көр	деп	48
көр	!	26
көр	жаным	17
көр	енді	19
көр	өзің	18
көр	көр	39
көре	бер	45
көре	алмай	14
көре	берсін	13
көре	алмаймын	18
көре	аласың	40
көре	тұра	47
көре	беріңіз	46
көре	бересің	24
көре	аласыз	44
көре	алмайды	41
көре	алмадым	24
көре	алмайсың	34
көре	беріңдер	44
көре	алмайтын	24
көре	беріңіздер	34
көре	жатармыз	43
көрем	?	26
көрем	мен	79
көрем	деп	25
көрем	!	22
көрем	сен	35
көрем	ғой	70
көрем	жан	18
көрем	жаным	73
көрем	енді	18
көрем	ол	54
көрем	да	79
көрем	ертең	79
көрем	деген	72
көрем	емес	53
көрем	сені	77
көрем	ау	17
көрем	қазір	77
көрем	бірақ	78
көрем	қатты	65
көрем	көрем	56
көрем	жүрегім	17
көрем	болмаса	77
көрем	сізді	78
көрем	ботам	49
көрем	балапан	60
көрем	балапаным	64
көрем	еркеназ	76
көрем	диляра	29
мынау	?	43
мынау	мен	46
мынау	жақсы	43
мынау	деп	47
мынау	қалай	18
мынау	сен	40
мынау	жоқ	51
мынау	бар	71
мынау	керек	49
мынау	ғой	54
мынау	бір	63
мынау	енді	61
мынау	да	46
мынау	неге	44
мынау	маған	63
мынау	алып	64
мынау	мені	46
мынау	менің	77
мынау	деген	36
мынау	емес	49
мынау	кім	59
мынау	адам	24
мынау	саған	73
мынау	дұрыс	61
мынау	қашан	58
мынау	қанша	78
мынау	бала	41
мынау	барма	78
мынау	күшті	71
мынау	екі	53
мынау	қыз	78
мынау	қандай	70
мынау	басқа	52
мынау	қайда	72
мынау	сенің	75
мынау	жаман	53
мынау	мынау	77
мынау	сияқты	77
мынау	неше	72
мынау	әдемі	71
мынау	жеп	53
мынау	вообще	75
мынау	біздің	72
мынау	алу	59
мынау	тұрған	77
мынау	болмайды	76
мынау	екеуі	78
мынау	кешегі	77
мынау	таза	74
мынау	кімнің	71
мынау	пісіріп	54
жүр	?	77
жүр	мен	39
жүр	деп	57
жүр	!	19
жүр	сен	53
жүр	ғой	71
жүр	жан	18
жүр	жаным	78
жүр	бір	50
жүр	енді	67
жүр	ол	53
жүр	өзі	49
жүр	да	71
жүр	маған	75
жүр	екен	69
жүр	осы	18
жүр	менің	77
жүр	деген	77
жүр	ем	54
жүр	сені	67
жүр	саған	75
жүр	ау	65
жүр	еді	42
жүр	солай	28
жүр	бірақ	72
жүр	едім	78
жүр	жүр	21
жүр	дейді	68
жүр	десе	58
жүр	десем	75
жүр	деді	74
жүр	соңғы	74
жүр	екенсің	78
жүр	едің	54
жүр	кеттік	53
жүр	едік	74
жүр	екем	64
жүр	екенмін	75
жүр	едіғо	78
алма	мен	77
алма	деп	45
алма	апай	34
алма	ата	48
алма	жеп	43
алма	банан	41
алма	кезек	47
алмай	жатыр	32
алмай	жатсың	18
алмай	тұр	53
алмай	ақ	44
алмай	кетті	38
алмай	келе	75
алмай	жатырм	66
алмай	жатырмын	45
алмай	кетіп	15
алмай	жүр	76
алмай	отыр	37
алмай	отырмын	44
алмай	қалды	19
алмай	жатқан	58
алмай	кеткен	56
алмай	жүрген	77
алмай	жатып	38
алмай	кеттім	77
алмай	жылап	55
алмай	жүрсің	76
алмай	қалып	56
алмай	жатырсың	57
алмай	қойды	70
алмай	қойдым	78
алмай	жүрмін	59
алмай	жатсын	34
алмай	жатырмыз	73
алмай	қалдың	51
алмай	журген	73
алмай	отырған	63
алмай	тұрмын	75
алмай	қалады	60
алмай	кеттік	68
алмай	қалам	75
алмай	отырсың	48
алмай	қиналып	73
алмай	жатсам	77
алмай	қалдық	69
алмай	жүрміз	55
алмай	калам	69
алмай	қаласың	60
алмай	қалсам	61
алмай	ұтыс	62
алмай	қаламыз	66
алмай	қаламын	73
анау	?	68
анау	мен	74
анау	деп	53
анау	сен	70
анау	жоқ	64
анау	бар	73
анау	керек	63
анау	бір	73
анау	енді	58
анау	да	77
анау	неге	68
анау	маған	75
анау	мені	67
анау	менің	73
анау	деген	68
анау	кім	72
анау	адам	56
анау	бала	78
анау	екі	43
анау	қыз	66
анау	жазып	51
анау	қайда	78
анау	сенің	74
анау	күні	74
анау	мынау	69
анау	анау	10
анау	мал	76
анау	видео	70
анау	екеуі	73
анау	жолы	62
анау	мынауға	75
анау	мынауды	62
сұрап	ал	71
сұрап	алып	53
сұрап	жатыр	45
сұрап	ем	12
сұрап	жатсың	71
сұрап	тұр	67
сұрап	еді	39
сұрап	жатырм	53
сұрап	жатырмын	60
сұрап	жазып	20
сұрап	едім	65
сұрап	көр	37
сұрап	көре	38
сұрап	көрем	69
сұрап	жүр	41
сұрап	сұрап	54
сұрап	отыр	70
сұрап	отырмын	47
сұрап	жатқан	54
сұрап	жүрген	36
сұрап	алп	62
сұрап	алам	78
сұрап	алды	59
сұрап	алдым	73
сұрап	алу	53
сұрап	тұрған	71
сұрап	алған	62
сұрап	алайын	61
сұрап	біліп	57
сұрап	берші	57
сұрап	қойдым	52
сұрап	алатын	77
сұрап	берейін	77
сұрап	көрші	73
сұрап	отырған	28
сұрап	жатса	77
сұрап	тұрмын	54
сұрап	көрейін	57
сұрап	көремін	19
сұрап	көру	73
сұрап	беріңізші	51
сұрап	қалса	64
сұрап	тұрсың	77
сұрап	көріңіз	77
сұрап	жатқам	64
сұрап	жатқаным	69
сұрап	көрсей	45
сұрап	көріңізші	58
сұрап	жатқандар	44
он	?	76
он	болсын	47
он	бір	59
он	да	45
он	как	63
он	адам	59
он	или	77
он	күн	76
он	екі	45
он	үш	29
он	все	70
он	там	62
он	за	55
он	он	71
он	бірге	61
он	же	67
он	всё	29
он	сағат	76
он	еще	74
он	вообще	58
он	где	67
он	мың	77
он	тебе	22
он	рет	53
он	күнде	66
он	ещё	78
он	жыл	67
он	бы	58
он	будет	68
он	даже	50
он	алты	62
он	бірде	69
он	всегда	56
он	его	62
он	был	77
он	күнге	37
он	жеті	69
он	бес	76
он	минут	28
он	вроде	53
он	төрт	77
он	күннен	68
он	жарымда	76
он	говорит	65
он	бесі	50
он	мыңға	71
он	знает	73
он	должен	70
он	мыңнан	62
он	сегіз	70
он	говорил	64
он	екіге	72
он	екіде	59
он	вышел	45
он	шақты	71
он	екіден	70
он	бесіне	67
жаң	жыл	77
жаңа	мен	15
жаңа	қала	62
жаңа	сен	63
жаңа	бір	70
жаңа	да	49
жаңа	маған	79
жаңа	алып	72
жаңа	мама	76
жаңа	айтып	78
жаңа	жұмыс	65
жаңа	барып	77
жаңа	кешке	68
жаңа	туған	69
жаңа	кетті	73
жаңа	келіп	68
жаңа	үй	41
жаңа	шығып	72
жаңа	жазып	65
жаңа	үйге	75
жаңа	тамақ	62
жаңа	кеп	80
жаңа	бақыт	73
жаңа	жас	72
жаңа	көріп	79
жаңа	ғана	51
жаңа	телефон	24
жаңа	қарап	66
жаңа	машина	68
жаңа	келді	77
жаңа	келген	56
жаңа	өмір	75
жаңа	кіріп	58
жаңа	келдім	67
жаңа	жыл	32
жаңа	звандап	15
жаңа	айтты	70
жаңа	айттым	80
жаңа	біреу	79
жаңа	оқып	80
жаңа	базар	68
жаңа	апта	80
жаңа	болдым	60
жаңа	келін	70
жаңа	жасы	79
жаңа	шықтым	42
жаңа	көрдім	71
жаңа	жасың	64
жаңа	қазақстан	19
жаңа	келдік	65
жаңа	ән	56
жаңа	естіп	78
жаңа	тұрдым	76
жаңа	есіме	51
жаңа	сезім	79
жаңа	жасын	64
жаңа	табыс	69
жаңа	жасыңыз	49
жаңа	кірдім	38
жаңа	жылда	74
жаңа	жылдан	38
жаңа	пост	68
жаңа	жылға	74
жаңа	әндер	54
жаңа	біразда	75
жаңа	жылды	77
жаңа	жылдық	58
жаңа	сөйлестім	75
жаңа	дәптер	73
жаңа	жылын	57
жаңа	қоныс	54
жаңа	жылдың	73
жаңа	барыс	79
жаңа	жылың	45
жаңа	жылыңмен	18
жаңа	жылдарың	16
жаңа	жылдарыңмен	19
жаңа	жылдарыңыз	18
жаңа	жылдарыңызбен	20
жаңа	жылыңыз	11
жаңа	жылыңызбен	19
жаңа	табысқа	19
жаңа	жетістіктер	38
жаңа	жылымыз	73
жаңа	табыстар	24
жаңа	табыстарға	61
жаңа	жылдарынмен	40
бақ	берсін	56
бақ	береке	19
бақ	сынап	23
бақыт	деген	24
бақыт	апа	19
бақыт	апай	43
бақыт	жаңа	37
бақыт	аға	23
бақыт	тілеймін	41
бақыт	пен	12
бақыт	береке	20
бақыт	тілеп	24
бақыт	байлық	42
бақыт	әкелсін	17
бақытты	бол	25
бақытты	болсын	7
бақытты	жан	11
бақытты	да	64
бақытты	болып	43
бақытты	адам	37
бақытты	болса	65
бақытты	боп	68
бақытты	бала	64
бақытты	ана	48
бақытты	қыз	69
бақытты	болам	45
бақытты	өмір	76
бақытты	тілеймін	36
бақытты	жыл	69
бақытты	ұзақ	65
бақытты	болу	70
бақытты	болыңдар	69
бақытты	болсаң	11
бақытты	болыңыз	71
бақытты	ғұмыр	18
бақытты	отбасы	24
бақытты	ете	39
бақытты	балалық	75
бақытты	болыңыздар	15
бақытты	болшы	30
бақытты	болуға	73
бақытты	болғым	47
бақытты	күндерің	77
бақытты	ғұмырлы	72
бақытты	баянды	66
бақытты	болындар	54
әумин	!	61
әумин	рахмет	19
әумин	жаным	18
әумин	алла	45
әумин	рақмет	74
әумин	әумин	15
әумин	айтқаның	28
әумин	айтқаныңыз	15
әумин	айтқандарыңыз	24
еш	бір	77
еш	өзің	53
еш	кім	58
еш	қашан	48
еш	қандай	30
еш	үйде	43
еш	қайда	53
еш	жаңалық	35
еш	жер	16
еш	жерде	58
еш	тыныш	33
еш	болмаса	57
еш	жерге	42
еш	жаққа	27
еш	хабар	43
еш	нәрсе	51
еш	зат	15
еш	жерден	58
еш	уақытта	51
еш	гу	35
еш	жері	39
еш	уайымдама	49
еш	жерің	45
еш	жерім	41
еш	нәрсеге	51
еш	реніш	50
еш	алдаусыз	55
ештеңе	де	49
ештеңе	деп	53
ештеңе	жоқ	43
ештеңе	керек	19
ештеңе	өзің	22
ештеңе	алып	58
ештеңе	болды	70
ештеңе	деген	71
ештеңе	емес	33
ештеңе	істеп	37
ештеңе	айтып	68
ештеңе	үйде	72
ештеңе	ештеңе	69
ештеңе	айта	54
ештеңе	дей	47
ештеңе	болған	64
ештеңе	жай	33
ештеңе	білмеймін	64
ештеңе	болмайды	72
ештеңе	берген	56
ештеңе	қызық	77
ештеңе	айтқан	58
ештеңе	айтпа	46
ештеңе	жасай	64
ештеңе	жазба	75
ештеңе	жазбай	76
ештеңе	айтпай	74
ештеңе	болмады	57
ештеңе	уайымдама	57
ештеңе	айтпайм	73
ештеңе	істемей	66
ештеңе	істеген	74
ештеңе	деме	62
ештеңе	етпейді	70
ештеңе	шықпайды	16
ештеңе	айтпады	73
ештеңе	демей	54
ештеңе	айтқым	57
ештеңе	айтпаймын	76
ештеңе	айтпадым	66
ештеңе	айтпайды	71
ештеңе	ойлама	76
ештеңе	жақпай	74
ештеңе	демеді	76
ештеңе	демедім	47
ештеңе	ойламай	63
ештеңе	етпес	74
ештеңе	демейді	46
ештеңе	демеймін	75
ештеңе	істемедім	67
ештеңе	өзгермейді	77
ештеңе	қылмайды	76
бұйырса	?	74
бұйырса	мен	72
бұйырса	жақсы	61
бұйырса	деп	61
бұйырса	!	55
бұйырса	жаным	68
бұйырса	бір	57
бұйырса	енді	60
бұйырса	ол	58
бұйырса	алып	75
бұйырса	екен	72
бұйырса	осы	31
бұйырса	менде	53
бұйырса	ертең	71
бұйырса	бүгін	19
бұйырса	алла	46
бұйырса	болады	53
бұйырса	жұмыс	65
бұйырса	барып	76
бұйырса	ертен	60
бұйырса	аман	43
бұйырса	қашан	68
бұйырса	кешке	73
бұйырса	бәрі	49
бұйырса	барам	56
бұйырса	бұйырса	50
бұйырса	бірге	47
бұйырса	жұмысқа	73
бұйырса	ауылға	74
бұйырса	барамыз	63
бұйырса	қалаға	38
бұйырса	келесі	69
бұйырса	тойға	47
бұйырса	таңертең	68
бұйырса	көреміз	55
бұйырса	барамын	64
бұйырса	жолға	63
бұйырса	иншаллах	76
ауыр	деп	75
ауыр	ғой	42
ауыр	болып	41
ауыр	болды	19
ауыр	екен	37
ауыр	емес	26
ауыр	болса	27
ауыр	болады	41
ауыр	айтып	36
ауыр	жұмыс	47
ауыр	боп	36
ауыр	күн	33
ауыр	кетті	48
ауыр	кезде	49
ауыр	ауыр	45
ауыр	сөз	17
ауыр	нәрсе	18
ауыр	зат	51
ауыр	болсада	42
ауыр	емеспа	52
ауыр	сөздер	44
ауыр	тиеді	25
ауыр	жүк	34
ауыр	көтерме	47
ауырып	енді	51
ауырып	жатыр	73
ауырып	жатсың	12
ауырып	тұр	75
ауырып	кетті	15
ауырып	келе	20
ауырып	бара	66
ауырып	жатырм	72
ауырып	жатырмын	41
ауырып	жүр	19
ауырып	отыр	25
ауырып	отырмын	41
ауырып	қалды	51
ауырып	жатқан	29
ауырып	жүрген	35
ауырып	жатып	39
ауырып	тұрған	62
ауырып	жылап	39
ауырып	жүрсің	77
ауырып	қалып	73
ауырып	кетеді	51
ауырып	жүрмін	70
ауырып	қалдың	52
ауырып	журген	52
ауырып	жатса	67
ауырып	тұрмын	71
ауырып	калган	41
ауырып	қалады	69
ауырып	жатырма	69
ауырып	қалыпты	69
ауырып	әрең	55
ауырып	жатқанда	77
ауырып	больницаға	76
ауырып	тұрсың	72
ауырып	тұрса	76
ауырып	мазам	77
ауырып	қаласың	52
ауырып	қапты	66
ауырып	қалдыңыз	75
отыр	?	75
отыр	мен	48
отыр	деп	52
отыр	!	24
отыр	сен	72
отыр	ғой	71
отыр	бір	16
отыр	енді	68
отыр	ол	52
отыр	өзі	56
отыр	да	75
отыр	маған	67
отыр	екен	68
отыр	осы	21
отыр	деген	72
отыр	ем	65
отыр	ау	58
отыр	еді	51
отыр	ана	27
отыр	үйде	74
отыр	едім	60
отыр	дейді	18
отыр	тыныш	63
отыр	деді	71
отыр	екенсің	74
отыр	едің	65
отыр	едік	57
отыр	қарындас	55
отырмын	?	64
отырмын	мен	75
отырмын	деп	56
отырмын	!	53
отырмын	сен	60
отырмын	ғой	67
отырмын	жаным	17
отырмын	бір	44
отырмын	енді	72
отырмын	өзің	57
отырмын	да	13
отырмын	менде	72
отырмын	сені	72
отырмын	қазір	60
отырмын	үйде	74
отырмын	өзіңіз	63
отырмын	дейді	22
отырмын	күтіп	76
отырмын	жұмыста	73
отырмын	далада	74
сияқты	?	76
сияқты	мен	77
сияқты	жақсы	62
сияқты	деп	69
сияқты	ғой	52
сияқты	бір	15
сияқты	ол	52
сияқты	да	76
сияқты	маған	70
сияқты	болып	67
сияқты	болды	24
сияқты	екен	68
сияқты	менде	46
сияқты	емес	76
сияқты	адам	41
сияқты	болса	64
сияқты	болады	70
сияқты	айтып	70
сияқты	боп	66
сияқты	еді	44
сияқты	қыз	34
сияқты	бірақ	65
сияқты	едім	70
сияқты	әдемі	51
сияқты	ешкім	67
сияқты	біреу	70
сияқты	болу	77
сияқты	бірдеңе	71
сияқты	қылып	77
сияқты	емеспін	77
сияқты	едің	54
сияқты	көрініп	68
сияқты	көрінеді	77
тез	деп	70
тез	бар	66
тез	бол	75
тез	керек	57
тез	алып	76
тез	істеп	61
тез	болса	71
тез	айт	75
тез	барып	13
тез	кеш	54
тез	кел	77
тез	келіп	30
тез	келе	70
тез	шығып	72
тез	жазып	72
тез	кетіп	67
тез	салып	69
тез	үйге	73
тез	тез	74
тез	жасап	12
тез	жауап	76
тез	тауып	41
тез	келеді	73
тез	қайт	76
тез	тіл	60
тез	бауыр	65
тез	келем	59
тез	өтіп	76
тез	айтшы	40
тез	келсін	66
тез	келсе	73
тез	ренжіп	73
тез	жазыл	69
тез	жазылып	69
тез	шық	16
тез	өсіп	71
тез	бітіп	75
тез	үйреніп	65
тез	бітіріп	76
тез	келші	65
тез	сауығып	62
тез	арада	22
айта	ғой	46
айта	бер	48
айта	алмай	13
айта	айта	20
айта	берсін	63
айта	беріп	42
айта	біл	75
айта	алам	65
айта	берген	60
айта	беред	76
айта	береді	44
айта	берші	33
айта	алмаймын	62
айта	аласың	19
айта	берейін	64
айта	берет	59
айта	беретін	58
айта	беріңіз	68
айта	беру	20
айта	бересің	75
айта	аласыз	51
айта	салды	52
айта	салдым	76
айта	берме	55
айта	бермей	57
айта	аламын	73
айта	алмайды	74
айта	алмадым	54
айта	салған	48
айта	берсем	70
айта	алмайсың	57
айта	беріңдер	65
айта	алмайтын	75
айта	бересіз	72
айта	беруге	77
айта	аласыңба	76
айта	берсең	75
айта	аласызба	55
айта	бермеш	65
айта	алмайсын	46
айта	берсен	75
айта	берсей	63
айта	алмаймыз	58
айта	саласыз	77
айта	саласың	65
айта	салыңыз	68
айта	салсай	56
айта	салыңызшы	56
айта	бермеші	55
берсі	!	76
берсін	мен	3
берсін	жақсы	63
берсін	деп	40
берсін	!	28
берсін	жаным	10
берсін	енді	37
берсін	да	67
берсін	маған	72
берсін	деген	73
берсін	саған	74
берсін	алла	61
берсін	аман	35
берсін	бақытты	53
берсін	әумин	66
берсін	тез	74
берсін	дейді	58
берсін	ата	62
берсін	бауырым	75
берсін	жазылып	72
берсін	аллам	61
дей	бер	60
дей	алмай	20
дей	беред	40
дей	береді	42
дей	алмаймын	25
дей	бересің	36
дей	салдым	35
дей	бермей	42
дей	бермеш	29
дейін	?	43
дейін	мен	45
дейін	жақсы	60
дейін	де	65
дейін	деп	70
дейін	қалай	35
дейін	бар	76
дейін	керек	73
дейін	ғой	66
дейін	бір	74
дейін	алып	47
дейін	болып	53
дейін	екен	74
дейін	осы	70
дейін	деген	76
дейін	істеп	73
дейін	сені	67
дейін	болса	76
дейін	болады	61
дейін	айтып	52
дейін	жұмыс	74
дейін	барып	32
дейін	ақша	50
дейін	қанша	57
дейін	келіп	60
дейін	келе	63
дейін	үйде	69
дейін	шығып	69
дейін	салып	73
дейін	барам	58
дейін	ғана	71
дейін	ұйықтап	51
дейін	бірге	57
дейін	тауып	72
дейін	жүре	53
дейін	десем	68
дейін	бос	48
дейін	болам	70
дейін	уақыт	73
дейін	жұмыста	52
дейін	дайын	65
дейін	апарып	74
дейін	жүріп	68
дейін	келсе	72
дейін	болатын	76
дейін	барады	76
дейін	дегем	73
дейін	ашық	65
дейін	келетін	67
дейін	боласың	73
дейін	бітіріп	66
дейін	күте	71
дейін	сүйіп	71
дейін	істейді	35
дейін	табыс	58
дейін	төлеу	49
дейін	боласыз	73
дейін	орындап	75
дейін	қабылдайды	77
болған	?	75
болған	мен	45
болған	жақсы	59
болған	деп	44
болған	жоқ	58
болған	ғой	17
болған	бір	41
болған	енді	73
болған	ол	76
болған	да	64
болған	екен	46
болған	емес	10
болған	адам	66
болған	саған	66
болған	дұрыс	61
болған	ау	57
болған	еді	68
болған	күшті	46
болған	қазір	73
болған	қыз	75
болған	қандай	70
болған	кезде	75
болған	бірақ	27
болған	күні	73
болған	жаман	64
болған	сияқты	73
болған	соған	45
болған	соң	66
болған	жағдай	12
болған	нәрсе	71
болған	қиын	76
болған	жоқпын	74
болған	жоқпа	61
болған	сайын	68
болған	шығарсың	71
болған	жағдайда	67
болған	оқиға	66
дар	?	76
дар	мен	11
дар	жақсы	61
дар	деп	67
дар	қалайсың	74
дар	бар	63
дар	ғой	69
дар	жаным	73
дар	да	73
дар	мама	75
дар	құтты	75
дар	аман	75
дар	қыздар	75
дар	жаңа	17
дар	балдар	61
дар	жігіттер	71
дар	достар	32
дар	амансыңдарма	74
бері	мен	23
бері	жақсы	57
бері	жоқ	57
бері	бір	59
бері	енді	43
бері	неге	50
бері	осы	57
бері	емес	56
бері	айтып	58
бері	жұмыс	37
бері	кел	59
бері	келе	38
бері	жазып	53
бері	сұрап	51
бері	ауырып	59
бері	қарап	42
бері	дым	49
бері	күтіп	59
бері	жүріп	45
беріп	енді	41
беріп	алып	71
беріп	болып	62
беріп	жатыр	71
беріп	ем	17
беріп	жатсың	76
беріп	тұр	63
беріп	аман	43
беріп	еді	74
беріп	кетті	40
беріп	жатырм	60
беріп	жатырмын	67
беріп	қой	34
беріп	кетіп	69
беріп	едім	76
беріп	жүр	38
беріп	отыр	58
беріп	отырмын	52
беріп	жатқан	55
беріп	жібер	39
беріп	жіберші	38
беріп	кеткен	42
беріп	жүрген	74
беріп	тастап	59
беріп	кеттім	73
беріп	кетем	61
беріп	тұрған	68
беріп	шаршап	70
беріп	шығарып	73
беріп	жібере	75
беріп	алайын	35
беріп	қойып	64
беріп	жіберіп	58
беріп	қоя	56
беріп	қойды	74
беріп	қойдым	66
беріп	жүрмін	32
беріп	жіберем	73
беріп	жіберді	20
беріп	жібердім	59
беріп	жатырмыз	29
беріп	тұра	68
беріп	отырған	71
беріп	едің	73
беріп	жатса	73
беріп	қойған	62
беріп	жіберген	53
беріп	жатырма	47
беріп	жіберіңіз	74
беріп	жіберіңізші	64
беріп	жіберемін	62
беріп	тастадым	54
беріп	жібересіз	70
беріп	жіберейін	60
беріп	қойдың	41
беріп	тұршы	75
беріп	жіберу	57
беріп	жібереді	65
беріп	жібересің	71
беріп	жіберетін	62
беріп	жіберсем	60
беріп	жіберіпті	63
беріп	қойдық	62
беріп	жіберсең	73
беріп	кетейікші	76
жас	деп	65
жас	болсын	49
жас	болып	36
жас	екен	37
жас	деген	46
жас	емес	65
жас	құтты	49
жас	болса	43
жас	боп	61
жас	бала	56
жас	туған	19
жас	қыз	66
жас	кезде	35
жас	шығып	36
жас	қой	57
жас	қыздар	45
жас	бақытты	47
жас	келді	25
жас	келген	60
жас	үлкен	64
жас	балдар	38
жас	жігіт	49
жас	келін	47
жас	мерей	64
жас	маман	62
жас	баланың	64
жас	кезінде	63
жас	кіші	53
жас	қанат	48
жас	қоса	63
жас	маңызды	56
жас	қосылып	18
жас	канат	60
жас	емессің	58
жас	қосыла	61
жас	көрінеді	19
жас	қосылсын	58
жас	жұбайлар	39
жаса	деп	65
жаса	!	17
жаса	жаным	16
жаса	бақытты	34
жасап	ал	11
жасап	алып	68
жасап	болып	58
жасап	жатыр	75
жасап	жатсың	17
жасап	тұр	50
жасап	ақша	53
жасап	кетті	71
жасап	жатырм	76
жасап	жатырмын	65
жасап	бер	20
жасап	қой	51
жасап	едім	75
жасап	жүр	66
жасап	отыр	50
жасап	отырмын	57
жасап	беріп	63
жасап	жатқан	56
жасап	жіберші	32
жасап	жүре	57
жасап	жүрген	67
жасап	алдым	44
жасап	алу	70
жасап	тұрған	76
жасап	берген	73
жасап	береді	60
жасап	алайын	55
жасап	берші	67
жасап	жүрсің	34
жасап	жатсыз	60
жасап	жатырсың	72
жасап	қойдым	63
жасап	жүрмін	49
жасап	берді	62
жасап	жатсын	62
жасап	берейін	71
жасап	жатырмыз	47
жасап	журген	54
жасап	отырған	71
жасап	беретін	73
жасап	беру	59
жасап	беремін	76
жасап	бересің	46
жасап	қойған	63
жасап	чек	67
жасап	берсе	58
жасап	көрейін	73
жасап	жатырма	74
жасап	береміз	73
жасап	беріңізші	67
жасап	бересіз	57
жасап	жатырсыз	60
жасап	жатсыңба	74
жасап	таратып	75
жасап	білсе	71
көріп	мен	48
көріп	бір	72
көріп	өзің	52
көріп	ал	54
көріп	алып	70
көріп	жатыр	60
көріп	ем	39
көріп	жатсың	72
көріп	тұр	59
көріп	айтып	38
көріп	аман	71
көріп	келе	57
көріп	жатырм	70
көріп	жатырмын	64
көріп	жазып	20
көріп	едім	67
көріп	жүр	37
көріп	бақытты	57
көріп	отыр	70
көріп	отырмын	39
көріп	қалды	21
көріп	жатқан	75
көріп	жүре	54
көріп	жүрегім	26
көріп	жүрген	73
көріп	заказ	44
көріп	жатып	76
көріп	келдім	75
көріп	кеттім	73
көріп	кетем	63
көріп	тұрған	72
көріп	жылап	46
көріп	алайын	69
көріп	қойып	75
көріп	біліп	69
көріп	берші	68
көріп	жүрсің	60
көріп	қалып	56
көріп	қойды	56
көріп	қойдым	67
көріп	болдым	60
көріп	жүрмін	73
көріп	жатырмыз	59
көріп	отырған	72
көріп	шықтым	64
көріп	отыра	72
көріп	жата	67
көріп	тұрмын	72
көріп	қойған	49
көріп	қуанып	72
көріп	отырсың	44
көріп	беріңізші	65
көріп	тұрсың	61
көріп	мәз	55
көріп	кетейін	61
көріп	шошып	71
көріп	қызығып	57
көріп	қоймасын	74
ғана	мен	65
ғана	жақсы	71
ғана	деп	41
ғана	жоқ	62
ғана	бар	74
ғана	керек	23
ғана	ғой	45
ғана	бір	38
ғана	маған	63
ғана	алып	75
ғана	болып	58
ғана	болды	64
ғана	екен	66
ғана	емес	59
ғана	адам	30
ғана	тұр	67
ғана	болады	66
ғана	айтып	64
ғана	жұмыс	57
ғана	барып	66
ғана	ақша	65
ғана	келіп	71
ғана	солай	74
ғана	бара	73
ғана	шығып	72
ғана	жазып	62
ғана	ала	69
ғана	барам	71
ғана	айта	73
ғана	көріп	75
ғана	жауап	65
ғана	қалды	65
ғана	келді	45
ғана	дос	71
ғана	сөйлесіп	73
ғана	келдім	69
ғана	алдым	70
ғана	ойлап	75
ғана	айттым	70
ғана	көрдім	74
ғана	біледі	71
ғана	ватсапта	73
қызы	?	74
қызы	мен	46
қызы	деп	35
қызы	жоқ	36
қызы	бар	35
қызы	ғой	12
қызы	да	35
қызы	болып	40
қызы	екен	34
қызы	емес	41
қызы	болса	49
қызы	барма	48
қызым	?	40
қызым	мен	61
қызым	жақсы	54
қызым	деп	68
қызым	!	51
қызым	қалай	58
қызым	қалайсың	58
қызым	жоқ	45
қызым	бар	48
қызым	бол	21
қызым	ғой	72
қызым	да	70
қызым	менің	69
қызым	емес	41
қызым	болса	67
қызым	туған	67
қызым	ауырып	56
қызым	қызым	58
қызым	туылған	72
қызым	екеуміз	65
қызым	жылап	64
қызым	боласың	72
қызым	болш	33
қызым	боласын	43
қызым	болшы	66
қызым	боласыңба	29
қызым	боласынба	56
мал	?	71
мал	мен	72
мал	деп	42
мал	сен	44
мал	жоқ	49
мал	бар	62
мал	ғой	61
мал	жан	66
мал	ол	50
мал	неге	70
мал	алып	75
мал	болып	68
мал	екен	24
мал	деген	43
мал	емес	63
мал	адам	65
мал	боп	73
мал	сияқты	19
мал	мал	61
мал	қарап	11
мал	десе	67
мал	базар	61
мал	қылып	51
мал	екенсің	66
мал	жансая	52
мал	айша	70
мал	базарға	50
мал	жазсай	61
мал	автор	67
мал	акон	70
мал	ешек	45
мал	бағып	34
мал	жакон	57
мал	аңсар	33
мал	арнур	70
мал	ибрахим	70
мал	идиот	62
брат	?	52
брат	мен	20
брат	деп	29
брат	!	64
брат	қалай	40
брат	қалайсың	65
брат	сен	30
брат	рахмет	41
брат	бір	60
брат	ол	67
брат	өзің	72
брат	маған	65
брат	осы	58
брат	менде	67
брат	ертең	57
брат	мені	64
брат	как	70
брат	или	57
брат	саған	75
брат	бүгін	70
брат	ассалаумалейкум	73
брат	ертен	73
брат	ақша	67
брат	туған	70
брат	сенде	67
брат	брат	66
брат	машина	50
иә	?	70
иә	мен	23
иә	жақсы	45
иә	деп	34
иә	!	61
иә	сен	72
иә	бар	68
иә	рахмет	61
иә	жаным	59
иә	шүкір	29
иә	бір	60
иә	енді	62
иә	ол	57
иә	да	55
иә	маған	69
иә	алып	74
иә	осы	72
иә	менде	60
иә	ертең	59
иә	или	63
иә	бүгін	75
иә	дұрыс	61
иә	алла	41
иә	болады	54
иә	барып	67
иә	жарайды	72
иә	аман	69
иә	кеше	72
иә	бәрі	59
иә	күшті	66
иә	қазір	64
иә	рақмет	61
иә	үйде	58
иә	солай	69
иә	бірақ	44
иә	жаңа	63
иә	бұйырса	73
иә	иә	45
иә	сондай	17
иә	болмаса	72
иә	жұмыста	68
иә	білем	70
иә	әрине	64
иә	көрдім	58
неше	?	71
неше	де	33
неше	деп	34
неше	бар	52
неше	керек	68
неше	болып	71
неше	болды	63
неше	екен	52
неше	адам	55
неше	болады	19
неше	ай	49
неше	еді	25
неше	бал	70
неше	бала	72
неше	күн	34
неше	қыз	16
неше	жас	54
неше	сағат	65
неше	мың	33
неше	рет	63
неше	уақыт	18
неше	күнде	56
неше	жыл	20
неше	сабақ	23
неше	апта	71
неше	күнге	52
неше	уақытта	43
неше	баласы	61
неше	айдан	70
неше	теңге	73
неше	минут	38
неше	адамға	42
неше	тұрады	71
неше	түрлі	69
неше	кг	16
неше	айлық	41
неше	түрі	70
неше	қызбен	70
неше	жаста	68
неше	күннен	57
неше	айға	39
неше	жасқа	69
неше	балаң	64
неше	жылдан	69
неше	жігітпен	55
неше	литр	66
неше	сағатта	60
неше	балл	66
неше	процент	65
неше	жылға	50
неше	метр	72
неше	жастан	59
неше	бөлме	54
неше	күнен	70
неше	пайыз	72
неше	түрлісі	70
неше	түрлісін	72
неше	түрліні	74
жауап	?	70
жауап	жоқ	67
жауап	керек	30
жауап	жаз	74
жауап	жазып	67
жауап	қайда	50
жауап	бер	73
жауап	ала	20
жауап	берсін	34
жауап	беріп	67
жауап	күтіп	19
жауап	берген	49
жауап	жаза	43
жауап	беред	68
жауап	береді	60
жауап	берші	28
жауап	берді	28
жауап	берейін	48
жауап	берет	72
жауап	беретін	72
жауап	беріңіз	47
жауап	беру	66
жауап	беремін	33
жауап	бересің	52
жауап	берме	41
жауап	бермей	64
жауап	жазбай	19
жауап	берсе	46
жауап	бердім	55
жауап	береміз	53
жауап	күтем	47
жауап	берсем	60
жауап	беріңізші	70
жауап	бересіз	45
жауап	беруге	62
жауап	берсең	42
жауап	берсен	64
жауап	берсей	70
жауап	бермейді	49
жауап	берер	46
жауап	бердің	68
жауап	берсеңіз	62
жауап	күтемін	68
жауап	бермеді	68
жауап	бермейсің	55
жауап	бересін	23
жауап	бермеген	74
жауап	жазбайсың	65
жауап	жазбады	65
жауап	бермедің	72
жауап	бермесең	48
жауап	бергің	70
жауап	жазбадың	69
жауап	бермесен	72
жауап	бермейсіз	73
жауап	беруің	65
жауап	бермедіңіз	72
жаңалық	?	68
жаңалық	!	13
жаңалық	жоқ	73
жаңалық	бар	12
жаңалық	болып	12
жаңалық	болса	25
жаңалық	жұмыс	71
жаңалық	көп	70
жаңалық	боп	74
жаңалық	барма	68
жаңалық	басқа	63
жаңалық	қой	51
жаңалық	өзіңде	70
су	мен	62
су	деп	43
су	қалай	62
су	жоқ	67
су	бар	32
су	керек	37
су	да	52
су	неге	59
су	ал	74
су	алып	74
су	болып	23
су	болды	38
су	деген	73
су	болса	67
су	көп	63
су	боп	50
су	қашан	48
су	барма	74
су	келіп	51
су	бер	72
су	кетіп	71
су	ала	58
су	ішіп	40
су	ап	21
су	анау	62
су	жаңа	70
су	сияқты	71
су	беріп	72
су	ғана	55
су	су	72
су	келді	40
су	алп	65
су	алам	56
су	аз	72
су	кіріп	74
су	алайын	65
су	қойып	68
су	жылы	64
су	тегін	53
су	алуға	74
су	әкеп	72
су	әкеліп	60
су	салқын	71
су	құйып	71
су	іше	28
су	толтырып	52
су	тер	50
су	ішкен	61
су	ағып	69
су	ішу	37
су	шашып	57
су	ішетін	43
су	ішкім	71
су	ішуге	68
су	мұздай	63
су	агып	73
су	сеуіп	69
су	ысытып	68
су	атысып	73
су	шашатын	65
видео	?	71
видео	мен	41
видео	жоқ	25
видео	бар	65
видео	керек	37
видео	ғой	66
видео	да	68
видео	емес	57
видео	істеп	70
видео	или	58
видео	болса	73
видео	барма	58
видео	қайда	52
видео	салып	73
видео	жасап	53
видео	көріп	30
видео	видео	56
видео	для	19
видео	жібер	57
видео	жіберші	59
видео	где	40
видео	жібере	69
видео	жіберіп	63
видео	түсіріп	44
видео	жіберем	35
видео	қылып	60
видео	жібердім	74
видео	салдым	71
видео	жасау	72
видео	чат	69
видео	звонок	72
видео	ертеңнен	36
видео	монтаж	65
видео	ролик	71
видео	звонокпен	74
видео	сабағына	59
ұйықта	деп	59
ұйықта	жаным	18
ұйықта	енді	18
ұйықта	ертең	18
ұйықта	ұйықта	30
ұйықтап	жақсы	29
ұйықтап	қала	72
ұйықтап	енді	64
ұйықтап	ал	55
ұйықтап	алып	42
ұйықтап	жатыр	70
ұйықтап	жатсың	10
ұйықтап	тұр	46
ұйықтап	бара	72
ұйықтап	жатырмын	68
ұйықтап	ұйықтап	52
ұйықтап	қалды	67
ұйықтап	жатқан	21
ұйықтап	алам	27
ұйықтап	жатып	59
ұйықтап	алдым	64
ұйықтап	алу	64
ұйықтап	тұрған	73
ұйықтап	демал	73
ұйықтап	демалып	72
ұйықтап	алайын	58
ұйықтап	қалып	47
ұйықтап	жатырсың	49
ұйықтап	жайлы	55
ұйықтап	жатсын	66
ұйықтап	қалдың	69
ұйықтап	жатса	14
ұйықтап	калган	74
ұйықтап	қалады	67
ұйықтап	жатырма	69
ұйықтап	қалыпты	62
ұйықтап	қалам	67
ұйықтап	тұрдым	50
ұйықтап	кетіппін	39
ұйықтап	жатқанда	57
ұйықтап	жатсам	46
ұйықтап	алсай	71
ұйықтап	қалыппын	70
ұйықтап	тұрдың	16
ұйықтап	калған	50
ұйықтап	жатсыңба	69
ұйықтап	жатқам	64
ұйықтап	қаласың	71
ұйықтап	қалсам	73
ұйықтап	қалғанда	59
ұйықтап	қалдыңыз	72
ұйықтап	қалайын	40
ұйықтап	қалдыңдар	64
ұйықтап	қаппын	72
ұйықтап	қалмасам	53
ұйықтап	қалмадың	63
негізі	?	67
негізі	мен	43
негізі	жақсы	23
негізі	деп	38
негізі	сен	73
негізі	бар	43
негізі	керек	55
негізі	бір	68
негізі	ол	47
негізі	өзің	41
негізі	маған	69
негізі	осы	50
негізі	менде	51
негізі	ерте	54
негізі	ертең	72
негізі	мені	67
негізі	менің	67
негізі	сені	52
негізі	адам	62
негізі	саған	69
негізі	бүгін	54
негізі	дұрыс	52
негізі	айтып	52
негізі	жұмыс	63
негізі	көп	69
негізі	кеше	47
негізі	қанша	62
негізі	бәрі	58
негізі	күшті	68
негізі	екі	69
негізі	қыз	72
негізі	қандай	73
негізі	басқа	70
негізі	солай	66
негізі	біз	58
негізі	бірақ	64
негізі	сенің	67
негізі	қатты	62
негізі	жаман	69
негізі	бұл	72
негізі	сондай	56
негізі	әдемі	71
негізі	олай	73
негізі	кіммен	69
негізі	былай	49
негізі	басында	67
айтам	?	74
айтам	мен	63
айтам	деп	34
айтам	сен	18
айтам	ғой	50
айтам	жан	21
айтам	жаным	69
айтам	бір	55
айтам	енді	68
айтам	ол	61
айтам	да	61
айтам	маған	43
айтам	менде	73
айтам	ертең	71
айтам	деген	71
айтам	сені	47
айтам	саған	66
айтам	ертен	51
айтам	ау	73
айтам	қазір	74
айтам	айтам	68
айтам	деді	70
айтам	құрсын	61
телефон	?	43
телефон	мен	50
телефон	жоқ	27
телефон	бар	49
телефон	керек	53
телефон	енді	62
телефон	да	66
телефон	неге	38
телефон	алып	50
телефон	менде	28
телефон	құтты	64
телефон	көп	69
телефон	барма	62
телефон	үйде	68
телефон	ала	58
телефон	ап	69
телефон	алмай	71
телефон	көріп	34
телефон	қарап	40
телефон	алп	35
телефон	алам	61
телефон	без	68
телефон	тастап	61
телефон	алдым	60
телефон	нан	69
телефон	алу	61
телефон	алған	67
телефон	ұстап	70
телефон	өшіріп	58
телефон	алдың	55
телефон	алмайды	70
телефон	қуып	47
телефон	өшіп	71
телефон	арқылы	47
телефон	нөмір	47
телефон	заряд	54
телефон	зарядка	69
телефон	соғып	48
телефон	алмайсың	58
телефон	қатып	48
телефон	ауыстырып	73
телефон	істемей	73
телефон	нөмірі	74
телефон	нөмірін	67
телефон	алмайсын	54
телефон	шұқылап	69
телефон	қарауға	24
телефон	көтермей	62
телефон	өшірулі	59
телефон	ұстауға	68
телефон	зарядкада	67
телефон	көтермейсің	65
қара	мен	72
қара	деп	47
қара	енді	39
қара	өзің	52
қара	болып	64
қара	емес	29
қара	ой	61
қара	жұмыс	59
қара	боп	50
қара	бала	38
қара	қыз	48
қара	қызым	24
қара	су	36
қара	қара	51
қара	шай	58
қара	нан	50
қара	түс	44
қара	түсі	57
қара	түсті	50
қара	көйлек	51
қара	қатын	54
қара	бет	54
қара	футболка	54
қара	шалбар	54
қара	ниет	45
қара	зере	62
қара	сабын	63
қара	домалақ	62
қара	кесек	58
қара	шаңырақ	61
қара	бұрыш	60
қара	терге	56
қара	торы	64
қарап	мен	62
қарап	бір	69
қарап	өзің	73
қарап	ал	61
қарап	алып	55
қарап	жатыр	69
қарап	жатсың	32
қарап	тұр	69
қарап	айтып	37
қарап	жатырм	62
қарап	жатырмын	69
қарап	қой	26
қарап	едім	54
қарап	көр	61
қарап	көрем	59
қарап	жүр	71
қарап	отыр	31
қарап	отырмын	25
қарап	қарап	20
қарап	жатқан	58
қарап	жіберші	51
қарап	жүре	67
қарап	жүрген	72
қарап	жатып	54
қарап	тұрған	70
қарап	қойып	53
қарап	берші	73
қарап	жүрсің	65
қарап	жүрмін	67
қарап	көрші	62
қарап	отырған	54
қарап	шықтым	56
қарап	отыра	65
қарап	көрейін	52
қарап	көру	50
қарап	жүрем	70
қарап	отыратын	71
қарап	көріңіз	69
қарап	отырады	70
қарап	өтеді	68
қарап	тұрсам	67
қарап	көріңізші	65
қарап	отырамын	71
қарап	тұрсаң	73
қалды	?	67
қалды	мен	24
қалды	деп	57
қалды	!	19
қалды	ғой	69
қалды	жаным	15
қалды	бір	64
қалды	енді	66
қалды	ол	46
қалды	да	61
қалды	маған	54
қалды	екен	71
қалды	менде	54
қалды	ертең	72
қалды	деген	66
қалды	саған	61
қалды	бүгін	72
қалды	ау	70
қалды	соған	35
қалды	дейді	68
машина	?	58
машина	мен	48
машина	жақсы	26
машина	деп	72
машина	қалай	65
машина	жоқ	66
машина	бар	26
машина	керек	20
машина	да	32
машина	алып	43
машина	болып	30
машина	құтты	63
машина	болса	61
машина	тұр	38
машина	көп	68
машина	барма	66
машина	келіп	34
машина	келе	70
машина	қайда	67
машина	ап	63
машина	жасап	69
машина	қарап	69
машина	машина	63
машина	тауып	52
машина	келді	49
машина	күтіп	69
машина	алп	57
машина	болмай	67
машина	болмаса	55
машина	алам	73
машина	алды	54
машина	алдым	65
машина	алу	72
машина	алған	62
машина	жүріп	68
машина	сатып	70
машина	іздеп	65
машина	жуып	62
машина	жоқпа	45
машина	ойын	72
машина	таппай	69
машина	игра	58
машина	айдап	71
машина	алыпты	35
машина	мініп	73
машина	жөндеп	71
машина	бұзылып	53
машина	айдай	43
машина	қағып	65
машина	жалдап	61
машина	аидап	69
машина	айдау	65
жатқан	?	73
жатқан	мен	63
жатқан	сен	55
жатқан	жоқ	72
жатқан	ғой	15
жатқан	жаны	58
жатқан	бір	49
жатқан	өзің	71
жатқан	да	41
жатқан	кім	52
жатқан	адам	72
жатқан	еді	43
жатқан	бала	45
жатқан	туған	69
жатқан	қыз	66
жатқан	үйде	69
жатқан	кезде	65
жатқан	едім	36
жатқан	қыздар	43
жатқан	жаңа	57
жатқан	сияқты	44
жатқан	жерде	31
жатқан	ешкім	71
жатқан	соң	62
жатқан	болар	43
жатқан	жыл	55
жатқан	адамдар	67
жатқан	жоқпын	71
жатқан	жоқпа	16
жатқан	адамға	30
жатқан	едік	73
жатқан	жері	71
жатқан	шығарсың	17
жатқан	жоқсың	50
жатқан	жерің	38
жатқан	жоқпыз	48
жатқан	жоқсыңба	47
жатқан	жоқсын	56
жатқан	жоқсыз	68
жатқан	жерінен	65
жатқан	барыс	67
жатқан	жағдайға	49
жатқан	жерлері	69
жатқан	жеріңіз	60
жатқан	көзінен	59
бірге	деп	47
бірге	болсын	71
бірге	бір	16
бірге	алып	38
бірге	болып	39
бірге	істеп	63
бірге	жұмыс	72
бірге	барып	40
бірге	келе	30
бірге	бара	66
бірге	шығып	65
бірге	кетіп	56
бірге	ала	66
бірге	барам	69
бірге	тамақ	67
бірге	көре	72
бірге	жүр	67
бірге	бақытты	65
бірге	дейін	56
бірге	болған	62
бірге	көріп	64
бірге	ойнап	52
бірге	жүрген	71
бірге	өмір	60
бірге	кіріп	69
бірге	барамыз	69
бірге	тұрған	28
бірге	жүріп	72
бірге	баратын	62
бірге	қол	58
бірге	болу	72
бірге	болатын	63
бірге	қосып	73
бірге	барған	72
бірге	шығамыз	71
бірге	түскен	58
бірге	барайық	52
бірге	жүретін	36
бірге	болайық	71
бірге	шығайық	69
бірге	қайтамыз	58
бірге	оқыған	57
бірге	болғым	58
бірге	көріңдер	61
бірге	жүреміз	34
бірге	болсақ	65
бірге	тұрамыз	69
бірге	өскен	66
бірге	көруді	68
бірге	көріңіздер	53
бірге	жетеміз	63
сондай	мен	68
сондай	жақсы	71
сондай	деп	56
сондай	бар	39
сондай	керек	56
сондай	ғой	60
сондай	бір	35
сондай	енді	42
сондай	ол	68
сондай	да	71
сондай	алып	63
сондай	болып	67
сондай	болды	18
сондай	екен	46
сондай	адам	47
сондай	ой	39
сондай	болса	56
сондай	болад	39
сондай	болады	53
сондай	жұмыс	28
сондай	ау	72
сондай	боп	31
сондай	еді	21
сондай	бала	61
сондай	қыз	72
сондай	кезде	57
сондай	қатты	44
сондай	жаман	70
сондай	қыздар	57
сондай	сияқты	73
сондай	болған	41
сондай	сондай	47
сондай	әдемі	60
сондай	болама	67
сондай	керемет	70
сондай	әңгіме	69
сондай	жерге	63
сондай	жағдай	73
сондай	сөз	51
сондай	нәрсе	62
сондай	адамдар	71
сондай	болу	61
сондай	болат	45
сондай	болатын	71
сондай	бірдеңе	67
сондай	қылып	57
сондай	адаммын	70
же	?	70
же	деп	33
же	!	55
же	да	69
же	как	47
же	все	46
же	там	52
же	за	66
же	он	69
же	же	63
же	всё	61
же	еще	70
же	есть	66
же	тебе	44
же	без	47
же	ещё	64
же	будет	72
же	день	72
же	всегда	73
же	его	72
же	был	63
же	вам	71
же	знаю	69
же	было	64
же	вроде	69
же	время	58
же	знаешь	67
же	вчера	48
же	говорю	70
же	говорил	61
же	говорила	63
же	историю	58
жер	?	59
жер	мен	30
жер	жақсы	53
жер	де	56
жер	деп	53
жер	жоқ	48
жер	бар	29
жер	керек	18
жер	ғой	44
жер	ол	47
жер	алып	54
жер	екен	58
жер	емес	25
жер	болса	39
жер	көп	32
жер	барма	63
жер	үй	36
жер	үйде	31
жер	үйге	48
жер	там	53
жер	бұл	40
жер	мынау	55
жер	көріп	54
жер	тауып	57
жер	іздеп	51
жер	екенін	62
жер	басып	56
жер	таппай	55
жер	асты	44
жер	домалақ	29
жер	бетінде	53
жер	патшасы	52
жер	бетіндегі	60
жер	сілкінісі	61
жерде	?	57
жерде	мен	24
жерде	жақсы	44
жерде	де	65
жерде	деп	53
жерде	сен	66
жерде	жоқ	60
жерде	бар	54
жерде	бір	38
жерде	ол	49
жерде	жатыр	58
жерде	екен	66
жерде	менің	47
жерде	істеп	67
жерде	адам	59
жерде	болса	68
жерде	тұр	69
жерде	болады	44
жерде	жұмыс	56
жерде	еді	34
жерде	бәрі	70
жерде	келе	67
жерде	кетіп	33
жерде	бұл	60
жерде	жүр	67
жерде	отыр	59
жерде	айта	59
жерде	жатқан	69
жерде	жүрген	60
жерде	болу	68
жерде	жүрсің	67
жерде	екенін	59
жерде	адрес	63
жерде	тұра	72
жерде	отыра	72
жерде	тұрады	71
жерде	тұрасың	60
жерде	кездесеміз	38
жерде	орналасқан	69
аға	?	66
аға	мен	35
аға	жақсы	19
аға	деп	66
аға	!	47
аға	қалай	33
аға	жоқ	52
аға	бар	68
аға	рахмет	48
аға	бір	56
аға	өзі	63
аға	да	69
аға	неге	60
аға	маған	71
аға	алып	47
аға	осы	60
аға	ертең	64
аға	мені	53
аға	менің	67
аға	деген	66
аға	құтты	70
аға	бүгін	71
аға	алла	57
аға	ассалаумалейкум	68
аға	айтып	65
аға	қалайсыз	72
аға	ертен	25
аға	сәлеметсіз	66
аға	ақша	71
аға	қашан	63
аға	туған	64
аға	келіп	39
аға	келе	66
аға	үйде	68
аға	біз	68
аға	қайда	66
аға	сіз	64
аға	аға	52
аға	келді	49
аға	келген	58
аға	такси	72
аға	туылған	69
аға	сізді	55
аға	қалыңыз	72
аға	екеуіңіз	55
аға	ренжімеңізші	54
әдемі	?	54
әдемі	деп	71
әдемі	!	54
әдемі	ғой	69
әдемі	бір	31
әдемі	өзі	72
әдемі	болып	72
әдемі	болды	15
әдемі	екен	70
әдемі	емес	13
әдемі	болса	44
әдемі	тұр	57
әдемі	болады	73
әдемі	ақ	54
әдемі	боп	65
әдемі	еді	26
әдемі	бала	67
әдемі	қыз	63
әдемі	қыздар	20
әдемі	сияқты	52
әдемі	болған	62
әдемі	жер	65
әдемі	әдемі	57
әдемі	ат	37
әдемі	жігіт	72
әдемі	етіп	61
әдемі	қылып	66
әдемі	емеспін	52
әдемі	екенсің	62
әдемі	көйлек	31
әдемі	сұлу	59
әдемі	ән	60
әдемі	есім	71
әдемі	киініп	58
әдемі	екенсіз	71
әдемі	келіншек	63
әдемі	жарасып	69
әдемі	шығыпты	50
әдемі	жарасады	59
әдемі	көрінеді	64
әдемі	жансың	57
әдемі	қартаюды	70
всё	?	64
всё	мен	36
всё	жақсы	58
всё	!	69
всё	рахмет	65
всё	жаным	38
всё	енді	68
всё	болды	72
всё	как	56
всё	давай	72
всё	брат	52
всё	же	59
всё	всё	49
всё	еще	11
всё	ещё	63
всё	братан	37
всё	будет	65
всё	было	35
всё	время	63
всё	гуд	56
сағат	?	58
сағат	деп	65
сағат	бар	67
сағат	бір	59
сағат	болды	60
сағат	жұмыс	30
сағат	қанша	71
сағат	екі	49
сағат	он	64
сағат	тез	43
сағат	неше	70
сағат	ұйықтап	44
сағат	қалды	57
сағат	бірге	69
сағат	алдын	69
сағат	нешеде	67
сағат	уақыт	18
сағат	бірде	66
сағат	бұрын	60
сағат	ішінде	42
сағат	бойы	68
сағат	сайын	68
сағат	кешкі	45
сағат	қаншада	58
сағат	қана	25
сағат	қаншаға	65
сағат	түнгі	59
сағат	таңғы	64
сағат	нешеден	68
сағат	нешелерде	72
сағат	екіде	69
сағат	бесте	59
сағат	алтыда	62
сағат	үште	65
сағат	сегізде	60
сағат	жетіде	65
сағат	тоғызда	68
еще	?	70
еще	мен	37
еще	сен	35
еще	бір	53
еще	ол	56
еще	маған	40
еще	менде	55
еще	мені	71
еще	менің	72
еще	как	70
еще	мама	46
еще	ертен	66
еще	кеше	71
еще	ана	67
еще	там	60
еще	анау	68
еще	он	62
еще	есть	72
еще	больше	44
тау	адам	61
тау	самалы	26
тауып	ал	19
тауып	алып	23
тауып	жатыр	28
тауып	бер	61
тауып	қой	21
тауып	ала	69
тауып	салып	58
тауып	көр	53
тауып	бақытты	72
тауып	берсін	66
тауып	беріп	64
тауып	жатқан	52
тауып	алам	71
тауып	алды	31
тауып	алдын	51
тауып	алдым	59
тауып	алу	18
тауып	алған	37
тауып	берген	37
тауып	береді	61
тауып	алайын	55
тауып	берші	40
тауып	қойдым	17
тауып	алатын	54
тауып	берді	67
тауып	аласың	61
тауып	берейін	53
тауып	алады	52
тауып	беретін	52
тауып	беріңіз	60
тауып	беру	72
тауып	беремін	63
тауып	бересің	44
тауып	аламыз	63
тауып	алдың	71
тауып	алсам	42
тауып	аламын	59
тауып	берсе	63
тауып	береміз	68
тауып	берсем	70
тауып	беріңізші	69
тауып	аласын	45
тауып	беріңдер	65
тауып	жатсам	72
тауып	алсай	69
тауып	беруге	62
тауып	алдық	70
тауып	берсең	69
тауып	алсын	64
тауып	алдыңба	71
тауып	берсен	68
тауып	берсей	71
тауып	алыпты	68
тауып	алғансың	57
тауып	беріңдерші	64
до	до	70
до	вас	70
до	завтра	70
до	дома	31
до	конца	46
до	зп	10
до	года	55
до	какого	61
до	вечера	58
до	встречи	37
до	адреса	58
жай	?	68
жай	мен	54
жай	деп	65
жай	сен	69
жай	керек	72
жай	ғой	70
жай	бір	68
жай	болып	54
жай	емес	47
жай	адам	57
жай	айтып	66
жай	барып	39
жай	боп	67
жай	шығып	64
жай	жазып	69
жай	сұрап	67
жай	ештеңе	37
жай	айта	55
жай	ғана	51
жай	видео	19
жай	айтам	69
жай	жай	64
жай	дос	23
жай	ойнап	49
жай	әңгіме	63
жай	сөйлесіп	64
жай	сөз	71
жай	айттым	70
жай	жаза	63
жай	жүріп	70
жай	ішім	65
жай	сұрадым	72
жай	интерес	64
жай	сөзбен	57
жай	звандадың	63
жай	әшейін	46
жай	сұрағаным	72
жай	адамсын	62
ешкім	мен	68
ешкім	жақсы	36
ешкім	де	57
ешкім	жоқ	49
ешкім	керек	11
ешкім	маған	22
ешкім	алып	71
ешкім	мені	67
ешкім	емес	67
ешкім	сені	50
ешкім	саған	68
ешкім	ақша	67
ешкім	жазып	63
ешкім	ештеңе	70
ешкім	жауап	35
ешкім	білмей	59
ешкім	келген	70
ешкім	болмай	60
ешкім	болмаса	57
ешкім	болмайды	67
ешкім	қызық	58
ешкім	айтқан	67
ешкім	жоқпа	66
ешкім	ешкімге	43
ешкім	емеспін	63
ешкім	жоққо	62
ешкім	келмейді	55
ешкім	жазбай	72
ешкім	алмайды	64
ешкім	келмеді	65
ешкім	жоққой	62
ешкім	ұнамайды	69
ешкім	ешкімді	69
ешкім	білмейді	69
ешкім	баса	39
ешкім	шықпайды	69
ешкім	айтпады	72
ешкім	бармайды	70
ешкім	жетпейді	63
ешкім	жоқта	67
ешкім	қарамайды	60
ешкім	жазбайды	57
ешкім	түсінбейді	54
ешкім	білмесін	62
ешкім	естімесін	57
соған	мен	72
соған	сен	56
соған	бар	63
соған	керек	71
соған	ғой	44
соған	шүкір	53
соған	бір	71
соған	енді	50
соған	да	65
соған	маған	53
соған	алып	66
соған	ертең	63
соған	мені	65
соған	бүгін	72
соған	айтып	64
соған	барып	40
соған	ақша	32
соған	кетті	36
соған	келіп	66
соған	бара	66
соған	шығып	48
соған	жазып	71
соған	кетіп	59
соған	салып	55
соған	барам	60
соған	тамақ	52
соған	сұрап	68
соған	дейін	44
соған	беріп	29
соған	ғана	63
соған	жауап	65
соған	қарап	56
соған	заказ	29
соған	кіріп	70
соған	барамыз	56
соған	звандап	57
соған	апарып	71
соған	жылап	71
соған	баратын	71
соған	ренжіп	72
соған	бару	55
соған	шақырып	63
соған	барайын	67
соған	үйреніп	69
соған	дайындалып	68
соған	жыным	44
соған	көзім	54
соған	мәз	69
соған	сеніп	72
соған	байланысты	48
соған	дайындық	49
соған	қарағанда	63
соған	көмектесіп	41
соған	орай	69
біл	мен	68
біл	деп	23
біл	!	25
біл	енді	27
білмей	ақ	22
білмей	жатырмын	23
білмей	жүр	24
білмей	отыр	38
білмей	отырмын	39
білмей	жатып	14
білмей	тұрмын	28
білмей	қалады	15
білмей	қалдық	38
білмеймін	мен	33
білмеймін	деп	34
білмеймін	қалай	55
білмеймін	сен	66
білмеймін	ғой	65
білмеймін	жаным	14
білмеймін	бір	58
білмеймін	енді	59
білмеймін	ол	37
білмеймін	өзің	51
білмеймін	неге	63
білмеймін	маған	52
білмеймін	менде	57
білмеймін	ертең	70
білмеймін	кім	66
білмеймін	бүгін	71
білмеймін	қашан	72
білмеймін	қазір	66
білмеймін	солай	69
білмеймін	қайда	67
білмеймін	бірақ	72
білмеймін	білмеймін	45
білмеймін	дейді	53
білмеймін	даже	67
білмеймін	көреміз	70
білмеймін	әйтеуір	56
соң	мен	62
соң	жақсы	45
соң	деп	71
соң	қалай	67
соң	сен	69
соң	бір	69
соң	ол	48
соң	да	64
соң	маған	60
соң	алып	51
соң	болды	53
соң	осы	71
соң	менде	70
соң	мені	65
соң	саған	69
соң	айтып	59
соң	жұмыс	44
соң	барып	72
соң	ақша	53
соң	бәрі	62
соң	басқа	64
соң	солай	71
соң	шығып	51
соң	жаз	68
соң	жазып	69
соң	бірақ	58
соң	кетіп	60
соң	салып	69
соң	үйге	67
соң	барам	63
соң	сұрап	53
соң	айта	55
соң	ғана	72
соң	жауап	58
соң	ұйықтап	70
соң	айтам	71
соң	сондай	59
соң	осылай	71
соң	бірі	68
соң	қайта	64
соң	барамыз	59
соң	келем	69
соң	жазам	70
соң	жіберем	44
соң	барамын	66
соң	звандайм	69
соң	бірден	51
соң	хабарласам	68
для	де	61
для	видео	66
для	телефон	55
для	вас	69
для	дома	40
для	авто	54
для	всех	68
для	кого	49
для	души	64
для	интерес	66
для	детей	69
для	глаз	32
для	волос	68
для	девочки	43
для	душа	71
для	заказа	52
для	девочек	64
для	воды	30
для	женщин	66
для	девушек	65
для	губ	61
для	взрослых	54
для	кухни	52
для	бровей	69
для	беременных	66
осылай	?	60
осылай	жақсы	72
осылай	деп	66
осылай	ғой	38
осылай	бір	69
осылай	да	56
осылай	маған	68
осылай	алып	70
осылай	болып	70
осылай	болды	26
осылай	істеп	58
осылай	болса	45
осылай	дұрыс	59
осылай	тұр	60
осылай	болады	53
осылай	айтып	45
осылай	боп	44
осылай	шығып	55
осылай	жазып	34
осылай	айта	25
осылай	жасап	56
осылай	жауап	44
осылай	әдемі	61
осылай	осылай	60
осылай	жүре	51
осылай	болама	47
осылай	айтты	64
осылай	жаза	71
осылай	жүріп	58
осылай	жіберіп	70
осылай	болу	69
осылай	жасау	52
осылай	жасай	70
осылай	күліп	72
осылай	сөйлесе	67
осылай	айтатын	67
осылай	жаздым	66
осылай	істеу	69
осылай	ұнайсың	71
келді	?	61
келді	мен	42
келді	де	58
келді	деп	65
келді	!	21
келді	рахмет	66
келді	ғой	49
келді	бір	19
келді	енді	66
келді	ол	60
келді	да	67
келді	маған	51
келді	екен	68
келді	осы	69
келді	деген	71
келді	бүгін	61
келді	ау	56
келді	кеше	57
келді	қазір	64
келді	жаз	69
келді	бірақ	43
келді	үйге	59
келді	жаңа	56
келді	дейді	70
келген	мен	72
келген	де	67
келген	деп	41
келген	жоқ	67
келген	ғой	15
келген	бір	41
келген	екен	66
келген	адам	38
келген	ау	39
келген	кеше	68
келген	еді	70
келген	бала	38
келген	қыз	60
келген	кезде	58
келген	күні	18
келген	едім	46
келген	жаңа	45
келген	сияқты	53
келген	жерде	56
келген	соған	69
келген	соң	68
келген	жыл	13
келген	адамдар	44
келген	жоқпын	71
келген	жоқпа	67
келген	уақытта	50
келген	жасы	40
келген	жасың	68
келген	сайын	52
келген	адамға	47
келген	едік	65
келген	затты	71
келген	бойда	71
келген	барыс	63
келген	мәтінді	50
кто	?	57
кто	там	16
кто	за	49
кто	он	60
кто	же	48
кто	еще	54
кто	кто	65
кто	есть	47
кто	вообще	55
кто	где	71
кто	тебе	70
кто	бы	52
кто	будет	60
кто	дал	35
кто	дома	67
кто	был	69
кто	казак	67
кто	казах	69
кто	знает	54
кто	гильдия	47
кто	выйдет	45
кто	играет	72
кто	дуэль	71
дейді	?	47
дейді	мен	24
дейді	деп	52
дейді	ғой	70
дейді	бір	14
дейді	енді	66
дейді	ол	63
дейді	да	54
дейді	маған	55
дейді	екен	60
дейді	ертең	39
дейді	бірақ	70
дейді	соған	63
жібер	мен	66
жібер	деп	38
жібер	енді	17
жібер	маған	42
жібер	деген	37
жібер	голосовой	40
жіберші	?	49
жіберші	мен	54
жіберші	деп	59
жіберші	бар	48
жіберші	керек	71
жіберші	жаным	68
жіберші	енді	42
жіберші	маған	69
жіберші	осы	27
жіберші	менде	63
жіберші	жіберші	65
жіберші	өтініш	24
жіберші	көрейін	18
такси	?	65
такси	мен	51
такси	де	28
такси	деп	62
такси	жоқ	70
такси	бар	30
такси	керек	15
такси	болып	14
такси	болса	51
такси	көп	41
такси	боп	70
такси	қанша	66
такси	барма	56
такси	келіп	13
такси	келе	67
такси	салып	62
такси	қарап	70
такси	тауып	70
такси	келді	39
такси	заказ	68
такси	күтіп	57
такси	болмай	35
такси	алматы	58
такси	іздеп	71
такси	ұстап	53
такси	шақырып	61
такси	таппай	31
такси	қымбат	49
такси	шықпай	67
такси	тосып	59
такси	таптың	68
такси	жалдап	69
такси	шақыра	59
такси	бармекен	60
тыныш	деп	67
тыныш	болсын	69
тыныш	болып	16
тыныш	болды	28
тыныш	менде	66
тыныш	емес	64
тыныш	болса	65
тыныш	жұмыс	42
тыныш	барып	66
тыныш	аман	65
тыныш	боп	63
тыныш	бәрі	46
тыныш	үйде	59
тыныш	қой	54
тыныш	жүр	41
тыныш	отыр	32
тыныш	жаңалық	35
тыныш	жер	58
тыныш	жерде	62
тыныш	тыныш	68
тыныш	жүре	47
тыныш	жүрген	59
тыныш	өмір	69
тыныш	жерге	50
тыныш	отыра	62
тыныш	өзіңде	49
тыныш	жата	15
тыныш	қана	69
тыныш	аманшылық	53
тыныш	жүрем	67
тыныш	өтсін	69
тыныш	жүру	69
тыныш	өзіңізде	69
тыныш	отырайын	45
тыныш	отырыңдар	70
қайдасың	?	71
қайдасың	мен	10
қайдасың	деп	70
қайдасың	сен	57
қайдасың	жаным	50
қайдасың	енді	35
қайдасың	қазір	61
қайдасың	дар	49
қайдасың	қайдасың	25
қайдасың	досым	56
ат	бар	70
ат	екен	42
ат	қойып	35
ат	ми	42
ат	салысып	40
ата	мен	41
ата	деп	29
ата	қалай	58
ата	бар	65
ата	да	62
ата	деген	63
ата	ана	59
ата	апа	16
ата	ата	43
ата	көрген	63
ата	әже	67
ата	аналар	44
ата	ене	15
ата	енем	49
ата	анан	36
ата	ананы	52
ата	анам	66
ата	енең	25
ата	анасы	45
ата	ананың	26
ата	анаға	46
ата	анаң	52
ата	анаңның	30
ата	енесі	18
ата	әжесі	56
ата	енеме	70
ата	анамның	70
ата	ананын	60
ата	анасын	70
ата	анасының	51
ата	аналарға	37
ата	анама	53
ата	анасына	49
ата	анамен	37
ата	әжесінің	60
ата	анамды	68
ата	анамыз	54
ата	анаңа	59
ата	анаңды	51
ата	анаңыз	59
ата	аналары	64
ата	анасымен	57
ата	енемен	63
ата	анаммен	62
ата	нақыл	71
ата	бабамыз	50
кеткен	?	69
кеткен	мен	59
кеткен	де	58
кеткен	деп	64
кеткен	жоқ	42
кеткен	ғой	28
кеткен	бір	20
кеткен	ол	69
кеткен	екен	61
кеткен	адам	32
кеткен	болса	44
кеткен	дұрыс	69
кеткен	ау	70
кеткен	еді	45
кеткен	бала	35
кеткен	туған	70
кеткен	қыз	62
кеткен	кезде	67
кеткен	күні	39
кеткен	едім	66
кеткен	сияқты	46
кеткен	соң	33
кеткен	дейді	20
кеткен	содан	65
кеткен	болар	70
кеткен	жоқпын	57
кеткен	жоқпа	61
кеткен	шығарсың	42
кеткен	жоқсың	60
кеткен	жоқсыңба	44
кеткен	жоқсыз	67
бізде	жақсы	68
бізде	де	41
бізде	жоқ	16
бізде	бар	37
бізде	шүкір	44
бізде	бір	33
бізде	енді	37
бізде	осы	50
бізде	сені	57
бізде	адам	67
бізде	бүгін	69
бізде	жұмыс	47
бізде	көп	57
бізде	барып	70
бізде	аман	68
бізде	кеше	47
бізде	ақша	61
бізде	бәрі	62
бізде	күн	17
бізде	екі	39
бізде	қазір	60
бізде	үйде	62
бізде	солай	59
бізде	қатты	50
бізде	аллаға	65
бізде	жаңа	61
бізде	су	67
бізде	сондай	69
бізде	сағат	64
бізде	осылай	68
бізде	тыныш	61
бізде	осындай	64
бізде	күнде	60
бізде	барамыз	70
бізде	ауылда	60
бізде	ыстық	70
бізде	интернет	53
бізде	барлығы	67
бізде	жел	64
бізде	жаңбыр	62
бізде	жанып	40
бізде	салқын	67
бізде	аманшылық	64
бізде	аманбыз	63
бізде	бөтен	46
қаласа	мен	49
қаласа	жақсы	58
қаласа	деп	43
қаласа	!	55
қаласа	жаным	24
қаласа	бір	52
қаласа	енді	53
қаласа	ол	64
қаласа	осы	70
қаласа	менде	48
қаласа	ертең	67
қаласа	бүгін	19
қаласа	алла	47
қаласа	болады	68
қаласа	барып	63
қаласа	ертен	52
қаласа	аман	53
қаласа	кешке	45
қаласа	бәрі	53
қаласа	барам	26
қаласа	бұйырса	58
қаласа	бірге	62
қаласа	жұмысқа	68
қаласа	азанда	70
қаласа	ауылға	57
қаласа	барамыз	70
қаласа	келесі	31
қаласа	тойға	47
қаласа	таңертең	64
қаласа	барамын	68
қаласа	жолға	60
қаласа	жемісін	68
қаласа	емін	61
дос	?	60
дос	мен	60
дос	деп	60
дос	қалайсың	48
дос	сен	59
дос	жоқ	67
дос	бол	67
дос	керек	61
дос	болып	38
дос	деген	17
дос	емес	46
дос	болса	45
дос	боп	65
дос	бала	29
дос	қыз	26
дос	болған	59
дос	қызым	54
дос	тауып	69
дос	дос	54
дос	болам	58
дос	болмай	49
дос	балдар	55
дос	балам	56
дос	болу	35
дос	болатын	56
дос	баласы	59
дос	емеспін	55
дос	балан	56
дос	балаға	69
дос	баланың	70
дос	баламен	55
дос	ретінде	61
дос	балдармен	15
дос	болайық	69
дос	болуға	23
дос	болғым	48
дос	балама	49
дос	баланын	70
дос	болсақ	65
дос	жылатып	65
дос	болмаймын	67
дос	болғың	67
дос	болғысы	66
дос	болғын	68
есе	болып	70
есе	қылып	19
есен	?	19
есен	жақсы	61
есен	бол	48
есен	болсын	62
есен	рахмет	50
есен	жаны	68
есен	шүкір	61
есен	өзің	53
есен	барып	36
есен	аман	16
есен	бәрі	65
есен	кел	62
есен	келіп	52
есен	келе	67
есен	үйге	64
есен	өзіңіз	53
есен	жүр	70
есен	жүре	69
есен	ауылға	19
есен	өздерің	69
есен	жүріп	64
есен	қол	39
есен	өтіп	68
есен	келсін	61
есен	жазылып	63
есен	жет	41
есен	жетіп	53
есен	жатырмыз	14
есен	болыңдар	65
есен	өсіп	56
есен	жете	44
есен	бітіріп	51
есен	өткізіп	65
есен	келіңдер	36
есен	жеттің	62
есен	туып	48
есен	болайық	64
есен	өсе	66
есен	босанып	62
есен	шауып	17
есен	елге	69
есен	жеттік	63
есен	жаның	53
есен	жеттіңдер	50
есен	ортамызда	55
есен	қолыңа	62
есен	жетіңдер	66
есен	жетіңіздер	45
есть	?	68
есть	!	13
есть	да	61
есть	или	65
есть	все	58
есть	там	64
есть	же	68
есть	еще	41
есть	для	46
есть	кто	69
есть	ещё	51
есть	время	58
есть	доставка	56
есть	девушка	64
есть	деньги	49
есть	желание	68
есть	другие	63
есть	возможность	67
жүре	тұр	57
жүре	бер	59
жүре	алмай	10
жүре	берсін	26
жүре	беріп	14
жүре	берген	61
жүре	беред	57
жүре	береді	52
жүре	берші	29
жүре	алмаймын	59
жүре	берейін	42
жүре	берет	55
жүре	беретін	61
жүре	берің	37
жүре	беріңіз	65
жүре	беру	14
жүре	беремін	54
жүре	бересің	58
жүре	берме	34
жүре	бермей	58
жүре	алмайды	37
жүре	берсе	50
жүре	береміз	63
жүре	берсем	41
жүре	алмайсың	63
жүре	беріңдер	63
жүре	алмайтын	19
жүре	беруге	63
жүре	берсең	61
жүре	берейік	45
жүре	берсен	40
жүре	берсей	60
жүре	беріңіздер	64
жүре	бересіңба	30
жүре	жөнелді	64
жүрегі	ауырып	40
жүрегі	таза	18
жүрегі	тоқтап	19
жүрегім	?	17
жүрегім	мен	69
жүрегім	жақсы	58
жүрегім	де	67
жүрегім	сен	68
жүрегім	ғой	65
жүрегім	жаным	68
жүрегім	бір	61
жүрегім	менің	63
жүрегім	сені	11
жүрегім	қатты	44
жүрегім	ауырып	52
жүрегім	жүрегім	18
жүрегім	алтыным	10
жүрегім	ауырады	68
жүрегім	тоқтап	54
жүрегім	айнып	68
жүрегім	қысылып	35
жүрегім	аузыма	62
жүрегім	езіліп	68
жүрегім	елжіреп	70
молодец	мен	70
молодец	жақсы	70
молодец	деп	59
молодец	!	62
молодец	жаным	17
молодец	құтты	25
молодец	дұрыс	40
молодец	күшті	63
молодец	молодец	42
молодец	жарайсың	16
досы	бар	69
досым	?	16
досым	мен	28
досым	жақсы	40
досым	деп	67
досым	!	33
досым	қалай	35
досым	қалайсың	53
досым	сен	18
досым	жоқ	50
досым	бар	64
досым	рахмет	33
досым	ғой	56
досым	бір	59
досым	өзің	63
досым	маған	59
досым	менде	67
досым	ертең	68
досым	менің	63
досым	сені	52
досым	құтты	69
досым	саған	62
досым	алла	64
досым	ассалаумалейкум	69
досым	ау	69
досым	аман	68
досым	туған	60
досым	қайда	49
досым	досым	70
досым	туылған	46
досым	амансыңба	54
досым	болмасада	61
досым	барына	56
досым	абрикосым	69
ойнап	жатыр	53
ойнап	жатсың	30
ойнап	тұр	65
ойнап	айтып	69
ойнап	кетті	34
ойнап	жатырм	63
ойнап	жатырмын	60
ойнап	жүр	44
ойнап	отыр	19
ойнап	отырмын	37
ойнап	айта	60
ойнап	айтам	54
ойнап	жатқан	11
ойнап	жүре	48
ойнап	ойнап	20
ойнап	жүрген	59
ойнап	тұрған	35
ойнап	айттым	67
ойнап	жүріп	45
ойнап	жүрсің	59
ойнап	айтқан	57
ойнап	журген	69
ойнап	отырған	52
ойнап	күліп	70
ойнап	айтамын	23
ойнап	айтым	67
ойнап	куліп	69
жүрген	?	67
жүрген	мен	67
жүрген	жақсы	47
жүрген	де	53
жүрген	деп	49
жүрген	сен	70
жүрген	жоқ	62
жүрген	ғой	19
жүрген	бір	55
жүрген	өзің	50
жүрген	екен	51
жүрген	кім	64
жүрген	адам	67
жүрген	дұрыс	24
жүрген	еді	68
жүрген	бала	49
жүрген	қыз	47
жүрген	кезде	47
жүрген	едім	38
жүрген	қыздар	38
жүрген	сияқты	60
жүрген	жер	32
жүрген	жерде	67
жүрген	ешкім	62
жүрген	соң	65
жүрген	болар	38
жүрген	біреу	57
жүрген	жігіт	64
жүрген	адамдар	63
жүрген	жоқпын	58
жүрген	жоқпа	17
жүрген	адамды	36
жүрген	адамға	68
жүрген	жері	66
жүрген	жігітің	67
жүрген	қызың	70
жүрген	шығарсың	67
жүрген	жоқсың	44
жүрген	жерің	36
жүрген	жоқпыз	66
жүрген	адаммын	56
жүрген	сияқтысың	63
жүрген	адамым	59
жүрген	жоқсыңба	67
жүрген	жоқсын	48
жүрген	жоқсыз	65
жүрген	адамың	66
жол	мен	63
жол	жақсы	66
жол	!	52
жол	қалай	19
жол	жоқ	52
жол	бар	43
жол	болсын	57
жол	жаным	7
жол	аман	59
жол	жаман	40
жол	берсін	53
жол	тілеймін	39
жол	түсіп	43
жол	жүріп	61
жол	ашық	24
жол	бойы	66
жол	берсе	50
жол	алыс	66
жол	жүретін	66
жол	жүрем	59
жол	түссе	55
жол	жабық	66
жол	жүру	60
жол	жүреміз	60
жол	амандығын	65
жол	ақысы	20
жол	ақысын	58
жол	жүрейін	62
жол	тарттың	69
жол	апаты	58
заказ	?	62
заказ	жоқ	46
заказ	бар	65
заказ	алып	46
заказ	болса	42
заказ	көп	60
заказ	қашан	53
заказ	барма	68
заказ	кетті	55
заказ	бер	67
заказ	салып	51
заказ	беріп	58
заказ	жасап	14
заказ	келді	51
заказ	дайын	64
заказ	берген	66
заказ	будет	21
заказ	береді	66
заказ	жіберіп	61
заказ	берші	65
заказ	етіп	60
заказ	берді	57
заказ	бердік	64
заказ	берейін	65
заказ	беретін	18
заказ	беру	45
заказ	беремін	26
заказ	бересің	52
заказ	берсе	59
заказ	бердім	51
заказ	береміз	36
заказ	берсем	40
заказ	бен	21
заказ	бересіз	64
заказ	беруге	53
заказ	берсең	33
заказ	берейік	61
заказ	берсен	55
заказ	қабылдап	68
заказ	бердің	60
заказ	берсеңіз	56
заказ	бергем	57
заказ	берсек	48
заказ	бергім	34
заказ	бергенде	67
заказ	берсеңіздер	57
заказ	беруді	60
заказ	қабылдаймыз	62
келед	?	54
келед	деп	42
келед	ол	16
келед	екен	45
келед	деген	19
келед	бірақ	43
келеді	?	47
келеді	мен	18
келеді	де	54
келеді	деп	67
келеді	!	16
келеді	сен	54
келеді	ғой	70
келеді	жаным	19
келеді	бір	62
келеді	енді	66
келеді	ол	65
келеді	өзі	54
келеді	да	63
келеді	маған	56
келеді	екен	68
келеді	осы	16
келеді	ертең	67
келеді	деген	67
келеді	бүгін	43
келеді	алла	64
келеді	ау	63
келеді	қазір	57
келеді	бірақ	64
келеді	бұйырса	39
келеді	соған	52
келеді	дейді	56
келеді	деді	44
үлкен	деп	59
үлкен	!	54
үлкен	рахмет	34
үлкен	ғой	19
үлкен	бір	53
үлкен	өзі	58
үлкен	болып	56
үлкен	екен	37
үлкен	ер	45
үлкен	емес	58
үлкен	мама	49
үлкен	адам	69
үлкен	болса	45
үлкен	боп	52
үлкен	бала	55
үлкен	қыз	64
үлкен	рақмет	21
үлкен	үй	19
үлкен	үйде	53
үлкен	үйге	68
үлкен	қыздар	62
үлкен	бақыт	61
үлкен	сияқты	69
үлкен	болған	62
үлкен	қызы	66
үлкен	қызым	59
үлкен	аға	55
үлкен	үлкен	67
үлкен	жігіт	48
үлкен	балам	28
үлкен	адамдар	68
үлкен	ұл	66
үлкен	азамат	68
үлкен	қылып	13
үлкен	ағам	66
үлкен	баласы	59
үлкен	екенсің	65
үлкен	көмек	67
үлкен	кіші	55
үлкен	кісілер	55
үлкен	ұлым	39
үлкен	өмірге	66
үлкен	көрінеді	65
үлкен	белестерден	62
үлкен	азаматша	60
үлкен	дәретке	25
үлкен	әріппен	55
үлкен	жетістіктерге	65
бәрін	мен	61
бәрін	жақсы	47
бәрін	де	61
бәрін	сен	62
бәрін	бір	61
бәрін	өзі	40
бәрін	өзің	55
бәрін	маған	56
бәрін	алып	56
бәрін	істеп	28
бәрін	саған	40
бәрін	дұрыс	65
бәрін	айтып	69
бәрін	бас	25
бәрін	жазып	58
бәрін	салып	52
бәрін	сұрап	56
бәрін	айта	51
бәрін	беріп	62
бәрін	жасап	60
бәрін	көріп	50
бәрін	айтам	37
бәрін	қарап	67
бәрін	бірге	61
бәрін	жеп	48
бәрін	тастап	60
бәрін	ашып	44
бәрін	ойлап	63
бәрін	ұмытып	64
бәрін	айттым	50
бәрін	оқып	69
бәрін	шығарып	57
бәрін	қойып	55
бәрін	жіберіп	68
бәрін	біліп	69
бәрін	сатып	31
бәрін	жуып	64
бәрін	жауып	64
бәрін	өшіріп	58
бәрін	қосып	37
бәрін	білем	53
бәрін	шақырып	55
бәрін	білесің	69
бәрін	дайындап	66
бәрін	төлеп	52
бәрін	естіп	68
бәрін	біледі	69
бәрін	бітіріп	50
бәрін	шешіп	57
бәрін	түсініп	60
бәрін	тазалап	62
бәрін	басынан	67
бәрін	есептеп	58
бәрін	түсіндіріп	68
бәрін	білетін	57
бәрін	реттеп	67
бәрін	бастым	62
бәрін	істедім	49
бәрін	құртып	65
бәрін	күтуге	63
дым	жақсы	69
дым	деп	57
дым	жоқ	61
дым	керек	16
дым	да	59
дым	деген	51
дым	емес	49
дым	адам	52
дым	ақша	66
дым	дей	54
дым	болған	60
дым	жаңалық	69
дым	білмей	51
дым	дым	65
дым	әңгіме	66
дым	болмай	63
дым	болмаса	57
дым	уақыт	61
дым	болмайды	65
дым	хабар	68
дым	қызық	65
дым	түсінбедім	24
дым	ренжіме	20
дым	желания	63
дым	жоққо	51
дым	пайда	52
дым	түсініп	64
дым	түсінбей	69
дым	істемей	60
дым	желание	66
дым	пайдасы	69
дым	көрмеген	66
дым	демей	62
дым	естілмейді	56
дым	демеді	44
дым	демедім	62
дым	болмағандай	64
дым	білмегендей	41
десе	мен	66
десе	де	32
десе	сен	27
десе	жоқ	48
десе	бір	47
десе	ол	51
десе	маған	51
десе	алып	54
десе	болды	53
десе	екен	48
десе	болады	55
десе	кете	51
десем	мен	52
десем	де	49
десем	қалай	38
десем	сен	49
десем	жоқ	36
десем	бір	34
десем	ол	58
десем	неге	40
десем	маған	58
десем	осы	64
десем	менде	67
десем	сені	68
десем	мама	67
десем	ой	52
десем	болады	68
десем	ақша	69
десем	бәрі	59
десем	жауап	67
десем	ешкім	69
десем	осылай	68
десем	болама	69
десем	болмай	59
десем	өтірік	58
десем	болмайды	57
десем	олда	64
десем	ұят	64
десем	қате	65
бос	?	51
бос	деп	64
бос	болып	65
бос	екен	52
бос	емес	53
бос	адам	9
бос	болса	63
бос	тұр	16
бос	болады	65
бос	боп	64
бос	кезде	66
бос	болған	27
бос	әңгіме	61
бос	болмай	68
бос	болмаса	39
бос	уақыт	56
бос	сөз	42
бос	орын	54
бос	емеспа	27
бос	уақытта	49
бос	емеспін	57
бос	болсаң	18
бос	болсам	26
бос	болғанда	41
бос	боласың	49
бос	болсан	69
бос	болмады	37
бос	емессің	68
бос	болсаңыз	51
бос	орындар	52
болам	?	49
болам	мен	41
болам	деп	34
болам	сен	15
болам	ғой	48
болам	деген	27
болам	ау	31
болам	бұйырса	45
болам	десең	42
болам	дегенше	49
болама	?	33
болама	мен	9
болама	деп	60
болама	жаным	20
болама	енді	64
болама	ол	69
болама	екен	62
болама	осы	19
болама	или	65
болама	бүгін	38
болама	негізі	61
болама	әлде	66
болама	болмайма	65
керемет	жақсы	45
керемет	деп	44
керемет	!	63
керемет	жан	16
керемет	жаным	48
керемет	өзің	68
керемет	болып	65
керемет	болды	44
керемет	екен	49
керемет	құтты	21
керемет	адам	43
керемет	алла	57
керемет	боп	52
керемет	күшті	65
керемет	күн	50
керемет	қыз	63
керемет	қой	65
керемет	бақытты	47
керемет	жаңалық	66
керемет	жер	58
керемет	әдемі	49
керемет	керемет	53
керемет	болар	22
керемет	жыл	48
керемет	демалыс	63
керемет	демалып	26
керемет	көңіл	68
керемет	сұлу	68
керемет	ән	67
керемет	жарайсың	44
керемет	тамаша	67
керемет	мүмкіндік	60
керемет	дауыс	66
керемет	отырыс	66
керемет	айтылған	44
керемет	ойынға	45
керемет	орындау	69
керемет	жансың	42
керемет	көрініс	59
керемет	жансыз	65
керемет	апайсыз	58
әңгіме	де	64
әңгіме	жоқ	68
әңгіме	бар	18
әңгіме	болсын	32
әңгіме	керек	44
әңгіме	ғой	39
әңгіме	болып	62
әңгіме	айт	45
әңгіме	айтып	11
әңгіме	көп	13
әңгіме	боп	58
әңгіме	барма	67
әңгіме	айта	68
әңгіме	болған	36
әңгіме	айтам	66
әңгіме	айтшы	59
әңгіме	айтқан	40
әңгіме	айтсай	55
әңгіме	айтпа	14
әңгіме	қылып	67
әңгіме	айтайын	56
әңгіме	айтады	60
әңгіме	жоққо	62
әңгіме	айтпай	64
әңгіме	айтатын	62
әңгіме	айту	39
әңгіме	соғып	57
әңгіме	чат	65
әңгіме	айтуға	62
әңгіме	айтыңыз	60
әңгіме	айтамыз	49
әңгіме	айтқым	45
әңгіме	бастады	67
әңгіме	айтыңдар	44
әңгіме	айтайық	60
әңгіме	дүкен	40
жеп	ал	60
жеп	алып	35
жеп	болып	44
жеп	жатыр	50
жеп	кет	25
жеп	кетті	67
жеп	бара	69
жеп	жатырмын	63
жеп	ішіп	57
жеп	едім	61
жеп	көрем	66
жеп	жүр	48
жеп	отыр	53
жеп	отырмын	34
жеп	болған	44
жеп	көріп	65
жеп	жатқан	59
жеп	жүре	56
жеп	жүрген	69
жеп	жеп	56
жеп	алды	54
жеп	алдым	55
жеп	алайын	46
жеп	қойып	55
жеп	қоя	67
жеп	қойды	67
жеп	қойдым	33
жеп	жатырмыз	56
жеп	отырған	66
жеп	қойған	65
жеп	алдық	52
жеп	тұрғанда	49
жеп	жеңіл	66
жеп	қоятын	64
оған	?	68
оған	мен	54
оған	қалай	38
оған	сен	46
оған	керек	53
оған	бір	48
оған	енді	52
оған	ол	58
оған	да	60
оған	неге	20
оған	менің	55
оған	деген	60
оған	емес	53
оған	кім	42
оған	айт	52
оған	айтып	68
оған	көп	58
оған	барып	59
оған	ақша	68
оған	қанша	32
оған	бәрі	58
оған	қандай	63
оған	басқа	65
оған	жазып	68
оған	қатты	66
оған	ештеңе	68
оған	дейін	50
оған	жауап	14
оған	қарап	67
оған	ешкім	62
оған	дым	55
оған	уақыт	63
оған	айттым	57
оған	бәрібір	60
оған	қарсы	55
оған	мән	67
оған	қоса	64
оған	диін	66
оған	деиін	49
оған	сенбесеңде	65
өмір	мен	64
өмір	де	66
өмір	қалай	63
өмір	жоқ	68
өмір	ғой	51
өмір	бір	29
өмір	деген	66
өмір	ай	39
өмір	солай	38
өмір	алма	62
өмір	берсін	57
өмір	болған	40
өмір	өмір	67
өмір	тілеймін	52
өмір	қызық	27
өмір	өтіп	65
өмір	жолы	63
өмір	жасы	68
өмір	бойы	10
өмір	жасың	20
өмір	жасын	11
өмір	жасыңыз	44
өмір	атты	17
өмір	сүре	66
өмір	сүріп	23
өмір	жастары	20
өмір	бақи	56
өмір	сүру	29
өмір	сүргім	31
өмір	жастарың	36
өмір	сүруге	61
өмір	сүрген	42
өмір	сүрем	50
өмір	сүреді	53
өмір	сүреміз	55
өмір	сүруді	61
өмір	сүріңдер	65
күт	деп	65
күт	енді	19
күт	мені	26
күтіп	ал	19
күтіп	алып	45
күтіп	жатыр	42
күтіп	тұр	44
күтіп	жатырмын	30
күтіп	ала	43
күтіп	едім	51
күтіп	жүр	58
күтіп	отыр	36
күтіп	отырмын	17
күтіп	жатқан	11
күтіп	жүре	65
күтіп	жүрген	67
күтіп	күтіп	47
күтіп	алам	42
күтіп	алды	35
күтіп	алу	51
күтіп	тұрған	53
күтіп	шаршап	63
күтіп	шығарып	67
күтіп	алайын	65
күтіп	жүрсің	58
күтіп	жүрмін	68
күтіп	алатын	27
күтіп	аласың	43
күтіп	алады	53
күтіп	отырған	41
күтіп	отыра	50
күтіп	аласыз	61
күтіп	аламыз	68
күтіп	тұрмын	51
күтіп	аламын	30
күтіп	алуға	51
күтіп	отырсың	53
күтіп	жүрміз	69
күтіп	тұрмыз	56
күтіп	тұрғанын	64
вообще	?	67
вообще	мен	39
вообще	жоқ	57
вообще	керек	39
вообще	ол	69
вообще	адам	66
вообще	ақша	67
вообще	күшті	66
вообще	басқа	42
вообще	жаман	58
вообще	ештеңе	63
вообще	дым	66
вообще	ұмытып	66
вообще	жазбай	67
алп	ал	67
алп	кет	54
алп	кетті	40
алп	кел	51
алп	келе	39
алп	бер	48
алп	барам	49
алп	кеткен	65
алп	алп	58
алп	алам	56
алп	таста	66
алп	тастап	52
алп	алу	64
алп	кете	65
алп	кетем	43
алп	берген	31
алп	келем	65
алп	келп	58
алп	кетсе	62
алп	кетші	68
алп	кетет	69
алп	кету	55
алп	кетуге	62
где	?	65
где	мама	12
где	все	60
где	там	44
где	он	63
где	же	37
где	есть	61
где	будет	55
где	был	69
где	была	64
где	актив	66
где	именно	18
где	купить	67
где	живешь	61
болма	деп	48
болмай	жатыр	19
болмай	тұр	13
болмай	ақ	11
болмай	кетті	40
болмай	бара	24
болмай	жүр	57
болмай	отыр	32
болмай	қалды	53
болмай	жатқан	19
болмай	жатып	67
болмай	тұрған	60
болмай	қалып	64
болмай	жатса	59
болмай	калган	36
болмай	қалады	62
болмай	жатырма	37
болмай	қалса	69
болмай	тұрғанда	49
ассалам	жақсы	66
ассалам	!	19
ассалам	қалайсың	19
ассалам	рахмет	40
ассалам	шүкір	54
ассалам	аллаға	16
ассалам	брат	42
ассалам	бауырым	65
ассалам	алейкум	51
ассалам	рахматуллахи	7
осында	айта	62
осында	болам	34
осында	жаза	32
осындай	жақсы	19
осындай	деп	62
осындай	бар	53
осындай	керек	36
осындай	ғой	44
осындай	бір	60
осындай	да	52
осындай	алып	49
осындай	болып	52
осындай	болды	20
осындай	екен	54
осындай	адам	61
осындай	болса	60
осындай	болады	42
осындай	боп	39
осындай	бала	39
осындай	барма	68
осындай	қыз	47
осындай	кезде	54
осындай	шығып	26
осындай	ала	66
осындай	сияқты	68
осындай	болған	60
осындай	жасап	66
осындай	видео	68
осындай	машина	44
осындай	жерде	65
осындай	әдемі	66
осындай	заказ	56
осындай	болама	66
осындай	керемет	65
осындай	әңгіме	61
осындай	осындай	62
осындай	жерге	59
осындай	жағдай	61
осындай	алу	46
осындай	сөз	64
осындай	жігіт	64
осындай	адамдар	68
осындай	болу	68
осындай	қылып	44
осындай	уақытта	47
осындай	көйлек	49
осындай	заттар	55
осындай	сөздер	68
осындай	видеолар	65
болмас	еді	67
болмас	үшін	12
болмаса	?	16
болмаса	мен	65
болмаса	жақсы	30
болмаса	деп	67
болмаса	қалай	65
болмаса	сен	67
болмаса	керек	50
болмаса	бір	56
болмаса	ол	39
болмаса	өзің	64
болмаса	да	57
болмаса	неге	33
болмаса	маған	60
болмаса	алып	49
болмаса	болды	62
болмаса	екен	46
болмаса	осы	57
болмаса	менде	52
болмаса	ертең	61
болмаса	мені	34
болмаса	менің	65
болмаса	бүгін	60
болмаса	айт	65
болмаса	барып	68
болмаса	ертен	67
болмаса	кешке	52
болмаса	бәрі	56
болмаса	қазір	67
болмаса	басқа	65
болмаса	үйге	39
болмаса	азанда	67
болмаса	болмайды	64
болмаса	келесі	60
болмаса	қиын	66
болмаса	қоя	64
болмаса	былай	60
болмаса	арғы	66
мың	мен	68
мың	деп	61
мың	бар	35
мың	керек	31
мың	ғой	37
мың	шүкір	62
мың	бір	47
мың	да	48
мың	алып	47
мың	болып	48
мың	болды	60
мың	екен	58
мың	деген	51
мың	адам	65
мың	болса	60
мың	болады	44
мың	ақша	51
мың	барма	56
мың	екі	50
мың	салып	67
мың	сұрап	40
мың	беріп	59
мың	ғана	48
мың	қалды	50
мың	тауып	62
мың	дейді	43
мың	есе	60
мың	рет	47
мың	нан	33
мың	кредит	62
мың	қосып	64
мың	берді	68
мың	жерден	64
мың	теңге	67
мың	бес	15
мың	салдым	67
мың	бердім	65
мың	аударып	66
мың	қарыз	65
мың	жарым	66
мың	жылдық	60
мың	алғыс	33
мың	қырық	23
мың	доллар	57
мың	теңгеге	67
мың	теңгеден	60
мың	теңгені	64
мың	теңгесі	55
мың	теңгесін	68
алам	?	65
алам	мен	55
алам	деп	39
алам	сен	13
алам	ғой	63
алам	енді	28
алам	ол	62
алам	да	68
алам	ертең	54
алам	деген	67
алам	сені	25
алам	ау	62
алам	бірақ	39
алам	бұйырса	67
алам	дейді	55
алам	десе	49
алам	десем	50
алам	деді	61
алам	десең	58
алам	десен	47
алам	дегенше	56
алам	десеңіз	64
алам	деушілер	56
алам	десеңіздер	41
алматы	?	63
алматы	мен	45
алматы	деп	60
алматы	қалай	44
алматы	өзің	64
алматы	да	65
алматы	или	19
алматы	алматы	61
алматы	шымкент	53
алматы	дан	60
алматы	астана	55
алматы	тараз	53
алматы	облысы	50
алматы	қаласынан	29
алматы	арена	53
шай	мен	50
шай	деп	62
шай	бар	66
шай	бер	66
шай	ішіп	66
шай	тамақ	7
шай	беріп	20
шай	жасап	22
шай	ла	56
шай	қойып	49
шай	қоя	36
шай	берейін	49
шай	беру	61
шай	дайындап	67
шай	құйып	43
шай	іше	58
шай	іштің	47
шай	ішкен	53
шай	ішу	61
шай	ішеміз	58
шай	ішетін	36
шай	іштім	49
шай	ішкім	65
шай	тамағын	68
шай	ішуге	60
шай	ішейін	49
шай	ішейік	33
шай	іштік	24
туылған	күн	66
туылған	күні	19
туылған	күнің	9
туылған	күніңмен	11
туылған	күнде	7
туылған	күнге	65
туылған	күнін	30
туылған	күніне	41
туылған	күнім	24
туылған	күніңіз	35
туылған	күніңізбен	18
туылған	күнді	13
туылған	күндері	61
туылған	күндерің	69
туылған	күніме	42
туылған	күнімен	43
туылған	күндеріңіз	45
туылған	күніңе	62
туылған	кунің	55
туылған	күнінде	50
туылған	күнімді	56
туылған	күніңді	62
туылған	күнімде	61
туылған	куніңмен	57
туылған	күндеріңмен	58
туылған	күніңде	57
жұмысқа	?	68
жұмысқа	деп	46
жұмысқа	енді	65
жұмысқа	да	54
жұмысқа	алып	60
жұмысқа	адам	53
жұмысқа	барып	46
жұмысқа	қашан	22
жұмысқа	кетті	39
жұмысқа	келіп	34
жұмысқа	келе	51
жұмысқа	бара	58
жұмысқа	шығып	20
жұмысқа	кетіп	17
жұмысқа	барам	19
жұмысқа	кеткен	39
жұмысқа	кіріп	59
жұмысқа	нешеде	36
жұмысқа	келдім	64
жұмысқа	кеттім	45
жұмысқа	түсіп	58
жұмысқа	кетем	62
жұмысқа	апарып	51
жұмысқа	баратын	68
жұмысқа	кетеді	58
жұмысқа	барады	56
жұмысқа	бару	66
жұмысқа	шақырып	56
жұмысқа	шығасың	43
жұмысқа	барған	48
жұмысқа	барамын	55
жұмысқа	шық	61
жұмысқа	шықтым	62
жұмысқа	барайын	52
жұмысқа	келдің	55
жұмысқа	барғанда	67
жұмысқа	шықпай	51
жұмысқа	барасың	58
жұмысқа	шығатын	46
жұмысқа	бармай	55
жұмысқа	шықтың	62
жұмысқа	дайындалып	33
жұмысқа	шығамын	54
жұмысқа	бардың	50
жұмысқа	тұру	54
жұмысқа	кіру	66
жұмысқа	шықтыңыз	58
жұмысқа	орналасып	62
жұмысқа	қосылу	67
аз	деп	67
аз	ғой	37
аз	да	37
аз	болып	48
аз	болды	23
аз	екен	51
аз	емес	35
аз	адам	36
аз	болса	47
аз	болады	27
аз	ақ	45
аз	ақша	57
аз	боп	49
аз	еді	35
аз	күн	55
аз	сияқты	62
аз	болған	59
аз	ғана	59
аз	қалды	38
аз	аз	18
аз	уақыт	51
аз	болсада	36
аз	емеспа	43
аз	қалыпты	56
аз	аздан	58
аз	қамтылған	38
аза	мен	61
аза	тұту	34
азан	мен	19
азан	да	15
азан	шақырып	14
азанда	мен	14
азанда	бір	54
азанда	да	52
азанда	маған	61
азанда	алып	67
азанда	ерте	50
азанда	жұмыс	15
азанда	барып	34
азанда	кешке	41
азанда	кел	57
азанда	келіп	65
азанда	келе	62
азанда	бара	64
азанда	шығып	65
азанда	кетіп	57
азанда	салып	58
азанда	барам	58
азанда	ғана	43
азанда	ұйықтап	66
азанда	сағат	65
азанда	жұмысқа	52
азанда	азанда	45
азанда	нешеде	66
азанда	барамыз	38
азанда	звандап	64
азанда	кетем	66
азанда	апарып	65
азанда	қалаға	62
азанда	жазам	58
азанда	ертерек	64
азанда	тұра	46
азанда	барамын	56
азанда	барсам	65
азанда	шығамыз	68
азанда	қаншада	64
тебе	?	58
тебе	!	18
тебе	как	53
тебе	все	52
тебе	за	50
тебе	же	48
тебе	всё	45
тебе	еще	66
тебе	есть	67
тебе	будет	60
тебе	было	57
тебе	дам	63
тебе	всего	61
тебе	зовут	56
тебе	говорю	48
рет	мен	67
рет	деп	67
рет	болсын	62
рет	бір	42
рет	алып	63
рет	болып	59
рет	болды	65
рет	емес	66
рет	болса	47
рет	айтып	67
рет	барып	51
рет	қашан	46
рет	келіп	46
рет	солай	62
рет	шығып	68
рет	жазып	67
рет	сұрап	60
рет	көріп	66
рет	ғана	38
рет	айтам	65
рет	звандап	56
рет	айттым	61
рет	болсада	42
рет	көрдім	65
рет	жаздым	54
рет	естіп	65
рет	қана	41
рет	бардым	35
рет	ретімен	59
бірі	болып	67
бірі	бұның	22
бірі	жамал	14
бірін	жақсы	12
бірін	бірі	18
бірінші	мен	13
бірінші	сен	40
бірінші	өзің	39
бірінші	маған	62
бірінші	алып	52
бірінші	болып	67
бірінші	мені	33
бірінші	сені	63
бірінші	адам	67
бірінші	саған	64
бірінші	алла	57
бірінші	барып	62
бірінші	ақша	62
бірінші	боп	67
бірінші	күн	56
бірінші	жазып	42
бірінші	күні	59
бірінші	рет	19
бірінші	тұрған	12
бірінші	сабақ	56
бірінші	орын	59
бірінші	біліп	45
бірінші	күнге	59
бірінші	күннен	65
бірінші	комиссия	64
бірінші	көргенде	22
бірінші	ашам	55
бірінші	орында	59
бірінші	сыныпқа	47
бірінші	орынға	63
бірінші	қыркүйек	57
бізді	де	51
бізді	неге	19
бізді	алып	43
бізді	кім	20
бізді	ала	41
бізді	күтіп	37
бізді	тастап	33
бізді	ұмытып	31
бізді	апарып	31
біздің	де	43
біздің	бір	46
біздің	мама	60
біздің	жұмыс	39
біздің	бала	57
біздің	қыз	50
біздің	үй	47
біздің	үйде	29
біздің	үйге	18
біздің	папа	16
біздің	қыздар	54
біздің	машина	40
біздің	ата	67
біздің	ауыл	66
біздің	ауылға	50
біздің	жақта	51
біздің	балдар	50
біздің	ауылда	40
біздің	жаққа	37
біздің	жігіттер	52
біздің	балалар	60
біздің	көрші	63
біздің	мектепке	66
біздің	көшеге	63
біздің	үйді	66
біздің	үйдің	62
біздің	көшеде	30
біздің	үйден	60
біздің	мектепте	45
біздің	ауылдан	44
біздің	үйдегі	65
біздің	үйдегілер	62
біздің	ауылдың	65
біздің	арамызда	41
біздің	сыныпта	66
біздің	мектептің	58
біздің	елде	64
біздің	қасымызда	63
біздің	конкурстан	63
біздің	сыныптағы	23
біздің	сыныптың	68
олай	?	67
олай	мен	56
олай	деп	63
олай	керек	38
олай	да	63
олай	маған	56
олай	болып	67
олай	болды	51
олай	деген	59
олай	емес	58
олай	істеп	15
олай	болса	59
олай	болады	33
олай	айтып	67
олай	көп	47
олай	қатты	67
олай	жаман	53
олай	айта	61
олай	жасап	46
олай	жүре	60
олай	болмаса	63
олай	өтірік	64
олай	болмайды	67
олай	айтқан	19
олай	айтпа	53
олай	жасай	28
олай	дедің	55
олай	дейсің	55
олай	істеме	38
олай	деме	66
олай	айтуға	34
олай	ойлайсың	55
олай	жасама	49
олай	демеш	66
олай	айтпадым	62
олай	ойлама	67
олай	айтпашы	53
олай	демеші	61
олай	демеңіз	66
кір	деп	66
кір	болып	22
кір	боп	38
кір	салып	45
кір	үйге	47
кір	машина	41
кір	кір	29
кір	жуып	20
кір	жуу	11
кір	сабын	33
кір	жайып	18
кір	жуатын	40
кір	жуам	38
кір	жуайын	46
кір	жудым	37
кір	сабынмен	43
кіріп	бір	46
кіріп	ал	53
кіріп	алып	61
кіріп	жатыр	44
кіріп	тұр	40
кіріп	кет	56
кіріп	кетті	67
кіріп	келе	25
кіріп	бара	36
кіріп	жатырмын	36
кіріп	шығып	36
кіріп	кетіп	19
кіріп	едім	44
кіріп	жүр	55
кіріп	отыр	57
кіріп	отырмын	54
кіріп	көріп	55
кіріп	қарап	67
кіріп	жатқан	66
кіріп	келген	62
кіріп	кеткен	60
кіріп	жүрген	31
кіріп	алдым	55
кіріп	кеттім	67
кіріп	кете	35
кіріп	кетем	50
кіріп	алған	62
кіріп	алайын	66
кіріп	кетеді	61
кіріп	шықтым	59
кіріп	кеттің	53
кіріп	шығамыз	59
кіріп	кетсе	40
кіріп	кеттік	61
кіріп	шығатын	62
кіріп	кетіпті	64
кіріп	шығамын	60
кіріп	шықтық	63
кіріп	шығайық	67
кіріп	кетейік	48
кіріп	тапсырмаларды	60
кіріп	алсаңдар	59
әмин	!	56
әмин	рахмет	13
әмин	жаным	15
әмин	алла	36
әмин	рақмет	54
әмин	бірге	11
әмин	әмин	65
әмин	қабыл	14
әмин	айтқаның	62
әмин	айтқаныңыз	20
әмин	баршамызға	26
өтініш	?	50
өтініш	мен	48
өтініш	деп	50
өтініш	!	57
өтініш	бар	27
өтініш	керек	41
өтініш	жаным	64
өтініш	бір	56
өтініш	маған	57
өтініш	болып	43
өтініш	мені	19
өтініш	бүгін	63
өтініш	алла	66
өтініш	айтып	66
өтініш	боп	54
өтініш	жазып	50
өтініш	жасап	46
өтініш	жауап	53
өтініш	өтініш	63
өтініш	сізден	9
өтініш	анаң	40
жана	мен	48
жана	сен	52
жана	бір	57
жана	мама	51
жана	айтып	63
жана	барып	65
жана	келіп	63
жана	кеп	49
жана	бақыт	61
жана	берсін	58
жана	көріп	43
жана	ғана	64
жана	келді	27
жана	келдім	63
жана	жыл	34
жана	звандап	29
жана	жылы	66
жана	болдым	57
жана	келдік	64
жана	тұрдым	61
жана	жасын	49
жана	табыс	55
жана	жылда	43
жана	пост	49
жана	жылға	65
жана	жылды	60
жана	жылын	49
жана	жылың	26
жана	жылыңмен	53
жана	жылдарың	19
жана	жылдарыңмен	63
жана	жылдарыңыз	34
жана	жылдарыңызбен	59
жана	жылыңыз	38
жана	жылыңызбен	55
жана	рекорд	30
жана	жылымыз	49
жана	жылдарынмен	60
сөйлес	деп	20
сөйлесіп	ал	15
сөйлесіп	жатыр	59
сөйлесіп	жатсың	34
сөйлесіп	келе	14
сөйлесіп	жатырмын	65
сөйлесіп	едім	31
сөйлесіп	көр	56
сөйлесіп	көрем	43
сөйлесіп	жүр	56
сөйлесіп	отыр	38
сөйлесіп	отырмын	40
сөйлесіп	жатқан	39
сөйлесіп	жүре	41
сөйлесіп	жүрген	51
сөйлесіп	жүріп	17
сөйлесіп	алайын	56
сөйлесіп	жүрсің	53
сөйлесіп	жатсыз	32
сөйлесіп	қойдым	51
сөйлесіп	жүрмін	54
сөйлесіп	көрші	54
сөйлесіп	журген	56
сөйлесіп	отырған	59
сөйлесіп	отыра	59
сөйлесіп	көрейін	59
сөйлесіп	көру	39
сөйлесіп	отырсың	59
сөйлесіп	жүргенде	19
сөйлесіп	көріңіз	63
сөйлесіп	көрейік	64
сөйлесіп	жүрсіңба	47
ауыл	?	62
ауыл	мен	40
ауыл	жақсы	40
ауыл	деп	48
ауыл	қалай	45
ауыл	бар	36
ауыл	да	44
ауыл	деген	46
ауыл	емес	41
ауыл	аман	41
ауыл	қашан	43
ауыл	тыныш	37
ауыл	жақта	45
ауыл	жаққа	44
ауыл	ыстық	23
ауыл	арасы	47
ауыл	ел	19
ауыл	береке	19
ауыл	аманба	35
ауыл	арасына	45
ауыл	тұрғындары	39
ауыл	аймақ	24
ауыл	квота	29
ауыл	берекеге	49
ауыл	шаруашылығы	46
ауылға	?	48
ауылға	деп	45
ауылға	бір	65
ауылға	енді	50
ауылға	да	61
ауылға	алып	65
ауылға	ертең	49
ауылға	барып	64
ауылға	аман	17
ауылға	қашан	62
ауылға	кетті	18
ауылға	кел	49
ауылға	келіп	55
ауылға	келе	29
ауылға	бара	38
ауылға	шығып	37
ауылға	кетіп	48
ауылға	барам	19
ауылға	кеп	32
ауылға	машина	45
ауылға	келді	56
ауылға	келген	66
ауылға	такси	49
ауылға	кеткен	18
ауылға	келдім	61
ауылға	барамыз	46
ауылға	кетем	50
ауылға	апарып	42
ауылға	келем	55
ауылға	баратын	64
ауылға	келесің	48
ауылға	орын	56
ауылға	келгенде	60
ауылға	қайтып	44
ауылға	бару	41
ауылға	жетіп	58
ауылға	барған	56
ауылға	барамын	47
ауылға	келетін	62
ауылға	барсам	59
ауылға	барайын	53
ауылға	келдің	56
ауылға	барғанда	39
ауылға	барасың	32
ауылға	шығатын	62
ауылға	кететін	64
ауылға	барғым	60
ауылға	көлік	60
ауылға	кетеміз	39
ауылға	келсең	62
ауылға	келгем	62
ауылға	келдіңба	62
ауылға	барғасын	61
ауылға	қайтатын	51
алды	?	43
алды	мен	33
алды	деп	45
алды	ғой	18
алды	енді	19
алды	да	48
алды	екен	32
алды	деген	48
алды	ау	53
алды	арты	52
алды	артын	39
алдын	?	43
алдын	мен	33
алдын	деп	45
алдын	сен	56
алдын	бір	52
алдын	да	34
алдын	алып	22
алдын	айтып	51
алдын	ала	46
алдын	күні	9
алдын	алу	20
алдын	айтқан	41
алдында	мен	57
алдында	сен	34
алдында	бір	41
алдында	да	25
алдында	маған	30
алдында	алып	54
алдында	осы	58
алдында	мені	64
алдында	мама	66
алдында	адам	65
алдында	саған	66
алдында	тұр	60
алдында	айтып	54
алдында	барып	36
алдында	аман	59
алдында	екі	50
алдында	солай	64
алдында	біз	59
алдында	отыр	62
алдында	отырмын	59
алдында	ғана	55
алдында	жауап	50
алдында	ойнап	52
алдында	күтіп	61
алдында	тұрған	63
алдында	алған	61
алдында	айттым	62
алдында	айтқан	56
алдында	тұрмын	49
алдында	күліп	57
жерге	?	63
жерге	бір	57
жерге	алып	62
жерге	барып	58
жерге	келіп	16
жерге	келе	37
жерге	бара	60
жерге	шығып	38
жерге	жазып	54
жерге	кетіп	64
жерге	салып	41
жерге	барам	63
жерге	кеп	44
жерге	дейін	45
жерге	қарап	46
жерге	жұмысқа	64
жерге	кіріп	65
жерге	тастап	46
жерге	жатып	57
жерге	барамыз	39
жерге	түсіп	39
жерге	апарып	59
жерге	баратын	45
жерге	қойып	50
жерге	барады	53
жерге	бару	63
жерге	жетіп	33
жерге	барған	61
жерге	барайын	63
жерге	келдің	56
жерге	барғанда	35
жерге	барайық	64
жерге	тығып	50
жерге	жеттің	60
жерге	келдіңіз	52
жерге	баруым	59
жерге	келдіңдер	58
жерге	жеттіңдер	41
олар	?	58
олар	мен	54
олар	жақсы	41
олар	қалай	66
олар	сен	66
олар	жоқ	63
олар	рахмет	55
олар	бір	54
олар	енді	50
олар	да	53
олар	неге	26
олар	маған	59
олар	ертең	38
олар	мені	63
олар	менің	38
олар	емес	49
олар	сені	57
олар	саған	48
олар	бүгін	52
олар	кеше	62
олар	қашан	66
олар	үшін	58
олар	басқа	47
олар	үйде	56
олар	солай	64
олар	қайда	63
олар	сенің	54
олар	кетіп	63
олар	сияқты	57
олар	айта	63
олар	ұйықтап	64
олар	сондай	65
олар	бізді	63
олар	менен	65
олар	өздері	64
олар	бізге	40
олар	бөлек	64
қайт	деп	65
қайт	енді	14
қайт	үйге	25
қайт	қайт	15
қайта	мен	29
қайта	жақсы	57
қайта	сен	49
қайта	бір	58
қайта	маған	66
қайта	алып	65
қайта	айтып	62
қайта	барып	56
қайта	келіп	60
қайта	шығып	58
қайта	жазып	53
қайта	бер	49
қайта	салып	45
қайта	алмай	53
қайта	сұрап	50
қайта	ауырып	44
қайта	айта	62
қайта	ұйықтап	57
қайта	қарап	60
қайта	жіберші	55
қайта	кіріп	57
қайта	қайта	60
қайта	звандап	9
қайта	жібере	38
қайта	берейін	61
қайта	сұрай	58
жақта	?	65
жақта	мен	35
жақта	деп	52
жақта	жоқ	59
жақта	бар	54
жақта	ғой	47
жақта	бір	62
жақта	ол	38
жақта	да	63
жақта	болып	39
жақта	екен	65
жақта	емес	51
жақта	кім	60
жақта	адам	58
жақта	тұр	58
жақта	болады	61
жақта	жұмыс	60
жақта	көп	40
жақта	бәрі	63
жақта	күн	65
жақта	келе	64
жақта	жүр	61
жақта	ешкім	38
жақта	жүре	58
жақта	жүрген	62
жақта	болам	55
жақта	жүріп	52
жақта	болу	59
жақта	жүрсің	65
жақта	қалып	48
жақта	жүрмін	66
жақта	тұрады	57
жақта	тұрасың	49
без	вас	34
без	интернет	58
без	газ	62
без	проблема	59
без	конца	62
без	доп	57
без	игнор	48
без	звук	60
без	микро	42
без	денег	62
без	эффект	55
без	интернета	45
без	звука	34
без	газа	34
без	выходных	51
без	цензура	62
тас	бар	47
тас	болып	19
тас	боп	24
тас	барма	33
тас	жүрек	14
тас	жолы	18
тас	түскен	36
таста	мен	36
таста	деп	42
тастап	жатыр	17
тастап	кет	51
тастап	кетті	27
тастап	бара	18
тастап	кетіп	64
тастап	едім	27
тастап	кеткен	42
тастап	кеттім	18
тастап	кете	29
тастап	кетем	18
тастап	кетеді	20
тастап	қойдым	40
тастап	кеттің	59
тастап	кетсе	41
тастап	кетші	45
тастап	кетет	58
тастап	кетіпті	49
тастап	кететін	53
тастап	кетпе	44
тастап	кетсем	59
тастап	кету	49
тастап	кетесің	48
тастап	кетейін	46
тастап	кетеміз	50
тастап	кеткенде	65
тастап	кетер	64
тастап	кеткем	64
тастап	кеттіма	44
тастап	кетемін	62
тастап	кетсең	60
тастап	кетуге	61
тастап	кетсен	60
тастап	жүрмеңіз	63
түнде	?	66
түнде	мен	60
түнде	жақсы	55
түнде	де	57
түнде	қалай	37
түнде	сен	54
түнде	бір	66
түнде	неге	47
түнде	алып	54
түнде	ерте	57
түнде	или	54
түнде	жұмыс	66
түнде	барып	64
түнде	кеш	58
түнде	келіп	39
түнде	шығып	55
түнде	жазып	58
түнде	қайда	61
түнде	бірақ	61
түнде	кетіп	56
түнде	үйге	66
түнде	барам	59
түнде	ғана	58
түнде	ұйықтап	47
түнде	сағат	36
түнде	жай	59
түнде	келді	62
түнде	тыныш	62
түнде	келеді	66
түнде	нешеде	60
түнде	келдім	50
түнде	келем	59
түнде	жазам	63
түнде	ұйқы	63
түнде	көшеге	64
түнде	ұйықтай	63
түнде	қызықтың	55
когда	?	58
когда	мен	20
когда	сен	58
когда	мама	48
когда	все	55
когда	он	49
когда	есть	20
когда	тебе	54
когда	будет	47
когда	дома	25
когда	его	63
когда	буду	60
когда	был	60
когда	будем	64
когда	домой	65
когда	будешь	35
когда	будете	44
когда	встретимся	57
когда	выйдет	57
вот	мен	57
вот	сен	39
вот	енді	48
вот	осы	53
вот	менде	40
вот	как	65
вот	солай	44
вот	он	60
вот	осылай	47
вот	тебе	61
вот	вот	48
вот	бы	46
вот	вам	50
вот	именно	65
вот	думаю	15
вот	здесь	57
вот	видишь	65
қалайсыздар	?	66
қалайсыздар	мен	7
қалайсыздар	жақсы	60
қалайсыздар	!	49
қалайсыздар	рахмет	29
қалайсыздар	мама	55
қалайсыздар	құтты	55
қалайсыздар	аман	52
қалайсыздар	апа	56
қалайсыздар	қалайсыңдар	61
қалайсыздар	қыздар	59
қалайсыздар	жаңа	50
қалайсыздар	әпше	63
қалайсыздар	амансыңдарма	66
қалайсыздар	женше	57
қалайсыздар	амансыздарма	63
қалайсыздар	жағдайларыңыз	14
здравствуй	!	46
здравствуйте	?	10
здравствуйте	!	59
здравствуйте	да	10
здравствуйте	как	49
здравствуйте	еще	37
здравствуйте	есть	63
здравствуйте	здравствуйте	62
здравствуйте	реклама	66
жатып	жақсы	62
жатып	бір	21
жатып	алып	64
жатып	ерте	26
жатып	тұр	58
жатып	ап	22
жатып	едім	63
жатып	ұйықтап	63
жатып	қалды	36
жатып	жүрген	36
жатып	алды	65
жатып	жатып	65
жатып	дем	37
жатып	демал	56
жатып	алған	40
жатып	демалып	58
жатып	қалып	44
жатып	жайлы	52
жатып	қалдың	11
жатып	калган	26
жатып	қалдық	63
жатып	тұрдың	53
жатып	тұрыңыз	54
жатып	қалдыңыз	43
жатып	қалдыңдар	60
али	?	65
али	мен	54
али	де	39
али	бар	63
али	ерте	58
али	деген	61
али	келген	53
али	али	63
али	кз	59
нешеде	?	64
нешеде	деп	17
нешеде	алып	60
нешеде	екен	58
нешеде	болады	60
нешеде	еді	51
нешеде	шығып	65
нешеде	неше	65
нешеде	келеді	63
нешеде	барамыз	37
нешеде	дайын	43
нешеде	келесің	63
нешеде	бару	19
нешеде	шығасың	54
нешеде	барайын	14
нешеде	шығамыз	43
нешеде	барасың	24
нешеде	шығатын	49
нешеде	тұрасың	65
нешеде	келесіз	58
нешеде	қайтасың	44
нешеде	басталады	49
нешеде	тұрдың	50
нешеде	бітеді	52
нешеде	келесіңдер	55
нешеде	шығасыз	61
нешеде	ұйықтайсың	47
нешеде	шығасыңдар	53
күнің	мен	43
күнің	жақсы	36
күнің	!	48
күнің	қалай	50
күнің	бар	18
күнің	құтты	50
күнің	қашан	3
күнің	сәтті	21
күнің	кұтты	17
күніңмен	деп	14
күніңмен	!	56
күніңмен	жаным	15
күніңмен	құтты	19
күніңмен	бақытты	57
күніңмен	брат	62
күніңмен	досым	65
күніңмен	өмір	49
күніңмен	бауырым	58
күніңмен	братан	33
күніңмен	ботам	62
күніңмен	құттықтаймын	59
күніңмен	денің	5
күніңмен	деппа	59
күніңмен	айсулу	19
күніңмен	құттықтаймыз	49
күніңмен	еркемай	44
келдім	мен	35
келдім	деп	40
келдім	ғой	26
келдім	жаным	28
келдім	енді	38
келдім	өзің	46
келдім	осы	62
келдім	бүгін	63
келдім	қазір	59
келдім	үйге	53
келдім	жұмысқа	18
келдім	ауылға	62
келдім	жұмыстан	62
аш	деп	51
аш	болып	24
аш	емес	31
аш	болса	30
аш	боп	41
аш	аш	42
аш	жүрме	33
аш	қарынға	43
ашып	алып	19
ашып	жатыр	53
ашып	тұр	18
ашып	айтып	27
ашып	кетті	62
ашып	жатырмын	16
ашып	бер	63
ашып	қой	63
ашып	жүр	57
ашып	отыр	54
ашып	көріп	36
ашып	қарап	65
ашып	жатқан	60
ашып	кеткен	55
ашып	жүрген	41
ашып	алдым	59
ашып	алу	62
ашып	тұрған	65
ашып	берген	63
ашып	қойып	63
ашып	берші	58
ашып	қоя	63
ашып	кетеді	65
ашып	қойдым	52
ашып	жауып	53
ашып	беріңізші	64
ашып	жұмғанша	59
тіл	мен	56
тіл	көз	32
тіл	көзім	22
тіл	көзден	30
тіл	мерекесі	6
тіл	табысып	18
тіл	табыса	20
тіл	мерекесіне	35
тілеймін	!	16
тілеймін	жаным	7
тілеймін	саған	22
тілеймін	аман	61
тілеймін	бақытты	47
тілеймін	әрқашан	43
уақыт	?	13
уақыт	жоқ	58
уақыт	бар	13
уақыт	керек	19
уақыт	болып	29
уақыт	болды	40
уақыт	деген	19
уақыт	емес	45
уақыт	болса	64
уақыт	болады	35
уақыт	көп	55
уақыт	боп	58
уақыт	барма	63
уақыт	кетіп	65
уақыт	тез	59
уақыт	болған	42
уақыт	қалды	50
уақыт	тауып	61
уақыт	келді	39
уақыт	болмай	60
уақыт	аз	17
уақыт	өте	54
уақыт	болмайды	30
уақыт	өтіп	61
уақыт	кетеді	25
уақыт	өткен	55
уақыт	болсада	59
уақыт	таппай	65
уақыт	намаз	60
уақыт	алады	63
уақыт	бөле	61
уақыт	болғанда	60
уақыт	жоққо	62
уақыт	бөліп	63
уақыт	болмады	53
уақыт	өткізіп	44
уақыт	ыңғайлы	46
уақыт	өтпей	64
уақыт	өткізу	51
уақыт	емші	52
уақыт	көрсетеді	55
уақыт	зымырап	41
уақыт	көрсетер	54
сода	бар	63
содан	?	17
содан	мен	51
содан	ғой	48
содан	бір	57
содан	енді	55
содан	ол	56
содан	да	59
содан	алып	51
содан	басқа	47
содан	шығып	44
содан	ала	53
содан	кейін	55
содан	сұрап	12
содан	бері	45
содан	беріп	20
содан	соң	54
содан	бастап	19
содан	ары	51
содан	қорқып	55
содан	киін	53
содан	бери	40
ки	деп	62
кино	?	20
кино	бар	47
кино	болып	47
кино	боп	57
кино	көр	61
кино	көрем	40
кино	көріп	53
кино	қарап	14
кино	аты	30
кино	қазақша	62
кино	шолу	45
менен	жақсы	59
менен	де	39
менен	деп	31
менен	бір	64
менен	неге	40
менен	алып	48
менен	сәлем	50
менен	ерте	51
менен	емес	65
менен	саған	50
менен	көп	54
менен	ақша	51
менен	бас	45
менен	басқа	64
менен	қатты	17
менен	кейін	63
менен	сұрап	36
менен	ештеңе	31
менен	көріп	55
менен	әдемі	51
менен	үлкен	65
менен	алдын	41
менен	алдым	62
менен	кішкентай	62
менен	өткен	54
менен	бұрын	61
менен	артық	38
менен	кешірім	42
менен	қашып	58
менен	кіші	53
менен	сұраған	54
менен	қарағанда	59
менен	сұрады	61
менен	сұрайды	63
менен	құтыла	64
менен	сұрамай	55
балдар	мен	62
балдар	жақсы	26
балдар	қалай	32
балдар	жоқ	14
балдар	бар	57
балдар	керек	20
балдар	да	54
балдар	алып	48
балдар	болып	59
балдар	болса	53
балдар	көп	52
балдар	аман	54
балдар	боп	41
балдар	бәрі	59
балдар	барма	54
балдар	үшін	45
балдар	келіп	60
балдар	үйде	58
балдар	қайда	59
балдар	кеп	53
балдар	қыздар	60
балдар	бақытты	42
балдар	ұйықтап	43
балдар	келді	47
балдар	ойнап	60
балдар	жақсыма	60
балдар	өсіп	18
балдар	ұнайды	63
балдар	аманба	64
балдар	немерелер	47
күнде	де	62
күнде	бір	62
күнде	алып	25
күнде	болып	58
күнде	осы	65
күнде	ертең	57
күнде	емес	52
күнде	айтып	54
күнде	жұмыс	60
күнде	барып	44
күнде	ақша	42
күнде	кешке	54
күнде	екі	46
күнде	келіп	62
күнде	солай	45
күнде	шығып	57
күнде	жазып	56
күнде	салып	50
күнде	ішіп	63
күнде	барам	61
күнде	кеп	61
күнде	сұрап	64
күнде	көріп	64
күнде	осылай	49
күнде	келед	55
күнде	келеді	62
күнде	сөйлесіп	20
күнде	түнде	61
күнде	күнде	62
күнде	дайын	40
күнде	ыстық	41
күнде	таңертең	53
күнде	қонақ	64
күнде	ұрыс	63
барамыз	?	62
барамыз	деп	27
барамыз	!	13
барамыз	ғой	60
барамыз	енді	21
барамыз	ертең	58
барамыз	деген	65
барамыз	алла	33
барамыз	ау	39
барамыз	біз	57
барамыз	бұйырса	63
барамыз	дейді	23
барамыз	деді	40
алдым	мен	49
алдым	деп	48
алдым	рахмет	19
алдым	ғой	28
алдым	жаным	20
алдым	бір	63
алдым	енді	61
алдым	да	46
алдым	деген	49
алдым	бүгін	60
алдым	ау	63
алдым	кеше	62
алдым	рақмет	63
нан	мен	49
нан	жоқ	26
нан	бар	35
нан	керек	21
нан	да	39
нан	ал	61
нан	алып	53
нан	болса	24
нан	барма	62
нан	ала	35
нан	салып	15
нан	кейін	55
нан	сұрап	37
нан	беріп	64
нан	жеп	59
нан	алп	40
нан	алдым	62
нан	алу	64
нан	бастап	60
нан	жауып	50
нан	алатын	37
нан	алуға	63
нан	сүт	59
нан	пісіріп	49
нан	аса	34
нан	палау	63
нан	ашытып	55
нан	ұрсын	50
бопты	?	46
бопты	мен	59
бопты	жақсы	33
бопты	деп	36
бопты	сен	45
бопты	рахмет	60
бопты	ғой	54
бопты	жаным	20
бопты	бір	49
бопты	енді	64
бопты	өзің	43
бопты	да	50
бопты	ертең	36
бопты	қайырлы	59
бопты	жарайды	50
бопты	аман	49
бопты	давай	54
бопты	бопты	25
бопты	қоя	31
бопты	көреміз	60
жағдай	?	60
жағдай	жақсы	12
жағдай	қалай	15
жағдай	жоқ	18
жағдай	бір	53
жағдай	да	58
жағдай	болып	64
жағдай	болды	28
жағдай	болса	47
жағдай	боп	42
жағдай	солай	61
жағдай	жаман	60
жағдай	сұрап	63
жағдай	болған	44
жағдай	жасап	56
жағдай	брат	58
жағдай	досым	61
жағдай	болмай	18
жағдай	бауырым	62
жағдай	братан	33
жағдай	денсаулық	50
жағдай	жақсыма	60
жағдай	амансыңба	31
жағдай	болсада	51
жағдай	қалыпты	43
жағдай	болмасын	63
жағдай	сұрасып	43
ахах	ахах	63
ахахах	мен	15
ахахах	ахахах	56
ахахаха	ахахаха	8
ахахахахахахахах	ахахахахахахахах	10
ещё	?	3
ещё	мен	38
ещё	сен	30
ещё	бір	50
ещё	ол	51
ещё	маған	35
ещё	мені	48
ещё	менің	63
ещё	как	64
ещё	мама	43
ещё	кеше	58
ещё	ана	62
ещё	анау	58
ещё	есть	60
ещё	больше	49
бау	берік	64
бауы	берік	23
бауыр	керек	1
бауыр	деген	19
бауыр	басып	25
бауыр	басқан	9
бауыр	басу	37
бауыры	берік	34
бауырым	?	12
бауырым	мен	18
бауырым	деп	51
бауырым	!	54
бауырым	қалай	19
бауырым	қалайсың	62
бауырым	сен	19
бауырым	рахмет	16
бауырым	өзің	56
бауырым	менің	61
бауырым	құтты	60
бауырым	алла	53
бауырым	аман	53
бауырым	туған	49
бауырым	туылған	35
бауырым	амансыңба	40
бауырым	сізден	18
бауырым	бармысың	60
кеттім	мен	60
кеттім	деп	19
кеттім	ғой	24
кеттім	жаным	13
кеттім	енді	42
кеттім	сені	63
кеттім	ау	34
сендер	?	62
сендер	мен	52
сендер	жақ	46
сендер	жақсы	54
сендер	де	64
сендер	деп	31
сендер	қалай	63
сендер	бір	58
сендер	неге	57
сендер	маған	48
сендер	осы	54
сендер	ертең	62
сендер	мені	60
сендер	менің	47
сендер	бүгін	59
сендер	барып	58
сендер	аман	63
сендер	қашан	50
сендер	үшін	32
сендер	келе	27
сендер	бара	64
сендер	қайда	64
сендер	кетіп	56
сендер	сияқты	60
сендер	жақта	35
сендер	нешеде	19
сендер	өздерің	57
сендер	жаққа	64
сендер	келгенде	22
сендер	жақтан	60
сендер	қайдасыңдар	56
алейкум	!	42
алейкум	қалай	18
алейкум	қалайсың	57
алейкум	қалайсыз	14
алейкум	қалайсыңдар	20
алейкум	брат	54
алейкум	ассалам	30
алейкум	қалайсыздар	12
алейкум	бауырым	57
алейкум	братан	51
алейкум	жігіттер	58
алейкум	рахматуллахи	30
алейкум	қандақ	54
алейкум	мейірімді	64
братан	?	48
братан	мен	25
братан	деп	33
братан	!	49
братан	қалай	50
братан	қалайсың	57
братан	сен	34
братан	бар	54
братан	рахмет	60
братан	бір	61
братан	өзің	56
братан	маған	63
братан	ертең	60
братан	бүгін	56
братан	ертен	62
братан	туған	60
братан	братан	62
каспи	?	50
каспи	мен	41
каспи	де	46
каспи	жоқ	35
каспи	бар	30
каспи	керек	40
каспи	да	59
каспи	осы	55
каспи	болса	18
каспи	ақша	52
каспи	барма	55
каспи	есть	38
каспи	рет	63
каспи	ашып	62
каспи	ден	50
каспи	кредит	54
каспи	менікі	61
каспи	магазин	58
каспи	жұма	57
каспи	голд	19
каспи	осыда	17
каспи	кз	59
каспи	банк	57
каспи	карта	41
каспи	нөмір	58
каспи	киви	58
каспи	жұмаға	63
каспи	жұмада	53
каспи	жұмадан	58
каспи	жұмамен	51
болар	деп	61
болар	енді	18
болар	екен	54
болар	іс	18
болар	еді	46
болар	едім	9
болар	ет	53
болар	жері	61
жыл	?	56
жыл	деп	59
жыл	бар	52
жыл	болсы	47
жыл	болсын	50
жыл	болып	24
жыл	болды	43
жыл	емес	15
жыл	құт	63
жыл	құтты	19
жыл	болады	13
жыл	жұмыс	49
жыл	жаңа	59
жыл	бақыт	17
жыл	болған	31
жыл	бірге	45
жыл	дос	51
жыл	өмір	60
жыл	жана	62
жыл	алдын	39
жыл	оқып	53
жыл	әр	63
жыл	өтіп	54
жыл	бұрын	58
жыл	бойы	19
жыл	сайын	28
жыл	жақсылық	28
жыл	баршаңызға	52
жыл	болыпты	57
жыл	бұрынғы	50
жыл	берекелі	50
жыл	кұтты	31
жыл	отбасыңа	49
жыл	тойлап	56
жыл	табысты	42
жыл	жарылқасын	31
жыл	жақсылыққа	48
жыл	отбасыңызға	51
жыл	бәрімізге	56
жыл	құты	54
жыл	барыс	15
жыл	болғай	45
жыл	баршамызға	37
жыл	жақсылығымен	57
жыл	мерекесі	14
жыл	мерекелі	51
жыл	берекесімен	55
жыл	есіркеп	58
жыл	мерекесімен	49
түс	деп	31
түс	болды	25
түс	көр	25
түс	көріп	17
түс	қайта	17
түс	көрдім	14
түс	жору	20
түсі	бар	22
түсі	барма	13
түсі	қандай	17
түсіп	қала	16
түсіп	ал	59
түсіп	алып	54
түсіп	жатыр	44
түсіп	тұр	17
түсіп	еді	33
түсіп	кет	61
түсіп	кетті	45
түсіп	келіп	16
түсіп	келе	63
түсіп	бара	53
түсіп	жатырмын	61
түсіп	кетіп	60
түсіп	жүр	43
түсіп	отыр	56
түсіп	қалды	60
түсіп	жатқан	29
түсіп	жіберші	49
түсіп	кеткен	53
түсіп	жүрген	29
түсіп	келдім	59
түсіп	алдым	58
түсіп	кеттім	53
түсіп	кете	55
түсіп	тұрған	46
түсіп	алайын	59
түсіп	қалып	39
түсіп	кетеді	54
түсіп	жатса	47
түсіп	кетсе	42
түсіп	қалады	46
түсіп	кетіпті	44
түсіп	қалыпты	50
түсіп	кетсін	51
түсіп	кетсем	44
түсіп	қалса	56
түсіп	қалар	58
түсіп	қапты	52
түсіп	қалайын	62
шымкент	?	62
шымкент	деп	59
шымкент	өзің	53
шымкент	алматы	35
шымкент	шымкент	56
шымкент	астана	37
шымкент	қаласына	60
шымкент	қаласынан	61
шымкент	плаза	28
өздері	де	56
өздері	бір	28
өздері	алып	47
өздері	істеп	30
өздері	ақ	48
өздері	үшін	46
өздері	келіп	43
өздері	айтады	44
өздері	біледі	46
өздері	білсін	23
өздерің	?	29
өздерің	жақсы	19
өздерің	де	54
өздерің	қалай	37
өздерің	барып	30
өздерің	аман	55
өздерің	бара	52
өздерің	қалайсыңдар	40
өздерің	амансыңдар	4
өздерің	отыра	56
өздерің	білесіңдер	61
өздерің	біліңдер	47
бы	?	43
бы	мен	49
бы	сен	46
бы	бір	45
бы	все	53
бы	за	52
бы	если	62
бы	он	62
бы	до	40
бы	тебе	61
бы	кино	48
бы	его	61
бы	была	58
бы	было	59
бы	кинода	60
ойлап	өзің	56
ойлап	жатыр	57
ойлап	ем	50
ойлап	тұр	53
ойлап	айтып	62
ойлап	жатырмын	59
ойлап	едім	23
ойлап	жүр	19
ойлап	отыр	39
ойлап	отырмын	34
ойлап	жатқан	16
ойлап	жүре	46
ойлап	жүрген	61
ойлап	тұрған	35
ойлап	жүрсің	54
ойлап	жүрмін	55
ойлап	журген	36
ойлап	отырған	59
ойлап	тұрмын	59
ойлап	тапқан	51
деді	?	59
деді	мен	32
деді	де	27
деді	деп	59
деді	ғой	37
деді	енді	14
деді	ол	55
деді	да	46
деді	маған	35
деді	болды	47
деді	мама	62
деді	ау	62
деді	кеше	43
деді	бірақ	63
өте	жақсы	57
өте	дұрыс	13
өте	көп	14
өте	кеш	19
өте	күшті	60
өте	келе	31
өте	қатты	38
өте	жаман	18
өте	алмай	38
өте	ауыр	38
өте	әдемі	36
өте	үлкен	19
өте	керемет	48
өте	аз	14
өте	өте	47
өте	қызық	19
өте	қиын	50
өте	ыстық	22
өте	мықты	50
өте	қымбат	56
өте	арзан	52
өте	сұлу	55
өте	оңай	57
өте	қуаныштымын	49
өте	маңызды	33
өте	тамаша	51
өте	жоғары	41
өте	нашар	55
өте	ақылды	44
өте	төмен	58
өте	дәмді	58
өте	қызықты	40
өте	әдемісің	59
өте	пайдалы	59
өте	орынды	54
өте	өкінішті	35
өте	әсерлі	56
ұмытып	қала	62
ұмытып	кетті	56
ұмытып	кетіп	41
ұмытып	кеткен	42
ұмытып	кеттім	18
ұмытып	кете	30
ұмытып	кетем	31
ұмытып	қалып	42
ұмытып	кетеді	59
ұмытып	қалдың	55
ұмытып	кеттің	55
ұмытып	тұрмын	33
ұмытып	кетіпті	48
ұмытып	кететін	53
ұмытып	қалам	62
ұмытып	кетпе	60
ұмытып	кетпесін	20
ұмытып	кетіппін	61
ұмытып	кетесің	9
ұмытып	қалыппын	50
ұмытып	кетпей	26
ұмытып	кеткем	63
ұмытып	кеттіңіз	51
ұмытып	кетпеші	54
ұмытып	кетпеңіз	61
ұмытып	кетіппіз	41
ұмытып	кетіппінғо	49
жұмыста	?	60
жұмыста	мен	47
жұмыста	деп	60
жұмыста	жоқ	55
жұмыста	ғой	56
жұмыста	бір	43
жұмыста	өзің	48
жұмыста	болып	33
жұмыста	екен	50
жұмыста	емес	53
жұмыста	болса	52
жұмыста	болады	61
жұмыста	өзіңіз	54
жұмыста	едім	55
жұмыста	жүр	33
жұмыста	отырмын	48
жұмыста	болған	17
жұмыста	жүрген	61
жұмыста	болам	43
жұмыста	жүріп	45
жұмыста	жүрсің	54
жұмыста	болдым	31
жұмыста	жүрмін	51
жұмыста	емеспін	19
жұмыста	болсаң	47
жұмыста	боласың	59
жұмыста	жүргенде	58
жұмыста	боламын	54
жұмыста	боласыз	53
жұмыста	жүрсіз	53
жұмыста	табысты	62
званда	мен	43
званда	деп	31
званда	маған	18
звандап	алып	21
звандап	жатыр	61
звандап	тұр	15
звандап	айт	42
звандап	айтып	52
звандап	еді	34
звандап	жатырмын	57
звандап	жазып	41
звандап	ала	59
звандап	едім	43
звандап	көр	26
звандап	сұрап	59
звандап	айта	36
звандап	айтам	54
звандап	қалды	57
звандап	жатқан	49
звандап	жібер	55
звандап	жіберші	53
звандап	сөйлесіп	60
звандап	айтты	51
звандап	айтшы	55
звандап	біліп	60
звандап	көрші	59
звандап	сөйлесе	51
звандап	оятып	60
өтірік	мен	61
өтірік	жақсы	61
өтірік	деп	60
өтірік	болсын	46
өтірік	болып	62
өтірік	екен	48
өтірік	емес	55
өтірік	істеп	22
өтірік	болса	56
өтірік	айтып	45
өтірік	боп	16
өтірік	қой	61
өтірік	сияқты	52
өтірік	айта	53
өтірік	айтам	31
өтірік	әңгіме	45
өтірік	өтірік	49
өтірік	айттым	31
өтірік	айтқан	59
өтірік	айтпа	49
өтірік	болсада	32
өтірік	айтады	56
өтірік	айтсам	51
өтірік	күліп	59
өтірік	айтпай	40
өтірік	алдап	55
өтірік	айтасың	48
өтірік	айтпашы	53
алу	керек	54
алу	деген	4
алу	үшін	55
алу	қиын	14
алу	ешқандай	57
алу	керекпа	62
алу	кк	53
кете	бер	52
кете	алмай	16
кете	берсін	30
кете	алам	32
кете	беред	61
кете	береді	32
кете	алмаймын	20
кете	аласың	49
кете	берейін	49
кете	берет	30
кете	беретін	43
кете	беріңіз	39
кете	беремін	54
кете	бересің	47
кете	аласыз	36
кете	алмайды	49
кете	берсе	57
кете	береміз	61
кете	берсем	46
кете	алмайсың	56
кете	беріңдер	61
кете	аласыңба	56
кете	аласызба	62
кете	берейік	60
кете	жаздады	55
кетем	мен	58
кетем	деп	28
кетем	сен	12
кетем	ғой	61
кетем	бір	30
кетем	ертең	62
кетем	деген	57
кетем	сені	26
кетем	ертен	59
кетем	ау	61
кетем	кешке	37
кетем	бұйырса	58
кетем	дейді	46
кетем	десе	46
кетем	десем	57
кетем	деді	56
кетем	кетем	52
кетем	десең	51
кетем	дегенше	58
оның	бір	49
оның	өзі	54
оның	да	27
оның	маған	28
оның	бәрі	50
оның	туған	29
оның	қандай	58
оның	қызы	59
оның	бәрін	34
оның	алдында	24
оның	аты	27
оның	ақшасы	39
оның	ақшасын	60
оның	өзін	58
оның	ішінде	62
оның	қолы	26
оның	қасында	60
оның	бәріне	36
оның	орнына	57
оның	жігіті	35
оның	арғы	43
оның	несі	54
оның	үстіне	43
оның	жұмысы	15
оның	өзінде	62
оның	несін	52
оның	елшісі	60
оның	құрамдас	62
сізді	мен	57
сізді	жақсы	62
сізді	де	9
сізді	қалай	35
сізді	жаным	61
сізді	бір	59
сізді	алып	55
сізді	алла	59
сізді	қатты	49
сізді	сұрап	14
сізді	көріп	60
сізді	ғана	48
сізді	күтіп	60
сізді	ойлап	20
сізді	өте	34
сізді	сағындым	58
сізді	іздеп	32
сізді	сағынып	50
сізді	бүгінгі	32
сізді	сүйемін	60
сізді	көргім	34
сізді	танымаймын	58
сізді	оқырмандар	61
тұрған	мен	42
тұрған	жақсы	46
тұрған	жоқ	61
тұрған	ғой	12
тұрған	да	56
тұрған	адам	49
тұрған	еді	47
тұрған	қыз	44
тұрған	кезде	59
тұрған	едім	35
тұрған	ештеңе	53
тұрған	сияқты	34
тұрған	жер	21
тұрған	жерде	58
тұрған	соң	54
тұрған	жерге	19
тұрған	жоқпын	57
тұрған	жоқпа	18
тұрған	шығарсың	40
тұрған	жоқсың	58
екеу	бар	48
екеу	болсын	24
екеу	болып	16
екеу	емес	20
екеуміз	де	29
екеуміз	ғой	26
екеуміз	бір	59
екеуміз	барып	18
екеуміз	ақ	41
екеуміз	екі	46
екеуміз	бара	33
екеуміз	ғана	53
екеуміз	бірге	19
екеуміз	дос	18
екеуміз	шай	52
екеуміз	сөйлесіп	62
екеуміз	барамыз	56
екеуміз	жүріп	37
екеуміз	шығамыз	61
екеуміз	түскен	61
екеуміз	бірдей	46
екеуміз	дің	55
ойбай	мен	49
ойбай	деп	30
ойбай	сен	35
ойбай	жоқ	43
ойбай	жаным	59
ойбай	енді	59
ойбай	ол	60
ойбай	неге	39
ойбай	кім	45
ойбай	ай	47
ойбай	мынау	30
ойбай	ойбай	56
бот	деп	27
бот	бот	45
бот	емеспін	14
бот	екенсің	32
бот	гоха	40
бот	нұрсая	14
бот	данил	28
бот	берлин	38
бота	?	25
бота	мен	40
бота	қалайсың	31
бота	сен	31
бота	деген	48
бота	апа	49
бота	апай	46
бота	бота	38
ботам	?	15
ботам	мен	20
ботам	деп	35
ботам	!	39
ботам	қалайсың	45
ботам	сен	49
ботам	жаным	51
ботам	менің	55
ботам	деген	16
ботам	сені	55
ботам	ау	58
ботам	ботам	51
пен	бір	25
пен	жұмыс	61
пен	қыз	60
пен	келе	60
пен	бақыт	60
пен	су	59
пен	қара	62
пен	бірге	54
пен	сөйлесіп	52
пен	қуаныш	43
пен	активность	58
пен	шаттыққа	49
пен	үрей	60
ла	ла	56
ладно	?	15
ладно	мен	58
ладно	деп	28
ладно	керек	53
ладно	жаным	57
ладно	енді	58
ладно	өзің	57
ладно	қайырлы	53
ладно	давай	41
ладно	все	17
ладно	если	61
ладно	ештеңе	54
ладно	ладно	60
ладно	давайте	29
айтты	?	57
айтты	мен	28
айтты	де	30
айтты	деп	62
айтты	сен	16
айтты	ғой	48
айтты	ол	18
айтты	да	45
айтты	маған	41
айтты	екен	36
айтты	мені	47
айтты	деген	58
айтты	саған	58
айтты	кеше	41
айтты	дейді	62
айтты	деме	57
ұзақ	болсы	45
ұзақ	болсын	52
ұзақ	болып	5
ұзақ	екен	31
ұзақ	емес	59
ұзақ	бақытты	61
ұзақ	жол	46
ұзақ	әңгіме	58
ұзақ	өмір	47
ұзақ	уақыт	16
ұзақ	жолға	31
ұзақ	дені	57
ұзақ	денің	20
ұзақ	ғұмыр	23
ұзақ	уақытқа	12
ұзақ	деніңіз	58
ұзақ	ғұмырлы	44
ұзақ	мерзімге	55
шар	деп	50
шаршап	жатыр	19
шаршап	тұр	55
шаршап	кетті	54
шаршап	келіп	59
шаршап	келе	50
шаршап	жатырм	46
шаршап	жатырмын	58
шаршап	кеп	21
шаршап	жүр	56
шаршап	отыр	43
шаршап	отырмын	62
шаршап	ұйықтап	21
шаршап	жатқан	38
шаршап	келген	52
шаршап	кеткен	55
шаршап	жүрген	47
шаршап	жатып	33
шаршап	келдім	57
шаршап	кеттім	51
шаршап	кетем	12
шаршап	тұрған	58
шаршап	жүрсің	54
шаршап	жүрмін	49
шаршап	журген	34
шаршап	тұрмын	53
шаршап	кеттік	30
шаршап	қалыппын	57
шаршап	кетім	56
ең	?	44
ең	жақсы	50
ең	ғой	20
ең	көп	52
ең	күшті	29
ең	қатты	35
ең	жаман	49
ең	бақытты	36
ең	ауыр	34
ең	әдемі	47
ең	үлкен	30
ең	керемет	20
ең	болмаса	20
ең	аз	18
ең	бірінші	54
ең	кішкентай	16
ең	қызық	49
ең	қиын	60
ең	мықты	54
ең	жақын	35
ең	соңғы	20
ең	қымбат	19
ең	арзан	42
ең	сұлу	42
ең	басында	31
ең	жек	56
ең	оңай	61
ең	кіші	47
ең	маңызды	50
ең	басты	52
ең	жоғары	42
ең	бастысы	57
ең	алғаш	13
ең	алғашқы	35
ең	биік	31
ең	соңында	61
ең	жақсысы	39
ең	алдымен	57
ең	қызықты	23
ең	үлкені	59
ең	сүйікті	41
ең	болмағанда	51
ең	керім	42
ең	жоғарғы	45
ең	үздік	60
ең	соңғысы	52
ең	арзаны	60
ең	кішісі	43
ең	жаманы	58
ең	дұрысы	49
ең	төменгі	46
ең	күштісің	58
ең	қиыны	45
сөз	?	60
сөз	жоқ	45
сөз	бар	19
сөз	керек	33
сөз	ғой	38
сөз	ол	43
сөз	болып	51
сөз	екен	60
сөз	емес	54
сөз	айтып	35
сөз	үшін	27
сөз	жазып	61
сөз	салып	54
сөз	айта	45
сөз	беріп	56
сөз	айтқан	55
сөз	айтса	53
сөз	айтпа	61
сөз	таппай	57
сөз	салды	49
сөз	айтсам	56
сөз	естіп	61
сөз	салған	33
сөз	жарым	54
сөз	көтере	55
сөз	қайтарып	38
дем	ал	57
дем	алып	16
дем	ала	10
дем	салып	26
дем	алам	25
дем	алу	33
дем	жетпей	36
дем	алыс	38
дем	салдырып	19
демал	деп	29
демал	жаным	19
демал	енді	18
демалыс	?	18
демалыс	жақсы	54
демалыс	деп	23
демалыс	қалай	40
демалыс	жоқ	15
демалыс	болсын	37
демалыс	керек	11
демалыс	алып	47
демалыс	болып	53
демалыс	болды	29
демалыс	екен	28
демалыс	деген	40
демалыс	емес	53
демалыс	бүгін	53
демалыс	болса	57
демалыс	боп	49
демалыс	қашан	59
демалыс	күшті	59
демалыс	күн	45
демалыс	қой	59
демалыс	күні	41
демалыс	болған	19
демалыс	керемет	52
демалыс	тілеймін	61
демалыс	сәтті	58
демалыс	болыпты	54
демалыс	орны	47
демалыс	күндері	43
демалыс	көңілді	28
демалыс	күндерің	45
демалыс	күндеріңіз	47
ауылда	?	47
ауылда	мен	48
ауылда	деп	55
ауылда	жоқ	56
ауылда	бар	43
ауылда	ғой	55
ауылда	бір	54
ауылда	да	44
ауылда	болып	44
ауылда	екен	61
ауылда	емес	54
ауылда	кім	28
ауылда	болса	41
ауылда	жұмыс	52
ауылда	едім	46
ауылда	жүр	56
ауылда	ешкім	50
ауылда	жүрген	56
ауылда	болам	55
ауылда	жүріп	49
ауылда	емеспін	61
ауылда	болсаң	29
ауылда	болсам	54
ауылда	болғанда	50
ауылда	жаңбыр	58
ауылда	жүргенде	58
ауылда	тұрамын	58
осыны	мен	59
осыны	қалай	58
осыны	бір	48
осыны	да	57
осыны	маған	38
осыны	ал	51
осыны	алып	55
осыны	істеп	30
осыны	айтып	53
осыны	жазып	42
осыны	ала	46
осыны	салып	30
осыны	сұрап	61
осыны	жасап	60
осыны	көріп	55
осыны	ғана	41
осыны	жіберші	52
осыны	заказ	47
осыны	алам	46
осыны	алдым	44
осыны	алу	45
осыны	оқып	61
осыны	шығарып	55
осыны	жібере	56
осыны	алайын	56
осыны	жіберіп	52
осыны	басып	61
осыны	алсам	55
қабыл	болсы	59
қабыл	болсын	47
қабыл	болып	2
қабыл	болады	56
қабыл	етсін	57
ват	ват	17
ватсап	?	6
ватсап	жоқ	52
ватсап	бар	43
ватсап	осы	37
ватсап	барма	61
ватсап	жаз	41
ватсап	жазып	39
ватсап	ашып	53
ватсап	пен	60
ватсап	группа	35
ватсап	арқылы	39
ватсап	нөмір	30
ватсап	істемей	29
ватсап	группам	60
алға	!	57
алға	алға	17
алға	қойған	19
алға	қазақстан	11
алға	баса	19
алға	бассын	15
алған	?	28
алған	мен	59
алған	жақсы	60
алған	деп	47
алған	жоқ	53
алған	ғой	28
алған	да	29
алған	екен	59
алған	адам	36
алған	дұрыс	32
алған	ау	33
алған	еді	56
алған	кезде	47
алған	күні	29
алған	едім	60
алған	сияқты	26
алған	соң	43
алған	адамдар	17
алған	жоқпын	59
алған	жоқпа	18
алған	ақшаны	61
алған	адамға	55
алған	едік	60
алған	шығарсың	59
алған	жоқсың	54
алған	жоқпыз	48
алған	бағытын	51
болмайды	?	35
болмайды	мен	58
болмайды	деп	56
болмайды	!	17
болмайды	ғой	44
болмайды	жаным	15
болмайды	енді	61
болмайды	ол	59
болмайды	да	46
болмайды	екен	54
болмайды	деген	17
болмайды	ау	39
болмайды	дейді	34
болмайды	олай	38
болмайды	деді	43
болмайды	мүмкін	55
дай	дай	48
дай	аллах	42
дай	денег	28
дай	бог	39
дайын	деп	20
дайын	бол	47
дайын	болсын	44
дайын	ғой	53
дайын	болып	54
дайын	болды	28
дайын	екен	28
дайын	емес	59
дайын	болса	20
дайын	тұр	19
дайын	болад	26
дайын	болады	54
дайын	боп	15
дайын	отыр	48
дайын	болған	32
дайын	машина	42
дайын	болама	51
дайын	болмай	61
дайын	тұрған	50
дайын	болу	53
дайын	болатын	41
дайын	емеспін	57
дайын	отыра	36
дайын	тұрады	57
дайын	болғанда	51
дайын	болдыма	20
дайын	машинамен	52
дайын	дап	51
дайын	клиенттерге	60
дан	да	38
дан	алып	57
дан	басқа	55
дан	шығып	46
дан	кейін	45
дан	сұрап	23
дан	бері	49
дан	соң	47
дан	заказ	52
дан	өте	58
дан	кете	60
дан	хабар	52
дан	бастап	60
дан	келетін	41
дан	киін	55
дан	болсан	58
дан	аса	56
дан	басталатын	54
айттым	мен	50
айттым	деп	22
айттым	сен	32
айттым	ғой	46
айттым	енді	11
айттым	ол	55
айттым	да	45
айттым	ертең	58
айттым	саған	59
айттым	кеше	28
айттым	оған	59
берген	мен	57
берген	жақсы	60
берген	деп	57
берген	жоқ	59
берген	болсын	18
берген	ғой	52
берген	бір	40
берген	екен	60
берген	адам	40
берген	дұрыс	50
берген	ақша	42
берген	еді	58
берген	кезде	35
берген	аллаға	47
берген	едім	59
берген	сияқты	34
берген	соң	58
берген	жоқпын	30
берген	ақшаны	31
берген	жасын	52
берген	сынағы	18
берген	сыйы	56
аты	?	54
аты	мен	36
аты	қалай	55
аты	жоқ	21
аты	бар	45
аты	да	29
аты	кім	59
аты	қандай	12
аты	фатима	14
аты	жөні	54
аты	жөнін	21
аты	жөнің	28
аты	жөніңіз	59
аты	жөніңді	35
аты	жөнім	60
аты	жөніңізді	52
жаққа	?	52
жаққа	бір	47
жаққа	да	60
жаққа	алып	45
жаққа	барып	50
жаққа	қашан	16
жаққа	кетті	44
жаққа	кел	48
жаққа	келіп	47
жаққа	келе	35
жаққа	бара	26
жаққа	шығып	19
жаққа	кетіп	33
жаққа	барам	19
жаққа	кеп	29
жаққа	қарап	52
жаққа	кеткен	52
жаққа	барамыз	57
жаққа	апарып	36
жаққа	баратын	49
жаққа	келесің	43
жаққа	барады	54
жаққа	бару	57
жаққа	барған	45
жаққа	барамын	54
жаққа	барсам	55
жаққа	барайын	54
жаққа	барғанда	45
жаққа	барасың	53
жаққа	барайық	58
жаққа	көшіп	52
апар	деп	55
апарып	алып	10
апарып	кел	32
апарып	келе	47
апарып	бер	47
апарып	беріп	40
апарып	таста	52
апарып	тастап	30
апарып	келдім	27
апарып	берген	53
апарып	келем	60
апарып	береді	50
апарып	берші	39
апарып	берді	59
апарып	берейін	58
апарып	беретін	27
апарып	беру	58
апарып	беремін	48
апарып	бердім	19
апарып	береміз	46
апарып	берсем	56
апарып	тастады	52
апарып	тастадым	50
апарып	келші	44
апарып	тастай	56
апарып	тастаған	37
апарып	келейін	57
апарып	тастайын	58
апарып	тастайды	29
апарып	тастауға	34
апарып	тастасын	57
біреу	мен	59
біреу	жақсы	37
біреу	деп	60
біреу	бар	55
біреу	керек	19
біреу	бір	47
біреу	маған	51
біреу	алып	54
біреу	емес	25
біреу	сені	50
біреу	саған	55
біреу	болса	48
біреу	айтып	37
біреу	ақ	60
біреу	ақша	47
біреу	барма	52
біреу	үшін	38
біреу	келіп	32
біреу	жазып	37
біреу	кеп	36
біреу	сұрап	50
біреу	көріп	40
біреу	ғана	45
біреу	тауып	40
біреу	кіріп	35
біреу	звандап	46
біреу	айтты	50
біреу	келсе	58
біреу	бірдеңе	57
біреу	бірдене	37
біреу	жазды	54
біреу	жазса	58
жігіт	?	59
жігіт	жақсы	57
жігіт	деп	59
жігіт	қалай	37
жігіт	жоқ	50
жігіт	бар	28
жігіт	бол	23
жігіт	болсын	60
жігіт	керек	34
жігіт	ол	18
жігіт	өзі	60
жігіт	болып	60
жігіт	болды	17
жігіт	екен	50
жігіт	деген	44
жігіт	емес	42
жігіт	болса	41
жігіт	көп	39
жігіт	боп	60
жігіт	барма	42
жігіт	қыз	41
жігіт	үшін	57
жігіт	қой	38
жігіт	сияқты	50
жігіт	болған	55
жігіт	тауып	49
жігіт	әңгіме	18
жігіт	пен	35
жігіт	жігіт	28
жігіт	іздеп	59
жігіт	болыпты	43
жігіт	ретінде	58
жігіт	жолдас	49
жігіт	тер	51
жігіт	болғаны	58
жігіт	үшінші	54
жігіт	бұның	33
жігіт	сейфуллин	34
хабар	?	27
хабар	жоқ	17
хабар	бар	14
хабар	алып	16
хабар	болып	33
хабар	болса	58
хабар	айтып	44
хабар	барма	49
хабар	бер	17
хабар	беріп	48
хабар	айтам	44
хабар	келді	52
хабар	күтіп	58
хабар	болмай	32
хабар	жоқпа	59
хабар	беремін	36
хабар	күтем	53
қалың	қалай	53
қалың	мал	2
қалың	киініп	28
қалыңыз	жақсы	31
қалыңыз	қала	51
қалыңыз	қалай	56
сабақ	?	1
сабақ	деп	49
сабақ	қалай	53
сабақ	жоқ	32
сабақ	бар	47
сабақ	болып	45
сабақ	болды	30
сабақ	істеп	49
сабақ	болады	59
сабақ	қашан	31
сабақ	жазып	45
сабақ	беріп	42
сабақ	қарап	52
сабақ	болама	44
сабақ	нешеде	50
сабақ	болмайды	50
сабақ	сабақ	60
сабақ	оқы	60
сабақ	оқып	47
сабақ	өтіп	16
сабақ	онлайн	51
сабақ	беретін	36
сабақ	бітті	59
сабақ	математика	46
сабақ	басталады	50
сабақ	басталды	51
сабақ	басталып	50
сабақ	орындап	60
сабақ	оффлайн	60
сабақ	басталса	53
сабақ	басталғанда	56
сабақ	тақырыбы	44
сабақ	кестесі	54
сабақ	кестесін	45
сабақ	басталғанша	53
оқы	деп	60
оқы	!	17
оқы	оқы	19
оқы	және	17
оқып	ал	19
оқып	алып	46
оқып	болып	24
оқып	жатыр	45
оқып	жатсың	19
оқып	жатырмын	48
оқып	шығып	29
оқып	жүр	59
оқып	отыр	45
оқып	отырмын	34
оқып	болған	23
оқып	жауап	52
оқып	жатқан	35
оқып	жүрген	38
оқып	алдым	41
оқып	жүріп	58
оқып	алайын	60
оқып	қойып	23
оқып	жүрсің	57
оқып	қоя	56
оқып	қойдым	56
оқып	болдым	54
оқып	жүрмін	49
оқып	отырған	58
оқып	шықтым	55
оқып	отыра	58
оқып	келу	43
оқып	жүргенде	49
оқып	кетей	48
оқып	үлгермей	49
қалаға	?	58
қалаға	бір	42
қалаға	енді	46
қалаға	алып	54
қалаға	барып	54
қалаға	қашан	17
қалаға	екі	21
қалаға	кетті	59
қалаға	келіп	44
қалаға	келе	35
қалаға	бара	38
қалаға	шығып	32
қалаға	кетіп	22
қалаға	барам	18
қалаға	кеп	28
қалаға	машина	53
қалаға	келген	57
қалаға	такси	53
қалаға	кеткен	17
қалаға	кіріп	54
қалаға	келдім	51
қалаға	барамыз	48
қалаға	кетем	50
қалаға	апарып	40
қалаға	баратын	55
қалаға	орын	39
қалаға	келгенде	57
қалаға	бару	47
қалаға	жетіп	44
қалаға	барған	58
қалаға	барамын	50
қалаға	барсам	56
қалаға	барайын	53
қалаға	келдің	55
қалаға	барғанда	53
қалаға	шығамыз	33
қалаға	барасың	60
қалаға	шығатын	60
қалаға	кететін	44
қалаға	оқуға	58
қалаға	көлік	59
қалаға	көшіп	44
жаза	бер	57
жаза	алмай	14
жаза	берсін	18
жаза	беріп	54
жаза	беред	58
жаза	береді	41
жаза	берші	43
жаза	алмаймын	53
жаза	аласың	45
жаза	берейін	55
жаза	берет	47
жаза	беріңіз	52
жаза	бересің	27
жаза	аласыз	50
жаза	салдым	50
жаза	берме	51
жаза	бермей	40
жаза	алмадым	58
жаза	берсем	42
жаза	бермеш	59
жаза	саласыз	26
жаза	салыңыз	57
жаза	салыңызшы	43
брак	мен	46
брак	сен	18
брак	ол	28
брак	менде	24
брак	ертен	50
жарық	!	56
жарық	қалайсың	7
жарық	болсын	29
жарық	жаным	15
жарық	апай	48
жарық	қалайсыңдар	57
жарық	қыздар	42
жарық	достар	21
жарық	баршаңызға	57
бізге	де	51
бізге	керек	15
бізге	бір	36
бізге	енді	40
бізге	неге	58
бізге	осы	54
бізге	бүгін	57
бізге	ақша	57
бізге	қашан	50
бізге	кел	47
бізге	келіп	60
бізге	келе	46
бізге	қарап	56
бізге	ешкім	55
бізге	келген	53
бізге	берген	60
бізге	келгенде	54
бізге	жақын	56
бізге	айтпай	54
бізге	жұғысты	52
шығарып	ал	35
шығарып	алып	59
шығарып	жатыр	33
шығарып	жатырмын	28
шығарып	бер	58
шығарып	қой	56
шығарып	ала	51
шығарып	салып	51
шығарып	жатқан	20
шығарып	алам	58
шығарып	тастап	56
шығарып	алдым	56
шығарып	алу	49
шығарып	алған	51
шығарып	береді	56
шығарып	алайын	51
шығарып	жіберіп	58
шығарып	берші	58
шығарып	қоя	35
шығарып	қойдым	56
шығарып	жіберді	42
шығарып	беремін	27
шығарып	аласыз	58
шығарып	салды	32
шығарып	салдым	56
шығарып	алуға	48
шығарып	жіберген	52
шығарып	салған	53
шығарып	беріңізші	59
шығарып	бересіз	50
шығарып	салуға	59
шығарып	салдық	51
және	мен	52
және	де	32
және	сен	29
және	бір	57
және	ол	44
және	осы	39
және	менің	45
және	сені	49
және	басқа	59
және	бұл	45
және	оның	55
және	махаббат	28
және	ұлы	55
және	табыс	52
және	спорт	48
және	олардың	51
және	бөлу	51
және	поэзия	52
және	басқаларды	51
және	қасиеттері	56
баста	мен	52
баста	жаңа	31
баста	баста	29
бастап	мен	23
бастап	алып	51
бастап	жатыр	44
бастап	жұмыс	36
бастап	кетті	46
бастап	келе	54
бастап	жатырмын	56
бастап	едім	51
бастап	жатқан	58
бастап	кеткен	58
бастап	жұмысқа	59
бастап	кеттім	47
бастап	онлайн	56
бастап	салынады	59
мүмкін	?	50
мүмкін	мен	54
мүмкін	деп	38
мүмкін	сен	37
мүмкін	ғой	45
мүмкін	бір	50
мүмкін	ол	54
мүмкін	ертең	47
мүмкін	емес	58
мүмкін	болса	13
мүмкін	басқа	19
мүмкін	солай	53
мүмкін	бірақ	49
кішкентай	деп	54
кішкентай	қалай	38
кішкентай	ғой	18
кішкентай	болып	31
кішкентай	екен	23
кішкентай	емес	41
кішкентай	адам	45
кішкентай	болса	58
кішкентай	ақ	49
кішкентай	боп	49
кішкентай	бала	40
кішкентай	екі	16
кішкентай	қыз	42
кішкентай	кезде	19
кішкентай	қыздар	41
кішкентай	сияқты	50
кішкентай	болған	54
кішкентай	ғана	59
кішкентай	қызым	33
кішкентай	балдар	56
кішкентай	болсада	47
кішкентай	балалар	56
кішкентай	екенсің	53
кішкентай	өсіп	58
кішкентай	баланы	40
кішкентай	қызға	58
кішкентай	балаға	55
кішкентай	баланың	54
кішкентай	баламен	50
кішкентай	кезі	59
кішкентай	кезінде	58
кішкентай	кезімде	40
кішкентай	кезімнен	34
будет	?	57
будет	как	16
будет	или	52
будет	если	59
будет	тебе	28
будет	время	59
будет	делать	51
будет	готова	57
қаза	болсын	58
қаза	қайырлы	12
қазақ	?	11
қазақ	деп	55
қазақ	бар	54
қазақ	болып	56
қазақ	деген	50
қазақ	емес	53
қазақ	кім	46
қазақ	барма	47
қазақ	қызы	34
қазақ	тіл	34
қазақ	қазақ	37
қазақ	тілі	33
қазақ	қыздары	11
қазақ	тілін	52
қазақ	ұлттық	31
қазақ	тіліне	54
қазақ	тілінен	56
қазақ	елі	32
қазақ	тілден	35
қазақ	тілінде	21
қазақ	әдебиеті	33
қазақ	еліне	28
қазақ	халқы	38
қазақ	халқының	56
қазақ	елінің	45
қазақ	хандығы	58
қазақ	әдебиетінен	50
тәте	?	58
тәте	мен	34
тәте	де	21
тәте	деп	57
тәте	!	53
тәте	бар	38
тәте	рахмет	49
тәте	маған	48
тәте	осы	45
тәте	ертең	59
тәте	бүгін	46
тәте	қалайсыз	49
тәте	сәлеметсіз	17
тәте	ақша	51
тәте	туған	58
тәте	біз	34
тәте	сіз	57
тәте	әдемі	49
тәте	туылған	19
тәте	қалыңыз	53
тәте	тәте	34
ар	жақ	41
ар	адам	51
ар	кезде	55
ар	күні	52
ар	жерде	20
ар	жерге	52
ар	жақта	52
ар	жаққа	38
ар	жақтан	54
ар	түрлі	53
ар	жағы	49
ар	жағын	38
ар	жағына	42
ар	жағынан	55
ар	жағында	48
ар	намыс	22
ар	жағындағы	57
келем	мен	54
келем	деп	47
келем	ғой	11
келем	деген	39
келем	алла	17
келем	ау	52
келем	бұйырса	58
келем	дейді	47
келем	десе	40
келем	деді	48
келем	келем	32
келем	десең	53
келем	десен	41
келем	дедің	50
келем	дегенше	57
жүріп	бір	17
жүріп	ал	50
жүріп	жатыр	51
жүріп	жатсың	15
жүріп	тұр	44
жүріп	кетті	40
жүріп	келе	50
жүріп	бара	43
жүріп	кетіп	33
жүріп	жүр	52
жүріп	жатқан	40
жүріп	кеткен	31
жүріп	жүрген	54
жүріп	ұмытып	28
жүріп	жүріп	56
жүріп	жүрсің	39
жүріп	жатырмыз	55
жүріп	жатырма	18
жүріп	үйреніп	47
жүріп	жүргенде	59
жүріп	қайтамыз	54
жүріп	қайтайық	47
жылап	қала	39
жылап	ал	58
жылап	алып	58
жылап	жатыр	56
жылап	тұр	15
жылап	кетті	47
жылап	жатырмын	42
жылап	кетіп	53
жылап	жүр	57
жылап	отыр	36
жылап	отырмын	20
жылап	қалды	42
жылап	жатқан	47
жылап	жүрген	20
жылап	алам	40
жылап	алдым	56
жылап	жылап	29
жылап	журген	22
жылап	қалам	58
құттықтаймын	!	56
құттықтаймын	жаным	7
құттықтаймын	саған	23
құттықтаймын	жаңа	54
құттықтаймын	бақытты	58
құттықтаймын	өмір	10
құттықтаймын	зор	37
құттықтаймын	денің	14
құттықтаймын	өмірдегі	58
баратын	болып	50
баратын	болды	36
баратын	ем	30
баратын	адам	55
баратын	болса	27
баратын	ақша	36
баратын	боп	58
баратын	еді	55
баратын	кезде	45
баратын	едім	18
баратын	сияқты	18
баратын	машина	58
баратын	жер	49
баратын	такси	25
баратын	жерге	47
баратын	адамдар	48
баратын	болдым	59
баратын	болсаң	22
баратын	болсам	33
баратын	едік	32
баратын	болдың	35
баратын	жері	34
баратын	болсан	53
баратын	болдық	46
баратын	шығармын	24
баратын	көлік	19
баратын	кісілер	49
баратын	болдын	54
баратын	болдыңба	53
баратын	жерім	53
баратын	шығармыз	42
баратын	болсақ	28
баратын	болдык	39
баратын	болсаңдар	54
баратын	болдыңдар	54
баратын	жерлер	52
баратын	жеріңе	58
баратын	жеріміз	59
нәрсе	деп	56
нәрсе	жоқ	41
нәрсе	бар	38
нәрсе	керек	33
нәрсе	ғой	36
нәрсе	алып	38
нәрсе	болып	37
нәрсе	болды	40
нәрсе	екен	47
нәрсе	емес	51
нәрсе	істеп	23
нәрсе	болса	39
нәрсе	айтып	28
нәрсе	үшін	29
нәрсе	жазып	57
нәрсе	сұрап	51
нәрсе	айта	56
нәрсе	болған	53
нәрсе	жасап	57
нәрсе	айтам	59
нәрсе	жеп	39
нәрсе	ойлап	49
нәрсе	қылып	53
нәрсе	айтайын	54
нәрсе	айтсам	21
нәрсе	сұрайын	25
нәрсе	сұрасам	37
жібере	бер	20
жібере	алмай	18
жібере	береді	36
жібере	алмаймын	58
жібере	аласың	37
жібере	берейін	18
жібере	беріңіз	30
жібере	аласыз	24
жібере	аласын	15
жібере	аласыңба	42
жібере	аласызба	32
жібере	бермеш	19
жібере	қойыңыз	48
жібере	аласынба	45
жібере	саласыз	50
жібере	саласың	36
жібере	салыңыз	46
жібере	салыңызшы	22
жібере	аласыздар	29
беред	деп	59
беред	ол	18
беред	екен	36
беред	ұра	18
береді	?	10
береді	мен	33
береді	деп	53
береді	!	17
береді	ғой	58
береді	ол	16
береді	да	48
береді	маған	54
береді	екен	58
береді	деген	14
береді	ау	46
береді	дейді	59
береді	екенсің	40
қол	мен	35
қол	енді	58
қол	бос	56
қол	қойып	15
қол	қоя	22
қол	қойдым	56
қол	тимей	56
қол	көтеріп	11
қол	босамай	48
қол	аяғым	17
қол	босағанда	55
қол	хат	38
қол	боспа	56
қол	босап	53
қол	өнер	55
қол	ұшын	55
қол	босаса	41
қол	тимейді	55
қол	аяғыңды	36
қол	ұстасып	58
қол	тимеді	20
қол	жетімді	37
тате	?	36
тате	мен	38
тате	де	21
тате	деп	58
тате	!	54
тате	бар	56
тате	рахмет	50
тате	маған	48
тате	ертең	55
тате	бүгін	52
тате	қалайсыз	58
тате	ертен	18
тате	сәлеметсіз	50
тате	туған	54
тате	сіз	45
тате	қалыңыз	53
тате	тате	47
әр	қалай	59
әр	бір	39
әр	кім	20
әр	адам	29
әр	ай	22
әр	қашан	54
әр	бала	23
әр	күн	52
әр	кез	48
әр	кезде	43
әр	күні	31
әр	жерде	39
әр	жерге	32
әр	күнің	37
әр	қазақ	53
әр	нәрсе	55
әр	кімге	30
әр	жерден	46
әр	уақытта	54
әр	жолы	56
әр	айда	51
әр	кімнің	53
әр	адамға	47
әр	түрлі	42
әр	қызға	14
әр	адамның	47
әр	балаға	31
әр	баланың	45
әр	қызбен	55
әр	айдың	53
әр	қайсысы	37
әр	нәрсені	50
әр	нәрсеге	30
әр	нәрсенің	45
әр	істің	34
даже	мен	48
даже	сен	36
даже	бір	59
даже	менің	55
даже	если	52
даже	когда	18
демалып	ал	45
демалып	алып	17
демалып	жатыр	49
демалып	жатсың	17
демалып	кел	24
демалып	жатырмын	34
демалып	жүр	22
демалып	жатқан	49
демалып	қайт	26
демалып	демалып	34
демалып	алайын	53
демалып	келсін	43
демалып	жүрсің	55
демалып	жатсыз	54
демалып	жатырсың	35
демалып	жатсын	26
демалып	жатырмыз	53
демалып	келдің	47
демалып	алсай	58
демалып	келіңдер	58
демалып	жатсыңдар	38
демалып	тұрдың	46
демалып	алыңыз	57
демалып	келіңіз	44
демалып	жатырсыз	46
демалып	жатсыңба	27
демалып	жатырсыңдар	50
демалып	жатсыздар	38
демалып	келіңіздер	48
демалып	қайтыңдар	49
демалып	жатырсыздар	21
демалып	жатсызба	39
демалып	жатырсызба	54
демалып	қайтыңыз	59
демалып	қайтыңыздар	48
келес	ай	42
келес	жылы	15
келес	апта	16
келес	абай	15
келес	ауданы	18
келесі	де	16
келесі	ай	40
келесі	күні	14
келесі	жаңа	20
келесі	жыл	51
келесі	келгенде	36
келесі	жылы	51
келесі	апта	12
келесі	жеті	10
келесі	жолы	52
келесі	айда	15
келесі	айдан	15
келесі	жұма	36
келесі	айдын	48
келесі	айдың	43
келесі	аида	19
келесі	жазда	49
келесі	айға	50
келесі	рамазан	29
келесі	аптада	41
келесі	жылға	20
келесі	аптадан	35
келесі	ойынға	45
келесі	аптаға	50
келесі	аптаның	29
келесі	оразаға	44
балам	?	37
балам	мен	29
балам	жақсы	38
балам	деп	49
балам	!	40
балам	қалай	31
балам	қалайсың	46
балам	сен	20
балам	бар	57
балам	да	17
балам	менің	55
балам	аман	53
балам	туған	48
балам	үшін	40
балам	қайда	55
балам	ауырып	57
балам	туылған	33
балам	екеуміз	53
балам	жылап	49
қызық	жоқ	54
қызық	бар	30
қызық	болсын	51
қызық	маған	47
қызық	болып	58
қызық	болды	16
қызық	екен	20
қызық	емес	18
қызық	адам	10
қызық	болса	53
қызық	болады	50
қызық	боп	42
қызық	еді	23
қызық	үшін	56
қызық	қой	34
қызық	болған	48
қызық	көріп	47
қызық	болмай	50
қызық	қызық	23
қызық	болатын	50
қызық	емеспа	57
қызық	емесқо	58
қызық	таймс	57
вас	?	54
вас	!	16
вас	как	29
вас	все	29
вас	там	48
вас	за	40
вас	су	54
вас	же	39
вас	есть	49
вас	будет	15
вас	дела	50
вас	всех	22
вас	зовут	45
алты	адам	40
алты	ай	30
алты	күн	18
алты	мың	31
алты	жыл	19
алты	жүз	20
алты	жарымда	26
алтын	мен	19
алтын	ғой	57
алтын	алып	52
алтын	адам	46
алтын	қыз	38
алтын	апа	34
алтын	қызым	50
алтын	братишка	35
алтын	белгі	46
алтын	сырға	47
алтын	сататын	41
алтын	орда	55
алтын	қолда	16
алтын	алқа	30
алтын	сақина	50
алтын	ұрпақ	50
алтын	ордаға	45
алтын	жүзік	33
алтын	ордада	55
алтын	ордадан	49
астана	?	41
астана	мен	49
астана	деп	57
астана	қалай	44
астана	да	54
астана	күні	31
астана	алматы	22
астана	шымкент	36
астана	дан	56
астана	астана	58
астана	күніне	54
астана	қаласынан	31
астана	уақытымен	51
сәламатсыз	!	36
сәламатсыз	апай	52
сәламатсыз	дар	36
өтіп	жатыр	31
өтіп	адам	10
өтіп	тұр	57
өтіп	кет	53
өтіп	кетті	37
өтіп	бара	13
өтіп	кетіп	20
өтіп	жүр	38
өтіп	жатқан	58
өтіп	кеткен	28
өтіп	кеттім	16
өтіп	кете	48
өтіп	кетеді	42
өтіп	кетсе	27
өтіп	кеттік	36
өтіп	кетет	52
өтіп	кетіпті	57
өтіп	кететін	35
өтіп	жатырма	49
өтіп	кетсін	45
өтіп	кетпесін	46
өтіп	кеттіма	42
алай	дүлей	54
алайын	?	9
алайын	мен	46
алайын	деп	58
алайын	жаным	8
алайын	да	54
алайын	деген	56
алайын	десем	28
алайын	дегем	23
айтшы	?	19
айтшы	мен	24
айтшы	деп	31
айтшы	сен	41
айтшы	жаным	46
айтшы	енді	42
айтшы	неге	42
айтшы	маған	52
айтшы	ал	22
айтшы	мені	53
айтшы	тез	46
айтшы	өтініш	57
айтшы	айтшы	17
сәтті	болсын	16
сәтті	күн	10
сәтті	өтсін	12
сәтті	берекелі	6
сәтті	сапар	36
сәттілік	!	20
сәттілік	болсын	14
сәттілік	жаным	33
сәттілік	тілеймін	37
сәттілік	сәттілік	6
сәттілік	серік	52
сәттілік	тілеп	24
сәттілік	тілейміз	54
сәттілік	серігің	30
сәттілік	серігіңіз	45
келесің	?	57
келесің	деп	10
келесің	сен	41
келесің	ғой	57
келесің	енді	19
келесің	ауылға	39
келесің	дер	45
қиын	деп	20
қиын	ғой	48
қиын	болып	21
қиын	болды	15
қиын	екен	17
қиын	емес	16
қиын	болса	17
қиын	болад	46
қиын	болады	48
қиын	ау	20
қиын	боп	54
қиын	кезде	24
қиын	сияқты	47
қиын	болған	56
қиын	болмаса	19
қиын	бопты	23
қиын	жағдай	50
қиын	қиын	38
қиын	болатын	28
қиын	емеспа	50
қиын	болыпты	54
қиын	болайын	45
қиын	жағдайда	56
ыс	ыс	50
ыстық	деп	10
ыстық	болып	29
ыстық	болды	17
ыстық	екен	24
ыстық	емес	42
ыстық	болса	25
ыстық	болады	40
ыстық	боп	27
ыстық	күн	28
ыстық	үйде	50
ыстық	қой	57
ыстық	тамақ	26
ыстық	болған	30
ыстық	су	46
ыстық	шай	20
ыстық	күнде	42
ыстық	нан	22
ыстық	өтіп	50
ыстық	ыстық	50
ыстық	емеспа	53
ыстық	шәй	55
ыстық	жел	55
ыстық	ауа	46
ыстық	суға	45
ыстық	көл	37
ыстық	көлге	55
ор	ал	46
орын	жоқ	13
орын	бар	15
орын	керек	11
орын	алып	35
орын	болса	17
орын	барма	22
орын	ала	16
орын	қалды	44
орын	тауып	42
орын	бос	50
орын	болмай	32
орын	алды	38
орын	алу	48
орын	алған	58
орын	жоқпа	36
орын	толып	57
орын	саны	46
қазақша	сөйле	51
қазақша	кино	46
қазақша	жаза	18
қазақша	білесің	48
қазақша	дорама	55
қазақша	ән	42
қазақша	сөйлеп	51
қазақша	әндер	55
қазақша	сөйлей	22
қазақша	мултфилм	45
қазақша	кинолар	41
қазақша	дорамалар	42
қойып	алып	54
қойып	жатыр	57
қойып	ем	29
қойып	еді	52
қойып	жатырмын	45
қойып	қой	40
қойып	едім	32
қойып	жатқан	17
қойып	кеткен	57
қойып	кеттім	56
қойып	қойып	43
қойып	қойдым	56
қойып	қойған	29
қойып	едік	38
қойып	қойыпты	53
ақшасы	жақсы	51
ақшасы	жоқ	41
ақшасы	бар	17
ақшасы	рахмет	16
ақшасы	керек	39
ақшасы	да	37
ақшасы	болса	34
ақшасы	көп	36
ақшасы	қанша	22
ақшасы	аз	17
ақшасы	түсті	31
ақшасы	түссе	39
ақшасын	мен	41
ақшасын	қалай	50
ақшасын	да	52
ақшасын	маған	57
ақшасын	алып	49
ақшасын	осы	26
ақшасын	ертең	54
ақшасын	саған	49
ақшасын	қашан	49
ақшасын	ала	45
ақшасын	салып	55
ақшасын	сұрап	16
ақшасын	беріп	25
ақшасын	тауып	26
ақшасын	жібере	53
ақшасын	жіберіп	45
ақшасын	беру	53
ақшасын	беремін	49
ақшасын	бермей	50
ақшасын	төлеп	56
ақшасын	аударып	19
ақшасын	салған	33
ақшасын	лақтырып	18
ақшасын	төлеу	56
ақшасын	қайтарып	51
ақшасын	саласыз	52
келсін	деп	18
келсін	!	19
келсін	рахмет	12
келсін	жаным	22
келсін	рақмет	17
келсін	әумин	17
келсін	дейді	52
келсін	аумин	41
)	?	52
)	)	47
тойға	?	25
тойға	жақсы	54
тойға	деп	56
тойға	керек	52
тойға	да	56
тойға	кім	46
тойға	барып	48
тойға	ақша	25
тойға	кетті	46
тойға	кел	43
тойға	келіп	57
тойға	келе	55
тойға	бара	49
тойға	шығып	30
тойға	кетіп	53
тойға	барам	30
тойға	дейін	30
тойға	келген	34
тойға	кеткен	51
тойға	барамыз	50
тойға	баратын	28
тойға	келесің	32
тойға	кетеді	48
тойға	барады	57
тойға	бару	44
тойға	шақырып	48
тойға	барған	33
тойға	барамын	47
тойға	келетін	51
тойға	барайын	53
тойға	барғанда	56
тойға	көйлек	48
тойға	барасың	39
тойға	барайық	37
тойға	дайындалып	50
тойға	барғым	34
тойға	келіңдер	52
тойға	дайындық	53
тойға	шақыру	18
тойға	келесіңдер	23
тойға	киетін	53
тойға	келіңіздер	38
тойға	шақырды	57
тойға	ұлассын	50
жіберіп	жатыр	19
жіберіп	жатсың	17
жіберіп	тұр	51
жіберіп	еді	37
жіберіп	жатырмын	46
жіберіп	қой	28
жіберіп	едім	36
жіберіп	отыр	23
жіберіп	отырмын	30
жіберіп	жатқан	44
жіберіп	қойып	46
жіберіп	берші	52
жіберіп	қоя	58
жіберіп	қойдым	44
жіберіп	қойшы	16
жіберіп	қойған	51
жіберіп	отыратын	55
жіберіп	қойыңыз	16
жіберіп	қойсай	52
адамдар	мен	56
адамдар	бар	40
адамдар	керек	12
адамдар	ғой	48
адамдар	бір	55
адамдар	да	55
адамдар	неге	44
адамдар	екен	54
адамдар	болса	54
адамдар	болады	32
адамдар	көп	52
адамдар	барма	26
адамдар	үшін	35
адамдар	келіп	55
адамдар	кеп	36
адамдар	сияқты	51
адамдар	ұйықтап	52
адамдар	келеді	54
келсе	мен	57
келсе	жақсы	39
келсе	де	37
келсе	деп	33
келсе	бір	54
келсе	маған	53
келсе	алып	36
келсе	болды	49
келсе	екен	32
келсе	осы	33
келсе	болады	54
келсе	айт	56
келсе	айтып	43
келсе	барып	54
келсе	келе	53
келсе	ала	54
келсе	айта	57
келсе	жауап	54
келсе	айтам	31
келсе	болар	49
сағындым	мен	51
сағындым	деп	55
сағындым	ғой	27
сағындым	жаным	18
сағындым	сені	14
сағындым	қатты	10
сағындым	сізді	27
сағындым	сағындым	37
сағындым	сендерді	31
сағындым	душа	53
болу	керек	43
болу	деген	4
болу	үшін	51
болу	мүмкін	17
болу	қиын	35
болу	оңай	56
болу	керекпа	52
болу	кк	41
болу	керекқо	54
зор	болсын	52
зор	ғой	47
зор	болып	23
зор	болды	32
зор	екен	32
зор	болад	17
зор	болады	54
зор	боп	46
зор	жер	32
зор	бопты	55
зор	болар	51
зор	зор	21
зор	денсаулық	31
зор	болатын	9
зор	болыпты	45
ден	алып	57
ден	кейін	52
ден	бері	18
ден	өте	39
ден	кете	39
ден	бастап	28
ден	асып	21
ден	аса	51
ден	жоғары	23
ден	саулық	36
ден	саулығы	18
ден	саулығың	44
ден	саулығыңыз	27
денсаулық	жақсы	40
денсаулық	қалай	25
денсаулық	болсын	7
денсаулық	керек	46
денсаулық	болса	30
денсаулық	бала	54
денсаулық	бақыт	54
денсаулық	берсін	45
денсаулық	тілеймін	19
денсаулық	пен	12
денсаулық	ұзақ	42
денсаулық	зор	19
денсаулық	баға	56
денсаулық	мықты	51
денсаулық	жақсыма	22
денсаулық	қажымас	14
денсаулық	сақтау	14
біліп	ал	56
біліп	алып	38
біліп	жатыр	38
біліп	тұр	55
біліп	едім	37
біліп	жүр	34
біліп	отыр	33
біліп	отырмын	31
біліп	білмей	29
біліп	алдым	55
біліп	алу	49
біліп	тұрған	45
біліп	алған	51
біліп	алайын	51
біліп	қойып	36
біліп	берші	56
біліп	қойды	21
біліп	тұрмын	45
біліп	беріңізші	33
біліп	бересіз	36
біліп	тұрсың	54
біліп	жүрсін	39
біліп	қойдың	55
база	істемей	47
базар	жоқ	16
базар	да	8
базар	күні	55
базар	жақта	46
базар	жаққа	29
базар	жақтан	22
базар	аралап	49
берші	?	44
берші	мен	46
берші	деп	43
берші	жаным	18
берші	маған	40
берші	деген	31
берші	өтініш	47
берші	өтінем	17
кішкене	жақсы	53
кішкене	бар	38
кішкене	болсын	55
кішкене	болса	23
кішкене	ақша	51
кішкене	ауырып	52
кішкене	ғана	30
кішкене	ұйықтап	29
кішкене	қалды	45
кішкене	уақыт	50
кішкене	жүріп	47
кішкене	демалып	54
кішкене	ден	40
кішкене	болсада	57
кішкене	күте	32
кішкене	кешігіп	33
барлық	адам	43
барлық	бала	36
барлық	қыз	49
барлық	қыздар	51
барлық	жер	52
барлық	жерде	40
барлық	жерге	20
барлық	қалаға	38
барлық	нәрсе	47
барлық	зат	41
барлық	арман	57
барлық	жерден	47
барлық	жақсылықты	42
барлық	жері	12
барлық	жағынан	55
барлық	жерді	43
барлық	нәрсені	46
барлық	жерін	48
барлық	жерім	57
барлық	нәрсеге	55
барлық	жақсылықтарды	56
барлық	сұраққа	13
барлық	жеріңді	23
барлық	армандарың	56
жүрсің	?	56
жүрсің	деп	14
жүрсің	сен	33
жүрсің	ғой	45
жүрсің	жаным	18
жүрсің	ол	52
жүрсің	ау	47
жүрсің	дер	43
завтра	?	33
завтра	или	21
завтра	если	40
завтра	еще	56
завтра	до	56
завтра	есть	43
завтра	будет	50
завтра	буду	34
завтра	вечером	44
завтра	выходной	41
болат	?	56
болат	деп	39
болат	ол	18
болат	екен	50
болат	деген	23
болат	аға	42
болатын	болды	38
болатын	адам	18
болатын	болса	38
болатын	еді	19
болатын	қыз	15
болатын	кезде	38
болатын	едім	49
болатын	сияқты	53
болатын	нәрсе	20
болатын	болдым	43
болатын	жері	55
болатын	болдыма	57
болатын	шығарсың	52
болатын	шығармын	56
жоқпын	мен	43
жоқпын	деп	27
жоқпын	!	34
жоқпын	сен	49
жоқпын	ғой	52
жоқпын	ол	14
жоқпын	бірақ	48
киім	мен	55
киім	де	48
киім	жоқ	54
киім	бар	30
киім	керек	34
киім	ал	32
киім	алып	51
киім	барма	17
киім	ала	50
киім	ап	42
киім	анау	57
киім	беріп	53
киім	қарап	54
киім	заказ	49
киім	алп	45
киім	алам	49
киім	алдым	35
киім	алу	45
киім	алған	25
киім	алайын	51
киім	жуып	51
киім	алатын	52
киім	киіп	51
киім	аламыз	24
киім	алдың	53
киім	дайындап	56
киім	алуға	56
киім	ауыстырып	34
киім	сататын	31
киім	үтіктеп	47
сатып	ал	54
сатып	алып	36
сатып	жатыр	15
сатып	жатсың	17
сатып	ақша	52
сатып	кетті	46
сатып	жатырмын	52
сатып	ала	44
сатып	жүр	24
сатып	жатқан	53
сатып	жүрген	44
сатып	алам	56
сатып	алды	23
сатып	алдым	45
сатып	алу	24
сатып	алған	19
сатып	алайын	20
сатып	алатын	38
сатып	аласың	35
сатып	жібердім	53
сатып	алады	42
сатып	аламыз	50
сатып	алдың	42
сатып	алсам	53
сатып	аламын	51
сатып	алуға	39
сатып	жіберген	34
биле	биле	53
билет	?	13
билет	жоқ	56
билет	бар	19
билет	керек	32
билет	ал	36
билет	алып	57
билет	болса	14
билет	қанша	48
билет	барма	50
билет	шығып	43
билет	ала	56
билет	ап	39
билет	қарап	47
билет	қалды	45
билет	тауып	50
билет	алп	54
билет	болмай	46
билет	алам	43
билет	алдым	56
билет	алу	39
билет	алған	36
билет	алайын	42
билет	сатып	49
билет	каспий	56
билет	бағасы	52
билет	таппай	17
билет	аламыз	56
билет	алдың	41
билет	алуға	49
билет	алайық	55
билет	саны	48
билет	құны	18
билет	бонус	21
жазам	?	53
жазам	мен	56
жазам	деп	45
жазам	сен	14
жазам	ғой	51
жазам	жаным	33
жазам	деген	46
жазам	саған	49
жазам	аха	48
жазам	жазам	55
таңертең	мен	13
таңертең	бір	53
таңертең	алып	55
таңертең	ерте	45
таңертең	жұмыс	15
таңертең	барып	33
таңертең	кешке	43
таңертең	шығып	57
таңертең	барам	57
таңертең	бұйырса	47
таңертең	сағат	47
таңертең	жұмысқа	36
таңертең	нешеде	43
таңертең	қалаға	28
таңертең	ертерек	45
таңертең	шығамыз	51
келгенде	мен	56
келгенде	де	37
келгенде	сен	47
келгенде	бір	54
келгенде	маған	44
келгенде	алып	45
келгенде	айт	42
келгенде	айтып	34
келгенде	бәрі	47
келгенде	жаз	56
келгенде	ала	49
келгенде	айта	52
келгенде	айтам	49
келгенде	званда	42
келгенде	жаза	48
келгенде	жазам	56
келгенде	хабарлас	55
айтқа	аман	43
айтқан	мен	3
айтқан	жоқ	46
айтқан	ғой	16
айтқан	да	34
айтқан	маған	56
айтқан	екен	53
айтқан	адам	33
айтқан	дұрыс	46
айтқан	еді	54
айтқан	кезде	33
айтқан	едім	37
айтқан	сияқты	27
айтқан	соң	41
айтқан	жоқпын	24
айтқан	жоқпа	17
айтқан	сайын	54
айтқан	жоқсың	53
айтқан	сөзі	45
айтқан	сөзің	55
айтқан	сөздері	47
айтқан	сөздерің	55
айтса	да	57
айтса	болады	19
айтса	айта	18
айтсай	?	18
айтсай	мен	41
айтсай	сен	41
айтсай	жаным	38
айтсай	енді	39
айтсай	неге	16
айтсай	айтсай	55
ет	деп	54
ет	жоқ	39
ет	бар	40
ет	керек	28
ет	алып	43
ет	барма	32
ет	салып	51
ет	беріп	28
ет	жеп	53
ет	пен	19
ет	шығарып	44
ет	асып	37
қоя	ғой	15
қоя	тұр	43
қоя	бер	25
қоя	алмай	14
қоя	берші	43
қоя	алмаймын	22
қоя	берейін	51
қоя	беріңіз	45
қоя	аласыз	20
қоя	салдым	56
қоя	беріңізші	47
қоя	тұршы	50
қоя	саласың	54
қоя	салыңыз	51
қоя	салыңызшы	40
қоя	салайық	46
жатсыз	?	28
жатсыз	ғой	12
жатсыз	жан	50
жатсыз	жаным	37
жатсыз	дар	20
іздеп	жатыр	14
іздеп	жатсың	14
іздеп	жатырм	55
іздеп	жатырмын	55
іздеп	жазып	18
іздеп	едім	56
іздеп	көрем	56
іздеп	жүр	49
іздеп	отыр	18
іздеп	отырмын	46
іздеп	жатқан	51
іздеп	тауып	30
іздеп	жүрген	32
іздеп	жүріп	23
іздеп	жүрсің	53
іздеп	жүрмін	48
іздеп	жатырмыз	36
іздеп	таппай	54
іздеп	көрейін	55
іздеп	жүрсіз	45
кредит	?	50
кредит	деп	53
кредит	жоқ	47
кредит	бар	52
кредит	алып	20
кредит	деген	16
кредит	қанша	46
кредит	ала	55
кредит	алп	43
кредит	алам	55
кредит	алу	50
кредит	алған	50
кредит	шығарып	49
кредит	алайын	43
кредит	ақшасын	52
кредит	жауып	55
кредит	алуға	40
кредит	төлеп	54
кредит	төлеу	25
кредит	төлей	20
кредит	жабу	53
кредит	төлейтін	49
кредит	төлеуім	33
лай	лай	49
лайк	?	16
лайк	бас	55
лайк	пен	21
лайк	лайк	54
лайк	басып	44
лайк	басты	11
лайк	баса	52
лайк	бастым	22
лайк	басшы	16
лайк	басам	16
лайк	басқан	26
лайк	басу	38
лайк	коментарий	56
лайк	басады	56
лайк	басамыз	52
лайк	баспай	46
лайк	басыңдаршы	54
баға	жетпес	55
бағана	мен	14
бағана	сен	35
бағана	бір	41
бағана	неге	29
бағана	маған	48
бағана	мама	47
бағана	саған	54
бағана	айтып	51
бағана	барып	46
бағана	келіп	52
бағана	шығып	56
бағана	кетіп	56
бағана	ғана	53
бағана	ұйықтап	31
бағана	звандап	56
бағана	айттым	54
бағана	айтқан	50
ренжіп	қала	50
ренжіп	жатыр	52
ренжіп	жатсың	20
ренжіп	жүр	53
ренжіп	отыр	42
ренжіп	қалды	38
ренжіп	жатқан	27
ренжіп	жүрген	33
ренжіп	жүрсің	29
ренжіп	қалдың	21
ренжіп	калган	12
ренжіп	қалады	49
ренжіп	қалам	43
ренжіп	отырсың	37
ренжіп	қалар	49
ренжіп	жүрме	55
ренжіп	қалдыңыз	56
бірде	жоқ	35
бірде	бар	19
бірде	бір	17
бірдеңе	деп	13
бірдеңе	бар	19
бірдеңе	керек	38
бірдеңе	алып	37
бірдеңе	болып	24
бірдеңе	болды	29
бірдеңе	деген	41
бірдеңе	істеп	53
бірдеңе	болса	32
бірдеңе	дұрыс	20
бірдеңе	айтып	55
бірдеңе	боп	41
бірдеңе	барма	46
бірдеңе	шығып	56
бірдеңе	жазып	51
бірдеңе	ала	47
бірдеңе	ішіп	44
бірдеңе	болған	51
бірдеңе	айтам	56
бірдеңе	десе	36
бірдеңе	десем	40
бірдеңе	жеп	55
бірдеңе	деді	32
бірдеңе	дедім	48
бірдеңе	етіп	55
бірдеңе	қылып	51
бірдеңе	айтайын	24
бірдеңе	айтсам	19
бірдеңе	бірдене	32
бірдеңе	болдыма	22
бірдеңе	сұрайын	56
бірдеңе	сұрасам	26
бірдеңе	бүлдіріп	43
айтпа	мен	56
айтпа	деп	35
айтпа	сен	23
айтпа	енді	51
айтпа	ол	56
айтпа	маған	55
айтпа	менде	37
айтпа	деген	45
айтпа	олай	44
айтпа	айтпа	42
айтпа	ешкімге	52
еге	бол	44
егер	мен	11
егер	жақсы	17
егер	де	47
егер	сен	42
егер	жоқ	19
егер	бар	50
егер	керек	51
егер	бір	48
егер	ол	44
егер	маған	25
егер	осы	44
егер	мені	37
егер	менің	35
егер	сені	39
егер	адам	49
егер	саған	53
егер	болса	49
егер	солай	42
егер	біз	51
егер	сіз	56
егер	бос	30
егер	қарсы	53
егер	мүмкіндік	46
каспий	?	55
каспий	мен	40
каспий	де	39
каспий	жоқ	20
каспий	бар	38
каспий	да	40
каспий	осы	48
каспий	ақша	18
каспий	барма	53
каспий	ден	49
каспий	жұма	41
каспий	голд	18
каспий	банк	13
каспий	карта	33
каспий	арқылы	52
каспий	нөмір	54
каспий	голдқа	49
каспий	жұмаға	45
каспий	жұмадан	49
каспий	жұмамен	50
ертерек	неге	52
ертерек	алып	55
ертерек	болса	41
ертерек	айт	48
ертерек	айтып	48
ертерек	барып	32
ертерек	кел	21
ертерек	келіп	27
ертерек	келе	39
ертерек	бара	30
ертерек	шығып	46
ертерек	қайт	35
ертерек	жатып	40
ертерек	келсе	49
ертерек	жазылып	54
ертерек	бару	49
ертерек	шық	47
ертерек	айту	56
ертерек	әрекет	49
ертерек	айтқанда	46
ертерек	айтпадың	55
жазылып	жатыр	46
жазылып	тұр	54
жазылып	кет	19
жазылып	кетті	9
жазылып	келе	40
жазылып	кеткен	51
жазылып	тұрған	55
жазылып	кетеді	49
жазылып	қойдым	46
жазылып	шық	52
жазылып	кетсе	56
жазылып	кетші	46
жазылып	кетсін	49
жазылып	кетіңіз	11
жазылып	кетіңдер	16
жазылып	кетіңіздер	39
түсір	деп	48
түсіріп	ал	13
түсіріп	алып	53
түсіріп	жатыр	39
түсіріп	жүр	35
түсіріп	жібер	56
түсіріп	жіберші	26
түсіріп	алдым	11
түсіріп	алған	39
түсіріп	жібере	39
түсіріп	жіберіп	20
түсіріп	жіберем	48
түсіріп	жіберіңізші	37
түсіріп	жібересіз	17
түсіріп	жіберейін	51
түсіріп	алыпты	54
олда	мен	56
олда	жақсы	54
олда	сен	32
олда	жоқ	54
олда	бар	31
олда	бір	16
олда	маған	25
олда	мені	51
олда	сені	47
олда	дұрыс	52
олда	болады	22
олда	солай	43
олда	мүмкін	53
дал	осы	43
дал	қазір	19
дал	солай	20
дал	сондай	17
дал	осылай	33
дал	осындай	23
дал	казір	32
дала	да	28
дала	деген	21
дала	күшті	33
дала	жаман	22
дала	ыстық	34
дала	жел	17
дала	кайф	27
дала	жанып	39
дала	салқын	19
дала	суық	27
дала	аяз	25
далада	өзің	35
далада	жатыр	55
далада	жатырмын	44
далада	жүр	46
далада	отыр	28
далада	отырмын	44
далада	жатқан	28
далада	ойнап	49
далада	жүрген	36
далада	күтіп	24
далада	жүріп	54
далада	жүрсің	52
далада	қалып	51
далада	жүрмін	52
далада	журген	34
далада	жаңбыр	55
далада	жүрміз	52
жігітте	қояр	53
жігіттер	?	4
жігіттер	мен	27
жігіттер	!	21
жігіттер	бар	16
жігіттер	қайырлы	41
жігіттер	көп	48
жігіттер	барма	53
жігіттер	қалайсыңдар	55
жігіттер	қыздар	11
жігіттер	жаңа	16
жігіттер	амансыңдарма	41
жігіттер	ұнайды	50
екеуі	жақсы	38
екеуі	де	54
екеуі	бар	14
екеуі	бір	44
екеуі	қанша	17
екеуі	екі	51
екеуі	бақытты	19
екеуі	ғана	49
екеуі	ұйықтап	35
екеуі	бірге	51
екеуі	бірдей	21
екеуі	қосылып	40
екеуі	ұлдана	55
қалып	жатыр	32
қалып	тұр	18
қалып	еді	39
қалып	кетті	18
қалып	жатырмын	32
қалып	кетіп	43
қалып	едім	48
қалып	жүр	19
қалып	отырмын	55
қалып	қалды	54
қалып	жатқан	50
қалып	кеткен	54
қалып	кеттім	23
қалып	қойып	55
қалып	кетеді	46
қалып	қойды	53
қалып	қойдым	32
қалып	жатса	44
қалып	қойған	49
қалып	едік	20
қалып	кетіпті	52
қалып	қалыпты	23
қалып	кетпесін	55
қалып	қойыпты	45
қалып	жүрме	32
қалып	қоймасын	49
айфон	?	51
айфон	мен	46
айфон	деп	54
айфон	бар	51
айфон	керек	52
айфон	алып	47
айфон	емес	22
айфон	құтты	47
айфон	болса	49
айфон	неше	55
айфон	алп	54
айфон	алам	40
айфон	алу	40
айфон	ватсап	47
айфон	айфон	39
айфон	бесплатно	32
сіздің	де	54
сіздің	бір	29
сіздің	туған	51
сіздің	үй	48
сіздің	үйде	50
сіздің	үйге	43
сіздің	инста	37
сіздің	жеті	41
сіздің	қызыңыз	27
сіздің	есіміңіз	46
сіздің	балаңыз	38
сіздің	атыңыз	53
сіздің	қасыңызда	46
сіздің	үйіңізге	44
сіздің	нөміріңізді	48
сіздің	көмегіңіз	44
сіздің	арқаңызда	54
ұл	?	44
ұл	мен	42
ұл	деп	27
ұл	бар	34
ұл	болсын	41
ұл	керек	53
ұл	бір	54
ұл	болып	49
ұл	болса	43
ұл	боп	41
ұл	бала	54
ұл	қыз	31
ұл	қыздар	18
ұл	сияқты	38
ұл	балаға	53
ұл	туып	43
ұл	қыздарың	49
ұл	қызыңның	52
ұл	қыздарыңның	45
ұл	қыздарыңыздың	17
ұстап	қала	26
ұстап	бір	29
ұстап	ал	55
ұстап	алып	52
ұстап	жатыр	25
ұстап	тұр	36
ұстап	кетті	18
ұстап	жүр	55
ұстап	отыр	33
ұстап	отырмын	23
ұстап	қалды	53
ұстап	жүрген	33
ұстап	алды	35
ұстап	алдым	51
ұстап	алу	48
ұстап	тұрған	52
ұстап	алған	25
ұстап	қалып	42
ұстап	отырған	52
ұстап	алса	50
ұстап	алсам	52
ұстап	қалады	54
жылы	мен	37
жылы	деп	52
жылы	да	53
жылы	болып	49
жылы	екен	49
жылы	құт	54
жылы	құтты	31
жылы	болса	13
жылы	су	48
жылы	сөз	20
жылы	жылы	26
жылы	суға	46
жылы	киініп	36
жылы	табыс	23
жылы	сөздер	33
жылы	берекелі	49
жылы	табысты	35
жылы	жақсылығымен	28
жу	деп	49
жу	керек	19
жуып	енді	27
жуып	ал	40
жуып	алып	50
жуып	болып	50
жуып	жатыр	23
жуып	жатырмын	26
жуып	жатқан	17
жуып	келдім	53
жуып	алдым	51
жуып	алайын	52
жуып	қойдым	26
жуып	болдым	46
жуып	тазалап	35
жуып	тастайын	32
дедім	мен	54
дедім	сен	32
дедім	ғой	47
дедім	енді	13
дедім	ол	54
дедім	да	40
дедім	болды	31
дедім	саған	51
жоқпа	?	37
жоқпа	деп	11
жоқпа	енді	23
жоқпа	екен	47
жоқпа	сенде	27
жатырсың	?	49
жатырсың	ғой	10
жатырсың	жаным	32
жатырсың	дар	22
сурет	?	12
сурет	жоқ	54
сурет	бар	31
сурет	керек	29
сурет	болса	47
сурет	барма	43
сурет	қайда	39
сурет	салып	49
сурет	видео	29
сурет	жібер	30
сурет	жіберші	29
сурет	жібере	12
сурет	жіберіп	52
сурет	жіберем	29
сурет	видио	54
сурет	жіберіңізші	52
сурет	салуға	49
мықты	деп	55
мықты	бол	55
мықты	болсын	39
мықты	ғой	10
мықты	болып	43
мықты	екен	24
мықты	болса	26
мықты	боп	46
мықты	қыз	54
мықты	жігіт	53
мықты	болу	50
мықты	денсаулық	49
мықты	мықты	18
мықты	азамат	17
мықты	маман	43
ара	арасында	35
ара	шағып	22
ара	қатынас	18
ара	қашықтық	33
арай	?	33
арай	мен	47
арай	қалайсың	29
арай	сен	39
арай	деген	47
арай	апай	44
арай	арай	43
арай	кешірші	41
день	?	29
день	!	23
день	как	12
день	добрый	53
жалпы	?	44
жалпы	мен	19
жалпы	жақсы	38
жалпы	сен	46
жалпы	өзің	50
жалпы	сәлем	54
жалпы	осы	49
жалпы	айтып	53
жалпы	қанша	30
жалпы	қандай	53
жалпы	сұрап	53
жалпы	неше	55
жалпы	айтам	54
жалпы	жағдай	53
жалпы	жағдайы	52
жалпы	білім	44
жалпы	конкурс	50
жалпы	дамыту	53
зат	?	39
зат	деп	33
зат	жоқ	50
зат	бар	44
зат	керек	20
зат	ол	32
зат	алып	47
зат	екен	18
зат	емес	47
зат	болса	29
зат	айтып	36
зат	көп	50
зат	барма	50
зат	ала	52
зат	салып	45
зат	беріп	45
зат	келді	42
зат	заказ	54
зат	алп	44
зат	алам	47
зат	алу	48
зат	алайын	37
зат	сатып	54
зат	алуға	54
зат	есім	45
көреміз	деп	40
көреміз	!	27
көреміз	ғой	39
көреміз	жаным	18
көреміз	бір	52
көреміз	енді	55
көреміз	ол	15
көреміз	ертең	51
көреміз	деген	43
көреміз	емес	52
көреміз	көп	52
көреміз	бұйырса	27
онлайн	?	45
онлайн	деп	47
онлайн	болып	42
онлайн	болса	41
онлайн	болады	45
онлайн	жұмыс	43
онлайн	боп	12
онлайн	дейді	52
онлайн	болмаса	46
онлайн	жұмысқа	49
онлайн	сабақ	32
онлайн	магазин	34
онлайн	мектепке	44
онлайн	мектепте	37
онлайн	курс	41
онлайн	табыс	53
онлайн	түрде	41
онлайн	бесплатно	53
онлайн	жұмысты	53
онлайн	оқитын	17
онлайн	оқиды	45
онлайн	мектептен	49
онлайн	мектепті	46
онлайн	мектептің	49
онлайн	мектептегі	53
онлайн	оқимыз	53
онлайн	болғанға	46
кімге	?	36
кімге	керек	19
кімге	айтып	17
кімге	жазып	25
кімге	беріп	27
кімге	айтам	53
кімге	ғашық	33
кімге	аккаунт	40
кімге	сеніп	30
кімге	ұқсайды	55
кімге	жазайын	34
кетеді	?	38
кетеді	мен	41
кетеді	деп	50
кетеді	ғой	17
кетеді	ол	15
кетеді	да	49
кетеді	екен	54
кетеді	деген	16
кетеді	ау	46
кетеді	дейді	39
кетеді	екенсің	43
жұмыстан	?	47
жұмыстан	енді	43
жұмыстан	алып	21
жұмыстан	ерте	50
жұмыстан	кеш	51
жұмыстан	қашан	35
жұмыстан	келіп	46
жұмыстан	келе	17
жұмыстан	шығып	27
жұмыстан	үйге	14
жұмыстан	кеп	52
жұмыстан	кейін	38
жұмыстан	жаңа	18
жұмыстан	соң	47
жұмыстан	келген	30
жұмыстан	нешеде	34
жұмыстан	келдім	38
жұмыстан	шаршап	32
жұмыстан	шығарып	28
жұмыстан	қол	41
жұмыстан	келгенде	42
жұмыстан	қайтып	45
жұмыстан	шықтым	25
жұмыстан	келдің	39
жұмыстан	шықтың	45
жұмыстан	келгесін	42
жұмыстан	сұранып	52
жұмыстан	шыққасын	38
қойды	деп	46
қойды	ғой	19
қойды	ау	14
қойдым	мен	39
қойдым	деп	45
қойдым	рахмет	25
қойдым	ғой	50
қойдым	енді	18
қойдым	ау	45
жақсыма	?	54
жақсыма	жақсы	8
жақсыма	!	42
жақсыма	жаным	50
жақсыма	аман	50
жақсыма	бала	52
жақсыма	бәрі	20
жақсыма	үй	27
жақсыма	балдар	49
жақсыма	денсаулық	46
апта	деп	27
апта	бар	38
апта	да	53
апта	болып	41
апта	болды	40
апта	или	18
апта	болады	52
апта	барып	51
апта	барам	51
апта	ғана	47
апта	бұрын	53
апта	ішінде	31
апта	бойы	47
апта	сайын	46
жанар	мен	20
жанар	қалайсың	44
жанар	деген	36
жанар	апа	50
жанар	апай	35
жанар	тәте	20
жанар	тате	49
жанар	ханым	46
болдым	мен	41
болдым	деп	34
болдым	ғой	23
болдым	жаным	17
болдым	енді	49
болдым	ау	33
быр	адам	52
быр	ай	38
быр	бала	50
быр	кезде	22
быр	видео	48
быр	жерде	47
быр	рет	45
быр	жерге	32
быр	жыл	33
быр	зат	52
быр	апта	44
быр	баламен	51
быр	ауыз	51
әпше	?	47
әпше	мен	19
әпше	жақсы	27
әпше	деп	48
әпше	!	49
әпше	рахмет	49
әпше	маған	48
әпше	ертең	48
әпше	құтты	44
әпше	бүгін	54
әпше	қалайсыз	52
әпше	туған	13
әпше	өзіңіз	51
әпше	сіз	52
әпше	туылған	50
әпше	қалайсыздар	38
әпше	жағдайыңыз	54
аумин	деп	48
аумин	!	44
аумин	рахмет	19
аумин	жаным	10
аумин	рақмет	30
аумин	аумин	15
аумин	айтқаның	18
аумин	айтқаныңыз	17
азамат	бол	21
азамат	болсын	31
азамат	болып	11
азамат	деген	13
азамат	боп	40
азамат	аға	45
азамат	пен	36
азамат	азамат	42
азамат	негроид	51
қайтып	алып	7
қайтып	жатыр	52
қайтып	кетті	43
қайтып	келіп	21
қайтып	келе	44
қайтып	бара	16
қайтып	жатырмын	13
қайтып	кетіп	19
қайтып	салып	47
қайтып	барам	54
қайтып	келді	39
қайтып	келген	49
қайтып	кеткен	50
қайтып	келеді	42
қайтып	келдім	51
қайтып	кеттім	52
қайтып	кетем	25
қайтып	келем	51
қайтып	жатырмыз	47
қайтып	кеттің	47
қайтып	кеттік	37
басы	жоқ	45
басы	бар	33
басы	аман	26
басы	қатты	40
басы	кетіп	37
басы	ауырып	37
басы	бос	19
басы	екеу	17
басы	айналып	37
басы	қатып	22
басы	істемейді	41
басым	деп	42
басым	кетті	51
басым	қатты	53
басым	кетіп	22
басым	жаман	32
басым	ауырып	41
басым	бос	7
басым	аурп	19
басым	айналып	37
басым	қатып	16
басым	істемей	16
басым	ауырады	45
басым	ауырды	51
басым	бәлеге	42
басым	ауған	53
жүрмін	мен	54
жүрмін	деп	46
жүрмін	ғой	26
жүрмін	жаным	14
жүрмін	өзің	42
арман	мен	41
арман	жоқ	35
арман	ғой	46
арман	болып	46
арман	болды	32
арман	деген	41
арман	боп	38
арман	аға	43
арман	арман	41
арман	тілектерің	46
арман	мақсаттары	37
арман	мақсаттарың	51
арман	мақсаттарыңа	42
арман	мақсаттарына	19
жіберем	деп	46
жіберем	ғой	15
жіберем	деген	27
жіберем	саған	30
жіберем	қазір	53
жіберем	деді	46
өткен	жоқ	44
өткен	ай	34
өткен	туған	38
өткен	жаңа	19
өткен	соң	20
өткен	туылған	17
өткен	жылы	33
өткен	апта	20
өткен	жолы	32
өткен	айда	18
өткен	сайын	20
өткен	күнім	27
өткен	аптада	26
өткенде	мен	28
өткенде	де	28
өткенде	сен	31
өткенде	бір	38
өткенде	маған	20
өткенде	алып	45
өткенде	саған	51
өткенде	айтып	51
өткенде	барып	30
өткенде	біз	47
өткенде	сіз	52
өткенде	ғана	54
өткенде	алған	43
өткенде	айттым	48
өткенде	айтқан	47
өткенде	барғанда	35
жалғыз	?	53
жалғыз	мен	49
жалғыз	сен	35
жалғыз	өзі	41
жалғыз	өзің	20
жалғыз	емес	19
жалғыз	бала	46
жалғыз	қыз	53
жалғыз	тастап	42
жалғыз	қалып	49
жалғыз	емеспін	40
жалғыз	басты	52
жалғыз	емессің	27
жалғыз	қалғанда	48
дом	?	42
дом	для	24
амансыңба	?	51
амансыңба	жақсы	14
амансыңба	қалайсың	45
амансыңба	рахмет	14
амансыңба	жаным	46
амансыңба	шүкір	45
амансыңба	қалайсыңдар	30
амансыңба	балдар	46
амансыңба	денсаулық	53
май	мен	13
май	жоқ	42
май	бар	51
май	керек	33
май	алып	43
май	болып	47
май	барма	51
май	ала	51
май	жеп	47
май	май	50
май	құйып	28
май	жағып	50
май	июнь	42
май	айында	39
алмаймын	мен	46
алмаймын	деп	29
алмаймын	!	18
алмаймын	ғой	51
алмаймын	енді	18
алмаймын	деген	49
алмаймын	ау	53
алмаймын	дейді	28
алмаймын	алмаймын	39
алмаймын	ренжіме	26
кешегі	мен	49
кешегі	ақша	43
кешегі	бала	46
кешегі	күн	44
кешегі	қыз	43
кешегі	үшін	48
кешегі	тамақ	53
кешегі	видео	50
кешегі	жерге	51
кешегі	алған	47
кешегі	айтқан	48
кешегі	ақшаны	37
кешегі	күннен	38
кешегі	тойдан	46
кешегі	суреттерді	53
менікі	де	50
менікі	деп	18
менікі	жоқ	36
менікі	ғой	53
менікі	емес	54
менікі	дұрыс	17
менікі	сияқты	19
менікі	менікі	43
всегда	мен	54
всегда	солай	36
всегда	за	35
всегда	будет	49
всегда	буду	47
разы	болсы	31
разы	болсын	33
атын	?	1
атын	кім	48
атын	айтып	8
атын	жазып	40
атын	айта	23
атын	білмеймін	52
атын	ұмытып	46
атын	айтшы	19
атын	атын	48
келп	жатыр	30
келп	тұр	45
келп	кетті	18
келп	жүр	38
келп	алп	40
келп	тұрған	30
магазин	?	33
магазин	де	45
магазин	деп	27
магазин	бар	52
магазин	барып	21
магазин	барма	41
магазин	алдында	53
магазин	жақта	50
магазин	ашып	42
магазин	жаққа	45
магазин	ашық	40
магазин	жабық	36
магазин	жабылып	48
магазин	аралап	53
нұр	болар	52
нұр	сабақ	40
нұр	нұр	44
нұр	үстіне	44
нұр	жаусын	34
бағасы	?	37
бағасы	да	17
бағасы	қанша	40
бағасы	қандай	6
бағасы	неше	46
бағасы	қымбат	23
бағасы	қаншадан	51
жауып	алып	35
жауып	жатыр	52
жауып	тұр	16
жауып	кетті	17
жауып	жатырмын	34
жауып	жатқан	43
жауып	таста	53
жауып	тастап	48
жауып	тастады	40
жауып	тастадым	40
жауып	тастай	43
жауып	тастаған	51
жауып	тастайын	43
ару	?	50
ару	мен	48
ару	қалайсың	29
ару	сен	39
ару	жоқ	42
ару	емес	53
ару	қыз	28
берік	болсын	52
берік	аға	3
берік	бот	40
еті	бар	35
етіп	алып	13
етіп	жатыр	46
етіп	тұр	23
етіп	жатырмын	53
етіп	жүр	49
етіп	отыр	46
етіп	жасап	52
етіп	жатқан	53
етіп	жіберші	41
етіп	жүрген	48
етіп	тастадым	46
екені	көрініп	40
екенін	мен	10
екенін	де	49
екенін	қалай	43
екенін	енді	48
екенін	айтып	50
екенін	жазып	39
екенін	айта	51
екенін	көріп	51
екенін	білмей	52
екенін	білмеймін	33
екенін	ұмытып	18
екенін	біліп	34
екенін	біле	19
екенін	білем	47
екенін	білесің	36
екенін	біледі	26
екенін	білмедім	51
екенін	білмейді	51
екенін	білу	51
екенін	көрсеңіз	52
адрес	?	40
адрес	қалай	16
адрес	керек	19
адрес	айт	52
адрес	айтып	52
адрес	қандай	40
адрес	жазып	12
адрес	қайда	18
адрес	айта	36
адрес	жаза	53
адрес	жібере	45
адрес	айтшы	51
адрес	какой	51
болсада	мен	37
болсада	жақсы	36
болсада	бір	41
болсада	маған	46
болсада	алып	50
болсада	болады	45
болсада	аман	34
болсада	тауып	40
кеші	жоқ	48
кешір	мен	12
кешір	деп	19
кешір	жаным	33
кешір	енді	24
кешір	мені	28
кешір	алла	18
кешір	бірақ	46
кешір	кешір	42
кешір	артық	10
кешірші	мен	43
кешірші	деп	43
кешірші	жан	47
кешірші	жаным	50
кешірші	енді	16
кешірші	мені	34
кешірші	сенде	17
кешірші	өтініш	49
кешірші	ботам	47
кешірші	кешірші	49
кешірші	білмеппін	6
келін	мен	53
келін	деп	44
келін	қалай	47
келін	бар	43
келін	болсын	46
келін	керек	42
келін	алып	45
келін	болып	22
келін	құтты	19
келін	боп	17
келін	бала	39
келін	болған	30
келін	келді	46
келін	шай	45
келін	болатын	45
келін	түсіріп	43
келін	қылып	39
келін	екеуің	48
келін	болуға	49
дома	?	53
дома	или	11
дома	все	41
дома	көріп	51
дома	есть	48
дома	буду	45
дома	будешь	41
алатын	болып	42
алатын	болды	51
алатын	адам	38
алатын	болса	14
алатын	ақша	31
алатын	еді	34
алатын	кезде	43
алатын	едім	20
алатын	жер	20
алатын	адамдар	36
алатын	болдым	41
алатын	болсаң	37
алатын	болсам	29
алатын	едік	38
алатын	болдың	50
алатын	болсан	44
алатын	шығарсың	43
алатын	ақшам	45
алатын	заттар	51
алатын	болдық	52
алатын	шығармын	48
алатын	болсаңыз	39
алатын	болдыңыз	37
алатын	жылуды	49
казір	мен	36
казір	керек	38
казір	бір	51
казір	алып	48
казір	емес	52
казір	барып	41
казір	барам	47
казір	келдім	47
жайлы	болсын	51
жайлы	тұр	13
жайлы	айтып	10
жайлы	жазып	25
жайлы	айта	40
жайлы	әңгіме	47
жайлы	жатып	50
жайлы	толық	17
жайлы	сұрайын	45
жайлы	білейін	30
жайлы	ақпарат	46
жайлы	тұрыңыз	39
жайлы	білгім	16
жайлы	тұрыңдар	51
жайлы	топырағы	24
бұрын	мен	32
бұрын	жақсы	34
бұрын	қалай	48
бұрын	сен	49
бұрын	бір	52
бұрын	да	35
бұрын	алып	44
бұрын	осы	51
бұрын	айтып	52
бұрын	барып	49
бұрын	солай	47
бұрын	болған	52
бұрын	сондай	38
ешкімге	де	53
ешкімге	керек	47
ешкімге	айтып	18
ешкімге	ақша	45
ешкімге	ештеңе	41
ешкімге	айта	20
ешкімге	айтқан	44
ешкімге	айтпа	47
ешкімге	берме	15
ешкімге	бермей	43
ешкімге	айтпай	45
ешкімге	айтпайм	19
ешкімге	қарамай	36
ешкімге	жіберме	52
ешкімге	айтпаймын	51
ешкімге	бергім	44
ешкімге	сенбе	46
ешкімге	айтпаңыз	49
ешкімге	бермеймін	52
ешкімге	айтпайақ	36
көз	бар	49
көз	деген	52
көз	жас	50
көз	алдында	50
көз	сатып	47
көз	жасы	47
көз	айым	27
көз	жасын	48
көз	ісіп	53
көз	жасым	51
көз	тимесін	39
көз	жеткізіп	11
көз	алдымда	50
көз	жасына	20
көз	алдыңда	33
көз	тиеді	50
көз	алдымнан	36
көз	алдымызда	41
көз	қуанышы	47
көз	жұмып	19
көз	қуаныштарың	46
көз	жасыма	26
көз	жасымды	52
көз	қуаныштарыңыз	47
көз	қуанышымыз	44
қылып	алып	52
қылып	жатыр	36
қылып	істеп	38
қылып	айтып	46
қылып	жазып	52
қылып	салып	51
қылып	отыр	41
қылып	жасап	50
всем	!	44
всем	қайырлы	23
всем	ассалаумалейкум	44
всем	доброе	42
всем	добрый	22
ары	емес	41
ары	күні	50
ары	бері	44
ары	ойна	10
ары	кетсе	50
ары	бери	14
ұят	деп	28
ұят	жоқ	39
ұят	болып	19
ұят	болды	19
ұят	екен	12
ұят	деген	35
ұят	емес	33
ұят	болад	17
ұят	болады	39
ұят	ай	15
ұят	боп	32
ұят	қайда	25
ұят	қой	42
ұят	сияқты	18
ұят	болған	47
ұят	болар	41
ұят	болат	26
ұят	болатын	51
ұят	болсада	51
ұят	емеспа	48
ұят	болмасын	28
ұят	емеспе	34
его	?	51
его	за	31
его	имя	45
его	зовут	50
дел	?	43
дела	?	7
дела	!	3
дела	как	52
дела	красавица	28
буду	тебе	34
буду	вас	49
буду	всегда	52
буду	делать	50
буду	играть	29
буду	говорить	37
буду	жить	49
буду	ждать	50
буду	мешать	18
балалар	?	30
балалар	мен	48
балалар	жақсы	30
балалар	!	20
балалар	қалай	40
балалар	бар	11
балалар	да	30
балалар	аман	40
балалар	үшін	24
балалар	үйде	38
балалар	қайда	48
балалар	бақытты	50
балалар	ұйықтап	18
балалар	өсіп	39
балалар	күніне	52
балалар	мерекесі	48
өшір	деп	25
өшіріп	қайта	17
өшіріп	таста	51
өшіріп	тастап	14
өшіріп	алдым	19
өшіріп	тастады	43
өшіріп	тастадым	34
өшіріп	тастай	14
өшіріп	тастаған	32
өшіріп	тастадың	21
өшіріп	тастапты	15
өшіріп	тастағансың	39
өшіріп	тастаңыз	52
өшіріп	тастапсың	50
өшіріп	тастадыңыз	51
барад	деп	50
барад	екен	16
барады	?	17
барады	мен	19
барады	деп	44
барады	ғой	17
барады	ол	19
барады	да	46
барады	екен	52
барады	деген	15
барады	ау	49
барады	қазір	47
барады	бұйырса	52
барады	екенбіз	47
ішім	деп	46
ішім	қатты	49
ішім	жаман	46
ішім	ауырып	40
ішім	ашып	14
ішім	өтіп	32
ішім	алай	23
ішім	пысып	51
ішім	аурп	6
ішім	толып	37
ішім	пысты	42
ішім	күйіп	17
ішім	пісіп	32
ішім	өртеніп	50
ішім	пысады	51
қос	деп	47
қос	лайк	17
қосып	алып	15
қосып	жатыр	39
қосып	қой	45
қосып	салып	40
қосып	беріп	44
қосып	жібер	48
қосып	жіберші	52
қосып	қойып	28
қосып	берші	40
қосып	қойдым	31
қосып	жіберіңізші	39
қосып	тұрса	50
қосып	беріңіздер	25
қосып	жіберейік	24
бару	керек	50
бару	үшін	3
бару	керекпа	23
бару	кк	41
арты	жақсы	46
арты	қайырлы	16
арты	жаман	6
артық	жақсы	25
артық	жоқ	25
артық	болып	46
артық	емес	41
артық	адам	36
артық	болса	38
артық	айтып	40
артық	ақша	51
артық	кетіп	20
артық	ештеңе	22
артық	ешкім	17
артық	кеткен	51
артық	әңгіме	28
артық	кеттім	18
артық	сөз	47
артық	болмайды	19
артық	нәрсе	51
артық	зат	31
артық	айтсам	48
артық	кетпе	38
артық	сөйлеп	43
артық	ақшам	51
артық	ештеме	50
артық	кетсем	50
артық	салмақ	17
таза	деп	51
таза	болып	50
таза	екен	33
таза	емес	45
таза	адам	26
таза	болса	50
таза	боп	28
таза	мал	47
таза	су	40
таза	қазақ	39
таза	қазақша	49
таза	болу	50
таза	қылып	50
таза	жынды	50
таза	ауа	51
таза	ауада	18
таза	ауаға	22
кіммен	?	46
кіммен	көп	19
кіммен	келе	44
кіммен	бара	48
кіммен	сөйлесіп	51
кіммен	жүрсің	8
кіммен	барасың	20
кіммен	пара	46
кіммен	тұрасың	52
кіммен	бардың	42
кіммен	сөлесіп	49
кіммен	сөйлестің	48
группа	?	43
группа	!	34
группа	бар	50
группа	да	18
группа	барма	19
группа	тыныш	37
группа	ашып	40
группа	дан	20
группа	сатып	36
группа	группа	47
берді	?	16
берді	мен	17
берді	деп	49
берді	ғой	17
берді	маған	18
берді	екен	48
берді	айтып	44
берді	тарихтан	33
берді	математикадан	38
бердік	жақсы	45
бердік	!	44
бердік	рахмет	16
бердік	шүкір	47
бердік	мама	43
бердік	қалайсыз	46
бердік	апа	9
бердік	қалайсыздар	25
бердік	баршаңызға	11
бердік	жеңеше	42
дегем	мен	49
дегем	жоқ	51
дегем	ғой	38
дегем	негізі	11
был	?	51
был	бы	18
была	?	19
была	бы	19
былай	?	18
былай	жақсы	49
былай	деп	33
былай	да	33
былай	ақ	32
былай	шығып	49
былай	жазып	50
былай	айта	51
былай	қарап	51
былай	былай	37
былай	қарасаң	18
жынды	мен	50
жынды	деп	50
жынды	ғой	48
жынды	болып	48
жынды	екен	17
жынды	емес	22
жынды	адам	37
жынды	боп	37
жынды	қыз	22
жынды	сияқты	16
жынды	қылып	41
жынды	жынды	25
жынды	емеспін	50
жынды	қатын	43
жынды	аяулым	50
мынаны	мен	47
мынаны	қалай	36
мынаны	сен	28
мынаны	енді	50
мынаны	да	52
мынаны	неге	31
мынаны	маған	46
мынаны	алып	49
мынаны	кім	32
мынаны	айтып	32
мынаны	ала	44
мынаны	көріп	49
мынаны	қара	28
мынаны	қарасай	37
екінші	адам	43
екінші	күн	49
екінші	күні	38
екінші	рет	23
екінші	этаж	15
екінші	этажда	47
әлде	?	49
әлде	мен	36
әлде	де	27
әлде	қалай	47
әлде	сен	51
әлде	жоқ	40
әлде	бір	50
әлде	ол	41
әлде	өзің	51
әлде	маған	49
әлде	ертең	47
әлде	мені	49
әлде	қандай	45
әлде	басқа	43
әлде	қайда	24
ойын	?	50
ойын	деп	50
ойын	бар	48
ойын	ғой	29
ойын	болып	35
ойын	болды	51
ойын	емес	48
ойын	барма	42
ойын	ойнап	45
ойын	ойын	17
ойын	көтере	44
ойын	ойнаймыз	47
ойын	ойнайық	50
жерден	?	41
жерден	бір	50
жерден	алып	48
жерден	шығып	19
жерден	ала	43
жерден	көріп	42
жерден	тауып	50
жерден	қоя	50
жерден	көрген	34
жерден	боласың	42
біле	алмай	40
біле	тұра	13
білем	мен	12
білем	деп	23
білем	сен	34
білем	ғой	31
білем	жаным	13
білем	ол	46
білем	бірақ	41
білем	сенің	32
білем	білем	50
қалдары	қалай	49
қалдарың	жақсы	3
қалдарың	қалай	38
күнге	?	1
күнге	де	40
күнге	деп	35
күнге	керек	46
күнге	барып	45
күнге	барам	40
күнге	дейін	50
күнге	ғана	14
күнге	сәттілік	47
күнге	тілек	29
күнге	күйіп	41
күнге	жеткізсін	29
күнге	нашарлап	31
аружан	?	31
аружан	мен	43
аружан	деп	22
аружан	қалайсың	45
аружан	сен	49
аружан	деген	48
аружан	аружан	28
кайдан	?	17
кайдан	алып	43
кайдан	тауып	39
кайдан	алам	22
кайдан	алдын	46
кайдан	біліп	27
кайдан	білем	46
кайдан	білесің	26
кайдан	алдың	38
кайдан	боласын	43
кайдан	білейін	18
кайдан	билем	17
ағай	?	51
ағай	мен	26
ағай	!	17
ағай	бар	25
ағай	маған	45
ағай	ертең	43
ағай	бүгін	39
ағай	қалайсыз	39
ағай	сәлеметсіз	31
ағай	сіз	47
түсті	?	48
түсті	деп	48
түсті	рахмет	29
түсті	ғой	17
түсті	рақмет	25
жүрек	?	16
жүрек	мен	42
жүрек	жоқ	46
жүрек	бар	45
жүрек	деген	39
жүрек	қой	51
жүрек	жүрек	46
жүрек	эмоция	14
өзін	?	51
өзін	жақсы	20
өзін	де	45
өзін	қалайсың	48
өзін	өзі	19
өзін	алып	17
өзін	ғана	50
өзін	біл	44
өзін	білесін	23
емеспа	?	41
емеспа	деп	12
емеспа	ол	23
емеспа	екен	46
емеспа	саған	50
біраз	бар	51
біраз	болып	36
біраз	болды	38
біраз	адам	15
біраз	жұмыс	25
біраз	ақша	44
біраз	күн	35
біраз	болған	30
біраз	жер	43
біраз	әңгіме	50
біраз	жерге	27
біраз	уақыт	34
біраз	жыл	16
біраз	жүріп	43
біраз	нәрсе	44
біраз	зат	18
біраз	боласың	39
біраз	уақыттан	43
далаға	алып	44
далаға	шығып	44
далаға	кетіп	12
далаға	жатып	47
далаға	шығарып	49
далаға	шығасың	35
далаға	шық	15
далаға	шықтым	41
далаға	шығамыз	50
далаға	шықпай	41
далаға	шығатын	43
далаға	төсек	50
далаға	шығайық	43
далаға	шығуға	43
ха-ха	ха-ха	38
ха-ха	эра	1
мадина	?	20
мадина	мен	49
мадина	қалайсың	32
мадина	деген	41
мадина	апай	39
мадина	мадина	32
мадина	ханым	12
мадина	саян	50
жақын	деп	19
жақын	ғой	50
жақын	болып	36
жақын	екен	38
жақын	емес	34
жақын	адам	45
жақын	болса	26
жақын	қалды	38
жақын	жер	48
жақын	жерде	24
жақын	дос	17
жақын	досым	29
жақын	жерге	32
жақын	жерден	38
жақын	араласып	29
жақын	арада	48
жақын	адамым	16
вам	?	42
вам	!	19
вам	за	27
вам	большое	36
кара	мен	40
кара	деп	46
кара	болып	38
кара	боп	31
кара	бала	30
кара	шай	46
кара	нан	49
кара	футболка	50
кара	шалбар	50
куда	?	43
куда	бала	14
кудай	жаным	24
кудай	ай	20
кудай	ау	33
кудай	бақ	41
кудай	қаласа	31
кудай	кудай	7
кудай	сақтасын	41
кудай	ақы	14
басып	алып	51
басып	жатыр	48
басып	кетті	39
басып	жатырмын	45
басып	отырмын	45
басып	жіберші	50
басып	кеткен	34
басып	тастап	44
басып	кетші	44
басып	жіберіңізші	43
басып	тіркеліп	33
басып	болсаңыз	40
басып	тұрыңыз	48
знаю	?	42
знаю	как	41
знаю	кто	19
знаю	где	34
знаю	когда	40
знаю	даже	50
жатсын	?	35
жатсын	деп	14
жатсын	жаным	35
жатсын	дар	26
жатсын	айша	22
үйі	жоқ	45
үйі	бар	21
үйіне	бар	15
үйіне	алып	50
үйіне	барып	46
үйіне	қашан	14
үйіне	кетті	51
үйіне	келіп	35
үйіне	бара	37
үйіне	кетіп	19
үйіне	барам	26
үйіне	келген	26
үйіне	кеткен	48
үйіне	кіріп	50
үйіне	тастап	29
үйіне	келдім	48
үйіне	барамыз	48
үйіне	апарып	26
үйіне	баратын	26
үйіне	барады	44
үйіне	шақырып	50
үйіне	барған	42
үйіне	барамын	46
үйіне	барсам	50
үйіне	барайын	48
үйіне	барғанда	47
үйіне	барасың	41
үйіне	қонаққа	47
үйіне	бармақ	50
ая	ая	22
аяқ	қалай	33
аяқ	ауырып	34
аяқ	қол	44
аяқ	киім	38
аяқ	қолы	9
аяқ	қолым	38
аяқ	қолың	24
аяқ	асты	44
аяқ	жағы	10
аяқ	қолын	38
аяқ	жағында	42
аяқ	астынан	46
аяқ	киімдер	15
аяқ	киімді	34
аяқ	киімі	25
аяқ	киімін	34
аяқ	киімге	37
аяқ	киімім	38
аяқ	киімнің	50
өзіңе	жақсы	41
өзіңе	де	33
өзіңе	қалай	16
өзіңе	сен	43
өзіңе	керек	38
өзіңе	бір	19
өзіңе	өзің	50
өзіңе	алып	35
өзіңе	көп	45
өзіңе	келіп	18
өзіңе	ғана	50
өзіңе	жауап	41
өзіңе	қара	50
өзіңе	қарап	30
өзіңе	қиын	17
өзіңе	байланысты	50
өзіңе	ыңғайлы	38
өзіңе	сенімді	45
өзіңе	ұнаса	46
өзіңе	ұнайтын	31
өзіңе	ұнағанын	47
уақытта	?	47
уақытта	мен	40
уақытта	жоқ	49
уақытта	алып	50
уақытта	болады	48
уақытта	барып	45
уақытта	келе	51
уақытта	келеді	47
уақытта	дайын	22
уақытта	келесің	35
уақытта	шығасың	24
уақытта	шығамыз	31
уақытта	келесіз	48
автобус	?	44
автобус	жоқ	47
автобус	бар	32
автобус	күтіп	41
автобус	пен	17
автобус	барады	18
автобус	тоқтап	42
ағам	мен	46
ағам	деп	19
ағам	қалай	42
ағам	жоқ	36
ағам	бар	45
ағам	ғой	15
ағам	да	43
ағам	алып	48
ағам	менің	46
ағам	келіп	49
ағам	келді	48
ағам	екеуіңіз	47
сағынып	жатыр	37
сағынып	жатырм	45
сағынып	жатырмын	49
сағынып	жүр	24
сағынып	отырмын	28
сағынып	жүрген	26
сағынып	кеттім	36
сағынып	кетем	7
сағынып	жылап	48
сағынып	жүрсің	48
сағынып	жүрмін	45
сағынып	кеттік	17
сағынып	қалыпты	33
сағынып	кетім	47
сағынып	кеттімғо	34
сағынып	кеттімғой	46
аласың	?	45
аласың	деп	21
аласың	ғой	34
шақ	еді	19
шақ	тілеймін	13
шақ	тілейміз	4
шақыр	деп	16
шақырып	ал	15
шақырып	алып	49
шақырып	жатыр	25
шақырып	еді	8
шақырып	жатырмын	31
шақырып	отыр	31
шақырып	қалды	48
шақырып	жатқан	45
шақырып	алды	36
шақырып	қойдым	31
шақырып	қойған	49
гу	әулетінің	43
соңғы	күн	37
соңғы	екі	16
соңғы	кезде	42
соңғы	күні	17
соңғы	рет	28
соңғы	уақытта	11
соңғы	жағы	40
соңғы	жағында	42
соңғы	сөзім	50
соңғы	күндері	43
соңғы	сөзің	34
соңғы	кездері	49
жіберді	?	17
жіберді	деп	35
жіберді	ғой	18
жібердім	деп	15
жібердім	рахмет	34
жібердім	ғой	33
берейін	?	16
берейін	деп	43
берейін	деген	10
берейін	десем	30
берейін	дегем	28
инста	?	25
инста	мен	39
инста	жоқ	49
инста	бар	38
инста	да	35
инста	или	27
инста	барма	48
инста	көріп	18
инста	қарап	47
инста	дан	37
инста	аккаунт	38
доброе	!	48
доброе	день	45
доброе	доброе	37
анашым	мен	25
анашым	!	11
анашым	менің	49
анашым	қалайсыз	34
анашым	аман	37
анашым	туған	39
анашым	туылған	29
анашым	анашым	42
анашым	жәннәтім	28
жет	!	45
жеті	ата	15
жеті	мың	27
жеті	нан	20
жеті	жүз	19
жеті	жарымда	19
жетіп	ал	19
жетіп	жатыр	14
жетіп	тұр	32
жетіп	алдым	41
жетіп	алайын	37
жетіп	қалдың	18
жетіп	алдың	43
жетіп	қалдық	20
жетіп	алдық	35
жетіп	алсын	41
жетіп	алайық	47
жетіп	алыңыз	46
жетіп	алдыңба	19
жетіп	алдыңыз	39
жетіп	алыңдар	41
жетіп	алдыңдар	17
жетіп	алыңыздар	30
жетіп	алдыңдарма	31
жетіп	алдыңыздар	40
түсінбедім	?	44
түсінбедім	мен	14
түсінбедім	сені	41
достар	?	44
достар	мен	37
достар	!	16
достар	маған	16
достар	осы	40
достар	менің	35
достар	қайырлы	46
достар	қалайсыңдар	45
достар	тауып	19
достар	лайк	36
достар	қайтарамын	44
достар	тіркеліп	37
достар	тіркелген	48
достар	домалақ	44
достар	тіркелеміз	25
кә	мен	43
кә	бір	30
кә	барам	40
кә	күт	23
кә	келем	42
кә	күте	43
кәз	мен	42
кәз	бір	36
кәз	үйге	41
кәз	барам	47
кәз	сұрап	29
кәз	келдім	49
кәз	келем	44
кәз	күте	42
жатырмыз	деп	50
жатырмыз	!	28
жатырмыз	ғой	40
жатырмыз	дейді	19
дәрі	жоқ	47
дәрі	бар	44
дәрі	керек	25
дәрі	алып	37
дәрі	барма	20
дәрі	жазып	45
дәрі	ала	27
дәрі	ішіп	43
дәрі	беріп	11
дәрі	алу	22
дәрі	берді	44
дәрі	іше	41
дәрі	іштің	49
дәрі	ішу	22
дәрі	іштім	44
дәрі	дәрмек	38
какой	?	35
какой	там	15
какой	он	42
какой	же	40
какой	еще	40
какой	день	49
какой	дом	41
какой	адрес	44
какой	город	46
көрші	деп	34
көрші	бала	42
көрші	қыз	34
көрші	үйде	38
көрші	үйге	49
көрші	апа	49
шығасың	?	39
шығасың	деп	13
шығасың	ғой	43
шығасың	дар	32
шығасың	жұмыстан	18
әке	мен	30
әке	деп	21
әке	деген	46
әке	ана	45
әке	сенің	35
әке	әке	46
әке	шеше	45
әке	шешесі	35
әке	шешем	18
әке	шешесін	19
әке	шешесіне	40
әке	шешесінің	38
әке	шешеме	41
әке	шешеңе	39
әке	шешемді	43
әке	шешемнің	46
ага	?	46
ага	мен	49
ага	деп	28
ага	бар	48
ага	ага	47
жәй	бір	44
жәй	болып	48
жәй	айтып	45
жәй	сұрап	38
жәй	ғана	31
жәй	дос	16
жәй	оқып	49
жәй	жәй	38
жәй	әшейін	20
барған	жақсы	49
барған	жоқ	39
барған	ғой	25
барған	да	45
барған	екен	23
барған	адам	40
барған	дұрыс	49
барған	кезде	30
барған	күні	15
барған	едім	42
барған	жер	36
барған	жерде	47
барған	соң	35
барған	жерге	9
барған	жоқпын	45
барған	сайын	17
барған	едік	26
барған	жері	49
барған	жоқсың	45
барған	жерінде	48
барған	жоқпыз	31
барған	жеріне	42
барған	қадамы	45
барған	жеріңде	26
қалдың	?	47
қалдың	ғой	20
қалдың	ау	15
қалдың	дар	25
журген	мен	36
журген	жоқ	45
журген	адам	44
журген	бала	23
журген	кезде	43
журген	жоқпын	36
бека	?	31
бека	мен	47
бека	деп	25
бека	қалайсың	47
бека	сен	43
бека	деген	47
бека	бека	37
ішін	ашып	17
ішін	пысып	21
ішін	тазалап	16
ішінде	мен	23
ішінде	жоқ	43
ішінде	бар	44
ішінде	бір	34
ішінде	бәрі	30
ішінде	берілген	41
ішінде	тіркеле	39
ішінде	тіркейді	44
тұра	тұр	40
тұра	бер	19
тұра	салып	33
тұра	алмай	39
тұра	берсін	15
тұра	береді	11
тұра	алмаймын	30
тұра	аласың	40
тұра	алмайды	43
тұра	берсе	48
тұра	алмайтын	44
тұра	тұршы	44
тұра	берсінші	49
конечно	!	46
конечно	жаным	38
конечно	же	37
қалада	?	35
қалада	бір	30
қалада	да	46
қалада	екен	49
қалада	емес	44
қалада	кім	37
қалада	болса	49
қалада	жұмыс	49
қалада	едім	38
қалада	жүр	43
қалада	жүрген	32
қалада	болам	38
қалада	жүрмін	45
қалада	емеспін	33
қалада	болсаң	37
қалада	тұрасың	47
қалада	тұрасыз	17
жолы	мен	48
жолы	бар	37
жолы	болсын	36
жолы	да	16
жолы	ақ	40
жолы	бұйырса	45
жолы	ашық	47
пысып	жатыр	19
пысып	кетті	17
пысып	жүр	6
пысып	отыр	42
пысып	жатқан	18
пысып	кеткен	47
пысып	кетеді	48
дана	мен	49
дана	қалайсың	34
дана	деген	42
дана	апай	45
дана	дана	41
дана	красавица	46
ми	?	13
ми	жоқ	47
ми	бар	25
ми	ашып	47
ми	ми	16
ми	ашу	49
баласы	?	23
баласы	мен	49
баласы	деп	33
баласы	жоқ	38
баласы	бар	47
баласы	ғой	13
баласы	да	32
баласы	болып	40
баласы	екен	47
баласы	емес	46
баласы	болса	46
баласы	үшін	48
баласы	ауырып	47
баласы	қайтыс	43
баласы	үйленіп	41
емеспін	мен	37
емеспін	деп	21
емеспін	!	20
емеспін	сен	37
емеспін	ғой	46
емеспін	бірақ	16
емеспін	дегенді	46
емеспін	танысу	48
бәрібір	мен	45
бәрібір	жақсы	33
бәрібір	де	48
бәрібір	деп	46
бәрібір	сен	42
бәрібір	ғой	43
бәрібір	бір	22
бәрібір	маған	43
бәрібір	болып	23
бәрібір	екен	46
бәрібір	емес	42
бәрібір	емеспа	33
қойшы	мен	48
қойшы	деп	40
қойшы	сен	27
қойшы	жаным	44
қойшы	енді	25
қойшы	болды	33
қойшы	өтініш	16
таппай	жатыр	47
таппай	жатырм	25
таппай	жатырмын	34
таппай	жүр	12
таппай	отыр	36
таппай	отырмын	47
таппай	қойдым	18
таппай	жүрмін	47
таппай	жатырмыз	39
таппай	қалдық	41
амансыңдарма	?	47
амансыңдарма	бала	9
амансыңдарма	үй	44
амансыңдарма	қалайсыңдар	49
амансыңдарма	қыздар	40
амансыңдарма	жаңа	43
амансыңдарма	балдар	40
амансыңдарма	жақсысыңдарма	19
жасы	болсын	9
жасы	құтты	19
жасы	келген	12
жасы	үлкен	49
жасы	нешеде	38
жасы	ұзақ	33
жасы	қаншада	4
ерке	мен	46
ерке	өзі	38
ерке	бала	41
ерке	қыз	32
ерке	қызы	17
ерке	мықты	46
ерке	есмахан	40
намаз	оқы	31
намаз	оқып	46
намаз	бастап	9
намаз	оқуға	43
намаз	уақыты	32
намаз	оқыған	32
намаз	оқи	46
намаз	оқитын	47
намаз	оқиды	19
намаз	оқисың	29
намаз	оқимын	43
намаз	оқығанда	37
дәл	мен	47
дәл	сен	41
дәл	өзі	43
дәл	осы	20
дәл	бүгін	15
дәл	қазір	45
дәл	солай	11
дәл	сондай	13
дәл	осылай	26
дәл	осындай	16
дәл	осыны	19
дәл	казір	48
дәл	кәзір	36
дәл	қазіргі	25
дәл	таптың	31
дәл	қәзір	48
айда	мен	38
айда	деп	41
айда	бір	46
айда	да	32
айдан	кейін	47
айдан	бері	12
айдан	соң	16
айдан	бастап	15
айдан	асты	13
айдан	асып	20
айдана	?	24
айдана	мен	47
айдана	қалайсың	29
айдана	деген	37
айдана	апай	38
айдана	айдана	43
айдана	атың	16
айтайын	?	43
айтайын	мен	38
айтайын	деп	36
айтайын	деген	10
айтайын	десем	28
айтайын	дегем	17
айтайын	дегенім	18
соның	өзі	28
соның	бәрі	19
соның	бәрін	26
соның	алдында	17
соның	ақшасын	48
соның	үйіне	39
соның	ішінде	42
соның	қасында	17
соның	өзіне	31
соның	бәріне	45
соның	орнына	45
соның	қасына	33
соның	ішіне	48
соның	өзінде	46
соның	ішінен	25
соның	арқасында	47
соның	кесірінен	41
алады	?	32
алады	деп	18
алады	!	18
алады	ғой	45
алады	ол	18
алады	да	46
алады	екен	29
алады	деген	16
алады	ау	37
алады	екенсің	48
отырған	мен	41
отырған	жоқ	43
отырған	өзің	20
отырған	адам	19
отырған	кезде	36
отырған	едім	42
отырған	сияқты	39
отырған	соң	36
отырған	жоқпын	36
отырған	ұл	18
отырған	шығарсың	17
отырған	жоқсың	49
адамды	жақсы	46
адамды	қалай	28
адамды	жынды	37
адамды	қызықтырып	24
адамды	шошытып	41
ренжіме	мен	48
ренжіме	деп	23
ренжіме	жаным	46
ренжіме	енді	28
ренжіме	маған	31
ренжіме	бірақ	35
ренжіме	ренжіме	43
айтады	?	19
айтады	мен	38
айтады	деп	36
айтады	сен	19
айтады	ғой	40
айтады	ол	16
айтады	да	42
айтады	маған	30
айтады	екен	43
айтады	екенсің	18
ақшан	бар	48
ақшан	болса	14
ақшан	барма	13
ақшаны	мен	13
ақшаны	қалай	43
ақшаны	да	26
ақшаны	маған	47
ақшаны	алып	38
ақшаны	ертең	20
ақшаны	кім	47
ақшаны	саған	44
ақшаны	бүгін	42
ақшаны	қашан	47
ақшаны	қайда	30
ақшаны	салып	46
ақшаны	беріп	18
ақшаны	тауып	45
ақшаны	алу	42
ақшаны	кімге	25
ақшаны	аударып	43
ақшаны	шешіп	40
ақшаны	қайтарып	46
ақшаны	толықтай	45
было	?	28
было	все	18
было	бы	47
барамын	мен	15
барамын	деп	45
барамын	ғой	14
барамын	деген	19
барамын	алла	36
барамын	бұйырса	34
барамын	дейді	20
ұйқы	жоқ	33
ұйқы	деген	11
ұйқы	дұрыс	45
ұйқы	келіп	48
ұйқы	бас	21
ұйқы	қайда	37
ұйқы	кеп	11
ұйқы	сұрап	26
ұйқы	келді	48
ұйқы	келмей	32
ұйқы	бермей	30
ұйқы	қашып	48
ұйқы	ашылып	46
ұйқы	қысып	48
ұйқы	қанды	20
ұйқы	қанбай	31
ашық	болсын	34
ашық	болып	13
ашық	екен	44
ашық	емес	43
ашық	болса	44
ашық	тұр	29
ашық	болады	25
ашық	айта	38
ашық	тұрған	44
ашық	сабақ	47
ашық	көк	18
ашық	сабаққа	47
ашық	жарқын	47
ашық	сабақта	42
ашық	аспан	46
бүгінгі	жұмыс	33
бүгінгі	күн	44
бүгінгі	туған	16
бүгінгі	келіп	16
бүгінгі	жаңа	13
бүгінгі	туылған	34
бүгінгі	күнің	15
бүгінгі	демалыс	18
бүгінгі	сабақ	45
бүгінгі	балалар	48
бүгінгі	күнге	36
бүгінгі	жұма	19
бүгінгі	жеке	39
бүгінгі	төл	29
бүгінгі	күнім	31
бүгінгі	күніңіз	40
бүгінгі	күнді	25
бүгінгі	күннен	39
бүгінгі	күннің	37
бүгінгі	күндерің	36
бүгінгі	күндеріңіз	46
бүгінгі	отан	25
бүгінгі	күніңе	31
бүгінгі	қасиетті	25
бүгінгі	күніміз	48
бүгінгі	күндеріңе	47
бүгінгі	күндеріңізге	28
бүгінгі	күнмен	30
бүгінгі	күніңізге	47
келет	деп	41
келет	екен	15
келет	деген	26
келетін	болып	39
келетін	болды	41
келетін	адам	18
келетін	болса	25
келетін	еді	25
келетін	кезде	20
келетін	едім	19
келетін	сияқты	47
келетін	уақыт	28
келетін	болар	44
келетін	болсаң	48
келетін	болдың	24
келетін	болсан	24
келетін	шығарсың	43
келетін	шығармын	33
келетін	болсаңыз	46
келетін	болдыңба	44
келетін	болдыңдар	42
сонша	?	47
сонша	бір	35
сонша	неге	48
сонша	адам	48
сонша	көп	43
сонша	ақша	48
сонша	әңгіме	40
сонша	уақыт	41
сонша	жыл	34
сонша	сөз	42
сонша	жерден	39
шық	мен	37
шық	деп	37
шық	енді	14
шық	деген	36
шық	десе	38
шық	шай	40
шық	шық	22
шық	дегенде	22
шықтым	мен	36
шықтым	деп	20
шықтым	ғой	25
шықтым	жаным	27
шықтым	енді	32
мамам	мен	47
мамам	қалай	20
мамам	бар	45
мамам	да	30
мамам	айтып	34
мамам	ауырып	48
мамам	екеуміз	34
мамам	айтты	46
мамам	папам	42
әрине	мен	44
әрине	жақсы	36
әрине	!	44
әрине	сен	40
әрине	жаным	43
әрине	ол	17
әрине	дұрыс	46
әрине	болады	41
әрине	бірақ	44
әрине	әрине	47
қолы	бос	44
қолы	тимей	10
қолы	босамай	12
қолым	енді	16
қолым	ауырып	22
қолым	бос	29
қолым	тимей	9
қолым	босамай	10
қолым	босағанда	13
қолым	босап	24
қолым	дірілдеп	37
қолым	босаса	33
қолым	тимейді	39
қолым	тимеді	30
қолым	босамайды	30
қолым	босамады	42
жоға	мен	43
жоға	рахмет	26
жоға	керек	42
жоға	жан	39
жоға	жаным	48
жоға	ол	20
жоға	неге	35
жоға	бәрі	32
жоға	ештеңе	42
жоға	олай	40
жоға	қайдағы	41
жоға	ренжімеймін	47
екенсің	?	41
екенсің	мен	46
екенсің	деп	46
екенсің	!	35
екенсің	сен	45
екенсің	ғой	45
екенсің	да	11
екенсің	бот	40
екенсің	дер	43
торт	бар	45
торт	керек	41
торт	алып	36
торт	ала	21
торт	жасап	43
торт	заказ	38
торт	жеп	25
торт	пен	37
торт	пісіріп	36
едің	?	33
едің	мен	13
едің	деп	46
едің	сен	45
едің	ғой	44
едің	енді	9
өзіме	де	45
өзіме	керек	19
өзіме	бір	18
өзіме	алып	44
өзіме	көп	41
өзіме	ақша	30
өзіме	келіп	42
өзіме	келе	33
өзіме	солай	42
өзіме	қатты	48
өзіме	ғана	35
өзіме	жауап	46
өзіме	қарап	45
өзіме	қол	44
өзіме	жақын	42
өзіме	ұнайды	42
өзіме	ғашық	42
өзіме	тартқан	42
алия	мен	43
алия	қалайсың	40
алия	деген	48
алия	апа	47
алия	апай	31
алия	тате	25
алия	ханым	43
алия	мерей	43
барса	мен	42
барса	да	28
барса	болады	27
барса	барам	20
барса	болама	28
барсам	?	22
барсам	деп	47
барсам	қалай	24
барсам	сен	37
барсам	да	45
барсам	болды	44
барсам	екен	46
барсам	болады	48
барсам	болама	19
көрді	ғой	14
көрдім	мен	15
көрдім	деп	40
көрдім	рахмет	29
көрдім	ғой	41
көрдім	сені	16
көрдім	бірақ	46
барайын	?	41
барайын	деп	25
барайын	деген	6
барайын	десем	33
барайын	дегем	17
берет	деп	21
берет	екен	17
беретін	болып	22
беретін	болды	46
беретін	адам	27
беретін	болса	16
беретін	ақша	36
беретін	еді	40
беретін	кезде	21
беретін	едім	40
беретін	сияқты	16
беретін	жер	45
беретін	болдым	47
беретін	болсаң	47
беретін	едік	44
беретін	шығарсың	46
кәзір	мен	47
кәзір	бір	39
кәзір	емес	44
кәзір	келдім	38
жарт	сағат	45
жарты	ай	9
жарты	күн	46
жарты	бас	40
жарты	сағат	29
жарты	нан	10
жарты	жыл	46
жарты	ақшасын	21
жарты	жолға	30
жарты	жолда	41
жарты	кг	23
жарты	жолдан	35
жарты	сағатта	21
жарты	сағаттан	14
жарты	сағатқа	14
жарты	сағаттай	30
теңге	?	35
теңге	деп	32
теңге	жоқ	44
теңге	бар	47
теңге	керек	19
теңге	алып	25
теңге	болды	47
теңге	екен	47
теңге	болса	40
теңге	болады	36
теңге	барма	25
теңге	салып	28
теңге	беріп	22
теңге	тауып	44
теңге	саласыз	39
отыра	тұр	46
отыра	бер	43
отыра	алмай	13
отыра	берсін	28
отыра	беріп	22
отыра	беред	42
отыра	береді	47
отыра	алмаймын	26
отыра	берейін	34
отыра	беретін	46
отыра	беріңіз	37
отыра	бересің	29
отыра	бермей	32
отыра	алмайды	21
отыра	береміз	40
отыра	беріңдер	34
отыра	берейік	30
бес	адам	46
бес	ай	36
бес	бала	46
бес	күн	42
бес	он	18
бес	сағат	33
бес	мың	44
бес	рет	13
бес	уақыт	43
бес	жыл	37
бес	алты	27
бес	күнге	20
бес	минут	47
бес	жүз	19
бес	жарымда	19
бес	литр	34
бес	мыңға	40
бес	жасар	45
бес	мыңнан	34
бес	саусақ	43
шаш	алып	36
шаш	алу	27
шаш	алатын	34
шаш	алуға	40
шаш	алдырып	43
шаш	бояп	35
шаш	бояу	37
шаш	үлгісі	21
сенімен	бір	40
сенімен	ғана	37
сенімен	бірге	32
сенімен	дос	16
сенімен	сөйлесіп	22
сенімен	танысуға	17
сенімен	болғым	35
сенімен	сөйлескен	42
сенімен	сөйлескім	41
сенімен	жасты	29
сенімен	сөйлессем	46
бой	жетіп	47
бой	бермей	21
бой	қыздыру	25
бойы	менен	20
бойы	кішкентай	45
бойы	ұзын	22
бойы	жылына	16
бойын	қанша	20
бойын	неше	10
бойынша	?	15
бойынша	жұмыс	46
бойынша	жазып	28
бойынша	санды	13
бойынша	жиынтық	38
мектепке	керек	40
мектепке	барып	35
мектепке	келіп	17
мектепке	бара	36
мектепке	барам	32
мектепке	жол	41
мектепке	кіріп	38
мектепке	барамыз	45
мектепке	баратын	41
мектепке	киім	39
мектепке	барады	36
мектепке	барғанда	41
мектепке	форма	30
мектепке	арналған	46
мектепке	дайындық	40
мектепке	дейінгі	43
жақтан	?	27
жақтан	бір	44
жақтан	да	42
жақтан	алып	42
жақтан	келіп	23
жақтан	келе	43
жақтан	шығып	33
жақтан	ала	35
жақтан	келген	32
жақтан	мектепке	46
жақтан	боласың	14
жақтан	боласыз	18
бітті	деп	42
бітті	ғой	22
бітті	енді	18
бітті	ау	32
бітті	бәрі	46
толық	емес	43
толық	жазып	21
толық	жауап	32
толық	аты	44
толық	адрес	19
толық	түсіндіріп	32
толық	төлем	43
толық	ақпарат	38
толық	таныса	14
толық	нұсқа	31
толық	нұсқасы	27
берің	деп	43
беріңіз	мен	16
беріңіз	деп	33
беріңіз	!	27
беріңіз	дер	14
беріңіз	жүзіңізден	38
кеттің	?	24
кеттің	деп	16
кеттің	сен	35
кеттің	ғой	44
кеттің	ау	10
кеттің	дер	31
шәй	ішіп	41
шәй	тамақ	6
шәй	беріп	19
шәй	қойып	20
шәй	қоя	34
шәй	дайындап	43
шәй	іше	45
шәй	іштің	42
шәй	ішеміз	45
шәй	ішетін	30
шәй	ішуге	41
шәй	ішейін	43
шәй	ішейік	26
гүл	мен	19
гүл	алып	44
гүл	болып	31
келдің	?	39
келдің	деп	19
келдің	!	41
келдің	ғой	28
келдің	дер	37
көк	болып	44
көк	шай	47
көк	түс	23
көк	түсі	42
көк	көз	45
көк	түсті	42
көк	шәй	34
көк	көйлек	47
көк	ит	33
көк	пияз	42
көк	теңіз	45
көк	төбе	28
көк	төбеге	28
көк	сілтемеге	35
келме	деп	38
келме	маған	13
келмей	жатыр	16
келмей	тұр	12
келмей	ақ	17
келмей	кетті	15
келмей	жүр	38
келмей	отыр	28
келмей	қалды	32
келмей	жатып	17
келмей	қалады	42
келмей	қалса	36
беру	керек	45
беру	деген	5
беру	үшін	46
беру	қиын	19
беру	арқылы	42
беру	керекпа	41
сан	сұрақ	40
сан	книжка	45
өзіңде	?	39
өзіңде	жақсы	17
өзіңде	қалай	40
өзіңде	бар	16
өзіңде	болса	43
өзіңде	аман	46
өзіңде	бәрі	39
өзіңде	болмаса	30
өзіңде	білесің	26
интернет	жоқ	44
интернет	бар	16
интернет	істеп	35
интернет	бүгін	45
интернет	дұрыс	39
интернет	салып	19
интернет	будет	11
интернет	магазин	36
интернет	өшіріп	40
интернет	қуып	40
интернет	өшіп	47
интернет	арқылы	45
интернет	істемей	46
интернет	ұстамай	19
интернет	барда	25
интернет	нашар	43
интернет	жоқта	37
интернет	қосылды	27
барлығы	жақсы	45
барлығы	бар	13
барлығы	бір	30
барлығы	дұрыс	36
барлығы	аман	31
барлығы	қанша	42
барлығы	қазір	41
барлығы	үшін	34
барлығы	қуанып	18
беремін	деп	34
беремін	!	15
беремін	ғой	32
беремін	деген	18
беремін	дейді	27
беремін	деді	25
беремін	тегін	39
қымбат	деп	42
қымбат	болып	26
қымбат	екен	19
қымбат	емес	15
қымбат	болса	17
қымбат	болады	34
қымбат	боп	38
қымбат	қой	32
қымбат	емеспа	19
дегенде	мен	46
дегенде	сен	23
дегенде	жоқ	36
дегенде	бар	41
дегенде	бір	43
дегенде	ол	41
барғанда	бір	45
барғанда	да	39
барғанда	маған	37
барғанда	алып	47
барғанда	ала	33
барғанда	айтам	43
барғанда	жазам	38
барғанда	звандайм	45
иман	байлығын	42
иманды	болсын	13
иманды	қыз	3
иманды	жігіт	39
кешірім	сұрап	46
кешірім	сұрай	13
кешірім	сұраймын	30
кешірім	сұраған	6
кешірім	сұрады	46
кешірім	сұрадым	40
кешірім	сұрау	34
кешірім	өтінемін	36
қалдарыңыз	жақсы	24
қалдарыңыз	қалай	41
қалдарыңыз	жақсыма	1
көйлек	жоқ	46
көйлек	бар	36
көйлек	керек	19
көйлек	алып	30
көйлек	қанша	21
көйлек	барма	43
көйлек	әдемі	32
көйлек	алам	46
көйлек	алдым	44
көйлек	алу	40
көйлек	пен	39
көйлек	киіп	38
көйлек	кие	18
кімнің	?	46
кімнің	кім	28
кімнің	туған	20
кімнің	қызы	21
кімнің	туылған	19
кімнің	үйі	43
кімнің	үйіне	26
кімнің	баласы	27
кімнің	қолы	24
кімнің	кімнің	44
кімнің	үйінде	21
кімнің	фотосын	18
кімнің	тойы	36
кімнің	байы	19
кімнің	қатыны	35
айым	мен	44
айым	менің	33
айым	деген	44
айым	айым	43
айым	күнім	24
тегін	деп	8
тегін	!	35
тегін	ғой	41
тегін	алып	44
тегін	емес	45
тегін	істеп	36
тегін	болса	43
тегін	жұмыс	43
тегін	ақша	40
тегін	беріп	43
тегін	кімге	46
тегін	жататын	34
бересің	?	25
бересің	мен	18
бересің	деп	45
бересің	ғой	25
бересің	маған	16
бересің	ау	46
қас	қабағына	34
қасында	мен	17
қасында	бір	42
қасында	кім	35
қасында	адам	16
қасында	ешкім	21
қасында	жүрген	36
қасында	болам	42
қасында	біреу	45
қасында	жүріп	38
болыңдар	деп	46
болыңдар	!	43
болыңдар	алла	9
болыңдар	жандарым	29
махаббат	деп	13
махаббат	жоқ	37
махаббат	бар	29
махаббат	керек	40
махаббат	болып	46
махаббат	деген	32
махаббат	боп	16
махаббат	күні	41
махаббат	пен	31
махаббат	қызық	37
махаббат	жайлы	36
махаббат	махаббат	36
махаббат	жасқа	46
женше	?	20
женше	мен	37
женше	рахмет	29
женше	қалайсыз	46
женше	туылған	14
женше	қалайсыздар	39
делаешь	?	42
делаешь	жаным	4
алматыға	?	26
алматыға	алып	42
алматыға	барып	44
алматыға	қашан	17
алматыға	кетті	21
алматыға	келіп	37
алматыға	келе	34
алматыға	бара	44
алматыға	шығып	32
алматыға	кетіп	43
алматыға	барам	17
алматыға	такси	30
алматыға	кеткен	41
алматыға	жол	43
алматыға	барамыз	37
алматыға	кетем	46
алматыға	баратын	30
алматыға	тойға	36
алматыға	келгенде	43
алматыға	кетеді	46
алматыға	бару	46
алматыға	барғанда	47
алматыға	жолға	34
алматыға	оқуға	42
алматыға	көшіп	44
диана	мен	45
диана	деген	9
диана	диана	42
диана	ханым	27
диана	келші	44
алланы	еске	41
алланың	өзі	11
алланың	маған	30
алланың	алдында	45
алланың	берген	21
алланың	көзі	12
алланың	разылығы	24
алланың	назарында	18
алланың	нұры	10
алланың	қолында	14
алланың	қалауы	23
алланың	қалауымен	29
алланың	атымен	13
алланың	бергені	29
алланың	ісіне	39
алланың	құдіреті	29
алланың	сынағы	32
алланың	берері	34
апам	мен	39
апам	жақсы	22
апам	қалай	35
апам	бар	24
апам	да	23
көңіл	ғой	42
көңіл	айтып	41
көңіл	шай	24
көңіл	бөле	46
көңіл	бөліп	36
көңіл	көтеріп	20
көңіл	күй	31
көңіл	айтуға	13
көңіл	күйі	43
көңіл	шайға	18
көңіл	күйің	45
көңіл	күйім	12
көңіл	күйде	14
көңіл	бөлу	43
көңіл	күйіңіз	37
көңіл	күйін	21
көңіл	бөлмей	41
көңіл	күймен	39
көңіл	күйіңді	29
көңіл	күйімді	30
әйтеуір	?	40
әйтеуір	мен	45
әйтеуір	бір	42
әйтеуір	аман	18
әйтеуір	бәрі	40
хан	ата	44
хан	хан	6
хан	атаны	43
хан	атаның	44
хан	атанын	20
хан	сандық	34
хан	шатыр	46
бай	мен	28
бай	деп	46
бай	бол	43
бай	керек	31
бай	болып	38
бай	адам	43
бай	бала	44
бай	тауып	41
бай	жігіт	43
бай	бай	46
бай	қуатты	27
жел	жоқ	18
жел	бар	15
жел	болып	19
жел	боп	15
жел	барма	18
жел	соғып	25
желания	жоқ	19
желания	бар	7
желания	болса	20
желания	барма	36
желания	кетіп	13
желания	болмай	45
желания	жоқпа	20
желания	қашып	44
желания	ұрып	23
желания	ашылып	44
киіп	ал	36
киіп	алып	33
киіп	барам	25
киіп	жүр	44
киіп	көріп	23
киіп	жүрген	33
киіп	алған	24
киіп	көру	20
киіп	алыпты	39
ато	мен	42
ато	сен	20
ато	ол	46
ато	менде	45
ато	мама	39
оқасы	жоқ	46
оқасы	бар	2
жолың	болсын	18
жолың	ақ	2
жолың	ашық	44
менім	жаным	16
менім	туған	34
менім	қызым	34
менім	жақын	25
менім	атым	23
менімен	бір	23
менімен	ғана	43
менімен	бірге	46
менімен	дос	15
менімен	сөйлесіп	23
менімен	жақын	22
менімен	бірдей	43
менімен	жасты	46
менімен	сөйлескің	32
дина	қалайсың	36
дина	апа	42
дина	апай	35
динара	мен	34
динара	қалайсың	34
динара	деген	38
динара	апай	40
динара	кетші	28
динара	ханым	26
жасың	болсын	38
жасың	құтты	26
жасың	нешеде	8
жасың	ұзақ	16
жасың	қаншада	5
жасың	жақсылығымен	26
шығамыз	?	38
шығамыз	деп	19
шығамыз	ғой	15
шығамыз	деген	30
шығамыз	алла	41
шығамыз	бұйырса	31
шығамыз	дейді	19
арзан	деп	36
арзан	ғой	33
арзан	болып	37
арзан	екен	40
арзан	емес	16
арзан	болса	42
арзан	болады	24
арзан	жер	40
арзан	монета	43
арзан	бағада	14
сай	емес	17
сайын	мен	19
сайын	бір	45
сайын	ақша	44
сайын	төлеп	43
тәтті	болсын	39
тәтті	ғой	19
тәтті	өзі	30
тәтті	болып	28
тәтті	екен	19
тәтті	болады	35
тәтті	боп	40
тәтті	қыз	44
тәтті	шай	17
тәтті	түс	27
тәтті	шәй	23
тәтті	тәтті	39
тәтті	балапан	25
тәтті	балалық	43
тәтті	шайға	36
тәтті	түстер	36
тәтті	қылықтарымен	11
сендерге	?	40
сендерге	де	42
сендерге	рахмет	17
сендерге	бір	41
сендерге	көп	40
сендерге	барып	45
сендерге	қарап	44
мақұл	жақсы	45
мақұл	деп	42
мақұл	жаным	29
мақұл	жарайды	15
мақұл	мақұл	20
жатса	мен	24
жатса	бір	32
жатса	да	43
жатса	маған	33
жатса	алып	35
жатса	айт	42
жатса	айтам	38
асем	мен	38
асем	қалайсың	39
асем	ай	41
асем	апай	44
дау	болып	38
дау	мама	33
дау	боп	20
дау	папа	35
дау	дау	38
аласыз	?	39
аласыз	!	19
аласыз	ғой	29
аласыз	ватсапқа	31
добрый	!	19
добрый	день	37
добрый	вечер	5
админ	?	8
админ	керек	40
админ	алып	18
админ	болып	44
админ	кім	39
админ	бер	45
админ	керемет	42
админ	берші	14
админ	емеспін	30
құр	қол	43
құр	босқа	18
құрсын	мен	18
құрсын	деп	36
құрсын	енді	32
өзіне	жақсы	42
өзіне	де	41
өзіне	керек	24
өзіне	өзі	26
өзіне	айтып	38
өзіне	көп	43
өзіне	жазып	19
өзіне	ғана	41
өзіне	қарап	45
өзіне	қол	24
өзіне	серік	38
өзіне	байланысты	42
өзіне	ұнаса	42
болсаң	мен	41
болсаң	бір	24
болсаң	да	42
болсаң	неге	35
болсаң	маған	38
болсаң	болды	37
болсаң	осы	16
болсаң	мені	45
болсаң	айт	45
аламыз	?	37
аламыз	деп	19
аламыз	ғой	15
аламыз	деген	20
аламыз	ау	36
аламыз	дейді	45
оз	?	38
оз	қалайсың	36
оз	басым	43
ава	?	39
ава	алып	32
ава	для	45
ава	қойып	18
ава	фон	38
тамыр	?	32
тамыр	мен	41
тамыр	қалай	36
тамыр	қалайсың	41
тамыр	жаным	18
бөле	қалайсың	8
бөле	алмай	17
бөлек	мен	20
бөлек	екен	45
бөлек	болады	40
бөлек	шығып	41
бөлек	қой	31
бөлек	бөлек	19
бөлек	әлем	18
айжан	мен	44
айжан	қалайсың	35
айжан	деген	32
айжан	апа	44
айжан	апай	40
айжан	тәте	21
айжан	тате	45
айжан	ханым	43
білесің	?	44
білесің	мен	28
білесің	сен	35
білесің	ғой	44
білесің	енді	10
сұлу	жоқ	42
сұлу	ғой	42
сұлу	да	32
сұлу	болып	40
сұлу	екен	21
сұлу	боп	45
сұлу	қыз	40
сұлу	қыздар	8
сұлу	қызым	19
сұлу	жігіт	27
сұлу	екенсің	41
сұлу	қыздың	37
минут	?	39
минут	деп	43
минут	болды	44
минут	қалды	31
минут	уақыт	39
минут	бұрын	45
минут	ішінде	28
минут	сайын	43
минут	күте	21
минут	қалғанда	39
вроде	да	43
вроде	как	43
вроде	все	40
вроде	бы	37
жата	тұр	19
жата	бер	44
жата	алмай	14
жата	берсін	19
жата	беріп	25
жата	беред	28
жата	береді	41
жата	алмаймын	31
жата	беретін	43
жата	бересің	41
жата	жата	34
жата	бермей	43
жата	бергім	20
тар	бар	40
тар	болып	23
тар	кезең	18
тараз	да	15
тараз	шымкент	36
тараз	тараз	30
тараз	қаласынан	40
тараз	жарылыс	38
анар	мен	32
анар	қалайсың	44
анар	апа	43
анар	апай	32
анар	тәте	23
анар	тате	43
жансая	мен	44
жансая	қалайсың	27
жансая	деген	40
жансая	жансая	35
актив	?	31
актив	жоқ	13
актив	түсіп	34
актив	актив	37
актив	қосыламын	19
адамға	қалай	40
адамға	ғана	41
адамға	қайтарамын	39
адамға	ұқсап	38
ойланып	жатырмын	35
ойланып	көр	37
ойланып	көрем	30
ойланып	отыр	23
ойланып	отырмын	36
ойланып	жүрмін	15
ойланып	ойланып	32
ойланып	көрейін	45
диас	?	40
диас	деген	43
диас	пен	28
мамаға	да	33
мамаға	айт	34
мамаға	айтып	38
мамаға	айта	17
мамаға	беріп	42
мамаға	айтам	43
мамаға	звандап	23
мамаға	айттым	32
мамаға	айтшы	31
мамаға	айтсам	32
мамаға	көмектесіп	37
бұйырсын	!	43
бұйырсын	бұйырсын	20
бұйырсын	иншаллах	3
ауа	жоқ	14
ауа	ауа	16
ауа	жетпей	35
ауа	райы	21
ауа	жұтып	8
ауа	райын	25
ауа	райына	41
тұрады	?	37
тұрады	деп	15
тұрады	ғой	26
тұрады	ол	16
тұрады	да	41
тұрады	екен	45
мағанда	жақсы	14
мағанда	керек	44
мағанда	бір	17
мағанда	алып	36
мағанда	істеп	40
мағанда	ақша	45
мағанда	солай	34
мағанда	ала	24
мағанда	сондай	42
мағанда	бәрібір	45
мағанда	оңай	41
мағанда	жұғысты	34
жұма	деп	40
жұма	болып	43
жұма	деген	44
жұма	күні	44
жұма	қабыл	12
жұма	мүбәрәк	10
жұма	намазға	7
жұма	күнгі	34
назерке	мен	21
назерке	деген	37
назерке	назерке	41
бәріне	мен	37
бәріне	де	30
бәріне	рахмет	42
бәріне	бір	43
бәріне	сәлем	45
бәріне	айтып	14
бәріне	ақша	30
бәріне	солай	41
бәріне	жауап	42
бәріне	дайын	40
бәріне	бірдей	33
бәріне	кінәлі	31
бәріне	дайынмын	42
дорама	?	41
дорама	жаман	41
дорама	көрем	15
дорама	көріп	44
дорама	қарап	17
дорама	қазақша	42
өл	ал	41
өліп	қала	16
өліп	жатыр	20
өліп	бара	19
өліп	ұйықтап	18
өліп	қалды	42
өліп	қалады	19
өліп	қалам	44
өліп	кетсем	43
өліп	қалса	44
өліп	кетейін	39
өліп	қалсам	42
өліп	қалайын	28
өліп	қалмасам	36
именно	?	44
именно	мен	19
именно	сен	18
именно	ол	21
именно	маған	39
именно	осы	30
именно	сені	19
именно	саған	44
именно	бүгін	34
нені	?	42
нені	айтып	12
нені	білдіреді	28
тұрмын	мен	30
тұрмын	деп	44
тұрмын	ғой	29
газ	жоқ	13
газ	бар	27
газ	барма	33
газ	су	38
газ	бензин	36
газ	балон	31
жолға	?	23
жолға	керек	39
жолға	ақша	40
жолға	қашан	21
жолға	шығып	37
жолға	шықтым	14
жолға	шығамыз	20
жолға	шығатын	23
жолға	шықтың	31
жолға	дайындалып	25
жолға	шығамын	25
жолға	шықтық	37
жолға	шықтыңдар	23
жолға	шықтыңдарма	32
айша	?	43
айша	мен	43
айша	деген	22
айша	мал	38
айша	айша	32
айша	круто	17
айша	бибі	28
кетсе	мен	32
кетсе	жақсы	37
кетсе	де	24
кетсе	деп	28
кетсе	бір	41
кетсе	болды	40
кетсе	екен	32
кетсе	болады	17
кетсе	болар	42
кетсе	кете	35
фота	жоқ	43
фота	бар	30
фота	барма	38
фота	видео	39
фота	жібер	29
фота	жіберші	37
фота	болама	7
фота	жіберіп	41
время	?	43
время	как	18
время	для	35
время	есть	40
время	будет	42
время	бітті	35
алдың	?	36
алдың	деп	16
алдың	ғой	34
алдың	күні	27
алса	жақсы	33
алса	да	23
алса	болды	25
алса	екен	22
алса	болады	28
алса	болама	16
алсам	деп	26
алсам	қалай	17
алсам	болды	35
алсам	екен	25
алсам	болады	33
алсам	болама	16
алсам	кешірім	16
арасы	такси	34
арасын	да	11
арасында	бір	10
арасында	ай	26
арасында	барып	25
арасында	ақша	39
арасында	жазып	30
арасында	ғана	31
арасында	осылай	37
арасында	жеңіл	43
арасында	достық	17
салды	деп	43
салды	ғой	18
салдым	деп	17
салдым	рахмет	24
салдым	ғой	26
дима	?	19
дима	сондай	26
түрлі	ғой	30
түрлі	болып	36
түрлі	екен	13
түрлі	адам	20
түрлі	ой	19
түрлі	болады	39
түрлі	ақша	44
түрлі	боп	44
түрлі	бақыт	19
түрлі	сөз	35
түрлі	нәрсе	42
түрлі	адамдар	41
түрлі	түсті	36
түрлі	ойлар	25
рас	екен	43
рас	болса	19
рас	айтып	19
рас	қой	41
рас	айтам	16
квартира	?	14
квартира	бар	36
квартира	керек	24
квартира	да	19
квартира	алып	24
квартира	барма	37
квартира	тауып	33
квартира	алматы	30
квартира	іздеп	43
квартира	бойынша	31
квартира	аренда	38
квартира	жалдап	43
суға	барып	29
суға	ақша	26
суға	кетіп	35
суға	салып	33
суға	барамыз	20
суға	түсіп	39
суға	түсіріп	11
суға	түскен	23
суға	түсе	37
суға	шомылып	37
суға	түсу	43
суға	түсетін	38
суға	түсем	29
суға	түскенде	39
суға	батып	44
суға	түсуге	34
калган	екен	18
калган	адам	37
калган	ау	43
калган	кезде	43
калган	сияқты	36
магазинге	барып	42
магазинге	бара	11
магазинге	шығып	16
магазинге	кетіп	40
магазинге	барам	32
магазинге	кіріп	22
магазинге	тастап	31
магазинге	барамыз	44
магазинге	апарып	41
магазинге	бару	44
магазинге	барсам	31
магазинге	барайын	43
магазинге	барғанда	34
өсіп	жатыр	36
өсіп	кетті	10
өсіп	келе	33
өсіп	қалды	19
өсіп	кеткен	36
өсіп	кетеді	19
өсіп	жатырмыз	44
өсіп	кетіпті	17
өсіп	жатырма	32
өсіп	қалыпты	11
өсіп	кетсін	20
өсіп	жатсыңдар	25
өсіп	жатырсыңдар	33
өсіп	қапты	41
өсіп	өне	37
өсіп	өніп	25
есі	дұрыс	41
есік	алды	7
есік	алдын	30
есік	алдында	21
есік	ашып	11
есік	жауып	20
есік	ашық	38
есік	алда	17
есік	алдына	26
есік	алдынан	14
есік	алдындағы	39
есік	терезе	39
есік	жабық	33
түске	дейін	35
түске	таман	4
түскен	жоқ	16
түскен	екен	14
түскен	кезде	43
түскен	күні	23
түскен	соң	44
түскен	сурет	18
түскен	фота	19
түскен	фотолар	37
түскен	суреттер	31
түскен	суретті	39
түскен	жеріне	38
түскен	бойда	42
түскен	суреттерді	42
кетші	мен	39
кетші	деп	42
кетші	сен	28
кетші	бар	43
кетші	өтініш	11
кетші	динара	25
кетші	кетші	24
басын	алып	36
басын	ауырып	35
басын	бос	31
басын	ашып	38
басын	бастап	26
басын	айналдырып	29
басын	жарып	30
басында	мен	38
басында	бір	38
басында	солай	42
басында	айттым	28
кол	бос	41
кол	тимей	15
кол	босамай	14
зачем	?	19
зачем	маған	12
зачем	он	42
зачем	тебе	41
зачем	вам	16
доставка	?	41
доставка	мен	30
доставка	қалай	34
доставка	жоқ	40
доставка	бар	41
доставка	қанша	15
доставка	барма	19
доставка	жасап	14
доставка	неше	43
доставка	до	42
доставка	есть	38
доставка	тегін	28
доставка	уақыты	20
доставка	бесплатно	41
баха	мен	28
баха	қалайсың	28
баха	деген	34
көрген	де	42
көрген	жоқ	42
көрген	адам	27
көрген	қыз	17
көрген	кезде	41
көрген	едім	19
көрген	сияқты	29
көрген	жерде	43
көрген	соң	43
көрген	жоқпын	19
көрген	емеспін	15
көрген	сайын	40
көрген	адамға	19
көрген	шығарсың	39
көрген	жоқсың	36
көрген	сияқтымын	37
көше	жақта	31
көше	жаққа	18
көше	аралап	17
көшеге	шығып	22
көшеге	кетіп	12
көшеге	шығасың	38
көшеге	шығамыз	17
көшеге	шықпай	31
көшеге	шығатын	42
көшеге	шығайық	33
көшеге	шығуға	35
айтсам	мен	41
айтсам	сен	33
айтсам	ол	33
айтсам	да	39
айтсам	екен	38
айтсам	болады	38
айтсам	болама	28
голд	жоқ	19
голд	бар	28
голд	осы	28
голд	барма	13
голд	болу	33
голд	нөмір	27
дайындап	жатыр	31
дайындап	жатырмын	18
дайындап	қой	22
дайындап	қойып	17
дайындап	қоя	40
дайындап	қойдым	26
дайындап	қойшы	17
дайындап	қойған	43
дайындап	қоямын	36
ойбу	мен	44
ойбу	жаным	29
ойбу	енді	20
ойбу	ол	29
ойбу	неге	42
ойбу	алла	36
ойбу	қиын	42
ойбу	жазылып	39
ойбу	иманды	37
ойбу	атың	38
аллах	деп	43
аллах	айтам	40
аллах	қаласа	35
аллах	разы	23
аллах	деш	15
аллах	акбар	31
аллах	тағала	19
аллах	разылығы	19
аллах	куә	37
қойған	деп	26
қойған	жоқ	44
қойған	ғой	30
қойған	екен	19
қойған	дұрыс	27
қойған	еді	44
қойған	едім	41
қойған	сияқты	19
қойған	соң	32
қойған	жоқпын	28
қойған	жоқпа	42
қойған	арман	43
қойған	жоқсың	30
қойған	мақсаттарыңа	43
роза	мен	20
роза	қалайсың	43
роза	апа	41
роза	апай	21
роза	тәте	20
роза	тате	43
роза	роза	43
роза	ханым	39
роза	әлқожа	44
немесе	мен	42
немесе	жоқ	43
немесе	бір	36
немесе	ертең	40
немесе	басқа	37
немесе	жақын	31
немесе	арғы	43
немесе	қоңырау	43
немесе	жою	31
қалады	?	35
қалады	деп	40
қалады	ғой	16
қалады	да	14
қалады	екен	42
қалады	деген	17
қалады	ау	40
қалады	екенсің	25
берме	деп	32
бермей	жатыр	17
бермей	тұр	13
бермей	ақ	32
бермей	жүр	18
бермей	отыр	42
бермей	жатырсың	33
бермей	қойды	30
десең	мен	35
десең	де	32
десең	өзің	32
десең	болды	37
десең	осы	35
шықпай	жатыр	43
шықпай	тұр	12
шықпай	ақ	13
шықпай	жүр	20
шықпай	қалды	41
шықпай	жатып	19
шықпай	қойды	42
шықпай	қалса	43
абай	мен	40
абай	бол	44
абай	деген	21
абай	аға	43
абай	жолы	42
абай	облысы	33
абай	көшесі	38
абай	атындағы	41
абай	құнанбаев	42
ел	?	13
ел	аман	41
ел	үшін	28
ел	көріп	43
ел	аманба	39
ел	жұрт	28
ел	жұртқа	29
ел	қатарлы	44
аяу	мен	39
аяу	қалайсың	23
аяу	сен	40
аяу	аяу	41
кеттік	деп	16
кеттік	біз	20
кеттік	қой	43
кеттік	кеттік	17
жолда	келе	33
жолда	кетіп	14
жолда	едім	20
жолда	тастап	24
жолда	қалып	38
мөлдір	мен	37
мөлдір	қалайсың	33
мөлдір	деген	33
мөлдір	апай	43
мөлдір	мөлдір	33
мөлдір	ханым	12
мөлдір	тұнық	42
луна	мен	44
луна	луна	20
өзіміз	де	16
өзіміз	ғой	32
өзіміз	бір	31
өзіміз	алып	37
өзіміз	барып	31
өзіміз	ақ	32
өзіміз	үшін	40
өзіміз	бара	35
өзіміз	ғана	31
өзіміз	барамыз	24
өзіміз	білеміз	34
қызыл	болып	38
қызыл	боп	25
қызыл	май	34
қызыл	жүрек	32
қызыл	көйлек	40
қызыл	диплом	33
қызыл	раушан	18
қызыл	орда	29
қызыл	дипломы	37
қызыл	төбе	38
қызыл	аймақ	37
қызыл	дипломмен	37
қызыл	аймаққа	39
қызыл	аймақта	22
барасың	?	39
барасың	деп	17
барасың	ғой	23
барасың	дар	20
кг	?	31
кг	керек	26
кг	қанша	36
кг	қаншадан	23
аламын	?	43
аламын	деп	24
аламын	ғой	14
аламын	деген	19
аламын	ау	28
аламын	бұйырса	40
аламын	дейді	41
қатын	мен	32
қатын	деп	37
қатын	бар	33
қатын	керек	42
қатын	ғой	33
қатын	алып	43
қатын	болып	35
қатын	екен	30
қатын	деген	37
қатын	бала	39
қатын	сияқты	32
қатын	тауып	20
қатын	болатын	37
қатын	қылып	32
қатын	ұқсап	42
қатын	көпір	41
болсам	мен	41
болсам	сен	40
болсам	да	33
болсам	болды	28
болсам	саған	39
екеуің	де	39
екеуің	бір	32
екеуің	бала	13
екеуің	екі	42
екеуің	бақытты	31
екеуің	ғана	15
екеуің	бірге	21
осыған	да	14
осыған	жазып	42
осыған	дейін	41
осыған	жауап	20
осыған	қарап	29
осыған	заказ	29
осыған	кіріп	19
осыған	звандап	30
осыған	жаза	35
осыған	жібере	42
осыған	ұқсас	33
жезде	?	38
жезде	мен	43
жезде	деп	31
жезде	қалай	38
жезде	қалайсыз	28
жезде	туған	32
жезде	өтініш	25
жезде	жезде	10
жезде	екеуіңіз	40
жылғы	?	37
жылғы	деп	18
жылғы	бала	26
жылғы	қыз	33
жылғы	боласың	36
жылғы	болдың	10
жылғы	боласыз	27
жылғысың	?	19
жылғысың	дар	11
шығатын	болып	30
шығатын	болды	36
шығатын	адам	28
шығатын	болса	29
шығатын	еді	37
шығатын	кезде	32
шығатын	едім	15
шығатын	сияқты	30
шығатын	машина	43
шығатын	такси	42
шығатын	болдым	24
шығатын	болсаң	26
шығатын	болсам	29
шығатын	болдың	39
шығатын	болдық	27
шығатын	шығармын	32
шығатын	көлік	19
шығатын	шығармыз	34
қарсы	алып	29
қарсы	болып	33
қарсы	емес	28
қарсы	болса	20
қарсы	шығып	41
қарсы	емеспін	33
қарсы	алдың	15
қарсы	емессің	22
қарсы	болмасаң	34
қарсы	алдыңдар	13
қарсы	болмасан	20
қарсы	алдыңыздар	42
қарсы	болмасаңыз	39
сонымен	?	32
сонымен	кім	19
сонымен	бірге	41
сонымен	сөйлесіп	26
сонымен	қатар	35
жек	көрем	16
жек	көріп	10
жек	көремін	12
жек	көресің	25
жек	көретін	30
жек	көреді	19
жек	көрінішті	20
жеке	жеке	31
жеке	төл	15
жеке	сот	39
жеке	мерекең	40
жеке	куәлік	32
жеке	меншік	26
көке	?	15
көке	мен	38
көке	деп	23
көке	қалайсыз	43
көке	туған	21
көке	айтуар	35
қыдыр	ата	24
қыдырып	барып	12
қыдырып	кетті	40
қыдырып	келіп	36
қыдырып	бара	41
қыдырып	кетіп	37
қыдырып	жүр	39
қыдырып	келген	16
қыдырып	кеткен	38
қыдырып	жүре	35
қыдырып	жүрген	41
қыдырып	қайт	19
қыдырып	жүрсің	42
қыдырып	жүрмін	18
қыдырып	жүрміз	40
қыдырып	жүрсіз	33
қыдырып	жүрсіңдер	43
қыдырып	қайтыңдар	26
группаға	адам	41
группаға	жазып	21
группаға	кіріп	18
группаға	өтіп	19
группаға	жіберіп	23
группаға	қосып	36
группаға	қоса	19
группаға	қосшы	32
группаға	өтейік	31
көмек	болсын	17
көмек	керек	39
көмек	сұрап	10
көмек	беріп	19
көмек	береді	17
көмек	берші	38
көмек	каспий	40
көмек	сұраймын	32
көмек	беріңізші	30
көмек	ретінде	21
көмек	қолын	28
көмек	тесіп	18
көмек	беріңіздерші	34
ерлан	мен	21
ерлан	аға	35
болғанда	мен	21
болғанда	жақсы	33
болғанда	ғой	42
болғанда	бір	36
болғанда	да	42
болғанда	ғана	32
жасау	керек	43
жасау	үшін	6
айлы	түн	20
айлық	жоқ	5
айлық	алып	34
айлық	қашан	25
айлық	қанша	30
айлық	алам	21
айлық	аз	41
айлық	түсіп	37
айлық	алған	39
айлық	түсті	29
айлық	алсам	17
айлық	түскен	42
айлық	түседі	31
айлық	түссе	34
айлық	алғанда	20
айлық	түскенде	27
айлық	түспеді	34
балан	бар	40
баланы	жақсы	17
баланы	қалай	28
баланы	да	42
баланы	алып	37
баланы	тастап	19
жоққо	енді	36
жоққо	ол	41
жоққо	менде	39
иди	иди	19
аллам	өзі	38
аллам	саған	20
аллам	жар	33
аллам	күш	16
аллам	екі	31
аллам	түн	19
аллам	жол	17
аллам	тіл	36
аллам	ұзақ	24
аллам	қабыл	20
аллам	разы	41
аллам	нәсіп	25
аллам	сабыр	16
аллам	жеңілдігін	20
аллам	сәтін	35
айтқаның	болсын	41
айтқаның	дұрыс	41
айтқаның	келсін	36
чек	?	2
чек	керек	37
чек	маған	33
чек	жібер	22
чек	жібере	28
чек	жіберіп	14
чек	жіберіңіз	37
чек	жібересіз	14
сенікі	?	21
сенікі	де	22
сенікі	емес	24
сенікі	дұрыс	28
сенікі	қандай	13
сенікі	сияқты	32
ханым	?	35
ханым	мен	22
ханым	!	26
ханым	құтты	16
ханым	қалайсыз	34
ханым	сәлеметсіз	19
ханым	сіз	41
орыс	қыз	41
орыс	тіл	38
орыс	тілі	19
орыс	тілін	9
орыс	тілінен	18
орыс	тілден	16
орыс	тілінде	18
алуға	болад	29
алуға	болады	36
алуға	ақша	10
алуға	бара	29
алуға	кетіп	27
алуға	барам	42
алуға	болама	38
алуға	болмайды	17
алуға	болатын	38
алуға	барғанда	36
келмейді	деп	37
келмейді	ғой	18
келмейді	ол	18
келмейді	екен	42
келмейді	ау	20
ит	бар	40
ит	болып	35
ит	боп	21
ит	сияқты	27
ит	кіріп	41
ит	пен	40
жазған	мен	24
жазған	жоқ	36
жазған	ғой	18
жазған	екен	33
жазған	кезде	33
жазған	едім	20
жазған	соң	21
жазған	жоқпын	25
жазған	сайын	18
ера	мен	41
ера	ера	29
звандай	бер	10
звандай	алмай	15
звандайм	деп	18
звандайм	ғой	18
звандайм	жаным	38
нәсіп	болса	34
нәсіп	етсін	23
нәсіп	ете	3
нәсіп	еткен	40
нәсіп	етсе	41
код	?	20
код	керек	32
код	кетті	39
код	для	41
код	келді	42
код	келед	39
код	келеді	39
код	келсе	37
код	барады	38
код	команда	30
код	команды	18
жасай	бер	42
жасай	алмай	14
жасай	берсін	17
жасай	алам	21
жасай	алмаймын	41
жасай	аласың	20
жасай	берейін	31
жасай	алады	35
жасай	беріңіз	41
жасай	аласыз	20
жасай	алмайды	31
кетет	мен	32
кетет	деп	41
кетет	ол	16
кетет	екен	41
кетет	деген	23
асыл	арман	42
асыл	жарым	19
жазба	мен	32
жазба	деп	33
жазба	енді	17
жазба	маған	27
жазба	болды	16
жазба	деген	27
жазбай	жатыр	36
жазбай	ақ	18
жазбай	кетті	16
жазбай	қалдың	35
жазбай	тұра	31
жазбай	кеттің	39
жазбай	қойдың	18
алмайды	деп	39
алмайды	ғой	18
алмайды	ол	16
алмайды	екен	39
алмайды	ау	19
алмайды	телефон	35
алмайды	екенсің	39
алмайды	екем	37
алмайды	екенмін	20
ыдыс	жу	19
ыдыс	жуып	38
ыдыс	аяқ	7
ыдыс	жуу	19
ыдыс	жуатын	17
ыдыс	жуам	19
ыдыс	жуайын	23
ыдыс	жудым	16
ыдыс	жууға	42
берсе	мен	37
берсе	жақсы	39
берсе	де	21
берсе	деп	28
берсе	алып	42
берсе	болды	36
берсе	екен	19
берсе	болады	24
берсе	ала	18
берсе	болама	40
берсе	болар	34
үйді	де	37
үйді	сатып	30
үйді	тазалап	26
үйді	реттеп	28
үйдің	бәрін	29
үйдің	алдында	35
үйдің	жалғыз	29
үйдің	ішін	41
үйдің	ішінде	31
үйдің	қасында	27
үйдің	алдына	25
үйдің	жанында	34
үйдің	жұмысы	37
үйдің	ішіне	30
үйдің	артында	41
үйдің	қасындағы	37
үйдің	үлкені	37
үйдің	шаруасы	29
үйдің	сыртын	37
үйдің	кілті	21
үйдің	тірлігі	33
үйдің	кілтін	17
үйдің	тірлігін	33
айгерім	мен	31
айгерім	қалайсың	32
айгерім	деген	24
айгерім	туған	37
айгерім	апай	41
айгерім	тәте	28
айгерім	ханым	23
көшеде	өзің	39
көшеде	жүр	39
көшеде	жүрген	23
көшеде	жүріп	17
көшеде	өтіп	36
көшеде	жүрсің	39
көшеде	жүрмін	32
барғо	менде	34
барғо	соған	41
барғо	соның	41
мир	өліп	40
мир	фантазия	19
мирас	болды	24
мирас	деген	28
мирас	пен	33
мирас	бабник	35
мирас	быстрее	37
едік	?	19
едік	деп	39
едік	енді	33
едік	қой	41
едік	соған	14
төл	мерекең	35
төл	мерекесі	7
төл	мерекеңіз	17
төле	деп	11
төле	би	11
төлеп	алып	7
төлеп	жатыр	37
төлеп	жатырмын	34
төлеп	қойдым	41
төлеп	қойған	17
төлеп	чек	40
төлеп	тастадым	23
оң	жақ	34
оң	болсын	15
оң	жақта	7
оң	қол	26
оң	жақтағы	31
оңай	деп	26
оңай	ғой	34
оңай	болып	27
оңай	екен	35
оңай	емес	32
оңай	болады	8
оңай	жұмыс	41
оңай	ақша	30
оңай	жерде	39
пара	?	39
пара	керек	24
пара	болып	13
пара	болайық	29
қазақстан	да	26
қазақстан	бойынша	28
қазақстан	қазақстан	24
қазақстан	даусы	28
қазақстан	тарих	32
қазақстан	дауысы	35
қазақстан	тарихы	17
қазақстан	барысы	17
қазақстан	республикасы	39
қазақстан	республикасының	28
анель	мен	19
анель	туған	38
анель	анель	21
анель	көтен	4
бітіп	жатыр	25
бітіп	тұр	16
бітіп	кетті	36
бітіп	қалды	33
бітіп	қалып	11
бітіп	калган	27
бітіп	қалады	39
бітіп	қалыпты	30
бітіп	қапты	17
осыдан	бір	37
осыдан	екі	33
осыдан	басқа	40
осыдан	кейін	22
осыдан	соң	11
осыдан	киін	33
үйінде	жоқ	28
үйінде	бір	36
үйінде	екен	42
үйінде	емес	33
үйінде	кім	40
үйінде	адам	35
үйінде	ешкім	40
мерей	мен	32
мерей	деген	25
мерей	қайдасың	35
мерей	всем	36
мерей	мерей	36
қасым	да	18
қасымда	сен	16
қасымда	бол	41
қасымда	бір	40
қасымда	жатыр	31
қасымда	мама	41
қасымда	адам	30
қасымда	қыздар	16
қасымда	отыр	38
қасымда	ешкім	33
қасымда	адамдар	38
қасымда	болсаң	14
келдік	деп	22
келдік	енді	30
келдік	аман	41
келдік	біз	39
келдік	қой	40
келдік	үйге	30
әкеп	бер	19
әкеп	беріп	19
әкеп	таста	37
әкеп	тастап	30
әкеп	берген	39
әкеп	береді	35
әкеп	берші	29
әкеп	берді	16
әкеп	беретін	19
әкеп	бересің	40
әкеп	беріңізші	40
әкеп	тастады	28
кайф	алып	30
кайф	болып	36
кайф	болды	23
кайф	екен	39
кайф	боп	26
кайф	қой	23
кайф	кайф	26
қуып	жатыр	39
қуып	тұр	17
қуып	кетті	20
қуып	жүр	19
қуып	отыр	30
қуып	кеткен	36
қуып	кеттім	29
қуып	жіберді	37
қуып	кеттің	41
қуып	кетсең	40
бірден	сіздің	36
бірдене	деп	19
бірдене	бар	19
бірдене	керек	39
бірдене	алып	37
бірдене	болып	23
бірдене	болды	32
бірдене	істеп	39
бірдене	болса	32
бірдене	айтып	19
бірдене	боп	41
бірдене	ала	41
бірдене	айтам	41
бірдене	десе	30
бірдене	жеп	38
бірдене	бірдеңе	31
бірдене	қылып	17
бірдене	айтайын	33
бірдене	айтсам	23
бірдене	сұрайын	31
кз	?	36
кз	деп	39
кз	бар	41
күл	күл	39
күліп	жатыр	16
күліп	жүр	32
күліп	отыр	19
күліп	қарап	38
күліп	жүре	39
күліп	ойнап	14
күліп	тұрған	11
күліп	жүріңіз	38
йа	жақсы	30
йа	жаным	36
йа	йа	34
красавица	?	18
красавица	!	41
красавица	қалайсың	29
красавица	болып	41
үйден	бір	20
үйден	енді	30
үйден	алып	37
үйден	шығып	19
үйден	кетіп	16
үйден	тамақ	36
үйден	шықпай	34
үйден	қуып	17
үйден	қашып	34
күнін	құтты	39
күнін	тойлап	15
күніне	бір	19
күніне	ақша	21
күніне	қанша	37
күніне	екі	19
күніне	неше	35
күніне	орай	29
міне	мен	33
міне	деп	37
міне	енді	24
міне	осы	30
міне	менің	19
міне	аға	27
міне	осылай	35
міне	осындай	26
міне	дегенше	39
папаң	мен	38
папаң	қалай	24
папаң	да	23
папаң	үйде	35
папаң	қайда	33
папаң	келді	20
папаң	екеуміз	20
папаң	мамаң	37
макс	болып	41
макс	боп	38
сүйемін	деп	41
сүйемін	ғой	36
сүйемін	жаным	21
сүйемін	сені	10
сүйемін	сізді	9
сүйемін	сүйемін	34
рахат	болып	15
рахат	болды	25
рахат	екен	38
рахат	ай	20
рахат	боп	35
рахат	қой	34
рахат	өмір	20
айтпай	жатыр	35
айтпай	тұр	22
айтпай	ақ	41
айтпай	кетіп	11
айтпай	отыр	30
айтпай	тұра	34
боласың	?	38
боласың	деп	12
боласың	ғой	36
алтыным	!	22
алтыным	жаным	31
алтыным	менің	33
алтыным	алтыным	10
алтыным	ботақаным	29
күнім	деп	37
күнім	сен	26
күнім	менің	36
күнім	еді	17
күнім	ботам	40
күнім	айым	36
күнім	күнім	28
күнім	жұлдызым	40
жақсылық	болсын	6
жақсылық	жасап	14
жақсылық	тілеймін	21
жақсылық	пен	12
жақсылық	әкелсін	20
жақсылықты	тілеймін	25
жақсылықты	нәсіп	3
жақсылықты	тілейміз	30
өшіп	қала	15
өшіп	жатыр	38
өшіп	тұр	22
өшіп	кетті	14
өшіп	қалды	23
өшіп	кеткен	12
өшіп	қалып	21
өшіп	қалады	24
өшіп	кетіпті	39
өшіп	қалыпты	19
өшіп	қалса	16
өшіп	қапты	40
документ	керек	34
документ	алып	18
документ	дайын	33
документ	дайындап	39
документ	тапсырып	37
документ	өткізіп	15
документ	жинау	32
документ	тапсыруға	30
кешкі	сәлем	20
кешкі	ас	38
кешкі	тамақ	14
кешкі	сағат	14
кешкі	салқын	18
кешкі	асқа	34
кешкі	тамаққа	28
кешкі	тамақты	32
кешкі	салқынмен	40
кешкі	серуен	15
қызға	қалай	23
қызға	да	40
қызға	айтып	40
қызға	барып	39
қызға	бас	40
қызға	жазып	23
қызға	қарап	37
қызға	онлайн	38
қызға	ғашық	29
қызға	тіркеліп	40
сөйлесе	бер	39
сөйлесе	алмай	17
сөйлесе	алмаймын	15
сөйлесе	аласың	14
сөйлесе	аласыз	15
сөйлесе	аламыз	31
сөйлесе	алдың	27
сөйлесе	алмадым	39
сөйлесе	алмайтын	34
сөйлесе	аласыңба	40
сөйлесе	берейік	32
сөйлесе	алмаймыз	36
сөйлесе	аламызба	30
кетіпті	деп	37
кетіпті	ғой	25
баршаңызға	!	11
баршаңызға	рахмет	8
баршаңызға	сәлем	32
баршаңызға	қайырлы	19
баршаңызға	қалайсыздар	17
баршаңызға	сәттілік	20
баршаңызға	бүгінгі	12
десен	мен	33
десен	да	35
жақсымын	рахмет	39
жақсымын	жаным	19
жақсымын	шүкір	27
жақсымын	өзің	15
жақсымын	рақмет	11
жақсымын	өзіңіз	15
скрин	?	17
скрин	жасап	37
скрин	жібер	13
скрин	жіберші	37
скрин	етіп	15
жете	бер	17
жете	алмай	7
жете	берсін	9
жете	беріңіз	15
жете	беріңдер	19
жете	берейік	31
жете	беруіңе	24
еркек	деп	21
еркек	керек	34
еркек	болып	29
еркек	деген	19
еркек	емес	20
еркек	адам	18
еркек	болса	21
еркек	боп	34
еркек	сияқты	31
еркек	пен	36
еркек	болсаң	37
бармай	жатыр	39
бармай	тұр	15
бармай	ақ	17
бармай	қалды	12
бармай	жатып	36
сүт	жоқ	37
сүт	бар	32
сүт	керек	18
сүт	алып	20
сүт	барма	21
сүт	ала	30
сүт	ішіп	19
сүт	беріп	31
сүт	нан	28
сүт	пен	35
сүт	тартып	34
сүт	айран	39
сұрақ	?	36
сұрақ	жоқ	29
сұрақ	бар	40
сұрақ	болса	22
сұрақ	қой	36
сұрақ	жауап	29
сұрақ	қойып	20
сұрақ	қоя	17
сұрақ	қойдым	25
сұрақ	қойсам	31
өздеріңіз	?	15
өздеріңіз	де	17
өздеріңіз	қалайсыздар	31
қаншада	?	4
қаншада	келесің	16
қаншада	шығасың	23
қаншада	шығамыз	15
қаншадан	?	19
қаншадан	алып	10
қаншадан	болып	34
қаншадан	екен	22
қаншадан	болады	16
қаншадан	сатып	35
қаншадан	бағасы	35
қаншадан	қаншаға	40
қаншадан	жинаймыз	32
бұйыртса	екен	27
бұйыртса	ертең	28
бұйыртса	бүгін	18
бұйыртса	барамыз	39
бұйыртса	келесі	27
аурп	тұр	40
аурп	кетті	18
өзіңді	жақсы	26
өзіңді	де	24
өзіңді	өзің	29
өзіңді	қатты	20
өзіңді	ғана	39
өзіңді	күт	33
өзіңді	біреудің	21
өзіңді	ойлай	18
өзіңді	қинап	34
өзіңді	таныстырып	34
ербол	мен	26
ербол	аға	39
мас	болып	24
мас	емес	11
мас	адам	27
мас	боп	29
массаж	керек	15
массаж	алып	25
массаж	істеп	25
массаж	жасап	33
массаж	для	14
массаж	крем	34
бердім	деп	39
бердім	!	19
бердім	ғой	32
бердім	енді	17
маржан	мен	40
маржан	қалайсың	31
маржан	апа	29
маржан	апай	37
маржан	ханым	20
болыпты	?	40
болыпты	деп	32
болыпты	ғой	34
күніңіз	қалай	10
күніңіз	құтты	24
күніңіз	сәтті	2
күніңіз	бен	14
күніңіз	сәттілікке	29
күніңізбен	!	19
күніңізбен	құтты	12
күніңізбен	құттықтаймын	39
күніңізбен	құттықтаймыз	4
адамның	өзі	27
адамның	бәрі	36
адамның	аты	32
адамның	өзіне	39
адамның	көзін	38
адамның	несін	40
адамның	жүрегін	15
адамның	көңіліне	38
адамның	жынына	34
жіберген	жоқ	34
жіберген	ғой	20
жіберген	екен	20
жіберген	еді	34
жіберген	кезде	37
жіберген	едім	39
жіберген	соң	19
жіберген	жоқпын	25
мамаң	мен	29
мамаң	жақсы	23
мамаң	қалай	35
мамаң	үйде	16
мамаң	қайда	40
мамаң	келді	20
мамаң	папаң	33
шама	жоқ	31
шама	келсе	10
шама	келгенше	15
шамалы	ғана	15
шамалы	қалды	39
шамалы	уақыт	34
шамалы	дан	30
шамалы	демалып	37
шамалы	болсада	40
шамалы	күте	30
видио	мен	38
видио	бар	24
видио	жасап	35
видио	жіберші	25
видио	түсіріп	38
мектепте	жұмыс	37
мектепте	оқиды	30
мектепте	оқисың	40
көрейін	деп	34
көрейін	деген	14
көрейін	десем	37
көрейін	дегем	33
жандары	жәннатта	22
жандарым	!	6
жандарым	менің	17
жандарым	ау	10
жандарым	аман	37
жандарым	бақытты	21
кететін	болып	34
кететін	болды	30
кететін	адам	18
кететін	болса	20
кететін	еді	35
кететін	кезде	22
кететін	едім	19
кететін	сияқты	19
кететін	болдым	20
кететін	болсаң	24
кететін	болсам	35
кететін	болдың	29
кететін	шығармын	39
ержан	мен	24
ержан	деген	32
ержан	аға	40
ержан	ержан	20
әли	мен	39
жанат	апа	36
жанат	апай	36
жанат	жанат	23
жанат	жарғанат	12
кейде	бір	19
кейде	солай	37
қор	болып	36
қорқып	жатырмын	15
қорқып	жүр	27
қорқып	отыр	40
қорқып	отырмын	31
қорқып	жатқан	16
қорқып	кеттім	33
қорқып	жүрмін	14
қорқып	тұрмын	30
қорқып	қалдық	20
айтатын	адам	36
айтатын	еді	16
айтатын	едім	19
айтатын	дым	23
айтатын	әңгіме	36
айтатын	сөз	23
айтатын	нәрсе	37
айтатын	болсам	38
айтатын	сөзім	38
др	?	35
др	др	13
көремін	деп	28
көремін	!	22
көремін	ғой	20
көремін	жаным	17
көремін	сені	14
айнұр	мен	21
айнұр	қалайсың	32
айнұр	туған	22
айнұр	апа	39
айнұр	апай	34
айнұр	тәте	19
айнұр	ханым	38
девушка	?	26
девушка	есть	18
сабыр	мен	33
сабыр	деп	31
сабыр	бер	26
сабыр	берсін	38
сабыр	ет	9
сабыр	сабыр	28
сабыр	сақта	15
сабыр	сақтап	33
сабыр	берсин	27
сабыр	түбі	37
айнур	мен	27
айнур	апа	39
айнур	апай	37
айнур	тате	25
алдап	кетті	38
алдап	жүр	25
алдап	жатқан	34
алдап	кеткен	39
алдап	жүрген	34
алдап	жүрсің	30
алдап	алдап	38
батыр	қалай	32
батыр	баян	36
батыр	көшесі	32
қызығы	мен	39
қызығын	көр	12
қызығын	көре	13
қызығын	көріп	16
қызығын	бірге	10
қызығын	көріңіз	13
қызығын	көруге	17
қызығын	көрсін	29
қызығын	көріңдер	30
қызығын	көруді	13
қызығын	көріңіздер	22
қызығын	қызықтап	18
нақты	бір	33
нақты	емес	39
нақты	қанша	23
нақты	айта	35
нақты	жауап	20
нақты	білмеймін	17
нақты	адрес	21
нақты	нақты	28
нақты	жауабын	30
нақты	шешім	37
нақты	уақытын	38
болдың	?	37
болдың	ғой	14
короче	мен	15
короче	бір	18
сері	жігіт	38
серік	болсын	12
серік	болып	16
серік	деген	31
серік	аға	38
серік	пен	19
серік	сәкен	40
тимей	жатыр	28
тимей	кетті	6
тимей	жүр	11
тимей	қалды	20
тимей	жатқан	38
тимей	жатырма	20
сағанда	рахмет	33
сағанда	жаным	16
сағанда	құтты	25
сағанда	қайырлы	30
сағанда	ас	12
сағанда	жаңа	30
сағанда	сәттілік	16
сағанда	мағанда	31
сағанда	жұғысты	39
курс	?	19
курс	бар	28
курс	алып	37
курс	қанша	39
курс	оқып	28
курс	сатып	25
курс	бағасы	28
курс	жайлы	19
дұрыстап	жазып	31
дұрыстап	жауап	28
дұрыстап	қарап	31
дұрыстап	сөйле	39
дұрыстап	түсіріп	31
дұрыстап	жазшы	35
орны	бар	39
орны	бөлек	16
орнына	мен	12
орнына	адам	28
орнына	басқа	30
орнына	қойып	23
барайық	?	20
барайық	деп	33
барайық	деген	11
барайық	дейді	30
барайық	барайық	28
атың	?	37
атың	кім	39
атың	қаншада	4
атың	атың	32
асел	мен	20
асел	қалайсың	34
қайтар	деп	39
қайтар	кезде	17
қайтар	қайтар	18
қайтара	алмай	20
қайтарамын	жігіттер	13
қайтарамын	достар	39
қайтарамын	қайтарамын	28
қайтарамын	тіркеліңдерші	7
жатырма	?	34
жатырма	деп	9
жатырма	или	18
қонақ	бар	39
қонақ	болып	18
қонақ	боп	17
қонақ	келіп	35
қонақ	келе	17
қонақ	үй	38
қонақ	үйде	24
қонақ	үйге	38
қонақ	кеп	32
қонақ	келді	34
қонақ	келген	32
қонақ	келед	36
қонақ	келеді	40
қонақ	күтіп	21
қонақ	келсе	15
қонақ	қылып	35
қонақ	шақырып	38
қонақ	келетін	21
қонақ	асы	39
проблема	?	29
проблема	жоқ	23
проблема	бар	22
проблема	керек	31
проблема	болып	21
проблема	болды	14
проблема	емес	36
проблема	болса	18
проблема	боп	36
проблема	аз	19
жіберіңіз	!	37
жіберіңізші	?	17
жіберіңізші	маған	32
жіберіңізші	өтініш	38
себебі	мен	13
себебі	сен	14
себебі	бар	17
себебі	ол	18
себебі	менің	16
себебі	біз	30
себебі	бұл	37
себебі	сіз	32
себебі	олар	33
себебі	алдымен	35
қайрат	аға	20
қайрат	тілеймін	20
қайрат	ұзақ	11
қайрат	нұртас	17
алматыда	да	13
алматыда	жұмыс	38
алматыда	жүр	31
алматыда	тұрады	37
банк	?	39
банк	бар	34
банк	арқылы	32
ищу	мама	29
ищу	пара	26
ищу	др	19
ищу	дочь	20
ищу	друга	17
ищу	девушку	19
ищу	друзей	16
ищу	жену	18
ищу	дочку	31
жері	?	18
жері	жоқ	31
жері	бар	21
жері	ауырып	19
жері	жарық	20
жері	жайлы	18
ертеңге	керек	9
ертеңге	жұмыс	20
ертеңге	дейін	30
ертеңге	такси	12
ертеңге	заказ	38
ертеңге	бос	38
ертеңге	орын	39
ертеңге	дайындық	30
қолың	қалай	38
қолың	бос	35
қолың	тимей	8
қолың	босамай	16
қолың	босағанда	19
қолың	боспа	14
қолың	дерт	11
қолың	босаса	17
жігіті	жоқ	27
жігіті	бар	18
жігіті	барма	8
жігітің	мен	19
жігітің	қалай	27
жігітің	жоқ	23
жігітің	бар	23
жігітің	болса	14
жігітің	барма	35
жігітің	қайда	9
жігітің	екеуің	31
түрі	де	23
түрі	жоқ	32
түрі	бар	21
түрі	барма	13
түрі	қандай	26
түрі	жаман	25
түрі	әдемі	19
түрі	таныс	35
сізден	де	24
сізден	бір	39
сізден	алып	16
сізден	ақша	35
сізден	басқа	39
сізден	сұрап	17
сізден	жауап	20
сізден	өтініш	35
сізден	хабар	19
сізден	бірдеңе	31
сізден	ұят	33
сізден	кешірім	35
сізден	көмек	37
сізден	сұрайын	30
қап	жатыр	17
қап	кетті	37
қап	қара	34
қап	кеткен	9
қап	кетіпті	30
қап	қараңғы	34
диплом	бар	35
диплом	керек	38
диплом	алып	37
диплом	құтты	15
диплом	алды	8
диплом	алдым	19
диплом	алу	35
диплом	алған	35
диплом	алатын	21
диплом	алады	38
диплом	алуға	34
диплом	жемісін	31
бет	жоқ	39
бет	алды	19
бет	жуатын	21
бет	ашар	38
бет	ашарға	19
арғы	күн	37
арғы	күні	26
арғы	жақта	4
арғы	күнге	32
арғы	жағы	22
арғы	жағын	31
арғы	жағында	33
арғы	бетке	20
арғы	дүниеде	33
болыңыз	!	36
болыңыз	апай	10
болыңыз	дар	18
болыңыз	әрдайым	22
карта	ойнап	12
карта	ойнаймыз	14
әйел	мен	39
әйел	бар	38
әйел	болып	38
әйел	адам	37
әйел	бала	13
әйел	адамға	35
әйел	адамның	26
әйел	бақытын	29
арқылы	ақша	12
арқылы	заказ	19
арқылы	күніне	36
арқылы	табыс	37
арқылы	сайт	38
жазды	?	38
жазды	деп	29
жазды	ғой	16
жазды	маған	18
жазды	екен	31
жаздым	мен	31
жаздым	деп	35
жаздым	ғой	26
жаздым	жауап	15
атырау	да	28
атырау	облысы	31
атырау	қаласынан	27
атырау	актөбе	35
қашып	кетті	34
қашып	бара	13
қашып	кетіп	31
қашып	жүр	28
қашып	кеткен	25
қашып	жүрген	18
қашып	кете	31
қашып	кетем	39
қашып	жүрсің	30
қашып	кетеді	36
қашып	кетсе	27
қашып	кетіпті	28
қашып	кететін	36
қашып	кетпесін	38
бассейн	?	32
бассейн	де	33
бассейн	деп	23
бассейн	бар	30
тапсыр	деп	19
тапсырып	жатыр	11
тапсырып	жатырмын	18
тапсырып	келдім	24
тапсырып	қойдым	36
дегені	бар	22
дегенім	жоқ	19
дегенім	ғой	34
алмады	деп	6
алмады	ғой	17
алмадым	мен	17
алмадым	деп	38
алмадым	ғой	20
ито	мен	22
ито	сен	18
ито	ол	30
жап	жақсы	17
жап	деп	16
жап	жаңа	33
жап	жас	17
жап	жана	10
жап	жарық	24
жап	жақын	19
жап	жасыл	32
жап	аузыңды	22
жап	аузынды	7
аудар	деп	38
аударып	жібер	14
аударып	жіберші	32
аударып	жібере	16
аударып	қойдым	32
аударып	жіберем	25
аударып	жібердім	18
аударып	жіберіңізші	16
аударып	жіберейін	32
аударып	чекті	36
кола	мен	39
кола	бар	23
кола	алып	38
кола	ала	19
кола	ішіп	18
сіздер	де	20
сіздер	қашан	20
сіздер	үшін	24
сіздер	сияқты	19
сіздер	жақта	36
сіздер	жаққа	19
бәсе	мен	18
бәсе	неге	32
бәсе	кеше	18
бәсе	солай	37
киін	мен	36
киін	жазам	35
қалыпты	деп	22
қалыпты	ғой	31
гуля	мен	11
гуля	қалайсың	39
гуля	апа	33
гуля	апай	20
гуля	тате	27
суретке	қарап	27
суретке	түсіп	36
суретке	түсіріп	15
суретке	түсе	6
суретке	түсу	35
суретке	түсуге	36
сәлеметсіздер	!	36
их	?	19
әпке	?	34
әпке	мен	24
әпке	!	22
әпке	қалайсыз	25
әпке	туған	16
әпке	туылған	38
әпке	әпке	37
баян	апа	20
баян	апай	29
баян	сұлу	25
телеграм	бар	25
телеграм	да	28
телеграм	барма	19
телеграм	нан	26
телеграм	группа	20
телеграм	канал	28
телеграм	каналға	19
дер	?	34
дер	бар	25
дер	ғой	35
дер	екен	29
дер	едім	19
дер	кезінде	33
болсан	мен	22
болсан	неге	23
болсан	болды	35
болсан	менде	18
болсан	айт	38
болсан	тегін	37
береміз	?	34
береміз	деп	24
береміз	!	15
береміз	ғой	20
береміз	деген	17
береміз	ау	31
береміз	дейді	37
кіре	бер	30
кіре	салып	17
кіре	алмай	38
кіре	алмаймын	9
кіре	алмадым	26
кіре	берісте	24
марат	аға	27
маман	мен	19
маман	қалай	28
маман	иесі	32
ало	?	14
ало	деп	18
ало	жаным	37
ало	ало	34
ало	алоо	9
конца	деп	34
конца	бара	29
конца	барам	36
ән	екен	19
ән	айтып	24
асты	ғой	16
асты	шығып	32
асты	кетіп	35
асты	үсті	36
асты	үстіне	31
асты	алматыга	32
асты	үстімен	19
естіп	алып	33
естіп	жатырмын	37
естіп	едім	17
естіп	отырмын	20
естіп	тұрмын	30
естіп	қуанып	22
жетпей	жатыр	26
жетпей	тұр	12
жетпей	жүр	12
жетпей	қалды	30
жетпей	қалып	15
жетпей	жатса	34
жетпей	қалады	27
амал	жоқ	29
амал	бар	5
амал	қанша	37
амал	барма	19
амал	жоққой	31
амал	жоқтан	35
хабарын	айт	32
хабарын	айтып	19
хабарын	бер	16
хабарын	беріп	27
хабарын	айтам	33
хабарын	айтшы	17
хабарын	біліп	37
хабарын	беремін	36
хабарын	айтамын	29
хабарын	айтасың	16
хабарын	айтарсың	33
қыздың	өзі	32
қыздың	туған	36
қыздың	туылған	17
қыздың	аты	19
қыздың	көз	19
қыздың	жолы	35
қыздың	артынан	36
анда	барам	37
кафе	?	37
кафе	де	30
кафе	бар	35
больше	всех	25
больше	всего	32
тілі	мен	19
тілі	ден	15
тілі	әдебиет	31
ерасыл	мен	25
ерасыл	деген	21
ерасыл	ерасыл	26
біледі	?	19
біледі	деп	18
біледі	ғой	23
біледі	ол	13
біледі	екен	37
біледі	екенсің	18
сот	арқылы	28
сот	орындаушы	22
сотка	алып	13
сотка	көріп	23
сотка	қарап	28
сотка	шұқылап	19
нағашы	апа	24
нағашы	ата	18
нағашы	ағам	24
нағашы	апам	30
нағашы	әже	21
нағашы	атам	29
нағашы	апасы	37
әже	мен	35
әже	деп	22
әже	қалай	37
әже	болып	35
әже	әже	21
етсін	!	22
етсін	алла	7
етсін	әмин	18
етсін	аллам	32
дегенді	қалай	25
дегенді	алып	25
дегенді	басып	33
дегенді	естіп	28
дегенді	көкті	32
дегенді	қойсаңшы	32
ешқандай	да	15
ешқандай	ақша	19
ешқандай	қыз	22
ешқандай	жаңалық	38
ешқандай	өзіңде	17
ешқандай	алаяқтық	29
аналар	мен	32
аналар	!	37
аналар	аман	16
аналар	күнімен	36
серия	?	30
зато	мен	34
зато	сен	19
көресің	?	29
көресің	деп	19
көресің	ғой	36
көресің	енді	13
таныс	деп	21
таныс	жоқ	37
таныс	бар	20
таныс	керек	17
таныс	болып	33
таныс	емес	32
таныс	адам	19
таныс	болса	22
таныс	барма	30
таныс	қыз	28
таныс	сияқты	36
таныс	арқылы	37
жолдары	болсын	35
жолдарың	болсын	7
жолдарың	ашық	2
қалам	мен	21
қалам	деп	29
қалам	ғой	15
қалам	ау	19
толып	жатыр	24
толып	тұр	15
толып	кетті	14
толып	жүр	18
толып	қалды	33
толып	жатқан	23
толып	кеткен	38
толып	қалыпты	22
айту	керек	32
айту	үшін	5
айту	қиын	20
айту	оңай	32
айту	күніне	35
айту	керекпа	34
аян	мен	37
аян	аян	30
мейлі	мен	28
мейлі	жақсы	35
мейлі	ғой	31
мейлі	енді	23
мейлі	өзің	26
мейлі	аман	30
мейлі	мейлі	34
үйреніп	ал	29
үйреніп	келе	33
үйреніп	жатырмын	35
үйреніп	қалды	24
үйреніп	алдым	37
үйреніп	алу	32
үйреніп	алған	36
үйреніп	кетеді	26
үйреніп	қалдық	36
үйреніп	кетесің	32
кімді	?	18
кімді	жақсы	18
кімді	алып	13
кімді	айтып	35
кімді	күтіп	19
кімді	ойлап	34
кімді	сағынып	35
кімді	алдап	37
кімді	алар	32
кімді	көргенде	32
футбол	көріп	19
футбол	ойнап	36
қызың	мен	16
қызың	жақсы	35
қызың	қалай	36
қызың	жоқ	17
қызың	бар	33
қызың	болса	13
қызың	барма	32
астанаға	барып	14
астанаға	қашан	18
астанаға	кетті	22
астанаға	келіп	36
астанаға	бара	33
астанаға	кетіп	33
астанаға	барам	17
астанаға	жол	30
астанаға	кетем	35
астанаға	баратын	27
астанаға	билет	35
астанаға	барғанда	35
астанаға	көшіп	34
атым	бар	36
атым	кім	27
атым	аружан	32
атым	хан	31
атым	қожа	21
балаға	да	29
балаға	қарап	31
балаға	обал	28
делать	?	37
делать	если	11
делать	когда	11
делать	будем	33
айбек	аға	20
айбек	айбек	29
баланың	туған	31
баланың	аты	23
баланың	ақшасы	19
баланың	анасы	29
тығып	алып	37
тығып	қой	36
тығып	таста	22
тығып	қойған	32
тығып	тастады	35
тығып	тастадым	32
тығып	тастаған	28
оқуға	болады	18
оқуға	түсіп	32
оқуға	түсті	16
оқуға	документ	31
оқуға	тапсырып	21
оқуға	түсе	19
оқуға	түсу	36
оқуға	түсетін	33
оқуға	түсем	36
оқуға	түсуге	37
оқуға	тапсыруға	34
оқуға	түскені	34
сабаққа	барып	32
сабаққа	бара	28
сабаққа	барасың	18
сабаққа	дайындалып	32
сабаққа	түгел	30
сабаққа	қатысып	30
сабаққа	дайынмын	23
тырыс	болып	17
тырыс	боп	10
тырысып	қала	16
тырысып	жатырмын	30
тырысып	жүр	28
тырысып	отыр	37
тырысып	қалды	30
тырысып	жүрмін	19
тырысып	қалдың	36
тырысып	қалады	33
тырысып	қалам	37
қуан	қуан	37
қуаныш	болсын	10
қуаныш	құтты	22
қуаныш	аға	29
қуаныш	пен	25
қуаныш	қуаныш	17
қуаныш	көріңіз	24
кем	?	21
кем	жоқ	15
кем	болып	20
кем	емес	36
кем	дегенде	26
кем	дүние	18
жаңбыр	деп	36
жаңбыр	жоқ	36
жаңбыр	бар	31
жаңбыр	барма	33
жаңбыр	жауып	33
жаңбыр	астында	9
жаңбыр	құйып	25
жаңбыр	жауды	15
жаңбыр	жауған	17
жаңбыр	жауса	29
жаңбыр	жауады	25
сақ	бол	36
сақ	болып	10
сақ	болыңдар	16
сақтасын	деп	14
сақтасын	!	36
сақтасын	алла	14
нұрислам	нұрислам	20
басе	мен	1
басе	неге	34
дәу	болып	18
дәу	екен	19
дәу	емес	30
дәу	мама	35
дәу	боп	19
дәу	қыз	25
дәу	папа	25
дәу	жігіт	33
дәу	дәу	21
артынан	бір	23
артынан	ере	36
артынан	жүгіріп	18
көру	керек	27
көру	үшін	4
көру	арман	16
неғып	жатсың	28
неғып	жүр	13
неғып	жүрсің	18
болт	?	16
болт	болт	33
салған	жоқ	17
салған	ғой	20
салған	дұрыс	23
салған	кезде	31
салған	едім	23
салған	соң	29
салған	жоқпын	20
салған	ақшаны	28
салған	бойда	20
дегенге	айтып	12
дегенге	бөтелке	29
бітіріп	ал	26
бітіріп	жатыр	22
бітіріп	алайын	22
бітіріп	жатырсың	18
біреуі	бар	27
біреуі	ғана	18
дені	дұрыс	35
қуанып	жатыр	14
қуанып	кетті	18
қуанып	жатырмын	37
қуанып	жүр	34
қуанып	отырмын	26
қуанып	қалды	16
қуанып	жатқан	29
қуанып	жүрген	33
қуанып	кеттім	34
қуанып	жатырмыз	22
қуанып	тұрмын	19
қуанып	қалар	37
ұйқым	келіп	35
ұйқым	кеп	8
ұйқым	келді	10
ұйқым	келп	16
ұйқым	келмей	24
ұйқым	келмейді	15
ұйқым	қашып	29
ұйқым	ашылып	33
ұйқым	қанбай	18
друг	?	21
друг	аружан	22
друг	жұлдыз	24
друг	друга	18
друг	другу	13
оля	мен	18
оля	ол	22
оля	неге	36
кетсін	деп	34
кетсін	!	16
кетсін	енді	14
кетсін	алла	35
алмас	аға	20
алмас	красава	23
бөліп	күшті	31
бөліп	бөліп	10
бөліп	беруге	17
бөліп	төлеу	37
бөліп	шығару	20
бөліп	төлеуге	19
бөліп	шығарудың	15
амин	!	28
амин	рахмет	16
амин	жаным	11
амин	рақмет	34
амин	айтқаның	21
амин	амин	28
амин	айтқаныңыз	17
амина	мен	34
амина	деген	19
амина	амина	35
сымбат	қалайсың	13
сымбат	пен	33
сымбат	сымбат	35
айтамын	деп	15
айтамын	!	16
айтамын	ғой	32
айтамын	деген	16
күте	тұр	36
күте	алмаймын	9
күте	күте	31
күте	тұршы	22
күте	тұрыңыз	18
күте	тұрыңызшы	17
каусар	мен	34
каусар	деген	19
каусар	каусар	33
өзімді	жақсы	14
өзімді	бір	22
өзімді	жаман	34
өзімді	жеп	22
өзімді	ұстап	34
өзімді	жек	36
өзімді	алдап	33
өзімді	әрең	34
өзімді	кінәлі	34
өзімді	қинап	28
өзімді	ұстай	32
кетпе	деп	19
кетпесін	деп	17
кетпесін	!	17
кетпесін	аман	14
кетпесін	бақытты	23
кетпесін	алланың	11
кетпесін	бақыттың	31
болдыма	?	15
болдыма	деп	9
болдыма	енді	27
шықтың	?	30
шықтың	дар	21
күтем	деп	34
күтем	ғой	19
күтем	жаным	19
күтем	сені	22
сіздерге	де	26
сіздерге	!	15
сіздерге	рахмет	20
сіздерге	осы	26
сіздерге	алла	20
сіздерге	көп	35
сіздерге	аллаһтың	20
қана	қыздар	21
қана	алға	28
қана	ватсапқа	27
болмады	деп	19
болмады	ғой	24
болмады	енді	17
тыныштық	жоқ	30
тыныштық	болсын	20
тыныштық	керек	26
тыныштық	берші	17
тыныштық	бермей	26
інжу	мен	34
інжу	інжу	24
дет	дом	15
детский	киім	19
детский	время	30
детский	мир	18
боса	да	25
боса	болды	32
нұрай	мен	32
нұрай	деген	20
нұрай	нұрай	34
айтасың	?	16
айтасың	ғой	19
басылып	кетті	11
басылып	кетіп	7
басылып	қалды	35
басылып	кеткен	33
басылып	кетіпті	15
айдын	мен	17
айдын	аға	36
айдын	басы	30
айдын	басында	35
айдын	аяғы	23
айдын	аяғына	29
айдын	аяғында	32
отырсың	?	33
отырсың	ғой	14
отырсың	аконай	14
дайындалып	жатыр	14
дайындалып	жатсың	15
дайындалып	жатырмын	24
дайындалып	жүр	14
дайындалып	жатқан	31
дайындалып	жатырсың	27
дайындалып	жатырмыз	32
сұрай	бер	19
сұрай	алмай	16
сұрай	береді	21
сұрай	беріңіз	18
сұрай	бересің	21
сұрай	қоятын	24
сұраймын	деп	14
сұраймын	!	18
сұраймын	ғой	14
сұраймын	жаным	32
сұраймын	кешірім	27
сұраймын	баламнын	20
айзере	мен	25
айзере	жаным	22
айзере	айзере	26
ене	мен	10
енем	мен	22
енем	де	22
енем	бар	30
жыны	келіп	22
жыны	кеп	13
жыны	ұстап	14
жыным	келіп	13
жыным	шығып	10
жыным	кеп	18
жыным	келді	11
жыным	келед	24
жыным	келеді	15
жыным	ұстап	16
жыным	келп	14
жыным	келет	20
берсем	деп	18
берсем	қалай	19
берсем	болды	29
берсем	болады	36
берсем	болама	16
папам	мен	12
папам	бар	19
папам	мамам	30
тариф	жоқ	35
тариф	істеп	19
тариф	салып	18
тариф	қосып	14
тариф	бітті	31
тариф	бітіп	28
тариф	бітеді	14
клиент	жоқ	36
клиент	бар	35
клиент	болса	19
клиент	көп	34
клиент	келіп	27
клиент	тауып	34
тұрды	ғой	24
тұрды	да	15
тұрдым	ғой	21
тұрдым	өзің	19
тұрдым	ұйқыдан	22
шешіп	ал	18
шешіп	алып	36
шешіп	жатыр	20
шешіп	ала	34
шешіп	тастап	32
шешіп	алу	30
шешіп	беремін	28
шешіп	алайық	35
жеміс	жидек	31
жемісін	көр	11
жемісін	көре	10
жемісін	көріп	9
жемісін	же	30
жемісін	көріңіз	30
жемісін	жей	16
жемісін	көрсін	15
жемісін	көріңдер	10
жемісін	көріңіздер	26
жемісін	жесін	33
нөмір	жоқ	18
нөмір	бар	34
нөмір	барма	33
нөмір	жазып	18
нөмір	жіберші	33
нөмір	берші	18
сөйлеп	жатыр	11
сөйлеп	жүр	14
сөйлеп	отыр	35
сөйлеп	жатқан	27
сөйлеп	сөйлеп	23
салтанат	деген	32
салтанат	апа	36
салтанат	апай	35
салтанат	ханым	19
ұрып	жатыр	34
ұрып	тұр	19
ұрып	ұрып	15
ұрып	соғып	26
ұрып	өлтіретін	31
беріңізші	деп	35
беріңізші	өтініш	19
беріңізші	репост	15
тартып	алып	32
тартып	жатыр	19
тартып	алам	28
тартып	алды	31
бармаймын	мен	29
бармаймын	деп	27
бармаймын	ғой	12
бармаймын	деген	30
бармаймын	дейді	32
қызбен	сөйлесіп	18
қызбен	жігіт	15
қызбен	жүріп	19
қызбен	танысып	19
шығарсың	?	29
шығарсың	деп	17
шығарсың	сен	21
шығарсың	енді	36
өзімде	де	28
өзімде	жоқ	22
өзімде	бар	30
өзімде	ақша	19
өзімде	солай	28
өзімде	білмеймін	21
өзімде	ойлап	25
өзімде	түсінбей	33
айдос	аға	31
емаа	мен	25
есім	екен	25
есім	шығып	18
есіме	енді	17
есіме	алып	35
есіме	салып	21
есіме	түсіп	33
есіме	түсіріп	7
есіме	түсті	27
есіме	түсе	15
есіме	түседі	32
есіме	түссе	35
есіме	түсіре	17
жд	билет	20
жд	вокзал	19
жду	когда	10
жду	вас	29
жду	жду	21
баламен	сөйлесіп	11
қыздарға	да	20
қыздарға	айтып	30
қыздарға	барып	20
қыздарға	қарап	31
қыздарға	арналған	29
звондап	жатыр	18
звондап	айтып	15
звондап	ала	32
звондап	едім	29
звондап	сұрап	21
ұнайды	?	33
ұнайды	деп	16
ұнайды	ғой	24
ұнайды	маған	26
ұнайды	саған	15
қуанышты	жыл	30
қуанышты	күндер	16
қуанышты	күндерің	14
қуанышты	күндеріңіз	11
қуаныштымын	!	16
қуаныштымын	сен	4
қуаныштымын	танысқаныма	32
болш	деп	23
болш	кел	19
болш	тез	30
болш	бауырым	24
барын	алып	7
барын	айтып	27
барын	салып	24
таксимен	барып	33
таксимен	келе	23
таксимен	бара	17
таксимен	кетіп	17
таксимен	салып	32
таксимен	барам	30
таксимен	барамыз	24
таксимен	кете	34
деньги	?	32
деньги	да	17
деньги	за	19
деньги	есть	29
деньги	бумажный	29
ватсапқа	жазып	28
ватсапқа	кір	21
ватсапқа	кіріп	31
ватсапқа	жаза	19
ватсапқа	жазыңыз	33
ватсапқа	кірмей	11
ватсапқа	жазамыз	24
ватсапқа	жазыңыздар	21
танысы	бар	24
танысып	ал	9
танысып	сөйлесіп	33
танысып	отырайық	18
тфай	тіл	12
тфай	көз	18
тфай	тфай	13
қате	деп	4
қате	болып	20
қате	болды	30
қате	емес	25
қате	болса	33
қате	кетті	31
қате	жазып	33
қате	кетіп	18
қате	кеткен	18
қате	жазылып	33
қате	қате	20
айко	мен	18
айко	қалайсың	28
айко	айко	26
тал	түс	19
жазу	керек	24
жазу	деген	7
жазу	үшін	32
жазу	жазып	27
жазу	қиын	28
бәле	деп	34
бәле	ғой	35
бәле	болып	33
бәле	болды	26
бәле	екен	13
бәле	саған	35
бәле	боп	29
бәле	іздеп	34
бәле	жаладан	19
бәріміз	де	35
бәріміз	бір	18
бәріміз	бірге	16
бәріміз	барамыз	15
бәріміз	жиналып	33
ақшам	жоқ	31
ақшам	бар	9
ақшам	болса	16
ақшам	болмай	20
ақшам	аз	13
ақшам	болғанда	33
ақшам	жетпей	32
сұрайын	деп	20
сұрайын	деген	6
сұрайын	десем	16
сұрайын	дегем	19
сұрайын	дегенім	12
жандос	аға	15
жандос	жандос	24
денің	саулық	34
доп	жоқ	16
доп	бар	35
доп	алып	19
доп	барма	18
доп	ойнап	20
доп	алп	19
доп	доп	32
игнор	?	20
игнор	жасап	18
игнор	ұстап	26
игнор	етіп	14
игнор	игнор	32
жігітім	деп	31
жігітім	жоқ	27
жігітім	бар	16
жігітім	емес	8
жігітім	болса	23
жігітім	болш	31
аласын	?	20
аласын	деп	25
давайте	мен	31
давайте	қайырлы	20
давайте	завтра	29
жұлдыз	қалайсың	35
жұлдыз	апай	32
жұлдыз	жұлдыз	30
жатам	мен	23
жатам	деп	19
жатам	ғой	16
жатам	ау	23
дедің	?	34
дедің	мен	17
дедің	ғой	30
дедің	дедің	11
қарыз	деп	12
қарыз	жоқ	30
қарыз	бар	31
қарыз	алып	25
қарыз	болып	18
қарыз	боп	17
қарыз	еді	32
қарыз	едім	34
қарыз	сұрап	27
тұрасың	?	29
тұрасың	ғой	12
красавчик	!	20
красавчик	болып	26
красавчик	екен	24
красавчик	жігіт	27
дам	тебе	32
дами	бер	19
дами	беріңіз	12
дамир	мен	17
дамир	деген	28
дамир	дамир	32
базарға	барып	28
базарға	бара	12
базарға	шығып	17
базарға	кетіп	20
базарға	барам	24
базарға	барамыз	19
базарға	баратын	28
базарға	бару	33
базарға	барғанда	27
быть	?	31
быть	как	19
актобе	де	20
ғашық	болып	30
ғашық	боп	8
ғашық	болған	15
ғашық	болу	15
ғашық	болдым	24
ғашық	көздер	18
братишка	?	29
братишка	деп	26
братишка	қалайсың	26
тикток	көріп	29
тикток	қарап	15
тикток	аккаунт	30
үйдемін	ғой	30
үйдемін	жаным	16
история	салып	34
руслан	мен	20
руслан	деген	31
руслан	аға	34
врач	жоқ	22
врач	бар	32
жіберемін	деп	28
жіберемін	ғой	17
жіберемін	деген	24
бүкіл	жерде	35
бүкіл	ауыл	34
бүкіл	қазақстан	34
бүкіл	әлем	31
көтеріп	алып	24
көтеріп	жатыр	20
көтеріп	жүр	27
көтеріп	жүрген	29
көтеріп	қойып	32
ауылдан	енді	35
ауылдан	алып	29
ауылдан	келіп	34
ауылдан	келе	33
ауылдан	шығып	23
ауылдан	келген	27
ауылдан	қалаға	20
түркістан	да	18
түркістан	облысы	17
гоу	?	12
гоу	др	17
гоу	гоу	27
гоу	дружить	17
сендерде	?	15
сендерде	де	20
сендерде	сағат	21
сендерде	сабақ	30
сендерде	онлайн	34
шөп	бар	32
шөп	салып	27
шөп	шауып	21
шөп	жұлып	18
шөп	орып	19
кезінде	бір	29
реті	болмай	34
реті	келсе	11
реті	келгенде	11
реті	келмей	15
ретінде	жақсы	15
ретінде	ғана	27
ретінде	араласып	21
адал	бол	15
адал	болып	23
адал	емес	21
адал	болса	33
адал	жар	23
адал	дос	19
адал	болам	20
адал	болу	21
адал	келін	34
адал	болсаң	32
адал	болсан	33
адал	боламын	34
адал	еңбек	29
адал	жолмен	31
кстати	мен	26
кстати	сен	19
кетіппін	ғой	20
айгүл	мен	9
айгүл	қалайсың	32
айгүл	апа	26
айгүл	апай	23
айгүл	тәте	17
айгүл	ханым	26
айгүл	айгул	33
қаладан	?	28
қаладан	енді	32
қаладан	келе	29
қаладан	шығып	19
қаладан	келген	24
қаладан	ауылға	34
қаладан	боласың	14
қаладан	боласыз	11
қайтыс	болып	13
қайтыс	болды	13
қайтыс	боп	9
қайтыс	болған	30
қайтыс	бопты	8
қайтыс	болғанда	28
қайтыс	болыпты	26
гаухар	мен	14
гаухар	қалайсың	32
гаухар	апа	33
гаухар	апай	34
үйдегілер	мен	19
үйдегілер	жақсы	26
үйдегілер	қалай	18
үйдегілер	бәрі	10
үйдегілер	ұйықтап	31
береке	жақсы	27
береке	берсін	17
береке	тілеймін	8
береке	келсін	15
береке	банк	29
береке	бірлік	30
береке	әкелсін	22
айару	мен	26
айару	айару	20
күнді	белгілеп	12
күндіз	де	17
күндіз	ұйықтап	30
күндіз	түні	23
будем	?	16
будем	делать	18
будем	вместе	15
будем	играть	20
будем	жить	21
будем	ждать	33
будем	знакомы	23
бұрынғы	жігітім	31
домой	?	33
домой	когда	13
домой	еду	24
біреуге	айтып	26
біреуге	беріп	23
біреуге	ғашық	21
кітап	жоқ	33
кітап	бар	34
кітап	алып	25
кітап	оқып	31
кітап	тапсырамыз	15
кітап	сыйлау	19
жүз	жаса	29
жүз	мың	17
жүз	рет	16
жүз	теңге	30
жүз	елу	22
жүз	жасасын	22
жүз	жасаңыз	19
заттар	бар	19
заттар	керек	15
заттар	алып	25
заттар	болса	16
заттар	алп	34
заттар	алу	34
әрең	ұстап	25
әрең	жүрмін	30
әрең	дегенде	23
әрең	жеттім	20
әрең	шыдап	31
уайым	жоқ	18
уайым	болып	16
уайым	болды	13
уайым	боп	11
уайымдап	жатыр	17
уайымдап	жатырмын	29
уайымдап	жүр	27
уайымдап	отыр	26
уайымдап	отырмын	18
уайымдап	жүрген	13
уайымдап	кеттім	34
уайымдап	жүрмін	22
екеуін	де	19
екеуін	бір	17
екеуін	алып	19
екеуін	екі	20
екеуін	ғана	32
екеуін	бірге	33
екеуін	қосып	17
калайсың	?	28
калайсың	жаным	14
калайсың	дар	29
күлкі	кетпесін	20
күлкі	кетпей	2
айтпақшы	мен	22
айтпақшы	сен	18
төрт	адам	19
төрт	ай	20
төрт	бала	32
төрт	күн	30
төрт	мың	14
төрт	рет	20
төрт	күнде	32
төрт	жыл	29
төрт	бес	25
төрт	жүз	20
төрт	жарымда	30
төрт	бұрыш	31
төрт	көзіміз	29
төрт	бұрышты	23
август	деп	34
август	күні	29
август	басы	28
август	басында	32
август	аяғы	26
август	айына	31
август	айында	28
әрқашан	да	26
әрқашан	ашық	26
әрқашан	жолың	30
әрқашан	күліп	27
әрқашан	жүзіңнен	18
әрқашан	биіктерден	6
әрқашан	жүзіңізден	25
әрқашан	жүзінен	12
кіші	болып	30
кіші	жүз	33
кіші	дәрет	12
кіші	дәретке	34
сезім	мен	26
сезім	жоқ	30
сезім	бар	20
сезім	деген	22
сезім	бастап	29
сезім	сезім	22
раушан	апа	21
раушан	апай	31
раушан	раушан	18
кімде	?	7
кімде	бар	26
кімде	кім	8
кімде	қандай	29
кімде	бөтен	25
нешінші	сабақ	34
нешінші	орын	25
нешінші	жылғы	29
нешінші	жылғысың	14
нешінші	бет	7
нешінші	тапсырма	21
нешінші	этаж	31
түк	жоқ	30
түк	емес	14
түк	қызық	27
түк	түсінбедім	24
түк	көрмеген	17
түк	қиналмай	34
түк	болмағандай	19
жарым	деп	19
жарым	да	32
жарым	болды	25
жарым	менің	25
жарым	ай	20
жарым	сағат	18
жарым	жыл	17
зар	болып	19
зар	боп	15
заряд	аз	18
заряд	өліп	15
зарядка	жоқ	18
зарядка	бар	30
зарядка	да	30
зарядка	алып	26
зарядка	барма	25
зарядка	аз	32
зарядка	қойып	18
зарядка	өліп	19
балдармен	сөйлесіп	33
аяулым	мен	26
аяулым	деген	30
аяулым	мал	28
аяулым	аяулым	28
айна	базар	17
айналып	жатыр	25
айналып	тұр	18
айналып	кетті	23
айналып	келіп	19
айналып	кеп	20
айналып	жүр	31
айналып	кетейін	33
мұғалім	мен	34
мұғалім	болып	20
мұғалім	менде	20
мұғалім	артта	31
әкел	деп	30
әкеліп	бер	11
әкеліп	таста	24
әкеліп	береді	28
әкеліп	берші	25
әкеліп	берді	16
әкеліп	беріңізші	19
әкеліп	тастады	34
немен	?	27
немен	келе	31
немен	барам	23
немен	барамыз	33
немен	барасың	28
немен	айналысып	32
немен	айналысасыз	23
пайда	?	28
пайда	жоқ	24
пайда	болып	14
пайда	болды	22
пайда	болады	15
пайда	болған	17
дейсің	?	17
дейсің	ғой	16
дейсің	енді	11
дейсің	маған	30
қиналып	жатыр	33
қиналып	кетті	29
қиналып	жүр	29
қиналып	жатқан	23
қиналып	жүрген	28
қиналып	кеттім	20
қиналып	жүрмін	13
қиналып	тұрмын	24
крем	деп	17
крем	бар	32
крем	для	26
крем	жағып	16
соғып	алып	24
соғып	жатыр	19
соғып	тұр	17
соғып	едім	18
соғып	кетем	24
игра	для	33
игра	без	25
атам	мен	27
атам	деп	18
атам	бар	33
атам	қазақ	31
атам	қайтыс	26
тыныштығын	берсін	30
тыныштығын	тілеймін	2
тыныштығын	нәсіп	17
уайымдама	мен	22
уайымдама	жаным	27
уайымдама	бәрі	17
каждый	день	14
каждый	год	7
өткізіп	жатыр	28
өткізіп	қойдым	20
өткізіп	алдыңдар	33
ислам	мен	20
ислам	менің	32
ислам	арман	32
ислам	ислам	28
ислам	діні	18
ислам	дінін	28
ему	?	31
ему	было	28
көзі	бар	33
көзі	екінші	28
көзі	ашық	15
көзі	ісіп	23
көзі	түзу	24
көзі	бақырайып	18
көзім	айтып	24
көзім	кетіп	26
көзім	ауырып	33
көзім	ашып	17
көзім	жетті	23
көзім	ісіп	18
көзім	ілініп	16
көзім	қызарып	13
көзім	жұмылып	34
жатқанда	мен	19
жатқанда	бір	31
ауыз	айтып	29
ауыз	айта	17
ауыз	су	27
ауыз	сөз	29
ауыз	сөзің	16
ауыз	сөзіңіз	16
ауыз	біршілік	28
ауыз	ашардан	30
жанерке	мен	17
жанерке	жанерке	11
доча	?	15
доча	қалай	26
доча	қалайсың	28
алмайсың	?	29
алмайсың	деп	18
алмайсың	ғой	28
әрі	бері	13
әрі	кетсе	16
сендерді	жақсы	18
сендерді	де	14
сендерді	қатты	26
сендерді	көріп	19
сендерді	күтіп	31
сендерді	сағындым	20
сендерді	сағынып	27
сендерді	қуантып	21
жанып	жатыр	20
жанып	тұр	20
жанып	кетті	8
жанып	кеткен	23
жанып	тұрған	30
жанып	тұрғанда	18
қаншаға	?	27
қаншаға	алып	30
қаншаға	дейін	25
қаншаға	бересің	14
қаншаға	алдың	25
қаншаға	бересіз	17
жағы	қалай	28
жағы	да	18
жағы	қиын	22
жағын	өзің	27
жағын	білмедім	22
жағына	барып	16
жағынан	жақсы	17
таксиге	керек	31
таксиге	ақша	32
таксиге	салып	17
таксиге	заказ	14
таксиге	мініп	26
всех	есть	24
всех	благ	28
всех	вася	19
асып	жатыр	23
асып	кетті	18
асып	бара	15
асып	жатырмын	31
асып	кеткен	23
асып	кетеді	22
асып	кетсе	31
келмеді	деп	21
келмеді	ғой	17
шаршадым	мен	16
шаршадым	деп	18
шаршадым	бүгін	17
казак	?	28
казак	тілі	21
ғұмыр	кеш	19
ғұмыр	кеше	31
ғұмыр	берсін	30
ғұмыр	тілеймін	8
ғұмыр	жасы	10
ғұмыр	жасың	15
ғұмыр	нәсіп	16
ғұмыр	жасыңыз	15
ғұмыр	кешіңдер	23
ғұмыр	кешіңіздер	15
ғұмыр	кешсін	29
ғұмыр	кешуді	33
алдына	барып	32
алдына	келіп	22
алдына	келе	31
алдына	шығып	31
алдына	су	20
алдына	қойып	30
қатып	жатыр	29
қатып	тұр	14
қатып	кетті	29
қатып	жүр	14
қатып	отыр	31
қатып	ұйықтап	27
қатып	қалды	31
қатып	қалып	17
тастады	деп	20
тастады	ғой	19
тастадым	деп	16
тастадым	ғой	28
сауле	апа	18
сауле	апай	23
сауле	тате	18
данияр	мен	27
данияр	деген	29
данияр	аға	33
данияр	дарабоз	28
аяжан	мен	19
аяжан	деген	23
аяжан	кешірім	32
аяжан	аяжан	15
аяжан	нұрхан	20
главный	мен	28
главный	сен	30
главный	аман	25
биба	биба	27
мамалар	бар	1
мамалар	келді	27
аккаунт	?	27
аккаунт	бар	31
аккаунт	керек	26
аккаунт	ашып	17
аккаунт	будет	32
аккаунт	тегін	33
аккаунт	кімде	19
аккаунт	аккаунт	26
аккаунт	сатылады	26
шолпан	қалайсың	32
шолпан	апа	29
шолпан	апай	24
көрініп	тұр	18
көрініп	жүре	7
көрініп	тұрған	33
көрініп	тұрады	18
знаешь	?	23
знаешь	как	12
знаешь	кто	18
знаешь	где	28
знаешь	казахский	30
салқын	мен	32
салқын	болып	26
салқын	болды	16
салқын	екен	30
салқын	емес	29
салқын	болса	28
салқын	болады	27
салқын	боп	29
салқын	су	22
салқын	жерде	18
салқын	жел	19
салқын	суға	27
салқын	күндерінің	29
тойда	жүр	14
тойда	отырмын	26
анализ	алып	33
анализ	тапсыр	32
анализ	тапсырып	30
анализ	тапсыруға	12
ешқашан	ауырма	18
ешқашан	ауырмай	18
ешқашан	ұмытпаймын	23
айдың	басы	27
айдың	ішінде	21
айдың	басында	28
айдың	аяғы	15
айдың	соңы	14
айдың	соңында	21
айдың	соңына	18
айдың	аяғына	17
айдың	аяғында	13
өлең	бар	15
өлең	екен	31
өлең	айтып	33
өлең	шығарып	14
өлең	тыңдап	31
өлең	төсегім	32
значит	?	22
значит	мен	25
значит	сен	32
білмедім	мен	26
білмедім	ғой	30
білмедім	енді	21
білмедім	ол	30
басына	барып	21
басына	су	17
кімсің	?	30
кімсің	деп	9
кімсің	сен	22
амандық	болсын	15
амандық	болса	17
амандық	бақыт	13
амандық	берсін	14
амандық	тілеймін	18
амандық	саулық	8
аида	мен	22
аида	аида	29
чат	?	28
чат	бар	30
чат	ашып	20
чат	қонақтары	23
қанат	аға	29
қанат	жанат	18
дархан	мен	18
дархан	деген	25
дархан	мал	33
дархан	аға	26
дархан	бот	24
отбасы	бар	28
отбасы	болсын	27
отбасы	болып	32
отбасы	аман	19
отбасы	болыңдар	20
отбасы	банк	17
отбасы	ұлт	13
отбасы	банкке	28
отбасы	банктен	24
назым	мен	31
назым	апай	30
назым	назым	19
түнгі	он	14
түнгі	сағат	23
түнгі	үште	16
түнгі	көбелек	32
машинамен	алып	23
машинамен	барып	22
машинамен	келе	24
машинамен	апарып	29
бен	жігіт	32
беріңдер	мен	16
беріңдер	деп	24
беріңдер	!	17
ұзын	болып	13
ұзын	екен	25
ұзын	емес	23
ұзын	болса	23
ұзын	шаш	28
ұзын	көйлек	30
жатсам	сен	27
жатсам	да	31
аманшылық	болсын	31
аманшылық	шүкір	14
аманшылық	болса	31
аманшылық	өзіңде	17
алихан	мен	18
алихан	деген	20
жастар	бақытты	30
ештеме	жоқ	6
ештеме	керек	19
ештеме	деген	19
ештеме	етпейді	32
самат	аға	27
кетсем	деп	20
кетсем	екен	23
кетсем	болады	26
кетсем	болама	31
кетсем	кешір	24
кетсем	ренжіме	28
кетсем	кешірім	30
форма	алып	18
форма	для	28
бекер	емес	18
бекер	айттым	26
бекер	айтпаған	31
несі	?	25
несі	жақсы	21
несі	бар	20
несі	дұрыс	9
несі	күшті	25
несі	жаман	19
несі	қызық	26
несі	ұят	28
несі	күлкілі	18
қайдағы	жоқ	31
қайдағы	бір	16
қайдағы	ұйқы	21
қайдағы	жоқты	32
керекпа	?	25
керекпа	деп	10
керекпа	или	21
керекпа	саған	20
танысу	керек	32
танысу	үшін	15
танысу	чат	16
танысуға	қалай	14
танысуға	болады	16
танысуға	болама	20
алыс	деп	2
алыс	болып	25
алыс	екен	19
алыс	емес	17
алыс	болса	15
алыс	боп	29
алыс	қой	27
алыс	жол	25
алыс	жолға	29
жақсылап	қара	30
жақсылап	қарап	32
жақсылап	демалып	31
жақсылап	өткізіп	14
жақсылап	емделіп	29
күннен	кейін	32
күннен	бері	9
күннен	соң	10
күннен	бастап	14
күннен	күнге	15
күннен	киін	14
күннен	естелік	31
ашылып	жатыр	20
ашылып	тұр	15
ашылып	кетті	19
ашылып	кеткен	13
нұрсұлтан	мен	29
нұрсұлтан	досым	28
нұрсұлтан	ұстаз	31
олжас	аға	15
вчера	?	26
вчера	вечером	27
кого	?	28
кого	есть	14
кету	керек	12
кету	деген	4
кету	үшін	20
жиен	қалайсың	26
жиен	құтты	19
жиен	қыз	32
алмайтын	болып	31
алмайтын	болды	18
алмайтын	адам	32
алмайтын	едім	31
алмайтын	болдым	29
алмайтын	болдық	13
алмайтын	шығармын	23
алмайтын	сияқтымын	19
бассейнге	барып	17
бассейнге	бара	17
бассейнге	барам	20
бассейнге	барамыз	25
бассейнге	түсіп	16
бассейнге	баратын	21
бассейнге	бару	22
бассейнге	барайын	22
бассейнге	барайық	27
воскресенье	күні	20
воскресенье	демалыс	16
жақсымыз	!	23
жақсымыз	рахмет	28
жақсымыз	шүкір	22
жақсымыз	өзің	10
жақсымыз	аллаға	29
жақсымыз	өздерің	25
жақсымыз	өздеріңіз	16
мән	беріп	19
мән	берме	17
мән	бермей	12
мән	бермеңіз	17
мән	бермеппін	30
қыздармен	көп	28
қыздармен	сөйлесіп	31
немене	?	16
немене	деп	23
немене	ол	31
немене	бәле	31
өмірде	де	16
өмірде	бар	27
өмірде	бір	16
өмірде	бәрі	28
өмірде	бақытты	19
кк	деп	18
кк	болып	31
кк	екен	27
кк	емес	31
кк	боп	17
кк	еді	24
мысалы	?	23
мысалы	мен	20
мысалы	сен	14
мысалы	менің	19
құран	қабыл	32
құран	оқып	20
құран	кітап	15
құран	оқытып	26
құран	оқытады	13
құран	оқытамыз	29
құран	бағыштап	19
айтпайм	мен	22
айтпайм	деп	27
айтпайм	енді	18
айтпайм	болды	32
айтпайм	айтпайм	32
папасы	мен	21
папасы	бар	18
папасы	алып	32
папасы	қайтыс	24
барн	алп	20
ананы	алып	31
ананы	істе	26
ананы	мынаны	32
көрдің	?	16
көрдің	ғой	23
звандасам	неге	16
звандасам	алмай	30
звандасам	болама	17
звандасам	алмайды	16
звандасам	сөйлесе	17
звандасам	алмайсың	28
жарайсың	жақсы	16
жарайсың	!	18
жарайсың	керемет	11
жарайсың	бауырым	31
жарайсың	жарайсың	22
жарайсың	талпын	10
футболка	мен	20
футболка	бар	19
футболка	алып	25
футболка	киіп	25
бірдей	болып	21
бірдей	екен	18
бірдей	емес	19
бірдей	қылып	17
жазшы	деп	25
жазшы	маған	31
болдық	?	20
болдық	деп	23
болдық	енді	26
болдық	қой	31
жоққой	менде	13
алсай	деп	20
алсай	енді	31
алсай	телефон	19
болмайма	?	23
болмайма	деп	10
болмайма	екен	26
ұйықтай	ғой	29
ұйықтай	бер	19
ұйықтай	алмай	15
ұйықтай	алмаймын	8
ұйықтай	берейін	24
ұйықтай	беріңіз	30
ұйықтай	алмадым	29
істеу	керек	15
істеу	үшін	3
больницаға	алып	24
больницаға	барып	30
больницаға	бара	15
больницаға	барам	24
больницаға	жатып	21
больницаға	түсіп	16
больницаға	апарып	18
больницаға	бару	27
сақтап	ал	28
сақтап	қой	28
сақтап	қалды	17
сақтап	қоя	32
сақтап	қойдым	31
сақтап	қойған	19
индира	апай	27
индира	индира	26
бересіз	?	14
бересіз	ғой	17
бересіз	қашан	16
айгул	апа	28
айгул	апай	21
айгул	тате	19
айгул	айгүл	30
қалса	деп	10
қалса	да	29
қалса	екен	28
өзімнің	де	30
өзімнің	туған	20
келу	керек	32
келу	үшін	3
түсе	бер	30
түсе	алмай	20
түсе	береді	15
түсе	алмаймын	24
түседі	?	27
түседі	деп	23
түседі	ғой	16
түседі	екен	17
түседі	деген	15
түседі	дейді	30
какие	?	28
какие	есть	18
какие	документы	20
какие	планы	29
лақтыр	апатай	16
лақтырып	кетті	6
лақтырып	жібер	20
лақтырып	жіберші	20
лақтырып	қойдым	14
лақтырып	жіберем	31
лақтырып	жібердім	18
лақтырып	кеттің	27
лақтырып	жіберіңізші	30
будешь	?	30
будешь	делать	11
будешь	играть	18
пицца	заказ	19
пицца	жеп	19
пицца	пісіріп	23
дон	!	28
донер	алып	17
донер	заказ	19
донер	жеп	20
донер	алп	17
донер	жегім	31
жазира	апай	29
пиво	алып	19
пиво	ала	18
пиво	ішіп	30
пиво	ішеміз	12
қоса	бер	31
қоса	алмай	19
қоса	аласыз	19
қоса	салыңызшы	29
қоса	ағар	31
игры	за	20
игры	для	19
игры	без	17
жадыра	қалайсың	17
жадыра	апа	27
жадыра	апай	31
барғым	ақ	20
барғым	келіп	27
барғым	кеп	7
барғым	келген	8
барғым	келеді	20
барғым	келп	16
барғым	келмей	26
барғым	келмейді	17
аманба	?	16
аманба	денсаулық	7
душ	бар	15
души	рахмет	19
души	ғой	23
души	брат	30
пісіріп	жатыр	19
пісіріп	жатырмын	17
пісіріп	қойдым	13
астанада	жұмыс	31
ассаламу	алейкум	23
ақерке	мен	1
ақерке	қалайсың	26
ақерке	ақерке	29
тіркеліп	лайк	24
тіркеліп	қойдым	12
тіркеліп	кетші	30
тіркеліп	алыңыз	14
тіркеліп	кетіңіздер	28
тіркеліп	алыңыздар	11
салат	деп	25
салат	жасап	31
салат	жауып	19
таңғы	ас	24
таңғы	сағат	13
таңғы	асқа	19
таңғы	жаттығу	29
таңғы	бесте	26
таңғы	алтыда	21
таңғы	салқынмен	30
какая	?	20
какая	же	15
какая	красивая	29
босамай	жатыр	19
босамай	кетті	8
босамай	жатырмын	14
босамай	жүр	25
босамай	жатқан	21
темекі	алып	21
темекі	барма	19
темекі	ала	24
темекі	шегіп	18
жағдайы	жақсы	14
жағдайы	қалай	9
жағдайы	жоқ	11
жағдайы	жақсыма	20
жағдайы	күнен	20
жағдайың	?	15
жағдайың	жақсы	17
жағдайың	қалай	14
жағдайың	жақсыма	8
нұржан	мен	5
нұржан	аға	27
жаяу	барып	19
жаяу	келе	26
жаяу	бара	18
жаяу	барам	18
жаяу	жүріп	25
жүретін	адам	28
жүретін	еді	20
жүретін	қыз	17
жүретін	едім	28
жүретін	такси	18
жүретін	едің	19
жүретін	едік	31
жүретін	көлік	26
шығамын	деп	29
шығамын	ғой	15
шығамын	алла	24
шығамын	бұйырса	25
шығамын	тірі	19
ватсапта	жауап	24
ватсаптан	шығып	15
ватсаптан	жазып	25
ватсаптан	ала	17
ватсаптан	жауап	14
ватсаптан	жаза	11
ватсаптан	жазшы	26
маманы	алып	31
маманы	күтіп	18
маманың	туған	19
маманың	туылған	15
маманың	үйіне	21
маманың	қасында	28
кімдер	?	20
кімдер	бар	16
кімдер	келеді	10
кімдер	барады	26
үстін	басып	18
үстіне	ақша	14
үстіне	шығып	20
үстіне	қойып	24
үстіне	нұр	30
үстіне	қосып	18
ұрыс	болып	21
ұрыс	шығарып	20
ұрыс	іздеп	17
ұрыс	естіп	18
ұрыс	керіс	13
ұрысып	жатыр	16
ұрысып	жатқан	15
ұрысып	қалдық	25
бекзат	деген	20
бекзат	аға	28
маңызды	болып	29
маңызды	емес	25
маңызды	нәрсе	5
телефонды	енді	31
телефонды	алып	31
телефонды	тастап	17
телефонды	өшіріп	27
телефонды	алмайсың	20
дұға	жасап	20
дұға	қабыл	18
дұға	етіп	19
дұға	тілеп	19
дұға	тілектер	19
дұға	тілектерің	26
дұға	тілектеріңіз	14
дұға	тілектеріміз	9
дұға	тілектерімізді	16
қалдық	деп	30
қалдық	қой	25
кетесің	?	13
кетесің	деп	20
кетесің	ғой	21
фотосын	жібер	15
фотосын	жіберші	24
фотосын	жібере	12
фотосын	жіберіп	20
фотосын	жіберіңізші	26
деппа	?	17
көрсет	деп	25
көрсетіп	жатыр	15
көрсетіп	тұр	18
бірдеме	деп	14
бірдеме	алып	19
бірдеме	болып	21
бірдеме	істеп	30
бірдеме	болса	31
бірдеме	айтам	21
бірдеме	жеп	30
бірдеме	қылып	29
бірдеме	айтайын	23
жұғысты	болсын	29
вай	вай	2
орысша	жазып	14
орысша	сөйлеп	31
тұрсың	?	19
тұрсың	ғой	18
түні	мен	11
түні	құтты	17
түні	қабыл	10
түні	бойы	13
түні	тілеген	8
түнімен	ауырып	7
түнімен	жылап	19
түнімен	ұйқы	24
түнімен	ұйықтай	29
түнімен	ұйықтамай	16
баука	мен	19
ұқсап	тұр	29
ұқсап	кетті	17
әйтпесе	мен	19
тексеріп	жатыр	21
тексеріп	көр	14
тексеріп	көрейін	27
тексеріп	беріңізші	30
ауыстырып	жатыр	25
ауыстырып	едім	20
мәз	ғой	30
мәз	болып	25
мәз	емес	7
мәз	боп	25
жүред	деп	10
жүреді	?	16
жүреді	деп	28
жүреді	ғой	19
жүреді	екен	15
наны	мен	14
наны	қара	30
наны	қарасай	26
келіңдер	деп	25
келіңдер	!	15
салатын	адам	17
салатын	кезде	17
салатын	едім	19
салатын	реклама	18
жүрем	мен	30
жүрем	деп	31
жүрем	ғой	15
хабарлас	деп	18
хабарласа	алмай	17
хабарласам	деп	7
хабарласам	ғой	16
хабарласам	деген	18
келмесе	мен	28
келмесе	де	30
келмесе	өзің	25
келмесе	айт	29
келмесе	айта	20
араласып	жүре	31
араласып	жүрген	31
араласып	жүрсің	15
араласып	журген	28
араласып	тұрайық	23
жібересіз	?	15
жібересіз	!	29
жібересіз	ғой	31
бұлай	болып	16
бұлай	болады	28
бұлай	жүре	29
бұлай	болмайды	29
класс	?	23
жеттің	?	27
жеттің	дер	18
сеніп	отыр	16
сеніп	отырмын	24
сеніп	тұрған	18
сеніп	болмайсың	18
зп	?	14
зп	қанша	31
зп	дан	27
зп	түсті	26
түсініп	ал	22
түсініп	отырмын	27
түсініп	жатқан	16
түсініп	тұрған	26
түсініп	тұрмын	18
жіберейін	?	14
жіберейін	деп	23
жіберейін	десем	12
жіберейін	дегем	18
жайлап	шүкір	26
жайлап	жүріп	15
жайлап	жайлап	18
жасаған	соң	18
жасаған	берген	19
жасаған	жоқпын	29
жасаған	жақсылығыңыз	23
парк	?	18
парк	бар	30
парк	жақта	28
парк	жаққа	29
мекен	?	26
мекен	деп	14
мекен	жай	16
мекен	жайы	17
мекен	жайын	19
келші	деп	27
келші	жаным	19
келші	өтініш	20
келші	диана	30
ере	берсін	25
ерекше	жақсы	8
ерекше	ғой	20
ерекше	жан	28
ерекше	болып	29
ерекше	екен	22
сенін	атын	23
келдіма	?	23
келдіма	деп	10
сиыр	бар	25
сиыр	еті	27
астында	тұр	25
астында	бот	28
астында	қалып	28
бауыржан	аға	23
бауыржан	момышұлы	19
бауыржан	қошқарбаев	16
құйып	алып	18
құйып	жатыр	29
құйып	тұр	15
құйып	кетті	17
құйып	қойдым	26
ойнай	бер	30
ойнай	алмай	15
ойнай	алмаймын	16
құрдас	?	20
құрдас	!	28
құрдас	қалай	21
құрдас	қалайсың	26
құрдас	екенбіз	16
ассаляму	алейкум	24
байланысты	ғой	1
байланысты	емес	16
шығармын	деп	21
шығармын	бірақ	17
балапан	!	27
балапан	қалай	25
балапаным	!	18
балапаным	менің	30
балапаным	туған	10
балапаным	балапаным	27
ие	бол	24
ие	болып	17
ие	дұрыс	18
ие	ие	23
кот	боп	17
кот	кот	21
сүйіп	қой	19
сүйіп	алайын	16
сүйіп	сүйіп	27
сүйіп	қойыңыз	15
сүйіп	алғым	29
том	же	26
барлығын	алып	23
барлығын	айтып	27
оларды	да	30
шал	мен	18
шал	деп	23
шал	болып	25
шал	боп	25
шал	акжан	29
ауру	деп	11
ауру	болып	30
ауру	адам	17
ауру	боп	27
ренжімеші	жаным	24
ренжімеші	енді	14
ренжімеші	ренжімеші	19
барды	?	8
барды	деп	29
барды	бар	23
барды	ғой	29
жүрміз	ғой	19
өткендегі	ақшаны	12
деймін	?	20
деймін	ғой	27
деймін	да	19
каспиде	жоқ	18
каспиде	бар	17
каспиде	ақша	24
каспиде	қанша	14
каспиде	болмай	30
біреуді	жақсы	24
біреуді	алып	15
біреуді	тауып	20
біреуді	күтіп	15
біреудің	үйіне	22
біреудің	баласы	20
біреудің	үйінде	29
біреудің	баласын	19
нурлан	аға	23
құшақтап	жатам	27
құшақтап	сүйіп	17
құшақтап	жатқым	17
уақытқа	дейін	17
уақытқа	диін	4
уақытқа	деиін	20
балдарды	алып	30
балдарды	тастап	15
айка	мен	21
айка	қалайсың	30
меруерт	апай	29
меруерт	меруерт	19
қалғанын	өзің	16
қалғанын	ертең	29
қалғанын	салып	19
қалғанын	кейін	26
түсінік	айту	28
түсінікті	рахмет	4
түсінікті	болды	30
түсінікті	қылып	18
келема	?	28
келема	деп	11
келема	екен	16
келема	или	23
ете	бер	25
ете	алмай	28
ете	қалды	17
ете	гөр	20
ағылшын	тілі	30
ағылшын	тілін	13
ағылшын	тілінен	15
ағылшын	тілінде	17
жатсыңдар	?	27
масқара	ғой	9
масқара	болып	16
масқара	ыстық	19
аса	қатты	24
аса	бот	20
аса	электронды	25
келесіз	?	29
келесіз	ғой	11
группада	жоқ	17
группада	бар	20
шалбар	мен	18
шалбар	бар	17
шалбар	алып	24
шалбар	киіп	28
қарызға	алып	18
қарызға	ақша	19
қарызға	сұрап	13
қарызға	беріп	25
қарызға	кіріп	27
қарызға	билет	18
қарызға	батып	26
шынар	апа	26
шынар	апай	25
басты	ауыртып	19
басты	кетіріп	30
басты	анамын	20
басты	қатырмай	28
түсіндім	рахмет	22
түсіндім	ғой	25
түсіндім	жаным	19
көлік	жоқ	30
көлік	бар	18
көлік	керек	11
көлік	құтты	19
көлік	болса	20
көлік	барма	17
жасыл	болып	11
жасыл	түсті	27
жасыл	көйлек	28
жасыл	ел	29
жасыл	елге	17
беруге	де	26
беруге	болад	22
беруге	болады	29
беруге	болама	11
беруге	болмайды	16
беруге	болатын	18
беруге	міндетті	28
ауырма	!	29
ауырма	жаным	20
ауырма	аман	24
ауырма	аңсаған	20
ауырма	сырқама	6
жасмин	мен	13
жасмин	жасмин	29
ұлы	бар	5
ұлы	дала	21
ұлы	жүз	14
ұлы	жеңіс	11
ұлы	отан	19
ұлы	әмірші	20
уақыты	жоқ	23
уақыты	бар	18
уақыты	болып	24
уақыты	болды	29
уақыты	өтіп	26
уақыты	келгенде	17
уақыты	бітіп	15
басқаша	болып	24
басқаша	болады	17
басқаша	боп	25
басқаша	болар	27
басқаша	ойлап	25
басқаша	түсініп	17
көргім	келіп	19
көргім	кеп	6
көргім	келді	9
көргім	келген	24
көргім	келед	28
көргім	келеді	28
көргім	келп	13
көргім	келмейді	25
марал	қалайсың	16
марал	апа	29
оларға	да	28
айма	ай	17
айман	апа	13
айман	апай	25
тазалап	жатыр	19
тазалап	жатырмын	22
тазалап	жуып	21
алтынай	апай	27
инстаграм	да	25
инстаграм	барма	18
инстаграм	нан	28
инстаграм	арқылы	20
әдейі	емес	24
әдейі	істеп	18
әдейі	айтып	13
әдейі	әдейі	22
баня	бар	25
баня	жағып	24
сөйтіп	айтып	18
сөйтіп	жүріп	26
сөйтіп	сөйтіп	27
іше	бер	28
іше	алмай	15
іше	алмаймын	15
іше	берме	26
іше	беріңдер	26
көрет	деп	17
көретін	адам	14
көретін	едім	16
көретін	адамым	20
ернар	мен	29
ернар	айдар	29
жанна	апай	14
ішің	қалай	22
ішің	аман	22
ішің	ауырып	23
ішің	пысып	25
ішің	толып	10
ішің	аманба	29
ішің	пысты	15
ішің	пысса	23
ішің	пысқан	17
санжар	мен	28
санжар	санжар	21
жина	деп	15
жиналып	бір	13
жиналып	жатыр	30
жиналып	жатырмыз	14
айнала	бастаған	20
айналайын	!	2
айналайын	ау	19
айналайын	айналайын	19
здесь	?	25
здесь	есть	17
статус	салып	29
статус	көріп	17
статус	қойып	19
айттың	?	26
айттың	деп	20
айттың	ғой	28
талай	адам	12
талай	рет	25
жүргенде	мен	17
жүргенде	бір	27
қызылорда	да	25
қызылорда	облысы	18
калам	мен	16
калам	деп	24
калам	ау	16
кызы	бар	23
кетей	көмек	11
кетейін	деп	10
кетейін	деген	4
кетейін	десем	28
кетейін	дегем	20
отыратын	адам	28
отыратын	еді	20
отыратын	едім	23
отыратын	жер	23
отыратын	ұл	18
отыратын	күз	18
ажар	мал	14
миы	жоқ	3
миы	бар	14
миы	ашып	15
миым	ауырып	10
миым	ашып	22
миым	айналып	8
миым	қатып	27
миым	істемей	19
арна	нурислам	28
арналған	ақ	11
бұндай	емес	20
бұндай	жағдай	17
айтқаныңыз	келсін	27
фотоға	түсіп	1
фотоға	түсіріп	14
фотоға	түсе	7
кірем	деп	26
жеткен	туған	16
жеткен	кезде	10
жеткен	жаңа	19
жеткен	соң	12
жеткен	туылған	14
жеткен	жеке	12
жеткен	төл	20
жеткен	жері	26
жеткен	барыс	24
аласыңба	?	16
аласыңба	деп	8
қуат	берсін	26
ағаң	мен	5
ағаң	бар	26
ағаң	қайда	19
түсінбей	жатырмын	28
түсінбей	отырмын	14
түсінбей	тұрмын	16
ұлдар	мен	26
ұлдар	бар	20
ұлдар	керек	27
ұлдар	қыздар	22
ұлдар	мерекелеріңмен	20
жетеді	деп	17
жетеді	ғой	19
жетеді	маған	15
жетеді	екен	28
тамаша	!	20
тамаша	екен	14
тамаша	керемет	29
тамаша	тамаша	17
тамаша	орындау	25
арсен	мен	26
арсен	мал	22
арсен	боқ	13
рұқсат	жоқ	17
рұқсат	болса	20
рұқсат	сұрап	18
рұқсат	беріп	19
рұқсат	берген	26
рұқсат	берді	23
рұқсат	бермей	16
рұқсат	берсе	22
рұқсат	бермейді	17
который	будет	25
который	был	25
алхамдулиллах	жақсы	28
алхамдулиллах	шүкір	7
алхамдулиллах	өзің	11
алхамдулиллах	аллаға	28
айтым	мен	20
айтым	ғой	22
айтым	саған	12
дальше	?	25
дальше	больше	19
жолын	болсын	18
жолын	берсін	6
жолын	ашық	18
алдық	деп	23
алдық	рахмет	20
алдық	қой	28
асалаумағалейкум	қалайсың	18
асалаумағалейкум	қалайсыз	11
асалаумағалейкум	брат	17
асалаумағалейкум	калайсың	19
жасын	құтты	23
жасын	берсін	14
жасын	жасап	19
жасын	нешеде	20
жасын	ұзақ	14
жасын	жасай	14
жасын	қаншада	12
айға	дейін	22
айға	қарап	17
айға	бөліп	18
ауу	?	17
ауу	жаным	17
берсең	жақсы	15
берсең	де	20
берсең	болды	28
берсең	болады	17
берсең	көре	17
колледж	?	28
колледж	де	26
құрт	бар	18
құрт	алып	16
құрт	жеп	22
құрт	май	20
болмайт	деп	21
болмайтын	болды	16
болмайтын	болса	16
болмайтын	еді	24
болмайтын	сияқты	24
болмайтын	нәрсе	18
болмайтын	нәрсеге	16
даулет	аға	17
кафеге	барып	23
кафеге	бара	16
кафеге	барамыз	20
кафеге	барайық	17
жоқсың	ғой	21
аласызба	?	12
аласызба	өтініш	7
алладан	басқа	23
алладан	сұрап	17
алладан	кешірім	26
алладан	дұға	26
алладан	тілеген	28
алладан	тілеп	20
алладан	еселеп	20
балалы	болып	23
балалы	деген	18
балалы	ана	17
балалы	отбасы	14
балалы	анамын	18
балалық	шақ	16
балалық	шағы	2
балалық	шаққа	13
жазсам	болады	27
жазсам	жауап	27
жазсам	болама	14
жазсам	бармай	24
істемей	жатыр	26
істемей	тұр	14
істемей	ақ	10
істемей	қалды	18
реклама	керек	12
реклама	жасап	27
реклама	бойынша	12
сырт	киім	25
сырт	көзге	15
сыртта	жүр	8
сыртта	отырмын	19
сыртта	жүрген	27
сыртта	жүрмін	23
ұстамай	жатыр	18
ұстамай	тұр	9
ұстамай	қалды	12
ұстамай	қалып	14
жоғары	болса	28
жоғары	балл	27
жоғары	деңгейде	19
майра	апа	20
майра	апай	21
барасын	?	17
барасын	деп	20
бардың	?	19
аудио	мен	19
аудио	запись	17
аудио	звонок	15
грант	жоқ	26
грант	бар	28
грант	болса	18
грант	парк	24
грант	иегері	19
грант	конкурсына	18
шоколад	алып	21
шоколад	алп	16
шоколад	шоколад	25
бастысы	аман	21
бастысы	денсаулық	16
бастысы	денің	15
сатылады	деп	23
сатылады	!	23
сатылады	бағасы	20
істеген	жоқ	14
істеген	соң	22
істеген	жоқпын	28
два	дня	16
два	года	14
температура	жоқ	19
температура	бар	19
температура	болып	23
температура	беріп	16
температура	көтеріліп	18
температура	джеки	16
асхат	аға	17
рамазан	мен	20
рамазан	келдім	25
рамазан	жарты	17
рамазан	рамазан	23
қасыңда	кім	26
қасыңда	адам	13
қасыңда	ешкім	18
қасыңда	біреу	25
қасыңда	болсам	24
шанс	жоқ	22
шанс	бар	14
шанс	болса	13
шанс	барма	22
шанс	беріп	18
шанс	казино	23
тезірек	жазылып	19
тезірек	сауығып	11
осының	өзі	13
осының	бәрі	20
осының	бәрін	15
осының	бағасы	13
осының	ішінде	27
осының	барлығы	19
осының	бәріне	27
тыңдап	жатырмын	28
тыңдап	отырмын	22
тыңдап	тұрмын	16
бардым	деп	18
бардым	ғой	19
апара	жатыр	17
апара	жатырмын	18
апарам	деп	17
апарам	деген	11
апарам	деді	19
күй	қалай	28
күй	жоқ	12
күйеу	бала	12
күйеу	балам	6
күйеу	баласы	17
күйеу	балаға	18
күйеу	баланың	24
күйеу	баламен	21
күйеу	балаң	28
ваш	заказ	19
ваш	адрес	14
ваш	аккаунт	19
үн	жоқ	18
үн	түнсіз	11
үндемей	ақ	10
үндемей	отыр	20
үндемей	жүре	19
үндемей	жүріп	23
үндемей	қоя	25
үндемей	қалдың	26
үндемей	отыра	13
барда	алып	18
болыңыздар	!	25
болыңыздар	сәттілік	4
ертенге	керек	19
ертенге	дейін	20
бизнес	бастау	15
рахматуллаһи	баракатуһ	27
расул	расул	13
нашар	деп	7
нашар	болып	25
нашар	екен	12
нашар	адам	18
нашар	боп	24
өмірі	мен	18
өмірі	осы	20
өмірі	ұзақ	20
сөзді	айтып	14
кетеміз	деп	28
кетеміз	ғой	13
кетеміз	деген	19
шықса	жақсы	25
шықса	болды	21
шықса	екен	19
желание	жоқ	21
желание	бар	10
желание	барма	18
желание	болмай	16
желание	қашып	19
көшіп	жатыр	27
көшіп	кетті	19
көшіп	келіп	17
көшіп	бара	24
көшіп	келген	27
көшіп	кеткен	18
самса	мен	17
самса	алып	24
самса	жеп	20
самса	пісіріп	18
салон	болса	19
салон	бос	23
салон	красоты	26
буйырса	ертен	19
талғат	аға	18
алина	мен	17
алина	бекзат	27
айдап	келе	18
айдап	бара	18
айдап	жүр	23
айдап	жүрген	18
біреуін	алып	22
біреуін	ғана	16
біреуін	таңда	23
дастан	мен	27
дастан	аға	28
аяғы	жоқ	28
аяғы	ауыр	18
аяғы	ауырып	12
ашу	керек	21
ашу	үшін	9
ашу	үстінде	19
волейбол	ойнап	19
боламын	деп	13
боламын	!	16
боламын	ғой	19
зорға	жеттім	20
зорға	шыдап	27
иншаллах	!	19
иншаллах	бұйырса	25
иншаллах	бұйырсын	20
иншаллах	иншаллах	11
дегенше	мен	26
дегенше	кеш	21
болайын	деп	20
болайын	деген	3
болайын	дедің	27
каспиге	ақша	24
каспиге	салып	16
каспиге	бонус	16
жасайды	?	27
жасайды	деп	18
жасайды	ғой	17
жасайды	екен	19
айына	бір	14
айына	қанша	17
айына	неше	13
картошка	мен	27
картошка	бар	25
картошка	ала	27
картошка	пияз	25
картошка	қуырып	15
алсын	деп	25
алсын	!	12
сообщение	!	18
сообщение	келіп	19
сообщение	жазып	27
сообщение	келді	24
сообщение	бармай	22
келгенше	көмек	24
жасмина	жасмина	15
кімнен	?	2
кімнен	алдың	19
қасына	бір	16
қасына	алып	24
қасына	адам	27
қасына	барып	20
боласын	?	16
кое	кое	15
киініп	алып	6
киініп	жатырмын	25
киініп	жүр	17
киініп	дайын	17
киініп	алайын	26
жасқа	келіп	27
жасқа	дейін	25
жасқа	жете	14
жасқа	толып	13
жасқа	толған	19
жасқа	қарамайды	24
жасқа	дейінгі	16
айтсаң	болды	25
айтсаң	болады	11
айтсаң	болдығо	19
тастай	бер	25
тастай	алмай	23
тастай	батып	26
тұру	керек	19
тұру	үшін	4
екем	мен	18
екем	деп	26
екем	ғой	22
аша	бер	18
аша	алмай	18
қосылып	жатыр	10
қосылып	тұр	19
қосылып	белсенді	16
ісіп	тұр	22
ісіп	кетті	14
ісіп	кеткен	12
ісіп	кетіпті	12
баракатуһ	!	18
баракатуһ	қалайсың	11
баракатуһ	қалайсыз	17
сара	апа	16
фон	для	25
фон	берші	18
иин	мен	27
иин	керек	20
иин	жазып	22
бармайтын	болып	16
бармайтын	болды	23
бармайтын	болдым	18
бармайтын	болдық	11
бармайтын	шығармын	15
суреті	жоқ	18
суреті	бар	16
суреті	болса	11
суреті	барма	18
суретін	салып	12
суретін	жібер	20
суретін	жіберші	22
суретін	жібере	11
суретін	жіберіп	22
суретін	жіберіңізші	22
оларда	да	16
біздікі	де	25
біздікі	емес	16
жұмыстамын	деп	19
жұмыстамын	ғой	25
ешкіммен	сөйлесіп	16
ешкіммен	араласпай	16
ешкіммен	сөйлескім	26
өзінше	болып	18
өзінше	боп	8
алдынан	бері	11
алдынан	жарылқасын	17
жолдас	болсын	7
жолдас	бала	8
жолдас	балам	18
жолдас	баласы	20
нұрлан	аға	20
дидар	мен	18
дидар	айырады	25
танысқаныма	өте	13
танысқаныма	қуаныштымын	28
жизнь	?	1
жизнь	аружан	18
жизнь	боль	14
жизнь	бумеранг	20
қыс	деп	22
қысы	жазы	21
қысып	жатыр	4
қысып	тұр	17
қысып	жүр	23
қысып	отыр	16
видеоны	көріп	18
видеоны	жіберші	18
голос	жіберші	15
голосовой	мен	17
голосовой	жіберші	16
голосовой	жібере	13
голосовой	сообщение	27
мақсат	аға	16
істейді	?	19
істейді	деп	17
істейді	ғой	17
істейді	екен	17
керегі	жоқ	12
керегі	бар	7
тастаған	ғой	10
тастаған	едім	18
тастаған	соң	23
тастаған	өткен	27
болуы	керек	16
болуы	да	8
болуы	үшін	22
болуы	мүмкін	26
шықтық	деп	8
шықтық	бұйырса	22
математика	дан	24
математика	пәнінен	19
бел	ауырып	26
көтере	алмай	20
көтере	алмаймын	7
көтере	алатын	18
көтере	алмайды	21
көтере	алмайсың	17
көтере	алмайтын	26
акбар	!	19
акбар	аллаху	19
сұраған	жоқ	19
сұраған	еді	17
сұраған	кезде	27
сұраған	едім	21
сұраған	соң	18
сұраған	жоқпын	19
тірлік	бар	15
тірлік	істеп	20
тірлік	көп	12
тірлік	жасап	26
қызын	бар	21
қызын	алып	15
қызын	барма	19
қызын	ұзатып	15
жолдан	алып	22
жолдан	ала	17
жолдан	тастап	18
жолдан	түсіп	16
жолдан	шаршап	19
шошып	кетті	18
шошып	кеткен	19
шошып	кеттім	23
шошып	оянып	9
шошып	кеттімғо	27
көреді	деп	26
көреді	ғой	17
көреді	екен	14
сіңілім	мен	16
сіңілім	бар	25
сіңілім	ғой	17
жібек	жолы	25
ақы	деш	10
ақыл	айтып	17
ақыл	айтатын	15
ақыл	кеңес	23
ақылды	бол	20
ақылды	өзі	26
ақылды	болып	17
ақылды	бала	18
ақылды	қыз	24
ақылды	жігіт	13
мүлдем	жоқ	25
мүлдем	басқа	19
бәрекелді	!	23
бәрекелді	құтты	14
басың	қалай	19
басың	сен	20
басың	аман	7
басың	ауырып	16
басың	бос	17
басың	екеу	19
басың	айналып	15
туып	ал	18
туып	жатыр	18
туып	өскен	25
ақшаң	жоқ	19
ақшаң	бар	17
ақшаң	болса	12
ақшаң	көп	11
ақшаң	барма	17
ақшаң	болмаса	13
гулмира	апа	25
гулмира	апай	24
сендердің	көз	18
табыс	жаңа	24
табыс	бақыт	19
табыс	тауып	22
табыс	тілеймін	17
табыс	және	11
табыс	жылы	18
табыс	табуға	16
табыс	тапқыңыз	12
түрде	чек	19
түрде	айтыңыз	26
деме	маған	21
ұйықтаймын	мен	17
ұйықтаймын	деп	20
ұйықтаймын	қайырлы	17
суы	бар	14
суы	ағып	16
суық	болып	17
суық	емес	18
суық	су	22
балжан	апай	16
балжан	мал	25
білім	болсын	17
білім	алып	22
білім	алу	21
білім	беретін	27
білім	беру	18
білім	күніне	11
білім	күнімен	13
білім	бөлімі	11
жанка	қалайсың	22
дайындық	қалай	20
дайындық	жоқ	10
дайындық	керек	24
дайындық	болып	20
дайындық	жасап	20
сорлы	екен	22
сорлы	ай	22
вечер	!	21
вечер	добрый	8
осылар	бар	20
осылар	керек	17
осылар	қанша	24
осылар	барма	21
осылар	ғана	24
аслан	мен	18
депті	ғой	26
внимание	керек	14
внимание	жетпей	16
внимание	бөліп	19
внимание	внимание	24
тіркелдім	лайк	18
тіркелдім	қайтар	13
тіркелдім	тіркелдім	25
тіркелдім	қайтаршы	12
асықпай	келе	13
имя	?	17
имя	для	16
астына	кіріп	24
астына	түсіп	25
астына	берілген	20
келеміз	деп	21
келеміз	деген	11
келеміз	дейді	18
келеміз	деді	19
халық	банк	24
айдар	аға	11
үйіңе	барып	22
үйіңе	бара	14
үйіңе	барам	25
былтыр	мен	18
былтыр	да	23
біртүрлі	ғой	22
біртүрлі	болып	22
біртүрлі	екен	9
біртүрлі	боп	15
ұнамай	жатыр	13
ұнамай	тұр	19
ұнамай	жүр	15
ұнамай	қалды	20
ұнамай	қалса	11
ұнамайды	деп	20
ұнамайды	маған	20
тіпті	жақсы	13
абзал	мен	13
тұрғанда	көшеде	25
болайық	?	16
болайық	деп	26
болайық	!	18
болайық	бәріміз	12
есімі	кім	24
есімім	арайлым	10
тіс	ауырып	26
тіс	емдетіп	24
өсе	келе	25
өсе	бер	19
өсе	берсін	13
өсе	беріңдер	3
сыртқа	шығып	24
сыртқа	шығарып	8
сабина	мен	20
сабина	сабина	24
сабина	говно	19
жеңі	ұзын	6
жеңіл	болсын	10
жеңіл	болып	18
жеңіл	машина	25
жеңіл	жүргендей	20
жеңіл	буыңмен	14
город	?	16
город	алматы	16
город	шымкент	20
алсаң	жақсы	24
алсаң	болды	22
алсаң	болады	18
сөздер	айтып	18
камера	мен	16
камера	бар	21
эльмира	мен	18
эльмира	апай	21
эльмира	эльмира	18
таман	барам	20
арақ	ішіп	19
арақ	ішкен	11
ешкімді	жақсы	24
ешкімді	танымаймын	15
ақмарал	апай	22
соларды	алып	18
соларды	күтіп	19
тұрса	да	19
тұрса	болды	18
алмаз	маған	19
алмаз	салып	12
жанын	шығарып	19
балық	бар	18
балық	жеп	19
балық	қуырып	23
балық	аулап	25
папаға	айтып	21
папаға	айтам	17
папаға	звандап	20
түссе	жақсы	25
түссе	болды	24
түссе	салып	20
мүмкіндік	жоқ	20
мүмкіндік	бар	18
мүмкіндік	болып	15
мүмкіндік	болса	20
мүмкіндік	барма	9
мүмкіндік	беріп	24
мүмкіндік	болмай	20
мүмкіндік	берші	18
шеше	алмай	17
жақында	ғана	15
еркін	аға	18
балаң	жақсы	22
балаң	қалай	20
балаң	бар	15
абайлап	жүр	16
абайлап	жүріңіз	6
абайлап	жүріңдер	13
абайлап	жүрші	16
білми	отырмын	25
білми	тұрмын	19
білмимін	ғой	21
тірі	жан	15
тірі	адам	18
тірі	болса	18
тірі	болсам	19
тірі	болғанда	20
тірі	кезінде	19
тірі	өлік	22
мамада	бар	22
мамадан	ақша	19
мамадан	сұрап	23
мамадан	сұрау	12
сарыағаш	ауданы	24
міндетті	емес	20
міндетті	емеспін	16
міндетті	түрде	18
анам	мен	3
анам	бар	18
анам	бала	18
төсек	салып	8
төсек	орын	8
ұқсайды	деп	19
ұқсайды	ғой	25
ұқсайды	екен	19
ұқсайды	екенсің	7
есімде	жоқ	25
есімде	емес	7
абылай	мен	20
абылай	хан	26
тойдан	кейін	16
тойдан	соң	9
тойдан	естелік	19
тойдан	сарқыт	17
сондықтан	мен	26
сондықтан	да	19
білмейді	деп	18
білмейді	ғой	20
білмейді	екен	15
білмейді	екем	19
білмейді	екенмін	16
баяғы	да	11
баяғы	жауабы	20
шыдай	тұр	15
шыдай	алмай	19
шыдай	алмаймын	7
шыдай	алмайды	14
шыдай	алмадым	25
ендігі	ай	25
ендігі	жерде	14
ендігі	жыл	19
ендігі	жылы	20
ендігі	апта	12
ендігі	жолы	12
ендігі	айда	20
ендігі	айдың	17
қарағанда	жақсы	18
ұялып	отырмын	19
ұялып	кеттім	15
ұялып	жүрмін	17
ұялып	тұрмын	23
орамал	тағып	16
жағып	жатыр	14
жағып	жатырмын	19
койдым	деп	18
жоғи	мен	23
адемі	болып	23
адемі	екен	16
адемі	боп	15
қарақат	қарақат	19
қарақат	көздеріңе	16
ақтілек	ақтілек	21
бізден	де	2
бізден	бір	22
бізден	сәлем	21
бізден	басқа	20
бізден	кейін	18
бізден	бұрын	23
маска	жасап	21
маска	для	23
маска	киіп	17
маска	тағып	19
жасыңыз	құтты	24
жасыңыз	нешеде	8
жасыңыз	ұзақ	16
сүйдім	жаным	4
сүйдім	сені	10
сүйдім	қайырлы	20
сүйдім	ерніңнен	18
сөйлесеміз	деп	24
сөйлесеміз	ғой	18
альхамдулиллах	жақсы	18
альхамдулиллах	шүкір	8
альхамдулиллах	аллаға	12
әрдайым	жақсы	22
әрдайым	осылай	16
әрдайым	ашық	23
әрдайым	жолың	20
әрдайым	күліп	23
әрдайым	жүзіңнен	16
әрдайым	жүзіңізден	22
алайық	деп	9
мурат	аға	12
спорт	және	24
спорт	зал	17
спорт	залда	18
дегендей	ғой	25
дегендей	болды	19
дегендей	қылып	20
жако	мен	21
өтсін	деп	25
өтсін	!	23
өтсін	жаным	8
бүр	түрлі	16
бүртүрлі	болып	4
бүртүрлі	екен	9
бүртүрлі	боп	15
неден	?	12
неден	екен	17
неден	болады	19
неден	екенін	24
неден	қайтыс	24
неден	болуы	20
ақтау	да	24
жүрсін	?	20
жүрсін	деп	20
жүрсін	!	17
толтырып	алып	17
етпейді	ғой	23
етпейді	жаным	18
асқа	шақыру	16
асқар	аға	11
асқар	тау	18
асқар	тауым	16
алшы	деп	17
апаң	мен	20
апаң	қалай	23
басымды	жуып	19
басымды	көтере	15
басымды	ауыртып	17
ақниет	ақниет	19
қолын	бос	19
қолын	ұстап	12
қолын	босағанда	25
қолын	боспа	22
баса	бас	16
баса	бер	20
баса	алмай	13
баса	берсін	15
баса	алмайды	15
айран	бар	23
айран	алып	17
айран	барма	20
айран	ала	20
айран	ішіп	19
айран	сүт	18
едіңіз	?	19
едіңіз	ғой	12
бағасын	айтып	9
бағасын	жазып	17
бағасын	сұрап	17
бағасын	біліп	21
бағасын	түсіріп	17
бағасын	білейін	23
жинау	керек	25
жинау	үшін	5
нөмірі	жоқ	19
нөмірі	бар	14
нөмірі	керек	12
нөмірі	болса	16
нөмірі	барма	18
нөмірін	жазып	9
нөмірін	жіберші	19
нөмірін	берші	9
нөмірін	беріңізші	13
кері	байланыс	19
кері	байланысқа	9
қалыппын	ғой	15
құрметті	менің	12
құрметті	аға	22
құрметті	ата	23
құрметті	қонақтар	13
құрметті	ағайын	17
құрметті	әріптестер	24
олардың	да	14
олардың	барлығы	23
олардың	белгілері	17
шығайық	деп	19
шығайық	шығайық	11
кірді	деп	24
кірді	ғой	19
кірдім	ғой	19
кірдім	үйге	19
өсек	болып	18
өсек	айтып	24
қайтасың	?	14
думан	думан	11
жұмысы	жоқ	20
жұмысы	бар	18
жұмысы	көп	13
осымен	бәрі	18
осымен	екінші	17
осымен	бітті	24
агам	мен	19
агам	бар	24
арам	ой	16
арам	шөп	15
арам	ойым	19
арам	зам	16
кажется	он	18
өзінен	өзі	25
өзінен	сұрап	11
өзінен	сұрасай	16
балдарға	айтып	25
балдарға	тамақ	19
балдарға	қарап	22
сіздерде	?	20
сіздерде	аман	16
басталады	?	21
басталады	деп	15
басталады	ғой	20
басталады	екен	19
жайша	?	16
жайша	звандадың	15
кездесіп	жүрген	16
кездесіп	сөйлесіп	19
ешқайда	шықпай	17
ешқайда	бармаймын	17
байқап	жүр	19
байқап	жүріңіз	8
байқап	жүріңдер	16
түрін	ай	17
түрін	көріп	19
түрін	көргім	20
были	?	21
были	бы	19
айтуға	да	21
айтуға	болады	24
айтуға	ұмытып	16
айтуға	болмайды	22
айтуға	оңай	13
айтуға	ұялып	23
айтың	ғой	21
айтыңыз	!	15
жылда	бір	19
жылда	жаңа	15
жылда	жана	17
жылда	барлық	12
жылда	қалсын	19
жылда	жағымды	19
таяқ	жеп	18
таяқ	жеген	10
таяқ	жисің	21
таяқ	жейсің	10
денсаулығы	жақсы	17
денсаулығы	қалай	13
денсаулығы	мықты	14
денсаулығың	жақсы	4
денсаулығың	қалай	17
денсаулығың	мықты	8
денсаулығың	жақсыма	5
ішіне	салып	12
ішіне	кіріп	19
кешіріңіз	мен	12
кешіріңіз	кеш	16
болшы	деп	20
болшы	жаным	19
болшы	қызым	18
қазіргі	кезде	18
қазіргі	уақытта	16
қазіргі	жастар	14
қазіргі	таңда	23
қазіргі	заманда	13
қызғанып	жатыр	19
қызғанып	жатсың	17
қызғанып	кеттім	18
дисің	?	23
дисің	ғой	20
дисің	енді	12
женге	мен	24
вторник	или	22
вторник	күні	20
бастық	болып	15
түгел	емес	23
дети	?	19
дети	как	15
дети	есть	20
көрсем	деп	24
көрсем	болды	19
көрсем	болама	20
жатты	ғой	18
жаттым	мен	16
жаттым	ғой	15
жаттым	қайырлы	21
ботақаным	менің	24
ботақаным	алтыным	9
ботақаным	ботақаным	21
жауабы	маңызды	14
жауабын	айт	9
жауабын	айтып	20
жауабын	айтам	23
жауабын	күтіп	18
бұны	мен	21
бұны	қалай	22
бұны	да	17
бұны	неге	19
бұны	кім	25
бұны	әдейі	23
шашы	өсіп	13
шашы	ұзын	19
шашын	алып	15
шашын	жұлып	15
алдыңғы	ай	21
алдыңғы	күні	24
алдыңғы	жылы	13
алдыңғы	апта	14
алдыңғы	айда	23
алдыңғы	терезесін	19
жылдан	кейін	14
жылдан	жаңа	10
жылдан	бері	15
жылдан	соң	9
жылдан	бастап	14
жылдан	асты	17
жылдан	асып	18
жылдан	үміт	23
жылдан	жылға	19
басталды	ғой	16
кешігіп	жатыр	19
кешігіп	келе	15
кешігіп	барам	18
кешігіп	барамын	15
дарын	мен	20
дарын	дарын	24
бермеш	деп	13
ағасы	мен	24
ағасы	бар	18
ағасы	қайтыс	16
ағасы	бардың	18
істеді	?	24
істедің	?	15
істедің	бүгін	11
дауыс	жоқ	19
дауыс	шығып	18
дауыс	беріп	24
дауыс	беру	20
дауыс	естілмейді	17
аяна	мен	21
нурдаулет	нурдаулет	20
басынан	бір	17
басынан	күн	20
басынан	бастап	21
басынан	аяғына	12
әкем	мен	24
әкем	бар	17
қайтамыз	деп	24
қайтамыз	ғой	14
қайтамыз	бұйырса	19
алдындағы	борышын	22
билеп	жатыр	24
билеп	жүр	18
билеп	жүрген	19
үміт	бар	20
үміт	беріп	21
үміт	пен	17
тұрдың	?	17
болашақ	жарым	18
төлеу	керек	17
төлеу	керексіз	3
істейміз	?	15
істейміз	деп	11
істейміз	енді	17
бесплатно	?	17
кілт	жоқ	18
кілт	бар	17
кілт	алып	17
кілт	менде	19
кілт	қайда	23
кілт	тастап	18
тұрмыс	құрып	18
тұрмыс	құрған	14
тұрмысқа	шығып	14
тұрмысқа	шығасың	10
тұрмысқа	шығатын	19
тұрмысқа	шығуға	19
баруға	болады	18
баруға	болама	13
баруға	уақыт	19
баруға	желания	24
баруға	ерініп	16
алыңыз	деп	20
алыңыз	!	21
абу	бандит	17
ниет	бар	18
ниет	болса	18
ниет	қабыл	19
ниет	етіп	5
ниет	еттім	16
кешеден	бері	21
кешеден	бастап	4
кешеден	бери	16
даусы	күшті	15
даусы	шығып	24
даусы	қатты	16
даусы	шықпай	24
қағаз	бар	22
қағаз	керек	23
қағаз	алып	19
қағаз	жазып	20
қағаз	шығарып	19
есеп	шығарып	21
есеп	шығару	19
есепте	тұрмайды	20
есептеп	жазып	9
есептеп	беріңізші	20
амансыздарма	?	18
амансыздарма	денсаулықтарыңыз	8
атып	жатыр	7
ойым	жоқ	20
ойым	бар	12
ойым	кетіп	18
ойым	болған	21
қысқа	болып	23
қысқа	емес	20
қысқа	дейін	21
қысқа	киіп	20
помидор	бар	23
помидор	ала	21
помидор	қияр	18
кісілер	бар	22
кісілер	болса	16
кісілер	барма	16
кісілер	келіп	21
бауырлар	!	22
бауырлар	аман	13
бауырлар	қалайсыңдар	24
көріңіз	!	16
көріңіз	түніңіз	13
апаның	туған	15
апаның	үйіне	18
апаның	үйінде	13
сұлтан	мен	16
сауда	қалай	21
сауда	жоқ	15
сауда	болып	19
сауда	жасап	21
звук	для	15
істейтін	адам	19
істейтін	жұмыс	15
істейтін	болдың	23
істейтін	болдық	16
келіңіз	деп	19
келіңіз	!	18
белгісіз	жан	19
белгісіз	болып	20
белгісіз	боп	13
говорит	?	19
қорқам	мен	18
қорқам	деп	15
саны	бар	21
саны	керек	22
саны	емес	19
саны	шектеулі	17
купить	?	20
ермек	аға	15
идея	бар	20
идея	для	19
идея	алам	16
памперс	керек	23
памперс	алып	19
памперс	ала	20
кому	?	16
сыз	деп	15
инстадан	жазып	18
инстадан	көріп	23
лан	давай	18
білейін	деп	18
білейін	деген	9
білейін	дегем	20
білейін	дегенім	15
ереке	!	19
ереке	қалайсың	20
самсунг	галакси	18
вечером	?	18
есікті	ашып	19
есікті	жауып	12
есікті	іліп	12
есікті	құлтап	16
канал	?	23
канал	бар	18
ұйқыдан	енді	18
ұйқыдан	жаңа	12
ұйқыдан	тұрған	20
ұйқыдан	тұра	19
ұйқыдан	тұрдым	23
ұйқыдан	тұрғанда	14
кірген	жоқ	23
кірген	кезде	19
кірген	соң	14
кірген	жоқпын	16
кірген	ақшаңызды	18
біреумен	сөйлесіп	14
біреумен	жүріп	10
біреумен	шатастырып	22
әкесі	мен	23
әкесі	жоқ	17
әкесі	қайтыс	23
көтеріліп	жатыр	18
көтеріліп	тұр	14
көтеріліп	кетті	15
көтеріліп	кетіп	14
көтеріліп	кеткен	21
аудан	әкімі	19
ауданы	бойынша	13
төмен	түсіп	20
қарбыз	бар	18
қарбыз	алып	17
қарбыз	ала	16
қарбыз	жеп	19
мереке	жаным	12
мереке	құтты	23
тер	болып	10
тер	боп	18
тер	тер	20
тер	сасып	23
қойдың	?	22
қойдың	ғой	19
сорпа	істеп	13
сорпа	ішіп	17
сорпа	жасап	16
көрейік	деп	23
әсем	әсем	17
вместе	?	19
вместе	будем	17
алматыдан	келе	23
алматыдан	келген	19
жағдайыңыз	?	18
жағдайыңыз	жақсы	15
жағдайыңыз	қалай	14
жағдайыңыз	жақсыма	8
сауығып	кет	5
сауығып	кетсін	9
сауығып	кетіңіз	7
сауығып	кетіңіздер	11
зам	зам	24
мұрат	аға	17
мұрат	ақбаян	17
бәрің	бір	16
бәрің	бірге	19
алдыңба	?	20
миллион	рет	9
миллион	ұтыс	20
перизат	апай	18
қалар	деп	20
қалар	едім	12
мазам	жоқ	17
мазам	кетіп	12
мазам	болмай	18
мазам	қашып	5
медет	аға	17
аң	таң	21
аңсаған	арман	13
аңсаған	арманыңа	24
аңсаған	армандарыңа	3
аңсаған	арманына	11
аңсаған	армандарына	17
істейсің	?	20
істейсің	енді	11
ішке	келіп	21
ішке	кіріп	19
ішкен	жоқ	14
ішкен	адам	18
ішкен	кезде	17
ішкен	соң	19
ішкен	жоқпын	18
аманбыз	шүкір	14
аманбыз	өздерің	14
кофе	ішіп	16
еске	алып	13
еске	салып	11
еске	түсіп	20
еске	алу	18
еске	түсіріп	14
тамаққа	ақша	17
тамаққа	шақырып	18
тамаққа	тойып	15
капец	как	20
заявка	беріп	19
заявка	тастап	16
заявка	жіберіп	17
заявка	беру	22
шаруа	қалай	23
шаруа	бар	23
шаруа	болып	16
шаруа	істеп	19
шаруа	шығып	18
шаруа	жасап	19
алмайсын	?	18
алмайсын	ғой	18
алмайсын	телефон	20
асп	алатын	19
жұмыртқа	мен	16
жұмыртқа	бар	23
жұмыртқа	ала	18
жұмыртқа	қуырып	20
түсіндіріп	айтып	15
түсіндіріп	айттым	15
түсіндіріп	жібересіз	22
көріне	бер	18
көріне	берсін	7
көріне	беріңіз	6
красивая	?	15
красивая	девушка	19
көмектес	деп	14
көмектесіп	жатыр	9
көмектесіп	жіберші	18
көмектесіп	жіберіңізші	14
іңкәр	мен	15
іңкәр	туған	20
іңкәр	іңкәр	18
жуынып	алып	13
жуынып	алайын	19
июль	күні	15
июль	август	20
июль	айына	20
леп	деп	17
босқа	уақыт	15
пысық	өзі	19
пысық	болып	17
пысық	қыз	17
жігітпен	сөйлесіп	14
жігітпен	жүріп	16
жігітпен	жүруге	15
жігітпен	жүрдің	22
жатырсыз	?	19
жатырсыз	ғой	8
іске	сәттілік	22
іске	сат	12
ескі	жаңа	14
ескі	жыл	16
ескі	жылда	14
ескі	жылға	14
секілді	ғой	18
берейік	деп	19
берейік	!	15
жүгіріп	барып	18
жүгіріп	келіп	18
жүгіріп	бара	20
жүгіріп	жүр	21
жүгіріп	жүрген	16
жүгіріп	жүріп	18
аллаху	акбар	20
төлем	жасап	2
төлем	жасау	11
төлем	жасай	17
төлем	жасаған	18
төлем	ақы	20
төлем	жасалған	19
төлем	ақысын	21
платный	болса	21
кетер	деп	22
кетер	еді	17
кетер	кезде	18
кетер	едім	17
ағаның	туған	16
ағаның	қызы	16
ағаның	үйіне	20
ағаның	баласы	15
ағаның	үйінде	20
емессің	деп	18
емессің	ғой	19
боқ	бала	14
боқ	ауыз	14
боқ	арсен	17
боқ	ұлан	10
боқтап	жатыр	17
боқтап	боқтап	19
сұрады	деп	18
сұрады	ғой	15
сұрадым	ғой	18
балдары	бар	14
отырады	деп	17
отырады	ғой	21
отырады	екен	15
алғам	жоқ	17
алғам	ғой	21
қайсысы	?	15
қайсысы	жақсы	15
қайсысы	дұрыс	15
қайсысы	әдемі	17
көруге	алла	20
көруге	болады	17
көруге	болама	11
көруге	нәсіп	19
көруге	жазсын	23
риза	болсын	20
риза	болып	17
риза	болса	11
риза	боп	20
риза	болдым	16
келсең	жақсы	17
келсең	болды	19
келсең	кел	18
берсен	болды	20
берсен	болады	18
айып	етпе	19
айып	етпеңіз	10
айып	етпеңіздер	9
кінәлі	деп	19
кінәлі	болып	20
кінәлі	емес	15
кінәлі	боп	17
кінәлі	қылып	20
кінәлі	емеспін	20
кінәлі	сезініп	17
жеңше	қалайсыз	20
комиссия	ақшасы	14
комиссия	ақшасын	15
комиссия	төлеу	3
ашуланып	жатыр	15
ашуланып	отыр	19
жездем	мен	19
жездем	қалай	20
жездем	бар	16
жездем	екеуіңіз	21
нұрасыл	мен	16
нұрасыл	нұрасыл	20
досты	қалайсың	18
сүйкімді	жан	19
сүйкімді	өзі	15
сүйкімді	болып	22
сүйкімді	екен	17
сүйкімді	боп	18
сүйкімді	қыз	22
сүйкімді	екенсің	12
қыздарды	алып	22
көркем	мен	17
көркем	еңбек	16
көркем	мінезді	14
запрос	таста	21
запрос	тастап	17
запрос	тастадым	17
запрос	запрос	22
бро	?	20
отырыс	болсын	17
отырыс	болып	11
отырыс	болды	20
отырыс	болыпты	12
қарлығаш	апай	20
анық	емес	18
анық	қылып	14
анық	қанығын	19
оянып	жатыр	19
оянып	кетті	22
оянып	кетіп	17
оянып	кеттім	18
оянып	кете	12
зовут	?	22
темір	жол	8
темір	есік	15
темір	тұлпар	20
темір	тұлпарың	19
бақыты	бол	21
бақыты	болсын	10
бақытын	берсін	14
бақытын	тілеймін	19
бақытын	нәсіп	6
гүлнұр	апай	6
пысты	ғой	21
пысты	әңгіме	19
девочка	?	22
білетін	адам	18
білетін	шығарсың	15
ақымақ	емес	16
ақымақ	қылып	20
ақымақ	емеспін	18
жатсыңба	?	18
қанды	ішіп	9
қанды	ішеді	9
ауылдың	қызы	19
ауылдың	баласы	16
ауылдың	балдары	17
ауылдың	адамдары	19
болмасын	деп	19
болмасын	!	12
мынаған	жауап	22
мынаған	заказ	19
болғаны	жақсы	19
болғаны	құтты	12
болғаны	дұрыс	14
болғаны	үшін	14
литр	су	17
литр	сүт	18
литр	кола	17
камила	камила	17
шашымды	жуып	13
шашымды	бояп	19
шашымды	тарап	18
шашымды	кептіріп	22
арбуз	алып	22
арбуз	ала	18
арбуз	жеп	18
тілек	айтып	12
тілек	қабыл	16
жатырсыңдар	?	22
дүйсенбі	күні	7
дүйсенбі	күнге	7
алыпты	деп	21
алыпты	ғой	20
жұмысың	жақсы	13
жұмысың	қалай	21
жұмысың	бар	9
жұмысың	алға	17
жұмысың	бітті	19
жұмысың	жемісті	20
жатқам	жоқ	19
жатқам	ғой	16
жатқам	өзің	14
заттарды	алып	17
кіру	керек	13
кіру	үшін	10
кіру	тегін	14
кіру	құны	15
света	апа	12
света	апай	17
график	жасап	21
график	қойып	20
график	бойынша	17
немере	құтты	18
немере	өсіп	13
немере	шөбере	18
алдыңыз	?	10
зере	зере	17
алуа	?	8
малика	малика	9
өзбек	болып	21
өзбек	боп	16
біткен	жоқ	17
біткен	кезде	12
біткен	соң	19
мастер	али	8
мастер	класс	18
жуу	керек	13
қонақта	отырмын	6
қонақтар	!	13
қонақтар	бар	18
қонақтар	кетті	13
қонақтар	келіп	21
қонақтар	кеп	13
қонақтар	келді	20
қонақтар	келген	18
қонақтар	келеді	19
қыздары	бар	18
жаттап	ал	17
жаттап	алдым	17
жаттап	алған	19
ашпай	жатыр	19
ашпай	тұр	9
дильназ	жазылып	12
дильназ	дильназ	12
келсем	деп	20
келсем	болама	22
бэйби	бэйби	16
гүлім	менің	6
гүлім	гүлім	18
аяғым	ауыр	21
аяғым	ауырып	13
аяғым	ісіп	11
нар	тәуекел	16
народный	бар	20
народный	да	16
народный	барма	18
народный	банк	17
мынадай	бар	11
мынадай	болып	21
жолыңыз	болсын	18
жолыңыз	ашық	2
бұдан	да	14
бұдан	басқа	14
бұдан	кейін	17
бұдан	артық	8
бұдан	былай	17
бұдан	бұлай	14
барсақ	деп	19
барсақ	қалай	18
барсақ	болады	18
барсақ	болама	17
нәрсені	айтып	17
апайға	айтып	19
магазинде	бар	17
бывает	бывает	18
жататын	қыз	2
жататын	едім	18
жататын	қыздар	21
жататын	жер	17
жататын	жері	11
елдің	бәрі	18
елдің	бәрін	10
елдің	бәріне	19
елдің	көзінше	18
елдің	азаматы	19
көңілім	қалды	16
көңілім	түсіп	10
көңілім	қалып	20
көңілім	босап	17
калайсындар	?	16
саулық	қалай	9
саулық	берсін	16
саулық	тілеймін	17
саулық	отбасыңа	9
саулық	отбасыңызға	8
жақындап	келе	13
жақындап	қалды	18
жақындап	қалдың	12
жақындап	қалдық	19
жаздың	?	12
жаздың	ғой	15
адаммен	қалай	17
адаммен	сөйлесіп	20
болмаған	екен	17
болмаған	соң	17
айтсан	болды	10
поезд	?	11
душқа	су	21
душқа	кіріп	16
душқа	түсіп	17
душқа	түсем	6
душқа	түсейін	19
тапсырма	беріп	18
әрекет	жаса	20
әрекет	жасап	19
әрекет	етіп	12
әрекет	жасау	20
әрекет	ету	16
тосып	отыр	19
тосып	отырмын	17
ақтөбе	де	12
ақтөбе	облысы	21
зарплата	қанша	18
зарплата	түсті	20
жей	бер	19
жей	алмай	14
жей	берсін	15
жей	беріңдер	16
әкең	мен	21
әкең	қайда	20
әкең	келді	20
терезе	ашып	21
терезе	ашық	15
вариант	жоқ	16
вариант	бар	13
вариант	барма	15
жеңеше	!	16
жеңеше	қалайсыз	20
кетпей	жатыр	16
кетпей	тұр	13
кетпей	тұрғанда	19
год	?	21
мамандық	?	18
мамандық	бар	17
мамандық	қандай	18
мамандық	бойынша	20
мамандық	таңдап	15
мамандық	иесі	19
тағала	екі	16
тағала	ұзақ	15
тағала	разы	15
тағала	нәсіп	20
тағала	садақа	21
көзің	әдемі	18
көзің	ісіп	16
тұршы	деп	19
тұршы	ертең	19
тұршы	өтініш	21
банан	алып	16
дня	!	21
баяғыда	бір	14
емеспе	?	19
давление	түсіп	10
давление	көтеріліп	16
райхан	апа	11
райхан	апай	20
балаларды	алып	18
таңдап	алсаңыз	15
дерме	?	17
дерме	!	15
дерме	қалдарыңыз	12
жамбыл	мал	8
жамбыл	ауданы	1
жамбыл	облысы	45
үнемі	осылай	25
интерес	қуып	19
интересно	?	13
қаласың	деп	18
қаласың	ғой	20
жабық	деп	14
жабық	екен	21
жабық	тұр	17
жарайма	?	15
жарайма	жаным	12
ауысып	жатыр	15
ауысып	кетті	18
ауысып	кеткен	15
ауысып	кетіпті	13
қонаққа	барып	20
қонаққа	бара	18
қонаққа	кетіп	21
қонаққа	шақырып	17
ояу	болсам	14
алмаймыз	деп	21
алмаймыз	ғой	15
алмаймыз	ау	16
казах	?	18
құры	деп	10
құры	бар	20
район	?	16
жеттім	деп	17
жеттім	ау	17
жеттім	аман	19
жеттім	үйге	21
босанып	ал	17
босанып	алдым	10
босанып	алсын	19
босанып	алыңыз	16
ұнады	маған	16
білемін	ғой	17
жегім	келіп	11
жегім	кеп	5
жегім	келп	6
қайтарып	беремін	20
араласпа	деп	15
араласпай	ақ	11
араласпай	кеткен	15
араласпай	кетем	17
араласпай	кеткенде	21
сұрасам	жоқ	17
сұрасам	болады	19
сұрасам	болама	19
алишер	алишер	9
өмірдегі	бар	20
өмірдегі	ең	6
өмірдегі	барлық	18
шіркін	!	4
шіркін	ай	19
жіберу	керек	11
арыс	арыс	3
вайфай	мен	12
вайфай	жоқ	17
вайфай	бар	20
вайфай	істемей	19
алоо	?	18
алоо	алоо	18
жазатын	адам	7
дейтін	адам	16
дейтін	еді	21
дейтін	едім	16
мамамен	бірге	20
мамамен	сөйлесіп	19
бөтен	жоқ	14
бөтен	адам	10
шыдап	келе	13
шыдап	жүр	19
шыдап	жүрген	19
шыдап	жүрмін	19
ақыр	заман	16
бермейді	деп	11
бермейді	ғой	19
бермейді	екен	13
ағып	жатыр	17
ағып	тұр	13
ағып	кетті	15
ағып	жатқан	17
ағып	кеткен	20
жаныма	жақын	18
жаныма	батып	11
жанымау	сен	15
жанымау	менің	19
семья	болып	18
көрсін	деп	19
көрсін	!	13
ақшамды	алып	12
ақшамды	салып	17
ақшамды	қайтар	16
ақшамды	қайтарып	19
қарны	аш	17
қарны	ашып	13
қарны	тоқ	8
қарны	ашқан	15
қарным	аш	14
қарным	ашып	16
қарным	ашты	5
берсин	деп	10
берсин	!	19
алғаш	рет	18
алғаш	көргенде	8
алғашқы	жаңа	15
алғашқы	махаббат	15
алғашқы	білім	19
алғашқы	кездері	16
алғашқы	қадамың	11
алғашқы	қоңырауға	19
биік	болсын	20
биік	биік	16
биік	белестерден	20
биік	белестерді	7
биік	шыңдардан	15
қаншама	адам	16
қаншама	ақша	15
қаншама	рет	21
қаншама	уақыт	15
қаншама	жыл	19
қаншама	еңбек	21
шынайы	жақсы	20
шынайы	жұмыс	17
шынайы	сұлулық	15
кілем	бар	19
кілем	жуып	21
кілем	жуу	13
кілем	жуатын	12
денсаулығыңыз	жақсы	18
денсаулығыңыз	қалай	11
денсаулығыңыз	мықты	5
денсаулығыңыз	жақсыма	9
аласынба	?	12
этаж	?	9
құдағи	!	18
шығара	алмай	20
бесік	тойға	12
бесік	жыры	13
мысық	бар	14
екенмін	деп	19
екенмін	ғой	19
қарын	ашып	14
қарын	ашты	9
қарын	төгіп	13
қарындасым	деп	9
қарындасым	!	19
қарындасым	бар	20
қарындасым	қарлығашым	19
келгем	ғой	18
келдіңіз	?	17
келдіңіз	!	17
саласыз	ғой	15
келер	деп	14
келер	екен	20
келер	кезде	19
келер	жыл	16
келер	жылы	18
келер	апта	16
келер	жылдан	17
кеткем	ғой	19
шауып	кел	16
шауып	жүр	20
шауып	жүре	13
шауып	кетсін	16
сөзі	бар	20
сөзім	жоқ	18
сөзім	есіңде	8
майда	шүйде	17
шомылып	жатыр	11
оқыған	жоқ	17
оқыған	соң	17
оқыған	жоқпын	20
оқыған	дұға	20
туфли	для	17
жұмысты	түсіндіретін	20
вопрос	?	13
күйеуі	бар	13
күйеуі	қайтыс	15
күйеуім	бар	17
таразға	барып	15
таразға	қашан	18
таразға	кетіп	20
таразға	такси	18
алар	ем	18
алар	кезде	20
алар	едім	21
алар	емеспін	13
алар	едік	18
алар	асуы	16
алар	асуың	18
алар	асулары	19
играть	?	20
играть	ахмад	13
баласын	алып	11
міні	деп	18
мініп	алып	18
мініп	кетті	18
өзгеріп	жатыр	20
өзгеріп	кетті	19
өзгеріп	кеткен	14
өзгеріп	кетіпті	14
еңбек	етіп	16
еңбек	кз	18
тоқ	болса	16
жазайын	деп	19
жазайын	десем	8
жазайын	дегем	13
группадан	неге	18
группадан	шығып	20
группадан	шығарып	10
берекелі	болсын	17
берекелі	күн	6
берекелі	үй	18
берекелі	жас	20
берекелі	жыл	16
берекелі	шаңырақ	11
берекелі	мерекелі	20
ақтауға	барып	17
ақтауға	кетіп	18
ақтауға	көшейік	18
аптада	бір	7
күндер	құтты	20
күндер	көп	16
күндері	құтты	11
күндері	көп	15
хабарсыз	кетті	19
хабарсыз	қалдың	17
хабарсыз	кеттің	17
хабарсыз	кеттіңіз	7
аппақ	болып	18
аппақ	боп	15
аппақ	қыз	18
аппақ	келін	19
шықпайды	деп	19
шықпайды	ғой	19
шықпайды	екен	14
уәде	бер	16
уәде	беріп	20
уәде	берген	14
уәде	беремін	18
вип	канал	15
вип	казах	13
вип	казашка	16
вип	көтен	16
вип	казашки	16
айтпады	деп	20
айтпады	ғой	17
айтпады	деме	17
бармайды	деп	18
бармайды	ғой	17
бармайды	екен	16
бармайды	ау	17
ютуб	көріп	20
ютуб	канал	17
бекжан	дәу	20
апаға	айтып	3
қалмай	келіңдер	18
дүние	бақытын	19
дүние	жүзі	16
дүние	есігін	15
істеймін	?	17
істеймін	деп	17
істеймін	енді	13
босаған	кезде	18
босаған	соң	8
босағанда	жазам	9
босағанда	хабарлас	18
артында	бір	16
келдіңба	?	19
келдіңба	үйге	11
мүбәрәк	болсын	16
дружить	?	1
дружить	қыздар	9
дарбыз	бар	12
дарбыз	алып	18
дарбыз	ала	18
дарбыз	жеп	19
дарбыз	сатып	13
балнұр	балнұр	19
көргем	жоқ	20
көргем	ғой	19
ерболат	аға	19
химия	биология	19
жасаймын	деп	16
жасаймын	ғой	12
сұранып	көрем	19
сұранып	кеттім	16
алматыга	барып	20
алматыга	кетем	18
тойы	?	20
тойы	бар	17
тойы	құтты	17
тойы	қашан	16
тойы	бітпесін	19
нең	бар	19
оқушы	бар	3
кеттіма	?	19
кеттіма	деп	12
нұргүл	апай	16
қабылдап	жатыр	19
қабылдап	жатырмын	14
қабылдап	жатқан	19
менікін	де	19
саласың	ғой	19
запись	бар	12
қайдасыңдар	?	19
банка	жауып	7
банка	басып	11
банка	жабу	20
иманы	бар	15
иманы	өзіне	16
иманы	жолдас	17
иманы	жолдасы	5
иманы	салауат	15
боласыз	?	20
айтқам	мен	8
айтқам	жоқ	20
айтқам	ғой	20
байға	шығып	15
рая	апа	19
жібереді	деп	19
жібереді	ғой	17
жібереді	екен	15
жк	комплекс	16
жібересің	ғой	15
бока	взлом	12
даусын	шығарып	13
даусын	басып	18
детей	?	19
жүрма	?	19
жүрма	деп	11
баруы	мүмкін	17
баруым	керек	8
баруым	мүмкін	3
әділ	әділ	15
әділ	жылауық	13
әділет	әділет	18
отырамыз	деп	18
отырамыз	ғой	15
другой	город	18
другой	сервер	20
сырға	салып	18
сырға	салуға	15
жаңадан	бері	16
жаңадан	келген	17
жаңадан	ашылған	11
беті	қолымды	15
бетін	ашып	19
бетін	жауып	19
бетіне	айтып	14
бетіне	қарап	20
енең	қалай	12
болдын	?	19
келейін	?	16
келейін	деп	19
гүлжан	апай	6
дастархан	жасап	17
дастархан	басында	15
дастархан	жайып	18
берема	?	14
берема	деп	13
берема	екен	15
аудара	бер	19
аудара	алмай	18
аудара	берейін	19
паркке	барып	20
паркке	бара	15
паркке	барамыз	18
аяла	мен	17
аяла	аяла	19
жәннатта	болсын	17
жүру	керек	1
жүру	деген	6
жүру	үшін	20
жүру	қиын	18
ұйықтайын	деп	20
ұйықтайын	десем	3
хат	жазып	19
хат	хабарсыз	14
облысы	бойынша	14
жүрсіз	?	19
жүрсіз	ғой	14
аят	ал	16
аят	аят	17
телефонын	алып	19
телефонын	алмай	14
жүзі	жылы	18
жүзі	тарихы	11
жүзіңнен	күлкі	10
қапты	ғой	1
қойсай	болды	11
сағатта	барып	18
года	?	19
сана	берсін	16
лагерь	?	13
лагерь	де	19
қойыпты	ғой	19
дней	?	13
дней	до	18
микро	барма	15
микро	микро	19
әйелі	бар	14
шығару	керек	14
шығару	үшін	6
қымыз	бар	18
қымыз	алып	15
қымыз	ішіп	20
сағаттан	кейін	13
сағаттан	бері	6
сағаттан	соң	20
белый	фон	8
аузыңды	жап	17
аузыңды	жапшы	2
сіздерді	жақсы	18
сіздерді	қатты	13
сіздерді	күтіп	18
сіздерді	қуантып	20
сіздерді	ұлымыз	17
ұстаз	!	19
жанымда	адам	19
жанымда	адамдар	18
реал	барса	16
реал	мадрид	19
бензин	жоқ	11
бензин	құйып	19
болуға	қалай	14
болуға	болады	17
болуға	шақырамыз	19
болуға	лайықты	13
затты	ал	17
затты	алып	18
кетім	мен	16
кетім	деп	17
кетім	ғой	20
алама	?	18
алама	деп	12
алама	екен	15
гулнар	апа	16
гулнар	апай	19
жүрме	?	18
жүрме	деп	16
жизни	?	18
жизни	!	19
мамаңа	айт	18
мамаңа	айтып	16
мамаңа	айтшы	17
айтпесе	мен	19
балл	алып	20
балл	жетпей	19
қыздардың	бәрі	17
душка	су	14
душка	кіріп	17
душка	түсіп	20
ойлай	бер	10
ойлай	берме	15
ойлайсың	?	15
жасаймыз	?	10
жасаймыз	деп	19
шет	ел	13
шет	тілі	16
шет	елге	17
шет	елде	12
шет	жағасын	16
арайлым	арайлым	13
бірнәрсе	айтайын	19
бірнәрсе	сұрайын	17
құлап	қалды	19
ақпарат	керек	19
ақпарат	беріп	20
ақпарат	алу	19
разылығы	үшін	17
қайтатын	кезде	1
қайтатын	такси	15
қайтатын	шығармын	16
қайтатын	көлік	16
көзден	аман	17
көзден	сақтасын	8
біздер	де	5
біздер	шүкір	20
фатима	сағира	19
взлом	для	18
таныса	алдыңыз	16
таныса	отырайық	11
танысайық	?	10
танысайық	деп	17
танысайық	қарсы	15
сата	бер	14
сата	алмай	14
сататын	адам	16
сататын	жер	18
сататын	жерде	14
сататын	жерге	17
ойлаймын	!	19
дәм	болсын	19
дәмді	болсын	11
дәмді	болды	7
дәмді	екен	18
дәмді	болыпты	17
пайдасы	жоқ	19
пайдасы	бар	10
ұйқың	келіп	12
ұйқың	кеп	16
ұйқың	келді	17
ұйқың	тыныш	16
ұйқың	келсе	11
ұйқың	қанды	15
ұйқың	қанбай	13
реттеп	алайын	18
калаға	барып	19
калаға	кетіп	18
калаға	такси	19
круто	!	17
круто	аяжан	17
бізбен	бірге	15
ысып	жатыр	10
ысып	тұр	19
ысып	кетті	16
ысып	кеткен	8
ысып	кетеді	19
студент	кезде	18
телевизор	көріп	18
телевизор	қарап	11
кездесе	алмай	17
кездесе	аламыз	15
кездесе	алмаймыз	11
кездесе	аламызба	14
кездесем	деп	16
кездесеміз	?	8
кездесеміз	деп	15
кездесеміз	ғой	16
берекесін	берсін	17
данный	момент	2
баняға	барып	5
баняға	барамыз	15
баняға	түсіп	18
балаларға	арналған	14
жүрсе	де	14
жүрсе	болды	17
айтасын	ғой	18
шұғыла	шұғыла	16
келемін	деп	15
келемін	деген	12
келемін	дейді	18
ортасында	аман	18
көргенде	түрімді	19
больницада	жатыр	14
больницада	жатырмын	14
долго	?	15
жерің	ауырып	15
жерің	жайлы	9
кездесу	керек	15
концерт	болып	10
концерт	болады	17
күйі	жақсы	17
күйі	жоқ	17
күйіп	тұр	14
күйіп	кетті	19
күйіп	кеткен	16
күйіп	кетеді	17
күйіп	пісіп	19
жартысын	алып	18
ішу	керек	19
кімен	сөйлесіп	4
кімен	сөлесіп	9
каспиден	ақша	19
кофта	мен	18
шелек	болып	19
шелек	боп	14
өтінем	дана	13
өтінем	өтінем	6
себеп	?	12
себеп	жоқ	15
себеп	бар	18
себеп	болды	15
жив	?	16
живой	?	8
қарама	қарсы	19
кие	бер	5
кие	алмай	15
базардан	алып	19
апатай	лақтыр	19
анасы	мен	15
анасы	бар	18
анасы	аман	16
заман	болды	19
заман	емес	18
шықсай	шықсай	16
екеуіміз	бір	17
екеуіміз	ғана	18
екеуіміз	бірге	18
жабылып	жатыр	19
жабылып	қалды	19
маса	жоқ	15
маса	көп	19
маса	жеп	17
маса	талап	17
маса	шағып	17
камшат	апа	13
друзья	?	18
отырайық	деп	18
отырайық	қарсы	15
сүндет	тойға	13
сүндет	тойына	15
ключ	керек	19
ключ	ашу	16
әсер	етіп	14
әсер	етпей	12
әсер	етпейді	19
әсер	әсер	16
әсер	етті	10
әсер	еткен	17
әсер	етеді	19
әсер	ететін	12
звонок	!	18
звонок	пен	15
ұятсыз	бала	16
азда	болса	19
аздап	ауырып	2
папаның	туған	17
таптың	?	15
болғым	келіп	19
болғым	кеп	12
болғым	келед	15
болғым	келеді	18
болғым	келмейді	8
көрмей	ақ	14
көрмей	қалыппын	15
біте	алмай	18
бітеді	?	8
бітеді	деп	17
бітеді	ғой	19
бітеді	екен	17
бастым	тіркелдім	15
алло	?	18
алло	алло	16
біреуден	алып	7
біреуден	ақша	16
біреуден	ала	19
біреуден	сұрап	18
біреуден	қарыз	11
өшіре	салыңыз	18
күннің	ішінде	17
күннің	ретін	16
күннің	астында	18
күннің	өзінде	11
күннің	ыстығы	17
күннің	ыстығында	14
күннің	ыстығына	12
барама	?	18
барама	деп	12
барама	екен	17
елге	барып	18
жазуға	болады	19
жазуға	уақыт	15
жазуға	ерініп	17
шақыру	керек	19
шақыру	билет	13
кезек	күтіп	14
кезек	кезек	19
обал	жоқ	9
обал	ғой	19
обал	болды	17
обал	ай	12
обал	болған	17
райы	қалай	19
кетемін	деп	8
кетемін	ғой	13
атқа	мініп	19
атқан	жоқ	13
атқан	таң	17
атқан	жоқпын	18
дене	шынықтыру	16
дене	жаттығулары	10
денег	?	18
қайдасыз	?	18
ауыра	береді	7
ауырады	деп	12
ауырады	ғой	17
ауырады	екен	15
кухня	мен	18
тойына	барып	19
тойына	арналған	19
достарым	!	15
достарым	бар	18
достарым	менің	17
шаршаған	ғой	18
шаршаған	шығарсың	19
шаршаған	шығарсыз	10
кука	кешірші	19
каншадан	?	17
каншадан	екен	14
ерсұлтан	ерсұлтан	18
мынаның	бәрі	6
мынаның	бәрін	17
мынаның	ішінде	16
балама	?	17
калын	қалай	19
калын	мал	6
тойып	алып	19
тойып	жеп	14
тойып	алған	18
келесіңба	?	17
тимур	мен	10
жыныма	тимей	19
жыныма	тиып	18
басқасы	жоқ	17
басқасы	бар	18
басқасы	керек	16
басқасы	басқа	15
басқасын	тауып	15
бүгінге	керек	18
бүгінге	бос	16
бүгінге	орын	19
берер	ем	16
берер	едім	17
адамнан	адам	10
бәріңе	!	17
бәріңе	рахмет	13
бәріңе	сәлем	18
бәріңе	қайырлы	10
миды	жеп	19
миды	ашытып	10
ләззат	апай	12
арманы	жоқ	17
арманыңа	жет	13
арманыңа	жете	10
арманыңа	жетуіңе	3
құрып	кет	11
құрып	кетші	19
құрып	кетсін	18
арамыз	суып	16
арамызда	ойнап	11
арамызда	күліп	19
арамызда	қалсын	17
қырылып	жатыр	14
айтамыз	деп	16
айтамыз	ғой	16
болғанын	қалаймын	18
жасауға	болады	17
жасауға	болама	9
соңына	дейін	17
соңына	жетсем	3
баламды	алып	10
болницаға	барып	16
болницаға	жатып	15
болницаға	түсіп	16
сансыз	шүкір	19
сансыз	шүкіршілік	4
сансыз	шүкірлер	8
бөпе	қалай	19
бөпе	бөпе	17
бөпе	жантай	10
белгілі	ғой	8
белгілі	бір	18
белгілі	болды	11
белгілі	болады	17
тәтем	қалай	9
жылға	дейін	18
жылға	жете	13
жылға	өкпе	18
ұбт	дан	15
жаналық	?	16
жаналық	жоқ	15
жаналық	бар	11
аузын	ашып	12
аузын	жауып	14
аузына	ие	14
аузына	келгенін	18
аузына	келгенді	11
ыстықта	қалай	15
байы	жоқ	18
байы	бар	16
байы	екен	12
байым	бар	17
қорқыныш	бар	13
қорқынышты	ғой	11
қорқынышты	екен	18
қорқынышты	емес	18
қорқынышты	кино	17
жүресің	ғой	18
тоқтап	тұр	16
тоқтап	қалды	15
еркеназ	мен	13
сөйлескен	кезде	6
сөйлескен	жоқпын	19
ұйықтама	ұйықтама	14
ұйықтамай	жатыр	1
ұйықтамай	жатсың	14
ұйықтамай	жатырсың	16
бердің	?	10
бердің	ғой	19
шатасып	кеткен	15
шатасып	кеттім	17
шатасып	кетіппін	14
раяна	мен	15
раяна	раяна	19
қарау	керек	13
алыңдар	деп	5
алыңдар	!	16
апайдың	туған	16
апайдың	үйіне	18
бәрінен	де	18
бәрінен	сұрап	17
бәрінен	бұрын	18
бәрінен	шаршадым	17
бизге	де	18
апасы	мен	18
апасы	бар	18
апасы	қайтыс	18
шынымды	айтып	19
шынымды	айтайын	16
шынымды	айтсам	11
болсаңыз	болды	5
болсаңыз	алаяқ	17
тфу	тфу	16
жөн	екен	10
жөндеп	жатыр	14
жүрді	ғой	14
жүрдім	ғой	12
жатсындар	?	13
әлия	апай	10
алғым	келіп	19
алғым	кеп	8
алғым	келген	9
алғым	келеді	18
алғым	келмейді	11
құттықтап	жатыр	18
құттықтап	қой	15
құттықтап	жатқан	16
ұшып	кетті	19
ұшып	бара	16
келсен	кел	17
быстро	быстро	19
ыңғайлы	?	16
ыңғайлы	болса	17
ыңғайлы	солай	15
жақсысыңдарма	?	18
жақсысыңдарма	қыздар	8
барсын	деп	11
бұзылып	жатыр	15
бұзылып	тұр	19
бұзылып	кетті	16
бұзылып	қалды	18
жерін	ауырып	12
жерін	сұрады	18
шақырған	жоқ	12
шақырған	жерден	15
чатқа	жазып	19
чатқа	қосып	18
ашты	деп	18
мафия	!	16
мафия	ойнап	17
оқи	бер	17
оқи	алмай	16
өзімен	өзі	13
өзімен	бірге	6
жарқ	ете	16
жарқын	болсын	11
жарқын	болашақ	8
ойнайтын	адам	17
ойнайтын	кезде	15
ойнайтын	жер	18
ойнайтын	жерге	17
ахмет	!	16
ахмет	байтұрсынов	17
кетіңіз	!	17
қазақтың	қызы	13
қазақтың	қара	18
қазақтың	қыздары	18
қазақтың	тойы	19
көрмедім	ғой	16
сөзін	сөйлеп	16
бауырларым	!	16
бауырларым	аман	13
ішеміз	деп	13
жеткенде	айт	16
жеткенде	жаз	18
жеткенде	жазам	14
жұмысын	қалай	18
жұмысын	істеп	15
жұмысын	жіберші	17
жеңіс	құтты	19
жеңіс	күніне	15
жеңіс	күнімен	11
жібермей	жатыр	15
жібермей	ақ	10
жібермей	қойды	14
сізгеде	рахмет	18
сізгеде	қайырлы	11
сізгеде	жаңа	11
сізгеде	сәттілік	13
барасыңба	?	19
барасыңба	деп	9
бармын	ғой	17
бармын	солай	11
баллар	қалай	19
ұлым	бар	13
қоятын	адам	14
қоятын	жер	19
қоятын	ешкімнің	17
қоятын	талаптарың	11
екенсіз	ғой	15
үйлен	деп	11
үйленіп	жатыр	10
үйленіп	кетті	11
үйленіп	жатқан	19
кұтты	болсын	19
жатады	ғой	1
жатады	екен	15
керексің	ғой	17
керексің	жаным	13
керексің	маған	18
түсу	керек	14
түсу	үшін	4
знает	?	13
болсың	!	16
болсың	өмір	10
шілде	де	15
шілде	күні	18
шілде	айы	12
шілде	айына	17
шілде	айында	16
шілде	айының	17
боспа	?	15
құдалық	қалай	9
құдалық	құтты	19
құдалық	мың	14
ұтыс	!	13
ұтыс	саны	10
ұтыс	шықсада	14
жетпейді	деп	17
жетпейді	ғой	18
жетпейді	екен	12
құдайға	шүкір	16
еду	домой	3
сөзге	келіп	18
сөзге	кеп	14
таңға	дейін	17
таңға	жақын	5
таңға	диін	18
таңға	жуық	17
говорю	же	16
ұлан	боқ	15
биология	химия	12
биология	география	15
ішетін	адам	16
ішетін	су	17
ішетін	жер	19
тілектеспін	!	19
тілектеспін	жаным	7
тілектеспін	ата	14
гүлмира	апай	19
көріңдер	!	17
жетет	деп	9
қолда	бар	19
қолда	барма	7
қолда	ағайын	15
қолдан	келсе	16
қолдан	келгенше	16
қолдан	келер	8
ашылмай	жатыр	18
ашылмай	тұр	9
дегенің	қалай	10
дегенің	қайда	14
ойнаймыз	?	15
ойнаймыз	деп	19
естідім	ғой	17
түсетін	еді	16
көңілді	болсын	18
көңілді	өтсін	11
келіпті	ғой	15
блокка	салып	12
блокка	тығып	13
джиги	мен	13
эротика	видео	19
эротика	кино	15
жайма	?	14
ранг	ранг	10
ғалия	апай	17
ғалия	ғалия	17
аман-есен	барып	19
аман-есен	жүре	14
аман-есен	жетіп	18
аман-есен	босанып	15
атаң	мен	18
атаң	басы	17
нурислам	нурислам	17
ассалому	алейкум	3
сөлесіп	жатсың	1
сөлесіп	жүрген	18
салыңызшы	өтініш	16
велик	пен	17
велик	айдап	17
краска	для	16
жүрсіңба	?	15
біздін	үйде	9
біздін	үйге	18
қарасай	батыр	16
күндерің	құтты	18
күндерің	көп	5
күндерің	сәтті	10
ерігіп	жүрген	10
ерігіп	отырған	12
жібердің	?	18
жібердің	ғой	16
тіркеп	қойдым	13
купальник	бар	16
купальник	алып	19
фарида	апай	18
бірімізді	жақсы	17
сабақта	өзің	15
сабақта	отырмын	17
сабақтан	кейін	15
сабақтан	соң	14
сабақтан	қашамыз	16
должен	был	16
должен	быть	13
индрайвер	мен	10
фотолар	бар	16
фотолар	болса	14
фотолар	барма	17
өзіңізге	де	16
өзіңізге	керек	15
өзіңізге	қарап	19
әзірге	жоқ	18
көбі	кетіп	16
қосымша	жұмыс	16
қосымша	сабақ	17
қосымша	табыс	19
қосымша	білім	17
машинаға	салып	16
оқитын	адам	16
жылама	деп	19
жылама	жаным	19
кемпір	шал	15
істеуге	болады	17
зу	зу	7
талап	етіп	18
талап	оң	18
жердің	бір	14
жердің	ауасы	17
босап	жатыр	15
босап	кетті	17
босап	жатса	18
босап	жатсам	15
азаннан	кешке	17
азаннан	бері	6
азаннан	бастап	6
азаннан	бери	18
кетсең	кет	18
кедергі	болып	17
кедергі	емес	13
кедергі	жасап	19
кедергі	болмайын	15
атасы	мен	13
атасы	қайтыс	12
барамызба	?	18
барамызба	деп	11
вокзал	жақта	12
акция	болып	17
кірмей	жатыр	12
кірмей	тұр	11
кірмей	ақ	16
дауысы	шығып	18
дауысы	балалар	17
жүргем	жоқ	15
жүргем	ғой	15
медина	медина	16
әзіл	деп	18
әзіл	ғой	18
әзіл	ретінде	10
әзіл	әзіл	18
құдаша	қыз	19
құдаша	құдаша	18
сұрау	керек	15
сұрау	үшін	4
беріңіздер	!	19
беріңіздер	өтініш	10
бетке	айта	11
желаю	тебе	18
желаю	вам	9
желаю	всего	12
желаю	крепкого	14
ұтып	алған	13
ұтып	алдыңыз	18
біраздан	кейін	5
біраздан	бері	8
біраздан	соң	13
ештен	кеш	6
сапар	!	5
сапар	болсын	18
магазиннен	алып	19
магазиннен	келе	19
магазиннен	ала	18
әні	міні	17
жынданып	жатыр	17
жынданып	отыр	16
жасатып	жатыр	18
жолдарыңыз	болсын	17
барынша	репост	2
дұрыспа	?	17
дұрыспа	деп	9
видеомен	звандап	19
видеомен	звандайм	17
картоп	пияз	18
картоп	жуа	16
білесіз	ғой	16
етті	шығарып	9
уақытша	ғой	19
түсем	деп	18
тимесін	деп	11
тимесін	!	18
тимесін	тфай	16
басталып	жатыр	11
басталып	кетті	12
тұрамын	деп	10
тұрамын	ғой	18
үйдеміз	ғой	16
қасыма	бір	15
қасыма	алып	19
қасыма	адам	18
қасыма	келіп	16
бақытжан	аға	15
ету	керек	18
ету	үшін	6
сындырып	алып	17
сындырып	алдым	19
білу	керек	15
білу	үшін	5
кредитке	ақша	14
кредитке	жетпей	16
дәріге	ақша	18
пияз	сәбіз	10
оқушылар	!	16
оқушылар	сабаққа	15
алуым	керек	17
жалко	емес	2
ашам	деп	15
көбейіп	жатыр	15
көбейіп	кетті	14
көбейіп	кеткен	7
көбейіп	кетеді	17
арест	бар	18
арест	шешіп	18
арест	шешу	16
батя	же	10
жіберетін	адам	16
жіберетін	едім	18
барби	қыз	15
барби	кино	17
санат	санат	19
тілеген	дұға	1
тілеген	тілектерің	4
тілеген	тілектеріңіз	11
жастан	бастап	14
жастан	жасқа	11
қажеті	жоқ	6
қажеті	бар	4
әкеле	жатыр	19
әкеле	бер	17
жіберсем	болады	15
жіберсем	болама	17
есімің	кім	12
гүлнар	апа	3
гүлнар	апай	18
дүниенің	бақытын	16
дүниенің	жақсылығын	3
сөзің	үшін	10
сөзің	мөлдіреген	17
жеген	жоқпын	14
мако	мако	17
мамама	айтып	16
большое	!	18
большое	за	11
жіберіпті	ғой	16
алик	кз	15
жерінде	тұрасың	10
жерінде	бағы	11
әуре	болып	18
әуре	болма	13
әуре	болмай	11
әуре	болмаңыз	15
әкешім	туған	19
әкешім	анашым	18
кесіп	алып	17
кесіп	алам	18
кесіп	алдым	18
кетуге	болады	19
көрмеген	адам	14
көрмеген	соң	17
аяғына	дейін	15
қосшы	мені	6
қарайды	деп	17
қарайды	ғой	16
қарайды	екен	14
ыңғайсыз	болып	16
ыңғайсыз	екен	13
ыңғайсыз	жағдайға	15
інісі	бар	18
інісі	қайтыс	15
отбасың	аман	18
отбасыңа	бақыт	3
отбасыңа	амандық	16
ойың	бар	3
ойың	барма	13
ойың	қандай	16
ойың	жаман	19
айтар	екен	18
айтар	едім	17
айтар	сөзім	13
айтар	ақылың	16
жатсыздар	?	13
жасады	деп	8
танымаймын	ғой	17
танымаймын	да	14
балдардың	бәрі	18
балдардың	ақшасы	15
балдардың	қасында	19
балдардың	қызығын	18
каша	жеп	18
биіктерден	көрініп	17
биіктерден	көріне	16
биіктерден	көрінсін	2
айтқанда	мен	16
демей	ақ	18
звандаған	жоқ	11
звандаған	кезде	15
автор	автор	18
алсақ	деп	18
алсақ	қалай	17
алсақ	болады	18
алсақ	болама	13
әпшем	бар	17
көрпе	төсек	18
көрпе	жамылып	15
звандаш	маған	18
болдыңба	?	14
қолға	алып	9
қолға	алу	15
қәзір	сен	17
ренжідім	саған	15
ренжідім	ренжідім	13
ведь	он	9
ведь	каждый	18
кетсен	кет	15
істедім	мен	16
шағала	қыз	18
шағаларың	қалай	10
шағаларың	аман	13
шағаларың	қызығын	11
шағаларың	аманба	16
еркекше	айтам	4
сасып	жатыр	18
сасып	кетті	16
сасып	кеткен	18
жеттік	аман	14
өтеді	деп	14
өтеді	!	18
өтеді	ғой	18
өтеді	екен	16
ішіндегі	жүрегім	16
ішіндегі	ең	12
ішіндегі	фирдаус	17
астынан	кір	15
сұлуым	менің	17
әркім	өзі	8
әркім	әр	9
әркім	өзіне	17
әркім	өзінің	16
әркім	әртүрлі	18
үшінші	адам	18
үшінші	күн	17
үшінші	күні	17
үшінші	рет	15
үшінші	мәрте	15
забыл	?	18
забыла	?	15
забыла	как	18
тағып	жүр	18
тілін	үйрену	18
ауыртып	жатыр	14
ауыртып	алдым	18
жүрсіңдер	?	15
жүрсіңдер	ғой	12
тұрыңыз	!	18
тұрыңыз	тәтті	18
жерім	жоқ	11
жерім	бар	17
жерім	болса	15
жерім	ауырып	17
физика	жаз	16
физика	математика	8
тапқан	ақшасын	16
шығармыз	деп	18
істейін	?	16
істейін	деп	14
істейін	енді	6
келдіңдер	?	17
қатысып	жатыр	14
қатысып	отырмын	18
қатысып	активность	18
ханшайым	ханшайым	15
деу	жоқ	17
деу	керек	17
алдағы	апта	5
алдағы	уақытта	16
сенсіз	қалай	6
сенсіз	өмір	18
сенсіз	қызық	10
апару	керек	17
жүреміз	деп	3
жүреміз	ғой	17
шаруам	жоқ	17
шаруам	бар	8
сенімді	адам	13
есімнен	шығып	12
зың	ғой	3
зың	зың	15
зың	күлпаш	10
ассаламағалейкум	!	16
ассаламағалейкум	қалайсың	16
ассаламағалейкум	жігіттер	15
ешнәрсе	керек	15
жатырсын	?	18
баланын	аты	12
акон	мал	18
жылды	жақсы	10
жылды	қалай	6
жылды	бірге	7
жылды	қарсы	17
жылды	тойлап	12
жылдық	болсын	17
айтқым	келіп	12
айтқым	кеп	12
айтқым	келді	14
айтқым	келген	17
айтқым	келеді	15
айтқым	келмей	14
айтқым	келмейді	18
айтқым	келгені	14
әпкем	бар	18
неткен	әдемі	17
неткен	керемет	17
неткен	сұлу	14
ғалым	аға	18
ассалямуалейкум	!	18
ассалямуалейкум	қалайсың	18
киімдер	бар	13
үшеуміз	ғана	14
солардың	қызығын	17
иесі	бол	16
иесі	болсын	15
ойлаған	едім	12
ойлаған	жоқпын	16
ойлаған	арман	16
жамандап	жатыр	13
мейрам	құтты	18
мейрам	кино	12
жания	тәте	18
жания	жания	2
ағайын	!	20
ағайын	туыс	15
ағайын	туыстар	11
сүре	алмаймын	17
ваши	дела	13
ертіп	алып	6
заң	жоқ	17
заң	бойынша	17
заң	жүзінде	15
асығып	кетіп	18
тойлап	жатыр	17
тойлап	жатсыңдар	18
келесіңдер	?	18
келесіңдер	ғой	12
шексіз	!	15
шексіз	болды	15
шексіз	махаббат	17
шексіз	шексіз	17
шексіз	сүйеді	16
жолдасы	болсын	17
казашка	?	10
төлей	алмай	11
кридит	бар	9
кридит	алып	18
жатқаным	жоқ	16
жатқаным	ғой	12
ақшаңды	алып	8
сертификат	алып	17
отырма	?	18
отырма	деп	13
жасайын	деп	16
жасайын	десем	4
тәуір	болып	17
тәуір	болды	8
тәуір	боп	17
тәуір	болдың	16
ішкі	жан	14
ішкім	келіп	12
ішкім	кеп	8
ішкім	келмейді	8
ескертіп	айтып	18
ескертіп	жатырмын	14
жекеге	шығып	16
жекеге	жазыңыз	17
жекеге	жібереміз	15
жекеге	шығыңыздар	18
суреттер	бар	15
суреттер	болса	14
бум	бум	16
бумага	ала	7
гта	сан	16
жазбаш	маған	17
сенші	?	14
сенші	маған	11
рахматуллахи	баракатуһ	17
киетін	киім	7
киетін	көйлек	14
жазасын	берсін	17
жазасын	беру	12
шыныңды	айт	16
шыныңды	айтшы	11
арыз	жазып	6
арыз	жазам	10
арыз	жазу	14
еріп	барамын	18
айқай	шығарып	200
айқайлап	жатыр	13
жасар	бала	14
жасар	қыз	14
мейрамбек	беспаев	12
жазамын	деп	18
қарайсың	?	13
қарайсың	ғой	8
күніге	бір	17
журіп	жатыр	18
қолымнан	келсе	16
қолымнан	ұстап	17
қолымнан	келмейді	18
қолымнан	келгенше	16
қолымнан	келгенін	10
шығуға	болады	18
шығуға	болмайды	16
шығуға	желания	16
жүректен	құттықтаймын	16
жомарт	жандарға	6
тамағы	бар	12
тамағы	ауырып	17
тамағын	ішіп	14
тамағын	беріп	15
тамағын	жеп	12
красный	бархат	18
өмірге	деген	17
өмірге	келген	11
өмірге	әкелген	17
өмірге	қадам	18
ануар	ануар	18
июнь	айына	2
июнь	июль	14
июнь	айының	15
горилла	алып	18
горилла	ішіп	16
астанадан	келген	15
айтылған	екен	17
айтылған	сөз	14
айтылған	сөздер	12
тілеп	отырмын	17
табысты	бол	16
табысты	болсын	12
табысты	жыл	10
табысты	болыңыз	10
табысты	болғың	13
ішуге	болады	14
ішуге	болама	14
ішуге	болмайды	18
бомай	тұр	15
жаның	ашып	14
жаның	жәннатта	17
жаның	қалсын	14
жағдайлар	болып	16
жағдайлары	жақсы	9
жағдайларың	?	7
жағдайларың	жақсы	17
жағдайларың	қалай	10
жағдайларың	жақсыма	10
тұз	жала	5
мұздай	су	18
мұздай	суға	8
бардық	қой	14
ех	өмір	17
вау	күшті	17
палау	істеп	15
палау	жеп	16
қашанға	?	17
қашанға	керек	18
қашанға	дейін	12
қызымды	алып	6
сөйлескім	келіп	16
сөйлескім	кеп	9
сөйлескім	келеді	13
сөйлескім	келмей	14
сөйлескім	келмейді	18
таразда	жарылыс	10
миымды	жеп	11
миымды	ашытып	8
мынадан	кейін	13
асылы	асылы	10
асылым	менің	1
шешім	қабылдап	17
шешім	қабылдай	13
жеттіңдер	?	18
уақытын	айтып	13
қойсам	болады	18
қойсам	болама	17
тәттім	менің	9
тәттім	тәттім	7
екеуміздің	арамыз	18
екеуміздің	арамызда	17
рф	мен	14
катя	апа	14
жоғалтып	алып	18
жоғалтып	алдым	18
жоғалтып	алған	11
жоғалтып	алудан	16
салуға	болады	18
салуға	болмайды	13
көзін	ашып	17
қалама	?	17
қалама	деп	17
көзге	кіммен	5
көзге	кімді	17
көзге	көрінген	18
кездесуге	қалай	17
шымға	барып	18
тауық	махаббат	16
анаған	мынаған	13
оқиды	деп	17
оқиды	ғой	17
оқиды	екен	17
бақыттың	базарында	16
бардыңба	?	2
қайту	керек	10
қайту	қашан	4
жоғалып	кетті	14
жоғалып	кеткен	13
жоғалып	кеттің	17
көрдіңба	?	11
жасты	екен	12
жастық	шақ	17
жастық	шақты	12
жастықта	әдемі	16
жастықта	қартайып	16
жастықта	қартайыңдар	13
жастықта	қартаюды	7
жастықта	қартайыңыздар	14
алаш	базар	14
алаш	аманаты	14
атан	басы	18
атаның	үйіне	14
атаның	үйінде	14
атаның	басына	17
артымнан	ерген	17
сияқтымын	ғой	16
пенсия	түсті	13
монета	бар	17
жиналыс	болып	3
жиналыс	болады	15
бізгеде	бұйырсын	16
бізгеде	жұғысты	17
ыз	еш	9
ыз	фанг	13
берсеңіз	жақсы	13
берсеңіз	болды	16
берсеңіз	болады	18
домбыра	күні	13
қалаған	кезде	13
қалаған	уақытта	17
қайным	екеуің	15
келіншек	бар	18
басқалар	сияқты	18
качество	жақсы	14
измена	жасап	17
қалдыңыз	ғой	12
келесін	?	15
сыйлық	алып	15
екеуіне	де	18
отпускаға	шығып	10
отпускаға	шықтың	8
кием	деп	16
ұтысты	алу	11
ұтысты	болыңыз	12
ұтысты	болыңыздар	12
қалмады	ғой	7
алдымен	жұмысқа	14
алдымен	комиссия	11
құрдастар	!	13
құрдастар	қалайсыңдар	10
байқамай	басылып	11
қоямын	деп	16
қоямын	ғой	16
күтеміз	!	17
түрің	бар	13
звандады	ғой	15
көлге	барып	18
көлге	барамыз	14
вами	?	16
эссе	жазу	14
поликлиника	да	17
несін	қосамыз	16
дегендер	бар	4
дегендер	болса	17
трактор	дима	17
асығыс	жоқ	12
асығыс	болып	14
асығыс	емес	18
асығыс	шешім	16
папаңа	айт	17
папаңа	айтып	16
аударам	деп	17
бергем	ғой	14
балалардың	қызығын	17
жанбо	жанбо	12
берсек	болады	1
берсек	болама	14
дейма	?	14
бабник	деп	14
кіреді	?	16
кіреді	ғой	17
кіреді	екен	17
білген	соң	16
білген	жоқпын	15
білген	боғыңды	13
қолдап	жүрсін	17
қолдап	қорғап	16
шайға	кел	16
шайға	шақырып	18
ағамның	туған	15
ағамның	қызы	17
ағамның	үйіне	18
ағамның	үйінде	17
саян	мадина	18
леди	диана	9
бишара	болып	17
бишара	боп	16
ойлағам	ғой	16
ертеңгі	күні	11
ертеңгі	күнге	11
ертеңгі	күнді	16
қарайтын	адам	17
қарайтын	ешкім	8
қарайтын	уақыт	16
мінез	бар	17
мінезі	жақсы	15
мінезі	бар	16
мінезі	жаман	16
мінезі	ит	16
ұнаса	болды	16
қасындағы	қыз	9
мағжан	жұмабаев	17
жинай	бер	17
жинай	алмай	13
кеңес	беремін	11
кеңес	берілді	17
алмаған	соң	15
танитын	адам	13
батып	кетті	12
батып	судай	17
көршілер	!	15
реніш	жоқ	13
реніш	болмасын	7
шыңғыс	хан	12
ертеңнен	бастап	15
костюм	шалбар	2
орындап	жібереміз	11
орындап	жіберіңдер	17
весь	день	15
весь	мир	10
сұмдық	болып	15
сұмдық	қой	18
садақа	беріп	13
садақа	қабыл	15
садақа	бергенге	12
кетема	?	15
кетема	деп	16
қайтайық	деп	8
ассаламуалейкум	!	10
ассаламуалейкум	қалайсың	17
ассаламуалейкум	жігіттер	13
дать	?	17
сіздердің	берген	13
оятып	алып	15
оятып	алды	17
оятып	жіберді	17
жарасып	тұр	17
жаба	алмай	6
оқымай	жатыр	16
түрім	жаман	12
түрім	мал	15
күтемін	!	16
жарыс	болады	16
думаешь	?	18
жатсынба	?	8
ұмытпа	!	10
өкініп	отырмын	16
біздеде	бар	16
біздеде	солай	18
тігіп	жатыр	18
көрінбей	тұр	18
көрінбей	кеттің	12
дыр	дыр	11
сандуғаш	апай	1
бармаймыз	деп	18
ұнатып	жүрген	12
басыма	бәле	13
басыма	шауып	17
салмай	жатыр	16
салмай	ақ	15
кушать	?	13
өзгеріс	жоқ	18
өзгеріс	бар	11
өзгеріс	болып	11
өзгеріс	болса	18
өзгеріс	барма	18
жаркент	жаркент	15
төлеймін	деп	7
тастадың	?	13
тастадың	ғой	14
есте	болсын	14
есте	сақтау	16
естелік	болып	13
ауырмай	аман	13
ауырмай	жүре	14
ауырмай	сырқамай	18
дәмі	қалай	8
дәмі	жоқ	16
дәмі	күшті	17
дәмі	жаман	14
назар	аудар	18
туыс	бауырлар	11
айтыпты	ғой	13
түрлері	бар	14
айтыңызшы	өтініш	10
сөзбен	емес	17
сөзбен	айтып	17
сөзбен	айтқанда	14
сөзбен	жеткізе	14
шығыпты	ғой	18
қолыңыз	бос	13
қолыңыз	тимей	7
қолыңыз	босамай	16
қолыңыз	босағанда	16
қолыңыз	боспа	13
қолыңыз	дерт	17
екенбіз	ғой	13
жасама	ешкімге	11
жасамай	тұр	1
жасамай	ақ	13
жасамай	қалды	16
ағаға	айтып	18
кеттіп	бара	15
кеттіп	қалды	12
жүзіңізден	күлкі	15
сөйлей	алмай	1
кездескен	кезде	11
жоқпыз	ғой	11
времени	?	13
бастан	аяқ	18
бермеді	деп	15
бермеді	ғой	14
айттын	ғой	16
талдықорған	да	16
тілейміз	!	14
суып	кетті	5
суып	бара	13
суып	кеткен	17
есің	дұрыс	15
есіңе	түсіп	9
есіңе	түсті	12
қоймайды	ғой	17
қоймайды	екен	12
қоймайды	екенсің	14
инстаға	кіріп	15
суретті	жіберші	16
шешем	деп	15
алдымда	адам	16
алгебра	дан	17
руың	кім	13
руың	қандай	10
айтпаймын	деп	4
айтпаймын	ғой	17
видеоға	түсіріп	16
сіздікі	дұрыс	7
сторис	салып	12
сұрайды	деп	17
сұрайды	ғой	18
сұрайды	екен	14
дәптер	бастаймыз	16
қызмет	етсін	16
қызмет	көрсету	15
дегеннен	басқа	15
дегеннен	кейін	15
екеуіңіз	бір	12
екеуіңіз	бақытты	11
екеуіңіз	бірге	11
белі	ауырып	13
белім	ауырып	10
второй	день	6
тентек	болып	16
тентек	боп	14
тентек	қыз	16
адаммын	ғой	16
жылай	береді	12
жылай	берме	14
сәуле	апай	16
кейбір	кезде	16
кейбір	адамдар	14
салауат	айтып	14
салауат	айту	12
бармайсың	деп	16
демеш	демеш	14
агностик	агностик	14
салмақ	қосып	1
жұмысым	жоқ	18
жұмысым	бар	14
возврат	жасап	11
белгілеп	қойдым	17
қырсық	қыз	17
менсіз	қалай	13
автобуспен	келе	17
автобуспен	бара	16
келуге	болады	17
амандығын	берсін	15
амандығын	берсе	3
звандаймын	деп	15
келіңіздер	!	14
звандадың	?	11
жазылған	соң	13
жеткізе	алмай	16
жеткізе	алмаймын	5
жеткізе	алмапты	14
емделіп	ал	9
емделіп	жатыр	15
емделіп	жатырмын	17
ашқан	жоқ	14
ашқан	жоқпын	15
жылағым	келіп	17
жылағым	кеп	6
жылағым	келеді	7
істесе	болады	15
істесем	екен	14
істесем	болады	12
орныма	адам	8
жаттығу	жасап	13
жаттығу	жасау	14
еле	как	14
еле	еле	17
егерде	мен	17
егерде	мүмкіндігіңіз	17
тастайын	деп	16
апама	жездем	9
барасынба	?	17
барасынба	деп	11
шаршама	жаным	17
түстер	көр	15
түстер	көріңіз	4
инабат	инабат	8
мамасына	айтып	16
говорить	?	17
лагерге	баратын	15
көрсете	алмай	17
көрсетем	деп	15
көрсетем	саған	14
назарында	бол	17
назарында	жүре	14
назарында	бақыттың	6
городе	?	6
жить	?	10
жить	без	17
мазақ	етіп	17
мазақ	қылып	15
жиі	жиі	7
қарағанды	да	13
қарағанды	облысы	16
қарағанды	сарағаш	16
ұстай	алмай	16
ішейін	деп	8
сұрадың	?	2
қалу	керек	12
қалу	деген	5
қалу	үшін	17
қалу	мүмкін	17
басшы	менде	16
басшы	өтініш	16
өмірің	ұзақ	14
адамдардың	бәрі	9
дап	дардай	17
етем	деп	16
тоймай	жүре	14
құсып	жатыр	4
құсып	ауырып	13
сөйлесу	керек	17
сөйлесу	үшін	4
алғыс	!	15
алғыс	айту	12
алғыс	айтамын	17
алғыс	хат	17
шақырды	деп	14
шақырды	ғой	15
жақсылықтарды	тілеймін	17
жақсылықтарды	тілейміз	2
сержан	братан	14
должна	была	16
должна	быть	13
аламба	?	11
аламба	деп	15
тісі	шығып	6
тісі	ауырып	14
тісім	ауырып	10
ерініп	жатырмын	6
ерініп	отырмын	12
тәрбие	сағаты	15
базарында	бол	16
базарында	жүре	17
базарында	алланың	8
будете	?	4
бейбіт	мал	10
бейбіт	жолмен	12
бұрыннан	бар	16
бұрыннан	бері	15
екеніңді	біліп	15
қуасың	сен	17
извини	за	16
извини	если	17
извини	извини	17
классно	!	16
бомж	болып	15
бомж	боп	15
айтпайды	ғой	13
қазақтар	барма	13
ешкімнің	реті	12
ешкімнің	басына	9
еда	?	15
калыныз	қалай	16
статусқа	салып	5
статусқа	қойып	11
жарасады	екен	13
бүгіннен	бастап	9
бүгіннен	қалдырмай	4
анаң	аман	13
анаң	үшін	14
анаңның	үмітін	12
анаңның	мақтанышы	5
заттары	бар	11
заттарын	алып	12
адина	где	11
сұрақтар	болса	13
сұрақтар	бойынша	16
тапсырыс	беріп	13
тапсырыс	берген	15
тапсырыс	беру	17
екеуінің	де	13
екеуінің	біреуі	17
екеуінің	біреуін	15
қалғандары	қайда	14
жазад	деп	16
сияқтысың	ғой	13
жылқы	еті	8
брон	жасап	17
денем	бәрі	14
денем	ауырып	14
денем	тітіркеніп	14
өмірден	шаршап	17
өмірден	өткен	16
өмірден	түңіліп	16
всю	жизнь	11
кездесейік	деп	10
голдта	жоқ	14
голдта	ақша	16
голдта	болмай	13
грантқа	түсіп	17
грантқа	түсе	11
грантқа	түсу	17
жігіттің	туған	17
ойда	жоқ	17
ойда	бар	16
ойда	жоқта	15
делает	?	14
делаете	?	10
айдай	сұлу	3
даусың	әдемі	16
даусың	естілмей	17
должны	быть	14
должны	были	12
көзіме	жас	13
көзіме	шөп	11
әріптестер	!	14
қолынан	бәрі	5
қолынан	ұстап	16
қолынан	май	15
басыңа	бас	17
басыңа	амандық	15
адамы	бар	16
адамым	жоқ	13
адамым	бар	17
әлемдегі	бар	10
әлемдегі	ең	7
әлемдегі	барлық	7
бардыма	?	8
біттіма	?	11
извините	за	11
қонып	жатыр	13
мешіт	жақта	16
единица	жоқ	17
единица	салып	14
единица	қылып	10
шешу	керек	16
шешу	үшін	6
нешеу	?	17
нешеу	бар	17
нешеу	керек	17
дария	ешек	14
ақырын	ақырын	16
босай	алмай	14
география	дан	12
возле	дома	17
ждать	?	14
машинаның	ішінде	12
ғұмырлы	бол	16
ғұмырлы	болсын	10
ғұмырлы	болыңыз	5
бойдақ	болып	15
бағы	ашылсын	15
әсіресе	аш	9
әсіресе	аш-жалаңаш	14
жазғам	ғой	11
тұмар	тұмар	13
нешеден	?	13
нешеден	бастап	14
шықсын	деп	14
келмеген	соң	13
шомылу	керек	16
шомылуға	барып	8
шомылуға	барамыз	16
салдырып	жатырмын	14
өмірім	менің	16
жазамыз	!	14
кілтті	алып	14
кілтті	тастап	12
айттымғо	саған	14
занят	?	14
занят	болып	9
күндік	жұмыс	15
күндік	күнделік	13
жатайын	деп	11
қажымас	қайрат	4
дело	?	1
барар	кезде	16
барар	едім	16
барар	жерін	9
уақытым	жоқ	10
уақытым	болмай	8
түріңді	ұмытып	12
түріңді	көргім	16
өнер	қырандары	17
бәрінің	көзінше	14
қойайын	деп	17
үлгермей	жатырмын	11
көтінді	қыс	12
көтінді	қысып	9
сәлде	болсын	12
сәлде	болса	6
сәлден	кейін	6
сәлден	соң	8
қыздардан	сұрап	4
тойды	жақсы	14
тойды	аман	14
тойды	өткізіп	12
военный	билет	12
айтпадың	ғой	12
кіретін	кезде	11
кіретін	болсаңыз	15
атына	сай	11
атына	заты	13
кейінгі	кезде	11
қаланың	ішінде	13
жату	керек	13
аминь	!	5
аминь	рахмет	15
аминь	аминь	13
жеу	керек	16
жеуге	болады	5
жеуге	болмайды	16
сырты	малға	15
қасыңа	алып	14
қасыңа	адам	16
қасыңа	барып	17
салдың	ғой	15
бекен	?	16
бекен	деп	17
какое	?	14
какое	время	14
жабу	керек	11
жабу	үшін	5
аптадан	кейін	16
аптадан	бері	8
аптадан	соң	15
аптадан	бастап	11
барасыз	?	13
әбіржіп	кеткен	15
әбіржіп	кеттім	17
қылды	?	15
қылды	ғой	15
қылдың	?	16
бетім	ісіп	13
бетіме	қарап	12
бетіме	басып	14
бетіме	баса	16
абысын	тату	16
жүрсең	де	17
жүрсең	болды	16
ирина	кайратовна	16
білдім	ғой	10
кек	алу	12
бонус	алу	13
бонус	курсы	16
тұрамыз	деп	17
тұрамыз	ғой	16
түсімде	сені	15
түсімде	көріп	14
түсімде	көрдім	17
шықтыма	?	14
сегіз	мың	10
сегіз	жарымда	16
балдарың	жақсы	14
балдарың	қалай	17
үйіңде	кім	13
қалсын	деп	15
қойдық	қой	14
әлди	әлди	15
қайтарда	алып	10
танымадым	?	15
колм	бос	11
колм	босамай	8
күнделік	кз	14
күнделік	толтырып	6
пападан	ақша	14
пападан	сұрап	17
гулять	?	14
үйрену	керек	12
көрдік	қой	7
кайдасың	?	15
қуады	екен	12
қуады	екенсің	9
жағдайын	қалай	14
жағдайын	сұрап	15
жағдайын	жасап	13
иіс	шығып	13
иіс	сабын	13
иісі	шығып	14
ненің	құрметіне	12
қаламыз	деп	13
қаламыз	ғой	16
ішейік	деп	15
бермейсің	?	6
бермейсің	ғой	12
бұлда	бір	15
каком	городе	11
баянды	болсын	11
баянды	бақыт	10
баянды	өмір	15
баянды	ғұмыр	13
қосу	керек	7
қосу	немесе	6
қайтайын	деп	14
күнімен	!	4
күнімен	құттықтаймын	15
күнімен	құттықтап	10
естен	шығып	17
естен	кетпес	6
ағама	айтып	14
нешесі	?	17
келеме	?	16
келеме	деп	8
келеме	екен	17
мұсылман	болғаны	17
милашка	боп	12
мәңгі	болсын	17
мәңгі	бірге	14
қойыңдар	деп	11
жүріңіз	!	17
завтрак	ішіп	13
бұрынғыдай	емес	11
кімдікі	?	11
куат	берсін	12
бастаған	соң	13
бастаған	шақ	17
есик	алдында	8
есик	алдына	12
жұлып	алып	14
бауырсақ	пісіріп	15
жазсын	деп	11
жазсын	!	14
танымайтын	адам	11
танымайтын	адамға	11
түсіре	алмай	14
куры	бар	11
келмейтін	болды	16
келмейтін	сияқты	15
бұған	дейін	15
оңбаған	екен	15
қайтады	деп	16
қайтады	ғой	17
қайтады	екен	16
сөйлесейік	деп	12
екенімді	біліп	16
алдынба	?	17
түркістанға	барып	11
көрер	едім	15
көрерміз	енді	12
тамағым	ауырып	16
жеме	деп	7
зиян	емес	17
авария	болып	14
авария	боп	13
авария	болған	16
алмадың	ғой	16
жолдарын	болсын	12
ойынға	кіріп	4
сендерден	басқа	17
тәтенің	үйіне	17
тәтенің	үйінде	12
мұхтар	әуезов	17
жібереміз	деп	13
бірнеше	күн	15
бірнеше	рет	14
готов	?	9
готов	готов	15
қосыла	алмай	17
қосыла	берсін	15
баламның	туған	5
баламның	жағдайы	15
көрінеді	ғой	11
көрінеді	екен	16
келгенін	айтып	11
ақырындап	жүріп	13
мамасының	баласы	11
бастау	керек	16
бастауыш	мұғалім	6
есіңде	болсын	13
есіңде	қалды	9
жазыпты	ғой	15
өскен	соң	16
өскен	сайын	14
шамам	жоқ	13
шамам	болмай	9
шамам	келмей	16
шамам	келгенше	15
бересіңба	?	15
вашей	жалоба	10
маусым	айының	11
инкар	мал	17
жала	жауып	11
ауырды	деп	11
вещи	для	12
азып	кеткен	15
азып	кетіпті	14
азып	тозып	17
апарады	екен	15
өмірдің	бар	15
өмірдің	өзі	11
өмірдің	мәні	16
білсін	деп	15
түсіне	алмай	16
түсіне	алмадым	9
жасына	жас	14
дух	вагон	5
нұры	жаусын	17
тамақтан	кейін	4
тамақтан	ұстап	11
тамақтанып	отырмын	13
болит	?	15
кездер	ай	13
кездері	жайма	13
мәселе	бойынша	11
орнында	болсам	16
тату	болса	12
тату	тәтті	16
есіктің	алды	12
есіктің	алдын	17
есіктің	алдында	14
есіктің	алдына	7
шықпайтын	болдым	10
өсіріп	жатқан	15
өсіріп	отырған	16
дәурен	катон	4
балалары	бар	15
выходной	?	14
ойнайық	деп	16
сөйлеспе	деп	16
сөйлеспей	ақ	12
алдынғы	күні	11
алдынғы	жылы	15
тіркелген	каспи	12
тіркелген	адамға	12
тіркелген	жанға	11
ұнайтын	бала	14
ұнайтын	қыздар	13
тілектер	қабыл	16
тілектерің	қабыл	5
тілектерің	орындалсын	3
тілектеріңіз	қабыл	11
болдыңыз	?	2
болдыңыз	ғой	12
ойыншық	емес	15
шығасыз	?	13
видеолар	бар	11
айтқанын	істеп	15
қызығып	кеттім	16
вышла	?	15
апаратын	адам	12
сұрастырып	жатырмын	13
сұрастырып	көрейін	14
кірдің	бүгін	11
жіберсең	жақсы	15
жіберсеңіз	жақсы	15
жіберсеңіз	болады	15
ауырған	жоқ	16
ауырған	кезде	14
ауырған	соң	17
білесіңба	?	16
мазалап	жатыр	10
мазалап	жүр	16
мазалап	жатқан	15
мазалап	жүрген	14
возможно	?	15
жүруге	болмайды	17
жүруге	желания	14
мазаң	болмай	14
мазаңды	алып	10
мазаңды	алмаймын	10
мазаңды	алсам	12
мазаңды	алмайын	13
офицант	керек	15
офицант	болып	13
офицант	боп	13
дипломы	құтты	17
дикош	дикош	2
кештеу	барам	16
шаң	болып	14
шаң	шаң	13
сату	керек	15
асылай	әдемі	8
мұнда	сіз	9
мұндай	суық	14
таңдау	керек	16
матор	май	12
матор	каропка	16
телефонымды	алып	16
тастайды	ғой	12
телефонға	жауап	16
телефонға	қарап	15
түріне	қарап	17
алдыңдар	?	10
қоясың	ғой	15
аяп	кеттім	11
таратып	жатыр	12
таратып	жіберіңіз	17
казахский	?	15
барлығына	сәлем	16
даладан	келіп	17
нешедесің	?	16
нешедесің	нешедесің	11
бұның	кім	13
бұның	бәрі	10
бұның	бәрін	11
бұның	бірі	15
бұның	қасына	16
бұның	барар	10
ұзату	тойына	11
тәп	тәтті	15
тәп	тәттім	2
қазан	ошақ	13
естіген	жоқпын	15
апамның	үйіне	13
спам	спам	15
бұйырған	күні	13
бұйырғаны	болады	7
бұйырғаны	болар	12
сүйінші	!	9
сүйінші	сұрап	15
видел	?	15
видел	как	15
ойнайды	?	16
ойнайды	екен	16
мектептің	алдында	16
түнге	дейін	15
жылын	мен	8
жылын	құтты	8
жылына	бір	4
жылына	қанша	8
жылына	сәттілік	16
жылына	бастағанда	16
шұқылап	отырмын	10
көйлекті	киіп	15
ұйықтатып	жатырмын	16
оқисың	?	9
хиджаб	киіп	13
денсаулықтарың	жақсы	14
денсаулықтарың	қалай	9
денсаулықтарың	мықты	6
денсаулықтарың	жақсыма	10
денсаулықтарыңыз	жақсы	10
денсаулықтарыңыз	қалай	16
денсаулықтарыңыз	жақсыма	9
сөйлескің	келсе	3
сөйлескің	келмей	16
сөйлескің	келмесе	8
қарауға	болады	9
қарауға	уақыт	15
қарауға	шама	11
благ	!	16
благодарю	!	6
благодарю	за	11
благодарю	вас	13
сабақты	жақсы	13
шүкіршілік	етемін	14
қорықпа	қарындас	8
қозы	бар	14
қозып	жатқан	14
программа	бар	13
ұрлап	кетті	15
блокқа	салып	14
блокқа	қойып	13
блокқа	тығып	15
барайынба	?	11
барайынба	деп	11
шаруасы	жоқ	16
шаруасы	бар	13
шығарады	екен	11
қаламын	деп	12
қаламын	ғой	14
кетіріп	таста	16
кетіріп	тастадым	16
қайнап	жатыр	16
қайнап	тұр	11
ажырасып	кеткен	10
үшеуі	де	12
қалайын	деп	14
кірсем	болама	4
отырсыз	?	13
отырсыз	ғой	12
жақсылығын	берсін	13
жақсылығын	тілеймін	15
жақсылығын	нәсіп	9
взять	?	8
жуам	деп	11
табуға	болады	12
пісіп	жатыр	7
пісіп	кетті	12
бәрінде	бар	16
говорил	?	14
бергім	келіп	16
бергім	кеп	12
бергім	келеді	15
бергім	келмейді	10
түспеді	ғой	12
взаимно	!	14
взаимно	взаимно	16
шықпаймын	деп	14
мазамды	алып	14
мазамды	ала	10
мазамды	алма	16
мазамды	алмаш	12
қараймын	деп	13
битва	битва	13
какую	?	16
жүріңдер	!	13
ероха	ероха	14
қызымның	туған	4
қарамайды	ғой	13
күндеріңіз	құтты	13
күндеріңіз	көп	9
күндеріңіз	сәтті	12
күндеріңіз	сәттілікке	6
іздеу	керек	14
іздеу	керегін	6
қолыңнан	бәрі	11
қолыңнан	келеді	16
қолыңнан	келсе	13
кеттіңіз	?	13
кеттіңіз	ғой	16
жеңілдігін	берсін	10
тастапты	ғой	2
голдқа	ақша	14
голдқа	салып	14
ішеді	ғой	12
ішеді	екен	14
ашытып	жатыр	15
салайық	деп	15
отырамын	ғой	14
отырамын	сені	15
қызыңыз	бар	14
қызыңыз	барма	15
түсуге	болады	16
видела	?	14
видела	как	15
гос	акт	16
отырасың	ғой	16
ешкімде	жоқ	14
жарылқасын	!	8
әдемісің	ғой	8
аруна	аруна	12
жұрттың	бәрі	16
жұрттың	жеп	10
жұрттың	көзінше	10
райымбек	батыр	16
барамба	деп	16
екіге	дейін	6
екіге	бөліп	11
ашылады	деп	14
ашылады	екен	14
жолмен	ақша	14
хабарласыңыздар	!	16
машинасын	айдап	12
король	земли	15
жұмысыңа	сәттілік	3
жұмысыңа	табыс	6
істетіп	жатыр	14
ренжіген	жоқпын	16
үйлену	керек	7
үйлену	тойы	8
үйлену	тойына	16
ауыстыру	керек	15
қайтыңдар	!	4
қайтқан	кезде	13
қайтқан	күні	15
қайтқан	соң	12
қайтқан	күніне	15
жаңалықтар	бар	16
жаңалықтар	болып	12
жаңалықтар	көп	15
какого	года	15
какого	города	12
заявление	жазып	12
заявление	жазам	11
шағы	болсын	16
шағып	алды	7
тиеді	деп	14
тиеді	ғой	13
тиеді	екен	15
жаздын	?	16
тістеп	тістеп	14
судан	таза	15
малина	малина	14
жибек	жолы	12
өтірікші	болып	9
болницада	жатыр	15
беріледі	!	15
ойнау	керек	15
ойнауға	болады	7
ойнауға	болмайды	15
жыр	болып	16
жыр	болды	14
жыр	қылып	13
барғам	ғой	16
мұхаммед	оның	15
жемісті	болсын	16
кеткім	келіп	3
кеткім	кеп	8
кеткім	келеді	10
ризамын	саған	12
гарант	болып	16
гарант	арнур	14
барасыңдар	?	15
өссін	!	13
таусылып	қалды	7
сөйлесуге	болады	10
сөйлесуге	уақыт	16
сөйлесуге	желания	16
күлкілі	емес	15
балдарым	бар	12
түскі	ас	16
түскі	асқа	8
бастай	бер	15
бастай	алмай	13
екеуінде	де	16
аптасына	бір	15
аптасына	екі	11
аптасына	неше	15
каспийге	ақша	16
каспийге	салып	15
кетпесе	болды	15
кетпесе	болар	12
өлген	адам	16
гәп	құтты	14
айтама	деп	11
айтама	десем	9
құжат	керек	13
құжат	тапсырып	16
тіске	барып	16
тіске	барам	16
ренжітіп	алдым	16
ренжітіп	алсам	13
ұйықтайсың	?	14
мерседес	банан	12
боладыма	?	14
оқытып	жатыр	5
жұмысына	сәттілік	12
ирис	кто	13
ирис	инфа	4
адамдары	бар	14
активный	болып	16
активный	группа	15
активный	пиар	7
тәуекел	деп	8
тәуекел	етіп	14
деніңе	саулық	15
заблокировать	етіп	2
заблокировать	ете	8
голова	болит	16
видно	?	10
видно	же	16
жағдайларыңыз	жақсы	16
жағдайларыңыз	қалай	9
жағдайларыңыз	жақсыма	8
басам	деп	5
ақшалай	көмек	15
ақшалай	ұтыс	15
аламызба	?	11
аламызба	деп	9
уайымдамаңыз	бәрі	15
ұмыта	алмай	13
ұмыта	алмаймын	8
теріс	қарап	14
мақтап	жатыр	10
немерелер	қалай	11
немерелер	аман	12
немерелер	өсіп	13
сүйіктім	менің	8
монтаж	жасап	6
монтаж	монтаж	15
кетіңдер	деп	15
төлейтін	күн	14
мотоцикл	мен	12
шығасыңдар	?	14
дара	зат	10
өзіңізде	?	15
өзіңізде	қалай	16
азанға	дейін	15
айназ	айназ	6
батыс	қазақстан	2
алсаңыз	болады	14
сеніңде	жаңа	9
бұзық	болып	6
бұзық	қыз	14
бермеген	соң	15
тоқтамай	жатыр	15
қолымды	жуып	13
айтпашы	айтпашы	16
лиза	тауық	1
больно	?	5
екіде	бір	15
барсың	ғой	14
білгім	келіп	14
білгім	кеп	10
білгім	келді	12
білгім	келеді	15
көкпар	көкпар	9
жазбайсың	?	1
жазбайсың	ғой	16
естілмей	жатыр	13
естілмей	тұр	8
естілмей	қалды	12
ұлттық	домбыра	12
мотивация	беріп	14
декретке	шығып	15
сыртына	шығып	13
қатысты	емес	13
игілігі	мен	15
игілігіңе	ұста	2
игілігіңе	пайдалан	12
елу	мың	9
жақындаған	сайын	10
көптен	көп	5
көптен	бері	14
көптен	күткен	7
аңдып	отыр	11
жазасың	ғой	15
тамыз	күні	12
тамыз	айына	11
тамыз	айында	15
тамыз	айының	11
байлық	тілеймін	12
байлық	денсаулық	9
байлық	береке	11
байлық	әкелсін	14
жасасын	!	14
сөзіне	мән	10
ұлбосын	жүрегіңді	13
әңгімені	жіберіп	11
қарның	аш	15
қарның	ашып	13
қарның	тоқ	9
қарның	ашқан	16
түзу	болсын	13
түзу	болса	11
жазбасам	жазбайсың	15
күміс	алқа	12
сарағаш	!	14
қуырдақ	жеп	15
жақпай	жатыр	16
жақпай	тұр	15
жақпай	қалды	16
мәңгілік	болсын	13
мәңгілік	ел	13
өтпей	жатыр	9
өтпей	қалды	11
бітпей	жатыр	13
бітпей	кетті	7
қырық	бес	15
ғалымжан	жұқсыз	16
сағынам	ғой	9
маймыл	маймыл	16
баласының	туған	14
жұмыстар	қалай	15
жұмыстар	бар	13
жұмыстар	шығып	12
кондиционер	бар	14
аптаға	дейін	14
өлім	жазасы	14
өлім	жазасын	12
өлім	жазасына	10
екеумізге	де	15
азия	парк	15
айтқаным	ғой	12
шамасы	жоқ	11
тілінен	үй	16
каспии	голд	9
қолдау	керек	15
қолдау	көрсетіп	16
қамыр	жайып	12
крутой	бақыт	13
сүйген	адам	14
қызығына	тоймай	15
қызығына	бөленіп	2
араласа	бер	14
араласатын	адам	14
мендегі	саған	12
жүн	жүн	16
қойсаң	болады	11
ұзағынан	болсын	14
апарайын	деп	6
есіміңіз	?	8
есіміңіз	кім	11
арқа	сүйер	3
арқа	жарқа	9
айнура	айнура	13
жалын	отаным	3
дүниеге	келген	2
дүниеге	әкелген	11
игнорить	етіп	16
байың	бар	11
істемейді	ғой	16
істемейді	екен	15
үнсіз	қалдың	14
шапағат	шапағат	11
гоха	бот	11
деуге	болады	3
бойым	ұзын	13
қыйын	болып	16
қыйын	екен	14
күнен	кейін	15
күнен	бері	10
күнен	соң	11
күнен	күнге	15
жоқсыңба	?	9
сеніде	жаңа	9
тоғыз	жүз	10
тоғыз	жарымда	15
болсаңдар	болды	14
бересізба	?	12
анара	қанша	9
сөйлесетін	адам	15
берілген	көк	11
арласып	жүрген	14
егов	арқылы	15
аузыңа	ие	15
аузыңа	келгенді	14
репост	жасап	11
ердаулет	ердаулет	10
бермеймін	деп	11
әпер	деп	13
әперем	деп	8
әперем	ай	12
ұмытпай	алып	7
ұмытпай	ала	15
фаер	жаз	16
жауын	жауып	14
жауын	аласың	11
сыныпқа	барды	14
ақылы	бар	11
киімі	бар	11
киімін	киіп	14
балашаға	қалай	14
балашаға	аман	14
балашаға	аманба	13
білмейсің	ғой	9
ішпе	деп	13
қалауымен	болады	13
алмайсыз	ғой	15
еркем	менің	15
конкурс	қосып	12
келерде	нан	8
қатыны	бар	15
сөздің	қысқасы	14
сөздің	ашығы	14
шақырам	деп	15
гарантия	бар	11
ақшада	жоқ	14
ақшадан	хабар	11
ақшадан	қиналып	13
ақшадан	қысылып	14
қияр	помидор	11
монша	жағып	12
аспан	айлы	13
ілініп	кетіп	15
ілініп	кетіпті	15
ақшаның	бәрі	12
ақшаның	бәрін	13
ақшаның	реті	12
ақшаның	ыңғайы	14
өмірімде	бірінші	14
домалақ	бастар	12
жусан	банк	10
арманым	жоқ	10
жүрегімнің	жартысы	15
жүрегімнің	ішіндегі	15
жүрегімнің	иесі	9
заказать	?	12
боран	болып	10
өзіммен	алып	12
өзіммен	бірге	16
жұмыстасыңба	?	13
демала	ғой	5
демала	бер	15
демала	алмай	11
жайында	жазып	12
жайында	сұрайын	14
мамамның	туған	15
қыздарың	қалай	15
айтсаңыз	болды	15
көзіне	шөп	9
қалжың	ғой	14
жетсе	болды	7
забрать	?	14
тапсыруға	болады	9
қышып	жатыр	13
жатырған	жоқ	11
жоқсын	ғой	16
нұрлы	жол	15
нұрлы	нұрлы	12
году	!	12
лидер	красавчик	13
сабырлы	бол	2
тұрақты	жұмыс	10
арзандау	болса	12
суретіңді	жіберші	14
мамаңның	туған	7
барлықтарыңызға	!	13
барлықтарыңызға	рахмет	15
барлықтарыңызға	рақмет	13
барлықтарыңызға	сәттілік	15
айтсын	деп	12
шығарсыз	?	14
жатамыз	деп	14
алдымнан	шығып	16
балдардан	сұрап	14
қызбын	ғой	15
банкке	барып	13
встретимся	?	11
тақырып	бойынша	9
үйленген	соң	15
көже	істеп	9
көже	ішіп	15
сендім	саған	14
білесін	ғой	14
көрінбейді	ғой	15
қараңғы	болып	9
еп	ерте	14
астане	?	13
ант	етем	12
жексен	сені	14
жексенбі	күні	4
бетінен	сүйіп	8
бетінен	сүйдім	6
ортасына	дейін	13
ортасына	жетпей	15
орындалсын	!	12
каспийде	ақша	6
дедіңіз	ғой	14
түсінетін	адам	9
өлді	деп	9
өлдім	ғой	12
өлдім	ау	13
дейсіз	?	15
дейсіз	ғой	13
сәтін	салып	10
бетіңнен	сүйдім	10
оқимын	деп	4
менеджер	қыздар	12
үмітін	ақта	15
үмітін	ақтап	5
үмітін	ақтайтын	8
ашады	екен	13
жиырма	мың	15
жиырма	бес	12
ешкімнен	ештеңе	15
ешкімнен	кем	15
шаруаң	бар	13
шаруаң	болмасын	11
қасымдағы	қыз	10
ойлайды	ғой	12
ойлайды	екен	15
здоровья	!	15
уақытың	жоқ	14
уақытың	бар	14
уақытың	болса	15
кепка	киіп	11
болсыншы	деп	14
боди	массаж	14
бағжан	купи	7
кірми	жатыр	2
қайтесің	енді	14
балаңыз	бар	12
бармекен	?	15
үлгеріп	қалыңыз	12
үлгеріп	қалыңыздар	14
сатады	?	13
сатады	екен	14
тексеру	керек	12
горила	ішіп	9
қаласынан	боламын	15
демалысқа	шығып	8
кешіре	алмаймын	14
кешіре	гөр	14
айсұлтан	айсұлтан	15
мінезім	жаман	15
мінезім	ұнайды	15
сындым	өлдім	13
қызыңның	туған	15
қызыңның	туылған	10
қызыңның	қызығын	13
қызыңның	дипломы	13
апайдан	сұрап	14
едін	?	12
едін	ғой	13
әлеуметтік	көмек	12
сұрауға	ұялып	15
ортамызда	аман	13
ортамызда	жүре	12
ортамызда	ойнап	12
ортамызда	күліп	13
келдіме	?	10
кластастар	!	8
кластастар	кластастар	12
аягөз	аягөз	11
емеспіз	ғой	15
гель	для	13
ағайындар	!	7
бытшыт	болып	12
бытшыт	боп	9
қоямыз	деп	11
дір	ете	15
дір	дір	7
кезге	дейін	8
ваз	ыз	6
қояйық	деп	10
көзімді	жұмып	13
көзімді	жұмсам	12
ұстамайды	екен	12
отан	алдындағы	13
отан	соғысы	13
келмедің	?	15
келмедің	ғой	15
өшірдің	?	11
дедіма	?	11
бардыңдар	?	12
возможность	болса	13
үйім	бар	10
үйім	өлең	14
хайырлы	болсын	11
хайырлы	жас	11
хайырлы	білім	14
гауһар	жүрген	14
тұрсыз	?	5
тұрсыз	ғой	13
кетіңіздер	!	10
кетіңіздер	достар	14
туысқандар	!	8
жатырсыздар	?	13
беруі	керек	7
беруім	керек	8
күніңе	сәттілік	2
көзбе	көз	7
көзбен	көріп	1
көзбен	қарап	13
тіркеле	алмай	15
тіркеле	алмасаңыз	10
тіркелеміз	достар	13
тіркелеміз	қайтарамын	9
қожа	ахмет	7
жылаған	жоқ	12
өту	керек	10
өту	үшін	5
жасайсың	?	14
соғам	деп	13
жазсаң	жіберші	14
нұрсұлу	сені	14
тапсыра	алмай	6
кунің	құтты	15
журегім	менің	6
журегім	ауырып	14
бітірген	соң	14
емізіп	жатырмын	11
тегіс	аман	9
тегіс	аманба	7
жігітін	бар	8
жігітін	барма	14
мененде	жақсы	12
қоныс	болсын	12
қоныс	құтты	15
куйеу	бала	8
жазбайды	ғой	7
тұрайық	деп	15
суреттерді	жіберші	14
жакон	мал	10
жакон	мәлімет	2
жамал	еді	14
жамал	мүлде	6
жамал	романы	8
қыздарыңның	қызығын	14
керекпе	?	3
будеть	?	7
отыз	мың	15
болдыңдар	?	12
күйің	жақсы	11
күйің	қалай	15
күйің	жоқ	5
вопросы	?	10
ойлайтын	адам	10
пән	бойынша	14
қызарып	тұр	14
кеттіңба	?	12
алайыншы	деп	11
алайыншы	жүрегім	11
ертегі	айтып	11
адамсың	ғой	15
кетпейді	ғой	11
аллаһу	акбар	13
үйдегілерге	айтып	2
айттыма	?	14
сағынған	шығарсың	12
болушы	еді	13
бойың	қанша	6
бойың	неше	6
бойың	ұзын	14
скриншот	жасап	15
медосмотр	өтіп	9
даусым	шықпай	14
ойымда	жоқ	15
жүргім	келіп	13
жүргім	кеп	14
жүргім	келеді	13
жүргім	келмейді	12
бағанадан	бері	11
ештеңеге	желания	3
сөзімді	жерге	13
білмейтін	адам	14
жолыға	аламыз	15
өзіңізді	таныстырып	9
сұраққа	жауап	14
сұраққа	жауапты	5
здоровье	?	6
аласыздар	?	7
аласыздар	!	15
клан	?	14
клан	как	13
клан	босс	12
идет	?	15
жоқсыз	ғой	14
модель	керек	12
электронды	түрде	15
терезеден	қарап	11
градус	болып	14
градус	ыстық	14
балаларым	бар	14
балаларым	аман	15
балаларым	үшін	14
отбасыңыз	аман	15
отбасыңызға	амандық	2
отбасыңызға	баянды	3
қызсың	ғой	13
құрбан	айт	11
құрбан	айтта	4
көзіңді	ашып	14
көзіңді	жұмып	11
әкесінің	аты	13
әкесінің	атына	15
вакцина	алып	12
вакцина	алды	14
вакцина	алған	14
қырқынан	шығарып	12
қырқынан	шығару	14
палас	жуып	9
боласыңба	?	8
кепті	ғой	9
моншаға	түсіп	13
жасалған	соң	11
регистрация	жасап	14
жуайын	деп	13
затқа	заказ	2
көресіз	ғой	15
шашылып	жатыр	12
мегабайт	жоқ	10
мегабайт	бітіп	12
видеосы	бар	14
видеосы	барма	10
видеосын	жіберші	12
айтарым	жоқ	13
айтарым	бар	12
роман	жазып	13
тілден	үй	14
тілден	нешінші	10
шындықты	айтып	15
депте	айта	11
қолыңа	қуат	15
қолыңа	дерт	12
тұрмыз	ғой	13
мешать	етіп	12
бәрбір	аяна	13
амансынба	?	14
адресі	қалай	14
адресі	қандай	14
жолдың	асты	8
жолдың	бойында	14
қатыным	менің	13
кіруге	болады	14
кіруге	болама	12
малдар	қалайсың	15
кілті	қайда	13
душта	су	15
душтан	шығып	9
душтан	шықтым	12
жүрмей	ақ	9
еттің	ақшасы	14
еттің	ақшасын	12
гильдия	др	9
болдынба	?	2
жанға	сырты	10
қуырып	жеп	15
степендия	түсті	15
түрімді	реттеймін	15
валейкум	ассалам	15
жанадан	бері	2
жанадан	келген	15
занята	?	12
ұра	бер	6
баракатуһу	!	14
ойнама	мирас	12
қуандық	рахым	13
лайық	емес	10
лайық	емеспін	12
кетіпсің	ғой	15
үйретіп	жатыр	7
қуантып	жүре	15
қапа	болып	4
қапа	болма	10
қапа	болдым	13
тұрайын	деп	14
диета	ұстап	8
балапандар	қалай	14
балапандар	аман	8
жету	керек	14
жету	үшін	9
вышел	?	10
барына	шүкір	12
барына	аллаға	9
болындар	!	14
кеттіңдер	?	14
кеттіңдер	ғой	14
болмасам	кімді	13
келгеннен	кейін	14
сенбесең	өзің	6
жетем	деп	13
жетем	дегенше	14
жетема	?	11
тіркелу	керек	11
тіркелу	үшін	9
отбасым	бар	13
отбасым	аман	14
жібермейді	ғой	12
қызып	жатыр	12
бронь	жасап	11
қырып	жатыр	11
әженің	үйіне	12
әженің	үйінде	10
жасыңа	жас	13
келгелі	бері	2
дорогая	!	14
киви	лайм	13
мағына	береді	13
жіберуге	болады	11
қолымда	болса	12
минусы	?	14
шаңырақ	болсын	6
жылайды	ғой	14
есігі	ашық	14
есігін	ашып	10
есігін	жауып	12
есігін	ашқан	12
келесіздер	?	12
жасайсыз	?	10
тұрасыз	?	11
жазбады	деп	9
инстасы	бар	14
инстасы	барма	11
исі	шығып	11
киімге	ақша	12
киімге	заказ	13
жаусын	!	14
өкінішке	орай	8
күйеуге	шығып	2
жібергем	ғой	12
ханымдар	мен	13
ханымдар	!	10
болғаннан	кейін	12
адамың	бар	4
адамың	болса	12
адамың	барма	14
қабат	болып	14
қабат	кезде	14
клей	клей	13
жатсызба	?	2
табылады	ғой	8
жіберсін	деп	12
бағалары	қанша	12
жаттау	керек	9
ұнайсың	маған	9
аптаның	ішінде	11
аптаның	соңына	12
аптаның	аяғына	14
дали	?	14
жүрдік	қой	14
шашу	шашып	14
айтайынба	?	11
бәрімізге	жұғысты	10
төлейді	екен	14
айтпайақ	қой	14
айтпайақ	қойайын	9
бірлік	күні	13
сәйкес	келмейді	8
вальс	билеп	14
бақа	бақа	14
дәрет	алып	14
дәрет	алу	7
кастюм	шалбар	13
курсы	күніне	8
дегенмін	ғой	15
кетчуп	жақ	10
құп	болады	13
құпия	болмаса	6
шақырамыз	!	13
қасиет	жоқ	7
қасиетті	жұма	13
қасиетті	рамазан	4
қасиетті	қадір	14
ауырмасын	!	10
сарқыт	алып	13
айлығы	қанша	12
жауапты	ватсаптан	13
көрсету	керек	6
көрсету	үшін	6
киімдерін	алып	15
жатсай	палатаңа	12
бермедің	ғой	13
түсіру	керек	11
аузым	бар	5
аузым	ашылып	13
миың	ашып	13
қарайын	деп	10
көтеру	керек	10
көтеру	үшін	6
жұмысыңыз	қалай	12
закрытый	как	7
закрытый	аккаунт	8
кезден	бері	12
кезден	бастап	13
кетуі	мүмкін	8
кетуім	керек	5
кетуім	мүмкін	4
аулақ	жүр	11
өмірімнің	соңына	12
өмірімнің	мәні	4
ұнаған	жоқ	9
депрессия	болып	12
шығармай	жатыр	14
апарамын	деп	14
сенемін	ғой	12
келдіңіздер	!	13
келдіңіздер	құрметті	11
төлеуге	болады	13
төлеуге	болама	10
видионы	жіберші	14
взял	?	14
ұрсады	ғой	13
өткізу	керек	13
өткізу	үшін	5
кетесіз	ғой	12
косшы	все	14
қазығұрт	ауданы	12
оймен	қамқор	10
жұмыспен	қамту	7
сұрайтын	адам	9
говоришь	?	13
келейік	деп	7
ұйқысы	келіп	10
ұйқысы	кеп	10
жалған	өмір	13
білсең	болды	14
арасына	такси	14
кетейік	деп	13
ұсыныс	жасағанда	11
выйти	?	14
артта	жалғыз	13
айтын	ғой	13
тұмау	болып	14
тұмау	көп	11
тұмау	қатты	12
тұмау	жаман	12
города	?	13
готова	?	10
жөні	кім	13
жөнін	жазып	14
жөнінде	жазып	8
жылдың	алғашқы	13
туыстар	!	8
қабылдау	керек	13
аралығында	каспиге	12
отырайын	деп	14
октябрь	де	8
айттымғой	саған	11
ерсін	мал	14
қаным	басыма	9
қанымды	ішіп	9
жерлер	бар	6
ждем	вас	9
калмасын	деп	14
бояу	керек	10
кеткенба	?	12
сұрама	мен	14
асырап	алған	13
белестерден	көріне	14
қатыса	алмаймын	1
тазалау	керек	13
аяғың	қалай	7
аяғың	ауыр	11
демалу	керек	12
білеміз	ғой	4
болашағы	жарқын	12
апарамыз	деп	3
әттең	ай	12
сүріп	болған	14
осынша	уақыт	14
ұйықтау	керек	13
зарядкам	аз	4
ұнайма	?	14
ұнайма	саған	10
ойлар	мазалайды	14
қосылған	сайын	12
жазғы	демалыс	14
жазғы	мектепке	8
кондёр	бар	7
құты	болсын	10
құты	болсың	6
әпшенің	үйіне	4
өтінемін	кешір	10
өтінемін	сізден	13
өтінемін	өтінемін	13
барыс	жыл	14
барыс	жылы	10
барыс	жылында	7
барыс	жылымыз	7
ұйықтаған	жоқ	12
ұйықтаған	жоқпын	12
беске	дейін	10
беске	оқы	11
тыңдай	алмай	14
тыңдай	алмаймын	12
абду	мал	11
бармайсын	деп	4
қиындау	болып	12
қиындау	екен	10
қиындау	болады	14
өлтірем	деп	14
сорри	сорри	14
тұруға	болады	14
толықтай	сіздің	14
толықтай	тексеруден	9
көйлектер	бар	9
заты	бар	11
заты	сай	14
басымнан	өткен	10
сөйлейді	ғой	10
тағдыр	дегенді	14
түсінемін	ғой	4
ату	керек	10
ату	жазасын	10
нұрхан	физика	12
таныстырып	өтсеңіз	4
түсінбейді	ғой	13
кіндік	мама	12
жағдайға	қарап	14
жағдайға	байланысты	14
жарқырап	жүре	11
жарқырап	жайнап	7
есіне	түсіп	14
нәтиже	сабақ	11
шаршатып	жіберді	12
азаматша	болсын	9
азаматша	болып	6
айлықтан	хабар	4
районда	тұрасың	12
амалын	тауып	9
дерт	көрмесін	9
дерт	бермесін	5
аңсар	мал	11
сөзден	кейін	13
жасаңыз	!	10
аяз	бір	9
аяз	ата	6
әдет	болып	10
әдет	боп	10
аделя	жауап	13
нәрселер	бар	10
гранд	парк	14
крыша	кз	12
ақтап	жүре	13
ақтап	биік	14
өтсе	болды	10
керім	болып	14
құдайдың	өзі	14
құдайдың	берген	13
құдайдың	көзі	13
заправка	жасап	13
тіркеу	керек	14
шөбере	сүйіп	8
шөбере	шөпшек	10
болмау	керек	10
барғысы	келіп	4
барғысы	кеп	8
барғысы	келмей	11
тамағыңды	ішіп	13
тамағыңды	іштің	9
атымен	ант	12
даусыңды	естіп	9
даусыңды	естігім	12
чекті	маған	10
баяғыдан	бері	8
бөлмеге	кіріп	10
кереу	емес	14
аква	парк	13
қақсап	жатыр	9
жүрекке	әмір	12
айлыққа	дейін	13
күнгі	тілеген	9
кеткеннен	кейін	12
өздеріңе	де	7
сұрағалы	жақсы	10
сұрағалы	күшті	6
күту	керек	10
бибігүл	бибігүл	5
шарт	емес	4
түсінген	жоқпын	10
беріпті	ғой	11
болмаймын	деп	13
армияға	барып	14
армияға	кетіп	13
көруді	алла	13
көруді	аллам	7
көруді	нәсіп	12
тэхён	тэхён	6
романтик	романтик	9
ұстайды	екен	8
дайындала	бер	14
жетісіп	жүрген	9
жетісіп	тұрған	10
купил	?	10
купила	?	13
мерекең	құтты	13
қабылдай	алмай	1
әкелсін	!	14
түсеміз	деп	8
білуге	болады	13
білуге	болама	7
алыңыздар	!	12
құтыла	алмай	12
жібересізба	?	3
амандықта	болайық	8
хабарласпай	кеттің	6
қорқатын	болдық	9
көңіліңе	алма	11
күттім	ғой	12
жылың	мен	11
жылың	құтты	11
жылыңмен	деп	2
жылыңмен	!	19
жылыңмен	жаным	4
жылыңмен	жаңа	11
жылыңмен	досым	18
жылыңмен	бауырым	21
жылыңмен	құттықтаймын	19
еселеп	берсін	14
жүрдің	ғой	14
алланын	берген	12
қалмайды	ғой	11
әкеледі	деп	12
нұрсая	берік	14
амансызба	?	9
іздеген	адам	8
салмағы	қанша	13
сұрағым	бар	8
көмектесе	аласыз	6
ескерту	керек	12
жазуды	ұмытып	13
маңғыстау	облысы	10
папамның	туған	11
ренжімеңізші	өтініш	14
бердіма	?	14
жаздыма	?	10
жаздыма	деп	12
декабрь	де	14
будильник	қойып	13
басу	керек	12
өздеріңде	қалай	7
көзді	ашып	13
көзді	жұмып	10
қорғап	жүрсін	12
сұрамай	ақ	12
жалғызым	менің	8
банға	кетті	7
банға	кетіп	14
білсем	болама	14
знаете	?	11
затын	алып	11
фотасы	бар	12
фотасы	барма	12
фотасын	жіберші	9
жазасыз	ғой	10
күлкім	келіп	12
күлкім	кеп	10
күлкім	келеді	9
интернеттен	қарап	13
төркінге	барып	13
кілтін	алып	11
калың	қалай	12
калыңыз	қалай	5
будан	кейін	3
ақжан	ақжан	13
ыстығы	шығып	11
сағаты	қанша	11
заттарым	бар	9
заттарымды	алып	9
таргет	реклама	10
тапсырманы	орындап	12
тапсырманы	орындаймыз	12
орындау	керек	10
ниетің	қабыл	10
ниетіңе	рахмет	3
ниетіңе	рақмет	8
ниетіңе	жет	13
мансұр	мен	10
естімей	қалыппын	11
түсіме	кіріп	11
түсіме	кірдің	10
әйелің	бар	10
білдің	?	12
сапасы	жақсы	13
сапасы	өте	10
қолма	қол	13
күйім	жоқ	2
күйім	болмай	8
күйім	түсіп	10
бармыз	ғой	14
өзіңеде	құтты	12
өзіңеде	қайырлы	14
өзіңеде	жаңа	13
ұстайтын	жерге	6
қадап	кетті	13
жинаймыз	деп	14
дәрісі	бар	14
дәрісін	алып	10
дәрісін	ішіп	14
ашуға	болады	13
алғансың	ғой	11
асқазан	ауырып	11
жасайық	деп	14
көріңіздер	!	12
ренжімеймін	ғой	8
түсіндіре	алмай	10
түсіндіре	алдым	10
сақтай	гөр	14
алайынба	?	13
жеткізу	керек	11
жеткізу	мүмкін	10
түсінесің	ғой	14
ұрпақ	болсын	14
ұрпақ	қызығын	13
планы	?	9
айттыңба	?	11
брать	?	12
бетіңе	қарап	10
еңбегің	жана	13
еңбегің	жемісті	11
ордабасы	ауданы	6
қателесіп	кетіппін	14
біреуің	бар	10
естіліп	жатыр	11
естіліп	тұр	12
орындала	берсін	8
ораза	бітті	3
ораза	біткен	9
ораза	бітсін	9
мінезің	қандай	9
ауданға	такси	13
табалмай	жатырмын	9
есімді	жиып	12
шықтыңдарма	?	13
екенсіңдер	ғой	7
анасының	көз	11
анасының	мақтанышы	13
анасының	айтуынша	12
атыңыз	кім	13
іштері	пысып	4
іштерің	аман	11
іштерің	аманба	13
қалуы	мүмкін	5
қайран	жастық	4
жөтел	бар	12
евразия	банк	13
атасының	баласы	13
демедім	ғой	13
пенсияға	шығып	13
тұсау	кесер	12
тұсау	кесу	5
соткамды	алып	14
ертесі	күні	14
ападан	сұрап	9
отырсыңдар	?	12
берейінба	?	12
ерніңнен	сүйіп	8
ерніңнен	сүйдім	12
дайындай	бер	8
құттықтаймыз	!	11
қылыш	ақымақ	5
айттыңыз	ғой	1
секунд	сайын	11
жұмыстары	бар	12
түсіпті	ғой	12
өткізе	алмай	12
болғай	!	11
сағындық	қой	7
қарастырып	жатырмын	11
дедік	қой	12
жұмаға	дейін	11
қосамыз	адам	13
жалаң	аяқ	10
істер	екен	4
істер	едің	14
әркімге	бір	12
ұйықтайтын	кезде	12
шығыс	қазақстан	13
жұмысыңды	істе	11
бетпе	бет	14
екеуіңе	де	1
өкпе	жоқ	13
өкпе	реніш	11
ойлайсын	?	14
ұстаған	оразаңыз	11
пластик	терезе	10
нешесіне	дейін	11
жатырсыңба	?	7
жалғасы	бар	6
ташкентке	барып	12
ашумен	айтып	12
руын	қандай	14
сатамын	деп	8
миыңды	жеп	13
миыңды	ашытып	13
жазғаным	үшін	10
куліп	ойнап	12
фотаға	түсіріп	13
форте	банк	7
мақсаттарың	орындала	10
мақсаттарыңа	жете	6
мақсаттарыңа	жетуіңе	5
дәрігерге	қаралуға	6
жетуіңе	тілектеспін	13
арнур	мал	2
арнур	бекжан	12
нанға	ақша	6
қазалы	қазалы	9
көтермей	жатыр	13
басымыз	аман	9
хабарласамыз	ғой	11
жайнап	жүре	12
жайнап	құлпырып	6
ауылым	алтын	12
еміп	жатыр	13
заңды	түрде	8
тіркелші	өтініш	9
әуелі	алла	11
әуелі	сырт	9
жарко	?	5
жетсін	!	12
должно	быть	10
бостан	бос	5
бостан	босқа	6
түннің	бір	7
түннің	тыныштығын	7
түннің	ортасында	11
түннің	жарымында	14
жатар	кезде	11
қорқыт	ата	11
асу	керек	6
айтуы	бойынша	10
айтуым	керек	4
идти	?	3
ұлпа	қарын	13
жеңілдік	бар	1
жеңілдік	бойынша	13
бәлкім	сағынған	13
жүргенім	жоқ	13
соткасын	алып	12
аллахым	разы	13
аштан	аш	10
жөтеліп	жатыр	10
жөтеліп	жүр	13
қуана	қуана	13
жетісу	облысы	7
құнанбаев	абай	11
көшенің	басында	1
көшенің	басына	13
естігім	келіп	13
естігім	кеп	7
бармайақ	қой	11
банядан	шығып	11
майлы	тамақ	13
қытайдан	келген	13
қытайдан	заказ	13
жиналамыз	?	11
жиналамыз	деп	13
қалуым	керек	13
қалуым	мүмкін	12
қошқар	ата	4
қошқар	атаға	11
орындар	бар	10
көргің	келіп	6
көргің	кеп	11
көргің	келсе	12
бедің	?	12
тіркеліңдер	лайк	9
тіркеліңдерші	өтініш	5
тіркеліңдерші	қайтарамын	12
баршамызға	разы	6
томп	мал	11
матасы	қандай	3
көңіліне	қарап	10
жатсыңдарма	?	9
барыпты	ғой	7
болуды	нәсіп	11
қазақстанның	ресей	8
мәні	жоқ	12
қызықсыз	болып	13
тәуке	хан	10
союз	?	11
көрсек	қалай	11
көрсек	болама	12
көппа	?	13
ыңғайы	болмай	11
ыңғайы	келсе	10
ыңғайы	келмей	9
кеткенсің	ғой	12
бітіре	алмай	12
айтарымды	білмей	8
копировать	етіп	7
жүргендер	бар	6
жүргендер	жазыңдар	12
балаларың	аман	12
балаларың	бақытты	12
карандаш	для	12
әлім	жоқ	11
дипломың	құтты	13
көптеген	адамдар	2
кешіріңізші	мені	9
кешіріңізші	ажар	12
кешіріңізші	кешіріңізші	3
достарың	көп	12
тартпай	жатыр	12
тартпай	тұр	12
добавить	?	13
күніміз	сәтті	13
лада	гранта	8
аудару	керек	11
көрмесін	!	5
шақты	еске	12
қалғым	келіп	12
қалғым	кеп	11
қалғым	келеді	11
қалғым	келмейді	12
дайындалу	керек	11
сөзіңе	жауап	4
жаксымыз	шүкір	10
бекет	ата	11
далеко	?	12
білгеніңді	істе	12
білгеніңді	істеп	8
фатиха	сүресі	11
фатиха	сүресін	10
выйдет	?	13
басқаны	жақсы	11
саумал	ішіп	12
допты	алып	10
кешелі	бері	13
алмайма	?	2
етуге	болады	12
алмайын	деп	13
дедін	ғой	5
лига	играть	13
биші	қыз	4
қоюға	болады	13
өртеніп	жатыр	10
бітетін	болды	11
бітетін	түрі	11
коментарий	жазып	13
коментарий	жазамыз	11
бесікке	бөлеп	10
істегім	келіп	12
істегім	кеп	9
қанбай	қалды	11
взяла	?	11
үйрене	бер	12
үйрене	алмай	11
загрузка	болып	7
загрузка	боп	8
түсінеді	ғой	13
кішкентайлар	қалай	13
кішкентайлар	өсіп	8
боласынба	?	12
арта	берсін	10
калайсыңдар	?	7
жұмыстарың	қалай	9
танысым	бар	8
түсінде	мені	10
ақысы	қанша	11
келдіңбе	?	9
алмате	?	8
жердесің	?	12
айтқың	келіп	8
айтқың	кеп	9
замуж	за	12
бериін	деп	12
жолама	деп	10
живот	болит	12
сабағын	жақсы	10
сабағын	бастаймыз	11
білесіңғо	білесіңғо	13
жұмыспа	?	2
кандёр	бар	9
апрель	май	10
газдың	бағасы	10
айтпаяқ	қой	12
сұйық	тамақ	10
сұйық	май	13
намыс	жоқ	7
қадір	түнін	12
қадір	түніне	3
қадір	түнінде	12
емін	алып	11
емін	еркін	13
емін	алар	5
болары	қанша	10
аққу	аққу	8
кішкентайдың	бауы	11
жатқым	келіп	1
жатқым	кеп	6
жатқым	келеді	9
шығармашылық	табыс	12
алдымызда	аман	10
етемін	!	7
шаршадың	ғой	10
келгенді	айтып	12
алдыңызба	?	12
алдар	көсе	6
түсініксіз	болып	8
алоу	алоу	11
знакомы	?	10
көремғо	сені	3
шұбат	бар	12
абыр	сабыр	12
абырой	берсін	3
ойлану	керек	8
көтерші	жан	3
барсыңба	?	1
балаңның	туған	10
балаңның	туылған	10
выйдешь	?	13
вакансия	бар	5
вакансия	барма	12
вакансия	бойынша	12
бүтін	болсын	10
бірінен	кейін	9
бірінен	соң	12
бірінен	бірі	9
бірінен	бастап	11
ехать	?	13
көпке	топырақ	11
ауырғаны	басылды	9
заказым	бар	11
заказым	келді	12
табылып	жатса	12
табылып	қалар	13
көресіңба	?	10
сұрағаным	ғой	10
тиетін	сөз	6
тиетін	сөздер	11
қоясыз	ғой	13
басталған	жоқ	12
аздау	болып	12
амансындарма	?	10
мәдениет	үйі	10
ойлау	керек	13
қорқамын	десеңіз	6
салонға	барып	12
таксиден	салып	13
таксиден	беріп	7
мұқият	бол	13
пдф	форматта	12
ертеңде	күн	11
апарсам	болама	12
көкенің	үйіне	13
барайықшы	деп	13
ашуым	келіп	10
группасы	бар	11
кеме	кел	10
сейфуллин	көшесімен	1
квитанция	жібере	1
ғашығым	менің	11
қазыбек	би	8
ұстау	керек	7
айттық	қой	6
ұйықтадың	?	10
баратындар	бар	9
баратындар	болса	12
баратындар	барма	10
ақылдым	менің	11
дәптерге	жазып	8
дәптерге	жазамыз	9
асыға	күтіп	7
асыға	күтем	9
асыға	күтеміз	11
асқазаным	ауырып	13
отбасын	аман	5
отбасына	амандық	9
береме	екен	10
келуі	керек	12
келуі	мүмкін	10
сіздермен	бірге	9
анасына	сабыр	11
жайдан	жай	10
кезің	болды	1
кезің	болдыма	10
майы	бар	9
қамқор	болып	12
дүкенге	барып	12
дайындау	керек	11
жатқандар	бар	6
ауырдым	деп	10
кірейін	деп	11
аптекаға	барып	4
келісім	бар	9
келісім	шарт	11
даник	где	10
қайтеміз	енді	11
ақшаңыз	бар	8
ақшаңыз	болса	12
алуды	ұмытып	10
зын	зын	11
мұқағали	мақатаев	10
жағдайым	жақсы	7
жағдайым	болмай	11
әлхамдулиллаһ	жақсы	13
әлхамдулиллаһ	шүкір	10
зарядкаға	қойып	8
мамаңнан	сұрап	7
жолым	болмай	10
мектептегі	тапсырманы	11
пойызға	билет	11
келесізба	?	11
шығарамыз	деп	8
қосылмай	жатыр	12
қосылмай	тұр	11
жерлері	бар	12
жерлері	жайлы	11
ертеннен	бастап	12
сөйлесейін	деп	3
аяқты	көтеріп	6
отбасылық	бақыт	12
мұрны	ағып	12
тісімді	емдетіп	12
шабыт	админ	13
шабыт	шабыт	3
авада	тұр	10
қартайыңдар	!	11
жазғаныма	кешірім	7
жазғаныма	айып	8
дақсы	жақсы	13
тарту	керек	9
шамамен	қанша	7
құрш	бар	12
болғың	келсе	12
қарасы	көп	8
итке	тамақ	4
кімсін	?	12
деніңізге	саулық	9
қуанышы	болсын	3
қуанышы	болып	12
жібересізбе	?	5
кешегіден	кейін	7
затым	бар	10
бітіру	керек	10
айнагүл	айнагүл	4
алмайсыңба	?	12
құлағым	ауырып	10
құдайы	тамақ	12
кімсіз	?	9
сөніп	тұр	6
сөніп	қалды	10
куә	нан	11
қораға	кіріп	4
хабарласқан	жоқ	11
жақсыларым	!	9
минимум	вид	11
көрмегелі	көп	8
көрмегелі	біраз	7
ыстыққа	шыдай	11
грип	болып	11
грипп	болып	9
білема	?	8
бітпейді	ғой	13
бітпейді	екен	11
спрей	для	11
аманатым	менің	11
саусақ	бірдей	7
мазасын	алып	10
көшейік	ақтауға	9
тізім	бойынша	1
бардынба	?	11
нөміріңді	берші	11
ұқсамайды	ғой	9
қаражат	керек	11
қаражат	жеткізе	12
қаптап	кетті	10
қоңырау	жазыңыз	11
айтушы	еді	9
айтушы	болма	10
білмеген	адам	11
білмеген	соң	12
ауылдық	округі	12
всмысле	?	9
всмысле	всмысле	19
жарайсыңдар	!	1
жыбыр	жыбыр	8
түсіну	керек	6
түсіну	қиын	8
түсінуге	болады	11
давлением	түсіп	6
давлением	көтеріліп	11
идеи	для	6
армандар	орындалады	8
армандары	орындалсын	6
армандары	орындала	6
армандарың	орындалсын	8
армандарың	орындала	6
интересует	?	7
бетімді	жуып	7
жараспайды	екен	11
жіберіңдерш	осы	11
ішпеймін	деп	2
ойнаймын	деп	12
қосайын	деп	12
рахман	рахман	11
көңіліңді	түсірме	8
қойдыңыз	ғой	12
темірхан	сені	11
сөйлеу	керек	2
есімін	де	8
есімін	кім	11
таңнан	кешке	7
таңнан	бері	6
салмадың	ғой	7
дүниеде	де	10
дүниеде	өзіңді	11
жіберіңіздер	!	4
жиналыста	отырмын	12
адресті	жазып	11
құжаттар	керек	11
шаршау	басылды	11
түсейін	деп	12
қадірлі	қонағы	3
қуатты	бол	3
қуатты	болсын	11
барыңдар	деп	12
суреттері	бар	12
суреттері	болса	10
суреттері	барма	11
жарымға	дейін	11
атаңның	басы	6
идей	для	9
қонағы	болыңыздар	11
қонағы	болуға	10
демон	дорама	4
істерімді	білмей	12
істерімді	білми	4
температурасы	көтеріліп	12
жарығым	менің	9
звонил	?	9
болғаның	құтты	7
болғаның	үшін	10
тапсырмасын	айтып	10
тапсырмасын	жіберші	7
аударайын	деп	11
ішіме	кіріп	11
ішіме	сыймай	11
шығаруға	болады	11
әлемнің	бар	11
мақтанышы	бол	6
мақтанышы	болсын	6
мақтанышы	болып	11
оңынан	болсын	7
еліне	елеулі	6
жазғым	келіп	12
жазғым	кеп	11
денесі	тоңып	12
толтыру	керек	4
алдыннан	бері	5
жабам	деп	6
жүкті	кезде	9
қоймасын	деп	12
қарызы	бар	11
қарызым	бар	8
қарызым	қанша	8
жастары	ұзақ	11
шапқылап	жүре	8
мұқтаж	болып	7
мұқтаж	боп	9
мұқтаж	жанға	10
алдыңдарма	?	11
көлемінде	комиссия	7
көлемінде	комиссияның	7
көмектесем	деп	7
жүрсіңбе	?	11
звонила	?	7
патшам	менің	7
түріңнен	сенің	10
рабиға	деп	10
құлыным	менің	9
жағдайымды	жасап	10
қылу	керек	12
дегім	келген	5
салар	едім	10
уақыттан	кейін	10
уақыттан	бері	9
өлейін	деп	8
балапанның	туған	1
балапанның	туылған	7
балапанның	бауы	12
балапанның	еміне	10
танымал	хобби	9
жылтыр	көйлек	10
жұмада	тілеген	10
үзіліп	кетті	8
нестейін	деп	10
барсамба	деп	10
дедімба	?	3
тонна	шабыт	10
жасайма	?	5
материалы	қандай	11
алғысы	келіп	11
алғысым	шексіз	9
бергің	келеді	3
аузынды	жап	11
ұрды	деп	10
ауылдастар	!	12
болуым	керек	11
байдың	қызы	4
байдың	баласы	12
таңдай	алмай	11
ақпан	күні	9
ақпан	айының	8
барым	осы	11
жылдар	бойы	10
ағадан	сұрап	11
көмегің	керек	11
тастауға	болады	3
қыдыру	керек	11
жазама	деп	8
қаңтар	күні	8
қаңтар	айының	10
намазын	оқып	12
керексіз	бағасы	9
көрсеңіз	болады	9
бөлексің	ғой	11
жылдарың	мен	10
жылдарың	құтты	15
жылдарыңмен	!	1
жылдарыңмен	құтты	5
жылдарыңмен	қыздар	17
жылдарыңмен	жаңа	19
жылдарыңмен	құттықтаймын	20
шамалыдан	кейін	6
шамалыдан	соң	4
сақтау	керек	10
өшіру	керек	11
өшірулі	тұр	6
жамағат	мен	10
жамағат	сіздерге	9
мәнісі	болар	8
жібермедің	ғой	4
делал	?	7
делала	?	11
сілтеме	арқылы	12
оқуда	озат	9
жексұрын	болып	6
жазыңыздар	!	9
деуші	еді	9
деушілер	болса	7
жұмысыңызға	сәттілік	4
жұмысыңызға	табыс	5
коко	коко	10
ұлассын	!	10
түсіреді	екен	5
жасату	керек	12
қазірден	бастап	3
ашылсын	!	8
жақсылығымен	келсін	9
қоймады	ғой	3
заттарыңды	алып	11
сәрсенбі	күні	10
сәрсенбі	сәтті	9
келмейма	?	9
шешініп	тастап	10
аздан	соң	12
терезені	ашып	11
терезені	жауып	9
қанын	ішіп	11
ғашықтар	күні	9
ғашықтар	күніне	6
ғашықтар	күнімен	12
көздің	жауын	7
созылып	кетті	7
кінәм	жоқ	9
кінәм	бар	10
жалығып	кеттім	10
көбейе	берсін	9
салуым	керек	5
жазбадың	ғой	2
оқыту	керек	10
алсамба	деп	10
мұрным	қанап	3
бөлмелі	үй	9
бөлмелі	пәтер	11
төртінші	күні	10
жапшы	аузыңды	11
қабылдайды	екен	10
ұмыту	керек	12
ұмыту	үшін	12
ұмыту	қиын	9
барғың	келіп	10
барғың	кеп	10
барғың	келсе	10
жіберіңіздерші	өтініш	11
тұлпар	құтты	10
шиеліге	такси	5
крепкого	здоровья	9
задний	фон	4
істедіңдер	?	10
барайыншы	деп	8
қайтасыңдар	?	9
өзгерту	керек	8
бриллиант	алтыным	6
ваалейкум	ассалам	12
ақан	сері	1
бибарыс	бот	10
басылмай	жатыр	1
басылмай	тұр	9
балапандарым	менің	11
қолдаймын	!	11
кетесіңба	?	9
колың	бос	11
жүрейін	деп	8
жаратылыстану	дан	6
жаратылыстану	пәнінен	7
желаниям	жоқ	11
ниеттері	қабыл	11
ниеттерің	қабыл	2
бересізбе	?	1
бесінші	күні	7
жаратқан	ием	8
кірсін	деп	10
жасырын	қарау	10
қызыммен	қатты	200
бастайын	деп	8
күзге	дейін	5
мақал	мәтел	7
бардыңдарма	?	11
биіктен	көріне	8
тірлігін	істеп	4
фотолары	бар	10
фотолары	барма	11
жетіңдер	!	10
живешь	?	10
жазбаған	соң	4
аппетит	жоқ	11
осындайда	күткен	11
мазаны	алып	4
беремба	деп	7
ертенгі	күні	9
ибалы	қыз	11
ибалы	инабатты	7
ойладың	?	11
өтінішім	бар	6
өтінішім	болып	6
ыдыстарды	жуып	10
калдарың	қалай	7
бейсенбі	күні	2
шағам	бар	8
ондайы	жоқ	9
ондайы	бар	7
ондайым	жоқ	9
құлпырып	жүре	6
қатысу	керек	5
қатысу	үшін	9
меншік	мерекең	8
меншік	мерекеңіз	7
армандарыңа	жете	11
армандарыңа	жетуіңе	4
жазуы	бар	8
шешуге	болады	10
бұйырғанын	көреміз	10
война	еще	8
боласыңдар	?	7
қарым	қатынас	10
қарым	қатынаста	6
болмайын	деп	11
өлин	деп	5
бірақта	бұл	2
қымбаттап	кетті	8
қымбаттап	кеткен	12
ауылдасыңба	?	11
емдеу	керек	7
ұйқтайын	деп	7
қағазға	жазып	3
сөзіңде	тұр	9
жазылу	керек	12
шықпайма	?	5
марс	красивая	11
көргеннен	кейін	3
жағдайыңды	білейін	10
ерош	ерош	11
амалым	жоқ	1
сентябрьге	дейін	7
бумажный	дай	5
бумажный	дом	10
индиский	кино	11
барасызба	?	9
ашуыңды	бас	8
азаматы	болсын	7
азаматы	болып	7
инабатты	қыз	10
инабатты	ибалы	9
есептер	шығару	7
ісің	алға	9
ісіңе	сәттілік	10
ісіңе	береке	9
шығуы	мүмкін	4
шығуым	керек	9
генератор	арқылы	4
поезға	билет	9
куніңмен	іңкәр	10
айтасызба	?	9
киімдерімді	алып	9
отпускке	шығып	11
үйленетін	қыз	11
кабанбай	батыр	11
кабанбай	батыра	6
жанымнан	артық	8
имею	ввиду	6
жиендер	қалай	7
орныңа	адам	11
сену	керек	11
сенуге	болмайды	10
кеспе	көже	8
еліміз	аман	10
еліміз	тыныш	4
загар	алып	8
босанған	соң	8
айтуды	ұмытып	9
ұсақ	түйек	6
қуанта	берсін	8
айнаға	қарап	4
келдіңдерма	?	8
ютубта	бар	8
былш	еткізіп	11
қайтқым	келіп	11
қайтқым	кеп	6
кредиті	бар	7
жұмыстарым	бар	9
жұмыстарым	шығып	6
жылғысыз	?	10
августке	дейін	4
ұзатып	жатыр	6
анамыз	аман	11
курсты	сатып	9
курсты	алғыңыз	11
қарайсыз	?	6
демалдың	?	6
күлетін	нәрсе	10
жезденің	туған	9
саудасы	бар	11
достарымен	саяхатқа	5
кіммін	?	10
білмейміз	ғой	8
кеттіме	?	9
кухонный	гарнитур	9
ұқсайтын	сияқты	8
құптан	оқып	11
алтындарым	менің	8
аллаһтың	нұры	10
аллаһтың	қалауымен	6
аумайды	екен	10
дамыту	жаттығулары	8
бермеу	керек	6
сабағыңды	жақсы	4
жинайын	деп	7
кішкенеден	кейін	4
кішкенеден	соң	5
инстаграмм	закрытый	11
ваннаға	түсіп	5
жылғысын	?	11
ойлайсыз	?	8
өлсемде	өлсемде	7
таңертеңнен	кешке	11
таңертеңнен	бері	10
қоспай	ақ	7
киіз	үй	10
дедіңба	?	6
жазықсыз	жүрек	10
қайтасыз	?	4
тұзды	суға	10
келесіңбе	?	10
басылдыма	?	8
шағасы	бар	8
күндеріңмен	!	7
күндеріңмен	құттықтаймын	8
болмадыма	?	7
көрсетейін	деп	9
түнің	тыныш	9
ауыстырам	деп	3
сүру	керек	11
ағау	ағау	8
дипломын	құтты	4
шақырайын	деп	7
бітейін	деп	6
бітейін	деді	4
отырасыз	!	9
фотаңды	жіберші	8
взяли	?	5
қысқаша	көбейту	8
оңтүстік	қазақстан	11
махаббатқа	қылмыс	10
таныстар	бар	11
занимаешься	?	10
қызымыздың	туған	3
қызымыздың	туылған	7
есіңнен	шығып	10
белсенді	болып	6
қыдырамыз	деп	8
берсеңіздер	болады	9
балаларыңыз	бақытты	8
балаларыңыздың	қызығын	9
сәнім	менің	4
денсаулығын	қалай	11
денсаулығын	мықты	11
жіңішке	дауысты	7
тәуелсіздік	құтты	8
тәуелсіздік	күнімен	7
тәуелсіздік	мерекесі	9
қойу	керек	5
алғаннан	кейін	3
мазаласам	кешірім	4
пәні	мұғалімі	6
алыпсың	ғой	7
жылдарыңыз	құтты	6
жылдарыңыз	бен	1
жылдарыңызбен	!	17
жылдарыңызбен	құтты	4
жылдарыңызбен	жаңа	24
жылдарыңызбен	құттықтаймын	25
жұмыстасызба	?	6
шыдау	керек	5
балапандарың	аман	4
балапандарыңның	қызығын	6
мазаңызды	алып	3
мазаңызды	алсам	10
дикий	данияр	9
жөндеу	керек	7
вышли	?	8
баршаға	!	10
купили	?	10
жесін	деп	10
жасағым	келіп	10
жасағым	келеді	10
жолымыз	болсын	10
көтерем	деп	4
жібергім	келмейді	10
ереже	жаттау	10
аласыздарма	?	4
забыли	?	6
ғылыми	жоба	10
матка	матка	9
тіркелгенге	қайтарамын	7
кірдіңба	?	3
даю	бесплатно	11
бөлу	керек	7
балғын	сені	8
жегің	келіп	9
жегің	кеп	8
расымен	қатып	10
көрейінші	деп	4
өтесің	сен	10
мықтысың	ғой	6
выходить	?	9
жасағанда	бұл	11
ауылдама	?	5
қадамы	құтты	10
келемиз	деп	3
алмайсынба	?	11
жайшама	?	10
жүргендей	қарайтындай	10
табылмай	жатыр	3
коммент	жазып	7
ісік	бар	10
қуаныштарың	болсын	10
қуаныштарың	болып	10
қуаныштарың	құтты	7
аппағым	менің	10
шыққалы	жатырмын	8
қаладансың	?	11
статустан	көріп	7
құсқым	келіп	9
құсқым	кеп	7
қалмайын	деп	8
қолдасын	!	7
жүрсізба	?	9
айтқандарың	келсін	7
қымбаттау	екен	3
қоздырып	тастап	10
қоздырып	қоздырып	9
ашайын	деп	8
азу	керек	6
қосыламын	десеңіз	8
билеген	сапасыз	9
әділбек	әділбек	4
барасыңдарма	?	8
терезенің	алдында	8
ұяты	жоқ	7
ханшайымым	менің	6
ханшайымым	кешіріңізші	9
өтуде	?	10
наурызбай	батыр	5
шемішке	шағып	8
әкелу	керек	10
киста	бар	3
түбіне	дейін	8
боссыңба	?	11
аттың	басын	8
бұйырып	тұрған	10
ауыстыруға	болады	9
пісіру	керек	9
рекламаға	қатысып	7
жібересіңба	?	4
тоқтай	алмай	9
тоқтай	қалсын	8
тұрғаным	жоқ	4
жеріңіз	ауырып	10
жеріңіз	жайлы	10
активность	қандай	9
активность	маңызды	7
құру	керек	7
влажный	салфетка	9
копать	железо	5
копать	алмазы	9
делаем	?	8
басталдыма	?	9
арықтау	керек	9
жазылайын	деп	9
таныстарың	бар	3
таныстарың	барма	10
пиар	жасап	11
гөр	!	6
істесек	болады	9
сырқама	аман	9
сырқама	аңсаған	9
сырқамай	аман	4
сырқамай	жүре	6
төлеуім	керек	8
ұйқыңыз	тыныш	2
емессіңба	?	9
пайғамбарымыз	мұхаммед	8
қылсын	!	10
играем	?	10
тұрғын	үй	10
тұрғындары	!	7
байланысқа	шығып	11
бәріңді	жақсы	10
ұру	керек	10
былайда	былай	5
қалуға	болмайды	10
ажырасам	деп	10
ілияс	ілияс	7
жылыңыз	құтты	8
жылыңыз	бен	2
жылыңызбен	!	13
жылыңызбен	апай	4
жылыңызбен	құттықтаймын	19
зәнім	зәнім	6
зерігіп	кеттім	8
қоймадың	ғой	9
қабылдамай	жатыр	9
ақылың	?	9
ақылың	бар	5
қызыңыздың	туған	7
бергенге	еселеп	9
немерелеріңіздің	қызығын	8
немерелеріңіздің	қызығына	5
оқығым	келіп	8
оқығым	келеді	10
ісіне	шара	10
істеуім	керек	11
басыңнан	күн	2
жым	жырт	8
акжан	шал	5
безлимит	тариф	1
жып	жылы	7
бетімен	кеткен	4
кетемба	деп	9
алаяқ	өтірік	4
өткені	маған	7
сақталып	тұр	9
кредитім	бар	10
аспанға	қарап	6
жіберейінба	?	9
лажы	болса	9
тамақтарын	беріп	2
тыным	жоқ	8
қыдырыс	болсын	8
ұмытқан	жоқпын	6
аймақ	тыныш	9
документтер	керек	9
еңбегіңнің	жемісін	9
бергеннен	кейін	1
демалыспа	?	10
тосын	сый	9
келмедіма	?	4
уайымдай	берме	9
видиоға	түсіріп	7
нашарлап	бара	7
қыздарыңыздың	қызығын	4
мәрте	ұсыныс	4
көнбей	жатыр	3
періштем	менің	9
алыстап	бара	9
амандык	болса	10
шағаның	қызығын	10
всей	души	5
азанан	кешке	10
азанан	бері	7
мерекесі	құтты	6
беріңіздерші	баламның	2
жатырсызба	?	5
жатайық	деп	5
киеу	бала	9
киеу	киеу	8
аузымнан	шығып	4
тапсырмаларды	орындап	10
тапсырмаларды	орындаймыз	10
еңбегіңіз	жана	6
еңбегіңіз	жемісті	9
мубарәк	болсын	7
жанашыр	бауырлар	10
қалыпсың	ғой	7
төменгі	көк	5
ойнағым	келіп	8
ойнағым	кеп	8
келесіңдерма	?	8
көбелек	емеспін	8
жекесіне	шығып	9
жақсысыңба	?	10
жасатам	деп	7
миқұрт	миқұрт	9
студенттер	күні	1
студенттер	күнімен	7
сұрақтарға	жауап	6
жаздыңба	?	2
бағың	ашылсын	9
лайым	жақсы	7
лайым	солай	7
жазбайақ	қой	9
бардак	болып	8
астарлы	ақиқат	10
қайтару	керек	6
тапсырайын	деп	6
боласызба	?	3
жеймін	деп	6
тыныс	алу	10
келесінба	?	7
әнәс	болдыма	9
қалжын	ғой	7
істедіңіз	?	10
қайыры	бар	9
күндеріңе	сәттілік	7
сендергеде	жұғысты	2
айтпау	керек	9
дымы	жоқ	3
көзіміз	түгел	8
қаңғыбас	қаңғыбас	7
жүрсіңдерма	?	2
игноришь	?	8
емделу	керек	6
тортқа	заказ	4
демалайын	деп	7
едешь	?	6
бәйдібек	би	3
бәйдібек	ауданы	8
түскім	келіп	10
түскім	кеп	8
қазақсың	қазақсың	9
бекерден	бекер	10
сұрақтарыңыз	бар	1
сұрақтарыңыз	болса	9
ватсабына	жазып	3
барғаннан	кейін	8
созақ	ауданы	5
сабақтың	тақырыбы	9
гүлге	су	2
үйрету	керек	9
батырдың	туған	6
алмайақ	қой	8
мамандығы	бойынша	9
тіледім	!	9
записаться	?	10
жүрсеңде	аман	9
салиқалы	ұрпақ	5
айырмашылығы	бар	7
ниеттеріңіз	қабыл	10
гүлдей	жайнап	1
гүлдей	құлпырып	5
көзайым	болып	9
мәтінді	оқып	7
мәтінді	есептерді	7
мәтінді	сақтайтын	8
жігітіңнің	туған	8
жігітіңнің	туылған	7
бауырларың	аман	10
доброго	дня	8
доброго	времени	8
ерлі	зайыптылар	9
играешь	?	6
әңгімең	барма	6
сияқтымыз	ғой	7
өлгім	келіп	10
өлгім	келеді	10
қосылсын	!	7
сұрағыма	жауап	9
төреғали	төрәлі	2
уақытыңыз	болса	10
операциядан	кейін	9
мөлдіреген	көзің	8
арманына	жете	6
арманына	жетсін	7
өмірімен	берсін	10
өмірімен	берген	5
құшақтағым	келіп	8
құшақтағым	кеп	5
верно	?	8
құйрық	май	6
өлтіру	керек	8
мерекеңіз	құтты	3
жағу	керек	1
дауа	жоқ	5
айтқандарыңыз	келсін	6
қызғалдақ	мұңы	2
қонатын	жер	9
білгенін	істеп	9
бағалау	керек	8
зымырап	өтіп	8
тіптен	жақсы	6
сататындар	бар	9
сататындар	барма	9
қайдасыздар	?	6
келдіңізба	?	5
ұйқымды	аша	7
көмектесу	керек	8
тақырыпты	оқып	6
басамыз	коментарий	9
арнат	мен	6
жазуым	керек	8
ажырата	алмай	4
ештеңесі	жоқ	9
босайсың	?	6
отбасыңмен	бақытты	9
жоқсынба	?	5
промо	деген	9
тәңір	жоқ	3
болуына	тілектеспін	9
алмау	керек	9
ойламаған	жерден	6
красавицам	менің	5
ойнайын	деп	7
ойлы	болып	4
дегің	келіп	7
дегің	кеп	6
құю	керек	7
демалсын	деп	4
жатсындарма	?	9
кока	кола	9
дауысыңды	естігім	6
алмайсызба	?	10
бальзам	для	8
саудаң	болсын	9
тігу	керек	8
халықаралық	өрлеу	10
бисмилля	деп	9
бисмиллях	деп	6
қабанбай	батыр	6
нұрдана	нұрдана	4
қашу	керек	7
қазаның	арты	9
жеттіңбе	?	1
құлақтан	теуіп	8
вложение	керек	8
аталады	?	5
көргісі	келіп	9
шаруалар	бар	9
аллаһқа	шүкір	9
бүгінен	бастап	4
жатырсындар	?	4
сәнді	болсын	9
тфә	тфә	8
болыпсың	ғой	5
күтуге	болады	6
келмеймін	деп	9
қосуға	болады	9
ессіз	ғашық	9
кредиттің	ақшасын	7
басталмай	жатып	7
бармысың	бауырым	7
сүйгім	келіп	6
сүйгім	кеп	5
жүрсінба	?	9
түсінігі	бар	9
болдыңдарма	?	9
келуім	керек	7
көбейту	және	4
ибн	шейх	7
эра	ха-ха	9
ваня	ваня	1
сайты	арқылы	6
санасы	айқын	4
жазулы	тұр	10
жазулы	затты	7
жандарға	аналық	8
жазушы	болма	3
онға	дейін	7
отандық	өнім	8
қамтамасыз	ету	4
ренжіткен	болсам	7
шағым	жоқ	10
готовы	?	9
бетімнен	сүйіп	9
айтқын	келіп	9
келмесін	деп	10
әңгімесін	айтып	9
жасатайын	деп	9
жұмыстама	?	3
жедел	жәрдем	8
алтыға	дейін	6
кию	керек	6
жалдамалы	махаббат	6
жарайсыз	!	7
жолыныз	болсын	9
күйген	дүние	3
мәнді	де	9
сүргім	келмейді	5
келмейақ	қой	8
звандау	керек	7
табысқа	жете	5
тойың	құтты	9
тойың	тойға	8
нелер	бар	7
ішіміз	пысып	9
батырға	такси	7
киіне	берсінші	8
матемнен	үй	9
түстері	бар	9
өзімеде	керек	6
жүрекшем	менің	9
танысқым	келіп	8
танысқым	келеді	9
баруымыз	керек	9
құршы	бар	4
айтпадыңыз	ғой	8
кесу	керек	7
бақытсыз	жамал	7
жұмысшы	керек	8
аламынба	?	9
қайнаған	су	7
қалпына	келтіру	7
билейді	екен	9
түстіме	?	9
жатсыздарма	?	9
дайынба	?	6
болмауы	керек	8
болмауы	мүмкін	9
кездескім	келіп	9
кездескім	келеді	8
мазалағаным	үшін	9
мазалағаныма	кешірім	1
салғым	келіп	4
салғым	кеп	9
математикадан	үй	9
барыңа	шүкір	9
жәйма	?	4
жоқтан	бар	8
батасын	алып	8
өзгеше	жан	9
немерең	құтты	9
естіледі	екен	9
купишь	?	8
купишь	купишь	8
түннен	бері	4
уақыттар	өте	7
уақыттарда	көп	4
нұрхат	нұрхат	8
бөпең	қалай	8
коллеги	!	7
толтыра	алмай	8
выехал	?	8
выехали	?	7
мүшел	жас	6
кетеме	деп	9
қойыпсың	ғой	7
булка	нан	6
балаларымыз	аман	8
болғанба	?	8
жетістікке	жете	9
сабағым	бар	9
түніңіз	тыныш	9
жағасы	бар	1
тастағым	келіп	7
тастағым	кеп	8
маңызы	жоқ	9
шыққаннан	кейін	9
отқа	май	5
ісіңіз	алға	8
ісіңізге	сәттілік	2
ісіңізге	береке	8
күтпей	ақ	3
ыбырай	алтынсарин	9
қолдану	керек	9
талпын	жақсы	9
талпын	!	6
талпын	жарайсың	12
талпын	талпын	10
бала-шаға	аман	7
іскерлік	ұсыныс	8
қосылу	керек	2
тіркелейік	достар	9
данил	бот	2
жассың	ғой	7
кешіңдер	!	7
төменде	берілген	5
төмендегі	ватсап	7
кемел	адам	6
күндеріңізге	сәттілік	9
жаныңыз	жәннатта	1
ұлданай	жауап	7
клиенттерге	жауап	1
жоқсызба	?	2
қыдыратын	жер	7
болдыңызба	?	8
шаршайсың	ғой	6
жүруші	еді	9
думаете	?	8
боссынба	?	8
білікті	маман	7
үйіп	төгіп	5
еміне	азда	5
қыркүйек	білім	8
етесің	?	2
білесіңбе	?	7
кінәсі	жоқ	8
кінәсі	бар	8
құрту	керек	9
құдіреті	шексіз	3
жалынды	сәлем	6
әмірші	әйел	4
немереңіздің	туған	4
немереңіздің	бауы	8
баю	баю	4
жақтасың	?	8
шығасыздар	?	9
тірліктер	бар	8
беремізба	?	8
жейін	деп	9
звонили	?	3
жұмыстарыңыз	қалай	5
түскені	құтты	8
табиғаты	керемет	7
жіберер	едім	9
фрифаер	фрифаер	9
көрдіңбе	?	7
өкпем	жоқ	9
көмектесетін	адам	7
айтамба	деп	9
байлығын	берсін	7
сыныптар	онлайн	5
демалысың	жақсы	7
демалысың	қалай	7
ауған	соғысы	5
сұп	сұлу	4
еркетайым	менің	3
ренішім	жоқ	6
тыңдау	керек	6
бастарың	аман	6
моно	лайк	8
каждой	группе	3
барасындарма	?	9
сатылымда	бар	8
көзімнен	жас	8
доехал	?	3
доехали	?	4
жүрегіңнің	кілтін	4
қарық	қылып	6
есенба	?	8
аналарымыз	аман	7
жазғың	келмесе	2
өтейін	деп	9
еріксіз	жас	7
давлениесі	көтеріліп	8
айжұлдыз	бар	6
деппін	ғой	1
бересіңбе	?	7
баламнын	еміне	8
алаға	шүкір	6
зерде	мал	3
бастағанда	жігіт	7
тіркелсең	өкінбейсің	3
қылайын	деп	8
балаларының	қызығын	7
жылайын	деп	7
араласу	керек	4
жанатта	болсын	7
хабарландыру	бойынша	4
бағу	керек	7
бүйрегім	ауырып	7
жатырсынба	?	5
дұрыстау	керек	8
айтканың	келсін	7
кеткісі	келіп	6
өрге	жүзсін	7
жастарың	құтты	6
жастарың	ұзақ	9
төртке	дейін	5
балдай	тәтті	8
келгісі	келіп	6
таксовать	етіп	8
азық	түлік	6
бәленің	бәрі	5
бәленің	бәрін	8
жатырсыңдарма	?	4
оралхан	оралхан	5
мамандықтар	бар	8
дипломның	жемісін	8
ұшқан	ұя	3
қартаюды	алла	7
қартаюды	нәсіп	8
итпен	іздеп	5
қызғаншағым	менің	8
ғұмыры	ұзақ	7
тойым	бар	2
екеумізден	басқа	4
досхан	досхан	7
бөленіп	жүре	6
қию	абу	4
шаянға	такси	3
буфер	болит	8
айлан	аяла	4
дәріңді	ішіп	1
іздемей	ақ	8
жайым	бар	8
ойлайсыңба	?	8
реттеу	керек	8
орныңда	болсам	5
өміріңіз	ұзақ	6
айтқаннан	кейін	7
намаздан	кейін	6
казыбек	би	7
сегізге	дейін	4
ешкімі	жоқ	8
ешкімім	жоқ	3
төлейін	деп	4
доверие	или	6
идешь	?	7
үлгілі	отбасы	5
звать	?	7
актөбе	қарағанды	8
бардыңызба	?	7
қосағыңмен	қоса	8
шағаларыңның	қызығын	2
араласқың	келмесе	2
жиналу	керек	8
үйрендім	?	3
өздерімен	өздері	7
кеткің	келіп	5
жадырап	жайнап	8
есінен	шығып	7
тілектеріміз	қабыл	6
оқуым	керек	1
сілтемеге	өтіп	7
сілтемеге	өтіңіз	6
жасайсызба	?	6
киноның	аты	5
баралмайтын	болдым	5
бакдаулет	!	8
сұратып	жатыр	1
құтылу	керек	7
ерома	ерома	8
жетістіктерге	жете	3
ұзап	кетті	4
адреса	до	7
жегісі	келіп	8
билетте	ұтыс	7
сатайын	деп	4
үбірлі-шүбірлі	болыңдар	3
жұртымыз	тыныш	5
ұлыңның	туған	2
еңбегінің	жемісін	7
ауасы	да	1
жақтансың	?	5
бекем	бол	7
үлгеру	керек	7
алмап	едім	4
демалыстарың	жақсы	8
демалыстарың	қалай	7
ұйқылы	ояу	8
сүттің	ақшасы	2
сүттің	ақшасын	7
қатысуға	болады	6
алтындай	жарқырап	7
таныссақ	болама	6
өткеннен	кейін	6
өткеннен	бері	6
жіберуім	керек	7
керекте	емес	2
аласыңдарма	?	5
аллама	сансыз	8
ұйымдастыру	керек	7
ұстаздар	күні	7
ұстаздар	күніне	4
ұстаздар	мерекесі	8
телефонымда	кімнің	11
бөлігі	бойынша	7
пландар	бар	5
аллахтың	нұры	7
сияқтысыз	ғой	4
жетейін	деп	7
шомылатын	жер	5
қаладансыз	?	7
мерекелі	жыл	4
күніңізге	сәттілік	2
көруім	керек	3
айдау	керек	4
әдетім	бар	8
белгілері	және	7
соғым	басы	5
алдыру	керек	8
гуйру	лагман	3
саулығың	мықты	6
шаруаларым	бар	6
тарифым	бітіп	6
қалмау	керек	6
жұмыстасынба	?	5
жақындай	берсін	6
ауарайы	қалай	8
жолығу	керек	6
немереңнің	бауы	3
данное	сообщение	5
шуақ	еді	4
жұптарың	жазылмасын	2
мұхан	мұхан	3
аитқаның	келсін	1
амалсыз	көмек	6
белестерді	бағындыра	4
беруің	керек	4
балға	мен	5
аттай	шауып	7
бауырымыз	бүтін	6
берейінбе	?	6
айтудың	қажеті	6
жасауым	керек	5
боқтық	сөз	3
келесізбе	?	6
орындадым	орындадым	6
айтарға	сөз	1
айтарға	сөзім	8
ұятың	жоқ	3
руыңыз	қандай	6
баламыздың	туған	4
бағындыра	берсін	7
бөгенбай	батыр	7
әлек	болып	5
оңып	тұрған	6
кіргізу	керек	4
қыстың	алғашқы	5
қыстың	қамын	4
беруіңе	тілектеспін	8
қыздай	болып	2
қонақтарды	шығарып	7
жамбыр	жауып	8
тымтырыс	болып	8
күлше	қыз	7
жібі	бар	7
жою	үшін	5
хайыры	бар	5
красава	алмас	6
автоматты	түрде	6
сентябрге	дейін	3
есептеу	керек	7
делишки	?	8
табын	табын	4
қашанан	бері	1
үйленейін	деп	3
өнерің	өрге	1
істеріңе	сәттілік	5
істеріңе	береке	7
тұрғаннан	кейін	4
кетіре	алмай	7
көмегіңіз	керек	7
демалыстан	кейін	3
көшу	керек	8
сыйласын	!	5
басқасының	бәрі	5
жүзінен	күлкі	4
еңбегіңіздің	жемісін	1
алсаңызда	болады	1
қатым	қабыл	1
билеу	керек	6
ұйықым	келіп	7
қызықтап	жүре	7
өтеген	батыр	6
квартираның	ақшасын	7
оқылатын	дұға	6
тапқым	келеді	4
басайын	деп	5
берекесімен	келсін	7
болғанан	кейін	5
алмасаңыз	міндетті	5
кеттіңбе	?	6
тілектеспіз	!	7
болашағың	жарқын	6
алдырайын	деп	3
процентке	ақша	5
ойымыз	бір	6
күтпеген	жерден	6
біразға	дейін	7
көзінен	қашып	5
арын	қалайсың	3
айхан	айхан	1
күндеріміз	көп	7
еңбекте	табысты	3
келдіңдерме	?	7
айтуын	керек	5
ашылу	керек	5
тастапсың	ғой	7
нұржау	нұржау	6
тоқтату	керек	4
билеттің	ақшасын	7
жеттіңдерме	?	7
қылмыс	қылмаған	5
сүттен	ақ	7
жасыңызға	жас	6
ұрпақтары	аман	1
күйіңіз	қалай	7
өрмекші	адам	5
хабарластыма	?	7
сөздерден	кейін	7
аққуым	менің	6
халқына	қалаулы	6
жүрегінде	иманы	7
әйтеке	би	7
ақтайтын	үлкен	2
тамерлан	мал	7
демалысыңыз	жақсы	1
демалысыңыз	қалай	6
тұлпарың	құтты	6
отбасымыз	аман	3
тырысу	керек	6
ұрайын	деп	6
армандарына	жете	6
білесізба	?	4
сауаптан	жазсын	7
звондапсың	ғой	4
ертенен	бастап	5
үндемеген	сайын	3
тілегі	қабыл	5
сәтімен	болсын	6
садақасы	қабыл	6
қуаныштымыз	!	7
дұғай	сәлем	7
дұғай	дұғай	5
жібермедіңіз	ғой	6
айынан	бастап	6
істету	керек	4
апаруым	керек	3
қарбалас	болып	2
болуыңа	тілектеспін	6
жазаңды	берсін	4
гони	!	5
семьясы	бар	1
қарнымыз	ашып	7
тілеуіңді	берсін	5
астарың	дәмді	4
тойларыңыз	құтты	2
салауатты	өмір	3
қолайлы	мезгіл	5
алуың	керек	1
бекіту	үшін	3
жазарымды	білмей	3
тығу	керек	6
таңдаймын	сені	6
пісірейін	деп	7
көмектесеміз	!	4
сұрану	керек	3
көрінбейсің	ғой	4
науқастың	айтуы	6
нелерің	бар	7
барғаны	құтты	2
келгенен	кейін	2
тозақ	отынан	6
берекетін	берсін	6
қойамын	қойамын	5
хабарласу	керек	1
істеріңізге	сәттілік	5
істеріңізге	береке	6
ұйқтау	керек	4
жабайын	деп	3
қорқу	керек	3
соғу	керек	5
жіберіпсің	ғой	6
кетпендер	!	6
рахымына	алсын	4
жасайсыңба	?	4
алуымыз	керек	7
мұзды	өлке	3
жатындар	!	5
қалағандай	таңдап	1
қаралу	керек	3
тұла	бойы	3
тұла	бойым	6
заняты	?	6
есептерді	шығару	4
кетуің	керек	6
кетуіңе	тілектеспін	4
жақсысызба	?	5
сіздіңде	жаңа	6
құрбылар	күні	4
группам	интересует	2
берудің	қажеті	6
сұранайын	деп	7
кетпеу	керек	4
биологиядан	жіберіңдерш	5
илон	маск	1
ақылдасу	керек	5
кетейікші	бауырлар	4
жолаушылар	болса	4
көндіре	алмай	6
альфараби	альфараби	6
ұнау	үшін	4
қуанышыңа	ортақпын	4
сұрақтың	астына	6
жетінші	қаңтар	4
дерімді	білмей	4
намазымды	оқып	6
қаржылай	көмек	5
ауыстырайын	деп	6
көлікке	отыра	5
жазғаннан	кейін	1
жұмыстарыңа	сәттілік	6
бармау	керек	3
кетіңіздерші	аллах	5
бұлшық	ет	4
терезесін	түсіріп	6
үстем	болсын	2
істерін	білмей	4
екінің	бірі	5
минусқа	кіріп	4
ерікпеш	ерікпеш	6
жатырсыздарма	?	3
дамытуға	көмектесеміз	4
панасына	алсын	3
салдыру	керек	4
көмегін	керек	3
сентябрьден	бастап	6
әбдіжаппар	әлқожа	3
болуымыз	керек	4
түсірейін	деп	4
берешь	?	5
кетсемба	деп	6
емдету	керек	3
немерелеріңнің	қызығын	3
командамен	жұмыс	5
бармақ	болып	2
бармақтай	бақ	1
тапқыңыз	келеді	2
көремба	деп	6
қорқайын	дедім	5
көкті	басқан	4
керегім	жоқ	5
жібектің	ақша	6
немерелердің	қызығын	6
банкі	жауып	5
саудаңыз	болсын	6
тілегің	қабыл	6
оқырман	мен	4
көріну	керек	3
мақсаттарына	жете	4
лақтыру	керек	3
өзімізбен	өзіміз	5
әулетінің	шежіресі	5
жұмыстарымды	бітіріп	3
асың	дәмді	5
кетуіне	себепші	3
грусти	!	2
дәстүр	ұйықтады	1
бетіңізден	сүйдім	5
теңгем	бар	3
гәптің	ақшасын	6
ғұмырың	ұзақ	4
вчерашнего	дня	2
тұрыпсың	ғой	5
жұлу	керек	4
талабы	оң	6
айыру	керек	6
барғымыз	келіп	4
выспалась	?	5
тағу	керек	4
ұйықтағым	келіп	6
періштенің	құлағына	5
үйренгім	келеді	3
бойдақтар	күні	5
ұшты	болсын	3
живете	?	2
дайынсыңба	?	4
құрылысы	мен	5
сілтемені	басасыз	5
құсың	құтты	4
алуын	керек	1
қайғыңа	ортақпын	6
боссызба	?	5
белгіледім	ұтысты	6
төрінен	орын	2
едите	?	5
жаңбырдың	астында	2
өзін-өзі	тану	2
төсегім	деп	6
жарылайын	деп	3
алдыңыздарма	?	1
келуің	керек	5
табуым	керек	3
ей-ей	ей-ей	3
жаңалығым	бар	3
жүруім	керек	5
киіну	керек	3
елімізде	болып	5
біту	керек	4
бітем	дегенше	3
биылдан	қалмай	5
өркенің	өссін	5
өмірімдегі	ең	3
деуім	керек	4
кетіруге	болады	2
қазірдің	өзінде	4
қарату	керек	2
отыруым	керек	4
аспаның	ашық	3
жүрсізбе	?	2
былтырдан	бері	5
толу	керек	4
бесплатные	данные	5
жұмыстарыңызға	сәттілік	4
жәннәтта	болсын	4
сындыру	керек	4
мақтанғаным	емес	5
тамызға	дейін	1
серігің	болсын	3
түскеннен	кейін	3
шілдеге	дейін	4
айтканыңыз	келсін	5
анасынан	дара	4
доехала	?	5
отбасыларың	аман	4
отбасыларыңызға	амандық	3
нақыл	сөздерінің	3
сіздіде	жаңа	3
сөйту	керек	4
әпеке	әпеке	2
мәнінде	жаны	4
ғибрат	ғибрат	1
түсінгеніңе	рахмет	1
сүйгенді	сүй	4
жағдайдан	кейін	4
күтіну	керек	5
күйші	дина	3
қатысайын	деп	3
идиот	мал	2
өрлей	берсін	1
сондайы	бар	4
жазбандар	жазбандар	5
сұрауым	керек	1
мүмкіндігіңіз	болса	3
орамалың	құтты	2
жұмадағы	дұға	3
қалдырыңыз	қалай	4
комиссияның	ақшасын	5
ішпеу	керек	1
құбыжық	кездеседі	3
шықпау	керек	4
ещтеңе	ещтеңе	4
жаңалықтарың	бар	4
соттау	керек	5
өзгеден	де	3
ұшықсыз	болсын	1
тарифім	бітіп	3
дүниежүзі	тарихы	5
эмоцияға	беріліп	5
выходишь	?	4
арайлап	атқан	4
дыбысы	мен	1
сұрауды	ұмытып	4
тастауым	керек	4
қысқарту	керек	3
әдебиеттік	оқудан	4
еселене	берсін	2
шатағым	жоқ	3
дүйсенбіден	бастап	5
баруың	керек	3
білуім	керек	3
жұмсам	сен	3
қадамың	құтты	4
сенбеу	керек	5
кейбірі	бұны	4
азын	аулақ	1
іштеріңіз	аман	4
шыңдардан	көріне	5
жылымыз	құтты	2
дипломының	жемісін	1
денені	қыздыру	1
босату	керек	3
қарттар	күніне	4
пәнінің	мұғалімі	4
салғаннан	кейін	4
сіңімді	болсын	4
алдарыңда	аман	3
жәннәттің	ішіндегі	4
табыстар	тілеймін	2
мазмұны	бойынша	4
жаттығулары	кезінде	4
тұмаудан	амансыңдарма	3
тұмаудан	амансыздар	6
қараптан	қарап	8
қалуымыз	мүмкін	1
неңіз	бар	4
сүймей	мені	3
денсаулығыма	байланысты	2
жазыңдаршы	қыздар	3
беруіміз	керек	1
қытаймен	сауда	3
біткеннен	кейін	3
үйленгеннен	кейін	3
балашағаңның	қызығын	3
дендеріңе	саулық	3
ниетіміз	қабыл	2
жинауым	керек	3
жұмысыңның	жемісін	3
аманатқа	қиянат	4
қыстан	бері	2
бөтелке	алуға	4
басталайын	деп	1
барсақпа	деп	1
кележатқан	жаңа	2
тұнып	тұрған	1
молшылық	жыл	3
сәлеміміз	түзу	3
занимаетесь	?	2
астарыңыз	дәмді	3
аштыру	керек	2
жемеу	керек	3
жәйдан	жәй	4
туынды	зат	2
тексерту	керек	3
бағаналы	бері	3
моңғол	шапқыншылығы	3
зертханалық	жұмыс	1
таппайтының	жоқ	1
қысу	керек	3
көліктің	артқы	3
жуынайын	деп	1
тілдер	мерекесі	2
тілдер	мерекесіне	5
алхимия	душ	4
өткізейін	деп	2
алаяқтық	емес	3
төтенше	жағдайға	2
қарама-қарсы	орналасқан	3
қандайда	бір	3
вставить	его	3
кішкентайыңның	бауы	1
күнініз	құтты	1
практикалық	жұмыс	3
қайнатпа	сорпа	2
жартыбас	сені	3
көшейін	деп	1
айтуар	көке	1
айналасында	қарыз	1
сүрініп	өл	1
назлы	назлы	3
асқақ	болуына	2
балаусаның	әкесінің	2
защиты	детей	2
сөйлесуім	керек	1
қалуымда	мүмкін	2
шілдеден	бастап	3
шыдамның	да	2
жабуым	керек	1
гранты	құтты	2
қызғандыру	үшін	1
тақиясыз	періште	3
елхан	елхан	3
тіркелейін	деп	1
барыңызға	шүкір	3
таңбалы	санға	3
үйренісе	алмай	3
жайсаң	жомарт	3
айдағы	жасырынбақ	1
түсуім	керек	1
санның	бөлігін	2
жатуым	керек	1
қалымыз	жақсы	3
гүлдерге	су	3
өздеріңеде	құтты	2
өздеріңеде	жаңа	7
шағаларыңыздың	қызығын	4
орындалатын	жыл	2
қарауым	керек	1
жібермеу	керек	3
апайлардың	мінезі	3
өткізуім	керек	1
айттан	айтқа	2
райына	сеніп	1
тақырыптарды	біріктіру	2
дендеріңізге	саулық	1
салуың	керек	2
келедіме	?	2
дұғаларың	қабыл	2
бірлесіп	орындалатын	1
дипломыңның	жемісін	2
жатақхана	арасында	1
сақтықта	қорлық	1
бұқар	жырау	1
асыңыз	дәмді	2
сұрақтарыма	жауап	1
дұғаларыңыз	қабыл	2
ойыншылары	жата	1
дыбыстар	мен	1
көшпелі	алтын	1
барлықтарыңызды	жаңа	2
жиынтық	бағалау	2
парасатты	отбасы	1
нұрбала	нұрбала	1
жануарлардың	бөліп	1
ыж	вас	1
мексика	ұлы	1
құлайын	деп	1
күндегісін	күнде	1
оқытайын	деп	1
аспаныңыз	ашық	1
мерекелерің	құтты	1
конституция	күніне	1
талабыңа	нұр	2
ұшайын	деп	1
жылуды	береді	1
берлин	бот	1
санының	өсуі	1
жәдігер	жәдігер	1
қоярға	жер	1
жүздеріңнен	күлкі	1
тұлғалар	үшін	1
фаза	аза	1
күлтегін	жырындағы	1
сызықтық	теңдеу	1
сапасыз	сан	1
ерұлан	ерұлан	1
қышыма	қотыраш	1
өшейін	деп	1
түніне	түніне	1
жылдарынмен	!	1
тарғын	тарғын	1
жылының	аяқталуымен	1
талаптарың	?	1
аюан	аюан	3
бағытын	айтты	1
гоголь	көшесімен	1
жаңажыл	құтты	1
аттаған	қадамы	1
жантай	бөпе	1
жантай	жантай	12
сөздерінің	тәрбиелік	2
қыздыру	және	1
күштісіз	!	1
бағыттағы	қуып	1
сананы	билеген	1
жамалдың	денесі	1
көшесімен	солға	1
кездестіргеніме	қуанамын	1
табалдырығын	аттаған	1
бақытқызы	айгүл	1
мамырдың	он	1
нүктенің	орнына	1
өзіндей	студенттер	1
айналадағы	жұрттар	1
құт-береке	әкелсін	1
жаттанды	сұрақтар	1
корпусы	мен	1
жетістігің	?	1
аялдамада	адам	2
тұту	күні	1
мәтіндік	есептерді	1
түнінде	тілеген	1
фанг	цех	1
оразадан	оразаға	1
құрамдас	бөліктері	1
оразаның	соңғы	1
оразаға	аман	1
күндерінің	арты	1
мәндес	теңдеулер	1
тарыдай	болып	1
сәресі	ішіп	1
сәресі	қабыл	5
коменданттық	сағат	4
пітір	садақа	1
сәресін	ішіп	1
оразаларың	қабыл	1
сүліктей	қара	1
