token1	token2	weight
عوي	عوي	0
عوي	جان	130
عوي	جانى	102
عوي	جانىم	136
عوي	سالەم	17
عوي	مەن	143
عوي	دەپ	103
عوي	جوق	58
عوي	جاقسى	55
عوي	بولدى	82
عوي	بىر	89
عوي	سول	70
عوي	نە	104
عوي	نەعىپ	77
عوي	بار	66
عوي	سەن	102
عوي	ەندى	66
عوي	راحىمەت	117
عوي	ماقۇل	60
عوي	قوي	56
عوي	ال	134
عوي	الى	127
عوي	الىپ	101
عوي	ون	104
عوي	وندا	121
عوي	كەل	80
عوي	كەلىپ	128
عوي	يا	113
عوي	ەر	100
عوي	ەرتە	131
عوي	ەرتەڭ	116
عوي	ادام	116
عوي	بۇگىن	90
عوي	مەندە	78
عوي	سودان	90
عوي	ماعان	106
عوي	بارى	80
عوي	بارىپ	97
عوي	ەكى	83
عوي	مەنى	103
عوي	مەنىڭ	81
عوي	قاي	91
عوي	بولادى	77
عوي	نەگە	87
عوي	ول	118
عوي	قايدا	105
عوي	سەنى	88
عوي	ساعان	72
عوي	وسى	108
عوي	جارايدى	70
عوي	تاماق	83
عوي	دەي	109
عوي	دەيدى	142
عوي	قالاي	108
عوي	ۇي	105
عوي	ۇيدە	120
عوي	ۇيگە	103
عوي	تەلەفون	96
عوي	اي	102
عوي	ايتىپ	123
عوي	بىرگە	108
عوي	كۇن	67
عوي	دوس	118
عوي	دوسىم	140
عوي	كىم	101
عوي	امان	123
عوي	امانشىلىق	112
عوي	كەيىن	105
عوي	تاڭ	145
عوي	اق	132
عوي	اقشا	122
عوي	دەگەن	106
عوي	يە	122
عوي	ونى	98
عوي	بىراق	121
عوي	قانشا	115
عوي	ۇز	131
عوي	ۇزى	125
عوي	ۇزىڭ	92
عوي	قاشان	102
عوي	قاربالاس	104
عوي	ىشىپ	108
عوي	قويشى	128
عوي	تاعى	133
عوي	وي	97
عوي	كوپ	111
عوي	كەتىپ	128
عوي	تاڭەرتەڭ	121
عوي	قۇتتى	91
عوي	بىراز	127
عوي	مىنا	102
عوي	نەدەگەن	106
عوي	قانداي	102
عوي	شاي	124
عوي	بەرىپ	134
عوي	باس	90
عوي	باسقا	116
عوي	سەنىڭ	112
عوي	كەش	97
عوي	كەشتە	145
عوي	بولاما	108
عوي	راس	114
عوي	از	94
عوي	ازىر	112
عوي	ىستەپ	142
عوي	كەشە	119
عوي	قايتا	127
عوي	انا	141
عوي	ۇيقتاپ	131
عوي	يۋان	114
عوي	قايتىپ	101
عوي	جول	98
عوي	جولداپ	144
عوي	ۇش	102
عوي	سوندا	105
عوي	جۇمىس	105
عوي	وز	99
عوي	وزى	127
عوي	وزىڭ	98
عوي	ايتەۋ	120
عوي	تەز	137
عوي	اعا	99
عوي	اتىپ	134
عوي	دەسەم	99
عوي	كەرەك	111
عوي	كوڭىل	91
عوي	اۋىرىپ	143
عوي	تۇن	75
عوي	تۇندە	137
عوي	بەرە	93
عوي	قايداسىڭ	100
عوي	كورىپ	141
عوي	وعان	102
عوي	بالا	132
عوي	جاڭا	137
عوي	سونى	134
عوي	سەندە	142
عوي	بىز	117
عوي	ايتقان	122
عوي	تاۋىپ	99
عوي	بارا	140
عوي	ۇيات	145
عوي	كەلە	95
عوي	قاتتى	109
عوي	قيىن	127
عوي	دۇرىس	134
عوي	جاتىپ	122
عوي	ايتا	139
عوي	سونىمەن	108
عوي	دەيم	126
عوي	دەيمىن	140
عوي	ۋاقىت	125
عوي	قارا	141
عوي	قاراپ	125
عوي	ەشتەڭە	96
عوي	ۇلكەن	130
عوي	اس	125
عوي	بۇل	35
عوي	كۇندە	108
عوي	كەرەمەت	128
عوي	مال	96
عوي	قازىر	141
عوي	قوسىپ	121
عوي	جەجە	128
عوي	ەي	110
عوي	ودا	121
عوي	ودان	116
عوي	سوعان	116
عوي	بەس	108
عوي	اپارىپ	128
عوي	كۇپ	141
عوي	جەر	125
عوي	مىناۋ	140
عوي	ماشينا	124
عوي	قىز	138
عوي	سۇراپ	125
عوي	جامان	121
عوي	جاڭە	141
عوي	قايدان	120
عوي	ساعات	109
عوي	مىڭ	138
عوي	دەشى	100
عوي	توي	112
عوي	جاي	138
عوي	اينالايىن	130
عوي	ويلاپ	108
عوي	بىرەۋ	117
عوي	ءبىر	145
عوي	شارشاپ	109
عوي	شىن	114
عوي	كۇرىپ	121
عوي	بولماسا	124
عوي	جۇرە	137
عوي	جۇرەگىم	141
عوي	تۇستە	123
عوي	تۇستەن	133
عوي	قىزدار	117
عوي	امال	118
عوي	باعانا	122
عوي	باراتىن	108
عوي	اڭگىمە	100
عوي	جۋىپ	111
عوي	ەكەمىز	139
عوي	قايسى	117
عوي	دەدى	128
عوي	دەدىم	137
عوي	جاس	104
عوي	جالعىز	139
عوي	تاتتى	139
عوي	تاتتىم	132
عوي	بارىن	130
عوي	سونداي	137
عوي	سۇيتىپ	125
عوي	ءالى	101
عوي	قاتە	125
عوي	ماڭگى	127
عوي	ەڭ	124
عوي	الگى	130
عوي	ونداي	111
عوي	بەكەر	114
عوي	ار	124
عوي	ارەڭ	136
عوي	ويناپ	125
عوي	ۇزىم	120
عوي	دەگەم	114
عوي	بۇرىن	139
عوي	ساعىنىپ	105
عوي	قالىڭ	131
عوي	نەبولدى	145
عوي	قايتەم	122
عوي	سويلەپ	124
عوي	بىزدى	142
عوي	بىزدىڭ	131
عوي	بىلمەيمىن	145
عوي	دەن	132
عوي	دەنساۋلىق	135
عوي	سولاي	131
عوي	بىردەمە	132
عوي	بوپتى	106
عوي	سىز	123
عوي	توسىپ	120
عوي	دارى	118
عوي	ەرتەرەك	142
عوي	ماي	145
عوي	باسىم	127
عوي	ونىڭ	118
عوي	بىزدە	142
عوي	نەشە	131
عوي	وزىم	141
عوي	سىزگە	123
عوي	ناق	128
عوي	دەم	130
عوي	وڭاي	119
عوي	سۋ	118
عوي	جىندى	119
عوي	وتە	137
عوي	ارتىق	131
عوي	بالام	129
عوي	ۇيىقتاپ	144
عوي	بۇيىرسا	141
عوي	قايداعى	122
عوي	مەنەن	132
عوي	اراق	142
عوي	سۇيلەپ	81
عوي	ىزدەپ	129
عوي	جارىم	126
عوي	اياق	113
عوي	باسە	120
عوي	قۇرسىن	113
عوي	اقشاسىن	91
عوي	بالالار	117
عوي	اقشانى	141
عوي	شىركىن	139
عوي	دەمال	137
عوي	منا	123
عوي	اشىق	139
عوي	قول	139
عوي	بارعان	133
عوي	بارعاندا	142
عوي	اكە	100
عوي	سەنەن	130
عوي	بارلىق	134
عوي	جىگىت	142
عوي	ەرەكشە	110
عوي	ياجانىم	127
عوي	قولايسىز	139
عوي	قالجىڭ	137
عوي	دال	132
عوي	ەل	137
عوي	جانە	133
عوي	تۇرا	130
عوي	باۋىرىم	141
عوي	قاتىن	146
عوي	دەيسىڭ	132
عوي	سەندەر	137
عوي	تەك	138
عوي	اپام	119
عوي	كۇڭىل	129
عوي	اقىر	142
عوي	اقىرى	140
عوي	اقىرىن	127
عوي	بىلەم	137
عوي	اتا	134
عوي	ۇمىتىپ	129
عوي	ۇستىپ	118
عوي	التىن	138
عوي	كەشكە	142
عوي	رەنجىپ	141
عوي	ايەل	124
عوي	اناۋ	132
عوي	نەسى	128
عوي	ۇيتىپ	127
عوي	ماس	127
عوي	ۇتىرىك	117
عوي	جاعداي	142
عوي	ءوزى	141
عوي	ءوزىڭ	114
عوي	وتىرىك	122
عوي	قايتەسىڭ	125
عوي	قابارلاسىپ	140
عوي	مىنە	138
عوي	ۇيقى	132
عوي	دەمالىپ	131
عوي	ەكەۋى	128
عوي	ەشكىم	139
عوي	ەلدىڭ	144
عوي	بارسام	143
عوي	بىلىپ	140
عوي	ەشتەمە	129
عوي	ادامدى	141
عوي	ۇيدىڭ	143
عوي	بوس	123
عوي	دۇرس	127
عوي	قۇدا	129
عوي	قۇداي	128
عوي	جاقىن	145
عوي	ۇتە	126
عوي	بىلەسىڭ	125
عوي	ارى	118
عوي	الدىندا	143
عوي	كۇندىز	139
عوي	دايىن	132
عوي	الدىمەن	121
عوي	الاڭداما	144
عوي	كۇنىم	137
عوي	مۇمكىن	137
عوي	التىنىم	141
عوي	رەنجىمە	145
عوي	بەت	120
عوي	تالاي	142
عوي	بايقاپ	144
عوي	كەيدە	137
عوي	ۇندەمەي	141
عوي	پالە	128
عوي	تۇك	110
عوي	تىپتى	143
عوي	ۇيدەن	136
عوي	ىراس	133
عوي	بۇدان	146
عوي	ايتپەسە	141
عوي	ۇزىڭدى	122
عوي	بىزگە	102
عوي	تاۋبا	123
عوي	بىردەڭە	136
عوي	جارايسىڭ	122
عوي	اتام	141
عوي	ءازىر	131
عوي	مەننەن	135
عوي	اپەكە	122
عوي	اندا	124
عوي	انداعى	130
عوي	تەزىرەك	144
عوي	وسىنداي	119
عوي	سەننەن	141
عوي	تاۋعا	123
عوي	ادامنىڭ	140
عوي	مناۋ	133
عوي	انە	141
عوي	قىزىق	125
عوي	جەڭگە	145
عوي	ارتىنان	128
عوي	ولار	128
عوي	ۇيقىڭ	145
عوي	نەكە	125
عوي	دەگەنىم	136
عوي	سارى	126
عوي	مەنىكى	145
عوي	قايتەمىز	140
عوي	كەلىن	140
عوي	وزىڭدى	144
عوي	مەيلى	135
عوي	ەلگە	136
عوي	شۇنگە	143
عوي	سونىڭ	119
عوي	بۇيرسا	123
عوي	باياعى	142
عوي	ءيا	123
عوي	وڭباعان	119
عوي	كىشكەنە	134
عوي	سەنىمەن	131
عوي	دالاعا	100
عوي	سوسىن	140
عوي	تەگى	95
عوي	اكەم	145
عوي	ۋاعىندا	129
عوي	ماعاندا	92
عوي	ارام	138
عوي	دەيىم	141
عوي	ۇزدە	144
عوي	قاسىڭدا	146
عوي	وزىڭە	125
عوي	مەنىم	143
عوي	مەنىمەن	145
عوي	كەمپىر	140
عوي	كەمپىرىم	128
عوي	الدىڭعى	140
عوي	ۇزىڭە	135
عوي	تۋرا	140
عوي	سىزدى	145
عوي	سۇيكىمدى	143
عوي	وستىپ	141
عوي	ايتەۇ	131
عوي	اپتەن	137
عوي	قۇلىنىم	145
عوي	ناعاشى	139
عوي	ماۋباس	145
عوي	سەنىكى	128
عوي	بيىل	139
عوي	ولدا	125
عوي	ەلدەن	145
عوي	دانىم	138
عوي	الباتى	126
عوي	ەلدەر	133
عوي	ايتبەسە	131
عوي	الاڭسىز	138
عوي	بۇرىنعى	113
عوي	اسابا	133
عوي	بىلەمىن	140
عوي	شارشادىڭ	133
عوي	سونشا	140
عوي	ءايتەۋ	139
عوي	مەنىڭدە	138
عوي	ۇمتىپ	116
عوي	نەگىزى	141
عوي	باعانادان	145
عوي	بارىنە	144
عوي	كەشەدەن	137
عوي	قاربالاسپا	136
عوي	قارعام	141
عوي	ۇيتكەنى	143
عوي	تپتى	143
عوي	اسىلى	123
عوي	مەنكى	145
عوي	اسىقپاي	144
عوي	بىلتىر	107
عوي	كارى	105
عوي	سەندەرگە	129
عوي	بىرەۋدىڭ	142
عوي	وعاندا	142
عوي	اياۋلىم	123
عوي	ىنىم	143
عوي	ماسەلە	145
عوي	اكام	137
عوي	ساعاندا	141
عوي	سىزدەن	145
عوي	سوندادا	138
عوي	بوتام	138
عوي	شۇندە	136
عوي	سەندەردى	139
عوي	انەۋ	138
عوي	تانا	111
عوي	مىنالار	131
عوي	دەيسىڭبە	133
عوي	بىراقتا	142
عوي	شىنبا	144
عوي	كەشكەدەيىن	140
عوي	قۇداشا	138
عوي	كۇشىگىم	141
عوي	وزىدە	144
عوي	بايقۇس	138
عوي	ءاسىلى	135
عوي	اۋەلى	126
عوي	بۇرىننان	143
عوي	ارينە	130
عوي	ۇزىدە	138
عوي	بۇلار	143
عوي	اسلى	137
عوي	سولايما	128
عوي	شركىن	136
عوي	ءايتپەسە	135
عوي	دەيسىڭبا	141
عوي	دەيسڭبە	124
عوي	دەيىمىن	143
عوي	دەپپەدىڭ	141
عوي	كۇنى	90
عوي	جولدا	111
عوي	بارام	127
عوي	تويعا	141
عوي	بىلمەي	139
عوي	باقىتتى	145
عوي	جاۋاپ	142
عوي	ىستىق	119
عوي	بايقا	135
عوي	دوستار	131
عوي	ادەمى	128
عوي	ادامعا	123
عوي	بارمايمىن	146
عوي	تويدا	141
عوي	شەشەم	118
عوي	جانم	135
عوي	ءار	140
عوي	كەشىر	130
عوي	شالىم	138
عوي	تۇنىمەن	145
عوي	قۇلىن	145
عوي	قابارسىز	140
عوي	سالقىن	137
عوي	ەندىگى	142
عوي	ەسەك	134
عوي	ەركەم	138
عوي	ۇيالماي	137
جا	مەن	137
جا	بولدى	35
جا	وندا	15
جان	عوي	24
جان	جان	78
جان	مەن	53
جان	دەپ	40
جان	جوق	50
جان	جاقسى	65
جان	ەكەن	75
جان	سول	80
جان	نە	70
جان	نەعىپ	77
جان	بار	66
جان	سەن	61
جان	بولىپ	70
جان	بولسا	78
جان	قايدا	80
جان	سەنى	73
جان	دوسىم	77
جان	امان	80
جان	دەگەن	35
جان	بارما	75
جان	اعا	66
جان	كەرەك	81
جان	تاۋىپ	74
جان	ۇيا	62
جان	ەكەنسىڭ	70
جان	جۇرەگىم	62
جان	باعا	80
جان	تاتتى	66
جان	ەدىڭ	45
جان	جاققا	80
جان	جارىم	59
جان	دوستار	52
جان	باعىپ	67
جان	ەمەسپىن	45
جان	جاقتان	70
جان	جاعىن	45
جان	امانبا	79
جان	تاپپاي	77
جان	تالاسىپ	81
جان	باققان	56
جان	باعۋ	75
جان	باعامىز	56
جان	اشىر	81
جان	ۇياڭ	67
جان	جاقتىلى	71
جان	جاعىڭدى	55
جان	باعىس	65
جان	ۇياڭمەن	77
جان	تاپتىرماي	64
جان	ماعان	77
جان	مەنىڭ	81
جان	جاعىڭا	61
جان	ءىستەگەن	76
جانى	بار	77
جانى	اشىپ	28
جانى	جانناتتا	18
جانى	جاناتتا	19
جانى	اشيدى	12
جانى	اشىمايدى	33
جانى	جايساڭ	41
جانى	اشيتىن	29
جانىم	عوي	42
جانىم	جان	130
جانىم	جانىم	135
جانىم	سالەم	36
جانىم	مەن	129
جانىم	دەپ	97
جانىم	جوق	53
جانىم	بول	61
جانىم	جاقسى	71
جانىم	بولدى	139
جانىم	بىر	90
جانىم	سول	80
جانىم	نە	106
جانىم	نەعىپ	83
جانىم	بار	15
جانىم	سەن	62
جانىم	ەندى	66
جانىم	بولىپ	77
جانىم	راحىمەت	87
جانىم	ماقۇل	141
جانىم	قوي	74
جانىم	الى	137
جانىم	الىپ	113
جانىم	ون	67
جانىم	وندا	140
جانىم	كەل	104
جانىم	كەلىپ	122
جانىم	يا	120
جانىم	ەرتە	126
جانىم	ەرتەڭ	120
جانىم	ادام	111
جانىم	بولسا	84
جانىم	بۇگىن	140
جانىم	مەندە	82
جانىم	سودان	94
جانىم	ماعان	106
جانىم	بارى	86
جانىم	بارىپ	105
جانىم	ەكى	74
جانىم	مەنى	94
جانىم	مەنىڭ	82
جانىم	قاي	111
جانىم	قايىرلى	100
جانىم	بولادى	61
جانىم	نەگە	39
جانىم	جاتىرمىن	95
جانىم	ول	114
جانىم	قايدا	119
جانىم	سەنى	102
جانىم	ساعان	143
جانىم	وسى	117
جانىم	جارايدى	74
جانىم	تاماق	100
جانىم	دەي	96
جانىم	دەيدى	134
جانىم	قال	91
جانىم	قالاي	114
جانىم	ۇي	125
جانىم	ۇيدە	131
جانىم	ۇيگە	111
جانىم	تەلەفون	141
جانىم	اي	97
جانىم	ايتىپ	79
جانىم	بىرگە	97
جانىم	كۇن	70
جانىم	دوسىم	130
جانىم	كىم	104
جانىم	امان	97
جانىم	امانشىلىق	87
جانىم	كەيىن	111
جانىم	قالدى	117
جانىم	اق	137
جانىم	اقشا	107
جانىم	دەگەن	101
جانىم	يە	135
جانىم	ونى	89
جانىم	بىراق	123
جانىم	جاقسىما	107
جانىم	قانشا	133
جانىم	ۇز	103
جانىم	ۇزىڭ	142
جانىم	قاشان	130
جانىم	قاربالاس	122
جانىم	ىشىپ	83
جانىم	قويشى	67
جانىم	تاعى	135
جانىم	وي	113
جانىم	كوپ	102
جانىم	كەتىپ	122
جانىم	تاڭەرتەڭ	116
جانىم	قۇتتى	108
جانىم	بىراز	109
جانىم	مىنا	101
جانىم	نەدەگەن	105
جانىم	قانداي	108
جانىم	شاي	100
جانىم	امانسىڭ	126
جانىم	امانسىڭبا	130
جانىم	باس	93
جانىم	باسقا	135
جانىم	سەنىڭ	113
جانىم	كەش	114
جانىم	كەشتە	128
جانىم	بولاما	114
جانىم	راس	110
جانىم	از	112
جانىم	ازىر	112
جانىم	ىستەپ	139
جانىم	كەشە	98
جانىم	قايتا	116
جانىم	انا	104
جانىم	ۇيقتا	129
جانىم	ۇيقتاپ	127
جانىم	قايتىپ	106
جانىم	جول	117
جانىم	جولداپ	135
جانىم	ۇش	120
جانىم	سوندا	102
جانىم	جۇمىس	112
جانىم	وزىڭ	116
جانىم	ايتەۋ	106
جانىم	تەز	134
جانىم	اعا	106
جانىم	دەسەم	123
جانىم	كوڭىل	114
جانىم	كوڭىلدى	134
جانىم	اۋ	128
جانىم	اۋىرىپ	63
جانىم	تۇن	88
جانىم	تۇندە	102
جانىم	شىعىپ	99
جانىم	قايداسىڭ	124
جانىم	كورىپ	139
جانىم	بارسىڭبا	113
جانىم	وعان	112
جانىم	بالا	124
جانىم	تۇرىپ	140
جانىم	جاڭا	142
جانىم	سونى	138
جانىم	سەندە	141
جانىم	بىز	139
جانىم	ايتقانىڭ	106
جانىم	بارام	141
جانىم	ۇيات	134
جانىم	تۇس	125
جانىم	كەلە	99
جانىم	قاتتى	124
جانىم	قيىن	138
جانىم	دۇرىس	138
جانىم	جاتىپ	133
جانىم	ايتا	134
جانىم	سونىمەن	90
جانىم	دەيمىن	124
جانىم	ۋاقىت	102
جانىم	قارا	117
جانىم	ەشتەڭە	123
جانىم	ۇلكەن	134
جانىم	اس	81
جانىم	بۇل	129
جانىم	كۇندە	112
جانىم	كەرەمەت	139
جانىم	قازىر	129
جانىم	جەجە	136
جانىم	ەي	123
جانىم	ودا	124
جانىم	ودان	139
جانىم	سوعان	136
جانىم	بەس	135
جانىم	كۇپ	138
جانىم	مىناۋ	111
جانىم	ماشينا	129
جانىم	جامان	122
جانىم	جاڭە	145
جانىم	قايدان	127
جانىم	ساعات	131
جانىم	دەشى	134
جانىم	توي	140
جانىم	جاي	112
جانىم	اينالايىن	89
جانىم	بارايىن	128
جانىم	اشىپ	134
جانىم	تۋىلعان	135
جانىم	شارشاپ	56
جانىم	شىن	132
جانىم	كۇرىپ	143
جانىم	بولماسا	121
جانىم	جۇرەگىم	127
جانىم	تۇستە	118
جانىم	تۇستەن	134
جانىم	امال	138
جانىم	باعانا	87
جانىم	اڭگىمە	114
جانىم	ەكەمىز	143
جانىم	جالعىز	72
جانىم	تاتتى	103
جانىم	تاتتىم	118
جانىم	بارىن	114
جانىم	سونداي	92
جانىم	سۇيتىپ	128
جانىم	ءالى	124
جانىم	قاتە	127
جانىم	ماڭگى	127
جانىم	بىلاي	127
جانىم	ەڭ	133
جانىم	الگى	126
جانىم	بارامىن	114
جانىم	ونداي	133
جانىم	بەكەر	142
جانىم	ارەڭ	129
جانىم	ۇزىم	134
جانىم	جولداشى	101
جانىم	ساعىنىپ	123
جانىم	قالىڭ	80
جانىم	نەبولدى	114
جانىم	قايتەم	125
جانىم	سويلە	137
جانىم	بىزدىڭ	140
جانىم	دەن	133
جانىم	دەنساۋلىق	128
جانىم	ايتشى	122
جانىم	سولاي	138
جانىم	بىردەمە	130
جانىم	وقاسى	135
جانىم	توسىپ	110
جانىم	دارى	125
جانىم	ەرتەرەك	122
جانىم	باسىم	133
جانىم	ونىڭ	143
جانىم	بىزدە	124
جانىم	وزىم	132
جانىم	قالايسىڭ	141
جانىم	سومەن	97
جانىم	ناق	130
جانىم	دەم	134
جانىم	قايرلى	125
جانىم	وڭاي	143
جانىم	بىلايدە	118
جانىم	وتە	135
جانىم	ىراحىمەت	109
جانىم	ارتىق	136
جانىم	بالام	138
جانىم	ۇيىقتاپ	118
جانىم	بۇيىرسا	123
جانىم	قايداعى	126
جانىم	مەنەن	143
جانىم	سۇيلە	131
جانىم	شعىپ	113
جانىم	دەنساۋلىعىڭ	136
جانىم	باسە	104
جانىم	بارمىن	137
جانىم	بالالار	123
جانىم	شىركىن	139
جانىم	دەمال	124
جانىم	ساعىندىم	125
جانىم	بارعاندا	139
جانىم	سەنەن	132
جانىم	ەرەكشە	112
جانىم	دەسەڭ	142
جانىم	قولايسىز	142
جانىم	قالجىڭ	138
جانىم	باقىتتى	128
جانىم	دال	138
جانىم	جەتىپ	132
جانىم	تۇرا	127
جانىم	باۋىرىم	117
جانىم	دەيسىڭ	131
جانىم	جاقسىڭ	125
جانىم	تەك	126
جانىم	اپام	120
جانىم	كۇڭىل	126
جانىم	كۇڭىلدى	137
جانىم	اقىرىن	122
جانىم	بىلەم	137
جانىم	سۋىق	132
جانىم	كۇندەرىڭ	125
جانىم	ۇستىپ	133
جانىم	التىن	131
جانىم	كەشكە	143
جانىم	رەنجىپ	128
جانىم	اناۋ	122
جانىم	ۇيتىپ	113
جانىم	قارسى	132
جانىم	جاعداي	134
جانىم	راقىمەت	142
جانىم	ءوزىڭ	140
جانىم	قايتەسىڭ	134
جانىم	قابارلاسىپ	127
جانىم	ۇيقى	137
جانىم	ۇيقىم	141
جانىم	دەمالىپ	141
جانىم	جايلى	126
جانىم	ەشتەمە	137
جانىم	دۇرس	144
جانىم	قۇداي	103
جانىم	ۇتە	92
جانىم	شپيىڭ	136
جانىم	بىلەسىڭ	126
جانىم	كۇندىز	143
جانىم	جۇمىسقا	145
جانىم	ۇيقتادىم	92
جانىم	الاڭداما	141
جانىم	كۇنىم	140
جانىم	التىنىم	137
جانىم	رەنجىمە	121
جانىم	باي	144
جانىم	بايقاپ	143
جانىم	قوش	139
جانىم	سىڭ	112
جانىم	كەيدە	96
جانىم	اعام	133
جانىم	سۇيەم	107
جانىم	ىراس	143
جانىم	بۇدان	134
جانىم	قولايلى	131
جانىم	كەشكى	92
جانىم	ايتپەسە	129
جانىم	ۇزىڭدى	124
جانىم	جارايسىڭ	116
جانىم	ۇيقتاي	139
جانىم	مەننەن	140
جانىم	اپەكە	90
جانىم	تەزىرەك	129
جانىم	سەننەن	127
جانىم	سۇيىپ	143
جانىم	بۇگىنگى	133
جانىم	جەڭگە	139
جانىم	ۇيقىڭ	113
جانىم	قىزىم	122
جانىم	كەلشى	140
جانىم	سارى	140
جانىم	مەنىكى	139
جانىم	وزىڭدى	123
جانىم	بۇيرسا	131
جانىم	تۇسكى	115
جانىم	سەنىمەن	144
جانىم	جولىڭ	88
جانىم	وراي	120
جانىم	تەگى	102
جانىم	قۇشاقتاپ	63
جانىم	دەكەن	137
جانىم	تاڭعى	143
جانىم	باسىڭ	117
جانىم	ساۋداڭ	117
جانىم	ەكەۋمىز	131
جانىم	تۇرساڭ	124
جانىم	راحمەت	123
جانىم	قاسىڭدا	144
جانىم	وزىڭە	143
جانىم	مەنىم	125
جانىم	تۇردىڭبا	135
جانىم	كەمپىر	139
جانىم	كەمپىرىم	137
جانىم	قينالىپ	136
جانىم	ۇزىڭە	136
جانىم	تۋرا	117
جانىم	سۇيكىمدى	143
جانىم	ساعنىپ	114
جانىم	الاڭداپ	130
جانىم	ولاي	132
جانىم	سۇل	120
جانىم	قۇلىنىم	143
جانىم	كەشىر	121
جانىم	جاپا	118
جانىم	ايتبەسە	127
جانىم	تاماعىڭدى	142
جانىم	الاڭسىز	89
جانىم	جاقسىڭبا	111
جانىم	بىلدىم	142
جانىم	بىلەمىن	142
جانىم	شارشادىڭ	87
جانىم	ۇزىڭدە	139
جانىم	قولىڭ	140
جانىم	شالىم	117
جانىم	مەنىڭدە	140
جانىم	سەنشى	141
جانىم	قابارسىز	139
جانىم	قاربالاسپا	135
جانىم	اماندىق	143
جانىم	وزىڭدە	130
جانىم	قارعام	143
جانىم	اسبولسىن	143
جانىم	اسىقپاي	132
جانىم	سىڭىلىم	115
جانىم	ۇقتىڭبا	135
جانىم	اياۋلىم	137
جانىم	كورگىم	112
جانىم	جەڭگەم	143
جانىم	ساعاندا	141
جانىم	قايداعىنى	140
جانىم	سۇيلەشى	120
جانىم	بوتام	129
جانىم	بولشى	138
جانىم	سويلەشى	136
جانىم	وزىڭشى	133
جانىم	قاتىرجام	144
جانىم	اپەكەم	95
جانىم	شىدا	140
جانىم	ۇيقتايىق	132
جانىم	قۇداشا	134
جانىم	ىسىڭ	130
جانىم	كۇيىپ	134
جانىم	تىرى	140
جانىم	كۇرگىم	125
جانىم	كۇشىگىم	142
جانىم	دەمە	140
جانىم	تۇسىنەم	124
جانىم	كەشىڭ	137
جانىم	تۇسىڭدە	133
جانىم	قارىنداسىم	139
جانىم	ۇقتىم	142
جانىم	قاندايسىڭ	141
جانىم	دەمەي	143
جانىم	اقىلدى	123
جانىم	كەشىرشى	139
جانىم	جۇمىسىڭدى	134
جانىم	بايىم	113
جانىم	بىلەسىڭبە	136
جانىم	قاتىنىم	102
جانىم	ءوزىڭدى	143
جانىم	ەركەم	113
جانىم	تانام	113
جانىم	دەنساۋلىعىڭا	137
جانىم	تومپاعىم	139
جانىم	ءتاتتىم	123
جانىم	التنىم	143
جانىم	قوزىم	122
جانىم	رەنجىمەشى	125
جانىم	سۇيىكتىم	121
جانىم	ابايلاپ	133
جانىم	سۇيكتىم	144
جانىم	سڭلىم	144
جانىم	بوتاقانىم	115
جانىم	جالىنايىن	141
جانىم	شول	99
جانىم	شوجەم	123
جانىم	شۇجەم	128
جانىم	تاتىم	144
جانىم	دەمەشى	103
جانىم	كۇكەم	136
جانىم	ۇيتپەشى	130
جانىم	الاڭداماشى	125
جانىم	دادام	138
جانىم	ۇيتبەشى	135
جانىم	عاشىعىم	141
جانىم	كەلىنشەگىم	138
جانىم	قاتنىم	144
جانىم	اشيدى	141
جانىم	ۇزى	141
جانىم	جولدا	118
جانىم	بەرە	113
جانىم	بارا	143
جانىم	تويعا	115
جانىم	قايسى	129
جانىم	ستەپ	109
جانىم	تاۋعا	115
جانىم	ساۋ	141
جانىم	ەل	124
جانىم	سەندەر	120
جانىم	قاتىن	138
جانىم	نەسى	109
جانىم	مىنە	138
جانىم	بايقا	143
جانىم	ادەمى	135
جانىم	ءازىر	106
جانىم	باقتتى	114
جانىم	جۇمسقا	117
جانىم	سار	131
جانىم	شالىڭ	130
جانىم	قاسىمدا	123
جانىم	كەزىگەيىك	139
جانىم	ۇيتكەنى	138
جانىم	جاقسما	108
جانىم	ۇيىقتاي	130
جانىم	ىنىم	137
جانىم	تويىپ	135
جانىم	قاسىڭا	113
جانىم	جارايما	130
جانىم	سۇيگەن	144
جانىم	اسقپاي	116
جانىم	حوش	139
جانىم	قىينالىپ	125
جانىم	بالدىز	103
جانىم	تۇسنەم	113
جانىم	قۇلنىم	137
جانىم	ۇيتپە	131
جانىم	ماۋباسىم	144
جانىم	كوكەم	129
جانىم	تۇسىنشى	127
جانىم	سۇلۋىم	125
جانىم	اپكە	142
جانىم	تۇسىنگەنىڭە	130
جانىم	ىرەنجىمەشى	122
جانىم	گەلنشەگىم	143
جانىم	داداۋىم	125
جانىم	ءدينام	135
جانىم	پيدا	136
سال	جانىم	144
سال	مەن	43
سال	دەپ	45
سال	بولدى	31
سال	بىر	57
سال	ەندى	71
سال	بولىپ	67
سال	وندا	65
سال	ەرتە	80
سال	ەرتەڭ	73
سال	مەندە	68
سال	ماعان	70
سال	مەنى	70
سال	دەيدى	70
سال	دوسىم	58
سال	دەگەن	70
سال	قاربالاس	67
سال	بولاما	55
سال	دەسەم	54
سال	تۇرىپ	68
سال	ۇيات	15
سال	جاي	74
سال	دەدىم	79
سال	قولايسىز	67
سال	تۇرا	67
سال	پال	78
سال	تۇرپ	77
سال	يا	54
سال	دەدى	75
سال	توسا	52
سالەم	جان	76
سالەم	جانىم	96
سالەم	سالەم	39
سالەم	مەن	41
سالەم	دەپ	107
سالەم	جوق	78
سالەم	بولسىن	133
سالەم	جاقس	101
سالەم	جاقسى	124
سالەم	بىر	47
سالەم	سول	106
سالەم	نە	117
سالەم	نەعىپ	92
سالەم	بار	135
سالەم	سەن	66
سالەم	ەندى	114
سالەم	راحىمەت	107
سالەم	ماقۇل	119
سالەم	الىپ	138
سالەم	كەلىپ	110
سالەم	يا	85
سالەم	ەرتەڭ	115
سالەم	قابىل	34
سالەم	بۇگىن	91
سالەم	مەندە	101
سالەم	سودان	117
سالەم	ماعان	137
سالەم	بارىپ	92
سالەم	ەكى	119
سالەم	مەنى	95
سالەم	مەنىڭ	100
سالەم	قاي	119
سالەم	قايىرلى	117
سالەم	بولادى	80
سالەم	نەگە	105
سالەم	قايدا	101
سالەم	ساعان	135
سالەم	وسى	87
سالەم	جارايدى	132
سالەم	قال	15
سالەم	قالاي	59
سالەم	ۇي	103
سالەم	ۇيدە	129
سالەم	ۇيگە	117
سالەم	تەلەفون	73
سالەم	اي	138
سالەم	ايت	138
سالەم	ايتىپ	109
سالەم	بىرگە	127
سالەم	دوسىم	116
سالەم	كىم	116
سالەم	امان	130
سالەم	امانشىلىق	69
سالەم	اق	114
سالەم	اقشا	109
سالەم	دەگەن	128
سالەم	جاقسىما	47
سالەم	قانشا	136
سالەم	قاشان	81
سالەم	قاربالاس	137
سالەم	وي	136
سالەم	كەتىپ	16
سالەم	تاڭەرتەڭ	127
سالەم	مىنا	113
سالەم	نەدەگەن	119
سالەم	قانداي	132
سالەم	شاي	133
سالەم	بەرىپ	98
سالەم	امانس	115
سالەم	امانسى	134
سالەم	امانسىڭ	110
سالەم	امانسىڭبا	70
سالەم	كەش	136
سالەم	كەشتە	52
سالەم	ىستەپ	134
سالەم	كەشە	107
سالەم	انا	99
سالەم	ۇيقتاپ	136
سالەم	يۋان	131
سالەم	جول	82
سالەم	جولداپ	118
سالەم	سوندا	114
سالەم	جۇمىس	119
سالەم	اعا	124
سالەم	تۇن	70
سالەم	تۇندە	116
سالەم	قايداسىڭ	128
سالەم	بارسىڭبا	136
سالەم	جاڭا	91
سالەم	بىز	71
سالەم	ايتقانىڭ	116
سالەم	تۇس	134
سالەم	ايتا	134
سالەم	سونىمەن	100
سالەم	قارا	132
سالەم	ۇلكەن	129
سالەم	بۇل	122
سالەم	كەرەمەت	121
سالەم	مال	112
سالەم	قوسىپ	123
سالەم	جەجە	133
سالەم	اپا	113
سالەم	مىناۋ	63
سالەم	قىز	130
سالەم	مىڭ	133
سالەم	توي	52
سالەم	اينالايىن	131
سالەم	تۋىلعان	132
سالەم	ايتىڭ	62
سالەم	تۇستەن	115
سالەم	قىزدار	125
سالەم	قايسى	133
سالەم	جاساپ	37
سالەم	تاتتى	109
سالەم	الگى	52
سالەم	امانسىز	138
سالەم	امانسىزبا	74
سالەم	باعاسى	110
سالەم	قالىڭ	46
سالەم	قىلىپ	137
سالەم	نان	138
سالەم	بىزدىڭ	121
سالەم	دەنساۋلىق	121
سالەم	ايىت	138
سالەم	سىز	115
سالەم	قالايسىڭ	113
سالەم	سومەن	71
سالەم	سىزگە	122
سالەم	قايرلى	136
سالەم	بالام	121
سالەم	سۇت	49
سالەم	دەنساۋلىعىڭ	106
سالەم	بارمىن	124
سالەم	بالالار	89
سالەم	اقشانى	104
سالەم	منا	137
سالەم	بارلىق	115
سالەم	دال	136
سالەم	باۋىر	104
سالەم	باۋىرىم	113
سالەم	جاقسىڭ	79
سالەم	سالەمىڭ	112
سالەم	اتا	70
سالەم	التىن	113
سالەم	مىنانى	115
سالەم	دوستار	135
سالەم	جاعداي	101
سالەم	قۇدا	139
سالەم	بەردىم	92
سالەم	قوش	139
سالەم	سونمەن	139
سالەم	امانسىڭدار	84
سالەم	امانسىڭدارما	94
سالەم	بارلىقتارىڭىزعا	78
سالەم	اپەكە	111
سالەم	ايتىڭىز	68
سالەم	مناۋ	138
سالەم	بۇگىنگى	76
سالەم	امانشىلىقپا	137
سالەم	جەڭگە	84
سالەم	قىزىم	125
سالەم	سارى	61
سالەم	كەلىن	124
سالەم	جىگىتتەر	139
سالەم	جاقسىز	133
سالەم	تۇسكى	136
سالەم	كەشەگى	94
سالەم	تاڭعى	115
سالەم	ساۋداڭ	112
سالەم	جانم	129
سالەم	ساباقتاس	91
سالەم	ساباقتاستار	107
سالەم	ساتاتىن	94
سالەم	تاتە	99
سالەم	ۇيشىڭ	122
سالەم	ۇيشىڭعا	131
سالەم	سۇيكىمدى	138
سالەم	جاقسسىڭ	129
سالەم	امانسىزدار	114
سالەم	امانسىزدارما	72
سالەم	سۇلۋ	70
سالەم	مۇعالىم	139
سالەم	ناعاشى	121
سالەم	ماۋباس	117
سالەم	جاندارىم	111
سالەم	جاقسىڭبا	101
سالەم	اسابا	121
سالەم	جالپى	136
سالەم	جاقسما	134
سالەم	تۋستار	119
سالەم	جاقسىزبا	90
سالەم	اسىل	99
سالەم	كۇيەۋ	79
سالەم	سىڭىلىم	99
سالەم	اياۋلى	76
سالەم	ىنىم	137
سالەم	بارسىزبا	74
سالەم	تۋىستار	139
سالەم	قالىڭىز	129
سالەم	اپاي	131
سالەم	جانار	105
سالەم	قۇداشا	136
سالەم	قايجەردەن	139
سالەم	جەزدە	139
سالەم	قالدارىڭ	122
سالەم	قۇداعي	93
سالەم	جاقسز	110
سالەم	كوپشىلىك	118
سالەم	كەشىڭ	132
سالەم	جاقسزبا	86
سالەم	تۇسىڭ	139
سالەم	جاقسڭ	136
سالەم	جاقسڭبا	102
سالەم	بارسڭبا	88
سالەم	اۋىلداستار	117
سالەم	قارىنداس	88
سالەم	قارىنداسىم	99
سالەم	امانشلىق	127
سالەم	جاقسىسىڭ	88
سالەم	امانسز	123
سالەم	امانسزبا	101
سالەم	بارشا	131
سالەم	بارشاڭىزعا	135
سالەم	باۋرىم	127
سالەم	قابل	136
سالەم	جاقسىزدار	98
سالەم	امانسڭ	126
سالەم	امانسڭبا	116
سالەم	امانبا	138
سالەم	جاقسسز	103
سالەم	قالايسىز	81
سالەم	جاقسسىز	124
سالەم	قالايسىڭدار	108
سالەم	جىبو	125
سالەم	نۇكە	95
سالەم	كورشىلەر	134
سالەم	حال	100
سالەم	بالدىز	98
سالەم	جگتتەر	125
سالەم	جيەن	128
سالەم	توراپتاستار	88
سالەم	حوش	87
سالەم	جالپىڭىزعا	135
سالەم	كۇپشىلىك	122
سالەم	باجا	86
سالەم	باسەكە	103
سالەم	قۇرمەتتى	94
سالەم	قالدارىڭىز	102
سالەم	سڭلىم	123
سالەم	دوسكا	127
سالەم	باۇىرىم	123
سالەم	جاقسىڭدار	133
سالەم	ىنم	117
سالەم	بەردىك	102
سالەم	امانسڭدار	100
سالەم	امانسڭدارما	106
سالەم	جاقسسڭ	131
سالەم	امانسزدار	128
سالەم	ارۋ	92
سالەم	مالشى	130
سالەم	جاقسىسىز	126
سالەم	جاقسسزبا	106
سالەم	تۇستار	112
سالەم	جاقسسڭبا	109
سالەم	جاقسسىڭبا	107
سالەم	جاكە	139
سالەم	جاقسىڭدارما	131
سالەم	قۇداعىي	104
سالەم	جەتەكشى	133
سالەم	كۇرشىلەر	105
سالەم	ءاپەكە	123
سالەم	مەيىربان	117
سالەم	بارلىقتارىڭا	133
سالەم	سەكە	133
سالەم	حالقىم	102
سالەم	سىڭلىم	109
سالەم	جەڭگەي	99
سالەم	جاقسىزدارما	117
سالەم	قالقىم	122
سالەم	بارلقتارىڭىزعا	119
سالەم	جاقسزدار	138
سالەم	امانسزدارما	138
سالەم	كەشتەرىڭ	123
سالەم	ۇستاز	100
سالەم	تانسۋعا	107
سالەم	ساكە	104
سالەم	جۇكە	139
سالەم	قارنداس	123
سالەم	كەشتەرىڭىز	131
سالەم	تويشىل	134
سالەم	ابستاي	111
سالەم	جاقسىسىڭبا	139
سالەم	جاقسىسز	137
سالەم	جاقسڭدار	124
سالەم	جاقسڭدارما	132
سالەم	امانشىلىقبا	124
سالەم	جاقسسىزبا	121
سالەم	جاقسسزدار	112
سالەم	جاقسىسىزبا	127
سالەم	اۋلداستار	126
سالەم	دەرىڭ	128
سالەم	جاقسزدارما	133
سالەم	شوپىرلار	123
سالەم	جاقىسىڭ	118
سالەم	تۇىستار	106
سالەم	قالڭىز	132
سالەم	امانشلقپا	129
سالەم	قزدار	128
سالەم	جبو	132
سالەم	جاقسىسڭ	120
سالەم	كەشجارىق	131
سالەم	احۋالىڭ	113
سالەم	ارۋلار	106
سالەم	جاقسىسزبا	136
سالەم	جاقىسز	121
سالەم	حالىڭ	123
سالەم	جاقسسىڭدار	131
سالەم	قۇربىلار	125
سالەم	قۇرداستار	126
سالەم	جاقسسىزدار	132
سالەم	امانشىلقپا	135
سالەم	قالجايىڭ	128
سالەم	بارشالارىڭىزعا	139
سالەم	جاقسىسىزدار	129
سالەم	سىرلاستار	122
سالەم	جاقسسزدارما	127
سالەم	كۇرشلەر	135
سالەم	اۇىلداستار	135
سالەم	كاسىپتەستەر	136
سالەم	بارىلقتارىڭىزعا	138
سالەم	جاقسىسزدار	134
سالەم	كوپشلىك	132
سالەم	كۇپشلىك	138
سالەم	اۇلداستار	139
سالەم	تۇراپتاستار	127
سالەم	الى	97
سالەم	قۇتتى	15
سالەم	باس	108
سالەم	تويعا	97
سالەم	تاۋعا	64
سالەم	قۇڭباۋ	126
سالەم	كەشكى	135
سالەم	كىمنىڭ	79
سالەم	تۇردىڭبا	64
سالەم	ەكىنشى	135
سالەم	ۇشىنشى	115
سالەم	اراي	84
سالەم	تىلەۋ	65
سالەم	سالەمەت	87
سالەم	شوفەر	129
سالەم	دەنساۋلىقتارىڭ	124
سالەم	احۋال	133
سالەم	داق	135
سالەم	بويجەتكەن	137
سالەم	تانىسۋعا	110
سالەم	جوقشىلار	137
سالەم	تانسساق	121
سالەم	جاقسىسڭبا	125
سالەم	العانىڭا	139
سالەم	امانشلىقپا	132
سالەم	جاقىسزبا	139
سالەم	جىبوڭ	132
سالەم	تورلاستار	134
سالەم	جاقىسىز	136
مەن	عوي	136
مەن	جان	54
مەن	جانىم	125
مەن	سال	107
مەن	سالەم	107
مەن	مەن	131
مەن	دەپ	62
مەن	جوق	98
مەن	جاق	90
مەن	جاقسى	135
مەن	بولدى	70
مەن	ەكەن	117
مەن	بىر	122
مەن	سول	36
مەن	نە	49
مەن	نەعىپ	60
مەن	بار	48
مەن	سەن	93
مەن	ەندى	60
مەن	بولىپ	38
مەن	ماقۇل	106
مەن	قوي	89
مەن	الى	91
مەن	الىپ	71
مەن	ون	123
مەن	وندا	98
مەن	كەل	128
مەن	كەلىپ	118
مەن	يا	66
مەن	ەر	82
مەن	ەرتە	117
مەن	ەرتەڭ	92
مەن	ادام	67
مەن	بۇگىن	58
مەن	سودان	79
مەن	ماعان	56
مەن	بارى	51
مەن	بارىپ	129
مەن	ەكى	132
مەن	مەنى	81
مەن	مەنىڭ	132
مەن	قاي	71
مەن	بولا	29
مەن	نەگە	128
مەن	جاتىرمىن	81
مەن	ول	133
مەن	قايدا	101
مەن	سەنى	110
مەن	ساعان	87
مەن	وسى	90
مەن	تاماق	68
مەن	قالاي	32
مەن	ۇي	100
مەن	ۇيدە	92
مەن	ۇيگە	56
مەن	تەلەفون	66
مەن	اي	54
مەن	ايتى	130
مەن	ايتىپ	112
مەن	بىرگە	87
مەن	كۇن	88
مەن	وتىرمىن	121
مەن	دوس	77
مەن	دوسىم	128
مەن	كىم	79
مەن	امان	64
مەن	كەيىن	82
مەن	تاڭ	120
مەن	اق	80
مەن	اقشا	80
مەن	دەگەن	77
مەن	كۇنى	97
مەن	ەمەس	133
مەن	بارما	96
مەن	ونى	135
مەن	بىراق	109
مەن	قانشا	135
مەن	ۇز	120
مەن	ۇزى	100
مەن	قاشان	123
مەن	قاربالاس	85
مەن	ىشىپ	90
مەن	قويشى	133
مەن	تاعى	76
مەن	كوپ	61
مەن	كەتىپ	88
مەن	تاڭەرتەڭ	134
مەن	بىراز	120
مەن	مىنا	77
مەن	نەدەگەن	63
مەن	قانداي	112
مەن	شاي	72
مەن	بەر	82
مەن	بەرىپ	88
مەن	باس	127
مەن	باسقا	104
مەن	سەنىڭ	91
مەن	كەشتە	135
مەن	بولام	84
مەن	راس	85
مەن	از	72
مەن	ازىر	93
مەن	ىستە	105
مەن	ىستەپ	133
مەن	جۇر	57
مەن	الماي	64
مەن	كەشە	80
مەن	قايتا	129
مەن	ان	105
مەن	انا	123
مەن	ۇيقتاپ	85
مەن	يۋان	91
مەن	قايتىپ	72
مەن	جول	78
مەن	جولدا	71
مەن	جولداپ	104
مەن	الدىم	114
مەن	كەتتىم	133
مەن	ۇش	93
مەن	سوندا	114
مەن	جۇمىس	94
مەن	وز	108
مەن	وزى	103
مەن	ايتەۋ	121
مەن	تەز	133
مەن	ات	111
مەن	اتىپ	129
مەن	بوپ	127
مەن	قالدىم	82
مەن	كەرەك	100
مەن	كوڭىل	89
مەن	ايتتى	96
مەن	اۋىرىپ	130
مەن	تۇندە	98
مەن	بەرە	83
مەن	بەرەيىن	113
مەن	كەلدىم	85
مەن	شى	81
مەن	شىعا	86
مەن	شىعىپ	132
مەن	قويدىم	133
مەن	كورىپ	117
مەن	وعان	104
مەن	بالا	99
مەن	تۇرىپ	97
مەن	جاڭا	88
مەن	سونى	88
مەن	سەندە	74
مەن	ايتقان	119
مەن	تاۋىپ	106
مەن	جۇرمىن	133
مەن	الايىن	106
مەن	بارا	93
مەن	بارام	68
مەن	تۇس	104
مەن	كەلە	102
مەن	قاتتى	72
مەن	سالىپ	103
مەن	عانا	120
مەن	قيىن	90
مەن	بولعان	80
مەن	جاتىپ	125
مەن	ايتا	78
مەن	ۋاقىت	104
مەن	قارا	107
مەن	قاراپ	105
مەن	ەش	100
مەن	ەشتەڭە	112
مەن	ۇل	111
مەن	ۇلكەن	130
مەن	سوم	92
مەن	بۇل	95
مەن	تۇرمىن	76
مەن	كۇندە	88
مەن	مال	98
مەن	قازىر	89
مەن	تۇسىپ	126
مەن	قوس	63
مەن	قوسىپ	136
مەن	بولدىم	102
مەن	ودان	97
مەن	سوعان	130
مەن	بەس	122
مەن	اپارىپ	98
مەن	كۇپ	107
مەن	جەر	84
مەن	ماشينا	120
مەن	قىز	80
مەن	سۇراپ	101
مەن	جامان	90
مەن	جاڭە	114
مەن	قايدان	75
مەن	ايتام	108
مەن	كەلەدى	93
مەن	ساعات	95
مەن	مىڭ	119
مەن	جاتقان	98
مەن	توي	121
مەن	جاي	97
مەن	كەپ	91
مەن	قويىپ	78
مەن	ويلاپ	102
مەن	بىرەۋ	120
مەن	ءبىر	113
مەن	كەتكەن	53
مەن	ۇشىن	59
مەن	بارايىن	110
مەن	اش	90
مەن	اشىپ	131
مەن	شارشاپ	135
مەن	شىن	130
مەن	بولماي	115
مەن	كۇرىپ	116
مەن	جۇرە	117
مەن	جۇرەگىم	115
مەن	جۇرگەن	95
مەن	العان	83
مەن	تۇستە	124
مەن	تۇستەن	96
مەن	امال	82
مەن	باعانا	100
مەن	كەتە	116
مەن	باراتىن	99
مەن	اڭگىمە	129
مەن	بەرەم	109
مەن	سياقتى	90
مەن	جۋىپ	111
مەن	ەكەم	120
مەن	قايسى	73
مەن	جاس	107
مەن	جاساپ	127
مەن	جالعىز	85
مەن	جەپ	73
مەن	جۇرىپ	88
مەن	بارىن	106
مەن	سونداي	122
مەن	سۇيتىپ	101
مەن	ءالى	73
مەن	قاتە	118
مەن	نارسە	93
مەن	ماڭگى	133
مەن	بىلاي	88
مەن	ەڭ	116
مەن	الگى	114
مەن	بارامىن	100
مەن	ونداي	136
مەن	بەكەر	98
مەن	ار	103
مەن	ارەڭ	129
مەن	ويناپ	92
مەن	جۇز	102
مەن	ۇزىم	94
مەن	بۇرىن	116
مەن	ساعىنىپ	90
مەن	الاتىن	73
مەن	كەلگەن	82
مەن	قالىڭ	124
مەن	قايتەم	88
مەن	نان	116
مەن	سويلەپ	100
مەن	تارتىپ	106
مەن	بىلمەي	109
مەن	بىلمەيمىن	109
مەن	قۇساپ	126
مەن	ستەپ	94
مەن	سولاي	119
مەن	بىردەمە	103
مەن	تۇرعان	122
مەن	سىز	73
مەن	توسىپ	73
مەن	جاققا	132
مەن	دارى	85
مەن	ەرتەرەك	133
مەن	ماي	72
مەن	باسى	75
مەن	باسىم	120
مەن	ونىڭ	102
مەن	نەشە	98
مەن	تاس	98
مەن	تاستاپ	135
مەن	وزىم	101
مەن	سىزگە	111
مەن	ناق	119
مەن	باسىپ	105
مەن	دەم	114
مەن	وڭاي	112
مەن	سۋ	123
مەن	جىندى	109
مەن	وتە	115
مەن	ارتىق	126
مەن	بالام	112
مەن	باستا	136
مەن	باستاپ	136
مەن	ۇيىقتاپ	125
مەن	بۇيىرسا	111
مەن	قايداعى	75
مەن	اراق	90
مەن	شىعارىپ	119
مەن	سۇيلەپ	120
مەن	سۇت	123
مەن	ىزدەپ	123
مەن	كىر	125
مەن	كىرىپ	100
مەن	جارىم	132
مەن	جازىپ	109
مەن	اياق	103
مەن	شعىپ	127
مەن	بارمىن	132
مەن	اقشاسىن	116
مەن	اقشانى	122
مەن	منا	113
مەن	زات	107
مەن	وتىرىپ	112
مەن	اشىق	110
مەن	قالىپ	91
مەن	الام	128
مەن	قول	124
مەن	ساعىندىم	134
مەن	بارعان	132
مەن	بارعاندا	94
مەن	ەرتىپ	111
مەن	اكە	75
مەن	اكەپ	131
مەن	كەلگەندە	130
مەن	سەنەن	112
مەن	بارلىق	111
مەن	قاراي	122
مەن	بەرەمىن	114
مەن	بارادى	128
مەن	ايدىڭ	114
مەن	جىگىت	118
مەن	ەرەكشە	87
مەن	اۋدانعا	83
مەن	دەسەڭ	111
مەن	قولايسىز	122
مەن	قالجىڭ	123
مەن	باقىتتى	91
مەن	دال	123
مەن	ەل	121
مەن	جانە	127
مەن	ايتتىم	95
مەن	جەتى	101
مەن	جەتىپ	130
مەن	تۇرا	118
مەن	قاتى	120
مەن	قاتىن	132
مەن	المايمىن	113
مەن	وتىرعان	124
مەن	شعا	84
مەن	سەندەر	135
مەن	پۇل	101
مەن	تەك	133
مەن	جاۋاپ	114
مەن	اپام	124
مەن	قايتارىپ	117
مەن	ۇرىپ	120
مەن	ايتايىن	129
مەن	اقىرىن	116
مەن	كولىك	102
مەن	بىلەم	97
مەن	اتا	131
مەن	ۇمىتىپ	129
مەن	قۇڭباۋ	101
مەن	ۇستىپ	112
مەن	التى	112
مەن	التىن	126
مەن	كەشكە	69
مەن	رەنجىپ	115
مەن	كورەيىن	111
مەن	ايەل	134
مەن	ۇيتىپ	98
مەن	ماس	107
مەن	قارسى	123
مەن	مىنانى	111
مەن	عۇي	120
مەن	ۇتىرىك	116
مەن	الامىن	125
مەن	ۇستاپ	124
مەن	المادىم	100
مەن	ءوزى	87
مەن	وتىرىك	121
مەن	قانا	133
مەن	قابارلاسىپ	134
مەن	مىنە	115
مەن	ۇيقىم	112
مەن	دەمالىپ	136
مەن	بەرگەن	124
مەن	ەكەۋ	105
مەن	ساتىپ	130
مەن	ەلدى	125
مەن	ەلدىڭ	133
مەن	جايلى	60
مەن	بارسام	128
مەن	بىلىپ	131
مەن	ايداپ	105
مەن	ەشتەمە	112
مەن	ۇيدى	116
مەن	ۇيدىڭ	127
مەن	بوس	118
مەن	تازا	129
مەن	جاقىن	111
مەن	ۇتە	131
مەن	شپيىڭ	117
مەن	قۇيىپ	132
مەن	ارى	104
مەن	الدىندا	125
مەن	بەردى	111
مەن	بەردىم	129
مەن	شاقىرىپ	101
مەن	كۇندىز	135
مەن	جۇمىسقا	121
مەن	كەتەم	116
مەن	بەرمەي	112
مەن	ساي	99
مەن	ۇيقتادىم	129
مەن	دايىن	126
مەن	الدىمەن	117
مەن	مۇمكىن	111
مەن	قوناق	135
مەن	بەت	120
مەن	تالاي	92
مەن	باي	122
مەن	كەيدە	120
مەن	اعام	124
مەن	كىرە	92
مەن	سۇيەم	97
مەن	ۇن	132
مەن	ۇندەمەي	132
مەن	پالە	116
مەن	تۇك	126
مەن	ايتپ	109
مەن	تىپتى	122
مەن	ۇيدەن	120
مەن	شىپ	130
مەن	ىراس	118
مەن	بۇدان	93
مەن	ەستىپ	124
مەن	ءار	134
مەن	كەشكى	121
مەن	ۇزىڭدى	112
مەن	بىردەڭە	117
مەن	قارىز	120
مەن	كيىم	134
مەن	اتام	93
مەن	السام	92
مەن	قايتام	119
مەن	دەرەۋ	112
مەن	تاياپ	100
مەن	ۇيقتاي	134
مەن	قىزىل	123
مەن	سيىر	96
مەن	قابارلاسايىن	136
مەن	بىلمەدىم	129
مەن	ءازىر	121
مەن	نەمەنە	114
مەن	اندا	87
مەن	انداعى	132
مەن	وسىنداي	121
مەن	كەتەتىن	98
مەن	شىق	119
مەن	نەنى	130
مەن	سەننەن	93
مەن	سويلەمەي	126
مەن	ايتىم	124
مەن	تاۋعا	92
مەن	بولسام	122
مەن	سۇيىپ	117
مەن	شىقتىم	92
مەن	ۇيدەمىن	113
مەن	ايتسام	130
مەن	انە	129
مەن	تورت	131
مەن	جاتتىم	133
مەن	ارتىنان	120
مەن	جىلاپ	131
مەن	العام	125
مەن	ايتامىن	125
مەن	قۇلجا	77
مەن	قۇلجاعا	126
مەن	قىزىم	117
مەن	باعىپ	105
مەن	نەكە	131
مەن	اۋرىپ	120
مەن	كەلىن	121
مەن	وزىڭدى	82
مەن	ءان	118
مەن	باقتتى	133
مەن	مالعا	118
مەن	ەلگە	123
مەن	شۇنگە	126
مەن	سونىڭ	126
مەن	جۇمس	94
مەن	جۇمسقا	127
مەن	شعارىپ	128
مەن	شىپيىڭ	128
مەن	الپ	128
مەن	باياعى	125
مەن	بارماي	128
مەن	بارمايمىن	108
مەن	نەدەپ	127
مەن	كىشكەنە	111
مەن	ەكىنشى	102
مەن	شەشەم	128
مەن	تۇسكى	126
مەن	تەلەپون	89
مەن	كۇرەيىن	119
مەن	بۇكىن	115
مەن	سەنىمەن	99
مەن	دالاعا	129
مەن	جوعارى	134
مەن	جاتا	125
مەن	قورقىپ	120
مەن	الداپ	106
مەن	تەگى	110
مەن	قاشىپ	121
مەن	كەتەيىن	114
مەن	تاماققا	128
مەن	ۇيرەنىپ	135
مەن	اكەم	119
مەن	تۇرت	127
مەن	كىمگە	136
مەن	قالام	136
مەن	توپ	127
مەن	توپقا	132
مەن	كەشەگى	104
مەن	دەگەندە	135
مەن	كوك	110
مەن	كەتىم	111
مەن	تەمەكى	130
مەن	تۇردىم	112
مەن	اۋداننان	129
مەن	كوردىم	114
مەن	ارام	129
مەن	بۇرسىگۇنى	135
مەن	سۋعا	120
مەن	اتىم	100
مەن	شىققاندا	136
مەن	سويلەي	132
مەن	بىرىنشى	114
مەن	ۇرىمجىگە	124
مەن	بىرازدان	134
مەن	ساباق	127
مەن	سويلەسىپ	102
مەن	جۇىپ	133
مەن	ۇيكە	88
مەن	جولعا	129
مەن	قاسىڭدا	113
مەن	تويعا	128
مەن	تاتەم	101
مەن	شاش	127
مەن	الدىڭعى	134
مەن	ەركەك	124
مەن	ىستەي	126
مەن	قينالىپ	121
مەن	بەرسەم	129
مەن	سۇيلەمەي	92
مەن	سىزدى	134
مەن	مونشاعا	102
مەن	وستىپ	132
مەن	دوحتىرعا	115
مەن	بالانى	116
مەن	الاڭداپ	120
مەن	بارپ	129
مەن	سىرتقا	136
مەن	ولاي	132
مەن	سۇل	122
مەن	جاتسام	111
مەن	اپتەن	124
مەن	ەمەسپىن	135
مەن	قاراماي	126
مەن	حۇڭباۋ	125
مەن	بولايىن	110
مەن	بر	99
مەن	ناعاشى	133
مەن	تاماقتى	117
مەن	بۇيتىپ	117
مەن	سۇرايىن	97
مەن	سۇيلەي	128
مەن	بيىل	93
مەن	كورگەن	134
مەن	ىستەيتىن	126
مەن	ەلدەن	98
مەن	ۇرسام	113
مەن	ىسكە	128
مەن	تابا	127
مەن	ۇيقتايىن	124
مەن	الباتى	99
مەن	اپاڭ	108
مەن	قايىن	115
مەن	التاي	110
مەن	التايعا	108
مەن	كشكەنە	126
مەن	كوشە	116
مەن	كوشەگە	132
مەن	بۇرىنعى	131
مەن	ءوزىم	118
مەن	وكىل	114
مەن	ساقتاپ	122
مەن	ايتقام	132
مەن	قازاق	97
مەن	شوشىپ	109
مەن	شىعام	102
مەن	قولىم	102
مەن	تاۇىپ	123
مەن	مەكتەپكە	119
مەن	ۇكىل	125
مەن	بىرەۋگە	113
مەن	ىستەتىپ	102
مەن	قايتتىم	127
مەن	تۇرايىن	106
مەن	بەتى	121
مەن	تۇسكە	120
مەن	تۇسكەن	123
مەن	بىلەمىن	122
مەن	دالادا	127
مەن	بىلمەيىم	113
مەن	جاتاق	123
مەن	نەمەنەگە	105
مەن	جۇمىستا	117
مەن	سۇيلەسىپ	130
مەن	سونشا	121
مەن	دۇكەن	131
مەن	دۇكەندە	131
مەن	جاتاققا	116
مەن	بازارعا	108
مەن	ولىپ	128
مەن	قوسا	127
مەن	تۇنىمەن	130
مەن	اقىماق	111
مەن	ۇلىپ	131
مەن	ەرىپ	129
مەن	جۇمىستان	132
مەن	يت	135
مەن	اقشامدى	126
مەن	سىياقتى	115
مەن	جاترمىن	109
مەن	ۇمتىپ	114
مەن	نەگىزى	132
مەن	ۇيدەگى	128
مەن	كىمدى	101
مەن	ەشكىمگە	127
مەن	بارعوي	109
مەن	تومەن	126
مەن	شاقىرعان	131
مەن	باعانادان	131
مەن	بارىنە	131
مەن	كەشەدەن	85
مەن	تۇستىم	131
مەن	جۇردىم	131
مەن	ۇقساس	134
مەن	بارايىنبا	134
مەن	قالاعا	128
مەن	بىركە	126
مەن	جاتايىن	116
مەن	ازر	114
مەن	سىزدىڭ	135
مەن	امالداپ	131
مەن	ۇيالىپ	119
مەن	اتەي	134
مەن	قايتامىن	118
مەن	قىزىپ	119
مەن	اۇىرىپ	113
مەن	باردىم	135
مەن	تپتى	130
مەن	كەتەمىن	126
مەن	قايتايىن	115
مەن	ەسىك	136
مەن	اۋداندا	134
مەن	سەنمەن	123
مەن	سىرتتا	124
مەن	بىلمەيدى	124
مەن	وسىنى	132
مەن	اسىلى	108
مەن	جاتام	131
مەن	تۇرعاندا	111
مەن	جەك	136
مەن	ماشينە	110
مەن	قۋانىپ	131
مەن	ماشىينا	84
مەن	ادال	123
مەن	انانى	119
مەن	كوتەرىپ	135
مەن	ارالاسىپ	132
مەن	ءاگى	136
مەن	ىستەيمىن	126
مەن	كەتسەم	110
مەن	ىستەگەن	133
مەن	ىستەن	123
مەن	جۇرسەم	112
مەن	بىلتىر	129
مەن	لاڭمان	109
مەن	كارى	122
مەن	سير	132
مەن	وسىلاي	113
مەن	سەندەرگە	107
مەن	بىرەۋدى	117
مەن	بىرەۋدىڭ	119
مەن	بولەك	119
مەن	ىشتەمە	118
مەن	شىعامىن	118
مەن	ءالگى	107
مەن	كوشەدە	119
مەن	بارعام	121
مەن	تۇسە	131
مەن	جاتاقتا	135
مەن	ابدەن	130
مەن	بارعىم	130
مەن	باسىمدى	134
مەن	ويلانىپ	121
مەن	بارعالى	130
مەن	جۇرەم	128
مەن	تۇمەن	136
مەن	تازالىق	110
مەن	كۇشەگە	129
مەن	ويلاسام	115
مەن	ۇيىقتاي	121
مەن	كەلگەنشە	118
مەن	اجىراسىپ	133
مەن	تەلەفوندى	119
مەن	ەكنشى	126
مەن	راسىندا	131
مەن	جەڭگەم	84
مەن	ماشيناعا	106
مەن	دۇكەنگە	135
مەن	جوقپىن	115
مەن	شىعايىن	127
مەن	شارشادىم	120
مەن	سەنبى	120
مەن	سىزدەرگە	109
مەن	كورمەي	128
مەن	تۇسكەندە	135
مەن	كەشىرىم	119
مەن	قۇرى	126
مەن	جولدان	124
مەن	جندى	129
مەن	زەرىگىپ	127
مەن	سىزدەن	134
مەن	جۇمستا	119
مەن	جۇمستان	107
مەن	قىزعانىپ	98
مەن	ماشينانى	130
مەن	بىرەۇ	127
مەن	ۇيىقتادىم	126
مەن	جۋاس	128
مەن	ءۇشىن	128
مەن	سەندەردى	117
مەن	سەندەردىڭ	114
مەن	توڭىپ	121
مەن	تەلەفونعا	127
مەن	انەۋ	133
مەن	اۋىلعا	134
مەن	ارعى	132
مەن	جاياۋ	136
مەن	سويلەيىن	133
مەن	دەمالدىم	113
مەن	بارمادىم	129
مەن	ويلايمىن	115
مەن	قۇلجادا	136
مەن	قۇلجادان	109
مەن	بيتىپ	127
مەن	ايتقاندا	125
مەن	ەشقانداي	134
مەن	ۇرايىن	135
مەن	بارامبا	133
مەن	تۇرسام	136
مەن	تۇسەم	132
مەن	ۇشىنشى	131
مەن	اپاما	134
مەن	مۇتىپ	121
مەن	سزگە	122
مەن	قاراسام	117
مەن	قايتپ	119
مەن	جولداعان	108
مەن	قالجىڭداپ	73
مەن	سەكىلدى	112
مەن	زدەپ	134
مەن	كەتكەندە	125
مەن	كۇشەدە	119
مەن	بىرەۋدەن	119
مەن	سۇراسام	126
مەن	كىممەن	75
مەن	بىرنەشە	121
مەن	قانشالىق	103
مەن	بەيتۇنعا	117
مەن	قايتقاندا	125
مەن	قورقام	120
مەن	شعام	126
مەن	دوعدىرعا	109
مەن	تىرى	106
مەن	ۇيقتايمىن	132
مەن	شىداماي	118
مەن	ەرتەڭنەن	132
مەن	قىرعا	129
مەن	كورمەدىم	134
مەن	كەتكەلى	126
مەن	زادى	121
مەن	ىشەم	124
مەن	جىرعاپ	129
مەن	كەلسەم	127
مەن	بىلەتىن	135
مەن	التايدا	118
مەن	التايدان	111
مەن	تۇسىنەم	131
مەن	ۇرىمجىدە	130
مەن	ۇرىمجىدەن	101
مەن	بىرتۇرلى	127
مەن	توتە	128
مەن	سويلەسەم	136
مەن	بارماياق	128
مەن	وسنداي	128
مەن	سۇرادى	128
مەن	سۇرادىم	134
مەن	اناعان	128
مەن	بايقۇس	107
مەن	سەنبەي	118
مەن	دايار	131
مەن	اۋىلدا	125
مەن	جوقتا	117
مەن	بۇگۇن	112
مەن	اتايىن	134
مەن	ىدىس	135
مەن	شايعا	88
مەن	كىمنەن	122
مەن	شقتىم	124
مەن	تاۋدا	109
مەن	قايتىم	112
مەن	سۇراعان	132
مەن	وزىمدە	127
مەن	بارعانشا	115
مەن	اۋەلى	136
مەن	باردا	134
مەن	وزىمە	103
مەن	كۇنەسكە	136
مەن	قاربالاستاپ	134
مەن	بۇرىننان	127
مەن	جولدايىن	126
مەن	اپارام	134
مەن	اۇدانعا	128
مەن	موتامەن	94
مەن	سۇيلەيىن	126
مەن	رۇحسات	120
مەن	باياعىدا	126
مەن	ىشەيىن	124
مەن	قايتەمىن	131
مەن	بارمايتىن	128
مەن	ادەتتە	113
مەن	سۇيتەم	125
مەن	دەمالا	133
مەن	دەمالايىن	124
مەن	ۇزىمە	111
مەن	كۇرمەدىم	118
مەن	بالامدى	134
مەن	ىستەيىن	128
مەن	سۇيلەسەم	135
مەن	سۇيگەن	131
مەن	قۇساعان	134
مەن	تەكەسكە	124
مەن	بالالاردى	132
مەن	ماشينادا	131
مەن	سەنەم	110
مەن	جاتىم	110
مەن	بەستە	120
مەن	تويدا	127
مەن	ۇقپايمىن	131
مەن	بۇزىق	135
مەن	وزىمدى	118
مەن	كازىر	110
مەن	بالاما	124
مەن	بەرمەيمىن	132
مەن	اسىعىپ	130
مەن	جازعان	136
مەن	تۇسەيىن	109
مەن	جۇرەيىن	126
مەن	ماشينامەن	124
مەن	ۇزىمدى	128
مەن	قاشاندا	132
مەن	ىلعي	121
مەن	بارمايىم	106
مەن	قوستىم	135
مەن	قوسقان	112
مەن	اپارايىن	118
مەن	ولارعا	129
مەن	بىرەۋمەن	114
مەن	شىداي	128
مەن	ۇيىقتايىن	135
مەن	تۇسىنبەي	130
مەن	جىبار	135
مەن	شىققالى	119
مەن	شعايىن	132
مەن	تولعا	135
مەن	ستەيمىن	125
مەن	تانىمايمىن	113
مەن	ىشپەيمىن	133
مەن	تابام	129
مەن	ايتپادىم	136
مەن	جايىراق	130
مەن	قارايمىن	126
مەن	جاقسىمىن	124
مەن	تانيتىن	125
مەن	كەلگەلى	118
مەن	شەشەمە	130
مەن	مۇڭعۇلكۇرە	132
مەن	جالقىز	114
مەن	ءبىراز	128
مەن	ولاردى	122
مەن	تولىعا	131
مەن	كۇنەستەن	134
مەن	ستەن	127
مەن	قىزمەتكە	118
مەن	سورلى	123
مەن	قالادا	135
مەن	بارالماي	126
مەن	ىشكەم	133
مەن	كارتەيىپ	125
مەن	مەكتەپتە	121
مەن	سەنبەيمىن	134
مەن	ونىمەن	120
مەن	شىقسام	135
مەن	بايقاماي	136
مەن	قىجالات	122
مەن	بارماسام	132
مەن	نىلقىعا	133
مەن	سزدى	135
مەن	قوسايىن	135
مەن	سۇيتسەم	135
مەن	سەنىكىن	129
مەن	اپامدى	133
مەن	ەشقايدا	128
مەن	بازاردا	132
مەن	تۋرالى	129
مەن	نەدەيمىن	127
مەن	تاۋدان	109
مەن	جالعز	135
مەن	بىلمەيتىن	131
مەن	باراينبا	113
مەن	ۇشن	130
مەن	سىزبەن	131
مەن	قۇلداپ	133
مەن	باعام	134
مەن	قىردا	136
مەن	وينايمىن	120
مەن	ىشپەدىم	130
مەن	بولسامدا	136
مەن	سانجى	136
مەن	دوحتىرحانادا	134
مەن	تولدا	114
مەن	شاشىمدى	135
مەن	اجىراسام	131
مەن	ەرلەر	122
مەن	ىلە	116
مەن	ەشكىمدى	114
مەن	جيىندا	126
مەن	تانىمايدى	135
مەن	جايراق	126
مەن	ىستەسەم	132
مەن	جىباردا	128
مەن	قوناقتا	124
مەن	رەنجىمەيمىن	116
مەن	ايتقاندى	130
مەن	ايتقانداي	116
مەن	بارعانسوڭ	115
مەن	باريىن	128
مەن	ىشسەم	117
مەن	جىبارعا	116
مەن	قورقامىن	132
مەن	قارايىن	132
مەن	تانمايمىن	132
مەن	بولماسام	128
مەن	بىلسەم	112
مەن	جۇمىستامىن	132
مەن	ساقان	132
مەن	سۇراعاندا	128
مەن	بارالمايمىن	106
مەن	شىنىمدى	95
مەن	يدارادا	135
مەن	قىزمەتتە	133
مەن	بارالمايتىن	127
مەن	سەننى	135
مەن	بارسامدا	131
مەن	نەعىلدىم	133
مەن	جوقبىن	122
مەن	جيىنعا	128
مەن	بەيتۇندا	125
مەن	بارعاننان	133
مەن	شاقىرعاندا	132
مەن	سرتتا	124
مەن	وندايدى	131
مەن	جۇمستامىن	126
مەن	شىندىقتى	128
مەن	اۇداندا	109
مەن	كوبىندە	129
مەن	ايتقالى	135
مەن	سىرتا	131
مەن	سويلەگەندە	114
مەن	ىشبەيمىن	128
مەن	ەشقاشان	133
مەن	جازايىن	135
مەن	دەمالعاندا	122
مەن	الاڭدايمىن	120
مەن	ءوزىمدى	121
مەن	باعايىن	136
مەن	ءسىزدى	124
مەن	تارباعاتاي	135
مەن	جۇمىسىمدى	132
مەن	كىنالى	133
مەن	ۇيتپەيمىن	134
مەن	كىرەيىن	133
مەن	ويلاعانداي	119
مەن	شاقىرسام	133
مەن	سۇيلەگەندە	136
مەن	ايتپاسام	129
مەن	تۇرالى	130
مەن	سويلەمەسەم	130
مەن	جولداعاندى	122
مەن	ولسەم	136
مەن	سەنبەيىم	136
مەن	دايىنمىن	135
مەن	سۇيلەمەسەم	134
مەن	سىرتتامىن	134
مەن	بىلگەندە	135
مەن	ۇيرەنۋدە	131
مەن	تۇرعالى	116
مەن	اۋداندامىن	121
مەن	نەقىلدىم	114
مەن	ۇلسەم	129
مەن	تاۋدامىن	126
مەن	ايتپاسامدا	132
مەن	شىدامايمىن	133
مەن	نەدەدىم	133
مەن	ەجەلدەن	134
مەن	سەندىك	135
مەن	شەگىندىم	133
مەن	جامانمىن	129
مەن	ىزدەمەسەم	125
مەن	قابارلاسپاسام	124
مەن	ۇزىڭ	109
مەن	قان	82
مەن	كەش	84
مەن	ءىشىپ	133
مەن	دەن	119
مەن	سوز	116
مەن	اناۋ	108
مەن	سۇز	125
مەن	قابارلاسا	131
مەن	شوپ	117
مەن	كويلەك	126
مەن	كۇندىك	134
مەن	كەلەر	129
مەن	كيىپ	124
مەن	كىشى	119
مەن	تويدان	96
مەن	كۇردىم	127
مەن	كۇيەۋ	104
مەن	جەكسەنبى	130
مەن	ىشىم	116
مەن	جازۋ	136
مەن	توعىز	127
مەن	دۇيسەنبى	113
مەن	جايلاۋعا	99
مەن	قايتادان	122
مەن	جاتاتىن	136
مەن	ىشكى	129
مەن	ۇرسىپ	124
مەن	رازى	129
مەن	باعاناعى	121
مەن	جانىڭدا	136
مەن	ويعا	128
مەن	جۇما	131
مەن	يىت	124
مەن	كۇنەس	131
مەن	تاۇعا	130
مەن	بۇنداي	124
مەن	قالايماقان	104
مەن	ارتقى	127
مەن	ايتپايمىن	135
مەن	مەيمان	104
مەن	ناراتقا	129
مەن	نىلقى	128
مەن	قايتقالى	115
مەن	قورعاسقا	120
مەن	موريعا	134
مەن	كۇنەستە	135
مەن	نەدەن	128
مەن	كوڭىلسىز	124
مەن	جايلاۋدا	103
مەن	قايتسەم	134
مەن	جاتقالى	132
مەن	تەكەستە	133
مەن	تەكەستەن	131
مەن	ءولىپ	135
مەن	ساۋانعا	134
مەن	وتىرايىن	136
مەن	نەمىن	134
مەن	قىزىمدى	122
مەن	گۇڭشەگە	125
مەن	تەلەفونىمدى	136
مەن	سەنڭ	123
مەن	كوكتوعاي	135
مەن	ۇلگەن	135
مەن	تانيمىن	123
مەن	ساتىلى	130
مەن	دايىندالىپ	125
مەن	بەتىمدى	122
مەن	تاۇدا	126
مەن	قابادان	134
مەن	كەتكەنشە	131
مەن	تابايىن	123
مەن	شىدايمىن	136
مەن	تويدامىن	133
مەن	ۇنداي	133
مەن	ۇيتە	132
مەن	جالعىزبىن	135
مەن	تانىيتىن	134
مەن	ايتقانىمدى	135
مەن	بارالمادىم	136
مەن	وزىمشە	123
مەن	جيندا	136
مەن	قايتقانشا	111
مەن	جىيىندا	119
مەن	بارعانمەن	122
مەن	قوسىلامىن	129
مەن	قۇلجادامىن	130
دەپ	عوي	133
دەپ	جان	124
دەپ	جانىم	115
دەپ	سالەم	83
دەپ	مەن	129
دەپ	دەپ	81
دەپ	جوق	67
دەپ	جاقسى	107
دەپ	بولدى	100
دەپ	بىر	111
دەپ	سول	63
دەپ	نە	118
دەپ	نەعىپ	94
دەپ	بار	74
دەپ	سەن	119
دەپ	ەندى	83
دەپ	ماقۇل	103
دەپ	جات	81
دەپ	جاتىر	133
دەپ	جاتىرسىڭ	30
دەپ	قوي	119
دەپ	ال	65
دەپ	الى	114
دەپ	الىپ	111
دەپ	ون	120
دەپ	وندا	122
دەپ	كەلىپ	110
دەپ	يا	72
دەپ	ەرتە	110
دەپ	ەرتەڭ	105
دەپ	ادام	95
دەپ	بۇگىن	99
دەپ	تۇر	74
دەپ	مەندە	59
دەپ	سودان	80
دەپ	ماعان	99
دەپ	بارى	92
دەپ	بارىپ	112
دەپ	ەكى	89
دەپ	مەنى	129
دەپ	مەنىڭ	79
دەپ	قاي	86
دەپ	نەگە	103
دەپ	جاتىرمى	87
دەپ	جاتىرمىن	119
دەپ	ول	88
دەپ	قايدا	120
دەپ	سەنى	67
دەپ	ساعان	31
دەپ	وسى	111
دەپ	تاماق	95
دەپ	دەيدى	103
دەپ	قالاي	79
دەپ	ۇي	93
دەپ	ۇيدە	119
دەپ	ۇيگە	118
دەپ	تەلەفون	104
دەپ	اي	99
دەپ	ايت	127
دەپ	ايتى	78
دەپ	ايتىپ	89
دەپ	بىرگە	124
دەپ	كۇن	21
دەپ	وتىر	82
دەپ	وتىرم	50
دەپ	وتىرمى	132
دەپ	وتىرمىن	115
دەپ	دوسىم	46
دەپ	كىم	69
دەپ	كەتتى	126
دەپ	كەيىن	121
دەپ	تاڭ	91
دەپ	قالدى	125
دەپ	اق	122
دەپ	اقشا	130
دەپ	ەمەس	111
دەپ	ونى	105
دەپ	بىراق	133
دەپ	قانشا	106
دەپ	ۇز	115
دەپ	ۇزى	126
دەپ	ۇزىڭ	119
دەپ	قاشان	125
دەپ	قاربالاس	99
دەپ	ىشىپ	114
دەپ	قويشى	133
دەپ	تاعى	72
دەپ	وي	80
دەپ	كوپ	93
دەپ	كەتىپ	115
دەپ	تاڭەرتەڭ	100
دەپ	بىراز	133
دەپ	مىنا	104
دەپ	نەدەگەن	101
دەپ	قانداي	58
دەپ	شاي	115
دەپ	بەرىپ	86
دەپ	ەدى	119
دەپ	باس	66
دەپ	باسقا	110
دەپ	سەنىڭ	127
دەپ	كەشتە	103
دەپ	بولاما	91
دەپ	راس	122
دەپ	از	93
دەپ	ازىر	109
دەپ	ىستەپ	88
دەپ	جۇر	109
دەپ	الماي	111
دەپ	كەشە	126
دەپ	قايتا	113
دەپ	انا	116
دەپ	ۇيقتاپ	121
دەپ	يۋان	129
دەپ	قايتىپ	115
دەپ	جولداپ	97
دەپ	الدى	76
دەپ	الدىم	132
دەپ	كەتتىم	117
دەپ	ۇش	133
دەپ	سوندا	133
دەپ	جۇمىس	118
دەپ	وز	121
دەپ	وزى	126
دەپ	وزىڭ	121
دەپ	ايتەۋ	131
دەپ	ات	123
دەپ	اتىپ	120
دەپ	قالدىم	105
دەپ	دەسەم	98
دەپ	كوڭىل	103
دەپ	ايتتى	63
دەپ	ايتتىڭ	61
دەپ	اۋىرىپ	129
دەپ	تۇندە	103
دەپ	بەرە	37
دەپ	كەلدى	110
دەپ	كەلدىم	109
دەپ	شىعا	126
دەپ	شىعىپ	95
دەپ	قويدى	84
دەپ	قويدىم	123
دەپ	كورىپ	129
دەپ	وعان	118
دەپ	بالا	117
دەپ	تۇرىپ	109
دەپ	جاڭا	109
دەپ	سونى	100
دەپ	سەندە	128
دەپ	بىز	107
دەپ	ەدىم	89
دەپ	ايتقان	70
دەپ	ايتقانىڭ	75
دەپ	جۇرمىن	114
دەپ	بارا	124
دەپ	بارام	108
دەپ	ۇيات	80
دەپ	كەلە	62
دەپ	قاتتى	114
دەپ	عانا	101
دەپ	قيىن	119
دەپ	جاتىپ	130
دەپ	ايتا	126
دەپ	سونىمەن	39
دەپ	ۋاقىت	115
دەپ	قاراپ	74
دەپ	ەشتەڭە	125
دەپ	ۇلكەن	64
دەپ	بۇل	130
دەپ	تۇرمىن	129
دەپ	كۇندە	116
دەپ	مال	124
دەپ	قازىر	94
دەپ	تۇسىپ	94
دەپ	قالعان	106
دەپ	قوسىپ	121
دەپ	ودا	105
دەپ	ودان	128
دەپ	سوعان	130
دەپ	بەس	126
دەپ	اپارىپ	101
دەپ	كۇپ	104
دەپ	ماشينا	114
دەپ	سۇرا	123
دەپ	سۇراپ	115
دەپ	جامان	118
دەپ	كەتتىڭ	99
دەپ	جاڭە	63
دەپ	قالدىڭ	124
دەپ	قالدىڭبا	105
دەپ	ايتام	100
دەپ	كەلەدى	122
دەپ	مىڭ	97
دەپ	جاتقان	74
دەپ	توي	83
دەپ	جاي	102
دەپ	كەپ	113
دەپ	قويىپ	117
دەپ	ويلا	87
دەپ	ويلاپ	104
دەپ	بىرەۋ	68
دەپ	ءبىر	93
دەپ	كەتكەن	36
دەپ	اشىپ	128
دەپ	شارشاپ	70
دەپ	شىن	130
دەپ	بولماسا	112
دەپ	جاتىرمىز	123
دەپ	ايتىڭ	125
دەپ	جۇرە	77
دەپ	جۇرەگىم	96
دەپ	جۇرگەن	106
دەپ	العان	122
دەپ	تۇستە	130
دەپ	تۇستەن	131
دەپ	امال	125
دەپ	باعانا	132
دەپ	كەتە	132
دەپ	اڭگىمە	131
دەپ	جۋىپ	120
دەپ	ەكەمىز	126
دەپ	قايسى	133
دەپ	جەپ	129
دەپ	جۇرىپ	92
دەپ	بارىن	117
دەپ	سۇيتىپ	133
دەپ	جۇرسىڭ	132
دەپ	ءالى	107
دەپ	قاتە	111
دەپ	ەڭ	113
دەپ	الگى	98
دەپ	بەكەر	128
دەپ	ارەڭ	117
دەپ	ويناپ	125
دەپ	ۇزىم	120
دەپ	كەلگەن	108
دەپ	نان	133
دەپ	كەلمەي	108
دەپ	سويلەپ	132
دەپ	بىزدى	84
دەپ	بىزدىڭ	129
دەپ	ەدىڭ	97
دەپ	تارتىپ	98
دەپ	ايتشى	120
دەپ	ايىت	89
دەپ	بىردەمە	118
دەپ	تۇرعان	67
دەپ	توسىپ	47
دەپ	دارى	106
دەپ	ەرتەرەك	82
دەپ	باسىم	121
دەپ	ونىڭ	133
دەپ	وتىرمىز	127
دەپ	كۇش	119
دەپ	قالادى	105
دەپ	نەشە	119
دەپ	قويا	80
دەپ	قويايىن	106
دەپ	تاستاپ	129
دەپ	وزىم	106
دەپ	سومەن	116
دەپ	سىزگە	118
دەپ	جىندى	106
دەپ	ارتىق	120
دەپ	مەنەن	133
دەپ	شىعارىپ	127
دەپ	سۇيلەپ	105
دەپ	ىزدەپ	107
دەپ	كىرىپ	119
دەپ	جارىم	101
دەپ	جاز	111
دەپ	جازىپ	114
دەپ	اياق	120
دەپ	شعىپ	82
دەپ	اقشاسىن	117
دەپ	وتىرسىڭ	120
دەپ	وتىرىپ	87
دەپ	اشىق	74
دەپ	قالىپ	129
دەپ	قالىپتى	108
دەپ	قول	105
دەپ	بارعان	130
دەپ	ەرتىپ	105
دەپ	اكەپ	122
دەپ	سەنەن	130
دەپ	ايتادى	69
دەپ	ەل	120
دەپ	جانە	132
دەپ	ايتتىم	112
دەپ	وتىرعان	108
دەپ	شعا	73
دەپ	جاۋاپ	80
دەپ	اپام	130
دەپ	قايتارىپ	133
دەپ	ۇرىپ	88
دەپ	ايتايىن	112
دەپ	قالىپپىن	132
دەپ	اقىرى	123
دەپ	اقىرىن	130
دەپ	بىلەم	80
دەپ	ۇمىتىپ	103
دەپ	رەنجىپ	127
دەپ	سوز	118
دەپ	ايتاسىڭ	128
دەپ	ۇتىر	96
دەپ	ۇتىرىك	127
دەپ	وتىرىك	116
دەپ	قانا	133
دەپ	قابارلاسىپ	125
دەپ	بەرگەن	130
دەپ	ەكەۋى	100
دەپ	ەشكىم	120
دەپ	ەلدىڭ	78
دەپ	بارسام	83
دەپ	ەشتەمە	123
دەپ	ادامدى	130
دەپ	سۇز	112
دەپ	تازا	112
دەپ	جاقىن	115
دەپ	شپيىڭ	122
دەپ	قۇيىپ	112
دەپ	الدىن	119
دەپ	قالپتى	131
دەپ	شاقىرىپ	91
دەپ	كەتەم	80
دەپ	بەرمەي	109
دەپ	شىعادى	99
دەپ	رەنجىمە	122
دەپ	تالاي	120
دەپ	كەيدە	129
دەپ	ۇندەمەي	109
دەپ	پالە	126
دەپ	ايتپ	124
دەپ	ايتپا	104
دەپ	ۇيدەن	114
دەپ	ەستىپ	94
دەپ	سوعىپ	121
دەپ	كەلدىك	131
دەپ	ايتپەسە	128
دەپ	بىردەڭە	82
دەپ	اتام	132
دەپ	ايتسا	117
دەپ	ايتساڭ	117
دەپ	قالسا	133
دەپ	مەننەن	92
دەپ	شىق	106
دەپ	سەننەن	118
دەپ	سويلەمەي	108
دەپ	ايتىم	124
دەپ	ايتىڭىز	128
دەپ	تۇرسىڭ	127
دەپ	جاتىرسىڭبا	101
دەپ	شىقتى	123
دەپ	شىقتىم	130
دەپ	ايتسام	133
دەپ	قويسا	128
دەپ	قويساڭ	131
دەپ	جاتتى	133
دەپ	جاتتىم	118
دەپ	ارتىنان	88
دەپ	جىلاپ	131
دەپ	قالدىق	130
دەپ	العام	112
دەپ	ايتامىن	125
دەپ	نەكە	102
دەپ	تۇرادى	125
دەپ	كەلەم	84
دەپ	ەلگە	127
دەپ	شۇنگە	117
دەپ	سونىڭ	111
دەپ	قويعان	79
دەپ	شعارىپ	104
دەپ	باياعى	119
دەپ	بارماي	115
دەپ	شەشەم	128
دەپ	جۇرمە	122
دەپ	تەلەپون	120
دەپ	تۇرسا	120
دەپ	جۇرەتىن	109
دەپ	دالاعا	113
دەپ	جاتا	121
دەپ	قالما	133
دەپ	قورقىپ	116
دەپ	الداپ	129
دەپ	سوسىن	108
دەپ	قاشىپ	90
دەپ	تۇرما	128
دەپ	قويىپتى	122
دەپ	قالام	118
دەپ	قالاما	112
دەپ	قانە	98
دەپ	قالاسىڭ	115
دەپ	سويلەي	120
دەپ	تۇرساڭ	118
دەپ	قويعام	131
دەپ	كەلگەم	129
دەپ	وقىپ	128
دەپ	جاتسا	117
دەپ	قويام	128
دەپ	جولعا	117
دەپ	قويادى	112
دەپ	جاتىرما	78
دەپ	قينالىپ	129
دەپ	سۇيلەمەي	75
دەپ	جۇرسە	118
دەپ	جۇرسەڭ	126
دەپ	وتىرسىڭبا	132
دەپ	قالماسىن	72
دەپ	الاڭداپ	84
دەپ	جاتسام	93
دەپ	ايتپاشى	108
دەپ	قاراماي	107
دەپ	جۇرەدى	98
دەپ	جۇرگەندە	107
دەپ	جاتر	126
دەپ	شعادى	93
دەپ	ايتات	113
دەپ	ايتاتىن	128
دەپ	سۇراي	118
دەپ	سۇرايىن	124
دەپ	سۇيلەي	116
دەپ	جۇرمىز	117
دەپ	سۇيتەدى	103
دەپ	ەلدەن	90
دەپ	كۇلىپ	130
دەپ	ەلدەر	111
دەپ	قاپتى	121
دەپ	كوشەگە	131
دەپ	قالسام	122
دەپ	ساقتاپ	88
دەپ	ايتقام	131
دەپ	ايتپاي	87
دەپ	شوشىپ	107
دەپ	وتىرا	116
دەپ	بىلەمىن	103
دەپ	سونشا	102
دەپ	ولىپ	133
دەپ	ەدىك	95
دەپ	ۇلىپ	128
دەپ	ەرىپ	110
دەپ	قويىڭىز	131
دەپ	جۇرسىڭبە	126
دەپ	جاترمىن	105
دەپ	ايتقانىم	132
دەپ	ۇمتىپ	131
دەپ	ەشكىمگە	115
دەپ	جاتقام	124
دەپ	شاقىرعان	111
دەپ	بارىنە	119
دەپ	جۇردىم	110
دەپ	كەلىپتى	110
دەپ	ءارەڭ	86
دەپ	جۇرمەسىن	113
دەپ	قويپتى	113
دەپ	ۇيالىپ	123
دەپ	اتەي	97
دەپ	باردىم	127
دەپ	تۇراتىن	117
دەپ	دايىندىق	122
دەپ	وسىنى	128
دەپ	تىلەيمىن	118
دەپ	ايتبا	89
دەپ	تۇرعاندا	111
دەپ	قۋانىپ	130
دەپ	الەم	97
دەپ	جۇرسەم	94
دەپ	جاتقاندا	107
دەپ	بارعام	131
دەپ	قويسام	86
دەپ	اقىل	131
دەپ	كەلپتى	116
دەپ	ويلانىپ	123
دەپ	قويات	117
دەپ	كىرگىزىپ	100
دەپ	كەتىڭ	117
دەپ	تۇرسىڭبا	104
دەپ	ويلاسام	133
دەپ	تەلەفوندى	103
دەپ	جاتساڭ	121
دەپ	ۇرسىپ	124
دەپ	ايتار	73
دەپ	جۇرگەم	131
دەپ	قىزعانىپ	115
دەپ	سىلتاۋ	123
دەپ	كانە	117
دەپ	سەنىپ	127
دەپ	بارمادىم	124
دەپ	ويلاي	96
دەپ	ويلايمىن	120
دەپ	ايتقاندا	114
دەپ	كەپتى	132
دەپ	وتىرعام	88
دەپ	تۇرسام	123
دەپ	قۋىپ	64
دەپ	وتر	86
دەپ	وترمىن	106
دەپ	مۇتىپ	100
دەپ	تۇرعوي	118
دەپ	قاراسام	130
دەپ	قالجىڭداپ	106
دەپ	ويلاعان	132
دەپ	قويدىق	114
دەپ	بىلسەڭ	121
دەپ	سۇراسا	132
دەپ	سۇراسام	130
دەپ	شىعاسىڭ	114
دەپ	بىرەسە	125
دەپ	تۇرعام	114
دەپ	جاتادى	117
دەپ	قورقام	124
دەپ	ىرەنجىپ	104
دەپ	بوي	122
دەپ	قويامىن	131
دەپ	قۇيدىم	109
دەپ	قالپپىن	131
دەپ	تۇرمىز	120
دەپ	بوقتاپ	122
دەپ	جازا	112
دەپ	وتىراتىن	102
دەپ	كەلسەم	88
دەپ	ايتپايمىن	123
دەپ	سۇرادى	111
دەپ	سۇرادىم	114
دەپ	وتىرادى	132
دەپ	ويلادى	120
دەپ	ويلادىم	119
دەپ	قويماي	133
دەپ	ويلاما	121
دەپ	وتىرما	122
دەپ	تۇرىم	70
دەپ	جاتىرىم	119
دەپ	ماز	111
دەپ	سۇراعان	123
دەپ	ويلاعام	122
دەپ	سۇراعانىم	120
دەپ	وتىردىم	114
دەپ	ايتباي	120
دەپ	جۇركەن	118
دەپ	وتىرعاندا	117
دەپ	قوياسىڭ	94
دەپ	ەستىدىم	127
دەپ	وتىرسا	125
دەپ	وتىرسام	125
دەپ	سۇراشى	104
دەپ	وزىمدى	100
دەپ	اسىعىپ	98
دەپ	جازعان	123
دەپ	جاتقانىم	104
دەپ	ايعايلاپ	129
دەپ	ۇزىمدى	97
دەپ	ويلاساڭ	104
دەپ	تىلەپ	117
دەپ	قوستىم	130
دەپ	جۇگىرىپ	127
دەپ	ميدى	130
دەپ	شاقىرىپتى	130
دەپ	ويلايدى	118
دەپ	وتىرىم	127
دەپ	ايتپايسىڭ	114
دەپ	وتىرساڭ	119
دەپ	سۇرايدى	107
دەپ	جابىسىپ	118
دەپ	ايتباشى	123
دەپ	ايتامىز	108
دەپ	اشۋلانىپ	121
دەپ	ايتپادى	127
دەپ	ايتپادىم	125
دەپ	ايتىپتى	105
دەپ	شاقىردى	131
دەپ	جاندى	102
دەپ	ۇيلاپ	100
دەپ	ايتپايسىڭبا	128
دەپ	جۇرىم	119
دەپ	ايتۋ	126
دەپ	جىبەرمەي	91
دەپ	جۇرسڭبە	117
دەپ	ەدىڭىز	103
دەپ	ايتپايدى	110
دەپ	بەدىڭ	125
دەپ	ايتبايمىن	100
دەپ	ماقتاپ	117
دەپ	سۇيتسەم	122
دەپ	جۇرعوي	124
دەپ	ويلايسىڭ	123
دەپ	اسعىپ	104
دەپ	وترعان	122
دەپ	ايتپاياق	125
دەپ	ايتپتى	132
دەپ	ۇتىرمىن	133
دەپ	جابسىپ	119
دەپ	ۋادە	124
دەپ	ەركەلەتىپ	123
دەپ	قورقادى	119
دەپ	ايتاما	108
دەپ	ايتبايسىڭبا	132
دەپ	ويلايتىن	127
دەپ	ايتپاعان	101
دەپ	سۇراعام	118
دەپ	دايىندالىپ	122
دەپ	ەستدىم	132
دەپ	تۇرسڭبا	130
دەپ	قويامىز	133
دەپ	ايتۋعا	99
دەپ	ايتپادىڭ	129
دەپ	جازشى	109
دەپ	ميىمدى	120
دەپ	جۇرسىڭبا	118
دەپ	ۇيالدىم	126
دەپ	قويىپسىڭ	132
دەپ	جاتىرعوي	133
دەپ	قيالداپ	104
دەپ	ايتبادىم	119
دەپ	سيلاپ	125
دەپ	وتىرعوي	121
دەپ	جازدىم	112
دەپ	قۇانىپ	122
دەپ	قويعامىن	128
دەپ	سويلەپتى	124
دەپ	پاۋ	131
دەپ	وتىرسڭبا	123
دەپ	قورقامىن	112
دەپ	قابارلاسقام	126
دەپ	ايتاسال	123
دەپ	ايتتىڭبا	131
دەپ	قويپسىڭ	107
دەپ	جالىنىپ	118
دەپ	مازامدى	131
دەپ	شاقىرپتى	131
دەپ	جانتالاسىپ	130
دەپ	ۇناماي	124
دەپ	ويلامادىم	124
دەپ	جازام	133
دەپ	جىلايدى	132
دەپ	ايتقامىن	116
دەپ	ايتتم	128
دەپ	ايتىڭبا	113
دەپ	ايتبادىڭ	127
دەپ	قوسقام	114
دەپ	ۇرعام	122
دەپ	ەدىڭعوي	110
دەپ	ايتقالى	118
دەپ	ويلايىم	133
دەپ	وترمىز	121
دەپ	ەدىڭدەر	131
دەپ	قويمايسىڭبا	132
دەپ	ايتۋشى	128
دەپ	ۇندەمەدىم	133
دەپ	سۇيلەپتى	102
دەپ	ايتپايتىن	126
دەپ	سويلەمەدىم	132
دەپ	زارلاپ	129
دەپ	قۇرقىپ	119
دەپ	الاڭدايمىن	131
دەپ	وتىرعانىم	133
دەپ	ايتقاننان	131
دەپ	ويلامايمىن	114
دەپ	مازانى	127
دەپ	سويلەگەم	97
دەپ	ويلامايدى	123
دەپ	ەستىگەم	128
دەپ	جۇرۋشى	131
دەپ	ويلاماعان	112
دەپ	سۇيلەمەدىم	119
دەپ	ايىتتى	123
دەپ	كۇلەدى	117
دەپ	الاڭدايدى	126
دەپ	تۇرسىز	122
دەپ	ويلايسىڭبا	130
دەپ	ەستگەم	127
دەپ	ۋايىمداپ	118
دەپ	ايتامبا	127
دەپ	ارمانداپ	127
دەپ	ويلاعانىم	131
دەپ	قابارلاسقانىم	133
دەپ	سۇيلەگەم	126
دەپ	جازامىن	133
دەپ	ويلادىڭ	119
دەپ	وتىرعامىن	104
دەپ	ويىلاپ	131
دەپ	جازىپتى	123
دەپ	وترعام	128
دەپ	ويلاماپپىن	132
دەپ	تۇرعامىن	124
دەپ	جازعام	121
دەپ	ويلادىڭبا	128
دەپ	جۇرىپپىن	129
دەپ	الاڭدادىم	133
دەپ	دامەلەنىپ	114
دەپ	ۇمىتتەنىپ	127
دەپ	ويلاعامىن	118
دەپ	ۇيلايمىن	129
دەپ	ويلامايسىڭبا	131
دەپ	ويلاماپتىم	131
دەپ	ويلاپپىن	123
دەپ	ويلايما	120
دەپ	ويلاماعام	133
دەپ	جاتىرەدىڭ	130
دەپ	ۇيلاعام	131
دەپ	ويلايسڭبا	130
دەپ	ويلاماپىن	130
دەپ	ويلايتىنمىن	131
دەپ	ويلاپتىم	131
دەپ	جول	112
دەپ	پا	110
دەپ	تەز	132
دەپ	جالعىز	129
دەپ	ەس	117
دەپ	تاۋعا	127
دەپ	ءان	123
دەپ	شىپيىڭ	80
دەپ	قالامىن	129
دەپ	اۋرە	130
دەپ	شىقساڭ	126
دەپ	اقىلداسىپ	106
دەپ	ايتبايسىڭ	121
دەپ	جازدىرا	124
دەپ	قويساڭشى	123
دەپ	سۇرامادىم	128
دەپ	ايتساڭشى	132
دەپ	سوققان	125
دەپ	تۇرعانىم	116
دەپ	جاتقامىن	125
دەپ	سوعادى	126
دەپ	ايتالمايمىن	128
دەپ	جۇرپپىن	133
دەپ	پەدىڭ	133
دەپ	ويلاۋشى	130
جوق	عوي	128
جوق	جان	73
جوق	جانىم	110
جوق	مەن	32
جوق	دەپ	86
جوق	جوق	56
جوق	بول	85
جوق	بولسىن	73
جوق	جاقسى	42
جوق	بولدى	117
جوق	ەكەن	38
جوق	بىر	26
جوق	سول	69
جوق	نە	98
جوق	نەعىپ	74
جوق	بار	103
جوق	سەن	113
جوق	ەندى	66
جوق	بولىپ	57
جوق	راحىمەت	129
جوق	ماقۇل	123
جوق	جاتىر	17
جوق	قوي	113
جوق	ال	20
جوق	الى	121
جوق	الىپ	70
جوق	ون	113
جوق	وندا	121
جوق	كەل	106
جوق	كەلىپ	127
جوق	يا	107
جوق	ەرتە	77
جوق	ەرتەڭ	117
جوق	ادام	106
جوق	بولسا	76
جوق	بۇگىن	36
جوق	تۇر	77
جوق	مەندە	130
جوق	سودان	97
جوق	ماعان	106
جوق	بارى	74
جوق	بارىپ	91
جوق	ەكى	71
جوق	مەنى	102
جوق	مەنىڭ	86
جوق	قاي	86
جوق	بولا	82
جوق	بولادى	125
جوق	نەگە	87
جوق	جاتىرمىن	71
جوق	ول	82
جوق	قايدا	119
جوق	سەنى	90
جوق	ساعان	91
جوق	وسى	103
جوق	جارايدى	78
جوق	تاماق	84
جوق	دەي	92
جوق	دەيدى	112
جوق	قالاي	123
جوق	ۇي	110
جوق	ۇيدە	101
جوق	ۇيگە	76
جوق	تەلەفون	61
جوق	اي	91
جوق	ايتىپ	123
جوق	بىرگە	93
جوق	كۇن	89
جوق	وتىر	134
جوق	وتىرمىن	122
جوق	دوسىم	119
جوق	كىم	90
جوق	امان	83
جوق	امانشىلىق	119
جوق	كەتتى	73
جوق	كەيىن	105
جوق	اق	97
جوق	اقشا	121
جوق	دەگەن	126
جوق	يە	123
جوق	كۇنى	83
جوق	ەمەس	78
جوق	ونى	98
جوق	بىراق	126
جوق	قانشا	97
جوق	ۇز	132
جوق	ۇزى	114
جوق	ۇزىڭ	109
جوق	قاشان	132
جوق	قاربالاس	95
جوق	ىشىپ	122
جوق	قويشى	123
جوق	تاعى	101
جوق	كوپ	100
جوق	كەتىپ	112
جوق	تاڭەرتەڭ	117
جوق	بىراز	104
جوق	مىنا	97
جوق	نەدەگەن	100
جوق	قانداي	74
جوق	شاي	108
جوق	ەدى	116
جوق	باس	124
جوق	باسقا	114
جوق	سەنىڭ	118
جوق	كەشتە	79
جوق	بولام	114
جوق	بولاما	131
جوق	راس	102
جوق	از	94
جوق	ازىر	107
جوق	ىستەپ	125
جوق	جۇر	92
جوق	كەشە	116
جوق	قايتا	106
جوق	انا	100
جوق	ۇيقتاپ	110
جوق	قايتىپ	92
جوق	جولدا	91
جوق	پا	103
جوق	ۇش	100
جوق	سوندا	65
جوق	جۇمىس	102
جوق	وز	98
جوق	وزى	116
جوق	وزىڭ	112
جوق	ايتەۋ	128
جوق	تەز	126
جوق	اعا	102
جوق	بوپ	106
جوق	دەسە	130
جوق	دەسەم	117
جوق	كوڭىل	115
جوق	اۋ	59
جوق	اۋىرىپ	133
جوق	تۇندە	90
جوق	شىعا	112
جوق	شىعار	132
جوق	شىعىپ	100
جوق	كەزدە	95
جوق	وعان	110
جوق	بالا	67
جوق	جاڭا	134
جوق	سونى	119
جوق	سەندە	107
جوق	بىز	112
جوق	ەدىم	82
جوق	ايتقان	106
جوق	جۇرمىن	96
جوق	بارا	119
جوق	ۇيات	134
جوق	كەلە	113
جوق	قاتتى	108
جوق	قيىن	118
جوق	بولعان	98
جوق	دۇرىس	130
جوق	ەكەنسىڭ	122
جوق	جاتىپ	121
جوق	ايتا	133
جوق	سونىمەن	66
جوق	دەيمىن	115
جوق	ۋاقىت	123
جوق	قارا	84
جوق	قاراپ	120
جوق	ەشتەڭە	131
جوق	ۇلكەن	118
جوق	بۇل	112
جوق	كۇندە	101
جوق	مال	131
جوق	قازىر	120
جوق	جەجە	128
جوق	ەي	102
جوق	بولدىم	117
جوق	ودا	126
جوق	ودان	118
جوق	سوعان	107
جوق	بەس	124
جوق	كۇپ	130
جوق	جەر	95
جوق	جەردە	116
جوق	مىناۋ	113
جوق	ماشينا	90
جوق	ەمەسپە	108
جوق	قىز	116
جوق	سۇراپ	124
جوق	جامان	108
جوق	جاڭە	131
جوق	قايدان	98
جوق	ساعات	114
جوق	جاتقان	132
جوق	دەشى	112
جوق	توي	110
جوق	جاي	113
جوق	اينالايىن	92
جوق	بىرەۋ	111
جوق	ءبىر	110
جوق	شارشاپ	125
جوق	شىن	120
جوق	بولىپتى	79
جوق	بولماي	112
جوق	بولمايدى	127
جوق	بولماسا	109
جوق	جاتىرمىز	131
جوق	جۇرە	104
جوق	جۇرەگىم	130
جوق	تۇستە	122
جوق	تۇستەن	120
جوق	جەرگە	122
جوق	امال	116
جوق	باعانا	111
جوق	بولسادا	113
جوق	كەتە	89
جوق	باراتىن	81
جوق	اڭگىمە	119
جوق	سياقتى	110
جوق	جۋىپ	88
جوق	ەكەمىز	134
جوق	قايسى	95
جوق	دەدى	129
جوق	دەدىم	105
جوق	جالعىز	133
جوق	تاتتى	126
جوق	تاتتىم	128
جوق	بولاتىن	80
جوق	بارىن	128
جوق	سونداي	113
جوق	سۇيتىپ	121
جوق	ءالى	88
جوق	قاتە	82
جوق	نارسە	125
جوق	ماڭگى	103
جوق	ەڭ	120
جوق	الگى	114
جوق	ونداي	89
جوق	بەكەر	117
جوق	ارەڭ	127
جوق	ويناپ	112
جوق	ۇزىم	129
جوق	دەگەم	101
جوق	بۇرىن	124
جوق	بولساڭ	77
جوق	كەلگەن	126
جوق	قالىڭ	128
جوق	قىل	129
جوق	قىلىپ	134
جوق	قايتەم	132
جوق	نان	111
جوق	بىزدىڭ	118
جوق	ساۋ	129
جوق	بىلمەيمىن	113
جوق	قۇساپ	128
جوق	ستەپ	125
جوق	بىردەمە	111
جوق	بوپتى	104
جوق	سىز	99
جوق	توسىپ	111
جوق	دارى	118
جوق	ماي	130
جوق	باسىم	104
جوق	ونىڭ	57
جوق	وتىرمىز	121
جوق	بىزدە	133
جوق	نەشە	124
جوق	بولدىڭ	127
جوق	وزىم	114
جوق	سىزگە	115
جوق	ناق	121
جوق	دەم	124
جوق	سۋ	115
جوق	جىندى	128
جوق	ارتىق	125
جوق	بالام	118
جوق	ۇيىقتاپ	109
جوق	قايداعى	115
جوق	مەنەن	117
جوق	اراق	126
جوق	ىزدەپ	116
جوق	اياق	118
جوق	قۇرسىن	112
جوق	بالالار	126
جوق	اقشانى	100
جوق	منا	123
جوق	اشىق	115
جوق	قول	133
جوق	اكە	115
جوق	سەنەن	130
جوق	جەردەن	124
جوق	جىگىت	130
جوق	دەسەڭ	131
جوق	قولايسىز	132
جوق	ەل	123
جوق	جانە	127
جوق	تۇرا	84
جوق	باۋىرىم	89
جوق	قاتىن	119
جوق	دەيسىڭ	100
جوق	شعار	120
جوق	سەندەر	133
جوق	تەك	130
جوق	اپام	132
جوق	ۇمىتىپ	131
جوق	ۇستىپ	113
جوق	التىن	127
جوق	كەشكە	133
جوق	رەنجىپ	132
جوق	ايەل	127
جوق	اناۋ	118
جوق	نەسى	129
جوق	ۇيتىپ	134
جوق	ماس	129
جوق	ۇتىرىك	129
جوق	المادىم	116
جوق	ءوزىڭ	125
جوق	وتىرىك	123
جوق	قايتەسىڭ	132
جوق	ۇيقى	122
جوق	ۇيقىم	124
جوق	دەمالىپ	124
جوق	ساتىپ	108
جوق	ەشكىم	131
جوق	ەلدىڭ	132
جوق	ەشتەمە	129
جوق	ادامدى	121
جوق	ۇيدىڭ	134
جوق	قۇداي	126
جوق	بىلەسىڭ	119
جوق	بولار	127
جوق	كۇندىز	130
جوق	جۇمىسقا	131
جوق	الاڭداما	85
جوق	كۇنىم	134
جوق	رەنجىمە	118
جوق	سىڭ	129
جوق	كەيدە	134
جوق	ۇندەمەي	134
جوق	پالە	129
جوق	تۇك	123
جوق	تىپتى	132
جوق	ۇيدەن	128
جوق	ىراس	131
جوق	بۇدان	129
جوق	ادامعا	129
جوق	دەمالىس	95
جوق	قىيىن	120
جوق	ايتپەسە	128
جوق	بىزگە	132
جوق	بولپ	133
جوق	بولپتى	103
جوق	شىعارسىڭ	129
جوق	ءازىر	131
جوق	مەننەن	92
جوق	اپەكە	111
جوق	نەمە	130
جوق	اندا	125
جوق	سەننەن	120
جوق	تاۋعا	120
جوق	بولسام	126
جوق	ۇيدەمىن	115
جوق	جاتتىم	126
جوق	ولار	130
جوق	بولعاندا	125
جوق	قايتەمىز	133
جوق	ەلگە	96
جوق	باياعى	96
جوق	بارمايمىن	117
جوق	شەشەم	117
جوق	ەكەنىن	130
جوق	تۇرسا	132
جوق	بۇكىن	107
جوق	سەنىمەن	120
جوق	ۇقسايدى	126
جوق	ادامدار	130
جوق	تەگى	111
جوق	دەكەن	124
جوق	دەگەندە	101
جوق	بۇرسىگۇنى	131
جوق	بىرازدان	128
جوق	كەلمەدى	129
جوق	دەدىڭ	133
جوق	بولدىما	134
جوق	بولدىڭىز	123
جوق	قينالىپ	131
جوق	بولاسىڭ	125
جوق	سىرتقا	110
جوق	ايتەۇ	129
جوق	ولاي	79
جوق	بولايىن	128
جوق	دەپتى	132
جوق	بيىل	123
جوق	ەلدەن	124
جوق	ىسكە	85
جوق	تابا	127
جوق	ايتبەسە	131
جوق	الاڭسىز	119
جوق	ءوزىم	126
جوق	دالادا	123
جوق	نەمەنەگە	130
جوق	سىياقتى	127
جوق	نەگىزى	126
جوق	قاسىمدا	132
جوق	كەشەدەن	129
جوق	ەمەسبە	130
جوق	ۇيتكەنى	132
جوق	اتەي	120
جوق	سىرتتا	119
جوق	شعارسىڭ	131
جوق	وقشايدى	104
جوق	دەيت	87
جوق	ۇقتىڭبا	133
جوق	بولعانسوڭ	103
جوق	نارسەنى	132
جوق	قۇرى	124
جوق	بەكەن	127
جوق	قىلادى	117
جوق	زەرىگىپ	118
جوق	جاياۋ	127
جوق	بارمادىم	121
جوق	بولماسىن	122
جوق	بولدىعوي	129
جوق	ەگەن	127
جوق	بوسا	124
جوق	دەمە	116
جوق	وقسايدى	130
جوق	شىعارمىن	125
جوق	ەكەنعوي	125
جوق	بولعانى	85
جوق	قىلدى	118
جوق	قىلدىم	123
جوق	الدە	124
جوق	دەمەي	118
جوق	سىڭبا	118
جوق	باسقالاي	132
جوق	دەگەنگە	126
جوق	قىلدىڭ	127
جوق	بولدىڭدار	124
جوق	بەدى	134
جوق	نارسەگە	89
جوق	شىقار	126
جوق	بولعاننان	129
جوق	ىشپەدىم	124
جوق	ۇيقتامادىم	132
جوق	بولدىڭعوي	130
جوق	بولاتىنمىن	124
جوق	ءالدە	121
جوق	دەكەندە	131
جوق	بولدما	132
جوق	رەنجىمەدىم	133
جوق	پەكەن	127
جوق	بولدڭعوي	129
جوق	تاڭ	113
جوق	تۇرىپ	107
جوق	تاۋىپ	98
جوق	تويعا	130
جوق	ەش	98
جوق	اپارىپ	130
جوق	ەكەم	132
جوق	بارمىن	128
جوق	اۋدانعا	129
جوق	بوس	134
جوق	مۇمكىن	110
جوق	راقىمەت	125
جوق	تالاي	128
جوق	كۇڭىل	134
جوق	سيىر	126
جوق	ۇيقتاي	120
جوق	جەڭگە	121
جوق	تاۋدا	114
جوق	اسابا	126
جوق	بىرەۋگە	127
جوق	دەگەندەي	126
جوق	بىلسەڭ	132
جوق	سەكىلدى	132
جوق	قۇسايدى	113
جوق	بولسامدا	130
جوق	قايتپادىم	106
بول	جانىم	79
بول	مەن	16
بول	دەپ	45
بول	بول	68
بول	جاقسى	39
بول	بىر	61
بول	نە	78
بول	سەن	62
بول	ەندى	72
بول	وندا	44
بول	مەندە	79
بول	ماعان	59
بول	مەنى	70
بول	مەنىڭ	82
بول	قايدا	78
بول	سەنى	80
بول	ساعان	77
بول	دەيدى	74
بول	دوسىم	84
بول	كىم	72
بول	امان	70
بول	دەگەن	42
بول	ايتەۋ	19
بول	تەز	83
بول	ەي	74
بول	جەردە	76
بول	اينالايىن	61
بول	ماڭگى	51
بول	باۋىرىم	74
بول	قۇلىنىم	84
بول	جان	127
بول	باسقا	80
بول	شارشاپ	76
بول	قۇلىن	69
بولسىن	جان	118
بولسىن	جانى	91
بولسىن	جانىم	111
بولسىن	سالەم	16
بولسىن	مەن	109
بولسىن	دەپ	120
بولسىن	جوق	74
بولسىن	بولسىن	106
بولسىن	جاقسى	53
بولسىن	بولدى	55
بولسىن	بىر	118
بولسىن	سول	102
بولسىن	نە	126
بولسىن	نەعىپ	104
بولسىن	بار	118
بولسىن	سەن	87
بولسىن	ەندى	109
بولسىن	راحىمەت	109
بولسىن	ماقۇل	94
بولسىن	وندا	59
بولسىن	كەلىپ	104
بولسىن	يا	79
بولسىن	ەرتەڭ	120
بولسىن	بۇگىن	103
بولسىن	مەندە	109
بولسىن	سودان	111
بولسىن	ماعان	112
بولسىن	بارى	100
بولسىن	بارىپ	115
بولسىن	ەكى	99
بولسىن	مەنى	59
بولسىن	مەنىڭ	116
بولسىن	قاي	59
بولسىن	قايىرلى	80
بولسىن	ول	123
بولسىن	قايدا	109
بولسىن	سەنى	97
بولسىن	ساعان	121
بولسىن	وسى	122
بولسىن	جارايدى	116
بولسىن	تاماق	108
بولسىن	دەي	121
بولسىن	دەيدى	107
بولسىن	قال	114
بولسىن	قالاي	114
بولسىن	ۇيدە	123
بولسىن	ۇيگە	123
بولسىن	ايتىپ	120
بولسىن	بىرگە	127
بولسىن	وت	39
بولسىن	دوسىم	99
بولسىن	كىم	100
بولسىن	امان	98
بولسىن	امانشىلىق	41
بولسىن	اق	122
بولسىن	دەگەن	114
بولسىن	ۇز	104
بولسىن	قاشان	62
بولسىن	قاربالاس	78
بولسىن	ىشىپ	106
بولسىن	وي	117
بولسىن	كوپ	123
بولسىن	قۇتتى	107
بولسىن	مىنا	99
بولسىن	نەدەگەن	113
بولسىن	امانسىڭبا	123
بولسىن	باس	122
بولسىن	باسقا	123
بولسىن	كەشتە	118
بولسىن	بولاما	122
بولسىن	جول	124
بولسىن	وز	118
بولسىن	ايتەۋ	109
بولسىن	تەز	112
بولسىن	اعا	123
بولسىن	كوڭىلدى	112
بولسىن	تۇن	78
بولسىن	شى	80
بولسىن	جاڭا	113
بولسىن	بىز	124
بولسىن	ايتقانىڭ	110
بولسىن	سونىمەن	113
بولسىن	دەيمىن	75
بولسىن	قارا	116
بولسىن	مىقتى	116
بولسىن	ۇلكەن	122
بولسىن	اس	60
بولسىن	كەرەمەت	119
بولسىن	جەجە	120
بولسىن	قىز	114
بولسىن	جامان	112
بولسىن	جاتقان	83
بولسىن	توي	102
بولسىن	اينالايىن	93
بولسىن	تۋىلعان	113
بولسىن	قىزدار	80
بولسىن	دەدىم	122
بولسىن	تاتتى	119
بولسىن	تاتتىم	100
بولسىن	ماڭگى	117
بولسىن	ار	114
بولسىن	قالىڭ	97
بولسىن	دەن	79
بولسىن	بىزدە	78
بولسىن	سومەن	120
بولسىن	ىراحىمەت	124
بولسىن	بالام	124
بولسىن	بۇيىرسا	108
بولسىن	دەنساۋلىعى	82
بولسىن	دەنساۋلىعىڭ	81
بولسىن	بالالار	102
بولسىن	اكە	96
بولسىن	بارلىق	87
بولسىن	جولى	79
بولسىن	دەسەڭ	125
بولسىن	باقىتتى	115
بولسىن	باۋى	119
بولسىن	باۋىرىم	126
بولسىن	اقىرىن	46
بولسىن	كۇندەرىڭ	117
بولسىن	التىن	124
بولسىن	دوستار	85
بولسىن	قۇدا	109
بولسىن	كۇنىم	52
بولسىن	التىنىم	92
بولسىن	باي	103
بولسىن	بايقاپ	112
بولسىن	قوش	74
بولسىن	ءار	124
بولسىن	كەشكى	112
بولسىن	جارايسىڭ	105
بولسىن	اپەكە	103
بولسىن	تەزىرەك	107
بولسىن	ىستەرىڭ	117
بولسىن	بۇگىنگى	95
بولسىن	جەڭگە	96
بولسىن	قىزىم	119
بولسىن	دەگەنىم	120
بولسىن	سارى	114
بولسىن	كەلىن	117
بولسىن	باقتتى	120
بولسىن	جىگىتتەر	87
بولسىن	تۇسكى	120
بولسىن	تابىس	66
بولسىن	جولىڭ	106
بولسىن	تاڭعى	111
بولسىن	ساۋداڭ	117
بولسىن	ساباقتاس	98
بولسىن	ساباقتاستار	122
بولسىن	تاتە	107
بولسىن	دەنساۋلىعىڭىز	104
بولسىن	جاسى	121
بولسىن	قۇلىن	103
بولسىن	قۇلىنىم	88
بولسىن	كۇندەرىڭىز	121
بولسىن	ناعاشى	121
بولسىن	جالعاستى	123
بولسىن	ومىر	106
بولسىن	ۇمىر	126
بولسىن	جاندارىم	72
بولسىن	اسابا	117
بولسىن	اماندىق	117
بولسىن	اسىل	101
بولسىن	اسىقپاي	122
بولسىن	سىڭىلىم	125
بولسىن	اياۋلى	108
بولسىن	اياۋلىم	118
بولسىن	دەنساۋلىقتارىڭ	99
بولسىن	ىنىم	125
بولسىن	وتباستارىڭ	114
بولسىن	قۇداشا	90
بولسىن	ىسىڭ	81
بولسىن	دەنىڭ	126
بولسىن	جەزدە	119
بولسىن	قۇداعي	83
بولسىن	جاسىڭ	114
بولسىن	قارىنداس	123
بولسىن	قارىنداسىم	122
بولسىن	وقۋى	108
بولسىن	بۇيىرتىپ	92
بولسىن	باۋرىم	110
بولسىن	ارقاشان	119
بولسىن	اتپال	126
بولسىن	بولاشاعى	111
بولسىن	عۇمىر	124
بولسىن	جيەن	114
بولسىن	ءارقاشان	116
بولسىن	ابايلاپ	112
بولسىن	بۇداندا	101
بولسىن	قىزىمەتىڭ	118
بولسىن	كىشكەنتاي	119
بولسىن	قوساقتارىڭمەن	97
بولسىن	وقۋىڭ	95
بولسىن	قىزمەتىڭ	121
بولسىن	بارىمىزگە	125
بولسىن	تابىسىڭ	115
بولسىن	توپىراعى	119
بولسىن	وقۋدا	113
بولسىن	اتبال	123
بولسىن	قۇلىندار	109
بولسىن	جورتقاندا	123
بولسىن	كەلەشەكتە	120
بولسىن	تويعا	88
بولسىن	قوس	115
بولسىن	كۇڭىلدى	99
بولسىن	كۇندەرى	121
بولسىن	بۇيرسا	95
بولسىن	ماۋباس	111
بولسىن	بالاڭ	79
بولسىن	قارعام	78
بولسىن	باللار	109
بولسىن	ساياحات	113
بولسىن	بالار	114
بولسىن	سۇندەت	123
بولسىن	جولدارىڭ	126
بولسىن	تەمىر	124
بولسىن	بالالاردىڭ	125
بولسىن	دەنى	119
بولسىن	بالاڭنىڭ	123
بولسىن	تويلارىڭ	88
بولسىن	جۇلدەلى	117
بولسىن	سىرعاسى	124
بولسىن	بالالارىڭ	101
بولسىن	بالاردىڭ	126
بولسىن	كشكەنتاي	110
بولسىن	باللاردىڭ	116
بولسىن	سۇندەتى	122
بولسىن	بالامىزدىڭ	121
بولسىن	جاستارى	102
بولسىن	اتپالى	123
بولسىن	وقۇى	112
بولسىن	قۇلىندارىم	115
بولسىن	اتبالى	124
بولسىن	كەلەشەگى	118
بولسىن	شاڭىراعى	121
بولسىن	وقۋلارى	119
بولسىن	شاڭىراقتارى	125
جاق	جاقسى	131
جاق	بولىپ	48
جاق	قانداي	52
جاق	قۇلاعى	47
جاق	الدى	48
جاق	ارتى	45
جاق	ىستىق	44
جاق	سالقىن	55
جاق	قۇلاعىندا	16
جاق	قۇلاعىنىڭ	36
جاق	سانىندا	35
جاق	جايادا	45
جاق	جاياسىندا	40
جاقس	تۇس	45
جاقسى	عوي	26
جاقسى	جان	28
جاقسى	جانىم	113
جاقسى	سالەم	51
جاقسى	مەن	117
جاقسى	دەپ	104
جاقسى	جوق	84
جاقسى	بول	37
جاقسى	بولسىن	77
جاقسى	جاقسى	76
جاقسى	بولدى	93
جاقسى	ەكەن	39
جاقسى	بىر	28
جاقسى	سول	84
جاقسى	نە	105
جاقسى	نەعىپ	109
جاقسى	بار	76
جاقسى	سەن	81
جاقسى	ەندى	114
جاقسى	بولىپ	105
جاقسى	راحىمەت	106
جاقسى	ماقۇل	110
جاقسى	جات	24
جاقسى	قوي	108
جاقسى	الىپ	76
جاقسى	وندا	91
جاقسى	كەلىپ	99
جاقسى	يا	125
جاقسى	ەرتەڭ	64
جاقسى	ادام	112
جاقسى	بولسا	114
جاقسى	بۇگىن	47
جاقسى	تۇر	118
جاقسى	مەندە	88
جاقسى	سودان	125
جاقسى	ماعان	98
جاقسى	بارى	102
جاقسى	بارىپ	97
جاقسى	ەكى	106
جاقسى	مەنى	128
جاقسى	مەنىڭ	126
جاقسى	قايىرلى	104
جاقسى	بولا	130
جاقسى	بولادى	104
جاقسى	جاتىرمىن	118
جاقسى	ول	50
جاقسى	قايدا	131
جاقسى	ساعان	119
جاقسى	وسى	114
جاقسى	جارايدى	126
جاقسى	تاماق	122
جاقسى	دەيدى	102
جاقسى	ۇي	117
جاقسى	ۇيدە	118
جاقسى	ۇيگە	85
جاقسى	تەلەفون	84
جاقسى	ايتىپ	130
جاقسى	بىرگە	90
جاقسى	كۇن	77
جاقسى	وتىر	131
جاقسى	دوس	124
جاقسى	دوسىم	89
جاقسى	كىم	124
جاقسى	امان	44
جاقسى	امانشىلىق	78
جاقسى	اق	118
جاقسى	اقشا	116
جاقسى	دەگەن	117
جاقسى	يە	125
جاقسى	ەمەس	108
جاقسى	بىراق	17
جاقسى	ۇز	106
جاقسى	ۇزىڭ	117
جاقسى	قاربالاس	128
جاقسى	ىش	89
جاقسى	ىشىپ	124
جاقسى	وي	113
جاقسى	كوپ	128
جاقسى	بىراز	128
جاقسى	مىن	124
جاقسى	شاي	76
جاقسى	بەر	129
جاقسى	امانسىڭ	42
جاقسى	امانسىڭبا	94
جاقسى	ەدى	108
جاقسى	بولاما	131
جاقسى	ازىر	119
جاقسى	ىس	120
جاقسى	ىستە	121
جاقسى	ىستەپ	90
جاقسى	جۇر	33
جاقسى	كەشە	113
جاقسى	ان	128
جاقسى	انا	118
جاقسى	ۇيقتا	95
جاقسى	ۇيقتاپ	82
جاقسى	جۇمىس	129
جاقسى	وز	128
جاقسى	وزىڭ	122
جاقسى	ايتەۋ	107
جاقسى	اعا	126
جاقسى	ات	49
جاقسى	بوپ	99
جاقسى	كوڭىل	56
جاقسى	كوڭىلدى	108
جاقسى	تۇندە	106
جاقسى	شىعار	65
جاقسى	كەزدە	130
جاقسى	كور	82
جاقسى	كورىپ	120
جاقسى	بالا	90
جاقسى	ايتقانىڭ	130
جاقسى	تۇس	130
جاقسى	قابار	19
جاقسى	بولعان	131
جاقسى	ەكەنسىڭ	111
جاقسى	جاتىپ	90
جاقسى	سونىمەن	55
جاقسى	قارا	97
جاقسى	قاراپ	80
جاقسى	كۇندە	125
جاقسى	كەرەمەت	36
جاقسى	مال	130
جاقسى	جەجە	114
جاقسى	بولدىم	105
جاقسى	جەر	106
جاقسى	ماشينا	103
جاقسى	ەمەسپە	103
جاقسى	قىز	17
جاقسى	جامان	96
جاقسى	دەشى	127
جاقسى	اينالايىن	129
جاقسى	بىرەۋ	115
جاقسى	ەبىلايدە	126
جاقسى	بولىپتى	67
جاقسى	بولماي	96
جاقسى	بولمايدى	47
جاقسى	كۇر	124
جاقسى	كۇرىپ	125
جاقسى	بولماسا	120
جاقسى	جاتىرمىز	96
جاقسى	جۇرە	86
جاقسى	جۇرگەن	98
جاقسى	جەرگە	89
جاقسى	قىزدار	69
جاقسى	امال	94
جاقسى	بولسادا	58
جاقسى	اڭگىمە	120
جاقسى	سياقتى	118
جاقسى	بولات	106
جاقسى	بولاتىن	129
جاقسى	جۇرىپ	119
جاقسى	نارسە	122
جاقسى	امانسىز	107
جاقسى	امانسىزبا	100
جاقسى	وينا	122
جاقسى	ويناپ	79
جاقسى	كىسى	119
جاقسى	باعاسى	117
جاقسى	بولساڭ	90
جاقسى	كەلمەي	126
جاقسى	سويلەپ	105
جاقسى	ەدىڭ	112
جاقسى	بىلمەيمىن	122
جاقسى	دەنساۋلىق	132
جاقسى	قۇساپ	57
جاقسى	ستە	99
جاقسى	ستەپ	110
جاقسى	بوپتى	112
جاقسى	سىز	130
جاقسى	دارى	130
جاقسى	بىزدە	110
جاقسى	سومەن	126
جاقسى	دەم	124
جاقسى	بالام	130
جاقسى	ۇيىقتا	130
جاقسى	ۇيىقتاپ	110
جاقسى	اراق	38
جاقسى	سۇيلەپ	132
جاقسى	بارمىن	126
جاقسى	بالالار	128
جاقسى	دەمال	64
جاقسى	وتىرىپ	126
جاقسى	قاراي	131
جاقسى	جىگىت	105
جاقسى	ايتادى	115
جاقسى	باق	102
جاقسى	باۋىرىم	131
جاقسى	قاتىن	120
جاقسى	شعار	112
جاقسى	جاۋاپ	126
جاقسى	كۇڭىل	116
جاقسى	كۇڭىلدى	118
جاقسى	كۇندەر	114
جاقسى	كورە	108
جاقسى	ايەل	89
جاقسى	سوز	107
جاقسى	عۇي	93
جاقسى	دوستار	102
جاقسى	ۇستا	130
جاقسى	راق	97
جاقسى	ءوزىڭ	89
جاقسى	ۇزاق	122
جاقسى	ۇيقى	114
جاقسى	دەمالىپ	87
جاقسى	سۇز	125
جاقسى	بىلەسىڭ	131
جاقسى	كسى	115
جاقسى	بولار	126
جاقسى	ۇيقتادىم	117
جاقسى	شىعادى	131
جاقسى	كۇنىم	86
جاقسى	سىڭ	71
جاقسى	ادامعا	101
جاقسى	بولپ	130
جاقسى	بولپتى	106
جاقسى	ۇيقتاي	127
جاقسى	مەكەن	111
جاقسى	بولسام	114
جاقسى	جاتىرسىڭبا	130
جاقسى	ادامنىڭ	121
جاقسى	شىقتى	124
جاقسى	امانشىلىقپا	43
جاقسى	ۇيدەمىن	85
جاقسى	جەڭگە	120
جاقسى	باعىپ	119
جاقسى	بولعاندا	110
جاقسى	كەلىن	128
جاقسى	ءان	112
جاقسى	وتىپ	127
جاقسى	بولدىڭبا	62
جاقسى	بولمادى	126
جاقسى	كورەم	119
جاقسى	كۇرە	96
جاقسى	ايبەت	107
جاقسى	ۇتىپ	108
جاقسى	ۇقسايدى	113
جاقسى	بولىڭدار	128
جاقسى	وراي	109
جاقسى	ادامدار	128
جاقسى	ۇيرەن	100
جاقسى	ۇيرەنىپ	101
جاقسى	جاتىرسىڭدارما	114
جاقسى	شىقپاي	111
جاقسى	كوردىم	125
جاقسى	كورىم	104
جاقسى	ۇزدەرىڭ	120
جاقسى	وقىپ	130
جاقسى	بولدىما	128
جاقسى	تۇردىڭبا	130
جاقسى	ىستەي	106
جاقسى	جۇرسە	131
جاقسى	جۇرسەڭ	130
جاقسى	ساقايىپ	130
جاقسى	بولاسىڭ	83
جاقسى	ەمەسپىن	121
جاقسى	كورگەن	126
جاقسى	شىقسا	116
جاقسى	بۇلدى	127
جاقسى	بولۋ	111
جاقسى	كۇرەم	113
جاقسى	كۇردىم	131
جاقسى	ءسوز	103
جاقسى	ەمەسبە	124
جاقسى	وزدەرىڭ	127
جاقسى	تىلەك	121
جاقسى	ۇزىڭىز	126
جاقسى	جازىلىپ	116
جاقسى	بۇلىپ	122
جاقسى	ارالاسىپ	124
جاقسى	كۇرىم	85
جاقسى	قونىپ	91
جاقسى	بولعانسوڭ	91
جاقسى	ويلان	117
جاقسى	ويلانىپ	107
جاقسى	كورسە	96
جاقسى	كورسەڭ	107
جاقسى	ۇيىقتاي	118
جاقسى	وزىڭىز	111
جاقسى	كورمەي	111
جاقسى	جگىت	131
جاقسى	كۇت	90
جاقسى	كۇتىپ	117
جاقسى	ىستەيدى	79
جاقسى	قارايتىن	97
جاقسى	دوسىڭ	113
جاقسى	وزىڭشى	113
جاقسى	كورەمىن	92
جاقسى	جاعىن	130
جاقسى	ۇزىڭشى	130
جاقسى	كۇرگەن	71
جاقسى	كورەسىڭ	118
جاقسى	ادامسىڭ	87
جاقسى	قاراسا	130
جاقسى	بولدىعوي	113
جاقسى	كورسەم	123
جاقسى	ەگەن	76
جاقسى	كورەت	88
جاقسى	كورەتىن	131
جاقسى	اڭگىمەلەسىپ	123
جاقسى	كورەدى	74
جاقسى	سەميا	104
جاقسى	بولساق	121
جاقسى	بولۋشى	131
جاقسى	حابار	70
جاقسى	كۇرسە	117
جاقسى	كۇرسەڭ	111
جاقسى	كاسىپ	122
جاقسى	بوسا	131
جاقسى	كۇتە	130
جاقسى	بولايىق	128
جاقسى	قارايدى	110
جاقسى	تارتپاي	126
جاقسى	كۇرەمىن	122
جاقسى	كۇرمەي	130
جاقسى	بولماعان	115
جاقسى	ۇيىرەن	131
جاقسى	ەكەنعوي	123
جاقسى	امانشلىق	132
جاقسى	كۇرەسىڭ	103
جاقسى	ىستەمەي	95
جاقسى	كورپ	111
جاقسى	كورەمىز	125
جاقسى	بولعانى	93
جاقسى	امانسز	89
جاقسى	امانسزبا	130
جاقسى	كورگەم	105
جاقسى	دەمالا	127
جاقسى	سىڭبا	93
جاقسى	شۇكىر	130
جاقسى	جاماندى	121
جاقسى	جۇرەيىك	125
جاقسى	بولساڭىز	124
جاقسى	كۇرسەم	132
جاقسى	كۇرەدى	130
جاقسى	بۇلسا	128
جاقسى	كۇرەت	130
جاقسى	كۇرەتىن	132
جاقسى	كورىن	121
جاقسى	كورمەگەن	80
جاقسى	قارايمىن	121
جاقسى	ۇيناپ	131
جاقسى	جۇرسەك	85
جاقسى	ارلاسىپ	132
جاقسى	كۇرپ	123
جاقسى	وتىرىڭدار	82
جاقسى	بولساڭدار	127
جاقسى	تۇرمىس	119
جاقسى	جاتتىڭ	117
جاقسى	جاتتىڭبا	109
جاقسى	كورگەندە	121
جاقسى	دەمالدىڭبا	132
جاقسى	ۇيقتادىڭبا	126
جاقسى	كۇتىن	83
جاقسى	دەمالىڭىز	119
جاقسى	ناتيجە	120
جاقسى	بولقان	123
جاقسى	قاراساڭ	104
جاقسى	ۇزدەرىڭىز	112
جاقسى	وتىرىڭىز	125
جاقسى	ۆزىڭ	123
جاقسى	تارتباي	102
جاقسى	وزدەرىڭىز	107
جاقسى	كۇندەردە	125
جاقسى	كورمەيدى	94
جاقسى	تارتپايدى	131
جاقسى	كورۋ	105
جاقسى	كورمەسەم	132
جاقسى	بالاسىڭ	95
جاقسى	كورمەيمىن	96
جاقسى	گۇرىپ	100
جاقسى	دەمالاعوي	107
جاقسى	كورەسىڭبە	119
جاقسى	كۇرمەيدى	116
جاقسى	بولعانىڭ	107
جاقسى	ەستىلمەي	123
جاقسى	سڭبا	130
جاقسى	بوپتتى	107
جاقسى	ارالاساتىن	115
جاقسى	كۇرمەسەم	113
جاقسى	كۇركەن	131
جاقسى	كورمەيتىن	120
جاقسى	بۇپتى	96
جاقسى	كۇرمەيمىن	107
جاقسى	كۇرەسىڭبە	109
جاقسى	داۋالان	132
جاقسى	كۇندەردى	114
جاقسى	كورمەيسىڭ	93
جاقسى	كورمەسەڭ	119
جاقسى	دەمالىڭدار	118
جاقسى	ءتۇس	105
جاقسى	كۇرمەيتىن	126
جاقسى	بولعاي	127
جاقسى	بۇلماي	112
جاقسى	بولىپتتى	126
جاقسى	كورگەنىم	112
جاقسى	كۇرۋ	113
جاقسى	بولپتتى	102
جاقسى	امانشلق	115
جاقسى	كۇرمەسەڭ	125
جاقسى	كۇرمەيسىڭ	122
جاقسى	دوستاردان	120
جاقسى	سىزبا	107
جاقسى	كورەسڭبە	127
جاقسى	تۇردىڭىزبا	132
جاقسى	كوركەن	130
جاقسى	ويناڭدار	85
جاقسى	وتىرڭدار	109
جاقسى	كۇرگەنىم	128
جاقسى	تۇسكۇر	128
جاقسى	كورسەمدە	122
جاقسى	بولارەدى	131
جاقسى	قاراڭدار	124
جاقسى	كورگەنىڭ	113
جاقسى	كۇرسەمدە	130
جاقسى	كۇرەسڭبە	126
جاقسى	كورگەننەن	116
جاقسى	كورمەيىم	131
جاقسى	بوپتىعوي	121
جاقسى	كورەسىڭبا	117
جاقسى	بولىپتىعوي	113
جاقسى	كورگەنسوڭ	120
جاقسى	كۇرگەنىڭ	129
جاقسى	كۇرەسىڭبا	106
جاقسى	دەمالڭىز	117
جاقسى	كورۋشى	110
جاقسى	كۇرگەنسوڭ	126
جاقسى	كورەتىنىمدى	125
جاقسى	دەمالىڭىزدار	123
جاقسى	تۇسكور	130
جاقسى	كۇرەتىنىمدى	127
جاقسى	كورەتىنىڭدى	130
جاقسى	كورگەندىكتەن	132
جاقسى	قاي	126
جاقسى	سەنى	105
جاقسى	جار	130
جاقسى	وت	72
جاقسى	توي	96
جاقسى	جول	108
جاقسى	قايداسىڭ	105
جاقسى	بىز	95
جاقسى	تۇرىپ	108
جاقسى	جەردە	96
جاقسى	شىركىن	125
جاقسى	اكە	86
جاقسى	دەيسىڭ	120
جاقسى	ادامدى	116
جاقسى	ازامات	129
جاقسى	اپەكە	126
جاقسى	ەكەنىن	122
جاقسى	جۇرسىڭبە	72
جاقسى	سز	64
جاقسى	وتكىزىپ	101
جاقسى	ۇينا	132
جاقسى	جۇرمەي	111
جاقسى	سالەمەتسىزبە	128
جاقسى	ويناي	129
جاقسى	بولۋى	126
جاقسى	ەمەسپا	114
جاقسى	كورىنىپ	126
جاقسى	وتتى	110
جاقسى	كوڭىلىڭە	126
جاقسى	ءوزىڭىز	131
جاقسى	ۇتتى	126
جاقسى	وتىرىڭىزدار	130
جاقسى	ءوزدەرىڭ	116
جاقسى	كورمەسە	132
جاقسى	ويىناپ	121
جاقسى	تارتبايدى	118
جاقسى	كورمەيسىڭبە	111
جاقسى	تۇرسىزبا	128
جاقسى	قىزسىڭ	127
جاقسى	كوڭىلمەن	126
جاقسى	ويناڭىز	113
بولدى	عوي	70
بولدى	جان	12
بولدى	جانىم	107
بولدى	مەن	21
بولدى	دەپ	84
بولدى	جوق	48
بولدى	جاقسى	47
بولدى	بولدى	51
بولدى	ەكەن	79
بولدى	بىر	66
بولدى	سول	71
بولدى	نە	103
بولدى	نەعىپ	83
بولدى	بار	74
بولدى	سەن	113
بولدى	ەندى	68
بولدى	راحىمەت	106
بولدى	ماقۇل	130
بولدى	جات	36
بولدى	قوي	27
بولدى	ال	67
بولدى	الى	112
بولدى	الىپ	104
بولدى	ون	52
بولدى	وندا	120
بولدى	كەل	91
بولدى	كەلىپ	124
بولدى	يا	102
بولدى	ەرتە	103
بولدى	ەرتەڭ	118
بولدى	ادام	105
بولدى	بۇگىن	70
بولدى	مەندە	69
بولدى	سودان	99
بولدى	ماعان	96
بولدى	بارى	80
بولدى	بارىپ	85
بولدى	ەكى	74
بولدى	مەنى	108
بولدى	مەنىڭ	81
بولدى	قاي	93
بولدى	نەگە	90
بولدى	ول	131
بولدى	قايدا	111
بولدى	سەنى	96
بولدى	ساعان	85
بولدى	وسى	121
بولدى	جارايدى	52
بولدى	تاماق	81
بولدى	دەي	95
بولدى	دەيدى	122
بولدى	قالاي	101
بولدى	ۇي	116
بولدى	ۇيدە	115
بولدى	ۇيگە	106
بولدى	تەلەفون	75
بولدى	اي	93
بولدى	ايتىپ	129
بولدى	بىرگە	110
بولدى	كۇن	68
بولدى	دوسىم	110
بولدى	كىم	95
بولدى	امان	96
بولدى	امانشىلىق	77
بولدى	كەيىن	104
بولدى	تاڭ	98
بولدى	اق	87
بولدى	اقشا	123
بولدى	دەگەن	117
بولدى	يە	105
بولدى	ونى	95
بولدى	بىراق	124
بولدى	قانشا	96
بولدى	ۇز	126
بولدى	ۇزى	119
بولدى	ۇزىڭ	101
بولدى	قاشان	114
بولدى	قاربالاس	100
بولدى	ىشىپ	118
بولدى	قويشى	126
بولدى	تاعى	116
بولدى	كوپ	93
بولدى	كەتىپ	115
بولدى	تاڭەرتەڭ	62
بولدى	بىراز	114
بولدى	مىنا	96
بولدى	نەدەگەن	104
بولدى	قانداي	118
بولدى	شاي	116
بولدى	باس	97
بولدى	باسقا	111
بولدى	سەنىڭ	129
بولدى	كەشتە	80
بولدى	بولاما	97
بولدى	راس	106
بولدى	از	105
بولدى	ازىر	105
بولدى	ىستەپ	115
بولدى	كەشە	120
بولدى	قايت	120
بولدى	قايتا	116
بولدى	انا	98
بولدى	ۇيقتا	124
بولدى	ۇيقتاپ	87
بولدى	قايتىپ	123
بولدى	جول	103
بولدى	كەتتىم	105
بولدى	ۇش	103
بولدى	سوندا	100
بولدى	جۇمىس	100
بولدى	وز	103
بولدى	وزى	121
بولدى	وزىڭ	106
بولدى	ايتەۋ	109
بولدى	تەز	121
بولدى	اعا	110
بولدى	اتىپ	123
بولدى	دەسە	131
بولدى	دەسەم	125
بولدى	كەرەك	119
بولدى	كوڭىل	75
بولدى	اۋ	104
بولدى	اۋىرىپ	123
بولدى	تۇندە	79
بولدى	بەرە	97
بولدى	قويدىم	105
بولدى	وعان	90
بولدى	بالا	109
بولدى	جاڭا	104
بولدى	سونى	121
بولدى	سەندە	108
بولدى	بىز	118
بولدى	تاۋىپ	125
بولدى	بارا	131
بولدى	ۇيات	118
بولدى	كەلە	97
بولدى	قاتتى	122
بولدى	دۇرىس	128
بولدى	جاتىپ	125
بولدى	ايتا	131
بولدى	سونىمەن	70
بولدى	دەيمىن	131
بولدى	ۋاقىت	111
بولدى	ەشتەڭە	101
بولدى	ۇلكەن	97
بولدى	اس	122
بولدى	بۇل	116
بولدى	كۇندە	76
بولدى	مال	118
بولدى	قازىر	121
بولدى	قالعان	123
بولدى	جەجە	130
بولدى	ەي	115
بولدى	ودا	110
بولدى	ودان	121
بولدى	سوعان	120
بولدى	بەس	118
بولدى	اپارىپ	120
بولدى	كۇپ	124
بولدى	مىناۋ	70
بولدى	ماشينا	129
بولدى	ەمەسپە	96
بولدى	جامان	103
بولدى	جاڭە	128
بولدى	ساعات	114
بولدى	دەشى	108
بولدى	توي	115
بولدى	جاي	93
بولدى	اينالايىن	122
بولدى	بىرەۋ	128
بولدى	ءبىر	104
بولدى	شارشاپ	130
بولدى	بولماسا	122
بولدى	جۇرە	112
بولدى	جۇرەگىم	118
بولدى	تۇستە	115
بولدى	تۇستەن	131
بولدى	امال	131
بولدى	باعانا	128
بولدى	كەتە	107
بولدى	اڭگىمە	101
بولدى	جۋىپ	111
بولدى	ەكەمىز	124
بولدى	دەدى	122
بولدى	دەدىم	110
بولدى	جالعىز	109
بولدى	بارىن	126
بولدى	سونداي	128
بولدى	سۇيتىپ	123
بولدى	ءالى	122
بولدى	قاتە	119
بولدى	ماڭگى	122
بولدى	ەڭ	132
بولدى	الگى	131
بولدى	ونداي	87
بولدى	بەكەر	124
بولدى	ارەڭ	120
بولدى	ۇزىم	109
بولدى	ساعىنىپ	106
بولدى	قىل	122
بولدى	قايتەم	109
بولدى	كەلمە	123
بولدى	كەلمەي	127
بولدى	بىزدىڭ	110
بولدى	ساۋ	131
بولدى	دەن	105
بولدى	ايتشى	131
بولدى	بىردەمە	113
بولدى	وقاسى	131
بولدى	سىز	99
بولدى	دارى	117
بولدى	ەرتەرەك	118
بولدى	باسىم	102
بولدى	ونىڭ	129
بولدى	بىزدە	120
بولدى	وزىم	108
بولدى	سومەن	124
بولدى	سىزگە	122
بولدى	دەم	126
بولدى	وتە	129
بولدى	ىراحىمەت	89
بولدى	ارتىق	129
بولدى	بالام	128
بولدى	ۇيىقتا	127
بولدى	بۇيىرسا	130
بولدى	مەنەن	128
بولدى	اراق	91
بولدى	اياق	125
بولدى	قۇرسىن	107
بولدى	اقشاسىن	106
بولدى	بالالار	119
بولدى	اقشانى	128
بولدى	دەمال	99
بولدى	منا	116
بولدى	سەنەن	118
بولدى	دەسەڭ	127
بولدى	قولايسىز	109
بولدى	قالجىڭ	127
بولدى	باقىتتى	128
بولدى	ەل	115
بولدى	جانە	123
بولدى	جەتىپ	109
بولدى	تۇرا	131
بولدى	باۋىرىم	129
بولدى	المايمىن	108
بولدى	دەيسىڭ	117
بولدى	سەندەر	98
بولدى	جاۋاپ	117
بولدى	كۇڭىل	96
بولدى	اقىر	130
بولدى	اقىرى	128
بولدى	اقىرىن	120
بولدى	ۇمىتىپ	123
بولدى	ۇستىپ	124
بولدى	رەنجىپ	119
بولدى	اناۋ	125
بولدى	ۇيتىپ	126
بولدى	عۇي	122
بولدى	ۇتىرىك	123
بولدى	راقىمەت	101
بولدى	ءوزى	131
بولدى	ءوزىڭ	124
بولدى	وتىرىك	93
بولدى	قايتەسىڭ	117
بولدى	مىنە	126
بولدى	ۇيقى	100
بولدى	ۇيقىم	124
بولدى	دەمالىپ	107
بولدى	ەلدىڭ	127
بولدى	ەشتەمە	131
بولدى	ۇيقتادىم	119
بولدى	الاڭداما	119
بولدى	كۇنىم	131
بولدى	رەنجىمە	131
بولدى	بايقاپ	124
بولدى	ۇن	131
بولدى	ۇندەمەي	130
بولدى	تىپتى	128
بولدى	ۇيدەن	122
بولدى	بۇدان	117
بولدى	ايتپەسە	111
بولدى	ۇزىڭدى	98
بولدى	بىزگە	113
بولدى	ۇيقتاي	127
بولدى	قابارلاسا	116
بولدى	مەننەن	120
بولدى	تەزىرەك	123
بولدى	سەننەن	132
بولدى	سويلەمە	124
بولدى	سويلەمەي	122
بولدى	توقتاپ	122
بولدى	جەڭگە	125
بولدى	ارتىنان	122
بولدى	مەنىكى	130
بولدى	وزىڭدى	101
بولدى	باقتتى	119
بولدى	بارمايمىن	130
بولدى	سەنىمەن	126
بولدى	جولىڭ	128
بولدى	جاتا	128
بولدى	تەگى	125
بولدى	ۋاعىندا	119
بولدى	جانم	115
بولدى	راحمەت	125
بولدى	جەتەدى	124
بولدى	دەدىڭ	126
بولدى	قالعانىن	130
بولدى	ىستەي	121
بولدى	سۇيلەمە	106
بولدى	سۇيلەمەي	125
بولدى	ايتەۇ	120
بولدى	كەشىر	126
بولدى	بۇيتىپ	106
بولدى	سەنىكى	125
بولدى	قاجەتى	127
بولدى	تاماعىڭدى	117
بولدى	ءوزىم	123
بولدى	شوشىپ	103
بولدى	بىلدىم	128
بولدى	وتىرا	126
بولدى	سونشا	116
بولدى	ءايتەۋ	129
بولدى	قابارسىز	122
بولدى	قۇيشى	109
بولدى	الماساڭ	117
بولدى	ەمەسبە	121
بولدى	قارعام	129
بولدى	مەنكى	122
بولدى	ەندىگى	118
بولدى	اسىقپاي	123
بولدى	سەندەرگە	129
بولدى	ىشتەمە	131
بولدى	اجىراسىپ	122
بولدى	اكام	127
بولدى	قويايىق	130
بولدى	ساعاندا	131
بولدى	دەيتىن	131
بولدى	سىزدەن	127
بولدى	ۇيىقتادىم	121
بولدى	ۇيقتايىق	127
بولدى	قايجەردەن	125
بولدى	اۋرە	114
بولدى	بارماياق	98
بولدى	باسقاسى	124
بولدى	ايتارىم	115
بولدى	جۇمىسىڭدى	124
بولدى	باسقاسىن	118
بولدى	مازاڭدى	108
بولدى	ىرەنجىمە	127
بولدى	اۋىرە	109
بولدى	كەلگەلى	128
بولدى	وسىمەن	130
بولدى	الماياق	125
بولدى	تۇسىندىم	107
بولدى	مازالامايىن	128
بولدى	قابارلاسپاي	120
بولدى	كەلمەياق	127
بولدى	سويلەگىڭ	128
بولدى	ايتپاياق	115
بولدى	سۇيلەگىڭ	120
بولدى	رەنجمە	127
بولدى	ايتپاعان	117
بولدى	باسقانىڭ	118
بولدى	رەنجىمەڭىز	127
بولدى	جۇمسڭدى	128
بولدى	جۇمسىڭدى	107
بولدى	قىلايىق	129
بولدى	ايتباياق	119
بولدى	اشۋىڭدى	131
بولدى	اشۋلانبا	129
بولدى	قابارلاسپاعالى	90
بولدى	اتپاياق	117
بولدى	حابارلاسپاعالى	126
بولدى	بولادى	86
بولدى	شى	89
بولدى	تويعا	122
بولدى	ويناپ	120
بولدى	شىن	123
بولدى	سۋ	104
بولدى	سۇيلە	115
بولدى	ۇيىقتاپ	117
بولدى	قويا	122
بولدى	جارىم	129
بولدى	ماس	128
بولدى	تەك	111
بولدى	كەشكە	113
بولدى	ادامدى	128
بولدى	بارماي	126
بولدى	سونىڭ	123
بولدى	اۋرىپ	132
بولدى	كۇلىپ	119
بولدى	باسىمدى	125
بولدى	ۇيىقتاي	120
بولدى	ىنىم	121
بولدى	كەرەگى	100
بولدى	سەنبەسەڭ	118
بولدى	راقمەت	130
بولدى	تانسا	129
بولدى	حابارسىز	129
بولدى	كورمەگەلى	122
بولدى	سۇيلەمەياق	126
ەكەن	عوي	128
ەكەن	جان	15
ەكەن	جانىم	122
ەكەن	مەن	46
ەكەن	دەپ	109
ەكەن	جوق	62
ەكەن	جاقسى	21
ەكەن	بولدى	82
ەكەن	ەكەن	91
ەكەن	بىر	127
ەكەن	سول	63
ەكەن	نە	98
ەكەن	نەعىپ	93
ەكەن	بار	66
ەكەن	سەن	127
ەكەن	ەندى	81
ەكەن	راحىمەت	120
ەكەن	ماقۇل	74
ەكەن	قوي	64
ەكەن	ال	76
ەكەن	الى	117
ەكەن	الىپ	111
ەكەن	ون	99
ەكەن	وندا	112
ەكەن	كەلىپ	62
ەكەن	يا	98
ەكەن	ەرتە	89
ەكەن	ەرتەڭ	118
ەكەن	ادام	115
ەكەن	بۇگىن	81
ەكەن	مەندە	83
ەكەن	سودان	117
ەكەن	ماعان	97
ەكەن	بارى	75
ەكەن	بارىپ	102
ەكەن	ەكى	83
ەكەن	مەنى	118
ەكەن	مەنىڭ	97
ەكەن	قاي	81
ەكەن	بولادى	96
ەكەن	نەگە	92
ەكەن	ول	124
ەكەن	قايدا	106
ەكەن	سەنى	67
ەكەن	ساعان	72
ەكەن	وسى	120
ەكەن	جارايدى	84
ەكەن	تاماق	79
ەكەن	دەي	100
ەكەن	دەيدى	118
ەكەن	قالاي	105
ەكەن	ۇي	102
ەكەن	ۇيدە	117
ەكەن	ۇيگە	106
ەكەن	تەلەفون	55
ەكەن	اي	103
ەكەن	ايتىپ	120
ەكەن	بىرگە	106
ەكەن	كۇن	91
ەكەن	دوسىم	112
ەكەن	كىم	97
ەكەن	امان	88
ەكەن	كەيىن	110
ەكەن	اق	98
ەكەن	اقشا	116
ەكەن	دەگەن	118
ەكەن	يە	121
ەكەن	ونى	120
ەكەن	بىراق	117
ەكەن	قانشا	111
ەكەن	ۇزى	82
ەكەن	ۇزىڭ	104
ەكەن	قاشان	89
ەكەن	ىشىپ	104
ەكەن	قويشى	124
ەكەن	تاعى	121
ەكەن	كوپ	107
ەكەن	كەتىپ	125
ەكەن	تاڭەرتەڭ	124
ەكەن	قۇتتى	97
ەكەن	بىراز	120
ەكەن	مىن	100
ەكەن	مىنا	120
ەكەن	نەدەگەن	98
ەكەن	قانداي	109
ەكەن	شاي	118
ەكەن	بەرىپ	101
ەكەن	باس	98
ەكەن	باسقا	120
ەكەن	سەنىڭ	122
ەكەن	كەشتە	98
ەكەن	بولاما	110
ەكەن	راس	106
ەكەن	از	94
ەكەن	ازىر	113
ەكەن	كەشە	116
ەكەن	قايتا	114
ەكەن	انا	127
ەكەن	يۋان	119
ەكەن	قايتىپ	98
ەكەن	جول	86
ەكەن	جولداپ	113
ەكەن	ۇش	53
ەكەن	سوندا	125
ەكەن	جۇمىس	94
ەكەن	وزى	94
ەكەن	وزىڭ	107
ەكەن	ايتەۋ	113
ەكەن	تەز	86
ەكەن	اعا	108
ەكەن	اتىپ	116
ەكەن	دەسە	108
ەكەن	دەسەم	117
ەكەن	اۋ	118
ەكەن	تۇندە	94
ەكەن	كورىپ	118
ەكەن	وعان	113
ەكەن	بالا	114
ەكەن	جاڭا	130
ەكەن	سونى	102
ەكەن	سەندە	129
ەكەن	بىز	102
ەكەن	تاۋىپ	70
ەكەن	ۇيات	130
ەكەن	قاتتى	107
ەكەن	قيىن	125
ەكەن	ايتا	126
ەكەن	سونىمەن	108
ەكەن	دەيمىن	118
ەكەن	قارا	65
ەكەن	قاراپ	122
ەكەن	ۇلكەن	119
ەكەن	سوم	106
ەكەن	بۇل	90
ەكەن	كۇندە	130
ەكەن	كەرەمەت	117
ەكەن	مال	114
ەكەن	قازىر	127
ەكەن	قوسىپ	114
ەكەن	جەجە	114
ەكەن	ەي	110
ەكەن	ودا	123
ەكەن	ودان	121
ەكەن	سوعان	107
ەكەن	بەس	106
ەكەن	كۇپ	125
ەكەن	مىناۋ	94
ەكەن	ماشينا	122
ەكەن	ەمەسپە	111
ەكەن	سۇراپ	114
ەكەن	جامان	127
ەكەن	جاڭە	100
ەكەن	قايدان	127
ەكەن	ساعات	117
ەكەن	مىڭ	126
ەكەن	دەشى	63
ەكەن	توي	104
ەكەن	جاي	130
ەكەن	بىرەۋ	111
ەكەن	ءبىر	101
ەكەن	شارشاپ	128
ەكەن	كۇرىپ	122
ەكەن	بولماسا	121
ەكەن	تۇستە	130
ەكەن	تۇستەن	121
ەكەن	قىزدار	130
ەكەن	امال	119
ەكەن	باعانا	121
ەكەن	ەكەمىز	123
ەكەن	قايسى	118
ەكەن	دەدى	119
ەكەن	دەدىم	102
ەكەن	جاس	117
ەكەن	جالعىز	126
ەكەن	بارىن	123
ەكەن	سونداي	119
ەكەن	ءالى	107
ەكەن	قاتە	127
ەكەن	ەڭ	130
ەكەن	الگى	119
ەكەن	ونداي	95
ەكەن	بەكەر	107
ەكەن	ارەڭ	119
ەكەن	ۇزىم	129
ەكەن	دەگەم	119
ەكەن	بۇرىن	125
ەكەن	باعاسى	126
ەكەن	قالىڭ	126
ەكەن	بىزدىڭ	127
ەكەن	بىلمەي	129
ەكەن	بىلمەيمىن	122
ەكەن	سىز	128
ەكەن	توسىپ	113
ەكەن	دارى	130
ەكەن	ەرتەرەك	124
ەكەن	ونىڭ	119
ەكەن	بىزدە	102
ەكەن	نەشە	115
ەكەن	سومەن	130
ەكەن	ناق	127
ەكەن	سۋ	127
ەكەن	بىلە	114
ەكەن	وتە	124
ەكەن	بالام	116
ەكەن	اراق	120
ەكەن	قۇرسىن	126
ەكەن	اقشاسىن	122
ەكەن	بالالار	101
ەكەن	شىركىن	130
ەكەن	منا	126
ەكەن	دەسەڭ	112
ەكەن	دال	129
ەكەن	ەل	116
ەكەن	دەيسىڭ	115
ەكەن	سەندەر	96
ەكەن	اپام	128
ەكەن	اقىرىن	117
ەكەن	كەشكە	115
ەكەن	كورەيىن	127
ەكەن	ايەل	121
ەكەن	اناۋ	123
ەكەن	عۇي	130
ەكەن	ءوزى	126
ەكەن	قابارلاسىپ	72
ەكەن	ەكەۋى	129
ەكەن	ەلدىڭ	124
ەكەن	بىلىپ	122
ەكەن	قۇداي	130
ەكەن	ۇتە	127
ەكەن	كۇندىز	126
ەكەن	بايقاپ	119
ەكەن	سىڭ	124
ەكەن	تىپتى	129
ەكەن	بۇدان	97
ەكەن	ايتپەسە	129
ەكەن	بىزگە	115
ەكەن	تاۋبا	118
ەكەن	بىلمەدىم	118
ەكەن	انداعى	118
ەكەن	ولار	111
ەكەن	دەگەنىم	116
ەكەن	سونىڭ	109
ەكەن	ءيا	109
ەكەن	ارزان	117
ەكەن	كۇرەيىن	117
ەكەن	سوسىن	117
ەكەن	تەگى	123
ەكەن	كورشى	119
ەكەن	دەيىم	128
ەكەن	دەپتى	128
ەكەن	بىرەۋى	120
ەكەن	ەلدەر	129
ەكەن	ايتبەسە	129
ەكەن	نەگىزى	128
ەكەن	اسىلى	121
ەكەن	دەيت	127
ەكەن	ويلاسام	116
ەكەن	دەيتىن	121
ەكەن	دەمە	130
ەكەن	ءاسىلى	124
ەكەن	سۇراشى	124
ەكەن	دەپپىن	130
ەكەن	دەپتىم	89
ەكەن	دەپىن	101
ەكەن	دەسەمشى	119
ەكەن	بارا	94
ەكەن	قىز	124
ەكەن	تويعا	114
ەكەن	ەشتەڭە	95
ەكەن	اپارىپ	125
ەكەن	سۇيتىپ	124
ەكەن	تاۋعا	94
ەكەن	مەنەن	128
ەكەن	رەنجىمە	129
ەكەن	كەيدە	119
ەكەن	دەدىڭ	127
ەكەن	بيىل	130
ەكەن	دەيمە	119
ەكەن	سولاردى	115
بىر	عوي	124
بىر	جان	108
بىر	جانىم	105
بىر	سالەم	121
بىر	مەن	85
بىر	دەپ	121
بىر	جوق	109
بىر	بولسىن	118
بىر	جاق	117
بىر	جاقسى	99
بىر	بولدى	71
بىر	ەكەن	101
بىر	بىر	117
بىر	سول	73
بىر	نە	122
بىر	بار	126
بىر	سەن	128
بىر	بولىپ	103
بىر	قوي	85
بىر	الىپ	81
بىر	ون	111
بىر	كەلى	97
بىر	كەلىپ	111
بىر	ەر	17
بىر	ەرتە	77
بىر	ادام	82
بىر	بولسا	127
بىر	تۇر	121
بىر	ماعان	75
بىر	بارىپ	113
بىر	ەكى	126
بىر	مەنى	26
بىر	سەنى	126
بىر	ساعان	120
بىر	جار	118
بىر	تاماق	123
بىر	ۇي	77
بىر	ۇيدە	71
بىر	ۇيگە	73
بىر	تەلەفون	71
بىر	اي	83
بىر	ايتىپ	55
بىر	كۇن	63
بىر	دوس	93
بىر	دوسى	111
بىر	دوسىم	105
بىر	امان	85
بىر	تاڭ	30
بىر	اق	115
بىر	اقشا	84
بىر	كۇنى	123
بىر	ەمەس	67
بىر	قانشا	107
بىر	قاربالاس	97
بىر	ىش	95
بىر	ىشىپ	124
بىر	وي	113
بىر	شاي	85
بىر	بەر	76
بىر	بەرىپ	125
بىر	باس	57
بىر	باسقا	77
بىر	از	111
بىر	ىس	103
بىر	ىستەپ	98
بىر	ان	94
بىر	ۇيقتاپ	124
بىر	يۋان	66
بىر	جول	124
بىر	جولدا	77
بىر	جولداپ	63
بىر	ۇش	102
بىر	جۇمىس	91
بىر	اعا	106
بىر	ات	75
بىر	اتىپ	88
بىر	كوڭىل	95
بىر	تۇن	125
بىر	تۇندە	80
بىر	شىعىپ	123
بىر	كەزدە	125
بىر	كورىپ	64
بىر	بالا	81
بىر	تۇرى	118
بىر	تۇرىپ	117
بىر	جاڭا	119
بىر	ايتقان	96
بىر	تۇس	98
بىر	كەلە	65
بىر	قابار	120
بىر	قاتتى	128
بىر	عانا	61
بىر	قيىن	78
بىر	دۇرىس	50
بىر	جاتىپ	72
بىر	ايتا	122
بىر	ۋاق	62
بىر	ۋاقىت	72
بىر	قارا	110
بىر	قاراپ	96
بىر	مىقتى	82
بىر	ۇل	130
بىر	ۇلكەن	88
بىر	سوم	128
بىر	كۇندە	123
بىر	كەرەمەت	86
بىر	مال	125
بىر	تۇسىپ	95
بىر	قوسىپ	92
بىر	جەجە	125
بىر	بەس	48
بىر	اپا	128
بىر	اپارىپ	126
بىر	جەر	119
بىر	جەردە	81
بىر	ماشينا	105
بىر	قىز	112
بىر	سۇراپ	86
بىر	جامان	99
بىر	كەلەدى	86
بىر	ساعات	68
بىر	مىڭ	82
بىر	توي	22
بىر	كەپ	120
بىر	ويلاپ	124
بىر	بىرەۋ	115
بىر	بارايىن	99
بىر	اشىپ	120
بىر	كۇرىپ	105
بىر	جۇرگەن	80
بىر	جەرگە	127
بىر	قىزدار	120
بىر	امال	120
بىر	باعا	85
بىر	باراتىن	119
بىر	اڭگىمە	85
بىر	جۋىپ	118
بىر	جاس	107
بىر	جاساپ	93
بىر	تاتتى	87
بىر	جۇرىپ	129
بىر	جۇرس	112
بىر	نارسە	67
بىر	ويناپ	66
بىر	جۇز	114
بىر	كىسى	93
بىر	جولداشى	124
بىر	كەلگەن	123
بىر	بەرشى	109
بىر	نان	95
بىر	سويلەپ	127
بىر	تارتىپ	118
بىر	دەن	109
بىر	ايتشى	122
بىر	ايى	92
بىر	جاققا	115
بىر	دارى	96
بىر	ەسە	101
بىر	ماي	114
بىر	باسى	113
بىر	نەشە	129
بىر	باسىپ	21
بىر	دەم	98
بىر	تۇرلى	97
بىر	سۋ	59
بىر	جىندى	66
بىر	ارتىق	118
بىر	بالام	114
بىر	ۇيىقتاپ	78
بىر	اراق	115
بىر	شىعارىپ	71
بىر	سۇيلەپ	112
بىر	ىزدەپ	83
بىر	كىرىپ	60
بىر	جارىم	106
بىر	جاز	117
بىر	اياق	100
بىر	شعىپ	118
بىر	زا	62
بىر	زات	103
بىر	وتىرىپ	77
بىر	قالىپتى	115
بىر	كۇنىڭ	71
بىر	جىل	110
بىر	قول	125
بىر	بارعاندا	119
بىر	كەلگەندە	126
بىر	جەردەن	93
بىر	ايدىڭ	87
بىر	جىگىت	120
بىر	جولى	59
بىر	باقىت	104
بىر	كىسىلەر	122
بىر	جەتى	127
بىر	باۋ	59
بىر	باۋى	108
بىر	باۋىرىم	122
بىر	قاتىن	88
بىر	جاۋاپ	118
بىر	ۇرىپ	129
بىر	بەرسەڭ	124
بىر	كولىك	104
بىر	اتا	113
بىر	كۇندەرى	124
بىر	التىن	120
بىر	كورەيىن	119
بىر	ايەل	104
بىر	ماس	97
بىر	كەلەتىن	122
بىر	سوز	105
بىر	جاعداي	110
بىر	ۇستاپ	102
بىر	قابارلاسىپ	121
بىر	تال	127
بىر	دەمالىپ	83
بىر	ەكەۋ	93
بىر	ەكەۋى	102
بىر	سات	107
بىر	ساتى	112
بىر	ەشكى	120
بىر	جايلى	120
بىر	ايدا	112
بىر	ادامدى	127
بىر	ۇيدى	60
بىر	ۇيدىڭ	105
بىر	سۇز	118
بىر	تازالاپ	123
بىر	قۇدا	125
بىر	قۇداي	114
بىر	جاقىن	108
بىر	جاقتا	74
بىر	شپيىڭ	87
بىر	رەت	108
بىر	كسى	122
بىر	قالپتى	100
بىر	ادەمى	113
بىر	كۇندى	83
بىر	جۇمىسقا	130
بىر	ساي	82
بىر	ورىن	128
بىر	كۇنىم	96
بىر	قوناق	106
بىر	بەت	125
بىر	تالاي	55
بىر	باي	127
بىر	قويدىڭ	72
بىر	اعام	118
بىر	جىلى	95
بىر	پالە	90
بىر	ۇيدەن	81
بىر	ادامعا	87
بىر	قولايلى	110
بىر	قىيىن	98
بىر	يۇان	114
بىر	كيىم	106
بىر	بالاسى	130
بىر	اۋىز	89
بىر	كۇننەن	88
بىر	تاي	121
بىر	قىزى	103
بىر	قىزىل	105
بىر	سيىر	104
بىر	جۇرەك	109
بىر	سۇيىپ	116
بىر	ادامنىڭ	101
بىر	قىزىق	100
بىر	تور	113
بىر	جىلاپ	127
بىر	قىزىم	116
بىر	سارى	108
بىر	كەلىن	114
بىر	ءان	128
بىر	شۇنگە	103
بىر	جۇمس	87
بىر	جۇمسقا	105
بىر	شىپيىڭ	118
بىر	ايلىق	82
بىر	وڭباعان	114
بىر	كىشكەنە	87
بىر	تەلەپون	122
بىر	كۇرەيىن	93
بىر	كۇنگە	81
بىر	تۋعان	128
بىر	شال	96
بىر	وراي	114
بىر	ادامدار	116
بىر	جەرى	49
بىر	قۇشاقتاپ	119
بىر	تاماققا	126
بىر	توپ	94
بىر	توپقا	70
بىر	كەزىگىپ	113
بىر	نومىر	75
بىر	كوك	87
بىر	كۇندىك	118
بىر	كورشى	91
بىر	تەمەكى	128
بىر	اتاقتى	117
بىر	ۋاقىتتا	107
بىر	بىرىن	125
بىر	ساباق	106
بىر	ساباقتاس	112
بىر	قاپ	120
بىر	ۇلى	119
بىر	اينالىپ	120
بىر	جولعا	121
بىر	تويعا	110
بىر	قاعاز	101
بىر	كەمپىر	119
بىر	شاش	122
بىر	نۇمىر	130
بىر	ۇيشىڭ	127
بىر	ەركەك	94
بىر	جون	126
بىر	كۇلىك	107
بىر	بالانى	109
بىر	سىر	113
بىر	اپتە	94
بىر	مۇعالىم	126
بىر	كورگەن	121
بىر	اپتا	115
بىر	ىسكە	100
بىر	ەلۋ	109
بىر	ومىر	107
بىر	ۇمىر	118
بىر	گۇل	120
بىر	قايىن	130
بىر	كشكەنە	105
بىر	قوزى	98
بىر	جاقتان	83
بىر	وكىل	116
بىر	قازاق	51
بىر	قولىم	107
بىر	وتىرايىق	124
بىر	ىشەيىك	101
بىر	ۇكىل	95
بىر	جاتاق	54
بىر	دۇكەن	95
بىر	جاعى	123
بىر	كۇرشى	126
بىر	يت	129
بىر	كەڭ	128
بىر	كۇنگى	89
بىر	شاقىرعان	113
بىر	جۇن	117
بىر	جەرىڭ	124
بىر	ىستى	89
بىر	بالانىڭ	129
بىر	ۇاقىت	124
بىر	امالداپ	130
بىر	بالاعا	122
بىر	قابات	106
بىر	ءومىر	119
بىر	ماشينە	112
بىر	ماشىينا	82
بىر	ايلانىپ	105
بىر	جەردى	87
بىر	كەزىگە	101
بىر	كەزىگەيىك	129
بىر	لاڭمان	96
بىر	ۇلىم	129
بىر	كارى	99
بىر	سير	125
بىر	جاڭالىق	124
بىر	قونىپ	109
بىر	جاقسىلىق	117
بىر	بولەك	102
بىر	دۇنيە	110
بىر	اياعى	114
بىر	شارۋا	105
بىر	اقىل	94
بىر	ارمان	112
بىر	كۇك	111
بىر	جاتاقتا	77
بىر	موتا	119
بىر	جەرىم	128
بىر	كويلەك	113
بىر	توعىز	103
بىر	جارىمدا	124
بىر	ەسەپ	111
بىر	ويانىپ	92
بىر	تۇمەن	118
بىر	كيلى	125
بىر	نارسەنى	118
بىر	ماسەلە	124
بىر	ماشيناعا	124
بىر	كەلىنشەك	128
بىر	كسلەر	126
بىر	تيىن	128
بىر	جگىت	114
بىر	جولدان	101
بىر	تۋىس	98
بىر	سان	92
بىر	رازى	125
بىر	دوسىڭ	97
بىر	قىزعا	125
بىر	ەكەۋىن	125
بىر	راسىم	129
بىر	جۋاس	103
بىر	سىلتاۋ	126
بىر	وقۋشى	104
بىر	شۇندە	128
بىر	كەلنشەك	96
بىر	كىسىنىڭ	87
بىر	جوزى	123
بىر	اپەكەم	129
بىر	جاعىن	99
بىر	سىم	94
بىر	جەرىن	116
بىر	جاعىنا	118
بىر	جاعىنان	87
بىر	كورسەتىپ	67
بىر	تۇياق	129
بىر	كۇرگەن	115
بىر	ارالاپ	99
بىر	وتىز	127
بىر	بەلەت	127
بىر	مينوت	122
بىر	شىنى	121
بىر	اڭگمە	115
بىر	اياعىم	126
بىر	قاراسام	125
بىر	اۋىرۋ	111
بىر	ۋاقتا	127
بىر	جىلدا	129
بىر	جىلدان	91
بىر	نەربى	95
بىر	يىت	125
بىر	ايدان	127
بىر	بىرنە	128
بىر	كورسەم	95
بىر	كەنشەك	124
بىر	سۇمدىق	127
بىر	دۇزۋ	85
بىر	سەميا	108
بىر	وسەك	117
بىر	شاپان	123
بىر	قورا	127
بىر	ايعا	121
بىر	كەڭەس	121
بىر	كاسىپ	124
بىر	جىرعاپ	124
بىر	دەمە	120
بىر	جۇپ	121
بىر	جيىرما	116
بىر	تاۋىق	78
بىر	تەكسەرۋ	94
بىر	كومەك	126
بىر	سوزدى	80
بىر	مەتىر	129
بىر	توقتى	130
بىر	جىلقى	93
بىر	اياماي	102
بىر	ازدان	111
بىر	جيرما	125
بىر	ساعاتتا	108
بىر	قىزدى	109
بىر	قىزدىڭ	106
بىر	سۇزدى	123
بىر	كۇيلەك	112
بىر	كىلى	75
بىر	سىيىر	118
بىر	بىردەن	111
بىر	بۇلەك	117
بىر	كىسلەر	125
بىر	ساعاتتان	93
بىر	يۋاننان	110
بىر	توپتا	105
بىر	تىعىپ	125
بىر	ۇسەك	72
بىر	سىناپ	127
بىر	بالە	108
بىر	جاقسىلاپ	126
بىر	سۋسىن	90
بىر	اپتادا	129
بىر	يسكەپ	123
بىر	تالى	129
بىر	تويدا	92
بىر	بۇزىق	125
بىر	جاقا	113
بىر	كون	114
بىر	داستارقان	108
بىر	تەكسەرىلىپ	125
بىر	مايدان	104
بىر	جەرلىك	122
بىر	كۇرسەم	123
بىر	تاينشا	86
بىر	امالى	86
بىر	ولەڭ	117
بىر	جاۇاپ	124
بىر	ۇرعاشى	127
بىر	كۇىن	122
بىر	قالتا	114
بىر	ايداي	107
بىر	كەزگىپ	128
بىر	جونى	108
بىر	جەرىڭدى	128
بىر	لاق	83
بىر	كۇننى	122
بىر	كۇننىڭ	128
بىر	تەكسەرتىپ	125
بىر	سومدىق	120
بىر	كسنىڭ	104
بىر	رەڭ	116
بىر	تىراكتىر	84
بىر	ىرەت	127
بىر	كىسىگە	97
بىر	جۇمىسىم	100
بىر	جەركە	126
بىر	قۇتى	128
بىر	شوفەر	110
بىر	قاتار	99
بىر	ادامنان	118
بىر	جۇنى	115
بىر	جىلعا	107
بىر	جەيدە	74
بىر	سىير	106
بىر	دوستارىم	118
بىر	اعايىن	121
بىر	كۇمەك	121
بىر	جۇرىس	127
بىر	جاسقا	91
بىر	وينايىق	126
بىر	سورلى	122
بىر	قابارىن	111
بىر	اۋز	129
بىر	جىلدىق	124
بىر	بۇزاۋ	100
بىر	بالامەن	113
بىر	اپتانىڭ	129
بىر	اداممەن	66
بىر	بىرىمىزدى	120
بىر	بايپاق	111
بىر	حانزۋ	113
بىر	قازان	111
بىر	جەرىنە	122
بىر	نارسەگە	99
بىر	ساباقتاسىم	80
بىر	ۇيعىر	124
بىر	كەسە	127
بىر	قولمەن	119
بىر	جاتساق	105
بىر	گۇنى	116
بىر	وتىرساق	124
بىر	جاشىك	128
بىر	قوراپ	123
بىر	كەزدەگى	125
بىر	ءايەل	86
بىر	رەتتە	124
بىر	تالدان	113
بىر	كيلو	111
بىر	كىتاپ	105
بىر	بىرىنە	128
بىر	كسگە	119
بىر	شاۋگىم	120
بىر	جاۋلىق	98
بىر	اۇىز	95
بىر	اداىم	127
بىر	قاتىندى	121
بىر	شنى	87
بىر	ايەلدى	124
بىر	ايەلدىڭ	123
بىر	سانىن	125
بىر	كەزىكسەك	102
بىر	ماشىينە	129
بىر	تاباق	112
بىر	تايى	128
بىر	دوسىمنىڭ	125
بىر	قوناقتا	126
بىر	قۇناجىن	120
بىر	جىكىت	129
بىر	قوشقار	110
بىر	ىڭعاي	122
بىر	امالىن	115
بىر	تايىنشا	125
بىر	جەرىندە	110
بىر	سەرگىپ	116
بىر	سەبەپ	96
بىر	كىسنىڭ	102
بىر	تۇڭ	118
بىر	سۇراق	114
بىر	ادامدىق	123
بىر	سلتاۋ	117
بىر	بىرىمىزگە	111
بىر	قۇمىرا	99
بىر	كىيلى	129
بىر	پارشا	118
بىر	ساعاتقا	125
بىر	جونىن	78
بىر	ەلى	124
بىر	بوتەلكە	129
بىر	قانسۋ	79
بىر	ىڭعايى	113
بىر	قورانىڭ	112
بىر	جاۋابىن	120
بىر	تاقسى	118
بىر	بۇتىن	120
بىر	زاتىم	83
بىر	سوتتى	123
بىر	ايكىس	88
بىر	جۇمىستارمەن	101
بىر	قانزۋ	128
بىر	قىزبەن	98
بىر	جۇاس	127
بىر	مويىن	119
بىر	اعامىز	127
بىر	جۇمىسپەن	128
بىر	ولىمگە	100
بىر	مىينوت	114
بىر	ۇيلى	128
بىر	دوربا	128
بىر	دوسىما	129
بىر	توننا	124
بىر	شايىم	124
بىر	قىسىم	128
بىر	بىرمىزدى	130
بىر	جۇزى	129
بىر	قاپشىق	108
بىر	بىرىنەن	123
بىر	اپتادان	90
بىر	تىيىن	125
بىر	دوسىڭدى	127
بىر	جاردەم	90
بىر	جاعنا	98
بىر	جاعنان	120
بىر	وينايىن	112
بىر	قاسىق	97
بىر	نارسەم	124
بىر	سىرلى	108
بىر	بۇتەلكە	120
بىر	ويناسام	117
بىر	تۇتاس	128
بىر	سۇيسەم	123
بىر	مۇنشا	130
بىر	دايزى	130
بىر	قالاق	122
بىر	رومكا	118
بىر	جۇمستارمەن	127
بىر	جىلىك	114
بىر	تونار	122
بىر	قورابى	128
بىر	ىسىم	127
بىر	جۇمسپەن	105
بىر	دوسىمدى	124
بىر	ساعاتتاي	126
بىر	قالتاسى	108
بىر	اپتاعا	129
بىر	بىرمىزگە	126
بىر	ويناساق	126
بىر	سەميانى	116
بىر	سەميانىڭ	125
بىر	جاپىراق	125
بىر	ورايى	100
بىر	داعار	107
بىر	دوسمنىڭ	100
بىر	جىلداي	105
بىر	جولاتا	124
بىر	بىرىڭدى	121
بىر	جاقتىلى	124
بىر	باسقىش	122
بىر	جۇبى	125
بىر	بەكىمگە	122
بىر	جىگىتپەن	124
بىر	قۇمارا	112
بىر	جاعىننان	123
بىر	جۇمىسبەن	124
بىر	ساعاتتىڭ	123
بىر	قسىم	114
بىر	كىسىلىك	92
بىر	دوسىمنان	125
بىر	اپتالىق	109
بىر	بىرىمىزدىڭ	118
بىر	بىرىڭە	126
بىر	دوسىمىز	114
بىر	قوراپتا	124
بىر	كومەگىڭ	107
بىر	تالىن	110
بىر	موشەك	127
بىر	مارتە	115
بىر	قۇمىراسى	127
بىر	جاشىكتە	129
بىر	سەميادان	127
بىر	بىرىمىزدەن	124
بىر	اپتاداي	129
بىر	تيزى	128
بىر	تياۋ	129
بىر	دەڭە	117
بىر	اپتەدە	116
بىر	قالىپتا	126
بىر	سوتى	119
بىر	سارىن	119
بىر	بىرىمەن	126
بىر	تۇرلىسىڭ	122
بىر	بىرمىزدىڭ	128
بىر	مەزەت	118
بىر	بىرلەپ	121
بىر	قولدىق	124
بىر	بىرمىزدەن	123
بىر	كەلكى	121
بىر	ەرتىپ	130
بىر	ەل	89
بىر	بوس	111
بىر	ۇيقى	118
بىر	ايبەت	129
بىر	شىققاندا	128
بىر	كورگىم	125
بىر	سۇيلەشى	128
بىر	تويدىڭ	114
بىر	جندى	111
بىر	سەزىم	129
بىر	مەيمان	114
بىر	جۇركەن	122
بىر	قارىن	106
بىر	باعاق	88
بىر	ماشينامەن	120
بىر	قوڭىر	129
بىر	بيلەپ	124
بىر	ويناتىپ	105
بىر	قاتەلىك	112
بىر	جاعىندا	120
بىر	داربىز	117
بىر	قۇلاعى	121
بىر	شوپىر	122
بىر	جىلدىڭ	88
بىر	ەستەلىك	124
بىر	قاتىنعا	128
بىر	كىلاس	124
بىر	قۇنان	123
بىر	بۇزاۋلى	125
بىر	ايەلگە	120
بىر	ىشسەك	127
بىر	ساعاتتىق	116
بىر	سەمىيا	129
بىر	ايەلمەن	125
بىر	ورايىن	126
بىر	اۋىزدى	104
بىر	كىلاستا	129
بىر	تۋىستىڭ	120
بىر	تۋستىڭ	125
بىر	شاپالاق	127
بىر	كاتەل	110
بىر	دوسىمىزدىڭ	107
بىر	بىزاۋلى	122
بىر	مۇشەك	116
بىر	جاۇابىن	116
بىر	ەتىككە	129
سول	عوي	129
سول	جان	19
سول	جانىم	115
سول	سال	46
سول	مەن	117
سول	دەپ	94
سول	جوق	62
سول	بولسىن	79
سول	جاق	98
سول	جاقسى	92
سول	بولدى	62
سول	ەكەن	77
سول	بىر	71
سول	سول	54
سول	نە	95
سول	نەعىپ	88
سول	بار	111
سول	سەن	89
سول	ەندى	64
سول	بولىپ	50
سول	راحىمەت	102
سول	ماقۇل	94
سول	قوي	98
سول	الى	79
سول	الىپ	105
سول	ون	84
سول	وندا	109
سول	كەلىپ	114
سول	يا	100
سول	ەرتە	82
سول	ەرتەڭ	104
سول	ادام	101
سول	بولسا	80
سول	بۇگىن	91
سول	مەندە	85
سول	سودان	108
سول	ماعان	98
سول	بارى	73
سول	بارىپ	94
سول	ەكى	60
سول	مەنى	101
سول	مەنىڭ	86
سول	قاي	78
سول	بولادى	62
سول	نەگە	28
سول	جاتىرمىن	95
سول	ول	104
سول	قايدا	110
سول	سەنى	114
سول	ساعان	80
سول	وسى	110
سول	جارايدى	80
سول	تاماق	86
سول	دەيدى	86
سول	قالاي	122
سول	ۇي	112
سول	ۇيدە	93
سول	ۇيگە	53
سول	تەلەفون	127
سول	اي	69
سول	ايتىپ	123
سول	بىرگە	99
سول	كۇن	97
سول	وتىرمىن	90
سول	دوسىم	99
سول	كىم	93
سول	امان	102
سول	امانشىلىق	84
سول	كەيىن	84
سول	اق	106
سول	اقشا	98
سول	كۇنى	95
سول	ونى	97
سول	بىراق	116
سول	قان	99
سول	قانشا	119
سول	ۇز	43
سول	ۇزى	122
سول	ۇزىڭ	105
سول	قاشان	127
سول	قاربالاس	84
سول	ىشىپ	118
سول	تاعى	122
سول	كوپ	70
سول	كەتىپ	112
سول	تاڭەرتەڭ	128
سول	بىراز	114
سول	مىنا	100
سول	نەدەگەن	74
سول	قانداي	125
سول	شاي	107
سول	ەدى	105
سول	باس	86
سول	باسقا	98
سول	سەنىڭ	114
سول	كەشتە	97
سول	بولاما	98
سول	راس	106
سول	از	87
سول	ازىر	99
سول	ىستەپ	113
سول	كەشە	111
سول	قايتا	103
سول	انا	106
سول	ۇيقتاپ	93
سول	قايتىپ	92
سول	جول	107
سول	ۇش	110
سول	جۇمىس	102
سول	وز	90
سول	وزى	124
سول	وزىڭ	104
سول	ايتەۋ	109
سول	تەز	119
سول	اعا	98
سول	بوپ	91
سول	كەرەك	90
سول	كوڭىل	107
سول	ايتتى	120
سول	اۋىرىپ	121
سول	تۇن	81
سول	تۇندە	128
سول	شىعار	109
سول	كەز	110
سول	كەزدە	110
سول	كورىپ	114
سول	وعان	102
سول	بالا	114
سول	جاڭا	128
سول	سونى	127
سول	سەندە	121
سول	بىز	105
سول	ايتقان	97
سول	ايتقانىڭ	109
سول	جۇرمىن	107
سول	بارا	23
سول	ۇيات	125
سول	كەلە	113
سول	قاتتى	106
سول	عانا	42
سول	قيىن	99
سول	دۇرىس	100
سول	جاتىپ	97
سول	ۋاقىت	105
سول	قارا	124
سول	قاراپ	109
سول	ەشتەڭە	114
سول	ۇلكەن	127
سول	اس	106
سول	بۇل	121
سول	كۇندە	127
سول	كەرەمەت	122
سول	مال	85
سول	قازىر	124
سول	جەجە	106
سول	ەي	110
سول	ودان	112
سول	سوعان	128
سول	بەس	51
سول	اپارىپ	83
سول	كۇپ	101
سول	جەر	93
سول	جەردە	91
سول	ماشينا	68
سول	ەمەسپە	116
سول	قىز	92
سول	سۇراپ	112
سول	جامان	101
سول	جاڭە	126
سول	كەلەدى	101
سول	مىڭ	124
سول	جاتقان	119
سول	دەشى	122
سول	توي	85
سول	جاي	121
سول	اينالايىن	117
سول	ويلاپ	124
سول	بىرەۋ	113
سول	ءبىر	44
سول	ۇشىن	120
سول	بارايىن	127
سول	تۋىلعان	96
سول	شارشاپ	39
سول	شىن	126
سول	بولماي	115
سول	بولماسا	118
سول	جاتىرمىز	102
سول	جۇرەگىم	126
سول	تۇستە	105
سول	تۇستەن	122
سول	جەرگە	87
سول	قىزدار	117
سول	امال	121
سول	باعانا	103
سول	اڭگىمە	79
سول	سياقتى	105
سول	ەكەمىز	126
سول	قايسى	108
سول	جاس	114
سول	جالعىز	107
سول	تاتتى	114
سول	تاتتىم	112
سول	بولاتىن	118
سول	جۇرىپ	127
سول	بارىن	115
سول	سونداي	89
سول	سۇيتىپ	117
سول	ءالى	80
سول	قاتە	126
سول	ماڭگى	129
سول	ەڭ	123
سول	الگى	115
سول	بەكەر	110
سول	ارەڭ	108
سول	ويناپ	111
سول	كىسى	126
سول	ۇزىم	88
سول	بۇرىن	125
سول	ساعىنىپ	112
سول	كەلگەن	109
سول	قالىڭ	92
سول	قايتەم	122
سول	نان	126
سول	بىزدىڭ	115
سول	بىلمەي	75
سول	دەن	124
سول	دەنساۋلىق	116
سول	قۇساپ	121
سول	ستەپ	122
سول	بىردەمە	107
سول	سىز	111
سول	جاققا	114
سول	دارى	121
سول	ەرتەرەك	115
سول	باسىم	114
سول	ونىڭ	108
سول	وتىرمىز	106
سول	بىزدە	121
سول	وزىم	98
سول	سىزگە	113
سول	ناق	113
سول	دەم	116
سول	وڭاي	118
سول	بىلەدى	123
سول	جىندى	123
سول	وتە	111
سول	ىراحىمەت	99
سول	ارتىق	113
سول	بالام	115
سول	بۇيىرسا	120
سول	مەنەن	118
سول	اراق	123
سول	اياق	92
سول	قۇرسىن	111
سول	بالالار	107
سول	اقشانى	117
سول	شىركىن	120
سول	كەلسە	118
سول	قول	118
سول	ساعىندىم	79
سول	سەنەن	111
سول	جەردەن	98
سول	جىگىت	126
سول	ەرەكشە	127
سول	قولايسىز	114
سول	ايتادى	109
سول	قالجىڭ	120
سول	باقىتتى	126
سول	كىسىلەر	125
سول	دال	104
سول	ەل	117
سول	تۇرا	127
سول	قاتىن	114
سول	شعار	129
سول	سەندەر	124
سول	اپام	122
سول	كۇڭىل	125
سول	اقىرىن	116
سول	بىلەم	126
سول	سۋىق	108
سول	ۇمىتىپ	121
سول	كۇندەر	127
سول	ۇستىپ	112
سول	التىن	116
سول	كەشكە	128
سول	ايەل	123
سول	اناۋ	126
سول	ماس	111
سول	سوز	122
سول	عۇي	128
سول	جاعداي	121
سول	ءوزى	128
سول	قابارلاسىپ	119
سول	ۇيقى	74
سول	ۇيقىم	112
سول	دەمالىپ	121
سول	ەكەۋى	129
سول	ەلدىڭ	116
سول	جايلى	119
سول	ادامدى	129
سول	ۇيدى	120
سول	ۇيدىڭ	109
سول	سۇز	93
سول	دۇرس	119
سول	قۇداي	114
سول	جاقىن	110
سول	جاقتا	126
سول	ۇتە	98
سول	كسى	128
سول	كۇندى	124
سول	كۇندىز	101
سول	جۇمىسقا	113
سول	الدىمەن	124
سول	كۇنىم	113
سول	التىنىم	106
سول	بايقاپ	106
سول	كەيدە	101
سول	سۇيەم	121
سول	جىلى	127
سول	ۇندەمەي	124
سول	پالە	106
سول	ۇيدەن	89
سول	ادامعا	127
سول	قىيىن	115
سول	كەشكى	101
سول	ۇزىڭدى	111
سول	بىزگە	127
سول	جارايسىڭ	93
سول	كۇننەن	111
سول	ۇيقتاي	129
سول	جۇرەك	128
سول	اندا	122
سول	تەزىرەك	124
سول	سەننەن	110
سول	ادامنىڭ	116
سول	ۇيدەمىن	124
سول	انە	114
سول	سارى	123
سول	قايتەمىز	110
سول	وزىڭدى	111
سول	ەلگە	127
سول	شۇنگە	129
سول	بۇيرسا	127
سول	باياعى	110
سول	ايبەت	94
سول	بۇكىن	123
سول	كۇنگە	120
سول	سەنىمەن	118
سول	قورقىپ	127
سول	جەرى	113
سول	تەگى	108
سول	توپقا	89
سول	ۋاعىندا	125
سول	ماعاندا	118
سول	ۋاقىتتا	128
سول	ۇزدە	128
سول	ۇيكە	124
سول	قىمبات	118
سول	جەتەدى	111
سول	مەنىم	116
سول	تۋرا	124
سول	سىزدى	124
سول	سۇيكىمدى	124
سول	ساعنىپ	119
سول	بالانى	82
سول	الاڭداپ	129
سول	ايتەۇ	118
سول	جاپا	123
سول	بيىل	111
سول	جۇرمىز	98
سول	سۇيتەدى	94
سول	جاقتان	117
سول	بۇرىنعى	122
سول	بەتى	119
سول	تىماۋ	119
سول	شارشادىڭ	113
سول	جۇمىستا	81
سول	دۇكەندە	125
سول	مەنىڭدە	72
سول	جاعى	84
سول	سىياقتى	85
سول	كۇنگى	112
سول	ۇيدەگى	112
سول	اماندىق	110
سول	جەرىڭ	112
سول	تۇماۋ	110
سول	ەمەسبە	121
سول	وزدە	107
سول	بالانىڭ	120
سول	بالاعا	123
سول	جەردى	120
سول	جەردىڭ	109
سول	جاتاقتا	124
سول	اياۋلىم	120
سول	ۇساق	124
سول	شاتاق	89
سول	زەرىگىپ	120
سول	جۇمستا	127
سول	ەكەۋىن	113
سول	ءۇشىن	116
سول	كىسىنى	126
سول	كىسىنىڭ	104
سول	جاعىن	96
سول	جەرىن	118
سول	جاعىنان	117
سول	بارىمىز	126
سول	سەكىلدى	119
سول	ۋاقتا	127
سول	كۇيى	120
سول	تۇردەن	117
سول	بويىنشا	114
سول	وزىدە	119
سول	ارقىلى	117
سول	سوزدى	75
سول	قىزدى	117
سول	سۇزدى	103
سول	جاتتىق	119
سول	ۇزىدە	129
سول	قۇساعان	115
سول	ۋاقتتا	80
سول	جاقا	119
سول	اقشانىڭ	93
سول	ەسىمە	125
سول	اقشاعا	129
سول	سۇيتەيىن	108
سول	كسنى	126
سول	كسنىڭ	116
سول	جاقتاعى	124
سول	كىسىگە	86
سول	جەركە	128
سول	تۇرىڭنەن	121
سول	قۇرلى	122
سول	جاقتىڭ	129
سول	جەردەگى	124
سول	بەتتى	129
سول	كەزدەگى	127
سول	ۇشن	98
سول	قالپى	129
سول	كسگە	126
سول	كۇندەلىكتى	121
سول	بوينشا	103
سول	كەزدەر	83
سول	كىسگە	127
سول	كىسنى	125
سول	كىسنىڭ	128
سول	بارىمىزدە	112
سول	كۇيبىڭ	110
سول	سەبەپتى	120
سول	مايداندا	127
سول	گەزدە	126
سول	كسىنىڭ	101
سول	كىسىدەن	112
سول	كۇندەردى	129
سول	كەزدەردە	129
سول	ءوزىدە	125
سول	كەزدەن	124
سول	كەزدى	127
سول	كەزدەدە	96
سول	عۇرلى	120
سول	كسىگە	128
سول	جەردەمىن	126
سول	كىسىمەن	109
سول	ۇشىندە	127
سول	كۇيىنشە	125
سول	سۇيكمدىم	125
سول	جەردەمىز	125
سول	تويعا	123
سول	سۋ	114
سول	تاۋعا	120
سول	جولى	62
سول	تەك	124
سول	ەشتەمە	116
سول	ۇستاپ	120
سول	ىستىق	104
سول	بىلىپ	123
سول	ادەمى	127
سول	مەكەن	94
سول	تويدا	128
سول	شوپ	119
سول	كەمپىرىم	123
سول	جاڭبىر	77
سول	تاۋدا	121
سول	تويدان	111
سول	تويدىڭ	120
سول	كسلەر	122
سول	كىسلەر	125
سول	تومپاعىم	124
سول	ۇزڭدى	103
سول	ءتاتتىم	112
سول	كەزگە	106
سول	ارادا	128
سول	قاتىندى	115
سول	گۇنى	125
سول	ماڭايدا	115
سول	تىرشىلىك	123
سول	جۇمىستارمەن	111
سول	كىسىلەردى	126
سول	كىسىلەردىڭ	128
سول	ارالىقتا	106
سول	ايىنالايىن	99
سول	جەردەمە	103
نە	جانىم	123
نە	مەن	90
نە	دەپ	78
نە	جوق	80
نە	بول	93
نە	جاقسى	42
نە	بولد	105
نە	بولدى	114
نە	ەكەن	10
نە	بىر	85
نە	سول	73
نە	نە	41
نە	بار	112
نە	سەن	94
نە	ەندى	87
نە	بولىپ	105
نە	الىپ	120
نە	وندا	19
نە	كەلىپ	85
نە	ەرتەڭ	108
نە	ادام	116
نە	بولسا	95
نە	بۇگىن	84
نە	تۇر	97
نە	مەندە	58
نە	ماعان	105
نە	بارى	114
نە	ەكى	121
نە	مەنى	115
نە	مەنىڭ	92
نە	بولا	121
نە	بولادى	93
نە	ول	67
نە	ساعان	81
نە	وسى	107
نە	تاماق	108
نە	دەيدى	39
نە	ۇي	79
نە	ۇيگە	113
نە	تەلەفون	33
نە	ايتىپ	115
نە	كۇن	60
نە	قالدى	85
نە	اقشا	90
نە	دەگەن	84
نە	ونى	117
نە	ۇزى	54
نە	ۇزىڭ	103
نە	قاربالاس	93
نە	ىشىپ	119
نە	وي	96
نە	كوپ	18
نە	تاڭەرتەڭ	102
نە	مىنا	120
نە	شاي	21
نە	بەرى	113
نە	بەرىپ	103
نە	ەدى	119
نە	باس	114
نە	باسقا	111
نە	سەنىڭ	100
نە	كەشتە	109
نە	ىس	88
نە	ىستە	100
نە	ىستەپ	116
نە	انا	114
نە	جولداپ	120
نە	سوندا	122
نە	جۇمىس	95
نە	وزى	117
نە	وزىڭ	110
نە	بوپ	40
نە	دەسە	118
نە	دەسەم	99
نە	كەرەك	113
نە	ايتتى	114
نە	ايتتىڭ	108
نە	تۇندە	86
نە	كورىپ	68
نە	بالا	41
نە	ۇيات	85
نە	تۇس	117
نە	قابار	117
نە	بولعان	114
نە	ايتا	121
نە	دەيمىن	106
نە	قاراپ	96
نە	بۇل	68
نە	مال	44
نە	الدىڭ	82
نە	بولدىم	119
نە	كۇپ	108
نە	مىناۋ	119
نە	ماشينا	108
نە	سۇراپ	116
نە	ايتام	120
نە	كەلەدى	115
نە	توي	87
نە	ويلاپ	62
نە	ءبىر	54
نە	ۇشىن	68
نە	بولىپتى	54
نە	كۇرىپ	78
نە	بولماسا	119
نە	ايتىڭ	122
نە	امال	73
نە	بولسادا	88
نە	اڭگىمە	79
نە	بەرەم	91
نە	سياقتى	106
نە	دەدى	101
نە	دەدىم	87
نە	جاساپ	122
نە	جەپ	99
نە	نارسە	84
نە	بولساڭ	116
نە	قىل	122
نە	قىلىپ	82
نە	بەرەدى	104
نە	تارتىپ	93
نە	دەن	121
نە	ستەپ	122
نە	بوپتى	80
نە	دارى	116
نە	دەيىن	73
نە	بولدىڭ	57
نە	جەتكەن	115
نە	تۇرلى	96
نە	سۋ	56
نە	بىلەدى	110
نە	مەنە	119
نە	اراق	123
نە	ىزدەپ	103
نە	جازىپ	124
نە	كەلسە	99
نە	زات	114
نە	الام	98
نە	دەسەڭ	112
نە	ايتادى	106
نە	ايتتىم	106
نە	جەتى	120
نە	دەيسىڭ	92
نە	جاۋاپ	66
نە	قايتارىپ	108
نە	ايتايىن	94
نە	سوز	103
نە	ايتاسىڭ	78
نە	الامىن	101
نە	جاعداي	102
نە	ۇيقى	106
نە	جايلى	67
نە	سۇز	123
نە	شپيىڭ	119
نە	بىلەسىڭ	121
نە	ارى	96
نە	بولار	110
نە	بەردى	117
نە	ساي	86
نە	پالە	122
نە	ايتپ	81
نە	قاجەت	112
نە	بولپ	86
نە	بولپتى	99
نە	كيىم	112
نە	ايتساڭ	110
نە	ايتىم	114
نە	ىشتىڭ	101
نە	ايتسام	120
نە	قىزىق	113
نە	ايتامىن	124
نە	جۇمس	115
نە	الاسىڭ	87
نە	ەكەنىن	89
نە	بەرەسىڭ	108
نە	ساۋدا	118
نە	دەكەن	122
نە	توپ	100
نە	بۇرسىگۇنى	93
نە	دەيىم	106
نە	دەدىڭ	96
نە	ىستەي	111
نە	كيىپ	90
نە	جاپا	93
نە	دەپتى	120
نە	ىستەيتىن	96
نە	قاجەتى	117
نە	جەتپەي	122
نە	بۇلدى	111
نە	دۇكەن	95
نە	پايدا	119
نە	ءسوز	113
نە	تۇستى	109
نە	دايىندىق	93
نە	بۇلىپ	88
نە	ىستەيمىن	115
نە	دەيت	108
نە	جاڭالىق	70
نە	جاقسىلىق	118
نە	نى	86
نە	تۇسەدى	117
نە	شارۋا	114
نە	ارمان	114
نە	جيىن	84
نە	پايداسى	119
نە	ايتار	67
نە	ويى	91
نە	ويىڭ	115
نە	قىلا	96
نە	قىلادى	50
نە	ىستەيدى	73
نە	سىلتاۋ	96
نە	قىلاسىڭ	112
نە	ءۇشىن	105
نە	قىلعان	57
نە	قىزمەت	87
نە	اڭگمە	104
نە	قىلام	116
نە	كەرەگى	79
نە	سۇمدىق	105
نە	وسەك	123
نە	قىلايىن	72
نە	بولۋشى	121
نە	زامان	102
نە	كاسىپ	110
نە	جىرعاپ	116
نە	ىستەيسىڭ	122
نە	ىشەمىز	77
نە	جاعىداي	119
نە	اپارام	108
نە	قىلات	117
نە	قىلدى	118
نە	قىلدىم	89
نە	كوردىڭ	120
نە	جۇمىسىڭ	95
نە	دەگەنىڭ	62
نە	ۇسەك	115
نە	ىستەيىن	108
نە	جاماندىق	120
نە	جەتتى	105
نە	جەيدى	119
نە	قىزىمەت	123
نە	جاسايمىن	112
نە	قاتەلىك	115
نە	ويلايدى	122
نە	قاتسى	116
نە	ستەيمىن	99
نە	ايتامىز	87
نە	قىلامىن	92
نە	ءىستەپ	98
نە	ۇيلاپ	91
نە	بىلگەن	92
نە	قىلدىڭ	97
نە	قاتىسى	102
نە	جەيسىڭ	118
نە	جۇمسىڭ	105
نە	ىشەسىڭ	123
نە	بولدىڭدار	110
نە	ستەيدى	91
نە	نارسەگە	75
نە	دەيىت	114
نە	قىلسا	121
نە	قىلساڭ	97
نە	تىرلىك	97
نە	ىستەدىم	90
نە	دەسەدە	87
نە	ىستەيمىز	110
نە	بولعانىن	111
نە	جاقداي	122
نە	ىزدەيمىن	122
نە	حاربالاس	97
نە	دەسەڭدە	123
نە	قىلىق	102
نە	ىستەسەم	91
نە	قىلامىز	122
نە	جەيمىز	116
نە	ستەيسىڭ	123
نە	ىستەيىم	123
نە	ءستەپ	114
نە	جازدىم	102
نە	تىرشىلىك	120
نە	ايتساڭدا	118
نە	سەبەپ	90
نە	ىستەدىڭ	120
نە	ىزدەيدى	120
نە	جەتسىن	119
نە	ازاپ	85
نە	سەبەپتى	94
نە	دەيمىز	105
نە	بوسادا	120
نە	مانسى	110
نە	ايتسامدا	122
نە	سۇرايسىڭ	116
نە	جۇمىسپەن	110
نە	ايتقىڭ	114
نە	ايتارىمدى	114
نە	اپارامىز	117
نە	جولدادىڭ	112
نە	مانىسى	116
نە	جاسادىڭ	105
نە	ستەيمىز	118
نە	جەگىڭ	120
نە	بولارىن	123
نە	ىزدەيسىڭ	114
نە	كيەم	105
نە	ايتسادا	120
نە	ستەدىڭ	123
نە	ويلادىڭ	112
نە	جەدىڭ	109
نە	قىلمادىڭ	107
نە	بولدەي	98
نە	شارا	101
نە	قلادى	107
نە	ىستەسەڭدە	119
نە	عىلاسىڭ	121
نە	قلام	92
نە	قىلساڭدا	122
نە	كورسەمدە	123
نە	عىلدى	110
نە	قلاسىڭ	123
نە	ىستەيسىز	102
نە	ىستەسەمدە	123
نە	ىستەرىمدى	107
نە	قلدىم	118
نە	قىلاسىز	114
نە	جازىعىم	116
نە	عىلام	123
نە	داۋىر	117
نە	عىلدىم	121
نە	قويعانىمدى	108
نە	قىلسادا	107
نە	دەرىمدى	108
نە	سەبەپتەن	120
نە	عىلادى	121
نە	قىلارىمدى	111
نە	عىلعان	117
نە	قۇرلىم	121
نە	عۇرلىم	115
نە	سەنى	113
نە	اپارىپ	102
نە	سويلەمەيسىڭ	111
نە	الامىز	96
نە	امالىم	75
نە	ويلاساڭ	105
نە	سويلەيمىن	72
نە	كىنا	79
نە	قاربالاستىق	105
نە	جازدىڭ	113
نە	قىلعانىڭ	86
نە	جىرعاعان	101
نە	دەمەكشىسىڭ	110
نە	كاسىپپەن	114
نەعىپ	جا	116
نەعىپ	جانىم	119
نەعىپ	مەن	90
نەعىپ	جوق	118
نەعىپ	جاقسى	89
نەعىپ	بىر	109
نەعىپ	نە	111
نەعىپ	جات	124
نەعىپ	جاتى	111
نەعىپ	جاتىر	104
نەعىپ	جاتىرس	39
نەعىپ	جاتىرسى	93
نەعىپ	جاتىرسىڭ	65
نەعىپ	الىپ	3
نەعىپ	كەلىپ	113
نەعىپ	ەرتە	116
نەعىپ	بۇگىن	99
نەعىپ	تۇر	101
نەعىپ	ماعان	109
نەعىپ	بارىپ	116
نەعىپ	مەنى	112
نەعىپ	مەنىڭ	101
نەعىپ	وسى	124
نەعىپ	تەلەفون	119
نەعىپ	ايتىپ	79
نەعىپ	وتىر	113
نەعىپ	قاربالاس	104
نەعىپ	ىشىپ	79
نەعىپ	كەتىپ	121
نەعىپ	جۇر	114
نەعىپ	جولداپ	63
نەعىپ	اتىپ	108
نەعىپ	اۋىرىپ	121
نەعىپ	شىعىپ	125
نەعىپ	جۇرمىن	123
نەعىپ	تۇسىپ	104
نەعىپ	قوسىپ	117
نەعىپ	ەي	124
نەعىپ	سۇراپ	116
نەعىپ	كەتتىڭ	123
نەعىپ	جاي	97
نەعىپ	جاتىرمىز	124
نەعىپ	جۇرگەن	88
نەعىپ	جۋىپ	37
نەعىپ	جۇرسىڭ	111
نەعىپ	تارتىپ	88
نەعىپ	بىلمەي	104
نەعىپ	قويا	109
نەعىپ	اياق	18
نەعىپ	وتىرسىڭ	117
نەعىپ	جاتىرسىز	47
نەعىپ	جاۋاپ	123
نەعىپ	قايتارىپ	115
نەعىپ	المايسىڭ	117
نەعىپ	ۇستىپ	98
نەعىپ	رەنجىپ	119
نەعىپ	ۇيتىپ	125
نەعىپ	كەلدىڭ	72
نەعىپ	شپيىڭ	113
نەعىپ	ۇندەمەي	108
نەعىپ	جاتسىڭ	118
نەعىپ	سويلەمەي	107
نەعىپ	سويلەمەيسىڭ	98
نەعىپ	تۇرسىڭ	73
نەعىپ	باراسىڭ	26
نەعىپ	شىپيىڭ	116
نەعىپ	ەكەنىن	118
نەعىپ	قاشىپ	120
نەعىپ	جاتىرسىڭدار	103
نەعىپ	جۇىپ	124
نەعىپ	سۇيلەمەي	104
نەعىپ	وستىپ	93
نەعىپ	باردىڭ	39
نەعىپ	جاتر	118
نەعىپ	بۇيتىپ	100
نەعىپ	سونشا	106
نەعىپ	قابارسىز	102
نەعىپ	جوعالىپ	120
نەعىپ	ۇيقتاماي	123
نەعىپ	المادىڭ	98
نەعىپ	جۇرەسىڭ	116
نەعىپ	سۇيلەمەيسىڭ	114
نەعىپ	سەنبەيسىڭ	88
نەعىپ	جاتاسىڭ	109
نەعىپ	جاتىرسىزدار	121
نەعىپ	ايتپايسىڭ	124
نەعىپ	جاتىرسڭ	102
نەعىپ	جۇرسڭ	80
نەعىپ	كۇلەسىڭ	117
نەعىپ	جۇردىڭ	103
نەعىپ	وتىرسىڭدار	123
نەعىپ	كەرگىپ	119
نەعىپ	ۇيىقتاماي	103
نەعىپ	وترسىڭ	121
نەعىپ	جاترسىڭ	115
نەعىپ	جۇرگەنىڭدى	99
نەعىپ	قوستىڭ	87
نەعىپ	ۇيقتامادىڭ	122
نەعىپ	جۇرسىڭدەر	123
نەعىپ	جۇرسىز	125
نەعىپ	جاتسڭ	111
نەعىپ	ۇردىڭ	122
نەعىپ	جاتسىڭدار	123
نەعىپ	جاتىرسڭدار	98
نەعىپ	جاتىرەكەن	101
نەعىپ	جاتسىز	108
نەعىپ	جاتسڭدار	112
نەعىپ	تەز	109
نەعىپ	جاتقان	119
نەعىپ	ەرتىپ	97
نەعىپ	ۇرىپ	117
نەعىپ	ۇيقىڭ	94
نەعىپ	تانىماي	125
نەعىپ	كەلمەدىڭ	123
نەعىپ	بارمادىڭ	99
نەعىپ	جۋاسىڭ	111
بار	عوي	124
بار	جان	19
بار	جانىم	117
بار	مەن	54
بار	دەپ	92
بار	جوق	65
بار	بول	82
بار	بولسىن	66
بار	جاقسى	33
بار	بولدى	108
بار	ەكەن	76
بار	بىر	15
بار	سول	65
بار	نە	85
بار	نەعىپ	84
بار	بار	97
بار	سەن	118
بار	ەندى	79
بار	بولىپ	75
بار	جاتىر	71
بار	قوي	86
بار	ال	74
بار	الى	113
بار	الىپ	87
بار	ون	122
بار	وندا	112
بار	كەل	105
بار	كەلىپ	114
بار	يا	94
بار	ەرتە	64
بار	ەرتەڭ	104
بار	ادام	102
بار	بولسا	79
بار	بۇگىن	20
بار	مەندە	87
بار	سودان	96
بار	ماعان	108
بار	بارى	88
بار	بارىپ	95
بار	ەكى	74
بار	مەنى	108
بار	مەنىڭ	93
بار	قاي	77
بار	بولادى	98
بار	نەگە	86
بار	ول	108
بار	قايدا	117
بار	سەنى	83
بار	ساعان	71
بار	وسى	114
بار	تاماق	83
بار	دەي	90
بار	دەيدى	120
بار	قالاي	88
بار	ۇي	84
بار	ۇيدە	102
بار	ۇيگە	63
بار	تەلەفون	50
بار	ايتىپ	99
بار	بىرگە	123
بار	دوسىم	107
بار	كىم	82
بار	اق	81
بار	اقشا	110
بار	دەگەن	125
بار	كۇنى	72
بار	ەمەس	71
بار	ونى	112
بار	بىراق	120
بار	قانشا	92
بار	ۇز	123
بار	ۇزى	122
بار	ۇزىڭ	115
بار	قاربالاس	100
بار	ىشىپ	109
بار	قويشى	116
بار	تاعى	117
بار	كوپ	112
بار	تاڭەرتەڭ	122
بار	بىراز	105
بار	مىن	103
بار	مىنا	105
بار	قانداي	20
بار	شاي	114
بار	ەدى	96
بار	باس	93
بار	باسقا	120
بار	سەنىڭ	119
بار	كەشتە	94
بار	بولاما	112
بار	راس	102
بار	از	109
بار	ازىر	109
بار	ىستەپ	120
بار	كەشە	103
بار	قايتا	95
بار	انا	116
بار	ۇيقتاپ	120
بار	يۋان	109
بار	قايتىپ	96
بار	جولداپ	101
بار	ۇش	89
بار	سوندا	117
بار	جۇمىس	110
بار	وزى	125
بار	وزىڭ	120
بار	ايتەۋ	103
بار	تەز	95
بار	اعا	117
بار	بوپ	108
بار	دەسە	109
بار	دەسەم	101
بار	اۋ	97
بار	تۇندە	97
بار	شىعا	113
بار	شىعار	119
بار	كەزدە	96
بار	كورىپ	103
بار	وعان	91
بار	بالا	51
بار	تۇرىپ	113
بار	جاڭا	125
بار	سونى	121
بار	سەندە	123
بار	بىز	102
بار	تاۋىپ	66
بار	ۇيات	113
بار	بولعان	83
بار	ەكەنسىڭ	116
بار	ايتا	112
بار	سونىمەن	85
بار	دەيمىن	123
بار	قارا	85
بار	ۇلكەن	101
بار	بۇل	99
بار	كۇندە	107
بار	مال	90
بار	قازىر	121
بار	قوسىپ	124
بار	جەجە	122
بار	ەي	102
بار	ودا	117
بار	ودان	97
بار	سوعان	105
بار	بەس	99
بار	اپارىپ	118
بار	جەر	83
بار	جەردە	101
بار	ماشينا	123
بار	ەمەسپە	124
بار	قىز	85
بار	جاڭە	111
بار	ساعات	117
بار	دەشى	69
بار	توي	93
بار	جاي	114
بار	بىرەۋ	124
بار	ءبىر	101
بار	بولماسا	108
بار	تۇستە	109
بار	تۇستەن	124
بار	جەرگە	106
بار	قىزدار	49
بار	امال	112
بار	بولسادا	116
بار	باراتىن	61
بار	اڭگىمە	118
بار	سياقتى	112
بار	ەكەمىز	124
بار	دەدى	115
بار	دەدىم	96
بار	جالعىز	114
بار	بولاتىن	97
بار	بارىن	117
بار	ءالى	76
بار	نارسە	118
بار	ونداي	87
بار	ۇزىم	122
بار	دەگەم	113
بار	باعاسى	117
بار	الاتىن	116
بار	بولساڭ	44
بار	بىزدىڭ	106
بار	قۇساپ	94
بار	ايتشى	120
بار	بىردە	124
بار	ەرتەرەك	104
بار	ماي	96
بار	ونىڭ	109
بار	بىزدە	122
بار	وزىم	115
بار	سومەن	124
بار	ناق	118
بار	جىندى	104
بار	بالام	122
بار	اراق	107
بار	قۇرسىن	121
بار	بالالار	113
بار	اقشانى	105
بار	جىگىت	123
بار	دەسەڭ	114
بار	قولايسىز	114
بار	كىسىلەر	80
بار	دال	99
بار	ەل	83
بار	جانە	68
بار	قاتىن	124
بار	دەيسىڭ	97
بار	شعار	111
بار	تەك	101
بار	كولىك	123
بار	قۇڭباۋ	114
بار	ايەل	111
بار	عۇي	124
بار	ەكەۋى	122
بار	ەلدىڭ	106
بار	ادامدى	116
بار	ۇيدىڭ	106
بار	ارى	113
بار	الاڭداما	120
بار	كەيدە	108
بار	كىرەسى	121
بار	ادامعا	120
بار	قولايلى	122
بار	ايتپەسە	107
بار	دەرەۋ	58
بار	مەكەن	113
بار	بولسام	107
بار	ادامنىڭ	100
بار	ولار	99
بار	بولعاندا	121
بار	سونىڭ	124
بار	جىگىتتەر	94
بار	ورنى	122
بار	ەكەنى	105
بار	ەكەنىن	115
بار	تۇرسا	67
بار	ۇقسايدى	89
بار	ادامدار	119
بار	دەكەن	107
بار	دەيىم	116
بار	سويلەي	110
بار	ساتاتىن	102
بار	قاسىڭدا	71
بار	دەدىڭ	124
بار	بولدىما	116
بار	كۇلىك	102
بار	ايتاتىن	121
بار	سۇيلەي	84
بار	دەپتى	120
بار	ىستەيتىن	122
بار	ولدا	120
بار	ەلدە	117
بار	بىرەۋى	114
بار	بولۋ	119
بار	دۇكەندە	118
بار	اقشامدى	119
بار	سىياقتى	108
بار	قاسىمدا	121
بار	جەرىڭ	108
بار	ەمەسبە	115
بار	قاسىندا	120
بار	ەكەسىڭ	124
بار	وقشايدى	111
بار	دەيت	125
بار	جاقسىلىق	112
بار	قاتىناس	106
بار	اياعى	102
بار	بولعانسوڭ	101
بار	دەگەندەي	117
بار	نارسەنى	104
بار	كسلەر	113
بار	بىراقتا	101
بار	كەزىندە	118
بار	الۋشىلار	109
بار	ادامسىڭ	121
بار	بارىمىز	123
بار	سەكىلدى	94
بار	دەيمە	100
بار	ەگەن	111
بار	جانىڭدا	113
بار	بوسا	97
بار	وقسايدى	116
بار	باساتىن	125
بار	جانىمدا	121
بار	ەكەنعوي	109
بار	ساپاسى	113
بار	بولعانى	117
بار	ءاندى	106
بار	ەكەنسىز	124
بار	بولۋى	117
بار	بولساڭىز	119
بار	الاتىندار	110
بار	سولار	91
بار	بۇلسا	109
بار	جەرىڭدى	117
بار	ەمەسپا	112
بار	مەدى	118
بار	قۇسايدى	91
بار	بولساڭدار	121
بار	سولاردى	121
بار	شىقار	113
بار	قاسمدا	123
بار	ەكەندا	107
بار	شقار	114
بار	ەكەندە	124
بار	جاقسىلىقتى	100
بار	ەدىعوي	123
بار	دارمەن	117
بار	سەنگەن	120
بار	جوعى	120
بار	جوعىن	108
بار	قاشان	109
بار	وز	99
بار	بارا	78
بار	كەلە	88
بار	قابارلاسىڭىزدار	120
بار	ۋاقىت	110
بار	تويعا	120
بار	قيىن	119
بار	ويناپ	94
بار	كۇرىپ	115
بار	ەكەم	109
بار	ەڭ	108
بار	ۇيىقتاپ	96
بار	ىشىندە	122
بار	قىزىل	98
بار	ماشىينا	123
بار	ەركەك	98
بار	كورگەن	117
بار	دەيتىن	116
بار	سىڭبا	109
بار	قوڭىر	123
بار	ەكەنىڭدى	118
بار	سولارعا	112
بار	مىنەر	112
بار	قامشىلار	120
بار	جانمدا	113
بار	مىنەرجاق	116
سەن	عوي	125
سەن	جانىم	54
سەن	مەن	85
سەن	دەپ	44
سەن	جوق	62
سەن	بول	55
سەن	جاقسى	123
سەن	بولدى	118
سەن	ەكەن	109
سەن	بىر	92
سەن	سول	51
سەن	نە	59
سەن	نەعىپ	49
سەن	بار	67
سەن	سەن	24
سەن	ەندى	98
سەن	بولىپ	72
سەن	ماقۇل	120
سەن	جات	95
سەن	قوي	97
سەن	ال	91
سەن	الى	90
سەن	الىپ	78
سەن	ون	92
سەن	وندا	118
سەن	كەل	109
سەن	كەلىپ	64
سەن	يا	66
سەن	ەر	86
سەن	ەرتە	109
سەن	ەرتەڭ	93
سەن	ادام	62
سەن	بۇگىن	81
سەن	سودان	44
سەن	ماعان	62
سەن	بارىپ	70
سەن	ەكى	124
سەن	مەنى	37
سەن	مەنىڭ	30
سەن	قاي	90
سەن	نەگە	48
سەن	ول	117
سەن	قايدا	63
سەن	وسى	73
سەن	تاماق	65
سەن	دەي	79
سەن	قالاي	119
سەن	ۇي	70
سەن	ۇيدە	111
سەن	ۇيگە	85
سەن	تەلەفون	116
سەن	ايت	79
سەن	ايتىپ	73
سەن	بىرگە	89
سەن	وتىر	122
سەن	كىم	78
سەن	امان	69
سەن	كەت	123
سەن	اق	84
سەن	اقشا	80
سەن	دەگەن	45
سەن	ەمەس	111
سەن	بارما	79
سەن	ونى	70
سەن	بىراق	67
سەن	قانشا	82
سەن	ۇز	102
سەن	ۇزى	101
سەن	ۇزىڭ	73
سەن	قاشان	81
سەن	قاربالاس	89
سەن	ىش	80
سەن	ىشىپ	113
سەن	قويشى	89
سەن	تاعى	76
سەن	كوپ	78
سەن	كەتىپ	85
سەن	تاڭەرتەڭ	116
سەن	بىراز	101
سەن	مىنا	104
سەن	نەدەگەن	93
سەن	قانداي	77
سەن	شاي	81
سەن	بەر	106
سەن	بەرى	36
سەن	بەرىپ	105
سەن	باس	109
سەن	باسقا	110
سەن	كەشتە	81
سەن	راس	104
سەن	از	92
سەن	ازىر	116
سەن	ىستەپ	102
سەن	جۇر	81
سەن	الماي	92
سەن	كەشە	108
سەن	قايتا	108
سەن	انا	102
سەن	ۇيقتا	92
سەن	ۇيقتاپ	105
سەن	قايتىپ	118
سەن	جولدا	77
سەن	جولداپ	87
سەن	ۇش	100
سەن	سوندا	73
سەن	جۇمىس	116
سەن	وز	85
سەن	وزى	103
سەن	وزىڭ	81
سەن	ايتەۋ	102
سەن	تەز	103
سەن	ات	110
سەن	اتىپ	112
سەن	بوپ	107
سەن	كەرەك	84
سەن	كوڭىلدى	84
سەن	ايتتى	90
سەن	ايتتىڭ	110
سەن	اۋىرىپ	116
سەن	تۇندە	107
سەن	بەرە	92
سەن	شى	123
سەن	شىعا	102
سەن	شىعىپ	86
سەن	قايداسىڭ	90
سەن	كورىپ	102
سەن	بارسىڭ	101
سەن	بارسىڭبا	78
سەن	وعان	112
سەن	بالا	99
سەن	تۇرىپ	107
سەن	جاڭا	98
سەن	سونى	83
سەن	ايتقان	115
سەن	تاۋىپ	123
سەن	بارا	107
سەن	تۇس	101
سەن	كەلە	91
سەن	قاتتى	115
سەن	عانا	96
سەن	قيىن	99
سەن	بولعان	64
سەن	دۇرىس	123
سەن	ەكەنسىڭ	97
سەن	جاتىپ	113
سەن	ايتا	97
سەن	ۋاقىت	96
سەن	قارا	114
سەن	قاراپ	111
سەن	ەشتەڭە	118
سەن	مىقتى	98
سەن	ۇلكەن	96
سەن	بۇل	114
سەن	كۇندە	107
سەن	كەرەمەت	102
سەن	مال	105
سەن	قازىر	100
سەن	تۇسىپ	100
سەن	قوس	75
سەن	قوسىپ	115
سەن	الدىڭبا	97
سەن	ودان	100
سەن	سوعان	87
سەن	بەس	110
سەن	اپارىپ	117
سەن	كۇپ	108
سەن	ماشينا	120
سەن	ەمەسپە	108
سەن	قىز	109
سەن	سۇرا	124
سەن	سۇراپ	115
سەن	جامان	101
سەن	قالدىڭ	117
سەن	قايدان	94
سەن	كەلەدى	113
سەن	جاتقان	101
سەن	توي	110
سەن	جاي	99
سەن	كەپ	104
سەن	قويىپ	124
سەن	ويلاپ	106
سەن	بىرەۋ	123
سەن	ءبىر	101
سەن	كەتكەن	36
سەن	ۇشىن	107
سەن	اشىپ	121
سەن	شارشاپ	92
سەن	شىن	110
سەن	كۇرىپ	119
سەن	ايتىڭ	117
سەن	جۇرە	84
سەن	جۇرگەن	100
سەن	العان	91
سەن	تۇستە	97
سەن	تۇستەن	118
سەن	باعانا	117
سەن	كەتە	117
سەن	باراتىن	93
سەن	اڭگىمە	100
سەن	سياقتى	101
سەن	جۋ	114
سەن	جۋىپ	124
سەن	ەكەمىز	115
سەن	قايسى	79
سەن	جاس	47
سەن	جاساپ	109
سەن	جالعىز	77
سەن	جەپ	93
سەن	بارىن	103
سەن	سونداي	95
سەن	سۇيتىپ	109
سەن	جۇرسىڭ	86
سەن	ءالى	53
سەن	قاتە	119
سەن	ماڭگى	115
سەن	بىل	109
سەن	ەڭ	88
سەن	الگى	99
سەن	ونداي	89
سەن	بەكەر	108
سەن	ويناپ	104
سەن	بۇرىن	108
سەن	جولداشى	120
سەن	بولساڭ	108
سەن	كەلگەن	95
سەن	كەلمەي	98
سەن	سويلە	118
سەن	سويلەپ	114
سەن	بىزدى	113
سەن	بىزدىڭ	115
سەن	ەدىڭ	52
سەن	تارتىپ	113
سەن	ساۋ	120
سەن	قۇساپ	118
سەن	ايتشى	77
سەن	ستەپ	101
سەن	ايىت	112
سەن	سولاي	116
سەن	بىردەمە	103
سەن	تۇرعان	54
سەن	توسىپ	107
سەن	جاققا	107
سەن	ەرتەرەك	97
سەن	ونىڭ	110
سەن	نەشە	92
سەن	بولدىڭ	106
سەن	تاستاپ	96
سەن	قالايسىڭ	101
سەن	ناق	100
سەن	دەم	116
سەن	بىلەدى	105
سەن	جىندى	108
سەن	وتە	77
سەن	ارتىق	93
سەن	باستا	112
سەن	باستاپ	98
سەن	ۇيىقتاپ	112
سەن	قايداعى	105
سەن	مەنەن	103
سەن	اراق	110
سەن	سۇيلە	106
سەن	شىعارىپ	118
سەن	سۇيلەپ	123
سەن	ىزدەپ	115
سەن	كىرىپ	109
سەن	جازىپ	114
سەن	شعىپ	115
سەن	اقشانى	119
سەن	دەمال	103
سەن	قالىپ	114
سەن	بارعان	97
سەن	بارعاندا	102
سەن	ەرتىپ	114
سەن	اكەپ	123
سەن	كەلگەندە	121
سەن	جىگىت	112
سەن	ەرەكشە	106
سەن	اۋدانعا	94
سەن	باقىتتى	103
سەن	جەتىپ	115
سەن	تۇرا	116
سەن	قاتىن	118
سەن	وتىرعان	109
سەن	شعا	110
سەن	تەك	119
سەن	جاۋاپ	109
سەن	كۇڭىلدى	117
سەن	ۇرىپ	89
سەن	بەرسەڭ	82
سەن	اقىرىن	124
سەن	ۇمىتىپ	109
سەن	ۇستىپ	113
سەن	رەنجىپ	111
سەن	ايەل	110
سەن	ۇيتىپ	109
سەن	ماس	110
سەن	كەلەت	111
سەن	كەلەتىن	122
سەن	ايتاسىڭ	110
سەن	ۇتىرىك	117
سەن	ۇستاپ	109
سەن	ءوزى	91
سەن	ءوزىڭ	101
سەن	وتىرىك	111
سەن	قانا	107
سەن	قايتەسىڭ	101
سەن	قابارلاسىپ	117
سەن	دەمالىپ	113
سەن	بەرگەن	94
سەن	ساتىپ	111
سەن	ەلدىڭ	97
سەن	جايلى	119
سەن	الساڭ	124
سەن	بىلىپ	72
سەن	ايداپ	120
سەن	ەشتەمە	116
سەن	ادامدى	122
سەن	بوس	115
سەن	جاقتا	122
سەن	ۇتە	93
سەن	شپيىڭ	97
سەن	بىلەسىڭ	109
سەن	كەلەسىڭ	109
سەن	شاقىرىپ	108
سەن	ادەمى	109
سەن	جۇمىسقا	121
سەن	بەرمەي	66
سەن	دايىن	109
سەن	الدىمەن	116
سەن	قوناق	108
سەن	سىڭ	106
سەن	ۇندەمەي	114
سەن	پالە	119
سەن	تىپتى	118
سەن	ۇيدەن	114
سەن	تىنىش	107
سەن	شىپ	106
سەن	ىراس	99
سەن	ۇزىڭدى	119
سەن	بىزگە	101
سەن	بىردەڭە	113
سەن	شىعارسىڭ	123
سەن	كەلسەڭ	93
سەن	ۇيقتاي	97
سەن	ايتساڭ	123
سەن	مەننەن	94
سەن	نەمە	111
سەن	نەمەن	102
سەن	نەمەنە	105
سەن	انداعى	120
سەن	وسىنداي	123
سەن	شىق	120
سەن	نەنى	124
سەن	سويلەمەي	111
سەن	تاۋعا	110
سەن	ىشتىڭبە	122
سەن	قىزىق	97
سەن	باراسىڭ	120
سەن	ۇيقىڭ	95
سەن	قۇلجاعا	96
سەن	باعىپ	112
سەن	كەلشى	89
سەن	نەكە	105
سەن	كەلەم	113
سەن	مەنىكى	123
سەن	وزىڭدى	117
سەن	ەكەۋىڭ	110
سەن	باقتتى	102
سەن	ەلگە	102
سەن	بولدىڭبا	114
سەن	جۇمسقا	106
سەن	الاسىڭ	124
سەن	بارماي	115
سەن	وڭباعان	122
سەن	نەدەپ	123
سەن	بەرەسىڭ	97
سەن	الداپ	108
سەن	تەگى	123
سەن	قاشىپ	119
سەن	تاپ	82
سەن	كىمگە	120
سەن	الاسىڭبا	89
سەن	دەگەندە	121
سەن	قانە	94
سەن	اتاقتى	92
سەن	ارام	117
سەن	ەكەۋمىز	97
سەن	سويلەي	81
سەن	تۇرساڭ	120
سەن	كەلەسىڭبە	108
سەن	مەنىم	113
سەن	مەنىمەن	106
سەن	ىستەي	118
سەن	قينالىپ	119
سەن	جوقسىڭ	124
سەن	سۇيلەمەي	122
سەن	وستىپ	94
سەن	باراسىڭبا	116
سەن	بولاسىڭ	123
سەن	سىرتقا	123
سەن	ولاي	122
سەن	سۇلۋ	122
سەن	اپتەن	109
سەن	ەمەسپىن	120
سەن	قاراماي	118
سەن	بارساڭ	114
سەن	باردىڭبا	113
سەن	ماۋباس	104
سەن	بۇيتىپ	98
سەن	سۇيلەي	100
سەن	الباتى	122
سەن	تاماعىڭدى	114
سەن	بىرەۋگە	94
سەن	شارشادىڭ	119
سەن	نەمەنەگە	108
سەن	شىقتىڭبا	106
سەن	كەتسەڭ	109
سەن	سىياقتى	111
سەن	قابارسىز	108
سەن	كىمدى	105
سەن	ۇيىڭە	119
سەن	بارعوي	113
سەن	قاسىمدا	116
سەن	قاربالاسپا	122
سەن	كەلدىڭبە	121
سەن	اتەي	123
سەن	قانشاعا	120
سەن	نەشەدە	112
سەن	سىرتتا	121
سەن	تۇرعاندا	122
سەن	اسىقپاي	114
سەن	شعارسىڭ	101
سەن	ىستەگەن	120
سەن	ىستەن	119
سەن	ۇيدەسىڭبە	74
سەن	نەستەپ	109
سەن	بىرەۋدى	119
سەن	بولعانسوڭ	124
سەن	كەلەمە	117
سەن	ۇيىقتاي	109
سەن	كەلگەنشە	119
سەن	كەلمەيسىڭ	110
سەن	كەلمەيسىڭبە	114
سەن	ۇيڭە	120
سەن	قايتتىڭ	124
سەن	قايتتىڭبا	107
سەن	رازى	91
سەن	ءۇشىن	117
سەن	ايتقاندا	114
سەن	مەنمەن	115
سەن	نەقىپ	120
سەن	جوعالىپ	110
سەن	جولداعان	91
سەن	قايۋاقتا	111
سەن	سەكىلدى	103
سەن	كەتكەندە	115
سەن	قانشادا	112
سەن	سەنبەسەڭ	104
سەن	كىممەن	113
سەن	قايتقاندا	118
سەن	ىرەنجىپ	116
سەن	قايتەر	116
سەن	شىداماي	97
سەن	نەعپ	116
سەن	كەتكەلى	117
سەن	زادى	118
سەن	بىلەتىن	113
سەن	بارماياق	120
سەن	جانىمدا	122
سەن	جوقتا	124
سەن	سۇراعان	121
سەن	بارعانشا	108
سەن	باردا	124
سەن	قايتىڭبا	117
سەن	قاندايسىڭ	121
سەن	شىقساڭ	100
سەن	دەمالا	112
سەن	قۇساعان	120
سەن	ساعىندىڭبا	100
سەن	كەلمەسەڭ	110
سەن	سەنبەيسىڭ	98
سەن	سۇراشى	111
سەن	ەسىمە	120
سەن	ىلعي	122
سەن	بىلەسىڭبە	118
سەن	بىرەۋمەن	91
سەن	بىلمەيسىڭ	120
سەن	بولماساڭ	113
سەن	ىشسەڭ	89
سەن	تانيتىن	69
سەن	كەلكەندە	116
سەن	كوڭىلسىز	116
سەن	بولساڭدا	124
سەن	سۇيتەسىڭ	101
سەن	تۋرالى	102
سەن	ناعىپ	110
سەن	بارماساڭ	122
سەن	ايتپاساڭ	124
سەن	ۇشن	115
سەن	كەلگەنسوڭ	111
سەن	سويلەمەسەڭ	120
سەن	بارمايسىڭبا	123
سەن	سۇيلەمەسەڭ	106
سەن	بلەسىڭ	122
سەن	ايتقانداي	116
سەن	قايداسڭ	109
سەن	بارمادىڭبا	108
سەن	تۇسىنبەيسىڭ	101
سەن	ۇيتسەڭ	107
سەن	سويلەسەڭ	121
سەن	ايتباساڭ	120
سەن	سياقتتى	118
سەن	سۇيلەسەڭ	111
سەن	شاقىرساڭ	114
سەن	سويلەگەندە	93
سەن	قوساپ	111
سەن	كىمسىڭ	119
سەن	ويلاعانداي	120
سەن	بىلمەسەڭ	86
سەن	سۇيلەگەندە	123
سەن	شىداساڭ	119
سەن	نەدەدىڭ	117
سەن	كەلكەنشە	108
سەن	ساعىنبادىڭبا	124
سەن	مىقتىسىڭ	115
سەن	رەنجىمەسەڭ	115
سەن	قالاساڭ	120
سەن	جامانسىڭ	115
سەن	سويلەمەگەن	112
سەن	نەدەسەڭ	119
سەن	عاناسىڭ	123
سەن	كەرەكسىڭ	108
سەن	بۇيتسەڭ	119
سەن	سۇيلەمەگەن	98
سەن	باستاشى	123
سەن	جاق	60
سەن	مەندە	40
سەن	قال	84
سەن	دوسىم	74
سەن	كەلدى	94
سەن	تويعا	118
سەن	ساعات	102
سەن	جاڭە	113
سەن	كەلسە	108
سەن	اياق	73
سەن	جانە	119
سەن	كەتەم	102
سەن	كۇندىز	104
سەن	بولسام	91
سەن	قارسى	117
سەن	كىمنىڭ	107
سەن	بۇكىن	113
سەن	جاتا	122
سەن	شىققاندا	114
سەن	تاۋدا	120
سەن	بارپ	120
سەن	جۇىپ	96
سەن	ەرىپ	123
سەن	جۇمىستان	109
سەن	ادال	85
سەن	امالداپ	90
سەن	تپتى	113
سەن	ەسەك	113
سەن	راسىندا	113
سەن	سەنبەي	106
سەن	شىعاسىڭبا	92
سەن	مقتى	122
سەن	جۇمىسىڭدى	114
سەن	كۇڭلدى	121
سەن	كوڭلدى	112
سەن	ەكەنىڭدى	89
سەن	قابارلاسپاي	124
سەن	تاپشى	101
سەن	باراسڭبا	122
سەن	وزگەرىپ	110
سەن	ۇزگەرىپ	116
سەن	شقساڭ	116
سەن	بوساڭ	116
سەن	ايىتشى	124
سەن	دەمەسەم	115
سەن	ايتپاساڭدا	112
سەن	تانىمايسىڭ	124
سەن	جىلاساڭ	118
ەن	قالتاسى	18
ەن	جوق	124
ەن	تاڭبا	17
ەن	تاڭباسى	23
ەن	تاڭباسىن	18
ەندى	جان	23
ەندى	جانىم	120
ەندى	مەن	74
ەندى	دەپ	86
ەندى	جوق	58
ەندى	جاقسى	99
ەندى	بولدى	69
ەندى	بىر	64
ەندى	سول	31
ەندى	نە	104
ەندى	نەعىپ	46
ەندى	بار	64
ەندى	سەن	76
ەندى	ەندى	59
ەندى	بولىپ	86
ەندى	قوي	110
ەندى	الىپ	108
ەندى	ون	106
ەندى	وندا	78
ەندى	كەل	96
ەندى	كەلىپ	109
ەندى	ەرتەڭ	122
ەندى	ادام	69
ەندى	بۇگىن	86
ەندى	مەندە	55
ەندى	ماعان	79
ەندى	بارى	90
ەندى	بارىپ	94
ەندى	ەكى	77
ەندى	مەنى	65
ەندى	مەنىڭ	63
ەندى	قاي	57
ەندى	بولادى	67
ەندى	نەگە	80
ەندى	ول	120
ەندى	قايدا	78
ەندى	سەنى	81
ەندى	ساعان	75
ەندى	وسى	76
ەندى	تاماق	77
ەندى	قالاي	59
ەندى	ۇي	80
ەندى	ۇيدە	97
ەندى	ۇيگە	106
ەندى	تەلەفون	57
ەندى	ايتىپ	66
ەندى	بىرگە	97
ەندى	كۇن	97
ەندى	كىم	78
ەندى	امان	120
ەندى	كەتتى	96
ەندى	تاڭ	105
ەندى	قالدى	93
ەندى	اقشا	121
ەندى	بارما	48
ەندى	ونى	87
ەندى	بىراق	107
ەندى	قانشا	84
ەندى	ۇز	118
ەندى	ۇزى	108
ەندى	ۇزىڭ	111
ەندى	قاشان	84
ەندى	قاربالاس	87
ەندى	ىشىپ	60
ەندى	قويشى	119
ەندى	تاعى	84
ەندى	كوپ	100
ەندى	كەتىپ	78
ەندى	تاڭەرتەڭ	118
ەندى	بىراز	88
ەندى	مىنا	106
ەندى	قانداي	65
ەندى	شاي	107
ەندى	بەرىپ	75
ەندى	باس	81
ەندى	باسقا	99
ەندى	سەنىڭ	90
ەندى	كەش	81
ەندى	كەشتە	105
ەندى	راس	102
ەندى	از	122
ەندى	ىستەپ	122
ەندى	كەشە	108
ەندى	قايت	117
ەندى	قايتا	68
ەندى	انا	117
ەندى	ۇيقتا	110
ەندى	ۇيقتاپ	106
ەندى	يۋان	98
ەندى	قايتىپ	90
ەندى	الدىم	87
ەندى	كەتتىم	86
ەندى	ۇش	95
ەندى	سوندا	92
ەندى	جۇمىس	107
ەندى	وز	115
ەندى	وزى	111
ەندى	وزىڭ	112
ەندى	ايتەۋ	103
ەندى	تەز	117
ەندى	ات	59
ەندى	اتىپ	122
ەندى	كەرەك	103
ەندى	تۇندە	117
ەندى	بەرە	90
ەندى	كەلدى	105
ەندى	كەلدىم	79
ەندى	شى	47
ەندى	شىعا	90
ەندى	شىعىپ	110
ەندى	قويدىم	96
ەندى	كور	107
ەندى	كورىپ	112
ەندى	وعان	94
ەندى	بالا	119
ەندى	تۇرىپ	113
ەندى	جاڭا	118
ەندى	سونى	75
ەندى	سەندە	72
ەندى	بىز	75
ەندى	تاۋىپ	112
ەندى	بارا	122
ەندى	بارام	98
ەندى	ۇيات	73
ەندى	كەلە	92
ەندى	عانا	122
ەندى	قيىن	104
ەندى	دۇرىس	119
ەندى	جاتىپ	104
ەندى	ايتا	86
ەندى	ۋاقىت	115
ەندى	قارا	104
ەندى	قاراپ	119
ەندى	ەش	96
ەندى	ەشتەڭە	114
ەندى	ۇلكەن	101
ەندى	سوم	88
ەندى	بۇل	107
ەندى	كۇندە	103
ەندى	مال	110
ەندى	تۇسىپ	122
ەندى	قالعان	78
ەندى	بولدىم	118
ەندى	ودان	107
ەندى	سوعان	76
ەندى	بەس	113
ەندى	كۇپ	66
ەندى	مىناۋ	113
ەندى	ماشينا	85
ەندى	قىز	94
ەندى	سۇراپ	83
ەندى	جامان	93
ەندى	قايدان	118
ەندى	كەلەدى	108
ەندى	ساعات	100
ەندى	مىڭ	71
ەندى	توي	100
ەندى	جاي	106
ەندى	كەپ	84
ەندى	ويلاپ	108
ەندى	بىرەۋ	122
ەندى	ءبىر	98
ەندى	بارايىن	110
ەندى	ءىشىپ	104
ەندى	اشىپ	115
ەندى	شىن	117
ەندى	بولمايدى	111
ەندى	كۇر	114
ەندى	كۇرىپ	115
ەندى	تۇستەن	109
ەندى	امال	85
ەندى	كەتەدى	109
ەندى	باراتىن	95
ەندى	اڭگىمە	65
ەندى	جۋىپ	117
ەندى	ەكەمىز	98
ەندى	قايسى	111
ەندى	جاساپ	106
ەندى	جالعىز	122
ەندى	جەپ	82
ەندى	بارىن	114
ەندى	سونداي	107
ەندى	سۇيتىپ	122
ەندى	ماڭگى	120
ەندى	بىلاي	85
ەندى	ەڭ	117
ەندى	الگى	105
ەندى	بارامىن	115
ەندى	ونداي	121
ەندى	بەكەر	117
ەندى	ارەڭ	115
ەندى	جۇز	113
ەندى	ۇزىم	105
ەندى	الاتىن	108
ەندى	كەلگەن	115
ەندى	قايتەم	115
ەندى	نان	113
ەندى	سويلە	122
ەندى	سويلەپ	109
ەندى	بىزدىڭ	113
ەندى	ايتشى	26
ەندى	سولاي	102
ەندى	بىردەمە	119
ەندى	سىز	109
ەندى	ەرتەرەك	108
ەندى	باسى	112
ەندى	ونىڭ	122
ەندى	نەشە	105
ەندى	وزىم	95
ەندى	سىزگە	114
ەندى	ناق	122
ەندى	دەم	119
ەندى	ارتىق	122
ەندى	باستاپ	116
ەندى	بۇيىرسا	112
ەندى	قايداعى	119
ەندى	مەنەن	100
ەندى	اراق	107
ەندى	سۇيلە	106
ەندى	سۇيلەپ	112
ەندى	ىزدەپ	108
ەندى	كىر	96
ەندى	كىرىپ	110
ەندى	جارىم	106
ەندى	اياق	96
ەندى	شعىپ	92
ەندى	بالالار	109
ەندى	اقشانى	114
ەندى	كەلسە	109
ەندى	بارامىز	115
ەندى	دەمال	85
ەندى	منا	117
ەندى	الام	113
ەندى	بەرەتىن	112
ەندى	قول	96
ەندى	بارعاندا	113
ەندى	كەلگەندە	120
ەندى	سەنەن	118
ەندى	بارادى	112
ەندى	جولى	81
ەندى	اۋدانعا	117
ەندى	قولايسىز	112
ەندى	جانە	118
ەندى	جەتى	113
ەندى	سەندەر	104
ەندى	جاۋاپ	120
ەندى	قايتارىپ	112
ەندى	ايتايىن	93
ەندى	اقىرىن	114
ەندى	ۇستىپ	117
ەندى	التى	109
ەندى	نەسى	97
ەندى	ۇيتىپ	99
ەندى	كەلەتىن	112
ەندى	مىنانى	106
ەندى	ۇتىرىك	106
ەندى	ءوزىڭ	117
ەندى	وتىرىك	100
ەندى	قايتەسىڭ	111
ەندى	قابارلاسىپ	76
ەندى	مىنە	98
ەندى	ۇيقى	97
ەندى	ۇيقىم	120
ەندى	دەمالىپ	108
ەندى	ەكەۋ	121
ەندى	ەشكىم	67
ەندى	ەلدىڭ	115
ەندى	بارسام	120
ەندى	بىلىپ	97
ەندى	ەشتەمە	117
ەندى	دۇرس	99
ەندى	بولدىق	119
ەندى	جۇمىسقا	106
ەندى	كەتەم	117
ەندى	ساي	113
ەندى	ۇيقتادىم	122
ەندى	شىعادى	86
ەندى	مۇمكىن	110
ەندى	رەنجىمە	121
ەندى	بايقاپ	115
ەندى	ۇندەمەي	120
ەندى	ايتپا	104
ەندى	تىپتى	113
ەندى	ۇيدەن	103
ەندى	تىنىش	104
ەندى	شىپ	110
ەندى	بۇدان	97
ەندى	ەستىپ	122
ەندى	قىيىن	109
ەندى	كەلدىك	112
ەندى	كەشكى	121
ەندى	بىزگە	115
ەندى	بىردەڭە	122
ەندى	يۇان	110
ەندى	كيىم	115
ەندى	قايتام	118
ەندى	كەلسەڭ	92
ەندى	ۇيقتاي	113
ەندى	سيىر	115
ەندى	ايتساڭ	122
ەندى	مەننەن	116
ەندى	نەمەنە	121
ەندى	انداعى	116
ەندى	تەزىرەك	120
ەندى	وسىنداي	109
ەندى	سەننەن	68
ەندى	سويلەمە	100
ەندى	سويلەمەي	98
ەندى	تاۋعا	93
ەندى	توقتاپ	115
ەندى	شىقتى	122
ەندى	شىقتىم	104
ەندى	تورت	119
ەندى	جاتتىم	54
ەندى	كەلەم	58
ەندى	قايتەمىز	113
ەندى	ەلگە	107
ەندى	سونىڭ	107
ەندى	جۇمسقا	122
ەندى	بارمايمىن	116
ەندى	نەدەپ	120
ەندى	ەكىنشى	121
ەندى	تۇسكى	102
ەندى	سەنىمەن	103
ەندى	جاتا	92
ەندى	وراي	122
ەندى	كەتەيىن	111
ەندى	تاماققا	108
ەندى	تۇرت	112
ەندى	كىمگە	112
ەندى	تۇردى	120
ەندى	تۇردىم	114
ەندى	كوردىم	100
ەندى	سۋعا	121
ەندى	سويلەي	107
ەندى	بىرى	99
ەندى	جولعا	62
ەندى	مەنىمەن	76
ەندى	بولدىما	122
ەندى	تۇردىڭبا	106
ەندى	قالعانى	103
ەندى	قالعانىن	108
ەندى	سۇيلەمە	119
ەندى	سۇيلەمەي	96
ەندى	مونشاعا	112
ەندى	جون	117
ەندى	سىرتقا	121
ەندى	ولاي	120
ەندى	بر	88
ەندى	شعادى	116
ەندى	ايتاتىن	66
ەندى	قايتەدى	112
ەندى	كەلەر	112
ەندى	بۇيتىپ	119
ەندى	سۇيلەي	111
ەندى	ىسكە	119
ەندى	ەلۋ	113
ەندى	ۇيقتايىن	97
ەندى	الباتى	70
ەندى	قاجەتى	108
ەندى	بىرەۋى	70
ەندى	الاڭسىز	106
ەندى	كوشەگە	116
ەندى	شىعام	101
ەندى	قولىم	121
ەندى	بىلدىم	74
ەندى	قايتتىم	115
ەندى	تۇرايىن	108
ەندى	بەتى	89
ەندى	جاتاققا	76
ەندى	كۇردىم	115
ەندى	تىنش	100
ەندى	كىمدى	115
ەندى	ەشكىمگە	110
ەندى	تۇستىم	106
ەندى	جۇردىم	86
ەندى	الماساڭ	113
ەندى	جاتايىن	88
ەندى	امالداپ	101
ەندى	قايتامىن	114
ەندى	تپتى	122
ەندى	كەتەمىن	93
ەندى	قايتايىن	120
ەندى	سەنمەن	117
ەندى	جاتام	120
ەندى	ىستەن	118
ەندى	تۇرام	105
ەندى	بىرەر	116
ەندى	شىعامىن	86
ەندى	قايتامىز	81
ەندى	باسىمدى	118
ەندى	بارعالى	88
ەندى	جۇرەم	121
ەندى	جۇرەمىز	104
ەندى	ويانىپ	119
ەندى	قايتادان	100
ەندى	شىعايىن	112
ەندى	كەتەمىز	119
ەندى	دەمالدىم	86
ەندى	قاتىرجام	103
ەندى	تۇرامىن	105
ەندى	بىرەۋىن	118
ەندى	تۇسەم	114
ەندى	ۇيقتايىق	87
ەندى	قايۋاقتا	119
ەندى	بىرنەشە	107
ەندى	شعام	98
ەندى	ۇيقتايمىن	110
ەندى	كەتكەلى	107
ەندى	ىشەم	95
ەندى	قايىت	100
ەندى	بۇنداي	90
ەندى	ىشكەلى	106
ەندى	بىرەكى	116
ەندى	ايتپايمىن	85
ەندى	جيىرما	110
ەندى	نەسىن	92
ەندى	كىردىم	103
ەندى	ىدىس	88
ەندى	ىشەمىز	101
ەندى	جۇرەمىن	85
ەندى	كىمنەن	115
ەندى	شقتىم	119
ەندى	قايتىم	77
ەندى	وسىدان	102
ەندى	بەرمەسەڭ	106
ەندى	وتىردىم	87
ەندى	شىقتىق	94
ەندى	ايتارىم	70
ەندى	بىراي	115
ەندى	شىعامىز	89
ەندى	جاتتىق	106
ەندى	ىشەيىن	122
ەندى	قايتەمىن	80
ەندى	قايتتىق	111
ەندى	ىشپە	118
ەندى	دەمالايىن	121
ەندى	كەلمەسەڭ	81
ەندى	وياندىم	115
ەندى	جاتىم	99
ەندى	جاتامىن	93
ەندى	ەستىدىم	114
ەندى	تۇسەيىن	93
ەندى	ەسىمە	102
ەندى	ۇيىقتايىن	101
ەندى	قايتايىق	102
ەندى	مازاڭدى	95
ەندى	شىققالى	111
ەندى	شعايىن	89
ەندى	كەزىككەندە	117
ەندى	ىشپەيمىن	77
ەندى	شعامىن	119
ەندى	جاتايىق	112
ەندى	قايتقالى	120
ەندى	جاتقالى	100
ەندى	جۇردىك	118
ەندى	تۇسەمىن	121
ەندى	جاتامىز	117
ەندى	بوساپ	95
ەندى	تۇسىندىم	105
ەندى	قايتسەم	92
ەندى	قابارلاسپا	101
ەندى	اشتىم	108
ەندى	ايتبايمىن	112
ەندى	قايتىق	109
ەندى	نەدەيمىن	113
ەندى	باستالدى	110
ەندى	جەتتىم	84
ەندى	دەمالام	112
ەندى	جۇرگەلى	101
ەندى	ەسىڭە	103
ەندى	سويلەمەسەڭ	102
ەندى	سۇيلەمەسەڭ	102
ەندى	ىشەمىن	113
ەندى	شعامىز	94
ەندى	كارتەيگەندە	121
ەندى	دەمالايىق	106
ەندى	سويلەمەيمىن	101
ەندى	قوسپا	103
ەندى	تۇسكەلى	114
ەندى	سۇيلەمەيمىن	108
ەندى	ۇيىقتايمىن	102
ەندى	تۇسەمىز	113
ەندى	ۇيقتاعالى	116
ەندى	ۇيقتايىم	106
ەندى	تۇستىك	116
ەندى	بوسادى	122
ەندى	بوسادىم	119
ەندى	باستالادى	114
ەندى	قايتامبا	117
ەندى	ىشبەيمىن	84
ەندى	قايتۋ	119
ەندى	ۇيتپەيمىن	121
ەندى	كىردىك	113
ەندى	شققالى	110
ەندى	بىلدىڭبە	117
ەندى	شقتىق	110
ەندى	تۇردىق	109
ەندى	تۇسندىم	106
ەندى	سۇيلەمەياق	107
ەندى	ىزدەمە	120
ەندى	نەدەيىم	103
ەندى	قۇلدايمىن	116
ەندى	جاتامبا	116
ەندى	قابارلاسپاياق	116
ەندى	مازالامايمىن	118
ەندى	ۇيىقتاعالى	121
ەندى	شىقالى	110
ەندى	ۇيتبەيمىن	122
ەندى	تۇرعالى	120
ەندى	قايتتىك	116
ەندى	قايتۋىم	107
ەندى	دەمالعالى	120
ەندى	قايتىك	102
ەندى	ەرتە	83
ەندى	اق	70
ەندى	بولاما	93
ەندى	جولدا	65
ەندى	قاتتى	120
ەندى	بولعان	100
ەندى	تويعا	112
ەندى	قوس	93
ەندى	قوسىپ	121
ەندى	جۇرە	109
ەندى	ەس	117
ەندى	سۋ	111
ەندى	كەلمەيدى	99
ەندى	باسىپ	118
ەندى	ەل	107
ەندى	ۇيقتادى	115
ەندى	بەت	67
ەندى	بۇيرسا	114
ەندى	شوپ	122
ەندى	باراسىڭبا	117
ەندى	دالاعا	122
ەندى	بىرازدان	121
ەندى	نەمەنەگە	89
ەندى	جۇن	72
ەندى	قايتپ	114
ەندى	كەرەگى	121
ەندى	قانشالىق	122
ەندى	قايتاسىڭبا	98
ەندى	جۇرەيىن	121
ەندى	مازالامايىن	101
ەندى	باستادى	115
ەندى	تانىدىم	118
بولىپ	عوي	115
بولىپ	جانىم	117
بولىپ	مەن	114
بولىپ	دەپ	97
بولىپ	جاقسى	117
بولىپ	بولدى	95
بولىپ	بىر	114
بولىپ	سول	83
بولىپ	نە	83
بولىپ	سەن	99
بولىپ	ەندى	110
بولىپ	بولىپ	71
بولىپ	جاتىر	104
بولىپ	جاتىرسىڭ	112
بولىپ	قوي	30
بولىپ	ال	122
بولىپ	الىپ	101
بولىپ	كەل	80
بولىپ	كەلىپ	109
بولىپ	ەرتەڭ	98
بولىپ	بۇگىن	119
بولىپ	تۇر	104
بولىپ	سودان	107
بولىپ	ماعان	105
بولىپ	بارىپ	104
بولىپ	ەكى	14
بولىپ	مەنى	114
بولىپ	جاتىرمىن	122
بولىپ	ول	112
بولىپ	قايدا	103
بولىپ	سەنى	99
بولىپ	ساعان	44
بولىپ	وسى	102
بولىپ	تاماق	115
بولىپ	قال	98
بولىپ	قالا	108
بولىپ	ۇي	99
بولىپ	ۇيگە	122
بولىپ	تەلەفون	108
بولىپ	ايتىپ	98
بولىپ	وتىر	17
بولىپ	وتىرمىن	63
بولىپ	امان	107
بولىپ	كەت	121
بولىپ	كەتت	91
بولىپ	كەتتى	108
بولىپ	قالد	55
بولىپ	قالدى	109
بولىپ	اقشا	119
بولىپ	بىراق	99
بولىپ	قاربالاس	120
بولىپ	تاعى	65
بولىپ	كەتى	101
بولىپ	كەتىپ	83
بولىپ	بىراز	103
بولىپ	شاي	107
بولىپ	ەدى	114
بولىپ	ازىر	120
بولىپ	ىستەپ	104
بولىپ	جۇر	79
بولىپ	كەشە	60
بولىپ	قايتا	108
بولىپ	ۇيقتاپ	119
بولىپ	قايتىپ	19
بولىپ	الدى	30
بولىپ	الدىم	103
بولىپ	كەتتىم	106
بولىپ	قالدىم	109
بولىپ	اۋىرىپ	119
بولىپ	كەلدى	109
بولىپ	كەلدىم	121
بولىپ	شىعا	112
بولىپ	شىعىپ	117
بولىپ	قويدى	119
بولىپ	قويدىم	82
بولىپ	تۇرىپ	107
بولىپ	جاڭا	109
بولىپ	سونى	94
بولىپ	ەدىم	107
بولىپ	جۇرمىن	107
بولىپ	الايىن	110
بولىپ	بارا	105
بولىپ	بارام	88
بولىپ	ۇيات	90
بولىپ	كەلە	62
بولىپ	جاتىپ	110
بولىپ	تۇرمىن	116
بولىپ	قالعان	118
بولىپ	الدىڭ	110
بولىپ	الدىڭبا	101
بولىپ	بولدىم	90
بولىپ	ودان	115
بولىپ	سوعان	97
بولىپ	كەتتىڭ	48
بولىپ	جاڭە	73
بولىپ	قالدىڭ	52
بولىپ	قالدىڭبا	56
بولىپ	كەلەدى	52
بولىپ	جاتقان	50
بولىپ	قويىپ	110
بولىپ	كەتكەن	116
بولىپ	شارشاپ	82
بولىپ	جاتىرمىز	112
بولىپ	جۇرە	91
بولىپ	جۇرگەن	112
بولىپ	العان	41
بولىپ	كەتە	80
بولىپ	كەتەدى	108
بولىپ	جۇرىپ	104
بولىپ	جۇرسىڭ	76
بولىپ	بارامىن	121
بولىپ	ارەڭ	120
بولىپ	ويناپ	18
بولىپ	كەلگەن	76
بولىپ	ەدىڭ	107
بولىپ	تۇرعان	90
بولىپ	وتىرمىز	99
بولىپ	قالادى	118
بولىپ	كىرىپ	49
بولىپ	وتىرسىڭ	121
بولىپ	وتىرىپ	87
بولىپ	جاتىرسىز	74
بولىپ	قالىپ	103
بولىپ	قالىپتى	76
بولىپ	بارادى	112
بولىپ	وتىرعان	119
بولىپ	الادى	113
بولىپ	قالىپپىن	61
بولىپ	ۇمىتىپ	118
بولىپ	كەتىپتى	122
بولىپ	قالپتى	111
بولىپ	كەتەم	55
بولىپ	شىعادى	89
بولىپ	جاتسىڭ	87
بولىپ	قابارلاسا	69
بولىپ	قالسا	77
بولىپ	كەتەت	74
بولىپ	كەتەتىن	118
بولىپ	كەتسە	110
بولىپ	تۇرسىڭ	84
بولىپ	جاتىرسىڭبا	97
بولىپ	شىقتى	72
بولىپ	باراسىڭ	121
بولىپ	تور	71
بولىپ	قالدىق	112
بولىپ	تۇرادى	110
بولىپ	قويعان	76
بولىپ	قالدىما	119
بولىپ	جۇرمە	114
بولىپ	كەتپتى	94
بولىپ	تۇرسا	113
بولىپ	جۇرەتىن	88
بولىپ	قالات	71
بولىپ	قالاتىن	121
بولىپ	قالما	57
بولىپ	كەتەيىن	98
بولىپ	كەتەسىڭ	75
بولىپ	تۇرما	69
بولىپ	قويىپتى	80
بولىپ	قالام	61
بولىپ	قالاما	87
بولىپ	جاتىرسىڭدار	114
بولىپ	ۋاعىندا	67
بولىپ	كەتىم	70
بولىپ	الايىق	112
بولىپ	قالاسىڭ	120
بولىپ	قالار	106
بولىپ	سويلەي	106
بولىپ	تۇرساڭ	76
بولىپ	جاتسا	108
بولىپ	قويادى	74
بولىپ	قالعانىن	122
بولىپ	كەتسىن	111
بولىپ	جاتىرما	118
بولىپ	جۇرسە	122
بولىپ	جۇرسەڭ	113
بولىپ	وتىرسىڭبا	73
بولىپ	قالماسىن	68
بولىپ	جاتسام	102
بولىپ	جۇرەدى	116
بولىپ	جۇرگەندە	91
بولىپ	كەتتىك	80
بولىپ	جاتر	103
بولىپ	سۇيلەي	105
بولىپ	جۇرمىز	85
بولىپ	قاپتى	72
بولىپ	قالسام	120
بولىپ	ەدىك	107
بولىپ	الىپتى	89
بولىپ	جۇرسىڭبە	85
بولىپ	كەتسەڭ	95
بولىپ	جاترمىن	96
بولىپ	جۇردىم	97
بولىپ	جۇرمەسىن	112
بولىپ	قويپتى	84
بولىپ	كەتەمىن	106
بولىپ	تۇراتىن	92
بولىپ	تۇرعاندا	108
بولىپ	الپتى	121
بولىپ	ارالاسىپ	121
بولىپ	كەتسەم	113
بولىپ	جۇرسەم	98
بولىپ	جاتقاندا	90
بولىپ	كەتىپپىن	82
بولىپ	كەتتىڭبە	119
بولىپ	قالساڭ	118
بولىپ	كەتىڭ	113
بولىپ	تۇرسىڭبا	99
بولىپ	كەتكەم	119
بولىپ	جاتساڭ	119
بولىپ	كەتەمىز	97
بولىپ	جۇرگەم	118
بولىپ	تەلەفونعا	91
بولىپ	تۇرعوي	118
بولىپ	كەتكەندە	100
بولىپ	قالامىن	94
بولىپ	كەتپە	115
بولىپ	كەتپەسىن	108
بولىپ	جۇرەسىڭ	122
بولىپ	قويدىق	85
بولىپ	قالپپىن	107
بولىپ	تۇرمىز	102
بولىپ	كەتەمە	99
بولىپ	كەتتىمە	84
بولىپ	قالعام	120
بولىپ	قالعاندا	93
بولىپ	كەتەر	111
بولىپ	جۇرەيىك	121
بولىپ	قويدىڭبا	108
بولىپ	جاتسىڭبا	112
بولىپ	جاتقانىڭا	99
بولىپ	قالعانبا	85
بولىپ	قالسىن	112
بولىپ	تۇرعانى	109
بولىپ	كەتىڭبە	112
بولىپ	قالامبا	106
بولىپ	الىپسىڭ	114
بولىپ	قالامىز	114
بولىپ	كەتىك	83
بولىپ	كەتىپسىڭ	118
بولىپ	كەتپەي	98
بولىپ	جاتىرسڭبا	102
بولىپ	قالدىڭىز	99
بولىپ	قالدىڭىزبا	96
بولىپ	كەتىڭىز	99
بولىپ	جۇرسەك	109
بولىپ	قالپسىڭ	113
بولىپ	قالىپسىڭ	101
بولىپ	الپسىڭ	78
بولىپ	قالقان	114
بولىپ	كەتتىما	108
بولىپ	كەتىمە	118
بولىپ	كەتبەسىن	118
بولىپ	قالساق	108
بولىپ	كەتپسىڭ	120
بولىپ	كەتتڭ	118
بولىپ	قالمايىن	114
بولىپ	كەتسەك	118
بولىپ	كەتگەن	121
بولىپ	قالپىن	115
بولىپ	كەتىڭدەر	81
بولىپ	كەتتڭبە	98
بولىپ	كەتتىڭىز	115
بولىپ	جاتىرسىزبا	119
بولىپ	قالماسا	107
بولىپ	قويدىما	120
بولىپ	كەتكەنبە	121
بولىپ	قالدىڭدار	110
بولىپ	جاتقانىن	106
بولىپ	كەتبەي	115
بولىپ	قالارمىن	116
بولىپ	كەتتىڭبا	117
بولىپ	قالعانسىڭ	111
بولىپ	كەتپەسە	120
بولىپ	قالدما	115
بولىپ	كەتسەدە	90
بولىپ	كەتتىڭدەر	122
بولىپ	كەتكەنسىڭ	92
بولىپ	كەتڭبە	118
بولىپ	كەتەما	121
بولىپ	كەتكەنىن	117
بولىپ	كەتتك	102
بولىپ	تۇرمايما	109
بولىپ	كەتتىڭعوي	121
بولىپ	قالمايما	107
بولىپ	قالعانسىڭبا	117
بولىپ	قالدىمبا	108
بولىپ	كەتتەدى	107
بولىپ	كەتتىعوي	113
بولىپ	كەتتىڭىزبە	99
بولىپ	كەتپەيمە	113
بولىپ	كەتكەسىڭ	101
بولىپ	وتەيىك	120
بولىپ	كەتەسىڭدەر	114
بولىپ	ۇتەيىك	120
بولىپ	كەتىڭىزبە	118
بولىپ	كەتتڭىز	117
بولىپ	ەرجەتسىن	122
بولىپ	جاتىرسى	27
بولىپ	جاتىرمى	122
بولىپ	توي	16
بولىپ	ۇيىقتاپ	73
بولىپ	جاۋاپ	98
بولىپ	دەمالىپ	94
بولىپ	بەردى	66
بولىپ	جاتىرسىڭدارما	96
بولىپ	قالعانى	115
بولىپ	تويدىڭ	116
بولىپ	جۇركەن	105
بولىپ	كەتبە	94
بولىپ	قالايىق	109
بولىپ	العانسىڭ	114
بولىپ	قالىپىن	111
بولىپ	وتىرعوي	111
بولىپ	تەلەپونعا	122
بولىپ	تويىمىزعا	104
راحىمەت	جان	115
راحىمەت	جانىم	84
راحىمەت	سالەم	12
راحىمەت	مەن	75
راحىمەت	دەپ	85
راحىمەت	جاقسى	89
راحىمەت	بولدى	76
راحىمەت	ەكەن	83
راحىمەت	بىر	106
راحىمەت	سول	109
راحىمەت	نەعىپ	90
راحىمەت	سەن	111
راحىمەت	ەندى	109
راحىمەت	راحىمەت	93
راحىمەت	ماقۇل	98
راحىمەت	الىپ	96
راحىمەت	وندا	40
راحىمەت	كەلىپ	102
راحىمەت	يا	116
راحىمەت	ەرتەڭ	110
راحىمەت	بۇگىن	107
راحىمەت	مەندە	104
راحىمەت	ماعان	115
راحىمەت	مەنى	100
راحىمەت	مەنىڭ	96
راحىمەت	سەنى	112
راحىمەت	ساعان	114
راحىمەت	وسى	92
راحىمەت	جارايدى	48
راحىمەت	ايتىپ	93
راحىمەت	بىرگە	88
راحىمەت	دوسىم	81
راحىمەت	امان	109
راحىمەت	امانشىلىق	112
راحىمەت	اق	104
راحىمەت	ۇزىڭ	113
راحىمەت	كوپ	78
راحىمەت	وزىڭ	48
راحىمەت	اعا	99
راحىمەت	كوڭىل	116
راحىمەت	ايتقانىڭ	99
راحىمەت	ۇيات	49
راحىمەت	جەجە	112
راحىمەت	اپا	104
راحىمەت	كۇپ	106
راحىمەت	ايتام	105
راحىمەت	اينالايىن	25
راحىمەت	قىزدار	51
راحىمەت	تاتتى	54
راحىمەت	تاتتىم	96
راحىمەت	سۇيتىپ	95
راحىمەت	سىز	112
راحىمەت	سىزگە	114
راحىمەت	بالام	17
راحىمەت	اكە	96
راحىمەت	بارلىق	76
راحىمەت	باۋىرىم	113
راحىمەت	كۇڭىل	114
راحىمەت	ۇستىپ	100
راحىمەت	التىن	91
راحىمەت	ايتاسىڭ	61
راحىمەت	قارسى	116
راحىمەت	دوستار	99
راحىمەت	قابارلاسىپ	99
راحىمەت	قۇدا	114
راحىمەت	كۇنىم	116
راحىمەت	التىنىم	87
راحىمەت	قوش	83
راحىمەت	ايتپا	105
راحىمەت	ايتقانىڭىز	59
راحىمەت	بارلىقتارىڭىزعا	64
راحىمەت	اپەكە	107
راحىمەت	وسىنداي	108
راحىمەت	جەڭگە	97
راحىمەت	ايتامىن	72
راحىمەت	كەلىن	108
راحىمەت	شەشە	116
راحىمەت	ساۋداڭ	112
راحىمەت	وزىڭە	117
راحىمەت	تاتە	107
راحىمەت	ۇزىڭە	117
راحىمەت	تۇسىنىپ	45
راحىمەت	مۇعالىم	55
راحىمەت	ناعاشى	112
راحىمەت	جاپا	67
راحىمەت	جاندارىم	101
راحىمەت	اسابا	91
راحىمەت	ۇزىڭدە	42
راحىمەت	وزىڭدە	105
راحىمەت	اسىل	95
راحىمەت	سىڭىلىم	104
راحىمەت	سەندەرگە	96
راحىمەت	اياۋلى	46
راحىمەت	ىنىم	108
راحىمەت	ساعاندا	72
راحىمەت	سىزدەرگە	115
راحىمەت	اپاي	114
راحىمەت	ايتقاندارىڭ	111
راحىمەت	ايتقاندارىڭىز	76
راحىمەت	سزگە	104
راحىمەت	جەزدە	106
راحىمەت	قولداپ	107
راحىمەت	كوپشىلىك	96
راحىمەت	قارىنداسىم	105
راحىمەت	باۋرىم	99
راحىمەت	دوستارىم	69
راحىمەت	كۇپشىلىك	95
راحىمەت	ايىتقانىڭ	93
راحىمەت	دوسكا	96
راحىمەت	كوڭىلىڭە	105
راحىمەت	تانىسقانىما	96
راحىمەت	ءوزىڭە	110
راحىمەت	بارلىقتارىڭىزدىڭ	104
راحىمەت	ۇزڭە	107
راحىمەت	وزىڭىزگە	111
راحىمەت	مەيىربان	102
راحىمەت	بارلىقتارىڭا	109
راحىمەت	بالداي	115
راحىمەت	اۋرەلەپ	115
راحىمەت	كۇڭىلىڭە	111
راحىمەت	تىلەكتەرىڭىزگە	100
راحىمەت	ۇزىڭىزگە	101
راحىمەت	ايتقانڭىز	104
راحىمەت	اۋىرەلەپ	107
راحىمەت	وزدەرىڭە	93
راحىمەت	تۇسىنگەنىڭە	102
راحىمەت	سزدەرگە	114
راحىمەت	ۇزدەرىڭە	92
راحىمەت	شاشۋىڭا	101
راحىمەت	كولدەي	107
راحىمەت	كۇلدەي	104
راحىمەت	قارسالىپ	114
راحىمەت	شاشۋىڭىزعا	110
راحىمەت	توي	25
راحىمەت	ساباقتاس	79
راحىمەت	ماۋباس	101
راحىمەت	جالپىڭىزعا	79
ماقۇل	جان	94
ماقۇل	جانىم	88
ماقۇل	مەن	11
ماقۇل	دەپ	60
ماقۇل	جاقسى	63
ماقۇل	بولدى	60
ماقۇل	بىر	99
ماقۇل	سول	82
ماقۇل	نە	118
ماقۇل	بار	86
ماقۇل	سەن	112
ماقۇل	ەندى	88
ماقۇل	بولىپ	85
ماقۇل	راحىمەت	51
ماقۇل	ماقۇل	110
ماقۇل	الىپ	33
ماقۇل	وندا	40
ماقۇل	كەل	82
ماقۇل	يا	104
ماقۇل	ەرتەڭ	106
ماقۇل	بولسا	69
ماقۇل	بۇگىن	114
ماقۇل	مەندە	115
ماقۇل	ماعان	98
ماقۇل	بارىپ	105
ماقۇل	قايىرلى	15
ماقۇل	بولادى	108
ماقۇل	ول	49
ماقۇل	سەنى	118
ماقۇل	ساعان	115
ماقۇل	وسى	100
ماقۇل	جارايدى	109
ماقۇل	تاماق	116
ماقۇل	دەي	115
ماقۇل	دەيدى	98
ماقۇل	ۇيگە	113
ماقۇل	تەلەفون	93
ماقۇل	ايتىپ	111
ماقۇل	دوسىم	94
ماقۇل	امان	89
ماقۇل	اق	112
ماقۇل	دەگەن	113
ماقۇل	بىراق	106
ماقۇل	ۇزىڭ	111
ماقۇل	قاشان	58
ماقۇل	قاربالاس	109
ماقۇل	تاعى	105
ماقۇل	تاڭەرتەڭ	116
ماقۇل	بىراز	89
ماقۇل	سەنىڭ	107
ماقۇل	كەشتە	107
ماقۇل	از	96
ماقۇل	ازىر	112
ماقۇل	ۇيقتا	107
ماقۇل	ۇيقتاپ	113
ماقۇل	جول	93
ماقۇل	جولداپ	100
ماقۇل	وزىڭ	116
ماقۇل	ايتەۋ	115
ماقۇل	تەز	115
ماقۇل	اعا	100
ماقۇل	دەسە	61
ماقۇل	تۇن	116
ماقۇل	سەندە	117
ماقۇل	ايتقانىڭ	92
ماقۇل	بارام	117
ماقۇل	اس	115
ماقۇل	قازىر	98
ماقۇل	جەجە	96
ماقۇل	اپا	118
ماقۇل	سۇراپ	58
ماقۇل	دەشى	106
ماقۇل	اينالايىن	113
ماقۇل	بارايىن	65
ماقۇل	تۇستەن	91
ماقۇل	دەدى	97
ماقۇل	دەدىم	106
ماقۇل	تاتتىم	108
ماقۇل	سۇيت	83
ماقۇل	بارامىن	110
ماقۇل	بولساڭ	95
ماقۇل	ساۋ	117
ماقۇل	ەرتەرەك	113
ماقۇل	دەم	118
ماقۇل	ىراحىمەت	117
ماقۇل	بالام	115
ماقۇل	بۇيىرسا	101
ماقۇل	بارامىز	102
ماقۇل	دەمال	114
ماقۇل	بارعاندا	93
ماقۇل	كەلگەندە	105
ماقۇل	دەسەڭ	97
ماقۇل	باۋىرىم	118
ماقۇل	ايتايىن	104
ماقۇل	راقىمەت	116
ماقۇل	قابارلاسىپ	102
ماقۇل	جايلى	109
ماقۇل	ۇيقتادىم	109
ماقۇل	الاڭداما	114
ماقۇل	كۇنىم	117
ماقۇل	التىنىم	94
ماقۇل	بايقاپ	91
ماقۇل	بۇدان	109
ماقۇل	ۇيقتاي	96
ماقۇل	اپەكە	109
ماقۇل	جەڭگە	110
ماقۇل	بۇيرسا	99
ماقۇل	شەشە	116
ماقۇل	جولىڭ	104
ماقۇل	جانم	105
ماقۇل	راحمەت	118
ماقۇل	دەدىڭ	106
ماقۇل	تاتە	106
ماقۇل	كەمپىر	112
ماقۇل	قۇلىنىم	93
ماقۇل	مۇعالىم	115
ماقۇل	دانىم	112
ماقۇل	الاڭسىز	114
ماقۇل	بىلدىم	100
ماقۇل	ۇزىڭدە	115
ماقۇل	وزىڭدە	92
ماقۇل	بوتام	96
ماقۇل	باستىق	107
ماقۇل	ماما	86
ماقۇل	ۇقتىم	96
ماقۇل	سۇيتەيىك	118
ماقۇل	سۇيتەيىن	107
ماقۇل	باسەكە	107
ماقۇل	بىراۋىز	98
ماقۇل	مەنى	79
ماقۇل	بىز	104
ماقۇل	اتىپ	117
ماقۇل	دەيمىن	114
ماقۇل	دەيسىڭ	81
ماقۇل	اياۋلىم	117
ماقۇل	تانا	118
جات	جانىم	110
جات	مەن	25
جات	دەپ	46
جات	بولدى	19
جات	سول	40
جات	ەندى	47
جات	وندا	31
جات	دەيدى	56
جات	ۇيدە	37
جات	دەگەن	53
جات	دەسە	53
جات	دەسەم	45
جات	ادام	21
جات	ەل	53
جاتىر	عوي	56
جاتىر	جانىم	16
جاتىر	مەن	49
جاتىر	دەپ	58
جاتىر	جاقسى	36
جاتىر	ەكەن	97
جاتىر	بىر	15
جاتىر	سول	73
جاتىر	نە	71
جاتىر	سەن	86
جاتىر	ەندى	80
جاتىر	قوي	74
جاتىر	الى	77
جاتىر	كەلىپ	94
جاتىر	ەرتەڭ	104
جاتىر	ادام	105
جاتىر	بۇگىن	78
جاتىر	مەندە	83
جاتىر	سودان	97
جاتىر	ماعان	103
جاتىر	بارى	77
جاتىر	بارىپ	99
جاتىر	ەكى	91
جاتىر	مەنى	85
جاتىر	مەنىڭ	95
جاتىر	ول	89
جاتىر	سەنى	81
جاتىر	ساعان	79
جاتىر	وسى	95
جاتىر	تاماق	90
جاتىر	دەيدى	96
جاتىر	ۇيدە	86
جاتىر	ۇيگە	90
جاتىر	تەلەفون	46
جاتىر	دوسىم	102
جاتىر	اقشا	100
جاتىر	دەگەن	90
جاتىر	ونى	101
جاتىر	بىراق	81
جاتىر	تاعى	105
جاتىر	تاڭەرتەڭ	98
جاتىر	بىراز	96
جاتىر	مىن	99
جاتىر	مىنا	29
جاتىر	ەدى	96
جاتىر	كەشتە	44
جاتىر	از	97
جاتىر	ازىر	102
جاتىر	كەشە	106
جاتىر	قايتا	92
جاتىر	انا	98
جاتىر	سوندا	87
جاتىر	ايتەۋ	99
جاتىر	تەز	94
جاتىر	اعا	105
جاتىر	دەسەم	106
جاتىر	تۇندە	94
جاتىر	وعان	100
جاتىر	سونى	69
جاتىر	بىز	97
جاتىر	ەدىم	97
جاتىر	ۇيات	97
جاتىر	قيىن	100
جاتىر	ەكەنسىڭ	88
جاتىر	بۇل	106
جاتىر	قازىر	53
جاتىر	ەي	105
جاتىر	سوعان	106
جاتىر	ەمەسپە	82
جاتىر	دەشى	72
جاتىر	ەكەم	74
جاتىر	دەدى	104
جاتىر	دەدىم	104
جاتىر	ءالى	89
جاتىر	قايتەم	85
جاتىر	ەدىڭ	98
جاتىر	سىز	100
جاتىر	قۇرسىن	38
جاتىر	دەسەڭ	92
جاتىر	دەيسىڭ	107
جاتىر	عۇي	53
جاتىر	سىڭ	101
جاتىر	مەكەن	104
جاتىر	ەدىك	83
جاتىر	ەكەسىڭ	102
جاتىر	سىڭبا	96
جاتىر	ەكەنسىز	71
جاتىر	ەكەنسىڭدەر	106
جاتىر	ەدىڭىز	94
جاتىر	سڭبا	93
جاتىر	ەدىڭعوي	89
جاتىر	ەدىڭدەر	100
جاتىرسىڭ	عوي	106
جاتىرسىڭ	جان	56
جاتىرسىڭ	جانىم	103
جاتىرسىڭ	مەن	14
جاتىرسىڭ	دەپ	79
جاتىرسىڭ	جوق	77
جاتىرسىڭ	نە	118
جاتىرسىڭ	سەن	86
جاتىرسىڭ	ەندى	107
جاتىرسىڭ	قوي	116
جاتىرسىڭ	كەلىپ	107
جاتىرسىڭ	ەرتەڭ	111
جاتىرسىڭ	بۇگىن	112
جاتىرسىڭ	مەندە	108
جاتىرسىڭ	سودان	105
جاتىرسىڭ	ماعان	99
جاتىرسىڭ	نەگە	111
جاتىرسىڭ	قايدا	110
جاتىرسىڭ	تاماق	94
جاتىرسىڭ	ۇيدە	105
جاتىرسىڭ	ۇيگە	105
جاتىرسىڭ	تەلەفون	88
جاتىرسىڭ	دوسىم	108
جاتىرسىڭ	ۇزىڭ	116
جاتىرسىڭ	قاشان	117
جاتىرسىڭ	قاربالاس	107
جاتىرسىڭ	شاي	102
جاتىرسىڭ	ازىر	110
جاتىرسىڭ	ىستەپ	115
جاتىرسىڭ	ۇيقتاپ	108
جاتىرسىڭ	سوندا	111
جاتىرسىڭ	وزىڭ	46
جاتىرسىڭ	قايداسىڭ	118
جاتىرسىڭ	بارسىڭبا	107
جاتىرسىڭ	بىز	89
جاتىرسىڭ	سونىمەن	98
جاتىرسىڭ	ەي	118
جاتىرسىڭ	اينالايىن	103
جاتىرسىڭ	اڭگىمە	106
جاتىرسىڭ	تاتتىم	110
جاتىرسىڭ	الگى	91
جاتىرسىڭ	سويلە	117
جاتىرسىڭ	دەنساۋلىق	104
جاتىرسىڭ	دار	82
جاتىرسىڭ	سومەن	23
جاتىرسىڭ	بالام	112
جاتىرسىڭ	سۇيلە	103
جاتىرسىڭ	باۋىرىم	93
جاتىرسىڭ	جاعداي	110
جاتىرسىڭ	كۇنىم	114
جاتىرسىڭ	التىنىم	112
جاتىرسىڭ	سونمەن	107
جاتىرسىڭ	كەمپىر	87
جاتىرسىڭ	ماۋباس	119
جاتىرسىڭ	قابارسىز	61
جاتىرسىڭ	قاربالاسپا	104
جاتىرسىڭ	ۇيدەسىڭبە	86
جاتىرسىڭ	جاقسى	82
جاتىرسىڭ	كۇن	54
جاتىرسىڭ	قازىر	115
جاتىرسىڭ	تۇردىڭبا	115
قوي	جان	108
قوي	جانىم	103
قوي	مەن	19
قوي	دەپ	80
قوي	جوق	50
قوي	جاقسى	45
قوي	بولدى	81
قوي	ەكەن	43
قوي	بىر	115
قوي	سول	66
قوي	نە	72
قوي	نەعىپ	77
قوي	بار	72
قوي	سەن	108
قوي	ەندى	67
قوي	بولىپ	53
قوي	راحىمەت	111
قوي	قوي	63
قوي	الى	97
قوي	الىپ	98
قوي	وندا	97
قوي	كەلىپ	84
قوي	يا	91
قوي	ەرتە	95
قوي	ەرتەڭ	113
قوي	ادام	106
قوي	بولسا	76
قوي	بۇگىن	99
قوي	مەندە	73
قوي	سودان	93
قوي	ماعان	99
قوي	بارى	83
قوي	بارىپ	91
قوي	ەكى	75
قوي	مەنى	95
قوي	مەنىڭ	79
قوي	قاي	86
قوي	نەگە	84
قوي	ول	83
قوي	قايدا	104
قوي	سەنى	92
قوي	ساعان	69
قوي	وسى	108
قوي	تاماق	84
قوي	دەيدى	103
قوي	قالاي	77
قوي	ۇي	104
قوي	ۇيدە	85
قوي	ۇيگە	98
قوي	تەلەفون	77
قوي	اي	100
قوي	ايتىپ	112
قوي	بىرگە	108
قوي	كۇن	64
قوي	دوسىم	113
قوي	كىم	98
قوي	امان	98
قوي	كەيىن	102
قوي	اقشا	97
قوي	دەگەن	108
قوي	يە	107
قوي	بارما	86
قوي	ونى	96
قوي	بىراق	111
قوي	قانشا	91
قوي	ۇز	85
قوي	ۇزى	116
قوي	ۇزىڭ	93
قوي	قاشان	101
قوي	قاربالاس	99
قوي	تاعى	101
قوي	كوپ	115
قوي	تاڭەرتەڭ	65
قوي	بىراز	94
قوي	مىنا	94
قوي	نەدەگەن	101
قوي	قانداي	110
قوي	باس	90
قوي	باسقا	111
قوي	سەنىڭ	113
قوي	كەشتە	94
قوي	بولاما	105
قوي	راس	99
قوي	از	101
قوي	ازىر	105
قوي	كەشە	115
قوي	قايتا	107
قوي	انا	100
قوي	قايتىپ	98
قوي	ۇش	85
قوي	سوندا	105
قوي	جۇمىس	98
قوي	وزى	95
قوي	وزىڭ	100
قوي	ايتەۋ	110
قوي	تەز	98
قوي	اعا	103
قوي	دەسە	85
قوي	دەسەم	107
قوي	كەرەك	99
قوي	تۇندە	83
قوي	شى	101
قوي	كورىپ	108
قوي	وعان	77
قوي	بالا	110
قوي	سونى	91
قوي	سەندە	91
قوي	بىز	111
قوي	تاۋىپ	109
قوي	ۇيات	115
قوي	دەيمىن	30
قوي	ەشتەڭە	95
قوي	ۇلكەن	111
قوي	بۇل	51
قوي	كۇندە	113
قوي	قازىر	115
قوي	قوسىپ	89
قوي	جەجە	106
قوي	ەي	104
قوي	ودا	114
قوي	ودان	111
قوي	سوعان	110
قوي	كۇپ	107
قوي	مىناۋ	111
قوي	جامان	111
قوي	دەشى	112
قوي	جاي	110
قوي	اينالايىن	113
قوي	بىرەۋ	104
قوي	بولمايدى	106
قوي	بولماسا	116
قوي	تۇستەن	111
قوي	امال	107
قوي	باعانا	100
قوي	ەكەمىز	106
قوي	دەدى	113
قوي	دەدىم	100
قوي	بارىن	96
قوي	ءالى	113
قوي	قاتە	108
قوي	ەڭ	104
قوي	ونداي	79
قوي	بەكەر	113
قوي	ۇزىم	110
قوي	دەگەم	108
قوي	بىزدىڭ	106
قوي	ەرتەرەك	110
قوي	ونىڭ	114
قوي	بىزدە	102
قوي	وزىم	110
قوي	بالام	116
قوي	ىزدەپ	115
قوي	قۇرسىن	110
قوي	شىركىن	107
قوي	سەنەن	111
قوي	دەسەڭ	85
قوي	ەل	85
قوي	باۋىرىم	102
قوي	دەيسىڭ	107
قوي	ۇيتىپ	102
قوي	ۇتىرىك	99
قوي	وتىرىك	96
قوي	ساتىپ	111
قوي	ەلدىڭ	76
قوي	ايداپ	113
قوي	ارى	112
قوي	بۇدان	116
قوي	ايتپەسە	112
قوي	باعىپ	112
قوي	دەگەنىم	109
قوي	باياعى	68
قوي	تەگى	101
قوي	ساتىلادى	115
قوي	دەيىم	113
قوي	ايتبەسە	86
قوي	قوزى	75
قوي	قارعام	100
قوي	اسىلى	110
قوي	اكام	100
قوي	دەيتىن	115
قوي	قايداعىنى	113
قوي	دىم	111
قوي	دەيسىڭبە	108
قوي	جايىپ	113
قوي	سانى	79
قوي	سويىپ	71
قوي	باعاتىن	94
قوي	قايداعنى	110
قوي	قايىرىپ	101
قوي	ۇيتپە	105
قوي	باققان	102
قوي	ۇيتبە	115
قوي	توي	108
قوي	مەنەن	113
قوي	جۇنى	115
قوي	قىرقىپ	96
قوي	كۇزەتىپ	96
ال	جا	115
ال	جانىم	59
ال	مەن	18
ال	دەپ	93
ال	جوق	33
ال	جاقسى	30
ال	بولدى	69
ال	بىر	66
ال	سول	69
ال	نە	97
ال	نەعىپ	67
ال	بار	80
ال	سەن	95
ال	ەندى	44
ال	راحىمەت	83
ال	ماقۇل	27
ال	ال	25
ال	وندا	98
ال	كەلىپ	69
ال	يا	86
ال	ەرتەڭ	91
ال	بۇگىن	67
ال	مەندە	71
ال	سودان	86
ال	ماعان	92
ال	بارىپ	71
ال	ەكى	66
ال	مەنى	84
ال	مەنىڭ	75
ال	نەگە	71
ال	ول	89
ال	قايدا	87
ال	سەنى	57
ال	ساعان	76
ال	وسى	95
ال	جارايدى	80
ال	تاماق	85
ال	دەيدى	89
ال	ۇيگە	80
ال	تەلەفون	54
ال	ايت	87
ال	ايتىپ	93
ال	دوسىم	95
ال	امان	70
ال	اق	86
ال	اقشا	94
ال	دەگەن	97
ال	ونى	91
ال	ۇزىڭ	97
ال	تاعى	97
ال	تاڭەرتەڭ	68
ال	بىراز	85
ال	مىنا	87
ال	باسقا	99
ال	سەنىڭ	77
ال	كەشتە	86
ال	بولاما	94
ال	از	87
ال	ازىر	85
ال	انا	98
ال	سوندا	96
ال	وزىڭ	79
ال	تەز	86
ال	دەسە	94
ال	دەسەم	85
ال	كەرەك	98
ال	تۇندە	74
ال	وعان	98
ال	سەندە	99
ال	بىز	75
ال	ايتا	91
ال	دەيمىن	84
ال	اس	88
ال	بۇل	94
ال	قازىر	89
ال	ەي	79
ال	ودان	87
ال	مىناۋ	87
ال	بولماسا	97
ال	دەدى	99
ال	دەدىم	86
ال	جەپ	68
ال	ەڭ	71
ال	دەگەم	80
ال	سويلە	97
ال	ايتشى	96
ال	ەرتەرەك	91
ال	سۇيلە	89
ال	دەسەڭ	90
ال	الدىمەن	98
ال	سوسىن	98
ال	دەگەندە	94
ال	شارشادىڭ	97
ال	سەنشى	94
ال	الماساڭ	94
ال	اسىقپاي	91
ال	شاپ	86
ال	مەنشى	99
ال	ەندەشە	94
ال	قايىرلى	99
ال	كۇن	66
ال	كەيىن	90
ال	بىراق	96
ال	جۇر	82
ال	جولدا	90
ال	جۇمىس	84
ال	شارشاپ	88
ال	دەپتى	82
الى	جوق	98
الى	جاقسى	26
الى	بىر	47
الى	سول	50
الى	بار	54
الى	جاتىر	30
الى	ون	83
الى	كەلىپ	84
الى	ەرتە	83
الى	ادام	77
الى	تۇر	50
الى	ەكى	78
الى	جاتىرمىن	86
الى	قايدا	68
الى	تاماق	75
الى	ۇيگە	88
الى	تەلەفون	61
الى	كۇن	61
الى	وتىر	83
الى	وتىرمىن	65
الى	اق	50
الى	بارما	74
الى	قاربالاس	54
الى	ىشىپ	71
الى	كوپ	67
الى	شاي	53
الى	ىستەپ	76
الى	جۇر	84
الى	ۇيقتاپ	60
الى	ۇش	71
الى	اۋىرىپ	85
الى	بالا	59
الى	جۇرمىن	83
الى	قابار	70
الى	بولعان	61
الى	توي	88
الى	كەتكەن	72
الى	اشىپ	88
الى	جاس	80
الى	ويناپ	77
الى	كەلگەن	79
الى	ستەپ	69
الى	تۇرعان	56
الى	توسىپ	57
الى	وتىرمىز	76
الى	ۇيىقتاپ	84
الى	جاۋاپ	77
الى	رەنجىپ	86
الى	المادىم	82
الى	بەرگەن	79
الى	تالاي	78
الى	تولىق	81
الى	شىپ	52
الى	جاۋىپ	80
الى	بولمادى	76
الى	الدا	63
الى	شىققان	87
الى	كەلمەدى	82
الى	جوقسىڭ	78
الى	وتىرسىڭبا	30
الى	جۇرمىز	70
الى	بارمادىم	83
الى	قايتقان	78
الى	بەرمەدى	85
الى	بەلگىسىز	84
الى	شىقپادى	64
الى	ۇيقتامادىڭبا	76
الى	ۇيقتاماپسىڭ	59
الى	ۇرمادى	72
الى	وتىرسىڭدارما	79
الى	قايتقام	81
الى	كەلمەپتى	73
الى	قايتپادىم	77
الى	كەلمەدىمە	72
الى	قايتپادىڭبا	87
الى	جاسسىڭ	81
الى	تۇرمادىم	87
الى	بولمادىڭبا	85
الى	تۇسپەدىم	80
الى	تۇرمادىڭبا	81
الى	قايتبادىڭبا	88
الى	تۇسپەدىڭبە	86
الى	جۇرسىڭ	84
الى	جەتە	78
الى	قايتبادىم	74
الى	ۇيىقتامادىڭبا	74
الى	قايتپادىق	82
الىپ	جانىم	85
الىپ	مەن	116
الىپ	دەپ	88
الىپ	جوق	90
الىپ	جاقسى	102
الىپ	بولدى	99
الىپ	بىر	94
الىپ	سول	70
الىپ	نە	89
الىپ	بار	94
الىپ	سەن	88
الىپ	ەندى	101
الىپ	بولىپ	68
الىپ	جات	99
الىپ	جاتىر	93
الىپ	جاتىرسىڭ	57
الىپ	قوي	102
الىپ	ال	60
الىپ	الىپ	19
الىپ	كەل	56
الىپ	كەلىپ	42
الىپ	ەرتەڭ	61
الىپ	بۇگىن	91
الىپ	تۇر	77
الىپ	مەندە	70
الىپ	سودان	91
الىپ	ماعان	68
الىپ	بارىپ	103
الىپ	ەكى	112
الىپ	مەنى	102
الىپ	مەنىڭ	86
الىپ	نەگە	112
الىپ	جاتىرمىن	114
الىپ	ول	98
الىپ	قايدا	96
الىپ	سەنى	77
الىپ	ساعان	56
الىپ	وسى	90
الىپ	تاماق	110
الىپ	قال	90
الىپ	ۇي	87
الىپ	ۇيدە	108
الىپ	ۇيگە	111
الىپ	تەلەفون	90
الىپ	ايتىپ	76
الىپ	بىرگە	110
الىپ	وتىر	43
الىپ	وتىرمىن	84
الىپ	كەت	105
الىپ	كەتتى	44
الىپ	قالدى	64
الىپ	اقشا	86
الىپ	ونى	61
الىپ	بىراق	110
الىپ	قاربالاس	107
الىپ	ىش	114
الىپ	ىشىپ	65
الىپ	قويشى	110
الىپ	تاعى	63
الىپ	كەتى	86
الىپ	كەتىپ	102
الىپ	تاڭەرتەڭ	87
الىپ	بىراز	108
الىپ	شاي	93
الىپ	بەر	100
الىپ	بەرىپ	71
الىپ	ەدى	92
الىپ	باسقا	71
الىپ	كەشتە	113
الىپ	ازىر	110
الىپ	ىستەپ	104
الىپ	جۇر	82
الىپ	الماي	107
الىپ	كەلسىن	101
الىپ	قايت	85
الىپ	قايتا	47
الىپ	انا	50
الىپ	ۇيقتا	115
الىپ	ۇيقتاپ	106
الىپ	قايتىپ	96
الىپ	جولداپ	88
الىپ	الدى	89
الىپ	الدىم	75
الىپ	كەتتىم	112
الىپ	اتىپ	110
الىپ	قالدىم	109
الىپ	بەرە	64
الىپ	بەرەيىن	66
الىپ	كەلدى	56
الىپ	كەلدىم	74
الىپ	شىعا	67
الىپ	شىعىپ	51
الىپ	قويدى	102
الىپ	قويدىم	99
الىپ	تۇرىپ	92
الىپ	جاڭا	97
الىپ	سونى	76
الىپ	ەدىم	116
الىپ	جۇرمىن	79
الىپ	الايىن	96
الىپ	بارا	35
الىپ	بارام	87
الىپ	كەلە	72
الىپ	قابارلاس	56
الىپ	سالىپ	99
الىپ	بولعان	88
الىپ	جاتىپ	47
الىپ	تۇرمىن	76
الىپ	تۇسىپ	98
الىپ	قالعان	105
الىپ	جە	112
الىپ	الدىڭ	89
الىپ	الدىڭبا	98
الىپ	بولدىم	106
الىپ	ودان	94
الىپ	سوعان	85
الىپ	اپارىپ	92
الىپ	ماشينا	104
الىپ	كەتتىڭ	96
الىپ	جاڭە	77
الىپ	قالدىڭبا	114
الىپ	كەلەدى	100
الىپ	جاتقان	94
الىپ	كەپ	62
الىپ	قويىپ	111
الىپ	كەتكەن	66
الىپ	بارايىن	91
الىپ	ءىش	95
الىپ	جاتىرمىز	115
الىپ	جۇرە	99
الىپ	جۇرگەن	107
الىپ	العان	71
الىپ	كەتە	93
الىپ	كەتەدى	90
الىپ	باراتىن	91
الىپ	اڭگىمە	80
الىپ	بەرەم	64
الىپ	جۋىپ	100
الىپ	جەپ	87
الىپ	جۇرىپ	68
الىپ	جۇرسىڭ	75
الىپ	بارامىن	83
الىپ	ارەڭ	84
الىپ	ويناپ	106
الىپ	الاتىن	88
الىپ	كەلگەن	114
الىپ	بەرشى	111
الىپ	سويلە	54
الىپ	سويلەپ	101
الىپ	بەرەدى	98
الىپ	ەدىڭ	107
الىپ	تۇرعان	89
الىپ	توسىپ	84
الىپ	ەرتەرەك	110
الىپ	وتىرمىز	101
الىپ	قالادى	82
الىپ	قويا	110
الىپ	قويايىن	105
الىپ	بولدىڭ	115
الىپ	تاستا	105
الىپ	تاستاپ	100
الىپ	دەم	107
الىپ	ۇيىقتاپ	104
الىپ	سۇيلە	110
الىپ	سۇيلەپ	108
الىپ	كىرىپ	82
الىپ	شعىپ	111
الىپ	كەلسە	86
الىپ	بارامىز	75
الىپ	بەرسىن	91
الىپ	وتىرسىڭ	100
الىپ	وتىرىپ	114
الىپ	قالىپ	112
الىپ	الام	74
الىپ	بەرەتىن	105
الىپ	بارعان	94
الىپ	بەرەمىن	113
الىپ	بارادى	113
الىپ	وتىرعان	65
الىپ	الادى	106
الىپ	قايتارىپ	77
الىپ	بەرسە	85
الىپ	بەرسەڭ	97
الىپ	كورەيىن	90
الىپ	كەلەتىن	96
الىپ	الامىن	82
الىپ	كەلدىڭ	100
الىپ	قانا	83
الىپ	دەمالىپ	114
الىپ	بەرگەن	66
الىپ	ساتىپ	106
الىپ	بارسام	108
الىپ	السا	65
الىپ	الساڭ	90
الىپ	كەتىپتى	105
الىپ	بولدىق	92
الىپ	كەلەسىڭ	82
الىپ	بەردى	75
الىپ	بەردىم	75
الىپ	كەتەم	108
الىپ	بەرمەي	92
الىپ	سىڭ	113
الىپ	ۇندەمەي	116
الىپ	بارايىق	67
الىپ	كەلدىك	104
الىپ	السام	95
الىپ	قايتام	90
الىپ	كەلسەڭ	114
الىپ	قابارلاسايىن	78
الىپ	قالسا	77
الىپ	كەتەتىن	78
الىپ	شىق	113
الىپ	كەتسە	80
الىپ	كەلىڭدەر	80
الىپ	جاتىرسىڭبا	91
الىپ	شىقتى	113
الىپ	شىقتىم	115
الىپ	قويساڭ	89
الىپ	جاتتىم	84
الىپ	ارتىنان	105
الىپ	العام	105
الىپ	كەلشى	101
الىپ	قايتاتىن	99
الىپ	كەلەم	107
الىپ	بولدىڭبا	110
الىپ	شىعاتىن	75
الىپ	قويعان	108
الىپ	الاسىڭ	109
الىپ	الدىق	94
الىپ	جۇرمە	83
الىپ	كەتپتى	97
الىپ	بەرەسىڭ	105
الىپ	الامىز	105
الىپ	جۇرەتىن	60
الىپ	كەلەيىن	64
الىپ	قالاتىن	115
الىپ	جاتا	91
الىپ	سوسىن	83
الىپ	قاشىپ	96
الىپ	كەتەيىن	103
الىپ	كەتەسىڭ	103
الىپ	قويىپتى	112
الىپ	الاسىڭبا	110
الىپ	قالام	83
الىپ	كەتىم	110
الىپ	الايىق	97
الىپ	قالار	105
الىپ	تۇرساڭ	112
الىپ	كەلەسىڭبە	96
الىپ	قويعام	100
الىپ	كەلگەم	107
الىپ	جاتسا	115
الىپ	قويام	112
الىپ	كەلەيىك	87
الىپ	قويادى	109
الىپ	كەتسىن	88
الىپ	جاتىرما	109
الىپ	بەرسەم	111
الىپ	كيىپ	111
الىپ	جاتسام	91
الىپ	جۇرەدى	110
الىپ	بارساڭ	76
الىپ	جۇرمىز	109
الىپ	ۇيقتايىن	101
الىپ	بەرەمىز	103
الىپ	قالسام	100
الىپ	بەرىڭىز	99
الىپ	شىعام	106
الىپ	ىستەتىپ	105
الىپ	قايتتىم	105
الىپ	تۇرايىن	86
الىپ	ەدىك	98
الىپ	الىپتى	85
الىپ	قويىڭىز	99
الىپ	جۇرسىڭبە	86
الىپ	كەتسەڭ	78
الىپ	الشى	95
الىپ	الىڭىز	104
الىپ	جاتقام	103
الىپ	كەلدىڭبە	108
الىپ	تاستادى	97
الىپ	تاستادىم	109
الىپ	كەلىپتى	61
الىپ	بارايىنبا	100
الىپ	جۇرمەسىن	92
الىپ	جاتايىن	89
الىپ	قايتامىن	113
الىپ	كەتەمىن	114
الىپ	قايتايىن	77
الىپ	جاتام	111
الىپ	الپتى	97
الىپ	كەتسەم	115
الىپ	تۇرام	94
الىپ	شىعامىن	92
الىپ	قويسام	106
الىپ	كەلپتى	108
الىپ	الدىما	98
الىپ	قايتامىز	62
الىپ	السىن	114
الىپ	قالساڭ	99
الىپ	كەلەمىن	114
الىپ	قايتادان	75
الىپ	كەتكەم	90
الىپ	جەي	108
الىپ	كەتشى	112
الىپ	كەلىڭىز	109
الىپ	شىعايىن	110
الىپ	جاتساڭ	115
الىپ	كەتەمىز	86
الىپ	بەرەيىك	108
الىپ	الساق	107
الىپ	سويلەيىن	103
الىپ	بەرىڭدەر	93
الىپ	كەپتى	107
الىپ	تۇرامىن	90
الىپ	تۇرسام	106
الىپ	الىڭدار	95
الىپ	كەتەيىك	114
الىپ	الىڭىزدار	113
الىپ	كەتپەسىن	89
الىپ	قويدىق	116
الىپ	كەلەمىز	105
الىپ	بەرسەڭىز	115
الىپ	بەرەسىڭبە	97
الىپ	شعام	115
الىپ	كەتەمە	115
الىپ	قايىت	101
الىپ	الساڭىز	103
الىپ	كەتتىمە	112
الىپ	كەلسەم	114
الىپ	تاستاپتى	108
الىپ	ۇشىپ	111
الىپ	بولعانشا	102
الىپ	الماسام	112
الىپ	بەردىڭ	108
الىپ	قايتىم	97
الىپ	تاستاعان	115
الىپ	قايتادى	109
الىپ	بەرگەم	101
الىپ	بەرمەسەڭ	93
الىپ	سۇيلەيىن	116
الىپ	الدىڭىزبا	62
الىپ	ىشەيىن	98
الىپ	بەرەمە	116
الىپ	قالايىن	115
الىپ	المايسىڭبا	106
الىپ	جاتامىن	64
الىپ	تاستاعام	109
الىپ	جاتقانىڭا	108
الىپ	قايتايىق	107
الىپ	ستەتىپ	106
الىپ	شعايىن	112
الىپ	بەرسەك	116
الىپ	كەتىڭىز	101
الىپ	الساڭىزدار	110
الىپ	بەرىپتى	114
الىپ	جىبەردى	109
الىپ	الايىنبا	111
الىپ	كەلسەك	116
الىپ	العانىڭ	110
الىپ	الار	109
الىپ	بەركەن	116
الىپ	الاعوي	91
الىپ	بەدىڭ	107
الىپ	جۇرمەيىن	105
الىپ	بەرمەدىڭ	108
الىپ	بەرەيىنبە	115
الىپ	اپتى	98
الىپ	بەريىن	113
الىپ	كەتىڭدەر	115
الىپ	الساڭدار	111
الىپ	بەرگەلى	111
الىپ	كەتەسىڭبە	107
الىپ	بەرمەسەم	107
الىپ	الڭىز	108
الىپ	ىشىڭدەر	116
الىپ	الڭدار	114
الىپ	جەسىن	109
الىپ	الساڭشى	98
الىپ	الڭىزدار	104
الىپ	ىشىڭىز	109
الىپ	قايتايىنبا	115
الىپ	كەتەيىنبە	95
الىپ	جۇرۋگە	94
الىپ	كەلەيىنبە	113
الىپ	قاشام	109
الىپ	جاتقاندارىڭا	111
الىپ	سالەم	110
الىپ	توي	93
الىپ	ۇيات	99
الىپ	تويعا	98
الىپ	تاۋعا	108
الىپ	شىعادى	67
الىپ	قايتاسىڭ	55
الىپ	جۇرسەڭ	112
الىپ	جۇردىم	88
الىپ	جۇرەم	95
الىپ	قويپتى	90
الىپ	قويايىق	112
الىپ	قوياتىن	75
الىپ	كەتكەلى	77
الىپ	جۇرەمىن	104
الىپ	شىعامىز	90
الىپ	ايتقاندا	106
الىپ	كەتەر	106
الىپ	قۇيدىم	108
الىپ	قايتاسىڭبا	108
الىپ	قويدىڭبا	110
الىپ	قويىڭدار	114
الىپ	شىقشى	114
الىپ	العامىن	109
الىپ	بەردىڭبە	112
الىپ	قويدىمبا	116
الىپ	جاتقانىڭىزعا	101
الىپ	بارىلادى	110
ون	بولدى	115
ون	بىر	63
ون	ادام	34
ون	ەكى	39
ون	كۇن	19
ون	قانشا	16
ون	يۋان	45
ون	ۇش	57
ون	كەلە	27
ون	سوم	16
ون	كۇندە	53
ون	بەس	66
ون	ساعات	32
ون	مىڭ	19
ون	ۇشى	64
ون	جاس	19
ون	نان	68
ون	بىردە	64
ون	نەشە	50
ون	جارىم	57
ون	جىل	70
ون	جەتى	30
ون	التى	32
ون	تال	66
ون	رەت	46
ون	ادامعا	42
ون	يۇان	60
ون	كۇننەن	68
ون	تورت	49
ون	ەكىنشى	70
ون	كۇنگە	66
ون	تۇرت	68
ون	كۇندىك	68
ون	بىرى	54
ون	سەگىز	75
ون	توعىز	47
ون	جارىمدا	72
ون	كيلى	55
ون	تيىن	33
ون	تۇياق	66
ون	مينوت	65
ون	جىلدا	37
ون	جىلدان	77
ون	جيىرما	73
ون	جيرما	76
ون	بەسى	74
ون	تالى	77
ون	مىڭعا	68
ون	سومدىق	44
ون	سومنان	72
ون	تورتى	72
ون	ەكىدە	70
ون	جىلدىڭ	41
ون	مىڭدى	74
ون	مىڭنان	69
ون	ونبەس	78
ون	كۇندەي	60
ون	مىينوت	68
ون	ەكىدەن	69
ون	ەكىگە	57
ون	مينوتتا	62
ون	تىيىن	73
ون	سەگىزگە	72
ون	ەكدە	64
ون	شاقتى	73
ون	مينوتتان	65
ون	ەكىسى	67
ون	بىرىنشى	76
ون	كىلى	61
ون	جەتسى	73
ون	سەگىزى	77
ون	توعىزى	59
ون	التىسى	75
ون	التسى	68
ون	ميىنوت	70
وندا	جانىم	79
وندا	سال	50
وندا	مەن	116
وندا	دەپ	89
وندا	جوق	26
وندا	جاقسى	96
وندا	بولدى	18
وندا	بىر	21
وندا	سول	58
وندا	نە	84
وندا	نەعىپ	57
وندا	بار	53
وندا	سەن	60
وندا	ەندى	46
وندا	راحىمەت	95
وندا	ماقۇل	102
وندا	جات	63
وندا	قوي	106
وندا	ال	97
وندا	الى	112
وندا	الىپ	102
وندا	ون	91
وندا	كەل	105
وندا	كەلىپ	65
وندا	يا	80
وندا	ەرتە	96
وندا	ەرتەڭ	84
وندا	ادام	80
وندا	بۇگىن	38
وندا	مەندە	59
وندا	سودان	42
وندا	ماعان	63
وندا	بارى	59
وندا	بارىپ	114
وندا	ەكى	57
وندا	مەنى	70
وندا	مەنىڭ	62
وندا	قاي	83
وندا	قايىرلى	93
وندا	بولادى	74
وندا	نەگە	77
وندا	ول	52
وندا	قايدا	88
وندا	سەنى	104
وندا	ساعان	75
وندا	وسى	71
وندا	جارايدى	68
وندا	تاماق	75
وندا	قالاي	102
وندا	ۇي	81
وندا	ۇيدە	111
وندا	ۇيگە	100
وندا	تەلەفون	82
وندا	ايت	67
وندا	ايتىپ	116
وندا	بىرگە	106
وندا	وتىر	99
وندا	دوسىم	98
وندا	كىم	88
وندا	امان	107
وندا	كەيىن	100
وندا	تاڭ	99
وندا	اق	67
وندا	اقشا	106
وندا	ەمەس	61
وندا	ونى	68
وندا	بىراق	100
وندا	قانشا	106
وندا	ۇزىڭ	114
وندا	قاشان	98
وندا	قاربالاس	99
وندا	ىشىپ	99
وندا	تاعى	114
وندا	كوپ	90
وندا	تاڭەرتەڭ	106
وندا	بىراز	98
وندا	مىنا	71
وندا	نەدەگەن	70
وندا	قانداي	103
وندا	شاي	89
وندا	بەرى	113
وندا	بەرىپ	107
وندا	باسقا	105
وندا	سەنىڭ	93
وندا	كەشتە	69
وندا	بولاما	93
وندا	راس	63
وندا	از	109
وندا	ازىر	87
وندا	ىستەپ	115
وندا	جۇر	86
وندا	كەشە	87
وندا	قايت	95
وندا	قايتا	101
وندا	انا	114
وندا	ۇيقتا	113
وندا	ۇيقتاپ	72
وندا	قايتىپ	114
وندا	جول	98
وندا	جولدا	66
وندا	كەتتىم	83
وندا	ۇش	109
وندا	جۇمىس	80
وندا	وزىڭ	85
وندا	تەز	72
وندا	اعا	93
وندا	اتىپ	110
وندا	تۇن	115
وندا	تۇندە	105
وندا	شى	115
وندا	شىعا	111
وندا	شىعىپ	111
وندا	وعان	95
وندا	تۇرىپ	109
وندا	سونى	96
وندا	سەندە	102
وندا	بىز	107
وندا	الايىن	113
وندا	بارا	111
وندا	بارام	89
وندا	ۇيات	113
وندا	كەلە	74
وندا	قاتتى	115
وندا	قيىن	112
وندا	دۇرىس	111
وندا	جاتىپ	106
وندا	ايتا	101
وندا	ۋاقىت	109
وندا	ەشتەڭە	112
وندا	مىقتى	86
وندا	ۇلكەن	111
وندا	بۇل	95
وندا	كۇندە	107
وندا	كەرەمەت	116
وندا	قازىر	110
وندا	تۇسىپ	110
وندا	قوسىپ	97
وندا	سوعان	102
وندا	بەس	113
وندا	اپارىپ	95
وندا	كۇپ	111
وندا	ماشينا	51
وندا	قايدان	92
وندا	ساعات	105
وندا	توي	112
وندا	جاي	94
وندا	بىرەۋ	111
وندا	بارايىن	106
وندا	شىن	106
وندا	بولمايدى	78
وندا	جۇرە	96
وندا	تۇستە	106
وندا	تۇستەن	99
وندا	امال	117
وندا	باعانا	97
وندا	كەتە	87
وندا	اڭگىمە	83
وندا	جۋىپ	109
وندا	ەكەمىز	111
وندا	قايسى	107
وندا	جالعىز	117
وندا	سونداي	115
وندا	سۇيت	117
وندا	سۇيتىپ	100
وندا	ءالى	113
وندا	قاتە	111
وندا	بەكەر	100
وندا	ۇزىم	97
وندا	قايتەم	108
وندا	بىزدىڭ	103
وندا	ساۋ	112
وندا	سولاي	70
وندا	تۇرعان	114
وندا	بوپتى	115
وندا	سىز	99
وندا	توسىپ	73
وندا	دارى	108
وندا	ەرتەرەك	98
وندا	بىزدە	108
وندا	وزىم	115
وندا	سىزگە	97
وندا	ناق	72
وندا	دەم	115
وندا	وڭاي	100
وندا	ۇيىقتا	111
وندا	ۇيىقتاپ	98
وندا	مەنەن	111
وندا	ىزدەپ	104
وندا	دەمال	80
وندا	بارعاندا	105
وندا	ەرتىپ	101
وندا	كەلگەندە	116
وندا	اۋدانعا	100
وندا	قولايسىز	87
وندا	دال	109
وندا	تۇرا	108
وندا	سەندەر	102
وندا	ايتايىن	95
وندا	اقىرىن	115
وندا	كەشكە	95
وندا	ءوزىڭ	113
وندا	وتىرىك	109
وندا	قايتەسىڭ	97
وندا	قابارلاسىپ	103
وندا	دەمالىپ	110
وندا	جايلى	79
وندا	جاقىن	113
وندا	شپيىڭ	113
وندا	كۇندىز	100
وندا	ۇيقتادىم	114
وندا	الدىمەن	116
وندا	رەنجىمە	70
وندا	باي	115
وندا	بايقاپ	111
وندا	ۇندەمەي	117
وندا	تىپتى	105
وندا	تىنىش	103
وندا	بۇدان	107
وندا	قولايلى	91
وندا	بارايىق	109
وندا	قىيىن	107
وندا	بىزگە	87
وندا	دەرەۋ	75
وندا	تاياپ	116
وندا	ۇيقتاي	96
وندا	بىلمەدىم	98
وندا	ءازىر	100
وندا	نەمەنە	101
وندا	تەزىرەك	98
وندا	شىق	113
وندا	ارتىنان	61
وندا	ۇيقىڭ	97
وندا	نەكە	109
وندا	قايتەمىز	112
وندا	مەيلى	107
وندا	شىپيىڭ	115
وندا	بارماي	115
وندا	بارمايمىن	109
وندا	جولىڭ	110
وندا	جاتا	116
وندا	وراي	106
وندا	كورىم	117
وندا	اتاقتى	111
وندا	بۇرسىگۇنى	111
وندا	ەكەۋمىز	108
وندا	اپات	106
وندا	بىرازدان	116
وندا	مەنىمەن	111
وندا	كەلەر	101
وندا	تاماعىڭدى	110
وندا	الاڭسىز	95
وندا	قايتتىم	99
وندا	قولىڭ	107
وندا	نەمەنەگە	111
وندا	ۇيىڭە	110
وندا	بارايىنبا	112
وندا	تپتى	112
وندا	ەندىگى	101
وندا	اسىقپاي	107
وندا	كەزىگەيىك	114
وندا	كۇرىم	116
وندا	شاتاق	115
وندا	ۇيىقتاي	116
وندا	دارداي	86
وندا	ۇيىقتادىم	107
وندا	جۋا	90
وندا	دەمالدىم	104
وندا	ۇيقتايىق	112
وندا	جاقسىراق	97
وندا	بارماياق	108
وندا	نەسىن	114
وندا	سۇيىت	113
وندا	سۇيتەيىك	112
وندا	قايتەمىن	115
وندا	دەمالا	99
وندا	جۇمىسىڭدى	108
وندا	سۇيتەيىن	84
وندا	مازاڭدى	93
وندا	مازالامايىن	111
وندا	توسايىن	110
وندا	ۇيىقتايىق	117
وندا	دەمالايىق	108
وندا	جۇمسىڭدى	105
وندا	كەتىپ	98
وندا	جولداپ	106
وندا	قايداسىڭ	81
وندا	ايتەۋ	80
وندا	تاۋىپ	92
وندا	تويعا	93
وندا	ويناپ	108
وندا	ءبىر	70
وندا	بارامىن	114
وندا	ماڭگى	77
وندا	بارىن	105
وندا	الگى	98
وندا	ونىڭ	63
وندا	سۇيلە	104
وندا	تاۋعا	114
وندا	جانە	102
وندا	دايىن	88
وندا	ۇيدەن	100
وندا	كەلشى	115
وندا	ماعاندا	107
وندا	جۇردىم	104
وندا	جون	106
وندا	دۇيسەنبى	112
وندا	وسىنى	104
وندا	قويايىق	116
وندا	قاتىرجام	103
وندا	توسا	112
وندا	اسقپاي	104
وندا	كەلمەياق	108
وندا	الماياق	115
كەل	جانىم	106
كەل	مەن	20
كەل	دەپ	41
كەل	بولدى	88
كەل	بىر	71
كەل	سول	63
كەل	نە	85
كەل	سەن	89
كەل	ەندى	81
كەل	الىپ	22
كەل	وندا	64
كەل	كەل	88
كەل	يا	87
كەل	ەرتەڭ	62
كەل	بۇگىن	67
كەل	مەندە	84
كەل	سودان	86
كەل	ماعان	94
كەل	ەكى	77
كەل	مەنىڭ	91
كەل	سەنى	71
كەل	وسى	86
كەل	تاماق	87
كەل	دەيدى	55
كەل	ۇي	36
كەل	ۇيدە	91
كەل	ۇيگە	90
كەل	بىرگە	80
كەل	دوسىم	47
كەل	دەگەن	52
كەل	تاڭەرتەڭ	57
كەل	بىراز	93
كەل	شاي	93
كەل	بەرى	60
كەل	كەشتە	70
كەل	بولاما	93
كەل	ازىر	65
كەل	تەز	76
كەل	دەسە	80
كەل	دەسەم	66
كەل	شى	64
كەل	بىز	52
كەل	دەيمىن	86
كەل	ەي	89
كەل	بولماسا	91
كەل	اڭگىمە	83
كەل	ەكەمىز	83
كەل	دەدى	86
كەل	دەدىم	63
كەل	دەگەم	88
كەل	توسىپ	56
كەل	دەيىن	85
كەل	دەسەڭ	77
كەل	قارسى	87
كەل	دەگەندە	91
كەل	دەدىڭ	74
كەل	دەپتى	84
كەل	ىشەيىك	86
كەل	كەلمەسەڭ	93
كەل	جاقسى	18
كەل	بارىپ	77
كەل	مەنى	89
كەل	اق	50
كەل	جول	88
كەل	تويعا	70
كەل	ويناپ	93
كەل	دەيسىڭ	48
كەل	جولىڭ	63
كەل	دەيتىن	83
كەلى	سۇت	86
كەلىپ	جانىم	13
كەلىپ	مەن	107
كەلىپ	دەپ	95
كەلىپ	بول	106
كەلىپ	جاقسى	114
كەلىپ	بولدى	105
كەلىپ	بىر	90
كەلىپ	سول	62
كەلىپ	نە	91
كەلىپ	سەن	97
كەلىپ	ەندى	111
كەلىپ	جات	79
كەلىپ	جاتىر	84
كەلىپ	ال	40
كەلىپ	الىپ	55
كەلىپ	ەرتەڭ	28
كەلىپ	بۇگىن	109
كەلىپ	تۇر	87
كەلىپ	سودان	114
كەلىپ	ماعان	100
كەلىپ	ەكى	15
كەلىپ	مەنى	95
كەلىپ	مەنىڭ	77
كەلىپ	بولادى	100
كەلىپ	جاتىرمىن	112
كەلىپ	سەنى	89
كەلىپ	ساعان	71
كەلىپ	وسى	104
كەلىپ	تاماق	106
كەلىپ	ۇي	98
كەلىپ	ۇيدە	99
كەلىپ	ۇيگە	102
كەلىپ	تەلەفون	40
كەلىپ	ايتىپ	93
كەلىپ	بىرگە	110
كەلىپ	وتىر	19
كەلىپ	وتىرمىن	60
كەلىپ	كەت	108
كەلىپ	كەتتى	75
كەلىپ	قالدى	67
كەلىپ	بىراق	108
كەلىپ	قاربالاس	93
كەلىپ	ىش	99
كەلىپ	ىشىپ	105
كەلىپ	تاعى	61
كەلىپ	كەتى	85
كەلىپ	كەتىپ	94
كەلىپ	تاڭەرتەڭ	72
كەلىپ	بىراز	104
كەلىپ	شاي	79
كەلىپ	ەدى	78
كەلىپ	كەشتە	111
كەلىپ	ازىر	106
كەلىپ	ىستەپ	111
كەلىپ	جۇر	65
كەلىپ	قايت	108
كەلىپ	قايتا	47
كەلىپ	انا	82
كەلىپ	ۇيقتا	93
كەلىپ	ۇيقتاپ	100
كەلىپ	قايتىپ	95
كەلىپ	الدى	86
كەلىپ	الدىم	31
كەلىپ	جۇمىس	14
كەلىپ	قالدىم	112
كەلىپ	اۋىرىپ	108
كەلىپ	قويدى	106
كەلىپ	قويدىم	76
كەلىپ	كور	114
كەلىپ	كورىپ	89
كەلىپ	تۇرىپ	87
كەلىپ	جاڭا	89
كەلىپ	سونى	94
كەلىپ	ەدىم	92
كەلىپ	جۇرمىن	113
كەلىپ	الايىن	113
كەلىپ	بولعان	106
كەلىپ	جاتىپ	97
كەلىپ	قاراپ	100
كەلىپ	تۇرمىن	18
كەلىپ	مال	70
كەلىپ	قالعان	75
كەلىپ	جە	108
كەلىپ	الدىڭ	71
كەلىپ	الدىڭبا	73
كەلىپ	بولدىم	103
كەلىپ	ودان	95
كەلىپ	سوعان	88
كەلىپ	جاڭە	65
كەلىپ	جاتقان	112
كەلىپ	قويىپ	103
كەلىپ	ءبىر	77
كەلىپ	كەتكەن	99
كەلىپ	شارشاپ	99
كەلىپ	كۇر	113
كەلىپ	كۇرىپ	96
كەلىپ	جۇرگەن	92
كەلىپ	العان	113
كەلىپ	كەتەدى	96
كەلىپ	اڭگىمە	109
كەلىپ	جەپ	51
كەلىپ	جۇرسىڭ	83
كەلىپ	ارەڭ	94
كەلىپ	ويناپ	88
كەلىپ	ساعىنىپ	89
كەلىپ	الاتىن	97
كەلىپ	نان	96
كەلىپ	ەدىڭ	76
كەلىپ	ستەپ	102
كەلىپ	تۇرعان	85
كەلىپ	توسىپ	93
كەلىپ	باسىم	114
كەلىپ	وتىرمىز	106
كەلىپ	قالادى	107
كەلىپ	جەتكەن	107
كەلىپ	دەم	84
كەلىپ	ۇيىقتاپ	63
كەلىپ	كىر	104
كەلىپ	دەمال	95
كەلىپ	وتىرىپ	110
كەلىپ	قالىپ	107
كەلىپ	قالىپتى	76
كەلىپ	الام	97
كەلىپ	قول	112
كەلىپ	ەرتىپ	109
كەلىپ	وتىرعان	95
كەلىپ	الادى	85
كەلىپ	الامىن	78
كەلىپ	قانا	101
كەلىپ	دەمالىپ	99
كەلىپ	السا	109
كەلىپ	الساڭ	85
كەلىپ	قالپتى	76
كەلىپ	قوناق	108
كەلىپ	قالسا	106
كەلىپ	كەتەتىن	93
كەلىپ	كەتسە	109
كەلىپ	جاتتى	86
كەلىپ	جاتتىم	112
كەلىپ	قالدىق	106
كەلىپ	العام	85
كەلىپ	تۇرادى	86
كەلىپ	قويعان	96
كەلىپ	الاسىڭ	83
كەلىپ	الدىق	71
كەلىپ	قالدىما	104
كەلىپ	جۇرمە	55
كەلىپ	تۇرسا	107
كەلىپ	الامىز	58
كەلىپ	قالاتىن	70
كەلىپ	جاتا	100
كەلىپ	تۇرما	95
كەلىپ	قويىپتى	114
كەلىپ	الاسىڭبا	70
كەلىپ	قالاما	95
كەلىپ	قالار	103
كەلىپ	جاتسا	98
كەلىپ	قويادى	83
كەلىپ	جاتىرما	101
كەلىپ	جۇرسە	114
كەلىپ	مونشاعا	105
كەلىپ	قالماسىن	68
كەلىپ	جاتسام	88
كەلىپ	ەدىك	102
كەلىپ	الىپتى	94
كەلىپ	كەتسەڭ	104
كەلىپ	الشى	65
كەلىپ	الىڭىز	106
كەلىپ	ءارەڭ	91
كەلىپ	جۇرمەسىن	93
كەلىپ	تۇراتىن	109
كەلىپ	تۇرعاندا	101
كەلىپ	الپتى	114
كەلىپ	لاڭمان	77
كەلىپ	قونىپ	107
كەلىپ	تۇرام	55
كەلىپ	الدىما	113
كەلىپ	السىن	114
كەلىپ	قالساڭ	71
كەلىپ	قوياتىن	111
كەلىپ	ويانىپ	89
كەلىپ	كەتشى	61
كەلىپ	جاتساڭ	106
كەلىپ	تۇرامىن	110
كەلىپ	الىڭدار	109
كەلىپ	الدىڭدارما	111
كەلىپ	قويدىق	106
كەلىپ	قايىت	110
كەلىپ	كەتتىمە	99
كەلىپ	الاما	97
كەلىپ	بولعانشا	107
كەلىپ	وتىرما	109
كەلىپ	كومەكتەسىپ	68
كەلىپ	تۇراسىڭ	53
كەلىپ	الدىڭىزبا	111
كەلىپ	ءشاي	111
كەلىپ	تەكسەرىلىپ	106
كەلىپ	قويدىڭبا	105
كەلىپ	تۇرعانى	113
كەلىپ	الىپسىڭ	109
كەلىپ	الدڭبا	74
كەلىپ	كۇمەكتەسىپ	94
كەلىپ	العانىڭ	105
كەلىپ	الپسىڭ	95
كەلىپ	اپتى	99
كەلىپ	العامىن	112
كەلىپ	قويدىما	88
كەلىپ	العامىز	114
كەلىپ	قاتىناسىپ	91
كەلىپ	العانبا	84
كەلىپ	الدىڭىزدارما	106
كەلىپ	تۇرعانىن	109
كەلىپ	الدما	112
كەلىپ	تۇرعاناي	111
كەلىپ	نەگە	97
كەلىپ	توي	37
كەلىپ	باس	54
كەلىپ	ىستە	105
كەلىپ	بارا	71
كەلىپ	تۇسىپ	113
كەلىپ	بولاتىن	112
كەلىپ	باسى	97
كەلىپ	قون	98
كەلىپ	السام	34
كەلىپ	الايىق	104
كەلىپ	جاتر	97
كەلىپ	قىمىز	113
كەلىپ	قۋانىپ	92
كەلىپ	الدىڭدار	99
كەلىپ	العاندا	93
كەلىپ	الدىڭىز	113
كەلىپ	وياتىپ	109
كەلىپ	قالماسا	111
كەلىپ	جاتشى	97
كەلىپ	الدڭدارما	107
كەلىپ	العانبىز	109
يا	جان	116
يا	جانىم	89
يا	سالەم	17
يا	مەن	52
يا	دەپ	98
يا	جوق	47
يا	جاقسى	57
يا	بولدى	24
يا	بىر	58
يا	سول	68
يا	نە	81
يا	نەعىپ	83
يا	بار	28
يا	سەن	94
يا	ەندى	67
يا	راحىمەت	17
يا	ماقۇل	68
يا	ال	44
يا	الى	114
يا	الىپ	110
يا	ون	52
يا	وندا	115
يا	كەل	54
يا	كەلىپ	86
يا	يا	91
يا	ەرتە	104
يا	ەرتەڭ	103
يا	ادام	62
يا	بۇگىن	68
يا	مەندە	93
يا	سودان	91
يا	ماعان	82
يا	بارى	74
يا	بارىپ	95
يا	ەكى	70
يا	مەنى	108
يا	مەنىڭ	96
يا	قاي	89
يا	قايىرلى	46
يا	بولادى	87
يا	ول	39
يا	سەنى	85
يا	ساعان	80
يا	وسى	85
يا	جارايدى	89
يا	تاماق	80
يا	دەي	90
يا	دەيدى	87
يا	ۇي	112
يا	ۇيدە	113
يا	ۇيگە	82
يا	تەلەفون	86
يا	ايتىپ	89
يا	بىرگە	102
يا	كۇن	68
يا	دوسىم	91
يا	كىم	95
يا	امان	89
يا	امانشىلىق	88
يا	اق	106
يا	اقشا	111
يا	دەگەن	113
يا	ونى	87
يا	بىراق	115
يا	جاقسىما	52
يا	ۇزىڭ	95
يا	قاربالاس	110
يا	ىشىپ	115
يا	قويشى	105
يا	تاعى	97
يا	كوپ	89
يا	كەتىپ	88
يا	تاڭەرتەڭ	105
يا	بىراز	101
يا	مىنا	90
يا	شاي	98
يا	امانسىڭبا	108
يا	باسقا	97
يا	سەنىڭ	86
يا	كەش	103
يا	كەشتە	112
يا	راس	94
يا	از	86
يا	ازىر	101
يا	ىستەپ	113
يا	كەشە	90
يا	قايتا	100
يا	انا	114
يا	ۇيقتاپ	113
يا	جول	110
يا	جولداپ	114
يا	ۇش	113
يا	جۇمىس	101
يا	وزىڭ	107
يا	ايتەۋ	104
يا	تەز	96
يا	اعا	106
يا	دەسە	111
يا	دەسەم	110
يا	تۇندە	104
يا	كەلدى	98
يا	كەلدىم	108
يا	شىعىپ	78
يا	جاڭا	113
يا	سونى	104
يا	سەندە	105
يا	بىز	111
يا	ايتقانىڭ	111
يا	تاۋىپ	103
يا	بارا	115
يا	بارام	110
يا	كەلە	97
يا	قاتتى	96
يا	دۇرىس	85
يا	جاتىپ	114
يا	ايتا	112
يا	سونىمەن	96
يا	ۇلكەن	93
يا	اس	106
يا	قازىر	106
يا	جەجە	96
يا	سوعان	108
يا	اپا	72
يا	سۇراپ	102
يا	جاڭە	105
يا	دەشى	113
يا	جاي	69
يا	كەپ	75
يا	اينالايىن	109
يا	بارايىن	114
يا	شارشاپ	98
يا	شىن	70
يا	بولماسا	80
يا	تۇستەن	114
يا	قىزدار	106
يا	باعانا	108
يا	دەدى	71
يا	دەدىم	99
يا	جالعىز	90
يا	تاتتىم	110
يا	بارىن	80
يا	سونداي	114
يا	سۇيت	88
يا	سۇيتىپ	83
يا	بىلاي	112
يا	بارامىن	109
يا	امانسىز	105
يا	ۇزىم	88
يا	ستەپ	112
يا	سولاي	115
يا	وقاسى	96
يا	بوپتى	94
يا	سىز	102
يا	ەرتەرەك	44
يا	بىزدە	85
يا	وزىم	105
يا	سومەن	111
يا	ناق	97
يا	دەم	103
يا	بىلايدە	114
يا	ىراحىمەت	108
يا	بالام	113
يا	بۇيىرسا	98
يا	بارمىن	113
يا	دەسەڭ	101
يا	دال	114
يا	جەتىپ	107
يا	تۇرا	86
يا	باۋىرىم	110
يا	دەيسىڭ	91
يا	جاقسىڭ	112
يا	سالەمىڭ	93
يا	ايتايىن	106
يا	بىلەم	102
يا	راقىمەت	99
يا	مىنە	103
يا	دۇرس	106
يا	كۇنىم	112
يا	بايقاپ	112
يا	ۇيقتاي	98
يا	اپەكە	107
يا	ۇيدەمىن	104
يا	جەڭگە	105
يا	مەنىكى	94
يا	بۇيرسا	110
يا	جاقسىز	110
يا	كوردىم	103
يا	جانم	114
يا	دەدىڭ	112
يا	جاقسسىڭ	115
يا	قۇلىنىم	80
يا	سەنىكى	101
يا	سۇيتە	104
يا	سۇيتەدى	105
يا	بىلدىم	101
يا	بىلەمىن	100
يا	ۇزىڭدە	103
يا	جۇمىستا	108
يا	وعاندا	114
يا	سەنكى	112
يا	تۇسىنەم	90
يا	سۇيىت	115
يا	ۇقتىم	110
يا	سۇيتەيىك	99
يا	سۇيتەم	98
يا	بلايدە	101
يا	سۇيتشى	105
يا	سۇيتەيىن	111
يا	توي	109
يا	قاشان	100
يا	امانسىڭ	86
يا	قايتىپ	80
يا	ۇيقتا	75
يا	تۇرىپ	113
يا	وعان	114
يا	تۇسىپ	105
يا	اپارىپ	113
يا	كۇپ	111
يا	تۇستە	101
يا	بىزدىڭ	114
يا	راحمەت	112
يا	تۋرا	113
ەر	ادام	111
ەر	كۇن	8
ەر	اعا	49
ەر	جىگىت	33
ەر	ايەل	32
ەر	ادامدى	20
ەر	ادامعا	36
ەر	ادامنىڭ	26
ەر	ادامدا	20
ەر	ادامدار	54
ەر	ازامات	23
ەر	ادامسىڭ	31
ەر	ادامنان	46
ەر	ازاماتسىڭ	53
ەرتە	عوي	52
ەرتە	ەكەن	86
ەرتە	بىر	67
ەرتە	بار	74
ەرتە	بولىپ	82
ەرتە	جات	83
ەرتە	قوي	85
ەرتە	الىپ	83
ەرتە	كەل	77
ەرتە	كەلىپ	43
ەرتە	بولسا	35
ەرتە	تۇر	33
ەرتە	بارىپ	58
ەرتە	نەگە	66
ەرتە	تەلەفون	51
ەرتە	ايتىپ	80
ەرتە	ەمەس	65
ەرتە	ىشىپ	67
ەرتە	تاعى	40
ەرتە	كەتىپ	80
ەرتە	قايت	82
ەرتە	ۇيقتا	52
ەرتە	ۇيقتاپ	70
ەرتە	قايتىپ	66
ەرتە	شىعىپ	47
ەرتە	كەزدە	18
ەرتە	تۇرىپ	58
ەرتە	بارام	85
ەرتە	جاتىپ	58
ەرتە	تۇسىپ	87
ەرتە	اپارىپ	57
ەرتە	ەمەسپە	86
ەرتە	كەلەدى	77
ەرتە	ساعات	39
ەرتە	توي	61
ەرتە	كەپ	62
ەرتە	كەتكەن	75
ەرتە	بارايىن	80
ەرتە	كەتەدى	86
ەرتە	باراتىن	69
ەرتە	بارامىن	81
ەرتە	تۇرعان	73
ەرتە	دەم	87
ەرتە	ۇيىقتاپ	68
ەرتە	شعىپ	86
ەرتە	كەلسە	77
ەرتە	بارامىز	55
ەرتە	دەمال	60
ەرتە	بارادى	84
ەرتە	جەتىپ	82
ەرتە	تۇرا	81
ەرتە	دەمالىپ	83
ەرتە	بارسام	71
ەرتە	جۇمىسقا	78
ەرتە	كەتەم	79
ەرتە	بارايىق	88
ەرتە	قايتام	73
ەرتە	كەلسەڭ	75
ەرتە	ايتساڭ	84
ەرتە	كەتەتىن	74
ەرتە	شىق	76
ەرتە	كەلىڭدەر	88
ەرتە	قۇلجاعا	52
ەرتە	تۇرادى	74
ەرتە	جۇمسقا	87
ەرتە	جۇرەتىن	78
ەرتە	تۇردىم	63
ەرتە	تۇرساڭ	84
ەرتە	تۇردىڭ	69
ەرتە	جۇرەدى	78
ەرتە	كەشى	82
ەرتە	ايتپاي	68
ەرتە	تۇراتىن	76
ەرتە	تۇرام	75
ەرتە	تۇسەدى	50
ەرتە	جۇرەمىز	87
ەرتە	ويانىپ	79
ەرتە	تۇسەتىن	73
ەرتە	كەتەمىز	83
ەرتە	تۇرامىن	81
ەرتە	تۇسەم	63
ەرتە	تۇرعام	73
ەرتە	قايىت	49
ەرتە	تۇراسىڭ	84
ەرتە	باستان	83
ەرتە	تۇرپ	83
ەرتە	تۇرامىز	88
ەرتە	كەتۋ	68
ەرتە	تۇرىپسىڭ	75
ەرتە	جارىقتا	67
ەرتە	تۇرعانسىڭ	85
ەرتە	تۇرپسىڭ	79
ەرتە	تۇرعاسىڭ	78
ەرتە	مەن	22
ەرتە	كەلە	70
ەرتە	ايتقان	60
ەرتە	تاۋعا	74
ەرتە	باستاپ	52
ەرتە	كۇندى	67
ەرتە	شىعاتىن	78
ەرتە	بارساڭ	82
ەرتە	كەتەمىن	85
ەرتە	قايتامىز	84
ەرتە	شىعامىز	73
ەرتە	ايتپايسىڭ	47
ەرتە	تۇسسەم	57
ەرتە	ۇيىقتايسىڭ	87
ەرتە	قايتىپسىڭ	81
ەرتەڭ	عوي	81
ەرتەڭ	جانىم	97
ەرتەڭ	مەن	108
ەرتەڭ	دەپ	75
ەرتەڭ	جوق	49
ەرتەڭ	بولسىن	84
ەرتەڭ	جاقسى	73
ەرتەڭ	ەكەن	90
ەرتەڭ	بىر	94
ەرتەڭ	سول	36
ەرتەڭ	نە	78
ەرتەڭ	بار	55
ەرتەڭ	سەن	58
ەرتەڭ	ەندى	73
ەرتەڭ	قوي	97
ەرتەڭ	ال	99
ەرتەڭ	الىپ	97
ەرتەڭ	ون	110
ەرتەڭ	وندا	106
ەرتەڭ	كەل	112
ەرتەڭ	كەلىپ	58
ەرتەڭ	ەرتە	88
ەرتەڭ	ەرتەڭ	49
ەرتەڭ	ادام	68
ەرتەڭ	بولسا	101
ەرتەڭ	بۇگىن	86
ەرتەڭ	مەندە	76
ەرتەڭ	ماعان	47
ەرتەڭ	بارى	108
ەرتەڭ	بارىپ	110
ەرتەڭ	ەكى	76
ەرتەڭ	مەنى	77
ەرتەڭ	مەنىڭ	85
ەرتەڭ	قاي	73
ەرتەڭ	بولادى	96
ەرتەڭ	نەگە	84
ەرتەڭ	ول	110
ەرتەڭ	قايدا	65
ەرتەڭ	سەنى	107
ەرتەڭ	ساعان	98
ەرتەڭ	وسى	92
ەرتەڭ	تاماق	78
ەرتەڭ	دەيدى	101
ەرتەڭ	قالاي	85
ەرتەڭ	ۇي	94
ەرتەڭ	ۇيدە	96
ەرتەڭ	ۇيگە	86
ەرتەڭ	تەلەفون	99
ەرتەڭ	ايت	72
ەرتەڭ	ايتىپ	109
ەرتەڭ	بىرگە	108
ەرتەڭ	كۇن	82
ەرتەڭ	كىم	87
ەرتەڭ	امانشىلىق	104
ەرتەڭ	تاڭ	69
ەرتەڭ	اق	39
ەرتەڭ	اقشا	84
ەرتەڭ	كۇنى	58
ەرتەڭ	ەمەس	101
ەرتەڭ	بارما	104
ەرتەڭ	بىراق	100
ەرتەڭ	قانشا	107
ەرتەڭ	ۇزىڭ	107
ەرتەڭ	قاشان	65
ەرتەڭ	قاربالاس	91
ەرتەڭ	تاعى	101
ەرتەڭ	كەتىپ	107
ەرتەڭ	تاڭەرتەڭ	101
ەرتەڭ	بىراز	84
ەرتەڭ	مىنا	18
ەرتەڭ	قانداي	98
ەرتەڭ	شاي	107
ەرتەڭ	بەرىپ	72
ەرتەڭ	باس	104
ەرتەڭ	باسقا	94
ەرتەڭ	سەنىڭ	109
ەرتەڭ	كەش	99
ەرتەڭ	كەشتە	65
ەرتەڭ	بولاما	108
ەرتەڭ	راس	25
ەرتەڭ	ىستەپ	85
ەرتەڭ	كەلسىن	110
ەرتەڭ	قايت	88
ەرتەڭ	قايتا	89
ەرتەڭ	انا	96
ەرتەڭ	قايتىپ	104
ەرتەڭ	جول	103
ەرتەڭ	جولداپ	76
ەرتەڭ	ۇش	94
ەرتەڭ	جۇمىس	91
ەرتەڭ	وزىڭ	82
ەرتەڭ	اتىپ	113
ەرتەڭ	كەرەك	107
ەرتەڭ	تۇندە	109
ەرتەڭ	بەرە	63
ەرتەڭ	بەرەيىن	110
ەرتەڭ	شىعا	59
ەرتەڭ	شىعىپ	92
ەرتەڭ	كور	102
ەرتەڭ	سونى	92
ەرتەڭ	سەندە	54
ەرتەڭ	بىز	102
ەرتەڭ	تاۋىپ	96
ەرتەڭ	الايىن	111
ەرتەڭ	بارا	63
ەرتەڭ	بارام	83
ەرتەڭ	تۇس	110
ەرتەڭ	كەلە	109
ەرتەڭ	قابارلاس	89
ەرتەڭ	سالىپ	71
ەرتەڭ	ۋاقىت	78
ەرتەڭ	ۇلكەن	76
ەرتەڭ	مال	79
ەرتەڭ	تۇسىپ	92
ەرتەڭ	سوعان	64
ەرتەڭ	بەس	91
ەرتەڭ	اپارىپ	72
ەرتەڭ	ماشينا	62
ەرتەڭ	سۇراپ	107
ەرتەڭ	ايتام	101
ەرتەڭ	كەلەدى	101
ەرتەڭ	ساعات	90
ەرتەڭ	توي	77
ەرتەڭ	جاي	110
ەرتەڭ	كەپ	92
ەرتەڭ	بىرەۋ	98
ەرتەڭ	ءبىر	59
ەرتەڭ	بارايىن	100
ەرتەڭ	تۋىلعان	76
ەرتەڭ	بولماسا	111
ەرتەڭ	تۇستە	107
ەرتەڭ	تۇستەن	43
ەرتەڭ	بولسادا	42
ەرتەڭ	كەتەدى	94
ەرتەڭ	باراتىن	102
ەرتەڭ	بەرەم	103
ەرتەڭ	ەكەمىز	59
ەرتەڭ	ەڭ	78
ەرتەڭ	الگى	109
ەرتەڭ	بارامىن	94
ەرتەڭ	ۇزىم	95
ەرتەڭ	الاتىن	107
ەرتەڭ	نان	109
ەرتەڭ	بىزدىڭ	89
ەرتەڭ	بەرەدى	93
ەرتەڭ	بىردەمە	105
ەرتەڭ	دارى	63
ەرتەڭ	ەرتەرەك	109
ەرتەڭ	بىزدە	103
ەرتەڭ	وزىم	76
ەرتەڭ	ناق	107
ەرتەڭ	دەم	113
ەرتەڭ	باستاپ	108
ەرتەڭ	بۇيىرسا	99
ەرتەڭ	شىعارىپ	86
ەرتەڭ	سۇت	92
ەرتەڭ	ىزدەپ	111
ەرتەڭ	جارىم	89
ەرتەڭ	شعىپ	90
ەرتەڭ	بارمىن	107
ەرتەڭ	بالالار	85
ەرتەڭ	كەلسە	108
ەرتەڭ	بارامىز	105
ەرتەڭ	دەمال	81
ەرتەڭ	الام	102
ەرتەڭ	بەرەتىن	91
ەرتەڭ	قول	113
ەرتەڭ	بارعاندا	85
ەرتەڭ	ەرتىپ	105
ەرتەڭ	اكەپ	100
ەرتەڭ	كەلگەندە	98
ەرتەڭ	بەرەمىن	78
ەرتەڭ	بارادى	98
ەرتەڭ	اۋدانعا	100
ەرتەڭ	جانە	112
ەرتەڭ	تۇرا	102
ەرتەڭ	اپام	105
ەرتەڭ	قايتارىپ	84
ەرتەڭ	ايتايىن	69
ەرتەڭ	كەشكە	82
ەرتەڭ	كورەيىن	110
ەرتەڭ	كەلەتىن	112
ەرتەڭ	الامىن	79
ەرتەڭ	قابارلاسىپ	113
ەرتەڭ	دەمالىپ	91
ەرتەڭ	بارسام	101
ەرتەڭ	بوس	82
ەرتەڭ	كەلەسىڭ	76
ەرتەڭ	كۇندىز	78
ەرتەڭ	جۇمىسقا	108
ەرتەڭ	كەتەم	112
ەرتەڭ	شىعادى	105
ەرتەڭ	قوناق	89
ەرتەڭ	دەمالىس	100
ەرتەڭ	قولايلى	62
ەرتەڭ	بارايىق	62
ەرتەڭ	كەشكى	74
ەرتەڭ	اتام	108
ەرتەڭ	قايتام	104
ەرتەڭ	كەلسەڭ	59
ەرتەڭ	قابارلاسايىن	106
ەرتەڭ	كەتەتىن	112
ەرتەڭ	شىق	88
ەرتەڭ	كەلىڭدەر	78
ەرتەڭ	تاۋعا	107
ەرتەڭ	قۇلجاعا	100
ەرتەڭ	كەلشى	61
ەرتەڭ	قايتاتىن	107
ەرتەڭ	كەلەم	112
ەرتەڭ	قايتەمىز	90
ەرتەڭ	جۇمس	90
ەرتەڭ	جۇمسقا	96
ەرتەڭ	شىعاتىن	107
ەرتەڭ	بۇيرسا	77
ەرتەڭ	ايلىق	111
ەرتەڭ	بارمايمىن	93
ەرتەڭ	كورەم	86
ەرتەڭ	كۇرەيىن	98
ەرتەڭ	جۇرەتىن	104
ەرتەڭ	وراي	82
ەرتەڭ	اكەلىپ	93
ەرتەڭ	كۇندىك	99
ەرتەڭ	بۇرسى	97
ەرتەڭ	بۇرسىگۇنى	111
ەرتەڭ	ۇرىمجىگە	85
ەرتەڭ	كەلەسىڭبە	85
ەرتەڭ	جولعا	107
ەرتەڭ	تويعا	74
ەرتەڭ	باراسىڭبا	109
ەرتەڭ	دوحتىرعا	105
ەرتەڭ	بارپ	110
ەرتەڭ	بارساڭ	77
ەرتەڭ	شعادى	81
ەرتەڭ	سۇرايىن	74
ەرتەڭ	ىستەيتىن	93
ەرتەڭ	جالعاستى	101
ەرتەڭ	ىسكە	109
ەرتەڭ	التايعا	94
ەرتەڭ	جاڭبىر	98
ەرتەڭ	شىعام	92
ەرتەڭ	قولىم	112
ەرتەڭ	وتىرايىق	68
ەرتەڭ	ىشەيىك	72
ەرتەڭ	مەكتەپكە	107
ەرتەڭ	تۇسكە	78
ەرتەڭ	قولىڭ	80
ەرتەڭ	بازارعا	102
ەرتەڭ	كورەيىك	95
ەرتەڭ	بارايىنبا	89
ەرتەڭ	قالاعا	100
ەرتەڭ	ۇاقىت	113
ەرتەڭ	امالداپ	100
ەرتەڭ	قايتامىن	102
ەرتەڭ	كەتەمىن	104
ەرتەڭ	نەشەدە	87
ەرتەڭ	ىستەيمىن	92
ەرتەڭ	كەزىگەيىك	112
ەرتەڭ	شىعامىن	110
ەرتەڭ	قايتامىز	111
ەرتەڭ	جيىن	102
ەرتەڭ	ەسەپ	100
ەرتەڭ	كەلەمىن	100
ەرتەڭ	كەلەمە	103
ەرتەڭ	جوقپىن	112
ەرتەڭ	كەتەمىز	102
ەرتەڭ	جەكسەنبى	111
ەرتەڭ	بارساق	113
ەرتەڭ	ۋاقىتىڭ	93
ەرتەڭ	سويلەيىن	112
ەرتەڭ	شعاتىن	92
ەرتەڭ	بارامبا	36
ەرتەڭ	قىزمەت	102
ەرتەڭ	تۇسەم	103
ەرتەڭ	قايۋاقتا	93
ەرتەڭ	كۇرەيىك	111
ەرتەڭ	بەيتۇنعا	101
ەرتەڭ	كەلەمىز	98
ەرتەڭ	ايتايىق	108
ەرتەڭ	شعام	106
ەرتەڭ	دوعدىرعا	110
ەرتەڭ	دۇيسەنبى	101
ەرتەڭ	ۇرىمجىدەن	99
ەرتەڭ	تەكسەرۋ	108
ەرتەڭ	دەمالس	108
ەرتەڭ	اتايىن	110
ەرتەڭ	ىستەيسىڭ	113
ەرتەڭ	قايتادى	105
ەرتەڭ	قابارلاسام	103
ەرتەڭ	قابارلاسايىق	100
ەرتەڭ	كورەمىز	90
ەرتەڭ	جولدايىن	101
ەرتەڭ	اۇدانعا	92
ەرتەڭ	سۇيلەيىن	92
ەرتەڭ	شىعامىز	110
ەرتەڭ	رۇحسات	97
ەرتەڭ	بارمايتىن	105
ەرتەڭ	بىركۇن	105
ەرتەڭ	ستەيتىن	103
ەرتەڭ	سىناۋ	110
ەرتەڭ	بەلگىلى	109
ەرتەڭ	شىعاسىڭبا	111
ەرتەڭ	تاڭەرتەڭنەن	109
ەرتەڭ	ۋاقتىڭ	101
ەرتەڭ	بارامىزبا	112
ەرتەڭ	ەمتيقان	111
ەرتەڭ	سوتقا	107
ەرتەڭ	جىبار	110
ەرتەڭ	ستەيمىن	110
ەرتەڭ	قايتاسىڭبا	97
ەرتەڭ	شعامىن	101
ەرتەڭ	سوزسىز	111
ەرتەڭ	قايتەتىن	104
ەرتەڭ	قىزمەتكە	110
ەرتەڭ	بىتەدى	102
ەرتەڭ	كەلەسىڭبا	105
ەرتەڭ	دەمالام	109
ەرتەڭ	بۇرسگۇنى	99
ەرتەڭ	كەزگەيىك	110
ەرتەڭ	بۇرسۇگۇنى	105
ەرتەڭ	تۇسكەدەيىن	109
ەرتەڭ	اڭگىمەلەسەيىك	112
ەرتەڭ	دەمالامىن	113
ەرتەڭ	سويلەسەيىك	113
ەرتەڭ	ىستەيسىڭبە	100
ەرتەڭ	تۇستەردە	113
ەرتەڭ	دەرى	101
ەرتەڭ	دەمالاسىڭبا	107
ەرتەڭ	سۇيلەسەيىك	112
ەرتەڭ	يا	68
ەرتەڭ	قارا	103
ەرتەڭ	سۋ	71
ەرتەڭ	قۇدا	105
ەرتەڭ	بىزگە	96
ەرتەڭ	تويدا	76
ەرتەڭ	شوپ	107
ەرتەڭ	سەنبى	91
ەرتەڭ	كەتسەڭ	94
ەرتەڭ	قايتايىن	75
ەرتەڭ	جولدان	111
ەرتەڭ	شىعايىن	103
ەرتەڭ	جايلاۋعا	107
ەرتەڭ	جۇما	96
ەرتەڭ	جاۋىن	96
ەرتەڭ	تەكەسكە	109
ەرتەڭ	كۇنەسكە	105
ەرتەڭ	تاۇعا	89
ەرتەڭ	تۇيعا	108
ەرتەڭ	تۇسەمىن	91
ەرتەڭ	شىعايىق	112
ەرتەڭ	قورعاسقا	99
ەرتەڭ	شعامىز	108
ەرتەڭ	شەكىلدەۋىك	107
ەرتەڭ	تۇستەنكەيىن	112
ەرتەڭ	سۇزسىز	113
ەرتەڭ	شعاسڭبا	96
ەرتەڭ	كۇندىككە	94
قابىل	جانىم	88
قابىل	سالەم	20
قابىل	مەن	82
قابىل	جوق	76
قابىل	بولسىن	22
قابىل	جاقسى	94
قابىل	نە	14
قابىل	نەعىپ	94
قابىل	بولىپ	79
قابىل	راحىمەت	86
قابىل	ماقۇل	89
قابىل	ال	54
قابىل	يا	64
قابىل	قابىل	58
قابىل	سودان	97
قابىل	قايىرلى	93
قابىل	جارايدى	90
قابىل	قال	43
قابىل	ۇيدە	87
قابىل	بىرگە	80
قابىل	دوسىم	82
قابىل	كىم	98
قابىل	امان	42
قابىل	امانشىلىق	71
قابىل	جاقسىما	22
قابىل	ۇزىڭ	87
قابىل	امانسىڭبا	94
قابىل	كەش	47
قابىل	الدىم	22
قابىل	اعا	72
قابىل	ايتقانىڭ	88
قابىل	سونىمەن	83
قابىل	جەجە	94
قابىل	اينالايىن	72
قابىل	قىزدار	81
قابىل	تاتتى	99
قابىل	امانسىزبا	61
قابىل	قالىڭ	86
قابىل	قايرلى	99
قابىل	بارمىن	81
قابىل	باۋىرىم	85
قابىل	جاقسىڭ	90
قابىل	دوستار	98
قابىل	قۇدا	78
قابىل	قوش	51
قابىل	امانشىلىقپا	95
قابىل	بولسن	74
قابىل	جاندارىم	93
قابىل	جاقسىڭبا	41
قابىل	اسابا	87
قابىل	الىڭىز	97
قابىل	حوش	90
قابىل	قاي	78
قابىل	قالاي	74
قابىل	قالايسىڭ	82
قابىل	الدىق	19
ادام	عوي	107
ادام	مەن	49
ادام	دەپ	18
ادام	جوق	70
ادام	بول	78
ادام	بولسىن	88
ادام	جاقسى	51
ادام	بولدى	107
ادام	ەكەن	68
ادام	بىر	40
ادام	سول	63
ادام	نە	17
ادام	نەعىپ	85
ادام	بار	101
ادام	سەن	108
ادام	ەندى	86
ادام	بولىپ	95
ادام	قوي	57
ادام	ال	94
ادام	الى	111
ادام	الىپ	102
ادام	كەلىپ	57
ادام	ەرتە	81
ادام	ەرتەڭ	106
ادام	ادام	67
ادام	بولسا	98
ادام	بۇگىن	23
ادام	ماعان	97
ادام	بارى	103
ادام	بارىپ	105
ادام	ەكى	97
ادام	مەنى	92
ادام	مەنىڭ	99
ادام	بولادى	114
ادام	نەگە	109
ادام	ول	82
ادام	قايدا	88
ادام	سەنى	95
ادام	ساعان	90
ادام	وسى	107
ادام	تاماق	100
ادام	دەيدى	104
ادام	قالاي	104
ادام	تەلەفون	93
ادام	بىرگە	114
ادام	وتىر	113
ادام	كىم	84
ادام	امان	37
ادام	كەتتى	94
ادام	كەيىن	80
ادام	قالدى	104
ادام	اقشا	107
ادام	دەگەن	113
ادام	كۇنى	103
ادام	ەمەس	38
ادام	بارما	61
ادام	بىراق	102
ادام	قانشا	91
ادام	ۇز	82
ادام	ۇزى	109
ادام	قاربالاس	110
ادام	تاعى	103
ادام	كوپ	112
ادام	كەتىپ	91
ادام	تاڭەرتەڭ	103
ادام	مىن	106
ادام	نەدەگەن	111
ادام	قانداي	93
ادام	ەدى	97
ادام	سەنىڭ	95
ادام	بولاما	113
ادام	از	111
ادام	ازىر	59
ادام	ىستەپ	96
ادام	الماي	94
ادام	قايتا	102
ادام	يۋان	109
ادام	قايتىپ	114
ادام	الدى	113
ادام	ۇش	93
ادام	وز	114
ادام	وزى	110
ادام	تەز	92
ادام	بوپ	101
ادام	كەرەك	84
ادام	كەلدى	94
ادام	شىعىپ	86
ادام	كورىپ	52
ادام	بىز	111
ادام	ەدىم	113
ادام	تاۋىپ	108
ادام	كەلە	114
ادام	سالىپ	107
ادام	عانا	67
ادام	قيىن	89
ادام	بولعان	70
ادام	ەكەنسىڭ	44
ادام	قاراپ	106
ادام	بۇل	76
ادام	قازىر	69
ادام	قوس	106
ادام	قوسىپ	109
ادام	بولدىم	66
ادام	اپارىپ	104
ادام	كۇپ	87
ادام	ماشينا	103
ادام	ەمەسپە	110
ادام	جامان	102
ادام	قايدان	108
ادام	كەلەدى	82
ادام	ساعات	112
ادام	دەشى	91
ادام	كەپ	92
ادام	ءبىر	102
ادام	ۇشىن	52
ادام	بولماي	79
ادام	بولمايدى	89
ادام	بولماسا	94
ادام	بولسادا	110
ادام	سياقتى	87
ادام	بولاتىن	66
ادام	بارىن	103
ادام	سونداي	109
ادام	سۇيتىپ	113
ادام	ماڭگى	81
ادام	ەڭ	113
ادام	الاتىن	43
ادام	بولساڭ	96
ادام	قالىڭ	93
ادام	ەدىڭ	103
ادام	قۇساپ	78
ادام	سولاي	90
ادام	توسىپ	98
ادام	دار	92
ادام	بولدىڭ	110
ادام	باسىپ	95
ادام	وڭاي	51
ادام	بىلەدى	105
ادام	وتە	93
ادام	ارتىق	93
ادام	ىزدەپ	94
ادام	شعىپ	105
ادام	كەلسە	111
ادام	بارامىز	68
ادام	الام	102
ادام	ەرتىپ	102
ادام	اكەپ	110
ادام	بارادى	100
ادام	ەرەكشە	68
ادام	دال	109
ادام	الادى	111
ادام	كولىك	100
ادام	الامىن	67
ادام	ءوزى	112
ادام	قانا	95
ادام	السا	109
ادام	ۇتە	89
ادام	بولدىق	102
ادام	شاقىرىپ	103
ادام	المايدى	84
ادام	سىڭ	93
ادام	كەيدە	113
ادام	تولىق	106
ادام	قاجەت	68
ادام	بالاسى	105
ادام	دەرەۋ	104
ادام	بولسام	103
ادام	شىقتى	71
ادام	جوقپا	111
ادام	بولعاندا	83
ادام	ورنى	113
ادام	ەكەنىن	99
ادام	الامىز	80
ادام	تاپ	100
ادام	دەكەن	70
ادام	شىقپاي	93
ادام	جەتەدى	70
ادام	كەم	113
ادام	كۇلىك	91
ادام	ەمەسپىن	86
ادام	بولايىن	111
ادام	تۇسىرىپ	89
ادام	تابا	109
ادام	قالماي	103
ادام	تاۇىپ	90
ادام	شىقسا	75
ادام	ىستەتىپ	113
ادام	بولۋ	109
ادام	قوسا	108
ادام	سىياقتى	101
ادام	قالمادى	87
ادام	ەكەسىڭ	101
ادام	ماشينە	86
ادام	قاتىناس	99
ادام	بولعانسوڭ	113
ادام	باسىنا	105
ادام	شىعاما	106
ادام	بارمىز	109
ادام	جيىپ	107
ادام	جوققوي	113
ادام	بارمەكەن	86
ادام	سەكىلدى	104
ادام	زدەپ	111
ادام	جوقبا	104
ادام	سانى	109
ادام	شىقباي	83
ادام	الاما	105
ادام	تاسىپ	96
ادام	جوقتا	108
ادام	تاپتىم	113
ادام	تابالماي	74
ادام	ەكەنسىز	106
ادام	شقسا	89
ادام	توشىپ	97
ادام	تولىپ	113
ادام	سوزىن	63
ادام	شىقتىما	111
ادام	ەمەسسىڭ	98
ادام	قۇرلى	93
ادام	ۇقسامايدى	101
ادام	تابىلماي	86
ادام	تاپشى	101
ادام	تاپپاي	114
ادام	تاپتىڭبا	106
ادام	سۇزىن	108
ادام	ەكەنىڭدى	110
ادام	قاتناس	107
ادام	بالاسىنا	89
ادام	كوبەيىپ	103
ادام	ازايىپ	110
ادام	تاپساڭ	106
ادام	ىزدەيمىن	89
ادام	ەمەسبىن	105
ادام	سانىن	101
ادام	ەكەنىمدى	108
ادام	تابىلدى	91
ادام	تولماي	98
ادام	توشپاي	101
ادام	المايما	114
ادام	ەمەسىڭ	92
ادام	بولمايسىڭ	106
ادام	كۇبەيىپ	103
ادام	بەرڭدەر	114
ادام	قوساپ	106
ادام	ەمەسپىز	111
ادام	كەرشىلىك	108
ادام	كوپپە	110
ادام	بالاسنا	75
ادام	عۇرلى	88
ادام	الامەكەن	113
ادام	كوپپا	112
ادام	كۇپپە	97
ادام	كەرشىلىگى	114
ادام	كەرشلىك	100
ادام	كەرشىلىگىڭ	113
ادام	بولا	105
ادام	بولام	30
ادام	باسقا	110
ادام	ۇيات	111
ادام	باراتىن	97
ادام	كەلگەن	92
ادام	كەلمەي	103
ادام	كەلەتىن	105
ادام	قولايلى	87
ادام	شىعادى	114
ادام	تۇرسا	95
ادام	مايلاپ	98
ادام	بارەكەن	103
ادام	شقپاي	113
ادام	جەمەيمىن	103
ادام	ازبا	109
ادام	بولۋدان	99
ادام	پەندەسى	111
بولسا	عوي	113
بولسا	جانىم	75
بولسا	مەن	91
بولسا	دەپ	85
بولسا	جوق	50
بولسا	بولسىن	61
بولسا	جاقسى	62
بولسا	بولدى	40
بولسا	ەكەن	18
بولسا	بىر	57
بولسا	سول	50
بولسا	نە	81
بولسا	نەعىپ	71
بولسا	بار	91
بولسا	سەن	106
بولسا	ەندى	74
بولسا	راحىمەت	86
بولسا	قوي	69
بولسا	ال	111
بولسا	الى	104
بولسا	الىپ	102
بولسا	ون	100
بولسا	وندا	94
بولسا	كەل	100
بولسا	كەلىپ	89
بولسا	يا	59
بولسا	ەرتە	97
بولسا	ەرتەڭ	95
بولسا	ادام	81
بولسا	بۇگىن	60
بولسا	مەندە	50
بولسا	سودان	83
بولسا	ماعان	67
بولسا	بارى	86
بولسا	بارىپ	63
بولسا	ەكى	68
بولسا	مەنى	107
بولسا	مەنىڭ	68
بولسا	بولا	81
بولسا	بولادى	98
بولسا	نەگە	82
بولسا	ول	49
بولسا	قايدا	67
بولسا	سەنى	97
بولسا	ساعان	78
بولسا	وسى	89
بولسا	تاماق	73
بولسا	دەيدى	101
بولسا	قالاي	71
بولسا	ۇي	106
بولسا	ۇيدە	109
بولسا	ۇيگە	112
بولسا	تەلەفون	92
بولسا	ايت	88
بولسا	ايتىپ	70
بولسا	بىرگە	89
بولسا	كىم	69
بولسا	كەيىن	95
بولسا	اقشا	64
بولسا	دەگەن	102
بولسا	ونى	100
بولسا	بىراق	105
بولسا	قانشا	100
بولسا	ۇزى	100
بولسا	ۇزىڭ	110
بولسا	ىشىپ	102
بولسا	تاعى	107
بولسا	كوپ	89
بولسا	كەتىپ	102
بولسا	تاڭەرتەڭ	90
بولسا	بىراز	72
بولسا	مىنا	85
بولسا	قانداي	78
بولسا	بەر	104
بولسا	بەرىپ	95
بولسا	باس	108
بولسا	باسقا	109
بولسا	سەنىڭ	77
بولسا	كەشتە	91
بولسا	بولاما	104
بولسا	از	88
بولسا	ازىر	104
بولسا	ىستەپ	27
بولسا	قايتا	104
بولسا	انا	55
بولسا	يۋان	99
بولسا	قايتىپ	104
بولسا	جولدا	77
بولسا	جولداپ	96
بولسا	ۇش	110
بولسا	سوندا	101
بولسا	وزى	99
بولسا	وزىڭ	110
بولسا	تەز	106
بولسا	ات	104
بولسا	اتىپ	105
بولسا	كەرەك	76
بولسا	بەرە	93
بولسا	شىعىپ	110
بولسا	سونى	104
بولسا	سەندە	91
بولسا	بىز	89
بولسا	تاۋىپ	77
بولسا	الايىن	101
بولسا	بارا	67
بولسا	بارام	91
بولسا	ۇيات	62
بولسا	كەلە	93
بولسا	قابار	76
بولسا	قابارلاس	100
بولسا	قابارلاسىڭىز	69
بولسا	قابارلاسىڭىزد	85
بولسا	قابارلاسىڭىزدا	102
بولسا	قابارلاسىڭىزدار	89
بولسا	سالىپ	94
بولسا	عانا	12
بولسا	قيىن	109
بولسا	ايتا	90
بولسا	دەيمىن	88
بولسا	ەشتەڭە	104
بولسا	ۇلكەن	60
بولسا	سوم	112
بولسا	بۇل	89
بولسا	كۇندە	101
بولسا	مال	104
بولسا	قازىر	84
بولسا	قوسىپ	113
بولسا	ودا	64
بولسا	ودان	112
بولسا	سوعان	112
بولسا	بەس	102
بولسا	اپارىپ	113
بولسا	سۇراپ	89
بولسا	جامان	83
بولسا	قايدان	109
بولسا	ايتام	109
بولسا	مىڭ	83
بولسا	توي	61
بولسا	بىرەۋ	101
بولسا	ءبىر	85
بولسا	بارايىن	100
بولسا	بولمايدى	92
بولسا	جۇرە	97
بولسا	تۇستەن	90
بولسا	امال	86
بولسا	كەتە	104
بولسا	باراتىن	101
بولسا	اڭگىمە	84
بولسا	بەرەم	101
بولسا	بولات	110
بولسا	بولاتىن	111
بولسا	بارىن	72
بولسا	سونداي	97
بولسا	سۇيتىپ	100
بولسا	ەڭ	105
بولسا	بارامىن	103
بولسا	بەكەر	107
بولسا	جۇز	94
بولسا	ۇزىم	89
بولسا	دەگەم	94
بولسا	جولداشى	101
بولسا	قايتەم	98
بولسا	بەرشى	87
بولسا	سويلە	101
بولسا	سويلەپ	109
بولسا	بىزدىڭ	98
بولسا	ايتشى	94
بولسا	ايىت	64
بولسا	سولاي	103
بولسا	بىردەمە	92
بولسا	بوپتى	93
بولسا	ەرتەرەك	91
بولسا	بىزدە	90
بولسا	وزىم	87
بولسا	مەنەن	110
بولسا	سۇيلە	111
بولسا	شىعارىپ	91
بولسا	سۇيلەپ	78
بولسا	ىزدەپ	105
بولسا	جازىپ	106
بولسا	شىركىن	79
بولسا	بارامىز	109
بولسا	منا	105
بولسا	اشىق	109
بولسا	الام	93
بولسا	بەرەتىن	109
بولسا	ەرتىپ	101
بولسا	اكەپ	95
بولسا	سەنەن	109
بولسا	قاراي	104
بولسا	بەرەمىن	112
بولسا	دال	98
بولسا	جانە	112
بولسا	بولمايما	96
بولسا	ايتايىن	112
بولسا	اتا	97
بولسا	ۇستىپ	92
بولسا	الامىن	107
بولسا	قايتەسىڭ	106
بولسا	قابارلاسىپ	92
بولسا	ساتىپ	111
بولسا	شپيىڭ	83
بولسا	بولار	112
بولسا	اتشى	104
بولسا	الدىمەن	113
بولسا	رەنجىمە	108
بولسا	تىپتى	107
بولسا	بارايىق	104
بولسا	قىيىن	112
بولسا	بىزگە	70
بولسا	يۇان	107
بولسا	دەرەۋ	111
بولسا	ايتساڭ	112
بولسا	سەننەن	94
بولسا	ايتىڭىز	108
بولسا	ايتامىن	108
بولسا	دەگەنىم	82
بولسا	مەيلى	82
بولسا	سونىڭ	109
بولسا	جىگىتتەر	98
بولسا	شىپيىڭ	107
بولسا	بارمايمىن	109
بولسا	ماعاندا	103
بولسا	كەزىگىپ	109
بولسا	بۇرسىگۇنى	112
بولسا	جولداي	103
بولسا	جەتەدى	106
بولسا	مەنىمەن	111
بولسا	ىستەي	78
بولسا	قايتەدى	108
بولسا	كەشىر	109
بولسا	بۇيتىپ	96
بولسا	ەلۋ	91
بولسا	سونشا	106
بولسا	بەرىڭىزدەر	84
بولسا	قوسا	106
بولسا	تپتى	112
بولسا	كەزىگەيىك	107
بولسا	ءبارى	108
بولسا	رەنجىمەي	113
بولسا	جەكەلىككە	110
بولسا	قايتەر	104
بولسا	بولۋشى	112
بولسا	باساتىن	99
بولسا	بولمايتىن	80
بولسا	كومەك	107
بولسا	بولعانى	90
بولسا	باياعىدا	101
بولسا	قابارىن	85
بولسا	تەزدەن	92
بولسا	بەرەر	95
بولسا	باياعدا	73
بولسا	قابارلاسڭىزدار	63
بولسا	حابارلاسىڭىزدار	96
بولسا	قابارلاسىڭدار	112
بولسا	تانىستىرىپ	84
بولسا	نەمدى	107
بولسا	ايامايمىن	75
بولسا	ايتىڭىزدار	112
بولسا	جولداڭىزدار	105
بولسا	قابارلاسڭدار	96
بولسا	قابارلاسڭزدار	106
بولسا	قاراستىرا	100
بولسا	قابارلاسىڭزدار	108
بولسا	جۇر	93
بولسا	كوڭىل	98
بولسا	تۇندە	86
بولسا	دۇرىس	102
بولسا	ماڭگى	78
بولسا	ءالى	106
بولسا	اقىرىن	102
بولسا	ەشتەمە	99
بولسا	تالاي	102
بولسا	قابارلاسايىن	109
بولسا	تاياپ	106
بولسا	سويلەي	82
بولسا	كەلەر	110
بولسا	جالعاستى	95
بولسا	مەنمەن	94
بولسا	بارماياق	110
بولسا	جولداڭىزشى	105
بولسا	بارىدە	110
بولسا	بارار	104
بولسا	ايتىڭدار	112
بولسا	ايتڭدار	112
بۇگىن	عوي	106
بۇگىن	جانىم	99
بۇگىن	سال	92
بۇگىن	مەن	110
بۇگىن	دەپ	64
بۇگىن	جوق	57
بۇگىن	بولسىن	67
بۇگىن	جاقسى	90
بۇگىن	بولدى	67
بۇگىن	ەكەن	102
بۇگىن	بىر	88
بۇگىن	سول	22
بۇگىن	نە	80
بۇگىن	نەعىپ	49
بۇگىن	بار	108
بۇگىن	سەن	72
بۇگىن	ەندى	70
بۇگىن	قوي	99
بۇگىن	الىپ	96
بۇگىن	ون	103
بۇگىن	وندا	98
بۇگىن	كەل	80
بۇگىن	كەلىپ	80
بۇگىن	ەرتە	69
بۇگىن	ەرتەڭ	61
بۇگىن	ادام	64
بۇگىن	بولسا	55
بۇگىن	مەندە	74
بۇگىن	ماعان	59
بۇگىن	بارى	95
بۇگىن	بارىپ	96
بۇگىن	ەكى	82
بۇگىن	مەنى	66
بۇگىن	مەنىڭ	81
بۇگىن	قاي	69
بۇگىن	نەگە	67
بۇگىن	ول	74
بۇگىن	قايدا	94
بۇگىن	سەنى	72
بۇگىن	ساعان	89
بۇگىن	وسى	89
بۇگىن	تاماق	81
بۇگىن	قالاي	70
بۇگىن	ۇي	95
بۇگىن	ۇيدە	86
بۇگىن	ۇيگە	58
بۇگىن	تەلەفون	81
بۇگىن	ايتىپ	62
بۇگىن	بىرگە	92
بۇگىن	كۇن	85
بۇگىن	كىم	85
بۇگىن	كەتتى	98
بۇگىن	تاڭ	89
بۇگىن	اق	38
بۇگىن	اقشا	104
بۇگىن	ەمەس	106
بۇگىن	بارما	71
بۇگىن	بىراق	86
بۇگىن	قانشا	108
بۇگىن	ۇزى	99
بۇگىن	قاربالاس	90
بۇگىن	ىشىپ	83
بۇگىن	تاعى	88
بۇگىن	كوپ	60
بۇگىن	كەتىپ	83
بۇگىن	تاڭەرتەڭ	105
بۇگىن	بىراز	92
بۇگىن	مىنا	64
بۇگىن	نەدەگەن	54
بۇگىن	قانداي	87
بۇگىن	شاي	106
بۇگىن	بەرىپ	105
بۇگىن	باس	83
بۇگىن	باسقا	93
بۇگىن	سەنىڭ	86
بۇگىن	كەش	101
بۇگىن	كەشتە	72
بۇگىن	بولاما	86
بۇگىن	راس	31
بۇگىن	از	110
بۇگىن	ىستەپ	77
بۇگىن	كەشە	96
بۇگىن	قايتا	76
بۇگىن	انا	98
بۇگىن	ۇيقتاپ	85
بۇگىن	قايتىپ	102
بۇگىن	ۇش	91
بۇگىن	جۇمىس	92
بۇگىن	وزى	95
بۇگىن	ايتەۋ	84
بۇگىن	اتىپ	101
بۇگىن	كەرەك	94
بۇگىن	كوڭىل	110
بۇگىن	اۋىرىپ	74
بۇگىن	تۇن	94
بۇگىن	تۇندە	93
بۇگىن	كەلدى	68
بۇگىن	كەلدىم	84
بۇگىن	شىعا	85
بۇگىن	شىعىپ	65
بۇگىن	قايداسىڭ	74
بۇگىن	كورىپ	93
بۇگىن	جاڭا	93
بۇگىن	سونى	82
بۇگىن	سەندە	86
بۇگىن	بىز	84
بۇگىن	تاۋىپ	111
بۇگىن	بارا	95
بۇگىن	بارام	73
بۇگىن	تۇس	103
بۇگىن	كەلە	110
بۇگىن	قاتتى	109
بۇگىن	سالىپ	91
بۇگىن	عانا	59
بۇگىن	قيىن	79
بۇگىن	ۋاقىت	110
بۇگىن	ەشتەڭە	89
بۇگىن	ۇلكەن	101
بۇگىن	مال	108
بۇگىن	تۇسىپ	73
بۇگىن	سوعان	80
بۇگىن	بەس	96
بۇگىن	اپارىپ	91
بۇگىن	كۇپ	61
بۇگىن	ماشينا	107
بۇگىن	كەلەدى	97
بۇگىن	ساعات	109
بۇگىن	توي	54
بۇگىن	جاي	111
بۇگىن	كەپ	77
بۇگىن	بىرەۋ	97
بۇگىن	ءبىر	79
بۇگىن	بارايىن	101
بۇگىن	تۋىلعان	103
بۇگىن	شارشاپ	95
بۇگىن	بولماي	107
بۇگىن	بولمايدى	99
بۇگىن	كۇرىپ	91
بۇگىن	بولماسا	105
بۇگىن	تۇستە	110
بۇگىن	تۇستەن	68
بۇگىن	امال	92
بۇگىن	كەتەدى	54
بۇگىن	باراتىن	105
بۇگىن	بەرەم	100
بۇگىن	جالعىز	74
بۇگىن	بارىن	77
بۇگىن	سونداي	107
بۇگىن	ەڭ	95
بۇگىن	الگى	74
بۇگىن	بارامىن	101
بۇگىن	بەكەر	93
بۇگىن	ارەڭ	105
بۇگىن	ويناپ	93
بۇگىن	كىسى	89
بۇگىن	كەلگەن	109
بۇگىن	نان	98
بۇگىن	كەلمەي	82
بۇگىن	بىزدىڭ	93
بۇگىن	ستەپ	99
بۇگىن	بىردەمە	88
بۇگىن	ەرتەرەك	110
بۇگىن	باسىم	107
بۇگىن	بىزدە	103
بۇگىن	ناق	102
بۇگىن	دەم	102
بۇگىن	وتە	72
بۇگىن	باستاپ	106
بۇگىن	كەلمەيدى	102
بۇگىن	اراق	107
بۇگىن	سۇت	76
بۇگىن	كىر	100
بۇگىن	جارىم	100
بۇگىن	اياق	98
بۇگىن	شعىپ	86
بۇگىن	بالالار	109
بۇگىن	بارامىز	107
بۇگىن	دەمال	69
بۇگىن	زات	104
بۇگىن	بەرەتىن	80
بۇگىن	قول	105
بۇگىن	بارعان	79
بۇگىن	ايدىڭ	104
بۇگىن	ەرەكشە	83
بۇگىن	اۋدانعا	91
بۇگىن	قولايسىز	96
بۇگىن	جانە	110
بۇگىن	تۇرا	108
بۇگىن	كۇڭىل	93
بۇگىن	كەشكە	83
بۇگىن	ماس	104
بۇگىن	كەلەتىن	82
بۇگىن	جاعداي	99
بۇگىن	قانا	109
بۇگىن	مىنە	108
بۇگىن	ۇيقى	80
بۇگىن	ۇيقىم	96
بۇگىن	دەمالىپ	93
بۇگىن	بارسام	88
بۇگىن	بوس	79
بۇگىن	تازا	88
بۇگىن	ۇتە	111
بۇگىن	كۇندىز	108
بۇگىن	جۇمىسقا	99
بۇگىن	شىعادى	109
بۇگىن	قوناق	96
بۇگىن	قاجەت	105
بۇگىن	تىپتى	89
بۇگىن	دەمالىس	110
بۇگىن	بارايىق	90
بۇگىن	كەلدىك	102
بۇگىن	كەشكى	106
بۇگىن	قايتام	93
بۇگىن	كەلسەڭ	80
بۇگىن	تاۋعا	110
بۇگىن	شىقتىم	98
بۇگىن	ۇيدەمىن	111
بۇگىن	قۇلجاعا	104
بۇگىن	كەلشى	102
بۇگىن	قايتاتىن	96
بۇگىن	كەلەم	109
بۇگىن	جۇمسقا	102
بۇگىن	شىعاتىن	109
بۇگىن	ايلىق	101
بۇگىن	بارمايمىن	109
بۇگىن	ەكىنشى	82
بۇگىن	قيمىل	105
بۇگىن	ساۋدا	100
بۇگىن	وراي	110
بۇگىن	كورىم	103
بۇگىن	ۇرىمجىگە	106
بۇگىن	كەلەسىڭبە	98
بۇگىن	جولعا	107
بۇگىن	باراسىڭبا	84
بۇگىن	دوحتىرعا	111
بۇگىن	باردىڭبا	59
بۇگىن	ىسكە	108
بۇگىن	التايعا	108
بۇگىن	جاڭبىر	102
بۇگىن	قولىم	103
بۇگىن	مەكتەپكە	94
بۇگىن	تۇسكە	87
بۇگىن	شارشادىڭ	104
بۇگىن	قولىڭ	97
بۇگىن	دۇكەندە	111
بۇگىن	بازارعا	109
بۇگىن	تۇنىمەن	103
بۇگىن	بارايىنبا	101
بۇگىن	قالاعا	103
بۇگىن	ءارەڭ	110
بۇگىن	امالداپ	107
بۇگىن	قايتامىن	104
بۇگىن	اۋداندا	94
بۇگىن	كەزىگەيىك	106
بۇگىن	قونىپ	93
بۇگىن	جيىن	104
بۇگىن	كەلەمە	105
بۇگىن	كەلمەيسىڭبە	105
بۇگىن	دارداي	107
بۇگىن	سىزدەرگە	109
بۇگىن	جەكسەنبى	97
بۇگىن	شايدىڭ	100
بۇگىن	ۋاقىتىڭ	104
بۇگىن	دەمالدىم	109
بۇگىن	بارمادىم	108
بۇگىن	جوزى	92
بۇگىن	كەشكەدەيىن	111
بۇگىن	ۇشىنشى	103
بۇگىن	دۇيسەنبى	102
بۇگىن	جۇما	110
بۇگىن	زادى	108
بۇگىن	بىرتۇرلى	111
بۇگىن	تەكسەرۋ	108
بۇگىن	دەمالس	109
بۇگىن	رۇحسات	111
بۇگىن	بارمايتىن	109
بۇگىن	بىركۇن	75
بۇگىن	سىناۋ	109
بۇگىن	شىعاسىڭبا	111
بۇگىن	جىبار	111
بۇگىن	شارشاعان	88
بۇگىن	قايتاسىڭبا	108
بۇگىن	شارشادىڭبا	109
بۇگىن	بايگە	105
بۇگىن	دەمالدىڭبا	109
بۇگىن	مۇجازىم	100
بۇگىن	كەشتەن	109
بۇگىن	بارالمايتىن	96
بۇگىن	كەزەكشى	103
بۇگىن	دەمالعام	108
بۇگىن	بولىپ	92
بۇگىن	سوندا	109
بۇگىن	قىز	103
بۇگىن	تويعا	74
بۇگىن	قارا	100
بۇگىن	سۋ	83
بۇگىن	كەلسە	105
بۇگىن	ىستىق	102
بۇگىن	كەتەم	107
بۇگىن	قولايلى	94
بۇگىن	سيىر	110
بۇگىن	شىق	111
بۇگىن	تويدا	90
بۇگىن	كىمنىڭ	102
بۇگىن	سەنىمەن	74
بۇگىن	شوپ	103
بۇگىن	كەلگەم	107
بۇگىن	سەنبى	106
بۇگىن	قايتتىم	99
بۇگىن	كەزىگە	105
بۇگىن	قايتامىز	90
بۇگىن	سالقىن	98
بۇگىن	جايلاۋعا	102
بۇگىن	ىشەتىن	95
بۇگىن	ىشكىم	111
بۇگىن	ويعا	109
بۇگىن	جاۋىن	94
بۇگىن	كەلمەيتىن	107
بۇگىن	تاۇعا	105
بۇگىن	قايتادى	103
بۇگىن	مەيمان	111
بۇگىن	كەلمەسەڭ	110
بۇگىن	سوزسىز	88
بۇگىن	قايتپايتىن	98
بۇگىن	قايتاسىڭدارما	111
بۇگىن	جىبارمىن	109
تۇر	عوي	109
تۇر	جانىم	13
تۇر	مەن	22
تۇر	دەپ	91
تۇر	جوق	58
تۇر	جاقسى	43
تۇر	بولدى	80
تۇر	ەكەن	101
تۇر	بىر	22
تۇر	سول	66
تۇر	نە	88
تۇر	بار	74
تۇر	سەن	90
تۇر	ەندى	78
تۇر	قوي	77
تۇر	الى	72
تۇر	الىپ	98
تۇر	وندا	68
تۇر	يا	99
تۇر	ەرتەڭ	103
تۇر	ادام	94
تۇر	بۇگىن	70
تۇر	تۇر	83
تۇر	مەندە	96
تۇر	سودان	97
تۇر	ماعان	104
تۇر	بارى	72
تۇر	بارىپ	107
تۇر	ەكى	84
تۇر	مەنى	84
تۇر	مەنىڭ	98
تۇر	ول	81
تۇر	سەنى	88
تۇر	ساعان	91
تۇر	وسى	86
تۇر	تاماق	85
تۇر	دەيدى	99
تۇر	ۇيدە	110
تۇر	ۇيگە	99
تۇر	تەلەفون	50
تۇر	كۇن	68
تۇر	دوسىم	95
تۇر	اقشا	96
تۇر	دەگەن	107
تۇر	يە	95
تۇر	ونى	82
تۇر	بىراق	84
تۇر	تاعى	106
تۇر	تاڭەرتەڭ	72
تۇر	بىراز	97
تۇر	مىن	95
تۇر	مىنا	68
تۇر	شاي	90
تۇر	ەدى	80
تۇر	باسقا	105
تۇر	سەنىڭ	67
تۇر	كەشتە	104
تۇر	بولاما	95
تۇر	از	97
تۇر	ازىر	96
تۇر	كەشە	100
تۇر	قايتا	107
تۇر	انا	99
تۇر	ۇش	85
تۇر	سوندا	101
تۇر	ايتەۋ	103
تۇر	تەز	100
تۇر	اعا	104
تۇر	دەسە	97
تۇر	دەسەم	105
تۇر	تۇن	97
تۇر	تۇندە	92
تۇر	شى	95
تۇر	وعان	107
تۇر	سونى	100
تۇر	بىز	109
تۇر	ەدىم	90
تۇر	ۇيات	102
تۇر	قاتتى	90
تۇر	ەكەنسىڭ	101
تۇر	بۇل	96
تۇر	قازىر	67
تۇر	ەي	96
تۇر	ودا	85
تۇر	سوعان	107
تۇر	ەمەسپە	106
تۇر	دەشى	93
تۇر	بولماسا	70
تۇر	امال	100
تۇر	دەدى	104
تۇر	دەدىم	101
تۇر	ءالى	99
تۇر	قايتەم	91
تۇر	ەدىڭ	104
تۇر	دارى	104
تۇر	باسىم	90
تۇر	قۇرسىن	108
تۇر	دەسەڭ	103
تۇر	دەيسىڭ	96
تۇر	عۇي	95
تۇر	رەنجىمە	89
تۇر	سىڭ	104
تۇر	ايتپەسە	100
تۇر	مەكەن	83
تۇر	ايتبەسە	105
تۇر	ەمەسبە	108
تۇر	ەكەسىڭ	93
تۇر	تۇسىڭدە	98
تۇر	كۇرپە	89
تۇر	عانى	108
تۇر	ۇي	93
تۇر	تاتتىم	105
تۇر	مىنەر	101
مەندە	عوي	85
مەندە	جان	92
مەندە	جانىم	101
مەندە	سال	51
مەندە	دەپ	44
مەندە	جوق	104
مەندە	جاقسى	109
مەندە	بولدى	51
مەندە	بىر	108
مەندە	سول	38
مەندە	نە	46
مەندە	بار	23
مەندە	سەن	61
مەندە	ەندى	65
مەندە	الى	96
مەندە	الىپ	97
مەندە	ون	34
مەندە	كەلىپ	95
مەندە	ەرتە	72
مەندە	ەرتەڭ	85
مەندە	ادام	68
مەندە	بولسا	69
مەندە	بۇگىن	94
مەندە	سودان	66
مەندە	بارى	57
مەندە	بارىپ	69
مەندە	ەكى	61
مەندە	جاتىرمىن	93
مەندە	ول	28
مەندە	سەنى	103
مەندە	ساعان	59
مەندە	وسى	49
مەندە	تاماق	68
مەندە	ۇي	86
مەندە	ۇيدە	90
مەندە	ۇيگە	45
مەندە	تەلەفون	64
مەندە	ايتىپ	49
مەندە	بىرگە	86
مەندە	وتىرمىن	103
مەندە	دوس	73
مەندە	امان	108
مەندە	امانشىلىق	106
مەندە	تاڭ	106
مەندە	اقشا	85
مەندە	ەمەس	88
مەندە	ونى	108
مەندە	بىراق	99
مەندە	قانشا	97
مەندە	ۇز	106
مەندە	ۇزىڭ	104
مەندە	قاربالاس	51
مەندە	ىشىپ	106
مەندە	كوپ	52
مەندە	كەتىپ	81
مەندە	تاڭەرتەڭ	71
مەندە	بىراز	94
مەندە	مىنا	85
مەندە	شاي	76
مەندە	بەرىپ	100
مەندە	باس	66
مەندە	باسقا	107
مەندە	سەنىڭ	62
مەندە	كەشتە	88
مەندە	راس	94
مەندە	از	76
مەندە	ازىر	76
مەندە	ىستەپ	103
مەندە	كەشە	98
مەندە	قايتا	76
مەندە	انا	110
مەندە	ۇيقتاپ	81
مەندە	يۋان	92
مەندە	قايتىپ	82
مەندە	جولداپ	94
مەندە	كەتتىم	54
مەندە	ۇش	98
مەندە	جۇمىس	90
مەندە	وز	98
مەندە	ايتەۋ	105
مەندە	كوڭىل	104
مەندە	اۋىرىپ	101
مەندە	تۇندە	93
مەندە	كەلدىم	89
مەندە	شىعىپ	76
مەندە	قويدىم	71
مەندە	كورىپ	97
مەندە	وعان	96
مەندە	بالا	84
مەندە	تۇرىپ	101
مەندە	جاڭا	102
مەندە	سونى	83
مەندە	سەندە	56
مەندە	جۇرمىن	92
مەندە	الايىن	104
مەندە	بارا	99
مەندە	بارام	78
مەندە	كەلە	86
مەندە	قاتتى	62
مەندە	عانا	62
مەندە	قيىن	93
مەندە	جاتىپ	69
مەندە	ايتا	95
مەندە	ۋاقىت	94
مەندە	قاراپ	102
مەندە	ەش	102
مەندە	ەشتەڭە	106
مەندە	ۇلكەن	106
مەندە	سوم	93
مەندە	بۇل	102
مەندە	كۇندە	93
مەندە	مال	96
مەندە	قازىر	86
مەندە	تۇسىپ	109
مەندە	قوسىپ	98
مەندە	بولدىم	105
مەندە	سوعان	107
مەندە	بەس	91
مەندە	كۇپ	99
مەندە	ماشينا	106
مەندە	سۇراپ	102
مەندە	جامان	86
مەندە	جاڭە	99
مەندە	ايتام	84
مەندە	توي	77
مەندە	جاي	94
مەندە	كەپ	93
مەندە	ويلاپ	98
مەندە	بىرەۋ	67
مەندە	ءبىر	68
مەندە	بارايىن	71
مەندە	شارشاپ	101
مەندە	شىن	90
مەندە	بولماي	80
مەندە	كۇرىپ	82
مەندە	جۇرەگىم	109
مەندە	تۇستە	109
مەندە	تۇستەن	104
مەندە	امال	67
مەندە	باعانا	105
مەندە	باراتىن	100
مەندە	جۋىپ	67
مەندە	جالعىز	65
مەندە	بارىن	99
مەندە	سونداي	60
مەندە	سۇيتىپ	75
مەندە	ءالى	94
مەندە	ماڭگى	98
مەندە	بارامىن	101
مەندە	ونداي	108
مەندە	بەكەر	96
مەندە	ارەڭ	77
مەندە	ويناپ	93
مەندە	بۇرىن	102
مەندە	ساعىنىپ	103
مەندە	قايتەم	107
مەندە	نان	109
مەندە	بىلمەي	51
مەندە	بىلمەيمىن	74
مەندە	ستەپ	99
مەندە	سولاي	100
مەندە	بىردەمە	98
مەندە	ەرتەرەك	77
مەندە	باسىم	99
مەندە	نەشە	109
مەندە	سىزگە	63
مەندە	دەم	92
مەندە	وڭاي	102
مەندە	جىندى	103
مەندە	ارتىق	93
مەندە	ۇيىقتاپ	95
مەندە	بۇيىرسا	103
مەندە	قايداعى	89
مەندە	ىزدەپ	70
مەندە	كىر	50
مەندە	بارمىن	95
مەندە	ساعىندىم	81
مەندە	ەرتىپ	86
مەندە	سەنەن	109
مەندە	ەرەكشە	91
مەندە	اۋدانعا	101
مەندە	ايتتىم	84
مەندە	پۇل	88
مەندە	كۇڭىل	94
مەندە	ايتايىن	92
مەندە	كولىك	109
مەندە	بىلەم	94
مەندە	ۇمىتىپ	102
مەندە	قۇڭباۋ	108
مەندە	ۇستىپ	90
مەندە	ايەل	106
مەندە	نەسى	91
مەندە	ماس	86
مەندە	جاعداي	110
مەندە	ۇيقى	87
مەندە	ۇيقىم	102
مەندە	دەمالىپ	83
مەندە	بارسام	76
مەندە	بىلىپ	86
مەندە	ەشتەمە	108
مەندە	جۇمىسقا	96
مەندە	كەتەم	93
مەندە	ۇيقتادىم	94
مەندە	دايىن	89
مەندە	تالاي	110
مەندە	كەيدە	105
مەندە	سۇيەم	60
مەندە	ۇندەمەي	94
مەندە	تۇك	107
مەندە	ۇيدەن	107
مەندە	ەستىپ	83
مەندە	ۇزىڭدى	78
مەندە	قايتام	104
مەندە	تاياپ	107
مەندە	ۇيقتاي	107
مەندە	جۇرەك	96
مەندە	بىلمەدىم	97
مەندە	ءازىر	91
مەندە	سەننەن	85
مەندە	ايتىم	109
مەندە	شىقتىم	88
مەندە	ۇيدەمىن	105
مەندە	جاتتىم	108
مەندە	قۇلجاعا	92
مەندە	وزىڭدى	83
مەندە	ەلگە	102
مەندە	جۇمسقا	96
مەندە	بارمايمىن	103
مەندە	سەنىمەن	107
مەندە	قورقىپ	100
مەندە	كەتەيىن	70
مەندە	سۇيەمىن	106
مەندە	بىرازدان	89
مەندە	ۇيكە	91
مەندە	قينالىپ	100
مەندە	سىزدى	109
مەندە	ساعنىپ	98
مەندە	مونشاعا	108
مەندە	الاڭداپ	102
مەندە	بۇيتىپ	74
مەندە	ەلدەن	99
مەندە	ۇيقتايىن	85
مەندە	الباتى	84
مەندە	كوشەگە	107
مەندە	ايتقام	101
مەندە	شوشىپ	94
مەندە	شىعام	95
مەندە	قايتتىم	93
مەندە	بىلەمىن	92
مەندە	بىلمەيىم	109
مەندە	جۇمىستا	108
مەندە	جاتاققا	94
مەندە	جۇمىستان	98
مەندە	تۇستىم	100
مەندە	جۇردىم	93
مەندە	ۇقساس	107
مەندە	بارايىنبا	109
مەندە	ءارەڭ	105
مەندە	جاتايىن	99
مەندە	ازر	103
مەندە	ۇيالىپ	108
مەندە	اتەي	94
مەندە	قايتامىن	101
مەندە	كەتەمىن	105
مەندە	قايتايىن	105
مەندە	اۋداندا	107
مەندە	سەنمەن	89
مەندە	سىرتتا	107
مەندە	جاتام	107
مەندە	قۋانىپ	103
مەندە	ىستەن	109
مەندە	شىعامىن	106
مەندە	بارعام	100
مەندە	بارعىم	109
مەندە	شاما	106
مەندە	شىعايىن	88
مەندە	مي	110
مەندە	شارشادىم	101
مەندە	زەرىگىپ	94
مەندە	جۇمستا	81
مەندە	جۇمستان	105
مەندە	ۇيىقتادىم	82
مەندە	دەمالدىم	102
مەندە	بارمادىم	100
مەندە	ويلايمىن	77
مەندە	ەشقانداي	107
مەندە	بارامبا	107
مەندە	شعام	104
مەندە	ۇيقتايمىن	107
مەندە	جىرعاپ	92
مەندە	ويلادىم	109
مەندە	اقشادان	108
مەندە	قايتىم	110
مەندە	ويلاعام	106
مەندە	قاربالاستاپ	82
مەندە	قىسىلىپ	109
مەندە	سۇيتەم	109
مەندە	دەمالايىن	97
مەندە	جاتىم	108
مەندە	ۇقپايمىن	108
مەندە	قاتەلىك	107
مەندە	ساعندىم	90
مەندە	سۇيتەيىن	101
مەندە	ۇيىقتايىن	86
مەندە	قىينالىپ	107
مەندە	شعايىن	92
مەندە	جاقسىمىن	107
مەندە	قىجالات	107
مەندە	ۇيشىڭى	102
مەندە	ادامىن	105
مەندە	امالسىز	101
مەندە	اداممىن	105
مەندە	ۇندەمەدىم	100
مەندە	قۋانشتامىن	97
مەندە	سۇيتتىم	106
مەندە	تويعا	74
مەندە	تاۋعا	78
مەندە	اياق	102
مەندە	الامىن	84
مەندە	مىنە	106
مەندە	تويدا	91
مەندە	جىلاپ	98
مەندە	كۇلىك	106
مەندە	تاۋدا	106
مەندە	ەرىپ	91
مەندە	اقىماق	97
مەندە	تاۋدان	107
مەندە	تۇسەم	104
مەندە	ىشەم	90
مەندە	شقتىم	81
مەندە	ۇقپاي	96
مەندە	قايتقالى	110
مەندە	تانىمايمىن	100
مەندە	تانسقانما	102
مەندە	قاقىڭ	110
مەندە	حۇڭباۇ	106
سودا	جەتەدى	103
سودان	جان	20
سودان	جانىم	105
سودان	مەن	34
سودان	جوق	46
سودان	جاقسى	75
سودان	بولدى	79
سودان	بىر	86
سودان	سول	58
سودان	نە	58
سودان	نەعىپ	30
سودان	سەن	12
سودان	ەندى	63
سودان	قوي	69
سودان	ال	108
سودان	الى	103
سودان	الىپ	87
سودان	كەلىپ	107
سودان	يا	75
سودان	ەرتە	100
سودان	ەرتەڭ	98
سودان	ادام	69
سودان	بۇگىن	76
سودان	مەندە	71
سودان	سودان	93
سودان	ماعان	63
سودان	بارى	61
سودان	بارىپ	102
سودان	ەكى	64
سودان	مەنى	44
سودان	مەنىڭ	82
سودان	قاي	86
سودان	نەگە	93
سودان	جاتىرمىن	74
سودان	ول	75
سودان	قايدا	77
سودان	سەنى	97
سودان	ساعان	73
سودان	وسى	85
سودان	تاماق	81
سودان	قال	63
سودان	قالاي	105
سودان	ۇي	100
سودان	ۇيدە	98
سودان	ۇيگە	67
سودان	تەلەفون	72
سودان	ايتىپ	64
سودان	بىرگە	89
سودان	كۇن	79
سودان	وتىرمىن	72
سودان	دوسىم	69
سودان	كىم	79
سودان	امان	77
سودان	امانشىلىق	79
سودان	كەيىن	91
سودان	اق	83
سودان	اقشا	101
سودان	ونى	75
سودان	بىراق	104
سودان	قانشا	103
سودان	ۇزىڭ	82
سودان	قاشان	19
سودان	قاربالاس	95
سودان	ىشىپ	106
سودان	قويشى	98
سودان	تاعى	68
سودان	كوپ	66
سودان	كەتىپ	99
سودان	تاڭەرتەڭ	102
سودان	بىراز	104
سودان	مىنا	85
سودان	قانداي	71
سودان	شاي	71
سودان	بەرى	46
سودان	بەرىپ	59
سودان	باس	96
سودان	باسقا	102
سودان	سەنىڭ	86
سودان	كەشتە	67
سودان	ازىر	80
سودان	ىستەپ	91
سودان	كەشە	98
سودان	قايتا	89
سودان	انا	102
سودان	ۇيقتاپ	88
سودان	قايتىپ	108
سودان	جولداپ	71
سودان	جۇمىس	96
سودان	وزىڭ	90
سودان	ايتەۋ	79
سودان	سوڭ	82
سودان	اعا	103
سودان	اتىپ	105
سودان	تۇندە	91
سودان	بەرەيىن	95
سودان	كەلدىم	87
سودان	شىعىپ	99
سودان	قايداسىڭ	74
سودان	قويدىم	101
سودان	كورىپ	97
سودان	بارسىڭبا	101
سودان	بالا	93
سودان	تۇرىپ	97
سودان	جاڭا	107
سودان	سەندە	108
سودان	بىز	89
سودان	بارا	101
سودان	بارام	99
سودان	كەلە	105
سودان	جاتىپ	87
سودان	ايتا	106
سودان	ۇلكەن	85
سودان	قازىر	80
سودان	قوسىپ	96
سودان	جەجە	104
سودان	اپارىپ	108
سودان	سۇراپ	104
سودان	جاڭە	73
سودان	توي	105
سودان	جاي	106
سودان	كەپ	103
سودان	بىرەۋ	87
سودان	بارايىن	91
سودان	شارشاپ	104
سودان	جاتىرمىز	58
سودان	تۇستەن	97
سودان	قىزدار	98
سودان	امال	106
سودان	باعانا	105
سودان	اڭگىمە	97
سودان	جۋىپ	102
سودان	ەكەمىز	102
سودان	سۇيتىپ	90
سودان	ءالى	101
سودان	الگى	109
سودان	ۇزىم	95
سودان	بۇرىن	83
سودان	كەلگەن	104
سودان	سويلەپ	104
سودان	تارتىپ	95
سودان	دەنساۋلىق	100
سودان	ستەپ	97
سودان	سىز	102
سودان	دارى	97
سودان	وتىرمىز	104
سودان	وزىم	96
سودان	سىزگە	105
سودان	دەم	97
سودان	ارتىق	106
سودان	بالام	107
سودان	باستاپ	89
سودان	ۇيىقتاپ	101
سودان	سۇيلە	102
سودان	سۇيلەپ	98
سودان	جازىپ	103
سودان	شعىپ	77
سودان	سەنەن	84
سودان	ايتتىم	107
سودان	جەتىپ	99
سودان	باۋىرىم	100
سودان	اپام	105
سودان	اقىرىن	78
سودان	جاعداي	95
سودان	ءوزىڭ	90
سودان	قابارلاسىپ	61
سودان	دەمالىپ	108
سودان	ارى	106
سودان	جۇمىسقا	74
سودان	ۇندەمەي	108
سودان	قايتام	103
سودان	سەننەن	100
سودان	ايتىم	108
سودان	ارتىنان	109
سودان	قورقىپ	109
سودان	سويلەي	106
سودان	تۇردىڭبا	107
سودان	كەمپىر	84
سودان	الاڭداپ	100
سودان	سۇيلەي	86
سودان	شوشىپ	95
سودان	ايتقانىم	105
سودان	قابارسىز	85
سودان	قاربالاسپا	103
سودان	ۇيالىپ	69
سودان	ۇيدەسىڭبە	104
سودان	نەستەپ	98
سودان	ويانىپ	106
سودان	قايتتىڭ	106
سودان	قايتتىڭبا	99
سودان	بارمادىم	86
سودان	نەقىپ	105
سودان	نەعپ	108
سودان	كەڭەس	107
سودان	سۇراعانىم	107
سودان	قايتىڭبا	101
سودان	قايداسىز	76
سودان	قايتەتىن	101
سودان	نەقاربالاس	98
سودان	امالسىز	92
سودان	قايدامىز	103
سودان	كەتتىم	94
سودان	تويعا	102
سودان	ماشينا	94
سودان	سويلە	103
سودان	تاۋعا	104
سودان	جۇمسقا	91
سودان	قاشىپ	104
ماعان	عوي	109
ماعان	جان	101
ماعان	جانى	97
ماعان	جانىم	103
ماعان	مەن	73
ماعان	دەپ	91
ماعان	جوق	80
ماعان	جاقسى	92
ماعان	بولدى	68
ماعان	بىر	105
ماعان	سول	23
ماعان	نە	71
ماعان	نەعىپ	44
ماعان	بار	74
ماعان	سەن	74
ماعان	ەندى	42
ماعان	راحىمەت	96
ماعان	ماقۇل	59
ماعان	الى	109
ماعان	الىپ	84
ماعان	ون	105
ماعان	كەل	72
ماعان	كەلىپ	67
ماعان	ەرتە	90
ماعان	ەرتەڭ	107
ماعان	ادام	67
ماعان	بۇگىن	84
ماعان	سودان	41
ماعان	بارى	80
ماعان	بارىپ	69
ماعان	ەكى	99
ماعان	مەنى	100
ماعان	قاي	53
ماعان	بولا	89
ماعان	نەگە	106
ماعان	ول	85
ماعان	سەنى	107
ماعان	ساعان	91
ماعان	وسى	85
ماعان	تاماق	77
ماعان	قالاي	102
ماعان	ۇي	76
ماعان	تەلەفون	77
ماعان	ايت	110
ماعان	ايتىپ	109
ماعان	كۇن	58
ماعان	كىم	40
ماعان	اقشا	84
ماعان	دەگەن	66
ماعان	ەمەس	56
ماعان	بىراق	91
ماعان	قانشا	102
ماعان	ۇزىڭ	97
ماعان	قاشان	104
ماعان	تاعى	89
ماعان	كوپ	51
ماعان	تاڭەرتەڭ	99
ماعان	بىراز	109
ماعان	مىنا	104
ماعان	نەدەگەن	58
ماعان	قانداي	103
ماعان	شاي	54
ماعان	بەر	102
ماعان	بەرىپ	80
ماعان	باس	97
ماعان	باسقا	103
ماعان	سەنىڭ	88
ماعان	بولاما	77
ماعان	راس	93
ماعان	از	98
ماعان	ازىر	99
ماعان	جۇر	79
ماعان	كەشە	103
ماعان	قايت	91
ماعان	قايتا	66
ماعان	انا	65
ماعان	يۋان	90
ماعان	قايتىپ	86
ماعان	جول	89
ماعان	جولدا	92
ماعان	جولداپ	89
ماعان	ۇش	90
ماعان	سوندا	106
ماعان	جۇمىس	75
ماعان	وزىڭ	92
ماعان	ايتەۋ	100
ماعان	تەز	93
ماعان	ات	71
ماعان	اتىپ	90
ماعان	دەسە	102
ماعان	كەرەك	105
ماعان	كوڭىل	100
ماعان	ايتتى	107
ماعان	اۋىر	53
ماعان	بەرە	63
ماعان	كەلدى	101
ماعان	بالا	107
ماعان	سونى	84
ماعان	ايتقان	57
ماعان	تاۋىپ	109
ماعان	كەلە	76
ماعان	قابارلاس	89
ماعان	قابارلاسىڭىزدار	106
ماعان	قاتتى	109
ماعان	سالىپ	97
ماعان	عانا	72
ماعان	قيىن	95
ماعان	ايتا	103
ماعان	ۋاقىت	97
ماعان	قارا	100
ماعان	قاراپ	100
ماعان	ەش	107
ماعان	ەشتەڭە	98
ماعان	مىقتى	69
ماعان	ۇلكەن	64
ماعان	سوم	84
ماعان	بۇل	102
ماعان	كۇندە	75
ماعان	قازىر	92
ماعان	تۇسىپ	75
ماعان	بەس	100
ماعان	كۇپ	109
ماعان	ماشينا	85
ماعان	قىز	106
ماعان	جامان	98
ماعان	قايدان	102
ماعان	كەلەدى	98
ماعان	مىڭ	67
ماعان	جاي	63
ماعان	كەپ	80
ماعان	قويىپ	69
ماعان	بىرەۋ	96
ماعان	ءبىر	91
ماعان	شىن	63
ماعان	اڭگىمە	90
ماعان	بارىن	78
ماعان	سونداي	99
ماعان	سۇيتىپ	99
ماعان	ءالى	110
ماعان	نارسە	66
ماعان	ماڭگى	96
ماعان	ەڭ	93
ماعان	الگى	104
ماعان	ونداي	85
ماعان	جۇز	97
ماعان	جولداشى	94
ماعان	كەلگەن	84
ماعان	بەرشى	97
ماعان	كەلمەي	91
ماعان	سويلە	96
ماعان	سويلەپ	98
ماعان	تارتىپ	84
ماعان	ايتشى	82
ماعان	ايىت	86
ماعان	سولاي	86
ماعان	بىردەمە	103
ماعان	ەسە	81
ماعان	تاستاپ	108
ماعان	وڭاي	86
ماعان	وتە	88
ماعان	ارتىق	102
ماعان	قايداعى	100
ماعان	اراق	100
ماعان	سۇيلە	107
ماعان	سۇيلەپ	104
ماعان	سۇت	79
ماعان	جازىپ	100
ماعان	اشىق	91
ماعان	بەرەتىن	109
ماعان	قول	102
ماعان	اكەپ	100
ماعان	كەلگەندە	94
ماعان	سەنەن	74
ماعان	قاراي	85
ماعان	جىگىت	70
ماعان	ەرەكشە	93
ماعان	دەسەڭ	83
ماعان	قولايسىز	98
ماعان	ايتادى	106
ماعان	باقىت	68
ماعان	دال	96
ماعان	پۇل	109
ماعان	تەك	93
ماعان	جاۋاپ	99
ماعان	كۇڭىل	95
ماعان	بەرسەڭ	90
ماعان	اتا	90
ماعان	قۇڭباۋ	87
ماعان	ۇستىپ	80
ماعان	رەنجىپ	64
ماعان	ۇيتىپ	99
ماعان	كەلەتىن	110
ماعان	سوز	50
ماعان	ايتاسىڭ	108
ماعان	ۇتىرىك	83
ماعان	وتىرىك	65
ماعان	قابارلاسىپ	82
ماعان	بەرگەن	109
ماعان	ەشكىم	101
ماعان	ەشتەمە	91
ماعان	جاقىن	94
ماعان	ۇتە	92
ماعان	شپيىڭ	72
ماعان	بەردى	100
ماعان	اتشى	103
ماعان	بەرمەي	92
ماعان	ورىن	93
ماعان	رەنجىمە	81
ماعان	بەت	107
ماعان	پالە	108
ماعان	ايتپا	100
ماعان	قاجەت	105
ماعان	قولايلى	87
ماعان	قىيىن	108
ماعان	بىردەڭە	98
ماعان	يۇان	97
ماعان	قارىز	80
ماعان	دەرەۋ	103
ماعان	كەلسەڭ	110
ماعان	ايتساڭ	83
ماعان	وسىنداي	109
ماعان	سويلەمە	85
ماعان	سويلەمەي	89
ماعان	كەلشى	76
ماعان	نەكە	92
ماعان	كەلەم	96
ماعان	شىپيىڭ	93
ماعان	تەلەپون	86
ماعان	وراي	108
ماعان	دەكەن	110
ماعان	تيىپ	110
ماعان	كەزىگىپ	88
ماعان	اكەلىپ	95
ماعان	تەمەكى	87
ماعان	جولداي	106
ماعان	سويلەي	90
ماعان	كەلەسىڭبە	102
ماعان	سۇيلەمە	110
ماعان	سۇيلەمەي	91
ماعان	ايتپاشى	105
ماعان	قاراماي	104
ماعان	حۇڭباۋ	66
ماعان	بر	103
ماعان	ايتات	92
ماعان	ايتاتىن	107
ماعان	بۇيتىپ	101
ماعان	سۇيلەي	105
ماعان	وبال	107
ماعان	ەلۋ	103
ماعان	قاجەتى	108
ماعان	ساقتاپ	71
ماعان	ايتپاي	107
ماعان	تىماۋ	88
ماعان	نەمەنەگە	107
ماعان	سەنشى	103
ماعان	تۇماۋ	103
ماعان	جانىڭ	78
ماعان	اتەي	105
ماعان	ايتبا	101
ماعان	سالسا	87
ماعان	سالساڭ	105
ماعان	ادال	96
ماعان	ىستەگەن	104
ماعان	اقىل	87
ماعان	بەرمەيدى	68
ماعان	قاراعاندا	105
ماعان	ۇرسىپ	100
ماعان	قارايتىن	108
ماعان	بىرەۇ	98
ماعان	رەنجىمەي	104
ماعان	سەنىپ	85
ماعان	تان	90
ماعان	قىلعان	107
ماعان	ايتقاندا	86
ماعان	عاشىق	107
ماعان	وتىز	99
ماعان	جولداعان	88
ماعان	سەنبەسەڭ	74
ماعان	تارتقان	106
ماعان	كەرەگى	97
ماعان	ىرەنجىپ	100
ماعان	نەعىل	77
ماعان	قايىت	101
ماعان	سەنبەي	108
ماعان	نەسىن	75
ماعان	كومەكتەسىپ	109
ماعان	ايتباي	104
ماعان	سەنبەيسىڭ	88
ماعان	ىرەنجىمە	105
ماعان	جابىسىپ	103
ماعان	شىنىڭدى	74
ماعان	سويلەگەن	107
ماعان	قابارلاسپا	106
ماعان	سويلەگىڭ	106
ماعان	سۇيلەگىڭ	95
ماعان	رەنجمە	100
ماعان	تيسىپ	105
ماعان	ارناپ	109
ماعان	ايتپادىڭ	95
ماعان	سەنسەڭ	102
ماعان	سويلەپتى	78
ماعان	جولاما	98
ماعان	ەرەگەسىپ	106
ماعان	سەنبەيدى	103
ماعان	ۇنايدى	107
ماعان	يتەرىپ	109
ماعان	نەگىزگى	110
ماعان	سەنبەيتىن	105
ماعان	سەنبەيسىڭبە	110
ماعان	تيسەڭ	95
ماعان	وكپەڭ	106
ماعان	ۇنايسىڭ	109
ماعان	وندا	76
ماعان	ۇيگە	105
ماعان	ايتى	73
ماعان	توي	102
ماعان	قابارلاسىڭىز	75
ماعان	جاڭا	90
ماعان	قاتىن	89
ماعان	التىن	100
ماعان	قانا	100
ماعان	سۇز	88
ماعان	بۇدان	110
ماعان	جەتەدى	99
ماعان	ەرىپ	91
ماعان	الباتى	76
ماعان	رازى	105
ماعان	ەشقانداي	97
ماعان	كەزىك	96
ماعان	ايتپادى	106
ماعان	سەنەسىڭبە	102
ماعان	كەرەكسىڭ	110
ماعان	تاڭسىق	105
ماعان	تيەسىڭبە	109
بارى	مەن	109
بارى	جوق	63
بارى	جاقسى	51
بارى	بىر	14
بارى	سول	19
بارى	بار	40
بارى	سەن	26
بارى	كەلىپ	53
بارى	ادام	68
بارى	مەندە	61
بارى	ماعان	79
بارى	بارى	80
بارى	بارىپ	67
بارى	مەنى	87
بارى	مەنىڭ	73
بارى	بولادى	73
بارى	قايدا	83
بارى	سەنى	58
بارى	ساعان	44
بارى	وسى	66
بارى	ايتىپ	32
بارى	بىرگە	57
بارى	امان	81
بارى	امانشىلىق	79
بارى	كەتتى	74
بارى	اقشا	63
بارى	جاقسىما	73
بارى	ۇز	88
بارى	قاربالاس	73
بارى	كەتىپ	88
بارى	سەنىڭ	61
بارى	ۇيقتاپ	78
بارى	وز	68
بارى	دۇرىس	84
بارى	جاتىپ	80
بارى	جامان	72
بارى	كەلەدى	60
بارى	شىن	85
بارى	سونداي	84
بارى	سۇيتىپ	74
بارى	بەكەر	78
بارى	سولاي	42
بارى	وڭاي	84
بارى	بىلەدى	76
بارى	ۇيىقتاپ	62
بارى	مەنەن	88
بارى	اشىق	87
بارى	ايتادى	18
بارى	قالجىڭ	79
بارى	اقىرىن	75
بارى	ۇمىت	86
بارى	ماس	78
بارى	ۇتىرىك	80
بارى	وتىرىك	75
بارى	بىلىپ	63
بارى	دۇرس	65
بارى	دايىن	82
بارى	تولىق	59
بارى	وتىپ	66
بارى	ۇتىپ	54
بارى	ۇقساس	55
بارى	بىتتى	88
بارى	دايار	72
بارى	جەرىڭدى	86
بارى	وقساس	66
بارى	جالعان	87
بارى	تابىلادى	63
بارى	بىردەي	77
بارى	وقشاش	79
بارى	توي	80
بارى	بىراق	80
بارى	قانشا	79
بارى	قاتە	80
بارى	بارادى	87
بارى	ساتتى	62
بارىپ	مەن	85
بارىپ	دەپ	93
بارىپ	جاقسى	108
بارىپ	بىر	81
بارىپ	سول	47
بارىپ	نە	88
بارىپ	سەن	90
بارىپ	ەندى	106
بارىپ	جات	74
بارىپ	جاتىر	85
بارىپ	قوي	108
بارىپ	ال	100
بارىپ	الىپ	69
بارىپ	كەل	21
بارىپ	كەلىپ	27
بارىپ	ەرتە	36
بارىپ	ەرتەڭ	92
بارىپ	بۇگىن	93
بارىپ	تۇر	102
بارىپ	سودان	109
بارىپ	ماعان	110
بارىپ	بارىپ	91
بارىپ	ەكى	84
بارىپ	مەنى	108
بارىپ	بولادى	80
بارىپ	نەگە	102
بارىپ	جاتىرمىن	107
بارىپ	سەنى	78
بارىپ	ساعان	102
بارىپ	تاماق	94
بارىپ	ۇي	92
بارىپ	ۇيگە	98
بارىپ	تەلەفون	51
بارىپ	ايت	92
بارىپ	ايتىپ	100
بارىپ	بىرگە	82
بارىپ	وتىر	87
بارىپ	امان	110
بارىپ	اقشا	88
بارىپ	بىراق	57
بارىپ	ىشىپ	110
بارىپ	تاعى	99
بارىپ	كەتىپ	77
بارىپ	تاڭەرتەڭ	109
بارىپ	بىراز	93
بارىپ	شاي	94
بارىپ	ەدى	60
بارىپ	باس	79
بارىپ	سەنىڭ	97
بارىپ	كەشتە	94
بارىپ	ازىر	94
بارىپ	ىستەپ	64
بارىپ	جۇر	108
بارىپ	كەشە	90
بارىپ	كەلسىن	103
بارىپ	قايت	72
بارىپ	قايتا	65
بارىپ	انا	76
بارىپ	ۇيقتاپ	110
بارىپ	قايتىپ	103
بارىپ	الدى	104
بارىپ	الدىم	76
بارىپ	ۇش	33
بارىپ	جۇمىس	103
بارىپ	تەز	72
بارىپ	تۇندە	108
بارىپ	كەلدى	90
بارىپ	كەلدىم	74
بارىپ	كور	89
بارىپ	كورىپ	80
بارىپ	تۇرىپ	66
بارىپ	جاڭا	69
بارىپ	ەدىم	83
بارىپ	جۇرمىن	75
بارىپ	الايىن	84
بارىپ	كەلە	81
بارىپ	عانا	71
بارىپ	جاتىپ	54
بارىپ	قاراپ	95
بارىپ	تۇرمىن	17
بارىپ	مال	108
بارىپ	تۇسىپ	103
بارىپ	الدىڭ	67
بارىپ	الدىڭبا	69
بارىپ	ودان	92
بارىپ	ماشينا	98
بارىپ	سۇراپ	69
بارىپ	جاڭە	100
بارىپ	كەلەدى	58
بارىپ	جاتقان	98
بارىپ	جاي	100
بارىپ	كەپ	101
بارىپ	قويىپ	73
بارىپ	ءبىر	75
بارىپ	كۇر	85
بارىپ	كۇرىپ	90
بارىپ	جۇرگەن	108
بارىپ	العان	92
بارىپ	تۇستەن	75
بارىپ	اڭگىمە	96
بارىپ	جەپ	95
بارىپ	جۇرىپ	60
بارىپ	جۇرسىڭ	84
بارىپ	نارسە	108
بارىپ	ويناپ	105
بارىپ	الاتىن	104
بارىپ	كەلگەن	91
بارىپ	نان	80
بارىپ	ەدىڭ	72
بارىپ	تارتىپ	92
بارىپ	ستەپ	110
بارىپ	بىردەمە	91
بارىپ	تۇرعان	85
بارىپ	توسىپ	76
بارىپ	دارى	107
بارىپ	ەرتەرەك	104
بارىپ	ماي	105
بارىپ	باسى	84
بارىپ	باسىپ	89
بارىپ	دەم	104
بارىپ	اراق	82
بارىپ	كىرىپ	104
بارىپ	كەلسە	92
بارىپ	دەمال	82
بارىپ	وتىرىپ	102
بارىپ	الام	72
بارىپ	قول	107
بارىپ	ەرتىپ	110
بارىپ	اكەپ	96
بارىپ	الادى	103
بارىپ	ايتايىن	108
بارىپ	كورەيىن	82
بارىپ	كەلەتىن	90
بارىپ	الامىن	106
بارىپ	كەلدىڭ	93
بارىپ	قانا	61
بارىپ	دەمالىپ	68
بارىپ	السا	88
بارىپ	الساڭ	100
بارىپ	ايداپ	84
بارىپ	شپيىڭ	80
بارىپ	ساي	110
بارىپ	بەت	79
بارىپ	كەلدىك	79
بارىپ	كيىم	102
بارىپ	السام	96
بارىپ	قايتام	87
بارىپ	كەلسەڭ	109
بارىپ	قابارلاسايىن	103
بارىپ	ءازىر	109
بارىپ	قالسا	99
بارىپ	كەلىڭدەر	98
بارىپ	شىقتىم	108
بارىپ	العام	39
بارىپ	كەلشى	100
بارىپ	قايتاتىن	105
بارىپ	كەلەم	81
بارىپ	الاسىڭ	29
بارىپ	الدىق	89
بارىپ	الپ	58
بارىپ	كورەم	94
بارىپ	جۇرمە	108
بارىپ	كۇرەيىن	92
بارىپ	الامىز	107
بارىپ	كەلەيىن	80
بارىپ	قالاتىن	87
بارىپ	جاتا	77
بارىپ	قۇشاقتاپ	107
بارىپ	قالام	107
بارىپ	كەزىگىپ	104
بارىپ	اكەلىپ	84
بارىپ	كورشى	107
بارىپ	الايىق	98
بارىپ	قالار	90
بارىپ	سويلەسىپ	86
بارىپ	اينالىپ	92
بارىپ	كەلەسىڭبە	101
بارىپ	كەلگەم	103
بارىپ	جاتسا	96
بارىپ	كەلەيىك	90
بارىپ	مونشاعا	107
بارىپ	جاتسام	108
بارىپ	وكىل	93
بارىپ	قالسام	92
بارىپ	وتىرايىق	108
بارىپ	ىشەيىك	79
بارىپ	ۇكىل	90
بارىپ	قايتتىم	110
بارىپ	تۇرايىن	91
بارىپ	ەدىك	110
بارىپ	الىپتى	91
بارىپ	كورەيىك	89
بارىپ	كەلدىڭبە	78
بارىپ	جاتايىن	90
بارىپ	قايتامىن	82
بارىپ	قايتايىن	78
بارىپ	تۇراتىن	101
بارىپ	جاتام	108
بارىپ	ايلانىپ	76
بارىپ	الپتى	110
بارىپ	ىستەيمىن	76
بارىپ	قونىپ	98
بارىپ	تۇرام	108
بارىپ	الدىما	89
بارىپ	قايتامىز	66
بارىپ	السىن	84
بارىپ	قالساڭ	84
بارىپ	كەلەمىن	98
بارىپ	تۇرسىڭبا	105
بارىپ	كەلگەنشە	84
بارىپ	كەلىڭىز	109
بارىپ	شىعايىن	107
بارىپ	جاتساڭ	108
بارىپ	جاتاتىن	55
بارىپ	كەلىڭىزدەر	109
بارىپ	الساق	110
بارىپ	كورەمىن	110
بارىپ	سويلەيىن	91
بارىپ	تۇرامىن	78
بارىپ	الدىڭدار	106
بارىپ	الدىڭدارما	106
بارىپ	قالامىن	99
بارىپ	كۇرەيىك	84
بارىپ	كەلەمىز	90
بارىپ	قايتقان	84
بارىپ	العاندا	94
بارىپ	كەلسەم	108
بارىپ	بولعانشا	91
بارىپ	كومەكتەسىپ	73
بارىپ	قايتىم	90
بارىپ	الدىڭىزبا	88
بارىپ	ىشەيىن	110
بارىپ	قايتتىق	109
بارىپ	جاتامىن	92
بارىپ	تەكسەرىلىپ	65
بارىپ	كەلڭدەر	111
بارىپ	قايتايىق	101
بارىپ	قالامبا	71
بارىپ	الىپسىڭ	95
بارىپ	كورىن	90
بارىپ	كورىنىپ	110
بارىپ	الدڭبا	108
بارىپ	كۇمەكتەسىپ	101
بارىپ	تۇرامىز	98
بارىپ	الايىنبا	99
بارىپ	كەلسەك	98
بارىپ	امانداسىپ	104
بارىپ	العانىڭ	106
بارىپ	بەدىڭ	104
بارىپ	الپسىڭ	110
بارىپ	قايتىق	110
بارىپ	جاتساق	105
بارىپ	العانسىڭ	105
بارىپ	قاراسىپ	72
بارىپ	قايتسام	93
بارىپ	كەلۋ	108
بارىپ	قالارمىن	96
بارىپ	العانبا	88
بارىپ	تەكسەرلىپ	99
بارىپ	قايتامبا	103
بارىپ	العانسوڭ	105
بارىپ	قايتقام	103
بارىپ	العاسىڭ	103
بارىپ	الدىڭىزدارما	110
بارىپ	قالارمىز	96
بارىپ	قايتايىنبا	111
بارىپ	كەلەمبە	102
بارىپ	قايتساق	91
بارىپ	كەلگەنگە	93
بارىپ	الدڭدارما	93
بارىپ	كەلەيىنبە	109
بارىپ	كەلەمىزبە	93
بارىپ	كەلەيىكشى	103
بارىپ	كەلەيىكپە	106
بارىپ	قالۋىم	97
بارىپ	كەلەمبا	109
بارىپ	كەلەيكشى	96
بارىپ	ون	86
بارىپ	قايدا	79
بارىپ	توي	101
بارىپ	ىش	76
بارىپ	قاربالاس	104
بارىپ	ۇيقتا	85
بارىپ	شارشاپ	89
بارىپ	سۋ	101
بارىپ	كەلەسىڭ	62
بارىپ	سيىر	103
بارىپ	سۋعا	100
بارىپ	وتىرا	103
بارىپ	جۇرمىز	102
بارىپ	تاماعىڭدى	81
بارىپ	قىمىز	111
بارىپ	جاتاق	101
بارىپ	كۇرەم	103
بارىپ	كورمەدىم	106
بارىپ	ىشەم	100
بارىپ	ۇيناپ	109
بارىپ	قالامىز	101
بارىپ	كەلدىڭبا	96
بارىپ	جاتايىق	110
بارىپ	جاتامىز	100
بارىپ	كەلگەنسوڭ	110
بارىپ	قالساق	110
بارىپ	كورمەپپىن	104
بارىپ	قونام	99
بارىپ	كەلەعوي	111
بارىپ	العانسىڭبا	110
بارىپ	ورنالاسىپ	106
بارىپ	كەلەيىنبا	101
ەكى	دەپ	105
ەكى	جاق	103
ەكى	بولدى	79
ەكى	بىر	87
ەكى	بار	110
ەكى	بولىپ	81
ەكى	قوي	94
ەكى	كەلى	86
ەكى	ەر	15
ەكى	ادام	82
ەكى	بولسا	102
ەكى	ۇي	100
ەكى	ۇيدە	78
ەكى	ۇيگە	88
ەكى	تەلەفون	105
ەكى	اي	90
ەكى	كۇن	95
ەكى	دوسىم	40
ەكى	اق	86
ەكى	ەمەس	89
ەكى	بارما	66
ەكى	شاي	100
ەكى	باس	69
ەكى	باسقا	101
ەكى	يۋان	17
ەكى	جول	74
ەكى	ۇش	105
ەكى	ات	40
ەكى	تۇن	95
ەكى	بالا	85
ەكى	كەلە	87
ەكى	ۋاق	56
ەكى	ۋاقىت	73
ەكى	قارا	92
ەكى	ۇل	33
ەكى	ۇلكەن	80
ەكى	سوم	91
ەكى	كۇندە	67
ەكى	جەر	65
ەكى	جەردە	106
ەكى	ماشينا	91
ەكى	قىز	82
ەكى	ساعات	34
ەكى	مىڭ	76
ەكى	توي	16
ەكى	جەرگە	105
ەكى	جاس	106
ەكى	نارسە	91
ەكى	جۇز	109
ەكى	كىسى	101
ەكى	نان	62
ەكى	دەن	52
ەكى	جاققا	106
ەكى	ەسە	37
ەكى	تۇرلى	107
ەكى	جىندى	24
ەكى	بالام	63
ەكى	كەلمەيدى	59
ەكى	جارىم	92
ەكى	اياق	91
ەكى	كۇنىڭ	78
ەكى	جىل	95
ەكى	قول	73
ەكى	جەردەن	95
ەكى	ايدىڭ	80
ەكى	جىگىت	82
ەكى	باۋ	42
ەكى	قاتىن	102
ەكى	ايەل	97
ەكى	تال	107
ەكى	ايدا	67
ەكى	ادامدى	107
ەكى	ۇيدى	37
ەكى	ۇيدىڭ	105
ەكى	جاقتا	81
ەكى	رەت	89
ەكى	كسى	110
ەكى	ورىن	87
ەكى	تالاي	47
ەكى	اعام	88
ەكى	ادامعا	85
ەكى	بالاسى	75
ەكى	اۋىز	93
ەكى	كۇننەن	85
ەكى	تاي	46
ەكى	قىزى	66
ەكى	سيىر	100
ەكى	جۇرەك	72
ەكى	ادامنىڭ	81
ەكى	قىزىم	107
ەكى	ايلىق	106
ەكى	كىشكەنە	108
ەكى	كۇنگە	77
ەكى	كۇندىك	89
ەكى	قاپ	72
ەكى	ۇلى	105
ەكى	قاعاز	71
ەكى	ۇيشىڭ	57
ەكى	ەركەك	95
ەكى	بالانى	75
ەكى	اپتا	96
ەكى	قوزى	85
ەكى	جاقتان	89
ەكى	قولىم	65
ەكى	بالاڭ	75
ەكى	جاعى	97
ەكى	كۇنگى	96
ەكى	تۋىپ	87
ەكى	بالانىڭ	103
ەكى	بالاعا	85
ەكى	قابات	102
ەكى	ماشينە	107
ەكى	ۇلىم	103
ەكى	سير	103
ەكى	بولەك	93
ەكى	كويلەك	94
ەكى	توعىز	63
ەكى	جارىمدا	106
ەكى	تۇمەن	98
ەكى	كيلى	97
ەكى	كەلىنشەك	87
ەكى	جگىت	80
ەكى	قىزعا	76
ەكى	وقۋشى	79
ەكى	شايدىڭ	100
ەكى	ءۇش	101
ەكى	كەلنشەك	103
ەكى	جوزى	63
ەكى	جاعىن	86
ەكى	سىم	89
ەكى	تۇياق	96
ەكى	مينوت	84
ەكى	شىنى	79
ەكى	اياعىم	94
ەكى	كوزى	108
ەكى	كوزىم	97
ەكى	جىلدا	84
ەكى	جىلدان	86
ەكى	ايدان	81
ەكى	كەنشەك	84
ەكى	سەميا	107
ەكى	ايعا	91
ەكى	قىزىڭ	103
ەكى	مەتىر	99
ەكى	ورتاعا	99
ەكى	ساعاتتا	103
ەكى	قىزدى	102
ەكى	قىزدىڭ	90
ەكى	كىلى	71
ەكى	بالاسىن	74
ەكى	بۇلەك	77
ەكى	ساعاتتان	74
ەكى	بالامدى	68
ەكى	كۇزى	99
ەكى	كۇزىم	106
ەكى	اپتادا	76
ەكى	تالى	102
ەكى	اياعىن	109
ەكى	پيجۋ	108
ەكى	بالاما	98
ەكى	مايدان	88
ەكى	تاينشا	103
ەكى	مىڭعا	105
ەكى	كۇىن	85
ەكى	قالتا	104
ەكى	ايداي	69
ەكى	ورتادا	95
ەكى	كۇننىڭ	81
ەكى	رەڭ	107
ەكى	ىرەت	105
ەكى	قولعا	89
ەكى	قۇتى	100
ەكى	ۇلىڭ	102
ەكى	ادامنان	79
ەكى	جىلعا	87
ەكى	بالاڭدى	107
ەكى	جاقتىڭ	92
ەكى	ۇشەۋ	107
ەكى	بىردەي	105
ەكى	اياعىڭدى	105
ەكى	اياقتى	90
ەكى	بالامەن	107
ەكى	جارتى	92
ەكى	بالامنىڭ	99
ەكى	بالاسىنا	108
ەكى	كۇنەن	88
ەكى	جاشىك	99
ەكى	قوراپ	105
ەكى	جىلدىڭ	94
ەكى	تالدان	100
ەكى	كيلو	84
ەكى	مىڭدى	90
ەكى	شنى	105
ەكى	بالاڭا	109
ەكى	جۇزسوم	110
ەكى	مىڭنان	92
ەكى	ادامدىق	96
ەكى	قۇمىرا	84
ەكى	كىيلى	91
ەكى	بالاڭنىڭ	90
ەكى	ساعاتقا	88
ەكى	ەلى	88
ەكى	بوتەلكە	108
ەكى	قۇلاعى	104
ەكى	ايكىس	101
ەكى	دۇنيەدە	102
ەكى	جۇزگە	107
ەكى	بالامىز	110
ەكى	توننا	96
ەكى	مەتىرلىك	104
ەكى	جاقتاپ	102
ەكى	قاپشىق	93
ەكى	اپتادان	100
ەكى	جۇزدەن	68
ەكى	بۇتەلكە	84
ەكى	اۋىزدى	101
ەكى	رومكا	95
ەكى	ويلى	109
ەكى	ساعاتتاي	72
ەكى	جۇزدى	74
ەكى	جۇزىن	107
ەكى	ۇشكۇن	100
ەكى	جىلداي	97
ەكى	بەتكەي	99
ەكى	بالاسىمەن	98
ەكى	جاستىڭ	107
ەكى	كەمەنىڭ	110
ەكى	تويعا	92
ەكى	مال	37
ەكى	ارتى	80
ەكى	زا	40
ەكى	قىزىل	89
ەكى	ءان	102
ەكى	ماشىينا	96
ەكى	قۇلىن	96
ەكى	قونىپ	107
ەكى	كۇيلەك	78
ەكى	بالادا	88
ەكى	كوزىڭ	75
ەكى	بۇزاۋ	101
ەكى	جاسقا	85
ەكى	قىزىمدى	86
ەكى	بالالى	105
ەكى	بالاڭىز	87
ەكى	بالامىزدىڭ	100
ەكى	بۇزاۋلى	108
ەكى	ساعاتتىق	95
ەكى	قۇمارا	88
ەكى	جاققادا	110
ەكى	بالاممەن	110
ەكى	ۇرەمكە	110
ەكى	جىپتىك	102
مەنى	عوي	101
مەنى	جانىم	105
مەنى	مەن	71
مەنى	دەپ	97
مەنى	جوق	70
مەنى	جاقسى	85
مەنى	بىر	28
مەنى	سول	44
مەنى	نە	77
مەنى	نەعىپ	50
مەنى	سەن	64
مەنى	ەندى	59
مەنى	جات	67
مەنى	ال	101
مەنى	الى	101
مەنى	الىپ	82
مەنى	كەلىپ	48
مەنى	ەرتە	60
مەنى	ادام	70
مەنى	بۇگىن	91
مەنى	ەكى	89
مەنى	قاي	95
مەنى	نەگە	95
مەنى	ول	84
مەنى	قايدا	101
مەنى	سەنى	33
مەنى	ساعان	98
مەنى	وسى	62
مەنى	قالاي	85
مەنى	ۇيگە	56
مەنى	ايتىپ	86
مەنى	دوسىم	74
مەنى	كىم	77
مەنى	اقشا	82
مەنى	ەمەس	71
مەنى	بىراق	89
مەنى	قانشا	102
مەنى	ۇزىڭ	80
مەنى	قاشان	106
مەنى	قويشى	105
مەنى	تاعى	91
مەنى	كوپ	107
مەنى	بىراز	103
مەنى	مىنا	81
مەنى	نەدەگەن	103
مەنى	قانداي	96
مەنى	باسقا	77
مەنى	راس	96
مەنى	از	77
مەنى	قايتا	73
مەنى	انا	87
مەنى	قايتىپ	96
مەنى	سوندا	107
مەنى	وزىڭ	100
مەنى	كەرەك	100
مەنى	كور	76
مەنى	كورىپ	39
مەنى	بالا	105
مەنى	قاتتى	105
مەنى	عانا	71
مەنى	قيىن	79
مەنى	دۇرىس	104
مەنى	قارا	69
مەنى	كۇندە	102
مەنى	مال	77
مەنى	قوس	73
مەنى	قوسىپ	56
مەنى	اپارىپ	99
مەنى	كۇپ	54
مەنى	سۇراپ	96
مەنى	جامان	101
مەنى	قايدان	69
مەنى	كەپ	101
مەنى	قويىپ	103
مەنى	ويلاپ	96
مەنى	بىرەۋ	99
مەنى	ءبىر	53
مەنى	شىن	89
مەنى	كۇر	86
مەنى	كۇرىپ	52
مەنى	جۋىپ	86
مەنى	جالعىز	77
مەنى	جەپ	100
مەنى	سونداي	72
مەنى	سۇيتىپ	104
مەنى	ءالى	98
مەنى	قاتە	95
مەنى	ماڭگى	58
مەنى	ونداي	59
مەنى	ويناپ	107
مەنى	ساعىنىپ	57
مەنى	سولاي	107
مەنى	توس	88
مەنى	توسىپ	69
مەنى	تاستاپ	103
مەنى	ناق	48
مەنى	جىندى	46
مەنى	وتە	71
مەنى	شىعارىپ	100
مەنى	ىزدە	102
مەنى	ىزدەپ	104
مەنى	ەرتىپ	55
مەنى	اكەپ	106
مەنى	ەرەكشە	90
مەنى	ەل	89
مەنى	ۇرىپ	94
مەنى	ۇمىتىپ	106
مەنى	ۇستىپ	83
مەنى	كورە	89
مەنى	ۇيتىپ	53
مەنى	ماس	103
مەنى	ايتاسىڭ	95
مەنى	ۇتىرىك	73
مەنى	ۇستاپ	83
مەنى	قايتەسىڭ	79
مەنى	سات	105
مەنى	ساتىپ	99
مەنى	ەشكىم	81
مەنى	بىلەسىڭ	107
مەنى	شاقىر	91
مەنى	شاقىرىپ	93
مەنى	قوناق	105
مەنى	وسىنداي	78
مەنى	سۇيىپ	80
مەنى	باعىپ	102
مەنى	نەكە	101
مەنى	ەلگە	90
مەنى	شعارىپ	104
مەنى	نەدەپ	85
مەنى	الداپ	87
مەنى	قۇشاقتاپ	106
مەنى	جۇىپ	96
مەنى	جولعا	99
مەنى	ۇيشىڭعا	73
مەنى	ساعنىپ	91
مەنى	وستىپ	68
مەنى	اپتەن	89
مەنى	تۇسىن	98
مەنى	تۇسىنىپ	92
مەنى	كەشىر	106
مەنى	بۇيتىپ	93
مەنى	سونشا	106
مەنى	قوسا	83
مەنى	اقىماق	89
مەنى	يت	57
مەنى	ۇمتىپ	64
مەنى	شاقىرعان	95
مەنى	جەك	95
مەنى	ابدەن	105
مەنى	كورسە	101
مەنى	كورسەڭ	98
مەنى	كورمەي	103
مەنى	جندى	100
مەنى	رازى	102
مەنى	جۋا	93
مەنى	ۇشىرىپ	106
مەنى	قۋىپ	103
مەنى	مۇتىپ	99
مەنى	ويلاعان	94
مەنى	جەكەلىككە	89
مەنى	زدەپ	92
مەنى	سۇراسا	100
مەنى	يىت	89
مەنى	قانشالىق	98
مەنى	بوقتاپ	85
مەنى	كۇرسە	85
مەنى	كۇرسەڭ	106
مەنى	وشىرىپ	71
مەنى	قولداپ	100
مەنى	توسا	92
مەنى	كوردىڭبە	84
مەنى	كەشىرشى	105
مەنى	سىناپ	96
مەنى	سۇيگەن	48
مەنى	ساعىندىڭبا	103
مەنى	تۇسنىپ	78
مەنى	تانىپ	93
مەنى	اڭدىپ	100
مەنى	بۇزىق	69
مەنى	قوسشى	101
مەنى	ويلاساڭ	102
مەنى	تۇسىنبەي	102
مەنى	تانىماي	101
مەنى	شىنايى	92
مەنى	نەعىلاسىڭ	107
مەنى	تانيتىن	93
مەنى	اقماق	105
مەنى	قيناپ	98
مەنى	ويلاماي	94
مەنى	ۇيشڭعا	81
مەنى	مازالاما	96
مەنى	وبالدى	92
مەنى	كورگەندە	88
مەنى	جويىپ	107
مەنى	ۇيقتاتىپ	90
مەنى	ەلەمەي	105
مەنى	مازاق	89
مەنى	تانيسىڭبا	99
مەنى	تانيدى	103
مەنى	قوسىڭىز	81
مەنى	كوزگە	93
مەنى	تۇسىنەتىن	80
مەنى	جامانداپ	96
مەنى	سۇيسەڭ	101
مەنى	تۇسىنبەيسىڭ	100
مەنى	الداي	105
مەنى	جاقتىرماي	83
مەنى	ۇيشىڭنان	99
مەنى	تۇسىنسەڭ	107
مەنى	شاقىرساڭ	94
مەنى	تۇسىنشى	100
مەنى	قيميدانعا	92
مەنى	ولتىرىپ	94
مەنى	جىلاتىپ	101
مەنى	گۋانجۋ	101
مەنى	كورگىڭ	104
مەنى	الدادىڭ	104
مەنى	سۇيەسىڭبە	101
مەنى	الداما	103
مەنى	ويلايسىڭبا	106
مەنى	ىزدەمە	77
مەنى	وياتا	82
مەنى	ساعندىڭبا	103
مەنى	الداماشى	90
مەنى	ىزدەمەي	102
مەنى	شاقىرماي	101
مەنى	ساعىنبادىڭبا	101
مەنى	توسپاي	91
مەنى	سۇيگەنىڭ	101
مەنى	كۇرگىڭ	95
مەنى	ويلادىڭبا	94
مەنى	تانىدىڭبا	91
مەنى	الاڭداتپاي	98
مەنى	مەنسىنبەي	92
مەنى	قيناماشى	106
مەنى	ەرتپەي	100
مەنى	الاكەت	98
مەنى	سۇيمەيسىڭ	88
مەنى	قوسىڭىزشى	106
مەنى	بولاما	84
مەنى	تەز	93
مەنى	ايتتى	69
مەنى	ەڭ	66
مەنى	بەكەر	59
مەنى	تارتىپ	107
مەنى	ۇمىت	106
مەنى	وتىرىك	106
مەنى	سۇيەم	107
مەنى	شۇنگە	99
مەنى	كۇرە	77
مەنى	دالاعا	105
مەنى	ۇزىڭە	53
مەنى	كورگەن	77
مەنى	وسىلاي	76
مەنى	كۇرمەي	91
مەنى	كۇردىڭبە	91
مەنى	ۇيشىنعا	66
مەنى	قوسپاي	98
مەنى	تۇسىنەسىڭ	106
مەنى	ىزدەيدى	89
مەنى	سۇيەتىن	93
مەنى	ەلەپ	96
مەنى	سۇيەدى	100
مەنى	سۇيەسىڭ	101
مەنى	ۇلتىرىپ	93
مەنى	جۋاسال	96
مەنى	قيناما	94
مەنى	ۇنقاتقا	96
مەنى	سۇيمەيدى	100
مەنى	شاقىرمايسىڭبا	106
مەنى	ەرتبەي	104
مەنى	الاڭداتپاشى	107
مەنىڭ	عوي	100
مەنىڭ	جان	97
مەنىڭ	جانىم	85
مەنىڭ	مەن	34
مەنىڭ	جاقسى	95
مەنىڭ	بىر	71
مەنىڭ	سول	46
مەنىڭ	نە	91
مەنىڭ	نەعىپ	71
مەنىڭ	بار	64
مەنىڭ	سەن	85
مەنىڭ	ەندى	88
مەنىڭ	راحىمەت	108
مەنىڭ	ماقۇل	86
مەنىڭ	بۇگىن	108
مەنىڭ	مەندە	91
مەنىڭ	ەكى	91
مەنىڭ	مەنىڭ	97
مەنىڭ	قاي	70
مەنىڭ	ول	72
مەنىڭ	قايدا	78
مەنىڭ	سەنى	99
مەنىڭ	ساعان	103
مەنىڭ	وسى	59
مەنىڭ	تەلەفون	82
مەنىڭ	ايتىپ	108
مەنىڭ	دوسىم	107
مەنىڭ	كىم	85
مەنىڭ	اق	105
مەنىڭ	ۇز	106
مەنىڭ	تاعى	102
مەنىڭ	بىراز	84
مەنىڭ	مىنا	82
مەنىڭ	قانداي	103
مەنىڭ	باسقا	109
مەنىڭ	سەنىڭ	76
مەنىڭ	انا	98
مەنىڭ	ۇش	84
مەنىڭ	وز	95
مەنىڭ	كوڭىل	104
مەنىڭ	بالا	106
مەنىڭ	سەندە	105
مەنىڭ	ايتقان	31
مەنىڭ	عانا	106
مەنىڭ	قارا	93
مەنىڭ	ەش	101
مەنىڭ	ۇلكەن	105
مەنىڭ	بۇل	92
مەنىڭ	جامان	85
مەنىڭ	اينالايىن	104
مەنىڭ	ءبىر	94
مەنىڭ	تۋىلعان	95
مەنىڭ	شىن	96
مەنىڭ	جۇرەگىم	107
مەنىڭ	العان	96
مەنىڭ	جالعىز	89
مەنىڭ	تاتتى	80
مەنىڭ	تاتتىم	82
مەنىڭ	ماڭگى	102
مەنىڭ	ەڭ	95
مەنىڭ	الگى	71
مەنىڭ	ونداي	17
مەنىڭ	ۇزىم	93
مەنىڭ	ساعىنىپ	94
مەنىڭ	باسىم	95
مەنىڭ	وزىم	72
مەنىڭ	بالام	64
مەنىڭ	اكە	102
مەنىڭ	سەنەن	57
مەنىڭ	بارلىق	88
مەنىڭ	باۋىرىم	91
مەنىڭ	اپام	86
مەنىڭ	كۇڭىل	79
مەنىڭ	التىن	99
مەنىڭ	ۇيقىم	104
مەنىڭ	كۇنىم	93
مەنىڭ	التىنىم	108
مەنىڭ	اعام	101
مەنىڭ	سۇيەم	105
مەنىڭ	ۇزىڭدى	98
مەنىڭ	اتام	88
مەنىڭ	جۇرەك	49
مەنىڭ	قىزىم	57
مەنىڭ	سارى	65
مەنىڭ	شەشەم	90
مەنىڭ	تۋعان	102
مەنىڭ	اكەم	107
مەنىڭ	اتىم	87
مەنىڭ	كوز	98
مەنىڭ	ۇيشىڭ	88
مەنىڭ	كەمپىرىم	108
مەنىڭ	سۇيكىمدى	82
مەنىڭ	ناعاشى	58
مەنىڭ	دانىم	58
مەنىڭ	قايىن	107
مەنىڭ	بۇرىنعى	96
مەنىڭ	اقشام	104
مەنىڭ	قولىم	99
مەنىڭ	شالىم	106
مەنىڭ	اقشامدى	79
مەنىڭ	ايتقانىم	100
مەنىڭ	قاسىمدا	92
مەنىڭ	سىڭىلىم	75
مەنىڭ	ۇلىم	71
مەنىڭ	باسىمدى	106
مەنىڭ	اياۋلى	97
مەنىڭ	اياۋلىم	99
مەنىڭ	ىنىم	86
مەنىڭ	جەڭگەم	109
مەنىڭ	ىشىم	69
مەنىڭ	بوتام	102
مەنىڭ	جەكە	99
مەنىڭ	اپەكەم	106
مەنىڭ	دوستىق	91
مەنىڭ	ويىم	81
مەنىڭ	كوڭىلىم	110
مەنىڭ	اياعىم	50
مەنىڭ	كوزىم	106
مەنىڭ	تەلەفونىم	69
مەنىڭ	بەلىم	108
مەنىڭ	اشۋىم	95
مەنىڭ	جانىمدا	110
مەنىڭ	قارىنداسىم	96
مەنىڭ	ايتارىم	99
مەنىڭ	بالامدى	106
مەنىڭ	كۇزىم	85
مەنىڭ	ميىم	58
مەنىڭ	بالاما	88
مەنىڭ	امالىم	109
مەنىڭ	بايىم	106
مەنىڭ	ماشينام	106
مەنىڭ	قۇرساعىم	104
مەنىڭ	تۇسىمە	99
مەنىڭ	كۇڭىلىم	96
مەنىڭ	جەزدەم	97
مەنىڭ	قاتىنىم	78
مەنىڭ	اكەمنىڭ	84
مەنىڭ	جۇمىسىم	77
مەنىڭ	قاسىما	106
مەنىڭ	ەركەم	99
مەنىڭ	بەتىم	93
مەنىڭ	جانىمدى	78
مەنىڭ	تاماعىم	91
مەنىڭ	دوستارىم	104
مەنىڭ	جانىما	83
مەنىڭ	تومپاعىم	104
مەنىڭ	ءتاتتىم	75
مەنىڭ	ۇيىم	94
مەنىڭ	جۇرەگىمدى	107
مەنىڭ	قانىم	92
مەنىڭ	تەلەفونىمدى	90
مەنىڭ	بالامنىڭ	108
مەنىڭ	ساباقتاسىم	89
مەنىڭ	سوزىم	76
مەنىڭ	قاسمدا	104
مەنىڭ	بوتاقانىم	92
مەنىڭ	كۇيەۋىم	89
مەنىڭ	جىگىتىم	109
مەنىڭ	سۇزىم	71
مەنىڭ	نومىرىم	102
مەنىڭ	قولىمنان	95
مەنىڭ	جاعدايىم	95
مەنىڭ	بەتىمدى	74
مەنىڭ	ۋاقىتىم	85
مەنىڭ	شاشىم	90
مەنىڭ	سوزىمدى	107
مەنىڭ	جۇمسىم	93
مەنىڭ	باسىما	105
مەنىڭ	ايەلىم	82
مەنىڭ	ميىمدى	92
مەنىڭ	ەسىمدە	96
مەنىڭ	كوزىمە	88
مەنىڭ	ارمانىم	80
مەنىڭ	سۇزىمدى	105
مەنىڭ	ۇيىمە	109
مەنىڭ	الدىمدا	82
مەنىڭ	ناعاشىم	79
مەنىڭ	جۇرەكىم	104
مەنىڭ	ۋاقتىم	99
مەنىڭ	اتىمدى	107
مەنىڭ	بەتىمە	77
مەنىڭ	سۇيگەنىم	96
مەنىڭ	جانمدا	96
مەنىڭ	مازامدى	96
مەنىڭ	زاتىم	107
مەنىڭ	قاسىمداعى	86
مەنىڭ	جۇرەگىمدە	103
مەنىڭ	نۇمىرىم	78
مەنىڭ	ادامىم	96
مەنىڭ	قولىمدا	109
مەنىڭ	بالالارىم	88
مەنىڭ	جۇرەگىمە	109
مەنىڭ	تىلىمدى	98
مەنىڭ	عاشىعىم	108
مەنىڭ	ماشينامدى	107
مەنىڭ	شايىم	107
مەنىڭ	ورنىما	104
مەنىڭ	جولداسىم	80
مەنىڭ	قاتسىم	102
مەنىڭ	كوڭىلىمدى	102
مەنىڭ	تەلەپونىم	102
مەنىڭ	كەلىنشەگىم	82
مەنىڭ	قاقىم	110
مەنىڭ	ۇيمە	96
مەنىڭ	جۇمىسىمدى	99
مەنىڭ	جىگتىم	100
مەنىڭ	جگتىم	88
مەنىڭ	جۇرەگىمنىڭ	101
مەنىڭ	ويىمدا	90
مەنىڭ	ايتقانىمدى	103
مەنىڭ	جانىمداعى	100
مەنىڭ	ايلىعىم	106
مەنىڭ	ۇيىمدى	108
مەنىڭ	قاسما	96
مەنىڭ	باسىمنان	77
مەنىڭ	قادىرىمدى	98
مەنىڭ	ارتىمنان	91
مەنىڭ	زاتىمدى	107
مەنىڭ	مىنەزىم	99
مەنىڭ	ويلاعانىم	69
مەنىڭ	نارسەمدى	106
مەنىڭ	كەرەگىم	109
مەنىڭ	ماحاباتىم	105
مەنىڭ	جانما	96
مەنىڭ	ىسىم	91
مەنىڭ	قاتىسىم	102
مەنىڭ	نومىرىمدى	94
مەنىڭ	سوزىمە	98
مەنىڭ	بارلىعىم	92
مەنىڭ	نۇمىرىمدى	96
مەنىڭ	توبىما	109
مەنىڭ	كۇڭىلىمدى	87
مەنىڭ	جانىمسىڭ	93
مەنىڭ	سۇزىمە	96
مەنىڭ	تىلمدى	107
مەنىڭ	ۇيىمدە	100
مەنىڭ	دەنساۋلىعىم	79
مەنىڭ	ورنىمدا	95
مەنىڭ	جاعدايىمدى	101
مەنىڭ	تەلەپونىمدى	106
مەنىڭ	تەلەفونىما	97
مەنىڭ	قوينىما	105
مەنىڭ	قاجەتىم	110
مەنىڭ	قاتەلىگىم	109
مەنىڭ	تەلەفونىمدا	79
مەنىڭ	ۇيشىڭىم	104
مەنىڭ	ۇيشىڭىمدى	104
مەنىڭ	اتىمدا	108
مەنىڭ	كوڭىلىمدە	101
مەنىڭ	ايتقانىما	107
مەنىڭ	ورنما	108
مەنىڭ	كەسىرىم	105
مەنىڭ	ورىنما	102
مەنىڭ	تۇبىمە	104
مەنىڭ	قاتەلگىم	103
مەنىڭ	جۇمساعىم	107
مەنىڭ	جۇرەگىمسىڭ	106
مەنىڭ	ورنمدا	108
مەنىڭ	ارقامدا	109
مەنىڭ	ورىنمدا	106
مەنىڭ	ەرتەڭ	103
مەنىڭ	وت	65
مەنىڭ	توي	110
مەنىڭ	باس	100
مەنىڭ	قاتتى	109
مەنىڭ	جاقىن	63
مەنىڭ	تاپ	82
مەنىڭ	كىشى	76
مەنىڭ	بارعىم	74
مەنىڭ	الدىما	88
مەنىڭ	ەشقانداي	107
مەنىڭ	قانشالىق	66
مەنىڭ	موتام	93
مەنىڭ	كۇشىگىم	94
مەنىڭ	اعامنىڭ	107
مەنىڭ	كىندىك	98
مەنىڭ	سۇيكتىم	68
مەنىڭ	التنىم	97
مەنىڭ	قىزىمدى	92
مەنىڭ	كوڭلىم	106
مەنىڭ	اسىلىم	82
مەنىڭ	تويىم	98
مەنىڭ	ساعىنشىم	97
مەنىڭ	تۋىسىم	106
مەنىڭ	وندايىم	96
مەنىڭ	ساعىنىشىم	100
مەنىڭ	بالامدا	103
مەنىڭ	موتامدى	105
مەنىڭ	تويىما	102
مەنىڭ	سەميام	108
مەنىڭ	باقىتىم	87
مەنىڭ	ماشيناما	109
مەنىڭ	ادەمىسىڭ	104
مەنىڭ	سۇيكەنىم	93
مەنىڭ	ايتپاقشىم	110
مەنىڭ	تويىمدا	102
مەنىڭ	اياۋىلىم	110
قاي	جاق	108
قاي	قاي	84
قاي	كۇنى	66
قاي	كەز	16
قاي	كەزدە	81
قاي	ۋاق	11
قاي	ۋاقىت	51
قاي	جەر	44
قاي	جەردە	19
قاي	جەرگە	60
قاي	جاققا	76
قاي	قايداعى	15
قاي	جەردەن	73
قاي	جولى	14
قاي	ەل	73
قاي	جاقتا	43
قاي	جىلى	77
قاي	كۇننەن	61
قاي	كۇنگە	49
قاي	جەرى	17
قاي	ۋاقىتتا	79
قاي	جاقتان	90
قاي	جاعى	70
قاي	كۇنگى	45
قاي	جەرىڭ	91
قاي	جەردى	62
قاي	جەردىڭ	80
قاي	جەرىم	44
قاي	قايداعىنى	46
قاي	جەرىن	68
قاي	جاعىنان	60
قاي	ۋاقتا	72
قاي	زامان	28
قاي	ۋاقتتا	54
قاي	جەرلىك	65
قاي	قاشاندا	79
قاي	جەرىڭدى	72
قاي	جەركە	88
قاي	جاعىندا	41
قاي	جەردەگى	68
قاي	قايداعنى	69
قاي	جەرىنە	62
قاي	ماڭدا	71
قاي	گۇنى	49
قاي	كەزدەگى	83
قاي	اۋىلدان	84
قاي	جىلعى	56
قاي	جەرىندە	90
قاي	ماڭايدا	93
قاي	جەرىڭە	61
قاي	جەرىنەن	94
قاي	جەرىمدى	49
قاي	جەردىكى	49
قاي	ۇاقتا	66
قاي	جىلدىكى	57
قاي	كۇنىمە	90
قاي	ۇاقىتتا	93
قاي	ۋاقىتا	77
قاي	كۇنكى	65
قاي	ۇاقتتا	96
قاي	جەردەسىڭ	95
قاي	كۇنمە	84
قاي	جەرندە	81
قاي	جەردكى	72
قاي	جەرنەن	84
قاي	بەتىڭمەن	79
قاي	ۋاقىتتاردا	93
قاي	جىلدىكىسىڭ	81
قاي	ۋاقتاردا	92
قاي	ەلسىڭ	87
قاي	جەرىڭنەن	67
قاي	جاقپەن	94
قاي	جاعىمەن	79
قاي	جەرنە	95
قاي	جەرىندەسىڭ	87
قايىر	جوق	107
قايىرلى	بولسىن	9
قايىرلى	كۇن	44
قايىرلى	تاڭ	35
قايىرلى	كەش	5
قايىرلى	تۇن	12
قايىرلى	تۇس	12
قايىرلى	تۇستەن	16
قايىرلى	ءتۇن	94
قايىرلى	ءتۇس	77
بولا	عوي	109
بولا	قالدى	40
بولا	بەر	18
بولا	الماي	33
بولا	سالىپ	36
بولا	بەرەدى	58
بولا	قالادى	16
بولا	بەرسىن	36
بولا	بەرەتىن	45
بولا	المايمىن	54
بولا	بەرسە	47
بولا	المايسىڭ	16
بولا	المادىم	51
بولا	المايدى	61
بولا	قالسا	47
بولا	مەكەن	33
بولا	المايتىن	60
بولا	بەرمەيدى	55
بولا	بەرەمە	56
بولا	المايمىز	52
بولا	الماۋ	65
بولا	كوڭىلسىز	51
بولادى	عوي	56
بولادى	جانىم	15
بولادى	مەن	28
بولادى	دەپ	61
بولادى	جاقسى	36
بولادى	بولدى	42
بولادى	ەكەن	103
بولادى	بىر	11
بولادى	سول	70
بولادى	نە	68
بولادى	سەن	92
بولادى	ەندى	77
بولادى	راحىمەت	68
بولادى	ماقۇل	69
بولادى	قوي	58
بولادى	ال	73
بولادى	الىپ	103
بولادى	وندا	69
بولادى	كەل	98
بولادى	يا	104
بولادى	ەرتەڭ	101
بولادى	ادام	108
بولادى	بۇگىن	80
بولادى	مەندە	87
بولادى	سودان	97
بولادى	ماعان	102
بولادى	بارى	92
بولادى	بارىپ	91
بولادى	ەكى	86
بولادى	مەنى	108
بولادى	مەنىڭ	104
بولادى	بولادى	101
بولادى	ول	81
بولادى	سەنى	104
بولادى	ساعان	82
بولادى	وسى	101
بولادى	جارايدى	91
بولادى	دەيدى	88
بولادى	تەلەفون	51
بولادى	ايتىپ	92
بولادى	دوسىم	105
بولادى	كىم	96
بولادى	دەگەن	108
بولادى	ونى	99
بولادى	بىراق	70
بولادى	ۇزىڭ	67
بولادى	تاعى	100
بولادى	كوپ	108
بولادى	تاڭەرتەڭ	103
بولادى	بىراز	105
بولادى	باسقا	103
بولادى	سەنىڭ	84
بولادى	كەشتە	105
بولادى	از	108
بولادى	ازىر	107
بولادى	سوندا	106
بولادى	وزىڭ	103
بولادى	ايتەۋ	90
بولادى	اعا	48
بولادى	دەسە	89
بولادى	دەسەم	98
بولادى	وعان	107
بولادى	سونى	98
بولادى	ەكەنسىڭ	105
بولادى	بۇل	105
بولادى	جەجە	103
بولادى	ەي	66
بولادى	ودان	75
بولادى	ەمەسپە	97
بولادى	دەشى	106
بولادى	ەكەم	88
بولادى	ەكەمىز	76
بولادى	دەدى	104
بولادى	دەدىم	100
بولادى	ونداي	99
بولادى	باعاسى	107
بولادى	ايتشى	96
بولادى	بۇيىرسا	106
بولادى	دەسەڭ	87
بولادى	دەيسىڭ	83
بولادى	عۇي	101
بولادى	الاڭداما	106
بولادى	ورنى	108
بولادى	ايتەۇ	97
بولادى	ءايتەۋ	93
بولادى	ەگەن	101
بولادى	ەكەنبىز	91
بولادى	ەكەنعوي	105
بولادى	قاي	93
بولادى	توي	78
بولادى	قاشان	105
بولادى	بىز	105
بولادى	تەك	97
بولادى	راقىمەت	101
بولادى	ەكەنمىن	105
بولادى	سوندىقتان	99
نەگە	جانىم	107
نەگە	مەن	36
نەگە	دەپ	63
نەگە	جوق	79
نەگە	جاقسى	93
نەگە	بولدى	73
نەگە	ەكەن	102
نەگە	بىر	103
نەگە	سول	71
نەگە	نە	97
نەگە	سەن	84
نەگە	ەندى	89
نەگە	راحىمەت	105
نەگە	ماقۇل	106
نەگە	الىپ	107
نەگە	وندا	93
نەگە	كەلىپ	74
نەگە	ەرتە	102
نەگە	ادام	92
نەگە	بۇگىن	71
نەگە	ماعان	86
نەگە	بارىپ	101
نەگە	ەكى	67
نەگە	مەنى	101
نەگە	مەنىڭ	66
نەگە	نەگە	94
نەگە	ول	92
نەگە	سەنى	82
نەگە	ساعان	100
نەگە	وسى	94
نەگە	تاماق	82
نەگە	دەيدى	93
نەگە	ۇيگە	45
نەگە	تەلەفون	102
نەگە	ايتىپ	104
نەگە	بىرگە	105
نەگە	كەتتى	79
نەگە	اقشا	78
نەگە	بىراق	94
نەگە	ىشىپ	102
نەگە	قويشى	101
نەگە	كوپ	95
نەگە	كەتىپ	94
نەگە	بىراز	105
نەگە	باس	108
نەگە	الماي	97
نەگە	قايتا	77
نەگە	جولداپ	79
نەگە	سوندا	79
نەگە	تەز	104
نەگە	اتىپ	104
نەگە	كەرەك	95
نەگە	اۋىرىپ	91
نەگە	بەرە	103
نەگە	شىعىپ	97
نەگە	بارا	106
نەگە	بارام	100
نەگە	ۇيات	96
نەگە	كەلە	103
نەگە	ايتا	109
نەگە	تۇسىپ	99
نەگە	قوسىپ	104
نەگە	ەي	104
نەگە	سۇراپ	107
نەگە	جامان	93
نەگە	ايتام	89
نەگە	توي	105
نەگە	جاي	108
نەگە	شارشاپ	72
نەگە	بولمايدى	90
نەگە	جۋىپ	85
نەگە	سونداي	75
نەگە	سۇيتىپ	94
نەگە	قاتە	105
نەگە	كەلمەي	101
نەگە	سويلەپ	107
نەگە	تارتىپ	76
نەگە	بىلمەي	104
نەگە	قويا	104
نەگە	تاستاپ	109
نەگە	باسىپ	84
نەگە	كەلمەيدى	104
نەگە	مەنەن	71
نەگە	اراق	106
نەگە	شىعارىپ	106
نەگە	سۇيلەپ	100
نەگە	ىزدەپ	91
نەگە	اياق	102
نەگە	ەرتىپ	99
نەگە	بارادى	108
نەگە	قولايسىز	97
نەگە	ايتادى	68
نەگە	جاۋا	96
نەگە	جاۋاپ	109
نەگە	قايتارىپ	67
نەگە	المايسىڭ	104
نەگە	ۇستىپ	51
نەگە	رەنجىپ	107
نەگە	ۇيتىپ	92
نەگە	ايتاسىڭ	109
نەگە	ۇتىرىك	76
نەگە	وتىرىك	86
نەگە	كەلدىڭ	24
نەگە	شپيىڭ	77
نەگە	كەلەسىڭ	75
نەگە	شاقىرىپ	98
نەگە	بەرمەي	82
نەگە	المايدى	108
نەگە	ۇندەمەي	109
نەگە	جاۋىپ	107
نەگە	وسىنداي	17
نەگە	سويلەمەي	72
نەگە	سويلەمەيسىڭ	65
نەگە	باراسىڭ	89
نەگە	ۇيقىڭ	96
نەگە	جىلاپ	102
نەگە	الاسىڭ	107
نەگە	شعارىپ	109
نەگە	شىپيىڭ	71
نەگە	ەكەنىن	89
نەگە	تەلەپون	94
نەگە	بەرەسىڭ	107
نەگە	قورقىپ	97
نەگە	قاشىپ	104
نەگە	شىقپاي	80
نەگە	جۇىپ	97
نەگە	جەتەدى	106
نەگە	سۇيلەمەي	108
نەگە	وستىپ	68
نەگە	ولاي	96
نەگە	باردىڭ	76
نەگە	بۇيتىپ	63
نەگە	كۇلىپ	102
نەگە	سونشا	102
نەگە	اقىماق	85
نەگە	قابارسىز	108
نەگە	وسىلاي	90
نەگە	بەرمەيدى	76
نەگە	كەلمەيسىڭ	105
نەگە	اكام	101
نەگە	ۇشىرىپ	84
نەگە	جوعالىپ	93
نەگە	ۇيقتاماي	86
نەگە	المادىڭ	83
نەگە	قورقام	97
نەگە	وشىرىپ	95
نەگە	اۋرە	104
نەگە	سەنبەي	97
نەگە	اۋىرادى	108
نەگە	بارمايدى	102
نەگە	سۇيلەمەيسىڭ	101
نەگە	سەنبەيسىڭ	66
نەگە	اسىعىپ	66
نەگە	تۇسىنبەي	98
نەگە	ايتپايسىڭ	103
نەگە	بىلمەيسىڭ	57
نەگە	اشۋلانىپ	106
نەگە	اۋىرە	88
نەگە	كوڭىلسىز	106
نەگە	سۇيتەسىڭ	78
نەگە	ىشەسىڭ	98
نەگە	قابارلاسپاي	109
نەگە	ايتپايدى	78
نەگە	كۇلەسىڭ	89
نەگە	بۇلاي	90
نەگە	بەرمەيسىڭ	99
نەگە	قورقاسىڭ	96
نەگە	كەلمەدىڭ	58
نەگە	ايتبايسىڭ	91
نەگە	بارمايسىڭ	89
نەگە	كەرگىپ	87
نەگە	سويلەمەيدى	96
نەگە	ۇيىقتاماي	105
نەگە	ايتپادىڭ	101
نەگە	بارمادىڭ	64
نەگە	قوستىڭ	85
نەگە	سۇيلەمەيدى	88
نەگە	تۇسىنبەيسىڭ	72
نەگە	رەنجيمىن	109
نەگە	جابا	106
نەگە	سۇرادىڭ	96
نەگە	سۇرايسىڭ	86
نەگە	ايتبادىڭ	80
نەگە	جۋاسىڭ	105
نەگە	ۇردىڭ	105
نەگە	كۇلدىڭ	93
نەگە	قاشقالاقتاپ	100
نەگە	جولدادىڭ	99
نەگە	ۇندەمەيسىڭ	106
نەگە	ۇقپايسىڭ	80
نەگە	جولدايسىڭ	105
نەگە	وسىنشا	93
نەگە	رەنجيسىڭ	80
نەگە	قاشاسىڭ	103
نەگە	جولدامايسىڭ	96
نەگە	الدايسىڭ	102
نەگە	قوساسىڭ	109
نەگە	ۇيتەسىڭ	87
نەگە	ويلامايسىڭ	96
نەگە	ۇيالاسىڭ	73
نەگە	ۇيتەدى	84
نەگە	قابارلاسپايسىڭ	96
نەگە	ۇراسىڭ	81
نەگە	جىلايسىڭ	105
نەگە	الاڭدايسىڭ	90
نەگە	شاقىرمايسىڭ	91
نەگە	سوقتىڭ	82
نەگە	جۋدىڭ	103
نەگە	ۇيقتامايسىڭ	104
نەگە	سۇرامايسىڭ	109
نەگە	ىشپەيسىڭ	105
نەگە	جۇاسىڭ	95
نەگە	ۇيتتى	99
نەگە	ۇيتتىڭ	100
نەگە	قوسپايسىڭ	106
نەگە	رەنجىيمىن	104
نەگە	ىرەنجيمىن	98
نەگە	بۇيتەسىڭ	88
نەگە	ۇيتىڭ	95
نەگە	جاباسىڭ	93
نەگە	اپارىپ	103
نەگە	كەلەدى	82
نەگە	جالعىز	105
نەگە	سولاي	65
نەگە	ەرتەرەك	104
نەگە	سوز	77
نەگە	پالە	71
نەگە	كەتەسىڭ	100
نەگە	ايتپاي	80
نەگە	گۋانجي	102
نەگە	جويىپ	98
نەگە	ۇيقتامادىڭ	89
نەگە	ۇستيسىڭ	98
نەگە	شاقىرمادىڭ	96
نەگە	قوستىڭىز	93
جاتىرمىن	عوي	104
جاتىرمىن	جانىم	17
جاتىرمىن	مەن	19
جاتىرمىن	دەپ	81
جاتىرمىن	جاقسى	53
جاتىرمىن	بىر	91
جاتىرمىن	سول	74
جاتىرمىن	نە	41
جاتىرمىن	سەن	90
جاتىرمىن	ەندى	74
جاتىرمىن	راحىمەت	73
جاتىرمىن	قوي	102
جاتىرمىن	الى	88
جاتىرمىن	كەلىپ	99
جاتىرمىن	ەرتەڭ	98
جاتىرمىن	بۇگىن	75
جاتىرمىن	مەندە	74
جاتىرمىن	سودان	89
جاتىرمىن	ەكى	90
جاتىرمىن	ول	70
جاتىرمىن	سەنى	91
جاتىرمىن	ساعان	101
جاتىرمىن	وسى	84
جاتىرمىن	تاماق	98
جاتىرمىن	دەيدى	91
جاتىرمىن	ۇي	74
جاتىرمىن	ۇيدە	107
جاتىرمىن	ۇيگە	46
جاتىرمىن	تەلەفون	56
جاتىرمىن	كۇن	79
جاتىرمىن	دوسىم	91
جاتىرمىن	اقشا	107
جاتىرمىن	دەگەن	107
جاتىرمىن	بىراق	82
جاتىرمىن	ۇزىڭ	104
جاتىرمىن	قاربالاس	104
جاتىرمىن	تاڭەرتەڭ	84
جاتىرمىن	بىراز	92
جاتىرمىن	كەشتە	85
جاتىرمىن	از	93
جاتىرمىن	ازىر	102
جاتىرمىن	كەشە	95
جاتىرمىن	جۇمىس	102
جاتىرمىن	وزىڭ	104
جاتىرمىن	ايتەۋ	87
جاتىرمىن	اعا	100
جاتىرمىن	دەسەم	105
جاتىرمىن	اۋىرىپ	105
جاتىرمىن	تۇندە	101
جاتىرمىن	ۇيات	99
جاتىرمىن	قازىر	99
جاتىرمىن	ەمەسپە	79
جاتىرمىن	دەشى	106
جاتىرمىن	شارشاپ	103
جاتىرمىن	تۇستەن	93
جاتىرمىن	دەدىم	104
جاتىرمىن	جالعىز	90
جاتىرمىن	بەكەر	98
جاتىرمىن	باسىم	100
جاتىرمىن	دەم	82
جاتىرمىن	قۇرسىن	100
جاتىرمىن	ۇيقىم	82
جاتىرمىن	دەمالىپ	103
جاتىرمىن	رەنجىمە	98
جاتىرمىن	باياعى	100
جاتىرمىن	ۇيقتايىن	93
جاتىرمىن	جاتاقتا	102
جاتىرمىن	وزىڭشى	97
جاتىرمىن	ۇزىڭشى	94
جاتىرمىن	قاشان	88
جاتىرمىن	تاعى	69
جاتىرمىن	ۇيقتاپ	91
جاتىرمىن	زەرىگىپ	89
ول	عوي	100
ول	جانىم	64
ول	مەن	99
ول	دەپ	40
ول	جوق	71
ول	بولسىن	73
ول	جاق	93
ول	جاقسى	75
ول	بىر	69
ول	سول	44
ول	نە	54
ول	نەعىپ	40
ول	بار	87
ول	سەن	64
ول	ەندى	77
ول	جاتىر	61
ول	قوي	98
ول	الى	102
ول	الىپ	84
ول	وندا	100
ول	كەلىپ	103
ول	ەرتە	56
ول	ەرتەڭ	104
ول	ادام	73
ول	بولسا	85
ول	بۇگىن	81
ول	تۇر	57
ول	ماعان	102
ول	بارىپ	73
ول	ەكى	103
ول	مەنى	45
ول	مەنىڭ	57
ول	قاي	79
ول	نەگە	54
ول	ول	62
ول	قايدا	53
ول	سەنى	62
ول	ساعان	107
ول	وسى	53
ول	تاماق	89
ول	قالاي	65
ول	ۇي	43
ول	ۇيدە	89
ول	ۇيگە	57
ول	تەلەفون	96
ول	كۇن	89
ول	دوسىم	69
ول	كىم	82
ول	كەتتى	95
ول	قالدى	96
ول	اقشا	77
ول	دەگەن	77
ول	كۇنى	101
ول	ەمەس	91
ول	بارما	68
ول	بىراق	65
ول	قانشا	74
ول	ۇز	45
ول	ۇزى	72
ول	قاشان	79
ول	قاربالاس	81
ول	ىشىپ	79
ول	تاعى	80
ول	كوپ	90
ول	كەتىپ	96
ول	تاڭەرتەڭ	99
ول	بىراز	101
ول	نەدەگەن	102
ول	قانداي	54
ول	باسقا	106
ول	سەنىڭ	62
ول	كەشتە	82
ول	راس	106
ول	از	88
ول	ازىر	94
ول	ىستەپ	82
ول	جۇر	55
ول	كەشە	90
ول	قايتا	81
ول	انا	100
ول	ۇيقتاپ	96
ول	قايتىپ	89
ول	ۇش	91
ول	سوندا	75
ول	جۇمىس	107
ول	وز	79
ول	وزى	75
ول	ايتەۋ	94
ول	اۋىرىپ	90
ول	تۇندە	105
ول	كەلدى	97
ول	كەز	65
ول	كەزدە	85
ول	بالا	88
ول	جاڭا	95
ول	ايتقان	103
ول	ايتقانىڭ	105
ول	كەلە	21
ول	قيىن	85
ول	دۇرىس	82
ول	ايتا	105
ول	ەشتەڭە	107
ول	ۇلكەن	90
ول	كۇندە	98
ول	مال	70
ول	قازىر	69
ول	جەر	106
ول	جەردە	66
ول	ماشينا	98
ول	قىز	41
ول	جامان	96
ول	قايدان	99
ول	كەلەدى	95
ول	توي	101
ول	جاي	102
ول	كەپ	91
ول	ءبىر	107
ول	كەتكەن	62
ول	ۇشىن	72
ول	بولمايدى	85
ول	بولماسا	55
ول	جەرگە	104
ول	باعانا	106
ول	سياقتى	106
ول	ەكەمىز	86
ول	قايسى	102
ول	جالعىز	65
ول	سونداي	90
ول	سۇيتىپ	104
ول	ءالى	82
ول	قاتە	106
ول	نارسە	25
ول	ماڭگى	93
ول	ونداي	100
ول	كىسى	101
ول	كەلگەن	86
ول	قىل	105
ول	بىزدىڭ	99
ول	قۇساپ	99
ول	سولاي	101
ول	جاققا	101
ول	دارى	92
ول	ناق	81
ول	وڭاي	85
ول	جىندى	100
ول	وتە	106
ول	ۇيىقتاپ	103
ول	قايداعى	99
ول	كەلمەيدى	92
ول	مەنەن	96
ول	اراق	96
ول	اقشانى	65
ول	كەلسە	108
ول	كەلگەندە	96
ول	سەنەن	98
ول	جەردەن	101
ول	جىگىت	73
ول	ايتادى	74
ول	كىسىلەر	86
ول	قاتىن	96
ول	تەك	87
ول	كۇندەر	87
ول	ايەل	97
ول	ماس	103
ول	ءوزى	107
ول	وتىرىك	92
ول	ەكەۋى	105
ول	جايلى	81
ول	ادامدى	52
ول	ۇيدى	86
ول	ۇيدىڭ	96
ول	جاقتا	91
ول	ۇتە	88
ول	كسى	93
ول	مۇمكىن	102
ول	نەدەيدى	99
ول	پالە	99
ول	تىپتى	102
ول	ۇيدەن	48
ول	ادامعا	101
ول	ايتقانىڭىز	96
ول	مەننەن	95
ول	نەمە	108
ول	نەمەنە	91
ول	كەتسە	95
ول	ادامنىڭ	95
ول	نەدەپ	101
ول	ادامدا	100
ول	جەرى	96
ول	ارام	99
ول	ەكەۋمىز	108
ول	كەلمەسە	78
ول	بالانى	104
ول	جاقتان	98
ول	جاعى	84
ول	جەرىڭ	100
ول	بالانىڭ	67
ول	بالاعا	101
ول	بىلمەيدى	83
ول	جەردى	95
ول	ەسەك	103
ول	جەردىڭ	87
ول	كەلگەنشە	103
ول	كسلەر	95
ول	ويىڭ	85
ول	دوسىڭ	100
ول	شۇندە	102
ول	ءۇشىن	108
ول	كىسىنى	107
ول	كىسىنىڭ	82
ول	جاعىن	73
ول	جەرىن	73
ول	جاعىنا	46
ول	جاعىنان	99
ول	نەربى	96
ول	بايقۇس	95
ول	سوزدى	104
ول	جوقتا	105
ول	بولماعان	95
ول	قىزدى	103
ول	سۇزدى	100
ول	باردا	105
ول	كىسلەر	97
ول	توپتا	106
ول	بارمايدى	98
ول	ەكەمىزدىڭ	90
ول	بالادا	104
ول	كسىلەر	86
ول	كسنى	91
ول	كسنىڭ	96
ول	جاقتاعى	106
ول	كىسىگە	107
ول	شىندىق	108
ول	جاقتى	83
ول	جاقتىڭ	98
ول	جاعىندا	108
ول	تۋرالى	76
ول	كەزدەگى	107
ول	كسگە	103
ول	قاتىندى	103
ول	كۇندەردە	101
ول	قىلسىن	90
ول	كىسگە	97
ول	كىسنى	102
ول	كىسنىڭ	103
ول	كىسىلەرگە	104
ول	كسىنىڭ	93
ول	كىسىدە	108
ول	جاعنان	106
ول	كىسىلەردىڭ	104
ول	كەزدەدە	92
ول	كسدە	104
ول	دەسىن	107
ول	كىسدە	86
ول	نەدەگەنىڭ	92
ول	كىسىلەردە	97
ول	كسىدە	101
ول	تويعا	95
ول	ويناپ	99
ول	جاس	95
ول	كەلمەي	99
ول	تاۋعا	78
ول	اشىق	57
ول	ۇيتىپ	90
ول	بارسا	106
ول	تويدا	100
ول	تاۋدا	107
ول	سىلتاۋ	101
ول	قايجەر	99
ول	قىزدىڭ	100
ول	جاقا	87
ول	جەركە	108
ول	بارماسا	86
ول	جاقتادا	77
قايدا	جانىم	94
قايدا	مەن	66
قايدا	دەپ	79
قايدا	جوق	81
قايدا	ەكەن	104
قايدا	بىر	35
قايدا	نە	76
قايدا	نەعىپ	75
قايدا	بار	103
قايدا	سەن	59
قايدا	ەندى	94
قايدا	جاتىر	107
قايدا	جاتىرسىڭ	95
قايدا	الى	84
قايدا	الىپ	106
قايدا	كەلىپ	98
قايدا	بولسا	93
قايدا	بۇگىن	94
قايدا	تۇر	102
قايدا	ماعان	41
قايدا	بارىپ	105
قايدا	نەگە	85
قايدا	ول	102
قايدا	قايدا	79
قايدا	وسى	93
قايدا	دەيدى	107
قايدا	ۇيدە	105
قايدا	تەلەفون	89
قايدا	وتىر	42
قايدا	دوسىم	99
قايدا	كەتتى	79
قايدا	قالدى	88
قايدا	بارما	93
قايدا	ىشىپ	101
قايدا	كەتى	81
قايدا	كەتىپ	92
قايدا	ەدى	90
قايدا	ىستەپ	53
قايدا	جۇر	110
قايدا	جول	31
قايدا	سوندا	110
قايدا	جۇمىس	98
قايدا	دەسە	92
قايدا	دەسەم	107
قايدا	كەلدى	100
قايدا	بارسىڭ	100
قايدا	بارا	108
قايدا	بارام	68
قايدا	كەلە	47
قايدا	جاتىپ	103
قايدا	قاراپ	89
قايدا	ەي	93
قايدا	اپارىپ	79
قايدا	كەتتىڭ	97
قايدا	قالدىڭ	100
قايدا	توي	78
قايدا	قويىپ	87
قايدا	كەتكەن	99
قايدا	بارايىن	106
قايدا	جۇرگەن	67
قايدا	بولسادا	18
قايدا	كەتەدى	76
قايدا	بارات	69
قايدا	باراتىن	99
قايدا	جۇرىپ	86
قايدا	جۇرسىڭ	96
قايدا	بارامىن	101
قايدا	ويناپ	19
قايدا	ەدىڭ	94
قايدا	تارتىپ	90
قايدا	ستەپ	103
قايدا	سىز	81
قايدا	بولدىڭ	76
قايدا	بارامىز	99
قايدا	وتىرسىڭ	50
قايدا	بارعان	49
قايدا	بارادى	46
قايدا	باۋىرىم	36
قايدا	دەيسىڭ	102
قايدا	كەلدىڭ	98
قايدا	بارسا	110
قايدا	بارسام	97
قايدا	كەتىپتى	100
قايدا	كەتەم	43
قايدا	قويدىڭ	106
قايدا	سىڭ	98
قايدا	بارايىق	109
قايدا	تۇرسىڭ	33
قايدا	باراسىڭ	95
قايدا	كەتپ	78
قايدا	ەكەنىن	107
قايدا	قاشىپ	76
قايدا	كەتەسىڭ	107
قايدا	قالعانىن	110
قايدا	جۇرسەڭ	100
قايدا	بولاسىڭ	41
قايدا	بارپ	92
قايدا	بارساڭ	89
قايدا	باردى	70
قايدا	باردىڭ	90
قايدا	كەلىپتى	109
قايدا	باردىم	102
قايدا	جاتام	105
قايدا	نەستەپ	81
قايدا	بارعالى	102
قايدا	بارمىز	97
قايدا	كەتىڭ	105
قايدا	بارساق	100
قايدا	جوعالىپ	72
قايدا	كەلدىڭىز	110
قايدا	ىشەمىز	102
قايدا	قاڭعىپ	105
قايدا	تۇراسىڭ	93
قايدا	اپارام	99
قايدا	كەزىگەمىز	105
قايدا	جاتاسىڭ	57
قايدا	كەلدىڭدەر	99
قايدا	كەتىڭىز	98
قايدا	جۇرسڭ	92
قايدا	وتىرامىز	95
قايدا	بولساڭدا	104
قايدا	ەكەنىڭدى	84
قايدا	اپارادى	108
قايدا	ۇيدەمە	47
قايدا	جۇردىڭ	100
قايدا	ساتادى	81
قايدا	كەتتڭ	55
قايدا	باراسڭ	101
قايدا	وتىرسىڭدار	100
قايدا	كەتتىڭىز	102
قايدا	جۇرسەڭدە	67
قايدا	وترسىڭ	104
قايدا	جۇرگەنىڭدى	90
قايدا	جۇرسىڭدەر	97
قايدا	باردىڭدار	109
قايدا	باراسىڭدار	106
قايدا	جۇرسىز	107
قايدا	بارسامدا	102
قايدا	تارتتىڭ	102
قايدا	كەتتىڭدەر	94
قايدا	بارساڭدا	106
قايدا	جۇرگەنىن	93
قايدا	بارعىڭ	86
قايدا	كەتكەنىن	76
قايدا	جۇرسەمدە	90
قايدا	اپاراسىڭ	87
قايدا	باراسىز	101
قايدا	بارسادا	85
قايدا	جۇرسەدە	107
قايدا	تارتىڭ	94
قايدا	جۇرسەكتە	105
قايدا	كەلدىڭىزدەر	98
قايدا	تارتىڭىز	103
قايدا	جۇرسەڭدەردە	110
قايدا	تارتتىڭىز	107
قايدا	تارتتىڭدار	108
قايدا	بولدى	61
قايدا	بولىپ	107
قايدا	تاماق	98
قايدا	سەنىڭ	73
قايدا	ۇيقتاپ	59
قايدا	كەتپتى	108
قايدا	جۇرسە	74
قايدا	قويام	105
قايدا	بولۋشى	94
قايدا	جاتادى	94
قايدا	جاتامىز	65
قايدا	بارىپتى	77
قايدا	قوناسىڭ	102
قايدا	بارساقتا	77
قايدا	جۇردىڭدەر	97
قايدا	جۇرسەڭىزدە	90
قايدا	كەلدڭدەر	89
قايدا	تارتىڭدار	92
قايدا	جۇردىڭىز	108
قايدا	بارارىمدى	107
سەنى	عوي	109
سەنى	جان	103
سەنى	جانىم	104
سەنى	مەن	41
سەنى	دەپ	104
سەنى	جوق	51
سەنى	جاقسى	76
سەنى	بىر	19
سەنى	سول	43
سەنى	نە	105
سەنى	نەعىپ	83
سەنى	سەن	82
سەنى	ەندى	95
سەنى	الى	76
سەنى	الىپ	93
سەنى	كەلىپ	57
سەنى	ادام	101
سەنى	بۇگىن	76
سەنى	مەندە	77
سەنى	ماعان	88
سەنى	بارىپ	87
سەنى	ەكى	99
سەنى	مەنى	90
سەنى	مەنىڭ	86
سەنى	نەگە	104
سەنى	ول	99
سەنى	قايدا	107
سەنى	سەنى	71
سەنى	وسى	80
سەنى	قالاي	102
سەنى	ۇيگە	70
سەنى	ايتىپ	99
سەنى	دوسىم	74
سەنى	كىم	86
سەنى	ەمەس	66
سەنى	بىراق	108
سەنى	قانشا	97
سەنى	قاشان	107
سەنى	تاعى	107
سەنى	كوپ	90
سەنى	بىراز	83
سەنى	نەدەگەن	91
سەنى	قانداي	107
سەنى	باسقا	86
سەنى	راس	94
سەنى	از	67
سەنى	قايتا	92
سەنى	ۇيقتاپ	77
سەنى	قايتىپ	102
سەنى	كورىپ	108
سەنى	تاۋىپ	55
سەنى	قاتتى	102
سەنى	عانا	36
سەنى	قيىن	109
سەنى	ەش	94
سەنى	كۇندە	102
سەنى	تۇسىپ	51
سەنى	قوسىپ	76
سەنى	اپارىپ	87
سەنى	كۇپ	81
سەنى	سۇراپ	102
سەنى	جامان	91
سەنى	قايدان	79
سەنى	ايتام	95
سەنى	كەلەدى	86
سەنى	قويىپ	89
سەنى	ويلاپ	99
سەنى	بىرەۋ	96
سەنى	ءبىر	21
سەنى	شىن	81
سەنى	كۇرىپ	96
سەنى	العان	106
سەنى	جۋىپ	83
سەنى	جالعىز	35
سەنى	جەپ	95
سەنى	سونداي	24
سەنى	سۇيتىپ	101
سەنى	قاتە	106
سەنى	ماڭگى	52
سەنى	ەڭ	71
سەنى	ونداي	89
سەنى	بەكەر	26
سەنى	ويناپ	97
سەنى	ۇزىم	94
سەنى	ساعىنىپ	88
سەنى	قايتەم	90
سەنى	توسىپ	106
سەنى	تاستاپ	106
سەنى	وزىم	42
سەنى	وتە	100
سەنى	ارتىق	88
سەنى	مەنەن	60
سەنى	ىزدەپ	102
سەنى	الام	89
سەنى	ساعىندىم	81
سەنى	ەرتىپ	96
سەنى	اكەپ	20
سەنى	ەرەكشە	107
سەنى	باقىتتى	108
سەنى	قاتى	57
سەنى	بىلەم	81
سەنى	ۇمىتىپ	84
سەنى	ۇستىپ	98
سەنى	كورە	107
سەنى	كورەيىن	92
سەنى	ۇيتىپ	97
سەنى	الامىن	88
سەنى	قانا	97
سەنى	ەشكىم	96
سەنى	جاقىن	86
سەنى	ۇتە	49
سەنى	شاقىرىپ	97
سەنى	قوناق	88
سەنى	سۇيەم	95
سەنى	ىراس	85
سەنى	السام	100
سەنى	سۇيىپ	100
سەنى	باقتتى	96
سەنى	نەدەپ	24
سەنى	كورەم	66
سەنى	كۇرە	59
سەنى	كۇرەيىن	101
سەنى	الداپ	54
سەنى	قۇشاقتاپ	107
سەنى	سۇيەمىن	99
سەنى	كوردىم	108
سەنى	جۇىپ	69
سەنى	ساعنىپ	97
سەنى	اپتەن	89
سەنى	تۇسىنىپ	86
سەنى	بۇيتىپ	95
سەنى	كورگەن	106
سەنى	تابا	102
سەنى	كۇرەم	90
سەنى	سونشا	103
سەنى	اقىماق	104
سەنى	كۇردىم	88
سەنى	ەشكىمگە	92
سەنى	جەك	84
سەنى	ابدەن	99
سەنى	كورگىم	80
سەنى	ويلاسام	104
سەنى	كۇتىپ	49
سەنى	رازى	104
سەنى	قىزعانىپ	101
سەنى	ويلاي	97
سەنى	ويلايمىن	101
سەنى	زدەپ	84
سەنى	قانشالىق	89
سەنى	كورسەم	57
سەنى	قايتەر	108
سەنى	كورمەدىم	73
سەنى	كۇرگىم	100
سەنى	تۇسىنەم	75
سەنى	سۇرادى	72
سەنى	ويلادىم	66
سەنى	اڭساپ	102
سەنى	توسا	102
سەنى	سۇيگەن	109
سەنى	قيماي	105
سەنى	تانىپ	81
سەنى	اڭدىپ	108
سەنى	توسام	99
سەنى	كۇرسەم	108
سەنى	ساعندىم	106
سەنى	تۇسىنبەي	81
سەنى	تانىمايمىن	106
سەنى	شىنايى	87
سەنى	قيناپ	97
سەنى	ۇيلاپ	95
سەنى	مازالاپ	98
سەنى	مازالامايىن	86
سەنى	توسايىن	79
سەنى	وبالدى	84
سەنى	ماقتاپ	103
سەنى	كورگەندە	100
سەنى	ۇناتىپ	81
سەنى	ەركەلەتىپ	95
سەنى	ىزدەيمىن	97
سەنى	تانيدى	103
سەنى	زورلاپ	95
سەنى	توسامىن	95
سەنى	سۇيدىم	84
سەنى	جامانداپ	93
سەنى	ماڭگىلىك	102
سەنى	قيمايمىن	73
سەنى	كورۋ	98
سەنى	سۇيگەنىم	81
سەنى	توسپ	89
سەنى	ساعىنپ	96
سەنى	كۇرگەندە	104
سەنى	توستىم	107
سەنى	ساعىنعاندا	98
سەنى	كورمەسەم	86
سەنى	اۋرەلەپ	105
سەنى	قانشالىقتى	102
سەنى	ايالاپ	108
سەنى	سۇيەتىن	101
سەنى	قۇشاقتاعىم	101
سەنى	سۇيگىم	98
سەنى	قىيماي	92
سەنى	كۇرمەسەم	96
سەنى	ويناعىم	102
سەنى	ساعىنام	97
سەنى	ۇمىتا	100
سەنى	اۋىرەلەپ	104
سەنى	ساعنپ	107
سەنى	كۇركىم	99
سەنى	قىيناپ	89
سەنى	سۇيەدى	109
سەنى	قۇلاي	103
سەنى	كورمەگەلى	101
سەنى	رەنجىتىپ	99
سەنى	جانىمداي	89
سەنى	ۇناتام	81
سەنى	مازالامايمىن	101
سەنى	جانىمنان	107
سەنى	الدامايمىن	100
سەنى	كۇرمەگەلى	95
سەنى	قىيمايمىن	105
سەنى	سۇيمەسەم	95
سەنى	قيناعىم	102
سەنى	بار	83
سەنى	قاي	98
سەنى	توي	95
سەنى	كەتىپ	89
سەنى	كەرەك	90
سەنى	الايىن	78
سەنى	ءالى	61
سەنى	تارتىپ	102
سەنى	دالاعا	89
سەنى	راسىندا	76
سەنى	كورمەي	98
سەنى	بوقتاپ	97
سەنى	بىرتۇرلى	102
سەنى	كۇرمەدىم	102
سەنى	باسقاعا	77
سەنى	تابالماي	106
سەنى	يسكەپ	84
سەنى	ويلاعان	109
سەنى	سىناپ	91
سەنى	تانىماي	108
سەنى	تۇسىنەمىن	85
سەنى	تانيمىن	108
سەنى	ءىزدەپ	95
سەنى	قينامايىن	98
سەنى	سۇيگەنىمە	109
سەنى	رەنجتكىم	108
ساعان	جان	107
ساعان	جانى	100
ساعان	جانىم	101
ساعان	مەن	46
ساعان	دەپ	92
ساعان	جوق	58
ساعان	جاقسى	87
ساعان	بولدى	60
ساعان	بىر	98
ساعان	سول	37
ساعان	نە	91
ساعان	نەعىپ	21
ساعان	بار	76
ساعان	سەن	92
ساعان	ەندى	87
ساعان	راحىمەت	64
ساعان	الىپ	105
ساعان	ون	72
ساعان	وندا	100
ساعان	كەل	76
ساعان	كەلىپ	88
ساعان	ەرتە	81
ساعان	ەرتەڭ	103
ساعان	ادام	96
ساعان	بۇگىن	95
ساعان	مەندە	94
ساعان	ماعان	56
ساعان	بارى	78
ساعان	بارىپ	83
ساعان	ەكى	104
ساعان	مەنى	100
ساعان	مەنىڭ	86
ساعان	قاي	85
ساعان	بولا	103
ساعان	بولادى	79
ساعان	نەگە	89
ساعان	ول	104
ساعان	سەنى	68
ساعان	وسى	74
ساعان	تاماق	84
ساعان	قالاي	98
ساعان	تەلەفون	83
ساعان	ايت	70
ساعان	ايتىپ	104
ساعان	دوسىم	48
ساعان	كىم	57
ساعان	تاڭ	87
ساعان	اقشا	88
ساعان	دەگەن	68
ساعان	ەمەس	44
ساعان	بىراق	98
ساعان	قانشا	104
ساعان	قاشان	106
ساعان	تاعى	83
ساعان	كوپ	68
ساعان	كەتىپ	74
ساعان	بىراز	100
ساعان	نەدەگەن	86
ساعان	قانداي	94
ساعان	بەرىپ	87
ساعان	باس	85
ساعان	باسقا	106
ساعان	راس	91
ساعان	از	100
ساعان	ازىر	90
ساعان	كەشە	92
ساعان	قايتا	61
ساعان	يۋان	98
ساعان	قايتىپ	105
ساعان	جول	74
ساعان	جولداپ	85
ساعان	ۇش	107
ساعان	سوندا	78
ساعان	جۇمىس	104
ساعان	اتىپ	84
ساعان	كەرەك	101
ساعان	كوڭىل	91
ساعان	اۋىر	106
ساعان	بەرە	64
ساعان	بەرەيىن	93
ساعان	كەلدى	95
ساعان	بالا	102
ساعان	سونى	99
ساعان	ايتقان	65
ساعان	بارا	72
ساعان	بارام	81
ساعان	كەلە	62
ساعان	قاتتى	107
ساعان	عانا	68
ساعان	قيىن	101
ساعان	ايتا	89
ساعان	ۋاقىت	101
ساعان	قاراپ	89
ساعان	ەش	70
ساعان	ەشتەڭە	85
ساعان	كۇندە	66
ساعان	بەس	98
ساعان	اپارىپ	96
ساعان	كۇپ	96
ساعان	قىز	57
ساعان	جامان	95
ساعان	قايدان	83
ساعان	ايتام	88
ساعان	مىڭ	68
ساعان	جاي	44
ساعان	بىرەۋ	107
ساعان	ءبىر	56
ساعان	بارايىن	77
ساعان	شىن	79
ساعان	امال	76
ساعان	باراتىن	94
ساعان	اڭگىمە	87
ساعان	بەرەم	100
ساعان	بارىن	66
ساعان	سونداي	86
ساعان	سۇيتىپ	96
ساعان	قاتە	102
ساعان	ماڭگى	95
ساعان	ەڭ	81
ساعان	بارامىن	90
ساعان	ونداي	101
ساعان	بەكەر	101
ساعان	نەبولدى	99
ساعان	سويلەپ	86
ساعان	تارتىپ	102
ساعان	ايتشى	90
ساعان	سولاي	96
ساعان	بىردەمە	81
ساعان	نەشە	67
ساعان	جەتكەن	73
ساعان	وڭاي	74
ساعان	وتە	100
ساعان	ارتىق	107
ساعان	اراق	79
ساعان	سۇيلەپ	101
ساعان	جازىپ	100
ساعان	اشىق	87
ساعان	بەرەتىن	94
ساعان	قول	94
ساعان	بارعان	62
ساعان	بارعاندا	107
ساعان	كەلگەندە	85
ساعان	قاراي	104
ساعان	بەرەمىن	93
ساعان	ەرەكشە	89
ساعان	قولايسىز	86
ساعان	باقىت	58
ساعان	دال	67
ساعان	ايتتىم	93
ساعان	باۋىر	104
ساعان	قاتىن	90
ساعان	تەك	98
ساعان	جاۋاپ	95
ساعان	كۇڭىل	102
ساعان	ايتايىن	82
ساعان	اتا	62
ساعان	رەنجىپ	74
ساعان	ۇيتىپ	88
ساعان	سوز	68
ساعان	ۇتىرىك	76
ساعان	وتىرىك	84
ساعان	قانا	94
ساعان	قابارلاسىپ	76
ساعان	بەرگەن	94
ساعان	ەشكىم	106
ساعان	بارسام	105
ساعان	ەشتەمە	87
ساعان	سۇز	90
ساعان	جاقىن	81
ساعان	شپيىڭ	77
ساعان	بەردىم	82
ساعان	بەرمەي	99
ساعان	تالاي	107
ساعان	پالە	107
ساعان	ايتپ	101
ساعان	قولايلى	103
ساعان	قىيىن	93
ساعان	بىردەڭە	91
ساعان	قارىز	100
ساعان	قابارلاسا	92
ساعان	قابارلاسايىن	94
ساعان	ايتىم	90
ساعان	ايتسام	80
ساعان	ايتامىن	106
ساعان	شىپيىڭ	95
ساعان	نەدەپ	98
ساعان	تەلەپون	99
ساعان	سەنىم	78
ساعان	ۇقسايدى	82
ساعان	وراي	99
ساعان	دەكەن	88
ساعان	ۇيرەنىپ	94
ساعان	تيىپ	97
ساعان	كەزىگىپ	105
ساعان	سويلەي	107
ساعان	جەتە	91
ساعان	بەرسەم	94
ساعان	قاراماي	104
ساعان	ايتاتىن	106
ساعان	سۇيلەي	96
ساعان	وبال	91
ساعان	ساقتاپ	80
ساعان	ايتقام	90
ساعان	ايتپاي	102
ساعان	سونشا	81
ساعان	ايتقانىم	73
ساعان	بارايىنبا	90
ساعان	اتەي	102
ساعان	ادال	104
ساعان	كەزىگە	80
ساعان	جاقسىلىق	85
ساعان	ىشتەمە	96
ساعان	اقىل	88
ساعان	بارعىم	75
ساعان	قاراعاندا	108
ساعان	ايتار	102
ساعان	قارايتىن	95
ساعان	سويلەيىن	84
ساعان	سەنىپ	102
ساعان	عاشىق	101
ساعان	ەشقانداي	75
ساعان	بارامبا	104
ساعان	قاراسام	92
ساعان	زيان	96
ساعان	جولداعان	56
ساعان	قالجىڭداپ	107
ساعان	تارتقان	90
ساعان	كەرەگى	89
ساعان	ىرەنجىپ	94
ساعان	وقسايدى	90
ساعان	سويلەسەم	90
ساعان	سەنبەي	101
ساعان	اتايىن	90
ساعان	ايتباي	98
ساعان	جولدايىن	93
ساعان	سۇيلەيىن	98
ساعان	ايتارىم	93
ساعان	سۇيلەسەم	101
ساعان	كەزىگەم	105
ساعان	جاماندىق	58
ساعان	سەنەم	92
ساعان	قۇرمەت	100
ساعان	جەتپەيدى	88
ساعان	كەزگىپ	85
ساعان	جابىسىپ	101
ساعان	سويلەگەن	90
ساعان	سەنبەيمىن	103
ساعان	جولدادىم	93
ساعان	جابسىپ	69
ساعان	سەنەمىن	87
ساعان	سويلەيمىن	107
ساعان	جەتبەيدى	89
ساعان	ەركەلەپ	107
ساعان	ارناپ	91
ساعان	رەنجىمەيمىن	98
ساعان	سويلەمەيمىن	81
ساعان	سۇيلەمەيمىن	97
ساعان	شاپتاسىپ	101
ساعان	جالىنىپ	105
ساعان	قاشىق	103
ساعان	نەعىلدىم	96
ساعان	رازىمىن	69
ساعان	سەندىم	108
ساعان	ايتقالى	100
ساعان	قارىزدار	86
ساعان	داۋا	96
ساعان	سويلەگىم	82
ساعان	ادالمىن	104
ساعان	كەزىككىم	98
ساعان	سەنگەن	97
ساعان	سۇيلەگىم	99
ساعان	بايلانىستى	106
ساعان	تاپسىردىم	99
ساعان	ۇناسا	98
ساعان	كەزىگەيىن	95
ساعان	ارناعان	107
ساعان	ارنادىم	105
ساعان	جالىنشتى	107
ساعان	كۇن	100
ساعان	توي	106
ساعان	ۇستىپ	102
ساعان	بارايىق	90
ساعان	بەت	80
ساعان	سويلەمەي	96
ساعان	ەرىپ	100
ساعان	قولىم	95
ساعان	تيسىپ	105
ساعان	جولدانىپ	91
ساعان	ۇياتتى	103
ساعان	كەزىكسەم	104
ساعان	نەبولعان	103
ساعان	كەزىكىم	101
وسى	عوي	103
وسى	جانىم	43
وسى	مەن	87
وسى	دەپ	61
وسى	بولسىن	40
وسى	جاق	82
وسى	جاقسى	92
وسى	بولدى	87
وسى	ەكەن	51
وسى	بىر	36
وسى	نە	92
وسى	نەعىپ	99
وسى	بار	96
وسى	سەن	104
وسى	ەندى	48
وسى	بولىپ	95
وسى	قوي	93
وسى	ون	77
وسى	ادام	90
وسى	بولسا	79
وسى	ماعان	62
وسى	ەكى	80
وسى	مەنى	47
وسى	مەنىڭ	78
وسى	بولادى	88
وسى	نەگە	77
وسى	سەنى	75
وسى	ساعان	88
وسى	ۇي	101
وسى	ۇيدە	94
وسى	ۇيگە	69
وسى	تەلەفون	82
وسى	اي	66
وسى	كۇن	74
وسى	اق	85
وسى	اقشا	95
وسى	كۇنى	75
وسى	بىراز	97
وسى	نەدەگەن	97
وسى	شاي	100
وسى	سەنىڭ	99
وسى	از	103
وسى	ان	102
وسى	جول	98
وسى	ۇش	95
وسى	جۇمىس	105
وسى	شىعار	97
وسى	كەز	80
وسى	كەزدە	80
وسى	بالا	88
وسى	سەندە	18
وسى	بىز	75
وسى	ايتقان	100
وسى	عانا	22
وسى	ۋاق	91
وسى	ۋاقىت	85
وسى	كۇندە	94
وسى	بەس	34
وسى	جەر	104
وسى	جەردە	74
وسى	ەمەسپە	84
وسى	قىز	75
وسى	توي	94
وسى	بىرەۋ	96
وسى	ءبىر	99
وسى	ۇشىن	103
وسى	جەرگە	85
وسى	سياقتى	101
وسى	بولاتىن	78
وسى	ەڭ	96
وسى	كىسى	93
وسى	بىزدىڭ	98
وسى	قۇساپ	83
وسى	جاققا	94
وسى	نەشە	88
وسى	اقشانى	104
وسى	جەردەن	56
وسى	ايدىڭ	101
وسى	جىگىت	17
وسى	جولى	43
وسى	قاتىن	104
وسى	كۇندەرى	91
وسى	سوز	37
وسى	ەكەۋى	96
وسى	ايدا	52
وسى	ادامدى	42
وسى	ۇيدى	84
وسى	ۇيدىڭ	90
وسى	جاقتا	104
وسى	رەت	103
وسى	كسى	97
وسى	كۇندى	104
وسى	ۇيدەن	94
وسى	ءان	87
وسى	شۇنگە	80
وسى	ايلىق	94
وسى	كۇنگە	79
وسى	ادامدار	62
وسى	جەرى	90
وسى	توپقا	103
وسى	نومىر	101
وسى	ۋاقىتتا	83
وسى	بولدىما	98
وسى	نۇمىر	100
وسى	بالانى	56
وسى	اپتا	100
وسى	جاقتان	56
وسى	بەتى	70
وسى	كۇنگى	101
وسى	جەرىڭ	60
وسى	جەردى	63
وسى	جەردىڭ	98
وسى	سەنبى	63
وسى	ەكەۋىن	79
وسى	شۇندە	85
وسى	ۋاقىتىڭ	96
وسى	جەرىن	81
وسى	سوزىڭ	82
وسى	ۋاقتا	105
وسى	ايدان	71
وسى	بىرنەشە	96
وسى	جۇما	83
وسى	بويىنشا	98
وسى	بىرەكى	89
وسى	سۇزىڭ	73
وسى	سوزدى	77
وسى	ورتاعا	71
وسى	قىزدى	77
وسى	سۇزدى	72
وسى	توپتا	78
وسى	سوزىڭدى	90
وسى	ءاندى	90
وسى	قۇساعان	69
وسى	اپتادا	87
وسى	ۋاقتتا	101
وسى	اندى	90
وسى	سۇزىڭدى	94
وسى	ۋاقتىڭ	98
وسى	ورتادا	88
وسى	رەڭ	89
وسى	جاقتاعى	89
وسى	جەركە	84
وسى	باستان	42
وسى	جاقتىڭ	103
وسى	ۇشەۋى	91
وسى	جاسقا	73
وسى	توپتاعى	84
وسى	اپتانىڭ	92
وسى	جەردەگى	78
وسى	جولعى	81
وسى	بەتتى	80
وسى	نومىرگە	87
وسى	كەزدەگى	58
وسى	ەكەۋىنىڭ	85
وسى	ارادا	105
وسى	قالپى	98
وسى	نۇمىرگە	101
وسى	جاقىندا	101
وسى	ماڭايدا	81
وسى	ۋاقىتقا	85
وسى	قىلعىڭ	89
وسى	زاماندا	102
وسى	ۇاقتا	95
وسى	قىلىعىڭ	78
وسى	سوزىڭە	96
وسى	گەزدە	104
وسى	رەتكى	99
وسى	سۇزىڭە	99
وسى	ايداعى	92
وسى	ورتاداعى	96
وسى	كۇنىمە	99
وسى	اراعا	73
وسى	سوزىڭدە	80
وسى	سۇزىڭدە	101
وسى	شۇندەگى	100
وسى	ۋاققا	98
وسى	ۋاقىتتارىڭ	95
وسى	ۋاقىتتارىڭىز	97
وسى	كۇيگە	81
وسى	ۋاقتىڭىز	102
وسى	ورايدا	75
وسى	دارەجەگە	93
وسى	رەڭنەن	82
وسى	نومىرمەن	86
وسى	ۋاقتقا	104
وسى	قىلىعىڭدى	105
وسى	قىلعىڭدى	94
وسى	تەكشەدەگى	102
وسى	ارادان	98
وسى	ۋاعىڭ	100
وسى	ۋاقتتارىڭىز	100
وسى	باس	66
وسى	تويعا	81
وسى	قارا	67
وسى	ەكەمىز	100
وسى	سەندەر	99
وسى	جاقىن	75
وسى	سۇز	85
وسى	تويدا	86
وسى	جەكسەنبى	60
وسى	جەردەمىن	82
وسى	ۋاقتڭىز	83
جار	بولسىن	104
جار	بەرمەي	20
جار	جار	11
جارا	بولىپ	19
جارايدى	عوي	15
جارايدى	جان	80
جارايدى	جانىم	101
جارايدى	مەن	17
جارايدى	دەپ	50
جارايدى	جاقسى	103
جارايدى	بولدى	18
جارايدى	ەكەن	85
جارايدى	بىر	41
جارايدى	سول	78
جارايدى	سەن	107
جارايدى	ەندى	88
جارايدى	راحىمەت	29
جارايدى	ماقۇل	78
جارايدى	الىپ	24
جارايدى	وندا	19
جارايدى	كەل	107
جارايدى	ەرتەڭ	90
جارايدى	بۇگىن	65
جارايدى	مەندە	106
جارايدى	بارى	97
جارايدى	بارىپ	94
جارايدى	مەنىڭ	107
جارايدى	قايىرلى	68
جارايدى	بولادى	105
جارايدى	قايدا	67
جارايدى	ساعان	104
جارايدى	وسى	88
جارايدى	جارايدى	103
جارايدى	ۇيگە	96
جارايدى	ايتىپ	105
جارايدى	دوسىم	97
جارايدى	امان	103
جارايدى	امانشىلىق	70
جارايدى	اق	99
جارايدى	ۇزىڭ	90
جارايدى	قاربالاس	72
جارايدى	تاعى	72
جارايدى	كوپ	97
جارايدى	تاڭەرتەڭ	99
جارايدى	قۇتتى	96
جارايدى	بىراز	55
جارايدى	كەشتە	107
جارايدى	ازىر	107
جارايدى	جول	95
جارايدى	وزىڭ	106
جارايدى	تەز	96
جارايدى	اعا	80
جارايدى	تۇن	106
جارايدى	سەندە	105
جارايدى	ايتقانىڭ	68
جارايدى	دۇرىس	56
جارايدى	ەكەنسىڭ	98
جارايدى	مىقتى	77
جارايدى	اس	77
جارايدى	كەرەمەت	54
جارايدى	جەجە	94
جارايدى	اينالايىن	102
جارايدى	ساۋ	80
جارايدى	وقاسى	103
جارايدى	ەرتەرەك	102
جارايدى	بىزدە	89
جارايدى	دەم	101
جارايدى	ىراحىمەت	79
جارايدى	بالام	99
جارايدى	بۇيىرسا	90
جارايدى	بارامىز	104
جارايدى	دەمال	101
جارايدى	قالجىڭ	83
جارايدى	باقىتتى	88
جارايدى	باۋىرىم	105
جارايدى	ايتايىن	101
جارايدى	التىن	77
جارايدى	راقىمەت	92
جارايدى	قابارلاسىپ	97
جارايدى	جايلى	101
جارايدى	ۇيقتادىم	87
جارايدى	بايقاپ	106
جارايدى	اپەكە	102
جارايدى	تەزىرەك	71
جارايدى	ىستەرىڭ	77
جارايدى	جەڭگە	100
جارايدى	باقتتى	106
جارايدى	بۇيرسا	106
جارايدى	جولىڭ	90
جارايدى	ساۋداڭ	83
جارايدى	جالعاستى	97
جارايدى	بىلدىم	102
جارايدى	ۇزىڭدە	96
جارايدى	اماندىق	98
جارايدى	وزىڭدە	78
جارايدى	اسبولسىن	86
جارايدى	ىنىم	97
جارايدى	ىسىڭ	97
جارايدى	ۇقتىم	89
جارايدى	جولدارىڭ	104
جارايدى	جۇمىسىڭدى	86
جارايدى	تۇسىندىم	68
جارايدى	مازالامايىن	99
جارايدى	تانىسقانىما	105
جارايدى	تانسقانما	101
جارايدى	ەستىدىك	104
جارايدى	نە	72
جارايدى	يا	106
جارايدى	ماعان	83
جارايدى	مەنى	104
جارايدى	سەنى	94
جارايدى	ول	84
جارايدى	توي	40
جارايدى	قاشان	79
جارايدى	سەنىڭ	106
جارايدى	از	94
جارايدى	جولداپ	105
جارايدى	كوڭىلدى	102
جارايدى	بىز	52
جارايدى	بۇدان	83
جارايدى	كۇڭىلدى	103
جارايدى	بۇداندا	86
جارايدى	تۇسىنىكتى	98
جارايدى	ەستدىك	96
تاماق	دەپ	60
تاماق	جوق	103
تاماق	جاقسى	95
تاماق	بولدى	85
تاماق	ەكەن	96
تاماق	بار	87
تاماق	ەندى	70
تاماق	قوي	74
تاماق	الى	97
تاماق	الىپ	88
تاماق	بولسا	29
تاماق	نەگە	94
تاماق	تاماق	97
تاماق	بارما	103
تاماق	ىش	80
تاماق	ىشىپ	47
تاماق	كوپ	14
تاماق	شاي	25
تاماق	بەرىپ	96
تاماق	بولاما	99
تاماق	ىستە	100
تاماق	ىستەپ	98
تاماق	بەرە	98
تاماق	بەرەيىن	92
تاماق	سالىپ	68
تاماق	جە	98
تاماق	اپارىپ	89
تاماق	ءىش	103
تاماق	ءىشىپ	70
تاماق	بولمايدى	83
تاماق	جاسا	102
تاماق	جاساپ	85
تاماق	جەپ	17
تاماق	ءالى	12
تاماق	بەرەدى	45
تاماق	ستەپ	46
تاماق	بىردەمە	105
تاماق	شىعارىپ	75
تاماق	اكەپ	94
تاماق	پۇل	80
تاماق	بەرمەي	53
تاماق	دايىن	67
تاماق	شىپ	104
تاماق	اسىپ	85
تاماق	بىردەڭە	18
تاماق	ىشتى	42
تاماق	ىشتىڭ	95
تاماق	ىشتىڭبە	63
تاماق	الپ	86
تاماق	اكەلىپ	61
تاماق	ىستەي	105
تاماق	ىستەيتىن	36
تاماق	ىشەيىك	80
تاماق	جاتاق	86
تاماق	ىشپ	78
تاماق	ىستەيمىن	97
تاماق	ەتىپ	57
تاماق	پۇلى	75
تاماق	پۇلىن	89
تاماق	جەي	86
تاماق	جەيتىن	88
تاماق	ىشتىم	90
تاماق	ىشەتىن	86
تاماق	الدىرىپ	104
تاماق	ىشكىم	57
تاماق	ىشكەن	105
تاماق	جاساعان	70
تاماق	پۇلدى	82
تاماق	جاساي	94
تاماق	ىشەم	41
تاماق	ىشكەلى	71
تاماق	دايىنداپ	83
تاماق	دايار	81
تاماق	ىستەيسىڭ	63
تاماق	ىشەمىز	103
تاماق	ستەي	61
تاماق	ىشەيىن	63
تاماق	ىشپەي	62
تاماق	ىستەيىن	103
تاماق	جاسايتىن	100
تاماق	ىشەدى	68
تاماق	ءشىپ	100
تاماق	جاسايمىن	81
تاماق	ستەيمىن	95
تاماق	جەمەي	85
تاماق	ىشپەيمىن	65
تاماق	ىشسەڭ	99
تاماق	جاسايىن	83
تاماق	ءىستەپ	95
تاماق	ىشكەم	97
تاماق	جەيسىڭ	92
تاماق	ىشەسىڭ	55
تاماق	جاساعالى	91
تاماق	ىستەدىم	79
تاماق	جىلتىپ	71
تاماق	ىشەمىن	102
تاماق	ىشپەدىم	103
تاماق	شەيىك	96
تاماق	ىشتىك	102
تاماق	ىشسەم	95
تاماق	جاسادىم	95
تاماق	ءستەپ	91
تاماق	شەتىن	100
تاماق	سۋىپ	81
تاماق	ىستەدىڭ	63
تاماق	ستەيىن	83
تاماق	ىشبەي	96
تاماق	شەيىن	78
تاماق	ىشىڭدەر	83
تاماق	ىشكەندە	100
تاماق	جاساماي	88
تاماق	شكەن	91
تاماق	ىشتىڭبا	99
تاماق	كوتەرەدى	86
تاماق	ىستەگەلى	103
تاماق	جاسايسىڭ	90
تاماق	ىشسەك	97
تاماق	جاسامادىم	87
تاماق	شتىڭ	96
تاماق	شتىڭبە	71
تاماق	شكەلى	102
تاماق	ىشبەدىم	102
تاماق	جاسادىڭ	93
تاماق	جاسادىڭبا	86
تاماق	ىشپەيدى	75
تاماق	ىشپەسەڭ	85
تاماق	ىشەسىڭبە	97
تاماق	ىشىڭىز	88
تاماق	شپەي	102
تاماق	جەگەلى	95
تاماق	جاسايىم	103
تاماق	شەمىز	103
تاماق	ىشسىن	89
تاماق	ىشتڭبە	103
تاماق	ىشتىڭدەر	91
تاماق	ىشتىڭدەرمە	98
تاماق	ءىشە	78
تاماق	شتڭبە	105
تاماق	ىشكەنگە	103
تاماق	ىستەدىڭبە	96
تاماق	ىشڭدەر	87
تاماق	جاساماياق	102
تاماق	ءىشەيىك	104
تاماق	ىشكەمىز	97
تاماق	ستەگەلى	105
تاماق	ىشكەي	104
تاماق	ىشپەدىك	105
تاماق	ىشتىمە	93
تاماق	ىشپەيسىڭبە	104
تاماق	جاسايىنبا	96
تاماق	ءىشكەلى	104
تاماق	ىشتىڭىزبە	103
تاماق	ىشتڭدەرمە	104
تاماق	شىعىپ	48
تاماق	شعارىپ	96
تاماق	ستەيتىن	99
تاماق	جاساتىپ	105
تاماق	بۇيىرتىپ	87
تاماق	ىشبەسەڭ	104
تاماق	ىشتىڭدەرما	102
دەي	عوي	105
دەي	سال	41
دەي	بەر	50
دەي	وتىرىپ	34
دەي	المايمىن	24
دەي	بەرسەڭ	25
دەي	سالشى	50
دەي	سالايىن	26
دەي	سالام	48
دەي	سالدىم	19
دەي	سالساڭ	49
دەي	سالىڭىز	30
دەي	الماي	13
دەي	بەرمەي	48
دەيدى	عوي	46
دەيدى	جانىم	12
دەيدى	مەن	62
دەيدى	دەپ	91
دەيدى	جوق	53
دەيدى	جاقسى	74
دەيدى	بولدى	93
دەيدى	ەكەن	90
دەيدى	بىر	41
دەيدى	سول	65
دەيدى	نە	104
دەيدى	بار	65
دەيدى	سەن	82
دەيدى	ەندى	74
دەيدى	ماقۇل	71
دەيدى	قوي	89
دەيدى	ال	69
دەيدى	الىپ	98
دەيدى	وندا	94
دەيدى	يا	104
دەيدى	ەرتەڭ	101
دەيدى	ادام	86
دەيدى	بۇگىن	71
دەيدى	مەندە	63
دەيدى	سودان	104
دەيدى	ماعان	96
دەيدى	بارىپ	104
دەيدى	ەكى	86
دەيدى	مەنى	83
دەيدى	مەنىڭ	93
دەيدى	نەگە	92
دەيدى	ول	90
دەيدى	سەنى	51
دەيدى	ساعان	65
دەيدى	وسى	83
دەيدى	تاماق	89
دەيدى	ۇيگە	88
دەيدى	تەلەفون	98
دەيدى	دوسىم	94
دەيدى	كىم	91
دەيدى	اقشا	103
دەيدى	ونى	105
دەيدى	بىراق	104
دەيدى	ۇزى	77
دەيدى	تاعى	90
دەيدى	وي	81
دەيدى	تاڭەرتەڭ	96
دەيدى	بىراز	86
دەيدى	مىنا	91
دەيدى	باسقا	97
دەيدى	كەشتە	94
دەيدى	ازىر	87
دەيدى	كەشە	100
دەيدى	انا	91
دەيدى	ۇش	82
دەيدى	سوندا	85
دەيدى	ايتەۋ	63
دەيدى	وعان	103
دەيدى	جاڭا	76
دەيدى	سونى	63
دەيدى	بىز	102
دەيدى	ەكەنسىڭ	99
دەيدى	سونىمەن	104
دەيدى	بۇل	97
دەيدى	ودان	65
دەيدى	سوعان	104
دەيدى	مىناۋ	93
دەيدى	ەمەسپە	91
دەيدى	جاڭە	93
دەيدى	بىرەۋ	101
دەيدى	شىن	101
دەيدى	باعانا	105
دەيدى	قايتەم	96
دەيدى	بىلمەيمىن	99
دەيدى	ونىڭ	102
دەيدى	سومەن	104
دەيدى	قۇرسىن	102
دەيدى	اپام	91
دەيدى	عۇي	94
دەيدى	تاۋبا	88
دەيدى	سوسىن	102
دەيدى	دوحتىر	100
دەيدى	اكام	92
دەيدى	اۋەلى	89
دەيدى	بارى	80
دەيدى	ۇيات	101
دەيدى	ەي	78
دەيدى	تۇستەن	100
قال	جانىم	97
قال	مەن	62
قال	دەپ	64
قال	جاقسى	47
قال	ەندى	44
قال	وندا	65
قال	قالاي	64
قال	جاقسىما	4
قال	سۇراپ	39
قال	جاي	63
قال	جايىڭ	67
قال	جايىڭىز	13
قال	جايلارىڭ	45
قالا	بەرەدى	63
قالا	جاققا	25
قالا	بەرسىن	22
قالا	جازدادى	32
قالا	جازدادىم	25
قالا	جازداپ	13
قالاي	جان	24
قالاي	جانىم	102
قالاي	مەن	51
قالاي	دەپ	89
قالاي	جاقسى	70
قالاي	بولدى	47
قالاي	ەكەن	23
قالاي	بىر	46
قالاي	نە	97
قالاي	نەعىپ	87
قالاي	بولىپ	74
قالاي	الىپ	30
قالاي	ادام	98
قالاي	بولسا	85
قالاي	بۇگىن	76
قالاي	ماعان	102
قالاي	بولادى	97
قالاي	وسى	58
قالاي	قالاي	45
قالاي	ايتىپ	98
قالاي	دوسىم	81
قالاي	امان	102
قالاي	اقشا	77
قالاي	جاقسىما	68
قالاي	ۇزى	8
قالاي	امانسىڭبا	85
قالاي	بولاما	105
قالاي	ىستەپ	79
قالاي	سوندا	95
قالاي	وزى	106
قالاي	اعا	76
قالاي	بوپ	97
قالاي	دەسەم	98
قالاي	بالا	67
قالاي	ايتقان	95
قالاي	ايتقانىڭ	93
قالاي	بارام	105
قالاي	عانا	80
قالاي	سونىمەن	95
قالاي	قوسىپ	106
قالاي	ەي	97
قالاي	ايتام	102
قالاي	ويلاپ	97
قالاي	بولسادا	73
قالاي	دەدىم	100
قالاي	بولاتىن	73
قالاي	بارامىن	82
قالاي	دەنساۋلىق	84
قالاي	بولدىڭ	90
قالاي	دەنساۋلىعىڭ	101
قالاي	بالالار	106
قالاي	بارامىز	105
قالاي	الام	88
قالاي	دەسەڭ	106
قالاي	باۋىرىم	71
قالاي	دەيسىڭ	103
قالاي	الادى	80
قالاي	الامىن	100
قالاي	جاعداي	98
قالاي	بولار	100
قالاي	سىڭ	54
قالاي	نەمە	92
قالاي	امانشىلىقپا	105
قالاي	ايتسام	19
قالاي	الاسىڭ	73
قالاي	ەكەنىن	89
قالاي	الامىز	103
قالاي	سۇيكىمدى	97
قالاي	جاقسىڭبا	90
قالاي	جاقسما	58
قالاي	جاقسىزبا	93
قالاي	ىنىم	104
قالاي	قىلاسىڭ	100
قالاي	ادامسىڭ	90
قالاي	بولماسىن	97
قالاي	قىلام	89
قالاي	بولعانى	99
قالاي	كەزىگەمىز	103
قالاي	سەنەم	100
قالاي	ماقان	76
قالاي	ويلاساڭ	100
قالاي	ويلايدى	50
قالاي	ويلايسىڭ	101
قالاي	تانيسىڭ	81
قالاي	قىلسام	96
قالاي	قىلامىز	100
قالاي	ايتساڭدا	99
قالاي	سويلەيسىڭ	91
قالاي	قارايسىڭ	90
قالاي	ايتسامدا	92
قالاي	سۇيلەيسىڭ	67
قالاي	ويلاۋ	105
قالاي	نەمەسىڭ	95
قالاي	ويلاساڭدا	94
قالاي	قارايسىڭدار	97
قالاي	قارايسىز	96
قالاي	بارىپ	103
قالاي	توي	46
قالاي	سۇيلەپ	79
قالاي	بارادى	100
قالاي	باراسىڭ	95
قالاي	جۇرەم	91
قالاي	جاقسڭبا	94
قالاي	دەگەنىڭ	94
قالاي	تۇسىنەسىڭ	80
قالاي	بولاتىنىن	99
ۇي	عوي	102
ۇي	جانىم	73
ۇي	مەن	18
ۇي	دەپ	48
ۇي	جوق	56
ۇي	بول	73
ۇي	جاقسى	75
ۇي	بولدى	81
ۇي	ەكەن	66
ۇي	بىر	64
ۇي	سول	80
ۇي	نە	42
ۇي	نەعىپ	47
ۇي	بار	82
ۇي	سەن	77
ۇي	ەندى	50
ۇي	بولىپ	72
ۇي	راحىمەت	75
ۇي	قوي	81
ۇي	ال	41
ۇي	الى	89
ۇي	الىپ	89
ۇي	وندا	78
ۇي	بولسا	41
ۇي	ەكى	52
ۇي	مەنىڭ	55
ۇي	قاي	91
ۇي	نەگە	93
ۇي	ول	51
ۇي	قايدا	80
ۇي	ساعان	65
ۇي	جارايدى	76
ۇي	ۇي	85
ۇي	دوسىم	83
ۇي	قالدى	77
ۇي	دەگەن	93
ۇي	ەمەس	55
ۇي	بارما	69
ۇي	ونى	84
ۇي	ىش	71
ۇي	ىشى	56
ۇي	قويشى	80
ۇي	كوپ	86
ۇي	قۇتتى	95
ۇي	مىنا	71
ۇي	نەدەگەن	89
ۇي	راس	87
ۇي	الدىم	79
ۇي	تەز	92
ۇي	اعا	49
ۇي	قايداسىڭ	65
ۇي	كورىپ	53
ۇي	بارسىڭبا	91
ۇي	وعان	85
ۇي	بالا	92
ۇي	تاۋىپ	94
ۇي	الايىن	87
ۇي	سالىپ	88
ۇي	بولعان	63
ۇي	كەرەمەت	93
ۇي	كۇپ	87
ۇي	مىناۋ	63
ۇي	جامان	94
ۇي	اينالايىن	95
ۇي	شىن	84
ۇي	بولمايدى	94
ۇي	العان	76
ۇي	الاتىن	66
ۇي	نەبولدى	87
ۇي	سويلە	47
ۇي	جوعا	72
ۇي	جاققا	71
ۇي	ماي	30
ۇي	جىندى	70
ۇي	سۇيلە	68
ۇي	ىزدەپ	79
ۇي	الام	89
ۇي	سۋىق	84
ۇي	ۇيتىپ	94
ۇي	الامىن	69
ۇي	ۇستاپ	59
ۇي	ساتىپ	84
ۇي	تازالاپ	85
ۇي	قۇداي	77
ۇي	جاقتا	91
ۇي	نەدەيدى	83
ۇي	باي	87
ۇي	ىراس	88
ۇي	وڭباعان	93
ۇي	الامىز	60
ۇي	الايىق	94
ۇي	ساتىلادى	88
ۇي	ساتاتىن	64
ۇي	جوندەپ	38
ۇي	ماۋباس	87
ۇي	جاقتان	81
ۇي	بولۋ	62
ۇي	جۇندەپ	89
ۇي	ەسەك	90
ۇي	مايلاپ	93
ۇي	جيىپ	87
ۇي	جيناپ	88
ۇي	قورا	93
ۇي	الباستى	95
ۇي	جۇمىسى	55
ۇي	بالە	86
ۇي	جاقا	90
ۇي	بەتىن	84
ۇي	ماڭقا	92
ۇي	يەسى	86
ۇي	تىگىپ	87
ۇي	مايعا	92
ۇي	مايلايتىن	86
ۇي	اقتاپ	91
ۇي	شارۋاسى	79
ۇي	تازالادىم	92
ۇي	تازالايىن	80
ۇي	توبالاپ	84
ۇي	ىشتەرىڭ	85
ۇي	ىشىمەن	83
ۇي	ىشىمىزبەن	87
ۇي	تاتتىم	90
ۇي	كۇرىپ	94
ۇي	جاساپ	81
ۇي	بوس	86
ۇي	ىستىق	91
ۇي	ارام	22
ۇي	سالقىن	85
ۇي	نەربى	72
ۇي	سالدىرىپ	89
ۇي	جوندەتىپ	80
ۇي	جۇندەتىپ	92
ۇيدە	عوي	82
ۇيدە	جانىم	63
ۇيدە	مەن	67
ۇيدە	دەپ	45
ۇيدە	جوق	68
ۇيدە	بول	99
ۇيدە	جاقسى	85
ۇيدە	ەكەن	96
ۇيدە	بىر	64
ۇيدە	سول	56
ۇيدە	نە	63
ۇيدە	نەعىپ	75
ۇيدە	بار	19
ۇيدە	سەن	76
ۇيدە	ەندى	84
ۇيدە	بولىپ	69
ۇيدە	جات	89
ۇيدە	جاتىر	95
ۇيدە	جاتىرسىڭ	59
ۇيدە	قوي	93
ۇيدە	كەلىپ	101
ۇيدە	ەرتەڭ	45
ۇيدە	ادام	90
ۇيدە	بولسا	89
ۇيدە	بۇگىن	73
ۇيدە	تۇر	98
ۇيدە	مەندە	78
ۇيدە	بارى	73
ۇيدە	ەكى	104
ۇيدە	بولادى	90
ۇيدە	جاتىرمى	92
ۇيدە	جاتىرمىن	100
ۇيدە	ول	89
ۇيدە	سەنى	76
ۇيدە	تاماق	14
ۇيدە	ۇي	46
ۇيدە	تەلەفون	43
ۇيدە	وتىر	87
ۇيدە	وتىرمىن	71
ۇيدە	دوسىم	85
ۇيدە	كىم	85
ۇيدە	قالدى	98
ۇيدە	ەمەس	86
ۇيدە	بارما	79
ۇيدە	ۇزىڭ	80
ۇيدە	قاربالاس	93
ۇيدە	ىشىپ	73
ۇيدە	كوپ	86
ۇيدە	بىراز	57
ۇيدە	مىن	87
ۇيدە	شاي	70
ۇيدە	بولام	99
ۇيدە	ازىر	93
ۇيدە	جۇر	73
ۇيدە	كەشە	103
ۇيدە	ۇيقتاپ	100
ۇيدە	قايتىپ	88
ۇيدە	ۇش	75
ۇيدە	جۇمىس	100
ۇيدە	وزىڭ	50
ۇيدە	اۋىرىپ	66
ۇيدە	بارسىڭبا	86
ۇيدە	بالا	102
ۇيدە	تۇرىپ	78
ۇيدە	جاڭا	77
ۇيدە	جۇرمىن	100
ۇيدە	بولعان	100
ۇيدە	ەكەنسىڭ	87
ۇيدە	جاتىپ	92
ۇيدە	ۇلكەن	79
ۇيدە	مال	50
ۇيدە	قالعان	104
ۇيدە	بولدىم	86
ۇيدە	جاڭە	76
ۇيدە	جاتقان	81
ۇيدە	بىرەۋ	92
ۇيدە	جاتىرمىز	102
ۇيدە	جۇرگەن	57
ۇيدە	جالعىز	99
ۇيدە	بولاتىن	89
ۇيدە	جۇرىپ	56
ۇيدە	بەكەر	91
ۇيدە	كىسى	66
ۇيدە	بولساڭ	77
ۇيدە	نان	67
ۇيدە	تۇرعان	78
ۇيدە	توسىپ	96
ۇيدە	وتىرمىز	86
ۇيدە	دەم	103
ۇيدە	سۋ	53
ۇيدە	بالام	77
ۇيدە	ۇيىقتاپ	97
ۇيدە	سۇت	100
ۇيدە	كىر	84
ۇيدە	بالالار	104
ۇيدە	وتىرىپ	80
ۇيدە	قالىپ	95
ۇيدە	قالىپتى	83
ۇيدە	قولايسىز	76
ۇيدە	وتىرعان	100
ۇيدە	اپام	102
ۇيدە	دەمالىپ	88
ۇيدە	ەشكىم	63
ۇيدە	كسى	97
ۇيدە	ساي	66
ۇيدە	قوناق	71
ۇيدە	تۇك	65
ۇيدە	بولسام	89
ۇيدە	جاتىرسىڭبا	94
ۇيدە	جاتتىم	94
ۇيدە	توك	80
ۇيدە	باياعى	79
ۇيدە	شەشەم	92
ۇيدە	جاتا	96
ۇيدە	جوقسىڭ	85
ۇيدە	جاتسام	91
ۇيدە	ەمەسپىن	91
ۇيدە	جۇرگەندە	99
ۇيدە	بولامىن	85
ۇيدە	وتىرا	88
ۇيدە	جاترمىن	94
ۇيدە	جاتايىن	100
ۇيدە	جاتام	96
ۇيدە	ۇساق	98
ۇيدە	ايۋ	98
ۇيدە	بارسىزبا	98
ۇيدە	جوقپىن	98
ۇيدە	جاتساڭ	97
ۇيدە	زەرىگىپ	66
ۇيدە	ىشكىم	100
ۇيدە	جاتادى	89
ۇيدە	وتىرعاندا	75
ۇيدە	جاتتىق	75
ۇيدە	سىڭبا	88
ۇيدە	بولساڭىز	103
ۇيدە	مەيمان	101
ۇيدە	بولاسىڭبا	103
ۇيدە	جاتىق	92
ۇيدە	جالعىزسىڭبا	81
ۇيدە	جوقبىن	92
ۇيدە	جاتىس	104
ۇيدە	جالعىزبىن	101
ۇيدە	جوقپىز	96
ۇيدە	سىڭبە	100
ۇيدە	كۇن	32
ۇيدە	كەشتە	87
ۇيدە	شىعار	96
ۇيدە	ەشتەڭە	60
ۇيدە	قالادى	94
ۇيدە	وتىرسىڭ	94
ۇيدە	بوس	84
ۇيدە	جاتىم	102
ۇيدە	گىلەر	88
ۇيگە	جانىم	103
ۇيگە	مەن	76
ۇيگە	دەپ	92
ۇيگە	بىر	89
ۇيگە	نە	70
ۇيگە	بار	61
ۇيگە	ەندى	101
ۇيگە	جات	41
ۇيگە	الى	92
ۇيگە	الىپ	89
ۇيگە	كەل	63
ۇيگە	كەلىپ	26
ۇيگە	ەرتەڭ	93
ۇيگە	ادام	12
ۇيگە	بۇگىن	97
ۇيگە	بارىپ	92
ۇيگە	ەكى	16
ۇيگە	نەگە	97
ۇيگە	تاماق	77
ۇيگە	وت	89
ۇيگە	امان	70
ۇيگە	كەتتى	86
ۇيگە	بىراق	89
ۇيگە	قاشان	93
ۇيگە	كەتىپ	76
ۇيگە	بىراز	48
ۇيگە	شاي	41
ۇيگە	از	102
ۇيگە	ازىر	85
ۇيگە	كەلسىن	96
ۇيگە	قايت	80
ۇيگە	قايتا	92
ۇيگە	قايتىپ	80
ۇيگە	كەتتىم	52
ۇيگە	كەلدى	79
ۇيگە	كەلدىم	82
ۇيگە	شىعىپ	28
ۇيگە	جاڭا	57
ۇيگە	بارا	80
ۇيگە	بارام	64
ۇيگە	كەلە	59
ۇيگە	جاتىپ	95
ۇيگە	قاراپ	85
ۇيگە	قازىر	76
ۇيگە	تۇسىپ	44
ۇيگە	اپارىپ	90
ۇيگە	جاڭە	82
ۇيگە	كەلەدى	50
ۇيگە	جاي	96
ۇيگە	كەپ	101
ۇيگە	قويىپ	43
ۇيگە	بىرەۋ	84
ۇيگە	كەتكەن	67
ۇيگە	بارايىن	99
ۇيگە	باراتىن	45
ۇيگە	ءالى	67
ۇيگە	نارسە	59
ۇيگە	بارامىن	102
ۇيگە	ارەڭ	81
ۇيگە	كىسى	74
ۇيگە	كەلگەن	101
ۇيگە	كەلمە	66
ۇيگە	كەلمەي	97
ۇيگە	دەيىن	101
ۇيگە	قويا	101
ۇيگە	تاستاپ	52
ۇيگە	كىر	78
ۇيگە	كىرىپ	85
ۇيگە	شعىپ	43
ۇيگە	كەلسە	98
ۇيگە	بارامىز	103
ۇيگە	بارعان	92
ۇيگە	بارعاندا	62
ۇيگە	ەرتىپ	83
ۇيگە	اكەپ	57
ۇيگە	كەلگەندە	34
ۇيگە	قاراي	63
ۇيگە	بارادى	84
ۇيگە	جەتىپ	79
ۇيگە	كەلەتىن	69
ۇيگە	بارسا	100
ۇيگە	بارسام	102
ۇيگە	جاقىن	71
ۇيگە	كسى	65
ۇيگە	كەلەسىڭ	86
ۇيگە	شاقىرىپ	73
ۇيگە	كەتەم	97
ۇيگە	قوناق	69
ۇيگە	كىرە	94
ۇيگە	بارايىق	88
ۇيگە	كەلدىك	66
ۇيگە	قايتام	93
ۇيگە	تاياپ	77
ۇيگە	كەلسەڭ	88
ۇيگە	ءازىر	88
ۇيگە	ايتتاپ	102
ۇيگە	كەلىڭدەر	66
ۇيگە	كەلشى	86
ۇيگە	قايتاتىن	74
ۇيگە	كەلەم	88
ۇيگە	بارماي	67
ۇيگە	بارمايمىن	87
ۇيگە	جاتا	97
ۇيگە	كەتەيىن	83
ۇيگە	تاماققا	77
ۇيگە	اكەلىپ	86
ۇيگە	كەلەسىڭبە	85
ۇيگە	كەلگەم	69
ۇيگە	باراسىڭبا	70
ۇيگە	بارپ	68
ۇيگە	بارساڭ	73
ۇيگە	باردىڭبا	78
ۇيگە	كەلپ	75
ۇيگە	قايتتىم	104
ۇيگە	كەلدىڭبە	64
ۇيگە	قايتامىن	70
ۇيگە	باردىم	100
ۇيگە	قايتايىن	82
ۇيگە	بارعام	72
ۇيگە	قايتامىز	68
ۇيگە	بارعىم	97
ۇيگە	بارعالى	100
ۇيگە	كىرگىزىپ	101
ۇيگە	كەلگەنشە	95
ۇيگە	كەلمەيسىڭبە	102
ۇيگە	كەلىڭىز	87
ۇيگە	قايتتىڭبا	93
ۇيگە	بارمادىم	103
ۇيگە	قايتقان	85
ۇيگە	قايتقاندا	95
ۇيگە	قايىت	77
ۇيگە	كەلسەم	89
ۇيگە	كىردىم	100
ۇيگە	قايتىم	86
ۇيگە	بارعانشا	71
ۇيگە	قايتىڭبا	92
ۇيگە	اپارا	93
ۇيگە	گەلىپ	79
ۇيگە	كەلڭدەر	91
ۇيگە	قايتاسىڭبا	102
ۇيگە	قايتقالى	78
ۇيگە	مەيمان	85
ۇيگە	كەلدىڭبا	87
ۇيگە	بارعانسوڭ	103
ۇيگە	ۇدىل	79
ۇيگە	كىرمەي	97
ۇيگە	قايتپاي	95
ۇيگە	بارعاننان	91
ۇيگە	كىرگەندە	93
ۇيگە	كىرسەم	100
ۇيگە	جۇر	100
ۇيگە	قونىپ	97
ۇيگە	جاتام	76
ۇيگە	كەلگەنسوڭ	103
ۇيگە	قاماپ	103
ۇيگە	قايتڭبا	101
ۇيگە	كەلمەيسىڭبا	98
تەلەفون	مەن	99
تەلەفون	جوق	81
تەلەفون	جاقسى	67
تەلەفون	بىر	59
تەلەفون	نە	89
تەلەفون	بار	103
تەلەفون	ەندى	102
تەلەفون	ال	84
تەلەفون	الىپ	58
تەلەفون	كەلىپ	51
تەلەفون	نەگە	45
تەلەفون	ول	52
تەلەفون	ۇيدە	96
تەلەفون	بارما	80
تەلەفون	كوپ	97
تەلەفون	بەر	31
تەلەفون	بەرىپ	86
تەلەفون	الماي	92
تەلەفون	الدى	61
تەلەفون	بەرەيىن	45
تەلەفون	كەلدى	101
تەلەفون	كورىپ	78
تەلەفون	الايىن	104
تەلەفون	قاراپ	73
تەلەفون	سوعا	65
تەلەفون	كۇپ	91
تەلەفون	كەپ	103
تەلەفون	اشىپ	53
تەلەفون	كۇرىپ	84
تەلەفون	العان	81
تەلەفون	ويناپ	98
تەلەفون	الاتىن	85
تەلەفون	نان	94
تەلەفون	تارتىپ	100
تەلەفون	كەلسە	89
تەلەفون	اشىق	93
تەلەفون	قاراي	81
تەلەفون	قايتار	87
تەلەفون	ۇر	104
تەلەفون	ۇرىپ	42
تەلەفون	اقى	102
تەلەفون	المايسىڭ	82
تەلەفون	كورە	19
تەلەفون	ۇستاپ	66
تەلەفون	المادى	93
تەلەفون	تازالاپ	35
تەلەفون	بەردى	83
تەلەفون	المايدى	103
تەلەفون	تۇك	53
تەلەفون	سوعىپ	92
تەلەفون	توقتاپ	45
تەلەفون	نەكە	19
تەلەفون	توك	100
تەلەفون	نومىر	77
تەلەفون	نومىرى	72
تەلەفون	نومىرىن	49
تەلەفون	سويلەسىپ	50
تەلەفون	نۇمىر	85
تەلەفون	نۇمىرى	79
تەلەفون	نۇمىرىن	59
تەلەفون	بەرسەم	23
تەلەفون	المايتىن	93
تەلەفون	ۇرسا	89
تەلەفون	ۇرسام	65
تەلەفون	سۇيلەسىپ	61
تەلەفون	الشى	104
تەلەفون	الماساڭ	100
تەلەفون	نى	87
تەلەفون	الدىما	96
تەلەفون	كورمەي	104
تەلەفون	قارايتىن	92
تەلەفون	ۇرا	67
تەلەفون	ۇرايىن	69
تەلەفون	الۋ	46
تەلەفون	المادىڭ	88
تەلەفون	ارقىلى	86
تەلەفون	بۇزىلىپ	53
تەلەفون	تارتپاي	95
تەلەفون	كۇرمەي	48
تەلەفون	نومىرىڭدى	100
تەلەفون	جالعاپ	57
تەلەفون	نۇمىرىڭدى	97
تەلەفون	ۇرىپتى	98
تەلەفون	ۇرادى	59
تەلەفون	قاشالاپ	42
تەلەفون	ۇرعان	46
تەلەفون	ۇردى	100
تەلەفون	سوق	43
تەلەفون	ۇرام	70
تەلەفون	الۋعا	104
تەلەفون	داۋسى	62
تەلەفون	بەرىپتى	94
تەلەفون	ۇردىم	70
تەلەفون	داۋسىن	54
تەلەفون	گۋانجي	71
تەلەفون	نومىرىم	80
تەلەفون	شۇقىلاپ	62
تەلەفون	سوقتى	84
تەلەفون	ۇرشى	47
تەلەفون	سوقسا	59
تەلەفون	سوقسام	84
تەلەفون	تارتاتىن	82
تەلەفون	ۇرپتى	77
تەلەفون	ۇراتىن	73
تەلەفون	تارتباي	74
تەلەفون	سوعىپتى	61
تەلەفون	سوققان	60
تەلەفون	ۇرما	63
تەلەفون	تارتپايدى	67
تەلەفون	ۇرعاندا	88
تەلەفون	قايتارشى	52
تەلەفون	شۇقىپ	88
تەلەفون	ۇرساڭ	92
تەلەفون	سوعايىن	72
تەلەفون	ۇرامىن	81
تەلەفون	نۇمىرىم	72
تەلەفون	ۇرماي	90
تەلەفون	ۇرايىنبا	70
تەلەفون	ۇرمادى	89
تەلەفون	تيڭجي	103
تەلەفون	ۇرعام	86
تەلەفون	تۇگى	72
تەلەفون	توگى	59
تەلەفون	سوقتىم	84
تەلەفون	سوعادى	79
تەلەفون	ۇردىڭ	95
تەلەفون	نومىرىڭىزدى	104
تەلەفون	ۇردىڭبا	92
تەلەفون	سوقپا	102
تەلەفون	نومەرىن	104
تەلەفون	سوعام	83
تەلەفون	ۇردىما	75
تەلەفون	تارتبايدى	78
تەلەفون	نۇمىرىڭىزدى	80
تەلەفون	ويناماي	96
تەلەفون	سوقشى	88
تەلەفون	نومىرىمدى	94
تەلەفون	ۇرىپسىڭ	73
تەلەفون	نۇمىرڭدى	99
تەلەفون	المايسىز	91
تەلەفون	ءنومىرى	75
تەلەفون	كالى	99
تەلەفون	شۇڭلاپ	80
تەلەفون	نۇمىرىمدى	85
تەلەفون	ۇرسىن	95
تەلەفون	نومىرڭدى	93
تەلەفون	سوققاندا	97
تەلەفون	ۇرىڭىز	82
تەلەفون	ءنومىرىن	104
تەلەفون	سوقتىڭ	96
تەلەفون	المادىڭىز	89
تەلەفون	سوعپتى	101
تەلەفون	سوعاتىن	92
تەلەفون	تارتپايتىن	82
تەلەفون	سوققام	82
تەلەفون	ۇرپسىڭ	97
تەلەفون	سوقتىڭبا	102
تەلەفون	سوقساڭ	95
تەلەفون	قايتارسىن	96
تەلەفون	نومەرىڭدى	88
تەلەفون	ۇرساق	91
تەلەفون	سوقتىما	87
تەلەفون	سوعامىن	100
تەلەفون	نىڭدى	104
تەلەفون	سوعىپسىڭ	94
تەلەفون	سوعىڭىز	94
تەلەفون	سوقسىن	93
تەلەفون	سوعايىنبا	97
تەلەفون	شۇقىلاماي	102
تەلەفون	الدىم	101
تەلەفون	تاۋىپ	99
تەلەفون	الام	27
تەلەفون	بەرگەن	55
تەلەفون	بەتى	84
تەلەفون	الماعان	85
تەلەفون	نومىرىڭ	102
تەلەفون	تارتا	62
تەلەفون	تارتادى	103
تەلەفون	بەرپتى	73
تەلەفون	نومەرى	86
تەلەفون	نومىردى	95
تەلەفون	ويناما	80
تەلەفون	توكتە	104
تەلەفون	ۇرماياق	104
تەلەفون	تارتبايتىن	103
تەلەفون	نومەرىڭىزدى	101
اي	جانىم	101
اي	مەن	24
اي	دەپ	75
اي	جوق	38
اي	جاقسى	50
اي	بولدى	85
اي	بىر	17
اي	سول	61
اي	نە	68
اي	نەعىپ	63
اي	بار	49
اي	سەن	66
اي	ەندى	40
اي	بولىپ	58
اي	راحىمەت	66
اي	قوي	68
اي	وندا	87
اي	يا	68
اي	ەرتەڭ	90
اي	ادام	83
اي	بولسا	81
اي	بۇگىن	92
اي	مەندە	69
اي	ماعان	74
اي	ەكى	80
اي	مەنى	84
اي	مەنىڭ	78
اي	بولادى	77
اي	نەگە	71
اي	ول	82
اي	قايدا	87
اي	سەنى	85
اي	ساعان	64
اي	وسى	78
اي	جارايدى	73
اي	قالاي	93
اي	ۇي	31
اي	اي	89
اي	كۇن	58
اي	دوسىم	59
اي	كىم	55
اي	قالدى	90
اي	دەگەن	92
اي	كۇنى	72
اي	ەمەس	72
اي	ونى	70
اي	بىراق	90
اي	قاشان	88
اي	قويشى	86
اي	مىنا	67
اي	نەدەگەن	80
اي	قانداي	77
اي	سەنىڭ	80
اي	راس	78
اي	ىستەپ	90
اي	انا	93
اي	ايتەۋ	78
اي	بوپ	89
اي	قايداسىڭ	85
اي	بارسىڭبا	88
اي	وعان	95
اي	بالا	92
اي	جاڭا	82
اي	سەندە	74
اي	بىز	61
اي	عانا	84
اي	قيىن	83
اي	بولعان	77
اي	ۋاقىت	76
اي	مىناۋ	20
اي	قىز	94
اي	دەشى	83
اي	بولىپتى	68
اي	قىزدار	88
اي	امال	89
اي	الگى	87
اي	ونداي	88
اي	بەكەر	86
اي	بۇرىن	72
اي	نەبولدى	90
اي	سويلە	89
اي	بىلمەي	83
اي	بىلمەيمىن	78
اي	جوعا	95
اي	جىندى	86
اي	سۇيلە	84
اي	قۇرسىن	73
اي	شىركىن	59
اي	قاتىن	95
اي	قۇداي	88
اي	كۇنىم	89
اي	جارايسىڭ	91
اي	سايىن	84
اي	وڭباعان	94
اي	تەگى	30
اي	بولايىن	91
اي	ماۋباس	92
اي	ومىر	89
اي	ۇمىر	80
اي	قارعام	76
اي	جاقسىلىق	95
اي	جندى	86
اي	قاۋىپتى	92
اي	سوڭىندا	90
اي	ۇيات	64
اي	جارىق	87
اي	بولعاندا	94
اي	ۇمىراي	89
اي	ومىراي	94
ايت	جانىم	95
ايت	مەن	31
ايت	دەپ	33
ايت	بولدى	31
ايت	بىر	70
ايت	نە	73
ايت	سەن	58
ايت	ەندى	69
ايت	وندا	55
ايت	قابىل	55
ايت	مەندە	54
ايت	ماعان	50
ايت	مەنى	62
ايت	دەيدى	69
ايت	دەگەن	59
ايت	كۇنى	65
ايت	بولاما	18
ايت	تەز	61
ايت	دەسەم	62
ايت	دەدىم	64
ايت	شىلاپ	59
ايت	سول	73
ايت	دوسىم	58
ايت	وتىر	71
ايتى	عوي	42
ايتى	دەپ	13
ايتى	دەيدى	14
ايتى	دەمە	20
ايتىپ	عوي	32
ايتىپ	مەن	96
ايتىپ	دەپ	103
ايتىپ	جوق	90
ايتىپ	جاقسى	101
ايتىپ	بىر	98
ايتىپ	سول	73
ايتىپ	نە	100
ايتىپ	ەندى	66
ايتىپ	جاتىر	99
ايتىپ	جاتىرسىڭ	33
ايتىپ	قوي	64
ايتىپ	ال	18
ايتىپ	الىپ	71
ايتىپ	تۇر	91
ايتىپ	سودان	82
ايتىپ	ماعان	96
ايتىپ	بارىپ	55
ايتىپ	مەنى	54
ايتىپ	جاتىرمىن	99
ايتىپ	سەنى	93
ايتىپ	تاماق	85
ايتىپ	قال	103
ايتىپ	ايتىپ	101
ايتىپ	وتىر	81
ايتىپ	وتىرمىن	18
ايتىپ	كەت	50
ايتىپ	كەتتى	96
ايتىپ	قالدى	21
ايتىپ	قويشى	90
ايتىپ	كەتىپ	95
ايتىپ	بىراز	62
ايتىپ	شاي	98
ايتىپ	بەر	96
ايتىپ	بەرىپ	69
ايتىپ	ەدى	92
ايتىپ	جۇر	68
ايتىپ	جولداپ	88
ايتىپ	الدىم	102
ايتىپ	كەتتىم	54
ايتىپ	بەرە	48
ايتىپ	بەرەيىن	89
ايتىپ	قويدى	89
ايتىپ	قويدىم	88
ايتىپ	كور	97
ايتىپ	تۇرىپ	57
ايتىپ	ەدىم	97
ايتىپ	جۇرمىن	48
ايتىپ	الايىن	101
ايتىپ	كەلە	68
ايتىپ	بولعان	21
ايتىپ	جاتىپ	85
ايتىپ	تۇرمىن	92
ايتىپ	الدىڭ	103
ايتىپ	بولدىم	68
ايتىپ	كەتتىڭ	98
ايتىپ	قالدىڭ	49
ايتىپ	جاتقان	95
ايتىپ	قويىپ	44
ايتىپ	كەتكەن	74
ايتىپ	كۇر	79
ايتىپ	جاتىرمىز	55
ايتىپ	جۇرە	80
ايتىپ	جۇرگەن	79
ايتىپ	بەرەم	63
ايتىپ	جۇرىپ	66
ايتىپ	جۇرسىڭ	65
ايتىپ	قايتەم	101
ايتىپ	بەرشى	63
ايتىپ	بەرەدى	29
ايتىپ	ەدىڭ	90
ايتىپ	تۇرعان	67
ايتىپ	وتىرمىز	98
ايتىپ	قويا	68
ايتىپ	قويايىن	99
ايتىپ	بولدىڭ	57
ايتىپ	تاستا	83
ايتىپ	تاستاپ	80
ايتىپ	وتىرسىڭ	96
ايتىپ	وتىرىپ	43
ايتىپ	بەرەتىن	51
ايتىپ	بەرەمىن	73
ايتىپ	وتىرعان	66
ايتىپ	بەرسەڭ	98
ايتىپ	كورەيىن	95
ايتىپ	قايتەسىڭ	56
ايتىپ	بەرگەن	103
ايتىپ	بەردى	93
ايتىپ	بەردىم	93
ايتىپ	قويدىڭ	93
ايتىپ	جاتسىڭ	97
ايتىپ	تۇرسىڭ	98
ايتىپ	جاتىرسىڭبا	87
ايتىپ	قويسا	82
ايتىپ	قويساڭ	86
ايتىپ	كەلەم	61
ايتىپ	قويعان	80
ايتىپ	جۇرمە	95
ايتىپ	تۇرسا	69
ايتىپ	كۇرەيىن	100
ايتىپ	جۇرەتىن	48
ايتىپ	الداپ	89
ايتىپ	قويىپتى	81
ايتىپ	كورشى	98
ايتىپ	تۇرساڭ	83
ايتىپ	قويعام	94
ايتىپ	جاتسا	102
ايتىپ	قويام	77
ايتىپ	قويادى	80
ايتىپ	جاتىرما	74
ايتىپ	وتىرسىڭبا	66
ايتىپ	جاتسام	55
ايتىپ	جاتر	72
ايتىپ	بۇيتىپ	99
ايتىپ	كورگەن	77
ايتىپ	وتىرايىق	77
ايتىپ	ەدىك	98
ايتىپ	قويىڭىز	94
ايتىپ	كۇرشى	102
ايتىپ	جاترمىن	63
ايتىپ	جاتقام	86
ايتىپ	جىبەر	90
ايتىپ	تاستادىم	88
ايتىپ	جۇرمەسىن	98
ايتىپ	قويپتى	77
ايتىپ	قويسام	88
ايتىپ	كەلەمىن	83
ايتىپ	كەتىڭ	93
ايتىپ	تۇرسىڭبا	101
ايتىپ	كورسەڭ	87
ايتىپ	كەتكەم	96
ايتىپ	قويايىق	103
ايتىپ	جاتساڭ	102
ايتىپ	وتىرعام	92
ايتىپ	تۇرسام	102
ايتىپ	وترمىن	88
ايتىپ	قويدىق	97
ايتىپ	تۇرعام	97
ايتىپ	بەرسەڭىز	82
ايتىپ	كورمەدىم	98
ايتىپ	قويامىن	92
ايتىپ	قۇيدىم	98
ايتىپ	كورىڭىز	93
ايتىپ	وتىراتىن	96
ايتىپ	قويىڭىزدار	90
ايتىپ	وتىرادى	100
ايتىپ	بولعانشا	91
ايتىپ	قويماي	96
ايتىپ	وتىرما	95
ايتىپ	جاتىرىم	85
ايتىپ	تۇرايىق	98
ايتىپ	كورگەم	95
ايتىپ	كۇرمەدىم	93
ايتىپ	قوياسىڭ	92
ايتىپ	وتىرسا	96
ايتىپ	وتىرسام	101
ايتىپ	قويدىڭبا	91
ايتىپ	جاتقانىم	89
ايتىپ	تاستاعام	63
ايتىپ	جاتقانىڭ	102
ايتىپ	جاتقانىڭا	102
ايتىپ	قويىڭدار	102
ايتىپ	وتىرىم	91
ايتىپ	وتىرساڭ	85
ايتىپ	تۇسىندىرىپ	100
ايتىپ	قويساڭىز	102
ايتىپ	بولعام	100
ايتىپ	قۇيايىن	100
ايتىپ	وتىرىڭدار	100
ايتىپ	جىبەرشى	79
ايتىپ	قويڭىز	100
ايتىپ	وتىرىڭىز	88
ايتىپ	سۇراما	94
ايتىپ	سىرلاسىپ	69
ايتىپ	قويعامىن	78
ايتىپ	جەتكىزە	94
ايتىپ	قويمايسىڭبا	98
ايتىپ	وتىرعانىم	84
ايتىپ	قويعانىم	93
ايتىپ	مۇيتىپ	99
ايتىپ	ساعان	25
ايتىپ	قالدىم	81
ايتىپ	كەتەم	86
ايتىپ	كەتسەڭ	103
ايتىپ	قويساڭشى	89
ايتىپ	قويمايسىڭ	88
بىرگە	بول	93
بىرگە	بولسىن	52
بىرگە	ەكەن	81
بىرگە	بىر	83
بىرگە	بار	8
بىرگە	بولىپ	84
بىرگە	الىپ	48
بىرگە	كەلىپ	92
بىرگە	بولسا	74
بىرگە	بارىپ	87
بىرگە	بولا	39
بىرگە	بولادى	63
بىرگە	تاماق	92
بىرگە	وتىر	92
بىرگە	ىشىپ	86
بىرگە	كەتىپ	70
بىرگە	شاي	66
بىرگە	بولام	73
بىرگە	ىستەپ	84
بىرگە	جۇر	80
بىرگە	قايتىپ	72
بىرگە	جۇمىس	71
بىرگە	بوپ	76
بىرگە	شىعىپ	72
بىرگە	تۇرىپ	87
بىرگە	بارا	79
بىرگە	بارام	84
بىرگە	بولعان	89
بىرگە	جاتىپ	83
بىرگە	تۇسىپ	58
بىرگە	بولدىم	60
بىرگە	جاتقان	66
بىرگە	بارايىن	88
بىرگە	جۇرە	63
بىرگە	جۇرگەن	91
بىرگە	باراتىن	84
بىرگە	بولاتىن	86
بىرگە	جۇرىپ	73
بىرگە	ويناپ	63
بىرگە	بولساڭ	71
بىرگە	كەلگەن	88
بىرگە	ستەپ	82
بىرگە	دەيىن	83
بىرگە	بولدىڭ	86
بىرگە	جىندى	91
بىرگە	اراق	92
بىرگە	بارامىز	79
بىرگە	وتىرىپ	90
بىرگە	بارعان	84
بىرگە	بارادى	52
بىرگە	وتىرعان	82
بىرگە	سيلاسىن	91
بىرگە	بولدىق	79
بىرگە	بارايىق	92
بىرگە	بولسام	32
بىرگە	بولعاندا	62
بىرگە	تۋعان	92
بىرگە	جۇرەتىن	71
بىرگە	جۇرسەڭ	74
بىرگە	بولاسىڭ	69
بىرگە	جۇرەدى	72
بىرگە	بولامىن	83
بىرگە	ىستەيتىن	70
بىرگە	وتىرايىق	90
بىرگە	ىشەيىك	83
بىرگە	تۇسكەن	84
بىرگە	بولۋ	79
بىرگە	ەرىپ	86
بىرگە	ىستەگەن	76
بىرگە	قايتامىز	70
بىرگە	جۇرەمىز	88
بىرگە	كەتەمىز	87
بىرگە	بارساق	75
بىرگە	ۇيقتايىق	64
بىرگە	كەتەيىك	86
بىرگە	بولساق	93
بىرگە	بولايىق	75
بىرگە	بولامىز	84
بىرگە	جۇرەيىك	61
بىرگە	قايتايىق	78
بىرگە	جاتايىق	92
بىرگە	شىعايىق	92
بىرگە	جاتامىز	86
بىرگە	بولعىم	86
بىرگە	بولۋعا	87
بىرگە	ىستەيىك	89
بىرگە	بولعىڭ	93
بىرگە	دەپ	88
بىرگە	كەل	75
بىرگە	كەتتى	34
بىرگە	وتىرمىن	82
بىرگە	كەلە	83
بىرگە	بارامىن	81
بىرگە	اڭگىمە	88
بىرگە	جۇرسىڭ	59
بىرگە	ەرتىپ	66
بىرگە	كىرىپ	87
بىرگە	وتىرسىڭ	92
بىرگە	شعىپ	89
بىرگە	كەلدىك	86
بىرگە	جۇرسەم	76
بىرگە	جاتاتىن	75
بىرگە	ستەيتىن	57
بىرگە	جۇرسەك	81
بىرگە	جۇپ	89
بىرگە	وقىعان	58
بىرگە	بولۋدى	80
بىرگە	كىرەيىك	86
كۇن	عوي	99
كۇن	جانىم	76
كۇن	مەن	91
كۇن	دەپ	58
كۇن	جوق	85
كۇن	بولسىن	87
كۇن	جاقسى	67
كۇن	بولدى	59
كۇن	ەكەن	15
كۇن	بىر	48
كۇن	سول	69
كۇن	نە	46
كۇن	بار	59
كۇن	ەندى	86
كۇن	بولىپ	99
كۇن	قوي	102
كۇن	الى	99
كۇن	كەلىپ	102
كۇن	ەرتە	93
كۇن	ەرتەڭ	94
كۇن	بولسا	100
كۇن	بۇگىن	67
كۇن	بارىپ	84
كۇن	ەكى	78
كۇن	قاي	86
كۇن	بولادى	98
كۇن	قايدا	88
كۇن	وسى	101
كۇن	تاماق	91
كۇن	دەيدى	80
كۇن	قالاي	70
كۇن	ۇي	91
كۇن	ۇيدە	102
كۇن	ۇيگە	82
كۇن	تەلەفون	92
كۇن	بىرگە	73
كۇن	كۇن	102
كۇن	كەيىن	87
كۇن	قالدى	91
كۇن	دەگەن	77
كۇن	ەمەس	94
كۇن	بارما	75
كۇن	قاشان	93
كۇن	قاربالاس	90
كۇن	ىشىپ	94
كۇن	تاعى	90
كۇن	قۇتتى	82
كۇن	بىراز	83
كۇن	نەدەگەن	96
كۇن	قانداي	91
كۇن	ەدى	59
كۇن	بولاما	70
كۇن	ىستەپ	94
كۇن	قايتىپ	84
كۇن	ۇش	86
كۇن	جۇمىس	96
كۇن	بوپ	80
كۇن	كوڭىلدى	56
كۇن	اۋىرىپ	94
كۇن	تۇن	101
كۇن	شىعىپ	84
كۇن	كورىپ	91
كۇن	تۇرىپ	87
كۇن	قاتتى	60
كۇن	عانا	56
كۇن	بولعان	54
كۇن	جاتىپ	67
كۇن	ۋاقىت	88
كۇن	قاراپ	100
كۇن	قايدان	77
كۇن	جاي	83
كۇن	بولىپتى	71
كۇن	بولماي	98
كۇن	كۇرىپ	84
كۇن	بولماسا	101
كۇن	بولسادا	96
كۇن	كەتەدى	49
كۇن	بولاتىن	99
كۇن	جۇرىپ	90
كۇن	ارەڭ	58
كۇن	ويناپ	66
كۇن	بۇرىن	102
كۇن	ستەپ	45
كۇن	بوپتى	75
كۇن	توس	97
كۇن	توسىپ	90
كۇن	دەم	73
كۇن	وتە	91
كۇن	اراق	62
كۇن	شعىپ	96
كۇن	بارمىن	102
كۇن	اشىق	98
كۇن	ەرەكشە	55
كۇن	تۇرا	70
كۇن	سۋىق	79
كۇن	كورە	71
كۇن	ىشىندە	94
كۇن	قانا	77
كۇن	دەمالىپ	101
كۇن	ۇتە	102
كۇن	بولار	29
كۇن	بايقاپ	90
كۇن	تولىق	102
كۇن	جىلى	101
كۇن	دەمالىس	85
كۇن	اسىپ	67
كۇن	بولپتى	76
كۇن	جاۋىپ	92
كۇن	سايىن	93
كۇن	سويلەمەي	46
كۇن	جاتتىم	69
كۇن	وتىپ	79
كۇن	ۇتىپ	99
كۇن	قيمىل	90
كۇن	كۇندىك	60
كۇن	بولاسىڭ	89
كۇن	جۇرەدى	93
كۇن	ىستەيتىن	93
كۇن	جاڭبىر	93
كۇن	وكىل	90
كۇن	ۇكىل	102
كۇن	بۇلدى	49
كۇن	تۇنى	98
كۇن	تۇنىمەن	98
كۇن	بارعوي	92
كۇن	جۇردىم	98
كۇن	ىستىق	64
كۇن	قونىپ	56
كۇن	جاتاتىن	49
كۇن	دەمالدىم	95
كۇن	وتكىزىپ	88
كۇن	شىدا	85
كۇن	شىداپ	68
كۇن	جۇرەسىڭ	95
كۇن	جاتادى	87
كۇن	دەمالس	65
كۇن	ىسىپ	92
كۇن	توسا	72
كۇن	قالعاندا	99
كۇن	رۇحسات	94
كۇن	سۇىق	100
كۇن	اشىلىپ	88
كۇن	ىشندە	97
كۇن	ۇتكىزىپ	91
كۇن	جاۋىن	85
كۇن	جاۋدى	77
كۇن	ىستەدىم	80
كۇن	دەمالام	84
كۇن	جاۇىپ	81
كۇن	دەمالادى	98
كۇن	جاۋدىما	71
كۇن	باتقانشا	92
كۇن	رۇقسات	87
كۇن	سۋىپ	101
كۇن	ساناپ	97
كۇن	توستىم	89
كۇن	تۋدى	89
كۇن	جاۋادى	98
كۇن	سالقىن	99
كۇن	سۋىقتا	100
كۇن	نۇرى	86
كۇن	سۋىتىپ	80
كۇن	جاۋسا	99
كۇن	اشىلسا	102
كۇن	ارالاتىپ	85
كۇن	بۇلتتاپ	88
كۇن	بۇلىت	90
كۇن	سۋتىپ	102
كۇن	جاۋماسا	92
كۇن	جات	65
كۇن	توي	52
كۇن	كەلەدى	79
كۇن	بەكەر	89
كۇن	سۋ	102
كۇن	ۇيقتادىم	89
كۇن	قۇيىپ	35
كۇن	جۇرەتىن	89
كۇن	جۇرەم	87
كۇن	كۇيىپ	100
كۇن	ستىق	88
كۇن	ءوتىپ	90
كۇن	ىستىقتا	76
كۇن	تۇراسىڭ	88
كۇن	جانىپ	98
كۇن	ىستق	85
كۇن	ىستقتا	98
كۇن	جاۋعان	88
كۇن	ىسپ	101
كۇن	ستقتا	77
كۇن	ستىقتا	73
كۇن	جاۋاتىن	97
كۇن	جاۋپ	95
كۇن	ءىستىق	91
كۇن	جاۋعالى	96
كۇن	ىستىقپا	102
كۇن	جاۇدىما	101
وت	بولىپ	99
وت	بوپ	28
وت	سالىپ	46
وت	باسى	45
وت	باسىم	19
وت	باسىڭ	24
وت	جاعىپ	31
وت	باسىن	15
وت	باسىڭدى	17
وت	باستارىڭ	48
وت	باستارىڭىز	32
وت	باسىڭا	43
وت	باسىمىز	16
وت	باسىڭىز	18
وتىر	عوي	47
وتىر	جانىم	14
وتىر	مەن	37
وتىر	دەپ	51
وتىر	ەكەن	89
وتىر	بىر	17
وتىر	سول	79
وتىر	نە	67
وتىر	سەن	83
وتىر	ەندى	77
وتىر	قوي	60
وتىر	وندا	71
وتىر	بۇگىن	68
وتىر	سودان	90
وتىر	ماعان	90
وتىر	مەنى	77
وتىر	ول	88
وتىر	سەنى	86
وتىر	وسى	90
وتىر	دەيدى	90
وتىر	ۇيدە	88
وتىر	تەلەفون	56
وتىر	دوسىم	88
وتىر	دەگەن	71
وتىر	مىن	72
وتىر	مىنا	42
وتىر	ەدى	90
وتىر	بولاما	87
وتىر	انا	53
وتىر	دەسەم	76
وتىر	ەدىم	90
وتىر	ەكەنسىڭ	58
وتىر	ەي	38
وتىر	ەمەسپە	79
وتىر	دەشى	88
وتىر	اڭگىمە	56
وتىر	سۇيتىپ	82
وتىر	ەدىڭ	73
وتىر	سىڭ	50
وتىر	ەكەسىڭ	51
وتىر	سىڭبا	81
وتىر	ىڭىز	89
وتىر	سڭبا	76
وتىر	جاقسى	42
وتىر	مەنىڭ	84
وتىر	ساعان	77
وتىر	شى	83
وتىر	ۇيات	81
وتىر	ەكەنسىڭدەر	81
وتىرمىن	عوي	87
وتىرمىن	جانىم	16
وتىرمىن	مەن	19
وتىرمىن	دەپ	78
وتىرمىن	بىر	66
وتىرمىن	سول	74
وتىرمىن	نە	49
وتىرمىن	سەن	86
وتىرمىن	ەندى	72
وتىرمىن	قوي	71
وتىرمىن	الى	88
وتىرمىن	ەرتەڭ	97
وتىرمىن	ادام	93
وتىرمىن	بۇگىن	82
وتىرمىن	مەندە	81
وتىرمىن	سودان	96
وتىرمىن	ەكى	90
وتىرمىن	ول	68
وتىرمىن	سەنى	91
وتىرمىن	ساعان	96
وتىرمىن	وسى	80
وتىرمىن	تاماق	94
وتىرمىن	دەيدى	84
وتىرمىن	ۇيدە	77
وتىرمىن	ۇيگە	70
وتىرمىن	تەلەفون	75
وتىرمىن	دوسىم	92
وتىرمىن	دەگەن	99
وتىرمىن	بىراق	99
وتىرمىن	ۇزىڭ	98
وتىرمىن	قاشان	77
وتىرمىن	تاڭەرتەڭ	87
وتىرمىن	بىراز	98
وتىرمىن	شاي	92
وتىرمىن	ازىر	103
وتىرمىن	وزىڭ	85
وتىرمىن	قازىر	101
وتىرمىن	ەمەسپە	83
وتىرمىن	دەشى	101
وتىرمىن	شارشاپ	96
وتىرمىن	جالعىز	100
وتىرمىن	توسىپ	102
وتىرمىن	باسىم	100
وتىرمىن	باياعى	95
وتىرمىن	باسقا	87
وتىرمىن	ءالى	88
دوس	دەپ	36
دوس	جوق	102
دوس	بولىپ	53
دوس	دەگەن	54
دوس	ەمەس	26
دوس	بوپ	56
دوس	كەرەك	32
دوس	تاۋىپ	56
دوس	بولعان	43
دوس	بولساڭ	37
دوس	بولساق	46
دوس	بولايىق	43
دوس	بولۋعا	29
دوس	جاران	52
دوس	جاراندار	19
دوس	بار	40
دوس	بولا	12
دوس	بولعىم	47
دوسى	ەكەن	28
دوسى	بار	19
دوسىم	عوي	14
دوسىم	سالەم	97
دوسىم	مەن	100
دوسىم	دەپ	72
دوسىم	جوق	47
دوسىم	جاقسى	50
دوسىم	بولدى	60
دوسىم	بىر	94
دوسىم	سول	65
دوسىم	نە	46
دوسىم	نەعىپ	71
دوسىم	بار	67
دوسىم	سەن	49
دوسىم	ەندى	69
دوسىم	راحىمەت	97
دوسىم	ماقۇل	101
دوسىم	الىپ	86
دوسىم	وندا	54
دوسىم	كەلىپ	100
دوسىم	ەرتەڭ	78
دوسىم	بولسا	71
دوسىم	بۇگىن	96
دوسىم	مەندە	68
دوسىم	سودان	101
دوسىم	ماعان	100
دوسىم	بارى	76
دوسىم	بارىپ	95
دوسىم	ەكى	75
دوسىم	مەنى	73
دوسىم	مەنىڭ	87
دوسىم	قايىرلى	84
دوسىم	بولادى	83
دوسىم	ول	99
دوسىم	قايدا	89
دوسىم	سەنى	88
دوسىم	ساعان	91
دوسىم	وسى	77
دوسىم	جارايدى	74
دوسىم	تاماق	87
دوسىم	قال	85
دوسىم	قالاي	61
دوسىم	ۇيدە	90
دوسىم	ۇيگە	101
دوسىم	تەلەفون	100
دوسىم	اي	96
دوسىم	بىرگە	102
دوسىم	دوسىم	79
دوسىم	امان	98
دوسىم	امانشىلىق	68
دوسىم	اق	101
دوسىم	اقشا	93
دوسىم	ونى	79
دوسىم	جاقسىما	66
دوسىم	ۇزىڭ	80
دوسىم	قاربالاس	89
دوسىم	تاعى	30
دوسىم	كوپ	96
دوسىم	تاڭەرتەڭ	101
دوسىم	بىراز	97
دوسىم	مىنا	97
دوسىم	قانداي	99
دوسىم	امانسىڭبا	102
دوسىم	ەدى	86
دوسىم	سەنىڭ	97
دوسىم	كەش	98
دوسىم	كەشتە	100
دوسىم	بولاما	91
دوسىم	از	96
دوسىم	ازىر	102
دوسىم	كەشە	87
دوسىم	انا	78
دوسىم	يۋان	100
دوسىم	جول	94
دوسىم	وزىڭ	100
دوسىم	اۋ	99
دوسىم	قايداسىڭ	103
دوسىم	بارسىڭبا	87
دوسىم	سەندە	83
دوسىم	بىز	54
دوسىم	ايتقانىڭ	98
دوسىم	ۇيات	73
دوسىم	بولعان	103
دوسىم	سونىمەن	94
دوسىم	سوم	87
دوسىم	كەرەمەت	90
دوسىم	ەي	95
دوسىم	توي	96
دوسىم	تۋىلعان	92
دوسىم	ەكەمىز	58
دوسىم	ماڭگى	100
دوسىم	الگى	94
دوسىم	كەلگەن	65
دوسىم	قالىڭ	102
دوسىم	دەنساۋلىق	82
دوسىم	قالايسىڭ	98
دوسىم	سەنەن	77
دوسىم	جاعداي	82
دوسىم	شاقىرىپ	101
دوسىم	ۇيىنە	96
دوسىم	رەنجىمە	100
دوسىم	امانشىلىقپا	91
دوسىم	ۇيىندە	98
دوسىم	ەكەۋمىز	86
دوسىم	جانىم	80
دوسىم	بولىپ	83
دوسىم	كەل	103
دوسىم	نەگە	72
دوسىم	دەگەن	59
دوسىم	قاتتى	99
دوسىم	بولاتىن	77
دوسىم	باقىتتى	84
دوسىم	دەسەڭ	98
دوسىم	دەنساۋلىعىڭ	101
دوسىم	قوش	89
دوسىم	باقتتى	93
كىم	جانىم	101
كىم	مەن	87
كىم	دەپ	71
كىم	جوق	63
كىم	جاقسى	50
كىم	بولدى	80
كىم	ەكەن	28
كىم	نە	14
كىم	بار	34
كىم	سەن	92
كىم	بولىپ	76
كىم	الىپ	84
كىم	كەلىپ	68
كىم	بولسا	89
كىم	ماعان	101
كىم	مەنى	79
كىم	قاي	95
كىم	بولادى	81
كىم	ول	88
كىم	سەنى	96
كىم	ساعان	45
كىم	دەيدى	81
كىم	تەلەفون	89
كىم	ايتى	18
كىم	ايتىپ	84
كىم	كىم	98
كىم	كەتتى	76
كىم	قالدى	103
كىم	اقشا	94
كىم	دەگەن	91
كىم	ىشىپ	60
كىم	كەتىپ	97
كىم	ەدى	100
كىم	سەنىڭ	46
كىم	ىستەپ	78
كىم	انا	94
كىم	جولداپ	78
كىم	الدى	101
كىم	سوندا	84
كىم	دەسە	74
كىم	دەسەم	94
كىم	كەرەك	95
كىم	ايتتى	103
كىم	كەلدى	95
كىم	كورىپ	93
كىم	قاراپ	77
كىم	بۇل	65
كىم	ەي	54
كىم	مىناۋ	97
كىم	سۇراپ	91
كىم	جامان	60
كىم	كەلەدى	104
كىم	ۇشىن	100
كىم	كۇرىپ	100
كىم	بولسادا	97
كىم	بەرەدى	61
كىم	ەدىڭ	101
كىم	تارتىپ	80
كىم	ايتشى	57
كىم	بولدىڭ	12
كىم	بىلەدى	97
كىم	جازىپ	70
كىم	بارادى	103
كىم	ايتادى	95
كىم	دەيسىڭ	102
كىم	الادى	42
كىم	اناۋ	63
كىم	ايداپ	89
كىم	بەردى	104
كىم	سىڭ	103
كىم	بالاسى	101
كىم	ەكەۋىڭ	103
كىم	ەكەنىن	99
كىم	كىمگە	32
كىم	بولدىڭىز	54
كىم	كىمنىڭ	80
كىم	باردى	94
كىم	ايتات	96
كىم	قايتىس	103
كىم	كىمدى	101
كىم	اكام	90
كىم	ىستەيدى	71
كىم	ويلاعان	57
كىم	قايجەردەن	85
كىم	كورەدى	102
كىم	بولۋشى	93
كىم	بىلەت	88
كىم	قارايدى	46
كىم	بىلسىن	61
كىم	كۇرەدى	91
كىم	بلەدى	93
كىم	شاقىردى	82
كىم	كەپىل	87
كىم	ەكەنىڭدى	94
كىم	اپارادى	85
كىم	جولدادى	102
كىم	اكەلدى	81
كىم	وتىرسىڭدار	98
كىم	تۇسىنەدى	95
كىم	ايدايدى	102
كىم	باعادى	102
كىم	ەكەنىمدى	102
كىم	باردىڭدار	103
كىم	باراسىڭدار	98
كىم	تيستى	91
كىم	تانىمادىم	86
كىم	سەنەدى	91
كىم	كورىنگەنگە	79
كىم	بلەت	93
كىم	بلسىن	89
كىم	بارىپ	79
كىم	وتىر	99
كىم	توي	98
كىم	كەلە	91
كىم	اپارىپ	72
كىم	باراتىن	85
كىم	اكەپ	67
كىم	ۇستاپ	86
كىم	قوناق	99
كىم	شىعادى	86
كىم	تويى	98
كىم	جۇرسىڭدەر	68
كىم	اكەلەدى	98
كىم	كورىنگەنمەن	101
امان	سالەم	89
امان	جوق	96
امان	بول	74
امان	بولسىن	83
امان	جاقسى	86
امان	ەكەن	32
امان	بار	16
امان	بولىپ	65
امان	جاتىر	68
امان	جاتىرسىڭ	92
امان	كەل	71
امان	كەلىپ	53
امان	بولسا	85
امان	بارىپ	30
امان	امان	31
امان	امانشىلىق	84
امان	ۇزىڭ	91
امان	جۇر	96
امان	بوپ	38
امان	بولعان	91
امان	جاتىرمىز	76
امان	جۇرە	71
امان	جۇرىپ	43
امان	ماڭگى	94
امان	بولساڭ	50
امان	ساۋ	85
امان	دەن	62
امان	دەنساۋ	31
امان	ەسەن	81
امان	باقىتتى	8
امان	جەتىپ	93
امان	كۇندەرىڭ	96
امان	باي	45
امان	كەلىڭدەر	96
امان	بولسام	51
امان	جاتىرسىڭبا	61
امان	بولسن	65
امان	بولىڭدار	71
امان	جاتىرسىڭدار	52
امان	جاتىرسىڭدارما	76
امان	تۇردىڭبا	66
امان	جۇرسە	18
امان	جۇرسەڭ	75
امان	سالام	95
امان	جۇرسىڭبە	63
امان	قونىپ	83
امان	كەلىڭىز	70
امان	بولشى	45
امان	كەلىڭىزدەر	87
امان	دەندەرىڭ	84
امان	دەندەرىڭىز	92
امان	دەنىڭ	95
امان	بولساق	80
امان	بولايىق	65
امان	سىڭبا	96
امان	جۇرەيىك	55
امان	بولىڭىز	66
امان	بولىڭىزدار	78
امان	ساۇ	40
امان	جاتقانىڭ	86
امان	جاتىرسىزدار	56
امان	جاتىرسىزدارما	75
امان	جۇرسىن	74
امان	جۇرشى	82
امان	جۇرسەك	85
امان	بولساڭدار	79
امان	جۇرىڭدەر	86
امان	جاتىرسىزبا	76
امان	بارىڭدار	69
امان	دەنىم	87
امان	دەنىمىز	89
امان	شىلىق	57
امان	بولڭدار	55
امان	قوندىڭ	56
امان	قوندىڭبا	53
امان	دەنىڭىز	82
امان	جاتقاندارىڭ	52
امان	جاتقاندارىڭىز	85
امان	جاتساڭدار	67
امان	قوندىڭىز	86
امان	دەنمىز	91
امان	جاتىرسزدارما	71
امان	شلىق	95
امان	قوندىڭدار	97
امان	ەسەنبە	89
امان	قوندىڭىزبا	88
امان	مەن	51
امان	جايلاپ	82
امانشىلىق	جانىم	97
امانشىلىق	مەن	42
امانشىلىق	جوق	70
امانشىلىق	بولسىن	67
امانشىلىق	جاقسى	86
امانشىلىق	سول	41
امانشىلىق	نە	49
امانشىلىق	نەعىپ	92
امانشىلىق	ەندى	67
امانشىلىق	بولىپ	97
امانشىلىق	راحىمەت	69
امانشىلىق	ماقۇل	95
امانشىلىق	كەلىپ	75
امانشىلىق	يا	59
امانشىلىق	بولسا	87
امانشىلىق	بۇگىن	19
امانشىلىق	مەندە	80
امانشىلىق	سودان	99
امانشىلىق	بارى	88
امانشىلىق	قايىرلى	84
امانشىلىق	بولادى	70
امانشىلىق	جاتىرمىن	88
امانشىلىق	جارايدى	69
امانشىلىق	ۇيدە	81
امانشىلىق	بىرگە	95
امانشىلىق	دوسىم	61
امانشىلىق	امان	91
امانشىلىق	امانشىلىق	48
امانشىلىق	يە	47
امانشىلىق	ۇز	74
امانشىلىق	ۇزىڭ	100
امانشىلىق	قاربالاس	94
امانشىلىق	وي	15
امانشىلىق	ىستەپ	100
امانشىلىق	پا	56
امانشىلىق	وز	99
امانشىلىق	وزىڭ	99
امانشىلىق	اعا	11
امانشىلىق	ايتقانىڭ	15
امانشىلىق	سونىمەن	77
امانشىلىق	جەجە	84
امانشىلىق	اينالايىن	85
امانشىلىق	ەبىلايدە	77
امانشىلىق	جاتىرمىز	99
امانشىلىق	جۇرىپ	94
امانشىلىق	دەنساۋلىق	92
امانشىلىق	بىزدە	85
امانشىلىق	سومەن	95
امانشىلىق	بارمىن	81
امانشىلىق	باۋىرىم	88
امانشىلىق	ءوزىڭ	93
امانشىلىق	اپەكە	78
امانشىلىق	ۇزدەرىڭ	96
امانشىلىق	وزدەرىڭ	42
امانشىلىق	ۇزىڭىز	54
امانشىلىق	وزىڭىز	69
امانشىلىق	ۇزدەرىڭىز	85
امانشىلىق	وزدەرىڭىز	76
امانشىلىق	ءوزدەرىڭ	86
امانشىلىق	قايدا	94
امانشىلىق	كەشە	77
امانشىلىق	قايداسىڭ	92
كەت	جانىم	88
كەت	مەن	22
كەت	دەپ	48
كەت	بولدى	15
كەت	ەندى	53
كەت	وندا	52
كەت	دەيدى	61
كەت	دوسىم	30
كەت	دەگەن	61
كەت	بولاما	48
كەت	دەسە	51
كەت	دەسەم	52
كەت	دەدى	50
كەت	دەدىم	59
كەت	دەسەڭ	50
كەت	ارى	52
كەت	جوعال	62
كەت	مەنى	39
كەت	دەگەندە	61
كەتتى	عوي	61
كەتتى	جانىم	11
كەتتى	مەن	35
كەتتى	دەپ	101
كەتتى	جوق	57
كەتتى	جاقسى	28
كەتتى	بولدى	96
كەتتى	ەكەن	89
كەتتى	بىر	58
كەتتى	سول	68
كەتتى	نە	74
كەتتى	سەن	87
كەتتى	ەندى	83
كەتتى	راحىمەت	61
كەتتى	قوي	100
كەتتى	وندا	98
كەتتى	يا	71
كەتتى	ەرتەڭ	94
كەتتى	بۇگىن	70
كەتتى	مەندە	89
كەتتى	سودان	95
كەتتى	ماعان	97
كەتتى	بارى	67
كەتتى	ەكى	89
كەتتى	مەنى	84
كەتتى	مەنىڭ	96
كەتتى	ول	88
كەتتى	سەنى	67
كەتتى	ساعان	78
كەتتى	وسى	82
كەتتى	تاماق	87
كەتتى	دەي	88
كەتتى	دەيدى	97
كەتتى	ۇيگە	98
كەتتى	تەلەفون	50
كەتتى	دوسىم	91
كەتتى	دەگەن	95
كەتتى	بىراق	81
كەتتى	ۇزى	91
كەتتى	تاعى	79
كەتتى	تاڭەرتەڭ	91
كەتتى	بىراز	90
كەتتى	مىنا	82
كەتتى	كەشتە	95
كەتتى	ازىر	84
كەتتى	كەشە	101
كەتتى	قايتا	86
كەتتى	انا	99
كەتتى	سوندا	77
كەتتى	وزى	98
كەتتى	ايتەۋ	102
كەتتى	دەسەم	97
كەتتى	اۋ	94
كەتتى	تۇندە	89
كەتتى	جاڭا	97
كەتتى	سونى	97
كەتتى	بىز	82
كەتتى	ۇيات	96
كەتتى	بۇل	87
كەتتى	ەي	96
كەتتى	ودان	72
كەتتى	سوعان	85
كەتتى	ەمەسپە	101
كەتتى	جاڭە	60
كەتتى	دەشى	92
كەتتى	امال	94
كەتتى	باعانا	100
كەتتى	دەدى	97
كەتتى	دەدىم	92
كەتتى	قۇرسىن	101
كەتتى	دەيسىڭ	78
كەتتى	عۇي	101
كەتتى	ءوزى	101
كەتتى	مەكەن	92
كەتتى	تەگى	94
كەتتى	بۇيىرتىپ	92
كەتتى	كۇن	90
كەتتى	تەز	75
كەتتى	ونىڭ	90
كەي	بىر	101
كەي	ادام	28
كەي	كۇنى	28
كەي	كەزدە	27
كەي	ادامدار	13
كەي	كەزدەرى	27
كەيىن	عوي	9
كەيىن	جانىم	98
كەيىن	مەن	84
كەيىن	دەپ	73
كەيىن	جوق	46
كەيىن	بولسىن	75
كەيىن	جاقسى	76
كەيىن	بولدى	65
كەيىن	بىر	81
كەيىن	سول	43
كەيىن	نە	85
كەيىن	نەعىپ	65
كەيىن	بار	55
كەيىن	سەن	87
كەيىن	الىپ	97
كەيىن	كەل	69
كەيىن	كەلىپ	65
كەيىن	ەرتە	83
كەيىن	ادام	64
كەيىن	بولسا	87
كەيىن	مەندە	60
كەيىن	ماعان	46
كەيىن	بارى	83
كەيىن	بارىپ	90
كەيىن	ەكى	64
كەيىن	مەنى	84
كەيىن	مەنىڭ	65
كەيىن	بولادى	68
كەيىن	ول	97
كەيىن	قايدا	100
كەيىن	سەنى	78
كەيىن	ساعان	82
كەيىن	وسى	86
كەيىن	تاماق	80
كەيىن	دەيدى	85
كەيىن	قالاي	63
كەيىن	ۇي	98
كەيىن	ۇيدە	93
كەيىن	ۇيگە	92
كەيىن	تەلەفون	91
كەيىن	ايتىپ	69
كەيىن	بىرگە	90
كەيىن	كۇن	64
كەيىن	كىم	69
كەيىن	اق	43
كەيىن	اقشا	86
كەيىن	بىراق	74
كەيىن	قانشا	96
كەيىن	ۇزىڭ	59
كەيىن	قاربالاس	84
كەيىن	تاعى	81
كەيىن	كوپ	85
كەيىن	كەتىپ	100
كەيىن	بىراز	95
كەيىن	مىنا	94
كەيىن	قانداي	76
كەيىن	باسقا	100
كەيىن	سەنىڭ	89
كەيىن	بولاما	87
كەيىن	قايتا	89
كەيىن	انا	57
كەيىن	ۇيقتاپ	89
كەيىن	قايتىپ	85
كەيىن	جولداپ	73
كەيىن	ۇش	83
كەيىن	جۇمىس	95
كەيىن	وزىڭ	85
كەيىن	اتىپ	99
كەيىن	كەرەك	97
كەيىن	بەرەيىن	66
كەيىن	شىعىپ	95
كەيىن	بالا	81
كەيىن	سەندە	56
كەيىن	بىز	90
كەيىن	تاۋىپ	87
كەيىن	الايىن	100
كەيىن	بارا	63
كەيىن	بارام	96
كەيىن	كەلە	86
كەيىن	قابارلاس	96
كەيىن	قاتتى	82
كەيىن	ۋاقىت	81
كەيىن	ۇلكەن	78
كەيىن	كۇندە	95
كەيىن	مال	90
كەيىن	اپارىپ	55
كەيىن	ماشينا	98
كەيىن	سۇراپ	81
كەيىن	ايتام	69
كەيىن	كەلەدى	96
كەيىن	ساعات	93
كەيىن	توي	94
كەيىن	ءبىر	55
كەيىن	بارايىن	90
كەيىن	بولماسا	96
كەيىن	بولسادا	89
كەيىن	كەتەدى	95
كەيىن	باراتىن	92
كەيىن	بەرەم	84
كەيىن	جۋىپ	82
كەيىن	ەكەمىز	100
كەيىن	سۇيتىپ	99
كەيىن	بارامىن	80
كەيىن	ونداي	94
كەيىن	ۇزىم	93
كەيىن	نان	75
كەيىن	ەرتەرەك	80
كەيىن	وزىم	71
كەيىن	دەم	81
كەيىن	بۇيىرسا	99
كەيىن	جارىم	93
كەيىن	شعىپ	86
كەيىن	بارامىز	86
كەيىن	بارعاندا	98
كەيىن	بەرەمىن	87
كەيىن	بارادى	97
كەيىن	اۋدانعا	95
كەيىن	جانە	87
كەيىن	قايتارىپ	98
كەيىن	ايتايىن	84
كەيىن	اقىرىن	83
كەيىن	ۇستىپ	83
كەيىن	كورەيىن	99
كەيىن	كەلەتىن	87
كەيىن	الامىن	76
كەيىن	قابارلاسىپ	98
كەيىن	بارسام	89
كەيىن	بىلەسىڭ	99
كەيىن	جۇمىسقا	74
كەيىن	كەتەم	93
كەيىن	شىعادى	64
كەيىن	تىپتى	82
كەيىن	بارايىق	89
كەيىن	قايتام	94
كەيىن	قابارلاسايىن	97
كەيىن	شىق	79
كەيىن	تاۋعا	85
كەيىن	قۇلجاعا	41
كەيىن	قايتاتىن	97
كەيىن	كەلەم	96
كەيىن	جۇمسقا	87
كەيىن	شىعاتىن	96
كەيىن	كۇرەيىن	99
كەيىن	ۇرىمجىگە	99
كەيىن	شعادى	82
كەيىن	ىسكە	97
كەيىن	كوشەگە	94
كەيىن	شىعام	100
كەيىن	كورەيىك	77
كەيىن	ايتقانىم	100
كەيىن	قايتامىن	80
كەيىن	كەتەمىن	67
كەيىن	كەزىگەيىك	95
كەيىن	شىعامىن	93
كەيىن	قايتامىز	85
كەيىن	جيىن	97
كەيىن	جۇرەمىز	79
كەيىن	كەلەمىن	95
كەيىن	سويلەيىن	92
كەيىن	تۇسەم	97
كەيىن	كۇرەيىك	95
كەيىن	شعام	89
كەيىن	جۇرەمىن	92
كەيىن	قابارلاسايىق	77
كەيىن	كورەمىز	88
كەيىن	سۇيلەيىن	100
كەيىن	شىعامىز	92
كەيىن	تۇسەمىن	98
كەيىن	تامان	91
كەيىن	ەندى	62
كەيىن	قاي	68
كەيىن	ىشىپ	99
كەيىن	باس	82
كەيىن	شى	97
كەيىن	تويعا	77
كەيىن	ماڭگى	47
كەيىن	الگى	99
كەيىن	بىرى	93
كەيىن	ۇرىمجىدەن	95
كەيىن	شعامىن	95
كەيىن	شينجياڭ	96
تاڭ	جان	87
تاڭ	جانىم	84
تاڭ	سالەم	14
تاڭ	مەن	67
تاڭ	جاقسى	72
تاڭ	نەعىپ	55
تاڭ	ەندى	79
تاڭ	بولىپ	89
تاڭ	راحىمەت	95
تاڭ	ماقۇل	87
تاڭ	ەرتە	80
تاڭ	ەرتەڭ	96
تاڭ	بۇگىن	50
تاڭ	سودان	77
تاڭ	وسى	94
تاڭ	قال	81
تاڭ	قالاي	74
تاڭ	بىرگە	92
تاڭ	دوسىم	98
تاڭ	امان	97
تاڭ	امانشىلىق	49
تاڭ	تاڭ	76
تاڭ	اق	43
تاڭ	جاقسىما	64
تاڭ	امانسىڭبا	94
تاڭ	كەشە	87
تاڭ	اعا	78
تاڭ	اتىپ	82
تاڭ	قالدىم	96
تاڭ	تۇندە	77
تاڭ	سونىمەن	98
تاڭ	جەجە	87
تاڭ	قىز	58
تاڭ	اينالايىن	76
تاڭ	قىزدار	73
تاڭ	امانسىزبا	85
تاڭ	قالىڭ	57
تاڭ	دەنساۋلىق	93
تاڭ	قالايسىڭ	77
تاڭ	بالام	93
تاڭ	قالىپ	97
تاڭ	بارلىق	96
تاڭ	باۋىرىم	68
تاڭ	اتا	75
تاڭ	كۇندەرىڭ	42
تاڭ	دوستار	73
تاڭ	امانسىڭدارما	92
تاڭ	بارلىقتارىڭىزعا	93
تاڭ	اپەكە	82
تاڭ	بۇگىنگى	92
تاڭ	امانشىلىقپا	98
تاڭ	جىگىتتەر	83
تاڭ	قالام	18
تاڭ	تاڭعى	76
تاڭ	ساباقتاستار	99
تاڭ	تۇردىڭبا	74
تاڭ	سۇيكىمدى	91
تاڭ	امانسىزدارما	93
تاڭ	جاندارىم	95
تاڭ	تۋستار	78
تاڭ	اسىل	76
تاڭ	اياۋلى	97
تاڭ	تۋىستار	73
تاڭ	اتتى	90
تاڭ	قالامىن	96
تاڭ	اتقان	84
تاڭ	اتقانشا	87
تاڭ	اتايىن	20
تاڭ	بارشاڭىزعا	45
تاڭ	جالپىڭىزعا	89
تاڭ	اتپاي	89
تاڭ	اتسا	68
تاڭ	اتادى	78
تاڭ	اتباي	78
تاڭ	اتقاندا	66
تاڭ	اتىرىپ	97
تاڭ	اتقالى	83
تاڭ	اتقاننان	89
تاڭ	اتپاستان	92
تاڭ	بوزىنان	91
تاڭ	توي	53
تاڭ	ماۋباس	74
تاڭ	ارايلاپ	71
قالدى	عوي	102
قالدى	جانىم	14
قالدى	مەن	32
قالدى	دەپ	61
قالدى	جاقسى	29
قالدى	بولدى	94
قالدى	ەكەن	94
قالدى	بىر	41
قالدى	سول	68
قالدى	نە	72
قالدى	سەن	89
قالدى	ەندى	84
قالدى	راحىمەت	57
قالدى	قوي	100
قالدى	يا	73
قالدى	ەرتەڭ	98
قالدى	بۇگىن	66
قالدى	مەندە	87
قالدى	سودان	101
قالدى	ماعان	73
قالدى	ەكى	85
قالدى	مەنى	82
قالدى	مەنىڭ	99
قالدى	ول	67
قالدى	ساعان	80
قالدى	وسى	65
قالدى	تاماق	86
قالدى	دەيدى	96
قالدى	ۇيدە	87
قالدى	ۇيگە	99
قالدى	تەلەفون	53
قالدى	دوسىم	92
قالدى	اقشا	82
قالدى	دەگەن	72
قالدى	ونى	90
قالدى	بىراق	84
قالدى	تاعى	101
قالدى	تاڭەرتەڭ	99
قالدى	بىراز	101
قالدى	از	88
قالدى	ازىر	98
قالدى	كەشە	89
قالدى	قايتا	92
قالدى	انا	96
قالدى	يۋان	74
قالدى	سوندا	100
قالدى	ايتەۋ	93
قالدى	تەز	87
قالدى	اعا	100
قالدى	دەسەم	98
قالدى	اۋ	94
قالدى	تۇندە	93
قالدى	سونى	97
قالدى	ۇيات	93
قالدى	ەكەنسىڭ	79
قالدى	دەيمىن	89
قالدى	ودان	70
قالدى	سوعان	100
قالدى	ەمەسپە	100
قالدى	دەشى	87
قالدى	باعانا	100
قالدى	دەدىم	100
قالدى	الاتىن	97
قالدى	بۇيىرسا	96
قالدى	اياق	98
قالدى	قۇرسىن	92
قالدى	دەيسىڭ	98
قالدى	عۇي	90
قالدى	رەنجىمە	86
قالدى	ايتپەسە	100
قالدى	دەرەۋ	88
قالدى	مەكەن	90
قالدى	ەمەسبە	88
قالدى	نەگە	98
قالدى	مىنا	86
قالدى	جاڭە	56
قالدى	دەدى	100
قالدى	دەمەي	95
اق	سالەم	94
اق	بولسىن	78
اق	جاقسى	73
اق	بولدى	74
اق	ەكەن	65
اق	بار	86
اق	بولىپ	89
اق	قوي	93
اق	كەلىپ	19
اق	ادام	85
اق	بولسا	84
اق	كۇن	84
اق	تاڭ	70
اق	قان	73
اق	ىشىپ	92
اق	قويشى	76
اق	شاي	85
اق	باس	6
اق	جول	66
اق	كوڭىل	61
اق	بولعان	38
اق	ماشينا	94
اق	جامان	93
اق	كەلەدى	77
اق	سۇيتىپ	72
اق	سويلە	86
اق	قويايىن	74
اق	اراق	44
اق	سۇيلە	74
اق	كىر	66
اق	اياق	73
اق	كۇڭىل	88
اق	رەت	91
اق	بولار	93
اق	قويساڭ	61
اق	دالاعا	80
اق	مول	82
اق	كوك	66
اق	ەركە	89
اق	بولايىن	89
اق	دالادا	75
اق	قويىڭىز	70
اق	تىلەك	65
اق	كويلەك	77
اق	ايۋ	75
اق	قويايىق	94
اق	شاشۋ	76
اق	سىم	59
اق	شاپان	84
اق	قويسىن	94
اق	قويىڭدار	68
اق	تىلەكتەرىڭىز	77
اق	رەڭ	85
اق	جاۋىن	94
اق	جەيدە	92
اق	جولدى	90
اق	تاڭنان	51
اق	بايان	91
اق	توقال	91
اق	تىلەكتەرىڭىزگە	84
اق	ەدىل	87
اق	سۋدان	55
اق	وردا	93
اق	پەيىل	82
اق	قويان	84
اق	تۇلپارىڭ	86
اق	دالادان	80
اق	تىلەگىڭە	68
اق	جارما	90
اق	يىق	87
اق	تىلەكتەرىڭە	92
اق	قويانىم	84
اق	قايىڭ	91
اق	جولتاي	90
اق	عوي	86
اق	كۇيلەك	69
اق	قويسام	89
اق	تەر	90
اق	باتا	86
اق	جولىن	69
اق	قاباعا	90
اق	جولبولسىن	75
اق	وزەن	92
اق	وزەنگە	93
اق	ۇزەنگە	84
اق	تورعايىم	68
اقشا	عوي	93
اقشا	مەن	63
اقشا	دەپ	13
اقشا	جوق	78
اقشا	ەكەن	52
اقشا	نە	32
اقشا	بار	78
اقشا	بولىپ	74
اقشا	الىپ	87
اقشا	بولسا	45
اقشا	بولادى	66
اقشا	ول	95
اقشا	قايدا	38
اقشا	دەيدى	95
اقشا	كەتتى	90
اقشا	قالدى	93
اقشا	اقشا	88
اقشا	دەگەن	86
اقشا	ەمەس	43
اقشا	بارما	61
اقشا	كوپ	48
اقشا	كەتىپ	65
اقشا	بەر	91
اقشا	بەرىپ	57
اقشا	ەدى	63
اقشا	از	95
اقشا	الماي	85
اقشا	الدى	34
اقشا	الدىم	90
اقشا	ات	29
اقشا	اتىپ	53
اقشا	دەسە	84
اقشا	كەرەك	85
اقشا	بەرە	33
اقشا	بەرەيىن	59
اقشا	تاۋىپ	67
اقشا	قاتتى	23
اقشا	سالىپ	52
اقشا	عانا	90
اقشا	قيىن	92
اقشا	تۇسىپ	89
اقشا	قوسىپ	81
اقشا	كۇپ	78
اقشا	سۇراپ	75
اقشا	ۇشىن	75
اقشا	بولماي	73
اقشا	بولماسا	39
اقشا	العان	71
اقشا	كەتەدى	57
اقشا	بەرەم	62
اقشا	الاتىن	75
اقشا	بەرشى	72
اقشا	بەرەدى	67
اقشا	شىعارىپ	71
اقشا	ىزدەپ	74
اقشا	الام	70
اقشا	بەرەتىن	82
اقشا	بەرەمىن	87
اقشا	المايمىن	76
اقشا	الادى	84
اقشا	بەرسە	73
اقشا	بەرسەڭ	74
اقشا	اتا	92
اقشا	ۇستاپ	75
اقشا	بەرگەن	92
اقشا	جايلى	96
اقشا	قۇيىپ	68
اقشا	بەردى	83
اقشا	بەردىم	78
اقشا	شاق	91
اقشا	اتشى	40
اقشا	بەرمە	75
اقشا	بەرمەي	97
اقشا	المايدى	96
اقشا	قاجەت	83
اقشا	قارىز	92
اقشا	العام	62
اقشا	شعارىپ	67
اقشا	بەرەسىڭ	93
اقشا	تاپ	80
اقشا	شىقپاي	93
اقشا	بەرسەم	61
اقشا	سۇراي	84
اقشا	سۇرايىن	95
اقشا	تابا	73
اقشا	جەتپەي	90
اقشا	قالماي	91
اقشا	تاۇىپ	55
اقشا	قالمادى	63
اقشا	نى	75
اقشا	تۇسە	57
اقشا	بەرمەيدى	64
اقشا	شىعاما	83
اقشا	جيىپ	94
اقشا	تۇسكەندە	64
اقشا	تاپقان	79
اقشا	تيمەي	81
اقشا	سۇراسا	93
اقشا	سۇراسام	83
اقشا	بەرەسىڭبە	80
اقشا	جيناپ	94
اقشا	سۇرادى	73
اقشا	بەرمەدى	74
اقشا	جوقتا	77
اقشا	اتايىن	96
اقشا	تيسە	88
اقشا	جەتبەي	86
اقشا	سۇراعان	85
اقشا	بەرمەسە	75
اقشا	بەرمەسەڭ	91
اقشا	باردا	88
اقشا	شاشىپ	90
اقشا	تابالماي	70
اقشا	سىن	91
اقشا	تولەپ	76
اقشا	سۇرايدى	68
اقشا	تابام	75
اقشا	تابىلادى	74
اقشا	تابىلماي	89
اقشا	قۇمار	88
اقشا	كەتپەيدى	82
اقشا	تاپپاي	95
اقشا	تاپتىڭبا	81
اقشا	تۇسسە	88
اقشا	سۇراساڭ	78
اقشا	تاپسا	95
اقشا	تاپساڭ	96
اقشا	تاۋپ	84
اقشا	تۇلەپ	93
اقشا	تاۋا	94
اقشا	تابادى	87
اقشا	سۇراما	90
اقشا	سۇرايتىن	91
اقشا	تابايىن	84
اقشا	سۇراعاندا	93
اقشا	تابامىن	84
اقشا	سۇراپتى	73
اقشا	تاپسام	89
اقشا	تابۋ	94
اقشا	تاباتىن	82
اقشا	ماسەلەسى	97
اقشا	جەتسپەي	67
اقشا	جەتىسپەي	95
دەگەن	عوي	97
دەگەن	جانىم	36
دەگەن	مەن	91
دەگەن	دەپ	40
دەگەن	جوق	63
دەگەن	جاقسى	85
دەگەن	بولدى	49
دەگەن	ەكەن	97
دەگەن	بىر	59
دەگەن	سول	45
دەگەن	نە	65
دەگەن	بار	33
دەگەن	سەن	37
دەگەن	ەندى	73
دەگەن	قوي	81
دەگەن	الى	95
دەگەن	ادام	78
دەگەن	بۇگىن	99
دەگەن	سودان	78
دەگەن	ماعان	88
دەگەن	ەكى	87
دەگەن	مەنىڭ	96
دەگەن	قاي	82
دەگەن	ول	78
دەگەن	قايدا	70
دەگەن	وسى	86
دەگەن	دەي	34
دەگەن	دەيدى	89
دەگەن	قالاي	101
دەگەن	دوسىم	54
دەگەن	كىم	92
دەگەن	اق	60
دەگەن	اقشا	96
دەگەن	كۇنى	90
دەگەن	بارما	91
دەگەن	بىراق	91
دەگەن	تاعى	79
دەگەن	وي	96
دەگەن	كوپ	100
دەگەن	نەدەگەن	71
دەگەن	قانداي	71
دەگەن	ەدى	68
دەگەن	سەنىڭ	71
دەگەن	راس	96
دەگەن	كەشە	65
دەگەن	ان	89
دەگەن	تەز	67
دەگەن	سوڭ	88
دەگەن	ات	62
دەگەن	اتى	87
دەگەن	اۋىرىپ	20
دەگەن	شىعار	98
دەگەن	كەزدە	66
دەگەن	وعان	94
دەگەن	بالا	74
دەگەن	سونى	54
دەگەن	ەدىم	78
دەگەن	قابار	83
دەگەن	قيىن	76
دەگەن	ەكەنسىڭ	97
دەگەن	ۇلكەن	100
دەگەن	كەرەمەت	70
دەگەن	ودان	81
دەگەن	سوعان	88
دەگەن	كۇپ	65
دەگەن	جەر	82
دەگەن	جەردە	70
دەگەن	ەمەسپە	87
دەگەن	قىز	76
دەگەن	جامان	99
دەگەن	بىرەۋ	71
دەگەن	ءبىر	92
دەگەن	شىن	87
دەگەن	جۇرەگىم	80
دەگەن	جەرگە	80
دەگەن	قىزدار	93
دەگەن	باعانا	93
دەگەن	اڭگىمە	87
دەگەن	سياقتى	92
دەگەن	قايسى	99
دەگەن	بولاتىن	91
دەگەن	سونداي	84
دەگەن	ءالى	47
دەگەن	نارسە	49
دەگەن	ەڭ	90
دەگەن	بەكەر	64
دەگەن	كىسى	95
دەگەن	ەدىڭ	82
دەگەن	قۇساپ	56
دەگەن	وڭاي	93
دەگەن	اياق	69
دەگەن	جەردەن	100
دەگەن	جىگىت	93
دەگەن	كىسىلەر	96
دەگەن	ەل	66
دەگەن	قاتىن	62
دەگەن	شعار	98
دەگەن	ايەل	98
دەگەن	سوز	95
دەگەن	ادامدى	91
دەگەن	سۇز	98
دەگەن	كسى	53
دەگەن	پالە	65
دەگەن	ىراس	97
دەگەن	ادامعا	97
دەگەن	قىيىن	90
دەگەن	سايىن	98
دەگەن	نەمەنە	87
دەگەن	وسىنداي	57
دەگەن	ادامنىڭ	89
دەگەن	جوقپا	90
دەگەن	ءان	97
دەگەن	جەرى	60
دەگەن	جەتەدى	98
دەگەن	سىياقتى	29
دەگەن	ءسوز	83
دەگەن	جەرىڭ	94
دەگەن	بالانىڭ	76
دەگەن	ادال	80
دەگەن	نارسەنى	84
دەگەن	كەلىنشەك	94
دەگەن	جوقپىن	84
دەگەن	كسلەر	92
دەگەن	ويىڭ	83
دەگەن	كىسىنىڭ	96
دەگەن	جەرىن	94
دەگەن	ويىم	58
دەگەن	سوزىڭ	100
دەگەن	سەكىلدى	92
دەگەن	سەزىم	86
دەگەن	سۇزىڭ	68
دەگەن	سوزدى	91
دەگەن	سۇزدى	57
دەگەن	كىسلەر	89
دەگەن	سوزىڭدى	72
دەگەن	ءاندى	87
دەگەن	جولدارى	84
دەگەن	اندى	52
دەگەن	سۇزىڭدى	94
دەگەن	كسىلەر	74
دەگەن	كسنىڭ	93
دەگەن	ويعا	66
دەگەن	جەرىنە	94
دەگەن	سوزىم	92
دەگەن	ويدا	99
دەگەن	اۋزىڭنان	100
دەگەن	كىسنىڭ	96
دەگەن	كسىنىڭ	98
دەگەن	ءسوزدى	100
دەگەن	ويمەن	99
دەگەن	ەرتە	55
دەگەن	ساعان	76
دەگەن	جاي	78
دەگەن	بولمايدى	86
دەگەن	ەشكىم	47
دەگەن	ىستىق	91
دەگەن	بالانى	75
دەگەن	جگىت	97
دەگەن	كوڭىلىم	87
دەگەن	كۇڭىلىڭ	85
دەگەن	جىگىتتىڭ	87
دەگەن	ساعىنىش	85
دەگەن	سەزىمىم	89
دەگەن	ءاننىڭ	91
دەگەن	ماحابباتىم	100
يە	جانىم	82
يە	مەن	30
يە	دەپ	88
يە	جوق	42
يە	بول	33
يە	جاقسى	80
يە	بولدى	68
يە	بىر	16
يە	سول	74
يە	نە	80
يە	نەعىپ	75
يە	بار	26
يە	سەن	92
يە	ەندى	67
يە	بولىپ	65
يە	راحىمەت	38
يە	ماقۇل	75
يە	الى	23
يە	وندا	76
يە	كەلىپ	43
يە	يا	95
يە	ەرتە	98
يە	ەرتەڭ	100
يە	ادام	82
يە	بۇگىن	74
يە	مەندە	90
يە	سودان	93
يە	ماعان	80
يە	بارىپ	71
يە	ەكى	59
يە	مەنى	94
يە	مەنىڭ	93
يە	قاي	99
يە	بولا	95
يە	بولادى	68
يە	نەگە	91
يە	ول	55
يە	قايدا	89
يە	سەنى	86
يە	ساعان	62
يە	وسى	40
يە	جارايدى	94
يە	تاماق	81
يە	ۇيدە	83
يە	ۇيگە	86
يە	دوسىم	90
يە	كىم	88
يە	امان	81
يە	يە	96
يە	ونى	98
يە	قانشا	65
يە	ۇزىڭ	91
يە	قاشان	73
يە	قاربالاس	100
يە	تاڭەرتەڭ	89
يە	بىراز	78
يە	مىنا	97
يە	نەدەگەن	96
يە	كەشتە	92
يە	راس	97
يە	ازىر	84
يە	ىستەپ	95
يە	كەشە	75
يە	انا	95
يە	جول	101
يە	سوندا	96
يە	ايتەۋ	100
يە	اعا	95
يە	بوپ	83
يە	تۇندە	97
يە	وعان	100
يە	سونى	100
يە	بىز	98
يە	بولعان	94
يە	دۇرىس	100
يە	اس	95
يە	جەجە	97
يە	ودا	98
يە	جاڭە	87
يە	قايدان	76
يە	بولىپتى	94
يە	بولماي	17
يە	باعانا	99
يە	جالعىز	91
يە	سونداي	45
يە	سۇيت	80
يە	سۇيتىپ	86
يە	بىلاي	96
يە	جوعا	73
يە	سولاي	83
يە	بوپتى	83
يە	بىزدە	41
يە	بىلايدە	96
يە	باسە	87
يە	دۇرس	100
يە	جون	86
يە	سۇيتەدى	90
يە	بىلدىم	99
يە	جۇن	76
يە	بلاي	90
يە	بلايدە	92
يە	بىلايدەڭىز	85
يە	كۇن	86
يە	توي	99
يە	سەندە	86
يە	تاتتىم	78
يە	بايقاپ	53
يە	كۇنىم	61
يە	بولپتى	97
كۇنى	عوي	85
كۇنى	جانىم	75
كۇنى	مەن	95
كۇنى	دەپ	77
كۇنى	جوق	48
كۇنى	بولسىن	76
كۇنى	جاقسى	69
كۇنى	بولدى	78
كۇنى	ەكەن	86
كۇنى	بىر	48
كۇنى	سول	36
كۇنى	نە	80
كۇنى	بار	34
كۇنى	سەن	76
كۇنى	الىپ	96
كۇنى	ون	61
كۇنى	كەل	74
كۇنى	كەلىپ	70
كۇنى	ەرتە	87
كۇنى	ەرتەڭ	88
كۇنى	ادام	68
كۇنى	بولسا	94
كۇنى	بۇگىن	79
كۇنى	مەندە	64
كۇنى	ماعان	53
كۇنى	بارىپ	98
كۇنى	ەكى	74
كۇنى	مەنى	96
كۇنى	مەنىڭ	69
كۇنى	بولادى	73
كۇنى	نەگە	76
كۇنى	ول	83
كۇنى	قايدا	59
كۇنى	سەنى	81
كۇنى	ساعان	82
كۇنى	وسى	68
كۇنى	تاماق	78
كۇنى	دەيدى	96
كۇنى	ۇيدە	78
كۇنى	ۇيگە	96
كۇنى	تەلەفون	99
كۇنى	ايتىپ	80
كۇنى	بىرگە	44
كۇنى	كۇن	72
كۇنى	اق	60
كۇنى	اقشا	93
كۇنى	كۇنى	67
كۇنى	بىراق	63
كۇنى	قانشا	13
كۇنى	ىشىپ	87
كۇنى	تاعى	88
كۇنى	كوپ	97
كۇنى	كەتىپ	98
كۇنى	تاڭەرتەڭ	99
كۇنى	قۇتتى	90
كۇنى	بىراز	55
كۇنى	شاي	89
كۇنى	ەدى	92
كۇنى	باس	86
كۇنى	سەنىڭ	97
كۇنى	كەش	86
كۇنى	كەشتە	78
كۇنى	قايتا	91
كۇنى	انا	88
كۇنى	يۋان	89
كۇنى	قايتىپ	84
كۇنى	ۇش	96
كۇنى	اتىپ	98
كۇنى	اۋىرىپ	77
كۇنى	تۇندە	88
كۇنى	بەرەيىن	80
كۇنى	شىعىپ	58
كۇنى	سەندە	71
كۇنى	بىز	81
كۇنى	ايتقان	96
كۇنى	بارام	98
كۇنى	كەلە	95
كۇنى	قاتتى	89
كۇنى	عانا	85
كۇنى	ۋاقىت	72
كۇنى	ۇلكەن	91
كۇنى	سوم	68
كۇنى	مال	97
كۇنى	سوعان	84
كۇنى	بەس	88
كۇنى	اپارىپ	77
كۇنى	كەلەدى	97
كۇنى	ساعات	82
كۇنى	مىڭ	82
كۇنى	توي	94
كۇنى	بىرەۋ	90
كۇنى	ءبىر	70
كۇنى	بارايىن	92
كۇنى	بولماسا	91
كۇنى	العان	67
كۇنى	تۇستە	93
كۇنى	تۇستەن	74
كۇنى	بولسادا	63
كۇنى	كەتەدى	88
كۇنى	باراتىن	86
كۇنى	بەرەم	92
كۇنى	ەكەمىز	96
كۇنى	بولاتىن	69
كۇنى	سۇيتىپ	92
كۇنى	بارامىن	91
كۇنى	كەلگەن	87
كۇنى	نان	84
كۇنى	بىزدىڭ	97
كۇنى	باستاپ	86
كۇنى	ىزدەپ	96
كۇنى	جارىم	98
كۇنى	بارامىز	92
كۇنى	بارعاندا	95
كۇنى	بەرەمىن	99
كۇنى	اۋدانعا	84
كۇنى	ايتتىم	84
كۇنى	قايتارىپ	84
كۇنى	كەشكە	92
كۇنى	ماس	93
كۇنى	كەلەتىن	77
كۇنى	بارسام	97
كۇنى	كۇندىز	80
كۇنى	شىعادى	97
كۇنى	قوناق	99
كۇنى	تولىق	98
كۇنى	دەمالىس	96
كۇنى	بارايىق	80
كۇنى	قايتام	87
كۇنى	ايتىم	89
كۇنى	قۇلجاعا	97
كۇنى	ايلىق	85
كۇنى	ۇرىمجىگە	99
كۇنى	ايتقام	99
كۇنى	وتىرايىق	98
كۇنى	تۇنى	86
كۇنى	كەزىگەيىك	92
كۇنى	كيلى	98
كۇنى	سەنبى	98
كۇنى	جۇما	85
كۇنى	قۇتى	95
كۇنى	اداممەن	98
كۇنى	بۇگىنگە	93
كۇنى	بارى	77
كۇنى	قاربالاس	90
كۇنى	قانداي	83
كۇنى	بارا	69
كۇنى	تويعا	78
كۇنى	ەرتەرەك	79
كۇنى	ەرتىپ	80
كۇنى	تاۋعا	99
كۇنى	كەشكى	78
كۇنى	تويدا	96
كۇنى	كەزىگىپ	97
كۇنى	تۇنىمەن	68
كۇنى	قايتامىن	99
كۇنى	جەكسەنبى	85
كۇنى	دۇيسەنبى	92
كۇنى	سارسەنبى	89
كۇنى	قوتتى	79
كۇنى	ادامەن	86
ەمەس	عوي	89
ەمەس	جان	58
ەمەس	جانىم	95
ەمەس	مەن	35
ەمەس	دەپ	49
ەمەس	جاقسى	47
ەمەس	بولدى	77
ەمەس	ەكەن	74
ەمەس	بىر	19
ەمەس	سول	53
ەمەس	نە	83
ەمەس	بار	70
ەمەس	سەن	69
ەمەس	ەندى	49
ەمەس	بولىپ	68
ەمەس	قوي	92
ەمەس	ون	69
ەمەس	يا	15
ەمەس	ەرتەڭ	78
ەمەس	ادام	94
ەمەس	بولسا	88
ەمەس	بۇگىن	79
ەمەس	مەندە	65
ەمەس	سودان	73
ەمەس	ماعان	85
ەمەس	بارى	86
ەمەس	ەكى	78
ەمەس	مەنى	54
ەمەس	مەنىڭ	81
ەمەس	ول	70
ەمەس	سەنى	100
ەمەس	ساعان	61
ەمەس	وسى	73
ەمەس	دەيدى	80
ەمەس	دوسىم	67
ەمەس	اقشا	96
ەمەس	دەگەن	97
ەمەس	ونى	83
ەمەس	بىراق	92
ەمەس	ۇز	72
ەمەس	ۇزىڭ	98
ەمەس	تاعى	93
ەمەس	كوپ	91
ەمەس	بىراز	91
ەمەس	مىنا	93
ەمەس	ەدى	96
ەمەس	باسقا	73
ەمەس	سەنىڭ	66
ەمەس	راس	68
ەمەس	از	77
ەمەس	ازىر	91
ەمەس	قايتا	93
ەمەس	انا	69
ەمەس	پا	90
ەمەس	ۇش	87
ەمەس	وز	89
ەمەس	وزىڭ	100
ەمەس	ايتەۋ	90
ەمەس	بوپ	97
ەمەس	شىعار	97
ەمەس	بالا	42
ەمەس	سەندە	89
ەمەس	بىز	85
ەمەس	ەدىم	96
ەمەس	ەكەنسىڭ	97
ەمەس	ۇلكەن	99
ەمەس	بۇل	93
ەمەس	كۇندە	88
ەمەس	مال	98
ەمەس	قازىر	66
ەمەس	ەي	99
ەمەس	بەس	94
ەمەس	دەشى	94
ەمەس	شارشاپ	80
ەمەس	شىن	93
ەمەس	سياقتى	99
ەمەس	دەدىم	84
ەمەس	بولاتىن	65
ەمەس	قاتە	84
ەمەس	ونداي	91
ەمەس	ۇزىم	97
ەمەس	ەدىڭ	100
ەمەس	ونىڭ	70
ەمەس	نەشە	95
ەمەس	ناق	91
ەمەس	شعار	77
ەمەس	تەك	97
ەمەس	ايەل	85
ەمەس	ەلدىڭ	54
ەمەس	تالاي	81
ەمەس	شىعارسىڭ	100
ەمەس	ەكەنىن	96
ەمەس	ۇقسايدى	79
ەمەس	يت	97
ەمەس	سىياقتى	97
ەمەس	ەكەسىڭ	97
ەمەس	شعارسىڭ	95
ەمەس	بەكەن	79
ەمەس	شىعارمىن	97
ەمەس	توي	80
بارما	جانىم	83
بارما	مەن	50
بارما	دەپ	47
بارما	جوق	64
بارما	بولدى	35
بارما	ەكەن	96
بارما	بىر	14
بارما	سول	20
بارما	نە	52
بارما	بار	95
بارما	سەن	63
بارما	ەندى	95
بارما	وندا	97
بارما	ەرتەڭ	74
بارما	ادام	91
بارما	بولسا	78
بارما	بۇگىن	83
بارما	مەندە	77
بارما	ماعان	75
بارما	ەكى	86
بارما	مەنى	36
بارما	مەنىڭ	91
بارما	ول	98
بارما	وسى	68
بارما	دەيدى	69
بارما	قالاي	85
بارما	ۇيدە	94
بارما	تەلەفون	72
بارما	دوسىم	67
بارما	كىم	86
بارما	دەگەن	79
بارما	بارما	83
بارما	قانشا	89
بارما	ۇزى	89
بارما	تاعى	92
بارما	كەتىپ	87
بارما	بىراز	93
بارما	مىنا	98
بارما	بەرىپ	88
بارما	ەدى	91
بارما	سەنىڭ	52
بارما	ازىر	99
بارما	جولداپ	94
بارما	ۇش	78
بارما	سوندا	95
بارما	وزى	80
بارما	اعا	84
بارما	دەسەم	91
بارما	سونى	63
بارما	سەندە	65
بارما	قابارلاسىڭىزدار	98
بارما	ايتا	96
بارما	دەيمىن	84
بارما	قازىر	92
بارما	جەجە	98
بارما	بەس	92
بارما	دەشى	100
بارما	ءبىر	96
بارما	دەدىم	95
بارما	جولداشى	94
بارما	باعاسى	96
بارما	ايتشى	95
بارما	دال	99
بارما	دەرەۋ	75
بارما	جوقپا	88
بارما	دەگەنىم	53
بارما	ساتاتىن	71
بارما	قاسىڭدا	87
بارما	سىزدە	77
بارما	جانىڭدا	85
بارما	جوقبا	91
بارما	باساتىن	90
بارما	بىرادام	77
بارما	باربولسا	84
بارما	الدىراتىن	75
بارما	نەگە	95
بارما	كەشتە	82
بارما	بىرگە	97
بارما	دەسەڭ	87
ونى	عوي	96
ونى	جانىم	86
ونى	مەن	90
ونى	جاقسى	47
ونى	بىر	60
ونى	سول	65
ونى	نە	75
ونى	نەعىپ	50
ونى	سەن	77
ونى	ەندى	57
ونى	قوي	67
ونى	الى	88
ونى	الىپ	96
ونى	ەرتەڭ	77
ونى	مەندە	71
ونى	ماعان	85
ونى	قاي	68
ونى	نەگە	75
ونى	ول	47
ونى	قايدا	96
ونى	ساعان	93
ونى	قالاي	84
ونى	ايت	51
ونى	ايتىپ	86
ونى	كىم	58
ونى	كەيىن	62
ونى	كۇنى	99
ونى	ۇزىڭ	71
ونى	قاشان	92
ونى	قويشى	79
ونى	تاعى	54
ونى	قايتا	59
ونى	قايتىپ	67
ونى	وزىڭ	91
ونى	ايتتى	93
ونى	ايتتىڭ	87
ونى	كورىپ	98
ونى	دۇرىس	6
ونى	ايتا	94
ونى	اپارىپ	79
ونى	سۇراپ	74
ونى	قايدان	93
ونى	قويىپ	83
ونى	ويلاپ	98
ونى	ايتىڭ	69
ونى	جۋىپ	97
ونى	ۇزىم	95
ونى	قايتەم	83
ونى	بىلمەي	79
ونى	بىلمەيمىن	91
ونى	وزىم	83
ونى	اشىق	97
ونى	دال	96
ونى	بىلەم	95
ونى	ۇمىتىپ	94
ونى	ايتاسىڭ	48
ونى	ءوزىڭ	87
ونى	قايتەسىڭ	84
ونى	بىلىپ	81
ونى	بىلەسىڭ	97
ونى	ايتپا	28
ونى	ايتساڭ	50
ونى	بىلمەدىم	75
ونى	ايتىڭىز	87
ونى	ايتسام	90
ونى	قايتەمىز	95
ونى	كىمگە	91
ونى	ۋاعىندا	98
ونى	اپتەن	91
ونى	ايتپاشى	90
ونى	بىلەمىن	93
ونى	نەمەنەگە	66
ونى	بىلمەيدى	92
ونى	ايتبا	87
ونى	ويلاسام	90
ونى	بىلسەڭ	58
ونى	ايتتىڭىز	97
ونى	تۇسىنەم	66
ونى	نەسىن	98
ونى	كىمنەن	92
ونى	ايتڭ	87
ونى	ايتڭىز	87
ونى	نەعىلاسىڭ	30
ونى	ايتتڭ	83
ونى	بلەم	73
ونى	ۇقپادىم	97
ونى	نەقىلاسىڭ	69
ونى	ايىتتىڭ	95
ونى	ايتتڭىز	85
ونى	بىراق	86
ونى	بىز	57
ونى	قوسىپ	35
ونى	قاتە	90
ونى	ەرتىپ	85
ونى	تاستاپ	96
ونى	ەشكىم	58
بىراق	جانىم	96
بىراق	مەن	88
بىراق	جوق	23
بىراق	جاقسى	55
بىراق	بولدى	65
بىراق	بىر	91
بىراق	سول	53
بىراق	نە	69
بىراق	بار	43
بىراق	سەن	84
بىراق	ەندى	28
بىراق	ال	60
بىراق	الى	92
بىراق	الىپ	86
بىراق	كەل	56
بىراق	كەلىپ	67
بىراق	ەرتەڭ	75
بىراق	ادام	73
بىراق	بۇگىن	83
بىراق	مەندە	56
بىراق	ماعان	77
بىراق	بارى	73
بىراق	بارىپ	79
بىراق	ەكى	66
بىراق	مەنى	79
بىراق	مەنىڭ	57
بىراق	نەگە	53
بىراق	ول	47
بىراق	سەنى	87
بىراق	ساعان	49
بىراق	وسى	92
بىراق	تاماق	67
بىراق	قالاي	52
بىراق	ۇيگە	99
بىراق	تەلەفون	96
بىراق	ايتىپ	94
بىراق	بىرگە	92
بىراق	كۇن	79
بىراق	كىم	95
بىراق	كەت	73
بىراق	كەتتى	87
بىراق	كەيىن	86
بىراق	اقشا	84
بىراق	ونى	77
بىراق	قانشا	77
بىراق	ۇزىڭ	95
بىراق	ىشىپ	95
بىراق	تاعى	74
بىراق	كوپ	85
بىراق	كەتىپ	87
بىراق	بىراز	85
بىراق	مىنا	81
بىراق	بەر	97
بىراق	بەرىپ	96
بىراق	باسقا	56
بىراق	سەنىڭ	92
بىراق	راس	90
بىراق	از	97
بىراق	ازىر	93
بىراق	كەشە	90
بىراق	قايتا	94
بىراق	انا	79
بىراق	ۇيقتاپ	94
بىراق	قايتىپ	99
بىراق	جولداپ	96
بىراق	وزىڭ	80
بىراق	ايتەۋ	97
بىراق	اتىپ	96
بىراق	اۋىرىپ	85
بىراق	بەرە	76
بىراق	بەرەيىن	82
بىراق	كەلدى	83
بىراق	كەلدىم	84
بىراق	شىعىپ	98
بىراق	كورىپ	99
بىراق	وعان	80
بىراق	سەندە	80
بىراق	بىز	82
بىراق	الايىن	80
بىراق	بارام	91
بىراق	قاتتى	83
بىراق	جاتىپ	90
بىراق	ايتا	86
بىراق	ۋاقىت	81
بىراق	ەشتەڭە	83
بىراق	ۇلكەن	97
بىراق	بۇل	78
بىراق	كۇندە	95
بىراق	قازىر	97
بىراق	تۇسىپ	87
بىراق	قوسىپ	95
بىراق	اپارىپ	86
بىراق	كۇپ	93
بىراق	جامان	99
بىراق	ايتام	93
بىراق	كەلەدى	95
بىراق	توي	99
بىراق	بارايىن	99
بىراق	اشىپ	95
بىراق	شىن	88
بىراق	جۇرەگىم	84
بىراق	امال	83
بىراق	كەتەدى	93
بىراق	باراتىن	75
بىراق	بەرەم	92
بىراق	جۋىپ	79
بىراق	ەكەمىز	64
بىراق	جەپ	80
بىراق	بارىن	71
بىراق	سونداي	90
بىراق	ءالى	91
بىراق	قاتە	98
بىراق	بارامىن	93
بىراق	ونداي	86
بىراق	ۇزىم	94
بىراق	بىزدىڭ	88
بىراق	بەرەدى	91
بىراق	تارتىپ	94
بىراق	سىز	88
بىراق	ونىڭ	96
بىراق	وزىم	83
بىراق	باسىپ	82
بىراق	سۋ	95
بىراق	بىلەدى	96
بىراق	وتە	97
بىراق	ارتىق	99
بىراق	مەنەن	98
بىراق	شىعارىپ	87
بىراق	كىرىپ	97
بىراق	شعىپ	93
بىراق	بارامىز	83
بىراق	الام	96
بىراق	اكەپ	93
بىراق	سەنەن	94
بىراق	بارادى	98
بىراق	ەل	95
بىراق	قايتارىپ	99
بىراق	اتا	98
بىراق	كورەيىن	93
بىراق	ايەل	98
بىراق	ماس	99
بىراق	كەلەتىن	96
بىراق	الامىن	94
بىراق	ساتىپ	84
بىراق	بىلىپ	96
بىراق	ۇتە	90
بىراق	رەت	91
بىراق	كەتەم	97
بىراق	شىعادى	82
بىراق	كەيدە	95
بىراق	تولىق	86
بىراق	بارايىق	86
بىراق	اۋىز	95
بىراق	قايتام	96
بىراق	شىق	82
بىراق	توقتاپ	89
بىراق	شىقتى	95
بىراق	ولار	90
بىراق	كەلەم	98
بىراق	كەتەيىن	98
بىراق	جۇىپ	97
بىراق	شىعام	95
بىراق	بىلدىم	98
بىراق	قايتامىن	92
بىراق	قايتايىن	93
بىراق	سوندادا	83
بىراق	ۇشىرىپ	98
بىراق	وشىرىپ	98
بىراق	ىسىپ	95
بىراق	شەشىپ	96
بىراق	قالدى	90
بىراق	قايت	77
بىراق	كوڭىل	84
بىراق	بالا	82
بىراق	جاي	77
بىراق	ۇمىتىپ	94
بىراق	قايتاتىن	99
بىراق	سەنىمەن	94
بىراق	ولاي	98
بىراق	قايتامىز	96
بىراق	كوشىپ	98
بىراق	امالىم	99
جاقسىما	جانىم	89
جاقسىما	مەن	18
جاقسىما	دەپ	88
جاقسىما	جوق	62
جاقسىما	جاقسى	86
جاقسىما	ەكەن	64
جاقسىما	سول	74
جاقسىما	نە	89
جاقسىما	نەعىپ	71
جاقسىما	راحىمەت	98
جاقسىما	ماقۇل	17
جاقسىما	كەلىپ	86
جاقسىما	يا	79
جاقسىما	ەرتەڭ	94
جاقسىما	بۇگىن	92
جاقسىما	مەندە	89
جاقسىما	سودان	98
جاقسىما	ماعان	83
جاقسىما	مەنىڭ	99
جاقسىما	قايىرلى	97
جاقسىما	قايدا	93
جاقسىما	وسى	100
جاقسىما	جارايدى	77
جاقسىما	قال	58
جاقسىما	قالاي	94
جاقسىما	ۇي	97
جاقسىما	ۇيدە	79
جاقسىما	بىرگە	81
جاقسىما	دوسىم	90
جاقسىما	امان	73
جاقسىما	امانشىلىق	51
جاقسىما	ۇزىڭ	73
جاقسىما	قاربالاس	92
جاقسىما	وي	94
جاقسىما	مىنا	95
جاقسىما	قانداي	94
جاقسىما	امانسىڭبا	89
جاقسىما	كەش	93
جاقسىما	ىستەپ	98
جاقسىما	اعا	98
جاقسىما	تۇندە	72
جاقسىما	قايداسىڭ	88
جاقسىما	بارسىڭبا	69
جاقسىما	بالا	80
جاقسىما	سونىمەن	82
جاقسىما	ۇلكەن	49
جاقسىما	مال	87
جاقسىما	جەجە	92
جاقسىما	اينالايىن	86
جاقسىما	ايتىڭ	79
جاقسىما	الگى	85
جاقسىما	قالىڭ	94
جاقسىما	دەنساۋلىق	97
جاقسىما	بىزدە	93
جاقسىما	بالام	83
جاقسىما	دەنساۋلىعىڭ	78
جاقسىما	بالالار	71
جاقسىما	باۋىرىم	53
جاقسىما	امانشىلىقپا	97
جاقسىما	جەڭگە	90
جاقسىما	كەلىن	98
جاقسىما	باللار	93
جاقسىما	ىنىم	95
جاقسىما	بالار	93
جاقسىما	قارىنداس	94
جاقسىما	مەنى	87
جاقسىما	توي	33
جاقسىما	كەشە	100
قان	جوق	85
قان	بولىپ	56
قان	الىپ	52
قان	كەلىپ	41
قان	از	54
قان	الدى	25
قان	شىعىپ	57
قان	باسىم	46
قان	الدىرىپ	24
قان	توقتاماي	55
قان	اعىپ	49
قان	تەكسەرتىپ	31
قان	تامىر	47
قان	ازدىق	41
قان	تولتىراتىن	53
قان	تامىرى	30
قانشا	جانىم	51
قانشا	مەن	86
قانشا	دەپ	67
قانشا	جاقسى	50
قانشا	بولدى	66
قانشا	ەكەن	35
قانشا	بىر	15
قانشا	بار	73
قانشا	بولىپ	66
قانشا	قوي	50
قانشا	الىپ	90
قانشا	كەلى	80
قانشا	ادام	87
قانشا	بولسا	29
قانشا	قاي	75
قانشا	بولادى	87
قانشا	دەيدى	34
قانشا	ۇي	58
قانشا	اي	89
قانشا	كۇن	72
قانشا	قالدى	28
قانشا	اقشا	90
قانشا	قانشا	67
قانشا	قاربالاس	43
قانشا	كوپ	66
قانشا	بەرىپ	43
قانشا	ەدى	92
قانشا	يۋان	96
قانشا	جول	95
قانشا	الدى	91
قانشا	تەز	85
قانشا	اتىپ	67
قانشا	بوپ	49
قانشا	كەرەك	82
قانشا	بالا	83
قانشا	كەلە	87
قانشا	ۋاق	84
قانشا	ۋاقىت	90
قانشا	سوم	93
قانشا	كۇندە	98
قانشا	الدىڭ	22
قانشا	جەر	98
قانشا	جەردە	90
قانشا	قىز	95
قانشا	جامان	65
قانشا	ساعات	47
قانشا	مىڭ	82
قانشا	بولىپتى	72
قانشا	جەرگە	86
قانشا	بولسادا	84
قانشا	كەتەدى	78
قانشا	بەرەم	77
قانشا	جاس	79
قانشا	باعاسى	63
قانشا	بەرەدى	79
قانشا	ارتىق	59
قانشا	جىل	97
قانشا	دەيسىڭ	98
قانشا	الادى	53
قانشا	پۇل	88
قانشا	تال	52
قانشا	رەت	73
قانشا	بولار	62
قانشا	بەردى	76
قانشا	شىعادى	92
قانشا	كىرە	71
قانشا	ادامعا	90
قانشا	يۇان	85
قانشا	قارىز	96
قانشا	اتام	66
قانشا	تاي	98
قانشا	تۇرادى	83
قانشا	الاسىڭ	85
قانشا	ايلىق	97
قانشا	ورنى	66
قانشا	ەكەنىن	79
قانشا	بەرەسىڭ	52
قانشا	كۇنگە	85
قانشا	نومىر	95
قانشا	كۇندىك	94
قانشا	ۋاقىتتا	67
قانشا	بالاڭ	93
قانشا	اقشاڭ	69
قانشا	ۇاقىت	89
قانشا	كيلى	87
قانشا	جوزى	76
قانشا	تۇياق	79
قانشا	مينوت	85
قانشا	ۋاقتا	73
قانشا	مەتىر	82
قانشا	بەردىڭ	81
قانشا	كىلى	90
قانشا	ۋاقتتا	87
قانشا	سومدىق	86
قانشا	ىرەت	72
قانشا	دەگەنمەن	96
قانشا	الاسىز	84
قانشا	تاپتىڭ	67
قانشا	كيلو	94
قانشا	اتامىن	95
قانشا	ايتساڭدا	88
قانشا	ۋاقىتقا	97
قانشا	ايتسامدا	89
قانشا	ايتقانمەن	84
قانشا	تاۋىپ	64
قانشا	ماشينا	84
قانشا	قالىپ	95
قانشا	كۇننەن	95
قانشا	وقىپ	91
قانشا	قوزى	72
قانشا	الىپتى	98
قانشا	بەرەمىز	96
قانشا	ساعاتتا	88
قانشا	بولعانىن	84
قانشا	ايكىس	98
قانشا	توننا	91
قانشا	بالاڭىز	94
قانشا	جاستاسىز	68
ۇز	ۇز	97
ۇز	باسىم	64
ۇز	دەنساۋلىعىڭ	45
ۇز	الدىندا	53
ۇز	ۇيىڭ	60
ۇز	الدىما	54
ۇز	ويىڭ	64
ۇز	ويىم	52
ۇز	الدىنا	63
ۇز	الدىڭدا	57
ۇز	ىسىڭ	61
ۇز	ۇيىم	64
ۇز	الدىمدا	58
ۇز	الدىڭا	61
ۇز	ەركىڭ	53
ۇز	قۇربىلارىنىڭ	35
ۇز	الدىمىزعا	58
ۇز	كەشىڭدە	64
ۇز	قالىڭ	49
ۇز	قۇربىسىنىڭ	33
ۇز	وبالىڭ	63
ۇز	قۇربىڭنىڭ	62
ۇزى	عوي	60
ۇزى	جانىم	63
ۇزى	مەن	61
ۇزى	جوق	64
ۇزى	جاقسى	61
ۇزى	ەكەن	59
ۇزى	بىر	67
ۇزى	نە	29
ۇزى	سەن	61
ۇزى	الىپ	54
ۇزى	كەلىپ	60
ۇزى	ماعان	65
ۇزى	بارىپ	60
ۇزى	مەنى	66
ۇزى	نەگە	65
ۇزى	قايدا	60
ۇزى	ساعان	69
ۇزى	تەلەفون	76
ۇزى	ايتىپ	68
ۇزى	اق	65
ۇزى	ايتتى	61
ۇزى	ايتقان	73
ۇزى	عانا	69
ۇزى	كەلەدى	76
ۇزى	جالعىز	74
ۇزى	سۇيتىپ	72
ۇزى	ارەڭ	67
ۇزى	بىلەدى	76
ۇزى	بىلىپ	46
ۇزى	بىلسىن	72
ۇزىڭ	عوي	48
ۇزىڭ	مەن	46
ۇزىڭ	جوق	88
ۇزىڭ	جاقسى	98
ۇزىڭ	بىر	60
ۇزىڭ	نە	78
ۇزىڭ	نەعىپ	41
ۇزىڭ	بار	66
ۇزىڭ	قوي	12
ۇزىڭ	ال	83
ۇزىڭ	الىپ	97
ۇزىڭ	كەل	71
ۇزىڭ	كەلىپ	68
ۇزىڭ	بارىپ	99
ۇزىڭ	مەنى	31
ۇزىڭ	قاي	96
ۇزىڭ	نەگە	94
ۇزىڭ	قايدا	54
ۇزىڭ	تاماق	15
ۇزىڭ	قالاي	76
ۇزىڭ	ۇيدە	85
ۇزىڭ	ۇيگە	94
ۇزىڭ	تەلەفون	64
ۇزىڭ	ايت	94
ۇزىڭ	ايتىپ	84
ۇزىڭ	كىم	95
ۇزىڭ	امان	73
ۇزىڭ	اق	96
ۇزىڭ	جاقسىما	55
ۇزىڭ	قاشان	86
ۇزىڭ	قاربالاس	87
ۇزىڭ	ىشىپ	27
ۇزىڭ	قانداي	85
ۇزىڭ	امانسىڭبا	62
ۇزىڭ	ىستەپ	68
ۇزىڭ	ۇيقتاپ	70
ۇزىڭ	ايتتىڭ	84
ۇزىڭ	اۋىرىپ	57
ۇزىڭ	شى	98
ۇزىڭ	قايداسىڭ	94
ۇزىڭ	ايتقان	90
ۇزىڭ	تاۋىپ	94
ۇزىڭ	كەلە	97
ۇزىڭ	قابارلاس	81
ۇزىڭ	عانا	73
ۇزىڭ	جاتىپ	57
ۇزىڭ	قاراپ	94
ۇزىڭ	مىقتى	92
ۇزىڭ	قوسىپ	97
ۇزىڭ	توي	65
ۇزىڭ	ويلاپ	97
ۇزىڭ	ۇشىن	89
ۇزىڭ	شارشاپ	17
ۇزىڭ	كۇرىپ	61
ۇزىڭ	ايتىڭ	85
ۇزىڭ	سياقتى	91
ۇزىڭ	جالعىز	92
ۇزىڭ	سۇيتىپ	95
ۇزىڭ	بىل	81
ۇزىڭ	بولساڭ	73
ۇزىڭ	قالىڭ	76
ۇزىڭ	قۇساپ	83
ۇزىڭ	ايتشى	98
ۇزىڭ	ستەپ	83
ۇزىڭ	بىردەمە	97
ۇزىڭ	قالايسىڭ	92
ۇزىڭ	سۇيلەپ	16
ۇزىڭ	دەنساۋلىعىڭ	96
ۇزىڭ	قانا	65
ۇزىڭ	بىلىپ	35
ۇزىڭ	ايداپ	80
ۇزىڭ	بىلەسىڭ	98
ۇزىڭ	ىشتىڭبە	97
ۇزىڭ	تاپ	86
ۇزىڭ	جاقسىڭبا	99
ۇزىڭ	ويلاشى	74
ۇزىڭ	ۇيدەسىڭبە	96
ۇزىڭ	نەستەپ	83
ۇزىڭ	ويلانىپ	96
ۇزىڭ	قايجەردەن	94
ۇزىڭ	جاقسڭبا	46
ۇزىڭ	قاندايسىڭ	73
ۇزىڭ	جاقسسڭبا	95
ۇزىڭ	بلەسىڭ	92
ۇزىڭ	كورگەندەي	98
ۇزىڭ	كۇرگەندەي	89
ۇزىڭ	بىلشى	56
ۇزىڭ	عاناما	66
ۇزىڭ	قالايسڭ	98
ۇزىڭ	دەپ	69
ۇزىڭ	الى	87
ۇزىڭ	بۇگىن	62
ۇزىڭ	ماعان	65
ۇزىڭ	كەتىپ	89
ۇزىڭ	بارسىڭبا	37
ۇزىڭ	بارا	97
ۇزىڭ	جولداشى	91
ۇزىڭ	جاقسىڭ	94
ۇزىڭ	كەلسەڭ	65
ۇزىڭ	سۇيلەمەي	98
ۇزىڭ	قانشاعا	75
ۇزىڭ	ايتقانداي	84
ۇزىڭ	بىلەسىڭعوي	85
قاشان	جانىم	84
قاشان	مەن	76
قاشان	دەپ	91
قاشان	بولسىن	67
قاشان	جاقسى	90
قاشان	بولدى	93
قاشان	ەكەن	81
قاشان	بىر	58
قاشان	بار	93
قاشان	سەن	100
قاشان	الىپ	99
قاشان	كەل	76
قاشان	كەلىپ	90
قاشان	ادام	64
قاشان	بولسا	94
قاشان	ماعان	62
قاشان	بارىپ	63
قاشان	مەنى	87
قاشان	قاي	90
قاشان	بولادى	90
قاشان	سەنى	94
قاشان	ساعان	56
قاشان	تەلەفون	87
قاشان	ايتىپ	97
قاشان	بىرگە	78
قاشان	امان	63
قاشان	كەتتى	99
قاشان	اق	81
قاشان	اقشا	93
قاشان	كەتىپ	94
قاشان	ەدى	97
قاشان	باس	72
قاشان	قايتىپ	79
قاشان	كەرەك	81
قاشان	ايتتى	65
قاشان	ايتتىڭ	98
قاشان	كەلدى	93
قاشان	بارام	94
قاشان	ۋاقىت	83
قاشان	كەلەدى	87
قاشان	توي	86
قاشان	كەپ	76
قاشان	بارايىن	29
قاشان	ايتىڭ	86
قاشان	بولسادا	83
قاشان	كەتەدى	48
قاشان	باراتىن	100
قاشان	بولاتىن	58
قاشان	بارامىن	84
قاشان	بەرەدى	56
قاشان	دەم	72
قاشان	بارامىز	99
قاشان	بەرەتىن	49
قاشان	بارادى	86
قاشان	ايتادى	95
قاشان	ايتتىم	98
قاشان	الادى	97
قاشان	ۇستىپ	82
قاشان	كەلەت	82
قاشان	كەلەتىن	88
قاشان	ۇتىرىك	92
قاشان	وتىرىك	95
قاشان	كەلدىڭ	74
قاشان	بارسام	15
قاشان	بولار	84
قاشان	كەلەسىڭ	99
قاشان	شىعادى	43
قاشان	قولايلى	88
قاشان	كەتەتىن	63
قاشان	ايتىم	86
قاشان	باراسىڭ	89
قاشان	قايتاتىن	93
قاشان	شىعاتىن	100
قاشان	الاسىڭ	17
قاشان	ەكەنىن	100
قاشان	بەرەسىڭ	65
قاشان	جولىڭ	95
قاشان	وراي	90
قاشان	كەتەسىڭ	67
قاشان	قايتاسىڭ	101
قاشان	بولاسىڭ	86
قاشان	جۇرەدى	81
قاشان	باردىڭ	50
قاشان	شعادى	82
قاشان	قايتىس	86
قاشان	كەلەر	57
قاشان	قولىڭ	88
قاشان	اماندىق	87
قاشان	تۇسەدى	77
قاشان	قايتامىز	96
قاشان	بارعالى	101
قاشان	جۇرەمىز	90
قاشان	كورسەڭ	77
قاشان	ۋاقىتىڭ	94
قاشان	جۇرەسىڭ	94
قاشان	شىعاسىڭ	73
قاشان	كۇرسەڭ	98
قاشان	تۇسەسىڭ	44
قاشان	ىشەمىز	66
قاشان	قايتادى	36
قاشان	شىعامىز	87
قاشان	كەزىگەم	85
قاشان	كەزىگەمىز	96
قاشان	تارايدى	96
قاشان	ۇرادى	95
قاشان	جاتاسىڭ	81
قاشان	ۋاقتىڭ	93
قاشان	تيەدى	85
قاشان	سويلەيدى	93
قاشان	وتىرامىز	101
قاشان	بىتەدى	101
قاشان	شعاسىڭ	100
قاشان	كەلەسڭ	59
قاشان	سۇيلەيدى	91
قاشان	شاقىرادى	79
قاشان	ۇيقتايسىڭ	95
قاشان	جەتەم	89
قاشان	باراسىڭدار	91
قاشان	باستالادى	90
قاشان	باستايدى	95
قاشان	كەزگەمىز	99
قاشان	دەمالاسىڭ	89
قاشان	كەلەسىز	95
قاشان	كەلەسىڭدەر	66
قاشان	اياقتايدى	63
قاشان	قايتاراسىڭ	70
قاشان	قايتاسىڭدار	71
قاشان	قايتاسڭ	85
قاشان	جولعامىز	91
قاشان	شىعاسىڭدار	99
قاشان	الدادىم	98
قاشان	شاقىراسىڭ	91
قاشان	كەزىگەسىڭ	99
قاشان	جولىعامىز	96
قاشان	قايتاسىز	92
قاشان	كەزىكەمىز	98
قاشان	بوسايسىڭ	96
قاشان	قۇلدايسىڭ	95
قاشان	سۇيتىپ	85
قاشان	كەلەسى	71
قاشان	كورەم	78
قاشان	جۇرەتىن	94
قاشان	ىستەن	80
قاشان	كەتەمىز	90
قاشان	جاسايدى	38
قاشان	كەلگەلى	93
قاشان	شعامىز	83
قاشان	بولعالى	87
قاشان	وينايمىز	82
قاشان	جاسايسىڭ	70
قاشان	اكەلەسىڭ	77
قاشان	بوسايدى	84
قاشان	شىعاسىز	79
قاشان	كەزدەسەمىز	100
قاشان	تۇسەسىڭدەر	97
قاشان	كەلەسىزدەر	97
قاشان	قايتاسڭدار	87
قار	بالاس	96
قار	جاۋىپ	19
قار	جاۋادى	14
قاربالاس	عوي	30
قاربالاس	جانىم	90
قاربالاس	مەن	61
قاربالاس	دەپ	86
قاربالاس	جوق	95
قاربالاس	ەكەن	76
قاربالاس	بىر	54
قاربالاس	سول	92
قاربالاس	نە	81
قاربالاس	ەندى	90
قاربالاس	بولىپ	74
قاربالاس	قوي	5
قاربالاس	ادام	61
قاربالاس	بۇگىن	71
قاربالاس	بولا	86
قاربالاس	بولادى	74
قاربالاس	تەلەفون	84
قاربالاس	دوسىم	84
قاربالاس	ەمەس	94
قاربالاس	بولام	41
قاربالاس	ىستەپ	88
قاربالاس	پا	73
قاربالاس	جۇمىس	71
قاربالاس	ايتەۋ	18
قاربالاس	بوپ	77
قاربالاس	شىعار	28
قاربالاس	كەز	84
قاربالاس	كەزدە	84
قاربالاس	ەدىم	76
قاربالاس	جۇرمىن	82
قاربالاس	بولعان	45
قاربالاس	ەكەنسىڭ	82
قاربالاس	ۋاقىت	77
قاربالاس	بولدىم	84
قاربالاس	جاڭە	62
قاربالاس	دەشى	87
قاربالاس	شارشاپ	97
قاربالاس	سياقتى	94
قاربالاس	بولاتىن	96
قاربالاس	جۇرىپ	45
قاربالاس	بولساڭ	82
قاربالاس	ەدىڭ	78
قاربالاس	ستەپ	82
قاربالاس	بولدىڭ	93
قاربالاس	بولدىق	79
قاربالاس	سىڭ	91
قاربالاس	بولپ	94
قاربالاس	بولعاندا	97
قاربالاس	بولدىڭبا	64
قاربالاس	باياعى	91
قاربالاس	ۇقسايدى	87
قاربالاس	سويلەي	89
قاربالاس	بولاسىڭ	91
قاربالاس	ەمەسپىن	87
قاربالاس	بولامىن	91
قاربالاس	سۇيلەي	87
قاربالاس	ەكەسىڭ	90
قاربالاس	بۇلىپ	93
قاربالاس	تەلەفونعا	91
قاربالاس	ادامسىڭ	94
قاربالاس	سىڭبا	92
قاربالاس	بولامىز	86
قاربالاس	بولساڭىز	94
قاربالاس	بولماساڭ	96
قاربالاس	بولساڭدا	91
قاربالاس	ەكەنىڭدى	91
قاربالاس	بولسامدا	72
قاربالاس	ۇقسايسىڭ	86
قاربالاس	وقشايسىڭ	83
قاربالاس	سياقتىسىڭ	91
قاربالاس	اياقتادىما	94
قاربالاس	بولسادا	95
ىش	جانىم	97
ىش	مەن	19
ىش	دەپ	52
ىش	جوق	53
ىش	ەكەن	18
ىش	وندا	64
ىش	كەلىپ	47
ىش	دەيدى	57
ىش	دەگەن	46
ىش	بولاما	58
ىش	دەسەم	56
ىش	بالا	63
ىش	كيىم	31
ىش	قاتۋ	30
ىش	قۇستا	52
ىشى	عوي	60
ىشى	اۋىرىپ	42
ىشى	تار	29
ىشى	وتىپ	40
ىشى	ۇتىپ	26
ىشى	كۇيىپ	35
ىشى	سىرتى	30
ىشى	قوي	39
ىشى	ىستىق	30
ىشىپ	جاقسى	35
ىشىپ	بولدى	84
ىشىپ	بىر	92
ىشىپ	نە	83
ىشىپ	ەندى	90
ىشىپ	بولىپ	64
ىشىپ	جاتىر	42
ىشىپ	جاتىرسىڭ	53
ىشىپ	ال	92
ىشىپ	الىپ	17
ىشىپ	كەل	17
ىشىپ	كەلىپ	80
ىشىپ	تۇر	70
ىشىپ	سودان	81
ىشىپ	جاتىرمىن	91
ىشىپ	تاماق	45
ىشىپ	وتىر	74
ىشىپ	وتىرمى	31
ىشىپ	وتىرمىن	77
ىشىپ	كەت	96
ىشىپ	كەتتى	90
ىشىپ	بىراق	14
ىشىپ	ىشىپ	88
ىشىپ	كەتىپ	70
ىشىپ	بىراز	80
ىشىپ	ازىر	41
ىشىپ	جۇر	78
ىشىپ	قايتا	93
ىشىپ	ۇيقتاپ	95
ىشىپ	الدى	94
ىشىپ	الدىم	70
ىشىپ	كەتتىم	80
ىشىپ	بوپ	77
ىشىپ	كەلدىم	26
ىشىپ	قويدىم	62
ىشىپ	جاڭا	79
ىشىپ	ەدىم	95
ىشىپ	جۇرمىن	68
ىشىپ	الايىن	82
ىشىپ	بولعان	82
ىشىپ	جاتىپ	44
ىشىپ	الدىڭ	95
ىشىپ	الدىڭبا	87
ىشىپ	بولدىم	72
ىشىپ	ودان	53
ىشىپ	جاڭە	79
ىشىپ	جاتقان	97
ىشىپ	كەپ	80
ىشىپ	قويىپ	77
ىشىپ	كەتكەن	91
ىشىپ	جاتىرمىز	84
ىشىپ	جۇرە	88
ىشىپ	جۇرگەن	63
ىشىپ	العان	78
ىشىپ	اڭگىمە	79
ىشىپ	جەپ	87
ىشىپ	جۇرىپ	56
ىشىپ	جۇرسىڭ	69
ىشىپ	ويناپ	40
ىشىپ	الاتىن	18
ىشىپ	وتىرمىز	56
ىشىپ	وتىرسىڭ	94
ىشىپ	وتىرىپ	53
ىشىپ	الام	58
ىشىپ	وتىرعان	71
ىشىپ	الادى	94
ىشىپ	ماس	63
ىشىپ	قانا	61
ىشىپ	السا	90
ىشىپ	الساڭ	70
ىشىپ	بولدىق	89
ىشىپ	السام	60
ىشىپ	جاتىرسىڭبا	62
ىشىپ	العام	85
ىشىپ	بولدىڭبا	89
ىشىپ	قويعان	59
ىشىپ	الدىق	87
ىشىپ	جۇرمە	72
ىشىپ	كەلەيىن	84
ىشىپ	جاتا	75
ىشىپ	الايىق	39
ىشىپ	كەلەيىك	91
ىشىپ	جۇرسەڭ	72
ىشىپ	وتىرسىڭبا	97
ىشىپ	جەم	93
ىشىپ	الىپتى	90
ىشىپ	جۇرسىڭبە	96
ىشىپ	الشى	75
ىشىپ	الىڭىز	84
ىشىپ	الپتى	77
ىشىپ	السىن	82
ىشىپ	وتىرعام	68
ىشىپ	وتر	89
ىشىپ	وترمىن	95
ىشىپ	الىڭدار	82
ىشىپ	الدىڭدارما	82
ىشىپ	العاندا	91
ىشىپ	وتىرما	87
ىشىپ	وتىرعاندا	74
ىشىپ	العىم	82
ىشىپ	وتىرىم	95
ىشىپ	بولدىڭدارما	90
ىشىپ	الاعوي	89
ىشىپ	وتىرسىڭدار	71
ىشىپ	وتىرسڭبا	90
ىشىپ	العىڭ	91
ىشىپ	وتىرسىڭدارما	87
ىشىپ	العانسىڭبا	78
ىشىپ	ۇيگە	91
ىشىپ	قايت	83
ىشىپ	قايتىپ	95
ىشىپ	اۋىرىپ	80
ىشىپ	دەمالىپ	93
ىشىپ	جاتىرما	95
ىشىپ	وتىرساڭ	91
ىشىپ	قويىپپىن	84
قويشى	جان	90
قويشى	جانىم	89
قويشى	مەن	14
قويشى	دەپ	52
قويشى	جاقسى	45
قويشى	بولدى	91
قويشى	بىر	14
قويشى	سول	70
قويشى	نە	96
قويشى	بار	81
قويشى	سەن	64
قويشى	ەندى	36
قويشى	بولىپ	58
قويشى	وندا	96
قويشى	ەرتەڭ	77
قويشى	بۇگىن	85
قويشى	مەندە	73
قويشى	ماعان	91
قويشى	بارى	88
قويشى	مەنى	87
قويشى	مەنىڭ	72
قويشى	نەگە	89
قويشى	ول	71
قويشى	سەنى	68
قويشى	ساعان	71
قويشى	وسى	73
قويشى	دەيدى	50
قويشى	دوسىم	90
قويشى	كىم	93
قويشى	دەگەن	88
قويشى	ونى	91
قويشى	ۇزى	89
قويشى	ۇزىڭ	62
قويشى	قاشان	63
قويشى	قويشى	45
قويشى	نەدەگەن	66
قويشى	سەنىڭ	76
قويشى	بولاما	75
قويشى	راس	95
قويشى	قايتىپ	86
قويشى	وزى	89
قويشى	ايتەۋ	68
قويشى	اعا	58
قويشى	وعان	69
قويشى	بالا	84
قويشى	سونى	84
قويشى	سەندە	95
قويشى	ۇيات	88
قويشى	دەيمىن	20
قويشى	جەجە	85
قويشى	ەي	92
قويشى	جامان	93
قويشى	اينالايىن	88
قويشى	شارشاپ	91
قويشى	بولمايدى	96
قويشى	دەدىم	76
قويشى	ونداي	59
قويشى	جىندى	80
قويشى	قايداعى	81
قويشى	قۇرسىن	92
قويشى	دەيسىڭ	93
قويشى	نەسى	70
قويشى	ۇيتىپ	96
قويشى	ۇتىرىك	73
قويشى	ءوزى	93
قويشى	وتىرىك	87
قويشى	قايتەسىڭ	81
قويشى	ادامدى	82
قويشى	ارى	69
قويشى	تىپتى	69
قويشى	تەگى	55
قويشى	قارعام	57
قويشى	تپتى	60
قويشى	اكام	65
قويشى	قايداعىنى	83
قويشى	قايداعنى	62
قويشى	قاراعىم	80
قويشى	باسقا	88
قويشى	كورەيىن	93
تاعى	جانىم	88
تاعى	مەن	96
تاعى	جوق	67
تاعى	جاقسى	49
تاعى	بىر	63
تاعى	سول	13
تاعى	نە	44
تاعى	بار	57
تاعى	سەن	43
تاعى	الىپ	88
تاعى	ون	79
تاعى	كەل	72
تاعى	كەلىپ	97
تاعى	ەرتە	71
تاعى	ادام	72
تاعى	ماعان	67
تاعى	بارىپ	70
تاعى	ەكى	74
تاعى	مەنى	76
تاعى	مەنىڭ	73
تاعى	بولادى	78
تاعى	قايدا	54
تاعى	سەنى	97
تاعى	ساعان	97
تاعى	وسى	86
تاعى	تاماق	85
تاعى	ۇي	60
تاعى	تەلەفون	84
تاعى	ايتىپ	95
تاعى	كۇن	88
تاعى	كىم	69
تاعى	كەتتى	72
تاعى	اقشا	89
تاعى	بارما	64
تاعى	قانشا	96
تاعى	ۇزىڭ	64
تاعى	قاربالاس	67
تاعى	ىشىپ	96
تاعى	قويشى	96
تاعى	تاعى	78
تاعى	كوپ	78
تاعى	كەتىپ	55
تاعى	بىراز	96
تاعى	قانداي	56
تاعى	شاي	75
تاعى	باس	95
تاعى	باسقا	88
تاعى	سەنىڭ	79
تاعى	انا	90
تاعى	ۇيقتاپ	82
تاعى	يۋان	70
تاعى	جولدا	53
تاعى	جولداپ	91
تاعى	ۇش	82
تاعى	جۇمىس	82
تاعى	اتىپ	88
تاعى	كەرەك	64
تاعى	اۋىرىپ	92
تاعى	كەلدى	95
تاعى	كەلدىم	82
تاعى	شىعىپ	93
تاعى	تاۋىپ	74
تاعى	بارام	88
تاعى	ۇيات	81
تاعى	قيىن	95
تاعى	تۇسىپ	95
تاعى	قوسىپ	89
تاعى	بەس	84
تاعى	سۇراپ	84
تاعى	كەلەدى	88
تاعى	مىڭ	95
تاعى	جاي	86
تاعى	ويلاپ	90
تاعى	بىرەۋ	78
تاعى	ءبىر	88
تاعى	بولمايدى	82
تاعى	باراتىن	25
تاعى	بەرەم	84
تاعى	جۋىپ	94
تاعى	سۇيتىپ	88
تاعى	قاتە	93
تاعى	بارامىن	42
تاعى	بەكەر	86
تاعى	ويناپ	91
تاعى	جولداشى	83
تاعى	الاتىن	83
تاعى	نەبولدى	93
تاعى	سويلەپ	93
تاعى	بىردەمە	86
تاعى	دارى	94
تاعى	اراق	94
تاعى	سۇيلەپ	85
تاعى	ىزدەپ	95
تاعى	بارامىز	86
تاعى	زات	92
تاعى	قالىپ	91
تاعى	ايتادى	95
تاعى	ايتايىن	91
تاعى	ۇمىتىپ	96
تاعى	رەنجىپ	95
تاعى	ماس	91
تاعى	ۇتىرىك	92
تاعى	وتىرىك	95
تاعى	قابارلاسىپ	93
تاعى	جۇمىسقا	93
تاعى	قوناق	92
تاعى	پالە	89
تاعى	شىپ	93
تاعى	بىردەڭە	80
تاعى	توقتاپ	90
تاعى	اۋرىپ	93
تاعى	كەلەم	83
تاعى	مەيلى	93
تاعى	وراي	82
تاعى	باراسىڭبا	97
تاعى	بر	91
تاعى	بىرەۋى	85
تاعى	بىرەۋگە	79
تاعى	بىرەۋدى	80
تاعى	بىرەۇ	90
تاعى	بىرەۋىن	88
تاعى	بىرەۋدەن	81
تاعى	بولماعان	85
تاعى	قابارلاسام	92
تاعى	كورەمىز	91
تاعى	بىرەۋمەن	88
تاعى	بىركۇنى	95
تاعى	قابارلاسامىز	71
تاعى	باستادىڭبا	83
تاعى	توي	81
تاعى	جول	84
تاعى	ۋاقىت	96
تاعى	جالعىز	63
تاعى	ۇيىقتاپ	89
تاعى	تاۋعا	70
تاعى	ۇرىپ	88
تاعى	تالاي	85
تاعى	جۇمسقا	89
تاعى	كىمدەر	96
وي	جان	83
وي	جانىم	86
وي	سالەم	15
وي	مەن	63
وي	دەپ	45
وي	جوق	42
وي	بول	48
وي	جاقسى	95
وي	بولدى	92
وي	بىر	33
وي	سول	72
وي	نە	59
وي	نەعىپ	52
وي	بار	45
وي	سەن	74
وي	ەندى	57
وي	راحىمەت	57
وي	قوي	51
وي	الى	66
وي	وندا	20
وي	كەل	92
وي	ادام	92
وي	بولسا	94
وي	بۇگىن	92
وي	مەندە	89
وي	سودان	63
وي	ماعان	86
وي	مەنى	69
وي	مەنىڭ	93
وي	بولادى	93
وي	نەگە	79
وي	ول	96
وي	قايدا	73
وي	سەنى	93
وي	ساعان	45
وي	وسى	33
وي	جارايدى	85
وي	دوسىم	90
وي	كىم	88
وي	امانشىلىق	97
وي	دەگەن	95
وي	بارما	74
وي	ونى	86
وي	قاربالاس	87
وي	قويشى	84
وي	وي	85
وي	كوپ	88
وي	قۇتتى	71
وي	مىنا	37
وي	نەدەگەن	80
وي	امانسىڭبا	78
وي	سەنىڭ	78
وي	راس	93
وي	كەشە	70
وي	انا	92
وي	ايتەۋ	86
وي	اعا	65
وي	ايتتىڭ	75
وي	قايداسىڭ	89
وي	بارسىڭبا	94
وي	وعان	92
وي	بالا	90
وي	سەندە	72
وي	بىز	53
وي	ايتقانىڭ	96
وي	ۇيات	80
وي	ەشتەڭە	88
وي	بۇل	51
وي	كەرەمەت	89
وي	جەجە	85
وي	مىناۋ	62
وي	جامان	92
وي	قايدان	77
وي	اينالايىن	91
وي	ويلاپ	94
وي	بولمايدى	81
وي	قىزدار	50
وي	بىلاي	87
وي	الگى	81
وي	ونداي	67
وي	نەبولدى	89
وي	سويلە	63
وي	جوعا	86
وي	وقاسى	88
وي	ونىڭ	75
وي	بىلايدە	79
وي	جىندى	94
وي	ىراحىمەت	57
وي	بالام	50
وي	قايداعى	93
وي	سۇيلە	88
وي	قۇرسىن	62
وي	باۋىرىم	81
وي	قاتىن	61
وي	راقىمەت	56
وي	قۇدا	94
وي	قۇداي	82
وي	كۇنىم	82
وي	باي	65
وي	ايتپا	80
وي	تاۋبا	92
وي	جارايسىڭ	94
وي	قىزىق	79
وي	جەڭگە	94
وي	وڭباعان	81
وي	تەگى	92
وي	ارام	86
وي	جانم	53
وي	راحمەت	70
وي	ماۋباس	91
وي	بي	83
وي	جاندارىم	61
وي	تۇستى	81
وي	قارعام	77
وي	قويشەي	78
وي	ەسەك	89
وي	ىنىم	76
وي	جندى	91
وي	نەربى	36
وي	بوي	87
وي	الباستى	97
وي	بالە	68
وي	ماڭقا	40
وي	تاۇبا	86
وي	بىي	62
وي	بۋ	77
وي	نۇكە	84
وي	سورلى	77
وي	سوقتى	95
وي	اكەڭدى	90
وي	سۇيكىمسىز	95
وي	توي	29
وي	اپەكە	91
وي	التىنىم	40
وي	ويلاما	79
وي	مالادەس	90
كوپ	عوي	96
كوپ	جانىم	69
كوپ	دەپ	84
كوپ	جوق	96
كوپ	بولسىن	96
كوپ	جاقسى	65
كوپ	بولدى	64
كوپ	ەكەن	20
كوپ	بولىپ	59
كوپ	راحىمەت	40
كوپ	قوي	16
كوپ	الىپ	25
كوپ	كەلىپ	81
كوپ	ادام	74
كوپ	بولسا	41
كوپ	بولادى	46
كوپ	تاماق	69
كوپ	دەيدى	89
كوپ	تەلەفون	73
كوپ	ايتىپ	88
كوپ	بىرگە	73
كوپ	كۇن	80
كوپ	اقشا	93
كوپ	دەگەن	78
كوپ	ەمەس	83
كوپ	بىراق	50
كوپ	قاربالاس	50
كوپ	ىش	77
كوپ	ىشىپ	76
كوپ	وي	49
كوپ	كوپ	89
كوپ	ەدى	30
كوپ	جۇمىس	90
كوپ	بوپ	68
كوپ	شىعار	73
كوپ	كورىپ	91
كوپ	بالا	69
كوپ	بولعان	85
كوپ	ۋاقىت	91
كوپ	ەشتەڭە	96
كوپ	جە	91
كوپ	جەر	89
كوپ	ەمەسپە	72
كوپ	كەلەدى	84
كوپ	ويلاپ	86
كوپ	ءىشىپ	71
كوپ	بولىپتى	73
كوپ	جەرگە	73
كوپ	بولسادا	89
كوپ	كەتەدى	96
كوپ	اڭگىمە	93
كوپ	سياقتى	91
كوپ	جاسا	90
كوپ	بولاتىن	88
كوپ	جەپ	83
كوپ	جۇرىپ	77
كوپ	نارسە	86
كوپ	قىلىپ	54
كوپ	سويلەپ	84
كوپ	توسىپ	71
كوپ	ىراحىمەت	90
كوپ	سۇيلەپ	53
كوپ	وتىرىپ	96
كوپ	جىل	90
كوپ	ەل	94
كوپ	شعار	65
كوپ	پۇل	65
كوپ	سوز	88
كوپ	راقىمەت	91
كوپ	ادامعا	92
كوپ	سويلەمە	90
كوپ	سويلەمەي	92
كوپ	ادامدار	94
كوپ	كورىم	80
كوپ	سويلەي	94
كوپ	راحمەت	92
كوپ	ۇاقىت	58
كوپ	نارسەنى	86
كوپ	بەكەن	87
كوپ	ويلاي	65
كوپ	ويلاما	86
كوپ	سوزدى	71
كوپ	ىشپە	96
كوپ	العىس	69
كوپ	نارسەگە	52
كوپ	نارسەلەردى	96
كوپ	توستىم	94
كوپ	سويلەمەيتىن	91
كوپ	ىستەردى	91
كوپ	ويلاندىم	79
كوپ	تۇكىرسە	90
كوپ	مولشەردە	92
كوپ	مەن	86
كوپ	بىر	20
كوپ	توي	70
كوپ	ويناپ	43
كوپ	شىپ	66
كوپ	ادامنىڭ	78
كوپ	بولعاندا	95
كوپ	ىستەر	85
كوپ	ىشبە	85
كەتى	عوي	85
كەتى	جانىم	12
كەتى	دەپ	35
كەتى	قوي	25
كەتىپ	مەن	39
كەتىپ	بولدى	92
كەتىپ	بىر	79
كەتىپ	سول	86
كەتىپ	بار	94
كەتىپ	ەندى	92
كەتىپ	جاتىر	81
كەتىپ	تۇر	96
كەتىپ	سودان	63
كەتىپ	جاتىرمىن	96
كەتىپ	قال	85
كەتىپ	قالا	55
كەتىپ	وتىر	91
كەتىپ	وتىرمىن	74
كەتىپ	قالد	91
كەتىپ	قالدى	89
كەتىپ	ەدى	15
كەتىپ	كەشتە	72
كەتىپ	جۇر	41
كەتىپ	قايتا	91
كەتىپ	قالدىم	82
كەتىپ	ەدىم	17
كەتىپ	جۇرمىن	19
كەتىپ	بارا	60
كەتىپ	بارام	26
كەتىپ	قالعان	20
كەتىپ	قالدىڭ	89
كەتىپ	قالدىڭبا	19
كەتىپ	جاتقان	94
كەتىپ	جۇرگەن	35
كەتىپ	بارات	25
كەتىپ	بارامىن	84
كەتىپ	ارەڭ	95
كەتىپ	ەدىڭ	91
كەتىپ	قالادى	33
كەتىپ	بارامىز	57
كەتىپ	قالىپ	45
كەتىپ	قالىپتى	47
كەتىپ	بارادى	43
كەتىپ	قالپتى	97
كەتىپ	قالسا	44
كەتىپ	باراسىڭ	46
كەتىپ	قالدىق	37
كەتىپ	قالدىما	59
كەتىپ	جۇرمە	71
كەتىپ	قالات	55
كەتىپ	قالاتىن	94
كەتىپ	قالما	39
كەتىپ	قالام	64
كەتىپ	قالاما	62
كەتىپ	قالاسىڭ	69
كەتىپ	قالار	81
كەتىپ	قاپ	62
كەتىپ	جاتسا	72
كەتىپ	باراسىڭبا	55
كەتىپ	قالماسىن	80
كەتىپ	قاپتى	57
كەتىپ	قالسام	86
كەتىپ	قالماي	97
كەتىپ	ەدىك	50
كەتىپ	جۇرمەسىن	94
كەتىپ	قالساڭ	93
كەتىپ	قالامىن	53
كەتىپ	قالعام	76
كەتىپ	قالعاندا	52
كەتىپ	قالايىن	82
كەتىپ	قالعانبا	88
كەتىپ	قالسىن	58
كەتىپ	قالامبا	89
كەتىپ	قالامىز	85
كەتىپ	قالدىڭىز	82
كەتىپ	قالدىڭىزبا	73
كەتىپ	قالپسىڭ	66
كەتىپ	قالىپسىڭ	73
كەتىپ	قالقان	80
كەتىپ	جۇرمەيىن	77
كەتىپ	قالساق	94
كەتىپ	قالدڭبا	91
كەتىپ	قالايىق	86
كەتىپ	قالدىڭدار	86
كەتىپ	قالدىڭدارما	76
كەتىپ	قالعانسىڭ	59
كەتىپ	باراسىڭدار	79
كەتىپ	قالدما	83
كەتىپ	قالاسىڭبا	95
كەتىپ	قالماسام	90
كەتىپ	قالعىم	91
كەتىپ	قالعانىڭ	95
كەتىپ	قالعامىن	96
كەتىپ	قالايىنبا	97
كەتىپ	قالدىڭىزدارما	95
كەتىپ	بۇگىن	46
كەتىپ	سىڭ	43
كەتىپ	بارمىز	63
كەتىپ	قالماعان	70
كەتىپ	باراسىڭدارما	86
كەتىپ	قالشى	96
كەتىپ	قاپسىڭ	76
كەتىپ	باراسىز	94
كەتىپ	قالعاسىڭ	84
كەتىپ	قالۋشى	90
كەتىپ	قالعامىز	97
كەتىپ	باراجاتقان	93
تاڭەرتەڭ	مەن	90
تاڭەرتەڭ	جاقسى	52
تاڭەرتەڭ	بىر	88
تاڭەرتەڭ	سول	50
تاڭەرتەڭ	نە	84
تاڭەرتەڭ	بار	85
تاڭەرتەڭ	سەن	81
تاڭەرتەڭ	الىپ	75
تاڭەرتەڭ	كەل	67
تاڭەرتەڭ	كەلىپ	69
تاڭەرتەڭ	ەرتە	90
تاڭەرتەڭ	ادام	59
تاڭەرتەڭ	مەندە	69
تاڭەرتەڭ	ماعان	47
تاڭەرتەڭ	بارىپ	11
تاڭەرتەڭ	ەكى	84
تاڭەرتەڭ	مەنى	70
تاڭەرتەڭ	مەنىڭ	65
تاڭەرتەڭ	قاي	72
تاڭەرتەڭ	نەگە	94
تاڭەرتەڭ	ول	87
تاڭەرتەڭ	ساعان	90
تاڭەرتەڭ	وسى	83
تاڭەرتەڭ	تاماق	90
تاڭەرتەڭ	ۇيگە	58
تاڭەرتەڭ	تەلەفون	68
تاڭەرتەڭ	ايتىپ	80
تاڭەرتەڭ	بىرگە	65
تاڭەرتەڭ	كۇن	93
تاڭەرتەڭ	بىراق	92
تاڭەرتەڭ	تاعى	71
تاڭەرتەڭ	كەتىپ	48
تاڭەرتەڭ	بىراز	95
تاڭەرتەڭ	شاي	82
تاڭەرتەڭ	بەرى	71
تاڭەرتەڭ	كەش	81
تاڭەرتەڭ	قايتا	65
تاڭەرتەڭ	انا	76
تاڭەرتەڭ	ۇيقتاپ	84
تاڭەرتەڭ	قايتىپ	82
تاڭەرتەڭ	جولداپ	75
تاڭەرتەڭ	جۇمىس	94
تاڭەرتەڭ	اتىپ	70
تاڭەرتەڭ	بەرەيىن	74
تاڭەرتەڭ	كەلدى	90
تاڭەرتەڭ	كەلدىم	87
تاڭەرتەڭ	شىعىپ	78
تاڭەرتەڭ	تۇرىپ	65
تاڭەرتەڭ	الايىن	93
تاڭەرتەڭ	بارام	94
تاڭەرتەڭ	كەلە	68
تاڭەرتەڭ	قابارلاس	95
تاڭەرتەڭ	سالىپ	76
تاڭەرتەڭ	عانا	78
تاڭەرتەڭ	مال	86
تاڭەرتەڭ	بەس	94
تاڭەرتەڭ	اپارىپ	29
تاڭەرتەڭ	ماشينا	91
تاڭەرتەڭ	كەلەدى	66
تاڭەرتەڭ	ساعات	84
تاڭەرتەڭ	جاي	80
تاڭەرتەڭ	كەپ	86
تاڭەرتەڭ	كەتكەن	67
تاڭەرتەڭ	بارايىن	60
تاڭەرتەڭ	اش	62
تاڭەرتەڭ	كەتەدى	84
تاڭەرتەڭ	باراتىن	95
تاڭەرتەڭ	بەرەم	95
تاڭەرتەڭ	بارامىن	85
تاڭەرتەڭ	ارەڭ	93
تاڭەرتەڭ	ۇزىم	80
تاڭەرتەڭ	كەلگەن	81
تاڭەرتەڭ	نان	95
تاڭەرتەڭ	ەرتەرەك	93
تاڭەرتەڭ	بۇيىرسا	92
تاڭەرتەڭ	سۇت	84
تاڭەرتەڭ	بارامىز	51
تاڭەرتەڭ	اكەپ	89
تاڭەرتەڭ	بارادى	91
تاڭەرتەڭ	اۋدانعا	93
تاڭەرتەڭ	جانە	61
تاڭەرتەڭ	جەتى	70
تاڭەرتەڭ	تۇرا	78
تاڭەرتەڭ	ايتايىن	88
تاڭەرتەڭ	سۋىق	87
تاڭەرتەڭ	التى	92
تاڭەرتەڭ	كەلەتىن	91
تاڭەرتەڭ	بارسام	89
تاڭەرتەڭ	جۇمىسقا	94
تاڭەرتەڭ	كەتەم	89
تاڭەرتەڭ	بارايىق	81
تاڭەرتەڭ	قايتام	66
تاڭەرتەڭ	قابارلاسايىن	75
تاڭەرتەڭ	تاۋعا	78
تاڭەرتەڭ	قۇلجاعا	41
تاڭەرتەڭ	كەلەم	93
تاڭەرتەڭ	جۇمسقا	93
تاڭەرتەڭ	ۇرىمجىگە	95
تاڭەرتەڭ	كەلگەم	88
تاڭەرتەڭ	باراسىڭبا	95
تاڭەرتەڭ	ىسكە	95
تاڭەرتەڭ	التايعا	83
تاڭەرتەڭ	مەكتەپكە	74
تاڭەرتەڭ	بازارعا	75
تاڭەرتەڭ	قايتامىن	95
تاڭەرتەڭ	نەشەدە	89
تاڭەرتەڭ	تۇرعاندا	57
تاڭەرتەڭ	شىعامىن	92
تاڭەرتەڭ	قايتامىز	88
تاڭەرتەڭ	تۇرسام	67
تاڭەرتەڭ	قانشادا	76
تاڭەرتەڭ	قابارلاسايىق	94
تاڭەرتەڭ	بەستە	83
تاڭەرتەڭ	شينجياڭ	67
تاڭەرتەڭ	تۇرماي	75
تاڭەرتەڭ	سەگىزدە	82
تاڭەرتەڭ	التىدا	92
تاڭەرتەڭ	جەتىدە	88
تاڭەرتەڭ	تۇرالماي	94
تاڭەرتەڭ	تۇرمايسىڭ	82
تاڭەرتەڭ	كەتتى	83
تاڭەرتەڭ	جول	44
تاڭەرتەڭ	ۇش	83
تاڭەرتەڭ	بىز	94
تاڭەرتەڭ	بارا	76
تاڭەرتەڭ	تۇس	92
تاڭەرتەڭ	تويعا	77
تاڭەرتەڭ	باستاپ	92
تاڭەرتەڭ	قايتاتىن	81
تاڭەرتەڭ	شىعاتىن	94
تاڭەرتەڭ	جۇرەتىن	55
تاڭەرتەڭ	جولعا	95
تاڭەرتەڭ	اۋداننان	90
تاڭەرتەڭ	شىعام	92
تاڭەرتەڭ	تورتتە	91
تاڭەرتەڭ	بەيجىڭ	95
قۇتتى	بولسى	91
قۇتتى	بولسىن	89
قۇتتى	بولىپ	2
قۇتتى	ەكى	97
قۇتتى	وت	56
قۇتتى	اق	93
قۇتتى	ماڭگى	97
قۇتتى	دەن	88
قۇتتى	دەنساۋلىعى	69
قۇتتى	دەنساۋلىعىڭ	19
قۇتتى	بالالار	87
قۇتتى	بولسن	50
قۇتتى	دەنساۋلىعىڭىز	69
قۇتتى	جاسى	20
قۇتتى	ومىر	78
قۇتتى	ۇمىر	71
قۇتتى	دەنساۋلىقتارىڭ	81
قۇتتى	دەنساۋلىقتارىڭىز	88
قۇتتى	جاسىڭ	95
قۇتتى	وقۋى	97
قۇتتى	بەرەكەلى	92
قۇتتى	بولاشاعى	35
قۇتتى	بۇلسىن	96
قۇتتى	عۇمىر	78
قۇتتى	بوسىن	99
قۇتتى	وقۋىڭ	55
قۇتتى	توي	99
قۇتتى	اتپال	91
قۇتتى	ورنىنا	94
بىراز	جاقسى	93
بىراز	بار	34
بىراز	الىپ	67
بىراز	ەرتە	87
بىراز	ادام	81
بىراز	بولادى	85
بىراز	تاماق	87
بىراز	تەلەفون	83
بىراز	كۇن	83
بىراز	وتىر	83
بىراز	كەيىن	21
بىراز	اقشا	47
بىراز	قاربالاس	26
بىراز	ىشىپ	92
بىراز	بىراز	27
بىراز	بەرىپ	37
بىراز	ىستەپ	82
بىراز	ۇيقتاپ	90
بىراز	جۇمىس	88
بىراز	كەرەك	59
بىراز	كوڭىل	94
بىراز	اۋىرىپ	52
بىراز	تۇرىپ	90
بىراز	عانا	84
بىراز	جاتىپ	30
بىراز	ۋاقىت	77
بىراز	كۇندە	68
بىراز	مال	56
بىراز	جەر	15
بىراز	جاي	50
بىراز	شارشاپ	34
بىراز	بولسادا	81
بىراز	اڭگىمە	80
بىراز	جۇرىپ	91
بىراز	نارسە	83
بىراز	ويناپ	71
بىراز	بىردەمە	90
بىراز	توس	69
بىراز	توسىپ	93
بىراز	ەرتەرەك	82
بىراز	ماي	37
بىراز	باسىم	51
بىراز	دەم	66
بىراز	ۇيىقتاپ	95
بىراز	اراق	58
بىراز	سۇت	69
بىراز	كىر	89
بىراز	زات	41
بىراز	وتىرىپ	78
بىراز	قولايسىز	93
بىراز	تۇرا	90
بىراز	پۇل	68
بىراز	سۋىق	62
بىراز	قۇڭباۋ	85
بىراز	جاعداي	75
بىراز	دەمالىپ	95
بىراز	ساي	85
بىراز	شىپ	92
بىراز	بىردەڭە	41
بىراز	قارىز	93
بىراز	كۇننەن	83
بىراز	اۋرىپ	80
بىراز	كۇنگە	91
بىراز	كورىم	48
بىراز	اينالىپ	94
بىراز	قينالىپ	62
بىراز	الاڭداپ	76
بىراز	حۇڭباۋ	52
بىراز	ۇيقتايىن	84
بىراز	اقشام	82
بىراز	وتىرايىق	87
بىراز	ىشەيىك	78
بىراز	تىماۋ	86
بىراز	ۇاقىت	77
بىراز	جاتايىن	87
بىراز	قىزىپ	86
بىراز	ايلانىپ	73
بىراز	كۇرىم	95
بىراز	شارۋا	86
بىراز	اڭگمە	62
بىراز	اڭگىمەلەسىپ	91
بىراز	كومەكتەسىپ	77
بىراز	قاربالاستاپ	83
بىراز	توسا	86
بىراز	قىسىلىپ	77
بىراز	دەمالايىن	72
بىراز	پيجۋ	85
بىراز	ءاڭگىمە	91
بىراز	جۇمىسىم	93
بىراز	جايىراق	91
بىراز	تۇرپ	94
بىراز	بوساپ	83
بىراز	تۇراتۇر	93
بىراز	سىرا	80
بىراز	جۇمىستار	82
بىراز	كۇنەن	75
بىراز	وتىرساق	91
بىراز	جۇمستار	76
بىراز	باسىلدى	91
بىراز	اڭگىمەلەسەيىك	80
بىراز	جۇمىستارمەن	95
بىراز	ۋاقىتتان	91
بىراز	جۇمستارمەن	70
بىراز	ۋاقتتان	94
بىراز	سۋ	92
بىراز	رەنجىپ	63
بىراز	توك	85
بىراز	سالقىن	75
بىراز	جۇك	93
بىراز	كەڭەسىپ	91
بىراز	وتىرايىن	90
بىراز	جۇمىستارىم	90
مىن	عوي	95
مىن	جانىم	14
مىن	دەپ	48
مىن	جوق	20
مىن	دەيدى	53
مىن	سول	33
مىنا	مەن	52
مىنا	دەپ	71
مىنا	جاق	62
مىنا	بىر	62
مىنا	ادام	64
مىنا	ەكى	59
مىنا	مەنىڭ	41
مىنا	ۇي	76
مىنا	ۇيدە	64
مىنا	ۇيگە	66
مىنا	تەلەفون	93
مىنا	دوسىم	61
مىنا	اق	73
مىنا	اقشا	82
مىنا	شاي	94
مىنا	ان	84
مىنا	ۇش	74
مىنا	جۇمىس	72
مىنا	ات	50
مىنا	تۇندە	73
مىنا	كەزدە	89
مىنا	بالا	71
مىنا	قارا	69
مىنا	بەس	41
مىنا	جەر	77
مىنا	جەردە	48
مىنا	ماشينا	78
مىنا	قىز	26
مىنا	جەرگە	74
مىنا	قىزدار	63
مىنا	سياقتى	89
مىنا	كىسى	92
مىنا	قالىڭ	84
مىنا	قۇساپ	33
مىنا	تۇرعان	34
مىنا	جاققا	82
مىنا	دارى	70
مىنا	جىندى	65
مىنا	اياق	64
مىنا	اقشانى	62
مىنا	زات	41
مىنا	جەردەن	64
مىنا	جىگىت	46
مىنا	كىسىلەر	72
مىنا	قاتىن	77
مىنا	ايەل	61
مىنا	ەكەۋى	79
مىنا	ادامدى	91
مىنا	ۇيدى	51
مىنا	ۇيدىڭ	71
مىنا	جاقتا	84
مىنا	كسى	82
مىنا	ۇيدەن	62
مىنا	قىزىل	79
مىنا	سيىر	87
مىنا	نەمە	66
مىنا	ءان	78
مىنا	شۇنگە	74
مىنا	توپ	51
مىنا	توپقا	90
مىنا	نومىر	94
مىنا	كوك	66
مىنا	ۋاقىتتا	93
مىنا	كەمپىر	62
مىنا	نۇمىر	85
مىنا	ەركەك	73
مىنا	بالانى	86
مىنا	جاقتان	87
مىنا	بالانىڭ	57
مىنا	بالاعا	83
مىنا	سەمىز	89
مىنا	جەردى	82
مىنا	جەردىڭ	72
مىنا	نى	91
مىنا	موتا	63
مىنا	كويلەك	84
مىنا	كەلىنشەك	88
مىنا	كسلەر	73
مىنا	قىزعا	83
مىنا	ەكەۋىن	76
مىنا	راسىم	81
مىنا	ماشينانى	93
مىنا	شۇندە	90
مىنا	كىسىنى	66
مىنا	كىسىنىڭ	74
مىنا	سوزىڭ	88
مىنا	جولداعان	91
مىنا	سەكىلدى	77
مىنا	نەربى	89
مىنا	شاپان	87
مىنا	سۇزىڭ	79
مىنا	سوزدى	86
مىنا	قىزدى	95
مىنا	قىزدىڭ	73
مىنا	سۇزدى	55
مىنا	كۇيلەك	87
مىنا	كىسلەر	90
مىنا	توپتا	83
مىنا	سوزىڭدى	83
مىنا	ءاندى	90
مىنا	قۇساعان	80
مىنا	اندى	53
مىنا	رەڭ	90
مىنا	جاقتاعى	95
مىنا	دارىنى	91
مىنا	كىسىگە	93
مىنا	جۇمىستى	81
مىنا	جەردەگى	89
مىنا	شۇندى	46
مىنا	نومىرگە	69
مىنا	ەكەۋىنە	79
مىنا	ەكەۋىنىڭ	76
مىنا	قاتىندى	93
مىنا	ۇيشىڭدى	86
مىنا	نۇمىرگە	95
مىنا	سوزدەردى	88
مىنا	راسىمدى	71
مىنا	زاماندا	95
مىنا	جىگىتتى	90
مىنا	سۋىقتا	86
مىنا	نومىردى	75
مىنا	كويلەكتى	80
مىنا	نۇمىردى	90
مىنا	اياقتىڭ	90
مىنا	نومىرمەن	89
مىنا	ءاننىڭ	94
مىنا	كويلەكتىڭ	86
مىنا	كەسكىندەگى	85
مىنا	كۇن	91
مىنا	توي	82
مىنا	تويعا	52
مىنا	ىستىق	70
مىنا	سارى	81
مىنا	كەنشەك	93
مىنا	ىستىقتا	81
مىنا	زامان	45
مىنا	سىيىر	93
مىنا	قوڭىر	83
مىنا	كۇننىڭ	88
مىنا	تاينشا	77
مىنا	جاقتىڭ	90
مىنا	سيىردى	86
مىنا	كسىلەر	77
مىنا	ىستقتا	93
مىنا	قۇناجىن	94
مىنا	جاڭبىردا	60
مىنا	توپتى	91
مىنا	كۇيلەكتى	66
مىنا	ستقتا	86
مىنا	جاۋىندا	85
مىنا	باعاقتى	89
مىنا	ستىقتا	82
مىنا	كويلەكتەر	87
مىنا	تاينشانى	81
مىنا	كۇيلەكتىڭ	92
مىنا	كويلەكتەن	76
نەدە	بولسا	88
نەدەگەن	جاقسى	6
نەدەگەن	بىر	18
نەدەگەن	بولىپ	86
نەدەگەن	ەرتە	62
نەدەگەن	ادام	83
نەدەگەن	اقشا	92
نەدەگەن	قاربالاس	92
نەدەگەن	كوپ	47
نەدەگەن	از	20
نەدەگەن	تەز	78
نەدەگەن	ايتتىڭ	19
نەدەگەن	ايتقان	70
نەدەگەن	قاتتى	20
نەدەگەن	قيىن	70
نەدەگەن	قارا	78
نەدەگەن	مىقتى	71
نەدەگەن	ۇلكەن	56
نەدەگەن	كەرەمەت	54
نەدەگەن	كۇپ	28
نەدەگەن	جامان	28
نەدەگەن	دەشى	72
نەدەگەن	جاي	94
نەدەگەن	ايتىڭ	83
نەدەگەن	تاتتى	48
نەدەگەن	قالىڭ	77
نەدەگەن	ەدىڭ	64
نەدەگەن	كۇشتى	89
نەدەگەن	تاس	82
نەدەگەن	وڭاي	93
نەدەگەن	جىندى	85
نەدەگەن	باقىتتى	69
نەدەگەن	دال	89
نەدەگەن	اقىرىن	65
نەدەگەن	سۋىق	54
نەدەگەن	سوز	84
نەدەگەن	ايتاسىڭ	40
نەدەگەن	وتىرىك	48
نەدەگەن	ۇزاق	91
نەدەگەن	ۇيقى	92
نەدەگەن	سات	70
نەدەگەن	سۇز	52
نەدەگەن	ادەمى	55
نەدەگەن	دايىن	70
نەدەگەن	بەت	78
نەدەگەن	سىڭ	94
نەدەگەن	پالە	79
نەدەگەن	قىيىن	73
نەدەگەن	جۇرەك	71
نەدەگەن	ايتىڭىز	92
نەدەگەن	قىزىق	80
نەدەگەن	باقتتى	71
نەدەگەن	وڭباعان	91
نەدەگەن	ارزان	81
نەدەگەن	ايبەت	74
نەدەگەن	ۇقسايدى	83
نەدەگەن	جوعارى	80
نەدەگەن	اتاقتى	51
نەدەگەن	ارام	55
نەدەگەن	اپات	73
نەدەگەن	قىمبات	74
نەدەگەن	سۇيكىمدى	63
نەدەگەن	سۇلۋ	60
نەدەگەن	ۇزىن	67
نەدەگەن	يت	60
نەدەگەن	ءسوز	73
نەدەگەن	ءادەمى	94
نەدەگەن	تاماشا	82
نەدەگەن	اشتى	73
نەدەگەن	ادامسىڭ	85
نەدەگەن	ايبات	69
نەدەگەن	سۇمدىق	59
نەدەگەن	ايتتىڭىز	83
نەدەگەن	ماحابات	92
نەدەگەن	جاقسىسىڭ	81
نەدەگەن	جۋان	80
نەدەگەن	ناشار	81
نەدەگەن	اقىلدى	94
نەدەگەن	داۋ	92
نەدەگەن	سەنبەيسىڭ	87
نەدەگەن	نادان	93
نەدەگەن	سورلى	94
نەدەگەن	پىسىق	76
نەدەگەن	راحات	82
نەدەگەن	پايزى	78
نەدەگەن	ۇيالمايدى	82
نەدەگەن	قىرت	93
نەدەگەن	قمبات	92
نەدەگەن	سوزدەر	78
نەدەگەن	اسىعىس	68
نەدەگەن	ۇيقتايسىڭ	89
نەدەگەن	سۇزدەر	81
نەدەگەن	قىنبات	71
نەدەگەن	قاربالاسسىڭ	92
نەدەگەن	قورقىنشتى	95
نەدەگەن	ۇيالمايتىن	74
نەدەگەن	سۇلۋسىڭ	84
نەدەگەن	ۇيالمايسىڭ	89
نەدەگەن	سۇيكىمدىسىڭ	72
نەدەگەن	ۇيقتامايتىن	88
نەدەگەن	جامانسىڭ	89
نەدەگەن	قاتىگەز	86
نەدەگەن	پالەسىڭ	89
نەدەگەن	داتىڭ	95
نەدەگەن	تۇگەمەيتىن	89
نەدەگەن	شارشامايسىڭ	88
نەدەگەن	قىرتسىڭ	90
نەدەگەن	تەزسىڭ	86
نەدەگەن	توي	24
نەدەگەن	ىستىق	63
نەدەگەن	ىسىپ	83
نەدەگەن	ستىق	69
نەدەگەن	قىرسىق	84
قانداي	جانىم	94
قانداي	دەپ	63
قانداي	جاقسى	66
قانداي	بولدى	15
قانداي	ەكەن	20
قانداي	بىر	15
قانداي	بولىپ	80
قانداي	ادام	17
قانداي	بولسا	33
قانداي	بولادى	79
قانداي	تاماق	35
قانداي	دەيدى	85
قانداي	كۇن	92
قانداي	امان	80
قانداي	جاقسىما	76
قانداي	قاربالاس	21
قانداي	قانداي	78
قانداي	ەدى	85
قانداي	ىس	84
قانداي	جۇمىس	71
قانداي	بوپ	62
قانداي	كوڭىل	69
قانداي	بالا	56
قانداي	كەرەمەت	83
قانداي	جەر	92
قانداي	جەردە	76
قانداي	ماشينا	78
قانداي	قىز	83
قانداي	جامان	64
قانداي	بولىپتى	90
قانداي	جەرگە	80
قانداي	امال	94
قانداي	بولسادا	72
قانداي	اڭگىمە	88
قانداي	سياقتى	75
قانداي	تاتتى	82
قانداي	بولاتىن	83
قانداي	نارسە	92
قانداي	دەنساۋلىق	76
قانداي	دارى	74
قانداي	كۇشتى	71
قانداي	بولدىڭ	67
قانداي	جىگىت	84
قانداي	باقىت	87
قانداي	قاتىن	69
قانداي	كۇڭىل	75
قانداي	سوز	90
قانداي	جاعداي	54
قانداي	سۇز	63
قانداي	بولار	92
قانداي	ادەمى	85
قانداي	ادامعا	94
قانداي	بولپتى	48
قانداي	كيىم	91
قانداي	ادامنىڭ	87
قانداي	ەكەنىن	88
قانداي	ادامدار	91
قانداي	كورىم	83
قانداي	سۇيكىمدى	84
قانداي	جاقسما	56
قانداي	ءادەمى	85
قانداي	تاماشا	85
قانداي	كۇرىم	92
قانداي	پايداسى	93
قانداي	ادامسىڭ	93
قانداي	جاعىداي	78
قانداي	تاۋىر	91
قانداي	رەڭ	92
قانداي	ەكەنىڭدى	84
قانداي	راحات	80
قانداي	ەكەنىمدى	86
قانداي	كۇيدە	77
قانداي	جاعدايدا	70
قانداي	بولاتىنىن	86
قانداي	سەزىمدە	82
قانداي	كەزدە	79
قانداي	ويناپ	82
قانداي	بولساڭ	91
قانداي	ايەل	84
قانداي	بەت	77
قانداي	كويلەك	89
قانداي	كۇيلەك	91
قانداي	ماسەلە	91
قانداي	ويىڭ	92
قانداي	ماسەلەلەر	84
قانداي	ماسەلەلەرجونىندە	87
شاي	عوي	90
شاي	مەن	89
شاي	دەپ	72
شاي	جوق	89
شاي	ەكەن	74
شاي	بار	69
شاي	الىپ	58
شاي	بولسا	63
شاي	تاماق	85
شاي	بارما	58
شاي	ىش	57
شاي	ىشىپ	40
شاي	قۇتتى	74
شاي	شاي	9
شاي	بەر	86
شاي	بەرىپ	86
شاي	بەرە	26
شاي	بەرەيىن	70
شاي	قويىپ	92
شاي	ءىش	82
شاي	ءىشىپ	71
شاي	بولسادا	14
شاي	بەرەم	88
شاي	ويناپ	60
شاي	بەرەدى	73
شاي	بىردەمە	63
شاي	اقشاسىن	92
شاي	بەرەتىن	79
شاي	بەرەمىن	85
شاي	پۇل	75
شاي	بەرگەن	61
شاي	قۇيىپ	85
شاي	بەردىم	33
شاي	دايىن	82
شاي	شىپ	28
شاي	ىشتى	81
شاي	ىشتىڭبە	92
شاي	جوندەپ	79
شاي	بەرەمىز	41
شاي	ىشەيىك	50
شاي	جۇندەپ	64
شاي	ىشپ	78
شاي	پۇلى	28
شاي	پۇلىن	88
شاي	قايناتىپ	87
شاي	تاماعىن	77
شاي	ىشتىم	76
شاي	ىشەتىن	69
شاي	قۇرىپ	92
شاي	بەرەيىك	85
شاي	ىشكىم	74
شاي	ىشكەن	87
شاي	پۇلدى	91
شاي	بەرپ	76
شاي	ىشەم	42
شاي	ىشكەلى	92
شاي	ارقىلى	67
شاي	ىشەمىز	67
شاي	ىشەيىن	85
شاي	ىشپەي	52
شاي	ويىن	73
شاي	وينايتىن	78
شاي	ءشىپ	74
شاي	تۇز	90
شاي	قۇياتىن	86
شاي	ۇيناپ	87
شاي	ىشكەم	57
شاي	باستالدى	88
شاي	ىشەمىن	89
شاي	بەرگەلى	75
شاي	شەيىك	90
شاي	ىشتىك	76
شاي	شەيىن	77
شاي	ىشىڭدەر	85
شاي	ىشكەندە	84
شاي	پۇلىڭدى	90
شاي	ىشتىڭبا	75
شاي	شتىڭبە	79
شاي	شكەلى	75
شاي	ىشىڭىز	92
شاي	باستايمىن	74
شاي	وينايسىڭبا	71
شاي	قايناتا	75
شاي	وينايتىندار	82
شاي	قايناتايىن	84
شاي	اپارىپ	40
شاي	نان	86
شاي	قاينات	47
بەر	جانىم	85
بەر	سال	26
بەر	مەن	83
بەر	دەپ	31
بەر	جاقسى	18
بەر	بولدى	79
بەر	بىر	55
بەر	سول	70
بەر	نە	82
بەر	سەن	64
بەر	ەندى	70
بەر	وندا	54
بەر	يا	44
بەر	ەرتەڭ	90
بەر	بۇگىن	71
بەر	مەندە	54
بەر	سودان	80
بەر	ماعان	85
بەر	ەكى	61
بەر	مەنى	83
بەر	مەنىڭ	79
بەر	ول	79
بەر	ساعان	87
بەر	دەيدى	91
بەر	تەلەفون	37
بەر	دوسىم	91
بەر	اقشا	92
بەر	دەگەن	65
بەر	بىراق	56
بەر	بولاما	91
بەر	از	59
بەر	انا	90
بەر	تەز	89
بەر	دەسە	76
بەر	دەسەم	77
بەر	شى	77
بەر	بىز	57
بەر	دەيمىن	86
بەر	ەشتەڭە	88
بەر	دەشى	82
بەر	بولماسا	91
بەر	دەدى	85
بەر	دەدىم	71
بەر	دەگەم	56
بەر	دەيىن	78
بەر	قاراي	87
بەر	دەسەڭ	72
بەر	دەپتى	91
بەر	جاعى	91
بەر	جاعىندا	88
بەر	جاعىڭ	89
بەر	تاماق	84
بەر	ۇيگە	90
بەر	تاعى	86
بەر	ازىر	91
بەر	دەدىڭ	71
بەرى	مەن	79
بەرى	جوق	61
بەرى	جاقسى	49
بەرى	بىر	53
بەرى	سول	39
بەرى	نە	79
بەرى	نەعىپ	53
بەرى	بار	67
بەرى	سەن	67
بەرى	كەل	71
بەرى	كەلىپ	44
بەرى	مەندە	65
بەرى	ماعان	79
بەرى	ەكى	73
بەرى	مەنى	64
بەرى	مەنىڭ	69
بەرى	نەگە	79
بەرى	قايدا	64
بەرى	سەنى	58
بەرى	ساعان	69
بەرى	وسى	66
بەرى	تاماق	68
بەرى	ۇيدە	60
بەرى	تەلەفون	63
بەرى	ايتىپ	76
بەرى	ەمەس	54
بەرى	قانشا	77
بەرى	قاربالاس	70
بەرى	كوپ	27
بەرى	بىراز	65
بەرى	از	62
بەرى	كوڭىل	76
بەرى	اۋىرىپ	79
بەرى	كەلە	65
بەرى	قاتتى	76
بەرى	قارا	55
بەرى	قاراپ	76
بەرى	ويلاپ	65
بەرى	جۇرىپ	75
بەرى	باسىم	59
بەرى	نەشە	78
بەرى	قاراي	73
بەرى	تالاي	19
بەرى	قابارلاسا	78
بەرى	شىق	75
بەرى	كەلشى	78
بەرى	قابارسىز	58
بەرى	قاراشى	67
بەرى	شىقشى	74
بەرى	ادام	64
بەرى	ۇش	75
بەرى	سويلەمەي	53
بەرى	تامان	69
بەرىپ	مەن	79
بەرىپ	بولدى	88
بەرىپ	بىر	65
بەرىپ	سول	75
بەرىپ	ەندى	91
بەرىپ	بولىپ	63
بەرىپ	جاتىر	71
بەرىپ	جاتىرسىڭ	33
بەرىپ	قوي	75
بەرىپ	ال	44
بەرىپ	الىپ	78
بەرىپ	كەلىپ	55
بەرىپ	تۇر	87
بەرىپ	سودان	25
بەرىپ	جاتىرمىن	79
بەرىپ	وتىر	71
بەرىپ	وتىرمىن	65
بەرىپ	كەت	40
بەرىپ	كەتتى	77
بەرىپ	بىراق	39
بەرىپ	قويشى	90
بەرىپ	كەتىپ	82
بەرىپ	بەرىپ	86
بەرىپ	ەدى	80
بەرىپ	ازىر	68
بەرىپ	جۇر	66
بەرىپ	قايتا	79
بەرىپ	كەتتىم	83
بەرىپ	كەلدىم	78
بەرىپ	قويدى	67
بەرىپ	قويدىم	86
بەرىپ	تۇرىپ	78
بەرىپ	جاڭا	40
بەرىپ	ەدىم	89
بەرىپ	جۇرمىن	49
بەرىپ	الايىن	78
بەرىپ	بولعان	88
بەرىپ	تۇرمىن	68
بەرىپ	بولدىم	81
بەرىپ	ودان	60
بەرىپ	جاڭە	53
بەرىپ	جاتقان	86
بەرىپ	قويىپ	84
بەرىپ	كەتكەن	82
بەرىپ	جاتىرمىز	45
بەرىپ	جۇرگەن	75
بەرىپ	جۇرسىڭ	70
بەرىپ	ەدىڭ	73
بەرىپ	تۇرعان	71
بەرىپ	قويا	78
بەرىپ	قويايىن	81
بەرىپ	تاستا	57
بەرىپ	تاستاپ	84
بەرىپ	تۇرا	82
بەرىپ	وتىرعان	49
بەرىپ	تۇرشى	67
بەرىپ	قالسا	74
بەرىپ	قويساڭ	83
بەرىپ	تۇرادى	77
بەرىپ	بولدىڭبا	79
بەرىپ	قويعان	89
بەرىپ	تۇرسا	75
بەرىپ	كەتەيىن	83
بەرىپ	قالاما	78
بەرىپ	قالار	89
بەرىپ	تۇرساڭ	63
بەرىپ	قويعام	91
بەرىپ	جاتسا	43
بەرىپ	قويام	78
بەرىپ	جولعا	15
بەرىپ	قالعانىن	73
بەرىپ	جاتىرما	86
بەرىپ	تۇرايىن	86
بەرىپ	جىبەر	51
بەرىپ	تاستادى	62
بەرىپ	تاستادىم	90
بەرىپ	تۇراتىن	51
بەرىپ	تۇرام	63
بەرىپ	تۇرامىن	70
بەرىپ	تۇرسام	71
بەرىپ	تاستايىن	82
بەرىپ	قويىڭىزدار	75
بەرىپ	تاستاعان	72
بەرىپ	تۇراسىڭ	80
بەرىپ	تۇرىڭىز	88
بەرىپ	تاستاعام	69
بەرىپ	جاتقانىڭا	91
بەرىپ	جىبەرەيىن	75
بەرىپ	جىبەرشى	86
بەرىپ	جىبەردىم	74
بەرىپ	تۇرىڭىزشى	56
بەرىپ	ەتتىم	83
بەرىپ	ەتەيىن	74
بەرىپ	قويساڭىزدار	83
بەرىپ	جبەر	68
بەرىپ	تۇراسىڭبا	67
بەرىپ	ەتشى	86
بەرىپ	تۇرساڭىز	61
بەرىپ	تۇراما	82
بەرىپ	جىبەرەم	61
بەرىپ	جىبەرەتىن	86
بەرىپ	جىبەرسەڭ	89
بەرىپ	ەتسەڭ	86
بەرىپ	جىبەرىڭىز	87
بەرىپ	جىبەرىپتى	87
بەرىپ	تۇراسىزبا	84
بەرىپ	تۇرساڭشى	90
بەرىپ	جبەرەيىن	87
بەرىپ	تۇرار	90
بەرىپ	تۇرمايسىڭبا	66
بەرىپ	تۇراسڭبا	84
بەرىپ	تۇرڭىزشى	90
بەرىپ	قويساڭىز	55
بەرىپ	قويڭىز	39
امانسىڭ	جانىم	97
امانسىڭ	مەن	22
امانسىڭ	جاقسى	41
امانسىڭ	نەعىپ	48
امانسىڭ	سودان	41
امانسىڭ	دوسىم	51
امانسىڭ	امان	35
امانسىڭ	قايىرلى	45
امانسىڭبا	جانىم	22
امانسىڭبا	مەن	17
امانسىڭبا	جوق	58
امانسىڭبا	جاقسى	87
امانسىڭبا	نە	68
امانسىڭبا	نەعىپ	75
امانسىڭبا	سەن	20
امانسىڭبا	راحىمەت	88
امانسىڭبا	ماقۇل	92
امانسىڭبا	كەلىپ	88
امانسىڭبا	يا	72
امانسىڭبا	ەرتەڭ	93
امانسىڭبا	بۇگىن	88
امانسىڭبا	سودان	89
امانسىڭبا	ماعان	83
امانسىڭبا	مەنىڭ	94
امانسىڭبا	قايىرلى	55
امانسىڭبا	نەگە	92
امانسىڭبا	قايدا	92
امانسىڭبا	قال	27
امانسىڭبا	ۇيدە	95
امانسىڭبا	تەلەفون	68
امانسىڭبا	بىرگە	77
امانسىڭبا	دوسىم	92
امانسىڭبا	امان	75
امانسىڭبا	امانشىلىق	45
امانسىڭبا	وي	86
امانسىڭبا	مىنا	94
امانسىڭبا	كەش	90
امانسىڭبا	قايداسىڭ	97
امانسىڭبا	بارسىڭبا	69
امانسىڭبا	سونىمەن	67
امانسىڭبا	اينالايىن	97
امانسىڭبا	ايتىڭ	94
امانسىڭبا	الگى	75
امانسىڭبا	قالىڭ	81
امانسىڭبا	دەنساۋلىق	89
امانسىڭبا	سومەن	97
امانسىڭبا	بالام	78
امانسىڭبا	دەنساۋلىعىڭ	51
امانسىڭبا	باۋىرىم	18
امانسىڭبا	جاعداي	95
امانسىڭبا	قۇدا	50
امانسىڭبا	كەلىن	75
امانسىڭبا	ساباقتاس	94
امانسىڭبا	سىڭىلىم	92
امانسىڭبا	قۇداشا	73
امانسىڭبا	قارىنداسىم	89
امانسىڭبا	قاي	83
امانسىڭبا	مەنى	73
امانسىڭبا	توي	23
امانسىڭبا	قاربالاس	88
امانسىڭبا	كەشە	96
امانسىڭبا	جەجە	81
امانسىڭبا	مىناۋ	98
امانسىڭبا	بارمىن	94
ەدى	عوي	89
ەدى	جانىم	12
ەدى	مەن	42
ەدى	دەپ	70
ەدى	جوق	61
ەدى	جاقسى	43
ەدى	بولدى	84
ەدى	بىر	93
ەدى	سول	59
ەدى	نە	86
ەدى	بار	49
ەدى	سەن	81
ەدى	ەندى	70
ەدى	قوي	57
ەدى	الى	67
ەدى	الىپ	80
ەدى	يا	86
ەدى	ەرتەڭ	69
ەدى	بۇگىن	74
ەدى	مەندە	79
ەدى	سودان	89
ەدى	ماعان	61
ەدى	ەكى	81
ەدى	مەنى	91
ەدى	مەنىڭ	89
ەدى	ول	87
ەدى	قايدا	79
ەدى	سەنى	79
ەدى	ساعان	62
ەدى	وسى	80
ەدى	دەيدى	71
ەدى	تەلەفون	78
ەدى	دوسىم	80
ەدى	اقشا	87
ەدى	يە	84
ەدى	ونى	66
ەدى	بىراق	91
ەدى	تاعى	89
ەدى	بىراز	92
ەدى	مىنا	94
ەدى	سەنىڭ	87
ەدى	ازىر	81
ەدى	كەشە	91
ەدى	قايتا	81
ەدى	انا	84
ەدى	وعان	89
ەدى	سونى	54
ەدى	ۇيات	91
ەدى	قازىر	48
ەدى	سوعان	94
ەدى	سۇراپ	48
ەدى	امال	91
ەدى	ءالى	75
ەدى	شىركىن	91
ەدى	ۇمىتىپ	81
ەدى	عۇي	79
ەدى	بەرمەي	87
ەدى	سونىڭ	93
ەدى	اسىلى	94
ەدى	تاڭەرتەڭ	90
ەدى	قيىن	91
ەدى	ۇمتىپ	88
ەدى	ءاسىلى	85
باس	دەپ	92
باس	بار	79
باس	بولىپ	79
باس	امان	60
باس	دەگەن	67
باس	قانداي	16
باس	الماي	81
باس	دەسە	79
باس	اۋىرىپ	70
باس	قاتتى	26
باس	سالىپ	21
باس	قوسىپ	72
باس	جۋىپ	78
باس	جاققا	69
باس	دارى	51
باس	ارتىق	72
باس	اياق	68
باس	بوس	77
باس	جاقتا	69
باس	اۋرىپ	61
باس	كوز	76
باس	قاتىپ	69
باس	جاعى	64
باس	كۇز	70
باس	اۇىرىپ	49
باس	اياعى	74
باس	جاعىن	40
باس	اۋىرۋ	80
باس	اۋىرتىپ	41
باس	اۋىرادى	65
باس	اياعىن	63
باس	اۋرۋ	76
باس	قوسقان	53
باس	جاقتاعى	17
باس	اۋىردى	66
باس	جۋاتىن	81
باس	جاعىندا	75
باس	قوسۋ	81
باس	قوساتىن	81
باس	قۇراپ	81
باس	قاتىرىپ	66
باس	قوسقاندا	43
باس	قوسۋعا	60
باس	قوسايىق	69
باس	جاعىنداعى	43
باس	قوسامىز	62
باس	پانا	79
باس	اۇىرۇ	61
باس	اۋىرۋدىڭ	81
باس	قوسساق	46
باس	اۋىرتاتىن	68
باس	سيراق	61
باس	قوسۋدا	55
باس	قوسۋى	81
باس	قوسۋدى	57
باس	قوسۋدان	67
باس	قوسۋىنا	82
باس	مال	57
باس	اينالىپ	60
باس	قوسا	75
باس	ۇرايىن	68
باس	قوسپ	19
باس	القا	63
باس	قوسادى	57
باس	قوسقالى	70
باس	قوستىق	82
باس	قوسۋلار	65
باس	قوسۋلارىڭ	81
باس	قوسۋدىڭ	69
باس	قوسۇ	75
باس	قوسۇعا	80
باس	قوسىۋ	81
باسقا	جان	79
باسقا	مەن	84
باسقا	جوق	81
باسقا	جاقسى	53
باسقا	بىر	76
باسقا	نە	41
باسقا	ادام	22
باسقا	بولسا	19
باسقا	ماعان	85
باسقا	قاي	92
باسقا	قايدا	86
باسقا	ساعان	69
باسقا	تاماق	88
باسقا	ۇي	35
باسقا	ۇيدە	73
باسقا	ۇيگە	78
باسقا	تەلەفون	69
باسقا	كىم	92
باسقا	اقشا	77
باسقا	كۇنى	65
باسقا	ەمەس	89
باسقا	بارما	88
باسقا	تاعى	35
باسقا	وي	77
باسقا	كوپ	84
باسقا	قانداي	81
باسقا	ىس	65
باسقا	جول	91
باسقا	جۇمىس	90
باسقا	كەرەك	90
باسقا	كەزدە	82
باسقا	بالا	39
باسقا	تۇرى	89
باسقا	ەش	61
باسقا	ەشتەڭە	72
باسقا	جەر	56
باسقا	جەردە	61
باسقا	ماشينا	63
باسقا	قىز	56
باسقا	بىرەۋ	41
باسقا	ءبىر	37
باسقا	جەرگە	86
باسقا	قىزدار	92
باسقا	امال	22
باسقا	باراتىن	91
باسقا	اڭگىمە	39
باسقا	نارسە	53
باسقا	بىردەمە	54
باسقا	جاققا	71
باسقا	ارتىق	73
باسقا	بالالار	40
باسقا	جەردەن	91
باسقا	جىگىت	81
باسقا	كىسىلەر	72
باسقا	ەل	69
باسقا	قاتىن	83
باسقا	كولىك	59
باسقا	ايەل	27
باسقا	سوز	66
باسقا	ەشكىم	86
باسقا	ەلدىڭ	71
باسقا	ەشتەمە	72
باسقا	ادامدى	72
باسقا	سۇز	92
باسقا	جاقتا	51
باسقا	ادامعا	93
باسقا	بىردەڭە	61
باسقا	ادامنىڭ	92
باسقا	جوقپا	85
باسقا	ەلگە	80
باسقا	شۇنگە	81
باسقا	جۇمس	81
باسقا	جىگىتتەر	86
باسقا	ادامدار	71
باسقا	جەرى	68
باسقا	كىمگە	78
باسقا	توپقا	94
باسقا	ۋاقىتتا	84
باسقا	ەركەك	93
باسقا	جاقتان	82
باسقا	بىرەۋگە	82
باسقا	كىمدى	74
باسقا	ەشكىمگە	47
باسقا	جەرىڭ	56
باسقا	بىرەۋدى	92
باسقا	بىرەۋدىڭ	61
باسقا	ىشتەمە	93
باسقا	شارۋا	93
باسقا	جەرىم	86
باسقا	ايتار	88
باسقا	ايتارىڭ	91
باسقا	سالعان	69
باسقا	قىزعا	74
باسقا	راسىم	92
باسقا	بىرەۇ	92
باسقا	ىشكىم	73
باسقا	جاعىن	53
باسقا	ەشقانداي	92
باسقا	ويىم	80
باسقا	اڭگمە	92
باسقا	ۋاقتا	88
باسقا	بىرەۋدەن	51
باسقا	كاسىپ	83
باسقا	ايتارىم	75
باسقا	ۋاقتتا	83
باسقا	جاقا	61
باسقا	تۇكتە	74
باسقا	امالىم	91
باسقا	ماشينامەن	82
باسقا	بىرەۋمەن	91
باسقا	رەڭ	86
باسقا	ادامىڭ	94
باسقا	قىزدارعا	93
باسقا	نەدەيمىن	85
باسقا	رەڭى	91
باسقا	ەشكىمدى	74
باسقا	ەشكمگە	65
باسقا	بىرەۇگە	93
باسقا	ەشكىممەن	92
باسقا	توپتارعا	92
باسقا	كىمىم	90
باسقا	سالعانىن	71
باسقا	بىلەرىڭ	89
باسقا	توي	65
باسقا	قايسى	45
باسقا	دوستار	78
باسقا	تۇك	69
باسقا	ساباقتاستار	87
باسقا	توپ	85
باسقا	كۇلىك	86
باسقا	نى	81
باسقا	ماشيناعا	80
باسقا	جەردى	92
باسقا	جەركە	89
باسقا	اداممەن	92
باسقا	كىمدەر	93
باسقا	ەشكىمنىڭ	74
باسقا	تالابىم	90
باسقا	ەشكىمىم	75
سەنىڭ	جانىم	86
سەنىڭ	مەن	85
سەنىڭ	جاقسى	87
سەنىڭ	بىر	62
سەنىڭ	سول	46
سەنىڭ	نە	81
سەنىڭ	نەعىپ	60
سەنىڭ	بار	73
سەنىڭ	ەندى	92
سەنىڭ	ادام	93
سەنىڭ	ماعان	87
سەنىڭ	ەكى	48
سەنىڭ	مەنى	83
سەنىڭ	مەنىڭ	64
سەنىڭ	قاي	77
سەنىڭ	قايدا	77
سەنىڭ	وسى	88
سەنىڭ	تەلەفون	58
سەنىڭ	وت	76
سەنىڭ	اق	88
سەنىڭ	ۇزىڭ	94
سەنىڭ	مىنا	86
سەنىڭ	قانداي	82
سەنىڭ	باسقا	67
سەنىڭ	انا	86
سەنىڭ	وزىڭ	80
سەنىڭ	كوڭىل	91
سەنىڭ	ايتقان	94
سەنىڭ	ايتقانىڭ	76
سەنىڭ	عانا	81
سەنىڭ	تۋىلعان	93
سەنىڭ	ەڭ	92
سەنىڭ	الگى	88
سەنىڭ	ونداي	46
سەنىڭ	اكە	74
سەنىڭ	بارلىق	94
سەنىڭ	كۇڭىل	80
سەنىڭ	وسىنداي	86
سەنىڭ	ۇيقىڭ	89
سەنىڭ	تۋعان	83
سەنىڭ	شالىڭ	58
سەنىڭ	باسىڭ	92
سەنىڭ	اعاڭ	36
سەنىڭ	قاسىڭدا	77
سەنىڭ	تاماعىڭدى	93
سەنىڭ	قولىڭ	90
سەنىڭ	بالاڭ	69
سەنىڭ	اقشاڭ	53
سەنىڭ	اقشاڭدى	74
سەنىڭ	ۇيىڭ	65
سەنىڭ	ۇيىڭە	60
سەنىڭ	جانىڭ	54
سەنىڭ	ۇيڭە	48
سەنىڭ	ويىڭ	58
سەنىڭ	دوسىڭ	72
سەنىڭ	ۋاقىتىڭ	64
سەنىڭ	اكەڭ	80
سەنىڭ	اتىڭ	57
سەنىڭ	سوزىڭ	66
سەنىڭ	الدىڭدا	68
سەنىڭ	ىسىڭ	87
سەنىڭ	جانىڭدا	87
سەنىڭ	باسىڭدى	51
سەنىڭ	قىزىڭ	77
سەنىڭ	جىگىتىڭ	66
سەنىڭ	سۇزىڭ	86
سەنىڭ	شەشەڭ	79
سەنىڭ	نومىرىڭدى	73
سەنىڭ	قاسىڭا	80
سەنىڭ	نۇمىرىڭدى	90
سەنىڭ	جاعدايىڭ	68
سەنىڭ	جۇمىسىڭ	70
سەنىڭ	جۇرەگىڭ	65
سەنىڭ	سوزىڭدى	83
سەنىڭ	ايەلىڭ	61
سەنىڭ	سۇزىڭدى	62
سەنىڭ	جانىڭا	78
سەنىڭ	ۋاقتىڭ	84
سەنىڭ	مازاڭدى	85
سەنىڭ	قاتىنىڭ	91
سەنىڭ	بايىڭ	86
سەنىڭ	ۇلىڭ	76
سەنىڭ	كوزىڭ	90
سەنىڭ	ادامىڭ	91
سەنىڭ	داۋسىڭ	79
سەنىڭ	جۇمسىڭ	72
سەنىڭ	بەتىڭ	92
سەنىڭ	باسىڭا	89
سەنىڭ	تەلەفونىڭ	79
سەنىڭ	قاسڭدا	89
سەنىڭ	كوڭىلىڭ	83
سەنىڭ	ايۋىڭ	81
سەنىڭ	كۇيەۋىڭ	94
سەنىڭ	ماشيناڭ	68
سەنىڭ	قولىڭنان	94
سەنىڭ	ۇيىڭدە	78
سەنىڭ	تەلەفونىڭدى	83
سەنىڭ	اتىڭدى	81
سەنىڭ	قولىڭا	84
سەنىڭ	ۇيشىڭدى	91
سەنىڭ	اۋزىڭنان	74
سەنىڭ	ميىڭ	75
سەنىڭ	جۇرەگىڭدى	91
سەنىڭ	بەتىڭدى	73
سەنىڭ	كۇڭىلىڭ	89
سەنىڭ	بىراۋىز	80
سەنىڭ	تىلىڭدى	81
سەنىڭ	قاسڭا	69
سەنىڭ	كوڭىلىڭدى	90
سەنىڭ	قىلعىڭ	82
سەنىڭ	ارتىڭنان	86
سەنىڭ	قىلىعىڭ	85
سەنىڭ	سوزىڭە	82
سەنىڭ	ۇيڭدە	81
سەنىڭ	بەتىڭە	92
سەنىڭ	سەزىمىڭ	88
سەنىڭ	ايتقانىڭدى	94
سەنىڭ	سۇزىڭە	82
سەنىڭ	ويىڭدى	90
سەنىڭ	قوينىڭا	87
سەنىڭ	كوزىڭە	81
سەنىڭ	قولىڭدا	92
سەنىڭ	ورنىڭ	84
سەنىڭ	ورنىڭدى	71
سەنىڭ	قادىرىڭدى	89
سەنىڭ	ويىڭدا	89
سەنىڭ	ۇيىڭنىڭ	80
سەنىڭ	كۇڭىلىڭدى	87
سەنىڭ	اتىڭدا	87
سەنىڭ	جولىڭدى	86
سەنىڭ	مىنەزىڭ	85
سەنىڭ	ورنىڭا	86
سەنىڭ	كۇزىڭە	88
سەنىڭ	جاعدايىڭدى	89
سەنىڭ	قاسىڭنان	93
سەنىڭ	ايتۋىڭ	86
سەنىڭ	ارقاڭ	92
سەنىڭ	جۇرەگىڭدە	91
سەنىڭ	ساباقتاسىڭ	88
سەنىڭ	ارقاڭدا	76
سەنىڭ	كوڭىلىڭدە	85
سەنىڭ	تەڭىڭ	87
سەنىڭ	ورنىڭدا	71
سەنىڭ	قامىڭدى	84
سەنىڭ	نازارىڭدا	89
سەنىڭ	قاشان	92
سەنىڭ	ۇز	93
سەنىڭ	شىن	87
سەنىڭ	دەنساۋلىعىڭ	90
سەنىڭ	بۇيتىپ	59
سەنىڭ	بالاڭدى	90
سەنىڭ	راسىمىڭدى	78
سەنىڭ	كۇزىڭ	76
سەنىڭ	تويىڭ	75
سەنىڭ	داۋسىڭدى	80
سەنىڭ	تويىڭا	88
سەنىڭ	ارمانىڭ	66
سەنىڭ	داۋىسىڭدى	90
سەنىڭ	تويىڭدا	67
كەش	جانىم	86
كەش	مەن	45
كەش	دەپ	84
كەش	بولسىن	55
كەش	جاقسى	81
كەش	بولدى	78
كەش	نەعىپ	75
كەش	بولىپ	74
كەش	ەرتەڭ	47
كەش	بولسا	87
كەش	سودان	90
كەش	ەكى	71
كەش	بولادى	75
كەش	دوسىم	80
كەش	امان	49
كەش	امانشىلىق	79
كەش	ەمەس	84
كەش	امانسىڭبا	84
كەش	كەش	85
كەش	بوپ	8
كەش	كوڭىلدى	30
كەش	سونىمەن	78
كەش	قىزدار	81
كەش	بولسادا	86
كەش	امانسىزبا	78
كەش	بارلىق	72
كەش	كۇڭىلدى	90
كەش	دوستار	82
كەش	جاقىن	90
كەش	جارىق	71
كەش	كەشكى	60
كەش	ساباقتاستار	36
كەش	جارق	89
كەش	كەشىڭ	85
كەش	باتىپ	86
كەش	كەدەيىن	67
كەش	كۇڭلدى	75
كەش	كوڭلدى	77
كەش	باتا	81
كەش	باتقانشا	76
كەش	باتتى	33
كەش	باتادى	60
كەش	باتقاندا	79
كەش	توي	77
كەش	تاڭەرتەڭ	60
كەش	سۋىق	10
كەش	بولعاندا	85
كەشتە	مەن	92
كەشتە	دەپ	85
كەشتە	جوق	52
كەشتە	بولسىن	81
كەشتە	بىر	87
كەشتە	سول	36
كەشتە	نە	78
كەشتە	بار	54
كەشتە	سەن	48
كەشتە	الىپ	75
كەشتە	كەل	62
كەشتە	كەلىپ	52
كەشتە	ەرتە	88
كەشتە	ادام	44
كەشتە	بولسا	66
كەشتە	مەندە	81
كەشتە	ماعان	39
كەشتە	بارىپ	75
كەشتە	ەكى	83
كەشتە	مەنى	58
كەشتە	مەنىڭ	81
كەشتە	قاي	74
كەشتە	قايدا	71
كەشتە	سەنى	88
كەشتە	ساعان	93
كەشتە	وسى	84
كەشتە	تاماق	89
كەشتە	قالاي	76
كەشتە	ۇيدە	93
كەشتە	ۇيگە	73
كەشتە	تەلەفون	49
كەشتە	ايتىپ	43
كەشتە	بىرگە	84
كەشتە	بىراق	51
كەشتە	تاعى	82
كەشتە	كەتىپ	51
كەشتە	بىراز	86
كەشتە	شاي	89
كەشتە	باس	60
كەشتە	بولاما	47
كەشتە	قايتا	66
كەشتە	انا	75
كەشتە	قايتىپ	68
كەشتە	جولداپ	54
كەشتە	اتىپ	81
كەشتە	بەرەيىن	59
كەشتە	كەلدى	92
كەشتە	كەلدىم	88
كەشتە	شىعا	77
كەشتە	شىعىپ	66
كەشتە	الايىن	89
كەشتە	بارا	65
كەشتە	بارام	81
كەشتە	كەلە	49
كەشتە	قابارلاس	83
كەشتە	عانا	85
كەشتە	ۋاقىت	80
كەشتە	اپارىپ	56
كەشتە	كەلەدى	68
كەشتە	ساعات	40
كەشتە	توي	89
كەشتە	جاي	61
كەشتە	كەپ	89
كەشتە	ءبىر	45
كەشتە	بارايىن	65
كەشتە	بولماسا	70
كەشتە	بولسادا	47
كەشتە	باراتىن	79
كەشتە	بەرەم	91
كەشتە	بارامىن	82
كەشتە	ارەڭ	87
كەشتە	بىزدىڭ	89
كەشتە	ەرتەرەك	78
كەشتە	سۇت	91
كەشتە	بارامىز	64
كەشتە	بارعاندا	93
كەشتە	كەلگەندە	79
كەشتە	بەرەمىن	79
كەشتە	اۋدانعا	93
كەشتە	قايتارىپ	68
كەشتە	كورەيىن	87
كەشتە	كەلەتىن	90
كەشتە	بارسام	71
كەشتە	قوناق	85
كەشتە	قولايلى	68
كەشتە	بارايىق	88
كەشتە	قايتام	76
كەشتە	كەلسەڭ	91
كەشتە	قابارلاسايىن	72
كەشتە	شىق	90
كەشتە	كەلىڭدەر	65
كەشتە	قايتاتىن	43
كەشتە	كەلەم	89
كەشتە	وراي	76
كەشتە	كەلەسىڭبە	81
كەشتە	تويعا	63
كەشتە	باراسىڭبا	89
كەشتە	وتىرايىق	86
كەشتە	ىشەيىك	74
كەشتە	قولىڭ	76
كەشتە	كورەيىك	88
كەشتە	جۇمىستان	90
كەشتە	بارايىنبا	83
كەشتە	قايتامىن	74
كەشتە	نەشەدە	92
كەشتە	ىستەن	86
كەشتە	كەزىگەيىك	76
كەشتە	شىعامىن	77
كەشتە	قايتامىز	52
كەشتە	كەلەمىن	72
كەشتە	ۋاقىتىڭ	92
كەشتە	سويلەيىن	91
كەشتە	جوزى	81
كەشتە	بارامبا	87
كەشتە	تۇسەم	84
كەشتە	قانشادا	89
كەشتە	قابارلاسايىق	93
كەشتە	سۇيلەيىن	85
كەشتە	شىعاسىڭبا	89
كەشتە	ۋاقتىڭ	83
كەشتە	قايتاسىڭبا	92
كەشتە	جايىراق	77
كەشتە	كەزگەيىك	93
كەشتە	عوي	67
كەشتە	ەكەن	80
كەشتە	ول	87
كەشتە	كىم	80
كەشتە	تۇسىپ	85
كەشتە	بولاتىن	86
كەشتە	تاۋعا	66
كەشتە	شعىپ	92
كەشتە	اكەپ	81
كەشتە	جانە	85
كەشتە	كەلدىك	78
كەشتە	جۇمىسقا	72
كەشتە	اڭگىمەلەسەيىك	93
كەشتە	جولىعايىق	92
بولام	عوي	86
بولام	جانىم	16
بولام	دەپ	30
بولام	دەسەڭ	41
بولام	اتىم	37
بولام	دەشى	16
بولاما	جان	22
بولاما	جانىم	90
بولاما	مەن	12
بولاما	دەپ	67
بولاما	جوق	54
بولاما	جاقسى	39
بولاما	ەكەن	93
بولاما	بىر	29
بولاما	نە	72
بولاما	سەن	93
بولاما	ەندى	77
بولاما	وندا	96
بولاما	ەرتەڭ	89
بولاما	بۇگىن	76
بولاما	مەندە	84
بولاما	ماعان	85
بولاما	مەنى	81
بولاما	سەنى	92
بولاما	ساعان	82
بولاما	وسى	96
بولاما	دەيدى	91
بولاما	دوسىم	92
بولاما	بىراز	54
بولاما	سوندا	94
بولاما	اعا	95
بولاما	دەسەم	84
بولاما	ۇيات	95
بولاما	دەيمىن	95
بولاما	جەجە	81
بولاما	تاتتىم	92
بولاما	بولمايما	94
بولاما	دەگەنىم	95
بولاما	جالىنايىن	88
بولاما	راحىمەت	83
بولاما	مەنىڭ	85
بولاما	قالاي	86
بولاما	تەز	82
بولاما	كەرەك	92
بولاما	قاتتى	94
بولاما	اينالايىن	80
بولاما	رەنجىمە	54
بولاما	رەنجىمەي	84
راس	عوي	88
راس	جانىم	72
راس	مەن	27
راس	دەپ	67
راس	جوق	54
راس	بولسىن	77
راس	جاقسى	87
راس	بولدى	47
راس	ەكەن	85
راس	بىر	48
راس	سول	59
راس	نە	92
راس	بار	55
راس	سەن	87
راس	ەندى	59
راس	قوي	72
راس	يا	18
راس	ەرتەڭ	88
راس	ادام	88
راس	بولسا	84
راس	بۇگىن	53
راس	مەندە	80
راس	ماعان	77
راس	مەنى	85
راس	مەنىڭ	78
راس	ول	59
راس	سەنى	85
راس	ساعان	80
راس	وسى	72
راس	ايت	82
راس	ايتىپ	73
راس	دوسىم	47
راس	اقشا	88
راس	ونى	74
راس	بىراق	87
راس	قاربالاس	90
راس	نەدەگەن	92
راس	سەنىڭ	90
راس	كەشە	84
راس	پا	92
راس	اۋ	60
راس	شىعار	90
راس	ۇيات	84
راس	قاتتى	93
راس	قيىن	44
راس	ەي	59
راس	جامان	70
راس	ايتام	88
راس	شارشاپ	81
راس	شىن	11
راس	سونداي	75
راس	سۇيتىپ	89
راس	الگى	60
راس	ساعىنىپ	81
راس	ايتشى	82
راس	سولاي	71
راس	وڭاي	84
راس	جىندى	80
راس	ساعىندىم	90
راس	ەرەكشە	87
راس	رەنجىپ	87
راس	ايتاسىڭ	90
راس	قىزىق	16
راس	ايتامىن	52
راس	شارشادىم	91
راس	ايتاسىڭبا	93
راس	توي	83
راس	كەتىپ	92
راس	انا	89
راس	بارام	70
راس	كەلەسىڭبە	92
از	عوي	76
از	دەپ	54
از	بولسىن	35
از	بولدى	66
از	ەكەن	86
از	بار	83
از	بولىپ	74
از	كەلىپ	30
از	ادام	79
از	بولسا	66
از	بولادى	48
از	دەيدى	80
از	كۇن	73
از	قالدى	39
از	اقشا	64
از	ەمەس	16
از	قاربالاس	47
از	ىش	63
از	ىشىپ	38
از	از	68
از	ۇيقتاپ	46
از	جۇمىس	30
از	بوپ	80
از	قالدىم	76
از	اۋىرىپ	57
از	كور	78
از	تۇرىپ	86
از	عانا	69
از	بولعان	37
از	ۋاقىت	84
از	كۇندە	39
از	قالعان	35
از	جە	13
از	جەر	77
از	بولسادا	82
از	اڭگىمە	60
از	نارسە	75
از	توسىپ	18
از	اقشانى	61
از	وتىرىپ	76
از	قالىپ	62
از	قالىپتى	74
از	تۇرا	79
از	پۇل	75
از	قانا	75
از	قالپتى	83
از	جاۋىپ	66
از	كۇننەن	47
از	قالدىق	68
از	بولعاندا	57
از	دەگەندە	83
از	كۇندىك	87
از	ۋاقىتتا	70
از	قاپتى	69
از	بولۋ	54
از	ۇاقىت	70
از	ازدان	61
از	توسا	79
از	قالعاندا	74
از	تۇرپ	86
از	بولعانداي	78
از	ومىردە	75
از	ۇمىردە	67
از	ۋاقىتتىق	76
از	ءىش	74
از	جەرى	58
از	جاۋدى	76
از	عازنتاي	76
ازىر	عوي	83
ازىر	جانىم	89
ازىر	مەن	91
ازىر	جوق	60
ازىر	جاقسى	54
ازىر	بىر	62
ازىر	سول	51
ازىر	نە	80
ازىر	نەعىپ	69
ازىر	بار	62
ازىر	سەن	52
ازىر	ەندى	75
ازىر	الىپ	90
ازىر	كەل	71
ازىر	كەلىپ	75
ازىر	ەرتە	70
ازىر	ادام	56
ازىر	مەندە	74
ازىر	ماعان	49
ازىر	بارى	77
ازىر	بارىپ	72
ازىر	ەكى	73
ازىر	مەنى	58
ازىر	مەنىڭ	90
ازىر	قاي	79
ازىر	ول	90
ازىر	قايدا	83
ازىر	سەنى	86
ازىر	ساعان	81
ازىر	وسى	79
ازىر	تاماق	87
ازىر	ۇيدە	61
ازىر	ۇيگە	66
ازىر	تەلەفون	60
ازىر	ايتىپ	49
ازىر	كۇن	63
ازىر	كەتتى	83
ازىر	اق	69
ازىر	اقشا	91
ازىر	ەمەس	83
ازىر	قانشا	78
ازىر	قاربالاس	60
ازىر	ىشىپ	86
ازىر	تاعى	89
ازىر	كوپ	71
ازىر	بىراز	91
ازىر	قانداي	61
ازىر	شاي	89
ازىر	قايتا	75
ازىر	ۇيقتاپ	90
ازىر	قايتىپ	65
ازىر	جولداپ	80
ازىر	الدىم	38
ازىر	جۇمىس	85
ازىر	اتىپ	84
ازىر	كەرەك	88
ازىر	كەلدى	78
ازىر	كەلدىم	52
ازىر	شىعىپ	17
ازىر	قايداسىڭ	80
ازىر	كورىپ	75
ازىر	تۇرىپ	72
ازىر	بارا	71
ازىر	بارام	83
ازىر	كەلە	37
ازىر	عانا	87
ازىر	ۋاقىت	84
ازىر	تۇسىپ	85
ازىر	بولدىم	91
ازىر	اپارىپ	82
ازىر	كەلەدى	82
ازىر	جاي	78
ازىر	كەپ	65
ازىر	بارايىن	41
ازىر	كۇرىپ	60
ازىر	بارامىن	90
ازىر	ونداي	91
ازىر	ارەڭ	86
ازىر	بارامىز	69
ازىر	بارعاندا	79
ازىر	قولايسىز	90
ازىر	جاعداي	47
ازىر	بارسام	92
ازىر	بولدىق	75
ازىر	كەلدىك	76
ازىر	قايتام	88
ازىر	دەرەۋ	93
ازىر	شىقتىم	87
ازىر	جاتتىم	39
ازىر	كەلەم	71
ازىر	جۇرەتىن	87
ازىر	تۇردىم	86
ازىر	كوردىم	87
ازىر	جولعا	77
ازىر	جۇرەدى	69
ازىر	قولىم	75
ازىر	كۇردىم	61
ازىر	تۇستىم	92
ازىر	كىردىم	56
ازىر	وياندىم	89
ازىر	اشتىم	69
ازىر	بوسادىم	78
ازىر	توي	91
ازىر	كەتىپ	76
ازىر	مىنا	91
ازىر	اۋدانعا	75
ازىر	ەستىپ	79
ازىر	بارايىنبا	86
ازىر	قاندايسىڭ	86
ىس	جوق	86
ىس	بولدى	17
ىس	ەكەن	33
ىس	بار	40
ىس	بولىپ	39
ىس	قوي	44
ىس	بولسا	26
ىس	ەمەس	25
ىس	بولسادا	30
ىس	ىلگەرى	49
ىس	تۇسكەندە	16
ىس	وتتى	36
ىس	ىلكەرى	47
ىس	ورىن	23
ىستە	جانىم	15
ىستە	مەن	19
ىستە	دەپ	41
ىستە	وندا	19
ىستە	دەيدى	40
ىستە	شارشاپ	37
ىستەپ	بىر	38
ىستەپ	سول	75
ىستەپ	نە	87
ىستەپ	ەندى	75
ىستەپ	بولىپ	76
ىستەپ	جاتىر	72
ىستەپ	جاتىرسى	18
ىستەپ	جاتىرسىڭ	81
ىستەپ	قوي	11
ىستەپ	ال	80
ىستەپ	الىپ	43
ىستەپ	كەلىپ	67
ىستەپ	تۇر	91
ىستەپ	جاتىرمى	69
ىستەپ	جاتىرمىن	83
ىستەپ	وتىر	60
ىستەپ	وتىرمىن	83
ىستەپ	كەتتى	13
ىستەپ	اقشا	86
ىستەپ	قاربالاس	60
ىستەپ	ىشىپ	69
ىستەپ	كەتىپ	64
ىستەپ	بەر	60
ىستەپ	بەرىپ	69
ىستەپ	ازىر	45
ىستەپ	جۇر	53
ىستەپ	كەتتىم	92
ىستەپ	بەرە	90
ىستەپ	بەرەيىن	70
ىستەپ	كەلدىم	60
ىستەپ	قويدىم	43
ىستەپ	جاڭا	78
ىستەپ	ەدىم	75
ىستەپ	جۇرمىن	64
ىستەپ	الايىن	84
ىستەپ	بولدىم	71
ىستەپ	كەتتىڭ	91
ىستەپ	جاڭە	33
ىستەپ	جاتقان	71
ىستەپ	قويىپ	88
ىستەپ	كەتكەن	84
ىستەپ	شارشاپ	46
ىستەپ	جاتىرمىز	79
ىستەپ	جۇرە	69
ىستەپ	جۇرگەن	67
ىستەپ	بەرەم	76
ىستەپ	جۇرىپ	48
ىستەپ	جۇرسىڭ	47
ىستەپ	بەرەدى	86
ىستەپ	تۇرعان	77
ىستەپ	قويايىن	83
ىستەپ	تاستاپ	88
ىستەپ	وتىرسىڭ	82
ىستەپ	جاتىرسىز	76
ىستەپ	بەرەتىن	86
ىستەپ	بەرەمىن	37
ىستەپ	وتىرعان	82
ىستەپ	بەرسەڭ	78
ىستەپ	بەردىم	59
ىستەپ	كەتەم	91
ىستەپ	جاتسىڭ	86
ىستەپ	كەتسە	32
ىستەپ	جاتىرسىڭبا	85
ىستەپ	بولدىڭبا	87
ىستەپ	جۇرمە	92
ىستەپ	كەتەيىن	87
ىستەپ	جاتىرسىڭدار	87
ىستەپ	جاتىرسىڭدارما	72
ىستەپ	الايىق	81
ىستەپ	جاتىرما	90
ىستەپ	جۇرسەڭ	90
ىستەپ	جاتسام	79
ىستەپ	جۇرگەندە	90
ىستەپ	جاتر	69
ىستەپ	جۇرمىز	60
ىستەپ	جۇرسىڭبە	75
ىستەپ	كەتسەڭ	88
ىستەپ	جاترمىن	89
ىستەپ	جاتقام	91
ىستەپ	كەتسەم	61
ىستەپ	جاتقاندا	68
ىستەپ	السىن	84
ىستەپ	كەتتىڭبە	83
ىستەپ	جاتساڭ	92
ىستەپ	جاتىرىم	91
ىستەپ	جاتسىڭبا	92
ىستەپ	جاتىرسڭبا	68
ىستەپ	جاتىرسىزبا	77
ىستەپ	جاتىپ	53
ىستەپ	جۇرگەم	88
ىستەپ	جاتقامىن	78
جۇر	عوي	91
جۇر	جانىم	15
جۇر	مەن	25
جۇر	دەپ	57
جۇر	جاقسى	23
جۇر	بولدى	76
جۇر	ەكەن	84
جۇر	بىر	15
جۇر	سول	72
جۇر	نە	62
جۇر	سەن	87
جۇر	ەندى	74
جۇر	قوي	56
جۇر	وندا	65
جۇر	بۇگىن	69
جۇر	مەندە	81
جۇر	سودان	87
جۇر	ماعان	85
جۇر	بارىپ	89
جۇر	ەكى	85
جۇر	مەنى	77
جۇر	مەنىڭ	82
جۇر	ول	83
جۇر	قايدا	87
جۇر	سەنى	92
جۇر	ساعان	68
جۇر	وسى	83
جۇر	تاماق	78
جۇر	دەيدى	90
جۇر	دوسىم	44
جۇر	امان	68
جۇر	دەگەن	89
جۇر	مىن	73
جۇر	ەدى	88
جۇر	بولاما	89
جۇر	جۇر	47
جۇر	انا	91
جۇر	جول	64
جۇر	جولدا	88
جۇر	سوندا	92
جۇر	ايتەۋ	89
جۇر	دەسە	77
جۇر	دەسەم	77
جۇر	ەدىم	68
جۇر	ەكەنسىڭ	58
جۇر	دەيمىن	93
جۇر	ەي	37
جۇر	ەمەسپە	69
جۇر	دەشى	91
جۇر	ەكەم	64
جۇر	ەكەمىز	72
جۇر	دەدى	89
جۇر	دەدىم	84
جۇر	سۇيتىپ	79
جۇر	ەدىڭ	58
جۇر	دەسەڭ	47
جۇر	دەيسىڭ	80
جۇر	سىڭ	78
جۇر	مەكەن	80
جۇر	ەكەسىڭ	93
جۇر	دەيسىڭبە	94
جۇر	كەتەيىك	80
جۇر	كۇن	82
جۇر	بىراق	83
جۇر	اق	92
جۇر	ويناپ	80
جۇر	جولىڭ	89
جۇر	دەگەندە	85
جۇر	كەتتىك	92
جۇر	ۇقتىڭبا	93
جۇر	دەيتىن	86
جۇر	دەنساۋلىعىڭا	75
جۇر	ەدىڭعوي	84
الما	جانىم	82
الما	مەن	34
الما	دەپ	44
الما	كەزەك	46
الما	تەلەفون	32
الماي	مەن	30
الماي	دەپ	88
الماي	بىر	91
الماي	نە	81
الماي	ەندى	71
الماي	جاتىر	87
الماي	جاتىرسىڭ	33
الماي	قوي	80
الماي	تۇر	75
الماي	سودان	39
الماي	جاتىرمىن	92
الماي	وتىر	81
الماي	وتىرمىن	58
الماي	كەتتى	15
الماي	قالدى	24
الماي	اق	77
الماي	كەتىپ	48
الماي	مىن	57
الماي	جۇر	85
الماي	قايتىپ	55
الماي	كەتتىم	48
الماي	قالدىم	90
الماي	قويدى	90
الماي	قويدىم	28
الماي	تۇرىپ	14
الماي	جۇرمىن	74
الماي	ۇيات	81
الماي	قيىن	46
الماي	جاتىپ	31
الماي	تۇرمىن	81
الماي	قالعان	90
الماي	قالدىڭ	87
الماي	قالدىڭبا	63
الماي	جاتقان	54
الماي	قويىپ	66
الماي	جاتىرمىز	73
الماي	جۇرگەن	51
الماي	جۇرىپ	66
الماي	جۇرسىڭ	47
الماي	ارەڭ	79
الماي	تۇرعان	72
الماي	وتىرمىز	73
الماي	قالادى	87
الماي	وتىرسىڭ	53
الماي	قالىپ	68
الماي	قالىپتى	59
الماي	وتىرعان	90
الماي	قالىپپىن	83
الماي	قالپتى	78
الماي	قويدىڭ	85
الماي	تۇرسىڭ	71
الماي	جاتىرسىڭبا	92
الماي	شىقتىم	86
الماي	قويساڭ	80
الماي	قالدىق	44
الماي	قويعان	58
الماي	جۇرمە	81
الماي	قالاتىن	82
الماي	قالما	86
الماي	قالام	74
الماي	قالاما	53
الماي	قالاسىڭ	77
الماي	قالار	76
الماي	قويعام	75
الماي	قينالىپ	78
الماي	جۇرسەڭ	86
الماي	وتىرسىڭبا	54
الماي	جاتسام	81
الماي	جۇرگەندە	57
الماي	كەتتىك	89
الماي	جۇرمىز	93
الماي	قالسام	76
الماي	جۇرسىڭبە	75
الماي	جاترمىن	83
الماي	جۇرسەم	84
الماي	قويسام	92
الماي	قالساڭ	80
الماي	جۇرگەم	88
الماي	قالامىن	84
الماي	قويدىق	91
الماي	تۇرمىز	51
الماي	قالعام	87
الماي	جاتىرىم	72
الماي	شقتىم	82
الماي	قالامبا	87
الماي	قالامىز	63
الماي	قالمايىن	71
الماي	جاتىرمى	92
الماي	كەلە	33
الماي	كەتتىڭ	75
الماي	كەتەتىن	42
الماي	قالسا	66
الماي	جاتىرما	86
الماي	جاتقاندا	81
الماي	قالعانىم	86
كەشە	مەن	82
كەشە	جوق	42
كەشە	جاقسى	70
كەشە	بىر	72
كەشە	سول	28
كەشە	نە	79
كەشە	نەعىپ	65
كەشە	بار	64
كەشە	سەن	75
كەشە	الىپ	53
كەشە	كەلىپ	72
كەشە	ەرتە	85
كەشە	ەرتەڭ	65
كەشە	ادام	51
كەشە	بۇگىن	92
كەشە	مەندە	57
كەشە	ماعان	50
كەشە	بارىپ	56
كەشە	ەكى	70
كەشە	مەنى	66
كەشە	مەنىڭ	73
كەشە	قاي	64
كەشە	نەگە	78
كەشە	ول	73
كەشە	قايدا	82
كەشە	سەنى	54
كەشە	ساعان	70
كەشە	وسى	62
كەشە	تاماق	74
كەشە	ۇيدە	55
كەشە	ۇيگە	78
كەشە	تەلەفون	79
كەشە	ايتىپ	64
كەشە	كەتتى	61
كەشە	اقشا	60
كەشە	بىراق	84
كەشە	قانشا	87
كەشە	قاربالاس	86
كەشە	ىشىپ	87
كەشە	تاعى	69
كەشە	كوپ	52
كەشە	كەتىپ	78
كەشە	تاڭەرتەڭ	71
كەشە	بىراز	55
كەشە	قانداي	62
كەشە	سەنىڭ	85
كەشە	كەش	86
كەشە	كەشتە	83
كەشە	قايتا	76
كەشە	انا	87
كەشە	ۇيقتاپ	83
كەشە	قايتىپ	92
كەشە	ۇش	90
كەشە	اتىپ	86
كەشە	اۋىرىپ	80
كەشە	تۇندە	73
كەشە	كەلدى	23
كەشە	كەلدىم	74
كەشە	شىعىپ	54
كەشە	بىز	86
كەشە	ايتقان	68
كەشە	كەلە	93
كەشە	قاتتى	84
كەشە	عانا	66
كەشە	ۇلكەن	91
كەشە	كۇپ	64
كەشە	ساعات	82
كەشە	جاي	92
كەشە	كەپ	81
كەشە	بىرەۋ	87
كەشە	ءبىر	81
كەشە	كەتكەن	86
كەشە	شارشاپ	82
كەشە	تۇستە	72
كەشە	تۇستەن	57
كەشە	سۇيتىپ	89
كەشە	الگى	84
كەشە	ارەڭ	67
كەشە	ويناپ	65
كەشە	كەلگەن	90
كەشە	نان	79
كەشە	سويلەپ	92
كەشە	دەن	91
كەشە	اراق	67
كەشە	اياق	90
كەشە	اۋدانعا	76
كەشە	ايتتىم	88
كەشە	اپام	65
كەشە	ۇمىتىپ	91
كەشە	كەشكە	84
كەشە	ماس	88
كەشە	قانا	83
كەشە	بارسام	82
كەشە	كۇندىز	84
كەشە	ايتساڭ	92
كەشە	ايتىم	80
كەشە	تاۋعا	90
كەشە	قۇلجاعا	83
كەشە	كەلگەم	72
كەشە	ايتقام	74
كەشە	تۇنىمەن	66
كەشە	باردىم	77
كەشە	بارعام	92
كەشە	تۇنمەن	84
كەشە	بىركۇن	90
كەشە	كەشتەن	86
كەشە	كۇن	83
كەشە	توي	87
كەشە	بىرگە	20
كەشە	بارا	89
كەشە	تويعا	46
كەشە	اپارىپ	85
كەشە	مال	49
كەشە	بىزدىڭ	89
كەشە	كەلدىك	74
كەشە	سويلەمەي	83
كەشە	تويدا	91
كەلسىن	جانىم	8
كەلسىن	مەن	15
كەلسىن	دەپ	80
كەلسىن	جاقسى	42
كەلسىن	سول	81
كەلسىن	راحىمەت	72
كەلسىن	سودان	14
كەلسىن	دەيدى	74
كەلسىن	بىرگە	73
كەلسىن	دوسىم	45
كەلسىن	كوپ	39
كەلسىن	اعا	24
كەلسىن	جەجە	83
كەلسىن	اينالايىن	81
كەلسىن	ىراحىمەت	79
كەلسىن	راقىمەت	80
كەلسىن	جاندارىم	80
كەلسىن	ۇزىڭدىكى	72
كەلسىن	وزىڭدىكى	77
قايت	جانىم	90
قايت	مەن	17
قايت	دەپ	51
قايت	بولدى	20
قايت	ەندى	26
قايت	وندا	19
قايت	دەيدى	35
قايت	ۇيگە	48
قايت	تەز	46
قايت	دەيسىڭ	48
قايت	دوسىم	29
قايتا	عوي	85
قايتا	مەن	60
قايتا	جاقسى	59
قايتا	بىر	59
قايتا	سول	51
قايتا	سەن	80
قايتا	الىپ	55
قايتا	كەل	60
قايتا	كەلىپ	80
قايتا	ماعان	47
قايتا	بارىپ	91
قايتا	مەنى	68
قايتا	نەگە	82
قايتا	سەنى	79
قايتا	ساعان	80
قايتا	وسى	72
قايتا	ۇيگە	43
قايتا	تەلەفون	90
قايتا	ايتىپ	84
قايتا	كەتتى	63
قايتا	اقشا	62
قايتا	ىشىپ	80
قايتا	كەتىپ	90
قايتا	بەر	60
قايتا	سەنىڭ	84
قايتا	الماي	86
قايتا	قايتا	58
قايتا	ۇيقتاپ	66
قايتا	قايتىپ	54
قايتا	جولدا	67
قايتا	جولداپ	83
قايتا	ات	86
قايتا	اتىپ	92
قايتا	اۋىرىپ	63
قايتا	بەرەيىن	82
قايتا	كەلدى	92
قايتا	كەلدىم	89
قايتا	شىعىپ	78
قايتا	كورىپ	68
قايتا	تۇرىپ	57
قايتا	بارام	91
قايتا	كەلە	73
قايتا	سالىپ	81
قايتا	جاتىپ	79
قايتا	ايتا	72
قايتا	قاراپ	82
قايتا	تۇسىپ	85
قايتا	قوس	85
قايتا	قوسىپ	81
قايتا	اپارىپ	80
قايتا	سۇراپ	80
قايتا	كەلەدى	69
قايتا	توي	82
قايتا	كەپ	87
قايتا	بارايىن	53
قايتا	اشىپ	77
قايتا	كەتەدى	87
قايتا	باراتىن	78
قايتا	بەرەم	79
قايتا	جۋىپ	58
قايتا	بارامىن	59
قايتا	جولداشى	91
قايتا	سويلەپ	91
قايتا	تارتىپ	69
قايتا	ايتشى	83
قايتا	باستاپ	75
قايتا	ۇيىقتاپ	80
قايتا	كەلمەيدى	89
قايتا	شىعارىپ	89
قايتا	سۇيلەپ	82
قايتا	كىرىپ	91
قايتا	شعىپ	91
قايتا	اكەپ	79
قايتا	قايتارىپ	85
قايتا	ۇرىپ	88
قايتا	اتا	78
قايتا	كەلەتىن	85
قايتا	شاقىرىپ	85
قايتا	كەتەم	84
قايتا	سوعىپ	79
قايتا	جاتتىم	81
قايتا	كەلەم	90
قايتا	اينالىپ	90
قايتا	المايتىن	70
قايتا	ايلانىپ	90
قايتا	قوسىلىپ	82
قايتا	ويانىپ	91
قايتا	ادام	49
قايتا	بەرىپ	10
قايتا	بارا	67
قايتا	تاۋعا	79
قايتا	شىعام	84
ان	عوي	89
ان	ەكەن	53
ان	بار	30
ان	بولسا	43
ان	ايتىپ	21
ان	بارما	14
ان	جولداپ	47
ان	ايتقان	45
ان	سالىپ	26
ان	قويىپ	51
ان	ەستىپ	52
ان	توپ	41
ان	ايتاتىن	48
ان	تاماعىڭ	47
ان	تىڭداپ	38
ان	جوق	48
ان	ايتشى	46
انا	مەن	21
انا	دەپ	71
انا	جاق	88
انا	بىر	69
انا	ادام	38
انا	ەكى	60
انا	مەنىڭ	50
انا	ۇي	84
انا	ۇيدە	69
انا	ۇيگە	32
انا	تەلەفون	90
انا	دوسىم	32
انا	اق	39
انا	اقشا	81
انا	دەگەن	84
انا	كۇنى	78
انا	مىنا	87
انا	ۇش	39
انا	جۇمىس	86
انا	كەزدە	45
انا	بالا	77
انا	قارا	77
انا	ۇلكەن	86
انا	جەر	45
انا	جەردە	65
انا	ماشينا	78
انا	قىز	55
انا	بىرەۋ	48
انا	جەرگە	77
انا	قىزدار	88
انا	سياقتى	85
انا	كىسى	88
انا	قۇساپ	24
انا	جاققا	62
انا	جىندى	45
انا	بالالار	38
انا	اقشانى	61
انا	منا	62
انا	جەردەن	76
انا	جىگىت	59
انا	جولى	65
انا	كىسىلەر	69
انا	قاتىن	86
انا	وتىرعان	66
انا	ايەل	47
انا	مىنانى	71
انا	ەكەۋى	84
انا	ادامدى	53
انا	ۇيدى	59
انا	ۇيدىڭ	61
انا	جاقتا	66
انا	كسى	87
انا	جىلى	90
انا	ۇيدەن	46
انا	ادامعا	70
انا	قىزىل	70
انا	نەمە	81
انا	شۇنگە	76
انا	توپقا	80
انا	ۋاقىتتا	57
انا	ارام	90
انا	ۇيكە	75
انا	ۇيشىڭعا	84
انا	بالانى	89
انا	جاقتان	83
انا	كۇنگى	74
انا	بالانىڭ	60
انا	بالاعا	69
انا	جەردى	79
انا	ەسەك	69
انا	كەلىنشەك	86
انا	كسلەر	79
انا	جگىت	74
انا	قىزعا	90
انا	ەكەۋىن	68
انا	شۇندە	74
انا	كەلنشەك	70
انا	كىسىنى	77
انا	كىسىنىڭ	79
انا	جولداعان	66
انا	نەربى	90
انا	كەنشەك	82
انا	پۇلدى	89
انا	الباستى	85
انا	سوزدى	73
انا	قىزدى	81
انا	قىزدىڭ	72
انا	سۇزدى	88
انا	كىسلەر	79
انا	توپتا	87
انا	شۇننەن	82
انا	كسىلەر	76
انا	كسنىڭ	89
انا	جاقتاعى	84
انا	كىسىگە	87
انا	جاقتىڭ	75
انا	شۇندى	67
انا	توپتان	63
انا	نومىرگە	87
انا	كەزدەگى	89
انا	ەكەۋىنە	82
انا	كسگە	78
انا	قاتىندى	88
انا	نۇمىرگە	82
انا	قاتىنعا	71
انا	كىسگە	87
انا	كىسنىڭ	77
انا	كىسىدەن	75
انا	توي	76
انا	تويعا	45
انا	كۇننەن	86
انا	كوك	73
انا	جاقا	85
ۇيقتا	جانىم	88
ۇيقتا	مەن	15
ۇيقتا	دەپ	49
ۇيقتا	جاقسى	45
ۇيقتا	بولدى	47
ۇيقتا	ەندى	14
ۇيقتا	وندا	34
ۇيقتا	ەرتەڭ	19
ۇيقتا	مەندە	45
ۇيقتا	تاڭەرتەڭ	50
ۇيقتا	ەرتەرەك	58
ۇيقتا	شارشادىڭ	48
ۇيقتا	دىم	61
ۇيقتا	تۇن	41
ۇيقتاپ	جاقسى	56
ۇيقتاپ	ەندى	80
ۇيقتاپ	جاتىر	53
ۇيقتاپ	ال	17
ۇيقتاپ	الىپ	28
ۇيقتاپ	جاتىرمىن	92
ۇيقتاپ	قال	58
ۇيقتاپ	قالدى	72
ۇيقتاپ	تاڭەرتەڭ	19
ۇيقتاپ	ازىر	90
ۇيقتاپ	ۇيقتاپ	60
ۇيقتاپ	الدىم	58
ۇيقتاپ	قالدىم	75
ۇيقتاپ	تۇرىپ	92
ۇيقتاپ	جاڭا	87
ۇيقتاپ	الايىن	66
ۇيقتاپ	بارا	64
ۇيقتاپ	جاتىپ	32
ۇيقتاپ	قالعان	9
ۇيقتاپ	جاڭە	51
ۇيقتاپ	قالدىڭ	70
ۇيقتاپ	قالدىڭبا	57
ۇيقتاپ	جاتقان	35
ۇيقتاپ	قالادى	64
ۇيقتاپ	دەم	69
ۇيقتاپ	دەمال	75
ۇيقتاپ	قالىپ	74
ۇيقتاپ	قالىپتى	59
ۇيقتاپ	بارادى	77
ۇيقتاپ	قالىپپىن	71
ۇيقتاپ	دەمالىپ	13
ۇيقتاپ	جايلى	82
ۇيقتاپ	الساڭ	71
ۇيقتاپ	قالپتى	61
ۇيقتاپ	قالسا	50
ۇيقتاپ	جاتىرسىڭبا	69
ۇيقتاپ	قالدىما	80
ۇيقتاپ	قالاتىن	51
ۇيقتاپ	قالما	46
ۇيقتاپ	قالام	52
ۇيقتاپ	تۇردىم	92
ۇيقتاپ	قالاسىڭ	69
ۇيقتاپ	تۇردىڭبا	59
ۇيقتاپ	جاتىرما	68
ۇيقتاپ	جاتسام	69
ۇيقتاپ	جاتر	60
ۇيقتاپ	قالسام	79
ۇيقتاپ	تۇرايىن	92
ۇيقتاپ	جاتقام	87
ۇيقتاپ	جاتقاندا	67
ۇيقتاپ	كەتىپپىن	69
ۇيقتاپ	السىن	77
ۇيقتاپ	قالساڭ	83
ۇيقتاپ	ويانىپ	85
ۇيقتاپ	قالامىن	76
ۇيقتاپ	قالپپىن	76
ۇيقتاپ	قالعام	52
ۇيقتاپ	قالعاندا	72
ۇيقتاپ	قالايىن	67
ۇيقتاپ	وياندىم	64
ۇيقتاپ	جاتسىڭبا	77
ۇيقتاپ	قالعانبا	91
ۇيقتاپ	قالدىڭىزبا	80
ۇيقتاپ	الاعوي	56
ۇيقتاپ	قالمايىن	90
ۇيقتاپ	قالدڭبا	80
ۇيقتاپ	قالپىن	74
ۇيقتاپ	قالدىڭدارما	74
ۇيقتاپ	قالىپىن	70
ۇيقتاپ	قالدما	76
ۇيقتاپ	قاپپىن	77
ۇيقتاپ	قاپتىم	78
ۇيقتاپ	قالىپتىم	52
ۇيقتاپ	قالماسام	91
ۇيقتاپ	قالپتىم	77
ۇيقتاپ	قاپىن	76
ۇيقتاپ	تۇر	67
ۇيقتاپ	العام	58
ۇيقتاپ	قاتىپ	84
ۇيقتاپ	الىڭىز	91
يۋان	عوي	81
يۋان	مەن	71
يۋان	دەپ	81
يۋان	جوق	64
يۋان	بولدى	60
يۋان	ەكەن	38
يۋان	بىر	30
يۋان	بار	59
يۋان	بولىپ	46
يۋان	الىپ	87
يۋان	بولسا	61
يۋان	ەكى	55
يۋان	بولادى	73
يۋان	دەيدى	53
يۋان	تەلەفون	55
يۋان	قالدى	84
يۋان	اقشا	64
يۋان	دەگەن	47
يۋان	بارما	84
يۋان	بەر	30
يۋان	بەرىپ	75
يۋان	يۋان	72
يۋان	الدى	26
يۋان	الدىم	76
يۋان	ات	79
يۋان	اتىپ	65
يۋان	كەرەك	69
يۋان	بەرە	28
يۋان	بەرەيىن	41
يۋان	تاۋىپ	72
يۋان	سالىپ	81
يۋان	عانا	43
يۋان	قوسىپ	86
يۋان	سۇراپ	83
يۋان	بولىپتى	52
يۋان	بولسادا	78
يۋان	بەرەم	64
يۋان	بولاتىن	66
يۋان	الاتىن	81
يۋان	بەرشى	81
يۋان	نان	75
يۋان	بەرەدى	88
يۋان	ناق	85
يۋان	ارتىق	82
يۋان	اقشانى	70
يۋان	بەرەمىن	83
يۋان	الادى	63
يۋان	پۇل	18
يۋان	بەرسەڭ	82
يۋان	اتا	88
يۋان	قۇڭباۋ	79
يۋان	بەردى	83
يۋان	بەردىم	77
يۋان	قالپتى	85
يۋان	اتشى	80
يۋان	كىرە	31
يۋان	كىرەسى	78
يۋان	قاجەت	69
يۋان	قارىز	18
يۋان	ورنى	47
يۋان	حۇڭباۋ	86
يۋان	جەتپەي	52
يۋان	شىعاما	79
يۋان	شعاما	55
قايتىپ	جان	24
قايتىپ	جانىم	69
قايتىپ	جاقسى	83
قايتىپ	بىر	64
قايتىپ	جاتىر	85
قايتىپ	جاتىرسىڭ	63
قايتىپ	الىپ	53
قايتىپ	كەل	67
قايتىپ	كەلىپ	45
قايتىپ	ادام	33
قايتىپ	تۇر	58
قايتىپ	بارىپ	83
قايتىپ	بولادى	57
قايتىپ	تاماق	34
قايتىپ	ۇيگە	75
قايتىپ	ايتىپ	79
قايتىپ	بىرگە	64
قايتىپ	كۇن	81
قايتىپ	وتىر	55
قايتىپ	كەت	63
قايتىپ	كەتتى	73
قايتىپ	اقشا	69
قايتىپ	كەتىپ	92
قايتىپ	ىستەپ	42
قايتىپ	جۇر	89
قايتىپ	كەتتىم	87
قايتىپ	جۇمىس	90
قايتىپ	اۋىرىپ	92
قايتىپ	كەلدى	92
قايتىپ	كەلدىم	71
قايتىپ	شىعىپ	51
قايتىپ	تاۋىپ	41
قايتىپ	جۇرمىن	25
قايتىپ	بارا	85
قايتىپ	بارام	63
قايتىپ	كەلە	88
قايتىپ	كەتتىڭ	78
قايتىپ	ايتام	59
قايتىپ	كەلەدى	75
قايتىپ	كەپ	75
قايتىپ	ويلاپ	63
قايتىپ	كەتكەن	84
قايتىپ	كەتەدى	73
قايتىپ	بەرەم	71
قايتىپ	جالعىز	50
قايتىپ	جۇرسىڭ	87
قايتىپ	بارامىن	67
قايتىپ	كەلگەن	72
قايتىپ	سويلەپ	83
قايتىپ	تاستاپ	58
قايتىپ	دەم	58
قايتىپ	سۇيلەپ	92
قايتىپ	جازىپ	74
قايتىپ	بارامىز	83
قايتىپ	دەمال	73
قايتىپ	وتىرسىڭ	87
قايتىپ	الام	82
قايتىپ	كەلگەندە	74
قايتىپ	بارادى	88
قايتىپ	الادى	59
قايتىپ	كەلەتىن	86
قايتىپ	ايتاسىڭ	72
قايتىپ	الامىن	80
قايتىپ	ۇيقى	92
قايتىپ	كەتىپتى	88
قايتىپ	بىلىپ	77
قايتىپ	كەلەسىڭ	75
قايتىپ	كەتەم	73
قايتىپ	كەلدىك	68
قايتىپ	قايتام	89
قايتىپ	جاتسىڭ	73
قايتىپ	كەتەتىن	67
قايتىپ	باراسىڭ	89
قايتىپ	ايتامىن	86
قايتىپ	كەلشى	84
قايتىپ	كەلەم	90
قايتىپ	الاسىڭ	93
قايتىپ	كەتپتى	77
قايتىپ	بەرەسىڭ	81
قايتىپ	كەلەيىن	53
قايتىپ	كەتەسىڭ	91
قايتىپ	كەتىم	81
قايتىپ	كەتتىك	78
قايتىپ	شىعام	72
قايتىپ	كەلدىڭبە	72
قايتىپ	كەتەمىن	90
قايتىپ	جاتام	59
قايتىپ	شىعامىن	88
قايتىپ	كەتتىڭبە	89
قايتىپ	جۇرەم	79
قايتىپ	كەلەمىن	78
قايتىپ	كەتكەم	78
قايتىپ	شىداپ	79
قايتىپ	جۇرەسىڭ	59
قايتىپ	شىعاسىڭ	80
قايتىپ	كەلەمىز	85
قايتىپ	شعام	84
قايتىپ	ۇيقتايمىن	57
قايتىپ	ىستەيسىڭ	69
قايتىپ	كەزىگەمىز	92
قايتىپ	ساعىندىڭ	83
قايتىپ	سەنەم	76
قايتىپ	سۇرايمىن	75
قايتىپ	قويدىڭبا	91
قايتىپ	جاتاسىڭ	86
قايتىپ	كەتىڭبە	91
قايتىپ	قارايمىن	76
قايتىپ	جولدايمىن	92
قايتىپ	شداپ	83
قايتىپ	ۇيقتايسىڭ	93
قايتىپ	شىدايمىن	89
قايتىپ	بىلدىڭ	87
قايتىپ	شىدايسىڭ	84
قايتىپ	شىدايدى	92
قايتىپ	قويدىڭدارما	80
قايتىپ	توي	90
قايتىپ	ىشىپ	90
قايتىپ	ۇيقتاپ	78
قايتىپ	كەلسە	89
قايتىپ	كەلسەڭ	91
قايتىپ	ۇيقىڭ	86
قايتىپ	كەتەيىن	89
قايتىپ	قايتاسىڭ	85
قايتىپ	كەلەسىڭبە	79
قايتىپ	كەتسەڭ	80
قايتىپ	كەتەمىز	63
قايتىپ	ىشەم	75
قايتىپ	كەتتڭبە	78
قايتىپ	كەتتىڭبا	92
قايتىپ	قيىپ	83
قايتىپ	كىرەم	77
قايتىپ	كەتتىڭدەرمە	84
جول	عوي	94
جول	جوق	86
جول	بولسىن	93
جول	جاقسى	69
جول	ەكەن	87
جول	بار	2
جول	بولىپ	75
جول	الىپ	77
جول	بولسا	81
جول	بەرىپ	83
جول	عانا	80
جول	جامان	81
جول	جۇرىپ	93
جول	بەرسىن	84
جول	پۇل	78
جول	بەرسە	86
جول	اقى	83
جول	ۇزاق	80
جول	بەردىم	76
جول	كىرە	92
جول	كىرەسى	92
جول	بولسن	82
جول	وراي	85
جول	جۇرگەندە	79
جول	تىلەيمىن	92
جول	كورسەتىپ	76
جول	جۇرەسىڭ	94
جول	بويى	92
جول	ورتادا	86
جول	بوسىن	94
جول	اماندىعىن	94
جول	ورتادان	74
جول	جونەكەي	83
جول	جۇنەكەي	77
جول	بولسى	87
جول	جۇرگەن	70
جول	اشىق	50
جول	الدىق	94
جول	جۇرەم	57
جول	اماندىق	77
جول	الىس	90
جول	جۇرگەلى	82
جول	اقىسى	79
جولدا	جانىم	86
جولدا	مەن	42
جولدا	دەپ	49
جولدا	بىر	34
جولدا	وندا	54
جولدا	ماعان	63
جولدا	ەكى	65
جولدا	دەيدى	62
جولدا	دەگەن	67
جولدا	بىراق	69
جولدا	كەتىپ	57
جولدا	تەز	30
جولدا	دەسەم	63
جولدا	شى	55
جولدا	كەلە	55
جولدا	تۇرمىن	20
جولدا	كورەيىن	66
جولدا	بايقاپ	62
جولدا	ابايلاپ	26
جولدا	تاماق	66
جولدا	دەدىم	50
جولدا	توسىپ	67
جولداپ	عوي	52
جولداپ	جاتىر	88
جولداپ	قوي	60
جولداپ	الىپ	14
جولداپ	تۇر	83
جولداپ	جاتىرمىن	79
جولداپ	وتىر	75
جولداپ	وتىرمىن	40
جولداپ	قويشى	61
جولداپ	بەر	20
جولداپ	بەرىپ	42
جولداپ	بەرە	80
جولداپ	بەرەيىن	66
جولداپ	قويدى	25
جولداپ	قويدىم	88
جولداپ	ەدىم	67
جولداپ	الدىڭبا	18
جولداپ	جاتقان	91
جولداپ	قويىپ	76
جولداپ	بەرەم	15
جولداپ	بەرشى	74
جولداپ	بەرەدى	37
جولداپ	ەدىڭ	89
جولداپ	تارتىپ	86
جولداپ	قويايىن	60
جولداپ	بەرسىن	53
جولداپ	وتىرسىڭ	84
جولداپ	بەرەتىن	80
جولداپ	بەرەمىن	88
جولداپ	وتىرعان	61
جولداپ	بەرسەڭ	85
جولداپ	بەرگەن	92
جولداپ	بەردى	92
جولداپ	بەردىم	66
جولداپ	قويدىڭ	64
جولداپ	قويساڭ	60
جولداپ	قويعان	57
جولداپ	قويىپتى	69
جولداپ	قويعام	14
جولداپ	قويام	36
جولداپ	بەرسەم	58
جولداپ	بەرىڭىز	80
جولداپ	بەرىڭىزدەر	48
جولداپ	بەرىڭىزدەرشى	64
جولداپ	قويىڭىز	85
جولداپ	جىبەر	38
جولداپ	قۇيشى	50
جولداپ	قويپتى	88
جولداپ	قويسام	92
جولداپ	بەرسەڭىز	81
جولداپ	قويامىن	78
جولداپ	قۇيدىم	21
جولداپ	قويىڭىزدار	84
جولداپ	بەرگەم	84
جولداپ	قويىڭدار	49
جولداپ	قويساڭىز	49
جولداپ	بەرىڭىزشى	85
جولداپ	الىپپىن	59
جولداپ	بەرسەڭىزدەر	53
جولداپ	بەرەيىنبە	91
جولداپ	قويڭىز	76
جولداپ	قويساڭىزدار	84
جولداپ	وتىرىڭىزدار	72
جولداپ	قويايىنبا	82
جولداپ	قويساڭشى	86
جولداپ	قويىپسىڭ	80
جولداپ	قويىڭىزشى	80
جولداپ	قويپسىڭ	70
جولداپ	قالشى	69
جولداپ	قويعانىم	86
جولداپ	بەرىڭدەرشى	82
جولداپ	بەرڭىزشى	83
جولداپ	قويىڭىزدارشى	84
جولداپ	بەرڭىزدەرشى	88
جولداپ	العان	75
جولداپ	قايتارىپ	60
جولداپ	وتىرىڭدار	78
جولداپ	جىبەرشى	65
جولداپ	قويعاسىڭ	79
جولداپ	بەرىڭزدەرشى	90
پا	جانىم	82
پا	مەن	26
پا	دەپ	74
پا	جوق	55
پا	جاقسى	56
پا	بولدى	85
پا	ەكەن	74
پا	بىر	65
پا	سول	74
پا	نە	84
پا	نەعىپ	55
پا	سەن	44
پا	ەندى	66
پا	الى	60
پا	وندا	68
پا	بۇگىن	85
پا	سودان	69
پا	ماعان	77
پا	مەنى	88
پا	نەگە	84
پا	ول	71
پا	ساعان	73
پا	دوسىم	87
پا	امان	44
پا	ونى	61
پا	قويشى	74
پا	مىنا	31
پا	نەدەگەن	75
پا	پا	85
پا	سوندا	17
پا	ايتتىڭ	73
پا	سەندە	80
پا	قيىن	82
پا	سونىمەن	69
پا	ايتىڭ	84
پا	دەنساۋلىق	71
پا	بالام	86
پا	قايداعى	90
پا	شىركىن	61
پا	باۋىرىم	19
پا	نەسى	75
پا	قۇداي	89
پا	تىپتى	68
پا	قىيىن	46
پا	وبال	74
پا	قارعام	89
پا	تپتى	80
پا	قويشەي	69
پا	شركىن	90
پا	قايدا	85
پا	قايىرلى	82
پا	قالاي	82
پا	وسى	85
پا	قايداسىڭ	33
پا	جەجە	48
پا	نەدەكەن	77
الدى	عوي	85
الدى	جانىم	16
الدى	مەن	57
الدى	دەپ	48
الدى	بول	25
الدى	بولسىن	62
الدى	ەكەن	47
الدى	بىر	44
الدى	ەندى	18
الدى	قوي	57
الدى	بۇگىن	71
الدى	سودان	71
الدى	ەكى	71
الدى	دەيدى	66
الدى	كۇنى	73
الدى	يۋان	69
الدى	ەمەسپە	73
الدى	ارتى	55
الدى	اشىق	54
الدى	ارتىن	58
الدى	ارتىنا	55
الدى	يماندى	53
الدى	ارتىڭا	72
الدى	ۇيگە	52
الدى	اشق	74
الدى	ويىق	65
الدىم	عوي	64
الدىم	جانىم	23
الدىم	مەن	17
الدىم	دەپ	78
الدىم	جاقسى	33
الدىم	بولدى	74
الدىم	بىر	78
الدىم	سول	68
الدىم	سەن	82
الدىم	ەندى	71
الدىم	راحىمەت	53
الدىم	قوي	82
الدىم	وندا	45
الدىم	ەرتەڭ	90
الدىم	بۇگىن	71
الدىم	سودان	77
الدىم	ەكى	74
الدىم	تاماق	86
الدىم	دەيدى	89
الدىم	ۇيگە	91
الدىم	تەلەفون	60
الدىم	دوسىم	37
الدىم	دەگەن	70
الدىم	ۇزىڭ	82
الدىم	تاڭەرتەڭ	91
الدىم	بىراز	84
الدىم	شاي	83
الدىم	ازىر	80
الدىم	كەشە	90
الدىم	يۋان	86
الدىم	جاڭا	86
الدىم	ەمەسپە	86
الدىم	دەشى	85
الدىم	دەدىم	91
الدىم	دەي	78
الدىم	ۇيدە	89
الدىم	باعانا	82
كەتتىم	عوي	92
كەتتىم	جانىم	13
كەتتىم	مەن	15
كەتتىم	دەپ	65
كەتتىم	بولدى	91
كەتتىم	بىر	76
كەتتىم	سول	65
كەتتىم	نە	79
كەتتىم	سەن	90
كەتتىم	ەندى	74
كەتتىم	قوي	58
كەتتىم	وندا	61
كەتتىم	ەرتەڭ	84
كەتتىم	بۇگىن	74
كەتتىم	مەندە	61
كەتتىم	سودان	86
كەتتىم	ەكى	80
كەتتىم	سەنى	78
كەتتىم	ساعان	63
كەتتىم	وسى	85
كەتتىم	دەيدى	81
كەتتىم	ۇيگە	87
كەتتىم	تەلەفون	64
كەتتىم	دوسىم	62
كەتتىم	دەگەن	73
كەتتىم	بىراز	89
كەتتىم	كەشتە	88
كەتتىم	راس	89
كەتتىم	ازىر	88
كەتتىم	ەي	92
كەتتىم	ەمەسپە	83
كەتتىم	دەشى	88
كەتتىم	ساۋ	89
كەتتىم	قۇرسىن	90
كەتتىم	جۇمىسقا	91
كەتتىم	رەنجىمە	89
كەتتىم	ۇزىڭدى	85
كەتتىم	تەگى	89
كەتتىم	جاقسى	42
كەتتىم	تاڭەرتەڭ	89
كەتتىم	كەشە	90
كەتتىم	جاڭا	89
كەتتىم	تاتتىم	76
كەتتىم	ۇيقىم	80
ۇش	دەپ	86
ۇش	بولدى	78
ۇش	بولىپ	73
ۇش	قوي	83
ۇش	ادام	83
ۇش	ۇي	15
ۇش	اي	77
ۇش	كۇن	30
ۇش	اق	65
ۇش	يۋان	73
ۇش	جول	75
ۇش	بالا	69
ۇش	كەلە	56
ۇش	ۋاق	59
ۇش	ۋاقىت	51
ۇش	سوم	88
ۇش	كۇندە	68
ۇش	ماشينا	64
ۇش	قىز	67
ۇش	ساعات	20
ۇش	مىڭ	65
ۇش	جاس	28
ۇش	جۇز	74
ۇش	نان	61
ۇش	تۇرلى	19
ۇش	بالام	60
ۇش	جارىم	88
ۇش	كۇنىڭ	61
ۇش	جىل	73
ۇش	جەردەن	71
ۇش	جىگىت	86
ۇش	قاتىن	26
ۇش	ايەل	83
ۇش	تال	35
ۇش	ايدا	82
ۇش	رەت	35
ۇش	ورىن	82
ۇش	ادامعا	86
ۇش	بالاسى	52
ۇش	كۇننەن	81
ۇش	ادامنىڭ	28
ۇش	تورت	76
ۇش	ايلىق	80
ۇش	كۇنگە	60
ۇش	تۇرت	29
ۇش	كۇندىك	31
ۇش	قاعاز	78
ۇش	بالانى	61
ۇش	قوزى	76
ۇش	بالانىڭ	87
ۇش	قابات	87
ۇش	جارىمدا	87
ۇش	كيلى	60
ۇش	جوزى	70
ۇش	تۇياق	79
ۇش	مينوت	81
ۇش	جىلدا	72
ۇش	جىلدان	75
ۇش	ايدان	69
ۇش	سەميا	87
ۇش	ايعا	63
ۇش	مەتىر	73
ۇش	ساعاتتا	86
ۇش	كىلى	83
ۇش	ساعاتتان	60
ۇش	تۇرىت	70
ۇش	مىڭعا	63
ۇش	كۇىن	59
ۇش	كۇننىڭ	68
ۇش	ىرەت	64
ۇش	تورىت	78
ۇش	جىلعا	73
ۇش	كۇنەن	86
ۇش	قوراپ	73
ۇش	جىلدىڭ	75
ۇش	ايكىس	72
ۇش	جۇزگە	80
ۇش	مەتىرلىك	84
ۇش	جۇزدەن	82
ۇش	جاتىن	83
ۇش	كەلى	82
ۇش	توي	12
ۇش	ۇل	37
ۇش	سيىر	73
سوندا	جانىم	87
سوندا	مەن	59
سوندا	جوق	20
سوندا	جاقسى	80
سوندا	بىر	71
سوندا	سول	49
سوندا	نە	85
سوندا	نەعىپ	24
سوندا	بار	70
سوندا	سەن	65
سوندا	ەندى	34
سوندا	ەرتەڭ	86
سوندا	ادام	56
سوندا	بۇگىن	56
سوندا	مەندە	39
سوندا	ماعان	67
سوندا	بارى	59
سوندا	بارىپ	83
سوندا	ەكى	69
سوندا	مەنى	55
سوندا	مەنىڭ	37
سوندا	قاي	71
سوندا	بولادى	65
سوندا	نەگە	48
سوندا	ول	82
سوندا	قايدا	64
سوندا	سەنى	60
سوندا	ساعان	53
سوندا	وسى	41
سوندا	قالاي	49
سوندا	ايتىپ	66
سوندا	كىم	67
سوندا	اقشا	73
سوندا	ونى	88
سوندا	بىراق	50
سوندا	قانشا	85
سوندا	قاشان	85
سوندا	تاعى	56
سوندا	تاڭەرتەڭ	78
سوندا	مىنا	88
سوندا	نەدەگەن	77
سوندا	قانداي	85
سوندا	باسقا	53
سوندا	سەنىڭ	64
سوندا	كەشتە	85
سوندا	انا	76
سوندا	قايتىپ	88
سوندا	ۇش	74
سوندا	بەرەيىن	70
سوندا	سەندە	79
سوندا	بىز	90
سوندا	عانا	78
سوندا	بۇل	60
سوندا	قايسى	60
سوندا	نەبولدى	86
سوندا	قايتەم	85
سوندا	ايتشى	68
سوندا	سىز	90
سوندا	ونىڭ	73
سوندا	ناق	81
سوندا	مەنەن	88
سوندا	قايتەسىڭ	90
سوندا	بىلەسىڭ	76
سوندا	قايتەمىز	79
سوندا	قايتەتىن	85
سوندا	قايتسەم	84
سوندا	توي	89
سوندا	ۇزىڭ	78
سوندا	ازىر	83
سوندا	ەكەمىز	82
سوندا	سۇيتىپ	89
سوندا	سەندەر	85
سوندا	مەنىمەن	60
سوندا	قايتۋ	86
جۇمىس	دەپ	18
جۇمىس	جوق	81
جۇمىس	جاقسى	59
جۇمىس	بولدى	72
جۇمىس	ەكەن	74
جۇمىس	سول	46
جۇمىس	نە	16
جۇمىس	بار	78
جۇمىس	بولىپ	60
جۇمىس	قوي	49
جۇمىس	بولسا	60
جۇمىس	بولادى	78
جۇمىس	قايدا	19
جۇمىس	قالاي	87
جۇمىس	قالدى	49
جۇمىس	دەگەن	78
جۇمىس	ەمەس	30
جۇمىس	بارما	74
جۇمىس	قاربالاس	67
جۇمىس	كوپ	72
جۇمىس	قانداي	68
جۇمىس	ەدى	46
جۇمىس	از	64
جۇمىس	ىستە	86
جۇمىس	ىستەپ	67
جۇمىس	جۇمىس	37
جۇمىس	بوپ	77
جۇمىس	اۋىر	84
جۇمىس	شىعىپ	13
جۇمىس	تاۋىپ	71
جۇمىس	ايتا	39
جۇمىس	كۇپ	77
جۇمىس	بولماسا	61
جۇمىس	بولسادا	66
جۇمىس	جاساپ	67
جۇمىس	ستەپ	74
جۇمىس	بىردەمە	67
جۇمىس	باستاپ	85
جۇمىس	ىزدەپ	35
جۇمىس	شعىپ	77
جۇمىس	ايتايىن	65
جۇمىس	شىقتى	64
جۇمىس	ايتسام	83
جۇمىس	جوقپا	86
جۇمىس	ورنى	86
جۇمىس	ىستەي	86
جۇمىس	ىستەيتىن	64
جۇمىس	تاۇىپ	50
جۇمىس	شىقسا	76
جۇمىس	ىستەيمىن	85
جۇمىس	ىستەگەن	56
جۇمىس	بىتىرىپ	70
جۇمىس	ىستەيدى	67
جۇمىس	بارمەكەن	68
جۇمىس	جەڭىل	87
جۇمىس	بىتتى	86
جۇمىس	بەن	75
جۇمىس	پەن	66
جۇمىس	ىستەيسىڭ	87
جۇمىس	ستەي	71
جۇمىس	ىستەمە	63
جۇمىس	ىستەمەي	82
جۇمىس	ىستەيىن	72
جۇمىس	ستەيتىن	88
جۇمىس	بىتكەن	67
جۇمىس	ستەيمىن	83
جۇمىس	ءىستەپ	87
جۇمىس	تاپتىڭبا	78
جۇمىس	ىستەدىم	84
جۇمىس	ىستەسەڭ	83
جۇمىس	ىستەيمىز	77
جۇمىس	شۇنى	81
جۇمىس	بىتسە	81
جۇمىس	ىستەسەم	81
جۇمىس	ورىندا	83
جۇمىس	ستەيسىڭ	79
جۇمىس	ىستەيىم	84
جۇمىس	بىتپەي	86
جۇمىس	ىستەۋ	83
جۇمىس	ىستەگەندە	88
جۇمىس	ول	87
جۇمىس	بىتىپ	72
جۇمىس	ستەيىن	88
جۇمىس	بىتبەي	85
وز	وز	88
وز	باسىم	50
وز	دەنساۋلىعىڭ	46
وز	الدىندا	50
وز	ۇيىڭ	59
وز	الدىما	59
وز	ويىڭ	55
وز	ويىم	51
وز	الدىنا	63
وز	ۇيىم	63
وز	الدىمدا	62
وز	الدىڭا	60
وز	ەركىڭ	50
وز	قۇربىلارىنىڭ	37
وز	الدىمىزعا	45
وز	كەزىندە	60
وز	ىسىڭ	53
وز	قۇربىسىنىڭ	38
وز	وبالىڭ	62
وزى	عوي	63
وزى	مەن	58
وزى	جوق	67
وزى	جاقسى	58
وزى	ەكەن	57
وزى	بىر	64
وزى	نە	26
وزى	سەن	59
وزى	الىپ	64
وزى	كەلىپ	59
وزى	ماعان	61
وزى	بارىپ	58
وزى	نەگە	70
وزى	قايدا	60
وزى	تەلەفون	68
وزى	ايتىپ	65
وزى	اق	63
وزى	ايتتى	56
وزى	ايتقان	71
وزى	عانا	64
وزى	كەلەدى	70
وزى	جالعىز	71
وزى	ارەڭ	59
وزى	بىلەدى	68
وزى	بىلىپ	43
وزى	بىلسىن	69
وزى	مەنى	67
وزىڭ	عوي	46
وزىڭ	مەن	42
وزىڭ	جوق	83
وزىڭ	جاقسى	66
وزىڭ	بىر	56
وزىڭ	نە	72
وزىڭ	نەعىپ	38
وزىڭ	بار	61
وزىڭ	ال	12
وزىڭ	الىپ	82
وزىڭ	كەل	66
وزىڭ	كەلىپ	65
وزىڭ	بارىپ	59
وزىڭ	قاي	61
وزىڭ	نەگە	88
وزىڭ	قايدا	53
وزىڭ	تاماق	45
وزىڭ	قالاي	72
وزىڭ	ۇيگە	86
وزىڭ	ايت	90
وزىڭ	ايتىپ	77
وزىڭ	كىم	90
وزىڭ	امان	70
وزىڭ	اق	84
وزىڭ	جاقسىما	58
وزىڭ	قاشان	84
وزىڭ	قاربالاس	82
وزىڭ	ىشىپ	71
وزىڭ	قانداي	82
وزىڭ	امانسىڭبا	72
وزىڭ	ىستەپ	64
وزىڭ	ايتتىڭ	80
وزىڭ	شى	26
وزىڭ	قايداسىڭ	63
وزىڭ	كور	60
وزىڭ	كورىپ	89
وزىڭ	ايتقان	87
وزىڭ	تاۋىپ	88
وزىڭ	كەلە	89
وزىڭ	قابارلاس	79
وزىڭ	عانا	59
وزىڭ	قاراپ	51
وزىڭ	مىقتى	54
وزىڭ	توي	63
وزىڭ	ويلاپ	88
وزىڭ	ۇشىن	81
وزىڭ	شارشاپ	17
وزىڭ	ايتىڭ	89
وزىڭ	سياقتى	84
وزىڭ	جالعىز	87
وزىڭ	بىل	76
وزىڭ	بولساڭ	67
وزىڭ	ايتشى	75
وزىڭ	ستەپ	81
وزىڭ	بىردەمە	85
وزىڭ	قالايسىڭ	86
وزىڭ	دەنساۋلىعىڭ	15
وزىڭ	قانا	60
وزىڭ	بىلىپ	32
وزىڭ	بىلەسىڭ	86
وزىڭ	ىشتىڭبە	78
وزىڭ	جاقسىڭبا	90
وزىڭ	ويلاشى	75
وزىڭ	ويلانىپ	78
وزىڭ	قايجەردەن	86
وزىڭ	قاندايسىڭ	90
وزىڭ	ايتقانداي	69
وزىڭ	كورگەندەي	89
وزىڭ	بىلشى	63
وزىڭ	عاناما	64
وزىڭ	مەنى	47
وزىڭ	تەلەفون	65
وزىڭ	بارا	82
وزىڭ	تاماعىڭدى	84
وزىڭ	بىلسەڭ	81
ايتەۋ	جانىم	78
ايتەۋ	مەن	61
ايتەۋ	جوق	36
ايتەۋ	جاقسى	65
ايتەۋ	بىر	52
ايتەۋ	سول	19
ايتەۋ	نە	73
ايتەۋ	بار	63
ايتەۋ	سەن	62
ايتەۋ	ەندى	48
ايتەۋ	ەرتەڭ	77
ايتەۋ	ادام	71
ايتەۋ	بۇگىن	77
ايتەۋ	مەندە	43
ايتەۋ	ماعان	74
ايتەۋ	بارى	61
ايتەۋ	ەكى	78
ايتەۋ	مەنى	88
ايتەۋ	مەنىڭ	49
ايتەۋ	بولادى	53
ايتەۋ	ول	77
ايتەۋ	قايدا	71
ايتەۋ	سەنى	62
ايتەۋ	ساعان	83
ايتەۋ	وسى	85
ايتەۋ	قالاي	52
ايتەۋ	ۇيگە	81
ايتەۋ	تەلەفون	61
ايتەۋ	ايتىپ	86
ايتەۋ	امان	82
ايتەۋ	اقشا	52
ايتەۋ	قاربالاس	80
ايتەۋ	قويشى	75
ايتەۋ	كوپ	42
ايتەۋ	تاڭەرتەڭ	85
ايتەۋ	بىراز	84
ايتەۋ	باس	68
ايتەۋ	سەنىڭ	80
ايتەۋ	كەشە	79
ايتەۋ	انا	87
ايتەۋ	جۇمىس	87
ايتەۋ	تەز	84
ايتەۋ	اۋىرىپ	81
ايتەۋ	سەندە	89
ايتەۋ	جۇرمىن	84
ايتەۋ	قاتتى	80
ايتەۋ	قيىن	80
ايتەۋ	كۇندە	80
ايتەۋ	بىرەۋ	73
ايتەۋ	ءبىر	80
ايتەۋ	شارشاپ	72
ايتەۋ	شىن	85
ايتەۋ	جۇرىپ	90
ايتەۋ	بارىن	79
ايتەۋ	سونداي	85
ايتەۋ	سۇيتىپ	71
ايتەۋ	ارەڭ	86
ايتەۋ	ۇزىم	68
ايتەۋ	بىلمەي	66
ايتەۋ	بىلمەيمىن	83
ايتەۋ	بىردەمە	85
ايتەۋ	باسىم	67
ايتەۋ	وزىم	70
ايتەۋ	مەنەن	74
ايتەۋ	اياق	82
ايتەۋ	سەنەن	90
ايتەۋ	ۇستىپ	88
ايتەۋ	بايقا	89
ايتەۋ	بايقاپ	66
ايتەۋ	بىردەڭە	80
ايتەۋ	ءوزىم	88
ايتەۋ	بىرتۇرلى	89
ايتەۋ	توي	82
ايتەۋ	بىز	87
تەز	عوي	75
تەز	جانىم	65
تەز	مەن	56
تەز	دەپ	84
تەز	بول	81
تەز	جاقسى	69
تەز	ەكەن	20
تەز	بىر	66
تەز	بار	81
تەز	بولىپ	75
تەز	ال	63
تەز	الىپ	72
تەز	كەل	65
تەز	كەلىپ	18
تەز	بولسا	56
تەز	بارىپ	71
تەز	بولادى	62
تەز	تەلەفون	74
تەز	ايت	68
تەز	كەتىپ	80
تەز	كەلسىن	73
تەز	قايت	64
تەز	ۇيقتاپ	68
تەز	قايتىپ	59
تەز	جولدا	76
تەز	تەز	82
تەز	ات	79
تەز	اتىپ	69
تەز	شىعىپ	15
تەز	تاۋىپ	78
تەز	كەلە	72
تەز	قابارلاس	70
تەز	قوس	81
تەز	كەلەدى	86
تەز	توي	72
تەز	جولداشى	86
تەز	سويلە	73
تەز	ايتشى	83
تەز	ايىت	68
تەز	سۇيلە	26
تەز	جاۋاپ	81
تەز	ماس	58
تەز	اتشى	86
تەز	شىق	80
تەز	كەلىڭدەر	70
تەز	كەلشى	58
تەز	وتىپ	56
تەز	جۇرەتىن	83
تەز	بولىڭدار	50
تەز	ساقايىپ	84
تەز	جازىلىپ	65
تەز	سۇيلەشى	38
تەز	بولشى	68
تەز	سويلەشى	35
تەز	قايىت	87
تەز	ارادا	90
تەز	ساۋىعىپ	62
تەز	جازلىپ	81
تەز	جازىلسىن	87
تەز	ىرەك	90
تەز	توزسىن	82
تەز	ساقايسىن	76
تەز	كەلىڭىز	53
تەز	كارتەيىپ	74
سوڭ	جانىم	82
سوڭ	مەن	77
سوڭ	دەپ	86
سوڭ	جوق	50
سوڭ	بولسىن	61
سوڭ	جاقسى	81
سوڭ	بولدى	65
سوڭ	بىر	43
سوڭ	سول	48
سوڭ	نە	89
سوڭ	سەن	64
سوڭ	ەندى	67
سوڭ	الىپ	80
سوڭ	كەل	66
سوڭ	كەلىپ	74
سوڭ	ادام	74
سوڭ	مەندە	59
سوڭ	ماعان	53
سوڭ	بارى	78
سوڭ	بارىپ	70
سوڭ	ەكى	56
سوڭ	مەنى	78
سوڭ	مەنىڭ	69
سوڭ	بولادى	71
سوڭ	نەگە	83
سوڭ	ول	84
سوڭ	سەنى	86
سوڭ	ساعان	79
سوڭ	وسى	59
سوڭ	تاماق	77
سوڭ	ۇيگە	60
سوڭ	تەلەفون	78
سوڭ	ايتىپ	65
سوڭ	بىرگە	83
سوڭ	اق	62
سوڭ	بىراق	45
سوڭ	ىشىپ	52
سوڭ	تاعى	67
سوڭ	كوپ	85
سوڭ	كەتىپ	82
سوڭ	بىراز	82
سوڭ	باسقا	87
سوڭ	سەنىڭ	71
سوڭ	قايتا	85
سوڭ	ۇيقتاپ	71
سوڭ	قايتىپ	79
سوڭ	جولداپ	77
سوڭ	اتىپ	60
سوڭ	بەرەيىن	71
سوڭ	ايتقان	52
سوڭ	بارام	76
سوڭ	قابارلاس	88
سوڭ	ايتا	80
سوڭ	قوسىپ	87
سوڭ	سوعان	86
سوڭ	اپارىپ	56
سوڭ	سۇراپ	62
سوڭ	قايدان	86
سوڭ	كەلەدى	71
سوڭ	بارايىن	88
سوڭ	امال	64
سوڭ	جۋىپ	80
سوڭ	بارىن	87
سوڭ	سونداي	79
سوڭ	سۇيتىپ	71
سوڭ	بارامىن	68
سوڭ	ونداي	77
سوڭ	بەكەر	84
سوڭ	ۇزىم	69
سوڭ	سويلەپ	90
سوڭ	سولاي	79
سوڭ	وزىم	83
سوڭ	سۇيلەپ	86
سوڭ	بارامىز	85
سوڭ	قايتارىپ	77
سوڭ	ايتايىن	88
سوڭ	شپيىڭ	83
سوڭ	بارايىق	89
سوڭ	قايتام	87
سوڭ	قابارلاسايىن	72
سوڭ	ايتقانىم	84
سوڭ	قايتامىن	39
سوڭ	قايتامىز	79
سوڭ	سويلەيىن	44
سوڭ	سۇراعانىم	83
سوڭ	سۇيلەيىن	65
سوڭ	بار	76
سوڭ	سەندە	62
سوڭ	ايتام	83
سوڭ	سويلە	61
اعا	جان	78
اعا	جانىم	57
اعا	سالەم	81
اعا	مەن	85
اعا	دەپ	71
اعا	جوق	36
اعا	جاقسى	51
اعا	بولدى	59
اعا	بىر	87
اعا	سول	56
اعا	نە	56
اعا	نەعىپ	69
اعا	بار	76
اعا	ەندى	65
اعا	راحىمەت	79
اعا	ماقۇل	77
اعا	وندا	47
اعا	كەلىپ	83
اعا	ەرتەڭ	72
اعا	بۇگىن	60
اعا	مەندە	55
اعا	ماعان	68
اعا	ەكى	75
اعا	مەنى	66
اعا	مەنىڭ	75
اعا	قايىرلى	74
اعا	ول	78
اعا	قايدا	80
اعا	وسى	76
اعا	جارايدى	89
اعا	قالاي	83
اعا	تەلەفون	80
اعا	امان	80
اعا	امانشىلىق	62
اعا	اقشا	69
اعا	دەگەن	61
اعا	بارما	79
اعا	تاڭەرتەڭ	84
اعا	بىراز	77
اعا	مىنا	82
اعا	قانداي	80
اعا	انا	89
اعا	يۋان	86
اعا	اعا	82
اعا	بىز	82
اعا	ۇيات	87
اعا	سوم	87
اعا	كەرەمەت	75
اعا	تۋىلعان	71
اعا	الگى	18
اعا	امانسىز	88
اعا	امانسىزبا	81
اعا	سىز	83
اعا	سىزگە	75
اعا	باۋىر	88
اعا	ايتقانىڭىز	73
اعا	اپەكە	70
اعا	جەڭگە	82
اعا	جاقسىز	55
اعا	دەنساۋلىعىڭىز	63
اعا	جاقسىزبا	79
اعا	جەڭگەم	63
اعا	بارسىزبا	67
اعا	سىزدەن	77
اعا	قالىڭىز	79
اعا	سەمياڭىزبەن	64
اعا	باۋىرلار	57
اعا	توي	70
اعا	كەشە	78
اعا	ەكەمىز	86
ات	مەن	78
ات	دەپ	48
ات	جوق	56
ات	ەكەن	37
ات	بىر	43
ات	بار	59
ات	ەندى	35
ات	بولىپ	56
ات	قوي	52
ات	الىپ	64
ات	وندا	62
ات	بولسا	55
ات	ماعان	52
ات	دەيدى	63
ات	بارما	60
ات	تەز	60
ات	ەي	44
ات	قويىپ	56
ات	اقشانى	47
ات	ساتىلادى	62
ات	باسىن	47
ات	بايگە	60
ات	مايلاپ	50
ات	جالىن	52
اتى	جوق	56
اتى	نە	21
اتى	بار	35
اتى	كىم	27
اتى	جونى	9
اتى	جۇنى	43
اتى	ءجونى	47
اتى	جونىڭ	51
اتىپ	جاتىر	42
اتىپ	قوي	64
اتىپ	الىپ	19
اتىپ	تۇر	87
اتىپ	جاتىرمىن	55
اتىپ	وتىر	76
اتىپ	كەتتى	74
اتىپ	قويشى	77
اتىپ	بەر	42
اتىپ	بەرىپ	20
اتىپ	اتىپ	44
اتىپ	بەرە	85
اتىپ	بەرەيىن	38
اتىپ	قويدى	13
اتىپ	قويدىم	77
اتىپ	جاتقان	16
اتىپ	قويىپ	84
اتىپ	بەرەم	17
اتىپ	جۇرسىڭ	78
اتىپ	بەرشى	85
اتىپ	بەرەدى	25
اتىپ	قويايىن	28
اتىپ	بەرسىن	86
اتىپ	وتىرسىڭ	64
اتىپ	بەرەتىن	32
اتىپ	بەرەمىن	72
اتىپ	بەرسە	61
اتىپ	بەرسەڭ	73
اتىپ	بەرگەن	53
اتىپ	بەردى	60
اتىپ	بەردىم	51
اتىپ	تۇرشى	60
اتىپ	قويساڭ	41
اتىپ	قويعان	29
اتىپ	بەرەسىڭ	83
اتىپ	قويىپتى	86
اتىپ	تۇرساڭ	48
اتىپ	قويعام	63
اتىپ	قويام	86
اتىپ	بەرسەم	74
اتىپ	بەرىڭىز	58
اتىپ	تۇرايىن	57
اتىپ	قويىڭىز	62
اتىپ	جىبەر	86
اتىپ	قويپتى	46
اتىپ	قويسام	58
اتىپ	بەرەيىك	77
اتىپ	بەرسەڭىز	65
اتىپ	بەرەسىڭبە	79
اتىپ	قويامىن	76
اتىپ	قۇيدىم	67
اتىپ	قويىڭىزدار	70
اتىپ	بەرگەم	76
اتىپ	جىبەرەيىن	75
اتىپ	قويساڭىز	60
اتىپ	بەرىڭىزشى	78
اتىپ	قۇيايىن	84
اتىپ	بەرىپتى	64
اتىپ	جىبەرشى	77
اتىپ	تۇرىڭىزشى	87
اتىپ	بەرەيىنبە	81
اتىپ	بەريىن	85
اتىپ	ەتەيىن	75
اتىپ	جبەر	84
اتىپ	قويايىنبا	77
اتىپ	بەرمىن	75
اتىپ	ەتشى	87
اتىپ	قوياسىڭبا	83
اتىپ	جىبەرىڭىز	60
بوپ	مەن	77
بوپ	بىر	85
بوپ	سول	77
بوپ	ەندى	87
بوپ	جاتىر	77
بوپ	جاتىرسىڭ	33
بوپ	تۇر	86
بوپ	جاتىرمىن	17
بوپ	وتىر	17
بوپ	وتىرمىن	58
بوپ	كەتتى	69
بوپ	قالدى	63
بوپ	كەتى	17
بوپ	كەتىپ	65
بوپ	ەدى	60
بوپ	جۇر	84
بوپ	كەتتىم	57
بوپ	قالدىم	38
بوپ	قويدى	67
بوپ	تۇرىپ	39
بوپ	جۇرمىن	84
بوپ	بارا	81
بوپ	تۇرمىن	85
بوپ	قالعان	45
بوپ	كەتتىڭ	72
بوپ	قالدىڭ	58
بوپ	قالدىڭبا	66
بوپ	جاتقان	47
بوپ	كەتكەن	51
بوپ	جاتىرمىز	72
بوپ	جۇرە	87
بوپ	جۇرگەن	82
بوپ	كەتەدى	83
بوپ	جۇرىپ	43
بوپ	جۇرسىڭ	67
بوپ	تۇرعان	72
بوپ	قالادى	63
بوپ	قالىپ	71
بوپ	قالىپتى	84
بوپ	بارادى	45
بوپ	كەتىپتى	84
بوپ	قالپتى	79
بوپ	كەتەم	58
بوپ	قالسا	77
بوپ	كەتەتىن	71
بوپ	كەتسە	68
بوپ	تۇرسىڭ	68
بوپ	باراسىڭ	80
بوپ	قالدىق	87
بوپ	تۇرادى	68
بوپ	قالدىما	68
بوپ	كەتپتى	87
بوپ	تۇرسا	73
بوپ	قالاتىن	71
بوپ	كەتەسىڭ	75
بوپ	تۇرما	65
بوپ	قالام	67
بوپ	قالاما	78
بوپ	كەتىم	66
بوپ	قالاسىڭ	62
بوپ	قالار	79
بوپ	قاپ	73
بوپ	جاتسا	79
بوپ	قالماسىن	68
بوپ	كەتتىك	77
بوپ	جاتر	72
بوپ	قاپتى	76
بوپ	جۇرمەسىن	80
بوپ	كەتىڭ	54
بوپ	كەتكەم	72
بوپ	تۇرعوي	87
بوپ	كەتەمە	67
بوپ	كەتەر	83
بوپ	تۇرعانى	87
بوپ	كەتىپسىڭ	80
بوپ	كەتتڭ	84
قالدىم	عوي	90
قالدىم	جانىم	14
قالدىم	مەن	23
قالدىم	دەپ	66
قالدىم	جاقسى	38
قالدىم	بولدى	87
قالدىم	ەكەن	88
قالدىم	بىر	88
قالدىم	سول	65
قالدىم	نە	69
قالدىم	سەن	76
قالدىم	ەندى	68
قالدىم	راحىمەت	64
قالدىم	قوي	79
قالدىم	ەرتەڭ	76
قالدىم	بۇگىن	69
قالدىم	مەندە	65
قالدىم	سودان	83
قالدىم	ەكى	84
قالدىم	ول	71
قالدىم	سەنى	71
قالدىم	ساعان	87
قالدىم	وسى	64
قالدىم	دەيدى	83
قالدىم	ۇيگە	55
قالدىم	دوسىم	75
قالدىم	دەگەن	71
قالدىم	بىراق	83
قالدىم	تاڭەرتەڭ	90
قالدىم	بىراز	82
قالدىم	راس	84
قالدىم	كەشە	90
قالدىم	ايتەۋ	91
قالدىم	دەسەم	80
قالدىم	ۇيات	88
قالدىم	ەمەسپە	66
قالدىم	دەشى	74
قالدىم	قۇرسىن	65
قالدىم	رەنجىمە	86
قالدىم	ايتپەسە	63
قالدىم	تاعى	82
قالدىم	ازىر	83
قالدىم	قايتا	91
دەسە	مەن	86
دەسە	بولدى	36
دەسە	بىر	35
دەسە	سول	55
دەسە	نە	51
دەسە	سەن	37
دەسە	وندا	53
دەسە	ماعان	57
دەسە	بولادى	55
دەسە	نەگە	60
دەسە	ول	61
دەسە	تاعى	47
دەسە	قايتەم	57
دەسە	قايتەسىڭ	53
دەسە	قۇلاق	57
دەسەم	جانىم	53
دەسەم	مەن	77
دەسەم	جوق	65
دەسەم	جاقسى	46
دەسەم	بولدى	82
دەسەم	بىر	63
دەسەم	سول	61
دەسەم	نە	78
دەسەم	بار	72
دەسەم	سەن	66
دەسەم	ەندى	42
دەسەم	ماقۇل	83
دەسەم	وندا	79
دەسەم	يا	88
دەسەم	ەرتەڭ	68
دەسەم	ادام	69
دەسەم	بۇگىن	77
دەسەم	مەندە	73
دەسەم	ماعان	81
دەسەم	بارى	82
دەسەم	ەكى	84
دەسەم	مەنى	77
دەسەم	بولادى	69
دەسەم	نەگە	74
دەسەم	ول	65
دەسەم	سەنى	62
دەسەم	ساعان	51
دەسەم	وسى	88
دەسەم	قالاي	74
دەسەم	ۇيدە	76
دەسەم	تەلەفون	82
دەسەم	كۇن	82
دەسەم	اقشا	51
دەسەم	ۇزىڭ	73
دەسەم	قاربالاس	51
دەسەم	تاعى	77
دەسەم	كەتىپ	88
دەسەم	بىراز	77
دەسەم	مىنا	67
دەسەم	سەنىڭ	85
دەسەم	بولاما	86
دەسەم	قايتا	87
دەسەم	انا	85
دەسەم	ۇيقتاپ	81
دەسەم	وزىڭ	77
دەسەم	وعان	67
دەسەم	سەندە	56
دەسەم	ۇيات	83
دەسەم	ۋاقىت	83
دەسەم	سوعان	87
دەسەم	جاي	79
دەسەم	شارشاپ	80
دەسەم	بولماي	74
دەسەم	بولمايدى	86
دەسەم	جالعىز	81
دەسەم	قاتە	78
دەسەم	كەلمەي	87
دەسەم	قولايسىز	82
دەسەم	ايتادى	78
دەسەم	جاۋاپ	58
دەسەم	اپام	77
دەسەم	كولىك	76
دەسەم	رەنجىپ	76
دەسەم	جاعداي	75
دەسەم	ۇيقىم	84
دەسەم	بولار	82
دەسەم	ۇن	85
دەسەم	ۇندەمەي	73
دەسەم	سويلەمەي	86
دەسەم	بارماي	65
دەسەم	قورقىپ	86
دەسەم	جەتپەي	87
دەسەم	اقشام	49
دەسەم	ۇيالىپ	83
دەسەم	سەنبەيسىڭ	69
دەسەم	ۇيالدىم	87
دەسەم	ەرىنىپ	77
دەسەم	ۇناماي	80
دەسەم	ەرنىپ	65
دەسەم	ۇندەمەيدى	74
دەسەم	ۇندەمەيسىڭ	88
دەسەم	الى	74
دەسەم	ونى	81
دەسەم	ماشينا	75
دەسەم	كۇلىك	65
دەسەم	سۇيلەمەي	88
كەر	باعىپ	85
كەرەك	عوي	10
كەرەك	جانىم	57
كەرەك	مەن	60
كەرەك	دەپ	56
كەرەك	جوق	70
كەرەك	بولدى	44
كەرەك	ەكەن	46
كەرەك	بىر	22
كەرەك	سول	77
كەرەك	سەن	83
كەرەك	ەندى	80
كەرەك	بولىپ	81
كەرەك	قوي	12
كەرەك	الىپ	16
كەرەك	ادام	79
كەرەك	بولسا	83
كەرەك	ماعان	20
كەرەك	بولادى	67
كەرەك	ول	61
كەرەك	ساعان	81
كەرەك	دەيدى	77
كەرەك	دەگەن	60
كەرەك	ەمەس	77
كەرەك	ەدى	19
كەرەك	پا	24
كەرەك	سوندا	81
كەرەك	بوپ	73
كەرەك	شىعار	39
كەرەك	كەزدە	69
كەرەك	بولعان	56
كەرەك	ەمەسپە	81
كەرەك	بولماسا	71
كەرەك	سياقتى	73
كەرەك	قىلىپ	84
كەرەك	دەسەڭ	74
كەرەك	بولپ	74
كەرەك	بولعاندا	83
كەرەك	ەكەنىن	80
كەرەك	قىلادى	82
كەرەك	كەزىندە	79
كەرەك	قىلاتىن	84
كەرەك	قىلماي	85
كەرەك	قىلمايدى	44
كەرەك	جاراق	70
كەرەك	قىلمايتىن	50
كەرەك	قىلمايسىڭ	79
كەرەك	جاراعىن	70
كوڭىل	عوي	87
كوڭىل	جوق	47
كوڭىل	بول	62
كوڭىل	بولىپ	13
كوڭىل	ايتىپ	24
كوڭىل	دەگەن	68
كوڭىل	اشىق	64
كوڭىل	كۇي	46
كوڭىل	كوتەرىپ	40
كوڭىل	بولە	46
كوڭىل	كۇيى	12
كوڭىل	كۇيىم	63
كوڭىل	بولىڭىز	15
كوڭىل	كۇيىڭ	50
كوڭىل	كۇيدە	24
كوڭىل	كۇيدى	39
كوڭىل	كۇيىڭدى	41
كوڭىل	ءبول	30
كوڭىل	ءبولىپ	38
كوڭىل	كۇيدەن	23
كوڭىل	كۇيگە	63
كوڭىل	كۇيىمدى	67
كوڭىل	كۇيىن	40
كوڭىل	بولەتىن	56
كوڭىل	كۇيمەن	51
كوڭىل	كۇيىڭىز	68
كوڭىل	كۇيىڭە	68
كوڭىل	بولگەنىڭە	68
كوڭىل	قالدى	55
كوڭىل	بۇل	57
كوڭىل	كۇيڭدى	62
كوڭىل	كۇيىمدە	53
كوڭىلدى	بول	86
كوڭىلدى	بولسىن	76
كوڭىلدى	بولىپ	3
كوڭىلدى	كۇن	73
كوڭىلدى	وت	67
كوڭىلدى	وتىر	83
كوڭىلدى	جۇر	64
كوڭىلدى	ماڭگى	34
كوڭىلدى	ويناپ	77
كوڭىلدى	بولساڭ	82
كوڭىلدى	دەنساۋلىعىڭ	69
كوڭىلدى	كۇندەر	28
كوڭىلدى	كەشكى	89
كوڭىلدى	ىستەرىڭ	42
كوڭىلدى	بولسن	86
كوڭىلدى	تۇسكى	59
كوڭىلدى	جۇرسەڭ	15
كوڭىلدى	وتباستارىڭ	89
كوڭىلدى	وتباستارىڭىز	92
كوڭىلدى	ىستەرىڭىز	50
كوڭىلدى	وقۋى	80
كوڭىلدى	وتباسىڭ	35
كوڭىلدى	قىزىمەتىڭ	78
كوڭىلدى	وقۋىڭ	64
كوڭىلدى	كۇندەردەن	56
كوڭىلدى	جاقسى	68
كوڭىلدى	وينا	61
كوڭىلدى	بولاشاعى	79
كوڭىلدى	وقۋلارىڭ	71
ايتتى	عوي	60
ايتتى	مەن	14
ايتتى	دەپ	51
ايتتى	ەكەن	14
ايتتى	سودان	45
ايتتى	ماعان	41
ايتتى	ساعان	58
ايتتى	دەيدى	51
ايتتى	دەگەن	17
ايتتى	دەسەڭ	53
ايتتى	دەمە	55
ايتتىڭ	عوي	35
ايتتىڭ	جانىم	13
ايتتىڭ	مەن	16
ايتتىڭ	دەپ	62
ايتتىڭ	بىر	77
ايتتىڭ	سول	76
ايتتىڭ	سەن	60
ايتتىڭ	ەندى	75
ايتتىڭ	قوي	77
ايتتىڭ	قابىل	42
ايتتىڭ	مەندە	80
ايتتىڭ	ول	70
ايتتىڭ	وسى	80
ايتتىڭ	دوسىم	79
ايتتىڭ	ونى	68
ايتتىڭ	راس	45
ايتتىڭ	تەكە	70
اۋ	جانىم	71
اۋ	مەن	11
اۋ	دەپ	55
اۋ	سول	37
اۋ	نە	50
اۋ	سەن	57
اۋ	مەنىڭ	69
اۋ	سەنى	49
اۋ	وسى	64
اۋ	دوسىم	69
اۋ	دەگەن	58
اۋ	اۋ	67
اۋ	دەيمىن	40
اۋ	دەشى	19
اۋ	تاتتىم	68
اۋ	دەيىم	67
اۋ	ەندى	63
اۋىر	عوي	55
اۋىر	ەكەن	35
اۋىر	بولىپ	18
اۋىر	بولسا	44
اۋىر	بولادى	42
اۋىر	ەمەس	44
اۋىر	جۇمىس	28
اۋىر	كەلەدى	20
اۋىر	نارسە	37
اۋىر	اياق	20
اۋىر	سوز	18
اۋىر	سۇز	37
اۋىر	كەلىپ	20
اۋىر	دارەجەدە	41
اۋىرىپ	جاقسى	44
اۋىرىپ	بىر	72
اۋىرىپ	سول	66
اۋىرىپ	جاتىر	73
اۋىرىپ	بۇگىن	16
اۋىرىپ	تۇر	70
اۋىرىپ	سودان	81
اۋىرىپ	ەكى	12
اۋىرىپ	جاتىرمىن	75
اۋىرىپ	وتىر	16
اۋىرىپ	وتىرمىن	55
اۋىرىپ	كەتتى	19
اۋىرىپ	قالدى	48
اۋىرىپ	كەتىپ	32
اۋىرىپ	جۇر	81
اۋىرىپ	كەشە	37
اۋىرىپ	قالدىم	87
اۋىرىپ	سونى	88
اۋىرىپ	جۇرمىن	40
اۋىرىپ	جاتىپ	85
اۋىرىپ	تۇرمىن	66
اۋىرىپ	قالعان	52
اۋىرىپ	سوعان	52
اۋىرىپ	قالدىڭ	37
اۋىرىپ	قالدىڭبا	81
اۋىرىپ	جاتقان	78
اۋىرىپ	شارشاپ	85
اۋىرىپ	بولماي	63
اۋىرىپ	جۇرگەن	79
اۋىرىپ	كەتەدى	68
اۋىرىپ	جۇرىپ	50
اۋىرىپ	ارەڭ	86
اۋىرىپ	تۇرعان	51
اۋىرىپ	دارى	50
اۋىرىپ	باسىم	64
اۋىرىپ	قالادى	81
اۋىرىپ	قالىپ	76
اۋىرىپ	قالىپتى	60
اۋىرىپ	قالىپپىن	38
اۋىرىپ	قالپتى	70
اۋىرىپ	ۇيقتاي	53
اۋىرىپ	قالسا	78
اۋىرىپ	شىقتى	79
اۋىرىپ	شىقتىم	77
اۋىرىپ	جاتتىم	76
اۋىرىپ	قالدىما	79
اۋىرىپ	جۇرمە	61
اۋىرىپ	تۇرسا	80
اۋىرىپ	قالاتىن	75
اۋىرىپ	قالما	67
اۋىرىپ	تۇرما	76
اۋىرىپ	قالام	49
اۋىرىپ	قالاما	87
اۋىرىپ	قالاسىڭ	77
اۋىرىپ	تۇرساڭ	65
اۋىرىپ	جاتسا	81
اۋىرىپ	جاتىرما	78
اۋىرىپ	دوحتىرعا	64
اۋىرىپ	قالماسىن	57
اۋىرىپ	جاتسام	75
اۋىرىپ	جۇرگەندە	85
اۋىرىپ	قاپتى	65
اۋىرىپ	وكىل	85
اۋىرىپ	ۇكىل	78
اۋىرىپ	ءارەڭ	70
اۋىرىپ	تۇرعاندا	84
اۋىرىپ	جاتقاندا	66
اۋىرىپ	قالساڭ	81
اۋىرىپ	تۇرسىڭبا	79
اۋىرىپ	قۇسىپ	76
اۋىرىپ	قالپپىن	83
اۋىرىپ	قالعانبا	87
اۋىرىپ	تۇرعانى	85
اۋىرىپ	دوحتىرحانادا	82
اۋىرىپ	ولگەلى	75
اۋىرىپ	كەلە	48
اۋىرىپ	جۇرەگىم	70
اۋىرىپ	قالماشى	84
تۇن	جانىم	66
تۇن	مەن	21
تۇن	جوق	73
تۇن	بولسىن	53
تۇن	جاقسى	74
تۇن	بولدى	48
تۇن	نەعىپ	74
تۇن	بولىپ	78
تۇن	ەرتەڭ	63
تۇن	بولسا	79
تۇن	سودان	70
تۇن	بولادى	78
تۇن	بىرگە	66
تۇن	دوسىم	77
تۇن	امان	70
تۇن	امانشىلىق	74
تۇن	امانسىڭبا	75
تۇن	تۇن	77
تۇن	قىزدار	68
تۇن	بولسادا	17
تۇن	سۋىق	7
تۇن	دوستار	56
تۇن	ىشىندە	77
تۇن	تىنىشتىعىن	62
تۇن	جارىمدا	72
تۇن	تىنشتىعىن	71
تۇن	دەمەي	68
تۇن	بارشاڭىزعا	38
تۇن	ىشندە	76
تۇن	ورتاسى	70
تۇن	ورتاسىندا	65
تۇن	ورتاسىنا	73
تۇن	جامىلىپ	83
تۇن	ورتاسندا	78
تۇن	تنشتعىن	79
تۇن	ۇزارسا	54
تۇن	جارىمىندا	71
تۇندە	مەن	82
تۇندە	جوق	47
تۇندە	جاقسى	63
تۇندە	بىر	52
تۇندە	سول	43
تۇندە	نە	70
تۇندە	نەعىپ	47
تۇندە	سەن	61
تۇندە	الىپ	78
تۇندە	ون	56
تۇندە	كەلىپ	88
تۇندە	ەرتە	41
تۇندە	مەندە	64
تۇندە	ماعان	56
تۇندە	بارىپ	48
تۇندە	ەكى	77
تۇندە	مەنى	39
تۇندە	مەنىڭ	67
تۇندە	قاي	69
تۇندە	نەگە	82
تۇندە	ول	63
تۇندە	قايدا	56
تۇندە	سەنى	49
تۇندە	ساعان	67
تۇندە	تاماق	84
تۇندە	قالاي	61
تۇندە	ۇيدە	77
تۇندە	ۇيگە	80
تۇندە	تەلەفون	89
تۇندە	ايتىپ	59
تۇندە	بىرگە	86
تۇندە	كىم	51
تۇندە	تاڭ	81
تۇندە	بىراق	81
تۇندە	قانشا	85
تۇندە	ىشىپ	82
تۇندە	تاعى	63
تۇندە	كوپ	55
تۇندە	كەتىپ	72
تۇندە	بىراز	70
تۇندە	نەدەگەن	59
تۇندە	قانداي	73
تۇندە	سەنىڭ	68
تۇندە	ىستەپ	50
تۇندە	قايتا	21
تۇندە	انا	77
تۇندە	ۇيقتاپ	84
تۇندە	قايتىپ	77
تۇندە	جۇمىس	84
تۇندە	اۋىرىپ	85
تۇندە	كەلدى	85
تۇندە	كەلدىم	79
تۇندە	شىعىپ	56
تۇندە	بارام	86
تۇندە	قاتتى	77
تۇندە	عانا	68
تۇندە	جاتىپ	71
تۇندە	كۇپ	26
تۇندە	كەلەدى	47
تۇندە	ساعات	80
تۇندە	جاي	80
تۇندە	كەپ	75
تۇندە	بىرەۋ	73
تۇندە	بارايىن	82
تۇندە	شارشاپ	86
تۇندە	بولسادا	79
تۇندە	جالعىز	74
تۇندە	ارەڭ	81
تۇندە	ويناپ	86
تۇندە	كەلگەن	88
تۇندە	سويلەپ	80
تۇندە	نەشە	80
تۇندە	ۇيىقتاپ	81
تۇندە	قايداعى	55
تۇندە	اراق	86
تۇندە	سۇيلەپ	86
تۇندە	ايتتىم	63
تۇندە	ماس	86
تۇندە	ۇيقى	81
تۇندە	ۇيقىم	62
تۇندە	بارسام	85
تۇندە	شپيىڭ	75
تۇندە	ۇيقتاي	87
تۇندە	سويلەمەي	62
تۇندە	ۇيقىڭ	85
تۇندە	دالاعا	82
تۇندە	سۇيلەمەي	85
تۇندە	قىزىپ	85
تۇندە	نەشەدە	86
تۇندە	جاتقاندا	83
تۇندە	ۇيىقتاي	85
تۇندە	ۇيقتاماي	80
تۇندە	قايۋاقتا	83
تۇندە	تۇسىمە	80
تۇندە	تۇسىمدە	55
تۇندە	تۇسمە	80
تۇندە	كەل	79
تۇندە	امان	81
تۇندە	تويعا	80
تۇندە	ماشينا	72
تۇندە	كەلدىك	75
تۇندە	قايتام	86
تۇندە	تويدا	78
تۇندە	كەلگەم	85
تۇندە	تويدان	77
بەرە	عوي	85
بەرە	سال	43
بەرە	تۇر	14
بەرە	بەر	19
بەرە	الماي	35
بەرە	بەرەيىن	46
بەرە	سالىپ	76
بەرە	الاتىن	52
بەرە	بەرەدى	75
بەرە	الام	74
بەرە	بەرەتىن	67
بەرە	المايمىن	69
بەرە	بەرسەڭ	37
بەرە	المايسىڭ	38
بەرە	الامىن	73
بەرە	المادىم	75
بەرە	المايدى	73
بەرە	تۇرشى	75
بەرە	مەكەن	49
بەرە	الاسىڭ	20
بەرە	سالشى	70
بەرە	الاسىڭبا	20
بەرە	تۇرساڭ	35
بەرە	سالايىن	65
بەرە	المايتىن	53
بەرە	سالام	58
بەرە	تۇرايىن	42
بەرە	سالاتىن	31
بەرە	الماساڭ	23
بەرە	سالدى	50
بەرە	سالدىم	71
بەرە	سالسا	59
بەرە	سالساڭ	59
بەرە	سالعان	45
بەرە	سالىڭىز	31
بەرە	سالادى	74
بەرە	الاما	71
بەرە	الماعان	34
بەرە	المايىم	73
بەرە	سالامىن	61
بەرە	تۇرىڭىز	50
بەرە	سالايىق	74
بەرە	سالامىز	55
بەرە	الاسڭبا	77
بەرە	تۇرىڭىزشى	58
بەرە	الاسىزبا	74
بەرە	سالاسىڭ	54
بەرە	سالسام	57
بەرە	سالعام	65
بەرە	سالىڭدار	55
بەرە	سالماي	67
بەرە	تۇراسىڭبا	70
بەرە	سالاسىڭبا	75
بەرە	تۇرساڭىز	51
بەرە	سالىڭىزدار	48
بەرە	سالساڭىز	66
بەرە	سالسىن	66
بەرە	سالساق	65
بەرە	سالىڭىزشى	57
بەرە	سالڭىز	76
بەرە	تۇراسىزبا	70
بەرە	سالاسىزبا	75
بەرە	سالار	45
بەرە	سالڭىزدار	69
بەرە	سالايىنبا	73
بەرە	سالعانىم	77
بەرە	سالساڭىزدار	63
بەرەيىن	جانىم	76
بەرەيىن	مەن	35
بەرەيىن	دەپ	69
بەرەيىن	بولدى	15
بەرەيىن	بىر	80
بەرەيىن	سول	64
بەرەيىن	نە	84
بەرەيىن	سەن	85
بەرەيىن	ەندى	63
بەرەيىن	الىپ	50
بەرەيىن	وندا	82
بەرەيىن	يا	84
بەرەيىن	ەرتەڭ	75
بەرەيىن	بۇگىن	68
بەرەيىن	سودان	81
بەرەيىن	ماعان	75
بەرەيىن	ەكى	82
بەرەيىن	ساعان	85
بەرەيىن	دەيدى	64
بەرەيىن	دوسىم	33
بەرەيىن	دەگەن	74
بەرەيىن	قانشا	51
بەرەيىن	بولاما	84
بەرەيىن	ازىر	22
بەرەيىن	اعا	77
بەرەيىن	دەسە	80
بەرەيىن	دەسەم	81
بەرەيىن	ۇيات	29
بەرەيىن	قازىر	74
بەرەيىن	دەدى	85
بەرەيىن	دەدىم	72
بەرەيىن	دەگەم	57
بەرەيىن	دەسەڭ	29
بەرەيىن	دەگەنىم	83
بەرەيىن	دەكەم	85
كەلدى	عوي	83
كەلدى	جانىم	16
كەلدى	مەن	33
كەلدى	دەپ	60
كەلدى	بولدى	21
كەلدى	ەكەن	76
كەلدى	بىر	47
كەلدى	سول	65
كەلدى	سەن	68
كەلدى	ەندى	78
كەلدى	قوي	54
كەلدى	الىپ	73
كەلدى	ەرتەڭ	71
كەلدى	بۇگىن	68
كەلدى	سودان	79
كەلدى	ەكى	64
كەلدى	ول	76
كەلدى	سەنى	64
كەلدى	تاماق	76
كەلدى	دەيدى	65
كەلدى	ۇيگە	54
كەلدى	دەگەن	59
كەلدى	بىراق	69
كەلدى	شاي	77
كەلدى	ازىر	79
كەلدى	جاڭا	64
كەلدى	ەمەسپە	81
كەلدى	الاتىن	68
كەلدى	الۋشىلار	64
كەلدى	تاڭەرتەڭ	62
كەلدى	كەشە	79
كەلدىم	عوي	60
كەلدىم	جانىم	23
كەلدىم	مەن	23
كەلدىم	دەپ	77
كەلدىم	بىر	39
كەلدىم	سول	64
كەلدىم	سەن	78
كەلدىم	ەندى	73
كەلدىم	ەرتەڭ	87
كەلدىم	بۇگىن	67
كەلدىم	مەندە	65
كەلدىم	سودان	84
كەلدىم	ەكى	80
كەلدىم	تاماق	82
كەلدىم	دەيدى	64
كەلدىم	ۇيگە	89
كەلدىم	تەلەفون	60
كەلدىم	دوسىم	18
كەلدىم	تاڭەرتەڭ	84
كەلدىم	بىراز	79
كەلدىم	شاي	63
كەلدىم	ازىر	81
كەلدىم	كەشە	80
كەلدىم	جاڭا	76
كەلدىم	جاڭە	80
كەلدىم	شارشاپ	77
كەلدىم	دەسەڭ	88
كەلدىم	مىنە	88
كەلدىم	ۇيكە	83
كەلدىم	جاتاققا	75
كەلدىم	جۇمىستان	86
كەلدىم	قوي	47
كەلدىم	ۇيدە	82
كەلدىم	دەگەن	80
كەلدىم	اۋدانعا	79
كەلدىم	تاۋدان	73
شى	جانىم	67
شى	مەن	16
شى	دەپ	57
شى	بولدى	55
شى	نەعىپ	54
شى	بولاما	49
شى	تەز	19
شىعا	سال	87
شىعا	بەر	11
شىعا	الماي	59
شىعا	بەرەيىن	51
شىعا	كەلدى	19
شىعا	سالىپ	35
شىعا	كەلەدى	36
شىعا	بەرەدى	37
شىعا	بەرسىن	15
شىعا	المايمىن	44
شىعا	المايسىڭ	55
شىعا	المادىم	46
شىعا	كەلدىڭ	38
شىعا	الساڭ	36
شىعا	كەلەسىڭ	58
شىعا	المايدى	55
شىعا	قالسا	36
شىعا	الاسىڭبا	49
شىعا	المايتىن	19
شىعا	الماساڭ	31
شىعا	المايىم	59
شىعا	المايسىڭبا	55
شىعا	الاسىڭ	58
شىعا	سالشى	56
شىعا	بەرىڭدەر	53
شىعار	جانىم	55
شىعار	مەن	32
شىعار	دەپ	82
شىعار	جوق	58
شىعار	ەكەن	87
شىعار	بىر	78
شىعار	سول	66
شىعار	نە	72
شىعار	سەن	86
شىعار	ەندى	74
شىعار	وندا	54
شىعار	يا	70
شىعار	ەرتەڭ	64
شىعار	بۇگىن	83
شىعار	مەندە	81
شىعار	ماعان	77
شىعار	مەنى	85
شىعار	ول	82
شىعار	سەنى	82
شىعار	ساعان	62
شىعار	وسى	74
شىعار	دەيدى	76
شىعار	يە	79
شىعار	بىراق	83
شىعار	مىن	77
شىعار	دەسەم	63
شىعار	دەيمىن	77
شىعار	دەدىم	80
شىعار	سىڭ	78
شىعار	بالكىم	25
شىعار	بولدى	25
شىعىپ	بولدى	51
شىعىپ	بىر	85
شىعىپ	ەندى	60
شىعىپ	جاتىر	79
شىعىپ	ال	40
شىعىپ	الىپ	77
شىعىپ	كەل	45
شىعىپ	كەلىپ	75
شىعىپ	تۇر	86
شىعىپ	بارىپ	64
شىعىپ	جاتىرمىن	28
شىعىپ	تاماق	65
شىعىپ	ۇيگە	74
شىعىپ	تەلەفون	59
شىعىپ	وتىر	19
شىعىپ	وتىرمىن	64
شىعىپ	كەت	78
شىعىپ	كەتتى	58
شىعىپ	قالدى	57
شىعىپ	كەتى	40
شىعىپ	كەتىپ	88
شىعىپ	بىراز	43
شىعىپ	ەدى	74
شىعىپ	جۇر	80
شىعىپ	قايتا	20
شىعىپ	الدى	83
شىعىپ	الدىم	73
شىعىپ	كەتتىم	88
شىعىپ	كەلدىم	50
شىعىپ	قويدى	65
شىعىپ	قويدىم	83
شىعىپ	ەدىم	51
شىعىپ	جۇرمىن	66
شىعىپ	الايىن	87
شىعىپ	بارا	73
شىعىپ	بارام	60
شىعىپ	كەلە	60
شىعىپ	تۇرمىن	52
شىعىپ	تۇسىپ	76
شىعىپ	الدىڭبا	77
شىعىپ	كەتتىڭ	83
شىعىپ	جاتقان	31
شىعىپ	كەتكەن	61
شىعىپ	جۇرگەن	57
شىعىپ	العان	51
شىعىپ	كەتە	88
شىعىپ	كەتەدى	71
شىعىپ	جۇرىپ	77
شىعىپ	جۇرسىڭ	76
شىعىپ	بارامىن	69
شىعىپ	ويناپ	67
شىعىپ	سويلەپ	83
شىعىپ	تۇرعان	81
شىعىپ	قالادى	81
شىعىپ	وتىرسىڭ	76
شىعىپ	وتىرىپ	81
شىعىپ	قالىپ	87
شىعىپ	قالىپتى	82
شىعىپ	الادى	86
شىعىپ	كەتىپتى	86
شىعىپ	كەتەم	86
شىعىپ	قالسا	82
شىعىپ	كەتەتىن	67
شىعىپ	كەتسە	87
شىعىپ	جاتىرسىڭبا	69
شىعىپ	تۇرادى	62
شىعىپ	كەلەم	86
شىعىپ	الدىق	68
شىعىپ	كەتپتى	50
شىعىپ	تۇرسا	81
شىعىپ	كەلەيىن	66
شىعىپ	قالاتىن	66
شىعىپ	كەتەيىن	57
شىعىپ	تۇرما	63
شىعىپ	قالاما	88
شىعىپ	كەتىم	40
شىعىپ	قالار	73
شىعىپ	اينالىپ	65
شىعىپ	جاتسا	60
شىعىپ	كەلەيىك	86
شىعىپ	كەتتىك	72
شىعىپ	الىپتى	66
شىعىپ	جۇرسىڭبە	64
شىعىپ	كەتسەڭ	73
شىعىپ	كەتەمىن	74
شىعىپ	كەتسەم	85
شىعىپ	كەتتىڭبە	82
شىعىپ	كەتكەم	75
شىعىپ	كەتەمىز	63
شىعىپ	كەتەيىك	36
شىعىپ	كەتكەندە	82
شىعىپ	كەتپەسىن	49
شىعىپ	كەتەمە	79
شىعىپ	كەتتىمە	87
شىعىپ	قويدىڭبا	40
شىعىپ	كەتىڭبە	88
شىعىپ	كەتسەك	89
شىعىپ	كەتتىڭبا	83
شىعىپ	كەشتە	60
شىعىپ	بارامىز	75
شىعىپ	بارادى	85
شىعىپ	كەلدىك	41
شىعىپ	كەتەسىڭ	83
شىعىپ	جۇرمەسىن	80
شىعىپ	ايلانىپ	86
شىعىپ	كەلسەك	71
شىعىپ	كەتىپسىڭ	75
شىعىپ	كەتتىڭدەرمە	81
قايداسىڭ	جانىم	83
قايداسىڭ	مەن	20
قايداسىڭ	دەپ	86
قايداسىڭ	نە	52
قايداسىڭ	نەعىپ	62
قايداسىڭ	سەن	23
قايداسىڭ	كەلىپ	71
قايداسىڭ	نەگە	52
قايداسىڭ	قايدا	84
قايداسىڭ	ۇيدە	80
قايداسىڭ	ۇيگە	87
قايداسىڭ	تەلەفون	89
قايداسىڭ	دوسىم	76
قايداسىڭ	ازىر	89
قايداسىڭ	سوندا	78
قايداسىڭ	تەز	85
قايداسىڭ	قايداسىڭ	74
قايداسىڭ	بارسىڭبا	89
قايداسىڭ	قازىر	90
قايداسىڭ	ەي	77
قايداسىڭ	سويلە	65
قايداسىڭ	دار	87
قايداسىڭ	بالام	75
قايداسىڭ	باۋىرىم	86
قايداسىڭ	ۇيدەسىڭبە	91
قايداسىڭ	جوق	59
قايداسىڭ	تاماق	73
قايداسىڭ	كەتىپ	40
قايداسىڭ	دەسەم	79
قايداسىڭ	سۇيلە	57
قايداسىڭ	قابارسىز	75
قويدى	عوي	83
قويدى	جانىم	13
قويدى	مەن	56
قويدى	دەپ	63
قويدى	ەكەن	20
قويدى	بىر	56
قويدى	ەندى	69
قويدى	قوي	60
قويدى	الىپ	68
قويدى	ەرتەڭ	69
قويدى	سودان	67
قويدى	دەيدى	51
قويدى	ەمەسپە	42
قويدى	ايداپ	49
قويدى	قاماپ	63
قويدى	سەن	65
قويدىم	عوي	63
قويدىم	جانىم	18
قويدىم	مەن	28
قويدىم	دەپ	69
قويدىم	بولدى	45
قويدىم	بىر	74
قويدىم	سول	69
قويدىم	نە	70
قويدىم	سەن	86
قويدىم	ەندى	70
قويدىم	راحىمەت	49
قويدىم	قوي	82
قويدىم	الىپ	84
قويدىم	وندا	56
قويدىم	ەرتەڭ	63
قويدىم	بۇگىن	62
قويدىم	سودان	82
قويدىم	ەكى	79
قويدىم	ول	76
قويدىم	سەنى	78
قويدىم	ساعان	82
قويدىم	دەيدى	85
قويدىم	تەلەفون	54
قويدىم	دوسىم	84
قويدىم	دەگەن	71
قويدىم	بىراق	80
قويدىم	تاڭەرتەڭ	83
قويدىم	ۇيات	77
قويدىم	ەمەسپە	77
قويدىم	جاۋاپ	85
قويدىم	رەنجىمە	79
قويدىم	كەشىر	57
قويدىم	وسى	68
كەز	عوي	78
كەز	جاقسى	15
كەز	ەكەن	35
كەز	بولسا	23
كەز	ەمەس	19
كەز	كەلگەن	26
كەزدە	جانىم	20
كەزدە	مەن	81
كەزدە	جوق	36
كەزدە	بولسىن	70
كەزدە	جاقسى	67
كەزدە	بىر	61
كەزدە	سول	40
كەزدە	نە	78
كەزدە	نەعىپ	67
كەزدە	بار	62
كەزدە	سەن	76
كەزدە	الىپ	47
كەزدە	كەل	57
كەزدە	كەلىپ	71
كەزدە	ادام	70
كەزدە	بولسا	73
كەزدە	مەندە	47
كەزدە	ماعان	61
كەزدە	بارى	86
كەزدە	بارىپ	76
كەزدە	ەكى	60
كەزدە	مەنى	75
كەزدە	مەنىڭ	57
كەزدە	نەگە	67
كەزدە	ول	61
كەزدە	قايدا	74
كەزدە	سەنى	59
كەزدە	ساعان	75
كەزدە	وسى	58
كەزدە	ۇيدە	84
كەزدە	ۇيگە	82
كەزدە	تەلەفون	78
كەزدە	ايت	82
كەزدە	ايتىپ	68
كەزدە	بىرگە	73
كەزدە	كىم	53
كەزدە	اقشا	61
كەزدە	بىراق	80
كەزدە	ۇزىڭ	55
كەزدە	قاربالاس	74
كەزدە	تاعى	84
كەزدە	كوپ	75
كەزدە	كەتىپ	86
كەزدە	بىراز	74
كەزدە	قانداي	77
كەزدە	بەرىپ	83
كەزدە	سەنىڭ	74
كەزدە	قايتىپ	73
كەزدە	جولداپ	84
كەزدە	اتىپ	86
كەزدە	كەرەك	85
كەزدە	بەرەيىن	71
كەزدە	قايداسىڭ	84
كەزدە	سەندە	84
كەزدە	بىز	82
كەزدە	ايتقان	85
كەزدە	الايىن	62
كەزدە	بارام	66
كەزدە	قابارلاس	76
كەزدە	قاتتى	50
كەزدە	عانا	77
كەزدە	قيىن	84
كەزدە	ايتا	84
كەزدە	ۋاقىت	83
كەزدە	قوسىپ	60
كەزدە	اپارىپ	85
كەزدە	ايتام	84
كەزدە	بارايىن	71
كەزدە	سۇيتىپ	84
كەزدە	بارامىن	72
كەزدە	ۇزىم	81
كەزدە	سويلە	75
كەزدە	سويلەپ	82
كەزدە	ايىت	75
كەزدە	وزىم	78
كەزدە	سۇيلە	74
كەزدە	سۇيلەپ	80
كەزدە	قايتارىپ	66
كەزدە	ايتايىن	62
كەزدە	قابارلاسىپ	84
كەزدە	شپيىڭ	69
كەزدە	ايتساڭ	59
كەزدە	قابارلاسايىن	78
كەزدە	ايتامىن	85
كەزدە	كورەيىك	76
كەزدە	كەزىگەيىك	86
كەزدە	سويلەيىن	55
كەزدە	كۇرەيىك	85
كەزدە	توي	57
كەزدە	ۇيقتاپ	83
كەزدە	ويناپ	83
كەزدە	امال	82
كەزدە	قابارلاسام	82
كور	جانىم	78
كور	مەن	12
كور	دەپ	46
كور	جاقسى	49
كور	نە	70
كور	ەندى	67
كور	وندا	59
كور	ەرتەڭ	46
كور	مەندە	61
كور	دەيدى	61
كور	دوسىم	64
كور	بولاما	62
كور	تۇن	61
كور	شى	35
كور	بولماسا	67
كور	نەدەيدى	70
كور	تۇسىڭدە	70
كور	سۇيەم	71
كورىپ	جاقسى	19
كورىپ	بىر	76
كورىپ	نە	68
كورىپ	ەندى	82
كورىپ	بولىپ	83
كورىپ	جاتىر	75
كورىپ	جاتىرسىڭ	44
كورىپ	قوي	69
كورىپ	ال	73
كورىپ	الىپ	59
كورىپ	كەل	48
كورىپ	تۇر	84
كورىپ	سودان	53
كورىپ	بارىپ	82
كورىپ	جاتىرمىن	78
كورىپ	ايتىپ	17
كورىپ	وتىر	83
كورىپ	وتىرمىن	41
كورىپ	كەتتى	84
كورىپ	قالدى	19
كورىپ	قاربالاس	82
كورىپ	جۇر	85
كورىپ	الدىم	26
كورىپ	كەتتىم	58
كورىپ	قالدىم	47
كورىپ	كەلدىم	85
كورىپ	قويدى	51
كورىپ	قويدىم	72
كورىپ	تۇرىپ	78
كورىپ	ەدىم	87
كورىپ	جۇرمىن	69
كورىپ	الايىن	86
كورىپ	ۇيات	54
كورىپ	جاتىپ	62
كورىپ	تۇرمىن	64
كورىپ	قالعان	63
كورىپ	بولدىم	60
كورىپ	قالدىڭ	73
كورىپ	قالدىڭبا	59
كورىپ	جاتقان	85
كورىپ	قويىپ	64
كورىپ	كەتكەن	77
كورىپ	جاتىرمىز	53
كورىپ	جۇرە	78
كورىپ	جۇرگەن	73
كورىپ	جۇرسىڭ	52
كورىپ	قاتە	86
كورىپ	بەرشى	79
كورىپ	ەدىڭ	83
كورىپ	تۇرعان	75
كورىپ	وتىرمىز	85
كورىپ	قالادى	70
كورىپ	وتىرسىڭ	80
كورىپ	وتىرىپ	52
كورىپ	قالىپ	61
كورىپ	باق	73
كورىپ	وتىرعان	64
كورىپ	قانا	76
كورىپ	بىلىپ	63
كورىپ	قالسا	68
كورىپ	تۇرسىڭ	74
كورىپ	جاتىرسىڭبا	87
كورىپ	شىقتىم	57
كورىپ	قويسا	78
كورىپ	قويعان	87
كورىپ	كەلەيىن	60
كورىپ	قالاما	76
كورىپ	كوز	61
كورىپ	كەلەيىك	83
كورىپ	قويادى	71
كورىپ	وتىرسىڭبا	76
كورىپ	قالماسىن	65
كورىپ	جۇرمىز	58
كورىپ	قالسام	74
كورىپ	شوشىپ	72
كورىپ	جاتقام	70
كورىپ	جاتايىن	85
كورىپ	قايتايىن	75
كورىپ	قۋانىپ	81
كورىپ	قالساڭ	71
كورىپ	جۇرەم	84
كورىپ	تۇرسىڭبا	75
كورىپ	عاشىق	85
كورىپ	وتىرعام	81
كورىپ	تۇرامىن	76
كورىپ	تۇرسام	83
كورىپ	قالعام	86
كورىپ	قالايىن	82
كورىپ	قويدىڭبا	80
كورىپ	جۇرەيىن	84
كورىپ	قوياما	80
كورىپ	وتىرايىن	64
كورىپ	قويماسىن	78
كورىپ	باعايىن	84
كورىپ	جەر	60
كورىپ	بولعان	86
كورىپ	العان	51
كورىپ	ەستىپ	82
كورىپ	سۇيىپ	87
كورىپ	قالما	71
كورىپ	كەتەيىن	86
كورىپ	جۇرسەم	74
كورىپ	جۇرەمىن	79
كورىپ	قايتسام	52
كورىپ	جاتساڭىزدار	79
بارسىڭ	عوي	85
بارسىڭ	جانىم	10
بارسىڭبا	جانىم	21
بارسىڭبا	مەن	16
بارسىڭبا	دەپ	66
بارسىڭبا	جوق	81
بارسىڭبا	نە	80
بارسىڭبا	نەعىپ	74
بارسىڭبا	بار	78
بارسىڭبا	ماعان	32
بارسىڭبا	نەگە	84
بارسىڭبا	دوسىم	89
بارسىڭبا	ۇزى	41
بارسىڭبا	تەز	88
بارسىڭبا	قايداسىڭ	89
بارسىڭبا	بارسىڭبا	77
بارسىڭبا	ەي	35
بارسىڭبا	سويلە	84
بارسىڭبا	سۇيلە	19
بارسىڭبا	باۋىرىم	55
بارسىڭبا	سۇيلەشى	62
بارسىڭبا	سويلەشى	69
بارسىڭبا	تەلەفون	77
بارسىڭبا	ۇيقتاپ	83
بارسىڭبا	وزى	77
بارسىڭبا	اينالايىن	82
وعان	جانىم	77
وعان	مەن	76
وعان	جوق	30
وعان	جاقسى	76
وعان	بولدى	81
وعان	بىر	77
وعان	سول	52
وعان	نە	56
وعان	نەعىپ	38
وعان	سەن	84
وعان	ەندى	37
وعان	الى	58
وعان	ەرتەڭ	72
وعان	ادام	81
وعان	بۇگىن	60
وعان	مەندە	83
وعان	ماعان	73
وعان	بارىپ	87
وعان	ەكى	67
وعان	مەنى	75
وعان	مەنىڭ	81
وعان	بولا	69
وعان	نەگە	61
وعان	ول	36
وعان	قايدا	75
وعان	سەنى	46
وعان	ساعان	56
وعان	وسى	68
وعان	تاماق	84
وعان	قالاي	82
وعان	ۇيدە	74
وعان	تەلەفون	84
وعان	ايتىپ	77
وعان	كىم	75
وعان	اقشا	59
وعان	دەگەن	87
وعان	قانشا	75
وعان	تاعى	83
وعان	كوپ	58
وعان	تاڭەرتەڭ	79
وعان	بىراز	68
وعان	مىنا	78
وعان	باس	68
وعان	سەنىڭ	81
وعان	ازىر	82
وعان	كەشە	73
وعان	انا	70
وعان	قايتىپ	78
وعان	بىز	67
وعان	بارا	72
وعان	ۇيات	83
وعان	ۋاقىت	79
وعان	قاراپ	81
وعان	ەشتەڭە	83
وعان	قازىر	59
وعان	قايدان	68
وعان	جاي	71
وعان	شارشاپ	52
وعان	بولماي	28
وعان	بولمايدى	71
وعان	امال	79
وعان	كەلمەي	84
وعان	دەيىن	84
وعان	قايداعى	43
وعان	كەلمەيدى	42
وعان	قولايسىز	86
وعان	اپام	83
وعان	رەنجىپ	72
وعان	اناۋ	83
وعان	جاعداي	73
وعان	رەنجىمە	81
وعان	قاراماي	69
وعان	نەمەنەگە	83
وعان	قاراعاندا	69
وعان	باسىڭدى	85
وعان	كەلمەيتىن	85
وعان	نەسىن	74
وعان	سەنەم	67
وعان	كەدەيىن	85
وعان	نەسىنە	65
وعان	كەشەيىن	76
وعان	ەدەيىن	86
وعان	بارى	61
وعان	كۇن	70
وعان	جۇمىس	77
وعان	قول	19
وعان	كوزىم	40
وعان	امالىڭ	78
بال	بارماقتارىڭىزعا	38
بال	شەكەرىم	38
بال	قىمىز	69
بال	فەرماعا	24
بال	قىمىزى	31
بالا	عوي	25
بالا	مەن	41
بالا	دەپ	45
بالا	جوق	59
بالا	جاقسى	38
بالا	بولدى	60
بالا	ەكەن	78
بالا	بىر	31
بالا	سول	68
بالا	نە	23
بالا	نەعىپ	63
بالا	بار	82
بالا	بولىپ	74
بالا	الىپ	86
بالا	كەلىپ	72
بالا	بولسا	76
بالا	ماعان	53
بالا	قاي	84
بالا	بولادى	84
بالا	نەگە	55
بالا	ول	80
بالا	قايدا	82
بالا	دەيدى	81
بالا	كىم	85
بالا	دەگەن	80
بالا	ەمەس	62
بالا	بارما	47
بالا	كوپ	45
بالا	قانداي	79
بالا	ەدى	76
بالا	ۇيقتاپ	74
بالا	بوپ	80
بالا	كەرەك	75
بالا	كەزدە	77
بالا	بالا	76
بالا	تاۋىپ	77
بالا	قيىن	72
بالا	بولعان	85
بالا	ەكەنسىڭ	60
بالا	قاراپ	86
بالا	ەمەسپە	46
بالا	ۇشىن	45
بالا	بولسادا	81
بالا	سياقتى	78
بالا	بولاتىن	61
بالا	قۇساپ	68
بالا	بولدىڭ	76
بالا	باقىتتى	51
بالا	جىلاپ	68
بالا	باعىپ	85
بالا	بولعاندا	82
بالا	ەمەسپىن	87
بالا	تۋىپ	70
بالا	نى	66
بالا	قارايتىن	78
بالا	شاعا	69
بالا	ەمەسسىڭ	22
بالا	وقتىپ	76
بالا	ەمەسىڭ	75
بالا	وقىتىپ	73
بالا	باعۋ	73
بالا	ەمەسپىز	77
بالا	كەزدەن	86
بالا	شاعاڭ	82
بالا	شاعام	56
بالا	شاعاڭنىڭ	78
بالا	شاعاسى	78
بالا	شاعاسىمەن	77
بالا	شاعانى	84
بالا	قوي	54
بالا	ەكى	83
بالا	عانا	45
بالا	بولماسا	64
بالا	ماڭگى	87
بالا	ەرتىپ	52
بالا	باقتتى	85
بالا	الامىز	48
بالا	كەزدەگى	66
بالا	بەرۋ	86
بالا	شاعامەن	85
تۇرى	جوق	81
تۇرى	بار	13
تۇرى	بارما	16
تۇرى	كوپ	27
تۇرى	نەدەگەن	31
تۇرى	جامان	32
تۇرىپ	جانىم	21
تۇرىپ	مەن	82
تۇرىپ	بىر	87
تۇرىپ	نە	51
تۇرىپ	سەن	81
تۇرىپ	ەندى	86
تۇرىپ	جاتىر	78
تۇرىپ	ال	73
تۇرىپ	الىپ	81
تۇرىپ	كەل	41
تۇرىپ	كەلىپ	77
تۇرىپ	تۇر	72
تۇرىپ	ماعان	59
تۇرىپ	بارىپ	84
تۇرىپ	مەنى	23
تۇرىپ	نەگە	74
تۇرىپ	جاتىرمىن	84
تۇرىپ	ساعان	58
تۇرىپ	تاماق	79
تۇرىپ	ۇيگە	64
تۇرىپ	تەلەفون	56
تۇرىپ	ايتىپ	72
تۇرىپ	وتىرمىن	46
تۇرىپ	كەتتى	77
تۇرىپ	قالدى	74
تۇرىپ	تاعى	62
تۇرىپ	كەتىپ	86
تۇرىپ	شاي	79
تۇرىپ	قايتا	44
تۇرىپ	قايتىپ	68
تۇرىپ	جولداپ	69
تۇرىپ	الدى	80
تۇرىپ	الدىم	37
تۇرىپ	كەتتىم	86
تۇرىپ	اتىپ	41
تۇرىپ	قالدىم	70
تۇرىپ	بەرەيىن	87
تۇرىپ	تۇرىپ	65
تۇرىپ	جۇرمىن	48
تۇرىپ	الايىن	80
تۇرىپ	بارام	84
تۇرىپ	قالعان	31
تۇرىپ	الدىڭ	86
تۇرىپ	الدىڭبا	69
تۇرىپ	اپارىپ	87
تۇرىپ	كەلەدى	82
تۇرىپ	كەتكەن	53
تۇرىپ	بارايىن	77
تۇرىپ	العان	68
تۇرىپ	كەتەدى	48
تۇرىپ	جۇرىپ	68
تۇرىپ	بارامىن	84
تۇرىپ	بارامىز	86
تۇرىپ	الادى	78
تۇرىپ	السا	83
تۇرىپ	شپيىڭ	83
تۇرىپ	جۇمىسقا	80
تۇرىپ	كەتەم	65
تۇرىپ	تۇرشى	87
تۇرىپ	قايتام	80
تۇرىپ	قابارلاسايىن	50
تۇرىپ	العام	73
تۇرىپ	شىعام	85
تۇرىپ	الىپتى	84
تۇرىپ	اتەي	86
تۇرىپ	قايتامىن	78
تۇرىپ	الپتى	84
تۇرىپ	شىعامىن	63
تۇرىپ	قايتامىز	77
تۇرىپ	سويلەيىن	85
تۇرىپ	ۇرايىن	74
تۇرىپ	ۇيقتايمىن	69
تۇرىپ	تۇرسىن	77
تۇرىپ	سۇيلەيىن	68
تۇرىپ	شايىڭدى	75
تۇرىپ	تۇرىڭىز	87
تۇرىپ	الىپسىڭ	56
تۇرىپ	العانسىڭ	80
تۇرىپ	قايتارايىن	82
تۇرىپ	جاقسى	70
تۇرىپ	سەنى	63
تۇرىپ	بىرگە	63
تۇرىپ	ەدىم	65
تۇرىپ	الدىق	50
تۇرىپ	كەتسە	87
تۇرىپ	مونشاعا	55
تۇرىپ	كەتەمىن	54
تۇرىپ	جۇرەمىز	74
تۇرىپ	قالپپىن	31
تۇرىپ	تۇسەمىن	50
جاڭا	مەن	71
جاڭا	بىر	65
جاڭا	سەن	85
جاڭا	بولىپ	73
جاڭا	الىپ	79
جاڭا	كەلىپ	83
جاڭا	ماعان	69
جاڭا	بارىپ	46
جاڭا	ساعان	68
جاڭا	تاماق	81
جاڭا	قالا	80
جاڭا	ۇي	45
جاڭا	ۇيگە	72
جاڭا	تەلەفون	60
جاڭا	اي	50
جاڭا	ايتىپ	42
جاڭا	كۇن	50
جاڭا	كەتتى	80
جاڭا	قاربالاس	68
جاڭا	ىشىپ	80
جاڭا	تاعى	77
جاڭا	بىراز	77
جاڭا	شاي	67
جاڭا	الدىم	82
جاڭا	كەلدى	82
جاڭا	كەلدىم	43
جاڭا	كورىپ	14
جاڭا	تۇرىپ	50
جاڭا	عانا	61
جاڭا	تۇسىپ	35
جاڭا	بولدىم	61
جاڭا	ماشينا	77
جاڭا	توي	76
جاڭا	كەپ	32
جاڭا	بىرەۋ	84
جاڭا	كۇرىپ	79
جاڭا	ارەڭ	61
جاڭا	كەلگەن	52
جاڭا	زات	70
جاڭا	ايدىڭ	81
جاڭا	قانا	36
جاڭا	ايدا	83
جاڭا	بولدىق	79
جاڭا	ەستىپ	81
جاڭا	كەلدىك	57
جاڭا	شىقتىم	81
جاڭا	جاتتىم	30
جاڭا	شىققان	57
جاڭا	تۇردىم	63
جاڭا	كوردىم	85
جاڭا	كۇردىم	46
جاڭا	تۇستىم	77
جاڭا	كىردىم	84
جاڭا	شىقتىق	63
جاڭا	وياندىم	78
جاڭا	اشتىم	70
جاڭا	جەتتىم	70
جاڭا	اشىلعان	82
جاڭا	ۇلگىدەگى	82
جاڭا	پاسومداعى	83
جاڭا	سول	47
جاڭا	تۇردىڭبا	69
جاڭا	قىمىز	61
جاڭا	ەستىدىم	53
جاڭا	بوسادىم	81
سونى	مەن	82
سونى	جاقسى	58
سونى	بىر	71
سونى	سەن	57
سونى	ەندى	78
سونى	ال	78
سونى	الىپ	75
سونى	بۇگىن	30
سونى	مەندە	72
سونى	ماعان	75
سونى	بارىپ	84
سونى	نەگە	58
سونى	ساعان	77
سونى	قالاي	75
سونى	ايت	77
سونى	ايتىپ	73
سونى	ىشىپ	29
سونى	بەرىپ	77
سونى	ىستەپ	66
سونى	قايتا	69
سونى	جولداپ	57
سونى	اتىپ	54
سونى	بەرە	72
سونى	بەرەيىن	73
سونى	كورىپ	67
سونى	ايتقان	59
سونى	تاۋىپ	78
سونى	الايىن	68
سونى	سالىپ	30
سونى	عانا	70
سونى	ايتا	59
سونى	دەيمىن	68
سونى	قاراپ	73
سونى	قوسىپ	73
سونى	اپارىپ	38
سونى	سۇراپ	79
سونى	ايتام	69
سونى	دەشى	69
سونى	ويلاپ	14
سونى	كۇرىپ	76
سونى	جۋىپ	58
سونى	جەپ	65
سونى	قىل	81
سونى	تارتىپ	32
سونى	بىلمەي	81
سونى	ايتشى	76
سونى	توسىپ	19
سونى	باسىپ	72
سونى	شىعارىپ	84
سونى	ىزدەپ	59
سونى	جازىپ	75
سونى	الام	76
سونى	ەرتىپ	58
سونى	اكەپ	83
سونى	ايتادى	71
سونى	قايتارىپ	77
سونى	ايتايىن	86
سونى	ساتىپ	60
سونى	بىلىپ	77
سونى	ايداپ	50
سونى	تازالاپ	86
سونى	ەستىپ	81
سونى	ايتساڭ	67
سونى	ايتسام	72
سونى	ايتامىن	74
سونى	دەيىم	81
سونى	جوندەپ	76
سونى	كيىپ	62
سونى	سۇرايىن	68
سونى	بىلدىم	83
سونى	بىلەيىن	51
سونى	ويلاسام	84
سونى	بىلسەڭ	84
سونى	ويلادىم	85
سونى	ايتپايسىڭبا	84
سونى	ايتبايسىڭبا	56
سونى	دەمەيسىڭبە	68
سونى	كۇتىپ	73
سونى	بىتىرىپ	85
سونى	العالى	58
سونى	بىلەسىڭبە	80
سونى	ايتساڭشى	76
سەندە	عوي	78
سەندە	جانىم	83
سەندە	مەن	68
سەندە	جوق	56
سەندە	جاقسى	52
سەندە	بىر	40
سەندە	سول	30
سەندە	نە	38
سەندە	بار	59
سەندە	ەندى	64
سەندە	الىپ	69
سەندە	كەل	86
سەندە	كەلىپ	67
سەندە	ەرتە	72
سەندە	ادام	70
سەندە	بولسا	60
سەندە	بۇگىن	76
سەندە	مەندە	44
سەندە	ماعان	68
سەندە	بارىپ	84
سەندە	ەكى	45
سەندە	مەنى	71
سەندە	مەنىڭ	33
سەندە	وسى	54
سەندە	ايت	74
سەندە	ايتىپ	78
سەندە	بىرگە	85
سەندە	امان	58
سەندە	اقشا	86
سەندە	بارما	83
سەندە	قانشا	77
سەندە	قاربالاس	55
سەندە	ىشىپ	65
سەندە	كوپ	73
سەندە	بىراز	67
سەندە	ۇيقتا	74
سەندە	ۇيقتاپ	51
سەندە	جولدا	80
سەندە	جولداپ	82
سەندە	ايتەۋ	86
سەندە	ايتتىڭ	83
سەندە	عانا	59
سەندە	ايتا	69
سەندە	ۋاقىت	77
سەندە	كۇپ	86
سەندە	بىرەۋ	76
سەندە	شارشاپ	85
سەندە	ايتىڭ	80
سەندە	سونداي	74
سەندە	سۇيتىپ	72
سەندە	ونداي	75
سەندە	جولداشى	73
سەندە	سولاي	57
سەندە	ەرتەرەك	64
سەندە	دەم	80
سەندە	وڭاي	54
سەندە	ۇيىقتا	36
سەندە	قايداعى	73
سەندە	مەنەن	81
سەندە	دەمال	70
سەندە	ايتادى	79
سەندە	تۇرا	79
سەندە	نەسى	84
سەندە	ايتاسىڭ	83
سەندە	رەنجىمە	64
سەندە	بەت	59
سەندە	ۇيقتاي	73
سەندە	جۇرەك	82
سەندە	قىزىق	84
سەندە	باقتتى	81
سەندە	باراسىڭبا	85
سەندە	شارشادىڭ	86
سەندە	شاتاق	68
سەندە	توي	65
سەندە	كەتىپ	68
سەندە	باسقا	73
سەندە	تەز	74
سەندە	بارسىڭ	70
سەندە	بارسىڭبا	84
سەندە	باردىڭبا	69
بىز	عوي	82
بىز	جوق	53
بىز	جاق	69
بىز	جاقسى	54
بىز	بىر	77
بىز	سول	41
بىز	نە	67
بىز	بار	41
بىز	ەندى	72
بىز	الى	88
بىز	الىپ	41
بىز	كەلىپ	79
بىز	ەرتە	76
بىز	ەرتەڭ	79
بىز	ادام	43
بىز	بۇگىن	51
بىز	بارىپ	48
بىز	ەكى	56
بىز	نەگە	86
بىز	قايدا	47
بىز	سەنى	81
بىز	ساعان	85
بىز	وسى	83
بىز	تاماق	67
بىز	ۇي	50
بىز	ۇيدە	78
بىز	ۇيگە	63
بىز	امان	80
بىز	دەگەن	66
بىز	ەمەس	82
بىز	قاشان	75
بىز	قاربالاس	78
بىز	ىشىپ	77
بىز	تاعى	56
بىز	كەتىپ	76
بىز	تاڭەرتەڭ	74
بىز	بىراز	75
بىز	مىنا	71
بىز	شاي	86
بىز	كەشتە	70
بىز	ازىر	84
بىز	ىستەپ	84
بىز	كەشە	79
بىز	قايتا	58
بىز	انا	84
بىز	قايتىپ	59
بىز	ۇش	83
بىز	تۇندە	83
بىز	شىعىپ	80
بىز	جاڭا	65
بىز	بارا	64
بىز	كەلە	58
بىز	عانا	64
بىز	جاتىپ	83
بىز	قازىر	69
بىز	بەس	86
بىز	جاڭە	77
بىز	قايدان	74
بىز	ساعات	75
بىز	جاتقان	82
بىز	توي	51
بىز	جاي	85
بىز	كەپ	61
بىز	ۇشىن	86
بىز	تۇستەن	66
بىز	سياقتى	85
بىز	ءالى	60
بىز	قۇساپ	59
بىز	جاققا	80
بىز	وتىرمىز	67
بىز	بارامىز	75
بىز	بارعان	45
بىز	بارعاندا	73
بىز	اۋدانعا	65
بىز	جەتىپ	70
بىز	وتىرعان	85
بىز	جاقتا	78
بىز	دايىن	73
بىز	بارايىق	74
بىز	كەلدىك	31
بىز	تاۋعا	67
بىز	قايتەمىز	87
بىز	كەتتىك	82
بىز	جاقتان	88
بىز	بارمىز	74
بىز	بارساق	79
بىز	بولساق	68
بىز	بارعانشا	79
بىز	شىقتىق	68
بىز	جاتتىق	70
بىز	قايتتىق	62
بىز	جاقتىڭ	69
بىز	جۇردىك	87
بىز	جاقتادا	84
بىز	ۇيقتادىق	81
بىز	قوي	21
بىز	از	67
بىز	جولدا	67
بىز	تويعا	79
بىز	باراتىن	77
بىز	كەتە	84
بىز	ۇيدەن	84
بىز	تاياپ	88
بىز	جولعا	77
بىز	تاۋدا	67
بىز	وزىمىز	78
بىز	قايتىق	79
ەدىم	عوي	83
ەدىم	جانىم	15
ەدىم	مەن	36
ەدىم	دەپ	60
ەدىم	جوق	66
ەدىم	جاقسى	47
ەدىم	بولدى	73
ەدىم	بىر	78
ەدىم	سول	56
ەدىم	نە	86
ەدىم	سەن	81
ەدىم	ەندى	57
ەدىم	قوي	85
ەدىم	ەرتەڭ	75
ەدىم	بۇگىن	71
ەدىم	مەندە	81
ەدىم	سودان	83
ەدىم	ماعان	56
ەدىم	ەكى	84
ەدىم	ول	69
ەدىم	سەنى	76
ەدىم	ساعان	62
ەدىم	وسى	67
ەدىم	دەيدى	70
ەدىم	ۇيگە	72
ەدىم	تەلەفون	69
ەدىم	دوسىم	82
ەدىم	اقشا	76
ەدىم	بىراق	84
ەدىم	تاعى	56
ەدىم	بىراز	76
ەدىم	سەنىڭ	70
ەدىم	ازىر	79
ەدىم	الماي	74
ەدىم	كەشە	84
ەدىم	قايتا	83
ەدىم	وعان	80
ەدىم	سونى	55
ەدىم	ۇيات	76
ەدىم	قازىر	74
ەدىم	سوعان	85
ەدىم	امال	67
ەدىم	بەكەر	64
ەدىم	باسىم	87
ەدىم	شىركىن	83
ەدىم	ۇندەمەي	86
ەدىم	اقشام	81
ەدىم	بار	59
ەدىم	وندا	53
ەدىم	مەنى	74
ەدىم	ۇيقىم	86
ايتقا	بىر	79
ايتقا	ەكى	34
ايتقا	امان	59
ايتقا	اقشا	39
ايتقا	قاربالاس	58
ايتقا	بىراز	52
ايتقا	از	52
ايتقا	تاتتى	47
ايتقا	نارسە	43
ايتقا	نان	31
ايتقا	دەيىن	44
ايتقا	دەم	18
ايتقا	قارسى	47
ايتقا	دەمالىس	8
ايتقا	قيمىل	53
ايتقا	دايىندىق	46
ايتقا	دايندىق	15
ايتقا	دايارلىق	30
ايتقان	عوي	73
ايتقان	مەن	20
ايتقان	دەپ	18
ايتقان	جوق	54
ايتقان	جاقسى	68
ايتقان	ەكەن	45
ايتقان	بىر	31
ايتقان	ادام	54
ايتقان	بولسا	46
ايتقان	ماعان	65
ايتقان	ەدى	61
ايتقان	جۇمىس	24
ايتقان	سوڭ	67
ايتقان	شىعار	67
ايتقان	كەزدە	41
ايتقان	ەدىم	61
ايتقان	ەكەنسىڭ	53
ايتقان	جەرگە	61
ايتقان	سياقتى	61
ايتقان	بولساڭ	57
ايتقان	ەدىڭ	48
ايتقان	ەل	66
ايتقان	شعار	65
ايتقان	سوز	55
ايتقان	ادامدى	41
ايتقان	سۇز	43
ايتقان	سايىن	64
ايتقان	بولسام	66
ايتقان	جوقسىڭ	48
ايتقان	جەرىم	54
ايتقان	جوقپىن	63
ايتقان	سوزى	62
ايتقان	سوزىڭ	70
ايتقان	بويىنشا	51
ايتقان	سۇزىڭ	55
ايتقان	سوزدى	54
ايتقان	شىعارمىن	54
ايتقان	سۇزدى	64
ايتقان	سوزىڭدى	61
ايتقان	سوزىن	69
ايتقان	سوزىم	68
ايتقان	شعارمىن	67
ايتقان	سۇزىم	66
ايتقان	اۋزىڭنان	68
ايتقان	سوزدەرىڭ	60
ايتقان	شىعارسىڭ	50
ايتقانى	عوي	68
ايتقانى	دۇرىس	16
ايتقانى	بويىنشا	20
ايتقانىڭ	عوي	16
ايتقانىڭ	بولسىن	70
ايتقانىڭ	جاقسى	60
ايتقانىڭ	بارى	26
ايتقانىڭ	كەلسىن	66
ايتقانىڭ	دۇرىس	2
ايتقانىڭ	دۇرس	78
ايتقانىڭ	تۋرا	49
ايتقانىڭ	ەسەپ	64
ايتقانىڭ	بويىنشا	76
ايتقانىڭ	بوينشا	79
ايتقانىڭ	كەلسن	79
ايتقانىڭ	ورىندى	61
ايتقانىڭ	كەسىن	66
ايتقانىڭ	اينىماي	77
ايتقانىڭ	گەلسىن	70
ايتقانىڭ	تۇرا	28
تاۋ	بولسىن	27
تاۋ	جاققا	37
تاۋ	جاقسى	74
تاۋ	قانداي	19
تاۋ	جاقتا	17
تاۋ	سۋىق	36
تاۋ	سالقىن	25
تاۋىپ	بىر	29
تاۋىپ	جاتىر	80
تاۋىپ	قوي	86
تاۋىپ	ال	48
تاۋىپ	الىپ	26
تاۋىپ	كەل	33
تاۋىپ	جاتىرمىن	70
تاۋىپ	قويشى	74
تاۋىپ	بەر	61
تاۋىپ	بەرىپ	18
تاۋىپ	جۇر	82
تاۋىپ	جولداپ	81
تاۋىپ	الدى	41
تاۋىپ	الدىم	54
تاۋىپ	اتىپ	83
تاۋىپ	بەرە	48
تاۋىپ	بەرەيىن	33
تاۋىپ	قويدىم	24
تاۋىپ	الايىن	51
تاۋىپ	سالىپ	41
تاۋىپ	الدىڭ	46
تاۋىپ	الدىڭبا	41
تاۋىپ	جاتقان	83
تاۋىپ	توي	80
تاۋىپ	جۇرگەن	78
تاۋىپ	العان	84
تاۋىپ	بەرەم	16
تاۋىپ	جۇرسىڭ	72
تاۋىپ	الاتىن	40
تاۋىپ	بەرشى	30
تاۋىپ	بەرەدى	78
تاۋىپ	قويايىن	71
تاۋىپ	بەرسىن	84
تاۋىپ	الام	62
تاۋىپ	بەرەتىن	47
تاۋىپ	اكەپ	63
تاۋىپ	بەرەمىن	69
تاۋىپ	الادى	60
تاۋىپ	بەرسە	56
تاۋىپ	بەرسەڭ	77
تاۋىپ	الامىن	42
تاۋىپ	بەرگەن	54
تاۋىپ	السا	65
تاۋىپ	الساڭ	76
تاۋىپ	بەردى	67
تاۋىپ	بەردىم	70
تاۋىپ	اتشى	68
تاۋىپ	السام	64
تاۋىپ	العام	84
تاۋىپ	الاسىڭ	81
تاۋىپ	الدىق	67
تاۋىپ	بەرەسىڭ	85
تاۋىپ	الامىز	49
تاۋىپ	الايىق	70
تاۋىپ	بەرسەم	47
تاۋىپ	بەرىڭىز	79
تاۋىپ	بەرىڭىزدەرشى	68
تاۋىپ	الىپتى	74
تاۋىپ	الشى	54
تاۋىپ	الپتى	75
تاۋىپ	الدىما	61
تاۋىپ	السىن	74
تاۋىپ	بەرىڭدەر	74
تاۋىپ	بەرسەڭىز	79
تاۋىپ	بەرەسىڭبە	74
تاۋىپ	بەرمەسەڭ	83
تاۋىپ	الدىڭىزبا	71
تاۋىپ	الىپسىڭ	70
تاۋىپ	بەرىڭىزشى	74
تاۋىپ	العانىڭ	60
تاۋىپ	الپسىڭ	77
تاۋىپ	العانسىڭ	78
تاۋىپ	بەرسەڭشى	72
تاۋىپ	بەرىڭدەرشى	76
تاۋىپ	بەرڭىزدەرشى	80
تاۋىپ	جاتىرسىڭ	68
تاۋىپ	كەلدىم	19
جۇرمىن	عوي	85
جۇرمىن	جانىم	14
جۇرمىن	مەن	18
جۇرمىن	دەپ	68
جۇرمىن	بىر	40
جۇرمىن	سول	62
جۇرمىن	نە	45
جۇرمىن	سەن	81
جۇرمىن	ەندى	64
جۇرمىن	قوي	68
جۇرمىن	ەرتەڭ	72
جۇرمىن	بۇگىن	79
جۇرمىن	مەندە	75
جۇرمىن	ەكى	81
جۇرمىن	سەنى	79
جۇرمىن	ساعان	63
جۇرمىن	وسى	81
جۇرمىن	دەيدى	68
جۇرمىن	ۇيدە	55
جۇرمىن	ۇيگە	84
جۇرمىن	دوسىم	85
جۇرمىن	دەگەن	77
جۇرمىن	بىراق	74
جۇرمىن	بىراز	73
جۇرمىن	ايتەۋ	86
جۇرمىن	ەمەسپە	62
جۇرمىن	دەشى	72
جۇرمىن	باياعى	82
جۇرمىن	وزىڭدى	73
الاي	جانىم	82
الاي	الاي	17
الاي	بىلاي	20
الاي	بۇلاي	15
الايىن	جانىم	27
الايىن	مەن	26
الايىن	دەپ	79
الايىن	بىر	11
الايىن	سەن	71
الايىن	وندا	72
الايىن	يا	50
الايىن	ەرتەڭ	76
الايىن	سودان	81
الايىن	ەكى	69
الايىن	دەيدى	48
الايىن	دەگەن	83
الايىن	يە	53
الايىن	بىراز	55
الايىن	بولاما	53
الايىن	دەسەم	81
الايىن	شى	74
الايىن	دەدىم	20
الايىن	دەگەم	66
الايىن	دەسەڭ	16
الايىن	دەگەنىم	83
الايىن	سوسىن	77
الايىن	دەكەم	75
الايىن	دەگەمىن	71
بارا	عوي	86
بارا	سال	43
بارا	جاتىر	48
بارا	جاتىرسىڭ	24
بارا	جاتىرمى	47
بارا	جاتىرمىن	71
بارا	بەر	14
بارا	الماي	16
بارا	بەرەيىن	19
بارا	بارا	41
بارا	سالىپ	71
بارا	جاتىپ	52
بارا	الدىڭبا	47
بارا	جاتقان	40
بارا	جاتىرمىز	26
بارا	بەرەم	77
بارا	بەرشى	36
بارا	بەرەدى	60
بارا	بەرسىن	17
بارا	بەرەتىن	67
بارا	بەرەمىن	76
بارا	المايمىن	72
بارا	بەرسەڭ	81
بارا	المايسىڭ	54
بارا	المادىم	72
بارا	المايدى	59
بارا	جاتسىڭ	65
بارا	جاتىرسىڭبا	48
بارا	ساپ	51
بارا	الاسىڭبا	81
بارا	جاتسا	19
بارا	سالايىن	77
بارا	بەرسەم	60
بارا	المايتىن	78
بارا	جاتسام	69
بارا	سالام	78
بارا	بەرەمىز	43
بارا	بەرىڭىز	65
بارا	جاتقام	56
بارا	سالاتىن	49
بارا	جاتقاندا	77
بارا	جاتساڭ	77
بارا	بەرەيىك	54
بارا	بەرىڭدەر	70
بارا	الماسام	69
بارا	المايىم	70
بارا	سالامىن	56
بارا	قالايىن	61
بارا	سالايىق	54
بارا	المايمىز	61
بارا	سالامىز	55
بارا	المادىق	52
بارا	بەرەيىنبە	72
بارا	سالسام	75
بارا	جاتقانىن	78
بارا	سالساق	81
بارا	جاتقانداي	74
بارا	قالايىنبا	76
بارا	بەرسە	27
بارا	مەكەن	74
بارا	كەتەيىن	78
بارا	سالساڭ	62
بارا	جاتقانىڭدى	77
بارام	عوي	80
بارام	جانىم	17
بارام	مەن	22
بارام	دەپ	68
بارام	بولدى	15
بارام	بىر	86
بارام	سول	63
بارام	نە	60
بارام	سەن	84
بارام	ەندى	65
بارام	قوي	67
بارام	وندا	72
بارام	ەرتەڭ	73
بارام	بۇگىن	65
بارام	سودان	73
بارام	سەنى	82
بارام	ساعان	81
بارام	دەيدى	64
بارام	ۇيگە	30
بارام	دوسىم	64
بارام	دەگەن	76
بارام	تاڭەرتەڭ	85
بارام	بىراز	83
بارام	كەشتە	78
بارام	از	78
بارام	ازىر	79
بارام	سوندا	59
بارام	دەسە	66
بارام	دەسەم	71
بارام	بارام	55
بارام	قازىر	70
بارام	دەشى	74
بارام	دەدى	74
بارام	دەدىم	76
بارام	بۇيىرسا	85
بارام	دەسەڭ	62
بارام	بۇيرسا	82
بارام	دەگەندە	82
بارام	دەدىڭ	81
بارام	بولاما	45
بارام	دەگەم	64
بارام	دەيسىڭ	62
ۇيات	عوي	75
ۇيات	جانىم	51
ۇيات	دەپ	60
ۇيات	جوق	74
ۇيات	بول	65
ۇيات	بولدى	78
ۇيات	ەكەن	7
ۇيات	بولىپ	23
ۇيات	قوي	30
ۇيات	بولادى	13
ۇيات	اي	13
ۇيات	دەگەن	36
ۇيات	ەمەس	74
ۇيات	بولاما	45
ۇيات	پا	53
ۇيات	بوپ	80
ۇيات	شىعار	60
ۇيات	بولعان	51
ۇيات	ەي	66
ۇيات	ەمەسپە	76
ۇيات	بولىپتى	63
ۇيات	بولمايدى	18
ۇيات	بولسادا	82
ۇيات	بولات	64
ۇيات	بولاتىن	71
ۇيات	بوپتى	57
ۇيات	بولمايما	72
ۇيات	شعار	67
ۇيات	بولپتى	83
ۇيات	بولعاندا	64
ۇيات	بولدىما	70
ۇيات	بۇلدى	85
ۇيات	ەمەسبە	83
ۇيات	بولماسىن	59
ۇيات	بولدىعوي	30
ۇيات	ەمەسپا	70
ۇيات	ەمەسبا	68
تۇس	جانىم	81
تۇس	مەن	43
تۇس	دەپ	83
تۇس	جوق	78
تۇس	بولدى	65
تۇس	ەكەن	41
تۇس	نەعىپ	84
تۇس	بولىپ	76
تۇس	سودان	57
تۇس	بولادى	78
تۇس	امان	75
تۇس	امانشىلىق	85
تۇس	امانسىڭبا	85
تۇس	كەش	62
تۇس	كوڭىلدى	85
تۇس	كور	14
تۇس	كورىپ	9
تۇس	تۇس	52
تۇس	كۇر	65
تۇس	كۇرىپ	12
تۇس	قىزدار	61
تۇس	كۇڭىلدى	74
تۇس	دوستار	81
تۇس	تۇسكى	63
تۇس	كوردىم	35
تۇس	بولايىن	82
تۇس	كورىڭىز	85
تۇس	كوردىڭبە	19
تۇس	كەدەيىن	82
تۇس	كەشەيىن	34
تۇس	كورىڭدەر	80
تۇس	كورىڭىزدەر	83
تۇس	كورەعوي	83
تۇس	كۇڭلدى	86
تۇس	تۇعان	85
تۇس	اۋىپ	77
تۇس	كوبەيەدى	86
كەلە	عوي	78
كەلە	سال	34
كەلە	جاتىر	48
كەلە	جاتىرسىڭ	14
كەلە	قوي	49
كەلە	جاتىرمى	85
كەلە	جاتىرمىن	65
كەلە	قال	11
كەلە	قالدى	46
كەلە	بەر	36
كەلە	الماي	63
كەلە	الايىن	23
كەلە	سالىپ	46
كەلە	جاتىپ	76
كەلە	جاتقان	29
كەلە	جاتىرمىز	25
كەلە	بەرەدى	83
كەلە	قالادى	58
كەلە	سۇت	51
كەلە	بەرسىن	67
كەلە	بەرەتىن	44
كەلە	المايمىن	84
كەلە	بەرسەڭ	79
كەلە	المايسىڭ	51
كەلە	المادى	85
كەلە	الساڭ	66
كەلە	المايدى	78
كەلە	جاتسىڭ	72
كەلە	مەكەن	44
كەلە	جاتىرسىڭبا	54
كەلە	الاسىڭ	82
كەلە	سالشى	80
كەلە	ساپ	72
كەلە	الاسىڭبا	62
كەلە	جاتىرسىڭدارما	44
كەلە	جاتسا	61
كەلە	سالا	57
كەلە	جاتىرما	79
كەلە	المايتىن	75
كەلە	جاتسام	82
كەلە	جاتر	72
كەلە	بەرىڭىز	51
كەلە	بەرىڭىزدەر	66
كەلە	جاترمىن	60
كەلە	جاتقام	71
كەلە	الماساڭ	75
كەلە	سالساڭ	61
كەلە	جاتقاندا	70
كەلە	بەرمەيدى	46
كەلە	بەرىڭدەر	85
كەلە	الاما	78
كەلە	جاتىرىم	85
كەلە	المايسىڭبا	75
كەلە	جاتسىڭبا	78
كەلە	جاتىرسڭبا	74
كەلە	الاسڭبا	81
كەلە	جاتىپتى	73
كەلە	قالىڭدار	75
كەلە	الىپ	83
كەلە	الاتىن	18
كەلە	قىمىز	65
كەلە	الماعان	61
قابا	اۋدانى	62
قابار	جوق	13
قابار	بار	7
قابار	بارما	45
قابار	بەر	11
قابار	بەرە	47
قابار	جوقپا	38
قابار	جوققوي	51
قابار	وشار	47
قابار	لاسىپ	47
قابارلاس	جانىم	47
قابارلاس	مەن	24
قابارلاس	دەپ	38
قابارلاس	بولىپ	42
قابارلاس	وندا	38
قابارلاس	بولاما	59
قابارلاس	دوسىم	42
قابارلاسىڭىز	دار	18
قابارلاسىڭىزدار	بىر	16
قابارلاسىڭىزدار	ەرتەڭ	80
قابارلاسىڭىزدار	بۇگىن	80
قابارلاسىڭىزدار	ەكى	85
قابارلاسىڭىزدار	تەلەفون	33
قابارلاسىڭىزدار	يۋان	52
قابارلاسىڭىزدار	ۇش	84
قابارلاسىڭىزدار	قازىر	83
قابارلاسىڭىزدار	ساعات	76
قابارلاسىڭىزدار	باعاسى	82
قابارلاسىڭىزدار	ناق	52
قابارلاسىڭىزدار	زات	69
قابارلاسىڭىزدار	دال	80
قابارلاسىڭىزدار	ورىن	75
قابارلاسىڭىزدار	دەرەۋ	86
قابارلاسىڭىزدار	جىگىتتەر	60
قابارلاسىڭىزدار	ورنى	81
قابارلاسىڭىزدار	جەكەلىككە	78
قابارلاسىڭىزدار	جەتكىزىپ	75
قابارلاسىڭىزدار	زاكاز	72
قابارلاسىڭىزدار	ادام	33
قابارلاسىڭىزدار	شى	18
قابارلاسىڭىزدار	تاي	53
قابارلاسىڭىزدار	تورت	26
قابارلاسىڭىزدار	كىشكەنە	78
قابارلاسىڭىزدار	باساتىن	49
قابارلاسىڭىزدار	شۇيىنشىسى	82
قات	جازىپ	83
قاتتى	عوي	15
قاتتى	جاقسى	69
قاتتى	ەكەن	23
قاتتى	بىر	60
قاتتى	بولىپ	68
قاتتى	كەلىپ	56
قاتتى	بولسا	62
قاتتى	ايتىپ	73
قاتتى	قالدى	74
قاتتى	قاربالاس	80
قاتتى	كەتىپ	74
قاتتى	ۇيقتاپ	27
قاتتى	كەرەك	17
قاتتى	اۋىرىپ	70
قاتتى	كەلدى	65
قاتتى	ۇيات	37
قاتتى	قاتتى	49
قاتتى	قيىن	43
قاتتى	ويلاپ	72
قاتتى	اشىپ	27
قاتتى	شارشاپ	75
قاتتى	ويناپ	75
قاتتى	ساعىنىپ	81
قاتتى	سويلەپ	19
قاتتى	ۇيىقتاپ	73
قاتتى	سۇيلەپ	16
قاتتى	ساعىندىم	65
قاتتى	باۋىر	68
قاتتى	سۋىق	75
قاتتى	رەنجىپ	80
قاتتى	ماس	83
قاتتى	ۇستاپ	84
قاتتى	سۇيەم	58
قاتتى	قاجەت	67
قاتتى	سوعىپ	58
قاتتى	جاۋىپ	81
قاتتى	جىلاپ	34
قاتتى	اۋرىپ	78
قاتتى	قورقىپ	85
قاتتى	قۇشاقتاپ	47
قاتتى	تيىپ	64
قاتتى	قينالىپ	69
قاتتى	ساعنىپ	67
قاتتى	الاڭداپ	72
قاتتى	شارشادىڭ	48
قاتتى	ۇيالىپ	81
قاتتى	قىزىپ	85
قاتتى	اۇىرىپ	83
قاتتى	سەمىز	44
قاتتى	بوران	71
قاتتى	جەك	76
قاتتى	قۋانىپ	64
قاتتى	شارشادىم	63
قاتتى	رازى	75
قاتتى	اشۋىم	84
قاتتى	قىسىپ	84
قاتتى	اۋىرادى	73
قاتتى	اڭساپ	84
قاتتى	قىسىلىپ	75
قاتتى	باتىپ	85
قاتتى	ساعندىم	76
قاتتى	قىينالىپ	81
قاتتى	شارشاعان	75
قاتتى	اۇرىپ	62
قاتتى	اۋىردى	75
قاتتى	كوڭىلسىز	65
قاتتى	قىجالات	64
قاتتى	تيدى	73
قاتتى	قىزعانام	78
قاتتى	اۋىردىم	84
قاتتى	قسلىپ	65
قاتتى	اۋردى	71
قاتتى	باتتى	83
قاتتى	رەنجىدىم	79
قاتتى	قينالدىم	68
قاتتى	ۇرىپ	55
قاتتى	ىستىق	81
قاتتى	سۇيەمىن	83
قاتتى	وبال	40
قاتتى	ىسىپ	82
قاتتى	ستىق	71
قاتتى	كۇرگىم	76
قاتتى	ناشار	71
قاتتى	كۇڭىلسىز	81
قاتتى	ساعىنپ	85
قاتتى	قالجىراپ	77
سالىپ	بىر	60
سالىپ	ەندى	66
سالىپ	جاتىر	65
سالىپ	قوي	41
سالىپ	ال	39
سالىپ	الىپ	53
سالىپ	تۇر	37
سالىپ	جاتىرمىن	79
سالىپ	ساعان	48
سالىپ	تاماق	76
سالىپ	وتىر	78
سالىپ	وتىرمىن	69
سالىپ	قاربالاس	73
سالىپ	قويشى	73
سالىپ	كەتىپ	75
سالىپ	بەر	78
سالىپ	بەرىپ	74
سالىپ	جۇر	72
سالىپ	قايتا	48
سالىپ	ۇيقتاپ	66
سالىپ	الدىم	55
سالىپ	بەرە	55
سالىپ	بەرەيىن	58
سالىپ	كەلدىم	73
سالىپ	قويدى	65
سالىپ	قويدىم	73
سالىپ	ەدىم	78
سالىپ	جۇرمىن	42
سالىپ	الايىن	24
سالىپ	جاتىپ	59
سالىپ	جاتقان	64
سالىپ	قويىپ	65
سالىپ	جاتىرمىز	38
سالىپ	جۇرگەن	68
سالىپ	بەرەم	66
سالىپ	بەرشى	66
سالىپ	بەرەدى	55
سالىپ	قويايىن	61
سالىپ	تاستاپ	66
سالىپ	بەرەتىن	48
سالىپ	بەرەمىن	69
سالىپ	بەرسەڭ	68
سالىپ	بەرگەن	66
سالىپ	بەردى	78
سالىپ	بەردىم	76
سالىپ	قويساڭ	70
سالىپ	قويعان	77
سالىپ	جۇرمە	73
سالىپ	قويعام	69
سالىپ	بەرەمىز	64
سالىپ	بەرىڭىز	68
سالىپ	جىبەر	62
سالىپ	بەرسەڭىز	63
سالىپ	قويامىن	33
سالىپ	جىبەرىپ	74
سالىپ	جىبەرەيىن	74
سالىپ	جىبەرشى	52
سالىپ	جىبەردىم	79
سالىپ	ەتەيىن	66
سالىپ	جىبەرەم	73
سالىپ	جىبەرىڭىز	74
عانا	عوي	82
عانا	جانىم	38
عانا	دەپ	76
عانا	جوق	83
عانا	جاقسى	68
عانا	بولدى	52
عانا	ەكەن	47
عانا	بىر	43
عانا	بار	64
عانا	بولىپ	33
عانا	الىپ	68
عانا	كەلىپ	65
عانا	ادام	81
عانا	بولسا	73
عانا	تۇر	82
عانا	ماعان	72
عانا	بارىپ	69
عانا	مەنى	78
عانا	بولادى	81
عانا	ايتىپ	84
عانا	قالدى	60
عانا	اقشا	76
عانا	ەمەس	37
عانا	ىشىپ	44
عانا	باسقا	82
عانا	جۇر	77
عانا	الدىم	83
عانا	كەرەك	64
عانا	كەلدى	83
عانا	كەلدىم	76
عانا	كورىپ	63
عانا	جۇرمىن	80
عانا	ۋاقىت	75
عانا	قاراپ	82
عانا	قالعان	76
عانا	كەلەدى	80
عانا	ويلاپ	81
عانا	بىل	64
عانا	بولساڭ	74
عانا	سويلەپ	76
عانا	بىلەدى	75
عانا	قالىپتى	79
عانا	ايتتىم	73
عانا	بىلەم	72
عانا	بىلەسىڭ	78
عانا	قالپتى	78
عانا	سۇيەم	80
عانا	سۇيەمىن	81
عانا	بىلەمىن	47
عانا	ويلايمىن	71
عانا	بىلەمىز	82
عانا	بىلسەك	80
عانا	مەن	64
عانا	ساعان	78
عانا	تاماق	84
عانا	بىرگە	78
عانا	سۇيىپ	83
قيىن	عوي	83
قيىن	دەپ	16
قيىن	جاقسى	76
قيىن	بولدى	38
قيىن	ەكەن	7
قيىن	بىر	14
قيىن	بولىپ	82
قيىن	قوي	18
قيىن	ادام	74
قيىن	بولادى	45
قيىن	دەيدى	45
قيىن	اق	62
قيىن	ەمەس	76
قيىن	ەدى	61
قيىن	بوپ	77
قيىن	اۋىرىپ	47
قيىن	بولعان	69
قيىن	جامان	27
قيىن	شارشاپ	58
قيىن	بولىپتى	19
قيىن	بولاتىن	76
قيىن	ساعىنىپ	76
قيىن	بوپتى	78
قيىن	جاعداي	50
قيىن	بولپتى	81
قيىن	قىزىق	55
قيىن	بولعاندا	77
قيىن	ايبەت	50
قيىن	بۇلدى	80
قيىن	جەك	82
قيىن	بولدىعوي	68
قيىن	قىلسا	50
بولعان	عوي	73
بولعان	جانىم	56
بولعان	مەن	61
بولعان	دەپ	19
بولعان	جوق	63
بولعان	جاقسى	68
بولعان	بولدى	37
بولعان	ەكەن	72
بولعان	بىر	13
بولعان	سول	74
بولعان	ادام	82
بولعان	بولسا	50
بولعان	بۇگىن	41
بولعان	قايدا	78
بولعان	ساعان	73
بولعان	دەيدى	61
بولعان	اي	77
بولعان	دەگەن	72
بولعان	كۇنى	69
بولعان	ەمەس	79
بولعان	قانداي	72
بولعان	ەدى	59
بولعان	سوڭ	78
بولعان	شىعار	9
بولعان	كەزدە	78
بولعان	وعان	82
بولعان	ەكەنسىڭ	52
بولعان	سوعان	75
بولعان	جەردە	63
بولعان	سياقتى	79
بولعان	كىسى	60
بولعان	بولساڭ	62
بولعان	شعار	78
بولعان	نەسى	58
بولعان	شىعارسىڭ	84
بولعان	سايىن	77
بولعان	بولسام	64
بولعان	جوقپا	63
بولعان	ۇقسايدى	58
بولعان	شعارسىڭ	77
بولعان	تۇردەن	78
بولعان	كىسىگە	68
بولعان	تۇرىڭنەن	73
بولعان	سۇڭ	83
بولعان	ەندى	59
بولعان	بالا	34
بولعان	جەرگە	67
بولعان	بارلىق	80
بولعان	جاعداي	62
بولعان	سىياقتى	79
دۇرىس	عوي	74
دۇرىس	جانىم	70
دۇرىس	مەن	60
دۇرىس	دەپ	75
دۇرىس	بولسىن	82
دۇرىس	بولدى	60
دۇرىس	ەكەن	25
دۇرىس	سول	10
دۇرىس	بولىپ	78
دۇرىس	قوي	81
دۇرىس	ادام	19
دۇرىس	بولسا	62
دۇرىس	بولادى	51
دۇرىس	ايتىپ	68
دۇرىس	ەمەس	67
دۇرىس	بىراق	31
دۇرىس	ەدى	67
دۇرىس	پا	63
دۇرىس	ايتتىڭ	53
دۇرىس	شىعار	57
دۇرىس	ايتقان	42
دۇرىس	بولعان	69
دۇرىس	دۇرىس	49
دۇرىس	بولىپتى	28
دۇرىس	بولماي	71
دۇرىس	ايتىڭ	13
دۇرىس	بوپتى	63
دۇرىس	ايتادى	69
دۇرىس	شعار	67
دۇرىس	جاۋاپ	57
دۇرىس	سوز	80
دۇرىس	ايتاسىڭ	77
دۇرىس	بولپتى	81
دۇرىس	بولمادى	77
دۇرىس	تۇسىن	56
دۇرىس	تۇسىنىپ	45
دۇرىس	ايتىپتى	78
دۇرىس	ايتاسىز	81
دۇرىس	ايتىلعان	28
دۇرىس	تۇسىنشى	51
ەكەنسىڭ	عوي	82
ەكەنسىڭ	جانىم	9
ەكەنسىڭ	مەن	41
ەكەنسىڭ	دەپ	54
ەكەنسىڭ	بولدى	83
ەكەنسىڭ	بىر	64
ەكەنسىڭ	سول	71
ەكەنسىڭ	سەن	80
ەكەنسىڭ	ەندى	65
ەكەنسىڭ	قوي	57
ەكەنسىڭ	وندا	67
ەكەنسىڭ	يا	68
ەكەنسىڭ	مەندە	72
ەكەنسىڭ	سودان	74
ەكەنسىڭ	ماعان	63
ەكەنسىڭ	مەنى	78
ەكەنسىڭ	وسى	66
ەكەنسىڭ	دەيدى	71
ەكەنسىڭ	جاقسى	46
ەكەنسىڭ	دەشى	70
جاتىپ	جوق	82
جاتىپ	جاقسى	80
جاتىپ	بىر	15
جاتىپ	ەندى	68
جاتىپ	ال	78
جاتىپ	الىپ	60
جاتىپ	ەرتە	28
جاتىپ	تۇر	80
جاتىپ	قالدى	83
جاتىپ	تاڭەرتەڭ	33
جاتىپ	ىستەپ	76
جاتىپ	جۇر	62
جاتىپ	الماي	67
جاتىپ	ۇيقتاپ	78
جاتىپ	قايتىپ	80
جاتىپ	الدى	17
جاتىپ	الدىم	56
جاتىپ	قالدىم	36
جاتىپ	تۇرىپ	25
جاتىپ	ەدىم	72
جاتىپ	جۇرمىن	69
جاتىپ	الايىن	73
جاتىپ	جاتىپ	67
جاتىپ	قالعان	16
جاتىپ	الدىڭ	57
جاتىپ	الدىڭبا	60
جاتىپ	قالدىڭ	36
جاتىپ	قالدىڭبا	66
جاتىپ	جۇرگەن	48
جاتىپ	العان	70
جاتىپ	جۇرسىڭ	69
جاتىپ	قالادى	52
جاتىپ	دەم	76
جاتىپ	ۇيىقتاپ	69
جاتىپ	دەمال	65
جاتىپ	قالىپ	64
جاتىپ	قالىپتى	74
جاتىپ	الادى	76
جاتىپ	دەمالىپ	69
جاتىپ	جايلى	72
جاتىپ	الساڭ	77
جاتىپ	قالپتى	16
جاتىپ	قالسا	40
جاتىپ	قالدىق	73
جاتىپ	العام	69
جاتىپ	الدىق	80
جاتىپ	قالدىما	83
جاتىپ	قالاتىن	63
جاتىپ	قالاسىڭ	75
جاتىپ	قالسام	81
جاتىپ	تۇرايىن	74
جاتىپ	قالساڭ	83
جاتىپ	قالعام	74
جاتىپ	قالدىڭىزبا	50
جاتىپ	قالدىڭدارما	73
جاتىپ	جايىلى	68
جاتىپ	ەرتەڭ	67
جاتىپ	قال	66
جاتىپ	تەلەفون	83
جاتىپ	السام	66
ايتا	عوي	78
ايتا	سال	25
ايتا	قوي	14
ايتا	وتىر	76
ايتا	بەر	29
ايتا	بەرىپ	11
ايتا	جۇر	25
ايتا	الماي	80
ايتا	بەرەيىن	78
ايتا	سالىپ	66
ايتا	ايتا	74
ايتا	بەرەم	64
ايتا	بەرشى	66
ايتا	بەرەدى	64
ايتا	بەرسىن	36
ايتا	بەرەت	80
ايتا	بەرەتىن	76
ايتا	المايمىن	25
ايتا	بەرسە	56
ايتا	بەرسەڭ	78
ايتا	المايسىڭ	33
ايتا	المادىم	68
ايتا	بەرمە	79
ايتا	بەرمەي	57
ايتا	المايدى	71
ايتا	بەرەسىڭ	31
ايتا	سالشى	55
ايتا	الاسىڭبا	53
ايتا	بىرىن	34
ايتا	سالايىن	66
ايتا	بەرسەم	79
ايتا	المايتىن	77
ايتا	سالام	79
ايتا	بەرىڭىز	77
ايتا	سالاتىن	36
ايتا	الماساڭ	57
ايتا	سالدىم	78
ايتا	سالسا	54
ايتا	سالساڭ	69
ايتا	سالعان	56
ايتا	سالىڭىز	49
ايتا	سالادى	71
ايتا	بەردىڭ	40
ايتا	المايىم	73
ايتا	سالامىن	62
ايتا	بەرسەك	67
ايتا	وتىرىڭدار	68
ايتا	سالدىڭ	81
ايتا	سالعام	65
ايتا	سالىڭدار	59
ايتا	بەرمەشى	81
ايتا	وتىرىڭىز	49
ايتا	وتىرىڭىزدار	59
ايتا	بەرڭىز	74
ايتا	سالىڭىزدار	75
ايتا	سالساڭىز	59
ايتا	سالىڭىزشى	75
ايتا	سالمايسىڭ	69
ايتا	سالمايسىڭبا	73
ايتا	سالڭىز	73
ايتا	سالعانىم	77
ايتا	بەرەمىن	62
ايتا	الامىن	40
ايتا	سالڭىزدار	72
سونىمەن	جانىم	81
سونىمەن	مەن	38
سونىمەن	جوق	75
سونىمەن	جاقسى	63
سونىمەن	بىر	78
سونىمەن	سول	77
سونىمەن	نە	59
سونىمەن	نەعىپ	19
سونىمەن	ەندى	8
سونىمەن	كەلىپ	83
سونىمەن	ەرتەڭ	63
سونىمەن	بۇگىن	67
سونىمەن	بارىپ	56
سونىمەن	قاي	69
سونىمەن	جاتىرمىن	42
سونىمەن	قايدا	66
سونىمەن	تاماق	68
سونىمەن	قال	73
سونىمەن	قالاي	83
سونىمەن	ۇيدە	73
سونىمەن	ۇيگە	61
سونىمەن	بىرگە	75
سونىمەن	وتىرمىن	66
سونىمەن	دوسىم	67
سونىمەن	امان	63
سونىمەن	ۇزىڭ	70
سونىمەن	قاشان	72
سونىمەن	قاربالاس	75
سونىمەن	كەتىپ	57
سونىمەن	قانداي	52
سونىمەن	ىستەپ	83
سونىمەن	ۇيقتاپ	60
سونىمەن	جۇمىس	63
سونىمەن	وزىڭ	43
سونىمەن	قايداسىڭ	63
سونىمەن	جاتىپ	82
سونىمەن	قىزدار	26
سونىمەن	اڭگىمە	81
سونىمەن	الگى	82
سونىمەن	ستەپ	79
سونىمەن	جاعداي	82
سونىمەن	قاربالاسپا	80
سونىمەن	قاتار	69
سونىمەن	نەقاربالاس	79
سونىمەن	قايدامىز	77
سونىمەن	الى	76
سونىمەن	توي	74
سونىمەن	قايتىپ	53
سونىمەن	تويعا	77
سونىمەن	دەمالىپ	77
سونىمەن	نەستەپ	74
دەيمىن	عوي	72
دەيمىن	جانىم	16
دەيمىن	مەن	33
دەيمىن	دەپ	63
دەيمىن	بىر	58
دەيمىن	سول	69
دەيمىن	سەن	69
دەيمىن	ەندى	73
دەيمىن	يا	62
دەيمىن	بۇگىن	47
دەيمىن	ول	82
دەيمىن	ساعان	80
دەيمىن	وسى	72
دەيمىن	يە	52
دەيمىن	بىراق	79
دەيمىن	ايتەۋ	67
دەيمىن	مەندە	82
ۋاق	بولدى	51
ۋاق	تاماق	18
ۋاق	ۋاق	19
ۋاق	بولسادا	17
ۋاقىت	جوق	33
ۋاقىت	بولدى	11
ۋاقىت	ەكەن	17
ۋاقىت	بار	81
ۋاقىت	بولىپ	29
ۋاقىت	قوي	41
ۋاقىت	بولسا	72
ۋاقىت	بولادى	23
ۋاقىت	تاماق	69
ۋاقىت	قالدى	74
ۋاقىت	دەگەن	56
ۋاقىت	ەمەس	37
ۋاقىت	بارما	67
ۋاقىت	كوپ	77
ۋاقىت	كەتىپ	75
ۋاقىت	نەدەگەن	81
ۋاقىت	بەر	71
ۋاقىت	از	74
ۋاقىت	تەز	73
ۋاقىت	بوپ	79
ۋاقىت	كەرەك	44
ۋاقىت	شىعار	81
ۋاقىت	شىعىپ	73
ۋاقىت	بولعان	59
ۋاقىت	ساعات	70
ۋاقىت	بولىپتى	59
ۋاقىت	بولماي	56
ۋاقىت	بولسادا	42
ۋاقىت	كەتەدى	63
ۋاقىت	بارىن	54
ۋاقىت	وتە	65
ۋاقىت	شىعارىپ	58
ۋاقىت	شعار	18
ۋاقىت	ۇتە	65
ۋاقىت	شىعادى	68
ۋاقىت	اسىپ	64
ۋاقىت	تاياپ	75
ۋاقىت	بولعاندا	65
ۋاقىت	وتىپ	72
ۋاقىت	شعارىپ	65
ۋاقىت	بولمادى	82
ۋاقىت	ۇتىپ	62
ۋاقىت	شىقپاي	45
ۋاقىت	شىققاندا	57
ۋاقىت	جەتپەي	48
ۋاقىت	شىقسا	80
ۋاقىت	شىعاما	54
ۋاقىت	شىقباي	75
ۋاقىت	شقپاي	72
ۋاقىت	شقسا	63
ۋاقىت	شىعارا	70
ۋاقىت	توشىپ	79
ۋاقىت	قىسقا	81
ۋاقىت	شققاندا	76
ۋاقىت	شىقاندا	75
ۋاقىت	توشتى	82
ۋاقىت	شىعارشى	78
ۋاقىت	ۇزارىپ	68
ۋاقىت	شىعارساڭ	58
ۋاقىت	شەشەدى	76
ۋاقىت	شعارشى	63
ۋاقىت	بىر	81
ۋاقىت	جوقپا	81
ۋاقىت	تىعىز	78
قارا	جانىم	63
قارا	مەن	58
قارا	دەپ	66
قارا	ەكەن	51
قارا	بولىپ	77
قارا	شاي	48
قارا	جۇمىس	47
قارا	بوپ	68
قارا	جەر	54
قارا	قىز	74
قارا	تاس	73
قارا	سۋ	31
قارا	قاتىن	74
قارا	بەت	59
قارا	قىزىم	48
قارا	كوك	62
قارا	كوز	73
قارا	قاعاز	39
قارا	كەمپىرىم	68
قارا	شالىم	54
قارا	كۇز	72
قارا	كويلەك	54
قارا	سىم	76
قارا	سابىن	68
قارا	قىزدىڭ	64
قارا	كۇشىك	78
قارا	تەر	66
قارا	رەڭ	77
قارا	تورى	78
قارا	شەكەر	78
قارا	قاسقا	73
قارا	دومالاق	77
قارا	جورعا	60
قارا	نيەت	74
قارا	قاعازعا	77
قارا	توبەگە	65
قارا	تۇبەگە	64
قارا	ورمانداي	71
قارا	تىزىمدىككە	64
قارا	بۇراعا	68
قارا	شال	48
قارا	شالىڭ	76
قارا	كۇيلەك	66
قارا	ەسەك	68
قارا	كوزىم	77
قارا	كۇشىگىم	71
قارا	قوڭىر	69
قارا	كۇزىم	67
قارا	جەيدە	63
قارا	رەڭى	60
قارا	شوجەم	73
قارا	ورىك	76
قارا	ۇرىك	44
قارا	توبەدە	68
قارا	بۇلاققا	64
قارا	قازانداي	67
قارا	تىزىمدىلككە	78
قاراپ	مەن	77
قاراپ	بىر	74
قاراپ	جات	67
قاراپ	جاتىر	81
قاراپ	قوي	21
قاراپ	ال	51
قاراپ	الىپ	79
قاراپ	تۇر	71
قاراپ	جاتىرمىن	33
قاراپ	وتىر	78
قاراپ	وتىرمىن	31
قاراپ	قالدى	19
قاراپ	بەر	58
قاراپ	بەرى	69
قاراپ	جۇر	53
قاراپ	قالدىم	77
قاراپ	بەرەيىن	48
قاراپ	كور	67
قاراپ	تۇرىپ	50
قاراپ	جۇرمىن	74
قاراپ	جاتىپ	50
قاراپ	قاراپ	66
قاراپ	تۇرمىن	61
قاراپ	قالعان	57
قاراپ	جاتقان	67
قاراپ	قويىپ	55
قاراپ	كۇر	70
قاراپ	جاتىرمىز	57
قاراپ	جۇرگەن	71
قاراپ	جۇرىپ	60
قاراپ	تۇرعان	60
قاراپ	وتىرمىز	78
قاراپ	وتىرسىڭ	53
قاراپ	وتىرىپ	72
قاراپ	بەرەتىن	54
قاراپ	وتىرعان	46
قاراپ	كورەيىن	75
قاراپ	قانا	52
قاراپ	جاتىرسىڭبا	76
قاراپ	تۇرادى	65
قاراپ	تۇرسا	73
قاراپ	كۇرەيىن	74
قاراپ	كورشى	70
قاراپ	تۇرساڭ	78
قاراپ	قويام	77
قاراپ	قويادى	80
قاراپ	جاتىرما	63
قاراپ	وتىرسىڭبا	56
قاراپ	كۇلىپ	75
قاراپ	وتىرا	73
قاراپ	كورەيىك	78
قاراپ	ايتقانىم	75
قاراپ	تۇراتىن	79
قاراپ	كۇرەيىك	72
قاراپ	وتىراتىن	76
قاراپ	وتىرادى	68
قاراپ	وتىردىم	74
قاراپ	وتىرسام	72
قاراپ	وتىرساڭ	73
قاراپ	وتىرام	77
قاراپ	وتىرايىن	75
قاراپ	وتىرامىن	75
قاراپ	وتىرماي	80
قاراپ	ايتىپ	19
قاراپ	تۇرايىن	76
ەش	بىر	82
ەش	قايدا	27
ەش	قاشان	16
ەش	قانداي	16
ەش	نارسە	13
ەش	جاڭالىق	43
ەش	نارسەنى	47
ەش	جاماندىق	42
ەش	نارسەگە	43
ەش	نارسەدەن	27
ەش	جەرىم	14
ەشتەڭە	جانىم	46
ەشتەڭە	دەپ	14
ەشتەڭە	جوق	82
ەشتەڭە	بولدى	77
ەشتەڭە	الىپ	80
ەشتەڭە	دەي	80
ەشتەڭە	دەگەن	80
ەشتەڭە	ەمەس	50
ەشتەڭە	ىستەپ	54
ەشتەڭە	كەرەك	77
ەشتەڭە	بولعان	71
ەشتەڭە	بولماي	79
ەشتەڭە	بولمايدى	81
ەشتەڭە	دەگەم	69
ەشتەڭە	دەن	75
ەشتەڭە	تۇرعان	83
ەشتەڭە	كەلمەيدى	64
ەشتەڭە	ەتپەيدى	81
ەشتەڭە	قوش	8
ەشتەڭە	ايتپا	77
ەشتەڭە	بولمادى	71
ەشتەڭە	ىستەي	16
ەشتەڭە	قالمادى	79
ەشتەڭە	بىلمەيدى	62
ەشتەڭە	دەمە	78
ەشتەڭە	ايتپايمىن	45
ەشتەڭە	ويلاما	81
ەشتەڭە	بولماعان	77
ەشتەڭە	دەمەدى	56
ەشتەڭە	دەمەدىم	48
ەشتەڭە	ىستەمەي	69
ەشتەڭە	دەمەي	77
ەشتەڭە	ايتپادى	79
ەشتەڭە	ايتپادىم	72
ەشتەڭە	ويلاماي	70
ەشتەڭە	ەتبەيدى	81
ەشتەڭە	ايتقىم	56
ەشتەڭە	ىستەمەدىم	49
ەشتەڭە	قىلمادىم	63
ەشتەڭە	دەمەيدى	82
ەشتەڭە	قىلمايمىن	77
ەشتەڭە	ستەمەدىم	77
ەشتەڭە	دەمەگەن	79
ەشتەڭە	ەتپەيتىن	81
ەشتەڭە	بولماعانداي	64
ەشتەڭە	ەتپەس	79
ەشتەڭە	بولماسا	50
ەشتەڭە	بىلمەي	76
ەشتەڭە	ىستەمەيمىن	53
ەشتەڭە	دەمەيمىن	80
ەشتەڭە	ەتپەيمىن	69
مىقتى	عوي	72
مىقتى	بول	52
مىقتى	بولسىن	36
مىقتى	ەكەن	42
مىقتى	بولىپ	9
مىقتى	ادام	51
مىقتى	بولسا	65
مىقتى	بولادى	52
مىقتى	وت	75
مىقتى	ەكەنسىڭ	65
مىقتى	قىز	41
مىقتى	ماڭگى	63
مىقتى	بولساڭ	52
مىقتى	دەنساۋلىق	40
مىقتى	جىگىت	30
مىقتى	كۇندەرى	60
مىقتى	كۇندەرىڭ	51
مىقتى	ۇستا	58
مىقتى	ۇستاپ	68
مىقتى	جاسى	19
مىقتى	كۇندەرىڭىز	19
مىقتى	ازامات	14
مىقتى	وتباستارىڭ	54
مىقتى	وتباستارىڭىز	60
مىقتى	جاسىڭ	34
مىقتى	وقۋى	64
مىقتى	اتپال	62
مىقتى	بولاشاعى	77
مىقتى	عۇمىر	31
مىقتى	وتباسىڭ	76
مىقتى	قىزىمەتىڭ	43
مىقتى	وقۋىڭ	76
مىقتى	وقۋدا	66
مىقتى	قىزىمەتىڭىز	65
مىقتى	ۇز	53
مىقتى	ساقتا	20
مىقتى	اتبال	56
ۇل	دەپ	51
ۇل	بىر	48
ۇل	بار	24
ۇل	بولىپ	36
ۇل	بولسا	51
ۇل	بالا	46
ۇل	قىز	13
ۇل	بالانىڭ	39
ۇل	مەن	67
ۇل	جاق	52
ۇل	بالاعا	48
ۇل	تۋىپ	48
ۇلكەن	عوي	51
ۇلكەن	دەپ	60
ۇلكەن	ەكەن	73
ۇلكەن	بىر	39
ۇلكەن	بار	60
ۇلكەن	بولىپ	82
ۇلكەن	راحىمەت	49
ۇلكەن	قوي	79
ۇلكەن	ادام	80
ۇلكەن	بولسا	37
ۇلكەن	ۇي	58
ۇلكەن	ۇيدە	39
ۇلكەن	ۇيگە	29
ۇلكەن	ەمەس	69
ۇلكەن	جۇمىس	60
ۇلكەن	اعا	80
ۇلكەن	بوپ	63
ۇلكەن	بولعان	71
ۇلكەن	ۇل	39
ۇلكەن	ۇلكەن	77
ۇلكەن	جەر	79
ۇلكەن	ماشينا	71
ۇلكەن	قىز	75
ۇلكەن	جەرگە	75
ۇلكەن	اڭگىمە	54
ۇلكەن	نارسە	19
ۇلكەن	كىسى	72
ۇلكەن	بالام	68
ۇلكەن	جىگىت	68
ۇلكەن	باقىت	81
ۇلكەن	كىسىلەر	77
ۇلكەن	ۇيدى	17
ۇلكەن	ۇيدىڭ	76
ۇلكەن	كسى	73
ۇلكەن	اعام	59
ۇلكەن	ۇيدەن	48
ۇلكەن	قىزى	56
ۇلكەن	ۇيدەمىن	64
ۇلكەن	قىزىم	71
ۇلكەن	شۇنگە	78
ۇلكەن	ادامدار	75
ۇلكەن	ۇلى	76
ۇلكەن	جولعا	68
ۇلكەن	كىشى	80
ۇلكەن	ۇيدەگى	79
ۇلكەن	ماشىينا	77
ۇلكەن	ۇلىم	65
ۇلكەن	ماسەلە	70
ۇلكەن	كسلەر	77
ۇلكەن	كشى	66
ۇلكەن	كىسىنى	75
ۇلكەن	كىسىنىڭ	81
ۇلكەن	اپەكەم	59
ۇلكەن	كىسلەر	81
ۇلكەن	اعامنىڭ	48
ۇلكەن	كسىلەر	68
ۇلكەن	كسنىڭ	81
ۇلكەن	كىسىگە	75
ۇلكەن	دارەت	72
ۇلكەن	دارەتكە	77
ۇلكەن	كىسنىڭ	73
ۇلكەن	كىسىلەرگە	81
ۇلكەن	كىسىلەردى	63
ۇلكەن	كىسىلەردىڭ	73
ۇلكەن	توي	25
ۇلكەن	ىس	61
ۇلكەن	بالا	77
ۇلكەن	نۇمىرى	79
ۇلكەن	جاقتان	26
ۇلكەن	ماشينامەن	73
سوم	عوي	64
سوم	مەن	66
سوم	دەپ	70
سوم	جوق	76
سوم	بولدى	57
سوم	ەكەن	40
سوم	بىر	30
سوم	بار	69
سوم	الىپ	35
سوم	بولسا	49
سوم	بولادى	44
سوم	دەيدى	57
سوم	قالدى	50
سوم	اقشا	54
سوم	بارما	44
سوم	بەر	42
سوم	بەرىپ	61
سوم	الدى	18
سوم	الدىم	73
سوم	ات	75
سوم	اتىپ	48
سوم	كەرەك	66
سوم	بەرە	17
سوم	بەرەيىن	47
سوم	تاۋىپ	64
سوم	عانا	39
سوم	قوسىپ	46
سوم	سۇراپ	69
سوم	بولسادا	67
سوم	بەرەم	53
سوم	بەرشى	49
سوم	نان	77
سوم	بەرەدى	68
سوم	ناق	78
سوم	ارتىق	75
سوم	الادى	55
سوم	پۇل	77
سوم	بەرسەڭ	71
سوم	اتا	76
سوم	قۇڭباۋ	69
سوم	قانا	18
سوم	قۇيىپ	60
سوم	بەردى	76
سوم	بەردىم	72
سوم	اتشى	63
سوم	كىرەسى	19
سوم	قارىز	69
سوم	حۇڭباۋ	49
سوم	جەتپەي	40
سوم	تاۇىپ	69
سوم	شىعاما	75
سوم	شعاما	46
سوم	اتساڭ	67
اس	بولسىن	69
اس	ىشىپ	1
اس	ادامنىڭ	78
اس	بولسن	77
اس	دامدى	52
اس	بوسىن	77
اس	ءدامدى	76
بۇل	جانىم	74
بۇل	مەن	53
بۇل	دەپ	79
بۇل	جوق	80
بۇل	جاق	79
بۇل	بىر	74
بۇل	نە	49
بۇل	نەعىپ	16
بۇل	ەندى	77
بۇل	ادام	74
بۇل	ماعان	60
بۇل	ەكى	82
بۇل	مەنىڭ	72
بۇل	قاي	81
بۇل	نەگە	52
بۇل	قايدا	39
بۇل	قالاي	72
بۇل	ۇيدە	25
بۇل	ۇيگە	61
بۇل	كىم	43
بۇل	دەگەن	76
بۇل	ەمەس	77
بۇل	قانشا	68
بۇل	نەدەگەن	81
بۇل	قانداي	66
بۇل	سەنىڭ	66
بۇل	سوندا	77
بۇل	جۇمىس	80
بۇل	بالا	77
بۇل	بۇل	73
بۇل	كۇندە	80
بۇل	جەر	64
بۇل	جەردە	61
بۇل	قىز	20
بۇل	جەرگە	59
بۇل	قايسى	50
بۇل	كىسى	76
بۇل	جاققا	53
بۇل	جەردەن	61
بۇل	جولى	62
بۇل	كۇندەر	74
بۇل	ايدا	41
بۇل	جاقتا	81
بۇل	كسى	80
بۇل	توپ	47
بۇل	توپقا	81
بۇل	كىمنىڭ	63
بۇل	ومىر	69
بۇل	ۇمىر	81
بۇل	جاقتان	69
بۇل	ءومىر	76
بۇل	جەردىڭ	75
بۇل	دۇنيە	71
بۇل	شۇندە	76
بۇل	سوزدى	77
بۇل	توپتا	80
بۇل	جاقتىڭ	80
بۇل	جولعى	50
بۇل	ومىردە	82
بۇل	ۇمىردە	46
بۇل	كۇندەردە	80
بۇل	دۇنيەدە	42
بۇل	ومىردەن	59
بۇل	ومىرگە	75
بۇل	ءومىردە	79
بۇل	كىسىلەر	40
بۇل	كۇندەرى	76
بۇل	جاقتاعى	68
بۇل	شىندىق	79
بۇل	ۇمىردەن	82
بۇل	دۇنيەدەن	74
تۇرمىن	عوي	75
تۇرمىن	جانىم	15
تۇرمىن	مەن	19
تۇرمىن	دەپ	73
تۇرمىن	بىر	44
تۇرمىن	سول	62
تۇرمىن	نە	66
تۇرمىن	سەن	82
تۇرمىن	ەندى	67
تۇرمىن	قوي	72
تۇرمىن	ەرتەڭ	78
تۇرمىن	بۇگىن	69
تۇرمىن	سەنى	68
تۇرمىن	ساعان	66
تۇرمىن	دەيدى	73
تۇرمىن	دوسىم	57
تۇرمىن	دەگەن	76
تۇرمىن	بىراق	78
تۇرمىن	دەشى	72
تۇرمىن	ايتپەسە	82
كۇندە	مەن	77
كۇندە	دەپ	64
كۇندە	جوق	74
كۇندە	جاقسى	77
كۇندە	بىر	72
كۇندە	سول	17
كۇندە	نە	64
كۇندە	بار	68
كۇندە	الىپ	80
كۇندە	كەلىپ	76
كۇندە	ەرتە	49
كۇندە	ەرتەڭ	68
كۇندە	بارىپ	55
كۇندە	ەكى	45
كۇندە	بولادى	72
كۇندە	سەنى	58
كۇندە	ساعان	82
كۇندە	وسى	81
كۇندە	تاماق	63
كۇندە	ۇيدە	68
كۇندە	تەلەفون	81
كۇندە	ايتىپ	81
كۇندە	بىرگە	57
كۇندە	اقشا	81
كۇندە	قانشا	41
كۇندە	قاربالاس	70
كۇندە	ىشىپ	74
كۇندە	تاعى	59
كۇندە	تاڭەرتەڭ	62
كۇندە	بەرىپ	77
كۇندە	كەشتە	62
كۇندە	قايتا	70
كۇندە	قايتىپ	57
كۇندە	ۇش	70
كۇندە	جۇمىس	70
كۇندە	اتىپ	60
كۇندە	تۇندە	74
كۇندە	بەرەيىن	68
كۇندە	شىعىپ	70
كۇندە	كورىپ	70
كۇندە	تاۋىپ	59
كۇندە	بارام	61
كۇندە	كۇندە	69
كۇندە	بەس	77
كۇندە	سۇراپ	81
كۇندە	كەلەدى	42
كۇندە	توي	72
كۇندە	جاي	35
كۇندە	كەپ	65
كۇندە	ءبىر	67
كۇندە	كۇرىپ	65
كۇندە	بەرەم	79
كۇندە	بارامىن	79
كۇندە	ارەڭ	66
كۇندە	ويناپ	69
كۇندە	سويلەپ	56
كۇندە	بەرەدى	73
كۇندە	نەشە	82
كۇندە	اراق	77
كۇندە	سۇيلەپ	61
كۇندە	بەرەمىن	80
كۇندە	بارادى	77
كۇندە	قايتارىپ	63
كۇندە	سۋىق	66
كۇندە	ماس	77
كۇندە	قابارلاسىپ	66
كۇندە	شىعادى	70
كۇندە	قوناق	80
كۇندە	قايتام	74
كۇندە	كەزىگىپ	75
كۇندە	قاسىڭدا	75
كۇندە	ويىن	81
كۇندە	بولىپ	76
كۇندە	ۇيگە	76
كۇندە	ىستىق	59
كۇندە	جاڭبىر	77
كۇندە	قايتامىن	81
كۇندە	ىسىپ	78
كۇندە	جاۋىن	66
كۇندە	بىتەدى	69
كەرەمەت	عوي	75
كەرەمەت	جانىم	71
كەرەمەت	دەپ	50
كەرەمەت	جاقسى	76
كەرەمەت	بولدى	39
كەرەمەت	ەكەن	60
كەرەمەت	بىر	15
كەرەمەت	بولىپ	82
كەرەمەت	قوي	61
كەرەمەت	ادام	43
كەرەمەت	بولادى	64
كەرەمەت	جارايدى	81
كەرەمەت	دوسىم	63
كەرەمەت	قۇتتى	65
كەرەمەت	ان	82
كەرەمەت	بولعان	68
كەرەمەت	ەكەنسىڭ	79
كەرەمەت	اس	75
كەرەمەت	كەرەمەت	69
كەرەمەت	بولىپتى	61
كەرەمەت	كۇشتى	64
كەرەمەت	جىگىت	12
كەرەمەت	جارايسىڭ	72
كەرەمەت	بولپتى	65
كەرەمەت	ءان	75
كەرەمەت	ساۋداڭ	74
كەرەمەت	جالعاستى	30
كەرەمەت	تاماشا	77
كەرەمەت	ايتىلعان	79
كەرەمەت	اق	45
كەرەمەت	جەر	66
كەرەمەت	ساياحات	76
كەرەمەت	بۇداندا	82
مال	عوي	76
مال	جان	69
مال	مەن	46
مال	دەپ	52
مال	جوق	75
مال	بولسىن	54
مال	ەكەن	57
مال	بار	77
مال	بولىپ	32
مال	الىپ	62
مال	بولسا	67
مال	دەگەن	28
مال	ەمەس	72
مال	بارما	76
مال	كوپ	61
مال	كەلدى	68
مال	كورىپ	75
مال	قاراپ	76
مال	باعاسى	68
مال	الاتىن	53
مال	باسىپ	69
مال	ساتىپ	50
مال	ايداپ	58
مال	نەمە	76
مال	باعىپ	62
مال	ارزان	22
مال	ساۋدا	75
مال	جوندەپ	70
مال	بازار	67
مال	بازارعا	60
مال	جانىڭ	73
مال	جۇك	42
مال	جايىپ	70
مال	باساتىن	36
مال	سويىپ	60
مال	باعاتىن	68
مال	بازاردا	33
مال	باققان	52
مال	باتا	25
مال	بازاردان	63
مال	جاندارىڭ	61
مال	باتاسى	77
مال	جۇكتەرىڭىز	64
مال	مۇلىك	73
مال	كەلىپ	36
مال	ىزدەپ	73
مال	سۇيىپ	55
مال	ەمەسپىن	53
مال	ساتاتىن	77
مال	الۋشى	55
مال	باعادى	74
مال	باتاعا	29
مال	سوياتىن	50
مال	تۇگەندەپ	73
مال	ساتقاندا	76
مال	ساتىلماي	67
مال	سويادى	55
مال	سويعان	63
مال	سويامىز	77
مال	باتاسىنا	68
مال	شارۋاشىلىق	55
مال	سويىلىپ	76
قازى	قارتا	80
قازىر	مەن	81
قازىر	جوق	55
قازىر	جاقسى	49
قازىر	بىر	55
قازىر	سول	47
قازىر	نە	77
قازىر	نەعىپ	56
قازىر	بار	60
قازىر	سەن	51
قازىر	الىپ	72
قازىر	كەل	76
قازىر	كەلىپ	77
قازىر	ادام	71
قازىر	مەندە	61
قازىر	ماعان	49
قازىر	بارى	66
قازىر	بارىپ	69
قازىر	ەكى	65
قازىر	مەنىڭ	51
قازىر	قاي	67
قازىر	ول	83
قازىر	قايدا	71
قازىر	ساعان	74
قازىر	وسى	80
قازىر	تاماق	77
قازىر	قالاي	73
قازىر	ۇيدە	68
قازىر	ۇيگە	61
قازىر	تەلەفون	74
قازىر	اقشا	83
قازىر	ەمەس	79
قازىر	قانشا	78
قازىر	قاربالاس	54
قازىر	تاعى	78
قازىر	كوپ	65
قازىر	بىراز	79
قازىر	قانداي	64
قازىر	قايتا	80
قازىر	جۇمىس	44
قازىر	اتىپ	66
قازىر	كەرەك	76
قازىر	كەلدىم	32
قازىر	قايداسىڭ	80
قازىر	بارا	78
قازىر	بارام	82
قازىر	قاتتى	43
قازىر	ۋاقىت	81
قازىر	ەشتەڭە	81
قازىر	بولدىم	82
قازىر	كەلەدى	82
قازىر	بارايىن	80
قازىر	بارامىن	62
قازىر	ونداي	58
قازىر	بارامىز	77
قازىر	اۋدانعا	74
قازىر	قولايسىز	83
قازىر	جاعداي	81
قازىر	بارسام	75
قازىر	قاجەت	73
قازىر	قايتام	80
قازىر	دەرەۋ	71
قازىر	جۇرەتىن	81
قازىر	قيمىل	63
قازىر	تۇردىم	50
قازىر	اۋداننان	75
قازىر	جۇرەدى	77
قازىر	جۇرەمىز	82
قازىر	قاندايسىڭ	68
قازىر	تامان	80
قازىر	سەنى	75
قازىر	توي	62
قازىر	اق	78
قازىر	قايتىپ	56
قازىر	ماشينا	75
قازىر	اپارىپ	83
قازىر	سىزگە	78
قازىر	كەلدىك	72
قازىر	تولىدان	75
تۇسىپ	بىر	71
تۇسىپ	ەندى	69
تۇسىپ	بولىپ	54
تۇسىپ	جاتىر	70
تۇسىپ	ال	33
تۇسىپ	الىپ	43
تۇسىپ	كەل	31
تۇسىپ	كەلىپ	70
تۇسىپ	تۇر	73
تۇسىپ	سودان	32
تۇسىپ	بارىپ	58
تۇسىپ	جاتىرمىن	79
تۇسىپ	تاماق	64
تۇسىپ	قال	54
تۇسىپ	ۇيگە	56
تۇسىپ	وتىر	22
تۇسىپ	وتىرمىن	52
تۇسىپ	كەت	44
تۇسىپ	كەتتى	76
تۇسىپ	قالدى	54
تۇسىپ	كەتىپ	40
تۇسىپ	ازىر	66
تۇسىپ	جۇر	83
تۇسىپ	قايتا	81
تۇسىپ	الدى	63
تۇسىپ	الدىم	80
تۇسىپ	كەتتىم	71
تۇسىپ	قالدىم	77
تۇسىپ	كەلدىم	48
تۇسىپ	جاڭا	52
تۇسىپ	ەدىم	65
تۇسىپ	جۇرمىن	71
تۇسىپ	الايىن	72
تۇسىپ	بارا	77
تۇسىپ	بارام	72
تۇسىپ	كەلە	72
تۇسىپ	تۇرمىن	45
تۇسىپ	قالعان	71
تۇسىپ	الدىڭبا	31
تۇسىپ	بولدىم	54
تۇسىپ	كەتتىڭ	75
تۇسىپ	جاڭە	72
تۇسىپ	جاتقان	43
تۇسىپ	كەتكەن	69
تۇسىپ	جۇرگەن	68
تۇسىپ	العان	46
تۇسىپ	كەتەدى	72
تۇسىپ	بارامىن	71
تۇسىپ	تۇرعان	80
تۇسىپ	قالادى	77
تۇسىپ	كىر	61
تۇسىپ	قالىپ	68
تۇسىپ	قالىپتى	68
تۇسىپ	كەتىپتى	60
تۇسىپ	قالپتى	79
تۇسىپ	قالسا	70
تۇسىپ	كەتەتىن	64
تۇسىپ	كەتسە	71
تۇسىپ	شىقتىم	70
تۇسىپ	العام	82
تۇسىپ	تۇرادى	82
تۇسىپ	كەلەم	53
تۇسىپ	بولدىڭبا	81
تۇسىپ	قالدىما	76
تۇسىپ	كەتپتى	77
تۇسىپ	كەلەيىن	67
تۇسىپ	قالاتىن	84
تۇسىپ	كەتەيىن	79
تۇسىپ	قالاما	83
تۇسىپ	كەتىم	74
تۇسىپ	قالار	81
تۇسىپ	جاتسا	69
تۇسىپ	قالماسىن	78
تۇسىپ	كەتتىك	71
تۇسىپ	قاپتى	80
تۇسىپ	كەتتىڭبە	82
تۇسىپ	كەتكەم	81
تۇسىپ	كەتپەسىن	70
تۇسىپ	كەتتىمە	71
تۇسىپ	قالايىن	83
تۇسىپ	قويدىڭبا	75
تۇسىپ	بىراز	45
تۇسىپ	جولداپ	43
تۇسىپ	كەتەم	51
تۇسىپ	كەلەيىك	68
تۇسىپ	كەتەسىڭ	60
تۇسىپ	الايىق	78
تۇسىپ	كەلەمىن	79
تۇسىپ	قالساڭ	47
تۇسىپ	كەتەمە	78
قالعان	عوي	77
قالعان	مەن	27
قالعان	دەپ	25
قالعان	جوق	69
قالعان	بولدى	66
قالعان	ەكەن	53
قالعان	بىر	20
قالعان	سول	63
قالعان	ەندى	68
قالعان	قوي	77
قالعان	ادام	73
قالعان	بولسا	49
قالعان	سودان	60
قالعان	ەكى	68
قالعان	دەيدى	74
قالعان	اقشا	69
قالعان	كۇنى	72
قالعان	ەدى	60
قالعان	ۇش	40
قالعان	سوڭ	81
قالعان	شىعار	78
قالعان	كەزدە	78
قالعان	بالا	19
قالعان	سونى	67
قالعان	ەدىم	65
قالعان	ەكەنسىڭ	59
قالعان	سوعان	41
قالعان	بەس	74
قالعان	قىزدار	69
قالعان	سياقتى	80
قالعان	بولساڭ	81
قالعان	قۇساپ	63
قالعان	بولدىڭ	49
قالعان	اقشاسىن	70
قالعان	اقشانى	70
قالعان	كىسىلەر	58
قالعان	شعار	40
قالعان	شىعارسىڭ	53
قالعان	جوقپا	44
قالعان	ۇقسايدى	48
قالعان	جەرى	41
قالعان	جوقسىڭ	81
قالعان	بولۋ	79
قالعان	اقشاڭدى	71
قالعان	اقشامدى	63
قالعان	سىياقتى	75
قالعان	شعارسىڭ	73
قالعان	وقشايدى	74
قالعان	جەرىن	51
قالعان	پۇلدى	79
قالعان	جوقبا	63
قالعان	وقسايدى	73
قالعان	جوقسىڭبا	71
قالعان	بولۋى	43
قالعان	قۇسايدى	80
قالعان	سياقتىمىن	75
قالعان	ۇقسايسىڭ	75
قالعان	ۇقسايمىن	69
قالعان	اڭگىمەنى	81
قالعان	از	61
قالعان	بولاتىن	33
قالعان	وقشايسىڭ	71
قوس	جانىم	72
قوس	دەپ	52
قوس	مەنى	14
قوس	دەيدى	34
قوس	دەگەن	51
قوس	تەز	54
قوس	قوس	50
قوس	ۇيشىڭعا	47
قوس	قابات	56
قوس	مەن	43
قوس	بولاما	51
قوس	قۇلىنىم	46
قوس	قۇلىننىڭ	30
قوسىپ	بىر	56
قوسىپ	جاتىر	81
قوسىپ	قوي	62
قوسىپ	ال	16
قوسىپ	الىپ	38
قوسىپ	جاتىرمىن	31
قوسىپ	ايتىپ	73
قوسىپ	وتىر	77
قوسىپ	وتىرمىن	72
قوسىپ	بىراق	76
قوسىپ	ىشىپ	60
قوسىپ	قويشى	79
قوسىپ	بەر	65
قوسىپ	بەرىپ	69
قوسىپ	جولداپ	21
قوسىپ	الدىم	63
قوسىپ	اتىپ	61
قوسىپ	بەرە	66
قوسىپ	بەرەيىن	72
قوسىپ	قويدىم	60
قوسىپ	ەدىم	54
قوسىپ	الايىن	19
قوسىپ	سالىپ	80
قوسىپ	الدىڭ	61
قوسىپ	قويىپ	77
قوسىپ	العان	71
قوسىپ	بەرەم	76
قوسىپ	جەپ	60
قوسىپ	سويلەپ	73
قوسىپ	بەرەدى	25
قوسىپ	تارتىپ	77
قوسىپ	قويايىن	80
قوسىپ	جازىپ	81
قوسىپ	وتىرسىڭ	66
قوسىپ	بەرەتىن	66
قوسىپ	بەرەمىن	73
قوسىپ	الادى	78
قوسىپ	اتا	74
قوسىپ	الساڭ	80
قوسىپ	قويساڭ	81
قوسىپ	قويعان	57
قوسىپ	قويىپتى	75
قوسىپ	سويلەسىپ	63
قوسىپ	قويعام	81
قوسىپ	بەرەمىز	65
قوسىپ	قويىڭىز	74
قوسىپ	الىڭىز	36
قوسىپ	قويپتى	56
قوسىپ	قويسام	68
قوسىپ	قويىڭىزدار	66
قوسىپ	قويىڭدار	76
قوسىپ	قويساڭىز	78
قوسىپ	قويڭىز	57
قوسىپ	بەرىلەدى	77
قوسىپ	وتىرىڭىزدار	52
قوسىپ	قويىڭىزشى	79
قوسىپ	نە	63
قوسىپ	ويناپ	72
قوسىپ	جاتقان	67
قوسىپ	الىپپىن	69
جە	جانىم	84
جە	دەپ	22
جە	وندا	20
جە	جە	41
جەجە	مەن	79
جەجە	دەپ	31
جەجە	جاقسى	58
جەجە	بولدى	61
جەجە	بىر	80
جەجە	سول	65
جەجە	نە	62
جەجە	نەعىپ	73
جەجە	بار	71
جەجە	ەندى	56
جەجە	راحىمەت	64
جەجە	ماقۇل	76
جەجە	وندا	44
جەجە	كەلىپ	79
جەجە	ەرتەڭ	78
جەجە	بۇگىن	57
جەجە	مەندە	52
جەجە	ماعان	62
جەجە	مەنى	79
جەجە	مەنىڭ	77
جەجە	قايىرلى	70
جەجە	قايدا	70
جەجە	وسى	76
جەجە	امان	69
جەجە	مىنا	57
جەجە	انا	69
جەجە	بىز	75
جەجە	ۇيات	71
جەجە	الگى	17
جەجە	امانسىز	80
جەجە	امانسىزبا	58
جەجە	سىز	80
جەجە	سىزگە	73
جەجە	ايتقانىڭىز	50
جەجە	تاي	74
جەجە	جاقسىز	77
جەجە	دەنساۋلىعىڭىز	54
جەجە	جاقسىزبا	74
جەجە	بارسىزبا	51
جەجە	سىزدەن	58
جەجە	تەلەفون	78
جەجە	توي	80
ەي	جانىم	70
ەي	مەن	18
ەي	دەپ	81
ەي	بولدى	63
ەي	بىر	44
ەي	سول	61
ەي	نە	81
ەي	نەعىپ	60
ەي	سەن	73
ەي	ەندى	44
ەي	وندا	60
ەي	ەرتەڭ	78
ەي	مەندە	70
ەي	ماعان	82
ەي	مەنى	76
ەي	مەنىڭ	73
ەي	نەگە	75
ەي	ول	74
ەي	قايدا	80
ەي	سەنى	71
ەي	ساعان	59
ەي	وسى	54
ەي	تەلەفون	63
ەي	دوسىم	77
ەي	كىم	81
ەي	ۇزى	48
ەي	قويشى	76
ەي	مىنا	74
ەي	نەدەگەن	77
ەي	سەنىڭ	75
ەي	راس	79
ەي	انا	78
ەي	تەز	84
ەي	بارسىڭبا	75
ەي	بالا	76
ەي	ۇيات	74
ەي	ەي	76
ەي	مىناۋ	82
ەي	قىز	71
ەي	جامان	65
ەي	اينالايىن	77
ەي	ونداي	71
ەي	جىندى	78
ەي	سۇيلە	82
ەي	قۇرسىن	55
ەي	قاتىن	66
ەي	ۇيتىپ	68
ەي	تاۋبا	79
ەي	وڭباعان	57
ەي	تەگى	76
ەي	ارام	76
ەي	قارعام	82
ەي	ەسەك	79
ەي	الباستى	80
ەي	جوق	41
ەي	بۇگىن	81
ەي	وزى	72
ەي	سوندا	82
ەي	بولمايدى	81
ەي	جوعا	77
ەي	سويلە	78
ەي	ماۋباس	62
ەي	قايداعىنى	68
الدىڭ	عوي	80
الدىڭ	جانىم	12
الدىڭ	دەپ	24
الدىڭ	ەندى	36
الدىڭ	كۇنى	51
الدىڭ	ەمەسپە	26
الدىڭ	اشىق	53
الدىڭبا	جانىم	47
الدىڭبا	مەن	15
الدىڭبا	دەپ	66
الدىڭبا	جوق	64
الدىڭبا	جاقسى	67
الدىڭبا	نە	71
الدىڭبا	نەعىپ	66
الدىڭبا	ۇيگە	75
الدىڭبا	دوسىم	49
الدىڭبا	امان	62
الدىڭبا	سوندا	69
الدىڭبا	ۇيىڭە	83
بولدىم	عوي	72
بولدىم	جانىم	13
بولدىم	مەن	20
بولدىم	دەپ	62
بولدىم	بىر	31
بولدىم	سول	64
بولدىم	سەن	75
بولدىم	ەندى	67
بولدىم	قوي	80
بولدىم	ەرتەڭ	70
بولدىم	بۇگىن	65
بولدىم	سەنى	80
بولدىم	ساعان	79
بولدىم	وسى	72
بولدىم	دەيدى	73
بولدىم	ۇيگە	61
بولدىم	دوسىم	78
بولدىم	بىراق	78
بولدىم	ازىر	79
بولدىم	دەشى	76
بولدىم	راحىمەت	32
بولدىم	ەكى	66
بولدىم	ەمەسپە	69
بولدىم	رەنجىمە	81
ودا	جوق	77
ودا	جاقسى	19
ودا	بىر	36
ودا	سول	31
ودا	نە	47
ودا	بار	60
ودا	بولسا	14
ودا	بولادى	37
ودا	دۇرىس	18
ودا	تۇرعان	42
ودا	وڭاي	19
ودا	دۇرس	56
ودا	جون	33
ودا	جۇن	37
ودا	نەتۇر	47
ودان	مەن	43
ودان	جوق	53
ودان	جاقسى	77
ودان	بىر	73
ودان	سول	43
ودان	نە	66
ودان	سەن	72
ودان	كەلىپ	63
ودان	ماعان	73
ودان	بارىپ	62
ودان	ەكى	72
ودان	نەگە	65
ودان	ول	77
ودان	ساعان	70
ودان	وسى	81
ودان	تاماق	76
ودان	ۇيگە	81
ودان	تەلەفون	63
ودان	كەيىن	59
ودان	اقشا	55
ودان	تاعى	11
ودان	كوپ	78
ودان	بىراز	79
ودان	مىنا	69
ودان	بەرى	55
ودان	باسقا	69
ودان	كەشتە	22
ودان	قايتا	64
ودان	انا	30
ودان	قايتىپ	79
ودان	سوڭ	64
ودان	شىعىپ	51
ودان	قابار	71
ودان	ۇلكەن	74
ودان	بولماسا	75
ودان	الگى	62
ودان	بۇرىن	78
ودان	ارتىق	24
ودان	قۇداي	36
ودان	ارى	70
ودان	الاڭداما	21
ودان	اسىپ	36
ودان	قالسا	44
ودان	جوعارى	77
ودان	الاڭسىز	76
ودان	تومەن	61
ودان	ساقتاسىن	62
ودان	ارمان	67
ودان	تۇمەن	53
ودان	قاتىرجام	71
ودان	كەيىنگى	75
ودان	زورعى	78
سوعا	سال	81
سوعان	مەن	12
سوعان	بىر	68
سوعان	بار	45
سوعان	سەن	70
سوعان	ەندى	68
سوعان	الىپ	79
سوعان	كەلىپ	77
سوعان	ەرتە	76
سوعان	ەرتەڭ	80
سوعان	ادام	67
سوعان	بۇگىن	74
سوعان	مەندە	79
سوعان	ماعان	21
سوعان	بارىپ	65
سوعان	ەكى	77
سوعان	بولا	78
سوعان	ساعان	33
سوعان	تاماق	74
سوعان	تەلەفون	62
سوعان	ايتىپ	74
سوعان	كەتتى	53
سوعان	اقشا	44
سوعان	قاربالاس	46
سوعان	كەتىپ	56
سوعان	بىراز	67
سوعان	شاي	78
سوعان	بەرىپ	67
سوعان	جولداپ	51
سوعان	اتىپ	71
سوعان	كەرەك	57
سوعان	بەرە	73
سوعان	بەرەيىن	75
سوعان	كەلدىم	62
سوعان	بارا	79
سوعان	بارام	60
سوعان	سالىپ	63
سوعان	ۋاقىت	75
سوعان	قاراپ	70
سوعان	تۇسىپ	49
سوعان	قوسىپ	30
سوعان	اپارىپ	71
سوعان	كەتكەن	41
سوعان	بارايىن	72
سوعان	باراتىن	73
سوعان	بارامىن	80
سوعان	سويلەپ	55
سوعان	دارى	67
سوعان	دەيىن	73
سوعان	باسىم	56
سوعان	سۇيلەپ	68
سوعان	كىرىپ	78
سوعان	بارامىز	62
سوعان	قاراي	69
سوعان	بارادى	78
سوعان	جاۋاپ	46
سوعان	رەنجىپ	75
سوعان	قارسى	70
سوعان	بەردىم	59
سوعان	بارايىق	69
سوعان	كەلدىك	64
سوعان	اينالىپ	58
سوعان	كەلگەم	76
سوعان	ايتقانىم	73
سوعان	باردىم	69
سوعان	دايىندىق	71
سوعان	ايلانىپ	56
سوعان	بارعالى	64
سوعان	قاراعاندا	77
سوعان	سەنىپ	73
سوعان	بارامبا	68
سوعان	كومەكتەسىپ	64
سوعان	سۇراعانىم	76
سوعان	اسىعىپ	75
سوعان	باردىق	74
سوعان	جەتكىزسىن	80
سوعان	سەنى	80
بەس	ەكەن	72
بەس	قوي	48
بەس	ون	77
بەس	كەلى	72
بەس	ادام	63
بەس	اي	22
بەس	كۇن	50
بەس	اق	15
بەس	يۋان	68
بەس	بالا	38
بەس	كەلە	72
بەس	سوم	52
بەس	كۇندە	72
بەس	قىز	41
بەس	ساعات	32
بەس	مىڭ	30
بەس	جاس	17
بەس	جۇز	60
بەس	نان	60
بەس	تۇرلى	14
بەس	جارىم	73
بەس	جىل	73
بەس	قول	69
بەس	التى	26
بەس	تال	58
بەس	رەت	19
بەس	ادامعا	44
بەس	يۇان	54
بەس	كۇننەن	79
بەس	كۇنگە	45
بەس	كۇندىك	72
بەس	قاعاز	59
بەس	جارىمدا	77
بەس	كيلى	39
بەس	تۇياق	53
بەس	مينوت	77
بەس	جىلدا	36
بەس	جىلدان	73
بەس	مەتىر	67
بەس	كىلى	60
بەس	مىڭعا	76
بەس	سومدىق	69
بەس	جىلعا	71
بەس	جىلدىڭ	74
بەس	كيلو	75
بەس	مىڭدى	75
بەس	مىڭنان	78
بەس	ادامدىق	73
بەس	جۇزگە	66
بەس	مىينوت	76
بەس	مينوتتا	66
بەس	جۇزدەن	69
بەس	جاستاعى	67
بەس	جۇزدى	75
بەس	التاۋ	66
بەس	جۇزىن	75
بەس	ساۋساق	75
بەس	جوزى	48
بەس	جاستىق	76
بەس	كىيلى	69
بەس	مينوتتان	74
اپا	مەن	71
اپا	دەپ	34
اپا	بار	32
اپا	بولىپ	33
اپار	دەپ	43
اپار	دەيدى	12
اپارىپ	بىر	19
اپارىپ	قوي	69
اپارىپ	ال	57
اپارىپ	الىپ	74
اپارىپ	كەل	33
اپارىپ	كەلىپ	36
اپارىپ	بەر	80
اپارىپ	بەرىپ	49
اپارىپ	قايتىپ	68
اپارىپ	بەرە	46
اپارىپ	بەرەيىن	47
اپارىپ	كەلدى	43
اپارىپ	كەلدىم	76
اپارىپ	قويدىم	81
اپارىپ	سالىپ	55
اپارىپ	قويىپ	62
اپارىپ	بەرەم	81
اپارىپ	بەرەدى	47
اپارىپ	قويايىن	41
اپارىپ	تاستا	65
اپارىپ	تاستاپ	32
اپارىپ	بەرسىن	63
اپارىپ	بەرەتىن	50
اپارىپ	اكەپ	20
اپارىپ	بەرەمىن	70
اپارىپ	بەرسەڭ	68
اپارىپ	كەلەتىن	56
اپارىپ	بەردىم	71
اپارىپ	كەلسەڭ	81
اپارىپ	كەلشى	57
اپارىپ	كەلەم	62
اپارىپ	كەلەيىن	81
اپارىپ	ساپ	64
اپارىپ	اكەلىپ	63
اپارىپ	كەلەسىڭبە	64
اپارىپ	قويام	79
اپارىپ	كەلەيىك	29
اپارىپ	بەرسەم	81
اپارىپ	بەرەمىز	65
اپارىپ	تاستادى	76
اپارىپ	تاستادىم	75
اپارىپ	قوياتىن	51
اپارىپ	بەرەيىك	73
اپارىپ	كورسەتىپ	76
اپارىپ	تاستايىن	81
اپارىپ	قويامىن	19
اپارىپ	تاستاعان	82
اپارىپ	تاستاعام	61
اپارىپ	تەكسەرتىپ	78
اپارىپ	تاستايمىن	68
اپارىپ	ويناتىپ	69
اپارىپ	بەرەيىنبە	45
اپارىپ	تاستايدى	71
اپارىپ	تاستاسا	62
اپارىپ	تاستاساڭ	80
اپارىپ	اكەلەتىن	65
اپارىپ	تاستايتىن	69
اپارىپ	بەرەيىنبا	55
اپارىپ	تاستاشى	58
اپارىپ	تاستايىق	78
اپارىپ	تاستاسام	69
اپارىپ	تاستادىڭبا	75
اپارىپ	تاستايىم	78
اپارىپ	تاستايىنبا	77
اپارىپ	تاستاسىن	77
اپارىپ	تاستايسىڭبا	76
اپارىپ	كەلە	15
اپارىپ	بەرشى	49
اپارىپ	قويساڭ	74
اپارىپ	تاستاپتى	72
اپارىپ	ورنالاستىرىپ	68
كۇپ	عوي	78
كۇپ	دەپ	58
كۇپ	بولسىن	20
كۇپ	جاقسى	64
كۇپ	بولدى	66
كۇپ	ەكەن	21
كۇپ	بولىپ	61
كۇپ	راحىمەت	41
كۇپ	قوي	29
كۇپ	الىپ	25
كۇپ	كەلىپ	78
كۇپ	ادام	72
كۇپ	بولسا	42
كۇپ	بولادى	46
كۇپ	دەيدى	69
كۇپ	ايتىپ	71
كۇپ	كۇن	79
كۇپ	اقشا	49
كۇپ	دەگەن	66
كۇپ	ەمەس	81
كۇپ	بىراق	49
كۇپ	ىش	71
كۇپ	ىشىپ	73
كۇپ	ەدى	50
كۇپ	جۇمىس	70
كۇپ	بوپ	71
كۇپ	شىعار	77
كۇپ	بولعان	70
كۇپ	ۋاقىت	73
كۇپ	كۇپ	43
كۇپ	ەمەسپە	76
كۇپ	ويلاپ	30
كۇپ	اڭگىمە	72
كۇپ	جاسا	72
كۇپ	جەپ	70
كۇپ	نارسە	74
كۇپ	ىراحىمەت	50
كۇپ	سۇيلەپ	57
كۇپ	جىل	74
كۇپ	راقىمەت	59
كۇپ	سۇز	65
كۇپ	راحمەت	76
كۇپ	سۇيلەمەي	24
كۇپ	كۇرىم	80
كۇپ	نارسەنى	58
كۇپ	ويلاما	67
كۇپ	ىشپە	74
كۇپ	العىس	71
كۇپ	شىپ	70
كۇپ	بەكەن	70
كۇپ	ىشبە	58
جەر	عوي	17
جەر	دەپ	22
جەر	جوق	31
جەر	جاقسى	57
جەر	بولدى	46
جەر	ەكەن	66
جەر	سول	19
جەر	بار	76
جەر	بولىپ	24
جەر	الىپ	68
جەر	ادام	67
جەر	بولسا	77
جەر	قاي	20
جەر	دەيدى	68
جەر	ۇي	77
جەر	ۇيدە	49
جەر	ۇيگە	68
جەر	قالدى	63
جەر	دەگەن	67
جەر	ەمەس	38
جەر	بارما	75
جەر	كوپ	40
جەر	قانداي	73
جەر	ەدى	78
جەر	كورىپ	74
جەر	تاۋىپ	56
جەر	كۇپ	78
جەر	كۇرىپ	78
جەر	بولسادا	67
جەر	ىزدەپ	62
جەر	ەكەنىن	72
جەر	قالمادى	59
جەر	استى	78
جەر	الىس	74
جەر	تاپپاي	70
جەر	بەتىندە	42
جەر	شەكتەمەسى	63
جەر	مىنا	61
جەر	بۇل	43
جەر	بولماسا	75
جەر	تابا	68
جەر	سۋارىپ	65
جەردە	عوي	63
جەردە	مەن	83
جەردە	دەپ	49
جەردە	جوق	59
جەردە	جاقسى	72
جەردە	بولدى	74
جەردە	ەكەن	71
جەردە	بىر	23
جەردە	نە	53
جەردە	نەعىپ	55
جەردە	بار	83
جەردە	سەن	54
جەردە	بولىپ	77
جەردە	جاتىر	75
جەردە	ادام	78
جەردە	بولسا	63
جەردە	تۇر	75
جەردە	بارى	67
جەردە	ەكى	63
جەردە	بولادى	74
جەردە	تاماق	84
جەردە	ۇي	78
جەردە	تەلەفون	71
جەردە	وتىر	80
جەردە	وتىرمىن	62
جەردە	كىم	74
جەردە	ەمەس	75
جەردە	قانشا	72
جەردە	ىشىپ	83
جەردە	كوپ	75
جەردە	بىراز	81
جەردە	ەدى	78
جەردە	ىستەپ	54
جەردە	جۇر	57
جەردە	جۇمىس	43
جەردە	تۇرىپ	68
جەردە	جۇرمىن	71
جەردە	ەكەنسىڭ	62
جەردە	جاتىپ	76
جەردە	تۇرمىن	74
جەردە	بولاتىن	44
جەردە	جۇرىپ	70
جەردە	جۇرسىڭ	77
جەردە	بولساڭ	77
جەردە	ستەپ	76
جەردە	توسىپ	76
جەردە	وتىرمىز	60
جەردە	وتىرسىڭ	76
جەردە	وتىرىپ	56
جەردە	تۇرسىڭ	78
جەردە	ەكەنىن	67
جەردە	ىستەيدى	83
جەردە	قالسىن	79
جەردە	بولاسىڭبا	75
جەردە	قالمايدى	74
جەردە	جانىم	69
جەردە	سول	42
جەردە	ول	72
جەردە	توي	46
جەردە	ويناپ	74
جەردە	جۇرگەن	73
جەردە	وتىرعان	71
جەردە	سىڭ	82
جەردە	بولدىڭىز	80
جەردە	وتىرسىڭدار	74
جەردە	جۇرسىڭدەر	81
مىناۋ	عوي	78
مىناۋ	مەن	65
مىناۋ	دەپ	71
مىناۋ	جوق	57
مىناۋ	جاقسى	47
مىناۋ	بولدى	55
مىناۋ	ەكەن	64
مىناۋ	بىر	46
مىناۋ	سول	37
مىناۋ	نە	62
مىناۋ	نەعىپ	20
مىناۋ	بار	57
مىناۋ	سەن	67
مىناۋ	ەندى	64
مىناۋ	الى	67
مىناۋ	ادام	79
مىناۋ	بولسا	80
مىناۋ	بۇگىن	73
مىناۋ	ماعان	79
مىناۋ	ەكى	65
مىناۋ	مەنى	68
مىناۋ	مەنىڭ	70
مىناۋ	قاي	71
مىناۋ	بولادى	73
مىناۋ	نەگە	33
مىناۋ	قايدا	28
مىناۋ	ساعان	58
مىناۋ	وسى	56
مىناۋ	قالاي	71
مىناۋ	كىم	77
مىناۋ	دەگەن	27
مىناۋ	ەمەس	56
مىناۋ	بارما	78
مىناۋ	قانشا	65
مىناۋ	تاعى	29
مىناۋ	نەدەگەن	64
مىناۋ	قانداي	49
مىناۋ	سەنىڭ	39
مىناۋ	بولاما	66
مىناۋ	جاڭا	60
مىناۋ	قيىن	79
مىناۋ	ۇلكەن	68
مىناۋ	قايدان	79
مىناۋ	ءبىر	72
مىناۋ	قايسى	79
مىناۋ	بولاتىن	61
مىناۋ	ەڭ	80
مىناۋ	الگى	76
مىناۋ	بىزدىڭ	65
مىناۋ	قۇساپ	63
مىناۋ	ناق	74
مىناۋ	جىندى	75
مىناۋ	ادەمى	72
مىناۋ	نەدەيدى	75
مىناۋ	نەمەنە	45
مىناۋ	ايبەت	77
مىناۋ	كەشەگى	71
مىناۋ	اتاقتى	72
مىناۋ	كىمنىڭ	66
مىناۋ	قايتەدى	80
ماشينا	عوي	78
ماشينا	مەن	74
ماشينا	جوق	31
ماشينا	ەكەن	24
ماشينا	بار	59
ماشينا	الىپ	27
ماشينا	كەلىپ	37
ماشينا	ادام	69
ماشينا	بولسا	62
ماشينا	تۇر	25
ماشينا	قايدا	72
ماشينا	بارما	65
ماشينا	كوپ	66
ماشينا	قۇتتى	15
ماشينا	كەرەك	76
ماشينا	كەلدى	53
ماشينا	تاۋىپ	61
ماشينا	الايىن	36
ماشينا	كۇپ	74
ماشينا	العان	63
ماشينا	جۋىپ	75
ماشينا	الاتىن	53
ماشينا	توسىپ	70
ماشينا	ماي	62
ماشينا	ىزدەپ	75
ماشينا	الام	81
ماشينا	الامىن	17
ماشينا	ايداپ	73
ماشينا	قاجەت	71
ماشينا	سوعىپ	83
ماشينا	ۇيرەنىپ	75
ماشينا	شىقپاي	62
ماشينا	ساتىلادى	73
ماشينا	ساتاتىن	73
ماشينا	شىقسا	81
ماشينا	نى	81
ماشينا	مايلاپ	57
ماشينا	بارمەكەن	45
ماشينا	بۇزىلىپ	75
ماشينا	سىن	75
ماشينا	ايداي	74
ماشينا	جۋاتىن	66
ماشينا	ايدايتىن	82
ماشينا	ايدايدى	83
ماشينا	تابىلدى	55
ماشينا	ايدايمىن	70
ماشينا	ايداعان	71
ماشينا	ايدايسىڭ	71
ماشينا	ايداعاندا	71
ماشينا	ايداما	64
ماشينا	سىمەن	79
ماشينا	شاقىرىپ	81
ماشينا	تاۇىپ	67
ماشينا	سۇرلەم	62
ەمەسپە	جانىم	78
ەمەسپە	مەن	26
ەمەسپە	دەپ	59
ەمەسپە	ەكەن	51
ەمەسپە	بىر	79
ەمەسپە	سول	66
ەمەسپە	نە	61
ەمەسپە	سەن	78
ەمەسپە	ەندى	67
ەمەسپە	يا	64
ەمەسپە	سودان	79
ەمەسپە	ماعان	75
ەمەسپە	ول	56
ەمەسپە	ساعان	63
ەمەسپە	وسى	78
ەمەسپە	سونى	77
ەمەسپە	سوعان	80
ەمەسپە	ايتپەسە	64
قىز	عوي	14
قىز	مەن	57
قىز	دەپ	44
قىز	جوق	74
قىز	بولسىن	49
قىز	جاقسى	73
قىز	ەكەن	69
قىز	بىر	39
قىز	سول	60
قىز	نە	32
قىز	نەعىپ	75
قىز	بار	81
قىز	بولىپ	68
قىز	الىپ	84
قىز	كەلىپ	66
قىز	بولسا	79
قىز	ماعان	49
قىز	ەكى	79
قىز	مەنى	60
قىز	قايدا	80
قىز	دوسىم	80
قىز	قالدى	65
قىز	دەگەن	72
قىز	ەمەس	60
قىز	بارما	56
قىز	كوپ	58
قىز	قانداي	62
قىز	بوپ	77
قىز	بالا	77
قىز	تاۋىپ	22
قىز	ەكەنسىڭ	48
قىز	كۇپ	67
قىز	سياقتى	76
قىز	قۇساپ	80
قىز	دار	72
قىز	ىزدەپ	74
قىز	ەرتىپ	68
قىز	جىگىت	65
قىز	جىگىتتەر	83
قىز	بالانى	79
قىز	ەمەسپىن	67
قىز	تۋىپ	52
قىز	بالانىڭ	69
قىز	بالاعا	64
قىز	كەلىنشەك	66
قىز	بەن	83
قىز	جولداس	63
قىز	كەزىڭدە	69
قىز	جىبەك	82
قىز	كەلىنشەكتەر	80
قىز	كەزىمدە	64
قىز	ۇزاتۋ	70
قىز	جاق	54
قىز	راحىمەت	55
قىز	كىم	81
قىز	توي	75
قىز	قاتىن	76
قىز	تاپ	31
قىز	كەلنشەك	79
قىز	جاقتىڭ	77
قىز	بالاسىڭ	73
قىز	ۇزاتىپ	82
سۇ	جوق	75
سۇ	الىپ	31
سۇ	قۇيىپ	32
سۇ	بولىپ	19
سۇ	ۇستاپ	31
سۇرا	مەن	30
سۇرا	دەپ	33
سۇرا	دەيدى	25
سۇراپ	نە	37
سۇراپ	جاتىر	70
سۇراپ	قوي	14
سۇراپ	ال	59
سۇراپ	الىپ	55
سۇراپ	تۇر	76
سۇراپ	بارىپ	39
سۇراپ	جاتىرمىن	40
سۇراپ	وتىر	78
سۇراپ	وتىرمىن	54
سۇراپ	بەر	57
سۇراپ	ەدى	35
سۇراپ	جۇر	64
سۇراپ	الدىم	72
سۇراپ	اتىپ	20
سۇراپ	بەرەيىن	46
سۇراپ	قويدىم	64
سۇراپ	كور	56
سۇراپ	ەدىم	72
سۇراپ	تاۋىپ	28
سۇراپ	الايىن	63
سۇراپ	تۇرمىن	62
سۇراپ	سۇراپ	79
سۇراپ	جاتقان	77
سۇراپ	كۇر	78
سۇراپ	العان	52
سۇراپ	جۇرىپ	75
سۇراپ	بەرشى	79
سۇراپ	تۇرعان	54
سۇراپ	قويايىن	79
سۇراپ	وتىرسىڭ	71
سۇراپ	وتىرعان	60
سۇراپ	كورەيىن	75
سۇراپ	قايتەسىڭ	19
سۇراپ	قالسا	71
سۇراپ	تۇرسىڭ	75
سۇراپ	كۇرەيىن	69
سۇراپ	قويىپتى	44
سۇراپ	كورشى	55
سۇراپ	قويعام	61
سۇراپ	جاتسا	35
سۇراپ	جاتر	61
سۇراپ	كۇرشى	73
سۇراپ	قويپتى	45
سۇراپ	كورسەڭ	64
سۇراپ	كورىڭىز	75
سۇراپ	جاتقانىم	69
سۇراپ	كورىڭىزشى	44
سۇراپ	تەلەفون	23
سۇراپ	قالدىڭ	38
سۇراپ	جۇرگەن	57
جامان	عوي	72
جامان	جانىم	34
جامان	مەن	78
جامان	دەپ	73
جامان	بولسىن	79
جامان	جاقسى	43
جامان	بولدى	64
جامان	ەكەن	68
جامان	بىر	15
جامان	بولىپ	53
جامان	قوي	20
جامان	ادام	74
جامان	بولسا	29
جامان	بولادى	52
جامان	دەيدى	26
جامان	دەگەن	68
جامان	ەمەس	69
جامان	وي	47
جامان	ەدى	70
جامان	بوپ	68
جامان	اۋىرىپ	50
جامان	بالا	78
جامان	تۇس	62
جامان	بولعان	74
جامان	ەكەنسىڭ	70
جامان	قارا	37
جامان	بولدىم	75
جامان	قىز	72
جامان	بولسادا	68
جامان	نارسە	53
جامان	قاتىن	81
جامان	سوز	59
جامان	سۇز	27
جامان	نەمە	70
جامان	بولسام	41
جامان	قىزىم	69
جامان	ۇيرەنىپ	69
جامان	كەمپىرىم	72
جامان	بولايىن	64
جامان	ايتپاي	58
جامان	شالىم	40
جامان	ءسوز	78
جامان	بەكەن	73
جامان	اتتى	69
جامان	جاعىن	67
جامان	ويىم	78
جامان	اتقا	45
جامان	كۇشىگىم	77
جامان	ۇيىرەنىپ	66
جامان	كۇشىك	71
جامان	بولسامدا	79
جامان	ۇيرەتىپ	64
جامان	بولمايسىڭ	70
جامان	ۇيرەنگەن	78
جامان	بولساقتا	75
جامان	سول	78
جامان	جىگىت	56
جامان	ادەت	62
كەتتىڭ	عوي	69
كەتتىڭ	جانىم	5
كەتتىڭ	مەن	23
كەتتىڭ	دەپ	64
كەتتىڭ	جوق	75
كەتتىڭ	سەن	83
كەتتىڭ	قوي	70
كەتتىڭ	سودان	56
كەتتىڭ	دوسىم	77
كەتتىڭ	جول	75
كەتتىڭ	سوندا	60
كەتتىڭ	ەي	83
كەتتىڭ	ەمەسپە	57
كەتتىڭ	نە	61
كەتتىڭ	ۇزى	79
جاڭە	مەن	70
جاڭە	بولدى	66
جاڭە	بىر	75
جاڭە	سەن	44
جاڭە	بولىپ	75
جاڭە	كەلىپ	73
جاڭە	ماعان	68
جاڭە	بارىپ	42
جاڭە	تاماق	68
جاڭە	ۇيگە	46
جاڭە	تەلەفون	55
جاڭە	كەتتى	52
جاڭە	ىشىپ	41
جاڭە	تاعى	71
جاڭە	بىراز	61
جاڭە	شاي	66
جاڭە	الدىم	78
جاڭە	كەلدى	75
جاڭە	كەلدىم	36
جاڭە	كورىپ	12
جاڭە	تۇرىپ	42
جاڭە	عانا	54
جاڭە	تۇسىپ	48
جاڭە	بولدىم	70
جاڭە	كەپ	22
جاڭە	بىرەۋ	70
جاڭە	كۇرىپ	75
جاڭە	ارەڭ	73
جاڭە	كەلگەن	46
جاڭە	بولدىق	79
جاڭە	ەستىپ	29
جاڭە	كەلدىك	48
جاڭە	شىقتىم	74
جاڭە	جاتتىم	26
جاڭە	تۇردىم	59
جاڭە	كوردىم	74
جاڭە	تۇردىڭبا	52
جاڭە	كۇردىم	41
جاڭە	تۇستىم	46
جاڭە	كىردىم	42
جاڭە	شىقتىق	57
جاڭە	وياندىم	67
جاڭە	اشتىم	62
جاڭە	جەتتىم	65
جاڭە	بوسادىم	68
جاڭە	جەتتىك	75
جاڭە	ايتتىم	76
جاڭە	تۇستىك	75
قالدىڭ	عوي	67
قالدىڭ	جانىم	8
قالدىڭ	مەن	22
قالدىڭ	دەپ	62
قالدىڭ	ەكەن	51
قالدىڭ	سەن	51
قالدىڭ	قوي	65
قالدىڭ	ەمەسپە	62
قالدىڭ	اۋ	54
قالدىڭبا	جانىم	74
قالدىڭبا	مەن	13
قالدىڭبا	دەپ	56
قالدىڭبا	جوق	61
قالدىڭبا	جاقسى	62
قالدىڭبا	نە	75
قالدىڭبا	ماعان	46
قالدىڭبا	نەگە	72
قالدىڭبا	قالاي	83
قالدىڭبا	دوسىم	75
قالدىڭبا	ماۋباس	62
قالدىڭبا	جان	56
قايدان	جانىم	68
قايدان	بولسىن	63
قايدان	بولدى	76
قايدان	الىپ	64
قايدان	كەلىپ	56
قايدان	قالاي	78
قايدان	ىشىپ	66
قايدان	جۇر	75
قايدان	كەلدى	66
قايدان	كورىپ	61
قايدان	تاۋىپ	68
قايدان	كەلە	59
قايدان	قوسىپ	63
قايدان	الدىڭ	25
قايدان	كەلەدى	45
قايدان	كۇرىپ	78
قايدان	بولسادا	66
قايدان	كەلگەن	64
قايدان	بىلەدى	71
قايدان	الام	69
قايدان	الادى	19
قايدان	بىلەم	70
قايدان	كەلدىڭ	78
قايدان	بىلىپ	20
قايدان	بىلەسىڭ	79
قايدان	شىعادى	74
قايدان	ەستىپ	59
قايدان	شىقتى	80
قايدان	الاسىڭ	76
قايدان	بولدىڭىز	72
قايدان	تاۇىپ	55
قايدان	بىلەمىن	80
قايدان	پايدا	13
قايدان	بىلەيىن	68
قايدان	سالىنادى	53
قايدان	بىلسىن	75
قايدان	تاپتىم	78
قايدان	كوردىڭ	80
قايدان	كەزىگەمىز	56
قايدان	تابام	61
قايدان	كۇردىڭ	71
قايدان	بلەم	45
قايدان	تاپتىڭ	33
قايدان	تاپساڭ	64
قايدان	تانيسىڭ	71
قايدان	تابادى	73
قايدان	قوستىڭ	79
قايدان	تاباسىڭ	74
قايدان	جەتسىن	73
قايدان	تابامىن	65
قايدان	بىلدىڭ	52
قايدان	بىلەمىز	41
قايدان	بىلەيىك	67
قايدان	تابامىز	73
قايدان	تاپساڭدا	80
قايدان	تاۋام	75
قايدان	ۇمىتايىن	78
قايدان	بلەيىن	69
قايدان	جۇرسىڭ	71
قايدان	بولدىڭ	39
قايدان	الامىن	78
قايدان	كوردىم	74
قايدان	توسام	61
قايدان	بىلدىڭىز	68
ايتام	عوي	75
ايتام	جانىم	16
ايتام	مەن	13
ايتام	دەپ	53
ايتام	بىر	81
ايتام	سول	66
ايتام	نە	69
ايتام	سەن	75
ايتام	ەندى	52
ايتام	قوي	62
ايتام	مەندە	80
ايتام	ماعان	73
ايتام	ول	58
ايتام	سەنى	79
ايتام	ساعان	80
ايتام	دەيدى	55
ايتام	دوسىم	67
ايتام	دەگەن	71
ايتام	جاقسى	30
ايتام	بولدى	81
ايتام	بىراق	76
ايتام	سوندا	81
ايتام	جۇرەك	78
كەلەدى	عوي	63
كەلەدى	جانىم	16
كەلەدى	مەن	36
كەلەدى	دەپ	63
كەلەدى	ەكەن	16
كەلەدى	بىر	12
كەلەدى	سول	66
كەلەدى	سەن	59
كەلەدى	ەندى	72
كەلەدى	قوي	68
كەلەدى	ەرتەڭ	72
كەلەدى	بۇگىن	72
كەلەدى	سودان	72
كەلەدى	ول	77
كەلەدى	سەنى	70
كەلەدى	ساعان	69
كەلەدى	وسى	79
كەلەدى	دەيدى	78
كەلەدى	ۇيگە	38
كەلەدى	دەگەن	77
كەلەدى	بىراق	55
كەلەدى	ازىر	48
كەلەدى	سوندا	80
كەلەدى	وعان	76
كەلەدى	ەكەنسىڭ	80
كەلەدى	سوعان	52
كەلەدى	ەمەسپە	68
كەلەدى	دەشى	74
كەلەدى	ەكەم	65
كەلەدى	سونى	79
ساعات	دەپ	82
ساعات	بولدى	76
ساعات	ەكەن	23
ساعات	بىر	75
ساعات	بار	48
ساعات	بولىپ	41
ساعات	ون	73
ساعات	وندا	29
ساعات	ەكى	38
ساعات	بىرگە	61
ساعات	كەيىن	54
ساعات	قالدى	43
ساعات	قانشا	78
ساعات	ىستەپ	75
ساعات	ۇيقتاپ	69
ساعات	ۇش	53
ساعات	عانا	55
ساعات	ۋاقىت	62
ساعات	بەس	42
ساعات	بولسادا	56
ساعات	بۇرىن	82
ساعات	دەن	78
ساعات	بىردە	62
ساعات	نەشە	43
ساعات	دەم	58
ساعات	ۇيىقتاپ	53
ساعات	وتىرىپ	64
ساعات	جەتى	75
ساعات	التى	78
ساعات	ىشىندە	53
ساعات	قانا	69
ساعات	سايىن	57
ساعات	تورت	70
ساعات	تۇرت	82
ساعات	نەشەدە	77
ساعات	سەگىز	36
ساعات	توعىز	55
ساعات	جارىمدا	66
ساعات	داردا	80
ساعات	ىستەيدى	24
ساعات	تان	74
ساعات	قانشادا	66
ساعات	تەڭشەپ	76
ساعات	بىردەن	76
ساعات	بەستە	80
ساعات	شينجياڭ	34
ساعات	ەكىدە	50
ساعات	سەگىزدە	42
ساعات	ۇشتە	41
ساعات	التىدا	38
ساعات	جەتىدە	46
ساعات	توعىزدا	82
ساعات	وننان	80
ساعات	بەستەن	51
ساعات	ەكىدەن	68
ساعات	تورتتە	52
ساعات	بەيجىڭ	78
ساعات	ونعا	66
ساعات	ەكدە	57
ساعات	ۇشتەن	73
ساعات	تۇرتتە	66
ساعات	دەردە	82
ساعات	تۇرتە	74
ساعات	التدا	57
ساعات	ونداردا	63
ساعات	قانشالاردا	71
ساعات	جەتدە	67
ساعات	مولشەرىندە	78
ساعات	بەستەردە	80
ساعات	ۇشتەردە	80
ساعات	جوق	78
ساعات	توسىپ	61
ساعات	دەمالىپ	59
ساعات	دەمالىس	74
ساعات	جۇرەدى	80
ساعات	توستىم	50
ساعات	شىنجاڭ	79
ساعات	لەردە	80
ساعات	ونبىردە	74
مىڭ	مەن	71
مىڭ	دەپ	77
مىڭ	بولدى	44
مىڭ	ەكەن	61
مىڭ	بىر	49
مىڭ	بار	55
مىڭ	راحىمەت	49
مىڭ	الىپ	69
مىڭ	قابىل	76
مىڭ	ادام	53
مىڭ	بولسا	71
مىڭ	ەكى	57
مىڭ	بولادى	62
مىڭ	دەيدى	62
مىڭ	كەتتى	44
مىڭ	قالدى	75
مىڭ	اقشا	56
مىڭ	دەگەن	66
مىڭ	ەمەس	73
مىڭ	قانشا	54
مىڭ	بەر	59
مىڭ	بەرىپ	71
مىڭ	يۋان	72
مىڭ	ۇش	45
مىڭ	اتىپ	12
مىڭ	بەرە	61
مىڭ	بەرەيىن	65
مىڭ	تاۋىپ	68
مىڭ	عانا	48
مىڭ	سوم	46
مىڭ	بەس	65
مىڭ	مىڭ	14
مىڭ	بولسادا	69
مىڭ	كەتەدى	63
مىڭ	بەرەم	69
مىڭ	بەرەدى	75
مىڭ	ەسە	72
مىڭ	نەشە	77
مىڭ	ارتىق	76
مىڭ	جارىم	69
مىڭ	رەت	75
مىڭ	بەردى	73
مىڭ	بەردىم	76
مىڭ	يۇان	57
مىڭ	قارىز	43
مىڭ	كۇندىك	65
مىڭ	يۋاننان	65
مىڭ	العىس	69
مىڭ	يۋانعا	64
مىڭ	سومدى	42
مىڭ	سومدىق	55
مىڭ	ۇيان	70
مىڭ	سومعا	65
مىڭ	سومنان	60
مىڭ	جىلدىق	59
مىڭ	يۋاندى	61
مىڭ	يۋاندىق	55
مىڭ	تەڭگە	71
مىڭ	سومىن	52
مىڭ	يۋانىن	67
مىڭ	يۋاننىڭ	74
مىڭ	تاي	73
جاتقان	عوي	69
جاتقان	مەن	44
جاتقان	جوق	64
جاتقان	جاقسى	22
جاتقان	بولدى	62
جاتقان	ەكەن	65
جاتقان	بىر	71
جاتقان	سول	67
جاتقان	سەن	60
جاتقان	ادام	74
جاتقان	ۇيدە	70
جاتقان	ۇيگە	63
جاتقان	كىم	36
جاتقان	اق	62
جاتقان	ەدى	51
جاتقان	سوڭ	60
جاتقان	شىعار	33
جاتقان	كەزدە	70
جاتقان	بالا	19
جاتقان	ەدىم	62
جاتقان	سوعان	73
جاتقان	جەر	80
جاتقان	جەردە	69
جاتقان	قىز	72
جاتقان	جەرگە	71
جاتقان	قىزدار	78
جاتقان	سياقتى	70
جاتقان	ەدىڭ	67
جاتقان	قۇساپ	65
جاتقان	بولدىڭ	58
جاتقان	بارلىق	50
جاتقان	كىسىلەر	77
جاتقان	ەل	79
جاتقان	شعار	73
جاتقان	دوستار	71
جاتقان	ادامدى	66
جاتقان	ۇيدىڭ	55
جاتقان	ادامعا	38
جاتقان	شىعارسىڭ	74
جاتقان	جوقپا	76
جاتقان	ۇقسايدى	69
جاتقان	ادامدار	58
جاتقان	جەرى	77
جاتقان	ساباقتاستار	68
جاتقان	جوقسىڭ	36
جاتقان	بولۋ	41
جاتقان	سىياقتى	69
جاتقان	جەرىڭ	74
جاتقان	شعارسىڭ	61
جاتقان	وقشايدى	58
جاتقان	جوقپىن	69
جاتقان	تۇردەن	71
جاتقان	جوقسىڭبا	60
جاتقان	بولۋى	55
جاتقان	جەرىڭدى	79
جاتقان	تۇرىڭنەن	76
جاتقان	جەرىڭىز	79
جاتقان	جايىم	73
جاتقان	ەكەنسىڭ	67
جاتقان	بولساڭ	42
جاتقان	جەردەن	75
جاتقان	جەرىنەن	66
دەشى	جانىم	70
دەشى	مەن	16
دەشى	دەپ	60
دەشى	بولدى	77
دەشى	بىر	76
دەشى	سول	66
دەشى	سەن	71
دەشى	ەندى	72
دەشى	وندا	51
دەشى	يا	36
دەشى	بۇگىن	70
دەشى	ماعان	73
دەشى	ول	70
دەشى	سەنى	80
دەشى	ساعان	74
دەشى	وسى	79
دەشى	نەدەگەن	58
دەشى	بولاما	74
دەشى	سوندا	76
دەشى	شىركىن	75
دەشى	جاقسى	66
دەشى	مەنى	79
توي	عوي	94
توي	دەپ	67
توي	جوق	86
توي	بولسىن	85
توي	ەكەن	81
توي	بار	85
توي	بولىپ	87
توي	بولسا	83
توي	بولادى	96
توي	دەگەن	53
توي	كۇنى	82
توي	ەمەس	74
توي	قاشان	68
توي	كوپ	8
توي	قۇتتى	53
توي	جاسا	81
توي	جاساپ	70
توي	قىلىپ	81
توي	تويعا	81
توي	قىلعان	37
توي	جاساعان	98
توي	قىلام	40
توي	جاساي	73
توي	قىلاتىن	47
توي	جاسايتىن	94
توي	جاسايدى	73
توي	جاسايمىن	97
توي	قىلماي	78
توي	قۇتى	56
توي	جاسايىن	80
توي	جاساعالى	89
توي	شۇنى	73
توي	جاسايمىز	68
توي	جاساۋ	85
توي	جاسادى	92
توي	جاسادىم	78
توي	قىلمادىم	89
توي	جاساماي	89
توي	قىلايىق	66
توي	جاسايىق	97
توي	جاسامايمىن	97
توي	جاسايسىڭ	96
توي	جاسامادىم	72
توي	جاسادىڭ	82
توي	جاسادىڭبا	95
توي	جاساماعان	83
توي	جاساعاندا	61
توي	جاسايىم	88
توي	جاساعام	94
توي	قىلماعان	87
توي	جاساسا	83
توي	جاساساڭ	86
توي	تويلاپ	86
توي	قىلدىڭبا	97
توي	جاساعىم	81
توي	جاساسام	97
توي	جاساساق	91
توي	جاساعاننان	90
توي	تومالاق	82
توي	تومالاققا	90
توي	مەن	72
توي	جاقسى	53
توي	بولدى	75
توي	بىر	62
توي	نە	23
توي	ەندى	101
توي	الى	54
توي	الىپ	98
توي	ەرتەڭ	99
توي	بۇگىن	70
توي	قاي	84
توي	قايدا	85
توي	بولا	94
توي	ول	83
توي	قالاي	95
توي	توي	93
توي	بارما	66
توي	نەدەگەن	55
توي	ەدى	93
توي	قانداي	84
توي	كەشتە	79
توي	دەسە	92
توي	بوپ	99
توي	كەزدە	78
توي	بولعان	98
توي	قيىن	20
توي	ويناپ	88
توي	كۇپ	89
توي	مال	72
توي	بولاتىن	83
توي	تارتىپ	18
توي	وتە	60
توي	ايدىڭ	101
توي	كۇندىز	100
توي	تاياپ	99
توي	وتىپ	86
توي	ۇتىپ	94
توي	شۇنگە	100
توي	توقتاپ	91
توي	قىزىپ	97
توي	وتكەن	87
توي	قىلادى	90
توي	سىرعا	37
توي	ۇتكەن	97
توي	بارەدى	98
توي	شۇننە	78
توي	شۇننەن	91
توي	يەسى	63
توي	تاراپ	92
توي	بەرەكەلى	88
توي	ورتاق	84
توي	قاپتاپ	100
توي	كوبەيىپ	71
توي	باستالىپ	76
توي	قوتتى	73
توي	باستالدى	85
توي	قىزىعى	50
توي	بولعالى	98
توي	جۇرگىزىپ	68
توي	توبى	90
توي	كۇبەيىپ	93
توي	توقتايدى	88
توي	قىزىعىن	85
توي	توبىنا	93
توي	شۇنىنە	64
توي	توقتادى	84
توي	قۋتتى	71
توي	باعاعى	67
توي	سۇيەر	79
توي	جاساپتى	90
توي	توبىنداعى	87
توي	جاساۋعا	85
توي	سىزدەرمەن	83
توي	باستالدىما	81
توي	قىلعالى	87
توي	تارادىما	94
توي	وزدەرىڭىزبەن	85
توي	دۋمانىن	77
توي	جاسايسىڭبا	86
توي	جاسايما	92
توي	جاساماقشى	76
توي	يەلەرى	79
توي	جاساعانعا	87
توي	وتكەنشە	100
توي	تورىندە	99
توي	قۋانىشى	95
توي	جاساعانشا	96
توي	يەسىنىڭ	97
توي	جاساعىڭ	95
توي	قۋانىشىنا	96
توي	جاساعاي	97
توي	ۇزدەرىڭىزبەن	94
توي	قۋانىشىنىڭ	94
توي	قۋانشىنىڭ	89
توي	قۋانشنىڭ	94
جاي	جاقسى	80
جاي	بولدى	75
جاي	بولىپ	80
جاي	كەلىپ	8
جاي	بولسا	39
جاي	بارىپ	50
جاي	بولادى	58
جاي	قالاي	78
جاي	ەمەس	71
جاي	ۇيقتاپ	67
جاي	قايتىپ	75
جاي	بوپ	71
جاي	كەلدى	73
جاي	كەلدىم	54
جاي	شىعىپ	43
جاي	كورىپ	20
جاي	تۇرىپ	78
جاي	بارام	41
جاي	عانا	70
جاي	جاتىپ	52
جاي	تۇسىپ	41
جاي	كەلەدى	51
جاي	جاتقان	76
جاي	كەپ	51
جاي	بولمايدى	73
جاي	بولسادا	75
جاي	اڭگىمە	77
جاي	بارامىن	81
جاي	كەلگەن	50
جاي	سويلەپ	74
جاي	قالىپ	81
جاي	كەلەتىن	70
جاي	راق	72
جاي	كەلدىڭ	60
جاي	ۇيقتادىم	57
جاي	كەلدىك	70
جاي	بولپ	67
جاي	قايتام	71
جاي	جاتتىم	62
جاي	قايتاتىن	64
جاي	تۇردىم	81
جاي	ايتقانىم	81
جاي	جاتقام	76
جاي	تۇستىم	77
جاي	قايتامىن	69
جاي	تۇسەدى	71
جاي	تۇسەتىن	76
جاي	تۇسەم	56
جاي	تۇسەسىڭ	59
جاي	قايتادى	68
جاي	سۇراعانىم	73
جاي	جاتتىق	61
جاي	تۇسەمىن	81
جاي	جاتتىڭ	77
جاي	تۇسەمىز	70
جاي	تۇستىك	72
جاي	انشەيىن	78
جاي	بىر	59
جاي	جاقسىما	52
جاي	باراتىن	71
جاي	كەلەم	65
جاي	قايتامىز	63
كەپ	بولدى	75
كەپ	بىر	79
كەپ	ەندى	62
كەپ	جاتىر	77
كەپ	ال	43
كەپ	الىپ	58
كەپ	تۇر	38
كەپ	مەنى	19
كەپ	جاتىرمىن	73
كەپ	تاماق	79
كەپ	وتىر	35
كەپ	وتىرمىن	59
كەپ	كەتتى	45
كەپ	قالدى	76
كەپ	كەتىپ	41
كەپ	شاي	80
كەپ	ەدى	77
كەپ	جۇر	69
كەپ	الدى	78
كەپ	الدىم	32
كەپ	قويدى	79
كەپ	ەدىم	16
كەپ	جاتىپ	74
كەپ	الدىڭ	71
كەپ	الدىڭبا	68
كەپ	جاتقان	78
كەپ	جۇرگەن	70
كەپ	العان	71
كەپ	كەتەدى	77
كەپ	ارەڭ	49
كەپ	تۇرعان	75
كەپ	قالادى	56
كەپ	الادى	77
كەپ	الساڭ	73
كەپ	قالسا	80
كەپ	قالدىق	77
كەپ	العام	38
كەپ	تۇرادى	49
كەپ	الدىق	67
كەپ	تۇرسا	66
كەپ	تۇرما	76
كەپ	قالاما	57
كەپ	قالار	74
كەپ	قاپ	61
كەپ	قاپتى	63
كەپ	الدىما	79
كەپ	الدىڭدارما	59
كەپ	الدڭبا	78
كەپ	اپتى	76
كەپ	ۇيقتاپ	56
كەپ	قالدىم	52
كەپ	قالعان	24
كەپ	بولدىم	80
كەپ	الپتى	80
كەپ	الدىڭىزبا	69
اينالايىن	جانىم	46
اينالايىن	مەن	10
اينالايىن	دەپ	65
اينالايىن	جاقسى	74
اينالايىن	سول	75
اينالايىن	راحىمەت	20
اينالايىن	مەنىڭ	65
اينالايىن	بىرگە	76
اينالايىن	دوسىم	74
اينالايىن	اق	54
اينالايىن	اۋ	76
اينالايىن	جۇرەگىم	15
اينالايىن	تاتتى	49
اينالايىن	تاتتىم	58
اينالايىن	التىن	64
اينالايىن	كۇنىم	61
اينالايىن	التىنىم	62
اينالايىن	كەمپىرىم	44
اينالايىن	سۇيكىمدى	61
اينالايىن	قۇلىنىم	73
اينالايىن	جاندارىم	58
اينالايىن	قارعام	58
اينالايىن	اياۋلىم	76
اينالايىن	ەركەم	75
اينالايىن	تومپاعىم	69
اينالايىن	بوتام	74
اينالايىن	سۇيكتىم	50
اينالايىن	اسىلىم	68
قويى	بار	67
قويىپ	مەن	77
قويىپ	جوق	72
قويىپ	بىر	51
قويىپ	ەندى	59
قويىپ	جاتىر	63
قويىپ	قوي	54
قويىپ	ال	23
قويىپ	الىپ	76
قويىپ	سودان	76
قويىپ	مەنى	79
قويىپ	جاتىرمىن	74
قويىپ	وتىر	64
قويىپ	وتىرمىن	60
قويىپ	كەت	49
قويىپ	كەتتى	60
قويىپ	قويشى	75
قويىپ	تاعى	58
قويىپ	كەتىپ	39
قويىپ	بەر	67
قويىپ	بەرىپ	72
قويىپ	ەدى	67
قويىپ	جۇر	57
قويىپ	قايتا	75
قويىپ	ۇيقتاپ	77
قويىپ	كەتتىم	68
قويىپ	بەرەيىن	28
قويىپ	قويدى	61
قويىپ	قويدىم	79
قويىپ	ەدىم	70
قويىپ	جۇرمىن	73
قويىپ	ۇيات	78
قويىپ	قويىپ	63
قويىپ	كەتكەن	33
قويىپ	جۇرە	49
قويىپ	ەدىڭ	73
قويىپ	قويايىن	46
قويىپ	تاستاپ	53
قويىپ	كەتەم	74
قويىپ	قويساڭ	74
قويىپ	قويعان	63
قويىپ	جۇرمە	64
قويىپ	كەتەيىن	40
قويىپ	كەتىم	65
قويىپ	قويعام	72
قويىپ	قويام	76
قويىپ	قويىڭىز	37
قويىپ	كەتسەڭ	79
قويىپ	جۇرمەسىن	77
قويىپ	كەتكەم	63
قويىپ	جۇرمەيىن	60
قويىپ	ەكى	63
قويىپ	قايتىپ	42
قويىپ	ەدىك	61
ويلا	جانىم	78
ويلاپ	جانىم	20
ويلاپ	بىر	67
ويلاپ	نە	72
ويلاپ	جاتىر	80
ويلاپ	جاتىرسىڭ	65
ويلاپ	قوي	63
ويلاپ	تۇر	56
ويلاپ	جاتىرمىن	73
ويلاپ	ايتىپ	18
ويلاپ	وتىر	76
ويلاپ	وتىرمىن	56
ويلاپ	قالدى	15
ويلاپ	جۇر	71
ويلاپ	كەتتىم	52
ويلاپ	قالدىم	63
ويلاپ	قويدىم	27
ويلاپ	كور	37
ويلاپ	ەدىم	69
ويلاپ	جۇرمىن	34
ويلاپ	جاتىپ	78
ويلاپ	تۇرمىن	67
ويلاپ	قالعان	66
ويلاپ	كەتتىڭ	68
ويلاپ	قالدىڭ	44
ويلاپ	قالدىڭبا	62
ويلاپ	جاتقان	66
ويلاپ	قويىپ	67
ويلاپ	ويلاپ	63
ويلاپ	كۇر	52
ويلاپ	جۇرەگىم	76
ويلاپ	جۇرگەن	78
ويلاپ	جۇرسىڭ	51
ويلاپ	ساعىنىپ	76
ويلاپ	تۇرعان	55
ويلاپ	باسىم	60
ويلاپ	قالادى	76
ويلاپ	جىندى	54
ويلاپ	وتىرسىڭ	73
ويلاپ	وتىرعان	70
ويلاپ	قالىپپىن	55
ويلاپ	قايتەسىڭ	65
ويلاپ	ۇيقىم	75
ويلاپ	كەتەم	56
ويلاپ	ۇيقتاي	61
ويلاپ	تۇرسىڭ	80
ويلاپ	قويساڭ	81
ويلاپ	قالما	79
ويلاپ	قالام	44
ويلاپ	قالاما	61
ويلاپ	كورشى	72
ويلاپ	قويعام	38
ويلاپ	قويام	56
ويلاپ	وتىرسىڭبا	71
ويلاپ	قالماسىن	69
ويلاپ	جۇرسىڭبە	77
ويلاپ	كۇرشى	78
ويلاپ	جۇردىم	78
ويلاپ	كەتەمىن	73
ويلاپ	جۇرسەم	72
ويلاپ	جۇرەم	78
ويلاپ	جۇرگەم	67
ويلاپ	وتىرعام	75
ويلاپ	قالامىن	75
ويلاپ	كەتپە	63
ويلاپ	تۇرعام	69
ويلاپ	كورسەم	73
ويلاپ	كورمەدىم	73
ويلاپ	قويامىن	55
ويلاپ	قالپپىن	69
ويلاپ	جۇرەمىن	61
ويلاپ	كوردىڭبە	75
ويلاپ	كۇرمەدىم	74
ويلاپ	كۇرسەم	81
ويلاپ	جات	76
ويلاپ	جاتىرسىڭبا	71
ويلاپ	جىلاپ	64
ويلاپ	كەتسەم	63
ويلاپ	كەتىڭ	78
ويلاپ	كورگەم	76
ويلاپ	كەتىپسىڭ	68
ويلاپ	كورمەپپىن	80
ويلاپ	قالماڭىز	78
بىرەۋ	عوي	53
بىرەۋ	مەن	55
بىرەۋ	دەپ	65
بىرەۋ	جوق	52
بىرەۋ	جاقسى	66
بىرەۋ	ەكەن	73
بىرەۋ	بىر	49
بىرەۋ	بار	71
بىرەۋ	بولىپ	20
بىرەۋ	الىپ	75
بىرەۋ	كەلىپ	21
بىرەۋ	بولسا	47
بىرەۋ	ماعان	30
بىرەۋ	ەكى	70
بىرەۋ	مەنى	75
بىرەۋ	سەنى	76
بىرەۋ	ساعان	69
بىرەۋ	تەلەفون	71
بىرەۋ	ايتىپ	66
بىرەۋ	كەتتى	74
بىرەۋ	قالدى	58
بىرەۋ	اقشا	65
بىرەۋ	ەمەس	41
بىرەۋ	بارما	72
بىرەۋ	جولداپ	79
بىرەۋ	كەرەك	70
بىرەۋ	ايتتى	18
بىرەۋ	كەلدى	60
بىرەۋ	كورىپ	70
بىرەۋ	تاۋىپ	52
بىرەۋ	الايىن	49
بىرەۋ	سالىپ	76
بىرەۋ	عانا	76
بىرەۋ	قوسىپ	78
بىرەۋ	سۇراپ	67
بىرەۋ	كەپ	55
بىرەۋ	قويىپ	52
بىرەۋ	ۇشىن	53
بىرەۋ	كۇرىپ	71
بىرەۋ	بولماسا	76
بىرەۋ	بولسادا	57
بىرەۋ	دەن	75
بىرەۋ	بىردەمە	62
بىرەۋ	كىرىپ	54
بىرەۋ	كەلسە	70
بىرەۋ	الام	70
بىرەۋ	ەرتىپ	79
بىرەۋ	اكەپ	78
بىرەۋ	الامىن	74
بىرەۋ	ۇستاپ	78
بىرەۋ	الساڭ	72
بىرەۋ	ايداپ	69
بىرەۋ	شاقىرىپ	77
بىرەۋ	بىردەڭە	61
بىرەۋ	السام	65
بىرەۋ	تاپ	72
بىرەۋ	كورسە	70
بىرەۋ	الساڭىز	79
بىرەۋ	مىرەۋ	61
بىرەۋ	ويناپ	25
بىرەۋ	ىزدەپ	71
بىرەۋ	كۇرسە	72
ءبىر	جاقسى	80
ءبىر	ادام	72
ءبىر	بارىپ	20
ءبىر	ەكى	76
ءبىر	ۇيدە	78
ءبىر	اي	78
ءبىر	كۇن	71
ءبىر	دوسىم	49
ءبىر	اق	22
ءبىر	كۇنى	67
ءبىر	از	76
ءبىر	جول	71
ءبىر	جولدا	76
ءبىر	جۇمىس	58
ءبىر	كەزدە	73
ءبىر	كورىپ	68
ءبىر	بالا	68
ءبىر	ۋاق	63
ءبىر	ۋاقىت	71
ءبىر	كۇندە	71
ءبىر	جەردە	64
ءبىر	ماشينا	78
ءبىر	قىز	68
ءبىر	ساعات	68
ءبىر	ءبىر	79
ءبىر	جەرگە	77
ءبىر	نارسە	66
ءبىر	كىسى	52
ءبىر	جاققا	32
ءبىر	نەشە	75
ءبىر	تۇرلى	72
ءبىر	جارىم	76
ءبىر	جىل	69
ءبىر	جەردەن	65
ءبىر	جىگىت	65
ءبىر	باقىت	63
ءبىر	ايەل	56
ءبىر	تال	49
ءبىر	ايدا	76
ءبىر	رەت	68
ءبىر	ورىن	69
ءبىر	تالاي	53
ءبىر	ادامعا	72
ءبىر	اۋىز	78
ءبىر	ءان	76
ءبىر	توپ	44
ءبىر	كۇندىك	61
ءبىر	اپتا	73
ءبىر	جاعى	49
ءبىر	ءومىر	55
ءبىر	جاعىنان	71
ءبىر	شىنى	76
ءبىر	ساعاتتان	61
ءبىر	اپتادا	73
ءبىر	تالى	73
ءبىر	جونى	80
ءبىر	جۇرىس	80
ءبىر	تالدان	71
ءبىر	شاۋگىم	72
ءبىر	ءتۇرلى	77
ءبىر	ءجونى	77
ءبىر	سالەم	79
ءبىر	تاماق	35
ءبىر	تەلەفون	79
ءبىر	توي	24
ءبىر	باس	62
ءبىر	تويعا	73
ءبىر	ۇلكەن	52
ءبىر	ادامنىڭ	73
ءبىر	قوراپ	80
ءبىر	تۇتاس	54
ءبىر	مارتە	72
كەتكەن	عوي	78
كەتكەن	مەن	28
كەتكەن	دەپ	24
كەتكەن	جوق	59
كەتكەن	جاقسى	55
كەتكەن	بولدى	81
كەتكەن	ەكەن	51
كەتكەن	بىر	20
كەتكەن	سول	62
كەتكەن	ەندى	56
كەتكەن	قوي	66
كەتكەن	الى	79
كەتكەن	ەرتەڭ	45
كەتكەن	ادام	62
كەتكەن	بولسا	77
كەتكەن	بۇگىن	62
كەتكەن	سودان	75
كەتكەن	ەكى	64
كەتكەن	ول	61
كەتكەن	دەيدى	76
كەتكەن	كۇنى	54
كەتكەن	تاڭەرتەڭ	58
كەتكەن	ەدى	75
كەتكەن	كەشە	62
كەتكەن	سوڭ	70
كەتكەن	شىعار	18
كەتكەن	كەزدە	19
كەتكەن	سونى	70
كەتكەن	ەدىم	59
كەتكەن	ەكەنسىڭ	77
كەتكەن	ەشتەڭە	47
كەتكەن	سياقتى	78
كەتكەن	بولاتىن	77
كەتكەن	بولساڭ	76
كەتكەن	قۇساپ	65
كەتكەن	بولدىڭ	78
كەتكەن	شعار	76
كەتكەن	ەشتەمە	54
كەتكەن	شىعارسىڭ	72
كەتكەن	جوقپا	51
كەتكەن	ۇقسايدى	38
كەتكەن	سىياقتى	43
كەتكەن	شعارسىڭ	75
كەتكەن	وقشايدى	64
كەتكەن	جەرىم	69
كەتكەن	جوقبا	67
كەتكەن	وقسايدى	56
كەتكەن	جوقسىڭبا	72
كەتكەن	سوعان	80
كەتكەن	ءالى	42
كەتكەن	قۇسايدى	48
ۇشى	كۇنى	80
ۇشىن	عوي	12
ۇشىن	جان	54
ۇشىن	جانىم	80
ۇشىن	مەن	51
ۇشىن	دەپ	40
ۇشىن	جاقسى	43
ۇشىن	بىر	54
ۇشىن	سول	38
ۇشىن	نە	79
ۇشىن	سەن	56
ۇشىن	ەندى	49
ۇشىن	الىپ	69
ۇشىن	بولسا	73
ۇشىن	مەندە	59
ۇشىن	ماعان	68
ۇشىن	بارى	72
ۇشىن	ەكى	73
ۇشىن	مەنى	72
ۇشىن	مەنىڭ	52
ۇشىن	ول	60
ۇشىن	سەنى	72
ۇشىن	ساعان	80
ۇشىن	وسى	64
ۇشىن	ايتىپ	66
ۇشىن	امان	44
ۇشىن	اقشا	80
ۇشىن	ەمەس	67
ۇشىن	كوپ	70
ۇشىن	سەنىڭ	80
ۇشىن	از	74
ۇشىن	ىستەپ	74
ۇشىن	جۇرمىن	79
ۇشىن	عانا	67
ۇشىن	ۋاقىت	39
ۇشىن	ەشتەڭە	70
ۇشىن	ۇلكەن	74
ۇشىن	قازىر	73
ۇشىن	جۇرگەن	76
ۇشىن	بولسادا	70
ۇشىن	جاساپ	35
ۇشىن	بارىن	73
ۇشىن	ماڭگى	79
ۇشىن	ەڭ	42
ۇشىن	قانا	62
ۇشىن	جاپا	72
ۇشىن	ومىر	70
ۇشىن	ۇمىر	76
ۇشىن	بارىنە	74
ۇشىن	كەشىرىم	77
ۇشىن	تاعى	62
ۇشىن	قانداي	69
ۇشىن	كەلدىم	70
ۇشىن	قىزمەت	51
ۇشىن	بارنە	76
بارايىن	جانىم	77
بارايىن	مەن	37
بارايىن	دەپ	78
بارايىن	بىر	10
بارايىن	سەن	71
بارايىن	وندا	63
بارايىن	ەرتەڭ	80
بارايىن	بۇگىن	78
بارايىن	سودان	80
بارايىن	ساعان	79
بارايىن	دەيدى	61
بارايىن	دەگەن	67
بارايىن	بولاما	70
بارايىن	دەسەم	76
بارايىن	شى	78
بارايىن	دەدىم	15
بارايىن	دەگەم	63
بارايىن	دەكەم	17
بارايىن	يا	28
بارايىن	ازىر	32
بارايىن	دەگەمىن	71
ءىش	دەپ	74
ءىش	كيىم	19
ءىشىپ	ەندى	25
ءىشىپ	بولىپ	51
ءىشىپ	جاتىر	32
ءىشىپ	ال	55
ءىشىپ	الىپ	23
ءىشىپ	كەلىپ	14
ءىشىپ	جاتىرمىن	63
ءىشىپ	وتىر	76
ءىشىپ	وتىرمى	39
ءىشىپ	وتىرمىن	61
ءىشىپ	كەتتى	62
ءىشىپ	ازىر	63
ءىشىپ	جۇر	12
ءىشىپ	الدىم	70
ءىشىپ	كەلدىم	42
ءىشىپ	جاڭا	74
ءىشىپ	الايىن	78
ءىشىپ	بولعان	60
ءىشىپ	الدىڭبا	29
ءىشىپ	بولدىم	19
ءىشىپ	جاڭە	56
ءىشىپ	جاتىرمىز	79
ءىشىپ	العان	58
ءىشىپ	اڭگىمە	58
ءىشىپ	وتىرمىز	77
ءىشىپ	وتىرسىڭ	12
ءىشىپ	وتىرىپ	72
ءىشىپ	وتىرعان	77
ءىشىپ	بولدىق	69
ءىشىپ	بولدىڭبا	64
ءىشىپ	الدىق	74
ءىشىپ	الايىق	49
ءىشىپ	كەلەيىك	53
ءىشىپ	وتىرسىڭبا	70
ءىشىپ	الىڭىز	65
ءىشىپ	الىڭدار	68
ءىشىپ	الدىڭدارما	76
ءىشىپ	بولدىڭدارما	68
ءىشىپ	جەپ	68
ءىشىپ	ماس	66
ءىشىپ	الساڭ	57
ەبىلاي	دەڭىز	38
ەبىلايدە	جانىم	8
ەبىلايدە	مەن	11
ەبىلايدە	جاقسى	42
ەبىلايدە	بولدى	26
ەبىلايدە	سول	59
ەبىلايدە	نە	44
ەبىلايدە	نەعىپ	74
ەبىلايدە	سەن	70
ەبىلايدە	ەندى	68
ەبىلايدە	راحىمەت	65
ەبىلايدە	ماقۇل	72
ەبىلايدە	وندا	75
ەبىلايدە	ەرتەڭ	29
ەبىلايدە	بۇگىن	78
ەبىلايدە	مەندە	73
ەبىلايدە	بولادى	51
ەبىلايدە	ول	76
ەبىلايدە	جارايدى	68
ەبىلايدە	دوسىم	79
ەبىلايدە	كىم	15
ەبىلايدە	ونى	68
ەبىلايدە	قاشان	47
ەبىلايدە	دۇرىس	78
ەبىلايدە	اس	65
ەبىلايدە	باسە	71
ەبىلايدە	دەڭىز	59
ەبىلايدە	ىڭىز	55
ەبىلايدە	سونىمەن	74
اش	دەپ	55
اش	جاساپ	31
اش	قارىن	44
اش	قارىندا	40
اش	قۇرساق	43
اش	كىرىپ	37
اشىپ	بىر	18
اشىپ	جاتىر	68
اشىپ	قوي	17
اشىپ	ال	29
اشىپ	الىپ	60
اشىپ	تۇر	59
اشىپ	جاتىرمىن	25
اشىپ	وتىر	13
اشىپ	وتىرمىن	45
اشىپ	كەتتى	76
اشىپ	قالدى	42
اشىپ	قويشى	73
اشىپ	كەتى	69
اشىپ	كەتىپ	70
اشىپ	بەر	67
اشىپ	بەرىپ	63
اشىپ	جۇر	55
اشىپ	الدىم	72
اشىپ	اۋىرىپ	67
اشىپ	بەرەيىن	69
اشىپ	قويدىم	54
اشىپ	كور	66
اشىپ	كورىپ	73
اشىپ	تۇرىپ	60
اشىپ	الايىن	39
اشىپ	الدىڭبا	60
اشىپ	جاتقان	47
اشىپ	قويىپ	65
اشىپ	كەتكەن	75
اشىپ	كۇرىپ	46
اشىپ	كەتەدى	70
اشىپ	بەرەم	65
اشىپ	ارەڭ	51
اشىپ	بەرشى	76
اشىپ	تۇرعان	76
اشىپ	قويايىن	68
اشىپ	تاستاپ	55
اشىپ	بەرەمىن	69
اشىپ	وتىرعان	75
اشىپ	كەتىپتى	72
اشىپ	جاتىرسىڭبا	68
اشىپ	قويساڭ	65
اشىپ	كەتپتى	72
اشىپ	كورشى	49
اشىپ	جاتىرما	77
اشىپ	قالماسىن	75
اشىپ	قالسام	71
اشىپ	تۇرعاندا	70
اشىپ	جۇمعانشا	75
اشىپ	ايتىپ	56
اشىپ	قارا	67
تۋىلعان	كۇن	68
تۋىلعان	كۇنى	25
تۋىلعان	كۇندە	7
تۋىلعان	كۇنىڭ	69
تۋىلعان	كۇندەرى	69
تۋىلعان	كۇندەرىڭ	67
تۋىلعان	كۇندى	8
تۋىلعان	كۇنىم	59
تۋىلعان	كۇننە	35
تۋىلعان	كۇنگە	61
تۋىلعان	كۇنىڭىز	50
تۋىلعان	كۇنىڭمەن	18
تۋىلعان	كۇنىن	17
تۋىلعان	كۇنىنە	33
تۋىلعان	كۇنىڭدى	57
تۋىلعان	كۇنىمە	53
تۋىلعان	كۇنىمدى	67
تۋىلعان	كۇنىندە	59
تۋىلعان	كۇنىڭە	70
تۋىلعان	كۇنىڭدە	66
تۋىلعان	كۇنىمدە	66
تۋىلعان	كۇنىمەن	66
تۋىلعان	كۇنىڭىزبەن	75
شارشاپ	كەلىپ	77
شارشاپ	جاتىرمىن	63
شارشاپ	وتىرمىن	59
شارشاپ	كەتتى	32
شارشاپ	جۇر	33
شارشاپ	ۇيقتاپ	12
شارشاپ	كەتتىم	50
شارشاپ	قالدىم	51
شارشاپ	جۇرمىن	46
شارشاپ	جاتىپ	76
شارشاپ	تۇرمىن	69
شارشاپ	قالعان	58
شارشاپ	كەتتىڭ	60
شارشاپ	قالدىڭ	17
شارشاپ	قالدىڭبا	58
شارشاپ	كەتكەن	42
شارشاپ	جۇرگەن	61
شارشاپ	كەتەدى	24
شارشاپ	جۇرىپ	67
شارشاپ	جۇرسىڭ	53
شارشاپ	ارەڭ	75
شارشاپ	تۇرعان	53
شارشاپ	قالادى	54
شارشاپ	ۇيىقتاپ	76
شارشاپ	كەلگەندە	70
شارشاپ	قالىپپىن	64
شارشاپ	ۇيقىم	77
شارشاپ	كەتەم	68
شارشاپ	قالما	71
شارشاپ	كەتەسىڭ	19
شارشاپ	كەتىم	56
شارشاپ	قالاسىڭ	75
شارشاپ	تۇرساڭ	60
شارشاپ	جۇرگەندە	74
شارشاپ	كەتتىك	52
شارشاپ	جۇرسىڭبە	41
شارشاپ	تۇرعاندا	70
شارشاپ	تۇرسىڭبا	73
شارشاپ	قالپپىن	77
شارشاپ	قالپىن	46
شارشاپ	قالىپىن	68
شارشاپ	قاپتىم	74
شارشاپ	قالىپتىم	48
شارشاپ	ءجۇر	75
شارشاپ	شالدىعىپ	76
شارشاپ	كەلە	23
شارشاپ	دەمالىپ	23
شارشاپ	تۇراتىن	64
شارشاپ	كەتپە	68
شارشاپ	قاپپىن	76
شارشاپ	قالماشى	76
شىن	عوي	77
شىن	جانىم	19
شىن	دەپ	43
شىن	بولسىن	50
شىن	جاقسى	74
شىن	ەكەن	26
شىن	قوي	16
شىن	بولسا	70
شىن	ايت	26
شىن	ايتىپ	49
شىن	اتى	52
شىن	كورىپ	34
شىن	ەي	77
شىن	ايتام	69
شىن	شىن	14
شىن	كۇرىپ	75
شىن	جۇرەگىم	60
شىن	ايتشى	77
شىن	ايىت	57
شىن	سۇيەم	37
شىن	جۇرەك	76
شىن	سۇيىپ	58
شىن	ايتسام	64
شىن	ايتامىن	61
شىن	سۇيەمىن	72
شىن	عاشىق	70
شىن	بەي	74
شىن	سۇيگەن	43
شىن	جۇرەكتەن	53
شىن	سۇيسەڭ	79
شىن	ايتاسىڭبا	73
شىن	جۇرەگىمنەن	71
شىن	جۇرەگىممەن	47
شىن	جۇرەگىمەن	52
شىن	جۇرەكپەن	59
شىن	جۇرەگىڭمەن	75
شىن	كوڭىلمەن	64
شىن	سوزىم	18
شىن	سۇيسە	79
شىن	سۇيەتىن	50
بولىپتى	عوي	80
بولىپتى	جانىم	8
بولىپتى	مەن	20
بولىپتى	دەپ	69
بولىپتى	جاقسى	64
بولىپتى	ەكەن	55
بولىپتى	سول	84
بولىپتى	ەندى	79
بولىپتى	قوي	26
بولىپتى	وندا	69
بولىپتى	مەندە	70
بولىپتى	بارىپ	83
بولىپتى	دەيدى	78
بولىپتى	امان	82
بولىپتى	قۇتتى	49
بولىپتى	سوعان	78
بولىپتى	بىر	43
بولىپتى	كەلىپ	76
بولىپتى	بۇگىن	82
بولىپتى	دوسىم	76
بولىپتى	توي	81
بولىپتى	جول	53
بولما	جانىم	70
بولما	دەپ	17
بولماي	جاتىر	68
بولماي	تۇر	19
بولماي	جاتىرمىن	9
بولماي	كەتتى	52
بولماي	قالدى	48
بولماي	اق	15
بولماي	جۇر	55
بولماي	كەتتىم	25
بولماي	قالدىم	64
بولماي	قويدى	53
بولماي	جۇرمىن	64
بولماي	بارا	50
بولماي	جاتىپ	62
بولماي	تۇرمىن	62
بولماي	قالعان	34
بولماي	جۇرگەن	45
بولماي	تۇرعان	67
بولماي	قالادى	68
بولماي	قالىپتى	36
بولماي	قالپتى	50
بولماي	قالسا	52
بولماي	قالدىما	55
بولماي	قالاتىن	60
بولماي	كەتەيىن	67
بولماي	تۇرما	71
بولماي	قالاما	54
بولماي	جاتسا	57
بولماي	قاپتى	66
بولماي	تۇرعوي	70
بولمايدى	عوي	51
بولمايدى	جانىم	11
بولمايدى	مەن	26
بولمايدى	دەپ	61
بولمايدى	ەكەن	27
بولمايدى	سەن	78
بولمايدى	ەندى	73
بولمايدى	قوي	75
بولمايدى	ول	64
بولمايدى	دەيدى	73
بولمايدى	دەگەن	36
بولمايدى	ەكەنسىڭ	57
بولمايدى	ەمەسپە	77
بولمايدى	بولمايدى	70
بولمايدى	دەدىم	77
بولمايدى	دەسەڭ	67
بولمايدى	بىر	13
كۇر	جانىم	71
كۇر	مەن	12
كۇر	دەپ	44
كۇر	ەندى	49
كۇر	وندا	54
كۇر	ەرتەڭ	44
كۇر	مەندە	57
كۇر	تۇن	56
كۇر	تۇسىڭدە	39
كۇر	بولاما	60
كۇرىپ	جاقسى	19
كۇرىپ	بىر	73
كۇرىپ	بولىپ	66
كۇرىپ	جاتىر	77
كۇرىپ	جاتىرسىڭ	49
كۇرىپ	ال	72
كۇرىپ	الىپ	57
كۇرىپ	تۇر	47
كۇرىپ	جاتىرمىن	51
كۇرىپ	وتىر	18
كۇرىپ	وتىرمىن	39
كۇرىپ	جۇر	20
كۇرىپ	كەتتىم	58
كۇرىپ	قالدىم	60
كۇرىپ	كەلدىم	27
كۇرىپ	قويدى	48
كۇرىپ	قويدىم	66
كۇرىپ	تۇرىپ	77
كۇرىپ	ەدىم	53
كۇرىپ	جۇرمىن	68
كۇرىپ	الايىن	61
كۇرىپ	جاتىپ	60
كۇرىپ	تۇرمىن	65
كۇرىپ	قالعان	61
كۇرىپ	قالدىڭ	70
كۇرىپ	قالدىڭبا	56
كۇرىپ	جاتقان	76
كۇرىپ	قويىپ	65
كۇرىپ	جۇرگەن	52
كۇرىپ	جۇرسىڭ	54
كۇرىپ	قاتە	45
كۇرىپ	تۇرعان	70
كۇرىپ	وتىرسىڭ	77
كۇرىپ	وتىرىپ	51
كۇرىپ	قالىپ	61
كۇرىپ	باق	73
كۇرىپ	وتىرعان	61
كۇرىپ	قالسا	63
كۇرىپ	تۇرسىڭ	74
كۇرىپ	قويسا	54
كۇرىپ	كەلەيىن	55
كۇرىپ	قالاما	76
كۇرىپ	قويادى	56
كۇرىپ	وتىرسىڭبا	73
كۇرىپ	قالماسىن	66
كۇرىپ	جۇرمىز	53
كۇرىپ	قالسام	75
كۇرىپ	شوشىپ	71
كۇرىپ	كۇز	76
كۇرىپ	جاتايىن	72
كۇرىپ	قايتايىن	77
كۇرىپ	قۋانىپ	72
كۇرىپ	جۇرەم	70
كۇرىپ	جۇرەيىن	77
كۇرىپ	قوياما	73
كۇرىپ	قويماسىن	77
كۇرىپ	بولدىم	60
كۇرىپ	قالادى	75
كۇرىپ	بىلىپ	65
كۇرىپ	كەلەيىك	69
كۇرىپ	قالايىن	73
كۇرىپ	وتىرايىن	62
كۇرىپ	جاتساڭىزدار	48
بولماس	ەدى	32
بولماس	بەدى	12
بولماسا	مەن	78
بولماسا	جاقسى	30
بولماسا	بولدى	71
بولماسا	ەكەن	32
بولماسا	بىر	72
بولماسا	سول	30
بولماسا	نە	55
بولماسا	سەن	61
بولماسا	ەندى	47
بولماسا	الىپ	73
بولماسا	ەرتەڭ	77
بولماسا	بۇگىن	35
بولماسا	مەندە	56
بولماسا	ماعان	60
بولماسا	بارى	66
بولماسا	بارىپ	56
بولماسا	ەكى	60
بولماسا	مەنى	62
بولماسا	مەنىڭ	65
بولماسا	نەگە	67
بولماسا	ول	68
بولماسا	سەنى	68
بولماسا	ساعان	72
بولماسا	وسى	67
بولماسا	تاماق	61
بولماسا	ۇيگە	61
بولماسا	تەلەفون	78
بولماسا	تاعى	65
بولماسا	تاڭەرتەڭ	54
بولماسا	بىراز	79
بولماسا	باسقا	74
بولماسا	كەشتە	49
بولماسا	ازىر	63
بولماسا	قايتا	54
بولماسا	انا	76
بولماسا	قايتىپ	71
بولماسا	قيىن	76
بولماسا	قازىر	74
بولماسا	بەس	77
بولماسا	بولمايدى	73
بولماسا	تۇستەن	38
بولماسا	امال	76
بولماسا	بەكەر	79
بولماسا	وزىم	52
بولماسا	جانىم	19
بولماسا	كەلىپ	75
بولماسا	مىنا	60
بولماسا	باراتىن	70
بولماسا	ۇزىم	75
بولماسا	بۇرسىگۇنى	77
جاتىرمىز	عوي	70
جاتىرمىز	جانىم	23
جاتىرمىز	مەن	38
جاتىرمىز	دەپ	71
جاتىرمىز	جاقسى	54
جاتىرمىز	بىر	73
جاتىرمىز	سول	72
جاتىرمىز	ەندى	38
جاتىرمىز	راحىمەت	73
جاتىرمىز	ەرتەڭ	73
جاتىرمىز	بۇگىن	73
جاتىرمىز	سودان	69
جاتىرمىز	دەيدى	73
جاتىرمىز	ۇيدە	55
جاتىرمىز	امان	74
جاتىرمىز	امانشىلىق	79
جاتىرمىز	ۇزىڭ	75
جاتىرمىز	وزىڭ	30
جاتىرمىز	دەنساۋلىق	68
جاتىرمىز	ۇزدەرىڭ	75
جاتىرمىز	وزدەرىڭ	24
جاتىرمىز	ۇزدەرىڭىز	74
جاتىرمىز	كۇن	31
اسسالاۋ	ماعالايكۇم	52
اسسالاۋ	ماعالايكىم	1
اسسالاۋماعاليكۇم	جاقسى	40
اسسالاۋماعاليكۇم	قايىرلى	65
اسسالاۋماعاليكۇم	وسى	48
اسسالاۋماعاليكۇم	دوسىم	55
اسسالاۋماعاليكۇم	امان	59
اسسالاۋماعاليكۇم	امانشىلىق	47
اسسالاۋماعاليكۇم	اعا	46
اسسالاۋماعاليكۇم	اسسالاۋماعاليكۇم	40
اسسالاۋماعاليكۇم	امانسىزبا	11
اسسالاۋماعاليكۇم	بارلىق	66
اسسالاۋماعاليكۇم	قۇدا	49
اسسالاۋماعاليكۇم	جىگىتتەر	68
اسسالاۋماعاليكۇم	ساباقتاستار	62
اسسالاۋماعاليكۇم	امانسىزدارما	62
اسسالاۋماعاليكۇم	ناعاشى	36
اسسالاۋماعاليكۇم	جالپى	67
اسسالاۋماعاليكۇم	تۋستار	59
اسسالاۋماعاليكۇم	قالىڭىز	56
اسسالاۋماعاليكۇم	جەزدە	64
اسسالاۋماعاليكۇم	اۋىلداستار	59
اسسالاۋماعاليكۇم	جگتتەر	68
اسسالاۋماعاليكۇم	جالپىڭىزعا	58
اسسالاۋماعاليكۇم	اعالار	69
اسسالاۋماعاليكۇم	تويشىل	67
اسسالاۋماعاليكۇم	توي	24
اسسالاۋماعاليكۇم	جىگتتەر	68
ايتىڭ	عوي	61
ايتىڭ	جانىم	10
ايتىڭ	مەن	29
ايتىڭ	قوي	57
ايتىڭ	قابىل	61
ايتىڭ	بىرگە	24
ايتىڭ	دوسىم	38
ايتىڭ	ونى	10
جۇرە	عوي	72
جۇرە	بەر	18
جۇرە	بەرىپ	12
جۇرە	الماي	36
جۇرە	بەرەيىن	57
جۇرە	جۇرە	64
جۇرە	بەرەم	58
جۇرە	بەرشى	40
جۇرە	بەرەدى	28
جۇرە	بەرسىن	38
جۇرە	بەرەتىن	41
جۇرە	بەرەمىن	56
جۇرە	المايمىن	21
جۇرە	بەرسە	31
جۇرە	بەرسەڭ	45
جۇرە	المايسىڭ	19
جۇرە	بەرمەي	26
جۇرە	المايدى	46
جۇرە	بەرەسىڭ	41
جۇرە	بەرسەم	61
جۇرە	المايتىن	42
جۇرە	بەرەمىز	59
جۇرە	بەرىڭىز	55
جۇرە	بەرىڭىزدەر	30
جۇرە	كورەيىك	47
جۇرە	بەرەيىك	45
جۇرە	بەرىڭدەر	43
جۇرە	كۇرەيىك	64
جۇرە	كورەمىز	63
جۇرە	بەرسەك	63
جۇرە	كەلە	31
جۇرە	بەرەسىڭبە	27
جۇرەگى	ۇستاپ	47
جۇرەگىم	جانىم	20
جۇرەگىم	مەن	71
جۇرەگىم	جاقسى	67
جۇرەگىم	بىر	66
جۇرەگىم	سول	43
جۇرەگىم	نەعىپ	12
جۇرەگىم	سەن	75
جۇرەگىم	مەنىڭ	56
جۇرەگىم	سەنى	15
جۇرەگىم	ساعان	47
جۇرەگىم	اي	66
جۇرەگىم	اۋىرىپ	74
جۇرەگىم	قاتتى	15
جۇرەگىم	سالىپ	28
جۇرەگىم	جۇرەگىم	63
جۇرەگىم	تاتتىم	58
جۇرەگىم	ماڭگى	68
جۇرەگىم	تاس	53
جۇرەگىم	سىڭ	76
جۇرەگىم	سوعىپ	69
جۇرەگىم	اۋرىپ	76
جۇرەگىم	تۇرساڭ	73
جۇرەگىم	اۇىرىپ	76
جۇرەگىم	ادال	66
جۇرەگىم	قاعىپ	45
جۇرەگىم	بىرتۇرلى	69
جۇرەگىم	قىسىپ	69
جۇرەگىم	اۋىرادى	53
جۇرەگىم	اۋىردى	46
جۇرەگىم	سىزداپ	65
جۇرەگىم	اۋرادى	62
جۇرەگىم	سەزىپ	60
جۇرەگىم	اينىپ	75
جۇرەگىم	ەزىلىپ	40
جۇرەگىم	اۋ	75
جۇرەگىم	ەرەكشە	76
جۇرەگىم	جىلاپ	56
جۇرەگىم	كەمپىرىم	57
جۇرەگىم	قسىپ	71
جۇرەگىم	سەزەدى	50
جۇرەگىم	تارسىلداپ	76
جۇرگەن	عوي	76
جۇرگەن	مەن	50
جۇرگەن	دەپ	24
جۇرگەن	جوق	54
جۇرگەن	جاقسى	77
جۇرگەن	بولدى	33
جۇرگەن	ەكەن	59
جۇرگەن	بىر	70
جۇرگەن	سول	51
جۇرگەن	سەن	65
جۇرگەن	ادام	61
جۇرگەن	بولسا	20
جۇرگەن	مەندە	68
جۇرگەن	كىم	63
جۇرگەن	قانداي	76
جۇرگەن	ەدى	63
جۇرگەن	سوڭ	75
جۇرگەن	شىعار	34
جۇرگەن	كەز	62
جۇرگەن	كەزدە	74
جۇرگەن	بالا	20
جۇرگەن	ەدىم	57
جۇرگەن	ەكەنسىڭ	66
جۇرگەن	بولدىم	71
جۇرگەن	جەر	74
جۇرگەن	جەردە	65
جۇرگەن	قىز	68
جۇرگەن	بىرەۋ	74
جۇرگەن	قىزدار	61
جۇرگەن	سياقتى	57
جۇرگەن	بولساڭ	43
جۇرگەن	قۇساپ	48
جۇرگەن	بولدىڭ	78
جۇرگەن	جىگىت	74
جۇرگەن	كىسىلەر	69
جۇرگەن	شعار	68
جۇرگەن	ەشكىم	57
جۇرگەن	ادامدى	61
جۇرگەن	ادامعا	37
جۇرگەن	شىعارسىڭ	74
جۇرگەن	بولسام	71
جۇرگەن	جوقپا	68
جۇرگەن	جىگىتتەر	59
جۇرگەن	ۇقسايدى	64
جۇرگەن	ادامدار	73
جۇرگەن	جوقسىڭ	68
جۇرگەن	شعارسىڭ	72
جۇرگەن	وقشايدى	78
جۇرگەن	جەرىم	60
جۇرگەن	جوقپىن	67
جۇرگەن	ادامسىڭ	55
جۇرگەن	جوقسىڭبا	57
جۇرگەن	ادامىڭ	55
جۇرگەن	ۇقسايسىڭ	72
جۇرگەن	كەزىم	76
جۇرگەن	ەدىڭ	76
جۇرگەن	سىياقتى	41
جۇرگەن	جەرىڭ	75
العان	عوي	45
العان	مەن	43
العان	دەپ	33
العان	جوق	72
العان	جاقسى	61
العان	بولدى	51
العان	ەكەن	63
العان	بىر	29
العان	سول	65
العان	ادام	68
العان	بولسا	34
العان	ەكى	63
العان	اقشا	53
العان	كۇنى	67
العان	ەدى	56
العان	سوڭ	71
العان	شىعار	16
العان	كەزدە	76
العان	بالا	40
العان	سونى	52
العان	ەدىم	54
العان	ەكەنسىڭ	67
العان	سوعان	76
العان	جەر	42
العان	سياقتى	77
العان	نارسە	47
العان	بولساڭ	54
العان	بولدىڭ	70
العان	اقشانى	62
العان	كىسىلەر	64
العان	شعار	50
العان	ادامعا	43
العان	قارىز	69
العان	شىعارسىڭ	62
العان	بولسام	72
العان	جوقپا	61
العان	ۇقسايدى	76
العان	جوقسىڭ	62
العان	اقشاڭدى	62
العان	شعارسىڭ	73
العان	وقشايدى	62
العان	جوقپىن	75
العان	جوقسىڭبا	71
العان	كىسىلەرگە	46
تۇستە	مەن	70
تۇستە	بىر	55
تۇستە	نە	71
تۇستە	الىپ	33
تۇستە	كەل	68
تۇستە	كەلىپ	60
تۇستە	بارىپ	37
تۇستە	ەكى	39
تۇستە	تاماق	72
تۇستە	ۇيدە	70
تۇستە	ۇيگە	72
تۇستە	تەلەفون	19
تۇستە	بىرگە	63
تۇستە	كەيىن	28
تۇستە	بىراق	47
تۇستە	تاعى	60
تۇستە	بىراز	62
تۇستە	شاي	49
تۇستە	كەشتە	54
تۇستە	ۇيقتاپ	68
تۇستە	قايتىپ	62
تۇستە	اتىپ	54
تۇستە	بارام	67
تۇستە	ۋاقىت	60
تۇستە	اپارىپ	61
تۇستە	كەلەدى	72
تۇستە	ساعات	70
تۇستە	كەپ	60
تۇستە	بارايىن	66
تۇستە	بارامىن	72
تۇستە	دەم	67
تۇستە	ۇيىقتاپ	55
تۇستە	قابارلاسايىن	68
تۇستە	تاماققا	63
تۇستە	كەلەسىڭبە	65
تۇستە	تاماقتى	69
تۇستە	لاڭمان	65
تۇستە	بولسىن	33
تۇستە	قايدا	58
تۇستە	دەمالىپ	62
تۇستەن	سالەم	61
تۇستەن	كەيىن	74
تۇستەن	بەرى	2
تۇستەن	بۇرىن	69
تۇستەن	باستاپ	20
تۇستەن	كەين	62
تۇستەن	كەيىنگى	57
تۇستەن	گەيىن	51
تۇستەن	كەيىنگە	54
تۇستەن	كەيىننەن	63
جەرگە	بىر	79
جەرگە	بار	64
جەرگە	الىپ	77
جەرگە	كەل	70
جەرگە	كەلىپ	54
جەرگە	ادام	34
جەرگە	بارىپ	74
جەرگە	نەگە	15
جەرگە	كەتتى	72
جەرگە	بىراق	69
جەرگە	كەتىپ	74
جەرگە	ىستەپ	45
جەرگە	كەلدى	64
جەرگە	كەلدىم	63
جەرگە	بارا	76
جەرگە	بارام	59
جەرگە	كەلە	47
جەرگە	سالىپ	51
جەرگە	جاتىپ	61
جەرگە	قاراپ	40
جەرگە	تۇسىپ	76
جەرگە	اپارىپ	72
جەرگە	توي	67
جەرگە	كەپ	77
جەرگە	قويىپ	77
جەرگە	كەتكەن	54
جەرگە	بارايىن	77
جەرگە	باراتىن	69
جەرگە	بارامىن	54
جەرگە	دەيىن	65
جەرگە	قويا	80
جەرگە	كىرىپ	75
جەرگە	بارامىز	56
جەرگە	بارعان	58
جەرگە	بارعاندا	69
جەرگە	ەرتىپ	46
جەرگە	كەلگەندە	55
جەرگە	بارادى	55
جەرگە	كەلدىڭ	80
جەرگە	بارسا	18
جەرگە	بارسام	78
جەرگە	بارايىق	60
جەرگە	كەلدىك	65
جەرگە	باراسىڭ	78
جەرگە	جاتا	77
جەرگە	كەلگەم	74
جەرگە	بارپ	33
جەرگە	بارساڭ	77
جەرگە	باردى	63
جەرگە	باردىڭ	73
جەرگە	باردىم	74
جەرگە	بارعالى	80
جەرگە	بارساق	67
جەرگە	كەلدىڭدەر	74
جەرگە	بارىپتى	50
جەرگە	باردىڭدار	80
جەرگە	ەندى	66
جەرگە	شىعىپ	55
جەرگە	كەلگەن	55
جەرگە	سۋ	79
جەرگە	تاستاپ	67
جەرگە	اكەپ	68
جەرگە	كەلسەڭ	49
جەرگە	بارمايمىن	63
جەرگە	بارعىم	80
جەرگە	كەلدىڭىز	67
قىزدار	سالەم	76
قىزدار	مەن	64
قىزدار	جوق	37
قىزدار	جاقسى	63
قىزدار	بىر	59
قىزدار	نە	40
قىزدار	نەعىپ	64
قىزدار	بار	67
قىزدار	راحىمەت	66
قىزدار	الىپ	77
قىزدار	كەلىپ	74
قىزدار	ەرتەڭ	74
قىزدار	بولسا	56
قىزدار	بۇگىن	42
قىزدار	قايىرلى	64
قىزدار	قايدا	53
قىزدار	وسى	53
قىزدار	امان	40
قىزدار	بارما	69
قىزدار	كوپ	59
قىزدار	مىنا	59
قىزدار	شاي	72
قىزدار	كەش	70
قىزدار	كەشتە	63
قىزدار	قابارلاسىڭىزدار	65
قىزدار	تولىق	71
قىزدار	امانسىڭدار	69
قىزدار	امانسىڭدارما	59
قىزدار	جىگىتتەر	13
قىزدار	جەكەلىككە	71
قىزدار	قالدارىڭ	58
قىزدار	جاقسىڭدار	52
قىزدار	باس	61
قىزدار	كۇپ	66
قىزدار	توپقا	24
امال	جوق	77
امال	نە	19
امال	بار	2
امال	بولسا	36
امال	بارما	46
امال	قانشا	57
امال	تاۋىپ	22
امال	بولماي	77
امال	قىل	60
امال	قىلىپ	69
امال	قالمادى	72
امال	جوققوي	65
امال	بولار	65
باعا	جوق	77
باعا	بەرىپ	19
باعا	الماي	33
باعا	يۋان	41
باعا	المايدى	27
باعا	جەتپەس	39
باعانا	مەن	38
باعانا	جوق	39
باعانا	بىر	74
باعانا	سول	30
باعانا	نە	77
باعانا	نەعىپ	67
باعانا	بار	66
باعانا	سەن	74
باعانا	الىپ	45
باعانا	كەلىپ	69
باعانا	ەرتە	42
باعانا	مەندە	47
باعانا	ماعان	51
باعانا	بارىپ	53
باعانا	ەكى	70
باعانا	مەنى	71
باعانا	نەگە	68
باعانا	سەنى	49
باعانا	ساعان	65
باعانا	تاماق	48
باعانا	ۇيگە	40
باعانا	تەلەفون	58
باعانا	ايتىپ	62
باعانا	قاربالاس	65
باعانا	ىشىپ	56
باعانا	تاعى	55
باعانا	كەتىپ	73
باعانا	بىراز	59
باعانا	كەشتە	56
باعانا	انا	65
باعانا	ۇيقتاپ	77
باعانا	كەلدىم	65
باعانا	تۇرىپ	59
باعانا	ايتقان	71
باعانا	كەلە	74
باعانا	عانا	72
باعانا	بىرەۋ	76
باعانا	تۇستە	61
باعانا	سۇيتىپ	75
باعانا	كەلگەن	69
باعانا	ەرتەرەك	76
باعانا	ۇيىقتاپ	71
باعانا	ايتتىم	70
باعانا	بارسام	46
باعانا	ايتساڭ	64
باعانا	ايتىم	60
باعانا	ايتقام	76
باعانا	كەپ	51
باعانا	كەلگەم	52
بولسادا	جانىم	74
بولسادا	مەن	71
بولسادا	دەپ	77
بولسادا	جوق	52
بولسادا	جاقسى	65
بولسادا	بولدى	47
بولسادا	بىر	68
بولسادا	سول	39
بولسادا	سەن	70
بولسادا	الىپ	67
بولسادا	ەرتەڭ	45
بولسادا	قابىل	54
بولسادا	ماعان	61
بولسادا	بارىپ	68
بولسادا	مەنى	57
بولسادا	مەنىڭ	69
بولسادا	بولا	65
بولسادا	بولادى	61
بولسادا	سەنى	75
بولسادا	ساعان	14
بولسادا	وسى	61
بولسادا	ايتىپ	76
بولسادا	بىرگە	75
بولسادا	امان	67
بولسادا	اقشا	73
بولسادا	بەرىپ	72
بولسادا	سەنىڭ	64
بولسادا	ايتەۋ	71
بولسادا	اتىپ	76
بولسادا	كوڭىل	67
بولسادا	بەرە	63
بولسادا	تاۋىپ	75
بولسادا	بولمايدى	54
بولسادا	ايتايىن	76
بولسادا	مەيلى	76
بولسادا	كوڭىلىم	59
بولسادا	كومەك	65
بولسادا	كۇمەك	71
بولسادا	كوپتەي	64
بولسادا	تاماق	73
كەتە	بەر	20
كەتە	الماي	71
كەتە	بەرەيىن	13
كەتە	سالىپ	17
كەتە	بەرەم	53
كەتە	بەرشى	42
كەتە	بەرەدى	25
كەتە	بەرسىن	47
كەتە	بەرەتىن	41
كەتە	بەرەمىن	55
كەتە	المايمىن	24
كەتە	بەرسە	27
كەتە	بەرسەڭ	50
كەتە	المايسىڭ	22
كەتە	بەردىم	43
كەتە	المايدى	37
كەتە	بەرەسىڭ	53
كەتە	بەرسەم	40
كەتە	بەرەمىز	49
كەتە	بەرەيىك	48
كەتە	بەرىڭدەر	52
كەتە	جازدادى	57
كەتە	جازدادىم	36
كەتە	جازداپ	42
كەتە	بەرەيىنبە	47
كەتەدى	عوي	40
كەتەدى	جانىم	14
كەتەدى	مەن	38
كەتەدى	دەپ	62
كەتەدى	ەكەن	20
كەتەدى	بىر	12
كەتەدى	سول	69
كەتەدى	ەندى	62
كەتەدى	قوي	70
كەتەدى	سودان	76
كەتەدى	ول	71
كەتەدى	دەيدى	70
كەتەدى	دەگەن	41
كەتەدى	ەكەنسىڭ	62
كەتەدى	ەمەسپە	70
كەتەدى	دەشى	31
كەتەدى	ەكەم	58
كەتەدى	الاڭداما	48
كەتەدى	كەيدە	71
كەتەدى	ەكەسىڭ	76
كەتەدى	ەكەنمىن	77
كەتەدى	ەرتەڭ	70
كەتەدى	بارى	76
بارات	دەپ	65
بارات	ەكەن	17
باراتىن	بولدى	16
باراتىن	بىر	29
باراتىن	بولىپ	42
باراتىن	ادام	28
باراتىن	بولسا	31
باراتىن	ەكى	69
باراتىن	كۇن	79
باراتىن	اقشا	73
باراتىن	كۇنى	61
باراتىن	جۇمىس	76
باراتىن	بوپ	70
باراتىن	شىعار	59
باراتىن	كەزدە	38
باراتىن	ەدىم	39
باراتىن	بولعان	41
باراتىن	ۋاقىت	62
باراتىن	بولدىم	41
باراتىن	جەر	22
باراتىن	ماشينا	54
باراتىن	جەرگە	19
باراتىن	قىزدار	62
باراتىن	سياقتى	58
باراتىن	بولساڭ	70
باراتىن	قۇساپ	57
باراتىن	بولدىڭ	65
باراتىن	كىسىلەر	15
باراتىن	شعار	30
باراتىن	كولىك	67
باراتىن	جولاۋشى	58
باراتىن	جولاۋشىلار	74
باراتىن	بولدىق	10
باراتىن	شىعارسىڭ	23
باراتىن	بولسام	57
باراتىن	بولدىڭبا	64
باراتىن	جەرى	79
باراتىن	بولدىما	54
باراتىن	كۇلىك	75
باراتىن	ەدىك	71
باراتىن	جەرىڭ	66
باراتىن	ماشىينا	52
باراتىن	شعارسىڭ	67
باراتىن	قاتىناس	79
باراتىن	جەرىم	66
باراتىن	كسلەر	67
باراتىن	بولساق	80
باراتىن	شىعارمىن	71
باراتىن	كىسلەر	71
باراتىن	بولعام	79
باراتىن	بولدىڭدارما	76
باراتىن	جەرىنە	64
باراتىن	جەرىڭە	78
باراتىن	شىعارمىز	57
باراتىن	بولعامىز	67
باراتىن	كىم	57
باراتىن	توي	73
باراتىن	ەدى	71
باراتىن	ادامدار	45
باراتىن	ماشينە	59
باراتىن	شاما	65
باراتىن	بولدىڭدار	72
باراتىن	بولدىقپا	72
اڭ	تاڭ	70
اڭگىمە	عوي	5
اڭگىمە	جوق	58
اڭگىمە	بولسىن	65
اڭگىمە	بولدى	25
اڭگىمە	ەكەن	74
اڭگىمە	بار	68
اڭگىمە	بولىپ	44
اڭگىمە	بولسا	68
اڭگىمە	ايت	57
اڭگىمە	ايتىپ	14
اڭگىمە	بارما	8
اڭگىمە	كوپ	72
اڭگىمە	شىعىپ	56
اڭگىمە	ايتقان	62
اڭگىمە	ايتا	78
اڭگىمە	كۇپ	30
اڭگىمە	ايتام	69
اڭگىمە	ايتشى	70
اڭگىمە	ايىت	66
اڭگىمە	ايتادى	18
اڭگىمە	ايتايىن	71
اڭگىمە	ايتپ	47
اڭگىمە	ايتپا	68
اڭگىمە	سوعىپ	66
اڭگىمە	ايتساڭ	77
اڭگىمە	ايتىڭىز	67
اڭگىمە	ايتسام	63
اڭگىمە	ايتامىن	75
اڭگىمە	ايتاتىن	64
اڭگىمە	نى	78
اڭگىمە	ايتايىق	58
اڭگىمە	سىن	18
اڭگىمە	ايتامىز	75
اڭگىمە	ايتقىم	44
اڭگىمە	ايتىڭدار	79
اڭگىمە	ايتساڭشى	67
اڭگىمە	ايتساق	75
اڭگىمە	لەسىپ	48
اڭگىمە	لەسەيىك	34
اڭگىمە	ايتايىقشى	50
اڭگىمە	ايتپاي	47
اڭگىمە	ايتۋعا	62
بەرەم	عوي	71
بەرەم	جانىم	15
بەرەم	مەن	28
بەرەم	دەپ	64
بەرەم	بىر	14
بەرەم	سول	66
بەرەم	سەن	72
بەرەم	ەندى	64
بەرەم	قوي	72
بەرەم	ەرتەڭ	66
بەرەم	ساعان	72
بەرەم	دەيدى	57
بەرەم	دوسىم	21
بەرەم	دەگەن	73
بەرەم	بىراق	27
بەرەم	دەسە	70
بەرەم	دەسەم	70
بەرەم	دەدى	72
بەرەم	دەدىم	58
بەرەم	دەگەم	55
بەرەم	دەسەڭ	72
بەرەم	الاڭداما	58
بەرەم	دەدىڭ	62
بەرەم	دەپتى	70
سياقتى	عوي	63
سياقتى	جانىم	17
سياقتى	مەن	69
سياقتى	دەپ	71
سياقتى	جاقسى	62
سياقتى	بولدى	64
سياقتى	ەكەن	74
سياقتى	بىر	40
سياقتى	بولىپ	52
سياقتى	ادام	26
سياقتى	بولسا	60
سياقتى	دەيدى	66
سياقتى	ەمەس	73
سياقتى	مىن	51
سياقتى	ەدى	72
سياقتى	بوپ	29
سياقتى	ەدىم	64
سياقتى	ەكەنسىڭ	46
سياقتى	بىرەۋ	73
سياقتى	بولاتىن	72
سياقتى	نارسە	46
سياقتى	ەدىڭ	69
سياقتى	سەزىلەدى	74
سياقتى	سىڭ	72
سياقتى	ەمەسپىن	73
جۋ	دەپ	69
جۋ	ەندى	17
جۋىپ	ەندى	25
جۋىپ	بولىپ	34
جۋىپ	جاتىر	50
جۋىپ	قوي	52
جۋىپ	ال	57
جۋىپ	الىپ	48
جۋىپ	جاتىرمىن	39
جۋىپ	تاماق	18
جۋىپ	ۇي	68
جۋىپ	وتىرمىن	75
جۋىپ	قاربالاس	68
جۋىپ	بەر	51
جۋىپ	ازىر	68
جۋىپ	جۇر	65
جۋىپ	قايتا	75
جۋىپ	الدىم	72
جۋىپ	بەرەيىن	63
جۋىپ	كەلدىم	57
جۋىپ	قويدىم	56
جۋىپ	جاڭا	60
جۋىپ	جۇرمىن	53
جۋىپ	الايىن	53
جۋىپ	بولدىم	26
جۋىپ	جاڭە	49
جۋىپ	قويىپ	50
جۋىپ	بەرەم	70
جۋىپ	قويايىن	73
جۋىپ	تاستا	57
جۋىپ	تاستاپ	16
جۋىپ	بەرەمىن	35
جۋىپ	تازالاپ	58
جۋىپ	بولدىڭبا	75
جۋىپ	جاتقام	75
جۋىپ	تاستادى	72
جۋىپ	تاستادىم	65
جۋىپ	تاستايىن	26
جۋىپ	تاستاپتى	48
جۋىپ	تاستاعان	41
جۋىپ	تاستاعام	49
جۋىپ	تاستايمىن	42
جۋىپ	تاستاپسىڭ	47
جۋىپ	ەتتىم	53
جۋىپ	تاستادىڭ	40
جۋىپ	تاستاساڭ	74
جۋىپ	تاستاشى	63
جۋىپ	شايىپ	68
جۋىپ	تاستايسىڭ	72
جۋىپ	تاستاڭىز	43
جۋىپ	تاستاعانسىڭ	73
جۋىپ	تاستاعاسىڭ	46
جۋىپ	وتىر	56
جۋىپ	كەلەيىن	74
جۋىپ	مونشاعا	48
ەكەم	عوي	77
ەكەم	جانىم	18
ەكەم	مەن	28
ەكەم	دەپ	52
ەكەم	سەن	30
ەكەم	سەنى	57
ەكەم	ەندى	52
ەكەمىز	عوي	57
ەكەمىز	دەپ	42
ەكەمىز	جاقسى	69
ەكەمىز	بىر	43
ەكەمىز	سول	19
ەكەمىز	ەندى	76
ەكەمىز	بارىپ	61
ەكەمىز	ەكى	38
ەكەمىز	وسى	36
ەكەمىز	تاماق	70
ەكەمىز	بىرگە	55
ەكەمىز	قاشان	53
ەكەمىز	ىشىپ	50
ەكەمىز	تاعى	70
ەكەمىز	بىراز	77
ەكەمىز	شاي	24
ەكەمىز	عانا	56
ەكەمىز	توي	76
ەكەمىز	جاتىرمىز	67
ەكەمىز	اڭگىمە	21
ەكەمىز	ماڭگى	64
ەكەمىز	وتىرمىز	72
ەكەمىز	بارامىز	58
ەكەمىز	ۇستىپ	51
ەكەمىز	قانا	76
ەكەمىز	بارايىق	65
ەكەمىز	كەزىگىپ	52
ەكەمىز	تەڭ	75
ەكەمىز	اڭگىمەلەسىپ	63
ەكەمىز	بىردەي	76
ەكەمىز	رەنجىسىپ	68
ەكەمىز	نە	68
ەكەمىز	دوس	56
ەكەمىز	ىشەيىك	73
ەكەمىز	بارساق	75
قايسى	جاقسى	58
قايسى	ەكەن	48
قايسى	بىر	58
قايسى	بولادى	60
قايسى	ۇي	59
قايسى	ۇيدە	66
قايسى	ۇيگە	35
قايسى	كۇنى	69
قايسى	ەدى	12
قايسى	كەزدە	70
قايسى	بالا	72
قايسى	قىز	76
قايسى	بولسادا	65
قايسى	كىسى	68
قايسى	جىگىت	61
قايسى	ەل	70
قايسى	قاتىن	50
قايسى	كۇننەن	71
قايسى	ەكەنىن	76
قايسى	بىرىن	64
قايسى	كۇنگى	72
قايسى	ۇيدەسىڭ	29
قايسى	دوسىڭ	64
قايسى	رەڭى	70
قايسى	دوحتىرحانادا	71
قايسى	ماڭايدا	59
قايسى	سەبەپتەردەن	77
قايسى	توي	43
قايسى	جەردە	77
قايسى	تويعا	61
قايسى	تاۋعا	70
قايسى	ءان	67
قايسى	تويدا	78
قايسى	مەكتەپكە	68
قايسى	رەڭ	68
قايسى	مەكتەپتە	75
قايسى	رەستۇراندا	61
دەدى	عوي	71
دەدى	مەن	9
دەدى	دەپ	43
دەدى	سول	27
دەدى	قوي	61
دەدى	يا	52
دەدى	سودان	60
دەدى	ماعان	62
دەدى	دەيدى	29
دەدى	وعان	49
دەدى	ەمەسپە	54
دەدىم	عوي	52
دەدىم	جانىم	10
دەدىم	مەن	43
دەدىم	دەپ	57
دەدىم	بولدى	71
دەدىم	بىر	54
دەدىم	سول	71
دەدىم	سەن	64
دەدىم	ەندى	67
دەدىم	قوي	74
دەدىم	وندا	60
دەدىم	يا	58
دەدىم	سودان	71
دەدىم	ول	54
دەدىم	ساعان	70
دەدىم	دەيدى	57
دەدىم	بىراق	69
دەدىم	باسقا	68
دەدىم	وعان	64
دەدىم	ودان	69
جاس	دەپ	64
جاس	ەكەن	67
جاس	بولىپ	38
جاس	قوي	53
جاس	ادام	30
جاس	بولسا	49
جاس	دەگەن	60
جاس	ەمەس	64
جاس	كەز	19
جاس	كەزدە	55
جاس	بالا	54
جاس	ەكەنسىڭ	37
جاس	ۇلكەن	46
جاس	قىز	67
جاس	قىزدار	18
جاس	ماڭگى	67
جاس	بالالار	37
جاس	جىگىت	60
جاس	باقىتتى	66
جاس	سيىر	67
جاس	باقتتى	65
جاس	بالانى	18
جاس	كىشى	54
جاس	بالانىڭ	50
جاس	بالاعا	57
جاس	كەلىنشەك	65
جاس	كەلنشەك	63
جاس	كشى	62
جاس	كەزىندە	66
جاس	توقتاماي	63
جاس	اعىپ	60
جاس	بالامەن	64
جاس	كەزىڭ	64
جاس	كەزىڭدە	65
جاس	كەزىم	56
جاس	شاماسى	58
جاس	كەزىمدە	67
جاس	بولعان	56
جاس	ەمەسپە	35
جاس	كەلىن	36
جاس	شەكتەمەسى	67
جاس	ارالىعىنداعى	65
جاس	شاماڭىز	66
جاسا	دەپ	65
جاساپ	بىر	16
جاساپ	ەندى	75
جاساپ	بولىپ	67
جاساپ	جاتىر	63
جاساپ	جاتىرسىڭ	20
جاساپ	قوي	55
جاساپ	ال	49
جاساپ	الىپ	40
جاساپ	جاتىرمىن	46
جاساپ	وتىرمىن	61
جاساپ	كەتتى	15
جاساپ	قاربالاس	48
جاساپ	ىشىپ	73
جاساپ	بەر	74
جاساپ	بەرىپ	44
جاساپ	ازىر	72
جاساپ	جۇر	51
جاساپ	الدى	36
جاساپ	الدىم	70
جاساپ	بەرە	67
جاساپ	بەرەيىن	62
جاساپ	قويدىم	64
جاساپ	جۇرمىن	30
جاساپ	الايىن	73
جاساپ	بولعان	56
جاساپ	الدىڭبا	55
جاساپ	بولدىم	50
جاساپ	جاتقان	63
جاساپ	قويىپ	41
جاساپ	كەتكەن	66
جاساپ	جاتىرمىز	61
جاساپ	جۇرگەن	62
جاساپ	العان	71
جاساپ	بەرەم	60
جاساپ	جەپ	40
جاساپ	بەرشى	63
جاساپ	بەرەدى	53
جاساپ	قويايىن	52
جاساپ	بەرەتىن	55
جاساپ	بەرەمىن	62
جاساپ	بەرسەڭ	56
جاساپ	بەرگەن	72
جاساپ	الساڭ	65
جاساپ	بەردىم	53
جاساپ	شىپ	76
جاساپ	جاتىرسىڭبا	59
جاساپ	العام	69
جاساپ	بولدىڭبا	64
جاساپ	قويعان	67
جاساپ	بەرەسىڭ	75
جاساپ	قويىپتى	57
جاساپ	الايىق	72
جاساپ	جاتقام	75
جاساپ	الساق	72
جاساپ	سول	76
جاساپ	اجىراسىپ	71
جاساپ	العانمىن	68
جالعىز	عوي	79
جالعىز	مەن	75
جالعىز	ەكەن	77
جالعىز	بىر	58
جالعىز	سەن	74
جالعىز	بولىپ	66
جالعىز	جاتىر	65
جالعىز	الىپ	75
جالعىز	كەل	71
جالعىز	ادام	77
جالعىز	بارىپ	56
جالعىز	جاتىرمىن	62
جالعىز	تاماق	31
جالعىز	ۇيدە	73
جالعىز	وتىرمىن	58
جالعىز	قالدى	38
جالعىز	ەمەس	74
جالعىز	ۇزى	63
جالعىز	ۇزىڭ	72
جالعىز	ىشىپ	62
جالعىز	كەتىپ	52
جالعىز	شاي	67
جالعىز	ىستەپ	35
جالعىز	قايتىپ	66
جالعىز	وزى	57
جالعىز	وزىڭ	71
جالعىز	قالدىم	67
جالعىز	جۇرمىن	66
جالعىز	بارا	61
جالعىز	بارام	72
جالعىز	بولعان	75
جالعىز	جاتىپ	74
جالعىز	قالعان	63
جالعىز	جاتقان	68
جالعىز	جۇرە	75
جالعىز	جۇرگەن	74
جالعىز	جۇرىپ	39
جالعىز	ۇزىم	76
جالعىز	بولساڭ	66
جالعىز	قالادى	45
جالعىز	تاستاپ	74
جالعىز	وزىم	46
جالعىز	وتىرىپ	58
جالعىز	قالىپ	71
جالعىز	بولسام	45
جالعىز	جاتىرسىڭبا	78
جالعىز	جاتا	67
جالعىز	كەلەسىڭبە	59
جالعىز	وتىرسىڭبا	68
جالعىز	باراسىڭبا	69
جالعىز	باردىڭبا	46
جالعىز	ءوزىم	57
جالعىز	تۇسكەن	72
جالعىز	جۇرسىڭبە	72
جالعىز	كەلدىڭبە	69
جالعىز	جاتقاندا	70
جالعىز	زەرىگىپ	76
جالعىز	سىڭبا	65
جالعىز	ەمەسسىڭ	78
جالعىز	سىراپ	73
جالعىز	دەپ	59
جالعىز	نە	64
جالعىز	نەعىپ	75
جالعىز	كەلىپ	64
جالعىز	كەلە	71
جالعىز	بارامىن	66
جالعىز	بارسام	72
جالعىز	ەمەسپىن	54
جالعىز	قالعاندا	38
تاتتى	عوي	73
تاتتى	جانىم	35
تاتتى	بولسىن	50
تاتتى	ەكەن	20
تاتتى	سول	37
تاتتى	بولىپ	46
تاتتى	الىپ	22
تاتتى	بولادى	54
تاتتى	بوپ	41
تاتتى	بولعان	51
تاتتى	قىز	46
تاتتى	قىزدار	60
تاتتى	تاتتى	14
تاتتى	ۇيقى	64
تاتتى	قىزىم	57
تاتتى	كەمپىرىم	49
تاتتى	قۇلىن	47
تاتتى	قۇلىنىم	20
تاتتى	شالىم	45
تاتتى	كۇشىگىم	45
تاتتى	كەلنشەگىم	64
تاتتى	جۇرەگىم	60
تاتتى	ەدىڭ	58
تاتتى	كۇشىك	50
تاتتى	قوزىم	64
تاتتى	ارۋ	63
تاتتى	قۇلىندار	59
تاتتىم	جانىم	42
تاتتىم	مەن	62
تاتتىم	سول	72
تاتتىم	نەعىپ	11
تاتتىم	مەنىڭ	65
تاتتىم	سەنى	9
تاتتىم	اۋ	70
تاتتىم	جۇرەگىم	71
تاتتىم	تاتتىم	67
تاتتىم	سۇيەم	75
تاتتىم	اياۋلىم	78
تاتتىم	ماڭگى	44
تاتتىم	اينالايىن	32
تاتتىم	ساعىندىم	62
تاتتىم	تاپ	43
تاتتىم	قۇلنىم	44
تاتتىم	اپپاعىم	59
تاتتىم	شۇيلەشى	56
بولات	دەپ	73
بولات	جاقسى	25
بولات	ەكەن	39
بولات	دەگەن	16
بولات	ايتەۋ	41
بولات	اعا	36
بولاتىن	عوي	40
بولاتىن	جانىم	59
بولاتىن	مەن	73
بولاتىن	دەپ	60
بولاتىن	بولدى	73
بولاتىن	بىر	19
بولاتىن	سول	63
بولاتىن	سەن	44
بولاتىن	ەندى	77
بولاتىن	بولىپ	64
بولاتىن	ادام	68
بولاتىن	بولسا	53
بولاتىن	بۇگىن	50
بولاتىن	سودان	62
بولاتىن	ول	55
بولاتىن	وسى	63
بولاتىن	ەمەس	77
بولاتىن	بىراق	65
بولاتىن	ەدى	74
بولاتىن	ازىر	76
بولاتىن	ىس	68
بولاتىن	شىعار	75
بولاتىن	وعان	70
بولاتىن	بالا	15
بولاتىن	سونى	65
بولاتىن	ەدىم	75
بولاتىن	قازىر	43
بولاتىن	بولدىم	43
بولاتىن	سوعان	75
بولاتىن	سياقتى	43
بولاتىن	نارسە	36
بولاتىن	بولدىڭ	68
بولاتىن	شعار	57
بولاتىن	بولدىق	47
بولاتىن	شىعارسىڭ	66
بولاتىن	ۇقسايدى	77
بولاتىن	جەرى	60
بولاتىن	سىياقتى	72
بولاتىن	وقشايدى	67
بولاتىن	بالامىز	70
بولاتىن	كۇن	73
بولاتىن	كەشە	17
بولاتىن	كەلىن	69
جەپ	بولدى	75
جەپ	بىر	58
جەپ	بولىپ	75
جەپ	جاتىر	53
جەپ	ال	26
جەپ	الىپ	21
جەپ	تۇر	26
جەپ	جاتىرمىن	62
جەپ	وتىر	65
جەپ	وتىرمىن	40
جەپ	كەت	58
جەپ	كەتتى	71
جەپ	ىش	29
جەپ	ىشىپ	62
جەپ	شاي	57
جەپ	جۇر	58
جەپ	الدى	51
جەپ	الدىم	56
جەپ	قويدى	67
جەپ	ەدىم	46
جەپ	جۇرمىن	62
جەپ	الايىن	75
جەپ	بولعان	20
جەپ	الدىڭبا	54
جەپ	بولدىم	75
جەپ	جاتقان	68
جەپ	قويىپ	65
جەپ	جاتىرمىز	72
جەپ	جۇرگەن	63
جەپ	العان	63
جەپ	جەپ	63
جەپ	وتىرمىز	54
جەپ	قويا	46
جەپ	وتىرسىڭ	59
جەپ	وتىرىپ	61
جەپ	وتىرعان	74
جەپ	الادى	66
جەپ	بولدىق	75
جەپ	قويدىڭ	60
جەپ	قويعان	60
جەپ	الدىق	63
جەپ	الايىق	75
جەپ	قويام	47
جەپ	كەلەيىك	64
جەپ	قويادى	71
جەپ	قوياتىن	71
جەپ	تويىپ	61
جەپ	الىڭدار	69
جەپ	العىم	73
جەپ	قوياتىنداي	72
جەپ	ويناپ	72
جەپ	وتىرسىڭبا	58
جەپ	قويماسىن	59
جۇرىپ	جاقسى	67
جۇرىپ	بىر	64
جۇرىپ	ەندى	44
جۇرىپ	جاتىر	69
جۇرىپ	جاتىرسىڭ	39
جۇرىپ	ال	76
جۇرىپ	الىپ	72
جۇرىپ	كەل	59
جۇرىپ	كەلىپ	71
جۇرىپ	تۇر	72
جۇرىپ	مەنى	49
جۇرىپ	جاتىرمىن	74
جۇرىپ	كەتتى	76
جۇرىپ	تاعى	71
جۇرىپ	جۇر	70
جۇرىپ	قايتىپ	48
جۇرىپ	الدى	65
جۇرىپ	كەتتىم	73
جۇرىپ	كەلدىم	68
جۇرىپ	ەدىم	63
جۇرىپ	جۇرمىن	67
جۇرىپ	بارا	74
جۇرىپ	كەلە	62
جۇرىپ	الدىڭ	68
جۇرىپ	جاتقان	72
جۇرىپ	كەتكەن	74
جۇرىپ	شارشاپ	19
جۇرىپ	جاتىرمىز	52
جۇرىپ	جۇرگەن	61
جۇرىپ	جۇرىپ	58
جۇرىپ	ارەڭ	56
جۇرىپ	تۇرعان	40
جۇرىپ	ۇمىتىپ	57
جۇرىپ	جاتىرسىڭبا	56
جۇرىپ	كەلەم	20
جۇرىپ	كەلەيىن	75
جۇرىپ	ۇيرەنىپ	65
جۇرىپ	جاتىرسىڭدارما	74
جۇرىپ	كەلەيىك	63
جۇرىپ	جاتىرما	54
جۇرىپ	كەتتىك	50
جۇرىپ	ءارەڭ	67
جۇرىپ	جاتىرسىزدارما	76
جۇرىپ	جاتىرسىزبا	58
جۇرىپ	وسى	40
جۇرىپ	كەتىپ	58
جۇرىپ	بىرگە	65
جۇرىپ	كەتتىڭ	73
جۇرىپ	كەتتىڭبە	70
جۇرىپ	كەتەيىك	76
جۇرىپ	كەتىك	76
بارىن	مەن	72
بارىن	جاقسى	46
بارىن	بىر	65
بارىن	سول	48
بارىن	سەن	68
بارىن	الىپ	51
بارىن	ماعان	45
بارىن	ساعان	55
بارىن	ايتىپ	56
بارىن	بىراق	29
بارىن	ۇزىڭ	62
بارىن	قويشى	58
بارىن	بەرىپ	53
بارىن	ىستەپ	60
بارىن	جولداپ	70
بارىن	وزىڭ	61
بارىن	اتىپ	55
بارىن	كورىپ	63
بارىن	ايتا	52
بارىن	ۋاقىت	68
بارىن	قوسىپ	61
بارىن	سۇراپ	51
بارىن	ايتام	56
بارىن	ويلاپ	70
بارىن	كۇرىپ	72
بارىن	جۋىپ	58
بارىن	ۇزىم	50
بارىن	ستەپ	48
بارىن	تاستاپ	72
بارىن	وزىم	71
بارىن	بىلەدى	69
بارىن	مەنەن	69
بارىن	اشىق	69
بارىن	ايتتىم	49
بارىن	بىلەم	69
بارىن	ۇمىتىپ	60
بارىن	ساتىپ	36
بارىن	بىلىپ	59
بارىن	بىلەسىڭ	55
بارىن	ايتتا	60
بارىن	ەستىپ	71
بارىن	ايتىم	66
بارىن	جۇىپ	63
بارىن	تۇسىنىپ	65
بارىن	بىلەمىن	67
بارىن	بىلەتىن	73
بارىن	تۇسىنەم	75
بارىن	دايىنداپ	72
بارىن	ىستەيمىن	61
بارىن	تۇسىندىم	61
بارىن	شەشەدى	74
بارىن	ىستەۋگە	73
سونداي	عوي	63
سونداي	دەپ	22
سونداي	بولسىن	39
سونداي	جاقسى	49
سونداي	بولدى	19
سونداي	ەكەن	45
سونداي	بىر	17
سونداي	بولىپ	50
سونداي	قوي	30
سونداي	ادام	73
سونداي	بولسا	36
سونداي	بولادى	45
سونداي	دەيدى	22
سونداي	كۇن	54
سونداي	قاربالاس	72
سونداي	بولاما	58
سونداي	بوپ	73
سونداي	شىعار	58
سونداي	كەزدە	61
سونداي	قاتتى	72
سونداي	بولعان	67
سونداي	كەرەمەت	59
سونداي	جامان	66
سونداي	بولسادا	57
سونداي	سياقتى	32
سونداي	بولاتىن	36
سونداي	سوز	56
سونداي	جاعداي	73
سونداي	ادەمى	75
سونداي	مەكەن	71
سونداي	ۇقسايدى	60
سونداي	جەرى	48
سونداي	بولۋ	63
سونداي	سىياقتى	73
سونداي	جەك	66
سونداي	وقشايدى	63
سونداي	وقسايدى	58
سونداي	سۇز	64
سۇيت	جانىم	72
سۇيت	ەندى	15
سۇيت	وندا	45
سۇيتى	عوي	14
سۇيتىپ	بىر	9
سۇيتىپ	جاتىر	49
سۇيتىپ	قوي	44
سۇيتىپ	تۇر	65
سۇيتىپ	جاتىرمىن	43
سۇيتىپ	ايت	56
سۇيتىپ	ايتى	56
سۇيتىپ	ايتىپ	65
سۇيتىپ	وتىر	22
سۇيتىپ	وتىرمىن	45
سۇيتىپ	قالدى	67
سۇيتىپ	جۇر	73
سۇيتىپ	قالدىم	30
سۇيتىپ	ايتتى	58
سۇيتىپ	ايتقان	63
سۇيتىپ	جۇرمىن	52
سۇيتىپ	ايتا	75
سۇيتىپ	تۇرمىن	38
سۇيتىپ	جاتقان	40
سۇيتىپ	ويلاپ	54
سۇيتىپ	جۇرە	39
سۇيتىپ	جۇرگەن	69
سۇيتىپ	جۇرىپ	43
سۇيتىپ	سۇيتىپ	55
سۇيتىپ	تۇرعان	68
سۇيتىپ	قالادى	72
سۇيتىپ	جازىپ	51
سۇيتىپ	ايتادى	73
سۇيتىپ	ايتتىم	45
سۇيتىپ	وتىرعان	66
سۇيتىپ	ايتايىن	60
سۇيتىپ	ايتاسىڭ	67
سۇيتىپ	ايتسا	71
سۇيتىپ	ايتساڭ	73
سۇيتىپ	ايتسام	57
سۇيتىپ	قالاسىڭ	65
سۇيتىپ	جۇرەدى	71
سۇيتىپ	قالساڭ	55
سۇيتىپ	ويلايمىن	72
سۇيتىپ	ويلادىم	72
سۇيتىپ	ويلاعام	73
سۇيتىپ	ايتاما	61
سۇيتىپ	كەتىپ	58
سۇيتىپ	قالدىڭ	75
سۇيتىپ	جۇرسەڭ	58
سۇيتىپ	جۇرپ	70
وراز	ايت	71
وراز	ايتتىڭ	10
وراز	ايتقا	21
وراز	ايتىڭ	31
وراز	ايىت	12
وراز	ايتتا	16
وراز	ايتتارىڭ	41
وراز	ايتتارىڭىز	18
وراز	ايتىڭىز	13
وراز	ايتارىڭ	18
وراز	ايتارىڭىز	27
وراز	ايتڭىز	20
ورازا	قابىل	46
ورازا	ايت	33
ورازا	ايتتىڭ	11
ورازا	ايتقا	31
ورازا	ايتىڭ	45
ورازا	ايى	13
ورازا	ايىت	51
ورازا	ۇستاپ	14
ورازا	ايتتا	64
ورازا	ايتتارىڭ	59
ورازا	ايتتارىڭىز	19
ورازا	ايتىڭىز	10
ورازا	ايتارىڭ	18
ورازا	ايتتىق	36
ورازا	ايتارىڭىز	73
ورازا	ايتڭ	20
ورازا	ايتڭىز	60
ورازا	ايىندا	52
ورازا	ايتتارڭىز	41
ورازا	ايتارڭىز	54
ورازا	ايىتتارىڭ	67
ورازا	ايىتىڭ	64
ورازا	ايندا	76
جۇرسىڭ	عوي	66
جۇرسىڭ	جانىم	13
جۇرسىڭ	مەن	25
جۇرسىڭ	دەپ	59
جۇرسىڭ	سەن	77
جۇرسىڭ	ەندى	57
جۇرسىڭ	قوي	72
جۇرسىڭ	وندا	69
جۇرسىڭ	مەنى	65
جۇرسىڭ	ول	73
جۇرسىڭ	دەيدى	62
جۇرسىڭ	دوسىم	70
جۇرسىڭ	امان	67
جۇرسىڭ	سوندا	64
جۇرسىڭ	ەي	61
جۇرسىڭ	ەمەسپە	55
جۇرسىڭ	بىلەم	60
جۇرسىڭ	نە	43
ءالى	جوق	13
ءالى	جاقسى	29
ءالى	بىر	48
ءالى	سول	53
ءالى	بار	53
ءالى	ەرتە	29
ءالى	ەكى	48
ءالى	تاماق	77
ءالى	وتىر	65
ءالى	وتىرمىن	65
ءالى	اق	57
ءالى	بارما	72
ءالى	قاربالاس	47
ءالى	ىشىپ	69
ءالى	ىستەپ	74
ءالى	جۇر	65
ءالى	ۇيقتاپ	65
ءالى	اۋىرىپ	77
ءالى	جۇرمىن	56
ءالى	قابار	69
ءالى	بولعان	65
ءالى	كەلگەن	73
ءالى	توسىپ	55
ءالى	وتىرمىز	67
ءالى	ۇيىقتاپ	54
ءالى	تالاي	58
ءالى	تولىق	46
ءالى	شىققان	71
ءالى	كەلمەدى	75
ءالى	وتىرسىڭبا	35
ءالى	بەرمەدى	76
ءالى	شىقپادى	69
ءالى	ۇيقتامادىڭبا	71
ءالى	ۇيقتاماپسىڭ	71
ءالى	قايتپادىڭبا	73
ءالى	جاتىرمىن	67
ءالى	توي	60
ءالى	شاي	61
ءالى	ويناپ	75
ءالى	الدا	66
ءالى	جوقسىڭ	74
ءالى	حابار	72
ءالى	قايتپادىم	62
ءالى	تۇرمادىڭبا	68
قاتە	عوي	72
قاتە	دەپ	42
قاتە	بولسىن	40
قاتە	بولدى	57
قاتە	ەكەن	27
قاتە	بولىپ	74
قاتە	بولسا	36
قاتە	بولادى	45
قاتە	ايتىپ	71
قاتە	ەمەس	42
قاتە	كەتىپ	41
قاتە	جولداپ	47
قاتە	اتىپ	59
قاتە	بوپ	77
قاتە	كورىپ	68
قاتە	بولعان	63
قاتە	قوسىپ	67
قاتە	ويلاپ	53
قاتە	بولىپتى	69
قاتە	كۇرىپ	26
قاتە	بولسادا	69
قاتە	سويلەپ	72
قاتە	بوپتى	36
قاتە	باسىپ	74
قاتە	سۇيلەپ	18
قاتە	جازىپ	58
قاتە	ۇرىپ	41
قاتە	ەستىپ	68
قاتە	بولپتى	71
قاتە	ەكەنىن	57
قاتە	وقىپ	12
قاتە	بولدىما	60
قاتە	تۇسىنىپ	42
قاتە	جازىلىپ	67
قاتە	باسىلىپ	33
قاتە	ويلاما	37
قاتە	تۇسىنبە	43
قاتە	تۇسنىپ	43
قاتە	تانىپ	65
قاتە	ويلايدى	35
قاتە	تۇسىنەدى	61
قاتە	تۇسنبە	48
قاتە	تۇسىنەسىڭ	59
قاتە	جولدانىپ	75
قاتە	تۇسىنسەڭ	67
قاتە	جازلىپ	74
قاتە	ويلاماشى	46
قاتە	تۇسنەدى	76
قاتە	تۇسىنبەشى	65
قاتە	ىستەپ	20
قاتە	تۇسىنىك	57
قاتە	تۇسىنبەڭىز	54
نارسە	عوي	68
نارسە	دەپ	26
نارسە	جوق	26
نارسە	ەكەن	65
نارسە	بار	30
نارسە	بولىپ	19
نارسە	الىپ	72
نارسە	بولسا	16
نارسە	ول	73
نارسە	قايدا	39
نارسە	ەمەس	51
نارسە	بارما	69
نارسە	كوپ	29
نارسە	بەرىپ	57
نارسە	ەدى	63
نارسە	جولداپ	69
نارسە	الدى	64
نارسە	الدىم	70
نارسە	كەرەك	62
نارسە	الايىن	40
نارسە	اپارىپ	53
نارسە	ويلاپ	59
نارسە	العان	72
نارسە	جەپ	72
نارسە	الام	57
نارسە	اكەپ	49
نارسە	ايتايىن	59
نارسە	الامىن	64
نارسە	سۇرايىن	61
نارسە	العالى	60
نارسە	ويلاما	61
نارسە	جەگىم	65
نارسە	جولداما	73
نارسە	كوتەرمە	65
نارسە	ويلاماي	64
نارسە	سۇرايىنشى	65
ماڭگى	جانىم	59
ماڭگى	جوق	53
ماڭگى	جاقسى	73
ماڭگى	بىر	48
ماڭگى	سول	70
ماڭگى	سەن	74
ماڭگى	مەنىڭ	64
ماڭگى	سەنى	64
ماڭگى	ساعان	53
ماڭگى	وسى	66
ماڭگى	بىرگە	71
ماڭگى	امان	75
ماڭگى	سەنىڭ	71
ماڭگى	ماڭگى	38
ماڭگى	سولاي	21
ماڭگى	اشىق	9
ماڭگى	باقىت	71
ماڭگى	باقىتتى	65
ماڭگى	ۇستىپ	70
ماڭگى	باي	71
ماڭگى	سۇيەم	65
ماڭگى	سۇيىپ	16
ماڭگى	باقتتى	76
ماڭگى	سۇيەمىن	38
ماڭگى	قاسىڭدا	17
ماڭگى	ادال	76
ماڭگى	وسىلاي	58
ماڭگى	باقتى	76
ماڭگى	ايالاپ	70
ماڭگى	جۇرەگىمدە	77
ماڭگى	گۇلدەي	54
ماڭگى	ادالمىن	67
ماڭگى	ۇمىتپايمىن	75
ماڭگى	ايىرلمايمىن	73
ماڭگى	وسىنداي	60
ماڭگى	قۇرمەتتەيمىن	65
بىل	جانىم	45
بىل	مەن	18
بىل	دەپ	30
بىل	نە	45
بىل	ەندى	58
بىل	وندا	42
بىل	دەگەن	58
بىل	بىراق	44
بىل	دەدىم	47
بىل	قالاي	30
بىلاي	دەپ	58
بىلاي	بولىپ	76
بىلاي	شىعىپ	70
بىلاي	دەشى	68
بىلاي	بىلاي	24
بىلاي	دەڭىز	78
بىلاي	تۇرسىن	11
بىلاي	دەىڭىز	69
بىلاي	جاقسى	63
بىلاي	دەيعوي	56
بىلاي	دەجانىم	72
ەڭ	عوي	71
ەڭ	جوق	64
ەڭ	جاقسى	60
ەڭ	كوپ	13
ەڭ	از	62
ەڭ	الدى	68
ەڭ	تەز	56
ەڭ	اۋىر	72
ەڭ	جاڭا	75
ەڭ	قيىن	51
ەڭ	دۇرىس	59
ەڭ	مىقتى	70
ەڭ	ۇلكەن	58
ەڭ	كەرەمەت	54
ەڭ	جامان	28
ەڭ	بولماسا	45
ەڭ	تاتتى	63
ەڭ	ارتى	60
ەڭ	باقىتتى	73
ەڭ	جاقىن	66
ەڭ	ادەمى	38
ەڭ	الدىمەن	63
ەڭ	ارتىنان	73
ەڭ	باقتتى	23
ەڭ	ارزان	54
ەڭ	جوعارى	66
ەڭ	بىرىنشى	69
ەڭ	قىمبات	67
ەڭ	جاقسسى	63
ەڭ	سۇلۋ	34
ەڭ	سوڭعى	48
ەڭ	تومەن	52
ەڭ	جەك	58
ەڭ	تۇمەن	12
ەڭ	ماڭىزدى	17
ەڭ	اۋەلى	42
ەڭ	جاقسىسى	61
ەڭ	بولماعاندا	69
ەڭ	ارتىندا	62
ەڭ	ۇلكەنى	47
ەڭ	الدمەن	62
ەڭ	العاش	56
ەڭ	سوڭى	74
ەڭ	سوڭىندا	70
ەڭ	العاشقى	42
ەڭ	باستىسى	45
ەڭ	تومەنگى	60
ەڭ	جامانى	54
ەڭ	باستسى	61
ەڭ	ارزانى	65
ەڭ	اقىرعى	65
ەڭ	ماڭىزدىسى	68
ەڭ	سوڭعىسى	67
ەڭ	تومەنى	67
ەڭ	كۇشتى	67
الگى	مەن	64
الگى	بىر	61
الگى	سەن	38
الگى	ادام	68
الگى	ەكى	51
الگى	مەنىڭ	72
الگى	قايدا	54
الگى	اقشا	73
الگى	جۇمىس	57
الگى	كەزدە	50
الگى	بالا	56
الگى	قارا	65
الگى	قالعان	55
الگى	قىز	57
الگى	جەرگە	67
الگى	نارسە	44
الگى	كىسى	71
الگى	بىزدىڭ	55
الگى	جىندى	73
الگى	اقشانى	63
الگى	جىگىت	60
الگى	قاتىن	20
الگى	ايەل	59
الگى	ەكەۋى	73
الگى	كسى	73
الگى	اقشاڭدى	65
الگى	نارسەنى	66
الگى	دوسىڭ	70
الگى	پۇلدى	61
الگى	دارىنى	70
الگى	جۇمىستى	55
الگى	دوسىم	56
بارامىن	عوي	73
بارامىن	جانىم	15
بارامىن	مەن	19
بارامىن	دەپ	72
بارامىن	بىر	16
بارامىن	سول	62
بارامىن	سەن	54
بارامىن	ەندى	67
بارامىن	قوي	73
بارامىن	وندا	73
بارامىن	ەرتەڭ	75
بارامىن	بۇگىن	65
بارامىن	ساعان	75
بارامىن	دەيدى	67
بارامىن	ۇيگە	30
بارامىن	دوسىم	67
بارامىن	دەگەن	75
بارامىن	ازىر	77
بارامىن	سوندا	68
بارامىن	دەسەم	70
بارامىن	دەدىم	75
بارامىن	بۇيىرسا	66
بارامىن	دەسەڭ	51
بارامىن	بۇيرسا	72
بارامىن	سەنى	73
بارامىن	بولاما	53
بارامىن	بىراز	76
بارامىن	كەشتە	76
بارامىن	قازىر	66
ونداي	دەپ	31
ونداي	جوق	76
ونداي	جاقسى	63
ونداي	بىر	51
ونداي	بولىپ	55
ونداي	ادام	40
ونداي	بولسا	21
ونداي	بولادى	21
ونداي	كۇن	51
ونداي	اقشا	54
ونداي	ەمەس	60
ونداي	قاربالاس	55
ونداي	وي	15
ونداي	كوپ	57
ونداي	ىس	46
ونداي	جۇمىس	52
ونداي	كەزدە	74
ونداي	قاتتى	62
ونداي	ەشتەڭە	75
ونداي	ۇلكەن	71
ونداي	كۇپ	44
ونداي	جەر	75
ونداي	جامان	72
ونداي	بولماي	53
ونداي	بولمايدى	75
ونداي	بولماسا	62
ونداي	جەرگە	60
ونداي	اڭگىمە	71
ونداي	نارسە	39
ونداي	ونداي	74
ونداي	وڭاي	62
ونداي	جىندى	46
ونداي	جىگىت	63
ونداي	باقىت	41
ونداي	سوز	59
ونداي	جاعداي	72
ونداي	ەشتەمە	49
ونداي	ادامدى	68
ونداي	سۇز	56
ونداي	جۇرەك	62
ونداي	ىستەر	69
ونداي	وراي	50
ونداي	ادامدار	57
ونداي	جەرى	65
ونداي	ارام	74
ونداي	ەمەسپىن	71
ونداي	نارسەنى	60
ونداي	ويىڭ	71
ونداي	ويىم	68
ونداي	ويلاما	48
ونداي	تالەي	60
ونداي	ويدا	75
ونداي	جان	76
ونداي	بوپ	71
ونداي	قاتە	35
ونداي	اقىماق	66
بەكەر	عوي	67
بەكەر	مەن	18
بەكەر	بولدى	62
بەكەر	ەكەن	16
بەكەر	بىر	18
بەكەر	سول	73
بەكەر	بولىپ	72
بەكەر	ادام	46
بەكەر	بارىپ	57
بەكەر	جاتىرمىن	69
بەكەر	ۇيدە	51
بەكەر	وتىرمىن	68
بەكەر	اق	53
بەكەر	اقشا	65
بەكەر	ەمەس	63
بەكەر	بوپ	55
بەكەر	بولعان	71
بەكەر	جاتىپ	62
بەكەر	ەمەسپە	74
بەكەر	جاتقان	60
بەكەر	بولىپتى	58
بەكەر	جۇرگەن	66
بەكەر	بولساڭ	73
بەكەر	بوپتى	64
بەكەر	ايتپاعان	64
بەكەر	جۇرگەنشە	74
بەكەر	جاتقانشا	71
بەكەر	وتىرعانشا	50
بەكەر	قاراپ	68
بەكەر	جاتپاي	62
بەكەر	ايتباعان	63
امانسىز	مەن	74
امانسىز	امان	39
امانسىز	اعا	34
امانسىز	جەجە	34
امانسىز	دار	16
امانسىزبا	مەن	31
امانسىزبا	جاقسى	46
امانسىزبا	نەعىپ	65
امانسىزبا	راحىمەت	62
امانسىزبا	ماقۇل	52
امانسىزبا	يا	57
امانسىزبا	بۇگىن	75
امانسىزبا	سودان	75
امانسىزبا	ماعان	72
امانسىزبا	قايىرلى	70
امانسىزبا	امان	71
امانسىزبا	اعا	74
امانسىزبا	جەجە	46
امانسىزبا	اپەكە	28
امانسىزبا	جەڭگە	45
امانسىزبا	دەنساۋلىعىڭىز	64
امانسىزبا	ەرتەڭ	72
امانسىزبا	توي	53
امانسىزبا	مىنا	49
ار	بىر	54
ار	ادام	29
ار	كىم	41
ار	كۇنى	15
ار	قاشان	45
ار	قانداي	33
ار	كەز	25
ار	ۋاقىت	36
ار	جاققا	18
ار	تۇرلى	49
ار	ايدىڭ	27
ار	جولى	32
ار	ايدا	34
ار	ادامنىڭ	50
ار	جاعىنان	29
ار	جاعىندا	41
ار	دايىم	36
ار	نارسەنىڭ	44
ار	جاعىڭدا	36
ارەڭ	جاقسى	48
ارەڭ	بىر	56
ارەڭ	الىپ	24
ارەڭ	تۇر	63
ارەڭ	بارىپ	56
ارەڭ	ەكى	61
ارەڭ	جاتىرمىن	69
ارەڭ	وتىر	62
ارەڭ	وتىرمىن	63
ارەڭ	كەتتى	52
ارەڭ	كەتىپ	75
ارەڭ	ىستەپ	73
ارەڭ	جۇر	69
ارەڭ	الدىم	69
ارەڭ	كەلدى	60
ارەڭ	كەلدىم	60
ارەڭ	تۇرىپ	35
ارەڭ	تاۋىپ	58
ارەڭ	جۇرمىن	73
ارەڭ	كەلە	19
ارەڭ	تۇرمىن	55
ارەڭ	بولدىم	65
ارەڭ	جۇرگەن	46
ارەڭ	جۇرسىڭ	54
ارەڭ	ارەڭ	73
ارەڭ	سويلەپ	65
ارەڭ	تۇرعان	65
ارەڭ	سۇيلەپ	72
ارەڭ	جازىپ	67
ارەڭ	جاۋاپ	75
ارەڭ	بولدىق	62
ارەڭ	بەردى	71
ارەڭ	ۇيقتادى	63
ارەڭ	ۇيقتادىم	71
ارەڭ	كەلدىك	58
ارەڭ	شىقتى	72
ارەڭ	شىقتىم	66
ارەڭ	باعىپ	48
ارەڭ	تۇردىم	62
ارەڭ	جۇرگەندە	72
ارەڭ	جۇردىم	42
ارەڭ	تاپقان	68
ارەڭ	شىداپ	72
ارەڭ	وتىردىم	38
ارەڭ	تاپتىم	50
ارەڭ	شداپ	42
ارەڭ	جەتتىم	75
ارەڭ	قوستىڭ	75
ارەڭ	ۇلگىرىپ	63
ارەڭ	سويلەيسىڭ	56
ارەڭ	سۇيلەيسىڭ	65
ارەڭ	سويلەدىڭ	67
ارەڭ	سۇيلەدىڭ	59
ارەڭ	جەتتىك	69
ارەڭ	قۇتىلدىم	62
ارەڭ	شىدادىم	67
ارەڭ	ۇلگىردىم	68
ارەڭ	قالدى	31
ارەڭ	كەتتىم	45
ارەڭ	جۇرىپ	73
ارەڭ	دەگەندە	70
وينا	جانىم	82
وينا	دەپ	18
وينا	وندا	28
ويناپ	جاتىر	81
ويناپ	ال	45
ويناپ	الىپ	62
ويناپ	كەل	64
ويناپ	تۇر	71
ويناپ	بارىپ	76
ويناپ	جاتىرمىن	75
ويناپ	وتىر	53
ويناپ	وتىرمىن	47
ويناپ	كەتتى	63
ويناپ	كەتىپ	44
ويناپ	جۇر	62
ويناپ	قايت	69
ويناپ	كەتتىم	23
ويناپ	جۇرمىن	81
ويناپ	الايىن	45
ويناپ	جاتقان	53
ويناپ	كەتكەن	67
ويناپ	جاتىرمىز	67
ويناپ	جۇرە	63
ويناپ	جۇرگەن	82
ويناپ	كەتەدى	53
ويناپ	جۇرىپ	75
ويناپ	جۇرسىڭ	39
ويناپ	ويناپ	72
ويناپ	الاتىن	75
ويناپ	تۇرعان	64
ويناپ	وتىرمىز	83
ويناپ	وتىرسىڭ	68
ويناپ	وتىرىپ	71
ويناپ	وتىرعان	82
ويناپ	كەتىپتى	79
ويناپ	كەلىڭدەر	81
ويناپ	جۇرەتىن	70
ويناپ	كەلەيىن	74
ويناپ	كەلەيىك	82
ويناپ	وتىرسىڭبا	57
ويناپ	جۇرمىز	83
ويناپ	كۇلىپ	72
ويناپ	جۇرسىڭبە	34
ويناپ	جۇرگەم	82
ويناپ	كەلەمىز	67
ويناپ	قايىت	71
ويناپ	قايتىڭدار	79
ويناپ	كەلسەك	82
ويناپ	قايتىڭىز	78
ويناپ	قايتىڭىزدار	42
ويناپ	جاقسى	28
ويناپ	بىر	76
ويناپ	كەلىپ	29
ويناپ	قايتا	16
ويناپ	كەلدىم	81
ويناپ	كەلگەن	70
ويناپ	كەلەتىن	69
ويناپ	كەلدىك	76
ويناپ	جۇرمە	83
ويناپ	كەتپتى	35
ويناپ	جۇرسەڭ	75
ويناپ	جۇرەدى	81
ويناپ	قايتىڭ	64
ويناپ	كەلىڭىز	16
ويناپ	قايتتىق	53
ويناپ	قايتايىق	77
ويناپ	كەلىڭىزدەر	75
ويناپ	كەلڭدەر	62
ويناپ	كەلدىڭدەرمە	41
ويناپ	قايتڭدار	76
جۇز	دەپ	62
جۇز	ەكەن	61
جۇز	بار	63
جۇز	الىپ	68
جۇز	ون	57
جۇز	ادام	67
جۇز	بولسا	69
جۇز	دەيدى	63
جۇز	قانشا	68
جۇز	بەرىپ	45
جۇز	يۋان	46
جۇز	اتىپ	10
جۇز	بەرە	43
جۇز	تاۋىپ	64
جۇز	سوم	64
جۇز	مىڭ	11
جۇز	بولسادا	32
جۇز	دەن	60
جۇز	نەشە	65
جۇز	اتشى	39
جۇز	يۇان	55
جۇز	تاي	67
جۇز	ەلۋ	29
جۇز	وتىز	72
جۇز	يۋاننان	68
جۇز	يۋانعا	59
جۇز	سومدى	53
جۇز	سومدىق	48
جۇز	ۇيان	61
جۇز	سومعا	58
جۇز	سومنان	61
جۇز	يۋاندى	56
جۇز	يۋاندىق	66
جۇز	سەكسەن	47
جۇز	گىرام	62
جۇز	الپىس	71
جۇز	سومىن	69
جۇز	يۋانىن	69
جۇز	پايىز	72
جۇز	قىرىق	35
كىسى	عوي	51
كىسى	مەن	53
كىسى	جوق	66
كىسى	جاقسى	51
كىسى	ەكەن	55
كىسى	بىر	36
كىسى	سول	59
كىسى	نە	15
كىسى	نەعىپ	58
كىسى	بار	73
كىسى	الى	69
كىسى	الىپ	73
كىسى	كەلىپ	72
كىسى	بولسا	18
كىسى	بۇگىن	67
كىسى	ماعان	66
كىسى	مەنى	46
كىسى	مەنىڭ	71
كىسى	قايدا	66
كىسى	قالاي	67
كىسى	تەلەفون	60
كىسى	وتىر	51
كىسى	كىم	62
كىسى	بارما	73
كىسى	قاشان	73
كىسى	كوپ	68
كىسى	كەتىپ	69
كىسى	قانداي	59
كىسى	اۋىرىپ	50
كىسى	كەلدى	49
كىسى	كەلە	69
كىسى	سۇراپ	52
كىسى	كەلەدى	71
كىسى	كەپ	51
كىسى	ەكەمىز	65
كىسى	كەلگەن	70
كىسى	بىلەدى	68
كىسى	كەلسە	69
كىسى	كەلەتىن	74
كىسى	شاقىرىپ	70
كىسى	قايتىس	55
كىسى	كۇتىپ	40
كىسى	جاقسىما	47
كىسى	ايتادى	68
ۇزىم	عوي	74
ۇزىم	دەپ	61
ۇزىم	جاقسى	54
ۇزىم	بىر	45
ۇزىم	سول	40
ۇزىم	الىپ	53
ۇزىم	بارىپ	38
ۇزىم	جاتىرمىن	70
ۇزىم	سەنى	37
ۇزىم	ۇيدە	72
ۇزىم	تەلەفون	63
ۇزىم	وتىرمىن	73
ۇزىم	اق	74
ۇزىم	ىستەپ	61
ۇزىم	اۋىرىپ	69
ۇزىم	تاۋىپ	59
ۇزىم	الايىن	39
ۇزىم	بارا	63
ۇزىم	بارام	69
ۇزىم	عانا	66
ۇزىم	قاراپ	49
ۇزىم	اپارىپ	71
ۇزىم	ايتام	70
ۇزىم	ۇشىن	61
ۇزىم	بارايىن	67
ۇزىم	شارشاپ	63
ۇزىم	كۇرىپ	37
ۇزىم	سياقتى	72
ۇزىم	جالعىز	71
ۇزىم	بارامىن	64
ۇزىم	ارەڭ	71
ۇزىم	باسىم	71
ۇزىم	الام	75
ۇزىم	بىلەم	62
ۇزىم	الامىن	22
ۇزىم	قانا	69
ۇزىم	قابارلاسايىن	68
ۇزىم	بىلەمىن	49
ۇزىم	قابارلاسام	55
ۇزىم	قارايمىن	40
ۇزىم	سۇيلەيمىن	74
ۇزىم	ايتىپ	39
ۇزىم	ىزدەپ	60
دەگەم	عوي	73
دەگەم	جانىم	23
دەگەم	مەن	48
دەگەم	دەپ	20
دەگەم	جوق	68
دەگەم	بولدى	70
دەگەم	بىر	63
دەگەم	سول	59
دەگەم	سەن	53
دەگەم	ەندى	61
دەگەم	ەرتەڭ	69
دەگەم	بۇگىن	63
دەگەم	سودان	65
دەگەم	ول	63
دەگەم	ساعان	71
دەگەم	دەيدى	66
دەگەم	بىراق	69
دەگەم	باسقا	48
دەگەم	وعان	68
دەگەم	سوعان	21
بۇرىن	عوي	72
بۇرىن	مەن	68
بۇرىن	جوق	37
بۇرىن	جاقسى	63
بۇرىن	بىر	50
بۇرىن	سول	32
بۇرىن	نە	50
بۇرىن	نەعىپ	68
بۇرىن	بار	68
بۇرىن	سەن	68
بۇرىن	الىپ	52
بۇرىن	كەلىپ	63
بۇرىن	بولسا	47
بۇرىن	مەندە	59
بۇرىن	ماعان	41
بۇرىن	بارىپ	66
بۇرىن	ەكى	64
بۇرىن	مەنى	64
بۇرىن	مەنىڭ	65
بۇرىن	نەگە	69
بۇرىن	قايدا	65
بۇرىن	سەنى	60
بۇرىن	ساعان	63
بۇرىن	وسى	67
بۇرىن	ايتىپ	66
بۇرىن	بىرگە	53
بۇرىن	قانشا	48
بۇرىن	كوپ	66
بۇرىن	كەتىپ	70
بۇرىن	قانداي	61
بۇرىن	ىستەپ	63
بۇرىن	قايتىپ	73
بۇرىن	توي	46
بۇرىن	سونداي	47
بۇرىن	ونداي	70
بۇرىن	بۇنداي	65
بۇرىن	سوڭدى	67
جولداشى	جانىم	71
جولداشى	مەن	14
جولداشى	دەپ	55
جولداشى	بىر	67
جولداشى	وندا	73
جولداشى	ماعان	73
جولداشى	بولاما	71
جولداشى	تەز	34
جولداشى	كورىپ	55
جولداشى	ساعىنىپ	74
جولداشى	كورەيىن	70
جولداشى	ۇزىڭدى	16
جولداشى	وزىڭدى	62
جولداشى	كۇرەيىن	65
جولداشى	قانە	41
جولداشى	كورگىم	62
جولداشى	دوسىم	64
جولداشى	قوسىپ	74
جولداشى	كۇرگىم	70
ساعىنىپ	جانىم	73
ساعىنىپ	تۇر	68
ساعىنىپ	جاتىرمىن	72
ساعىنىپ	سەنى	69
ساعىنىپ	وتىرمىن	74
ساعىنىپ	كەتتى	18
ساعىنىپ	جۇر	19
ساعىنىپ	كەتتىم	54
ساعىنىپ	قالدىم	6
ساعىنىپ	جۇرمىن	57
ساعىنىپ	تۇرمىن	16
ساعىنىپ	قالعان	63
ساعىنىپ	قالدىڭبا	24
ساعىنىپ	كەتكەن	72
ساعىنىپ	جۇرگەن	62
ساعىنىپ	كەتەدى	64
ساعىنىپ	جۇرسىڭ	59
ساعىنىپ	ارەڭ	73
ساعىنىپ	كەتەم	51
ساعىنىپ	قالدىق	58
ساعىنىپ	كەتىم	68
ساعىنىپ	وتىرسىڭبا	73
ساعىنىپ	كەتتىك	50
ساعىنىپ	كەتتىڭبە	75
ساعىنىپ	تۇرسىڭبا	65
ساعىنىپ	ويلاپ	55
ساعىنىپ	كەتسەم	64
باعاسى	بىر	64
باعاسى	قانشا	65
باعاسى	يۋان	63
باعاسى	سوم	20
باعاسى	مىڭ	52
باعاسى	نەشە	44
باعاسى	كەلسە	64
باعاسى	قالىپتى	68
باعاسى	تەك	59
باعاسى	قالپتى	62
باعاسى	كىرەسى	67
باعاسى	يۇان	68
باعاسى	ورنى	47
باعاسى	ارزان	65
باعاسى	جوعارى	68
باعاسى	ۇقساس	45
باعاسى	لايىقتى	68
باعاسى	لايقتى	30
باعاسى	ىلايىقتى	56
باعاسى	جاقسى	53
باعاسى	قانداي	6
الات	دەپ	62
الات	ەكەن	15
الاتىن	بولدى	15
الاتىن	بىر	29
الاتىن	بولىپ	67
الاتىن	ادام	46
الاتىن	بولسا	19
الاتىن	اقشا	51
الاتىن	ەدى	27
الاتىن	بوپ	68
الاتىن	شىعار	69
الاتىن	كەزدە	40
الاتىن	ەدىم	38
الاتىن	بولعان	71
الاتىن	ۋاقىت	62
الاتىن	بولدىم	60
الاتىن	جەر	28
الاتىن	جەردە	45
الاتىن	جەرگە	35
الاتىن	قىزدار	58
الاتىن	سياقتى	69
الاتىن	نارسە	61
الاتىن	بولساڭ	70
الاتىن	ەدىڭ	41
الاتىن	بولدىڭ	49
الاتىن	كىسىلەر	53
الاتىن	شعار	10
الاتىن	پۇل	50
الاتىن	بولدىق	52
الاتىن	شىعارسىڭ	63
الاتىن	بولسام	53
الاتىن	بولدىڭبا	71
الاتىن	ەمەسپىن	58
الاتىن	اقشام	70
الاتىن	ەدىك	59
الاتىن	شعارسىڭ	62
الاتىن	كسلەر	47
الاتىن	كىسلەر	45
الاتىن	كسىلەر	51
بولساڭ	عوي	76
بولساڭ	جانىم	71
بولساڭ	مەن	68
بولساڭ	جاقسى	29
بولساڭ	بولدى	33
بولساڭ	بىر	9
بولساڭ	سول	50
بولساڭ	نە	62
بولساڭ	سەن	68
بولساڭ	وندا	72
بولساڭ	كەل	73
بولساڭ	كەلىپ	63
بولساڭ	ەرتەڭ	72
بولساڭ	مەندە	49
بولساڭ	ماعان	62
بولساڭ	بارى	72
بولساڭ	بارىپ	66
بولساڭ	مەنى	42
بولساڭ	مەنىڭ	56
بولساڭ	بولادى	74
بولساڭ	نەگە	66
بولساڭ	ول	57
بولساڭ	وسى	75
بولساڭ	ۇيگە	70
بولساڭ	تەلەفون	68
بولساڭ	قانداي	74
بولساڭ	قايتىپ	76
بولساڭ	تەز	73
بولساڭ	قابارلاس	73
بولساڭ	بارايىن	63
بولساڭ	بولمايدى	72
بولساڭ	سويلە	65
بولساڭ	شىركىن	76
بولساڭ	كەم	75
بولساڭ	سويلەشى	58
بولساڭ	قايتەر	35
بولساڭ	الىپ	59
بولساڭ	سەنى	67
بولساڭ	ساعان	70
بولساڭ	بىراز	68
بولساڭ	بىرگە	44
بولساڭ	اڭگىمە	57
بولساڭ	سويلەپ	35
بولساڭ	بولمايما	66
بولساڭ	مازالامايىن	70
كەلگەن	عوي	60
كەلگەن	مەن	54
كەلگەن	جوق	75
كەلگەن	جاقسى	14
كەلگەن	بولدى	74
كەلگەن	ەكەن	68
كەلگەن	بىر	33
كەلگەن	سول	57
كەلگەن	ادام	48
كەلگەن	بولسا	39
كەلگەن	بۇگىن	62
كەلگەن	سودان	73
كەلگەن	ەكى	64
كەلگەن	تاماق	63
كەلگەن	ۇيگە	71
كەلگەن	كۇنى	68
كەلگەن	شاي	68
كەلگەن	ەدى	37
كەلگەن	كەشە	64
كەلگەن	سوڭ	72
كەلگەن	شىعار	12
كەلگەن	كەزدە	68
كەلگەن	بالا	44
كەلگەن	سونى	65
كەلگەن	ەدىم	34
كەلگەن	ەكەنسىڭ	69
كەلگەن	سوعان	72
كەلگەن	قىز	69
كەلگەن	كەتكەن	67
كەلگەن	سياقتى	68
كەلگەن	كىسى	55
كەلگەن	بولساڭ	58
كەلگەن	كىسىلەر	74
كەلگەن	شعار	69
كەلگەن	كسى	69
كەلگەن	ادامعا	70
كەلگەن	سايىن	68
كەلگەن	جوقپا	71
كەلگەن	ۇقسايدى	54
كەلگەن	قادامىڭا	75
كەلگەن	قادامدارىڭىزعا	67
كەلگەن	شىعارسىڭ	65
كەلگەن	جەرىم	74
كەلگەن	قادامىڭىزعا	61
قالىڭ	عوي	75
قالىڭ	ەكەن	64
قالىڭ	ادام	49
قالىڭ	قالاي	34
قالىڭ	بالا	76
قالىڭ	مال	75
قالىڭ	توي	4
قالىڭ	قاتىن	60
قالىڭ	ەلدىڭ	68
قالىڭ	قارىز	56
قالىڭ	كيىم	61
قالىڭ	كيىپ	61
قالىڭ	شاپان	74
قالىڭ	كيىن	74
قالىڭ	كيىنىپ	56
قالىڭ	كينىپ	75
قالىڭ	جامىلىپ	21
قالىڭ	جۇمىس	32
قالىڭ	قىز	70
قالىڭ	تويدان	73
قالىڭ	مالدى	60
قىل	جانىم	73
قىل	دەپ	29
قىل	ەندى	19
قىل	دەيدى	40
قىل	دەيسىڭ	22
قىل	اياعى	20
قىلىپ	بىر	15
قىلىپ	نە	62
قىلىپ	جاتىر	70
قىلىپ	جاتىرسىڭ	28
قىلىپ	قوي	50
قىلىپ	ال	59
قىلىپ	الىپ	58
قىلىپ	تۇر	42
قىلىپ	جاتىرمىن	55
قىلىپ	ايتىپ	58
قىلىپ	وتىر	67
قىلىپ	وتىرمىن	50
قىلىپ	كەتتى	73
قىلىپ	جۇر	65
قىلىپ	جولداپ	49
قىلىپ	اتىپ	49
قىلىپ	بەرەيىن	64
قىلىپ	قويدىم	62
قىلىپ	جۇرمىن	67
قىلىپ	الايىن	52
قىلىپ	جاتقان	63
قىلىپ	قويىپ	66
قىلىپ	جۇرگەن	73
قىلىپ	العان	51
قىلىپ	جۇرسىڭ	51
قىلىپ	جولداشى	66
قىلىپ	تارتىپ	55
قىلىپ	قويايىن	65
قىلىپ	تاستاپ	58
قىلىپ	وتىرسىڭ	56
قىلىپ	وتىرعان	55
قىلىپ	تۇرسىڭ	66
قىلىپ	وتىرسىڭبا	58
قىلىپ	تۇرسىڭبا	60
قىلىپ	تاستاپتى	64
قىلىپ	تەڭشەپ	68
قىلىپ	تاستاپسىڭ	68
قىلىپ	تاستادىڭ	71
قىلىپ	اتاسىڭ	69
قىلىپ	قويشى	59
قىلىپ	جاتىرمىز	67
نەبولدى	جانىم	71
نەبولدى	مەن	14
نەبولدى	دەپ	46
نەبولدى	جوق	72
نەبولدى	ەكەن	57
نەبولدى	ەندى	57
نەبولدى	نەگە	74
نەبولدى	ساعان	67
نەبولدى	تەلەفون	17
نەبولدى	دوسىم	74
نەبولدى	سوندا	53
نەبولدى	ەي	48
نەبولدى	سويلە	34
نەبولدى	رەنجىپ	56
نەبولدى	سونشا	66
قايتەم	جانىم	71
قايتەم	مەن	16
قايتەم	دەپ	50
قايتەم	سەن	26
قايتەم	ەندى	51
قايتەم	وندا	14
قايتەم	مەندە	56
قايتەم	سەنى	68
قايتەم	ساعان	60
قايتەم	دەيدى	73
قايتەم	اي	68
قايتەم	سوندا	68
قايتەم	ەي	43
قايتەم	دەشى	57
قايتەم	امال	19
قايتەم	قايتەم	57
قايتەم	ايتشى	70
بەرشى	جانىم	69
بەرشى	مەن	19
بەرشى	دەپ	49
بەرشى	بولدى	33
بەرشى	بىر	63
بەرشى	بار	54
بەرشى	وندا	74
بەرشى	ەرتەڭ	69
بەرشى	ماعان	56
بەرشى	دەيدى	48
بەرشى	دوسىم	58
بەرشى	دەگەن	57
بەرشى	بولاما	70
بەرشى	تەز	16
بەرشى	كەرەك	63
بەرشى	قاتتى	61
بەرشى	قاجەت	72
بەرشى	رەنجىمەي	68
بەرشى	ەندى	71
نان	مەن	61
نان	جوق	67
نان	بىر	37
نان	بار	64
نان	الىپ	43
نان	بولسا	35
نان	كەيىن	68
نان	بارما	56
نان	شاي	40
نان	بەرىپ	58
نان	الدىم	55
نان	كەلدى	66
نان	الايىن	59
نان	سالىپ	69
نان	اپارىپ	56
نان	جەپ	51
نان	الاتىن	37
نان	سۇت	60
نان	اكەپ	57
نان	ساي	21
نان	جاۋىپ	50
نان	پىسىرىپ	63
نان	پسىرىپ	62
نان	يلەپ	53
نان	شىلاپ	31
نان	جاۇىپ	16
نان	اشتىپ	50
نان	جابايىن	67
نان	جاپقالى	69
كەلمە	دەپ	74
كەلمە	بولدى	15
كەلمە	دەدىم	19
كەلمە	دەدىڭ	30
كەلمەي	جاتىر	27
كەلمەي	قوي	13
كەلمەي	تۇر	67
كەلمەي	جاتىرمىن	12
كەلمەي	وتىر	49
كەلمەي	وتىرمىن	60
كەلمەي	كەتتى	39
كەلمەي	قالدى	67
كەلمەي	اق	72
كەلمەي	كەتىپ	14
كەلمەي	جۇر	26
كەلمەي	قويدى	66
كەلمەي	تۇرىپ	48
كەلمەي	جاتىپ	32
كەلمەي	قالعان	71
كەلمەي	جاتقان	45
كەلمەي	قويىپ	69
كەلمەي	جۇرگەن	65
كەلمەي	ارەڭ	68
كەلمەي	تۇرعان	58
كەلمەي	قالادى	57
كەلمەي	قالىپ	35
كەلمەي	قالىپتى	69
كەلمەي	قالپتى	68
كەلمەي	قويدىڭ	72
كەلمەي	قالسا	32
كەلمەي	قويعان	72
كەلمەي	قالدىما	55
كەلمەي	جۇرمە	33
كەلمەي	تۇرسا	73
كەلمەي	قالاتىن	68
كەلمەي	تۇرما	64
كەلمەي	قالاما	32
كەلمەي	قويادى	75
كەلمەي	جاتىرما	72
كەلمەي	تۇرعوي	49
كەلمەي	كەتتىڭ	63
كەلمەي	جاتسا	57
سويلە	جانىم	67
سويلە	مەن	17
سويلە	دەپ	57
سويلە	نە	70
سويلە	نەعىپ	58
سويلە	وندا	47
سويلە	دوسىم	67
سويلە	بولاما	56
سويلە	تەز	68
سويلە	شى	49
سويلە	بارسىڭبا	45
سويلە	سويلە	17
سويلە	مەيسىڭ	28
سويلە	بار	59
سويلەپ	جاتىر	62
سويلەپ	جاتىرسىڭ	19
سويلەپ	قوي	37
سويلەپ	الىپ	68
سويلەپ	تۇر	65
سويلەپ	جاتىرمىن	24
سويلەپ	وتىر	70
سويلەپ	وتىرمىن	17
سويلەپ	كەتتى	25
سويلەپ	قويشى	73
سويلەپ	جۇر	57
سويلەپ	قويدىم	69
سويلەپ	ەدىم	60
سويلەپ	جۇرمىن	62
سويلەپ	جاتىپ	28
سويلەپ	تۇرمىن	50
سويلەپ	جاتقان	73
سويلەپ	قويىپ	48
سويلەپ	جۇرگەن	52
سويلەپ	سويلەپ	73
سويلەپ	تۇرعان	56
سويلەپ	قويايىن	72
سويلەپ	وتىرسىڭ	60
سويلەپ	وتىرىپ	36
سويلەپ	وتىرعان	58
سويلەپ	تۇرشى	50
سويلەپ	تۇرسىڭ	55
سويلەپ	قويساڭ	63
سويلەپ	قويىپتى	69
سويلەپ	قالاما	66
سويلەپ	تۇرساڭ	25
سويلەپ	قويعام	65
سويلەپ	جاتسا	71
سويلەپ	قويام	74
سويلەپ	قويادى	66
سويلەپ	جاتسام	56
سويلەپ	قويىڭىز	55
سويلەپ	قويپتى	66
سويلەپ	قويسام	35
سويلەپ	تۇرامىن	48
سويلەپ	وتىرىڭدار	72
سويلەپ	قويىپسىڭ	64
سويلەپ	ال	19
سويلەپ	قاربالاس	37
سويلەپ	كەتتىڭ	68
سويلەپ	جۇرسىڭ	66
سويلەپ	الىپپىن	70
بىزدى	بىر	69
بىزدى	الىپ	42
بىزدى	نەگە	33
بىزدى	اپارىپ	26
بىزدى	تاستاپ	47
بىزدى	توسىپ	38
بىزدى	ەرتىپ	51
بىزدىڭ	جاق	45
بىزدىڭ	بىر	58
بىزدىڭ	ادام	41
بىزدىڭ	ەكى	50
بىزدىڭ	ۇي	72
بىزدىڭ	ۇيدە	38
بىزدىڭ	ۇيگە	18
بىزدىڭ	مىنا	56
بىزدىڭ	جۇمىس	68
بىزدىڭ	بالا	72
بىزدىڭ	جەر	71
بىزدىڭ	جەردە	73
بىزدىڭ	ماشينا	54
بىزدىڭ	قىز	70
بىزدىڭ	قىزدار	70
بىزدىڭ	كىسى	55
بىزدىڭ	جاققا	63
بىزدىڭ	جىندى	67
بىزدىڭ	بالالار	55
بىزدىڭ	ۇيدى	42
بىزدىڭ	ۇيدىڭ	59
بىزدىڭ	جاقتا	65
بىزدىڭ	ۇيدەن	28
بىزدىڭ	ساباقتاس	64
بىزدىڭ	ۇيكە	73
بىزدىڭ	ۇيدەگى	63
بىزدىڭ	اۋىلعا	70
بىزدىڭ	ۇيدەگىلەر	51
بىزدىڭ	اۋىلدا	70
بىزدىڭ	جاقتىڭ	69
بىزدىڭ	اۋىلدىڭ	62
بىزدىڭ	توي	15
بىزدىڭ	تويعا	66
بىزدىڭ	ۇلكەن	69
بىزدىڭ	سيىر	45
بىزدىڭ	تويدا	72
بىزدىڭ	ساباقتاستار	64
بىزدىڭ	جىگىتتەر	70
بىزدىڭ	ادامدار	74
بىزدىڭ	كورشى	74
بىزدىڭ	اۋىل	63
بەرەدى	عوي	44
بەرەدى	جانىم	16
بەرەدى	مەن	56
بەرەدى	دەپ	59
بەرەدى	ەكەن	19
بەرەدى	بىر	11
بەرەدى	سول	69
بەرەدى	قوي	60
بەرەدى	ماعان	70
بەرەدى	ول	64
بەرەدى	ساعان	61
بەرەدى	دەيدى	71
بەرەدى	دەگەن	36
بەرەدى	ەكەنسىڭ	55
بەرەدى	ەمەسپە	29
بەرەدى	ەكەم	54
ەدىڭ	عوي	73
ەدىڭ	جانىم	6
ەدىڭ	مەن	39
ەدىڭ	دەپ	67
ەدىڭ	جوق	61
ەدىڭ	بىر	63
ەدىڭ	سول	72
ەدىڭ	سەن	73
ەدىڭ	ەندى	63
ەدىڭ	قوي	48
ەدىڭ	بۇگىن	45
ەدىڭ	ماعان	61
ەدىڭ	قايدا	73
ەدىڭ	عۇي	74
ەدىڭ	نە	64
ەدىڭ	مەنى	70
تار	ەكەن	62
تار	بولىپ	17
تارتىپ	جاتىر	17
تارتىپ	قوي	44
تارتىپ	ال	59
تارتىپ	الىپ	38
تارتىپ	تۇر	70
تارتىپ	جاتىرمىن	39
تارتىپ	قال	59
تارتىپ	وتىر	59
تارتىپ	وتىرمىن	62
تارتىپ	كەتتى	73
تارتىپ	جۇر	72
تارتىپ	جولدا	70
تارتىپ	جولداپ	33
تارتىپ	الدى	15
تارتىپ	الدىم	62
تارتىپ	كەتتىم	64
تارتىپ	قويدىم	63
تارتىپ	جۇرمىن	73
تارتىپ	الايىن	62
تارتىپ	الدىڭ	63
تارتىپ	جاتقان	71
تارتىپ	كەتكەن	71
تارتىپ	جۇرگەن	66
تارتىپ	العان	71
تارتىپ	كەتەدى	69
تارتىپ	جولداشى	55
تارتىپ	تارتىپ	15
تارتىپ	تۇرعان	71
تارتىپ	الام	65
تارتىپ	الادى	71
تارتىپ	كەتىپتى	72
تارتىپ	العام	74
تارتىپ	الاسىڭ	61
تارتىپ	جولداي	72
تارتىپ	الىڭىز	73
تارتىپ	جولدايىن	75
تارتىپ	جولداڭىز	64
تارتىپ	العانسىڭ	61
تارتىپ	ماعان	40
تارتىپ	بەرەيىن	45
تارتىپ	كەتتىڭ	18
تارتىپ	سويلە	72
تارتىپ	الساڭ	73
تارتىپ	تۇرما	67
تارتىپ	الىپتى	43
ساۋ	بول	13
ساۋ	بولسىن	54
ساۋ	ەكەن	9
ساۋ	بولىپ	12
ساۋ	ادام	38
ساۋ	بولسا	46
ساۋ	تۇر	14
ساۋ	وت	43
ساۋ	امان	52
ساۋ	ەمەس	68
ساۋ	باس	56
ساۋ	بوپ	31
ساۋ	كەزدە	67
ساۋ	جۇرىپ	64
ساۋ	بولساڭ	65
ساۋ	كۇندەرىڭ	54
ساۋ	بولىڭدار	64
ساۋ	باسىڭ	63
ساۋ	كۇندەرىڭىز	40
ساۋ	وتباستارىڭ	65
ساۋ	كەزىندە	65
ساۋ	سالەمەت	62
ساۋ	بولىڭىز	60
ساۋ	وتباسىڭ	67
ساۋ	باسىمىز	61
ساۋ	قىزمەتتەرىڭىز	55
ساۋ	سالامات	51
ساۋ	وقۋى	60
ساۋ	اتپال	55
ساۋ	كەزىڭدە	39
بىلمەي	تۇر	67
بىلمەي	جاتىرمىن	56
بىلمەي	وتىر	42
بىلمەي	وتىرمىن	54
بىلمەي	قالدى	17
بىلمەي	جۇر	50
بىلمەي	كەتتىم	48
بىلمەي	قالدىم	49
بىلمەي	تۇرىپ	9
بىلمەي	جۇرمىن	58
بىلمەي	تۇرمىن	48
بىلمەي	قالعان	41
بىلمەي	قالدىڭ	13
بىلمەي	جۇرگەن	56
بىلمەي	وتىرمىز	57
بىلمەي	قالادى	62
بىلمەي	قالىپ	37
بىلمەي	قالىپپىن	60
بىلمەي	قالدىق	53
بىلمەي	قالاتىن	34
بىلمەي	قالام	63
بىلمەي	قالاسىڭ	57
بىلمەي	قالامىن	43
بىلمەي	قالپپىن	60
بىلمەي	تۇرمىز	60
بىلمەي	تۇرىم	58
بىلمەيمىن	عوي	62
بىلمەيمىن	جانىم	20
بىلمەيمىن	مەن	28
بىلمەيمىن	دەپ	47
بىلمەيمىن	بىر	57
بىلمەيمىن	سول	55
بىلمەيمىن	نە	65
بىلمەيمىن	سەن	51
بىلمەيمىن	ەندى	58
بىلمەيمىن	بۇگىن	69
بىلمەيمىن	مەندە	70
بىلمەيمىن	ماعان	71
بىلمەيمىن	نەگە	71
بىلمەيمىن	ول	66
بىلمەيمىن	قايدا	73
بىلمەيمىن	سەنى	65
بىلمەيمىن	دەيدى	71
بىلمەيمىن	قالاي	67
بىلمەيمىن	ونى	65
بىلمەيمىن	بىراق	62
بىلمەيمىن	ايتەۋ	73
بىلمەيمىن	دەدىم	14
بىلمەيمىن	باسىم	69
بىلمەيمىن	ايتەۇ	70
بىلمەيمىن	ءايتەۋ	67
دەن	بىر	61
دەن	الىپ	57
دەن	كەيىن	62
دەن	بەرى	54
دەن	باسقا	40
دەن	بۇرىن	49
دەن	ساۋ	41
دەن	باستاپ	59
دەن	قۇلجاعا	10
دەن	جوعارى	53
دەن	بولامىن	52
دەن	اسا	47
دەن	تومەن	57
دەن	ساۋلىق	44
دەن	ساۇ	62
دەن	ساۋلىعى	15
دەن	ساۋلىعىڭ	31
دەن	ساۇلىق	37
دەن	ساۋلىعىڭا	19
دەن	ساۋلىعىڭىز	48
دەن	ساۋلىقتارىڭ	61
دەن	ساۋلعى	47
دەن	ساۋلعىڭ	60
دەن	ساۋلىققا	60
دەن	ساۋلىعىڭدى	61
دەنساۋ	بولسىن	65
دەنساۋ	بولسا	13
دەنساۋ	باس	6
دەنساۋلىق	جوق	11
دەنساۋلىق	بولسىن	19
دەنساۋلىق	جاقسى	57
دەنساۋلىق	بولسا	37
دەنساۋلىق	بولادى	50
دەنساۋلىق	قالاي	54
دەنساۋلىق	جاقسىما	9
دەنساۋلىق	قانداي	7
دەنساۋلىق	كەرەك	27
دەنساۋلىق	مىقتى	54
دەنساۋلىق	ۇشىن	50
دەنساۋلىق	بولماي	62
دەنساۋلىق	بولماسا	63
دەنساۋلىق	بەرسىن	59
دەنساۋلىق	سيلاسىن	49
دەنساۋلىق	بىرىنشى	54
دەنساۋلىق	تىلەيمىن	44
دەنساۋلىق	ماڭىزدى	37
دەنساۋلىق	زور	45
دەنساۋلىق	تابىلمايدى	54
دەنساۋلىق	ورتايماس	54
دەنساۋلىق	جاعدايىڭىزدى	48
قۇس	دەپ	52
قۇساپ	جوق	67
قۇساپ	بىر	68
قۇساپ	تۇر	44
قۇساپ	ەكى	20
قۇساپ	ايتىپ	69
قۇساپ	وتىر	56
قۇساپ	وتىرمىن	69
قۇساپ	كەتتى	66
قۇساپ	قالدى	68
قۇساپ	جۇر	51
قۇساپ	قالدىم	63
قۇساپ	جۇرمىن	46
قۇساپ	تۇرمىن	72
قۇساپ	كەتتىڭ	44
قۇساپ	جۇرە	72
قۇساپ	جۇرگەن	71
قۇساپ	سويلەپ	60
قۇساپ	قالادى	67
قۇساپ	تۇرسىڭ	72
قۇساپ	تۇرادى	50
قۇساپ	جۇرسەڭ	48
قۇساپ	تۇراسىڭ	70
قۇساپ	ويناپ	71
قۇساپ	قالدىق	64
ايتشى	جانىم	61
ايتشى	مەن	15
ايتشى	دەپ	39
ايتشى	بولدى	66
ايتشى	بىر	62
ايتشى	نە	66
ايتشى	سەن	44
ايتشى	ەندى	54
ايتشى	ال	66
ايتشى	وندا	50
ايتشى	مەندە	37
ايتشى	ماعان	54
ايتشى	مەنى	74
ايتشى	نەگە	56
ايتشى	دوسىم	70
ايتشى	كىم	62
ايتشى	بولاما	75
ايتشى	سوندا	27
ايتشى	تەز	72
ايتشى	قاشان	67
ايتشى	ەي	65
ستە	جانىم	41
ستە	دەپ	19
ستەپ	جاتىر	19
ستەپ	جاتىرسىڭ	17
ستەپ	ال	14
ستەپ	الىپ	33
ستەپ	تۇر	64
ستەپ	جاتىرمىن	69
ستەپ	كەتتى	12
ستەپ	اقشا	72
ستەپ	قاربالاس	59
ستەپ	بەر	59
ستەپ	بەرىپ	69
ستەپ	جۇر	56
ستەپ	كەتتىم	45
ستەپ	بەرە	61
ستەپ	بەرەيىن	72
ستەپ	جۇرمىن	62
ستەپ	الايىن	36
ستەپ	جاتقان	69
ستەپ	كەتكەن	50
ستەپ	شارشاپ	49
ستەپ	جاتىرمىز	32
ستەپ	جۇرگەن	70
ستەپ	جۇرىپ	50
ستەپ	جۇرسىڭ	48
ستەپ	جاتىرسىڭبا	72
ستەپ	جاتىرما	37
ستەپ	جاتقام	73
ستەپ	جاتسىڭبا	59
ستەپ	جاتىرسڭبا	65
ستەپ	وتىرمىن	58
ستەپ	شىپ	70
ستەپ	جاتر	62
ستەپ	جاتىرسىزبا	57
ايى	قانشا	36
ايىت	جانىم	15
ايىت	مەن	37
ايىت	دەپ	30
ايىت	وندا	30
ايىت	قابىل	50
ايىت	شىلاپ	17
ايىت	ماعان	48
جوعا	جانىم	50
جوعا	مەن	14
جوعا	بولدى	74
جوعا	بىر	47
جوعا	سول	62
جوعا	نە	69
جوعا	سەن	71
جوعا	ەندى	50
جوعا	مەندە	74
جوعا	نەگە	72
جوعا	ول	64
جوعا	سەنى	46
جوعا	ساعان	51
جوعا	ۇيدە	64
جوعا	دوسىم	72
جوعا	راس	58
جوعا	وعان	74
جوعا	ەشتەڭە	71
جوعا	جەجە	46
جوعا	قاتە	70
جوعا	ونداي	65
جوعا	وقاسى	48
جوعا	قايداعى	71
جوعا	نەسى	68
جوعا	ۇيتىپ	59
جوعا	ەشتەمە	65
جوعا	ولاي	65
جوعا	نەمەنەگە	43
جوعا	جاقسى	37
جوعا	الى	52
سولاي	عوي	50
سولاي	جانىم	17
سولاي	دەپ	74
سولاي	بولسىن	34
سولاي	بولدى	44
سولاي	ەكەن	35
سولاي	بولىپ	32
سولاي	بولسا	19
سولاي	بولادى	43
سولاي	دەيدى	20
سولاي	ايتىپ	69
سولاي	بىراق	72
سولاي	بوپ	73
سولاي	شىعار	57
سولاي	بولعان	43
سولاي	ويلا	58
سولاي	ويلاپ	72
سولاي	بولسادا	51
سولاي	سياقتى	56
سولاي	بولاتىن	47
سولاي	سولاي	60
سولاي	شعار	64
سولاي	بولۋ	62
سولاي	ويلايمىن	71
سولاي	مەن	18
سولاي	كەتىپ	71
بىردە	جوق	66
بىردە	بىر	19
بىردە	بار	18
بىردەم	تۇرىپ	20
بىردەمە	دەپ	8
بىردەمە	بولدى	32
بىردەمە	ەكەن	60
بىردەمە	بار	64
بىردەمە	بولىپ	51
بىردەمە	الىپ	22
بىردەمە	بولسا	21
بىردەمە	بولادى	33
بىردەمە	دەي	49
بىردەمە	دەيدى	53
بىردەمە	ايتىپ	55
بىردەمە	دەگەن	56
بىردەمە	بارما	68
بىردەمە	ىشىپ	43
بىردەمە	بەرىپ	39
بىردەمە	ىستەپ	57
بىردەمە	جولداپ	44
بىردەمە	اتىپ	52
بىردەمە	بوپ	68
بىردەمە	دەسە	71
بىردەمە	دەسەم	36
بىردەمە	شىعىپ	60
بىردەمە	تاۋىپ	55
بىردەمە	الايىن	39
بىردەمە	اپارىپ	59
بىردەمە	دەدى	66
بىردەمە	جاساپ	69
بىردەمە	جەپ	62
بىردەمە	قىل	46
بىردەمە	قىلىپ	52
بىردەمە	ستەپ	36
بىردەمە	بىردەمە	59
بىردەمە	جازىپ	69
بىردەمە	اكەپ	68
بىردەمە	دەسەڭ	69
بىردەمە	ايتايىن	70
بىردەمە	بولار	39
بىردەمە	ايتسا	58
بىردەمە	ىشتىڭبە	49
بىردەمە	ايتسام	58
بىردەمە	بولدىما	45
بىردەمە	سۇرايىن	70
بىردەمە	سۇراسام	52
بىردەمە	دەدىمە	67
بىردەمە	دەۋگە	57
تۇرعان	عوي	56
تۇرعان	مەن	64
تۇرعان	جوق	67
تۇرعان	جاقسى	12
تۇرعان	بولدى	32
تۇرعان	بىر	64
تۇرعان	نە	69
تۇرعان	ادام	72
تۇرعان	بولسا	41
تۇرعان	كىم	71
تۇرعان	سوڭ	67
تۇرعان	شىعار	26
تۇرعان	كەزدە	69
تۇرعان	بالا	23
تۇرعان	ەشتەڭە	69
تۇرعان	جەر	60
تۇرعان	جەردە	47
تۇرعان	ماشينا	62
تۇرعان	جەرگە	45
تۇرعان	سياقتى	61
تۇرعان	نارسە	35
تۇرعان	قۇساپ	65
تۇرعان	شعار	64
تۇرعان	ەشتەمە	46
تۇرعان	شىعارسىڭ	50
تۇرعان	جوقپا	41
تۇرعان	ۇقسايدى	60
تۇرعان	جوقسىڭ	57
تۇرعان	سىياقتى	41
تۇرعان	شعارسىڭ	67
تۇرعان	وقشايدى	59
تۇرعان	جوقپىن	67
تۇرعان	جەرىن	53
تۇرعان	جوقسىڭبا	72
تۇرعان	سەن	46
تۇرعان	جەرىڭدى	52
تۇرعان	نەبار	65
وقاس	جوق	55
وقاسى	جوق	3
وقاسى	مىيۋ	2
وقاسى	جوىق	15
بوپتى	عوي	35
بوپتى	جانىم	18
بوپتى	مەن	23
بوپتى	دەپ	53
بوپتى	جاقسى	51
بوپتى	ەكەن	33
بوپتى	بىر	15
بوپتى	سول	69
بوپتى	ەندى	72
بوپتى	وندا	45
بوپتى	مەندە	68
بوپتى	بارىپ	17
بوپتى	امان	67
بوپتى	دەدىم	72
بوپتى	بوپتى	66
بوپتى	ۇزىڭ	59
سىز	عوي	71
سىز	مەن	40
سىز	دەپ	48
سىز	جوق	71
سىز	جاقسى	47
سىز	بىر	62
سىز	نە	62
سىز	نەعىپ	49
سىز	بار	50
سىز	الىپ	29
سىز	كەلىپ	65
سىز	بۇگىن	66
سىز	ماعان	64
سىز	بارىپ	71
سىز	مەنى	35
سىز	مەنىڭ	46
سىز	قاي	51
سىز	نەگە	65
سىز	قايدا	33
سىز	وسى	71
سىز	قالاي	53
سىز	ايتىپ	20
سىز	كىم	72
سىز	قانشا	48
سىز	قاشان	68
سىز	قاربالاس	69
سىز	ايتقان	48
سىز	عانا	73
سىز	ۇشىن	70
سىز	سياقتى	48
سىز	ەكەمىز	63
سىز	دەن	66
سىز	قۇساپ	59
سىز	ايتىڭىز	69
سىز	ەكەۋمىز	73
سىز	قايجەردەن	56
سىز	بولساڭىز	47
سىز	قايداسىز	71
سىز	بىلەسىز	71
سىز	قانداي	69
توس	جانىم	65
توس	دەپ	22
توس	مەنى	19
توسىپ	جاتىر	23
توسىپ	ال	60
توسىپ	الىپ	67
توسىپ	تۇر	59
توسىپ	جاتىرمىن	18
توسىپ	وتىر	25
توسىپ	وتىرمىن	71
توسىپ	قالدى	11
توسىپ	جۇر	52
توسىپ	قالدىم	64
توسىپ	تۇرىپ	62
توسىپ	جۇرمىن	62
توسىپ	الايىن	38
توسىپ	جاتىپ	54
توسىپ	تۇرمىن	59
توسىپ	جاتقان	19
توسىپ	جۇرگەن	70
توسىپ	تۇرعان	18
توسىپ	توسىپ	70
توسىپ	وتىرمىز	51
توسىپ	وتىرىپ	64
توسىپ	الام	60
توسىپ	وتىرعان	63
توسىپ	الامىن	65
توسىپ	قالدىق	64
توسىپ	وتىرسىڭبا	58
توسىپ	تۇرايىن	66
توسىپ	جاتقام	43
توسىپ	جاتام	71
توسىپ	تۇرام	74
توسىپ	وتىرعام	53
توسىپ	تۇرامىن	62
توسىپ	تۇرمىز	65
توسىپ	وتىردىم	69
توسىپ	وتىرسام	68
توسىپ	وتىرايىن	75
توسىپ	وتىرامىن	66
توسىپ	وتىرمى	25
توسىپ	جاتامىن	64
توسىپ	وتىرام	70
جاققا	بىر	59
جاققا	كەل	68
جاققا	كەلىپ	36
جاققا	بارىپ	29
جاققا	نەگە	15
جاققا	كەتتى	70
جاققا	قاشان	54
جاققا	كەتىپ	46
جاققا	شىعىپ	22
جاققا	بارا	43
جاققا	بارام	51
جاققا	كەلە	49
جاققا	قاراپ	54
جاققا	اپارىپ	63
جاققا	كەپ	52
جاققا	كەتكەن	45
جاققا	بارايىن	54
جاققا	باراتىن	70
جاققا	بارامىن	42
جاققا	شعىپ	57
جاققا	بارامىز	56
جاققا	بارعاندا	68
جاققا	كەلگەندە	48
جاققا	قاراي	67
جاققا	بارسام	45
جاققا	بارايىق	57
جاققا	كەلسەڭ	55
جاققا	كەلىڭدەر	60
جاققا	كەلگەم	52
جاققا	باراسىڭبا	68
جاققا	بارساڭ	69
جاققا	باردىڭبا	56
جاققا	بارعالى	69
جاققا	كەلمەيسىڭبە	64
جاققا	قويار	68
جاققا	الىپ	56
جاققا	تۇسىپ	61
جاققا	ويناپ	70
جاققا	بارادى	65
جاققا	بارعان	64
جاققا	جاڭبىر	55
جاققا	بارساق	44
دار	عوي	64
دار	جانىم	41
دار	مەن	58
دار	دەپ	60
دار	بار	65
دار	بولسا	51
دار	بارما	63
دار	قابارلاسىڭىزدار	59
دار	بالالار	63
دارى	عوي	62
دارى	دەپ	44
دارى	جوق	67
دارى	جاقسى	71
دارى	ەكەن	70
دارى	بار	56
دارى	ال	34
دارى	الىپ	63
دارى	بولسا	17
دارى	بارما	52
دارى	ىش	42
دارى	ىشىپ	34
دارى	بەرىپ	14
دارى	الدىم	33
دارى	الايىن	44
دارى	سالىپ	58
دارى	الدىڭبا	47
دارى	اپارىپ	67
دارى	الاتىن	58
دارى	بەرەدى	66
دارى	بىردەمە	68
دارى	الام	53
دارى	اكەپ	59
دارى	بەرگەن	66
دارى	بەردى	49
دارى	شىپ	63
دارى	ىشتىڭبە	36
دارى	اكەلىپ	43
دارى	وكىل	62
دارى	ۇكىل	62
دارى	ىستەتىپ	70
دارى	جاعىپ	45
دارى	ىشپ	67
دارى	ىشتىم	66
دارى	ىشسەڭ	58
دارى	دارمەك	66
دارى	شاشىپ	47
ەرتەرەك	بار	73
ەرتەرەك	الىپ	68
ەرتەرەك	كەل	64
ەرتەرەك	كەلىپ	23
ەرتەرەك	بولسا	37
ەرتەرەك	بارىپ	60
ەرتەرەك	نەگە	29
ەرتەرەك	ايتىپ	53
ەرتەرەك	قايت	33
ەرتەرەك	ۇيقتا	33
ەرتەرەك	ۇيقتاپ	30
ەرتەرەك	قايتىپ	32
ەرتەرەك	شىعىپ	72
ەرتەرەك	تۇرىپ	60
ەرتەرەك	جاتىپ	62
ەرتەرەك	تۇسىپ	72
ەرتەرەك	دەم	59
ەرتەرەك	ۇيىقتا	62
ەرتەرەك	دەمال	33
ەرتەرەك	دەمالىپ	11
ەرتەرەك	بارايىق	65
ەرتەرەك	كەلسەڭ	56
ەرتەرەك	ۇيقتاي	56
ەرتەرەك	ايتساڭ	60
ەرتەرەك	شىق	62
ەرتەرەك	كەلىڭدەر	34
ەرتەرەك	ساقايىپ	59
ەرتەرەك	جازىلىپ	27
ەرتەرەك	قايىت	71
ەرتەرەك	دەمالا	47
ەرتەرەك	دەمالايىن	51
ەرتەرەك	قايتىڭدار	68
ەرتەرەك	دەمالىڭىز	71
ەرتەرەك	دەمالاعوي	50
ەرتەرەك	ساۋىعىپ	56
ەرتەرەك	دەمالىڭدار	63
ەرتەرەك	بىر	72
ەرتەرەك	تۇس	62
ەس	جوق	72
ەس	اقىل	33
ەس	اقىلدى	18
ەس	اقىلى	18
ەس	اقىلىڭ	33
ەس	اقىلىڭدى	30
ەس	اقىلىن	20
ەس	اقىلىم	19
ەس	اقىلىمدى	21
ەس	اقىلدان	30
ەس	شىعىپ	15
ەسەن	بول	61
ەسەن	بولسىن	66
ەسەن	جاقسى	33
ەسەن	جاتىر	60
ەسەن	كەل	74
ەسەن	كەلىپ	52
ەسەن	بولسا	19
ەسەن	بارىپ	63
ەسەن	ۇيگە	16
ەسەن	جۇر	59
ەسەن	كەپ	62
ەسەن	جاتىرمىز	64
ەسەن	جۇرە	16
ەسەن	جۇرىپ	73
ەسەن	بولساڭ	49
ەسەن	ساۋ	9
ەسەن	جەتىپ	40
ەسەن	كەلىڭدەر	58
ەسەن	جاتىرسىڭبا	64
ەسەن	جاتىرسىڭدارما	53
ەسەن	جۇرسەڭ	16
ەسەن	جۇرسىڭبە	64
ەسەن	قونىپ	67
ەسەن	بولايىق	73
ەسەن	جاتىرسىزدارما	72
ەسەن	بوسانىپ	35
ەسەن	كوشىپ	54
ەسەن	كەلىڭىزدەر	70
دەيىن	مەن	67
دەيىن	دەپ	59
دەيىن	بولسىن	41
دەيىن	جاقسى	44
دەيىن	بىر	70
دەيىن	نە	46
دەيىن	نەعىپ	67
دەيىن	بار	49
دەيىن	الىپ	66
دەيىن	كەلىپ	66
دەيىن	بارىپ	48
دەيىن	ەكى	45
دەيىن	تەلەفون	71
دەيىن	اقشا	64
دەيىن	بەرىپ	72
دەيىن	ىستەپ	71
دەيىن	اتىپ	29
دەيىن	دەسەم	66
دەيىن	تاۋىپ	67
دەيىن	عانا	54
دەيىن	دەگەم	69
دەيىن	دەسەڭ	54
دەيىن	كىرەسى	62
دەيىن	سەنى	67
دەيىن	ۇيقتاپ	67
دەيىن	باراتىن	70
دەيىن	شىعادى	70
ماي	مەن	38
ماي	جوق	64
ماي	بار	26
ماي	بولىپ	45
ماي	الىپ	57
ماي	بولسا	42
ماي	بارما	64
ماي	جول	49
ماي	الاتىن	54
ماي	نان	63
ماي	ماي	55
ماي	پۇل	56
ماي	اقى	54
ماي	قۇيىپ	43
ماي	جولعا	14
ماي	جاعىپ	67
ماي	قۇيدىم	42
ماي	قۇرت	46
ماي	قۇيا	66
ماي	قۇياتىن	47
ماي	قۇيايىن	59
ماي	اقىسى	51
ماي	اقسى	31
ماي	قۇيام	50
ماي	اقىسىن	49
ماي	اقسىن	49
ماي	قۇيامىن	57
ماي	قۇيعالى	65
ماي	پۇلىن	60
باسى	جوق	52
باسى	بار	35
باسى	امان	22
باسى	بارما	24
باسى	اۋىرىپ	42
باسى	ارتىق	24
باسى	بوس	39
باسى	كوز	48
باسى	اينالىپ	12
باسى	قاتىپ	27
باسى	كۇز	40
باسى	قاسىندا	20
باسى	كوزىن	25
باسى	كوزىمدى	46
باسى	كوزىڭدى	31
باسى	كۇزىن	53
باسى	كۇزىمدى	51
باسىم	دەپ	38
باسىم	بىر	63
باسىم	بار	68
باسىم	بولىپ	59
باسىم	اي	64
باسىم	امان	70
باسىم	دەگەن	63
باسىم	بىراز	49
باسىم	اۋىرىپ	62
باسىم	قاتتى	6
باسىم	تۇسىپ	19
باسىم	ەرەكشە	69
باسىم	بوس	65
باسىم	اۋرىپ	19
باسىم	اينالىپ	22
باسىم	قاتىپ	23
باسىم	اۇىرىپ	41
باسىم	ايلانىپ	18
باسىم	اۋىرادى	38
باسىم	اۇرىپ	60
باسىم	اۋىردى	51
باسىم	اۋرپ	54
باسىم	اۋىرعاندا	62
باسىم	اۋىرپ	44
باسىم	اۋرعاندا	70
ونىڭ	جاقسى	49
ونىڭ	بىر	55
ونىڭ	نە	56
ونىڭ	بارى	24
ونىڭ	كىم	69
ونىڭ	ۇزى	70
ونىڭ	قانداي	50
ونىڭ	راس	46
ونىڭ	وزى	59
ونىڭ	اتى	53
ونىڭ	دۇرىس	69
ونىڭ	بارىن	64
ونىڭ	ۇيى	24
ونىڭ	اقشاسىن	69
ونىڭ	نەسى	65
ونىڭ	ىشىندە	40
ونىڭ	ءوزى	43
ونىڭ	دۇرس	64
ونىڭ	الدىندا	72
ونىڭ	بالاسى	54
ونىڭ	ۇستىنە	70
ونىڭ	بارىنە	56
ونىڭ	قاسىندا	9
ونىڭ	ايەلى	64
ونىڭ	ويى	67
ونىڭ	كۇيەۋى	70
ونىڭ	سىرتىندا	56
ونىڭ	بەتىن	69
ونىڭ	ۇستنە	72
ونىڭ	ماعان	38
ونىڭ	ارعى	70
ونىڭ	تەلەفونى	72
ونىڭ	سوزىن	48
وتىرمىز	عوي	70
وتىرمىز	جانىم	23
وتىرمىز	دەپ	24
وتىرمىز	سول	71
وتىرمىز	ەندى	51
وتىرمىز	تاماق	61
وتىرمىز	دەيدى	65
وتىرمىز	ۇيدە	64
وتىرمىز	شاي	72
وتىرمىز	اڭگىمە	68
وتىرمىز	بىر	63
كۇش	جوق	65
كۇش	بەرمەي	29
كۇش	بەرمەيدى	13
كۇش	بايسالدى	23
كۇش	قۋات	31
كۇش	كۇلىكتى	9
كۇشتى	عوي	32
كۇشتى	جانىم	16
كۇشتى	دەپ	27
كۇشتى	بولسىن	12
كۇشتى	بولدى	70
كۇشتى	ەكەن	59
كۇشتى	بولىپ	40
كۇشتى	بولسا	72
كۇشتى	بولادى	56
كۇشتى	تاماق	51
كۇشتى	ان	67
كۇشتى	بوپ	66
كۇشتى	بولعان	68
كۇشتى	كەرەمەت	52
كۇشتى	بولىپتى	64
كۇشتى	كۇشتى	59
كۇشتى	بولپتى	64
كۇشتى	مەكەن	64
كۇشتى	ءان	58
كۇشتى	جاقسى	67
كۇشتى	راحىمەت	34
كۇشتى	دوسىم	59
كۇشتى	ءانىڭ	62
قالادى	عوي	70
قالادى	جانىم	13
قالادى	مەن	48
قالادى	دەپ	65
قالادى	ەكەن	23
قالادى	بىر	12
قالادى	سول	71
قالادى	قوي	65
قالادى	دەيدى	64
قالادى	دەگەن	46
قالادى	ەكەنسىڭ	67
قالادى	ەمەسپە	20
قالادى	ەكەم	47
قالادى	ەكەمىز	22
قالادى	كەيدە	66
قالادى	ەكەسىڭ	64
قالادى	ەكەنبىز	69
قالادى	ەكەنمىن	61
قالادى	ەكەمىن	51
بىزدە	جوق	62
بىزدە	جاقسى	50
بىزدە	بىر	25
بىزدە	سول	37
بىزدە	بار	18
بىزدە	ەندى	54
بىزدە	الى	24
بىزدە	كەلىپ	72
بىزدە	ەرتەڭ	70
بىزدە	ادام	51
بىزدە	بۇگىن	63
بىزدە	بارى	51
بىزدە	بارىپ	51
بىزدە	ەكى	55
بىزدە	تاماق	59
بىزدە	ۇيدە	43
بىزدە	ۇيگە	48
بىزدە	كۇن	51
بىزدە	امان	66
بىزدە	امانشىلىق	38
بىزدە	اقشا	22
بىزدە	قاربالاس	66
بىزدە	بىراز	50
بىزدە	شاي	52
بىزدە	از	69
بىزدە	ازىر	62
بىزدە	جاڭا	64
بىزدە	كەلە	50
بىزدە	جاڭە	58
بىزدە	جاتىرمىز	55
بىزدە	سۇيتىپ	64
بىزدە	ونداي	44
بىزدە	وتىرمىز	71
بىزدە	بارامىز	62
بىزدە	كەلدىك	49
بىزدە	تاياپ	71
بىزدە	قايتامىز	65
بىزدە	جاتتىق	62
بىزدە	قايتتىق	63
بىزدە	جاقسىمىز	70
بىزدە	توي	67
بىزدە	كەشە	61
بىزدە	سولاي	71
بىزدە	بارايىق	64
بىزدە	قايتىق	66
نەشە	بولدى	67
نەشە	ەكەن	57
نەشە	ادام	57
نەشە	اي	18
نەشە	كۇن	37
نەشە	يۋان	52
نەشە	جول	10
نەشە	بالا	66
نەشە	ۋاقىت	61
نەشە	سوم	38
نەشە	كۇندە	59
نەشە	ساعات	22
نەشە	مىڭ	68
نەشە	جاس	46
نەشە	جۇز	71
نەشە	تۇرلى	58
نەشە	جىل	28
نەشە	تال	17
نەشە	رەت	19
نەشە	كۇننەن	58
نەشە	كۇنگە	68
نەشە	كۇندىك	18
نەشە	بالاڭ	69
نەشە	كيلى	45
نەشە	جىلدان	67
نەشە	كۇننىڭ	45
نەشە	ىرەت	59
نەشە	كۇنەن	53
نەشە	جىلدىڭ	63
نەشە	ايكىس	63
نەشە	جوزى	59
نەشە	ساعاتتا	67
قويا	عوي	69
قويا	سال	34
قويا	تۇر	14
قويا	قال	45
قويا	بەر	50
قويا	بەرىپ	25
قويا	الماي	51
قويا	بەرە	32
قويا	بەرەيىن	39
قويا	سالىپ	43
قويا	بەرەم	38
قويا	بەرەدى	51
قويا	المايمىن	49
قويا	بەردى	51
قويا	بەردىم	47
قويا	سالشى	37
قويا	سالايىن	29
قويا	سالدى	39
قويا	سالدىم	39
قويا	سالساڭ	47
قويا	سالىڭىز	34
قويا	سالدىڭ	40
قويا	سالاسىڭ	16
قويايىن	جانىم	45
قويايىن	مەن	34
قويايىن	دەپ	62
قويايىن	بولدى	13
قويايىن	بىر	52
قويايىن	سەن	71
قويايىن	ەندى	59
قويايىن	وندا	69
قويايىن	ەرتەڭ	46
قويايىن	ساعان	65
قويايىن	دەيدى	64
قويايىن	دەگەن	64
قويايىن	بولاما	65
قويايىن	دەسەم	39
قويايىن	دەدىم	34
قويايىن	دەگەم	61
قويايىن	دەگەنىم	25
بولدىڭ	عوي	73
بولدىڭ	جانىم	6
بولدىڭ	مەن	35
بولدىڭ	دەپ	64
بولدىڭ	سەن	55
بولدىڭ	ەندى	71
بولدىڭ	قوي	59
بولدىڭ	سوندا	36
بولدىڭ	ەمەسپە	66
بولدىڭ	اتىڭ	72
بولدىڭ	تانسا	53
بولدىڭ	دار	61
تاس	ەكەن	61
تاس	بار	39
تاس	جول	46
تاس	قالدىم	46
تاس	باۋىر	38
تاس	جۇرەك	39
تاس	تەرىپ	27
تاس	بولىپ	27
تاس	الما	39
تاستا	جانىم	41
تاستا	مەن	38
تاستا	دەپ	48
تاستا	بولدى	23
تاستا	وندا	50
تاستا	مەنى	48
تاستا	دەيدى	49
تاستا	بولاما	45
تاستاپ	بىر	29
تاستاپ	ەندى	59
تاستاپ	قوي	57
تاستاپ	كەلىپ	65
تاستاپ	جاتىرمىن	68
تاستاپ	قايدا	66
تاستاپ	ۇيگە	62
تاستاپ	وتىر	36
تاستاپ	وتىرمىن	67
تاستاپ	كەت	60
تاستاپ	كەتتى	37
تاستاپ	بىراق	65
تاستاپ	كەتىپ	52
تاستاپ	قايتا	47
تاستاپ	قايتىپ	46
تاستاپ	كەتتىم	27
تاستاپ	كەلدىم	49
تاستاپ	قويدىم	43
تاستاپ	ەدىم	62
تاستاپ	كەتتىڭ	38
تاستاپ	قويىپ	33
تاستاپ	كەتكەن	65
تاستاپ	بارايىن	46
تاستاپ	كەتە	43
تاستاپ	كەتەدى	39
تاستاپ	ەدىڭ	48
تاستاپ	كەتىپتى	65
تاستاپ	كەتەم	59
تاستاپ	كەتەتىن	46
تاستاپ	كەتسە	52
تاستاپ	جۇرمە	66
تاستاپ	كەتپتى	47
تاستاپ	قاشىپ	65
تاستاپ	كەتەيىن	67
تاستاپ	كەتەسىڭ	68
تاستاپ	كەتسەڭ	61
تاستاپ	كەتەمىن	56
تاستاپ	كەتسەم	41
تاستاپ	كەتىڭ	55
تاستاپ	كەتكەم	66
تاستاپ	كەتەمە	51
تاستاپ	قويىڭىزدار	68
تاستاپ	كەتەسىڭبە	45
تاستاپ	سودان	63
تاستاپ	كەتبەشى	58
وزىم	عوي	67
وزىم	دەپ	61
وزىم	جاقسى	55
وزىم	بىر	47
وزىم	سول	39
وزىم	الىپ	53
وزىم	بارىپ	39
وزىم	ۇيدە	71
وزىم	تەلەفون	69
وزىم	ايتىپ	45
وزىم	اق	72
وزىم	ىستەپ	60
وزىم	اۋىرىپ	66
وزىم	كورىپ	65
وزىم	تاۋىپ	58
وزىم	الايىن	39
وزىم	بارا	69
وزىم	بارام	65
وزىم	عانا	66
وزىم	قاراپ	49
وزىم	اپارىپ	70
وزىم	ايتام	67
وزىم	ۇشىن	60
وزىم	بارايىن	66
وزىم	سياقتى	33
وزىم	جالعىز	67
وزىم	ارەڭ	70
وزىم	الام	69
وزىم	بىلەم	59
وزىم	قابارلاسايىن	21
وزىم	بىلەمىن	51
وزىم	قابارلاسام	61
وزىم	سەنى	35
وزىم	جاتىرمىن	71
وزىم	بارامىن	65
وزىم	ىزدەپ	56
قالايسىڭ	جانىم	55
قالايسىڭ	دەپ	21
قالايسىڭ	جاقسى	68
قالايسىڭ	نەعىپ	47
قالايسىڭ	وسى	49
قالايسىڭ	دوسىم	70
قالايسىڭ	جاقسىما	35
قالايسىڭ	ۇزى	7
قالايسىڭ	دەنساۋلىق	63
قالايسىڭ	دەنساۋلىعىڭ	68
قالايسىڭ	جاقسىڭبا	37
سومەن	جانىم	44
سومەن	مەن	36
سومەن	جوق	69
سومەن	سول	65
سومەن	نە	55
سومەن	نەعىپ	20
سومەن	كەلىپ	10
سومەن	ەرتەڭ	69
سومەن	بۇگىن	69
سومەن	بارىپ	58
سومەن	قاي	69
سومەن	جاتىرمىن	36
سومەن	قايدا	67
سومەن	ۇيدە	63
سومەن	بىرگە	69
سومەن	وتىرمىن	58
سومەن	دوسىم	61
سومەن	امان	65
سومەن	ۇزىڭ	66
سومەن	قاشان	67
سومەن	قاربالاس	55
سومەن	قانداي	47
سومەن	وزىڭ	46
سومەن	قايداسىڭ	64
سومەن	اڭگىمە	64
سومەن	نەستەپ	41
سىزگە	بىر	74
سىزگە	نە	45
سىزگە	راحىمەت	40
سىزگە	بارىپ	61
سىزگە	تەلەفون	75
سىزگە	ايتىپ	63
سىزگە	كوپ	75
سىزگە	جولداپ	55
سىزگە	اعا	61
سىزگە	اتىپ	62
سىزگە	قاراپ	59
سىزگە	ايتايىن	72
سىزگە	ايتقانىڭىز	75
سىزگە	سەنىپ	74
سىزگە	مەيىربان	67
سىزگە	سەندىم	36
سىزگە	جانىم	71
سىزگە	مەن	72
سىزگە	دەگەن	56
سىزگە	جەجە	63
سىزگە	سويلەپ	63
سىزگە	اپەكە	68
سىزگە	جاپا	56
سىزگە	اسابا	74
سىزگە	كەڭەس	75
ناق	مەن	68
ناق	بولسىن	47
ناق	جاقسى	65
ناق	بىر	54
ناق	سول	66
ناق	سەن	61
ناق	قوي	54
ناق	بولسا	64
ناق	قاي	61
ناق	وسى	62
ناق	اقشا	56
ناق	قانشا	66
ناق	ۇزى	64
ناق	قاشان	52
ناق	وزى	19
ناق	ايتتىڭ	69
ناق	ايتام	59
ناق	شىن	66
ناق	ايتىڭ	36
ناق	سونداي	68
ناق	الاتىن	65
ناق	ايتشى	56
ناق	جىندى	68
ناق	زات	18
ناق	پۇل	14
ناق	ايتاسىڭ	50
ناق	قانشاعا	61
ناق	مايدان	66
ناق	اقشاعا	58
ناق	ايتاسىز	63
ناق	مايداندا	66
باسىپ	بولىپ	70
باسىپ	جاتىر	61
باسىپ	قوي	41
باسىپ	ال	58
باسىپ	الىپ	39
باسىپ	تۇر	31
باسىپ	جاتىرمىن	40
باسىپ	وتىرمىن	36
باسىپ	كەتتى	37
باسىپ	قالدى	61
باسىپ	كەتىپ	58
باسىپ	بەرىپ	63
باسىپ	جۇر	67
باسىپ	الدى	69
باسىپ	الدىم	61
باسىپ	كەتتىم	60
باسىپ	بەرەيىن	66
باسىپ	قويدىم	69
باسىپ	تۇرىپ	60
باسىپ	جۇرمىن	63
باسىپ	الايىن	46
باسىپ	قالعان	65
باسىپ	اپارىپ	63
باسىپ	قويىپ	70
باسىپ	كەتكەن	69
باسىپ	جاتىرمىز	47
باسىپ	العان	70
باسىپ	كەتەدى	69
باسىپ	قويايىن	68
باسىپ	تاستاپ	64
باسىپ	باسىپ	68
باسىپ	كەتىپتى	70
باسىپ	قويعام	62
باسىپ	تاستاعام	60
باسىپ	بىر	60
باسىپ	كەلە	62
باسىپ	جاتقان	63
باسىپ	جۇرگەن	54
باسىپ	قالىپپىن	52
باسىپ	بولدىق	66
باسىپ	قالپپىن	59
جەتكەن	قايدا	28
جەتكەن	سوڭ	17
جەتكەن	تۋىلعان	17
جەتكەن	مەرەكەڭ	20
جەتكەن	مەرەكەڭىز	27
جەتكەن	قۇربان	30
جەتكەن	تۇلعان	11
دەم	ال	55
دەم	الىپ	10
دەم	الماي	10
دەم	الدى	59
دەم	الدىم	67
دەم	الايىن	18
دەم	الدىڭ	19
دەم	الدىڭبا	66
دەم	العان	39
دەم	الاتىن	47
دەم	الام	47
دەم	الادى	34
دەم	الامىن	52
دەم	الس	43
دەم	الساڭ	52
دەم	السام	58
دەم	العام	66
دەم	الاسىڭ	55
دەم	الدىق	52
دەم	الپ	62
دەم	الامىز	51
دەم	الاسىڭبا	59
دەم	الايىق	54
دەم	الشى	35
دەم	الىڭىز	52
دەم	السىن	34
دەم	الىس	63
دەم	الىڭدار	20
دەم	العاندا	56
دەم	الاعوي	53
دەم	الساڭشى	46
قايرلى	بولسىن	68
قايرلى	كۇن	43
قايرلى	تاڭ	44
قايرلى	كەش	4
قايرلى	تۇن	15
قايرلى	تۇس	11
وڭ	جاق	62
وڭ	جاعىمەن	12
وڭ	ەنەرگيالى	23
وڭاي	عوي	18
وڭاي	دەپ	26
وڭاي	ەكەن	66
وڭاي	بولىپ	40
وڭاي	ادام	44
وڭاي	بولسا	49
وڭاي	اقشا	4
وڭاي	ەمەس	60
وڭاي	ىس	50
وڭاي	جۇمىس	56
وڭاي	بولعان	57
وڭاي	بولماي	67
وڭاي	نارسە	53
وڭاي	بولمادى	61
وڭاي	ەمەسقوي	44
وڭاي	وسپاق	57
تۇرلى	عوي	68
تۇرلى	جاقسى	41
تۇرلى	ەكەن	42
تۇرلى	بولىپ	31
تۇرلى	ادام	10
تۇرلى	بولادى	65
تۇرلى	سەنى	47
تۇرلى	تاماق	38
تۇرلى	ايتەۋ	61
تۇرلى	بوپ	65
تۇرلى	اۋىرىپ	35
تۇرلى	بولدىم	63
تۇرلى	جامان	51
تۇرلى	شارشاپ	66
تۇرلى	جۇرەگىم	52
تۇرلى	ساعىنىپ	58
تۇرلى	قىلىپ	60
تۇرلى	دارى	64
تۇرلى	تۇرلى	69
تۇرلى	ساي	48
تۇرلى	تۇرادى	53
تۇرلى	ساعنىپ	70
تۇرلى	تۇستى	55
تۇرلى	باس	70
تۇرلى	الاڭداپ	67
تۇرلى	كوڭىلسىز	63
تۇرلى	قۇلازىپ	70
بىلايدە	جانىم	60
بىلايدە	مەن	11
بىلايدە	جاقسى	42
بىلايدە	بولدى	28
بىلايدە	سول	60
بىلايدە	سەن	70
بىلايدە	ماقۇل	72
بىلايدە	وندا	65
بىلايدە	مەندە	75
بىلايدە	ول	72
بىلايدە	جارايدى	68
بىلايدە	دوسىم	20
بىلايدە	دۇرىس	70
بىلايدە	اس	65
بىلايدە	بوپتى	70
بىلايدە	باسە	70
بىلايدە	نە	48
بىلايدە	ەندى	73
بىلايدە	بۇگىن	30
بىلايدە	بولادى	51
بىلايدە	قاشان	46
بىلايدە	دەڭىز	58
سۋ	عوي	71
سۋ	مەن	72
سۋ	جوق	70
سۋ	ەكەن	18
سۋ	بار	57
سۋ	بولىپ	38
سۋ	الىپ	30
سۋ	كەلىپ	32
سۋ	بولسا	63
سۋ	بارما	73
سۋ	ىش	40
سۋ	ىشىپ	51
سۋ	كوپ	35
سۋ	بەرىپ	69
سۋ	بوپ	62
سۋ	كەلدى	58
سۋ	شىعىپ	64
سۋ	جاڭا	53
سۋ	اپارىپ	58
سۋ	كۇپ	72
سۋ	قويىپ	67
سۋ	ماي	70
سۋ	سۋ	73
سۋ	كىرىپ	55
سۋ	اكەپ	72
سۋ	پۇل	31
سۋ	اقى	58
سۋ	قۇيىپ	67
سۋ	توقتاپ	68
سۋ	اكەلىپ	26
سۋ	جەتپەي	47
سۋ	قايناتىپ	57
سۋ	ىشەتىن	66
سۋ	تاسىپ	56
سۋ	اعىپ	66
سۋ	توقتايدى	62
سۋ	تولىقتاۋ	65
سۋ	سەپكەندەي	62
سۋ	قاشان	65
سۋ	از	58
سۋ	اتىپ	61
سۋ	سالىپ	69
سۋ	ءىشىپ	59
سۋ	ۇستاپ	68
سۋ	شاشىپ	70
سۋ	سۋارىپ	37
بىلە	عوي	74
بىلە	الماي	18
بىلە	الدىڭبا	10
بىلە	تۇرا	19
بىلە	المادىم	18
بىلەدى	عوي	15
بىلەدى	جانىم	16
بىلەدى	مەن	41
بىلەدى	دەپ	49
بىلەدى	ەكەن	50
بىلەدى	بىر	28
بىلەدى	سول	63
بىلەدى	نە	67
بىلەدى	سەن	58
بىلەدى	ەندى	56
بىلەدى	مەنىڭ	74
بىلەدى	ول	72
بىلەدى	دەيدى	54
بىلەدى	ونى	68
بىلەدى	ايتەۋ	70
بىلەدى	ەكەنسىڭ	32
بىلەدى	ەمەسپە	37
بىلەدى	مەنى	47
بىلەدى	سەنى	72
بىلەدى	سەنىڭ	55
جىندى	عوي	62
جىندى	مەن	26
جىندى	دەپ	62
جىندى	بولدى	51
جىندى	ەكەن	54
جىندى	سول	17
جىندى	بولىپ	35
جىندى	ادام	15
جىندى	ەمەس	52
جىندى	بوپ	39
جىندى	بولعان	49
جىندى	ەكەنسىڭ	68
جىندى	بولدىم	19
جىندى	ەمەسپە	53
جىندى	قىز	64
جىندى	بولما	66
جىندى	بولاتىن	71
جىندى	قىلىپ	54
جىندى	قۇساپ	49
جىندى	قاتىن	43
جىندى	بولدىڭبا	38
جىندى	ەمەسپىن	54
جىندى	بولايىن	33
جىندى	قىلادى	42
جىندى	قىلدى	68
جىندى	قىلدىڭ	65
جىندى	ەمەسبىن	71
جىندى	بولماشى	69
جىندى	كورىپ	39
جىندى	سياقتى	65
جىندى	قىلاتىن	69
وتە	جاقسى	60
وتە	بىر	19
وتە	ەرتە	67
وتە	اق	47
وتە	قاربالاس	64
وتە	كوپ	43
وتە	از	20
وتە	الماي	49
وتە	تەز	50
وتە	اۋىر	49
وتە	كەلە	51
وتە	قاتتى	52
وتە	قيىن	45
وتە	دۇرىس	20
وتە	مىقتى	51
وتە	ۇلكەن	25
وتە	كەرەمەت	41
وتە	جامان	31
وتە	جاي	52
وتە	شارشاپ	45
وتە	كۇشتى	66
وتە	وتە	69
وتە	ارتىق	66
وتە	سۋىق	53
وتە	ۇزاق	56
وتە	دۇرس	56
وتە	جاقىن	35
وتە	ادەمى	57
وتە	شىعادى	60
وتە	قولايلى	64
وتە	قىيىن	56
وتە	اسىپ	65
وتە	شىقتى	66
وتە	كىشكەنە	51
وتە	ارزان	48
وتە	جوعارى	64
وتە	قىمبات	60
وتە	تومەن	68
وتە	تاماشا	70
وتە	جۋاس	70
وتە	ماڭىزدى	58
وتە	ارىق	67
وتە	ناشار	68
وتە	بەرەدى	46
وتە	ىستىق	51
وتە	ۇزىن	48
وتە	ىسىپ	58
وتە	ستىق	50
وتە	الىس	65
ىراحىمەت	جانىم	49
ىراحىمەت	ساعان	12
ىراحىمەت	بىرگە	24
ىراحىمەت	دوسىم	46
ىراحىمەت	اعا	47
ىراحىمەت	ايتقانىڭ	57
ىراحىمەت	جەجە	48
ىراحىمەت	اينالايىن	23
ىراحىمەت	سىزگە	48
ىراحىمەت	ىراحىمەت	19
ىراحىمەت	باۋىرىم	39
ىراحىمەت	ايتقانىڭىز	66
ىراحىمەت	بارلىقتارىڭىزعا	63
ىراحىمەت	وزىڭە	63
ىراحىمەت	ۇزىڭە	44
ىراحىمەت	اسابا	64
ىراحىمەت	سىزدەرگە	67
ىراحىمەت	ايتقاندارىڭىز	56
ارت	جاق	58
ارت	جاققا	20
ارت	جاقتا	16
ارت	ارتىنان	13
ارت	جاقتان	8
ارت	جاعى	23
ارت	جاعىن	20
ارت	جاقتاعى	20
ارت	جاقتى	24
ارت	ارتنان	25
ارتى	جوق	25
ارتى	جاقسى	21
ارتى	نە	19
ارتى	قايىرلى	26
ارتى	توي	37
ارتى	قايرلى	35
ارتى	قالاي	17
ارتى	ويىق	37
ارتى	قيىق	17
ارتىق	دەپ	63
ارتىق	جوق	37
ارتىق	جاقسى	65
ارتىق	بولدى	38
ارتىق	ەكەن	57
ارتىق	بىر	42
ارتىق	نە	66
ارتىق	بار	59
ارتىق	بولىپ	48
ارتىق	قوي	30
ارتىق	ادام	42
ارتىق	بولسا	34
ارتىق	ايتىپ	36
ارتىق	كەتتى	50
ارتىق	اقشا	52
ارتىق	دەگەن	66
ارتىق	ەمەس	69
ارتىق	كەتىپ	32
ارتىق	قانداي	37
ارتىق	اتىپ	66
ارتىق	بوپ	68
ارتىق	كورىپ	63
ارتىق	ايتقان	63
ارتىق	ەشتەڭە	58
ارتىق	ويلاپ	51
ارتىق	كەتكەن	30
ارتىق	بولمايدى	53
ارتىق	اڭگىمە	42
ارتىق	نارسە	60
ارتىق	سويلەپ	64
ارتىق	سۇيلەپ	60
ارتىق	زات	70
ارتىق	باقىت	56
ارتىق	سوز	68
ارتىق	ەشتەمە	41
ارتىق	سۇز	67
ارتىق	اۋىز	27
ارتىق	كەتسە	31
ارتىق	ايتسام	63
ارتىق	كورەم	46
ارتىق	كەتسەم	58
ارتىق	ويلاما	49
ارتىق	تالاپ	52
ارتىق	اۋىس	51
ارتىق	تالابىم	69
ارتىق	باس	67
ارتىق	سۇت	68
بالام	عوي	63
بالام	مەن	64
بالام	دەپ	58
بالام	جوق	52
بالام	جاقسى	43
بالام	بىر	49
بالام	نەعىپ	15
بالام	بار	66
بالام	سەن	51
بالام	ەندى	69
بالام	الىپ	66
بالام	كەلىپ	66
بالام	قايدا	59
بالام	تەلەفون	66
بالام	اي	67
بالام	امان	51
بالام	ۇيقتاپ	43
بالام	اۋىرىپ	60
بالام	ۇشىن	42
بالام	تۋىلعان	44
بالام	ەكەمىز	40
باستا	مەن	67
باستاپ	مەن	24
باستاپ	جاقسى	55
باستاپ	بىر	62
باستاپ	الىپ	49
باستاپ	مەندە	67
باستاپ	ماعان	56
باستاپ	ەكى	67
باستاپ	كۇن	41
باستاپ	كەتتى	68
باستاپ	ىستەپ	67
باستاپ	قايتا	57
باستاپ	كەتتىم	68
باستاپ	ۇش	66
باستاپ	جۇمىس	64
باستاپ	كەتكەن	67
باستاپ	جۇمىسقا	66
باستاپ	كەتتىك	61
باستاپ	ساعان	63
ۇيى	عوي	71
ۇيى	جوق	32
ۇيى	ەكەن	35
ۇيى	بار	26
ۇيى	قاي	14
ۇيى	قايدا	28
ۇيىقتا	جانىم	30
ۇيىقتا	بولدى	17
ۇيىقتا	ەندى	13
ۇيىقتا	وندا	27
ۇيىقتاپ	ەندى	19
ۇيىقتاپ	جاتىر	51
ۇيىقتاپ	ال	17
ۇيىقتاپ	الىپ	28
ۇيىقتاپ	جاتىرمىن	63
ۇيىقتاپ	قالدى	59
ۇيىقتاپ	ازىر	18
ۇيىقتاپ	قالدىم	60
ۇيىقتاپ	تۇرىپ	58
ۇيىقتاپ	جاڭا	62
ۇيىقتاپ	الايىن	63
ۇيىقتاپ	جاتىپ	28
ۇيىقتاپ	قالعان	10
ۇيىقتاپ	جاڭە	49
ۇيىقتاپ	قالدىڭ	67
ۇيىقتاپ	قالدىڭبا	54
ۇيىقتاپ	جاتقان	34
ۇيىقتاپ	قالادى	65
ۇيىقتاپ	قالىپ	68
ۇيىقتاپ	قالىپتى	56
ۇيىقتاپ	قالىپپىن	58
ۇيىقتاپ	دەمالىپ	13
ۇيىقتاپ	جاتىرسىڭبا	67
ۇيىقتاپ	قالدىما	47
ۇيىقتاپ	قالاتىن	52
ۇيىقتاپ	قالما	45
ۇيىقتاپ	قالام	59
ۇيىقتاپ	تۇردىم	61
ۇيىقتاپ	قالاسىڭ	70
ۇيىقتاپ	تۇردىڭبا	57
ۇيىقتاپ	جاتىرما	68
ۇيىقتاپ	قالسام	63
ۇيىقتاپ	جاتقاندا	68
ۇيىقتاپ	قالساڭ	59
ۇيىقتاپ	قالعام	67
ۇيىقتاپ	قالعاندا	69
ۇيىقتاپ	وياندىم	56
ۇيىقتاپ	قالدىڭىزبا	66
ۇيىقتاپ	قالدىڭدارما	49
ۇيىقتاپ	قاپپىن	59
ۇيىقتاپ	قالىپتىم	70
بۇيىرسا	جانىم	69
بۇيىرسا	مەن	48
بۇيىرسا	دەپ	60
بۇيىرسا	جاقسى	68
بۇيىرسا	بىر	56
بۇيىرسا	سول	42
بۇيىرسا	ەندى	53
بۇيىرسا	ەرتەڭ	48
بۇيىرسا	بۇگىن	18
بۇيىرسا	مەندە	52
بۇيىرسا	بارى	53
بۇيىرسا	بارىپ	48
بۇيىرسا	ەكى	63
بۇيىرسا	بولادى	61
بۇيىرسا	وسى	57
بۇيىرسا	كەيىن	64
بۇيىرسا	تاعى	61
بۇيىرسا	تاڭەرتەڭ	46
بۇيىرسا	كەشتە	48
بۇيىرسا	از	57
بۇيىرسا	بارام	63
بۇيىرسا	بارامىن	66
بۇيىرسا	بارامىز	28
بۇيىرسا	بۇرسىگۇنى	62
بۇيىرسا	كەلەر	58
بۇيىرسا	توي	52
بۇيىرسا	تويعا	58
بۇيىرسا	تويدا	18
بۇيىرسا	دام	54
قايداعى	جانىم	68
قايداعى	مەن	59
قايداعى	جاقسى	70
قايداعى	بىر	64
قايداعى	ەرتە	50
قايداعى	ادام	48
قايداعى	ەكى	66
قايداعى	تاماق	66
قايداعى	اقشا	35
قايداعى	جۇمىس	20
قايداعى	بالا	58
قايداعى	ۋاقىت	41
قايداعى	ماشينا	61
قايداعى	قىز	62
قايداعى	جامان	62
قايداعى	توي	70
قايداعى	جاس	60
قايداعى	بارعان	65
قايداعى	جىگىت	67
قايداعى	قاتىن	46
قايداعى	پۇل	46
قايداعى	ايەل	52
قايداعى	ۇيقى	68
قايداعى	دەمالىس	66
قايداعى	ويىن	72
قايداعى	جان	67
قايداعى	ۇي	53
قايداعى	تويعا	35
قايداعى	تويدا	70
قايداعى	سۇلۋ	69
كەلمەيدى	عوي	68
كەلمەيدى	جانىم	13
كەلمەيدى	مەن	25
كەلمەيدى	دەپ	60
كەلمەيدى	ەكەن	31
كەلمەيدى	سول	70
كەلمەيدى	سەن	68
كەلمەيدى	ەندى	64
كەلمەيدى	ول	64
كەلمەيدى	سەنى	60
كەلمەيدى	وسى	63
كەلمەيدى	دەيدى	67
كەلمەيدى	بىراق	70
كەلمەيدى	وعان	62
كەلمەيدى	ەكەنسىڭ	68
كەلمەيدى	ەمەسپە	64
كەلمەيدى	بىر	15
كەلمەيدى	دوسىم	51
كەلمەيدى	دەگەن	69
مەنەن	سالەم	67
مەنەن	جاقسى	19
مەنەن	بىر	45
مەنەن	نە	37
مەنەن	الىپ	49
مەنەن	ەكى	62
مەنەن	نەگە	61
مەنەن	كەيىن	46
مەنەن	اقشا	59
مەنەن	كوپ	47
مەنەن	باسقا	67
مەنەن	كورىپ	18
مەنەن	ۇلكەن	54
مەنەن	سۇراپ	58
مەنەن	كۇرىپ	52
مەنەن	العان	63
مەنەن	جاس	63
مەنەن	بۇرىن	68
مەنەن	ارتىق	31
مەنەن	الاڭداما	70
مەنەن	پالە	37
مەنەن	قورقىپ	51
مەنەن	قاشىپ	66
مەنەن	كىشى	69
مەنەن	كورەدى	69
مەنەن	اۋلاق	69
مەنەن	باسقاسى	57
مەنەن	سۇرايدى	70
مەنەن	مەزى	70
مەنەن	جاسىرىپ	67
مەنەن	جالىندى	65
مەنەن	قۇتىلا	47
مەنەن	قاشقالاقتاپ	56
مەنەن	ۇمىت	32
مەنەن	الاڭداپ	68
مەنەن	كشى	62
مەنەن	باسقاعا	58
مەنەن	مەز	63
ارا	تۇرا	64
ارا	شاعىپ	9
اراق	جوق	16
اراق	ەكەن	66
اراق	بار	70
اراق	الىپ	57
اراق	بولسا	43
اراق	دەگەن	63
اراق	بارما	59
اراق	ىش	67
اراق	ىشىپ	56
اراق	كەش	12
اراق	قويىپ	68
اراق	ءىشىپ	66
اراق	قۇيىپ	17
اراق	شىپ	61
اراق	تەمەكى	39
اراق	ىشەيىك	56
اراق	ىشپ	57
اراق	ىشتىم	53
اراق	ىشەتىن	65
اراق	ىشكىم	41
اراق	ىشكەن	66
اراق	ىشەم	68
اراق	ىشكەلى	53
اراق	ىشەمىز	57
اراق	ىشپە	64
اراق	ىشپەي	41
اراق	ىشەدى	56
اراق	پيجۋ	36
اراق	ساسىپ	56
اراق	ىشپەيمىن	59
اراق	ىشسە	56
اراق	ىشسەڭ	59
اراق	ىشەسىڭ	49
اراق	ىشسەم	69
اراق	ىشبە	67
اراق	ىشكەندە	65
اراق	شكەن	68
اراق	ىشپەيتىن	58
اراق	قويدىراتىن	55
اراق	شاراپ	58
اراق	بەرىپ	21
سۇيلە	جانىم	68
سۇيلە	مەن	16
سۇيلە	دەپ	60
سۇيلە	نە	72
سۇيلە	نەعىپ	59
سۇيلە	دوسىم	70
سۇيلە	بولاما	63
سۇيلە	تەز	67
سۇيلە	شى	50
سۇيلە	بارسىڭبا	46
سۇيلە	سۇيلە	20
سۇيلە	مەيسىڭ	21
سۇيلە	مەسەڭ	50
سۇيلە	بار	62
سۇيلە	وندا	47
سۇيلە	نەگە	71
سۇيلە	وتىر	58
شىعارىپ	بىر	60
شىعارىپ	جاتىر	56
شىعارىپ	قوي	33
شىعارىپ	ال	33
شىعارىپ	الىپ	64
شىعارىپ	كەلىپ	64
شىعارىپ	تۇر	60
شىعارىپ	بارىپ	65
شىعارىپ	جاتىرمىن	66
شىعارىپ	وتىر	59
شىعارىپ	قويشى	52
شىعارىپ	بەر	52
شىعارىپ	بەرىپ	56
شىعارىپ	الدىم	68
شىعارىپ	بەرە	64
شىعارىپ	بەرەيىن	63
شىعارىپ	قويدىم	46
شىعارىپ	الايىن	26
شىعارىپ	جاتقان	63
شىعارىپ	قويىپ	48
شىعارىپ	بەرەم	62
شىعارىپ	بەرشى	61
شىعارىپ	بەرەدى	42
شىعارىپ	قويايىن	67
شىعارىپ	تاستا	65
شىعارىپ	تاستاپ	60
شىعارىپ	بەرەتىن	63
شىعارىپ	بەرەمىن	60
شىعارىپ	وتىرعان	65
شىعارىپ	قويساڭ	68
شىعارىپ	قويعان	68
شىعارىپ	قويىپتى	56
شىعارىپ	قويعام	32
شىعارىپ	جىبەر	59
شىعارىپ	قويپتى	62
شىعارىپ	تاستاپتى	57
شىعارىپ	جىبەردى	64
شىعارىپ	قويىپسىڭ	68
شىعارىپ	كەل	43
شىعارىپ	قويساڭىز	63
شىعارىپ	قويىڭىزشى	60
سۇيلەپ	جاتىر	66
سۇيلەپ	جاتىرسىڭ	19
سۇيلەپ	قوي	53
سۇيلەپ	ال	20
سۇيلەپ	الىپ	65
سۇيلەپ	تۇر	64
سۇيلەپ	جاتىرمىن	24
سۇيلەپ	وتىر	23
سۇيلەپ	وتىرمىن	16
سۇيلەپ	قويشى	39
سۇيلەپ	جۇر	58
سۇيلەپ	قويدىم	68
سۇيلەپ	ەدىم	60
سۇيلەپ	جۇرمىن	64
سۇيلەپ	جاتىپ	33
سۇيلەپ	تۇرمىن	51
سۇيلەپ	جاتقان	62
سۇيلەپ	قويىپ	49
سۇيلەپ	جۇرگەن	57
سۇيلەپ	قويايىن	66
سۇيلەپ	سۇيلەپ	41
سۇيلەپ	وتىرسىڭ	63
سۇيلەپ	وتىرىپ	56
سۇيلەپ	وتىرعان	59
سۇيلەپ	تۇرشى	52
سۇيلەپ	تۇرسىڭ	58
سۇيلەپ	قويساڭ	63
سۇيلەپ	قويىپتى	65
سۇيلەپ	قويعام	67
سۇيلەپ	جاتسا	69
سۇيلەپ	قويام	68
سۇيلەپ	جاتسام	61
سۇيلەپ	قويپتى	54
سۇيلەپ	قويسام	41
سۇيلەپ	تۇرامىن	51
سۇيلەپ	تۇرساڭ	26
سۇيلەپ	وتىرىڭدار	65
سۇت	جوق	46
سۇت	بار	28
سۇت	الىپ	19
سۇت	بولسا	24
سۇت	بارما	52
سۇت	ىشىپ	15
سۇت	بەرىپ	43
سۇت	الدى	42
سۇت	الدىم	50
سۇت	كەلدى	51
سۇت	الايىن	33
سۇت	اپارىپ	33
سۇت	قويىپ	55
سۇت	الاتىن	66
سۇت	نان	64
سۇت	قويا	27
سۇت	الام	47
سۇت	اكەپ	45
سۇت	الامىن	62
سۇت	ساتىپ	46
سۇت	قۇيىپ	57
سۇت	الاسىڭبا	61
سۇت	اكەلىپ	57
سۇت	ساتاتىن	55
سۇت	پىسىرىپ	50
سۇت	پسىرىپ	65
سۇت	الۋشىلار	33
سۇت	الاتىندار	60
سۇت	الساڭىزدار	63
سۇت	الاتىندارىڭىز	65
سۇت	تارتىپ	54
ىزدەپ	جاتىر	70
ىزدەپ	كەل	22
ىزدەپ	كەلىپ	62
ىزدەپ	تۇر	29
ىزدەپ	بارىپ	45
ىزدەپ	جاتىرمىن	51
ىزدەپ	وتىر	57
ىزدەپ	وتىرمىن	46
ىزدەپ	كەتتى	19
ىزدەپ	جۇر	48
ىزدەپ	كەلدىم	67
ىزدەپ	كور	61
ىزدەپ	تاۋىپ	67
ىزدەپ	جۇرمىن	36
ىزدەپ	بارام	69
ىزدەپ	تۇرمىن	43
ىزدەپ	كەلەدى	70
ىزدەپ	جاتقان	65
ىزدەپ	بارايىن	65
ىزدەپ	جاتىرمىز	26
ىزدەپ	جۇرگەن	67
ىزدەپ	باراتىن	68
ىزدەپ	جۇرىپ	56
ىزدەپ	جۇرسىڭ	41
ىزدەپ	بارامىن	65
ىزدەپ	كەلگەن	60
ىزدەپ	وتىرسىڭ	64
ىزدەپ	وتىرعان	68
ىزدەپ	كورەيىن	69
ىزدەپ	بارسام	34
ىزدەپ	كۇرەيىن	40
ىزدەپ	كورشى	58
ىزدەپ	تابا	71
ىزدەپ	كەلىپتى	71
ىزدەپ	بارايىنبا	65
ىزدەپ	تۇراتىن	61
ىزدەپ	بار	65
ىزدەپ	كەلدى	30
ىزدەپ	بارا	61
ىزدەپ	كەلە	33
ىزدەپ	كەتكەن	32
ىزدەپ	بارعان	57
ىزدەپ	بارعاندا	69
ىزدەپ	جۇرمىز	69
ىزدەپ	جۇرسىڭبە	50
ىزدەپ	بارعىم	63
ىزدەپ	تابالماي	71
كىر	دەپ	64
كىر	بولىپ	55
كىر	جۋىپ	46
كىر	كىر	7
كىر	جۇىپ	55
كىر	سابىن	18
كىر	جۋدىم	47
كىر	جۋاتىن	30
كىر	جۋايىن	47
كىر	جۋام	23
كىر	جۋۋ	53
كىر	جۋامىن	51
كىر	جۇدىم	50
كىر	جۇايىن	56
كىر	جۋعالى	55
كىرىپ	بىر	55
كىرىپ	جاتىر	62
كىرىپ	ال	54
كىرىپ	الىپ	29
كىرىپ	كەت	30
كىرىپ	كەتتى	58
كىرىپ	كەتىپ	70
كىرىپ	شاي	35
كىرىپ	جۇر	45
كىرىپ	الدى	64
كىرىپ	الدىم	55
كىرىپ	كەتتىم	63
كىرىپ	شىعىپ	33
كىرىپ	الايىن	65
كىرىپ	بارا	34
كىرىپ	جاتىپ	61
كىرىپ	الدىڭبا	60
كىرىپ	كەتتىڭ	47
كىرىپ	كەتكەن	61
كىرىپ	العان	50
كىرىپ	كەتە	37
كىرىپ	كەتەدى	64
كىرىپ	شعىپ	51
كىرىپ	الادى	53
كىرىپ	الساڭ	68
كىرىپ	كەتىپتى	66
كىرىپ	السام	69
كىرىپ	كەتەتىن	63
كىرىپ	كەتسە	69
كىرىپ	شىقتىم	65
كىرىپ	كەتپتى	65
كىرىپ	كەتەيىن	58
كىرىپ	كەتتىك	69
كىرىپ	الىپتى	65
كىرىپ	كەتسەڭ	68
كىرىپ	الىڭىز	61
كىرىپ	كەتسەم	65
كىرىپ	شىعايىن	66
كىرىپ	شىعايىق	64
كىرىپ	قالپسىڭ	66
كىرىپ	وتىر	20
كىرىپ	كەتەم	52
كىرىپ	الدىق	56
كىرىپ	كەتەسىڭ	64
كىرىپ	الپتى	59
كىرىپ	كەتپەسىن	55
كىرىپ	الڭىزدار	40
جارىم	جان	68
جارىم	بولدى	69
جارىم	بار	50
جارىم	بولىپ	32
جارىم	بولسا	36
جارىم	مەنىڭ	64
جارىم	بولادى	61
جارىم	اي	64
جارىم	كۇن	28
جارىم	بارما	14
جارىم	بوپ	16
جارىم	تۇن	65
جارىم	تۇندە	37
جارىم	كەلە	63
جارىم	كۇندە	60
جارىم	ساعات	61
جارىم	مىڭ	11
جارىم	جىل	57
جارىم	جولعا	24
جارىم	باعادا	66
جارىم	كيلى	65
جارىم	جىلدا	19
جارىم	جىلدان	63
جارىم	ساعاتتا	60
جارىم	ساعاتتان	56
جارىم	ساعاتقا	66
جارىم	ىرىس	65
جارىم	تۇنگە	60
جارىم	ىرس	55
جارىم	ساعاتتاي	47
جارىم	دەپ	68
جارىم	جولدا	59
جارىم	ايدان	18
جارىم	سۇيىكتىم	67
جاز	جانىم	51
جاز	مەن	26
جاز	دەپ	45
جاز	قولايسىز	37
جاز	تۇرىم	48
جاز	وتىپ	36
جاز	ۇتىپ	45
جازىپ	جاتىر	37
جازىپ	جاتىرسىڭ	41
جازىپ	قوي	63
جازىپ	ال	23
جازىپ	الىپ	62
جازىپ	جاتىرمىن	50
جازىپ	وتىر	42
جازىپ	وتىرمىن	29
جازىپ	قويشى	20
جازىپ	بەر	36
جازىپ	بەرىپ	48
جازىپ	جولدا	57
جازىپ	جولداپ	67
جازىپ	بەرە	66
جازىپ	بەرەيىن	62
جازىپ	قويدىم	47
جازىپ	جاتقان	21
جازىپ	قويىپ	68
جازىپ	العان	63
جازىپ	جولداشى	67
جازىپ	بەرشى	65
جازىپ	قويايىن	66
جازىپ	وتىرسىڭ	49
جازىپ	وتىرعان	46
جازىپ	بەردى	63
جازىپ	قويساڭ	69
جازىپ	قويعان	56
جازىپ	قويىپتى	62
جازىپ	جولداي	57
جازىپ	قويعام	38
جازىپ	قويىڭىز	54
جازىپ	قويپتى	68
جازىپ	قويسام	44
جازىپ	الىپپىن	67
جازىپ	قويىپسىڭ	19
جازىپ	سويلە	31
جازىپ	سۇيلە	66
اياق	جوق	59
اياق	جاقسى	52
اياق	ەكەن	66
اياق	بار	66
اياق	بولىپ	68
اياق	الىپ	66
اياق	بارما	67
اياق	قانداي	65
اياق	الدىم	48
اياق	اۋىرىپ	68
اياق	الايىن	65
اياق	جۋىپ	59
اياق	جاققا	23
اياق	قول	56
اياق	جاقتا	40
اياق	كيىم	48
اياق	قولى	55
اياق	قولىم	67
اياق	قولىڭ	54
اياق	جاعى	67
اياق	استى	40
اياق	استىنان	38
اياق	جاعىن	8
اياق	جاعىنا	61
اياق	جاقتاعى	66
اياق	جۋاتىن	56
اياق	قولىمدى	47
اياق	جاعىندا	66
اياق	جۋايىن	63
اياق	قولىن	65
اياق	مالىپ	59
اياق	قولىڭدى	68
اياق	استنان	62
اياق	جاعىنداعى	67
اياق	استىننان	45
اياق	مالاتىن	31
اياق	دەگەن	36
اياق	جاقتان	25
اياق	مالۋ	51
شعىپ	بىر	63
شعىپ	جاتىر	60
شعىپ	الىپ	39
شعىپ	تۇر	45
شعىپ	تاماق	69
شعىپ	وتىر	19
شعىپ	وتىرمىن	62
شعىپ	كەت	63
شعىپ	كەتتى	55
شعىپ	قالدى	62
شعىپ	كەتىپ	39
شعىپ	جۇر	45
شعىپ	الدى	25
شعىپ	الدىم	69
شعىپ	كەتتىم	60
شعىپ	كەلدىم	49
شعىپ	جۇرمىن	65
شعىپ	بارا	61
شعىپ	بارام	63
شعىپ	كەلە	61
شعىپ	الدىڭبا	64
شعىپ	جاتقان	32
شعىپ	كەتكەن	63
شعىپ	كەتە	68
شعىپ	كەتەدى	69
شعىپ	كەتىپتى	50
شعىپ	كەتەم	59
شعىپ	قالسا	68
شعىپ	كەتسە	64
شعىپ	تۇرادى	59
شعىپ	كەتپتى	52
شعىپ	كەلەيىن	64
شعىپ	كەتەيىن	64
شعىپ	قالاما	41
شعىپ	كەتىم	37
شعىپ	قالار	62
شعىپ	جاتسا	69
شعىپ	كەلەيىك	62
شعىپ	كەتسەڭ	61
شعىپ	كەتسەم	66
شعىپ	كەتكەم	62
شعىپ	جاتىرمىن	25
شعىپ	كەتتىڭ	64
شعىپ	ويناپ	69
شعىپ	كەتەتىن	64
شعىپ	كەتتىك	65
دەنساۋلىعى	جاقسى	53
دەنساۋلىعى	قالاي	26
دەنساۋلىعى	جاقسىما	44
دەنساۋلىعى	قانداي	16
دەنساۋلىعى	مىقتى	46
دەنساۋلىعى	جونىندە	2
دەنساۋلىعىڭ	جاقسى	51
دەنساۋلىعىڭ	قالاي	45
دەنساۋلىعىڭ	جاقسىما	17
دەنساۋلىعىڭ	قانداي	9
دەنساۋلىعىڭ	مىقتى	50
دەنساۋلىعىڭ	جاقسما	4
باسە	جانىم	46
باسە	مەن	48
باسە	جوق	42
باسە	بىر	17
باسە	سول	50
باسە	نە	51
باسە	نەعىپ	54
باسە	سەن	46
باسە	بۇگىن	44
باسە	مەندە	56
باسە	ماعان	61
باسە	مەنى	54
باسە	مەنىڭ	65
باسە	نەگە	65
باسە	ول	44
باسە	تەلەفون	70
باسە	قاربالاس	58
باسە	نەدەگەن	64
باسە	كەشە	66
باسە	ايتەۋ	55
باسە	تۇندە	56
باسە	باعانا	69
باسە	سونداي	57
باسە	سۇيتىپ	42
باسە	سولاي	69
باسە	سويلەمەي	64
باسە	جوقسىڭ	68
باسە	قابارسىز	44
باسە	جىم	59
باسە	بۇل	66
باسە	سۇيلەمەي	69
بارمىن	عوي	60
بارمىن	جانىم	15
بارمىن	مەن	15
بارمىن	دەپ	68
بارمىن	سول	72
بارمىن	نە	42
بارمىن	سەن	54
بارمىن	ەندى	66
بارمىن	قوي	66
بارمىن	تاماق	72
بارمىن	دەيدى	70
بارمىن	ۇيدە	67
بارمىن	دوسىم	43
بارمىن	ۇزىڭ	50
بارمىن	قاربالاس	65
بارمىن	اعا	68
بارمىن	ايتا	70
بارمىن	بارمىن	69
بارمىن	بىر	41
بارمىن	بىراز	50
قۇرسىن	جانىم	64
قۇرسىن	مەن	65
قۇرسىن	دەپ	55
قۇرسىن	بولدى	59
قۇرسىن	بىر	39
قۇرسىن	نە	61
قۇرسىن	ەندى	56
قۇرسىن	ول	47
قۇرسىن	اي	65
قۇرسىن	نەدەگەن	61
قۇرسىن	ۇيات	64
قۇرسىن	دەشى	55
اقشاسى	عوي	56
اقشاسى	دەپ	19
اقشاسى	جوق	51
اقشاسى	جاقسى	50
اقشاسى	بار	49
اقشاسى	قايدا	16
اقشاسى	قانشا	45
اقشاسى	كوپ	19
اقشاسى	يۋان	29
اقشاسى	كۇپ	40
اقشاسىن	مەن	44
اقشاسىن	بىر	37
اقشاسىن	سەن	63
اقشاسىن	الى	53
اقشاسىن	الىپ	63
اقشاسىن	ەرتەڭ	28
اقشاسىن	ماعان	66
اقشاسىن	ساعان	61
اقشاسىن	بىراق	66
اقشاسىن	قاشان	66
اقشاسىن	بەر	57
اقشاسىن	بەرىپ	51
اقشاسىن	ات	19
اقشاسىن	اتىپ	59
اقشاسىن	بەرە	15
اقشاسىن	بەرەيىن	24
اقشاسىن	تاۋىپ	36
اقشاسىن	سۇراپ	50
اقشاسىن	بەرەم	25
اقشاسىن	بەرەدى	49
اقشاسىن	بەرەتىن	52
اقشاسىن	بەرەمىن	62
اقشاسىن	قايتارىپ	67
اقشاسىن	بەرسە	29
اقشاسىن	بەرسەڭ	63
اقشاسىن	اتا	66
اقشاسىن	بەرگەن	42
اقشاسىن	بەردى	62
اقشاسىن	بەردىم	64
اقشاسىن	بەرمەي	55
اقشاسىن	تولىق	49
اقشاسىن	جيىپ	55
اقشاسىن	قايتارا	67
اقشاسىن	تولەپ	66
اقشاسىن	تۇلەپ	44
اقشاسىن	بەرمەگەن	56
اقشاسىن	تاپسىرىپ	67
بالالار	مەن	69
بالالار	دەپ	60
بالالار	جوق	46
بالالار	جاقسى	67
بالالار	ەكەن	57
بالالار	بار	68
بالالار	الىپ	19
بالالار	كەلىپ	68
بالالار	بولسا	58
بالالار	قايدا	61
بالالار	تاماق	60
بالالار	قالاي	48
بالالار	ۇيدە	69
بالالار	امان	56
بالالار	بارما	62
بالالار	جاقسىما	49
بالالار	قانداي	14
بالالار	ۇيقتاپ	57
بالالار	ۇشىن	47
بالالار	باقىتتى	69
بالالار	باقتتى	17
بالالار	ساباق	47
بالالار	وقىپ	69
بالالار	مەكتەپكە	46
بالالار	وقۋعا	56
بالالار	ماڭگى	41
اقشانى	مەن	55
اقشانى	سەن	46
اقشانى	الى	54
اقشانى	الىپ	57
اقشانى	ەرتەڭ	22
اقشانى	بۇگىن	64
اقشانى	ماعان	65
اقشانى	نەگە	61
اقشانى	ساعان	54
اقشانى	قالاي	61
اقشانى	كىم	59
اقشانى	بىراق	41
اقشانى	قاشان	56
اقشانى	كوپ	54
اقشانى	بەر	52
اقشانى	بەرىپ	45
اقشانى	ات	41
اقشانى	اتىپ	42
اقشانى	بەرە	17
اقشانى	تاۋىپ	19
اقشانى	كۇپ	46
اقشانى	سۇراپ	62
اقشانى	قايدان	27
اقشانى	قايتار	64
اقشانى	قايتارىپ	44
اقشانى	بەرسەڭ	32
اقشانى	اتا	54
اقشانى	اتشى	54
اقشانى	بەرمەي	43
اقشانى	قايتارا	64
شىركىن	جانىم	68
شىركىن	مەن	22
شىركىن	دەپ	65
شىركىن	جاقسى	50
شىركىن	بىر	66
شىركىن	سول	44
شىركىن	سەن	59
شىركىن	سەنى	66
شىركىن	وسى	60
شىركىن	اي	62
شىركىن	قاشان	9
شىركىن	نەدەگەن	65
شىركىن	قانداي	54
شىركىن	سەنىڭ	50
شىركىن	دەشى	64
شىركىن	شىركىن	20
كەلسە	مەن	61
كەلسە	دەپ	43
كەلسە	جاقسى	63
كەلسە	بولدى	34
كەلسە	ەكەن	24
كەلسە	بىر	53
كەلسە	سول	47
كەلسە	نە	52
كەلسە	سەن	67
كەلسە	الىپ	62
كەلسە	كەل	52
كەلسە	كەلىپ	62
كەلسە	ەرتەڭ	61
كەلسە	مەندە	51
كەلسە	ماعان	53
كەلسە	بارىپ	61
كەلسە	مەنى	64
كەلسە	بولادى	64
كەلسە	تەلەفون	68
كەلسە	ايت	68
كەلسە	ايتىپ	65
كەلسە	تاعى	63
كەلسە	كەلسىن	43
كەلسە	ۇيقتا	56
كەلسە	ۇيقتاپ	50
كەلسە	سونى	65
كەلسە	كەلە	69
كەلسە	ايتا	59
كەلسە	ايتايىن	68
كەلسە	ۇيقتاي	68
كەلسە	ۇيىقتاي	35
كەلسە	ساعان	51
كەلسە	بارا	68
كەلسە	سولاي	53
كەلسە	ەرتەرەك	68
بارامىز	عوي	66
بارامىز	جانىم	15
بارامىز	دەپ	44
بارامىز	بىر	15
بارامىز	سول	65
بارامىز	ەرتەڭ	65
بارامىز	دەيدى	67
بارامىز	دەگەن	21
بارامىز	سوندا	49
بارامىز	بۇيىرسا	57
بارامىز	بۇيرسا	41
بەرسىن	جانىم	62
بەرسىن	مەن	29
بەرسىن	دەپ	50
بەرسىن	جاقسى	22
بەرسىن	سەن	63
بەرسىن	دەيدى	64
بەرسىن	كەرەمەت	36
دەمال	جانىم	67
دەمال	مەن	13
دەمال	دەپ	48
دەمال	جاقسى	51
دەمال	بولدى	40
دەمال	ەندى	38
دەمال	وندا	48
دەمال	ەرتەڭ	67
دەمال	بۇگىن	37
دەمال	مەندە	68
دەمال	قايىرلى	45
دەمال	دوسىم	66
دەمال	تاڭەرتەڭ	67
دەمال	بولاما	54
دەمال	تۇن	50
دەمال	شارشاپ	45
دەمال	ەرتەرەك	59
دەمال	ۇيقىڭ	50
دەمال	شارشادىڭ	69
دەمال	شارشاعان	29
دەمال	دەنساۋلىعىڭا	49
دەمال	ال	18
منا	بىر	64
منا	ادام	65
منا	ەكى	57
منا	ۇي	41
منا	ۇيدە	64
منا	ۇيگە	65
منا	بالا	63
منا	جەر	50
منا	جەردە	50
منا	ماشينا	53
منا	قىز	28
منا	جەرگە	64
منا	سياقتى	44
منا	كىسى	66
منا	قۇساپ	58
منا	تۇرعان	34
منا	جاققا	66
منا	جەردەن	67
منا	قاتىن	48
منا	ەكەۋى	45
منا	جاقتا	62
منا	كسى	56
منا	ءان	37
منا	شۇنگە	67
منا	جاقتان	59
منا	كويلەك	60
منا	كسلەر	53
منا	كۇيلەك	63
منا	ءاندى	62
منا	اندى	56
منا	نومىرگە	52
منا	نۇمىرگە	58
منا	جاق	49
منا	ىستقتا	50
منا	ستقتا	48
زا	بولىپ	60
زا	بوپ	8
زا	پيجۋ	17
زات	جوق	17
زات	بار	31
زات	الىپ	11
زات	كەلىپ	27
زات	بولسا	63
زات	بارما	24
زات	كەلدى	19
زات	الايىن	21
زات	سالىپ	56
زات	العان	49
زات	بولسادا	53
زات	الاتىن	52
زات	ساتىپ	51
زات	تولىق	57
زات	سانى	44
زات	ۇرىمجىدەن	50
زات	ىشكەردەن	64
زات	بارعاندا	48
زات	الامىن	56
زات	الماسۋ	53
زات	الماسۋى	54
وتىرس	كوڭىلدى	67
وتىرس	جايلى	3
وتىرسىڭ	عوي	18
وتىرسىڭ	جانىم	11
وتىرسىڭ	مەن	22
وتىرسىڭ	دەپ	57
وتىرسىڭ	سەن	54
وتىرسىڭ	ەندى	60
وتىرسىڭ	قوي	68
وتىرسىڭ	ماعان	60
وتىرسىڭ	سوندا	68
وتىرسىڭ	كوڭىلدى	63
وتىرسىڭ	ەي	45
وتىرسىڭ	ەمەسپە	63
وتىرسىڭ	دار	66
وتىرىپ	جوق	58
وتىرىپ	بىر	66
وتىرىپ	ال	41
وتىرىپ	الىپ	59
وتىرىپ	تۇر	25
وتىرىپ	تاماق	53
وتىرىپ	ىشىپ	43
وتىرىپ	كەتىپ	63
وتىرىپ	شاي	67
وتىرىپ	قايت	55
وتىرىپ	قايتىپ	61
وتىرىپ	الدى	37
وتىرىپ	الدىم	45
وتىرىپ	قالدىم	60
وتىرىپ	الايىن	43
وتىرىپ	قالعان	63
وتىرىپ	الدىڭ	65
وتىرىپ	اڭگىمە	55
وتىرىپ	وتىرىپ	48
وتىرىپ	الادى	54
وتىرىپ	قايتام	65
وتىرىپ	قالدىق	61
وتىرىپ	ۇيقتاپ	57
وتىرىپ	كەلەيىك	42
وتىرىپ	قايتايىن	65
وتىرىپ	قايتامىز	68
وتىرىپ	قايتايىق	63
ىلگەرى	بولسىن	58
ىلگەرى	وت	3
ىلگەرى	ماڭگى	54
ىلگەرى	دەنساۋلىعىڭ	58
ىلگەرى	كۇندەرىڭ	15
ىلگەرى	دەنساۋلىقتارىڭىز	47
ىلگەرى	قىزمەتىڭ	58
ىلگەرى	تابىسىڭ	59
ىلگەرى	قىزمەتتەرىڭىز	42
جاتىرسىز	عوي	64
جاتىرسىز	جانىم	64
جاتىرسىز	اعا	54
جاتىرسىز	جەجە	65
جاتىرسىز	دار	67
اشىق	بولسىن	32
اشىق	ەكەن	68
اشىق	بولىپ	12
اشىق	قوي	54
اشىق	بولسا	45
اشىق	تۇر	25
اشىق	بولادى	33
اشىق	ايت	61
اشىق	ايتىپ	22
اشىق	ەمەس	28
اشىق	ايتقان	59
اشىق	ايتا	40
اشىق	ايتام	36
اشىق	ايتشى	60
اشىق	ايىت	69
اشىق	اشىق	69
اشىق	ايتتىم	42
اشىق	ايتايىن	60
اشىق	ايتساڭ	52
اشىق	ايتىم	41
اشىق	بەكەن	40
اشىق	جارقىن	66
اشىق	ايتپايسىڭبا	22
اشىق	اشكەرە	64
اشىق	ماڭدايىڭ	51
اشىق	تۇرعان	23
اشىق	وقۋى	45
اشىق	جۇلدەلى	68
اشىق	ماڭدايى	63
اشىق	شاشىق	47
قالىپ	ەندى	56
قالىپ	جاتىر	65
قالىپ	تۇر	48
قالىپ	سودان	65
قالىپ	جاتىرمىن	64
قالىپ	وتىر	63
قالىپ	وتىرمىن	49
قالىپ	قالدى	45
قالىپ	ەدى	34
قالىپ	جۇر	20
قالىپ	قايتا	63
قالىپ	قالدىم	67
قالىپ	ەدىم	50
قالىپ	جۇرمىن	65
قالىپ	ۇيات	46
قالىپ	قالعان	65
قالىپ	ەدىڭ	32
قالىپ	قالادى	45
قالىپ	قالىپ	45
قالىپ	قالىپتى	56
قالىپ	قالپتى	23
قالىپ	قالسا	48
قالىپ	جۇرمە	59
قالىپ	قالاتىن	19
قالىپ	قالما	58
قالىپ	قويىپتى	66
قالىپ	قالماسىن	65
قالىپ	قاپتى	28
قالىپ	ەدىك	33
قالىپ	جۇرمەسىن	65
قالىپ	جۇرمەيىن	44
قالىپ	قالمايىن	40
قالىپ	جۇرمەيىك	49
قالىپ	قال	57
قالىپ	بارا	26
قالىپ	قالاما	61
قالىپتى	عوي	24
قالىپتى	جانىم	12
قالىپتى	مەن	47
قالىپتى	دەپ	66
قالىپتى	ەكەن	38
قالىپتى	بىر	45
قالىپتى	ەندى	67
قالىپتى	بولسا	63
قالىپتى	بۇگىن	62
قالىپتى	سودان	65
قالىپتى	دەيدى	50
قالىپتى	سونى	47
قالىپتى	سوعان	48
قالىپتى	جاعداي	57
قالىپتى	باعادا	67
قالىپتى	سول	66
الام	عوي	65
الام	جانىم	15
الام	مەن	39
الام	دەپ	65
الام	قوي	13
الام	سەنى	64
الام	دەيدى	58
الام	دەگەن	19
الام	دەسە	26
الام	دەسەم	51
الام	دەدىم	60
الام	دەسەڭ	63
كۇنىڭ	قاشان	61
كۇنىڭ	قۇتتى	61
كۇنىڭ	كوڭىلدى	3
كۇنىڭ	كۇڭىلدى	48
كۇنىڭ	الدىندا	22
كۇنىڭ	قوتتى	50
كۇنىڭ	قۇتى	64
كۇنىڭ	بىرىندە	20
كۇنىڭ	ىستىعىندا	62
جىل	دەپ	58
جىل	بولدى	67
جىل	بىر	8
جىل	بار	67
جىل	بولىپ	52
جىل	بولادى	36
جىل	ۇي	65
جىل	اي	58
جىل	بىرگە	62
جىل	بوپ	52
جىل	عانا	62
جىل	بولعان	64
جىل	بولىپتى	27
جىل	بولسادا	66
جىل	جۇرىپ	59
جىل	بۇرىن	58
جىل	بوپتى	58
جىل	بولپتى	62
جىل	سايىن	61
جىل	بولايىن	49
جىل	بويى	45
جىل	ۋاقىت	50
بەرەت	دەپ	62
بەرەت	ەكەن	15
بەرەتىن	بولدى	16
بەرەتىن	بىر	16
بەرەتىن	بولىپ	56
بەرەتىن	ادام	37
بەرەتىن	بولسا	19
بەرەتىن	اقشا	58
بەرەتىن	ەمەس	53
بەرەتىن	ەدى	40
بەرەتىن	بوپ	53
بەرەتىن	شىعار	64
بەرەتىن	كەزدە	17
بەرەتىن	ەدىم	55
بەرەتىن	بولعان	59
بەرەتىن	بولدىم	39
بەرەتىن	جەر	17
بەرەتىن	سياقتى	33
بەرەتىن	نارسە	65
بەرەتىن	ەدىڭ	64
بەرەتىن	بولدىڭ	53
بەرەتىن	كىسىلەر	45
بەرەتىن	شعار	53
بەرەتىن	بولدىق	44
بەرەتىن	شىعارسىڭ	45
بەرەتىن	بولدىڭبا	55
بەرەتىن	اقشام	63
بەرەتىن	بولساڭ	59
بەرەتىن	جىگىتتەر	62
قول	قوي	60
قول	بەرىپ	66
قول	قويدىم	62
قول	ماشينا	34
قول	قويىپ	54
قول	ۇشىن	58
قول	العان	21
قول	جۋىپ	55
قول	قويا	38
قول	اياق	52
قول	بوس	47
قول	قويعان	37
قول	قويام	53
قول	قويادى	64
قول	اياعى	63
قول	قوياتىن	47
قول	اياعىم	18
قول	تيمەي	45
قول	قويماي	40
قول	قوت	64
قول	تيسە	49
قول	بوساعاندا	63
قول	جۋاتىن	50
قول	اياعىڭ	54
قول	اياعىڭدى	66
قول	قويدىرىپ	66
قول	تيگەندە	61
قول	تيمەيدى	56
قول	ۇزىپ	53
قول	قۋاتتى	49
قول	تىيمەي	66
قول	بوساماي	44
قول	تيمەدى	61
قول	سۇرتەتىن	38
قول	ۇستاسىپ	64
قول	جەتىمدى	53
قول	بوسپا	48
ساعىندىم	عوي	18
ساعىندىم	جانىم	15
ساعىندىم	دەپ	7
ساعىندىم	سەنى	37
ساعىندىم	دەسەم	68
ساعىندىم	ساعىندىم	54
ساعىندىم	ۇزىڭدى	20
ساعىندىم	وزىڭدى	64
ساعىندىم	كەتتىم	22
ساعىندىم	تاتتىم	63
بارعان	عوي	66
بارعان	جوق	54
بارعان	جاقسى	19
بارعان	ەكەن	53
بارعان	ادام	35
بارعان	كۇنى	40
بارعان	سوڭ	32
بارعان	شىعار	10
بارعان	كەزدە	43
بارعان	ەكەنسىڭ	59
بارعان	جەرگە	44
بارعان	سايىن	50
بارعان	بولسام	59
بارعان	جەرى	15
بارعان	جوقپىن	52
بارعان	ەدىم	32
بارعان	جەر	51
بارعان	جەردە	57
بارعان	شعار	49
بارعان	شىعارسىڭ	60
بارعان	جەرىڭ	56
بارعان	جەرىندە	49
بارعان	جەرىڭە	59
بارعان	جەرىڭدە	50
بارعاندا	مەن	50
بارعاندا	جوق	57
بارعاندا	بولسىن	41
بارعاندا	بىر	61
بارعاندا	نە	52
بارعاندا	سەن	49
بارعاندا	الىپ	52
بارعاندا	ماعان	49
بارعاندا	مەنى	54
بارعاندا	ساعان	68
بارعاندا	تەلەفون	61
بارعاندا	ايتىپ	43
بارعاندا	بىراق	51
بارعاندا	تاعى	48
بارعاندا	جولداپ	59
بارعاندا	بەرەيىن	67
بارعاندا	الايىن	55
بارعاندا	قابارلاس	50
بارعاندا	اپارىپ	58
بارعاندا	ايتام	60
بارعاندا	ايتايىن	64
بارعاندا	كورەيىن	56
بارعاندا	شپيىڭ	46
بارعاندا	قابارلاسايىن	64
بارعاندا	سويلەيىن	20
بارعاندا	قابارلاسام	68
بارعاندا	سۇيلەيىن	57
بارعاندا	سەنى	65
بارعاندا	اتىپ	54
بارعاندا	كورەسىڭ	60
بارعاندا	جولدايىن	58
ەرتىپ	بار	67
ەرتىپ	ال	43
ەرتىپ	الىپ	18
ەرتىپ	كەل	29
ەرتىپ	كەلىپ	20
ەرتىپ	بارىپ	38
ەرتىپ	كەتتى	66
ەرتىپ	جۇر	65
ەرتىپ	الدىم	70
ەرتىپ	كەلدى	66
ەرتىپ	كەلدىم	60
ەرتىپ	شىعىپ	60
ەرتىپ	الايىن	68
ەرتىپ	بارا	53
ەرتىپ	بارام	63
ەرتىپ	كەلە	33
ەرتىپ	اپارىپ	31
ەرتىپ	كەپ	63
ەرتىپ	كەتكەن	26
ەرتىپ	بارايىن	59
ەرتىپ	جۇرگەن	43
ەرتىپ	باراتىن	65
ەرتىپ	بارامىن	57
ەرتىپ	الاتىن	62
ەرتىپ	كەلگەن	70
ەرتىپ	الام	52
ەرتىپ	بارعان	66
ەرتىپ	بارادى	69
ەرتىپ	المايسىڭ	60
ەرتىپ	الامىن	61
ەرتىپ	بارسام	53
ەرتىپ	الساڭ	61
ەرتىپ	السام	45
ەرتىپ	كەلسەڭ	35
ەرتىپ	شىق	69
ەرتىپ	كەلەم	58
ەرتىپ	كەلەيىن	66
ەرتىپ	كەتەيىن	64
ەرتىپ	الايىق	62
ەرتىپ	بارساڭ	49
ەرتىپ	الشى	68
ەرتىپ	الىڭدار	69
ەرتىپ	كەت	22
ەرتىپ	كەتىپ	50
ەرتىپ	الماي	55
ەرتىپ	الدى	71
ەرتىپ	العان	64
ەرتىپ	شعىپ	64
ەرتىپ	بارايىنبا	58
ەرتىپ	الىڭىز	56
ەرتىپ	كەلىپتى	70
ەرتىپ	المايسىڭبا	59
ەرتىپ	بارشى	64
اكە	مەن	20
اكە	دەپ	51
اكە	دەگەن	41
اكە	شەشە	48
اكە	شەشەم	21
اكە	شەشەسى	13
اكە	شەشەڭ	15
اكە	شەشەمە	18
اكە	شەشەمنىڭ	26
اكە	شەشەمدى	27
اكە	شەشەسىن	37
اكە	شەشەسىنە	33
اكە	شەشەڭە	36
اكە	شەشەڭدى	33
اكە	شەشەڭنىڭ	34
اكە	شەشەسىنىڭ	35
اكە	شەشەمىز	41
اكە	شەشەمنەن	48
اكە	شەشەنىڭ	51
اكە	شەشەسىنەن	52
اكەپ	قوي	48
اكەپ	ال	50
اكەپ	الىپ	45
اكەپ	بەر	47
اكەپ	بەرىپ	17
اكەپ	الدىم	38
اكەپ	بەرە	45
اكەپ	بەرەيىن	26
اكەپ	قويدىم	36
اكەپ	الايىن	39
اكەپ	الدىڭبا	41
اكەپ	قويىپ	53
اكەپ	بەرەم	19
اكەپ	بەرشى	53
اكەپ	بەرەدى	63
اكەپ	قويايىن	46
اكەپ	تاستا	46
اكەپ	تاستاپ	37
اكەپ	بەرسىن	37
اكەپ	الام	39
اكەپ	بەرەتىن	60
اكەپ	بەرەمىن	56
اكەپ	بەرسە	63
اكەپ	بەرسەڭ	60
اكەپ	بەرگەن	43
اكەپ	بەردى	51
اكەپ	بەردىم	35
اكەپ	العام	65
اكەپ	بەرەسىڭ	65
اكەپ	تاستادى	66
اكەپ	بەرەسىڭبە	46
اكەپ	تاستاعان	61
اكەپ	السام	55
كەلگەندە	مەن	67
كەلگەندە	جوق	45
كەلگەندە	بولسىن	39
كەلگەندە	بىر	62
كەلگەندە	نە	59
كەلگەندە	سەن	58
كەلگەندە	الىپ	60
كەلگەندە	ماعان	68
كەلگەندە	مەنى	47
كەلگەندە	نەگە	63
كەلگەندە	ۇيگە	42
كەلگەندە	تەلەفون	68
كەلگەندە	ايت	67
كەلگەندە	ايتىپ	53
كەلگەندە	بىراق	52
كەلگەندە	تاعى	37
كەلگەندە	بەرەيىن	61
كەلگەندە	قابارلاس	61
كەلگەندە	ايتا	20
كەلگەندە	ايتام	45
كەلگەندە	ايتايىن	67
كەلگەندە	قابارلاسايىن	52
كەلگەندە	بارى	54
كەلگەندە	ساعان	62
سەنە	الماي	58
سەنەن	مەن	12
سەنەن	بولسىن	32
سەنەن	جاقسى	68
سەنەن	بىر	56
سەنەن	نە	50
سەنەن	الىپ	61
سەنەن	كەيىن	62
سەنەن	اقشا	59
سەنەن	باسقا	42
سەنەن	ۇيات	12
سەنەن	قابار	29
سەنەن	قاتتى	52
سەنەن	ەشتەڭە	57
سەنەن	ۇلكەن	64
سەنەن	سۇراپ	60
سەنەن	العان	62
سەنەن	ماڭگى	34
سەنەن	بۇرىن	61
سەنەن	بىردەمە	39
سەنەن	ارتىق	59
سەنەن	ۇمىت	43
سەنەن	قورقىپ	58
سەنەن	الاڭداپ	57
سەنەن	سۇرايىن	39
سەنەن	ۇيالىپ	55
سەنەن	قىزعانىپ	61
سەنەن	باسقاسى	64
سەنەن	باسقاعا	67
سەنەن	باسقانى	54
سەنەن	باسقانىڭ	60
سەنەن	ايىرىلىپ	60
سەنەن	اياپ	55
سەنەن	نەمدى	50
سەنەن	ايامايمىن	58
سەنەن	حابار	61
سەنەن	كەشىرىم	63
بارلىق	جان	30
بارلىق	ادام	58
بارلىق	ۇلكەن	59
بارلىق	جەر	58
بارلىق	جەردە	55
بارلىق	قىزدار	36
بارلىق	نارسە	36
بارلىق	اتا	41
بارلىق	دوستار	52
بارلىق	ادامعا	33
بارلىق	اپەكە	57
بارلىق	ادامنىڭ	18
بارلىق	ساباقتاستار	60
بارلىق	تۋستار	47
بارلىق	جەرىڭ	58
بارلىق	اسىل	45
بارلىق	جەرىم	44
بارلىق	اياۋلى	57
بارلىق	نارسەنى	56
بارلىق	تۋىس	52
بارلىق	تۋىستار	45
بارلىق	جەرىڭدى	18
بارلىق	توراپتاستار	22
بارلىق	جاناشىر	41
بارلىق	تويشىل	35
بارلىق	وسى	32
بارلىق	توي	65
بارلىق	پارتيا	29
بارلىق	ۇستازدار	64
قاراي	عوي	62
قاراي	سال	64
قاراي	بىر	48
قاراي	الىپ	65
قاراي	كەل	65
قاراي	تۇر	63
قاراي	بارىپ	41
قاراي	بولادى	59
قاراي	ايتىپ	66
قاراي	كەتىپ	65
قاراي	بەر	18
قاراي	جۇر	40
قاراي	الماي	50
قاراي	كور	66
قاراي	بارا	59
قاراي	كەلە	62
قاراي	بارايىن	44
قاراي	جۇرە	66
قاراي	بەرەم	62
قاراي	بەرەدى	67
قاراي	قاراي	67
قاراي	المايمىن	53
قاراي	كورەيىن	45
قاراي	المادىم	68
قاراي	المايدى	20
قاراي	شىق	51
قاراي	سالشى	58
قاراي	كورەيىك	66
قاراي	شىعىپ	66
بەرەمىن	عوي	29
بەرەمىن	جانىم	15
بەرەمىن	دەپ	27
بەرەمىن	بىر	16
بەرەمىن	ساعان	66
بەرەمىن	دەيدى	65
بەرەمىن	دەگەن	22
بەرەمىن	بولاما	37
بەرەمىن	دەدىم	48
بەرەمىن	الاڭداما	58
جەردەن	بىر	46
جەردەن	الىپ	48
جەردەن	كەلىپ	36
جەردەن	بارىپ	64
جەردەن	تاماق	66
جەردەن	ۇي	65
جەردەن	جۇمىس	52
جەردەن	شىعىپ	66
جەردەن	بولدىڭ	67
جەردەن	بولدىڭىز	16
جەردەن	بولاسىڭ	12
جەردەن	سالىنادى	67
جەردەن	تەلەفون	51
جەردەن	كەتىپ	58
جەردەن	شىعا	67
جەردەن	حابارلاسىپ	57
بارادى	عوي	64
بارادى	جانىم	15
بارادى	مەن	59
بارادى	دەپ	54
بارادى	ەكەن	23
بارادى	سول	10
بارادى	قوي	65
بارادى	دەيدى	66
بارادى	ەكەنسىڭ	66
بارادى	ەمەسپە	39
بارادى	ەكەم	65
بارادى	ەكەمىز	37
بارادى	دەيسىڭ	57
بارادى	ەكەنبىز	41
بارادى	ول	67
بارادى	دەگەن	49
بارادى	ەكەنمىن	51
ايدىڭ	بىر	63
ايدىڭ	ون	50
ايدىڭ	كۇنى	27
ايدىڭ	ونى	8
ايدىڭ	ۇشى	42
ايدىڭ	باسى	58
ايدىڭ	اقىرى	61
ايدىڭ	ىشىندە	52
ايدىڭ	الدىندا	57
ايدىڭ	كۇننەن	44
ايدىڭ	بىرى	53
ايدىڭ	كۇنگى	35
ايدىڭ	اياعى	54
ايدىڭ	جيىرما	45
ايدىڭ	باسىندا	35
ايدىڭ	بەسى	57
ايدىڭ	گۇنى	44
ايدىڭ	سوڭىندا	64
ايدىڭ	اياعىندا	57
ايدىڭ	اياعىنا	64
ايدىڭ	بىرىنەن	47
ايدىڭ	سەگىزى	30
ايدىڭ	قانشاسى	64
ايدىڭ	كۇنىنەن	64
ايدىڭ	اياعندا	63
ايدىڭ	سوڭى	65
ايدىڭ	ەكىسى	62
جىگىت	عوي	62
جىگىت	دەپ	34
جىگىت	جوق	68
جىگىت	جاقسى	48
جىگىت	بولدى	65
جىگىت	ەكەن	61
جىگىت	بار	67
جىگىت	بولىپ	23
جىگىت	قوي	35
جىگىت	ادام	43
جىگىت	بولسا	46
جىگىت	قايدا	40
جىگىت	دەگەن	66
جىگىت	ەمەس	49
جىگىت	بارما	47
جىگىت	كوپ	40
جىگىت	ەدى	54
جىگىت	كەرەك	62
جىگىت	تاۋىپ	44
جىگىت	بولعان	40
جىگىت	ەكەنسىڭ	19
جىگىت	كۇپ	60
جىگىت	بولساڭ	63
جىگىت	ىزدەپ	45
جىگىت	ەرتىپ	53
جىگىت	قاجەت	60
جىگىت	تاپ	63
جىگىت	ەمەسپىن	67
جىگىت	تاۇىپ	64
جىگىت	تاپتىڭبا	68
جىگىت	بىر	20
جىگىت	كىم	57
جىگىت	بوپ	68
ەرەكشە	عوي	65
ەرەكشە	جاقسى	45
ەرەكشە	ەكەن	67
ەرەكشە	بىر	30
ەرەكشە	بولىپ	59
ەرەكشە	قاربالاس	40
ەرەكشە	كوپ	41
ەرەكشە	كوڭىل	46
ەرەكشە	اۋىرىپ	62
ەرەكشە	قاتتى	44
ەرەكشە	كەرەمەت	50
ەرەكشە	جامان	65
ەرەكشە	شارشاپ	61
ەرەكشە	ساعىنىپ	62
ەرەكشە	كۇشتى	32
ەرەكشە	ساعىندىم	52
ەرەكشە	ەرەكشە	31
ەرەكشە	سۋىق	55
ەرەكشە	تازا	51
ەرەكشە	سۇيەم	21
ەرەكشە	قاجەت	62
ەرەكشە	قيمىل	63
ەرەكشە	ىستىق	62
ەرەكشە	سەمىز	60
ەرەكشە	ساپالى	61
ەرەكشە	بولدى	13
ەرەكشە	جاۋىپ	57
ەرەكشە	ىسىپ	38
ەرەكشە	ستىق	53
جولى	مەن	66
جولى	بولسىن	36
جولى	جاقسى	41
جولى	بىر	53
جولى	بار	19
جولى	سەن	57
جولى	الىپ	52
جولى	ماعان	68
جولى	ەكى	62
جولى	ساعان	68
جولى	تاعى	62
جولى	راس	48
جولى	قاتتى	65
جولى	اشىق	60
جولى	بارعاندا	14
جولى	كەلگەندە	49
جولى	بارىپ	67
جولى	مەنى	64
جولى	جامان	52
جولى	جىڭىشكە	56
ياجانىم	مەن	67
ياجانىم	جاقسى	63
ياجانىم	سول	51
ياجانىم	راحىمەت	18
ياجانىم	ماقۇل	16
ياجانىم	مەنىڭ	59
ياجانىم	جارايدى	50
ياجانىم	قايىرلى	67
اۋدان	جاققا	59
اۋدان	ىشىندە	15
اۋدانعا	بىر	31
اۋدانعا	كەل	14
اۋدانعا	كەلىپ	51
اۋدانعا	ادام	29
اۋدانعا	بارىپ	45
اۋدانعا	ەكى	18
اۋدانعا	كەتتى	19
اۋدانعا	قاشان	61
اۋدانعا	كەتىپ	52
اۋدانعا	ۇش	56
اۋدانعا	كەلدىم	36
اۋدانعا	شىعىپ	43
اۋدانعا	بارا	42
اۋدانعا	بارام	61
اۋدانعا	كەلە	48
اۋدانعا	تۇسىپ	56
اۋدانعا	اپارىپ	56
اۋدانعا	ءبىر	65
اۋدانعا	كەتكەن	47
اۋدانعا	بارايىن	51
اۋدانعا	باراتىن	62
اۋدانعا	بارامىن	16
اۋدانعا	بارعاندا	67
اۋدانعا	كەلگەندە	51
اۋدانعا	دەرەۋ	66
اۋدانعا	شىعاتىن	56
اۋدانعا	كەلگەم	66
اۋدانعا	باراسىڭبا	54
اۋدانعا	تۇسەتىن	48
اۋدانعا	شعاتىن	56
اۋدانعا	بىرادام	65
اۋدانعا	تويعا	49
اۋدانعا	كولىك	53
اۋدانعا	كەلدىك	63
اۋدانعا	كەلسەڭ	66
دەسەڭ	مەن	65
دەسەڭ	بولدى	28
دەسەڭ	بىر	11
دەسەڭ	سول	53
دەسەڭ	نە	46
دەسەڭ	الىپ	45
دەسەڭ	وندا	67
دەسەڭ	كەل	64
دەسەڭ	ەرتەڭ	62
دەسەڭ	مەندە	65
دەسەڭ	بولادى	67
دەسەڭ	ول	45
دەسەڭ	ونى	48
دەسەڭ	ۇزىڭ	67
دەسەڭ	تاعى	65
دەسەڭ	وزىڭ	64
دەسەڭ	بارام	52
دەسەڭ	بارايىن	51
دەسەڭ	سولاي	66
دەسەڭ	بولمايما	66
دەسەڭ	ماقۇل	64
دەسەڭ	بارىپ	63
دەسەڭ	مەنى	54
دەسەڭ	وسى	56
دەسەڭ	ازىر	54
دەسەڭ	بارامىن	59
دەسەڭ	اشىق	63
قولايسىز	عوي	59
قولايسىز	جانىم	28
قولايسىز	دەپ	41
قولايسىز	بولدى	49
قولايسىز	ەكەن	34
قولايسىز	بولىپ	28
قولايسىز	بولسا	8
قولايسىز	بولادى	18
قولايسىز	ەمەس	51
قولايسىز	بوپ	64
قولايسىز	شىعار	35
قولايسىز	كەزدە	60
قولايسىز	بولعان	52
ايتادى	عوي	40
ايتادى	مەن	65
ايتادى	دەپ	45
ايتادى	ەكەن	21
ايتادى	بىر	16
ايتادى	سول	59
ايتادى	سەن	64
ايتادى	قوي	45
ايتادى	ماعان	65
ايتادى	ول	59
ايتادى	سەنى	66
ايتادى	دەيدى	57
ايتادى	ونى	37
ايتادى	ەكەنسىڭ	63
ايتادى	ەمەسپە	19
ايتادى	جانىم	14
ايتادى	مەنى	50
ايتادى	دەيسىڭ	61
قالجىڭ	عوي	42
قالجىڭ	جانىم	9
قالجىڭ	مەن	17
قالجىڭ	دەپ	50
قالجىڭ	جاقسى	49
قالجىڭ	بولدى	50
قالجىڭ	قوي	55
قالجىڭ	بارى	57
قالجىڭ	ايتىپ	44
قالجىڭ	دوسىم	46
قالجىڭ	ەمەس	44
قالجىڭ	باس	23
قالجىڭ	ەي	59
قالجىڭ	ەمەسپە	43
قالجىڭ	رەنجىپ	50
قالجىڭ	داپ	60
قالجىڭ	رەنجىمە	56
باق	دەپ	69
باق	بەرسىن	29
باقىت	دەپ	36
باقىت	جوق	31
باقىت	ەكەن	50
باقىت	قوي	44
باقىت	قايدا	23
باقىت	دەگەن	39
باقىت	تىلەيمىن	52
باقىت	تىلەپ	16
باقىت	بايلىق	47
باقىت	قارتايماس	20
باقىت	اعا	22
باقىت	سىيلاسىن	37
باقىتتى	بول	51
باقىتتى	بولسىن	71
باقىتتى	ەكەن	12
باقىتتى	بولىپ	10
باقىتتى	بولسا	37
باقىتتى	بولا	62
باقىتتى	بوپ	57
باقىتتى	ەكەنسىڭ	64
باقىتتى	بولساڭ	72
باقىتتى	كۇندەر	48
باقىتتى	بولىڭدار	71
باقىتتى	بولاسىڭ	7
باقىتتى	بولايىق	71
باقىتتى	بولامىز	62
باقىتتى	بولىڭىز	65
باقىتتى	بولىڭىزدار	57
باقىتتى	قىلامىن	20
باقىتتى	بولۋىڭدى	63
كىسىلەر	مەن	65
كىسىلەر	ەكەن	64
كىسىلەر	بار	56
كىسىلەر	الىپ	20
كىسىلەر	كەلىپ	50
كىسىلەر	بولسا	41
كىسىلەر	امان	15
كىسىلەر	بارما	9
كىسىلەر	جاقسىما	64
كىسىلەر	قابارلاسىڭىزدار	35
كىسىلەر	بارمەكەن	10
كىسىلەر	جەكەلىككە	52
كىسىلەر	تەزدەن	47
دال	عوي	65
دال	مەن	61
دال	بولدى	58
دال	ەكەن	39
دال	سول	22
دال	سەن	23
دال	بولىپ	52
دال	بۇگىن	60
دال	بولادى	42
دال	وسى	67
دال	ۇزى	18
دال	وزى	54
دال	ايتتىڭ	56
دال	ايتقان	8
دال	بولعان	16
دال	قازىر	55
دال	ايتىڭ	37
دال	تۇستە	58
دال	سولاي	58
دال	ايتاسىڭ	63
دال	وسىنداي	49
دال	ۋاعىندا	59
دال	قازىرگى	67
دال	قازر	28
دال	وسىلاي	57
ەل	مەن	68
ەل	جوق	64
ەل	نە	47
ەل	بار	57
ەل	الىپ	40
ەل	مەنى	66
ەل	بولادى	62
ەل	سەنى	59
ەل	ايتىپ	59
ەل	امان	64
ەل	دەگەن	65
ەل	ەمەس	53
ەل	كوپ	67
ەل	قايتىپ	62
ەل	كورىپ	66
ەل	ايتا	38
ەل	قايدان	41
ەل	ۇشىن	63
ەل	كۇرىپ	44
ەل	سياقتى	43
ەل	قۇساپ	64
ەل	بىلەدى	42
ەل	ايتادى	27
ەل	بىلىپ	43
ەل	الدىندا	60
ەل	نەدەيدى	64
ەل	بولاسىڭ	66
ەل	كورسە	35
ەل	ارالاپ	58
ەل	كۇرسە	65
ەل	بولاسىز	62
ەل	قاتارلى	52
ەل	جۇرت	68
ەل	نەدەسە	31
ەل	قاتارى	53
ەل	جۇرتتان	56
ەل	جۇرىت	51
ەل	جۇرتىڭ	67
ەل	نەدەمەيدى	67
ەل	كەلىپ	53
ەل	بىراق	54
ەل	بولدىڭ	61
ەل	نەدەپ	67
جانە	مەن	55
جانە	جوق	57
جانە	بىر	62
جانە	سول	14
جانە	نە	61
جانە	بار	60
جانە	ەكى	59
جانە	بىراز	45
جانە	باسقا	59
جانە	بىرەۋ	50
جانە	ءبىر	46
جانە	بارلىق	54
ايتتىم	عوي	64
ايتتىم	جانىم	6
ايتتىم	مەن	54
ايتتىم	دەپ	48
ايتتىم	بولدى	50
ايتتىم	سەن	57
ايتتىم	ەندى	58
ايتتىم	قوي	54
ايتتىم	ول	47
ايتتىم	ساعان	65
ايتتىم	دەيدى	51
جەتى	بولدى	63
جەتى	ادام	44
جەتى	اي	24
جەتى	كۇن	42
جەتى	تۇندە	24
جەتى	سوم	39
جەتى	مىڭ	46
جەتى	جۇز	23
جەتى	جارىم	22
جەتى	جىل	34
جەتى	سەگىز	23
جەتى	جارىمدا	21
جەتى	ادامدىق	17
جەتى	نازىرى	33
جەتىپ	جاتىر	36
جەتىپ	ال	64
جەتىپ	الىپ	16
جەتىپ	تۇر	28
جەتىپ	الدى	55
جەتىپ	الدىم	57
جەتىپ	كەلدى	15
جەتىپ	الايىن	62
جەتىپ	بارام	64
جەتىپ	الدىڭ	48
جەتىپ	الدىڭبا	53
جەتىپ	كەلەدى	10
جەتىپ	العان	62
جەتىپ	بارسام	38
جەتىپ	الساڭ	68
جەتىپ	الدىق	35
جەتىپ	قالار	70
جەتىپ	الىڭىز	55
جەتىپ	الىڭدار	18
جەتىپ	الىڭىزدار	69
جەتىپ	الدىڭدارما	63
جەتىپ	الدىڭىزبا	51
جەتىپ	العانىڭ	43
جەتىپ	الساڭدار	49
جەتىپ	الدىڭىزدارما	60
جەتىپ	اسادى	67
جەتىپ	العاندارىڭ	63
جەتىپ	السام	18
جەتىپ	السىن	54
جەتىپ	الدىڭدار	57
جەتىپ	العاندا	32
جەتىپ	العانسوڭ	47
جەتىپ	الڭدار	65
تۇرا	عوي	65
تۇرا	كەلىپ	35
تۇرا	تۇر	63
تۇرا	الماي	9
تۇرا	تۇرىپ	17
تۇرا	سالىپ	65
تۇرا	كەلەدى	27
تۇرا	بەرەدى	39
تۇرا	بەرسىن	52
تۇرا	المايمىن	53
تۇرا	بەرسە	28
تۇرا	المايسىڭ	20
تۇرا	ايتاسىڭ	62
تۇرا	المايدى	59
تۇرا	تۇرشى	58
تۇرا	تۇرساڭ	62
تۇرا	المايتىن	36
تۇرا	تۇسىن	59
تۇرا	تۇرايىن	48
تۇرا	تۇرسىن	48
تۇرا	تۇرايىق	46
تۇرا	تۇرىڭىز	52
تۇرا	تۇرىڭدار	39
تۇرا	تۇرسا	33
تۇرا	الاسىڭبا	64
باۋى	بەرىك	64
باۋىر	باسىپ	1
باۋىرىم	مەن	10
باۋىرىم	دەپ	50
باۋىرىم	جاقسى	57
باۋىرىم	نە	46
باۋىرىم	نەعىپ	65
باۋىرىم	بار	62
باۋىرىم	راحىمەت	61
باۋىرىم	قايدا	53
باۋىرىم	قال	63
باۋىرىم	امان	42
باۋىرىم	امانشىلىق	63
باۋىرىم	امانسىڭبا	40
باۋىرىم	بارسىڭبا	19
باۋىرىم	توي	63
باۋىرىم	باقىتتى	46
قاتى	جاقسى	53
قاتى	قاربالاس	25
قاتى	اۋىرىپ	32
قاتى	شارشاپ	22
قاتى	ساعىنىپ	30
قاتى	ساعىندىم	18
قاتىن	عوي	25
قاتىن	مەن	52
قاتىن	دەپ	39
قاتىن	جوق	54
قاتىن	ەكەن	44
قاتىن	بىر	33
قاتىن	سول	66
قاتىن	نە	36
قاتىن	نەعىپ	64
قاتىن	بار	52
قاتىن	بولىپ	65
قاتىن	ال	46
قاتىن	الىپ	61
قاتىن	بولسا	32
قاتىن	قايدا	46
قاتىن	دەگەن	62
قاتىن	ەمەس	66
قاتىن	بارما	51
قاتىن	كوپ	54
قاتىن	بالا	56
قاتىن	تاۋىپ	52
قاتىن	كۇپ	33
قاتىن	ۇشىن	63
قاتىن	سياقتى	57
قاتىن	قىلىپ	56
قاتىن	قۇساپ	58
قاتىن	ىزدەپ	35
قاتىن	قۇمار	63
قاتىن	ەرتىپ	61
قاتىن	قاتىن	64
المايمىن	عوي	64
المايمىن	جانىم	14
المايمىن	مەن	28
المايمىن	دەپ	55
المايمىن	بولدى	19
المايمىن	سەن	45
المايمىن	ەندى	62
المايمىن	دەيدى	67
المايمىن	دەگەن	35
المايمىن	بىراق	63
المايمىن	دەسەم	66
المايمىن	دەدىم	65
المايمىن	دەسەڭ	48
المايمىن	رەنجىمە	51
المايمىن	ەرتەڭ	60
المايمىن	دەشى	65
وتىرعان	عوي	66
وتىرعان	مەن	49
وتىرعان	جوق	53
وتىرعان	جاقسى	19
وتىرعان	بىر	57
وتىرعان	سول	64
وتىرعان	سەن	62
وتىرعان	ادام	60
وتىرعان	مەندە	32
وتىرعان	كىم	63
وتىرعان	سوڭ	58
وتىرعان	شىعار	32
وتىرعان	جەردە	66
وتىرعان	سياقتى	62
وتىرعان	بولدىڭ	47
وتىرعان	بارلىق	59
وتىرعان	شعار	59
وتىرعان	شىعارسىڭ	56
وتىرعان	ۇقسايدى	27
وتىرعان	جوقسىڭ	61
وتىرعان	شعارسىڭ	62
وتىرعان	جوقپىن	60
وتىرعان	تۇردەن	48
وتىرعان	جوقسىڭبا	51
وتىرعان	جەرىڭدى	37
وتىرعان	تۇرىڭنەن	52
وتىرعان	جەر	19
وتىرعان	قىز	52
وتىرعان	ۇلكەن	61
وتىرعان	جەرگە	65
وتىرعان	جالپى	48
دەيسىڭ	عوي	59
دەيسىڭ	جانىم	12
دەيسىڭ	مەن	23
دەيسىڭ	سول	47
دەيسىڭ	نە	64
دەيسىڭ	سەن	66
دەيسىڭ	ەندى	59
دەيسىڭ	قوي	56
دەيسىڭ	ماعان	65
دەيسىڭ	ول	53
دەيسىڭ	سوندا	67
دەيسىڭ	تۇسىنبەدىم	39
الادى	عوي	54
الادى	مەن	16
الادى	دەپ	64
الادى	ەكەن	19
الادى	دەيدى	10
الادى	دەگەن	39
الادى	ەكەنسىڭ	55
الادى	ەمەسپە	25
الادى	ەكەم	58
الادى	ەكەنبىز	64
الادى	ەكەمىز	41
جاقسىڭ	جانىم	65
جاقسىڭ	مەن	13
جاقسىڭ	جاقسى	49
جاقسىڭ	نەعىپ	63
جاقسىڭ	بۇگىن	29
جاقسىڭ	دوسىم	64
جاقسىڭ	بارسىڭبا	61
جاقسىڭ	سونىمەن	44
جاقسىڭ	قالىڭ	59
جاقسىڭ	دەنساۋلىعىڭ	64
جاقسىڭ	بالالار	34
جاقسىڭ	قايىرلى	64
جاقسىڭ	توي	45
سالەمىڭ	قابىل	51
سالەمىڭ	سالەمەت	1
سالەمىڭ	قابل	31
بولمايما	جانىم	69
بولمايما	مەن	18
بولمايما	دەپ	48
بولمايما	ەكەن	40
بولمايما	بىر	37
بولمايما	نە	65
بولمايما	ەندى	45
بولمايما	وندا	56
بولمايما	سوندا	67
بولمايما	مەندە	64
شعا	بەر	12
شعا	الماي	59
شعا	بەرەيىن	19
شعا	سالىپ	36
شعا	كەلەدى	35
شعا	المايمىن	40
شعا	المادىم	15
شعا	المايدى	36
شعا	الاسىڭبا	37
شعا	المايتىن	25
شعار	جانىم	27
شعار	مەن	32
شعار	دەپ	51
شعار	بىر	23
شعار	ەندى	59
شعار	يا	51
شعار	ول	60
شعار	بالكىم	57
سەندەر	جوق	66
سەندەر	جاق	66
سەندەر	جاقسى	40
سەندەر	بىر	47
سەندەر	نە	61
سەندەر	نەعىپ	46
سەندەر	بار	59
سەندەر	كەلىپ	67
سەندەر	بارىپ	56
سەندەر	مەنى	35
سەندەر	قاي	37
سەندەر	نەگە	66
سەندەر	قايدا	46
سەندەر	تاماق	58
سەندەر	امان	35
سەندەر	قاشان	62
سەندەر	بارا	58
سەندەر	كەلەدى	60
سەندەر	ۇشىن	66
سەندەر	سياقتى	46
سەندەر	قۇساپ	52
سەندەر	جاققا	56
سەندەر	كەلگەندە	20
سەندەر	جاقتا	65
سەندەر	جاقتان	18
سەندەر	جاقتىڭ	65
سەندەر	قايداسىڭدار	60
سەندەر	عوي	68
سەندەر	دەپ	50
سەندەر	الى	23
سەندەر	كىم	63
سەندەر	قانشا	44
سەندەر	كەتىپ	60
سەندەر	كەلگەنشە	54
پۇل	دەپ	15
پۇل	جوق	16
پۇل	بار	53
پۇل	الىپ	28
پۇل	بولسا	46
پۇل	بارما	41
پۇل	بەر	51
پۇل	بەرىپ	56
پۇل	ات	39
پۇل	اتىپ	51
پۇل	كەرەك	36
پۇل	تاۋىپ	61
پۇل	سۇراپ	33
پۇل	بولماي	43
پۇل	اتشى	47
پۇل	قاجەت	60
پۇل	جەتپەي	58
پۇل	تولەپ	54
پۇل	بەرەيىن	24
تەك	مەن	44
تەك	جاقسى	42
تەك	بىر	48
تەك	سول	30
تەك	سەن	46
تەك	ماعان	18
تەك	ەكى	40
تەك	مەنى	56
تەك	مەنىڭ	43
تەك	سەنى	48
تەك	ساعان	23
تەك	وسى	34
تەك	امان	57
تەك	ۇزىڭ	54
تەك	سەنىڭ	60
تەك	وزىڭ	39
تەك	عانا	61
تەك	العا	52
تەك	ەكەمىز	66
تەك	قانا	66
تەك	سەنىمەن	17
تەك	اماندىق	66
تەك	ءبىر	31
تەك	ۇزىم	63
تەك	وزىم	63
تەك	ادال	54
تەك	جاقىسىلىق	64
جاۋا	سالدىڭ	56
جاۋاپ	جوق	11
جاۋاپ	بەر	15
جاۋاپ	بەرىپ	16
جاۋاپ	بەرە	32
جاۋاپ	بەرەيىن	23
جاۋاپ	بەرەم	21
جاۋاپ	بەرشى	57
جاۋاپ	بەرەدى	53
جاۋاپ	بەرەتىن	63
جاۋاپ	بەرەمىن	63
جاۋاپ	قايتار	56
جاۋاپ	قايتارىپ	14
جاۋاپ	بەرسەڭ	53
جاۋاپ	بەرمەي	20
جاۋاپ	بەرەسىڭ	34
جاۋاپ	بەرمەيدى	52
جاۋاپ	قايتارا	64
جاۋاپ	قايتارام	25
جاۋاپ	بەرمەيسىڭ	34
جاۋاپ	بەرمەدىڭ	64
جاۋاپ	قايتارايىن	40
جاۋاپ	قايتارماي	45
جاۋاپ	قايتارشى	65
جاۋاپ	كەرشىلىك	37
جاۋاپ	قايتارمادى	36
جاۋاپ	قايتارمايسىڭ	58
جاۋاپ	قايتارمادىڭ	51
جاۋاپ	بەرمەدى	62
اپام	مەن	58
اپام	جوق	37
اپام	جاقسى	46
اپام	بىر	42
اپام	سول	54
اپام	نە	19
اپام	نەعىپ	62
اپام	بار	65
اپام	كەلىپ	64
اپام	ەرتەڭ	45
اپام	بۇگىن	61
اپام	ماعان	61
اپام	ول	55
اپام	قايدا	56
اپام	تاماق	64
اپام	ۇيدە	50
اپام	تەلەفون	57
اپام	قانداي	62
اپام	اۋىرىپ	61
اپام	كەلدى	34
اپام	ەكەمىز	40
اپام	كەلگەن	40
اپام	ايتادى	62
اپام	ەكەۋى	51
اپام	اتام	64
اپام	قايتىس	53
كۇڭىل	عوي	50
كۇڭىل	بول	55
كۇڭىل	بولىپ	52
كۇڭىل	ايتىپ	49
كۇڭىل	بۇل	57
كۇڭىل	كۇي	15
كۇڭىل	بۇلىپ	41
كۇڭىل	كۇيى	12
كۇڭىل	كۇيىم	21
كۇڭىل	كۇتەرىپ	12
كۇڭىل	كۇيىڭ	44
كۇڭىل	كۇيدە	19
كۇڭىل	كۇيدى	34
كۇڭىل	كۇيىڭدى	42
كۇڭىل	كۇيدەن	30
كۇڭىل	كۇيىمدى	35
كۇڭىل	كۇيىن	39
كۇڭىل	بۇلگەنىڭە	56
كۇڭىل	جوق	48
كۇڭىل	دەگەن	56
كۇڭىلدى	بول	46
كۇڭىلدى	بولسىن	51
كۇڭىلدى	بولىپ	5
كۇڭىلدى	كۇن	47
كۇڭىلدى	وتىر	47
كۇڭىلدى	جۇر	45
كۇڭىلدى	ويناپ	54
كۇڭىلدى	بولساڭ	17
كۇڭىلدى	كۇندەر	39
كۇڭىلدى	كەشكى	45
كۇڭىلدى	ىستەرىڭ	38
كۇڭىلدى	جۇرسەڭ	25
كۇڭىلدى	وينا	34
كۇڭىلدى	كۇندەردەن	51
قايتار	دەپ	63
قايتار	بولاما	19
قايتار	الماي	26
قايتار	تەز	41
قايتار	شى	32
قايتار	ەدىم	34
قايتارىپ	قوي	44
قايتارىپ	ال	42
قايتارىپ	الىپ	37
قايتارىپ	جاتىرمىن	48
قايتارىپ	بەر	44
قايتارىپ	بەرىپ	31
قايتارىپ	الدىم	63
قايتارىپ	اتىپ	40
قايتارىپ	بەرە	51
قايتارىپ	بەرەيىن	43
قايتارىپ	قويدىم	17
قايتارىپ	الايىن	37
قايتارىپ	الدىڭ	45
قايتارىپ	بەرەم	15
قايتارىپ	بەرەدى	57
قايتارىپ	قويايىن	23
قايتارىپ	تاستاپ	57
قايتارىپ	بەرەتىن	14
قايتارىپ	بەرەمىن	63
قايتارىپ	بەرسەڭ	60
قايتارىپ	بەردىم	63
قايتارىپ	بەرسەم	63
قايتارىپ	تاستادىم	55
ۇر	جانىم	65
ۇر	مەن	23
ۇر	دەپ	38
ۇر	ماعان	26
ۇر	بولاما	33
ۇرىپ	جاتىر	33
ۇرىپ	قوي	18
ۇرىپ	الىپ	51
ۇرىپ	تۇر	48
ۇرىپ	جاتىرمىن	36
ۇرىپ	ايتىپ	50
ۇرىپ	ەدى	64
ۇرىپ	جۇر	60
ۇرىپ	قويدىم	51
ۇرىپ	كور	60
ۇرىپ	تۇرىپ	50
ۇرىپ	ەدىم	63
ۇرىپ	سۇراپ	56
ۇرىپ	جاتقان	46
ۇرىپ	كۇر	53
ۇرىپ	تۇرعان	55
ۇرىپ	ۇرىپ	62
ۇرىپ	كورەيىن	48
ۇرىپ	سوعىپ	60
ۇرىپ	كورشى	58
ۇرىپ	قالار	58
ۇرىپ	كۇرشى	49
ۇرىپ	كەتتى	43
ۇرىپ	تاستاپتى	54
ۇرىپ	مازامدى	65
ايتايىن	جانىم	50
ايتايىن	مەن	48
ايتايىن	دەپ	50
ايتايىن	سەن	12
ايتايىن	وندا	59
ايتايىن	ساعان	51
ايتايىن	دەيدى	57
ايتايىن	دەگەن	62
ايتايىن	بولاما	52
ايتايىن	دەسە	52
ايتايىن	دەسەم	61
ايتايىن	دەدىم	16
ايتايىن	دەگەم	61
ايتايىن	دەسەڭ	18
ايتايىن	دەگەنىم	62
بەرسە	مەن	60
بەرسە	دەپ	42
بەرسە	جاقسى	46
بەرسە	بولدى	21
بەرسە	ەكەن	13
بەرسە	بىر	36
بەرسە	الىپ	48
بەرسە	بولادى	44
بەرسە	ساعان	24
بەرسە	دەيدى	53
بەرسە	بولاما	51
بەرسە	اتىپ	42
بەرسە	بەرەيىن	37
بەرسە	بولمايدى	50
بەرسە	بولمايما	50
بەرسەڭ	مەن	51
بەرسەڭ	دەپ	38
بەرسەڭ	جاقسى	43
بەرسەڭ	بولدى	30
بەرسەڭ	بىر	9
بەرسەڭ	نە	55
بەرسەڭ	مەندە	60
بەرسەڭ	بولادى	57
بەرسەڭ	دەيدى	21
بەرسەڭ	بولاما	57
بەرسەڭ	الايىن	24
بەرسەڭ	بولمايدى	60
بەرسەڭ	بولاتىن	51
بەرسەڭ	بولمايما	51
بەرسەڭ	بولار	25
بەرسەڭ	بولۋشى	60
قالىپپىن	عوي	55
قالىپپىن	جانىم	14
قالىپپىن	دەپ	19
قالىپپىن	ەندى	59
قالىپپىن	ازىر	33
قالىپپىن	تۇندە	46
قالىپپىن	جاڭا	67
قالىپپىن	جاڭە	49
قالىپپىن	ۇيات	52
اقى	سالىپ	47
اقى	تاپسىرۋ	19
اقىر	مەن	63
اقىر	بولدى	27
اقىرى	مەن	34
اقىرى	مەنى	44
اقىرى	بىر	32
اقىرى	سەن	42
اقىرىن	جاقسى	43
اقىرىن	بىر	45
اقىرىن	الىپ	55
اقىرىن	بارى	65
اقىرىن	بارىپ	56
اقىرىن	بولادى	58
اقىرىن	ايتىپ	65
اقىرىن	ىستە	19
اقىرىن	جۇر	65
اقىرىن	شىعىپ	60
اقىرىن	كەلە	55
اقىرىن	سۇراپ	63
اقىرىن	جۇرە	45
اقىرىن	جۇرىپ	54
اقىرىن	تارتىپ	63
اقىرىن	اقىرىن	58
اقىرىن	ايدا	10
اقىرىن	ۇيرەنىپ	65
اقىرىن	كەتىپ	39
اقىرىن	بايقاپ	56
اقىرىن	جۇرىڭدەر	57
المايسىڭ	عوي	47
المايسىڭ	جانىم	10
المايسىڭ	مەن	23
المايسىڭ	دەپ	60
المايسىڭ	نە	46
المايسىڭ	سەن	46
المايسىڭ	وسى	64
المايسىڭ	تەلەفون	67
المايسىڭ	نەگە	61
كولىك	جوق	67
كولىك	بار	16
كولىك	بولسا	22
كولىك	بارما	11
كولىك	كوپ	55
كولىك	قۇتتى	5
كولىك	تاۋىپ	58
كولىك	توسىپ	35
كولىك	ىزدەپ	56
كولىك	ايداپ	47
كولىك	قاجەت	62
كولىك	شىقپاي	58
كولىك	شىقسا	55
كولىك	بارمەكەن	63
كولىك	تابىلدى	53
بىلەم	عوي	39
بىلەم	جانىم	12
بىلەم	مەن	14
بىلەم	دەپ	42
بىلەم	سول	58
بىلەم	سەن	61
بىلەم	قوي	42
بىلەم	مەندە	62
بىلەم	مەنى	58
بىلەم	ول	57
بىلەم	سەنى	62
بىلەم	دوسىم	60
بىلەم	ونى	32
بىلەم	بىراق	65
بىلەم	سەنىڭ	53
بىلەم	بارىن	48
بىلەم	تۇسىنەم	59
اتا	سال	35
اتا	مەن	13
اتا	تۇر	64
اتا	بەر	57
اتا	الماي	60
اتا	انا	50
اتا	اپا	33
اتا	اپام	41
اتا	تۇرشى	64
اتا	سالشى	41
اتا	سالايىن	53
اتا	سالام	60
اتا	اپاڭ	34
اتا	بەرىڭىزدەر	20
اتا	سالدىم	43
اتا	سالساڭ	57
اتا	سالىڭىز	16
اتا	انالار	58
اتا	اپاسى	26
اتا	سالاسىڭبا	58
اتا	سالىڭىزدار	50
اتا	اناسى	61
اتا	دەپ	63
اتا	مەكەن	54
اتا	انانىڭ	52
اتا	اناڭ	49
اتا	سالتتىڭ	64
سۋى	قۇرىپ	19
سۋى	اعىپ	16
سۋى	بار	52
سۋىق	ەكەن	17
سۋىق	بولىپ	13
سۋىق	قوي	18
سۋىق	الىپ	36
سۋىق	بولسا	55
سۋىق	ەمەس	58
سۋىق	بوپ	49
سۋىق	شىعار	48
سۋىق	نارسە	47
سۋىق	كۇشتى	31
سۋىق	سۋ	42
سۋىق	ۇستاپ	57
سۋىق	ساي	33
سۋىق	وتىپ	45
سۋىق	ۇتىپ	23
سۋىق	تيىپ	35
سۋىق	سۋعا	33
سۋىق	وتكەن	27
سۋىق	ءوتىپ	55
سۋىق	تەر	56
سۋىق	سۋمەن	47
سۋىق	بولادى	50
سۋىق	شاي	46
سۋىق	پيجۋ	49
سۋىق	سىرا	59
ۇمىت	جوق	60
ۇمىت	بار	12
ۇمىت	بولىپ	25
ۇمىت	بولادى	28
ۇمىت	بارما	27
ۇمىت	كۇتىپ	28
ۇمىت	ەتەمىن	35
ۇمىت	ەتەمىز	17
ۇمىتىپ	كەت	25
ۇمىتىپ	كەتتى	42
ۇمىتىپ	كەتىپ	51
ۇمىتىپ	كەتتىم	45
ۇمىتىپ	قالدىم	62
ۇمىتىپ	قالعان	48
ۇمىتىپ	كەتتىڭ	33
ۇمىتىپ	قالدىڭبا	64
ۇمىتىپ	كەتكەن	41
ۇمىتىپ	كەتەدى	33
ۇمىتىپ	قالادى	50
ۇمىتىپ	قالىپ	54
ۇمىتىپ	قالىپپىن	62
ۇمىتىپ	كەتىپتى	13
ۇمىتىپ	كەتەم	65
ۇمىتىپ	كەتەتىن	53
ۇمىتىپ	قالما	56
ۇمىتىپ	كەتەسىڭ	24
ۇمىتىپ	قالام	39
ۇمىتىپ	قالاسىڭ	60
ۇمىتىپ	كەتەمىن	55
ۇمىتىپ	كەتىپپىن	30
ۇمىتىپ	كەتتىڭبە	60
ۇمىتىپ	كەتپە	10
ۇمىتىپ	كەتپەي	51
ۇمىتىپ	كەتپپىن	55
ۇمىتىپ	كەتبە	63
ۇمىتىپ	كەتىپتىم	63
ۇمىتىپ	كەتىپىن	48
ۇمىتىپ	قالدىڭ	48
ۇمىتىپ	قالامىن	38
ۇمىتىپ	كەتىڭبە	63
ۇمىتىپ	قالماڭىز	60
قۇڭباۋ	جوق	53
قۇڭباۋ	بار	17
قۇڭباۋ	الىپ	45
قۇڭباۋ	بولسا	57
قۇڭباۋ	بارما	31
قۇڭباۋ	شاي	19
قۇڭباۋ	بەرىپ	45
قۇڭباۋ	ات	55
قۇڭباۋ	اتىپ	31
قۇڭباۋ	كەرەك	17
قۇڭباۋ	بەرە	11
قۇڭباۋ	تاۋىپ	45
قۇڭباۋ	بەرشى	48
قۇڭباۋ	اتا	50
قۇڭباۋ	اتشى	41
قۇڭباۋ	شىعاما	13
قۇڭباۋ	اتايىن	23
قۇڭباۋ	شعاما	48
قۇڭباۋ	اتساڭ	48
كۇندەر	بولسىن	28
كۇندەر	بار	16
كۇندەر	بولا	37
كۇندەر	اي	28
كۇندەر	الدا	35
كۇندەر	الى	26
كۇندەر	كوپ	21
كۇندەرى	قۇتتى	23
كۇندەرى	كوڭىلدى	19
كۇندەرى	كۇڭىلدى	7
كۇندەرىڭ	قۇتتى	23
كۇندەرىڭ	كوڭىلدى	36
كۇندەرىڭ	كۇڭىلدى	2
ۇستى	باس	60
ۇستى	باسىم	19
ۇستى	ۇستىنە	14
ۇستى	كورپە	19
ۇستىپ	جوق	17
ۇستىپ	بىر	53
ۇستىپ	جاتىرمىن	64
ۇستىپ	ايتىپ	62
ۇستىپ	وتىرمىن	51
ۇستىپ	قالدى	57
ۇستىپ	جۇر	49
ۇستىپ	جولداپ	64
ۇستىپ	قالدىم	64
ۇستىپ	قالدىڭ	64
ۇستىپ	جۇرە	21
ۇستىپ	جۇرىپ	59
ۇستىپ	قالادى	42
ۇستىپ	سۇيلەپ	60
ۇستىپ	جازىپ	55
ۇستىپ	ۇستىپ	57
ۇستىپ	قالدىق	63
ۇستىپ	قويعان	49
ۇستىپ	قالاسىڭ	59
ۇستىپ	جۇرسەڭ	44
ۇستىپ	جاتىر	26
ۇستىپ	جۇرمىن	33
التى	ادام	63
التى	اي	18
التى	كۇن	26
التى	يۋان	19
التى	سوم	39
التى	كۇندە	48
التى	ساعات	43
التى	مىڭ	43
التى	جاس	19
التى	جۇز	46
التى	جارىم	27
التى	جىل	44
التى	جەتى	19
التى	تال	47
التى	رەت	20
التى	جارىمدا	43
التى	تۇياق	19
التى	ايدان	53
التى	جاسار	54
التىن	عوي	48
التىن	جان	58
التىن	جانىم	47
التىن	سول	51
التىن	الىپ	51
التىن	دوسىم	48
التىن	دەگەن	32
التىن	اعا	59
التىن	قىز	58
التىن	قىزدار	19
التىن	بالام	53
التىن	قىزىم	64
التىن	كەمپىرىم	26
التىن	شالىم	35
التىن	جەڭگەم	60
التىن	قىزدىڭ	51
التىن	دۇزىك	53
التىن	القا	21
التىن	سىرعا	63
التىن	بارماقتارىڭىزعا	44
التىن	بىلەزىك	51
التىن	جۇزىك	55
التىن	باۋىرىم	65
التىن	التىن	60
التىن	جانىڭ	56
التىن	قارىنداسىم	53
التىن	وردا	57
كەشكە	مەن	62
كەشكە	بىر	61
كەشكە	نە	43
كەشكە	كەل	54
كەشكە	كەلىپ	58
كەشكە	بارىپ	49
كەشكە	تاماق	44
كەشكە	ۇيگە	50
كەشكە	بىراق	64
كەشكە	تاعى	57
كەشكە	اتىپ	62
كەشكە	بارام	62
كەشكە	بارايىن	39
كەشكە	بارامىن	54
كەشكە	دەيىن	52
كەشكە	قاراي	12
كەشكە	جاقىن	53
كەشكە	تامان	58
كەشكە	تاياۋ	28
كەشكە	توي	49
كەشكە	تاڭەرتەڭ	56
كەشكە	قايتىپ	61
كەشكە	تويعا	54
كەشكە	قابارلاسايىن	18
كەشكە	كەزىگەيىك	64
رەنجىپ	جاتىر	62
رەنجىپ	تۇر	29
رەنجىپ	وتىر	63
رەنجىپ	وتىرمىن	41
رەنجىپ	قالدى	60
رەنجىپ	جۇر	43
رەنجىپ	قالدىم	53
رەنجىپ	قالعان	9
رەنجىپ	قالدىڭ	17
رەنجىپ	قالدىڭبا	43
رەنجىپ	جۇرگەن	39
رەنجىپ	جۇرسىڭ	63
رەنجىپ	قالادى	65
رەنجىپ	وتىرسىڭ	44
رەنجىپ	تۇرسىڭ	65
رەنجىپ	قالدىما	38
رەنجىپ	جۇرمە	18
رەنجىپ	قالما	38
رەنجىپ	قالام	52
رەنجىپ	قالاما	42
رەنجىپ	قالاسىڭ	40
رەنجىپ	وتىرسىڭبا	58
رەنجىپ	قالماسىن	59
رەنجىپ	جۇرسىڭبە	42
رەنجىپ	جۇرمەسىن	45
رەنجىپ	تۇرسىڭبا	43
رەنجىپ	قالامىن	55
رەنجىپ	قالدىڭىزبا	54
رەنجىپ	قالماعان	36
رەنجىپ	قالماڭىز	65
رەنجىپ	قالماشى	59
رەنجىپ	كەتتى	58
رەنجىپ	تۇرعان	51
رەنجىپ	جاتىرسىڭبا	46
رەنجىپ	قالعانسىڭبا	58
كورە	عوي	58
كورە	سال	25
كورە	بەر	11
كورە	الماي	45
كورە	سالىپ	41
كورە	الدىڭبا	21
كورە	المايمىن	37
كورە	المايسىڭ	44
كورە	المادىم	36
كورە	المايدى	18
كورە	المايتىن	21
كورە	الماعان	27
كورە	الدىڭىزدارما	43
كورەيىن	جانىم	37
كورەيىن	دەپ	30
كورەيىن	نە	15
كورەيىن	وندا	63
كورەيىن	دەيدى	54
كورەيىن	دەگەن	47
كورەيىن	قانداي	22
كورەيىن	بولاما	60
كورەيىن	دەسەم	63
كورەيىن	دەدىم	39
كورەيىن	دەگەم	59
ايەل	عوي	53
ايەل	مەن	57
ايەل	دەپ	42
ايەل	جوق	58
ايەل	ەكەن	51
ايەل	بار	42
ايەل	بولىپ	36
ايەل	الىپ	52
ايەل	ادام	52
ايەل	بولسا	11
ايەل	دەگەن	48
ايەل	ەمەس	51
ايەل	تاۋىپ	63
ايەل	ادامدى	64
ايەل	ادامعا	39
ايەل	ادامنىڭ	29
ايەل	ادامدا	24
ايەل	ادامدار	64
ايەل	جولداستار	51
ايەل	زاتى	56
ايەل	زاتىن	33
ايەل	زاتىنا	54
ايەل	بالا	59
ايەل	كىسى	54
اناۋ	مەن	62
اناۋ	جوق	57
اناۋ	بولدى	52
اناۋ	بىر	59
اناۋ	سول	47
اناۋ	نە	41
اناۋ	نەعىپ	44
اناۋ	بار	59
اناۋ	كەلىپ	56
اناۋ	ماعان	47
اناۋ	مەنى	47
اناۋ	مەنىڭ	63
اناۋ	قايدا	61
اناۋ	تەلەفون	61
اناۋ	كىم	58
اناۋ	كۇنى	35
اناۋ	تاعى	18
اناۋ	كەلدى	62
اناۋ	كەزدە	62
اناۋ	مىناۋ	58
اناۋ	مناۋ	20
اناۋ	كۇنگى	60
نەسى	جانىم	47
نەسى	دەپ	65
نەسى	جاقسى	53
نەسى	ەكەن	22
نەسى	بار	65
نەسى	قالدى	10
نەسى	كەتىپ	48
نەسى	ۇيات	56
نەسى	قيىن	15
نەسى	جامان	50
نەسى	كەتەدى	54
نەسى	قىزىق	51
نەسى	اۋرە	58
نەسى	مەن	48
جولاۋشى	بولسا	60
جولاۋشىلار	بولسا	3
جولاۋشىلار	بارما	4
جولاۋشىلار	قابارلاسىڭىزدار	47
جولاۋشىلار	حابارلاسىڭىزدار	66
جولاۋشىلار	باساتىن	7
ۇيتىپ	مەنى	62
ۇيتىپ	ايتىپ	45
ۇيتىپ	قالدى	46
ۇيتىپ	جۇر	60
ۇيتىپ	ايتقان	60
ۇيتىپ	ايتا	47
ۇيتىپ	جامان	50
ۇيتىپ	قالدىڭ	64
ۇيتىپ	ويلاپ	60
ۇيتىپ	قاتە	59
ۇيتىپ	ايتادى	36
ۇيتىپ	ايتاسىڭ	63
ۇيتىپ	ۇتىرىك	61
ۇيتىپ	وتىرىك	49
ۇيتىپ	ايتپا	61
ۇيتىپ	ۇزىڭدى	54
ۇيتىپ	ايتساڭ	17
ۇيتىپ	تۇرسىڭ	39
ۇيتىپ	ايتسام	58
ۇيتىپ	ايتپاشى	63
ۇيتىپ	ايتاتىن	17
ۇيتىپ	ايتبا	65
ۇيتىپ	ويلاما	36
ۇيتىپ	ويلاساڭ	45
ۇيتىپ	ايتباشى	54
ۇيتىپ	ايتپادىم	41
ۇيتىپ	ايتپايدى	53
ۇيتىپ	بالالىق	61
ۇيتىپ	ويلاماشى	59
ۇيتىپ	ماعان	59
ۇيتىپ	ايتقام	61
ماس	دەپ	54
ماس	بولدى	57
ماس	ەكەن	64
ماس	بولىپ	22
ماس	قوي	7
ماس	كەلىپ	54
ماس	ادام	62
ماس	بولسا	41
ماس	ساعان	39
ماس	ەمەس	61
ماس	بوپ	41
ماس	كەزدە	18
ماس	بولعان	64
ماس	بولدىم	40
ماس	بولماي	47
ماس	بولاتىن	54
ماس	بولساڭ	60
ماس	قىلىپ	43
ماس	بولپ	38
ماس	بولسام	42
ماس	بولعاندا	51
ماس	بولايىن	61
ماس	كۇنەم	66
ماس	ەكەنسىڭ	59
ماس	ەمەسپىن	61
ماس	بولعانشا	57
ماس	بولسامدا	61
كەلەت	دەپ	58
كەلەت	ەكەن	12
كەلەتىن	بولدى	18
كەلەتىن	بىر	14
كەلەتىن	بولىپ	53
كەلەتىن	ادام	27
كەلەتىن	بولسا	33
كەلەتىن	كۇنى	53
كەلەتىن	ەمەس	45
كەلەتىن	ەدى	64
كەلەتىن	بوپ	53
كەلەتىن	شىعار	57
كەلەتىن	كەزدە	14
كەلەتىن	ەدىم	36
كەلەتىن	بولعان	63
كەلەتىن	ۋاقىت	39
كەلەتىن	بولدىم	45
كەلەتىن	ماشينا	56
كەلەتىن	سياقتى	53
كەلەتىن	نارسە	42
كەلەتىن	بولساڭ	43
كەلەتىن	قۇساپ	46
كەلەتىن	بولدىڭ	65
كەلەتىن	كىسىلەر	37
كەلەتىن	شعار	48
كەلەتىن	كولىك	63
كەلەتىن	جولاۋشىلار	44
كەلەتىن	شىعارسىڭ	62
كەلەتىن	بولدىڭبا	38
كەلەتىن	ۇقسايدى	27
كەلەتىن	جەرى	62
كەلەتىن	بولدىما	53
كەلەتىن	كۇلىك	62
كەلەتىن	شعارسىڭ	60
كەلەتىن	بولدىڭدارما	51
كەلەتىن	جەر	43
كەلەتىن	بولدىق	52
كەلەتىن	ۋاعى	60
كەلەتىن	ەدىك	51
سوز	عوي	35
سوز	جوق	31
سوز	ەكەن	20
سوز	بار	48
سوز	ايتىپ	39
سوز	ەمەس	30
سوز	كوپ	49
سوز	جارىم	65
سوز	ايتايىن	49
سوز	ايتپا	57
سوز	ەستىپ	31
سوز	ايتساڭ	41
سوز	ايتسام	60
سوز	ايتپاشى	48
سوز	ايتبا	46
سوز	بوق	60
سوز	ۇقپايدى	63
سوز	ۇقپايتىن	63
سوز	ايتا	50
سوز	سويلەپ	63
سوز	تۇسىنبەدىم	58
سوز	ۇقپايسىڭ	55
ايتاسىڭ	عوي	62
ايتاسىڭ	جانىم	15
ايتاسىڭ	مەن	14
ايتاسىڭ	دەپ	46
ايتاسىڭ	سول	54
ايتاسىڭ	سەن	51
ايتاسىڭ	مەندە	61
ايتاسىڭ	ماعان	58
ايتاسىڭ	وسى	65
ايتاسىڭ	دوسىم	57
ايتاسىڭ	بىراق	39
قارسى	جاق	54
قارسى	الىپ	23
قارسى	الاتىن	15
قارسى	جاققا	56
قارسى	الام	32
قارسى	الادى	43
قارسى	الامىن	55
قارسى	الساڭ	13
قارسى	جاقتا	34
قارسى	الامىز	55
قارسى	الاسىڭبا	11
قارسى	جاقتىڭ	54
قارسى	ەمەسپىن	33
قارسى	المايسىڭبا	56
قارسى	العانىڭا	29
مىنانى	مەن	39
مىنانى	بىر	53
مىنانى	الىپ	49
مىنانى	ماعان	25
مىنانى	نەگە	59
مىنانى	قالاي	57
مىنانى	ايتىپ	52
مىنانى	كىم	47
مىنانى	قايتىپ	45
مىنانى	جولداپ	60
مىنانى	الدىم	37
مىنانى	كورىپ	56
مىنانى	الايىن	39
مىنانى	قارا	53
مىنانى	قوسىپ	45
مىنانى	قايدان	53
مىنانى	ويلاپ	46
مىنانى	اشىپ	51
مىنانى	كۇرىپ	46
مىنانى	باسىپ	50
مىنانى	شىعارىپ	45
مىنانى	كورشى	53
مىنانى	ساقتاپ	54
مىنانى	قاراشى	58
مىنانى	تانيسىڭبا	42
عۇي	جانىم	58
عۇي	مەن	18
عۇي	دەپ	48
عۇي	بىر	48
عۇي	سەن	59
عۇي	ەندى	56
عۇي	دەيمىن	52
دوستار	مەن	47
دوستار	راحىمەت	47
دوستار	قايىرلى	61
دوستار	امان	19
دوستار	كەش	51
دوستار	امانسىڭدارما	55
دوستار	سالەمدەرىڭ	45
دوستار	قالدارىڭ	13
دوستار	كەشتەرىڭ	43
دوستار	قوش	47
ۇت	باسىڭ	59
ۇت	باستارىڭ	17
ۇتىر	ەكەن	17
ۇتىرىك	دەپ	61
ۇتىرىك	جاقسى	59
ۇتىرىك	بولدى	58
ۇتىرىك	ەكەن	60
ۇتىرىك	قوي	41
ۇتىرىك	بولسا	42
ۇتىرىك	نەگە	52
ۇتىرىك	ايتىپ	59
ۇتىرىك	ەمەس	13
ۇتىرىك	ايتقان	60
ۇتىرىك	ايتا	61
ۇتىرىك	ايتام	44
ۇتىرىك	ايتىڭ	25
ۇتىرىك	بولسادا	39
ۇتىرىك	ايتادى	61
ۇتىرىك	ايتاسىڭ	42
ۇتىرىك	ايتپا	60
ۇتىرىك	ايتسام	27
ۇتىرىك	ايتپاشى	60
ۇتىرىك	ايتاتىن	13
ۇتىرىك	ايتپاي	55
ۇتىرىك	ايتبا	44
ۇتىرىك	ايتپايمىن	55
ۇتىرىك	ايتباشى	44
ۇتىرىك	ايتبايمىن	56
ۇتىرىك	ايتتىڭ	47
ۇتىرىك	ايتىم	48
ۇتىرىك	ايتقاندى	57
الامىن	عوي	62
الامىن	جانىم	14
الامىن	دەپ	24
الامىن	دەيدى	15
الامىن	دەگەن	19
الامىن	دەسەڭ	62
الامىن	دەسە	29
جاعداي	عوي	56
جاعداي	جوق	50
جاعداي	جاقسى	16
جاعداي	بولدى	17
جاعداي	ەكەن	23
جاعداي	بار	50
جاعداي	بولىپ	48
جاعداي	بولسا	22
جاعداي	بولادى	22
جاعداي	وسى	11
جاعداي	قالاي	62
جاعداي	ايتىپ	51
جاعداي	بارما	42
جاعداي	جاقسىما	33
جاعداي	قانداي	49
جاعداي	بوپ	29
جاعداي	قيىن	57
جاعداي	بولماي	49
جاعداي	بولسادا	29
جاعداي	كەلمەي	40
جاعداي	سولاي	34
جاعداي	كەلمەيدى	61
جاعداي	كەلسە	62
جاعداي	وسىلاي	62
جاعداي	جار	48
جاعداي	بىلەدى	45
ۇستا	جانىم	63
ۇستاپ	جاتىر	19
ۇستاپ	ال	36
ۇستاپ	الىپ	38
ۇستاپ	تۇر	29
ۇستاپ	جاتىرمىن	19
ۇستاپ	وتىر	55
ۇستاپ	وتىرمىن	31
ۇستاپ	كەتتى	39
ۇستاپ	قالدى	51
ۇستاپ	جۇر	35
ۇستاپ	الدى	36
ۇستاپ	الدىم	49
ۇستاپ	تۇرىپ	51
ۇستاپ	جۇرمىن	55
ۇستاپ	قالعان	51
ۇستاپ	جۇرگەن	44
ۇستاپ	العان	48
ۇستاپ	تۇرعان	48
ۇستاپ	قالادى	57
ۇستاپ	وتىرعان	47
ۇستاپ	الادى	42
ۇستاپ	السا	57
ۇستاپ	قالدىما	58
ۇستاپ	قالماسىن	64
راقىمەت	جانىم	59
راقىمەت	ساعان	14
راقىمەت	بىرگە	28
راقىمەت	دوسىم	51
راقىمەت	اعا	54
راقىمەت	ايتقانىڭ	57
راقىمەت	جەجە	48
راقىمەت	سىزگە	28
راقىمەت	التىن	24
راقىمەت	راقىمەت	60
راقىمەت	ايتقانىڭىز	59
راقىمەت	بارلىقتارىڭىزعا	60
راقىمەت	وزىڭە	47
راقىمەت	ۇزىڭە	53
راقىمەت	سىزدەرگە	52
ىشىن	تازالاپ	56
ىشىندە	ەكەن	60
ىشىندە	بىر	62
ىشىندە	نە	60
ىشىندە	بار	34
ىشىندە	ەكى	56
ىشىندە	يۋان	59
ىشىندە	قيمىل	35
ىشىندە	ۇرىمجىدەن	42
ىشىندە	سالىنادى	42
ىشىندە	پوشتادان	58
ىشىندە	مەن	16
ىشىندە	وتىرمىن	60
المادى	عوي	52
المادى	دەپ	12
المادىم	عوي	18
المادىم	جانىم	16
المادىم	دەپ	65
المادىم	بىر	35
المادىم	ەندى	63
المادىم	ەرتەڭ	57
المادىم	بۇگىن	60
المادىم	دەيدى	60
المادىم	ۇيات	54
المادىم	رەنجىمە	54
المادىم	مەن	26
ەتپەيدى	عوي	51
ەتپەيدى	جانىم	27
ەتپەيدى	مەن	14
ەتپەيدى	دەپ	53
ەتپەيدى	جاقسى	51
ەتپەيدى	بولدى	58
ەتپەيدى	بىر	59
ەتپەيدى	بارى	60
ەتپەيدى	دەيدى	49
ەتپەيدى	دوسىم	60
ەتپەيدى	الاڭداما	56
ەتپەيدى	جازىلىپ	56
ءوزى	بىر	43
ءوزى	ءبىر	39
ءوزى	بىلەدى	41
ءوزىڭ	عوي	51
ءوزىڭ	جاقسى	41
ءوزىڭ	نە	55
ءوزىڭ	نەعىپ	36
ءوزىڭ	كەلىپ	64
ءوزىڭ	بارىپ	59
ءوزىڭ	قاي	61
ءوزىڭ	قايدا	54
ءوزىڭ	تاماق	49
ءوزىڭ	قالاي	42
ءوزىڭ	ايتىپ	63
ءوزىڭ	امان	60
ءوزىڭ	ايتتىڭ	30
ءوزىڭ	شى	35
ءوزىڭ	قايداسىڭ	64
ءوزىڭ	عانا	56
ءوزىڭ	جالعىز	20
ءوزىڭ	بىل	47
ءوزىڭ	قالايسىڭ	65
ءوزىڭ	بىلەسىڭ	16
ءوزىڭ	ءبىل	33
ءوزىڭ	الىپ	13
ءوزىڭ	قانداي	53
ءوزىڭ	سياقتى	58
وتىرىك	دەپ	53
وتىرىك	جاقسى	58
وتىرىك	بولدى	60
وتىرىك	ەكەن	58
وتىرىك	بولىپ	40
وتىرىك	قوي	60
وتىرىك	بولسا	42
وتىرىك	نەگە	51
وتىرىك	ايتىپ	63
وتىرىك	ەمەس	14
وتىرىك	ايتتىڭ	62
وتىرىك	شىعار	44
وتىرىك	ايتقان	59
وتىرىك	ايتا	55
وتىرىك	ايتام	40
وتىرىك	بولسادا	40
وتىرىك	ايتادى	53
وتىرىك	ايتتىم	40
وتىرىك	ايتاسىڭ	56
وتىرىك	ايتپا	27
وتىرىك	ايتسام	24
وتىرىك	ايتپاشى	48
وتىرىك	ايتاتىن	61
وتىرىك	ايتپاي	54
وتىرىك	ايتبا	43
وتىرىك	ايتپايمىن	60
وتىرىك	ايتباشى	44
وتىرىك	ايتقاندى	60
وتىرىك	كۇلىپ	16
كەلدىڭ	عوي	63
كەلدىڭ	جانىم	24
كەلدىڭ	دەپ	63
كەلدىڭ	بىرگە	42
كەلدىڭ	دوسىم	66
كەلدىڭ	اينالايىن	63
كەلدىڭ	قارسى	59
كەلدىڭ	تورلەت	30
كەلدىڭ	مەن	17
كەلدىڭ	جاقسى	49
ۇزاق	بولسىن	26
ۇزاق	بولدى	53
ۇزاق	ەكەن	63
ۇزاق	بولىپ	7
ۇزاق	قوي	34
ۇزاق	بولسا	48
ۇزاق	ەمەس	63
ۇزاق	جول	56
ۇزاق	ۋاقىت	35
ۇزاق	مىقتى	63
ۇزاق	جەر	46
ۇزاق	جەرگە	19
ۇزاق	ماڭگى	49
ۇزاق	دەنساۋلىعى	52
ۇزاق	دەنساۋلىعىڭ	21
ۇزاق	جىل	61
ۇزاق	جولعا	38
ۇزاق	وقۋى	55
ۇزاق	اتپال	38
ۇزاق	بولاشاعى	21
ۇزاق	عۇمىر	65
ۇزاق	وقۋىڭ	36
ۇزاق	اتبال	47
ۇزاق	كەلەشەكتە	55
ۇزاق	اتپالى	64
قانا	عوي	62
قانا	جاقسى	49
قانا	بولدى	59
قانا	ەكەن	55
قانا	بار	47
قانا	قالدى	39
قانا	ەمەس	36
قانا	جۇرمىن	54
قايتەسىڭ	جانىم	62
قايتەسىڭ	مەن	19
قايتەسىڭ	دەپ	58
قايتەسىڭ	سەن	45
قايتەسىڭ	ەندى	47
قايتەسىڭ	وندا	29
قايتەسىڭ	ۇزى	49
قايتەسىڭ	سوندا	53
قايتەسىڭ	وزى	63
قايتەسىڭ	ەي	47
قايتەسىڭ	امال	39
قايتەسىڭ	تىپتى	59
قايتەسىڭ	ونى	16
قابارلاسىپ	جاتىر	26
قابارلاسىپ	قوي	50
قابارلاسىپ	الىپ	44
قابارلاسىپ	تۇر	45
قابارلاسىپ	جاتىرمىن	12
قابارلاسىپ	ايتىپ	43
قابارلاسىپ	وتىرمىن	61
قابارلاسىپ	جۇر	52
قابارلاسىپ	كور	56
قابارلاسىپ	تۇرىپ	38
قابارلاسىپ	ەدىم	59
قابارلاسىپ	تۇرمىن	63
قابارلاسىپ	جاتقان	50
قابارلاسىپ	كۇر	58
قابارلاسىپ	جۇرگەن	61
قابارلاسىپ	قويايىن	52
قابارلاسىپ	كورەيىن	23
قابارلاسىپ	تۇرشى	44
قابارلاسىپ	تۇرادى	57
قابارلاسىپ	كۇرەيىن	62
قابارلاسىپ	تۇرما	56
قابارلاسىپ	كورشى	59
قابارلاسىپ	تۇرساڭ	54
قابارلاسىپ	كۇرشى	49
قابارلاسىپ	تۇرام	45
قابارلاسىپ	تۇرسىڭبا	52
قابارلاسىپ	تۇرامىن	55
قابارلاسىپ	تۇرايىق	30
قابارلاسىپ	جاتقانىم	46
قابارلاسىپ	تۇرىڭىز	42
قابارلاسىپ	جاتقانىڭا	19
قابارلاسىپ	تۇرامىز	47
قابارلاسىپ	تۇرساڭشى	53
مىنە	جانىم	44
مىنە	مەن	38
مىنە	دەپ	51
مىنە	بىر	25
مىنە	ەندى	48
مىنە	بۇگىن	34
مىنە	مەنىڭ	49
مىنە	وسى	60
مىنە	تاعى	42
مىنە	مىنا	54
مىنە	جولداپ	53
مىنە	اتىپ	58
مىنە	كەلدىم	52
مىنە	بارام	46
مىنە	بۇل	38
مىنە	جەردە	61
مىنە	بىرەۋ	53
مىنە	جەرگە	41
مىنە	جەردەن	57
مىنە	شىقتىم	59
مىنە	جەر	58
مىنە	ۇستىپ	56
مىنە	وسىنداي	62
مىنە	قىزىق	38
مىنە	وسىلاي	61
تال	بولدى	52
تال	بىر	50
تال	بار	40
تال	الىپ	24
تال	قالدى	53
تال	يۋان	31
تال	الايىن	31
تال	عانا	55
تال	تۇستە	39
تال	السام	39
تال	جۇمىرتقا	57
تال	جاستىق	57
تال	ولشەمى	54
ۇيقى	جوق	64
ۇيقى	بولسىن	40
ۇيقى	جاقسى	13
ۇيقى	كەلىپ	22
ۇيقى	قايدا	19
ۇيقى	دەگەن	44
ۇيقى	كەلدى	57
ۇيقى	سۇراپ	53
ۇيقى	كەلەدى	34
ۇيقى	كەپ	50
ۇيقى	كەلمەي	44
ۇيقى	دارى	15
ۇيقى	باسىپ	44
ۇيقى	كەلمەيدى	58
ۇيقى	كيىم	60
ۇيقى	قاشىپ	44
ۇيقى	كەلمەدى	49
ۇيقى	كەلەر	56
ۇيقى	شالا	55
ۇيقى	قانباي	28
ۇيقى	قاندى	36
ۇيقى	قانىپ	27
ۇيقى	قاندىما	38
ۇيقى	كەلەتىن	20
ۇيقى	قاشاتىن	61
ۇيقىم	جاقسى	57
ۇيقىم	كەلىپ	53
ۇيقىم	كەلدى	7
ۇيقىم	قاتتى	17
ۇيقىم	كەلەدى	53
ۇيقىم	كەپ	64
ۇيقىم	كەلگەن	25
ۇيقىم	كەلمەي	56
ۇيقىم	كەلمەيدى	10
ۇيقىم	كەلسە	37
ۇيقىم	كەلگەندە	58
ۇيقىم	قاشىپ	44
ۇيقىم	كەلمەدى	37
ۇيقىم	كەلەر	27
ۇيقىم	شالا	48
ۇيقىم	اشىلىپ	55
ۇيقىم	قانباي	36
ۇيقىم	قانىپ	33
دەمالىپ	جاقسى	57
دەمالىپ	جات	63
دەمالىپ	جاتىر	55
دەمالىپ	ال	42
دەمالىپ	الىپ	13
دەمالىپ	ەرتەڭ	27
دەمالىپ	جاتىرمىن	59
دەمالىپ	وتىرمىن	14
دەمالىپ	قالدى	30
دەمالىپ	ىستە	55
دەمالىپ	ۇيقتاپ	59
دەمالىپ	قالدىم	63
دەمالىپ	الايىن	49
دەمالىپ	جاتىپ	28
دەمالىپ	قالعان	19
دەمالىپ	قالدىڭبا	56
دەمالىپ	وتىرمىز	55
دەمالىپ	دەمالىپ	52
دەمالىپ	جاتىرسىڭبا	65
دەمالىپ	تۇردىڭبا	23
دەمالىپ	الىڭىز	56
دەمالىپ	قالدىڭىزبا	52
دەمالىپ	جاتقان	59
دەمالىپ	جاتىرمىز	61
دەمالىپ	الساڭ	52
بەرگەن	عوي	62
بەرگەن	دەپ	16
بەرگەن	جوق	47
بەرگەن	جاقسى	60
بەرگەن	ەكەن	57
بەرگەن	بىر	42
بەرگەن	سول	57
بەرگەن	ادام	56
بەرگەن	بولسا	53
بەرگەن	اقشا	51
بەرگەن	كۇنى	58
بەرگەن	سوڭ	48
بەرگەن	شىعار	25
بەرگەن	كەزدە	46
بەرگەن	سونى	53
بەرگەن	ەدىم	57
بەرگەن	اقشانى	60
بەرگەن	سايىن	43
بەرگەن	جانىم	49
بەرگەن	بولساڭ	56
ەكەۋ	بار	62
ەكەۋ	بولىپ	21
ەكەۋ	الىپ	38
ەكەۋ	بولسا	31
ەكەۋ	ەمەس	32
ەكەۋ	الايىن	31
ەكەۋ	عانا	37
ەكەۋى	جوق	20
ەكەۋى	جاقسى	59
ەكەۋى	بىر	43
ەكەۋى	بار	23
ەكەۋى	كەلىپ	48
ەكەۋى	ەكى	58
ەكەۋى	بىرگە	58
ەكەۋى	امان	60
ەكەۋى	كەتتى	27
ەكەۋى	قانشا	62
ەكەۋى	ىشىپ	58
ەكەۋى	ۇيقتاپ	35
ەكەۋى	يۋان	57
ەكەۋى	عانا	59
ەكەۋى	بىردەي	61
ەكەۋى	ويناپ	45
سات	دەپ	61
سات	ەكەن	33
سات	بولىپ	14
ساتى	بولسىن	17
ساتىپ	جاتىر	10
ساتىپ	جاتىرسىڭ	20
ساتىپ	ال	53
ساتىپ	الىپ	52
ساتىپ	جاتىرمىن	19
ساتىپ	اقشا	48
ساتىپ	بەر	50
ساتىپ	جۇر	60
ساتىپ	الدىم	46
ساتىپ	بەرەيىن	45
ساتىپ	الايىن	53
ساتىپ	جاتقان	38
ساتىپ	جۇرگەن	46
ساتىپ	العان	51
ساتىپ	الاتىن	59
ساتىپ	بەرشى	27
ساتىپ	اقشاسىن	44
ساتىپ	الام	55
ساتىپ	الادى	54
ساتىپ	الامىن	60
ساتىپ	السام	52
ساتىپ	الامىز	60
ساتىپ	جىبەر	50
ساتىپ	جىبەرىپ	54
ساتىپ	جىبەردىم	57
ساتىپ	ەتتىم	53
ەشكى	بار	64
ەشكى	لاق	30
ەشكى	باعىپ	19
ەشكى	جايىپ	31
ەشكىم	جوق	61
ەشكىم	سەنى	7
ەشكىم	ساعان	54
ەشكىم	ەمەس	55
ەشكىم	كەرەك	59
ەشكىم	ەشتەڭە	41
ەشكىم	المايدى	54
ەشكىم	جوقپا	56
ەشكىم	ەشكىمگە	55
ەشكىم	بىلمەيدى	63
ەشكىم	قارامايدى	63
ەشكىم	كورمەيدى	62
ەشكىم	كۇرمەيدى	56
ەشكىم	بىلمەسىن	58
ەشكىم	مەن	23
ەشكىم	باسا	29
ەشكىم	تۇسىنبەيدى	50
ەلدى	الداپ	37
ەلدىڭ	بارى	31
ەلدىڭ	بارىن	12
ەلدىڭ	اقشاسىن	64
ەلدىڭ	نەسى	43
ەلدىڭ	الدىندا	40
ەلدىڭ	ۇيىنە	19
ەلدىڭ	بالاسى	42
ەلدىڭ	ۇيىندە	47
ەلدىڭ	ۇينە	41
ەلدىڭ	بارىنە	58
ەلدىڭ	ءبارى	39
ەلدىڭ	ۇيندە	62
ەلدىڭ	كوزى	45
ەلدىڭ	بالاسىن	63
ەلدىڭ	قاتىنى	61
ەلدىڭ	سوزىن	52
ەلدىڭ	سۇزىن	57
ەلدىڭ	قولىنا	63
ەلدىڭ	بارىندە	52
ەلدىڭ	كوزىنە	56
ەلدىڭ	سوزىنە	59
ەلدىڭ	سۇزىنە	47
ەلدىڭ	كوزىنشە	46
ەلدىڭ	ۇيى	33
ەلدىڭ	بايى	56
ەلدىڭ	كۇزىنشە	50
جايلى	بولسىن	61
جايلى	جات	12
جايلى	تۇر	58
جايلى	تۇس	12
جايلى	جاتىپ	33
جايلى	ەشتەڭە	8
جايلى	اڭگىمە	59
جايلى	ۇيقى	50
جايلى	تۇردىڭبا	21
جايلى	كەڭەس	19
جايلى	تۇرىڭىز	53
جايلى	تۇرىڭدار	43
جايلى	ارقانداي	41
بارسا	مەن	59
بارسا	جاقسى	35
بارسا	بولدى	23
بارسا	بولادى	18
بارسا	بولاما	21
بارسا	بارسىن	39
بارسام	دەپ	34
بارسام	جوق	37
بارسام	جاقسى	54
بارسام	بولدى	38
بارسام	بىر	44
بارسام	نە	65
بارسام	سەن	58
بارسام	ادام	45
بارسام	بولادى	55
بارسام	سەنى	58
بارسام	ساعان	20
بارسام	قالاي	52
بارسام	تاعى	61
بارسام	بولاما	52
بارسام	شىعا	15
بارسام	ۇيات	55
بارسام	جاي	44
بارسام	بولاتىن	57
بارسام	بوپتى	58
بارسام	بولمايما	53
بارسام	قارسى	64
بارسام	بولار	45
بارسام	جوقسىڭ	57
بارسام	قايتەدى	51
بارسام	قابارلاسام	65
بارسام	سول	52
بارسام	قولايلى	62
بارسام	بولۋشى	63
الس	ەكەن	47
الس	بولىپ	17
الس	ەمەس	19
الس	جەر	20
السا	مەن	16
السا	جاقسى	45
السا	بولدى	19
السا	ەكەن	17
السا	بىر	44
السا	بولادى	48
السا	قانشا	19
الساڭ	مەن	47
الساڭ	جاقسى	43
الساڭ	بولدى	18
الساڭ	بىر	11
الساڭ	سول	56
الساڭ	ال	60
الساڭ	الىپ	53
الساڭ	ماعان	49
الساڭ	بولادى	60
الساڭ	بوپتى	18
الساڭ	بولمايما	51
كەتىپتى	عوي	40
كەتىپتى	جانىم	10
كەتىپتى	مەن	54
كەتىپتى	دەپ	63
كەتىپتى	ەكەن	32
كەتىپتى	سودان	62
كەتىپتى	دەيدى	52
كەتىپتى	سونى	33
كەتىپتى	سوعان	48
كەتىپتى	سول	53
كەتىپتى	بۇگىن	64
سيلاسىن	جانىم	52
سيلاسىن	مەن	10
سيلاسىن	جاقسى	59
سيلاسىن	دوسىم	59
سيلاسىن	دوستار	55
سيلاسىن	جايلى	49
سيلاسىن	قايىرلى	14
بىلىپ	بولدى	60
بىلىپ	قوي	49
بىلىپ	ال	42
بىلىپ	الىپ	29
بىلىپ	تۇر	50
بىلىپ	جاتىرمىن	40
بىلىپ	وتىر	59
بىلىپ	وتىرمىن	49
بىلىپ	جۇر	30
بىلىپ	الدىم	56
بىلىپ	قويدى	47
بىلىپ	قويدىم	48
بىلىپ	تۇرىپ	59
بىلىپ	ەدىم	16
بىلىپ	جۇرمىن	52
بىلىپ	تۇرمىن	61
بىلىپ	بولدىم	17
بىلىپ	جاتقان	52
بىلىپ	قويىپ	49
بىلىپ	العان	39
بىلىپ	تۇرعان	57
بىلىپ	قويايىن	49
بىلىپ	قويدىڭ	57
بىلىپ	قالسا	35
بىلىپ	تۇرسىڭ	39
بىلىپ	قويسا	45
بىلىپ	قويعان	29
بىلىپ	قويادى	57
بىلىپ	قالماسىن	54
بىلىپ	قوياما	36
بىلىپ	قويماسىن	47
بىلىپ	الايىن	49
ايدا	مەن	63
ايدا	دەپ	53
ايدا	بىر	48
ايدا	ەكى	16
ايدا	بىراق	45
ايدا	قانشا	42
ايدا	تاعى	54
ايدا	ۇش	50
ايدا	بەرەيىن	56
ايدا	توي	36
ايدا	بەرەم	52
ايدا	قايتارىپ	55
ايداپ	جاتىر	55
ايداپ	قوي	42
ايداپ	كەل	64
ايداپ	كەلىپ	49
ايداپ	تۇر	49
ايداپ	بارىپ	47
ايداپ	جاتىرمىن	53
ايداپ	كەتتى	48
ايداپ	كەتىپ	35
ايداپ	جۇر	48
ايداپ	كەلدىم	59
ايداپ	جۇرمىن	62
ايداپ	بارا	38
ايداپ	بارام	37
ايداپ	كەلە	29
ايداپ	اپارىپ	22
ايداپ	كەتكەن	52
ايداپ	جۇرگەن	56
ايداپ	جۇرىپ	47
ايداپ	جۇرسىڭ	40
ايداپ	بارامىن	43
ايداپ	بارادى	45
ايداپ	قايتاتىن	59
ايداپ	جۇرسىڭبە	53
ايداپ	بەر	26
ايداپ	كەلدى	63
ايداپ	كەلەدى	52
ايداپ	اكەپ	58
ايداپ	كەلەم	58
ايداپ	كەلەمىن	45
ەشتەمە	جوق	58
ەشتەمە	دەگەن	12
ەشتەمە	ەمەس	53
ەشتەمە	بولعان	55
ەشتەمە	بولمايدى	45
ەشتەمە	تۇرعان	61
ەشتەمە	ەتپەيدى	60
ەشتەمە	بولمادى	12
ەشتەمە	قالمادى	17
ەشتەمە	ويلاما	50
ەشتەمە	دەمەدى	57
ەشتەمە	دەمەدىم	42
ەشتەمە	ويلاماي	42
ەشتەمە	ەتبەيدى	51
ەشتەمە	ىستەمەدىم	33
ەشتەمە	قىلمادىم	60
ادامدى	مەن	62
ادامدى	جاقسى	61
ادامدى	بىر	31
ادامدى	نە	40
ادامدى	الىپ	57
ادامدى	ادام	56
ادامدى	نەگە	41
ادامدى	تاۋىپ	52
ادامدى	قوسىپ	60
ادامدى	قايدان	63
ادامدى	جىندى	58
ادامدى	الداپ	53
ادامدى	اقىماق	58
ادامدى	جەك	26
ادامدى	الاڭداتىپ	63
ادامدى	الاڭداتپاي	48
ادامدى	قىزىقتىرىپ	50
ادامدى	ۇيالتىپ	63
ادامدى	تاپقان	41
ادامدى	مازاق	63
ادامدى	شوشىتىپ	52
ۇيدى	بىر	56
ۇيدى	الىپ	50
ۇيدى	بىراق	37
ۇيدى	ساتىپ	52
ۇيدى	تازالاپ	34
ۇيدى	مايلاپ	19
ۇيدى	جيناپ	49
ۇيدىڭ	بىر	52
ۇيدىڭ	ىشى	57
ۇيدىڭ	ماي	25
ۇيدىڭ	اقشاسى	36
ۇيدىڭ	اقشاسىن	55
ۇيدىڭ	ىشىن	52
ۇيدىڭ	ىشىندە	36
ۇيدىڭ	الدىندا	35
ۇيدىڭ	ارتىنا	55
ۇيدىڭ	قاسىندا	59
ۇيدىڭ	پۇلىن	37
ۇيدىڭ	ۇساق	61
ۇيدىڭ	تاماعىن	53
ۇيدىڭ	الدىنا	56
ۇيدىڭ	جۇمىسى	54
ۇيدىڭ	قاسىنا	58
ۇيدىڭ	جانىندا	29
ۇيدىڭ	ارتىندا	48
ۇيدىڭ	ادامى	37
ۇيدىڭ	جۇمسى	56
ۇيدىڭ	يەسى	47
ۇيدىڭ	جۇمىسىن	42
ۇيدىڭ	كىلتى	52
ۇيدىڭ	قاسىنداعى	51
ۇيدىڭ	شارۋاسى	42
ۇيدىڭ	كىلتىن	58
ۇيدىڭ	ماڭايىن	53
بوس	دەپ	63
بوس	ەكەن	52
بوس	بولىپ	37
بوس	قوي	49
بوس	ادام	45
بوس	بولسا	35
بوس	تۇر	16
بوس	ەمەس	60
بوس	پا	19
بوس	كەزدە	54
بوس	بولعان	29
بوس	ۋاقىت	51
بوس	قىز	53
بوس	قىزدار	19
بوس	بولساڭ	64
بوس	جىگىت	46
بوس	جولاۋشى	60
بوس	ورىن	31
بوس	دەرەۋ	45
بوس	بولسام	43
بوس	جىگىتتەر	59
بوس	ۋاقىتتا	47
بوس	كەزىڭدە	61
بوس	ۇي	62
بوس	جۇرگەن	57
بوس	ۋاقىتىڭدا	62
سۇز	عوي	49
سۇز	جوق	31
سۇز	ەكەن	19
سۇز	بار	43
سۇز	ايتىپ	40
سۇز	ەمەس	30
سۇز	كۇپ	48
سۇز	جارىم	50
سۇز	ايتايىن	52
سۇز	ايتپا	51
سۇز	ەستىپ	42
سۇز	ايتسام	38
سۇز	ايتبا	44
سۇز	ۇقپايدى	56
سۇز	ۇقپايتىن	57
تازا	عوي	50
تازا	بولسىن	27
تازا	جاقسى	53
تازا	ەكەن	41
تازا	بىر	43
تازا	بولىپ	52
تازا	بولسا	45
تازا	ەمەس	31
تازا	كۇمىس	41
تازا	رەتتى	47
تازالاپ	ەندى	38
تازالاپ	بولىپ	36
تازالاپ	جاتىر	44
تازالاپ	قوي	42
تازالاپ	جاتىرمىن	32
تازالاپ	قاربالاس	15
تازالاپ	ازىر	52
تازالاپ	قويدىم	31
تازالاپ	جاڭا	47
تازالاپ	جۇرمىن	52
تازالاپ	الايىن	46
تازالاپ	بولدىم	44
تازالاپ	جاڭە	36
تازالاپ	قويىپ	45
تازالاپ	جاتىرمىز	49
تازالاپ	جۋىپ	52
تازالاپ	تاستا	29
تازالاپ	تاستاپ	40
تازالاپ	كىر	44
دۇرس	جانىم	53
دۇرس	دەپ	61
دۇرس	بولدى	55
دۇرس	ەكەن	27
دۇرس	قوي	12
دۇرس	ادام	19
دۇرس	بولسا	59
دۇرس	ەمەس	47
دۇرس	ەدى	31
دۇرس	شىعار	61
دۇرس	بولعان	59
دۇرس	بولىپتى	30
دۇرس	بولماي	62
دۇرس	بوپتى	42
دۇرس	ايتاسىڭ	52
دۇرس	بولپتى	15
دۇرس	تۇسىن	41
دۇرس	ايتاسىز	42
قۇدا	بولىپ	60
قۇدا	كەلىپ	32
قۇدا	قايدا	53
قۇدا	قۇتتى	52
قۇدا	بالا	56
قۇدا	كەلەدى	60
قۇدا	بالام	53
قۇدا	بالاڭ	53
قۇدا	كۇتىپ	58
قۇدا	قۇداعي	32
قۇدا	كۇتۋ	51
قۇدا	بوپ	15
قۇدا	تۇسىپ	15
قۇدا	بالانىڭ	58
قۇدا	سەمياڭىزبەن	44
قۇدا	جەگجات	58
قۇدا	جۇرات	39
قۇدا	جەكجات	59
قۇداي	جانىم	54
قۇداي	دەپ	62
قۇداي	بار	60
قۇداي	اي	17
قۇداي	راس	20
قۇداي	اۋ	59
قۇداي	بەرە	33
قۇداي	ۇشىن	35
قۇداي	بىلەدى	62
قۇداي	اقى	28
قۇداي	بەرگەن	38
قۇداي	قۇداي	61
قۇداي	بۇيرسا	34
قۇداي	ساقتاپ	40
قۇداي	ساقتاسىن	56
قۇداي	قاراس	10
قۇداي	اقىن	48
قۇداي	قوسقان	57
قۇداي	بەرەسالعان	53
قۇداي	قىراس	16
قۇداي	عىراس	45
قۇداي	سول	47
قۇداي	الدىندا	32
جاقىن	عوي	55
جاقىن	دەپ	26
جاقىن	ەكەن	56
جاقىن	بىر	24
جاقىن	بولىپ	58
جاقىن	ادام	45
جاقىن	بولسا	41
جاقىن	دوس	32
جاقىن	دوسىم	53
جاقىن	جەر	60
جاقىن	جەردە	15
جاقىن	جەرگە	19
جاقىن	تارتىپ	42
جاقىن	جەردەن	28
جاقىن	تۋىس	30
جاقىن	تارتقان	52
جاقىن	ارادا	61
جاقىن	ەمەس	37
جاقىن	ماڭدا	47
جاقتا	عوي	51
جاقتا	مەن	57
جاقتا	جوق	59
جاقتا	ەكەن	50
جاقتا	بىر	42
جاقتا	نە	58
جاقتا	نەعىپ	48
جاقتا	بار	64
جاقتا	ادام	41
جاقتا	كۇن	60
جاقتا	ىستەپ	41
جاقتا	جۇر	63
جاقتا	جۇمىس	61
جاقتا	جۇرمىن	51
جاقتا	جۇرگەن	26
جاقتا	جۇرسىڭ	58
جاقتا	جاڭبىر	52
جاقتا	سول	27
جاقتا	توي	46
جاقتا	كوپ	54
جاقتا	جۇرمىز	57
ۇتە	جاقسى	56
ۇتە	ەرتە	18
ۇتە	اق	47
ۇتە	قاربالاس	61
ۇتە	كوپ	41
ۇتە	از	60
ۇتە	الماي	55
ۇتە	تەز	49
ۇتە	اۋىر	48
ۇتە	كەلە	53
ۇتە	قاتتى	51
ۇتە	قيىن	44
ۇتە	دۇرىس	23
ۇتە	ۇلكەن	21
ۇتە	كەرەمەت	38
ۇتە	كۇپ	42
ۇتە	جامان	31
ۇتە	جاي	54
ۇتە	شارشاپ	26
ۇتە	كۇشتى	52
ۇتە	ارتىق	46
ۇتە	ۇزاق	53
ۇتە	دۇرس	56
ۇتە	جاقىن	37
ۇتە	ادەمى	53
ۇتە	شىعادى	61
ۇتە	قىيىن	62
ۇتە	اسىپ	60
ۇتە	جوعارى	49
ۇتە	قىمبات	54
ۇتە	تۇمەن	58
ۇتە	ناشار	49
ۇتە	ىستىق	50
ۇتە	تاماشا	51
ۇتە	ستىق	61
شپيىڭ	ال	60
شپيىڭ	نەگە	53
شپيىڭ	الماي	54
شپيىڭ	جولداپ	49
شپيىڭ	اش	48
شپيىڭ	اشىپ	54
شپيىڭ	قىل	32
شپيىڭ	قىلىپ	36
شپيىڭ	ۇر	30
شپيىڭ	ۇرىپ	45
شپيىڭ	المايسىڭ	19
شپيىڭ	جالعا	47
شپيىڭ	ۇرسام	27
شپيىڭ	الشى	28
شپيىڭ	ۇرايىن	61
شپيىڭ	المادىڭ	51
شپيىڭ	قىلايىن	34
شپيىڭ	جالعاپ	11
شپيىڭ	جالعايىن	50
شپيىڭ	ۇرىپتى	38
شپيىڭ	ۇرام	58
شپيىڭ	اشايىن	52
شپيىڭ	ۇرشى	53
شپيىڭ	قىلسام	55
شپيىڭ	ۇرپتى	47
شپيىڭ	ۇرايىنبا	59
شپيىڭ	اشايىنبا	48
شپيىڭ	جالعاسام	39
شپيىڭ	جالعاشى	46
شپيىڭ	ۇرپسىڭ	58
بىلەسىڭ	عوي	59
بىلەسىڭ	جانىم	5
بىلەسىڭ	مەن	42
بىلەسىڭ	سەن	45
بىلەسىڭ	قوي	58
بىلەسىڭ	مەنىڭ	37
قۇيىپ	جاتىر	54
قۇيىپ	قوي	30
قۇيىپ	ال	48
قۇيىپ	الىپ	28
قۇيىپ	تۇر	36
قۇيىپ	جاتىرمىن	20
قۇيىپ	وتىرمىن	37
قۇيىپ	كەتتى	36
قۇيىپ	بەر	18
قۇيىپ	بەرىپ	48
قۇيىپ	بەرە	57
قۇيىپ	بەرەيىن	46
قۇيىپ	قويدىم	35
قۇيىپ	ەدىم	43
قۇيىپ	الايىن	29
قۇيىپ	بەرەم	37
ارى	نە	62
ارى	كەت	63
ارى	ەمەس	39
ارى	بەرى	50
ارى	جۇر	60
ارى	قاراپ	53
ارى	وينا	14
ارى	قاراي	38
ارى	جوعال	63
ارى	جۇرشى	39
ارى	قىلسىن	54
ارى	بارىپ	50
ارى	كەتىپ	61
ارى	كەتسىن	16
ارى	جوعالسىن	49
الدىن	الىپ	58
الدىن	كۇنى	23
الدىن	الاتىن	17
الدىن	الادى	39
الدىن	الۋ	19
الدىندا	مەن	33
الدىندا	بىر	46
الدىندا	سەن	26
الدىندا	تۇر	56
الدىندا	ماعان	60
الدىندا	ەكى	38
الدىندا	مەنى	53
الدىندا	ايتىپ	56
الدىندا	وتىرمىن	61
الدىندا	تاعى	34
الدىندا	عانا	56
الدىندا	تۇرمىن	56
الدىندا	توسىپ	33
الدىندا	وتىر	58
الدىندا	تۇرمىز	57
رەت	بولسىن	52
رەت	بولدى	49
رەت	ەكەن	29
رەت	بىر	59
رەت	بارىپ	61
رەت	تەلەفون	49
رەت	ايتىپ	37
رەت	عانا	61
رەت	بولسادا	49
رەت	ايتتىم	60
رەت	قانا	45
رەت	وراي	38
رەت	باردىم	50
رەت	الىپ	56
رەت	بىرگە	60
بولدىق	عوي	20
بولدىق	جانىم	42
بولدىق	دەپ	36
بولدىق	ەندى	33
بولدىق	قوي	29
بولدىق	دەيدى	60
بولدىق	ەرتەڭ	11
بولدىق	پا	56
كسى	عوي	30
كسى	جوق	53
كسى	ەكەن	55
كسى	بار	35
كسى	كەلىپ	14
كسى	قايدا	16
كسى	كىم	56
كسى	بارما	57
كسى	كوپ	46
كسى	كەلدى	58
كسى	كەلەدى	43
كسى	كەپ	45
كسى	شاقىرىپ	45
كسى	قايتس	51
بولار	جانىم	58
بولار	دەپ	43
بولار	ەكەن	29
بولار	ەندى	12
بولار	ەدى	57
بولار	ىس	9
بولار	ەدىم	57
بولار	ەدىڭ	39
بولار	مەكەن	56
كەلەسى	قانشا	53
كەلەسى	جولى	24
كەلەسى	سوم	7
كەلەسى	جىلى	12
كەلەسىڭ	عوي	22
كەلەسىڭ	جانىم	18
كەلەسىڭ	مەن	17
كەلەسىڭ	دەپ	55
كەلەسىڭ	ەندى	65
كەلەسىڭ	وندا	62
كەلەسىڭ	سوندا	64
كەلەسىڭ	سەن	39
كەلەسىڭ	ۇيگە	60
بەردى	عوي	17
بەردى	مەن	15
بەردى	دەپ	54
بەردى	ەكەن	17
بەردى	ەندى	35
بەردى	دەيدى	52
بەردى	سونى	47
بەردىم	عوي	55
بەردىم	جانىم	14
بەردىم	دەپ	46
بەردىم	ەندى	27
بەردىم	ساعان	36
بەردىم	دەيدى	50
قالپتى	عوي	49
قالپتى	جانىم	12
قالپتى	دەپ	53
قالپتى	ەكەن	37
قالپتى	سودان	58
قالپتى	دەيدى	53
قالپتى	سونى	43
قالپتى	سوعان	46
قالپتى	جاعداي	58
قالپتى	باعادا	60
قالپتى	بولسا	44
شاق	كەلمەي	42
شاق	كەلمەيدى	18
شاقىر	دەپ	16
شاقىرىپ	بىر	17
شاقىرىپ	سول	55
شاقىرىپ	جاتىر	30
شاقىرىپ	ال	13
شاقىرىپ	الىپ	29
شاقىرىپ	تۇر	19
شاقىرىپ	جاتىرمىن	43
شاقىرىپ	تاماق	59
شاقىرىپ	وتىر	54
شاقىرىپ	وتىرمىن	45
شاقىرىپ	كەتتى	52
شاقىرىپ	شاي	46
شاقىرىپ	ەدى	55
شاقىرىپ	الدى	58
شاقىرىپ	الدىم	51
شاقىرىپ	قويدىم	58
شاقىرىپ	الايىن	37
شاقىرىپ	سوعان	53
شاقىرىپ	جاتقان	31
شاقىرىپ	قويىپ	50
ۇيىن	تازالاپ	19
ۇيىنە	بار	59
ۇيىنە	كەلىپ	59
ۇيىنە	بارىپ	24
ۇيىنە	كەتتى	13
ۇيىنە	كەتىپ	40
ۇيىنە	كەلدىم	35
ۇيىنە	بارا	32
ۇيىنە	بارام	45
ۇيىنە	اپارىپ	59
ۇيىنە	كەتكەن	50
ۇيىنە	بارايىن	26
ۇيىنە	باراتىن	49
ۇيىنە	بارامىن	47
ۇيىنە	كىرىپ	45
ۇيىنە	بارامىز	48
ۇيىنە	بارعاندا	59
ۇيىنە	بارادى	37
ۇيىنە	بارايىق	40
ۇيىنە	كەلدىك	50
ۇيىنە	كەلگەم	52
ۇيىنە	بىر	20
ۇيىنە	كەل	58
ۇيىنە	جاتىپ	39
ۇيىنە	بارعان	54
ۇيىنە	قونىپ	42
ادەمى	عوي	59
ادەمى	ەكەن	29
ادەمى	بىر	10
ادەمى	بولىپ	59
ادەمى	بولادى	17
ادەمى	ان	53
ادەمى	بوپ	57
ادەمى	بولعان	49
ادەمى	ەكەنسىڭ	60
ادەمى	قىز	46
ادەمى	بولىپتى	56
ادەمى	بالا	47
ادەمى	جەر	39
ادەمى	جىگىت	46
اتشى	جانىم	55
اتشى	مەن	27
اتشى	بىر	55
اتشى	بار	50
اتشى	ەرتەڭ	46
اتشى	ماعان	32
اتشى	دوسىم	55
اتشى	بولاما	30
اتشى	تەز	51
اتشى	كەرەك	26
اتشى	تەمەكى	30
كۇندىز	عوي	61
كۇندىز	مەن	57
كۇندىز	جوق	61
كۇندىز	بولسىن	41
كۇندىز	جاقسى	60
كۇندىز	بىر	61
كۇندىز	نە	57
كۇندىز	كەلىپ	56
كۇندىز	بولسا	55
كۇندىز	بارىپ	45
كۇندىز	ول	34
كۇندىز	ۇيدە	60
كۇندىز	قاربالاس	53
كۇندىز	كوپ	39
كۇندىز	بىراز	57
كۇندىز	ىستەپ	61
كۇندىز	ۇيقتاپ	50
كۇندىز	جۇمىس	60
كۇندىز	تۇن	31
كۇندىز	ۋاقىت	60
كۇندىز	بولسادا	43
كۇندىز	ۇيىقتاپ	52
كۇندىز	قول	53
كۇندىز	كەشكە	61
كۇندىز	تۇنى	56
كۇندىز	كەشكەدەيىن	16
كۇندىز	عانا	53
كۇندىز	مال	58
جۇمىسقا	كەلىپ	58
جۇمىسقا	بارىپ	43
جۇمىسقا	كەتتى	33
جۇمىسقا	قاشان	52
جۇمىسقا	كەتىپ	58
جۇمىسقا	كەتتىم	32
جۇمىسقا	كەلدىم	44
جۇمىسقا	شىعا	11
جۇمىسقا	شىعىپ	58
جۇمىسقا	بارام	56
جۇمىسقا	بارايىن	49
جۇمىسقا	بارامىن	52
جۇمىسقا	شعىپ	54
جۇمىسقا	شىعادى	51
جۇمىسقا	شىقتىم	57
جۇمىسقا	شىعاتىن	34
جۇمىسقا	شىققاندا	41
جۇمىسقا	شىعام	57
جۇمىسقا	شىقتىڭبا	40
جۇمىسقا	شىعامىن	30
جۇمىسقا	شىعايىن	19
جۇمىسقا	شىعاسىڭ	42
جۇمىسقا	شىعامىز	37
جۇمىسقا	شىعاسىڭبا	57
جۇمىسقا	شىققالى	46
جۇمىسقا	شىقپادىڭبا	51
كەتەم	عوي	61
كەتەم	جانىم	15
كەتەم	مەن	36
كەتەم	دەپ	56
كەتەم	بولدى	14
كەتەم	ەندى	61
كەتەم	دەيدى	61
كەتەم	ۇيگە	22
كەتەم	دەگەن	55
كەتەم	دەسە	44
كەتەم	دەسەم	57
كەتەم	دەسەڭ	61
كەتەم	كەيدە	45
كەتەم	بىر	59
كەتەم	سەن	62
كەتەم	ەرتەڭ	56
كەتەم	دەشى	51
بەرمە	جانىم	18
بەرمە	دەپ	23
بەرمە	بولاما	23
بەرمەي	جاتىر	32
بەرمەي	قوي	17
بەرمەي	الىپ	43
بەرمەي	تۇر	57
بەرمەي	وتىر	60
بەرمەي	كەتتى	20
بەرمەي	اق	55
بەرمەي	جۇر	32
بەرمەي	قويدى	52
بەرمەي	قويدىم	16
بەرمەي	قويىپ	46
بەرمەي	قويدىڭ	43
بەرمەي	قويسا	26
بەرمەي	قويساڭ	56
بەرمەي	قويعان	52
بەرمەي	قويادى	42
ساي	جوق	43
ساي	بار	36
ساي	الىپ	43
ساي	الدىم	20
ساي	الايىن	50
ساي	جاساپ	47
ساي	جەپ	55
ساي	الاتىن	47
ساي	اكەپ	42
ساي	قۇرىپ	53
ساي	قۋىرىپ	55
ساي	قۋرىپ	19
ساي	باعاق	44
ساي	سۋارىپ	32
ۇيقتادىم	عوي	59
ۇيقتادىم	جانىم	53
ۇيقتادىم	مەن	15
ۇيقتادىم	دەپ	52
ۇيقتادىم	جاقسى	45
ۇيقتادىم	بولدى	18
ۇيقتادىم	ەندى	41
ۇيقتادىم	وندا	59
ۇيقتادىم	ەرتەڭ	15
ۇيقتادىم	قايىرلى	42
ۇيقتادىم	تاڭەرتەڭ	58
ۇيقتادىم	تۇن	43
ۇيقتادىم	سەندە	55
ۇيقتادىم	شارشاپ	59
ۇيقتادىم	قايرلى	57
ۇيقتادىم	ۇيقىم	36
ايتتا	بىرىن	7
شىعادى	عوي	56
شىعادى	جانىم	15
شىعادى	دەپ	48
شىعادى	ەكەن	25
شىعادى	بىر	12
شىعادى	سول	53
شىعادى	دەيدى	49
شىعادى	دەگەن	35
شىعادى	ەكەنسىڭ	49
دايىن	عوي	43
دايىن	بول	29
دايىن	بولدى	56
دايىن	ەكەن	16
دايىن	بولىپ	41
دايىن	بولسا	36
دايىن	تۇر	37
دايىن	بولادى	15
دايىن	تاماق	54
دايىن	ۇي	59
دايىن	وتىر	55
دايىن	وتىرمىن	29
دايىن	ماشينا	54
دايىن	بولساڭ	50
دايىن	تۇرعان	52
دايىن	زات	49
دايىن	كولىك	28
دايىن	بولعاندا	40
دايىن	تۇرادى	39
دايىن	بولدىما	32
دايىن	بولايىن	51
دايىن	تەلەفون	49
الدىمەن	مەن	30
الدىمەن	بىر	35
الدىمەن	سول	38
الدىمەن	سەن	55
الدىمەن	الىپ	24
الدىمەن	كەلىپ	58
الدىمەن	ماعان	42
الدىمەن	بارىپ	54
الدىمەن	مەنى	40
الدىمەن	سەنى	51
الدىمەن	ساعان	48
الدىمەن	ۇيگە	37
الدىمەن	وزىڭ	60
الدىمەن	سونى	60
الدىمەن	كەلشى	58
الدىمەن	ۇزىڭ	59
كۇسەت	بولسىن	42
كۇسەت	بولىپ	1
كۇسەت	بولا	49
كۇسەت	ىسىڭ	31
ويباي	جانىم	59
ويباي	مەن	38
ويباي	دەپ	42
ويباي	بولدى	48
ويباي	نە	31
ويباي	سەن	24
ويباي	ەندى	50
ويباي	قوي	34
ويباي	وندا	49
ويباي	نەگە	52
ويباي	ول	56
ويباي	اي	49
ويباي	مىنا	35
ويباي	نەدەگەن	57
ويباي	اۋ	20
ويباي	مىناۋ	59
ويباي	قۇرسىن	58
ويباي	نەدەيدى	40
ويباي	قىزىق	32
ويباي	ىشەگىم	56
ويباي	ۇيات	52
ورىن	جوق	60
ورىن	بار	17
ورىن	الىپ	12
ورىن	بولسا	18
ورىن	قالدى	27
ورىن	بارما	18
ورىن	تاۋىپ	19
ورىن	العان	42
ورىن	بوس	61
ورىن	قالماي	10
ورىن	قارسالامىز	55
الاڭ	بولما	56
الاڭ	سالاڭ	14
الاڭداما	جانىم	8
الاڭداما	مەن	11
الاڭداما	دەپ	28
الاڭداما	جاقسى	56
الاڭداما	سەن	48
الاڭداما	بارى	56
الاڭداما	دوسىم	62
الاڭداما	شى	59
الاڭداما	سەنى	52
الاڭداما	ول	60
الاڭداما	ساعان	59
الاڭداما	بولاما	50
كۇنىم	دەپ	43
كۇنىم	جوق	47
كۇنىم	جاقسى	25
كۇنىم	ەكەن	53
كۇنىم	سول	41
كۇنىم	مەنىڭ	13
كۇنىم	اي	15
كۇنىم	كۇنىم	59
كۇنىم	اۋ	47
كۇنىم	بولاتىن	55
مۇمكىن	بولسا	58
مۇمكىن	ەمەس	31
مۇمكىن	بىراق	5
مۇمكىن	مەن	56
مۇمكىن	بولمايتىن	53
التىنىم	سول	51
التىنىم	مەنىڭ	56
التىنىم	التىنىم	10
التىنىم	كەمپىرىم	56
التىنىم	نەعىپ	11
ايتتارىڭ	قابىل	5
ايتتارىڭىز	قابىل	10
قون	دەپ	31
قونا	سال	12
قوناق	جوق	9
قوناق	بار	52
قوناق	بولىپ	17
قوناق	كەلىپ	30
قوناق	بارما	22
قوناق	كەلدى	52
قوناق	كەلەدى	55
قوناق	قىل	47
قوناق	قىلىپ	41
قوناق	كەلەتىن	19
قوناق	شاقىرىپ	55
قوناق	قىلا	28
قوناق	قىلادى	46
قوناق	كۇتىپ	38
قوناق	قىلاسىڭ	57
قوناق	قىلعان	47
قوناق	قىلام	59
قوناق	قىلايىن	33
قوناق	قىلاتىن	15
قوناق	قىلدى	39
قوناق	قىلامىن	57
قوناق	قىلساڭ	40
قوناق	قىلاسىڭبا	57
قوناق	كوپ	42
قوناق	قىلامىز	54
رەنجىمە	جانىم	26
رەنجىمە	مەن	15
رەنجىمە	دەپ	45
رەنجىمە	بولدى	53
رەنجىمە	ەندى	58
رەنجىمە	مەندە	50
رەنجىمە	ماعان	56
رەنجىمە	دوسىم	63
رەنجىمە	بولاما	30
رەنجىمە	شى	16
رەنجىمە	ۇيات	19
رەنجىمە	ارتىق	55
رەنجىمە	كەشىر	62
رەنجىمە	يمىن	60
المايدى	عوي	45
المايدى	جانىم	14
المايدى	دەپ	57
المايدى	ەكەن	21
المايدى	نە	14
المايدى	ول	58
المايدى	دەيدى	58
المايدى	ەكەنسىڭ	43
المايدى	ەمەسپە	18
المايدى	ەكەم	59
المايدى	ەكەمىز	17
المايدى	ەكەنبىز	50
المايدى	ەكەنمىن	42
المايدى	ەكەمىن	39
نەدەيدى	جانىم	53
نەدەيدى	دەپ	36
نەدەيدى	ەكەن	50
نەدەيدى	ول	16
نەدەيدى	مىنا	46
نەدەيدى	سوندا	57
نەدەيدى	مىناۋ	40
نەدەيدى	قۇرسىن	27
نەدەيدى	اكام	31
نەدەيدى	سۇمدىق	28
بەت	جوق	36
بەت	ەكى	11
بەت	دەگەن	51
بەت	بارما	58
بەت	بەرىپ	36
بەت	كەرەك	50
بەت	كورىپ	44
بەت	كۇرىپ	48
بەت	جۋىپ	56
بەت	قالمادى	40
بەت	جۋاتىن	51
بەت	جۋۋ	55
بەت	اۋزىم	44
بەت	شاپتاما	46
بەت	كۇتىمدەۋ	45
بەت	تەرىڭىزدى	49
بەت	تەرى	53
بەت	قورعاۋ	57
بەت	اشار	55
بەت	تەرىڭىز	58
بەت	شاپتاماسى	43
بەت	تەرىڭىزدە	53
بەت	تەرىڭىزدەگى	51
تالاي	جاقسى	53
تالاي	بولدى	55
تالاي	ادام	32
تالاي	كۇن	37
تالاي	اقشا	17
تالاي	ۋاق	60
تالاي	ۋاقىت	56
تالاي	جەرگە	17
تالاي	نارسە	47
تالاي	جىل	55
تالاي	ايتتىم	23
تالاي	رەت	50
تالاي	تالاي	35
تالاي	كۇننەن	49
تالاي	ۇاقىت	53
تالاي	جەر	43
تالاي	تويدىڭ	56
باي	جانىم	56
باي	دەپ	33
باي	ەكەن	49
باي	بولىپ	55
باي	تاۋىپ	55
باي	جىگىت	16
باي	باقىتتى	38
باي	باي	53
باي	باقتتى	11
باي	وندا	55
بايقا	جانىم	43
بايقا	دەپ	17
بايقا	دوسىم	49
بايقا	ايتەۋ	42
بايقاپ	ىش	15
بايقاپ	ىستە	7
بايقاپ	جۇر	28
بايقاپ	قالدىم	26
بايقاپ	كور	54
بايقاپ	جۇرمىن	46
بايقاپ	كۇر	58
بايقاپ	جۇرە	51
بايقاپ	سويلە	52
بايقاپ	ستە	31
بايقاپ	سۇيلە	47
بايقاپ	كورەيىن	62
بايقاپ	ايدا	53
بايقاپ	كۇرەيىن	39
بايقاپ	ابايلاپ	59
بايقاپ	جۇرىڭدەر	41
بايقاپ	جۇرىڭىز	20
بايقاپ	اقىرىن	47
بايقاپ	جۇرشى	63
قوش	جوق	54
قوش	بول	47
قوش	كەلدىڭ	30
قوش	كەلدىڭىز	61
قوش	كەلدىڭدەر	11
قوش	جاقپاي	17
قوش	كوردىك	30
قوش	كۇردىك	49
قوش	جاقباي	55
قوش	جاقپايدى	60
قوش	كەلدىڭىزدەر	37
قوش	كوردىم	5
قويدىڭ	عوي	50
قويدىڭ	جانىم	5
قويدىڭ	دەپ	48
قويدىڭ	قوي	38
قويدىڭ	سودان	36
قويدىڭ	ەمەسپە	55
قويدىڭ	ەتى	45
قويدىڭ	مايىن	54
قويدىڭ	ەتىن	55
سىڭ	عوي	44
سىڭ	جانىم	9
سىڭ	مەن	22
سىڭ	دەپ	58
سىڭ	سەن	54
سىڭ	قوي	58
سىڭ	دار	43
سىڭ	ىلگەرى	50
سىڭ	لگەرى	37
كەيدە	مەن	20
كەيدە	جوق	54
كەيدە	جاقسى	39
كەيدە	بىر	50
كەيدە	سول	35
كەيدە	بار	53
كەيدە	ادام	59
كەيدە	مەندە	50
كەيدە	سەنى	50
كەيدە	وسى	59
كەيدە	قاربالاس	55
كەيدە	قاتتى	47
كەيدە	ويلاپ	47
كەيدە	سۇيتىپ	39
كەيدە	قولايسىز	41
كەيدە	كەيدە	58
كەيدە	ويلايمىن	55
كەيدە	سەن	47
كەيدە	ساعان	56
اعام	عوي	57
اعام	مەن	48
اعام	دەپ	48
اعام	جوق	37
اعام	جاقسى	47
اعام	بىر	57
اعام	بار	51
اعام	الىپ	19
اعام	كەلىپ	59
اعام	قايدا	45
اعام	تەلەفون	39
اعام	بارما	49
اعام	قانداي	60
اعام	كەلدى	53
اعام	ەكەمىز	58
اعام	ۇيىنە	44
اعام	بالاسى	47
اعام	ۇيىندە	48
اعام	قايتىس	52
اعام	جەڭگەم	47
كىرە	جوق	55
كىرە	بەر	17
كىرە	الماي	39
كىرە	سالىپ	28
كىرە	قىلىپ	36
كىرە	پۇل	42
كىرە	ىشىندە	45
كىرە	المايدى	31
كىرە	سىرتىندا	43
كىرە	شىندە	44
كىرە	اقىسى	45
كىرە	المادىم	31
كىرەسى	بار	40
كىرەسى	قانشا	49
كىرەسى	يۋان	27
كىرەسى	ىشىن	43
كىرەسى	ىشىند	53
كىرەسى	ىشىندە	53
كىرەسى	سىرتىندا	33
كىرەسى	ىشندە	4
كىرەسى	شىندە	12
كىرەسى	شندە	48
كىرەسى	اقىسىز	54
كىرەسى	ءىشىندە	53
تولى	بولسىن	56
تولى	جاققا	20
تولى	اۋداننان	18
تولى	اۋدانى	19
تولى	اۋدانىنان	15
تولىق	بولدى	22
تولىق	ەكەن	58
تولىق	بىر	42
تولىق	الىپ	38
تولىق	كەلىپ	47
تولىق	بولسا	60
تولىق	ەمەس	57
تولىق	بەرىپ	35
تولىق	اتىپ	59
تولىق	تارتىپ	57
تولىق	ەستىپ	59
تولىق	تۇسكەن	45
تولىق	كۇن	38
تولىق	كورىپ	58
تولىق	بولماي	47
تولىق	جازىپ	45
تولىق	جاۋاپ	59
تولىق	ورتا	50
سۇيە	الماي	17
سۇيەم	عوي	17
سۇيەم	جانىم	29
سۇيەم	دەپ	10
سۇيەم	سەنى	26
سۇيەم	دەگەن	8
سۇيەم	ماڭگى	58
سۇيەم	سۇيەم	42
سۇيەم	ۇزىڭدى	19
سۇيەم	وزىڭدى	25
سۇيەم	كۇيەم	40
سۇيەم	دەشى	51
جىلى	عوي	24
جىلى	ەكەن	50
جىلى	بىر	39
جىلى	بولىپ	53
جىلى	بولسا	53
جىلى	وسى	55
جىلى	جۇر	54
جىلى	سۋ	48
جىلى	ايدىڭ	51
جىلى	سوز	17
جىلى	ۇستا	53
جىلى	ايدا	52
جىلى	سۇز	50
جىلى	سۋعا	57
جىلى	كيىن	31
جىلى	كيىنىپ	44
جىلى	كينىپ	51
جىلى	بولسىن	54
جىلى	توي	49
ۇن	جوق	59
ۇن	الىپ	7
ۇن	تاماق	48
ۇن	تۇن	51
ۇن	ماي	47
ۇن	جوققوي	45
ۇن	يلەپ	16
ۇن	سۋماي	29
ۇن	تۇنسىز	49
ۇن	تۇنسز	19
ۇندەمەي	قوي	52
ۇندەمەي	تۇر	17
ۇندەمەي	وتىر	55
ۇندەمەي	قالدى	40
ۇندەمەي	اق	32
ۇندەمەي	كەتىپ	43
ۇندەمەي	قويدى	26
ۇندەمەي	قويدىم	38
ۇندەمەي	جاتىپ	31
ۇندەمەي	قالدىڭ	41
ۇندەمەي	قويىپ	15
ۇندەمەي	جۇرە	57
ۇندەمەي	جۇرىپ	51
ۇندەمەي	قويايىن	43
ۇندەمەي	وتىرىپ	54
ۇندەمەي	قويدىڭ	53
ۇندەمەي	قويساڭ	18
ۇندەمەي	قويادى	59
ۇندەمەي	قويسام	59
ۇندەمەي	قويماي	50
ۇندەمەي	قوياسىڭ	49
ۇندەمەي	قويعان	29
پالە	عوي	49
پالە	بولدى	30
پالە	ەكەن	14
پالە	بولىپ	26
پالە	بولادى	58
پالە	بولاما	17
پالە	بوپ	37
پالە	تاۋىپ	56
پالە	ەكەنسىڭ	22
پالە	ەمەسپە	47
پالە	بولدىڭ	51
پالە	ىزدەپ	58
پالە	جاۋىپ	20
پالە	بولماسىن	41
پالە	زدەپ	27
پالە	تەرىپ	58
پالە	ادام	30
پالە	ىزدەمەي	48
تۇك	جوق	51
تۇك	بار	9
تۇك	ەمەس	44
تۇك	بارما	49
تۇك	بىلمەي	52
تۇك	پۇل	47
تۇك	توقتاپ	58
تۇك	قاجەتى	60
تۇك	قالمادى	57
تۇك	پايداسى	41
تۇك	قويماي	50
تۇك	قاشالاپ	49
تۇك	كورمەگەن	32
تۇك	پار	59
تۇك	بىلمەيتىن	54
تۇك	بىلمەگەن	59
تۇك	قالتىرماي	53
تۇك	بولماعانداي	57
تۇك	كورمەگەندەي	48
تۇك	بىلمەگەنسىپ	51
تۇك	قالماي	59
تۇك	قاتسى	46
تۇك	كۇرمەگەن	56
تۇك	قاشىلاپ	58
جارىق	جانىم	34
جارىق	بولسىن	28
جارىق	نەعىپ	22
جارىق	دوسىم	50
جارىق	كەش	57
جارىق	قىزدار	17
جارىق	دوستار	44
جارىق	كەشىڭ	59
جارىق	ەتىپ	52
ايتپ	جاتىر	60
ايتپ	قوي	34
ايتپ	جاتىرمىن	19
ايتپ	وتىر	43
ايتپ	وتىرمىن	29
ايتپ	قويدىم	29
ايتپ	جاتقان	31
ايتپ	قويايىن	46
ايتپا	جانىم	36
ايتپا	مەن	25
ايتپا	دەپ	44
ايتپا	بولدى	37
ايتپا	ەندى	44
ايتپا	ماعان	57
ايتپا	دەگەن	40
ايتپا	بولاما	59
ايتپا	ۇيات	39
ايتپا	دەيمىن	48
ايتپا	جامان	31
ايتپا	دەدىم	48
ايتپا	قۇرسىن	55
ايتپا	دەيىم	54
ءاي	جانىم	51
ءاي	مەن	22
ءاي	بولدى	30
ءاي	سول	18
ءاي	سەن	59
ءاي	ەندى	27
ءاي	قوي	56
ءاي	وندا	48
ءاي	ول	57
ءاي	وسى	52
ءاي	دوسىم	19
ءاي	كىم	42
ءاي	بىراق	45
ءاي	قويشى	56
ءاي	بارسىڭبا	55
ءاي	بالا	56
ءاي	قىز	59
ءاي	بىلمەيمىن	59
ءاي	جىندى	54
ءاي	ءاي	47
ءاي	نە	54
ءاي	نەعىپ	59
ءاي	يۋان	49
ءاي	وعان	45
قاجەت	جوق	54
قاجەت	بولدى	56
قاجەت	ەكەن	48
قاجەت	بولىپ	37
قاجەت	قوي	6
قاجەت	بولسا	43
قاجەت	ەمەس	13
قاجەت	ەدى	20
قاجەت	بوپ	38
قاجەت	قىلساڭىزدار	56
قاجەت	دەپ	32
قاجەت	قىلساڭىز	25
تىپتى	مەن	60
تىپتى	جاقسى	59
تىپتى	بىر	14
تىپتى	نەدەگەن	50
تىپتى	قيىن	49
تىپتى	بولماسا	52
تىپتى	ىستىق	35
تىپتى	اپات	58
ۇيدەن	بىر	39
ۇيدەن	ەندى	36
ۇيدەن	الىپ	35
ۇيدەن	كەلىپ	41
ۇيدەن	بارىپ	41
ۇيدەن	تاماق	41
ۇيدەن	ىشىپ	58
ۇيدەن	شاي	56
ۇيدەن	شىعا	20
ۇيدەن	شىعىپ	43
ۇيدەن	شعىپ	31
ۇيدەن	شعا	47
ۇيدەن	شىقتىم	48
ۇيدەن	شىقپاي	41
ۇيدەن	شىققاندا	25
ۇيدەن	قۋىپ	51
ۇيدەن	شىقباي	47
ۇيدەن	شقپاي	51
ۇيدەن	تەلەفون	29
ۇيدەن	شىعالماي	54
تىنىش	بولسىن	44
تىنىش	بولدى	16
تىنىش	ەكەن	47
تىنىش	بولىپ	27
تىنىش	جات	38
تىنىش	قوي	24
تىنىش	بولسا	41
تىنىش	بولادى	43
تىنىش	وتىر	47
تىنىش	جۇر	14
تىنىش	جاتقان	47
تىنىش	جاتىپ	30
تىنىشتىعىن	بەرسىن	47
تىنىشتىعىن	سيلاسىن	44
تىنىشتىعىن	سىيلاسىن	2
شىپ	بولىپ	54
شىپ	جاتىر	47
شىپ	ال	53
شىپ	الىپ	19
شىپ	جاتىرمىن	17
شىپ	وتىر	38
شىپ	وتىرمىن	31
شىپ	جۇر	16
شىپ	الدىم	48
شىپ	الايىن	26
شىپ	الدىڭبا	48
شىپ	بولدىم	49
شىپ	شىن	55
شىپ	جاتىرمىز	37
شىپ	العان	48
شىپ	وتىرمىز	54
شىپ	وتىرعان	52
شىپ	وتىرسىڭبا	58
شىپ	جەپ	56
شىپ	وتىرسىڭ	32
ىراس	جانىم	53
ىراس	مەن	23
ىراس	بولسىن	59
ىراس	جاقسى	55
ىراس	ەكەن	45
ىراس	بىر	48
ىراس	سەن	55
ىراس	قوي	59
ىراس	بولسا	18
ىراس	ايتىپ	57
ىراس	ەي	47
ىراس	ايتام	43
ىراس	ايتاسىڭ	9
ىراس	ايتامىن	50
ىراس	سەنى	54
بۇدا	بىر	45
بۇدا	بولسا	15
بۇدان	كەيىن	16
بۇدان	باسقا	3
بۇدان	بىلاي	58
بۇدان	بۇرىن	15
بۇدان	ارتىق	30
بۇدان	كەين	44
بۇدان	كەيىنگى	48
بۇدان	كەيىندە	57
ادامعا	بىر	57
ادامعا	نە	40
ادامعا	ادام	46
ادامعا	تاماق	43
ادامعا	ايتىپ	48
ادامعا	دەگەن	53
ادامعا	عانا	52
ادامعا	قاراپ	53
ادامعا	امال	56
ادامعا	وڭاي	39
ادامعا	داۋا	52
ەستى	شىعارىپ	55
ەستى	شىعاردى	15
ەستىپ	بىر	17
ەستىپ	ال	53
ەستىپ	الىپ	57
ەستىپ	جاتىرمىن	33
ەستىپ	وتىر	20
ەستىپ	وتىرمىن	42
ەستىپ	قالدىم	18
ەستىپ	قويدى	48
ەستىپ	ەدىم	58
ەستىپ	جۇرمىن	50
ەستىپ	بولدىم	47
ەستىپ	جاتقان	38
ەستىپ	قويىپ	52
ەستىپ	جاۋاپ	53
ەستىپ	شىقتىم	58
ەستىپ	قويادى	47
ەستىپ	قۋانىپ	49
ەستىپ	قويماسىن	51
ەستىپ	تۇرىپ	36
ەستىپ	شىقتىڭىزبا	44
ەستىپ	شىعىڭىز	56
ايتقانىڭىز	بولسىن	37
ايتقانىڭىز	كەلسىن	49
ايتقانىڭىز	دۇرىس	1
تۇرشى	جانىم	48
تۇرشى	مەن	28
تۇرشى	دەپ	44
تۇرشى	بىر	50
تۇرشى	بار	37
تۇرشى	ەرتەڭ	52
تۇرشى	ەكى	20
تۇرشى	دوسىم	48
تۇرشى	بىراز	14
تۇرشى	كەشتە	51
تۇرشى	بولاما	40
تۇرشى	كەرەك	48
تۇرشى	قاتتى	33
تۇرشى	ايلىق	51
دەمالىس	جوق	20
دەمالىس	جاقسى	14
دەمالىس	ەكەن	41
دەمالىس	بار	27
دەمالىس	قوي	35
دەمالىس	الىپ	31
دەمالىس	بولسا	36
دەمالىس	ۇيدە	40
دەمالىس	بارما	45
دەمالىس	پا	48
دەمالىس	كوڭىلدى	20
دەمالىس	بولاتىن	40
قولايلى	عوي	59
قولايلى	ەكەن	38
قولايلى	بولىپ	37
قولايلى	بولسا	52
قولايلى	بولادى	9
قولايلى	كەزدە	46
قولايلى	بولعان	44
قولايلى	جەر	12
قولايلى	كولىك	48
قولايلى	بولعاندا	37
قولايلى	كۇلىك	21
سوعىپ	جاتىر	45
سوعىپ	قوي	18
سوعىپ	الىپ	55
سوعىپ	تۇر	51
سوعىپ	ايتىپ	16
سوعىپ	كەتتى	42
سوعىپ	كور	31
سوعىپ	ەدىم	50
سوعىپ	قابارلاس	36
سوعىپ	سۇراپ	56
سوعىپ	تۇرعان	52
سوعىپ	تۇرما	54
سوعىپ	كورشى	50
سوعىپ	جاتقان	32
بارايىق	جانىم	39
بارايىق	مەن	48
بارايىق	دەپ	56
بارايىق	وندا	11
بارايىق	دەيدى	29
بارايىق	دەگەن	21
بارايىق	بولاما	42
بارايىق	پا	45
بارايىق	دەسەم	42
بارايىق	دەدىم	40
بارايىق	دەسەك	60
بارايىق	دەگەمىز	41
بارايىق	دەگەم	59
بارايىق	دەگەنبىز	39
سونمەن	جانىم	52
سونمەن	سول	42
سونمەن	نە	54
سونمەن	نەعىپ	20
سونمەن	بۇگىن	10
سونمەن	قايدا	57
سونمەن	بىرگە	48
سونمەن	قاربالاس	47
سونمەن	قايداسىڭ	48
سونمەن	اڭگمە	50
قىيىن	عوي	27
قىيىن	جاقسى	17
قىيىن	بولدى	41
قىيىن	ەكەن	8
قىيىن	بولىپ	15
قىيىن	ادام	17
قىيىن	بولادى	48
قىيىن	بوپ	43
قىيىن	بولعان	48
قىيىن	بولىپتى	18
قىيىن	بوپتى	28
قىيىن	بولدىعوي	47
اسىپ	جاتىر	48
اسىپ	قوي	33
اسىپ	تۇر	38
اسىپ	جاتىرمىن	45
اسىپ	كەتتى	41
اسىپ	قالدى	15
اسىپ	كەتىپ	55
اسىپ	بەرەيىن	53
اسىپ	قويدى	55
اسىپ	قويدىم	57
اسىپ	قالعان	42
اسىپ	كەتتىڭ	34
اسىپ	قويىپ	23
اسىپ	كەتكەن	55
اسىپ	كەتەدى	44
اسىپ	جەپ	40
اسىپ	تۇرعان	53
اسىپ	قويايىن	47
اسىپ	بارادى	44
اسىپ	كەتىپتى	53
اسىپ	كەتسە	41
اسىپ	كەتپتى	24
اسىپ	قويىپتى	52
اسىپ	جاتسا	38
اسىپ	كەتپە	46
اسىپ	تاسىپ	55
امانسىڭدار	امان	52
امانسىڭدار	قىزدار	19
امانسىڭدارما	مەن	14
امانسىڭدارما	نەعىپ	46
امانسىڭدارما	قايىرلى	56
امانسىڭدارما	امان	26
امانسىڭدارما	وي	35
امانسىڭدارما	كەش	54
امانسىڭدارما	قىزدار	42
امانسىڭدارما	دەنساۋلىقتارىڭ	53
امانسىڭدارما	بۇگىن	40
امانسىڭدارما	دوستار	33
امانسىڭدارما	قالدارىڭ	56
ءار	بىر	35
ءار	ادام	24
ءار	كىم	38
ءار	كۇنى	14
ءار	قاشان	36
ءار	قانداي	20
ءار	كەز	19
ءار	ۋاقىت	34
ءار	ءبىر	45
ءار	قايسى	32
ءار	تۇرلى	47
ءار	ايدىڭ	26
ءار	جولى	17
ءار	ايدا	38
ءار	ادامنىڭ	47
ءار	كىمنىڭ	48
ءار	قاشاندا	28
ءار	دايىم	46
ءار	نارسەنىڭ	40
كەلدىك	جانىم	57
كەلدىك	دەپ	33
كەلدىك	بىر	44
كەلدىك	ەندى	60
كەلدىك	قوي	43
كەلدىك	تاماق	61
كەلدىك	دەيدى	52
كەلدىك	ۇيگە	57
كەلدىك	بۇگىن	21
كەشكى	سالەم	23
كەشكى	تاماق	34
كەشكى	شاي	29
كەشكى	اس	20
كەشكى	ساعات	19
كەشكى	توي	12
كەشكى	تاماققا	11
كەشكى	تويعا	53
كەشكى	اسىڭ	59
كەشكى	تاماقتى	22
كەشكى	تاماعىڭدى	43
كەشكى	استارىڭ	36
كەشكى	استارىڭىز	17
كەشكى	اسىڭىز	27
كەشكى	اسىڭدى	50
كەشكى	سۇت	52
كەشكى	سالقىندا	19
كەشكى	سالقندا	55
كەشكى	سالەمىن	55
ايتپەسە	مەن	47
ايتپەسە	جاقسى	30
ايتپەسە	بىر	57
ايتپەسە	نە	44
ايتپەسە	سەن	53
ايتپەسە	ەرتەڭ	49
ايتپەسە	مەندە	57
ايتپەسە	بارىپ	56
ايتپەسە	نەگە	43
ايتپەسە	سەنى	51
ايتپەسە	ساعان	48
ايتپەسە	وسى	51
ايتپەسە	بولدى	56
ايتپەسە	بۇگىن	54
ايتپەسە	ماعان	52
ايتپەسە	باراتىن	55
ۇزىڭدى	جانىم	56
ۇزىڭدى	جاقسى	30
ۇزىڭدى	بىر	28
ۇزىڭدى	ۇزىڭ	34
ۇزىڭدى	جولداپ	61
ۇزىڭدى	قاتتى	36
ۇزىڭدى	عانا	22
ۇزىڭدى	قوسىپ	45
ۇزىڭدى	ويلاپ	46
ۇزىڭدى	كۇرىپ	20
ۇزىڭدى	ماڭگى	58
ۇزىڭدى	جولداشى	50
ۇزىڭدى	ساعىنىپ	14
ۇزىڭدى	تارتىپ	17
ۇزىڭدى	باسىپ	61
ۇزىڭدى	ساعىندىم	54
ۇزىڭدى	ەرەكشە	41
ۇزىڭدى	سۇيەم	46
ۇزىڭدى	سۇيەمىن	39
ۇزىڭدى	كۇرگىم	36
ۇزىڭدى	جولدا	22
ۇزىڭدى	شىن	34
ۇزىڭدى	ىزدەپ	38
بىزگە	بىر	49
بىزگە	نە	28
بىزگە	ەندى	48
بىزگە	الى	54
بىزگە	كەلىپ	57
بىزگە	نەگە	49
بىزگە	تاماق	42
بىزگە	اقشا	57
بىزگە	بىراز	54
بىزگە	قاراي	58
بىزگە	قاراماي	54
بىزگە	جيىن	55
بىزگە	قاراعاندا	45
بىزگە	قاراپ	55
تاۋبا	مەن	31
تاۋبا	دەپ	44
تاۋبا	نە	37
تاۋبا	نەعىپ	40
تاۋبا	سەن	57
تاۋبا	نەگە	56
تاۋبا	نەدەگەن	56
تاۋبا	دەشى	54
تاۋبا	دەدىم	38
تاۋبا	تاۋبا	19
تاۋبا	قىزىق	35
بىردەڭە	دەپ	53
بىردەڭە	بار	33
بىردەڭە	بولىپ	50
بىردەڭە	الىپ	23
بىردەڭە	بولسا	23
بىردەڭە	بولادى	31
بىردەڭە	دەي	46
بىردەڭە	دەيدى	43
بىردەڭە	ايتىپ	55
بىردەڭە	بارما	56
بىردەڭە	ىشىپ	44
بىردەڭە	ىستەپ	45
بىردەڭە	بوپ	35
بىردەڭە	دەسە	35
بىردەڭە	تاۋىپ	51
بىردەڭە	جەپ	41
بىردەڭە	قىلىپ	47
بىردەڭە	ايتايىن	36
بىردەڭە	بولار	38
بىردەڭە	ايتسام	56
بىردەڭە	سۇرايىن	41
بىردەڭە	ىشتىڭبە	44
يۇان	بولدى	51
يۇان	ەكەن	38
يۇان	بار	32
يۇان	بولادى	46
يۇان	دەيدى	54
يۇان	قالدى	54
يۇان	اقشا	48
يۇان	بەرىپ	36
يۇان	اتىپ	23
يۇان	بەرە	25
يۇان	تاۋىپ	41
يۇان	قۇڭباۋ	54
يۇان	اتشى	30
يۇان	كىرەسى	30
يۇان	قارىز	19
يۇان	حۇڭباۋ	52
جارايسىڭ	عوي	12
جارايسىڭ	جانىم	44
جارايسىڭ	جاقسى	12
جارايسىڭ	راحىمەت	44
جارايسىڭ	دوسىم	50
جارايسىڭ	قۇتتى	30
جارايسىڭ	كەرەمەت	50
جارايسىڭ	بالام	50
جارايسىڭ	باۋىرىم	38
جارايسىڭ	بۇداندا	41
قارىز	عوي	49
قارىز	دەپ	44
قارىز	جوق	53
قارىز	ەكەن	35
قارىز	بار	42
قارىز	بولىپ	31
قارىز	الىپ	19
قارىز	اقشا	50
قارىز	دەگەن	18
قارىز	ەمەس	49
قارىز	بەرىپ	20
قارىز	الدىم	18
قارىز	بوپ	41
قارىز	بەرە	45
قارىز	تاۋىپ	32
قارىز	سۇراپ	52
قارىز	العان	35
قارىز	بەرشى	38
قارىز	باسىپ	53
قارىز	قايتارىپ	49
بولپ	تۇر	48
بولپ	كەتتى	17
بولپ	قالدى	20
بولپ	قالدىم	19
بولپ	كەتەدى	37
بولپ	جاتر	46
بولپ	كەتتڭ	31
بولپتى	عوي	41
بولپتى	جانىم	11
بولپتى	دەپ	30
بولپتى	ەكەن	45
بولپتى	وندا	18
كيىم	جوق	49
كيىم	بار	31
كيىم	ال	49
كيىم	الىپ	56
كيىم	الدىم	14
كيىم	الايىن	55
كيىم	جۋىپ	43
كيىم	الاتىن	57
كيىم	الام	51
كيىم	الامىن	43
كيىم	ساتاتىن	19
كيىم	كيىپ	49
كيىم	الماستىرىپ	47
كيىم	اۋىستىرىپ	37
كيىم	كەشەك	46
كيىم	كورىپ	51
اتام	عوي	46
اتام	مەن	35
اتام	دەپ	51
اتام	جوق	27
اتام	جاقسى	31
اتام	بار	50
اتام	كەلىپ	29
اتام	تەلەفون	49
اتام	دەگەن	53
اتام	قانداي	56
اتام	اۋىرىپ	43
اتام	ەكەمىز	47
اتام	اپام	52
اتام	قايتىس	56
اتام	قازاق	23
بالاسى	عوي	47
بالاسى	مەن	37
بالاسى	دەپ	36
بالاسى	جوق	55
بالاسى	ەكەن	48
بالاسى	بار	34
بالاسى	بولسا	13
بالاسى	بارما	52
بالاسى	اۋىرىپ	55
بالاسى	ۇشىن	49
بالاسى	بولسادا	60
بالاسى	ەكەۋى	55
بالاسى	قايتىس	49
بالاسى	وقۋعا	44
اۋىز	جاقسى	39
اۋىز	ەكى	45
اۋىز	ۇي	48
اۋىز	ۇيدە	37
اۋىز	سوز	43
اۋىز	سۇز	16
اۋىز	جىلى	26
اۋىز	ءسوز	41
اۋىز	سوزىڭ	37
اۋىز	سۇزىڭ	12
اۋىز	سوزىڭىز	51
اۋىز	سۇزىڭدى	32
جاۋىپ	جاتىر	51
جاۋىپ	قوي	18
جاۋىپ	الىپ	51
جاۋىپ	تۇر	57
جاۋىپ	كەتتى	10
جاۋىپ	قويدىم	59
جاۋىپ	الايىن	57
جاۋىپ	قويىپ	51
جاۋىپ	تۇرعان	59
جاۋىپ	تاستاپ	56
جاۋىپ	تۇرسا	46
جاۋىپ	تۇرما	56
جاۋىپ	تاستادى	49
جاۋىپ	تاستادىم	59
جاۋىپ	تاستادىڭ	59
جاۋىپ	كەتىپ	17
جاۋىپ	جاتىرما	22
شىعارسىڭ	جانىم	56
شىعارسىڭ	مەن	18
شىعارسىڭ	دەپ	51
شىعارسىڭ	ەندى	53
شىعارسىڭ	يا	59
السام	دەپ	54
السام	جاقسى	26
السام	بولدى	20
السام	بىر	17
السام	بولادى	55
السام	دەيدى	18
السام	قانشا	51
السام	بولاما	49
السام	دەيمىن	56
السام	بوپتى	56
السام	شىركىن	42
السام	بولار	43
السام	بولۋشى	49
السام	قانداي	20
السام	ۇيات	54
كۇننە	بىر	56
كۇننە	ەكى	15
كۇننە	دەيىن	16
كۇننە	نەشە	18
كۇننەن	كەيىن	19
كۇننەن	بەرى	6
كۇننەن	سوڭ	8
كۇننەن	باستاپ	18
كۇننەن	كۇنگە	59
كۇننەن	قورعاۋ	20
كۇننەن	اسىپ	18
بارلىقتارىڭ	امان	19
بارلىقتارىڭىز	امان	11
بارلىقتارىڭىزعا	سالەم	12
بارلىقتارىڭىزعا	راحىمەت	20
بارلىقتارىڭىزعا	قايىرلى	17
بارلىقتارىڭىزعا	كوپ	45
بارلىقتارىڭىزعا	مەنەن	33
بارلىقتارىڭىزعا	ايتقاندارىڭىز	16
بارلىقتارىڭىزعا	توي	29
قايتام	عوي	56
قايتام	جانىم	14
قايتام	دەپ	24
قايتام	ەندى	58
قايتام	ەرتەڭ	50
قايتام	دەيدى	58
قايتام	ۇيگە	32
قايتام	دەگەن	29
قايتام	سول	19
قايتام	بۇيىرسا	52
دەرەۋ	كەل	53
دەرەۋ	بارىپ	44
دەرەۋ	تەلەفون	51
دەرەۋ	اتىپ	50
دەرەۋ	بارام	56
دەرەۋ	قابارلاسىڭىزدار	47
دەرەۋ	جۇرەتىن	55
دەرەۋ	جۇرەدى	15
دەرەۋ	جۇرەمىز	39
دەرەۋ	جۇرەمىن	12
دەرەۋ	بارامىن	54
تاي	بار	50
تاي	بولسا	30
تاي	شاق	54
تاي	تاي	44
تاي	ساتىلادى	23
تاي	شوپ	47
تاي	بەدە	19
تاي	سابان	46
تاي	جوق	45
تاي	ەكەن	55
تاي	جوڭشقا	26
تاياپ	تۇر	46
تاياپ	قالدى	41
تاياپ	قالدىم	9
تاياپ	قالعان	56
تاياپ	قالىپتى	21
تاياپ	قالپتى	39
تاياپ	قالدىق	25
تاياپ	قاپتى	13
تاياپ	قالعاندا	57
تاياپ	قالپسىڭ	55
تاياپ	قالىپسىڭ	55
تاياپ	قالدىڭ	9
كەلسەڭ	مەن	55
كەلسەڭ	جاقسى	33
كەلسەڭ	بولدى	19
كەلسەڭ	بىر	13
كەلسەڭ	كەل	45
كەلسەڭ	بولادى	59
كەلسەڭ	ۇيگە	31
كەلسەڭ	بولاما	56
كەلسەڭ	قابارلاس	57
كەلسەڭ	بولمايما	29
كەلسەڭ	ماعان	32
كەلسەڭ	تەز	55
ۇيقتاي	عوي	53
ۇيقتاي	قوي	9
ۇيقتاي	قال	51
ۇيقتاي	بەر	9
ۇيقتاي	الماي	49
ۇيقتاي	بەرەيىن	13
ۇيقتاي	الدىڭبا	24
ۇيقتاي	المايمىن	45
ۇيقتاي	المادىم	55
ۇيقتاي	بەردىم	50
ۇيقتاي	المايدى	17
ۇيقتاي	المايتىن	52
ۇيقتاي	المايسىڭ	35
قىزى	عوي	42
قىزى	ەكەن	52
قىزى	بار	40
قىزى	ەكەۋى	52
قىزى	دەپ	46
قىزى	توي	17
قىزىل	بولىپ	47
قىزىل	قوي	42
قىزىل	كەلىپ	56
قىزىل	التىن	57
قىزىل	تۋعا	57
قىزىل	قاعاز	50
قىزىل	قوزى	20
قىزىل	كويلەك	49
قىزىل	لازى	57
قىزىل	قاسقا	31
قىزىل	جۇلدىزعا	59
قىزىل	جۇلدىزدان	56
قىزىل	كۇل	43
قىزىل	گۇل	51
قىزىل	كۇيلەك	27
قىزىل	قوڭىر	55
قىزىل	شىراق	36
قىزىل	گۇلگە	52
قىزىل	كۇرەڭ	42
قىزىل	شۇپەرەك	51
سيىر	جوق	57
سيىر	ەكەن	24
سيىر	بار	51
سيىر	الىپ	19
سيىر	بولسا	51
سيىر	ايداپ	43
سيىر	باعىپ	30
سيىر	ساتىلادى	32
سيىر	ساۋىپ	32
سيىر	بىر	53
سيىر	بارما	46
سيىر	قاراپ	54
سيىر	ىزدەپ	53
سيىر	جايىپ	31
جاتسىڭ	عوي	51
جاتسىڭ	جانىم	28
جاتسىڭ	دار	16
جۇرەك	جوق	53
جۇرەك	بار	21
جۇرەك	بولىپ	32
جۇرەك	دەگەن	46
جۇرەك	قان	42
جۇرەك	بەرىپ	47
جۇرەك	باسىپ	20
جۇرەك	سۇزىڭدى	50
جۇرەك	سوزىم	51
جۇرەك	سۇزىم	25
جۇرەك	سوزىڭدى	48
جۇرەك	سوزىمدى	36
جۇرەك	سۇزىمدى	52
ايتسا	بولدى	46
ايتسا	بولادى	18
ايتسا	ايتا	19
ايتساڭ	مەن	19
ايتساڭ	جاقسى	28
ايتساڭ	بولدى	57
ايتساڭ	سول	10
ايتساڭ	مەندە	57
ايتساڭ	بولادى	44
ايتساڭ	بولاما	19
ايتساڭ	بولمايما	47
ايتساڭ	اياعىن	12
قابارلاسا	الماي	57
قابارلاسا	الدىڭبا	6
قابارلاسا	المايمىن	24
قابارلاسا	المادىم	29
قابارلاسايىن	جانىم	10
قابارلاسايىن	دەپ	19
قابارلاسايىن	وندا	19
قابارلاسايىن	بولاما	51
قابارلاسايىن	دەسەم	15
بىلمەدىم	عوي	32
بىلمەدىم	جانىم	12
بىلمەدىم	مەن	39
بىلمەدىم	نە	41
بىلمەدىم	ونى	56
بىلمەدىم	ايتەۋ	55
بىلمەدىم	ول	57
ءازىر	جوق	55
ءازىر	بىر	53
ءازىر	نەعىپ	54
ءازىر	كەلىپ	52
ءازىر	بارىپ	58
ءازىر	ۇيگە	58
ءازىر	كەلدى	35
ءازىر	كەلدىم	56
ءازىر	قايداسىڭ	52
ءازىر	بارام	18
ءازىر	بولدىم	45
ءازىر	كەلدىك	48
ءازىر	تۇردىم	52
ءازىر	قايدا	48
ءازىر	بارامىن	47
قالسا	مەن	54
قالسا	دەپ	44
قالسا	جاقسى	53
قالسا	بولدى	29
قالسا	ەكەن	30
قالسا	بىر	28
قالسا	نە	55
قالسا	ماعان	57
قالسا	تاعى	53
قالسا	ۇيات	41
قالسا	قيىن	28
قالسا	بولمايدى	30
قالسا	بەكەر	26
قالسا	قايتەم	29
قالسا	قايتەسىڭ	52
قالسا	پالە	31
قالسا	قىيىن	50
قالسا	قايتەمىز	43
قالسا	سەن	54
مەننەن	سالەم	56
مەننەن	جاقسى	28
مەننەن	بىر	43
مەننەن	نە	35
مەننەن	نەگە	48
مەننەن	اقشا	57
مەننەن	باسقا	41
مەننەن	كورىپ	18
مەننەن	سۇراپ	58
مەننەن	بۇرىن	49
مەننەن	ارتىق	30
مەننەن	الاڭداما	29
مەننەن	قاشىپ	38
مەننەن	اۋلاق	49
مەننەن	باسقاسى	55
مەننەن	قۇتىلا	56
مەننەن	كەيىن	44
مەننەن	ۇلكەن	50
سايىن	مەن	41
سايىن	جاقسى	43
سايىن	بىر	42
سايىن	سەنى	45
سايىن	بەرىپ	52
ايتتاپ	كەل	52
ايتتاپ	كەلىپ	14
ايتتاپ	ۇي	56
ايتتاپ	ۇيگە	39
ايتتاپ	جۇرمىن	26
ايتتاپ	بارام	37
ايتتاپ	بارايىن	55
ايتتاپ	كەلىڭدەر	57
ايتتاپ	كەلىڭىز	13
ايتتاپ	كەلىڭىزدەر	33
ايتتاپ	كەلڭدەر	15
ايتتاپ	كەلڭىزدەر	39
ايتتاپ	قايتىڭىزدار	45
اپەكە	جان	26
اپەكە	مەن	34
اپەكە	دەپ	46
اپەكە	راحىمەت	47
اپەكە	امانسىزبا	55
اپەكە	ايتقانىڭىز	19
اپەكە	سىڭىلدەر	43
اپەكە	توي	48
اپەكە	جەزدە	57
نەمە	عوي	49
نەمە	ەكەن	43
نەمە	سول	19
نەمە	ەكەنسىڭ	18
نەمەن	بارىپ	28
نەمەن	بارام	32
نەمەن	جۇرسىڭ	26
نەمەن	بارامىز	21
نەمەن	كەلدىڭ	26
نەمەن	كەلەسىڭ	23
نەمەن	باراسىڭ	23
نەمەن	باردىڭ	28
نەمەن	قايتاسىڭ	18
نەمەنە	دەپ	25
نەمەنە	بولدى	33
نەمەنە	ەكەن	46
نەمەنە	بار	49
نەمەنە	تاماق	51
نەمەنە	دەيدى	37
نەمەنە	ايتىپ	35
نەمەنە	دەگەن	54
نەمەنە	ىستەپ	51
نەمەنە	جولداپ	50
نەمەنە	جۇمىس	39
نەمەنە	دەيسىڭ	48
اندا	سوندا	48
اندا	ساندا	41
اندا	مىندا	4
اندا	مۇندا	25
انداعى	جاق	9
انداعى	ۇيدە	46
انداعى	ۇيگە	46
انداعى	جەر	45
انداعى	جەردە	29
انداعى	جەرگە	15
انداعى	قۇساپ	18
انداعى	جاققا	18
انداعى	جەردەن	40
انداعى	جاقتا	20
انداعى	جاقتان	32
انداعى	جەردىڭ	41
انداعى	جەردەگى	50
انداعى	قۇساساڭ	41
تەزىرەك	بول	47
تەزىرەك	الىپ	34
تەزىرەك	كەل	46
تەزىرەك	كەلىپ	17
تەزىرەك	اتىپ	54
تەزىرەك	تاۋىپ	44
تەزىرەك	توي	53
تەزىرەك	جاۋاپ	53
تەزىرەك	كەلشى	52
تەزىرەك	ساقايىپ	52
تەزىرەك	جازىلىپ	9
تەزىرەك	ساۋىعىپ	57
تەزىرەك	سويلە	49
تەزىرەك	شىق	40
تەزىرەك	بولشى	35
وسىندا	وتىرعان	19
وسىنداي	جاقسى	20
وسىنداي	بولدى	40
وسىنداي	ەكەن	48
وسىنداي	بىر	47
وسىنداي	بولىپ	33
وسىنداي	ادام	31
وسىنداي	بولسا	44
وسىنداي	بولادى	45
وسىنداي	كەزدە	48
وسىنداي	جاعداي	26
وسىنداي	بەرەكە	57
وسىنداي	بەرەكەدەن	50
وسىنداي	توي	36
وسىنداي	كوڭىلدى	54
وسىنداي	بولۋ	54
كەتەت	دەپ	43
كەتەت	ەكەن	15
كەتەتىن	بولدى	16
كەتەتىن	بولىپ	13
كەتەتىن	ادام	27
كەتەتىن	بولسا	35
كەتەتىن	كۇنى	56
كەتەتىن	ەمەس	54
كەتەتىن	ەدى	52
كەتەتىن	بوپ	44
كەتەتىن	شىعار	55
كەتەتىن	كەزدە	15
كەتەتىن	ەدىم	26
كەتەتىن	بولعان	32
كەتەتىن	بولدىم	53
كەتەتىن	سياقتى	18
كەتەتىن	بولساڭ	32
كەتەتىن	ەدىڭ	53
كەتەتىن	قۇساپ	33
كەتەتىن	بولدىڭ	57
كەتەتىن	شعار	50
كەتەتىن	بولدىق	43
كەتەتىن	شىعارسىڭ	32
كەتەتىن	ۇقسايدى	45
كەتەتىن	شىعارمىن	39
كەتەتىن	سياقتىمىن	49
شىق	جانىم	49
شىق	مەن	34
شىق	دەپ	34
شىق	ەندى	58
شىق	وندا	43
شىق	دەيدى	59
شىق	بەرى	55
شىق	بولاما	41
شىق	تەز	26
شىق	دەسە	48
شىق	دەسەم	54
شىق	دەگەندە	55
شىق	بىر	19
شىق	تاماق	27
شىق	بىراز	30
شىق	دەسەڭ	52
شىق	شىق	58
ىستەر	بولىپ	51
ىستەرى	ىلگەرى	17
ىستەرىڭ	ىلگەرى	7
ىستەرىڭ	ساتتى	2
ىستەرىڭ	ونىمدى	43
نەنى	جانىم	43
نەنى	ايتىپ	53
نەنى	ايتام	39
نەنى	قاتە	34
نەنى	تارتىپ	40
نەنى	قايتارىپ	47
نەنى	ايتاسىڭ	19
نەنى	جولدايمىن	56
نەنى	بىلەسىڭ	15
نەنى	قويام	52
سەننەن	بولسىن	33
سەننەن	جاقسى	44
سەننەن	بىر	55
سەننەن	كەيىن	53
سەننەن	اقشا	57
سەننەن	باسقا	39
سەننەن	ۇيات	13
سەننەن	قابار	29
سەننەن	قاتتى	50
سەننەن	سۇراپ	53
سەننەن	بۇرىن	32
سەننەن	بىردەمە	39
سەننەن	ارتىق	57
سەننەن	ۇمىت	41
سەننەن	قورقىپ	55
سەننەن	الاڭداپ	57
سەننەن	سۇرايىن	37
سەننەن	باسقاعا	55
سەننەن	اياپ	54
سەننەن	باسقانىڭ	55
كەتسە	مەن	53
كەتسە	دەپ	41
كەتسە	جاقسى	50
كەتسە	بولدى	17
كەتسە	ەكەن	17
كەتسە	بىر	18
كەتسە	بولادى	48
كەتسە	تاعى	54
كەتسە	قيىن	49
كەتسە	بولمايدى	37
كەتسە	كەتە	38
كەتسە	قايتەم	50
كەتسە	قايتەسىڭ	39
كەتسە	رەنجىمە	41
كەتسە	كەتسىن	35
كەتسە	كەشىر	39
سويلەمە	دەپ	56
سويلەمە	بولدى	22
سويلەمە	ەندى	19
سويلەمە	ماعان	31
سويلەمەي	جاتىر	18
سويلەمەي	قوي	27
سويلەمەي	تۇر	38
سويلەمەي	قالدى	35
سويلەمەي	اق	44
سويلەمەي	قويدى	20
سويلەمەي	قويدىم	19
سويلەمەي	كەتتىڭ	15
سويلەمەي	قالدىڭ	43
سويلەمەي	وتىرسىڭ	37
سويلەمەي	قويدىڭ	48
سويلەمەي	قويساڭ	12
سويلەمەي	قويعان	34
سويلەمەي	قالساڭ	47
سويلەمەي	قوياسىڭ	49
سويلەمەيسىڭ	عوي	46
سويلەمەيسىڭ	جانىم	15
سويلەمەيسىڭ	نە	14
سويلەمەيسىڭ	ماعان	58
سويلەمەيسىڭ	قاربالاسپا	52
سويلەمەيسىڭ	وندا	54
ايتىم	عوي	39
ايتىم	جانىم	6
ايتىم	مەن	54
ايتىم	دەپ	48
ايتىم	بولدى	50
ايتىم	سەن	56
ايتىم	ەندى	54
ايتىم	قوي	54
ايتىم	ساعان	18
ايتىم	عۇي	48
ايتىڭىز	عوي	37
ايتىڭىز	مەن	19
ايتىڭىز	قابىل	37
كەلىڭدەر	جانىم	46
كەلىڭدەر	مەن	47
كەلىڭدەر	دەپ	45
كەلىڭدەر	وندا	18
كەلىڭدەر	دەيدى	46
كەلىڭدەر	دەگەن	27
كەلىڭدەر	قارسى	51
مەكەن	جانىم	21
مەكەن	دەپ	46
مەكەن	دەيمىن	56
مەكەن	دەشى	42
مەكەن	بىر	19
تاۋعا	الىپ	64
تاۋعا	كەلىپ	57
تاۋعا	بارىپ	52
تاۋعا	كەتتى	16
تاۋعا	قاشان	37
تاۋعا	كەتىپ	38
تاۋعا	شىعىپ	55
تاۋعا	مال	66
تاۋعا	اپارىپ	63
تاۋعا	كەتكەن	65
تاۋعا	شعىپ	61
تاۋعا	بارعاندا	70
تاۋعا	كەتەم	64
تاۋعا	شىعاتىن	68
تاۋعا	شعاتىن	57
تاۋعا	بىر	46
تاۋعا	كەتتىم	21
تاۋعا	بارام	13
تاۋعا	ويناپ	53
تاۋعا	بارايىن	46
تاۋعا	باراتىن	34
تاۋعا	بارامىن	49
تاۋعا	كەتەدى	58
تاۋعا	بارامىز	67
تاۋعا	بارادى	33
تاۋعا	بارعان	69
تاۋعا	قاراي	54
تاۋعا	بارايىق	57
تاۋعا	بارساڭ	34
تاۋعا	شىعام	68
تاۋعا	كەتەمىن	57
تاۋعا	شىعامىن	67
تاۋعا	شىعايىن	62
تاۋعا	كەتكەلى	46
تاۋعا	مالعا	69
تاۋعا	شعام	59
تاۋعا	شىعامىز	69
تاۋعا	شىعاسىڭبا	63
تاۋعا	شىققالى	65
بولسام	عوي	36
بولسام	مەن	51
بولسام	دەپ	52
بولسام	جاقسى	44
بولسام	بولدى	36
بولسام	بىر	21
بولسام	سول	43
بولسام	نە	58
بولسام	سەن	52
بولسام	وندا	42
بولسام	بولادى	41
بولسام	سەنى	54
بولسام	ساعان	49
بولسام	وسى	41
بولسام	قانداي	52
بولسام	دەيمىن	38
بولسام	شىركىن	57
بولسام	باياعىدا	43
بولسام	باراتىن	51
تۇرسىڭ	عوي	48
تۇرسىڭ	جانىم	8
تۇرسىڭ	مەن	30
تۇرسىڭ	دەپ	54
تۇرسىڭ	سەن	54
تۇرسىڭ	قوي	56
جاتىرسىڭبا	جانىم	36
جاتىرسىڭبا	جوق	17
جاتىرسىڭبا	نە	45
جاتىرسىڭبا	دەنساۋلىق	48
سۇيىپ	جاقسى	53
سۇيىپ	قوي	51
سۇيىپ	قويشى	58
سۇيىپ	الدىم	25
سۇيىپ	قالدىم	20
سۇيىپ	قويدىم	37
سۇيىپ	تۇرىپ	54
سۇيىپ	الايىن	36
سۇيىپ	قالعان	40
سۇيىپ	قويىپ	53
سۇيىپ	العان	52
سۇيىپ	قويايىن	54
سۇيىپ	السام	15
سۇيىپ	سۇيىپ	56
سۇيىپ	قۇشاقتاپ	46
سۇيىپ	جاتسام	54
سۇيىپ	قويسام	55
سۇيىپ	العىم	44
سۇيىپ	الايىنبا	23
سۇيىپ	ايمالاپ	50
سۇيىپ	وتەم	39
سۇيىپ	ۇتەم	48
سۇيىپ	الىپ	35
سۇيىپ	الام	21
سۇيىپ	وتەمىن	50
سۇيىپ	ۇتەمىن	57
ىشتى	عوي	50
ىشتى	دەپ	17
ىشتىڭ	عوي	18
ىشتىڭ	جانىم	16
ىشتىڭبە	جانىم	18
ىشتىڭبە	نەعىپ	10
ادامنىڭ	بىر	56
ادامنىڭ	بارى	51
ادامنىڭ	جۇرەگى	28
ادامنىڭ	ەڭ	52
ادامنىڭ	اقشاسىن	56
ادامنىڭ	ورنى	50
ادامنىڭ	قاجەتى	20
ادامنىڭ	كوڭىلىن	56
ادامنىڭ	قادىرىن	49
ادامنىڭ	جۇرەگىن	45
ادامنىڭ	جامانى	41
ادامنىڭ	اشۋىن	47
ادامنىڭ	باسىندا	48
ادامنىڭ	ارقاۋى	45
توق	ەتەرىن	37
توقتاپ	جاتىر	16
توقتاپ	تۇر	50
توقتاپ	قال	17
توقتاپ	قالدى	38
توقتاپ	قالدىم	13
توقتاپ	قالعان	47
توقتاپ	قالادى	18
توقتاپ	قالىپ	31
توقتاپ	قالىپتى	35
توقتاپ	قالپتى	9
توقتاپ	قالسا	21
توقتاپ	قالدىما	34
توقتاپ	قالاتىن	47
توقتاپ	قاپتى	46
شىقتى	عوي	45
شىقتى	دەپ	14
شىقتى	دەيدى	26
شىقتىم	عوي	46
شىقتىم	جانىم	22
شىقتىم	دەپ	19
شىقتىم	ەندى	39
شىقتىم	مىنە	56
شىقتىم	ۇيدەن	49
شىقتىم	دەيدى	50
مناۋ	ەكەن	45
مناۋ	بىر	47
مناۋ	نە	37
مناۋ	مەنىڭ	30
مناۋ	قاي	19
مناۋ	كىم	35
مناۋ	قانشا	24
مناۋ	نەدەگەن	25
مناۋ	قانداي	50
بۇگىنگى	كەلىپ	12
بۇگىنگى	كۇن	16
بۇگىنگى	كۇنى	32
بۇگىنگى	تۋىلعان	42
بۇگىنگى	كۇنىڭ	38
بۇگىنگى	كۇندەرىڭ	25
بۇگىنگى	كۇندەرىڭىز	17
بۇگىنگى	تويعا	41
امانشىلىقپا	جانىم	31
امانشىلىقپا	نەعىپ	55
امانشىلىقپا	دوسىم	55
امانشىلىقپا	امان	27
امانشىلىقپا	سونىمەن	36
امانشىلىقپا	دەنساۋلىق	52
امانشىلىقپا	جاقسى	28
امانشىلىقپا	سودان	18
ۇيدەمىن	عوي	48
ۇيدەمىن	جانىم	25
ۇيدەمىن	دەپ	18
ۇيدەمىن	سول	39
ۇيدەمىن	ەندى	34
ۇيدەمىن	بۇگىن	56
ۇيدەمىن	دەمالىپ	54
ايتسام	مەن	33
ايتسام	بولدى	44
ايتسام	بىر	43
ايتسام	سەن	53
ايتسام	بولادى	42
ايتسام	ول	35
ايتسام	سەنى	34
ايتسام	ساعان	48
ايتسام	تاعى	52
ايتسام	بولاما	45
ايتسام	بولمايدى	28
ايتسام	رەنجىمە	56
ايتسام	كەشىر	41
ايتسام	سەنبەيسىڭ	38
ايتسام	بولمايما	56
ايتسام	بولار	39
انە	كۇنى	54
انە	تاعى	6
انە	كەزدە	44
انە	بىرەۋ	53
انە	مىنە	50
انە	كۇننەن	19
انە	كۇنگى	24
انە	منە	13
انە	گۇنى	49
قىزىق	عوي	55
قىزىق	بولسىن	10
قىزىق	بولدى	51
قىزىق	ەكەن	19
قىزىق	بولىپ	33
قىزىق	قوي	44
قىزىق	يا	19
قىزىق	ادام	53
قىزىق	بولادى	38
قىزىق	اي	49
قىزىق	ەمەس	26
قىزىق	كورىپ	46
قىزىق	ەكەنسىڭ	51
قىزىق	بولعاندا	54
قىزىق	سىڭ	16
باراسىڭ	عوي	42
باراسىڭ	جانىم	16
باراسىڭ	دەپ	58
باراسىڭ	دەيدى	31
باراسىڭ	مەن	24
باراسىڭ	سوندا	49
باراسىڭ	دار	58
قويسا	جاقسى	35
قويسا	بولدى	30
قويسا	ەكەن	16
قويسا	بولادى	31
قويسا	ۇيات	16
قويسا	بولمايدى	21
قويسا	قايتەم	28
قويسا	قايتەسىڭ	25
قويساڭ	مەن	27
قويساڭ	جاقسى	40
قويساڭ	بولدى	42
قويساڭ	قوي	8
قويساڭ	مەندە	45
قويساڭ	بولادى	55
قويساڭ	قويشى	35
قويساڭ	بولاما	17
قويساڭ	قايتەم	51
قويساڭ	بوپتى	52
قويساڭ	بولمايما	52
قويساڭ	قايتەدى	14
جەڭگە	مەن	41
جەڭگە	دەپ	42
جەڭگە	نەعىپ	45
جەڭگە	راحىمەت	50
جەڭگە	امانسىزبا	46
جەڭگە	تاي	30
جەڭگە	جاقسىز	27
جەڭگە	توي	56
تور	عوي	47
تور	جوق	40
تور	جاقسى	20
تور	تارتىپ	15
تور	كورپە	27
تور	كورپەنىڭ	18
تور	سوما	37
تورت	بولدى	40
تورت	بولىپ	54
تورت	ادام	46
تورت	اي	14
تورت	كۇن	35
تورت	كۇندە	15
تورت	بەس	30
تورت	ساعات	29
تورت	مىڭ	17
تورت	جۇز	27
تورت	جارىم	23
تورت	جىل	53
تورت	تال	45
تورت	رەت	23
تورت	ورىن	27
تورت	كۇننەن	46
تورت	جارىمدا	43
تورت	كوزبەن	39
جاتتى	عوي	44
جاتتىم	عوي	11
جاتتىم	جانىم	19
جاتتىم	دەپ	16
جاتتىم	جاقسى	50
جاتتىم	سول	47
جاتتىم	ەندى	50
جاتتىم	وندا	51
جاتتىم	بۇگىن	42
جاتتىم	ۇيدە	53
ارتىن	اشىپ	43
ارتىن	جيىپ	27
ارتىن	جيناستىرىپ	30
ارتىنا	كەلگەندە	15
ارتىنا	قاراماي	20
ارتىنان	مەن	17
ارتىنان	بىر	52
ارتىنان	ەكى	42
ارتىنان	ايتىپ	50
ارتىنان	تاعى	56
ارتىنان	بەرەيىن	33
ارتىنان	ايتايىن	49
ارتىنان	قابارلاسايىن	55
ارتىنان	ەرىپ	19
ارتىنان	بىراق	51
ارتىنان	ىزدەپ	50
ارتىنان	ويىق	40
ولار	جوق	52
ولار	بىر	41
ولار	سول	48
ولار	نە	55
ولار	نەعىپ	44
ولار	ەندى	50
ولار	ماعان	54
ولار	مەنى	41
ولار	قايدا	52
ولار	كەتىپ	58
ولار	مەن	58
ولار	نەگە	49
ولار	سەنى	58
ولار	قاشان	56
ولار	ۇشىن	51
ۇيقىڭ	جاقسى	21
ۇيقىڭ	كەلىپ	50
ۇيقىڭ	قانداي	17
ۇيقىڭ	كەلدى	56
ۇيقىڭ	كەلەدى	42
ۇيقىڭ	كەپ	48
ۇيقىڭ	تاتتى	51
ۇيقىڭ	كەلگەن	45
ۇيقىڭ	كەلمەي	39
ۇيقىڭ	كەلسە	56
ۇيقىڭ	جايلى	13
ۇيقىڭ	قاشىپ	23
ۇيقىڭ	كەلدىمە	32
ۇيقىڭ	كەلمەسە	51
ۇيقىڭ	شالا	9
ۇيقىڭ	كەلدىما	40
ۇيقىڭ	اشىلىپ	32
ۇيقىڭ	قانباي	49
ۇيقىڭ	قانىپ	18
ۇيقىڭ	قاندىما	21
ۇيقىڭ	كەلمەدىمە	47
ۇيقىڭ	كەلمەيدى	18
ۇيقىڭ	قانعاندا	49
جىلاپ	جاتىر	21
جىلاپ	الىپ	17
جىلاپ	تۇر	49
جىلاپ	جاتىرمىن	33
جىلاپ	تەلەفون	47
جىلاپ	وتىر	43
جىلاپ	وتىرمىن	20
جىلاپ	كەتتى	49
جىلاپ	جۇر	53
جىلاپ	الدىم	38
جىلاپ	تۇرىپ	39
جىلاپ	جۇرىپ	47
جىلاپ	ارەڭ	46
جىلاپ	وتىرىپ	49
جىلاپ	جىلاپ	52
جىلاپ	ەڭىرەپ	25
جىلاپ	قالدى	24
قالدىق	عوي	49
قالدىق	جانىم	31
قالدىق	دەپ	46
قالدىق	قوي	40
قالدىق	دەيدى	12
العام	عوي	49
العام	جانىم	33
العام	دەپ	13
العام	جوق	41
العام	بىر	52
العام	سول	53
العام	ەندى	45
العام	سودان	48
العام	سونى	53
العام	سوعان	34
ايتامىن	عوي	23
ايتامىن	جانىم	15
ايتامىن	دەپ	52
ايتامىن	ساعان	57
ايتامىن	مەن	13
ايتامىن	سەن	24
ايتامىن	سەنى	54
بولسن	جانىم	49
بولسن	دەپ	22
بولسن	دوسىم	37
بولسن	امان	47
بولسن	ەكى	41
بولسن	توي	45
بولسن	دەنساۋلىعىڭ	46
قۇلجا	جاققا	44
قۇلجا	اۋدان	22
قۇلجا	اۋدانعا	16
قۇلجا	اۋداننان	24
قۇلجا	قالاسى	17
قۇلجا	اۋدانى	19
قۇلجاعا	بىر	28
قۇلجاعا	كەل	15
قۇلجاعا	كەلىپ	48
قۇلجاعا	ادام	34
قۇلجاعا	بارىپ	44
قۇلجاعا	ەكى	17
قۇلجاعا	كەتتى	19
قۇلجاعا	قاشان	54
قۇلجاعا	كەتىپ	46
قۇلجاعا	ۇش	53
قۇلجاعا	كەلدىم	31
قۇلجاعا	بارام	45
قۇلجاعا	تۇسىپ	44
قۇلجاعا	اپارىپ	55
قۇلجاعا	كەتكەن	48
قۇلجاعا	بارايىن	46
قۇلجاعا	باراتىن	58
قۇلجاعا	بارامىن	18
قۇلجاعا	بارعاندا	46
قۇلجاعا	جۇرەتىن	47
قۇلجاعا	كەلگەم	46
جوقپا	جانىم	44
جوقپا	دەپ	33
جوقپا	ەكەن	31
جوقپا	نە	19
جوقپا	سوندا	43
قىزىم	دەپ	55
قىزىم	جاقسى	53
قىزىم	سول	54
قىزىم	نەعىپ	15
قىزىم	بار	32
قىزىم	كەلىپ	46
قىزىم	مەنىڭ	51
قىزىم	ۇيقتاپ	57
قىزىم	اۋىرىپ	53
قىزىم	تۋىلعان	38
قىزىم	ەكەمىز	53
قىزىم	مەن	18
قىزىم	امان	34
قىزىم	ۇشىن	46
قىزىم	ەكەۋمىز	49
باعىپ	جاتىر	46
باعىپ	ال	18
باعىپ	جاتىرمىن	54
باعىپ	وتىر	18
باعىپ	وتىرمىن	39
باعىپ	بەر	33
باعىپ	جۇر	34
باعىپ	بەرەيىن	54
باعىپ	جۇرمىن	46
باعىپ	جاتقان	19
باعىپ	جاتىرمىز	33
باعىپ	جۇرگەن	54
باعىپ	بەرەتىن	38
باعىپ	وتىرعان	31
باعىپ	جۇرسىڭبە	45
باعىپ	قاعىپ	40
بولعاندا	مەن	55
بولعاندا	بىر	55
بولعاندا	نە	39
بولعاندا	سەن	52
بولعاندا	ماعان	54
بولعاندا	تەلەفون	51
بولعاندا	بىراق	52
بولعاندا	قانداي	54
بولعاندا	قابارلاس	48
بولعاندا	عانا	41
بولعاندا	ايتا	46
بولعاندا	جاقسى	43
بولعاندا	قانشا	49
كەلشى	جانىم	54
كەلشى	مەن	13
كەلشى	دەپ	47
كەلشى	بولدى	38
كەلشى	بىر	48
كەلشى	وندا	43
كەلشى	دوسىم	58
كەلشى	بولاما	55
كەلشى	تەز	19
كەلشى	ۇيگە	45
كەلشى	الدىمەن	49
نەكە	جانىم	46
نەكە	تەلەفون	43
نەكە	المايسىڭ	50
نەكە	ۇيتىپ	30
نەكە	سۇيلەمەيسىڭ	51
دەگەنى	عوي	53
دەگەنىم	عوي	16
دەگەنىم	سول	2
دەگەنىم	قوي	40
دەگەنىم	ەمەس	40
دەگەنىم	قاتە	48
تۇرادى	عوي	43
تۇرادى	جانىم	13
تۇرادى	دەپ	45
تۇرادى	ەكەن	39
تۇرادى	دەيدى	12
تۇرادى	ەكەنسىڭ	45
تۇرادى	ەمەسپە	30
قايتاتىن	بولدى	42
قايتاتىن	بىر	47
قايتاتىن	بولىپ	35
قايتاتىن	ادام	38
قايتاتىن	ەكى	19
قايتاتىن	شىعار	47
قايتاتىن	كەزدە	39
قايتاتىن	بولدىم	28
قايتاتىن	ماشينا	54
قايتاتىن	بولدىڭ	29
قايتاتىن	كىسىلەر	13
قايتاتىن	كولىك	45
قايتاتىن	جولاۋشىلار	27
قايتاتىن	بولدىق	8
قايتاتىن	شىعارسىڭ	37
قايتاتىن	كۇلىك	46
قايتاتىن	ەدىم	32
توك	جوق	48
توك	بار	10
توك	بارما	39
توك	كەتىپ	32
توك	پۇل	51
توك	توقتاپ	41
توك	قالمادى	51
توك	موتا	29
توك	قاشالاپ	51
توك	پار	19
توك	قازان	33
توك	شاۋگىم	49
توك	قاشىلاپ	46
توك	از	47
توك	قالماي	41
توك	سىم	43
توك	تۇگەپ	55
سار	قىز	53
سار	شالىم	20
سارى	بولىپ	27
سارى	ۇل	19
سارى	قىز	55
سارى	ماي	50
سارى	قاتىن	22
سارى	التىن	52
سارى	التىنىم	30
سارى	قىزىم	31
سارى	كەمپىرىم	43
سارى	شالىم	22
سارى	ۇلىم	33
سارى	كۇشىك	53
سارى	كۇشگىم	52
سارى	قاتىنىم	46
سارى	قاسقا	50
سارى	ورىك	50
اۋرىپ	جاتىر	39
اۋرىپ	تۇر	18
اۋرىپ	جاتىرمىن	15
اۋرىپ	كەتتى	20
اۋرىپ	قالدى	21
اۋرىپ	جۇر	32
اۋرىپ	قالدىم	37
اۋرىپ	جۇرمىن	38
اۋرىپ	تۇرمىن	46
اۋرىپ	قالعان	51
اۋرىپ	ارەڭ	51
اۋرىپ	قالادى	50
اۋرىپ	قالىپتى	52
اۋرىپ	قالپتى	52
اۋرىپ	تۇرما	46
اۋرىپ	قالدىڭبا	37
كەلەم	عوي	40
كەلەم	جانىم	17
كەلەم	دەپ	43
كەلەم	دەيدى	11
كەلەم	دەگەن	14
كەلەم	دەسە	17
كەلەم	دەدى	48
كەلەم	دەسەڭ	50
كەلەم	دەدىڭ	27
مەنىكى	عوي	51
مەنىكى	دەپ	37
مەنىكى	ەكەن	46
مەنىكى	بىر	48
مەنىكى	ەمەس	53
مەنىكى	تۇرىپ	29
مەنىكى	ايتقان	51
مەنىكى	دۇرىس	53
مەنىكى	قاتە	33
مەنىكى	قالجىڭ	13
مەنىكى	تەك	33
قايتەمىز	جانىم	55
قايتەمىز	دەپ	20
قايتەمىز	ەندى	31
قايتەمىز	وندا	15
قايتەمىز	سوندا	40
قايتەمىز	دەشى	34
قايتەمىز	امال	34
كەلىن	جان	53
كەلىن	مەن	18
كەلىن	دەپ	55
كەلىن	جوق	57
كەلىن	بار	53
كەلىن	بولىپ	37
كەلىن	الىپ	40
كەلىن	كەلىپ	32
كەلىن	قايدا	50
كەلىن	قۇتتى	47
كەلىن	بالا	58
كەلىن	الۋ	51
كەلىن	بەرەكەلى	48
كەلىن	تۇسىرۋ	41
كەلىن	كەلدى	17
كەلىن	العان	29
كەلىن	الاتىن	56
كەلىن	الادى	54
كەلىن	تۇسىرىپ	44
كەلىن	العالى	31
وزىڭدى	جانىم	33
وزىڭدى	جاقسى	37
وزىڭدى	بىر	30
وزىڭدى	جولداپ	34
وزىڭدى	وزىڭ	36
وزىڭدى	كورىپ	21
وزىڭدى	قاتتى	47
وزىڭدى	عانا	26
وزىڭدى	قوسىپ	47
وزىڭدى	ويلاپ	45
وزىڭدى	ماڭگى	34
وزىڭدى	جولداشى	27
وزىڭدى	ساعىنىپ	15
وزىڭدى	تارتىپ	18
وزىڭدى	باسىپ	37
وزىڭدى	ساعىندىم	50
وزىڭدى	ەرەكشە	33
وزىڭدى	سۇيەم	50
وزىڭدى	سۇيەمىن	56
وزىڭدى	كورگىم	28
مەيلى	عوي	49
مەيلى	جانىم	25
مەيلى	مەن	23
مەيلى	دەپ	38
مەيلى	نە	52
مەيلى	سەن	49
مەيلى	وندا	42
مەيلى	قالاي	55
مەيلى	بىراق	48
مەيلى	ۇزىڭ	43
مەيلى	قانداي	28
مەيلى	ەدى	48
مەيلى	وزىڭ	39
مەيلى	ماعان	21
مەيلى	مەنى	56
ءان	عوي	51
ءان	جوق	42
ءان	ەكەن	53
ءان	بار	24
ءان	بولسا	41
ءان	ايت	19
ءان	ايتىپ	57
ءان	بارما	15
ءان	جولداپ	48
ءان	ايتقان	50
ءان	سالىپ	30
ءان	قويىپ	47
ءان	ايتشى	50
ءان	ەستىپ	51
ءان	توپ	43
ءان	ايتاتىن	45
ءان	تاماعىڭ	46
ءان	تىڭداپ	37
وتىپ	جاتىر	48
وتىپ	تۇر	19
وتىپ	كەت	56
وتىپ	كەتتى	41
وتىپ	كەتىپ	14
وتىپ	كەتتىم	43
وتىپ	بارا	44
وتىپ	جاتقان	17
وتىپ	كەتكەن	57
وتىپ	كەتەدى	38
وتىپ	بارادى	15
وتىپ	كەتىپتى	44
وتىپ	كەتەتىن	33
وتىپ	كەتسە	38
وتىپ	كەتپتى	30
وتىپ	كەتەسىڭ	45
وتىپ	كەتسىن	53
وتىپ	كەتتىك	44
وتىپ	كەتسەم	55
وتىپ	كەتپەسىن	51
وتىپ	كەتەر	30
وتىپ	كەتتىڭ	41
وتىپ	كەتبەسىن	39
ەكەۋىڭ	جاقسى	45
ەكەۋىڭ	بىر	34
ەكەۋىڭ	نە	21
ەكەۋىڭ	كەلىپ	48
ەكەۋىڭ	بارىپ	52
ەكەۋىڭ	ەكى	46
ەكەۋىڭ	مەنى	32
ەكەۋىڭ	بىرگە	51
ەكەۋىڭ	عانا	24
ەكەۋىڭ	عاناما	20
باقتتى	بول	18
باقتتى	بولسىن	10
باقتتى	بولىپ	10
باقتتى	بولسا	31
باقتتى	بولا	52
باقتتى	بوپ	47
باقتتى	بولساڭ	54
باقتتى	بولىڭدار	35
باقتتى	بولىڭىزدار	11
باقتتى	بولڭدار	50
مالعا	بارىپ	15
مالعا	كەتىپ	19
مالعا	شىعىپ	33
مالعا	قاراپ	34
مالعا	جەم	34
مالعا	شوپ	15
مالعا	قارايتىن	35
مالعا	تولسىن	35
ەلگە	ايتىپ	51
ەلگە	اقشا	40
ەلگە	بەرىپ	51
ەلگە	قاراپ	33
ەلگە	سويلەپ	46
ەلگە	بەرەتىن	51
ەلگە	بەرگەن	54
ەلگە	قارىز	47
ەلگە	كۇلكى	49
بولدىڭبا	جانىم	49
بولدىڭبا	سوندا	15
شۇنگە	ادام	47
شۇنگە	نەگە	44
شۇنگە	ايتىپ	54
شۇنگە	جولداپ	43
شۇنگە	قاراپ	53
شۇنگە	قوسىپ	50
شۇنگە	سويلەپ	17
شۇنگە	شىعارىپ	39
شۇنگە	سۇيلەپ	44
شۇنگە	كىرىپ	33
شۇنگە	جازىپ	29
شۇنگە	جولداي	39
شۇنگە	قوسا	42
شۇنگە	قوسىلىپ	53
شۇنگە	اتىپ	15
سونىڭ	بىر	54
سونىڭ	بارى	51
سونىڭ	ۇزى	34
سونىڭ	وزى	41
سونىڭ	بارىن	42
سونىڭ	اقشاسىن	19
سونىڭ	ىشىندە	49
سونىڭ	الدىندا	47
سونىڭ	ۇيىنە	40
سونىڭ	بارىنە	39
سونىڭ	قاسىندا	48
سونىڭ	اراسىنشا	49
سونىڭ	ءوزى	42
سونىڭ	قاربالاسى	50
جۇمس	جوق	56
جۇمس	بار	19
جۇمس	بولسا	18
جۇمس	بارما	20
جۇمس	كوپ	31
جۇمس	ىستەپ	48
جۇمس	تاۋىپ	21
جۇمس	ستەپ	39
جۇمس	شعىپ	14
جىگىتتەر	مەن	49
جىگىتتەر	بار	40
جىگىتتەر	بولسا	36
جىگىتتەر	قايىرلى	20
جىگىتتەر	بارما	43
جىگىتتەر	قىزدار	52
جىگىتتەر	امانسىڭدارما	24
جىگىتتەر	قالدارىڭ	47
جىگىتتەر	امانشىلىق	17
جىگىتتەر	كوپ	53
جۇمسقا	كەلىپ	41
جۇمسقا	بارىپ	45
جۇمسقا	كەتتى	36
جۇمسقا	كەتىپ	50
جۇمسقا	كەتتىم	32
جۇمسقا	شىعىپ	38
جۇمسقا	بارام	12
جۇمسقا	بارايىن	48
جۇمسقا	شعىپ	54
جۇمسقا	شىعام	23
جۇمسقا	شىقتىڭبا	50
جۇمسقا	شىعامىن	34
جۇمسقا	شىعايىن	47
جۇمسقا	شعام	37
جۇمسقا	شعامىن	44
جۇمسقا	شقتڭبا	46
جۇمسقا	بارامىن	51
شىعاتىن	بولدى	55
شىعاتىن	بىر	25
شىعاتىن	بولىپ	37
شىعاتىن	ادام	33
شىعاتىن	ەكى	23
شىعاتىن	شىعار	41
شىعاتىن	كەزدە	18
شىعاتىن	ۋاقىت	52
شىعاتىن	بولدىم	34
شىعاتىن	ماشينا	51
شىعاتىن	سياقتى	28
شىعاتىن	كىسىلەر	13
شىعاتىن	كولىك	55
شىعاتىن	جولاۋشىلار	37
شىعاتىن	بولدىق	11
شىعاتىن	شىعارسىڭ	28
شىعاتىن	بولدىڭبا	46
شىعاتىن	كۇلىك	51
شىعاتىن	ەدىم	31
شىعاتىن	بولدىڭ	54
قويعا	بارىپ	51
قويعا	دارى	20
قويعا	جەم	19
قويعان	عوي	48
قويعان	جوق	33
قويعان	جاقسى	20
قويعان	بولدى	51
قويعان	ەكەن	53
قويعان	سوڭ	23
قويعان	شىعار	21
قويعان	ەدىم	35
قويعان	ەكەنسىڭ	34
قويعان	سياقتى	45
قويعان	شىعارسىڭ	48
قويعان	جوقپا	48
قويعان	جەرىم	50
قويعان	جوقسىڭبا	44
الاسىڭ	عوي	49
الاسىڭ	جانىم	14
الاسىڭ	مەن	28
الاسىڭ	دەپ	48
الاسىڭ	دەيدى	31
شعارىپ	جاتىر	52
شعارىپ	قوي	30
شعارىپ	الىپ	31
شعارىپ	وتىر	44
شعارىپ	بەرەيىن	52
شعارىپ	قويدىم	49
شعارىپ	جاتقان	21
شعارىپ	قويايىن	45
شعارىپ	قويپتى	41
شعارىپ	قويپسىڭ	33
الدىق	جانىم	52
الدىق	دەپ	31
الدىق	ەندى	35
الدىق	راحىمەت	45
الدىق	قوي	48
الدىق	دەيدى	19
الدىق	ۇيگە	55
الدىق	امان	38
يەبىلايدە	جانىم	56
يەبىلايدە	مەن	12
يەبىلايدە	جاقسى	48
يەبىلايدە	وندا	36
يەبىلايدە	مەندە	29
يەبىلايدە	جارايدى	56
يەبىلايدە	دوسىم	19
يەبىلايدە	بوپتى	55
بۇيرسا	جانىم	19
بۇيرسا	بىر	49
بۇيرسا	سول	42
بۇيرسا	ەندى	52
بۇيرسا	ەرتەڭ	49
بۇيرسا	بارى	18
بۇيرسا	بارىپ	49
بۇيرسا	وسى	52
بۇيرسا	تاعى	53
بۇيرسا	تاڭەرتەڭ	47
بۇيرسا	بارام	48
بۇيرسا	بارامىن	48
بۇيرسا	بارامىز	37
شىپيىڭ	ال	48
شىپيىڭ	الماي	52
شىپيىڭ	جولداپ	50
شىپيىڭ	اش	43
شىپيىڭ	اشىپ	51
شىپيىڭ	قىل	28
شىپيىڭ	قىلىپ	51
شىپيىڭ	ۇر	31
شىپيىڭ	ۇرىپ	40
شىپيىڭ	المايسىڭ	18
شىپيىڭ	ۇرسام	27
شىپيىڭ	الشى	25
شىپيىڭ	ۇرايىن	48
شىپيىڭ	قىلايىن	17
شىپيىڭ	جالعاپ	38
شىپيىڭ	جالعايىن	38
شىپيىڭ	ۇرىپتى	42
شىپيىڭ	ۇرام	50
شىپيىڭ	اشايىن	48
شىپيىڭ	ۇرشى	36
شىپيىڭ	قىلسام	50
شىپيىڭ	جولداسام	37
شىپيىڭ	ۇرايىنبا	23
شىپيىڭ	اشسام	26
شىپيىڭ	اشايىنبا	38
شىپيىڭ	ۇرىپسىڭ	44
شىپيىڭ	قىلايىنبا	52
شىپيىڭ	جولدا	50
شىپيىڭ	جالعاسام	54
ايلىق	جوق	37
ايلىق	الىپ	39
ايلىق	قانشا	43
ايلىق	جۇمىس	35
ايلىق	بەرەدى	33
ايلىق	شىعادى	44
ايلىق	شىقپاي	47
ايلىق	شىققاندا	45
ايلىق	شىقسا	14
ايلىق	تيگەندە	46
الپ	ال	51
الپ	كەل	22
الپ	كەت	42
الپ	كەتتى	43
الپ	بەر	47
الپ	بەرەيىن	48
الپ	بەرەم	44
قالدىما	جانىم	47
قالدىما	دەپ	45
قالدىما	جوق	24
قالدىما	ەكەن	13
قالدىما	نە	49
قالدىما	دەسەم	42
قالدىما	دەگەنىم	24
باياعى	مەن	50
باياعى	بىر	44
باياعى	سول	44
باياعى	قاربالاس	20
باياعى	جۇمىس	49
بارماي	جاتىر	55
بارماي	قوي	28
بارماي	تۇر	32
بارماي	قالدى	27
بارماي	اق	36
بارماي	قالدىم	14
بارماي	قويدى	45
بارماي	قويدىم	18
بارماي	تۇرىپ	40
بارماي	جاتىپ	30
بارماي	قويايىن	44
بارماي	قويدىڭ	42
بارماي	قويعام	40
بارماي	قويىپ	40
بارماي	قالسام	47
بارمايمىن	عوي	47
بارمايمىن	جانىم	21
بارمايمىن	دەپ	36
بارمايمىن	بولدى	15
بارمايمىن	سەن	29
بارمايمىن	ەندى	50
بارمايمىن	دەيدى	57
بارمايمىن	دەگەن	19
بارمايمىن	دەسەم	53
بارمايمىن	دەدىم	43
ءيا	جانىم	50
ءيا	سالەم	17
ءيا	جاقسى	53
ءيا	سول	27
ءيا	ماقۇل	39
ءيا	وندا	53
ءيا	بولادى	47
ءيا	جارايدى	42
ءيا	امانشىلىق	44
ءيا	ءيا	52
ءيا	مەن	49
ءيا	راحىمەت	17
ءيا	سولاي	53
ورنى	جوق	48
ورنى	جاقسى	43
ورنى	بار	46
ورنى	قاي	20
ورنى	قايدا	16
ورنى	قالدى	20
ورنى	قابا	18
ورنى	بولەك	48
ورنى	قايجەردە	39
ورنى	كۇنەس	43
ورنى	تەكەس	39
ورنى	مۇڭعۇلكۇرە	43
ورنى	نىلقى	42
ورنى	توعىزتاراۋ	51
جاقسىز	مەن	52
جاقسىز	نەعىپ	40
جاقسىز	اعا	48
جاقسىز	جەجە	28
جاقسىز	امانسىزبا	16
جاقسىز	دار	49
جاقسىز	جەڭگە	32
جاقسىز	دەنساۋلىعىڭىز	35
وڭباعان	ەكەن	50
وڭباعان	سول	50
وڭباعان	ادام	8
وڭباعان	ەكەنسىڭ	49
وڭباعان	وڭباعان	46
بولمادى	عوي	54
بولمادى	جانىم	12
بولمادى	دەپ	18
بولمادى	سول	43
نەدەپ	جاتىر	48
نەدەپ	جاتىرمىن	20
نەدەپ	ايتىپ	45
نەدەپ	وتىر	45
نەدەپ	ايتتىڭ	52
نەدەپ	كەتتىڭ	50
نەدەپ	ايتام	18
نەدەپ	ويلاپ	19
نەدەپ	ەدىڭ	38
نەدەپ	جازىپ	49
نەدەپ	وتىرسىڭ	52
نەدەپ	ايتادى	43
نەدەپ	جاۋاپ	51
نەدەپ	ايتاسىڭ	51
نەدەپ	ايتامىن	45
نەدەپ	ويلادى	45
نەدەپ	ويلايدى	53
نەدەپ	بارام	38
نەدەپ	ويلاساڭ	49
كورەم	عوي	39
كورەم	جانىم	13
كورەم	دەپ	14
كورەم	سەنى	19
كورەم	دەيدى	33
كورەم	دەگەن	45
كورەم	بىراق	53
كورەم	ەمەسپە	46
كىشكەنە	عوي	44
كىشكەنە	جاقسى	36
كىشكەنە	ەكەن	51
كىشكەنە	بولىپ	28
كىشكەنە	بالا	32
كىشكەنە	ماشينا	38
كىشكەنە	قىز	17
كىشكەنە	كەزىندە	17
ەكىنشى	كۇنى	49
ەكىنشى	شاي	36
ەكىنشى	قول	50
ەكىنشى	جولى	47
ەكىنشى	ايدا	24
ەكىنشى	رەت	49
ەكىنشى	قابات	52
ەكىنشى	ماسەلە	38
ەكىنشى	قاباتقا	51
ەكىنشى	قاباتتا	51
ەكىنشى	ايتىڭ	24
ەكىنشى	اسابا	35
ارزان	عوي	22
ارزان	دەپ	32
ارزان	ەكەن	43
ارزان	بولىپ	13
ارزان	بولسا	31
ارزان	بولادى	26
ارزان	ۇي	45
ارزان	بولسادا	47
ارزان	تەمەكى	48
ارزان	باعادا	47
شەشە	مەن	44
شەشە	دەپ	30
شەشە	نەعىپ	24
شەشە	دەگەن	38
شەشەم	مەن	37
شەشەم	دەپ	39
شەشەم	جوق	44
شەشەم	بار	51
شەشەم	كەلىپ	17
شەشەم	تەلەفون	46
شەشەم	امان	50
شەشەم	اۋىرىپ	55
شەشەم	ەكەمىز	23
شەشەم	قايتىس	51
شەشەم	مەنىڭ	48
شەشەم	كەلگەن	41
جۇرمە	جانىم	28
جۇرمە	دەپ	23
جۇرمە	ەكەن	20
جۇرمە	كىم	43
جۇرمە	ايتەۋ	46
جۇرمە	دەسەم	52
كەتپ	قالدى	25
كەتپ	قالدىم	17
كەتپ	بارام	31
كەتپ	قالعان	20
كەتپ	بارا	21
كەتپتى	عوي	27
كەتپتى	دەپ	10
كەتپتى	دەيدى	52
كەتپتى	سونى	30
كەتپتى	سودان	30
ەكەنى	راس	47
ەكەنى	بەلگىسىز	13
ەكەنىن	مەن	14
ەكەنىن	ەندى	48
ەكەنىن	ايتىپ	52
ەكەنىن	كىم	54
ەكەنىن	قايدان	53
ەكەنىن	بىلمەي	48
ەكەنىن	بىلمەيمىن	27
ەكەنىن	بىلە	26
ەكەنىن	بىلەدى	50
ەكەنىن	بىلەم	19
ەكەنىن	ۇمىتىپ	36
ەكەنىن	بىلىپ	30
ەكەنىن	بىلەسىڭ	47
ەكەنىن	بىلمەدىم	23
ەكەنىن	بىلدىم	41
ەكەنىن	بىلەمىن	28
ەكەنىن	بىلمەيىم	41
ەكەنىن	بىلمەيدى	40
ەكەنىن	بىلەسىڭبە	46
ەكەنىن	مەندە	47
تۇسكى	تاماق	48
تۇسكى	شاي	10
تۇسكى	اس	52
تۇسكى	دەمالىس	11
تۇسكى	تاماققا	45
تۇسكى	اسىڭ	45
تۇسكى	تاماقتى	19
تۇسكى	تاماعىڭدى	25
تۇسكى	تاماعىن	24
تۇسكى	شايدى	41
تۇسكى	استارىڭ	55
تۇسكى	شايعا	49
تۇسكى	شايىڭدى	17
تۇسكى	استارىڭىز	49
تۇسكى	دەمالستا	47
تۇسكى	تاماقتان	19
تۇسكى	دەمالىستا	33
تۇسكى	اسىڭىز	44
تۇسكى	اسىڭدى	46
تۇسكى	ساعات	23
اسسالام	جاقسى	22
اسسالام	دوسىم	28
اسسالام	امانشىلىق	36
اسسالام	باۋىرىم	17
تەلەپون	كەلىپ	51
تەلەپون	نەگە	48
تەلەپون	الماي	51
تەلەپون	كورىپ	54
تەلەپون	ۇر	38
تەلەپون	ۇرىپ	40
تەلەپون	المايسىڭ	52
تەلەپون	سوعىپ	52
تەلەپون	نومىرىن	31
تەلەپون	نۇمىرىن	44
تەلەپون	ۇرسام	49
تەلەپون	ۇرىپتى	47
تەلەپون	سوق	40
تەلەپون	سوقسام	43
تەلەپون	الىپ	43
تەلەپون	بەرىپ	29
تەلەپون	المايدى	18
تەلەپون	ۇرايىن	29
تەلەپون	نۇمىرىڭدى	47
تۇرسا	جانىم	25
تۇرسا	مەن	49
تۇرسا	دەپ	40
تۇرسا	جاقسى	51
تۇرسا	بولدى	32
تۇرسا	نە	49
تۇرسا	بولادى	54
تۇرسا	نەگە	51
تۇرسا	ول	37
تۇرسا	قايتىپ	51
تۇرسا	قايتەم	24
تۇرسا	ەكەن	26
كۇرە	عوي	26
كۇرە	بەر	11
كۇرە	الماي	27
كۇرە	المايسىڭ	22
كۇرە	المادىم	37
كۇرە	المايدى	19
كۇرە	المايتىن	20
كۇرەيىن	جانىم	29
كۇرەيىن	دەپ	30
كۇرەيىن	دەيدى	14
كۇرەيىن	بولاما	45
كۇرەيىن	دەسەم	43
كۇرەيىن	دەگەم	34
كۇرەيىن	دەگەنىم	42
ايبەت	بولدى	48
ايبەت	ەكەن	47
ايبەت	بولىپ	8
ايبەت	قوي	19
ايبەت	بولادى	30
ايبەت	بوپ	34
ايبەت	جەر	49
ايبەت	بولىپتى	42
ايبەت	بوپتى	23
ايبەت	بەكەن	52
بەرەسىڭ	عوي	26
بەرەسىڭ	جانىم	13
بەرەسىڭ	مەن	26
بەرەسىڭ	دەپ	46
بەرەسىڭ	ماعان	30
بەرەسىڭ	دەيدى	47
بۇكىن	بىر	54
بۇكىن	نە	23
بۇكىن	تاعى	48
بۇكىن	كەشتە	41
الامىز	عوي	22
الامىز	جانىم	16
الامىز	دەپ	46
الامىز	دەيدى	16
الامىز	دەگەن	20
الامىز	توردەن	35
كۇنگە	بىر	22
كۇنگە	دەيىن	50
كۇنگە	كۇيىپ	17
كۇنگە	جەتكىزسىن	23
ۇتىپ	جاتىر	32
ۇتىپ	كەت	19
ۇتىپ	كەتتى	44
ۇتىپ	كەتى	14
ۇتىپ	كەتىپ	53
ۇتىپ	كەتتىم	44
ۇتىپ	بارا	42
ۇتىپ	جاتقان	18
ۇتىپ	كەتكەن	45
ۇتىپ	كەتەدى	37
ۇتىپ	بارادى	15
ۇتىپ	كەتىپتى	45
ۇتىپ	كەتەتىن	38
ۇتىپ	كەتسە	39
ۇتىپ	كەتپتى	32
ۇتىپ	كەتەسىڭ	42
ۇتىپ	كەتسەم	43
ۇتىپ	كەتەر	32
ۇتىپ	كەتپەسىن	52
ۇتىپ	كەتبەسىن	45
تۋعان	كۇن	18
تۋعان	دوس	15
تۋعان	كۇنى	29
تۋعان	جەر	15
تۋعان	كۇنىڭ	49
تۋعان	كۇنىم	31
تۋعان	جەردىڭ	37
تۋعان	جەرىم	42
تۋعان	كۇنىڭىز	39
تۋعان	كۇنىن	47
تۋعان	ەل	24
تۋعان	قۇدا	14
سەنىم	جوق	33
سەنىم	ارتىپ	8
سەنىمەن	بىر	51
سەنىمەن	بىرگە	33
سەنىمەن	عانا	12
سەنىمەن	توي	28
سەنىمەن	اڭگىمە	34
سەنىمەن	كەزىگىپ	52
سەنىمەن	سويلەسىپ	54
سەنىمەن	كەتسىن	48
سەنىمەن	سۇيلەسىپ	44
سەنىمەن	ەرىپ	48
سەنىمەن	ارالاسىپ	51
سەنىمەن	اڭگىمەلەسىپ	54
سەنىمەن	قاتسى	52
سەنىمەن	قاتىسى	55
سەنىمەن	جاقسى	18
سەنىمەن	ماڭگى	36
سەنىمەن	اڭگىمەلەسكىم	31
جۇرەتىن	بولدى	37
جۇرەتىن	بىر	36
جۇرەتىن	بولىپ	41
جۇرەتىن	ادام	40
جۇرەتىن	شىعار	55
جۇرەتىن	كەزدە	48
جۇرەتىن	ەدىم	38
جۇرەتىن	بولدىم	19
جۇرەتىن	ماشينا	39
جۇرەتىن	بولدىڭ	25
جۇرەتىن	كولىك	39
جۇرەتىن	جولاۋشىلار	13
جۇرەتىن	بولدىق	20
جۇرەتىن	كۇلىك	27
جۇرەتىن	قاتىناس	34
جۇرەتىن	كۇن	28
جۇرەتىن	شاما	48
ۇقسايدى	عوي	45
ۇقسايدى	دەپ	13
ۇقسايدى	ەكەن	43
تابىس	سيلاسىن	60
تابىس	مول	18
تابىستى	بولسىن	7
تابىستى	وت	61
تابىستى	دەنساۋلىعىڭ	57
تابىستى	كۇندەرى	46
تابىستى	كۇندەرىڭ	27
تابىستى	كۇندەرىڭىز	14
تابىستى	بولاشاعى	20
تابىستى	بولاشاعىڭ	47
تابىستى	بولىپ	4
تابىستى	جولى	56
شال	مەن	53
شال	جوق	46
شال	ەكەن	33
شال	بار	46
شال	بولىپ	21
شال	قايدا	44
شال	تاۋىپ	35
شال	بولعاندا	43
شال	كەمپىر	45
شالىڭ	جوق	24
شالىڭ	نە	34
شالىڭ	نەعىپ	41
شالىڭ	بار	30
شالىڭ	كەلىپ	34
شالىڭ	قايدا	29
شالىڭ	بارما	45
شالىڭ	قاشان	10
شالىڭ	قانداي	17
شالىڭ	ەكەۋىڭ	45
شالىڭ	كەلدىمە	44
شالىڭ	كەلدىما	35
كەلەيىن	جانىم	52
كەلەيىن	دەپ	35
كەلەيىن	وندا	8
كەلەيىن	دەيدى	53
كەلەيىن	دەگەن	35
كەلەيىن	بولاما	50
كەلەيىن	دەسەم	44
كەلەيىن	دەگەم	52
كەلەيىن	دەسەڭ	20
كەلەيىن	سودان	50
كەلەيىن	دەدىم	25
قيمىل	بار	30
قيمىل	بولىپ	30
قيمىل	باعا	36
قيمىل	باعاسى	14
قيمىل	باعادا	41
قيمىل	ۋاقىتى	20
قيمىل	جۇرىلۋ	8
قالات	دەپ	49
قالات	ەكەن	16
قالاتىن	بولدى	17
قالاتىن	بولىپ	15
قالاتىن	ادام	36
قالاتىن	ەدى	52
قالاتىن	شىعار	48
قالاتىن	ەدىم	13
قالاتىن	بولدىم	34
قالاتىن	سياقتى	18
قالاتىن	قۇساپ	33
قالاتىن	بولدىڭ	23
قالاتىن	شعار	40
قالاتىن	بولدىق	44
قالاتىن	شىعارسىڭ	39
قالاتىن	ۇقسايدى	43
قالاتىن	وقشايدى	42
قالاتىن	شىعارمىن	53
قالاتىن	سياقتىمىن	36
قالاتىن	ۇقسايمىن	31
قالاتىن	وقشايمىن	37
دالا	سۋىق	45
دالاعا	بارىپ	21
دالاعا	شىعىپ	20
دالاعا	سويلەپ	51
دالاعا	تاستاپ	33
دالاعا	شىعارىپ	51
دالاعا	سۇيلەپ	28
دالاعا	شعىپ	37
دالاعا	وتىرىپ	45
دالاعا	شىق	52
دالاعا	شىققاندا	52
دالاعا	شىعايىن	53
دالاعا	شىقسام	49
دالاعا	شىقشى	53
دالاعا	شىعا	11
دالاعا	شىقتىم	38
دالاعا	شىقساڭ	48
ەەبىلايدە	جانىم	45
ەەبىلايدە	مەن	13
ەەبىلايدە	جاقسى	50
ەەبىلايدە	وندا	38
ەەبىلايدە	جارايدى	36
ەەبىلايدە	دۇرىس	15
جوعارى	عوي	38
جوعارى	ەكەن	43
جوعارى	بىر	17
جوعارى	بولىپ	28
جوعارى	بولسا	33
جوعارى	بارىپ	30
جوعارى	بولادى	44
جوعارى	جاقتا	51
جوعارى	جاققا	42
جوعارى	مەكتەپ	38
جولىڭ	بولسىن	53
جولىڭ	اشىق	3
جاتا	عوي	45
جاتا	سال	19
جاتا	تۇر	28
جاتا	قال	44
جاتا	بەر	26
جاتا	الماي	26
جاتا	قالدىم	15
جاتا	بەرەيىن	42
جاتا	بەرەم	35
جاتا	بەرەدى	30
جاتا	بەرسىن	47
جاتا	بەرەتىن	32
جاتا	المايمىن	33
جاتا	بەرسەڭ	40
جاتا	بەرمەي	33
جاتا	سالايىن	46
جاتا	قالسام	53
جاتا	تۇرايىن	53
جاتا	بەرىڭدەر	49
جاتا	قالايىن	49
جاتا	بەرگىم	37
جاتا	قالعىم	41
جاتا	المايدى	39
جاتا	بەرەسىڭ	51
جاتا	سالام	44
قالما	جانىم	48
قالما	مەن	14
قالما	دەپ	45
قالما	دوسىم	32
قالما	بولاما	50
قالما	ايتەۋ	22
قالما	دەنساۋلىعىڭا	54
قالما	دەگەنىم	51
ساۋدا	جوق	34
ساۋدا	جاقسى	20
ساۋدا	قالاي	20
ساۋدا	قانداي	19
ساۋدا	ىستەپ	31
ساۋدا	جاساپ	18
ساۋدا	ستەپ	39
ساۋدا	كۇسەت	42
بولىڭدار	جانىم	43
بولىڭدار	دەپ	36
بولىڭدار	دوسىم	46
بولىڭدار	جاندارىم	49
بولىڭدار	قوساقتارىڭمەن	13
بولىڭدار	باۋىرىم	35
قور	بولىپ	47
قورقىپ	جاتىرمىن	12
قورقىپ	وتىر	20
قورقىپ	وتىرمىن	46
قورقىپ	جۇر	17
قورقىپ	كەتتىم	53
قورقىپ	قالدىم	22
قورقىپ	جۇرمىن	18
قورقىپ	تۇرمىن	31
قورقىپ	قالدىڭبا	15
قورقىپ	تۇرسىڭ	45
قورقىپ	وتىرسىڭبا	52
قورقىپ	تۇرسىڭبا	50
قورقىپ	تۇرعام	40
وراي	عوي	18
وراي	جوق	47
وراي	ەكەن	55
وراي	بار	39
وراي	بولىپ	26
وراي	كەلىپ	39
وراي	بولسا	51
وراي	ەكى	14
وراي	بارما	29
وراي	كوپ	22
وراي	بەر	50
وراي	بەرىپ	38
وراي	كەلدى	47
وراي	تاۋىپ	52
وراي	بولماي	45
وراي	بەرشى	32
وراي	بەرسەڭ	54
وراي	بولعاندا	45
وراي	بولمادى	54
وراي	جاراتىپ	46
وراي	جاراتشى	37
وراي	بولدى	16
وراي	شىعار	48
وراي	كەلگەندە	25
ۇيىندە	جوق	41
ۇيىندە	ەكەن	40
ۇيىندە	بىر	25
ۇيىندە	جاتىر	53
ۇيىندە	ادام	48
ۇيىندە	جاتىرمىن	46
ۇيىندە	تاماق	40
ۇيىندە	وتىرمىن	32
ۇيىندە	شاي	17
ۇيىندە	وتىرمىز	31
مول	بولسىن	45
مول	ەكەن	12
مول	دەنساۋلىق	3
مول	تابىس	37
الدا	عوي	37
الدا	بىر	31
الدا	كەلە	31
الداپ	نە	31
الداپ	قوي	47
الداپ	الىپ	36
الداپ	كەتتى	37
الداپ	جۇر	41
الداپ	كەتتىڭ	37
الداپ	قويىپ	37
الداپ	جۇرگەن	37
الداپ	كەتەدى	36
الداپ	جۇرسىڭ	34
الداپ	قويساڭ	50
الداپ	سۋلاپ	48
ءدام	تارتسا	47
ءدام	تاتىپ	8
ءدامدى	بولسىن	14
ءدامدى	كۇندەرىڭ	4
ءدامدى	كۇندەرىڭىز	9
ءدامدى	سىڭىمدى	19
ادامدا	جوق	44
ادامدا	بىر	14
ادامدا	بار	23
ادامدار	عوي	27
ادامدار	ەكەن	36
ادامدار	بىر	22
ادامدار	نە	16
ادامدار	بار	51
ادامدار	كەلىپ	53
ادامدار	بولسا	37
ادامدار	ەمەس	40
ادامدار	بارما	26
ادامدار	كوپ	49
ياما	جانىم	37
ياماقۇل	جانىم	10
ياماقۇل	راحىمەت	13
ياماقۇل	بولادى	39
ياماقۇل	جارايدى	44
جەرى	عوي	51
جەرى	جوق	51
جەرى	جاقسى	18
جەرى	ەكەن	30
جەرى	بار	39
جەرى	بولسا	13
جەرى	بارما	28
جەرى	قانشا	33
جەرى	تاعى	39
جەرى	اۋىرىپ	34
جەرى	قيىن	45
جەرى	جامان	37
جەرى	جاناتتا	41
سوسىن	مەن	46
سوسىن	بىر	29
سوسىن	سەن	50
سوسىن	مەندە	52
سوسىن	ساعان	45
سوسىن	نەعىپ	45
تەگى	بىر	31
تەگى	نە	41
قاشىپ	تۇر	51
قاشىپ	كەتتى	52
قاشىپ	كەتىپ	18
قاشىپ	جۇر	28
قاشىپ	كەتتىم	34
قاشىپ	كەتتىڭ	43
قاشىپ	كەتكەن	27
قاشىپ	جۇرگەن	28
قاشىپ	كەتەدى	46
قاشىپ	جۇرسىڭ	48
قاشىپ	كەتىپتى	37
قاشىپ	كەتەم	40
قاشىپ	كەتەتىن	48
قاشىپ	تۇرسىڭ	51
قاشىپ	كەتپتى	47
قاشىپ	كەتەيىن	42
قاشىپ	كەتەسىڭ	48
قاشىپ	پىسىپ	55
قاشىپ	قۇتىلا	54
قاشىپ	جاتىر	53
قاشىپ	كەلىپ	52
قاشىپ	بارىپ	47
قاشىپ	كەت	40
قاشىپ	كەتىڭ	52
قاشىپ	جۇرەسىڭ	52
قاشىپ	كەتپەسىن	44
تاپ	مەن	28
تاپ	دەپ	33
تاپ	بىر	20
تاپ	سول	47
تاپ	ەندى	50
تاپ	بۇگىن	50
تاپ	وسى	44
تاپ	دەيدى	51
تاپ	تاتتى	48
تاپ	تاتتىم	12
تاپ	تازا	35
تاپ	تاۋىر	16
تاپ	وندا	37
قۇشاق	جايا	47
قۇشاقتاپ	بىر	8
قۇشاقتاپ	جات	44
قۇشاقتاپ	الىپ	40
قۇشاقتاپ	ۇيقتاپ	52
قۇشاقتاپ	تۇرىپ	43
قۇشاقتاپ	جاتىپ	41
قۇشاقتاپ	قويايىن	27
قۇشاقتاپ	سۇيىپ	44
قۇشاقتاپ	جاتا	14
قۇشاقتاپ	جاتسام	41
قۇشاقتاپ	جاتايىن	27
قۇشاقتاپ	جاتام	24
قۇشاقتاپ	جاتاتىن	35
قۇشاقتاپ	يسكەپ	37
قۇشاقتاپ	العىم	43
قۇشاقتاپ	جاتقىم	36
كەتەيىن	جانىم	48
كەتەيىن	دەپ	31
كەتەيىن	بولدى	9
كەتەيىن	وندا	53
كەتەيىن	دەيدى	43
كەتەيىن	دەگەن	52
كەتەيىن	بولاما	51
كەتەيىن	دەسەم	48
كەتەيىن	دەدىم	16
كەتەيىن	دەگەم	50
تاماققا	ەندى	42
تاماققا	بارىپ	40
تاماققا	كەتىپ	38
تاماققا	كەلدىم	43
تاماققا	شاقىرىپ	36
تاماققا	كەلدىك	46
تاماققا	شاقىرعان	27
تاماققا	دايىندىق	32
تاماققا	تويىپ	19
تاماققا	شاقىرىپتى	28
تاماققا	بارايىن	35
تاماققا	تابەت	20
دەكەن	عوي	30
دەكەن	جوق	37
دەكەن	جاقسى	37
دەكەن	بىر	49
دەكەن	سول	46
دەكەن	نە	35
دەكەن	ادام	36
دەكەن	وسى	52
دەكەن	سوڭ	37
دەكەن	سۇز	18
دەكەن	اندى	28
شىققان	جوق	48
شىققان	ەكەن	15
شىققان	ادام	33
شىققان	كۇنى	47
شىققان	سوڭ	31
شىققان	شىعار	12
شىققان	كەزدە	46
ۇيرەنىپ	جاتىر	18
ۇيرەنىپ	ال	31
ۇيرەنىپ	الىپ	30
ۇيرەنىپ	جاتىرمىن	39
ۇيرەنىپ	قالدى	19
ۇيرەنىپ	كەتتىم	45
ۇيرەنىپ	قالدىم	37
ۇيرەنىپ	جۇرمىن	33
ۇيرەنىپ	الايىن	50
ۇيرەنىپ	قالعان	52
ۇيرەنىپ	جاتقان	36
ۇيرەنىپ	كەتكەن	28
ۇيرەنىپ	العان	32
ۇيرەنىپ	كەتەدى	48
ۇيرەنىپ	قالىپپىن	32
ۇيرەنىپ	جاتىرسىڭبا	49
ۇيرەنىپ	قالدىق	34
ۇيرەنىپ	كەتەسىڭ	51
ۇيرەنىپ	كەتتىك	18
ۇيرەنىپ	كەتكەم	44
ۇيرەنىپ	قالدىڭبا	48
سالشى	جانىم	49
سالشى	مەن	19
سالشى	دەپ	39
سالشى	بولدى	45
سالشى	بولاما	38
سالشى	رەنجىمەي	20
اكەم	مەن	34
اكەم	جوق	30
اكەم	بار	42
اكەم	كەلىپ	30
اكەم	قايدا	52
اكەم	تەلەفون	50
اكەم	اۋىرىپ	49
اكەم	ەكەمىز	34
اكەم	باسى	48
اكەم	شەشەم	48
اكەم	قايتىس	22
كەتەسىڭ	عوي	52
كەتەسىڭ	جانىم	13
كەتەسىڭ	مەن	19
كەتەسىڭ	دەپ	51
تۇرما	جانىم	45
تۇرما	دەپ	46
تۇرما	جوق	18
تۇرما	ەكەن	28
تۇرما	نە	42
تۇرما	قالاي	40
تۇرما	كىم	43
تۇرت	ادام	48
تۇرت	اي	14
تۇرت	كۇن	35
تۇرت	كۇندە	15
تۇرت	بەس	31
تۇرت	ساعات	26
تۇرت	مىڭ	17
تۇرت	جۇز	28
تۇرت	جىل	23
تۇرت	تال	47
تۇرت	رەت	32
تۇرت	ورىن	26
تۇرت	كۇننەن	50
تۇرت	جارىمدا	45
ساپ	قوي	39
ساپ	قويدىم	49
ساپ	قويىپ	35
ساپ	ساۋ	47
ساپ	سات	19
ساپ	سارى	48
كىمگە	ايتىپ	50
كىمگە	جولداپ	32
كىمگە	كەرەك	44
كىمگە	ايتام	49
كىمگە	بەرەم	20
كىمگە	سويلەپ	44
كىمگە	سۇيلەپ	44
كىمگە	جازىپ	17
كىمگە	ايتاسىڭ	38
كىمگە	ايتامىن	50
قويىپتى	عوي	45
قويىپتى	مەن	13
قويىپتى	دەپ	50
قويىپتى	ەكەن	49
قويىپتى	سودان	45
قويىپتى	ماعان	41
قويىپتى	سونى	35
تيىپ	جاتىر	34
تيىپ	ال	25
تيىپ	تۇر	32
تيىپ	جاتىرمىن	27
تيىپ	كەتتى	39
تيىپ	قالدى	25
تيىپ	اۋىرىپ	25
تيىپ	قالعان	29
تيىپ	كەتكەن	31
تيىپ	قالىپتى	48
تيىپ	قالدىما	17
تيىپ	قالار	34
تيىپ	قالماسىن	48
تيىپ	تاماعىم	24
الاسىڭبا	جانىم	43
الاسىڭبا	مەن	18
الاسىڭبا	دەپ	37
الاسىڭبا	جوق	52
الاسىڭبا	المايسىڭبا	37
قالام	عوي	47
قالام	جانىم	12
قالام	دەپ	32
قالام	كەيدە	19
قالاما	دەپ	38
قالاما	ەكەن	4
قالاما	كىم	44
قالاما	دەيمىن	36
قالاما	دەدىم	33
قالاما	دەگەنىم	41
توپ	جوق	15
توپ	ەكەن	34
توپ	بىر	44
توپ	بار	34
توپ	بولىپ	36
توپ	بولسا	33
توپ	باعاسى	48
توپ	كىرەسى	20
توپ	باعادا	33
توپ	قۇرىپ	38
توپ	ورتادا	23
توپ	تومپاق	42
توپ	پارشا	40
توپ	بارما	29
توپقا	بىر	21
توپقا	ادام	42
توپقا	قانشا	33
توپقا	يۋان	47
توپقا	جولداپ	35
توپقا	قوسىپ	32
توپقا	كىرىپ	19
توپقا	قوسىلىپ	33
توپقا	شىعىپ	20
توپقا	قوسام	19
جاتىرسىڭدار	عوي	49
جاتىرسىڭدار	جانىم	40
جاتىرسىڭدار	قابارسىز	38
جاتىرسىڭدارما	نەعىپ	44
جاتىرسىڭدارما	دەنساۋلىق	29
كەشەگى	مەن	48
كەشەگى	ايتقان	47
كەشەگى	قۇساپ	53
كەشەگى	اقشانى	45
كەشەگى	جەرگە	40
كەشەگى	العان	37
سۇيەمىن	عوي	49
سۇيەمىن	جانىم	32
سۇيەمىن	دەپ	5
سۇيەمىن	سەنى	31
سۇيەمىن	ماڭگى	24
سۇيەمىن	سۇيەمىن	55
سۇيەمىن	تاتتىم	16
سۇيەمىن	ۇزىڭدى	42
شىقپاي	جاتىر	41
شىقپاي	تۇر	13
شىقپاي	قالدى	14
شىقپاي	اق	17
شىقپاي	قويدى	42
شىقپاي	قالعان	17
شىقپاي	قالادى	49
شىقپاي	قالىپتى	31
شىقپاي	قويدىڭ	19
شىقپاي	قالسا	32
شىقپاي	قالاما	45
دەگەندە	مەن	50
دەگەندە	بىر	38
دەگەندە	نە	24
دەگەندە	سەن	51
دەگەندە	ەكى	47
دەگەندە	ۇش	43
دەگەندە	جۇرەگىم	51
ۋاعى	بولدى	50
ۋاعىندا	الىپ	11
ۋاعىندا	كەلىپ	49
ۋاعىندا	تاماق	43
ۋاعىندا	ىش	37
ۋاعىندا	ىشىپ	33
ۋاعىندا	بەرىپ	16
ۋاعىندا	اتىپ	47
ۋاعىندا	بەرە	42
ۋاعىندا	جاۋاپ	50
ۋاعىندا	قايتارىپ	28
ۋاعىندا	سويلەي	46
ۋاعىندا	تاماعىڭدى	35
ۋاعىندا	كورەيىك	47
ۋاعىندا	كۇرەيىك	18
ۋاعىندا	قايتارا	48
ۋاعىندا	ءىش	29
تاڭعى	سالەم	38
تاڭعى	اس	36
تاڭعى	ساعات	45
تاڭعى	اسىڭ	31
تاڭعى	استارىڭ	5
تاڭعى	استارىڭىز	11
تاڭعى	اسىڭىز	13
تاڭعى	اسىڭدى	26
تاڭعى	سالەمىن	31
ماعاندا	جاقسى	31
ماعاندا	بىر	36
ماعاندا	سەن	24
ماعاندا	الىپ	50
ماعاندا	اقشا	49
ماعاندا	كەرەك	29
ماعاندا	ايتقان	34
ماعاندا	قيىن	32
ماعاندا	بىرەۋ	40
ماعاندا	امال	42
ماعاندا	سۇيتىپ	48
ماعاندا	وڭاي	44
ماعاندا	قاجەت	21
كەزى	عوي	45
كەزى	ەكەن	13
كەزى	بولادى	15
كەزى	كەلگەندە	18
كەزىگىپ	بىر	18
كەزىگىپ	الىپ	33
كەزىگىپ	تاماق	36
كەزىگىپ	بىرگە	49
كەزىگىپ	قالدى	43
كەزىگىپ	بىراز	42
كەزىگىپ	قالدىم	46
كەزىگىپ	جۇرگەن	23
كەزىگىپ	اڭگىمە	48
كەزىگىپ	قالىپ	54
كەزىگىپ	كەتەيىن	39
كەزىگىپ	قايتايىن	54
كەزىگىپ	اڭگىمەلەسىپ	51
كەزىگىپ	تۇرامىز	54
كەزىگىپ	قالساق	49
كەزىگىپ	اڭگىمەلەسەيىك	51
كەزىگىپ	قالارمىز	37
كەزىگىپ	جۇرسىڭ	49
كەزىگىپ	قالاما	51
كەزىگىپ	تۇرايىق	43
نومىر	جوق	55
نومىر	ەكەن	30
نومىر	الىپ	32
نومىر	شەگى	24
نومىرى	جوق	23
نومىرى	ەكەن	17
نومىرى	بار	40
نومىرى	بولسا	22
نومىرى	وسى	12
نومىرى	بارما	38
نومىرى	قانشا	16
نومىرى	تولىق	28
نومىرىن	الىپ	35
نومىرىن	جولدا	47
نومىرىن	جولداپ	42
نومىرىن	تاۋىپ	55
نومىرىن	سۇراپ	22
نومىرىن	جولداشى	46
نومىرىن	بەرشى	16
نومىرىن	جولداي	38
نومىرىن	بىلەتىندەرىڭىز	25
نومىرىن	بەر	4
نومىرىن	بىلسەڭىزدەر	35
اكەل	دەپ	24
اكەل	دەيدى	13
اكەلىپ	قوي	19
اكەلىپ	ال	49
اكەلىپ	الىپ	44
اكەلىپ	بەر	40
اكەلىپ	بەرىپ	18
اكەلىپ	الدىم	36
اكەلىپ	بەرە	43
اكەلىپ	بەرەيىن	30
اكەلىپ	قويدىم	36
اكەلىپ	الايىن	37
اكەلىپ	الدىڭبا	36
اكەلىپ	قويىپ	47
اكەلىپ	بەرشى	52
اكەلىپ	بەرەدى	25
اكەلىپ	تاستا	43
اكەلىپ	تاستاپ	38
اكەلىپ	بەرەتىن	35
اكەلىپ	بەرسەڭ	39
اكەلىپ	بەردى	47
اكەلىپ	تاستادى	42
كوك	ساي	50
كوك	بەت	18
كوك	كوز	47
كوك	تيىن	37
كوك	لازى	19
كوك	سيىر	35
كوك	كويلەك	46
كوك	قاسقا	30
كۇندىك	سالەم	46
كۇندىك	بار	43
كۇندىك	بولسا	48
كۇندىك	قانشا	47
كۇندىك	ىستەپ	24
كۇندىك	جۇمىس	19
كۇندىك	ستەپ	15
كۇندىك	جۇمس	18
كۇندىك	قيمىل	28
كۇندىك	ىستەيتىن	48
كۇندىك	جالعان	37
كەتىم	عوي	48
كەتىم	جانىم	14
كەتىم	دەپ	19
كەتىم	وندا	30
باسىڭ	بار	30
باسىڭ	نەگە	36
باسىڭ	قالاي	48
باسىڭ	امان	47
باسىڭ	قانداي	12
باسىڭ	اۋىرىپ	20
باسىڭ	بوس	15
باسىڭ	اينالىپ	16
باسىڭ	قايتتى	35
باسىڭ	اۋىرادى	41
باسىڭ	قالسىن	31
باسىڭ	اۋىرعانى	33
باسىڭ	اۋىرسا	31
باسىڭ	بوسپا	38
باسىڭ	اينالسىن	36
قانە	جانىم	48
قانە	جولداشى	44
كورشى	جانىم	29
كورشى	بولاما	50
كورشى	مەن	29
الايىق	جانىم	42
الايىق	دەپ	33
الايىق	وندا	12
الايىق	سودان	39
الايىق	دەيدى	48
الايىق	بولاما	33
الايىق	دەسەم	42
الايىق	دەسەك	45
الايىق	دەگەمىز	45
تەمەكى	جوق	47
تەمەكى	بار	27
تەمەكى	الىپ	42
تەمەكى	بارما	47
تەمەكى	الايىن	49
تەمەكى	الاتىن	42
تەمەكى	تارتىپ	28
تەمەكى	اكەپ	20
تەمەكى	شەگىپ	40
تەمەكى	بولسا	15
تەمەكى	الدىم	27
تۇردى	عوي	53
تۇردى	قارا	14
تۇردىم	عوي	19
تۇردىم	جانىم	23
تۇردىم	ەندى	17
تۇردىم	شاي	52
تۇردىم	ۇيقتاپ	42
ساتىلادى	ەكەن	44
ساتىلادى	باعاسى	45
ساتىلادى	ورنى	14
ساتىلادى	الۋشىلار	17
ساتىلادى	تەلەفون	44
اۋداننان	قايتاتىن	50
اۋداننان	ۇرىمجىگە	40
اۋداننان	بولامىن	37
اۋداننان	اۋىلعا	14
اۋداننان	ناراتقا	34
اۋداننان	دۇرەگە	36
اۋداننان	شاكۇرتىگە	33
اۋداننان	قاشاجارعا	43
اۋداننان	تۇرعىنعا	42
اۋداننان	قاراتوبەگە	41
اۋداننان	ۇزىنبۇلاققا	45
اۋداننان	قۇلجاعا	49
كوردى	عوي	43
كوردىم	عوي	11
كوردىم	جانىم	16
كوردىم	دەپ	23
كوردىم	سەنى	32
قالاسىڭ	عوي	18
قالاسىڭ	جانىم	11
قالاسىڭ	دەپ	21
قالاسىڭ	وسى	35
قالاسىڭ	ەمەسپە	41
كورىم	عوي	18
كورىم	جاقسى	24
كورىم	بولدى	27
كورىم	ەكەن	13
كورىم	بولىپ	33
كورىم	ەدى	10
كورىم	ايتەۋ	49
كورىم	بوپ	46
كورىم	بولعان	26
كورىم	بولىپتى	34
اتاقتى	عوي	49
اتاقتى	بولدى	17
اتاقتى	ەكەن	49
اتاقتى	بولىپ	10
اتاقتى	ەكەنسىڭ	25
ۋاقىتتا	جوق	48
ۋاقىتتا	بىر	41
ۋاقىتتا	كەلەدى	47
ۋاقىتتا	بولسادا	32
ۋاقىتتا	كەلەسىڭ	42
ۋاقىتتا	باراسىڭ	17
ۋاقىتتا	قايتاسىڭ	44
ۋاقىتتا	شىعاسىڭ	51
ۋاقىتتا	تۇسەسىڭ	35
ۋاقىتتا	جۇرەسىڭ	23
ارام	عوي	35
ارام	دەپ	50
ارام	ەكەن	49
ارام	بولىپ	33
ارام	وي	49
ارام	نەمە	51
ارام	ەسەك	19
ارام	ويىڭ	46
ارام	ويىم	47
ارام	ەكەنسىڭ	37
بۇرسى	كۇنى	20
بۇرسىگۇنى	بولسىن	48
بۇرسىگۇنى	بىر	2
بۇرسىگۇنى	بارىپ	48
بۇرسىگۇنى	ەكى	47
بۇرسىگۇنى	تاعى	50
بۇرسىگۇنى	تاڭەرتەڭ	46
بۇرسىگۇنى	كەشتە	19
بۇرسىگۇنى	بەرەيىن	35
بۇرسىگۇنى	بارام	45
بۇرسىگۇنى	بارامىن	50
بۇرسىگۇنى	قايتام	39
بۇرسىگۇنى	توي	39
بۇرسىگۇنى	بىراق	47
بۇرسىگۇنى	كەلەدى	49
سۋعا	سالىپ	9
سۋعا	تۇسىپ	45
سۋعا	تۇسىرىپ	36
سۋعا	تۇسەم	53
سۋعا	تۇسەيىن	50
سۋعا	مالىپ	44
سۋعا	ەزىپ	19
سۋعا	بارىپ	45
سۋعا	كەتىپ	40
سۋعا	تۇستىم	23
سۋعا	تۇسەتىن	52
سۋعا	اعىپ	49
سۋعا	تۇسكەلى	37
سۋعا	مالتاپ	50
اعاڭ	عوي	49
اعاڭ	مەن	41
اعاڭ	جوق	43
اعاڭ	بار	39
اعاڭ	كەلىپ	19
اعاڭ	قايدا	45
اعاڭ	ەكەمىز	50
اعاڭ	ەكەۋىڭ	46
اعاڭ	قانداي	42
جولداي	سال	48
جولداي	وتىر	12
جولداي	بەر	34
جولداي	الماي	26
جولداي	المايمىن	20
جولداي	سالشى	51
جولداي	سالساڭ	51
جولداي	سالىڭىز	29
جولداي	وتىرىڭىزدار	19
جولداي	سالىڭىزدار	30
جولداي	سالىڭىزشى	28
جولداي	سالىڭىزدارشى	44
جولداي	سالايىن	12
ساۋداڭ	قالاي	38
ساۋداڭ	كۇسەت	24
ساۋداڭ	كۇزەت	2
ساۋداڭ	كوسەت	24
اتىم	جوق	29
اتىم	بار	50
اتىم	سەرىك	48
اتىم	اراي	51
اتىم	گۇلي	53
اتىم	قانات	42
اتىم	ەرلان	50
جانم	مەن	30
جانم	دەپ	45
جانم	سول	52
جانم	جانم	12
جانم	مەنڭ	34
دەيىم	عوي	49
دەيىم	جانىم	15
ەكەۋمىز	جاقسى	40
ەكەۋمىز	بىر	41
ەكەۋمىز	بارىپ	19
ەكەۋمىز	ەكى	39
ەكەۋمىز	بىرگە	49
ەكەۋمىز	عانا	20
ەكەۋمىز	بارامىز	20
ەكەۋمىز	توي	35
ەكەۋمىز	قاشان	52
قالار	جانىم	51
قالار	دەپ	30
قالار	ەندى	18
قالار	ەدى	48
قالار	ەدىم	42
قالار	مەكەن	28
قالار	مەكەم	17
شىققاندا	بولسىن	50
شىققاندا	بىر	28
شىققاندا	الىپ	46
شىققاندا	ماعان	49
شىققاندا	تەلەفون	46
شىققاندا	بىراق	40
شىققاندا	اتىپ	50
شىققاندا	بەرەيىن	44
شىققاندا	قابارلاس	17
شىققاندا	ايتا	22
شىققاندا	بەرەم	36
شىققاندا	سويلەپ	47
شىققاندا	بەرەمىن	36
شىققاندا	قايتارىپ	22
شىققاندا	قابارلاسىپ	36
شىققاندا	قابارلاسايىن	37
سويلەي	عوي	50
سويلەي	سال	32
سويلەي	وتىر	20
سويلەي	بەر	8
سويلەي	الماي	44
سويلەي	بەرەم	12
سويلەي	بەرەدى	49
سويلەي	المايمىن	40
سويلەي	بەرسەڭ	15
سويلەي	المادىم	32
سويلەي	المايدى	40
سويلەي	سالشى	47
سويلەي	بەرىڭىز	46
سويلەي	سالساڭ	43
بىرى	كۇنى	47
بىرىن	ايت	19
بىرىن	بىرى	17
بىرىن	بىرىنە	8
بىرىنشى	عوي	25
بىرىنشى	بولىپ	36
بىرىنشى	كۇنى	41
بىرىنشى	ايدا	24
بىرىنشى	رەت	43
بىرىنشى	ەكىنشى	15
بىرىنشى	قابات	48
بىرىنشى	ىرەت	46
بىرىنشى	ورىندا	48
بىرىنشى	ورىنعا	45
بىرىنشى	كىلاس	45
بىرىنشى	كىلاسقا	39
كوز	جوق	40
كوز	جۋىپ	45
كوز	جاسى	24
كوز	الدىما	38
كوز	ايدىن	34
كوز	اينەك	28
كوز	جاسىم	36
كوز	الدىمدا	35
كوز	الدىمنان	19
كوز	جاسىنا	45
كوز	جاسىمدى	46
كوز	اينەكتى	49
ۋاعالايكۇم	اسسالام	33
ۋاعالايكۇم	مۇسسالام	2
اپات	بولدى	39
اپات	ەكەن	44
اپات	بولىپ	8
اپات	قوي	29
اپات	ادام	16
اپات	ەكەنسىڭ	43
ۇرىمجى	جاققا	38
ۇرىمجىگە	بىر	17
ۇرىمجىگە	كەلىپ	21
ۇرىمجىگە	ادام	36
ۇرىمجىگە	بارىپ	44
ۇرىمجىگە	ەكى	16
ۇرىمجىگە	كەتتى	34
ۇرىمجىگە	كەتىپ	48
ۇرىمجىگە	بارام	22
ۇرىمجىگە	اپارىپ	46
ۇرىمجىگە	كەتكەن	50
ۇرىمجىگە	باراتىن	47
ۇرىمجىگە	بارعاندا	44
ۇرىمجىگە	كەلگەم	41
ۇرىمجىگە	دوحتىرعا	45
ۇرىمجىگە	قاشان	48
ۇرىمجىگە	بارايىن	41
ۇرىمجىگە	بارامىن	14
بىرازدان	كەيىن	41
بىرازدان	سوڭ	3
بىرازدان	سۇڭ	9
ساباق	بولدى	44
ساباق	بار	35
ساباق	قارا	40
ساباق	قاراپ	40
ساباق	وتىپ	12
ساباق	ۇتىپ	31
ساباق	تىڭداپ	41
ساباق	قاراتىپ	39
ساباقتا	وتىرمىن	16
ساباقتاس	امانسىڭبا	23
ساباقتاس	دەپ	11
ساباقتاس	توي	39
ساباقتاستار	قايىرلى	47
ساباقتاستار	امان	56
ساباقتاستار	باس	41
ساباقتاستار	امانسىڭدارما	56
ساباقتاستار	قالدارىڭ	10
ساباقتاستار	مەن	29
ساباقتاستار	توي	37
ساباقتاستار	امانسىڭدار	15
ساباقتاستار	شۇننە	45
قاپ	دەپ	17
قاپ	بىر	48
قاپ	اي	50
قاپ	ەدى	33
قاپ	قاتتى	47
قاپ	قارا	45
قاپ	ايا	12
قاپ	جۇرمە	16
قاپ	تەمەكى	43
قاپ	قاراڭعى	29
سويلەسىپ	جاتىر	11
سويلەسىپ	جاتىرسىڭ	26
سويلەسىپ	ال	16
سويلەسىپ	الىپ	34
سويلەسىپ	جاتىرمىن	47
سويلەسىپ	وتىر	21
سويلەسىپ	وتىرمىن	47
سويلەسىپ	جۇر	33
سويلەسىپ	قويدىم	25
سويلەسىپ	كور	46
سويلەسىپ	الايىن	34
سويلەسىپ	جاتقان	48
سويلەسىپ	جۇرگەن	45
سويلەسىپ	وتىرسىڭ	35
سويلەسىپ	كورەيىن	39
سويلەسىپ	كورشى	31
ۇلى	بار	46
ۇلى	قايتىس	51
ۇلى	مەن	49
ۇلى	توي	22
ۇلى	شەشەسى	45
تۇرساڭ	جانىم	37
تۇرساڭ	مەن	34
تۇرساڭ	جاقسى	30
تۇرساڭ	بولدى	33
تۇرساڭ	سەن	13
تۇرساڭ	بولادى	45
تۇرساڭ	بولاما	29
تۇرساڭ	قايتىپ	35
تۇرساڭ	بولمايما	38
اينالىپ	جاتىر	49
اينالىپ	كەلىپ	45
اينالىپ	تۇر	18
اينالىپ	كەتتى	28
اينالىپ	قالدىم	34
اينالىپ	كەپ	19
اينالىپ	جۇرىپ	41
اينالىپ	كەلگەندە	39
اينالىپ	كەلەيىن	24
اينالىپ	كەتەيىن	34
اينالىپ	كەلەيىك	24
ۇزدە	سول	50
ۇزدە	سولاي	19
ۇزدەرى	بىلەدى	21
ۇزدەرى	بىلسىن	28
ۇزدەرىڭ	نە	19
ۇزدەرىڭ	نەعىپ	47
ۇزدەرىڭ	قالاي	15
ۇزدەرىڭ	امان	10
ۇزدەرىڭ	جاقسىما	12
ۇزدەرىڭ	امانسىڭدارما	45
ۇزدەرىڭ	قالايسىڭدار	17
ۇزدەرىڭ	جاقسىڭدارما	17
ۇزدەرىڭ	بىلىڭدەر	40
كەلەسىڭبە	جانىم	35
كەلەسىڭبە	دەپ	30
كەلەسىڭبە	جوق	19
كەلەسىڭبە	وندا	47
كەلەسىڭبە	كەلمەيسىڭبە	48
راحمەت	جانىم	48
راحمەت	دوسىم	46
راحمەت	اعا	38
راحمەت	ايتقانىڭ	50
راحمەت	سىزگە	33
راحمەت	ايتقانىڭىز	42
راحمەت	راحمەت	22
راحمەت	ساعان	14
قويعام	عوي	46
قويعام	جانىم	30
قويعام	جوق	40
قويعام	سول	24
قويعام	ەندى	47
قويعام	سونى	42
جۇىپ	ەندى	48
جۇىپ	ال	47
جۇىپ	الىپ	46
جۇىپ	جاتىرمىن	49
جۇىپ	الايىن	24
جۇىپ	تاستا	37
جۇىپ	تاستاپ	16
جۇىپ	تاستادىم	34
جۇىپ	تاستاپتى	47
جۇىپ	تاستاعان	37
جۇىپ	تاستاعام	45
جۇىپ	تاستايمىن	36
جۇىپ	تاستاپسىڭ	42
جۇىپ	تاستادىڭ	40
جۇىپ	تاستايىن	23
جۇىپ	تاستاعانسىڭ	38
كەلگەم	عوي	37
كەلگەم	جوق	49
كەلگەم	بىر	30
كەلگەم	سول	41
كەلگەم	ەندى	44
كەلگەم	ەرتەڭ	29
كەلگەم	بۇگىن	46
كەلگەم	سودان	40
كەلگەم	كەشە	43
وقىپ	جاتىر	35
وقىپ	الىپ	11
وقىپ	جاتىرمىن	43
وقىپ	كەتتى	40
وقىپ	جاتقان	18
وقىپ	جۇرگەن	22
وقىپ	جاتىرما	47
وقىپ	جۇرگەندە	27
وقىپ	الىپپىن	33
جاتسا	مەن	44
جاتسا	بولدى	34
جاتسا	بىر	42
جاتسا	سەن	48
جاتسا	ماعان	45
جاتسا	تاعى	44
جاتسا	قايتىپ	43
جاتسا	قايتەم	32
كەلدىمە	جانىم	41
كەلدىمە	دەپ	14
قويام	عوي	47
قويام	جانىم	14
قويام	دەپ	30
قويام	دەيدى	22
ساتا	سال	45
ساتا	بەر	17
ساتا	الماي	17
ساتاتىن	ادام	16
ساتاتىن	ۇي	42
ساتاتىن	مال	42
ساتاتىن	جەر	44
ساتاتىن	جەردە	26
ساتاتىن	جەرگە	36
ساتاتىن	سۇت	10
ساتاتىن	كىسىلەر	49
ساتاتىن	سەمىز	46
ساتاتىن	كسلەر	49
ساتاتىن	قوزى	34
ۇيكە	ەندى	48
ۇيكە	كەل	45
ۇيكە	كەلىپ	28
ۇيكە	بارىپ	13
ۇيكە	كەتىپ	16
ۇيكە	قايتىپ	49
ۇيكە	كەلدىم	46
ۇيكە	جاڭا	31
ۇيكە	جاڭە	36
ۇيكە	كەپ	48
ۇيكە	كىرىپ	44
ۇيكە	بارعاندا	43
جولعا	سال	51
جولعا	شىعا	15
جولعا	شىعىپ	46
جولعا	سالىپ	51
جولعا	شعىپ	14
جولعا	قاراي	40
جولعا	شىق	50
جولعا	شىقتىم	47
جولعا	ساپ	54
جولعا	شىقتىڭبا	50
جولعا	سالدىم	27
جولعا	شىقتىق	52
جولعا	تۇسىپ	42
جولعا	شىققاندا	34
جولعا	سالايىن	43
جولعا	شىعامىز	31
جولعا	شىقتىڭدارما	37
كەلەيىك	دەپ	43
كەلەيىك	وندا	11
كەلەيىك	دەيدى	47
كەلەيىك	دەگەن	18
كەلەيىك	بولاما	40
كەلەيىك	دەسەم	22
كەلەيىك	جانىم	13
كەلەيىك	دەگەم	39
قىمبات	دەپ	34
قىمبات	ەكەن	42
قىمبات	بولىپ	10
قىمبات	قوي	21
قىمبات	بولسا	32
قىمبات	بولادى	40
قىمبات	ەمەس	46
قىمبات	شىعار	28
كەلمەدى	عوي	18
كەلمەدى	جانىم	11
كەلمەدى	دەپ	38
كەلمەدى	الى	19
كەلمەدى	دەيدى	43
كەلمەدى	ءالى	43
جەتە	الماي	39
جەتە	المايسىڭ	5
جەتە	المادىم	25
جەتە	المايدى	23
جەتەدى	عوي	22
جەتەدى	جانىم	12
جەتەدى	دەپ	27
جەتەدى	ەكەن	34
جەتەدى	ماعان	15
قاسىڭدا	مەن	49
قاسىڭدا	بىر	38
قاسىڭدا	بولىپ	42
قاسىڭدا	ادام	48
قاسىڭدا	كىم	51
قاسىڭدا	بولام	15
قاسىڭدا	بىرەۋ	48
قاسىڭدا	بولسام	32
قاسىڭدا	جاتسام	43
قاسىڭدا	بولامىن	17
قاسىڭدا	جۇرسەم	48
قاسىڭدا	جانىم	36
قاسىڭدا	بولسا	19
قاسىڭدا	بولعىم	50
وزىڭە	جاقسى	45
وزىڭە	بىر	19
وزىڭە	راحىمەت	44
وزىڭە	دەگەن	34
وزىڭە	كوپ	44
وزىڭە	وزىڭ	22
وزىڭە	كەرەك	41
وزىڭە	كوڭىل	27
وزىڭە	عانا	46
وزىڭە	مىقتى	50
قويادى	عوي	41
قويادى	دەپ	15
قويادى	ەكەن	17
قويادى	دەيدى	13
قويادى	ەكەنسىڭ	48
قويادى	ەكەم	20
دەدىڭ	عوي	49
دەدىڭ	ەندى	48
دەدىڭ	قوي	45
دەدىڭ	سودان	38
دەدىڭ	ەمەسپە	41
دەدىڭ	مەن	5
مەنىم	جانىم	53
مەنىم	بىر	26
مەنىم	جۇرەگىم	40
مەنىم	اتىم	34
مەنىمەن	بىر	39
مەنىمەن	نە	37
مەنىمەن	نەگە	35
مەنىمەن	بىرگە	33
مەنىمەن	قابارلاسىڭىزدار	12
مەنىمەن	عانا	45
مەنىمەن	توي	50
مەنىمەن	ەرىپ	50
مەنىمەن	قاتسى	52
مەنىمەن	قاتىسى	32
مەنىمەن	اڭگىمە	50
مەنىمەن	ارالاسىپ	41
تويعا	كەل	77
تويعا	كەلىپ	49
تويعا	بارىپ	75
تويعا	كەتىپ	67
تويعا	بارام	44
تويعا	باراتىن	57
تويعا	دەيىن	57
تويعا	باراسىڭبا	72
تويعا	باردىڭبا	79
تويعا	كەلىڭىزدەر	81
تويعا	شاشۋ	68
تويعا	ۇلاسسىن	77
تويعا	ۇلاسىن	70
تويعا	مەن	70
تويعا	بىر	83
تويعا	بار	76
تويعا	نە	63
تويعا	ادام	42
تويعا	نەگە	18
تويعا	كەتتى	82
تويعا	قاشان	51
تويعا	قانشا	62
تويعا	اقشا	38
تويعا	بىرگە	72
تويعا	كەتتىم	72
تويعا	قايتىپ	72
تويعا	كەلدىم	81
تويعا	بارا	57
تويعا	كەلە	36
تويعا	اپارىپ	67
تويعا	بارايىن	67
تويعا	كەتكەن	41
تويعا	بارامىن	33
تويعا	كەلگەن	44
تويعا	بارامىز	64
تويعا	ەرتىپ	48
تويعا	كىرىپ	75
تويعا	بارادى	55
تويعا	بارعان	53
تويعا	بارعاندا	61
تويعا	كەلەتىن	55
تويعا	بارسام	74
تويعا	كەلدىك	72
تويعا	بارايىق	73
تويعا	شاقىرىپ	62
تويعا	باراسىڭ	81
تويعا	بارماي	68
تويعا	بارمايمىن	71
تويعا	قارسى	74
تويعا	كەلەسىڭبە	39
تويعا	كەلگەم	66
تويعا	كەلىڭدەر	56
تويعا	بارساڭ	47
تويعا	باردىڭ	62
تويعا	بارپ	45
تويعا	قالماي	78
تويعا	كەلدىڭبە	64
تويعا	باردىم	41
تويعا	بارعالى	65
تويعا	بارعام	53
تويعا	بارمادىم	65
تويعا	تىلەك	79
تويعا	كەلىڭىز	57
تويعا	بارامبا	69
تويعا	دايىندىق	77
تويعا	بارمايتىن	64
تويعا	بارامىزبا	45
تويعا	بارالماي	18
تويعا	باردىق	76
تويعا	كەلمەدىڭ	79
تويعا	باراسڭبا	79
تويعا	بارمايسىڭبا	53
تويعا	كيەتىن	80
تويعا	بارمادىڭبا	23
تويعا	قاتىناسىپ	70
تويعا	باراتىندار	82
تويعا	باردىڭدارما	64
تويعا	باراسىڭدارما	83
تويعا	باراسىزبا	73
تويعا	باراتىندارىڭ	79
تويعا	كەلڭىزدەر	75
تويعا	شاقىرۋ	79
تويعا	باراتىندارىڭىز	61
قاعاز	جوق	30
قاعاز	بار	32
قاعاز	الىپ	21
قاعاز	بارما	18
قاعاز	بەرىپ	42
قاعاز	الايىن	46
قاعاز	سالىپ	43
قاعاز	جازىپ	46
قاعاز	اكەپ	35
بولدىما	جانىم	48
بولدىما	دەپ	34
بولدىما	جوق	27
بولدىما	نە	30
بولدىما	ەندى	44
بولدىما	سوندا	48
تۇردىڭ	عوي	47
تۇردىڭبا	جانىم	12
تۇردىڭبا	نەعىپ	53
تۇردىڭبا	ماۋباس	45
تۇردىڭبا	مەن	11
تۇردىڭبا	تاڭعى	42
قايتاسىڭ	عوي	20
قايتاسىڭ	جانىم	32
قايتاسىڭ	ۇيگە	18
قايتاسىڭ	دار	45
تاتە	مەن	47
تاتە	امانسىزبا	38
تاتە	نەعىپ	31
تاتەم	مەن	38
تاتەم	جاقسى	43
تاتەم	بار	44
تاتەم	كەلىپ	25
تاتەم	تەلەفون	44
تاتەم	قانداي	42
تاتەم	اۋىرىپ	38
تاتەم	ەكەمىز	40
كەم	ەكەن	39
كەم	بولىپ	30
كەم	بولسا	13
كەم	بولادى	19
كەم	ەمەس	14
كەم	بوپ	25
كەم	دەگەندە	27
كەم	بولمايسىڭ	25
كەم	عوي	47
كەمپىر	مەن	23
كەمپىر	نەعىپ	35
كەمپىر	بار	42
كەمپىر	بولىپ	43
كەمپىر	شال	47
كەمپىر	بولعاندا	44
شاش	الدىرىپ	16
شاش	سابىن	29
شاش	جاساتىپ	28
شاش	جۋۋ	17
شاش	بوياق	38
شاش	بوياۋ	45
شاش	بوياتىپ	43
نۇمىر	جوق	50
نۇمىر	الىپ	23
نۇمىر	شەگى	28
نۇمىرى	جوق	25
نۇمىرى	ەكەن	17
نۇمىرى	بار	39
نۇمىرى	بولسا	22
نۇمىرى	بارما	39
نۇمىرى	قانشا	16
نۇمىرى	وسى	12
نۇمىرىن	الىپ	34
نۇمىرىن	جولدا	48
نۇمىرىن	جولداپ	41
نۇمىرىن	تاۋىپ	5
نۇمىرىن	سۇراپ	21
نۇمىرىن	جولداشى	46
نۇمىرىن	بەرشى	14
نۇمىرىن	جولداي	39
نۇمىرىن	بىلەتىندەرىڭىز	24
سالا	عوي	19
سالا	سال	18
سالا	بەر	30
سالا	الماي	14
سالا	سالشى	27
سالايىن	دەپ	20
سالايىن	وندا	10
سالايىن	دەسەم	40
سالايىن	دەگەم	17
ويبوي	جانىم	48
ويبوي	مەن	15
ويبوي	بولدى	44
ويبوي	ەندى	44
ويبوي	وندا	44
ويبوي	ول	30
ويبوي	نەدەگەن	48
ويبوي	قيىن	40
ويبوي	قويشى	48
ۇيشىڭ	جوق	19
ۇيشىڭ	بار	26
ۇيشىڭ	ماشينا	30
ۇيشىڭ	ماشينە	15
ۇيشىڭ	نومىرىڭدى	37
ۇيشىڭ	قاۋىڭدى	29
ۇيشىڭ	قاۋىن	32
ۇيشىڭعا	نەگە	12
ۇيشىڭعا	قوس	46
ۇيشىڭعا	قوسىپ	15
ۇيشىڭعا	سويلە	10
ۇيشىڭعا	سويلەپ	16
ۇيشىڭعا	سۇيلە	42
ۇيشىڭعا	سۇيلەپ	46
ۇيشىڭعا	قوسشى	25
ۇيشىڭعا	قوسىڭىز	18
قالعانى	جاقسى	39
قالعانى	قايدا	29
قالعانى	وسى	22
قالعانىن	مەن	17
قالعانىن	سەن	35
قالعانىن	ەرتەڭ	40
قالعانىن	كەيىن	18
قالعانىن	ۇزىڭ	43
قالعانىن	تاعى	40
قالعانىن	وزىڭ	27
قالعانىن	اتىپ	34
قالعانىن	ارتىنان	33
كەمپىرىم	سول	32
كەمپىرىم	نەعىپ	14
كەمپىرىم	مەنىڭ	48
كەمپىرىم	اۋ	52
كەمپىرىم	كەمپىرىم	36
كەمپىرىم	سەنى	12
مەرەيلى	بولسىن	13
مەرەيلى	كۇندەرىڭ	4
مەرەيلى	كۇندەرىڭىز	13
الدىڭعى	ۇيدە	49
الدىڭعى	ۇيگە	47
الدىڭعى	كۇنى	47
الدىڭعى	جولى	11
الدىڭعى	ايدا	9
الدىڭعى	رەت	27
الدىڭعى	جىلى	37
الدىڭعى	اپتا	31
الدىڭعى	اپتادا	40
الدىڭعى	جولعى	40
بولدىڭىز	عوي	51
بولدىڭىز	قايجەردەن	16
بولدىڭىز	اتىڭىز	31
بولدىڭىز	تانىسىپ	43
بولدىڭىز	تانىسا	39
بولدىڭىز	تانىمادىم	18
ەركە	قىز	42
ەركە	تايىم	17
ەركەك	جوق	32
ەركەك	بولىپ	38
ەركەك	قوي	37
ەركەك	بولسا	26
ەركەك	دەگەن	44
ەركەك	ەمەس	18
ەركەك	بولساڭ	37
ەركەك	تاي	43
ەركەك	تاينشا	44
ەركەك	بۇزاۋ	28
ەركەك	باسىڭمەن	31
ەركەك	قوزى	44
كەتسىن	جانىم	13
كەتسىن	دەپ	21
كەتسىن	دەيدى	17
جاتىرما	جانىم	21
جاتىرما	دەپ	41
جاتىرما	جوق	29
جاتىرما	ەكەن	18
جاتىرما	نە	31
جاتىرما	دەسەم	39
اسىڭ	اس	50
اسىڭ	ءدامدى	14
اسىڭ	دامدى	5
اسىڭ	سىڭىمدى	8
دەنساۋلىعىڭىز	جاقسى	43
دەنساۋلىعىڭىز	قالاي	45
دەنساۋلىعىڭىز	جاقسىما	19
دەنساۋلىعىڭىز	قانداي	3
دەنساۋلىعىڭىز	مىقتى	35
دەنساۋلىعىڭىز	بولار	11
ىستەي	عوي	46
ىستەي	بەر	19
ىستەي	الماي	23
ىستەي	بەرەيىن	9
ىستەي	بەرەم	24
ىستەي	بەرەدى	40
ىستەي	بەرسىن	26
ىستەي	بەرەتىن	43
ىستەي	بەرەمىن	39
ىستەي	المايمىن	40
ىستەي	بەرسەڭ	35
ىستەي	المايسىڭ	41
ىستەي	المادىم	42
ىستەي	المايدى	33
ىستەي	المايتىن	23
ىستەي	بەرىڭىز	36
قين	بولدى	46
قين	ەكەن	8
قينالىپ	جاتىر	15
قينالىپ	تۇر	42
قينالىپ	جاتىرمىن	47
قينالىپ	وتىرمىن	35
قينالىپ	كەتتى	35
قينالىپ	جۇر	47
قينالىپ	كەتتىم	40
قينالىپ	قالدىم	12
قينالىپ	جۇرمىن	27
قينالىپ	تۇرمىن	19
قينالىپ	جۇرگەن	46
قينالىپ	جۇرسىڭ	45
قينالىپ	قالادى	41
قينالىپ	قالما	40
قينالىپ	قالاسىڭ	46
قينالىپ	كەتتىڭ	19
قينالىپ	قالاما	39
ۇزىڭە	جانىم	46
ۇزىڭە	جاقسى	37
ۇزىڭە	بىر	19
ۇزىڭە	راحىمەت	44
ۇزىڭە	دەگەن	32
ۇزىڭە	ۇزىڭ	43
ۇزىڭە	كەرەك	26
ۇزىڭە	مىقتى	28
ۇزىڭە	كۇپ	43
ۇزىڭە	كۇڭىل	48
تۋرا	عوي	40
تۋرا	ەكەن	36
تۋرا	كەلىپ	46
تۋرا	كەلدى	28
تۋرا	كەلەدى	45
تۋرا	كەلمەي	34
تۋرا	كەلسە	41
تۋرا	ايتاسىڭ	32
تۋرا	تۇسىن	15
تۋرا	تۇسىنىپ	16
تۋرا	ايتاسىز	39
تۋرا	ءتۇسىنىپ	42
كەلمەسە	مەن	19
كەلمەسە	بولدى	38
كەلمەسە	ۇزىڭ	15
كەلمەسە	امال	43
كەلمەسە	اشىق	43
كەلمەسە	قويسىن	47
كەلمەسە	جۋا	28
كەلمەسە	زور	43
كەلمەسە	زورلىق	48
جوقسىڭ	عوي	44
جوقسىڭ	قوي	5
بەرسەم	دەپ	46
بەرسەم	جاقسى	38
بەرسەم	بولدى	26
بەرسەم	بولادى	21
بەرسەم	بولاما	18
بەرسەم	بولاتىن	47
بەرسەم	بولار	39
بەرسەم	بولۋشى	43
بەرسەم	ۇيات	15
سۇيلەمە	دەپ	45
سۇيلەمە	بولدى	22
سۇيلەمە	ماعان	18
سۇيلەمەي	جاتىر	18
سۇيلەمەي	قوي	27
سۇيلەمەي	تۇر	39
سۇيلەمەي	اق	39
سۇيلەمەي	قويدى	31
سۇيلەمەي	قويدىم	20
سۇيلەمەي	كەتتىڭ	14
سۇيلەمەي	قالدىڭ	47
سۇيلەمەي	وتىرسىڭ	35
سۇيلەمەي	قويدىڭ	41
سۇيلەمەي	قويساڭ	12
سۇيلەمەي	قالساڭ	34
سۇيلەمەي	قوياسىڭ	48
سىزدى	جاقسى	40
سىزدى	بىر	24
سىزدى	قاتتى	39
سىزدى	قوسىپ	35
سىزدى	ويلاپ	47
سىزدى	ساعىنىپ	36
سىزدى	توسىپ	38
سىزدى	ىزدەپ	24
سىزدى	ساعىندىم	39
سىزدى	سۇيەمىن	39
سۇيكىم	كەلىپ	17
سۇيكىمدى	عوي	8
سۇيكىمدى	جان	48
سۇيكىمدى	جانىم	29
سۇيكىمدى	ەكەن	15
سۇيكىمدى	بولىپ	17
سۇيكىمدى	بوپ	17
سۇيكىمدى	بولعان	21
سۇيكىمدى	ەكەنسىڭ	45
سۇيكىمدى	قىز	42
سۇيكىمدى	ەدىڭ	48
سۇيكىمدى	سىڭ	36
سۇيكىمدى	سۇلۋ	47
سۇيكىمدى	ءتاتتى	42
سۇيكىمدى	تاتتىم	27
سۇيكىمدى	ەركەم	44
سۇيكىمدى	تومپاعىم	19
سۇيكىمدى	تۇرىڭنەن	50
سۇيكىمدى	كەنشەگىم	52
سۇيكىمدى	تاپتاتتى	30
جۇرسە	جاقسى	34
جۇرسە	بولدى	28
جۇرسە	ەكەن	14
جۇرسە	قايتىپ	37
جۇرسە	مەن	46
جۇرسەڭ	مەن	31
جۇرسەڭ	جاقسى	28
جۇرسەڭ	بولدى	34
جۇرسەڭ	مەندە	10
جۇرسەڭ	بولادى	46
جۇرسەڭ	امان	38
جۇرسەڭ	قايتىپ	20
جۇرسەڭ	بولمايما	33
جۇرسەڭ	جولىڭ	36
وتىرسىڭبا	جانىم	19
وتىرسىڭبا	جوق	18
وتىرسىڭبا	نە	50
ساعنىپ	جاتىرمىن	43
ساعنىپ	وتىرمىن	24
ساعنىپ	كەتتىم	27
ساعنىپ	جۇرمىن	8
ساعنىپ	تۇرمىن	17
ساعنىپ	كەتىم	17
كىمنىڭ	جانى	41
كىمنىڭ	كىم	56
كىمنىڭ	تۋىلعان	47
كىمنىڭ	ۇيى	51
كىمنىڭ	ۇيىنە	19
كىمنىڭ	بالاسى	39
كىمنىڭ	ۇيىندە	54
كىمنىڭ	نومىرى	9
كىمنىڭ	تويى	54
كىمنىڭ	ماشيناسى	25
كىمنىڭ	ماشيناسىمەن	48
كىمنىڭ	توي	44
كىمنىڭ	قىزى	28
مونشاعا	بارىپ	46
مونشاعا	تۇسىپ	48
مونشاعا	كىرىپ	4
مونشاعا	تۇسىرىپ	43
مونشاعا	تۇستىم	39
مونشاعا	تۇسە	39
مونشاعا	تۇسكەندە	43
مونشاعا	تۇسەم	47
مونشاعا	تۇسەيىن	35
مونشاعا	تۇسپ	18
مونشاعا	تۇسكەلى	45
پىسىرىپ	جاتىر	24
پىسىرىپ	جاتىرمىن	29
پىسىرىپ	قاربالاس	13
پىسىرىپ	الايىن	32
جون	عوي	32
جون	دەپ	19
جون	بولدى	39
جون	ەكەن	25
جون	بولعان	7
جوندەپ	جاتىر	37
جوندەپ	جاتىرمىن	17
جوندەپ	بەرەيىن	21
ساق	بول	39
ساقايىپ	كەت	12
ساقايىپ	كەتەدى	10
ساقايىپ	كەتسە	34
ساقايىپ	كەتەسىڭ	36
ساقايىپ	كەتسىن	30
ساقايىپ	كەتىڭىز	7
ساقايىپ	كەتۋىنە	39
ساقايىپ	كەتۋىن	19
ساقايىپ	كەتۋىڭە	42
مەرەكە	قۇتتى	46
مەرەكە	مەرەيلى	14
مەرەكە	تۇبى	9
مەرەكەلەرىڭ	قۇتتى	7
مەرەكەلەرىڭ	مەرەيلى	5
مەرەكەلەرىڭىز	قۇتتى	6
مەرەكەلەرىڭىز	مەرەيلى	5
وستىپ	بىر	34
وستىپ	ايتىپ	26
وستىپ	قالدىم	47
وستىپ	جۇرە	22
وستىپ	جۇرىپ	39
كۇلىك	جوق	50
كۇلىك	بار	12
كۇلىك	بولسا	19
كۇلىك	بارما	12
كۇلىك	قۇتتى	8
كۇلىك	تاۋىپ	45
كۇلىك	ىزدەپ	49
كۇلىك	بارمەكەن	41
كۇلىك	كۇپ	28
باراسىڭبا	جانىم	52
باراسىڭبا	دەپ	43
باراسىڭبا	جوق	26
باراسىڭبا	بارمايسىڭبا	36
جاقسسىڭ	جانىم	34
جاقسسىڭ	نەعىپ	14
جاقسسىڭ	دوسىم	34
جاقسسىڭ	دەنساۋلىعىڭ	46
امانسىزدار	امان	36
امانسىزدار	تۋستار	38
امانسىزدار	توي	40
امانسىزدار	مىنا	25
امانسىزدارما	قايىرلى	37
امانسىزدارما	امان	38
امانسىزدارما	وي	31
امانسىزدارما	دەنساۋلىقتارىڭىز	43
امانسىزدارما	توي	42
بولاسىڭ	عوي	37
بولاسىڭ	جانىم	14
بولاسىڭ	دەپ	23
دوحتىر	نە	28
دوحتىر	بار	43
دوحتىر	نەدەيدى	19
دوحتىر	حانادا	29
دوحتىر	حاناعا	19
دوحتىرعا	بار	20
دوحتىرعا	الىپ	34
دوحتىرعا	بارىپ	45
دوحتىرعا	بارام	15
دوحتىرعا	جاتىپ	43
دوحتىرعا	اپارىپ	21
دوحتىرعا	بارايىن	20
دوحتىرعا	باراتىن	26
دوحتىرعا	بارامىن	47
دوحتىرعا	باردىڭبا	36
دوحتىرعا	كورسەتىپ	39
دوحتىرعا	اپارايىن	44
دوحتىرعا	كورىنىپ	46
قالماسىن	جانىم	47
قالماسىن	دەپ	19
قالماسىن	دەگەنىم	12
بالانى	جاقسى	49
بالانى	الىپ	38
بالانى	قايتىپ	19
بالانى	اپارىپ	46
بالانى	تاستاپ	33
بالانى	ەرتىپ	48
بالانى	باعىپ	40
بالانى	مەن	23
بالانى	ويلاپ	43
المايتىن	بولدى	27
المايتىن	بولىپ	28
المايتىن	ادام	16
المايتىن	بوپ	41
المايتىن	شىعار	45
المايتىن	بولعان	31
المايتىن	بولدىم	46
المايتىن	بولدىڭ	10
المايتىن	بولدىق	33
المايتىن	شىعارسىڭ	17
المايتىن	سياقتىمىن	44
المايتىن	ۇقسايمىن	31
المايتىن	وقشايمىن	31
الاڭداپ	جاتىر	36
الاڭداپ	جاتىرمىن	46
الاڭداپ	وتىر	23
الاڭداپ	وتىرمىن	44
الاڭداپ	كەتتىم	17
الاڭداپ	قالدىم	45
الاڭداپ	جۇرمىن	17
الاڭداپ	تۇرمىن	34
الاڭداپ	قالادى	15
الاڭداپ	ۇيقتاي	42
الاڭداپ	كەتپە	49
الاڭداپ	تۇرسىڭبا	43
الاڭداپ	قالامىن	43
الاڭداپ	جاتقانىم	49
بارپ	الىپ	33
بارپ	كەل	41
بارپ	الپ	42
بارپ	كەلەيىن	44
بارپ	كەلەيىك	48
بارپ	الدڭبا	31
بارپ	الدىڭبا	33
سىر	بار	43
سىر	تارتىپ	16
سىرتقا	بارىپ	17
سىرتقا	كەتىپ	43
سىرتقا	شىعا	9
سىرتقا	شىعىپ	45
سىرتقا	قاراپ	37
سىرتقا	شىعارىپ	21
سىرتقا	شعىپ	43
سىرتقا	شىققاندا	48
سىرتقا	شىعايىن	32
سىرتقا	شىقساڭ	45
سىرتقا	شىقسام	40
سىرتقا	شىق	45
ايتەۇ	مەن	46
ايتەۇ	بىر	36
ايتەۇ	ماعان	48
ايتەۇ	قاربالاس	47
ايتەۇ	سەن	19
ايتەۇ	مەنى	44
ولاي	دەپ	37
ولاي	بولسا	40
ولاي	ەمەس	32
ولاي	بولمايدى	7
ولاي	دەمە	47
ولاي	ويلاما	20
ولاي	دەمەدىم	31
ولاي	بۇلاي	47
ولاي	دەمەشى	33
ولاي	دەيسىڭ	19
ولاي	ويلاساڭ	46
ولاي	ويلامادىم	29
ولاي	ويلاماشى	50
جاسى	ۇلكەن	38
جاسى	ۇزاق	48
جاسى	ۇزىن	2
جاسى	وزاق	28
سۇل	جانىم	40
سۇل	كۇنى	36
سۇل	كەزدە	37
سۇل	ۇشىن	23
سۇل	عۇي	36
سۇلۋ	عوي	19
سۇلۋ	بولسىن	24
سۇلۋ	ەكەن	49
سۇلۋ	بولىپ	20
سۇلۋ	ەمەس	20
سۇلۋ	ەكەنسىڭ	43
سۇلۋ	قىز	20
سۇلۋ	قىزدار	13
سۇلۋ	سۇلۋ	49
سۇلۋ	كەلىنشەك	49
سۇلۋ	جانىم	42
سۇلۋ	جىگىت	30
سۇلۋ	بويجەتكەن	36
كيىپ	ال	35
كيىپ	الىپ	18
كيىپ	جاتىرمىن	24
كيىپ	جۇر	45
كيىپ	الدىم	31
كيىپ	كورىپ	30
كيىپ	جۇرمىن	44
كيىپ	الايىن	36
كيىپ	جۇرگەن	34
كيىپ	العان	35
كيىپ	الساڭ	49
كيىپ	الىپتى	46
كيىپ	تۇرعان	39
كيىپ	الپتى	49
جاتسام	دەپ	29
جاتسام	بولدى	44
جاتسام	سەن	33
جاتسام	ۇيقتاپ	44
جاتسام	ۇيىقتاپ	15
جاتسام	شىركىن	35
جاتسام	تۇرسام	17
جاتسام	قانداي	43
اپتە	بولدى	44
اپتەن	قالدى	12
اپتەن	كەشتە	37
اپتەن	جامان	43
اپتەن	بىلەدى	47
اپتەن	بىلەم	43
اپتەن	بىلەسىڭ	37
اپتەن	بىلەمىن	45
اپتەن	شارشادىڭ	35
اپتەن	ويلانىپ	40
اپتەن	شارشادىم	48
اپتەن	مەزى	35
اپتەن	تويدىم	37
ەمەسپىن	عوي	23
ەمەسپىن	جانىم	13
ەمەسپىن	مەن	32
ەمەسپىن	دەپ	41
سالام	عوي	39
سالام	دەپ	14
سالام	دەيدى	19
سالام	ياحشىمۇسىز	37
ايتپاشى	جانىم	31
ايتپاشى	بولدى	48
ايتپاشى	سەن	28
ايتپاشى	ماعان	40
ايتپاشى	وسى	39
ايتپاشى	بولاما	47
ايتپاشى	مەن	15
قاراما	قارسى	10
قاراماي	كەتتى	14
قاراماي	كەتىپ	42
قاراماي	قويدى	48
قاراماي	كەتتىڭ	38
قاراماي	قويدىڭ	48
قاراماي	جۇر	21
قاراماي	كەتكەن	23
قاراماي	قويىپ	47
قاراماي	قويعان	19
جۇرەدى	عوي	42
جۇرەدى	دەپ	14
جۇرەدى	ەكەن	31
جۇرەدى	دەيدى	11
جۇرەدى	ەكەنسىڭ	48
جۇرەدى	ەكەم	17
تۇسىن	جانىم	47
تۇسىن	بولاما	15
تۇسىنىپ	قوي	19
تۇسىنىپ	وتىرمىن	38
تۇسىنىپ	تۇرمىن	36
تۇسىنىپ	قالعان	40
تۇسىنىپ	قالدىڭ	18
تۇسىنىپ	قالادى	50
تۇسىنىپ	تۇرسىڭ	26
تۇسىنىپ	قالما	45
تۇسىنىپ	قالاما	13
تۇسىنىپ	قالماسىن	40
تۇسىنىپ	جۇرمەسىن	15
تۇسىنىپ	جاتقانىڭا	48
تۇسىنىپ	قالماڭىز	38
تۇسىنىپ	جاتقان	45
تۇسىنىپ	تۇرعان	49
جۇرگەندە	مەن	42
جۇرگەندە	جاقسى	42
جۇرگەندە	بىر	43
جۇرگەندە	سەن	34
بارساڭ	مەن	49
بارساڭ	جاقسى	37
بارساڭ	بولدى	30
بارساڭ	بىر	15
بارساڭ	بار	50
بارساڭ	وندا	34
بارساڭ	ماعان	38
بارساڭ	بارىپ	40
بارساڭ	مەنى	47
بارساڭ	بولادى	39
بارساڭ	بىرگە	27
بارساڭ	قابارلاس	43
بارساڭ	بولمايما	45
بارساڭ	مەندە	44
ۇستىنە	مەن	13
ۇستىنە	بىر	36
ۇستىنە	بۇگىن	47
ۇستىنە	شىعىپ	49
ۇستىنە	قويىپ	41
ۇستىنە	سەن	40
ۇستىنە	ول	45
حۇڭباۋ	جوق	28
حۇڭباۋ	بار	17
حۇڭباۋ	بولسا	40
حۇڭباۋ	بارما	28
حۇڭباۋ	شاي	23
حۇڭباۋ	بەرىپ	38
حۇڭباۋ	ات	24
حۇڭباۋ	اتىپ	28
حۇڭباۋ	اتا	36
حۇڭباۋ	اتشى	36
حۇڭباۋ	شىعاما	17
حۇڭباۋ	اتايىن	38
حۇڭباۋ	شعاما	44
حۇڭباۋ	بەرشى	12
بولايىن	جانىم	16
بولايىن	دەپ	41
بولايىن	سەن	11
بولايىن	دەگەن	45
بولايىن	دەدى	34
بولايىن	دەدىم	13
بولايىن	دەگەندە	19
بولايىن	دەپتى	43
بولايىن	دەدىڭبە	34
قۇلىن	سول	35
قۇلىن	تۋىلعان	9
قۇلىن	تاي	28
قۇلىنىم	سول	30
قۇلىنىم	مەنىڭ	7
قۇلىنىم	تۋىلعان	41
قۇلىنىم	امان	17
قۇلىنىم	جۇرەگىم	46
بولامىن	عوي	47
بولامىن	جانىم	18
بولامىن	دەپ	27
بولامىن	اتىم	20
بولامىن	ەلىم	15
كەتتىك	عوي	45
كەتتىك	جانىم	22
كەتتىك	دەپ	36
كەتتىك	قوي	49
كەتتىك	وندا	39
باردى	عوي	26
باردى	دەپ	14
باردى	ەكەن	21
باردىڭ	عوي	18
باردىڭ	جانىم	19
باردىڭ	دەپ	19
باردىڭ	دار	30
باردىڭبا	جانىم	30
كۇندەرىڭىز	كوڭىلدى	24
كۇندەرىڭىز	كۇڭىلدى	2
بر	ادام	47
بر	ەكى	20
بر	كۇن	31
بر	كۇنى	26
بر	تۇرلى	34
جاتر	عوي	36
جاتر	دەپ	17
جاتر	ەكەن	31
جاتر	دەيدى	14
جاتر	ەدى	41
جاتر	ەدىڭ	44
مۇعالىم	مەن	48
مۇعالىم	ەكەن	46
مۇعالىم	بار	47
مۇعالىم	تەلەفون	48
مۇعالىم	امانسىزبا	48
مۇعالىم	بولىپ	46
شعادى	عوي	38
شعادى	دەپ	14
شعادى	ەكەن	25
شعادى	دەيدى	12
ايتات	دەپ	35
ايتاتىن	بولدى	46
ايتاتىن	بولىپ	46
ايتاتىن	ادام	42
ايتاتىن	جۇمىس	20
ايتاتىن	شىعار	33
ايتاتىن	ەدىم	16
ايتاتىن	ۋاقىت	32
ايتاتىن	اڭگىمە	47
ايتاتىن	شعار	32
ايتاتىن	سوز	40
ايتاتىن	بىر	37
ايتاتىن	سۇزىم	44
قايتەدى	جانىم	46
قايتەدى	دەپ	36
قايتەدى	ەكەن	21
قايتەدى	ەندى	15
قايتەدى	ۇزى	47
قايتەدى	ەي	27
قايتەدى	وسى	29
ناعاشى	اعا	19
ناعاشى	اپا	15
ناعاشى	اپام	45
ناعاشى	اعام	25
ناعاشى	اتام	45
ناعاشى	اپەكە	17
ناعاشى	اعاڭ	36
ناعاشى	اپاي	34
ناعاشى	اپەكەم	36
ناعاشى	اعاسى	49
ناعاشى	اپاسى	32
ناعاشى	اعامنىڭ	36
ناعاشى	اتاسى	23
ناعاشى	اپايىم	24
جەم	الىپ	32
جەم	بەرىپ	28
جەم	شوپ	17
ماۋباس	جانىم	50
ماۋباس	سول	36
ماۋباس	نەعىپ	13
ماۋباس	ۇيقتاپ	45
ماۋباس	ماۋباس	43
قايتىس	بولدى	47
قايتىس	بولىپ	13
قايتىس	بوپ	6
قايتىس	بولعان	23
قايتىس	بولىپتى	11
قايتىس	بوپتى	13
قايتىس	بولپتى	38
قايتىس	بولعاندا	38
تاماقتى	جاقسى	38
تاماقتى	ەندى	20
تاماقتى	كىم	21
تاماقتى	ىشىپ	47
تاماقتى	كوپ	25
تاماقتى	از	32
تاماقتى	قايتىپ	45
تاماقتى	قايدان	45
تاماقتى	جاي	30
تاماقتى	جەپ	34
تاماقتى	قايتەسىڭ	42
تاماقتى	ۋاعىندا	42
تاماقتى	تويىپ	31
كەشى	جوق	45
كەشىر	جانىم	12
كەشىر	مەن	13
كەشىر	دەپ	38
كەشىر	ەندى	34
كەشىر	مەنى	39
كەشىر	قاتە	44
كەشىر	ارتىق	49
كەشىر	كەشىر	44
كەشىر	بولاما	19
كەشىر	شى	47
كەلەر	دەپ	44
كەلەر	ەكەن	42
كەلەر	ەمەس	27
كەلەر	ەدىم	26
كەلەر	جولى	44
كەلەر	ايدا	41
كەلەر	جىلى	47
كەلەر	مەكەن	18
كەلەر	اپتا	11
كەلەر	سەنبى	16
كەلەر	ساندا	47
كەلەر	كەتەر	46
كەلەر	اپتادا	49
كەلەر	كەتەرى	50
كەلەر	ايدىڭ	13
كەلەر	دۇيسەنبى	39
كەلەر	جىلعا	26
كەلەر	اپتانىڭ	48
بۇيت	دەپ	46
بۇيتىپ	مەنى	47
بۇيتىپ	جۇرە	42
بۇيتىپ	جۇرسەڭ	34
بۇيتىپ	جۇرگەنشە	38
سۇراي	سال	36
سۇراي	بەر	19
سۇراي	الماي	20
سۇراي	بەرەدى	16
سۇراي	المادىم	26
سۇراي	بەرەسىڭ	20
سۇراي	بەرمەشى	30
سۇرايىن	دەپ	25
سۇرايىن	دەسەم	46
سۇرايىن	دەگەم	15
سۇرايىن	دەگەنىم	14
سۇرايىن	بولاما	10
سۇيلەي	عوي	41
سۇيلەي	سال	36
سۇيلەي	بەر	8
سۇيلەي	الماي	43
سۇيلەي	بەرەدى	12
سۇيلەي	المايمىن	42
سۇيلەي	بەرسەڭ	15
سۇيلەي	المادىم	30
سۇيلەي	سالشى	39
سۇيلەي	بەرىڭىز	45
سۇيلەي	وتىر	23
بەرىك	بولسىن	36
بەرىك	ەكەن	19
بەرىك	جاسى	4
جاپ	جاقسى	26
جاپ	جاڭا	5
جاپ	جاڭە	18
جاپ	جاس	30
جاپ	جاسىل	12
جاپا	تارتىپ	32
جاپا	شەكتىڭ	43
جاپا	شەگىپ	6
جاپا	شەكتىڭىز	24
جاپا	شەگەتىن	12
جاپا	شەكتىڭىزدەر	25
جاپا	شەكتىڭدەر	19
سەنىكى	عوي	43
سەنىكى	جاقسى	23
سەنىكى	ەكەن	40
سەنىكى	نەدەگەن	46
سەنىكى	قانداي	41
سەنىكى	دۇرىس	47
سەنىكى	قاتە	18
سەنىكى	جون	47
سەنىكى	جۇن	25
سەنىكى	ەمەس	35
سەنىكى	راس	40
سەنىكى	مەنىكى	39
دەپتى	عوي	45
دەپتى	ەكەن	13
دەپتى	سودان	27
دەپتى	دەيدى	33
ازامات	بول	39
ازامات	بولسىن	18
ازامات	بولىپ	3
ازامات	بوپ	25
ازامات	بولىڭدار	51
بي	بي	47
بيىل	بىر	48
بيىل	تاعى	42
بيىل	توي	32
بيىل	جاقسى	15
بيىل	قانشا	30
كورگەن	جوق	29
كورگەن	جاقسى	15
كورگەن	ادام	46
كورگەن	ەمەس	20
كورگەن	سوڭ	45
كورگەن	كىسىلەر	47
كورگەن	شىعارسىڭ	21
كورگەن	سايىن	34
كورگەن	جوقسىڭ	33
كورگەن	كەزدە	16
كورگەن	جوقپىن	33
كورگەن	سياقتىمىن	44
ىستەيتىن	بولدى	42
ىستەيتىن	بىر	38
ىستەيتىن	بولىپ	21
ىستەيتىن	ادام	38
ىستەيتىن	ەكى	14
ىستەيتىن	جۇمىس	32
ىستەيتىن	بولدىم	45
ىستەيتىن	جەر	16
ىستەيتىن	قىز	36
ىستەيتىن	كىسىلەر	30
ىستەيتىن	بولدىق	44
ىستەيتىن	جىگىتتەر	45
ىستەيتىن	ايەل	32
وبال	عوي	16
وبال	جوق	11
وبال	بولدى	20
وبال	ەكەن	10
وبال	بولىپ	15
وبال	بولادى	22
وبال	اي	27
وبال	بوپ	19
وبال	بولعان	43
وبال	ەمەسپە	46
وبال	بولىپتى	34
وبال	بوپتى	26
وبال	بولپتى	40
جۇرمىز	عوي	25
جۇرمىز	جانىم	11
جۇرمىز	دەپ	40
جۇرمىز	سول	43
سۇيتە	عوي	38
سۇيتە	سال	4
سۇيتە	قالادى	28
سۇيتەدى	عوي	24
سۇيتەدى	دەپ	8
سۇيتەدى	ەكەن	36
سۇيتەدى	دەيدى	13
سۇيتەدى	ەكەنسىڭ	41
ولدا	جوق	46
ولدا	جاقسى	19
ولدا	بىر	30
ولدا	سول	21
ولدا	بار	48
ولدا	بولسا	38
ولدا	بولادى	48
ولدا	دۇرىس	26
ولدا	جون	29
ولدا	مەنى	33
ەلدە	جوق	43
ەلدە	اقشا	18
ەلدە	نەمىز	21
ەلدەن	الىپ	46
ەلدەن	اقشا	23
ەلدەن	ۇيات	22
ەلدەن	سۇراپ	14
ەلدەن	العان	17
ەلدەن	بۇرىن	34
ەلدەن	الاتىن	40
ەلدەن	ەرەك	41
ەلدەن	ەستىپ	41
ەلدەن	قارىز	39
كەلپ	تۇر	18
كەلپ	تاماق	19
كەلپ	كەتتى	41
كەلپ	الدى	24
كەلپ	الدىم	38
كەلپ	الپ	30
كەلپ	الدڭبا	28
كەلپ	الدم	25
دانىم	سول	48
دانىم	مەنىڭ	12
دانىم	دانىم	47
دانىم	شول	11
دانىم	جۇرەگىم	16
جالعاستى	جولداپ	28
جالعاستى	الاتىن	36
جالعاستى	زاكاز	40
جالعاستى	جۇلدەلى	21
جالعاستى	بايگەلى	20
جالعاستى	بيىكتەردەن	39
جالعاستى	قۇلشىن	27
اپتا	بولدى	41
اپتا	بار	13
اپتا	بولىپ	38
اپتا	بۇرىن	47
اپتا	سايىن	46
ۇرسا	الماي	47
ۇرسام	نەگە	19
ۇرسام	بولاما	39
ۇرسام	الماي	11
ۇرسام	المايسىڭ	16
ۇرسام	المادى	13
ۇرسام	المايدى	19
ۇرسام	قولايلى	20
ۇرسام	المادىڭ	40
ۇرسام	قولايلىما	44
ۇرسام	گۋانجي	19
ۇرسام	المادىڭىز	40
ىسكە	كەلىپ	43
ىسكە	كەتىپ	47
ىسكە	شىعىپ	45
ىسكە	امال	11
ىسكە	شعىپ	37
ىسكە	شىعادى	38
ىسكە	شىقتىم	40
ىسكە	شىعاتىن	40
ىسكە	شىققاندا	45
ىسكە	شىعام	42
ىسكە	شىقتىڭبا	39
ىسكە	شىعامىن	32
ىسكە	شىعاسىڭ	22
ىسكە	شىعاسىڭبا	42
ەلۋ	يۋان	37
ەلۋ	سوم	10
ەلۋ	مىڭ	9
ەلۋ	تيىن	19
تۇسىرىپ	بولىپ	29
تۇسىرىپ	جاتىر	45
تۇسىرىپ	ال	24
تۇسىرىپ	الىپ	44
تۇسىرىپ	جاتىرمىن	36
تۇسىرىپ	الدىم	32
تۇسىرىپ	بەرەيىن	45
تۇسىرىپ	الايىن	47
تۇسىرىپ	تاستاپ	44
تابا	بەر	5
تابا	الماي	19
تابا	الدىڭبا	38
تابا	المايمىن	32
تابا	المايسىڭ	33
تابا	المادىم	32
تابا	المايدى	13
تابا	الماساڭ	40
تابا	المادىق	47
دەڭىز	مەن	46
دەڭىز	جاقسى	36
دەڭىز	سول	39
دەڭىز	وندا	44
دەڭىز	جارايدى	37
دەڭىز	اعا	16
ومىر	عوي	41
ومىر	اي	26
ومىر	دەگەن	24
ومىر	ەمەسپە	22
ومىر	جاسى	19
ومىر	بويى	14
ومىر	جاسىڭ	18
ومىر	سۇرىپ	34
ومىر	سۇرە	38
كۇلىپ	جاتىرمىن	43
كۇلىپ	وتىر	43
كۇلىپ	وتىرمىن	43
كۇلىپ	جۇر	33
كۇلىپ	تۇرىپ	29
كۇلىپ	كەتتىڭ	29
كۇلىپ	قويىپ	37
كۇلىپ	جۇرە	40
كۇلىپ	جۇرگەن	41
كۇلىپ	ويناپ	24
كۇلىپ	ولدىم	48
كۇلىپ	ۇلدىم	39
كۇلىپ	تۇرعان	37
ۇمىر	عوي	47
ۇمىر	اي	25
ۇمىر	دەگەن	27
ۇمىر	ەمەسپە	27
ۇمىر	جاسى	17
ۇمىر	بويى	14
ۇمىر	جاسىڭ	19
ۇمىر	سۇرىپ	24
ۇمىر	جاستارى	39
ۇيقتايىن	جانىم	38
ۇيقتايىن	دەپ	33
ۇيقتايىن	وندا	4
ۇيقتايىن	دەسەم	37
الباتى	ادام	43
الباتى	نارسە	35
الباتى	سويلەپ	28
الباتى	ادامعا	24
الباتى	سويلەمە	41
الباتى	ەلگە	25
قاجەتى	جوق	36
قاجەتى	نە	26
قاجەتى	بار	3
قاجەتى	بارما	22
قاجەتى	قالمادى	46
قاجەتى	شامالى	36
قاجەتى	قانشا	32
گۇل	الىپ	39
گۇل	بەرىپ	31
گۇل	گۇل	41
گۇل	بولىپ	32
گۇل	تەرىپ	39
جەتپەي	جاتىر	44
جەتپەي	تۇر	15
جەتپەي	قالدى	11
جەتپەي	جۇر	11
جەتپەي	قالعان	38
جەتپەي	قالادى	44
جەتپەي	قالاتىن	43
جەتپەي	قالاما	44
جەتپەي	جاتسا	44
جەتپەي	قالماسىن	24
جەتپەي	قالسا	31
ۇينە	كەلىپ	40
ۇينە	بارىپ	28
ۇينە	كەتتى	14
ۇينە	كەتىپ	38
ۇينە	كەلدىم	35
ۇينە	بارام	32
ۇينە	اپارىپ	34
ۇينە	كىرىپ	28
ۇينە	كەلدىك	40
ۇينە	كەلگەم	44
ۇينە	بارپ	45
كىشى	اعا	46
كىشى	ەكەنسىڭ	24
كىشى	اپام	33
كىشى	اعام	42
كىشى	اتام	33
كىشى	اكەم	43
كىشى	اكەسى	27
كىشى	اكەمنىڭ	39
كىشى	دارەت	31
كىشى	كىرىم	35
كىشى	ەكەن	24
كىشى	بار	43
كىشى	گىرىم	26
بىرەۋى	جوق	20
بىرەۋى	بار	26
بىرەۋى	قانشا	26
باعادا	الىپ	29
باعادا	يۋان	25
باعادا	تەك	18
باعادا	كىرەسى	41
باعادا	ساتىلادى	41
اپاڭ	مەن	39
اپاڭ	جاقسى	42
اپاڭ	بار	38
اپاڭ	كەلىپ	25
اپاڭ	قايدا	38
اپاڭ	بارما	37
اپاڭ	قانداي	29
ەلدەر	الىپ	18
ەلدەر	مەنى	46
ەلدەر	ايتىپ	45
ەلدەر	قۇساپ	47
ەلدەر	ايتادى	32
ەلدەر	كەلىپ	45
ەلدەر	نەدەگەن	45
ەلدەر	قايتىپ	46
ەلدەر	كورىپ	47
ەلدەر	قاتە	44
ەلدەر	سۇيتىپ	47
ايتبەسە	مەن	47
ايتبەسە	بىر	29
ايتبەسە	مەندە	42
ايتبەسە	باراتىن	45
قايىن	جان	46
قايىن	اعا	27
قايىن	اپام	19
قايىن	اعام	35
قايىن	اتام	27
قايىن	اعاڭ	46
قايىن	سىڭىلىم	37
قايىن	اپەكەم	14
قايىن	اعاسى	30
قايىن	اپاسى	48
قايىن	جۇرت	45
قايىن	سىڭىلىڭ	45
قايىن	جۇرتقا	43
قايىن	بيكە	39
قايىن	بيكەم	36
قايىن	اعامنىڭ	48
التاي	جاققا	9
التاي	قالاسى	39
التاي	كوكتوعاي	17
التاي	قابادان	41
التاي	ايماعى	36
التاي	جاقتا	19
التايعا	بىر	19
التايعا	كەلىپ	19
التايعا	بارىپ	35
التايعا	ەكى	18
التايعا	كەتىپ	32
التايعا	شىعىپ	27
التايعا	بارام	45
التايعا	باراتىن	45
التايعا	شىعاتىن	46
التايعا	بارعاندا	16
تاماعى	جاقسى	34
تاماعى	بار	15
تاماعى	اۋىرىپ	15
تاماعىڭ	اۋىرىپ	22
تاماعىڭ	اس	22
تاماعىڭ	دامدى	24
تاماعىڭ	قارلىقپاسىن	16
تاماعىڭدى	جاقسى	6
تاماعىڭدى	ىش	45
تاماعىڭدى	ىشىپ	22
تاماعىڭدى	ىستەپ	8
تاماعىڭدى	ءىشىپ	40
تاماعىڭدى	جاساپ	44
تاماعىڭدى	شىپ	30
تاماعىڭدى	ىشتىڭبە	46
تاماعىڭدى	ۋاعىندا	9
تاماعىڭدى	تويىپ	17
تاماعىڭدى	ىشتىڭبا	25
جاڭبىر	بار	49
جاڭبىر	قاتتى	53
جاڭبىر	قۇيىپ	44
جاڭبىر	جاۋىپ	18
جاڭبىر	جاۋدى	10
جاڭبىر	جاۇىپ	12
جاڭبىر	جاۋدىما	21
جاڭبىر	جاۋعان	31
جاڭبىر	جاۋادى	41
جاڭبىر	جاۋسا	32
جاڭبىر	جوق	15
جاڭبىر	دەپ	51
جاڭبىر	ەكەن	52
جاڭبىر	بولىپ	33
جاڭبىر	دەگەن	53
جاڭبىر	جاۋاتىن	28
جاڭبىر	جاۋعالى	49
قاپتى	عوي	34
قاپتى	دەپ	13
قاپتى	ەكەن	30
قاپتى	دەيدى	39
قاپتى	سونى	43
كشكەنە	عوي	35
كشكەنە	ەكەن	37
كشكەنە	بولىپ	27
كشكەنە	بالا	31
كشكەنە	ماشينا	42
كشكەنە	قىز	16
قوزى	جوق	41
قوزى	بار	42
قوزى	الىپ	19
قوزى	بولسا	32
قوزى	بارما	40
قوزى	كەرەك	40
قوزى	الاتىن	46
قوزى	ساتىپ	40
قوزى	ساتاتىن	47
قوزى	ساتىلادى	43
قوزى	سويىپ	29
قوزى	قىرقىپ	31
جاندار	سىزدەرگە	38
جاندارىم	سول	21
جاندارىم	مەنىڭ	9
جاندارىم	امان	34
جاندارىم	ايتقاندارىڭ	44
الاڭسىز	بول	46
الاڭسىز	بولدىم	5
الاڭسىز	بولشى	38
الاڭسىز	بولىڭىز	18
بەرەمىز	عوي	33
بەرەمىز	دەپ	16
بەرەمىز	دەيدى	16
بەرەمىز	دەگەن	18
كوش	بايسالدى	19
كوش	كولىكتى	3
كوشە	جاققا	17
كوشە	جاقتا	14
كوشە	ارالاپ	18
كوشەگە	كەلىپ	10
كوشەگە	بارىپ	41
كوشەگە	كەتىپ	16
كوشەگە	كەلدىم	44
كوشەگە	شىعىپ	42
كوشەگە	شعىپ	12
كوشەگە	شىق	44
كوشەگە	شىعايىن	41
كوشەگە	قاراي	35
جاقتان	بىر	29
جاقتان	ۇي	31
جاقتان	كەلگەن	47
جاقتان	شىقتى	40
جاقتان	كەلە	43
بۇرىنعى	كەز	30
بۇرىنعى	جەردە	39
ءوزىم	بىر	36
ءوزىم	الىپ	46
ءوزىم	بارىپ	39
ءوزىم	عانا	33
ءوزىم	جالعىز	35
ءوزىم	بىلەم	38
ءوزىم	قابارلاسايىن	28
وكىل	سالىپ	36
وكىل	قويىپ	32
وكىل	دارى	37
وكىل	اسىپ	42
وكىل	سالدىر	39
وكىل	سالدىرىپ	41
وكىل	استىرىپ	12
وكىل	قويدىرىپ	13
قالسام	جاقسى	46
قالسام	بولدى	34
قالسام	سەن	41
قالسام	بولادى	38
قالسام	ۇيات	45
قالسام	قيىن	30
قالسام	بولمايدى	46
قالسام	قايتەم	41
قالسام	قايتەسىڭ	19
قالسام	رەنجىمە	30
قالسام	دەپ	37
قالسام	تاعى	43
ساقتاپ	قوي	46
ساقتاپ	ال	14
ساقتاپ	الىپ	19
ساقتاپ	جۇر	37
ساقتاپ	الدىم	43
ساقتاپ	قويدىم	31
ساقتاپ	جۇرمىن	38
ساقتاپ	قويىپ	19
ساقتاپ	قويايىن	45
ساقتاپ	قويعان	28
ساقتاپ	قويعام	34
ساقتاپ	قويام	41
ساقتاپ	جۇرگەن	37
ايتقام	عوي	46
ايتقام	مەن	16
ايتقام	جوق	40
ايتقام	ساعان	10
قازا	قايىرلى	18
قازا	قايرلى	19
قازا	ارتى	2
قازاق	ەكەن	16
قازاق	بالا	47
قازاق	قىز	36
قازاق	ەلىنە	39
قازاق	ىستانعا	29
قازاق	ەلىندە	33
قازاق	ۇي	38
قازاق	ستانعا	43
ايتپاي	جاقسى	45
ايتپاي	تۇر	41
ايتپاي	وتىر	34
ايتپاي	اق	32
ايتپاي	كەتىپ	34
ايتپاي	قويدى	17
ايتپاي	قويدىڭ	32
ايتپاي	كىمگە	30
جاقسىڭبا	جانىم	35
جاقسىڭبا	نەعىپ	15
جاقسىڭبا	دوسىم	19
جاقسىڭبا	دەنساۋلىعىڭ	33
بەرىڭىز	مەن	48
بەرىڭىز	دەپ	31
بەرىڭىز	شى	29
اقشام	جوق	33
اقشام	بار	11
اقشام	بولسا	11
اقشام	جەتپەي	36
اقشام	جەتبەي	14
شوشىپ	وتىرمىن	38
شوشىپ	كەتتى	32
شوشىپ	كەتتىم	30
شوشىپ	قالدىم	12
شوشىپ	تۇرمىن	13
شوشىپ	كەتتىڭ	20
شوشىپ	قالدىڭبا	27
شوشىپ	كەتكەن	35
شوشىپ	كەتىم	44
شوشىپ	كەتتىڭبە	45
شوشىپ	ويانىپ	44
شوشىپ	وياندىم	38
شوشىپ	قالسام	46
ۇزىن	بولسىن	30
ۇزىن	ەكەن	20
ۇزىن	بولىپ	25
ۇزىن	بولسا	40
ۇزىن	ۇزى	43
ۇزىن	ۋاقىت	28
ۇزىن	اعاش	46
ۇزىن	اعاشقا	48
ۇزىن	كويلەك	34
ۇزىن	اعاشتا	37
ۇزىن	بويلى	47
قالماي	الىپ	47
قالماي	كەل	47
قالماي	كەلىپ	21
قالماي	بارىپ	32
قالماي	قالدى	43
قالماي	قالادى	45
قالماي	قالىپتى	37
قالماي	بارادى	34
قالماي	كەلىڭدەر	45
قالماي	قالماسىن	24
قالماي	كەلىڭىزدەر	39
قالماي	بارامىز	15
جەجەم	مەن	44
جەجەم	بار	43
جەجەم	كەلىپ	22
جەجەم	ەكەمىز	46
جەجەم	ۇيىنە	29
شىعام	عوي	15
شىعام	جانىم	16
شىعام	دەپ	34
شىعام	دەيدى	17
شىعام	دەگەن	29
قولى	بولىپ	36
قولى	بوس	26
قولى	تيمەي	13
قولىم	ەندى	44
قولىم	اۋىرىپ	39
قولىم	بوس	23
قولىم	بارماي	19
قولىم	تيىپ	40
قولىم	تيمەي	20
قولىم	تيسە	32
قولىم	قاقساپ	16
قولىم	بوساعاندا	13
قولىم	بوساپ	35
قولىم	تيگەندە	39
قولىم	تيمەيدى	39
قولىم	بوسادى	25
قولىم	تىيمەي	36
قولىم	بوساماي	29
بىلدى	عوي	45
بىلدىم	عوي	11
بىلدىم	جانىم	27
بىلدىم	بولدى	13
بىلدىم	راحىمەت	39
تاۇىپ	ال	13
تاۇىپ	الىپ	27
تاۇىپ	بەر	31
تاۇىپ	بەرىپ	18
تاۇىپ	الدىم	38
تاۇىپ	بەرە	19
تاۇىپ	بەرەيىن	37
تاۇىپ	الدىڭبا	46
تاۇىپ	العان	44
تاۇىپ	بەرەم	16
تاۇىپ	بەرشى	34
تاۇىپ	بەرسەڭ	31
تاۇىپ	الايىن	26
وتىرا	عوي	49
وتىرا	تۇر	42
وتىرا	بەر	19
وتىرا	الماي	24
وتىرا	بەرەم	14
وتىرا	بەرەدى	41
وتىرا	بەرسىن	32
وتىرا	المايمىن	29
وتىرا	بەرسەڭ	25
وتىرا	المايدى	33
وتىرا	بەرىڭدەر	35
وتىرا	سال	34
وتىرايىق	دەپ	28
وتىرايىق	وندا	17
وتىرايىق	قاي	49
وتىرايىق	دەيدى	35
وتىرايىق	بولاما	31
وتىرايىق	اتىڭىز	49
وتىرايىق	اتىم	15
وتىرايىق	قايجەردەن	42
شىقسا	مەن	29
شىقسا	جاقسى	43
شىقسا	بولدى	24
شىقسا	ەكەن	18
ىشەيىك	دەپ	18
ىشەيىك	وندا	9
ىشەيىك	دەيدى	38
ىشەيىك	بولاما	26
ىشەيىك	دەسەم	22
مەكتەپكە	كەلىپ	32
مەكتەپكە	بارىپ	38
مەكتەپكە	كەتتى	19
مەكتەپكە	كەتىپ	38
مەكتەپكە	اپارىپ	35
مەكتەپكە	باراتىن	18
مەكتەپكە	بارعاندا	23
مەكتەپكە	بارادى	48
مەكتەپكە	جاقىن	44
مەكتەپكە	كىرىپ	41
مەكتەپكە	كىرگىزىپ	35
شەشەسى	جوق	46
شەشەسى	بار	33
شەشەسى	ەكەۋى	23
شەشەسى	قايتىس	41
شەشەسى	قايتس	19
شەشەسى	عوي	40
شەشەسى	مەن	45
ۇكى	تاعىپ	38
ۇكىل	سالىپ	14
ۇكىل	قويىپ	37
ۇكىل	دارى	40
ۇكىل	اسىپ	43
ۇكىل	سالدىرىپ	32
ۇكىل	استىرىپ	15
ۇكىل	قويدىرىپ	10
بۇلدى	جانىم	41
بۇلدى	مەن	24
بۇلدى	ەندى	41
بۇلدى	عۇي	30
بۇلدى	ۇندا	16
بىرەۋگە	بارىپ	22
بىرەۋگە	ايتىپ	42
بىرەۋگە	بەرىپ	31
بىرەۋگە	بەرە	31
بىرەۋگە	سويلەپ	40
بىرەۋگە	كەزىگىپ	38
بىرەۋگە	قىزداي	43
اسا	الماي	47
اسا	المايدى	12
اسابا	جان	23
اسابا	جانىم	14
اسابا	سالەم	43
اسابا	دوسىم	37
اسابا	قىز	37
جازدا	بىر	20
ىستەت	جانىم	37
ىستەتىپ	جاتىر	14
ىستەتىپ	الىپ	30
ىستەتىپ	تۇر	35
ىستەتىپ	جاتىرمىن	25
ىستەتىپ	جۇر	22
ىستەتىپ	جۇرمىن	41
ىستەتىپ	جاتقان	30
ىستەتىپ	جۇرگەن	41
ىستەتىپ	تۇرايىن	28
ىستەتىپ	كورىڭىز	35
ىستەتىپ	كوردىڭىزبە	41
جالپى	قانشا	25
جالپى	يۋان	30
جالپى	دوستار	42
جالپى	ساباقتاستار	39
جالپى	تۋستار	20
جالپى	تۋىستار	28
جالپى	سانى	39
جالپى	بەتتىك	38
جالپى	سوم	34
جالپى	تويشىل	37
قايتتى	عوي	12
قايتتى	جانىم	27
قايتتى	دەپ	22
قايتتى	ەكەن	32
قايتتىم	عوي	17
قايتتىم	جانىم	25
قايتتىم	دەپ	18
قايتتىم	ۇيگە	46
قايتتىم	دەشى	17
قايتتىم	وندا	31
تۇرايىن	جانىم	12
تۇرايىن	دەپ	27
تۇرايىن	وندا	12
تۇرايىن	بولاما	34
تۇرايىن	دەسەم	35
تۇرايىن	دەگەم	25
بەتى	جوق	37
بەتى	قالىڭ	42
بەتى	قول	34
بەتى	قولىمدى	23
بەتى	قولىڭدى	12
بەتى	بار	24
تۇسكە	تاماق	44
تۇسكە	دەيىن	38
تۇسكە	تاياپ	5
تۇسكە	تامان	16
تۇسكە	تاياۋ	35
تۇسكە	شەيىن	20
تۇسكەن	جوق	34
تۇسكەن	ەكەن	20
تۇسكەن	كۇنى	37
تۇسكەن	سوڭ	36
تۇسكەن	كەزدە	10
تۇسكەن	راسىم	30
تۇسكەن	راسىمىڭدى	20
بولۋ	دەگەن	42
بولۋ	كەرەك	45
بولۋ	قيىن	5
بولۋ	ۇشىن	40
بولۋ	مۇمكىن	19
بولۋ	شەدى	20
بىلەمىن	عوي	41
بىلەمىن	جانىم	12
بىلەمىن	مەن	14
بىلەمىن	سەن	43
بىلەمىن	بىراق	43
دالادا	وتىرمىن	46
دالادا	جۇر	20
دالادا	قالدىم	28
دالادا	جۇرمىن	36
دالادا	قالعان	45
دالادا	جاتقان	36
دالادا	جۇرگەن	31
دالادا	جۇرىپ	43
دالادا	قالادى	48
دالادا	قالىپ	42
دالادا	قالاسىڭ	47
دالادا	تۇرمىن	30
دالادا	قالاتىن	36
جاقسما	جانىم	38
جاقسما	نەعىپ	18
جاقسما	دوسىم	19
تىم	جاقسى	38
تىم	بولماسا	28
تىم	بولماعاندا	12
تىم	تىرىس	17
تىم	تىرس	8
تىماۋ	جاقسى	20
تىماۋ	ەكەن	37
تىماۋ	بار	41
تىماۋ	قانداي	20
تىماۋ	قاتتى	33
تىماۋ	دارى	35
تىماۋ	تيىپ	37
تىماۋ	تىيىپ	8
قاتىپ	جاتىر	29
قاتىپ	تۇر	32
قاتىپ	وتىر	16
قاتىپ	وتىرمىن	27
قاتىپ	كەتتى	19
قاتىپ	قالدى	40
قاتىپ	جۇر	13
قاتىپ	قالدىم	24
قاتىپ	قالعان	20
قاتىپ	قالدىڭ	31
قاتىپ	قالادى	30
قاتىپ	قالىپتى	34
قاتىپ	قالىپپىن	45
شارشادى	عوي	45
شارشادىڭ	عوي	8
شارشادىڭ	جانىم	4
شارشادىڭ	قوي	26
شارشادىڭ	اۋ	43
شارشادىڭ	ەرتەرەك	17
تۋستار	امان	18
تۋستار	امانسىزدار	21
تۋستار	امانسىزدارما	39
تۋستار	باس	26
بىلمەيىم	عوي	45
بىلمەيىم	جانىم	34
بىلمەيىم	مەن	34
بىلمەيىم	ايتەۋ	43
ۇزىڭدە	جوق	35
ۇزىڭدە	جاقسى	38
ۇزىڭدە	امان	9
ۇزىڭدە	ەرتەرەك	35
ۇزىڭدە	بىلەسىڭ	24
قولىڭ	قانداي	17
قولىڭ	بوس	29
قولىڭ	تيمەي	13
قولىڭ	تيسە	10
قولىڭ	بوساعاندا	32
قولىڭ	تيگەندە	20
قولىڭ	قۋاتتى	23
قولىڭ	بوسپا	44
قولىڭ	تيەمە	42
قولىڭ	بوسايدى	33
قولىڭ	بوساسا	34
قولىڭ	بوسادىما	42
قولىڭ	بوساماي	25
جاتاق	جوق	34
جاتاق	بار	34
جاتاق	الىپ	33
جاتاق	تاماق	40
جاتاق	اشىپ	46
جاتاق	تاماعىن	17
جاتاق	اشتىرىپ	38
جاتاق	بارما	16
نەمەنەگە	باراسىڭ	45
نەمەنەگە	كۇلەسىڭ	39
نەمەنەگە	قورقاسىڭ	39
نەمەنەگە	رەنجيمىن	36
جۇمىستا	عوي	39
جۇمىستا	جانىم	44
جۇمىستا	سول	49
جۇمىستا	وتىرمىن	27
جۇمىستا	قاربالاس	17
جۇمىستا	مىن	34
جۇمىستا	جۇرمىن	48
جۇمىستا	ىستەپ	38
جۇمىستا	ەدىم	47
جۇمىستا	بولاتىنمىن	18
سۇيلەسىپ	جاتىر	43
سۇيلەسىپ	جاتىرسىڭ	30
سۇيلەسىپ	ال	15
سۇيلەسىپ	جاتىرمىن	23
سۇيلەسىپ	وتىرمىن	18
سۇيلەسىپ	قويدىم	44
سۇيلەسىپ	الايىن	41
سۇيلەسىپ	كۇر	38
سۇيلەسىپ	جۇرگەن	45
سۇيلەسىپ	كۇرەيىن	32
سۇيلەسىپ	جۇر	36
سۇيلەسىپ	جاتقان	45
كۇرەم	عوي	38
كۇرەم	جانىم	12
كۇرەم	دەپ	18
كۇرەم	سەنى	17
كۇرەم	دەيدى	31
بالاڭ	جاقسى	37
بالاڭ	بار	42
بالاڭ	قايدا	13
بالاڭ	بارما	36
بالاڭ	قانداي	31
بالاڭ	ۇشىن	26
بالاڭ	ەكەۋىڭ	26
سونشا	جاقسى	44
سونشا	نە	18
سونشا	نەگە	39
سونشا	ۋاقىت	40
سونشا	جىل	28
سونشا	جەردەن	38
شالىم	دەپ	40
شالىم	جوق	36
شالىم	سول	40
شالىم	بار	20
شالىم	كەلىپ	18
شالىم	مەنىڭ	41
شالىم	شالىم	48
شالىم	اۋ	14
شالىم	وتاعاسىم	45
دۇكەن	اشىپ	19
دۇكەن	اشىق	11
دۇكەن	اشقان	31
دۇكەن	اشاتىن	38
دۇكەن	اشادى	38
دۇكەن	اشام	22
دۇكەن	اشامىن	36
دۇكەندە	سول	34
دۇكەندە	بار	40
دۇكەندە	ادام	43
دۇكەندە	وتىرمىن	20
دۇكەندە	قاربالاس	16
دۇكەندە	بارسىڭبا	43
دۇكەندە	ناق	20
دۇكەندە	بارسىزبا	32
اقشاڭ	جوق	34
اقشاڭ	بار	16
اقشاڭ	بولسا	17
اقشاڭ	قايدا	15
اقشاڭ	بارما	23
اقشاڭ	كوپ	12
اقشاڭ	جەتەمە	24
اقشاڭدى	مەن	41
اقشاڭدى	الىپ	40
اقشاڭدى	بەرىپ	18
اقشاڭدى	ات	33
اقشاڭدى	اتىپ	32
اقشاڭدى	بەرە	16
اقشاڭدى	بەرەيىن	30
اقشاڭدى	تاۋىپ	35
اقشاڭدى	الدىڭبا	36
اقشاڭدى	بەرەم	35
اقشاڭدى	قايتارىپ	42
اقشاڭدى	اتا	39
جاتاققا	ەندى	45
جاتاققا	كەلىپ	44
جاتاققا	بارىپ	15
جاتاققا	كەلدىم	46
جاتاققا	جاتىپ	28
جاتاققا	كەپ	22
جاتاققا	كىرىپ	45
جاتاققا	بارعاندا	44
جاتاققا	كەل	37
جاتاققا	قايتىپ	16
جاتاققا	جاتاتىن	37
كۇي	جوق	41
كۇي	جاقسى	7
كۇي	بار	14
كۇي	قالاي	34
كۇي	قانداي	23
كۇي	دۇرىس	32
كۇي	كەشىپ	45
ءايتەۋ	مەن	38
ءايتەۋ	بىر	34
ءايتەۋ	ماعان	20
بەرىڭىزدەرشى	راحىمەت	32
بەرىڭىزدەرشى	بىلەتىندەرىڭىز	9
بازار	باعاسى	31
بازار	جاققا	29
بازار	ارالاپ	23
بازارعا	بىر	20
بازارعا	كەلىپ	31
بازارعا	بارىپ	40
بازارعا	كەتىپ	15
بازارعا	بارام	35
بازارعا	مال	19
بازارعا	اپارىپ	40
بازارعا	بارايىن	37
بازارعا	باراتىن	40
مەنىڭدە	جانىم	20
مەنىڭدە	بىر	40
مەنىڭدە	ساعان	34
مەنىڭدە	جۇرەگىم	44
مەنىڭدە	باسىم	26
مەنىڭدە	ۇيقىم	18
مەنىڭدە	بارعىم	20
مەنىڭدە	امالىم	36
ولىپ	جاتىر	19
ولىپ	قالا	34
ولىپ	قالدى	18
ولىپ	بارا	30
ولىپ	قالعان	35
ولىپ	كەتە	27
ولىپ	قالادى	34
ولىپ	قالسا	45
ولىپ	قالاتىن	40
ولىپ	قالسام	30
ولىپ	كەتسەم	22
ولىپ	تالىپ	37
ولىپ	العىم	44
ولىپ	وشىپ	41
قوسا	سال	43
قوسا	بەر	34
قوسا	الماي	18
قوسا	المايمىن	37
قوسا	سالشى	41
قوسا	سالىڭىز	25
قوسا	قارتاي	44
قوسا	قارتايىڭدار	23
قوسا	وتىرىڭىزدار	8
قوسا	اعارىڭدار	35
ەدىك	عوي	42
ەدىك	دەپ	20
ەدىك	قوي	45
ەدىك	ەندى	38
لاۋبان	جوق	13
لاۋبان	بولىپ	39
لاۋبان	ادام	41
لاۋبان	دوسىم	33
تۇنى	مەن	45
تۇنىمەن	ىشىپ	20
تۇنىمەن	اۋىرىپ	39
تۇنىمەن	ۇيقى	30
تۇنىمەن	ۇيقتاي	40
تۇنىمەن	قىزىپ	32
تۇنىمەن	ۇيىقتاي	46
تۇنىمەن	ۇيقتاماي	44
تۇنىمەن	ۇيقتامادىم	18
اقىماق	بولىپ	28
اقىماق	كورىپ	34
اقىماق	قىلىپ	43
اقىماق	قىلاسىڭ	39
اقىماق	قىلعان	26
اقىماق	قىلاتىن	29
اقىماق	قىلما	31
اقىماق	قىلماي	33
اقىماق	قىلدىڭ	25
اقىماق	قىلمادىم	30
اقىماق	قىلماشى	43
اقىماق	ەمەسپىن	11
سوڭعى	بولسىن	17
سوڭعى	بىر	26
سوڭعى	ەكى	44
سوڭعى	كۇن	32
سوڭعى	كۇنى	30
سوڭعى	شاي	20
سوڭعى	رەت	30
الىپتى	عوي	17
الىپتى	دەپ	10
الىپتى	ەكەن	27
الىپتى	دەيدى	40
جاقسىزبا	نەعىپ	41
جاقسىزبا	اعا	31
جاقسىزبا	جەجە	27
جاقسىزبا	جەڭگە	23
جاقسىزبا	مەن	43
جاعى	جاقسى	29
جاعى	بار	46
جاعى	تاعى	23
جاعى	ارتىنان	47
جاعى	تىلىك	45
ۇلىپ	جاتىر	44
ۇلىپ	قالا	36
ۇلىپ	قالدى	18
ۇلىپ	بارا	31
ۇلىپ	قالعان	39
ۇلىپ	كەتە	26
ۇلىپ	قالسا	37
ۇلىپ	قالاتىن	41
ۇلىپ	قالسام	29
ۇلىپ	ۇشىپ	45
ۇلىپ	العىم	34
ۇلىپ	كەتسەم	19
ەرىپ	بار	30
ەرىپ	بارىپ	40
ەرىپ	كەتتى	23
ەرىپ	كەتىپ	39
ەرىپ	جۇر	41
ەرىپ	جۇرگەن	46
ەرىپ	الدى	33
ەرىپ	كەتكەن	47
ەرىپ	باراتىن	46
ەرىپ	جۇرە	40
ەرىپ	كەلگەن	47
كورەيىك	جانىم	15
كورەيىك	دەپ	34
كورەيىك	وندا	19
كورەيىك	دەيدى	31
كورەيىك	بولاما	35
قويىڭىز	مەن	37
قويىڭىز	راحىمەت	37
قويىڭىز	شى	40
قويىڭىز	دار	20
شىقتىڭ	عوي	14
شىقتىڭبا	جانىم	10
جۇمىستان	ەندى	40
جۇمىستان	كەلىپ	21
جۇمىستان	ازىر	47
جۇمىستان	جاڭا	34
جۇمىستان	تۇسىپ	34
جۇمىستان	جاڭە	32
جۇمىستان	جاي	13
جۇمىستان	تۇسكەن	45
جۇمىستان	تۇستىم	27
جۇمىستان	تۇسكەندە	35
جۇمىستان	تۇستىڭبە	29
جۇمىستان	قاشان	26
جۇمىستان	شارشاپ	24
جۇرسىڭبە	جانىم	39
جۇرسىڭبە	جوق	19
جۇرسىڭبە	نە	42
كۇرشى	جانىم	42
يت	ەكەن	44
يت	بولىپ	24
يت	بوپ	17
يت	ەكەنسىڭ	32
يت	قىلىپ	44
يت	قۇساپ	34
يت	نەمە	25
يت	بولايىن	32
يت	بوق	37
يت	قۇرلى	25
يت	جەسىن	42
يت	بىلەمە	39
يت	بولدىم	28
كەڭ	عوي	39
كەڭ	بول	40
كەڭ	ەكەن	34
كەڭ	بولىپ	28
كەڭ	بولسا	32
كەڭ	جەر	35
كەڭ	بولساڭ	40
كەڭ	ۇستا	23
كەڭ	ۋاقىتتا	29
كەڭ	پەيىل	42
كەڭ	كولەمدە	39
كەڭ	زامان	43
كۇردى	عوي	33
كۇردىم	عوي	11
كۇردىم	جانىم	15
كۇردىم	دەپ	19
كۇردىم	سەنى	32
كەتسەڭ	مەن	44
كەتسەڭ	جاقسى	22
كەتسەڭ	بولدى	26
كەتسەڭ	بولادى	12
كەتسەڭ	بولمايدى	27
كەتسەڭ	قايتەم	44
كەتسەڭ	بولمايما	35
كەتسەڭ	كەتە	40
اقشامدى	الىپ	40
اقشامدى	بەر	21
اقشامدى	بەرىپ	20
اقشامدى	اتىپ	41
اقشامدى	بەرە	18
اقشامدى	تاۋىپ	20
اقشامدى	قايتار	34
اقشامدى	قايتارىپ	25
اقشامدى	اتا	17
اقشامدى	بەرمەي	18
سىياقتى	عوي	33
سىياقتى	ەكەن	16
سىياقتى	بولىپ	44
سىياقتى	ەدى	27
سىياقتى	ەدىم	28
سىياقتى	ەدىڭ	43
تىنش	بولسىن	40
تىنش	بولدى	33
تىنش	ەكەن	44
تىنش	جات	35
تىنش	قوي	29
تىنش	بولسا	39
تىنش	وتىر	42
تىنش	جۇر	16
جاترمىن	عوي	41
جاترمىن	جانىم	18
جاترمىن	سول	20
جاترمىن	ۇيدە	39
پايدا	جوق	37
پايدا	بولدى	13
پايدا	بار	16
پايدا	بولىپ	37
پايدا	بولا	25
پايدا	بولادى	42
پايدا	بولعان	17
پايدا	قىلادى	19
پايدا	بولعالى	36
سەنشى	جانىم	22
سەنشى	نەعىپ	15
سەنشى	ماعان	21
ايتقانىم	عوي	15
ايتقانىم	قوي	4
ايتقانىم	ايتقان	24
ايتقانىم	قاتە	31
ايتقانىم	بويىنشا	35
كۇنگى	العان	43
كۇنگى	قۇساپ	44
كۇنگى	اقشانى	32
ۇمتىپ	قالعان	42
ۇمتىپ	قالدىڭبا	43
ۇمتىپ	كەتكەن	41
ۇمتىپ	قالما	32
ۇمتىپ	كەتەسىڭ	29
ۇمتىپ	كەتپە	41
ۇمتىپ	قالپپىن	32
ۇمتىپ	كەتپپىن	13
ۇمتىپ	كەتپىن	11
ۇمتىپ	كەت	37
ۇمتىپ	كەتتىڭ	34
نەگىزى	جاقسى	19
نەگىزى	سول	31
نەگىزى	دۇرىس	41
الشى	جانىم	28
الشى	دەپ	44
الشى	بولدى	45
الشى	بولاما	37
الشى	مەن	13
ۇيدەگى	ادام	37
ۇيدەگى	ۇلكەن	19
ۇيدەگى	كىسى	35
ۇيدەگى	كىسىلەر	12
ۇيدەگى	كسى	17
الىڭىز	دەپ	30
الىڭىز	وندا	43
الىڭىز	دار	37
قابارسىز	بولىپ	39
قابارسىز	كەتتى	15
قابارسىز	كەتتىڭ	36
قابارسىز	قالدىڭ	36
قابارسىز	كەتتىك	46
قابارسىز	كەتىڭ	41
قابارسىز	كەتتىڭىز	45
قابارسىز	كەتتىڭعوي	37
قابارسىز	كەتكەن	5
قابارسىز	كەتتڭ	19
ءسوز	عوي	28
ءسوز	جوق	21
ءسوز	ەكەن	23
ءسوز	بار	31
ءسوز	ايتىپ	17
كىمدى	جاقسى	31
كىمدى	ايتىپ	29
كىمدى	كىم	30
كىمدى	ويلاپ	24
كىمدى	ساعىنىپ	32
كىمدى	توسىپ	36
كىمدى	ىزدەپ	40
كىمدى	ەرتىپ	38
كىمدى	اقىماق	44
كىمدى	ايتاسىڭ	37
ەشكىمگە	ەشتەڭە	25
ەشكىمگە	ايتپا	41
ەشكىمگە	ايتپاي	15
ەشكىمگە	ايتبا	37
ەشكىمگە	ايتپايمىن	42
ەشكىمگە	بەرمەيمىن	39
ەشكىمگە	بىلدىرمەي	22
ەشكىمگە	سويلەمەدىم	43
ۇيىڭ	بار	31
ۇيىڭ	قاي	18
ۇيىڭ	قايدا	18
ۇيىڭ	قۇتتى	20
ۇيىڭ	جوق	32
ۇيىڭە	كەلىپ	15
ۇيىڭە	بارىپ	21
ۇيىڭە	قايتىپ	11
ۇيىڭە	بارام	37
ۇيىڭە	اپارىپ	35
ۇيىڭە	بارايىن	34
ۇيىڭە	بارامىن	29
ۇيىڭە	كىرىپ	37
ۇيىڭە	بارعاندا	42
ۇيىڭە	جەتىپ	40
ۇيىڭە	بارسام	34
ويلاشى	جانىم	33
ويلاشى	مەن	16
ويلاشى	سەن	25
ويلاشى	مەنىڭ	37
ويلاشى	سەنى	43
بارعوي	جانىم	43
بارعوي	دەپ	20
بارعوي	دەيمىن	45
بارعوي	سول	42
جاتقام	عوي	20
جاتقام	جانىم	38
جاتقام	جوق	43
جاتقام	سول	10
قاسىمدا	بىر	45
قاسىمدا	سەن	22
قاسىمدا	ادام	37
قاسىمدا	وتىر	18
قاسىمدا	بولساڭ	39
قاسىمدا	جوق	45
قاسىمدا	كىسى	15
قاسىمدا	ادامدار	43
قاسىمدا	جۇرسەڭ	47
تومەن	ەكەن	42
تومەن	بولىپ	20
تومەن	بولسا	26
تومەن	تۇسىپ	44
تومەن	جاققا	28
تومەن	قاراي	33
تومەن	جاقتا	35
تومەن	بولعاندا	22
تومەن	باعادا	30
تومەن	جاقتان	42
تومەن	تۇسەتىن	40
تومەن	بارىپ	33
شاقىرعان	جوق	38
شاقىرعان	ەكەن	16
شاقىرعان	سول	34
شاقىرعان	سوڭ	20
شاقىرعان	سوعان	32
شاقىرعان	جەر	21
شاقىرعان	جەردە	22
شاقىرعان	جەرگە	19
شاقىرعان	جەردەن	14
باعانادان	نە	30
باعانادان	قايدا	40
باعانادان	تەلەفون	38
باعانادان	قاربالاس	37
باعانادان	بەرى	14
بارىنە	مەن	41
بارىنە	ماقۇل	35
بارىنە	ايتىپ	20
بارىنە	شىداپ	35
بارىنە	شىدايمىن	35
ساڭزى	سالىپ	36
ساڭزى	الاتىن	10
ساڭزى	ساپ	42
ساڭزى	سالايىن	34
ساڭزى	پىسىرىپ	33
ساڭزى	سالاتىن	19
ساڭزى	پسىرىپ	44
ساڭزى	سالعالى	36
سالاتىن	بولدى	35
سالاتىن	ادام	24
سالاتىن	شىعار	29
سالاتىن	ەدىم	40
سالاتىن	نارسە	19
ىيا	جانىم	40
ىيا	جاقسى	14
ىيا	سول	26
ىيا	ماقۇل	20
ىيا	بولادى	24
جۇن	عوي	39
جۇن	بولدى	24
جۇن	ەكەن	26
جۇن	بولعان	10
جۇن	جۇن	29
جۇندەپ	جاتىر	33
جۇندەپ	جاتىرمىن	14
كەشەدەن	بەرى	44
كەشەدەن	باستاپ	2
ەگەر	مەن	34
ەگەر	سەن	45
ەگەر	مەنى	23
ەگەر	ول	43
ەگەر	بىر	19
ەگەر	مەنىڭ	35
ەگەر	قازىرگى	43
جىبەر	جانىم	30
جىبەر	دەپ	36
جىبەر	وندا	19
جىبەر	دەيدى	42
جىبەر	بولاما	34
قاربالاسپا	جانىم	44
قاربالاسپا	دەپ	40
قاربالاسپا	قالاي	30
قاربالاسپا	قابارسىز	36
قاربالاسپا	جوق	18
قۇيشى	جانىم	31
قۇيشى	دەپ	14
قۇيشى	بولدى	42
قۇيشى	سەن	14
قۇيشى	ەي	36
تۋىپ	بىر	22
كەلدىڭبە	جانىم	18
كەلدىڭبە	ۇيگە	18
تۇستى	عوي	44
تۇستى	دەپ	14
تۇستىم	عوي	29
تۇستىم	جانىم	26
تۇستىم	دەپ	19
تۇستىم	ەندى	45
تۇستىم	جۇمىستان	41
اماندىق	بولسىن	40
اماندىق	بولسا	5
اماندىق	بەرسىن	16
اماندىق	بىرىنشى	21
اماندىق	تىلەيمىن	25
جۇردى	عوي	45
جۇردىم	عوي	10
جۇردىم	جانىم	15
جۇردىم	دەپ	17
جۇردىم	وندا	40
ۇقساس	ەكەن	41
ۇقساس	قوي	16
ۇقساس	ەكەنبىز	15
الماسا	بولدى	37
الماساڭ	مەن	18
الماساڭ	بولدى	27
الماساڭ	قوي	44
الماساڭ	ماعان	18
الماساڭ	قويشى	42
الماساڭ	بولمايدى	36
الماساڭ	رەنجيمىن	33
الماساڭ	نە	19
الماساڭ	وزىڭ	31
جەرىڭ	عوي	33
جەرىڭ	جوق	15
جەرىڭ	جاقسى	22
جەرىڭ	بار	20
جەرىڭ	بولسا	26
جەرىڭ	بارما	30
جەرىڭ	اۋىرىپ	32
سالدى	عوي	39
سالدىم	عوي	12
سالدىم	جانىم	17
سالدىم	دەپ	32
تاستادى	عوي	20
تاستادى	دەپ	13
تاستادىم	عوي	19
تاستادىم	جانىم	17
تاستادىم	دەپ	35
تاستادىم	ەندى	28
تۇماۋ	ەكەن	28
تۇماۋ	بار	36
تۇماۋ	قانداي	20
تۇماۋ	قاتتى	34
تۇماۋ	دارى	31
تۇماۋ	تيىپ	32
تۇماۋ	تىيىپ	8
كەلىپتى	عوي	25
كەلىپتى	دەپ	14
كەلىپتى	ەكەن	35
كەلىپتى	سودان	18
كەلىپتى	سونى	41
كەلىپتى	سوعان	43
سەرى	جىگىت	6
سەرىك	بولىپ	6
سەرىك	دەگەن	36
سەرىك	اعا	35
سەرىك	بولاتىن	28
وزىڭدە	جوق	38
وزىڭدە	جاقسى	38
وزىڭدە	امان	10
وزىڭدە	ەرتەرەك	35
وزىڭدە	بىلەسىڭ	21
بارايىنبا	جانىم	46
بارايىنبا	دەپ	46
بارايىنبا	وندا	14
بارايىنبا	دەسەم	47
بارايىنبا	دەگەم	32
بارايىنبا	جوق	16
بارايىنبا	ساعان	23
ەمەسبە	جانىم	25
قارعام	سول	38
قارعام	مەنىڭ	13
قارعام	اي	29
قارعام	اۋ	14
ۇيتكەنى	مەن	7
ۇيتكەنى	بىر	15
ۇيتكەنى	سەن	45
ۇيتكەنى	مەندە	16
ۇيتكەنى	مەنى	42
ۇيتكەنى	مەنىڭ	37
ۇيتكەنى	ول	17
ۇيتكەنى	سەنى	28
ۇيتكەنى	سەنىڭ	41
ۇيتكەنى	ساعان	26
وزدە	سولاي	32
وزدەرى	بىلەدى	18
وزدەرى	بىلسىن	30
وزدەرىڭ	نە	44
وزدەرىڭ	نەعىپ	40
وزدەرىڭ	قالاي	16
وزدەرىڭ	امان	17
وزدەرىڭ	امانسىڭدارما	14
وزدەرىڭ	قالايسىڭدار	19
وزدەرىڭ	جاقسىڭدارما	12
وزدەرىڭ	بىلىڭدەر	38
وزدەرىڭ	جاقسى	20
قالاعا	بىر	41
قالاعا	كەلىپ	27
قالاعا	بارىپ	31
قالاعا	كەتىپ	17
قالاعا	بارام	30
قالاعا	باراتىن	39
قالاعا	شىعاتىن	19
ىستىق	ەكەن	39
ىستىق	بولىپ	14
ىستىق	قوي	15
ىستىق	بولادى	52
ىستىق	بوپ	53
ىستىق	سۋ	27
ىستىق	سۋىق	60
ىستىق	سۋعا	37
ىستىق	وتكىزىپ	45
ىستىق	دەپ	57
ىستىق	بولدى	51
ىستىق	بولسا	34
ىستىق	تاماق	42
ىستىق	كۇن	61
ىستىق	ەمەس	42
ىستىق	شىعار	47
ىستىق	تۇسىپ	51
ىستىق	كۇندە	48
ىستىق	نان	54
ىستىق	وتىپ	57
ىستىق	بولعاندا	32
ىستىق	ۇتىپ	46
ىستىق	ءوتىپ	60
ءارەڭ	بىر	39
ءارەڭ	وتىرمىن	24
ءارەڭ	كەلدىم	27
ءارەڭ	جۇرمىن	35
ءارەڭ	جۇرگەندە	21
ءارەڭ	تاپتىم	43
ءارەڭ	جەتتىم	32
بىركە	بولسىن	3
بىركە	بارايىق	12
بالانىڭ	اتى	34
بالانىڭ	شەشەسى	43
بالانىڭ	اكەسى	37
بالانىڭ	تويى	35
بالانىڭ	جاسى	44
بالانىڭ	ۇمىر	34
ۇاقىت	جوق	25
ۇاقىت	بولدى	11
ۇاقىت	بار	18
ۇاقىت	بولسا	31
ۇاقىت	بارما	23
ۇاقىت	شىعار	31
ۇاقىت	شىعارىپ	38
ۇاقىت	شعارىپ	24
اكەسى	عوي	40
اكەسى	مەن	39
اكەسى	جوق	37
اكەسى	بار	32
اكەسى	قايتىس	31
اكەسى	شەشەسى	18
اكەسى	قايتس	42
جۇرمەس	ەدىم	42
جۇرمەسىن	جانىم	6
جۇرمەسىن	دەپ	29
جۇرمەسىن	بايقا	29
كۇز	جۋىپ	35
كۇز	جاسى	22
كۇز	اينەك	38
كۇز	جاسىم	42
كۇز	الدىمدا	33
كۇز	بولدى	22
كۇز	بولىپ	19
كۇز	ايدىن	39
كۇزدە	بىر	35
كۇزدە	بىراق	18
كۇزدە	توي	27
جانىڭ	بار	29
جانىڭ	امان	22
جانىڭ	قۇتتى	30
جانىڭ	شىعىپ	33
جانىڭ	اشىپ	36
جانىڭ	شىقسىن	19
جانىڭ	اشيدى	35
جانىڭ	اشىمايدى	29
جانىڭ	توزباسىن	26
مەرەكەڭ	قۇتتى	14
مەرەكەڭ	مەرەيلى	3
جاتايىن	جانىم	14
جاتايىن	دەپ	31
جاتايىن	دەسەم	5
جاتايىن	دەگەم	19
اسىل	جان	40
اسىل	دوسىم	22
اسىل	جارىم	24
اسىل	دوستار	32
اسىل	جاندار	22
اسىل	جاندارىم	12
ازر	كەلدىم	39
ازر	بارام	19
قويپتى	عوي	42
قويپتى	سودان	13
سىزدىڭ	بىر	29
سىزدىڭ	دەنساۋلىق	36
امالدا	جوق	33
امالداپ	بىر	15
امالداپ	الىپ	36
امالداپ	بەرىپ	38
امالداپ	اتىپ	42
امالداپ	تاۋىپ	27
امالداپ	كورەيىن	16
امالداپ	كەل	36
امالداپ	شىق	26
ۇيالىپ	جاتىرمىن	36
ۇيالىپ	وتىر	18
ۇيالىپ	وتىرمىن	42
ۇيالىپ	كەتتىم	14
ۇيالىپ	قالدىم	22
ۇيالىپ	جۇرمىن	19
ۇيالىپ	تۇرمىن	30
اتەي	عوي	40
اتەي	ايتىپ	39
اتەي	ەمەس	16
اتەي	ىستەپ	33
اتەي	الماي	26
اتەي	قىلىپ	22
قايتامىن	عوي	41
قايتامىن	جانىم	13
قايتامىن	دەپ	21
قايتامىن	دەيدى	20
قايتامىن	ۇيگە	29
جاعىپ	قوي	20
جاعىپ	الىپ	24
جاعىپ	جاتىرمىن	32
جاعىپ	وتىرمىن	28
جاعىپ	قويدىم	36
جاعىپ	قويىپ	35
قانشاعا	الىپ	36
قانشاعا	كەلدى	33
قانشاعا	الدىڭ	16
قانشاعا	كەلگەن	23
قانشاعا	دەيىن	32
قانشاعا	كەلدىڭ	37
قانشاعا	الاسىڭ	13
قانشاعا	بەرەسىڭ	42
قانشاعا	كەلدىڭىز	26
قانشاعا	بەرەسىز	18
قانشاعا	ساتاسىڭ	42
قىزىپ	جاتىر	36
قىزىپ	الىپ	16
قىزىپ	تۇر	19
قىزىپ	كەتتى	19
قىزىپ	قالدىم	45
قىزىپ	اۋىرىپ	29
قىزىپ	كەتىپتى	40
قىزىپ	وتىرمىن	30
قىزىپ	تۇرمىن	36
قىزىپ	قالعان	46
قىزىپ	العان	38
قىزىپ	جاتىرما	20
اۇىر	اياق	22
اۇىرىپ	جاتىر	33
اۇىرىپ	تۇر	15
اۇىرىپ	جاتىرمىن	15
اۇىرىپ	كەتتى	18
اۇىرىپ	قالدى	21
اۇىرىپ	جۇر	33
اۇىرىپ	قالدىم	40
اۇىرىپ	تۇرمىن	33
اۇىرىپ	قالىپتى	31
باردىم	عوي	18
باردىم	دەپ	13
باردىم	ودان	21
تپتى	جاقسى	8
تپتى	بولماسا	14
كەتەمىن	عوي	40
كەتەمىن	جانىم	14
كەتەمىن	دەپ	24
كەتەمىن	دەيدى	15
نەشەدە	بارامىز	40
نەشەدە	كەلەسىڭ	30
نەشەدە	باراسىڭ	26
نەشەدە	قايتاسىڭ	42
نەشەدە	شىعاسىڭ	43
نەشەدە	تۇسەسىڭ	20
نەشەدە	شىعامىز	15
قاسىندا	بىر	46
قاسىندا	بولىپ	28
قاسىندا	جاتىرمىن	27
قاسىندا	وتىرمىن	45
قاسىندا	تۇرمىن	25
قاسىندا	وتىرىپ	36
قاسىندا	ەكەن	23
قاسىندا	كىم	35
قايتايىن	جانىم	18
قايتايىن	دەپ	30
قايتايىن	وندا	7
قايتايىن	بولاما	38
قايتايىن	دەسەم	29
قايتايىن	دەگەم	18
تۇراتىن	بولدى	35
تۇراتىن	بولىپ	17
تۇراتىن	ادام	29
تۇراتىن	شىعار	21
تۇراتىن	ەدىم	22
تۇراتىن	بولدىم	19
تۇراتىن	بولدىق	41
تۇراتىن	بولدىڭ	19
بالاعا	جاقسى	40
بالاعا	نە	37
بالاعا	تاماق	38
بالاعا	ايتىپ	42
بالاعا	قيىن	41
بالاعا	قاراپ	42
بالاعا	وبال	20
بالاعا	قارايتىن	19
تىل	جوق	23
تىل	ال	34
تىل	بارما	28
تىل	الماي	31
تىل	كوزدەن	36
تىل	كۇزدەن	19
تىل	جاق	34
تىل	المايدى	26
تىل	اشار	28
تىل	قاتشى	35
تىل	ۇيىرەتىن	32
تىلەك	ايتىپ	28
تىلەك	تىلەپ	20
تىلەك	ارنايتىن	17
سەگىز	ادام	42
سەگىز	اي	22
سەگىز	كۇن	40
سەگىز	سوم	21
سەگىز	ساعات	25
سەگىز	مىڭ	39
سەگىز	جۇز	19
سەگىز	جارىم	18
سەگىز	جىل	34
سەگىز	توعىز	22
سەگىز	جارىمدا	41
سەگىز	قىرلى	18
ەسى	شىعىپ	43
ەسى	دۇرىس	14
ەسىك	الدى	11
ەسىك	اش	38
ەسىك	اشىپ	42
ەسىك	اشىق	34
ەسىك	الدىن	39
ەسىك	الدىندا	29
ەسىك	الدىنا	12
ەسىك	قاعىپ	16
ەسىك	الدىنداعى	42
ەسىك	تەرەزە	40
ەسىك	جاقتا	18
ەسىك	الدىنان	36
ەسىك	تەرەزەنى	30
اۋداندا	ەكەن	39
اۋداندا	بىر	33
اۋداندا	ىستەپ	30
اۋداندا	جۇرمىن	44
اۋداندا	بولساڭ	29
ايتتان	كەيىن	11
ايتتان	بۇرىن	10
ايتتان	بەرى	7
سەمىز	ەكەن	32
سەمىز	قوي	20
سەمىز	بولسا	25
سەمىز	ەمەس	27
سەمىز	سيىر	36
سەمىز	قوزى	37
قالمادى	عوي	26
قالمادى	جانىم	12
قالمادى	دەپ	36
سەنمەن	بىر	17
سەنمەن	بىرگە	36
سەنمەن	عانا	13
سەنمەن	توي	30
سەنمەن	كەتسىن	44
سەنمەن	اڭگمە	43
سەنمەن	قاتسى	32
سەنمەن	ماڭگى	37
سەنمەن	ەرىپ	45
بوران	بار	23
بوران	بولىپ	29
بوران	بوپ	29
بوران	شىعىپ	18
بوران	قاتتى	22
بوران	سوعىپ	18
دايىندىق	جوق	5
دايىندىق	بولسىن	26
دايىندىق	كورىپ	30
دايىندىق	كۇرىپ	9
دايىندىق	قىلىپ	19
دايىندىق	كۇشتى	19
دايىندىق	كورە	18
دايىندىق	قالاي	36
سىرتتا	تاماق	43
سىرتتا	وتىرمىن	42
سىرتتا	جۇر	29
سىرتتا	ەدىم	32
سىرتتا	جۇرمىن	25
سىرتتا	جۇرگەن	14
سىرتتا	جۇرىپ	31
سىرتتا	جۇرسىڭ	36
سىرتتا	جۇرگەندە	37
ءادەمى	عوي	31
ءادەمى	ەكەن	25
ءادەمى	بولىپ	10
ءادەمى	ءان	35
ءادەمى	ەكەنسىڭ	18
ۇزىڭىز	نە	22
ۇزىڭىز	نەعىپ	30
ۇزىڭىز	قاي	15
ۇزىڭىز	قايدا	26
ۇزىڭىز	قالاي	38
ۇزىڭىز	قايجەردەن	29
ۇزىڭىز	قالايسىز	33
ۇزىڭىز	بىلەسىز	16
ۇزىڭىز	بىلىڭىز	40
ۇزىڭىز	نەستەپ	15
بىلمەيدى	عوي	40
بىلمەيدى	دەپ	15
بىلمەيدى	ەكەن	20
بىلمەيدى	ەكەنسىڭ	16
بىلمەيدى	ەكەم	23
بىلمەيدى	ەكەنمىن	12
وسىنى	بىر	36
وسىنى	الىپ	36
وسىنى	جولداپ	23
وسىنى	كورىپ	35
وسىنى	الايىن	38
قابات	ەكەن	13
قابات	بولىپ	29
قابات	الىپ	27
قابات	بولسا	32
قابات	ۇي	39
قابات	ءۇي	14
قابات	پەردە	24
ەكەسىڭ	عوي	11
ەكەسىڭ	دەپ	10
سز	عوي	38
سز	نەعىپ	41
سز	قاي	28
سز	قايدا	33
سز	كىم	34
اسىلى	مەن	36
اسىلى	بىر	33
اسىلى	سەن	37
اسىلى	بۇگىن	38
شوپ	جوق	48
شوپ	بار	25
شوپ	الىپ	29
شوپ	سالىپ	54
شوپ	دارى	53
شوپ	بولسا	43
شوپ	الاتىن	33
شوپ	باسىپ	50
شوپ	باستاپ	33
شوپ	تۇسىرىپ	54
شوپ	تاسىپ	52
شوپ	شاۋىپ	21
شوپ	جۇلىپ	17
شوپ	ورىپ	54
شوپ	شاباتىن	36
كۇيەۋ	بالا	45
كۇيەۋ	بالام	8
كۇيەۋ	بالاسى	43
كۇيەۋ	بالانى	19
كۇيەۋ	بالاڭ	35
كۇيەۋ	بالانىڭ	30
كۇيەۋ	بالاعا	27
كۇيەۋ	جولداس	39
كۇيەۋ	بالاڭىز	22
جازىلىپ	ال	33
جازىلىپ	كەت	39
جازىلىپ	كەتتى	18
جازىلىپ	كەتەدى	29
جازىلىپ	كەتىپتى	16
جازىلىپ	كەتسە	23
جازىلىپ	كەتپتى	20
جازىلىپ	كەتەسىڭ	22
جازىلىپ	كەتسىن	16
جازىلىپ	كەتىڭىز	13
جاتام	عوي	36
جاتام	جانىم	12
جاتام	دەپ	20
جاتام	دەيدى	17
جاتام	دەشى	34
تىلەي	بىلەيىك	34
تىلەيمىن	جانىم	37
ىشپ	ال	18
ىشپ	الىپ	20
ىشپ	وتىر	20
ىشپ	وتىرمىن	39
ىشپ	الدىم	18
ىشپ	وتىرمىز	33
ىشپ	الپ	24
ايتبا	جانىم	42
ايتبا	مەن	24
ايتبا	دەپ	42
ايتبا	بولدى	36
ايتبا	ماعان	41
ايتبا	دەيمىن	35
ايتبا	دەيىم	25
اسبولسىن	جانىم	44
سالسا	بولدى	22
سالسا	بولادى	12
سالساڭ	جاقسى	16
سالساڭ	بولدى	37
سالساڭ	بولادى	7
سالساڭ	بولمايما	19
سالساڭ	بولدىعوي	14
مەنكى	عوي	20
مەنكى	ەمەس	36
مەنكى	ايتقان	28
مەنكى	قاتە	32
مەنكى	قالجىڭ	13
ءومىر	عوي	35
ءومىر	اي	30
ءومىر	دەگەن	28
ءومىر	ەمەسپە	18
ءومىر	جاسى	27
ءومىر	بويى	18
تۇرعاندا	مەن	37
تۇرعاندا	بىر	38
تۇرعاندا	ماعان	39
جەك	كورىپ	31
جەك	كۇرىپ	10
جەك	كورەم	17
جەك	كۇرەم	15
جەك	كورەمىن	21
جەك	كورەتىن	13
جەك	كورەدى	36
جەك	كۇرەمىن	35
جەك	كۇرەسىڭ	30
جەك	كورەسىڭبە	37
بۇلىپ	تۇر	37
بۇلىپ	كەتتى	18
بۇلىپ	قالدى	22
بۇلىپ	كەتتىڭ	28
بۇلىپ	جاتىر	14
بۇلىپ	جاتقانىڭا	36
ماشينە	جوق	18
ماشينە	بار	23
ماشينە	الىپ	26
ماشينە	بولسا	34
ماشينە	بارما	31
ماشينە	تاۋىپ	16
ماشينە	ايداپ	34
ماشينە	بارمەكەن	18
قۋانىپ	جاتىرمىن	42
قۋانىپ	وتىر	25
قۋانىپ	وتىرمىن	38
قۋانىپ	قالدى	16
قۋانىپ	جۇر	42
قۋانىپ	كەتتىم	37
قۋانىپ	قالدىم	30
قۋانىپ	تۇرمىن	12
قۋانىپ	قالعان	34
قۋانىپ	قالسام	37
قۋانىپ	جاتىر	39
قۋانىپ	جاتىرمىز	42
ماشىينا	مەن	47
ماشىينا	جوق	27
ماشىينا	بار	27
ماشىينا	الىپ	29
ماشىينا	بولسا	37
ماشىينا	بارما	30
ماشىينا	تاۋىپ	14
ماشىينا	ايداپ	39
ماشىينا	نى	17
ەندىگى	جولى	25
ەندىگى	ايدا	10
ەندىگى	جىلى	19
ەندىگى	اپتا	13
ەندىگى	اپتادا	19
ايلانىپ	كەلىپ	43
ايلانىپ	تۇر	19
ايلانىپ	كەتتى	34
ايلانىپ	قالدىم	40
ايلانىپ	كەپ	18
ايلانىپ	جۇرىپ	37
ايلانىپ	كەلگەندە	37
ايلانىپ	كەلەيىن	23
ايلانىپ	كەلەيىك	32
تۇلعان	كۇن	19
تۇلعان	كۇنى	28
تۇلعان	كۇنىڭ	7
تۇلعان	كۇنىم	6
تۇلعان	كۇنىڭىز	35
تۇلعان	كۇنىن	20
تاماشا	عوي	40
تاماشا	ەكەن	39
تاماشا	ءان	37
تاماشا	جەر	14
تاماشا	تاماعىڭ	19
ادال	بول	43
ادال	بولىپ	30
ادال	بولسا	24
ادال	بولساڭ	39
ادال	بولامىن	18
ادال	اق	32
ادال	بولام	39
ادال	بولساق	30
الپتى	عوي	33
الپتى	دەپ	10
الپتى	ەكەن	24
الپتى	دەيدى	42
اسىق	بولىپ	12
اسىق	دەگەن	11
اسىقپا	جانىم	12
اسىقپاي	بىر	18
اسىقپاي	كەل	35
اسىقپاي	ىشىپ	33
اسىقپاي	ويناپ	14
اسىقپاي	وتىرىپ	43
انانى	الىپ	36
انانى	مىنانى	21
انانى	منانى	13
كوت	ەكەن	41
كوت	ەكەنسىڭ	23
كوت	ۇشىن	19
كوت	كوت	19
كوتەرىپ	الىپ	27
كوتەرىپ	جۇر	23
كوتەرىپ	تۇرىپ	33
كوتەرىپ	العان	32
ارالاس	مال	39
ارالاسىپ	جۇر	29
ارالاسىپ	جۇرە	39
ارالاسىپ	جۇرگەن	30
ارالاسىپ	جۇرىپ	16
ارالاسىپ	تۇرايىق	39
ارالاسىپ	جۇرەيىك	16
ارالاسىپ	جۇرسەك	19
ارالاسىپ	وتەيىك	27
سىڭىلىم	بار	33
سىڭىلىم	امانسىڭبا	39
سىڭىلىم	توي	19
سىڭىلىم	ماڭگى	19
شعارسىڭ	جانىم	18
ساقتاسىن	جانىم	41
ساقتاسىن	دەپ	31
ساقتاسىن	امان	39
ءاگى	كىسى	31
ءاگى	اقشانى	30
ىستەيمىن	عوي	31
ىستەيمىن	جانىم	16
ىستەيمىن	دەپ	30
ىستەيمىن	دەيدى	14
ىستەيمىن	دەگەن	23
ەتى	بار	40
ەتى	سەمىز	19
ەتىپ	جاتىر	21
وقشايدى	عوي	36
وقشايدى	ەكەن	13
كەتسەم	دەپ	21
كەتسەم	جاقسى	31
كەتسەم	بولدى	21
كەتسەم	سەن	21
كەتسەم	بولادى	43
كەتسەم	قايتەم	25
كەتسەم	قايتەسىڭ	39
كەتسەم	بوپتى	34
ىستەگەن	جوق	36
ىستەگەن	جاقسى	24
ىستەگەن	ادام	26
ىستەگەن	سوڭ	33
ىستەگەن	جەردە	28
ىستەگەن	جەرگە	36
ىستەن	ەندى	36
ىستەن	تۇسىپ	43
ىستەن	تۇسكەن	9
ىستەن	تۇستىم	19
ىستەن	تۇسە	23
ىستەن	تۇسكەندە	40
ىستەن	تۇستىڭبە	40
ىستەن	قاشان	28
ىستەن	تۇسەسىڭ	18
مىناعان	بىر	38
مىناعان	نە	31
مىناعان	تەلەفون	23
مىناعان	شاي	25
مىناعان	قابارلاس	36
قويشەي	جانىم	40
قويشەي	بولدى	19
قويشەي	سەن	16
قويشەي	قايداعىنى	32
استى	عوي	21
استى	ۇستى	18
استى	كورپە	38
استى	بەزى	21
استى	ۇستىنە	19
استىنا	تۇسىپ	19
استىنان	جوق	17
استىنان	بىر	34
استىنان	نە	40
استىنان	الىپ	25
استىنان	اۋىرىپ	43
استىنان	كىر	32
استىنان	كەتىپ	42
دەيت	سودان	38
ەسەك	ەكەن	36
ەسەك	سول	27
ەسەك	نەمە	30
ەسەك	شوشقا	24
ۋاقىتى	جوق	39
ۋاقىتى	بولدى	23
ۋاقىتى	بار	35
ۋاقىتى	بولىپ	31
ۋاقىتى	ساعات	44
ۋاقىتى	كەلگەندە	17
ۋاقىتى	اسىپ	28
ۋاقىتى	وتىپ	39
ۋاقىتى	ۇتىپ	42
ۋاقىتى	ءوتىپ	37
ۋاقىتى	توشىپ	39
ۋاقىتى	ۇزارىپ	33
ۋاقىتى	قاشان	35
ۋاقىتى	كەشكى	42
ۋاقىتى	قىسقا	43
الەم	جاقسى	42
الەم	ەكەن	36
الەم	بولىپ	24
الەم	بولادى	10
الەم	بوپ	38
الەم	ەكەنسىڭ	20
الەم	بولاسىڭ	36
الەم	بولماشى	28
الەم	عوي	24
جۇرسەم	دەپ	43
جۇرسەم	بولدى	43
جۇرسەم	سەن	17
جۇرسەم	ۇيات	27
كەزىگە	الماي	37
كەزىگە	المايمىن	10
كەزىگە	الاسىڭبا	16
كەزىگە	المايتىن	19
كەزىگە	المايمىز	16
كەزىگە	الامىزبا	20
كەزىگەيىك	جانىم	18
كەزىگەيىك	دەپ	19
كەزىگەيىك	وندا	18
كەزىگەيىك	بولاما	40
كەزىگەيىك	دەسەم	20
كەزىگەيىك	شى	10
بىلتىر	مەن	34
بىلتىر	بىر	33
بىلتىر	وسى	20
لاڭمان	الىپ	18
لاڭمان	ىستەپ	32
لاڭمان	جاساپ	18
لاڭمان	جەپ	14
لاڭمان	سوزىپ	15
باسىن	الىپ	43
باسىن	قوسىپ	38
باسىن	اشىپ	38
باسىن	جۋىپ	38
باسىن	باستاپ	35
باسىن	ايتساڭ	31
باسىن	كەسىپ	38
ۇلىم	بار	16
ۇلىم	ەكەمىز	13
كارى	دەپ	40
كارى	جوق	40
كارى	ەكەن	33
كارى	قوي	32
كارى	ادام	19
كارى	قىز	19
كارى	جاس	35
كارى	قاتىن	37
سير	بار	26
سير	ساۋىپ	28
سير	جوق	27
سير	ايداپ	21
سير	باعىپ	28
سير	جايىپ	31
وسىلاي	بولدى	38
وسىلاي	بولىپ	40
وسىلاي	بولسا	17
وسىلاي	بولادى	42
وسىلاي	بىر	29
بىلەيىن	جانىم	41
بىلەيىن	مەن	32
بىلەيىن	دەپ	18
بىلەيىن	دەگەم	18
بىلەيىن	دەگەنىم	35
اشتى	عوي	35
اشتى	دەپ	15
اشتى	ەكەن	20
اشتى	بولىپ	22
اشتى	ەمەس	33
اشتى	نارسە	37
اشتى	سۋ	34
اشتى	تۇشتى	28
قوسىلىپ	ال	39
قوسىلىپ	الىپ	15
قوسىلىپ	الدىم	35
قوسىلىپ	جاتقان	33
قوسىلىپ	الىڭىز	29
قوسىلىپ	الىڭىزدار	14
ۇيدەسىڭبە	جانىم	20
ۇيدەسىڭبە	نەعىپ	40
ۇيدەسىڭبە	جوق	29
كۇرىم	عوي	29
كۇرىم	جاقسى	24
كۇرىم	بولدى	23
كۇرىم	ەكەن	13
كۇرىم	بولىپ	38
كۇرىم	بوپ	11
كۇرىم	بولعان	33
كۇرىم	تاتتىم	40
جاتقاندا	مەن	38
جاتقاندا	بىر	40
جاتقاندا	سەن	33
كەتىپپىن	عوي	23
كەتىپپىن	جانىم	8
كەتىپپىن	ۇيات	37
جاڭالىق	جوق	37
جاڭالىق	بار	11
جاڭالىق	بولىپ	10
جاڭالىق	قوي	16
جاڭالىق	بارما	33
قونىپ	جاتىر	39
قونىپ	ەرتەڭ	35
قونىپ	تاڭەرتەڭ	19
قونىپ	قالدىم	20
قونىپ	تۇردىڭبا	34
قونىپ	شىقتىڭبا	18
جاقسىلىق	بولسىن	22
جاقسىلىق	اكەلسىن	16
جاقسىلىق	ۇيالاسىن	32
تۇرام	عوي	31
تۇرام	جانىم	12
تۇرام	دەپ	19
قاتىناس	جوق	42
قاتىناس	بار	17
قاتىناس	بولسا	38
قاتىناس	بارما	36
قاتىناس	تاۋىپ	9
قاتىناس	توسىپ	35
قاتىناس	پۇل	33
قاتىناس	پۇلىن	35
قاتىناس	بارمەكەن	36
قاتىناس	شىقپاي	15
بىتىرىپ	ال	28
بىتىرىپ	الىپ	12
بىتىرىپ	بىراق	20
بىتىرىپ	بەرەيىن	40
بىتىرىپ	الايىن	40
بىتىرىپ	بەر	33
سەندەرگە	نە	20
سەندەرگە	بارىپ	25
سەندەرگە	قاراپ	39
بىرەر	ادام	26
بىرەر	اي	36
بىرەر	كۇن	32
بىرەر	جول	11
بىرەر	كۇندە	41
بىرەر	ساعات	18
بىرەر	مىڭ	16
بىرەر	جۇز	39
بىرەر	جىل	27
بىرەر	اۋىز	19
بىرەر	كۇننەن	33
بىرەر	ساعاتتان	37
بىرەر	رومكا	35
بىرەر	ىس	38
بىرەر	اپتا	39
بىرەر	ساعاتتا	37
نەستەپ	جاتىر	33
نەستەپ	جاتىرسىڭ	18
نەستەپ	جۇرسىڭ	4
نەستەپ	جاتىرسىز	42
نەستەپ	جاتسىڭ	22
نەستەپ	جاتسڭ	17
نەستەپ	وتىرسىڭ	36
جەردىڭ	عوي	28
جەردىڭ	اقشاسى	31
جەردىڭ	اقشاسىن	35
جەردىڭ	ادامى	31
بىرەۋدى	جاقسى	38
بىرەۋدى	تاۋىپ	13
بىرەۋدى	شىن	32
بىرەۋدى	ەرتىپ	36
بىرەۋدى	بىرەۋ	23
بىرەۋدى	توسىپ	35
بىرەۋدىڭ	ۇيىنە	27
بىرەۋدىڭ	ۇيىندە	29
بىرەۋدىڭ	بالاسىن	31
بولەك	ەكەن	34
بولەك	قوي	32
بولەك	ۇيدە	17
بولەك	ۇيگە	30
بولەك	بولەك	27
ىشتەمە	جوق	20
ىشتەمە	ەتپەيدى	12
ىشتەمە	بولمادى	13
ىشتەمە	ەتبەيدى	14
شىعامىن	عوي	17
شىعامىن	جانىم	15
شىعامىن	دەپ	25
شىعامىن	دەيدى	18
ماعالايكۇم	قايىرلى	55
ماعالايكۇم	دوسىم	49
ماعالايكۇم	اعا	44
ماعالايكۇم	امانسىزبا	10
ماعالايكۇم	جىگىتتەر	53
ماعالايكۇم	امان	28
ماعالايكۇم	امانشىلىق	44
ماعالايكۇم	بارلىق	40
ماعالايكۇم	تۋىستار	33
ماعالايكۇم	تويشىل	55
ءالگى	بىر	32
ءالگى	اقشانى	37
پۇلى	بار	37
پۇلى	قانشا	17
پۇلىن	الىپ	40
پۇلىن	بەرىپ	33
پۇلىن	اتىپ	19
پۇلىن	بەرە	15
پۇلىن	بەرەيىن	20
پۇلىن	سۇراپ	37
پۇلىن	اتا	26
پۇلىن	مەن	18
ۇقتىڭبا	جانىم	36
نى	الىپ	30
دۇنيە	عوي	33
دۇنيە	جوق	20
دۇنيە	ەكەن	37
دۇنيە	بار	39
دۇنيە	الىپ	21
دۇنيە	اي	28
دۇنيە	دەگەن	34
بالكىم	مەن	17
بالكىم	بىر	29
بالكىم	سەن	42
بالكىم	مەنى	33
بالكىم	سولاي	35
بالكىم	سول	39
اياعى	جوق	16
اياعى	جاقسى	13
اياعى	قانداي	34
اياعى	اۋىرىپ	39
اياعى	سىنىپ	32
كوشەدە	نەعىپ	40
كوشەدە	جۇر	36
كوشەدە	جۇرمىن	33
كوشەدە	تۇرمىن	15
كوشەدە	تاماق	41
بارعام	عوي	20
بارعام	جوق	39
بارعام	ەندى	7
بارعام	سودان	39
تۇسە	سال	26
تۇسە	بەر	15
تۇسە	الماي	32
تۇسە	بەرەيىن	18
تۇسە	سالىپ	34
تۇسە	المايمىن	15
تۇسە	ساپ	24
تۇسەدى	عوي	38
تۇسەدى	دەپ	16
تۇسەدى	ەكەن	21
تۇسەدى	دەيدى	11
تۇسەدى	ەكەنسىڭ	37
قويسام	بولدى	13
قويسام	بولادى	19
قويسام	بولاما	18
قويسام	بوپتى	18
قويسام	جاۋاپ	30
قويسام	كەشىر	40
وعاندا	ماقۇل	25
وعاندا	وڭاي	6
بولعانسوڭ	ايتىپ	19
شارۋا	عوي	7
شارۋا	جوق	26
شارۋا	ەكەن	18
شارۋا	نە	15
شارۋا	بار	37
شارۋا	بولىپ	39
شارۋا	بولسا	35
شارۋا	ەمەس	27
شارۋا	بارما	22
شارۋا	ىستەپ	37
شارۋا	شىعىپ	21
شارۋا	ستەپ	25
اقىل	جوق	29
اقىل	ايتىپ	34
اقىل	شاي	15
اقىل	ايتاتىن	18
اقىل	كەڭەس	30
اقىل	شايعا	39
بەرمەيدى	عوي	34
بەرمەيدى	دەپ	13
بەرمەيدى	ەكەن	21
بەرمەيدى	ەكەنسىڭ	12
باسىنا	بارىپ	30
باسىنا	شىعىپ	18
ارمان	عوي	39
ارمان	جوق	23
ارمان	بولدى	16
ارمان	بار	28
ارمان	بولىپ	23
ارمان	بوپ	17
كەلپتى	عوي	39
كەلپتى	دەپ	14
كەلپتى	ەكەن	35
الدىما	جانىم	17
الدىما	دەپ	35
الدىما	الىپ	18
الدىما	كەلىپ	38
ايتاپ	كەل	40
ايتاپ	ۇي	13
ايتاپ	ۇيگە	36
ايتاپ	جۇرمىن	27
ايتاپ	كەلىڭدەر	35
ايتاپ	كەلىڭىز	16
ايتاپ	كەلىڭىزدەر	33
ايتاپ	كەلڭدەر	18
ايتاپ	كەلڭىزدەر	34
كۇك	بەت	39
كۇك	كۇز	34
كۇك	تيىن	37
كۇك	لازى	19
جاتاقتا	جاتىرمىن	39
جاتاقتا	وتىرمىن	11
جاتاقتا	جاتىپ	31
جاتاقتا	جالعىز	35
جاتاقتا	دەمالىپ	39
قايتامىز	عوي	19
قايتامىز	جانىم	13
قايتامىز	دەپ	29
قايتامىز	دەيدى	20
السىن	دەپ	34
السىن	دەيدى	39
السىن	دەدىم	20
السىن	سودان	11
السىن	دەگەنىم	40
ابدەن	قالدى	20
ابدەن	بىلەم	29
ابدەن	شارشادىم	40
ابدەن	مەزى	38
ابدەن	شارشادىڭ	27
مايلاپ	الىپ	32
مايلاپ	الايىن	25
مايلاپ	العان	31
مايلاپ	الاتىن	24
مايلاپ	وتىرعان	30
بارعىم	جوق	43
بارعىم	بار	17
بارعىم	كەلىپ	20
بارعىم	اق	6
بارعىم	كەلدى	39
بارعىم	كەلەدى	29
بارعىم	كەپ	34
بارعىم	كەلمەي	18
بارعىم	كەلمەيدى	11
بارعىم	كەلمەدى	24
موتا	مەن	41
موتا	جوق	19
موتا	بار	18
موتا	الىپ	18
موتا	بولسا	39
موتا	بارما	40
موتا	ساتىلادى	32
موتا	قايدا	30
موتا	ايداپ	32
جەرىم	جوق	41
جەرىم	جاقسى	12
جەرىم	بار	39
جەرىم	بولسا	18
جەرىم	بارما	17
جەرىم	اۋىرىپ	19
جەرىم	قالمادى	35
جەرىم	كۇنەس	36
جەرىم	مۇڭعۇلكۇرە	35
باسىمدى	جۋىپ	40
باسىمدى	اۋىرتىپ	16
باسىمدى	كەسىپ	17
باسىمدى	كوتەرە	35
باسىمدى	اۋىرتپا	31
باسىمدى	اۋىرتپاشى	33
باسىمدى	اۋىرتپاي	40
باسىمدى	كۇتەرە	11
كويلەك	جوق	38
كويلەك	الىپ	39
كويلەك	بارما	45
كويلەك	قانشا	24
كويلەك	كيىپ	51
كويلەك	بار	36
كويلەك	بولسا	17
كويلەك	قانداي	28
كويلەك	الدىم	45
كويلەك	كورىپ	48
كويلەك	الايىن	50
كويلەك	الام	37
كويلەك	كىيىپ	19
كويلەك	كيگەن	46
توعىز	الىپ	29
توعىز	ادام	23
توعىز	اي	36
توعىز	كۇن	37
توعىز	مىڭ	34
توعىز	جۇز	34
توعىز	جارىم	36
توعىز	جىل	39
توعىز	جارىمدا	37
توعىز	تاراۋ	19
توعىز	تاراۋعا	17
توعىز	تاراۋدان	19
اياۋ	قاسقا	24
اياۋلى	جانىم	33
اياۋلى	دوستار	16
اياۋلى	ساباقتاستار	22
اياۋلى	اسىل	31
اياۋلى	جان	30
اياۋلى	شالىم	22
اياۋلى	جاندار	27
اياۋلىم	سول	40
اياۋلىم	مەنىڭ	26
اياۋلىم	جانىم	18
اياۋلىم	اياۋلىم	9
كەتتىڭبە	جانىم	38
كەتتىڭبە	جوق	16
كەتتىڭبە	نە	38
ويلان	جانىم	37
ويلانىپ	جاتىرمىن	17
ويلانىپ	وتىرمىن	30
ويلانىپ	قالدىم	21
ويلانىپ	كور	26
ويلانىپ	بولدىم	14
ويلانىپ	كۇر	32
ويلانىپ	كورەيىن	38
ويلانىپ	بولدىڭبا	18
ويلانىپ	كورشى	33
ويلانىپ	تولعانىپ	37
بارعالى	جاتىر	21
بارعالى	جاتىرسىڭ	15
بارعالى	جاتىرمىن	21
بارعالى	وتىرمىن	9
بارعالى	تۇرمىن	35
بارعالى	جاتىرمىز	19
بارعالى	جۇرسىڭ	14
شىعاما	دەپ	34
شىعاما	ەكەن	20
شىعاما	ەرتەڭ	16
شىعاما	بەرىپ	28
جيى	قابارلاسىپ	31
جيى	جيى	13
جيىن	دەپ	10
جيىن	ەكەن	25
جيىن	بار	30
جيىن	اشىپ	15
جيىن	اشتى	8
جيىن	اشادى	35
جيىن	اشقالى	31
جيىن	تەرىن	30
قالساڭ	مەن	35
قالساڭ	جاقسى	22
قالساڭ	بولدى	26
قالساڭ	قيىن	15
قالساڭ	بولمايدى	33
قالساڭ	قايتەم	29
قالساڭ	بولمايما	33
قالساڭ	قايتەسىڭ	27
ۇساق	مال	30
ۇساق	تۇيەك	25
ۇساق	تۇسەك	4
مالدى	ساتىپ	22
بارمىز	عوي	19
بارمىز	دەپ	15
بارمىز	بىر	26
بارمىز	سول	28
بارمىز	بىرگە	32
دەنساۋلىقتارى	مىقتى	18
دەنساۋلىقتارىڭ	جاقسىما	4
دەنساۋلىقتارىڭ	مىقتى	4
دەنساۋلىقتارىڭىز	جاقسىما	9
دەنساۋلىقتارىڭىز	مىقتى	4
قايناتىپ	قوي	15
قايناتىپ	جاتىرمىن	21
قايناتىپ	ىش	16
قايناتىپ	ىشىپ	34
قايناتىپ	بەرىپ	22
قايناتىپ	بەرەيىن	37
قايناتىپ	قويدىم	36
قايناتىپ	قويايىن	27
قويات	دەپ	38
قوياتىن	بولدى	13
قوياتىن	ادام	17
قوياتىن	ەمەس	28
قوياتىن	شىعار	34
قوياتىن	ەدىم	17
قوياتىن	بولدىم	22
قوياتىن	جەر	18
قوياتىن	بولدىڭ	26
جيىپ	جاتىر	39
جيىپ	ال	24
جيىپ	الىپ	29
جيىپ	جاتىرمىن	22
جيىپ	جۇر	17
جيىپ	الايىن	29
جيىپ	تەرىپ	39
جۇرەم	عوي	16
جۇرەم	جانىم	13
جۇرەم	دەپ	27
جۇرەم	دەيدى	19
جۇرەمىز	عوي	34
جۇرەمىز	دەپ	17
جۇرەمىز	دەيدى	29
جۇرەمىز	تەلەفون	29
جارىمدا	كەلىپ	26
جارىمدا	بارىپ	27
جارىمدا	تۇرىپ	34
جارىمدا	تۇسەمىن	32
ەسەپ	ەمەس	26
ەسەپ	جاساپ	19
ەسەپ	جاسايدى	14
ەسەپ	جاساعاندا	37
باللار	بار	20
باللار	جاقسىما	17
باللار	ۇشىن	13
باللار	باقىتتى	38
كىرگىزىپ	قوي	30
كىرگىزىپ	ال	32
كىرگىزىپ	الىپ	30
كىرگىزىپ	قويدىم	32
كىرگىزىپ	قويايىن	36
كىرگىزىپ	تاستاپتى	36
كىرگىزىپ	قويىپ	28
كىرگىزىپ	تاستاپ	30
كىرگىزىپ	تاستاپسىڭ	33
ۇندا	مەن	16
ۇندا	جاقسى	25
ۇندا	ەرتەڭ	19
ۇندا	بۇلدى	37
كورگىم	جوق	32
كورگىم	كەلىپ	44
كورگىم	كەلدى	3
كورگىم	كەلەدى	15
كورگىم	كەپ	29
كورگىم	كەلمەيدى	18
كورگىم	بار	35
كەلەمىن	عوي	13
كەلەمىن	جانىم	14
كەلەمىن	دەپ	34
كەلەمىن	دەيدى	12
كەلەمىن	دەگەن	14
كەلەمىن	دەسەڭ	20
وتكەن	جوق	17
وتكەن	ىس	36
وتكەن	سوڭ	26
وتكەن	كۇندەر	15
وتكەن	كىسىنىڭ	25
وتكەن	كەتكەندى	31
وتكەن	كۇن	34
نەدەكەن	جاقسى	30
نەدەكەن	ەرتە	21
نەدەكەن	كوپ	25
نەدەكەن	تەز	37
نەدەكەن	كۇپ	27
نەدەكەن	جامان	27
نەدەكەن	جاي	22
نەدەكەن	ايتىڭ	27
نەدەكەن	سۇز	34
كەتىڭ	عوي	20
كەتىڭ	جانىم	7
كەتىڭ	قوي	29
ويانىپ	الىپ	40
ويانىپ	جاتىرمىن	17
ويانىپ	كەتتى	25
ويانىپ	كەتىپ	24
ويانىپ	الدى	12
ويانىپ	كەتتىم	23
ويانىپ	كەتەدى	34
ويانىپ	كەتسە	25
ويانىپ	كەتەمە	39
تۇمەن	ەكەن	15
تۇمەن	بولىپ	20
تۇمەن	بولسا	33
تۇمەن	تۇسىپ	40
تۇمەن	جاققا	26
تۇمەن	جاقتا	32
تۇمەن	تۇسەتىن	25
تۇرسىڭبا	جانىم	31
تۇرسىڭبا	نە	18
دەگەندەي	قىلىپ	28
دەگەندەي	قىلدى	35
ۇشۋ	جانىم	39
ۇشۋ	بارسىڭبا	35
ۇشۋ	ۇشۋ	16
ءبارى	جاقسى	24
ءبارى	بىر	13
ءبارى	بار	36
ءبارى	ءبىر	30
ءبارى	قالجىڭ	28
ەبولدى	جانىم	35
ەبولدى	جاقسى	19
ەبولدى	وندا	20
كەلەمە	جانىم	29
كەلەمە	دەپ	35
كەلەمە	جوق	34
كەلەمە	ەكەن	14
كەلەمە	دەسەم	16
كەلەمە	كەلمەيمە	40
قايتادان	الىپ	28
قايتادان	اتىپ	39
تازالىق	ىستەپ	16
تازالىق	ستەپ	8
تازالىق	قاعاز	25
ىنىم	بار	33
ىنىم	قالىڭ	37
ىنىم	توي	24
جوققوي	جانىم	34
جوققوي	دەيمىن	20
كۇشە	جاققا	22
كۇشە	جاقتا	14
كۇشە	ارالاپ	19
كۇشەگە	بارىپ	12
كۇشەگە	شىعىپ	17
كۇشەگە	شعىپ	14
شاتاق	جوق	22
شاتاق	بولدى	8
شاتاق	ەكەن	11
شاتاق	بار	19
شاتاق	بولىپ	18
شاتاق	شىعادى	28
جەل	جوق	35
جەل	بار	34
جەل	بولىپ	26
جەل	شىعىپ	28
جەل	قاتتى	21
جەل	سوعىپ	25
قاراعان	جوق	38
قاراعان	ادام	18
قاراعان	سايىن	17
قاراعاندا	مەن	19
قاراعاندا	جاقسى	27
قاراعاندا	سەن	22
كورسە	بولدى	36
كورسە	بولادى	29
كورسە	ۇيات	23
كورسە	قاتە	18
كورسە	نە	24
كورسەڭ	بولدى	27
كورسەڭ	بولادى	11
كورسەڭ	بولمايما	19
كورسەڭ	جاۋاپ	30
كورسەڭ	بىلەسىڭ	23
ويلاسام	بولدى	36
ويلاسام	بىر	28
ويلاسام	جۇرەگىم	36
ويلاسام	باسىم	17
ويلاسام	قورقام	39
ويلاسام	اشۋىم	39
ويلاسام	ۇيقىم	35
ۇيىقتاي	عوي	37
ۇيىقتاي	بەر	9
ۇيىقتاي	الماي	33
ۇيىقتاي	بەرەيىن	15
ۇيىقتاي	المايمىن	38
ۇيىقتاي	المادىم	36
ۇيىقتاي	قوي	9
ۇيىقتاي	الدىڭبا	23
كەلگەنشە	بىر	34
كەلگەنشە	جاي	37
كەلگەنشە	مەن	19
كەتكەم	عوي	17
كەتكەم	جوق	26
كەتكەم	ەندى	14
اجىراس	دەپ	35
اجىراسىپ	كەت	12
اجىراسىپ	كەتتى	19
اجىراسىپ	كەتتىم	23
اجىراسىپ	كەتكەن	29
اجىراسىپ	كەتىپتى	14
اجىراسىپ	كەتەيىن	39
اجىراسىپ	كەتسەم	37
اجىراسىپ	كەتكەم	18
اجىراسىپ	كەتەيىك	34
كەلمەيسىڭ	عوي	17
كەلمەيسىڭبە	جانىم	14
كەلمەيسىڭبە	وندا	19
بالار	بار	18
بالار	جاقسىما	16
بالار	ۇشىن	12
تۇسەتىن	بولدى	31
تۇسەتىن	بىر	26
تۇسەتىن	ادام	42
تۇسەتىن	ەكى	18
تۇسەتىن	شىعار	28
تۇسەتىن	كەزدە	37
تۇسەتىن	ۋاقىت	37
تۇسەتىن	بولدىم	20
تۇسەتىن	ماشينا	38
تۇسەتىن	كولىك	30
تۇسەتىن	جولاۋشىلار	16
تۇسەتىن	قاتىناس	11
تۇسەتىن	بولىپ	29
كيلى	الايىن	36
كيلى	سۇت	36
ايۋ	جوق	36
ايۋ	بار	26
ايۋ	كەلىپ	12
ايۋ	قايدا	28
ايۋ	بارما	18
ايۋ	كەلدى	23
ايۋ	جەپ	34
نارسەنى	الىپ	30
تەلەفوندى	ەندى	38
تەلەفوندى	الىپ	23
تەلەفوندى	اشىپ	38
تەلەفوندى	جاۋىپ	37
تەلەفوندى	گۋانجي	34
تەلەفوندى	نەگە	23
تەلەفوندى	قويا	37
ماسەلە	جوق	19
ماسەلە	بار	6
ماسەلە	بولىپ	16
جازۋ	جاز	39
جازۋ	جازىپ	7
جازۋ	جازا	10
جازۋ	جازشى	26
جازۋ	جازايىن	20
ەكنشى	كۇنى	20
ەكنشى	قول	37
ەكنشى	رەت	24
ەكنشى	ايتىڭ	24
جەي	عوي	30
جەي	بەر	15
جەي	الماي	16
جەي	بەرەدى	33
جەي	المادىم	25
جەي	سالايىن	35
جەي	بەرىڭدەر	36
جەي	سالىپ	19
جەي	سالايىق	24
جەيتىن	بولدى	35
جەيتىن	ادام	38
جەيتىن	كۇن	37
جەيتىن	نارسە	23
جەيتىن	بىردەمە	8
راسىن	ايتسام	13
راسىندا	جاقسى	5
راسىندا	بىر	33
راسىندا	قاتتى	37
راسىندا	قيىن	29
راسىندا	سونداي	36
راسىندا	سولاي	39
راسىندا	ۇيات	37
سىزدە	جاقسى	9
سىزدە	بىر	35
سىزدە	بار	33
جەڭگەم	بار	30
جەڭگەم	ەكەمىز	18
وزىڭىز	نە	25
وزىڭىز	نەعىپ	28
وزىڭىز	قاي	14
وزىڭىز	قالاي	21
وزىڭىز	قالايسىز	35
وزىڭىز	بىلىڭىز	13
ۇيڭە	كەلىپ	37
ۇيڭە	بارىپ	19
ۇيڭە	بارام	12
ۇيڭە	اپارىپ	26
ۇيڭە	بارايىن	36
ۇيڭە	بارعاندا	35
ۇيڭە	جەتىپ	38
شاما	جوق	38
شاما	بار	6
شاما	كەلمەي	7
كەتشى	جانىم	28
كەتشى	دەپ	25
كەتشى	بولدى	37
كەتشى	بار	25
كەتشى	بولاما	20
كەتشى	ەي	25
كەتشى	ارى	34
ماشيناعا	شىعىپ	40
ماشيناعا	سالىپ	33
ماشيناعا	تۇسىپ	21
ماشيناعا	ماي	23
ماشيناعا	باسىپ	21
ماشيناعا	وتىرىپ	29
ماشيناعا	بارىپ	21
دۇكەنگە	كەل	33
دۇكەنگە	كەلىپ	34
دۇكەنگە	ادام	15
دۇكەنگە	بارىپ	37
دۇكەنگە	كەلدىم	18
دۇكەنگە	جاڭا	32
دۇكەنگە	بارعاندا	32
تاماعىن	الىپ	19
تاماعىن	ىشىپ	37
تاماعىن	بەرىپ	20
تاماعىن	ىستەپ	16
تاماعىن	جاساپ	10
تاماعىن	جەپ	17
كەلىڭىز	دەپ	19
كەلىڭىز	وندا	34
ىشتىم	عوي	27
ىشتىم	جانىم	23
ىشتىم	دەپ	15
قايتتىڭ	جانىم	26
قايتتىڭبا	جانىم	19
قايتتىڭبا	ۇيگە	15
بارسىزبا	اعا	33
بارسىزبا	جەجە	37
بارسىزبا	سويلەڭىز	35
تۇىلعان	كۇن	21
تۇىلعان	كۇنى	22
تۇىلعان	كۇنىڭ	7
تۇىلعان	كۇنىم	7
تۇىلعان	كۇنىڭىز	35
تۇىلعان	كۇنىڭمەن	17
تۇىلعان	كۇنىن	32
ەركىن	دەگەن	40
ەركىن	اعا	41
ايەلى	جوق	37
ايەلى	بار	28
ايەلى	ەكەۋى	16
قويايىق	دەپ	28
قويايىق	بولدى	15
قويايىق	بولاما	19
كەلىنشەك	جوق	30
كەلىنشەك	ەكەن	32
كەلىنشەك	بار	34
كەلىنشەك	الىپ	18
كەلىنشەك	تاۋىپ	40
كەلىنشەك	بولسا	38
پايداسى	جوق	22
پايداسى	نە	10
پايداسى	بار	7
پايداسى	بارما	26
جوقپىن	عوي	33
جوقپىن	جانىم	16
جوقپىن	دەپ	33
دارداي	جاقسى	31
دارداي	ەكەن	31
دارداي	بولىپ	28
دارداي	ادام	19
دارداي	اۋىرىپ	34
دارداي	ۋاقىت	28
دارداي	جەر	26
ىشەتىن	بولىپ	36
ىشەتىن	ادام	32
ىشەتىن	كۇن	19
ىشەتىن	اقشا	22
ىشەتىن	ۋاقىت	23
ىشەتىن	جەر	28
ىشەتىن	دارى	36
ىشەتىن	بولدىق	28
ىشەتىن	بولساڭ	31
ءدال	بولدى	26
ءدال	ەكەن	38
ءدال	سول	20
ءدال	بۇگىن	19
ءدال	وسى	35
ءدال	ايتتىڭ	17
ءدال	قازىر	19
ءدال	ايتاسىڭ	10
ءدال	قازىرگى	36
شىعايىن	دەپ	38
شىعايىن	وندا	7
شىعايىن	دەسەم	36
شىعايىن	دەگەم	17
جاتساڭ	مەن	19
جاتساڭ	جاقسى	33
جاتساڭ	بولدى	35
جاتساڭ	قايتىپ	15
جاتساڭ	قابارلاس	35
جاتساڭ	بولمايما	27
مىنانىڭ	بارى	32
مىنانىڭ	بارىن	33
مىنانىڭ	باعاسى	36
مىنانىڭ	ىشىندە	17
مي	جوق	26
مي	بار	8
مي	بارما	28
مي	اشىپ	35
ۇرسىپ	جاتىر	29
ۇرسىپ	كەتتى	14
ۇرسىپ	قالدىم	29
ۇرسىپ	قالدىق	38
ۇرسىپ	جۇرمەسىن	32
ۇرسىپ	ۇرسىپ	32
ساعاندا	جاقسى	12
ساعاندا	بىر	37
ساعاندا	راحىمەت	34
ساعاندا	قيىن	16
ساعاندا	وڭاي	26
ساعاندا	قىيىن	12
ساعاندا	ماعاندا	24
شارشادىم	عوي	39
شارشادىم	جانىم	36
شارشادىم	دەپ	22
شارشادىم	بۇگىن	20
شارشادىم	شارشادىم	36
كسلەر	بار	25
كسلەر	كەلىپ	18
كسلەر	بولسا	28
كسلەر	بارما	10
كسلەر	قابارلاسڭىزدار	17
سەنبى	كۇنى	45
سەنبى	جەكسەنبى	9
سەنبى	ەكەن	12
تيىن	جوق	17
تيىن	ەكەن	10
تيىن	اقشا	30
تيىن	قالمادى	19
تيىن	تەبەن	25
راسپا	جانىم	19
كەتەمىز	عوي	13
كەتەمىز	جانىم	14
كەتەمىز	دەپ	34
كەتەمىز	دەيدى	14
سىزدەر	نەعىپ	32
سىزدەر	ۇشىن	19
سىزدەر	جاققا	22
سىزدەر	جاقتا	23
سىزدەرگە	كۇپشىلىك	41
سىزدەرگە	كوپ	21
سىزدەرگە	ايتقاندارىڭىز	41
كورمەي	اق	10
كورمەي	قالدىم	24
كورمەي	تۇرىپ	15
كورمەي	جاتىپ	30
كورمەي	جۇرگەن	37
كورمەي	قالىپپىن	33
كورمەي	قالدىڭبا	34
كورمەي	قالعان	39
ايتار	جوق	18
ايتار	ەكەن	8
ايتار	ەدىم	19
ايتار	سوزىم	17
ايتارىڭ	جوق	13
ايتارىڭ	قابىل	13
ايتارىڭ	بولسا	14
ايتارىڭ	بارما	11
ايتارىڭ	جوقپا	11
ەرتەڭگى	كۇنى	18
ەرتەڭگى	تويعا	15
ويى	جوق	40
ويى	بار	15
ويىڭ	عوي	8
ويىڭ	جوق	37
ويىڭ	سول	38
ويىڭ	نە	12
ويىڭ	بار	27
ويىڭ	بولسا	34
ويىڭ	قالاي	15
ويىڭ	بارما	25
ويىڭ	دۇرىس	19
ويىڭ	جامان	19
ويىڭ	جاقسى	17
بارلىعى	جاقسى	24
بارلىعى	بار	15
جگىت	جوق	31
جگىت	ەكەن	30
جگىت	بار	22
جگىت	بولسا	21
جگىت	تاۋىپ	39
تۇسكەندە	بىر	39
تۇسكەندە	اتىپ	37
تۇسكەندە	بەرەيىن	37
تۇسكەندە	قابارلاس	39
تۇسكەندە	قابارلاسايىن	26
كەشىرىم	سۇرا	23
كەشىرىم	سۇراپ	23
كەشىرىم	سۇرايىن	10
كەشىرىم	سۇرادىم	27
كەشىرىم	سۇرايمىن	30
كەشىرىم	كەشىرىم	20
قۇرى	شاي	21
قۇرى	قول	31
قۇرىپ	كەتتى	35
قۇرىپ	قويدىم	36
قۇرىپ	قالعان	26
قۇرىپ	قالسىن	28
دام	جوق	24
دام	تارتىپ	30
دام	تارتقان	18
دام	تارتپاي	19
دام	تارتسا	23
دام	تاتىپ	7
دامدى	بولسىن	25
دامدى	ەكەن	18
دامدى	كۇندەرىڭ	4
دامدى	سىڭىمدى	35
دامدى	بولسن	17
جولدان	الىپ	37
جولدان	كەيىن	35
جولدان	تۇسىپ	41
جولدان	توسىپ	25
جولدان	بىر	34
جولدان	مەنى	20
جولدان	تاماق	41
جولدان	بايقاپ	30
ايتتىق	قوي	11
جۇك	بار	25
جۇك	بولسا	17
جۇك	مال	30
جۇك	ماشينا	10
جۇك	باسىپ	14
جۇك	تۇسىرىپ	18
جۇك	باساتىن	26
تۋىس	بولىپ	37
تۋىس	دەگەن	30
تۋىس	تۋعان	33
تۋىس	تۋعاندار	10
تۋىستار	امان	26
تۋىستار	امانسىزدارما	21
تۋىستار	باس	21
بەكەن	دەپ	36
بەكەن	دەيمىن	24
ساندا	بىر	33
ساندا	بارىپ	13
ساندا	سويلەپ	39
قىلا	سال	32
قىلا	بەر	19
قىلا	الماي	17
قىلا	المايدى	27
قىلا	المايمىن	18
قىلادى	عوي	28
قىلادى	دەپ	17
قىلادى	ەكەن	18
قىلادى	ەكەنسىڭ	11
قىلادى	دەيسىڭ	28
دەيتىن	بولدى	37
دەيتىن	ادام	35
دەيتىن	ەمەس	25
دەيتىن	شىعار	24
دەيتىن	ەدىم	11
دەيتىن	شعار	22
دەيتىن	شىعارسىڭ	30
منە	جانىم	17
منە	دەپ	36
منە	جەردە	29
الىس	جوق	33
الىس	ەكەن	32
الىس	بولىپ	17
الىس	قوي	19
الىس	ەمەس	26
الىس	جۇر	20
الىس	جەر	36
الىس	جاقىنداعى	35
الىس	جاقىنعا	23
الىس	جەرگە	20
تاپقان	ەكەن	11
تاپقان	اقشا	38
تاپقان	كۇنى	34
تاپقان	سوڭ	31
تاپقان	ەكەنسىڭ	35
تاپقان	اقشاڭ	16
تاپقان	اقشاڭدى	35
كۇت	جانىم	33
كۇت	ۇشىن	24
كۇتىپ	جاتىر	19
كۇتىپ	ال	20
كۇتىپ	تۇر	34
كۇتىپ	جاتىرمىن	32
كۇتىپ	وتىرمىن	41
كۇتىپ	قاربالاس	18
كۇتىپ	جۇرمىن	42
كۇتىپ	وتىر	28
كۇتىپ	جۇر	29
كۇتىپ	جاتىرمىز	35
ىشىم	اۋىرىپ	40
ىشىم	قاتتى	9
ىشىم	اشىپ	42
ىشىم	اۋرىپ	29
ىشىم	وتىپ	29
ىشىم	قاتىپ	35
ىشىم	كۇيىپ	38
ىشىم	پىسىپ	19
ىشىم	پسىپ	18
ىشىم	ۇتىپ	23
ىشىم	بۇراپ	42
اتتى	عوي	35
اتتى	كىم	19
مىناۇ	نە	35
مىناۇ	مەنىڭ	33
مىناۇ	قاي	21
مىناۇ	كىم	32
مىناۇ	قانشا	25
راقمەت	جانىم	35
راقمەت	ايتقانىڭ	14
بەرەيىك	دەپ	37
بەرەيىك	دەيدى	12
سالعان	عوي	19
سالعان	ەكەن	32
سالعان	سوڭ	38
سالعان	جانىم	28
سالعان	قارا	23
سالعان	سۇز	36
ىستەيدى	عوي	18
ىستەيدى	دەپ	17
ىستەيدى	ەكەن	20
ىستەيدى	ەكەنسىڭ	10
قارايتىن	بولدى	38
قارايتىن	ادام	28
قارايتىن	شىعار	6
قارايتىن	ۋاقىت	36
قارايتىن	بەت	15
قارايتىن	شاما	32
جندى	عوي	37
جندى	ەكەن	30
جندى	بولىپ	18
جندى	ەمەس	16
جندى	بوپ	37
جندى	قىز	35
جندى	ەمەسپىن	29
سەنكى	عوي	30
سەنكى	ەكەن	36
سەنكى	دۇرىس	37
سەنكى	دۇرس	20
سەنكى	جون	33
سەنكى	جۇن	32
سەنكى	جاقسى	20
بارمەكەن	دەپ	29
بارمەكەن	بىر	40
بارمەكەن	بار	26
زەرىگىپ	جاتىرمىن	36
زەرىگىپ	وتىرمىن	16
زەرىگىپ	كەتتىم	17
زەرىگىپ	جاتقان	10
زەرىگىپ	وتىرسىڭبا	40
زەرىگىپ	كەتتىك	36
زەرىگىپ	وتىرعان	40
زەرىگىپ	جاتىرسىڭبا	39
الدىرىپ	ال	33
الدىرىپ	الدىم	36
الدىرىپ	بەرەيىن	37
الدىرىپ	قويدىم	21
الدىرىپ	الايىن	18
الدىرىپ	بەرشى	19
الدىرىپ	بەر	23
سىزدەن	بولسىن	19
سىزدەن	بىر	31
سىزدەن	باسقا	18
سىزدەن	ۇيات	20
سىزدەن	سۇراپ	16
جۇرگەم	عوي	29
جۇرگەم	جوق	34
جەكسەنبى	كۇنى	44
جەكسەنبى	كۇندەرى	10
جەكسەنبى	دەمالىس	26
جەكسەنبى	ەكەن	42
جەكسەنبى	ەكى	40
جەكسەنبى	توي	39
رازى	بول	22
رازى	بولسىن	34
رازى	بولىپ	19
رازى	بولسا	13
رازى	بوپ	36
رازى	ەدىم	30
رازى	بولدىم	32
رازى	بولماي	28
رازى	بولساڭ	27
رازى	قىلىپ	20
رازى	قىلام	21
رازى	قىلامىن	31
جۇمستا	سول	31
جۇمستا	وتىرمىن	21
جۇمستا	قاربالاس	18
جۇمستا	جۇرمىن	28
جۇمستان	ەندى	19
جۇمستان	كەلىپ	19
جۇمستان	جاڭا	36
جۇمستان	تۇسىپ	25
جۇمستان	جاڭە	30
جۇمستان	جاي	12
جۇمستان	تۇسكەن	27
جۇمستان	تۇسكەندە	39
جۇمستان	تۇستىڭبە	28
جۇمستان	ازىر	19
جۇمستان	تۇستىم	20
سوندادا	بىر	36
قايداعىنى	ايتىپ	37
قايداعىنى	قايدان	16
قايداعىنى	ويلاپ	35
قايداعىنى	ايتادى	24
قايداعىنى	ايتاسىڭ	16
قايداعىنى	ايتپا	36
قايداعىنى	ايتپاشى	22
قايداعىنى	ايتپاي	18
قايداعىنى	ويلاما	10
قايداعىنى	ايتباي	34
قايداعىنى	ويلاماي	36
قايداعىنى	ويلايدى	35
دوسىڭ	عوي	19
دوسىڭ	بار	23
دوسىڭ	بولسا	21
دوسىڭ	قايدا	18
دوسىڭ	بارما	33
دوسىڭ	ەكەۋىڭ	25
قىزعانىپ	وتىر	38
قىزعانىپ	وتىرمىن	38
قىزعانىپ	قالدىم	20
قىزعانىپ	تۇرمىن	18
قىزعانىپ	قالدىڭبا	35
قىزعانىپ	قالام	37
قىزعانىپ	وتىرسىڭبا	36
قىزعانىپ	جاتىرمىن	36
قىزعانىپ	قالادى	20
قىزعانىپ	تۇرسىڭبا	36
ەكەۋىن	بىر	28
ەكەۋىن	الىپ	34
ەكەۋىن	بىرگە	19
ەكەۋىن	قوسىپ	37
ەكەۋىن	ەرتىپ	24
راسىم	عوي	28
راسىم	جوق	36
راسىم	بار	16
راسىم	بولسا	29
راسىم	بارما	30
راسىم	جولداپ	39
راسىم	جولداشى	18
راسىم	جولدا	40
تەڭ	عوي	26
تەڭ	بولىپ	38
تەڭ	ەمەس	29
ماشينانى	الىپ	20
ماشينانى	ايداپ	35
ماشينانى	كىم	21
بىرەۇ	بار	26
بىرەۇ	الىپ	21
بىرەۇ	بولسا	22
بىرەۇ	الايىن	33
بىرەۇ	تاۇىپ	31
ۇيىقتادىم	جانىم	35
ۇيىقتادىم	جاقسى	16
ۇيىقتادىم	وندا	27
ۇيىقتادىم	تاڭەرتەڭ	15
جۋا	سال	33
جۋا	بەر	7
جۋا	سالشى	19
جۋا	سالايىن	18
جۋا	سالام	19
جۋا	سالدىم	31
جۋا	سالساڭ	23
جۋاس	دەپ	25
جۋاس	ەكەن	34
جۋاس	بولىپ	24
جۋاس	قوي	23
جۋاس	ادام	34
جۋاس	ات	17
جۋاس	بايقۇس	31
جۋاس	جىگىت	24
سۇيلەشى	جانىم	19
سۇيلەشى	بولاما	11
سۇيلەشى	تەز	27
سىلتاۋ	عوي	30
سىلتاۋ	جوق	24
سىلتاۋ	بولدى	22
سىلتاۋ	ايتىپ	37
سىلتاۋ	ەمەس	13
سىلتاۋ	تاۋىپ	26
سىلتاۋ	قىلىپ	39
سىلتاۋ	ىزدەپ	23
سىلتاۋ	تابا	39
سىلتاۋ	ايتا	18
سىلتاۋ	ايتاسىڭ	30
وقۋ	اعارتۋ	17
وقۋ	ساپارى	36
وقۋشى	بار	21
وقۋشى	بالا	14
وقۋشى	اپارىپ	25
جاتاتىن	بولدى	38
جاتاتىن	بولىپ	20
جاتاتىن	ۇيگە	37
جاتاتىن	كۇن	32
جاتاتىن	ەمەس	18
جاتاتىن	شىعار	38
جاتاتىن	ەدىم	35
جاتاتىن	ۋاقىت	15
جاتاتىن	بولدىم	39
جاتاتىن	جەر	25
جاتاتىن	بولدىق	40
جاتاتىن	ادام	37
جاتاتىن	ۇي	38
جاتاتىن	ورىن	19
بوتام	سول	31
بوتام	مەنىڭ	14
سىڭىمدى	بولسىن	37
سىڭىمدى	كۇندەرىڭ	2
سىڭىمدى	كۇندەرىڭىز	12
بارساق	جاقسى	37
بارساق	بولدى	17
بارساق	بولادى	42
بارساق	بولاما	15
بارساق	بارايىق	41
بارساق	دەپ	32
بارساق	بارىپ	21
بارساق	بولاتىن	21
بارساق	بولمايما	38
بارساق	بولار	38
بارساق	بولۋشى	38
شۇندە	جوق	32
شۇندە	بار	25
شۇندە	ايتىپ	22
شۇندە	جۇر	23
شۇندە	سويلەپ	24
اراسىندا	بىر	22
اراسىندا	سويلەپ	23
ساتتى	بولسىن	28
ساتتى	بولدى	16
ساتتى	بولىپ	5
ساتتى	وقۋى	28
ساتتىلىك	بولسىن	14
ساتتىلىك	تىلەيمىن	6
شايدى	مەن	21
شايدى	ەندى	33
شايدى	قاشان	21
شايدى	ىشىپ	28
شايدىڭ	اقشاسى	19
شايدىڭ	اقشاسىن	13
شايدىڭ	پۇلىن	6
شايدىڭ	كەزەگى	18
قىلاسىڭ	عوي	19
قىلاسىڭ	جانىم	19
قىلاسىڭ	دەپ	32
ءۇش	ادام	33
ءۇش	اي	17
ءۇش	كۇن	28
ءۇش	كۇندە	13
ءۇش	مىڭ	30
ءۇش	جۇز	30
ءۇش	جىل	26
ءۇش	رەت	25
ءۇش	كۇننەن	29
ءۇشىن	عانا	34
ىشكى	جان	31
ىشكى	ۇيدە	25
ىشكى	ۇيگە	18
ىشكى	باعادا	20
ىشكىم	جوق	18
ىشكىم	كەلىپ	34
ىشكىم	كەپ	10
ىشكىم	كەلمەي	26
ىشكىم	كەلمەيدى	16
ىشكىم	بار	9
جايشا	باراسىڭبا	17
جايشا	باردىڭبا	20
جايشا	جۇرسىڭبە	15
جايشا	كەلدىڭبە	24
سەندەردى	ساعىنىپ	24
سەندەردى	توسىپ	33
سەندەردىڭ	ۇي	17
سەندەردىڭ	ۇيدە	31
سەندەردىڭ	ۇيگە	22
سەندەردىڭ	ۇيدىڭ	17
توڭ	ماي	35
توڭىپ	جاتىرمىن	16
توڭىپ	وتىرمىن	18
توڭىپ	كەتتىم	25
توڭىپ	تۇرمىن	10
توڭىپ	قالما	25
تويى	ەكەن	37
تويى	بار	17
تويى	قۇتتى	44
تويى	عوي	13
تويى	مەن	37
تويى	دەپ	45
تويى	بولدى	45
تويى	بولىپ	20
تويى	ەرتەڭ	27
تويى	بۇگىن	53
تويى	قاشان	47
تويى	كۇنى	36
تويى	ەدى	17
تويى	سوعان	34
تويى	بولاتىن	51
تويىپ	ال	38
تويىپ	الىپ	23
تويىپ	ىش	15
تويىپ	ىشىپ	27
تويىپ	الدىم	20
تويىپ	كەتتىم	10
تويىپ	تۇرمىن	27
تويىپ	جەپ	36
بولشى	جانىم	35
بولشى	ەندى	9
بولشى	بولاما	36
بولشى	تەز	24
منانى	الىپ	30
كەلنشەك	جوق	35
كەلنشەك	ەكەن	29
كەلنشەك	بار	35
كەلنشەك	تاۋىپ	39
كەلنشەك	بولسا	17
ۋاقىتىڭ	جوق	31
ۋاقىتىڭ	بار	17
ۋاقىتىڭ	بولسا	20
ۋاقىتىڭ	بارما	12
ۋاقىتىڭ	كوڭىلدى	15
ۋاقىتىڭ	كۇڭىلدى	14
ۋاقىتىڭ	شىعادى	17
ۋاقىتىڭ	بولعاندا	35
ۋاقىتىڭ	شىققاندا	34
ۋاقىتىڭ	شىقسا	14
ۋاقىتىڭ	شىعاما	28
جەكە	جەكە	6
جەكە	كاسىپ	27
ىشكەن	جوق	33
ىشكەن	جاقسى	14
ىشكەن	ادام	35
ىشكەن	تاماق	22
ىشكەن	كۇنى	37
ىشكەن	سوڭ	20
ىشكەن	كەزدە	17
ىشكەن	سايىن	37
ىشكەن	جوقپىن	37
قاراشى	جانىم	17
كانە	جولداشى	20
اتىن	ايتىپ	39
اتىن	بىلمەيمىن	37
اتىن	ايتشى	20
اتىن	جازىپ	38
اتىن	ۇمىتىپ	18
اتىن	اتاپ	24
تەلەفونعا	كوپ	36
تەلەفونعا	قاراپ	32
تەلەفونعا	قاراي	16
تەلەفونعا	قاراماي	37
تەلەفونعا	قارايتىن	20
تەلەفونعا	قارامادىم	19
تەلەفونعا	توك	11
تەلەفونعا	تەلمىرىپ	30
اكەڭ	مەن	32
اكەڭ	باسى	34
اكەڭ	باسىنا	17
اكەڭ	شەشەڭ	37
كۇنىڭىز	قۇتتى	24
كۇنىڭىز	كوڭىلدى	2
كۇنىڭىز	بەن	28
انەۋ	كۇنى	26
انەۋ	كۇننەن	4
انەۋ	كۇنگى	18
دىم	عوي	34
دىم	جوق	25
دىم	بولدى	12
دىم	بولىپ	30
دىم	بولدىڭ	32
اۋىل	قايدان	34
اۋىل	جاققا	17
اۋىل	ايماق	15
اۋىل	شارۋاشىلىق	17
اۋىلعا	بىر	32
اۋىلعا	كەلىپ	19
اۋىلعا	بارىپ	19
اۋىلعا	ەكى	19
اۋىلعا	قايتاتىن	36
كشى	اعا	17
كشى	ەكەنسىڭ	24
كشى	اپام	31
كشى	اعام	37
كشى	اكەم	27
كشى	اكەمنىڭ	22
كشى	دارەت	32
كشى	كىرىم	23
رەنجىمەي	بىر	21
رەنجىمەي	ماعان	37
ارعى	كۇنى	29
ارعى	بەتكە	32
ارعى	بەتتە	7
ارعى	بەتتەن	17
ارعى	بەتتىڭ	14
ارعى	بەتتەگى	17
اعانىڭ	تەلەفون	31
اعانىڭ	ۇيىنە	17
اعانىڭ	بالاسى	24
اعانىڭ	ۇيىندە	11
اعانىڭ	نومىرى	42
اعانىڭ	نومىرىن	35
اعانىڭ	نۇمىرىن	26
اعانىڭ	قىزى	25
اعانىڭ	ايەلى	22
سويلەشى	جانىم	30
سويلەشى	بولاما	13
سويلەشى	تەز	23
الساق	دەپ	29
الساق	جاقسى	28
الساق	بولدى	15
الساق	بولادى	18
الساق	بولاما	12
الساق	بولار	31
جاياۋ	كەل	11
جاياۋ	بارىپ	35
جاياۋ	كەتىپ	30
جاياۋ	قايتىپ	28
جاياۋ	كەلە	38
جاياۋ	جۇرە	20
جاياۋ	جۇرىپ	23
جاياۋ	بارا	36
ايتارىڭىز	قابىل	4
وزىڭشى	جانىم	30
وزىڭشى	نەعىپ	19
كورەمىن	عوي	27
كورەمىن	جانىم	11
كورەمىن	دەپ	19
كورەمىن	سەنى	18
سويلەيىن	جانىم	39
سويلەيىن	دەپ	23
سويلەيىن	بولاما	16
سويلەيىن	دەسەم	18
تىڭداپ	جاتىرمىن	9
تىڭداپ	وتىر	16
تىڭداپ	وتىرمىن	20
تىڭداپ	شىقتىم	14
بەرىڭدەر	مەن	32
بەرىڭدەر	دەپ	20
بەرىڭدەر	دەيدى	15
دەمالدىم	جانىم	18
دەمالدىم	جاقسى	18
دەمالدىم	وندا	19
دەمالدىم	ەرتەڭ	19
دەمالدىم	تاڭەرتەڭ	29
ەتتى	عوي	23
ەتتى	الىپ	18
ەتتى	جەپ	25
ەتتى	اسىپ	27
تەگىن	تەكسەرۋ	25
تەگىن	تەكسەرۋگە	19
شاشۋ	اتىپ	44
شاشۋ	شاشۋ	38
شاشۋ	شاشىپ	27
شاشۋ	الىپ	30
سەنىپ	وتىرمىن	24
سەنىپ	ەدىم	22
سەنىپ	تۇرمىن	30
سەنىپ	جۇرگەن	28
سەنىپ	جۇرسەم	30
بارمادى	عوي	42
بارمادىم	عوي	13
بارمادىم	جانىم	17
بارمادىم	دەپ	30
باستى	عوي	30
باستى	اۋىرتىپ	31
باستى	اۋىرتپاشى	14
باستى	اۋىرتپاي	15
باستىق	بار	29
باستىق	بولىپ	28
باستىق	كەلىپ	29
ويلاي	بەر	32
ويلاي	بەرسەڭ	18
ويلاي	بەرمە	16
ويلاي	بەرمەي	12
ويلاي	ويلاي	22
ويلايمىن	عوي	16
ويلايمىن	جانىم	18
ويلايمىن	بىراق	18
قاتىر	جان	23
قاتىرجام	بول	8
قاتىرجام	بولىپ	8
قاتىرجام	بولدىم	23
قاتىرجام	بولشى	32
قاتىرجام	بولىڭىز	14
تان	كەيىن	21
تان	ەمەس	18
تانا	تاي	9
قالىڭىز	قالاي	27
جۇمىرتقا	بار	2
جۇمىرتقا	بارما	17
جۇمىرتقا	ساتاتىن	18
قۇلجادا	ەكەن	36
قۇلجادا	بىر	30
قۇلجادان	كۇنەسكە	17
قۇلجادان	تەكەسكە	37
قۇلجادان	نىلقىعا	14
قۇلجادان	قورعاسقا	21
قۇلجادان	مۇڭعۇلكۇرەگە	31
قۇلجادان	قايتاتىن	29
مىنالار	قانشا	10
كىسىنىڭ	تەلەفون	24
كىسىنىڭ	ۇيىنە	24
كىسىنىڭ	بالاسى	25
كىسىنىڭ	ۇيىندە	35
كىسىنىڭ	نومىرىن	36
كىسىنىڭ	الدىنان	34
كىسىنىڭ	يمانى	27
كىسىنىڭ	نومىرى	26
كىسىنىڭ	نۇمىرىن	14
ۇيندە	ەكەن	20
ۇيندە	تاماق	24
ۇيندە	وتىرمىن	33
ۇيندە	شاي	16
اپاي	بار	27
اپاي	امانسىزبا	34
جوزى	جوق	29
جوزى	بار	31
جوزى	الىپ	16
جوزى	ادام	26
جوزى	بارما	23
اپەكەم	بار	13
اپەكەم	ەكەمىز	17
اپەكەم	ۇيىنە	39
اپەكەم	ۇيىندە	23
قىلعان	جوق	30
قىلعان	ادام	21
قىلعان	سوڭ	22
بيتىپ	تۇر	22
بيتىپ	جاتىرمىن	35
بيتىپ	وتىرمىن	24
بيتىپ	جازىپ	23
ايتقاندا	مەن	14
ايتقاندا	نە	25
ايتقاندارىڭ	كەلسىن	16
ايتقاندارىڭىز	كەلسىن	2
جاعىن	ويلا	28
جاعىن	ويلاپ	29
جاعىن	بىلمەدىم	25
كەپتى	عوي	30
كەپتى	دەپ	16
كەپتى	ەكەن	34
شعاتىن	بولدى	27
شعاتىن	بولىپ	37
شعاتىن	ادام	38
شعاتىن	كەزدە	20
شعاتىن	بولدىم	25
شعاتىن	ماشينا	30
شعاتىن	شعار	16
شعاتىن	كولىك	24
شعاتىن	جولاۋشىلار	19
شعاتىن	بولدىق	13
شعاتىن	بىر	24
شعاتىن	كۇلىك	33
عاشىق	بولىپ	33
عاشىق	بوپ	8
عاشىق	بولعان	18
عاشىق	بولدىم	18
عاشىق	بولۋ	19
دەيسىڭبە	جانىم	22
ۇزىڭشى	جانىم	38
ۇزىڭشى	نەعىپ	22
باعاناعى	مەن	18
باعاناعى	ايتقان	36
باعاناعى	جەردە	35
ەشقانداي	نارسە	37
ەشقانداي	كەرى	38
ەشقانداي	ىس	32
سىم	بىر	29
سىم	الىپ	30
سىم	كيىپ	19
سىم	شاپان	17
سىم	جەيدە	36
وتىرعام	جوق	17
پسىرىپ	جاتىرمىن	3
بىراقتا	مەن	29
بىراقتا	سول	19
بىراقتا	سەن	31
بىراقتا	سەنى	20
دوستىق	شەڭبەر	27
دوستىق	شەڭبەرگە	17
دوستىق	شەڭبەردە	8
دوستىق	شەڭبەردەن	31
دوستىق	شەڭبەرىڭە	20
دوستىق	شەڭبەرىنە	23
دوستىق	شەڭبەرىمە	34
دوستىق	شەڭبەرىڭدى	28
دوستىق	شەڭبەرىمدە	31
دوستىق	شەڭبەرىمدى	29
وتكىزىپ	جاتىر	33
وتكىزىپ	الىپ	23
وتكىزىپ	بەرىپ	37
وتكىزىپ	بەرەيىن	30
جەرىن	قايتا	19
مەنمەن	نە	32
مەنمەن	بىرگە	35
مەنمەن	توي	32
مەنمەن	قاتسى	13
وتباستارىڭ	امان	13
وتباستارىڭىز	امان	1
وتباستارىڭىز	شاتتىققا	2
تۇرامىن	عوي	15
تۇرامىن	جانىم	11
تۇرامىن	دەپ	17
ۇرا	سال	29
ۇرا	بەر	14
ۇرايىن	جانىم	14
ۇرايىن	دەپ	19
ۇرايىن	بولاما	18
ۇرايىن	دەسەم	14
نەقىپ	جاتىر	37
نەقىپ	جاتىرسىڭ	28
نەقىپ	جۇرسىڭ	6
نەقىپ	جاتسىڭ	30
قانات	دەگەن	19
قانات	اعا	37
جاعىنا	قاراي	24
جاعىنان	الاڭداما	19
جانا	بەرسىن	30
جانار	دەگەن	33
جانار	جەجە	36
جەڭىل	عوي	26
جەڭىل	بولسىن	18
جەڭىل	ەكەن	27
جەڭىل	بولسا	15
جەڭىل	بولادى	28
جەڭىل	تاماق	31
جەڭىل	جۇمىس	35
جەڭىل	جەلپى	18
ءدارى	الىپ	35
ءدارى	ىشىپ	17
ءدارى	بەرىپ	15
ءدارى	ءىشىپ	32
ءدارى	تۇتىنۋ	27
ءدارى	بار	33
ماعاش	شىققاندا	18
بىرەۋىن	الىپ	27
بىرەۋىن	الايىن	32
بىرەۋىن	عانا	19
شىنبا	جانىم	34
شىنبا	ەكەن	14
كورسەتىپ	جاتىر	36
كورسەتىپ	قوي	30
بىتىپ	تۇر	20
بىتىپ	كەتتى	32
بىتىپ	قالدى	13
بىتىپ	كەتتىم	22
بىتىپ	كەتكەن	27
بىتىپ	كەتىپتى	36
بىتىپ	كەتسە	19
بىتىپ	قالار	22
بىتىپ	كەتەدى	22
تۇيە	ساۋىپ	17
تۇيە	سۇتى	15
تۇيە	جۇن	28
بارامبا	دەپ	32
بارامبا	جوق	20
بارامبا	دەسەم	8
بارامبا	دەيمىن	25
بارامبا	دەگەم	23
بارامبا	قايتەم	34
بارامبا	بىلمەي	15
تەكسەرىپ	جاتىر	12
تەكسەرىپ	كور	13
تۇياق	قوي	26
تۇياق	مال	14
تۇياق	سيىر	28
تۇياق	قوزى	18
تۇياق	جىلقى	20
تۇرسام	بولدى	20
تۇرسام	بولادى	25
تۇرسام	بولاما	27
ۇشىرىپ	تاستا	27
ۇشىرىپ	تاستاپ	11
ۇشىرىپ	تاستادىم	20
ۇشىرىپ	تاستاعام	18
ۇشىرىپ	تاستاپسىڭ	36
ۇشىرىپ	تاستايمىن	31
قىزمەت	قاربالاس	30
قىزمەت	ىستەپ	29
قىزمەت	تابىستى	20
قىزمەت	قاربالاسپا	26
قىزمەت	وتەۋ	20
ويىم	عوي	24
ويىم	جوق	23
ويىم	سول	6
ويىم	بار	32
ويىم	بولسا	17
اتىڭ	بار	6
اتىڭ	كىم	28
جوعال	دەپ	38
جوعال	ارى	17
جوعال	كوزىمە	18
جوعالىپ	كەتتى	25
جوعالىپ	كەتىپ	16
جوعالىپ	كەتتىڭ	23
جوعالىپ	كەتكەن	9
جوعالىپ	كەتەدى	23
جوعالىپ	كەتەسىڭ	26
جوعالىپ	كەتتڭ	24
تۇسەم	عوي	17
تۇسەم	جانىم	18
تۇسەم	دەپ	34
تۇسەم	دەيدى	17
شىدا	جانىم	19
شىدا	ەندى	11
شىداپ	تۇر	15
شىداپ	جۇر	16
شىداپ	تۇرىپ	21
شىداپ	جۇرمىن	34
شىداپ	جۇرسىڭ	18
بىتتى	عوي	23
بىتتى	دەپ	16
بىتتى	ەندى	34
سۇدان	نەعىپ	34
سۇدان	كەيىن	13
كۇرگەن	جوق	19
كۇرگەن	ادام	16
كۇرگەن	سوڭ	19
كۇرگەن	كىسىلەر	15
كۇرگەن	شىعارسىڭ	25
كۇرگەن	سايىن	28
كۇرگەن	جوقسىڭ	33
كۇرگەن	كسلەر	36
قايتس	بولدى	13
قايتس	بولىپ	14
قايتس	بوپ	6
قايتس	بولعان	19
قايتس	بولىپتى	11
قايتس	بولپتى	33
ۇشىنشى	ايت	34
ۇشىنشى	كۇنى	31
ۇشىنشى	رەت	22
ۇشىنشى	قابات	13
ۇشىنشى	ايتىڭ	35
ۇشىنشى	ايتىڭىز	35
ۇشىنشى	ايتتارىڭ	25
ۇشىنشى	ايتتارىڭىز	23
ۇيقتاماي	نەعىپ	35
ۇيقتاماي	جاتىر	16
ۇيقتاماي	جاتىرسىڭ	15
ۇيقتاماي	شىقتىم	15
ۇيقتاماي	نە	29
سالىڭىز	شى	18
سالىڭىز	دار	23
اپاما	تەلەفون	35
اپاما	ايتىپ	25
اپاما	قاراپ	18
قۋىپ	جۇرىپ	36
قۋىپ	شىقتى	35
كورەسىڭ	عوي	19
كورەسىڭ	جانىم	12
كورەسىڭ	دەپ	24
وتر	عوي	34
وتر	ەكەن	14
وترمىن	عوي	15
وترمىن	جانىم	17
وترمىن	سول	20
ارالاپ	جۇر	38
ارالاپ	جۇرمىن	20
ارالاپ	جۇرمىز	19
ۇيقتايىق	جانىم	22
ۇيقتايىق	دەپ	11
ۇيقتايىق	بولدى	31
ۇيقتايىق	وندا	22
ۇيقتايىق	جاقسى	16
ءبىز	ەندى	38
ءبىز	ءالى	27
ءبىز	جاقتا	35
وتىز	ەكى	20
وتىز	يۋان	25
وتىز	سوم	20
وتىز	بەس	15
وتىز	مىڭ	12
وتىز	جىل	16
الۋ	كەرەك	18
الۋ	قيىن	12
الۋ	ۇشىن	28
الۋ	قولايسىز	17
الۋ	تويى	17
الۋشى	جوق	32
الۋشى	بولسا	15
الۋشى	ەدى	20
الۋشى	ەدىم	18
الۋشى	ەدىڭ	13
الۋشى	بارما	15
الۋشىلار	بولسا	17
الۋشىلار	قابارلاسىڭىزدار	4
ادامسىڭ	عوي	34
ادامسىڭ	سەن	7
الىڭدار	دەپ	14
الىڭدار	دەيدى	17
مۇتىپ	قالدىڭبا	16
مۇتىپ	كەتكەن	27
مۇتىپ	قالىپپىن	22
مۇتىپ	كەتىپپىن	15
مۇتىپ	كەتپە	10
كەتەيىك	دەپ	24
كەتەيىك	بولدى	12
كەتەيىك	دەيدى	33
كەتەيىك	دەسەم	34
كەتەيىك	بولاما	29
كەتەيىك	دەسەك	30
بەلەت	الىپ	19
بەلەت	تاستاپ	14
بەلەت	تاستاي	10
مينوت	بولدى	22
مينوت	قالدى	30
مينوت	ۋاقىت	19
مينوت	سايىن	37
مينوت	اينالاسىندا	31
مينوت	بولسادا	19
سوزى	جوق	26
سوزى	كوپ	18
سوزىڭ	عوي	17
سوزىڭ	جوق	7
سوزىڭ	بولسا	38
سوزىڭ	ەستىلمەي	30
سوزىڭ	بىر	20
شىنى	شاي	31
شىنى	كەرەك	13
شىنى	جۋىپ	19
شىنى	جۋاتىن	16
شىنى	الىپ	19
اتاڭ	مەن	16
اتاڭ	بار	25
اتاڭ	قانداي	33
اتاڭ	اپاڭ	24
اڭگمە	جوق	25
اڭگمە	ايت	26
اڭگمە	ايتىپ	16
اڭگمە	ايتشى	32
اڭگمە	ايتپ	21
اڭگمە	ايتايىق	27
اڭگمە	ايتا	10
بارىمىز	جاقسى	27
بارىمىز	بىر	34
بارىمىز	سول	17
بارىمىز	بىرگە	30
بارىمىز	امان	22
بەرەكە	جوق	18
بەرەكە	بەرسىن	24
بەرەكە	بىرلىك	15
بەرەكە	بازارى	13
بەرەكە	بىرلىكتەن	16
جاقسىراق	دەم	28
جاقسىراق	دەمال	29
جاقسىراق	دەمالىپ	16
جاقسىراق	ويلان	22
جاقسىراق	ويلانىپ	27
جاقسىراق	كۇتىن	27
كوڭىلى	جاقسى	33
كوڭىلى	بار	18
كوڭىلىم	عوي	19
كوڭىلىم	بىر	34
كوڭىلىم	قالدى	19
كوڭىلىم	اۋىرىپ	16
كوڭىلىم	قاتتى	24
كوڭىلىم	جارىم	35
كوڭىلىم	قالىپ	24
كوڭىلىم	بوساپ	22
كوڭىلىم	قالعان	23
سزگە	نە	19
اياعىم	اۋىرىپ	18
اياعىم	توڭىپ	31
اياعىم	قاقساپ	35
اياعىم	ىسىپ	11
الدىنا	كەلىپ	21
الدىنا	بارىپ	27
الدىنا	قويىپ	20
ياجاقسى	جانىم	16
ياجاقسى	امانشىلىق	36
ياجاقسى	ۇزىڭ	5
تۇرعوي	جانىم	32
سالەمىڭىز	قابىل	20
تاستاي	سال	31
تاستاي	سالىپ	14
تاستايىن	دەپ	17
تاستايىن	دەيدى	11
تاستايىن	بولاما	32
تاستايىن	دەسەم	27
تاستايىن	دەگەم	23
بولماسىن	دەپ	35
بولماسىن	دەگەنىم	14
بولماسىن	جانىم	26
مقتى	بولسىن	20
مقتى	ەكەن	29
مقتى	ەكەنسىڭ	17
مقتى	بولساڭ	25
مقتى	دەنساۋلىق	21
مقتى	ازامات	20
مقتى	بول	18
انالار	جىيىنى	37
انالار	امان	28
الدىڭدارما	جانىم	33
قاراسا	بولدى	19
قاراسام	جوق	11
قاراسام	سەن	29
قايتپ	بارام	32
قۇداشا	جان	31
قۇداشا	بولىپ	26
زيان	عوي	31
زيان	جوق	16
زيان	بولدى	35
زيان	ەكەن	32
زيان	بولادى	23
زيان	شەگىپ	18
تىلەگەن	تىلەكتەرىڭىز	2
جولداعان	جوق	22
جولداعان	سوڭ	29
بىرنشى	كۇنى	19
بىرنشى	رەت	26
اۋىرۋ	جوق	32
اۋىرۋ	بولدى	26
اۋىرۋ	بار	31
اۋىرۋ	بولىپ	27
اۋىرۋ	تاۋىپ	34
اۋىرۋ	سەبەبىنەن	35
اۋىرۋ	كوپ	16
قايۋاقتا	كەلەدى	24
قايۋاقتا	كەلەسىڭ	29
قايۋاقتا	قايتاسىڭ	37
قايۋاقتا	شىعاسىڭ	15
قايۋاقتا	تۇسەسىڭ	36
قايۋاقتا	باراسىڭ	14
تەمىر	ادام	25
تەمىر	تۇلپار	31
تەمىر	تۇلپارىڭ	18
المادىڭ	عوي	35
المادىڭ	جانىم	6
قالجىڭداپ	جاتىرمىن	5
قالجىڭداپ	ايتىپ	13
قالجىڭداپ	وتىر	32
قالجىڭداپ	وتىرمىن	27
قالجىڭداپ	قويدىم	13
قالجىڭداپ	قويعام	19
ويلاعان	ەدىم	18
ويلاعان	سايىن	19
ويلاعان	ويىڭ	17
سەكىلدى	عوي	30
سەكىلدى	بولىپ	22
سەكىلدى	ەدى	29
جەكەلىككە	اتىپ	16
جەكەلىككە	قابارلاسىڭىز	34
جەكەلىككە	قابارلاسىڭىزدار	31
جەكەلىككە	قوسىپ	7
جەكەلىككە	سويلەڭىزدەر	19
زدەپ	جاتىر	1
زدەپ	بارىپ	21
زدەپ	جاتىرمىن	31
زدەپ	جۇر	32
زدەپ	جۇرمىن	26
زدەپ	بارام	26
زدەپ	بارايىن	26
زدەپ	وتىرمىن	29
زدەپ	بارامىن	27
زدەپ	بارسام	36
كوزى	بار	18
كوزى	تۇسىپ	24
كوزىم	اۋىرىپ	18
كوزىم	تۇسىپ	19
كوزىم	اشىپ	21
كوزىم	تورت	34
كوزىم	جەتەدى	26
كوزىم	جەتتى	35
كوزىم	اشىلماي	21
كوزىم	ىلىنىپ	25
كوزىم	جەتىپ	19
كوزىم	ىسىپ	24
تەلەفونى	توقتاپ	24
تەلەفونى	گۋانجي	23
تەلەفونى	جوق	12
تەلەفونى	بۇزىلىپ	19
تەلەفونىم	جاقسى	16
تەلەفونىم	توقتاپ	24
تەلەفونىم	بۇزىلىپ	23
تەلەفونىم	تارتپاي	10
تەلەفونىم	گۋانجي	20
تەلەفونىم	تيڭجي	29
ۋاقت	جوق	29
ۋاقتا	كەلەسىڭ	12
ۋاقتا	قايتاسىڭ	19
قالامىن	عوي	34
قالامىن	جانىم	10
قالامىن	دەپ	20
تيمەي	جاتىر	18
تيمەي	تۇر	9
تيمەي	كەتتى	26
تيمەي	قالدى	19
تيمەي	قالادى	11
كەتپە	جانىم	32
كەتپە	دەپ	17
كەتپەسىن	جانىم	26
كەتپەسىن	دەپ	20
كەتپەسىن	بايقا	18
جۇرەسىڭ	عوي	27
جۇرەسىڭ	جانىم	14
كۇيى	جوق	24
كۇيى	جاقسى	13
كۇيىم	جوق	19
كۇيىم	جاقسى	8
كۇيىم	بىر	8
كۇيىم	دۇرىس	33
كۇيىم	بولماي	32
كۇيىم	ناشار	33
كۇيىم	ۇتە	29
كۇشەدە	جۇر	36
كۇشەدە	جۇرمىن	34
كۇشەدە	تۇرمىن	15
كۇشەدە	تاماق	25
جىلدا	بىر	32
جىلدان	كەيىن	12
جىلدان	بەرى	12
جىلدان	سوڭ	6
جىلدان	باستاپ	21
جىلدان	اسىپ	28
جىلدان	استى	22
جىلدان	جىلعا	15
جىلدان	بەرگى	19
ىسى	عوي	34
ىسىڭ	ىلگەرى	30
ىسىڭ	ىلكەرى	2
بىرەۋدە	اقشام	17
بىرەۋدەن	الىپ	17
بىرەۋدەن	اقشا	16
بىرەۋدەن	الدىم	21
بىرەۋدەن	سۇراپ	30
بىرەۋدەن	الاتىن	12
بىرەۋدەن	قارىز	23
بىرەۋدەن	الساڭدا	19
قانشادا	كەلەسىڭ	36
قانشادا	شىعاسىڭ	38
قانشادا	تۇسەسىڭ	34
قانشادا	بارامىز	33
قانشادا	جۇرەمىز	30
قانشادا	جۇرەسىڭ	35
قويدىق	قوي	21
سەنبە	سەن	18
سەنبە	دەپ	24
سەنبەسەڭ	بولدى	18
سەنبەسەڭ	قوي	30
سەنبەسەڭ	ۇزىڭ	19
سەنبەسەڭ	قويشى	12
سەنبەسەڭ	وزىڭ	28
سەنبەسەڭ	سىناپ	20
بىلسە	بولدى	36
بىلسە	ۇيات	20
بىلسەڭ	مەن	20
بىلسەڭ	بولدى	29
ماما	مەن	5
ماما	دەپ	32
ماما	جەپ	28
دەندەرى	ساۋ	13
دەندەرىڭ	ساۋ	1
دەندەرىڭىز	ساۋ	11
نەربى	عوي	25
نەربى	ەكەن	20
نەربى	سول	17
نەربى	بولىپ	23
نەربى	قاتىن	24
سۇراسام	جوق	21
سۇراسام	بولاما	19
سۇراسام	بولمايما	18
سۇراسام	بەرمەي	33
سۇراسام	جاۋاپ	26
كىممەن	بىرگە	34
كىممەن	كىم	36
كىممەن	سويلەسىپ	14
كىممەن	سۇيلەسىپ	11
كىممەن	اڭگىمەلەسىپ	34
بولدىعوي	جانىم	28
شىعاسىڭ	عوي	18
شىعاسىڭ	جانىم	17
توزىپ	كەتتى	13
توزىپ	جۇر	19
توزىپ	كەتتىم	34
توزىپ	جۇرمىن	14
توزىپ	كەتكەن	20
توزىپ	كەتەدى	33
توزىپ	كەتىپتى	20
توزىپ	كەتتىك	28
دەنى	ساۋ	16
دەنى	ساۇ	2
دەنىڭ	ساۋ	18
دەنىڭ	ساۇ	2
دەنىڭ	ساۋما	16
يىت	ەكەن	36
يىت	بولىپ	23
يىت	ەكەنسىڭ	34
يىت	قىلىپ	32
يىت	قۇساپ	35
يىت	بوق	35
يىت	بوپ	17
يىت	نەمە	26
يىت	جەسىن	24
ايدان	كەيىن	19
ايدان	بەرى	9
ايدان	سوڭ	13
ايدان	باستاپ	18
ايدان	اسىپ	11
ايدان	استى	19
سەزىم	جوق	36
سەزىم	بار	15
سەزىم	كەلىپ	25
سەزىم	دەگەن	29
سەزىم	ۇشىن	18
سەزىم	پايدا	20
قىرىق	كۇن	12
قىرىق	يۋان	19
قىرىق	سوم	24
قىرىق	بەس	24
قىرىق	مىڭ	20
قىرىق	جىل	19
كۇرەيىك	جانىم	27
كۇرەيىك	دەپ	35
كۇرەيىك	بولاما	18
قايجەردە	ەكەن	25
قايجەردە	ىستەپ	17
قايجەردە	جۇرسىڭ	27
قايجەردە	وتىرسىڭ	25
قايجەردەن	بولدىڭ	26
قايجەردەن	بولدىڭىز	9
قايجەردەن	بولاسىز	6
تارتقان	عوي	25
تارتقان	ەكەن	24
تارتقان	كۇنى	20
تارتقان	راسىم	20
جاساعان	جوق	29
جاساعان	سوڭ	37
جاساعان	ادام	21
جاساعان	بالانىڭ	19
دەگەندى	ەستىپ	30
مانتى	الىپ	28
مانتى	جەپ	20
مانتى	تۇيىپ	16
قىلام	عوي	26
قىلام	جانىم	17
قىلام	دەپ	20
قىلام	دەيدى	14
ازىراق	اقشا	32
ازىراق	ىش	20
ازىراق	ىشىپ	16
ازىراق	بولسادا	30
ماشينانىڭ	اقشاسىن	33
ماشينانىڭ	ىشىندە	23
بىرنەشە	ادام	29
بىرنەشە	كۇن	31
بىرنەشە	كۇندە	8
بىرنەشە	جىل	15
بىرنەشە	رەت	31
بىرنەشە	كۇننەن	18
بىرەسە	انا	28
بىرەسە	بىلاي	31
بەن	بىرگە	19
بەن	قۇتتىقتايمىن	31
جەزدە	اعا	13
تۇرعام	جوق	32
قانشالىق	جاقسى	18
قانشالىق	ەكەنىن	16
كورسەم	دەپ	34
كورسەم	بولدى	30
كورسەم	بولادى	15
كورسەم	بولاما	25
بەي	ۇزى	14
بەي	ءوزى	17
بەيت	باسىنا	11
بەيت	باسنا	4
بەيتۇن	جاققا	9
بەيتۇنعا	بىر	10
بەيتۇنعا	بارىپ	18
بەيتۇنعا	كەتىپ	16
بەيتۇنعا	باراتىن	23
كەلەمىز	عوي	17
كەلەمىز	دەپ	16
كەلەمىز	دەيدى	12
كەلەمىز	دەگەن	13
قۇسىپ	جاتىر	16
قۇسىپ	جاتىرمىن	26
قۇسىپ	تىشىپ	21
سالەمدەرىڭ	قابىل	19
سالەمدەرىڭ	سالەمەت	2
دەيمە	دەپ	27
دەيمە	ايتەۋ	18
ايتايىق	جانىم	19
ايتايىق	دەپ	27
ايتايىق	بولاما	18
ايتايىق	دەسەم	15
كەرەگى	جوق	28
كەرەگى	نە	20
كەرەگى	بار	3
بەرسەڭىز	جاقسى	17
بەرسەڭىز	بولدى	29
بەرسەڭىز	بولادى	12
بەرسەڭىز	بولاما	19
ايبات	ەكەن	25
ايبات	بولىپ	10
ايبات	قوي	22
ايبات	بولىپتى	27
ەگەن	عوي	28
ەگەن	دەپ	16
ەگەن	قوي	20
قالدارىڭ	قالاي	32
كەنشەك	جوق	33
كەنشەك	بار	27
كەنشەك	تاۋىپ	35
كەنشەك	الىپ	18
قايتقان	جوق	29
قايتقان	كۇنى	15
قايتقان	سوڭ	24
قايتقان	كەزدە	10
قايتقاندا	الىپ	17
قايتقاندا	قابارلاس	37
قايتقاندا	قابارلاسايىن	18
بەرەسىڭبە	جانىم	16
بەرەسىڭبە	دەپ	35
بەرەسىڭبە	جوق	19
بەرەسىڭبە	بەرمەيسىڭبە	34
سۇمدىق	بولدى	34
سۇمدىق	ەكەن	17
سۇمدىق	بولىپ	17
سۇمدىق	قوي	28
سۇمدىق	ەكەنسىڭ	16
وداندا	جاقسى	35
وداندا	كوپ	28
جاتادى	عوي	27
جاتادى	دەپ	12
جاتادى	ەكەن	25
جاتادى	ەكەنسىڭ	13
قورقام	عوي	29
قورقام	جانىم	22
قورقام	دەپ	32
كۇيىپ	تۇر	11
كۇيىپ	كەتتى	14
كۇيىپ	كەتتىم	43
كۇيىپ	كەتكەن	41
كۇيىپ	كەتەدى	23
كۇيىپ	جانىپ	36
كۇيىپ	قالدى	16
كۇيىپ	كەتىپ	36
كۇيىپ	قالعان	21
كۇيىپ	كەتىپتى	31
پۇلدى	الىپ	5
پۇلدى	اتىپ	24
پۇلدى	بەرە	16
پۇلدى	اتا	19
ىرەنجىپ	جاتىر	20
ىرەنجىپ	قالدىم	27
ىرەنجىپ	قالدىڭبا	18
ىرەنجىپ	قالدىما	10
ىرەنجىپ	قالما	24
ىرەنجىپ	جۇرسىڭبە	18
شعام	عوي	6
شعام	دەپ	16
شعام	دەيدى	17
جايىپ	جاتىرمىن	17
جايىپ	وتىرمىن	33
جايىپ	جۇر	22
جايىپ	جۇرمىن	19
جايىپ	جۇرسىڭبە	14
دوعدىر	نە	26
دوعدىر	قانادا	19
دوعدىرعا	بار	20
دوعدىرعا	بارىپ	27
دوعدىرعا	بارام	15
دوعدىرعا	جاتىپ	35
دوعدىرعا	اپارىپ	28
دوعدىرعا	بارايىن	25
دۇزۋ	ادام	27
دۇزۋ	بولسا	27
دۇزۋ	جۇر	28
دۇزۋ	جاۋاپ	31
اعاش	ۇي	16
تىرى	بولسا	34
تىرى	بولساڭ	18
تىرى	بولسام	26
تىرى	جەتىم	19
تىرى	داۋستا	20
تىرى	داۋىستا	11
تىرى	ادام	34
قايتەر	ەكەن	28
قايتەر	ەكەنسىڭ	4
قايتەر	ەكەم	25
قايتەر	ەدىڭ	19
ۇيقتايمىن	عوي	34
ۇيقتايمىن	جانىم	15
ۇيقتايمىن	دەپ	17
بوي	جانىم	11
بوي	جەتكەن	26
بوي	بەرمەي	24
بوي	بەرمەيدى	10
بوي	بيىكتىگىڭىزبەن	30
كورەتىن	بولدى	19
كورەتىن	ادام	27
كورەتىن	شىعار	20
كورەتىن	ۋاقىت	24
كورەتىن	بولدىم	28
كورەتىن	بولدىق	26
اڭگىمەلەسىپ	وتىر	28
اڭگىمەلەسىپ	وتىرمىز	30
اڭگىمەلەسىپ	وتىرىپ	19
اڭگىمەلەسىپ	وتىرايىق	26
اڭگىمەلەسىپ	تۇرايىق	17
كورەدى	عوي	30
كورەدى	دەپ	13
كورەدى	ەكەن	19
كورەدى	ەكەنسىڭ	12
جارقىن	اعا	27
شالا	بولىپ	19
شالا	بوپ	13
شالا	ۇيقى	33
شالا	پالا	18
شىداماي	جاتىرمىن	21
شىداماي	كەتتىم	24
شىداماي	جۇرمىن	12
شىداماي	كەتەم	32
شىداماي	قالدىڭبا	29
تاپسىر	دەپ	9
تاپسىرىپ	قوي	10
تاپسىرىپ	الدىم	29
تاپسىرىپ	قويدىم	10
سەميا	بار	34
سەميا	بولىپ	31
سەميا	بولعان	20
سەميا	ارالاپ	26
تۇگەپ	كەتتى	33
تۇگەپ	قالدى	9
تۇگەپ	كەتىپ	15
تۇگەپ	قالعان	29
تۇگەپ	كەتكەن	33
تۇگەپ	قالىپتى	23
تۇگەپ	كەتىپتى	34
تۇگەپ	كەتپتى	20
جيناپ	جاتىر	32
جيناپ	الىپ	22
جيناپ	جاتىرمىن	25
جيناپ	جۇرمىن	19
نەعپ	جاترسڭ	27
نەعپ	جاتسڭ	7
قانشادان	الىپ	25
قانشادان	بەرىپ	23
قانشادان	بەرەدى	32
قانشادان	ساتىپ	27
قانشادان	بەرەسىڭ	19
قانشادان	بەرەسىز	23
كوشى	قون	25
كوشىپ	كەلىپ	5
كوشىپ	بارىپ	14
كوشىپ	كەتتى	19
كوشىپ	كەتكەن	24
كوشىپ	كەلگەن	35
كوشىپ	كەپ	28
اۋىرتىپ	جاتىر	17
اۋىرتىپ	الىپ	22
اۋىرتىپ	الدىم	26
اۋىرتىپ	قويدىم	24
اۋىرتىپ	قايتەسىڭ	28
اۋىرتىپ	جىبەردى	26
ەرتەڭنەن	باستاپ	14
ەرتەڭنەن	قالدىرماي	2
وسەك	ايتىپ	28
وسەك	ايتايىق	12
نەعىل	دەيدى	30
نەعىل	دەيسىڭ	9
نەعىلدى	جانىم	5
قىرعا	بارىپ	16
قىرعا	كەتىپ	14
قىرعا	شىعىپ	17
كورمەدى	عوي	1
كورمەدىم	عوي	11
كورمەدىم	جانىم	10
كورمەدىم	دەپ	31
شاپ	شاپ	31
شاپان	جوق	13
شاپان	الىپ	32
شاپان	كيىپ	17
جانىڭدا	ادام	37
جانىڭدا	كىم	18
جانىڭدا	بىرەۋ	14
جانىڭدا	بولسام	28
جانىڭدا	مەن	37
جوقبا	جانىم	29
جوقبا	دەپ	26
جوقبا	ەكەن	29
ۇيدەگىلەر	بار	36
قورا	سالىپ	19
قورا	جاي	29
قورا	جاققا	17
قورا	قوي	16
تاعىدا	بىر	34
قويامىن	عوي	19
قويامىن	جانىم	12
قويامىن	دەپ	27
بولساق	جاقسى	32
بولساق	بولدى	19
بولساق	بولادى	35
بولساق	قانداي	29
بولساق	بارى	12
دۇيسەنبى	كۇنى	32
قۇيدى	عوي	19
قۇيدىم	عوي	17
اسالاۋماعالايكۇم	قايىرلى	29
اسالاۋماعالايكۇم	دوسىم	21
اسالاۋماعالايكۇم	اعا	37
اسالاۋماعالايكۇم	امانسىزبا	10
اسالاۋماعالايكۇم	امانشىلىق	27
قالپپىن	عوي	19
قالپپىن	جانىم	14
كەتكەلى	جاتىر	29
كەتكەلى	تۇر	11
كەتكەلى	قاي	25
كەتكەلى	جاتىرمىن	36
كەتكەلى	تۇرمىن	14
كەتكەلى	جاتىرمىز	20
تۇرمىز	عوي	26
ايعا	بولىپ	18
ايعا	دەيىن	27
ايعا	تاياپ	10
جۇما	ەكەن	34
جۇما	كۇنى	30
جۇما	سەنبى	6
بەرپ	تۇر	30
بەرپ	تۇرشى	30
باسىڭدى	جۋىپ	19
باسىڭدى	اۋىرتىپ	32
باسىڭدى	اۋىرتپا	14
تۇردەن	جانىم	33
تۇردەن	سول	23
تۇردەن	اينالايىن	7
تۇردەن	ورىن	11
قىزىڭ	جاقسى	18
قىزىڭ	بار	31
قىزىڭ	قايدا	18
قىزىڭ	قانداي	28
ىستەرىڭىز	ىلگەرى	19
ىستەرىڭىز	ءونىمدى	2
كورىڭىز	جانىم	19
كورىڭىز	وندا	26
كورىڭىز	تۇن	26
باسقالار	نە	34
باسقالار	قايدا	30
باسقالار	مەن	37
باسقالار	ۇشىن	19
دايكۋان	بار	26
دايكۋان	الىپ	23
كەتەمە	دەپ	14
كەتەمە	ەكەن	6
كەتەمە	دەگەنىم	32
كەتەمە	كىم	22
قىلايىن	دەپ	23
قىلايىن	بولاما	9
قىلايىن	دەسەم	23
قىلايىن	دەگەم	17
كۇرگىم	كەلىپ	36
كۇرگىم	كەلدى	3
كۇرگىم	كەلەدى	16
كۇرگىم	كەپ	25
كۇرگىم	كەلمەيدى	19
كۇرگىم	جوق	17
بولۋشى	ەدى	24
بولۋشى	ەدىم	2
كەڭەس	الىپ	28
كەڭەس	ايتىپ	22
كەڭەس	الايىن	21
كەڭەس	ايتشى	16
كەڭەس	سۇرايىن	33
كەڭەس	الاسىزبا	17
كەڭەس	بەرۋشى	33
كەڭەس	الماقشى	27
كەڭەس	الۋ	33
كەڭەس	الساڭىز	33
كەڭەس	بەرۋ	25
حابار	جوق	20
حابار	بارما	8
كەلمەيتىن	بولدى	19
كەلمەيتىن	بولىپ	13
كەلمەيتىن	شىعار	16
كەلمەيتىن	سياقتى	13
كەلمەيتىن	بولدىڭبا	32
كەلمەيتىن	بولدىڭ	23
بوق	سوز	14
بوق	جەگەنىن	21
بوق	مۇرىن	24
بوقتا	جوق	12
بوقتاپ	جاتىر	8
بوقتاپ	كەتتى	16
بوقتاپ	بوقتاپ	29
كۇرسە	ۇيات	33
كۇرسەڭ	بولدى	17
كۇرسەڭ	بولادى	11
كۇرسەڭ	بولمايما	20
كۇرسەڭ	جاۋاپ	25
كۇرسەڭ	بىلەسىڭ	30
زامان	عوي	31
زامان	بولدى	23
زامان	ەمەس	19
زامان	تەڭ	27
نۇر	جاۋسىن	43
نۇرلى	بولسىن	10
نۇرلى	وقۋى	43
نۇرلى	اتپال	39
نۇرلى	جولى	3
نۇرلى	اتبال	33
سەندەي	جاقسى	34
سەندەي	ادام	22
سەندەي	بولسا	20
سەندەي	سۇلۋ	31
سەندەي	بولمايدى	27
زادى	بىر	24
زادى	نە	33
قۇداعي	بولىپ	21
سالادى	عوي	25
سالادى	دەپ	14
سالادى	ەكەن	19
سالادى	ەكەنسىڭ	10
سالەمەت	بولسىن	26
سالەمەتسىز	دەرمە	27
سالەمەتسىز	ەرلەر	4
اتقا	مىنىپ	9
اتقان	جوق	15
اتقان	تاڭ	17
اتقان	اق	22
اتقان	تاڭدارىڭىز	16
اتقان	تاڭىڭ	15
اتقانشا	ۇيقى	17
اتقانشا	ۇيقتاماي	35
ءبىراق	مەن	11
ءبىراق	سەن	25
قاعىپ	تۇر	19
قاعىپ	كەتتى	18
سالدىرىپ	جاتىر	29
سالدىرىپ	ال	21
سالدىرىپ	جاتىرمىن	20
سالدىرىپ	وتىرمىن	14
سالدىرىپ	كەلدىم	30
كاسىپ	جوق	32
كاسىپ	قوي	22
كاسىپ	ىستەپ	30
كاسىپ	ىستەيسىڭ	19
كاسىپ	ستەيسىز	17
جاساي	سال	34
جاساي	بەر	17
جاساي	الماي	29
جاساي	بەرەيىن	15
جاساي	بەرسىن	20
جاساي	المايمىن	25
جاساي	المايدى	24
العالى	جاتىر	25
العالى	جاتىرمىن	18
العالى	كەتتى	24
العالى	جۇر	29
العالى	كەلدىم	33
وشىرىپ	تاستا	20
وشىرىپ	تاستاپ	11
وشىرىپ	تاستادىم	20
وشىرىپ	تاستاعام	18
وشىرىپ	تاستاپسىڭ	22
وشىرىپ	تاستاعانسىڭ	25
بەلىم	اۋىرىپ	25
بەلىم	اۋرىپ	6
ىشەم	عوي	34
ىشەم	جانىم	15
ىشەم	دەپ	22
ىشەم	دەيدى	14
بوسا	بولدى	22
ايتتىڭىز	عوي	26
الباستى	سول	19
الباستى	قۇساپ	25
الباستى	باسىپ	30
الباستى	باسقىر	19
ءۇي	الىپ	13
ءۇي	جاققا	32
ءۇي	تازالاپ	32
ءۇي	ساتىلادى	26
ءۇي	مايلاپ	29
اقىن	ەكەن	17
اقىن	بولىپ	29
اقىن	ەكەنسىڭ	15
اقىن	قىز	26
اقىن	جىگىت	25
بويى	ۇزىن	19
بويىنشا	بولسىن	18
قولدا	ناق	12
قولدا	باردا	11
قولداپ	جاتقان	16
قولداپ	جاتقانىڭا	25
قولداپ	قۋاتتاپ	23
قولداپ	جاتقاندارىڭىزعا	9
جىر	بولدى	20
جىرعاپ	قالدى	16
جىرعاپ	جۇر	33
جىرعاپ	قالدىم	18
جىرعاپ	قالعان	20
جىرعاپ	جۇرگەن	27
جىرعاپ	تۇرعان	16
جىرعاپ	قالدىق	16
جىرعاپ	جۇرگەم	30
جىرعاپ	تۇرسىڭ	32
جىرعاپ	وتىرعام	15
قايىت	جانىم	34
قايىت	دەپ	25
قايىت	بولدى	19
قايىت	ەندى	28
قايىت	ۇيگە	32
قايىت	دەيسىڭ	20
قايىت	وندا	16
الساڭىز	بولدى	28
الساڭىز	بىر	18
الساڭىز	بولادى	32
الساڭىز	بىرەۋ	16
الساڭىز	دار	20
الساڭىز	مەنى	30
بۇنداي	ەمەس	30
بۇنداي	بولعاندا	19
بۇنداي	وراي	18
كۇشىگىم	سول	22
كۇشىگىم	مەنىڭ	8
جىگىتى	بار	30
جىگىتىڭ	جوق	13
جىگىتىڭ	نە	19
جىگىتىڭ	بار	27
جىگىتىڭ	قايدا	19
جىگىتىڭ	بارما	13
كەتتىمە	جانىم	12
كەتتىمە	دەپ	24
كەتتىمە	دەسەم	17
كۇتەرىپ	الىپ	15
كۇتەرىپ	العان	20
اۋرە	ەكەن	32
اۋرە	بولىپ	30
اۋرە	ەمەس	18
اۋرە	بولما	30
اۋرە	بولماي	12
اۋرە	بولدىڭ	24
اۋرە	بولدىڭىز	14
اۋرە	بولماياق	34
جازا	سال	21
جازا	بەر	17
جازا	الماي	15
جازا	المايمىن	14
جازا	سالشى	33
وتىراتىن	ادام	33
وتىراتىن	كۇن	24
وتىراتىن	ەمەس	27
وتىراتىن	ەدىم	31
وتىراتىن	ۋاقىت	18
وتىراتىن	بولدىم	22
وتىراتىن	جەر	32
وتىراتىن	بولدىق	24
وتىراتىن	بولدى	28
وتىراتىن	ەدىك	20
كەلسەم	جوق	33
كەلسەم	بولدى	22
كەلسەم	بولادى	31
دەمە	جانىم	25
مەندەدە	جوق	23
مەندەدە	بار	14
مەندەدە	اقشا	16
مەندەدە	امال	16
مەندەدە	جاعداي	15
مۇرات	دەگەن	28
مۇرات	اعا	33
وقسايدى	عوي	28
وقسايدى	ەكەن	14
بىلەتىن	ادام	16
بىلەتىن	شىعار	18
بىلەتىن	كىسىلەر	17
بىلەتىن	شىعارسىڭ	26
بىلەتىن	شعارسىڭ	34
بىلەتىن	بولاسىڭ	11
التايدا	جۇرمىن	32
التايدان	بولامىن	33
التايدان	بەيتۇنعا	14
التايدان	قاباعا	26
التايدان	الاعاققا	32
التايدان	كەلگەن	19
قارتا	ويناپ	17
سىيلاسىن	جانىم	15
سىيلاسىن	جاقسى	13
جاقسز	اعا	15
جاقسز	جەجە	26
جاقسز	جەڭگە	31
جاقسز	دار	15
ىشكەلى	جاتىر	19
ىشكەلى	جاتىرمىن	33
ىشكەلى	وتىرمىن	13
ىشكەلى	جاتىرمىز	19
ىشكەلى	وتىرمىز	7
قىستا	بىر	31
قىستاي	بىر	20
سانى	بار	19
سانى	از	26
سانى	شەكتى	17
بىزدەن	بىر	33
بىزدەن	باسقا	18
بىزدەن	بۇرىن	22
بىزدەن	ارتىق	21
بىزدەن	تالعام	31
اشۋ	ۇستىندە	29
اشۋى	جامان	16
اشۋىم	كەلىپ	12
اشۋىم	كەلدى	6
اشۋىم	تۇسىپ	22
اشۋىم	كەلەدى	10
اشۋىم	كەپ	17
تۇسىنە	الماي	26
تۇسىنە	المادىم	12
تۇسىنەم	عوي	14
تۇسىنەم	جانىم	10
وزىدە	سول	26
وزىدە	سولاي	25
بىرەكى	ادام	16
بىرەكى	كۇن	33
بىرەكى	ۇش	10
بىرەكى	كۇندە	32
بىرەكى	ساعات	12
بىرەكى	رەت	19
بىرەكى	كۇننەن	29
بىرەكى	كۇنەن	18
شىقباي	جاتىر	15
شىقباي	تۇر	12
شىقباي	قالدى	15
شىقباي	قويدى	17
شىقباي	قويدىڭ	18
ۇرىمجىدە	جۇرمىن	32
ۇرىمجىدەن	قايتاتىن	22
ۇرىمجىدەن	سالىنادى	33
ۇرىمجىدەن	شىڭگىلگە	10
ۇرىمجىدەن	شونجىعا	31
ۇرىمجىدەن	باركولگە	25
باسا	سال	34
باسا	الماي	21
باسا	المايدى	13
باسا	سالشى	18
باساتىن	بىر	21
باساتىن	ادام	18
باساتىن	مال	27
باساتىن	ماشينا	37
باساتىن	جۇك	36
باساتىن	مالدارىڭىز	37
باساتىن	ەكى	25
باساتىن	جىگىتتەر	14
باساتىن	جۇكتەرىڭىز	11
بىرتۇرلى	جاقسى	32
بىرتۇرلى	بولىپ	31
بىرتۇرلى	بوپ	9
تاستاپتى	عوي	27
تاستاپتى	دەپ	13
توتە	ايتا	20
بولمايتىن	بولدى	31
بولمايتىن	بولىپ	16
بولمايتىن	شىعار	17
بولمايتىن	سياقتى	12
بولمايتىن	شعار	18
بولمايتىن	ۇقسايدى	22
جۇپ	جۇمساق	20
قايران	كۇندەر	16
قايران	جاستىق	17
قايران	بالالىق	23
سويلەسە	بەر	16
سويلەسە	الماي	30
سويلەسەم	جاۋاپ	33
سويلەسەم	سويلەمەي	18
سويلەسەم	سويلەمەيدى	16
سويلەسەم	بولاما	17
بولايىق	جانىم	29
بولايىق	دەپ	17
بولايىق	بولاما	16
بارماياق	قوي	34
بارماياق	قويشى	9
بارماياق	قويايىن	25
بارماياق	قويساڭ	8
بارماياق	قويايىق	36
بارماياق	قويسىن	16
بارماياق	قويسام	26
كوپشىلىك	مىنا	38
كوپشىلىك	سىزدەرگە	19
كوپشىلىك	مەن	13
كوپشىلىك	ەرتەڭ	35
ارقىلى	تاراتىلاتىن	24
ارقىلى	حابارلايتىن	18
كەشىڭ	كوڭىلدى	24
كەشىڭ	كۇڭىلدى	2
پەن	دەنساۋلىق	12
جاقسزبا	اعا	22
جاقسزبا	جەجە	24
جانىمدا	بىر	13
جانىمدا	ادام	21
جانىمدا	بولساڭ	17
قويىڭىزدار	راحىمەت	14
جاسىڭ	عوي	16
جاسىڭ	ۇزاق	20
وسنداي	بولىپ	24
وسنداي	كەزدە	32
وسنداي	بەرەكەدەن	27
قالايماقان	نارسە	19
قالايماقان	سويلەپ	33
قالايماقان	سويلەمە	18
قالايماقان	ادام	18
قالايماقان	تۇس	34
الكى	اقشانى	24
الاما	دەپ	20
الاما	ەكەن	12
الاما	المايما	12
مىنادان	بىر	9
مىنادان	الىپ	29
مىنادان	الايىن	23
مىنادان	سۇراپ	26
مىنادان	بىرەۋ	29
مىنادان	زات	15
دايىنداپ	قوي	20
دايىنداپ	قويدىم	13
دايىنداپ	قويىپ	16
دايىنداپ	قويايىن	22
تاسىپ	جاتىر	18
تاسىپ	جاتىرمىن	17
تاسىپ	جۇر	35
تاسىپ	جۇرمىن	21
تاسىپ	جۇرگەن	26
تاسىپ	قاربالاس	20
تاسىپ	جاتىرمىز	22
ايتپايمىن	عوي	20
ايتپايمىن	جانىم	15
ايتپايمىن	دەپ	20
تۇسىڭ	كوڭىلدى	13
تۇسىڭ	كۇڭىلدى	3
تۇسىڭدە	مەنى	15
تۇسىڭدە	كور	2
قالعام	عوي	3
قالعام	جوق	27
باسىلىپ	كەتتى	34
باسىلىپ	قالدى	17
باسىلىپ	قالعان	12
باسىلىپ	قالادى	31
باسىلىپ	قالىپتى	15
باسىلىپ	كەتىپتى	16
باسىلىپ	قالار	15
باسىلىپ	كەتكەن	21
سۇرادى	عوي	14
سۇرادى	دەپ	17
سۇرادىم	عوي	12
اناعان	تەلەفون	19
اناعان	ايتىپ	31
اناعان	مىناعان	27
وتىرادى	عوي	31
وتىرادى	ەكەن	13
وتىرادى	ەكەنسىڭ	12
قارايدى	عوي	26
قارايدى	دەپ	13
قارايدى	ەكەن	20
ويلادى	عوي	28
ويلادى	ەكەن	11
ويلادىم	عوي	10
ويلادىم	جانىم	17
ۇشىپ	كەتتى	32
ۇشىپ	قالدى	19
ۇشىپ	كەتىپ	20
ۇشىپ	تۇر	17
بولعانشا	وسى	33
بولعانشا	جاي	31
بولعانشا	مەن	12
اعاسى	بار	18
اعاسى	قايتىس	20
بايسالدى	بولسىن	23
جيىرما	كۇن	30
جيىرما	يۋان	18
جيىرما	سوم	21
جيىرما	بەس	18
جيىرما	مىڭ	15
جيىرما	جىل	18
جيىرما	مينوت	25
بۇزىلىپ	تۇر	17
بۇزىلىپ	كەتتى	25
بۇزىلىپ	قالدى	22
بۇزىلىپ	قالعان	14
بۇزىلىپ	كەتەدى	17
بۇزىلىپ	قالىپ	27
بۇزىلىپ	قالىپتى	32
ەرجان	اعا	31
قويماي	جاتىر	29
قويماي	قويدى	17
قويماي	جۇرىپ	20
ءتاتتى	جانىم	10
ءتاتتى	بولىپ	20
ءتاتتى	قىز	20
ءتاتتى	قۇلىن	19
بايقۇس	اي	16
بايقۇس	قايدان	14
سالىنادى	كىرەسى	23
سەنبەي	قالدىم	32
سەنبەي	تۇرمىن	13
سەنبەي	تۇرسىڭ	17
سەنبەي	تۇرسىڭبا	17
جۇمىسى	جوق	24
جۇمىسى	بار	25
جۇمىسى	قالاي	14
جۇمىسى	كوپ	32
جۇمىسى	شىعىپ	21
جۇمىسى	جەڭىل	19
جۇمىسى	بىتپەي	27
جاقسڭ	جانىم	26
جاقسڭ	نەعىپ	15
جاقسڭبا	جانىم	22
جاقسڭبا	نەعىپ	15
قىسى	جازى	32
قىسىپ	الىپ	2
قىسىپ	تۇر	26
قىسىپ	جۇر	21
كەلدىڭىز	قارسى	34
كەلدىڭىز	توردەن	16
نەسىن	ايتاسىڭ	22
نەسىن	اۋرە	16
ويلام	جوق	28
ويلاما	جانىم	4
ويلاما	مەن	14
ويلاما	بارى	28
وتىرما	دەپ	11
وتىرما	كىم	15
وتىرما	دەسەم	31
تۇرىم	عوي	19
تاراپ	جاتىر	20
تاراپ	كەتتى	18
تاراپ	كەتكەن	13
كىردى	عوي	15
كىردىم	عوي	16
كىردىم	جانىم	20
كىردىم	ۇيگە	19
استارى	بار	12
استارىڭ	اس	19
استارىڭ	ءدامدى	15
استارىڭ	دامدى	3
استارىڭ	سىڭىمدى	17
تاۋىق	الىپ	17
تاۋىق	جەپ	20
باستارى	امان	14
باستارىڭ	امان	9
باستارىڭ	اينالسىن	3
بارسڭبا	جانىم	20
دايار	بولدى	13
دايار	تۇر	14
دايار	تۇرعان	19
دايار	زات	29
جاڭادان	كەلىپ	27
جاڭادان	بەرى	30
جاڭادان	كەلگەن	14
جاڭادان	شىققان	19
جاڭادان	بازارعا	26
جاڭادان	اشىلعان	30
بىرادام	بار	20
اۋىلداستار	ەرتەڭ	26
اۋىلداستار	مىنا	20
اۋىلداستار	ساتاتىن	24
اۋىلداستار	امانسىزدارما	26
سۇزى	جوق	18
سۇزىڭ	عوي	18
سۇزىڭ	جوق	13
سۇزىڭ	بىر	19
سۇزىڭ	بولسا	33
سۇزىڭ	ەستىلمەي	29
ايدىن	اعا	34
ايدىن	بولىپ	27
قارىن	اشىپ	14
قارىن	اشتى	9
قارىن	ارشىپ	14
قارىنداسىم	دەپ	21
قارىنداسىم	بار	28
ەكەنبىز	عوي	32
ەكەنبىز	دەپ	10
تەكسەرۋ	بار	32
تەكسەرۋ	الىپ	15
تەكسەرۋ	كەلىپ	22
تەكسەرۋ	كەلەدى	29
تەكسەرۋ	كەلدى	17
تەكسەرۋ	ناتيجەسى	15
كومەك	كەرەك	17
كومەك	سۇراپ	22
كومەك	قىلىپ	23
كومەك	قولدارىڭىزدى	17
كومەكتەس	دەپ	12
كومەكتەسىپ	جاتىرمىن	10
كومەكتەسىپ	جىبەر	26
كومەكتەسىپ	جىبەرەيىن	17
كومەكتەسىپ	جۇرمىن	20
بەرمەدى	عوي	24
بەرمەدى	دەپ	12
جىبەرىپ	قوي	21
جىبەرىپ	قويدىم	19
جىبەرىپ	قويىپ	17
تىنشتىعىن	سيلاسىن	8
تىنشتىعىن	سىيلاسىن	5
الماعان	ادام	21
الماعان	سوڭ	25
الماعان	شىعار	11
الماعان	شىعارسىڭ	31
اۋىرا	بەرەدى	23
اۋىرادى	عوي	10
اۋىرادى	دەپ	12
اۋىرادى	ەكەن	24
سوزدى	ايتىپ	18
سوزدى	ەستىپ	26
تۇراق	جوق	24
تۇراقتى	بىر	3
تۇراقتى	جۇمىس	29
تۇراقتى	ىستەيتىن	19
مەتىر	ەكەن	17
شەشەڭ	بار	18
شەشەڭ	قانداي	22
تۇرسىن	دەپ	1
تۇرسىن	دەيدى	19
تاق	بىر	6
تاق	ەكى	17
تاق	بولام	14
توقتى	بار	9
توقتى	قوشقار	18
ۇزىمدە	جوق	16
ۇزىمدە	جاقسى	31
ۇزىمدە	بار	27
ۇزىمدە	بىلمەي	26
ۇزىمدە	بىلمەيمىن	20
مىنداي	دەپ	29
مىنداي	بولىپ	20
مىنداي	بولعاندا	32
دەمالس	جوق	13
جىلقى	بار	20
تارتپاي	جاتىر	28
تارتپاي	تۇر	13
تارتپاي	قالدى	10
تارتپاي	قويدى	10
تارتپاي	قالادى	30
اياماي	بىر	32
تۇسەسىڭ	عوي	28
تۇسەسىڭ	جانىم	23
تۇسەسىڭ	جۇمىستان	19
تۇسەسىڭ	ىستەن	18
تەڭشەپ	قوي	21
تەڭشەپ	قويدىم	22
تەڭشەپ	قويىپ	23
تەڭشەپ	تاستاپتى	30
تەڭشەپ	تاستاپسىڭ	27
كۇيەۋى	جوق	13
كۇيەۋى	بار	17
كۇيەۋى	ەكەۋى	16
كۇيەۋى	قايتىس	22
سۇيىت	جانىم	18
سۇيىت	وندا	15
بىلسىن	جانىم	18
بىلسىن	دەپ	31
الماسام	بولمايدى	20
الماسام	بولمادى	20
كۇرەمىن	عوي	24
كۇرەمىن	جانىم	11
كۇرەمىن	دەپ	14
كۇرمەي	قالدىم	6
كۇرمەي	تۇرىپ	14
كۇرمەي	قالىپپىن	27
بولماعان	ەكەن	32
بولماعان	سوڭ	32
بولماعان	شىعار	7
بۇگۇن	بىر	31
اتايىن	دەپ	20
اتايىن	دەسەم	16
ىدىس	جۋىپ	18
ىدىس	اياق	12
ىدىس	اياقتى	6
شىقپايدى	عوي	10
شىقپايدى	ەكەن	11
ساڭىز	سالىپ	10
ساڭىزى	سالىپ	12
ساڭىزى	ساپ	10
ساڭىزى	پسىرىپ	29
ىستەيسىڭ	عوي	19
ىستەيسىڭ	جانىم	18
بەردىڭ	عوي	13
بەردىڭ	دەپ	9
تۇنمەن	ۇيقتاي	19
تۇنمەن	ۇيقتاماي	17
اينۇر	جەجە	20
دەمەدى	عوي	20
دەمەدىم	عوي	10
جاتىرىم	عوي	21
قوتتى	بولسىن	11
قوتتى	دەنساۋلىعىڭ	2
ورتا	جولدا	23
ورتا	مەكتەپ	20
ورتا	تولسىن	32
ورتا	جاسقا	31
ورتا	دۋماندى	30
ورتا	مەكتەپكە	22
ورتا	مەكتەپتىڭ	12
ورتا	وزدەرىڭمەن	19
ورتاعا	كەلىپ	32
ورتاعا	شىعىپ	19
المايىم	عوي	5
المايىم	دەپ	16
ىشەمىز	عوي	16
ىشەمىز	جانىم	15
ىشەمىز	دەپ	28
ىشەمىز	دەيدى	15
شىعارمىن	جانىم	30
شىعارمىن	دەپ	23
ۇقتىم	جانىم	28
تۇسىنبەدىم	عوي	19
تۇسىنبەدىم	جانىم	11
ەرلان	اعا	23
تيسە	بولدى	22
تۇستىڭ	عوي	19
تۇستىڭ	الدىندا	14
تۇستىڭبە	جانىم	10
تۇستىڭبە	جۇمىستان	13
تەلەفوندا	تۇك	25
تەلەفوندا	توك	19
تەلەفوندا	سويلەسىپ	13
تەلەفوندا	كەلىسەمىز	24
شايعا	بارىپ	14
جۇرەمىن	عوي	29
جۇرەمىن	جانىم	13
جۇرەمىن	دەپ	21
جەتبەي	جاتىر	19
جەتبەي	تۇر	15
جەتبەي	قالدى	11
جەتبەي	قالاما	11
نومىرىڭدى	جولدا	26
نومىرىڭدى	جولداپ	18
نومىرىڭدى	جولداشى	9
ۇيىرەنىپ	ال	19
ۇيىرەنىپ	جاتىرمىن	27
ۇيىرەنىپ	قالدىم	19
ۇيىرەنىپ	قالعان	23
ۇيىرەنىپ	كەتەسىڭ	30
بارەكەن	عوي	20
بارەكەن	دەپ	13
بارەكەن	سونى	27
بارەكەن	سوعان	30
جەتكىزىپ	بەرە	28
جەتكىزىپ	قويايىن	25
جەتكىزىپ	بەرەمىن	21
جەتكىزىپ	بەرەمىز	18
ماز	عوي	22
ماز	بولىپ	26
ماز	بوپ	6
ماز	مايرام	16
كىمنەن	الدىڭ	16
كىمنەن	سۇرايمىن	20
كىمنەن	ەستىدىڭ	15
ازدا	بولسا	27
ازدا	بولسادا	3
ازدان	كەيىن	10
ازدان	سوڭ	7
ازدان	ازدان	6
شقتى	عوي	17
شقتى	دەپ	14
شقتىم	عوي	26
شقتىم	جانىم	19
تاۋدا	جۇرمىن	43
تاۋدا	مال	44
تاۋدا	عوي	41
تاۋدا	ەكەن	45
تاۋدا	بىر	33
تاۋدا	نە	46
تاۋدا	تەلەفون	47
تاۋدا	جۇر	40
تاۋدا	ەدىم	47
تاۋدا	جۇرگەن	20
اقشادا	جوق	23
اقشادان	باسقا	8
اقشادان	قابار	17
اقشادان	قينالىپ	19
اقشادان	قىسىلىپ	23
جيرما	كۇن	29
جيرما	يۋان	19
جيرما	سوم	21
جيرما	بەس	19
جيرما	مىڭ	13
جيرما	جىل	18
جيرما	مينوت	28
ساعاتتا	بىر	17
ساعاتتا	بارىپ	33
ساعاتتا	بارامىن	31
ساعاتتا	كەلىپ	17
ساعاتتا	جەتىپ	24
زاكاز	بەرىپ	18
زاكاز	بەرىڭىزدەر	17
زاكاز	جيىپ	20
زاكاز	بەرسەڭىزدەر	26
زاكاز	بەرسەڭىز	16
قايتىم	عوي	19
قايتىم	جانىم	19
قايتىم	دەپ	17
قايتىم	ۇيگە	29
قايتىم	دەشى	18
باعاسىن	ايتىپ	16
باعاسىن	ايتا	16
باعاسىن	سۇراپ	25
باعاسىن	تەلەفوندا	23
سۇراعان	عوي	27
سۇراعان	جوق	21
سۇراعان	ادام	16
سۇراعان	سوڭ	19
قىزدى	جاقسى	18
قىزدى	الىپ	31
قىزدى	ەرتىپ	21
قىزدىڭ	تۋىلعان	35
قىزدىڭ	جولى	28
قىزدىڭ	جاسىن	27
قىزدىڭ	اتى	29
ۇتكەن	ىس	30
ۇتكەن	سوڭ	22
ۇتكەن	كۇن	17
تاستاعان	عوي	19
تاستاعان	ەكەن	22
تاستاعان	سوڭ	20
تاستاعان	شىعار	19
قايتادى	عوي	24
قايتادى	دەپ	14
قايتادى	ەكەن	24
قايتادى	ەكەنسىڭ	10
قابارلاسام	عوي	28
قابارلاسام	جانىم	12
قابارلاسام	دەپ	19
قابارلاسام	بولاما	19
وزىمدە	بار	31
وزىمدە	بىلمەي	27
وزىمدە	بىلمەيمىن	21
وزىمدە	جاقسى	31
جالعاپ	تاراتىپ	19
جالعاپ	تارقاتىپ	12
سۇيتەيىك	جانىم	19
سۇيتەيىك	دەپ	19
سۇيتەيىك	وندا	27
ماڭىزدى	عوي	14
ماڭىزدى	بولىپ	15
ماڭىزدى	ەمەس	29
ماڭىزدى	جۇمىس	14
ساپا	بىزدەن	18
ساپاسى	جاقسى	14
ساپاسى	قانداي	9
ساپاسى	كەرەمەت	19
ساپاسى	ەرەكشە	6
قاڭعى	باس	13
قاڭعىپ	قايدا	6
قاڭعىپ	جۇر	30
قاڭعىپ	جۇرگەن	17
قاڭعىپ	جۇرسىڭ	20
بەرگەم	عوي	18
بەرگەم	جوق	20
سۇزدى	ايتىپ	26
ايگۇل	جەجە	1
بارعانشا	كەتىپ	30
بارعانشا	ۇيقتاپ	28
بارعانشا	جاي	33
قايرات	اعا	24
قايرات	قىل	22
كۇيلەك	الىپ	41
كۇيلەك	بارما	17
كۇيلەك	قانشا	23
كۇيلەك	كيىپ	35
كۇيلەك	جوق	39
كۇيلەك	بار	38
كۇيلەك	الايىن	25
ماحابات	جوق	17
ماحابات	بار	19
ماحابات	دەگەن	32
ماحابات	جاسقا	17
تۇراسىڭ	عوي	9
تۇراسىڭ	جانىم	12
تۇرايىق	جانىم	23
تۇرايىق	دەپ	25
تۇرايىق	بولاما	18
كىلى	الىپ	31
كىلى	ىشىپ	26
كىلى	سۇت	30
كىلى	قىمىز	14
اتىڭىز	كىم	32
امانشلىق	بولسا	19
امانشلىق	ۇزىڭ	14
امانشلىق	جاتىرمىز	21
ستەي	عوي	20
ستەي	بەر	18
ستەي	الماي	29
ستەي	بەرەيىن	10
ستەي	المايمىن	27
ستەي	المايدى	21
سىيىر	بار	22
سىيىر	ساتىلادى	27
سىيىر	ساۋىپ	33
سىيىر	جوق	28
سىيىر	ايداپ	20
سىيىر	باعىپ	31
سىيىر	جايىپ	30
كەلدىما	جانىم	30
كەلدىما	دەپ	23
وسىدان	كەيىن	26
وسىدان	باسقا	14
وسىدان	بىلاي	17
وسىدان	ارتىق	12
كۇرەسىڭ	عوي	23
كۇرەسىڭ	جانىم	11
جاقىسى	ەكەن	31
جاقىسى	بولىپ	26
جاقىسى	امانشىلىق	23
جاقىسى	تۇس	26
جاقىسى	عوي	14
جاعىداي	جوق	27
جاعىداي	جاقسى	17
جاعىداي	بولدى	18
جاعىداي	بولىپ	25
جاعىداي	بولسا	19
جاعىداي	قالاي	20
جاعىداي	قانداي	19
جاعىداي	بولماي	15
اڭساپ	جاتىرمىن	18
اڭساپ	كەتتىم	16
اڭساپ	جۇرمىن	13
اڭساپ	تۇرمىن	16
قاقساپ	جاتىر	29
قاقساپ	تۇر	13
قاقساپ	اۋىرىپ	14
ساسىق	ەكەن	18
ساسىق	سول	23
ساسىق	كەمپىرىم	17
ساسىق	شالىم	20
بەرمەسە	مەن	20
بەرمەسەڭ	بولدى	21
بەرمەسەڭ	قوي	20
بەرمەسەڭ	بولمادى	19
اۋلاق	جۇر	24
اۋلاق	جۇرسىن	9
اۋلاق	جۇرشى	31
جالعايىن	بولاما	32
جالعايىن	دەسەم	11
بالاسىن	الىپ	19
بالاسىن	تاستاپ	23
بالاسىن	ەرتىپ	19
بالاسىن	باعىپ	30
جوقسىڭبا	جانىم	15
بىردەن	بىر	27
بىردەن	كەيىن	16
بىردەن	بىردەن	31
ىستەمەي	جاتىر	18
ىستەمەي	تۇر	19
ىستەمەي	قالدى	18
ىستەمەي	اق	16
اقجول	بولسىن	24
تانىس	ادام	19
تانىسىپ	ال	16
تانىسىپ	وتىرايىق	34
تانىسىپ	قالايىق	8
تانىسىپ	بىلىسىپ	16
تانىسىپ	قالدىق	31
وقۋى	تابىستى	19
وقۋى	تابستى	3
وزىمە	وزىم	28
وزىمە	تارتقان	16
كۇنەس	جاققا	19
كۇنەس	اۋدان	22
كۇنەس	اۋداننان	14
كۇنەسكە	بىر	19
كۇنەسكە	ادام	27
كۇنەسكە	بارىپ	29
كۇنەسكە	ەكى	20
كۇنەسكە	باراتىن	34
كۇنەسكە	كەلىپ	12
كۇنەسكە	ۇش	17
كۇنەسكە	قايتاتىن	31
ويلاعام	عوي	15
ويلاعام	جوق	26
ويلاعام	بىراق	12
ويلاعام	وعان	21
شاڭ	بولىپ	5
شاڭ	باسىپ	18
شاڭ	شاڭ	30
شاڭ	جۇقپاسىن	29
شاڭ	توزاڭ	19
شاڭ	سورعىش	12
ايتڭ	عوي	14
ايتڭ	قابىل	9
ايتڭىز	عوي	13
ايتڭىز	قابىل	18
ايتىق	قوي	11
سۇراعانىم	عوي	17
ەربول	اعا	33
ەربول	ەربول	27
ىسىپ	تۇر	30
ىسىپ	كەتتى	15
ىسىپ	كەتكەن	42
ىسىپ	كەتەدى	35
ىسىپ	كەتىپتى	34
ىسىپ	كەتپتى	17
ىسىپ	جاتىر	13
ىسىپ	كەتى	7
ىسىپ	الدى	41
ىسىپ	تۇرما	44
كورپە	سالىپ	17
كورپە	قاپ	28
كورپە	جاستىق	18
كورپە	جامىلىپ	18
كورپە	قاپتان	20
قابارلاسايىق	جانىم	38
قابارلاسايىق	بولاما	17
تەزدەتىپ	الىپ	18
تەزدەتىپ	اتىپ	26
قاربالاستاپ	ەندى	12
قاربالاستاپ	جاتىرمىن	22
قاربالاستاپ	كەتتىم	27
قاربالاستاپ	جۇرىپ	12
قايتارا	سال	18
قايتارا	الماي	14
قايتارا	المادىم	10
قايتارا	سالشى	14
وتىردى	عوي	22
وتىردىم	عوي	9
وتىردىم	جانىم	14
بەسى	كۇنى	16
بەسىنشى	ايدا	10
توسا	تۇر	24
توسا	المايمىن	7
توسا	تۇرايىن	20
توسا	توسا	26
توسا	تۇرىڭىز	17
توسا	تۇرىڭدار	18
ايتباي	اق	27
ايتباي	كەتىپ	27
ايتباي	قويدى	20
ايتباي	قويدىڭ	26
قايتىڭ	جانىم	1
قايتىڭبا	جانىم	28
قايتىڭبا	ۇيگە	15
بۇرىننان	جاقسى	18
بۇرىننان	بار	20
بۇرىننان	بەرى	18
بۇرىننان	سونداي	18
بۇرىننان	سولاي	28
بۇلەك	قوي	24
بۇلەك	ۇيدە	18
بۇلەك	ۇيگە	21
بۇلەك	بۇلەك	22
باسقاسى	جوق	18
باسقاسى	ەمەس	27
باسقاسى	بىراق	16
كىيىم	الىپ	19
كىيىم	كىيىپ	14
كىيىم	كەشەك	18
ارتقى	ۇيدە	27
ارتقى	ۇيگە	23
ارتقى	ەسىك	19
جاقسىسىڭ	جانىم	16
جاقسىسىڭ	نەعىپ	15
جاقسىسىڭ	دەنساۋلىعىڭ	32
جاقسىسىڭ	سۇيكىمدىسىڭ	32
جايىڭ	قالاي	19
جايىڭ	جاقسىما	3
كورەمىز	عوي	30
كورەمىز	دەپ	7
كورەمىز	دەيدى	21
جولدايىن	دەپ	30
جولدايىن	دەسەم	16
جۇركەن	جوق	18
جۇركەن	ادام	32
جۇركەن	شىعار	19
جۇركەن	جاقسى	23
ەكەنمىن	عوي	26
ەكەنمىن	جانىم	15
ەكەنمىن	دەپ	28
بولعانى	جاقسى	28
بولعانى	نەسى	8
قاندايسىڭ	جانىم	18
قاندايسىڭ	دەپ	14
قاندايسىڭ	جاقسى	31
قاندايسىڭ	جاقسىما	16
اپارا	سال	19
اپارا	جاتىرمىن	15
اپارا	سالايىن	17
اپارام	عوي	20
اپارام	دەپ	16
اپارام	دەيدى	14
جۋان	ەكەن	20
جۋان	بولىپ	19
سالامىن	عوي	20
سالامىن	دەپ	10
قويسىن	دەپ	28
قويسىن	دەيدى	18
اۇدانعا	بىر	23
اۇدانعا	بارىپ	13
اۇدانعا	ەكى	18
اۇدانعا	باراتىن	18
كىسلەر	بار	19
كىسلەر	كەلىپ	21
كىسلەر	بولسا	30
كىسلەر	بارما	11
كىسلەر	قابارلاسىڭىزدار	17
ساعاتتان	كەيىن	25
ساعاتتان	سوڭ	3
ساعاتتان	ارتىق	13
ساعاتتان	استى	21
قىلاتىن	بولدى	25
قىلاتىن	ادام	17
قىلاتىن	شىعار	18
قىلاتىن	بولدىڭ	23
موتامەن	بارىپ	36
موتامەن	الىپ	23
قىسىلىپ	كەتتىم	19
قىسىلىپ	قالدىم	17
قىسىلىپ	جۇرمىن	14
قىسىلىپ	تۇرمىن	20
سۇيلەيىن	جانىم	12
سۇيلەيىن	دەپ	30
سۇيلەيىن	بولاما	16
سۇيلەيىن	دەسەم	17
شىقتىق	جانىم	25
شىقتىق	قوي	33
شاشى	ۇزىن	20
شاشىپ	جاتقان	14
انىق	ەمەس	7
انىق	بولماي	15
ايتارىم	جوق	28
ايتارىم	سول	6
ايتارىم	بار	18
ايتارىم	وسى	13
ايتارىم	قالمادى	19
بىراي	بولدى	19
قاسىڭا	بارىپ	31
قاسىڭا	بارايىن	11
قاسىڭا	بارسام	34
قاسىڭا	بارعىم	22
قاسىڭا	بىر	28
قاسىڭا	بارعاندا	23
شىعامىز	عوي	21
شىعامىز	دەپ	15
شىعامىز	دەيدى	17
گەلىپ	الىپ	18
گەلىپ	تۇر	28
گەلىپ	الدى	18
گەلىپ	الدىم	22
گەلىپ	الدىڭبا	14
الدىڭىز	عوي	17
تۋلعان	كۇن	19
تۋلعان	كۇنى	18
تۋلعان	كۇنىڭ	8
تۋلعان	كۇنىڭىز	8
امانسز	جەجە	12
امانسزبا	جەجە	14
جاتتىق	سول	10
جاتتىق	قوي	20
جاتتىق	ۇيدە	12
كۇشىك	سول	18
ەرتەن	تاڭەرتەن	3
رۇحسات	الىپ	29
رۇحسات	بولسا	15
رۇحسات	الدىم	31
رۇحسات	سۇراپ	21
رۇحسات	بەرمەي	31
رۇحسات	بەرمەيدى	21
رۇحسات	سۇرايمىن	23
رۇحسات	بەرسە	12
تاراتىپ	قويدىم	18
تاراتىپ	قويىڭىزدار	17
تاراتىپ	قويساڭىزدار	12
يۋاننان	شاي	13
نۇرلان	اعا	14
باياعىدا	كەتىپ	18
توپتا	بار	31
توپتا	وتىرعان	25
توپتا	جوق	17
كورگەم	جوق	30
ىشەيىن	دەپ	19
ىشەيىن	دەسەم	4
ىشەيىن	دەگەم	15
قىلدى	عوي	27
قىلدى	دەپ	11
قىلدىم	عوي	18
قىلدىم	دەپ	28
قىلدىم	ساعان	28
قىلدىم	جانىم	19
الدە	قايدا	29
الدە	قاشان	29
الدە	كەش	20
بۇيىرتىپ	قويدىم	19
بۇيىرتىپ	ىستەتسىن	19
بۇيىرتىپ	كيگىزسىن	9
بۇيىرتىپ	جەگىزسىن	18
قايتەمىن	جانىم	29
قايتەمىن	دەپ	17
قايتەمىن	ەندى	18
قايتەمىن	دەشى	17
تىعىپ	قوي	16
تىعىپ	الىپ	26
تىعىپ	قويىپ	19
تىعىپ	السام	23
تىعىپ	تىعىپ	21
بارمايتىن	بولدى	23
بارمايتىن	بولىپ	18
بارمايتىن	شىعار	18
بارمايتىن	بولدىم	32
بارمايتىن	بولدىق	10
بارمايتىن	شىعارسىڭ	14
بارمايتىن	بولدىڭبا	31
بارمايتىن	ەدىم	17
كەلكەن	جوق	29
كەلكەن	سوڭ	12
كەلكەن	كەزدە	12
قايتتىق	جانىم	19
قايتتىق	قوي	21
قايتتىق	ۇيگە	21
نۇمىرىڭدى	جولدا	10
نۇمىرىڭدى	جولداپ	18
نۇمىرىڭدى	جولداشى	10
الامبا	دەپ	22
الامبا	دەگەم	8
بۇنى	نەعىپ	15
بۇنى	نەگە	25
بۇنى	قالاي	20
بۇنى	كىم	23
بۇنى	قايدان	23
ادەت	بولىپ	27
ادەتتە	بىر	9
باردىما	دەپ	17
ارينە	جانىم	10
ارينە	سولاي	29
ارينە	جاقسى	16
ارىق	ەكەن	27
شىقساڭ	بولدى	27
شىقساڭ	بولادى	10
شىقساڭ	بولمايما	30
شىقساڭ	مەن	18
شىقساڭ	جاقسى	32
نۇرگۇل	جەجە	13
سۇرلەم	ساتىلادى	15
سۇرلەم	الاتىن	27
سۇرلەم	باسىپ	26
سۇرلەم	ۇرا	21
سۇرلەم	ورىپ	25
بولماعاندا	بىر	12
بولماعاندا	ەكى	14
قاسىنا	كەلىپ	21
قاسىنا	بارىپ	20
قاسىنا	جاتىپ	13
سوندىق	ۇشىن	18
سوندىقتان	مەن	9
سوندىقتان	توي	28
تاپتى	عوي	25
تاپتىم	عوي	14
تاپتىم	دەپ	13
ءشاي	ىشىپ	20
ءشاي	ءىشىپ	28
ءشاي	قايناتىپ	8
كەتەر	ەكەن	29
كەتەر	ەمەس	25
كەتەر	ەدى	26
كەتەر	ەدىم	19
كەتەر	ەدىڭ	14
كەتەر	مەكەن	27
كەتەر	دەپ	28
بىركۇن	بولسادا	11
بىركۇن	بۇرىن	20
سۇيتەم	عوي	13
بەرەمە	دەپ	26
بەرەمە	ەكەن	14
بەرەمە	بەرمەيمە	13
ناشار	ەكەن	15
ناشار	بولىپ	15
ناشار	ادام	15
ناشار	جىگىت	31
جاعدايى	جاقسى	10
جاعدايى	بار	12
جاعدايى	قالاي	19
جاعدايى	قانداي	11
جاعدايى	بولعانبا	17
جاعدايىڭ	جاقسى	24
جاعدايىڭ	بولسا	15
جاعدايىڭ	قالاي	25
جاعدايىڭ	جاقسىما	6
جاعدايىڭ	قانداي	17
جاعدايىڭ	كەلسە	17
بالالارعا	تاماق	15
بالالارعا	قاراپ	15
بالالارعا	وبال	19
ىشپە	جانىم	18
ىشپە	دەپ	18
ىشپە	بولاما	18
ىشپەي	اق	21
ىشپەي	قويدى	20
ىشپەي	جەمەي	19
شۇننە	جولداپ	15
شۇننە	قوسىپ	12
شۇننەن	شىعىپ	16
شۇننەن	شىعارىپ	29
شۇننەن	شەگىنىپ	19
شۇننەن	كورىپ	14
قۇرساق	اشىپ	25
قۇرساق	اشتى	7
دەمەي	اق	21
دەمەي	تۋرا	17
سۇىق	ەكەن	16
سۇىق	بولىپ	13
سۇىق	وتىپ	19
دەمالا	عوي	27
دەمالا	بەر	25
دەمالا	الماي	7
دەمالا	بەرەيىن	13
دەمالايىن	دەپ	18
بوساعاندا	قابارلاس	2
بوساعاندا	سويلە	16
بوساعاندا	سويلەپ	18
بوساعاندا	قابارلاسايىن	29
بوساعاندا	سويلەيىن	19
بوساعاندا	سۇيلە	16
سىڭبا	جانىم	17
ايعىر	ەكەن	17
ايعىر	بار	26
ايعىر	بولسا	22
ايعىر	ساتىلادى	28
ايعىر	ايعىر	15
كوردىڭ	عوي	20
كوردىڭبە	جانىم	7
جاساتىپ	ال	21
جاساتىپ	الىپ	20
جاساتىپ	جاتىرمىن	21
جاساتىپ	الايىن	19
جاساتىپ	جاتىر	19
جۇمىسىڭ	جوق	18
جۇمىسىڭ	نە	15
جۇمىسىڭ	بار	24
جۇمىسىڭ	بولسا	26
جۇمىسىڭ	قالاي	16
جۇمىسىڭ	بارما	19
جۇمىسىڭ	بىتتىمە	24
جۇمىسىڭ	تابىستى	18
اشىلىپ	كەتتى	18
اشىلىپ	كەتەدى	10
جۇرەگىڭ	اۋىرىپ	27
جۇرەگىڭ	اۋىرادى	21
ۇزىدە	سول	18
ۇزىدە	سولاي	22
شەك	جوق	16
شەكتىڭ	عوي	10
شەكتىڭ	جانىم	13
بولامىز	عوي	30
بولامىز	جانىم	13
بولامىز	دەپ	15
ۇزىمە	ۇزىم	26
ۇزىمە	تارتقان	16
سوزىڭدى	ەندى	18
سوزىڭدى	ەستىپ	30
سوزىڭدى	تۇسىنبەدىم	19
سوزىڭدى	ەستي	24
سوزىڭدى	ايتشى	19
كوشەدەن	تاماق	29
اقىلدى	عوي	4
اقىلدى	جانىم	21
اقىلدى	بولىپ	24
اقىلدى	بالا	23
كۇرمەدىم	عوي	19
كۇرمەدىم	جانىم	10
ييا	جانىم	26
ييا	سول	30
ييا	ماقۇل	26
ييا	جاقسى	14
ءاندى	جاقسى	29
ءاندى	جولداپ	32
ءاندى	تاۋىپ	8
ءاندى	ايتىپ	23
ءاندى	ەستىپ	10
ءاندى	تىڭداپ	32
دەگەنىڭ	بولسىن	16
دەگەنىڭ	نە	30
دەگەنىڭ	قايدا	20
دەگەنىڭ	قالاي	13
شۇكىر	جاقسى	28
شۇكىر	امانشىلىق	11
ازىرشە	جوق	29
بالامدى	الىپ	33
بالامدى	ەرتىپ	32
بالامدى	باعىپ	25
بالامدى	اپارىپ	17
بالامدى	مەكتەپكە	21
كۇزى	تۇسىپ	20
كۇزىم	اۋىرىپ	17
كۇزىم	تۇسىپ	18
كۇزىم	اشىپ	20
كۇزىم	تۇرت	17
كۇزىم	جەتەدى	27
كۇزىم	جەتتى	20
كۇزىم	ىلىنىپ	22
كۇزىم	ىلنىپ	24
بارمايدى	عوي	17
بارمايدى	دەپ	14
بارمايدى	ەكەن	22
بارشا	اسىل	12
بارشا	جانعا	15
بارشاڭىزعا	سالەم	16
بارشاڭىزعا	قايىرلى	17
ۇسەك	ايتىپ	20
العىس	جانىم	12
العىس	العىس	24
تابالماي	جاتىرمىن	19
تابالماي	وتىرمىن	13
تابالماي	جۇر	19
تابالماي	قويدىم	21
تابالماي	جۇرمىن	20
ويىن	بار	30
ويىن	ويناپ	30
ويىن	كۇلكى	23
ويىن	قويىپ	28
قۇرت	بار	17
قۇرت	جەپ	25
قۇرت	ماي	24
قۇرت	قايناتىپ	17
مامام	بار	16
اسقپاي	كەل	15
اسقپاي	ىشىپ	23
جولدارى	بار	16
جولدارى	اشىق	8
جولدارى	بولسىن	22
جولدارىڭ	بولسىن	7
جولدارىڭ	اشىق	2
داۋ	ەكەن	28
داۋ	بولىپ	23
ىستەيىن	دەپ	22
ىستەيىن	دەسەم	6
ىستەيىن	دەگەم	15
ستەيتىن	بىر	23
ستەيتىن	ادام	19
ستەيتىن	جۇمىس	13
ستەيتىن	بولدىم	16
كەشىرشى	جانىم	17
كەشىرشى	مەنى	8
كەشىرشى	بولاما	18
كەشىرشى	كەشىرشى	16
سۇيلەسە	بەر	17
سۇيلەسە	الماي	17
سۇيلەسەم	جاۋاپ	16
سۇيلەسەم	سۇيلەمەي	18
سۇيلەسەم	سۇيلەمەيدى	16
سىناپ	كور	21
سىناپ	كورەيىن	13
سىناپ	كورەيىك	15
سىناپ	كورىڭىز	27
وسنى	الىپ	16
سۇيگەن	ادام	19
سۇيگەن	سوڭ	17
سۇيگەن	جارىم	28
سۇيگەن	جان	16
سۇيگەن	بولساڭ	16
الداۋ	كۇن	23
الداۋ	كۇنى	14
الداۋ	مەرەكەڭ	6
الداۋ	مەرەكەسى	19
كەزىگەم	عوي	31
كەزىگەم	دەپ	16
كەزىگەمىز	عوي	10
كەزىگەمىز	جانىم	16
كەزىگەمىز	دەپ	11
كەزىگەمىز	دەشى	25
تارايدى	عوي	15
تارايدى	ەكەن	16
انار	انار	28
بالە	بولدى	20
بالە	جارايدى	17
بالە	كەرەمەت	20
جاقسىلاپ	بىر	28
جاقسىلاپ	وتىرىپ	18
تىلەكتەر	قابىل	25
تىلەكتەر	ماڭدايعا	19
قۇساعان	ەكەن	22
جاماندىق	ىستەپ	18
جاماندىق	بەرمەسىن	27
جاماندىق	جەردە	29
وزىن	وزى	21
وزىنە	جاقسى	14
وزىنە	وزى	24
وزىنە	اتىپ	28
سورىپ	تۇرىپ	15
سورىپ	سورىپ	18
ۇيباي	نە	18
ۇيباي	نەگە	20
جەتتى	عوي	17
جەتتى	ساعان	18
سۋسىن	الىپ	34
سۋسىن	ىشىپ	10
تەكە	دوسىم	33
تەكەس	اۋداننان	17
تەكەس	اۋدانى	17
تەكەس	التىنشى	15
تەكەسكە	بىر	20
تەكەسكە	كەلىپ	15
تەكەسكە	بارىپ	27
تەكەسكە	ەكى	19
تەكەسكە	باراتىن	36
تەكەسكە	كەتىپ	19
تەكەسكە	قايتاتىن	27
تەكەسكە	تۇسەتىن	27
سۇيلەمەيسىڭ	عوي	24
سۇيلەمەيسىڭ	جانىم	8
ءسال	تۇرىپ	13
ءسالەم	قابىل	14
ءسالەم	قايىرلى	8
ءسالەم	امانسىڭبا	18
ءسالەم	ءسالەم	25
بالالاردى	الىپ	31
بالالاردى	اپارىپ	14
بالالاردى	ەرتىپ	23
بالالاردى	مەكتەپكە	19
بالالاردى	ويناتىپ	26
بالالاردىڭ	تاماعىن	16
بالالاردىڭ	جاسى	25
ايتشىلاپ	كەل	18
ايتشىلاپ	ۇيگە	19
ايتشىلاپ	كەلىڭدەر	27
ايتشىلاپ	كەلىڭىزدەر	15
اپاسى	بار	17
اپاسى	قايتىس	19
قالايىن	دەپ	26
قالايىن	دەسەم	11
قالايىن	دەگەم	15
اپتادا	بىر	25
ساۋىپ	جاتىرمىن	19
ساۋىپ	كەلدىم	22
ساعىندىڭ	جانىم	19
ساعىندىڭبا	جانىم	11
ساعىندىڭبا	مەنى	8
كەلمەسەڭ	مەن	21
كەلمەسەڭ	بولدى	19
كەلمەسەڭ	قوي	19
كەلمەسەڭ	بولمايدى	18
بلاي	دەڭىز	15
بلايدە	جانىم	13
بلايدە	جارايدى	12
يسكەپ	سۇيىپ	21
يسكەپ	جاتسام	18
يسكەپ	يسكەپ	19
قوڭىر	سيىر	22
قوڭىر	قاسقا	19
قيماي	قالدىم	27
قيماي	تۇرمىن	20
قيماي	تۇرسىڭبا	13
قيماي	جاتىرمىن	21
تۇسنىپ	تۇرمىن	25
تۇسنىپ	قوي	28
تۇسنىپ	قالما	14
سىناۋ	بەرىپ	17
سىناۋ	بەرەدى	13
سىناۋ	بەرەتىن	20
قوياسىڭ	عوي	20
تالى	بىر	24
تالى	قانشا	11
تالى	يۋان	18
تالى	بىرتوپ	12
تالىپ	قالا	18
تالىپ	كەتتى	23
تالىپ	قالعان	17
جاسايتىن	بولدى	32
جاسايتىن	بولىپ	16
جاسايتىن	ادام	17
ەكەنسىز	عوي	18
ءوتىپ	جاتىر	19
ءوتىپ	كەتتى	18
ءوتىپ	جاتقان	17
ءوتىپ	كەتكەن	15
ءوتىپ	كەتەدى	30
ءوتىپ	كەتىپتى	15
ءوتىپ	كەتسە	33
ءوتىپ	كەتپەسىن	31
ءوتىپ	كەتەر	24
كۇنىڭمەن	جانىم	19
كۇنىڭمەن	قۇتتىقتايمىن	19
تانىپ	وتىرمىن	31
تانىپ	قويدىم	22
تانىپ	تۇرمىن	22
تانىپ	الىڭىزدار	27
اياعىن	وزى	17
جازداي	بىر	22
وياندىم	جانىم	17
ىشەدى	عوي	6
ىشەدى	دەپ	16
ىشەدى	ەكەن	20
ىشەدى	ەكەنسىڭ	11
توقتام	جازىپ	16
توقتاماي	جاتىر	12
توقتاماي	تۇر	15
توقتاماي	قويدى	17
ماشينادا	وتىرمىن	25
ماشينادا	ماي	18
ماشينادا	ورىن	25
مەنشە	سەن	26
تولە	دەپ	26
تولەپ	قويدىم	9
جەيدى	عوي	14
جەيدى	دەپ	13
جەيدى	ەكەن	21
جۇرەيىك	دەپ	29
جۇرەيىك	بولاما	16
ميى	بار	14
ميىم	اۋىرىپ	16
ميىم	اشىپ	23
ميىم	شارشاپ	23
ميىم	جەتپەي	11
ميىم	قاتىپ	18
ميىم	ىستەمەي	18
پيجۋ	الىپ	24
پيجۋ	ىشىپ	17
بەلگى	جوق	21
بەلگى	بەرىپ	15
بەلگىلى	عوي	4
بەلگىلى	بولدى	11
بەلگىلى	بولىپ	14
بەلگىلى	بولادى	18
بەلگىلى	سەبەپتەرمەن	15
ساۋلى	قىلىپ	18
ساۋلىق	جاقسى	8
ساۋلىق	قوي	17
ساۋلىق	قالاي	20
ساۋلىق	جاقسىما	12
المايسىڭبا	جانىم	15
سەنەم	عوي	30
سەنەم	جانىم	13
سەنەم	ساعان	12
ايتسىن	دەپ	19
ايتسىن	راحىمەت	19
ايتسىن	بىرگە	18
سۇتتى	الىپ	16
سۇتتى	شاي	19
جاتىم	عوي	9
جاتىم	جانىم	17
سالەمەتسىزبە	دەنساۋلىعىڭىز	19
جاتامىن	عوي	19
جاتامىن	جانىم	11
جاتامىن	دەپ	17
ءارى	قاشان	18
بەستە	تۇرىپ	24
سۇرايمىن	عوي	25
سۇرايمىن	جانىم	13
سۇرايمىن	دەپ	22
ۇرىپتى	عوي	17
ۇرىپتى	ەكەن	18
باۋر	باسىپ	27
زور	جوق	19
زور	دەنساۋلىق	12
زور	بايلىق	9
ساپالى	قىزمەت	18
ساپالى	قىزىمەت	21
العىم	بار	20
العىم	كەلىپ	22
العىم	كەلدى	5
العىم	كەلەدى	17
العىم	كەپ	15
العىم	كەلمەيدى	28
العىم	كەلمەي	14
ۋاقتتا	كەلەسىڭ	17
ۋاقتتا	قايتاسىڭ	18
سەنبەيسىڭ	عوي	29
سەنبەيسىڭ	جانىم	12
سەنبەيسىڭ	ماعان	22
سەنبەيسىڭ	وسى	20
تويدا	وتىرمىن	50
تويدا	ەكەن	39
تويدا	بىر	51
تويدا	نە	46
تويدا	ادام	55
تويدا	وتىر	57
تويدا	بىراق	19
تويدا	كوپ	55
تويدا	جۇر	55
تويدا	ەدىم	43
تويدا	جۇرمىن	39
تويدا	جۇرسىڭ	32
تويدا	وتىرسىڭبا	50
تويدا	جۇرسىڭبە	57
اڭدىپ	وتىر	23
اڭدىپ	وتىرمىن	16
اڭدىپ	جۇر	20
ەكەمىزدىڭ	ارامىزدا	27
ەكەمىزدىڭ	ارامىزداعى	17
باسقان	قادامى	13
باسقان	قادامىڭ	19
باسقانى	نە	29
باسقانى	قويشى	20
باسقانى	جاقسى	20
قۇرمەت	قىلىپ	18
قۇرمەت	ەتىپ	19
قۇرمەت	قىلامىن	21
قۇرمەت	ەتەمىن	17
قۇرمەت	ەتىڭىزدەر	22
كەنجە	اعا	14
كەنجە	اپا	18
كەنجە	اعام	25
ۇقپاي	وتىرمىن	20
ۇقپاي	قالدىم	17
ۇقپاي	تۇرمىن	11
ۇقپاي	قالىپپىن	16
ۇقپايمىن	عوي	23
ۇقپايمىن	ايتەۋ	19
تەر	شىعىپ	20
تەر	باسىپ	21
تەر	بولىپ	30
تەر	ساسىپ	12
تەرى	اياق	19
تەرى	بوساۋ	24
تەرىپ	جاتىر	23
تەرىپ	جاتىرمىن	21
تەرىپ	جۇر	23
تەرىپ	جۇرمىن	34
جۇمىسىڭدى	جاقسى	20
جۇمىسىڭدى	ىستە	22
جۇمىسىڭدى	ىستەپ	13
جۇمىسىڭدى	ىستەي	14
جۇمىسىڭدى	بىتىرىپ	9
بارەدى	عوي	17
بارەدى	سونى	16
بارەدى	سوعان	19
بولۋى	كەرەك	23
بولۋى	مۇمكىن	8
شايى	بار	17
شايى	ەكەن	19
شايىڭ	قۇتتى	14
شايىڭ	دامدى	5
شايىڭدى	ىش	15
شايىڭدى	ىشىپ	15
شايىڭدى	ىشتىڭبە	7
الداعى	جولى	20
ەستىدىم	عوي	19
وتىرسا	بولدى	24
وتىرسام	بولدى	18
بۇزىق	دەپ	28
بۇزىق	ەكەن	18
بۇزىق	ادام	20
ايەلىڭ	بار	11
ايەلىڭ	قايدا	13
كەزەك	كەزەك	16
اندى	جاقسى	28
اندى	جولداپ	20
اندى	تاۋىپ	9
اندى	ەستىپ	12
جاقا	بارىپ	20
وزىمىز	عانا	25
وزىمىز	بىر	27
شقپاي	جاتىر	9
شقپاي	تۇر	13
شقپاي	قالدى	15
شقپاي	قويدى	16
شقپاي	قالپتى	18
جەتپەيدى	عوي	20
جەتپەيدى	دەپ	11
جەتپەيدى	ەكەن	26
ۇيالماي	قايتىپ	20
جۇرمەي	جاتىر	13
جۇرمەي	تۇر	12
جۇرمەي	قالدى	17
جۇرمەي	قويدى	18
كونە	كوز	16
داستارقان	جايىپ	13
قوسشى	جانىم	17
قوسشى	مەنى	15
قوسشى	بولاما	25
قوسشى	تەز	14
وزىمدى	وزىم	15
وزىمدى	ۇستاي	12
كازىر	كەلدىم	16
تەكسەرىلىپ	ال	22
تەكسەرىلىپ	كور	18
ەرسىن	اعا	26
تۇكتە	جوق	6
تۇكتە	ەمەس	9
تۇكتە	تۇرعان	20
باسقالاي	جۇمىس	22
باسقالاي	ويلاپ	21
بالاما	تاماق	12
بالاما	قاراپ	26
بالاما	توي	20
بالاما	ساباق	25
تۇرىت	ادام	16
تۇرىت	كۇن	13
تۇرىت	بەس	15
تۇرىت	مىڭ	17
تۇرىت	جۇز	26
تۇرىت	جىل	25
تۇرىت	ورىن	25
جارايما	جانىم	29
توسام	عوي	26
توسام	جانىم	17
توسام	دەپ	14
توسام	سەنى	25
مايدا	جوق	20
بەرمەيمىن	عوي	27
بەرمەيمىن	جانىم	18
بەرمەيمىن	دەپ	23
بەرمەيمىن	دەيدى	15
بولساڭىز	بولدى	26
بولساڭىز	قابارلاسىڭىز	14
بولساڭىز	ۇنقاتقا	27
جىم	بولىپ	14
جىم	جىرت	19
جىم	جىرىت	4
جىم	جىلاس	13
ووجانىم	سول	8
ووجانىم	مەنىڭ	4
اعىپ	جاتىر	18
اعىپ	تۇر	17
اعىپ	كەتتى	16
اعىپ	كەتەدى	15
اسىعىپ	كەتىپ	23
اسىعىپ	كەتتىم	16
اسىعىپ	تۇرمىن	29
اسىعىپ	جۇرىپ	29
اسىعىپ	جۇرمىن	20
اسىعىپ	كەتتىڭ	19
شىعاسىڭبا	جانىم	30
بلمەي	قالدىم	20
بلمەي	تۇرمىن	9
بلمەيمىن	عوي	16
بلمەيمىن	جانىم	27
بلمەيمىن	ايتەۋ	22
جاسايدى	عوي	29
جاسايدى	دەپ	19
جاسايدى	ەكەن	20
جاسايدى	دەيدى	6
جاسايدى	سوعان	33
تاۋىر	بولىپ	20
قويدىڭبا	جانىم	22
اقشانىڭ	بارىن	11
اقشانىڭ	جاعدايى	18
اقشانىڭ	ىڭعايى	19
نادان	ەكەن	17
نادان	نەمە	18
جازعان	ەكەن	17
اناۇ	كۇنى	27
اناۇ	مىناۇ	20
جاتقانى	نەسى	16
جاتقانىم	عوي	14
جاتقانىم	قوي	3
قىزىمەت	ىستەپ	7
قىزىمەت	تابىستى	19
قىزىمەت	قاربالاسپا	19
جەرلىك	ۋاقىت	19
جەرلىك	جۇمىرتقا	18
جەرلىك	تاۋىق	17
يلەپ	جاتىرمىن	17
يلەپ	قويدىم	17
ويناي	بەر	15
ويناي	الماي	18
ويناي	عوي	12
وينايتىن	ادام	13
وينايتىن	جەر	21
وينايتىن	جەرگە	19
وينايتىن	قىزدار	20
وينايتىن	نارسە	16
وينايتىن	كىسىلەر	19
كۇرسەم	بولدى	25
كۇرسەم	بولاما	14
ۇرادى	عوي	1
ۇرادى	دەپ	18
ۇرادى	ەكەن	16
ۇرادى	دەيدى	11
تۇگەل	بولىپ	19
تۇگەل	بولسا	15
تۇگەل	امان	16
ماقان	سويلەپ	13
ماقان	سويلەمە	27
شتەمە	جوق	14
شتەمە	ەتپەيدى	12
شتەمە	بولمادى	13
ارقا	سۇيەر	7
ارقاشان	امان	11
ارقاشان	اق	18
ارقاشان	جولىڭ	24
ارقاشان	اماندىق	15
ارقاشان	جولى	19
جاتاسىڭ	عوي	18
جاتاسىڭ	جانىم	13
تاينشا	بار	16
تاينشا	بولسا	18
تاينشا	ساتىلادى	26
تاينشا	جوق	15
بالادار	بار	12
بالادار	باقىتتى	14
امالى	جوق	19
امالى	بولار	9
امالىم	جوق	11
امالىم	نە	4
امالىم	قانشا	24
امالىم	قالمادى	13
بايى	جوق	26
بايى	بار	13
بايىم	دەپ	21
بايىم	جوق	13
بايىم	بار	23
بايىم	مەنىڭ	14
ءاڭگىمە	جوق	19
ءاڭگىمە	ايت	25
ءاڭگىمە	ايتىپ	15
ءاڭگىمە	ايتشى	8
ءاڭگىمە	ايتايىق	21
جەمەشى	سەن	13
جەمەشى	بولاما	19
ولەڭ	جازىپ	3
ولەڭ	قۇراپ	16
الاتىندار	بولسا	17
الاتىندار	بارما	8
الاتىندار	قابارلاسىڭىزدار	12
ءشىپ	ال	11
ءشىپ	الىپ	18
ءشىپ	وتىرمىن	17
ءشىپ	الدىم	16
دەكەم	عوي	9
دەكەم	جوق	26
دەكەم	وعان	18
تۇسەيىن	دەپ	17
تۇسەيىن	دەسەم	5
تۇسەيىن	دەگەم	15
باستارىڭىز	امان	14
ەسىم	شىعىپ	13
ەسىم	شعىپ	7
ەسىم	اۋىپ	16
ەسىمە	تۇسىپ	24
ەسىمە	تۇستى	7
ەسىمە	تۇسپەي	16
ەسىمە	تۇسىرە	20
ەسىمە	كەلدى	16
قابل	بولسن	5
جاقسىزدار	ايتتارىڭىز	8
جانىن	باعىپ	18
جانىندا	بىر	18
جانىندا	وتىرمىن	23
سۇزىڭدى	ەندى	14
سۇزىڭدى	ەستىپ	26
سۇزىڭدى	تۇسىنبەدىم	20
سۇزىڭدى	ەستي	19
سۇزىڭدى	ايتشى	20
ايعاي	شۋ	17
ايعايلاپ	جاتىر	12
مىي	جوق	24
مىيۋ	جانىم	7
استىرىپ	جاتىر	19
استىرىپ	جاتىرمىن	18
استىرىپ	وتىرمىن	11
استىرىپ	جىبەر	15
بەلگىسىز	عوي	9
بەلگىسىز	بولىپ	17
بەلگىسىز	بوپ	12
ۇزىمىز	عانا	26
ۇزىمىز	بىر	19
جۇرەيىن	دەپ	19
جۇرەيىن	سول	11
جۇرەيىن	دەسەم	17
ساۇ	بول	24
ساۇ	بولسىن	8
ساۇ	بولسا	15
الدىنعى	كۇنى	17
الدىنعى	جولى	10
الدىنعى	ايدا	11
الدىنعى	جولعى	24
سولار	امان	10
سولار	ۇشىن	26
بەتىن	اشىپ	17
بەتىن	ارى	21
تۇرىڭ	جوق	26
قوراعا	بارىپ	19
يۋانعا	ماي	20
اعامنىڭ	ۇيىنە	24
اعامنىڭ	بالاسى	20
اعامنىڭ	قىزى	17
اعامنىڭ	ۇيىندە	31
اعامنىڭ	تويى	23
جەگىم	كەلىپ	14
جەگىم	كەلدى	3
جەگىم	كەپ	25
جەگىم	كەلمەي	14
تۇز	سالىپ	16
تۇزۋ	سويلە	19
جاۇاپ	جوق	12
جاۇاپ	بەر	16
جاۇاپ	بەرشى	16
جاۇاپ	قايتار	18
جاۇاپ	قايتارىپ	16
جاۇاپ	قايتارا	22
ماشينام	بار	29
ماشينامەن	بارىپ	30
ماشينامەن	الىپ	15
ماڭقا	سول	11
ماڭقا	ماڭقا	10
ۇزىمدى	ۇزىم	26
ۇزىمدى	ۇستاي	12
جانىڭا	بارىپ	12
جانىڭا	بارعىم	14
جانىڭا	جاماندىق	28
اۋرۋ	بولىپ	26
اۋرۋ	جوق	23
جاتسىڭبا	جانىم	19
اقشاعا	بولا	21
اقشاعا	ساتىپ	20
كەلڭدەر	دەپ	17
كەلڭدەر	دەيدى	17
جاسايمىن	عوي	20
جاسايمىن	دەپ	18
جاسايمىن	دەيدى	11
كينو	كورىپ	13
كينو	كۇرىپ	6
ويلاساڭ	بولدى	20
ويلاساڭ	ۇزىڭ	14
ويلاساڭ	وزىڭ	18
ويلاساڭ	سولاي	25
ارتىندا	بىر	24
قوناققا	بارىپ	19
تنش	وتىر	20
جاتقانىڭا	راحىمەت	14
ادامى	عوي	20
ادامى	جوق	26
ادامى	ەكەن	17
ادامى	بار	20
قولدان	كەلمەيدى	24
قولدان	كەلسە	17
قولدان	بەرمەي	20
قولدان	كەلەر	16
تاۇبا	دەشى	12
تاۇبا	دەدىم	26
قىلماي	قويدىڭ	19
اپامنىڭ	تۋىلعان	20
ۇتكىزىپ	جاتىر	19
ۇتكىزىپ	بەرەيىن	22
اقىلداسىپ	كور	21
اقىلداسىپ	كورەيىك	20
بەرەكەلى	بولسىن	23
بەرەكەلى	دوستار	4
ۇرعاشى	تاينشا	20
ۇرعاشى	بۇزاۋ	18
ۇرعاشى	قوزى	15
كۇرەدى	عوي	19
كۇرەدى	دەپ	13
كۇرەدى	ەكەن	19
كۇرەدى	ەكەنسىڭ	12
بەتكە	بارىپ	25
بەتكە	كەتىپ	20
بەتكە	ءوتىپ	23
قاتىم	قابىل	7
قايناق	سۇ	17
قايناق	سۋ	20
قايناق	سۋعا	3
قايناق	سۋدى	14
گاز	جوق	13
گاز	بار	19
گاز	قۇيىپ	19
گاز	تۇڭ	13
گاز	وشاق	19
كۇىن	بولدى	19
كۇىن	ىستىق	16
نەبولىپ	جاتىر	18
نەبولىپ	كەتتى	21
نەبولىپ	قالدى	9
اپاراتىن	بولدى	17
اپاراتىن	ادام	28
اپاراتىن	شىعار	18
اپاراتىن	بولدىم	28
اپاراتىن	بولىپ	14
اپاراتىن	ەدىم	28
تۇعان	كۇنى	23
تۇعان	كۇنىڭ	13
تۇعان	دوس	4
ۋاقتى	جوق	29
ۋاقتى	بار	19
ۋاقتى	وتىپ	25
سۇيتشى	جانىم	22
قۇرساعى	اشىپ	8
قۇرساعىم	اشىپ	6
قۇرساعىم	اشتى	3
قۇرساعىم	اشقاندا	18
تىلەپ	جاتىرمىن	18
تىلەپ	وتىرمىن	18
تىلەپ	جاتقان	19
ايران	ىشىپ	22
باتىپ	تۇر	10
باتىپ	كەتتى	18
باتىپ	جۇر	14
باتىپ	سۋداي	20
قالتا	ۇن	20
ايداي	بولدى	20
ايداي	بەر	17
ايداي	الماي	22
ايداي	المايمىن	23
بۇلسا	قابارلاسىڭىزدار	22
بۇلسا	بۇلدى	19
تىلەۋ	قابىل	17
تىلەۋ	قۇتتى	5
تىلەۋ	بەرەكەلى	15
قاتەلىك	جوق	23
قاتەلىك	بار	16
قاتەلىك	بولسا	19
قاتەلىك	مەندە	27
قاتەلىك	مەنەن	15
سارسەنبى	كۇنى	23
سارسەنبى	بەيسەنبى	7
وسىعان	جاۋاپ	19
قازاقشا	جاز	16
بارمايىم	عوي	23
بارمايىم	دەپ	29
بارمايىم	بولدى	15
بارمايىم	دەيدى	26
سالايىق	دەپ	23
براق	مەن	16
ساعندىم	عوي	16
ساعندىم	جانىم	14
ساعندىم	دەپ	10
ساعندىم	سەنى	21
ساعندىم	ساعندىم	23
مايى	بار	15
جۇرسىن	دەپ	19
سۇيتەيىن	دەپ	16
سۇيتەيىن	وندا	9
قوستى	عوي	20
قوستى	دەپ	14
قوستىم	عوي	15
قوسقان	جوق	15
قوسقان	ادام	18
قوسقان	سوڭ	24
قويىڭدار	دەپ	16
شقسا	بولدى	22
تابس	مول	29
تابستى	بولسىن	7
تابستى	كۇندەرىڭ	4
تابستى	بولسن	23
تابستى	بولاشاعى	18
اپارايىن	دەپ	24
اپارايىن	دەسەم	9
اپارايىن	دەگەم	17
جۇگىرىپ	بارىپ	10
جۇگىرىپ	جۇر	22
بىلەسىڭبە	جانىم	29
بىلەسىڭبە	سەن	17
كەسىپ	الىپ	20
ولارعا	نە	19
قايتاردا	الىپ	15
جەمىس	جيدەك	13
بۇلادى	ەكەن	25
بۇلادى	عۇي	11
ميدى	جەپ	16
ميدى	جەيدى	15
ميدى	جەمەشى	6
ميدى	جەمەي	17
ميدى	جەدى	23
تۇسىمە	كىرىپ	11
تۇسىمە	كىرىپسىڭ	23
تۇسىمە	كىردىڭ	7
دەيما	دەپ	23
دەيما	ايتەۋ	18
شامام	جوق	11
شامام	بار	6
شامام	كەلمەي	20
شامام	كەلمەيدى	19
شامام	كەلگەنشە	23
شامام	كەلسە	24
شپيڭ	ۇرسام	19
جونى	جوق	19
جونى	بار	15
جونى	بولادى	14
جونى	كەلسە	14
جونى	بولار	23
شاقىرىپتى	عوي	21
شاقىرىپتى	ەكەن	18
شاقىرىپتى	سول	15
شاقىرىپتى	سوعان	18
ويلايدى	عوي	11
ويلايدى	دەپ	12
ويلايدى	ەكەن	20
ويلايدى	ەكەنسىڭ	15
مۇندا	بىر	10
تاڭەرتەڭنەن	بەرى	24
تاڭەرتەڭنەن	باستاپ	4
تىيىپ	تۇر	6
تىيىپ	قالدى	20
تىيىپ	قالىپتى	19
كۇشىپ	كەلىپ	18
كۇشىپ	بارىپ	12
كۇشىپ	كەتكەن	18
بىيىل	بىر	26
باسقاسىن	قويشى	22
باسقاسىن	بىلمەيمىن	13
بىرەۋمەن	بىرگە	15
بىرەۋمەن	سويلەسىپ	19
شىداي	تۇر	18
شىداي	الماي	16
شىداي	المايمىن	6
شىداي	المادىم	18
شىداي	المايدى	19
شىداي	الار	23
ۋاقتىڭ	جوق	19
ۋاقتىڭ	بار	16
ۋاقتىڭ	بولسا	18
ۋاقتىڭ	بارما	12
ۋاقتىڭ	شىققاندا	21
ۋاقتىڭ	شىعادى	13
ۇيىقتايىن	دەپ	23
ۇيىقتايىن	دەسەم	4
قىيمىل	باعا	19
قىيمىل	باعادا	17
وتىرىم	عوي	17
تۇيەك	الىپ	16
تۇيەك	جۇمىس	19
تۇيەك	نارسە	22
تۇيەك	جۇمىستار	19
تۇيەك	جۇمىستارمەن	12
بارامىزبا	دەپ	27
بارامىزبا	جوق	27
قاشالاپ	قوي	17
قاشالاپ	قويدىم	27
قاشالاپ	الايىن	16
قاشالاپ	قويىپ	17
قاشالاپ	قويايىن	20
قاشالاپ	قويعام	25
قاشالاپ	ال	21
قاشالاپ	وتىرمىن	24
قايتايىق	دەپ	32
قايتايىق	دەيدى	9
ەمتيقان	بەرىپ	16
قىين	عوي	18
قىين	بولدى	17
قىين	ەكەن	8
قىين	بولىپ	15
قىين	بولعان	18
قىينالىپ	كەتتىم	17
قىينالىپ	قالدىم	13
قىينالىپ	جۇرمىن	24
قىينالىپ	تۇرمىن	20
كۇڭىلىم	بىر	23
كۇڭىلىم	قالدى	18
كۇڭىلىم	اۋىرىپ	18
كۇڭىلىم	قاتتى	26
كۇڭىلىم	جارىم	19
كۇڭىلىم	قالىپ	19
كۇڭىلىم	ابدەن	27
تۇسىنبەي	كەتتىم	25
تۇسىنبەي	قالدىم	21
تۇسىنبەي	كەتتىڭ	9
كسىلەر	بار	14
كسىلەر	بولسا	19
كسىلەر	بارما	12
كسىلەر	قابارلاسىڭىزدار	17
جەرىڭدى	جولداشى	15
جەرىڭدى	ساعىندىم	26
قۇلدايتىن	بىر	14
قۇلدايتىن	ادام	18
قۇلدايتىن	ماشينا	26
قۇلدايتىن	كولىك	24
قۇلدايتىن	جولاۋشىلار	8
قۇلدايتىن	كۇلىك	7
ايتپايسىڭ	عوي	18
بايلانىس	تەلەفون	16
بايلانىس	تەلەفونى	21
بايلانىس	ۋاقىتىڭىز	15
بايلانىس	ۋاقىتى	15
لاق	بار	8
قالعانبا	دەپ	17
قالعانبا	نە	19
كەلدىڭدەر	دوستار	25
كەلدىڭدەر	توردەن	23
مىنىپ	الىپ	13
مىنىپ	كەتتى	19
مىنىپ	كەتكەن	22
ساسىپ	تۇر	27
ساسىپ	كەتتى	22
ساسىپ	كەتكەن	16
ساسىپ	كەتەدى	19
ساسىپ	كەتىپتى	21
ايتان	كەيىن	17
ايتان	بۇرىن	3
قالسىن	دەپ	10
ورتادا	مەن	23
ورتادا	وتىرعان	23
امانسڭبا	جانىم	17
امانسڭبا	دوسىم	17
شىقىپ	كەتتى	25
شىقىپ	تۇر	17
جەزدەم	بار	24
سوتقا	بارىپ	22
سوتقا	ارىز	16
ويپىرماي	نەدەگەن	15
تىلەكتەرىڭ	قابىل	7
تىلەكتەرىڭىز	قابىل	2
كۇننى	قۇتتى	21
كۇننىڭ	قۇتتى	25
كۇننىڭ	الدىندا	24
كۇننىڭ	بىرىندە	11
كۇننىڭ	ىستىعى	18
كۇننىڭ	ىستىعىندا	19
جىبار	ەكەن	21
جىبار	بولىپ	20
جىبار	ەكەم	17
جىبار	قىلىپ	22
تەكسەرتىپ	كور	23
بۇنىڭ	نە	18
بۇنىڭ	بارى	12
بۇنىڭ	بارىن	19
وتكەندە	بىر	16
سومدى	اتىپ	19
شارشاعان	ەكەنسىڭ	20
شارشاعان	شىعارسىڭ	25
شارشاعان	شعارسىڭ	6
شارشاعان	بولارسىڭ	18
ستەتىپ	جاتىر	14
ستەتىپ	جاتىرمىن	22
كسنىڭ	نۇمىرىن	23
كسنىڭ	ۇيندە	18
رەڭ	بولسىن	12
رەڭ	بار	21
اۇرىپ	جاتىر	20
اۇرىپ	تۇر	18
دەنە	جۋاتىن	16
دەنە	تاربيە	19
دەنە	سالماعىم	17
دەنە	جۋۋ	18
دەنە	سالماعىڭىزدى	21
قىدىرىپ	جۇرمىن	18
كۇرەتىن	ادام	3
وتىرساڭ	بولدى	17
وتىرساڭ	بولمايما	12
امانبا	دوسىم	15
قۋات	بەرسىن	15
باراما	دەپ	9
باراما	ەكەن	18
باراما	بارمايما	13
اتپال	ازامات	20
ۇرعان	جوق	15
ۇرعان	سوڭ	13
مازا	جوق	19
مازا	بەرمەي	15
مازا	بەرمەيدى	8
مازا	بەرمەدى	12
مازاڭ	كەتىپ	14
مازاڭدى	الىپ	6
مازاڭدى	المايمىن	22
مازاڭدى	المايىن	28
مازاڭدى	الدىم	10
مازاڭدى	الادى	16
ۇستەم	بولسىن	19
ۇزىنە	جاقسى	14
اۋىردى	عوي	18
اۋىردى	دەپ	15
المايمىز	عوي	22
المايمىز	دەپ	11
المايمىز	دەيدى	16
قاتىنى	بار	24
قاتىنى	جوق	25
قاتىنىم	سول	18
قاتىنىم	مەنىڭ	24
جاۋىن	جاۋىپ	35
جاۋىن	جاۋدىما	30
جاۋىن	ەكەن	30
جاۋىن	بار	30
جاۋىن	بولىپ	28
جاۋىن	قۇيىپ	28
جاۋىن	جاۋدى	9
جاۋىن	جاۋسا	21
تۇرعانى	جاقسى	23
تۇرعانى	اي	19
شاتتىق	كەتپەسىن	18
دوقتىر	قانادا	18
دوقتىرعا	بارىپ	18
دوقتىرعا	جاتىپ	16
دوقتىرعا	اپارىپ	26
دارىنى	الىپ	24
دارىنى	ىشىپ	17
شىققالى	جاتىر	9
شىققالى	جاتىرمىن	17
شىققالى	تۇرمىن	10
شىققالى	جاتىرمىز	11
شىققالى	تۇرمىز	17
تىراكتىر	ايداپ	19
تىراكتىر	بارما	17
جوعالشى	بولدى	24
جوعالشى	ەي	20
جوعالشى	ارى	19
شىعارا	سال	8
شىعارا	بەر	12
شىعارا	الماي	18
سىرتتان	ادام	17
سىرتتان	تاماق	16
سىرتتان	كەلگەن	16
ءوزىڭدى	قاتتى	12
ءوزىڭدى	ماڭگى	24
ءوزىڭدى	جولداشى	22
ءوزىڭدى	ساعىنىپ	18
ءوزىڭدى	ءوزىڭ	26
ەسكە	الىپ	16
ەسكە	تۇسىپ	9
اكەمنىڭ	باسى	24
اكەمنىڭ	ۇيىنە	18
بىرتال	عانا	18
سۇرايدى	عوي	19
سۇرايدى	دەپ	14
سۇرايدى	ەكەن	17
قازىرگى	كەزدە	20
قازىرگى	ۋاقىتىڭ	24
قازىرگى	بەينەڭدى	20
قازىرگى	بوي	14
قازىرگى	ۋاقىتتارىڭىز	19
شعايىن	دەپ	20
شعايىن	دەسەم	7
شعايىن	دەگەم	17
جازدىق	اياق	23
جازدىق	كيىم	18
جازدىق	دوڭگەلەك	20
كەتىڭبە	جانىم	16
شايىن	ىشىپ	15
شايىن	بەرىپ	14
شايىن	بەرەيىن	9
شايىن	قايناتىپ	20
بىتكەن	جوق	24
بىتكەن	سوڭ	13
لازى	قىزىل	11
مەنىدە	بىر	13
مەنىدە	قوسىپ	21
مەنىدە	ەرتىپ	25
توشىپ	كەتتى	19
توشىپ	قالدى	10
توشىپ	كەتەدى	21
توشىپ	كەتىپتى	23
بارلعى	جاقسى	13
قالامبا	دەپ	21
قالامبا	كىم	4
كىسىگە	نە	12
كىسىگە	بارىپ	22
كىسىگە	قاراپ	23
كىسىگە	ايتىپ	23
جىبەرە	سال	21
جىبەرەيىن	دەپ	14
جىبەرەيىن	دەسەم	13
جىبەرەيىن	دەگەم	19
جاستى	ەكەن	22
جاستىق	شاق	14
جاستىق	قاپ	20
الىپسىڭ	عوي	27
الىپسىڭ	قوي	3
تورىت	ادام	14
تورىت	كۇن	14
تورىت	بەس	16
تورىت	جۇز	17
تورىت	ورىن	24
تولعا	بىر	15
تولعا	كەلىپ	17
تولعا	بارىپ	24
تولعا	ەكى	19
تولعا	باراتىن	25
تولىپ	جاتىر	16
تولىپ	تۇر	24
تولىپ	كەتتى	16
تولىپ	كەتكەن	12
تولىپ	كەتىپتى	24
قاتسى	جوق	23
قاتسى	نە	12
قاتسى	بار	3
جۇمىسىم	جوق	18
جۇمىسىم	بار	15
جۇمىسىم	شىعىپ	8
جۇمىسىم	بىتپەي	14
اعاما	تەلەفون	20
اعاما	ايتىپ	22
وقساس	ەكەن	16
وقساس	قوي	16
وقساس	ەكەنبىز	17
شەشىپ	تاستاپ	21
شعاما	دەپ	13
شعاما	ەكەن	19
بىلمەيسىڭ	عوي	22
دەگەنگە	مەن	10
دەگەنگە	كىم	22
دەگەنگە	سەنبەيمىن	20
دەگەنم	عوي	18
ىراقىمەت	جانىم	19
تاياق	جەپ	17
تاياق	جەيتىن	10
تاياق	جەيسىڭ	20
تاياق	جەگەن	10
قاسىما	كەل	11
قاسىما	كەلىپ	18
قاسىما	كەپ	10
قاسىما	كەلشى	26
قاسىما	كەلسەڭ	27
قۇتتىقتايمىن	جانىم	14
قۇتتىقتايمىن	ماڭگى	12
قۇتتىقتايمىن	جاسىڭ	17
قۋانىشتامىن	راحىمەت	16
قۋانىشتامىن	اتىم	17
استارىڭىز	اس	20
استارىڭىز	ءدامدى	15
استارىڭىز	دامدى	3
استارىڭىز	سىڭىمدى	19
جاقسسز	جەجە	24
جاقسسز	دەنساۋلعىڭىز	18
ىرەنجىمە	جانىم	15
ىرەنجىمە	بولاما	26
ىرەنجىمە	شى	19
ىرەنجىمە	دوسىم	15
برگە	بولسىن	18
ەرمەك	قىلىپ	20
قايداسىز	اعا	18
ەركەم	سول	21
ەركەم	مەنىڭ	14
ەركەم	اۋ	12
ەركەم	تايىم	25
ويبي	جانىم	23
ويبي	وندا	17
ويبي	قيىن	18
كەزىككەندە	ايتىپ	18
كەزىككەندە	ايتايىن	19
اشقان	جوق	16
اشقان	شىعار	14
اشقانا	بار	14
اشقانا	اشىپ	21
تۇسىندىرىپ	قوي	10
تۇسىندىرىپ	ايتىپ	17
شىنبەي	ۇزى	10
شىنبەي	وزى	6
شىنبەي	ءوزى	18
قايتارام	عوي	17
قايتارام	دەپ	15
ۇردى	عوي	18
ۇردى	دەپ	14
قاتىنىڭ	بار	16
تۇبى	جاقسى	9
تۇبى	بىر	18
تۇبى	سارى	14
تۇبى	بەزى	15
الاسىز	عوي	4
قالامىز	عوي	18
قالامىز	دەپ	10
بايىڭ	بار	18
بايىڭ	قايدا	15
ستەيمىن	عوي	24
ستەيمىن	دەپ	17
ستەيمىن	دەگەن	14
جابىسىپ	جۇر	26
جابىسىپ	الدى	23
جابىسىپ	الادى	23
الماستىرىپ	اتىپ	13
الماستىرىپ	الايىن	17
الماستىرىپ	تالداۋىڭىزعا	23
مالدىڭ	جەم	20
مالدىڭ	جەمىن	18
مالدىڭ	شۇبىن	18
جەمەي	قويدى	15
شققان	جوق	19
شققان	سوڭ	14
ايتباشى	جانىم	5
ايتباشى	بولدى	15
ايتباشى	بولاما	21
جەركە	بارىپ	14
بولاشاعى	نۇرلى	25
ايتامىز	عوي	16
ايتامىز	دەپ	13
قايتاسىڭبا	جانىم	27
قايتاسىڭبا	جوق	19
جۋاتىن	سابىن	19
تانىماي	وتىرمىن	20
تانىماي	قالدىڭبا	19
تانىماي	قالدىم	18
تانىماي	قالدىڭ	19
تانىمايمىن	عوي	16
تانىمايمىن	دەپ	12
تاعدا	بىر	15
نەدەن	قورقام	18
نەدەن	قورقاسىڭ	19
نەدەن	الاڭدايسىڭ	11
قولعا	بىر	13
قولعا	الىپ	20
قويمايدى	عوي	19
قويمايدى	ەكەن	12
قويمايدى	ەكەنسىڭ	24
قويمايدى	دەگەن	13
شىنىڭدى	ايت	23
شىنىڭدى	ايتىپ	12
شىنىڭدى	ايتشى	27
شىنىڭدى	ايىت	17
شىنىڭدى	ايتساڭ	6
شىنىڭدى	ايتا	24
جۇمىستى	بىتىرىپ	9
بولماساڭ	مەن	18
بولماساڭ	بولدى	19
بولماساڭ	بولمايدى	22
اشۋلانىپ	وتىر	17
اشۋلانىپ	وتىرسىڭ	25
اشۋلانىپ	وتىرمىن	25
بەرسەك	جاقسى	19
بەرسەك	بولدى	21
بەرسەك	بولادى	15
بەرسەك	بولاما	15
اۋىرە	بولىپ	18
اۋىرە	بولما	18
اۋىرە	بولدىڭ	12
اۋىرە	بولماياق	15
قايتىڭدار	دەپ	24
قايتىڭدار	جانىم	16
ىشپەيمىن	عوي	17
ىشپەيمىن	جانىم	17
ىشپەيمىن	دەپ	19
تانام	سول	19
تانام	مەنىڭ	10
كوجە	ىشىپ	11
كوجە	ىستەپ	15
كوجە	جاساپ	14
قۇتى	بولسىن	23
قۇتى	بولسن	4
كەيبىر	كەزدە	16
كەيبىر	ادامدار	19
بىتي	تۇرىپ	18
بىتي	تۇرا	24
سويىپ	جاتىر	18
سويىپ	الىپ	17
تىس	ماي	19
شعامىن	عوي	23
شعامىن	جانىم	17
شعامىن	دەپ	23
تيەدى	عوي	20
تيەدى	دەپ	16
تيەدى	ەكەن	18
شىنايى	جاقسى	20
قالايسىز	جاقسىما	22
قالايسىز	جاقسىزبا	22
قارىزعا	اقشا	18
قارىزعا	بەرىپ	19
نەدەيسىڭ	جانىم	24
نەدەيسىڭ	تۇسىنبەدىم	20
تابام	عوي	18
تابام	جانىم	14
تابام	دەپ	22
اراقتى	ىشىپ	22
اراقتى	قويدىم	22
اراقتى	قويىپ	25
اراقتى	كوپ	19
اراقتى	از	21
بايلىق	دەنساۋلىق	11
بايلىق	سيلاسىن	17
كوكتەم	بولدى	13
كوكتەم	كەلىپ	21
كوكتەم	كەلدى	24
سوق	دەپ	21
ۇلىڭ	بار	17
ۇلىڭ	قانداي	20
بەتىم	اي	21
بەتىم	ىسىپ	20
بەتىم	جوق	18
بەتىماي	الىپ	19
بەتىماي	جاعىپ	18
شينجياڭ	ساعات	19
شينجياڭ	ۋاقىتى	17
جۇرشى	جانىم	23
جۇرشى	بولاما	15
بۋىرشىن	اۋداننان	14
بۋىرشىن	اۋدانى	15
بۋىرشىنعا	بىر	14
بۋىرشىنعا	بارىپ	17
بۋىرشىنعا	باراتىن	19
جاقسلىق	بولسىن	18
اشاتىن	بولدى	20
اشاتىن	ادام	15
ىشسە	بولادى	19
ىشسەڭ	جاقسى	16
ىشسەڭ	بولدى	19
ىشسەڭ	بولادى	17
ىشسەڭ	بولمايما	18
ايتپادى	عوي	20
ايتپادى	دەپ	9
ايتپادىم	عوي	19
قويساڭىز	بولدى	17
قويساڭىز	بولادى	12
قويساڭىز	بولاما	17
جاتايىق	جانىم	18
جاتايىق	دەپ	18
جاتايىق	بولاما	8
تۇسپەي	جاتىر	10
تۇسپەي	تۇر	17
تۇسپەي	قويدى	12
كورىنىپ	ال	6
كورىنىپ	تۇر	19
ايىلىق	شىققاندا	19
تاعىپ	ال	17
تاعىپ	الىپ	18
شوفەر	بارما	21
شوفەر	جولداستار	23
شوفەر	بولسا	23
توسەك	سالىپ	18
جولداس	بولسىن	22
جولداس	بولىپ	8
جولداس	بولمايدى	22
جايىراق	بارامىن	16
جالعان	ەكەن	16
جالعان	دۇنيە	19
جۇلىپ	الىپ	18
جۇلىپ	جۇرمەسىن	19
ءبىرگە	بولسىن	9
سوزىن	ايتىپ	20
سوزىن	سويلەپ	20
سوزىن	ەستىپ	14
بلەدى	عوي	16
بۇلسىن	جانىم	10
جۇمسى	بار	5
قايتقالى	جاتىرمىن	18
قايتقالى	وتىرمىن	14
قايتقالى	تۇرمىن	16
قايتقالى	جاتىرمىز	8
قايتقالى	تۇرمىز	14
كورمەگەن	ادام	12
كورمەگەن	سوڭ	16
بارىنەن	ماڭىزدى	20
بارىنەن	ارتىق	21
كيناۋ	كورىپ	11
كيناۋ	كۇرىپ	7
تاتەمە	ايتىپ	8
قاتا	جازىپ	12
قاتار	كەلىپ	17
كەتىك	عوي	26
كەتىك	قوي	15
جىنى	ۇستاپ	18
جىنىم	كەلىپ	8
جىنىم	ۇستاپ	16
جىنىم	ۇستايدى	7
قارايمىن	عوي	20
قارايمىن	دەپ	23
قارايمىن	جانىم	12
سويتىپ	ايتىپ	24
ماشيناسى	بار	18
ماشيناسى	ساتىلادى	12
اشتىرىپ	قويايىن	17
الدڭبا	جانىم	12
جاقسىمىن	جانىم	18
جاقسىمىن	وزىڭ	15
بۇگىننەن	باستاپ	25
بۇگىننەن	قالماي	3
بۇگىننەن	قالتىرماي	19
بۇگىننەن	كەيىن	20
ايىر	باستاپ	19
ايىرىم	بىر	10
جۇنى	جوق	19
جۇنى	بار	16
جۇنى	بولادى	14
جۇنى	بولار	16
تاني	الماي	15
تاني	المادىم	8
تانيتىن	ادام	8
تانيتىن	بىرەۋ	11
تانيتىن	شىعارسىڭ	25
تانيتىن	ادامدار	24
كوزىڭ	كورىپ	15
كوزىڭ	تۇسىپ	25
ايقىن	اعا	7
ادامىڭ	مەن	21
ادامىڭ	بار	22
ادامىڭ	بولسا	11
ادامىڭ	بارما	16
كىندىك	بالام	28
كىندىك	اكە	15
كىندىك	شەشە	18
كىندىك	شەشەسى	16
كىندىك	اكەسى	12
كىندىك	بالامنىڭ	20
كىندىك	اپا	1
شىندىق	قوي	19
ويعا	كەلدىم	36
ويعا	تۇسىپ	28
ويعا	تۇسەتىن	15
ويعا	كەلىپ	34
ويعا	بارىپ	25
ويعا	قاشان	36
ويعا	تۇسكەندە	16
ويعا	باساتىن	31
ىشىنە	كىرىپ	19
ايتىپتى	عوي	1
عۇمىر	بەرسىن	21
عۇمىر	جاسى	14
عۇمىر	جاسىڭ	7
عۇمىر	جاستارى	14
كەلگەلى	بىر	15
كەلگەلى	جاتىر	17
كەلگەلى	ەكى	15
يەسى	جوق	21
يەسى	بار	20
يەسى	بولسا	18
ەڭبەك	ىستەپ	19
ەڭبەك	ستەپ	20
ەڭبەك	اقىسى	14
اپىرەس	بولدى	15
اپىرەس	بولىپ	19
اپىرەس	بولعان	17
اپىرەس	بولاتىن	19
قاراتىپ	جاتىرمىن	18
قاراتىپ	وتىرمىن	20
قاراتىپ	قويىپ	15
دايلي	بولىپ	10
دايلي	باعاسى	14
دايلي	باعادا	11
قۇرعاق	قاسىق	19
جىلعا	بولىپ	17
جىلعا	دەيىن	19
تانسىپ	ال	27
تانسىپ	وتىرايىق	20
تانسىپ	قالايىق	13
جاقسسىز	جەجە	19
جاقسسىز	دار	18
جانىمدى	قويماي	21
شەشەمە	قاراپ	17
باربولسا	بەرىپ	17
باربولسا	قابارلاسىڭىزدار	20
كەتىپسىڭ	عوي	27
كەتىپسىڭ	جانىم	4
دەنساۋلىعىڭا	كوڭىل	25
دەنساۋلىعىڭا	كۇڭىل	3
دەنساۋلىعىڭا	زيان	13
كەتپەي	تۇر	12
كەتپەي	قويدى	22
كەتپەي	تۇرىپ	23
قىسقا	ەكەن	20
قىسقا	بولىپ	22
باعاتىن	ادام	15
باعاتىن	جەر	11
قىستاق	باستىعى	19
ەپتەپ	سەپتەپ	15
ءاميىن	ايتقانىڭ	13
ءاميىن	ايتقانىڭىز	6
مۇڭعۇلكۇرە	دەن	14
مۇڭعۇلكۇرە	اۋدانى	10
ساۋداڭىز	كۇسەت	13
بولعام	جوق	21
ارىقتاپ	كەتتىم	10
ارىقتاپ	كەتىپتى	17
ارىقتاپ	كەتىپسىڭ	21
جەيدە	الىپ	23
جەيدە	كيگەن	17
سىير	بار	23
سىير	ساۋىپ	19
سىير	جوق	19
اقماق	قىلىپ	12
اقماق	قىلماشى	12
تاماعىم	اۋىرىپ	13
تاماعىم	اۋرىپ	7
سويلەگەن	جوق	13
سويلەگەن	سوڭ	13
قالايسىڭدار	جاقسىما	18
جاتقالى	جاتىر	12
جاتقالى	جاتىرمىن	19
جاتقالى	جاتىرمىز	7
ۇيان	قۇڭباۋ	1
كۇردىڭ	عوي	18
كۇردىڭبە	جانىم	7
قيناپ	تۇر	19
قيناپ	قويدىم	22
قيناپ	قويدىمبا	13
سالامىز	عوي	16
سالامىز	دەپ	13
سالامىز	دەيدى	16
دوستارى	بار	20
دوستارىم	بار	15
كەلكەندە	قابارلاس	13
جىبو	كوڭىلدى	19
جىبو	اشىپ	5
جىبو	كۇڭىلدى	19
تابىلادى	عوي	20
تابىلادى	جانىم	9
شاقىردى	عوي	20
شاقىردى	دەپ	15
قۇيا	سال	11
قۇيا	الماي	15
قۇيا	سالشى	19
قۇياتىن	اقشا	15
كەپىلدىك	بار	19
كەپىلدىك	بەرەمىن	18
كەپىلدىك	بەرەمىز	13
كەپىلدىك	ەتەمىز	20
كەپىلدىك	بەرىلەدى	19
باستان	اياق	17
باستان	اقىر	8
جاتىرسڭبا	جانىم	23
جانىما	كەلىپ	23
جانىما	باتىپ	14
جانىما	كەل	10
ەكەنسىڭدەر	عوي	15
تومپاعىم	سول	22
تومپاعىم	مەنىڭ	10
شاعا	امانبا	19
شاعا	تەگىس	10
تۇرىڭنەن	سول	14
تۇرىڭنەن	اينالايىن	21
قالدىڭىز	عوي	19
ءبىراز	تۇرىپ	18
ءبىراز	ۋاقىت	20
اسىقباي	ىشىپ	3
ولاردىڭ	الدىندا	25
ولاردىڭ	نەسى	19
بالاڭدى	الىپ	20
بالاڭدى	باعىپ	24
بالاڭدى	ەرتىپ	18
كەتىڭىز	عوي	17
نۇكە	اعا	18
بيە	بار	15
بيە	ساتىلادى	18
بيە	ساۋىپ	19
بيە	بايلاپ	16
قوياما	دەپ	7
قوياما	دەگەنىم	5
جاسايىن	دەپ	13
جاسايىن	دەسەم	4
جاسايىن	دەگەم	16
سيىردى	ايداپ	25
كورشىلەر	امانسىزدارما	7
جانەدە	بىر	19
مىناۋىڭ	نە	18
مىناۋىڭ	كىم	11
ۇزڭدى	ماڭگى	21
ۇزڭدى	جولداشى	18
ۇزڭدى	قاتتى	19
ەمەسسىڭ	عوي	19
دۋيىن	كورىپ	10
دۋيىن	كۇرىپ	5
بارىڭ	بىر	20
بارىڭ	بىرگە	18
وسىمەن	ەكى	23
وسىمەن	ۇش	16
وسىمەن	نەشە	23
جاندى	قويماي	22
جاندى	قويمادى	17
كەدەيىن	بار	12
شاعىپ	اۋىرىپ	23
شاعىپ	الدى	14
حال	قالاي	17
حال	جايىڭ	5
حالىق	ۇشىن	9
حالىق	ءۇشىن	18
قىلامىن	عوي	21
قىلامىن	جانىم	15
قىلامىن	دەپ	17
قۇرلى	نە	18
قۇرلى	كورمەي	20
قۇرلى	كورمەيسىڭ	16
شىعايىق	دەپ	20
شىعايىق	دەيدى	11
ءىس	جوق	15
ءىس	ىلگەرى	19
ءىستەپ	جاتىر	10
ءىستەپ	جاتىرسىڭ	18
ءىستەپ	جاتىرمىن	15
اعايىن	دوس	18
اعايىن	بالا	14
كوتەرە	الماي	20
كوتەرە	المايمىن	6
كوتەرە	المايدى	18
كوتەرە	المايتىن	17
كۇڭل	كۇي	14
كۇڭل	كۇيىم	13
كۇڭلدى	بولسىن	13
كۇڭلدى	جۇر	8
كۇڭلدى	ويناپ	23
كۇڭلدى	بولساڭ	17
تۇرماي	جاتىر	17
تۇرماي	قويدى	14
الساڭىزدا	بولادى	14
الساڭىزدار	بولادى	6
الساڭىزدار	قابارلاسىڭىزدار	12
جاقشى	تۇراسىڭبى	20
ىلىپ	ال	16
ىلىپ	الىپ	17
ۇيلاپ	جاتىرمىن	17
ۇيلاپ	وتىرمىن	18
باردىق	قوي	19
اسقان	تاماق	17
اسقان	سوڭ	20
سولايما	جانىم	18
شققاندا	قابارلاسايىن	20
شققاندا	قابارلاس	14
بىلگەن	جوق	15
بىلگەن	ادام	17
بىلگەن	سوڭ	19
بىلگەن	بولسام	16
بىلگەن	ويىڭ	19
بىلگەن	بوعىڭدى	17
ايتپايسىڭبا	جانىم	17
تولسىن	ماڭگى	20
تولسىن	قايرلى	22
ەكەۋىمىز	بىر	19
ەكەۋىمىز	عانا	23
ەكەۋىمىز	بىرگە	20
ۇيناپ	جۇر	23
ۇيناپ	قايىت	19
ۇيناپ	كەل	18
جۇردىك	جانىم	27
جۇردىك	قوي	19
جۇرەكتە	بار	13
جۇرەكتەن	جاقسى	14
جۇرەكتەن	ايتىپ	16
جۇرەكتەن	سۇيەمىن	21
جۇرەكتەن	شىققان	13
جۇرەكتەن	تىلەيمىن	26
جۇرەكتەن	تىلەيمىز	25
جۇرسەك	بولدى	24
جۇرسەك	جاقسى	22
ۇقسامايدى	عوي	17
ۇقسامايدى	ەكەن	10
سولعوي	جانىم	19
بالدىز	جان	24
ازداپ	اقىلداسۋعا	19
كۇمەك	قىلىپ	16
كۇمەك	قولدارىڭىزدى	16
كۇمەكتەسىپ	جاتىرمىن	13
كۇمەكتەسىپ	جىبەر	18
سايقال	نەمە	10
قايتەتىن	بولدى	20
قايتەتىن	بولدىڭ	15
قايتەتىن	بولدىق	5
قايتەتىن	بولدىڭىز	15
قايتەتىن	بولدىڭدار	20
ارلاسىپ	جۇرگەن	9
ارلاسىپ	تۇرايىق	15
باۋىرساق	پىسىرىپ	15
شىلاپ	كەلىڭدەر	9
شەكەر	پىراندىك	20
كۇرەمىز	عوي	5
تۇرامىز	عوي	18
التىنشى	ايدىڭ	13
التىنشى	ايدا	18
التىنشى	اۋىلدان	18
تابىلماي	جاتىر	19
تابىلماي	تۇر	6
تابىلماي	قويدى	12
ۇشەۋ	بار	14
ۇشەۋى	بىر	18
ورلەپ	تۇر	19
ورلەپ	كەتتى	18
ورلەپ	كەتىپتى	17
شىڭگىل	اۋدانى	16
شىڭگىلگە	بىر	13
شىڭگىلگە	بارىپ	13
شىڭگىلگە	ەكى	23
شىڭگىلگە	شىعاتىن	19
شىڭگىلگە	باراتىن	20
شىڭگىلگە	قايتاتىن	19
قوسپ	قوي	13
ەەبولدى	جانىم	16
ەەبولدى	جاقسى	19
ەەبولدى	وندا	20
وقاسىجوق	جانىم	15
وقاسىجوق	دوسىم	10
وقاسىجوق	اينالايىن	23
بيىك	بولسىن	27
بيىك	بوساعاسى	27
بيىك	قاباققا	18
بيىك	ەكەن	29
بيىك	بيىك	13
بيىك	بوساعاڭ	17
بيىك	بوساعالارىڭ	23
بيىك	شىڭداردان	22
قاسقا	سيىر	15
قاسقا	قۇناجىن	16
ۇرام	عوي	21
ۇرام	جانىم	20
ۇرام	دەپ	19
تاپشى	جانىم	17
تۇسەمىن	عوي	20
تۇسەمىن	جانىم	17
تۇسەمىن	دەپ	21
قىلدىڭ	عوي	13
قۇيايىن	دەپ	15
قۇيايىن	دەسەم	10
وتباسى	بار	12
وتباسىڭ	بار	15
وتباسىڭ	امان	17
وتباسىڭ	باقىتتى	3
مىنانداي	بولعاندا	18
قىشىپ	جاتىر	19
قىشىپ	تۇر	15
قىشىپ	كەتتى	13
قىشىپ	تۇرما	18
تولىعا	بىر	15
تولىعا	بارىپ	24
تولىعا	باراتىن	23
تولىعا	كەلىپ	17
تولىعا	ەكى	19
جگتتەر	بولسا	16
جگتتەر	بارما	20
قارامايدى	عوي	14
قارامايدى	ەكەن	12
مازالاپ	قويدىم	23
مازالاپ	جۇرگەن	7
مازالاپ	قويسام	23
مازالاپ	قويدىمبا	18
مازالاپ	جۇر	17
زاتتى	الىپ	14
زاتتى	تاپسىرىپ	19
بىردەي	عوي	17
بىردەي	ەكەن	20
بىردەي	ەمەس	19
تىگىپ	وتىرمىن	9
كۇنەستەن	قۇلجاعا	25
كۇنەستەن	بولامىن	11
كۇنەستەن	ناراتقا	14
كۇنەستەن	اققويعا	19
ءتاتتىم	سول	7
ءتاتتىم	مەنىڭ	10
قۇم	شاعىل	13
قۇمار	بولىپ	20
قۇمار	الباستى	19
قارادا	تۇر	11
قاراداي	شارشاپ	6
راسىمگە	تۇسىپ	15
راسىمگە	تارتىپ	11
بارسىن	دەپ	9
جاسقا	كەلدى	11
جاسقا	كەلگەن	19
جاسقا	كەلگەندە	17
جاسقا	كەلگەنشە	16
جاسقا	قارامايدى	17
جاسقا	تولعان	14
ويلاماي	جاقسى	17
ويلاماي	ۇيقتا	18
قاتىسى	جوق	18
قاتىسى	نە	11
قاتىسى	بار	4
قاتىسى	بارما	18
سويلەيدى	عوي	14
سويلەيدى	دەپ	15
سويلەيدى	ەكەن	13
سويلەيدى	ەكەنسىڭ	14
ستەن	تۇسىپ	24
ستەن	تۇسكەندە	20
ستەن	تۇستىڭبە	19
ستەن	ەندى	18
ستەن	تۇسكەن	9
ستەن	تۇستىم	24
جۇرىم	عوي	13
جاتامىز	عوي	14
جاتامىز	جانىم	13
جاتامىز	دەپ	18
قىزمەتكە	شىعىپ	12
قىزمەتكە	شىقتىڭبا	10
قىزمەتكە	شىعامىن	20
اياعىڭ	قانداي	19
اياعىڭدى	جىلى	10
اياعىڭدى	كوتەرىپ	16
جيەن	اعا	24
ەكەۇى	بىر	11
جەيمىن	عوي	17
جەيمىن	دەپ	14
جەيمىن	دەيدى	12
بەدە	بار	17
الۋعا	بولادى	10
الۋعا	بولاما	10
الۋعا	قولايسىز	18
ءوتىرىك	ايتىپ	21
جۇقا	كيىپ	13
جۇقا	كيىنىپ	19
قانباي	قالدى	20
قانباي	جۇر	16
قانباي	قالعان	17
قانباي	قالادى	18
قانباي	قالىپتى	16
استىندا	تۇر	13
وينايىق	دەپ	12
كەتپەيدى	عوي	9
كەتپەيدى	ەكەن	12
ۇيىم	جوق	19
ۇيىم	بار	17
التنىم	سول	11
التنىم	مەنىڭ	10
پار	پۇل	18
الدىنان	شىعىپ	18
الدىنان	جارىلقاسىن	19
الدىنان	ويىق	17
گەرەمەت	ەكەن	14
گەرەمەت	گۇشتى	16
بوساپ	وتىرمىن	21
بوساپ	قالدى	18
بوساپ	كەتتى	15
داۋسى	شىعىپ	23
داۋسى	باسىلىپ	18
داۋسىڭ	جوق	12
داۋسىڭ	شىقپاي	24
داۋسىڭ	قارلىقپاسىن	14
داۋسىڭ	ەستىلمەي	11
داۋسىڭ	جاقسى	15
بەرىپتى	عوي	19
ايتۋ	كەرەك	18
توراپتاستار	مىنا	22
توراپتاستار	سالەمەتسىزدەرمە	15
توراپتاستار	ماعان	20
ەلمەن	بىرگە	19
كوڭل	كۇي	25
كوڭل	كۇيىم	11
كوڭلدى	بولسىن	14
كوڭلدى	ويناپ	8
كوڭلدى	بولساڭ	17
سورلى	بولدىم	19
بوسىن	جانىم	19
بىردى	الىپ	19
حوش	كەلدىڭ	18
حوش	كەلدىڭىز	8
حوش	جاقپاي	12
اسقار	تاۋ	23
اياقتى	جۋىپ	22
اياقتى	ايقاستىرىپ	19
جىبەرمەي	جاتىر	23
جىبەرمەي	تۇر	13
جىبەرمەي	وتىر	18
جىبەرمەي	قويدى	23
قالادا	جۇرمىن	12
قالادان	قايتاتىن	10
قالادان	اۋىلعا	11
بارالماي	جاتىرمىن	26
بارالماي	قالدىم	15
بارالماي	قالدىق	7
ىشكەم	جوق	19
قايتاراتىن	اقشا	17
الىپپىن	عوي	19
الىپپىن	ۇيات	10
ماگەزىن	اشىپ	21
ماگەزىن	اشاتىن	13
ماگەزىن	بار	19
تاستايمىن	عوي	22
تاستايمىن	دەپ	13
گۇڭشەگە	بىر	11
گۇڭشەگە	بارىپ	20
گۇڭشەگە	باراتىن	15
قوزىم	سول	11
قوزىم	مەنىڭ	14
جەيسىڭ	عوي	15
جەيسىڭ	جانىم	15
ورىنى	بار	13
ورىنى	قاي	17
دۋيىڭ	كورىپ	12
دۋيىڭ	كۇرىپ	5
بالىق	جوق	21
جۇمسىڭ	جوق	18
جۇمسىڭ	بار	21
جۇمسىڭ	بولسا	16
جۇمسىڭ	قالاي	15
جۇمسىڭ	بارما	18
اشادى	عوي	14
اشادى	ەكەن	13
جىبەردى	عوي	15
شركىن	اي	17
براز	تۇرىپ	16
توقتاتىپ	قويدىم	17
توقتاتىپ	قويىپ	19
توقتاتىپ	تاستادى	19
قابارىن	بەر	18
قابارىن	بەرىپ	15
قابارىن	بەرە	20
قابارىن	بەرەيىن	6
قابارىن	بەرەم	14
تۇنگى	ساعات	18
تۇنگى	بان	13
تۇنگى	بانگە	18
الايىنبا	دەپ	14
الايىنبا	دەگەم	10
جۇرسڭ	عوي	19
جۇرسڭبە	جانىم	13
جالپىڭىزعا	سالەم	16
جالپىڭىزعا	جاعالاي	11
جالپىڭىزعا	جالىندى	15
كۇنىن	وتكىزىپ	19
ءارقاشان	ادەمى	20
ءارقاشان	اماندىق	6
قولىمدى	جۋىپ	22
شەڭبەرگە	شىعارىپ	3
قاپتاپ	كەتتى	16
قاپتاپ	كەتىپتى	11
ساتىلىپ	جاتىر	1
ساتىلىپ	كەتتى	17
شىرەت	جوق	20
شىرەت	الىپ	17
شىرەت	توسىپ	18
تاپپاي	جاتىرمىن	21
تاپپاي	قالدىم	19
كۇشەدەن	تاماق	14
ۇستاي	الماي	15
ۇستاي	المايمىن	7
اۋىرعان	جوق	19
اۋىرعان	ادام	15
اۋىرعان	سوڭ	19
مەيمان	بار	29
مەيمان	بولىپ	17
مەيمان	كەلىپ	21
مەيمان	قىلىپ	32
مەيمان	كۇتىپ	26
مەيمان	قىلايىن	17
مەيمان	بارما	19
كارتەيىپ	كەتتىم	20
كارتەيىپ	كەتەتىن	16
كارتەيىپ	كەتەسىڭ	18
ورتاسى	بولدى	20
تارقاتىپ	قويىڭىزدار	19
تارقاتىپ	قويساڭىزدار	13
قۇسايدى	عوي	20
قالپسىڭ	عوي	19
باۋشى	بولسا	24
باۋشى	قىلىپ	16
باۋشى	بار	20
ايتتڭ	عوي	17
دارەت	الىپ	4
دارەت	قاناعا	13
وتىرام	عوي	20
وتىرام	دەپ	14
وتىرامىز	عوي	18
وتىرامىز	دەپ	13
المادىق	دەپ	20
المادىق	قوي	23
اۋز	سوز	18
اۋزى	بەرىك	17
ۇقپايدى	عوي	13
ۇقپايدى	ەكەن	19
ۇقپايدى	ەكەنسىڭ	14
ۇقپايدى	ەكەم	17
بەتىڭ	قالىڭ	19
انشا	جاقسى	17
انشا	ەمەس	17
انشا	مۇنشا	17
سەنبەيمىن	عوي	4
سەنبەيمىن	ساعان	19
جانىڭدى	شىعارام	13
كەلسەك	جاقسى	22
كەلسەك	بولادى	25
كەلسەك	دەپ	23
كەلسەك	بولدى	15
جاعىندا	بىر	20
تەزدەن	الىپ	17
تەزدەن	قابارلاسىڭىزدار	20
تەزدەن	قامدانىڭىز	10
كىرەسىن	بەرەمىن	15
كىرەسىن	تولەپ	19
كىرەسىن	وزىڭىز	19
سەنشە	مەن	16
سەنشە	قالاي	15
سەنشە	قانداي	22
سەنشە	بولاما	14
پەندە	جوق	13
جۋايىن	دەپ	17
جۋايىن	دەسەم	4
اۋرپ	تۇر	21
اۋرپ	كەتتى	17
تارتا	الماي	15
تارتادى	عوي	14
تارتادى	ەكەن	15
شارشادىڭبا	جانىم	14
شارشادىڭبا	بۇگىن	9
مايىن	قۇيىپ	12
مايىن	جاعىپ	17
ماركالى	اياق	19
كۇمىس	بىلەزىك	20
كۇمىس	القا	18
تاماقتا	ىشپەدىم	16
تاماقتان	كەيىن	17
جۇرەگىمدى	اۋىرتىپ	20
جۇرەگىمدى	جارالاپ	19
الماياق	قوي	13
الماياق	قويايىن	6
الماياق	قويايىق	10
ۇردىم	عوي	18
توپتاعى	ۇلكەن	20
توپتاعى	بارلىق	18
ۇيشڭعا	قوس	20
ۇيشڭعا	قوسىپ	17
ۇيشڭعا	قوسشى	13
ەستي	الماي	20
ەستي	المايمىن	10
ەستي	المادىم	19
قۇلاق	تىنىش	19
ستەگەن	جاقسى	16
جىبەرشى	جانىم	18
تۇنىق	ەمەس	16
تۇنىق	اۋا	18
ونىم	جوق	17
ونىم	مول	19
ونىمەن	بىرگە	5
ونىمەن	قويماي	15
امانداسىپ	قويايىن	16
رەنجىمەشى	جانىم	16
رەنجىمەشى	بولاما	9
تاسقا	شىعىپ	13
قۇتىرىپ	العان	15
بلەم	عوي	16
بلەم	جانىم	12
نەقاربالاس	بولىپ	10
بولعانداي	ەكەن	21
تاپتىڭ	عوي	18
سوزىپ	قويىڭىزدار	18
سوزىپ	قويساڭىزدار	11
بايقاماي	قالىپپىن	17
بارشى	جانىم	18
بارشى	ارى	19
شاشىن	الىپ	14
شاشىن	الدىرىپ	17
شاشىن	جاساتىپ	17
شاشىن	جۇلىپ	19
العانى	جاقسى	14
العانىڭ	جاقسى	11
العانىڭ	نە	6
كوڭىلسىز	بولىپ	13
كوڭىلسىز	بولما	8
كوڭىلسىز	بولساڭ	18
كوڭىلسىز	بولماشى	24
بۇزاۋ	ساتىلادى	18
بۇزاۋ	جوق	10
بۇزاۋ	بار	20
وقي	الماي	17
وقيدى	عوي	12
وقيدى	ەكەن	17
ەسىكتى	اشىپ	18
ەسىكتى	جاۋىپ	12
ەسىكتى	ىلىپ	19
اتاما	شاي	20
اتاما	تەلەفون	8
اتاما	ايتىپ	19
سۇزىن	ايتىپ	12
سۇزىن	سۇيلەپ	19
سۇزىن	ەستىپ	15
اشقاناعا	بارىپ	22
الار	ەدىم	16
الار	ەدىڭ	8
الار	ەمەسپىن	21
كىمەن	بىرگە	16
كىمەن	سۇيلەسىپ	16
باسىڭا	نە	19
باسىڭا	پالە	19
بولساڭدار	بولدى	18
وسىنىڭ	بارى	19
وسىنىڭ	بارىن	17
وسىنىڭ	الدىندا	16
وسىنىڭ	ىشىندە	12
تۇراتۇر	جانىم	16
سۇيتەسىڭ	عوي	12
سەمىرىپ	كەتتىم	17
سەمىرىپ	كەتەسىڭ	18
سەمىرىپ	كەتكەن	12
قىجالات	بولىپ	18
قىجالات	بوپ	5
بالامەن	بىرگە	16
كىيىپ	ال	1
كىيىپ	الىپ	19
تورتى	كۇنى	19
تورتىنشى	اي	10
تورتىنشى	ايدىڭ	18
تورتىنشى	ايدا	11
تولىقتاپ	اتىپ	14
تۇسىندىم	جانىم	18
ەكەنىڭدى	بىلىپ	18
ەكەنىڭدى	بىلەمىن	20
اپتانىڭ	بىرى	17
اپتانىڭ	بەسى	12
اپتانىڭ	الدىندا	6
اپتانىڭ	ىشىندە	17
سيماي	كەتتى	18
سيماي	قالدى	18
بوپا	قانداي	12
شىقشى	جانىم	5
شىقشى	بولاما	11
ىشەسىڭ	عوي	18
ىشەسىڭ	جانىم	16
جەتىم	بالا	20
قانباسىم	بولىپ	7
قانباسىم	ورلەپ	15
مازالامايىن	دەپ	24
مازالامايىن	جانىم	18
مازالامايىن	جاقسى	18
بەركەن	جوق	20
سولاردى	الىپ	17
سولاردى	توسىپ	19
وتتى	عوي	8
وتتى	كەتتى	11
بولدىڭدار	عوي	8
تەلەفونىڭ	اشىق	23
تەلەفونىڭ	تارتپاي	20
تەلەفونىڭ	گۋانجي	19
قادىر	تۇن	19
قادىر	تۇنى	8
ەتىن	جەپ	15
ەتىن	اسىپ	15
اداممەن	بىرگە	13
سىزداپ	تۇر	19
سىزداپ	كەتتى	15
سىزداپ	اۋىرىپ	15
بارماسام	ۇيات	18
بارماسام	بولمايدى	17
بارماسام	بولمايتىن	15
جولدايمىن	عوي	17
جولدايمىن	دەپ	16
سۇيىكتىم	سول	20
سۇيىكتىم	مەنىڭ	16
سۇيىكتىم	سۇيگەنىم	11
اباي	بول	19
ابايلاپ	ىستە	5
ابايلاپ	جۇر	17
ابايلاپ	جۇرىڭدەر	15
ابايلاپ	جۇرىڭىز	17
جىبەردىم	عوي	20
بىرىمىزدى	جاقسى	20
بىرىمىزدى	بىرىمىز	17
تۇسەك	سالىپ	6
بايگە	بار	16
بايگە	بازارىندا	18
اپپاق	بولىپ	18
قالىپسىڭ	عوي	16
شوشقا	شوشقا	4
جولىن	بەرسىن	21
اپامدار	بار	22
قايتسە	ۇيتسىن	17
قايتسەم	بولادى	5
قايتسەم	بولار	6
قايتسەم	سەنەسىڭ	13
ەدىڭىز	عوي	17
سالماق	تاستاپ	15
سالماق	تاستاۋ	18
قابارلاسپ	تۇر	22
قابارلاسپاي	اق	14
قابارلاسپاي	كەتتىڭ	22
قابارلاسپاي	قويدىڭ	11
قابارلاسپاي	قالدىڭ	18
سىرا	الىپ	21
سىرا	ىشىپ	19
جاترسڭ	جانىم	21
جىعىلىپ	قالدىم	15
جىعىلىپ	قالىپتى	19
ايتپايدى	عوي	13
ايتپايدى	ەكەن	13
ايتپايدى	ەكەنسىڭ	18
نىلقى	اۋدان	26
نىلقى	اۋداننان	13
نىلقى	اۋدانى	14
نىلقىعا	بىر	21
نىلقىعا	بارىپ	13
نىلقىعا	ەكى	18
نىلقىعا	باراتىن	18
جاسىل	ءونىم	16
بايپاق	الىپ	14
تامان	بارىپ	20
ەكەمىزدە	بىر	20
تۇرمىس	دەگەن	14
شۇندى	تارقاتىپ	17
مناۇ	نە	16
قاسڭدا	ادام	15
قاسڭدا	كىم	17
قاسڭدا	بولسام	15
بەتىنە	قاراپ	18
تالاپ	قويىپ	14
ءولىپ	قالا	19
تۇيىپ	جاتىرمىن	8
توپتان	شىعىپ	15
توپتان	شىعارىپ	17
توپتان	شەگىنىپ	21
بۇعان	نە	9
جولداڭىز	مەن	14
اشقازان	جاقسى	21
اشقازان	قانداي	18
اشقازان	اۋىرىپ	12
اشقازان	دارى	18
جەگەن	جوق	18
قورعاسقا	بىر	19
قورعاسقا	بارىپ	17
قورعاسقا	باراتىن	21
قورعاسقا	ەكى	16
سزدى	جاقسى	17
اپارادى	عوي	19
اپارادى	دەپ	15
اپارادى	ەكەن	19
ۇيشىن	نومىرىڭدى	22
ۇيشىن	قاۋىڭدى	16
توسايىن	جانىم	23
توسايىن	وندا	19
الاعوي	جانىم	12
دەسەڭىز	بولدى	18
ايىرماسىن	جانىم	17
ايدايتىن	ادام	7
جۇمىستار	مەن	16
جۇمىستار	بار	18
جۇمىستار	بولىپ	15
جۇمىستار	قالاي	16
جۇمىستارى	بار	18
جۇمىستارىڭ	قالاي	12
جۇمىستارىڭ	قانداي	9
جۇمىستارىڭ	بىتتىمە	16
موري	اۋدانى	16
موريعا	بىر	11
موريعا	بارىپ	13
موريعا	ەكى	19
موريعا	باراتىن	19
ايىتقانىڭ	كەلسىن	15
كۇلەسىڭ	عوي	12
كۇلەسىڭ	جانىم	8
قاندى	عوي	20
قاندىرىپ	ال	18
قاندىرىپ	الىپ	15
بىتەدى	عوي	16
بىتەدى	ەكەن	15
قايداعنى	ايتىپ	18
قايداعنى	ايتادى	16
قايداعنى	ايتپاشى	16
قايداعنى	ايتپاي	13
سالدىڭ	عوي	16
قورادا	جۇرمىن	6
تاڭەرتەڭگى	تاماق	6
تاڭەرتەڭگى	شايدى	20
تاڭەرتەڭگى	تاماعىڭدى	18
جۇمساق	ەكەن	7
كوتىڭ	بىر	16
كوتىڭ	قىشىپ	18
كوتىڭدى	قىس	14
كوتىڭدى	قىسىپ	14
بىلايدەڭىز	جارايدى	18
تاكسي	مەن	11
تاكسي	توسىپ	20
تاكسي	قاجەت	17
تاكسي	بارما	20
بۇگنگى	كەلىپ	11
قازان	وشاق	19
قازان	باس	19
الاتىندارىڭ	بارما	20
الاتىندارىڭىز	الىپ	19
الاتىندارىڭىز	بولسا	19
الاتىندارىڭىز	بارما	17
الاتىندارىڭىز	قابارلاسىڭىزدار	15
الاتىندارىڭىز	جەكەلىككە	4
قانى	ورلەپ	19
قانىم	ورلەپ	13
قانىم	ۇرلەپ	19
قانىم	ازايىپ	19
قانىم	قايناپ	17
كەلەسىڭبا	جوق	20
كەلەسىڭبا	جانىم	18
كەلەسىڭبا	كەلمەيسىڭبا	19
قولايسز	بولىپ	11
قولايسز	بولسا	9
قولايسز	بوپ	17
بەرسەڭىزدەر	راحىمەت	29
بەرسەڭىزدەر	بولادى	9
بەرسەڭىزدەر	كۇپتەن	18
جەڭگەڭ	بار	19
ەكىدە	بىر	12
تاتەڭ	قانداي	6
تۇسسە	بولدى	14
قاباعا	بىر	16
قاباعا	بارىپ	20
قاباعا	باراتىن	18
قاباعا	قايتاتىن	20
دارەتكە	بارىپ	15
دارەتكە	وتىرىپ	14
قۇرمەتتى	قوناعى	25
قۇرمەتتى	جاماعات	17
قۇرمەتتى	اۋىلداستار	20
قۇرمەتتى	تويشىل	24
قۇرمەتتى	شاقىرعاننان	10
قۇمىلعا	بىر	18
قۇمىلعا	بارىپ	16
قۇمىلعا	باراتىن	16
مەرەكەڭىز	قۇتتى	13
مەرەكەڭىز	مەرەيلى	4
جەرىنە	بارىپ	15
ءبىزدىڭ	ۇيگە	22
ءبىزدىڭ	ۇيدە	14
جارتى	كۇن	20
جارتى	ساعات	16
اشتىم	عوي	14
جاساعالى	جاتىر	19
جاساعالى	جاتىرسىڭ	9
جاساعالى	جاتىرمىن	24
جاساعالى	جاتقان	11
جاساعالى	جاتىرمىز	15
تۇگەدى	عوي	10
تۇگەدى	دەپ	16
سۇندا	مەن	19
وبالدى	بولىپ	17
وبالدى	قىلىپ	15
وبالدى	قىلما	14
ايتاسىز	عوي	22
بۇداندا	جاقسى	26
بۇداندا	بيىكتەردەن	19
بۇداندا	بيكتەردەن	4
بۇداندا	بىيىكتەردەن	16
بۇداندا	بىيكتەردەن	23
الاڭداماي	جاقسى	12
الاڭداماي	ۇيقتاي	18
الپسىڭ	عوي	16
وتىرايىن	دەپ	18
وتىرايىن	دەسەم	14
تاتى	قىز	16
ستەيدى	عوي	16
ستەيدى	ەكەن	17
جاۋدى	عوي	18
دايندىق	كورىپ	12
دايندىق	كۇرىپ	9
دايندىق	كۇشتى	18
بۇلاي	بولادى	10
كىرگەن	جوق	19
كىرگەن	سوڭ	16
تەلەفونىمدى	اشىپ	19
تەلەفونىمدى	الىپ	11
ومىردە	بىر	11
كيىنىپ	ال	14
كيىنىپ	الىپ	15
كيىنىپ	جۇر	20
قوسايىن	دەپ	10
قوسايىن	دەسەم	13
ايتبايمىن	عوي	16
ايتبايمىن	جانىم	16
جۇرىڭدەر	دەپ	15
ماڭدايعا	بارىپ	19
كوبىرەك	ىش	17
تۇرىڭىزشى	ەرتەڭ	14
تۇرىڭىزشى	بولاما	18
نارسەگە	زاۋقىم	10
نەمىنە	دەيسىڭ	13
كەلمەياق	قوي	18
كەلمەياق	قويسىن	3
التامان	قابارلاسايىن	16
اشايىن	دەپ	16
اشايىن	بولاما	13
اشايىن	دەسەم	14
دويىڭ	كورىپ	11
دويىڭ	كۇرىپ	9
بالامنىڭ	تۋىلعان	19
ىشقىپ	بىر	19
ساباقتاسى	ەكەن	13
ساباقتاسىم	بار	23
ساباقتاسىم	عوي	13
ساباقتاسىم	دەپ	23
كوڭىلىڭ	جوق	17
كوڭىلىڭ	جاقسى	21
ۇۇجانىم	سول	17
ۇۇجانىم	مەنىڭ	11
قالدارىڭىز	قالاي	18
شداماي	جاتىرمىن	16
شداماي	كەتتىم	15
سۇيتتى	عوي	19
سۇيتتى	دەپ	8
ماقتاپ	جاتىر	16
ماقتاپ	وتىر	18
سۇيتسەم	بولادى	16
جوىق	بولىپ	20
سۇراساڭ	بولدى	19
سۇراساڭ	بولمايما	14
قىزىمەتى	تابىستى	19
قىزىمەتىڭ	تابىستى	7
قىزىمەتىڭ	تابستى	1
كورسىن	دەپ	11
سوعىم	باس	12
سوعىم	باسقا	8
سوعىم	باستا	11
سوعىم	شۇيگىن	20
جاۋاپتى	بولىپ	19
ۇيجاققا	كەل	19
ۇيجاققا	كەلىپ	15
ۇيجاققا	ايتتاپ	12
ۇيجاققا	كەلىڭدەر	9
ۇيجاققا	ايتاپ	18
قاتناس	جوق	20
قاتناس	بارما	17
قاتناس	پۇل	10
سەنىكىن	اڭساپ	18
بەرمەيسىڭ	عوي	12
شەلپەك	سالىپ	12
شەلپەك	پىسىرىپ	19
شەلپەك	پسىرىپ	16
ويلايسىڭ	عوي	20
جۇرەككە	قان	13
نارات	نارات	16
نارات	جاققا	28
ناراتقا	بىر	19
ناراتقا	بارىپ	14
ناراتقا	ەكى	16
باسڭ	امان	17
باسڭا	باقىت	10
سۇيكتىم	سول	8
سۇيكتىم	مەنىڭ	18
تاڭبا	بار	14
تاڭبا	باسىپ	10
تاڭبا	باستىرىپ	17
تاڭبا	جوق	19
اپامدى	الىپ	19
اپامدى	ەرتىپ	16
اسعىپ	كەتىپ	21
اسعىپ	تۇرمىن	16
انىڭ	كەرەمەت	16
انىڭ	كۇشتى	13
انىڭ	اۋەلەي	8
سويلەگىڭ	كەلمەي	9
سويلەگىڭ	كەلمەسە	7
كەتتم	عوي	7
كەتتم	جانىم	15
نەبوپ	كەتتى	20
نەبوپ	قالدى	9
ىشتەڭە	جوق	16
ىشتەڭە	بولعان	15
ىشتەڭە	ەتپەيدى	17
قارىق	بولىپ	14
قارىق	قىلىپ	10
قورقاسىڭ	عوي	9
قورقاسىڭ	جانىم	16
وترعان	جوق	19
يۋاندى	اتىپ	18
ۇيعىر	قىز	11
جاتتىڭ	عوي	16
جاتتىڭبا	جانىم	11
تاۇعا	بارىپ	20
تاۇعا	شىعىپ	25
تاۇعا	كەتىپ	16
تاۇعا	شعىپ	13
ستىق	ەكەن	15
ستىق	بولىپ	14
ستىق	قوي	14
ستىق	بولادى	32
ستىق	كۇندە	41
ستىق	وتىپ	29
ستىق	ۇتىپ	34
مەرەكەسى	قۇتتى	10
تەگىس	امان	17
تەگىس	امانشىلىقپا	16
تەگىس	امانبا	4
شىندە	سالىنادى	16
قىلسا	ول	18
قىلساڭ	بولدى	16
قىلساڭ	ول	15
قىلساڭ	سونى	18
پالاۋ	جەپ	14
پالاۋ	باسىپ	19
قايىرىپ	قويىپ	14
قايىرىپ	تاستاپ	16
قايتىق	جانىم	10
اتپاي	اق	15
ۇيرەنۋ	بار	4
تىرلىك	دەپ	18
تىرلىك	ۇشىن	17
كۇنەن	كەيىن	12
كۇنەن	بەرى	6
كۇنەن	سوڭ	10
كۇنەن	باستاپ	15
كۇنەن	كۇنگە	17
شداپ	تۇر	17
شداپ	جۇرمىن	16
كوبەيىپ	كەتتى	17
كوبەيىپ	كەتەدى	6
كوبەيىپ	بارادى	18
كۇنىنە	بىر	16
كۇنىنە	ەكى	15
كۇنىنە	دەيىن	16
ىستەدىم	عوي	17
ىستەدىم	دەپ	18
شونجى	اۋدانى	14
شونجى	اۋداننان	20
شونجىعا	بىر	13
شونجىعا	بارىپ	13
شونجىعا	ەكى	19
شونجىعا	باراتىن	18
پىراندىك	پىسىرىپ	12
پىراندىك	پسىرىپ	16
جۇرەكتى	پەندەمىن	18
جۇرەكتى	پەندە	21
شىقا	الماي	15
ارقانداي	ادام	14
اپارپ	بەرەيىن	18
ەشقايدا	بارمايمىن	12
ەشقايدا	بارمادىم	14
جويىپ	تاستا	17
جويىپ	تاستادىم	16
وتىرىس	كوڭىلدى	5
وتىرىس	كۇڭىلدى	17
وتىرىس	جايلى	3
ايتپاياق	قوي	16
ايتپاياق	قويشى	5
ايتپاياق	قويايىن	18
ايتپاياق	قويىڭىز	12
دوحدىرعا	بارىپ	18
ۇرلەپ	تۇر	13
ازايىپ	كەتتى	7
ازايىپ	قالدى	12
ازايىپ	كەتكەن	16
ازايىپ	بارادى	17
ازايىپ	كەتىپتى	17
تۇىپ	جاتىر	15
تۇىپ	الدى	16
ورتاق	بولىپ	19
ورتاق	نومىر	25
ورتاق	قوي	17
ورتاق	ءنومىرى	15
بىرلىك	بولسىن	16
اگىنى	اتىپ	18
بازاردا	جۇرمىن	11
سالاسىڭ	عوي	12
ايۋىڭ	بار	20
ايۋىڭ	قايدا	19
ايۋىڭ	بارما	9
ازىرگى	ادامدار	11
ازىرگى	بەينەڭدى	20
بيلەپ	جۇر	21
بيلەپ	جاتىر	22
بيلەپ	جۇرگەن	19
سوزىم	جوق	17
سوزىم	بار	14
سۇنى	ايتام	17
دارسى	بار	17
دارسى	بارما	13
دارسىن	الىپ	15
دارسىن	ىشىپ	15
دارسىن	بەرىپ	17
دۇرەگە	بىر	16
دۇرەگە	باراتىن	16
دۇرەگە	كولىك	18
دۇرەگە	قايتاتىن	14
نەدەيمىن	جانىم	19
نەدەيمىن	ەندى	20
نەدەيمىن	ساعان	16
كىمدە	بار	19
كىمدە	ساتاتىن	7
كىمدەر	ەكەن	19
كىمدەر	بار	19
باستالدى	عوي	19
كەتپپىن	عوي	10
كۇرگەم	جوق	3
نومىرگە	تەلەفون	20
نومىرگە	قابارلاس	19
نومىرگە	قابارلاسىڭىز	13
نومىرگە	قابارلاسىڭىزدار	15
شىقسىن	دەپ	19
شىقسىن	جانىڭىزعا	17
قاسمدا	ادام	17
قاسمدا	بولساڭ	17
اتاسى	مەن	22
اتاسى	قايتىس	18
ىستەسە	بولادى	16
ىستەسەڭ	بولدى	19
ىستەسەڭ	بولادى	16
اكەمە	قاراپ	7
سولارعا	تاماق	21
سولارعا	قاراپ	21
سولارعا	شاي	16
تاۋدان	كەلىپ	31
تاۋدان	تۇسىپ	32
تاۋدان	ەندى	34
تاۋدان	بۇگىن	15
تاۋدان	قاشان	37
تاۋدان	كەشە	32
تاۋدان	ازىر	41
تاۋدان	كەلە	39
تاۋدان	جاڭا	30
تاۋدان	جاڭە	18
تاۋدان	مال	38
تاۋدان	كەلگەن	40
تاۋدان	تۇسكەن	28
پىسىق	بولىپ	19
تارتسا	بارامىن	21
تارتسا	بارامىز	19
قولمەن	لازاتتانۋ	7
ۇيقتاتىپ	جاتىرمىن	16
ۇيقتاتىپ	قويىپ	16
ۇيقتاتىپ	تاستاپ	16
ۇتكەندە	بىر	17
قاراڭعى	بولىپ	20
قاراڭعى	ۇيدە	16
قاراڭعى	عوي	16
قاراڭعى	ەكەن	22
قاراڭعى	تۇسىپ	18
قاراڭعى	تۇسكەندە	17
باۇى	بەرىك	3
باۇىر	باسىپ	2
تەكەستەن	بولام	19
تەكەستەن	قۇلجاعا	17
تەكەستەن	قاپسالاڭعا	20
تەكەستەن	قۇشتايعا	12
كۇيەۋىڭ	بار	19
كۇيەۋىڭ	قايدا	18
كۇيەۋىڭ	بارما	15
دەمالدىڭبا	جانىم	13
ويناتىپ	جۇر	20
ويناتىپ	كەلەيىن	28
ويناتىپ	قويايىن	19
ويناتىپ	كەلەيىك	15
ۇيشىڭى	جوق	20
ۇيشىڭى	بار	10
ۇيشىڭى	بولسا	10
ۇيشىڭى	بارما	16
ۇيشىڭىن	جولداپ	13
ۇيشىڭىن	اتىپ	17
ۇيشىڭىن	قوسىپ	9
ۇيشىڭىن	اتشى	17
باقتى	بول	13
باقتى	بولسىن	11
باقتى	بولڭدار	19
باقتى	بولىڭدار	17
راحات	ەكەن	15
راحات	قوي	13
راحات	دەشى	15
جۇردىڭ	عوي	15
جۇردىڭ	جانىم	11
جاتپ	قالدڭبا	11
شاپتاپ	جاتىرمىن	12
بەرەر	ەدىم	5
جەدى	عوي	13
جەدىم	عوي	13
جەدىم	جانىم	18
قارنى	اشىپ	11
قارنىم	اشىپ	7
قارنىم	اشتى	3
جاتقىزىپ	قويىپ	19
ماگەزىنگە	بارىپ	16
وتىراسىڭ	عوي	17
كومىر	تۇسىرىپ	17
باركولگە	بىر	13
باركولگە	بارىپ	13
باركولگە	ەكى	19
باركولگە	باراتىن	19
باركولگە	قايتاتىن	14
سۋدى	كوپ	15
سۋدى	كوبىرەك	16
بىلمەيتىن	ادام	19
بىلمەيتىن	شىعار	16
ەلەمەي	قوي	12
ەلەمەي	قويدىڭ	19
ەلەمەي	قويساڭ	16
ەلەمەي	جۇرە	15
ىستەيمىز	عوي	19
ىستەيمىز	دەپ	15
كەلدىڭبا	جانىم	17
كۇزىڭ	تۇسىپ	20
وسدان	كەيىن	15
وسدان	باسقا	12
وسدان	بىلاي	18
اپپاي	امانسىزبا	17
كەلمەگەن	سوڭ	17
كەلمەگەن	شىعار	12
قالماعان	ەكەن	12
قالماعان	شىعار	16
قالماعان	سياقتى	12
قالماعان	شىعارسىڭ	19
نارسەلەر	بار	17
نارسەلەردى	الىپ	13
قولىن	جۋىپ	14
ناعىپ	جاتىرسىڭ	18
جاتساق	قانداي	20
گۇنى	قۇتتى	19
ايتپتى	عوي	20
كۇرپە	جاستىق	9
كۇرپە	جامىلىپ	18
كەتتىما	دەپ	18
اۋدارىپ	بەرشى	15
جاقسىڭدار	قىزدار	19
وزگەرىپ	كەتتى	6
وزگەرىپ	كەتىپتى	20
وزگەرىپ	كەتىپسىڭ	15
وزگەرىپ	كەتكەن	16
بوتاقانىم	سول	13
بوتاقانىم	مەنىڭ	10
باراين	دەپ	18
باراينبا	جانىم	11
باراينبا	دەپ	14
الدان	بەرى	16
الدانىپ	قالساڭىز	8
شاقاي	الىپ	13
الدمەن	سەن	14
وتىرساق	جاقسى	18
وتىرساق	بولدى	16
وتىرساق	بولادى	20
وتىرساق	بولاما	16
وتىرساق	بولار	16
وتىرساق	بولۋشى	20
تۇسنەم	عوي	17
تۇسنەم	جانىم	10
بارماساڭ	قوي	22
بارماساڭ	بولمايدى	20
بارماساڭ	مەن	16
بارماساڭ	مەندە	18
بارماساڭ	تاعى	20
بارماساڭ	ۇيات	20
تاڭعا	جاقىن	20
تاڭعا	جۋىق	8
كوڭىلىڭە	راحىمەت	19
كوڭىلىڭە	الما	12
ماشيناڭ	بار	3
ماشيناڭ	قايدا	18
ماشيناڭ	قۇتتى	17
كەتىمە	دەپ	15
ايتىڭدا	قابىل	14
ايلىعى	قانشا	15
ايلىعى	جوعارى	16
اكەلگەن	جوق	7
قۇلنىم	سول	17
قۇلنىم	مەنىڭ	8
ايتپاساڭ	مەن	20
ايتپاساڭ	بولدى	17
ايتپاساڭ	قوي	15
زار	بولىپ	14
زار	بوپ	10
زار	بولاسىڭ	19
قولىڭنان	كەلەدى	15
قولىڭنان	كەلسە	19
قولىڭنان	ۇستاپ	16
قولىڭنان	كەلمەيدى	18
ۇيقتادىڭ	عوي	15
ۇيقتادىڭبا	جانىم	11
جولدادى	عوي	17
جولدادى	دەپ	12
جولدادىم	عوي	14
تاستاپسىڭ	عوي	4
ەكەنسڭ	عوي	7
شۇنى	ەكەن	19
شۇنى	بار	19
شۇنى	بولسا	15
شۇنى	بارما	10
تيگەن	جوق	18
تيگەن	ەكەن	15
تيگەن	سوڭ	19
اكەلدى	عوي	13
دۇزىك	جوق	18
دۇزىك	الىپ	19
بەرمەدىڭ	عوي	10
بەرمەدىڭ	دەپ	5
قوراپ	باعاسى	15
ۇلكەيىپ	كەتتى	16
ۇلكەيىپ	قالدى	14
ۇلكەيىپ	كەتكەن	12
ۇلكەيىپ	كەتىپتى	19
ۇلكەيىپ	قالىپتى	18
كەتبە	جانىم	17
كەتبەسىن	دەپ	18
كەتبەسىن	جانىم	16
ورنالاستىرىپ	بەرەيىن	14
ورنالاستىرىپ	قويىپ	17
ورنالاستىرىپ	بەرەمىن	17
شىت	بولىپ	14
شىت	جاڭا	10
قازىرشە	جوق	11
مەيىر	جوق	18
قايناپ	جاتىر	19
قايناپ	تۇر	18
قايناپ	وتىر	20
قايناپ	كەتتى	17
قايناپ	وتىرمىن	19
ىشىڭ	كۇيىپ	19
ىشىڭ	قانداي	16
جەتتىم	عوي	9
جەتتىم	جانىم	18
جەتتىم	ۇيگە	18
شەگى	بار	11
شەگى	بولادى	9
شەگىپ	وتىرمىن	11
دارىسى	بار	18
دارىسىن	الىپ	12
دارىسىن	ىشىپ	15
دارىسىن	بەرىپ	14
بەرەيىنبە	جانىم	13
بەرەيىنبە	دەپ	17
تانىسقانىما	قۋانىشتامىن	20
وسلاي	بولىپ	15
كۇيەۋىم	بار	17
ۇتىرمىن	جانىم	14
اشپ	كەتتى	10
ءاربىر	ىستەرىڭىزگە	18
بولعانىن	بىلمەي	18
بولعانىن	بىلمەيمىن	18
بولعانىن	بىلمەدىم	17
بولعانىن	قاراشى	18
شعاسىڭ	عوي	19
جىلتىپ	قويايىن	17
ۇناتىپ	قالدىم	18
ۇناتىپ	قالعان	8
مۇنداي	ەمەس	20
مۇنداي	بولعاندا	18
مۇلدىر	تىلەكتەر	14
ۇشنشى	ايتىڭ	14
ماماڭ	قانداي	17
رەڭى	جاقسى	7
رەڭى	بار	17
رەڭى	بارما	17
زاڭ	بار	12
زاڭ	الدىندا	19
زاڭ	بويىنشا	16
زاڭ	ارقىلى	17
سۇيتكەن	عوي	19
سۇيتكەن	ۇقسايدى	19
سۇيتكەن	سايىن	17
ساتادى	ەكەن	2
ءايەل	ادام	19
بەردىك	قوي	13
بولاسىڭبا	جانىم	12
سيىپ	كەلىپ	16
دويىن	كورىپ	11
دويىن	كۇرىپ	8
جارناما	ساۋدا	12
ءانە	كۇنى	17
ءانە	كۇنگى	7
جىلدىڭ	الدىندا	15
جىلدىڭ	الدىنداعى	5
رەتتەپ	جاتىرمىن	16
تاپساڭ	بولدى	11
قويماسىن	دەپ	20
قويماسىن	جانىم	14
بەيسەنبى	كۇنى	17
كۇلكى	جوق	9
كۇلكى	بولىپ	19
كۇلكى	كەتپەسىن	17
سالسام	بولدى	17
سالسام	بولادى	17
سالسام	بولاما	17
دەمالام	عوي	16
دەمالام	دەپ	14
قاجەتتى	جوق	16
جولدى	بولسىن	8
جولدىڭ	وڭ	14
جولدىڭ	شەتىنە	18
جولدىڭ	شەتىندە	20
جولدىڭ	بويىندا	15
سۇيتەتىن	بولدى	11
سۇيتەتىن	شىعار	15
سۇيتەتىن	بولدىم	14
سۇيتەتىن	بولدىڭ	18
جۇرگەلى	جاتىر	15
جۇرگەلى	جاتىرمىن	15
جۇرگەلى	تۇرمىن	17
جۇرگەلى	تۇرعان	21
جۇرگەلى	تۇرمىز	19
جۇرگەلى	جاتىرمىز	10
تالدان	جوعارى	15
تالدان	سالىنادى	13
جىگىتىم	بار	19
جىگىتىم	جوق	19
مالدا	جۇرمىن	10
بىزبەن	بىرگە	15
تەلەفونىڭدى	اشىپ	5
جۇلدەلى	بول	14
جۇلدەلى	بولسىن	13
جۇلدەلى	بولىپ	5
جۇلدەلى	بولا	16
سۇيلەگەن	جوق	17
ەكەمىن	عوي	18
تىك	تۇرىپ	16
سىزبەن	بىرگە	12
سىزبەن	تانسۋعا	15
سۇرتىپ	جاتىرمىن	18
سۇرتىپ	تازالاپ	18
ونشا	جاقسى	18
ونشا	ەمەس	17
مۇقىم	كەرەك	13
بولعاننان	كەيىن	15
شىعىپتى	عوي	18
ۋادە	بەر	19
ۋادە	بەرىپ	17
ۋادە	بەرەيىن	14
ۋادە	بەرەم	16
ۋادە	قايدا	20
اپتى	عوي	19
داۋسىن	باسىپ	16
دەمالىڭىز	وندا	17
ۇقپادىم	عوي	4
تالەي	جوق	14
تالەي	سىناپ	9
كەلمەدىڭ	عوي	16
كەلمەدىڭ	دەپ	5
ساۋانعا	بارىپ	18
ساۋانعا	باراتىن	18
ساۋانعا	قۇلدايتىن	13
بىزگەدە	جۇعىستى	18
ەتتىم	عوي	18
كيلو	سۇت	20
كيلو	مەتىر	13
كيلو	ماڭايىندا	16
وعالايكۇم	اسسالام	9
پايزى	عوي	18
پايزى	ەكەن	18
پايزى	بولىپ	10
ەكەۋىنىڭ	قايسى	17
ەكەۋىنىڭ	باعاسى	19
ەكەۋىنىڭ	بىرەۋىن	17
ادامىن	عوي	14
قايتەيىن	جانىم	16
قايتەيىن	دەپ	18
حابارلاسىپ	تۇر	17
حابارلاسىپ	كور	12
حابارلاسىپ	وتىرسىز	19
مازاق	قىلىپ	17
مازاق	قىلماشى	8
نەسىنە	راحىمەت	18
نەسىنە	اۋرە	16
نەسىنە	اۋىرە	17
قىزىعىپ	كەتتىم	15
قىزىعىپ	قالدىم	16
قىزىعىپ	تۇرمىن	17
كوكتوعاي	اۋدانى	11
كوكتوعاي	اۋدانىنان	13
ورنىن	جولداپ	19
ورنىن	ايتىپ	14
ورنىنا	كەلمەيدى	17
تۇرىن	اي	14
تۇرىن	قارا	13
كىتاپ	وقىپ	20
كىتاپ	الىپ	13
تاۋپ	بەر	17
تاۋپ	بەرشى	19
ۇيشىنعا	قوس	19
ۇيشىنعا	قوسىپ	18
جاقداي	جوق	13
جاقداي	جاقسى	14
جاقداي	قالاي	16
جاقداي	قانداي	15
قاماپ	قويىپ	20
قاماپ	تاستاپ	19
قاماپ	قويدىم	15
اعاڭا	ايتىپ	14
سۇزىم	جوق	9
سۇزىم	بار	14
گۋانجي	عوي	18
گۋانجي	ەكەن	15
گۋانجي	بولىپ	14
گۋانجي	قىلىپ	10
ەسىڭ	شىعىپ	7
ەسىڭ	دۇرسپا	13
ەسىڭە	الىپ	16
ەسىڭە	تۇسىپ	17
ەسىڭە	تۇسكەندە	11
قويساق	بولدى	19
قويساق	بولادى	15
قويساق	بولاما	12
قويساق	قايتەدى	18
جاۇىپ	جاتىر	17
جاۇىپ	تۇر	14
جاۇىپ	كەتتى	11
جاۇىپ	تۇرما	20
قايجەرگە	كەلدىڭ	17
قايجەرگە	باردىڭ	9
كىشكەنتاي	بالاسى	18
قالمايدى	عوي	13
قالمايدى	ەكەن	12
سۇيلەيدى	عوي	7
سۇيلەيدى	دەپ	14
سۇيلەيدى	ەكەن	12
سۇيلەيدى	ەكەنسىڭ	14
ونىمدى	بولسىن	13
ونىمدى	دەنساۋلىعىڭ	4
سەنىمدى	ادام	7
ۇتتى	عوي	17
ۇتتى	كەتتى	11
قۇلداپ	كەتتىم	17
قۇلداپ	كەلە	17
سورپا	ىشىپ	9
سورپا	قايناتىپ	14
سۇيەك	سۇيەگىم	13
نومىرىم	وسى	14
ۇيقتاعان	جوق	9
ۇيقتاعان	سوڭ	8
قىزىمدى	الىپ	6
قىزىمدى	ەرتىپ	15
ويدا	جوق	1
ويدا	بولما	21
ويدا	بولىپ	14
سۋىن	اعىزىپ	19
سۇيلەگىڭ	كەلمەي	18
سۇيلەگىڭ	كەلمەسە	7
قورقادى	عوي	3
قورقادى	ەكەن	19
قورقادى	ەكەنسىڭ	12
قورقادى	ەكەم	13
قورقادى	دەپ	15
قالماپتى	عوي	18
ساياحات	كوڭىلدى	23
ساياحات	اشىپ	4
ساياحات	كۇڭىلدى	33
تيدى	عوي	18
ايتاما	دەپ	13
ايتاما	دەسەم	8
بەريىن	دەپ	14
بىرىنە	بىرى	13
اياعىمدى	جۋىپ	15
اياعىمدى	سۋعا	17
شىقان	جوق	19
شىقان	سوڭ	14
قوساقتارىڭمەن	قوسا	10
سوعىسىپ	قالدىم	13
امانسڭدارما	قىزدار	17
بۇيىرسىن	ءار	16
جانىپ	تۇر	18
جانىپ	تۇرعان	13
جانىپ	كەتتى	8
ساتام	دەپ	8
ساتام	دەيدى	12
راسىمى	جوق	11
راسىمى	بولسا	12
راسىمى	بارما	15
راسىمىڭدى	جولداپ	9
راسىمىڭدى	جولداشى	14
كوكەم	سول	9
كەتپسىڭ	عوي	16
كەتپسىڭ	جانىم	4
ۇنىڭ	شىقپاي	13
ۇنىڭ	ۇستىنە	14
ۇنىڭ	ۇشىپ	16
قولىمنان	نە	18
قولىمنان	كەلمەيدى	20
قولىمنان	كەلسە	13
قولىمنان	كەلگەنشە	16
قولىمنان	ەشتەڭە	18
اكەڭنىڭ	باسى	19
اكەڭنىڭ	باسىنا	8
العامىن	جوق	15
سويلەمەسەڭ	بولدى	17
سويلەمەسەڭ	قوي	17
سويلەمەسەڭ	قويشى	16
ناتيجەسى	جاقسى	13
ناتيجەسى	قانداي	15
ناتيجەسى	قۇتتى	15
بياۋشيىڭ	جولداپ	19
ۇيىقتايىق	جانىم	15
ۇيىقتايىق	دەپ	12
ۇيىقتايىق	وندا	16
اپاڭا	ايتىپ	16
وزڭ	نەعىپ	12
بەرەسالعان	جانىم	18
بەرەسالعان	التىنىم	7
موتانى	الىپ	20
موتانى	مىنىپ	19
ايتبايسىڭ	عوي	17
ايتبايسىڭبا	جانىم	14
بارمايسىڭ	عوي	18
بارمايسىڭ	دەپ	19
ماشىق	جاساپ	13
ماشىق	قىلىپ	15
كوڭىلىن	سۇراپ	18
كوڭىلىن	اۋلاپ	10
جاقسسڭ	جانىم	1
رەنجمە	جانىم	14
رەنجمە	بولاما	16
باعام	عوي	16
باعام	دەپ	17
جىبەردىڭ	عوي	18
تاستادىڭ	عوي	14
سۇعا	تۇسىپ	16
جاعدايىم	جوق	12
جاعدايىم	جاقسى	14
جاعدايىم	كەلمەي	13
جاعدايىم	كەلمەيدى	13
تۇرمايدى	عوي	19
تۇرمايدى	ەكەن	12
تۇرمايدى	ەكەنسىڭ	14
ەەيا	جانىم	18
ەەيا	ماقۇل	18
وبىلايدە	جانىم	17
وبىلايدە	جارايدى	11
قۇرساعىڭ	اشىپ	19
قۇرساعىڭ	اشتى	8
قۇرساعىڭ	اشقان	17
قۇرساعىڭ	اشادى	15
قۇرساعىڭ	اشتىما	17
سەنەمىن	عوي	20
سەنەمىن	جانىم	13
بولقان	جوق	18
بولقان	ەكەن	17
بولقان	سوڭ	14
شىققام	جوق	18
قاسيەتتى	ءبىر	7
قاسيەتتى	ورازا	16
قاسيەتتى	ايدا	16
قوزىپ	كەتتى	17
جىگتتەر	بولسا	17
جىگتتەر	بارما	18
كەتتڭ	عوي	19
تانيسىڭ	عوي	11
ۇيتپە	جانىم	16
شىقپادى	عوي	7
قىردا	جۇرمىن	12
بوماي	تۇر	18
بومايدى	عوي	13
بومايدى	ەكەن	18
سۇيلەمەسەڭ	بولدى	15
سۇيلەمەسەڭ	قوي	17
سۇيلەمەسەڭ	قويشى	18
سۇيلەمەسەڭ	ۇيقتادىم	16
وينايمىن	عوي	18
وينايمىن	جانىم	13
وينايمىن	دەپ	16
كۇيىڭ	جوق	16
كۇيىڭ	جاقسى	14
كۇيىڭ	قالاي	9
كۇيىڭ	قانداي	15
كۇيىڭ	كەلسە	18
ارۋ	قىز	20
ارۋ	قىزدار	13
ەسىكتىڭ	الدى	13
ەسىكتىڭ	الدىن	16
ەسىكتىڭ	الدىندا	16
ەسىكتىڭ	الدىنا	7
ىشەمىن	عوي	15
ىشەمىن	جانىم	13
ىشەمىن	دەپ	18
ىشپەدىم	جانىم	19
ۇرسادى	عوي	12
ۇرسادى	دەپ	15
ۇرسادى	ەكەن	17
قالمايىن	دەپ	16
ويلايتىن	بولىپ	14
ويلايتىن	ادام	18
ويلايتىن	شىعار	18
ويلايتىن	بولدىم	16
ويلايتىن	شىعارسىڭ	18
ناسىپ	بولسىن	17
ناسىپ	قىلسىن	17
ناسىپ	ەتسىن	8
دەگەنسوڭ	ايتقانىم	17
ءاكەپ	بەر	19
تاجال	سول	18
ويات	بولدى	16
وياتىپ	جىبەر	11
وياتىپ	جىبەردى	17
وياتىپ	جىبەردىڭ	14
ساۋعا	الىپ	19
تەلەفونىن	الىپ	18
المايىن	دەپ	13
مالشى	قاۋىم	9
شۇقىلاپ	جاتىرمىن	15
شۇقىلاپ	وتىرمىن	11
تۇقىم	قۋالاۋ	15
قاباردار	بولدىق	13
قاباردار	بولىڭىزدار	10
جاعدايعا	قاراپ	19
جاعدايعا	قاراي	5
اشىلماي	جاتىر	8
اشىلماي	تۇر	17
اشىلماي	قالدى	11
اشىلماي	قويدى	13
وزىڭەدە	راحىمەت	11
سياقتىمىن	عوي	20
مەز	بولىپ	18
مەز	بوپ	7
مەز	بولدىم	18
سانجى	سانجى	20
سانجى	وبىلىسى	16
قاراساڭ	بولدى	11
بەسكە	بىر	11
بەسكە	دەيىن	18
ويبۋ	جانىم	16
جانعا	جايلى	12
تەرەزە	سۇرتىپ	14
ىزدەي	بەر	15
ىزدەيمىن	عوي	11
ىزدەيمىن	دەپ	13
شاۋگىم	شاي	14
كوزىن	جۋىپ	16
قايتڭبا	جانىم	19
بارىپتى	عوي	14
بەرۋ	كەرەك	16
اتىڭدى	ايتىپ	18
اتىڭدى	جازىپ	18
كەتسەك	جاقسى	4
كەتسەك	بولدى	17
سوقتى	عوي	18
قالدڭ	عوي	18
قالدڭبا	جانىم	9
بوسانىپ	الدى	12
دەمەيسىڭ	عوي	14
باسنا	بارىپ	8
ۇرشى	جانىم	16
ۇرشى	ماعان	17
ۇرشى	بولاما	19
تنىش	وتىر	12
وتەدى	عوي	18
وتەدى	ەكەن	15
جاۋلىق	الىپ	12
تىلەگى	دۇرىس	17
جەتسە	بولدى	16
جەتسە	الماي	19
جەتسە	ەكەن	11
بەتىمدى	جۋىپ	16
بارلىقتارىڭىزدىڭ	اق	11
جەيىك	دەپ	14
حاربالاس	بولىپ	18
بىرگەبولسىن	راحىمەت	5
قوسۋ	بار	29
قوسۋ	كوڭىلدى	15
شقباي	جاتىر	14
شقباي	تۇر	15
شقباي	قالدى	16
سويلەيمىن	عوي	10
سويلەيمىن	جانىم	15
سويلەيمىن	دەپ	17
تۇسىنەمىن	عوي	17
تۇسىنەمىن	جانىم	9
تاڭنان	سالەم	10
تاڭنان	امان	7
تاڭنان	اق	15
دەگەمىن	عوي	10
ايتپاعان	سوڭ	8
ايتپاعان	بولايىن	19
ايتپاعان	شىعارمىن	11
ۇنىم	جوق	20
ۇنىم	مول	19
اۇىز	سوز	11
اۇىز	سۇزىڭ	17
ايجان	حانىم	15
سالعام	جوق	16
ەكەۇمىز	بىر	16
كورىنە	بەر	25
كورىنە	بەرسىن	8
اداىم	جوق	16
دوحتىرحانادا	جاتىرمىن	11
سيلى	قوناعى	16
سيلىق	بار	6
سيلىق	تەگىن	19
تۇرىڭدار	دەپ	16
قوساتىن	شىعار	7
ءوزىڭىز	نەعىپ	14
ءوزىڭىز	قالايسىز	18
ءوزىڭىز	قاي	16
ۋاقىتىم	جوق	12
ۋاقىتىم	بار	7
ۋاقىتىم	شىققاندا	16
تالاسىپ	جاتىر	16
نەىستەپ	جاتىرسىڭ	19
نەىستەپ	جاتىرسىز	3
نەىستەپ	جاتىر	15
كيەتىن	كيىم	17
كيەتىن	كويلەك	18
ساتلادى	باعاسى	16
وزىڭنەن	باسقا	12
وزىڭنەن	وزىڭ	15
وزىڭنەن	كور	12
بەرمەيتىن	بولدى	15
بەرمەيتىن	شىعار	16
اناشىم	تۋىلعان	15
قۇرداس	ەكەنبىز	5
جىيرما	يۋان	17
جىيرما	سوم	15
جىيرما	مىڭ	16
قاۋىپتى	عوي	17
قاۋىپتى	ەكەن	11
قاۋىپتى	بولىپ	16
مالى	بار	14
مالىپ	وتىرمىن	15
مالىپ	قويىپ	11
تولدان	قىزىلتۋعا	19
تولدان	جارباسقا	18
سەكسەن	سوم	15
سەكسەن	مىڭ	16
تىرىس	بولىپ	8
تىرىس	قوي	4
باسقانىڭ	بارى	9
باسقانىڭ	بارىن	13
باسقانىڭ	قاجەتى	18
باسقانىڭ	كەرەگى	16
شاشىم	تۇسىپ	16
شاشىمدى	جۇلىپ	15
شاشىمدى	بوياتىپ	18
وقشاش	ەكەن	16
وقشاش	قوي	16
اشقازانى	اۋىرىپ	15
اشقازانىم	اۋىرىپ	9
كەتگەن	سوڭ	16
ىيت	بولىپ	15
وقۋىڭ	تابىستى	7
وقۋىڭ	تابستى	2
دەسەڭدە	بولادى	7
دەسەڭدە	ماقۇلمىن	15
كانى	الىپ	15
جەتەتىن	شىعار	18
دامى	قانداي	8
دامى	تىل	17
لاي	لاي	14
لايىقتى	باعادا	14
باسم	اۋىرىپ	7
باسم	اۋرپ	11
باسمدى	جۋىپ	10
باسمدى	اۋىرتپاشى	16
ەتەيىن	دەپ	9
ۇيقتامادىم	جانىم	16
ءتىپتى	جاقسى	18
مەزى	بولىپ	9
مەزى	بوپ	10
مەزى	بولدىم	14
بويداق	قوي	9
سوزىمدى	ەستىپ	17
سوزىمدى	ايتىپ	16
قالپىن	عوي	18
ىدس	جۋىپ	15
ىدس	اياق	14
ۇعىسىپ	كورەيىن	14
ۇعىسىپ	كورشى	17
كەتىڭدەر	عوي	16
كەتىڭدەر	دەپ	16
ۇزدەرىڭىز	نەعىپ	14
ۇزدەرىڭىز	قالاي	15
ۇزدەرىڭىز	امان	9
بولدىڭعوي	جانىم	18
قويدىرىپ	ال	14
قويدىرىپ	جاتىرمىن	17
جاقسىسىز	جەجە	18
شىعارادى	عوي	18
شىعارادى	ەكەن	14
رەنجىمەڭىز	ۇيات	11
شعامىز	عوي	16
شعامىز	دەپ	16
شعامىز	دەيدى	17
سالەىم	قابىل	16
سالەىم	قايىرلى	12
كەلمەيمە	ەكەن	11
ۇيرەتىپ	جاتىر	13
اجىراسام	دەپ	18
سۇنىمەن	نەعىپ	12
جۇمسىم	جوق	15
جۇمسىم	بار	15
جۇمسىم	شعىپ	8
وقۋعا	كەتىپ	25
وقۋعا	اتتانۋ	26
ەرلەر	دەنساۋلىعى	17
كۇجە	ىشىپ	18
كۇجە	ىستەپ	17
كۇجە	جاساپ	18
قوسام	دەپ	14
مالىن	باعىپ	15
مالىن	سويىپ	17
قاراعىم	كەلمەيدى	18
مايعا	بەرىلەدى	15
تاپسىرما	جازىپ	12
تاپسىرما	ورىنداپ	14
تاپسىرما	ورىنداتىپ	16
الدامشى	ەكەن	16
الدامشى	كوپ	19
بولعىم	جوق	14
بولعىم	بار	18
بولعىم	كەلىپ	17
بولعىم	كەلەدى	11
بولعىم	كەلمەيدى	8
تاياعان	سايىن	14
تاياعاندا	ايتا	5
تانيمىن	عوي	19
تانيمىن	دەپ	11
تانيدى	عوي	15
تانيدى	ەكەن	14
تانيدى	ەكەنسىڭ	8
جالىنايىن	جانىم	12
جالىنايىن	جالىنايىن	14
مالدان	كەلىپ	11
مالدان	شىعا	18
مالدان	جاڭە	17
تۇستار	امان	17
ەتبەيدى	جانىم	11
سۇراعام	جوق	13
جاقسسڭبا	جانىم	15
كىنا	جوق	13
كىناشقا	جوق	10
كىناشقا	الىپ	15
توككە	اقشا	11
توككە	سۇعىپ	16
سالىڭدار	دەپ	17
اتسا	اتىپ	17
اتساڭ	بولدى	14
جەجەمە	ايتىپ	15
باستالىپ	كەتتى	18
باستالىپ	كەتتىمە	7
كوتىن	اشىپ	17
كەزگە	الماي	12
كەزگە	دەيىن	11
كەزگە	المايمىن	16
كەزگەيىك	دەپ	18
كەزگەيىك	بولاما	17
بەرمەشى	جانىم	13
بەرمەشى	بولاما	18
ريزا	بولىپ	18
شەشەمدى	الىپ	5
پسىق	بولىپ	18
داينداپ	قوي	14
داينداپ	قويدىم	13
القا	مونشاق	11
القان	سوڭ	11
تاۋا	الماي	15
تاۋا	المادىم	5
انشى	ەكەن	10
جاقسسىڭبا	جانىم	17
جۇعىستى	بولسىن	14
ماقول	جانىم	12
سوقسام	بولاما	19
سوقسام	الماي	16
سوقسام	المايدى	16
سوقسام	المادىڭ	19
نەعىلعان	ادام	18
دايىندالىپ	تۇر	19
دايىندالىپ	جاتىرمىن	17
ەشكىمدى	جاقسى	8
ەشكىمدى	تانىمايمىن	17
ەشكىمدى	سۇيمەيمىن	19
كىرەدى	عوي	16
كىرەدى	ەكەن	13
قىلسام	بولادى	16
قىلسام	بولاما	17
العانسىڭ	عوي	8
قولىڭدى	جۋىپ	17
نانشۋ	بولىپ	17
نانشۋ	بوپ	5
باۋشيان	شىڭيانى	17
اپايىم	بار	19
جىپ	جىلى	14
اشام	دەپ	13
وتىرسىڭدار	عوي	18
كەرگىپ	قالدىڭ	13
كەرگىپ	تۇرسىڭ	14
تۇسىنەدى	عوي	16
تۇسىنەدى	دەپ	11
قولىنا	قاراپ	14
تاستايدى	عوي	18
تاستايدى	ەكەن	14
اينەك	تاعىپ	6
شن	ايتام	16
شنى	شاي	12
شنى	جۋىپ	13
ۇترىك	ايتىپ	17
قۋىرىپ	جاتىرمىن	12
ەشتەڭكە	جوق	10
ەشتەڭكە	ەتپەيدى	15
قولىڭا	قۋات	11
قولىڭا	دەرت	13
تاۋسىلىپ	كەتتى	14
تاۋسىلىپ	قالدى	11
تاۋسىلىپ	قالىپتى	13
قارلىقپاسىن	كەرەمەت	17
قارلىقپاسىن	شاشاڭا	15
قارلىقپاسىن	ءانىڭ	12
بلىپ	تۇرىپ	15
جاسانىپ	الىپ	13
جاسانىپ	جاتىرمىن	16
پوشتادان	سالىپ	14
پوشتادان	سالىنادى	12
قىستاققا	كەلىپ	18
قىستاققا	بارىپ	17
دەگەمىز	وعان	19
ەستدىم	عوي	12
كارتەيگەن	سايىن	10
تۇرسڭ	عوي	18
تۇرسڭبا	جانىم	9
توپىراق	بولىپ	18
كەتتڭبە	جانىم	17
ەمەسبىن	عوي	13
اكەلە	سال	17
اكەلە	جاتىر	17
اكەلە	جاتىرمىن	15
سويلەيتىن	ادام	1
سويلەيتىن	شىعار	16
سويلەيتىن	ۋاقىت	16
قويامىز	عوي	8
سۇيلەيمىن	عوي	15
سۇيلەيمىن	جانىم	14
سۇيلەيمىن	دەپ	17
سويلەمەيدى	عوي	14
سويلەمەيدى	ەكەن	9
سويلەمەيدى	ەكەنسىڭ	18
شاقىرا	سال	10
شاقىرام	عوي	16
شاقىرام	دەپ	13
ۇيالمايدى	ەكەن	15
ۇيالمايدى	ەكەنسىڭ	7
بتىپ	كەتتى	18
اۋىرتپاشى	بولاما	17
جەتبەيدى	عوي	16
جەتبەيدى	ەكەن	11
قاتنى	بار	10
قاتنىڭ	بار	16
قايتارايىن	دەپ	4
قايتارايىن	دەسەم	13
ۇيىقتاماي	نەعىپ	18
ۇيىقتاماي	جاتىر	15
ۇيىقتاماي	جاتىرسىڭ	14
اۋزىن	اشىپ	15
اۋىلدان	اۋدانعا	9
اۋىلدان	قالاعا	15
اۋىلدان	ساۋانعا	19
اقىسى	قانشا	11
اقىسى	ىشىندە	17
تىلەگىڭ	قابىل	8
جاننا	بارىپ	12
نەشىنشى	قابات	18
نەشىنشى	جىلدىكى	16
باسىمىز	امان	14
ايدايدى	عوي	16
ايدايدى	ەكەن	17
ەرتەڭگە	دەيىن	3
جانىنا	بارىپ	12
حات	جازىپ	2
الساڭدا	بولادى	16
الساڭدار	جاقسى	12
الساڭدار	بولدى	16
الساڭدار	بولادى	13
قويساڭىزدار	راحىمەت	16
جىيىن	بار	19
جىيىن	اشىپ	15
شولپان	شولپان	8
ادامشا	ايتىپ	13
قىرت	ەكەن	17
قىرت	ەكەنسىڭ	16
قىرت	بولىپ	16
قىرتىپ	وتىر	14
ايتۋعا	بولمايدى	10
ايتۋعا	كەلمەيدى	14
باسىما	شىعىپ	12
باسىما	پالە	16
بەرگەلى	جاتىر	10
بەرگەلى	جاتىرمىن	11
ۇشەۋىمىز	عانا	16
جوتەل	بار	17
جوتەلىپ	جاتىر	15
تارتاتىن	جەرگە	19
تارتاتىن	ادام	19
تارتاتىن	جەردە	19
سانجىعا	بارىپ	12
سانجىعا	باراتىن	17
سانجىعا	شىعاتىن	15
سانجىعا	قۇلدايتىن	15
ايتپادىڭ	عوي	18
جىلاعىم	كەلىپ	14
جىلاعىم	كەلەدى	3
جىلاعىم	كەپ	14
ۇيبۇي	جانىم	18
نارسەسى	بار	17
نارسەسىن	الىپ	9
ۇزىڭنەن	ۇزىڭ	17
ۇزىڭنەن	باسقا	12
ۇزىڭنەن	كۇر	16
جازشى	جانىم	14
كاي	الىپ	13
قورعاۋ	مايى	13
قورعاۋ	مايىن	12
ەسىڭدە	بولسىن	15
ەسىڭدە	بارما	4
كەرى	اسەرى	10
جۇنىن	ايتىپ	8
قىزداردىڭ	بارى	15
جيىندا	وتىرمىن	15
سانىن	جولداپ	17
بەسنشى	ايدىڭ	12
بەسنشى	ايدا	12
بىتسە	بولدى	11
ءانىڭ	كەرەمەت	13
ءانىڭ	كۇشتى	17
ءانىڭ	تاماشا	8
ءانىڭ	اۋەلەي	17
كەتتىڭىز	عوي	16
تيگەندە	بەرەيىن	5
دەمالايىق	جانىم	18
دەمالايىق	دەپ	15
ايتقىم	جوق	18
ايتقىم	كەلىپ	15
ايتقىم	كەلەدى	10
ايتقىم	كەلمەيدى	13
جاقپا	ميانمو	9
جاقپاي	تۇر	16
جاقپاي	قالدى	12
تانىمايدى	ەكەن	11
تانىمايدى	ەكەم	18
تانىمايدى	ەكەنمىن	9
ەسكتى	اشىپ	16
ەسكتى	ىلىپ	13
قاباتقا	بارىپ	12
جەكسۇرىن	سول	13
جەكسۇرىن	بولىپ	17
دەمالادى	ەكەن	12
جاسايمىز	عوي	15
جاسايمىز	دەپ	16
جاسايمىز	دەيدى	12
ماشيناسىن	ايداپ	18
قالماسا	بولدى	14
ۇزىڭەدە	راحىمەت	10
جولداڭىزشى	كورەيىن	16
قونىس	جايلى	12
مولدىر	تىلەكتەر	2
ۇاعىندا	ىشىپ	13
تۇرساق	بولدى	13
تۇرساق	بولادى	14
تۇرساق	بولاما	15
قابارسز	كەتتىڭ	18
قابارسز	كەتتڭ	6
قۇربان	ايت	16
قۇربان	ايىت	11
قۇربان	ايتىڭ	12
قۇربان	ايتىڭىز	17
قۇربان	ايتتارىڭىز	15
قىلىق	ەمەس	10
شوشىرە	تۇيىپ	14
سىرعا	توي	16
سىرعا	تويى	7
وتىردىق	قوي	13
سەمياسى	بار	14
قويدىما	دەپ	15
ايەلىم	بار	18
ايەلىم	جوق	9
ايەلىم	مەنىڭ	17
مۇسسالام	امانشىلىق	16
ميىمدى	جەپ	13
ميىمدى	جەمەشى	7
بولعالى	جاتىر	18
بولعالى	تۇر	9
بولعالى	قانشا	13
تابادى	عوي	16
تابادى	دەپ	13
تابادى	ەكەن	18
جاساۋ	كەرەك	15
باعادى	عوي	17
باعادى	ەكەن	15
ىستەسەم	بولادى	17
قىزمەتى	تابىستى	16
قىزمەتىڭ	تابىستى	12
قىزمەتىڭ	تابستى	3
مۇجاز	جوق	9
مۇجاز	قالاي	7
مۇجاز	بولماي	7
مۇجازى	جوق	15
مۇجازى	بولماي	4
مۇجازىم	جوق	10
مۇجازىم	بولماي	4
العامىز	جوق	15
ۆزىڭ	نەعىپ	13
ۆزىڭ	قالاي	11
ۆزىڭ	بىل	19
ويتىپ	ايتپاشى	18
جولىڭىز	بولسىن	13
جولىڭىز	اشىق	2
جۇرسەڭدە	امان	18
جۇرسەڭدە	جولىڭ	6
كەزىكسەك	جاقسى	18
كەزىكسەك	بولادى	18
كەزىكسەك	بولاما	17
كەزىكسەك	بولدى	14
كەزىكسەك	بولار	11
ماشىينە	بارما	17
ماشىينە	ايداپ	16
كەشتەن	سالەم	12
كەشتەن	بەرى	8
كەشتەن	باستاپ	14
ەمنە	قىلىپ	5
ەمنە	بولدۇ	9
اپارامىن	عوي	18
اپارامىن	دەپ	14
بلەسىڭ	عوي	14
قىزۋ	ەكەن	12
قىزۋ	قارسى	15
دوستارىڭ	بار	14
دوستارىڭ	بولسا	16
سالەمەتسىزدەر	كوپشىلىك	9
كەرمەت	ەكەن	14
كەرمەت	كۇشتى	15
قايتسا	بولدى	18
قايتساڭ	بولدى	13
قايتساڭ	بولمايما	10
شىقبايدى	عوي	14
شىقبايدى	ەكەن	12
تايى	قانشا	7
تايىم	سول	7
تايىم	مەنىڭ	14
شولدەپ	وتىرمىن	17
شولدەپ	كەتتىم	15
بارىدە	جاقسى	13
بارىدە	ءوتىپ	13
بۇرىنعىداي	ەمەس	17
كەسكىن	جولداپ	15
كوزگە	ىلمەي	12
اسقباي	ىشىپ	1
ەسىمدە	جوق	11
ەسىمدە	قالماپتى	8
الاۋ	جانىم	13
الاۋ	الاۋ	14
قىلامىز	عوي	16
قىلامىز	دەپ	15
قىلامىز	دەيدى	15
وترسىڭ	عوي	18
اۋرادى	عوي	16
اۋرادى	ەكەن	12
اپەكەسى	بار	15
سيىرعا	قاراپ	17
سيىرعا	جەم	18
جۇمسڭدى	ستە	5
جۇمسڭدى	ستەپ	13
جۇمسڭدى	ىستەي	12
جۇمسڭدى	ستەي	17
جىباردا	وتىرمىن	19
جىباردا	جاتىرمىن	13
كوزىمە	كورىنبەي	15
قايسسى	جاقسى	14
باسادى	عوي	14
باسادى	ەكەن	16
دوسىمنىڭ	ۇيىنە	20
دوسىمنىڭ	ۇيىندە	18
دوسىمنىڭ	تويى	15
وتىرامىن	عوي	17
كۇندەلىكتى	كۇيبىڭ	13
اتتىم	عوي	17
شقتڭبا	جانىم	13
كورىنبەي	كەتتىڭ	18
كورىنبەي	قالىپتى	15
كورىنبەي	جوعال	16
ۇرپتى	عوي	17
ساۇدا	كۇسەت	9
ساۇداڭ	كۇسەت	10
قوناقتا	وتىرمىن	17
ۇراتىن	بولدى	2
ۇراتىن	شىعار	15
جوعالتىپ	الىپ	15
جوعالتىپ	الدىم	17
رەنجىمەيمىن	عوي	17
رەنجىمەيمىن	جانىم	18
ماماڭدى	جولداشى	16
شكىم	جوق	6
شكىم	كەلىپ	8
شكىم	كەلمەي	12
بەيتۇننان	التايعا	16
اتادى	عوي	14
اتادى	دەپ	15
اتادى	ەكەن	15
باتقانشا	اتىپ	15
سەمياڭ	بار	30
تارتباي	جاتىر	17
تارتباي	تۇر	12
تارتباي	قالدى	11
تارتباي	قالادى	13
اقسى	قانشا	9
كەزىڭ	عوي	14
كەزىڭ	ەكەن	14
قالايىق	دەپ	12
قالايىق	جارايما	19
قالايىق	بولاما	18
ماۋباسىم	سول	8
ماۋباسىم	مەنىڭ	8
وزدەرىڭىز	نەعىپ	12
وزدەرىڭىز	قالاي	17
وزدەرىڭىز	امان	16
وزدەرىڭىز	قالايسىزدار	13
قويايىنبا	دەپ	18
ايتقاندى	جاقسى	17
ايتقاندى	جەك	14
وتپەي	جاتىر	4
وتپەي	تۇر	17
وتپەي	قالدى	15
وتپەي	قالدىم	15
امالسىز	بولىپ	17
الاعاققا	باراتىن	6
الاعاققا	تۇسەتىن	12
جۇمسىڭدى	ىستە	12
جۇمسىڭدى	ستەپ	12
جۇمسىڭدى	ىستەي	12
جاترسىڭ	عوي	11
جاترسىڭ	جانىم	17
ادامداردىڭ	بارى	16
بەرمىن	عوي	13
بەرمىن	دەپ	13
قولىنان	كەلمەيدى	8
قولىنان	قاعاز	17
ىستەمەدىم	عوي	15
بارىندە	بار	15
تومپاق	قىز	14
قۇناجىن	شىعار	15
قۇناجىن	جوق	11
جۇمىسىن	ىستەپ	18
جۇمىسىن	بىتىرىپ	12
قابارلاسقان	جوق	16
شەيىك	دەپ	16
ىڭىز	قابىل	9
وزىڭىزگە	كوپ	15
ەگەردە	مەن	17
بولۋعا	شاقىرامىز	19
بەرەسڭ	عوي	15
بتىرىپ	ال	12
كۇندەردە	وتىپ	12
كۇندەردە	ۇتىپ	11
كۇندەردە	ءوتىپ	15
كۇرىش	باسىپ	14
جاعاتىن	دارى	7
جاعاتىن	ماي	15
ارايلى	بولسىن	12
ارايلى	كۇندەرىڭ	12
ارايلى	كۇندەرىڭىز	5
قويساڭشى	جانىم	15
بۇيرتىپ	ىستەتسىن	11
جەيمىز	عوي	17
جەيمىز	دەپ	16
بيداي	كوجە	12
بيداي	كۇجە	11
قويۋ	كەرەك	7
قۇدايىم	بۇيىرسا	15
قۇدايىم	بۇيرسا	16
قۇدايىم	ساقتاسىن	12
سونان	كەيىن	12
سونان	سوڭ	8
توسامىن	عوي	16
توسامىن	جانىم	15
بىرىگىپ	الىپ	14
نەعىپجاتىرسىڭ	جانىم	18
قۇنان	شىعار	17
جاقسراق	دەمال	16
ايقانىڭ	كەلسىن	11
كەتكىم	كەلىپ	18
كەتكىم	كەلدى	6
كەتكىم	كەلەدى	16
كەتكىم	كەپ	16
كەتكىم	كەلمەي	17
كەتكىم	بار	12
ەكەنىمدى	بىلەسىڭ	19
ەكەنىمدى	قايدان	18
سۇيدىم	عوي	16
سۇيدىم	جانىم	17
سۇيدىم	دەپ	15
شوجەم	سول	12
شوجەم	مەنىڭ	14
گىرام	جوق	7
جوندەتىپ	ال	14
جوندەتىپ	جاتىرمىن	19
جۇرما	دەپ	11
سەبەبى	نە	15
سەبەبى	بار	6
كەلگەنى	جاقسى	16
كەلگەنىن	ايتىپ	12
بارعانسوڭ	قابارلاسايىن	14
قوسپاي	تۇر	17
قوسپاي	اق	18
قوسپاي	قويدى	16
قوسپاي	قويدىڭ	16
ەشكمگە	ايتپا	15
كىلت	جوق	13
كىلت	قايدا	14
كىلتى	قايدا	19
كىلتى	جوق	15
كىلتى	الىپ	18
ۇزگەرىپ	كەتتى	18
ۇزگەرىپ	كەتىپتى	14
ارىز	بەرىپ	13
قويەي	جانىم	15
ىنشى	ايدىڭ	13
ىنشى	ايدا	15
ساعىنعان	سوڭ	16
ساعىنعان	شىعارسىڭ	17
ساعىنعان	تۇرىڭنەن	18
ۇيشىڭدى	قوسىپ	17
ىشتىك	قوي	14
مالادەس	كۇشتى	5
جاراسىپ	تۇر	13
جاراسىپ	كەتىپتى	9
قويىپسىڭ	عوي	7
شۇجەم	سول	15
شۇجەم	مەنىڭ	13
ەسكى	اي	14
دارىڭدى	الىپ	15
دارىڭدى	ىشىپ	17
دارىڭدى	ىشتىڭبە	11
دارىڭدى	ۋاعىندا	13
باريىن	دەپ	9
باريىن	دەسەم	9
باريىن	دەگەم	16
مايلايتىن	ۇي	15
مايلايتىن	قابات	8
اۋزىڭ	نەدەگەن	16
اۋزىڭنان	اينالايىن	15
اۋزىڭنان	سۇيىپ	7
جاتقىم	كەلىپ	14
جاتقىم	كەلەدى	18
جاتقىم	كەپ	16
جاتقىم	كەلدى	4
تاتىم	سول	15
تاتىم	مەنىڭ	7
اۋىرعانى	باسىلدىما	14
بارىڭدار	دەپ	14
ىشسەم	بولدى	15
قوشقار	ساتىلادى	19
قوشقار	بار	18
قوشقار	قوزى	18
سىرلاس	دوس	18
سىرلاس	دوستار	14
سىرلاسىپ	اڭگىمە	11
سىرلاسىپ	تۇرايىق	16
دەكەنىم	عوي	11
دەكەنىم	قوي	3
ايىرىلىپ	قالدىم	19
ايىرىلىپ	قالدىق	13
ايىرىلىپ	قالامبا	17
ارمانىم	جوق	8
نۇمىرگە	قابارلاس	11
نۇمىرگە	قابارلاسىڭىز	13
نۇمىرگە	قابارلاسىڭىزدار	14
دايارلىق	كورىپ	13
قارامايعا	بارىپ	17
قارامايعا	باراتىن	17
كورىڭدەر	جاندارىم	17
شىڭگىلدەن	ۇرىمجىگە	9
شىڭگىلدەن	سارتوعايعا	16
شىڭگىلدەن	شاعانعولعا	19
شىڭگىلدەن	كوكتوعايعابارتىن	15
تۇسكەلى	جاتىر	6
تۇسكەلى	تۇر	18
تۇسكەلى	جاتىرمىن	15
تۇسكەلى	تۇرمىن	8
ىستەيىم	عوي	15
ىستەيىم	دەپ	17
دەمەشى	جانىم	9
دەمەشى	بولاما	13
وينايدى	عوي	15
وينايدى	ەكەن	16
باللاردى	الىپ	5
تەكسەرۋگە	بارىپ	12
تورقا	بولسىن	11
سرتقا	شعىپ	15
ۇيىمە	كەلىپ	9
ۇيىمە	بارىپ	16
جاسادى	عوي	8
تۇسىنەتىن	ادام	13
تۇسىنەتىن	شىعار	11
بارىمىزگە	ورتاق	12
ماشيىنا	ايداپ	10
ىڭعايلاپ	تاستاپ	17
امالىن	تاۋىپ	18
امالىن	تاپ	9
امالىن	تاپشى	17
ءستەپ	جاتىرسىڭ	13
ءستەپ	جاتىرمىن	15
قوسلىپ	ال	6
قوسلىپ	الىڭىز	17
سوڭى	كىم	13
جۇمستار	بار	13
جۇمستارىڭ	قالاي	14
جۇمستارىڭ	ساتتى	8
ماشيناڭدى	ايداپ	14
قيال	سۇرىپ	14
قيالداپ	وتىرمىن	12
ىرازى	بولىپ	16
ۇقسايسىڭ	عوي	15
الامىزبا	دەپ	18
بولمادىم	عوي	4
ايتبادى	عوي	8
ايتبادىم	عوي	10
الپىس	سوم	15
الپىس	مىڭ	17
بىرتالاي	كۇن	17
بىرتالاي	ۋاقىت	16
اتامىن	عوي	16
اتامىن	دەپ	16
ۇقباي	قالدىم	18
ۇقباي	تۇرمىن	11
انادان	مىنادان	17
سوققان	جوق	10
بەرمەگەن	سوڭ	16
ۇيىنەن	تاماق	17
تايىنشا	بار	16
تايىنشا	ساتىلادى	15
تايىنشا	جوق	16
گەتىپ	قالدى	18
گەتىپ	قالدىم	16
گەتىپ	قالدىڭبا	18
دەنەم	قىزىپ	14
ولەتىن	بولدى	16
ولەتىن	بولدىم	18
ولەتىن	بولدىق	6
سۇرامادىم	عوي	14
كۇكەم	مەنىڭ	18
كۇكەم	سول	16
سۇيسەڭ	بولدى	15
ەتتىڭ	عوي	14
انداي	مىنداي	12
كوڭلىم	قالدى	18
كوڭلىم	جارىم	17
كوڭلىم	بىر	18
كەمەي	قالدى	8
جولداماي	اق	12
جولداماي	قويدىڭ	15
قاراسى	جوق	8
قاراسىپ	جاتىرمىن	14
قمبات	ەكەن	16
ۇقساپ	تۇر	14
ۇقساپ	قالادى	14
سابىر	قىل	9
سابىر	تۇبى	17
سابىر	قىلىپ	17
تانىمايتىن	ادام	18
قاعىس	قالماي	15
قاعىس	قالماڭىز	16
قاعىس	قالماڭىزدار	14
ازتۇرىپ	بارام	15
ازتۇرىپ	سۇيلەيىن	16
جاتىپتى	عوي	9
تابىسىڭ	تاۋ	14
تابىسىڭ	مول	13
بايگەلى	بولسىن	11
بايگەلى	بولا	3
بەرەسىز	عوي	17
جگتىڭ	قايدا	13
جگتىڭ	بارما	15
مەيىربان	جان	18
مەيىربان	جاندار	5
اجىم	تۇسىپ	13
اجىم	كەتىرۋ	17
سوزدەر	اينالايىن	18
تالدى	قورعانعا	8
بارلىقتارىڭا	مەنەن	16
جۇزسوم	بەرىپ	15
جۇزسوم	اتىپ	16
جۇزسوم	قۇڭباۋ	15
جازدىم	عوي	15
كورمەپپىن	عوي	17
وترىك	ايتىپ	14
جۇرەگىڭدى	اۋىرتىپ	16
ايتابەر	جانىم	15
جۇرەكىم	مەنىڭ	18
جۇرەكىم	اۋىرىپ	15
جۇرەكىم	قاتتى	18
اداممىن	عوي	7
تىرشىلىك	دەپ	14
كۇرسىن	دەپ	16
تۇسنبەدىم	عوي	16
جىلعى	كەلىپ	10
جىلعى	وسى	17
قارادى	عوي	15
قارادىم	عوي	12
شەت	جاعاسىن	10
رۇقسات	الىپ	18
رۇقسات	سۇراپ	14
كەزدەر	اي	9
بالاردى	الىپ	18
وينايمىز	عوي	13
وينايمىز	دەپ	16
باسعا	ادام	14
بوتەن	ادام	18
بوتەن	ويىم	13
سەنسىڭ	عوي	18
سەنسىڭ	جانىم	8
اشىلادى	ەكەن	14
سەنكىن	اڭساپ	16
تەرلەپ	تەپشىپ	19
تەرلەپ	كەتتىم	6
شۇعىل	جۇمىس	14
شۇعىل	كەرەك	17
شۇعىل	قاجەت	15
بەرمەسىن	وتباسىڭىز	8
تىسىم	اۋىرىپ	13
تىسىم	قاقساپ	8
اعاعا	ايتىپ	13
جەرىندە	ەكەن	13
بارتىن	جولاۋشىلار	15
سىزدەردى	قارسى	17
سىزدەردى	جىلى	17
سەنسەڭ	بولدى	18
منانىڭ	باعاسى	14
قالدىڭدار	عوي	9
اۋزىڭدى	جاپ	16
وزىڭمەن	بىرگە	12
وزىڭمەن	تانىسقانىما	13
قالايشا	ەكەن	10
كۇشگىم	سول	16
كۇشگىم	مەنىڭ	11
قيمايمىن	عوي	14
قيمايمىن	جانىم	13
قيمايمىن	سەنى	13
ولدى	عوي	14
ولدىم	عوي	11
ايتساڭدا	بولادى	11
بارماق	بەرىپ	12
بارماق	باسىپ	15
بارماقتارىڭىزعا	راحىمەت	8
بارماقتارىڭىزعا	كوپ	8
بولدڭ	عوي	10
بولدڭبا	جانىم	7
مىڭنان	جوعارى	16
قۇانىپ	وتىرمىن	13
قۇانىپ	قالدىم	15
نەدەر	ەكەن	17
كۇتىڭ	قىشىپ	17
كۇتىڭدى	قىس	13
كۇتىڭدى	قىسىپ	11
قىزعانام	عوي	11
قىزعانام	جانىم	16
سەرگىپ	قالدىم	13
سەرگىپ	قالاسىڭ	13
كۇتەرە	الماي	16
كۇتەرە	المايدى	5
سۋىپ	كەتتى	12
سۋىپ	قالدى	10
سۋىپ	قالادى	14
سۋىپ	قالاتىن	18
ۇزىڭمەن	بىرگە	14
ۇزىڭمەن	تانسۋعا	13
ۇزىڭمەن	تانسقانىما	17
مۋشاڭعا	بىر	6
مۋشاڭعا	باراتىن	16
بۇيرىق	بولىپ	15
بۇيرىق	بولسا	16
بۇيرىق	بولماي	11
بۇيرىق	بىلەدى	17
سەبەپ	جوق	16
سەبەپ	بولدى	14
سەبەپ	بار	17
سەبەپ	بولىپ	15
قۇڭباۇ	جوق	9
قۇڭباۇ	اتىپ	16
جىبارعا	شىعىپ	15
زاۋات	باعاسىندا	15
ۇيلەرىڭ	قاي	13
ۇيلەرىڭ	قۇتتى	12
ۇيلەرىڭە	بارىپ	11
كورمەيدى	عوي	13
كورمەيدى	ەكەن	17
كورمەيدى	ەكەنسىڭ	16
ۇيىقتايمىن	عوي	14
ۇيىقتايمىن	جانىم	15
ۇيىقتايمىن	دەپ	17
تۇرتى	كۇنى	15
تۇرتىنشى	ايدىڭ	10
قايتارماي	جاتىر	16
قايتارماي	قويدىڭ	16
زاۋقىم	جوق	12
زاۋقىم	سوقپاي	6
زاۋقىم	سوقپايدى	8
جۇرگەنى	جاقسى	14
جۇرگەنىڭ	جاقسى	14
قويمايمىن	عوي	16
راسىمىن	جولداپ	17
راسىمىن	جولداشى	10
قاۋىم	توي	19
قاۋىم	امانسىزدارما	13
جۇرگەنىڭدى	بىلەمىن	13
سۇرايتىن	ادام	13
دوپ	ويناپ	14
تارتپايدى	عوي	18
تارتپايدى	ەكەن	16
ويبىي	جانىم	14
سەندەردەن	باسقا	18
سەندەردەن	ۇيات	16
سەكە	اعا	9
ۇيتپەشى	جانىم	15
ۇيتپەشى	بولاما	7
ىستەدىڭ	عوي	12
ۇيىڭدى	تازالاپ	16
بارمادىڭ	عوي	19
ۇيدەرىڭ	قاي	14
ۇيدەرىڭ	قۇتتى	12
ۇيدەرىڭە	بارىپ	15
ۋاقتىم	جوق	17
ۋاقتىم	بار	6
كىسنىڭ	ۇيىندە	14
ەسىن	جيىپ	14
قوستىڭ	عوي	10
تويدان	كەيىن	21
تويدان	بۇرىن	45
تويدان	ەندى	42
تويدان	كەلىپ	38
تويدان	توي	23
تويدان	قايتىپ	12
تويدان	شىعىپ	34
تويدان	جاڭا	26
تويدان	تويعا	37
تويدان	شعىپ	26
تويدان	شىققان	45
تويدان	قالماي	40
تويدان	قايتقان	28
تويدان	قايتقاندا	43
دۇيىڭ	كورىپ	16
دۇيىڭ	كۇرىپ	10
بەرگىم	كەلىپ	15
بەرگىم	كەلەدى	9
بەرگىم	كەلمەيدى	8
اسىعىس	جوق	5
اسىعىس	بولىپ	14
جىندىما	نە	10
سۇيلەمەيدى	عوي	17
سۇيلەمەيدى	ەكەن	10
سۇيلەمەيدى	ەكەنسىڭ	17
شاقىرادى	عوي	15
شاقىرادى	دەپ	16
شاقىرادى	ەكەن	14
سويلەپتى	عوي	16
پالەن	جىل	16
پالەن	جىلدان	10
پالەن	كۇن	17
بتتى	عوي	16
تيمەيدى	عوي	9
تيمەيدى	ەكەن	13
باسڭدى	اۋىرتىپ	15
قىزىمەتكە	شىعىپ	13
تۇسىمدە	سەنى	10
تۇسەمىز	عوي	16
تۇسەمىز	دەپ	15
قانىڭ	از	16
قانىڭ	ازايىپ	16
اياپ	نە	14
اياپ	قايتەم	15
جولداستار	بولسا	15
جولداستار	بارما	15
باسىلماي	جاتىر	15
باسىلماي	تۇر	11
ەرىن	بوياق	17
ەرىنىپ	جاتىرمىن	10
ەرىنىپ	وتىرمىن	11
ەرىنىپ	تۇرمىن	13
كۇمىر	سالىپ	11
پاۋ	اتىپ	11
پاۋ	اتپاشى	8
كۇرمەگەن	ادام	13
كۇرمەگەن	سوڭ	17
قىزارىپ	كەتىپتى	12
ەرتەڭدە	كۇن	9
ۇيقتايسىڭ	عوي	12
ۇيقتايسىڭ	جانىم	17
سۇراق	سۇراپ	16
بىلمەگەن	ادام	16
بىلمەگەن	سوڭ	14
قارالا	سيىر	13
مەكتەپتىڭ	الدىندا	14
قۇيام	دەپ	11
ۇيقتامادىڭبا	جانىم	16
جارىلىپ	قالدى	15
بىرجەرگە	بارىپ	12
ىستەتە	بەر	16
ادامدىق	ماشينا	16
توپىراعى	تورقا	14
بىتپەي	جاتىر	15
بىتپەي	تۇر	8
بىتپەي	قالدى	18
قىلمادىم	عوي	17
ەتەدى	عوي	16
ەتەدى	ەكەن	13
قىزىن	الىپ	16
ماڭاي	تازالاپ	17
اۋا	رايى	14
اكەسىنىڭ	اتى	14
اكەسىنىڭ	باسى	14
وتىرسڭ	عوي	16
بەتىڭدى	جۋىپ	15
جاعالاي	سالەم	15
جاستا	تۇرعان	17
بالداي	تاتتى	15
بالداي	باتىپ	16
بالداي	بارماقتارىڭىزعا	12
سلتاۋ	ايتىپ	16
قوسىلماي	جاتىر	12
قوسىلماي	تۇر	15
قوسىلماي	قويدى	13
شۋ	شۋ	10
قورقامىن	عوي	17
ەبلايدە	جانىم	8
ۇيقتاعالى	جاتىر	13
ۇيقتاعالى	جاتىرمىن	14
ۇيقتاعالى	جاتىرمىز	5
قايتسام	بولدى	16
قايتسام	بولادى	11
ۇزىنى	مەتىر	17
سانشى	ايداپ	14
ويبۇي	جانىم	13
الگىنى	اتىپ	14
تۇسىنبەيسىڭ	عوي	16
قارايىن	دەپ	10
ۇيتسەڭ	مەن	16
ۇيتسەڭ	بولمايدى	17
قايتارامىن	عوي	16
قايتارامىن	دەپ	16
بالالى	بولىپ	14
تانمايمىن	عوي	15
يتتىڭ	بالاسى	10
ونبەس	كۇن	11
ونبەس	كۇندە	10
ساباعى	بار	2
ساباعىن	قاراپ	10
ساباعىن	قاراتىپ	16
قاتىرجان	بول	12
قاتىرجان	بولشى	8
اقشاڭىزدى	اتىپ	14
اقشاڭىزدى	قايتارىپ	12
دوقدىرعا	بارىپ	13
ءانشى	ەكەن	13
رەنجيمىن	جانىم	18
جىرت	بولىپ	17
جىرت	قوي	4
شارشاتىپ	جىبەردى	15
جاتار	ەدىم	13
جاتار	ورىن	10
جاتاردا	بىر	14
مەندەگى	قايداعى	9
سويلەدى	عوي	13
سويلەدى	دەپ	15
سويلەدىم	عوي	15
ستەيىن	دەپ	14
ستەيىن	دەسەم	6
ستەيىن	دەگەم	15
دەۋشى	ەدى	8
دەۋشى	ەدىم	8
دەۋشى	ەدىڭ	14
دەۋشى	مەدى	8
تانسقانما	قۋانىشتامىن	16
تانسقانما	قۋانشتامىن	2
ۇيقتايىم	دەپ	10
تماۋ	تيىپ	13
تاستاساڭ	بولدى	1
تاستاساڭ	بولادى	11
بالالارىڭ	جاقسىما	18
بالالارىڭ	بار	17
كەلۋ	كەرەك	15
الدىڭنان	شىعىپ	18
الدىڭنان	شىعام	16
جەتىنشى	ايدا	11
جەتىنشى	ايدىڭ	13
الداي	سال	16
ۇستالىپ	قالدىم	12
ۇستالىپ	قالما	17
كۇزگە	دەيىن	14
كۇزگە	ىلمەي	13
قاعازدى	الىپ	2
وزىنەن	وزى	15
وزىنەن	سۇرا	11
سويلەسەڭ	بولدى	17
سويلەسەڭ	بولمايما	13
ۇزىڭدىكى	بىرگە	10
سۇتى	بار	3
شارشايتىن	بولدىڭ	11
شارشايتىن	بولدىڭعوي	4
جەرىڭە	بارىپ	12
جەرىڭە	بالداي	13
بىراۋىز	سوز	14
بىراۋىز	سوزىڭ	14
بىراۋىز	سۇزىڭ	7
ەتەم	عوي	10
ۇياتاي	دەشى	14
جابا	سالدىم	12
جابا	سالدىڭ	17
بارار	ەدىم	16
ۇلگىرىپ	باراتىن	17
استىعا	تۇسىپ	16
داڭگاۋ	الىپ	13
اكەلەتىن	بولدى	14
اكەلەتىن	ادام	14
كىرىم	كەلىپ	15
داپ	دال	14
داپ	دايىن	15
داپ	دارداي	17
ديانشى	كورىپ	13
ديانشى	كۇرىپ	5
وزات	بول	17
وزات	بولسىن	16
وزات	وز	5
كەلىنشەگى	بار	11
قادىرى	جوق	16
قادىرىن	بىلمەي	5
دانگاۋ	الىپ	16
تابايىن	دەپ	14
كورۋ	كەرەك	14
كورۋ	ۇشىن	12
بەتىمە	قاراپ	11
بەتىمە	باسىپ	16
بەتىمە	ميانمو	15
بەرگىڭ	كەلىپ	16
بەرگىڭ	كەلەدى	11
بەرگىڭ	كەلمەي	17
بەرگىڭ	كەلسە	10
بەرگىڭ	كەلمەسە	16
جۇندەتىپ	جاتىرمىن	17
تىلى	اشتى	17
تىلىڭدى	الىپ	14
تىلىڭدى	تارتىپ	16
تىلىڭدى	الامىن	16
تۇسىنەسىڭ	عوي	16
ۇزڭدە	جاقسى	11
سوزدەردى	ايتىپ	18
سوزدەردى	جۋىپ	18
جەتەم	دەپ	12
كەلەما	دەپ	10
سەزىپ	تۇر	6
سەزىپ	تۇرمىن	14
كىرمەي	اق	15
سويلەيسىڭ	عوي	11
جۇرمەيدى	عوي	17
جۇرمەيدى	ەكەن	11
بارىمىزدە	سول	8
تاباسىڭ	عوي	14
جاعدايىن	ايتىپ	8
تەرىس	قاراپ	14
تەرىس	قاعىس	9
سۇيلەيتىن	ادام	9
سۇيلەيتىن	ۋاقىت	16
ءجون	ەكەن	16
يسى	شىعىپ	10
ستەرىڭ	ىلگەرى	5
قۇمىر	جاسى	10
باسىنان	باستاپ	14
مالمەن	قاربالاس	14
مالمەن	السىپ	11
مالمەن	الىسىپ	15
جۇرسىڭدەر	عوي	18
الاڭداماشى	جانىم	4
قسقا	بولىپ	14
جاقتىرماي	قالدىڭبا	6
جىگتىڭ	قايدا	16
جىگتىڭ	بارما	17
رەنجىسىپ	قالدىم	16
رەنجىسىپ	قالدىق	16
تولماي	جاتىر	13
تولماي	تۇر	12
جالاڭ	اياق	13
جالاڭ	قابات	10
شىقپايمىن	دەپ	15
جاقسلاپ	بىر	14
الاڭسز	بول	14
قايتپاي	تۇر	6
جالىندى	سالەم	17
ۋاقىتقا	دەيىن	6
ۋاقىتقا	قۇرمەت	6
ارەكەت	از	14
ارەكەت	جاساپ	11
قاعازى	بار	17
قاعازىن	الىپ	15
سۇيگەنىم	ۇشىن	14
سۇيگەنىم	مەنىڭ	18
بالالىق	شاق	16
بالالىق	قىلما	14
جەڭگەي	جان	15
وشىرە	سال	13
ارامىز	الستاپ	17
ارامىزدا	ەشتەمە	10
ارامىزدا	ەشقانداي	16
ءايبەت	ەكەن	4
تۇرساڭىز	بولاما	13
كەزىم	عوي	13
كەزىم	بولسا	14
قۇيادى	ەكەن	11
شاقىرايىن	دەپ	14
شاقىرايىن	دەسەم	9
شاقىرايىن	دەگەم	14
قىرتپا	بولدى	11
قىرتپاشى	ەي	14
قىزىعىن	كور	16
قىزىعىن	كورىپ	14
قىزىعىن	اسىرىپ	13
قۇدايدان	جەتسىن	13
قۇدايدان	جەتكىر	13
ورىنداپ	جاتىر	11
توعىزتاراۋ	اۋداننان	8
دەگەننەن	كەيىن	8
دەگەننەن	باسقا	8
كىيلى	سۇت	17
جۋام	دەپ	16
يۋانمەن	بىرىڭعاي	14
قورقاتىن	بولدىم	14
قورقاتىن	بولدىق	12
شىقپايتىن	بولدى	8
شىقپايتىن	بولىپ	16
سۇيكمدى	ەكەن	17
سۇيكمدى	بولىپ	16
سۇيكمدى	جانىم	17
قايتارشى	جانىم	10
قاسڭا	بارىپ	11
قابارلاسقام	جوق	14
راسىمدى	جولداپ	9
راسىمدى	ايتسام	14
پارشا	ساتىلادى	17
قويمايسىڭ	عوي	8
تابىلسا	جاقسى	15
تابىلسا	بولدى	15
توسپ	وتىرمىن	13
ياجىڭ	بەرىپ	13
ياجىڭ	اتىپ	12
جيىنى	يۋان	15
ەەجانىم	سول	10
اشىعىن	ايت	17
اشىعىن	ايتىپ	14
اشىعىن	ايتا	12
اشىعىن	ايتشى	17
كەستە	تىگىپ	11
قوشىم	جوق	9
قوشىم	كەتتى	6
قوشىم	كەتىپ	11
قوشىم	جاقپاي	12
ساعىنپ	كەتتىم	5
ساعىنپ	جۇرمىن	9
احۋال	جوق	17
احۋال	جاقسى	12
احۋال	جاقسىما	14
احۋال	بارما	14
جولدانىپ	كەتتى	11
جولدانىپ	كەتكەن	15
جولدانىپ	كەتىپتى	17
جولدانىپ	كەتپتى	7
توقتاي	تۇر	13
توقتاي	الماي	10
توقتايدى	دەپ	10
توقتايدى	ەكەن	12
ۋاقىتتى	مىقتى	13
نازىر	قابىل	12
كوردىك	قوي	14
سۇتىن	بەرىپ	15
بالاڭنىڭ	تۋىلعان	21
بالاڭنىڭ	باۋى	18
بالاڭنىڭ	جاسى	20
بالاڭنىڭ	وقۋى	13
كىرەم	دەپ	16
كەشەك	الىپ	15
ونان	كەيىن	13
ونان	سوڭ	7
ونان	ارى	9
دۇربىلجىن	اۋداننان	17
دۇربىلجىنگە	بىر	13
دۇربىلجىنگە	باراتىن	15
ايلعى	قانشا	13
ايلعى	جوعارى	16
بەرسەڭدە	بولادى	14
بەرسەڭدەر	بولدى	10
بەرسەڭدەر	بولادى	10
ءساتتى	بولسىن	18
بۇقا	ساتىلادى	4
كوڭىلىڭدى	كوتەرىپ	17
كوڭىلىڭدى	اۋىرتىپ	16
ساعاتقا	قاراپ	15
ساعاتقا	دەيىن	17
تۇپ	تۋرا	9
بالاسىنىڭ	تۋىلعان	18
بالاسىنىڭ	تويى	17
بالاسىنىڭ	سۇندەت	15
كەتتىڭبا	جانىم	14
بايقاشى	جانىم	16
قاربالاستىق	جوق	14
قاربالاستىق	اياقتادىما	16
ماشىنە	بارما	17
ماشىنە	ايداپ	16
كەلسن	بىرگە	16
شتەڭە	جوق	13
شتەڭە	ەتپەيدى	14
شتەڭە	ەتبەيدى	12
بالارعا	تاماق	17
سۇيىق	تاماق	11
سۇيىق	لايكا	15
شىنىن	ايتسام	16
شىنىن	ايتقاندا	7
شىنىن	ايتىپ	14
سۇراعاندا	جوق	11
پۇلىم	جوق	11
پۇلىم	بار	15
پۇلىم	جەتپەي	11
بەرۋگە	بولادى	10
كەلگەننەن	كەيىن	17
كەلگەننەن	بەرى	4
ونىڭدا	دۇرىس	14
ءوزدەرىڭ	نەعىپ	9
ءوزدەرىڭ	قالاي	16
ءوزدەرىڭ	امان	17
اقتاپ	جاتىرمىن	11
كۇڭىلسىز	بولىپ	16
كۇڭىلسىز	بولما	7
جونىن	ايتىپ	16
قىلمايدى	عوي	16
قىلمايدى	ەكەن	15
قانشامەن	اشىلادى	14
كۋايدي	بار	14
شعارا	الماي	15
پتىرىپ	ال	17
قارنىڭ	اشىپ	16
قارنىڭ	اشتى	8
قارنىڭ	اشقان	16
قارنىڭ	اشتىما	15
كوتەن	اسىپ	15
بارعامىز	جوق	12
وقۋدا	وزات	16
وقۋدا	ۇزات	2
بەرتىن	بولدى	12
قۇيرىق	ماي	14
شىعارام	عوي	5
شىعارام	دەپ	13
باللارعا	تاماق	13
باعىم	اقى	16
بەرمەدىم	عوي	10
وزىڭدىكى	بىرگە	12
جاتىق	قوي	12
كۇرىنىپ	تۇر	15
كۇيبىڭ	عوي	11
توستىم	عوي	10
دىبىس	جوق	8
ىزدەيدى	عوي	9
ىزدەيدى	ەكەن	12
تۇراما	دەپ	16
قالعانسىڭ	عوي	12
ءۇيگە	كەلىپ	12
ءۇيگە	بارىپ	13
قوسادى	عوي	16
قوسادى	ەكەن	17
جومىس	ستەپ	13
قويپسىڭ	عوي	10
جۋۋ	سۇيىقتىعى	9
بوتەلكە	اراق	16
بارالمايمىن	عوي	17
ۋقالاپ	بەرەيىن	12
ۇرساڭ	بولدى	16
ۇرساڭ	بولمايما	11
يەن	ۇيدە	16
يەن	جەرگە	13
يەن	دالادا	17
كەزىگەتىن	كۇن	17
كەزىگەتىن	وراي	17
كەزىگەتىن	ۋاقىت	15
ۇيقتاعام	جوق	13
ۇيقتاماپسىڭ	عوي	17
بويىم	اۋىرىپ	15
جىلاما	جانىم	15
جىلاما	بولدى	10
جاسار	ات	16
سىنىپ	قالدى	13
سىنىپ	قالعان	13
التايدىڭ	قاي	16
ۇيتبە	جانىم	16
وتىرىكشى	بولىپ	13
جولداسام	بولاما	18
ۇستايدى	عوي	16
ۇستايدى	ەكەن	16
قىلعىڭ	وسى	16
ۇيقتايتىن	ۋاقىت	15
توشپاي	جاتىر	13
توشپاي	تۇر	10
ۇقسايمىن	عوي	16
قايۇاقتا	كەلەسىڭ	15
قۇشايدى	عوي	9
باراتىندار	بولسا	17
باراتىندار	بارما	10
باراتىندار	قابارلاسىڭىزدار	9
جاراسادى	عوي	17
جاراسادى	ەكەن	14
كەمەيدى	ەكەن	10
دادام	سول	11
دادام	مەنىڭ	9
توبى	بار	17
توبى	بولسا	15
ميىن	جەپ	13
ميىندا	بار	9
ميىندا	بارما	3
جۇرگىم	جوق	18
جۇرگىم	كەلىپ	16
جۇرگىم	كەلەدى	16
جۇرگىم	كەلمەي	12
جۇرگىم	كەلمەيدى	12
جولاما	دەپ	14
جولاما	جولاما	16
ۇلاسسىن	ەكى	17
ۇلاسسىن	ماڭگى	20
اشىلدى	عوي	16
دەيسڭ	عوي	15
جەتسى	كۇنى	15
جەتسى	قاشان	14
ىڭعايى	جوق	14
ىڭعايى	بولماي	16
ىڭعايى	كەلمەي	9
ىڭعايى	كەلسە	16
ءالدە	تۇرت	12
شىنىمدى	ايتىپ	17
شىنىمدى	ايتسام	12
تۇككە	تۇرعىسىز	15
وننا	دەيىن	16
وننان	كەيىن	15
وننان	جوعارى	8
سزدەن	بولسىن	11
يدارادا	وتىرمىن	12
ارتىڭنان	ەرىپ	8
ەندگى	جولى	12
ەندگى	جىلى	11
ەستە	جوق	16
ەستە	ساقتاۋ	10
ەستەلىك	بولسىن	15
ەستەلىك	بولادى	16
اكەلەدى	عوي	17
اكەلەدى	دەپ	16
اكەلەدى	ەكەن	16
اياقتادى	عوي	11
مالىڭ	بار	17
مالىڭدى	جوندەپ	15
مالىڭدى	جۇندەپ	12
ەجارايدى	جاقسى	16
دەمەيمىن	عوي	16
قىلماشى	جانىم	17
قىلماشى	بولاما	16
قۇلاعى	تىلىك	15
قۇلاعى	ارتىنان	6
قۇلاعى	الدىنان	16
قۇلاعى	شورت	18
قۇلاعى	كەسىك	15
قۇلاعىم	سەندە	13
اۋىردىم	دەپ	17
شەيىن	دەپ	10
ۇزىنەن	ۇزى	16
ۇزىنەن	سۇرا	11
جيا	الماي	8
قالىپىن	عوي	9
ەبىلايدەڭىز	جارايدى	7
شەشەڭە	ايت	15
ورايدى	مىقتى	3
ورايدى	قولدان	13
كۇيدە	جوق	16
كۇيدە	بولاسىڭ	17
شۇلدەپ	كەتتىم	19
قىزمەتتەرىڭ	تابىستى	8
قىزمەتتەرىڭىز	تابىستى	3
توقسان	توعىز	13
الالماي	جاتىرمىن	14
الالماي	قالدىم	14
ۇتەدى	عوي	13
ۇتەدى	ەكەن	13
پىسىپ	كەتتى	9
زەرگىپ	كەتتىم	15
اۋرەلەپ	قويدىم	14
اۋرەلەپ	قويدىق	4
يەبولدى	جانىم	13
يەبولدى	وندا	18
ىشىڭدە	بولسىن	14
ىشىڭدەر	دەپ	7
دەدىك	قوي	14
ىلكەرى	بولسىن	7
ايتساق	بولادى	10
ايتساق	بولاما	15
ماعاشى	جوعارى	15
ۇلگىرمەي	قالدىم	5
بارلقتارىڭىزعا	راحىمەت	10
بارلقتارىڭىزعا	مەنەن	15
ۇيشىڭنان	جۋىپ	9
قيىنشىلىق	بولىپ	13
قيىنشىلىق	قوي	16
قشىپ	تۇر	17
قشىپ	تۇرما	13
يايا	ماقۇل	13
روزا	گۇل	14
شنبا	جانىم	14
جازدىرىپ	قويدىم	10
الدىراتىن	نارسە	13
الدىراتىن	زات	15
الدىراتىن	كىسىلەر	11
ازاپ	ەكەن	15
ازاپ	شەگىپ	17
شەگىنىپ	كەتتىم	15
شەگىنىپ	كەتەيىن	13
دەرەۇ	جۇرەتىن	15
ۇعىپ	ال	10
مازام	كەتتى	17
مازام	كەتىپ	12
مازامدى	الىپ	3
مازامدى	الما	7
مازامدى	الدى	15
مازامدى	الماشى	12
بولماشى	جانىم	15
بولماشى	بولاما	16
جانناتتا	بولسىن	13
جانناتتا	توپىراعى	5
شعايىق	دەپ	8
جاۋابىن	بەر	14
جاۋابىن	بەرە	14
جاۋابىن	بەرەيىن	14
قابادان	بولامىن	15
قابادان	التايعا	12
بالاسىڭ	عوي	15
بىلمەدىك	قوي	8
شاقىرپتى	ەكەن	12
شاقىرپتى	سوعان	16
ايتباساڭ	بولدى	16
ايتباساڭ	مەن	16
جولداساڭ	بولدى	14
جولداساڭ	بولاما	11
قابارلاستىم	عوي	10
سۇلۇ	قىز	15
باقىتى	بول	13
باقىتى	بولسىن	11
باقىتى	بولىڭدار	11
قارايسىڭ	عوي	2
تۇڭعىش	رەت	12
دەنىم	ساۋ	10
دەنىمىز	ساۋ	2
اۋلعا	قايتاتىن	11
قارىزدى	قايتارىپ	11
بىرتە	بىرتە	7
المايما	ەكەن	14
سوعايىن	دەپ	12
سوعايىن	دەسەم	16
سوعايىن	بولاما	16
شەكسىز	العىس	12
قىساپ	جاتىر	6
قولايلىما	جانىم	17
جاساماي	تۇرىپ	5
ىشەك	قارىن	11
ماناسقا	بىر	12
ماناسقا	باراتىن	17
ماناسقا	قۇلدايتىن	15
باسىلدىما	جانىم	17
وسنىڭ	بارىن	16
وسنىڭ	الدىندا	16
الدىعا	قاراي	11
ەركىڭ	عوي	14
ەركىڭ	وزىڭدە	15
ەركىڭ	بىلسىن	15
وتىرك	ايتىپ	15
ايدايمىن	عوي	9
ايدايمىن	دەپ	15
اۋىپ	كەتتى	13
باسىڭىز	امان	12
باسىڭىز	بوس	11
باستالادى	عوي	15
باستالادى	ەكەن	14
سوڭىنا	دەيىن	11
وقتىپ	جاتىرمىن	8
كەتۋ	كەرەك	10
كەتۋ	احۋالى	13
اۋزىم	بارماي	11
بيىكتەردەن	كورىنە	18
بيىكتەردەن	كورىنسىن	2
ەمەسىڭ	عوي	8
قازاقتىڭ	قارا	16
تويىن	جاساپ	38
قالپىنا	كەلتىرۋ	15
قالپىنا	كەلەدى	15
زاتىم	بار	12
زاتىم	الى	13
دەيمىز	عوي	12
جۇرسىز	عوي	15
بارالمايتىن	بولدىم	13
بارالمايتىن	بولدىق	5
بارالمايتىن	سياقتىمىن	15
ۇرامىن	دەپ	16
ۇرامىن	جانىم	14
تۇكتەن	تۇك	14
كەشتەرىڭ	كوڭىلدى	15
كەشتەرىڭ	كۇڭىلدى	2
شىم	اۋىرىپ	16
تىشىپ	وتىرمىن	17
تابامىن	عوي	13
تابامىن	دەپ	12
ونىسى	نەسى	16
ەلىم	قىزاي	18
ەلىم	البان	12
ەلىم	نايمان	17
ايىنا	قانشا	14
ايىنا	مىڭ	16
سيرعا	جەم	16
بلمەدىم	عوي	15
بوسادا	بولادى	12
توبەدەگى	كىسى	7
توبەدەگى	كسى	7
جانتالاسىپ	جاتىرمىن	11
قاندىما	جانىم	16
شىدايمىن	عوي	12
شىدايمىن	جانىم	9
سىمبات	كيىم	6
گۇلدىڭ	ۇرىعى	14
گۇلدىڭ	ۇرىعىن	14
كيىمدى	كيىپ	6
قانشالىقتى	جاقسى	14
قاشىق	بولىپ	15
اينىپ	تۇر	13
ايالاپ	وتەمىن	17
بەرپتى	عوي	14
ەكەۋىڭە	نە	5
نەشەۋ	بار	14
پۇلىڭ	بولسا	12
پۇلىڭ	بارما	15
پۇلىڭدى	اتىپ	12
رەنجيدى	عوي	14
رەنجيدى	ەكەن	11
دەرت	بولىپ	3
دەرت	بەرمەسىن	14
تارتتىڭ	جول	20
شارشايسىڭ	عوي	15
جەيىن	دەپ	11
جەيىن	دەسەم	7
كۇڭىلىڭە	راحىمەت	16
كۇڭىلىڭە	الما	11
باركولدەن	قۇمىلعا	16
باركولدەن	سارشوقىعا	10
باركولدەن	كولبويىنا	14
باركولدەن	ۇرىمجىگە	13
قۇرعان	شۇنىڭ	13
جاقسىلىقتار	بولسىن	9
سوتتى	بولىپ	15
سوتتى	بوپ	10
جەرىمدى	جاقسى	14
جەرىمدى	ساعىندىڭ	16
اشۋىڭ	كەلىپ	17
دۇكەندى	اشىپ	15
شقساڭ	بولدى	14
جاۋعان	جوق	17
باردە	جاقسى	16
ۇناماي	جاتىر	12
ۇناماي	تۇر	15
ۇناماي	قويدى	14
بەلىڭ	قانداي	12
بەلىڭ	اۋىرىپ	10
كەتتىپ	قالدى	15
كەتتىپ	قالدىم	15
الدڭعى	كۇنى	9
الدڭعى	جولى	11
سۇيلەدىم	عوي	15
ايكىس	كەدەيىن	7
جايناپ	جۇرە	14
اتاتىن	بولدى	6
ءوشىرىپ	تاستا	14
بولمايسىڭ	عوي	15
ۇيتبەشى	جانىم	10
ۇيتبەشى	بولاما	7
ۇلەتىن	بولدىم	12
نەعىلدىم	ساعان	17
زاتىن	الىپ	12
شتىم	جانىم	14
وزڭدى	جولداشى	16
سۇزدەردى	جۋىپ	4
سۇندەت	توي	16
سۇندەت	تويى	31
سۇندەت	تويعا	4
سۇندەت	تويىن	13
سۇندەت	تويىنا	36
سۇندەت	جەڭىل	33
سۇندەت	سىرعا	35
تانسۋعا	بولاما	12
تانسۋعا	بولارمەكەن	5
تانسۋعا	بولارما	9
ىستەمەيمىن	دەپ	15
باسلىپ	كەتتى	14
باسلىپ	قالدى	16
باسلىپ	كەتپتى	11
جەتكىزسىن	جانىم	7
دايارلاپ	قوي	15
كورسەتشى	جانىم	13
ويلامادىم	عوي	13
جولدارىڭىز	بولسىن	15
جۇرەگىمدە	سەن	14
شاماڭ	كەلمەي	16
شاماڭ	كەلسە	13
كۇڭلىم	قالدى	16
كۇڭلىم	بىر	13
نەعىلادى	ەكەن	13
جوقبىن	عوي	10
باستاي	بەر	15
باستايدى	عوي	11
باستايدى	ەكەن	17
شداي	تۇر	15
شداي	الماي	16
جەمەيمىن	عوي	15
رولى	بار	15
بىلپ	تۇرىپ	8
قىنبات	ەكەن	14
ۇلدى	عوي	12
جيىنعا	كىرىپ	15
اكەلەم	دەپ	6
اكەلەم	دەيدى	10
ەجانىم	سول	14
ساربۇلاققا	بىر	6
بولساشى	دەپ	16
ماۇباس	سول	16
بىراپتا	بولدى	3
بارماعان	سوڭ	15
تاماىق	ىشىپ	16
مىنەزى	جاقسى	10
مىنەزى	جامان	16
قسلىپ	تۇرمىن	15
گۇلدەي	جايناپ	13
گۇلدەي	قۇلپىرىپ	6
ساۋلىعى	جاقسىما	14
ساۋلىعى	مىقتى	8
ساۋلىعىڭ	قالاي	7
ساۋلىعىڭ	جاقسىما	13
ساۋلىعىڭ	مىقتى	5
ۇيقىڭدى	قاندىر	12
ۇيقىڭدى	قاندىرىپ	13
تۇسنبەي	قالدىم	16
ۇرماي	جاتىر	14
ۇرماي	تۇر	11
قۇدايعا	راس	15
قۇدايعا	شۇكىر	10
قۇدايعا	ۇشكىر	11
كەتپەسە	بولدى	13
شاڭىراق	باس	8
اڭگىمەلەسەيىك	بولاما	14
ۇشكە	دەيىن	11
قۇدانىڭ	ۇيىنە	18
سۇرادىڭ	عوي	13
كۇبەيىپ	كەتتى	15
كوركەم	جوق	16
مانسى	جوق	13
مانسى	بار	4
تانسا	وتىرايىق	10
كوپتەن	كوپ	13
كوپتەن	بەرى	6
سۇراپتى	عوي	5
ءتۇن	تىنىشتىعىن	16
جازام	دەپ	14
بۇلاما	جانىم	7
تۇماۇ	تيىپ	15
تىلەكتەرىڭىزگە	راحىمەت	2
تىلەكتەرىڭىزگە	كوپ	13
الايىنشى	دەپ	11
ۇرپاق	ۇشىن	14
جىلايدى	عوي	7
جىلايدى	ەكەن	13
شىعاردى	عوي	13
جۇمىستارمەن	قاربالاس	16
جۇمىستارمەن	جۇرمىن	10
تاپسام	بولدى	15
قاۋىڭدى	جولداپ	10
قاۋىڭدى	جولداشى	9
قاۋىڭدى	بەرشى	5
تۇسكەم	جوق	14
تاستايتىن	بولدى	13
تاستايتىن	شىعار	15
تاستايتىن	ەدىم	14
شقپايدى	عوي	13
شقپايدى	ەكەن	12
جاناشىر	جاقىندارىم	11
جاناشىر	تۋىس	17
سۇيەتىن	ادام	11
شكەن	جوق	6
قالدما	دەپ	15
بەرەين	دەپ	15
جەردىكى	ەكەن	12
باستاعان	جوق	10
ايتقامىن	عوي	10
ايتقامىن	جوق	13
سۇمەن	نەعىپ	9
سۇيلەيسىڭ	عوي	17
دياندۇڭشى	مەن	4
بويلاق	قوي	8
كىستەر	بولسا	13
قاقباس	سول	8
جاناتتا	بولسىن	16
جاناتتا	توپىراعى	3
بارمايمىز	عوي	16
بارمايمىز	دەپ	17
بارمايمىز	دەيدى	13
كوزىمدى	جۋىپ	15
كوزىمدى	جۇمىپ	11
قيالي	بولىپ	14
سۇيكىمسىز	سول	11
وتەتىن	بولدى	11
التىنم	سول	8
التىنم	مەنىڭ	8
قاسنا	بارىپ	16
كىمدىكى	ەكەن	16
شۇنىڭ	قۇتتى	4
تانىستىرىپ	قوي	15
تانىستىرىپ	قويايىن	16
تانىستىرىپ	قويشى	15
تۇبىنە	دەيىن	15
دۋماندى	بولسىن	18
قۇدايدىڭ	ايتى	3
قۇدايدىڭ	ايتىندا	15
ايتتم	عوي	10
دەمالاعوي	جانىم	12
بولساڭىزدار	بولدى	7
بولساڭىزدار	قابارلاسىڭىزدار	14
سۇرايسىڭ	عوي	14
ىزدەيىن	دەپ	8
جەجەمنىڭ	ۇيىنە	5
جەجەمنىڭ	ۇيىندە	15
قايىران	كۇندەر	5
جاتتاپ	ال	14
جەتكىزە	الماي	13
جەتكىزە	المايمىن	6
ءوزىڭدە	جاقسى	13
توركىن	جاققا	12
توركىنگە	بارىپ	10
مۇزداپ	كەتتىم	15
مۇزداپ	تۇراتىن	16
ءجاي	بولىپ	15
سۇنمەن	نەعىپ	7
رازىمىن	عوي	16
رازىمىن	جانىم	15
ايتقانم	عوي	10
ايتقانمەن	بەكەر	6
ۇقبادىم	عوي	16
جاۋادى	دەپ	16
جاۋادى	ەكەن	11
جاۋادى	دەيدى	10
اڭكىمە	ايتىپ	11
ساۋبول	ساۋبول	18
تەزرەك	ساقايىپ	11
تارى	تالقان	8
نىلقىدان	قۇلجاعا	10
ۇلدىم	عوي	17
ۇرايىنبا	جانىم	11
بۇيرەك	قۋاتتاۋ	14
بۇيرەك	السىزدىك	14
ساۋىعىپ	كەت	15
ساۋىعىپ	كەتسىن	12
قولما	قول	11
زاڭعا	قايشى	2
ۇرمادى	عوي	12
تاماقتارىن	ىشىپ	5
تاماقتارىن	بەرىپ	16
قاسىڭداعى	كىم	17
جەمەيدى	ەكەن	14
جەمەك	الىپ	12
جەمەك	دۇكەنى	13
جاعدايدى	ايتىپ	1
دەمەيدى	عوي	15
سۇيلەسەڭ	بولدى	15
سۇيلەسەڭ	بولمايما	13
شقان	جوق	15
شقان	سوڭ	14
دايىندىعى	دەپ	13
سۇيتسەڭ	بولدى	11
سۇيتسەڭ	بولادى	8
جۇا	سال	12
جۇاس	بايقۇس	12
وقىتىپ	جاتىر	13
وقىتىپ	جاتىرمىن	14
بارعاننان	كەيىن	13
قويامبا	دەپ	13
يداراعا	كەلىپ	15
يداراعا	بارىپ	14
قورعاستان	قۇلجاعا	16
سۇراستىرىپ	جاتىرمىن	13
سۇراستىرىپ	كورەيىن	13
دوربىلجىنگە	بىر	15
دوربىلجىنگە	باراتىن	14
اتاپ	قويدىق	15
قايتامبا	دەپ	13
قايتامبا	دەگەم	5
قۇلشىن	جانىم	4
قىلايىق	دەپ	16
بەرۋشى	ەدى	16
بەرۋشى	ەدىم	12
بەرۋشى	ەدىڭ	7
كورەسىڭبە	جانىم	12
ەسەبىن	جاساپ	16
گەتتى	عوي	8
كەلسەڭىز	بولدى	1
كەتبەيدى	عوي	14
كەتبەيدى	ەكەن	12
قاپتىم	عوي	15
باياندى	بولسىن	3
باياندى	باقىت	7
نانىن	پىسىرىپ	11
نانىن	پسىرىپ	14
ايتباياق	قوي	15
ايتباياق	قويايىن	5
بەرمەيمە	ەكەن	13
قوسىلمايدى	عوي	11
قوسىلمايدى	ەكەن	15
تۇسىنسەڭ	بولدى	13
بەرڭدەر	جگتتەر	11
تانىمادىم	عوي	17
كەۋدە	كيىم	6
قۇشاقتاعىم	كەلىپ	11
قۇشاقتاعىم	كەلدى	3
قۇشاقتاعىم	كەپ	14
جاپاشەكتىڭ	عوي	14
جاپاشەكتىڭ	جانىم	16
كەڭىپ	قالدىم	15
كەڭىپ	قالاسىڭ	14
بەتتەن	كەلگەن	14
مالدارىڭ	تۋىپ	14
توبىنا	جولداپ	14
توبىنا	قوسىپ	14
العىڭ	كەلىپ	15
العىڭ	كەلەدى	10
العىڭ	كەلسە	16
العىڭ	كەلمەسە	14
العىڭ	كەلمەي	10
الڭدار	دەپ	14
قابارلاسامىن	عوي	4
سۇلۋلىق	سيلاسىن	10
تيڭجي	بولىپ	7
ۇرمجگە	بارىپ	10
سەيسەنبى	كۇنى	14
تۇسىنبەيدى	عوي	14
تۇسىنبەيدى	ەكەن	14
تۇسىنبەيدى	ەكەنسىڭ	16
قاتىرادى	ەكەن	11
سرتتا	جۇرمىن	15
بايعا	تيىپ	14
جاڭەرەكتە	كەلدىم	13
تانستىرىپ	قوي	7
تانستىرىپ	قويايىن	15
بولمايمىن	عوي	16
بارۋ	كەرەك	16
بارۋ	ۇشىن	8
سالىڭىزدار	راحىمەت	11
ۇاعالايكۇم	اسسالام	10
اقۋال	جوق	14
اقۋال	جاقسىما	7
ءماندى	ءومىر	7
كۇرمەيدى	ەكەنسىڭ	1
جىبەرەم	عوي	9
اۋزىنا	كەلگەنىن	16
اۋزىنا	قاراپ	5
كۇندەي	بولدى	12
بولعانىڭ	جاقسى	13
قاتاڭ	بولىپ	5
ىزدەگەن	ادام	15
ساتايىن	دەپ	11
ساتايىن	دەسەم	6
ساتايىن	دەگەم	13
بىلەسىز	عوي	5
تاماقتىڭ	اقشاسىن	11
كوتەك	اي	15
باعىنا	ەشكىم	14
سۇيگىم	كەلىپ	14
سۇيگىم	كەلدى	3
سۇيگىم	كەپ	16
اۋزىڭا	يە	16
اۋزىڭا	ماي	16
كورنىپ	تۇر	8
قالىق	ۇشىن	15
شاقىرساڭ	بولمايما	13
ۇقتڭبا	الباستى	11
بالاڭىز	بار	17
ايتىڭبا	نە	15
كەتتىڭدەر	عوي	13
شاۋەشەككە	باراتىن	17
شاۋەشەككە	بارىپ	17
بانكەگە	بارىپ	11
ايتبادىڭ	عوي	2
سالساڭىز	بولدى	6
ايتىلعان	سوز	14
ايتىلعان	سۇز	17
ايتىلعان	ءسوز	17
ولىمگە	بارىپ	12
اياعىنا	دەيىن	15
قويمادى	عوي	8
قويمادىڭ	عوي	9
دوحتىرحاناعا	بارىپ	12
جوسپار	قۇرىپ	14
جاتسىن	دەپ	8
قوناقتار	بار	8
قوناقتار	كەلىپ	17
قىلىعىڭ	وسى	13
تابىلمايدى	عوي	3
تابىلمايدى	ەكەن	8
سوزىڭە	قاراي	15
كەلسەڭدە	بولادى	14
كەلسەڭدەر	بولدى	16
كەلسەڭدەر	جاقسى	10
قۇلازىپ	تۇرمىن	10
ىستەيىك	دەپ	13
قوسقام	جوق	8
ۇرعام	جوق	14
دەمالامىن	عوي	13
شانجىڭ	بار	8
اۋردى	دەپ	10
جاسايىق	دەپ	16
جىبەرەتىن	نارسە	16
ەرلى	زايىپتى	5
ەرلى	زايپتى	11
ەرلى	زايىپتىلار	5
جاسامايمىن	دەپ	6
كەتكەنسىڭ	عوي	14
ۇيلى	جان	10
ۇيلى	جاندار	8
ۇيلى	باراندى	10
بىرەۋىڭ	بار	11
دەمالعان	كۇنى	13
بارساڭدا	بولادى	12
ساتىلىك	بولسىن	14
ساتىلىك	تىلەيمىن	9
قۇتىلا	الماي	15
قۇتىلا	المايسىڭ	3
راقات	ەكەن	12
ەستىلمەي	تۇر	15
ەستىلمەي	قالدى	14
ەستىلمەي	قالىپتى	16
ەستىلمەي	جاتىر	8
ساپاسىنا	كەپىلدىك	12
دەىم	ال	12
دەىم	الىپ	13
قىيماي	تۇرمىن	13
زيانى	جوق	13
كورسەتەيىن	دەپ	15
بەتىڭە	قاراپ	14
بەتىڭە	ايتايىن	14
شىندىقتى	ايتىپ	14
قوسسام	بولاما	11
ەكىدەن	كەيىن	9
دەپپىن	عوي	16
بوپانىڭ	باۋى	8
ۇڭاي	ەمەس	12
كۇرنىپ	تۇر	4
قانىن	ىشىپ	15
قۇمعا	تۇسىپ	15
موريدان	شونجىعا	11
موريدان	بوستانعا	14
تەكسەرەدى	ەكەن	15
قاشادى	عوي	12
قاشادى	ەكەن	14
سۇيتەمىن	عوي	13
ادامىم	جوق	11
ادامىم	بار	12
ىشتىڭبا	جانىم	17
ۇيلەنىپ	ال	9
ۇيلەنىپ	العان	17
ورتايماس	باقىت	10
تۇگى	جوق	5
تۇگى	تۇگەپ	12
توگى	بىتىپ	16
توگى	تۇگەپ	16
شىعىڭدار	دەپ	10
ماشينەگە	ماي	16
شارۋاسى	بار	9
تسىم	اۋىرىپ	10
تسىم	قاقساپ	11
جۋامىن	دەپ	15
ايتقىڭ	كەلىپ	13
ايتقىڭ	كەلمەي	13
ايتقىڭ	كەلسە	12
ايتقىڭ	كەلمەسە	14
بىزدىكىنە	كەلىپ	15
جىبەرەدى	عوي	11
جىبەرەدى	ەكەن	14
سالسىن	دەيدى	11
بالارىڭ	جاقسىما	15
قىزىمنىڭ	تۋىلعان	10
تەلەپونعا	قاراي	13
قىلمايمىن	جانىم	12
سوندايما	دەپ	15
قۋاتتاپ	جاتقاندارىڭىزعا	11
كوزىڭدى	اشىپ	15
كوزىڭدى	جۇمىپ	14
پول	جوق	12
كوتەرەدى	ەكەن	14
تۇسپەيدى	ەكەن	7
شىعارايىن	دەپ	7
شىعارايىن	دەسەم	9
ەستىمەي	قالىپپىن	6
جەسىن	دەپ	2
قارىزدار	بولىپ	13
قارىزدار	ەمەسپىن	11
ونەرى	ۇستەم	12
ونەرىڭ	ۇستەم	4
تەلەفونم	توقتاپ	1
تەلەفونمدى	اشىپ	8
ۇتپەي	جاتىر	16
ۇتپەي	قالدىم	14
تاربيە	بەرىپ	14
ەرنىپ	جاتىرمىن	12
ەرنىپ	تۇرمىن	10
ۇدان	كەيىن	4
ساتامىن	دەپ	15
اپاردىم	عوي	11
قانشاۋ	بار	10
جاقىننان	بەرى	16
ۇيشڭى	جوق	13
ۇيشڭى	بار	10
ۇيشڭى	بارما	9
ۇيشڭىن	اتىپ	14
العاننان	كەيىن	10
قالىپتىم	عوي	1
ىشنە	كىرىپ	14
ۇنداي	ەمەس	13
كۇتىم	جاقسى	14
كۇتىم	سۇرتەيىن	12
بوپتتى	ەكەن	15
جىلدىكى	بولدىڭ	12
جىلدىكى	بولدىڭىز	9
جىلدىكى	بولاسىڭ	12
كەتتمە	دەپ	13
ايتساڭىز	بولدى	7
ايتساڭىز	بولمايما	10
شايشىپ	وتىرمىن	11
ونسى	نەسى	13
بەرەمبە	دەپ	15
شەدى	عوي	14
شەدى	ەكەن	14
بۇتەن	ادام	14
بۇتەن	ويىم	13
جازىلعان	سوڭ	4
شىعالماي	جاتىرمىن	11
شىعالماي	قالدىم	12
سەندەرمەن	بىرگە	8
قىلشى	جانىم	6
تابىلىپ	قالار	12
ماڭكى	باقتتى	16
وقشايسىڭ	عوي	8
وحاسى	جوق	15
سولارمەن	بىرگە	9
سىرتا	جۇرمىن	12
ەركشە	جاقسى	14
ىستەمەيدى	ەكەن	8
تۇرعانىم	جوق	15
كورىنبەيدى	عوي	9
كورىنبەيدى	ەكەن	7
قاربالاسسىڭ	عوي	14
قاربالاسسىڭبا	جانىم	10
جۋاسىڭ	عوي	14
ىرىس	دەگەن	13
داۋا	جوق	11
دۇرەدەن	اۋدانعا	14
ءالەم	بولىپ	14
كەشتەرىڭىز	كوڭىلدى	12
كەشتەرىڭىز	كۇڭىلدى	2
قۇيساڭ	بولدى	6
تويشىل	قاۋىم	16
تەرس	قاراپ	12
اۋىرپ	تۇر	9
ميىڭدا	بار	3
ميىڭدا	بارما	10
قولىمدا	ناق	15
جىبەرسەڭ	بولدى	14
الدىرايىن	دەپ	13
الدىرايىن	دەگەم	7
ارالاسا	بەر	12
توكتى	جاعىپ	12
توكتى	وشىرىپ	15
ياحشىمۇ	جالاڭ	8
ۇزاپ	كەتتى	13
ۇزاپ	كەتسە	14
ايتبايدى	عوي	14
سۇتتىڭ	اقشاسى	8
سۇتتىڭ	اقشاسىن	9
سۇتتىڭ	پۇلى	10
سۇتتىڭ	پۇلىن	14
بالالارىم	بار	11
ەدىڭدەر	عوي	15
قورىقپا	جانىم	16
بىلەمىز	عوي	14
ايتۋشى	ەدى	4
ايتۋشى	ەدىم	12
ايتۋشى	بولما	11
ايتۋشى	ەدىڭ	12
كورگەندەي	امان	8
ۇندەمەدى	عوي	15
جازادى	ەكەن	15
يمانى	جولداس	10
وتىرعىزىپ	قويىپ	11
كۇڭىلىن	سۇراپ	14
اپەكەمنىڭ	ۇيىنە	14
اپەكەمنىڭ	ۇيىندە	17
اپەكەمنىڭ	بالاسى	13
دەيسىز	عوي	11
ۋاقىتىڭدى	شىعارىپ	1
ۋاقىتىڭدى	المايىن	13
قۋزاپ	جاتىر	14
قالجىڭدايمىن	جانىم	9
جەڭىلدەپ	قالدىم	13
سناۋ	بەرىپ	14
جايىن	تەلەفوندا	13
جايىندا	قالدى	14
اۋىراتىن	بولدى	13
تابۋ	كەرەك	8
تابۋ	قيىن	12
تابۋ	وڭاي	10
ىستەرىڭىزگە	ساتتىلىك	2
اراقكەش	بولىپ	11
سۇلۋىم	مەنىڭ	13
ۇشىرە	سال	7
ەكەۋمىزدىڭ	ارامىزدا	11
توشتى	عوي	12
سالەمدەرىڭىز	قابىل	7
قولدارىڭىزدى	سوزىپ	11
كوتىم	سۇرتەيىن	10
باسام	دەپ	8
تاڭەرتەن	ەرتە	7
ىشبەيمىن	دەپ	11
كۇركەن	جوق	13
كۇركەن	سوڭ	15
سالساق	بولدى	9
سالساق	بولادى	15
بىرساعات	بولدى	15
اسىلىم	مەنىڭ	1
تاتەمدى	الىپ	11
ويناعىم	كەلىپ	12
ەكىگە	دەيىن	8
يماندى	بولسىن	7
اشىلعان	جوق	14
شونجىدان	ۇرىمجىگە	15
شونجىدان	موريعا	16
شونجىدان	اۋىلعا	14
سۋدا	جوق	14
موتاعا	ماي	15
بارعىڭ	كەلىپ	17
بارعىڭ	كەلمەي	8
بارعىڭ	كەلسە	14
بارعىڭ	كەلمەسە	10
قارىزى	بار	14
قارىزىن	قايتارىپ	8
سەزىمىڭ	كۇشتى	15
اشسام	بولاما	12
ىستەگەلى	جاتىرمىن	14
دايىندىعىن	كورىپ	4
ۇلگىرە	الماي	10
ۇلگىرە	المايتىن	5
ارجاققا	بارىپ	10
قارىمدى	بولسىن	13
قولتىق	اتىر	2
تۇنگە	شىعىپ	9
تۇنگە	دەيىن	14
سەنبەيدى	ەكەنسىڭ	10
جۇتەلىپ	جاتىر	8
قاراستىرىپ	جاتىرمىن	12
قاراستىرىپ	كورەيىن	12
وقسامايدى	عوي	14
وقسامايدى	ەكەن	11
تىلىمدى	ال	15
تىلىمدى	الىپ	15
تىلىمدى	الساڭ	14
تىلىمدى	الشى	14
اۋاشا	جۇر	13
سوعادى	عوي	15
سوعادى	ەكەن	15
اياقتاپ	كەتتى	3
عاشىعىم	مەنىڭ	14
عاشىعىم	سول	13
بەرەما	دەپ	2
دەنساۇلىق	قالاي	13
بۇيىرىق	بولىپ	10
بۇيىرىق	بولسا	16
بۇيىرىق	بىلەدى	12
بتكەن	جوق	15
بتكەن	سوڭ	13
سۋمەن	جۋىپ	13
وتسە	بولدى	11
ەزىلىپ	كەتتى	15
ەزىلىپ	كەتەدى	11
ەزىلىپ	تۇر	14
بەرسەدە	بولادى	11
كەتەما	دەپ	12
نەمدى	بەرەم	12
نەمدى	ايايىن	14
لاقتى	ەشكى	14
قۇلپى	سالىپ	13
قۇلپىرىپ	جۇرە	9
قۇلپىرىپ	الىپسىڭ	10
قۇلپىرىپ	كەتىپسىڭ	12
ناماز	وقىپ	15
نامازعا	بارىپ	12
نامازعا	باراتىن	14
جۇرگەنىم	جاقسى	14
كورمەيتىن	ادام	6
كەتكەنى	جاقسى	14
كەتكەنى	نەسى	11
كەتكەنىن	بىلمەي	15
قىزىقسىڭ	عوي	8
ساعىنام	عوي	15
ساعىنام	جانىم	9
ولگەلى	جاتىرمىن	4
ايتتارڭ	قابىل	12
ايتتارڭ	قابل	3
ايتتارڭىز	قابىل	10
دەنساۋلعى	جاقسى	14
دەنساۋلعى	مىقتى	13
دەنساۋلعى	جاقسما	9
دەنساۋلعىڭ	جاقسىما	11
دەنساۋلعىڭ	مىقتى	7
دەنساۋلىققا	كوڭىل	13
دەنساۋلىققا	زيان	8
دەنساۋلىققا	پايدالى	11
سالىت	باس	14
ۇندەمەيدى	عوي	4
بولىپسىڭ	عوي	16
ءجۇر	ەكەن	16
ءجۇر	عوي	10
سويلەمەيتىن	بولىپ	16
سويلەمەيتىن	بولدىڭ	10
قۇڭباۋدى	الىپ	14
بۇرىنان	بەرى	15
سويلەمەدى	عوي	13
سويلەمەدىم	عوي	10
كەمەدى	عوي	3
بوعان	سوڭ	13
زورلىق	جوق	11
قايتۋ	كەرەك	5
ماشينامدى	ايداپ	13
دامىن	تاتىپ	12
اعارىپ	اتقان	9
ورىك	گۇل	12
ورىك	گۇلگە	13
قايتقام	جوق	15
شايىم	بار	12
ۇردىڭ	عوي	14
جۇرۋ	كەرەك	14
جاسىن	بەرسىن	15
جاسىن	سۇرامايدى	11
اكەت	دەپ	3
اكەتىپ	بارا	10
الاين	دەپ	6
قىزمەتتەن	تۇسىپ	15
قىزمەتتەن	تۇسكەن	12
كادىر	تاڭ	14
كادىر	تۇن	12
ۇرىمجگە	بارىپ	13
ورنىما	ادام	8
اۋىلى	الىس	12
جەمەنەيگە	قايتاتىن	13
قورقىنشتى	عوي	8
قورقىنشتى	ەكەن	15
جۇمىستارىڭدى	ىستەپ	13
جۇمىستارىڭدى	بىتىرىپ	13
جاتقامىن	جوق	15
ۇيقىسى	كەلىپ	13
قۇسقىم	كەلىپ	14
قۇسقىم	كەلەدى	3
قۇسقىم	كەپ	14
باستادى	عوي	4
قاشاننان	بەرى	15
قاشاننان	باستاپ	3
جازايىن	دەپ	11
جازايىن	دەسەم	12
زارلاپ	جاتىر	11
ۇياتتى	بولىپ	15
تىنشتىق	جوق	14
ەتىڭ	عوي	14
ايتارىمدى	ايتىپ	7
ايتارىمدى	بىلمەي	9
قۇرقىپ	تۇرمىن	15
قىسىم	بولىپ	5
شاماسى	جوق	9
شاماسى	كەلمەي	12
سۇيتەمىز	عوي	13
اپارامىز	دەپ	9
تيەتىن	بولدى	10
ماقۇلما	جانىم	12
پورت	ويناپ	9
كورسەك	بولادى	11
بۇيىرعان	كۇنى	14
اگىڭ	قايدا	3
كۇزەت	بولسىن	8
رەنجسىپ	قالدىم	14
قاربالاسپىن	دەپ	10
بىلەتىندەرىڭىز	بارما	14
بىلەتىندەرىڭىز	جولداپ	13
تۇسىڭە	كىرىپ	14
جولدامادىڭ	عوي	13
ۇمىتا	الماي	12
ۇمىتا	المايمىن	10
كورەيىنشى	جانىم	6
كەلمەيمىن	دەپ	14
كەلمەيمىن	دەيدى	11
تورتەۋ	تۇگەل	15
سىرماق	تىگىپ	6
الاڭدايمىن	عوي	14
الاڭدايمىن	جانىم	13
قالاسىڭبا	دەپ	15
اتاڭنىڭ	باسى	10
قاتسىم	جوق	15
تاقاپ	تۇرىپ	13
جاتشى	جانىم	12
كاۋاپ	جەپ	16
كاۋاپ	قاقتاپ	14
يلايىم	سولاي	13
نارسەڭدى	الىپ	15
قۇران	وقىپ	11
قۇران	وقتىپ	10
قۇران	وقىتىپ	15
شامدانىپ	وتىرسىڭ	14
ۇيقىنى	قاندىرىپ	11
دۇكەنىڭ	قاي	6
جولداپتى	عوي	12
قىسلىپ	قالدىم	13
قىسلىپ	تۇرمىن	15
كۇنىڭدى	وتكىزىپ	6
وتىرشى	جانىم	14
وردا	بولسىن	15
قويماسا	بولدى	9
شاكۇرتىگە	باراتىن	12
وكپەلەپ	قالدىم	12
وكپەلەپ	قالدىڭبا	15
پارتيا	مۇشەسى	10
پارتيا	مۇشەلەرى	16
ءوزىمدى	ءوزىم	7
باعايىن	دەپ	14
تاستايىق	دەپ	11
ەستىمەدىم	عوي	7
السادا	بولادى	12
كەلمەپتى	عوي	8
تۇسبەي	تۇر	11
تۇرۋ	كەرەك	8
اقرىن	اقرىن	14
توقتامايدى	ەكەن	12
حانزۋشا	جازىپ	15
ساۋداسى	جاقسى	5
ساۋداسى	كۇسەت	12
گۇشتى	عوي	1
گۇشتى	ەكەن	14
جىرما	سوم	8
كەزىكپەي	قويدىڭ	16
ازاماتتىق	كۋالىك	14
جورعا	ات	8
تۇرعىم	جوق	16
تۇرعىم	كەلمەي	12
تۇرعىم	كەلمەيدى	5
بىلگەم	جوق	13
مايلى	بولسىن	10
ەلەپ	ەسكەرىپ	10
كەتكەننەن	كەيىن	13
كەتكەننەن	بەرى	5
شارشاساڭ	دەمال	14
شارشاساڭ	ەرتەرەك	14
شارشاساڭ	دەم	16
قولايسىزبا	دەپ	14
اراسىنا	تۇسىپ	3
تۇرعانىن	قاراشى	15
ەبىن	تاۋىپ	10
ەبىن	تاپساڭ	6
قاتىراسىڭ	عوي	10
سويلەگىم	جوق	15
سويلەگىم	كەلىپ	13
سويلەگىم	كەلمەي	10
سويلەگىم	كەلمەيدى	8
قاپشىق	تەمەكى	12
تۇىس	تۇعان	15
بىرجاققا	كەتىپ	3
كەلنشەگىڭ	بار	13
كەلنشەگىڭ	قايدا	16
شۇشىرە	تۇيىپ	15
سالۋ	كەرەك	14
سالۋ	وڭاي	12
تەلەپونىم	توقتاپ	10
تۇسىنشى	جانىم	15
تۇسىنشى	بولاما	10
كەتتك	قوي	2
جينى	يۋان	10
اشامىن	عوي	14
اشامىن	دەپ	15
كىلىت	جوق	8
كىلىت	قايدا	14
وتىرعانىم	عوي	15
وتىرعانىم	جوق	9
كەلىنشەگىم	مەنىڭ	16
قوناتىن	بولىپ	15
جولدايدى	ەكەن	14
جولدايدى	ەكەنسىڭ	12
لىپ	ەتىپ	12
قابارلاسباي	كەتتىڭ	14
قابارلاسباي	قويدىڭ	12
كۇرگەندەي	جۇرىپ	11
تىستەپ	تىستەپ	14
سارتوعايعا	باراتىن	11
سارتوعايعا	كولىك	12
باعۋ	قيىن	13
باعۋ	وڭاي	13
سۇراماي	اق	12
سۇرامايمىن	عوي	12
تانىسا	وتىرايىق	14
ايتقانڭ	كەلسن	8
ايتقانڭىز	كەلسىن	5
تاراعان	جوق	12
تاراعان	سوڭ	10
ادالمىن	جانىم	15
ەتسەڭ	بولدى	14
كىلتىن	الىپ	8
تۋادى	عوي	10
تۋادى	ەكەن	15
اشايىنبا	جانىم	15
ىستەگەم	جوق	13
تۇرالماي	جاتىرمىن	12
ايتقاننان	كەيىن	1
ەمەسپىز	عوي	14
قىزعىپ	قالدىم	11
ەكەنسز	عوي	9
بىلشى	جانىم	11
ىستەۋ	كەرەك	12
اششى	جانىم	10
شىدامايدى	عوي	12
شىدامايدى	ەكەن	14
قاقىم	جوق	13
قاقىم	نە	2
ۇنسىز	قالدىڭ	13
ىشسەك	بولادى	6
ىشسەك	بولۋشى	14
نۇرى	جاۋسىن	11
داۋسىڭدى	ەستىپ	15
داۋسىڭدى	ەستىگىم	13
قاپسىڭ	عوي	13
ەسكتىڭ	الدىن	10
ەسكتىڭ	الدىندا	16
ەسكتىڭ	الدىنا	7
قۋاتتى	بولسىن	4
تۇيەنىڭ	سۇتىن	14
سويلەمەدىڭ	عوي	5
كامپيت	الىپ	5
ورامال	داستارقان	15
قايتەرىمدى	بىلمەي	6
كۇلدىڭ	عوي	11
سۇزىڭە	قاراي	15
ۇنايدى	جانىم	10
ۇنايدى	ماعان	14
قاتەرلى	عوي	13
قاتەرلى	ەكەن	15
مىقتتى	بولسىن	12
داق	سەكپىلدەن	9
كۇرسەتشى	جانىم	15
تاقى	بىر	11
تارباعاتاي	تولى	15
تارباعاتاي	ايماعى	11
كىلەت	تازالاپ	9
قاتنىم	مەنىڭ	12
ميىڭدى	جەپ	13
كەشر	جانىم	13
كەشر	كەشر	15
ەركەكتىڭ	بارى	11
توقتادى	دەپ	8
دەدم	عوي	13
سويلەمەشى	بولدى	15
قيمىلعا	قاتىناسىپ	15
ۋايىم	بولدى	15
ۋايىم	قايعى	14
جۇمىسىمدى	ىستەپ	12
جۇمىسىمدى	بىتىرىپ	13
كۇيىڭدى	جاقسى	12
كۇيىڭدى	تۇسىنىپ	12
ءبىرىنشى	دەنساۋلىعىڭ	11
قىستىق	جازدىق	8
قيميدانعا	كىرگىزىپ	13
اۋىرەلەپ	قويدىم	15
جىگتىم	بار	4
تۇبىندە	بىر	10
جاسىڭىز	ۇزاق	12
جاسىڭىز	نەشەدە	7
جاسىڭىز	قانشادا	6
بىرىنەن	كەيىن	14
بىرىنەن	باستاپ	12
بىرىنەن	بىرى	12
ۇتىرك	ايتىپ	8
ەسمە	تۇسىپ	13
ارتقا	قاراي	5
سويلەۋ	قولايسىز	10
قاراسۋعا	بىر	15
جەيىم	دەپ	2
جۇرت	امان	11
قويار	ەدىم	8
قويار	تالابىم	10
نيەت	جوق	12
شاقىردىم	عوي	10
مازانى	الىپ	13
مازانى	الدى	6
مازانى	الادى	15
ەسڭە	تۇسىپ	7
شاتتىققا	تولسىن	9
سويلەگەم	جوق	11
شتىڭبە	جانىم	11
ويلامايدى	ەكەن	11
ويلامايدى	ەكەنسىڭ	13
جاقسڭدار	قىزدار	15
جگتىم	بار	8
سالعالى	جاتىر	12
سالعالى	جاتىرمىن	14
اشيدى	ەكەن	13
اپتادان	كەيىن	12
اپتادان	سوڭ	5
اپتادان	باستاپ	14
باعامىن	دەپ	7
جاعىڭ	عوي	7
جاعىڭ	قارىسىپ	14
اقىلى	بار	8
ۇيتپەيمىن	جانىم	11
كۇرەسىڭبە	جانىم	11
اۋەلەي	بەرسىن	12
ساياقات	كۇڭىلدى	15
ساياقات	كوڭىلدى	18
ويىڭدى	ايتشى	15
قايتارادى	ەكەن	8
تۇڭىلىپ	كەتتىم	13
بارپتى	عوي	15
جەمس	جيدەك	14
ارالىق	ساقتاپ	8
قوينىڭا	الىپ	14
قوينىڭا	كىرىپ	13
ۇيتە	المايمىن	8
ۇيتە	بەرسەڭ	11
حاۋبا	دەدىم	7
قويدىمبا	دەپ	13
قالماسام	بولدى	14
مالىم	بىر	14
قارالى	شاي	11
قارالى	قابار	11
قارالى	حابار	10
قارالى	شايعا	8
سونىكى	عوي	8
كىرەيىن	دەپ	8
كىرەيىن	دەسەم	11
ءارينە	جانىم	12
شىعاردىم	عوي	11
ۇيقتايدى	ەكەن	15
ۇيقتايدى	عوي	12
قوبىپ	تۇر	7
قوبىپ	كەتتى	10
سوقىر	ىشەك	10
بارايىنشى	جانىم	16
بارايىنشى	بولاما	15
باقىرىپ	جاتىر	10
تىيىن	جوق	12
باتتى	عوي	7
جەتىسى	كۇنى	8
ارالاسقان	سوڭ	12
بارايىقپا	دەپ	7
سۇيلەمەدى	عوي	8
سۇيلەمەدىڭ	عوي	11
ميانمو	شاپتاپ	5
جاستان	جوعارى	11
بەرەكەدەن	ايىرماسىن	4
بەرمەيىم	دەپ	2
كىردىك	ۇيگە	14
ساتاتىندار	بولسا	14
ساتاتىندار	بارما	10
بولماپتى	عوي	12
شۇنىنە	جولداپ	12
دايحو	بار	10
ەستىگەم	جوق	10
قۇيدىڭ	عوي	12
دوسىڭدى	ەرتىپ	14
مەنەندە	جاقسى	14
وواينالايىن	جانىم	9
قايتاردىم	عوي	11
جامباس	وكىل	2
جامباس	ۇكىل	12
بايقاي	جۇر	16
بايقاي	جۇرىڭىزدەر	14
بايقاي	جۇرسەڭىزدەر	15
ۇزىلىپ	قالدى	11
ءونىمدى	بولسىن	10
قىزادى	عوي	5
قىزادى	ەكەن	10
وننى	ايتتىڭ	9
قاشقالاقتاپ	جۇرسىڭ	14
قاشقالاقتاپ	تۇرسىڭ	11
ديدى	عوي	13
قوندىڭبا	جانىم	15
دەگەندەر	بولسا	4
كەلەعوي	جانىم	2
ومىردەن	تۇڭىلىپ	13
داۋالانىپ	جاتىرمىن	11
يىن	دەپ	14
ساعنپ	كەتتم	10
بولۇ	كەرەك	14
جۇرۋشى	ەدى	14
جۇرۋشى	ەدىم	8
جۇرۋشى	ەدىڭ	11
شابىت	كەلىپ	4
بۇران	سوعىپ	7
ىشپەك	جەمەك	6
ۇنەرى	ۇستەم	10
ۇنەرىڭ	ۇستەم	3
جەتەر	جوق	9
ەشكىمدە	جوق	14
كۇشەيىپ	كەتتى	11
ويلاماشى	جانىم	13
ويلاماشى	بولاما	9
قالعىپ	شۇلعىپ	13
قابارلاسۋ	تەلەفون	13
قابارلاسۋ	نومىرى	12
التنشى	ايدا	10
ۇيالادى	ەكەنسىڭ	9
ۇيالادى	ەكەم	8
ايتباعان	بولايىن	10
قسىلىپ	تۇرمىن	11
كۇزىمە	كۇرىنبەي	15
تۇسىرە	الماي	9
جولدادىڭ	عوي	2
ەسىڭدى	جيىپ	2
جاتقانشا	دەپ	8
ماقۋل	جانىم	9
پسىپ	كەتتى	5
ەڭبەگىڭ	جانسىن	10
دەنىڭىز	ساۋ	2
بەكەردەن	بەكەر	11
تۇسڭدە	مەنى	11
كەزگەم	دەپ	7
كەزگەمىز	عوي	10
كەزگەمىز	جانىم	15
بەستى	ات	13
بەستى	ايعىر	13
كىيناۋ	كورىپ	12
ارقاسى	عوي	13
مىيىم	اشىپ	12
كەتەمبە	دەپ	15
بەيجىڭ	ۋاقىتى	8
تۇىن	تىنىشتىعىن	15
ۇيالمايتىن	ادام	7
قاربالاسى	بولىپ	9
كۇندەردىڭ	بىرىندە	13
كۇندەردىڭ	كۇنىندە	8
جاتىس	جايلى	11
وتىرسىز	عوي	13
قىزدارمەن	بىرگە	14
شاقىرامىز	دەپ	17
نومىرىڭىزدى	جولداپ	16
نومىرىڭىزدى	جولداڭىزشى	7
كەشىرىپ	قوي	12
ۇنحات	نومىرىڭدى	8
ۇنحات	ارقىلى	1
بولاشاعىڭ	نۇرلى	15
ۇيىقتاتىپ	جاتىرمىن	11
ۇندەمەيسىڭ	عوي	14
ورتاسىنا	دەيىن	7
سوزىنە	ەرىپ	13
بىلەمە	ەكەن	14
قويمايتىن	شىعار	7
قويمايتىن	بولدىڭ	11
مىيدى	جەپ	13
قۇمىلدان	باركولگە	15
وباي	جانىم	11
وباي	وباي	14
بولپسىڭ	عوي	10
سالايىنبا	دەپ	6
ۇزاسا	بىر	12
ۇزاسا	ەكى	11
كەلگىڭ	كەلىپ	15
كەلگىڭ	كەلمەي	13
كەلگىڭ	كەلسە	12
كەلگىڭ	كەلمەسە	10
شققالى	جاتىرمىن	12
شققالى	تۇرمىن	10
ۇقبايدى	ەكەن	14
ۇقبايدى	ەكەم	14
مالداردى	جوندەپ	13
مالداردى	جۇندەپ	14
شكەلى	جاتىرمىن	14
شكەلى	جاتىرمىز	12
جاتىڭبا	جانىم	12
قوسساڭ	بولدى	9
قوسساڭ	بولاما	13
ورتاداعى	بارلىق	13
جاقسىلىقتى	تىلەيمىن	10
كۇركىم	كەلىپ	14
اشقازانىڭ	قانداي	11
اشقازانىڭ	اۋىرىپ	12
شىركىناي	دەشى	9
جاردەم	قىلىپ	2
حالىققا	تىلەك	10
ساعىنساڭ	كەل	15
سالامبا	دەپ	3
قىزداي	بولىپ	15
ەتەتىن	ەدىم	10
قىستان	امان	13
قىستان	بەرى	4
دەمالساڭ	جاقسى	14
دەمالساڭ	بولمايما	14
كينىپ	جۇر	12
كورىنەدى	عوي	12
كورىنەدى	ەكەن	14
گۋانجۋ	قىلىپ	7
ۋاقىتىڭىز	بولسا	14
ۋاقىتىڭىز	قانشا	13
ۋاقىتىڭىز	كوڭىلدى	12
ۋاقىتىڭىز	شىققاندا	14
سۇيپ	سۇيپ	15
كىلتتى	الىپ	10
تاعدىر	سولاي	7
سويلەدىڭ	عوي	12
تالعام	سىزدەن	4
وينايىن	دەپ	13
كورمەيسىڭ	عوي	11
مارال	جالعىز	11
سەمەن	بىرگە	11
ىسىڭە	ساتتىلىك	7
قولىڭىز	بوس	8
قولىڭىز	بوساعاندا	12
مانى	جوق	11
مانىسى	جوق	9
مانىسى	بار	4
شەشىنىپ	تاستاپ	14
كورگىڭ	كەلىپ	10
كورگىڭ	كەلمەي	13
كورگىڭ	كەلسە	13
كورگىڭ	كەپ	12
قايتسىن	دەپ	12
قالمايتىن	بولدى	13
قالمايتىن	شىعار	16
كۇنىمە	كەرەك	13
ويلاعانداي	ەمەس	14
سەگىزگە	دەيىن	14
سوزدەرىڭدى	ەستىپ	12
اراعا	دەيىن	14
وتىرسىن	دەپ	6
راسمگە	تۇسىپ	13
راسمگە	تارتىپ	11
ۇقشايدى	ەكەن	8
شۇندەرگە	جولداپ	14
حوگو	جەپ	9
حوگو	جەيتىن	12
كۇنىمدى	وتكىزىپ	13
شنبەي	ۇزى	11
تۇسمە	كىرىپ	5
بارمادىق	قوي	7
ارالتوبەگە	بىر	7
گەلە	جاتىرمىن	6
تاپسىرماسىن	ورىنداپ	13
تاپسىرماسىن	ورىنداتىپ	14
ۋاقىتتىق	قيىنشىلىق	12
ايىنالايىن	جانىم	13
ايىنالايىن	بەرەسىالقان	13
كوزدەن	ساقتاسىن	10
اينالدىم	جانىم	1
تۇسندىرىپ	ايتىپ	14
ويىمدا	جوق	14
ويىمدا	ەشتەڭە	11
الدادىڭ	عوي	2
ادەتىم	جوق	13
ادەتىم	بار	11
ادەتىم	كەلىپ	14
راسبا	جانىم	12
قاۋپتى	عوي	2
سۇيەسىڭبە	جانىم	14
سۋلۋ	قىز	5
تارادى	عوي	12
بەتىڭنەن	بىر	11
بەتىڭنەن	سۇيىپ	14
بەتىڭنەن	سۇيدىم	9
اكەلەيىن	دەپ	5
اكەلەيىن	دەسەم	6
ايتعانىڭ	كەلسىن	5
تىرناق	استىنان	3
ميمدى	جەپ	11
قالعانداي	بولىپ	11
اقىلىڭ	بار	13
ساۋاننان	اۋىلعا	13
ىشپەيدى	ەكەن	13
قۋانشتى	قابار	8
قۋانشتى	حابار	13
دەنەسى	كەسەك	8
سۇيلەمەيتىن	بولىپ	9
سۇيلەمەيتىن	بولدىڭ	9
جاتقامىز	جوق	15
تىيمەي	جاتىر	13
تىيمەي	قالدى	8
العانىم	جاقسى	13
ۇقپايسىڭ	عوي	9
كۇرىنبەي	كەتتىڭ	8
كوتىنە	كىرىپ	8
شۋلاپ	جاتىر	11
سۇيتەعوي	جانىم	8
قالعىم	كەلىپ	13
قالعىم	كەلەدى	8
قالعىم	كەلمەيدى	14
جۇزدە	جۇز	11
وزڭدە	جاقسى	13
قاتىناسقا	سالىپ	15
قاتىناسقا	تۇسىپ	7
جايمالاپ	قوسىلىپ	11
جازدادى	عوي	12
جازدادىم	عوي	11
بۇلدا	بىر	11
بۇلدا	بولسا	13
كەلەسىڭدەر	عوي	11
وقىس	بولىپ	12
ىشپەسەڭ	بولمايدى	12
ىراقمەت	جانىم	11
بۇرشىنعا	باراتىن	8
قالاش	نان	12
جاقسىلىققا	اسىق	9
سوزىڭدە	تۇر	11
قايعى	جوق	8
قايعى	بولىپ	12
جانڭدا	كىم	6
ەستيىن	دەپ	8
جوقسڭ	عوي	14
پارىق	جوق	10
پارىق	بار	13
تۇسىنىكتى	بولدى	12
ماعاشىم	شىققاندا	8
نازىرگە	بارىپ	13
باسايىن	دەپ	12
تالەيىڭ	جوق	10
تالەيىڭ	بار	12
جنىم	ۇستاپ	14
توپتىق	جولداما	6
ۇتسە	بولدى	12
سەگىزى	كۇنى	8
جاتقاندار	بار	8
جاتقاندارىڭىزعا	راحىمەت	10
جەڭدەر	دەپ	9
نەتاماق	ىشتىڭ	10
تاماعىمدى	ىشىپ	7
وزدەرىڭە	كوپ	14
ساۋاپ	بوپتى	8
اشۋىڭدى	ماعان	12
اشۋىڭدى	باس	10
باعامىز	دەپ	8
قانىت	كامپيت	1
قابارلاسادى	عوي	9
قابارلاسادى	دەپ	13
تۇسنەدى	عوي	11
تۇسنەدى	دەپ	11
سوقپاي	تۇر	15
سوقپاي	قالدى	11
امالىڭ	جوق	14
نومەرىن	جولداپ	13
نومەرىن	جولداشى	8
ونعا	دەيىن	13
شعارادى	ەكەن	14
يۇقتاپ	قالدىڭبا	9
الەمدەگى	بار	10
الەمدەگى	بارلىق	7
ايىتتىڭ	عوي	10
اشۋلانبا	جانىم	10
جەڭە	المايسىڭ	12
حاباردار	بولدىق	10
حاباردار	بولىڭىزدار	9
تۋماۋ	تيىپ	10
جاتپتى	عوي	10
ساتامىز	دەپ	13
ەلىۋ	سوم	12
سۇيلەدىڭ	عوي	12
قاسىق	اۋىز	11
شارۋام	جوق	12
شارۋام	بار	14
شارۋام	شىعىپ	8
ۇاقىتىڭ	بولسا	1
ۇاقىتىڭ	كوڭىلدى	13
دەمەسە	بولدى	12
دەمەسەڭ	بولدى	10
ۇيىقتاعان	جوق	14
ونىمى	جاقسى	10
كەشىرە	المايمىن	13
بارماساق	ۇيات	13
كىرىن	جۋىپ	2
ساعاتتىق	جول	5
ساعاتتىق	قيمىل	9
تابسىڭ	مول	2
تاسىرى	جوق	3
جولداسىڭ	نە	11
جاتىن	ورىن	7
ۋاقىتتان	كەيىن	8
ۋاقىتتان	بەرى	6
كۇيەۇ	بالا	4
جوقپىز	عوي	8
ۇيرەنە	بەر	11
ۇيرەنە	الماي	7
بىتبەي	جاتىر	15
بىتبەي	قالدى	8
جۇعستى	بولسىن	6
كەتپەيتىن	شىعار	11
كەتپەيتىن	شىعارسىڭ	11
نارسەم	بار	4
ورنىڭ	بولەك	13
ورنىڭدى	جولداشى	15
ورنىڭدى	جولداپ	8
جارم	ساعات	13
قالماساڭ	بولدى	7
قىيناپ	قويدىم	12
جالقاۋ	بولىپ	12
اۋميىن	راحىمەت	13
اۋميىن	ايتقانىڭ	14
جۇرگەنگە	نە	9
قوسايىق	دەپ	12
ءبول	جانىم	12
قادىرىڭدى	بىلمەگەن	12
كۇردىك	قوي	14
كۇرسەتەيىن	دەپ	12
كۇلەدى	عوي	11
امالداشى	جانىم	9
تاتۋ	بولسا	9
تاتۋ	تاتتى	14
ويىڭدا	مەن	6
تىلدى	الىپ	13
تىلدى	ال	14
كەتسەڭدە	بولادى	11
ۇزڭشى	نەعىپ	6
شايڭدى	ىشىپ	11
الاڭدايدى	عوي	15
الاڭدايدى	ەكەنسىڭ	13
الاڭدايدى	ەكەم	14
ۇلىمگە	بارىپ	9
كۇيدەن	كەتىپ	11
سىرلى	بولىپ	12
بەينەڭدى	جولداشى	14
بەينەڭدى	كورگىم	10
اۋارايى	قانداي	10
شىقبادى	عوي	8
ەرىگىپ	جۇرگەم	10
تۇركىن	جاققا	9
تۇركىنگە	بارىپ	11
تىڭداي	الماي	13
تىڭداي	المادىم	11
باتاعا	بارىپ	12
ۋكىل	استىرىپ	12
قونام	دەپ	5
كەزىككىم	كەلىپ	15
كەزىككىم	كەلەدى	4
قورقپا	جانىم	7
جۇرگەندەر	بار	12
اشعىن	ايت	9
اشعىن	ايتشى	14
تۇرسىز	عوي	2
كەتشەي	ارى	14
شىقام	جوق	7
سياقتىسىڭ	عوي	15
سۇيەدى	ەكەن	14
سۇيەدى	دەپ	11
دارەتقاناعا	بارىپ	12
يتىڭ	بالاسى	7
ولەدى	عوي	9
تڭداپ	وتىرمىن	14
بۇلعان	سۇڭ	4
قالماشى	جانىم	14
جەمىن	بەرىپ	9
وقشامايدى	عوي	13
وقشامايدى	ەكەن	10
تاكسيگە	وتىرىپ	7
ماشىينانىڭ	ىشىندە	13
تانمايدى	ەكەم	11
تانمايدى	ەكەنمىن	13
ىشۋ	كەرەك	10
بوساماي	جاتىر	14
ورىندىق	قاپ	9
ۇيقتايسىڭبا	جانىم	11
ايلىعىم	شىققاندا	9
جىبەرىپتى	عوي	14
اتبال	ازامات	11
جازۇ	جاز	13
جازۇ	جازىپ	8
ولەم	عوي	5
ولەم	دەپ	13
جۋىنىپ	شايىنىپ	13
سۇيلەمەياق	قوي	13
سۇيلەمەياق	قويايىن	5
جويا	سال	13
اشلىپ	كەتتى	14
ايتم	عوي	11
جاقسىلىعىن	بەرسىن	6
مڭ	يۋان	9
مڭ	سوم	14
قۋتتى	بولسىن	7
شاقىرامىن	عوي	12
شاقىرامىن	دەپ	11
جەتسپەي	جاتىر	9
گۇڭىلدى	بولسىن	12
اسقىنىپ	كەتپەسىن	4
شىعارشى	جانىم	10
شىعارشى	بولاما	11
سويلەۋگە	قولايسىز	13
قانىڭدى	ىشەم	11
كەتپىن	عوي	5
ستەيمىز	عوي	10
جۇرەگىڭنەن	اينالايىن	10
اياقتايدى	ەكەن	8
نەمىز	بار	10
قۇلاي	سۇيەم	14
قۇلاي	سۇيەمىن	10
قۇلاي	سۇيگەن	11
قۇلايسىز	بولىپ	13
ۇقتاپ	قالدىڭبا	6
بويدان	ەرتە	14
بويدان	كەتىپ	4
كەرەكتى	نارسە	11
شارۋاڭدى	ىستەي	6
ناراتتان	اۋدانعا	8
ناراتتان	كۇنەسكە	11
ورلەيتىن	كولىك	9
ورلەيتىن	جولاۋشىلار	7
دۇعا	قابىل	5
جامىلىپ	جات	8
جامىلىپ	جاتىرمىن	12
داۋىسى	باسىلىپ	7
قابىنۋ	بار	12
ەسىكتەن	كىرە	9
نامازى	ەرتەڭ	12
اقىلداسۋعا	بولادى	11
الماقشى	بولساڭىز	9
الماقشى	بولساڭىزدار	10
الماقشى	ەدىڭىز	12
ايامايمىن	عوي	9
كەتكەنىڭ	جاقسى	11
كەتكەنىڭ	نە	12
سۋىتىپ	كەتتى	5
راسمڭدى	جولداپ	11
راسمڭدى	جولداشى	12
بوساڭ	بولدى	11
ساعىندىق	قوي	10
شاپشال	اۋداننان	6
دەمالشى	جانىم	10
دەمالشى	بولدى	12
ۇزارىپ	كەتتى	12
كەشگە	دەيىن	11
كورمەگەلى	قاي	14
كورمەگەلى	كوپ	14
كورمەگەلى	قاشان	12
سۇيتتىم	عوي	9
جىلاعان	جوق	10
دۇيىن	كورىپ	1
دۇيىن	كۇرىپ	9
العانداي	بولىپ	8
سويلەسەيىن	دەپ	10
ۇيقتاڭدار	بولدى	13
ۇيقسى	كەلىپ	3
تۇسىنگەنىڭە	راحىمەت	11
ءماز	بولىپ	11
ءماز	بوپ	6
ساباقتى	جاقسى	13
ۇيىمدى	تازالاپ	13
شاشىلىپ	جاتىر	13
گەرەك	بولىپ	10
سۇيلەمەشى	بولدى	8
ەگەتىن	كەرەمەت	12
ىستەگىم	كەلىپ	13
ىستەگىم	كەلمەي	10
ۇيىقتادىڭبا	جانىم	13
قوسامىز	دەپ	11
الپپىن	عوي	12
ايتىڭىزدار	جىگىتتەر	11
جولىعايىق	بولاما	11
كەشەگىدەن	قالايسىڭ	14
شاۋشەككە	باراتىن	8
ەستگەم	جوق	2
الاعاقتان	التايعا	6
بولماياق	قوي	1
بولماياق	قويايىن	6
قيىنداۋ	ەكەن	9
قيىنداۋ	بولىپ	9
بۇتەلكە	اراق	13
قۇيىرىق	ماي	12
قاسما	كەلىپ	9
تاماعڭدى	ىشىپ	10
كەگەن	جوق	13
كەگەن	سوڭ	14
كەرشىلىك	جوق	10
قاترجام	بول	11
ەستەن	كەتپەس	4
نەگىزگى	ماتەيالدارىڭىزدى	1
ايتاعوي	جانىم	12
قويعانىم	عوي	6
ءتۇس	كور	6
جەگەلى	جاتىرمىز	14
باسىمنان	وتكەن	11
جاتتر	ەكەن	12
سۇلۋسىڭ	عوي	11
سۇلۋسىڭ	جانىم	9
سۇلۋسىڭ	اقىلدىسىڭ	12
تەرەزەدەن	قاراپ	14
دارمەن	جوق	10
سەنگەن	سوڭ	7
الەمنىڭ	بار	12
الەمنىڭ	نۇرى	9
عاجاپ	ەمەس	10
بۋىن	جوق	11
ايتارڭ	قابىل	11
ايتارڭىز	قابىل	3
قادىرىم	جوق	14
سويلەمەياق	قوي	9
سويلەمەياق	قويايىن	5
قۇرىم	اياق	14
قۇرىم	اياقتار	13
كۇردە	تۇر	9
كۇردەلى	ەمەس	5
قالعاسىڭ	عوي	12
كەشەلى	بەرى	11
قالجڭ	عوي	10
قالجڭداپ	جاتىرمىن	10
جولداعام	جوق	12
تيمەدى	عوي	10
تيمەدى	دەپ	13
قالعانىم	اي	10
تانىي	الماي	4
تانىي	المادىم	7
تانىيتىن	ادام	7
ەمىن	ەركىن	2
كوزدى	اشىپ	13
كوزدى	جۇمىپ	13
كەزەكشى	بولىپ	5
جاسايىم	دەپ	8
بارعامىن	جوق	13
سەنمدى	ادام	11
كيگىز	ۇي	10
كيگىز	ۇيدە	9
كيگىز	ۇيگە	14
سيمايدى	عوي	11
سيمايدى	ەكەن	13
وشىپ	قالدى	12
بوساي	الماي	12
تۇسەيىك	دەپ	9
اپپاعىم	سول	2
اپپاعىم	مەنىڭ	17
قالڭ	قالاي	14
قۇلىندار	سول	14
قۇلىندار	امان	10
قۇلىندارىم	سول	10
قالدىمبا	دەپ	10
جۇرەگىمنەن	جاقسى	9
قۋانىشتى	حابار	7
تولدى	بولسىن	7
دايقو	بار	14
شىقادى	ەكەن	9
كەتتەدى	ەكەن	1
سۋرەتكە	تۇسىپ	11
سۋرەتكە	تارتىپ	12
جازدىڭ	عوي	6
جازدىڭ	كۇنى	13
كارتەيدىك	قوي	13
شىنمدى	ايتىپ	13
شىنمدى	ايتسام	12
حابارسىز	كەتتىڭ	15
حابارسىز	بولىپ	10
تۇسنەمىن	عوي	14
نارسەلەرىن	الىپ	13
كۇندەلكتى	كۇيبىڭ	10
تاۋىقتىڭ	جۇنىن	13
زيرات	باسىنا	8
زيرات	باسنا	3
انجە	قىلىپ	11
ادامگەرشىلىك	جوق	13
ادامگەرشىلىك	بولۋ	11
تۇبەدەگى	كىسى	9
تۇبەدەگى	كسى	9
قالامىڭ	قارىمدى	9
كەلنشەگىم	مەنىڭ	11
جاردام	قىلىپ	13
باللارىڭ	جاقسىما	1
ۇيقتايعوي	جانىم	9
المايسڭ	عوي	9
شىعارساڭ	بولدى	9
قايتاراسىڭ	عوي	12
اپاسىنىڭ	بالاسى	9
جاستاعى	بالا	2
كۇزىمدى	جۋىپ	12
جەگىڭ	كەلىپ	12
شايدان	كەيىن	7
الدىمنان	شىعىپ	5
رەنجىتىپ	الدىم	10
شنايى	جاقسى	12
سەبەبىن	ايتشى	11
دەرىڭ	قابىل	5
ىسپ	كەتتى	15
ىسپ	تۇر	15
جاۋسا	جاقسى	15
جاۋسا	ەكەن	12
تاۋەكەل	دەپ	10
وياتا	سال	11
وياتا	سالشى	6
قالعانىڭ	جاقسى	11
ەجاقسى	بولىپتى	13
مالدارىڭىز	بولسا	8
اۋىزدى	ۇي	8
قۇدىرەت	اي	11
شىداساڭ	بولدى	10
قالامىزبا	دەپ	7
دەۋگە	كەلمەيدى	9
اسادى	ەكەن	9
ەمەن	ەركىن	12
رەنجمەشى	جانىم	12
رەنجمەشى	بولاما	10
ىلىنىپ	كەتىپتى	9
ۇيقتاساڭ	جاقسى	11
وتىردىڭ	عوي	5
رەنجيسىڭ	عوي	8
ماڭايىن	تازالاپ	9
ماڭايىندا	بولسا	1
قىزعانادى	عوي	13
قىزعانادى	ەكەن	13
الماگۇل	الماگۇل	12
ۇيقتاشى	بولدى	12
بارعاي	جاتىرمىن	13
تۇلپارىڭ	قۇتتى	10
وزىمنەن	وزىم	11
جابىلىپ	قالدى	8
جەتگەن	ورازا	11
سياقتسىڭ	عوي	10
داۋستا	سۇيلەشى	11
داۋستا	سۇيلەپ	14
اڭقاۋ	باسىم	13
ەسڭدە	بولسىن	11
ىستەتەم	دەپ	10
تايشۇر	ويناپ	13
توعىزى	كۇنى	13
ىشكەردەن	سالىنادى	12
شاڭىراققا	شاتتىق	7
جاقپايدى	ەكەن	12
پاپاپاپاپاپا	پاپاپاپاپاپا	11
جاساعام	جوق	9
ازداۋ	بولىپ	11
كوكتوعايعا	باراتىن	11
توردەن	ورىن	13
دەگەنسىڭ	عوي	11
الدىمبا	دەپ	11
قاشاسىڭ	عوي	11
جالعىپ	كەتتىم	11
ەسىمنەن	شىعىپ	8
ەسىمنەن	كەتپەيدى	13
جاتىرەكەن	دەپ	3
سۇزىڭدە	تۇر	10
تالدىعا	بىر	8
تۇكتى	ۇشىرىپ	7
توڭقايتىپ	قويىپ	13
تۇتىن	بولىپ	2
ۇشتى	عوي	10
ۇيلەردى	تازالاپ	9
تانمايتىن	ادام	9
شقتىڭ	عوي	10
بەرمەياق	قوي	7
بارمايما	ەكەن	13
شارشامادىم	جانىم	12
رومكا	ىشىپ	12
جاعدايىڭا	قارا	14
جاعدايىڭا	قاراپ	12
جاعدايىڭا	قاراي	5
قارامايسىڭ	عوي	13
شالقادان	تۇسىپ	2
ءناسىپ	ەتسىن	4
قابارلاسپادى	عوي	9
سىزگەدە	راحىمەت	8
تۇسىرەدى	ەكەن	6
جۇيرىك	بولسىن	9
شوپىرلار	بولسا	4
شوپىرلار	بارما	13
ۇلەم	عوي	13
ۇلەم	دەپ	13
ۇيشڭنان	جۋىپ	13
ىستەرىڭە	ساتتىلىك	8
تانسقانىما	قۋانشتامىن	8
جۇمستارمەن	قاربالاس	12
بولىۋ	كەرەك	12
كۇركەم	جوق	8
قارىزىم	بار	10
راسمى	بارما	6
راسمىن	جولداپ	12
راسمىن	جولداشى	13
ۇمىردەن	تۇڭىلىپ	14
كۇزدەن	ساقتاسىن	1
بۇلماي	تۇر	8
بۇلمايدى	ەكەن	11
جولىڭا	تۇس	7
جولىڭا	قاراپ	10
ايلىقتا	بەرەيىن	11
كۇزىڭدى	جۇمىپ	12
قايتايىنبا	دەپ	9
بۇرتۇرلى	بولىپ	10
بولارى	بولىپ	11
تارتبايدى	ەكەن	12
جاتقانىڭىزعا	راحىمەت	13
زاتىمدى	تاپسىرىپ	4
تاستايسىڭ	عوي	12
قونادى	ەكەن	13
سۇسىن	الىپ	9
وزگەرىس	جوق	11
جاعىدايىڭ	قالاي	10
قوزىلى	قوي	2
جابار	ىستەپ	13
شاتىر	ۇي	11
جاسسىڭ	عوي	12
بولىپتتى	عوي	11
تايادى	عوي	9
الماپتى	عوي	11
قويعانىڭ	جاقسى	11
مەرەكەلى	بولسىن	10
قوسىمشا	قاراجات	12
نۇمىرىڭىزدى	جولداپ	14
نۇمىرىڭىزدى	جولداڭىزشى	5
بايلانستى	عوي	10
بىرجارىم	بار	9
شقشى	جانىم	13
جابىق	ەكەن	3
ەكەنسڭدەر	عوي	6
قايتشى	جانىم	13
بۇگىنەن	باستاپ	10
جەسىر	قاتىن	10
دەپتىم	عوي	10
ۇنىمى	جاقسى	12
سەنسىز	كۇنىم	9
مەتىرى	قانشا	11
كورگەنىم	ۇشىن	2
ولەيىن	دەپ	12
ولەيىن	دەدىم	6
ساعىناتىن	بولدىم	12
اشقانادان	تاماق	8
ميندا	بار	12
ميندا	بارما	5
شنىڭدى	ايتشى	1
تازالايىن	دەپ	8
ەستىگىم	كەلىپ	13
ەستىگىم	كەلمەيدى	12
ەستىگىم	كەلەدى	5
بولساقتا	امان	1
دونەن	ايعىر	9
دەمىڭدى	ال	4
دەمىڭدى	الىپ	5
مىنەزىم	جامان	13
ميڭدا	بار	11
ميڭدا	بارما	12
ويلى	بولىپ	13
بەسىك	توي	7
قايتارعان	جوق	11
وتىرعامىز	جوق	10
ويلاعانى	بار	8
ويلاعانىم	عوي	12
ساعندىڭبا	جانىم	10
كۇرۋ	كەرەك	11
تۇسىپتى	عوي	12
تۇماۋىڭ	قانداي	9
جانىمداي	جاقسى	13
قويساڭدا	بولادى	8
قويساڭدار	بولدى	5
قويساڭدار	بولادى	11
شىقپاعان	سوڭ	11
كەزىگەيىكشى	جانىم	9
كەزىگەيىكشى	بولاما	12
ۇشرىپ	تاستا	9
تونار	نان	10
سۇرايىم	عوي	6
اپارساڭ	بولدى	13
اسپا	وكىل	6
اسپا	ۇكىل	12
اكەسنىڭ	باسى	10
بارۋشى	ەدىم	14
كۇكتوعاي	اۋداننان	10
كۇكتوعاي	اۋدانى	12
ەرگىپ	جۇرگەن	12
تايشۋ	ويناپ	13
جىنم	ۇستاپ	11
كەزدەن	بەرى	9
كەزدەن	باستاپ	10
جالىعىپ	كەتتىم	10
بوقتى	جەمەشى	11
بوقتىق	ەستىپ	10
تۇسا	تۇر	3
تۇساۋ	كەسەر	8
زاۋاتتا	ىستەپ	14
بايدىڭ	بالاسى	11
شعپتى	عوي	3
ۇتەم	جانىم	11
ۇلەدى	عوي	8
كەۋدەم	اۋىرىپ	5
كەرىم	كەشىڭ	8
كەرىم	كەشتەرىڭىز	11
تولەي	الماي	8
باعالارى	قانشا	12
قاقىڭ	جوق	7
قاقىڭ	نە	11
قاقىڭ	بولماسىن	8
ۇلگەلى	جاتىرمىن	13
جولىڭدى	توسپايمىن	10
وزدەرىڭدە	كەلىڭدەر	13
اپارايىق	دەپ	5
باسقالاردان	سۇراپ	13
جەتتىڭبە	جانىم	13
شىعارامىن	عوي	13
كورمەدىك	قوي	8
تۇقتاپ	قالپتى	7
وزىڭىزدە	جاقسى	9
جايسىزدانىپ	تۇرمىن	12
كيەم	دەپ	12
نارسەمدى	الىپ	11
دەپسىڭ	عوي	13
جولعايىق	بولاما	12
شعالماي	جاتىرمىن	3
ۇرىس	كەرىس	11
شنڭدى	ايت	8
شنڭدى	ايتشى	11
اتىلماي	جاتىر	11
اتىلماي	قويدى	11
ازاماتتار	بولسا	6
كەرەگىم	جوق	2
قابارلاساتىن	شىعار	7
بىتىرە	الماي	11
جاتتڭبا	جانىم	13
اۋناپ	قۋناپ	10
كۇندىككە	شىعىپ	13
جانسىڭ	عوي	12
سەميالى	ادام	6
سەميالى	باقتاشى	13
نەشەگە	كەلدى	6
نەشەگە	كەلدىڭ	10
ەلەس	بولىپ	11
پىكىر	جوق	12
كەتىپتىم	عوي	13
كەتمە	دەپ	10
شايىمدى	ىشىپ	1
قۇات	بەرسىن	5
كوتىمدى	سۇرتەيىن	10
مىڭنىڭ	ۇستىندە	12
ادامىڭدى	تاۋىپ	12
كايجاڭ	قىلىپ	10
قۇلجانىڭ	قاي	7
تابامىز	عوي	11
بولعامىز	جوق	8
قاشتى	عوي	10
سۇيلەۋ	قولايسىز	10
ىسىم	تۇسىپ	6
قابارلاسقانىم	عوي	4
جازىق	جوق	11
قوزىعا	ەن	12
قوزىعا	سۇت	10
اسعىس	جوق	9
تىماۋىڭ	قانداي	10
اققويعا	بىر	5
تويلىق	جازدىرا	23
تويلىق	اتىپ	23
تويلىق	جازدىرىپ	23
ۇزدەرىڭدە	كەلىڭدەر	12
وزىڭنىڭدە	ايتىڭ	8
مىندەتتى	تۇردە	11
ايىتتىم	عوي	11
ىستەتەدى	ەكەن	3
الداماشى	بولاما	7
تىماۇ	تيىپ	12
وقسايسىڭ	عوي	10
تاڭباسى	بار	21
بىرايدا	بىر	11
قوسىلا	الماي	7
بولپتتى	عوي	5
بىلىنىپ	تۇر	8
دوسىمدى	ەرتىپ	8
اعاسىنىڭ	بالاسى	6
قوشىنانىڭ	ۇيىندە	12
شاتاعى	جوق	13
شاتاعى	نە	6
شاتاعىڭ	نە	8
شاتاعىڭ	بولماسىن	4
ىشسىن	دەپ	1
تىسىڭ	قانداي	7
ايىتتارىڭ	قابىل	11
دەمەكشىمىن	عوي	11
ءىشىم	اۋىرىپ	12
تاۋداي	بولسىن	3
ۇيشنعا	قوسىپ	6
بلمەيدى	ەكەم	10
قابىنىپ	كەتىپتى	9
كورسەڭىز	بولادى	6
داۋىسىن	باسىپ	10
سۇيلەگەم	جوق	8
شيپا	بولسىن	7
شيپاسىن	بەرسىن	8
سۇيتىپتى	عوي	5
تۇننەن	بەرى	8
تۇننەن	باستاپ	8
كورۋگە	بولادى	13
اتڭىز	كىم	8
تۋانگە	باراتىن	9
قالڭىز	قالاي	8
تۇكەپ	كەتتى	11
جۇمستارىڭدى	بىتىرىپ	9
قاتىسىم	جوق	13
جۋىلىپ	كەتىپتى	12
ۋاققا	دەيىن	6
ونبىر	جارىمدا	10
ەكەسڭ	عوي	8
القام	جوق	12
ازعانتاي	كوڭىلىم	5
ىلەگە	بارىپ	13
ۇيىقىم	كەلىپ	9
ۇيىقىم	كەلمەي	5
مەنبا	سەنبا	8
جەرلەس	ەكەنبىز	12
ۇرىپسىڭ	عوي	5
پيكا	ماشينا	12
اينالاسىندا	بولادى	7
كوزبەن	كورىپ	11
جازامىن	دەپ	10
جالعاسا	بەرسىن	14
جالعاسام	بولاما	6
نۇمىرڭدى	جولداپ	13
نۇمىرڭدى	جولداشى	8
باعىڭ	جانسىن	11
ورانىپ	جاتىرمىن	6
ۇاقتىڭ	بولسا	10
سالمايدى	ەكەن	8
ىشكىڭ	كەلىپ	10
ىشكىڭ	كەلسە	5
بۇرىنعداي	ەمەس	12
كىرىس	جوق	10
ىشەگىم	اي	9
جىلىنىپ	قالدى	5
سىرعاسى	سىڭعىرلى	18
سۇيلەگىم	كەلىپ	9
سۇيلەگىم	كەلمەي	11
سۇيلەگىم	كەلمەيدى	9
قىلعام	جوق	12
ساقال	العىش	10
قاشاجارعا	بىر	6
توپتارعا	جولداپ	8
توپتارعا	تاراتىپ	8
كورشىنىڭ	ۇيىندە	10
شىدايسىڭ	عوي	8
وتباسىڭىز	امان	5
استعا	تۇسىپ	8
كەلەمبە	دەپ	9
ىزدەمەي	اق	9
بازارىندا	قيمىل	10
شوبىن	بەرىپ	9
شوبىن	سالىپ	12
مۇنشاعا	تۇسىپ	8
ارالاسادى	ەكەن	8
كۇتەرەدى	ەكەن	9
شيكى	سۇت	12
قايناقسۋ	ىشىپ	11
الاينبا	دەپ	12
سالاما	دەپ	2
اقىلداساتىن	جۇمىس	5
اقىلداساتىن	جەرى	9
تيجانعا	بارىپ	4
كۇلكىم	كەلىپ	1
كۇلكىم	كەلەدى	4
كەتپەسەڭ	بولدى	9
تۇردڭبا	جانىم	10
قىلۋ	كەرەك	12
قويدىڭىز	عوي	10
اينالادى	ەكەن	8
جارامدى	ازامات	18
جارامدى	ازاماتى	3
جاتامبا	دەپ	11
باربولساڭ	سويلە	14
باربولساڭ	بولدى	12
جۇمىسىڭا	ساتتىلىك	6
ەشتەڭەگە	زاۋقىم	8
دەمالعام	جوق	11
بارمايىن	دەسەم	13
بارمايىن	دەپ	14
قابارلاسپاياق	قوي	13
قابارلاسپاياق	قويايىق	9
جاباعى	تاي	9
ساسىعىم	سول	7
ساسىعىم	مەنىڭ	11
شاقىرعام	جوق	10
باسىمدا	اۋىرىپ	10
ىشپەگەن	شىعارسىڭ	13
ىشپەگەن	سوڭ	9
تۇرتنشى	ايدىڭ	10
ادامبىز	عوي	7
تىنىم	جوق	8
جولداماڭ	كەرەمەت	11
جولداماڭ	كۇشتى	7
تۇسنەتىن	ادام	3
جوقتان	باسقانى	8
ورنىڭا	ادام	10
بارامىنبا	دەپ	10
الىم	بەرىم	10
بايلانىستى	عوي	2
قۇلىنم	سول	11
قۇلىنم	اۋ	7
ۇزىڭىزدە	جاقسى	9
شندىق	قوي	11
لاڭساي	جاساپ	10
جاراق	الىپ	10
شاشۋىڭا	راحىمەت	9
جۇمىسڭدى	ىستەي	12
قابارلاسساڭ	بولدى	10
قابارلاسساڭ	بولمايما	8
قۇنى	جوق	11
ازىق	تۇلىك	10
تۇرعانعا	نە	8
تورتكە	دەيىن	11
شقبايدى	ەكەن	12
تالابىم	جوق	12
التىسى	كۇنى	9
بىلمەيمىز	عوي	12
كونبەي	جاتىر	12
المايسىز	عوي	6
ۇيتەدى	دەپ	7
مقتتى	بولسىن	12
جامانى	جوق	11
قىرىققا	كەلگەندە	11
ءمولدىر	تىلەكتەر	11
جبو	كۇڭىلدى	11
جبو	كوڭىلدى	5
جيندا	وتىرمىن	10
لاقي	قىلىپ	8
كۇتىنە	كىرىپ	10
فۋكاڭعا	باراتىن	10
ايدڭ	كۇنى	9
كوپپە	ەكەن	12
شانشۋ	ۇستاپ	9
قۇرتتى	عوي	7
جاعدايىڭىز	قالاي	7
ىلمە	بولىپ	13
ۇيقتاسىن	دەپ	10
بەزى	قابىنۋ	7
باتادى	عوي	9
باتادى	ەكەن	12
قالىپسىز	عوي	12
مناۋىڭ	نە	10
بۇيتە	بەرسە	11
بۇيتە	بەرسەڭ	9
كەشىڭىز	كوڭىلدى	10
ۋاقىتتارىڭ	كوڭىلدى	6
ۋاقىتتارىڭىز	كوڭىلدى	8
جازىۋ	جاز	9
جازىۋ	جازىپ	11
بارۋعا	بولادى	10
دوستاردان	بولىپ	2
دوستاردان	بولايىق	6
ۇرقسات	سۇراپ	13
تاۋالماي	قويدىم	12
جازساڭ	بولدى	5
دايىندالا	بەر	9
ستەرىڭىز	ىلگەرى	2
اشۇىم	كەلىپ	5
اشۇىم	تۇسىپ	7
دەمەيتىن	شىعارسىڭ	8
جونىڭ	جوق	12
جونىڭ	بار	10
جونىڭدى	ايتىپ	6
جونىڭدى	ايتساڭ	10
جۇڭي	دارى	7
سالدەن	كەيىن	5
سالدەن	سوڭ	10
بىرجىل	بولدى	8
ارتىڭا	قاراماي	10
بلەمىن	عوي	8
جەمەنەيدەن	ۇرىمجىگە	6
جەمەنەيدەن	التايعا	13
بىلىنبەيدى	ەكەن	12
شاعىلىپ	قالدى	6
قيىمىل	باعادا	6
اۋماي	كەلسىن	8
جاتقاننان	كەيىن	10
كيەدى	ەكەن	3
ويناساق	بولادى	10
جولدايىم	دەپ	11
اقىلدىم	سول	8
اقىلدىم	مەنىڭ	6
ساعىندىرىپ	جىبەردىڭ	5
اسپاي	قالدى	9
قينالدىڭ	عوي	8
قينالدىڭ	اۋ	5
قارتايماس	عۇمىر	2
تۇرۋشى	ەدى	9
تۇرۋشى	ەدىڭ	8
ىراسپا	جانىم	11
شىنڭدى	ايتشى	9
ايتارىڭدى	ايتىپ	8
قونس	جايلى	5
سىرىمدى	ايتىپ	11
ۇقاسى	جوق	12
سالىنىپ	كەتتى	2
قوگو	جەپ	5
سۇتىڭ	بارما	12
اۋدانىنان	بولامىن	6
قاۋبا	دەدىم	7
حابارلاسا	الماي	6
بىرشىنى	شاي	6
ىشىمە	سيماي	12
اركىم	ۇز	7
اركىم	وز	12
كەشجارىق	كەشىڭ	12
قۇرامى	جوعارى	12
كەزىككىڭ	كەلمەي	13
كەزىككىڭ	كەلمەسە	8
قىزىلتۋعا	بىر	10
تىلەرىم	سول	5
قاراۋ	كەرەك	10
نەجۇمىس	ىستەپ	12
قىزاي	ىشىندە	10
قارامايدان	تولىعا	10
اسىڭىز	ءدامدى	6
اسىڭىز	دامدى	4
ەلدڭ	بارى	10
سۋرەتىن	جولداپ	13
ۇناسا	بولدى	1
دەمەگەن	شىعارمىن	5
توشادى	ەكەن	8
كەتىپىن	عوي	10
كولدەي	كوڭىلىڭە	13
كولدەي	كوڭىلىڭىزگە	5
وتىرعامىن	جوق	10
دەنساۋلعىڭىز	جاقسىما	11
قۇشاعىما	الىپ	10
قۇشاعىما	قىسىپ	11
جۇرىپتى	عوي	11
كەتۋشى	ەدى	8
كەتۋشى	ەدىم	8
كەتۋشى	ەدىڭ	8
ۇيقم	كەلمەي	10
ۇيقم	كەلپ	11
اماندىقپەن	جۇزدەسەيىك	12
وڭىنا	باسىپ	8
وڭىنا	باسسىن	11
جۋادى	ەكەن	5
احۋالىڭ	جاقسىما	13
احۋالىڭ	جاقسى	8
شىعامبا	دەپ	10
بەرەمبا	دەپ	4
ۇزىمنەن	ۇزىم	6
اراعىڭدى	ىشىپ	13
قابىر	باسىنا	7
كورپەگە	كىرىپ	10
كورپەگە	ورانىپ	11
سەندەدە	بار	12
كورپەنىڭ	ىشىندە	11
ايەلىنە	تەلەفون	11
ۇيىقتاعالى	جاتىرمىن	8
قىلاما	دەپ	10
تۇسىنۋگە	بولادى	7
كەتىپتتى	عوي	2
تۇرار	ەدىم	11
پىسىرايىن	دەپ	3
شىعارمايدى	ەكەن	9
كەتەيىنبە	دەپ	11
مۇجازىڭ	قالاي	8
كۇرىنبەيدى	عوي	12
جوعى	جاقسى	8
جۇركەم	جوق	8
الدنعى	كۇنى	11
جاقسا	بولدى	8
ماقىل	جانىم	11
كۇپتەن	بەرى	3
كۇپتەن	كۇپ	7
دايدۋزى	ماشينا	8
قابارلاسپايسىڭ	عوي	9
ەمدەۋ	الىپ	12
اتاسىنىڭ	بالاسى	10
وستان	كەيىن	9
وستان	بىلاي	10
قىلعىم	جوق	10
قىلعىم	كەلىپ	12
قىلعىم	كەلمەيدى	12
توعىزعا	دەيىن	5
كالى	بولىپ	5
شىقالى	جاتىرمىن	11
تابەت	جوق	6
قامىن	ويلاپ	9
قامىن	جاز	11
جۇرگەمىن	جوق	2
ءىسىڭ	ىلگەرى	8
كۇرسەك	بولادى	12
قايتساق	بولدى	13
مالقا	قاراپ	12
لياڭ	ساي	9
اينىماي	كەلسىن	7
كەرەكى	جوق	10
باپ	بولدى	6
ۇڭباعان	سول	10
تانستىق	بەرىپ	6
اكەتەدى	ەكەن	10
كەزىكەيىك	بولاما	10
تىڭجىي	بولىپ	6
دۇنەن	ايعىر	8
سۇمپايى	سول	10
سۋرەتىڭدى	جولداشى	13
سۋرەتىڭدى	جولداپ	11
بيكتەردەن	كورىنە	10
شەشەدى	عوي	5
مامپار	جاساپ	9
قايتارمايسىڭ	عوي	12
جەدىڭ	عوي	4
سوزىمە	جاۋاپ	5
سولدا	جەتەدى	8
بۇگننەن	باستاپ	8
اڭگىمەسىن	ايتىپ	11
شارشايدى	ەكەنسىڭ	12
كىناشقاسى	بار	12
سەزىمىم	كەلىپ	11
بيشى	ەكەن	9
ايىتىڭ	قابىل	11
جىبەرمەيدى	عوي	13
جەتىسپەي	جاتىر	11
جۇنىڭ	جوق	12
جۇنىڭ	بار	10
جۇنىڭدى	ايتىپ	6
تازالايمىن	دەپ	11
دانباۋ	بولىپ	11
دانباۋ	ادام	12
قىلمادىڭ	عوي	7
قىلمادىڭ	دەيدى	11
سالامات	بولسىن	11
شاعانتوعايعا	باراتىن	10
قويايىنشى	دەپ	7
ساعىنبادىڭبا	جانىم	11
بۇعى	شىبىعى	14
ءانىن	جولداپ	10
مۇكىن	ەمەس	9
بايقاساڭ	بولمايما	13
سۇيۋ	دەگەن	3
قجالات	بولىپ	8
بىلگەنى	سول	5
بىلگەنىڭ	سول	4
بىلگەنىڭدى	ىستە	9
بىلگەنىڭدى	قىل	7
بارلىعىم	مەنىڭ	12
سۇيلەسەيىن	دەپ	8
اسەرى	جوق	7
الاتندار	بولسا	8
مىقتىسىڭ	عوي	10
ۇىزىڭ	نەعىپ	8
ۋاقتىڭىز	بولسا	10
ۋاقتىڭىز	كوڭىلدى	14
كۇلدەي	كۇڭىلىڭە	11
كۇلدەي	جايناپ	6
رەنجىمەسەڭ	بولدى	2
انەۇ	كۇنى	11
جاعادى	ەكەن	11
نانىڭدى	پىسىرىپ	10
زانلى	قىلىپ	9
ءانەۋ	كۇنى	12
جۇرگەندى	جاقسى	9
شققام	جوق	7
شارا	جوق	12
قارايمىز	عوي	6
ماقتان	ەمەس	2
ورايى	كەلگەندە	8
بىرىڭعاي	ات	11
بودان	كەيىن	8
ۇيشىنى	جوق	11
ۇيشىنى	بار	10
ۇيشىنىن	اتىپ	9
ءوتتى	عوي	8
توبىما	قوسىپ	7
ۇلەيىن	دەپ	9
ۇلەيىن	دەدىم	6
ۇستيسىڭ	عوي	7
ۇستيسىڭ	ەمەسپە	12
تەرەزەنى	اشىپ	10
ماگازىن	اشىپ	7
قاشتىڭ	عوي	10
بىلەسڭ	عوي	11
اجىراسايىق	دەپ	6
جاقىنداپ	قالدى	11
ۇشكۇن	بولدى	10
كەزىگەيىن	دەپ	11
قوداي	ساقتاسىن	10
كەتپەشى	بولاما	6
جانىمنان	ارتىق	12
سۇيلەۋگە	قولايسىز	2
تۇرماساڭ	بولمادى	8
وپەراتسيا	جاساتىپ	7
تانىيمىن	عوي	5
كەتبەسە	بولدى	10
ريزامىن	ريزامىن	3
گەلگەن	جوق	9
تۇگىم	تۇگەدى	10
تۇگىم	تۇگەپ	9
سەگىزىنشى	ايدا	6
سەگىزىنشى	اي	11
سەگىزىنشى	ايدىڭ	15
ايتۋدىڭ	قاجەتى	11
قۇرساقتى	اشىردىڭ	7
اشىمايدى	ەكەن	4
وزاق	بولسىن	9
بىتەيىن	دەپ	5
بىتەيىن	دەدى	9
اپتاسىنا	بىر	8
جوقسىڭدار	عوي	5
ەستىي	الماي	1
ەستىي	المادىم	10
جازىپتى	عوي	10
تانىستىق	بەرىپ	8
البان	ىشىندە	12
جاتساڭدار	بولدى	1
تۇننىڭ	بىر	5
تۇننىڭ	ورتاسىندا	11
كەلمەسىن	دەپ	8
ەشتەمەگە	زاۋقىم	10
وقشاپ	تۇر	4
بارمىزدە	سول	8
كورمەدىڭ	عوي	11
بىلتىردان	بەرى	9
شدايمىن	عوي	6
سۇرتەتىن	قاعاز	6
بولمادىڭ	عوي	10
سارتوعايدان	شىڭگىلگە	2
دەنساۋلىعىڭدى	كۇت	3
ۇيتاپ	قالدىڭبا	11
تورتەۋى	تۇگەل	10
تۇرعانىڭ	جاقسى	10
چانىم	سول	11
تاماقتارىڭدى	ىشىپ	7
شعاردى	عوي	7
اشۋىمدى	كەلتىرىپ	10
جارىمعا	دەيىن	8
ۇستىڭە	شىعىپ	4
دارىمدى	ىشىپ	7
وتەمىن	جانىم	8
حالىڭ	قالاي	12
جانىمسىڭ	عوي	11
جاساعىم	جوق	8
جاساعىم	كەلمەي	11
جاساعىم	كەلمەيدى	9
قابارلاسپاعالى	كوپ	4
ساتلىپ	كەتتى	5
قالۋشى	ەدى	6
قالۋشى	ەدىم	9
قالۋشى	ەدىڭ	8
سۇزىمە	جاۋاپ	10
شايىشىپ	وتىرمىن	9
شايىشىپ	وتىرمىز	11
جاتاعىڭا	بارىپ	7
ۇيقىمدى	اشىپ	6
قوناعى	بولۋعا	10
قوناعى	بولىپ	16
ەوندا	جاقسى	7
ەوندا	بولدى	9
حۇڭباۋدى	الىپ	7
شكەم	جوق	9
جاۇىن	جاۇىپ	11
سويلەيىم	دەپ	3
وياندىڭبا	جانىم	12
سۇيكىمدىسىڭ	عوي	6
شۇبىن	سالىپ	10
وترعام	جوق	5
دەدىڭىز	عوي	10
جاراسپايدى	ەكەن	9
ۇندەمەياق	قوي	10
بۇيىرعانى	بار	11
تاڭدارىڭ	ارايلى	10
تاڭدارىڭىز	ارايلى	1
بلسەڭ	بولدى	6
تۋعالى	تۇر	7
تۋعالى	تۇرعان	10
تۇرڭنەن	اينالايىن	11
اماندىعىن	بەرسىن	8
اقدالادان	شىڭگىلگە	12
توقتاعان	جوق	10
قۇلاعىڭ	تىنىش	11
تۇسپتى	عوي	6
كۇرگىڭ	كەلىپ	9
تاڭىڭ	ارايلى	11
كەشرشى	جانىم	11
كەشرشى	كەشرشى	9
جۇايىن	دەپ	9
جۇرمەسەڭ	بولدى	9
گۇنىم	كەمپىر	10
تۇرلەرى	بار	11
جۇرگەمىز	جوق	10
جولداماياق	قوي	8
بۇلساڭ	بۇلدى	9
الدامايمىن	جانىم	8
ساۋدالارىڭ	كۇسەت	8
قۇربىلارىنىڭ	الدى	11
تۇرامبا	دەپ	7
باراتىندارىڭ	بارما	8
نيەتىڭ	قابىل	5
اڭگىمەڭدى	ايتىپ	12
اڭگىمەڭدى	ايتا	11
قامىر	باسىنا	10
قايناتا	بەر	9
سۇراماياق	قوي	2
سۇراماياق	قويايىن	4
جەڭىلدىكپەن	الىپ	5
الايدا	بىلاي	11
قالمايمىن	عوي	9
تۇرعامىن	جوق	12
ءجونى	بولار	10
قلادى	ەكەن	8
اشىلمايدى	عوي	11
جاتۋ	كەرەك	8
جاتۋشى	ەدى	3
جاتۋشى	ەدىم	6
اشىر	جاقىندارىم	9
ارايلاپ	اتقان	6
كەتپەگەن	شىعار	3
قويىپپىن	عوي	4
ەشگىم	جوق	8
اشقام	جوق	3
اجال	كەلسە	11
بامۇ	سىز	9
شارشاعانىڭ	باسىلىپ	11
ورايىن	تاۋىپ	11
بيشاۋعا	تۇسىپ	6
جارباسقا	بىر	11
ۇيرەنەيىن	دەپ	6
شاقىرمادى	عوي	14
شاقىرمادى	دەپ	9
تيەم	دەپ	10
تيەمە	دەپ	8
شىعايىنبا	دەپ	6
ازدىق	بار	8
شىعاراسىڭ	عوي	3
سويلەمەگەن	سوڭ	10
مۇباراك	بولسىن	5
كەشگى	تاماق	7
جەرلەرى	بار	9
مينوتتان	كەيىن	10
مينوتتان	سوڭ	3
بەرەكەگە	تولسىن	11
تۇنسىز	جوق	11
باۋراپ	الدىڭ	6
يگىلىگىڭە	ىستەت	8
وندايى	جوق	12
وندايىم	جوق	3
ەگەنسىڭ	عوي	1
ساعىناسىڭ	عوي	11
قيمل	باعادا	3
ساعىنامىن	عوي	12
جەتنشى	ايدا	8
شىعاردىڭ	عوي	8
تارتىڭ	جول	11
سىلتاۋىڭ	كوپ	12
قويدىڭدار	عوي	9
شىققاننان	كەيىن	9
اندەرىڭ	كەرەمەت	10
اندەرىڭ	كۇشتى	10
ارىت	ارتىنان	7
قۇلايلى	كەزدە	10
قۋىق	استى	12
قۋىق	تۇبى	7
نومىرڭدى	جولداپ	13
نومىرڭدى	جولداشى	10
جىلاماشى	جانىم	10
بارماپتى	عوي	7
ايتۋى	بويىنشا	11
ايتۋىڭ	كەرەك	7
ايتۋىڭ	بويىنشا	7
ۇيرەنۋدە	وتىرمىن	6
نەدەسە	ول	9
نەدەسەڭ	سول	6
كوتەرمەيدى	ەكەن	9
سۇتتەن	اق	10
توگىم	تۇگەپ	13
توگىم	تۇگەدى	9
جازعام	جوق	10
تۇسنسەڭ	بولدى	9
ماشيناڭا	ماي	7
ايتقاننىڭ	كەلسىن	6
ۇيقىسىن	بەرسىن	9
قارىنى	اشىپ	7
قارىنىم	اشىپ	6
راسمىڭدى	جولداپ	9
راسمىڭدى	جولداشى	10
ءساتتىلىك	بولسىن	6
قاباعى	بەس	2
تۇگەمەي	جاتىر	7
تۇگەمەيدى	عوي	7
قاراعام	جوق	6
قوسپاياق	قوي	9
بولمايىن	دەپ	4
ەكىسى	كۇنى	6
توسىن	سي	11
قايتسەڭ	ۇيىت	9
قايراتتى	بول	8
جەتىسە	الماي	5
وتىرعىم	كەلىپ	10
جۇمىستارىم	بار	8
قورقنشتى	ەكەن	6
كۇنىنەن	باستاپ	9
ىستەتەيىن	دەپ	8
باستالعان	جوق	3
انىڭىز	كۇشتى	3
انىڭىز	اۋەلەي	11
ەندىكى	جولى	12
ارقاڭ	عوي	10
بارعانىڭ	جاقسى	5
اللاۋ	اللاۋ	10
قىلمايسىڭ	عوي	11
سۇرىنبەي	وتىپ	8
بەيقۇت	ۇي	8
بىتپەيدى	ەكەن	7
سۇرامايتىن	ەدىم	1
ۇيتبەيمىن	جانىم	10
مازاسى	كەتىپ	9
مازاسىن	الىپ	3
كوڭلىن	سۇراپ	10
اشقالى	جاتىر	10
سۇراماعان	بولايىن	10
جۇرۋگە	قولايلى	9
الامىنبا	دەپ	11
جازدىرا	سال	18
جازدىرا	سالشى	8
جازدىرا	سالايىن	10
سونكى	عوي	9
ىسىڭىز	ىلگەرى	6
سالعىم	كەلىپ	10
بولۋىن	تىلەيمىن	11
دەنساۋلىعىم	جاقسى	8
كەكەپ	مۇقاپ	9
اكەلەمىن	دەپ	8
شاتقا	تولسىن	11
تۇسنەسىڭ	عوي	2
ەستىلمەيدى	ەكەن	12
ەستىلمەيدى	عوي	9
قالجاي	قالاي	3
قالجايىڭ	قالاي	5
جايىم	بار	11
جارىمنان	كەيىن	6
وقۇشى	بار	11
ۇياڭ	باقىتتى	4
جەگەم	جوق	9
تۇسنكتى	بولدى	10
سالار	ەدىم	6
ۇزىڭنىڭدە	ايتىڭ	6
اڭكمە	ايتىپ	10
سۇيتىم	عوي	9
جىبەرەمىن	عوي	11
حاتىم	قابىل	6
سىڭعىرلى	بولسىن	12
تۇسىرەم	دەپ	4
بۇيرعان	كۇنى	10
وقساپ	قالادى	10
كەلگەنىڭ	جاقسى	7
ايتىپسىڭ	عوي	9
اسقازانىم	اۋىرىپ	9
سۇيتپتى	عوي	7
سەزىلىپ	تۇر	12
دەمەدىڭ	عوي	9
كارامات	بولىپ	5
پانا	بولماي	10
ايىتقانىڭىز	كەلسىن	4
تۇسنۋگە	بولادى	10
جەرگىلىكتى	ۋاقىت	2
تۇرعالى	جاتىرمىن	8
بەلگسىز	بولىپ	6
شىعامىزبا	دەپ	2
جىرىت	بولىپ	7
تىلىڭنەن	سورىپ	7
اقىلىڭدى	ايتىپ	11
جىلداي	بولدى	6
ىسڭە	ساتتىلىك	10
وندادا	بولادى	11
ۇمىتپايمىن	عوي	2
بەتپە	بەت	8
ىلەدەن	بولامىن	11
ايدايىن	دەپ	8
تەتىر	قاراپ	5
لگەرى	بولسىن	10
سابىرلى	بول	5
ماڭايدى	تازالاپ	8
بۇزاۋلى	سيىر	15
اسىڭدى	ىشتىڭبە	11
اسىڭدى	ىشىپ	12
سەنەندە	ۇيات	5
كەلسىم	بار	5
جۇرسەڭدەر	بولدى	11
تانمادىم	عوي	12
بىرىڭدى	بىرىڭ	9
تالەيىم	جوق	10
شەگەتىن	بولدىڭ	8
ماسكى	تاعىپ	3
ديىڭ	ۇي	8
ديىڭ	ديىڭ	11
باراتىندارىڭىز	بارما	6
باراتىندارىڭىز	قابارلاسىڭىزدار	7
قويىڭىزدارشى	راحىمەت	8
ويىڭىز	بولسا	11
ويىڭىز	بار	12
ويىڭىز	بارما	11
ۇستىمە	شىعىپ	10
شاتاعىم	جوق	9
شاتاعىم	نە	4
بەرگەننەن	كەيىن	5
ايتپسىڭ	عوي	4
زەيىن	سالىپ	9
شعارايىن	دەپ	2
ءنومىرىن	جولداپ	10
اتپۇش	قانداي	11
انىت	بەرەيىن	8
جىلىنا	بىر	7
ىرەنجىمەشى	جانىم	10
ىرەنجىمەشى	بولاما	10
كوڭلسىز	بولىپ	9
قىستاعىنىڭ	تۇرعىنى	9
ەكىلىكتى	جايمالاپ	9
تارتتىم	عوي	2
ۇرلەيتىن	جولاۋشىلار	1
ۇرلەيتىن	كۇلىك	8
ويلاۋ	كەرەك	10
كەتڭىز	عوي	8
ورنىمدا	سەن	2
ورنىمدا	تۇرىپ	8
بۇكىنكى	كەلىپ	11
اپارعالى	جاتىرمىن	7
قۇدالىق	سويلەسىپ	13
قۇدالىق	قۇتتى	8
قوزدى	قوي	11
اقكوڭىل	اشىق	10
ەكەسىڭدەر	عوي	2
باسلماي	تۇر	9
قايتارمادىڭ	عوي	9
قايتپايدى	ەكەن	9
قابارلاسامىز	عوي	11
ەكەمىزدەن	باسقا	5
ايانشتى	ەكەن	10
جاۋاتىن	سياقتى	11
بولارما	ەكەن	5
ەكەسىز	عوي	9
ۇيجاقا	ايتاپ	9
دەنساۋلقتارىڭ	مىقتى	9
دەنساۋلقتارىڭىز	جاقسىما	8
دەنساۋلقتارىڭىز	مىقتى	10
دەنساۋلقتارىڭىز	مقتى	7
دەمالسىن	دەپ	10
توشباي	تۇر	11
سىڭدار	عوي	7
شاڭىراقتا	جاقسىلقتار	9
ساعىنادى	ەكەم	4
تورتنشى	ايدىڭ	11
قايتارساڭ	بولدى	5
اقىلىن	ايتىپ	8
بۇرنعداي	ەمەس	10
الۇشىلار	بولسا	10
الۇشىلار	قابارلاسىڭىزدار	3
جۇقپاسىن	كەرەمەت	6
كەلەيىنبە	دەپ	10
زاتتارىڭىز	بولسا	8
كيلسى	قانشا	7
كيلسى	يۋان	6
جورتقاندا	جولىڭ	9
جورتقاندا	جولدارىڭىز	5
بالەن	جىل	10
كۇنبە	كۇن	11
كۇرمەگەلى	كۇپ	11
اراعىن	ىشىپ	10
وينايتىندار	بارما	5
پسىرايىن	دەپ	6
تانىيدى	ەكەن	8
سالەمدەسىپ	قويايىن	8
بەرەكەسىن	بەرسىن	1
تاماقتانىپ	ارەكەت	11
قىزىعۋشىلار	بولسا	7
شاكۇرتىدەن	اۋدانعا	8
سىيلاپ	جاتىر	9
قينالاسىڭ	عوي	7
اكەلسەڭ	بولدى	8
نارسەلەرىڭدى	الىپ	9
تابەتىم	جوق	5
تابەتىم	تارتپاي	7
جارعىم	سول	9
بۇرىكپە	سۋ	11
بلەسڭ	عوي	9
تۇسىنەمىز	عوي	6
مۇمكىندىك	جوق	7
ساپارىڭ	ساتتى	2
ساپارىڭ	ءساتتى	9
وتپەيدى	ەكەن	7
قاتىردىڭ	عوي	8
قىزىقتىرىپ	جىبەردىڭ	2
ساۋىر	ايى	10
المادىڭىز	عوي	6
باعالى	بولسىن	5
كۇلسىن	دەپ	9
قايتسەك	بولادى	4
قايتسەك	بولار	5
جىيىندا	وتىرمىن	12
مولشەرمەن	قانشا	4
اياقتاعان	سوڭ	11
اياقتاعان	جوق	11
كۇرمەدىك	قوي	6
توعىزىنشى	ايدا	8
توعىزىنشى	ايدىڭ	9
مۇرنىم	بىتىپ	4
تىلەگىمىز	قابىل	10
تۇسكەننەن	كەيىن	7
بەكىمگە	كەلىپ	10
بەكىمگە	كەلدىم	8
ارقام	اۋىرىپ	8
شنمدى	ايتسام	6
جۇرمەگەن	سوڭ	9
پالەسىڭ	عوي	10
مىيىمدى	جەپ	9
ۇيىقىڭ	كەلدىمە	6
تويىڭ	قۇتتى	19
تويىڭ	قاشان	15
تويىڭ	تويعا	7
تاماعىڭنان	يسكەپ	2
اۋمايدى	ەكەن	8
قىيمايمىن	جانىم	11
قازىردەن	باستاپ	10
قازىق	بولىپ	8
بتپەي	جاتىر	1
سورام	عوي	9
ۋاقتقا	دەيىن	2
مىنەر	جاق	19
مىنەر	جاعى	3
مىنەر	جاعىندا	13
شارشاعانىم	باسىلىپ	9
شاتىعا	بىر	2
جەگەنىن	قويمايدى	8
مىڭدا	بىر	4
مىڭدا	مىڭ	6
باريىق	دەپ	9
قابارلاسالماي	جاتىرمىن	10
قابارلاسالماي	قالدىم	7
ەستگىم	كەلىپ	2
ەستگىم	كەلمەيدى	7
كەلۋشى	ەدى	11
بۇلىنىپ	كەتكەن	10
بوساعاسى	بەرىك	11
جالپىڭا	جاعالاي	3
بالالارمەن	بىرگە	9
سۇيلەكىڭ	كەلمەي	3
سۇيلەكىڭ	كەلمەسە	6
كولەمدە	تارقاتىپ	5
تۇيدەن	تۇيدەن	4
بەرمەيىن	دەپ	7
اۋردىم	دەپ	3
جانباس	وكىل	10
ۇياتپا	دەپ	8
كوڭىلدەرىڭ	جاي	7
تۇسىنكتى	بولدى	6
تۇسىنكتى	بولۋ	9
بولۋىڭ	كەرەك	8
بولۋىڭ	مۇمكىن	6
شارشاۋ	بار	10
ۇيىقتاماپسىڭ	عوي	7
ءجۇز	يۋان	11
شىققىم	كەلىپ	11
شىققىم	كەلمەي	10
قوساعىڭمەن	قوسا	8
توقتامعا	قول	2
جەتەيىن	دەپ	7
وزىڭىزگەدە	راحىمەت	7
ىستىعى	اسىپ	1
جۋعام	جوق	9
ازابىن	تارتىپ	10
قولدىڭ	كىرى	7
قوسپادى	عوي	7
قوسپادى	دەپ	9
جۇرىپپىن	عوي	9
تيىمدى	باعادا	6
بورتالادان	تاقياعا	11
بورتالادان	دالداعا	12
قايتقىم	كەلىپ	6
قايتقىم	كەلمەي	6
ۇيىقتاعام	جوق	9
جوقسىز	عوي	2
كۇرىنەدى	ەكەن	4
قيمىلدان	قاعىس	2
توبىڭ	قۇتتى	2
توبىڭا	قوسىپ	7
تابلماي	جاتىر	5
بۇلتتاپ	تۇر	6
تۇرماعان	سوڭ	9
توبىنداعى	بارلىق	11
توبىنداعى	توراپتاستار	8
ورايدان	پايدالانىپ	4
وتىرستارىڭ	كوڭىلدى	10
سالعانىم	عوي	3
ۇندەمەگەن	سوڭ	1
ۇندەمەگەن	سايىن	9
كۇڭلسىز	بولىپ	6
جلدان	بەرى	8
توشقان	جوق	6
قۇلىننىڭ	تۋىلعان	4
نەعىب	جاتىرسىڭ	6
كوپتەي	كور	7
كوپتەي	كورىپ	5
جاساماياق	قوي	5
يسكەگىم	كەلىپ	9
ءباي	ءباي	5
ىشم	اۋىرىپ	4
باراينشى	جانىم	11
قورلىق	جوق	1
تارتايىن	دەپ	10
تارتايىن	دەسەم	10
ەسمدە	جوق	7
اتساڭىز	بولدى	6
باستايىن	دەپ	9
عاناسىڭ	جانىم	8
ازىردەن	باستاپ	9
ميعا	قان	2
دايىنداي	بەر	7
قالعاننان	كەيىن	10
قالعاننان	قالايسىڭ	10
قاشانعا	دەيىن	8
تۇسكۇر	جانىم	4
جۋعالى	جاتىرمىن	6
ۇيرەتەدى	ەكەن	6
ىشۋگە	بولمايدى	7
اپسىڭ	عوي	10
اۇلاق	جۇر	8
كەلتىرە	الماي	9
سورعىم	كەلىپ	3
الدايتىن	كۇن	2
قيناماشى	بولاما	10
قوينىما	الىپ	7
قستان	امان	8
بۇيىرىم	اۋىرىپ	5
قۇسايسىڭ	عوي	7
نەدەسەم	بولادى	9
نەدەسەم	بولار	8
ماشينەسى	بار	9
كەشرىم	سۇراپ	2
كەلەشەكتە	مىقتى	1
كەلەشەكتە	جارامدى	9
جاستارى	ۇزاق	6
جاستارىڭ	ۇزاق	4
جاسامايدى	ەكەن	2
دىبس	جوق	9
قاراماپتىم	عوي	7
بولامبا	دەپ	10
ساعاتتىڭ	الدىندا	7
تۇسىرەيىن	دەپ	7
ەتپەيتىن	شىعار	6
قايتامىزبا	دەپ	11
تاڭعالىپ	وتىرمىن	6
اتپاياق	قوي	8
ءاڭگمە	ايتىپ	7
گازى	بار	5
كىرگەم	جوق	5
جىنىڭ	ۇستاپ	7
العاندارىڭ	جاقسى	8
كوركىم	كەلىپ	4
جاتايىنبا	دەپ	7
ۇرساما	دەپ	8
قالاۋىڭ	بىلسىن	7
بىلگىم	كەلىپ	9
بىلگىم	كەلەدى	6
ايتتڭىز	قابىل	10
قارتتار	قامسىزداندىرۋ	11
قسىم	بولىپ	10
سالەمڭ	قابىل	5
سالەمڭ	قابل	7
بەيجيىڭ	ۋاقىتى	5
جۇكتەرىڭىز	بولسا	10
بازارلى	بولسىن	2
تۇساق	قوي	2
قوسلماي	قويدى	11
ءىشەيىك	دەپ	3
كورپەدە	جاتىرمىن	8
ىڭعايسىز	بولىپ	5
قاجەتىم	جوق	7
تڭجي	بولىپ	6
كەتكىڭ	كەلىپ	10
كەتكىڭ	كەلسە	7
بالنيساعا	جاتىپ	10
ىشكەننەن	كەيىن	8
قىزعۋشىلار	بولسا	7
ۇۇكۇنىم	سول	4
قىزسىڭ	عوي	11
وسپە	بار	9
جولداعانىم	عوي	9
جاقىنان	بەرى	10
يۇات	بولدى	11
رەسىمگە	تارتىپ	12
رەسىمگە	تۇسىپ	11
جەسەك	بولادى	7
ازىل	قالجىڭ	9
كۇنەستىڭ	قاي	10
داتىڭ	بەرىك	9
تۇرعاننان	كەيىن	2
اجىراسامىن	دەپ	9
جەڭىلدىگىن	بەرسىن	1
باسمىز	امان	3
جۇرسەكتە	امان	10
كەرەكسىڭ	جانىم	11
بوپسىڭ	عوي	6
تاپا	تال	5
تومپيعان	تۇرىڭنەن	7
ۇرماياق	قوي	10
ۇمىراي	دەشى	5
تۇلىك	ارالاس	5
سۇندەتى	سۇلۋ	9
سۇندەتى	جەڭىل	6
سۇندەتى	قابىل	17
الۋشلار	بولسا	7
كوزىمنەن	جاس	7
قالارما	ەكەن	9
قانادى	عوي	8
قالۋى	مۇمكىن	4
اكەممەن	شەشەم	2
دەنساۇلىعىڭ	جاقسىما	6
بۇگۇنگى	كەلىپ	6
باستادىڭ	عوي	4
سەميام	بار	8
ساقاۋ	بولىپ	6
ىشكەمىز	جوق	9
توستىرىپ	قويدىم	10
سالدىرايىن	دەپ	2
بيلەيتىن	جەرگە	9
قىزىمەتىڭىز	تابىستى	4
ەشكىنىڭ	سۇتىن	7
سوزىڭىز	عوي	8
تىلەگىڭىز	قابىل	2
انگىمە	ايتىپ	5
جاساتايىن	دەپ	9
ءانىڭىز	اۋەلەي	6
قارىنىڭ	اشىپ	9
مەيسىڭ	عوي	7
ەدۇرس	ەكەن	5
بولۇشى	ەدى	7
قازاسى	قايىرلى	5
جازعى	تۇرىم	7
ىڭعايىنا	قاراي	7
جاققانىڭدى	قىل	8
كەزىگەمىن	دەپ	8
بىرايدان	كەيىن	9
ساتتلىك	تىلەيمىن	7
قاباعىنا	قاراپ	6
تەڭشەي	الماي	4
تەمىردى	قىزۋىندا	2
جاعدايلارىڭ	قالاي	4
كەتبەسەڭ	بولدى	2
شارشادىڭىز	عوي	8
قارادان	قارا	9
قارادان	قاراپ	9
تابىلاتىن	شىعار	2
سالۋشى	ەدىم	8
كىشكەنەڭ	قانداي	7
بۋلى	قىلىپ	9
الماپسىڭ	عوي	6
وقشاپتى	عوي	8
جولداماڭىز	كەرەمەت	5
ماشىيناڭ	قۇتتى	6
اسايىن	دەپ	8
كۇرمەدىڭ	عوي	4
ىزدەستىرىپ	جاتىرمىن	8
تۋمانىڭ	باۋى	3
اتپالى	ازامات	10
كىمىم	بار	5
قويدڭ	عوي	6
ومىراي	دەشى	7
كەتەمبا	دەپ	1
قۇڭباۋىن	اتىپ	10
قاراستىرا	جۇر	8
ستەگەم	جوق	9
بەرىلگەن	جوق	4
ەسڭدى	جيىپ	3
بۇگىنگە	دەيىن	4
بەيىت	باسىنا	4
ءولدىم	عوي	7
قابارلاسقىڭ	كەلمەسە	9
قابارلاسقىڭ	كەلمەي	10
سۇرەتىڭدى	جولداشى	10
مالىنا	قاراپ	5
تولتىرا	الماي	7
قايتۋىم	كەرەك	8
تۇگەيىن	دەپ	7
تۇگەيىن	دەدى	8
تۇسىندىرە	الماي	5
بىرمە	بىر	7
تەلەفونىمدا	توك	10
تەلەفونىمدا	تۇك	4
تاستايما	دەپ	7
قايتاردىڭ	عوي	7
دبىس	جوق	9
قالامىنبا	دەپ	9
ىنەن	باستاپ	4
ايىرلمايمىن	جانىم	4
كۇنمە	كەرەك	8
شايىڭىز	قۇتتى	9
قاراماپپىن	عوي	6
ەلەمەيسىڭ	عوي	2
كەلمەسكە	كەتتى	4
جازىلسا	بولدى	4
قاراتوبەگە	بىر	6
قينالاتىن	بولدىڭ	7
ايتلعان	سۇز	5
جۇرەكتەگى	ارمان	6
سالساڭدا	بولادى	7
سالساڭدار	بولدى	5
تاماعىڭىز	قارلىقپاسىن	7
حابارىن	بەرە	9
جوعالدىڭ	عوي	7
تاپقام	جوق	7
تونارعا	نان	1
قازىرگە	دەيىن	7
ىستەيتىندەر	بولسا	9
ۇياتى	جوق	6
دەپپە	ەدىڭ	9
توقتاتا	الماي	4
شاشاڭا	شاڭ	9
قوسلمايدى	ەكەن	1
ۇيقتايىنبا	دەپ	8
ۇنحاتقا	قوسىپ	6
كولك	بارما	3
سابيدىڭ	ۇيقىسىن	2
سابيدىڭ	ۇيقسىن	8
وكپەم	جوق	3
ءاندەرىڭ	كۇشتى	3
اتاممەن	اپام	4
قاربالاستاي	بەر	9
ۇيتپەيتىن	شىعار	1
مىناسى	نەسى	7
ارالاسقىڭ	كەلمەسە	8
جۇمىستارىمدى	بىتىرىپ	4
دەنساۋلعىڭا	كوڭىل	10
ۇزات	بولسىن	13
جاعىدايعا	قاراپ	8
جاتاعوي	جانىم	6
وتكەننەن	كەيىن	3
وتكەننەن	بەرى	6
كۇندەردەن	ايىرماسىن	10
وسىنداعى	بارلىق	7
الدىڭىزدان	شىقسىن	10
دەمەياق	قوي	8
ەستلمەي	قالپتى	2
ارتا	بەرسىن	6
قوشال	بولىپ	10
تولمايدى	ەكەن	9
جىباۋ	كۇڭىلدى	1
سۇيلەمەگەن	سوڭ	5
اليكى	سالەم	6
اليكى	سالام	6
اپاتسىڭ	عوي	4
اپارامبا	دەپ	3
توشالى	كولىك	5
ەستۋ	قولايسىز	10
ەستۋگە	قاراعاندا	7
قاسىيەتتى	ورازا	5
ولتىرەتىن	بولدىڭ	9
جبەردىڭ	عوي	6
شىقپاياق	قوي	10
تانىسۋعا	بولاما	9
تانىسۋعا	بولارمەكەن	6
كۇندەرىمىز	كوڭىلدى	7
سەمىزدىك	تومەندەگى	5
ولەر	بولدىم	1
ۇعىسايىن	دەپ	9
تابىستارىڭ	مول	3
ساز	بەت	4
دۇعاي	سالەم	4
ۇزاعىنان	سۇيىندىرسىن	5
امىر	جوق	10
كيەيىن	دەپ	8
تىرداي	بولىپ	5
ەتىنەن	جەك	8
ورمانداي	قالقىم	9
جىبەرەسىڭ	عوي	5
كومەگىڭ	بولسىن	9
دەنمىز	ساۋ	4
شۇندەرىڭ	قۇتتى	6
موتادان	جىعىلىپ	12
تارتقام	جوق	5
الدايىن	دەپ	9
سالەمڭىز	قابىل	5
جۇمستارىم	بار	5
تەكسەرۋشى	كەلەدى	11
تەكسەرۋشى	كەلىپ	10
قالتاعا	سالىپ	8
قاتىرعان	ەكەن	4
ۇرپسىڭ	عوي	8
ىسەنبى	كۇنى	10
ىسەنبى	جەكسەنبى	8
اسىرا	ماقتادىڭ	5
شاقىرايىق	دەپ	8
قۇلدايىن	دەپ	5
بيجيىڭ	ۋاقىتى	9
قاشاجاردان	اۋدانعا	7
دانقاۋىن	جولداپ	6
كورمەياق	قوي	4
وتىرۋ	كەرەك	2
اشۋىن	كەلتىرىپ	6
جىگىتسىڭ	عوي	8
كيناۇ	كورىپ	7
دەمالىسىڭ	كوڭىلدى	5
بولۋىڭدى	تىلەيمىن	9
ارىقتاي	الماي	7
ارىقتايمىن	دەپ	5
سىككىم	كەلىپ	8
حابىل	بولسىن	2
ۇيتەتىن	بولساڭ	2
بارمبا	دەپ	7
كورسەتتىم	عوي	8
سۇيتتىڭ	عوي	7
ەشتەڭەسى	جوق	2
قانسا	بولدى	7
ۇقىق	جوق	2
ماشيناڭىز	قۇتتى	7
بىلەسىڭدەر	عوي	9
جەرىك	بولىپ	9
قالۋىم	مۇمكىن	6
قۇڭباۋىڭدى	اتىپ	6
عايىپ	بولىپ	2
اقۋالىڭ	جاقسىما	6
اكەلمەي	اق	6
مۇمىكىن	ەمەس	8
تاڭسىق	ەمەس	8
كوبەيە	بەرسىن	4
باستاعالى	جاتىر	9
قويۋشى	ەدىم	7
جازار	مول	2
اتپادىڭ	عوي	7
جباردا	وتىرمىن	10
ايتارعا	بولماسا	7
باقىتتان	باسىڭ	5
باقىتتان	باستارىڭ	8
سوندايسىڭ	عوي	8
ۇزڭەدە	راحىمەت	3
مارتە	راحىمەت	9
كورگەننەن	كەيىن	1
ونشاقتى	كۇن	3
سالاڭ	بولىپ	6
سوقساڭ	بولدى	8
ايناعا	قاراپ	3
ساتىلماي	تۇر	11
سىزشە	ءوزىڭىزدەگى	2
كورىنبەيسىڭ	عوي	9
ۋاقتتان	كەيىن	3
ۋاقتتان	بەرى	6
وتباسىمىز	امان	4
جاعدايىنا	قاراي	8
بىرقىسىم	بولىپ	5
شعامبا	دەپ	3
ىستەمەياق	قوي	8
كەمشىل	بولىپ	6
بولۋىم	كەرەك	4
قىجىلات	بولىپ	2
دانحاۋىن	جولداپ	5
قامسىزداندىرۋ	قاراجاتىن	9
اشتىرايىن	دەپ	7
باتىلىم	بارمايدى	7
ايتتارىڭز	قابىل	7
كىينو	كورىپ	7
ساۋدامدى	قولداپ	4
جىلاس	بولىپ	1
ومىردەگى	ەڭ	5
شاقىرمادىڭ	عوي	8
بىلۋ	كەرەك	6
قىزىققان	كىسىلەر	8
قىزىققان	قىزدار	10
ساباعىڭدى	جاقسى	2
قولدارىڭىزعا	بارادى	9
كەتتڭىز	عوي	6
تلەۋ	قابىل	6
جانىڭىزعا	جاماندىق	8
مەيىرگە	تولى	2
اۇزىڭنان	اينالايىن	8
جايىڭىز	قالاي	9
جايىڭىز	جاقسىما	4
جاتپاعان	سوڭ	5
ماعانا	جوق	7
قادىرجام	بول	7
ۇيقسىن	بەرسىن	7
پايداڭ	جوق	9
تەكسەرۋى	بار	6
ايتقانىڭز	كەلسىن	3
شىققامىز	جوق	10
جەكىم	كەلىپ	3
قارىندى	اشىرىپ	6
قارسالىپ	جاتقانىڭا	4
قايتەرىن	بىلمەي	4
شىقايىن	دەپ	8
شەكەرىم	سول	9
سۇيشى	جانىم	4
ىشكەنى	نەسى	8
مۇنكىن	ەمەس	3
تنشتعىن	سيلاسىن	4
پايىز	كەپىلدىك	3
وينادىڭ	عوي	4
كۇرسەڭىزدەر	قابارىن	10
دەدڭ	عوي	7
الامان	ات	7
كەلىپسىڭ	عوي	5
تاراتادى	ەكەن	4
ۇزىڭىزگەدە	راحىمەت	6
شىعارعام	جوق	7
تاستاۋ	كەرەك	8
ساقىنىپ	كەتتىم	6
جارباستان	تولعا	6
دەمالعالى	جاتىرمىن	9
شۇندەرىڭە	جولداپ	6
سىياقتىسىڭ	عوي	8
قويسادا	بولادى	7
قايتارماياق	قوي	7
بايقاماپپىن	عوي	8
سۇراققا	جاۋاپ	7
ۋيات	بولدى	6
ادامسىز	عوي	8
اۋىرماسا	بولدى	6
قىزمەتىڭىز	تابىستى	3
مۇقىردان	اۋدانعا	9
ەستىلىپ	تۇر	6
اشۋلانباشى	جانىم	1
بىلمەدىڭ	عوي	2
شەكتەن	تىس	4
نەدەرىمدى	بىلمەي	8
اۋىرتقىم	كەلمەيدى	9
قوعامعا	جارامدى	10
نومەرىڭدى	جولداشى	9
ۇرساسىڭ	عوي	4
بىلسەك	بولدى	4
تاتتىسىڭ	عوي	8
مۇبارەك	بولسۇن	7
قازانىڭ	ارتى	2
ويانا	سالىپ	7
اماندىققا	كوڭىل	9
ءوزىڭەدە	راحىمەت	2
كەلەمبا	دەپ	6
پايدام	جوق	7
سۇزىڭىز	عوي	4
شاڭىراعى	بيىك	10
قاتسىڭ	جوق	8
ەشىكىم	جوق	7
قايجەرىڭ	اۋىرىپ	9
وكپەڭ	جوق	7
تەكشەدەگى	بارلىق	5
تانىماعان	سوڭ	5
كۇرنبەيدى	عوي	4
قانت	كامپيت	7
ساعىنعانىم	اي	5
اتتارىڭ	بايگەلى	5
يسىڭدى	ساعىندىم	6
ستەۋ	كەرەك	7
سيلىعى	قۇتتى	4
ۇندەگەم	جوق	4
سەنۋ	سەنبەۋ	6
سەنۋگە	بولمايدى	6
ۇستايىن	دەپ	4
وتكىزەدى	ەكەن	9
باقاسى	قانشا	5
اقىلداسايىن	دەپ	6
دۇنيەدەگى	ەڭ	7
تاڭەرتەڭگە	دەيىن	1
ۇلكەيگەن	سايىن	1
دەمالسىڭ	كوڭىلدى	3
ىستەرىمدى	بىلمەي	8
تۇرىپسىڭ	عوي	3
تويلارىڭ	قۇتتى	7
تويلارىڭ	تويعا	4
باقتىراتىن	كىسىلەر	4
قابارلاسپايتىن	بولىپ	3
تومەندەگى	قايسى	1
اگىدەن	قابار	2
كورگەمىن	جوق	9
ارلى	بەرلى	6
ءتاپ	ءتاتتى	8
اتپاعان	قىزدار	4
اسىلگى	باعاسى	6
اقشامدا	جوق	4
اينماي	كەلسىن	7
كوردە	تۇر	6
رەنىش	جوق	7
جاقدايىڭ	قالاي	6
قويعىم	كەلىپ	2
قايتاتىندار	بولسا	6
ۇندەي	الماي	5
گوڭىلدى	بولسىن	1
قاتەرجام	بول	8
ىريزامىن	ىريزامىن	7
بەلەتىن	الىپ	6
ءىلگەرى	بولسىن	6
قابارلاسپادىڭ	عوي	8
ۇقسايما	ەكەن	4
قورقارىم	جوق	5
جاساعاننان	كەيىن	8
شىداعان	ادام	7
ازىرگە	دەيىن	7
جىنىمدى	ۇستاتىپ	8
قاقسى	جوق	7
شارشادىڭعوي	جانىم	4
اتتيلا	حيكاياسى	10
ايتقامىز	جوق	7
قابارىم	جوق	6
وتىرۋشى	ەدى	2
العىسىم	شەكسىز	3
ۇندەگەن	جوق	7
بولعانان	كەيىن	5
سونەن	كەيىن	4
كوپتى	كورگەن	7
جولاۇشى	بولسا	8
جانازا	نامازى	2
ساۋلىعىڭا	كۇڭىل	6
ۋاقسىز	ۋاقتا	6
شەدىڭ	عوي	2
قوسپادىڭ	عوي	1
اقىلدىسىڭ	عوي	9
اقىلدىسىڭ	جاقسىسىڭ	6
قالتاڭا	سالىپ	6
بولۇى	مۇمكىن	4
قامشىلار	جاق	14
قامشىلار	جاعى	4
قامشىلار	جاعىندا	8
جاتقىڭ	كەلىپ	7
تۋىلقان	كۇنىڭ	7
كۇرمەياق	قوي	6
اۋعان	جاققا	7
جولداۋعا	بولمايدى	5
ساۇداڭىز	كۇسەت	5
ادامسڭ	عوي	1
ازىردىڭ	وزىندە	3
ءسىڭ	ىلگەرى	9
قۇتىلام	دەپ	2
كىرىڭدى	جۋىپ	4
پسرايىن	دەپ	5
ۇزىڭسىڭ	عوي	6
ۋداي	اشىپ	4
تۇكىرسە	كول	5
ايتىقانىڭ	كەلسىن	3
ىشبەك	جەمەك	3
جىنس	مۇشە	8
جىنس	مۇشەڭىزدىڭ	9
ادامگەرشىلىگى	بار	8
ايتۋىم	كەرەك	8
كەرەگىڭ	جوق	7
بەرىپسىڭ	عوي	7
جاعايىن	دەپ	5
توپتارىنا	قوسىلاسىزبا	5
قيماس	دوستار	8
قۇرساعىڭدى	تويدىرىپ	8
ەستىلەدى	ەكەن	7
كۇڭىلسز	بولىپ	9
ساتلىك	بولسىن	7
ايانىشتى	ەكەن	5
بۇيتەدى	دەپ	7
پىڭيۋشارعا	شىعارىپ	4
دايىندىعىڭ	كۇشتى	1
گەتىڭ	عوي	8
ورىندالىپ	جۇرەكتەگى	7
شەكتەمەسى	جوق	3
ستەگىم	كەلمەي	5
مۇرتتاي	ۇشىپ	6
بۇركپە	سۋ	4
ۇاقتىم	جوق	3
بيلەيدى	ەكەن	6
جاتىپسىڭ	عوي	1
بۇلقان	تالقان	7
كەيىننەن	باستاپ	5
باسىمىزدان	ءومىر	2
تاپسىرار	بارما	7
گۇنىڭ	قۇتتى	4
جولڭ	بولسىن	7
ىدىستاردى	جۋىپ	5
تيمدى	باعادا	8
قۇتىلايىن	دەپ	5
رەنجىگەم	جوق	3
ارىقتايىن	دەپ	5
قايتۋشى	ەدىم	3
شارشاعام	جوق	5
كولىگىڭ	قۇتتى	4
مىيىندا	بار	3
بالامىن	عوي	7
ۇلەر	بولدىم	8
ۇناتساڭ	بولدى	4
ويناعىڭ	كەلىپ	2
تايدان	قۇنان	6
تۇلقان	كۇنىڭ	1
تامتىعى	جوق	8
ساۋدالارىڭىز	كۇسەت	4
سالماياق	قوي	1
تويسا	بولدى	7
كەلەيىنبا	دەپ	8
كەمەياق	قوي	3
ايتقاندارڭىز	كەلسىن	5
سۇراماس	ەدىم	5
قالامىڭىز	قارىمدى	4
جۇماعا	دەيىن	6
جولڭىز	بولسىن	6
كىناشقاڭ	قۇتتى	3
شاعانعولدان	شىڭگىلگە	6
تەكسەرتەيىن	دەپ	1
سالەمىن	قابىل	5
ۇعىلماي	قالىپتى	3
تارىڭىز	قابىل	4
بىلۋگە	بولادى	2
جولاۋشلار	بولسا	7
بارشەي	ارى	2
قيناعىم	كەلمەيدى	5
سويادى	ەكەن	1
تابىستارىڭىز	تاۋ	7
تابىستارىڭىز	مول	5
مارقۇمنىڭ	جانى	7
تىكتىرىپ	تىكتىرىپ	5
تۇسىپسىڭ	عوي	2
دەبەدىڭ	عوي	3
وڭىپ	تۇرعان	5
وقۇى	تابىستى	13
وقۇى	تابستى	2
جازارىڭ	مول	2
ەشتەڭەم	جوق	7
المال	جوق	7
كارىم	جوق	3
قايتقامىز	جوق	9
تاستاۋعا	بولادى	3
قاتىسىڭ	جوق	6
تانسساق	بولاما	8
جۇلىڭ	بۇلسىن	7
بىلەسز	عوي	5
ويلاعىم	كەلمەيدى	2
الىۋشىلار	بولسا	5
شىلقا	ماس	8
كۇشكە	يە	5
ازىن	اۋلاق	6
تۇۋىلعان	كۇنىڭ	2
ايىتڭ	قابىل	6
ىراسىمىڭدى	جولداشى	8
وتىرىستارىڭ	كوڭىلدى	8
داۇسىن	باسىپ	4
قۇشاعىڭدى	ساعىندىم	3
باقىرايتىپ	قويىپ	4
تىرەگى	بولعان	3
ەشتەمەسى	جوق	5
الباستىم	ۇستاپ	5
ىشپەياق	قوي	7
دوسپىز	عوي	3
سويلەپسىڭ	عوي	6
شپەك	جەمەك	4
تانسايىن	دەپ	5
مايلايدى	ەكەن	3
تاۋىلماي	جاتىر	1
عۇمىرلى	بولسىن	2
ايتتارڭز	قابىل	6
ايتتارڭز	قابل	7
جاماندىعىم	جوق	5
جازباياق	قوي	6
جاعدايڭا	قاراپ	5
مىيىڭدا	بارما	3
جاسڭ	ۇزاق	6
الساڭىزداردا	بولادى	2
تابستارىڭ	مول	4
جۇرتتان	ۇيات	7
ويلامايىن	دەسەمدە	4
كورىمسىڭ	عوي	4
وعانعا	دەيىن	7
مىيڭدا	بارما	7
تارقايدى	ەكەن	3
بەرەكەتىن	بەرسىن	4
اكەلمەياق	قوي	6
ۇسپە	بار	6
جابايىن	دەپ	6
بوستان	بوسقا	7
ويناعام	جوق	1
قادامى	قۇتتى	12
قادامى	ساتتى	2
تاۇا	الماي	3
اشىردىڭ	عوي	5
تويىم	بار	12
تۇستەرىڭ	كوڭىلدى	3
تورىم	جاقسى	7
دەمەكشمىن	عوي	2
كىرىمدى	جۋىپ	7
تۇسىردىڭ	عوي	6
شۇيگىن	بولسىن	2
جىيندا	وتىرمىن	6
جاقننان	بەرى	6
اتسالاۋ	ماعالايكۇم	1
ساتىلىم	باعاسى	1
اۋرەسى	جوق	6
كەلماياق	قوي	2
ايتپاعاندى	ايتىپ	3
ۇقىعىم	جوق	6
ايقانىڭىز	كەلسىن	2
قاشايىن	دەپ	5
كەزىكىم	كەلىپ	7
اتتەگەن	اي	4
كىلسى	قانشا	8
كىناشقاڭدى	الىپ	5
قابارلاسقىم	كەلىپ	2
ازاماتسىڭ	عوي	5
ساۋلىعىڭىز	جاقسىما	3
توشپايدى	ەكەن	7
نەعىلىپ	جاتىرسىڭ	5
تامتىق	جوق	4
بارىپسىڭ	عوي	8
ۇيلەرىڭىز	قۇتتى	4
قالجىڭداعانىم	عوي	6
اتتارىڭىز	بايگەلى	3
پىسىرعالى	جاتىرمىن	5
كوسەت	بولسىن	4
قادامىڭ	قۇتتى	9
سەننەندە	ۇيات	2
ۇندەمەدىڭ	عوي	3
بىلسەڭىز	بولدى	6
تايىنى	جوق	3
ۇقتىرعان	سەرى	2
وڭدى	سولدى	4
قاجەتىڭ	جوق	3
الپسڭ	عوي	2
كەتىپسىڭدەر	عوي	3
ءبىرازدان	كەيىن	4
تاينى	جوق	2
ساپاسنا	كەپىلدىك	3
كولىكتى	بولسىن	8
ۇتكەننەن	بەرى	3
جەرلەرىم	بولسا	6
اسىقساڭ	جاقسىلىققا	7
وعاسى	جوق	5
بەتبە	بەت	3
برازدان	كەيىن	6
برازدان	سوڭ	7
قابارىڭ	بارما	6
بىرساعاتتان	كەيىن	7
مۇرسا	جوق	5
ەرتەڭىنەن	باستاپ	4
جانمداي	جاقسى	5
الۋىم	كەرەك	3
تاڭمەن	بىرگە	4
يلەيىن	دەپ	5
ۇاقىتىم	جوق	2
سوعىپسىڭ	عوي	5
ۇيتكەم	جوق	6
كەلىسىم	بار	3
جولداپسىڭ	عوي	3
جاندارىڭا	جاماندىق	4
تۇستەڭ	كەيىن	6
دۇكەنىڭىز	قاي	1
جۇرەدىڭ	عوي	3
كەلتە	حات	3
قويىپسىز	عوي	6
اۋىرۋىن	كاسپتىك	6
الداعام	جوق	4
شيڭقاۋ	جوق	3
شيڭقاۋ	جاقسى	6
كۇزىمنەن	جاس	1
الاتندارڭىز	قابارلاسىڭىزدار	4
ۇرعىم	كەلىپ	5
ىلەسە	الماي	8
توشتىرا	الماي	4
كۆڭىلدى	بولسىن	5
كەلپسىڭ	عوي	6
كەتپسڭ	عوي	6
اڭگىمەلەسەيىن	دەپ	5
سۇيكمدىم	مەنىڭ	5
قالپسڭ	عوي	7
جازۋلى	تۇر	3
جالعاپسىڭ	عوي	6
جاسايىنبا	دەپ	3
راسمياتى	تولىق	5
كۇمەگىڭ	بولسىن	5
اشىرىپ	جىبەردىڭ	4
قىينالدىڭ	عوي	3
ۇيقتاعىم	كەلىپ	4
قاقىسى	جوق	6
جىبوڭ	كوڭىلدى	6
جاۋعالى	تۇر	8
وقۇىڭ	تابىستى	8
ءالەمنىڭ	بار	2
شاڭىراقتارىڭ	بيىك	8
دەنساۋلىعىڭىزعا	كوڭىل	5
تۇرعامىز	جوق	4
ايتقاننڭ	كەلسىن	4
تۇسەمبە	دەپ	6
كەشڭ	كوڭلدى	1
سۇنەن	كەيىن	4
دايندالا	بەر	7
نەڭىز	بار	2
كەلمەدىڭدەر	عوي	5
ايتقابىل	بولسىن	4
قىزىمەتتەرىڭ	تابىستى	4
تابۋعا	بولادى	1
اتباياق	قوي	4
رەسىمىڭدى	جولداشى	6
ۇستاعىم	كەلىپ	6
ساۋايىن	دەپ	2
كەشىڭدە	كۇڭىلدى	6
كەشىڭدە	كوڭىلدى	5
ەشتەمەم	جوق	7
تاندىر	نان	4
ونەرىڭىز	ۇستەم	1
ۇيىقم	كەلىپ	1
ۇزارسا	تۇس	5
جوندەيىن	دەپ	4
اتبادىڭ	عوي	2
رۋىڭ	قاي	4
الىپسىز	عوي	5
سۇيتەمبە	دەپ	4
قۇتلا	الماي	5
كەتىپسىز	عوي	1
اتبالى	ازامات	9
سيگىم	كەلىپ	4
ساۋلىقتارىڭ	مىقتى	3
ساۋلىقتارىڭىز	مىقتى	5
ناشۋ	بولىپ	7
ۆاعالايكۇم	اسسالام	2
سەنگىم	كەلمەيدى	6
تاستاعىم	كەلىپ	5
قاربىلاس	بولىپ	5
قادامىڭا	نۇر	8
تاپپايتىنىڭ	جوق	4
قوراڭ	مالعا	4
بولىۇ	كەرەك	5
بىرلىكتەن	ايىرماسىن	6
تالايدان	بەرى	4
سيلعى	قۇتتى	3
ەجون	ەكەن	2
يۋانىم	بار	5
توپىراقتى	قاجەت	4
جۇرسەڭدەردە	امان	5
بايسىڭ	عوي	3
قىرلى	بىر	6
الىپسىڭدار	عوي	3
ايىتقاندارىڭ	كەلسىن	1
جۇرىپسىڭ	عوي	5
كەسكىندەگى	ءاندى	7
قالىپسىڭدار	عوي	2
ءىستەرىڭ	ىلگەرى	3
سابىيدىڭ	ۇيقىسىن	4
كەتكەنەن	كەيىن	1
بوپاڭنىڭ	باۋى	1
قۇاتتى	بولسىن	1
قالىت	قۇلىت	6
جەپيىڭ	قىلىپ	5
رديان	اشىپ	4
ىسڭىز	ىلگەرى	2
بۇيتەم	دەپ	3
دەنساۋلعڭا	كوڭىل	3
قىزىمەتتەرىڭىز	تابىستى	3
قالايدان	قالاي	2
جەتسەڭ	بولدى	5
قايناتايىن	دەپ	4
بىرەۋدىكى	بىرەۋگە	4
ۇيقىلى	وياۋ	5
قوناعىم	بار	2
الاڭداعانىم	عوي	5
كەلەشەگى	نۇرلى	8
ساتىلۋ	باعاسى	4
رەنجمەسەڭ	بولدى	5
ءاللاۋ	ءاللاۋ	2
قايتارعام	جوق	3
ساعندىق	قوي	5
كەزككىم	كەلىپ	4
قوسباياق	قوي	1
ايداعام	جوق	5
ايمالاعىم	كەلىپ	5
ساياقاتىڭ	كوڭىلدى	11
ساياقاتىڭ	كۇڭىلدى	2
كۇنڭىز	قۇتتى	3
سۇيلەپسىڭ	عوي	4
بۇيتتى	دەپ	1
ۋاكىلدىك	ساتۋشى	1
كۇرىنبەيسىڭ	عوي	4
پەندەمىن	عوي	6
شىدامىم	تاۋسىلىپ	1
تابىسىڭىز	مول	5
ەرتەڭننەن	باستاپ	1
ۇيىش	بالا	1
سارشوقىدان	باركولگە	8
ماشينالارىڭ	قۇتتى	5
دەرىمدى	بىلمەي	1
قاربالاستاۋ	بولىپ	6
تنىم	جوق	4
تۋىتتان	كەيىن	7
ايتىڭز	قابىل	5
جوقسڭدار	عوي	3
رەنش	جوق	4
قاشانان	بەرى	2
جۇندەيىن	دەپ	3
ىستىعىم	اسىپ	6
الۋىڭىزعا	بولادى	3
جۇمىستارىڭا	ساتتىلىك	5
ناتيجەلى	بولسىن	5
جاتىرەدىڭ	عوي	5
ۇيالارىڭ	باقىتتى	4
بىيىكتەردەن	كورىنە	10
زارە	جوق	5
تۇرپسىڭ	عوي	3
مىيندا	بار	5
ءدانىم	ءدانىم	3
كەشڭىز	كوڭىلدى	3
يانجىڭما	يانجىڭما	1
ماڭدايى	جارىق	1
ەەدۇرس	ەكەن	3
قارزىم	بار	1
جاساپسىڭ	عوي	6
تۇرعىننان	اۋدانعا	3
شىعىپسىڭ	عوي	5
ماڭدايىڭ	جارىق	6
گۇڭلدى	بولسىن	2
الدارىڭىزدان	شىقسىن	5
كەتىپتىڭ	عوي	5
كەلگەنەن	كەيىن	3
تانىسساق	بولاما	3
كەلمەدىڭىز	عوي	4
جباۋ	كۇڭىلدى	3
اۋرەلەيتىن	بولدىم	4
ويلاماياق	قوي	4
ىشكەمىن	جوق	5
كەمەدىڭ	عوي	1
ۇيقتاتايىن	دەپ	1
بۇگنەن	باستاپ	1
ۋاقىتتارىڭىزدى	شىعارىپ	2
قۋتى	بولسىن	2
ورتالارىڭ	دۋماندى	5
بەرمەدىڭىز	عوي	5
سۇراماپپىن	عوي	3
ايجكە	تاي	5
ەرتەلى	كەش	3
اۇرەلەپ	قويدىم	6
كورگەمىز	جوق	2
ساعاتان	كەيىن	3
ىزدەمەياق	قوي	5
قادامدارىڭىزعا	نۇر	4
بولىۋشى	ەدى	5
تاقىل	تاقىل	2
دەنساۇلىقتارىڭ	مىقتى	5
تيەيىن	دەپ	5
اۋەلگى	باعاسى	4
سومىم	بار	5
تىلەۋىڭ	قابىل	4
قايتەرمدى	بىلمەي	2
بارعانان	كەيىن	6
ۇكپەم	جوق	3
تانىسايىن	دەپ	3
بۇلىتتاپ	تۇر	5
جولاۇشىلار	بولسا	1
ولتىردىڭ	عوي	4
المالىدان	اۋدانعا	3
بەرۋىم	كەرەك	5
ۇيلەنبەيمىن	ۇيلەنبەيمىن	3
ءىشەيىن	دەپ	5
مارە	سارە	4
موينشاعا	تۇسىپ	1
قونىسىڭ	جايلى	5
ايتقانىڭنىڭ	بارى	4
جىگىنى	قارا	3
ۇزىنبۇلاقتان	اۋدانعا	4
ىزام	تۇسىپ	4
سۇراعىما	جاۋاپ	5
تاياسۋدان	اۋدانعا	1
سۋيلە	جانم	5
شۇنىڭىز	قۇتتى	2
مازسىڭ	عوي	3
بەرۋدىڭ	قاجەتى	1
تاياۋدان	بەرى	3
سيلىعىڭ	قۇتتى	2
جاسڭىز	ۇزاق	1
بۇلتاپ	تۇر	4
كۋايديىم	بار	4
ۇيىقتايىنبا	دەپ	5
كىرلەرىن	جۋىپ	2
قاپسالاڭنان	تەكەسكە	5
ەركەلەگىم	كەلىپ	1
قايتىپسىڭ	عوي	5
بىلايشا	ايتقاندا	4
احۋالدار	بارما	5
جلاعىم	كەلىپ	1
جالندى	سالەم	3
ەركەكسىڭ	عوي	4
ەجۇن	ەكەن	4
قونستارىڭ	جايلى	5
سڭمدى	بولسىن	1
تويلارىڭىز	قۇتتى	11
تويلارىڭىز	تويعا	3
بەرپسىڭ	عوي	3
انۋاقتان	بەرى	2
قوزعالا	الماي	2
بولماعاننان	كەيىن	3
ارامنان	بولعان	6
تاستاپسىز	عوي	2
قونىستارىڭ	جايلى	3
الداعىم	كەلمەيدى	5
جوقسز	عوي	3
ايىتقانىم	عوي	4
جۋىقتان	بەرى	4
كەزكىم	كەلىپ	1
شامادا	جوق	3
ايتعانىڭىز	كەلسىن	4
جۋعىڭ	كەلسە	4
حالىڭىز	قالاي	4
پىسىقسىڭ	عوي	1
تەمىرلىكتەن	اۋدانعا	3
جىمجىرت	بولىپ	4
سىزدەندە	ۇيات	3
وتاۇ	وتاۇ	3
قىلارىمدى	بىلمەي	1
ايكسكە	دەيىن	7
دەمالامبا	دەپ	2
نەعىلايىن	دەپ	1
سانىنا	قاراي	3
بەسىنە	دەيىن	2
ۇنەرىڭىز	ۇستەم	1
قازىردىڭ	وزىندە	2
اقىلىڭنان	اينالايىن	3
توستەن	كەيىن	5
الىپتىڭ	عوي	1
شۇندەرڭە	تاراتىپ	4
ۇلتىردىڭ	عوي	3
كۇرىمسىڭ	عوي	2
جۇرۋىڭدى	تىلەيمىن	3
تانسۇعا	بولاما	2
پەيىلى	كەڭ	2
احۋالىڭىز	جاقسىما	4
جولدامادىڭىز	عوي	3
مۇرىنعا	سۋ	3
ەشكىمىم	جوق	4
گۇندەرىڭ	گۇڭىلدى	2
سالەمدەرڭ	قابىل	2
تاعاتىم	تاۋسىلىپ	2
زەرىكتىك	قوي	3
نەلەرىڭ	بار	4
ۇمىتقام	جوق	2
جازدادىڭ	عوي	1
تۇسدەن	كەيىن	2
بىردەمنەن	كەيىن	3
سىناۋىڭا	ساتتىلىك	1
جىبەرىپسىڭ	عوي	1
قايتقاننان	كەيىن	4
پەندەمىز	عوي	2
دەنىڭە	ساۋلىق	4
تۋستەن	كەيىن	1
ونەن	كەيىن	2
قۇربىسىنىڭ	الدى	10
تۇسپسىڭ	عوي	1
اسڭ	دامدى	4
قويارعا	جەر	4
ساپاسىندا	ايتار	2
ساعىندىردىڭ	عوي	1
ىيمانى	جولداس	3
مولايا	بەرسىن	1
جەتكەم	جوق	3
ساياحاتىڭ	كوڭىلدى	5
جايلارىڭ	قالاي	2
جاستارىڭىز	ۇزاق	3
كەلۋلەرىڭىزدى	قارسى	2
بايكەلى	بولسىن	2
سۇيتۋ	كەرەك	2
ساپارىڭىز	ساتتى	3
شىيپاسىن	بەرسىن	1
ۇيالعانىم	اي	1
ىيماندى	بولسىن	3
ساقاداي	ساي	1
سىڭمدى	بولسىن	3
سەبەپتەردەن	قالىپتاسقان	4
نوقتاسى	بار	1
قابارسىزسىڭ	عوي	2
داۇا	جوق	2
جاۋايىن	دەپ	3
كۇندەگىسىن	كۇندە	2
ۇلعايعان	سايىن	1
كۇرتىدەن	اۋدانعا	2
كەتۋىڭدى	تىلەيمىن	3
تۇلپارىڭىز	قۇتتى	3
جاۋعانى	جاقسى	2
بورىش	بورىش	3
ايىرلعىم	كەلمەيدى	5
جولاعام	جوق	2
جاقسىلىعىڭىز	الدىڭىزدان	8
ىشىمدەگىنى	تاپ	3
تالعامىڭا	قۇرمەت	3
دەنساۋلعىن	قالپىنا	2
جولدارڭىز	بولسىن	5
جىگتسىڭ	عوي	2
دەنساۇلىعىڭا	كوڭىل	4
حالدارىڭ	قالاي	2
ۇيقتاينبا	دەپ	3
قاشقام	جوق	2
قايتارمادىڭىز	عوي	1
كەتەرى	جوق	2
وقىۋى	تابىستى	8
وقىۋىڭ	تابىستى	4
تۇستەرىڭىز	كوڭىلدى	1
قالدارڭ	قالاي	2
قالدارڭىز	قالاي	1
قونسىڭ	جايلى	1
رەنجگەم	جوق	1
تىنشىم	كەتىپ	1
جازارىڭىز	مول	2
اقلداسۋعا	بولادى	3
دەمالايىنبا	دەپ	1
استاڭ	كەستەڭ	3
ۇيقتاماپسىز	عوي	2
باعانان	بەرى	3
بارارىمدى	بىلمەي	1
تىڭداعام	جوق	3
ەدۇرىس	ەكەن	2
ۇيقتاماپتىڭ	عوي	1
جالىنعانىم	بولسىن	1
قۇربىڭنىڭ	الدى	1
كەلمەپسىڭ	عوي	4
رەنجتكىم	كەلمەيدى	2
وقۋلارىڭ	تابىستى	6
وقۋلارىڭ	تابستى	3
قوساقتارىڭىزبەن	قوسا	1
جەتىستىرە	الماي	2
ساپارلارىڭ	ساتتى	4
جاندارىڭىزعا	جاماندىق	1
ويپىرىم	اي	1
ايىتقاندارىڭىز	كەلسىن	2
تيسكەم	جوق	2
تۇىستەن	كەيىن	2
شاڭىراقتارىڭنان	شاتتىق	1
سىگىسكىم	كەلىپ	2
كەزدەسپەسەك	بولمايدى	3
قۇلىت	ەتىپ	2
بوستاننان	موريعا	4
ماقتاعانىم	ەمەس	2
ۇنەن	كەيىن	1
بوساعالارىڭ	بەرىك	1
گورموندى	ءدارى	4
ماتەيالدارىڭىزدى	جولداپ	1
اقبوتام	پەرشتەم	1
بولاشاقتارى	نۇرلى	4
ءوزىڭىزدەگى	سەمىزدىك	2
شاشاسىنا	شاڭ	1
كەلسى	قانشا	73
قى	قى	77
ۇيرەن	جانىم	41
سىرت	جاققا	21
قىمىز	جوق	46
قىمىز	بار	47
قىمىز	الىپ	25
قىمىز	بارما	23
قىمىز	ىش	25
قىمىز	ىشىپ	43
قىمىز	بەرىپ	18
قىمىز	كەلدى	46
قىمىز	ءىشىپ	27
قىمىز	الاتىن	19
قىمىز	ساتىپ	29
قىمىز	ساتاتىن	44
قىمىز	الۋشىلار	44
سالقىن	عوي	44
سالقىن	جاقسى	21
سالقىن	بولدى	26
سالقىن	ەكەن	36
سالقىن	بولىپ	14
سالقىن	بولسا	23
سالقىن	ۇيدە	43
سالقىن	شىعار	35
سالقىن	جەر	35
سالقىن	جەردە	29
سالقىن	جەرگە	26
سالقىن	تۇسكەندە	25
سالقىن	سىرا	34
سابان	بار	33
سابان	الىپ	20
سابان	بارما	37
سابان	قانشا	43
سابان	الاتىن	41
سابان	باسىپ	16
سابان	تۇسىرىپ	19
سابان	تاسىپ	40
سابان	باساتىن	16
سابان	الۋشىلار	29
تويىنا	بارىپ	14
تويىنا	بارا	19
تويىنا	باراتىن	30
تويىنا	بارامىن	35
تويىنا	باراسىڭبا	38
تويىنا	باردىڭبا	19
تويدى	جاقسى	35
تويدى	قايتەمىز	22
تويدى	وتكىزىپ	30
تويدى	ۇتكىزىپ	20
تويدى	قىزدىرىپ	30
تويدىڭ	باسى	34
تويدىڭ	ارتىن	28
تويدىڭ	قاربالاسى	39
تويدىڭ	كۋاگەرى	26
تويدىڭ	دايىندىعى	17
جايلاۋ	جاققا	29
جايلاۋعا	كەلىپ	18
جايلاۋعا	بارىپ	40
جايلاۋعا	كەتتى	15
جايلاۋعا	كەتىپ	39
جايلاۋعا	شىعىپ	24
جايلاۋعا	كەتكەن	16
جايلاۋعا	باراتىن	37
جايلاۋعا	شعىپ	26
جايلاۋعا	شىعاتىن	40
سايا	جاي	39
بوتا	جانىم	11
بوتا	بوتا	30
جايا	قارسى	18
كەتكەندە	مەن	31
اۋىلدا	بىر	20
ىستىقتا	نە	34
ىستىقتا	قايتىپ	27
ىستىقتا	وڭاي	20
شاۋىپ	جاتىر	27
شاۋىپ	جاتىرمىن	16
شاۋىپ	جاتىرمىز	16
كۇتە	تۇر	25
كۇتە	الماي	15
سەمياڭىز	بەن	6
مۇڭ	بولدى	12
مۇڭعۇل	كۇرە	15
مۇڭعۇل	كۇرەگە	12
باعاق	جولداپ	20
باعاق	جازىپ	22
باعاق	تاراتىپ	17
باعاق	ۇنحات	28
باعاق	تيمەدى	16
بەلگىسى	بار	14
باردا	مەن	10
تۇيعا	بارىپ	29
تۇيعا	ۇلاسسىن	17
تۇيعا	ۇلاسىن	26
ءسىز	كىم	21
قۋانىش	قۇتتى	24
قۋانىش	بارلىعىمىزدىڭ	18
ۇلان	اسىر	23
قىلما	جانىم	18
جاقتىڭ	تويى	8
سالەمقابىل	جانىم	17
سالەمقابىل	جاقسى	21
سالەمقابىل	امانشىلىق	20
سالەمقابىل	بىرگە	26
سالەمقابىل	قوش	25
وتىرىڭدار	مەن	18
ەرتەسى	تاڭەرتەڭ	11
باتا	بەرىپ	17
باتا	جاساپ	23
تورى	جاقسى	25
ماحاباتىڭىز	بەن	23
بارماسا	قويسىن	21
جۋدىم	ەندى	14
جۋدىم	وندا	22
بالاسىنا	توي	12
بالاسىنا	سۇندەت	15
كۇپشىلىك	راحىمەت	15
كۇپشىلىك	مىنا	22
جاۋدىما	سەندەر	2
داربىز	الىپ	18
داربىز	جەپ	18
داربىز	قاۋىن	14
جىلدىق	باس	22
باركول	اۋدانى	11
اشق	بولسىن	13
شىقسام	بولدى	20
تاپتىڭبا	جانىم	15
شول	باسىپ	19
جەردەگى	توي	15
تەن	كەيىن	8
داعى	بىر	17
قوسۋعا	بارىپ	9
قوسۋعا	باراتىن	19
مارجان	سالىپ	17
توينا	بارىپ	19
سۋارىپ	جاتىر	19
سۋارىپ	جاتىرمىن	20
سۋارىپ	جۇرمىن	16
جولداما	ەكەن	8
دەسەدە	بولادى	10
قاراقات	تەرىپ	10
قالساق	قايتەمىز	12
جولبولسىن	جانىم	18
جولبولسىن	قايدا	17
جولبولسىن	امان	20
بالامىز	باقىتتى	14
اسىر	تويىمىزدىڭ	18
اسىرىپ	قايتۋلارىڭىزدى	6
الاسڭبا	جانىم	15
شەكىلدەۋىك	شاۋىپ	15
جالىن	تارتىپ	14
ىلە	نىلقى	12
بولسامدا	ساعان	8
قايدامىز	نەعىپ	19
حابارلاسىڭىزدار	تەلەفون	15
جىيىپ	جاتىرمىن	16
ساقشى	بار	13
شۇبات	الىپ	19
كمنىڭ	تويى	17
ورىپ	جاتىر	2
ورىپ	جاتىرمىن	15
جاستار	تويى	13
قوسىڭىز	شى	15
ساتىلى	ارىقتاۋدان	14
شەڭبەر	ارقىلى	19
كۇلك	بارما	16
وتىرىڭىز	دار	18
كويلەكتى	الىپ	18
بىركۇنى	بولسىن	15
قاۋىن	الىپ	11
قاۋىن	جەپ	19
ۇلاسىن	ەكى	18
تويلارى	قۇتتى	15
ءانى	بولسا	16
ويناعان	جاقسى	12
ويناعان	سوڭ	18
العاشقى	قادامى	1
العاشقى	قادامىڭ	10
قۇداعىي	بولىپ	15
قاتىناسىپ	بەرۋلەرىڭىزدى	17
ماحاببات	دەگەن	16
ۇزڭە	جاقسى	16
جىكىت	تاۋىپ	14
جايلاۋدان	كەلىپ	15
ماڭگىلىك	باقىتىمىسىڭ	17
ماسا	جوق	13
ماسا	كوپ	18
ماسا	جەپ	16
ماسا	شاعىپ	17
ۋاعندا	ىشىپ	16
سوعسىپ	قالدىم	14
اشقانادا	تاماق	17
جۇمىستامىن	عوي	16
جۇمىستامىن	جانىم	18
بالالارى	بار	15
ۇشەۋمىز	عانا	18
دەسەمدە	بولادى	12
انىقتاپ	تارتىپ	13
ماڭايدا	جۇرسىڭ	17
ىستق	ەكەن	16
اراسانعا	بارىپ	14
جالعىزسىڭبا	جانىم	10
سۇزىمدى	ايتىپ	16
جۇرگىزىپ	جاتىر	10
جانمدا	ادام	9
جانمدا	بولساڭ	18
بالاردىڭ	جاسى	16
ءونىم	مول	15
تانماي	قالدىڭبا	16
ساعىنعاندا	كورىپ	10
اقجولبولسىن	جانىم	9
تويقا	بارىپ	17
باللاردىڭ	جاسى	17
كۇرىن	جانىم	12
سڭبا	جانىم	17
قايتىڭىز	دار	15
جەرىنەن	بولاسىڭ	14
ۇلكەندەر	بار	17
جىيناپ	جاتىرمىن	14
قىزىنىڭ	تويى	17
قىزىنىڭ	سىرعا	14
شۇيىنشى	بار	12
شىبىن	دارى	11
تعىپ	تعىپ	13
ەتەمىن	جانىم	17
كۇزدىك	اياق	1
كۇزدىك	كيىم	14
سەندىم	جانىم	6
ورىندى	عوي	11
ايتسامدا	سەنبەيسىڭ	14
تاڭسى	ويناپ	9
بۇلدىرگەن	تەرىپ	12
جۇلداپ	بەرشى	12
تاۇدان	كەلىپ	14
قالجىڭعوي	جانىم	13
پاپا	نەدەگەن	14
ويىق	قامشىلار	16
بەستەن	جوعارى	11
بىيىك	بولسىن	12
جۇمىسپەن	قاربالاس	12
كەلىنشەگىڭ	بار	15
ءتورت	ادام	12
قابارلاسشى	بولاما	16
بالامىزدىڭ	جولى	14
بالامىزدىڭ	جاسى	16
بالامىزدىڭ	وقۋى	14
شابار	مول	15
شابار	مولايسىن	7
مىرزا	جىگىت	11
تۇسسەڭ	بولدى	7
جەجەنىڭ	نۇمىرىن	15
جولداسىم	بار	4
تاستاشى	بولاما	13
دوسىما	ايتىپ	13
جەمەنەي	اۋدانى	12
ايىرلىپ	قالدىم	8
ونمەن	بىرگە	15
جىبى	بار	15
بالاسنىڭ	تويى	16
بالاسنىڭ	سۇندەت	16
كۇماندانىپ	قالادى	15
قىزعانشاق	بولىپ	5
قالشى	جانىم	15
كەلىنشەكتەر	بولسا	16
الستاپ	بارا	13
شاشاق	جۇلىپ	13
بارساڭدار	بولدى	11
شاپشالعا	بىر	11
وقيتىن	بولدى	13
ۇيلەنۋ	توي	10
ۇيلەنۋ	تويى	11
ۇيدەگىلەرگە	ايتىپ	9
نەقىل	دەيسىڭ	11
جاقسمىن	ۇزىڭ	12
تويىڭا	بارا	15
بىرمىزدى	جاقسى	13
قالپاق	باس	15
شورت	كەسىك	13
قىزىنا	سىرعا	13
شىقساق	بولادى	15
شاشىڭدى	جۇلىپ	14
اۋداندىق	حالىق	14
كورەسڭبە	جانىم	6
كولگە	بارىپ	13
وكىنىپ	قالما	14
تۇستڭبە	جانىم	11
نومەرى	بولسا	5
قاراڭقى	بولىپ	15
قاناسقا	بارىپ	1
باركۇلگە	بىر	15
ساپار	ءساتتى	11
ساپارى	ساتتى	9
كۇتەم	دەپ	1
سويلەسەيىك	بولاما	6
ۇلەڭ	قۇراپ	13
ويلامايمىن	جانىم	11
شاقىرسام	كەلمەي	13
ارداقتى	ءاكەسى	14
كۇتۋشى	شاي	9
شاۋكاۋ	جەپ	15
ۇستازدار	مەرەكەلەرىڭىز	11
تاسيتىن	ماشينا	14
مۇقىرعا	بىر	2
شاعانتوعاي	اۋدانى	3
بىلمەسە	بولدى	10
شارۋاڭ	بار	13
سۇعىپ	قويىپ	11
اقسۋعا	بىر	14
سوزدىڭ	باسىن	4
ءوزىن	ءوزى	9
تەلەفوننىڭ	داۋسىن	14
اتىڭدار	اتىڭدار	8
ايرىلىپ	قالدىم	11
كورسەتەم	دەپ	12
جبەرمەي	جاتىر	14
جبەرمەي	قويدى	13
ارتىمنان	ەرگەن	12
بۇراپ	اۋىرىپ	13
بىلەسىڭعوي	جانىم	14
ارىقتاۋ	جايلى	13
جالدىڭ	ۇيىنە	13
جالدىڭ	ۇيىنەن	6
ۇزڭىز	نەعىپ	11
سانجىدان	بولامىن	13
مۇڭعىل	كۇرەگە	12
بۇزاۋى	بار	12
باعاعى	ەكەن	10
باعاعى	قولىمىزعا	11
وتەم	جانىم	12
ماناستان	سۋساتقانعا	10
بىرەۇدى	جاقسى	12
اقدالاعا	بىر	13
ۇتەتىن	بولدى	7
ونشى	ايدىڭ	11
ونشى	ايدا	8
مۇعالىمنىڭ	نومىرىن	12
بولارىن	كىم	6
كەزىكسەڭ	بولدى	11
تۇلپار	قۇتتى	11
ايىتشى	جانىم	10
تالقان	بولىپ	6
الداما	مەنى	13
پىيجۋ	ىشىپ	11
جۇرگەننەن	كەيىن	10
ساعىنشىم	سول	9
ساعىنشىم	اۋ	6
ءنومىرى	بولسا	10
التىعا	دەيىن	11
ولارمەن	بىرگە	12
قىمباتتى	التىن	4
قىمباتتى	ۋاقىتتارىڭىزدى	12
قىمباتتى	ۋاقىتىڭزدى	12
جاڭبىرلى	كۇنىڭ	6
جاڭبىرلى	كۇندەرىڭ	8
جاڭبىرلى	كۇندەرىڭىز	9
مەش	قويىپ	4
دوسمنىڭ	ۇيندە	6
جۇرمەيتىن	جەرىڭ	12
تويدىرىپ	ال	13
مۇڭعۇلكۇرەگە	بىر	9
كورسەڭىزدەر	قابارلاسىڭىزدار	10
كورسەڭىزدەر	قابارىن	9
ونىنشى	ايدىڭ	2
ونىنشى	ايدا	8
سۇزىنە	ەرىپ	9
سۋسىندىق	الىپ	10
جاۋمادى	عوي	13
كىرگىزە	الماي	9
ۇيتەسىڭ	جانىم	10
سۇيەر	قاۋىم	4
سەندەردىكىنە	بارىپ	8
تىلىك	قامشىلار	13
ساباقتاستىڭ	تويى	13
كەسىك	قامشىلار	11
بىردەمەسى	بار	8
جۇرسەدە	امان	6
ايتقانىڭا	راحىمەت	11
وتاۋ	وردا	7
شۇيىنشىسى	بار	10
شۇيىنشىسى	دايىن	6
بەتىنەن	سۇيىپ	10
ساعاتتاي	بولدى	1
سىلتاۇ	ايتىپ	11
مۋى	قانشا	3
مۋى	يۋان	12
داۋىسىڭ	قارلىقپاسىن	10
داۋىسىڭ	ەستىلمەي	13
كەزدەسەيىك	بولاما	6
ىستىققا	شىداماي	10
ىستىققا	شىداي	10
تۇرمادىڭبا	جانىم	8
احۋالى	بار	10
احۋالى	بارما	11
شبىن	دارى	8
جۇدەپ	كەتىپسىڭ	9
جالنايىن	جانىم	6
جالنايىن	جالنايىن	12
كەزدى	ەسكە	10
كەلەجاتىر	ەكەن	13
ساياقاتتارىڭ	كوڭىلدى	11
ساياقاتتارىڭ	كۇڭىلدى	10
باعاعىن	جولداپ	11
ساياحاتتارىڭ	كوڭىلدى	9
تارتىنباي	ايتا	9
تىزە	قاپ	2
ۇرىقسات	سۇراپ	12
اندەر	بولسا	9
اياعىڭا	باس	8
انىن	جولداپ	10
تەرەتىن	ادام	11
بولعىڭ	كەلەمە	11
قويعانسىڭ	عوي	11
داربازانى	اشىپ	9
تويىڭدى	جاساپ	7
اتتانۋ	تويى	8
اتتانۋ	شايىن	10
سىزدەرمەن	دۋماندى	10
قوزدىرىپ	قوزدىرىپ	11
ايمەن	كۇندەي	6
جايىلى	جاتىپ	12
كۇندەمە	ىستەپ	11
تويمەن	قاربالاس	9
جۇرەر	ەدىم	6
ەلىنە	ەلەۋلى	7
جيىننان	شىققان	8
وقۋلارى	تابىستى	11
وقۋلارى	تابستى	2
مودى	ەكەن	7
ەستيمىن	دەپ	12
بالارىم	بار	11
سەبەبىنەن	قايتىس	11
سارشوقىعا	بىر	3
ادىق	شاي	5
ساعىنىشىم	سول	9
بولاشاقتا	جارامدى	10
ءاننىڭ	سۇيەمەلى	9
قايتۋلارىڭىزدى	شىن	10
قايتۋلارىڭىزدى	تىلەيمىز	7
تويىمىزدىڭ	قۇرمەتتى	9
تويىمىزدىڭ	سيلى	11
ۇزاتۋ	تويى	5
تۋىستىڭ	تويى	10
تۋستىڭ	تويى	2
ءىسىپ	كەتتى	6
بالالارىڭىز	باقىتتى	8
كاسىپتىك	كەڭەس	2
قىرمان	تولسىن	10
بارايق	دەپ	5
دەمەسىن	دەپ	7
ۇلاعاتتى	ۇستازدار	7
قالاۋلى	ازامات	11
قالاۋلى	ازاماتى	9
تالداۋ	جاساپ	9
ازاماتى	بولسىن	9
كوكتوعايدان	شىڭگىلگە	5
بيلەي	الماي	9
تولىقتاي	ەستىپ	10
قوسۋى	بار	5
شاقىرعاننان	قالمايتىن	7
مىرەۋ	كورىپ	2
دوستارىڭمەن	بىرگە	11
قاراسۋدان	اۋدانعا	2
تۇسنشى	جانىم	4
اقىلىم	شىعىپ	11
شاڭىراقتارى	بيىك	9
شاڭىراقتارى	بىيىك	5
جولىعامىز	جانىم	2
سرعا	توي	2
كورگەندەر	بولسا	5
كورگەندەرىڭىز	بولسا	8
كورگەندەرىڭىز	بارما	6
ۇتەمىن	جانىم	9
جەتۋ	قايدا	8
داۋىسىڭدى	ەستىگىم	8
سويعان	كۇنى	8
قارايلاس	ەكەنبىز	10
ءاكەسى	اياۋلىم	11
بەلگسى	بار	6
منەر	جاق	7
سۋداي	سىڭ	4
حۇڭباۇ	جوق	9
مىنەرجاق	قۇلاعى	11
كەتەمىزبە	دەپ	10
جاعاسى	بار	10
شەمىرشەككە	شىعاتىن	10
جاتساڭىزدار	قابارلاسىڭىزدار	10
جاتساڭىزدار	قابارىن	10
بارساقتا	بولادى	4
قوعامدا	جارامدى	10
كەلەمىزبە	دەپ	8
سۇلۋلانىپ	الىپسىڭ	5
سۇلۋلانىپ	كەتىپسىڭ	9
تارتپايتىن	جەرگە	9
اتتاعان	قادامى	6
اتتاعان	قادامىڭ	10
باجالار	باس	5
ايتپاسامدا	بىلەسىڭ	11
ساياحاتتارىڭىز	كوڭىلدى	10
قوتى	بولسىن	1
قينالادى	ەكەم	6
باسقاسىنا	الماستىرىپ	1
سەگىنال	جوق	6
سەگىنال	جاقسى	7
بالالارىڭنىڭ	جاسى	4
التىندارىم	سول	6
وزدەرىڭىزبەن	دۋماندى	1
ويقتاپ	قالدىڭبا	8
بارعىسى	كەلىپ	9
كەلىسى	قانشا	9
بەرڭىزدەرشى	راحىمەت	8
كۇرىنە	بەرسىن	6
اسكەري	ماشىق	2
اياۇلىم	مەنىڭ	5
سۋتىپ	كەتتى	9
كىمدەرمەن	بىرگە	2
ۇيىمنىڭ	كەشكى	6
دامۋىنا	ساي	8
دۋمانىن	اسىرىپ	7
باراالماي	قالدىم	5
قۇلاعىنىڭ	الدى	1
قۇلاعىنىڭ	ارتى	10
سەگىزنشى	ايدىڭ	8
سەگىزنشى	ايدا	6
ءىستەگەن	جاقسىلىعىڭىز	9
قادىرىنە	جەتە	4
سۇيكىمدىم	مەنىڭ	2
بىلنىپ	تۇر	8
ەكسى	كۇنى	5
ۇنقاتقا	قوسىلىپ	5
لەسەيىك	بولاما	6
كيلىسى	قانشا	3
مۇراگەرى	بولعان	8
قويانىم	مەنىڭ	4
قاتىناسا	المايتىن	8
كۋاگەرى	بولعان	9
جاۋىندى	كۇنىڭ	7
جاۋىندى	كۇندەرىڭ	10
قىمىزى	كەلدى	3
قولىمىزعا	تيمەي	3
دارەتقانادا	وتىرمىن	6
ساتىلعان	جوق	3
تانىستىرا	وتىر	9
تانىستىرا	وتىرىڭىز	6
ەكەنسىزدەر	عوي	8
سۇرەتكە	تارتىپ	7
جىنىس	مۇشە	6
كەتەيىنبا	دەپ	8
كىيگىز	ۇي	8
تۇمان	باسىپ	8
بىيكتەردەن	كورىنە	9
جىنىستىق	بايلانىس	7
سىمباتتى	احاۋسىز	8
بارۋىم	كەرەك	5
بانى	ۇلكەن	5
تايلاعان	سابان	1
جاڭىبر	جاۋىپ	8
كۇيەۋىنىڭ	اتى	6
كىلىسى	قانشا	1
بارلىعىمىزدىڭ	وتباسىندا	2
بارلىعىمىزدىڭ	وتباسىمىزدا	8
سالتتىڭ	مۇراگەرى	6
زامانىمىزدىڭ	دامۋىنا	1
سۇيمەيدى	ەكەنسىڭ	8
وتاي	بەرەدى	2
ادەمىسىڭ	سۇلۋسىڭ	5
كۇرتى	اۋىلدىعى	5
جاقسىنى	كورمەككە	5
ۇيالعان	تۇرىڭنەن	7
تونناسى	قانشا	2
وزدەرىڭمەن	دۋماندى	2
تەڭىڭ	ەمەسپىن	6
تەلەفونىمنىڭ	توگى	2
قونايىن	دەپ	9
شۇينشسى	بار	6
ورىنداتىپ	وتىرمىن	5
تىلەۇ	قابىل	8
تىعىز	بولىپ	4
وتباسىم	بار	7
سۇيەمەلى	بولسا	8
بىزاۋلى	سيىر	8
كىرگىزبەيدى	ەكەن	7
بوساعاڭ	بەرىك	6
قىزىمىزدىڭ	سىرعاسى	4
بىلسەڭىزدەر	جولداپ	7
تۇسىنبەدىڭ	عوي	2
قوعامنىڭ	جارامدى	8
تىلەۋى	قابىل	4
قىستىڭ	قامىن	5
رۋحاني	جاقتان	6
قىزعانشاعىم	مەنىڭ	3
دەنساۇلىعى	مىقتى	5
بۋدان	كەيىن	5
ازيا	بازارىندا	5
ۋاقتڭىز	كوڭلدى	6
تويدارىڭ	قۇتتى	7
داۋسىڭىز	قارلىقپاسىن	8
كيلوسى	قانشا	5
ماندىمايدى	ەكەن	5
ساياحاتىڭىز	كوڭىلدى	8
شەڭبەرىنە	شىعارىپ	1
كەزىكپەسەك	بولمايدى	6
شاڭىراعىڭ	بيىك	6
كورنبەيدى	عوي	2
نۇمەرىن	جولداپ	7
تويا	تاماقتانىپ	6
شينقاۋ	جوق	5
قامشلار	جاق	7
قىزىقتىڭ	ىشىندە	2
ۇياتبا	دەپ	6
انىڭە	راحىمەت	5
تويىمىزعا	قاتىناسىپ	5
ساياقاتتارىڭىز	كوڭىلدى	6
زامانعا	ساي	7
لايكا	سىمبات	2
شۇپەرەك	بار	5
بوساعالارى	بەرىك	5
ۇرپاقتار	امان	5
تورىندە	وتىرعان	4
باقتتان	باسىڭ	6
ۋاعىڭ	كۇڭىلدى	4
ايالايمىن	جانىم	6
جازىعىم	بار	7
وتسەك	بولدى	7
ءسان	سالتاناتىن	1
ۇمىتىن	اقتايتىن	6
كۇرگەندەرىڭىز	بارما	5
ءجونىن	ايتىپ	2
باسىڭنىڭ	اۋىرعانى	4
رەنجىمەيتىن	شىعارسىڭ	2
كۇپانا	سالىپ	4
ۇباي	ۇباي	6
بىزاۋى	بار	5
شىڭقاۋ	جوق	6
بالالارىمنىڭ	ارداقتى	3
تاراتىلاتىن	دوستىق	5
باراالمايتىن	بولدىم	3
كەتۋىن	تىلەيمىن	6
قايتپاياق	قوي	4
بارامايتىن	بولدىم	5
جولداعىڭ	كەلمەسە	6
سارە	بوپ	6
پەرىشتەم	مەنىڭ	5
كەڭسۋدان	اۋدانعا	5
تىرشىلىكتىڭ	كۇيبەڭى	6
كيۋگە	بولادى	5
تەلەفونمدا	توك	6
ۇزدەرىڭمەن	دۋماندى	2
بيانىم	ۇستاپ	5
امانداسايىن	دەسەم	6
شۇيلەشى	جانىم	1
جۇپتارىڭ	جازىلماسىن	4
نۇمىرن	جولداپ	4
لازاتتانۋ	جاعدايى	3
قۇسىڭ	قۇتتى	5
سۇيەگىڭ	قاي	3
ماسەلەلەر	بار	5
بارماعانىم	جاقسى	4
سالتاناتىن	اسىرىپ	1
سالماعىڭىزدى	سالىستىرعاندا	6
قۇنىم	جوق	4
شىرعالاڭعا	ۇشىراپ	1
كورۋشىلەر	بولسا	1
راسىڭدى	ايتشى	4
دۇيسەنبىدەن	باستاپ	5
تويشل	قاۋىم	2
ماقتانشى	بول	3
موماق	موماق	5
كەزىكبەسەك	بولمايدى	6
اجىمنەن	بورتكەننەن	5
تويىڭىز	قۇتتى	1
ارىقتاۋدان	عىلىمي	3
سڭعىرلى	بولسىن	5
تۇسنگەنڭە	راحىمەت	5
كۇيدىم	سۇيدىم	1
قۇشتايدان	تەكەسكە	5
احاۋسىز	دەنساۋلىعىڭىز	1
وتاۋىڭ	وردا	4
توسپاياق	قوي	3
ماقتادىڭ	عوي	5
اڭگىمەلەسكىم	كەلىپ	2
ساپارلارىڭىز	ساتتى	2
عىلىمي	كاسىپتىك	4
تالابىنا	ساي	2
كۇلىكتى	بولسىن	3
نەكاسىپ	ىستەيسىڭ	4
ۇنقاتىمدى	قوسىڭىز	2
اسقانعا	توسقان	3
وينادا	كۇل	4
ۋاقتتارىڭىز	كوڭىلدى	3
قوسىىپ	الىڭىز	3
وتاۋلارىڭ	وردا	3
دالدادان	بورتالاعا	2
مارەسىن	اسىرىپ	3
اقىرىنا	دەيىن	1
جارامادىڭ	عوي	1
كورىسكەنشە	كۇن	4
كورمەككە	دەگەن	1
كورسكەنشە	كۇن	4
جۇلدەسى	قۇتتى	2
سالىستىرعاندا	سالماعىڭىز	1
قۇربسنىڭ	الدى	2
بارماپسىڭ	عوي	1
بىلگەندەر	بولسا	3
وتاعاسىم	بالالارىمنىڭ	2
جيىم	تەرىم	3
ىيسكەگىم	كەلىپ	1
كۇرۋشىلەر	بولسا	2
جۇرىلۋ	ۇستىندە	2
كۇلكىڭنەن	اينالايىن	1
ارالاسىم	جوق	3
تۇيلارىڭ	قۇتتى	2
تامعاسى	بار	3
بەرەسىالقان	سىارىم	2
بورتكەننەن	كەڭەس	2
قارىنم	اشىپ	2
وقۇدا	وزات	3
ساپارىڭا	ساتتىلىك	2
قالقىنا	قالاۋلى	2
ايكىسكە	دەيىن	1
كوكتەمنەن	بەرى	1
مىجازىم	جوق	1
سۇرانىسى	كۇشتى	3
قايتپسىڭ	عوي	2
تەرىڭىزدە	قانداي	2
دەنساۋلىعڭا	كوڭىل	2
ۇيدەي	پالەدەن	2
بىرشاۋگىم	شاي	2
ۇاققا	دەيىن	3
قادامىڭىزعا	نۇر	2
رەنجىتكىم	كەلمەيدى	2
ءدينام	ەركەم	2
تۇسنۇگە	بولادى	1
جەرگىلكتى	ۋاقىت	1
سۋساتقاننان	ماناسقا	3
سەكپىلدەن	اجىمنەن	2
ۇزارعان	سايىن	1
بيىكتىگىڭىزبەن	دەنە	2
ماسەلەلەرجونىندە	كەڭەس	1
كۇرسكەنشە	كۇن	2
تۇلپارلارىڭ	قۇتتى	1
ەستەرىڭىزدە	بولسىن	2
اۋىرەلەيتىن	بولدىم	1
انەكۇننەن	بەرى	2
سۇيسكىم	كەلىپ	2
تالداۋىڭىزعا	بولادى	2
تۇسىنۇگە	بولادى	1
قۇربىلارنىڭ	الدى	1
ۋاقىتىڭزدى	شىعارىپ	1
ءسالەمىڭ	قابىل	1
اۋۋ	مەنىڭ	1
بولاشاقتارىڭ	نۇرلى	1
قۇربسىنىڭ	الدى	1
كوكتوعايعابارتىن	جولاۋشىلار	1
