token	weight	state_id
a	60	1
aa	231	94713
aaa	200	97668
aae	231	95283
aba	185	4643
abadan	226	89569
abai	231	4644
abaia	151	4645
abaida	178	18700
abaidan	189	31099
abaidağy	220	82724
abaidy	180	20318
abaidyn	191	32902
abaidyñ	231	95723
abaila	157	6705
abailamaisyñ	206	57488
abailap	231	95520
abailau	205	55510
abailañdar	196	40325
abailañyz	203	51138
abailaş	189	31394
abailaşy	208	60910
abaimen	209	63331
abaiqyzy	215	73192
abaisyzda	196	40590
abaitanu	179	19396
abaiğa	169	12295
abaiūly	218	78601
abaq	213	69520
abaqty	230	94506
abat	180	19974
abattandyru	224	87625
abbas	207	58867
abdan	222	85203
abdi	201	48784
abdijappar	203	51738
abdu	178	9342
abduali	204	53094
abdul	198	9343
abdulla	163	9345
abdullaeva	193	36112
abdullah	220	81397
abdullin	185	25437
abdurahman	181	21595
abeke	231	96799
abenov	209	53086
abenova	204	53087
abilova	199	44584
abjanova	227	91642
abliazov	212	67853
abonement	208	61291
abonent	195	39314
abonenttık	225	89031
abort	198	43723
abrikos	205	27958
abrikosym	187	27960
absoliut	203	22870
absoliutno	182	22872
absoliuttı	194	37285
absoliuttık	198	42759
absorbsiia	213	70530
abstraksiia	228	91906
abstrakt	221	83335
abstraktılı	227	91503
abu	154	5659
abylai	231	59771
abylaidan	219	79908
abylaihan	231	59774
abylaihana	208	59775
abyr	199	11477
abyrjyp	212	68183
abyroi	168	11479
abyroily	176	17192
abyroimen	191	33521
abyroisyz	225	89363
abyroiy	199	34883
abyroiyn	192	34884
abyroiyñdy	214	72656
abyroiyñyz	211	65682
abysyn	231	13722
abysyndar	174	15339
abysyndarym	213	70027
abysyndy	215	72900
abysynnyñ	211	66697
abysyny	197	13723
abysynym	171	13724
abysynymnyñ	207	58051
abysynyñ	190	31533
abysynyña	222	85008
abyz	202	49544
abzal	231	45674
abzaldyñ	199	45677
abzalmen	213	69581
abzaly	220	82512
abzalğa	201	48077
abzas	188	29463
ad	231	329
ada	164	330
adai	231	61756
adaidyñ	210	65395
adailar	209	61759
adal	231	11168
adaldyq	167	11171
adaldyqty	208	61416
adaldyğy	212	68273
adaldyğyñ	222	85723
adalmyn	187	27801
adalynan	200	46179
adam	231	331
adamba	185	25230
adambyz	177	17354
adamda	147	1576
adamdai	179	19897
adamdao	223	86327
adamdar	231	1577
adamdarda	167	10396
adamdardan	166	10397
adamdardy	136	1579
adamdardyn	177	17679
adamdardyñ	134	1580
adamdarmen	148	3931
adamdarmyz	208	61251
adamdary	157	6510
adamdarym	180	19924
adamdarymdy	207	59131
adamdarymen	202	50130
adamdarymyz	219	81140
adamdaryn	179	19788
adamdaryna	194	37992
adamdarynyñ	200	47440
adamdaryñ	186	26579
adamdaryña	216	75467
adamdaryñdy	210	64498
adamdaryñmen	227	91063
adamdaryñyz	210	63550
adamdarğa	137	1863
adamdy	231	13091
adamdyq	170	13092
adamdyqqa	228	92016
adamdıkı	211	66105
adamga	231	95389
adamgerşılık	231	96141
adammen	231	95371
adammyn	149	4202
adamnan	141	2599
adamnyn	146	3455
adamnyñ	231	94833
adamov	221	83782
adamsyn	177	17641
adamsyz	175	16486
adamsyñ	158	6981
adamsyñdar	199	45818
adamy	154	5477
adamym	155	5781
adamyma	204	53346
adamymdy	195	38642
adamymen	210	64204
adamyn	161	8371
adamyna	189	30719
adamyñ	160	7969
adamyña	189	30766
adamyñdy	193	35603
adamyñmen	205	55919
adamyñnyñ	211	66442
adamyñyz	194	37008
adamzat	160	7955
adamzatqa	199	44356
adamzatty	211	18548
adamzattyq	183	23677
adamzattyñ	178	18549
adamğa	110	333
adamşa	186	26806
adamşylyq	218	79476
adaptasiia	207	58335
adapter	213	70712
adas	193	8952
adaspai	211	65501
adasqan	200	46708
adastym	229	93085
adastyryp	223	86942
adasyp	163	8954
adela	230	94058
adelia	231	96529
adema	168	11507
ademı	231	49152
ademılep	201	49155
ademısıñ	206	57390
adidas	203	51569
adiia	231	96509
adik	231	96127
adil	166	10770
adilet	231	96476
adiljan	192	34334
adilova	210	64537
adina	231	67346
adinany	212	67348
adlet	165	10142
admin	231	10362
adminder	171	13502
adminderge	203	51846
admindı	193	36450
adminge	176	17194
administrasiia	206	56781
administrator	187	28637
adminka	166	10364
adminke	226	90199
adminnıñ	212	67685
adminy	191	32825
adminı	197	41756
admiral	213	69846
adrenalin	189	30369
adres	231	13537
adresa	185	25642
adresat	220	82119
adreske	184	24072
adresnaia	212	67917
adresnoi	225	88534
adresnyi	230	94195
adrespen	221	84158
adresten	199	44260
adrestı	180	20199
adresu	190	31427
adresı	171	13538
adresıñdı	197	41224
adresıñız	203	49591
adresıñızdı	202	49593
adu	206	56483
advokat	176	17248
adym	196	39783
adymdy	226	90055
adyn	224	87719
adyr	228	53359
adyra	204	53360
adyraspan	207	58284
adyrbekova	223	86887
adyrna	227	90741
adıl	186	26973
adılbek	208	61547
aeau	216	74704
aeroport	231	60938
aeroportqa	208	60940
aeroportta	209	62914
aeroportu	220	81557
afaziia	226	90145
aferist	203	51712
affirmasiia	207	58567
afişa	203	51017
aforizm	225	88355
afrika	231	56738
afrikada	207	58033
afrikadağy	215	73682
afrikalyq	226	89743
afrikanyñ	206	56741
afta	221	83093
aga	231	68619
agam	231	95280
agar	231	97533
agat	212	68620
agenstva	223	86491
agent	180	20380
agenttıgı	220	81925
agenttık	229	92765
agrarly	225	48024
agrarlyq	201	48025
agregat	217	12945
agregattyq	170	12948
agressiia	206	57421
agro	192	35280
agrohimiialyq	230	94615
agroklimattyq	215	73779
agronom	220	82367
agrotehnikalyq	215	73089
agroönerkäsıptık	229	93027
aguşa	179	19887
agyp	174	15471
ah	231	1120
aha	231	1121
ahah	231	1122
ahaha	231	1123
ahahah	231	1124
ahahaha	231	1125
ahahahahahahahah	130	1134
ahan	176	17236
ahau	217	77378
ahmad	191	32997
ahmadiev	222	84619
ahmatova	224	87284
ahmed	189	31231
ahmediiar	205	54715
ahmedov	218	79614
ahmet	231	14306
ahmetbek	208	61041
ahmetke	213	69479
ahmetova	172	14309
ahmetovna	221	84243
ahmettıñ	205	55315
ahonnyñ	223	86563
ahun	221	82994
ai	231	411
aia	137	1861
aiaa	212	68583
aiaağy	213	70804
aiaağym	215	74049
aiagoz	172	13920
aiagöz	231	47809
aiagözde	209	62608
aiagözdıñ	215	73112
aiagözge	201	47811
aiaimyn	209	61717
aiajan	231	61054
aiajanda	209	63273
aiajannan	208	61057
aiaköz	173	14720
aial	216	44134
aiala	231	47791
aialany	201	47793
aialanyñ	201	48305
aialau	207	58418
aialağa	203	51413
aialdama	204	53733
aialdamada	223	86493
aialy	198	44135
aiama	190	30308
aiamai	231	30309
aiamaidy	189	30311
aiamaimyn	190	31716
aiamaityn	206	57321
aiamas	220	82112
aian	231	20105
aiana	231	68690
aianat	231	68691
aianattyñ	212	68694
aianbai	201	48354
aiandy	194	37984
aianmen	204	53627
aiannyñ	190	32455
aianyşty	180	20109
aianğa	194	36950
aiap	231	96198
aiaq	231	2293
aiaqasty	217	76521
aiaqastynan	230	93668
aiaqkiım	201	47640
aiaqpen	175	16116
aiaqqa	164	9670
aiaqqap	207	59060
aiaqsyz	204	53968
aiaqta	184	2295
aiaqtady	195	39133
aiaqtadym	196	40189
aiaqtadyq	214	71957
aiaqtadyñ	217	77973
aiaqtai	196	34300
aiaqtaidy	214	72374
aiaqtaimyn	214	71244
aiaqtaimyz	192	34303
aiaqtalady	174	15828
aiaqtalatyn	198	42798
aiaqtaldy	139	2298
aiaqtalmağan	200	46108
aiaqtalu	214	46772
aiaqtaluy	200	46773
aiaqtaluğa	214	71243
aiaqtalyp	186	27149
aiaqtalğan	178	18706
aiaqtalğannan	207	58085
aiaqtalğanşa	219	80043
aiaqtan	182	22450
aiaqtap	159	7518
aiaqtar	200	31277
aiaqtary	189	31278
aiaqtarym	205	54449
aiaqtaryn	199	44491
aiaqtaryna	218	78103
aiaqtaryñ	220	82224
aiaqtau	177	18167
aiaqtağan	195	39400
aiaqtağy	221	84186
aiaqty	160	7811
aiaqtyñ	175	16035
aiar	229	31587
aiaru	231	31588
aiarudyñ	190	31591
aiaruğa	199	45124
aiasy	197	10870
aiasyn	195	10871
aiasynan	206	56762
aiasynda	166	10873
aiat	157	6478
aiatty	215	72721
aiaty	216	75814
aiau	231	30140
aiauda	206	56249
aiaudyñ	189	30143
aiauka	231	96421
aiauly	231	40720
aiaulym	231	40721
aiaulymmen	207	58042
aiaulymğa	196	40723
aiaumen	194	37698
aiausyz	207	58936
aiauşylyq	202	50296
aiaz	142	2781
aiazata	218	78197
aiazdy	207	58457
aiañ	218	78507
aiağa	208	42702
aiağan	198	42703
aiağy	231	10899
aiağym	231	10900
aiağyma	180	20738
aiağymda	204	52721
aiağymdy	166	10902
aiağymen	195	39549
aiağymnan	204	54329
aiağymnyñ	205	55879
aiağymyz	217	77878
aiağyn	231	27678
aiağyna	231	27679
aiağynan	186	27680
aiağynda	231	60952
aiağyndağy	208	60954
aiağynyñ	195	39138
aiağyñ	231	14431
aiağyña	185	25174
aiağyñdy	172	14433
aiağyñmen	217	76549
aiağyñnan	208	60577
aiağyñnyñ	214	72153
aiağyñyz	196	40155
aiağyñyzdy	205	54811
aiaş	167	11311
aibai	196	40915
aibalta	218	78655
aibanu	196	40504
aibar	231	43040
aibardy	212	62466
aibardyñ	209	62467
aibarly	216	76022
aibarğa	210	64440
aibarşa	198	43042
aibarşyn	209	62585
aibat	231	52848
aibatty	213	69626
aibatyr	204	52850
aibek	231	23174
aibekke	183	23176
aibekpen	196	41120
aibekte	210	57407
aibekten	206	57408
aibektı	199	44379
aibi	202	28081
aibibı	187	28083
aibo	204	13671
aibol	231	13672
aibolat	171	13674
aiboldy	210	64622
aibota	187	28649
aibyi	153	5273
aibyn	231	69513
aibyndy	213	69515
aiböpe	224	87247
aida	231	16716
aidahar	200	47429
aidai	231	38044
aidaidy	194	38046
aidaimyn	217	76328
aidaityn	195	38544
aidala	207	19460
aidalada	179	19462
aidaladağy	193	36143
aidalağa	204	53278
aidam	222	60638
aidama	208	60639
aidan	231	16717
aidana	231	16718
aidanada	203	51867
aidanalar	212	68506
aidanamen	191	32880
aidanany	184	24558
aidananyn	203	52521
aidananyñ	231	97377
aidanağa	176	16720
aidanka	217	77248
aidap	231	95583
aidar	231	22411
aidarbek	187	28261
aidarbekova	215	73590
aidardy	210	50025
aidardyñ	202	50026
aidarhan	182	22414
aidarly	212	68566
aidarmen	214	72610
aidarğa	205	54910
aidau	191	33460
aidaudy	218	79425
aidauğa	206	56743
aidağa	210	53843
aidağan	204	53844
aidağy	199	45273
aidi	231	95157
aidok	186	26512
aidol	231	97481
aidos	231	37542
aidospen	200	46884
aidosqa	194	37544
aidy	231	39095
aidykı	215	74201
aidyn	231	39096
aidynbek	213	69169
aidynda	213	69669
aidyndy	201	48444
aidynmen	207	58501
aidynnyñ	195	39099
aidynğa	196	39915
aidyñ	231	95328
aieke	182	22893
aielge	201	49192
aifon	231	37107
aifonda	203	51597
aifondy	194	37109
aifonmen	210	65110
aifonnyñ	199	44879
aifony	211	66538
aiger	192	24748
aigerim	231	52634
aigerimge	204	52636
aigerım	231	24750
aigerımde	212	67452
aigerımdı	198	43744
aigerımmen	206	57812
aigerımnıñ	184	24753
aigu	220	41968
aigul	231	41969
aigulge	197	41971
aigölek	231	97501
aigül	231	30383
aigülde	219	76222
aigülden	216	76223
aigülder	225	88944
aigüldı	211	30385
aigüldıñ	189	30386
aigülge	190	32388
aigülmen	219	80168
aihai	192	35334
aihan	192	35084
aija	216	467
aijamal	231	86093
aijamaldyñ	223	86096
aijan	117	468
aijana	209	62632
aijanar	217	77033
aijanda	209	63077
aijandar	219	79905
aijandy	193	36734
aijanka	204	52992
aijanmen	205	54445
aijannan	207	57899
aijannyñ	185	25898
aijanova	215	72877
aijanğa	184	24153
aijarqyn	192	34930
aijaryq	202	50794
aijūldyz	183	23930
aika	231	46963
aikamen	213	69598
aikanyñ	200	47346
aikağa	200	46965
aiken	231	97158
aikerim	206	57138
aiko	231	11926
aikoda	216	67297
aikodan	212	67298
aikolar	218	78795
aikomen	203	52000
aikon	188	29588
aikony	198	35666
aikonyñ	193	35667
aikoğa	193	35721
aikoş	168	11927
aikoşa	191	34050
aikörkem	231	96448
aikünım	210	63765
aila	187	28599
ailaker	210	64309
ailan	208	34519
ailandyryp	209	62519
ailanyp	192	34521
ailap	193	35838
ailar	191	32696
ailardyñ	221	83484
ailary	200	46474
aili	215	61462
ailina	208	61464
aily	168	3232
ailyk	145	3233
ailyktan	190	31951
ailyq	231	6618
ailyqpen	213	70410
ailyqqa	157	6620
ailyqta	190	8511
ailyqtan	162	8512
ailyqtaryn	217	76425
ailyqtaryñ	203	52433
ailyqty	174	15570
ailyqtyñ	197	42500
ailyğy	165	10154
ailyğym	179	19269
ailyğymdy	195	39207
ailyğyn	180	20143
ailyğynan	203	50967
ailyğynda	212	68389
ailyğyñ	189	30507
ailyğyñdy	203	52502
ailyğyñyz	214	71102
aimalasyp	208	59845
aimalau	230	94104
aimalağym	223	86455
aiman	231	55192
aimandai	230	94343
aimandy	205	55194
aimanmen	220	81540
aimannan	219	81340
aimanova	210	63857
aimaq	231	22132
aimaqqa	197	41785
aimaqta	186	26843
aimaqtar	196	38539
aimaqtarda	195	38541
aimaqty	208	22134
aimaqtyq	182	22135
aimauytov	192	35191
aimağy	168	11593
aimen	189	31345
aimira	197	41823
aina	231	1025
ainabulak	194	37876
ainabūlaq	218	79070
ainadai	215	74279
ainadan	182	22174
ainagul	181	21725
ainagül	231	96866
ainala	231	1027
ainalada	214	40724
ainaladağy	196	40726
ainalady	165	9873
ainalaiyn	129	1030
ainalaiynau	226	90341
ainalaiyndar	195	38881
ainalama	221	84263
ainalamyz	220	82489
ainalany	214	72230
ainalar	213	70374
ainalasy	196	32888
ainalasyn	199	32889
ainalasyna	191	32890
ainalasynda	191	33537
ainalasyndağy	193	36811
ainalasyñ	219	80976
ainalatyn	200	46075
ainalaña	205	54598
ainalañda	213	70400
ainalağa	211	65827
ainaldy	163	6210
ainaldym	172	13921
ainaldyq	224	87408
ainaldyra	189	31286
ainaldyrady	196	41185
ainaldyru	168	11568
ainaldyruğa	207	58860
ainaldyryp	156	6213
ainaldyrğan	188	29239
ainalma	206	45229
ainalmai	200	46050
ainalmaly	199	45231
ainalsoq	213	70338
ainalu	178	18879
ainaluy	189	30834
ainaly	229	8627
ainalym	166	10400
ainalymda	213	70769
ainalymğa	200	47170
ainalyp	231	95115
ainalys	205	8628
ainalysa	202	19710
ainalysady	179	19712
ainalysam	204	53747
ainalysasyz	200	45914
ainalysasyñ	209	61628
ainalysatyn	180	20270
ainalysqan	190	32348
ainalysu	188	28918
ainalysuğa	204	53327
ainalysyp	162	8630
ainalğan	174	15531
ainalğanda	210	65100
ainam	213	43469
ainamköz	198	43472
ainany	203	32562
ainanyñ	190	32563
ainara	163	8939
ainasy	187	28601
ainaz	231	46914
ainazym	200	46916
ainağa	231	96751
ainaş	231	82953
ainaşka	221	82955
aino	228	92206
ainur	231	5514
ainura	154	5515
ainurda	217	63399
ainurdan	209	63400
ainurdyn	208	61218
ainurdyñ	201	48545
ainurka	198	42662
ainurğa	200	46908
ainymai	195	38265
ainymaidy	197	41706
ainymaly	188	29179
ainymas	200	46886
ainyp	158	7229
ainūr	231	22548
ainūrdan	206	57743
ainūrdy	201	22550
ainūrdyñ	182	22551
ainūrmen	212	67769
ainūrğa	184	24450
aipara	208	60685
aiqai	167	4619
aiqailady	205	55077
aiqailai	203	51206
aiqailaidy	205	54965
aiqailaimyn	227	90600
aiqailama	213	69468
aiqailap	151	4622
aiqailatyp	227	90566
aiqailağan	210	65259
aiqaiy	220	82062
aiqaiyn	226	89945
aiqalap	195	39147
aiqan	204	53927
aiqanyñ	219	79883
aiqas	200	47379
aiqasyp	222	85414
aiqyn	231	48747
aiqyndaidy	203	51770
aiqyndaityn	206	56996
aiqyndalady	201	48799
aiqyndap	201	48750
aiqyndau	202	50288
aiqyndauyş	227	91114
aiqynnyñ	219	79911
aiqynğa	221	83501
airan	231	64680
airandai	219	79813
airandy	210	64682
airanmen	215	73810
airanğa	217	76940
airylyp	177	18118
airylysyp	192	34162
airylğan	212	67341
airylğym	217	77516
airyqşa	179	19426
aisana	231	96212
aisara	231	97023
aisaule	231	93464
aisaulenıñ	229	93467
aisberg	219	80899
aisezım	181	21395
aisu	188	29020
aisulu	231	95513
aisymbat	214	72024
aisyz	224	87366
aisäule	185	26060
aisūltan	231	68218
aisūltandy	212	68220
aisūltanğa	218	78994
aisūlu	231	51443
aisūludy	215	51445
aisūludyñ	203	51446
ait	231	412
aita	231	649
aitaber	169	12357
aitaberıñız	219	80578
aitady	231	35746
aitadyğoi	193	35749
aitaiy	226	6937
aitaiyn	231	7820
aitaiynba	160	7822
aitaiynda	221	83518
aitaiynşy	180	20272
aitaiyq	158	6938
aitaiyqşy	195	38799
aitalmai	170	12642
aitalmaidy	217	77234
aitalmaimyn	191	33891
aitalyq	191	33877
aitam	231	650
aitama	231	32766
aitamai	191	32767
aitamba	186	27390
aitamda	163	8932
aitamgo	162	8632
aitamyn	123	652
aitamyz	135	1612
aitamyzba	192	34065
aitamğo	166	10464
aitamğoi	185	25509
aitar	231	9195
aitarda	222	84928
aitarlyq	229	12599
aitarlyqtai	170	12602
aitarmyn	172	14221
aitarmyz	207	59513
aitarsyn	181	21825
aitarsyz	174	15212
aitarsyzdar	211	66243
aitarsyñ	231	65779
aitarsyñdar	211	65782
aitary	208	9196
aitarym	231	9197
aitarymdy	163	9199
aitaryn	191	33254
aitaryñ	196	40530
aitaryñdy	197	42077
aitaryñyz	214	71344
aitarğa	183	23513
aitasal	197	41310
aitasyn	231	30339
aitasynba	189	30341
aitasyndar	192	34549
aitasyzba	175	16229
aitasyzdar	188	29952
aitasyzğoi	201	48234
aitasyñ	231	14824
aitasyñba	182	22244
aitasyñda	218	14826
aitasyñdar	173	14827
aitasyñğo	183	23953
aitasyñğoi	192	35118
aitatn	173	14969
aitatta	191	32935
aitatyn	231	26871
aitatyndai	186	27446
aitatyndar	192	34404
aitatyndy	217	77267
aitatynmyn	208	60900
aitatyny	186	26872
aitatynym	197	32898
aitatynymdy	191	32900
aitatynyn	186	27638
aitatynyñ	201	33685
aitatynyñdy	191	33687
aitağoi	181	21824
aitbai	181	21400
aitbek	186	27000
aitgül	211	65821
aiti	190	31400
aitin	204	53579
aitjamal	215	74145
aitjan	231	57325
aitjanova	206	57328
aitkanyñ	185	25804
aitkanyñyz	199	44933
aitmatov	211	66079
aitolqyn	231	96609
aitore	220	82288
aitpa	231	719
aitpady	141	2472
aitpadym	152	5097
aitpadyma	184	24484
aitpadyn	177	18248
aitpadynba	196	40398
aitpadyq	203	52030
aitpadyñ	152	5055
aitpadyñba	181	21344
aitpadyñdar	202	49808
aitpadyñyz	182	21949
aitpadyñyzba	214	71928
aitpai	231	720
aitpaiaq	162	8468
aitpaidy	150	4274
aitpaim	124	721
aitpaima	176	16607
aitpaimyn	150	4392
aitpaimyz	175	16567
aitpaisyn	164	9676
aitpaisynba	181	21259
aitpaisyz	178	18713
aitpaisyzba	198	43955
aitpaisyzdar	219	80386
aitpaisyñ	147	3634
aitpaisyñba	172	14096
aitpaisyñdar	190	32376
aitpaisyñdarma	214	72167
aitpaityn	159	7411
aitpaitynyñ	206	57558
aitpaiyn	198	43517
aitpaiyq	208	61327
aitpandar	189	30703
aitpap	196	40179
aitpapty	200	46933
aitpaq	195	39118
aitpaqtai	217	76927
aitpaqşy	231	94965
aitpas	185	8133
aitpasa	167	8134
aitpasada	200	47299
aitpasai	188	29166
aitpasam	166	10527
aitpasamda	199	45328
aitpasan	168	11895
aitpasanda	198	43422
aitpasaq	209	62008
aitpasañ	161	8135
aitpasañda	194	37768
aitpasañdar	216	74800
aitpasañyz	197	42640
aitpasyn	186	27569
aitpau	176	17169
aitpauğa	210	65129
aitpauşy	215	73076
aitpañdar	180	20668
aitpañyz	155	5950
aitpañyzdar	217	78073
aitpañyzşy	189	31025
aitpağaly	222	85292
aitpağan	152	4987
aitpağanda	194	37215
aitpağandy	212	69089
aitpağany	213	70767
aitpağanym	217	76912
aitpaşy	160	8043
aitpese	231	95403
aitqa	210	1522
aitqali	209	62265
aitqaly	209	62928
aitqam	231	95453
aitqan	231	1523
aitqanan	213	69764
aitqanbyz	209	62058
aitqanda	138	2131
aitqandai	150	4486
aitqandardyñ	230	94695
aitqandary	203	15733
aitqandarymdy	207	59352
aitqandaryn	194	37633
aitqandaryñ	174	15734
aitqandaryña	225	89411
aitqandaryñdy	211	66837
aitqandaryñyz	179	19330
aitqandy	161	8278
aitqanmen	194	37520
aitqanmyn	172	13891
aitqannan	179	19361
aitqannyñ	207	58687
aitqansyz	211	66594
aitqansyñ	190	32158
aitqany	157	1524
aitqanym	231	8163
aitqanyma	187	28551
aitqanymda	215	67489
aitqanymdai	212	67490
aitqanymdy	161	8165
aitqanymen	199	45595
aitqanymmen	221	83926
aitqanymnan	210	64247
aitqanymnyñ	222	85120
aitqanymyz	218	78565
aitqanyn	150	4305
aitqanyna	184	24369
aitqanynan	193	35877
aitqanyz	203	52443
aitqanyñ	231	1525
aitqanyña	188	29527
aitqanyñda	208	60539
aitqanyñdy	173	14894
aitqanyñnan	216	75964
aitqanyñnyñ	221	83370
aitqanyñyz	134	1527
aitqanyñyzdy	197	41891
aitqanyñyzğa	211	66929
aitqanğa	185	25972
aitqanğo	195	38502
aitqanşa	198	42795
aitqasyn	189	31229
aitqym	147	3718
aitqymda	222	85304
aitqyn	180	20420
aitqysy	176	16680
aitqyza	197	41635
aitqyzbai	194	36944
aitqyzu	216	75392
aitqyzyp	185	25633
aitqyñ	163	9211
aitqyñyz	190	32558
aitqyş	215	73685
aitsa	132	414
aitsada	174	15542
aitsai	231	17038
aitsaişy	176	17040
aitsam	113	415
aitsamda	177	17688
aitsan	231	26937
aitsanda	186	26939
aitsandar	196	40875
aitsanşy	198	44250
aitsaq	168	11606
aitsaqta	213	70090
aitsañ	130	1152
aitsañda	177	18077
aitsañdar	186	27346
aitsañdarşy	193	36794
aitsañyz	153	5384
aitsañyzda	214	41910
aitsañyzdar	197	41911
aitsañyzşy	169	12148
aitsañşy	182	22449
aitsaşy	216	75239
aitsyn	156	6223
aitta	231	56389
aittady	206	56391
aittaiyn	217	77022
aittau	227	90926
aittv	217	78016
aittvm	219	80090
aitty	231	1020
aittym	231	4565
aittyma	159	7282
aittymba	184	24195
aittymda	203	50965
aittymğo	151	4567
aittymğoi	164	9579
aittyn	148	3883
aittynba	179	19908
aittyngo	186	26503
aittyp	159	7596
aittyq	165	10190
aittyryp	215	73913
aittys	218	78459
aittyñ	128	1021
aittyñba	165	10008
aittyñdar	189	30801
aittyñdarma	221	82962
aittyñyz	159	7560
aittyñyzba	204	53703
aittyñyzğoi	221	83597
aittyñğo	175	16520
aittyñğoi	196	40921
aittyğo	168	11834
aittyğoi	185	25973
aitu	231	8656
aituda	204	25709
aitudan	185	25710
aitudy	168	11510
aitudyñ	179	19912
aituly	202	50145
aitumova	215	72709
aituy	169	8657
aituym	162	8658
aituymen	212	67734
aituymyz	208	59895
aituyn	188	20833
aituyna	212	67587
aituynşa	181	20835
aituyña	222	85302
aituyñyz	208	60182
aituğa	231	68207
aituğada	212	68209
aituşy	166	10656
aitylady	166	10665
aitylatyn	177	17469
aityldy	231	96870
aitylmady	208	60535
aitylmaidy	207	58722
aitylmağan	190	32637
aitylsa	201	48937
aitylu	196	25294
aityluy	185	25295
aitylyp	169	12381
aitylypty	221	83774
aitylğan	231	95379
aitym	231	22934
aitymğo	183	22936
aityn	231	32638
aitynba	196	40873
aityndar	231	32641
aityndarşy	190	32643
aityp	231	36938
aityppa	210	63927
aityppyn	198	43977
aitypsyz	208	61310
aitypsyñ	194	36941
aitypty	231	95886
aitys	231	29721
aitysker	202	50284
aitysqa	205	55761
aitysqan	228	92573
aitysty	214	72289
aitysy	188	29722
aitysyn	218	78634
aitysyp	194	36890
aityñ	231	37938
aityñba	197	42484
aityñdar	231	95679
aityñdarşy	231	96993
aityñyz	231	37940
aityñyzdar	231	37943
aityñyzdarşy	194	37945
aityñyzşy	231	95681
aitöre	205	54627
aitşiş	167	11062
aitşy	231	94792
aiu	144	3181
aiuan	231	96148
aiudai	218	79514
aiudyñ	206	56242
aiular	204	53064
aiuğa	215	73936
aiy	231	2424
aiyby	199	44738
aiyl	218	78265
aiym	231	23343
aiymda	209	62811
aiymdy	187	28240
aiymen	223	85830
aiymgul	203	51349
aiymgül	185	26239
aiymhan	214	72118
aiymjan	183	23346
aiymnan	207	58585
aiymnyñ	188	29044
aiymğa	187	27719
aiyna	140	2426
aiynan	187	27901
aiynda	231	50225
aiyndağy	202	50227
aiynyñ	169	12376
aiyon	220	81608
aiyp	231	35931
aiyppūl	198	43263
aiypqa	193	35933
aiyptama	219	80748
aiyptau	221	84270
aiypty	216	74936
aiyq	229	93578
aiyr	182	5755
aiyra	182	22285
aiyram	231	96430
aiyrbas	209	36604
aiyrbastap	193	36607
aiyrbastau	210	63514
aiyrdy	205	55396
aiyrdyñ	223	86802
aiyrly	216	46016
aiyrlyp	200	46017
aiyrlysyp	206	56986
aiyrma	211	15946
aiyrmai	226	89841
aiyrmasy	199	24177
aiyrmasyn	184	24178
aiyrmaşylyq	175	15951
aiyrmaşylyğy	231	41750
aiyrmaşylyğyn	197	41751
aiyru	187	27881
aiyruğa	210	65221
aiyryldy	208	60930
aiyryldym	208	60984
aiyrylma	223	69518
aiyrylmai	216	74888
aiyrylmas	213	69519
aiyrylu	203	51726
aiyrylyp	154	5759
aiyrylys	219	10516
aiyrylysqan	219	80036
aiyrylysu	215	72942
aiyrylysyp	166	10518
aiyrylğan	193	36172
aiyrym	220	82764
aiyryp	231	95966
aiyrysu	220	82840
aiyrğan	214	71290
aiyrşa	219	81323
aiyñ	201	48946
aiyğyp	205	54370
aizada	231	63865
aizadany	216	63867
aizadanyñ	210	63868
aizadağa	212	67680
aizat	231	71910
aizatpen	226	90005
aizatqa	217	77582
aizattyñ	214	71913
aizere	231	95122
aiğa	135	1599
aiğai	200	17858
aiğailap	177	17861
aiğan	206	57028
aiğanym	231	57988
aiğanymnyñ	209	61917
aiğanymğa	207	57990
aiğaq	210	63936
aiğyr	181	21197
aiğyz	214	71113
aişa	231	18575
aişanyñ	178	18578
aişuaq	191	33704
aişyqtau	229	93116
aişyqty	212	68473
aj	154	5450
aja	221	30190
ajal	189	30191
ajaly	211	66681
ajam	206	56419
ajan	228	91916
ajar	231	44553
ajara	199	44554
ajardyñ	201	48789
ajarly	209	62335
ajarmen	216	75010
ajarğa	199	45866
ajdaha	220	82579
ajeka	203	52125
ajyrady	224	88144
ajyramai	210	64760
ajyramas	188	29344
ajyrap	195	38867
ajyras	203	7483
ajyrasa	214	25017
ajyrasam	184	25018
ajyrasamyz	210	64998
ajyrasatyn	219	80827
ajyraspai	219	79886
ajyrasqan	183	23258
ajyrasqanmyn	218	78446
ajyrasty	215	73672
ajyrastym	218	78212
ajyrasu	196	40505
ajyrasuğa	203	52552
ajyrasyp	159	7485
ajyrata	231	41591
ajyratady	197	41593
ajyratqyş	227	90739
ajyratu	188	29506
ajyratyp	182	22471
ajyrau	229	92814
akademiia	231	42182
akademiiada	218	78356
akademiialyq	197	42569
akademiiasy	199	42184
akademiiasynyñ	197	42187
akademiiağa	216	75451
akademik	191	33743
akarys	200	46233
akasiia	208	60229
akataev	222	85376
akaunta	213	69512
akauntty	186	26749
akbar	175	15870
akbota	231	95555
akejan	195	39653
akerke	231	95482
akgul	185	25549
akima	193	9978
akimat	165	9979
akimata	204	53518
akimatqa	191	33378
akimatta	186	27433
akimattan	197	41672
akimattyñ	210	63938
akjaiyk	145	3255
akjan	231	97136
akjar	193	35797
akkaunt	231	20502
akkauntqa	190	31723
akkauntty	180	20504
akkaunty	180	20692
akkenje	207	58179
akkmdy	186	27146
akkompanement	228	91963
akkord	210	65032
akkreditasiia	218	78210
akkumuliator	191	32860
akkuratno	186	27403
akkymdy	193	36150
akmaral	231	95987
akniet	231	96163
aknur	156	6174
ako	231	18214
akon	231	18215
akonai	177	18217
akonia	186	27631
akosia	188	29525
akoş	231	96199
akr	203	9759
akril	212	67630
akrobatika	188	9766
akrobatikalyq	164	9769
aksai	174	15271
aksaida	216	75662
aksaule	198	43345
aksent	190	31990
aksessuar	216	70212
aksessuary	213	70213
aksezim	228	92264
aksii	190	3377
aksiia	145	3378
aksiialar	208	60734
aksiiamen	185	25652
aksiianyñ	217	76892
aksiiasy	202	49493
aksiiağa	202	50048
aksiologiia	227	90772
aksioma	225	88268
aksionerlık	210	64759
aksu	187	28168
akt	231	2218
aktauda	171	13637
akter	169	12585
akterlık	212	68816
aktery	184	24929
aktiv	231	21524
aktivasiia	187	27998
aktivist	209	63224
aktivistka	225	88662
aktivizasiia	228	92142
aktivke	184	25041
aktivnaia	188	29299
aktivno	181	21526
aktivnyi	231	95968
aktivpen	215	74526
aktivtı	191	33368
aktobe	139	2221
aktobede	185	25313
aktogai	209	61644
aktoty	190	31457
aktrisa	160	7794
akty	175	15985
aktöbe	203	52470
aktöbege	226	89506
aktör	175	16562
aktısın	224	87425
akula	179	19577
akustika	225	85470
akustikalyq	222	85473
akuşer	189	30177
akuşerka	199	45845
akuşerlık	229	93404
akva	198	44153
akvamen	224	88133
akvapark	214	71062
akvarium	202	50749
akyldasu	213	69384
akyryn	231	97167
akşalaryñ	224	88009
akşanyñ	201	48182
akşasymen	221	83419
akşañdy	196	40744
al	231	56
ala	231	253
alaber	195	38536
alabūğa	230	94255
aladdin	222	85221
aladin	210	65198
alady	108	255
aladyğoi	205	55145
alai	231	1889
alaiaq	185	25173
alaiaqtyq	218	79092
alaida	152	5057
alaiqta	221	83062
alaisyñ	228	92346
alaiyn	231	12487
alaiynba	177	17919
alaiyndep	192	34266
alaiynşy	169	12489
alaiyq	137	1891
alaiyqpa	214	71142
alaiyqta	191	34007
alaiyqşy	186	27226
alakölge	226	89434
alalmai	173	14794
alalmaidy	224	87627
alaly	218	78540
alalyq	230	93873
alam	231	433
alama	231	14695
alamadym	213	70670
alamai	173	14696
alaman	192	35155
alamba	156	6335
alamda	179	19305
alamyn	119	517
alamynba	188	29459
alamyz	115	435
alamyzba	162	8759
alamyzda	208	61334
alamğo	176	17021
alamğoi	196	40389
alan	162	8528
alandap	196	39746
alansyz	205	54970
alanyñ	202	49502
alanğa	222	85782
alap	188	29060
alapat	222	85549
alapes	229	93095
alaq	215	30616
alaqai	190	31576
alaqan	189	30618
alaqanda	224	60757
alaqandai	219	80609
alaqandağydai	208	60762
alaqany	216	71488
alaqanyma	224	88128
alaqanyna	214	71490
alar	141	2558
alarda	197	41369
alarmyn	172	14077
alarmyz	187	28667
alarsyn	196	40461
alarsyz	200	46381
alarsyñ	179	19148
alarymdy	207	59339
alasa	189	30551
alasal	197	41957
alasalşy	207	59216
alasapyran	220	82067
alastap	203	51154
alastau	218	79014
alasy	195	299
alasyn	231	3074
alasynba	144	3076
alasyndar	179	19863
alasyndarma	191	33854
alasyz	114	420
alasyzba	231	95339
alasyzdar	156	6275
alasyzdarma	182	21942
alasyñ	109	300
alasyñba	231	95224
alasyñda	204	7569
alasyñdar	159	7570
alasyñdarma	181	21585
alasyñğo	190	31741
alasyñğoi	207	58223
alatau	231	81240
alatauda	219	81242
alatyn	109	306
alatyndai	175	16273
alatyndardyñ	230	93842
alatyndaryñ	220	82056
alatyny	205	22498
alatynym	209	43745
alatynymdy	198	43747
alatynyn	182	22499
alatynyñdy	203	51844
alau	187	27999
alañ	180	15910
alañda	193	15912
alañdaimyn	214	71167
alañdaityn	213	70188
alañdama	179	19479
alañdamai	186	27592
alañdamañyz	203	51237
alañdap	175	15913
alañdatyp	217	76374
alañdauşylyq	218	79769
alañsyz	177	17432
alañy	182	22533
alañyn	220	45167
alañyna	204	53380
alañynda	199	45169
alağa	175	16197
alağan	219	80679
alaş	150	4306
alaşa	192	35242
alaşorda	189	31162
alaşqa	201	48106
alaşta	205	54365
alaştan	205	55857
alaştyñ	201	47885
alaşūly	229	92892
albandar	222	85104
albasty	231	95931
albaty	194	37043
albyrt	230	94267
alda	231	2797
aldabergen	191	32676
aldabergenov	213	69490
aldady	198	39018
aldadyñ	195	39019
aldai	207	32371
aldaidy	190	32373
aldaimyn	209	62241
aldaisyñ	200	46011
aldaityn	199	44931
aldam	209	15256
aldama	174	15257
aldamai	186	27541
aldamaidy	198	43107
aldamaimyn	191	33121
aldamaityn	204	53589
aldamaş	187	27978
aldamaşy	203	52260
aldamşy	189	30558
aldan	191	10050
aldana	208	60546
aldanatyn	222	85250
aldandym	209	63263
aldanyp	165	10052
aldanyş	208	60600
aldap	231	95019
aldar	231	15328
aldaraspan	174	15333
aldarköse	206	57094
aldaryna	203	52430
aldarynan	208	60821
aldarynda	210	64774
aldaryñda	200	46702
aldaryñyzda	213	69964
aldasañ	206	57620
aldau	167	11438
aldausyz	210	64097
aldauğa	206	57633
aldauşy	225	89217
aldağan	181	21264
aldağandai	187	28335
aldağanyñ	219	80285
aldağy	142	2799
aldede	214	72182
aldiiar	231	58219
aldiiardy	212	58221
aldiiardyñ	207	58222
aldy	231	142
aldyda	178	19102
aldym	231	1620
aldymba	190	31793
aldymda	154	5452
aldymdağy	212	68751
aldymen	135	1622
aldymnan	166	10735
aldymyz	210	12740
aldymyzda	170	12742
aldymyzdan	204	53879
aldymyzdağy	198	42922
aldymyzğa	202	50279
aldymğo	186	27509
aldymğoi	199	45516
aldyn	103	143
aldyna	133	1420
aldynala	200	46081
aldynan	142	2722
aldynba	160	7681
aldynda	96	145
aldyndar	182	22608
aldyndarma	195	39200
aldyndary	189	30273
aldyndağy	134	1567
aldyndağydai	176	16783
aldyndağyny	205	55342
aldynnan	174	15241
aldynğy	153	5158
aldyq	135	1623
aldyr	198	7314
aldyra	191	33339
aldyraiyn	200	46531
aldyram	193	36271
aldyramyn	210	64015
aldyratyn	210	64073
aldyrdy	218	44826
aldyrdym	199	44827
aldyrmai	213	70550
aldyrta	207	58523
aldyrtaiyn	213	69931
aldyrttym	214	71695
aldyrtu	212	68929
aldyrtyp	174	15387
aldyru	195	38244
aldyruğa	201	48380
aldyryp	159	7316
aldyrğan	204	52968
aldyñ	231	904
aldyña	171	13254
aldyñba	231	95662
aldyñda	164	6730
aldyñdar	157	6731
aldyñdarma	177	17885
aldyñdağy	198	43870
aldyñdy	209	62263
aldyñnan	175	15918
aldyñyz	144	3104
aldyñyzba	173	14751
aldyñyzda	193	20661
aldyñyzdan	209	61596
aldyñyzdar	180	20662
aldyñyzdarma	201	48962
aldyñyzğa	206	56499
aldyñğo	201	48785
aldyñğy	127	906
aldyñğydai	207	59037
aldyñğysy	203	51926
aldyğa	174	15305
aldyğo	193	36000
aldyğoi	200	46751
aleia	228	91785
aleikum	231	94748
aleke	183	23860
aleksandr	167	11206
aleksandra	190	32524
aleksandroviş	218	79379
aleksandrovna	200	46792
aleksei	182	22920
alena	188	29195
alfa	192	17501
alfavit	177	17504
alfiia	195	38326
algebra	231	4528
algebradan	150	4531
algebralyq	212	67578
algebrany	179	19661
algoritm	187	28798
alhamdulillah	231	95209
alhimik	228	91902
ali	231	406
aliasqar	206	57504
alibek	231	73907
alibekke	218	78402
alibekova	215	73910
alibekpen	226	90489
alibi	231	97348
alidı	193	30797
alidıñ	189	30798
aliekspresste	227	90970
alieva	184	24411
alige	181	21079
alihan	113	409
alihandy	189	31107
alihanmen	203	52025
alihanova	214	71541
alihanğa	195	39287
aliia	231	30585
aliiada	210	60834
aliiadan	208	60835
aliiamen	206	57729
aliiany	199	45717
aliiar	211	65491
aliiağa	189	30587
alijan	231	96738
alik	231	96246
alim	178	18475
alima	231	78272
alimanyñ	218	78275
alimbekova	214	71735
alimen	197	18477
aliment	178	18478
alimhan	194	37302
alimov	224	65113
alimova	210	65114
alin	191	1022
alina	128	1023
alinur	231	96647
alinūr	172	14424
alisa	162	8601
aliuminii	231	97359
aliza	206	56537
aliş	156	6354
alişer	231	45680
alişera	223	86552
alişerdı	214	56708
alişerdıñ	206	56709
alişerge	199	45682
alişermen	209	63047
aljan	203	52483
aljapqyş	227	91211
aljyp	189	30286
aljyğan	199	45102
alkaş	231	96872
alkogolizm	225	88328
alkoja	199	45464
alla	231	58
allaahu	230	94684
allabergen	200	47483
alladan	136	1699
alladep	189	30763
alladin	205	55260
allah	231	14495
allaha	207	57845
allahqa	200	45878
allahtan	210	63405
allahty	224	42646
allahtyñ	198	42647
allahu	180	19917
allahumma	207	59237
allahummä	222	84825
allahym	173	14497
allai	194	37283
allam	231	58761
allamnyñ	207	58764
allamyz	219	81181
allannyñ	212	68556
allany	173	458
allanyn	164	9573
allanyñ	116	459
allaqalasa	209	62715
allatağalam	224	88188
allağa	79	60
allegoriia	230	94022
alleia	205	55240
allergen	230	94070
allergiia	163	9086
allergiialyq	201	47940
allergiiam	212	68364
allergiiasy	211	66786
allergiiağa	213	70495
allergolog	224	87666
alliterasiia	197	42061
allo	231	95164
alma	231	476
almabek	204	53934
almadai	216	74725
almadan	206	56854
almady	148	515
almadym	119	516
almadyma	203	52466
almadyn	178	18310
almadynba	201	48909
almadyq	161	8311
almadyñ	154	5561
almadyñba	187	28180
almadyñdar	203	52066
almadyñyz	184	24622
almadyñyzdar	227	90543
almadyñğoi	224	87946
almaf	220	82348
almagul	231	96970
almagülge	220	82665
almahan	209	63237
almai	231	477
almaiaq	183	23959
almaidy	118	479
almaidyğo	203	51858
almaima	170	13152
almaimyn	231	72726
almaimynba	215	72728
almaimyz	140	2351
almaimyzba	202	50676
almaimyzğoi	219	79997
almaisyn	144	2974
almaisynba	185	25822
almaisyz	155	5802
almaisyzba	186	26852
almaisyzdar	197	41987
almaisyñ	126	842
almaisyñba	174	15214
almaisyñdar	181	20883
almaisyñdarma	212	67307
almaisyñğo	195	39536
almaityn	129	1091
almaityndai	188	29328
almaityndar	191	33542
almaitynymdy	202	50384
almaitynyn	203	52423
almaitynyñ	224	85129
almaitynyñdy	222	85131
almaiyn	173	14543
almajan	212	68741
almalar	214	71942
almaly	183	23794
alman	213	26855
almany	186	26856
almanyñ	191	34033
almap	184	24256
almappyn	198	42905
almapsyñ	224	87815
almapty	187	27893
almaq	206	41995
almaqşy	197	41997
almas	231	4922
almasa	153	4923
almasai	210	64761
almasam	152	4924
almasan	163	9279
almasaq	185	26189
almasañ	154	5543
almasañda	216	37810
almasañdar	194	37811
almasañyz	186	26438
almasañyzdar	211	66798
almasbek	209	61898
almaspen	204	53613
almaspyn	207	59578
almasqa	194	36904
almastai	222	84951
almastar	222	84583
almasty	200	37186
almastyru	203	51213
almastyryp	197	42633
almastyñ	194	37187
almasu	231	96845
almasy	205	20089
almasyn	180	20090
almasyñ	221	83164
almat	231	11155
almata	185	25364
almate	231	97017
almatinskaia	189	30973
almatinskii	190	32308
almatpen	209	62955
almattan	201	48437
almattyñ	201	48635
almatu	197	42621
almaty	231	11156
almatyda	231	28717
almatydama	213	70800
almatydamyn	187	28720
almatydan	231	95727
almatydasyn	213	70488
almatydasyz	216	76169
almatydasyñ	196	39893
almatydağy	231	97511
almatyga	231	96004
almatylyq	207	59257
almatylyqtar	211	66878
almatymen	218	79763
almatyny	187	11158
almatynyn	192	34962
almatynyñ	167	11159
almatyğa	231	95071
almau	175	16236
almauym	196	40593
almauğa	210	64542
almauşy	214	58897
almauşylyq	207	58900
almaz	231	17923
almazdy	194	37878
almazy	177	17924
almazğa	178	18900
almañdar	193	36295
almañyz	188	29152
almañyzdar	208	61409
almağa	198	4017
almağaiyp	226	89574
almağan	149	4018
almağanda	204	43201
almağandar	198	43202
almağandyqtan	214	71202
almağanmyn	221	82924
almağannan	219	81081
almağanym	196	40340
almağanyma	200	46380
almağanyn	212	68149
almağanyñ	221	83423
almağasyn	201	48762
almaş	231	47713
almaşka	201	47715
almaşy	203	51479
almuşa	201	49050
almūrt	191	33011
alo	231	94760
aloo	231	94761
alou	231	95156
alp	231	13912
alpamys	231	93457
alpamysty	229	93459
alpauyt	215	73358
alpys	172	13914
alpysbaeva	208	61214
alpysbai	184	24625
alpysqa	215	73365
alqa	231	51978
alqaly	224	77701
alqalyq	217	77702
alqany	219	80693
alqasy	216	75327
alqaş	231	51979
alqaştar	203	51982
alqyzyl	203	51717
alsa	133	1409
alsai	231	36469
alsaişy	193	36471
alsam	231	20997
alsamba	181	20999
alsamda	193	36533
alsan	231	38489
alsanda	202	38491
alsandar	195	38492
alsanşy	212	68340
alsaq	149	4118
alsaqta	213	69236
alsas	230	93780
alsañ	231	6803
alsañda	192	17643
alsañdar	177	17644
alsañdarşy	210	63783
alsañyz	157	6805
alsañyzda	206	25156
alsañyzdar	185	25157
alsañyzşy	192	34116
alsañşy	198	42840
alsu	197	41256
alsyn	137	1961
alsynda	208	61257
alsynşy	192	34598
alsyz	212	68773
alsyñ	206	56804
altaev	216	62243
altaeva	209	62244
altai	231	54070
altaibaev	225	89415
altaida	216	74742
altaidyñ	204	54073
altau	191	32842
altauy	214	72241
altel	156	6293
altelge	210	63901
altoş	231	75549
altoştyñ	216	75552
altuş	193	35808
altuşa	201	47874
alty	231	6841
altybaqan	214	71551
altyda	168	11570
altydan	190	31424
altylarda	208	60582
altyn	231	6842
altyna	223	37530
altynai	231	37531
altynaidan	212	68200
altynaidy	203	37533
altynaidyñ	194	37534
altynaiğa	195	38658
altynbek	231	42835
altynbekke	214	72038
altynbekov	216	42837
altynbekova	198	42838
altynbektıñ	208	60337
altynda	210	15314
altyndai	187	28072
altyndar	196	15315
altyndardy	215	73179
altyndarym	174	15317
altyndarymdy	216	76018
altyndaryn	218	78851
altyndy	183	22940
altynhan	218	78111
altynmen	197	41884
altynnan	191	32749
altynnyñ	185	25327
altynorda	223	86556
altynsarin	157	6847
altynsarina	205	55902
altynsarinnıñ	198	43269
altyny	188	29312
altynym	231	67312
altynymdy	212	67314
altynyn	206	57373
altynğa	190	31698
altynşaş	186	26910
altynşy	157	6898
altysy	177	18120
altysyna	214	71826
altyğa	181	20897
alu	231	2158
alua	138	2159
aluan	231	46220
aluany	204	46221
aluanyñ	200	46222
aludan	186	26845
aludy	164	9537
aludyñ	169	12346
alumen	210	63527
aluy	166	4877
aluym	152	4878
aluymyz	185	26148
aluyn	189	31109
aluyñ	191	31854
aluyña	190	31855
aluyñyz	211	65799
aluyñyzğa	215	73036
aluğa	231	81730
aluğada	220	81732
aluşy	171	13707
aluşylar	181	21496
aluşylardyñ	202	49993
alye	185	25912
alym	182	21933
alyn	191	4976
alynady	169	12289
alynatyn	185	25666
alynbai	196	41093
alynbaidy	199	44331
alynbaityn	216	75385
alynbağan	211	66143
alyndar	170	13001
alyndy	231	97074
alynu	215	52908
alynuy	204	52909
alynyp	175	16028
alynğan	152	4979
alyp	231	2503
alyppyn	181	21562
alyppyz	220	81519
alypsatar	219	80592
alypsyn	195	38488
alypsyz	196	40665
alypsyñ	231	63201
alypsyñdar	209	63204
alypta	214	72604
alypty	141	2505
alyq	216	75505
alys	132	1317
alyspa	195	38917
alysqa	171	13728
alysqan	221	83171
alysta	160	7383
alystai	219	79932
alystama	214	72409
alystamyn	214	72437
alystan	159	7384
alystap	178	18370
alystau	189	30665
alystağy	192	34687
alystyq	218	78527
alysu	220	81577
alysyp	231	96719
alysyraq	212	68410
alyñdar	142	2796
alyñdarşy	208	60788
alyñyz	139	2224
alyñyzdar	160	7645
alyñyzşy	186	26956
alöna	198	43520
alğa	231	579
alğabas	193	36406
alğabasqa	217	77617
alğabasta	217	76566
alğaisyñ	226	89854
alğaly	193	36356
alğam	140	2414
alğan	231	2902
alğanba	188	29489
alğanbyz	178	18569
alğanda	143	2904
alğandai	182	22377
alğandar	177	18233
alğandary	220	67874
alğandaryn	225	88686
alğandaryñ	212	67875
alğandarğa	214	71843
alğandy	193	36246
alğanmen	214	72500
alğanmyn	170	12890
alğannan	169	12082
alğannyñ	219	80451
alğansoñ	196	39885
alğansyz	200	46859
alğansyñ	163	9065
alğansyñba	203	52506
alğansyñdar	210	63411
alğany	178	15031
alğanym	173	15032
alğanyma	189	31047
alğanymdy	189	31294
alğanymyz	205	54574
alğanyn	176	17181
alğanyna	204	53928
alğanyñ	180	20438
alğanyña	213	69267
alğanyñdy	193	35810
alğanyñyz	203	51695
alğanğa	187	27948
alğanşa	172	14111
alğasyn	170	13022
alğaş	140	580
alğaşqy	121	582
alğaşqyda	202	50264
alğaşqysy	208	61038
alğaşynda	189	30239
alği	204	54218
alğy	197	3316
alğym	146	3547
alğymyz	215	73657
alğyn	190	32606
alğyr	195	39197
alğys	145	3317
alğysy	171	13201
alğysym	231	40208
alğysymdy	196	40210
alğysymyz	201	47932
alğysymyzdy	221	82946
alğysyn	204	54235
alğyz	225	38022
alğyzu	227	91126
alğyzyp	194	38024
alğyñ	177	18213
alğyñyz	184	24437
alğyş	206	57182
alğyşart	229	93240
alşa	220	33629
alşaq	191	33630
alşaqtap	213	70438
alşaqtau	225	88800
alşaqtyq	221	83111
alşy	140	2409
alşyn	199	44774
am	122	24
amaisyñ	210	64570
amal	231	14702
amalbek	199	45407
amaldai	218	79509
amaldap	182	21899
amaldar	187	28827
amaldardyñ	212	68850
amaldary	205	55408
amaldy	204	53000
amaldyñ	213	69767
amalmen	205	55555
amalsyz	191	32992
amalsyzdan	192	35065
amaly	179	14703
amalym	173	14704
amalyn	231	96704
amalyñ	209	61724
aman	72	26
amanat	231	37987
amanatqa	204	53604
amanaty	205	37988
amanatym	194	37989
amanba	231	83083
amanbaev	221	83085
amanbek	179	19290
amanbol	196	40183
amanbolsyn	212	67599
amanbolyñdar	230	94067
amanbysyñ	212	67829
amanbyz	231	95249
amanda	195	17132
amandas	210	17133
amandasa	202	49781
amandasady	209	63249
amandasaiyn	217	77398
amandasatyn	215	73655
amandaspa	226	35149
amandaspai	192	35150
amandaspaidy	221	82926
amandaspaisyñ	220	81445
amandasqan	205	56025
amandasqanda	216	75761
amandasty	201	47851
amandastym	208	61541
amandasu	176	17134
amandasudy	203	52468
amandasuğa	200	47135
amandasyp	231	96383
amandos	215	73712
amandy	205	17751
amandyk	179	19858
amandyq	231	17752
amandyqpen	200	46858
amandyqqa	221	83442
amandyqta	177	17754
amandyqtaryñdy	210	64306
amandyğy	199	44425
amandyğyn	231	96564
amandyğyñ	218	44426
amandyğyñdy	199	44428
amandyğyñyzdy	221	82941
amanesen	231	97015
amangali	212	67737
amangeldievna	222	85622
amangeldı	148	3977
amangül	231	97465
amanjan	188	29642
amanjol	231	38406
amanjoldyñ	216	75562
amanjolova	195	38409
amanjolğa	222	84642
amankeldı	182	22227
amankül	198	43389
amanmyn	191	33178
amannan	219	80204
amannyñ	204	53193
amanov	210	47114
amanova	200	47115
amanqos	201	49139
amansau	184	24518
amansyn	173	9003
amansynba	163	9005
amansyndar	184	15088
amansyndarma	173	15090
amansyzba	175	16238
amansyzdar	165	9984
amansyzdarma	169	12441
amansyñ	231	544
amansyñba	120	546
amansyñdar	231	94974
amansyñdarma	231	94976
amantaev	212	52258
amantaeva	203	52259
amantaevna	216	75269
amantai	231	96550
amanğa	204	53729
amanşylyq	231	39971
amanşylyqpa	197	42169
amanşylyqta	196	39973
ambulatoriia	224	87606
ambulatoriialyq	230	94646
amdary	221	83000
amdy	203	52333
ame	224	30622
ameba	216	74724
amebalyq	227	91215
amerika	231	30626
amerikada	190	31862
amerikadan	214	72113
amerikadağy	212	68975
amerikalyq	203	52608
amerikan	199	30627
amerikandyq	199	45217
amerikanski	218	30630
amerikanskie	211	65783
amerikanskii	189	30631
amerikanyñ	197	42111
amerikağa	199	45171
amga	217	76313
amh	230	93700
amin	231	95007
amina	231	95008
amir	231	47280
amira	231	97378
amirbekova	221	83751
amirjan	200	47283
amirov	213	57560
amirova	206	57561
amm	226	27723
ammiak	187	27726
ammiaktyñ	211	66813
ammonii	196	39932
amna	213	70930
amnan	217	76588
amneziia	225	89027
amnistiia	215	73542
among	231	94921
amonk	202	49514
amorfty	218	79444
amortizator	216	75096
amoung	227	91537
ampermetr	222	85064
ampisilin	211	65818
amplda	215	73592
amplituda	209	62890
amplitudalyq	230	93602
amplitudasy	214	72032
ampula	209	62548
amputasiia	219	80678
amre	222	84976
amsn	222	84576
amy	149	4087
amymdy	193	35596
amyn	158	6948
amyna	183	22983
amyndy	231	96238
amynyn	228	92502
amyñ	170	5670
amyña	181	20904
amyñdy	154	5672
amyñnyñ	212	67624
amğa	204	53353
amşyk	207	58809
ana	231	109
anabolizm	226	89463
anada	231	13492
anadai	171	13493
anadan	231	96188
anadağy	191	33961
anadağydai	223	85976
anafora	188	29445
anaiy	220	81989
anajan	219	80013
anakonda	183	24028
analar	231	7078
analarda	192	29970
analardan	188	29971
analardy	167	11304
analardyn	201	48745
analardyñ	176	16816
analarmen	180	20166
analary	180	15623
analarym	207	15624
analarymyz	174	15626
analarymyzdy	219	80052
analarymyzdyñ	219	80234
analarymyzğa	223	86643
analaryn	203	31878
analaryna	190	31879
analarynyñ	214	72030
analaryñ	195	38416
analaryña	200	46906
analaryñnyñ	212	67839
analarğa	158	7080
analgin	202	49459
analitik	221	32439
analitika	203	32440
analitikalyq	190	32443
analiz	231	15931
analizator	220	81537
analizden	219	80556
analizder	185	26100
analizderdı	211	66552
analizderı	208	59973
analizderın	215	73479
analizdı	204	53525
analizdıñ	210	64346
analizge	186	26474
analizy	175	15932
analizı	201	48973
analogiia	230	94562
analyq	178	19077
anam	231	8389
anama	231	96244
anamda	198	43507
anamdy	162	8535
anamen	170	12911
anammen	188	30027
anamnan	188	29742
anamnyñ	161	8392
anamyn	179	19905
anamyz	171	13645
anamyzdy	200	31055
anamyzdyñ	189	31056
anamyzğa	202	49383
anan	231	1075
anandai	231	95913
anandy	196	40819
anannyn	204	53944
anany	129	1076
ananyn	231	96742
ananyñ	231	95650
anar	231	35715
anara	231	96243
anarbaeva	225	89205
anarbai	193	35718
anardan	212	68966
anardy	203	35818
anardyñ	193	35819
anargul	205	55654
anargül	195	38426
anarmen	211	67063
anarğa	194	38169
anastasiia	185	25269
anasy	231	7136
anasyn	171	7137
anasyna	231	27922
anasynan	187	27923
anasyndai	220	81674
anasynyñ	158	7139
anasyz	197	41900
anasyñ	212	68495
anatolii	208	60869
anatom	212	9897
anatomiia	165	9900
anatomiiadan	200	46165
anatomiialyq	200	46436
anau	86	110
anauda	181	21409
anaumen	179	19846
anauyñ	196	39996
anañ	231	24754
anaña	231	96636
anañdy	231	97215
anañmen	200	46720
anañnyn	207	59647
anañnyñ	231	95467
anañyz	231	24756
anañyzdy	212	24758
anañyzdyñ	184	24759
anañyzğa	190	31439
anağa	231	4132
anağan	149	4133
anağūrlym	206	57267
anaş	205	51215
anaşa	210	65341
anaşym	231	94940
anaşyñnyñ	203	51220
anda	231	14943
andai	231	94931
andağy	173	14945
andjelina	206	56902
andrei	231	96764
andyz	219	79880
anekdot	183	23881
anekdottar	221	83672
anelia	156	6146
anemiia	184	24906
anemometr	221	84101
anesteziia	190	32496
anesteziolog	216	76066
ang	91	128
angar	214	71930
angel	231	22247
angela	182	22248
angely	204	52934
angina	179	19355
angliia	191	32678
angliiada	205	55347
angliiağa	229	93225
angliiskii	231	95814
angliiskogo	193	36681
angliiskom	186	27329
angliskii	173	14930
angor	223	86872
ania	231	96700
anilin	228	92500
animasiia	181	20831
animator	219	80709
animiia	219	80802
animizm	230	93707
anion	227	90679
anis	217	78042
anita	205	55095
aniutka	215	74206
anjela	186	27132
anjelika	207	57866
anker	229	92707
anketa	169	12318
anketany	189	30343
anna	159	7572
annotasiia	193	36637
anod	227	91530
anomaliia	221	83007
anonim	198	43481
anons	216	74734
anorganikalyq	229	93348
anqau	223	86847
ansamblı	211	65950
ansar	231	76127
ansardy	216	76129
ant	231	10465
antaliia	221	83413
anten	193	29771
antena	188	29772
anti	178	19100
antibiotik	180	19937
antibiotikter	196	40356
antidene	208	27260
antideneler	186	27263
antifriz	196	41076
antigen	205	54795
antigender	219	81255
antigendık	221	83091
antiplagiat	198	43667
antiplagiattan	220	81474
antiseptika	206	57076
antiseptikalyq	219	81138
antisiklon	212	67568
antiteza	206	57676
antivirus	198	43101
anton	231	10467
antonim	166	10469
antonimdık	222	85199
antonimy	208	61166
antoş	199	44547
antrakt	227	91592
antropogenez	228	91764
antropologiia	212	67646
antropologiialyq	215	73515
anuar	231	31143
anuarbek	189	31146
anuardyñ	217	76543
anvarğa	218	79317
anyq	231	970
anyqta	128	972
anyqtady	193	35840
anyqtai	193	11785
anyqtaidy	168	11787
anyqtaimyz	196	40568
anyqtaityn	178	18313
anyqtaldy	191	33572
anyqtalmağan	209	63280
anyqtalu	198	42888
anyqtalğan	182	22779
anyqtama	157	6839
anyqtamalar	200	46112
anyqtamalyq	206	57537
anyqtamany	193	36234
anyqtamasy	177	17526
anyqtamasyn	177	17597
anyqtap	151	4827
anyqtau	147	3695
anyqtauyş	197	42392
anyqtauğa	174	15459
anyqtauşy	218	78666
anyqtañyz	175	15894
anyqtağan	206	56551
anyğy	215	15179
anyğyn	174	15180
anyğyraq	212	68466
aorta	220	82527
ap	231	175
apa	231	2559
apada	176	13700
apadan	171	13701
apai	231	11283
apaida	231	95455
apaidan	231	95456
apaidy	231	95143
apaidyn	231	96041
apaidyñ	231	95144
apaika	186	27430
apailar	231	14878
apailarda	200	35055
apailardan	192	35056
apailardy	196	29103
apailardyñ	188	29104
apailarmen	197	41360
apailary	184	18984
apailarym	213	69429
apailaryn	199	44542
apailaryna	199	44543
apailaryñ	178	18985
apailaryña	198	42711
apailarğa	173	14880
apaima	201	48488
apaimen	231	96181
apaimyn	211	66634
apaisyz	210	63447
apaiy	231	11284
apaiym	231	30124
apaiyma	201	47790
apaiymen	211	66653
apaiymnyñ	207	58166
apaiymyz	189	30126
apaiymyzğa	226	89937
apaiyn	185	12803
apaiyna	170	12804
apaiynan	202	49292
apaiynyñ	199	44423
apaiyñ	167	11285
apaiyña	177	18155
apaiyñnyñ	202	49339
apaiğa	231	94969
apajan	224	87718
apalar	157	6567
apalarda	219	79814
apalardy	215	72996
apalardyñ	215	73646
apalarmen	212	68867
apalary	196	33322
apalarym	191	33323
apalarymyz	213	69420
apalarynyñ	227	91038
apalaryñ	194	37665
apalarğa	202	49261
apaly	200	46929
apam	231	5628
apama	154	5629
apamda	185	17985
apamdar	177	17986
apamdarğa	219	81393
apamdy	175	16188
apamen	173	14952
apammen	185	26041
apamnan	188	29088
apamnyn	183	23280
apamnyñ	155	6080
apamyn	219	81238
apamyz	177	17690
apamyzdyñ	193	35927
apan	231	12262
apana	188	29695
apandy	209	61650
apannan	219	80214
apany	169	12263
apanyn	231	96467
apanyñ	231	95576
apar	231	2560
apara	231	2561
aparady	160	7981
aparaiyn	163	8985
aparaiynba	203	51160
aparaiyq	200	46925
aparam	141	2562
aparama	201	48509
aparamyn	167	11219
aparamyz	166	10911
aparamyzba	212	67740
aparar	196	40980
apararmyn	223	87029
aparasyn	196	39853
aparasyz	205	54469
aparasyñ	181	20842
aparasyñba	215	72783
aparatpen	219	80496
aparatqa	218	78961
aparatty	218	79478
aparatyn	161	8240
apardy	179	19265
apardym	181	21233
apardyq	205	55547
apardyñ	195	38456
apardyñba	214	72354
apardyñdar	222	85382
aparma	213	36878
aparmady	220	82451
aparmai	194	36879
aparmaidy	203	50961
aparmaimyn	207	59447
aparmaimyz	223	86752
aparmaisyñ	218	79394
aparmaityn	213	69980
aparmasañ	227	90747
aparsa	184	15006
aparsai	214	72577
aparsam	173	15007
aparsan	212	67481
aparsaq	204	53690
aparsañ	202	50070
aparsañyz	229	93512
aparsyn	197	42394
aparu	231	26921
aparuym	194	37845
aparuğa	186	26923
aparyp	231	94826
aparyñdar	217	78008
aparyñyz	219	80922
aparğam	207	58813
aparğan	174	15263
aparğanda	199	44595
aparğym	218	78762
aparğysy	229	93073
aparşy	205	54379
apasy	231	12754
apasymen	196	40811
apasyn	193	12755
apasyna	179	19442
apasynan	216	75656
apasynyn	200	46836
apasynyñ	170	12757
apat	191	18102
apatai	231	18104
apataiym	177	18106
apatiia	220	82040
apatty	203	51053
apaty	211	66474
apañ	231	12681
apaña	170	12682
apañda	209	62673
apañdy	193	35929
apañmen	203	51071
apañnan	199	44928
apañnyñ	176	16600
apañyz	207	58181
apağa	231	95833
apaşka	167	11191
apaşkanyñ	225	89355
apaşym	210	63601
apeke	212	68125
apelliasiia	228	92134
apergen	195	39222
aperşı	219	81183
apiat	229	93558
apkemnıñ	190	31529
apketaiym	207	58468
apkeñ	192	35119
apki	111	345
aport	184	24344
aportqa	200	45981
aportta	205	55966
aporttan	217	77950
appaq	231	95552
apparat	166	10675
apparatpen	215	72923
apparatqa	211	65859
apparatty	214	71044
apparattyq	214	72261
apparatura	214	72395
apparaty	191	33852
appağym	188	29572
appeliasiia	228	91747
appendisit	205	55931
appetit	178	14364
appetita	172	14365
appetittı	214	72013
appi	187	28766
applikasiia	196	40469
aprelde	218	79129
aprelia	199	45261
aprobasiia	220	81632
apta	101	177
aptada	231	3267
aptadan	145	3268
aptalap	213	70881
aptalyq	169	12594
aptalyqqa	211	65868
aptalyqty	222	85360
aptanyn	184	24305
aptanyñ	149	4231
aptap	221	84200
aptasy	192	3737
aptasyna	147	3739
aptağa	149	4196
apteka	161	8334
aptekada	177	12784
aptekadan	170	12785
aptekanyñ	218	78558
aptekağa	178	18666
apteşka	200	46805
apui	223	86675
apym	173	15078
apşeden	192	34863
apşk	230	93603
aq	231	392
aqa	231	55613
aqai	209	62847
aqala	219	80623
aqan	231	97389
aqaru	210	64107
aqataev	205	55617
aqaular	208	60885
aqauly	229	86003
aqaulyq	223	86004
aqausyz	227	91319
aqbaian	231	96850
aqbala	202	50593
aqbaqai	214	72235
aqbas	213	69279
aqbauyr	226	90518
aqbibı	220	81898
aqbidai	222	85749
aqbikeş	222	84914
aqbope	228	92136
aqbota	231	18883
aqbotamen	211	66326
aqbotany	178	18885
aqbotanyñ	231	97629
aqbotağa	231	95991
aqböbek	193	35681
aqböpe	231	97542
aqbılek	231	96814
aqdidar	182	22108
aqerke	231	24103
aqerkede	217	62782
aqerkeden	209	62783
aqerkemen	205	55224
aqerkenı	195	24105
aqerkenıñ	184	24106
aqgul	211	67155
aqgül	231	61061
aqgülım	208	61063
aqi	215	52370
aqiqa	229	52372
aqiqat	231	52373
aqiqatqa	210	63965
aqiqatty	203	52375
aqiqatynda	228	92331
aqiyq	218	78522
aqjaiyq	181	21624
aqjan	231	96190
aqjar	188	29405
aqjarda	216	74792
aqjarqyn	231	96488
aqjarğa	208	61015
aqjelken	205	54513
aqjol	231	52517
aqjoldan	222	84453
aqjoldy	211	52519
aqjoldyñ	203	52520
aqjünıs	231	87395
aqjünıstıñ	224	87398
aqjürek	201	48708
aqjıbek	195	39591
aqjıgıt	190	32002
aqkenje	190	31667
aqkölge	223	86083
aqköñıl	154	5566
aqköñıldılık	197	42422
aqkümıs	207	57870
aqlima	215	74152
aqmaq	231	97112
aqmaral	231	78944
aqmaraldan	218	78947
aqmarjan	231	96040
aqmaş	230	94155
aqmerei	187	28566
aqmeşıt	204	53123
aqmola	173	15148
aqmonşaq	192	34765
aqniet	231	95104
aqnūr	231	95214
aqpan	231	32411
aqpanda	190	32413
aqpar	210	5831
aqparat	231	5833
aqparatpen	202	49803
aqparatqa	206	56142
aqparattandyru	209	62909
aqparattar	174	15699
aqparattardy	180	20685
aqparatty	155	5835
aqparattyq	231	96302
aqparattyñ	189	31177
aqparaty	214	71729
aqpatşa	220	72667
aqpatşam	214	72668
aqpeiıl	186	26622
aqpen	210	65429
aqqa	198	14577
aqqairan	230	93779
aqqaiyñ	222	84389
aqqala	173	14579
aqqanat	219	79902
aqqoi	207	58060
aqqoian	225	88480
aqqu	231	45265
aqqudai	215	73502
aqqudy	207	45267
aqqudyñ	199	45268
aqqular	210	64412
aqquly	225	88884
aqquym	202	50136
aqqystau	216	74799
aqqyz	204	53600
aqqyştyq	222	85741
aqqūrdas	221	82966
aqqūtan	217	76883
aqsaida	213	70329
aqsaiğa	207	58863
aqsap	218	78935
aqsaqal	198	43333
aqsaqaldar	210	65093
aqsaqaldy	221	83299
aqsary	220	82345
aqsaule	201	48080
aqsañdap	216	75125
aqseleu	184	24897
aqsezım	186	27608
aqsuat	207	59550
aqsuatqa	216	74966
aqsuda	217	77266
aqsuğa	208	60056
aqsymbat	217	77542
aqsäule	204	53412
aqsüiek	210	64794
aqsüirık	225	88292
aqsūñqar	191	32928
aqta	231	6569
aqtaban	211	65472
aqtai	191	26627
aqtaidy	220	82541
aqtaimyz	224	87439
aqtaityn	186	26630
aqtal	225	28820
aqtala	217	76452
aqtaldy	218	78977
aqtalmaimyn	222	84435
aqtalu	221	83373
aqtalyp	187	28822
aqtamai	230	94681
aqtamaq	228	91725
aqtan	231	95857
aqtap	231	96202
aqtar	192	14657
aqtaru	221	84246
aqtaryp	173	14659
aqtas	211	52809
aqtasyn	204	52811
aqtau	231	6570
aqtauda	161	8097
aqtaudamyn	218	79463
aqtaudan	179	19665
aqtaudağy	204	53859
aqtaudy	221	41605
aqtaudyñ	197	41606
aqtauğa	157	6572
aqtañ	227	91483
aqterek	225	88502
aqtolqyn	165	10115
aqtoty	167	10963
aqtotyğa	229	93295
aqtoğai	205	54647
aqtoğaiğa	218	79103
aqtoğan	224	88111
aqty	187	27880
aqtyq	209	62259
aqtyñ	222	85287
aqtöbe	231	12651
aqtöbede	174	15322
aqtöbedegı	212	67771
aqtöbeden	185	26276
aqtöbege	170	12653
aqtöbelık	224	88012
aqtöbenıñ	195	39542
aqtöre	182	22646
aqtılek	158	7176
aqtılekke	221	83327
aquyz	187	27935
aquyzdy	222	85242
aqy	231	4165
aqyl	231	5013
aqylbai	208	60083
aqylbek	163	9089
aqylda	225	7118
aqyldas	211	7119
aqyldasaiyn	204	53206
aqyldasaiyq	200	47143
aqyldasamyz	197	41405
aqyldasatyn	204	53904
aqyldaspai	221	83823
aqyldasu	190	32270
aqyldasyp	158	7121
aqyldy	231	8862
aqyldylar	218	79381
aqyldylyq	217	77743
aqyldym	162	8863
aqyldymyn	207	59108
aqyldysyn	215	72845
aqyldysyñ	191	32884
aqyldyñ	205	55818
aqylgöi	226	90532
aqyljan	193	35845
aqylmen	183	23338
aqylsyz	196	40837
aqyly	152	5014
aqylym	187	28741
aqylyma	218	78157
aqylymdy	203	51151
aqylymen	221	83458
aqylyn	183	23329
aqylyna	183	23330
aqylynan	214	71951
aqylyñ	176	16813
aqylyña	205	55805
aqylyñdy	197	41269
aqylyñnan	202	49760
aqylyñyz	218	76030
aqylyñyzdy	216	76032
aqylğa	180	20814
aqylşy	191	33020
aqylşym	197	41355
aqym	217	76289
aqymaqqa	227	90844
aqymaqty	219	79845
aqymağym	231	97421
aqyn	231	8602
aqyndar	178	18856
aqyndardyñ	195	38976
aqyndarğa	223	86992
aqyndyq	185	25817
aqynmyn	219	79811
aqynnyñ	162	8605
aqyny	181	20949
aqynğa	205	55785
aqyr	174	4166
aqyret	210	50996
aqyrette	203	50998
aqyrettık	228	92018
aqyrtas	227	90906
aqyry	231	4167
aqyryn	231	4168
aqyryna	208	60928
aqyrynda	186	4170
aqyryndap	149	4171
aqyrzaman	217	77639
aqyrğy	184	24669
aqysy	176	16434
aqysyn	175	16435
aqysyna	213	70784
aqysyz	200	46051
aqyt	220	82300
aqzer	197	41887
aqzere	199	45795
aqş	231	393
aqşa	231	394
aqşada	178	9772
aqşadan	164	9773
aqşalai	161	8357
aqşalar	203	24403
aqşalardy	202	49944
aqşalary	190	24404
aqşalaryn	184	24405
aqşalaryñ	192	34172
aqşalaryñdy	198	42942
aqşalaryñyz	217	68794
aqşalaryñyzdy	212	68796
aqşaly	216	75050
aqşam	231	10996
aqşama	190	31520
aqşamda	209	61677
aqşamdy	231	95949
aqşamen	167	10998
aqşamnan	215	73642
aqşamnyñ	210	63810
aqşamyz	186	26529
aqşamyzdy	191	33329
aqşan	173	9224
aqşandy	186	27376
aqşany	231	9225
aqşanyñ	163	9226
aqşaqar	204	53909
aqşasy	231	396
aqşasyda	211	67148
aqşasymen	205	55716
aqşasyn	113	397
aqşasyna	171	13465
aqşasynan	191	33551
aqşasynda	211	65594
aqşasynyñ	208	60986
aqşasyz	188	29592
aqşañ	231	17271
aqşaña	200	46138
aqşañda	229	93101
aqşañdy	231	96121
aqşañyz	176	17273
aqşañyzdy	177	17974
aqşağa	231	95736
aqşolpan	199	44274
aqşy	227	90662
aqşyldau	228	91803
aqşūqyrğa	230	94315
aqūdai	204	52919
ar	231	1488
ara	231	2105
arab	156	6220
arabskii	195	38808
arabtar	194	38032
arabtyñ	221	83467
araby	206	56235
arabşa	231	97579
arada	231	49707
aradan	203	52533
aradağy	202	49709
arafat	190	32311
arahmet	222	84517
arai	231	13066
araida	190	30128
araidan	189	30129
araidy	231	36774
araidyn	193	36775
araidyñ	231	97399
araika	231	85637
araikağa	222	85639
arailap	187	27812
arailar	211	66625
araily	187	27906
arailym	231	95058
araima	223	85848
araimen	186	27291
araimyn	217	76424
araiğa	170	13068
aral	231	3618
arala	210	4203
aralaimyz	217	77118
aralaityn	225	88344
aralap	231	96051
aralar	202	26390
aralary	196	26391
aralaryn	202	29105
aralaryna	196	40599
aralarynda	188	29107
aralaryña	199	45033
aralaryñda	186	26394
aralaryñyzda	206	57213
aralas	231	4204
aralasa	160	7497
aralasady	181	20994
aralasaiyn	218	78642
aralasaiyq	188	29086
aralasam	163	9099
aralasamyn	209	61725
aralasamyz	178	18987
aralasasyñ	187	28676
aralasasyñba	211	66497
aralasatn	180	20406
aralasatyn	159	7500
aralaspa	231	4206
aralaspai	149	4207
aralaspaidy	196	39977
aralaspaimyn	182	22799
aralaspaimyz	188	30017
aralaspaityn	189	30718
aralaspasa	213	69933
aralaspağan	209	63387
aralasqan	176	17071
aralasqanda	217	77243
aralasqym	178	18433
aralasqyñ	183	24010
aralassaq	211	65601
aralastym	211	65871
aralastyq	213	70079
aralastyr	222	11106
aralastyramyz	204	54142
aralastyrma	206	57493
aralastyrmai	209	63070
aralastyryp	167	11108
aralasu	180	20381
aralasudy	208	60333
aralasuğa	185	25215
aralasyp	231	95272
aralatyp	225	89250
aralau	205	56030
aralağan	215	74284
aralda	186	27392
araldan	196	40388
araldary	221	83575
araldağy	229	93081
araldyñ	205	55169
aralyq	165	10043
aralyqta	193	36425
aralyğy	177	3621
aralyğynda	147	3624
aralyğyndağy	183	23475
aralğa	181	21698
aram	231	8497
aramtamaq	230	93737
aramy	231	8498
aramyz	162	8499
aramyzda	231	33107
aramyzdan	205	55686
aramyzdağy	191	33109
aramyzdy	198	43648
aramyzğa	185	25272
aramza	215	72787
aran	203	52150
arany	204	53177
arapbaeva	220	81486
araq	231	45873
araqatynas	225	88486
araqtan	199	45876
araqtyñ	205	54453
arasan	204	54173
arasanğa	220	82343
arasy	154	2107
arasyn	169	2108
arasyna	158	7081
arasynan	163	8994
arasynda	231	2110
arasyndağy	138	2112
araz	206	56548
arağa	185	25232
arağy	221	83462
araşa	212	67575
araşaşy	223	85940
arba	184	18124
arbamen	210	65457
arbap	214	71103
arbat	177	18125
arbatqa	194	38110
arbatta	191	33454
arbattan	222	85347
arbau	223	86703
arbağa	213	70269
arbuz	194	37728
arda	199	2773
ardager	200	46337
ardagerler	210	64273
ardan	206	37482
ardana	194	37483
ardaq	142	2774
ardaqpen	220	82147
ardaqqa	200	46596
ardaqtan	220	82421
ardaqtau	229	93360
ardaqty	173	15114
ardaqtym	211	66678
ardaqtyñ	200	46235
ardağym	220	82749
ardaşka	218	78843
arekeñ	222	85700
arenada	208	61264
arenağa	213	70175
arenda	157	6872
arendasy	219	80157
arendağa	180	20304
arendu	191	33871
arest	187	28122
argo	227	64967
argon	210	64968
argument	199	44925
argyn	203	51802
arhaizm	228	92008
arhat	177	17774
arheolog	194	36822
arheologiia	210	36825
arheologiialyq	193	36828
arhimed	198	42925
arhitektor	204	53586
arhitektura	196	40784
arhitekturalyq	212	68698
arhiv	231	37324
arhivke	194	37326
arhivte	201	48478
arhivten	206	56938
arhivtı	211	66763
arifmetika	210	13442
arifmetikalyq	171	13445
ariia	211	66776
arina	231	97509
aristokrat	225	88572
ariston	194	37743
arjan	212	69025
arjağy	209	42398
arjağyn	210	42399
arjağynan	220	81921
arjağynda	197	42401
arjağyndağy	217	77436
arkaly	228	32962
arkalyk	191	32963
arktika	225	47771
arktikalyq	201	47774
arlan	170	13080
arlasam	186	26500
arlasatyn	187	28429
arlaspai	231	66904
arlaspaimyn	211	66907
arlaspaimyz	218	78138
arlasqym	205	55099
arlasqyñ	210	63792
arlastyryp	206	57043
arlasyp	165	9992
arlen	209	61729
arly	205	55459
arma	197	14406
arman	231	14407
armanbek	212	68330
armanda	231	14409
armandai	191	33245
armandaidy	202	50104
armandaimyn	197	41207
armandaityn	212	69024
armandama	180	20555
armandap	231	53468
armandapsyn	214	71468
armandapsyñ	204	53471
armandar	231	27457
armandary	186	27458
armandarym	199	44785
armandarymdy	218	79492
armandarymyz	217	76617
armandaryn	190	29856
armandaryna	188	29857
armandaryñ	231	28757
armandaryña	231	96889
armandaryñnyñ	223	86566
armandaryñyz	187	28759
armandaryñyzğa	207	58603
armandarğa	216	75920
armandau	205	56107
armandauğa	210	65428
armandağan	172	14412
armandy	183	23120
armangül	210	64298
armani	193	35514
armanmen	190	31444
armannan	199	45507
armannyñ	176	17084
armanqyzy	213	69925
armansyz	195	38459
armany	231	22573
armanym	231	33386
armanyma	191	33387
armanymdağy	206	57570
armanymdy	200	46058
armanymnyñ	215	73942
armanymyz	202	50498
armanyn	182	22574
armanyna	231	97181
armanyñ	231	45412
armanyña	231	95309
armanyñdağy	215	72874
armanyñdy	202	50117
armanyñyz	199	45414
armanyñyzğa	201	48699
armanğa	231	97209
armanşyl	223	85998
armatura	208	60863
armaşka	218	78333
armi	157	6696
armian	204	52680
armiia	163	7242
armiiadan	169	11961
armiiadağy	216	75660
armiiağa	159	7244
armysyz	184	24775
armysyzdar	204	54217
armysyñ	206	57473
arna	167	1490
arnadan	219	81107
arnadym	200	47513
arnai	191	1491
arnaimyn	202	50299
arnaiy	134	1492
arnalady	185	25627
arnalmağan	206	57542
arnalğan	231	94904
arnanyñ	221	83874
arnap	151	4749
arnasy	182	22708
arnasynan	211	65832
arnasynda	213	70626
arnat	182	22321
arnau	175	16297
arnauly	177	17728
arnağa	193	24447
arnağan	184	24448
arnur	231	96859
arnūr	231	73214
arnūrdyñ	215	73217
aromat	201	48243
aromatty	219	79818
arp	198	28100
arpa	187	28101
arpalys	223	44444
arpalysyp	199	44446
arqa	231	3752
arqaiyn	194	37192
arqalai	225	88272
arqalap	188	29848
arqaly	214	49582
arqalyqqa	202	49585
arqalyqta	205	54708
arqalyqtan	219	81394
arqam	187	28113
arqama	208	59862
arqamda	202	49852
arqamdy	203	51859
arqan	183	23387
arqanda	210	65272
arqandy	210	64431
arqany	216	66532
arqanyñ	211	66533
arqar	206	57654
arqasy	172	3754
arqasyn	198	3755
arqasyna	202	46033
arqasynan	200	46034
arqasynda	147	3757
arqau	198	42708
arqaña	219	80587
arqañda	188	28960
arqañdy	212	68514
arqañyz	212	34739
arqañyzda	192	34741
arqağa	203	51517
arqaşan	199	44712
arqyly	231	94799
ars	231	27943
arsen	231	95353
arslan	231	97591
arsy	230	27944
arsyz	187	27945
art	231	3026
arta	231	16483
artady	175	16485
artem	177	17796
arteriia	192	34806
arteriialyq	196	39966
arteriiasy	206	56485
artikuliasiia	222	67123
artikuliasiialyq	211	67126
artilleriia	228	91754
artist	210	63925
artpa	227	90544
artpen	212	68630
artqa	146	3474
artqan	196	39741
artqy	159	7471
artrit	203	52091
artroz	215	73097
artta	231	13334
arttan	171	13335
arttarynan	206	56871
arttağy	207	59279
artty	187	7647
arttyr	194	7648
arttyra	204	24988
arttyrady	184	24990
arttyru	160	7649
arttyryp	196	41109
artu	207	6147
artur	156	6148
artuğa	224	87199
arty	231	3027
artylady	216	76175
artylmaidy	215	72842
artylsa	206	56207
artylyp	197	42219
artyma	188	29849
artymda	192	34374
artymdağy	224	87099
artymdy	203	51983
artymen	207	57972
artymnan	149	4218
artymyzda	213	35852
artymyzdan	193	35853
artyn	159	3028
artyna	152	4992
artynan	231	95000
artynda	144	3030
artyndağy	171	13568
artynnan	182	22544
artynyñ	190	32574
artynşa	177	17380
artyp	166	10880
artyq	231	24654
artyqpa	211	66778
artyqqa	223	86271
artyqtau	216	74607
artyqtyq	216	75771
artyqşa	222	84782
artyqşylyq	216	74649
artyqşylyğy	184	24660
artyñ	199	16103
artyña	175	16104
artyñda	192	35221
artyñdağy	210	65403
artyñdy	197	41716
artyñyzdan	199	45355
artyğy	194	27747
artyğymen	190	32365
artyğyn	187	27748
artöm	186	26954
aru	231	2358
aruaq	212	68058
aruaqty	228	91840
aruağy	201	49215
arudy	180	20570
arudyñ	183	23273
arujan	231	94784
arujandy	231	97235
arujannyñ	231	97289
arujanğa	231	97424
aruka	140	2360
arukany	202	49970
arukanyñ	203	52412
arukağa	204	53051
arular	194	37238
arulary	216	76023
arumen	191	32869
aruna	231	29987
arunany	212	67442
arunanyñ	215	72810
arunaz	188	29988
aruym	192	35196
ary	231	4793
aryl	219	44854
aryla	218	78971
arylu	199	44855
arym	196	39812
arymdy	227	91401
aryndy	228	92463
aryp	193	35736
aryq	154	5597
aryqarai	194	37552
aryqpyn	208	60713
aryqqa	227	90716
aryqsyñ	212	67416
aryqtap	180	20475
aryqtau	169	12298
aryqtauğa	199	44343
aryqtağan	221	83698
arys	231	4794
arysqa	182	22455
arysta	231	4796
arystai	222	84926
arystan	151	4797
arystandai	205	55458
arystannyñ	204	53722
arystanym	197	41413
arystyñ	207	58244
aryz	158	6949
aryzdy	203	51815
aryzğa	230	94189
aryñ	216	75258
arzan	231	11082
arzanda	212	11084
arzandap	220	81466
arzandary	209	62853
arzandau	167	11085
arzany	178	19088
arzanyn	199	45617
arzanyraq	211	65685
arzanğa	177	18015
arzymaidy	153	5380
arzymaityn	223	86497
arğarai	184	24089
arğy	231	20000
arğykünı	209	62101
arğymaq	207	57970
arğyn	180	20001
arşaly	212	68186
arşu	213	70949
arşyn	197	41219
as	231	803
asa	231	9996
asaba	192	34346
asady	165	9998
asaiyn	214	71853
asalaumağaleikum	231	95100
asalim	189	31044
asam	184	25071
asan	231	27867
asanbai	203	51020
asanhan	214	71672
asanov	187	27869
asanova	188	28895
asanqaiğy	201	47784
asar	173	14946
asarğa	202	50810
asat	201	21212
asataiaq	215	74436
asatyn	181	21214
asau	180	20266
asbest	224	87070
asbolsyn	191	33211
asek	200	5589
aseka	194	37952
aseke	154	5590
asekeñ	195	38356
asel	231	21088
aseldıñ	193	35936
aselek	193	35779
aselge	181	21090
aselia	231	96566
aselök	197	41544
asem	231	7917
asema	160	7918
asemai	231	96156
asemdı	202	49748
asemmen	202	50122
asemnıñ	192	35127
asemok	190	32302
asen	206	57101
aset	148	3920
asetat	230	94300
asetilen	200	46681
aseton	217	77783
asfendiiarov	207	57883
ashana	231	36410
ashanada	195	39462
ashanadan	214	71034
ashananyñ	227	91657
ashanasy	216	75759
ashanağa	193	36412
ashat	231	38558
ashatpen	207	59315
ashatqa	202	49671
ashatta	218	79258
ashatty	206	38560
ashattyñ	195	38561
asia	183	23405
asiia	231	63520
asiiany	216	63522
asiianyñ	210	63523
asiiağa	210	64397
asima	231	97281
askar	152	4881
askarida	226	89969
askarov	208	37086
askarova	194	37087
askaroviş	228	92384
askarovna	208	61275
asken	227	91252
askerbek	207	58544
askorbin	222	84612
aslan	231	82713
aslannan	220	82716
asmira	223	86139
asp	231	3923
aspai	194	37590
aspaidy	196	39869
aspaityn	199	44701
aspan	148	3925
aspanda	170	12744
aspandai	225	88558
aspandağy	174	15651
aspandiiar	211	66292
aspandy	198	44088
aspannan	173	14506
aspannyñ	206	56230
aspany	187	16563
aspanymyz	226	89593
aspanyn	201	48309
aspanyñ	175	16564
aspanyñyz	194	37721
aspanğa	173	14843
aspap	183	23023
aspaptar	183	23535
aspaptyq	207	58952
aspau	200	46254
aspaz	189	30773
aspazdyq	206	56214
aspazşy	204	54324
aspazşylyq	200	97671
aspekt	212	69136
aspen	210	65324
aspirin	184	24458
asqa	231	7380
asqabaq	175	16245
asqan	159	7381
asqanda	193	35917
asqaq	180	20235
asqaqtai	210	64934
asqaqtap	224	87322
asqar	231	38307
asqaraly	208	60370
asqarda	227	90868
asqardy	207	38309
asqardyñ	195	38310
asqarmen	219	80493
asqarov	213	69241
asqarqyzy	200	46724
asqarğa	198	44137
asqat	191	32881
asqazan	162	8731
asqazanda	213	70923
asqazandy	203	52336
asqazannyñ	200	46717
asqazany	199	17455
asqazanym	177	17456
asqazanyñ	202	49719
asqazanğa	196	40120
asqorytu	191	32786
asqynu	214	71572
asqynyp	185	25311
assa	231	3812
assalam	231	94730
assalamaleikum	231	97305
assalamağaleikum	231	95609
assalamu	231	95021
assalamualeikum	231	95262
assalamuğaleikum	231	97063
assalau	170	3815
assalaumaleikum	231	94860
assalaumağalikum	148	3824
assaliamu	231	94985
assaliamualeikum	231	95317
assalomu	231	95948
assambleia	203	52221
assimiliasiia	208	60325
assistent	206	56822
assonans	188	29245
assorti	194	37180
assortiment	198	43003
assosiasiia	211	67007
astam	231	64150
astamy	210	64151
astan	183	2251
astana	231	2252
astanada	139	2254
astanadama	226	90310
astanadamyn	199	44812
astanadan	159	7588
astanadasyn	222	85335
astanadasyñ	206	57005
astanadağy	182	22790
astanalyq	214	72122
astanalyqtar	222	84818
astanamen	209	63026
astanany	195	16921
astananyñ	176	16922
astanasy	167	11140
astanağa	141	2586
astane	166	10480
astanu	170	13128
astany	190	32306
astap	229	92832
astar	204	28019
astarly	231	95894
astary	203	28020
astaryn	197	42452
astaryñ	187	28021
astaryñyz	197	41643
astau	191	33600
astağfirullah	191	33959
astra	202	50124
astral	205	55998
astronom	230	46542
astronomiia	204	46545
astronomiialyq	200	46548
asty	126	805
astyda	199	44322
astym	182	22234
astyma	189	30105
astymda	201	49130
astymdağy	223	86732
astymen	204	52709
astymnan	215	73934
astyn	231	3077
astyna	231	3078
astynan	144	3079
astynda	231	6470
astyndağy	157	6472
astynğy	202	49857
astyq	231	61587
astyqty	209	61589
astyrtyn	224	87080
astyñ	188	20161
astyña	189	30822
astyñda	200	47125
astyñdağy	221	83179
astyñnan	207	58048
astyñyzğa	212	67793
astyñğy	180	20163
astyğa	184	24228
asu	231	38627
asulary	206	49754
asularyñ	202	49755
asuy	195	38628
asuyñ	203	52484
asuğa	216	74682
asy	231	4506
asyl	231	5599
asylai	231	44758
asylaidyñ	211	66377
asylaiym	199	44760
asylan	231	63099
asylanbek	209	63102
asylannyñ	225	89403
asylbek	231	48161
asylbekova	202	49924
asylbekpen	216	76242
asylbektıñ	201	48164
asylda	216	75456
asyldarym	218	79208
asyldy	199	37375
asyldyñ	194	37376
asylhan	231	67239
asylhannyñ	212	67242
asylhanğa	216	75633
asyljan	231	84266
asyljanmen	221	84269
asylmen	212	68789
asylu	219	80824
asyly	198	43942
asylym	231	69171
asylymdy	216	74590
asylymnyñ	213	69174
asylyn	203	51406
asylyp	231	96618
asylyq	223	86973
asylzat	154	5602
asym	202	28319
asymdy	187	28321
asymyzdy	224	87384
asyn	176	17111
asyna	207	58493
asynda	215	73027
asyp	231	95141
asyq	165	9920
asyqpa	166	10588
asyqpai	231	74627
asyqpaidy	216	74629
asyqpasañ	228	92607
asyqpañyz	201	48218
asyqpyn	223	85953
asyqqan	206	57010
asyqtai	226	90053
asyqtym	214	71342
asyqtyryp	203	52201
asyqtyñ	209	63401
asyr	197	8955
asyra	180	10606
asyrady	184	24634
asyrai	196	39777
asyraidy	206	57163
asyraimyn	215	74180
asyrandy	224	87210
asyrap	166	10607
asyratyn	190	31877
asyrau	193	36397
asyrauğa	213	69265
asyrauşy	230	93892
asyrese	205	54426
asyrma	227	90607
asyru	163	8956
asyrudyñ	195	38984
asyruğa	181	21421
asyrylady	176	17146
asyrylatyn	213	69251
asyryp	180	20222
asyñ	184	24968
asyñdy	195	38905
asyñyz	198	44183
asyğa	161	8180
asyğamyz	214	72593
asyğu	222	85286
asyğyp	231	95803
asyğys	150	4509
asyğyspyn	213	70663
asyğyssyñ	213	69730
asyğysta	229	86607
asyğystau	223	86608
asyğystyq	195	39081
asyğyñyzdar	209	63005
asöka	192	34985
asırese	200	47034
at	231	129
ata	231	2160
ataanalar	171	13253
ataanasynyñ	221	84056
atadan	174	15426
atady	174	15524
atai	181	5261
ataidy	153	5263
ataimyz	190	32128
ataiyn	201	48607
atajan	218	79226
atak	139	2161
ataka	165	10343
atakent	191	33175
ataku	214	72643
atala	200	2281
atalady	139	2283
atalar	182	22240
atalary	205	55735
atalarym	217	59021
atalarymyz	207	59023
atalaryñ	206	57250
atalas	230	93945
atalatyn	167	11365
ataldy	184	24575
atalmyş	187	27722
ataly	219	23313
atalyp	183	23314
atalyq	193	36268
atalğan	155	5859
atam	231	9635
atama	231	26742
atamai	218	78669
ataman	186	26743
atamany	216	75032
atamda	199	41057
atamdar	196	41058
atamdy	185	25622
atameken	231	79617
atamekenge	218	79619
atamen	191	33054
atamnan	196	40188
atamnyn	194	38186
atamnyñ	164	9638
atamyz	165	9885
atamyzdyñ	178	18552
atamyzğa	211	67200
atamūra	192	35397
atan	231	5472
atanalar	215	72741
atandy	185	25654
atany	182	5473
atanyn	176	16840
atanyp	191	33597
atanyñ	154	5474
atanğan	187	27930
atap	145	3265
ataqty	159	7638
atary	208	59671
atasu	223	86833
atasy	147	3617
atasymen	195	38514
atasyn	180	10454
atasyna	179	19514
atasynan	210	63803
atasynyn	204	54112
atasynyñ	166	10456
atasyz	224	87720
atasyñ	206	56261
atat	179	19450
atatyn	186	27348
atau	169	12589
ataudy	214	71641
atauly	185	25712
ataulyny	209	63259
ataulynyñ	216	74720
ataulyğa	229	92676
atauy	231	15937
atauyn	175	15938
atauğa	189	30591
atañ	231	23753
atañda	219	30544
atañdar	189	30545
atañdy	199	44809
atañmen	209	62003
atañnan	212	68879
atañnyñ	231	97055
atañyz	183	23755
atağa	167	11047
atağan	176	17243
atağy	193	36322
atağyn	197	41863
atağyna	215	74190
ataşka	187	28361
ataşym	208	61253
atbegı	230	94003
ateist	214	71581
ateroskleroz	206	56418
atf	231	96781
atlant	195	38738
atlas	190	31930
atlet	222	25141
atletika	185	25144
atletiko	192	34646
atmosfera	168	8229
atmosferalyq	161	8232
ato	231	8536
atoi	230	94429
atom	162	8537
atomdy	211	22310
atomdyq	182	22311
atomnyñ	187	28509
atomy	197	41381
atomynyñ	197	41389
atpa	187	6544
atpai	157	6545
atpen	169	12137
atqa	157	6748
atqaly	217	76733
atqan	231	27462
atqanda	186	27464
atqannan	215	73123
atqanym	219	80696
atqanyn	213	69810
atqanğa	225	89201
atqarady	162	8690
atqaratyn	169	12247
atqardy	189	31188
atqaru	185	19540
atqaruşy	179	19542
atqaryp	179	19517
atqarğan	183	23594
atqyr	217	77537
atqyş	230	93604
atribut	229	93509
atropin	228	91687
atsa	165	10328
atsalysyp	206	56885
atsam	173	14600
atsan	188	29526
atsañ	195	39165
atsyz	189	30684
atsyñba	202	50342
atta	195	7922
attai	188	29541
attam	210	65404
attan	184	25022
attap	179	19636
attar	178	7923
attardy	202	49485
attary	160	7924
attaryn	231	75742
attaryna	216	75743
attaryñ	185	16836
attaryñdy	176	16838
attaryñyzdy	213	70956
attas	184	24719
attasym	208	61376
attau	222	85554
attağan	211	66742
atten	195	38701
attestasii	218	13852
attestasiia	172	13853
attestasiiadan	204	54091
attestasiiağa	196	40175
attestat	189	30795
attestatqa	224	87302
attestattau	220	81839
attraksion	230	94283
atty	134	1509
attym	191	32755
attyn	185	26220
attyñ	170	12749
atu	168	11827
atuğa	200	47490
aty	93	130
atylyp	175	16200
atylğan	197	42092
atym	231	3299
atyma	179	19270
atymda	195	38688
atymdy	145	3301
atymen	159	7464
atymnan	153	5162
atymyz	193	32166
atymyzdan	195	39085
atymyzdy	190	32168
atyn	231	1400
atyna	155	5852
atynan	231	95581
atynda	175	1402
atyndağy	133	1404
atyndy	231	96194
atynnan	206	56915
atynyñ	199	44633
atyp	138	2020
atyrau	231	9704
atyraudamyn	220	82722
atyraudan	176	16674
atyraudağy	211	66479
atyraudyñ	197	41204
atyrauğa	164	9706
atyrmyz	214	71037
atys	167	11240
atysy	221	13293
atysyp	171	13294
atyz	216	75389
atyñ	231	6377
atyña	189	30790
atyñda	210	63537
atyñdy	231	95648
atyñnan	182	22802
atyñyz	156	6379
atyñyzğa	214	71870
atşabar	226	89438
atşy	195	38910
au	231	693
aua	231	10010
auada	173	14870
auadai	194	37231
auadan	188	30043
auadağy	175	16041
aualy	224	87390
auam	214	28226
auamen	187	28228
auan	218	10011
auana	230	93823
auany	184	10012
auanyñ	165	10013
auaraiy	179	19624
auasy	184	24598
auasyz	223	86824
auau	209	63304
auağa	180	20477
aubakirova	202	49563
audan	231	6672
audanaralyq	214	71395
audanda	180	20160
audandar	208	46656
audandary	200	46657
audandastyru	185	25363
audandağy	216	74616
audandy	208	6674
audandyq	157	6675
audannan	178	18534
audannyñ	191	33050
audany	231	16307
audanymyzdyñ	225	88444
audanyn	175	16308
audanyna	196	40306
audanynan	197	42190
audanynda	178	18566
audanyndağy	206	56950
audanynyñ	180	20074
audanğa	159	7528
audar	231	1149
audara	148	3845
audarady	179	19435
audaraiyn	175	16382
audaram	158	7116
audaramyn	180	20443
audarasyz	195	39468
audarasyñ	196	39913
audaratyn	186	27687
audardy	176	9166
audardym	163	9167
audardyñ	202	50504
audarma	177	17569
audarmai	194	37434
audarmalary	214	71481
audarmasy	231	97486
audarmaşy	183	23877
audarsa	200	29529
audarsam	188	29530
audarsañ	208	60265
audarsañyz	214	71354
audarsyn	210	63545
audartu	225	89019
audaru	231	90976
audaruşy	227	90978
audarylady	197	42007
audaryldy	205	55191
audarylmai	212	68783
audarylyp	192	34455
audarylğan	187	28232
audarym	216	75423
audarymy	228	92286
audaryp	130	1151
audarypty	219	80730
audaryspaq	224	87540
audaryñyz	194	36893
audaryñyzdar	217	76301
audarğan	173	14627
audarğanda	184	24600
audarşy	195	38933
audi	231	4819
audio	231	4820
audiolardy	200	47397
audiomen	151	4823
audiony	231	96983
audit	197	20188
auditor	224	20190
auditoriia	180	20193
auditoriiada	220	81951
auditoriiany	216	74611
auditoriiağa	216	74998
auditorlyq	226	89721
audy	215	73737
auelbekova	223	86762
auff	178	18912
auksion	217	77917
aul	169	7403
aula	188	7404
aulada	196	41152
aulaityn	221	83761
aulap	187	28838
aulaq	159	7405
aulasyn	230	81781
aulasyna	220	82513
aulasynda	220	81783
aulau	188	29788
aulauğa	208	61342
aulağa	210	64879
auma	222	12466
aumai	173	12467
aumaidy	169	12469
aumaityn	215	73454
aumaq	205	32610
aumaqty	198	32612
aumaqtyq	190	32613
aumau	217	77386
aumağan	205	55309
aumağy	175	12977
aumağyna	198	43547
aumağynda	170	12980
aumağyndağy	187	28253
aumağynyñ	209	61598
aumin	231	94763
aunap	168	11695
aunau	219	79987
aup	209	62044
auqat	194	37270
auqatty	212	67979
auqymdy	231	97604
aura	183	14428
aurady	172	14430
aurasyn	205	55705
aurp	124	695
auru	231	8784
aurudan	185	25714
aurudy	180	11803
aurudyñ	168	11804
auruhana	198	25098
auruhanada	193	36785
auruhanadan	206	57432
auruhanasy	226	90152
auruhanağa	185	25100
aurular	162	8787
aurulardan	211	65578
aurulardy	188	22882
aurulardyñ	182	22883
aurulary	177	17359
aurularyn	199	44258
aurularğa	193	36021
aurumen	191	33134
aurumyn	212	67456
aurusyñ	214	72064
auruy	231	29921
auruym	192	34816
auruymen	207	58227
auruyn	188	29922
auruyna	195	39076
auruynyñ	196	40458
auruyñ	210	63761
auruşañ	222	84690
ausar	212	68022
aut	199	45678
auu	231	95355
auyl	231	1571
auylbai	208	60877
auylda	231	1573
auyldada	202	50552
auyldam	207	8609
auyldama	183	23741
auyldamyn	162	8611
auyldamyz	193	36331
auyldan	134	1574
auyldar	203	51327
auyldardy	223	86730
auyldaryna	209	63296
auyldarynda	214	71908
auyldaryñ	213	67704
auyldaryña	218	78560
auyldaryñda	212	67706
auyldarğa	210	64517
auyldas	205	8250
auyldastar	180	20573
auyldasyn	185	26132
auyldasyz	199	44462
auyldasyzba	216	75287
auyldasyñ	161	8252
auyldasyñba	184	24391
auyldasyñdar	216	75571
auyldağy	156	6163
auyldağylar	188	29368
auyldy	163	9194
auyldyn	168	11475
auyldyq	165	10110
auyldyñ	231	95571
auyldıkı	203	52618
auylmen	202	50205
auylnda	226	90425
auyly	231	7867
auylym	176	16593
auylyma	201	49098
auylymda	207	58435
auylymdy	197	42315
auylymnyñ	215	73680
auylymyz	218	71527
auylymyzdyñ	214	71530
auylyn	196	7868
auylyna	171	13384
auylynan	185	25781
auylynda	160	7870
auylyndağy	195	39002
auylynyñ	185	25397
auylyñ	199	35783
auylyña	193	35784
auylyñda	205	55532
auylyñdy	227	91196
auylyñnyñ	215	73571
auylğa	231	85624
auylğada	222	85626
auylşaruaşylyq	200	46219
auyn	213	70829
auyp	174	15388
auypbaev	221	83816
auyq	221	83682
auyr	231	723
auyra	173	11244
auyrad	174	15204
auyrady	231	95580
auyraiyn	196	40162
auyram	187	28018
auyrama	190	31611
auyramyn	215	74221
auyrasyñ	187	28666
auyrat	182	11245
auyratyn	167	11247
auyratyny	219	80738
auyrdy	231	13631
auyrdym	171	13632
auyrdyma	203	52014
auyrlap	213	70594
auyrlau	198	42916
auyrlyq	178	18418
auyrma	124	725
auyrmady	203	51951
auyrmai	145	3240
auyrmaidy	176	17216
auyrmaima	204	53270
auyrmaityn	191	33424
auyrmasa	192	34742
auyrmasyn	157	6548
auyrmasynşy	207	58662
auyrmañdar	179	19689
auyrmañyzdar	185	26076
auyrmañyzşy	213	69583
auyrmağan	204	52997
auyrmaş	178	18469
auyrmaşy	190	31685
auyrsa	158	7200
auyrsada	200	46261
auyrsam	192	34409
auyrsamda	205	55026
auyrsañ	186	27026
auyrsynu	187	28790
auyrsynyp	198	43856
auyrta	205	38276
auyrtady	195	38278
auyrtatyn	212	68287
auyrtpai	187	27839
auyrtpalyq	210	64856
auyrtpaş	200	46359
auyrtpaşy	213	70153
auyrtpaşylyq	223	86044
auyrtqym	206	57610
auyrtty	210	63640
auyrttyñ	214	72382
auyrtu	229	93014
auyrtyp	231	95900
auyru	172	14165
auyruy	196	40046
auyryp	231	94731
auyryñqyrap	201	48972
auyrğan	153	5406
auyrğanda	176	16955
auyrğannan	204	54170
auyrğany	173	14589
auyrğanym	218	78319
auyrğanyn	195	38562
auyrğanyna	219	79805
auyrğanğa	212	67256
auyrğanşa	226	90137
auys	184	5433
auysa	175	16566
auysady	179	19524
auysaiyq	212	67842
auysam	182	22472
auysamyn	217	76910
auysamyz	207	59417
auysatyn	185	26307
auyspai	186	27150
auyspaidy	201	48508
auyspaityn	216	75002
auyspaly	166	10706
auysqan	179	19239
auyssa	194	37316
auyssam	212	67873
auysty	172	5435
auystym	202	49478
auystyma	211	66275
auystyr	171	5436
auystyra	161	8197
auystyrady	186	26825
auystyraiyn	190	32482
auystyram	173	14669
auystyramyn	198	42961
auystyramyz	192	34680
auystyrasyz	217	77545
auystyrasyñ	196	40529
auystyrasyñba	212	67657
auystyratyn	179	19749
auystyrdy	189	17367
auystyrdym	177	17368
auystyrdyq	214	72079
auystyrdyñ	193	35976
auystyrma	208	52118
auystyrmai	203	52119
auystyrp	189	30295
auystyrsa	203	43049
auystyrsam	198	43050
auystyrsaq	212	68876
auystyru	154	5437
auystyruğa	174	15396
auystyryldy	215	72946
auystyryp	231	95158
auystyrğan	178	18474
auystyrğanda	206	57153
auystyrşy	208	60291
auysu	184	24966
auysuy	193	36193
auysuğa	204	53946
auysym	197	42358
auysyp	231	75154
auysypty	216	75156
auytqu	200	46577
auytqular	207	58875
auyz	231	2446
auyzaşar	231	71298
auyzaşarda	214	71300
auyzaşardan	214	71798
auyzben	178	18448
auyzbırşılık	202	49259
auyzda	206	14492
auyzdan	172	14493
auyzdary	200	46339
auyzdaryn	200	46340
auyzdaryna	202	49763
auyzdaryñ	215	68445
auyzdaryña	212	68446
auyzdaryñdy	212	68932
auyzdy	186	27098
auyzdyq	225	88725
auyzdyñ	212	68284
auyzekı	183	23814
auyzna	227	91548
auyzy	187	28740
auyzym	198	43270
auyzyma	213	69215
auyzymdy	209	61806
auyzyn	188	29930
auyzyna	190	31923
auyzynan	208	59952
auyzyndy	201	49029
auyzyñ	208	33242
auyzyña	201	48599
auyzyñdy	191	33244
auyzyñnan	223	86532
auyzğa	231	97618
auyzşa	140	2448
auzaşar	218	78833
auzaşardan	230	94163
auzaşarga	228	92118
auzaşarğa	228	92064
auzdy	227	90783
auzym	162	8496
auzyma	231	96914
auzymda	210	65057
auzymdy	174	15679
auzymen	213	69607
auzymnan	181	21461
auzymyz	199	44706
auzyn	231	3777
auzyna	147	3778
auzynan	164	9646
auzynda	185	26297
auzyndy	231	96831
auzynnan	209	63229
auzynyñ	218	79560
auzyñ	231	21580
auzyña	231	96193
auzyñda	213	69982
auzyñdy	231	96050
auzyñmen	218	79229
auzyñnan	181	21583
auzyñyz	220	64544
auzyñyzdy	224	87737
auzyñyzğa	210	64546
auğan	185	25416
ava	231	6939
avada	231	6941
avadağy	158	6943
avaga	175	16085
avam	182	22537
avama	187	28171
avamda	191	34035
avan	186	10736
avana	182	22532
avangard	187	27793
avans	166	10737
avany	169	12111
avariia	162	8542
avariiadan	206	56580
avariiağa	202	49482
avasyna	188	29769
avasynda	188	29427
avasyndağy	214	72645
avatar	185	25487
avatarku	214	71923
avañ	181	14118
avaña	172	14119
avañda	195	18242
avañdağy	177	18244
avañdy	182	22298
avañyzdy	225	88599
avağa	231	95797
avgust	171	13562
avgusta	190	31629
avguste	194	37822
avgustke	228	92566
avgustta	220	81681
avgustte	198	43085
avia	194	37649
aviasiia	212	68888
aviator	230	94511
avstriia	210	64293
avto	144	3139
avtobus	231	9584
avtobuse	186	26554
avtobuspen	165	10337
avtobusqa	174	15324
avtobusta	164	9586
avtobustamyn	202	49315
avtobustan	188	29853
avtobustar	197	41907
avtobusty	210	55985
avtobustyn	225	89305
avtobustyñ	205	55986
avtobusy	198	43449
avtobusymen	230	93796
avtodrom	204	53608
avtoelektrik	209	62925
avtograf	223	86439
avtohtondy	226	89532
avtokölık	181	21567
avtomat	156	6219
avtomatika	219	81382
avtomatizasiia	226	90205
avtomatişeskii	190	32581
avtomatom	206	56345
avtomattandyru	209	62117
avtomatty	171	13587
avtomattyq	228	92095
avtomaty	209	62256
avtomoika	213	70610
avtonomiia	198	42850
avtonomiialy	221	68140
avtonomiialyq	212	68141
avtopark	219	80552
avtor	231	5381
avtorazbor	217	77721
avtordyñ	174	15222
avtoritarlyq	218	79085
avtoritet	181	21071
avtorlary	205	54833
avtory	153	5382
avtovokzal	195	39254
avtovokzaldan	227	91348
avtovokzalğa	225	88386
avtozavod	219	81135
avtoşkola	212	68594
avu	165	10081
az	231	4573
aza	231	4574
azaby	198	44229
azabyn	210	64327
azabynan	212	67881
azaia	207	30040
azaiady	188	30042
azaidy	192	35070
azaitqyş	230	93904
azaitu	153	5169
azaityp	183	23528
azaiyp	162	8809
azaiğan	208	60786
azaiğyş	228	92045
azaliia	202	49330
azaly	222	85629
azam	156	4694
azamat	231	4696
azamata	213	69254
azamatpen	192	35325
azamatqa	181	21132
azamattan	201	47550
azamattar	172	14147
azamattardy	202	18392
azamattardyñ	178	18393
azamattary	191	33603
azamattarymyz	218	78153
azamattarynyñ	201	49175
azamattarğa	195	39404
azamatty	182	4698
azamattyn	203	51627
azamattyq	151	4699
azamattyñ	171	13698
azamattyğy	210	65097
azamaty	231	63542
azamatym	210	63543
azamatyñ	212	68069
azamatşa	231	64616
azamatşalar	225	89011
azamatşasy	210	64618
azamen	202	50019
azan	231	4575
azanan	188	29059
azanda	231	71859
azandada	214	71861
azandağy	217	76942
azanmen	162	8626
azannan	151	4578
azanymen	166	10847
azanğa	231	96535
azanğy	231	97528
azanşy	226	90187
azap	178	18369
azapty	217	77228
azaq	182	22239
azart	201	47746
azasyñ	224	87688
azat	231	20061
azatpen	214	71821
azatqa	207	57889
azattan	219	80360
azatty	209	20063
azattyq	180	20064
azattyñ	198	42985
azañda	192	34194
azañğy	209	61577
azağa	198	42649
azba	191	33505
azbuka	221	84133
azda	179	14265
azdai	197	42129
azdan	231	97233
azdap	231	95406
azdau	172	14266
azdağan	201	48592
azdyq	201	47574
azdyratyn	220	82708
azeka	226	90287
azeke	185	25477
aziat	221	54428
aziatki	205	54430
aziaty	225	88511
aziia	151	4748
aziialyq	202	49837
aziianyñ	191	33570
azima	196	39739
azimhan	206	57054
azimut	216	75575
aziz	156	6237
aziza	231	60421
azizany	212	60423
azizanyñ	208	60424
azizağa	210	65157
azizdıñ	219	80612
azot	231	30891
azotty	197	30893
azottyq	225	88824
azottyñ	189	30894
azu	231	89369
azuly	227	91447
azusyz	225	89372
azyn	200	46505
azyp	231	96303
azyq	171	13426
azyqtandyru	226	89562
azyqtyq	212	68729
azyr	170	13090
azyraq	193	36653
azyğy	205	54596
azğan	205	14553
azğana	193	35460
azğantai	173	14556
azğo	190	32511
azğyn	219	80931
azğyryp	209	63328
azıl	200	47011
añ	166	6573
añdamai	219	80211
añdar	190	31461
añdatpa	228	92516
añdidy	227	91140
añdu	224	87285
añdy	213	6575
añdyp	157	6576
añdyğany	221	83475
añqau	185	25369
añqiyp	217	77283
añqyldaq	225	88460
añqyr	229	93079
añsap	177	18191
añsar	231	60722
añsardy	217	61637
añsardyñ	209	61638
añsarym	208	60724
añsarğa	212	69125
añsau	207	59554
añsağan	231	95196
añyrap	198	43138
añyraqai	214	72317
añyz	162	8757
añyzaq	202	50339
añyzdar	205	54587
añyzdy	216	74943
añğa	198	43910
añğal	217	77098
añğar	219	80794
añğarmai	228	92480
añşy	201	44336
añşylyq	199	44339
aöl	226	89604
aüai	216	75936
ağa	231	4269
ağabek	199	44673
ağada	183	17612
ağadan	177	17613
ağady	190	31748
ağai	231	4270
ağaida	186	13448
ağaidan	171	13449
ağaidy	179	5419
ağaidyñ	154	5420
ağailar	181	21232
ağailaryñ	203	52184
ağailarğa	215	73010
ağaimen	182	22567
ağaiy	203	7675
ağaiym	206	56919
ağaiyn	231	7676
ağaiyndar	160	7679
ağaiyndardyñ	223	86622
ağaiyndarğa	218	79003
ağaiyndy	181	21752
ağaiyndylar	211	66711
ağaiyndysyñ	211	65953
ağaiynnyñ	210	65307
ağaiynyñ	225	88407
ağaiyña	212	67269
ağaiğa	150	4272
ağaişa	211	67074
ağajan	207	58324
ağalar	162	8550
ağalardy	215	68626
ağalardyñ	212	68627
ağalarmen	207	59123
ağalary	185	10425
ağalarym	166	10426
ağalaryma	205	54989
ağalarymdy	218	79398
ağalarymnyñ	209	62980
ağalarymyz	205	55852
ağalaryn	204	54092
ağalaryna	214	72119
ağalarynyñ	211	66849
ağalaryñ	184	24823
ağalaryñdy	223	85910
ağalarğa	209	62794
ağaly	203	51214
ağalyq	216	74614
ağam	231	10964
ağama	231	95952
ağamda	231	28263
ağamdai	203	50962
ağamdar	187	28264
ağamdy	231	97076
ağamdıkı	207	59484
ağamen	167	10966
ağammen	231	96680
ağamnan	179	19869
ağamnyn	190	32654
ağamnyñ	231	95757
ağamyz	231	22488
ağamyzdy	215	22490
ağamyzdyñ	182	22491
ağamyzğa	207	57913
ağamğo	197	41283
ağan	231	13929
ağana	192	34565
ağany	172	13930
ağanyn	184	24134
ağanyñ	231	95551
ağar	189	17737
ağartatyn	215	73624
ağartu	190	31734
ağartuşy	194	31736
ağartuşylyq	190	31739
ağartyp	207	58074
ağaru	230	93642
ağaryp	177	17739
ağarys	206	56583
ağarğan	212	69058
ağas	212	12322
ağasy	231	12323
ağasymen	193	35581
ağasymyn	199	44573
ağasyn	190	12324
ağasyna	184	24056
ağasynan	209	61994
ağasynyñ	169	12326
ağasyz	225	89285
ağat	216	10470
ağatai	166	10472
ağataiym	166	10774
ağattyq	221	83871
ağatyn	208	59799
ağau	231	97512
ağañ	231	11006
ağaña	167	11007
ağañda	202	50737
ağañdy	183	23371
ağañnan	195	38699
ağañnyñ	171	13317
ağañyz	189	31111
ağañyzdyñ	213	69191
ağağa	155	5974
ağaş	231	15975
ağaşka	204	52921
ağaşqa	189	31337
ağaştan	177	17571
ağaştar	176	17086
ağaştardy	205	53189
ağaştardyñ	204	53190
ağaştary	212	68964
ağaştaryn	225	88696
ağaşty	180	15977
ağaştyñ	175	15978
ağaşy	186	26609
ağaşym	224	87792
ağaşyn	215	72926
ağaşynyñ	215	72928
ağila	216	75267
ağjan	202	49966
ağs	228	92061
ağu	211	65614
ağvi	228	91980
ağybai	204	53257
ağylşyn	231	11737
ağylşynda	189	31306
ağylşyndy	231	96863
ağylşynnan	231	95470
ağylşynğa	168	11739
ağylşynşa	231	95600
ağym	195	28815
ağymdağy	187	28819
ağyndy	209	62991
ağyp	231	95760
ağys	212	53305
ağysy	204	53306
ağytyp	222	85075
ağyzam	219	81053
ağyzu	217	76577
ağzadağy	195	39158
ağzalardy	221	23902
ağzalardyñ	183	23903
ağzalyq	221	83975
ağzam	212	68761
ağzany	202	18275
ağzanyñ	178	18276
ağzasyna	191	33991
ağzağa	170	12956
aş	231	959
aşa	129	1038
aşad	175	5933
aşady	155	5934
aşaiyn	170	12829
aşalmai	186	26840
aşam	231	8294
aşama	191	33644
aşamai	203	51312
aşamyn	181	21245
aşamyz	161	8296
aşamyzba	212	67932
aşar	231	34810
aşardan	210	63683
aşardy	226	90348
aşarğa	231	97254
aşarşylyq	192	34815
aşasyn	183	23113
aşasyz	195	38645
aşasyzdar	226	89666
aşasyñ	182	22767
aşasyñdar	212	68905
aşat	173	14931
aşatyn	231	96356
aşañ	230	94238
aşe	231	97484
aşi	201	17563
aşidy	177	17565
aşimova	206	57436
aşityn	192	34495
aşkan	231	96361
aşköz	227	91415
aşok	168	11753
aşon	180	20797
aşpa	174	8977
aşpady	181	21025
aşpadym	184	24588
aşpadyma	219	80255
aşpadyq	229	93078
aşpai	231	8978
aşpaidy	163	8980
aşpaimyn	206	56475
aşpaisyñ	208	61261
aşpaityn	202	49896
aşpağan	195	38864
aşpyz	230	93730
aşqa	217	15398
aşqaly	218	78128
aşqam	188	29773
aşqan	231	15399
aşqanda	174	15401
aşqannan	206	56172
aşqansoñ	229	93570
aşqanyn	220	81613
aşqanğa	226	90089
aşqaraq	197	42080
aşqasyn	215	73402
aşqyzyp	218	78737
aşsa	231	12077
aşsai	170	12786
aşsam	169	12078
aşsan	193	35697
aşsandarş	220	81525
aşsaq	204	52689
aşsañ	183	23760
aşsañyz	214	72356
aştan	178	19126
aşty	231	17056
aştym	231	28625
aştyma	187	28626
aştyn	186	27422
aştynba	206	57105
aştyq	176	17057
aştyqtan	211	66971
aştyraiyn	225	88943
aştyram	220	82211
aştyrdym	219	81328
aştyru	208	60999
aştyruğa	224	88168
aştyryp	184	24812
aştyñ	231	37869
aştyñba	194	37871
aştyñdar	206	57686
aştyñdarma	223	86683
aştyñyz	205	55964
aşu	128	960
aşuda	215	73626
aşudyñ	210	64479
aşulan	200	19309
aşulana	181	21180
aşulanady	199	44989
aşulanam	192	34726
aşulanasyz	224	88181
aşulanasyñ	211	66714
aşulanatyn	207	58368
aşulanba	179	19311
aşulanbai	194	37682
aşulanbaimyn	220	82486
aşulanbañyz	204	53038
aşulanbaşy	194	37632
aşulandy	204	51408
aşulandym	208	60792
aşulandyrma	226	90124
aşulandyru	230	94338
aşulandyryp	203	51411
aşulandyñ	223	86599
aşulansa	192	28646
aşulansam	187	28647
aşulansañ	210	65127
aşulanu	215	74490
aşulanuğa	216	75853
aşulanyp	231	95393
aşulanğan	188	29682
aşulanğanda	195	39276
aşulanşaq	189	31226
aşuly	231	49777
aşulymyn	219	80318
aşulysyz	218	79175
aşulysyñ	202	49780
aşumen	169	12210
aşuy	169	11141
aşuym	167	11142
aşuyma	181	20836
aşuymdy	188	29453
aşuyn	177	17925
aşuyna	192	34632
aşuyndy	190	32526
aşuyñ	180	20404
aşuyña	212	67833
aşuyñdy	231	97335
aşuyñyz	203	45094
aşuyñyzdy	199	45096
aşuğa	231	96214
aşuşy	221	83945
aşvq	224	87205
aşy	231	4770
aşybūlaq	203	51608
aşydy	197	41581
aşyl	207	4771
aşyla	178	5510
aşylady	154	5512
aşylaiyn	215	73848
aşylatyn	181	21285
aşyldy	231	23340
aşyldyma	183	23342
aşylmady	180	19988
aşylmai	231	7460
aşylmaidy	159	7462
aşylmaityn	212	68749
aşylmasa	194	37443
aşylmağan	183	23648
aşylsa	165	9936
aşylsyn	166	10921
aşylu	184	24475
aşyluy	185	25366
aşyluyna	201	48511
aşylyp	231	39040
aşylypty	195	39042
aşylğaly	219	79792
aşylğan	151	4774
aşylğanda	194	37067
aşylğanyn	209	62808
aşylğanyna	215	74350
aşymai	212	35444
aşymaidy	193	35446
aşymaityn	219	81367
aşymağan	223	86428
aşyna	214	71534
aşynu	228	91994
aşyp	231	36978
aşypty	194	36980
aşyq	231	27085
aşyqhat	230	94136
aşyqpa	186	27087
aşyqtan	226	89957
aşyqtau	217	78041
aşyqtyq	215	73278
aşysa	200	46624
aşytady	209	63367
aşytpa	208	45881
aşytpai	200	45882
aşytqy	207	59083
aşytu	205	54754
aşytyp	231	96123
aşyñdar	190	32032
aşyñyz	198	43340
aşyğan	190	32176
aşyğu	221	83970
aşyğy	201	22143
aşyğyn	182	22144
aşşy	231	95937
ba	42	3
baba	231	15318
babaeva	225	88224
babai	174	15319
babalar	193	36497
babalarymyz	196	40979
babalarymyzdyñ	209	62624
babam	197	39393
babamyz	195	39395
babamyzdyñ	207	59471
babanyñ	219	80574
babar	201	48434
babağa	230	93883
babka	206	56395
babki	191	33343
babnik	153	5270
baboi	228	92298
baboşka	192	34170
babuşka	160	7947
babymen	200	47462
babyn	211	65568
babynda	213	70812
babynyñ	230	94686
babyr	203	51890
badam	194	38018
badamğa	219	81244
badamşa	217	77604
badan	230	62567
badana	209	62568
badyraiyp	215	72807
badyraq	210	64736
bagaj	197	41999
bagdat	176	16879
baget	207	58321
baglan	231	97600
baha	231	38759
bahada	208	60452
bahadür	219	79977
bahamen	195	38762
bahar	195	39274
bahon	185	26066
bahti	199	9745
bahtiiar	164	9748
bahyt	154	5553
bahytjan	181	21607
bai	231	290
baian	128	1014
baianat	229	93319
baiandama	178	18844
baiandap	207	57961
baiandau	195	28939
baiandauyş	188	28941
baiandy	153	5215
baianmen	209	62447
baiannyñ	195	38681
baiansyz	225	89014
baiany	196	40812
baiau	169	12280
baiağy	134	1474
baiağyda	138	2155
baiağydai	176	16815
baiağydan	161	8077
baiağydağy	212	68064
baiağynyñ	222	85533
baiağyşa	200	46514
baiaşka	210	63613
baibalam	228	91677
baibek	207	59431
baidaly	208	60632
baidan	186	27101
baidulla	214	72590
baidy	195	12551
baidyn	196	40186
baidyñ	169	12552
baieke	212	68559
baiganin	215	72755
baijan	194	37062
baijıgıt	206	56725
baika	231	96968
baikonur	196	40972
baikot	217	77372
bailai	219	66565
bailaityn	211	66568
bailam	218	79248
bailama	222	85628
bailansty	199	45308
bailanu	229	93178
bailanyp	183	23676
bailanys	130	295
bailanysqa	169	12393
bailanysqan	186	26423
bailanyssyz	216	75088
bailanysta	173	14993
bailanystar	189	30139
bailanysty	109	297
bailanystyrady	198	43945
bailanystyratyn	205	55378
bailanystyruşy	208	60681
bailanystyryp	191	33584
bailanystyrğyş	222	84602
bailanystyñ	196	40066
bailanysu	204	54132
bailanysy	170	12998
bailanysyp	199	44393
bailanğan	201	49059
bailap	231	96027
bailar	180	20497
bailardy	221	64706
bailardyñ	210	64707
bailary	205	54992
bailau	194	37082
bailauly	206	56937
baily	219	3685
bailyq	147	3686
bailyqqa	201	49227
bailyqtarym	207	59402
bailyqty	200	46913
bailyqtyñ	201	48683
bailyğy	181	17561
bailyğym	177	17871
bailyğyn	177	17562
bailyğyñ	209	61710
baimenova	229	92831
baimyn	203	51029
bainazarova	225	88402
baipaq	214	72433
baiqa	231	2082
baiqady	199	8158
baiqadym	161	8159
baiqadyñ	193	35757
baiqadyñba	217	76856
baiqai	205	47423
baiqaidy	211	66659
baiqaimyn	200	47426
baiqaimyz	205	54773
baiqaisyñ	209	62734
baiqalady	163	9316
baiqalatyn	191	32863
baiqaldy	201	47542
baiqalmai	223	55385
baiqalmaidy	205	55387
baiqalyp	196	40994
baiqamadym	187	28185
baiqamadyñ	215	72912
baiqamai	231	58407
baiqamaidy	210	64033
baiqamaisyñ	207	58410
baiqamappyn	189	31242
baiqamağan	208	61180
baiqap	138	2083
baiqasa	227	72345
baiqasam	214	72346
baiqau	166	10823
baiqausyz	219	22192
baiqausyzda	182	22194
baiqauy	184	24585
baiqauyna	189	31343
baiqauynda	214	71454
baiqauğa	170	12916
baiqañdar	192	35154
baiqañyz	204	53941
baiqağan	187	28025
baiqağanym	204	54129
baiqaş	194	37478
baiqaşy	206	57708
baiqūs	176	16687
bairaq	222	85216
bairaqty	230	94501
baisal	212	46935
baisaldy	200	46937
baisaldylyq	230	94409
baisat	214	71020
baiseiıtova	205	55138
baiserke	189	30065
baiserkege	212	69006
baisyn	213	69666
baisyz	192	34145
bait	192	20178
baital	189	31383
baitaldy	230	93989
baitaq	186	27653
baiterek	180	20182
baiterekke	225	88451
baitursynov	205	32204
baitursynova	190	32205
baitūrsynov	231	66177
baitūrsynova	214	71287
baitūrsynovtyñ	211	66180
baitūrsynūly	190	32187
baiy	154	3921
baiybyna	219	80879
baiym	148	3922
baiyma	191	32941
baiymda	217	76886
baiymdau	230	94059
baiymdy	195	39581
baiymen	198	43634
baiymmen	200	47272
baiymnan	214	71903
baiymnyñ	208	60745
baiymyz	215	72949
baiyn	231	28059
baiyna	187	28060
baiynan	212	67814
baiynyñ	205	55811
baiyp	231	76039
baiyppen	222	85617
baiypty	216	76041
baiyrbekova	198	44004
baiyrğy	196	40826
baiytu	197	41261
baiyñ	231	28611
baiyña	187	28612
baiyñdy	199	44843
baiyñnan	216	75064
baiyñnyñ	203	51747
baiyğanda	228	92604
baizaq	183	23740
baiğa	141	2543
baiğanin	198	44149
baiğazy	204	53792
baiğūs	169	12169
baiğūstar	217	77551
baj	204	30741
baja	231	30742
bajalar	197	42491
bajam	189	30743
bajañ	208	60418
bajeke	197	42208
bajova	227	91500
bak	231	12532
bakalavr	205	56131
bakbergen	200	46655
bakdaulet	231	96556
bake	231	96049
baklajan	189	30961
baklaşka	187	28403
bakosia	212	67892
bakoş	169	12534
bakterii	211	24800
bakteriia	190	24801
bakteriialar	184	24804
bakteriialardy	215	73566
bakteriialyq	215	74281
bakteriologiialyq	211	66345
baktiiar	192	35253
bakulia	224	87326
bakytbek	209	61870
bakytgul	202	50614
bakytjan	231	97220
bakytyn	189	30921
bal	124	705
bala	231	1721
balabaqşa	169	11986
balabaqşada	183	23027
balabaqşadan	218	78166
balabaqşadağy	207	58529
balabaqşamen	222	85016
balabaqşanyñ	215	73505
balabaqşasy	198	43604
balabaqşasynyñ	223	85869
balabaqşağa	186	27341
balada	156	5025
baladai	202	50308
baladan	152	5026
balajan	207	58917
balalar	231	1724
balalarda	174	15543
balalardan	178	19032
balalardağy	204	54060
balalardy	231	1739
balalardyn	185	26367
balalardyñ	136	1740
balalarmen	157	6783
balalary	152	4864
balalarym	163	9335
balalaryma	187	28886
balalarymdy	191	33075
balalarymen	194	38164
balalarymmen	214	71886
balalarymnyñ	185	25531
balalarymyz	178	18874
balalarymyzdy	209	41030
balalarymyzdyñ	196	41031
balalarymyzğa	210	63750
balalaryn	167	11005
balalaryna	176	16774
balalarynan	214	71673
balalaryndy	222	84535
balalarynyñ	178	18415
balalaryñ	166	10306
balalaryña	197	41936
balalaryñdy	198	43298
balalaryñyz	173	10308
balalaryñyzdy	194	10310
balalaryñyzdyñ	165	10311
balalaryñyzğa	200	46190
balalarğa	136	1726
balaly	149	4086
balalyq	231	66560
balalyqpen	218	79472
balalyqty	211	66562
balalyqtyñ	217	77238
balam	231	3342
balama	145	3343
balamaly	192	34912
balaman	227	90638
balamda	181	21410
balamdai	228	91954
balamdy	151	4799
balamen	231	95162
balammen	180	20361
balamnan	195	39022
balamnyn	190	32389
balamnyñ	159	7363
balamyn	174	15777
balamysyñ	215	74035
balamyz	165	10342
balamyzdy	206	34245
balamyzdyñ	192	34246
balamyzğa	213	70652
balan	231	28454
balana	193	36773
balandy	187	28456
balannyn	207	59534
balannyñ	220	81860
balans	231	90647
balansty	227	90649
balany	231	94937
balanyn	231	95850
balanyñ	231	94938
balapan	231	18060
balapanda	215	18062
balapandar	231	18063
balapandardy	214	42967
balapandardyñ	198	42968
balapandary	212	18064
balapandarym	231	51771
balapandarymdy	228	92564
balapandarymnyñ	218	78095
balapandarymyz	203	51773
balapandaryn	199	45630
balapandarynyñ	212	67868
balapandaryñ	179	18065
balapandaryñnyñ	177	18068
balapandaryñyz	203	51967
balapandarğa	216	75137
balapandy	199	44466
balapannyñ	231	97381
balapany	197	42116
balapanym	231	74977
balapanymdy	217	77649
balapanymnyñ	216	74980
balapanymyz	222	85379
balapanyn	211	65808
balapanyñnyñ	200	46285
balapanğa	200	46014
balapanşik	195	39029
balaq	220	18729
balaqai	178	18731
balaqailar	210	64270
balaqan	214	71774
balardy	194	38221
balasağūn	194	37840
balasy	231	5461
balasyma	206	56872
balasymen	171	13496
balasymyn	188	29717
balasyn	231	5462
balasyna	154	5463
balasynan	190	31518
balasynda	204	52130
balasyndai	203	52131
balasynyn	195	38636
balasynyñ	156	6460
balasyz	198	42775
balasyñ	179	19513
balausa	231	46945
balausağa	200	46947
balauyz	205	54576
balañ	231	7948
balañda	212	68138
balañdy	171	13589
balañmen	202	49766
balañnyn	225	88609
balañnyñ	169	12133
balañyz	160	7950
balañyzdy	193	16770
balañyzdyñ	176	16771
balañyzğa	193	35837
balağa	231	63633
balağada	210	63635
balağat	216	76164
balağattap	226	90432
balağoi	193	35705
balaşa	199	9875
balaşağa	165	9877
balaşağan	217	77919
balaşağany	224	87152
balaşağasy	212	67692
balaşağañ	193	35963
balaşağañnyñ	200	46151
balaşağañyzdyñ	217	76444
balbyrauyn	206	56271
baldai	183	23653
baldan	190	31474
baldaq	223	86710
baldar	231	2387
baldarda	165	6644
baldardan	157	6645
baldardy	140	2389
baldardyn	169	12384
baldardyñ	149	4022
baldarmen	231	95220
baldary	142	2701
baldaryda	217	77203
baldarym	162	8882
baldaryma	186	27431
baldarymdy	187	28529
baldarymen	175	16285
baldarymmen	212	68370
baldarymnyñ	200	45923
baldarymyz	194	37380
baldarymyzdyñ	221	83122
baldaryn	159	7442
baldaryna	173	14631
baldarynan	203	52348
baldarynyñ	189	30510
baldaryñ	156	6263
baldaryñdy	185	26351
baldaryñmen	208	60628
baldaryñnan	218	78172
baldaryñyz	174	15428
baldaryñyzdy	214	38616
baldaryñyzdyñ	195	38617
baldarğa	142	2676
baldy	179	8161
baldyq	205	54547
baldyr	205	31668
baldyrlar	206	57206
baldyrğan	190	31671
baldyz	161	8162
baldyzdar	221	83889
baldyzjan	225	88252
baldyzy	208	29110
baldyzym	188	29111
baldyzyñ	215	73758
balerina	204	53976
baletka	227	91546
balger	215	72699
balhaş	179	19650
balhaşqa	217	76360
balhaşta	210	65219
balhaştan	223	85851
balhiia	202	50192
baliğat	228	92335
baljan	231	50213
baljandy	207	59070
baljanmen	214	71747
baljanğa	202	50215
balkon	182	22812
balkonda	194	38069
balkondy	217	76887
balkonnan	205	55802
balkonğa	199	45333
ball	231	3748
ballada	211	67012
ballar	147	3750
ballardyñ	196	40757
ballary	192	35013
ballaryñ	206	57731
ballarğa	189	30566
ballon	202	50054
ballyñ	223	86108
balmen	192	35394
balnurdy	224	87974
balnūr	231	44494
balnūrdan	218	79124
balnūrdy	207	44496
balnūrdyñ	199	44497
balnūrmen	214	71966
balnūrğa	200	46494
balon	166	10807
balp	213	70145
balpan	225	88286
balpyq	220	82494
balqaimaq	222	84983
balqarağai	210	64117
balqaş	231	74586
balqaşqa	216	74588
balqiia	194	37176
balqu	161	8415
balqyp	199	45402
balqytu	205	54956
balta	179	18687
baltabaev	215	74253
baltabai	178	18690
baltyr	210	63481
baluan	195	39106
balym	157	6746
balymdy	209	62332
balyn	187	28143
balyq	231	19398
balyqqa	179	19400
balyqtar	188	29187
balyqtardyñ	206	57479
balyqtarğa	223	86068
balyqty	181	21404
balyqtyñ	183	23511
balyqşy	197	42302
balyğy	209	63157
balziia	184	24956
balzira	208	61476
balğa	178	18437
balğadai	227	90563
balğamen	209	63371
balğyn	231	96952
balşaia	229	93505
balşeker	209	62684
balşoi	215	73792
balşy	230	22688
balşyq	182	22689
balşyqqa	215	74333
bambuk	199	44938
bamper	187	28692
banadan	192	34581
banan	231	57217
banandy	206	57219
banağy	192	34105
banda	176	17034
bandaj	205	54996
bandit	149	4210
bandy	212	68576
bane	231	97001
bang	222	84716
bani	183	1821
bania	136	1822
baniada	231	96095
baniadan	231	96096
baniağa	231	95414
banit	224	87319
baniu	178	18361
bank	131	1288
banka	231	68060
bankamattan	221	83617
bankağa	212	68062
banke	186	24642
banket	184	24643
banketke	210	64808
bankette	228	92598
banki	195	39077
bankir	224	87790
bankke	162	8699
bankomat	175	16242
bankomatqa	213	70810
bankomatta	215	52715
bankomattan	204	52716
bankomatty	230	93691
bankpen	209	62173
bankrot	186	27162
bankrotqa	229	93270
banktan	210	64129
bankte	180	15111
bankten	173	15112
bankter	207	59356
bankterge	225	89421
banktyñ	217	77422
banktı	222	47087
banktık	211	66850
banktıñ	200	47088
bankı	203	51343
bankıge	222	84375
banner	175	16453
bant	222	12726
bantik	170	12728
banu	143	2868
banudan	221	84332
banudyñ	205	55167
banuğa	206	56372
banğa	182	21978
bap	231	53336
bapan	226	89874
bapker	225	89185
bappen	218	79578
baptau	204	53339
bapty	216	75438
baptyñ	230	94389
baq	231	3215
baqa	231	34650
baqai	209	62049
baqan	208	34651
baqanas	219	73129
baqanasqa	215	73131
baqandai	192	34654
baqara	197	41590
baqbergen	231	96809
baqdaulet	231	95875
baqdäulet	176	17308
baqi	175	16418
baqilyq	213	70891
baqjan	193	35610
baqkeldı	204	52881
baqnūr	185	25257
baqoş	186	26454
baqqan	192	34388
baqsa	216	76046
baqsy	210	63814
baqta	216	74507
baqtaşy	215	74509
baqtaşylyq	222	85055
baqtiiar	164	9591
baqtiiarğa	227	91403
baqtybai	189	30528
baqtybek	204	54138
baqtygül	177	18096
baqtyly	218	79531
baqtym	218	78968
baqtyñ	212	68712
baquat	229	69804
baquatty	213	69806
baqylai	215	72785
baqylap	170	12855
baqylau	145	3219
baqylauda	200	46205
baqylaudy	195	38861
baqylaudyñ	205	55382
baqylausyz	223	86112
baqylauğa	189	30574
baqylauşy	202	49642
baqylauşylar	228	92353
baqyr	210	22255
baqyraityp	210	63860
baqyraiyp	182	22259
baqyrtyp	203	51149
baqyt	231	3859
baqytbek	182	22031
baqytgül	175	16556
baqytjamal	204	54036
baqytjan	231	42193
baqytjandy	222	84599
baqytjannyñ	207	58430
baqytjanqyzy	197	42197
baqytjanğa	210	64336
baqytnūr	201	49120
baqytpen	209	63291
baqytqa	167	11009
baqytqyzy	200	46369
baqytsyz	182	22831
baqytsyzdar	222	85752
baqytsyzdyq	224	87092
baqytta	213	24592
baqyttan	184	24593
baqytty	231	3861
baqyttyda	212	67975
baqyttym	211	11971
baqyttymyn	169	11973
baqyttymyz	207	59344
baqyttyn	197	41813
baqyttysyz	225	88452
baqyttysyñ	200	46834
baqyttyñ	148	3862
baqyty	161	8203
baqytym	176	17168
baqytyma	227	90839
baqytymdy	212	67857
baqytyn	231	24060
baqytyna	184	24061
baqytyñ	188	29946
baqytyñdy	193	36396
baqşa	182	22792
baqşada	205	55011
baqşadan	220	81568
baqşadağy	223	86954
baqşanyñ	222	85151
baqşasy	209	61901
baqşağa	199	45426
bar	231	274
bara	231	553
baraban	204	52805
barabar	227	90712
barad	231	94894
barady	231	94895
baraeva	216	76107
barag	228	92483
baraholka	184	24085
baraholkada	209	63037
baraholkadan	213	69223
baraholkağa	200	46864
baraiyn	120	556
baraiynba	164	9479
baraiynda	215	74365
baraiyndep	189	31138
baraiyq	133	1389
baraiyqpa	206	56495
baraiyqta	188	29869
baraiyqşy	181	21379
barajatyrmyn	198	44212
barak	202	1182
barakallahu	209	62425
barakat	217	1184
barakatuh	131	1186
baralmadym	194	37887
baralmai	178	18869
baralmaidy	216	75098
baralmaimyn	183	23962
baralmaityn	191	33149
baram	231	6549
barama	231	95956
baramba	231	96513
baramy	211	6550
baramyn	231	76561
baramynğoi	217	76564
baramyz	231	6551
baramyzba	157	6553
baramyzğo	192	34917
baramyzğoi	206	56633
baramğo	231	30210
baramğoi	189	30211
baran	190	32064
baranina	210	63678
baraq	199	45793
barar	155	5965
bararda	179	19385
bararmyn	179	19328
bararmyz	183	23862
bararsyñ	217	76320
bararymdy	222	84411
barasy	221	2071
barasyn	138	2072
barasynba	160	7712
barasyndar	180	20567
barasyndarma	194	38092
barasyz	156	6161
barasyzba	181	21424
barasyzdar	187	28871
barasyzdarma	209	61927
barasyñ	231	4472
barasyñba	150	4474
barasyñdar	164	9641
barasyñdarma	185	25696
baratqan	187	28167
baratqanda	193	36854
baratsyñ	196	40030
baratyn	231	16303
baratyndar	175	16306
baratyndardy	230	93801
baratyndaryñ	222	84780
baratyndarğa	227	91471
baratyny	216	31880
baratynymdy	193	36204
baratynymyzdy	205	55114
baratynyn	190	31881
baratynyñdy	209	62000
baratyr	169	12344
baratyrm	174	15172
baratyrmyn	185	26033
barbara	215	73354
barbaris	213	69246
barbi	231	96780
barda	136	1775
bardai	201	49123
bardak	177	17640
bardaq	222	85178
bardovyi	201	47807
bardy	231	1745
bardym	136	1746
bardyma	155	6054
bardyn	165	10016
bardynba	180	20291
bardyndar	197	41931
bardyndarma	206	57064
bardyq	154	5424
bardyñ	231	7406
bardyñba	159	7408
bardyñdar	170	12675
bardyñdarma	187	28355
bardyñyz	176	16905
bardyñyzba	196	40348
bardyñyzdar	203	52134
barganda	141	2526
barhat	179	19325
baria	210	64409
bark	211	66691
barlar	165	10075
barlardy	205	55075
barlary	220	71717
barlaryn	214	71718
barlaryñ	215	73625
barlaryña	222	85251
barlarğa	201	48173
barlau	197	41663
barlyq	231	5696
barlyqtaryn	201	47571
barlyqtaryna	201	47572
barlyqtaryñ	176	5701
barlyqtaryña	170	12758
barlyqtaryñnyñ	213	70629
barlyqtaryñyz	181	5703
barlyqtaryñyzdy	205	55894
barlyqtaryñyzdyñ	210	65277
barlyqtaryñyzğa	154	5705
barlyğy	108	278
barlyğyda	200	46253
barlyğymen	192	35388
barlyğymyz	150	4296
barlyğymyzda	211	66299
barlyğymyzdy	210	50261
barlyğymyzdyñ	202	50262
barlyğymyzğa	188	29124
barlyğyn	123	679
barlyğyna	144	3068
barlyğynan	180	20486
barlyğynda	182	21960
barlyğynyñ	172	14263
barlyğyñ	169	12106
barlyğyña	170	12995
barlyğyñdy	203	51175
barlyğyñyz	196	30540
barlyğyñyzdy	221	83155
barlyğyñyzğa	189	30542
barma	231	2507
barmady	170	6818
barmadym	157	6819
barmadyma	198	43341
barmadyn	195	38563
barmadyq	186	27611
barmadyñ	173	14686
barmadyñba	195	38495
barmadyñdar	212	67546
barmadyñyz	204	54276
barmai	231	2508
barmaiaq	181	20824
barmaidy	231	95844
barmaima	184	24551
barmaimyn	141	2511
barmaimyz	157	6655
barmaimyzba	203	51182
barmaisyn	169	12158
barmaisynba	200	47200
barmaisyz	191	33578
barmaisyzba	212	68260
barmaisyzdar	228	91948
barmaisyñ	152	5060
barmaisyñba	189	30269
barmaisyñdar	201	47936
barmaisyñdarma	223	85856
barmaityn	231	77183
barmaityndar	217	77186
barmaiyn	203	51379
barmane	174	15282
barmap	207	43128
barmappyn	222	85480
barmapty	198	43130
barmaq	191	33897
barmaqtai	199	45148
barmaqşy	203	52080
barmasa	168	9111
barmasada	222	85654
barmasam	163	9112
barmasaq	189	30740
barmasañ	175	16493
barmasañdar	215	73350
barmasañyz	220	81798
barmasyn	201	49225
barmau	194	37965
barmauy	223	50448
barmauym	202	50449
barmauymda	207	58616
barmauğa	218	78803
barmağaly	191	33706
barmağan	171	13394
barmağanda	216	75175
barmağandar	223	86259
barmağanym	210	57797
barmağanyma	206	57798
barmağanyñ	226	89524
barmeken	167	11398
barmyn	231	95026
barmysyñ	231	96888
barmyz	231	96393
barn	231	48330
barni	201	48331
barograf	225	89333
barokallahu	210	64382
barokatuhu	199	44387
barokko	217	77264
barometr	198	43987
barq	223	65792
barqyt	211	65794
barsa	136	540
barsada	196	40828
barsai	162	8621
barsaişy	221	83201
barsam	120	541
barsamba	181	20968
barsamda	185	26333
barsan	158	7227
barsanda	204	44475
barsandar	199	44476
barsany	228	92280
barsaq	147	3625
barsaqpa	216	75904
barsaqta	208	60140
barsañ	148	3978
barsañda	198	29594
barsañdar	188	29595
barsañyz	184	24488
barsañyzdar	215	74342
barsañyzşy	217	77259
barsik	217	77993
barsn	176	17009
barsyn	231	18813
barsynba	178	18815
barsyz	177	17984
barsyzba	194	38063
barsyñ	231	10658
barsyñba	166	10660
barsyñdar	194	38218
barsyñdarma	204	53554
bart	190	32177
barter	191	33763
baru	231	2809
barudan	216	75644
barudy	186	27381
barudyñ	209	62800
baruym	146	3481
baruymda	213	70249
baruymyz	184	24908
baruyñ	204	53845
baruğa	143	2811
baruşy	189	30536
bary	231	2677
barya	216	74944
barym	231	22026
barymda	210	65139
barymdy	182	22028
barymen	188	29301
barymta	228	91838
barymtaşy	230	94252
barymyzdy	202	50094
barymşa	196	40940
baryn	231	2678
baryna	161	8064
barynda	192	34128
baryndar	195	38802
barynşa	142	2680
baryp	231	14341
baryppa	203	52084
barypsyñ	220	81968
barypta	216	75360
barypty	172	14343
barys	172	3327
barysy	173	3328
barysyn	181	3329
barysynda	145	3331
barysyndağy	201	49055
baryña	175	16186
baryñdar	177	17374
baryñdy	193	35886
baryñyz	176	17336
baryñyzdar	211	66656
baryñyzğa	204	53457
barğa	182	4151
barğaly	190	32553
barğam	157	6852
barğan	231	12717
barğanba	213	70921
barğanbyz	179	19673
barğanda	231	47843
barğandai	206	56502
barğandar	201	47844
barğandaryñ	221	83298
barğandağy	215	73294
barğandy	207	58706
barğanmen	205	56027
barğanmyn	189	30328
barğannan	184	24879
barğansoñ	179	19530
barğansyn	222	85047
barğansyñ	216	74578
barğany	197	37058
barğanym	194	37059
barğanyma	217	77260
barğanymda	199	44964
barğanymdy	204	54279
barğanymyz	209	63086
barğanyn	201	48988
barğanyñ	200	46549
barğanyñdy	214	72197
barğanğa	195	39568
barğanşa	170	12719
barğasyn	149	4154
barğasyñ	228	91974
barğo	231	1742
barğoi	136	1743
barğym	231	43879
barğymda	219	80980
barğymyz	198	43881
barğysy	170	12738
barğyñ	231	65741
barğyñyz	211	65743
barğyş	228	92506
barşa	158	1308
barşalaryñyzğa	199	45059
barşamyz	198	8194
barşamyzdan	216	75543
barşamyzdy	219	70867
barşamyzdyñ	213	70868
barşamyzğa	161	8196
barşañyzdy	214	72639
barşañyzdyñ	226	90213
barşañyzğa	132	1313
barşağa	176	16805
barşy	231	29764
barşylyq	188	29767
barşyn	210	63872
barşyğar	202	49834
bas	231	153
basa	231	4084
basady	172	14135
basaiyn	189	30694
basaiyq	206	56532
basam	149	4085
basamyn	189	31397
basamyz	183	23160
basar	196	40067
basasyn	182	22260
basasyz	183	23403
basasyñ	180	20411
basat	200	46236
base	231	12541
baseke	169	12543
basenova	221	83899
baskasynyñ	216	75214
basketbol	160	7662
basketbolşy	219	80895
baskiım	197	41354
basma	187	28577
basna	231	97207
baspa	231	18674
baspahana	220	82001
baspai	185	26304
baspaidy	203	51761
baspaldaq	206	56577
baspaldaqty	222	85547
baspana	178	18676
baspanaly	196	40056
baspanağa	225	88960
baspaq	197	41771
baspasöz	192	34557
baspau	216	75053
baspağa	211	59690
baspağan	208	59691
baspen	231	96662
basqa	231	4024
basqada	160	7807
basqadai	209	63332
basqadan	187	27977
basqalai	175	16082
basqalar	231	5021
basqalarda	187	15575
basqalardan	174	15576
basqalardy	177	16585
basqalardyñ	176	16586
basqalarmen	172	14130
basqalary	231	12607
basqalaryda	209	62437
basqalaryn	170	12608
basqalaryna	181	21310
basqalarynan	207	58775
basqalarynyñ	211	66210
basqalaryñ	185	25941
basqalaryñyz	210	65077
basqalarğa	152	5023
basqalarğada	210	64282
basqama	201	47953
basqamen	170	12904
basqamyn	222	85456
basqamyz	204	53445
basqan	231	18227
basqanda	189	30760
basqany	231	18228
basqanyñ	177	18229
basqanğa	195	38398
basqara	197	35099
basqarady	194	38005
basqaratyn	192	35102
basqardy	195	38829
basqarma	210	36540
basqarmasy	193	36542
basqarmasynyñ	197	42068
basqaru	149	4026
basqarudy	201	28127
basqarudyñ	187	28128
basqaruğa	200	47053
basqaruşy	200	46054
basqaruşylyq	211	65824
basqaryp	189	30514
basqarğan	180	19977
basqasy	231	16125
basqasymen	209	62255
basqasyn	231	16126
basqasyna	175	16127
basqasynan	206	56132
basqasynda	207	58646
basqasynyñ	183	23377
basqağa	231	95960
basqaşa	231	75375
basqaşalau	216	75378
basqosu	226	89896
basqy	212	68314
basqym	218	78837
basqynşylyq	215	74065
basqūdyq	212	69003
basqūr	210	65192
bassai	194	37168
bassam	168	11605
bassan	181	21279
bassañ	168	11751
bassañyz	185	25852
bassein	173	14749
basseinge	188	29474
bassyn	183	23955
bassyz	225	79925
bassyzdyq	219	79928
basta	231	155
bastady	231	5787
bastadym	155	5788
bastadyma	214	72648
bastadyn	188	29886
bastadyq	183	23090
bastadyñ	168	11848
bastadyñba	196	40142
bastadyñdar	210	65090
bastadyñyz	204	53790
bastai	231	2570
bastaidy	152	5049
bastaimyn	170	12691
bastaimyz	141	2573
bastaimyzba	204	52782
bastaisyz	186	26675
bastaisyñ	188	29456
bastaityn	178	18735
bastaiyn	167	10981
bastaiyq	162	8666
bastaiyqşy	203	51907
bastal	213	7033
bastala	193	7034
bastalad	158	7035
bastalady	231	95077
bastalaiyn	196	40574
bastalarda	212	68267
bastalatyn	163	9125
bastaldy	231	16260
bastaldyma	175	16262
bastalmady	187	27809
bastalmai	173	14743
bastalsa	167	10930
bastalsyn	198	43146
bastalu	194	15069
bastaluy	173	15070
bastaluyna	199	45697
bastalyp	231	63192
bastalypty	209	63194
bastalğaly	176	16789
bastalğan	158	7048
bastalğanda	173	14906
bastalğannan	200	46264
bastalğany	215	73867
bastalğanşa	205	55983
bastama	179	17402
bastamadym	193	36237
bastamai	180	20057
bastamas	203	17403
bastamasy	177	17404
bastamaşy	218	78603
bastan	231	95675
bastap	98	156
bastapqy	156	6236
bastapqyda	192	35333
bastapty	203	52385
bastar	175	13942
bastary	172	13943
bastarymdy	205	54727
bastaryn	182	22907
bastaryna	190	32248
bastarynda	204	53828
bastaryñ	180	20048
bastaryña	195	38931
bastaryñdy	200	46309
bastasa	183	13838
bastasai	172	13839
bastasam	177	17606
bastasan	199	44674
bastasaq	191	33652
bastasañ	192	34240
bastau	149	4228
bastauda	219	80263
bastaudy	215	73438
bastaudyñ	224	88139
bastauy	180	20251
bastauym	214	72025
bastauyş	231	34786
bastauyşpen	222	84833
bastauyşqa	201	48577
bastauyşta	192	34788
bastauyştan	203	52281
bastauyştar	206	56634
bastauyştağy	217	76716
bastauyşty	214	47274
bastauyştyñ	200	47275
bastauğa	178	18872
bastauşy	211	65521
bastañdar	194	37636
bastañyz	177	18073
bastağaly	209	62048
bastağam	194	37812
bastağan	231	19851
bastağanda	179	19853
bastağannan	208	60032
bastağasyn	221	84116
bastağy	206	46870
bastağym	200	46871
bastağyñ	227	91042
bastaş	231	38460
bastaşy	195	38461
basty	231	2057
bastyktan	221	83820
bastym	138	2058
bastyn	194	38133
bastyq	231	16371
bastyqpen	199	44882
bastyqqa	175	16373
bastyqta	214	27405
bastyqtan	197	41754
bastyqtar	186	27406
bastyqtary	212	67462
bastyqtaryñ	215	74432
bastyqtarğa	218	79465
bastyqty	210	29398
bastyqtyñ	188	29399
bastyrmai	217	77151
bastyru	220	82123
bastyryp	185	26303
bastysy	231	95046
bastyñ	231	97376
bastyğy	171	13407
bastyğym	196	40194
bastyğymen	221	83052
bastyğyn	214	54492
bastyğyna	205	54493
bastyğynyñ	205	55718
bastyğyñ	200	46347
bastyğyña	220	82445
basu	231	31232
basudy	194	37339
basuy	221	83864
basuğa	189	31234
basuşy	228	92489
basy	231	223
basyl	199	6433
basylady	181	21466
basylaiyn	214	71212
basylar	200	46476
basylatyn	200	46372
basyldy	156	6435
basyldym	224	21900
basyldyma	182	21901
basylmady	208	60998
basylmai	170	13029
basylmaidy	191	33188
basylmasa	211	66832
basylmağan	216	75027
basylsa	198	43317
basylu	215	73315
basylvp	228	92066
basylym	195	39301
basylyp	231	94955
basylğan	180	20025
basylğanda	215	73521
basym	231	2173
basyma	153	5238
basymda	176	17112
basymdau	221	83809
basymdy	139	2175
basymdyq	213	70443
basymmen	190	31413
basymnan	164	9829
basymnyñ	207	58471
basymyz	161	8310
basymyzda	211	30725
basymyzdan	189	30726
basymyzdy	188	29635
basymyzğa	189	30824
basyn	231	1300
basyna	231	1301
basynan	132	1302
basynda	231	11529
basyndağy	168	11531
basyndağylar	227	91110
basyndy	164	9488
basynnan	195	38378
basynyp	196	40545
basyp	106	224
basypty	214	71250
basyr	224	87158
basys	217	77788
basyñ	133	1453
basyña	150	4275
basyñdar	201	48550
basyñdarşy	204	54214
basyñdağy	211	65515
basyñdy	151	4684
basyñmen	196	40123
basyñnan	177	17473
basyñnyñ	209	63360
basyñqy	202	50431
basyñyz	164	9701
basyñyzdan	206	57030
basyñyzdar	213	70157
basyñyzdy	193	36684
basyñyzğa	193	35544
basyñyzşy	196	40671
basşy	231	8969
basşylar	194	26791
basşylary	186	26792
basşylaryna	215	73226
basşylarynyñ	206	56274
basşylyq	186	26533
basşylyqqa	186	26535
basşylyğy	214	47567
basşylyğymen	201	47570
basşylyğyna	226	89637
basşymyz	224	87097
basşynyñ	214	71431
basşysy	163	8971
basşysyna	213	70667
basşysynyñ	195	39164
basşyğa	218	78531
bata	231	18128
batady	184	24554
bataly	230	93661
batam	202	49368
batan	209	61954
batareia	177	18132
batareikasy	217	77623
batasy	204	20168
batasyn	180	20169
batat	207	59491
batağa	201	47664
batia	79	63
batianyñ	210	64640
batima	188	28943
batl	170	12626
batlğa	197	42600
baton	171	13228
batonşik	208	60099
batpa	215	37867
batpai	194	37868
batpaidy	205	55592
batpan	208	60491
batpaq	202	49987
batpaqty	216	74875
batqan	200	45895
batqanşa	221	83388
batsa	203	51287
batterfliai	227	91454
batty	177	17962
batu	195	39057
batut	204	54189
baty	199	5475
batyl	165	10040
batyldyq	198	44221
batyldyğy	228	92052
batym	226	90477
batyp	154	5476
batyr	231	15899
batyra	178	18739
batyrda	204	52695
batyrdan	205	54852
batyrdy	195	16112
batyrdyñ	175	16113
batyrhan	231	84401
batyrhandy	230	94533
batyrhannyñ	222	84404
batyrhanova	223	86062
batyrjan	190	31635
batyrlar	175	15902
batyrlary	200	46121
batyrlyq	201	48942
batyrma	218	79266
batyrmasy	219	79934
batyrmen	214	71233
batyru	217	76453
batyry	187	28151
batyrym	195	38592
batyryp	188	28927
batyrğa	188	29346
batys	231	36079
batysqa	193	36081
batysta	194	37146
batystan	198	43023
batystyq	209	62938
batystyñ	198	44142
batysy	216	74842
bau	231	2880
baubek	188	28993
bauka	231	34767
baukada	215	69500
baukadan	213	69501
baukamen	201	48881
baukanyñ	192	34770
baukağa	193	35847
bauke	196	40103
baulu	195	38772
baurap	181	21700
baurym	159	7430
bauy	231	2881
bauyberık	222	85086
bauyr	231	2882
bauyrdai	227	91464
bauyrdan	191	33610
bauyrdy	194	35437
bauyrdyñ	193	35438
bauyrjan	231	31062
bauyrjandy	213	69406
bauyrjanmen	218	78745
bauyrjannan	221	83018
bauyrjannyñ	197	42348
bauyrjanqyzy	189	31066
bauyrjanğa	201	49071
bauyrlar	143	2885
bauyrlardy	224	72468
bauyrlardyñ	214	72469
bauyrlarmen	220	82629
bauyrlary	181	3539
bauyrlarym	146	3540
bauyrlaryma	197	41634
bauyrlarymdy	204	53584
bauyrlarymmen	214	72621
bauyrlarymnyñ	206	56441
bauyrlarymyz	203	51829
bauyrlarymyzdyñ	229	93565
bauyrlaryn	193	33333
bauyrlaryna	191	33334
bauyrlarynyñ	206	57800
bauyrlaryñ	176	17291
bauyrlaryña	202	49547
bauyrlaryñdy	215	73645
bauyrlaryñnyñ	201	48724
bauyrlaryñyz	206	57382
bauyrlarğa	202	50839
bauyrlas	212	67745
bauyrlastyq	229	93010
bauyrlyq	229	93223
bauyrmal	191	32758
bauyrmaldyq	208	59972
bauyrmaşyl	210	64482
bauyrsaq	157	6654
bauyrsaqqa	221	83161
bauyrsaqty	213	70490
bauyry	169	12547
bauyrym	231	24057
bauyryma	188	29553
bauyrymdy	197	41964
bauyrymen	203	51751
bauyrymmen	211	66758
bauyrymnyñ	186	27212
bauyrymyz	184	24059
bauyrymyzdyñ	206	57088
bauyrymyzğa	218	78159
bauyryn	188	27156
bauyryna	186	27157
bauyrynyñ	212	68437
bauyryñ	177	17342
bauyryñdy	211	67221
bauyryñnyñ	205	55499
bauyryñyz	203	51985
bauyrğa	195	38987
bavariia	188	29334
baza	231	4220
bazada	188	29781
bazadan	191	33478
bazalyq	194	36966
bazany	203	51766
bazanyñ	229	93510
bazar	231	4221
bazara	173	14574
bazarbaeva	197	42098
bazarbai	231	97327
bazarbek	203	51591
bazardamyn	211	66368
bazardan	151	4826
bazardasyñ	216	75082
bazardağy	196	40181
bazardy	195	28477
bazardyñ	187	28478
bazare	201	48338
bazarhan	209	63044
bazarkul	214	71608
bazarkül	203	52473
bazarly	217	56397
bazarlyq	206	56398
bazaru	191	33335
bazary	183	4222
bazaryn	207	4223
bazaryna	203	51335
bazarynan	222	84390
bazarynda	149	4225
bazarğa	231	95300
bazasy	190	32282
bazasyn	196	40014
bazağa	187	28461
bazda	217	76906
bazilik	220	82585
bazis	218	78758
bazistık	228	91973
bazofilder	223	86577
bazu	197	41250
bazy	202	49453
bazğa	219	80998
bağa	231	417
bağada	162	8865
bağadan	206	56280
bağady	200	46076
bağala	179	4401
bağalai	176	16592
bağalaidy	193	35876
bağalaimyn	188	29614
bağalaityn	194	36995
bağalaiyq	205	55989
bağalamadyñ	224	87934
bağalamai	207	58598
bağalamaidy	212	68215
bağalamaityn	216	76085
bağalamağan	215	73799
bağalanady	192	35052
bağalanyp	215	72837
bağalap	164	9564
bağalar	185	9372
bağalardy	203	51162
bağalary	164	9373
bağalaryn	170	12633
bağalaryñ	192	34757
bağalaryñdy	193	35513
bağalau	150	4402
bağalaudy	202	45191
bağalaudyñ	199	45192
bağalauğa	196	40871
bağalañdar	208	60107
bağaly	174	15798
bağalyq	228	92219
bağam	183	17122
bağama	215	72931
bağamdy	197	41377
bağamen	176	17124
bağamyn	214	72628
bağamyz	209	63159
bağan	145	2404
bağana	231	2405
bağanada	201	5369
bağanadan	153	5370
bağanaly	185	25599
bağanağy	140	2407
bağanağydai	204	53598
bağanağydan	212	67261
bağanağyny	194	38226
bağandap	186	26752
bağandy	198	43497
bağany	167	11420
bağanyñ	203	52477
bağanşa	230	94529
bağar	224	88082
bağasy	114	419
bağasyda	202	50905
bağasymen	180	20437
bağasyn	138	2143
bağasyna	174	15739
bağasynan	206	57197
bağasynda	213	69779
bağasynyñ	212	68372
bağasyz	223	86485
bağasyñ	218	79305
bağat	229	37857
bağatyn	194	37859
bağañ	192	34403
bağañdy	201	48721
bağağa	174	15649
bağban	208	60826
bağdagül	192	34642
bağdar	178	8676
bağdarlama	162	8680
bağdarlamada	207	58769
bağdarlamalar	175	16311
bağdarlamalary	189	31289
bağdarlamalaryn	205	55009
bağdarlamalau	212	68307
bağdarlamalyq	190	31546
bağdarlamamen	213	69856
bağdarlamany	193	36765
bağdarlamanyñ	195	39676
bağdarlamasy	162	8682
bağdarlamasymen	213	69691
bağdarlamasyn	184	24434
bağdarlamasyna	194	38037
bağdarlamasynan	223	86435
bağdarlamasynda	205	55107
bağdarlamasynyñ	193	35432
bağdarlamağa	204	54104
bağdarlamaşy	200	97673
bağdarlanu	229	93279
bağdarlau	204	53065
bağdarly	225	88885
bağdarşam	188	29737
bağdat	231	58090
bağdatqa	207	58092
bağdattan	227	91659
bağdatty	219	80170
bağdaulet	231	97473
bağila	164	9804
bağilanyñ	221	83863
bağilağa	224	88058
bağjan	168	11701
bağlan	231	61403
bağlandy	219	79938
bağlanmen	225	88532
bağlannyñ	208	61406
bağlanova	225	88840
bağu	185	25154
bağuğa	208	61017
bağy	164	6858
bağym	231	57378
bağyma	211	66056
bağymdy	206	57380
bağymyz	218	79414
bağyn	188	22625
bağyna	196	40143
bağynatyn	213	70807
bağynbai	215	73318
bağynbaidy	217	76390
bağynbaityn	215	74466
bağyndy	213	22627
bağyndyr	219	22628
bağyndyra	182	22629
bağyndyrar	197	42385
bağyndyratyn	215	73984
bağyndyrsyn	223	87001
bağyndyru	212	68469
bağyndyryp	197	41380
bağyndyrğan	211	65705
bağynu	204	53198
bağynyp	212	68172
bağynyñqy	195	39103
bağynyñqyly	207	58717
bağynyşty	201	48297
bağynğan	213	70570
bağyp	231	96130
bağyt	163	6859
bağytqa	196	40606
bağytta	163	6861
bağyttalğan	157	6865
bağyttar	196	25568
bağyttary	185	25569
bağyttau	205	55922
bağyttauşy	213	69258
bağyttağy	189	30549
bağytty	196	40278
bağyttylyq	225	89090
bağyttyñ	212	68142
bağyty	168	11835
bağytyn	180	19968
bağytyna	194	37461
bağytynda	196	40596
bağytyndağy	209	62215
bağyñ	178	18594
bağyñdy	198	43079
bağyştap	199	44523
bağyştau	223	86895
bağzy	227	91543
başka	231	97199
başpai	230	94270
başqūrt	205	55063
başşy	198	43113
be	56	9
bed	175	13094
beda	203	51683
bede	198	21323
bedel	212	21324
bedeldı	181	21326
bedelı	201	47937
beder	207	59213
bederlı	219	80084
bedeu	211	65628
bednyi	182	22393
bedıñ	170	13096
beg	197	24742
begaiym	204	53462
begaliev	216	76160
begalieva	217	76659
begaly	184	24745
begarys	187	27711
begemot	217	77214
begu	201	48734
begım	190	31729
bei	169	6562
beibarys	231	80890
beibarysty	219	80892
beibas	210	64469
beibereket	224	87889
beibi	194	37856
beibıt	231	76800
beibıtke	217	76802
beibıtşılık	231	97251
beidjik	218	78247
beihabar	223	86170
beijai	226	89696
beikünä	217	77368
beimaral	189	30966
beimaza	227	91514
beimezgıl	225	88852
beimälım	203	51267
beine	157	6564
beinejazba	221	83109
beinelengen	178	18452
beineleu	174	15858
beineleuış	193	35994
beinelı	203	52406
beinelık	226	90257
beinerolik	196	40413
beinesı	165	10047
beinesın	175	16327
beinet	205	55234
beineu	163	9304
beineude	190	32357
beineuden	205	54866
beineudıñ	224	87258
beineuge	185	26014
beineñ	197	41694
beineñdı	214	72363
beiorganikalyq	177	17553
beiqam	227	91283
beiresmi	213	69359
beisekova	226	89670
beisen	183	23283
beisenbaev	226	89571
beisenbai	190	32327
beisenbı	231	87778
beisenbılık	224	87781
beisenova	207	58611
beitanys	195	38412
beitarap	191	33026
beitaraptandyru	223	86880
beiım	190	32632
beiımdelgen	203	51402
beiımdelu	193	36546
beiımdeu	210	64783
beiımdı	222	75193
beiımdılık	216	75196
beiın	216	76089
bej	201	47857
bejın	212	67940
bek	231	762
beka	231	20322
bekamen	186	27097
bekany	180	20324
bekanyn	198	43254
bekarys	231	95747
bekasyl	231	96973
bekağa	181	21127
bekbol	180	20583
bekbolat	231	96126
bekejan	194	37818
bekem	186	27319
beken	159	7345
bekenov	216	74862
beker	231	8751
bekerden	180	20385
bekerge	162	8753
beket	231	97135
bekjan	231	47076
bekjandy	209	61934
bekjannan	212	67236
bekjannyñ	201	48932
bekjanova	213	69330
bekjanğa	200	47078
bekjıgıt	203	52560
bekmūrat	197	41732
beknar	208	60922
beknūr	160	8046
bekoş	231	97388
beksultan	231	97189
beksūltan	231	81153
beksūltanğa	219	81155
bektai	215	73760
bektıñ	212	67260
bektūrsyn	204	52678
beku	201	48223
bekzat	125	765
bekı	226	14983
bekınıs	205	55679
bekıre	219	79990
bekıte	220	38236
bekıtedı	194	38238
bekıtem	225	88643
bekıtemın	225	88645
bekıtetın	217	77319
bekıtpe	218	78191
bekıttı	211	65658
bekıttım	225	88231
bekıtu	173	14985
bekıtuge	205	55464
bekıtıldı	199	45546
bekıtılgen	175	16511
bekıtılıp	219	80406
bel	231	666
belaia	175	16031
belain	231	95852
belasar	229	93030
belbeu	205	54538
belde	203	22895
beldemşe	218	79729
belden	184	24616
beldeu	182	22896
beldı	197	41497
beldık	201	49166
beles	198	6592
belesterden	157	6598
belesterge	206	56482
belesterıñ	216	74877
belestı	219	80909
beleñ	210	63675
belge	189	31199
belgı	140	668
belgıge	211	66092
belgıle	158	2469
belgıledı	209	36091
belgıledım	193	36092
belgılegen	187	27993
belgılei	178	18697
belgıleidı	190	31709
belgıleimın	207	59103
belgıleimız	195	38872
belgıleitın	204	53630
belgıleiık	213	70238
belgılendı	198	43541
belgılenedı	184	24536
belgılengen	162	8903
belgılenu	228	92260
belgılenıp	184	24977
belgılep	141	2470
belgıler	178	18693
belgılerdı	194	37240
belgılerdıñ	202	50246
belgılerı	231	20693
belgılerın	180	20694
belgıleu	179	19386
belgıleñız	191	32952
belgılı	123	670
belgını	199	45561
belgınıñ	210	65168
belgısı	151	1582
belgısın	174	15447
belgısız	134	1583
belgısızdık	209	63097
beliaev	208	59765
belka	191	33817
beloe	198	42784
belok	178	19075
beloktar	203	51965
beloktardyñ	207	58614
belom	189	31355
belosnejka	208	61309
belsendı	141	2614
belsendılıgı	189	30260
belsendılıgın	194	37295
belsendılık	174	15569
belsendılıkke	228	91976
belsendırek	222	85397
belsendıru	223	86641
belsene	178	19124
beluiu	201	49012
belye	177	17346
belyi	231	95221
belym	196	39723
belı	178	6766
belım	157	6767
belımdı	198	42675
belıme	209	62848
belımnen	204	52653
belın	191	30281
belınde	224	87318
belıne	201	30282
belınen	189	30283
belıñ	182	22238
belıñdı	202	50648
belıñe	215	74009
belıñnen	214	72135
belşeden	227	90667
ben	124	704
benen	216	74845
benzin	153	5373
benzindı	221	82990
benzinge	197	41420
benzinnıñ	209	62198
benzol	205	55949
beou	225	89342
bep	231	96287
ber	231	97
berde	201	49051
berdibek	213	69166
berdı	231	2967
berdıbek	231	97408
berdık	231	27972
berdıkter	187	27975
berdım	231	10133
berdıma	165	10134
berdıme	194	37226
berdımğo	197	41281
berdımğoi	207	59387
berdın	193	36309
berdıñ	143	2968
berdıñba	184	24319
berdıñbe	208	60429
berdıñder	189	31301
berdıñderma	225	88949
berdıñız	166	10786
berdıñızba	215	73383
berdıñızder	212	68510
berdığo	189	30115
berdığoi	204	53723
bere	83	98
bereber	202	50067
bered	231	22825
beredı	231	22826
beredığo	182	22828
beredığoi	193	35648
bereg	198	13866
beregen	215	73527
beregi	172	13867
beregite	188	29094
beregu	201	47841
bereinbe	211	65480
bereiık	136	1732
bereiıkpa	203	51439
bereiıkşı	193	35996
bereiın	231	11725
bereiınba	168	11727
bereiınbe	185	26097
bereiındep	209	61844
bereiınşı	185	25736
berek	211	11448
bereke	231	11449
berekeden	214	71571
berekege	187	27875
berekeldı	208	60007
berekelı	231	95890
berekenı	216	61043
berekenıñ	208	61044
berekesı	185	25734
berekesımen	206	57398
berekesın	231	96073
berekesız	228	92025
bereket	167	11450
bereketsız	228	92562
berekettı	197	41407
bereketı	203	38212
bereketın	194	38213
berelı	208	60215
berem	83	99
berema	148	3782
beremba	178	19118
bereme	171	13169
beremena	213	69685
beremennaia	194	37331
beremgo	162	8527
beremğo	170	12926
beremğoi	188	29789
beremın	231	80900
beremınğoi	219	80903
beremız	231	26167
beremızba	185	26169
beremızğoi	215	72725
beren	197	42613
berer	144	3140
berermın	185	25630
berermız	210	65193
berersıñ	181	20871
bererı	198	43536
bererımdı	214	72504
bererın	213	69768
beresalğan	208	60152
beresı	211	437
beresın	157	6754
beresınba	194	38103
beresız	128	999
beresızba	166	10886
beresızbe	170	12981
beresızder	170	13103
beresızderma	207	58527
beresızderme	210	65210
beresızğoi	214	71434
beresıñ	115	438
beresıñba	231	96229
beresıñbe	182	22762
beresıñder	159	7545
beresıñderma	206	56745
beresıñğo	185	26123
beresıñğoi	203	51688
beret	127	903
berete	201	48059
beretın	231	28424
beretındei	199	45749
beretınder	191	33851
beretınmın	204	54224
beretını	198	28425
beretınım	217	64060
beretınımdı	210	64062
beretının	187	28426
beretınıñ	206	56699
beretınıñdı	212	68791
beretıñ	189	30280
bereşek	216	75907
bergee	224	87763
bergei	198	42793
bergeisıñ	224	87251
bergelı	205	55086
bergem	148	4001
bergen	231	5571
bergenbız	198	43206
bergende	154	5573
bergendei	195	39278
bergender	192	34470
bergenderdı	217	77838
bergenderge	214	72647
bergenderı	217	77879
bergendı	185	25686
bergenge	181	21532
bergenmın	183	23270
bergennen	178	18950
bergennıñ	214	72056
bergensız	210	63922
bergensıñ	196	40844
bergenı	166	10594
bergenım	183	23699
bergenımdı	195	38477
bergenımız	215	74344
bergenın	168	11620
bergenıne	189	30912
bergenıñ	180	19946
bergenıñdı	199	45248
bergenıñe	194	37729
bergenıñızge	197	42512
bergenşe	175	15961
bergesın	194	37011
bergı	231	5155
bergım	153	5156
bergın	191	34025
bergısı	180	20622
bergısız	225	88242
bergızıp	221	83726
bergıñ	169	12586
bergıñız	202	49704
bergış	218	79185
beri	231	16086
beriın	175	16088
berkut	206	56586
berl	212	67968
berma	210	65070
berme	231	1364
bermedı	151	4599
bermedık	210	64935
bermedım	175	16009
bermedıñ	164	9627
bermedıñba	203	51901
bermedıñder	210	64184
bermedıñız	187	28371
bermegen	156	6338
bermegende	201	41334
bermegender	197	41335
bermegenge	215	74426
bermegenı	218	78559
bermei	231	2067
bermeidı	138	2069
bermeima	192	34280
bermeimın	152	5124
bermeimız	179	19888
bermeisın	208	61528
bermeisız	183	23424
bermeisıñ	156	6208
bermeisıñba	207	58503
bermeisıñder	200	45920
bermeitın	165	9892
bermeiık	211	66687
bermeiın	206	56291
bermek	195	38640
bermekşı	209	61769
bermender	180	20453
bermep	201	37306
bermeppın	194	37309
bermepsıñ	224	88018
bermeptı	197	42012
bermes	187	12477
bermesede	209	62494
bermesei	195	38302
bermesem	174	15599
bermesen	176	16875
bermeseñ	169	12479
bermeseñder	216	75306
bermeseñız	207	59465
bermesın	171	13664
bermeu	172	13859
bermeuge	204	54239
bermeuı	212	67893
bermeñder	171	13628
bermeñderşı	196	40496
bermeñız	171	13809
bermeñızder	201	49209
bermeñızşı	193	36856
bermeş	132	1365
bermeşı	171	13454
bermın	217	77438
bernderş	168	11637
bersa	205	54470
berse	231	2436
bersede	182	22137
bersei	140	2449
berseişı	199	45411
bersek	146	3552
bersekte	213	69523
bersem	231	45702
bersemde	199	45704
bersen	140	2437
bersende	197	32017
bersender	190	32018
berseñ	231	3832
berseñde	189	17229
berseñder	176	17230
berseñderşı	202	50076
berseñız	148	3834
berseñızder	171	13617
berseñızşı	182	22775
berseñşı	196	40233
bersin	142	2700
bersı	184	10216
bersın	231	11630
bersınşı	168	11632
bersıñ	165	10217
bertaeva	230	93673
bertın	204	53180
beru	231	1000
berude	187	27900
berudegı	205	54868
beruden	188	29356
berudı	167	11267
berudıñ	172	14072
beruge	128	1002
berulerı	229	92959
berut	189	30595
beruı	172	8125
beruım	161	8126
beruımız	194	37263
beruın	198	42937
beruıne	203	51300
beruıñ	190	15561
beruıñdı	228	91953
beruıñe	174	15562
beruıñız	216	46443
beruıñızdı	200	46445
beruıñızge	212	67324
beruşı	166	10788
berı	231	509
berık	231	34184
berıkbol	202	50487
berıkbolsyn	222	85364
berıkjan	220	82851
berıkpen	218	78685
berıkten	221	83284
berıkter	230	94692
berıktı	209	34186
berıktık	214	72501
berıktıñ	192	34187
berıldı	159	7496
berıle	187	2725
berıledı	142	2727
berıletın	167	11093
berılgen	119	513
berılgenı	189	21608
berılgenın	181	21609
berılme	199	13650
berılmedı	207	59592
berılmegen	193	36423
berılmei	199	13651
berılmeidı	171	13653
berılse	192	35092
berılsın	220	82626
berılu	195	24694
berıluı	184	24695
berılıp	156	6165
berılıs	201	48395
berım	206	56177
berın	192	16949
berınder	176	16952
berınışı	203	51276
berıp	231	7812
berıppa	221	83112
berıppın	196	40499
berıpsıñ	203	52331
berıptı	160	7814
berıste	208	61457
berısı	209	63240
berıñ	231	714
berıñder	124	717
berıñderş	225	7566
berıñderşı	159	7567
berıñız	231	932
berıñızder	142	2698
berıñızderşı	177	17351
berıñızşı	127	934
berıñışı	191	33073
berış	195	38925
berşı	231	94823
bes	231	1907
besaspap	221	84212
beseda	172	13894
besedada	198	42749
besedadan	216	75455
besedany	227	91654
besedu	194	37118
beseu	186	26864
beseumız	211	66117
beseuı	207	58238
besit	157	6763
besjyldyq	208	60671
beske	231	96015
bespaev	187	28245
besplatnaia	194	37821
besplatni	229	93357
besplatno	137	1913
besplatnye	191	32837
besplatnyi	174	15299
beste	165	9855
besten	182	22838
bester	229	93431
bestık	217	77306
besı	231	3425
besıgı	196	40974
besıgım	210	64596
besık	146	3426
besıkke	167	10942
besıkte	190	26416
besıkten	186	26417
besıktı	198	43712
besıktıñ	209	61909
besınde	223	86251
besıne	202	50699
besınen	230	94376
besınşı	231	95974
bet	231	2030
beta	184	9161
betaldy	185	25936
betaşar	163	9164
betaşarğa	188	29540
betbūrys	219	80945
beter	170	12933
bethoven	221	83429
betke	139	2238
betkei	202	50123
betkeilı	219	72522
betkeilık	214	72523
betkı	200	46901
beton	176	16757
betpaq	216	75703
betpaqdala	226	90068
betpe	168	11646
betpen	188	29201
betperde	206	56801
betsız	211	66025
bette	150	2555
bettegı	141	2557
bettei	208	60287
betten	165	10220
better	174	15652
betterdı	183	23267
betterı	188	23319
betterın	183	23320
betterıne	197	41852
betterınen	197	42250
betterıñ	215	49935
betterıñnen	202	49938
bettı	147	3764
bettık	182	22217
bettıñ	188	29006
betı	139	2031
betım	160	5753
betımde	202	50811
betımdı	169	12273
betıme	154	5754
betımen	169	12154
betımmen	208	60840
betımnen	180	20615
betımız	214	48145
betımızdı	217	77232
betımızge	201	48147
betın	139	2032
betınde	158	7162
betındegı	168	11608
betındı	202	49278
betıne	138	2033
betınen	150	4349
betınnen	206	56368
betınıñ	176	16603
betınşe	182	22328
betıñ	164	4894
betıñde	212	67330
betıñdı	170	12833
betıñe	163	9109
betıñmen	205	54780
betıñnen	152	4897
betıñız	207	25334
betıñızden	185	25337
betıñızdı	206	57549
betıñızge	208	60131
beu	189	30338
bez	231	22515
bezder	205	37936
bezderı	194	37937
bezdna	224	88166
bezendıru	186	27249
bezer	227	91148
bezeu	183	23107
bezgek	219	80755
bezgen	216	75465
bezlimit	186	27533
bezopasnosti	183	23294
bezumno	182	22519
bezı	185	25270
bezınıñ	191	33321
bezıp	196	40059
beş	165	10347
beşbarmaq	180	20368
beşenyi	223	86041
beşpent	216	75321
bi	231	1297
biatlon	211	66955
biba	231	96978
bibarys	231	96981
bibka	231	90382
bibkağa	226	90384
bibliia	225	89318
bibliografiia	222	60964
bibliografiialyq	208	60967
biblioteka	189	30408
biblioteke	211	66679
biblioteku	218	78796
bibı	231	96543
bibıgül	231	96546
bibınūr	231	97011
bidai	170	12795
bidaiyq	227	90862
bide	189	21765
biden	181	21766
bidı	231	23651
bidıñ	183	23652
bie	168	11532
bienıñ	217	78002
bifşteks	221	83841
bige	231	79820
bigeldı	219	79823
biialai	228	92180
biiazy	215	73575
bika	187	28089
bike	207	14160
bikeş	172	14161
biko	172	14313
bikon	191	32988
bikonai	223	86487
bikoş	231	97519
bila	195	38725
bilain	231	62176
bilainğa	209	62178
bilaiyn	220	82676
bilan	231	96007
bilbord	230	94170
bile	231	3506
biledı	193	35522
biledık	211	67130
bilegen	174	15345
bilegende	206	56359
bilegım	199	44324
bilegısı	227	90669
bilei	173	14863
bileidı	175	16461
bileimız	193	35510
bileisıñ	205	55702
bileitın	181	21300
bilem	146	3507
bilep	231	95354
biler	183	23369
bilerdı	220	73665
bilerdıñ	215	73666
bilerı	202	50014
bilerın	220	82589
bilet	231	17296
bileta	218	79384
biletke	185	25845
biletpen	219	79790
bilette	215	40791
biletten	221	83824
biletter	196	40792
biletterdıñ	227	91292
biletterı	230	88679
biletterın	225	88680
bilettı	176	17298
bilettıñ	199	44939
bilety	182	22716
biletı	200	47012
biletımdı	229	93088
biletın	201	48440
biletıñdı	226	90329
bileu	178	18816
bileuge	193	36674
bileuşı	196	40228
bilıgı	183	22929
bilıgın	189	30642
bilık	154	5526
bilıkke	182	22700
bilıkte	217	64694
bilıktegıler	228	91862
bilıkten	210	64695
bilıktı	185	14485
bilıktıñ	172	14486
bina	224	87200
bint	186	26960
binura	213	70032
bio	146	3530
biodan	189	31326
biofizika	230	88095
biofizikalyq	224	88098
biografiia	189	30843
biohimiia	202	39242
biohimiialyq	195	39245
biolog	192	8028
biologiia	231	8031
biologiiada	206	8033
biologiiadan	160	8034
biologiialyq	163	9157
biologiiany	189	30233
biologiianyñ	215	73146
biomehanika	222	84533
biometriia	228	92275
biopsiia	217	77341
bios	183	23663
biosfera	196	40549
biosintez	226	90380
biotehnologiia	206	56632
biotehnologiialyq	230	93752
biqasap	219	80089
birin	184	25025
biskvit	188	28990
bismillah	223	85842
bismillia	185	25198
bismilliah	210	64502
bissektrisa	208	60625
bit	160	8010
bita	196	40099
bitkenşe	207	58590
bittei	226	89796
bittı	204	52713
bittık	229	93203
bitum	225	88874
bitva	231	95630
biudjet	231	62151
biudjetten	209	62154
biudjettık	209	63056
biurokratiia	213	69703
biurokratiialyq	226	90346
biurokratizm	227	90628
biust	226	89929
biyl	231	14107
biylda	216	53816
biyldan	204	53817
biyldyqqa	209	62293
biylğa	204	52688
biylğy	172	14109
biylşa	220	82312
bizge	231	95423
biznes	231	19063
biznesa	193	36207
bizneske	178	19065
biznesmen	186	27690
biznespen	197	41341
bizneste	202	50196
biznestı	189	30789
biznestıñ	199	45470
biznesı	205	55947
biznesıñ	214	72603
biznesıñızdı	215	73952
bizon	210	64232
biı	231	1298
biıgı	221	83159
biık	132	1299
biıkke	183	23383
biıkte	203	1625
biıktei	212	68502
biıkten	163	9107
biıkterden	135	1629
biıkterdı	203	52304
biıkterge	208	60264
biıkteu	216	75849
biıktıgı	161	8209
biıktık	196	41143
biıktıkke	201	48442
biıktıkten	210	64279
biıktıktı	228	91790
biın	191	33078
biıne	215	73115
bişara	164	9808
bişkek	193	36515
bişı	231	58099
bişıler	207	58102
bkz	214	72298
blag	186	20506
blagodaria	180	20512
blagodariu	231	96301
blagopoluşiia	184	24244
blank	201	48347
blanka	215	73098
blek	190	6522
blekpink	157	6526
blender	193	36772
blesk	199	44310
bliaia	123	665
blije	231	97129
bliny	231	97333
bliuda	192	34540
bliudo	200	45883
bliutuz	204	53798
blizkih	191	32717
blizko	185	25277
blldy	216	74686
blog	184	22184
blogerler	182	22189
blogqa	213	69546
blok	231	11867
bloka	183	23861
blokada	216	75688
blokirovka	187	27697
blokirovkağa	216	75785
blokka	231	95911
bloknot	180	20745
blokqa	231	96271
blokta	178	11869
bloktan	168	11870
bloktap	193	36549
blokty	210	64725
blondinka	200	97679
bluzka	202	50170
blää	164	9447
bm	180	20262
bmv	231	95385
boa	190	31401
bodam	221	84024
bodan	218	78587
bodandyq	228	92094
bodau	226	90349
bodi	231	97260
bodyp	231	97410
boes	187	28784
boevik	177	17794
boevoi	203	52027
bog	231	22210
boga	231	22211
bogatye	207	58690
bogatyi	182	22214
bogi	209	62884
boi	231	148
boia	231	5877
boialğan	182	22752
boiama	211	40259
boiamai	196	40260
boiamasyz	227	90954
boian	209	10344
boianatyn	199	44366
boianbai	200	47473
boianbağan	209	62320
boiansa	218	79373
boianyp	165	10346
boianğan	202	50805
boiap	155	5878
boiasam	213	70757
boiatam	225	89139
boiatu	228	91697
boiatyp	207	59009
boiau	159	7400
boiaudy	210	64496
boiauly	226	90471
boiaumen	205	55633
boiausyz	210	64800
boiauy	195	38588
boiauğa	201	48621
boiağyş	217	76862
boida	166	5715
boidan	197	41660
boidaq	154	5716
boidaqpyn	199	45214
boidaqsyñ	211	66640
boidaqtar	198	43706
boidy	188	29822
boijetken	184	25056
boijetıp	212	67809
boikot	227	90781
boilap	220	81491
boilary	198	44007
boily	189	30267
boilyq	197	41851
boitsia	195	39056
boitūmar	223	86780
boiy	231	149
boiym	158	7040
boiyma	205	55627
boiymda	207	58814
boiymdağy	217	76285
boiymdy	201	48299
boiymen	174	15647
boiyn	231	150
boiyna	165	10152
boiynan	185	25739
boiynda	157	6733
boiyndağy	166	10649
boiynşa	98	152
boiyñ	231	48691
boiyña	201	48692
boiyñda	207	59579
boiyñdağy	219	80222
boiyñdy	206	57415
boiyñnan	219	80207
boiğa	189	30952
boişañ	217	77526
boj	216	6188
bojban	200	46392
boje	156	6189
bok	166	10646
boks	231	25974
bokser	193	36720
boksqa	185	25976
boksör	203	51764
boksşy	208	60915
bol	231	101
bolad	231	4584
boladau	196	40859
bolady	231	4585
boladygoi	177	17983
boladyma	157	6643
boladyğo	151	4587
boladyğoi	161	8121
bolai	194	1351
bolaiyn	133	1399
bolaiynba	204	54352
bolaiyndep	198	43453
bolaiynşy	194	37030
bolaiyq	132	1353
bolaiyqşy	182	22796
bolajy	218	78467
bolam	231	1162
bolama	231	94766
bolamba	189	31335
bolameken	186	27478
bolamyn	130	1164
bolamyzba	198	43425
bolar	231	11374
bolarlyq	211	66733
bolarmyn	183	23683
bolarmyz	192	35389
bolarsyn	194	37314
bolarsyz	191	33411
bolarsyzdar	205	55821
bolarsyñ	177	18013
bolarsyñdar	206	57368
bolary	167	11375
bolaryn	173	15019
bolasnva	209	63064
bolasyn	137	1944
bolasynba	164	9444
bolasyndar	192	35213
bolasyz	139	2203
bolasyzba	182	22481
bolasyzdar	190	31987
bolasyzdarma	223	86994
bolasyñ	231	7894
bolasyñba	160	7896
bolasyñdar	175	16385
bolat	231	2840
bolatbek	231	97139
bolathan	198	43694
bolatov	203	45491
bolatova	199	45492
bolatovna	200	46981
bolatqa	202	49757
bolatqyzy	204	53719
bolatta	192	35300
bolattai	223	86873
bolattyñ	194	36958
bolatyn	231	2842
bolatyndai	172	14196
bolatyndyğyn	203	51692
bolatynmyn	172	14183
bolatyny	177	2843
bolatynymdy	209	62680
bolatynyn	143	2844
bolatynyna	190	32651
bolatynyñ	206	57235
bolatynyñdy	219	80396
bolatūly	214	71808
bolaşaq	231	3462
bolaşaqqa	166	10645
bolaşaqta	146	3464
bolaşaqtan	216	75680
bolaşaqtağy	196	41090
bolaşaqty	185	26071
bolaşaqtyñ	192	35243
bolaşağy	160	7890
bolaşağym	191	33945
bolaşağymdy	207	59333
bolaşağymyz	197	41718
bolaşağyn	186	27443
bolaşağyna	200	46592
bolaşağynan	223	86728
bolaşağyñ	191	32824
bolaşağyña	223	86212
bolaşağyñdy	205	55770
bold	231	7110
bolda	189	16826
boldau	176	16827
boldy	231	7111
boldyda	193	35462
boldyk	231	96236
boldym	231	28921
boldyma	231	95047
boldymda	217	77002
boldymğo	188	28923
boldymğoi	199	45382
boldyn	231	8578
boldynba	162	8580
boldyndar	185	26216
boldyndarma	198	42979
boldyq	231	30073
boldyqpa	189	30075
boldyqqoi	192	34432
boldyrmau	194	38194
boldyru	227	90631
boldys	219	79929
boldyy	173	14603
boldyñ	231	7112
boldyñba	231	95762
boldyñdar	158	7115
boldyñdarma	181	21282
boldyñyz	231	18967
boldyñyzba	178	18969
boldyñyzdar	186	27589
boldyñğo	192	34089
boldyğo	231	95285
boldyğoi	231	95752
boleet	183	23078
bolela	191	33888
bolezni	185	25491
bolga	215	70277
bolgandy	213	70280
bolgar	218	76544
bolgarka	217	76546
boliat	198	43253
bolit	157	6666
boljaldyq	213	69684
boljam	188	29845
boljamdy	204	54151
boljamdyq	225	89239
boljap	198	43203
boljau	191	33848
bolma	138	162
bolmady	125	774
bolmadym	173	14518
bolmadyma	180	20794
bolmadyq	208	59927
bolmadyñ	190	32227
bolmadyğoi	215	73806
bolmai	231	163
bolmaiaq	185	25850
bolmaidy	100	165
bolmaidyma	203	52139
bolmaidyğo	181	21759
bolmaidyğoi	184	25026
bolmaima	132	1350
bolmaimyn	165	10090
bolmaimyz	185	26229
bolmaisyn	185	26298
bolmaisyñ	171	13581
bolmaisyñba	211	66089
bolmaisyñdar	217	76859
bolmait	140	1355
bolmaityn	132	1357
bolmaityndai	210	64352
bolmaityny	212	28417
bolmaitynyn	187	28418
bolmaiyn	171	13670
bolmaiyq	208	60168
bolmap	188	20472
bolmapty	180	20474
bolmaqşy	226	90293
bolmas	231	1878
bolmasa	231	4662
bolmasada	158	7071
bolmasai	218	79574
bolmasam	160	7871
bolmasamda	190	31703
bolmasan	163	8933
bolmasaq	199	44329
bolmasaqta	212	68859
bolmasañ	151	4663
bolmasañda	202	49865
bolmasañdar	205	56111
bolmasañyz	177	17555
bolmasdy	217	76993
bolmasn	175	16219
bolmasyn	137	1880
bolmasynşy	194	37909
bolmau	160	8019
bolmauy	164	9625
bolmauyda	218	79292
bolmauym	216	76081
bolmauyna	213	69585
bolmauğa	214	72184
bolmañdar	195	39350
bolmañyz	195	39369
bolmağan	139	2260
bolmağanda	161	8359
bolmağandai	231	97468
bolmağandyqtan	202	50424
bolmağannan	209	63125
bolmağany	188	29145
bolmağanym	219	76145
bolmağanyma	216	76146
bolmağanyna	211	66527
bolmağasyn	176	17075
bolmağyr	214	71975
bolmaş	169	11962
bolmaşy	173	14859
bolmys	192	34659
bolmystyñ	218	79223
bolnisada	231	96474
bolnisağa	231	95919
bolsa	231	464
bolsada	231	94853
bolsai	231	95839
bolsam	117	465
bolsamda	165	10276
bolsan	125	739
bolsanda	175	10562
bolsandar	166	10563
bolsaq	138	2084
bolsaqta	190	31973
bolsañ	231	2755
bolsañdar	149	4199
bolsañyz	142	2757
bolsañyzda	200	13473
bolsañyzdar	171	13474
bolsañzda	228	92361
bolsañşy	219	80621
bolsağoi	203	51056
bolsy	231	5502
bolsyn	231	6288
bolsynda	199	45041
bolsynşy	156	6290
bolsyñ	154	5503
bolt	231	95018
bolu	231	1657
boluda	191	27344
boludan	186	27345
boludy	160	7768
boludyñ	183	23132
bolularyña	217	76274
boluy	231	8150
boluyda	199	45253
boluym	171	13629
boluyma	207	58818
boluymen	190	31450
boluymyz	183	23285
boluymyzdy	222	85080
boluyn	167	8151
boluyna	161	8152
boluyña	179	19272
boluyñdy	207	58908
boluyñmen	202	49265
boluyñyz	206	57469
boluyñyzben	224	87090
boluyñyzğa	215	72809
boluğa	135	1659
boluşy	157	6712
bolym	182	20756
bolymdy	191	33183
bolymsyz	180	20759
bolymsyzdyq	215	74488
bolyndar	150	4340
bolyp	231	30355
bolyppa	197	41464
bolyppyn	189	30358
bolyppyz	210	65098
bolypsyn	198	43382
bolypsyz	201	47644
bolypsyñdar	217	76798
bolypty	231	44313
bolyptyğo	199	44315
bolys	188	28947
bolystyq	228	92305
bolyñ	231	321
bolyñdar	110	324
bolyñdarşy	193	36809
bolyñy	193	1538
bolyñyz	231	1539
bolyñyzdar	134	1542
bolyñyş	227	91404
bolüan	207	58274
bolğai	162	8829
bolğaisyñ	215	74008
bolğaly	184	25016
bolğam	157	6820
bolğan	83	104
bolğanan	189	30805
bolğanba	185	25601
bolğanbyz	191	33671
bolğanda	118	481
bolğandai	190	32603
bolğandar	183	23105
bolğandardy	221	83360
bolğandaryñ	197	41240
bolğandaryña	214	72347
bolğandaryñyz	214	72058
bolğandaryñyzğa	225	89143
bolğandarğa	220	82143
bolğandy	193	4761
bolğandyqtan	151	4765
bolğanmen	178	18606
bolğanmyn	185	25167
bolğannan	152	5083
bolğannyñ	203	52489
bolğansoñ	155	6015
bolğansyn	195	39524
bolğansyz	211	66738
bolğansyñ	182	22760
bolğansyñba	212	67326
bolğany	136	1747
bolğanym	182	14854
bolğanyma	181	20969
bolğanymdy	183	23660
bolğanymen	173	14856
bolğanymyz	196	40510
bolğanymyzdy	213	70865
bolğanymyzğa	208	59685
bolğanyn	139	2270
bolğanyna	165	10286
bolğanynan	214	72082
bolğanynda	214	71532
bolğanyñ	170	10427
bolğanyña	166	10428
bolğanyñda	198	42805
bolğanyñdy	183	23134
bolğanyñyz	195	38732
bolğanyñyzdy	213	69176
bolğanyñyzğa	208	59722
bolğanğa	181	20839
bolğanğo	193	35611
bolğanğoi	204	53117
bolğanşa	163	9103
bolğasyn	132	1369
bolğasyñ	211	67171
bolğym	140	2460
bolğymyz	220	82213
bolğyn	181	21262
bolğysy	231	97008
bolğyñ	163	9143
bolğyñyz	189	30836
bolş	231	76141
bolşa	216	76142
bolşy	231	95255
bomady	188	29122
bomai	145	3369
bomağanda	211	66458
bomağyr	215	72881
bomba	231	95889
bomj	160	7769
bond	226	89615
bonjur	217	77274
bonus	156	6168
bonusy	200	46605
bop	231	24601
bopai	229	93489
bopsalau	223	86773
bopsyñ	198	42717
bopty	231	24603
boptyda	184	24605
boptyğo	188	29820
boq	231	11382
boqmūryn	227	91257
boqqa	209	62563
boqtadym	210	64562
boqtai	231	54939
boqtaisyñ	205	54942
boqtama	167	11386
boqtamai	231	97637
boqtanyp	210	64494
boqtap	231	95479
boqtasyp	203	51579
boqtauğa	199	45331
boqtağan	231	69299
boqtağany	213	69300
boqty	211	66444
bor	231	19837
boraldai	210	64111
boran	231	30110
boranbaev	214	62663
boranbaeva	209	62664
boranbai	189	30113
borandy	189	31382
borat	231	72482
borattyñ	214	72485
bordaqy	207	59381
bordaqylau	224	87834
bordovyi	193	35542
boria	179	19839
boris	203	51800
borisovna	215	74251
boroda	202	50179
borovoe	216	74804
borpyldaq	209	62937
borsaq	229	93249
borsyq	203	51460
bort	208	61377
boruto	231	96677
boryqtai	229	92896
boryş	206	49840
boryşker	219	81093
boryşty	226	89995
boryşy	214	49841
boryşyñdy	202	49844
borş	231	97425
bos	231	1226
bosa	231	1227
bosada	161	8167
bosady	172	14162
bosadym	180	20405
bosadyma	200	47023
bosadyñ	192	35147
bosadyñba	211	67083
bosadyñyz	213	70286
bosai	231	21491
bosaidy	181	21493
bosaima	218	79101
bosaimyn	192	34258
bosaisyz	210	63945
bosaisyñ	182	22673
bosaityn	200	46299
bosaiyn	221	84257
bosamady	185	25389
bosamai	131	1230
bosamaidy	179	19574
bosamaimyn	208	61098
bosamaityn	202	49423
bosan	164	3248
bosanady	199	45025
bosanasyñ	207	59602
bosanatyn	193	35494
bosandy	163	9278
bosandym	184	24562
bosandyma	202	50876
bosandyryp	218	78724
bosandyñ	189	30619
bosandyñba	210	64858
bosansañ	224	87908
bosanu	196	40261
bosanuğa	202	49504
bosanyp	145	3250
bosanypty	190	31480
bosanğan	172	14259
bosanğanda	200	46153
bosanğannan	202	49647
bosap	150	4345
bosasa	165	9942
bosasam	196	40124
bosasañ	199	45347
bosat	199	16120
bosatady	210	64540
bosatatyn	226	90270
bosatpai	218	79448
bosatqan	227	91372
bosatty	205	55549
bosatu	194	36886
bosatuğa	200	46204
bosatyp	175	16122
bosau	220	81805
bosañ	172	13967
bosağa	205	2917
bosağan	165	2918
bosağanda	143	2920
bosağasyn	185	25726
bospa	231	95845
bospyn	165	10099
bospyz	207	58618
bosqa	231	95391
boss	163	7385
bossyn	179	19240
bossynba	193	36813
bossyzba	198	43143
bossyñ	159	7387
bossyñba	183	23110
bossyñdar	210	63781
bosta	197	10439
bostan	166	10440
bostandyq	185	26158
bostandyqqa	215	73612
bostandyğy	194	37436
bostandyğynan	214	72580
bostau	217	77722
boston	216	75150
bosyn	231	96048
bosyp	222	85081
bosyñ	209	61749
bot	231	13832
bota	231	13833
botadai	216	75506
botadan	199	45638
botagoz	183	23869
botagöz	172	13836
botajan	224	87504
botaköz	231	97032
botalar	209	60145
botalarym	208	60147
botam	231	42366
botamen	197	42368
botanik	190	31399
botanika	200	46877
botany	188	21484
botanyñ	181	21485
botaqan	231	58440
botaqandar	209	58443
botaqandarym	207	58445
botaqannyñ	219	80545
botaqany	213	70324
botaqanym	231	95057
botasy	204	54131
botağa	231	97463
botaş	231	33310
botaşym	191	33312
botik	192	34428
botov	214	71537
botqa	180	20741
botulizm	214	71763
boty	231	97638
boynşa	213	69823
boyñyz	228	92381
boz	186	27017
boza	193	35761
bozai	226	89821
bozaryp	213	70515
bozbala	218	78323
boztorğai	202	49357
bozğylt	211	66137
boä	226	90112
boğyn	189	31249
boşka	231	97615
bprıp	222	85165
bra	231	6315
brak	231	41901
braki	197	41902
brakqa	222	85540
brakta	197	42311
bral	189	31178
brali	194	36905
brama	200	46659
braslet	166	10376
brat	231	6316
brata	166	10487
bratan	231	19453
bratandar	182	22433
bratandarym	217	77219
bratannyn	223	86483
bratannyñ	200	46973
bratany	193	19454
bratanym	179	19455
bratanyñ	192	34060
bratanğa	202	50689
brates	209	62449
bratik	185	25603
bratişka	231	36900
bratişkalar	198	43902
bratişkam	231	65343
bratişkamdy	210	65345
bratişkamnyñ	216	76187
bratişkan	198	44131
bratişkasy	194	36902
bratişkañ	205	54728
bratom	187	28868
bratqa	211	65587
bratskii	156	6320
brattan	199	44675
brattar	198	42977
brattyñ	207	58278
bratu	192	21980
bratuha	182	21982
bratva	194	37251
braty	219	31704
bratym	190	31705
brauzer	202	50573
bravo	188	29578
brazers	193	36128
braşnaia	220	82319
breket	186	27106
brelok	203	52542
brend	182	22505
brifing	215	73841
brigada	182	22086
brigadir	203	51729
briket	230	93703
brilliant	231	47004
brilliantym	200	47006
briuki	185	25165
briunetka	210	64819
brius	204	54226
brma	224	88130
bro	231	5910
brokkoli	216	76202
bron	155	5911
brondau	219	80686
bronh	208	39283
bronhit	195	39285
brosil	185	26031
brovi	188	29760
broşiura	227	90777
brusellez	218	79441
brusilovskii	216	75586
brynza	215	73490
bssqa	204	53650
btldy	213	70318
bts	231	95193
bu	231	157
buaz	186	27196
buda	195	10436
budan	166	10437
budanda	198	42960
budandastyru	225	88449
budaq	228	91775
buddizm	198	43593
budem	231	95051
budet	99	160
budete	231	95922
budi	196	41159
budu	110	316
buduşee	183	23550
buduşego	190	32162
buduşem	176	16619
buduşii	185	25997
bufer	194	36948
buferlık	229	92919
bufet	213	70882
bufetke	230	94606
bugıngı	231	96300
buh	231	10174
buhari	228	91914
buhgalter	165	10180
buhgalterge	207	58752
buhgalteriia	193	36217
buhgalteriiağa	214	72137
buhgalterlık	196	40481
buhta	228	92312
bui	201	49237
buiyrsa	231	95170
buiyrtsa	231	96605
buket	172	14091
buklet	207	59095
buksir	230	93726
bukv	194	14322
bukva	175	16172
bukvu	185	25894
bukvy	172	14323
bulandyru	223	86128
bulanu	198	43010
bulbul	201	47833
bulka	192	34348
buloşka	177	18021
buloşki	178	18865
bulu	212	68843
bum	231	5923
buma	205	5924
bumaga	155	5926
bumagi	182	22417
bumagu	200	46880
bumajnyi	173	14725
bumerang	183	23637
bunaq	190	31732
bunaqdenelıler	226	89515
bunaqty	219	79948
bunker	210	63584
bura	203	51656
burabaida	225	89062
burabaiğa	215	72797
buraq	212	67522
buratino	209	62618
burger	169	12018
burgerge	219	80787
burjuaziia	218	45664
burjuaziialyq	199	45667
burnyiğa	212	68599
burova	223	86009
buryl	214	72019
busa	187	28768
buterbrod	216	76052
butik	231	63216
butikte	209	63218
butylka	174	15640
buu	193	35811
buyltyq	198	43219
buyn	161	8399
buyndy	191	33486
buynnyñ	202	50523
buynğa	186	26589
buyp	191	33718
buyrsa	203	51146
buyñmen	188	29207
buş	203	50963
buşlat	208	59865
bvsqa	229	93430
by	103	186
byda	230	94431
byj	210	64577
byl	231	228
byla	231	229
bylai	106	230
bylaida	178	18355
bylaiynşa	190	32323
bylaiğy	222	84890
bylaişa	164	9723
bylamyq	228	91969
byldyr	226	90526
byli	134	1543
byljyrap	189	31041
byljyraq	229	93415
bylo	231	94862
bylp	211	66138
bylq	206	57334
bylr	219	81311
byltyr	136	1807
byltyrdan	197	41654
byltyrğy	163	9290
byltyrğydai	201	48049
byltyrğydan	228	92568
byltyrğyny	225	88263
bylyq	214	49810
bylyqtyryp	202	49815
bylyğyp	216	76190
bylğap	211	66067
bylğary	199	45113
bylş	174	15573
bylşyldap	216	75478
bylşyq	228	91820
byq	229	43641
byqsyp	198	43644
byqsytyp	221	82997
byr	231	68896
byrq	229	68897
byrqyldap	212	68902
byrt	217	77739
bystree	163	8935
bystro	142	2658
bystroe	207	57926
bystryi	187	28413
byt	143	2911
byttyiyp	217	77490
bytyr	224	87321
bytşyt	163	9207
bytşytyn	188	29450
bytşytyñdy	219	80392
byvaet	152	5047
byvaiut	178	18611
byvşii	231	86104
byvşiiyñ	223	86106
byz	231	95528
byzdyn	231	96561
byğyp	214	72260
bzde	231	95147
bädık	205	56006
bäi	223	9269
bäibışe	185	25349
bäibışesı	216	75682
bäidıbek	181	20988
bäige	191	33464
bäigege	213	69693
bäiterek	163	9274
bäiterekke	219	80254
bäiterektei	229	93125
bäişeşek	218	78575
bäke	169	12260
bäkı	213	52998
bäkır	204	52999
bäl	211	8348
bäle	231	15028
bäledei	219	80867
bäleden	205	54857
bälege	173	15030
bäleler	209	62629
bälem	212	68178
bälen	193	21686
bälenbai	208	59994
bälenı	184	21687
bälenıñ	181	21688
bäleqor	212	67996
bälesı	211	59611
bälesın	213	59612
bälesınen	207	59614
bälesıñ	210	63645
bälki	226	89923
bälkım	161	8351
bälı	210	64444
bälış	215	74166
bärbır	231	96525
bärekeldı	152	4956
bärmız	205	55403
bärı	231	369
bärıbır	112	372
bärıde	170	12748
bärımen	165	10092
bärımız	123	655
bärımızde	161	8336
bärımızden	212	68256
bärımızdı	173	14721
bärımızdıkı	203	51180
bärımızdıñ	175	16397
bärımızge	231	96102
bärın	231	41059
bärınde	231	95962
bärıne	231	50350
bärınede	211	66668
bärınen	231	50351
bärınende	202	50353
bärınıkı	196	41062
bärınıkın	210	65382
bärınıñ	231	95811
bärıñ	134	1533
bärıñde	188	29774
bärıñdı	169	12265
bärıñe	231	95356
bärıñnen	206	57452
bärıñnıñ	196	39819
bärıñızdı	204	54237
bärıñızge	168	11831
bäs	218	21506
bäse	231	21507
bäseke	181	21509
bäsekege	187	28027
bäsekeles	219	44046
bäsekelestık	198	44049
bäsekelık	221	84014
bäseñ	225	88671
bäseñdetu	228	91799
bät	226	88466
bätes	225	88468
bäteñke	230	93758
bäz	209	62301
bäñgı	221	84370
bñz	204	52701
böbek	187	28047
böbekjai	202	49420
bödene	206	57667
bögde	187	27861
bögen	209	32759
bögenbai	191	32762
böget	186	26848
böjei	212	69096
böken	199	45138
bökeñ	225	89281
bökse	215	74543
böl	231	591
böldı	195	39266
böle	231	12408
böledı	169	12410
bölejan	226	90247
bölek	231	71281
böleksıñ	218	78563
bölektenıp	214	71286
bölektep	216	74683
bölekteu	221	83762
bölekşe	228	91669
böleler	184	24550
bölelerım	202	50503
bölem	231	30515
bölemdı	218	79383
bölemnıñ	198	43039
bölemın	210	64901
bölemız	189	30517
bölenu	230	94187
bölenıp	175	15997
bölesı	197	42515
bölesın	204	53571
bölesıñ	207	58072
böletın	184	24570
böleu	219	80114
böleñ	197	41879
bölgen	183	23975
bölgende	194	37369
bölgış	219	81084
bölke	213	69464
bölme	151	4703
bölmede	231	27064
bölmedegı	212	67952
bölmeden	186	27065
bölmege	159	7444
bölmei	183	23573
bölmeidı	217	76394
bölmeler	207	59102
bölmelerdı	215	73556
bölmelı	173	14630
bölmeme	202	50837
bölmemnen	227	91041
bölmenı	185	25593
bölmenıñ	186	26608
bölmesı	185	17635
bölmesın	203	17636
bölmesınde	190	32505
bölmesıne	177	17637
bölmesınen	213	70603
bölmesınıñ	214	72525
bölmeñde	221	83477
bölmeñe	201	48701
böltırık	204	53240
bölu	231	17279
böludı	178	18390
böluge	176	17281
bölıgı	144	3131
bölıgın	159	7607
bölıgınde	176	16968
bölıgındegı	203	51457
bölıgınıñ	182	22824
bölık	188	21815
bölıkter	217	21818
bölıkterı	181	21819
bölıktı	213	70022
bölım	231	5245
bölımde	190	18643
bölımderge	227	90692
bölımderı	178	18645
bölımdı	191	32901
bölımge	179	19285
bölımnen	184	24131
bölımnıñ	190	31512
bölımı	153	5246
bölımın	179	14860
bölımınde	178	18692
bölımıne	178	19079
bölımınen	198	43506
bölımınıñ	173	14862
bölımşe	210	63475
bölımşesı	213	70774
bölınbeidı	201	49082
bölındı	176	16661
bölıne	206	2601
bölınedı	141	2603
bölınetın	177	18236
bölıngen	168	11674
bölıngendı	213	70790
bölıngış	226	89618
bölınse	215	74346
bölınu	178	18904
bölınuı	184	24718
bölınıp	153	5330
bölınıs	216	75813
bölıp	121	593
bölıs	203	10488
bölıse	185	26022
bölıseiın	210	63589
bölısemız	211	66213
bölısetın	197	42557
bölısken	208	61177
bölıskım	198	43323
bölıskısı	228	91926
bölıstı	207	58539
bölısu	197	42581
bölısıp	166	10490
bölşegı	178	18571
bölşegın	206	57644
bölşek	154	5524
bölşektep	213	70416
bölşekter	182	22222
bölşekteu	208	59705
bölşektı	166	10630
bölşektık	222	85503
böpe	231	31514
böpelerıñ	198	43123
böpelı	204	53304
böpem	231	72963
böpemın	215	72965
böpenıñ	190	31517
böpesın	210	64952
böpesıñ	216	76168
böpeñnıñ	209	63308
böpeñız	213	69260
böpeş	220	82563
börene	209	62672
börte	215	73832
börtpe	210	64038
börı	188	29890
börık	198	44117
börılı	228	92221
bötelke	208	60199
böten	145	3282
böz	219	80795
bözdei	221	83551
böşke	218	78964
büdır	226	90111
bügen	223	86618
bügu	218	78721
bügın	231	3477
bügınba	192	34376
bügınde	157	6463
bügındı	223	11859
bügındıkke	168	11862
bügınen	181	21321
bügınge	146	3479
bügıngı	231	29706
bügıngıdei	202	49619
bügıngıge	211	66040
bügıngını	188	29708
bügınmen	210	64601
bügınnen	149	4159
bügını	203	52282
bügınşe	181	21545
bügıp	188	29311
bügıñ	231	96218
büi	225	10834
büien	230	94130
büiregı	204	25377
büiregım	185	25378
büiregıñ	215	74235
büirek	231	23768
büirekke	194	37299
büirekten	205	55870
büirektıñ	183	23771
büireküstı	224	87675
büit	202	10835
büitken	190	31968
büitpe	210	64550
büittı	214	72204
büittım	228	92116
büitu	218	79412
büitıp	166	10837
büiır	183	22924
büiırlı	202	50525
büiırlık	216	74967
bük	204	639
bükpesız	225	88384
büktelıp	218	78904
büktep	203	52106
bükteu	208	61125
bükıl	122	641
bükılhalyqtyq	212	67562
bükılodaqtyq	215	73267
bükılreseilık	212	68646
bükılı	180	20553
bükılıne	205	54944
bükır	227	91044
büldır	221	10293
büldırdım	211	66508
büldırdıñ	205	55231
büldırgen	186	26506
büldıru	222	84476
büldırıp	165	10295
büldırşın	196	40580
büldırşınder	218	78470
bülk	214	71791
bülık	220	81571
bülıkşı	220	81573
bülınıp	208	60219
bür	231	15081
bürge	227	91350
bürku	226	90278
bürkıt	173	15084
bürkıttıñ	215	73947
bürkıtşı	226	90286
bürsıgünı	192	34272
bürsıkünı	215	73891
bürtürlı	231	95507
bürıp	213	69759
bürısıp	204	53127
bürşık	202	49913
bütkıl	174	15782
bütın	157	6516
bütındei	209	62201
bıl	231	192
bıldei	207	59136
bıldı	166	3495
bıldık	181	21012
bıldım	146	3496
bıldır	211	4432
bıldırdı	192	34340
bıldıre	195	4433
bıldıredı	150	4435
bıldıremın	194	37039
bıldıremız	208	60740
bıldıretın	168	11623
bıldırgen	194	36908
bıldırgım	215	72970
bıldırme	218	25185
bıldırmei	185	25186
bıldırmeidı	205	54870
bıldırmeuge	226	90002
bıldırtpei	189	31020
bıldırtıp	212	67387
bıldıru	188	29629
bıldıruge	210	64802
bıldıruşı	208	61285
bıldırıp	163	9045
bıldıñ	158	7050
bıldıñba	198	43502
bıldıñız	190	31707
bıle	141	550
bıledı	120	552
bıledıma	230	94012
bıledığo	192	35415
bıledığoi	200	46835
bılegın	217	77519
bıleiık	183	23995
bıleiın	135	1665
bıleiınşı	213	70657
bılek	203	52394
bılektı	213	70266
bılem	231	1405
bılema	169	11979
bıleme	192	34541
bılemğo	159	7347
bılemğoi	175	16083
bılemın	133	1407
bılemısıñ	224	87633
bılemız	149	4146
bıler	189	30156
bılersıñ	201	48838
bıles	196	2343
bılesın	155	5980
bılesınba	186	26778
bılesız	140	2345
bılesızba	184	24842
bılesızbe	192	34363
bılesızder	177	18184
bılesıñ	231	4521
bılesıñba	150	4523
bılesıñbe	176	16972
bılesıñder	160	8059
bılesıñderma	198	43535
bılesıñğo	166	10446
bılesıñğoi	179	19913
bılet	156	1551
bıletın	134	1553
bıletındei	193	36438
bıletınder	191	33358
bıletınderıñ	220	82229
bıletınmın	218	78938
bıletınım	200	46970
bıletınıñdı	213	70901
bılezık	177	17445
bılgelı	213	69466
bılgem	174	15754
bılgen	143	2924
bılgende	172	13876
bılgendei	209	62771
bılgender	217	70302
bılgenderıñdı	213	70306
bılgendıkten	229	92803
bılgenge	200	45974
bılgennen	207	59588
bılgenı	205	17173
bılgenım	203	36164
bılgenımde	214	71147
bılgenımdı	193	36166
bılgenın	182	22373
bılgenıñ	198	17174
bılgenıñdı	176	17176
bılgenıñızdı	214	71095
bılgım	153	5389
bılgınız	221	83867
bılgır	209	63051
bılgısı	197	42264
bılgıñ	179	19651
bılgıñız	185	26113
bılgış	198	44185
bılgışter	215	73423
bılme	201	519
bılmedı	192	848
bılmedık	196	40459
bılmedım	127	849
bılmedıñ	201	49246
bılmegen	164	9398
bılmegende	213	32746
bılmegendei	191	32747
bılmegensıp	219	80243
bılmegenı	218	73366
bılmegenımdı	216	74985
bılmegenıñ	215	73367
bılmei	119	520
bılmeidı	135	1631
bılmeimın	231	94742
bılmeimız	169	12184
bılmeisın	192	35263
bılmeisızba	218	78126
bılmeisıñ	153	5282
bılmeisıñba	198	42710
bılmeisıñder	204	53455
bılmeitın	156	6138
bılmeitınder	212	68701
bılmeppın	180	19958
bılmes	203	13575
bılmese	184	13576
bılmesek	215	74071
bılmesem	190	31436
bılmesemde	216	75015
bılmesen	191	32998
bılmeseñ	171	13577
bılmeseñız	205	55661
bılmestık	227	90744
bılmesın	182	22631
bılmeu	201	48759
bılmeuı	212	68491
bılmi	141	2538
bılmimın	231	96440
bılse	155	5541
bılsede	215	73008
bılsei	204	52956
bılsek	190	31845
bılsem	161	8450
bılsen	175	16299
bılseñ	154	5542
bılseñder	202	49404
bılseñız	183	23597
bılseñızder	204	54127
bılsın	153	5144
bılsıñ	209	63028
bıltelı	217	77271
bılu	134	1544
bıludı	207	58382
bıludıñ	207	58383
bıluge	153	5197
bıluı	177	17570
bıluım	194	37177
bıluımız	199	45723
bıluımşe	215	73736
bıluşı	197	42221
bılä	167	11444
bılık	193	17631
bılıktı	177	17633
bılıktılıgın	190	32146
bılıktılık	190	31632
bılıktılıktı	202	49351
bılım	231	3531
bılımdar	228	91983
bılımder	204	52650
bılımdı	146	3533
bılımdık	214	72301
bılımdılık	202	49604
bılımge	174	15452
bılımlendte	224	87640
bılımmen	200	47382
bılımnen	211	65672
bılımnıñ	180	20463
bılımsız	204	53926
bılımı	170	13016
bılımımdı	210	64121
bılımın	176	16963
bılımıne	206	56309
bılımıñ	204	39112
bılımıñdı	195	39114
bılımıñız	213	70618
bılımıñızdı	218	78898
bılınbei	198	21317
bılınbeidı	181	21319
bılınbeitın	215	73605
bılındı	213	70159
bılınedı	186	27173
bılıp	104	194
bılıptı	211	66249
bılıs	222	55766
bılısıp	205	55768
bılıñder	177	17509
bılıñız	231	65116
bılıñızder	216	75061
bılıñızşı	210	65118
bılşı	173	14967
bıoak	223	86910
bır	200	119
bıraq	231	15156
bıraqta	173	15158
bıratala	195	39664
bırauyz	198	44238
bırauyzdan	214	71714
bıraz	112	361
bırazda	196	2958
bırazdan	143	2959
bırazyn	190	31837
bırazğa	190	32066
bıraū	207	58325
bırbetkei	222	85423
bırbäle	176	17180
bırbırımızdı	206	57823
bırbırıne	204	53029
bırde	136	535
bırdei	120	536
bırdeimız	218	79631
bırdeme	131	1244
bırdemege	204	53129
bırdemeler	200	47313
bırdemesı	206	57189
bırdemesın	223	86606
bırdemke	217	76435
bırden	121	594
bırdene	231	51863
bırdenege	203	51865
bırdeneler	205	55462
bırdenesı	214	71981
bırdenke	161	8373
bırdeñe	231	19854
bırdeñeden	211	65475
bırdeñege	184	24641
bırdeñeler	179	19857
bırdeñelerdı	209	61982
bırdeñemen	217	76930
bırdeñenı	186	26943
bırdeñesı	189	31023
bırdeñesın	205	55834
bırdeñke	170	12929
bırdı	181	21736
bıregei	192	34275
bıregeilık	214	71544
bırei	219	81078
bıren	219	80108
bırer	192	34281
bıres	221	4134
bırese	149	4135
bırette	184	24691
bıreu	231	819
bıreude	186	27494
bıreuden	231	95711
bıreudı	136	1397
bıreudıkı	195	38841
bıreudıkımen	223	86977
bıreudıkın	195	38842
bıreudın	187	28174
bıreudıñ	133	1398
bıreuge	126	821
bıreulep	219	81248
bıreuler	142	2685
bıreulerden	195	39502
bıreulerdı	194	31116
bıreulerdıñ	189	31117
bıreulerge	177	17856
bıreulermen	193	35449
bıreulerı	192	34362
bıreulerıñ	209	61910
bıreumen	139	2257
bıreumız	203	51383
bıreuı	231	924
bıreuıde	202	50040
bıreuımen	194	37609
bıreuımız	201	48121
bıreuın	127	925
bıreuınde	178	18304
bıreuıne	167	10974
bıreuınen	191	33916
bıreuınıñ	182	22399
bıreuıñ	160	7866
bıreuıñe	215	73460
bıreuıñız	210	65190
bıreñ	227	90535
bırge	89	121
bırgemın	192	34850
bırgemız	168	11668
bırjan	231	69349
bırjannyñ	213	69352
bırjanğa	214	70965
bırjaqqa	207	59415
bırjaqty	210	63552
bırjarym	217	76552
bırjasuşaly	201	48371
bırjağy	224	55358
bırjağynan	205	55361
bırjerde	210	65454
bırjerden	218	78404
bırjerge	191	33085
bırjola	191	33518
bırjolata	205	56102
bırkelkı	181	21664
bırlep	200	46035
bırlerın	218	79580
bırlerıñdı	191	32972
bırlerıñe	196	40986
bırlerıñızdı	227	91052
bırles	224	21054
bırlese	196	40146
bırlesken	186	26572
bırlestıgı	197	41603
bırlestıgınıñ	209	63031
bırlestık	181	21057
bırlestıkter	194	37122
bırlesu	219	81012
bırlesıp	181	21266
bırlıgı	165	10045
bırlıgın	189	30664
bırlık	154	5497
bırlıkke	197	41849
bırlıkte	193	36473
bırlıkten	217	77858
bırlıktı	204	54206
bırmen	219	81003
bırneşe	130	1174
bırneşeu	220	82114
bırnärse	143	2895
bırqabatty	229	93390
bırqalypty	181	21634
bırqatar	169	12577
bırret	171	13397
bırsaryndy	230	94527
bırsypyra	213	70481
bırtalai	182	22361
bırte	188	28975
bırtektes	223	86353
bırtektı	188	29038
bırtektılık	230	93911
bırtuar	205	54516
bırtürlı	132	1362
bırtındep	166	10453
bırtūtas	180	20769
bıryñğai	161	8260
bıräz	188	29749
bırı	231	3045
bırıge	215	74398
bırıgu	201	48041
bırıguı	206	57309
bırıgıp	158	6931
bırıkken	171	13417
bırıkse	222	85092
bırıktıru	186	27470
bırıktıruşı	223	86897
bırıktırıp	181	20966
bırımen	169	12203
bırımın	212	68775
bırımız	179	3048
bırımızben	193	36183
bırımızden	186	27629
bırımızdı	144	3050
bırımızdıñ	180	20238
bırımızge	149	4176
bırın	231	6240
bırınde	181	21297
bırındı	205	55468
bırıne	231	8963
bırınen	163	8964
bırınıñ	173	15046
bırınşı	231	6242
bırınşıde	207	9042
bırınşıden	163	9043
bırınşıge	207	57955
bırınşılık	197	41948
bırınşısı	156	6244
bırınşısın	171	13769
bırınşısınde	191	33385
bırınşısıne	202	50102
bırısıñ	216	74571
bırızdı	225	77480
bırızdılık	217	77483
bırıñdı	178	18973
bırıñe	181	21786
bırıñmen	212	68961
bırıñnen	206	56968
bırıñnıñ	210	65300
bırıñğai	177	17894
bırıñızge	223	85960
bırıñşı	187	28216
bırşama	172	14064
bırşılık	218	78696
bısmıllä	226	89902
bıte	171	2192
bıted	173	2193
bıtedı	139	2194
bıteiın	175	16289
bıtelıp	186	27209
bıtem	191	32680
bıtema	201	48786
bıteme	222	85735
bıtep	210	65463
bıter	197	41241
bıtesıñ	211	66881
bıtet	172	12418
bıtetın	169	12420
bıteu	205	55397
bıtkelı	223	87006
bıtken	133	1423
bıtkende	167	11181
bıtkenge	217	77627
bıtkennen	183	23218
bıtkensoñ	189	30669
bıtkenı	211	55597
bıtkenın	205	55598
bıtkenıne	221	82919
bıtkenşe	172	14204
bıtkesın	170	12752
bıtpedı	174	15507
bıtpedım	203	51898
bıtpedıma	211	66707
bıtpegen	188	29842
bıtpei	160	8013
bıtpeidı	171	13711
bıtpeitın	169	12088
bıtpes	213	43089
bıtpese	204	52740
bıtpesın	198	43091
bıtpi	193	36865
bıtse	155	5967
bıtsem	199	45420
bıtseñ	201	47800
bıtsın	158	6917
bıttı	113	401
bıttık	183	22976
bıttım	150	4262
bıttıma	231	95994
bıttıp	192	34112
bıttıñ	163	9317
bıttıñba	192	35032
bıttıñder	202	50370
bıttığo	193	36177
bıttığoi	211	65611
bıtu	189	30646
bıtuge	194	36992
bıtuı	208	36009
bıtuıne	193	36011
bıtık	222	85236
bıtım	190	31445
bıtımgerler	199	45162
bıtımgerlık	227	90605
bıtıp	121	584
bıtıptı	196	40641
bıtır	174	1010
bıtırdı	180	12125
bıtırdık	196	40846
bıtırdım	169	12126
bıtırdıñ	177	17857
bıtırdıñba	209	61600
bıtırdıñder	217	76428
bıtırdıñız	212	67675
bıtıre	167	10940
bıtıredı	190	32523
bıtıreiık	206	57356
bıtıreiın	197	41783
bıtırem	181	20914
bıtıremız	194	37524
bıtıresıñ	198	42935
bıtıretın	191	33524
bıtırgelı	219	80594
bıtırgem	209	62901
bıtırgen	159	7531
bıtırgende	195	38538
bıtırgender	222	85606
bıtırgennen	203	51886
bıtırgenı	228	92402
bıtırgenşe	199	45769
bıtırgesın	205	55151
bıtırmei	202	50725
bıtırse	210	46818
bıtırsek	213	69170
bıtırsem	200	46819
bıtırseñ	212	67583
bıtırsın	211	65702
bıtıru	170	12949
bıtıruge	197	41913
bıtırulerıñmen	230	93615
bıtıruım	206	56493
bıtıruıñe	226	90319
bıtıruıñmen	210	63518
bıtıruşı	208	60121
bıtırıp	128	1012
bıtırıs	214	72334
bıtırıñder	213	69363
bıtırşı	226	89635
bıtısımen	230	94367
bız	231	1493
bızben	143	2910
bızde	231	1495
bızdede	145	3397
bızdegı	178	18936
bızdegıler	219	80454
bızden	134	1496
bızdende	204	54026
bızder	148	3796
bızderde	187	27816
bızderden	216	74705
bızderdı	192	34562
bızderdıkı	209	63282
bızderdıñ	206	57489
bızderge	180	20544
bızdı	231	1503
bızdıde	186	27635
bızdık	206	1504
bızdıkı	134	1505
bızdıkıde	188	29362
bızdıkıler	163	9002
bızdıkılerde	209	63011
bızdıkılerge	218	78382
bızdıkın	185	20515
bızdıkınde	198	43771
bızdıkındei	205	54431
bızdıkıne	180	20516
bızdıkınen	210	64140
bızdıkınıñ	217	77615
bızdın	149	4253
bızdıñ	231	36368
bızdıñde	193	36370
bızge	231	4493
bızgede	150	4495
bızje	223	86304
bızsız	201	48455
bızşe	191	33789
būdan	134	1500
būdanda	169	12476
būdyr	226	90208
būhar	205	55697
būira	179	19848
būirabas	220	82882
būiralau	224	87515
būirsa	169	12199
būirtsa	195	39658
būiryq	158	7074
būiryqqa	197	42585
būiryqty	202	49630
būiryğy	198	43799
būiryğymen	208	60854
būiryğyn	216	75769
būiryğyna	227	90806
būiy	227	1978
būiym	175	15660
būiymdar	174	15663
būiymdaryn	199	45559
būiymdarğa	223	86826
būiymdy	192	34968
būiymtai	213	70520
būiyr	215	1979
būiyra	212	37020
būiyrady	194	37022
būiyrar	213	70611
būiyrdy	208	59759
būiyrma	217	35078
būiyrmady	209	63021
būiyrmai	200	47317
būiyrmaityn	230	94698
būiyrmasyn	217	77535
būiyrmañyz	220	81737
būiyrmağan	192	35081
būiyrsa	231	94755
būiyrsyn	137	1982
būiyrtqan	201	49203
būiyrtqany	205	55096
būiyrtqanyn	227	91060
būiyrtsa	231	95034
būiyrtsyn	186	26970
būiyrtyp	177	17922
būiyru	223	86211
būiyryp	181	21287
būiyrğan	162	6357
būiyrğany	156	6358
būiyrğanyn	177	17673
būjy	224	88026
būl	231	2305
būla	216	2306
būlai	231	92306
būlaişa	228	92308
būlan	203	51730
būlandai	220	82406
būlaq	183	23456
būlaqqa	220	82825
būlaqtai	227	90945
būlaqtan	230	94082
būlaqty	217	67034
būlaqtyñ	211	67035
būlar	139	2307
būlarda	188	29114
būlardy	168	11795
būlardyñ	170	12787
būlarmen	214	72388
būlaryñ	218	79169
būlarğa	180	20376
būlağy	200	46314
būlbūl	231	97515
būlda	155	6034
būldanyp	192	34309
būldyr	208	35625
būldyrap	193	35627
būljytpai	212	68723
būlqan	224	87343
būlt	176	16777
būlttanyp	219	80764
būlttar	197	42441
būltty	193	36434
būlttylyq	210	64677
būlyñğyr	199	44531
būlğap	212	68025
būlğyn	215	73485
būlşyq	155	5960
būlşyqet	188	28962
būlşyqetter	207	58266
būnda	179	19363
būndai	231	28785
būndaida	209	62642
būndaidy	187	28787
būndailar	207	58045
būndailardy	211	65771
būndaiğa	205	55608
būny	231	4309
būnymen	202	50482
būnyñ	150	4310
būqa	175	16212
būqar	185	24914
būqara	212	24915
būqaralyq	184	24918
būqtyrma	216	76237
būqtyryp	225	89092
būranda	224	87046
būrap	197	41343
būratala	211	65900
būrau	213	69338
būrhan	229	92740
būrma	211	66154
būrmai	224	87183
būrmalap	214	71918
būrq	211	66300
būrqasyn	215	74443
būrqyrap	212	67938
būrqyratyp	218	78362
būrtiyp	192	34596
būrtiğanyñdy	210	64243
būru	184	24148
būrylu	201	48034
būrylyp	179	19683
būrylys	210	64395
būrylğan	222	85650
būrym	227	77244
būrymdy	217	77246
būryn	231	3543
būrynan	180	20704
būrynda	150	4497
būryndary	187	28306
būrynnan	146	3546
būrynyraq	223	86476
būrynğy	231	5188
būrynğydai	153	5191
būrynğydan	190	32379
būrynğylar	210	65362
būrynğyny	205	54634
būrynğynyñ	213	70634
būrynğysy	203	52252
būrynğyşa	192	34294
būryp	180	20597
būrys	168	11624
būryñğy	165	10109
būryñğydai	195	39187
būryş	162	8525
būryşqa	187	28408
būryşta	193	36075
būryştama	230	94010
būryşty	177	17888
būryştyq	208	60980
būryştyñ	196	40620
būryşy	180	20382
būryşyna	200	46266
būryşynda	207	58030
būrğan	217	77389
būrğy	228	51573
būrğylau	203	51576
būrşaq	183	23030
būrşaqqyn	229	92822
būt	206	57031
būta	221	66159
būtalar	228	91857
būtaly	225	88373
būtaq	211	66160
būtağy	217	77847
būtqa	219	80278
būz	220	3937
būza	194	15108
būzady	192	34926
būzaqy	221	82894
būzaqylyq	220	82897
būzar	218	78330
būzatyn	200	47375
būzau	173	15109
būzaudy	211	65756
būzauly	218	78704
būzauğa	213	69396
būzba	214	46861
būzbai	200	46862
būzbaidy	228	92300
būzdy	201	48237
būzdym	219	80946
būzdyñ	210	64369
būzu	188	29213
būzuğa	203	51454
būzuşylyq	192	34202
būzyla	218	15373
būzylady	174	15375
būzylama	230	94571
būzyldy	192	34601
būzylmai	217	76416
būzylmaidy	217	76418
būzylsa	204	54124
būzylu	205	16337
būzyluy	175	16338
būzylyp	148	3941
būzylysy	207	58959
būzylğan	177	17395
būzyp	159	7423
būzyq	152	4834
būzyqtyq	214	71303
būzyğym	175	15874
būzğan	191	33545
būzğym	216	74638
būğa	222	3704
būğan	147	3705
būğana	201	47933
būğanda	196	41020
būğattap	199	45691
būğaz	228	92170
būğy	200	46808
būğybai	205	54556
būğyp	217	77461
da	231	203
daby	225	32555
dabyl	190	32556
dabyr	229	93419
dada	169	12110
dadite	196	39815
dadut	184	24157
dahuia	159	7248
dai	231	4813
daia	201	6430
daiana	156	6432
daiar	203	16568
daiarlau	193	35763
daiarlyq	176	16571
daiarlyqqa	228	92575
daiaşy	217	77105
daimond	202	49465
daindal	195	36976
daindalu	194	36977
daindalyp	194	37596
daindyq	205	54980
dairekt	170	12775
dairektke	231	97460
daite	231	95519
daiu	174	14997
daiut	173	14998
daiyn	231	4815
daiynba	184	24741
daiynbyz	166	10761
daiynda	178	4817
daiyndadym	203	50984
daiyndadyñ	211	65562
daiyndai	167	11172
daiyndaidy	185	26193
daiyndaimyn	192	34971
daiyndaimyz	196	40163
daiyndaisyz	221	83306
daiyndaityn	194	37626
daiyndaiyn	196	39824
daiyndaiyq	223	86101
daiyndal	231	7220
daiyndala	159	7365
daiyndalady	193	36621
daiyndalain	227	91093
daiyndalaiyn	190	31811
daiyndalaiyq	196	39757
daiyndalam	184	18770
daiyndalamyn	201	48822
daiyndalamyz	178	18772
daiyndalasyñ	216	74778
daiyndalatyn	190	31727
daiyndaldy	204	53439
daiyndaldym	205	55348
daiyndaldyn	228	92060
daiyndaldyq	213	70435
daiyndaldyñ	208	61036
daiyndalmadym	215	74361
daiyndalmai	205	54760
daiyndalmaisyñ	229	93589
daiyndalmağan	227	90849
daiyndalsai	221	83663
daiyndalsam	218	78870
daiyndalsyn	203	51672
daiyndalu	158	7221
daiyndaluy	213	48983
daiyndaluym	201	48984
daiyndaluğa	192	34368
daiyndalyp	231	94952
daiyndalyñdar	185	26056
daiyndalyñyz	216	75162
daiyndalğan	176	16864
daiyndalğanda	221	84283
daiyndap	231	94946
daiyndau	151	4818
daiyndauym	215	73852
daiyndauğa	188	29713
daiyndauşy	226	89679
daiyndañdar	206	57147
daiyndağan	174	15594
daiyndy	214	18613
daiyndyq	231	18614
daiyndyqpa	225	88875
daiyndyqpen	208	60897
daiyndyqqa	178	18616
daiyndyqsyz	212	67272
daiyndyqta	206	56547
daiyndyqtan	206	57127
daiyndyqtaryñ	224	87563
daiyndyqty	193	36026
daiyndyğy	189	31347
daiyndyğyn	205	54926
daiyndyğyna	218	78141
daiyndyğyñ	221	83129
daiynmyn	231	95192
daiynsyn	199	45114
daiynsyz	199	44670
daiynsyñ	175	15907
daiynsyñba	195	39483
daiynsyñdar	193	36712
daiyny	193	36387
daiynğa	211	66100
daiyr	218	78440
daje	104	205
dake	231	96584
dako	160	7880
dakoş	191	33324
dakumentı	222	84868
dal	231	2730
dala	231	18025
dalada	231	24983
daladan	231	96066
daladağy	184	24985
dalai	229	93149
dalaly	218	44643
dalalyq	199	44644
dalany	177	18027
dalanyñ	231	97488
dalasy	200	42561
dalasynda	197	42564
dalağa	231	94898
dalba	206	2732
dalbaeb	142	2734
dalbaiub	228	92231
dalee	173	14599
daleko	231	96744
dali	231	96219
dalp	224	87982
dam	231	2085
dama	174	15457
damai	220	81554
damba	220	81544
damelia	216	75513
dametken	198	43660
dameş	205	55294
dami	231	37896
damir	231	37897
damira	231	96168
damirge	194	37899
damoi	186	27044
damu	142	2686
damuda	200	46331
damudyñ	180	20678
damuy	151	4607
damuyna	157	6608
damuynda	192	34615
damuynyñ	171	13662
damuşy	205	55663
damy	197	2086
damyl	206	56133
damylsyz	225	88275
damyp	162	8473
damyta	187	28693
damytady	195	38264
damytu	138	2088
damytuda	205	55621
damytudyñ	188	29720
damytuğa	167	11297
damytuşy	202	49929
damytyp	176	17068
damyğan	156	6247
dan	231	3509
dana	231	21192
danada	206	36004
danadan	193	36005
danagul	200	47319
danagöi	226	89677
danagül	181	21195
danalar	215	74545
danalyğy	207	58233
danamen	197	42293
danany	190	32080
danara	188	29585
danasy	208	60697
danağa	182	22093
dane	205	45512
danelia	199	45515
dania	177	17450
danial	231	96874
daniia	231	73413
daniial	231	96367
daniiar	231	73414
daniiarda	219	73416
daniiardan	215	73417
danik	231	96893
danil	231	97616
dannoe	231	97386
dannye	159	7475
dannyh	176	16911
dannyi	146	3512
dannyidy	205	54572
dannyilardy	218	78594
dannyilaryn	203	52615
danoşka	214	72340
danu	231	95901
danyşpan	189	30821
danşik	184	24317
danşo	163	9020
dap	231	95954
daqa	220	82636
daqsy	231	96991
daqta	206	56562
daqtar	211	66537
daqtardy	225	88299
daqty	222	84424
daqyl	205	54809
daqyldar	210	64580
daqyldarynyñ	220	81619
dar	231	4356
dara	156	6405
daraboz	212	69128
daralyq	204	52694
darbaza	200	46959
darbyz	208	60018
darda	231	39401
dardai	195	39402
dardy	188	29350
dardyñ	203	51315
darhan	231	35525
darhanda	207	59081
darhanmen	207	58303
darhannan	211	66031
darhannyñ	193	35528
dari	231	4357
daribaeva	225	88691
dariga	231	97273
dariia	150	4359
dariianyñ	205	54873
dariiağa	209	63288
darina	164	9798
dariğa	231	58053
dariğany	216	58055
dariğanyñ	207	58056
dariğağa	212	67461
darmen	182	22121
darqan	214	72547
daru	217	78039
darvin	212	67758
daryn	231	11769
darynda	192	34247
daryndy	168	11771
daryndylyq	219	80389
darynnan	196	40718
darynnyñ	194	37641
daryny	211	65809
darynyn	224	87584
darynğa	178	19031
darğa	179	19667
darşy	207	57967
dastan	135	1691
dastanda	214	71610
dastannyñ	196	40401
dastanğa	196	40061
dastar	218	2993
dastarhan	144	2996
dastarhanda	192	35344
dastarhannan	215	72844
dastarhannyñ	211	66281
dastarhany	208	61372
dastarhanyn	215	74023
dastarqan	197	42318
dastarqandy	227	91338
dat	185	7096
data	158	7097
datany	215	74110
datasyn	201	48617
datqa	217	77006
dattau	230	94208
datu	187	28857
daty	193	36336
datşik	179	19587
datūly	190	31940
dau	231	2144
daua	173	15057
dauka	186	26899
dauken	200	47438
daulasyp	217	76325
daulet	231	33194
daulethan	203	51294
dauletke	191	33196
dauletova	214	71121
dauletpen	208	61197
daulette	215	55232
dauletten	205	55233
daulettı	207	44032
daulettıñ	198	44033
dauly	214	71696
dauren	231	39362
daurenbek	206	57693
daurende	222	84380
daurendı	215	74312
daurenge	195	39364
daurenmen	212	68689
daurennıñ	210	64225
dauryqpa	227	91130
daustar	219	80093
dausy	231	2146
dausyda	211	65801
dausym	149	4060
dausymdy	177	18087
dausymen	207	58801
dausyn	138	2147
dausyna	231	22272
dausynan	182	22273
dausyndy	172	14354
dausynnan	217	77672
dausyz	208	60968
dausyñ	231	6692
dausyñdy	157	6694
dausyñnan	188	29497
dausyñyz	165	10086
dausyñyzdy	190	32498
dauy	203	2854
dauyl	180	20004
dauyldy	218	79701
dauylpaz	202	50287
dauys	231	2855
dauyspen	186	27314
dauysqa	195	38886
dauyssyz	174	15598
dauystap	187	28007
dauystar	198	25468
dauystary	185	25469
dauystaryn	199	45715
dauystaryñ	199	44450
dauystaryñdy	207	59000
dauysty	160	7882
dauysy	143	2856
dauysym	164	9791
dauysymdy	190	32452
dauysymen	213	70245
dauysymyz	224	87828
dauysyn	153	5302
dauysyna	188	29623
dauysyndy	191	33637
dauysyñ	162	8500
dauysyña	212	67285
dauysyñdy	231	96932
dauysyñnan	204	53898
dauysyñyz	175	16348
dauysyñyzdy	204	54066
dauğa	214	71452
davai	231	94716
davaite	231	94948
david	178	19109
davlenie	144	3162
davleniem	174	15340
davleniemen	218	78812
davleniesı	190	31844
davlenieñ	213	69657
davleniia	181	20930
davleniiam	208	60766
davleniiasy	209	62401
davno	231	95302
dañ	211	60515
dañq	216	67075
dañqty	211	67077
dañğoi	210	63929
dañğyl	210	60518
dañğyly	208	60519
daöt	186	27339
daöte	213	69704
dağdarys	187	27927
dağdarysty	212	68127
dağdy	197	23576
dağdylandyru	208	59699
dağdylanu	223	86378
dağdylar	203	23579
dağdylardy	202	49444
dağdylary	195	23580
dağdylaryn	183	23581
dağdyly	219	81353
dağdynyñ	227	91241
dağdysy	200	47477
dağdysyn	203	52140
dağy	231	95556
daşa	231	36647
daşada	193	36649
daşağa	201	48017
de	231	237
debatta	227	90557
debatty	230	93881
debet	214	71324
debily	193	36394
debiut	199	45613
deda	182	22183
dede	186	26774
dedı	231	9473
dedık	164	9474
dedım	231	26398
dedıma	231	96575
dedımba	231	97393
dedımda	186	27614
dedıme	200	46523
dedımğo	231	26400
dedımğoi	186	26401
dedın	231	96965
dedıñ	231	40426
dedıñder	197	42382
dedıñğo	231	40428
dedıñğoi	196	40429
dedıñız	231	87493
dedıñızder	224	87496
dedığo	231	21204
dedığoi	181	21205
deeprişastie	217	77818
defakto	222	84379
defektolog	199	44593
defektologiia	216	75621
defisit	205	56106
defne	214	71946
deformasiia	195	38903
degdar	229	93155
degem	231	6251
degemgo	156	6253
degemğo	168	11525
degemğoi	185	26228
degen	231	808
degenba	171	13726
degenbız	176	16928
degende	231	49535
degendegı	202	50708
degendei	231	95225
degender	231	49536
degenderde	210	49538
degenderden	202	49539
degenderdı	231	96882
degenderın	210	63631
degenderıñız	216	74988
degendñ	221	83740
degendı	231	94905
degenem	202	49702
degenge	231	94987
degenmen	141	2635
degenmende	206	57710
degenmın	159	7278
degennen	149	4245
degennıñ	160	7796
degensoñ	182	22242
degensız	195	39182
degensıñ	173	14802
degenğo	182	22416
degenğoi	198	43124
degenı	142	809
degenım	231	810
degenımde	207	59024
degenımdı	197	42583
degenıme	196	40135
degenımen	199	45819
degenımğo	175	16445
degenımğoi	182	22149
degenımız	126	812
degenın	231	22343
degenıne	182	22344
degenıñ	143	2921
degenıñde	213	70227
degenıñdı	184	24783
degenıñe	176	17185
degenıñız	182	22176
degenıñızdı	214	71412
degenıñızge	209	63142
degenşe	140	2332
deger	190	31832
degesın	231	96308
degesıñ	208	60455
degradasiia	229	93338
degı	157	6664
degım	168	11602
degın	200	46180
degısı	209	62121
degıñ	175	16051
degıñız	210	65095
dei	231	878
deidı	231	16999
deidığo	176	17001
deidığoi	180	20018
deima	152	5090
deime	186	27179
deimın	127	881
deimız	159	7583
deisn	181	21448
deistvie	165	10323
deistviia	168	11801
deistvuet	188	29283
deistvuiuşii	215	73769
deisın	171	13715
deisız	156	6234
deisızba	215	73012
deisızbe	221	83234
deisızder	199	45762
deisıñ	231	26639
deisıñba	186	26641
deisıñbe	200	47484
deisıñder	188	28978
deisıñğo	187	28443
deisıñğoi	202	49358
deitın	140	2320
deitındei	185	25497
deitınder	195	38614
deitınmın	220	81721
deiñn	206	57109
deiı	202	2375
deiık	191	33093
deiın	231	2376
deiınba	198	43288
deiınde	221	83516
deiıngı	140	2378
deiıñ	178	18527
dejurnyi	175	16317
dejurstva	209	62260
dejurstvada	230	93834
dejurstvo	196	39803
dekabria	154	5445
dekada	224	87191
dekan	191	33491
dekanat	208	60408
dekanatqa	217	77770
dekanğa	220	82801
deklarasiia	197	41482
dekor	192	34114
dekret	179	8991
dekretke	163	8993
dekretnyi	185	26044
dekrette	180	20088
dekrettegı	199	44815
dekretten	206	57130
dekrettık	213	69369
del	231	238
dela	107	239
delaem	167	11295
delaet	153	4098
delaete	149	4099
delaetsia	191	32915
delai	159	4487
delaite	182	22166
delaiu	150	4488
delaiut	163	9100
delal	163	7584
delala	159	7585
delali	173	14886
delam	179	19814
deldal	224	87067
delegasiia	228	91737
delegat	228	92608
deliatsia	205	54414
delişki	183	23223
delo	151	4691
delovoi	191	33776
delık	190	32431
delınedı	216	75886
delıngen	189	30874
dem	126	348
demal	231	350
demala	165	10106
demalady	182	21951
demalaiyn	185	25908
demalaiyq	196	40663
demalamyn	191	33552
demalamyz	181	21125
demalasyn	203	52369
demalasyz	206	57038
demalasyñ	187	28756
demaldym	195	38318
demaldyq	212	68560
demaldyryp	214	72361
demaldyñ	182	22364
demaldyñba	215	74051
demaldyñyz	201	48801
demalmaisyñ	218	79167
demalsa	215	43636
demalsai	198	43637
demalsam	210	64023
demalsañ	216	75712
demalsyn	189	30137
demalu	170	12895
demaluğa	184	24795
demalyp	231	94999
demalys	111	352
demalyspa	186	26863
demalysqa	170	12663
demalyssyz	209	62329
demalysta	150	4427
demalystamyn	217	77657
demalystan	212	67955
demalystaryñ	203	51416
demalysty	200	47433
demalystyñ	220	82701
demalysy	201	48542
demalysym	210	63642
demalysyn	209	61997
demalysyna	221	84271
demalysynda	213	69178
demalysyñ	202	49695
demalysyñyz	202	49697
demalyñdar	189	31304
demalyñyz	168	11558
demalyñyzdar	209	63346
demalğan	187	28860
demalğanda	198	42993
demalğym	206	57721
demalşy	205	55182
dembele	227	91607
demde	182	21870
demdep	199	44611
demdı	210	64118
deme	231	11439
demedı	167	11441
demedık	222	84747
demedım	231	96853
demedıñ	171	13675
demedıñba	198	43850
demedıñız	208	60832
demegen	185	25648
demei	231	15518
demeidı	174	15520
demeimın	176	17278
demeimız	211	66071
demeisız	208	60011
demeisıñ	177	18053
demeisıñba	214	71737
demeitın	190	31477
demek	231	78616
demekşı	231	78618
demekşısıñ	218	78621
demep	191	33407
demese	181	20961
demesem	195	39602
demesen	201	47799
demeseñ	189	30926
demesın	195	39174
demeu	175	16298
demeulık	204	52987
demeuşı	210	63940
demeuşılerge	220	82201
demeuşılık	223	87042
demeñder	200	46354
demeñız	183	23603
demeñızder	217	77473
demeñızşı	203	52535
demeş	231	95861
demografiia	214	39338
demografiialyq	195	39341
demokratiia	197	42411
demon	231	24423
demonstrasiia	184	24431
demı	203	17775
demıkpe	228	92392
demın	177	17776
demıñ	219	73835
demıñdı	215	73837
den	231	871
denderı	189	19777
denderıñ	179	19778
denderıñe	204	53176
denderıñız	200	46351
denderıñızge	205	55257
dene	231	5739
deneden	183	22992
deneg	231	95703
denege	231	96602
deneler	194	18196
denelerdıñ	177	18199
denelerı	209	63234
denelı	195	38911
denem	231	39999
denemde	219	81258
denemdı	196	40001
deneme	204	53491
denemnıñ	212	67267
denen	182	5740
denenı	231	5741
denenıñ	154	5742
denesı	231	21051
denesın	181	21052
denesındegı	208	60617
denesıne	192	34817
denesınen	216	75177
denesınıñ	188	29913
deneñdı	192	34745
deneñe	213	70016
deneñnıñ	222	84851
denis	181	21229
deniz	200	46455
dennıñ	213	69372
densaulyq	231	12692
densaulyqqa	175	16016
densaulyqtan	217	77957
densaulyqtary	194	12696
densaulyqtaryn	207	58474
densaulyqtaryñ	170	12697
densaulyqtaryñyz	173	14796
densaulyqty	180	20389
densaulyqtyñ	193	36134
densaulyğy	144	1465
densaulyğym	186	26411
densaulyğyma	200	46661
densaulyğymdy	212	67710
densaulyğyn	166	10762
densaulyğyna	177	17743
densaulyğyñ	133	1466
densaulyğyña	204	53266
densaulyğyñdy	189	30235
densaulyğyñyz	141	2609
densaulyğyñyzdy	209	63190
densaulyğyñyzğa	217	77180
denı	231	872
denımız	185	26251
denısau	209	62826
denıñ	127	873
denıñe	162	8778
denıñız	231	95855
denıñızge	231	97331
dep	231	1475
departament	193	36262
departamenta	218	78089
departamentı	211	65706
departamentınıñ	215	72857
depo	208	13597
depozit	171	13600
depozitke	197	41938
deppa	231	95380
deppın	179	19584
depressiia	173	14534
depressiiada	213	70710
depressiiağa	204	54315
depsız	191	33181
depsıñ	182	22670
depte	165	9929
deptı	134	1477
deputat	175	16226
deputattar	204	51076
deputattary	203	51077
deputattarynyñ	209	62323
deputattyñ	227	90919
deputaty	200	46905
der	231	4019
derbes	171	13263
derbestık	221	83346
derde	161	8138
derden	196	40651
dere	221	7762
derek	180	7763
derekköz	219	80872
dereksız	212	67251
derekter	160	7766
derekterdı	181	21199
derekterdıñ	209	62341
derekterı	203	52594
derektor	198	43186
derektı	176	17323
dereu	173	14546
derevne	193	36087
derevnia	197	41815
derevo	177	17710
derge	231	97217
derjava	220	82409
derji	185	25402
derju	202	49674
derlık	189	30333
dermatit	213	69653
dermatolog	207	58923
derme	149	4021
dermen	202	49705
dermene	222	85175
dert	158	7238
dertke	198	42808
derttı	221	83994
derzai	199	44511
derzkaia	186	27236
derzkii	153	5352
derzko	179	19397
derı	193	29466
derımdı	188	29469
desant	224	87377
dese	231	1596
desede	166	10524
desedı	201	48783
desei	134	1597
deseişı	191	32836
desek	231	35352
desekte	192	35354
desem	231	7158
desemde	158	7160
desen	231	20762
desende	185	20764
desender	180	20765
desenşı	222	85537
deseñ	231	12302
deseñde	177	12304
deseñder	169	12305
deseñız	231	15437
deseñızde	209	18518
deseñızder	178	18519
deseñızşı	174	15439
despm	220	82621
desın	180	20496
desıñ	195	38930
det	231	1437
detdomğa	226	90087
detei	135	1693
detektiv	185	26236
detektor	229	93104
detektorly	230	94499
deti	133	1438
detiam	166	10560
detka	231	95951
detki	192	34156
detskaia	172	14224
detski	168	10755
detskie	166	10756
detskii	196	39677
detskoe	193	35902
detstva	182	22206
detstve	188	29073
detstvo	180	20177
deu	231	4850
deuden	210	63609
deudı	208	35690
deudıñ	193	35691
deuge	152	4852
deuı	200	37678
deuım	194	37679
deuşı	169	11958
deuşıler	169	12014
deuşılerge	207	58297
devatrm	158	7185
deviz	215	74168
devka	182	22888
devku	212	68288
devoşek	231	96570
devoşka	231	95346
devoşki	231	95660
devuşek	231	96674
devuşka	231	94994
devuşki	231	95819
devuşkoi	179	19142
devuşku	231	96431
devy	220	81555
devşata	194	38035
devşka	203	51143
devşonki	189	30434
dezinfeksiia	197	42126
dezinfeksiialau	222	85771
dezodorant	201	48402
deñ	202	8616
deñgei	231	8619
deñgeide	164	9481
deñgeidegı	179	19471
deñgeige	186	26881
deñgeilep	230	94186
deñgeilık	200	45960
deñgeiı	162	8620
deñgeiın	172	13997
deñgeiınde	189	30069
deñgeiındegı	207	58557
deñgeiıne	181	21657
deñgeiınen	204	53466
deñgeiınıñ	189	31098
deñız	180	19973
deñızşı	183	24015
deş	231	7465
deşevle	186	27081
deşı	159	7466
diabet	200	46124
diadema	225	89424
diadia	173	15137
diafragma	216	75933
diagnostika	179	19735
diagnostikalyq	198	42914
diagnostikasy	210	63672
diagnostikağa	217	76555
diagnoz	231	51948
diagnozy	203	51949
diagnozyn	210	63718
diagramma	181	20876
dialekt	173	14643
dialektika	214	71146
dialektikalyq	220	82779
dialog	157	6744
dialogi	226	90453
diametrı	186	27309
dian	177	17886
diana	231	45176
dianada	206	45178
dianadan	199	45179
diapazon	210	64417
diar	185	25422
dias	231	76340
diaspora	223	86603
diastar	217	76343
diasty	231	97597
dibala	219	80570
dida	209	18955
didaktika	205	18960
didaktikalyq	178	18963
didar	231	39329
didara	211	65505
didardyñ	197	42545
didarly	229	92950
didarğa	195	39331
didjei	211	67030
didığo	162	8495
die	200	5842
dieie	200	97682
dielektrlık	230	94236
dieta	155	5844
dietalyq	213	70952
dietağa	209	61723
diez	220	81514
differensial	228	92169
diffuziia	177	17941
difraksiia	222	84755
difteriia	211	65941
diftong	226	90476
diiar	177	17420
diiara	194	38113
diias	231	96563
diko	231	55905
dikolar	230	93634
dikonyñ	209	63269
dikoğa	205	55907
dikoş	231	96226
diksiia	207	58912
diktant	157	6915
diktator	221	83830
diktatura	217	76879
diktofon	203	52532
diktor	214	71787
dilfuza	201	47605
dilia	231	5430
dilianyñ	222	84934
diliara	154	5432
diliağa	216	76056
dilnaz	164	9801
dima	231	34662
dimaş	231	34663
dimaşa	207	59450
dimaşqa	198	43760
dimaştyñ	192	34666
dimedrol	211	65995
dimız	178	18597
dina	231	30460
dinada	204	52799
dinadan	204	53818
dinamen	210	64955
dinamik	203	30937
dinamika	202	30938
dinamikalyq	189	30941
dinamit	199	44807
dinamo	190	31547
dinamometr	228	92158
dinanyñ	191	33279
dinara	231	46729
dinarada	211	46731
dinaradan	200	46732
dinaramen	201	47971
dinaramyn	228	91704
dinastiia	226	90445
dinağa	189	30462
dingo	221	84076
dinka	194	37758
dinozavr	191	33419
dinozavrlar	225	88771
diplom	139	2317
diploma	220	44603
diplomat	218	44604
diplomatiia	223	44607
diplomatiialyq	199	44610
diplomda	222	61569
diplomdar	209	61570
diplomdaryn	219	81268
diplomdy	186	27284
diplomdyq	200	46289
diplommen	186	27189
diplomnyi	219	80429
diplomnyñ	214	72550
diplomy	187	28139
diplomymdy	221	83439
diplomyn	196	40705
diplomyñ	209	63297
diplomyñdy	220	81817
diplomğa	195	38929
diqan	218	79647
direkt	186	1548
direktor	134	1550
direktora	190	31897
direktorda	215	48142
direktordan	201	48143
direktordy	210	19802
direktordyñ	179	19803
direktorlar	204	53044
direktorlyq	229	92695
direktormen	203	51060
direktoru	205	55278
direktory	173	14774
direktoryna	219	80276
direktorğa	170	12875
dirijer	221	83858
dirol	228	92363
disk	166	10805
diska	193	36178
diski	187	27717
diskke	221	84174
disko	185	17797
diskomfort	221	83806
diskoteka	177	17801
diskotekada	222	85036
diskoğa	230	94380
diskriminasiia	226	89983
diskı	212	67543
diskıge	227	90546
diskısı	226	90412
diskısın	230	94677
disnei	183	23843
dispanser	224	87478
dispanserlık	230	94356
dispersiia	226	89468
dispetşer	198	42765
displaziia	213	70151
displei	200	46412
dissertasiia	208	61488
dissimiliasiia	228	92434
dissosiasiialanu	221	83282
distansiia	201	48856
disıñ	131	1260
disıñba	178	18810
ditın	148	3855
diuana	230	94412
diuşes	230	94404
divan	231	28281
divannan	212	67879
divannyñ	197	41826
divanğa	187	28283
diviziia	224	88049
diviziiasy	225	88670
dizain	159	7422
dizainer	174	15723
dizainy	203	51122
dizainyn	217	77864
dizzi	216	76148
diın	143	2928
diırmen	220	82171
djambula	220	82753
djamilia	216	74624
djastin	209	62857
djazovyi	205	54819
djeims	200	46824
djein	211	67045
djek	186	26632
djekpot	193	35500
djekson	195	39367
djem	206	57304
djemper	217	77050
djenni	231	95766
djerri	231	97438
djessika	227	90580
djigi	231	95759
djin	231	90188
djinn	200	97680
djinsah	230	94008
djinsovka	226	90193
djinsy	231	96660
djiraia	202	50634
djodjo	219	80633
djoker	80	85
djon	231	91664
djona	228	91665
djoni	231	96312
djordj	206	57348
djovana	229	93133
djovanna	210	65134
djuli	230	93822
djungli	209	63323
dlia	231	94743
dlina	177	17618
dlinnye	188	29383
dmitrii	190	31946
dmm	231	96875
dne	196	1435
dnei	146	3406
dnem	133	1436
dnevnik	178	18910
dnevnike	228	92369
dnevnoi	185	25430
dngen	222	84962
dni	231	1923
dnia	137	1924
dniah	180	20362
dniu	190	17484
dniuha	181	20856
dniuhasy	195	39088
dniuhoi	177	17487
dnk	188	28957
dno	198	43878
do	231	313
dobaldai	220	82813
dobavil	195	35061
dobavila	192	35062
dobra	193	8543
dobraia	162	8545
dobro	166	327
dobroe	110	328
dobrogo	176	16791
dobroi	231	96693
dobrye	189	30564
dobryi	111	343
dobrym	176	17209
dobym	228	92161
doda	206	57293
dodo	201	48329
doedu	207	58377
doehal	198	34316
doehala	197	41702
doehali	192	34317
dogovor	152	4975
dogovora	187	28739
dogovordy	198	44245
dogovorğa	200	47263
dohod	231	69312
dohody	213	69313
dohuia	183	23298
doiby	218	79304
doklad	189	31392
doktor	149	4081
doktorant	226	78859
doktorantura	218	78862
doktorlar	213	69916
doktorlyq	226	90240
doktory	200	46986
doktorğa	191	33750
dokument	134	1594
dokumentasiia	217	76701
dokumentke	198	43477
dokumentov	188	29062
dokumentpen	204	53434
dokumentte	211	27840
dokumentter	187	27841
dokumentterdi	227	91497
dokumentterdı	189	31311
dokumenttermen	220	82648
dokumentterı	209	41617
dokumentterımdı	222	85552
dokumentterın	197	41618
dokumentterıñdı	220	82822
dokumenttı	185	25641
dokumenttıñ	220	81997
dokumenty	161	8407
dokumentı	197	34999
dokumentım	228	90367
dokumentımen	226	90369
dokumentın	192	35000
dolan	217	75414
dolana	216	75415
dolg	159	7274
dolgi	190	31577
dolgih	190	31578
dolgo	231	95572
dolia	187	28091
doljen	142	2766
doljna	231	95725
doljno	160	7684
doljny	144	3146
dollar	160	7732
dollardy	215	73301
dollarmen	214	71239
dollarğa	206	56692
dollor	191	33047
doly	210	63524
dom	231	314
doma	109	315
domalap	182	22786
domalaq	158	7069
domalatu	223	86798
domalau	199	44985
domaşka	195	38470
domaşnie	180	20698
domaşnih	199	45815
domaşnii	231	96532
dombyra	147	3724
dombyradan	206	56233
dombyram	202	37699
dombyramen	194	37701
dombyranyñ	193	36576
dombyrağa	183	23917
dombyraşy	211	66531
dombyraşylar	228	91823
dome	167	11399
dominant	230	86988
dominantty	223	86990
domkrat	220	81496
domna	219	80116
domofon	186	27557
domoi	231	95235
domrabotnisa	225	88317
domu	176	17292
don	231	20068
donat	231	20070
donater	180	20072
doner	231	20747
donerde	217	77374
donerden	225	88302
donerdı	219	80881
donerge	180	20749
dop	142	2723
doplata	184	24781
dopolnenie	211	65541
doppen	190	31870
dopty	231	95777
dopusk	188	29371
doq	172	13916
dorama	231	95109
dorame	205	55148
doramy	231	97297
dorba	212	67913
doroga	179	5938
dorogaia	155	5940
doroge	178	18769
dorogi	185	14607
dorogie	173	14608
dorogo	173	6105
dorogoi	156	6106
dorogu	184	24155
doroje	187	28673
dorojka	198	43539
dorojnyi	200	46742
dos	231	1165
dosaev	216	75422
dosbol	175	16107
dosent	213	69305
dosjan	162	8721
doska	231	96803
dospa	213	70572
dospen	210	65262
dospyz	160	7916
dosqa	231	97037
dosroşno	204	52756
dossor	203	51586
dossorğa	227	91650
dossyz	201	47839
dostal	195	38773
dostan	190	32139
dostar	231	1168
dostarda	212	58038
dostardan	207	58039
dostardy	203	41576
dostardyñ	197	41577
dostary	152	1169
dostarym	130	1170
dostaryma	177	17862
dostarymdy	185	25505
dostarymen	231	97565
dostarymmen	176	16690
dostarymnan	200	45976
dostarymnyñ	185	26086
dostarymyz	199	44449
dostarymyzben	214	72642
dostaryn	231	42288
dostaryna	231	55940
dostarynan	205	55941
dostarynyñ	197	42290
dostaryñ	231	16725
dostaryña	176	16726
dostaryñdy	177	18159
dostaryñmen	190	31607
dostaryñnan	206	56144
dostaryñnyñ	192	34075
dostaryñyz	192	34940
dostaryñyzben	213	69604
dostaryñyzdy	210	63653
dostaryñyzğa	196	41180
dostarğa	187	27895
dostastyq	219	80566
dostastyğy	221	83184
dostasu	205	55055
dostasyp	190	31701
dostatoşno	177	17442
dostavka	231	20549
dostavkamen	180	20552
dostavkasy	194	37770
dostavkasymen	208	61296
dostavkasyn	212	68607
dostavkağa	200	46760
dostavkoi	190	31848
dostavku	183	23795
dostoino	184	24876
dostoinyi	195	39328
dostupen	188	29876
dostupno	196	40020
dosty	231	1506
dostym	231	97369
dostyq	134	1507
dostyqqa	231	97065
dostyğy	183	20937
dostyğymyz	181	20940
dosy	140	2430
dosyi	221	83859
dosym	231	6719
dosyma	231	96562
dosymda	202	50132
dosymdy	231	97487
dosymen	187	28107
dosymhan	214	72607
dosymjan	173	14650
dosymnan	194	36935
dosymnyn	194	37467
dosymnyñ	231	96955
dosymsyñ	157	6722
dosymyn	193	35813
dosymyz	190	32367
dosymyzdyñ	213	70314
dosyn	231	13401
dosyna	171	13402
dosynyñ	187	28738
dosys	222	84699
dosyñ	231	13529
dosyña	171	13530
dosyñda	220	82655
dosyñdy	179	19159
dosyñmen	196	40628
dosyñmyn	210	64976
dosyñnan	205	55976
dosyñnyñ	188	29536
dosyñyz	186	27267
dosyñyzdy	210	65285
dosyñyzdyñ	217	76445
dot	201	46757
dota	200	46758
doveriaiu	198	42801
doverie	193	36839
doveriia	195	38940
doz	225	47977
doza	201	47978
dozasyn	213	70156
dozor	226	90501
doñyz	213	69970
doñğalaq	201	49077
doğa	202	49543
doğal	206	57106
doğaly	229	93152
doğar	203	51013
doğaru	230	93939
doğaryp	230	94089
doşa	141	2632
doşam	189	30381
doşañ	214	71304
doşeri	190	31604
doşirak	191	33562
doşke	201	48682
doşki	191	34029
doşku	189	30933
doşu	199	44886
dpp	173	14561
dr	231	3482
draiver	221	83252
draka	186	27193
drako	177	9923
drakon	165	9924
drakona	195	39373
drama	174	15403
dramalyq	205	55888
dramaturg	207	58712
dramaturgiia	220	82902
dramma	222	85475
drap	229	92887
draşit	214	71514
drenaj	222	85789
drevnie	208	59987
drift	176	17081
drobilka	212	68652
dron	205	54435
drug	231	3484
druga	146	3485
drugaia	173	15097
drugie	149	4240
drugih	154	5575
drugimi	181	21027
drugoe	166	10386
drugogo	169	12350
drugoi	231	95547
drugom	160	7910
drugomu	174	15768
drugta	218	79096
drugu	169	12107
druguiu	169	12572
drujba	156	6231
drujbağa	223	86767
drujbu	190	32500
drujka	211	65776
druzei	222	84373
druziañda	230	93862
dsp	203	50937
du	159	940
dua	184	24864
duai	231	97586
dual	214	39784
dualap	196	39786
dualdy	216	75970
dualy	213	69480
dualğa	209	62006
duan	223	64347
duana	210	64348
dubai	231	35599
dubaida	203	52368
dubaidan	221	83424
dubaiğa	193	35601
dublikat	212	68658
dudar	230	93857
duet	169	11950
duga	186	27008
dugalova	222	84627
dugi	227	90690
duh	151	4562
duhi	151	4648
duhidıñ	220	81652
duhovka	191	32967
duhovkada	217	77325
duhovkağa	204	53830
duhovke	204	52796
duhtar	224	87804
duhym	188	29314
duhyn	194	38084
duhyñ	189	30550
duisenov	225	75942
duisenova	216	75943
dulat	231	29492
dulati	196	40364
dulatov	188	29494
dulatova	213	70917
dulatovtyñ	218	79212
dulatpen	217	77237
dulatqa	205	55780
dulattyñ	200	46622
dulyğa	218	78462
duma	207	942
dumaem	201	48751
dumaet	173	11670
dumaete	168	11671
dumai	172	943
dumaiu	128	944
dumaiut	186	26383
dumal	149	2119
dumala	138	2120
dumali	191	33021
duman	231	38624
dumanda	203	52397
dumandy	203	51314
dumannyñ	201	48471
dumanğa	195	38626
duni	230	94459
durak	159	7276
durystap	150	4441
duğa	197	42356
duş	160	4838
duşa	152	4839
duşam	190	32067
duşar	206	57604
duşe	231	35114
duşevno	192	35117
duşi	231	94956
duşka	231	96507
duşoi	197	41727
duşqa	162	8608
duşta	191	14558
duştan	173	14559
duştyñ	218	79453
duşu	186	27647
dva	231	95179
dve	231	13466
dveri	171	13468
dvijenie	174	15277
dvijeniia	182	22095
dvoe	176	17164
dvoih	185	25681
dvoika	169	12167
dvoinoe	218	79220
dvoinoi	190	31807
dvor	184	24202
dvore	187	28483
dvores	194	37128
dvornik	203	51639
dvorğa	210	65283
dvuh	231	96093
dvumia	181	21470
dybys	151	4791
dybyssyz	220	81622
dybystalu	218	78980
dybystar	183	23933
dybystardy	196	40311
dybystau	215	73370
dybystyq	168	11933
dybystyñ	201	48020
dybysy	159	7364
dybysyn	190	32567
dybysynyñ	212	68148
dyhanie	192	35228
dym	231	7610
dymda	159	7612
dymdy	216	75757
dymqyl	207	57919
dymsyz	198	43821
dymy	183	23638
dymyn	204	52933
dymyñ	217	77055
dyq	182	22371
dyr	199	45299
dyryldatu	213	69439
dyz	207	59244
dyñ	140	2444
dyñğyr	216	75369
dziuba	221	83267
dziudo	180	20675
däiek	203	50679
däieksöz	202	50682
däiektı	205	54829
däiım	223	87014
däke	177	17411
däkeñ	207	58885
däl	231	27219
däldık	214	71506
dälel	231	27221
dälelde	188	27223
däleldedı	202	49386
däleldegen	207	58780
däleldei	195	38349
däleldeidı	199	45189
däleldeitın	207	59012
däleldeme	221	84236
däleldengen	199	44872
däleldep	231	97294
däleldeu	186	27224
däleldeuge	208	59742
däleldı	203	51092
dälelmen	217	77362
dälelsız	218	79481
dälelıñ	207	59092
dälırek	202	50831
dälız	225	88732
däm	162	2021
dämdı	138	2023
dämdık	230	94544
däme	224	43362
dämelenıp	210	63455
dämelı	198	43364
dämesı	214	71381
dämetken	206	56427
dämetıp	201	48341
dämeñ	208	60606
dämsız	210	65354
dämı	153	5254
dämın	164	9826
dän	186	26804
dändı	196	40920
däneker	189	30794
dänekerleu	205	54565
däp	231	483
däpter	141	486
däpterde	193	31481
däpterden	190	31482
däpterdı	169	12516
däpterdıñ	190	31521
däpterge	118	488
däpterler	212	48274
däpterlerdı	217	77941
däpterlerın	201	48276
däpterı	173	14913
däpterım	193	36814
däpterımdı	197	41445
däpterın	184	24315
däpterıñ	207	39407
däpterıñdı	195	39409
däreje	187	10549
därejede	177	17567
därejedegı	202	50151
därejege	182	22420
därejelı	171	13266
därejelık	203	51571
därejemdı	225	88917
därejesı	166	10551
därejesın	185	25500
därejesıne	193	35658
därejeñdı	219	81198
däret	231	29653
därethana	220	81597
däretke	188	29655
däretpen	220	81655
däretsız	225	88931
därettı	219	81313
däretı	221	83372
däriia	209	62522
därmek	204	53079
därmen	207	58931
därmensız	215	73721
däru	227	42043
därumen	205	42046
därumender	197	42049
därı	118	490
därıbai	217	77781
därıden	199	45473
därıge	185	11729
därıger	231	11730
därıgerden	212	68568
därıgerdıñ	189	30072
därıgerge	168	11732
därıgerler	177	17682
därıgerlık	199	45643
därıgerı	185	25298
därıgerıne	217	76468
därıhana	205	55024
därıler	172	14094
därılerdı	184	24495
därılerdıñ	211	65490
därılerı	210	34101
därılerın	192	34102
därılerıñdı	212	67419
därıleu	225	88876
därılık	174	15456
därımdı	201	47859
därımen	200	46439
därını	165	10080
därınıñ	184	25006
därıpteu	215	72705
därıs	171	13482
därısı	185	14900
därısın	173	14901
därısız	226	90212
därıñ	213	24272
därıñdı	184	24274
däs	200	6899
dästür	231	6902
dästürdı	201	48919
dästürge	205	54467
dästürlerı	195	38973
dästürlı	157	6904
dästürı	185	26340
dästürın	197	42275
dästürınıñ	230	94535
dätım	211	65912
dätıñ	209	62271
däu	231	5547
däuke	202	49921
däulet	231	34834
däuletke	202	50323
däulettı	192	34836
däulettıñ	200	47019
däuletı	214	72282
däuren	154	5550
däurenbek	206	56918
däurenge	209	62051
däurennıñ	205	55080
däuır	181	13126
däuırdıñ	200	46320
däuırjan	214	71194
däuırı	170	13127
däuırınde	177	17883
däuırındegı	189	30775
däuırınıñ	185	25274
däuıt	200	46948
dönejın	229	92628
dönen	202	49477
döp	199	45078
dörekı	174	15503
dörekılık	214	71563
döñ	223	6879
döñes	206	56752
döñgelek	157	6884
döñgelektı	192	35223
dübırlı	225	88752
düisen	186	27537
düisenbai	192	35382
düisenbek	200	47357
düisenbı	231	29015
düisenbıden	192	35133
düisenbıge	188	29017
düisenkül	220	82362
düiım	225	88552
dük	203	10123
düken	165	10125
dükende	188	29715
dükender	210	65415
dükendı	219	79853
dükenge	168	11824
dükennen	185	25494
dükennıñ	210	63615
dükenı	196	40062
dükenınde	219	81105
dükenşı	214	71336
düldül	230	94551
dülei	204	53219
düngen	215	73724
dünie	124	709
düniede	165	10084
düniege	142	2666
düniejüzı	164	9542
düniejüzılık	169	12301
dünieler	187	28406
dünielerdı	200	47442
dünielerge	228	92091
dünielık	209	63350
düniem	194	37865
düniemdı	210	64612
düniemen	208	60309
dünienı	178	3667
dünienıñ	147	3668
düniesı	179	19510
düniesımen	227	91185
düniesın	190	32408
düniesıne	196	40484
düniesınıñ	205	54912
dünietanu	231	96069
dünietanym	206	56792
dünietanymdyq	211	65627
dünieñ	206	57645
dünieñdı	217	77178
dür	231	25829
dürbeleñ	219	80365
dürbı	225	88792
düre	197	42242
düriia	205	54622
dürkın	208	60913
dürs	185	25830
dürse	225	88349
dürsıldep	202	49379
düz	219	80683
düñk	228	92497
dıgıdık	210	64167
dık	181	18367
dıkeñ	222	85071
dıkı	178	18368
dıkın	194	37580
dıkıñ	228	92250
dıl	207	21635
dılda	210	63747
dılmūrat	214	71637
dılnaz	181	21638
dım	188	29833
dın	151	4226
dınaralyq	221	84278
dınasyl	222	84398
dındar	225	89350
dınde	207	59654
dındı	190	32487
dınge	184	24206
dıni	149	4227
dınmūhammed	231	96210
dınnen	206	57129
dınnıñ	191	33282
dınsız	224	87856
dıntanu	188	29035
dını	174	15788
dınım	216	75971
dının	185	25168
dınınde	217	77559
dınıne	203	51340
dınınıñ	188	29864
dınıñ	214	71568
dır	180	8286
dırıl	208	8288
dırıldegen	229	93061
dırıldep	161	8291
dıttegen	218	79264
dıñ	140	2330
dıñgek	227	91166
dıñk	224	87222
dūrys	231	10383
dūryspa	231	95342
dūrysqo	166	10385
dūrysqoi	173	14541
dūrysta	193	26024
dūrystai	213	70152
dūrystaldy	211	65695
dūrystalyp	203	51299
dūrystap	231	94934
dūrystau	185	26025
dūrystyğyn	199	45871
dūrysy	169	12149
dūrysyn	177	17433
dūrysynan	192	35391
dūrysyraq	214	71388
dūğa	133	1469
dūğada	190	32647
dūğai	184	25065
dūğalar	192	34218
dūğalardy	213	70855
dūğalarymyz	217	77577
dūğalarymyzdy	228	92473
dūğalaryn	225	89032
dūğalaryñ	204	49365
dūğalaryñdy	230	94680
dūğalaryñyz	202	49367
dūğam	230	80460
dūğamdy	219	80462
dūğamyz	222	85734
dūğamyzdy	230	93972
dūğanyñ	229	93583
dūğasyn	210	63620
dūğañ	228	90908
dūğañdy	227	90910
dūşpan	176	16743
dūşpandyq	225	88914
dūşpanyñ	197	41645
dūşpanğa	210	63967
ebaa	171	13352
ebanaia	220	82859
ebanaşka	224	87371
ebanutyi	205	54546
ebedeisız	224	87647
eblia	215	72731
eböt	227	90597
eda	231	96635
edem	181	20858
eden	196	41154
edendı	221	83738
edet	179	19267
edinisa	231	52057
edinisam	203	52058
edinisasy	225	89400
edinstvennaia	183	23840
edinstvennyi	185	25534
edite	203	51566
edu	231	46055
eduard	204	52771
edut	200	46056
edäuır	183	23262
edı	75	41
edıge	179	19762
edıgo	167	11045
edıgoi	186	27186
edık	231	29233
edıkqoi	188	29236
edıl	162	8606
edılbai	216	74795
edıldıñ	204	53465
edım	231	9399
edımgo	183	23012
edımğo	164	9401
edımğoi	173	15055
edın	165	10187
edıñ	231	1808
edıñba	219	80072
edıñğo	161	8304
edıñğoi	174	15803
edıñız	136	1810
edıñızder	189	30612
edıñızğoi	194	37687
edığo	231	5862
edığoi	155	5863
ee	231	94735
effekt	163	9134
egde	201	48553
ege	231	25839
egedı	212	69047
egem	223	37571
egemendı	194	37575
egemendık	199	44806
eger	231	94771
egerde	231	95523
egesı	185	25841
egesıne	213	70720
egetın	222	84423
egeu	229	93215
egipet	190	31494
egjei	225	89098
egkr	226	89890
ego	231	13878
egoizm	218	78194
egor	172	13879
egov	176	16839
egılıp	217	78032
egın	231	31563
egındı	217	76362
egınşı	210	31565
egınşılık	190	31568
egıs	202	48622
egıstık	201	48625
egız	231	20680
egızden	218	78934
egızder	180	20683
egızı	192	35068
egızıñ	205	55258
eh	231	95622
ei	231	94777
eii	231	96047
eje	219	3363
ejelde	229	35914
ejelden	193	35915
ejelgı	145	3366
ek	231	178
ekaterina	192	34402
ekem	231	7561
ekemz	178	19080
ekemız	159	7563
ekemızde	214	72626
eken	231	4122
ekenbız	231	95864
ekendep	180	20121
ekenderın	218	79278
ekenderıñdı	198	43047
ekendıgı	180	10420
ekendıgın	166	10421
ekendıgıne	202	49838
ekenmın	231	80503
ekenmınğoi	219	80506
ekensın	166	10404
ekensız	231	32025
ekensızder	190	32028
ekensızğoi	209	62657
ekensıñ	231	9074
ekensıñder	163	9077
ekensıñğoi	186	26431
ekenğo	231	95484
ekenğoi	231	95963
ekenı	231	4123
ekenım	196	4124
ekenımdı	149	4126
ekenıme	208	60221
ekenımız	228	28776
ekenımızdı	187	28778
ekenın	231	12986
ekenınde	191	32933
ekenındı	193	35930
ekenıne	170	12987
ekenıñ	149	4156
ekenıñdı	231	95701
ekenıñe	207	58242
ekenıñızdı	182	22853
ekenşe	195	38836
eker	208	59899
ekesın	211	67203
ekeu	231	4945
ekeude	177	17454
ekeuden	198	42767
ekeulep	190	32226
ekeulerıñ	186	26931
ekeulerıñnıñ	213	69404
ekeulerıñız	203	51720
ekeumız	231	7341
ekeumızde	163	8958
ekeumızden	179	19916
ekeumızdı	161	8342
ekeumızdıkı	185	26016
ekeumızdıñ	231	86266
ekeumızdıñde	223	86268
ekeumızge	159	7343
ekeumızgede	208	59969
ekeuı	231	4946
ekeuıda	214	71834
ekeuıde	231	95438
ekeuımen	188	29109
ekeuımz	204	53636
ekeuımız	231	22197
ekeuımızde	200	46456
ekeuımızden	214	71824
ekeuımızdı	197	22199
ekeuımızdıñ	182	22200
ekeuımızge	193	36834
ekeuın	231	4947
ekeuınde	152	4949
ekeuındede	201	47684
ekeuındı	203	51794
ekeuıne	231	18500
ekeuınede	185	25812
ekeuınen	178	18501
ekeuınende	205	55018
ekeuınnıñ	215	74155
ekeuınıkı	213	69772
ekeuınız	205	54882
ekeuınıñ	231	95698
ekeuıñ	231	8641
ekeuıñde	171	13196
ekeuıñdı	168	11455
ekeuıñdıkı	206	56180
ekeuıñe	162	8642
ekeuıñede	209	62644
ekeuıñmen	217	77357
ekeuıñnen	199	44619
ekeuıñnıñ	167	10972
ekeuıñız	231	37506
ekeuıñızde	216	75704
ekeuıñızdı	206	44317
ekeuıñızdıñ	199	44318
ekeuıñızge	194	37508
ekeş	220	82553
ekipaj	209	61616
ekojüie	228	92401
ekolog	212	68908
ekonomiia	206	56685
ekonomika	166	10414
ekonomikalyq	231	95621
ekonomikany	194	28156
ekonomikanyñ	187	28157
ekonomikasy	189	30179
ekonomikağa	197	41722
ekonomist	201	48203
ekoğa	223	86579
ekpe	197	42227
ekpın	187	26343
ekpındı	185	26345
ekran	149	4090
ekranda	195	39671
ekrandy	188	29175
ekrany	183	23476
ekranğa	186	26933
ekseñ	224	88178
ekskavator	211	66862
ekskursiia	199	44730
ekskursiiağa	229	93064
ekspedisiia	206	57580
ekspeditor	228	92028
eksperiment	182	22698
eksperimenttı	225	57682
eksperimenttık	206	57683
ekspert	190	32258
ekspertiza	215	73063
eksponat	226	89705
eksport	208	60859
eksportqa	219	80289
eksporttyq	223	86795
ekspozisiia	218	78710
ekspress	176	16755
ekstra	200	46291
ekstrakt	211	65750
ekstrasens	205	54474
ekstremizm	197	41293
ekstrennyi	213	69477
ekumız	231	96428
ekuıde	201	47654
ekuın	189	30662
ekuınde	212	67343
ekuıne	208	61051
ekuınıñ	206	56400
ekuıñe	224	87164
ekvator	210	65256
ekvivalent	226	76584
ekvivalenttı	229	76586
ekvivalenttık	217	76587
ekzamen	231	65387
ekzamende	210	65389
ekzamendı	219	80776
ekzogendı	223	86191
ekzosfera	227	91098
ekı	231	179
ekıde	153	5314
ekıden	175	16022
ekıge	231	95744
ekıjaqty	222	85695
ekıjüzdı	215	74211
ekılerde	195	39519
ekılık	205	55740
ekımyñ	205	55934
ekını	183	23250
ekınıñ	187	27796
ekınşı	101	182
ekınşıde	211	10878
ekınşıden	166	10879
ekınşıge	204	54342
ekınşılık	205	55724
ekınşını	217	76932
ekınşısı	231	7577
ekınşısın	159	7578
ekınşısınde	183	23728
ekınşısıne	180	20082
ekınşısınıñ	209	62540
ekıqabat	180	20522
ekısınde	230	94094
ekısıne	206	57533
ekıtalai	221	83365
ekıūşty	229	93444
el	231	2487
elaman	231	64914
elamandy	218	78784
elamanmen	222	85358
elamannyñ	210	64917
elamanğa	210	65150
elbasy	141	2491
elbasymyz	180	20265
elbasynyñ	174	15615
elbek	216	74871
eldana	169	12439
eldar	231	73613
eldardyñ	215	73616
elde	155	4744
eldegı	182	22441
elden	162	8524
elder	151	4745
elderde	179	19756
elderdegı	211	66788
elderdı	203	17284
elderdıñ	176	17285
elderge	182	22817
eldermen	197	42211
elderı	179	19876
elderın	213	26184
elderınde	193	36056
elderıne	200	46145
elderınıñ	185	26186
elderıñ	198	43015
eldos	231	56605
eldospen	212	67799
eldosqa	207	57934
eldostan	222	85212
eldostyñ	206	56608
eldı	154	5603
eldık	206	57611
eldıñ	231	95247
ele	231	7690
elegiia	225	88249
elek	209	7691
elektr	231	7693
elektra	227	90805
elektrik	171	13275
elektrika	218	78826
elektrlı	218	30593
elektrlık	189	30594
elektroliz	204	53677
elektrondy	231	7697
elektrondyq	160	7698
elektronika	211	66784
elektronka	223	66149
elektronkağa	211	66151
elektrotehnika	220	82074
elem	219	14617
elemei	197	42513
elementterdıñ	173	14835
elementterı	173	14624
elementterın	182	21957
elementtıñ	184	24671
elementı	185	25229
elena	170	12721
elenora	204	53560
elep	197	41680
eles	167	11017
elespen	191	33262
elestedı	227	91554
elestep	182	22889
elestete	177	17854
elestetu	199	45427
elestetıp	176	17253
elestetşı	194	37065
elestı	219	81141
elesı	219	80860
eleu	213	12967
eleulı	170	12969
eleusız	196	39728
elevator	226	90450
eleñ	207	59305
eleñdep	210	65322
elge	144	3135
elgezek	221	83353
elhan	200	46889
elif	207	59439
eliksir	206	56927
elis	214	72529
elit	210	29447
elita	188	29448
eliza	193	35657
eljan	231	87682
eljandy	224	87684
eljas	177	18187
eljırep	199	45479
ella	212	68000
ellips	223	86589
elmira	231	75607
elmiranyñ	216	75610
elnar	195	39375
elnur	177	17610
elnūr	231	96423
elorda	186	27374
elordanyñ	212	67353
elsız	225	89108
elsıñ	226	90403
eltai	184	24378
eltañba	198	43496
elu	159	7324
elubai	188	29317
eluden	214	71442
eluge	199	44586
elvira	189	31354
elza	210	63403
elzat	218	78391
elı	231	6308
elık	191	16474
elıktep	202	50783
elıkteu	175	16477
elıkteuış	176	17263
elım	158	6309
elımdı	206	57156
elımnıñ	189	31184
elımız	169	6311
elımızde	170	13002
elımızdegı	185	26213
elımızdı	194	6313
elımızdıñ	156	6314
elımızge	188	29762
elın	161	8149
elınde	185	25995
elıne	163	9321
elınıñ	163	9154
elıñ	189	31208
elıñdı	213	69573
elıñe	202	49628
elıñnıñ	210	64822
elşı	209	36071
elşıbek	209	62635
elşılık	218	78753
elşısı	193	36073
elşısınıñ	225	89170
em	231	336
ema	113	402
emaa	231	95373
embei	210	63674
emblema	198	43928
emblemasy	223	86308
embrion	222	85169
embı	205	56031
embıge	215	73000
emde	202	5728
emdegen	209	62877
emdei	201	29756
emdeidı	188	29758
emdeitın	195	38923
emdel	231	5729
emdelu	179	19674
emdeluge	193	36704
emdelıp	154	5731
emdep	159	7250
emdetu	190	32052
emdetuge	198	43025
emdeu	161	8277
emdeuge	186	26816
emdeuşı	228	91889
emdeşı	215	73433
emdı	199	18482
emdık	178	18483
emedı	202	50042
emei	211	66253
emem	171	13679
emen	189	30219
emendei	225	89358
emes	231	338
emespa	231	94886
emespe	139	2261
emespedı	203	52419
emespın	111	341
emespınba	205	55737
emespınğo	193	36708
emespız	156	6117
emespızba	218	79713
emespıñ	187	28347
emesqo	152	4981
emesqoi	163	9108
emess	180	12567
emessın	186	26507
emessız	169	12569
emessızder	220	81665
emessıñ	231	14736
emessıñba	173	14738
emessıñbe	204	53814
emessıñder	182	22220
emester	203	52176
emestıgın	202	49635
emesı	210	65027
emesıñ	231	97024
emge	185	25806
emgen	207	58659
emhana	201	46199
emhanada	211	66744
emhanağa	200	46201
emigrasiia	230	94518
emissiia	230	94276
emle	197	41776
emnıñ	213	70540
emosiia	231	43565
emosiialyq	198	43568
emosiianyñ	218	79140
emosiiasy	212	67930
emosiiağa	208	59881
emosionaldy	194	37006
empatiia	228	92037
empirikalyq	217	76824
emtihan	231	23181
emtihandar	219	80007
emtihandy	203	51322
emtihannan	198	42813
emtihannyñ	221	83611
emtihany	225	89385
emtihanğa	183	23183
emu	231	38666
emuliator	195	38672
emı	169	10590
emıl	219	80880
emın	175	15929
emıne	203	51614
emıp	231	97157
emıs	216	75533
emıze	200	46608
emızetın	213	69936
emızgen	221	82944
emızu	216	57629
emızuge	214	71260
emızulı	206	57631
emızık	230	93728
emızıp	166	10593
emıñdı	220	82328
emşegyn	225	88705
emşegındı	220	82549
emşı	175	15915
en	231	38
end	74	39
ender	222	85146
endeşe	231	95768
endi	231	96117
endogendık	225	88711
endokardit	220	82419
endokrindı	215	62822
endokrindık	209	62823
endokrinolog	199	45442
endoplazmalyq	230	93832
endotermiialyq	225	88201
endı	231	1811
endıgärı	221	83536
endıgı	136	1813
endıgıde	176	16832
endıgısı	215	73464
endıgısın	217	77029
endık	191	33847
endırme	230	94569
endıru	212	69131
endıñ	220	82590
endışe	192	34625
ene	156	4900
enedı	188	29083
enege	201	47601
enelerı	224	87519
enem	231	29792
enemde	191	33679
enemder	202	49650
enemdı	192	34602
eneme	231	39646
enemen	195	39647
enemmen	188	29795
enemnen	199	45591
enemnıñ	231	97271
enemız	199	45785
enen	168	11641
enenıñ	201	47871
eneolit	211	66413
energetik	185	25191
energetika	196	27180
energetikalyq	186	27183
energiia	152	4905
energiiany	189	31380
energiiasy	169	12001
energiiasyn	183	23365
enesı	231	36929
enesımen	203	51589
enesın	203	36930
enesıne	196	40102
enesınıñ	194	36932
enetın	208	60306
eneñ	231	30674
eneñde	216	75004
eneñder	221	84169
eneñdı	194	37623
eneñe	231	97621
eneñmen	200	47083
eneñnen	211	66834
eneñnıñ	189	30677
eneñız	200	46714
eneşka	231	97384
engen	172	14141
engızdı	195	39090
engıze	209	39255
engızedı	195	39257
engızgen	187	28416
engızu	231	46482
engızuge	200	46484
engızıldı	187	27873
engızıledı	196	40494
engızılgen	187	28095
engızıp	184	24220
enjar	201	48514
enlik	231	95809
ensefalit	230	94437
ensiklopediia	196	40662
ensiklopediialyq	221	83044
ensiklopediiasy	212	67521
ent	231	32399
entda	218	67300
entdan	212	67301
entropiia	190	32405
entğa	203	52264
entıgu	206	57707
entıgıp	205	56015
entıkpe	230	94160
enı	157	6581
enşı	210	65029
ep	231	11705
epidemiia	219	80666
epidemiolog	229	65177
epidemiologiia	224	65180
epidemiologiialyq	210	65183
epifora	205	55526
epigraf	209	62968
epika	219	34543
epikalyq	192	34546
epilepsiia	214	71595
epilog	230	93696
epitet	168	11709
epohu	211	66801
epopeia	227	91278
eptep	231	97078
eptı	187	28688
eptılık	207	58784
eq	219	80313
er	231	571
era	231	43638
eralieva	210	64424
eraly	231	68202
eralynyñ	212	68205
eraslmen	228	92050
erasyl	231	94893
erağa	198	43640
erbol	231	43808
erbolat	231	43810
erbolatpen	213	70772
erbolatqa	212	67884
erbolattyñ	198	43813
erbolda	214	72671
erboldar	219	80758
erboldy	200	46754
erbolmen	208	61400
erbolqyzy	198	44225
erbolsyn	201	48231
erbosyn	199	45827
erdaulet	231	96086
erdos	231	96416
erdı	190	32410
erdıñ	193	35737
ere	231	572
eredı	216	75013
eregıs	222	85508
eregısıp	231	97535
ereje	147	3673
erejege	185	25105
erejeler	177	11965
erejelerdı	169	11967
erejelerı	171	13582
erejelerın	180	20593
erejemen	205	55595
erejenı	158	7086
erejep	194	37593
erejesı	161	8112
erejesımen	206	56505
erejesın	166	10876
erejesıne	207	59514
erejesız	214	72389
ereke	231	22511
erekeñ	182	22512
erekeñe	214	71002
erekşe	121	575
erekşelenedı	180	20299
erekşeleu	215	72952
erekşelıgı	154	5570
erekşelıgın	184	24857
erekşelık	192	6473
erekşelıkterı	157	6477
erekşelıkterın	172	14487
erekşelıkterıne	183	23772
erekşesıñ	205	54524
eresek	169	12546
ereuıl	220	82381
ergali	190	31420
ergejeilı	228	91730
ergen	231	96996
ergeş	196	39873
ergeşova	222	85046
erhan	231	96169
erhat	204	53106
erik	231	97654
eritrosit	200	47309
erjan	231	30637
erjanğa	189	30639
erjetken	228	91897
erjıgıt	166	10628
erjıgıttıñ	220	82470
erkanat	196	40514
erke	231	1946
erkebai	200	47218
erkebulan	164	9796
erkebūlan	231	59454
erkebūlandy	218	78792
erkebūlannyñ	207	59457
erkebūlanğa	210	64206
erkege	190	32397
erkegül	209	61824
erkegı	199	45859
erkejan	143	2827
erkejannyñ	209	61819
erkek	231	7214
erkekpen	186	27014
erkekpın	194	37912
erkeksız	219	81011
erkeksıñ	196	39958
erkekte	208	8614
erkekten	198	43994
erkekter	162	8615
erkekterde	211	66087
erkekterden	220	82639
erkekterdı	204	36077
erkekterdıñ	193	36078
erkekterge	189	30715
erkektermen	212	67427
erkekterı	217	76681
erkektık	208	61029
erkektıñ	171	13709
erkekşe	158	7216
erkele	209	22112
erkelegen	196	40315
erkelegım	213	70177
erkelei	185	25171
erkeleidı	211	66123
erkeleimın	220	82831
erkeleitın	215	73782
erkeleme	229	88588
erkelemei	225	88589
erkelep	231	95923
erkelete	182	22114
erkeletedı	198	43996
erkeletem	191	32707
erkeletetın	192	35209
erkeletken	191	32728
erkeletpei	219	81284
erkeletse	212	67899
erkeletu	189	30869
erkeletıp	231	96242
erkeletşı	200	46591
erkeleu	213	69440
erkelıgım	223	42479
erkelıgımdı	197	42481
erkelıgın	213	69926
erkelıgıñdı	215	73519
erkelıktı	213	69672
erkem	231	22745
erkemai	182	22747
erkemen	205	55626
erkenaz	231	60699
erkenazdy	210	60701
erkenazdyñ	208	60702
erkenı	200	47132
erkesı	180	19942
erketai	183	1949
erketaiym	137	1951
erkeğali	204	53325
erko	173	7639
erkoş	160	7640
erkoştyñ	213	70745
erkı	197	20750
erkımen	186	27047
erkımmen	208	60300
erkın	231	20751
erkınai	208	60842
erkınbek	180	20754
erkındı	218	22334
erkındıgı	205	55057
erkındık	182	22335
erkındıkke	220	81841
erkıne	213	69418
erkınge	204	53864
erkınmen	219	81215
erkınnıñ	204	54107
erkınqyzy	208	60490
erkıñmen	213	69833
erkıñız	197	42101
erlan	231	28085
erlanda	213	69678
erlandar	217	76772
erlandy	199	45509
erlanmen	202	49434
erlannyñ	187	28088
erlanovna	226	89993
erlanqyzy	191	32700
erlanūly	205	55860
erlerdıñ	202	50541
erlı	190	11872
erlıgı	201	47718
erlık	168	11873
ermahan	231	96645
ermek	231	47998
ermeksaz	215	73059
ermektıñ	201	48001
ermen	220	81666
ermūhan	212	67385
ermūrat	204	52778
ernar	231	41832
ernardan	218	78638
ernardy	199	41834
ernardyñ	197	41835
ernarmen	209	62082
ernarğa	197	42384
ernat	231	96922
ernaz	177	17516
ernazar	231	96790
erniiaz	195	39216
ernur	157	6535
ernım	185	25187
ernımdı	198	43815
ernıme	209	61793
ernımnen	200	46156
ernın	187	27538
ernıne	204	27539
ernınen	186	27540
ernıñ	177	18029
ernıñdı	184	25011
ernıñe	206	57516
ernıñnen	231	96262
ernıñızden	206	56152
ernūr	231	43431
ernūrdyñ	198	43434
eroha	231	96265
erotika	231	95795
eroş	182	22691
erqanat	231	97119
ersa	197	15377
ersaiyn	174	15380
ersultan	231	96940
ersı	180	19923
ersın	231	78853
ersınnıñ	218	78856
ersız	225	89293
ersūltan	231	68053
ersūltandy	214	72036
ersūltanğa	212	68055
ertai	173	14896
erte	231	3714
ertede	188	28971
ertedegı	200	46598
erteden	192	34851
ertege	216	74675
ertegı	147	3716
ertegıge	218	78570
ertegıler	174	15731
ertegılerı	213	69234
ertegını	191	32937
ertegınıñ	209	62011
ertegısı	189	31272
erteleu	184	24123
ertemen	196	39982
erten	231	8707
ertenba	185	26144
ertende	177	17988
ertenen	193	35869
ertenge	231	95362
ertengı	162	8709
ertengısın	208	61020
ertennen	169	12271
erterek	231	62797
erterekte	209	62799
erterekteu	227	91396
ertesı	183	11126
ertesıne	167	11128
erteñ	231	4321
erteñba	186	27411
erteñde	172	14150
erteñderı	199	45774
erteñge	231	95044
erteñgı	231	23665
erteñgıge	208	61507
erteñgılık	206	56284
erteñgısın	183	23668
erteñmen	212	67541
erteñnen	150	4324
erteñnıñ	217	76828
erteñınde	208	60073
erteñıne	189	31077
erteğo	188	29019
erteğoi	202	50624
ertu	225	88754
ertöstık	217	77716
ertıp	231	96009
ertıs	181	21692
ertıstıñ	217	77999
eru	194	37159
erubaeva	212	68442
erudit	227	91586
erulık	219	80176
erunda	199	45105
erzat	231	96601
erğali	165	9912
erğalidyñ	225	89253
erğaliğa	227	90640
erğanat	188	28951
erğazy	184	24452
erı	197	3151
erıgen	185	25824
erıgu	229	92766
erıgıp	144	3154
erıgış	217	74093
erıgıştık	215	74096
erık	158	6950
erıkke	209	14713
erıkken	173	14714
erıkkender	208	60188
erıkkennen	197	42388
erıkkennıñ	220	82500
erıkpe	206	33796
erıkpei	206	57430
erıkpeş	191	33797
erıkpeşı	219	80231
erıksız	176	17172
erıktı	178	18297
erıktıler	200	47360
erıktılık	228	92542
erıktıñ	204	53781
erın	174	4318
erınbe	195	10478
erınbei	166	10479
erınder	229	69099
erınderı	212	69100
erınderın	218	78240
erınderıne	224	87349
erındı	194	37077
erındık	203	52316
erıne	215	72955
erınen	215	72956
erınge	207	59621
erınnen	209	62417
erınnıñ	213	70452
erını	216	4319
erının	226	90098
erınınen	226	90104
erınıp	150	4320
erınıñ	210	64797
erınıñnen	226	90467
erınşekter	220	81749
erıp	231	95454
erıtkış	218	78215
erıtu	213	69899
erıtındı	187	25519
erıtındıde	209	62077
erıtındıdegı	214	71026
erıtındıler	209	62829
erıtındısı	185	25521
erıtındısımen	207	58973
erıtındısınde	221	83745
erıtındısıne	210	63981
erıtındısınıñ	203	51429
erıtıp	190	31787
erşı	219	80856
erūlan	200	46589
es	231	656
esalañ	184	24304
esbol	171	13667
esbolat	193	35990
ese	231	828
esebı	173	12665
esebım	198	42824
esebın	170	12666
esebınde	195	38506
esebıne	211	25483
esebınen	185	25484
esebıñ	197	41786
esege	194	37644
eseigen	206	56759
esek	231	88700
esekjem	230	93678
esekpen	225	88703
eselene	196	40284
eselenıp	194	36956
eselep	169	12243
eselı	210	63647
eselık	216	75200
esen	231	12843
esenba	186	27304
esenbai	200	46300
esenbek	201	47764
esenberlina	211	67050
esenbız	170	12846
esendık	230	94107
esengeldı	197	41255
esenjol	211	66477
esennıñ	219	81316
esenova	210	65420
esensızder	198	43993
esensıñ	210	19810
esensıñder	179	19813
esensıñderme	208	60777
esentaeva	220	81859
esentai	195	39181
esenğali	206	57760
esep	231	829
esepke	156	6295
eseppen	185	25524
esepsız	219	80908
esepte	151	1823
eseptegen	197	38819
eseptegende	195	38821
eseptegış	226	90401
eseptei	186	27454
esepteidı	188	29587
esepteimın	194	37906
esepteldı	218	79529
esepteledı	174	15589
eseptelmeidı	206	56260
eseptemei	215	72976
eseptemeimın	230	94062
esepten	179	19578
eseptep	140	2410
esepter	136	1824
esepterdı	142	2654
esepterı	182	18807
esepterın	178	18808
esepterıñızdı	230	94288
eseptese	219	60650
eseptesem	208	60651
eseptesu	230	93708
eseptesıp	209	62708
eseptetıp	206	57079
esepteu	163	9142
esepteuge	201	48461
esepteuış	218	78311
eseptı	126	831
eseptık	197	41679
eseptıñ	155	5866
esepşı	218	78263
eser	214	71518
esesıne	189	30505
esik	163	8982
esimhan	224	87265
esjan	197	41905
eske	231	2776
eskek	227	91534
eskeldı	191	32920
esken	208	61058
eskendır	231	83138
eskendırdıñ	221	83141
eskere	177	18085
eskert	184	2778
eskerte	174	15515
eskerteiın	196	41107
eskertem	194	31433
eskertemın	190	31435
eskertken	194	38233
eskertkenıñızge	209	62763
eskertkış	187	27983
eskertkışı	195	38418
eskertpe	220	82907
eskerttı	196	16391
eskerttım	175	16392
eskertu	152	4849
eskertuge	209	63265
eskertuler	215	72828
eskertusız	211	65812
eskertuım	224	87708
eskertıldı	204	54296
eskertıp	142	2780
eskertıñız	211	59219
eskertıñızder	207	59222
eskeru	187	27859
eskerıp	189	30739
eskimo	221	83521
eskı	231	53340
eskıleu	219	81271
eskılıktı	229	92622
eskırgen	207	59512
eskırıp	208	60020
eskısı	204	53342
eskışe	228	91712
esli	231	94721
esmahan	182	21912
esmira	211	65572
espe	229	92898
esse	231	94933
essız	192	34500
estafetalyq	212	68552
estafetany	215	73568
estai	176	17316
este	141	2584
estei	212	69000
esteiın	220	82842
estelık	151	4633
estelıkke	206	57062
estelıkter	181	20855
estelıkterdı	210	64766
estelıkterı	224	87735
esten	150	4498
esterı	212	28780
esterıñde	187	28783
esterıñe	198	43689
esterıñızde	210	64554
estestvenno	189	30153
estet	228	16608
estetika	176	16611
estetikalyq	178	19087
estidı	192	34210
estiiar	230	94211
estitın	187	28331
estiın	206	57844
estradalyq	189	30218
estu	167	11416
estuge	192	34731
estuım	187	28197
estuıñ	203	42663
estuıñız	198	42665
estuşı	217	77860
estı	182	658
estıdı	183	2515
estıdık	187	28332
estıdım	141	2516
estıdıñ	167	11447
estıdıñba	198	42826
estıdıñbe	224	87901
estıdıñder	210	63408
estıdıñız	201	47798
estıgem	165	9866
estıgen	150	4467
estıgende	180	19922
estıgenmın	201	49003
estıgennen	213	70348
estıgenım	197	42526
estıgenımdı	212	67945
estıgenıñ	225	89202
estıgenşe	216	75223
estıgesın	224	87151
estıgım	164	9554
estıgıñ	194	37691
estıldı	182	22231
estıle	215	13840
estıledı	172	13842
estıletın	211	66578
estılgen	207	59134
estılmedı	198	42970
estılmei	157	6329
estılmeidı	156	6331
estılıp	153	5355
estımedık	204	53331
estımedım	168	11815
estımedıñ	201	47817
estımegelı	204	53067
estımegem	214	71525
estımegen	177	17339
estımei	162	8576
estımeidı	207	58961
estımeitın	202	50210
estımeppın	184	24263
estımesem	217	77044
estımesın	193	36363
estıp	123	659
estıptı	215	73381
estırtu	218	78211
estırtıp	217	76651
estıse	172	14175
estısem	176	17282
estıseñ	199	44447
esu	225	64641
esuas	210	64643
esı	231	967
esıgı	178	7754
esıgım	202	49599
esıgımız	211	67177
esıgın	160	7755
esıgıne	211	65761
esıgınen	216	74651
esıgınıñ	202	50032
esıgıñ	217	52015
esıgıñdı	203	52017
esıgıñnıñ	212	67688
esık	128	968
esıkke	175	15983
esıkpen	225	88906
esıkte	203	19448
esıkten	179	19449
esıkter	200	46788
esıkterdı	207	58850
esıkterı	210	64022
esıkterın	212	68261
esıktı	231	8740
esıktıñ	162	8741
esıl	172	14168
esım	138	1425
esımde	133	1427
esımder	174	15595
esımderdı	195	38743
esımderge	214	72017
esımderı	182	22890
esımderın	200	46146
esımderıñ	210	62496
esımderıñdı	209	62498
esımdı	161	8408
esımdık	189	30958
esıme	231	95031
esımge	193	36089
esımhan	190	31835
esımmen	211	67219
esımn	229	3687
esımnen	147	3689
esımnıñ	181	21011
esımı	141	2517
esımım	231	44010
esımımdı	198	44012
esımın	165	10000
esımıne	208	60735
esımınıñ	203	51749
esımız	209	32895
esımızde	202	49882
esımızden	216	76090
esımızdı	210	64696
esımızge	191	32897
esımıñ	141	2574
esımıñdı	180	20003
esımıñız	231	46168
esımıñızdı	200	46170
esımşe	190	31925
esın	169	7742
esınde	170	12877
esıne	160	7743
esınen	180	20157
esınep	204	52984
esırkep	198	43527
esırtkı	203	51038
esırıp	203	52113
esıtken	213	69427
esıttım	194	37019
esıttıñ	219	80366
esıtıp	180	20352
esıñ	165	3457
esıñde	148	3986
esıñdema	180	20042
esıñdeme	197	42018
esıñdı	182	22406
esıñe	146	3458
esıñnen	176	16628
esıñız	223	18510
esıñızde	178	18512
esıñızden	210	65234
esıñızge	182	22526
et	231	634
etaj	231	25463
etajda	231	25465
etajdan	185	25466
etajdağy	213	69898
etajdy	189	31235
etajdyñ	215	74489
etajynda	217	77634
etajğa	186	27185
etalon	218	79357
etanol	206	57097
etap	181	21271
ete	231	1413
eted	182	1414
etedı	133	1415
etegı	196	40537
etegıne	217	76594
etegınen	222	85574
eteiık	193	35547
etem	231	8378
etemın	161	8380
etemız	180	20128
eten	206	56310
etene	208	59988
eter	192	34725
eterı	226	90095
etesız	202	50101
etesıñ	180	20600
etet	177	2411
etetın	140	2413
etetındei	215	73329
eteñ	214	71024
etika	182	22131
etiket	208	60927
etiketka	218	79007
etil	206	56246
etilen	210	64989
etimologiia	225	89124
etimologiialyq	230	93985
etiologiia	223	86399
etiud	204	53775
etke	167	1970
etkeisıñ	227	90914
etkem	175	16366
etken	137	1971
etkende	181	21066
etkendei	216	75435
etkenge	208	60313
etkennen	205	54862
etkenı	208	53809
etkenın	204	53810
etkenıñ	211	65632
etkım	198	43521
etkısı	216	76020
etkızıp	182	22386
etkıñ	219	80571
etnikalyq	169	12075
etnogenez	188	29647
etnograf	202	49953
etnografiia	216	70472
etnografiialyq	213	70475
etnologiia	216	75913
etnomädeni	214	71769
etnopedagogika	223	85929
etnos	185	25116
etnosaiasi	225	88215
etnosaralyq	203	52052
etnostyq	201	48033
etpe	157	1085
etpedı	204	52990
etpegen	191	33374
etpei	164	1086
etpeidı	129	1088
etpeimın	205	54851
etpeisıñ	213	69239
etpeitın	188	29025
etpeiın	210	65337
etpen	180	20819
etpes	165	9939
etpese	197	41992
etpeseñ	204	53899
etpeseñız	221	83421
etpeu	206	56305
etpeñder	199	45320
etpeñız	170	12952
etpeñızder	194	37117
etpeñızşı	211	65881
etpeş	181	20913
etpeşı	202	49527
etse	161	8424
etsek	200	47168
etsem	231	97363
etsen	184	24965
etseñ	231	53143
etseñız	204	53145
etsın	122	637
etsınşı	220	81542
etsız	199	44904
ette	193	26378
etten	186	26379
etter	189	30724
etterdı	206	57215
ettı	231	5631
ettık	204	52842
ettım	155	5879
ettıñ	154	5632
ettıñba	209	63016
ettıñız	207	58109
etu	231	6370
etuden	209	62119
etudı	183	23778
etudıñ	194	37452
etuge	156	6372
etuı	175	16518
etuşı	189	30679
etı	149	2195
etık	139	2196
etıkke	191	33985
etıktıñ	193	36210
etıkşı	214	71511
etıledı	188	29533
etılgen	181	21775
etılmei	202	49932
etılmeidı	204	54233
etılıp	173	14821
etım	179	19589
etımdı	220	81934
etımen	213	70700
etın	153	5342
etıne	210	30945
etınen	189	30946
etıp	231	55797
etıptı	205	55799
etıs	207	11087
etıstık	167	11090
etıstıktıñ	188	28969
etıñ	183	23060
etıñder	198	43854
etıñdı	210	64738
etıñız	184	24840
etıñızder	212	67678
etşı	171	13596
eukariot	229	92773
euraziialyq	198	42701
europa	231	31616
europada	190	31618
europanyñ	200	47467
eva	231	52642
evakuator	204	52648
evfemizm	229	93540
evgenii	183	23003
evoliusiia	205	55579
evoliusiialyq	206	57651
evraziia	231	87793
evraziiağa	224	87795
evraziiskii	192	35113
evrei	201	48921
evrika	195	39412
evristikalyq	217	76748
evro	171	13422
evropa	180	20700
evropağa	222	84616
evropy	203	52577
ez	181	21021
ezu	202	49880
ezulık	205	54678
ezuıñnen	211	65935
ezılıp	185	25575
ezıp	181	21023
eñ	231	5031
eñbegı	231	18945
eñbegım	200	47475
eñbegımdı	207	58852
eñbegımız	216	76225
eñbegın	178	18946
eñbegınde	191	32904
eñbegıne	199	44756
eñbegınıñ	186	27032
eñbegıñ	231	19828
eñbegıñdı	206	56764
eñbegıñe	205	55681
eñbegıñnıñ	179	19831
eñbegıñız	231	28009
eñbegıñızdı	215	28011
eñbegıñızdıñ	187	28012
eñbegıñızge	211	66162
eñbek	231	14890
eñbekaqy	207	57964
eñbekke	173	14892
eñbekpen	184	24491
eñbekqor	182	21904
eñbekqorlyq	222	84804
eñbeksüigıştık	230	94120
eñbekte	182	19598
eñbekten	179	19599
eñbektenu	202	50754
eñbektenıp	195	39557
eñbektep	192	34913
eñbekterı	184	24181
eñbekterın	200	47194
eñbekterıñ	200	30654
eñbekterıñnıñ	226	89844
eñbekterıñız	189	30656
eñbekterıñızdıñ	214	71969
eñbekteu	229	93046
eñbektı	179	19761
eñbektıñ	180	20185
eñbekşı	182	20328
eñbekşıl	219	79887
eñbekşıqazaq	180	20333
eñkeiu	212	68476
eñkeiıp	203	51851
eñkıldep	228	91924
eñkış	225	88233
eñlık	152	5034
eñsegei	226	89893
eñselı	213	69843
eñseñdı	198	43055
eñılık	187	28120
eñırep	193	35578
eñıreu	200	97683
eş	97	146
eşbır	173	14765
eşe	231	94734
eşek	231	96026
eşkaisysyn	209	62755
eşkı	155	1200
eşkıge	208	60574
eşkıler	209	62183
eşkım	231	1201
eşkımde	154	5619
eşkımdı	131	1203
eşkımdıkı	203	51022
eşkımen	169	12201
eşkımge	231	62206
eşkımgede	209	62208
eşkımlı	225	88238
eşkımmen	131	1279
eşkımnen	157	6710
eşkımnıñ	148	3970
eşkımı	205	32406
eşkımım	190	32407
eşkımıñ	220	82305
eşkını	209	37253
eşkınıñ	194	37254
eşkıñ	213	69694
eşnärse	158	6964
eşnärsege	201	47830
eşnärsenı	218	78135
eşqai	204	2535
eşqaida	141	2537
eşqaidan	221	83262
eşqaisy	193	12308
eşqaisyna	218	78281
eşqaisysy	169	12310
eşqaisysyn	193	35484
eşqaisysyna	208	59928
eşqaisysyñ	205	55580
eşqaisyñ	193	35693
eşqandai	231	38149
eşqandaida	194	38151
eşqaşan	231	16351
eşqaşanda	175	16353
eşteme	231	44909
eştemede	225	89191
eştemege	199	44911
eştemenı	219	81191
eştemesı	214	72632
eşten	231	60656
eştenem	208	60658
eştenke	231	95670
eşteñe	192	8695
eşteñede	199	28503
eşteñeden	187	28504
eşteñege	162	8697
eşteñem	195	38413
eşteñemen	218	79066
eşteñenı	179	19653
eşteñenıñ	218	78219
eşteñesı	183	23069
eşteñke	162	8761
eşä	216	74766
eşö	231	94796
faberlik	231	42437
faberlikke	197	42439
fabrika	185	25421
faer	231	57330
faerda	206	57332
faerdan	211	66041
faerğa	214	71402
fagositter	230	93872
fail	153	5348
failda	201	47840
faildy	189	30845
faily	196	40334
failğa	197	42618
fakel	222	85761
faktor	175	12056
faktordyñ	219	80542
faktorlar	169	12059
faktorlardyñ	187	27765
faktorlary	193	35511
faktorlarynyñ	208	60688
faktorlarğa	202	50128
faktory	185	25656
faktıler	206	57597
familiasy	199	44895
familiasyn	215	73030
familiia	231	55421
familiiamdy	207	59003
familiiasy	231	96835
familiiañdy	205	55424
familiiañyz	213	70852
fanatka	198	42781
fanatkasy	213	70421
fanattary	191	33618
fanaty	175	16389
faner	228	91851
fanfikter	208	61005
fanta	189	18134
fantan	213	69950
fantastika	181	21516
fantastikalyq	204	52822
fantaziia	177	18138
fantaziiasy	218	78875
farabi	231	61228
farabidıñ	208	61231
farfor	217	78062
farhad	196	39994
farhat	167	11027
farida	231	69386
faridamen	229	93268
faridany	224	87106
faridağa	213	69388
farik	214	72296
faringit	220	82100
fariza	231	53494
farizamen	222	84946
farizany	214	53496
farizanyñ	204	53497
farizağa	208	60161
farmasiia	217	77986
faruh	195	39176
fasad	209	63186
fatiha	231	96967
fatima	231	95487
fatmagul	192	34138
fatmagül	178	18584
faza	199	44698
fazaly	213	63150
fazalyq	209	63151
fazenda	208	59825
fazyl	213	70941
faşist	225	74531
faşistık	215	74533
faşizm	226	89718
federasiia	208	57465
federasiiasy	206	57467
fedia	212	67671
fedor	220	81778
feis	207	6039
feisbuk	155	6042
feisbukke	195	39607
feisbukta	202	50471
feisbuktan	203	52347
femida	216	75783
feminizm	221	83835
feniks	208	60695
fenol	212	67663
fenomen	217	76255
fenotip	228	92253
ferma	191	33929
fermada	219	80280
ferment	202	46828
fermentter	200	46831
fermenttı	227	91045
fermenttık	230	93626
fermer	202	49262
ferrari	226	89888
feruza	231	85113
feruzanyñ	222	85116
festivalı	226	89771
fetiş	227	90929
fianit	229	92661
figniu	211	65987
fiks	199	44320
filialy	203	51933
filolog	210	63494
filosof	191	7617
filosofiia	159	7620
filosofiialyq	176	17242
filosofiiany	230	47690
filosofiianyñ	201	47691
filosofiiasy	189	30316
filosofiiasynyñ	199	45235
filosoftar	220	82679
filosofy	208	61069
finn	225	88607
firdaus	210	64863
firmalyq	224	87789
firmağa	216	75794
fitna	226	89660
fitnes	231	50597
fitneske	202	50599
fizik	187	2739
fizika	231	2740
fizikada	195	38549
fizikadan	231	95791
fizikalyq	142	2743
fizikany	179	19157
fizikanyñ	204	52738
fizikağa	187	28097
fizikter	219	81201
fiziologiia	185	17828
fiziologiialyq	177	17831
fizioterapiia	214	71559
fişka	203	52179
flamingo	211	66050
flegmatik	214	71110
fleita	229	93199
fleşka	227	91627
fliuger	227	91437
fliura	186	26814
fliurağa	202	49848
flora	197	41434
fon	147	3759
fond	187	28356
fonda	200	46383
fondağy	220	82247
fondqa	227	91648
fondy	193	35537
fonematikalyq	227	90731
fonetika	190	32246
fonetikalyq	196	40080
fonogramma	228	91774
fony	194	38231
fonyn	209	63244
fonğa	201	49128
fora	196	40452
ford	194	36917
forever	211	65583
forma	231	10484
formada	187	27807
formalar	205	19738
formalary	179	19739
formaldy	228	92544
formalin	229	92921
formamdy	216	75109
formany	194	37130
formanyñ	214	72369
formasiia	215	74477
formasy	166	10486
formasymen	194	37825
formasyn	179	19279
formasyna	210	63806
formasyz	219	80218
format	184	21128
formatta	181	21130
formağa	201	47965
formula	155	5989
formulalar	199	44868
formulasy	160	7761
formulasyn	182	22793
fors	211	38550
forsaj	195	38552
fort	194	12002
forte	169	12003
fortnait	204	54180
fortqa	219	81039
forumda	225	88939
forumy	227	91192
forumğa	217	77647
fosfat	217	78020
fota	128	1006
fotada	205	54400
fotadan	217	77669
fotalar	185	26275
fotalardy	193	35605
fotalary	208	60765
fotalaryñdy	214	71664
fotamdy	190	31860
fotasy	173	8817
fotasyn	162	8818
fotañ	198	21267
fotañdy	181	21269
fotağa	164	9581
fotoapparat	204	54048
fotoda	160	8018
fotodan	173	15085
fotodağy	183	22922
fotodağydai	216	74825
fotograf	174	15360
fotolar	231	11923
fotolardyñ	213	70601
fotolary	168	11924
fotolarym	196	40357
fotolarymdy	197	42103
fotolarymyz	226	90029
fotolarymyzdy	228	91722
fotolaryñ	192	16071
fotolaryñdy	175	16073
fotolaryñyzdy	209	61854
fotolarğa	215	73272
fotomontaj	223	86025
fotonyñ	190	32124
fotosessiia	170	13124
fotosuret	207	58434
fotosymen	211	65661
fotosyn	231	48432
fotosyna	201	48433
fotoğa	231	95053
fotoşoppen	224	87216
fragment	185	26118
frak	230	72253
fraksiia	214	72257
frank	211	66534
franko	219	80596
frans	218	11499
fransiia	231	33690
fransiiada	191	33692
fransiianyñ	200	47372
fransuz	168	11501
fransuzşa	216	75927
frazalyq	222	85545
frazeologiia	229	82183
frazeologiialyq	220	82186
freddi	209	62075
freid	212	67682
frenş	217	76560
frifaer	186	26584
fristail	225	88872
frunze	213	70788
ftiziatr	228	92540
fu	200	5582
fuga	217	77492
fujer	199	44641
funduk	228	91767
funksiia	154	5588
funksiialardy	201	47549
funksiialardyñ	205	55452
funksiialyq	222	85505
funksiiany	188	17967
funksiianyñ	177	17968
funksiiasy	172	14359
funksionaldy	203	43584
funksionaldyq	198	43585
funt	221	83530
furasilin	205	55673
furgon	220	82845
futbol	231	20901
futbolda	204	33466
futboldan	191	33467
futboldy	201	48697
futbolist	187	28747
futbolka	231	88041
futbolkadağy	227	90790
futbolkalar	224	88044
futbolkamdy	225	89002
futbolğa	181	20903
futbolşy	203	51304
fälaq	230	93799
fäni	227	91105
gaara	183	24013
gabdullina	216	74741
gabit	182	22089
gaga	205	17477
gagarin	188	17480
gagarina	177	17481
gagaringe	230	94025
gaika	219	81228
gaimorit	206	56598
gaisin	223	86549
gakku	187	28214
galaksi	191	33100
galaktika	207	57863
galaktoza	227	90583
galereia	160	8040
galereiada	198	43544
galereiadan	202	50445
gali	201	17289
galia	176	17290
galiia	231	96404
galina	181	21273
gallii	199	45650
galogen	226	88629
galogender	225	88632
galoş	184	24281
galoşka	184	24902
galstuk	174	15267
galym	231	97571
gamburger	200	47231
gamma	205	55317
gamzat	222	84909
gan	171	13691
gandbol	203	52588
gandi	215	73522
gang	216	64644
gangrena	210	64648
gangster	213	70485
gani	176	17023
garaj	231	35320
garajda	192	35322
garajğa	202	49471
garant	231	5040
garantiia	152	5043
garderob	203	52547
garena	158	7219
garmoniia	204	52860
garnir	210	65248
garnitur	175	16466
garnitura	219	80338
garri	159	7455
gastrit	201	47751
gauhar	231	56796
gauhardy	206	56798
gavai	224	87920
gaz	231	6464
gaza	181	21184
gazben	192	34748
gazdan	203	52504
gazdağy	228	92147
gazdy	164	6466
gazdyn	201	48445
gazdyñ	157	6467
gazelde	210	65287
gazelden	227	91620
gazeldı	226	89479
gazelge	197	42216
gazelmen	200	46924
gazet	161	8306
gazeta	209	62756
gazetke	169	11976
gazette	215	73630
gazetten	215	74568
gazettı	207	38474
gazettıñ	195	38475
gazetı	191	34017
gazetınde	210	64261
gazetınıñ	199	44306
gazge	191	33205
gazik	228	91792
gazirovka	219	80720
gazon	195	38941
gazonda	212	67998
gazonğa	211	67024
gazovyi	194	37210
gazsyz	223	86240
gazy	181	20989
gazynyñ	196	40451
gazğa	179	19620
gde	231	18479
gdeto	178	18481
gdz	147	3731
ge	84	107
geem	229	92889
geia	227	91480
geiler	215	74048
geim	191	32974
geiner	225	88520
gej	188	29457
gelii	202	49733
gelik	231	96908
gemangioma	226	89935
gematolog	226	89487
gematoma	207	58774
gematuriia	229	93529
gemoglobin	176	16939
gemorroi	202	50753
gen	165	9913
gender	199	45066
genderlık	212	67824
gendık	196	40852
general	231	97660
genetik	214	17700
genetika	186	17701
genetikalyq	177	17704
genetikanyñ	202	50802
gennadii	216	75116
genosid	215	74316
genri	208	59663
geo	231	10264
geodeziia	211	37567
geodeziialyq	194	37570
geoekologiia	221	24143
geoekologiialyq	184	24146
geograf	199	10268
geografiia	231	10271
geografiiadan	165	10274
geografiialyq	168	11774
geografiiany	198	44041
geografiiasy	221	83456
geologiia	203	44300
geologiialyq	199	44303
geometrii	208	14849
geometriia	231	14850
geometriiadan	173	14853
geometriialyq	176	17004
geosaiasi	203	52344
gepard	228	91716
geparin	216	74661
gepatit	186	27579
gerbalaif	200	46097
gerkules	206	57718
gerl	197	41422
germanii	223	62105
germaniia	231	62106
germaniiada	209	62108
germaniianyñ	209	62537
germaniiağa	222	85678
germiona	201	48452
geroev	231	97620
geroi	231	96319
gers	229	92866
geterogendı	216	75402
gibrid	222	85275
gid	204	41483
gidra	224	87938
gidrodinamikalyq	227	91226
gidroksidı	210	64156
gidroksidınıñ	223	86258
gidroliz	204	54261
gidrolizdenu	229	92945
gidrologiialyq	211	65841
gidrosfera	197	41490
gigiena	186	27070
gigienalyq	190	31874
gigrometr	217	76517
gildiadan	208	61331
gildiiaga	171	13168
gimn	182	7853
gimnastika	231	7859
gimnastikalyq	160	7862
gimnaziia	231	87132
gimnaziiağa	224	87134
ginekolog	231	37559
ginekologiia	210	63916
ginekologiialyq	222	84987
ginekologka	210	63449
ginekologqa	194	37561
giper	200	46398
giperbola	216	75547
gipermarket	225	89272
gipersılteme	210	64139
gipertoniia	211	58342
gipertoniialyq	207	58345
gipertrofiia	229	92764
gipnoz	210	65065
gipofiz	201	48893
gipoksiia	212	68884
gipotenuza	213	70698
gipotermiia	230	94420
gipoteza	216	75721
gipotoniia	230	94184
gipsokarton	211	65561
gipstı	207	58942
giroskuter	228	92444
gis	189	31212
gistologiia	209	61627
gistologiialyq	229	93175
gitara	152	4929
gitarada	206	57027
gitaramen	190	32584
gitarany	204	52711
gitare	190	32268
gitarist	214	71722
gladiator	212	69055
glagola	194	37594
glagoly	180	20818
glasnye	198	43117
glaukoma	218	79001
glav	183	16074
glava	175	16075
glavnaia	183	22987
glavnoe	231	95292
glavnogo	200	47016
glavnoi	196	40954
glavnye	193	36656
glavnyh	200	47029
glavnyi	231	95113
glavnym	199	44679
glaz	164	3613
glaza	147	3614
glazah	157	6734
glazami	184	24819
glaznoi	208	60851
glikogen	212	69156
glina	198	43523
gliserin	210	64084
gliukoza	177	17596
gliukozanyñ	199	44283
global	203	51173
glossarii	193	36141
glubokaia	221	84229
gnom	193	35550
gnoseologiia	225	88822
go	200	87
gobelen	226	89442
goblin	194	38088
god	231	18069
goda	231	95222
godik	205	55052
godovoi	199	45050
godu	231	95753
gody	177	18070
godzilla	212	68682
gogolia	184	25070
goha	231	71845
gohany	216	71847
gohanyñ	214	71848
goi	80	88
gol	231	452
gold	115	453
goldar	227	91520
goldpen	173	14808
goldqa	231	95628
goldta	150	4419
goldtan	173	14818
goldty	205	55265
goldtyñ	214	72358
goldy	188	29911
golia	227	91132
gollivud	226	89495
golodnyi	205	54534
golos	231	8079
golosa	180	20019
golosovoe	161	8083
golosovoi	231	13238
golosovoimen	171	13241
golospen	177	18166
golosuiu	197	42025
golova	231	96124
golove	178	18817
golovkin	196	40140
golovnoi	200	47216
golovoi	188	29013
golovu	164	9660
golovy	189	31070
goluboi	231	96044
golubsy	203	51911
goly	198	19840
golye	179	19841
golymi	228	92533
gomeostaz	217	77076
gomogendı	220	82310
gomologtyq	214	71939
gon	192	22772
gondon	197	41979
goni	182	22773
gonka	231	97661
gonki	195	38565
gor	231	7976
gora	191	33892
gorelka	218	78239
gori	198	20687
goriaşaia	193	36595
goriaşii	182	22125
gorila	192	35318
gorilla	180	20690
gorit	187	28071
gorizont	218	79080
gorka	192	35105
gorlo	182	22633
gorlovoi	223	86424
gormon	188	29581
gormondar	199	44805
gormondyq	215	72933
gormony	196	41102
gorniak	212	68684
gornişnaia	212	68425
gornyi	200	47062
gorod	231	7978
goroda	160	7979
gorode	231	95932
gorodok	200	46078
gorodskaia	197	41621
gorodskoi	183	23991
gorodu	178	19017
goroh	183	23210
goronodan	222	85614
goroskop	187	28147
gory	179	19179
gorşok	197	41584
gos	231	11852
gosqa	229	93090
gostei	191	33700
gosti	231	11854
gostiah	184	24338
gostinisa	168	11858
gostinisada	211	66870
gostinisağa	205	55925
gosudarstva	184	24964
gosudarstvennyh	204	53609
gosudarstvennyi	197	41671
gosudarstvo	191	33680
got	195	14970
gotov	231	14972
gotova	231	96133
gotovitsia	201	48325
gotovliu	188	29310
gotovo	231	97428
gotovy	173	14973
gotovyi	178	18870
gou	231	95155
goute	231	97095
govno	231	95050
govor	206	4422
govori	231	4423
govoria	169	11978
govoriat	231	95820
govoril	155	4424
govorila	150	4425
govorili	168	11562
govorit	231	13543
govorite	171	13544
govoritsia	182	21868
govoriu	231	95531
goşa	189	30107
gradasiia	227	90616
gradient	215	73620
gradus	164	9726
gradusnik	202	50173
gradusov	199	44545
gradusqa	183	23607
gradusta	190	31597
gradustyq	220	81785
graf	200	9282
grafa	201	48119
grafany	228	92368
grafigı	163	9285
grafigın	191	33701
grafik	231	18618
grafika	231	18619
grafikalyq	178	18622
grafikke	213	69913
grafiktı	196	40041
grafiktık	198	43007
grafin	213	70307
grafit	212	67354
grafiti	219	81069
grajdan	195	38795
gramdyq	222	84965
gramm	158	7084
grammatika	182	17717
grammatikalyq	177	17720
gramota	231	50164
gramotalar	214	71750
gramotalardy	223	85818
gramotalary	229	87835
gramotalaryn	224	87836
gramotany	209	61742
gramotasy	202	50166
gramotasyn	210	63698
gramotağa	222	84672
gramotno	198	43914
granat	182	10682
granata	166	10683
grand	171	13365
granisa	191	32741
granisadan	213	70511
granisağa	227	91005
granit	214	72194
grant	231	16778
granta	186	26889
grantpen	224	87188
grantqa	176	16780
grantta	203	51263
granttar	222	84662
granty	218	78264
grasiia	217	78015
gravitasiia	226	90018
greh	194	38235
grei	208	59929
greipfrut	226	89917
grek	167	11413
grekiiada	215	73903
grelka	224	87831
grenni	193	36312
gres	199	45271
gresiia	219	80248
greske	208	59661
greste	215	73243
greşka	171	13297
griaznyi	208	60948
gribok	209	61848
griby	197	41940
grif	217	76310
grigorii	216	75045
grija	203	51515
grim	211	66285
grin	203	51334
grip	231	9388
gripp	164	9389
grizman	229	92849
grlan	218	78664
grubo	231	96905
grubyi	231	96926
gruntovka	221	84298
grupada	231	96684
grupavoi	226	90048
grupovoi	228	92001
grupp	231	198
gruppa	104	199
gruppada	231	12386
gruppadan	231	95154
gruppadağy	169	12388
gruppadağylar	205	54463
gruppalar	179	14081
gruppalarda	194	27850
gruppalardan	187	27851
gruppalardy	203	52462
gruppalary	212	59461
gruppalaryñ	211	59462
gruppalaryña	207	59463
gruppalarğa	172	14083
gruppalas	171	13640
gruppalastar	184	24287
gruppalastarmen	207	59195
gruppalastary	219	42603
gruppalastarym	197	42604
gruppalastaryñ	218	79778
gruppalasy	203	16670
gruppalasym	176	16671
gruppalasyma	221	83657
gruppalasymnyñ	218	78156
gruppalasyñ	214	70987
gruppam	187	24882
gruppamda	209	62126
gruppamen	184	24884
gruppamyz	202	50451
gruppany	149	4247
gruppanyn	182	22397
gruppanyñ	157	6857
gruppasy	165	7028
gruppasyn	195	7029
gruppasyna	158	7030
gruppasynan	192	34183
gruppasynda	179	19482
gruppasynyñ	209	63239
gruppañ	207	58693
gruppağa	231	94879
gruppe	160	7828
gruppu	231	95769
grustno	231	97041
grustnyi	231	97563
gruz	183	23559
gruzin	221	82948
gruzovik	218	78742
gruzşik	200	46893
gryja	186	27483
gta	144	3022
gu	231	3345
gubka	231	97049
guby	169	12205
gud	168	11847
gudbai	214	71688
gudok	231	96924
gugl	231	3347
guglda	180	3349
gugldan	145	3350
guglge	202	50464
guglğa	173	15150
guiru	211	66095
gulaihan	222	84420
gulaiym	183	23311
gulbahar	202	50439
gulbanu	231	97021
gulbaram	216	74785
guldana	231	96235
gulden	180	20221
guleke	173	14799
gulfairuz	213	69231
gulia	231	47106
guliadan	218	79737
guliaiu	203	51700
guliala	214	70975
guliali	200	47108
guliamen	218	78118
gulianka	205	55846
gulianyñ	201	48407
guliağa	201	48104
guliaş	215	72934
gulidıñ	216	75255
gulina	217	77891
guljahan	193	36754
guljan	231	15714
guljanat	174	15716
gulmaral	202	50898
gulmarjan	219	80056
gulmira	231	95452
gulnar	231	15194
gulnara	174	15195
gulnarğa	219	80015
gulnazym	214	71091
gulnazğa	217	77416
gulnur	231	96081
gulsaia	194	37491
gulsezim	200	46802
gulvira	196	41042
gulzada	231	97577
gulzat	164	9849
gulzattyñ	230	94341
gulzi	192	34619
gulziia	199	45166
gulzira	231	97084
gulşat	166	10819
gum	190	19193
gumanistık	204	54301
gumanitar	226	19199
gumanitarlyq	179	19202
gumanizm	226	90097
gusi	197	41889
guşi	148	3988
gvardiia	217	77144
gäkku	213	69656
gäp	160	7689
gäpke	182	22880
gäptıñ	201	48124
gör	231	11797
görı	168	11798
gül	128	980
gülbahar	209	63136
gülbala	207	58698
gülbanu	231	96369
gülbaqyt	182	22858
gülbaram	215	74325
gülbarşyn	231	97321
güldana	231	59347
güldanany	221	62473
güldananyñ	209	62474
güldanağa	207	59349
güldar	224	87704
gülde	216	10474
güldei	231	97375
gülden	166	10475
güldenu	218	78643
güldep	211	66433
gülder	231	42860
gülderdı	198	42862
gülderdıñ	206	57652
gülderge	210	63607
gülderı	199	45227
gülderım	221	84170
gülderın	210	63926
güldäuren	215	73918
güldı	171	13330
güldıñ	182	22832
güleke	231	54135
gülekeñ	204	54136
gülfairuz	194	37851
gülge	176	17110
gülhan	192	34605
güljaina	168	11718
güljan	231	42268
güljanar	197	42270
güljanat	231	96374
güljandy	220	81810
güljannyñ	206	56591
güljanğa	206	56716
gülmaira	217	77876
gülmen	201	48486
gülmira	231	54766
gülmiranyñ	205	54769
gülmirağa	208	59956
gülnar	231	21734
gülnara	181	21735
gülnardyñ	207	59247
gülnarğa	209	62469
gülnaz	231	43155
gülnazben	216	76215
gülnazdan	215	74352
gülnazdy	209	43157
gülnazdyñ	198	43158
gülnazğa	198	44039
gülnūr	231	52408
gülnūrdy	215	73448
gülnūrmen	220	81402
gülnūrğa	203	52410
gülperı	218	79540
gülsara	231	97397
gülsezım	231	95818
gülstan	203	51755
gülsım	231	82336
gülsımnıñ	220	82339
gülsıñ	225	88660
gültaban	229	92982
gülzada	174	15407
gülzar	222	84412
gülzat	231	79838
gülzattyñ	219	79841
gülziia	194	37529
gülzina	206	56829
gülzipa	208	61109
gülzira	167	11276
gülziranyñ	223	85874
gülım	136	1777
gülımge	202	49306
gülımmen	219	81130
gülımnıñ	203	52164
gülın	198	43537
gülıstan	218	78850
gülıñ	206	57196
gülıñdı	225	89395
gülşara	199	44853
gülşat	231	76682
gülşatqa	219	79923
gülşattyñ	217	76685
gürs	214	72115
habar	103	191
habarda	190	21652
habardamyz	203	52144
habardan	215	73873
habardar	181	21653
habardy	192	34848
habarlady	212	68615
habarlaidy	203	51557
habarlama	170	12769
habarlamany	200	46918
habarlandyru	164	9740
habarlandyrudy	199	44435
habarlap	190	31886
habarlar	206	56135
habarlas	231	8272
habarlasa	231	12361
habarlasady	181	21520
habarlasaiyn	184	25014
habarlasaiyq	205	55105
habarlasam	231	12362
habarlasamyz	169	12364
habarlasar	211	50235
habarlasarmyz	202	50238
habarlasarsyn	227	90971
habarlasarsyz	218	79267
habarlasarsyñ	209	61932
habarlasasyz	203	51344
habarlasasyñ	198	43329
habarlasatyn	194	38118
habarlaspa	196	8274
habarlaspady	183	23599
habarlaspadym	205	55775
habarlaspadyñ	197	41976
habarlaspadyñyz	222	84698
habarlaspai	161	8275
habarlaspaidy	205	55836
habarlaspaimyn	222	84761
habarlaspaisyñ	204	53801
habarlaspaityn	223	86745
habarlaspasa	223	86246
habarlaspağaly	218	79673
habarlasqan	172	14052
habarlasqanda	212	67573
habarlasqanyña	224	87219
habarlassa	199	27827
habarlassai	203	51957
habarlassam	187	27828
habarlassañ	219	65996
habarlassañyz	211	65998
habarlassyn	183	23565
habarlassynşy	211	66255
habarlastym	183	23615
habarlastyma	192	34716
habarlastyñ	182	22681
habarlastyñyz	209	61960
habarlasu	189	30761
habarlasudy	219	80740
habarlasuym	226	90343
habarlasuğa	190	31934
habarlasyñdar	193	35828
habarlasyñyz	171	11536
habarlasyñyzdar	168	11539
habarlasyñyzşy	203	52077
habarlasşy	171	13405
habarlau	200	46583
habarlaşy	228	92371
habarly	176	17041
habarsyz	231	95496
habary	185	25278
habaryn	231	95177
habarğa	216	75777
habarşy	212	68845
habib	231	90314
habibi	226	90315
hadiia	201	47981
hadis	187	27844
hadiste	209	61648
hadister	217	76436
hadistı	226	89756
hadişa	160	7938
hae	225	88308
hafiz	205	54894
hafiza	216	74613
haip	231	97190
haiuandai	224	87535
haiyr	213	20431
haiyrly	180	20433
haiyrlysy	216	75315
haiyry	211	65510
haiyz	213	70939
hakım	209	63050
halaiyq	186	27093
halal	231	96689
halat	231	30312
halatpen	195	39643
halattar	190	32586
halatty	189	30314
halattyñ	213	69659
halaty	200	47522
halatymdy	221	84124
halel	202	50695
halid	211	27496
halida	186	27497
halif	224	49854
halifa	202	49855
halifat	227	91182
halima	186	26952
halk	179	19755
halqy	231	3187
halqym	168	11617
halqyma	212	68150
halqymyz	188	23507
halqymyzdyñ	183	23510
halqyn	183	3188
halqyna	176	16601
halqynyñ	145	3190
halqyña	216	74915
halyq	231	9243
halyqaralyq	231	95641
halyqpen	201	48653
halyqpyz	213	69576
halyqqa	163	9245
halyqta	202	22207
halyqtar	182	22208
halyqtardyñ	187	28006
halyqtary	199	27681
halyqtarynyñ	186	27684
halyqty	165	9926
halyqtyq	182	22445
halyqtyñ	231	95546
hamit	231	96833
hamza	167	11209
han	231	7702
hanafi	218	79122
handar	193	36314
handary	203	51188
handy	193	17356
handyq	198	43320
handyğy	177	17358
handyğynyñ	180	20099
hanifa	200	46853
hannyñ	160	7839
hantalapai	213	69870
hanter	192	34795
hanym	231	7704
hanymdar	160	7707
hanymdy	200	46774
hanymmen	206	57704
hanymnan	205	54840
hanymnyñ	178	18651
hanymym	212	67432
hanymğa	185	25447
hanzada	231	15841
hanzadam	174	15842
hanzadasy	219	80459
hanğa	193	36427
hanşaiym	231	12066
hanşaiymdar	198	42682
hanşaiymdy	216	75458
hanşaiymnyñ	195	39443
hanşaiymy	193	12067
hanşaiymym	169	12068
hanşatyr	195	38435
haqnazar	201	48575
haqy	228	73015
haqym	215	73016
haqynda	228	92395
haqysy	221	83720
haqyñ	216	75523
harun	221	83177
hasanov	224	74114
hasanova	215	74115
hasen	192	35098
hasenova	211	66158
hat	231	28458
hatiko	198	42948
hatpen	205	54742
hatqa	202	50126
hatqalta	217	77297
hattama	231	53310
hattamany	204	53312
hattamasy	211	63486
hattamasyn	210	63487
hattamağa	213	69968
hattar	194	38224
hattardy	208	61287
hatty	231	97069
haty	187	28459
hatymdy	220	81576
hatşy	231	29189
hatşysy	188	29191
hatşyğa	228	92196
haua	215	73167
hazar	212	67536
hazıret	218	78546
hazıretı	218	78547
hernia	204	54017
hett	207	58797
heşteg	193	36562
hidaiat	214	71191
hidjab	231	68713
hidjabe	220	82187
hidjabpen	224	87742
hidjabtağy	212	68717
hidjama	185	25413
hikaia	200	46326
hikaialary	218	79469
hikmet	208	61066
himiia	231	1885
himiiada	196	4476
himiiadan	150	4477
himiialyq	137	1888
himiiany	178	18851
himiianyñ	197	42203
himiiağa	187	27798
himikat	215	74565
himiş	221	83236
hina	227	88305
hinatu	225	88307
hindi	203	51600
hloia	210	63489
hlordyñ	222	84448
hlorid	206	36344
hloridı	193	36345
hloridınıñ	204	52639
hlorly	213	70272
hlorofill	219	80133
hloroform	217	77060
hobbi	170	12622
hobbiım	197	41915
hobbiıñ	206	56255
holding	229	93385
holerik	215	74247
holesistit	220	82785
honda	192	34921
horda	216	76135
horeograf	218	58212
horeografiia	207	58215
horezm	203	51532
horgos	219	80854
hormeister	222	85069
hormen	210	64943
horoşr	227	91399
horğa	208	61512
hostel	215	74077
hristian	181	21227
hromatografiia	227	90885
hromdy	226	90121
hromit	229	93132
hromosoma	191	32692
hronograf	227	91204
hronologiialyq	169	12037
hronometraj	227	91445
hui	231	95437
häl	202	50616
hälde	230	93812
hälıñ	212	68772
hälıñız	221	83729
iakut	230	93975
ialla	226	89727
iaponskoe	211	67136
iapt	201	48519
iarus	228	92492
iasin	179	19875
iasina	200	47073
iba	209	58182
ibadulla	207	58187
ibadullaev	228	92039
ibaly	231	96482
ibn	174	15812
ibo	187	27823
ibraeva	197	42549
ibragim	231	45837
ibragimova	199	45840
ibrahim	178	18269
ibraimova	215	73253
ibufen	193	36744
ideal	165	10263
idealistık	225	88348
idealizm	217	76336
idealnyi	214	71255
idee	150	4350
idei	168	2141
ideia	138	2142
ideialar	181	21615
ideialary	201	49165
ideialyq	205	55743
ideiany	196	40478
ideiasy	166	10369
ideiasyn	183	23384
idem	178	19081
ideologiia	202	39716
ideologiialyq	196	39719
idet	154	5425
idete	211	65615
idi	231	94970
idite	231	97179
idti	166	10623
idu	231	17625
idut	177	17626
idöm	196	40680
idöt	171	13515
ie	231	22659
iegerı	182	22663
ielendı	203	50981
ielenu	205	54530
ielenuşı	226	89724
ielerın	199	44616
ielerıne	206	57499
ielf	200	97800
ielık	206	56679
iemdenu	221	84314
iemotsiiasyz	200	97809
ierarhiia	226	83316
ierarhiialyq	221	83319
iesı	231	22784
iesın	182	22785
iesız	224	87866
igertu	227	91570
igeru	177	17947
ignor	231	65349
ignorğa	210	65351
igr	178	6952
igra	231	6953
igraem	163	9104
igraet	162	8547
igrai	178	6954
igraiu	158	6955
igraiut	182	22560
igral	173	15138
igrali	186	26374
igre	166	10853
igrok	167	11152
igru	160	7888
igruşka	168	11555
igruşki	169	12365
igruşkoi	223	86630
igry	231	95305
igı	174	7431
igılıgı	194	7435
igılıgın	218	23054
igılıgıne	183	23055
igılıgıñe	159	7437
igılıgıñızge	180	20812
igılık	186	27099
igılıkke	196	41046
igılıkterıñe	189	31127
igılıkterıñızge	207	59182
igılıktı	211	65716
igılıktıñ	224	87313
ih	231	48735
ihsan	201	48738
ii	231	29696
iia	200	97710
iin	231	95308
iiu	188	29697
iiulia	198	44174
iiunia	189	30659
ikem	216	51788
ikemdı	203	51790
ikemdılık	205	56116
ikemsız	214	72576
ikona	207	58682
ikra	195	39303
iks	183	23807
ila	218	77994
ilan	217	77995
ile	154	5769
ilek	228	91791
ileu	194	37113
ilham	200	46841
ili	64	14
iliias	171	13763
illiustrasiia	208	61446
illä	211	65969
ilmira	215	72851
ilon	208	60129
ilähä	208	60127
ilı	229	92819
im	231	16151
ima	175	16152
imam	231	66991
imamdar	211	66994
imamnan	227	91417
imamnyñ	221	83662
imamğa	222	84607
iman	231	39729
imanbaeva	201	49037
imanda	222	84972
imandy	231	85561
imandylyqqa	222	85566
imanmen	229	93181
imannyñ	213	70578
imanov	206	39731
imanova	196	39732
imansyz	213	69988
imany	231	54456
imanym	210	65392
imanymdy	223	86983
imanyñ	205	54457
imanğali	231	97243
imaşeva	218	78437
ime	225	26154
imeet	231	56557
imeete	206	56558
imei	200	46103
imeiu	231	97191
imeiut	231	97592
imel	185	26155
imela	190	32299
imena	231	97238
imeni	231	96828
imenno	231	36579
imennoi	193	36580
imia	231	95347
imitasiia	223	86446
immundy	214	72100
immunitet	231	96291
imperatorlyq	228	92109
imperiialyq	219	80817
import	209	63074
imunitet	184	24040
inabat	231	8796
inabatty	162	8798
inabattylyq	220	82085
inabattyñ	211	65744
inaşe	182	22233
indeks	162	8837
indeksı	197	42204
indi	172	14360
indiia	186	26958
indiianyñ	222	84837
indikator	202	50736
indira	231	38997
indirada	224	87903
indiramen	214	72456
indirany	209	38999
indiranyñ	195	39000
indirağa	200	45925
indiskii	176	16580
indiuk	207	59596
individ	210	64659
indraiver	163	9059
indraivermen	199	45553
induksiia	204	52819
induksiialyq	225	88204
induktivtı	224	87117
indus	222	16976
industriia	203	16981
industriialandyru	176	16988
ine	163	8957
inersiia	186	26578
inersiialyq	211	66875
inerttı	212	67329
inet	231	96761
infa	231	38843
infarkt	195	38846
infeksiia	164	9552
infeksiialyq	197	41439
infeksionnyi	211	66382
infiniti	216	74994
infliasiia	201	48902
info	149	1262
informasii	171	13542
informasiia	231	65066
informasiiany	210	65068
informasiiu	172	14256
informatika	131	1269
informatikadan	231	97081
informbiuro	213	70585
infraqyzyl	210	63854
infraqūrylym	215	73820
ingaliasiia	195	17580
ingaliasiialyq	177	17583
ingaliator	217	77828
ingalipt	215	74107
injektor	202	50643
injener	178	18751
injeneriia	214	72320
injenerlık	198	44079
inju	168	11665
inkar	231	96089
inkassasiia	222	85190
inkliuzivtı	184	24717
inkubasiialyq	223	86844
inkubator	231	97284
inna	192	34825
innovasiia	208	22354
innovasiialyq	182	22357
inogda	140	2324
insan	223	86690
inspeksiia	220	82352
inspektor	189	30988
insta	231	1070
instada	137	1758
instadan	136	1759
instadağy	183	23480
instagram	129	1074
instagramda	163	9355
instagramdağy	197	41967
instagramdy	189	30583
instagramm	178	18617
instagramnan	167	11394
instagramnyñ	209	62063
instagramy	204	53487
instagramğa	172	13884
instam	187	23299
instama	183	23300
instamda	211	65563
instamdy	191	33363
instamen	191	33347
instamnan	219	80809
instan	190	16721
instana	213	69944
instandy	195	38654
instany	176	16722
instasy	166	10913
instasyn	170	12856
instasyna	195	38583
instasynan	208	61258
instañ	190	32275
instañdy	196	39749
instağa	231	95732
inste	179	19306
insti	210	20247
instinkt	214	72108
institut	180	20250
institutqa	224	87267
institutta	224	87260
instituty	189	30263
institutynyñ	204	53618
instruksiia	188	29984
instruktor	220	82258
instrumenty	193	36494
instu	192	34801
insulin	189	30691
integral	204	53351
integraldy	219	76464
integraldyq	217	76465
integrasiia	202	50271
integrasiialau	225	89005
intelektualdy	213	69488
intellekt	195	38521
intellektualdyq	199	44627
intelligensiia	225	88622
intensivtı	214	72570
inter	170	2168
interaktivtı	193	35909
interes	164	2170
interesnaia	194	38145
interesno	139	2172
interesnye	186	27382
interesnyi	180	20398
interesuet	173	14883
interfeis	205	54521
interferensiia	224	87365
intern	209	2299
internasional	230	90656
internasionaldyq	227	90659
internat	195	38858
internatqa	221	83645
internatta	199	45556
internet	231	2301
interneta	172	14237
internete	183	22944
internetke	172	14167
internetpen	190	31595
internetsız	212	68351
internette	162	2303
internettegı	207	59225
internetten	139	2304
internettı	185	25532
internettıñ	199	44392
internetı	191	33341
interpretasiia	221	84035
interval	210	64407
intervensiia	208	61085
intim	181	21402
intoksikasiia	210	63881
intonasiia	203	51467
intriga	182	22607
intro	195	39201
intuisiia	210	65216
inversiia	230	93933
invest	221	35007
investisiia	192	35012
investisiialyq	203	51025
investor	208	59921
inşaalla	184	24740
inşalla	231	95695
inşallah	231	95696
iog	225	33791
ioga	191	33792
iogurt	231	97417
ion	202	49739
iondauşy	222	85492
iondy	224	87671
iosif	226	90044
ipoteka	185	25343
ipotekağa	205	55904
ipoteku	207	58606
ira	231	53440
irada	204	53442
irandyq	220	81500
irek	194	38098
irina	231	96104
iris	189	30276
ironiia	208	61315
irrasional	194	37096
isa	231	25729
isaeva	185	25732
isahan	202	50321
isanyñ	211	67142
isatai	231	96650
isağa	214	71805
iskala	191	32810
iskrennie	220	81425
iskusstva	194	37036
iskusstvo	187	28195
islam	231	69118
islamdyq	227	90981
islamnan	212	69121
ispan	201	48917
ispanskii	206	57839
ispytanie	197	41431
issyk	203	52013
istagram	195	38363
isterika	203	51115
isteuge	182	22650
istihara	200	46869
istiğfar	216	74964
istoiia	228	91710
istorii	168	1192
istoriia	131	1193
istoriiada	200	44762
istoriiadan	199	44763
istoriiadağy	218	78636
istoriiama	205	55731
istoriiany	193	35457
istoriiasy	206	31316
istoriiasyn	189	31317
istoriiasyna	207	58924
istoriiasynan	211	65825
istoriiaña	199	45109
istoriiañdy	218	78161
istoriiağa	172	14401
istoriiu	171	13787
istoşnik	181	21167
isı	167	10955
isın	203	51281
isınen	221	84191
it	231	12019
itaki	231	97572
itakta	231	96788
italiianyñ	221	83918
iterme	224	87157
iteru	206	56546
iterılu	227	91577
iterıp	169	12023
itke	231	96921
itmūryn	215	72939
ito	231	21307
itog	190	21308
itogo	181	21309
itpen	182	22444
ittei	208	60729
itter	231	59901
itterdı	208	59903
itterı	217	76727
ittık	206	56960
ittıñ	231	96816
itın	205	55568
itıñdı	217	77371
itşe	217	77663
iubke	220	82624
iudaizm	218	79725
iungige	200	45986
iuolama	227	91304
iuoq	209	62743
iustisiia	218	79042
iusup	197	42052
iusupova	204	53116
iutub	231	11132
iutuber	183	23467
iutubqa	178	18812
iutubta	167	11134
iutubty	208	60366
ivai	231	95409
ivan	231	96585
iyq	178	18741
iyqqa	204	53430
iyqty	208	60974
iyğy	202	49960
iyğymdy	227	91181
iyğyn	210	51612
iyğyna	203	51613
izbil	222	84591
izium	209	62595
izmena	231	97210
izmenenie	188	29431
izmeneniia	180	20317
iznasilovanie	185	25707
iznosilovanie	208	61211
izoliasiia	220	82570
izoliator	227	91238
izoterma	212	69081
izotop	227	90705
izumrud	209	61682
izveni	182	15709
izvenite	174	15711
izvestno	183	23451
izvini	151	4809
izvinite	231	95575
iä	231	94728
iılgış	216	56317
iılgıştık	206	56320
iılu	203	52078
iılıp	195	39372
iın	221	67178
iındı	211	67180
iıp	194	36876
iır	225	52904
iıru	225	88996
iırım	214	52906
iırımı	204	52907
iıs	158	5647
iıske	216	10992
iıskegım	213	69977
iıskei	225	88755
iıskep	167	10993
iıskeu	226	90256
iıssız	217	76462
iıstı	189	30155
iısı	154	5648
iısın	185	25199
iısınen	215	73210
iısıñ	210	55102
iısıñdı	205	55104
iısıñızdı	229	93264
işara	224	88067
işga	192	34379
işu	231	95502
işı	213	69516
jaba	146	3548
jabady	176	16678
jabaev	196	39695
jabaevtyñ	229	92653
jabai	205	8201
jabaiy	161	8202
jabaiylar	213	70101
jabaiyn	198	43885
jabam	178	18696
jabamyn	196	40380
jabamyz	190	31570
jabasyz	225	89390
jabasyñ	208	59909
jabatyn	182	22376
jabağy	159	7547
jabağyly	229	92678
jabdyq	205	33231
jabdyqtaluy	220	81725
jabdyqtalğan	200	46419
jabdyqtar	191	33234
jabdyqtary	198	43398
jabdyqtau	201	48255
jabdyqty	207	58261
jabu	164	9514
jabudy	216	76009
jabuly	218	78318
jabuym	212	68082
jabuğa	190	31971
jaby	220	2178
jabyla	203	12411
jabylady	169	12413
jabylatyn	199	44746
jabyldy	231	97361
jabylmai	189	30897
jabylmaidy	200	47167
jabylmaityn	217	77510
jabylsa	198	44166
jabylsyn	194	37843
jabylu	202	50426
jabyluy	210	63641
jabylyp	143	2839
jabylğan	183	23129
jabylğany	229	92844
jabyn	205	54790
jabyndy	229	93354
jabyp	221	83679
jabyq	139	2179
jabyrqap	219	80434
jabyrqau	230	93669
jabyrqañqy	200	97686
jabysa	190	32274
jabysatyn	210	65461
jabysqan	204	53541
jabysqaq	208	61432
jabysty	209	18938
jabystyra	216	61502
jabystyratyn	208	61505
jabystyru	211	66572
jabystyryp	178	18941
jabysu	225	89095
jabysyp	143	2962
jabyñqy	200	97689
jad	202	30620
jadağai	223	86626
jadnama	228	91715
jadnyi	199	45604
jado	189	30621
jadok	204	53762
jady	195	39457
jadymda	224	87470
jadyra	231	42447
jadyradan	213	69999
jadyrany	210	64937
jadyrağa	197	42449
jagdailaryn	206	57769
jagi	230	94617
jaha	231	28448
jahandanu	187	28453
jai	231	1318
jaiamyz	220	82672
jaiau	138	2117
jaiaulatyp	225	88366
jaibaraqat	210	63562
jaibasar	223	86829
jaida	200	10202
jaidan	166	10796
jaidaq	209	63143
jaidar	192	10203
jaidarly	206	56588
jaidarman	165	10206
jaidary	198	42982
jaidy	188	29763
jaidyñ	222	85647
jaila	211	1320
jailap	132	1321
jailar	223	85954
jailau	177	17832
jailauda	206	57591
jailauğa	205	55228
jailağan	209	62247
jaily	231	78074
jailylyq	217	78077
jaima	231	95668
jaimen	231	31050
jaimendep	189	31053
jaina	231	9378
jainadan	218	79235
jainagul	212	68228
jainagül	195	38950
jainai	209	61770
jainamaz	189	31093
jainany	215	54558
jainanyñ	205	54559
jainap	164	9379
jainaq	217	77255
jainar	190	31451
jainağa	205	55551
jainağan	211	66114
jaipaq	221	83398
jaiqalyp	204	54081
jaiqalğan	217	76781
jairap	221	83119
jairaq	180	20007
jaisan	192	35194
jaisañ	198	42983
jaisyz	195	39511
jait	197	42205
jaiu	200	47273
jaiuğa	212	68920
jaiylma	203	51593
jaiylmaly	230	93656
jaiylu	226	90347
jaiylym	200	47385
jaiylymdyq	217	76354
jaiylyp	183	23726
jaiylğan	190	32070
jaiym	183	23829
jaiymen	214	72458
jaiymyz	199	44526
jaiyn	183	3887
jaiyna	179	19176
jaiynda	148	3889
jaiyndağy	206	57181
jaiyp	231	95920
jaiyq	171	13326
jaiyqqa	220	82899
jaiyqtyñ	202	50913
jaiyraq	193	36521
jaiyñ	222	60485
jaiyña	208	60486
jaiyñyz	219	80989
jaiğa	204	34990
jaiğan	192	35331
jaiğas	212	34991
jaiğastyryp	198	43866
jaiğasyp	192	34993
jaiğau	226	90122
jaişa	138	2035
jaişama	231	97561
jaişylyq	193	35483
jaişylyqpa	206	57695
jaişylyqta	228	92397
jake	153	5398
jaket	195	38585
jakeñ	200	46356
jakka	124	703
jako	142	2735
jakon	231	52659
jakonai	204	52661
jakoş	189	31016
jaksylyqty	214	71376
jaksylyğyn	226	89708
jaksymyz	164	9455
jaktyrmai	190	32152
jakupov	221	83208
jala	231	20944
jaladan	208	60093
jalaim	201	47267
jalaimyn	200	47269
jalaiyr	191	33045
jalama	226	90244
jalap	231	96311
jalaq	225	22032
jalaqy	182	22033
jalaqysy	199	44458
jalauly	228	92451
jalauşa	223	86243
jalañ	181	20945
jalañaş	231	96746
jalañbūt	229	92858
jalağaşqa	208	60404
jalağaşta	216	75717
jalba	230	79894
jalbarynyp	219	79899
jalbyrap	205	55438
jalbyz	211	66191
jaldai	225	75841
jaldaimyz	216	75844
jaldaityn	216	76001
jaldamaly	187	28080
jaldap	231	96489
jaldau	205	54834
jaldy	224	87054
jalep	162	8886
jalgas	231	97044
jaliuzi	195	38387
jalko	148	3918
jalma	221	62039
jalmauyz	231	97441
jalmañ	228	62040
jalmañdap	209	62043
jalob	231	24595
jaloba	184	24596
jaloby	191	33068
jalp	162	8664
jalpaq	176	16892
jalpaqtau	227	90925
jalpağynan	209	62741
jalpi	227	90711
jalpy	231	15680
jalpyadamzattyq	174	15690
jalpyhalyqtyq	203	50977
jalpylai	218	78727
jalpylama	190	32383
jalpylau	201	48614
jalpylauyş	230	94624
jalpyğa	187	27989
jalpyūlttyq	203	52574
jalqau	231	37196
jalqaulyq	194	37199
jalqaulyqqa	230	93705
jalqaulyqtan	228	92595
jalqy	197	42287
jaltaq	223	69085
jaltaqtap	212	69088
jaltyr	230	72861
jaltyrap	215	72863
jaltyratu	225	88911
jalyn	172	7580
jalynady	223	86705
jalynaiyn	222	84605
jalynam	198	42803
jalynba	196	40433
jalynbaimyn	209	62388
jalyndağan	217	76309
jalyndy	172	13871
jalyndym	212	67367
jalyndyra	217	78047
jalyndyryp	201	49199
jalynu	218	78220
jalynyp	159	7582
jalynyşty	217	76790
jalynğan	215	73669
jalyqpai	215	67438
jalyqpaidy	212	67440
jalyqpaimyn	213	70252
jalyqqan	204	52863
jalyqtym	196	39756
jalyqtyryp	204	53406
jalyğyp	168	11851
jalğaityn	216	76027
jalğan	231	32022
jalğanda	190	32024
jalğannyñ	226	89659
jalğanu	217	76829
jalğap	178	18286
jalğas	231	4847
jalğasa	181	21800
jalğasady	186	26854
jalğaspen	220	82654
jalğasqa	210	64064
jalğassa	224	88141
jalğasty	201	14594
jalğastyr	185	14595
jalğastyra	175	16335
jalğastyrady	201	49114
jalğastyraiyn	217	76794
jalğastyram	214	20946
jalğastyramyz	181	20948
jalğastyratyn	214	71921
jalğastyru	190	31885
jalğastyruğa	212	68519
jalğastyruşy	216	75317
jalğastyryp	173	14597
jalğastyñ	205	54450
jalğasu	220	47845
jalğasuda	201	47847
jalğasy	152	4848
jalğasyn	231	96626
jalğasyp	183	23115
jalğau	172	14208
jalğauly	230	82023
jalğaulyq	220	82024
jalğaulyqsyz	229	93158
jalğy	216	2396
jalğyz	231	2397
jalğyzbasty	216	75024
jalğyzbyn	183	23064
jalğyzdyq	231	44557
jalğyzdyqqa	209	61666
jalğyzdyqta	220	44559
jalğyzdyqtan	199	44560
jalğyzdyqty	210	64355
jalğyzsyrap	194	37775
jalğyzsyñ	203	51633
jalğyzsyñba	221	83716
jalğyzy	218	2398
jalğyzym	140	2399
jama	193	12445
jamal	231	49595
jamalbek	202	49598
jamaldyñ	229	92880
jaman	231	12446
jamanaq	217	76333
jamanatty	215	73374
jamanda	193	23883
jamandady	202	50456
jamandai	183	23884
jamandaidy	201	47828
jamandaityn	203	52250
jamandama	197	42594
jamandamai	213	69511
jamandap	231	88469
jamandapty	225	88471
jamandat	225	89164
jamandau	202	49644
jamandauğa	215	73109
jamandağan	184	24678
jamandağanym	217	77418
jamandy	202	38659
jamandyq	231	38660
jamandyqqa	199	45792
jamandyqtan	195	38663
jamandyqty	207	58451
jamandyğyn	210	64848
jamanmyn	180	20321
jamannan	207	58190
jamannyñ	211	65519
jamansyñ	196	40747
jamany	169	12447
jamanyn	203	51645
jamanğa	211	65760
jamanğo	191	33650
jamanğoi	206	56370
jamanşylyq	199	44792
jamap	204	53249
jamau	207	58172
jamağat	178	18295
jamağatpen	223	86776
jamağatqa	227	91035
jamağaty	230	93888
jambas	177	17821
jambasqa	215	73931
jambastan	214	71267
jambasym	212	68358
jambo	183	23931
jamby	223	41459
jambyl	231	41460
jambyla	203	51646
jambyldan	220	82543
jambyldy	226	41462
jambyldyñ	197	41463
jambylğa	210	65050
jambyr	214	72209
jamila	231	96844
jamilia	231	97098
jampoz	230	93607
jamylatyn	212	67661
jamylyp	174	15560
jamylğy	214	71612
jamyrap	200	46526
jan	231	3100
jana	231	4442
janaarka	210	63725
janabaeva	207	57984
janadan	231	96023
janagul	207	59617
janaiym	167	11389
janakorgan	202	50887
janaly	211	59174
janalyq	231	59175
janalyqtar	207	59178
janama	231	92467
janaman	228	92468
janan	209	62130
janaozen	178	18459
janar	231	19625
janara	231	97269
janarda	207	47818
janardan	201	47819
janardy	198	21445
janardyñ	181	21446
janargül	179	19628
janarka	215	74377
janarlar	217	77351
janarmai	207	58592
janarmen	203	52095
janartau	211	66840
janarym	210	64357
janarys	231	96873
janaryñnan	219	80974
janarğa	183	23123
janas	203	24339
janaspaly	230	93768
janasu	208	60395
janasyl	184	24341
janat	231	32459
janattan	209	61586
janatty	211	40610
janattyñ	196	40611
janatyn	190	32461
janau	229	92767
janaza	197	41984
janazasy	206	56999
janazağa	209	61929
janaözen	209	61987
janağana	207	58460
janağy	150	4444
janağydai	218	79610
janaşyr	169	12157
janaşyrlyq	205	55035
janaşyry	207	43844
janaşyrym	198	43845
janbai	183	23040
janbo	231	64880
janbol	211	64881
janbolat	231	64883
janbolatqa	212	67402
janbolattyñ	210	64886
janbota	231	97071
janda	195	14032
jandai	213	70736
jandar	231	14033
jandarbek	172	14036
jandardan	215	73632
jandardy	196	25245
jandardyñ	185	25246
jandarm	178	18743
jandarmen	204	53365
jandarmyz	222	84906
jandary	181	21522
jandarym	231	95015
jandaryn	196	40299
jandarynda	214	71881
jandaryñ	199	45193
jandaryñda	222	84718
jandaryñyz	219	80785
jandarğa	176	16714
jandau	229	93015
jandos	231	31839
jandosov	207	31841
jandosova	190	31842
jandospen	201	48102
jandostan	209	62111
jandostar	219	79783
jandosym	214	71992
jandy	231	51891
jandyryp	203	51894
janel	231	96227
janelia	231	97626
janerke	231	76630
janerkede	217	76632
janerkem	217	77904
jangül	190	31679
jani	175	12096
janibek	169	12099
janiia	231	62017
janiianyñ	209	62020
janiiağa	212	68971
janik	193	36102
janjal	194	36920
janjaldy	230	94456
janjanym	216	75494
janjarym	210	64565
janka	144	3102
jankamen	219	80672
jankany	218	57931
jankanyñ	207	57932
jankağa	204	53577
jankeldı	204	54203
jankent	218	78133
janko	194	37267
janküier	213	69819
janküierlerı	225	88937
janm	200	97690
janna	231	51396
jannanyñ	203	51399
jannağa	204	53884
jannur	231	96944
jannyñ	231	97019
jannūr	231	58117
jannūrdyñ	207	58120
janqiiar	214	65974
janqiiarlyq	211	65977
janqoja	201	48393
janr	169	12490
janrlyq	196	41018
janry	231	97595
jansaia	231	94877
janseiıt	205	55584
janserı	218	7306
janserık	159	7307
janserıktıñ	215	72715
jansezım	178	18410
jansugurova	212	68527
jansulu	183	23143
jansyn	180	20288
jansyz	174	15552
jansyzdandyru	194	37589
jansyñ	175	15936
jansūltan	200	47211
jansūlu	231	96665
jantai	210	63667
jantalas	225	89225
jantaq	220	82144
jantas	204	54350
jantore	199	45433
jantöre	186	26718
janu	177	4685
januar	162	4687
januardy	204	44703
januardyñ	199	44704
januarlar	151	4690
januarlarda	201	48476
januarlardy	185	12084
januarlardyñ	169	12085
januarlarğa	197	41375
jany	231	9677
janyl	187	28211
janylsyn	198	43127
janym	231	26679
janyma	231	69392
janymai	213	69393
janymau	231	95521
janymda	231	52840
janymdai	204	52841
janymdy	231	96326
janymen	207	59526
janymka	195	39120
janymnan	231	96917
janymsol	231	97245
janymsyñ	186	26682
janymyzdan	222	84559
janymyzğa	214	71274
janyn	231	10650
janyna	231	12513
janynan	169	12514
janynda	231	10652
janyndai	230	94652
janyndağy	166	10654
janyndy	187	28411
janynyñ	207	57911
janyp	231	95567
janyñ	231	9678
janyña	169	12108
janyñda	231	37619
janyñdamyn	210	63871
janyñdağy	194	37621
janyñdy	164	9680
janyñmen	225	88639
janyñnan	190	32254
janyñyz	184	24312
janyñyzda	186	26684
janyñyzdy	214	71384
janyñyzğa	198	43764
janğa	157	6657
janğali	196	40437
janğan	189	30850
janğanda	203	51194
janğazy	217	76738
janğyş	204	53205
janıbek	195	38995
janşyrai	213	70647
janūiada	205	56054
janūialyq	223	86595
janūiasy	204	54031
janūiañ	213	70270
janūiaña	218	78173
janūiañmen	219	80509
janūiañyzğa	228	92339
janūiağa	221	84194
jap	231	10197
japa	204	53593
japadan	216	74817
japalaq	208	61221
japan	220	82727
japon	182	22788
japondyq	204	53213
japoniiada	210	64509
japoniianyñ	213	70822
jappa	196	10199
jappai	165	10200
japqan	185	25888
japqanda	209	62055
japqyş	203	51302
japsarlas	230	93641
japsañ	208	60142
japsyra	225	88646
japsyrma	222	85023
japsyru	199	45535
japsyryp	189	30080
japty	183	23272
japtym	185	25784
japtyq	213	70522
japtyryp	212	68043
japtyñ	205	54468
japtyñba	230	93785
japyraq	168	11490
japyraqtar	197	41708
japyraqtary	201	47610
japyraqty	196	25319
japyraqtyñ	185	25320
japyrağy	195	38797
japyrağym	200	47514
japyrağyn	221	82949
japşy	231	96712
jaq	231	1373
jaqai	216	66986
jaqaiym	211	66988
jaqpa	196	8804
jaqpady	206	56667
jaqpai	162	8805
jaqpaidy	179	19760
jaqpaisyñ	194	38142
jaqpaityn	197	42372
jaqpasa	209	63007
jaqpağan	211	66436
jaqpen	175	16266
jaqqa	231	23201
jaqqan	183	23202
jaqqanda	208	61491
jaqsarady	204	52730
jaqsardy	207	58884
jaqsartady	196	40902
jaqsartu	181	21455
jaqsartuğa	196	41201
jaqsartyp	213	70166
jaqsaryp	182	22346
jaqsy	231	6066
jaqsybai	195	39471
jaqsyda	212	60919
jaqsydan	208	60920
jaqsygul	228	92076
jaqsygül	198	44120
jaqsylap	231	95087
jaqsylar	194	21235
jaqsylarmen	224	87276
jaqsylary	207	21236
jaqsylarym	181	21237
jaqsylau	226	89759
jaqsylyp	216	74650
jaqsylyq	231	6069
jaqsylyqpen	192	34489
jaqsylyqqa	231	96201
jaqsylyqta	190	6071
jaqsylyqtan	215	73670
jaqsylyqtar	187	6072
jaqsylyqtardy	155	6074
jaqsylyqtaryn	208	60527
jaqsylyqtaryñ	216	75181
jaqsylyqtaryñdy	223	86529
jaqsylyqtaryñyz	220	81902
jaqsylyqtarğa	211	67020
jaqsylyqty	231	28913
jaqsylyqtyñ	188	28914
jaqsylyğy	186	26537
jaqsylyğymdy	221	83505
jaqsylyğymen	192	34775
jaqsylyğyn	231	96134
jaqsylyğyñ	199	45726
jaqsylyğyñdy	208	60225
jaqsylyğyñyz	211	66791
jaqsyma	231	94915
jaqsymen	213	70086
jaqsymyn	231	94874
jaqsymyz	231	95180
jaqsyny	186	26672
jaqsynyñ	198	42996
jaqsyraq	189	31320
jaqsysy	171	9416
jaqsysyn	176	16814
jaqsysyna	217	77855
jaqsysyz	186	26439
jaqsysyzba	198	43160
jaqsysyñ	167	9417
jaqsysyñba	184	24940
jaqsysyñdar	197	9420
jaqsysyñdarma	164	9422
jaqsyz	212	67766
jaqsyğa	194	37343
jaqsyğo	161	8385
jaqsyğoi	168	11775
jaqta	231	4429
jaqtada	185	25900
jaqtai	224	87796
jaqtama	192	35368
jaqtamyn	184	24295
jaqtamyz	212	67363
jaqtan	231	33392
jaqtanda	203	52455
jaqtansyz	211	66026
jaqtansyñ	191	33395
jaqtap	175	15886
jaqtarda	202	50710
jaqtary	182	21927
jaqtaryn	188	29475
jaqtaryñ	208	60191
jaqtarğa	209	62138
jaqtasyp	214	72627
jaqtasyz	215	74147
jaqtasyñ	188	29212
jaqtau	208	61354
jaqtağy	150	4431
jaqtağylar	198	44127
jaqty	231	6332
jaqtykı	206	56436
jaqtym	192	34469
jaqtyn	191	33429
jaqtyq	216	75634
jaqtyra	225	88403
jaqtyrmai	165	10020
jaqtyrmaidy	194	38153
jaqtyrmaityn	204	53517
jaqtyrmasañ	207	58147
jaqtyrmağan	211	66948
jaqtyrtpai	203	51242
jaqtyñ	156	6333
jaqtıkı	192	35073
jaqvn	227	90710
jaqyn	231	1375
jaqynba	198	43715
jaqynda	132	1377
jaqyndady	196	40539
jaqyndadym	221	83654
jaqyndadyñ	215	73050
jaqyndai	185	25911
jaqyndama	197	42642
jaqyndamai	216	76007
jaqyndap	231	95810
jaqyndar	213	38847
jaqyndary	212	38848
jaqyndarym	195	38849
jaqyndaryma	217	77774
jaqyndaryn	221	83261
jaqyndaryñ	201	47599
jaqyndaryña	220	81733
jaqyndaryñyzğa	216	74852
jaqyndasa	218	78146
jaqyndasañ	222	85786
jaqyndasu	221	83543
jaqyndasyn	208	60010
jaqyndata	223	86711
jaqyndatu	229	93196
jaqyndatyp	193	36518
jaqyndau	198	44143
jaqyndauğa	223	86334
jaqyndağan	183	9024
jaqyndağanda	163	9026
jaqyndağy	213	70689
jaqyndyq	221	84206
jaqynmyn	214	71566
jaqynnan	179	19293
jaqynraq	216	75184
jaqynsyñ	211	66766
jaqyny	198	14288
jaqynym	172	14289
jaqynyn	221	83591
jaqynyraq	178	18632
jaqynyñ	204	53018
jaqynğa	230	93853
jaqyp	187	28337
jaqys	203	52313
jaqūt	220	82192
jar	231	791
jara	231	1897
jarai	231	1898
jaraidy	231	59294
jaraidyma	207	59296
jaraima	231	95291
jaraisyn	231	96657
jaraisyz	231	15182
jaraisyzdar	174	15185
jaraisyñ	231	1901
jaraisyñdar	137	1904
jaraladyñ	221	83260
jaralanyp	209	62394
jaralanğan	210	64501
jaralap	183	23588
jaralağan	216	76221
jaraly	231	97277
jaralğan	189	31281
jaram	175	16184
jaramai	231	21587
jaramaidy	181	21589
jaramas	227	86280
jaramasa	223	86281
jaramdy	186	26472
jaramdylyq	214	71360
jaramsyz	187	28527
jaran	219	27332
jarany	186	27333
jaranyñ	191	33981
jarap	185	26293
jarapazan	229	93052
jaraq	209	23436
jaraqat	183	23438
jaraqattanu	219	81287
jaraqatty	218	78652
jarar	175	16026
jaras	231	9954
jarasa	178	17898
jarasady	231	95780
jarasama	177	17900
jarasamyz	215	74170
jarasar	210	65136
jarasasyñdar	208	61270
jarasatyn	190	31586
jaraspai	189	9957
jaraspaidy	165	9959
jaraspaityn	209	62238
jarasqa	217	26049
jarasqan	185	26050
jarassa	195	39161
jarasty	208	61524
jarastyqty	226	90058
jarastyñ	212	68999
jarasu	226	89782
jarasy	188	17619
jarasymdy	177	17622
jarasyn	187	28854
jarasyp	231	95964
jarat	167	8326
jarata	207	58316
jaratpai	214	72190
jaratqan	169	12044
jaratqannan	225	89199
jaratqannyñ	218	78611
jaratqanym	230	94479
jaratqanğa	221	83016
jaratty	195	38656
jaratu	216	32088
jaratuşy	190	32090
jaratuşym	224	87723
jaratylys	161	8330
jaratylystanu	231	95153
jaratylysy	205	54949
jaratylğan	200	45970
jaratyp	178	19113
jarau	227	90961
jarağa	202	49934
jarağan	218	79558
jardai	220	82164
jardy	179	19915
jardyñ	195	38423
jargon	193	36783
jariia	182	21856
jariialady	185	25479
jariialaidy	213	69849
jariialandy	186	26659
jariialanğan	185	25455
jariialap	185	26012
jariialau	193	35760
jariialauğa	213	70500
jariialağan	197	41418
jariialylyq	226	90175
jariiağa	217	76805
jarkent	231	29609
jarkentke	188	29611
jarkentte	193	35623
jarkentten	210	64244
jarkenttıñ	222	85573
jarko	188	29850
jarkoe	199	44969
jarly	208	45916
jarlyq	200	45917
jarma	191	33509
jarmasyp	217	77288
jarna	211	5465
jarnama	154	5467
jarnamalap	199	45243
jarnamalau	212	68169
jarnamalyq	203	51959
jarnamağa	203	51494
jarokova	199	44944
jarq	183	2747
jarqa	214	71029
jarqanat	216	75522
jarqyldap	218	79699
jarqyn	142	2749
jarqynai	172	14213
jarqynbek	190	32021
jarqynym	202	50462
jarqyrai	212	67302
jarqyrap	163	9349
jarqyratyp	215	73858
jarqyrağan	192	35423
jart	231	2199
jartas	194	38190
jarty	231	2200
jartybas	196	39692
jartyjyldyq	226	90391
jartylai	154	5449
jartymdy	227	91261
jartysy	139	2202
jartysyn	142	2724
jartysyna	179	19515
jartysynan	186	26498
jartysynda	182	21940
jartysyndağy	217	76774
jartysynyñ	211	66520
jaru	193	35982
jary	231	792
jaryla	209	31828
jarylady	203	52072
jarylaiyn	190	31831
jarylam	193	35458
jarylatyn	200	46449
jaryldy	198	24608
jaryldym	184	24609
jarylqap	198	43542
jarylqasyn	157	6761
jarylu	223	86631
jarylyp	150	4327
jarylys	197	42589
jarylğan	193	36014
jarylğyş	213	70748
jarym	126	793
jaryma	208	59919
jarymai	208	60891
jarymda	231	16293
jarymdarda	175	16296
jarymdy	206	56961
jarymes	220	82729
jarymmen	225	89175
jarymnan	187	28889
jarymnyñ	215	72879
jarymyna	225	89286
jarymynda	197	41760
jarymğa	170	13004
jaryn	197	42566
jaryp	159	7479
jaryq	231	24926
jaryqqa	184	24928
jaryqta	197	41299
jaryqty	200	31687
jaryqtyq	192	34369
jaryqtyñ	190	31688
jaryqşaqty	220	81549
jarys	231	7146
jarysaiyq	206	56896
jarysamyz	207	58353
jarysqa	158	7148
jarysta	185	26140
jarystan	194	36983
jarystar	192	34634
jarystardan	225	89393
jarystardyñ	227	90661
jarystarğa	194	38215
jarysty	208	61078
jarysu	214	71048
jarysy	192	11153
jarysyna	202	49685
jarysyp	167	11154
jarytyp	209	62399
jaryñ	187	28393
jaryña	222	84580
jaryñdy	210	65236
jaryñnyñ	207	58001
jaryñyz	210	64947
jaryğy	192	10250
jaryğym	165	10251
jarğan	204	52744
jarğanat	212	67818
jarğaqty	226	90140
jarğy	196	40928
jarğylyq	228	92194
jarşy	226	76092
jarşysy	216	76094
jas	231	1107
jasa	231	1668
jasaa	207	59418
jasada	213	70449
jasady	143	1865
jasadym	137	1866
jasadyn	166	10829
jasadyq	174	15674
jasadyñ	154	5645
jasadyñba	187	28170
jasadyñdar	197	41790
jasadyñyz	183	23240
jasai	231	2185
jasaidy	231	95108
jasaima	231	97159
jasaimyn	139	2188
jasaimyz	231	36802
jasaimyzba	193	36804
jasaisyn	168	11713
jasaisynba	198	43934
jasaisyz	156	6436
jasaisyzba	185	26266
jasaisyzdar	185	25952
jasaisyñ	155	5883
jasaisyñba	190	32533
jasaisyñdar	193	35618
jasaityndai	216	75366
jasaitynyn	192	35305
jasaiyn	146	3418
jasaiyq	158	7051
jasalady	159	7319
jasalatyn	172	14171
jasaldy	170	12618
jasalmaidy	211	66843
jasalmağan	201	49172
jasalsa	207	59159
jasalu	175	16099
jasaluy	193	35812
jasalynady	198	42739
jasalynyp	215	74357
jasalynğan	198	43387
jasalyp	175	16499
jasalğan	140	2403
jasama	162	8470
jasamady	194	13203
jasamadym	171	13204
jasamadyq	213	70199
jasamadyñ	203	51238
jasamai	231	10895
jasamaiaq	209	61652
jasamaidy	166	10897
jasamaimyn	177	17383
jasamaimyz	188	29403
jasamaisyz	209	62815
jasamaisyñ	195	38591
jasamaityn	180	20665
jasamaiyn	201	48925
jasamaq	224	87261
jasamasa	187	28433
jasamasam	199	44691
jasamasaq	214	71413
jasamauğa	225	88413
jasamağan	181	21559
jasamaşy	216	76212
jasampazdyq	221	83242
jasandar	190	31583
jasandy	164	9697
jasandylyq	215	73222
jasap	231	18670
jasapsyñ	206	56748
jasapty	178	18672
jasaq	198	43154
jasaqtau	220	81517
jasar	148	3979
jasaral	226	89456
jasaru	229	93485
jasarymdy	225	89076
jasaryp	186	27435
jasasa	158	7223
jasasada	210	65125
jasasai	188	29396
jasasam	159	7337
jasasan	175	16136
jasasaq	176	16588
jasasañ	168	11581
jasasañdar	209	62066
jasasañyz	181	21555
jasasañyzda	218	78549
jasasu	222	85719
jasasyn	154	5677
jasat	192	5052
jasatady	205	55534
jasataiyn	188	29747
jasataiyq	223	86143
jasatam	182	22598
jasatamyz	202	49940
jasatatyn	195	39322
jasatqan	188	29872
jasatsam	199	44709
jasatty	206	34052
jasattym	191	34053
jasattyq	224	87947
jasattyñ	206	57655
jasatu	176	16991
jasatuğa	195	38442
jasatyp	152	5054
jasau	231	1669
jasauda	186	26615
jasaudy	165	10232
jasaudyñ	187	28852
jasaumen	206	56677
jasaurap	202	49665
jasauy	180	20460
jasauym	181	21814
jasauymyz	197	41865
jasauyn	200	46166
jasauyna	203	51727
jasauyñ	214	72195
jasauğa	135	1671
jasauşy	189	30589
jasañ	192	5745
jasañdar	165	10305
jasañyz	154	5747
jasañyzdar	181	21575
jasañyzşy	196	41199
jasağaly	208	61320
jasağam	174	15642
jasağan	231	33451
jasağanbyz	209	62846
jasağanda	231	49945
jasağandai	208	60124
jasağandar	202	49946
jasağandy	198	42677
jasağanmyn	203	51962
jasağannan	195	39007
jasağansyñ	211	65679
jasağany	191	33452
jasağanym	197	42262
jasağanyn	193	36556
jasağanyñ	204	53313
jasağanyñdy	210	65102
jasağanğa	200	46521
jasağasyn	214	71658
jasağym	173	14758
jasağyn	215	73593
jasağysy	197	42451
jasağyñ	202	33696
jasağyñyz	191	33698
jasaş	171	13807
jasaşy	181	21181
jasik	231	65141
jasiktıñ	210	65144
jaslan	187	27742
jasly	216	75921
jasmin	231	15537
jasmina	174	15538
jasminge	204	53978
jaspyn	186	27415
jaspyz	197	42524
jasqa	130	1109
jasqanat	218	78284
jasqanşaq	223	85917
jassa	183	23047
jassyn	191	33350
jassyñ	178	19020
jassyñdar	211	67187
jassyñğoi	220	82828
jasta	141	1391
jastai	188	29618
jastaiynan	199	45695
jastalap	217	76644
jastamyn	182	22405
jastan	140	2438
jastar	133	1392
jastarda	206	56656
jastardan	210	64059
jastardy	176	12647
jastardyñ	170	12648
jastarmen	204	53890
jastary	166	10476
jastarymyz	210	65330
jastaryn	192	34276
jastaryna	204	52739
jastarynyñ	201	48126
jastaryñ	180	20517
jastaryñyz	203	52499
jastarğa	165	10042
jastasyñ	217	76530
jastau	201	47878
jastağy	153	5206
jasty	148	3972
jastyq	152	4483
jastyqpen	209	62860
jastyqqa	201	48205
jastyqta	150	4485
jastyñ	182	21919
jastyğyn	222	84427
jasu	217	7519
jasulan	159	7522
jasuşa	170	13046
jasuşadağy	210	63944
jasuşalardy	207	38289
jasuşalardyñ	195	38290
jasuşalary	185	25382
jasuşalarynyñ	194	38205
jasuşaly	201	28614
jasuşalyq	187	28615
jasuşany	218	25217
jasuşanyñ	185	25218
jasuşasynyñ	206	56890
jasy	231	1432
jasyl	231	59736
jasyldy	208	60123
jasyly	208	59737
jasym	231	12290
jasyma	184	24413
jasymda	169	12292
jasymdy	187	27829
jasymnan	199	45081
jasymyz	194	37705
jasyn	133	1433
jasyna	231	27655
jasynan	186	27656
jasynda	161	8128
jasyndai	230	93759
jasyndağy	204	53154
jasynyñ	218	78293
jasyp	193	35733
jasyq	227	90702
jasyra	190	32106
jasyrady	211	66686
jasyrasyñ	210	64368
jasyratyn	193	35752
jasyrma	201	18430
jasyrmai	178	18431
jasyrmaimyn	208	60065
jasyru	200	46496
jasyrylğan	215	73998
jasyryn	231	56571
jasyrynbaq	229	93497
jasyrynyp	206	56573
jasyryp	231	96245
jasyrğan	203	51682
jasyñ	231	7602
jasyña	159	7603
jasyñda	189	30928
jasyñdy	192	34468
jasyñmen	213	69452
jasyñnan	219	80771
jasyñyz	231	28831
jasyñyzda	218	79318
jasyñyzdy	207	58058
jasyñyzğa	187	28833
jasyūzaq	223	86216
jasöspırım	205	28498
jasöspırımder	187	28501
jasöspırımderdıñ	206	57249
jasūlan	231	47867
jasūlandy	216	75248
jasūlannyñ	204	53697
jasūlanğa	201	47869
jat	231	114
jata	231	745
jatady	125	747
jatahanada	214	72544
jataiyn	152	5113
jataiynşy	214	72232
jataiyq	181	20847
jatalmai	209	62230
jatam	131	1238
jatama	184	24073
jatamda	216	75998
jatamyn	172	13880
jatamyz	161	8376
jataq	225	60280
jataqhana	208	60284
jataqhanada	211	65718
jataqhanağa	226	90242
jataqta	229	93580
jatar	167	7970
jatarda	160	7972
jatarmyz	184	24935
jatasyn	174	15473
jatasyz	193	36082
jatasyñ	160	7799
jatasyñba	204	53175
jatasyñdar	209	63162
jatat	165	2628
jatatyn	141	2630
jatağan	222	85581
jatağoi	211	65737
jatkanyñdy	217	77132
jatpady	213	69623
jatpadyñ	213	69624
jatpai	165	8517
jatpaidy	162	8519
jatpaima	206	57107
jatpaimyn	196	40491
jatpaimyz	211	65503
jatpaisyn	203	51718
jatpaisyñ	186	26789
jatpaisyñba	212	67319
jatpaityn	183	23067
jatpasa	203	47614
jatpasam	201	47615
jatpasañ	216	75221
jatpau	218	78513
jatpağan	206	57564
jatqa	164	116
jatqaly	212	67281
jatqam	136	1814
jatqamğo	191	32769
jatqan	88	117
jatqanbyz	192	34312
jatqanda	130	1177
jatqandai	175	15895
jatqandar	168	11894
jatqandardy	215	73944
jatqandary	215	64034
jatqandaryn	210	64035
jatqandaryna	222	85125
jatqandaryñyzğa	211	66297
jatqandarğa	198	44151
jatqandağy	213	70816
jatqandy	203	51899
jatqanmyn	184	24545
jatqannan	191	32931
jatqannyñ	221	82916
jatqany	171	3927
jatqanym	148	3928
jatqanyma	179	19232
jatqanymdy	183	23495
jatqanymyz	202	49509
jatqanymyzdy	205	54859
jatqanymyzğa	210	63829
jatqanymğo	199	44913
jatqanyn	152	4999
jatqanyna	187	28158
jatqanyñ	185	23225
jatqanyña	191	32838
jatqanyñda	216	75665
jatqanyñdy	183	23227
jatqanyñyz	217	47163
jatqanyñyzdy	213	70937
jatqanyñyzğa	200	47165
jatqanğa	189	30641
jatqanşa	199	45744
jatqasyn	188	29632
jatqpn	230	94461
jatqym	171	13782
jatqyz	216	9860
jatqyza	201	45383
jatqyzady	199	45385
jatqyzaiyn	224	87700
jatqyzam	217	77839
jatqyzbai	216	75363
jatqyzdy	196	40137
jatqyzu	200	35972
jatqyzuğa	193	35974
jatqyzyp	165	9862
jatqyzğan	212	67394
jatsa	231	1118
jatsada	183	23152
jatsai	231	93584
jatsaişy	229	93586
jatsam	130	1119
jatsamda	185	25738
jatsan	158	7024
jatsandar	196	40905
jatsaq	168	11890
jatsañ	151	4600
jatsañda	206	26907
jatsañdar	186	26908
jatsañyz	180	20036
jatsañyzdar	202	50073
jatsvñ	217	76986
jatsyn	107	248
jatsynba	231	96155
jatsyndar	231	25991
jatsyndarma	185	25993
jatsyr	215	74229
jatsyz	231	4766
jatsyzba	170	12831
jatsyzdar	151	4769
jatsyzdarma	190	31490
jatsyñ	231	2899
jatsyñba	143	2901
jatsyñda	219	81260
jatsyñdar	231	95268
jatsyñdarma	231	97051
jatta	169	737
jattadym	192	34358
jattadyñ	196	39828
jattai	168	11822
jattaimyn	205	55295
jattaimyz	180	20493
jattaityn	207	59373
jattamadym	216	75302
jattandy	214	72250
jattap	125	738
jattasam	213	69327
jattatu	222	85451
jattatyp	192	34514
jattau	138	2118
jattauğa	183	23364
jattañdar	201	48345
jattağam	225	88350
jattağan	183	23059
jatty	143	857
jattym	140	2465
jattyn	191	33212
jattyp	193	36103
jattyq	181	21551
jattyqtyru	203	52004
jattyqtyruşy	213	69808
jattyr	172	13999
jattyñ	170	13057
jattyñba	198	43369
jattyñdar	206	56200
jattyğu	127	859
jattyğudy	151	4616
jattyğular	137	1927
jattyğulardy	158	7237
jattyğulary	158	6934
jatu	157	6810
jatudy	213	70886
jatuy	210	60941
jatuym	208	60942
jatuğa	176	16898
jatuşy	205	55521
jaty	231	207
jatyn	186	27103
jatyndar	194	37125
jatyp	231	94778
jatyq	214	71573
jatyr	231	208
jatyrau	196	40157
jatyrda	180	20702
jatyrgo	165	10349
jatyrm	231	850
jatyrma	127	851
jatyrmn	196	40247
jatyrmyn	231	38831
jatyrmynda	206	57809
jatyrmynğoi	195	38834
jatyrmyz	231	57856
jatyrmyzğoi	207	57859
jatyrqap	211	66808
jatyrsa	189	31362
jatyrsyn	147	3729
jatyrsynba	189	30330
jatyrsyndar	181	21362
jatyrsyndarma	210	63622
jatyrsyz	139	2313
jatyrsyzba	184	24184
jatyrsyzdar	157	6669
jatyrsyzdarma	197	41687
jatyrsyñ	106	211
jatyrsyñba	169	12431
jatyrsyñdar	145	3222
jatyrsyñdarma	187	28556
jatyry	222	20619
jatyrym	180	20620
jatyrğan	160	7846
jatyrğanda	206	57688
jatyrğanym	209	62810
jatyrğanyn	219	79881
jatyrğo	161	8293
jatyrğoi	161	8466
jatys	166	10859
jatysy	203	37083
jatysyn	194	37084
jatysyñ	202	50569
jatyñdar	174	15463
jatyñyz	189	31046
jatşan	215	73299
jatşy	174	15351
jatūan	220	82396
jau	231	72
jauaby	122	612
jauabym	183	20091
jauabymdy	198	43031
jauabymen	180	20093
jauabyn	122	613
jauabyna	203	51994
jauabyndy	203	52181
jauabyñ	187	21985
jauabyñdy	182	21987
jauabyñyz	192	31119
jauabyñyzdy	189	31121
jauady	169	12217
jauap	79	74
jauapker	228	7928
jauapkerşılıgı	182	22254
jauapkerşılık	160	7933
jauapkerşılıkke	203	52247
jauapkerşılıkpen	180	20480
jauapkerşılıktı	183	23493
jauapqa	193	35533
jauapsyz	174	15232
jauapsyzdyq	217	77746
jauapta	196	2040
jauaptar	170	2041
jauaptardy	185	25086
jauaptary	138	2042
jauaptarymen	187	28598
jauaptaryn	150	4351
jauapty	145	3223
jauaptylar	227	91358
jauaptylyq	221	83384
jauatyn	189	30046
jaudan	205	55132
jaudy	147	3631
jaudyma	183	23423
jaudyryp	212	67872
jaudyñ	208	60357
jaugerşılık	213	69651
jauhar	203	51330
jaujürek	227	91012
jaulap	164	9435
jaulau	217	77019
jaulağan	208	61367
jauly	227	41741
jaulyq	213	41742
jaulyqty	197	41744
jauqazyn	195	39346
jauraidy	219	80844
jaurap	138	2012
jausa	167	11048
jausyn	153	5220
jauu	214	71047
jauylyp	215	73872
jauyn	162	8792
jauynger	197	41298
jauyngerlık	201	48252
jauyp	108	257
jauyq	217	77504
jauyr	214	48110
jauyryn	201	48112
jauyryndy	224	87979
jauyz	190	31573
jauyzdyq	220	81600
jauğa	193	8725
jauğan	162	8726
jauğanda	195	38317
jauğaşty	226	89518
jauğysy	229	92937
jaz	231	19
jaza	231	710
jazaber	192	34215
jazad	143	2879
jazaiyn	135	1696
jazaiynba	184	24520
jazaiynşy	206	56357
jazaiyq	172	14201
jazalaryn	218	78878
jazalau	193	36031
jazalauşy	216	76071
jazalmai	186	26693
jazaly	230	94179
jazam	231	711
jazama	169	12369
jazamyn	143	2803
jazamyz	124	713
jazamyzba	231	97205
jazamğo	184	24444
jazar	172	14255
jazarmyn	188	29355
jazarsyn	200	47191
jazarsyz	196	39852
jazarsyñ	183	23137
jazarymdy	182	22571
jazaryn	221	82918
jazasy	203	3598
jazasyn	147	3599
jazasyna	206	56156
jazasynba	201	48422
jazasyz	162	8877
jazasyzba	199	44473
jazasyzdar	189	30272
jazasyñ	231	16470
jazasyñba	196	40159
jazasyñdar	175	16473
jazataiym	222	84993
jazatndai	225	89234
jazatyn	135	1662
jazatynymdy	202	49688
jazatynyn	191	33532
jazañ	218	38389
jazañdy	195	38391
jazağa	218	79110
jazba	231	3336
jazbad	183	4278
jazbada	208	61338
jazbady	161	4279
jazbadym	150	4280
jazbadyma	196	40077
jazbadyn	188	29591
jazbadyñ	168	11549
jazbadyñba	202	49662
jazbadyñyz	196	40754
jazbai	231	3561
jazbaia	175	14003
jazbaiaq	172	14004
jazbaidy	150	4482
jazbaimyn	154	5423
jazbaimyz	177	18016
jazbaisyn	160	8060
jazbaisynba	209	62773
jazbaisyz	178	19092
jazbaisyñ	146	3564
jazbaisyñdar	189	30748
jazbaityn	162	8881
jazbalar	198	43876
jazbandar	180	20415
jazbappyn	199	45364
jazbapsyñ	209	62746
jazbapty	194	37652
jazbas	195	4680
jazbasa	166	4681
jazbasai	207	59650
jazbasam	151	4682
jazbasamda	212	69109
jazbasan	231	97239
jazbasañ	167	10973
jazbasañda	211	66663
jazbasañyz	205	55174
jazbasyn	182	21953
jazbau	191	32677
jazbauğa	216	75573
jazbauşy	219	81224
jazbañdar	179	19553
jazbañyzşy	210	63896
jazbağan	166	10791
jazbağansyñ	211	66009
jazbağanym	212	67781
jazbağanğa	213	69985
jazbağasyn	213	69721
jazbaş	231	3337
jazbaşa	145	3338
jazbaşy	175	16410
jazda	125	741
jazdada	216	75914
jazdady	186	21914
jazdadym	182	21915
jazdai	184	24486
jazdan	187	28203
jazdağan	218	79099
jazdağy	195	39485
jazdy	231	816
jazdym	231	9663
jazdyma	164	9664
jazdymba	205	54763
jazdymğo	190	31783
jazdyn	144	2975
jazdynba	166	10403
jazdyq	169	12330
jazdyr	220	10802
jazdyra	202	50197
jazdyru	206	57506
jazdyryp	166	10804
jazdyrğan	217	77845
jazdyñ	126	817
jazdyñba	154	5555
jazdyñdar	185	25553
jazdyñyz	174	15412
jazdyñyzba	210	63790
jazdyñyzdar	215	73973
jazira	231	41396
jazirada	219	75118
jaziradan	216	75119
jaziramen	217	77894
jazirağa	197	41398
jazsa	231	3691
jazsada	193	35475
jazsai	231	67497
jazsaişy	212	67499
jazsam	231	33369
jazsamda	191	33371
jazsan	147	3692
jazsanyz	201	48821
jazsaq	182	22456
jazsas	227	91578
jazsañ	231	13909
jazsañda	198	43791
jazsañdarşy	201	47744
jazsañyz	172	13911
jazsañyzdar	193	35755
jazsañyzşy	208	60655
jazsañşy	212	67715
jazsyn	231	95685
jazu	108	283
jazuda	198	29246
jazudan	188	29247
jazudy	151	4675
jazudyñ	184	25019
jazular	194	37373
jazulardy	207	58656
jazuly	177	17917
jazumen	187	28032
jazusyz	224	87678
jazuy	161	8431
jazuym	166	10720
jazuyma	211	65526
jazuymdy	206	56447
jazuymyz	203	51043
jazuyn	174	15485
jazuyñ	180	20259
jazuyñdy	195	38610
jazuğa	133	1452
jazuğada	215	73143
jazuşy	162	8723
jazuşylar	195	39530
jazuşylyq	230	94477
jazuşynyñ	190	31827
jazuşysy	200	47510
jazy	181	20
jazya	206	56545
jazyl	168	5071
jazyla	184	5072
jazylady	152	5074
jazylaiyn	183	23970
jazylam	195	39495
jazylama	204	53935
jazylamyz	199	45001
jazylar	222	84570
jazylasyñ	205	54929
jazylatyn	183	23718
jazylatynyn	207	59562
jazyldy	166	10888
jazyldym	181	21419
jazyldyma	195	39552
jazyldyn	204	53851
jazyldynba	217	76470
jazyldyq	217	77148
jazyldyñ	180	20686
jazyldyñba	201	47891
jazyldyñyz	208	61242
jazylmai	169	12360
jazylmaidy	186	27198
jazylmaityn	210	65015
jazylmapty	207	58817
jazylmasa	212	68448
jazylsa	184	25062
jazylsam	196	40483
jazylsañ	218	78285
jazylsyn	186	26945
jazylu	162	8598
jazyluy	175	16098
jazyluğa	196	41088
jazyluşy	224	87304
jazyly	222	17683
jazylym	177	17684
jazylyp	231	47324
jazylypty	200	47326
jazylyñdar	218	78910
jazylyñyz	202	50835
jazylyñyzdar	214	72049
jazylğan	231	45738
jazylğanda	212	68686
jazylğandar	215	73663
jazylğany	199	45739
jazylğanyn	200	46940
jazylğanşa	211	66616
jazylşy	218	79720
jazym	181	21747
jazyndar	169	12504
jazynyzşy	203	51246
jazyp	71	21
jazyppyn	188	29280
jazypsyz	196	40796
jazypsyñ	181	21384
jazypta	213	70144
jazypty	231	95972
jazyq	180	20345
jazyqsyz	198	42958
jazyqty	219	43162
jazyqtyq	198	43163
jazyqtyqta	206	57566
jazysa	214	71857
jazysyp	175	16432
jazyñdar	139	2228
jazyñdarşy	164	9493
jazyñyz	231	8344
jazyñyzdar	161	8347
jazyñyzdarşy	201	48128
jazyñyzşy	175	16034
jazyğy	202	41531
jazyğym	197	41532
jazğa	174	3935
jazğaly	209	62869
jazğam	148	3936
jazğan	231	4393
jazğanda	150	4395
jazğandai	201	48985
jazğandar	185	22914
jazğandardy	192	34909
jazğandary	210	22915
jazğandarym	197	36502
jazğandaryma	223	86097
jazğandarymdy	193	36504
jazğandaryn	195	39086
jazğandaryñ	203	22916
jazğandaryñdy	182	22918
jazğandarğa	211	66613
jazğandy	179	19807
jazğanmyn	183	23985
jazğannan	185	26329
jazğannyñ	215	72994
jazğansyñ	185	25613
jazğany	171	7396
jazğanym	161	8374
jazğanyma	167	11150
jazğanymda	217	77430
jazğanymdy	231	96391
jazğanyn	163	8947
jazğanyna	196	41158
jazğanyñ	175	7397
jazğanyña	198	43209
jazğanyñdy	159	7399
jazğanyñyz	209	38228
jazğanyñyzdy	194	38230
jazğanñdy	224	87784
jazğanğa	187	28485
jazğanşa	200	47130
jazğasyn	201	48069
jazğy	172	10937
jazğym	167	10938
jazğyn	195	39144
jazğysy	201	48613
jazğytūry	230	91331
jazğytūrym	227	91332
jazğyzu	229	92618
jazğyzyp	191	33202
jazğyñ	179	17324
jazğyñyz	176	17326
jazğyş	214	72551
jazşy	127	923
jañ	231	2649
jaña	231	15831
jañaarqa	210	64466
jañaarqada	228	92505
jañaarqağa	226	89454
jañabek	210	65233
jañada	201	48108
jañadan	231	95295
jañagül	196	40333
jañajyl	203	51355
jañal	213	29159
jañalau	222	85727
jañalyq	231	31094
jañalyqpen	205	54848
jañalyqqa	200	47287
jañalyqta	205	34588
jañalyqtan	193	35854
jañalyqtar	231	34589
jañalyqtardan	205	55226
jañalyqtardy	197	42189
jañalyqtarmen	213	70395
jañalyqtary	203	34590
jañalyqtaryn	215	73384
jañalyqtaryñ	192	34591
jañalyqtaryñyz	210	63995
jañalyqtarğa	201	48864
jañalyqty	189	31096
jañalyqtyñ	207	58386
jañalyğy	204	29162
jañalyğym	188	29163
jañalyğyn	216	75883
jañalyğyñ	201	48090
jañaqala	217	77080
jañaqorğan	174	15837
jañaqorğanda	212	68057
jañaqorğanğa	204	53308
jañartu	191	34044
jañartylğan	181	21807
jañaru	210	64122
jañaryp	204	54054
jañarğan	218	78553
jañasy	194	22877
jañasyn	182	22878
jañatalap	209	62097
jañatasqa	210	64009
jañaözen	231	67701
jañaözende	212	67703
jañağana	206	56535
jañağy	231	29130
jañağydai	192	35076
jañağydan	218	79726
jañağyny	188	29132
jañağynyñ	216	74889
jañaşa	191	32774
jañaşyl	203	52294
jañaşyldyq	220	81428
jañbyr	142	2652
jañbyrda	217	74156
jañbyrdan	215	74157
jañbyrdy	222	57997
jañbyrdyñ	207	57998
jañbyrly	199	44994
jañyl	165	10049
jañylai	201	47622
jañyldyñ	225	88218
jañylsyn	186	26604
jañyltpaş	201	48065
jañğa	226	23939
jañğaq	183	23940
jañğaqty	214	71316
jañğyrtu	195	38525
jañğyru	173	14980
jañğyryp	203	51204
jañğyryq	217	77708
jağa	169	12244
jağada	219	59687
jağadan	208	59688
jağaiyn	199	44405
jağajai	217	77825
jağalai	214	72226
jağalap	194	37447
jağalasyp	170	12687
jağalau	209	50889
jağalauy	202	50890
jağalauynda	209	62961
jağalauyndağy	216	75723
jağalbaily	226	89538
jağaly	212	69082
jağalyq	217	76339
jağam	185	25126
jağama	215	74331
jağamyz	198	43655
jağasy	183	20867
jağasyn	181	20868
jağasyna	210	64678
jağasynda	191	33033
jağasyñ	205	55640
jağatyn	175	16019
jağağa	219	80233
jağdai	231	1332
jağdaiat	209	62249
jağdaiattyq	227	90736
jağdaida	132	1334
jağdaidan	192	34456
jağdaidağy	198	44214
jağdaidy	164	9565
jağdaidyñ	191	32995
jağdailar	158	6969
jağdailarda	163	8999
jağdailardy	184	25001
jağdailardyñ	199	45609
jağdailarmen	209	62999
jağdailary	176	8747
jağdailaryn	185	25358
jağdailaryna	199	45060
jağdailaryñ	231	8748
jağdailaryñdy	213	70340
jağdailaryñyz	162	8750
jağdailarğa	184	24831
jağdaiy	138	1536
jağdaiym	168	11575
jağdaiyma	210	64372
jağdaiymdy	173	14563
jağdaiymen	209	63197
jağdaiymyz	195	39507
jağdaiymyzdy	208	59931
jağdaiyn	149	4155
jağdaiyna	170	12997
jağdaiynda	164	9662
jağdaiyndağy	202	49565
jağdaiyñ	134	1537
jağdaiyña	201	47786
jağdaiyñdy	173	15152
jağdaiyñyz	231	42486
jağdaiyñyzdy	197	42488
jağdaiyñyzğa	224	87147
jağdaiğa	157	6663
jağu	170	12834
jağuğa	189	30493
jağy	231	599
jağydaiyñ	219	81045
jağylyp	211	65774
jağylğan	219	80271
jağym	181	8395
jağyma	190	32249
jağymda	196	40447
jağymdağy	224	87550
jağymdy	161	8397
jağymen	196	40177
jağymnan	205	55484
jağympaz	219	66644
jağympazdanu	220	82118
jağympazdanyp	211	66649
jağympazdyq	226	89595
jağymsyz	165	10235
jağyn	132	600
jağyna	144	601
jağynan	121	602
jağynda	140	2442
jağyndağy	170	12918
jağyndy	208	60459
jağynu	229	93364
jağynyñ	206	56993
jağyp	134	1487
jağyñ	182	16052
jağyña	175	16053
jağyñda	192	35042
jağyñdağy	215	72825
jağyñdy	196	40863
jağyñmen	217	77898
jağyñnan	202	49742
jağyñyz	208	60462
jağyñyzğa	219	81252
jbergenm	212	69039
jberş	108	282
jd	231	8139
jdal	185	21121
jdala	181	21122
jdem	161	8141
jdet	175	16374
jdi	162	8622
jdite	185	25555
jdu	231	20770
jdut	180	20771
jdöm	176	17130
jdöt	191	33115
je	231	243
jebe	197	41623
jebei	225	88867
jeberem	197	42140
jebeuşı	230	93625
jedel	160	7656
jedeldetu	216	74887
jedelhat	220	81640
jedı	171	13340
jedık	183	23485
jedım	173	14671
jedıñ	183	23541
jedıñba	206	56228
jedıñder	203	51307
jedıñız	218	79107
jege	218	4144
jegem	187	28613
jegen	149	4145
jegende	191	33974
jegendei	218	78176
jegenge	206	57690
jegennen	208	59704
jegenım	213	69798
jegenımdı	223	86264
jegenın	210	64650
jegenıñ	211	66465
jegı	213	3391
jegıdei	215	74165
jegım	145	3392
jegımız	206	57640
jegın	208	60560
jegır	216	75797
jegısı	188	28953
jegızıp	201	48819
jegıñ	177	17531
jegıñız	213	69885
jegış	220	81861
jei	231	7053
jeide	201	47979
jeidı	161	8366
jeimın	181	21380
jeimız	168	11744
jeisıñ	169	11970
jeisıñba	219	80104
jeisıñder	206	57524
jeitın	158	7056
jeiık	198	42814
jeiın	186	27343
jek	124	244
jeka	138	2016
jeke	107	245
jekege	135	1616
jekei	224	87529
jekelei	205	54664
jekelık	226	90032
jekeme	231	95882
jekesıne	231	96989
jeket	224	87311
jekeñızge	231	96317
jekeşe	193	35803
jekeşelendıru	210	64691
jekkörınıştı	221	84110
jeksen	195	38677
jeksenbı	231	61691
jeksenbıge	209	61693
jeksenbılık	227	90643
jeksūryn	231	97653
jel	131	1285
jelaem	187	28138
jelaiaq	222	85193
jelaiu	138	2123
jelanie	231	35741
jelaniem	193	35742
jelaniia	231	15672
jelaniiada	219	80733
jelaniiam	174	15673
jelaniiamdy	206	56298
jelaniiany	198	43899
jelaniiasy	187	27782
jelaniiasyn	201	48091
jelbau	216	75864
jelbezek	224	87654
jelbırşek	222	85210
jeldei	218	78738
jeldetkış	209	62566
jeldetu	204	53005
jeldı	201	19595
jeldıñ	179	19596
jelek	225	89235
jelet	216	45021
jeletka	199	45023
jeletke	226	89526
jeleu	210	63605
jelezno	191	33694
jeleznyi	184	24632
jelezo	196	40036
jeleñ	203	51679
jelge	197	42249
jelke	203	52366
jelkem	206	57298
jelkemnen	217	78069
jelken	222	84554
jelkendı	222	85028
jelkesınen	214	71818
jelkeñnen	223	87018
jelmaia	230	94074
jelmen	204	53152
jelp	217	77007
jelsız	200	46557
jeltoqsan	132	1388
jeltoqsanda	160	7983
jeltoqsannyñ	174	15677
jeltyi	231	95909
jeludok	192	34299
jelı	168	11657
jelıde	188	29273
jelıdegı	205	55896
jelıden	212	68738
jelıge	191	32958
jelık	227	91571
jelılerge	217	78066
jelılık	201	48430
jelım	202	50706
jelımdı	230	93665
jelın	218	53881
jelını	204	53882
jelısı	179	19192
jelısınde	199	45077
jelısıne	200	46519
jelısınen	206	56831
jem	231	6008
jeme	231	8316
jemedı	215	45466
jemedım	199	45467
jemedıñ	219	80078
jemegen	199	44514
jemei	161	8317
jemeidı	185	25220
jemeimın	189	30944
jemeimız	209	63195
jemeisıñ	210	64897
jemeitın	200	46668
jemenei	212	68513
jemesın	212	67295
jemeu	200	46814
jemeñız	225	88763
jempır	175	16078
jemqor	211	15479
jemqorlar	219	80964
jemqorlyq	178	15482
jemqorlyqpen	214	71811
jemqorlyqqa	174	15484
jemtık	230	94217
jemı	220	6009
jemıs	165	6010
jemıster	190	32378
jemıstı	155	6012
jemısı	178	18747
jemısın	231	95851
jemısıñ	217	77996
jen	231	2997
jena	231	35937
jenat	193	35938
jendı	205	55898
jeneşe	231	41385
jeneşem	197	41386
jenge	144	2999
jengeler	205	55883
jengem	157	6821
jengeme	198	44104
jengemnıñ	207	58729
jengen	178	19078
jengenıñ	210	64996
jengeşka	187	28125
jenia	170	12859
jenil	180	20616
jenilsia	198	43468
jenoi	186	27202
jenskaia	175	16404
jenskie	175	15928
jenskii	152	5030
jenskogo	195	39571
jenskom	226	90030
jent	206	56363
jenu	180	20487
jeny	185	25470
jenşe	231	76534
jenşenı	217	76536
jenşin	181	8362
jenşina	161	8363
jenşinu	201	48474
jenşiny	231	97403
jep	231	61150
jepsıñ	208	61153
jeptı	215	73547
jer	231	671
jerasty	203	52010
jerde	231	4785
jerdegı	151	4787
jerdegıler	213	70164
jerdei	215	74339
jerdemın	205	56046
jerden	231	75033
jerdensıñ	216	75036
jerdesıñ	182	22169
jerdesıñder	200	46032
jerdı	138	2025
jerdıkı	204	53573
jerdıñ	141	2563
jerebe	187	28422
jerge	231	94787
jergılıktı	150	4293
jerkenıştı	211	67216
jerleidı	217	76722
jerlengen	206	56946
jerlep	207	59625
jerler	161	8214
jerlerde	167	11315
jerlerden	196	40992
jerlerdı	171	13760
jerlerge	172	14251
jerlermen	227	90960
jerlerı	164	9628
jerlerım	202	49349
jerlerımız	226	89870
jerlerın	168	11508
jerlerınde	202	49863
jerlerıne	201	47543
jerlerınen	214	71970
jerlerıñ	189	31151
jerlerıñdı	199	45864
jerlerıñız	207	58957
jerles	188	29009
jerlester	214	71465
jerlesım	208	59707
jerleu	201	48773
jerlı	226	90300
jerma	196	40706
jermen	185	25129
jerorta	204	52943
jersız	213	69663
jertöle	222	85674
jeru	217	76758
jerüstı	226	89688
jerı	123	672
jerık	185	25655
jerıktık	218	79747
jerım	148	3926
jerımde	198	42692
jerımdı	177	17514
jerıme	190	31977
jerımen	216	75003
jerımnen	195	39117
jerımnıñ	214	72332
jerımız	179	19685
jerımızde	214	71385
jerımızdı	200	46454
jerın	139	2239
jerınde	145	3230
jerındegı	186	26842
jerındı	197	42026
jerıne	150	4355
jerınen	161	8331
jerınıñ	185	25324
jerıñ	231	9494
jerıñde	187	28877
jerıñdı	164	9496
jerıñe	173	14974
jerıñmen	227	90672
jerıñnen	188	29438
jerıñnıñ	214	71000
jerıñız	175	16037
jerıñızden	226	89648
jerıñızdı	207	58003
jerıñızge	215	73492
jerūiyq	209	62677
jesei	203	51952
jesek	205	54774
jesem	179	19165
jesemde	208	59870
jesen	191	33914
jeseñ	182	21874
jest	205	18363
jestkie	215	74278
jestkii	178	18366
jestko	231	96409
jesın	189	30323
jesır	196	41068
jet	231	843
jete	231	1294
jeted	153	1295
jetedı	131	1296
jeteiık	185	25243
jeteiın	194	37675
jetek	210	6278
jetektep	198	44058
jetekşı	156	6280
jetekşıge	196	39951
jetekşıler	170	12731
jetekşılerı	181	21381
jetekşılık	202	49381
jetekşım	206	55908
jetekşımız	205	55910
jetekşınıñ	208	59815
jetekşısı	156	6282
jetekşısınıñ	207	58881
jeteleu	223	86673
jetem	166	10679
jetema	167	11072
jeteme	197	42590
jetemın	192	34733
jetemız	176	17288
jeter	162	8503
jeterlık	194	37400
jetermız	204	53082
jetesız	199	45742
jetesıñ	181	21102
jetet	145	3344
jetetın	159	7555
jeteu	212	68253
jetisai	208	60045
jetken	136	1803
jetkende	152	5002
jetkendei	227	91477
jetkender	214	71909
jetkennen	219	81364
jetkenı	198	43092
jetkenşe	172	13882
jetkergen	210	63907
jetkesın	192	34938
jetkılıksız	184	24856
jetkılıktı	160	7887
jetkım	213	69430
jetkınşek	210	63470
jetkız	191	4037
jetkızbei	193	36220
jetkızdı	185	25345
jetkızdım	203	51642
jetkızdıñ	218	79695
jetkıze	151	4563
jetkızedı	179	19388
jetkızeiık	210	64704
jetkızem	192	34722
jetkızemın	205	55680
jetkızemız	195	38523
jetkızer	205	55195
jetkızesıñ	217	76725
jetkızetın	193	35890
jetkızgen	175	16481
jetkızse	211	66059
jetkızsın	174	15198
jetkızu	152	4888
jetkızuge	182	22546
jetkızuşı	216	75067
jetkızılu	222	84658
jetkızıp	149	4039
jetkızıñder	224	87900
jeton	184	24348
jetpedı	183	22953
jetpedım	202	50533
jetpedıñ	223	85883
jetpegen	178	18836
jetpegenı	198	43877
jetpei	126	846
jetpeidı	144	3133
jetpeitın	185	26283
jetpeitının	228	92126
jetpes	174	12603
jetpese	170	12604
jetpidı	181	21303
jetsai	185	25546
jetsaida	193	35470
jetsaiğa	198	42705
jetse	159	7266
jetsek	201	47941
jetsem	192	34885
jetseñ	198	43953
jetsın	162	8768
jettı	231	2002
jettık	162	8599
jettım	148	3916
jettıma	196	39772
jettıme	219	81082
jettın	202	50100
jettıñ	137	2003
jettıñbe	195	39193
jettıñder	164	9655
jettıñderme	209	62524
jettıñız	171	13215
jettıñızba	202	49526
jettıñızder	192	34486
jetu	152	5000
jetudı	203	51534
jetudıñ	203	52411
jetuge	174	15591
jetuı	201	6511
jetuım	222	85627
jetuıne	206	56378
jetuıñe	157	6513
jetuıñızge	211	66623
jetysai	182	22725
jetı	231	10060
jetıbai	194	38040
jetıbaida	213	70392
jetıbaiğa	212	68483
jetıde	173	14537
jetıden	192	34682
jetıge	184	24981
jetıgen	194	38137
jetık	188	29673
jetıldıru	172	14116
jetıldıruge	193	35955
jetıldırıp	206	56223
jetılgen	196	40644
jetılu	199	44865
jetılıp	206	56361
jetım	231	17874
jetımder	193	35735
jetımdı	177	17876
jetımdık	229	93252
jetımek	228	92043
jetımsız	230	93908
jetınşı	168	11580
jetıp	231	45829
jetıptı	199	45831
jetısai	231	20981
jetısaida	181	21207
jetısaidan	198	43734
jetısaidyñ	204	53575
jetısaiğa	181	20983
jetısken	208	59725
jetıskennen	223	87010
jetıspei	174	15442
jetıspeidı	190	31721
jetıspeuşılıgı	196	39836
jetıspeuşılık	208	60830
jetıstıgı	183	23757
jetıstıgın	209	62784
jetıstıgıñ	205	55487
jetıstık	175	10826
jetıstıkke	166	10828
jetıstıkter	188	13987
jetıstıkterdı	217	77710
jetıstıkterge	172	13989
jetıstıkterı	178	18270
jetıstıkterım	223	87002
jetıstıkterın	187	28435
jetıstıkterıne	218	79365
jetıstıkterınıñ	220	81754
jetıstıkterıñ	204	51945
jetıstıkterıñız	203	51947
jetıstıktı	227	90703
jetıstırıp	219	80010
jetısu	165	10062
jetısuğa	198	43890
jetısı	175	11268
jetısın	208	44307
jetısıne	199	44308
jetısıp	167	11269
jetıñder	185	25332
jetıñız	179	19768
jetıñızder	203	51471
jeu	157	6085
jeuden	215	73879
jeudı	207	58766
jeuge	155	6087
jez	190	7733
jezde	231	7735
jezdede	217	61244
jezdeden	208	61245
jezdege	179	19818
jezdei	224	87289
jezdeke	203	52186
jezdem	231	23004
jezdemdı	206	57227
jezdeme	183	23056
jezdemen	188	29078
jezdemmen	189	30208
jezdemnıñ	183	23007
jezdemız	193	36189
jezdemızdıñ	204	54154
jezden	174	15813
jezdenı	207	17255
jezdenıñ	176	17256
jezdesı	192	35054
jezdeu	223	86790
jezdeñ	160	7736
jezdeñe	194	37948
jezdeñmen	213	70256
jezduha	231	95691
jezdı	222	84676
jezkazgan	178	19016
jezqazğanda	216	76167
jezqazğanğa	215	73411
jeñ	189	2932
jeñder	193	36852
jeñdı	181	21261
jeñdım	202	50425
jeñdıñ	211	66064
jeñe	231	14752
jeñedı	184	24975
jeñemın	213	70373
jeñemız	204	53750
jeñeşe	231	14754
jeñeşege	211	66651
jeñeşem	173	14755
jeñeşemnıñ	211	65592
jeñeşenıñ	208	61281
jeñeşeñe	227	91603
jeñge	147	3741
jeñgei	198	42955
jeñgeler	205	54480
jeñgelerım	205	54644
jeñgelerıñ	219	80098
jeñgelı	218	79644
jeñgem	151	4788
jeñgemdı	210	64174
jeñgeme	191	33915
jeñgemmen	202	50200
jeñgemnıñ	189	31031
jeñgemız	201	48099
jeñgen	185	25708
jeñgenıñ	204	53478
jeñgesı	182	22641
jeñgesıne	218	79433
jeñgetai	212	67921
jeñgeñ	173	15011
jeñgeñdı	215	74306
jeñgeñe	204	53592
jeñgeñmen	220	81477
jeñgeñmın	227	91048
jeñgeñnıñ	205	54908
jeñgeñız	216	75564
jeñgeşka	201	48045
jeñse	215	73450
jeñsem	215	73451
jeñu	188	29564
jeñuge	201	49136
jeñı	184	2933
jeñıl	231	10552
jeñıldenıp	208	61527
jeñıldep	166	10555
jeñıldetedı	210	63892
jeñıldetu	209	61796
jeñıldetılgen	199	45570
jeñıldetıp	217	76432
jeñıldeu	205	51497
jeñıldeuıñmen	203	51502
jeñıldıgı	221	83494
jeñıldıgın	231	96707
jeñıldık	167	11372
jeñıldıkpen	168	11504
jeñıldıkter	196	40287
jeñıldıktı	226	89817
jeñıldım	214	71001
jeñılgen	202	49910
jeñılsem	227	91616
jeñıltek	214	71604
jeñılu	216	75102
jeñılınen	201	47877
jeñılıp	179	19904
jeñılırek	218	78917
jeñılıs	201	48096
jeñımpaz	182	22410
jeñımpazy	205	54364
jeñıp	163	9238
jeñıs	143	2934
jeñısbek	197	41259
jeñısgül	208	60450
jeñıske	231	96977
jeñıspen	197	42497
jeñıste	222	60601
jeñısten	221	83371
jeñısterı	220	60603
jeñısterıñ	208	60604
jeñısterıñız	212	68538
jeñıstı	194	37766
jeñıstık	224	87806
jeñıstıñ	201	47606
jeñısı	193	36538
jeñısıñ	199	44346
jeñız	207	58169
jeñşe	231	21850
jeñşem	181	21851
jeñşeme	218	79100
jeñşemnıñ	217	76250
jgtmdı	223	86928
jgıtım	210	64981
jibek	231	96452
jiberıp	183	23188
jide	206	40600
jidek	196	40601
jidkii	192	34700
jidkoe	204	53200
jidı	182	21932
jiek	213	70598
jien	141	2623
jienbaev	225	88954
jienbai	202	50875
jiender	172	14316
jienderdıñ	211	66571
jienderım	205	55297
jienderıñ	215	74388
jiendı	199	45725
jiennıñ	192	34628
jienı	199	13897
jienım	172	13898
jienımnıñ	215	73297
jienıñ	198	43144
jienşar	220	82871
jierkenu	200	97695
jiger	196	40960
jiguli	179	19693
jihaz	223	85813
jilet	207	58424
jili	178	18768
jima	206	56730
jina	153	1938
jinady	186	13677
jinadym	171	13678
jinadyq	200	46578
jinadyñ	192	34622
jinai	231	10331
jinaidy	166	10723
jinaimyn	174	15450
jinaimyz	231	96336
jinaisyz	214	71958
jinaisyñ	189	31173
jinaityn	165	10334
jinaiyn	174	15201
jinaiyq	182	22844
jinala	174	11945
jinalady	176	16924
jinalaiyq	168	11948
jinalaiyqşy	224	87441
jinalamyz	231	59570
jinalamyzba	207	59572
jinalatyn	178	18285
jinaldyma	215	74301
jinaldyq	218	79628
jinaldyñdar	224	87734
jinalmai	188	29676
jinalmaidy	208	59833
jinalmaimyz	219	80806
jinalmaityn	218	79127
jinalmaly	210	64788
jinalsa	177	18150
jinalsaq	194	37078
jinalsyn	198	43670
jinalu	178	18926
jinaluymyz	228	92316
jinaluğa	209	63226
jinalyp	231	76666
jinalypty	217	76668
jinalys	137	1941
jinalysqa	231	96527
jinalysta	231	29751
jinalystamyn	198	42872
jinalystan	188	29752
jinalysty	195	38586
jinalysy	175	15903
jinalysyna	202	50061
jinalysynyñ	217	77321
jinalyñdar	206	56160
jinalğan	231	34637
jinalğanda	192	34639
jinamai	192	34108
jinamaimyz	218	79734
jinamaisyz	215	73704
jinamaityn	215	73823
jinaqtai	210	63593
jinaqtalyp	207	57992
jinaqtalğan	187	28344
jinaqtap	174	15817
jinaqtau	186	26941
jinaqtauşy	214	72280
jinaqtyq	213	69851
jinaqy	188	29596
jinasa	193	35991
jinasam	193	35992
jinasaq	196	40051
jinasañ	198	43445
jinastyru	211	66511
jinastyryp	177	17853
jinasyn	204	52762
jinasyp	214	72554
jinatyp	208	60076
jinau	231	43649
jinauly	212	68613
jinauym	198	43651
jinauyña	225	88648
jinauğa	231	96706
jinauşy	211	65613
jinañdar	194	37258
jinañyz	219	80958
jinağan	231	43151
jinağanda	198	43153
jinağy	174	15297
jinağym	216	75510
jinağyn	206	56296
jinağyş	215	73077
jiraf	194	37319
jiren	203	51357
jirenu	200	97696
jirenşe	208	60837
jirnyi	231	97027
jirov	226	90082
jisıñ	231	96145
jiteli	201	48138
jitın	171	13410
jiv	186	8855
jivaia	191	34028
jivem	187	28394
jivet	172	14191
jivete	190	31993
jivi	181	21693
jivoi	231	95584
jivot	175	15665
jivotnye	186	27238
jivotnyh	174	15668
jivotnyi	217	77723
jivu	162	8856
jivuiu	194	37618
jivut	178	19095
jiyn	181	9014
jiynda	212	68353
jiyndy	226	89498
jiynnyñ	226	90118
jiyntyq	175	16061
jiyntyğy	163	9018
jiyntyğyn	189	30947
jiyny	187	28314
jiynğa	207	58149
jiyp	172	14136
jiyrma	231	55824
jiyrmasynşy	205	55829
jiyrmağa	222	85205
jiyrylu	211	65727
jiystyryp	214	72443
jiza	231	96062
jizni	133	1419
jiğan	200	46487
jiı	231	28934
jiılıgı	188	28938
jiılık	204	53007
jiırek	213	69529
jiırkenıştı	200	46134
jişemnıñ	214	71019
jk	231	95965
jmj	208	61171
joba	231	12960
jobadan	189	30769
jobalap	191	33138
jobalar	192	35380
jobalardy	208	61191
jobalau	177	18173
jobalyq	205	55197
jobamen	195	38396
jobany	183	23146
jobanyñ	190	32179
jobasy	170	12962
jobasyn	185	25237
jobasyna	205	55880
jobasynda	207	59594
jobasynyñ	204	54161
jobağa	183	23334
joia	206	57505
joian	226	89753
joiatyn	212	67836
joiu	231	96860
joiylady	197	41472
joiylyp	181	21550
joiyp	176	16825
jol	231	288
jola	185	13301
jolai	194	37891
jolama	171	13303
jolamai	201	49056
jolamaidy	211	65829
jolamaimyn	213	69960
jolamaityn	214	72200
jolaman	184	24099
jolamasyn	217	77465
jolap	214	71446
jolaq	201	49178
jolaqty	207	58786
jolata	200	47392
jolatpa	214	65979
jolatpai	211	65980
jolatpaidy	217	77327
jolauşy	190	32458
jolauşylar	199	45598
jolbarys	187	28238
jolbarystai	222	84778
jolda	231	455
joldaimyn	203	52401
joldam	209	8799
joldama	180	20734
joldamany	224	87668
joldamyn	162	8801
joldamyz	192	34079
joldan	143	2834
joldap	193	36557
joldar	176	4056
joldardy	200	46102
joldarmen	191	33459
joldary	149	4057
joldarymen	207	59659
joldaryn	155	5968
joldarynyñ	188	29096
joldaryñ	149	4058
joldaryñdy	212	67690
joldaryñyz	169	12406
joldaryñyzdy	215	72968
joldas	116	456
joldasbai	205	54752
joldasbek	186	26758
joldasbekov	221	82992
joldasbekova	228	92572
joldasov	209	53040
joldasova	204	53041
joldastar	210	55565
joldastary	205	55566
joldastyq	212	67934
joldastyñ	224	87753
joldasy	173	5416
joldasym	154	5417
joldasyma	190	31437
joldasymdy	210	64889
joldasymen	214	71209
joldasymmen	205	54694
joldasymnan	214	72277
joldasymnyñ	195	39232
joldasyn	187	27818
joldasynyñ	215	72696
joldasyñ	171	13446
joldasyña	219	80930
joldasyñba	225	88304
joldasyñmen	204	53821
joldasyñnyñ	211	65647
joldasyñyz	193	35555
joldau	206	57119
joldağan	209	62982
joldağy	195	38248
joldaşy	224	87706
joldy	158	7075
joldybaev	223	86660
joldybai	191	33922
joldyn	192	35023
joldyq	213	70450
joldyñ	164	9491
jolmen	151	4804
jolserık	200	97701
jolu	205	55901
joly	109	289
jolym	171	13471
jolyma	194	37953
jolymdy	188	29505
jolymen	231	96950
jolymyz	186	27243
jolymyzdy	206	56836
jolyn	231	9523
jolyna	169	12497
jolynan	198	44037
jolynda	164	9525
jolyndağy	182	22744
jolyndy	211	66544
jolynyz	185	26232
jolyq	213	34778
jolyqpai	208	59740
jolyqpaimyz	223	86279
jolyqqan	198	34781
jolyqqanda	192	34783
jolyqqanşa	210	63950
jolyqqym	219	80761
jolyqsa	208	53334
jolyqsam	215	73101
jolyqsaq	204	53335
jolyqsyn	196	40883
jolyqtym	214	72352
jolyqtyq	218	79097
jolyqtyryp	213	69315
jolyqtyrğan	206	57835
jolyqtyñ	214	72034
jolyñ	231	4004
jolyña	196	40243
jolyñdy	185	25910
jolyñmen	216	75668
jolyñnan	213	70676
jolyñyz	149	4006
jolyñyzdy	199	44888
jolyğa	183	10830
jolyğady	193	35713
jolyğaiq	222	84988
jolyğaiyn	214	72538
jolyğaiyq	172	13908
jolyğaiyqta	219	80629
jolyğam	205	10831
jolyğamyn	217	76260
jolyğamyz	166	10833
jolyğamyzba	218	79072
jolyğar	208	57425
jolyğarmyz	206	57428
jolyğatyn	204	53358
jolyğu	191	33638
jolyğuğa	205	54383
jolyğyp	162	8906
jolğa	131	1242
jolğy	173	15093
jolşy	218	78529
jolşybai	221	83685
jomart	231	57976
jomartqa	215	73536
jomarttyq	210	65412
jomarttyñ	207	57979
jon	231	59251
jondeu	207	59254
jondy	218	79049
jopka	223	86450
jopu	162	8649
joq	231	3358
joqpa	231	94844
joqpyn	231	21729
joqpynba	185	25557
joqpynğo	181	21731
joqpynğoi	191	33754
joqpyz	145	3361
joqpyzba	212	67923
joqpyzğoi	218	79151
joqqo	231	94912
joqqoi	231	95246
joqsyn	158	6918
joqsynba	183	23386
joqsyz	155	6053
joqsyzba	183	23919
joqsyzdar	194	37548
joqsyñ	231	6339
joqsyñba	156	6341
joqsyñdar	176	16639
joqsyñdarma	197	41216
joqsyñğoi	206	56324
joqta	231	19090
joqtai	207	58437
joqtan	181	21433
joqtap	213	70040
joqtar	178	19091
joqtardy	205	55721
joqtaryn	221	83891
joqtarğa	202	50928
joqtau	208	60783
joqty	185	26230
joqtyq	218	78675
joqtyñ	196	40698
joqtyğy	195	38685
joqtyğymdy	227	90560
joqtyğyn	205	55375
joqtyğynan	217	77544
joqşe	195	39247
joqşy	228	71317
joqşylyq	214	71320
jora	231	34837
jorabaeva	205	54439
jorabek	198	43632
jorabekov	224	88174
joramal	192	34840
jorik	199	45710
jorta	202	49655
joru	184	24727
joryq	193	35759
joryqqa	197	42286
joryqty	230	94573
jorytqanda	219	80520
jorğa	190	32560
jorğalauşylar	221	75145
jorğalauşylardyñ	216	75148
jospar	142	2690
josparda	194	37892
jospardy	183	23630
jospardyñ	208	61071
josparlanğan	196	39799
josparlap	178	18742
josparlar	204	52592
josparlary	203	52593
josparlaryn	212	68158
josparlaryñ	225	89125
josparlau	175	16068
josparly	193	35665
josparmen	215	74160
josparsyz	229	92611
jospary	158	7210
josparym	205	55997
josparyn	173	14588
josparynyñ	216	75918
josparyñ	215	73693
josparğa	199	45495
jostka	198	43326
jostkii	221	83131
jota	207	58133
jotasynyñ	220	82334
joñyşqa	212	68086
joñğar	187	28753
joğa	231	2707
joğaa	169	12282
joğal	231	26174
joğalady	200	46175
joğaldy	194	37273
joğaldyñ	210	65119
joğalmasyn	223	86298
joğalt	223	40015
joğaltpa	213	53186
joğaltpai	204	53187
joğaltqan	196	40018
joğaltqym	205	56080
joğalttym	216	75412
joğaltu	201	48608
joğaltyp	231	95771
joğalyp	231	95715
joğalğan	185	26177
joğalşy	200	46429
joğar	201	2708
joğarda	206	57842
joğary	231	5750
joğaryda	154	5752
joğarydan	176	17254
joğarydağy	167	11253
joğarydağylar	218	79389
joğarylai	227	90786
joğarylatu	208	61092
joğarylau	220	81799
joğaryny	205	55979
joğaryraq	212	67590
joğaryğa	185	25170
joğarğa	207	59140
joğarğy	142	2710
joğarğysy	224	87445
joğei	158	7123
joği	231	95189
joğy	172	14338
joğyn	178	18455
joğyna	220	45106
joğynan	199	45107
joğyñ	226	89457
jrmi	223	85938
jru	196	41000
jstr	230	93938
jtk	210	64446
jtot	221	83393
ju	231	1044
jua	231	6029
juady	181	21001
juaiyn	157	6832
juaiyq	203	51953
jualy	187	28749
juam	158	7036
juamyn	184	24166
juamyz	166	10739
juan	231	80697
juandau	219	80700
juap	201	47954
juas	166	10595
juastau	230	94483
juasyn	195	38665
juasyz	209	62592
juasyñ	183	23518
juasyñdar	227	91059
juatyn	155	6032
jubanova	197	41858
juda	183	23499
judy	199	14121
judym	172	14122
judyq	214	71931
judyñ	206	56805
juk	187	8210
juka	161	8211
jukova	226	90458
jukovskii	224	87989
juldyz	231	95667
jumabaeva	192	34177
jumabekova	205	55795
jumada	207	58705
jumadan	218	78354
jumadilova	222	84939
jumagul	194	37951
jumai	191	33185
jumaidy	217	76740
jumaima	222	84943
jumaimyz	195	39598
jumaimyzba	211	65886
jumalieva	222	85268
jumanova	212	68344
jumağa	221	84135
jumstan	172	14270
jumysta	129	1049
jumystamyn	165	9883
jumystasyñba	210	64172
jumysyña	212	67370
junusova	203	52391
juregım	231	96351
jurekte	205	54743
jurektı	198	44159
juresıñ	194	37322
juret	172	14074
jurgen	231	6481
jurgende	157	6483
jurgenov	223	86639
jurmiz	176	16830
jurnal	154	5658
jurnalda	198	44053
jurnaldardy	217	76719
jurnaldağy	228	91853
jurnaldy	182	22458
jurnaldyñ	203	52075
jurnalist	171	13552
jurnalister	189	30292
jurnalistika	192	35173
jurnalistık	221	83050
jurnaly	189	30663
jurnalyn	204	53508
jurnalynda	214	71312
jurnalğa	175	16443
jursıñ	162	8861
jurıp	155	5871
jusa	206	19820
jusai	197	42554
jusam	201	47609
jusan	179	19821
jusandy	229	92967
jusupova	213	70205
juu	143	2896
juudan	218	79744
juuly	228	92373
juuğa	176	16676
juuşy	214	71383
juylmağan	215	74177
juylğan	207	59229
juyn	205	3726
juyna	211	29557
juynaiyn	205	55180
juynam	204	52977
juynatyn	188	29560
juyndy	211	30169
juyndym	220	81453
juyndyryp	189	30172
juynu	196	40145
juynuğa	209	62834
juynyp	147	3728
juyp	231	94870
juyq	163	9312
juyqta	230	93987
juyr	227	54719
juyrda	205	54721
juğanda	199	45393
juğanğa	218	78774
juğyzu	230	93622
juğyzyp	209	62223
juğyş	208	59711
jvzyp	208	60466
jybyr	187	14155
jybyrlai	222	84416
jybyrlamai	213	69718
jybyrlap	172	14158
jybyrlaq	213	69834
jybyrlağan	222	85515
jyinalyp	214	71598
jyinap	186	27318
jyl	231	795
jylady	231	14235
jyladym	172	14236
jyladyq	225	89140
jyladyñ	199	44979
jylai	231	8917
jylaidy	162	8919
jylaimyn	185	26063
jylaimyz	213	70853
jylaisyñ	186	27622
jylaityn	175	16008
jylaiyn	185	25283
jylama	146	3518
jylamady	206	57726
jylamai	175	16286
jylamaidy	200	46209
jylamaimyn	205	55345
jylamaityn	204	53235
jylamasa	207	58745
jylamasyn	205	54405
jylamañyz	201	48522
jylamağan	211	65864
jylamaş	175	15957
jylamaşy	181	21556
jylan	161	8425
jylandai	230	93732
jylandy	208	61223
jylannyñ	207	59331
jylanyp	210	65167
jylap	231	74554
jylapty	215	74556
jylarman	221	83578
jylarymdy	206	56769
jylasa	182	22014
jylasam	193	36067
jylasamda	219	80287
jylata	196	38465
jylatady	207	59146
jylatatyn	195	38468
jylatpasyn	221	83216
jylatqan	199	45206
jylatty	202	50900
jylattyñ	217	76311
jylatu	217	76911
jylatyp	162	8673
jylau	186	7504
jylaumen	207	59047
jylauyq	159	7506
jylauyğym	217	76410
jylauğa	194	38015
jylañqy	221	83221
jylağan	231	39234
jylağanda	195	39236
jylağannan	211	65911
jylağany	206	41450
jylağanym	217	67794
jylağanymdy	212	67796
jylağanyn	197	41451
jylağanyna	227	91643
jylağanyñ	218	70118
jylağanyñdy	213	70120
jylağym	153	5397
jylağysy	206	57359
jylağyñ	207	58014
jylda	126	797
jyldai	169	12345
jyldam	146	3459
jyldamdatyp	201	47927
jyldamdyq	180	19893
jyldamdyqpen	179	19896
jyldamdyğy	166	10522
jyldamdyğyn	185	26191
jyldamyraq	210	64462
jyldan	126	822
jyldap	206	56939
jyldar	154	2897
jyldarda	193	16399
jyldardan	204	54359
jyldardağy	175	16401
jyldardy	206	34895
jyldardyñ	192	34896
jyldary	143	2898
jyldaryndağy	194	37457
jyldaryñ	226	71131
jyldaryñmen	214	71134
jyldaryñyz	227	90272
jyldaryñyzben	226	90275
jyldarğa	193	36036
jyldağy	196	40219
jyldağydai	218	78930
jyldy	159	2308
jyldyn	187	28298
jyldyq	141	2582
jyldyqqa	192	35203
jyldyqta	196	40834
jyldyqtan	228	92477
jyldyqtaryñ	218	78179
jyldyqty	211	65688
jyldyqtyñ	221	83780
jyldyñ	139	2309
jyldyğy	196	31088
jyldyğyn	211	31089
jyldyğyna	189	31090
jylju	206	57315
jyljydy	225	88357
jyljymaly	186	26704
jyljyp	189	30480
jyljytu	199	45061
jyljytyp	199	44465
jylma	198	43291
jylp	222	85377
jylqy	231	11583
jylqydan	208	59669
jylqylar	203	51449
jylqynyñ	168	11586
jylqyğa	190	31503
jylqyşy	212	68913
jylt	206	22835
jyltyr	182	22837
jyltyrap	187	27962
jyltyraq	205	55674
jyltyñ	224	87443
jylu	141	2473
jyludy	193	36365
jylulyq	173	15050
jylulyqty	214	70986
jyluy	183	23645
jyly	231	6417
jylyda	191	33070
jylyjai	217	76277
jylylau	209	62028
jylylyq	208	60769
jylym	166	10816
jylyma	173	14670
jylymdy	197	41323
jylymyz	211	66909
jylyn	169	6418
jylyna	156	6419
jylynda	191	33555
jylyndy	188	28998
jylynu	219	79957
jylynyp	174	15469
jylynyñ	196	40312
jylyp	169	12436
jylyraq	227	91589
jylytpa	216	76102
jylytqyş	218	78422
jylytu	188	29926
jylytyp	167	11227
jylyñ	183	23153
jylyñdy	183	23155
jylyñmen	217	76756
jylyñyz	198	43140
jylyñyzben	223	86469
jylğa	126	802
jylğy	231	8830
jylğylar	185	25089
jylğymyn	231	96030
jylğysyn	179	19847
jylğysyz	162	8833
jylğysyñ	231	95254
jym	231	22299
jymidy	197	42508
jymiiu	200	97703
jymiyp	182	22302
jymiğan	218	79354
jymjyrt	227	90553
jyn	231	11917
jyndanbai	215	73151
jyndandyryp	217	76294
jyndansa	210	65391
jyndanyp	231	95632
jyndanğan	207	59362
jyndar	211	66727
jyndv	219	80627
jyndyhana	225	78257
jyndyhanadan	221	83265
jyndyhanağa	218	78259
jyndyma	231	95955
jyndymen	206	57406
jyndyny	206	57548
jyndysynba	197	41740
jyndysyñ	231	33164
jyndysyñba	191	33166
jyndyğa	210	65335
jyny	231	14260
jynym	231	22380
jynyma	231	95447
jynymdy	182	22382
jynyn	231	96272
jynyna	231	96273
jynys	231	70431
jynyssyz	213	70434
jynyñ	172	14261
jynyña	179	19287
jynyñdy	205	55065
jynyñyzğa	213	69185
jynğa	168	11919
jyp	165	10324
jypylyq	230	94259
jyr	231	7169
jyra	222	8513
jyraq	219	73979
jyraqta	215	73981
jyrau	162	8514
jyraudyñ	196	39827
jyraulyq	219	80163
jyrda	210	65410
jyrdan	216	74702
jyrdyñ	202	49394
jyrlaidy	210	65298
jyrlar	197	39122
jyrlary	195	39123
jyrlarynyñ	202	50790
jyrlau	226	90198
jyrlauşy	227	91473
jyrlağan	195	38570
jyrma	218	78200
jyrq	217	76771
jyrt	194	10481
jyrta	217	58718
jyrtady	208	60749
jyrtam	207	58719
jyrtqyş	193	35912
jyrtu	218	78480
jyrtyl	227	49109
jyrtylyp	231	96221
jyrtylğan	201	49112
jyrtyp	166	10483
jyrtyq	189	30780
jyrtyñ	218	78291
jyry	158	7170
jyrym	209	63165
jyrymdy	222	85691
jyryn	183	22945
jyryndağy	213	69708
jyryp	196	41015
jyryq	225	88716
jyryñ	212	68621
jyrğa	203	52350
jyrşy	200	46670
jyñ	230	84356
jyñğyl	221	84359
jyñğyldy	227	90609
jyğa	214	72071
jyğylyp	202	50046
jyğyp	196	40769
jä	231	27
jäbır	221	83955
jädıger	203	51542
jäi	231	10860
jäidan	198	42999
jäilap	173	14549
jäily	216	74892
jäiläp	196	41104
jäilı	183	23595
jäima	231	97557
jäimen	166	10863
jäimendep	197	41666
jäiıp	215	73079
jäişa	175	16057
jäişä	188	29120
jäke	231	40024
jäkesı	219	80960
jäkeñ	196	40025
jäkeñe	221	83727
jämila	204	52684
jäna	230	94334
jändık	202	43417
jändıkter	198	43420
jändıkterdıñ	217	76865
jäne	72	29
jänede	160	7668
jäniia	195	38547
jännatta	231	66028
jännattan	211	66029
jännattyq	221	83860
jännattyñ	214	71803
jännatym	207	58194
jännätqa	217	76487
jännätta	196	41086
jännättyq	226	89672
jännättıñ	216	76177
jänıbek	231	58667
jänıbekke	209	62340
jänıbektıñ	207	58670
jäp	221	83309
järdem	169	12486
järdemaqy	210	63628
järdemdesu	215	73602
järdemşı	217	76831
järkeu	230	93684
järmeñke	210	64436
järmeñkege	226	90375
jäudır	186	26460
jäşık	195	38501
jöke	213	70261
jön	231	2887
jönde	203	2889
jöndegen	215	73311
jöndei	197	39140
jöndeidı	213	69713
jöndeimız	216	76181
jöndeitın	195	39143
jöndeldı	204	52719
jöndelıp	214	71371
jöndep	143	2890
jönderın	214	71692
jöndetu	213	61155
jöndetuge	208	61157
jöndetıp	189	30653
jöndeu	173	14873
jöndeuge	189	30491
jöndı	170	12914
jönekei	222	84623
jöneldı	206	56861
jöneltu	226	89690
jönge	205	54878
jönsız	215	72776
jönı	231	5077
jönım	180	20252
jönımdı	202	49417
jönımen	201	48213
jönın	168	5078
jönınde	152	5080
jönındegı	160	7940
jönıne	214	44440
jönınen	199	44441
jönıñ	181	15420
jönıñdı	175	16322
jönıñe	212	68373
jönıñmen	207	58995
jönıñız	174	15422
jönıñızdı	187	28544
jörgek	222	84477
jörgem	209	63041
jöstkii	209	62669
jötel	168	11469
jöteldı	222	84861
jötelge	208	59709
jötelgen	224	87458
jötelu	223	85956
jötelı	195	11470
jötelıp	168	11471
jötelıñ	220	81734
jüdep	191	33931
jüdeu	218	79046
jüdä	180	20440
jügen	203	52459
jügermek	228	91997
jügerı	186	27254
jügınu	218	79268
jügınısov	216	74841
jügır	195	2064
jügırdı	205	54922
jügırdık	229	92719
jügırdım	211	66541
jügıre	188	29782
jügıredı	192	34504
jügırem	203	51995
jügıremız	212	67548
jügıresıñ	214	72219
jügıretın	194	37980
jügırgen	191	33159
jügırme	213	69432
jügırp	210	64451
jügırtu	230	93712
jügıru	162	8557
jügıruge	198	43371
jügıruşı	215	74500
jügırıp	138	2066
jügırıs	214	72428
jüie	231	2588
jüiede	191	34031
jüiedegı	200	46305
jüieden	211	65728
jüiege	183	23307
jüieler	188	29667
jüielerı	190	31781
jüieleu	208	60540
jüielı	167	10961
jüielık	193	36682
jüielılık	212	68280
jüienı	187	13225
jüienıñ	171	13226
jüiesı	141	2590
jüiesımen	206	56935
jüiesın	160	5955
jüiesınde	175	16195
jüiesıne	173	15139
jüiesınıñ	155	5957
jüiesız	223	85978
jüike	156	6239
jüikem	206	56375
jüikesı	212	68335
jüirık	180	20218
jük	231	8485
jüktei	190	31804
jükteledı	210	63415
jükteme	195	38329
jüktep	162	8488
jükteu	183	23305
jüktı	170	12760
jüktılık	178	18895
jüktılıktı	213	53886
jüktılıktıñ	204	53887
jülde	174	15565
jüldeger	222	70978
jüldegerı	214	70979
jüldelı	184	24888
jüldenı	210	64276
jüldeñ	227	91418
jümystan	203	52310
jün	231	19008
jündı	205	54640
jünı	178	19009
jünın	199	44524
jünıs	197	41748
jünısova	207	59391
jünıñ	225	88791
jür	82	92
jürdek	226	89794
jürdı	151	3550
jürdık	165	10193
jürdım	146	3551
jürdıñ	162	8596
jürdıñba	208	60246
jürdıñder	203	51780
jürdıñız	198	43676
jüre	231	1007
jüreber	182	22297
jüred	231	1008
jüredı	128	1009
jüregı	231	7533
jüregım	231	55560
jüregımde	231	66596
jüregımdesıñ	211	66599
jüregımdı	231	95902
jüregıme	231	55561
jüregımen	205	55562
jüregımnıñ	231	95559
jüregımızde	216	76013
jüregımızdı	218	79777
jüregın	159	7534
jüregınde	181	21435
jüregıne	174	15616
jüregınen	198	43627
jüregınıñ	195	39064
jüregısıñ	222	85144
jüregıñ	231	10687
jüregıñde	186	27553
jüregıñdegı	226	89868
jüregıñdı	166	10689
jüregıñe	176	16965
jüregıñmen	204	52827
jüregıñnen	181	21099
jüregıñnıñ	180	20338
jüregıñız	186	26818
jüregıñızden	215	73991
jüregıñızdı	206	57387
jüregıñızdıñ	216	75057
jüregıñızge	208	60050
jüreiık	231	32905
jüreiıkşı	191	32907
jüreiın	176	16910
jürek	231	5649
jürekjardy	229	93114
jürekke	156	6444
jürekpen	168	11886
jüreksız	206	56555
jürekte	174	15349
jürektegı	197	42559
jürekten	231	95199
jürekter	184	24074
jürekterdı	211	66795
jürekterı	195	34922
jürekterım	192	34923
jürekterın	214	71389
jürekterıñ	211	66230
jürektesıñ	208	61237
jürektı	154	5651
jürektıñ	162	8691
jürekşe	196	19919
jürekşem	180	19920
jürem	134	1562
jürema	185	25357
jüremba	198	44069
jüreme	207	58604
jüremın	166	10526
jüremız	231	63391
jüremızba	209	63393
jürer	165	9863
jürermın	220	82400
jürersıñ	208	60992
jüresın	188	29274
jüresız	183	23119
jüresıñ	231	28436
jüresıñba	191	33421
jüresıñbe	218	79707
jüresıñder	187	28439
jüret	159	1144
jüretın	130	1146
jüretınbız	221	83211
jüretındei	212	68429
jüretınder	210	64177
jüretınmın	203	51924
jüretını	220	59760
jüretınımızdı	209	62975
jüretının	208	59761
jüretınıñdı	222	85525
jürge	206	1647
jürgeisıñ	220	81567
jürgelı	203	50940
jürgem	231	95642
jürgen	231	1648
jürgenbız	194	38021
jürgende	135	1650
jürgendede	223	86505
jürgendei	177	17808
jürgender	163	9066
jürgenderde	222	85325
jürgenderdı	211	65957
jürgenderdıñ	215	73506
jürgenderge	196	40935
jürgenderın	215	73268
jürgenderıne	218	79050
jürgenderıñ	209	63293
jürgenderıñdı	212	68834
jürgenderıñe	216	75603
jürgendı	192	34564
jürgenge	181	21351
jürgenmın	188	28974
jürgennen	182	22271
jürgennıñ	211	66098
jürgenov	210	64017
jürgensıñ	200	46008
jürgenı	171	11402
jürgenım	167	11403
jürgenımde	203	51723
jürgenımdı	176	16820
jürgenıme	175	16065
jürgenımız	192	30335
jürgenımızdı	196	40585
jürgenımızge	189	30337
jürgenın	231	25122
jürgenınde	225	88301
jürgenıne	185	25123
jürgenıñ	172	14292
jürgenıñde	214	71855
jürgenıñdı	174	15763
jürgenıñe	189	31074
jürgenıñız	203	51661
jürgenıñızdı	206	56640
jürgenıñızge	212	69008
jürgenşe	187	28115
jürgesın	188	29929
jürgo	171	13481
jürgım	231	96335
jürgın	200	47136
jürgınşı	212	68461
jürgısı	195	39044
jürgız	206	6375
jürgızbei	207	59412
jürgızbeidı	221	83784
jürgızdı	188	29271
jürgıze	188	19443
jürgızedı	179	19445
jürgızemız	206	57289
jürgızetın	190	31819
jürgızgen	185	25162
jürgızu	156	6376
jürgızudı	203	39794
jürgızudıñ	196	39795
jürgızuge	182	21930
jürgızuşı	170	12873
jürgızuşısı	216	75404
jürgızıldı	184	24070
jürgızıledı	169	12462
jürgızıletın	186	27114
jürgızılgen	183	23140
jürgızılu	226	59891
jürgızılude	208	59893
jürgızılıp	198	44113
jürgızıp	166	10359
jürgıñ	180	20056
jürgış	203	51887
jürma	147	3589
jürme	231	7290
jürmedı	213	54085
jürmedım	204	54086
jürmedıñ	210	65458
jürmegem	195	39068
jürmegen	185	25751
jürmei	161	8106
jürmeidı	172	13855
jürmeimın	192	34618
jürmeimız	199	44970
jürmeisıñ	191	33199
jürmeitın	186	26696
jürmeiık	204	52835
jürmeiın	206	56289
jürmen	222	85191
jürmes	202	7291
jürmese	190	32515
jürmesek	212	67869
jürmesem	206	57696
jürmeseñ	201	47826
jürmesın	159	7293
jürmeu	205	54890
jürmeñder	189	31150
jürmeñız	189	30420
jürmeş	203	51064
jürmin	189	30758
jürmyn	206	57337
jürmın	107	242
jürmınğo	202	33586
jürmınğoi	191	33587
jürmısıñ	220	82449
jürmız	134	1568
jürmızğoi	199	45350
jürmıñ	199	44971
jürse	148	3095
jürsede	194	37681
jürsei	186	26849
jürsek	170	12982
jürsekte	206	57276
jürsem	144	3096
jürsemde	192	35124
jürsen	176	16880
jürseñ	153	5341
jürseñde	180	20419
jürseñder	197	42475
jürseñız	187	28621
jürseñızde	212	68673
jürsı	207	2334
jürsın	140	2335
jürsınba	193	35824
jürsız	142	2674
jürsızba	183	23082
jürsızbe	195	39545
jürsızder	181	20852
jürsızderma	204	52764
jürsıñ	231	4500
jürsıñba	150	4502
jürsıñbe	174	15423
jürsıñder	153	5266
jürsıñderma	183	23644
jürsıñğo	186	27311
jürsıñğoi	200	46142
jüru	231	5620
jürude	213	69373
jürudı	189	31190
jürudıñ	212	68059
jüruge	154	5622
jüruı	192	35259
jüruım	198	44160
jüruın	219	63843
jüruıne	210	63844
jüruıñ	213	69826
jüruıñe	218	79319
jüruşı	180	20187
jürğo	160	7642
jürğoi	170	12680
jürık	196	39816
jürım	187	28188
jürıp	231	94810
jürıs	176	16992
jürısı	192	35048
jürısım	221	83450
jürısın	214	71793
jürıñder	153	5311
jürıñız	143	2948
jürıñızder	176	16606
jürıñızşı	199	45091
jürşı	159	7349
jüsıp	174	15746
jüsıptıñ	224	87714
jüz	231	2132
jüzben	213	69555
jüzdegen	198	43980
jüzden	186	27288
jüzderı	220	74580
jüzderıñnen	216	74584
jüzderıñızden	220	81694
jüzdeseiık	214	72240
jüzdesu	222	84673
jüzdı	177	18127
jüzdık	212	68450
jüzdıñ	181	21703
jüze	198	2133
jüzege	138	2135
jüzge	174	15174
jüzgen	228	91915
jüzsın	190	32012
jüzu	191	33135
jüzı	151	3401
jüzık	175	16235
jüzıktı	208	60208
jüzım	174	15806
jüzımdı	216	74758
jüzımdık	224	87312
jüzımnıñ	214	72011
jüzın	193	11526
jüzınde	168	11528
jüzındegı	197	41466
jüzıne	194	28444
jüzınen	187	28445
jüzınıñ	209	62159
jüzıñ	193	3402
jüzıñdı	198	44024
jüzıñe	213	69629
jüzıñnen	146	3405
jüzıñız	208	5316
jüzıñızden	153	5319
jüzıñızdı	221	83045
jıbek	231	36909
jıbekke	195	38927
jıbekte	220	76866
jıbektei	217	76867
jıbektı	203	36911
jıbektıñ	194	36912
jıbeo	228	91696
jıber	231	376
jıberdñ	223	86881
jıberdı	121	577
jıberdık	164	9770
jıberdım	231	23761
jıberdıma	183	23762
jıberdımba	214	71744
jıberdıme	209	61607
jıberdımğo	190	32097
jıberdın	187	28318
jıberdıñ	139	2176
jıberdıñba	185	25832
jıberdıñbe	208	61489
jıberdıñder	191	34005
jıberdıñız	166	10691
jıberdıñızba	211	66718
jıberdıñızbe	223	86592
jıberdıñızder	212	69142
jıbere	231	621
jıberedı	135	1687
jıbereiık	160	7968
jıbereiın	231	19744
jıbereiınba	179	19746
jıbereiınşı	192	34824
jıberem	231	622
jıberema	188	29077
jıbereme	207	58262
jıberemın	122	624
jıberemız	132	1354
jıberer	182	21665
jıberermın	190	32121
jıberersız	190	32219
jıberersıñ	181	21668
jıberesın	177	17707
jıberesız	129	1079
jıberesızba	231	96862
jıberesızbe	166	10389
jıberesızder	163	9210
jıberesızderma	204	53511
jıberesıñ	133	1457
jıberesıñba	179	19315
jıberesıñbe	193	36249
jıberesıñder	173	14924
jıberesıñğoi	211	66236
jıberetn	199	45126
jıberetın	143	2849
jıbergem	152	5110
jıbergen	112	379
jıbergenbız	209	62359
jıbergende	169	12196
jıbergendei	209	61846
jıbergender	193	35719
jıbergenderdı	196	40111
jıbergenderımdı	224	87931
jıbergendı	176	17195
jıbergenge	196	40933
jıbergenmın	177	18024
jıbergennen	194	38012
jıbergensıñ	188	29057
jıbergenı	182	9817
jıbergenım	164	9818
jıbergenımdı	195	38273
jıbergenıme	183	23034
jıbergenın	187	27876
jıbergenıñ	184	24870
jıbergenıñdı	197	42074
jıbergenıñe	211	66614
jıbergenıñız	206	56140
jıbergesın	208	61023
jıbergım	178	18346
jıbergısı	194	38115
jıbergıñ	200	45888
jıberme	154	2692
jıbermedı	166	10725
jıbermedım	184	24412
jıbermedıñ	166	10928
jıbermedıñba	212	69049
jıbermedıñız	187	28002
jıbermegen	170	12862
jıbermei	142	2693
jıbermeidı	160	7943
jıbermeimın	178	19129
jıbermeimız	191	32724
jıbermeisız	203	51088
jıbermeisıñ	185	25835
jıbermeisıñba	222	85656
jıbermeitın	184	24732
jıbermeptı	209	62289
jıbermese	180	20208
jıbermesem	196	39949
jıbermeseñ	185	26145
jıbermesın	200	47365
jıbermeu	202	49533
jıbermeñder	186	27586
jıbermeñız	200	46838
jıbermeñızder	210	64825
jıbermeş	161	8437
jıbermeşı	190	32234
jıberptı	216	74975
jıberse	146	1795
jıbersei	148	3890
jıberseiş	202	50234
jıbersek	170	12880
jıbersem	136	1796
jıbersen	178	18376
jıberseñ	153	4257
jıberseñde	209	23248
jıberseñder	183	23249
jıberseñderşı	202	50458
jıberseñız	149	4259
jıberseñızde	227	11465
jıberseñızder	168	11466
jıberseñızşı	188	30007
jıberseñşı	203	51184
jıbersi	157	6740
jıbersın	157	6558
jıbersınşı	184	24255
jıbersıñ	203	52059
jıberu	132	1366
jıberudı	159	7264
jıberuge	151	4701
jıberulerıñızdı	214	71685
jıberuı	196	17948
jıberuım	177	17949
jıberıldı	178	18952
jıberıledı	187	28575
jıberılgen	173	14965
jıberılmei	189	30226
jıberılu	229	92916
jıberınderşı	194	37603
jıberıp	231	3212
jıberıppın	178	18557
jıberıpsız	199	45064
jıberıpsıñ	186	26449
jıberıpsıñder	219	79834
jıberıptı	145	3214
jıberıñ	170	1529
jıberıñder	134	1532
jıberıñderş	167	4862
jıberıñderşı	152	4863
jıberıñız	141	2478
jıberıñızder	148	3786
jıberıñızderşı	156	6258
jıberıñızşı	231	94936
jıberşı	231	94726
jıbı	199	30906
jıbın	189	30907
jıbıp	208	61095
jıbıtu	228	91911
jıbıtıp	206	56784
jıger	231	49498
jıgerdı	214	71436
jıgerdıñ	215	73049
jıgerge	219	81189
jıgerlı	202	49500
jıgersızdık	221	84003
jıgerı	221	84195
jıgıt	231	10633
jıgıtke	231	95859
jıgıtpa	211	66780
jıgıtpen	231	95227
jıgıtpın	196	40092
jıgıtsız	194	38170
jıgıtsıñ	184	24416
jıgıtte	184	10635
jıgıtten	182	22452
jıgıtter	231	10636
jıgıtterde	199	38454
jıgıtterden	195	38455
jıgıtterdı	178	18424
jıgıtterdıñ	231	96215
jıgıtterge	231	96628
jıgıttermen	231	96779
jıgıtterı	166	10637
jıgıtterımen	213	70660
jıgıtterın	204	52854
jıgıtterıne	205	55081
jıgıtterınıñ	218	78472
jıgıtterıñ	188	29503
jıgıtterıñdı	219	81166
jıgıtterıñe	217	77918
jıgıtterıñmen	220	82503
jıgıttı	231	56876
jıgıttık	206	56877
jıgıttıñ	231	95702
jıgıtı	231	13764
jıgıtım	231	17954
jıgıtımde	214	71028
jıgıtımdı	183	23752
jıgıtıme	179	17955
jıgıtımen	177	17956
jıgıtımnen	214	71752
jıgıtımnıñ	186	26823
jıgıtımın	199	45833
jıgıtımız	212	67720
jıgıtın	231	23844
jıgıtıne	183	23845
jıgıtınen	215	74070
jıgıtınıñ	190	32042
jıgıtıñ	231	13765
jıgıtıñba	201	48089
jıgıtıñdı	180	20055
jıgıtıñe	174	15419
jıgıtıñmen	231	97089
jıgıtıñnen	205	55590
jıgıtıñnıñ	171	13768
jıgıtıñız	178	18461
jıgıtıñızdıñ	212	68998
jıgıtşe	169	12371
jıktelu	220	82090
jıkteu	179	19743
jıktık	208	60817
jılık	162	8790
jılıktı	218	78411
jıp	161	8136
jıpke	202	49639
jıppen	189	31275
jıpsız	208	61273
jıptı	193	35695
jıpşe	228	92386
jıtı	195	38687
jıñışke	163	9232
jşs	195	38947
jūbai	223	56469
jūbailar	206	56472
jūbaiy	207	58254
jūbaiym	209	63343
jūbaiyñ	219	80003
jūban	207	24815
jūbanov	194	38128
jūbanyş	184	24817
jūbata	210	61323
jūbatatyn	208	61326
jūbatqan	221	83059
jūbatu	204	53910
jūbatyp	187	27951
jūby	195	38291
jūbymdy	227	91345
jūbyñ	220	82215
jūdyryq	207	58966
jūdyryqpen	217	76524
jūdyryqtai	220	81768
jūla	221	36269
jūlam	193	36270
jūldy	213	18930
jūldyryp	207	57929
jūldyz	231	18931
jūldyzai	231	96460
jūldyzben	203	51509
jūldyzda	206	19504
jūldyzdai	211	67159
jūldyzdan	203	52478
jūldyzdar	179	19505
jūldyzdardy	218	65895
jūldyzdardyñ	211	65896
jūldyzdary	208	59996
jūldyzdy	231	23796
jūldyzdyñ	183	23797
jūldyznama	197	41411
jūldyzym	231	95933
jūldyzyñ	198	43608
jūldyzyñyz	215	73148
jūldyzğa	178	18933
jūldyzşa	208	60917
jūlma	229	93356
jūlp	192	34807
jūlqylap	218	78489
jūlqynyp	198	43783
jūlu	206	57615
jūluğa	218	79005
jūlyn	189	30482
jūlynnyñ	193	36124
jūlynyp	198	44060
jūlyp	231	96189
jūlğan	218	78592
jūm	161	386
jūma	113	410
jūmabaev	177	18101
jūmabaevtyñ	212	68136
jūmabai	231	97313
jūmabek	231	97029
jūmada	171	13464
jūmadan	193	35664
jūmadağy	191	33077
jūmagül	184	24364
jūmahan	187	28256
jūmalyq	219	80581
jūmamyz	216	74781
jūman	189	30649
jūmanyñ	197	41704
jūmaq	197	31217
jūmaqqa	189	31219
jūmaqta	203	52022
jūmaqtan	215	73285
jūmaqtyñ	205	54460
jūmasyna	220	81649
jūmat	216	74907
jūmağa	175	15909
jūmağali	188	29465
jūmağym	213	69877
jūmaş	198	43652
jūmbaq	156	6256
jūmbaqtamai	206	56355
jūmbaqtap	210	65462
jūmbaqtar	195	38968
jūmbaqty	193	35723
jūmbaqtyñ	193	35724
jūmda	219	80456
jūmdy	219	80961
jūmeke	218	79423
jūmsa	199	5199
jūmsai	191	33923
jūmsaidy	201	48915
jūmsaimyn	215	73336
jūmsaityn	206	56238
jūmsalady	200	47182
jūmsalatyn	204	53232
jūmsalyp	209	62550
jūmsalğan	210	64782
jūmsam	199	45532
jūmsap	161	8168
jūmsaq	153	5200
jūmsaqtau	225	88241
jūmsaqtyq	225	88464
jūmsartu	224	87768
jūmsasa	217	77668
jūmsau	198	43713
jūmsauğa	206	56564
jūmsağan	200	46611
jūmsağanda	215	74273
jūmu	220	81763
jūmyla	206	57795
jūmyldyru	221	84086
jūmylyp	181	21499
jūmyp	168	11491
jūmyr	192	34705
jūmyrtqa	231	40815
jūmyrtqadan	217	76924
jūmyrtqany	196	40817
jūmyrtqanyñ	200	46617
jūmyrtqasy	211	67139
jūmyrtqasyn	216	74801
jūmyrtqağa	219	80536
jūmys	231	388
jūmysbasty	227	91559
jūmysker	203	52512
jūmyskerler	221	83669
jūmyspa	176	16591
jūmyspen	160	7975
jūmysqa	231	73968
jūmysqada	215	73970
jūmysqoi	196	41129
jūmyssyz	177	17965
jūmyssyzdyq	200	47040
jūmysta	231	390
jūmystada	215	73141
jūmystama	184	24462
jūmystamyn	140	2417
jūmystamynğoi	222	84596
jūmystamyz	187	28219
jūmystan	112	391
jūmystanu	221	83485
jūmystar	151	4564
jūmystardy	171	13657
jūmystardyñ	194	38131
jūmystarmen	174	15302
jūmystary	154	5684
jūmystarym	175	15867
jūmystarymdy	191	33873
jūmystarymen	188	29221
jūmystarymmen	207	58521
jūmystaryn	158	7007
jūmystarynda	203	51544
jūmystarynyñ	193	35796
jūmystaryñ	166	10638
jūmystaryña	195	38682
jūmystaryñdy	180	19981
jūmystaryñyz	178	18806
jūmystaryñyzdy	200	46172
jūmystaryñyzğa	193	36862
jūmystarğa	196	40108
jūmystas	200	9515
jūmystasy	223	9516
jūmystasyn	179	19137
jūmystasynba	196	41141
jūmystasyñ	231	9517
jūmystasyñba	164	9519
jūmystasyñdar	219	80513
jūmystağy	171	13282
jūmystağylar	199	45117
jūmystağylarmen	228	92112
jūmystağylarğa	215	74479
jūmysty	141	2545
jūmystyñ	155	5981
jūmysy	231	961
jūmysym	152	5070
jūmysyma	189	31135
jūmysymda	209	62084
jūmysymdy	176	16669
jūmysymen	192	35030
jūmysymnyñ	215	73363
jūmysymyz	193	36789
jūmysymyzdy	210	63727
jūmysyn	128	962
jūmysyna	150	4307
jūmysynan	183	22989
jūmysynda	175	16540
jūmysyndağy	203	52357
jūmysynyñ	173	14976
jūmysyñ	231	6875
jūmysyña	164	9749
jūmysyñda	198	43623
jūmysyñdy	167	11346
jūmysyñnan	203	51804
jūmysyñnyñ	200	47266
jūmysyñyz	157	6877
jūmysyñyzda	209	62347
jūmysyñyzdy	196	41025
jūmysyñyzdyñ	208	60437
jūmysyñyzğa	171	13337
jūmysşy	178	18412
jūmysşylar	184	24267
jūmysşylary	223	86181
jūmysşylarğa	217	76703
jūmyş	224	87528
jūmğan	219	47026
jūmğanşa	200	47028
jūnyryp	212	68927
jūp	144	3037
jūpar	172	13976
jūpsyzdar	213	70910
jūptar	195	27295
jūptaryñ	186	27297
jūptaryñyz	211	66473
jūpty	215	20541
jūptyq	180	20542
jūpyny	226	89624
jūqa	154	5605
jūqalap	211	66403
jūqalau	209	62598
jūqaryp	210	65203
jūqpaly	169	12228
jūqqan	199	45185
jūqty	204	37388
jūqtyru	217	78059
jūqtyryp	194	37391
jūr	231	6363
jūrdai	201	47950
jūrnaq	183	23721
jūrt	231	6364
jūrtpen	212	67910
jūrtqa	173	15130
jūrtta	208	7722
jūrttan	184	24485
jūrttar	160	7723
jūrttardan	223	86480
jūrttardyñ	210	64323
jūrttaryñ	217	77420
jūrttarğa	209	62832
jūrtty	188	6366
jūrttyq	222	84805
jūrttyñ	156	6367
jūrty	198	42686
jūrtym	204	48688
jūrtymyz	201	48690
jūrtyna	215	74055
jūrtyñ	199	45087
jūrtşylyq	219	80586
jūtqan	207	58359
jūtqynşaq	202	49793
jūtu	196	40379
jūtyp	166	10728
jūğady	196	40535
jūğu	208	60436
jūğymdy	223	86961
jūğyp	188	28948
jūğysty	136	1789
ka	231	10
kaba	223	24464
kabanbai	184	24468
kabdol	223	84006
kabdolova	221	84009
kabina	200	46752
kabinet	231	34855
kabinetke	231	96729
kabinette	231	37480
kabinettegı	220	81773
kabinetten	194	37481
kabinetter	219	80601
kabinettı	201	49228
kabinettıñ	208	60504
kabinetı	199	34856
kabinetımde	224	87629
kabinetıme	216	75641
kabinetınde	199	44657
kabinetıne	192	34858
kabinetıñ	229	93571
kabinka	197	42588
kabir	224	87358
kabluk	188	28956
kabyldamaidy	220	82386
kabyldasai	211	66218
kabyldau	203	52274
kadastr	217	77600
kadet	206	57495
kadir	203	52493
kadr	171	13391
kadrlar	214	72052
kadrlardy	217	77037
kadry	206	56376
kadrğa	211	66968
kadyrov	198	44067
kadyrova	213	69441
kafe	136	1701
kafede	155	5979
kafedegı	224	87739
kafedra	185	25094
kafedrada	212	67284
kafedradan	224	87232
kafedranyñ	221	83461
kafedrağa	209	62731
kafege	141	2581
kafeler	194	38158
kafenı	201	41301
kafenıñ	197	41302
kafesı	196	40224
kafesınde	210	63737
kafesıne	207	58385
kagor	228	92024
kai	231	9115
kaiaka	231	97657
kaid	204	9116
kaidam	163	9118
kaidan	231	94861
kaidasyñ	173	15041
kaidağy	168	11793
kaidağyny	218	79396
kaif	231	60389
kaifuet	219	81109
kaifuşa	208	60392
kainar	193	35883
kairatova	219	80339
kairatovna	181	20921
kairatty	226	89644
kaisar	231	97276
kaitalanbaidy	213	70113
kaitesıñ	202	50398
kaitpa	219	79931
kaittyñ	210	63479
kaittyñba	220	81680
kajdaia	188	29377
kajdoe	188	29054
kajdogo	165	9962
kajdoi	181	20857
kajdom	188	21753
kajdomu	181	21754
kajduiu	181	21306
kajdyi	126	839
kajdym	188	29510
kajetsia	231	95083
kak	231	9714
kakaia	231	95106
kakao	182	22216
kakaşka	186	26879
kakie	231	95023
kakih	165	10351
kakim	164	9716
kako	196	18249
kakoe	231	95598
kakogo	231	96011
kakoi	231	94848
kakom	231	18250
kakomu	177	18251
kakraz	231	96857
kaktus	192	35371
kakuiu	231	95977
kakşi	213	70094
kalada	231	95282
kalaisyndar	231	95421
kalaisyñ	231	95834
kalaisyñdar	231	96699
kalam	138	2060
kalamkas	188	29806
kalasyn	231	96541
kalauy	205	54689
kalağa	155	5775
kalaşnikov	205	55962
kaldaryñ	182	21891
kaldybaev	230	93631
kaleidoskop	229	93374
kalgan	231	94951
kalibr	228	91782
kalidorda	206	56408
kalieva	196	39780
kalii	177	18203
kalima	188	29827
kaljyñ	205	55073
kalligrafiia	226	90486
kalmasyn	171	13364
kaloriia	217	77707
kalpak	186	26527
kalsañ	196	40065
kalyn	138	2019
kalynyz	148	3844
kalyñ	160	7724
kalyñyz	231	97450
kalğan	144	3094
kalğany	182	22594
kama	231	5336
kamal	182	22815
kamaz	153	5337
kamazdyñ	220	81533
kamazy	217	78003
kamazğa	209	62977
kambek	221	82932
kambii	194	37828
kamennoe	212	67311
kamera	231	16133
kamerada	210	33488
kameradan	191	33489
kameralyq	220	81760
kameram	185	25289
kameramen	189	30813
kamerany	175	16135
kameranyñ	207	58201
kamerasy	177	18232
kamerağa	181	21257
kameru	186	26508
kamery	192	34633
kami	159	7391
kamila	231	38120
kamilamen	216	75293
kamilanyñ	194	38123
kamilağa	206	56714
kamilla	182	21925
kamisiia	218	79089
kamok	207	57921
kampaniia	208	60002
kamri	231	96153
kamzina	214	71023
kamzol	197	42226
kamşat	231	66447
kamşatqa	213	70359
kamşattan	226	89656
kamşattyñ	211	66450
kanadanyñ	226	89792
kanal	138	2138
kanalda	173	15080
kanaldan	184	24435
kanaldyñ	199	45069
kanalizasiia	204	53871
kanaly	173	14932
kanalğa	169	12061
kanat	231	81432
kanatova	220	81435
kanbai	185	25301
kandidat	196	40330
kandidattar	221	84152
kandidattyq	224	87145
kandidaty	213	69324
kanikul	171	13292
kanikuly	191	32894
kanikulğa	201	47711
kanistr	230	94330
kanjai	224	87812
kanşadan	231	95945
kapa	231	97213
kapella	205	55956
kapes	142	2669
kapilliar	221	83586
kapital	192	34285
kapitaldy	217	76511
kapitalistık	208	60890
kapitalizm	222	84475
kapitan	231	97123
kapiuşon	216	75897
kapli	189	27002
kaplia	186	27003
kapot	201	49182
kapsula	182	22495
kapusta	156	6104
kapustany	210	64028
kara	231	7445
karaganda	231	95853
karagande	188	29125
karagandu	211	65631
karagandy	182	22736
karaisn	218	78271
karakoz	200	47221
karakulova	230	93820
karamai	163	9138
karandaş	168	11791
karantin	231	94924
karaoke	231	95511
karapaiym	183	23523
karasai	159	7448
karat	205	43313
karatau	198	43315
karavan	208	61035
karañyz	219	79986
karañğy	209	62211
karaşaş	206	57643
karbiurator	208	61384
karbon	202	49730
karbonat	229	87747
karbonaty	224	87748
kardio	208	36459
kardiolog	193	36462
kardiologiia	225	88507
kare	191	32683
karei	212	68695
kareiski	216	75169
karidor	222	84384
karie	201	48183
karies	216	75600
kariia	200	97712
karim	185	21216
karima	181	21217
karimova	200	46911
karina	231	95940
karkas	218	79554
karl	178	13307
karlygaş	171	13311
karnaval	184	24705
karniz	201	48792
karobka	173	14899
karobkasy	209	63284
karolina	218	79309
karopka	171	13740
kars	200	46782
karset	209	61721
karta	127	854
kartada	183	23042
kartadan	185	25236
kartamen	190	32536
kartany	174	15784
kartanyñ	195	38584
kartasy	164	9731
kartañdy	214	72042
kartağa	179	19549
karter	220	82791
kartina	170	13139
kartinka	231	29406
kartinkalar	188	29409
kartinkany	206	56603
kartinki	152	4991
kartografiia	216	63690
kartografiialyq	210	63693
karton	194	37518
kartop	149	4242
kartoptan	219	81257
kartopty	185	25303
kartoteka	223	86901
kartoşka	151	4534
kartoşkada	199	45074
kartoşkadan	208	60613
kartoşkam	202	48554
kartoşkama	214	71027
kartoşkamda	222	85087
kartoşkamdy	201	48556
kartoşkamen	213	69162
kartoşkany	201	47535
kartoşkanyñ	212	69029
kartoşkasy	198	42341
kartoşkasyn	197	42342
kartoşkasyna	219	81187
kartoşkaña	228	92382
kartoşkañdy	214	70994
kartoşkañyzğa	230	93810
kartoşkağa	228	91663
kartoşki	198	43342
kartoşku	192	34059
kartridj	202	50926
kartu	231	96864
karty	169	12024
karyndasym	176	17153
kasaetsia	184	24863
kasenova	213	69498
kasiakqa	205	54889
kasimova	226	90457
kaska	144	3067
kaskad	226	90277
kaskelen	231	51047
kaskelenge	203	51049
kaspi	231	3982
kaspide	152	4998
kaspiden	164	9376
kaspidı	209	62558
kaspige	148	3984
kaspigold	202	50139
kaspii	231	8551
kaspiide	169	12352
kaspiiden	179	19864
kaspiige	162	8553
kaspiğa	196	40418
kassa	155	6024
kassada	185	26295
kassadan	197	41507
kassany	194	37928
kassanyñ	201	48965
kassağa	187	28134
kasse	211	65869
kasseta	213	70350
kassir	184	24725
kasta	220	81790
kastium	174	15846
kasyn	189	30579
kasyñda	181	21599
kasyñdağy	217	77514
kataklizm	225	88586
kataliz	226	69860
katalizator	213	69864
katalog	146	3440
katalogta	180	20546
katalogty	196	40425
katar	231	81832
katarakta	223	86818
katarda	220	81834
kategoriia	231	39036
kategoriiasy	209	62053
kategoriiağa	195	39038
kater	225	88454
katet	210	63650
katia	154	5744
katiağa	227	90762
katiuşa	204	52785
katlet	193	35958
katod	228	92055
katok	231	97264
katolik	209	62723
katon	202	50141
katuşka	208	61364
katynaska	230	93775
katynym	183	23473
katyrma	210	64385
kauka	212	68270
kausar	231	94919
kauşuk	204	53654
kaver	175	16269
kavkaz	189	30305
kaz	63	11
kazah	231	4180
kazahi	231	96146
kazahov	184	24829
kazahskii	149	4252
kazahskogo	182	22323
kazahskom	163	9363
kazahstan	231	4184
kazahstana	149	4185
kazahstane	157	6765
kazahstanskaia	207	59053
kazahstanskii	199	45701
kazahtelekom	202	49773
kazak	114	422
kazakskom	208	59885
kazakstan	231	95842
kazaktar	231	96354
kazaqşa	193	35835
kazarma	224	88070
kazaşka	231	96036
kazbek	177	17804
kazgu	199	45741
kaziev	228	74603
kazieva	216	74604
kazino	172	14404
kazkom	226	89651
kaznu	200	46756
kazpoşta	185	25676
kazsport	189	30787
kazır	231	94851
kağan	191	33340
kağaz	185	25227
kağazdy	215	73483
kaşa	231	95838
kaşelia	209	61752
kaşemir	218	78672
kaşestvasy	190	31638
kaşestve	181	21701
kaşestvenno	203	51537
kaşestvo	153	5325
kaşok	231	97559
kaştan	218	78713
kaşu	184	24967
kebeje	217	76472
kebek	183	23206
kebenek	215	74338
kebu	219	79871
kebın	222	84571
kebır	221	84202
kebıs	229	92991
kede	192	1734
kedei	172	13860
kedeilık	206	56698
kedeimız	205	55624
kedeişılık	229	93502
keden	207	59589
kedendık	212	68003
kedergı	136	1737
kedergıler	199	45311
kedergısı	199	44629
kedergısız	210	64845
kedy	215	72722
kefir	181	21540
kegende	159	7595
kegennen	207	58313
kei	231	1204
keibır	131	1207
keibıreu	219	18357
keibıreuler	178	18360
keibıreulerge	222	84553
keibıreulerı	183	23335
keibıreuı	185	25350
keibıreuın	210	64737
keibırı	187	28434
keide	231	94891
keikı	220	81900
keipın	225	88999
keiın	231	2462
keiınde	190	28015
keiındeu	187	28016
keiındı	217	77711
keiınge	179	19696
keiıngı	140	2464
keiıngıler	219	80217
keiıngısı	208	60533
keiıngısın	216	74664
keiınnen	174	15363
keiınrek	204	52884
keiınırek	165	10006
keiıp	193	17463
keiıpker	177	17466
keiıpkerler	177	17603
keiıpkerlerdıñ	196	39775
keiıpkerlerı	197	42416
keiıpkerı	198	42660
keiıpte	226	42688
keiıpteu	198	42689
keiıñ	173	15056
kek	163	8986
kekeş	231	95800
keks	231	96295
kektı	230	94157
kekıl	193	36069
kekıldı	218	79064
kekılık	219	80145
kekıru	226	90126
kekşıl	205	55250
kel	231	307
kelbet	193	31409
kelbettı	208	60902
kelbetı	190	31410
kelbetın	200	47398
kelbetıñe	203	51140
kelda	198	42881
kelde	189	30441
keldu	214	71535
keldı	231	318
keldık	133	1424
keldım	231	42272
keldıma	231	95446
keldımda	223	86605
keldıme	231	96510
keldımğo	197	42274
keldın	175	15904
keldıñ	110	319
keldıñba	231	96002
keldıñbe	178	18545
keldıñder	155	5869
keldıñderma	191	32833
keldıñderme	205	55003
keldıñız	137	1985
keldıñızba	190	31864
keldıñızbe	205	55991
keldıñızder	169	12482
keldığo	179	19843
keldığoi	194	37024
kele	231	1858
keleber	179	19656
kelebersın	214	71661
keled	231	24158
keledı	231	24159
keledıma	203	52296
keledıme	207	57887
keledığo	184	24161
keledığoi	193	35862
keleiık	231	97053
keleiın	231	95706
kelejatqan	210	65378
kelek	216	72429
keleke	214	72430
kelelı	198	42810
kelem	231	1859
kelema	137	1860
keleme	149	4112
kelemiz	178	18738
kelemğo	203	52074
kelemın	146	3556
kelemız	141	2625
kelep	197	42178
keler	231	10300
kelerde	165	10302
kelermın	210	63778
kelermız	222	85072
kelersız	213	69875
kelersızder	229	92841
kelersıñ	180	20558
kelersıñder	217	76784
kelerıñde	198	42929
kelerıñızde	224	87730
keles	231	2850
kelesı	231	2851
kelesıde	143	2853
kelesıge	201	48978
kelesın	158	7049
kelesınba	189	30576
kelesınder	196	39839
kelesısı	203	39987
kelesısın	196	39988
kelesız	231	12150
kelesızba	181	20959
kelesızbe	194	37266
kelesızder	169	12153
kelesızderme	223	86205
kelesıñ	231	5247
kelesıñba	153	5249
kelesıñbe	181	21280
kelesıñder	155	5848
kelesıñderma	187	28398
kelesıñderme	210	64739
kelesıñğo	188	29416
kelet	231	12448
keletın	231	12450
keletındei	201	49238
keletınder	178	18761
keletını	187	12451
keletınımdı	215	74401
keletının	169	12452
keletınıne	215	73152
keletınıñdı	209	63035
keletıñ	188	29935
keleñsız	209	61700
keleşegı	203	51371
keleşek	188	27120
keleşekte	186	27122
kelgelı	170	12610
kelgem	145	3399
kelgen	231	310
kelgenbız	182	22906
kelgende	109	312
kelgendegı	212	67304
kelgendei	189	31356
kelgender	173	14615
kelgenderdı	204	53803
kelgenderge	201	48292
kelgenderın	222	84629
kelgenderıñ	219	78789
kelgenderıñe	218	78790
kelgendk	229	93031
kelgendı	169	12522
kelgendıkten	219	80293
kelgenen	198	42893
kelgenge	185	25291
kelgenmen	207	59243
kelgenmın	187	28522
kelgennen	164	9406
kelgennıñ	201	47608
kelgensoñ	172	14055
kelgensıñ	204	53355
kelgenı	161	5885
kelgenım	197	29230
kelgenımde	218	78682
kelgenımdı	201	48085
kelgenıme	188	29231
kelgenımen	220	82755
kelgenın	155	5886
kelgenınde	220	82876
kelgenıne	186	27456
kelgenınşe	213	69974
kelgenıñ	183	23582
kelgenıñde	198	42667
kelgenıñdı	196	39697
kelgenıñe	198	43102
kelgenıñız	214	72559
kelgenıñızde	221	84255
kelgenıñızge	217	76908
kelgenşe	137	1906
kelgesın	145	3320
kelgesıñ	204	54069
kelgım	200	47192
kelgısı	187	28224
kelinka	187	28610
kelme	154	461
kelmedı	132	1323
kelmedım	203	26890
kelmedıma	186	26891
kelmedıme	207	59167
kelmedıñ	162	8597
kelmedıñba	208	59750
kelmedıñder	200	46251
kelmedıñız	194	37890
kelmedıñızder	217	76448
kelmegen	155	5822
kelmegende	206	56453
kelmegender	209	63155
kelmegenderge	230	93675
kelmegenı	208	60653
kelmegenıne	221	84168
kelmegenıñ	222	84806
kelmei	116	462
kelmeiaq	184	25021
kelmeidı	118	474
kelmeima	175	16159
kelmeime	192	34942
kelmeimın	185	25854
kelmeimız	203	52417
kelmeisız	194	37223
kelmeisızba	218	78175
kelmeisızder	217	76847
kelmeisıñ	165	10102
kelmeisıñba	193	36691
kelmeisıñbe	216	75240
kelmeisıñder	201	47694
kelmeisıñderma	226	89973
kelmeitın	152	5100
kelmeitındei	214	71509
kelmeitınder	222	85213
kelmeitının	207	58799
kelmekşı	217	77867
kelmep	201	26796
kelmeptı	186	26798
kelmes	185	1275
kelmese	131	1276
kelmesede	195	38575
kelmesem	197	42085
kelmesen	180	20485
kelmeseñ	173	14525
kelmeseñder	209	61937
kelmeseñız	210	64620
kelmeske	199	45400
kelmesın	184	24700
kelmeu	207	58730
kelmeuı	209	62139
kelmeñder	201	48316
kelmeş	206	57166
kelmidı	159	7575
kelmisıñba	204	53645
kelp	113	398
kelse	231	3058
kelsede	173	14961
kelsei	144	3136
kelseişı	201	47595
kelsek	169	12373
kelsem	145	3184
kelsemde	212	68874
kelsen	151	4792
kelsender	191	32754
kelsenşı	215	73280
kelseñ	144	3059
kelseñde	202	19948
kelseñder	180	19949
kelseñderşı	197	41453
kelseñız	170	12894
kelseñızder	197	41982
kelseñızşı	188	29969
kelseñşı	194	36997
kelsın	231	22139
kelsınşı	182	22141
kelte	195	38966
keltır	193	7825
keltıre	184	22552
keltıredı	182	22554
keltıretın	188	29803
keltırgen	196	41123
keltırme	226	89755
keltıru	165	9901
keltıruge	190	31743
keltırılgen	181	21087
keltırıp	160	7827
kelu	134	1478
keludı	199	45652
keludıñ	219	80334
keluge	154	5459
kelulerıñ	229	91564
kelulerıñızdı	227	91568
keluı	161	8315
keluım	187	27732
keluıme	227	45194
keluımen	199	45195
keluımız	222	84614
keluın	195	31369
keluıne	189	31370
keluıñ	196	37671
keluıñe	211	65595
keluıñmen	194	37674
keluıñız	221	84160
keluıñızben	225	88952
keluşı	184	24493
kelım	195	38464
kelımsek	200	97715
kelın	231	6784
kelınde	207	6786
kelınder	157	6787
kelınderdı	212	68171
kelınderdıñ	213	70366
kelınderge	202	50853
kelınderı	192	34706
kelınderım	209	63178
kelınderın	219	80731
kelınderıñ	206	56442
kelındı	172	14017
kelındık	193	35816
kelınge	173	15004
kelınjan	174	15410
kelınmen	195	38581
kelınnen	201	47579
kelınnıñ	167	11411
kelınsıñ	216	75613
kelını	231	12965
kelınım	231	51495
kelınıme	203	51496
kelınımnıñ	207	58506
kelınımın	213	70462
kelınımız	209	61942
kelının	199	44816
kelınıne	204	53766
kelınınıñ	208	60551
kelınıñ	170	12966
kelınıñdı	221	83432
kelınıñe	213	69983
kelınıñız	187	28811
kelınşegı	231	24912
kelınşegımen	215	72959
kelınşegın	206	56660
kelınşegıne	214	71632
kelınşegınıñ	208	60950
kelınşegıñ	184	24913
kelınşegıñdı	221	83401
kelınşegıñnıñ	218	79132
kelınşek	231	44453
kelınşekke	203	52054
kelınşekter	231	57784
kelınşekterdı	220	81919
kelınşekterdıñ	220	82471
kelınşekterge	206	57786
kelınşekterı	212	67413
kelınşektı	205	44455
kelınşektıñ	199	44456
kelıp	231	4128
kelıppa	211	66069
kelıpsız	196	39936
kelıpsıñ	202	50546
kelıptı	149	4130
kelıs	205	4334
kelıse	180	10053
kelısedı	190	31764
kelıseiık	208	59753
kelısem	231	10054
kelısemın	165	10056
kelısemız	181	21058
kelıser	218	78142
kelısesız	202	49626
kelısesızder	215	73525
kelısesıñ	185	25663
kelısesıñba	211	66034
kelısetın	200	46512
kelısken	183	23744
kelıskenbız	216	75031
kelıspedı	215	74053
kelıspei	180	20344
kelıspeidı	201	48286
kelıspeimın	200	47236
kelıspeitın	212	68564
kelıspese	209	63167
kelıspeuşılık	215	74394
kelısse	182	22861
kelısseñ	200	47300
kelısseñız	209	63188
kelıssöz	225	67694
kelıssözder	212	67697
kelıstı	185	14001
kelıstık	172	14002
kelıstım	198	42841
kelıstıre	212	68226
kelıstırıp	199	45564
kelıstıñ	212	67291
kelısu	194	36945
kelısuge	200	46256
kelısım	161	8107
kelısımdı	200	46225
kelısımen	214	72365
kelısımge	200	46385
kelısımı	199	44885
kelısımın	206	56311
kelısımşart	217	76540
kelısıp	150	4336
kelıñ	166	2671
kelıñder	231	44982
kelıñderşı	199	44984
kelıñız	142	2673
kelıñızder	153	5297
kelıñızderşı	211	65585
kelıñızşı	173	15122
kelşı	231	95375
kem	123	660
keme	171	10808
kemedı	185	25125
kemege	223	49347
kemegen	202	49348
kemeidı	196	41065
kemel	186	27474
kemeldenu	226	89633
kemeldı	225	89276
kemelūly	219	80441
kemenıñ	207	58300
kemer	222	85174
kemese	166	10810
kemeñger	195	39578
kemeş	218	79160
kemisıñ	206	57286
kempır	147	3610
kempırden	222	85218
kempırdı	203	35025
kempırdıñ	192	35026
kempırge	198	42691
kempırler	201	47559
kempırqosaq	209	62384
kempırı	203	46533
kempırım	200	46534
kempırıñ	206	56983
kemsıtıp	208	60476
kemtar	215	73596
kemtarlyq	224	87288
kemu	212	67519
kemı	179	19709
kemınde	180	20241
kemıp	208	61515
kemıs	231	97647
kemşılıgı	194	38130
kemşılıgın	204	54171
kemşılık	187	28549
kemşılıksız	213	69939
kemşılıkter	208	60554
kemşılıktı	225	89211
ken	231	9331
kende	206	57007
kendı	215	73770
kene	189	24580
kenei	228	92460
kenen	191	32840
kenep	218	79215
kenes	231	88974
kenesary	231	96099
kenesovna	225	88978
kenet	196	24581
kenetten	184	24584
kenguru	202	50880
kenje	231	26611
kenjebaeva	203	52427
kenjebai	188	29483
kenjebek	231	97006
kenjege	209	62302
kenjegul	199	45766
kenjegül	186	26614
kenjehan	192	34568
kenjenıñ	214	71790
kenjesı	190	31416
kenjesımın	217	77806
kenjetai	192	34255
kenkeles	207	58536
kent	192	9332
kentai	199	45356
kental	229	92665
kentau	163	9334
kentauda	185	26081
kentaudan	207	58747
kentauğa	191	33006
kentı	197	41415
kenı	204	54234
kenış	216	75696
keop	222	84784
kep	231	10528
kepe	215	54392
kepek	205	54393
kepka	184	24250
kepkany	229	92834
kepken	196	41038
keppei	210	64388
keptelıs	226	90237
kepter	195	39547
keptı	166	10530
keptırgış	223	85892
keptıru	202	50550
keptırıp	181	21335
kepıl	192	26406
kepıldık	187	28657
kepılı	186	26407
ker	231	6
keramika	206	56295
keratin	205	54498
kerbez	196	40353
kerbūlaq	204	52768
kerderı	212	68746
kere	231	7
kerege	193	36048
keregı	231	11070
keregım	185	25356
keregımdı	213	70243
keregın	167	11071
keregıne	211	66229
keregınşe	225	88985
keregıñ	201	48028
keregıñdı	201	48594
keregıñe	216	75468
keregıñızdı	229	92795
kerei	174	15394
kerek	49	8
kerekbolyp	216	74669
kerekkoi	177	17903
kerekpa	231	95163
kerekpe	159	7280
kerekpın	231	68153
kerekpınba	212	68155
kerekpız	177	18092
kerekqo	161	8262
kerekqoi	231	97176
kereksız	167	11437
kereksıñ	231	94889
kerekte	186	27194
kerektı	160	7757
kerektıgı	199	10288
kerektıgın	165	10289
kerektınıñ	230	94557
keremet	231	1874
keremetsıñ	137	1877
keremettei	207	58649
keremettı	222	84414
keremettıñ	227	90949
keremetı	191	33383
keren	222	85571
kereu	231	92456
kereuet	228	92458
kereñ	198	43733
kereğar	222	84569
kergen	217	76945
kergı	221	84303
kergış	227	91200
kerme	212	59961
kermek	224	87101
kermenbaev	208	59966
kernei	219	81157
kernep	227	90778
kerneu	193	36630
kerneulı	221	83492
kerosin	196	40553
kerpk	210	64866
kerqūla	221	83985
kersen	210	63436
kertartpa	217	76573
keru	218	22145
keruen	182	22147
kerı	125	748
kerık	208	60254
kerılu	212	68634
kerılıp	197	41458
kerım	162	8612
kerıs	189	30666
kerıssız	226	90290
kerısınşe	231	95635
kerısıp	194	38083
kerşılık	213	70827
kes	191	2013
kese	145	3201
kesede	213	70911
kesedı	204	52732
kesek	172	14329
kesel	216	76077
kesem	174	15404
kesemen	216	75220
kesemız	215	74259
kesen	186	27421
kesene	194	27526
kesenesı	186	27528
keser	177	18181
kesetın	201	49085
keseñ	187	28542
kesken	185	26269
keskın	189	30438
keskındeme	199	45020
keskındeu	229	93102
keskındı	224	87880
keskış	219	79864
kespe	231	92031
kespek	228	92032
keste	138	2015
kestege	174	15540
kesteleu	194	37647
kestelı	219	81156
kestenı	151	4751
kestesı	155	5865
kestesın	160	7941
kestı	207	59485
kestırıp	216	74692
kesu	174	15320
kesuge	201	48728
kesıldı	204	53638
kesılgen	190	32078
kesılıp	210	65046
kesımdı	222	85755
kesındı	197	41500
kesıp	231	95784
kesır	210	8242
kesırtke	213	70230
kesırı	179	8243
kesırım	200	27393
kesırımnen	186	27396
kesırın	219	8244
kesırınen	161	8246
kesırıñ	206	26277
kesırıñnen	185	26280
ket	231	184
keta	208	60277
kete	231	1443
keteber	198	43149
ketedı	231	23809
ketedığo	183	23811
ketei	231	2004
keteiık	165	10039
keteiıkşı	195	39538
keteiın	137	2006
keteiınba	206	56923
keteiındep	203	51675
keteiınşı	213	70487
ketem	231	2971
ketema	157	6894
ketemba	187	28142
keteme	184	24445
ketemğo	189	30525
ketemın	149	4238
ketemız	144	2973
ketemızba	211	66058
keter	142	2718
keterde	178	18954
keterdei	212	67716
ketermın	187	28367
ketermız	200	45911
ketersız	215	72987
ketersıñ	187	27768
ketesın	175	16157
ketesız	164	9691
ketesızba	207	58455
ketesızder	202	50187
ketesıñ	133	1446
ketesıñba	185	25615
ketesıñbe	209	62179
ketesıñder	178	18898
ketesıñğo	199	44370
ketet	231	77154
ketetın	231	77156
ketetınıñdı	217	77160
ketkei	217	77335
ketkelı	175	15898
ketkem	142	2767
ketken	231	1974
ketkenba	168	11629
ketkenbe	202	50318
ketkenbız	190	31403
ketkende	137	1976
ketkendei	185	25905
ketkender	180	20494
ketkenderde	222	84834
ketkenderdı	210	65200
ketkenderdıñ	227	90634
ketkenderge	212	67957
ketkenderıñ	220	82441
ketkendı	202	49252
ketkenen	194	37703
ketkenge	185	25677
ketkengo	171	13339
ketkenmın	179	19604
ketkennen	165	9888
ketkensız	204	53006
ketkensıñ	166	10752
ketkensıñba	210	65152
ketkensıñder	209	62480
ketkenğo	179	19357
ketkenı	168	11784
ketkenım	186	26547
ketkenımdı	192	34621
ketkenıme	195	39326
ketkenımız	214	72670
ketkenın	169	12281
ketkenıne	187	28705
ketkenıñ	179	19274
ketkenıñdı	199	45291
ketkenıñe	203	51280
ketkenşe	171	13243
ketkesın	174	15749
ketkesıñ	202	49643
ketkım	161	8222
ketkır	216	75011
ketkısı	189	30682
ketkıñ	186	27155
ketkıñız	225	88921
ketonal	222	84801
ketp	102	185
ketpe	231	2681
ketpedı	175	16150
ketpedıma	200	45967
ketpedıñ	183	23484
ketpedıñba	202	50799
ketpedıñız	209	62451
ketpegen	178	18833
ketpegende	217	77101
ketpei	142	2682
ketpeidı	159	7268
ketpeima	192	35241
ketpeime	210	63553
ketpeimın	184	24932
ketpeimız	206	56434
ketpeisız	207	58870
ketpeisıñ	181	21671
ketpeisıñba	219	80940
ketpeitın	177	18113
ketpeiık	199	44768
ketpeiın	201	47618
ketpekşı	213	70537
ketpen	198	39258
ketpender	195	39261
ketpeptı	214	71783
ketpes	177	7230
ketpese	158	7231
ketpesek	195	39435
ketpesem	176	17196
ketpesen	192	35197
ketpeseñ	187	28567
ketpestei	223	86616
ketpesın	231	95072
ketpesıñ	207	58131
ketpeu	189	30390
ketpeuge	223	86482
ketpeñ	213	20399
ketpeñder	188	28912
ketpeñderşı	230	94087
ketpeñız	180	20401
ketpeñızder	206	56834
ketpeñızşı	205	54600
ketpeş	166	10884
ketpeşı	171	13205
ketpisıñ	201	48247
ketse	120	538
ketsede	183	23698
ketsei	178	19056
ketsek	165	10038
ketsem	131	1286
ketsemba	206	57544
ketsemde	191	33870
ketsen	146	3508
ketsender	200	46141
ketseñ	143	2926
ketseñde	200	37135
ketseñder	194	37136
ketseñız	174	15234
ketseñızder	198	43681
ketseñızşı	219	80245
ketsın	129	1061
ketsıñ	193	35756
kette	181	20862
kettedı	191	33987
kettem	191	33965
kettimgo	194	37433
kettı	231	4050
kettık	231	43800
kettıkpa	198	43802
kettım	231	4051
kettıma	149	4052
kettıme	178	18347
kettımğo	173	14950
kettımğoi	188	29404
kettın	166	10772
kettıp	157	6493
kettıñ	231	4810
kettıñba	167	11230
kettıñbe	194	37288
kettıñder	161	8217
kettıñderma	200	46322
kettıñderme	224	87451
kettıñğo	177	17844
kettıñğoi	190	31422
kettıñız	151	4812
kettıñızba	209	61850
kettıñızder	201	49009
kettığoi	165	9987
ketu	134	1556
ketudı	194	37677
ketuge	151	4693
ketuı	164	9483
ketuım	167	11239
ketuıme	220	82710
ketuımız	208	60184
ketuıne	187	28686
ketuıñ	198	33573
ketuıñe	191	33574
ketuıñızge	220	82475
ketuşı	195	39108
ketıgın	216	75821
ketık	163	9101
ketım	148	3783
ketıp	231	630
ketıppın	122	633
ketıppınğo	205	56022
ketıppız	191	33758
ketıpsız	189	31085
ketıpsıñ	159	7354
ketıpsıñder	205	56063
ketıpsıñğo	201	48254
ketıpsıñğoi	213	70938
ketıptı	231	27803
ketıptığo	187	27805
ketır	185	4302
ketırdı	217	60879
ketırdım	208	60880
ketırdıñ	209	62083
ketıre	188	29565
ketıredı	192	35287
ketıretın	193	35562
ketırme	198	43750
ketırmei	206	57165
ketıru	190	32398
ketıruge	195	38578
ketırıp	150	4304
ketıñder	157	6816
ketıñderşı	185	25502
ketıñız	144	3036
ketıñızder	166	10822
ketıñızderşı	194	37245
ketıñızşı	179	19659
ketşei	173	14634
ketşup	179	19276
ketşı	231	94910
keu	196	12677
keude	170	12679
keudelık	226	89820
keudemde	211	66462
keudemdegı	220	82681
keudemdı	216	75993
keudeme	190	32218
keudemnen	218	78169
keudesı	207	58844
keudesın	208	60036
keudesıne	211	65797
keudeñdegı	228	92150
keudeñdı	216	76110
keudeşe	223	86302
keuek	227	83087
keuektı	221	83089
keuım	215	74319
keuıp	180	20786
kevatr	161	8132
kez	231	2418
kezbe	197	42238
kezde	231	2420
kezdede	231	97480
kezdegı	151	4652
kezdegıdei	215	74234
kezdei	228	21999
kezdeisoq	182	22002
kezdeisoqtyq	228	92513
kezden	159	7308
kezder	157	3966
kezderde	172	14016
kezderdı	187	28760
kezderı	148	3967
kezderım	193	36639
kezderımız	218	78242
kezderın	219	50775
kezderınde	202	50777
kezderıñ	207	58522
kezderıñde	216	75171
kezdes	197	2421
kezdese	231	5239
kezdesedı	154	5765
kezdeseiık	153	5242
kezdeseiıkşı	199	45824
kezdeseiın	216	75948
kezdesem	181	21397
kezdesemız	231	95517
kezdeser	202	35635
kezdesermız	193	35638
kezdesesıñ	211	65664
kezdesetın	231	96151
kezdesken	231	16737
kezdeskende	231	95979
kezdeskenge	223	86466
kezdeskennen	211	66227
kezdeskenşe	176	16739
kezdeskım	183	23393
kezdeskısı	217	77548
kezdespedık	206	56422
kezdespegen	214	71153
kezdespeidı	199	45344
kezdespeimın	216	75379
kezdespeimız	201	48541
kezdespeitın	214	72244
kezdespesek	217	76404
kezdesse	195	18625
kezdessek	178	18626
kezdessem	206	56254
kezdestı	194	37337
kezdestık	195	38678
kezdestım	205	54609
kezdestırdım	221	83723
kezdestırgen	206	57209
kezdestırgenıme	219	80783
kezdestıru	224	88099
kezdestırıp	204	54176
kezdestıñ	202	49942
kezdesu	231	4752
kezdesude	194	37418
kezdesuden	202	49384
kezdesudı	195	39452
kezdesudıñ	213	70808
kezdesuge	151	4754
kezdesuler	210	65165
kezdesuı	202	50827
kezdesuım	212	68254
kezdesuımız	212	69021
kezdesıp	140	2423
kezdn	215	72742
kezdı	176	16953
kezdıñ	201	48844
keze	200	3199
kezegı	187	28210
kezegım	199	45133
kezegın	207	31446
kezegınde	190	31448
kezegıñ	203	52576
kezek	145	3200
kezekke	187	28654
kezekpen	174	15608
kezeksız	224	87387
kezekte	178	18497
kezektegı	217	76998
kezektep	223	86894
kezektesıp	194	37133
kezektı	178	18612
kezekşı	156	6386
kezekşıge	226	89716
kezekşıler	220	81615
kezekşılık	192	34324
kezekşılıkke	207	58777
kezekşılıkte	209	63014
kezekşılıktı	224	87509
kezekşımın	213	70362
kezeñ	160	7401
kezeñde	164	9449
kezeñdegı	189	30319
kezeñderı	178	18554
kezeñdı	200	46446
kezeñdık	219	79916
kezeñge	183	23025
kezeñnen	192	35176
kezeñnıñ	196	40777
kezeñı	159	7402
kezeñın	196	14830
kezeñınde	173	14832
kezeñındegı	198	43616
kezeñınıñ	197	41828
kezge	160	7995
kezkelgen	195	38960
kezı	231	6453
kezıgıp	204	52971
kezım	170	8177
kezımde	161	8179
kezımdegı	204	53632
kezımdı	203	52334
kezımnen	190	31891
kezımız	195	28067
kezımızde	187	28069
kezın	188	6454
kezınde	231	6456
kezındegı	156	6458
kezınen	181	20923
kezıp	200	46671
kezıñ	172	14065
kezıñde	231	68936
kezıñdegı	212	68938
kezıñdı	209	62748
kezıñız	208	39280
kezıñızde	195	39282
keñ	231	1760
keñder	185	26211
keñeitu	187	28629
keñeitıp	205	54655
keñes	136	1762
keñeshan	222	85486
keñeste	219	21238
keñester	181	21239
keñestı	214	13805
keñestık	171	13806
keñestıñ	199	45092
keñesı	174	15810
keñesım	212	67320
keñesın	220	26901
keñesıne	217	77869
keñesınıñ	186	26903
keñesıñız	222	85141
keñesşı	203	51374
keñge	213	69343
keñkeles	213	70132
keñpeiıl	210	65444
keñpeiıldılık	230	94651
keñse	204	53226
keñsede	228	91817
keñınen	168	11748
keñıp	222	85170
keñırdek	201	49069
keñırek	211	65758
keñıstıgınde	218	79137
keñıstık	190	24479
keñıstıkte	195	24481
keñıstıktegı	184	24483
keñıstıktı	208	59834
keñşılık	218	79174
keş	231	249
keşe	231	250
keşede	162	2373
keşeden	140	2374
keşedı	222	85487
keşegı	107	252
keşegıde	182	11998
keşegıdei	169	11999
keşegıden	173	14540
keşegıge	194	37794
keşegın	206	10596
keşegınde	222	39604
keşegındei	195	39605
keşegını	166	10597
keşegınıñ	205	55796
keşegıñ	222	84824
keşelı	172	14180
keşen	197	16796
keşendı	176	16798
keşenı	177	17969
keşenıñ	205	55698
keşigip	177	17630
keşiring	227	91003
keşjaryq	196	40857
keşke	231	34758
keşkede	209	62286
keşkege	196	40867
keşken	192	34759
keşkı	125	756
keşkıge	178	18426
keşkılık	202	50646
keşkısın	152	4870
keşpe	220	81808
keşrn	225	88698
keşrım	190	32305
keşsın	204	52687
keşte	150	4261
keşten	197	41892
keşterıñız	218	78328
keştetıp	199	44391
keşteu	159	7262
keştı	200	44856
keştım	199	44857
keştıñ	205	55365
keşu	217	71337
keşudı	214	71339
keşı	231	258
keşıgem	201	47565
keşıgemın	218	78645
keşıgesıñ	214	72149
keşıgetın	208	60388
keşıgp	211	65522
keşıgu	218	78447
keşıgıp	231	95068
keşık	217	10255
keşıkken	195	38816
keşıkpe	206	10257
keşıkpei	165	10258
keşıkpeimız	198	43105
keşıkpeñder	219	80500
keşıksem	210	64236
keşıkseñ	221	83979
keşıktı	207	19833
keşıktım	205	55352
keşıktırmei	193	35655
keşıktırıp	179	19836
keşıktıñ	199	45850
keşımız	218	79595
keşın	215	64207
keşınde	213	69770
keşıne	210	64208
keşınen	230	94447
keşıp	183	23600
keşır	231	259
keşırdı	205	10783
keşırdık	224	88142
keşırdım	166	10784
keşırdıñ	198	42855
keşıre	161	8322
keşıredı	199	44696
keşıreiın	220	81407
keşırek	165	10189
keşırem	176	17078
keşıremın	207	58036
keşırer	225	58372
keşırersız	231	64849
keşırersızder	210	64852
keşırersıñ	207	58375
keşıresız	178	18669
keşıresıñ	231	67127
keşıresıñba	211	67129
keşıretın	214	71258
keşırgen	203	52277
keşırgende	226	89866
keşırme	222	38048
keşırmei	203	38049
keşırmeidı	215	74481
keşırmeimın	194	38052
keşırmeisıñ	219	80050
keşırmeseñ	214	71493
keşırseñ	219	79787
keşırsın	177	17779
keşıru	199	45767
keşırıledı	224	87074
keşırım	108	261
keşırımdı	178	18766
keşırımdılık	225	89167
keşırımge	214	71639
keşırımmen	213	70819
keşırımşıl	219	80984
keşırıp	172	14328
keşırıñ	190	4940
keşırıñder	167	11124
keşırıñız	231	4942
keşırıñızder	179	19566
keşırıñızderşı	227	91356
keşırıñızşı	152	4944
keşırıñış	221	83995
keşırş	200	94775
keşırşı	231	94776
keşıñ	211	22621
keşıñder	182	22624
keşıñız	195	38240
keşıñızder	200	46896
kfs	163	8937
kg	231	94871
khp	203	51385
ki	231	4542
kiba	212	68146
kidai	190	32083
kidala	231	97495
kidat	197	42612
kidıñ	198	44043
kie	231	14585
kiedı	175	16080
kielı	173	14587
kiem	231	26605
kiemın	195	38856
kiemız	186	26607
kiesı	216	17155
kiesın	211	66152
kiesız	215	73304
kiesıñ	176	17156
kiesıñder	219	81360
kiet	203	51359
kietın	231	96061
kieu	179	19522
kieuı	205	54838
kigende	196	39941
kigenge	197	42309
kigenı	218	78268
kigım	196	41145
kigız	210	10573
kigızetın	219	80780
kigızu	217	77099
kigızıp	166	10575
kii	214	16594
kiiu	176	16595
kiiuge	182	22654
kikıljıñ	219	79954
killer	191	33410
kilogramm	198	43861
kilometr	187	28595
kime	190	23032
kimegen	206	57455
kimei	184	24504
kimeimın	206	56195
kimeitın	201	48201
kimen	183	23033
kimeşek	207	58356
kimono	217	77445
kinaim	229	92883
kinetikalyq	196	40739
king	231	97478
kino	231	8264
kinoda	180	19167
kinodan	190	32514
kinodağy	202	19169
kinodağydai	179	19172
kinolar	172	14133
kinolarda	216	74755
kinolardy	204	54088
kinolary	210	64085
kinomdy	211	66694
kinony	161	8266
kinonyñ	182	21958
kinostudiia	215	73564
kinosy	183	23650
kinosyn	195	38977
kinoteatr	179	19250
kinoteatrğa	218	79188
kinoñdy	214	71040
kinul	189	31396
kiosk	224	87336
kipr	225	89314
kira	191	33412
kirov	195	39299
kirova	206	56719
kirpiş	194	37472
kiru	189	30859
kisa	198	44070
kise	188	19034
kisem	178	19035
kiseñ	198	43952
kisiler	187	28302
kislorod	191	33757
kislota	188	29799
kista	181	21853
kit	231	13231
kitai	231	13233
kitaia	201	47581
kitaiskii	171	13237
kitkat	204	52980
kivi	231	23164
kividan	206	57617
kivide	196	39763
kividen	206	56155
kivige	183	23166
kiz	174	15353
kiık	200	46495
kiılgen	195	39595
kiım	231	4544
kiımde	194	4546
kiımdegı	210	64522
kiımder	151	4547
kiımderdı	168	11610
kiımderdıñ	201	47725
kiımderge	201	48569
kiımderı	170	9687
kiımderım	197	22324
kiımderımdı	182	22326
kiımderımen	226	89646
kiımderın	164	9688
kiımderınıñ	213	69557
kiımderıñ	198	27163
kiımderıñdı	186	27165
kiımderıñız	212	68045
kiımderıñızdı	217	77759
kiımdı	156	6407
kiımge	169	12135
kiımmen	164	9634
kiımnen	200	46144
kiımnıñ	184	24127
kiımı	231	7564
kiımım	187	27558
kiımımdı	186	27560
kiımıme	226	65488
kiımımen	211	65489
kiımın	159	7565
kiımıne	197	42202
kiımınıñ	209	61744
kiımıñ	185	25807
kiımıñdı	185	25809
kiımıñe	225	88753
kiımıñız	220	81893
kiımıñızdı	224	88162
kiın	231	15654
kiındıru	216	74890
kiındırıp	174	15659
kiıne	175	16123
kiınedı	203	50969
kiıneiın	213	70779
kiınem	198	43411
kiıngen	191	32828
kiınu	192	34421
kiınuge	207	59598
kiınıp	231	94828
kiıp	231	94916
kiıs	228	91720
kiıt	212	68624
kiız	154	5598
kiıñ	194	37910
kiıñız	204	53268
kk	135	1675
kktem	230	94309
klan	231	89813
klannyñ	226	89816
klapan	195	39204
klarağa	222	84888
klass	231	10181
klassa	170	12638
klasse	231	96567
klassifikasiia	205	55340
klassik	188	10183
klassika	165	10184
klassikalyq	178	18920
klassnaia	231	96359
klassno	231	95763
klassnye	179	19791
klassov	196	40134
klasspen	192	35377
klassqa	185	25317
klassta	231	16376
klasstan	178	19094
klasstar	199	44498
klasstas	231	16377
klasstastar	231	37778
klasstastarmen	204	52939
klasstastary	209	37779
klasstastarym	194	37780
klasstastaryn	223	85990
klasstasy	196	16378
klasstasym	175	16379
klasstasymnyñ	223	86052
klasstasyñ	207	58489
klasstağy	186	26646
klassty	195	25608
klasstyn	195	39023
klasstyñ	185	25609
klassy	182	22476
klastas	231	53499
klastastar	231	53502
klastastardy	213	70958
klastastaryn	213	70925
klastastaryñ	204	53504
klastasym	231	54700
klastasymnyñ	205	54703
klastağylar	207	58950
klaster	165	9950
klastyn	190	32598
klasyñdağy	216	76157
klaviatura	171	13189
klaviş	207	59183
kleenka	225	88813
klei	231	96852
klen	177	17745
kletka	185	25939
kletkaly	221	84308
kletkalyq	230	94111
klever	196	40222
kleş	203	50938
klient	231	14026
klienta	200	46113
klientke	179	19892
klientov	183	23530
klientpen	196	40005
klientter	172	14029
klientterdı	197	41973
klientterge	185	25617
klienttermen	202	50808
klientterım	213	70571
klientterıñız	202	50818
klienttıñ	196	40608
klienty	192	34490
klimaks	208	60067
klimat	160	6630
klimatologiia	228	92293
klimattyq	157	6633
klinika	177	18226
klinikada	217	77230
klinikalyq	180	19971
klinikasy	207	59656
klinikağa	212	67801
klinok	190	31441
klip	231	87061
klipter	224	87064
klitor	214	71615
kliuş	231	96414
klişe	224	87314
klişkasy	212	68249
kloun	173	14503
klub	231	37311
klubka	194	37313
klubnika	231	96935
klubniki	218	79711
klubtan	212	68589
klubty	218	65195
klubtyñ	210	65196
klubynyñ	209	62554
knb	182	21976
kni	221	9145
knig	190	9146
kniga	231	96392
knigi	163	9147
knigu	175	16336
knijka	183	23505
knijkany	221	83386
knopka	170	12670
kobra	186	26803
kod	231	14864
kodeks	194	37895
kodtau	214	72498
kodty	176	17261
kody	173	14865
kodyn	181	21447
koe	231	95778
kofe	142	2771
kofege	205	55968
kofein	229	93143
koft	229	3944
kofta	148	3945
koftalar	204	53103
koftamdy	219	80026
koftamen	203	51758
koftany	198	43014
koftasy	209	63206
koftasyn	216	74954
kofty	206	56234
kogda	231	94774
kognitivtık	230	94103
kogo	231	95032
koia	231	49566
koiady	202	49568
koiak	227	91262
koidym	135	1636
koidyma	190	32614
koidyn	168	11696
koidyndar	214	72028
koidyq	210	65155
koidyñ	187	28233
koimaimyn	210	64162
koisai	160	7810
koisaiş	203	51808
koiuğa	209	63154
koiyñyz	201	48835
koiyñyzşy	214	71755
koiğam	189	31181
koja	231	70856
kojahmetova	213	70863
koji	184	24577
koka	186	27570
koke	231	95921
koko	179	19500
kokos	209	63116
koks	213	69783
koktal	199	45372
kokteil	215	73532
kokşe	209	11818
kokşetau	168	11821
kol	231	1702
kola	231	95445
kolbasa	160	7784
koldanu	208	60244
koledjge	183	23555
koleso	186	27646
kolgotki	231	96590
kolhoz	204	54345
kolia	162	8489
koliaska	179	19175
koliaskamen	227	91178
koliaskağa	225	89397
kolişestvo	160	7993
kollaj	182	21858
kolledj	136	1706
kolledja	201	48317
kolledjda	214	72624
kolledjde	169	12207
kolledjdegı	218	79105
kolledjden	196	39886
kolledjdı	209	43354
kolledjdıñ	198	43355
kolledjge	231	96389
kolledjğa	227	91439
kolledjı	189	30417
kolledjınıñ	205	55381
kollega	192	35262
kollegi	167	11313
kolleksiia	202	49625
kollektiv	175	15972
kollektivke	226	89554
kollektor	215	73169
kollokvium	218	78733
kolm	146	3576
koloniia	217	77304
kolonka	189	30085
kolonna	224	88123
kolos	196	40543
kolyñ	169	12558
kolyñda	223	86144
kolyñdy	207	58572
kolyñnan	203	51664
komanda	231	21242
komandada	192	34578
komandalar	198	44055
komandalyq	194	37151
komandam	201	29582
komandama	188	29583
komandamda	221	82988
komandamen	191	33886
komandamyzğa	211	66923
komandany	205	37654
komandanyñ	194	37655
komandasy	185	25658
komandasyna	209	63246
komandañ	226	86404
komandañyz	223	86406
komandağa	181	21244
komandir	189	30696
komandirovka	192	34676
komandirovkada	209	62641
komandirovkadan	222	85095
komandirovkağa	203	51476
komandirovoşnyi	219	81276
komandu	191	33186
komandy	177	17880
kombain	211	66268
kombat	198	43606
kombinasiia	219	80068
kombinat	223	86889
kombinezon	195	39229
kombo	209	62330
komediia	166	10435
komediialyq	221	84337
komendant	218	79144
komentarii	163	9012
komentten	220	82638
komenttı	209	61881
komet	194	36885
kometa	206	57818
komfort	194	37395
komik	213	69408
komissar	201	47540
komissii	201	4414
komissiia	150	4415
komissiiadan	217	76475
komissiiany	229	74909
komissiianyñ	216	74910
komissiiasy	205	54568
komissiiasyna	230	94475
komissiiasynyñ	209	62528
komissiiağa	211	66605
komitet	190	28580
komitetı	191	28581
komitetınıñ	187	28584
komment	160	7780
kommentarii	193	35430
kommentator	225	88376
kommentke	208	61148
kommenty	212	68304
kommersiialyq	198	44087
kommisiia	202	50568
kommissiia	223	85825
kommunaldyq	192	34084
kommunikasii	215	40616
kommunikasiia	196	40617
kommunikasiialyq	210	63948
kommunist	229	52566
kommunistık	203	52568
kommunizm	190	31961
kommutasiia	230	94640
komnat	191	12724
komnata	231	19950
komnatada	231	51032
komnatadan	203	51033
komnatama	211	66347
komnatany	188	29852
komnatasynda	221	84061
komnatağa	180	19952
komnate	179	19273
komnatu	170	12725
komnaty	180	20209
komod	207	59120
komp	148	3697
kompanii	176	3701
kompaniia	147	3702
kompaniiada	190	31803
kompaniiadan	199	44374
kompaniialar	201	49006
kompaniialarğa	227	91228
kompaniiamen	214	71699
kompaniiany	209	23497
kompaniianyñ	183	23498
kompaniiasy	179	19601
kompaniiasyn	214	23453
kompaniiasyna	189	31266
kompaniiasynan	214	71013
kompaniiasynda	198	43428
kompaniiasynyñ	183	23455
kompaniiağa	184	24998
kompas	203	52137
kompensasiia	214	71895
kompetensiia	228	92531
kompleks	173	14605
komplekt	163	8943
komplektı	217	77189
komplement	219	81386
kompliment	177	18001
komponent	204	54022
kompot	178	18989
kompozisiia	189	30523
kompozitor	193	36334
komppen	192	34236
kompqa	213	70623
kompress	214	72537
kompta	194	37684
komptan	196	40085
komsomol	196	41056
komsomolğa	223	86071
komu	231	95248
komy	217	78081
konaeva	203	51285
kondensasiia	226	90409
kondensator	212	67488
kondisioner	196	40704
konditer	185	25114
konduktor	206	56510
kones	231	96384
koneşno	231	94869
konferensiia	148	3910
konferensiiada	193	35607
konferensiiasyna	222	84815
konferensiiağa	171	13431
konfessiia	226	73159
konfessiiaaralyq	215	73165
konfet	165	9853
konfety	190	32537
konflikt	190	32591
kongress	220	81710
koniak	200	47278
konkretno	147	3639
konkurensiia	217	77574
konkurs	143	2821
konkursqa	173	14948
konkursta	210	36597
konkurstan	193	36598
konkurstar	206	56480
konkurstyñ	210	63499
konkursy	201	48050
konkursyna	204	52751
konsa	231	94991
konse	231	4738
konsentrasiia	197	19345
konsentrasiiasy	179	19347
konsentrasiiasyn	210	63788
konsentrat	220	82761
konsert	151	4740
konsertke	187	28221
konsertte	202	50059
konsertten	221	83025
konserttı	218	77170
konserttık	217	77171
konserttıñ	229	92946
konsertı	212	68075
konsertın	223	68571
konsertıne	212	68572
konsilium	230	94425
konspekt	138	2129
konstitusiia	231	8845
konstitusiiada	214	72618
konstitusiialyq	162	8848
konstitusiianyñ	207	59040
konstitusiiasy	187	28865
konstitusiiağa	206	56169
konstruksii	210	63960
konstruksiia	213	69532
konstruktor	199	44977
konsul	229	86413
konsultasiia	223	86419
kontakt	154	5579
kontakty	168	11459
konteiner	186	26714
kontinent	216	75236
kontinenttık	222	84473
kontingent	227	91541
kontr	231	29882
kontrakt	188	29885
kontrast	223	86015
kontroler	212	67476
kontur	201	48876
konus	191	33137
konustyq	227	91151
konvensiia	222	84766
konvent	226	90153
konversiia	227	91189
konvert	185	25959
konvertke	214	71655
konyrat	209	61953
konşaiu	230	93755
konşennyi	204	53172
konşeno	227	91529
konşila	222	85681
kooperativ	207	58738
kooperativtık	230	93723
koordinasiia	224	87508
koordinata	219	81057
koordinatalar	223	86870
koordinator	213	69746
kopernik	222	85334
kopiia	160	7959
kopiiasy	188	29156
kopiiasyn	190	32300
kopiiu	205	55953
korabli	226	90253
koran	195	39195
korbak	225	88266
kord	192	33733
kordai	191	33735
korean	226	90034
koree	199	45380
korei	231	4966
koreia	231	14005
koreiada	180	19954
koreiadan	208	60250
koreiadağy	207	58724
koreianyñ	200	47496
koreiağa	172	14007
koreis	220	4967
koreiskii	152	4970
koreiskoi	223	86300
koreiın	183	23965
koremyz	177	18046
koridor	198	43401
koridorda	199	45576
koridorğa	215	73762
koriia	192	35290
korkyp	231	95570
kormegem	184	24665
kornet	201	48211
korobka	165	10096
korobkany	219	80240
korobkasy	210	64485
korobki	196	40382
koroleva	163	9193
korolevskii	196	41114
korolevstvo	220	81508
korona	231	97555
korotkie	194	37829
korotkii	192	34434
korotko	186	27461
korova	189	31169
koroşe	231	94961
korporasiia	210	64458
korporativtık	224	87310
korpus	175	16506
korpusqa	214	71863
korpusta	205	54491
korpustan	223	86751
korpusy	211	66789
korreksiia	196	39851
korrektor	213	70904
korreliasiia	230	94040
korrespondent	224	87618
korroziia	223	86637
korrupsiia	208	61013
korset	171	13333
kortoşka	207	59172
korzina	181	21221
korzinka	216	74768
korğap	211	66674
kosamyn	201	49189
kosanova	224	88172
kosatyn	188	29265
kosiakka	192	34873
kosinus	196	40772
kosmetika	155	5800
kosmetikalyq	222	84669
kosmetikasy	223	86742
kosmetolog	203	52215
kosmogoniialyq	217	76506
kosmonavt	222	85560
kosmos	179	19527
kostanai	175	16234
kosti	195	32317
kostia	190	32318
kostium	231	40794
kostiumdı	227	90540
kostiumy	196	40795
kosymşa	167	11149
kosşy	158	6922
kot	231	4232
kotagym	176	16576
kotagymdy	178	18680
kotagyn	204	53674
kotagyndy	211	65879
kotakbas	154	5736
kotakty	180	20237
kotangens	228	92409
kotağm	218	79662
kotind	219	80799
kotlet	178	18591
kotlety	195	38496
kotoraia	149	4237
kotoroe	166	10667
kotorogo	167	11036
kotorom	172	14435
kotoromu	193	36840
kotoruiu	172	14334
kotorye	231	95303
kotoryh	162	8728
kotoryi	231	95172
kotorym	181	21059
kottedj	195	38981
kotıne	199	45641
kouşing	213	69198
kovalenttı	208	61132
kovboi	229	92877
kover	180	20657
kovrik	186	26410
kozm	174	15760
koñyr	209	62195
koşelek	183	23938
koşka	231	96881
koşki	185	25597
koşmar	194	37808
koştasu	217	77454
kpp	187	27813
kps	171	13200
krab	195	39634
krahmal	190	32143
krai	187	28348
kraiu	203	52405
kran	178	18849
krasava	176	16648
krasaves	214	72637
krasavisa	231	94836
krasavisam	231	97180
krasavisy	197	42574
krasavitsa	200	97718
krasavşigım	210	65022
krasavşik	231	59818
krasavşiksıñ	211	65889
krasavşikter	208	59821
krasivaia	231	95337
krasivee	194	37541
krasivo	155	5954
krasivoe	184	24561
krasivoi	190	31780
krasivye	231	95997
krasivyi	154	5481
kraska	160	7786
kraskany	217	77207
kraskanyñ	225	88377
kraskasy	208	60223
kraskağa	226	89835
kraski	196	40144
kraskılep	220	82378
krasnaia	179	19787
krasnye	185	26051
krasnyi	131	1214
krasota	163	8967
krasotka	231	96016
krasotku	225	88517
krasoty	183	23121
krasovka	178	18309
krassovki	227	91377
kraşym	177	17392
kreativ	206	56519
kreativtı	207	58641
kreativtılık	230	94359
kredit	231	5392
kredita	204	53284
kreditim	207	59383
kreditke	153	5394
kreditnyi	208	61424
kreditpen	214	71449
kreditte	214	36205
kreditten	193	36206
kreditter	208	60399
kreditterdı	217	76459
kredittı	173	14885
kredittıñ	194	38106
kredity	196	40448
kreditı	186	26515
kreditım	186	27397
kreditımdı	201	48535
kreditın	188	29633
kreditıñ	205	54577
kreditıñdı	208	60904
krem	126	825
krema	190	31414
kremder	196	39864
kremdı	192	34525
kremge	209	63211
kremmen	215	73429
kremnıñ	212	67593
kremı	193	36498
krep	219	10914
krepko	189	10916
krepkogo	166	10918
kreslo	184	25005
kresloda	215	72941
krest	161	8401
krid	194	9964
kridit	165	9966
krik	186	26940
kriminal	210	64533
kristaldanu	219	80107
kristaldy	202	48860
kristaldyq	201	48861
kristall	172	13963
kriterialdy	215	73689
kriterii	207	59275
krizis	190	32093
krişa	204	53547
kriştianu	218	78922
krl	226	89481
krokodil	197	42177
krolik	195	38352
krome	146	3504
kross	186	27499
krossovki	191	33238
krossvord	204	52955
krossy	199	44254
krovi	173	14912
kru	184	2782
krug	172	14232
kruglaia	207	59508
kruglosutoşno	209	62792
kruglyi	184	24822
krujka	184	24351
krupnyi	175	16560
krutaia	176	16918
kruto	142	2784
krutoi	231	95252
krutye	165	10186
kruzer	219	80371
kruşe	198	42989
krylova	217	77923
krysa	152	4842
kryşa	173	15092
kryşadan	214	71197
kryşağa	221	83153
kryşka	192	34475
kryşu	207	58636
kseniia	195	39456
kseroks	190	32663
ksk	171	13668
ksro	171	13161
kstati	231	94998
kta	231	96821
ktj	231	97435
ktk	231	97140
ktl	197	42606
kto	231	94729
ktr	209	63115
kuandyk	182	22806
kuanyş	231	85773
kuanyşyna	222	85776
kuasnba	171	13621
kuasyñba	204	53624
kuat	157	6753
kuañ	231	95812
kub	167	11086
kubik	186	27511
kubok	182	22019
kuda	231	28728
kudai	231	48659
kudaibergen	201	48665
kudalar	199	45511
kudalyk	187	28731
kudri	200	97720
kuhne	185	25810
kuhni	187	10167
kuhnia	231	10168
kuhniada	165	10170
kuhniadağy	214	72252
kuhniany	188	29325
kuhniağa	174	15342
kuhonnyi	177	17837
kuieu	231	35266
kuieuın	212	68240
kuieuıne	220	82823
kuieuınıñ	218	78102
kuieuıñ	192	35268
kuieuıñız	227	90718
kuka	231	58840
kukanyñ	208	61564
kukağa	207	58842
kukla	162	8655
kuklu	210	64630
kuku	194	37200
kukuruza	203	51234
kulak	231	40252
kulaktan	196	40255
kulbaeva	227	90797
kule	231	96250
kuliaş	189	31154
kulinariia	207	59311
kulon	182	22819
kulsary	199	45424
kulıp	163	9182
kunaeva	190	32063
kunanbaev	192	34576
kundyz	231	97353
kunfu	216	75336
kunilingus	215	72911
kunımen	191	33265
kunıñ	154	5546
kunıñmen	171	13383
kupe	189	30081
kupi	159	7440
kupil	165	9105
kupila	163	9106
kupili	173	14614
kupim	192	35066
kupliu	159	7415
kupon	182	22475
kura	169	5685
kuralai	231	96727
kuran	170	12705
kurator	154	5688
kuratordan	204	53303
kuratordyñ	207	58555
kuratorlar	209	63200
kuratorlary	230	93895
kuratormen	203	52497
kuratory	202	49390
kuratorğa	190	32510
kurban	205	55971
kuri	203	18245
kurisa	177	18247
kurma	191	32781
kurmangazy	196	40752
kurmaşev	226	90332
kurort	201	48630
kurortqa	212	68316
kurs	119	508
kursant	215	73958
kursavoi	191	33642
kurse	172	14287
kursiv	230	94655
kurska	170	12746
kursov	200	15701
kursovoi	174	15703
kursqa	159	7635
kursta	158	7168
kurstan	170	12857
kurstar	165	10326
kurstardy	196	40669
kurstardyñ	222	84968
kurstarğa	199	44837
kurstastar	218	78390
kurstağy	205	54465
kursty	172	14395
kurstyq	183	22941
kurstyñ	184	24374
kursy	146	3519
kursyna	186	26524
kursynyñ	196	40013
kurt	165	742
kurtka	125	744
kurtkany	169	12186
kury	160	7873
kusok	180	20022
kutuzova	220	82207
kuzia	192	34092
kuzov	192	34466
kuä	168	11540
kuäger	211	66726
kuälıgı	200	41013
kuälıgın	196	41014
kuälıgınıñ	219	80416
kuälık	168	11712
kuälıkterın	225	88636
kuälıktı	207	58644
kuälıktıñ	219	80325
kuäsı	201	47835
kuşa	189	28907
kuşaiu	188	28909
kuşetka	229	93056
kuşina	202	50846
kuşıgım	225	88666
kv	101	183
kvadrat	152	5121
kvadratty	217	47642
kvadrattyq	201	47643
kvalifikasii	188	29522
kvalifikasiia	217	77387
kvant	212	59627
kvanttyq	207	59630
kvars	199	45376
kvartal	187	28386
kvartet	223	86478
kvartir	188	10699
kvartira	231	13503
kvartirada	173	14645
kvartiradan	210	63791
kvartirant	192	35219
kvartiranttar	211	65691
kvartirany	192	34502
kvartiranyñ	198	42806
kvartirasy	215	74073
kvartirasyna	223	86713
kvartirağa	171	13505
kvartire	191	34032
kvartirnyi	207	59106
kvartiru	166	10700
kvartiry	177	17708
kvartplata	210	63735
kvas	205	55059
kvest	192	34534
kvitansiia	168	11654
kvitansiiasy	223	87039
kvitok	193	35583
kvn	178	18875
kvota	203	52063
kvotamen	227	91646
kydyra	221	83949
kydyryp	231	96581
kylasyñ	214	71473
kyrgyz	172	14286
kysylyp	185	26011
kyzdaryñ	207	57895
kyzdarğa	181	21083
kyzdyñ	171	13528
kyzn	192	34372
kyzsyñ	202	50760
kyzy	135	1645
kyzylorda	159	7601
kyzylordada	210	63697
kyzylordadan	217	77980
kyzymnyñ	206	56491
kyzyñ	171	13286
kyzyñdy	210	64300
kyzyñmen	220	82492
kyzyñnyñ	210	64719
kyzğa	171	13490
kz	231	94854
kä	231	3765
käde	221	73811
kädesyi	215	73814
kädı	226	3767
kädımgı	147	3770
kädımgıdei	231	95238
kälima	221	83471
kämelet	200	47092
kämelettık	210	64051
kämpit	172	14469
kämıl	211	65866
kämşat	183	23326
kän	231	14137
käne	172	14138
känekei	216	76045
käneki	230	94071
kär	223	7356
käre	223	85951
kärı	159	7357
kärılık	211	66086
kärım	189	30751
kärımde	225	89368
kärıp	213	70746
kärıs	177	18074
kärıster	208	60211
kärız	230	94294
käs	209	4040
käse	223	86932
käsıbi	149	4043
käsıbı	193	35572
käsıp	164	9538
käsıpke	207	10237
käsıpker	184	10238
käsıpkerdıñ	223	86142
käsıpkerler	201	48019
käsıpkerlık	165	10241
käsıpkerlıktı	207	59288
käsıpodaq	203	51807
käsıporyn	186	27128
käsıporyndar	191	33621
käsıporynnyñ	197	41547
käsıppen	209	63221
käsıpqoi	204	52737
käsıptık	180	20371
käuap	225	88529
käusar	231	49317
käusardy	206	56912
käusarğa	202	49319
käusär	180	19964
käz	231	11000
käzır	231	11002
käzırde	196	36484
käzırden	193	36485
käzırgı	167	11004
käşır	203	52211
köbe	230	3413
köbei	198	3414
köbeidı	190	31562
köbeie	167	11308
köbeiedı	179	19447
köbeigen	202	49868
köbeise	208	60583
köbeisın	192	35140
köbeite	203	51205
köbeitetın	214	71978
köbeitkış	222	85245
köbeitu	159	7252
köbeituge	203	51602
köbeitındı	228	42728
köbeitındısı	198	42730
köbeitıp	173	14678
köbeiu	190	32009
köbeiuı	199	44361
köbeiıp	146	3416
köbelek	183	22967
köbelekter	219	80914
köben	219	80397
köbı	231	2326
köbık	206	56208
köbıktı	225	89360
köbın	186	4362
köbınde	186	27016
köbıne	152	4363
köbınese	150	4365
köbınıñ	211	66931
köbınşe	222	84726
köbırek	146	3522
köbısı	140	2328
köbısın	186	27651
köbısınde	205	54642
köbısıne	202	49871
köbısınıñ	202	50344
kögaldandyru	230	94604
kögergen	203	51178
kögertıp	213	70730
kögeru	225	89300
kögerıp	176	16695
kögerşın	195	39136
kögorai	219	80122
kögıldır	190	32436
kögınen	220	81637
köilegı	186	27627
köilegım	198	43589
köilegımdı	204	53958
köilegın	189	31147
köilegınıñ	220	81953
köilegıñ	195	38306
köilegıñdı	205	54739
köilegıñız	219	81318
köilek	231	12173
köilekke	195	38463
köilekpen	188	29472
köilekte	213	17051
köilektegı	206	57269
köilekten	215	73744
köilekter	176	17052
köilekterdı	210	64598
köilekterdıñ	225	88284
köilekterı	213	70532
köilekterın	222	85732
köilekterıñ	228	90113
köilekterıñdı	226	90115
köilektı	169	12175
köilektıñ	189	31021
köje	172	14399
köjege	223	86086
köjek	202	50712
köjenı	221	84026
kök	231	3797
kökbauyr	218	78279
kökbet	199	45616
köke	231	4047
kökede	215	60803
kökeden	208	60804
kökege	183	23019
kökeikestı	217	76266
kökeitestı	223	86315
kökek	210	63983
kökeler	193	36665
kökem	149	4048
kökemder	208	60316
kökemdı	210	64334
kökeme	191	33276
kökemen	201	47619
kökemmen	212	68035
kökemnıñ	185	25567
kökemız	208	61283
köken	198	14672
kökenı	205	14673
kökenıñ	173	14674
kökesı	178	19136
kökesın	202	49410
kökesınıñ	218	79612
köket	211	65745
köketai	227	91268
kökeñ	171	13304
kökeñe	203	51468
kökeñnıñ	207	58547
kökeş	228	92327
kökjal	175	16417
kökjiek	200	46711
kökjötel	230	94548
kökke	231	97447
kökorai	229	93037
kökpar	156	6192
kökparğa	183	23685
kökparşy	228	92234
kökpektı	215	74119
kökpeñbek	221	83066
kökserek	193	35924
köksu	205	54744
köktaiğaq	197	42307
köktal	200	46660
köktamyr	216	74902
kökte	200	3799
köktegı	209	61813
köktei	205	54458
köktem	156	3800
köktemde	148	3802
köktemdei	204	52632
köktemdı	219	80981
köktemge	171	13791
köktemgı	205	55855
köktemnıñ	204	53287
köktemım	209	62141
kökten	201	47760
köktep	209	62333
kökteu	203	50945
köktıñ	208	60710
kökönıs	199	44399
köközek	221	83104
kökıregı	190	32477
kökıregım	217	76972
kökıregın	217	78051
kökıregıñ	220	81682
kökıregıñdı	220	81684
kökırektı	226	89927
kökırektık	230	94620
kökşe	214	49321
kökşetau	231	49324
kökşetauda	208	60085
kökşetaudan	218	78719
kökşetauğa	202	49326
kökşolaq	229	92941
kökşıl	210	63472
köl	163	2619
kölbai	215	73696
kölbeu	198	43338
kölde	207	11837
köldei	195	38758
köldeneñ	168	11840
kölder	197	41808
köldı	217	50625
köldıñ	202	50626
kölem	175	3514
kölemdı	179	19263
kölemdık	201	48816
kölemı	146	3515
kölemın	167	11287
kölemınde	174	15505
kölemındegı	206	57457
kölemıne	190	31998
kölemınıñ	197	41304
köleñke	193	36376
köleñkede	220	81715
köleñkelı	225	88734
köleñkesı	217	77494
kölge	192	34067
kölsai	213	69462
kölı	192	2620
kölıgı	189	30547
kölıgıñ	209	62078
kölık	141	2621
kölıkke	192	34831
kölıkpen	196	39806
kölıkte	204	41435
kölıkten	206	56279
kölıkter	197	41436
kölıktı	189	30181
kölıktık	221	83235
kölıktıñ	195	38837
köme	217	1100
kömegı	171	6200
kömegım	178	6201
kömegımen	156	6203
kömegın	181	21842
kömegıne	206	56281
kömegıñ	165	9980
kömegıñdı	221	83808
kömegıñız	184	24849
kömei	198	44169
kömek	231	1101
kömekei	211	66307
kömekke	172	13932
kömekte	217	1103
kömekterıñ	208	61124
kömekterıñız	208	61451
kömektes	171	1104
kömektese	155	5507
kömektesedı	154	5509
kömekteseiık	207	59281
kömekteseiın	187	28292
kömektesem	163	9135
kömektesemın	175	16492
kömektesemız	183	23909
kömekteser	201	48097
kömektesesıñ	188	29365
kömektesetın	170	12985
kömektesken	186	27565
kömekteskım	204	53320
kömektespei	206	44550
kömektespeidı	199	44552
kömektesse	204	54363
kömektessem	222	84413
kömektesseñ	212	68162
kömektessın	212	68861
kömektestı	181	21547
kömektestım	195	39628
kömektestıñ	213	69296
kömektesu	172	13572
kömektesuge	171	13574
kömektesuım	222	85133
kömektesıp	130	1106
kömektesıñder	210	63513
kömektesıñızşı	185	25720
kömektesşı	231	96372
kömektı	201	48849
kömekşı	165	10215
kömekşım	192	34444
kömekşısı	188	28894
kömeskı	222	84681
kömp	225	88498
kömu	221	83831
kömılıp	209	63133
kömıp	194	37913
kömır	145	3183
kömırqyşqyl	177	17462
kömırsu	205	39923
kömırsular	196	39926
kömırsutek	215	58197
kömırsutekter	207	58200
kömırtegı	188	29341
kömırtek	231	64592
kömırtektıñ	210	64595
kön	208	17904
könbedı	220	81460
könbei	184	25009
könbeidı	197	41807
könbeitın	222	85597
könbese	205	55116
köndı	208	17906
köndık	214	71940
köndım	195	39422
köndır	212	17907
köndırdım	212	68428
köndıre	191	33695
köndırem	209	62983
köndıru	195	39579
köndıruge	216	74694
köndırıp	177	17909
köne	231	43792
könedı	201	49020
könem	201	43793
könemız	198	43795
könenıñ	222	85703
könesıñ	202	49335
könetın	209	61920
könseñ	221	84140
könu	218	79265
könıp	179	19512
köp	231	1606
köpbalaly	195	39309
köpbūryş	227	91144
köpe	222	85320
köpjaq	227	90948
köpjasar	207	59212
köpke	166	10444
köpkoi	207	58482
köpköp	183	23605
köppa	231	96974
köppe	198	44218
köppen	204	54240
köpqo	165	10172
köpqoi	177	17587
köpsalaly	211	66365
köptañbaly	179	19718
köpte	204	1608
köptegen	135	1611
köpten	153	5294
köptep	187	28323
köpteu	183	23203
köptı	187	27963
köptıgı	213	70655
köptık	197	41710
köptıldı	227	90999
köptıñ	187	28823
köpvektorly	229	92733
köpır	181	20865
köpırde	222	52902
köpırden	204	52903
köpırdıñ	214	71204
köpırge	210	64868
köpırıp	201	47728
köpırşık	215	73734
köpşe	194	37998
köpşık	198	42815
köpşıl	210	9904
köpşılıgı	179	19708
köpşılık	165	9906
köpşılıkke	194	37726
köpşılıkpen	212	69093
köpşılıktıñ	195	38366
köpūltty	206	57521
kör	231	404
körde	197	42141
kördı	144	776
kördık	147	3629
kördım	231	26124
kördımğo	185	26126
kördımğoi	204	53055
kördın	176	17239
kördıñ	125	777
kördıñba	150	4298
kördıñbe	183	23416
kördıñder	179	19221
kördıñderma	195	39354
kördıñğo	193	35981
kördıñız	157	6834
kördıñızba	186	26514
kördıñızbe	199	44490
kördıñızder	205	54528
köre	113	405
körealmauşylyq	209	62281
köreber	212	68403
köredı	128	974
köregen	201	48815
köregendı	230	93471
köregendık	229	93472
köreiık	137	1916
köreiıkta	198	43804
köreiın	231	16801
köreiınşı	176	16803
körelık	220	81441
körem	231	10576
körema	182	22859
köremba	195	39645
köreme	209	62348
köremğo	166	10578
köremğoi	179	19389
köremı	202	32847
köremın	231	94899
köremız	231	32848
köremızğo	191	32850
köremızğoi	207	57956
köremşe	205	54387
körer	171	6004
körermen	196	40048
körermın	185	25949
körermız	155	6007
körersız	204	53443
körersıñ	182	22291
körersıñder	219	81075
köresı	224	5976
köresın	165	9999
köresınba	202	49981
köresız	155	5977
köresızba	195	38529
köresızder	200	46288
köresıñ	231	8890
köresıñba	162	8892
köresıñbe	193	36173
köresıñda	211	66666
köresıñder	177	17407
köresıñğo	184	24433
köresıñğoi	198	43286
köret	158	956
köretın	128	958
köretındei	208	60367
köretınder	194	37916
köretını	212	14519
köretınım	203	14520
köretınımdı	173	14522
köretının	189	30435
köretınıñ	209	31661
köretınıñdı	190	31663
köretınıñızdı	222	85718
köretıñ	194	37063
körge	201	2114
körgelı	219	81262
körgem	138	2115
körgen	231	3016
körgenbız	204	54095
körgende	144	3018
körgendegı	214	70963
körgendei	175	16173
körgender	180	20456
körgenderıñ	215	73114
körgenderıñız	225	89180
körgendı	194	36937
körgendıkten	205	54948
körgenge	202	49827
körgenmın	181	20845
körgennen	170	12615
körgennıñ	219	80837
körgensoñ	207	59459
körgensız	192	35095
körgensıñ	187	27708
körgensıñba	212	68485
körgenı	194	19367
körgenım	179	19368
körgenımde	208	60220
körgenımdı	195	39356
körgenıme	198	44100
körgenın	188	29698
körgenıñ	190	31711
körgenıñdı	209	62030
körgenıñız	215	74445
körgesın	194	37537
körgım	231	68392
körgımde	214	72284
körgımız	212	68394
körgın	196	40638
körgısı	177	17668
körgıñ	167	11057
körgıñız	195	39655
körgış	223	86848
körkem	231	12102
körkemdegış	177	17530
körkemdeu	225	79770
körkemdeuşı	218	79772
körkemdı	210	12104
körkemdık	169	12105
körkemnıñ	206	56695
körkemsuret	221	83116
körkemsöz	216	74953
körkemöner	224	87582
körkı	170	12782
körkıne	202	49673
körkıñe	224	87221
körme	158	2467
körmedı	182	3297
körmedık	183	23805
körmedım	145	3298
körmedıñ	169	12079
körmedıñba	195	39649
körmedıñbe	220	82756
körmedıñız	196	40804
körmege	199	3573
körmegelı	164	9371
körmegem	168	11574
körmegen	146	3574
körmegende	214	34644
körmegendei	192	34645
körmegender	209	61911
körmegendı	219	80309
körmegenge	222	85477
körmegenmın	202	49295
körmegennen	220	82645
körmegensıñ	202	50079
körmegenım	205	51487
körmegenıme	203	51488
körmegenıñ	219	80595
körmegesın	207	57960
körmei	140	2468
körmeiaq	206	56433
körmeidı	167	11211
körmeimın	175	16064
körmeimız	202	50668
körmeisız	202	49276
körmeisıñ	170	13026
körmeisıñba	219	80655
körmeitın	174	15280
körmeitındei	214	71247
körmep	205	9032
körmeppın	163	9035
körmeptı	202	50653
körmes	210	8949
körmesek	208	60807
körmesem	164	9530
körmesemde	197	42295
körmeseñde	219	80911
körmeseñız	212	67503
körmestei	218	78344
körmesı	185	8950
körmesın	163	8951
körmeu	203	50978
körmeñız	213	70413
körnektı	176	16946
körnekı	193	27751
körnekılık	187	27754
körpe	152	4856
körpege	189	30495
körpeler	207	58679
körpelerdı	218	78140
körpem	220	81431
körpenı	188	20645
körpenıñ	180	20646
körpesı	219	65674
körpesın	211	65675
körpeş	204	21988
körpeşe	182	21989
körpeşege	220	82674
körse	231	1040
körsede	204	54144
körsei	150	4378
körseişı	207	59112
körsek	231	97016
körsem	231	34670
körsemde	192	34672
körsen	162	8577
körset	231	1041
körsete	153	3605
körsetedı	147	3607
körseteiık	200	47520
körseteiın	171	13453
körsetem	152	4984
körsetemın	184	24322
körsetemız	190	31592
körseter	187	28000
körsetesız	202	49698
körsetesıñ	189	30162
körsetet	195	8093
körsetetın	161	8095
körsetkem	206	56552
körsetken	158	7105
körsetkende	209	50495
körsetkendei	202	50496
körsetkenı	216	74612
körsetkenıñ	222	84931
körsetkım	200	47486
körsetkısı	208	59781
körsetkış	180	19966
körsetkışterı	186	26725
körsetkıştık	215	73360
körsetkışı	180	19967
körsetkışın	204	52741
körsetpe	183	11038
körsetpedı	212	64364
körsetpedıñ	210	64365
körsetpei	167	11039
körsetpeidı	189	30164
körsetpeimın	212	68433
körsetpeisıñ	217	76451
körsetpeitın	210	64764
körsetse	190	32212
körsetsei	198	43508
körsetsem	191	34016
körsetseñız	215	73044
körsetsın	192	34523
körsettı	161	8413
körsettım	179	19902
körsettıñ	190	32648
körsetu	146	3400
körsetudıñ	200	46460
körsetuge	169	12549
körsetuım	218	79048
körsetuşı	220	82459
körsetıldı	198	43284
körsetıledı	184	24938
körsetıletın	197	42115
körsetılgen	147	3593
körsetılıp	196	40053
körsetıp	129	1043
körsetıñder	191	33225
körsetıñız	168	11573
körsetıñızşı	195	38855
körsetşı	231	96240
körseñ	137	1983
körseñder	188	29395
körseñız	169	12464
körseñızder	198	43484
körseñızşı	186	26377
körseñşı	206	57126
körsın	148	3958
körsınşı	204	54068
kört	220	81980
körtyşqan	230	93599
köru	231	1727
köruden	205	55263
körudı	231	57598
körudıñ	206	57599
köruge	136	1729
köruı	200	27547
köruım	186	27548
köruımız	223	85936
köruın	223	86069
köruıñ	211	65569
köruıñe	220	81965
köruşı	194	37247
körık	204	54225
körıkteu	205	55419
körıktı	231	96437
körım	190	12905
körımdık	170	12908
körın	177	730
körınbe	208	3108
körınbedı	205	54749
körınbedıñ	219	80712
körınbei	144	3109
körınbeidı	154	5679
körınbeisız	215	73244
körınbeisıñ	184	24471
körınbeitın	186	27582
körınbi	174	15653
körındı	166	10395
körındık	208	61514
körındım	217	77787
körındıñ	211	65784
körıne	130	1175
körınedı	143	2836
körınem	193	36724
körınema	205	54594
körınemın	212	68419
körıner	200	46815
körınesız	214	71567
körınesıñ	193	35776
körınet	193	12144
körınetın	169	12146
körıngen	163	9152
körıngenge	202	49915
körıngenmen	199	45747
körıngennıñ	221	83524
körıngenımen	218	78451
körınp	205	54954
körınse	198	44034
körınsın	173	14746
körınu	178	19103
körınuge	205	56066
körınuı	202	50832
körınıp	124	732
körınıs	160	7841
körınısterı	204	53962
körınıstı	212	68274
körınısı	170	12716
körınıştı	213	70557
körınşı	224	87427
körıp	231	24807
körıpkel	200	47363
körıpkeldık	229	93013
körıppe	221	63137
körıppedıñ	209	63140
körıppeñ	209	63174
körıppın	202	50862
körıptı	184	24809
körıseiık	217	77562
körısemız	194	37487
körısermız	216	75499
körısetın	220	81946
körısken	220	26593
körıskende	215	74498
körıskenşe	186	26595
körıspegelı	204	53379
körıspei	222	85269
körısu	213	70321
körısıp	191	33614
körıñ	187	1370
körıñder	142	2746
körıñderşı	190	32658
körıñız	132	1372
körıñızder	153	5285
körıñızderşı	206	57271
körıñızşı	151	4760
körşı	231	7902
körşıden	205	55490
körşıge	193	36264
körşıler	160	7905
körşılerde	220	60774
körşılerden	208	60775
körşılerdı	212	62816
körşılerdıñ	209	62817
körşılerge	200	46663
körşılermen	207	59149
körşılerım	198	43578
körşılerıñ	206	57638
körşıles	195	38417
körşım	163	8920
körşıme	213	69524
körşımen	218	78374
körşımnıñ	205	56096
körşımız	199	45395
körşını	218	15072
körşınıñ	173	15073
körşısı	187	28099
körşıñ	183	23114
körşıñe	216	74711
körşıñız	213	69253
köse	187	28074
kösek	223	86037
kösem	190	31724
kösemşe	196	40043
kötbergen	225	89247
kötek	171	13697
kötenı	195	36846
kötenım	193	36847
köter	231	5300
köteralmai	224	87693
köterdı	180	20224
köterdım	188	29670
köterdıñ	193	36324
kötere	231	12338
köteredı	170	12931
köterein	226	89728
kötereiık	200	46739
kötereiın	202	50717
köterem	175	16441
köteremın	207	59280
köteremız	183	23516
köterer	209	62426
köteresıñ	193	36642
köteretın	169	12341
kötergen	164	9486
kötergende	194	37345
kötergış	213	69628
köterme	191	11306
kötermedı	204	46316
kötermedıñ	200	46317
kötermegen	211	67015
kötermei	167	11307
kötermeidı	180	19983
kötermeisız	217	77732
kötermeisıñ	178	19029
kötermeitın	218	78121
kötermelep	212	67445
kötermeleu	220	81518
kötermeseñ	212	69032
köterse	193	35536
kötersei	211	66032
kötersem	195	38557
köterseñ	203	51230
kötersın	202	49795
köteru	153	5301
köteruge	231	97161
köteruşı	224	88121
köterıldı	183	23229
köterıle	195	17225
köterıledı	176	17227
köterıletın	210	65426
köterılgen	176	16997
köterılgende	204	52945
köterılmeidı	218	79202
köterılse	204	53183
köterılsın	209	63251
köterılu	197	42546
köterılıp	231	95524
köterılıs	178	18593
köterılıske	199	44286
köterılıstıñ	192	35022
köterıp	231	95061
köterıñkı	181	20928
köterşı	199	45475
kötke	177	17678
köttı	164	9775
kötımdı	176	16835
kötımız	212	67649
kötıne	231	96577
kötıp	213	69433
kötıñe	161	8200
kötıñmen	221	82958
kötıñnen	192	35201
köz	231	1235
közbe	188	7907
közben	160	7908
közde	203	3172
közdegen	191	33771
közdegı	228	91986
közdeidı	201	48758
közdelgen	193	35559
közden	144	3173
közdep	197	41897
közder	193	8717
közderı	162	8718
közderım	200	47499
közderımen	210	65244
közderın	178	18662
közderıne	194	37181
közderınen	200	47405
közderıñ	177	17915
közderıñdı	201	48810
közderıñe	208	60943
közderıñnen	203	51564
közdeu	217	78046
közdı	160	7842
közdıñ	170	13093
közge	148	3943
közqaras	178	18861
közqaraspen	204	53300
közqarastar	204	53666
közqarasty	205	55392
közqarasy	181	20837
közqarasym	210	64389
közqarasymen	229	92836
közqarasyn	187	28070
közqarasyñ	215	73579
közsız	212	69028
közı	231	1236
közıldırık	205	54976
közım	131	1237
közımde	206	57585
közımdı	160	7790
közıme	155	5845
közımen	183	23542
közımmen	184	24507
közımnen	181	21038
közımnıñ	176	16795
közımız	177	18122
közımızdı	204	53602
közımızdıñ	230	94378
közımşe	191	33298
közın	231	6808
közındegı	221	83465
közındı	199	45529
közıne	157	6809
közınen	179	19404
közınıñ	183	23162
közınşe	158	6971
közıñ	231	15064
közıñdı	231	96110
közıñe	173	15065
közıñmen	198	42965
közıñnen	186	27677
közıñnıñ	198	43441
közıñız	182	22390
közıñızden	230	93839
közıñızdı	201	48118
közıñızge	209	63145
közıñşe	205	55601
köñ	209	2271
köñlım	199	45044
köñlıñ	214	71719
köñlıñe	219	80031
köñı	221	2272
köñıl	231	2273
köñılden	192	35002
köñılderı	209	50416
köñılderıne	218	78895
köñılderıñ	206	50417
köñılderıñe	202	50418
köñılderıñızge	225	89052
köñıldes	225	89008
köñıldı	139	2275
köñıldıñ	204	54049
köñılge	169	11981
köñılmen	186	26397
köñılsız	180	20085
köñılı	156	6461
köñılım	231	11941
köñılımde	210	64864
köñılımdı	169	12518
köñılıme	168	11942
köñılımmen	222	85090
köñılımnen	201	47666
köñılımnıñ	192	34119
köñılımız	197	42223
köñılımızdı	209	61664
köñılın	160	8007
köñılıne	164	9665
köñılınen	192	34418
köñılıñ	231	8008
köñılıñde	223	86074
köñılıñdı	166	10448
köñılıñe	160	8009
köñılıñnen	199	45225
köñılıñnıñ	219	81007
köñılıñız	185	25978
köñılıñızden	209	62506
köñılıñızdı	199	45278
köñılıñızge	190	31600
köñılşek	207	58485
köş	174	914
köşbasşy	190	32138
köşbasşylyq	199	44992
köşbasşysy	193	36117
köşe	142	915
köşede	231	8896
köşedegı	183	23246
köşedemın	211	66896
köşeden	162	8897
köşedesıñ	218	79587
köşedı	193	35966
köşege	127	917
köşeiık	212	67257
köşeiın	206	56304
köşeler	216	75519
köşem	190	23773
köşemın	199	44354
köşemız	183	23775
köşenı	190	14414
köşenıñ	172	14415
köşesı	154	5560
köşesımen	223	86832
köşesın	208	27729
köşesınde	187	27731
köşesındegı	214	71138
köşesıne	205	55710
köşesınen	219	79991
köşesınıñ	209	62631
köşesıñ	220	81908
köşet	210	39750
köşetın	196	39752
köşkelı	224	87670
köşken	188	29917
köşkende	208	59872
köşkım	219	80789
köşkın	227	90714
köşpei	219	80457
köşpelı	153	5334
köşpelıler	178	19026
köşpelılık	219	80851
köşpendı	201	18040
köşpendıler	177	18043
köşpendılık	215	74454
köştı	185	26363
köştık	205	55596
köştım	211	66284
köştıñ	202	49870
köştıñder	216	75707
köşu	174	15499
köşuge	201	49240
köşı	191	1832
köşıp	231	95318
köşır	195	1833
köşırdım	207	58011
köşıre	175	16528
köşıretın	211	66484
köşırgen	192	35347
köşırme	198	31917
köşırmesı	192	31919
köşırmesın	190	31920
köşıru	175	15885
köşıruge	195	38485
köşırıldı	214	71985
köşırıp	136	1835
kübı	219	81065
küde	207	57890
küder	212	67743
küderı	218	78646
küdık	191	32983
küdıksız	228	91989
küdıktenıp	197	41633
küdıktı	204	54041
küe	227	90713
küi	231	3286
küibeñ	200	47415
küibıñ	224	87798
küide	164	9465
küidı	183	13899
küidım	217	77664
küidırdı	209	62283
küidırgı	193	36750
küidırgış	229	92992
küidırmei	221	83651
küidıru	195	38481
küidırıp	172	13902
küidıñ	204	53693
küie	198	3287
küieu	231	3288
küieubala	199	44637
küieuden	222	84708
küieudı	218	79180
küieudıñ	219	79799
küieuge	231	96132
küieulerı	212	68387
küieuı	231	3289
küieuım	145	3290
küieuımde	212	68379
küieuımdı	196	40956
küieuıme	185	25304
küieuımen	193	35820
küieuımmen	201	49117
küieuımnen	207	58129
küieuımnıñ	189	30098
küieuın	186	24288
küieuıne	192	34561
küieuınen	209	63394
küieuınıñ	184	24290
küieuıñ	161	8086
küieuıñdı	200	47464
küieuıñe	196	39862
küieuıñmen	203	52509
küieuıñnen	217	77035
küieuıñnıñ	201	47652
küieuıñızdıñ	217	77460
küieuıñızge	196	39682
küige	175	15965
küigen	176	17092
küiler	205	17868
küilerı	195	17869
küilerıñ	177	17870
küilerıñız	191	32943
küilı	215	73705
küimeidı	222	85809
küimen	187	27780
küireu	227	90637
küisız	219	81049
küiu	219	80765
küizelıs	213	69904
küiı	145	3315
küiık	174	15627
küiıktı	215	74216
küiım	156	6398
küiımdı	193	35940
küiın	168	11613
küiınde	172	14014
küiındı	226	89674
küiıne	189	31276
küiınıñ	188	29225
küiınşe	217	76338
küiıp	150	4377
küiıs	227	90907
küiıñ	160	7699
küiıñdı	184	24373
küiıñız	177	17518
küiıñızdı	216	74680
küişı	191	32715
kükırt	231	55325
kükırttı	205	55327
kükırttıñ	213	70924
kül	159	2492
külaş	193	36528
küldı	177	17166
küldık	202	50711
küldım	178	18546
küldıre	213	70060
küldırgı	216	74700
küldırtıp	204	52914
küldırıp	185	26028
küldıñ	176	17167
küldıñız	213	69972
küle	141	2493
küledı	175	16355
külegeş	215	73578
küleiık	215	74366
küleiın	206	56643
külem	179	19149
külemın	212	68855
külemız	203	51111
külesız	206	56369
külesıñ	157	6617
kület	197	13779
kületın	171	13781
külge	206	9287
külgen	163	9288
külgende	207	59364
külgenge	219	80017
külgenı	195	35764
külgenım	213	70491
külgenıñ	193	35765
külgım	199	45489
külgın	176	16682
külkülı	210	63541
külkı	231	3175
külkıden	163	9176
külkıge	202	49718
külkılı	144	3177
külkım	152	4893
külkımdı	182	21896
külkımen	214	72208
külkını	205	55707
külkısı	173	14987
külkısın	194	37148
külkısıne	205	55920
külkıñ	177	18147
külkıñdı	197	41601
külkıñe	212	68094
külkıñmen	219	80181
külkıñnen	201	47628
külkıñız	213	69592
küllı	193	36523
külme	161	8092
külmei	192	35249
külmeidı	223	86965
külmeimın	218	79247
külmeitın	224	87448
külmeu	229	92865
külmeş	193	35575
külp	156	6406
külpaş	179	19417
külpäş	202	50577
külse	203	45600
külseñ	199	45601
külsın	211	65485
külte	230	52379
kültegın	203	52382
külu	188	26482
küluge	186	26484
küläi	225	88919
küläş	181	21337
külım	212	14419
külımde	196	14421
külımdedı	228	92188
külımdegen	209	63054
külımdep	172	14422
külımdeu	200	97721
külımdeşı	217	77097
külımhan	219	80039
külımsırep	201	49097
külımsıreu	200	97722
külıp	231	94880
külşat	208	61533
külşe	196	40087
külşeqyz	230	93788
külşı	205	55503
kümbez	201	49018
kümbezdı	222	85043
kümbezı	218	78409
kümbır	210	63709
kümp	220	81764
kümän	188	23943
kümändı	211	66529
kümänmen	217	77411
kümänsız	222	85785
kümänım	183	23945
kümänıñ	187	28866
kümänıñız	218	78810
kümıs	231	36222
kümısai	193	36224
kümısbek	203	52147
kümıske	223	85888
kümıstei	212	67563
kümısten	202	50606
kümıstı	228	91939
kün	76	43
künara	211	66200
künağa	219	80480
künbağys	185	25927
künde	231	1335
kündede	215	73420
kündegı	175	16532
kündegıdei	197	41923
kündegısın	195	39560
kündegışe	230	94581
kündei	171	13818
kündelıgı	202	49786
kündelıgımdı	222	84942
kündelıgın	205	55732
kündelık	132	1338
kündelıkte	192	35103
kündelıkten	205	54691
kündelıktı	136	1774
kündelıktıñ	212	67469
kündeme	219	81348
künder	148	1676
künderde	181	21188
künderden	207	58518
künderdı	175	15920
künderdıñ	178	18736
künderge	181	21674
künderı	135	1677
künderım	190	31478
künderımdı	213	70691
künderımız	191	33894
künderın	176	16962
künderınde	214	71623
künderıne	200	45896
künderınen	226	90080
künderınıñ	217	76392
künderıñ	143	2925
künderıñdı	202	49850
künderıñe	179	19499
künderıñmen	174	15285
künderıñız	146	3487
künderıñızben	191	33806
künderıñızdı	217	77666
künderıñızge	177	17865
kündes	221	83785
kündı	139	1116
kündıgı	209	61609
kündık	155	5801
kündıkke	210	63702
kündıkte	210	64519
kündız	130	1117
kündızde	205	56057
kündızden	225	89210
kündızge	207	59223
kündızgı	185	26188
künen	163	9149
künge	231	49505
küngede	202	49507
küngei	210	65217
küngı	144	3156
künjıt	224	87657
künkörıs	221	84234
künle	204	52994
künmen	179	19800
künnen	231	95085
künnıñ	139	2209
künsız	226	90357
künsūlu	174	15753
küntu	222	84706
küntızbe	210	33812
küntızbelık	191	33815
künä	231	37496
künädan	219	80024
künähar	227	91432
künälardy	227	91107
künälary	224	83302
künälarymyzdy	229	93302
künälaryn	221	83303
künälı	213	70207
künäm	215	73014
künämdı	230	94172
künäsı	204	54253
künäsın	213	70797
künäsız	225	89149
künäñ	225	89282
künäğa	194	37498
künı	231	963
künıde	200	46049
künıge	149	4114
künım	231	4328
künımde	173	14999
künımdı	168	11842
künıme	157	4329
künımen	150	4330
künımmen	209	62577
künımnen	209	61631
künımnıñ	212	68711
künımız	164	9391
künımızde	221	84095
künımızdı	198	44036
künımızge	194	37051
künın	142	2762
künınde	160	8015
künındegı	212	68282
künıne	231	17957
künınen	177	17958
künınmen	194	37112
künınız	191	33067
künınıñ	196	40244
künıñ	231	964
künıñba	211	67079
künıñde	178	18328
künıñdı	166	10605
künıñe	160	7893
künıñme	206	57069
künıñmen	231	94770
künıñız	128	966
künıñızben	231	94959
künıñızde	216	75752
künıñızdı	205	55153
künıñızge	182	22644
künşe	219	81158
künşuaq	206	57151
künşyğys	229	93484
künşıldık	212	68118
küp	218	78243
küptı	223	86002
küpı	229	83142
küpırlık	221	83146
kür	196	2644
kürd	229	2645
kürde	211	2646
kürdelı	142	2648
kürdelırek	225	88255
küre	206	6670
kürek	185	25279
kürep	182	22834
küres	157	6671
küresedı	216	75166
küreske	168	11698
küresken	205	54638
küresker	224	87536
küreste	194	37426
kürestı	202	46187
kürestıñ	200	46188
küresu	189	30287
küresı	197	29112
küresın	214	71181
küresınen	225	88983
küresıp	188	29113
küretamyr	229	93410
küreu	204	53544
küreñ	205	55303
kürk	219	42329
kürke	197	42330
kürkırep	211	66959
kürs	227	70123
kürsındı	229	93135
kürsınıp	213	70127
kürt	182	22177
kürte	216	74955
kürteşe	230	94228
kürtık	218	78261
kürış	155	5915
kürıştı	200	47291
kürşım	201	48825
küs	209	62716
küstı	226	90365
küt	231	3224
küte	231	3225
kütedı	177	17349
kütein	218	78198
küteiık	176	16631
küteiın	182	22015
kütem	231	3226
kütemz	209	63338
kütemın	145	3228
kütemız	150	4453
küter	211	67175
kütesız	194	37834
kütesızder	222	85686
kütesıñ	231	66760
kütesıñba	211	66762
kütesıñder	222	84823
kütet	207	17182
kütetın	176	17184
kütken	162	8868
kütkende	210	62543
kütkendei	209	62544
kütkendı	219	80990
kütkenım	222	85018
kütkenıñ	226	90320
kütpe	186	21144
kütpedım	183	23323
kütpedıñ	223	87037
kütpegen	181	21147
kütpei	182	22464
kütpeidı	212	67515
kütpeimın	206	56728
kütpeñız	218	79232
kütse	209	40728
kütsei	207	58746
kütsek	220	82618
kütsem	208	59967
kütseñ	196	40729
kütseñız	222	85309
kütsın	202	50460
küttı	192	9512
küttık	192	35398
küttım	164	9513
küttırıp	197	42201
kütu	164	9752
kütude	208	50251
kütudemın	202	50254
kütudemız	210	64875
kütuden	215	74260
kütuge	180	20408
kütumen	215	73256
kütuım	219	79956
kütuşı	212	68230
kütım	172	14340
kütımdı	215	74549
kütımı	193	36751
kütın	195	26077
kütınu	200	47390
kütınıp	185	26079
kütıp	231	94772
kütır	212	68819
kütıñder	185	25508
kütıñız	177	18222
kütıñızder	197	41951
kütşı	178	18499
küz	153	5260
küzde	167	11428
küzdei	227	91491
küzdeu	224	87583
küzdık	193	36718
küzen	223	86598
küzet	201	48637
küzetıp	203	52287
küzetşı	204	52691
küzeu	212	69139
küzge	192	34321
küzgı	174	15578
küñ	216	66719
küñgırt	211	66723
küş	231	8253
küşeidı	196	39737
küşeitedı	203	51273
küşeitkış	221	83563
küşeitpelı	218	78229
küşeitu	189	31288
küşeitıp	208	61478
küşeiıp	184	25060
küşenıp	210	63744
küşpen	187	28491
küştep	192	34697
küşter	183	23131
küşterı	195	39672
küşteu	228	92185
küştı	231	11565
küştık	222	84748
küştılep	193	36420
küştıma	192	34497
küştımın	206	57778
küştırek	207	59139
küştısı	200	32054
küştısın	192	34902
küştısız	211	66781
küştısıñ	190	32055
küştısıñder	218	78967
küştığo	168	11567
küştığoi	184	24257
küşı	231	8254
küşıgı	208	38749
küşıgım	195	38750
küşıgıñ	223	86503
küşık	161	8255
küşıkter	201	48382
küşıktı	198	43998
küşıktıñ	211	66521
küşım	193	31765
küşımdı	215	72701
küşımen	190	31767
küşımmen	218	78465
küşın	174	15252
küşıne	186	27612
küşınıñ	185	26120
küşıñ	198	44133
kıdırıs	211	66305
kılegei	196	40443
kılegeilı	211	67042
kılem	157	6756
kılemder	206	56539
kılemderdı	217	77939
kılemdı	196	39979
kılemge	204	52780
kılemnıñ	209	62863
kılemşe	223	86195
kılen	196	40899
kıleñ	165	10009
kılt	150	4277
kılttı	231	96592
kıltı	167	11331
kıltın	231	97411
kım	231	527
kımde	119	529
kımdep	199	44739
kımder	231	11879
kımderden	220	81689
kımderdı	176	17139
kımderdıñ	198	43365
kımderge	185	25526
kımdermen	168	11882
kımdı	231	5149
kımdıkı	153	5151
kımdıkımen	221	83827
kımdıkın	195	39151
kımdıkıne	215	72780
kımen	148	3885
kımge	231	94812
kımkım	199	44349
kımmen	231	94841
kımmın	231	96408
kımnen	231	95245
kımnın	172	14455
kımnıñ	231	94849
kımsın	170	12996
kımsız	231	96339
kımsıñ	124	735
kımsıñder	203	51929
kımı	190	31101
kımıñ	189	31102
kınalap	205	54376
kındıgı	197	42042
kındıgın	219	80002
kındık	161	8249
kındıkten	218	78131
kındıktı	225	89221
kınä	168	2277
kınälap	194	37127
kınälau	229	93159
kınäläp	204	53437
kınälı	139	2279
kınälımın	171	13696
kınälımız	218	79639
kınälısıñ	195	39390
kınäm	171	13403
kınänı	204	53689
kınäsı	183	23316
kınäsın	212	68275
kınäsız	216	74648
kınäñ	191	33907
kıoıp	217	77088
kır	231	1428
kırbıñ	220	81660
kırde	193	36211
kırdı	137	2000
kırdık	169	12528
kırdım	231	26104
kırdıma	185	26105
kırdıñ	148	3911
kırdıñba	177	17452
kırdıñbe	208	60995
kırdıñder	187	28353
kırdıñız	186	27175
kıre	231	1439
kıreber	220	68822
kıreberıs	212	68824
kıredı	231	95425
kırei	228	9629
kıreiık	179	19286
kıreiın	164	9631
kırem	231	1440
kırema	188	29800
kıremın	166	10401
kıremız	133	1442
kırer	190	31997
kırerde	201	48889
kırerge	214	71838
kıresın	184	24693
kıresız	177	17666
kıresıñ	231	20444
kıresıñba	180	20446
kıresıñder	191	33470
kıret	173	3523
kıretın	146	3525
kıretınder	198	43072
kırge	213	1430
kırgelı	202	50864
kırgem	173	14616
kırgen	133	1431
kırgende	150	4361
kırgendei	223	86586
kırgennen	191	33500
kırgensıñ	212	67832
kırgenı	204	18660
kırgenım	178	18661
kırgenımdı	215	72998
kırgenıme	190	31655
kırgenın	197	41378
kırgenıñ	208	60101
kırgenıñdı	208	61387
kırgenşe	207	58531
kırgesın	202	49407
kırgım	180	20037
kırgın	216	75558
kırgısı	199	44502
kırgız	185	3420
kırgızbe	215	18838
kırgızbedı	218	78801
kırgızbei	179	18839
kırgızbeidı	178	18841
kırgızdı	191	33214
kırgızdım	200	46625
kırgıze	171	13195
kırgızedı	191	33710
kırgızeiın	212	67602
kırgızem	186	27213
kırgızemın	215	74195
kırgızemız	207	58620
kırgızesıñ	211	66945
kırgızetın	203	51547
kırgızgen	191	33228
kırgızse	215	74415
kırgızu	179	19358
kırgızuge	209	63023
kırgızıp	146	3422
kırgızşı	200	46642
kırlep	212	68091
kırlerdı	214	71517
kırlı	228	92071
kırme	163	7142
kırmedı	231	22068
kırmedım	182	22069
kırmedıñ	186	26946
kırmegelı	211	66432
kırmegen	161	8449
kırmei	231	7143
kırmeidı	158	7145
kırmeimın	185	26108
kırmeimız	199	45783
kırmeisıñ	184	24440
kırmeitın	183	23046
kırmeptı	199	45256
kırmes	219	23950
kırmese	183	23951
kırmeseñ	199	45127
kırmeu	215	74422
kırmi	148	3933
kırpı	199	7920
kırpıgı	210	64342
kırpıgım	217	76757
kırpıgıñ	218	79282
kırpık	160	7921
kırpıkke	201	48427
kırpıktı	206	56732
kırpıkşelı	228	91813
kırpış	182	22034
kırse	160	3072
kırsei	160	7653
kırsek	187	28853
kırsem	144	3073
kırsen	181	21702
kırseñ	163	9311
kırseñız	188	29070
kırsın	160	7892
kırt	226	89482
kıru	141	2474
kırudı	186	27233
kıruge	155	5888
kıruı	193	35466
kıruım	201	49229
kıruşı	217	77194
kıräp	217	77485
kırı	188	3465
kırın	197	41952
kırıp	231	24354
kırıpsıñ	203	52280
kırıptı	184	24356
kırır	215	73701
kırıs	184	10352
kırıse	212	60069
kırısedı	208	60071
kırıseiın	219	80020
kırısem	211	65942
kırısemın	217	77018
kırısken	217	76288
kırıspe	165	10354
kırıster	225	88371
kırıstık	229	92922
kırıstıru	222	84500
kırısu	209	61825
kırısıp	177	17341
kırıñ	185	3466
kırıñder	146	3469
kırıñız	175	15974
kırıñızder	178	18793
kırıñızşı	198	43691
kırş	231	5872
kırşı	155	5873
kırşıksız	201	48913
kıs	189	2575
kıse	220	80999
kısen	219	81000
kısıde	172	12886
kısıdei	204	54337
kısıden	170	12887
kısıge	144	3020
kısıler	141	2579
kısılerden	201	48364
kısılerdı	184	17896
kısılerdıñ	177	17897
kısılerge	173	14982
kısılermen	198	43437
kısılık	196	40762
kısım	220	14476
kısımen	172	14478
kısını	158	7213
kısınıkı	205	55519
kısınıñ	231	95798
kısısız	228	92524
kısışe	222	85148
kıtabi	221	83307
kıtabymdy	197	42638
kıtabyna	201	48631
kıtabynan	204	52772
kıtabynda	194	37035
kıtabyñ	206	57024
kıtabyñdy	210	65206
kıtap	231	3642
kıtaphana	166	10892
kıtaphanada	186	27293
kıtaphanadan	189	30223
kıtaphanadağy	221	84176
kıtaphanalyq	213	69711
kıtaphananyñ	206	57753
kıtaphanasy	197	41308
kıtaphanasynda	212	68638
kıtaphanaşy	191	33353
kıtappen	181	21329
kıtapqa	169	12527
kıtapsyz	227	90932
kıtapta	154	3644
kıtaptan	147	3645
kıtaptar	151	4758
kıtaptardy	177	17712
kıtaptardyñ	195	38882
kıtaptary	187	27942
kıtaptarymdy	211	66847
kıtaptaryn	191	32723
kıtaptaryñdy	207	58115
kıtaptarğa	222	84877
kıtaptağy	177	17539
kıtapty	231	7737
kıtaptyñ	160	7738
kıtapşa	183	23112
kıtapşalar	220	82719
kıtapşany	203	51685
kıtapşasy	212	68258
kıttai	163	9098
kıttäi	184	24386
kışkene	231	13563
kışkeneden	171	13566
kışkentai	231	10948
kışkentaidy	203	15465
kışkentaidyñ	174	15466
kışkentailar	167	10951
kışkentailardy	209	62996
kışkentailardyñ	210	64692
kışkentailarmen	216	74636
kışkentailaryn	221	84207
kışkentailaryñ	195	38621
kışkentailaryñyz	221	83166
kışkentailarğa	201	49108
kışkentaily	206	57025
kışkentaima	215	73135
kışkentaimyn	182	21992
kışkentaisyn	202	50364
kışkentaisyñ	183	22956
kışkentaiy	176	16572
kışkentaiym	176	17022
kışkentaiymnan	204	53490
kışkentaiyn	192	34623
kışkentaiynan	201	48779
kışkentaiynyñ	225	89148
kışkentaiyñnyñ	201	48696
kışkentaiyñyz	208	61302
kışkentaiyñyzdyñ	224	87927
kışkentaiğa	211	66232
kışı	231	9048
kışıge	193	36066
kışıgırım	163	9053
kışık	230	93621
kışıler	203	51596
kışılerge	210	64931
kışıleu	203	51554
kışıpeiıl	204	54159
kışıpeiıldılık	214	72328
kışıreitu	224	87391
kışıreitıp	213	70140
kışıreiıp	196	40319
kışırek	192	34948
kışısı	172	14345
kışısın	210	64716
kışısıñ	205	54529
kūiyp	213	69455
kūny	224	87820
kūran	209	62364
kūrdas	213	70448
kūrsyn	194	37277
kūrt	209	63032
kūs	225	42952
kūsap	198	42954
kūte	212	68095
kūtty	151	4597
la	231	990
labirint	197	42339
laborant	199	45572
laboratoriia	189	30400
lad	158	6944
lada	167	10959
ladno	231	94794
lagerde	199	45858
lagerden	226	89611
lagerdıñ	224	87454
lagerı	225	88886
lagman	231	96724
lai	231	7815
laif	165	10350
laifhak	181	18109
laifhaki	177	18110
laik	231	17780
laiker	212	68479
laiki	231	97066
laikni	188	29639
laiknite	204	53414
laiknula	196	40396
laikov	177	17782
laikpen	207	58480
laikqa	208	60394
laiktan	191	34055
laiktar	223	86709
laikty	188	29818
laiktyñ	219	80258
laila	175	15959
laim	193	35766
lainer	225	88779
laiv	191	33693
laiym	176	17033
laiyq	231	7817
laiyqsyz	212	68481
laiyqsyñ	200	46574
laiyqty	160	7819
laiyqtymyn	225	88261
laiyqtysyñ	207	58858
lajy	184	24524
lak	231	42412
laki	197	42413
lakmus	230	93699
lako	222	85021
lala	187	27843
lalagül	224	87941
lama	205	54535
lambada	208	60343
laminat	187	28376
lampa	231	96373
lampoşka	189	30458
lan	128	991
landşaft	219	81171
lapyldap	212	67554
laq	184	8659
laqap	194	37367
laqty	220	8661
laqtyr	183	8662
laqtyra	162	8663
laqtyrady	192	34069
laqtyraiyn	194	37054
laqtyramyn	199	44263
laqtyrasyñ	205	55237
laqtyratyn	203	51041
laqtyrdy	196	33866
laqtyrdym	191	33867
laqtyrdyñ	210	64280
laqtyrsai	206	57772
laqtyrsam	211	66485
laqtyru	171	13170
laqtyruğa	201	47762
laqtyryp	231	95365
laqtyrğan	194	37157
laqtyrşy	197	42213
lard	207	58707
largo	226	90119
largus	198	43711
laringit	226	89566
larisa	176	16809
las	231	28377
lasina	192	34230
lastanu	187	28381
lastau	220	82594
latifa	217	77040
latyn	164	9510
latynşa	179	19313
lauazym	205	52100
lauazymdyq	203	52103
laureat	222	85570
lav	231	11031
lava	197	11032
lavaş	167	11033
lavaşka	215	74059
lavaşqa	216	74933
lavr	213	69428
lazer	195	39383
lazerlık	222	84480
lazermen	211	65908
lazernaia	220	82436
lazernyi	209	62133
lazy	224	87937
lazzat	231	85295
lazzattyñ	222	85298
lañ	219	65785
lañkestık	211	65791
lağman	175	16169
lağyl	213	70292
lağynet	230	94504
lağyp	181	21617
laşyn	178	18445
laşyq	230	94173
lebız	231	97504
ledi	231	96325
legato	226	90506
legen	172	14099
legion	211	66239
leikoz	222	84712
leila	231	96019
leişmaniia	229	92758
leksiia	231	44681
leksiiada	199	44683
leksiialardy	213	70616
leksikalyq	186	26741
leksikologiia	218	79756
lektor	216	76059
lena	231	96669
lendke	147	3747
lenger	179	19824
lengırge	223	86722
leningrad	209	62432
lenolium	222	85594
leo	185	25514
leonardo	194	37075
lep	231	29943
lepes	227	91479
leptı	188	29945
lermontov	215	62169
lermontova	209	62170
lesbek	182	22342
lesbiianka	216	76038
leshan	215	72694
levkas	204	53401
liberaldyq	230	94033
lida	193	35620
lider	231	43916
liderge	199	45409
liderler	198	43919
liderlerı	230	94353
liderlık	221	83490
liderı	201	47995
lidiia	208	61121
lift	180	20732
liga	231	61566
ligasy	209	61568
ligasynyñ	230	93918
like	221	83532
lili	179	19370
liliia	189	30057
limfa	181	21830
limon	159	7525
limonad	199	45338
limondy	211	66915
limonmen	201	48676
limuzin	213	70036
linda	217	77205
lineks	206	56463
lingvist	223	65546
lingvistika	211	65549
liniiada	213	70850
linoleum	202	49610
lirik	218	29730
lirika	197	29731
lirikalyq	188	29734
lisei	177	18146
liseide	207	59394
liseige	215	73107
litii	204	52847
litosfera	209	61595
litota	229	92953
litr	231	25439
litrden	220	81940
litrlık	185	25442
litrı	215	73648
liubliu	200	97725
liubovnaia	216	74658
liudmila	193	36243
liza	157	6780
lizanyñ	218	79244
lizağa	222	85589
lizing	229	93574
lişenie	225	88721
lobbi	178	18764
logarifm	219	80929
logarifmdık	223	86158
logika	231	81193
logikalyq	231	96451
logikany	219	81195
login	231	95073
logistika	198	42878
logo	198	23894
logoped	183	23897
logopediia	224	87374
logoterapiia	227	90830
loh	115	432
lohtar	208	61499
lokasiia	218	79431
lombard	231	37662
lombardqa	194	37664
lombardta	212	68032
lombardtan	222	84862
lomonosov	202	50583
loqsu	219	81266
loqsyp	218	79407
lor	231	41564
lord	197	41565
lotereia	207	59524
loto	182	22652
lotos	211	65605
loşad	211	65530
lsyna	228	91673
lugovoi	198	43309
lugovoida	220	82034
luina	225	88410
luiza	231	97232
luna	161	8067
luşe	210	64627
läila	191	33643
läilä	168	11938
läilı	208	38702
läilım	195	38703
läkä	218	78940
läzzat	231	72770
läzzatty	216	72772
läzzattyñ	215	72773
läzzät	198	44178
läñgı	204	52983
lög	221	83942
lüp	224	45847
lüpıl	199	45849
lüpıldegen	227	91327
lüpıldep	226	90318
lūğat	223	86013
ma	231	212
madagaskar	211	66820
madam	190	31713
madaq	203	52070
madaqtama	210	65417
madaqtar	217	78045
madaqtau	210	65251
madiiar	231	46632
madiiardyñ	200	46635
madiko	212	67950
madikoş	231	97343
madimen	204	53097
madina	231	94825
madinanyñ	231	97150
madinka	216	75056
madiğa	219	80282
madlen	219	80266
madmen	208	60348
madonna	189	30134
maei	210	64614
mafiia	231	95775
magazin	231	23672
magazinda	206	57828
magazinde	231	33331
magazindegı	200	47158
magazinder	191	33332
magazinderde	200	47080
magazinderge	205	55734
magazindi	223	86287
magazindı	192	35338
magazinen	185	25968
magazinge	231	95124
magazinnan	217	77376
magazinnen	231	96072
magazinnıñ	183	23675
magazinğa	209	61949
magazinı	198	43457
magazinınde	215	72986
magazinıne	207	59059
magazinıñ	212	67788
magiia	191	33355
magila	166	10611
magistr	195	21114
magistranttar	224	87994
magistratura	181	21119
magistraturağa	214	72322
magma	229	93177
magnat	216	74626
magneziia	215	73978
magnii	231	97556
magnit	231	34458
magnitofon	218	79451
magnitola	217	77687
magnittı	212	34460
magnittık	192	34461
magnoliia	229	93545
magnum	231	33442
magnumda	197	42592
magnumge	222	85314
magnumnan	202	49576
magnumğa	191	33444
mahabbat	231	26465
mahabbatqa	231	96733
mahabbatsyz	207	58175
mahabbattan	231	97295
mahabbattary	210	64021
mahabbatty	231	97492
mahabbattyñ	231	97493
mahabbatymsyñ	186	26470
mahabbatymyzdy	227	91354
mahabbatyñ	231	67667
mahabbatyña	224	87433
mahabbatyñyz	212	67669
mahal	211	66001
mahambetke	206	57282
mahambettıñ	231	97527
mahan	165	9938
mahandy	224	87253
mahanov	209	59801
mahanova	208	59802
mahanğa	213	69801
mahito	218	79116
mahl	106	214
mahmud	181	21458
mahmūt	210	65319
mai	231	4579
maiak	231	97103
maianyñ	224	87436
maiatnik	216	76140
maida	231	26732
maidai	209	62495
maidalap	189	30389
maidalau	226	90527
maidan	186	26733
maidanda	222	84855
maidany	215	72804
maidanğa	215	74447
maidy	171	13285
maidyn	211	67190
maidyñ	182	21928
maigül	193	36232
maiia	183	23391
maik	151	4580
maika	231	57113
maikamen	206	57116
maiken	220	81743
maikl	187	27830
mailanyp	212	68704
mailar	193	35801
mailau	204	53669
maili	158	7155
mailina	201	47662
mailinnıñ	227	91266
maily	161	8308
mailyq	209	62541
maimaq	216	75834
maimen	190	31779
maimyl	231	20150
maimyldan	198	43273
maimyldar	206	56910
maimyldyñ	210	63581
maimylym	180	20152
mainkraft	231	95267
mainur	222	84407
maionez	170	12802
maior	182	22171
maira	231	47943
mairadan	224	88147
mairam	216	75788
mairamen	222	84791
mairany	216	47945
mairanyñ	201	47946
mairağa	204	54339
mairaş	210	65169
mairoş	208	61412
maisyz	206	56618
maitalman	226	90027
maiy	164	9546
maiym	203	52575
maiymen	204	52669
maiyn	169	12293
maiynan	216	75891
maiynyñ	197	41549
maiyp	226	90061
maiysqan	211	65483
maiysqaq	220	81885
maiysu	226	89478
maiysyp	167	11419
maiyñ	221	83801
maiğa	182	22596
maiğaziev	213	69211
maişam	220	82552
majit	189	31193
majitov	226	89740
majoritarlyq	222	84923
makarenko	203	52043
makaron	164	9735
makarov	197	42442
makiaj	215	73154
makiiajben	220	81687
makiiajdy	210	65368
makiiajsyz	212	67422
makiiajğa	222	85465
mako	153	5244
makosia	203	51098
makoğa	216	75132
makoş	231	86348
makoştyñ	223	86351
makroekonomika	220	82141
makron	225	88394
maks	231	11012
maksim	231	11014
maksima	193	35975
maksimaldy	199	45721
maksimum	167	11016
malaqai	215	74294
malbazar	225	88805
maldan	182	22514
maldar	231	96480
maldy	231	10247
maldyñ	165	10248
mali	192	20955
malibu	213	69248
malik	231	51819
malika	231	51820
malikamen	218	78787
malikany	210	51822
malikanyñ	203	51823
malikağa	208	60970
malikova	210	64606
malina	181	20957
maliş	204	53467
malodoi	223	86958
malsyz	208	59714
malta	227	66314
maltatas	211	66317
maly	231	56689
malyñ	206	56690
malyñdy	207	59026
malğa	231	96053
malşy	201	48605
mama	231	727
mamada	231	2098
mamadan	138	2099
mamalap	211	65656
mamalar	134	1517
mamalarda	199	45814
mamalardan	207	58393
mamalardy	193	35588
mamalardyñ	203	51141
mamalarmen	189	31167
mamalary	178	18720
mamalarymen	223	85850
mamalarymyz	212	68707
mamalaryn	189	30102
mamalaryna	198	42766
mamalaryñ	182	22473
mamalaryña	206	56686
mamalarğa	180	20490
mamalatyp	222	85346
mamam	231	5919
mamama	231	95805
mamamda	177	17658
mamamdy	168	11656
mamamen	231	95647
mamammen	181	21354
mamamnyñ	155	5922
mamamyz	196	40435
maman	124	728
mamandandyrylğan	187	27777
mamandar	170	12848
mamandardy	207	40241
mamandardyñ	196	40242
mamandary	196	40995
mamandarğa	205	54455
mamandy	179	1564
mamandykta	227	90957
mamandyq	134	1565
mamandyqpen	210	65186
mamandyqqa	182	22675
mamandyqta	198	15166
mamandyqtar	174	15167
mamandyqtary	215	73478
mamandyqtarğa	223	85946
mamandyqty	185	25400
mamandyqtyñ	193	36468
mamandyğy	167	11415
mamandyğym	176	16792
mamandyğyma	218	79632
mamandyğyn	186	27691
mamandyğyna	199	45067
mamandyğynyñ	203	51972
mamandyğyñ	191	33283
mamandyğyña	224	87607
mamandyğyñnyñ	224	87143
mamandyğyñyz	207	58453
mamannyñ	191	32875
mamany	144	1314
mamanykymen	220	82733
mamanykı	213	69618
mamanyñ	132	1315
mamanğa	208	60844
mamanıkı	204	54332
mamasyda	200	46378
mamasymen	173	15104
mamasymyn	176	17238
mamasyna	152	4876
mamasynan	185	25101
mamasynda	206	56909
mamasynyñ	153	5411
mamatai	211	57393
mamataiym	206	57395
mamañ	231	5250
mamaña	231	95443
mamañda	188	23536
mamañdar	183	23537
mamañdy	173	14584
mamañmen	231	97575
mamañnan	167	11236
mamañnyn	206	57403
mamañnyñ	153	5253
mamañyz	174	15517
mamañyzdy	220	44139
mamañyzdyñ	198	44140
mamañyzğa	196	40201
mamağa	231	55557
mamağada	205	55559
mamaş	222	85406
mambet	181	21828
mambetova	210	64966
mamin	196	37217
mamina	194	37218
mamk	229	89327
mamkoi	225	89329
mamoi	220	81856
mamont	225	88504
mamyq	205	54608
mamyrbek	209	62362
mamyrbekov	224	88089
mamyrda	193	36860
mamyrdağy	225	88799
mamyrdyñ	209	61815
mamyrğa	226	90429
mamytova	215	74264
mana	111	347
manai	205	55639
manar	186	27574
manas	231	79408
manastyñ	218	79411
manat	169	12531
manattyñ	229	93326
manağy	231	57446
manağydai	214	71150
manağydan	222	85442
manağyny	206	57448
mandaiyma	225	88390
mandam	228	92378
mandarin	169	12233
mandat	228	92232
mandraj	208	59666
mane	184	24335
maniak	185	26358
manifest	217	77070
maniiak	213	69610
manikiur	152	4913
manipuliator	209	62706
mano	205	55990
manometr	226	90167
mansaby	230	94406
mansap	204	54122
mansard	214	71773
mansiia	208	60155
mansur	231	76195
mansura	216	76196
mansūr	231	96622
manta	202	49627
mantu	171	13194
mantyny	192	34868
manşester	197	42542
manşük	204	53263
maqal	145	3285
maqala	231	42740
maqalalar	198	42743
maqalasy	200	46478
maqaldy	185	26018
maqanşy	212	67729
maqat	204	18174
maqataev	177	18177
maqataeva	226	90417
maqataevtyñ	221	83909
maqau	188	29397
maqpal	231	95563
maqrūm	218	79627
maqsat	231	11300
maqsatpen	181	21295
maqsatqa	167	11302
maqsatsyz	225	88221
maqsatta	177	11422
maqsattar	194	11423
maqsattary	181	11424
maqsattaryn	202	31458
maqsattaryna	190	31459
maqsattaryñ	190	11425
maqsattaryña	167	11426
maqsattaryñyzğa	203	52088
maqsattarğa	201	47630
maqsatty	175	15896
maqsattyñ	192	35210
maqsaty	231	14515
maqsatym	183	23035
maqsatyma	205	55321
maqsatymen	193	36619
maqsatymyz	198	42747
maqsatymyzğa	220	81521
maqsatyn	174	14516
maqsatyna	173	14517
maqsatynyñ	228	91933
maqsatyña	184	24346
maqsatyñyz	212	68818
maqsatyñyzğa	213	69735
maqsūt	191	32877
maqta	167	5115
maqtady	203	52600
maqtaidy	197	41615
maqtaityn	210	64625
maqtaly	212	68857
maqtan	164	5905
maqtana	193	31220
maqtanady	212	67755
maqtanamyn	189	31223
maqtanamyz	203	52619
maqtanatyn	208	61394
maqtanu	209	62180
maqtany	209	5906
maqtanyp	164	9727
maqtanyş	190	5907
maqtanyşpen	213	70632
maqtanyştaryñ	221	83628
maqtanyşy	155	5908
maqtanyşym	196	39740
maqtanyşymyz	205	55809
maqtanğanym	217	77224
maqtanşaq	183	23994
maqtanşaqtyq	220	82162
maqtap	152	5116
maqtau	179	19261
maqtaular	212	68195
maqtauly	224	87357
maqtauğa	206	57081
maqtağan	194	37070
maqtaşy	223	86944
maqūl	231	94913
maqūrym	206	56176
mara	178	5680
marafon	154	5683
marafony	191	32259
marafonyma	221	83288
marafonyna	190	32261
marafonğa	175	15884
maral	231	43920
maralbek	213	70879
maraldan	217	77082
maraldy	210	43922
maraldyñ	198	43923
maralmen	215	73921
maralym	205	54967
maralğa	199	44534
marapat	187	27758
marapatqa	216	75535
marapattalady	210	63502
marapattaldy	197	41678
marapattary	224	65059
marapattaryñ	221	65060
marapattaryñyz	210	65062
marapattau	200	47048
marapaty	210	61413
marapatyñ	208	61414
marapatyñyz	215	73877
marat	231	19995
maratov	202	50489
maratpen	209	62391
maratqyzy	191	33828
maratta	217	77933
marattan	219	81380
maratty	206	19997
marattyñ	180	19998
maratūly	202	49430
mardan	181	21141
mardymdy	226	90108
mardymsyz	219	80150
marfuğa	206	57782
margansovka	218	79334
margarin	191	34049
margarita	191	33296
margo	182	22036
marha	207	35135
marhaba	192	35137
marhabbat	213	69401
mari	231	4705
marihuana	225	89291
mariia	151	4707
mariiam	231	73824
mariiamnyñ	215	73827
marik	218	79058
marina	231	91779
marinad	228	91780
marinovka	219	81179
mario	205	55719
marjan	231	60237
marjanda	211	67205
marjandai	220	81806
marjandar	219	80904
marjannan	208	60240
mark	231	10711
marka	185	25284
markasy	191	33089
markasyn	216	74945
marker	199	44357
market	175	10713
marketing	166	10716
marketke	196	41172
marketolog	198	43019
markette	200	19144
marketten	179	19145
marki	213	70291
markiz	226	89533
markke	213	70916
marko	173	14887
markova	220	82302
marks	195	39359
markske	229	93066
marlen	159	7302
marlenge	211	66491
marlennıñ	221	84020
marlia	228	91667
marmelad	185	24923
marmeladym	184	24925
marqaiyp	197	42065
marqūm	177	18154
marqūmnyñ	209	61804
mars	231	97099
mart	163	8975
marta	165	10173
martqa	193	36554
marttan	198	43873
marttyñ	205	56110
marusia	208	60564
marvel	197	41831
marvin	216	74713
marziia	185	25459
marğau	211	66370
marğūlan	169	12402
marş	199	11350
marşal	222	84593
marşrut	167	11353
marşrutpen	216	74833
marşrutqa	219	80745
marşrutta	208	60365
marşurt	227	90697
marşut	190	32479
marşutpen	218	78414
marşutta	209	62686
mas	231	813
masa	231	65301
masairağan	200	97731
masalar	225	89178
masanşi	210	65304
masaq	212	68400
masasy	219	81226
masat	220	82799
masaty	230	93996
masañ	225	88568
maska	126	815
maskalar	197	41598
maskamen	173	15063
maskany	180	20140
maskasy	191	33819
maskasyn	198	43429
maski	170	12759
maskünem	192	35329
maskünemdık	227	91251
maslihat	204	54117
masqara	231	95397
massa	231	1154
massaget	220	81962
massaj	130	1155
massajdan	204	52932
massajdyñ	189	30302
massajistka	224	87594
massalyq	181	21020
massasy	231	95614
massağan	189	31359
massiv	194	38139
mast	222	14461
master	231	14463
masterdıñ	223	85865
masterge	172	14465
masterler	210	65123
masturbasiia	193	36702
masştab	207	58078
mata	231	29834
matadan	188	29837
matador	224	87333
matalar	203	51352
matam	217	55175
matamen	205	55177
matanyñ	204	53795
matasy	231	52206
matasyn	203	52207
matağa	196	40832
matematika	106	222
matematikadan	231	95625
matematikalyq	167	11162
matematikany	231	97521
matemdı	231	96995
matemnan	231	97111
matemnen	231	95537
material	144	3116
materiala	187	28457
materialdan	191	33546
materialdar	231	20102
materialdardy	180	20104
materialdary	186	26424
materialdaryn	186	26850
materialdy	231	30764
materialdyq	231	96284
materialdyñ	189	30765
materializm	218	79716
materialov	184	24627
materialy	231	27786
materialyn	187	27787
materialğa	210	63564
materiia	204	54255
materiialyq	210	64779
materik	188	29816
materiktık	227	91394
matiz	198	42754
matka	186	26436
mator	231	48502
matordy	220	81964
matory	201	48503
matoryn	213	69459
matovyi	198	43674
matras	215	73369
matrisa	189	31298
matrisalyq	222	84652
matros	230	94464
maubas	231	96159
maulen	231	97414
mausym	231	34289
mausymdyq	192	34292
mavzolei	210	65452
mazaika	213	70236
mazala	221	11721
mazalady	224	75425
mazaladym	216	75426
mazalagan	230	72510
mazalaganyma	214	72513
mazalai	189	31350
mazalaidy	196	40321
mazalaityn	208	60356
mazalama	179	18682
mazalamaimyn	191	33338
mazalamaityn	220	82291
mazalamaiyn	178	18685
mazalamasyn	216	75251
mazalamañdar	214	71462
mazalamañyz	215	73208
mazalamaşy	214	72378
mazalap	231	96024
mazalaryñdy	213	69564
mazalasam	168	11724
mazalağan	200	19704
mazalağanym	179	19706
mazalağanyma	180	20117
mazalağym	216	74811
mazam	231	68026
mazamdy	231	96329
mazamyzdy	212	68030
mazany	231	97594
mazaq	231	14726
mazaqtai	204	53895
mazaqtaidy	211	66523
mazaqtama	217	76527
mazaqtap	173	14729
mazaqtau	223	86360
mazar	217	76610
mazasyn	231	96861
mazasyz	181	21255
mazasyzdanyp	185	26356
mazasyzdyq	221	83548
mazañ	184	13977
mazañdy	231	96046
mazañyz	216	13979
mazañyzdy	172	13981
mazda	179	19751
mazmūn	193	5179
mazmūndama	197	42146
mazmūndau	176	17259
mazmūndy	196	40775
mazmūndyq	202	49831
mazmūny	153	5180
mazmūnyn	158	6987
mazmūnyna	178	18335
mazmūnynyñ	198	43587
mazut	228	92005
mañaida	217	77110
mañaiynda	213	70506
mañdai	184	24650
mañdaily	229	92669
mañdaiy	206	43827
mañdaiyma	198	44076
mañdaiymnan	220	82467
mañdaiymyzğa	218	79500
mañdaiyn	222	43828
mañdaiyna	198	43829
mañdaiynan	201	48129
mañdaiyña	201	48304
mañdaiyñnan	211	66264
mañdaiğa	198	43367
mañdağy	219	80533
mañyna	206	57442
mañynda	187	28624
mañyndağy	204	53684
mañyzdy	231	26729
mañyzdylyğy	188	29905
mañyzdylyğyn	197	42284
mañyzdysy	186	26731
mañyzy	148	3956
mañyzyn	188	29302
mañğaz	224	87111
mañğystau	157	6890
mañğystauda	208	61094
mañğystaudyñ	209	62482
mañğystauğa	218	78845
mañğyt	229	93213
mağan	231	94704
mağanda	231	94885
mağjan	231	95527
mağlūmat	188	29480
mağripa	190	32225
mağyna	231	5666
mağynada	159	7587
mağynalas	197	41774
mağynaly	231	31580
mağynalyq	190	31581
mağynany	178	18435
mağynasy	231	5668
mağynasyn	154	5669
mağynasyna	184	24296
mağzūm	229	93305
maşaallah	231	97341
maşina	231	4450
maşinada	150	4452
maşinadan	179	19588
maşinalar	175	16164
maşinalary	195	39014
maşinalaryn	204	52797
maşinalaryñ	205	55725
maşinaly	230	94193
maşinam	174	15443
maşinama	204	52873
maşinamdy	184	25064
maşinamen	231	95384
maşinamyz	207	59385
maşinanyñ	157	6737
maşinasymen	176	16583
maşinasyn	162	8573
maşinasyna	187	27987
maşinasynda	201	48794
maşinasynyñ	196	39855
maşinasyz	210	64443
maşinañ	174	15472
maşinaña	208	60707
maşinañda	224	87178
maşinañdy	185	25758
maşinañmen	209	62900
maşinañyz	205	55187
maşinañyzdy	221	83630
maşinağa	155	6036
maşinist	208	60249
maşinka	231	63082
maşinkany	209	63084
maşinv	224	87805
maşiny	162	8538
maşyny	228	92099
maşyq	223	85708
maşyqtanu	222	85712
medbike	195	38915
medenova	203	51426
medesina	222	85012
medet	231	39879
medetke	196	39881
medetker	227	91263
medetpen	210	64730
medettı	213	44742
medettıñ	199	44743
medeu	231	16412
medeuge	175	16414
media	190	32390
mediator	221	83096
medik	166	10615
medikke	213	69578
medikter	207	58836
medina	139	2265
medinany	207	58140
medinağa	210	64374
medisina	163	7510
medisinada	199	44341
medisinalyq	159	7513
meditasiia	189	30501
medkolledj	210	63716
medosmotr	179	19488
medosmotrdan	217	76401
medosmotrğa	222	85535
medpunkt	211	66312
medrese	189	31387
medresede	201	48490
medresege	201	49177
medsestra	231	68236
medsestralar	212	68239
meduza	202	49683
medvejonok	202	50315
mefl	229	93058
mega	231	6438
megabait	156	6442
megabaity	205	53698
megabaitym	204	53699
megada	197	41925
megadan	214	72357
meganyñ	224	87697
megapolis	224	88116
megağa	196	40942
meh	231	10143
meha	204	10144
mehanik	189	10147
mehanika	173	10148
mehanikalyq	165	10151
mehanizmderı	204	53994
mehanizmı	178	18515
mehnat	225	88561
meilı	231	27713
meilınşe	187	27716
meiman	221	83021
meiram	156	6135
meirambek	231	95476
meiramda	223	86867
meiramdaryñ	228	91598
meiramdaryñmen	227	91601
meiramdaryñyz	228	92088
meiramhana	207	58422
meiramhanasy	229	93567
meiramkul	203	51252
meiramynyzben	226	89714
meiramyñ	214	60871
meiramyñmen	208	60874
meiramyñyzben	226	90308
meiramğa	212	68435
meirbek	189	30471
meirhan	200	47504
meirman	213	69348
meirımdı	168	11685
meirımı	227	90900
meiır	184	8960
meiırban	211	66793
meiırbek	231	96823
meiırbike	204	52667
meiırjan	231	73233
meiırjannyñ	215	73236
meiırlı	228	91819
meiırman	202	49776
meiırı	229	8961
meiırım	163	8962
meiırımdı	231	19181
meiırımdılık	179	19184
meiırımge	202	49996
meiırımmen	212	67586
meiırımsız	222	84893
meiırımı	196	40594
meiırımın	210	64803
meiırımıne	213	70417
meiız	205	54632
mejdu	231	95589
mekem	224	33728
mekemede	209	62770
mekemege	205	54367
mekemeler	191	33732
mekemelerde	213	69632
mekemenıñ	194	37383
mekemesı	200	46955
meken	231	20648
mekendegen	180	20653
mekendeitın	204	53017
mekendı	222	85179
mekenı	183	23452
mekenım	215	73307
mekkede	223	86998
meks	226	90267
mektebı	231	40010
mektebımız	215	43276
mektebımızdıñ	198	43279
mektebın	196	40011
mektebınde	231	97368
mektebınen	197	42159
mektebınıñ	231	96830
mektebıñ	210	64345
mektebıñdı	226	89860
mektem	206	57813
mektepaldy	191	33607
mektepke	231	94786
mekteppen	178	18396
mektepte	231	15829
mekteptede	202	50175
mekteptegı	231	71421
mekteptegıler	214	71424
mektepten	231	95229
mektepter	174	15830
mektepterde	190	32315
mektepterden	218	78720
mektepterdı	211	43628
mektepterdıñ	198	43629
mektepterge	197	42040
mektepterı	200	46461
mektepterınde	215	73066
mektepterıne	224	87161
mektepterıñ	223	86286
mekteptesız	198	43166
mekteptı	145	3389
mekteptıkı	211	65574
mekteptıñ	231	95376
mektepışılık	167	10936
mektepşılık	172	14383
mektkp	225	88574
meladze	217	77555
melodiia	179	19784
melodrama	187	28473
mels	200	47232
membrana	186	26489
memleket	138	2078
memleketaralyq	219	79870
memleketke	184	24186
memlekette	195	18775
memleketten	205	54923
memleketter	178	18776
memleketterdıñ	185	26286
memlekettermen	200	47086
memlekettı	184	6352
memlekettık	231	95110
memlekettılık	230	94306
memlekettıñ	156	6353
memleketı	154	5607
memleketın	191	9239
memleketınıñ	163	9241
memorandum	223	86652
men	231	69
mende	231	94702
mendegı	231	96187
mendık	231	47448
mendıksıñ	200	47451
menedjer	157	6499
menedjerge	215	73834
menedjment	187	28589
menen	231	6926
menende	158	6928
menia	79	71
meningit	210	64654
meninki	212	68290
meniu	231	82656
meniudı	220	82658
menmendık	228	92419
menol	229	92625
mensınbei	172	14042
mensınbeidı	200	46374
mensınbeisıñ	225	88659
mensınbeitın	208	60023
mensınbeuşılık	227	91526
mensız	231	91531
mensızge	227	91533
ment	231	38951
mentai	206	56468
mentke	213	69278
mentol	222	85804
mentpen	230	94085
menttar	212	68475
mentter	195	38954
menzurka	229	92700
menı	231	6380
menık	179	7269
menıkñ	221	84069
menıkı	231	7270
menıkıde	159	7272
menıkıler	203	52204
menıkımen	185	25848
menıkın	231	10598
menıkınde	175	10600
menıkındei	166	10601
menıkıne	170	13097
menıkınen	183	23013
menıkınıñ	196	40089
menım	231	27204
menıma	197	41599
menımde	198	44201
menımen	231	57048
menımende	206	57050
menımşe	186	27206
menıñ	231	6381
menıñkı	156	6383
menıñkın	186	27562
menıñşe	169	12404
menşık	155	5876
menşıktı	183	23278
mer	210	5231
merdıger	229	93480
merei	231	40376
mereide	205	54416
mereige	231	97588
mereika	196	40378
mereilım	196	40878
mereiı	211	66893
mereke	231	9533
merekede	213	70221
merekeden	220	82709
merekege	190	31572
merekelerıñ	204	54186
merekelerıñmen	211	66252
merekelerıñız	214	71868
merekelerıñızben	217	76297
merekelı	197	41553
merekem	219	71221
merekemen	214	71223
merekemız	228	92453
merekenı	205	43234
merekenıñ	198	43235
merekesı	173	14934
merekesımen	208	60363
merekesın	210	41974
merekesıne	197	41975
merekeñ	164	9534
merekeñmen	186	26755
merekeñız	180	20201
merez	219	81396
meri	231	81601
meridian	220	81605
merinos	230	93963
merkede	215	72717
merkege	207	58253
merkı	189	30807
merkıde	210	64344
merkıge	203	51296
mers	231	5232
mersedes	153	5236
mersi	190	32386
merske	211	66823
mert	205	55765
meruert	231	95040
merzım	192	16448
merzımde	200	46135
merzımdı	175	16450
merzımdık	211	66270
merzımge	197	41955
merzımı	231	43356
merzımın	198	43357
merzımınde	222	85763
merzımınen	210	64419
mesias	231	95754
mesiaşnyh	214	72664
mesiaşnyi	231	96854
messi	171	13571
messidıñ	227	91552
mestnye	215	73516
mestnyi	186	27366
mesto	231	69773
mestom	213	69774
metafizika	226	90499
metafora	186	26428
metal	182	8175
metaldar	173	15155
metaldardyñ	179	19794
metaldyq	205	54629
metall	161	8176
metalla	209	62444
metallurg	215	29998
metallurgiia	188	30001
metallurgiialyq	226	89427
metan	186	26904
meteorologiia	219	11341
meteorologiialyq	167	11344
metil	212	68889
metis	198	39583
metiska	195	39585
metka	209	63009
metod	176	17328
metodika	190	31431
metodist	191	34012
metodologiia	221	84253
metody	187	28336
metonimiia	205	55451
metr	231	33736
metrden	200	47454
metre	203	52254
metrge	191	33738
metrika	208	61240
metrikalyq	222	85462
metrke	211	67026
metrkesın	222	84687
metrlık	193	36456
metroda	230	93793
metropoliten	229	92783
metır	208	59937
metırke	222	85394
meutep	224	87299
mezette	197	42578
mezgıl	155	5856
mezgılde	174	15855
mezgıldı	213	70011
mezgıldık	229	92705
mezgılsız	213	69890
mezgılı	171	13741
mezgılınde	187	28803
mezolit	205	54502
mezosfera	223	85995
mezı	208	59677
meñgere	191	33627
meñgergen	190	31524
meñgertu	205	56118
meñgeru	176	16768
meñgerudıñ	223	86198
meñgeruge	197	41236
meñgeruı	211	66109
meñgeruşı	221	28903
meñgeruşısı	188	28905
meñgerıp	189	31389
meñzep	199	44650
meñıreu	224	87171
meşaet	181	21684
meşai	195	39318
meşel	224	88014
meşta	160	7913
meşte	217	76437
meştu	199	44986
meşty	173	15066
meşın	219	80417
meşıt	231	33564
meşıtte	231	37795
meşıttegı	223	86715
meşıttemın	226	90323
meşıtten	194	37796
meşıttı	215	33566
meşıttıñ	191	33567
meşıtı	196	40847
meşıtınde	224	87295
meşıtıne	223	86425
meşıtınıñ	217	78050
mhm	231	94801
mi	231	1989
mia	231	43528
miamia	198	43531
mida	189	30306
midan	203	51189
midy	231	18179
midyñ	177	18180
midı	191	33535
mifologiia	225	87557
mifologiialyq	224	87560
miftık	222	84494
migrasiia	199	44784
mihailovna	208	60382
mihrimah	205	56078
miia	231	36658
miialy	205	55013
miialyğa	214	71617
miiat	214	71560
miiaulap	193	36662
mikağa	214	71973
mikomen	200	46962
mikony	194	36288
mikonyñ	193	36289
mikoğa	193	36732
mikoş	159	7417
mikoşty	220	82884
mikra	214	13244
mikrafon	171	13247
mikrafondy	208	60542
mikraion	194	37511
mikraionda	225	88956
mikro	231	6000
mikrob	195	31907
mikrobiologiia	190	31915
mikrobtyq	228	92297
mikrofon	155	6003
mikrofondy	199	45632
mikroklimat	228	91809
mikrolit	221	84239
mikron	230	93952
mikroorganizm	227	91462
mikroprosessor	224	87777
mikroskop	198	43968
mikrovolnovka	202	49978
miks	231	24767
mikser	184	24769
miksermen	221	83554
milaia	231	95428
milan	187	28003
milana	231	95560
milanu	229	93172
milany	225	88806
milary	199	45237
milaryn	208	60645
milaryñdy	213	70332
milau	219	79942
milaşka	144	3064
milaşkam	186	26971
milena	205	54593
milisiia	178	18343
milisiiağa	210	64574
mill	200	1991
miller	213	69288
milliarder	222	84811
millimetr	227	91342
million	137	1994
milliona	211	66611
milliondap	213	70414
milliondar	218	79374
milliondağan	196	41139
milliondy	219	80539
millioner	169	12348
millionerler	213	70872
millionerşa	218	78589
millionnan	200	46537
milliony	211	65890
millionğa	189	31313
millon	202	49678
mim	231	55837
mimika	205	55840
mineral	205	19216
mineraldy	179	19218
mineraldyq	201	48515
mini	149	4083
minimaldy	202	49893
minimalizm	223	86931
minimum	231	96418
ministr	181	21313
ministrler	207	58473
ministrlıgı	186	27520
ministrlıgınıñ	207	58319
ministrlık	210	65035
ministrı	199	45789
ministrınıñ	215	74005
minuska	199	45519
minusovka	201	49091
minusqa	196	41044
minusta	214	72015
minustar	219	80510
minustaryn	220	82793
minusty	215	74358
minusy	174	15696
minusyn	202	50766
minut	231	14915
minuttyn	222	84628
minuttyq	173	14918
minuttyñ	203	51986
mioglobin	230	94205
mir	231	27615
mirany	221	83718
miras	231	27617
miraspen	198	43500
mirasqa	188	29590
mirasta	202	50023
mirastan	206	57719
mirasty	186	27619
mirat	191	32729
mirağa	208	61298
miru	200	97732
miss	231	76598
missionerlık	217	76606
mister	231	96919
mistika	220	81644
mitingke	222	84696
miua	213	69272
miualy	221	83286
miy	231	4676
miym	231	4677
miyma	231	96757
miymda	194	37160
miymdy	151	4679
miymyz	187	28062
miymyzdy	206	57121
miyna	180	20086
miynda	196	40476
miyndy	178	19059
miynyñ	201	48907
miyñ	231	31363
miyña	189	31364
miyñda	214	71341
miyñdy	231	96617
miyñnan	212	67605
miyñyz	205	41232
miyñyzdy	197	41234
miğa	231	97093
miğūla	225	89133
mişa	231	89473
mişari	226	89475
mişka	231	96818
mişurin	219	80001
mişyq	207	58685
mke	211	67040
mknia	213	70593
mljet	218	79456
mln	126	827
mm	72	23
mobil	205	55657
modasy	200	47161
modelı	192	34696
modelın	202	50030
moderasiia	215	73188
moderator	181	21783
modern	213	52889
modernizasiia	204	52896
modernizasiialau	229	92685
moduliasiia	224	87060
modulı	209	62377
mogile	227	90676
mohito	219	80238
moia	200	97735
moienez	199	44482
moika	231	55242
moikada	208	60434
moikağa	205	55244
moinaq	217	76976
moinym	195	33289
moinyma	191	33290
moinymda	202	50506
moinymdy	212	67652
moinyna	180	20283
moinynan	198	42650
moinynda	199	45778
moinyndağy	225	89105
moinyñ	214	42312
moinyña	197	42313
moinyñda	217	76689
moinyñdy	215	73831
moinyñnan	210	63571
moiyma	207	43572
moiymai	198	43573
moiyn	169	12555
moiynan	230	93847
moiynda	198	16275
moiyndady	200	46246
moiyndai	193	32626
moiyndaidy	213	69286
moiyndaimyn	190	32629
moiyndamai	197	41610
moiyndamaidy	206	56352
moiyndap	175	16276
moiyndau	193	36074
moiyndağan	194	36986
moiyndağanda	209	61686
moiyndağyñ	226	89798
moiyndaşy	229	92725
moiyndy	211	66006
moiyndyq	227	90722
moiynnan	221	83072
moiyny	199	45151
moiynğa	199	45119
mojei	225	89060
mojna	133	1450
molaitu	211	67000
moldanazar	220	81458
moldasy	226	90079
moldağūlova	198	43758
moldaşev	230	94092
molekulaaralyq	230	93901
molekulalyq	231	97230
molekulasy	190	31472
molekulasyndağy	203	51990
molekulasynyñ	195	38509
moliany	218	75740
molianyñ	216	75741
moliarlyq	175	16050
molibden	225	88524
molodes	231	94759
molynan	184	24892
molyraq	215	72869
momaqan	221	84221
moment	231	16092
momenty	175	16093
momyşūly	231	96436
monah	224	87052
monarh	204	49342
monarhiia	202	49345
monarhiialyq	220	82635
moneta	185	25108
mongol	181	20861
mongoliia	205	55467
monika	198	44240
monitor	193	16858
monitoring	176	16861
monografiia	219	80333
monokl	200	97734
monolit	217	77944
monolog	185	26173
monopoliia	217	76918
monstr	179	19664
montaj	151	4630
montajdap	181	21743
montajdau	197	41202
monter	230	93864
monument	215	38826
monumentı	195	38827
monğol	192	34344
monğoldar	204	52808
monşa	231	6150
monşada	196	17007
monşadan	176	17008
monşaqty	214	71829
monşağa	156	6152
moped	221	83849
moratorii	226	89989
morfema	222	85417
morfologiia	197	25588
morfologiialyq	185	25591
morgenştern	178	18495
moriak	226	89586
mort	213	70045
morşin	218	79312
moskva	167	11370
moskvada	201	48228
moskvadan	216	75479
moskvağa	210	63491
moskviş	225	89304
most	180	20739
mostqa	222	85319
mosttan	213	70842
mosy	229	93246
motivasiia	145	3276
motivasiialyq	185	25690
motivator	209	61641
motorly	217	76996
motory	212	68570
motosikl	183	23215
motosiklmen	223	86801
mozaika	201	48351
mozg	170	13085
moñğol	171	13786
moğolstan	207	59270
mujikom	219	80344
mukaltin	195	39500
mukanova	193	36277
muliaj	218	79159
multfilm	171	13480
mumbai	229	92723
mumiia	218	79287
murat	231	33447
murata	226	90309
muratbaeva	203	51561
muratbek	191	33450
muratova	198	43888
muratqa	222	84879
murattyñ	219	79919
musaeva	196	40841
musina	204	53836
muslim	172	14394
muslimova	222	84456
muss	225	71775
musson	214	71777
mustafa	231	97566
mustafina	198	43941
mustang	205	54402
mutasiia	204	52727
muzart	187	28660
muzei	176	17265
muzeide	210	64066
muzeidıñ	219	80268
muzeige	196	39993
muzeiı	209	61655
muzvka	221	84119
muzykadan	181	21848
muzykalar	175	16021
muzykalardy	204	53530
muzykalary	210	64708
muzykalyq	161	8423
muzykamen	187	28562
muzykant	186	27561
muzykany	161	8104
muzykanyñ	181	21625
muzykasy	231	71409
muzykasyn	231	97096
muzykasyz	214	71410
muzykañdy	229	92962
muzykağa	182	22814
muzyku	231	95471
myju	221	83339
myjyp	231	96390
myjyñ	191	33042
myljyñ	210	63987
myltyqty	217	77093
mynadai	132	1329
mynadan	148	3980
mynalar	136	1765
mynalarda	199	45618
mynalardy	157	6698
mynalardyñ	178	18921
mynalarmen	212	68494
mynalaryn	220	81981
mynalaryñ	199	45611
mynalarğa	186	26638
mynamen	184	24109
mynany	231	2353
mynanyda	186	26800
mynanyñ	140	2354
mynasy	213	69319
mynau	79	78
mynauda	163	9369
mynaudy	205	54607
mynaumen	186	26386
mynausy	198	43228
mynauyñ	161	8148
mynauyñyz	217	76854
mynağan	134	1472
mynağanda	208	60648
myndai	151	4638
myndamyn	202	49821
myq	209	15617
myqtap	192	34583
myqty	231	15619
myqtybek	204	53663
myqtylar	204	53949
myqtylyq	222	84678
myqtymyn	204	53071
myqtysy	212	15621
myqtysyz	201	48774
myqtysyñ	174	15622
myqyn	202	49817
myrtyq	226	90216
myrzabai	200	46979
myrzabek	175	16183
myrzabekova	215	74194
myrzahmet	205	54823
myrzalar	186	26687
myrzatai	201	48281
mys	231	2247
mysal	139	2249
mysaldar	174	15861
mysaly	231	34509
mysalyğa	192	34511
mysalğa	160	7683
mysalğy	214	71792
mysqyl	229	74469
mysqyldap	215	74472
mystan	184	25048
mysty	215	74455
mysy	215	17299
mysyq	231	17300
mysyqpen	207	58793
mysyqqa	192	35205
mysyqtai	229	93555
mysyqtan	203	51360
mysyqtar	194	37397
mysyqty	176	17302
mysyqtyñ	186	27455
mysyğy	202	50782
mysyğym	231	96975
mysyğyñ	202	50812
myzy	219	80474
myzğymas	216	75342
myzğyp	220	82743
myñ	231	1849
myñbai	212	67753
myñdağan	184	24094
myñdyq	189	30728
myñjyldyq	199	45544
myñmen	197	41818
myñnan	145	3326
myñnyñ	183	23662
myñq	198	43295
myñqyldap	217	77532
myñynşy	229	93521
myñğa	137	1851
myñğyrlap	222	85602
myğym	213	69284
mä	93	131
mädeni	149	4214
mädeniet	231	12937
mädenietke	199	44720
mädenietsız	226	90170
mädeniettanu	195	38720
mädeniettı	170	12939
mädeniettılık	219	80830
mädeniettıñ	180	20377
mädenietı	231	17024
mädenietın	181	17025
mädenietıne	198	43964
mädenietınıñ	176	17027
mädi	231	66916
mädidıñ	211	66919
mäiıt	225	89375
mäjbür	180	20147
mäjbürlep	204	53363
mäjbürleu	208	60435
mäjnün	214	71496
mäjılıs	184	24199
mäjılıste	201	49194
mäke	231	34165
mäkeñ	192	34166
mäkeñnıñ	223	85862
mälımdeme	210	64634
mälımet	231	6449
mälımetke	217	77196
mälımetter	156	6452
mälımetterdı	167	11234
mälımettermen	206	56203
mälımettı	231	97662
mämıle	217	77408
mämılege	228	91719
män	231	2865
mändes	197	42390
mändı	164	9463
mäner	224	4554
mänerlep	151	4557
mänerleu	226	89808
mänerlı	213	69605
mängı	187	27932
mäni	218	79059
mänma	212	68623
mänsız	216	75751
mäntı	208	60706
mänı	143	2866
mänın	153	5255
mänınde	172	14071
mänıne	203	52458
mänısı	173	14740
mänısın	210	65138
mänşük	231	89194
mänşüktıñ	225	89197
mäpelep	209	61764
mär	221	14252
märe	206	57741
märesıne	223	86981
märiia	218	47723
märiiam	201	47724
märmär	190	32285
märt	216	14253
märte	172	14254
märtebe	202	30633
märtebelı	211	66864
märtebesı	189	30635
märtebesın	194	38029
märtebeñ	214	71450
märttık	222	85031
märziia	215	74199
mäsele	142	2714
mäselede	220	82232
mäselege	186	26656
mäseleler	172	14276
mäselelerdı	174	15513
mäselelerdıñ	195	38623
mäselelerı	179	19160
mäselelerın	185	26165
mäselen	231	12414
mäselenı	169	12415
mäselenıñ	188	29502
mäselesı	164	9690
mäselesımen	215	73321
mäselesın	181	21028
mäselesınde	218	78808
mäselesıne	200	47233
mäskeude	214	72078
mäslihat	217	76622
mässağan	231	95869
mästek	217	76305
mäsı	178	18427
mäsıh	221	83757
mätel	231	19376
mätelder	179	19379
mätın	231	7625
mätındı	231	30278
mätındık	189	30279
mätınge	174	15794
mätınnıñ	159	7628
mätını	172	14202
mätının	175	16482
mäu	228	43175
mäue	227	91212
mäuelı	228	92003
mäulen	198	43178
mäulet	221	84023
mäulıt	210	63427
mäz	231	52885
mäzbın	209	62866
mäzsıñ	204	52888
mäzır	208	61088
mäzırı	210	63807
mäñgı	231	95645
mäñgılık	231	95730
mäşhür	206	56460
mäşine	207	58306
möldır	231	43213
möldırdı	198	43215
möldıregen	231	96749
möldırep	205	55543
möldırmen	206	57318
mölşer	206	15548
mölşerde	231	97258
mölşerlı	228	92455
mölşerı	231	15549
mölşerımen	212	68110
mölşerın	174	15550
mölşerınde	208	61225
mör	199	44388
möñke	205	55638
mübäräk	231	95188
müdde	209	42787
müddelerın	198	42792
müddelı	204	54241
müddesı	209	45387
müddesın	199	45388
müddesıne	211	66155
müfti	227	90757
mügedek	186	26998
mügedekter	213	70928
mügedekterge	221	83163
mügedektık	227	91476
müiız	188	29277
müiızdı	212	67877
müiıztūmsyq	208	60612
mük	229	93219
mülde	231	93886
müldem	231	95088
müldep	230	93887
mült	230	77966
mültıksız	217	77971
mümkın	231	886
mümkındıgı	231	22556
mümkındıgım	203	51693
mümkındıgın	189	22557
mümkındıgıne	205	56121
mümkındıgınşe	182	22559
mümkındıgıñ	207	41766
mümkındıgıñız	197	41768
mümkındık	127	889
mümkındıkter	190	27878
mümkındıkterdı	208	61007
mümkındıkterge	222	85006
mümkındıkterı	187	27879
mümkındıkterın	190	31488
mümkındıktı	185	25999
mümkınşılıgı	213	70920
mümkınşılık	199	44655
mümın	215	73993
müsäpır	219	79878
müsätır	229	92987
müsılım	209	62591
müsın	190	31719
müsınder	200	97736
müsındeu	197	41286
müsındı	226	90221
müsınşı	230	94632
müsırepovtyñ	227	91174
müşe	231	24788
müşelden	219	80490
müşeler	231	24791
müşelerı	231	24792
müşelerın	184	24793
müşelerıne	190	31786
müşelerınıñ	231	97183
müşelge	215	73289
müşelık	228	91778
müşenı	204	53937
müşesı	231	29116
müşesın	189	29117
müşesıne	199	45232
müşesınıñ	188	29119
müşeñ	217	76419
müşkıl	224	87839
mınbe	222	85714
mındetteme	209	63118
mındetter	192	23709
mındetterdı	188	28986
mındetterı	231	23710
mındetterın	183	23711
mındetteu	230	94177
mındettı	231	94967
mındetı	231	41719
mındetım	197	41720
mındetımız	206	57476
mındetıñ	213	69255
mındetıñdı	227	90804
mındık	208	61340
mındım	231	97636
mıne	231	2290
mıneiın	220	81937
mınekei	195	39477
mıneki	212	67882
mınesıñ	201	48053
mınez	231	2291
mınezben	216	74748
mınezdeme	231	97073
mınezderı	194	38096
mınezderıñ	215	73745
mınezdeu	208	59840
mınezdı	231	65106
mınezdıñ	210	65107
mınezge	212	67526
mınezı	139	2292
mınezım	231	19105
mınezımdı	178	19107
mınezıme	188	29569
mınezın	231	97124
mınezıñ	231	66468
mınezıñmen	211	66471
mınezıñnen	223	86708
mıngı	225	88526
mınsem	218	78150
mınseñ	214	72507
mınu	199	45578
mınuge	208	60231
mınäsär	218	79184
mını	231	3719
mınıp	147	3720
mınıs	215	72710
mūgalım	208	59926
mūhammed	152	5096
mūhammedjan	197	41505
mūhammedtıñ	217	77699
mūhit	231	42820
mūhitqa	213	69751
mūhittyq	223	86865
mūhittyñ	198	42823
mūhity	205	55741
mūhtar	231	82266
mūhtarğa	220	82268
mūnai	164	9708
mūnaily	190	32189
mūnaima	206	57143
mūnar	195	38613
mūnara	204	53435
mūnda	231	1799
mūndai	136	1800
mūndaida	212	67911
mūndaidy	201	48627
mūndağy	177	18219
mūny	157	6494
mūnyñ	163	9327
mūnşa	196	40565
mūnşalyqty	223	86149
mūqaba	221	83930
mūqan	178	19054
mūqanovtyñ	221	83643
mūqağali	166	10586
mūqiiat	135	1656
mūqtaj	174	15336
mūqtajdyq	223	86670
mūqtar	190	32174
mūqyr	214	71915
mūra	171	1826
mūragerlık	210	65242
mūrajaiy	190	32450
mūrajaiğa	203	51669
mūrany	220	81819
mūrap	220	82536
mūrasy	186	27200
mūrasyn	200	46079
mūrat	136	1827
mūratbek	184	24064
mūrathan	210	64149
mūratpen	220	82684
mūratqa	193	36787
mūratqyzy	197	42088
mūratta	224	88124
mūratty	212	31755
mūrattyñ	190	31756
mūraty	193	36229
mūratyñ	229	93575
mūrağat	206	56670
mūrja	208	61162
mūrny	231	16468
mūrnym	175	16469
mūrnyma	208	61513
mūrnymdy	207	58890
mūrnymnan	207	59378
mūrnyn	184	24387
mūrnyna	197	42369
mūrnynan	198	42945
mūrnynyñ	219	80118
mūrnyñ	186	27203
mūrnyñdy	201	49217
mūrnyñnan	216	76100
mūrt	191	32713
mūrttai	229	92797
mūrtty	208	60823
mūrty	203	52428
mūryn	160	8006
mūrynboq	216	74672
mūryndy	202	50189
mūryndyq	205	56072
mūrynnan	199	44433
mūrynnyñ	206	57158
mūryny	210	65346
mūrynym	225	88429
mūrynğa	196	40128
mūrşa	202	50202
mūsa	157	6739
mūstafa	231	96542
mūstafin	218	79667
mūsylman	231	29252
mūsylmandar	188	29255
mūsylmandardyñ	208	60663
mūsylmandarğa	208	61558
mūsylmandyq	205	55676
mūsylmanmyn	209	62583
mūsylmannyñ	203	51121
mūsylmanğa	211	66536
mūsylmanşa	206	57234
mūtyp	210	64940
mūz	146	3575
mūzart	222	85405
mūzbalaq	224	87524
mūzdai	162	8734
mūzdap	185	25610
mūzdatqyş	216	75373
mūzdy	177	18148
mūzdyq	220	82303
mūñ	231	10532
mūñaidyñ	228	92121
mūñaima	166	10536
mūñaimai	214	71030
mūñaimañyz	200	46645
mūñaimaşy	206	56501
mūñaiyp	179	19231
mūñaiğan	205	55689
mūñaiğanda	219	81391
mūñdy	175	16059
mūñly	204	52951
mūñlyq	229	93160
mūñsyz	213	69621
mūñy	204	39882
mūñymdy	202	49581
mūñyn	196	39883
mūñğa	195	39523
mūğalima	222	84775
mūğaljar	197	41802
mūğalım	231	3121
mūğalımde	211	3123
mūğalımder	144	3124
mūğalımderde	214	43867
mūğalımderden	198	43868
mūğalımderdı	190	16420
mūğalımderdıñ	175	16421
mūğalımderge	168	11577
mūğalımdermen	201	47968
mūğalımderı	166	10387
mūğalımderın	210	22730
mūğalımderıne	182	22731
mūğalımderınıñ	203	52323
mūğalımdı	190	31871
mūğalımdık	213	70415
mūğalımge	163	8988
mūğalımmen	180	20737
mūğalımmın	201	48562
mūğalımnen	186	27567
mūğalımnıñ	156	6131
mūğalımsız	212	67985
mūğalımı	152	4934
mūğalımım	212	68875
mūğalımıne	200	46975
mūğalımınıñ	211	67071
nabieva	218	79277
naebal	212	67391
naebşik	225	89312
naiman	231	13993
naimandar	172	13996
naimanka	200	47331
naimannyñ	206	57085
nait	207	58882
naizağai	183	23255
namaz	231	10986
namazda	186	26375
namazdan	191	33972
namazdar	229	80634
namazdaryñ	225	80636
namazdaryñyz	219	80638
namazdağy	229	92900
namazdy	179	19208
namazdyñ	202	50623
namazhan	188	29830
namazy	171	13803
namazym	218	42170
namazymdy	197	42172
namazyna	190	32095
namazynan	206	57653
namazynda	218	78630
namazynyñ	207	59649
namazyñdy	213	69510
namazyñyz	220	81849
namazğa	167	10988
namys	169	12212
namysqa	200	46977
namyssyz	216	75454
namystanyp	201	49223
namysty	197	41271
namysy	190	31647
namysym	196	38934
namysyma	195	38935
namysyna	196	40823
namysyñ	209	61696
namysyña	217	76909
namysyñdy	226	89626
namysşyl	206	56755
nan	231	13129
nanmen	195	38375
nannan	209	62912
nannyñ	198	42896
nansyz	213	70875
nanu	230	94543
nany	231	13130
nanym	197	42075
nanymdy	210	64833
nanyn	170	13131
nanyñ	172	14178
nanyñdy	217	76885
nanğa	176	16948
naobort	226	90230
naqaq	227	91014
naqty	231	14480
naqtylap	185	25213
naqtylau	191	33096
naqtyly	193	35777
naqtylyq	216	75111
naqtyraq	196	39945
naqtysy	214	14482
naqtysyn	172	14483
naqyl	172	14447
naqyş	220	81633
naqyşty	225	88594
naqūrys	218	79460
nar	231	5717
narazy	218	79512
narbota	224	87843
nargiz	231	64189
nargiza	231	96088
nargizge	210	64191
narhoz	205	55364
nariad	180	20796
nariadnyi	226	89833
nariadqa	216	74941
nariadta	202	49621
nariman	162	8910
narkenje	199	44824
narkes	216	75163
narkesken	227	90903
narkotikalyq	176	17050
narkoz	231	72420
narkozben	214	72423
narodnyi	154	5722
narodnyidan	203	50987
narodnyiğa	202	50434
narqyz	202	49745
naruta	190	31487
naruşaia	226	89522
narymda	222	85426
naryn	182	22081
narynqol	199	45099
narynqolğa	217	76268
naryq	197	21487
naryqqa	216	74573
naryqtağy	218	78615
naryqty	214	21489
naryqtyq	181	21490
naryqtyñ	215	73633
naryğy	197	41839
narşa	226	90280
narūl	222	84956
nasihat	181	20935
nasiliia	217	77114
nasos	231	97114
nasr	207	58967
nastia	231	95722
nastroikadan	189	30833
natali	214	71428
nataşa	172	14390
natr	212	68477
naua	227	91463
naualy	230	94264
naubaihana	227	91092
nauqas	231	57020
nauqastar	206	57023
nauqastardyñ	215	73471
nauqastyñ	231	97266
nauryzbaeva	211	66055
nauryzbai	231	96341
nauryzda	231	64664
nauryzdan	210	64665
nauryzdağy	212	67954
nauşa	214	72435
nauşnikte	216	75072
naverhu	212	68872
navigasiia	215	72768
nazar	231	3990
nazarbaev	231	12092
nazarbaeva	231	97422
nazarbaevtyñ	169	12095
nazarbek	194	37884
nazarlaryñyzğa	166	10505
nazarynda	148	3994
nazben	216	75691
nazdan	215	73274
nazdy	207	59641
nazdyñ	210	65120
nazeke	220	81404
nazerke	231	42456
nazerkede	213	54875
nazerkeden	205	54876
nazerkemen	197	42459
nazgul	231	79847
nazgulge	219	79849
nazgulia	219	80948
nazgüldıñ	210	64214
nazgülge	212	68725
nazko	231	97268
nazlo	206	56976
nazly	193	36094
nazym	127	921
nazymdy	199	44478
nazök	199	45083
nazöş	224	87967
nazğa	204	52911
nağaşy	231	8782
nağaşybai	206	57174
nağaşylar	183	23915
nağaşylary	200	28131
nağaşylarym	187	28132
nağaşylaryna	206	56965
nağaşylaryñ	219	80393
nağaşylarğa	221	83811
nağaşym	162	8783
nağaşyma	211	66274
nağaşymnyñ	189	30561
nağaşynyñ	205	56060
nağaşysy	197	41315
nağaşysynyñ	214	71906
nağaşyña	220	82510
nağaşyğa	219	80443
nağima	231	77025
nağimanyñ	217	77028
naşaqor	229	68012
naşaqorlyq	212	68015
naşar	231	17160
naşarlap	176	17163
naşarlau	197	41908
naşarma	213	70018
nebärı	183	23428
nebır	178	19004
neden	231	95217
nedji	196	40039
nefrit	209	61780
neg	195	6788
nege	231	94701
negr	170	12596
negra	224	87874
negız	231	6790
negızde	192	9568
negızdeledı	195	39451
negızdelgen	164	9572
negızdeme	227	91316
negızderı	164	9751
negızderın	196	40390
negızdeu	211	65961
negızdı	208	59367
negızdık	207	59368
negızge	190	31790
negızgı	231	94914
negızsız	220	82539
negızı	231	6791
negızın	157	6792
negızınde	231	95612
negızınen	159	7494
nehui	207	14326
nehuia	172	14327
neimar	197	42022
neirohirurgiia	225	88547
neitron	197	42035
neke	231	52166
nekeden	212	68347
nekelı	219	81372
nekelık	223	85986
nekemızdı	224	87589
neken	227	91175
nekesız	203	52169
neler	173	14699
nelerdı	214	72054
nelerıñ	192	35417
nelıkten	231	95831
nemen	231	64872
nemene	231	81035
nemenege	231	95616
nemeneñe	219	81037
nemenge	210	64874
nemere	231	13042
nemerege	211	66546
nemereler	231	19296
nemerelerdıñ	193	36034
nemerelermen	218	78829
nemerelerı	196	19297
nemerelerım	207	59263
nemerelerımen	223	86545
nemerelerın	210	42521
nemerelerıne	212	68829
nemerelerınıñ	197	42523
nemerelerıñ	185	19298
nemerelerıñnıñ	191	32866
nemerelerıñız	191	19300
nemerelerıñızdıñ	179	19303
nemerem	172	14164
nemeremdı	210	63504
nemereme	202	49846
nemeremnıñ	208	61561
nemeremız	227	91334
nemerenıñ	199	45538
nemeresı	170	13044
nemeresın	197	41214
nemeresıne	206	57637
nemeresınıñ	201	48923
nemereñ	181	20846
nemereñnıñ	190	32345
nemereñız	188	27543
nemereñızdıñ	186	27546
nemese	231	94781
nemqūraidy	229	93201
nemqūraily	197	41878
nemıs	174	15765
nemıster	211	66247
nemısşe	222	84793
nemız	205	54884
nenı	231	94846
nenıñ	231	95748
neologizm	193	36047
neon	195	38249
neqyldy	190	31626
neqyldyñ	197	41673
nera	224	87083
nesepnär	217	77797
nest	119	531
nesteiın	231	97171
nestkp	226	90259
nesı	231	89800
nesıbelı	231	89804
nesıbelınıñ	226	89807
nesın	231	95876
nesıne	231	95877
netken	231	96259
nevada	224	87483
neñ	231	43255
neñbar	207	58831
neñdı	208	59855
neñız	198	43257
neüşın	231	96108
neğyp	231	95112
neğūrlym	175	15944
neşe	87	113
neşede	231	94790
neşeden	231	96217
neşedesıñ	231	96574
neşegedeiın	216	75768
neşelerde	231	96616
neşeme	227	90633
neşenıñ	227	90603
neşesı	231	65495
neşesınde	214	72286
neşesıne	231	65497
neşesınen	211	65498
neşetürlı	203	51883
neşeu	231	30439
neşeuı	189	30440
neşeuın	197	42586
neşınşı	231	94909
nhu	224	87207
ni	106	206
nibud	212	68040
niet	231	9457
nietpen	168	11865
niette	201	19770
niettenıp	197	42470
nietter	225	19771
nietterı	215	19772
nietterıñ	179	19773
nietterıñdı	227	91163
nietterıñe	208	60185
nietterıñız	189	31164
nietterıñızdı	224	87943
nietterıñızge	218	79386
niettı	206	57216
niettıñ	229	92837
nietı	183	9458
nietım	185	25488
nietımen	208	59790
nietımmen	212	68006
nietımız	203	52006
nietımızdı	220	81490
nietın	199	44061
nietıne	198	44062
nietıñ	231	9459
nietıñdı	215	73458
nietıñe	164	9460
nietıñmen	217	77882
nietıñqabyl	225	89410
nigara	197	41944
nihuia	231	96471
niiazbek	204	53246
niiazova	215	72747
nijnem	210	64837
nikita	176	16846
nina	184	24418
nindzia	190	31747
ninzia	214	71956
nitrat	227	90987
niuans	225	89129
niva	176	16776
nizam	217	77990
nizami	217	77991
nnt	226	90529
noayi	224	87548
nobai	186	27625
noian	206	57439
nokaut	213	69677
noma	221	83986
nomenklatura	215	73757
nominaldy	226	90355
noqta	214	72557
norm	82	96
normalau	226	90522
normaltno	229	92929
normağa	195	39094
notariusqa	213	70567
noutbuk	231	20727
noutbukpen	180	20730
noutbukqa	212	69150
noutbukta	196	38723
noutbuktan	195	38724
noutbukte	213	69559
noutbukty	187	28369
noutbuktyñ	210	63978
noutbuktı	219	81321
noutta	199	45574
nouttan	201	49026
noutty	207	58469
novokain	200	47412
novvi	220	82314
noğai	192	34252
noğatyq	221	83701
nps	228	92521
numerologiia	191	33667
nurahmet	215	74140
nuraidyñ	226	89702
nuraimen	214	71088
nuraiym	198	43394
nurali	231	89940
nuralige	226	89942
nuraly	189	31130
nurasyl	231	96412
nurbaev	230	93935
nurbaqyt	223	86291
nurbek	231	96192
nurbol	153	5409
nurbolat	231	96165
nurboldy	219	80924
nurboldyñ	226	89675
nurbolğa	222	85401
nurdaulet	231	95790
nureke	231	82969
nurekeñ	221	82970
nurgali	190	32233
nurgalieva	204	53393
nurgeldi	224	87122
nurgeldı	219	80841
nurgul	231	95993
nuri	231	447
nuriddin	200	46067
nurik	115	448
nurikte	209	61835
nurikten	209	61836
nurikty	211	66603
nuriktı	194	37736
nurila	231	96731
nuriman	212	68198
nurislam	231	96716
nuriğa	228	91855
nurjaina	223	86814
nurjan	231	71291
nurjandy	220	81927
nurjanov	217	71293
nurjanova	214	71294
nurjanğa	225	89187
nurjas	209	61811
nurken	170	12625
nurlan	231	71008
nurlana	220	82685
nurlandy	221	83453
nurlanmen	222	85317
nurlannyñ	220	82088
nurlanovna	214	71012
nurlanğa	219	80695
nurlyhan	214	72213
nurmanova	215	74189
nurmat	225	88918
nurzada	211	67228
nurzi	228	92599
nutri	216	75345
nymşa	219	80866
nysana	184	24226
nysanaly	216	74754
nysandary	200	46695
nysany	188	29149
nyñ	125	779
nyğaitu	186	26422
nyğmet	207	58696
nyğmetı	230	94248
nyşan	197	41871
nyşany	201	48567
näbi	198	43717
näpsı	204	53552
näpsını	221	83922
näpsıñdı	223	85854
näpıl	208	61549
näreste	186	26888
närestege	221	83653
närestelık	226	90129
närestenıñ	200	47250
närlı	224	87870
närse	231	1855
närsede	210	16542
närseden	175	16543
närsege	144	3179
närseler	157	6691
närselerden	210	64438
närselerdı	167	11443
närselerdıñ	210	64283
närselerge	190	31824
närselerın	214	72582
närsemdı	203	52523
närsemen	190	32617
närsenı	137	1857
närsenıñ	169	11974
närsesı	199	43349
närsesın	198	43350
närseñ	209	48423
närseñdı	201	48425
näruyz	195	39297
närımen	216	75443
näski	178	19023
näsıl	222	84786
näsıldı	229	92745
näsıp	231	94963
nätije	231	4010
nätijege	187	28856
nätijelerı	189	31158
nätijelerın	193	36555
nätijelerıne	221	83638
nätijelı	191	33004
nätijesı	158	4012
nätijesın	171	4013
nätijesınde	149	4015
nätijesız	221	83927
näubet	209	61879
näzerke	193	36748
näzıgım	205	55255
näzık	152	5012
näzıktık	220	81713
näzır	217	77521
nökıs	214	71801
nöl	231	50159
nöldık	221	83227
nölge	202	50161
nömır	132	1382
nömırde	189	30261
nömırdı	171	13693
nömırge	154	5439
nömırmen	200	46640
nömırı	231	2807
nömırım	186	14590
nömırımdı	173	14592
nömırın	143	2808
nömırıne	198	42995
nömırıñ	192	33027
nömırıñdı	231	97222
nömırıñızdı	191	33031
nöser	206	57296
nükte	231	14571
nüktege	202	49291
nüktelı	205	55329
nüktenı	201	15934
nüktenıñ	175	15935
nüktesı	173	14573
nüktesın	196	37494
nüktesıne	194	37495
nürken	231	86367
nürkennıñ	223	86370
nıl	211	66351
nūqsan	209	62088
nūqyp	229	93127
nūr	231	12471
nūrahmet	188	29185
nūrai	231	35295
nūraidan	202	50414
nūraika	192	35297
nūraiym	231	96659
nūrali	177	17750
nūraly	171	13731
nūrasyl	231	95298
nūrağa	211	65644
nūrbaqyt	231	78536
nūrbaqyttyñ	218	78539
nūrbek	231	51482
nūrbekke	203	52171
nūrbektı	214	51484
nūrbektıñ	203	51485
nūrbergen	189	30756
nūrbi	205	21003
nūrbibı	181	21005
nūrbike	209	63164
nūrbol	231	44291
nūrbolat	231	62941
nūrbolatqa	212	67742
nūrbolattyñ	209	62944
nūrboldy	211	44293
nūrboldyñ	199	44294
nūrbolmen	215	73477
nūrbolğa	201	47730
nūrda	204	53901
nūrdana	231	96686
nūrdaulet	231	95333
nūrdyñ	209	62725
nūrdäulet	231	96641
nūreke	231	83189
nūrekeñnıñ	221	83193
nūrgül	231	48264
nūrgüldıñ	201	48267
nūrgülge	204	53705
nūrgülmen	223	86750
nūrhan	231	50849
nūrhandy	221	84197
nūrhannyñ	214	71487
nūrhanym	202	50851
nūrhat	231	97569
nūriia	199	45379
nūrislam	231	57852
nūrislamnyñ	207	57855
nūrjaina	191	33434
nūrjamal	231	96505
nūrjan	231	30346
nūrjandy	202	50083
nūrjanmen	210	64525
nūrjannan	216	75836
nūrjannyñ	192	34095
nūrjanov	201	47612
nūrjanğa	189	30348
nūrjas	199	45063
nūrjau	199	44574
nūrjauğan	212	68517
nūrjol	210	64405
nūrjıgıt	231	96307
nūrkeldı	187	28765
nūrlan	231	32666
nūrlandy	211	65603
nūrlanmen	215	74297
nūrlannyñ	192	35122
nūrlanqyzy	191	32670
nūrlanyp	219	80599
nūrlanğa	196	40035
nūrly	231	34898
nūrlybai	194	37213
nūrlybek	231	75590
nūrlybektıñ	216	75593
nūrlyhan	192	34901
nūrmahan	231	97612
nūrmūhamed	231	97350
nūrmūhammed	197	42167
nūrotan	206	56451
nūrotannyñ	230	94110
nūrotanğa	222	85307
nūrpeiıs	210	63548
nūrpeiısov	215	73287
nūrperzent	207	59157
nūrqanat	231	97540
nūrqasym	200	47058
nūrsaia	231	96338
nūrsat	181	21438
nūrsatqa	215	73219
nūrsatta	213	69317
nūrseiıt	199	44715
nūrserık	182	22332
nūrsezım	231	97004
nūrsäule	189	30878
nūrsūltan	231	94945
nūrsūlu	231	81560
nūrsūludyñ	220	81563
nūrsūluğa	222	85254
nūrtai	231	97451
nūrtas	231	95432
nūrtuğan	191	33529
nūrtöre	191	33910
nūrtılektıñ	230	94454
nūrtıleu	231	97296
nūry	231	26726
nūrym	231	80435
nūrymnyñ	219	80438
nūryn	186	26727
nūryna	216	76197
nūrzada	190	31484
nūrzat	169	12474
nūrzatqa	226	90021
nūrziia	206	56989
nūrädıl	177	18057
nūrğali	231	96558
nūrğazy	182	22252
nūrğisa	231	83688
nūrğisanyñ	221	83691
nūrşat	231	78347
nūrşattyñ	218	78350
nūsqa	231	13794
nūsqalar	208	46989
nūsqalardy	220	82607
nūsqalary	200	46990
nūsqalaryn	215	72947
nūsqany	181	21845
nūsqanyñ	214	72214
nūsqasy	171	13796
nūsqasyn	173	14539
nūsqau	193	36037
nūsqaulyq	193	36040
nūsqauşy	230	94642
oazis	216	75832
obal	231	40301
obalar	224	87136
obalyna	196	40304
obalyñ	203	51759
obama	209	62046
oblys	231	1159
oblysqa	184	24421
oblysta	194	32445
oblystan	190	32446
oblystyq	231	96362
oblystyñ	197	41401
oblysy	130	1160
oblysyna	209	49761
oblysynan	202	49762
oblysynda	180	20396
oblysyndağy	204	53707
oblysynyñ	174	15776
obrazdy	207	58107
obrazsom	229	93163
obyr	225	88898
odaq	190	31531
odaqtas	212	69064
odaqtyq	215	73829
odağai	205	54650
odağy	180	20394
odağyna	221	82912
odağynyñ	182	21922
odevaetsia	218	78189
odnoklasniki	211	66019
offlain	171	13378
ofis	231	7727
ofisant	231	76662
ofisantka	217	76664
ofiser	160	7729
ofisiant	206	57512
ofiske	172	13923
ofisqa	194	37638
ofistan	213	70142
ofisten	209	61735
ofistıñ	226	89849
ofisy	219	80398
ofitser	200	97740
ogromnogo	210	64093
ogromnym	212	67987
ohrane	191	33824
ohranu	212	69151
oi	231	439
oian	231	2616
oiana	188	29501
oianady	196	40022
oianatyn	210	64840
oianbai	197	42247
oiandy	182	14716
oiandym	173	14717
oiandyñ	192	35298
oiansam	202	49589
oianu	203	51331
oianyp	141	2618
oianyñdar	215	73496
oianğan	189	31211
oianğanda	198	43066
oiatady	205	55612
oiatasyñ	216	75007
oiatatyn	200	46389
oiatpa	220	69332
oiatpai	213	69333
oiatpasa	222	85450
oiatqan	209	62204
oiatsam	217	77433
oiatsañ	230	94079
oiatty	195	38650
oiattym	212	67805
oiatu	187	28851
oiatudy	222	85177
oiatuğa	210	65018
oiatyp	153	5276
oiatyñyz	219	80029
oiatşy	191	34021
oiau	231	21413
oiaumyn	202	49571
oiausyz	214	72223
oiausyñ	181	21416
oiaz	221	84096
oibai	231	94838
oibu	127	856
oida	151	4801
oidağy	213	12046
oidağydai	169	12049
oidy	167	11373
oidyñ	189	31086
oilady	175	2528
oiladym	141	2529
oiladyq	207	59590
oiladyñ	172	14117
oiladyñyz	203	51687
oilai	231	1231
oilaidy	154	5581
oilaimyn	131	1234
oilaimynda	218	79032
oilaimyz	196	40104
oilaisyn	165	10105
oilaisyndar	203	51270
oilaisyz	165	10314
oilaisyzdar	184	24474
oilaisyñ	231	20284
oilaisyñba	231	97467
oilaisyñdar	180	20287
oilaityn	157	6606
oilaityndai	218	78365
oilaitynmyn	194	38077
oilaityny	217	77613
oilaitynyñ	227	91029
oilaitynyñdy	229	93366
oilaiyq	211	66737
oilama	148	3876
oilamadym	170	12898
oilamadyñ	213	69747
oilamai	231	17993
oilamaidy	180	20009
oilamaimyn	177	17996
oilamaisyz	206	57369
oilamaisyñ	178	18804
oilamaityn	193	35531
oilamappyn	172	14145
oilamasai	214	72488
oilamasam	217	77601
oilamasañ	215	73583
oilamasyn	211	66575
oilamau	206	56386
oilamauğa	209	61864
oilamañdar	202	49653
oilamañyz	191	33497
oilamağan	177	18004
oilamaşy	211	66283
oilan	147	442
oilana	172	14494
oilanady	204	53089
oilanaiyn	196	40760
oilanaiyq	204	53155
oilanamyn	200	46904
oilanamyz	211	65981
oilanar	214	71116
oilanasyñ	206	56456
oilanatyn	182	22636
oilanbai	167	11408
oilanbaidy	217	77134
oilanbaisyñ	219	80835
oilanbastan	199	44415
oilandy	215	19132
oilandym	178	19133
oilandyratyn	221	83357
oilandyryp	190	31867
oilandyñ	194	38171
oilandyñyz	209	61962
oilansa	216	36338
oilansai	193	36339
oilansam	213	70766
oilansañ	217	76778
oilansyn	211	66933
oilanu	231	38313
oilanuym	219	80478
oilanuğa	195	38315
oilanyp	115	444
oilanyñdar	203	51993
oilanyñyz	197	42506
oilanğan	203	51192
oilanşy	192	34412
oilap	231	40081
oilappyn	196	40084
oilapta	216	75647
oilapty	217	76407
oilar	163	9223
oilardan	215	73068
oilardy	203	52364
oilarmen	222	84845
oilary	181	17814
oilarymdy	208	60557
oilaryn	183	23425
oilaryna	207	58161
oilaryndy	210	64354
oilaryñ	188	17815
oilaryñdy	177	17817
oilaryñyz	206	32619
oilaryñyzdy	190	32621
oilarğa	221	84142
oilas	230	18821
oilasa	187	18822
oilasada	219	80096
oilasam	231	96128
oilasañ	178	18823
oilasañda	199	44570
oilasañyz	206	57033
oilastyru	206	56559
oilastyryp	186	27525
oilasu	223	86513
oilasyn	203	51102
oilasyp	189	30321
oilau	154	5748
oilaudan	223	86736
oilaudy	203	42156
oilaudyñ	197	42157
oilaumen	210	64900
oilauy	205	54930
oilauym	205	55658
oilauğa	182	22764
oilauşy	202	50601
oilañdar	215	74496
oilañyz	201	48580
oilañyzşy	213	70559
oilağam	231	95726
oilağan	145	3295
oilağanbyz	211	66175
oilağanda	204	17489
oilağandai	177	17490
oilağanmyn	185	25742
oilağannan	199	44420
oilağany	204	41555
oilağanym	197	41556
oilağanyn	222	85128
oilağanyñ	206	57416
oilağym	202	50636
oilaşy	193	35830
oily	177	18230
oimaq	217	76826
oimauyt	222	84548
oimen	161	8406
oina	155	1816
oinada	221	83440
oinady	178	15009
oinadym	173	15010
oinadyq	183	23375
oinadyñ	196	41070
oinai	231	1817
oinaidy	141	2513
oinaimyn	160	7965
oinaimyz	231	95320
oinaimyş	226	90225
oinaisyn	136	1820
oinaisyndar	201	49126
oinaisyñ	231	95549
oinaityn	141	2541
oinaityndar	177	18261
oinaiyn	173	14538
oinaiyq	149	4161
oinaiyqta	196	40295
oinaiyqşy	190	31785
oinama	154	5634
oinamai	231	8460
oinamaiaq	214	71716
oinamaidy	180	20234
oinamaimyn	161	8463
oinamaisyñ	188	29173
oinamaityn	186	26521
oinamaly	226	89830
oinamasai	208	61160
oinamağanda	225	88768
oinamaşy	205	55391
oinap	231	79016
oinapty	218	79018
oinaq	223	86129
oinaqtap	228	92115
oinaqy	228	92086
oinasa	183	22161
oinasam	231	97448
oinasaq	193	35652
oinasañ	182	22162
oinasañda	212	68037
oinasyn	186	27324
oinata	201	47759
oinatady	207	59505
oinatamyz	210	63820
oinatatyn	210	64429
oinatqan	226	90094
oinatu	207	58981
oinatuğa	223	85934
oinatylady	198	43232
oinatyp	166	10909
oinau	231	4639
oinaudy	195	39551
oinauğa	151	4641
oinauşy	203	52596
oinañdar	203	51109
oinağan	157	6556
oinağanda	178	18923
oinağandy	198	43236
oinağym	172	14331
oinağysy	200	46089
oinağyñ	199	45305
oipaty	229	93234
oiran	217	76984
oirat	212	67571
oitürtkı	217	77731
oiyl	193	35821
oiylda	217	76624
oiylyp	199	45323
oiylğa	208	61555
oiym	135	1667
oiyma	159	7273
oiymda	160	7876
oiymdağy	201	48548
oiymdağydai	212	68606
oiymdağyny	218	79496
oiymdy	158	6989
oiymen	198	44145
oiymmen	208	60458
oiymnan	170	12812
oiymnyñ	210	63617
oiymyz	181	21045
oiymyzda	217	77169
oiymyzdy	190	32210
oiymşa	149	4106
oiyn	231	3141
oiynda	159	3143
oiyndar	144	3144
oiyndardy	186	27265
oiyndary	172	14405
oiyndağy	201	49206
oiyndy	146	3456
oiynmen	202	50797
oiynnan	165	10213
oiynnyñ	167	11232
oiynsyz	216	75077
oiyny	157	6728
oiynynyñ	192	34669
oiynyñ	185	25649
oiynğa	153	5208
oiynşa	187	28446
oiynşy	172	5068
oiynşylar	188	29337
oiynşylary	214	71864
oiynşyq	152	5069
oiynşyqpa	222	85118
oiynşyqqa	217	76388
oiynşyqtar	189	30054
oiyp	181	20877
oiyq	197	41506
oiys	216	74585
oiyñ	145	3374
oiyña	178	18324
oiyñda	185	25117
oiyñdağy	210	59062
oiyñdağydai	215	72779
oiyñdağyny	207	59064
oiyñdy	159	7468
oiyñmen	202	50745
oiyñnan	188	29441
oiyñnyñ	214	71872
oiyñyz	170	12964
oiyñyzda	206	57131
oiyñyzdan	218	79213
oiyñyzdy	186	26820
oiyñyzğa	207	58638
oiyñyzşa	209	61755
oiyñşa	191	33684
oiğa	164	9403
oişa	194	37864
oişyl	198	42714
ok	200	36250
okeanarium	227	91391
okisleniia	216	74930
okrug	198	36253
okrugı	193	36254
okrugınıñ	217	77885
oksid	207	41212
oksidı	197	41213
oksidın	220	56224
oksidınıñ	206	56226
okyğan	194	37230
okınıp	211	67054
ol	231	603
olai	231	28706
olaida	187	28708
olar	231	868
olarda	134	1514
olardada	215	73376
olardan	154	5608
olardy	231	51116
olardyda	203	51118
olardyñ	231	67946
olardyñda	212	67948
olarmen	148	3858
olarsyz	204	53862
olarğa	127	870
olda	231	94834
oldimda	218	78512
oldovskii	230	94327
olenia	218	78927
olia	231	93789
oliağa	230	93791
olimp	231	606
olimpiada	121	610
olimpiadadan	189	30184
olimpiadalyq	202	50687
olimpiadağa	144	3039
oliviia	216	74752
olja	183	23632
oljabai	198	44204
oljaly	212	68578
oljas	231	32843
oljaspen	200	47247
oljasqa	192	34785
oljasta	210	62636
oljastan	209	62637
oljasty	194	32845
oljastyñ	191	32846
oljeke	201	48681
oljik	189	31036
omar	231	17810
omardyñ	209	62235
omarhan	205	55268
omarova	177	17813
omaş	228	92207
omby	201	48980
omega	160	7900
omon	185	25879
omonim	231	96402
omsk	219	81235
omylai	209	62729
omyrtqa	180	20034
omyrtqaly	201	49104
omyrtqalylar	215	73041
on	231	5129
onad	211	66334
ondaiym	231	97544
ondaiyñ	205	55885
ondaiyñdy	207	58574
ondaiğa	153	5134
ondağan	199	45657
ondağy	175	16171
onds	207	57965
onkolog	210	32102
onkologiia	190	32105
onkologiialyq	219	80153
onkologiiağa	227	91624
onkündık	226	90399
onlain	231	14690
onlainda	173	14692
onlasn	191	33626
ontologiia	223	86858
onyñ	231	94733
onyñda	231	97126
onşalyqty	221	84327
onşaqty	207	58350
opaq	223	86694
opasyz	211	56382
opasyzdyq	206	56385
opat	226	90276
opera	231	27660
operalyq	217	77762
operasiiada	215	73270
operasiialyq	186	27667
operasiiamen	213	69688
operasiiany	207	58938
operasiiasy	204	52790
operasiiağa	231	96885
operativtı	215	73803
operator	231	58894
operatorlar	215	74330
operatorlyq	220	82609
operatory	207	58895
optika	199	37973
optikalyq	194	37976
optimaldy	228	91835
optimist	216	75672
optimizm	230	94537
opyq	210	65333
oq	154	1215
oqap	226	90469
oqasy	231	94765
oqasyz	231	96453
oqi	135	1518
oqidy	134	1520
oqimyn	147	3650
oqimyz	143	2965
oqisyz	181	21359
oqisyñ	231	27759
oqisyñdar	187	27762
oqityn	137	1919
oqityndar	187	28826
oqiyq	189	30174
oqiğa	157	6700
oqiğadan	210	64892
oqiğalar	171	13830
oqiğalardy	174	15572
oqiğalary	205	55921
oqiğaly	228	91789
oqiğany	189	26866
oqiğanyñ	186	26867
oqiğasy	186	26780
oqiğasyz	201	49204
oqjetpes	222	85283
oqqağar	207	58625
oqtai	221	82908
oqtau	202	49456
oqty	221	84318
oquda	169	8338
oqudamyn	218	79534
oqudan	161	8339
oqudyñ	173	14524
oqular	209	58258
oqulary	207	58259
oqularyna	223	86306
oqularyñ	214	71856
oqulyq	161	8411
oqulyqtar	200	47529
oqulyqty	181	21690
oqulyğy	200	47506
oqulyğyn	209	62012
oqumen	208	61540
oquy	177	15486
oquym	178	18990
oquyma	208	60996
oquymdy	189	30745
oquymnyñ	222	85605
oquyn	174	15487
oquyna	188	29552
oquynyñ	213	69761
oquyñ	183	20386
oquyña	206	56802
oquyñdy	180	20388
oquyñyz	219	80791
oquğa	231	95160
oquşy	231	2452
oquşydan	182	21963
oquşylar	231	2455
oquşylarda	194	29838
oquşylardan	188	29839
oquşylardy	154	2457
oquşylardyñ	140	2458
oquşylarmen	181	21154
oquşylary	156	6397
oquşylarym	181	21527
oquşylaryma	209	63299
oquşylarymnyñ	210	65040
oquşylaryn	195	21185
oquşylaryna	186	27468
oquşylarynyñ	181	21187
oquşylaryñ	203	38343
oquşylaryñyz	195	38345
oquşylaryñyzdy	209	61737
oquşylaryñyzdyñ	210	64233
oquşylaryñyzğa	212	68363
oquşylarğa	147	3675
oquşym	171	13264
oquşymnyñ	209	61675
oquşyny	170	4723
oquşynyñ	151	4724
oquşysy	144	2979
oquşysymyn	199	44289
oquşyñyz	207	58081
oquşyğa	162	8584
oqy	231	1216
oqyda	219	80560
oqydy	156	3394
oqydym	145	3395
oqydyq	182	22178
oqydyñ	158	7037
oqydyñdar	203	52267
oqydyñyz	190	32545
oqyidy	196	40931
oqyimyn	200	46183
oqyisyñ	205	55751
oqyityn	202	50291
oqyiyn	214	72336
oqylady	187	28317
oqylatyn	189	30254
oqyldy	205	55486
oqylmai	213	70398
oqylu	220	42678
oqyluy	198	42679
oqylym	171	13213
oqylyp	207	59538
oqylğan	195	38348
oqyma	184	3471
oqymady	185	17784
oqymadym	177	17785
oqymadyñ	199	44926
oqymai	146	3472
oqymaiaq	217	78044
oqymaidy	231	97318
oqymaimyn	193	36768
oqymaisyñ	180	20127
oqymaityn	186	26926
oqymappyn	206	57308
oqymasam	204	54188
oqymasañ	193	36601
oqymağan	175	16130
oqymysty	174	15218
oqyp	231	54006
oqypty	204	54008
oqyr	207	16487
oqyrman	175	16490
oqyrmandar	192	35047
oqyrmandarğa	207	58315
oqys	198	12331
oqysa	170	12332
oqysai	169	12333
oqysam	173	14663
oqysamda	215	74354
oqysaq	191	33156
oqysañ	170	12761
oqysañda	217	59546
oqysañdar	207	59547
oqysañyz	196	40408
oqysyn	171	13549
oqyt	194	2156
oqyta	187	26387
oqytady	186	26389
oqytaiyn	205	55164
oqytamyn	196	39870
oqytamyz	188	28892
oqytatyn	186	27573
oqytqan	191	33761
oqytty	207	58163
oqyttym	212	67582
oqytu	138	2157
oqytuda	196	40185
oqytudy	188	11596
oqytudyñ	168	11597
oqytuğa	187	28218
oqytuşy	183	23864
oqytuşylar	200	46614
oqytuşylyq	230	94321
oqytylatyn	212	68806
oqytylyp	209	63384
oqytyp	152	4872
oqyñdar	166	10781
oqyñyz	175	16258
oqyñyzdar	196	40375
oqyñyzşy	204	53002
oqyğan	131	1219
oqyğanbyz	212	68633
oqyğanda	170	12699
oqyğandar	198	43179
oqyğandy	195	39478
oqyğanmyn	200	47470
oqyğannan	198	44190
oqyğany	197	41812
oqyğanym	205	56064
oqyğanyñ	205	54750
oqyğanğa	206	56814
oqyğym	170	12913
oqyğysy	198	43312
oqyğyñ	200	46677
oqyşy	185	25605
oqşau	185	25882
oqşaulau	207	58806
or	157	1135
orai	231	40800
oraida	196	40802
oraidy	216	74608
orailas	228	91680
oraityn	212	68610
oraiy	217	77568
oralady	195	38608
oralam	208	61149
oralbai	191	32994
oralbek	184	24996
oralda	231	20991
oraldamyn	230	93815
oraldan	181	20992
oraldağy	214	71235
oraldy	195	38388
oraldym	214	72005
oraldyñ	196	40106
oralhan	180	20719
oralma	212	29418
oralmaidy	214	71218
oralmaimyn	224	87610
oralman	188	29419
oralmandar	215	73715
oralmas	221	84302
oralsa	217	77886
oralsyn	191	33836
oralu	206	57744
oraluy	210	64693
oraluyña	221	83882
oralymdy	228	91887
oralyp	187	28173
oralyñdar	227	90822
oralğa	231	42950
oralğan	198	42951
oralşy	212	69158
oram	214	20424
orama	184	20425
oramal	231	20426
oramalda	213	39760
oramaldar	196	39761
oramaldağy	215	73431
oramaldy	180	20428
oramaldyñ	210	64392
oramalmen	186	27322
oramalsyz	213	70703
oramaly	200	31007
oramalym	218	79093
oramalymdy	221	83656
oramalyn	196	40716
oramalyñ	189	31008
oramalyñdy	222	84637
oramalğa	205	55790
oramdy	202	50787
orap	231	96222
orasan	189	30205
oraz	231	20171
oraza	231	25406
orazalaryñ	216	51834
orazalaryñyz	203	51836
orazaly	185	25408
orazamdy	216	75726
orazamyn	216	76054
orazany	210	65005
orazasy	230	82745
orazasyn	220	82746
orazasyñ	227	91575
orazañyz	212	67943
orazağa	215	73938
orazbaev	214	47342
orazbaeva	200	47343
orazbai	180	20174
orazbek	231	79034
orazbekov	218	79036
orazdy	217	65607
orazdyñ	211	65608
orazgeldı	205	54788
orazhan	186	27229
orazova	208	60678
orazymbetova	214	72000
orazğa	216	75916
orbita	192	34149
orda	231	15987
ordabek	201	47649
ordada	184	24151
ordadan	190	32652
ordaly	222	85337
ordanyñ	193	35880
ordasy	177	17639
ordağa	175	15989
orden	214	71050
order	228	92403
ordy	220	82535
orenburg	210	64963
oreo	198	42880
orfoepiia	203	40676
orfoepiialyq	196	40679
orfografiia	197	21374
orfografiialyq	181	21377
organ	231	6422
organdar	182	21107
organdardyñ	186	26442
organdary	181	21108
organdarynyñ	187	28154
organika	207	6425
organikalyq	156	6428
organizasiia	185	25203
organizator	180	20138
organizm	167	11224
organizmder	185	26243
organizmderdıñ	190	31676
organizmge	191	32788
organizmnıñ	177	17944
organnyñ	207	58241
organy	182	21885
organynyñ	226	89955
orhon	206	57046
orifleim	160	8004
orifleimde	210	64146
original	231	39429
originaly	195	39430
orkestr	184	24567
orly	225	89316
orman	168	11520
ormandy	200	46697
ormannyñ	210	63753
ormanova	217	77565
ormansyz	224	87578
ormanşy	227	91007
ornaidy	218	79045
ornalasady	178	18629
ornalasqan	231	95361
ornalasty	202	23785
ornalastyru	183	23787
ornalastyryp	194	38065
ornalastyñ	217	77172
ornalasu	189	16364
ornalasuy	175	16365
ornalasyp	186	26456
ornata	210	63575
ornatqan	207	58601
ornatty	200	46422
ornatu	176	16625
ornatuğa	197	42499
ornatylğan	194	37141
ornatyp	181	21537
orny	231	11255
ornym	189	11702
ornyma	231	95953
ornymda	182	22497
ornymdy	191	32886
ornymen	168	11704
ornymnan	187	28519
ornymyz	212	68303
ornymyzğa	219	80320
ornyna	231	11257
ornynan	167	11258
ornynda	231	95981
ornynyñ	200	47044
ornyqqan	211	66258
ornyqty	199	45398
ornyña	231	97246
ornyñda	188	29128
ornyñdy	187	28814
ornyñnan	204	53917
ornyñyz	190	32256
ornyñyzda	215	73652
ornyñyzğa	203	52590
ortalaryna	208	61435
ortalarynda	203	52033
ortalaryñ	204	45929
ortalaryña	208	59898
ortalaryñda	200	45931
ortalyq	231	17369
ortalyqqa	177	17371
ortalyqta	188	29158
ortalyqtan	197	41988
ortalyqtary	198	43847
ortalyqtağy	224	87575
ortalyqtyñ	203	52338
ortalyğy	152	4833
ortalyğyn	208	29410
ortalyğyna	190	31791
ortalyğynan	208	61070
ortalyğynda	192	34438
ortalyğyndağy	229	93075
ortalyğynyñ	188	29412
ortamyz	207	6725
ortamyzda	157	6727
ortamyzğa	180	20119
ortan	204	9336
ortany	175	9337
ortanyñ	163	9338
ortanğy	216	75796
ortanşy	203	51641
ortanşysy	218	78115
ortaq	231	21838
ortaqpyn	181	21841
ortaqpyz	191	33048
ortaqtasyp	209	61575
ortasy	231	6044
ortasymen	212	67765
ortasyn	177	6045
ortasyna	155	6046
ortasynan	175	16060
ortasynda	231	21738
ortasyndağy	181	21740
ortañda	226	89846
ortañğy	171	13688
ortağa	231	95683
ortaşa	231	95539
orvi	191	33937
orym	210	64491
oryn	231	1137
orynbaev	214	58363
orynbaeva	207	58364
orynbai	185	25329
orynbasar	231	96365
orynbek	181	21250
orynbekov	226	90414
orynbor	176	17219
orynda	231	1139
oryndady	163	9353
oryndadym	231	95212
oryndai	231	1140
oryndaidy	162	8811
oryndaimyn	163	9280
oryndaimyz	130	1143
oryndaisyn	192	35367
oryndaisyz	205	55987
oryndaityn	167	11328
oryndaiyn	173	15001
oryndala	163	6156
oryndalady	156	6158
oryndalar	219	79891
oryndalatyn	162	8914
oryndaldy	147	3708
oryndalmai	189	31333
oryndalmaidy	202	49637
oryndalmaityn	210	63957
oryndalmağan	181	21159
oryndalsa	201	47776
oryndalsyn	231	95907
oryndalu	185	24674
oryndaluy	184	24675
oryndaluyn	192	35044
oryndaluyna	200	46616
oryndalyp	165	10297
oryndalğan	168	11561
oryndam	221	10117
oryndamai	165	10119
oryndap	231	94779
oryndar	165	10082
oryndardy	195	38597
oryndary	169	11977
oryndaryna	191	33515
oryndarynda	192	34777
oryndarynyñ	192	34865
oryndaryñ	206	56321
oryndaryñyz	213	69737
oryndarğa	196	40027
oryndasañ	165	10317
oryndatu	215	74255
oryndau	132	1378
oryndauy	201	48290
oryndauynda	212	67732
oryndauğa	156	6404
oryndauşy	189	30090
oryndauşylyq	202	49616
oryndauşysy	210	64776
oryndağan	137	1922
oryndağy	207	59605
oryndaşy	208	60345
oryndy	231	16960
oryndyq	176	16961
oryndyqqa	197	41588
oryndyqta	206	56339
oryngül	196	39700
orynkül	198	42865
orynmen	206	57648
orynnan	200	47445
orynsyz	177	17693
oryntai	201	47918
oryny	187	26764
orynyma	214	71631
orynyna	186	26766
orynynan	218	78656
orynynda	212	67350
orynğa	159	7470
orynşa	174	15721
oryp	206	56865
orys	231	10390
orysqa	198	42852
orystan	204	53557
orystandyru	220	82770
orystar	166	10393
orystarda	217	76625
orystardan	217	77336
orystardy	208	32415
orystardyñ	190	32416
orystarmen	209	62338
orystarğa	206	56932
orysty	205	23331
orystyñ	183	23332
orystıldı	223	85973
orysşa	231	23701
orysşada	213	63341
orysşadan	209	63342
orysşalap	218	78836
orysşam	198	43619
orysşany	199	45706
orysşasy	183	23703
orysşasyn	196	41110
orysşağa	190	31996
orğa	225	88933
orşa	201	48036
osal	190	31551
osaq	216	74843
osetin	229	93352
oskenson	222	84740
osmii	221	84038
osndailar	201	47758
ospan	170	13114
ospanova	180	20459
ostanovkağa	198	43838
osteomielit	212	67618
ostorojen	221	83031
osy	231	1056
osyda	231	64011
osydan	231	94932
osydağy	210	64013
osylai	231	51082
osylaida	203	51084
osylar	231	1957
osylarda	204	16940
osylardan	176	16941
osylardy	137	1959
osymen	132	1348
osynau	194	37225
osynda	231	12536
osyndai	231	12537
osyndaida	171	13181
osyndaidan	197	41554
osyndaidy	180	20778
osyndailar	169	12540
osyndailardan	218	78491
osyndailardy	182	21872
osyndailarğa	208	61300
osyndaisyñ	216	74960
osyndaiyn	215	73607
osyndaiyñ	222	85662
osyndaiğa	193	36002
osyndamyn	178	18635
osyndamyz	207	58477
osyndasyñ	216	75388
osyndağy	193	36308
osynnan	200	45952
osyny	231	1058
osynyñ	129	1059
osynşa	162	8884
osynşalyq	226	70196
osynşalyqty	213	70198
osyp	182	21970
osyru	228	91872
osyğan	231	29955
osyğanda	188	29957
otabek	218	78353
otaldyru	219	80426
otalyp	200	46279
otan	231	17911
otanasy	223	86132
otanda	207	59388
otandy	200	17913
otandyq	177	17914
otannan	219	80315
otannyñ	201	48083
otansyz	214	71758
otansüigıştık	227	91125
otany	192	34171
otanym	231	97342
otanyn	200	47485
otanyna	206	56167
otanğa	184	24216
otanşyldyq	214	72476
otaq	221	84070
otar	190	26127
otarbaev	226	87347
otarbaeva	224	87348
otarda	221	82928
otarlau	185	26130
otarlyq	202	49898
otarğa	216	75277
otarşyl	216	37514
otarşyldyq	194	37517
otau	231	82401
otauğa	220	82403
otağasy	174	15209
otbasy	231	7286
otbasylar	204	45712
otbasylardyñ	215	74087
otbasylaryna	217	76852
otbasylaryñ	199	45714
otbasylaryña	205	54525
otbasylaryñyz	212	47531
otbasylaryñyzğa	200	47533
otbasylarğa	206	56515
otbasylyq	159	7289
otbasym	231	18325
otbasyma	193	36535
otbasymda	190	32512
otbasymdy	184	24499
otbasymen	178	18327
otbasymmen	192	34464
otbasymnan	215	73598
otbasymnyñ	196	41079
otbasymyz	185	25668
otbasymyzben	185	26183
otbasymyzda	206	56221
otbasymyzdyñ	200	45979
otbasymyzğa	210	63451
otbasyn	164	9787
otbasyna	169	12162
otbasynan	189	31332
otbasynda	167	11330
otbasyndağy	181	21241
otbasynyñ	171	13380
otbasyñ	231	13069
otbasyña	231	95957
otbasyñda	196	40270
otbasyñdy	201	47556
otbasyñmen	181	20979
otbasyñnyñ	188	29925
otbasyñyz	170	13071
otbasyñyzben	201	48704
otbasyñyzda	212	68731
otbasyñyzdy	223	57528
otbasyñyzdyñ	206	57529
otbasyñyzğa	231	96495
otbasyğa	191	33439
otel	222	85399
otpuskağa	231	97507
otpuskka	224	87764
otpuskke	200	46272
otpuskqa	226	90261
otpuskta	215	73013
otpuskte	214	72089
otpuskı	220	58853
otpuskıde	215	73850
otpuskıge	207	58855
otqa	231	96954
otriadqa	202	50233
otsy	222	84911
ottama	182	22425
ottamai	194	37137
ottamasyn	210	63963
ottamaşy	215	74162
ottap	231	73584
ottapsyñ	215	73587
ottar	230	94152
ottegı	173	14787
ottek	231	41688
ottektıñ	197	41691
ottiajka	175	16250
oty	231	168
otynan	218	79238
otyndyq	221	83391
otyr	231	169
otyra	231	2266
otyrady	231	95174
otyraiyn	164	9694
otyraiyq	231	61670
otyraiyqta	212	68973
otyraiyqşy	209	61672
otyramda	218	79029
otyramyn	149	4127
otyramyz	139	2269
otyrar	161	8292
otyrarmyz	217	77608
otyrasyz	171	13276
otyrasyzdar	203	51105
otyrasyñ	154	5596
otyrasyñdar	189	30582
otyratyn	231	95325
otyrdyq	169	12052
otyrdyñ	176	17125
otyrdyñdar	196	39822
otyrdyñyz	208	60179
otyrganda	192	34998
otyrm	100	170
otyrma	151	4568
otyrmai	169	12595
otyrmaidy	184	24201
otyrmaimyn	188	29685
otyrmaimyz	199	45821
otyrmaisyñ	202	49273
otyrmaityn	191	33906
otyrmaiyn	214	70989
otyrmaiyq	216	76005
otyrmas	213	64375
otyrmasa	210	65331
otyrmasam	215	74212
otyrmasyn	210	64377
otyrmau	218	78681
otyrmağan	213	70025
otyrmyn	231	94719
otyrsa	164	6806
otyrsada	214	72216
otyrsai	192	34655
otyrsam	157	6807
otyrsamda	211	66883
otyrsaq	177	18188
otyrsañ	174	15219
otyrsañyz	188	29358
otyrsañyzdar	199	45549
otyrsañşy	230	94298
otyrsyz	149	4164
otyrsyzdar	175	16110
otyrsyñ	231	7010
otyrsyñdar	158	7013
otyrudan	218	79592
otyruym	194	38201
otyruymyz	213	70390
otyruyñ	217	77147
otyruğa	168	11767
otyruşy	191	32682
otyrvp	226	90419
otyryqşy	185	25772
otyryqşylyq	216	74745
otyrys	231	20065
otyrysqa	180	20067
otyrysta	185	25474
otyrystaryñ	207	58488
otyrysty	198	43576
otyrysy	193	25285
otyrysyn	199	25286
otyrysynda	185	25288
otyrysynyñ	230	94076
otyrysyñ	216	75439
otyryñ	204	7202
otyryñdar	158	7205
otyryñyz	172	13862
otyryñyzdar	172	13865
otyrğam	165	10325
otyrğan	231	7100
otyrğanbyz	203	51063
otyrğanda	158	7102
otyrğandai	193	36184
otyrğandar	231	62224
otyrğandardy	218	79190
otyrğandardyñ	221	83940
otyrğandarğa	209	62226
otyrğandy	210	65281
otyrğanmyn	191	33779
otyrğannan	201	47633
otyrğany	182	15371
otyrğanym	174	15372
otyrğanyma	200	46355
otyrğanymdy	199	45728
otyrğanymyz	205	54423
otyrğanyn	178	18623
otyrğanyna	213	70521
otyrğanyña	215	72829
otyrğanyñdy	198	44123
otyrğanyñyz	220	82874
otyrğanğa	204	54326
otyrğanşa	201	47952
otyrğym	188	29360
otyrğysy	213	69531
otyrğyzady	215	74032
otyrğyzatyn	222	84873
otyrğyzbaidy	220	81876
otyrğyzdy	206	56718
otyrğyzu	195	39131
otyrğyzyp	165	10132
otyrğyzğan	217	76422
otyrğyş	221	83771
otyrşy	179	19178
otyz	156	6221
otyzda	217	69540
otyzdan	213	69541
otyzy	200	47323
otyzyna	211	66927
otyzynşy	223	85966
otyzğa	211	66942
otşim	213	69535
oz	231	14498
ozady	212	68801
ozat	173	14500
ozbyr	230	94593
ozer	230	93991
oñ	231	12523
oñai	231	30597
oñailau	204	53640
oñailyqpen	189	30603
oñaima	194	37493
oñaiy	202	49431
oñaiyn	218	79013
oñaiyraq	205	55312
oñaiğa	202	49409
oñaltu	206	56301
oñaşa	231	51156
oñaşada	203	51158
oñbağan	231	95928
oñlasyn	213	69293
oñqa	227	90921
oñtailandyru	214	72295
oñtaily	193	35632
oñtüstık	231	47187
oñtüstıkke	205	55140
oñtüstıkte	200	47189
oñtüstıktıñ	220	81942
oñğa	169	12525
oñğan	217	77000
oñğar	189	30108
oñşyl	230	93592
oönai	229	93258
oğae	226	90523
oğan	231	94744
oğaş	221	83368
oşaqty	200	47335
oşerk	216	75229
oşevidno	200	47261
oşyn	223	85948
pablik	220	81826
padişah	225	88322
padişasy	229	93287
pafos	221	84217
pahannyñ	218	79257
paia	223	85908
paida	231	4917
paidalan	194	4920
paidalana	168	11640
paidalanady	172	14279
paidalanatyn	188	29081
paidalandy	197	41527
paidalandym	220	81789
paidalanu	152	4921
paidalanudy	203	50943
paidalanudyñ	203	50944
paidalanuğa	170	13010
paidalanuşy	183	23389
paidalanylady	179	19547
paidalanylatyn	197	41313
paidalanylğan	186	27379
paidalanyp	231	95566
paidalanyñyz	199	45336
paidalanğan	176	16903
paidaly	231	95372
paidam	195	38664
paidasy	231	23009
paidasyn	183	23010
paidasyna	205	54984
paidasyz	200	45935
paidañ	205	55537
paidağa	202	49389
paiym	224	12311
paiymdau	169	12314
paiyz	144	3127
paiyzben	204	54052
paiyzdyq	206	56930
paiyzy	176	16727
paiyzyn	191	33139
paiyzğa	193	36864
paiğambar	177	13949
paiğambardan	226	90131
paiğambardyñ	190	32518
paiğambarlar	216	74836
paiğambarlyq	226	89738
paiğambarymyz	172	13953
paiğambarymyzdyñ	191	32893
paiğambarymyzğa	213	69943
paiğambarğa	211	67198
paka	109	303
palas	185	25748
palastardy	225	89266
palasty	221	83637
palat	221	20637
palata	231	20638
palatadan	220	81480
palatalardyñ	198	43407
palatalarynyñ	220	82855
palatağa	180	20640
palatka	204	52734
palau	231	64471
palaudy	210	64473
palauğa	212	67374
paleolit	197	41330
palitra	213	70461
pampers	231	95826
pana	185	25595
panasyna	211	66330
panasyz	230	93854
panda	231	96596
pandora	211	65509
panfilov	180	20230
panfilova	206	57297
pankeiki	198	44022
panno	218	78478
panorama	197	41920
papa	231	8562
papadan	231	96294
papalar	231	37439
papalarmen	214	70997
papalary	198	37440
papalaryn	208	60746
papalaryñ	194	37441
papalarğa	206	57827
papam	231	8563
papama	231	96472
papamda	190	32178
papamdar	191	33935
papamdy	180	20326
papamen	162	8565
papammen	193	36024
papamnan	192	34988
papamnyñ	231	96399
papamyzdy	220	71417
papamyzdyñ	214	71418
papana	231	97075
papanda	211	66118
papandy	199	45004
papannyñ	212	67459
papany	231	95755
papanyñ	231	95756
papanıkı	217	77192
papasy	231	11897
papasyda	214	72002
papasymen	186	26635
papasyna	168	11899
papasynyñ	231	96522
papañ	231	27271
papaña	231	96160
papañda	200	46012
papañdar	202	49426
papañdy	186	27273
papañmen	191	32923
papañnan	186	27650
papañnyñ	231	96735
papañyz	195	38531
papağa	231	95515
papik	222	84884
papirus	227	90575
papka	231	39073
papkada	208	59897
papkanyñ	223	86276
papkasy	217	75714
papkasyn	216	75715
papkağa	195	39075
papsy	213	69537
papv	222	85436
paqyr	220	81987
para	120	558
paradigma	224	87545
paradoks	230	94584
parafin	197	41244
parafindı	224	87850
paragraf	164	9431
parallelepiped	221	83714
parallelogramm	228	91846
parametr	202	36688
parametry	193	36689
paraq	231	12141
paraqor	226	90373
paraqorlyq	228	92214
paraqqa	169	12143
paraqtan	215	73511
paraqtar	220	82697
paraqty	200	46673
paraqşa	172	14226
paraqşada	197	42517
paraqşadan	210	63416
paraqşam	201	37591
paraqşama	194	37592
paraqşamda	213	70704
paraqşamdy	207	58828
paraqşamnan	230	94690
paraqşany	198	42972
paraqşanyñ	220	82856
paraqşasy	199	29574
paraqşasyn	199	29575
paraqşasyna	188	29576
paraqşasynan	205	54883
paraqşasynda	201	48337
paraqşañyz	206	32803
paraqşañyzdy	191	32805
paraqşañyzğa	214	72139
paraqşağa	183	23820
parasatty	184	24053
parasattylyq	214	72562
paravoz	230	94579
parazit	198	43266
parazittık	219	81186
parağy	194	37305
parağyn	196	40639
paraşiut	215	73710
parfium	189	30189
parfiumeriia	229	93042
park	156	6359
parkke	231	96892
parkta	219	79831
parktegı	230	94667
parkı	214	71707
parlament	170	12924
parlamenttık	218	78779
parlamenttıñ	213	70751
parnik	225	88713
parno	181	21073
paroşki	217	78088
parta	181	20863
partada	182	22738
partadan	225	89398
partalas	216	65874
partalasym	211	65876
partany	210	64320
partanyñ	212	67738
partağa	200	46328
partiia	165	10285
partiialar	195	38432
partiialardyñ	214	71161
partiialyq	197	41209
partiianyñ	196	40709
partiiasy	180	20374
partiiasynyñ	186	26670
partizan	214	72222
paryz	231	47138
paryzdy	220	81895
paryzy	200	47139
paryzym	215	73434
paryzymyz	215	73436
paryzyn	210	65230
parşa	219	79983
pasanom	222	84724
pasha	222	84742
pasportqa	210	63438
pasportty	204	54293
pasporttyñ	224	87108
pasporty	190	31956
pasportym	220	78631
pasportymdy	218	78633
pasportyñ	226	77775
pasportyñdy	217	77777
passaj	230	93617
passat	180	20711
passiv	197	41928
pasyq	217	76951
patogenez	221	83014
patpiska	188	30034
patrik	205	55659
patriot	180	15024
patriotizm	204	53113
patriottyq	173	15027
patronat	223	85964
patşa	231	18036
patşaiym	190	31554
patşalyq	195	38404
patşam	177	18037
patşanyñ	190	31984
patşasy	179	19816
patşağa	222	84870
pavlin	217	77872
pavlodar	231	43197
pavlodarda	198	43199
pavlodardan	214	70972
pavlodarğa	200	47340
pavlova	214	71726
pañ	216	75802
paşaq	229	93494
pdf	231	96930
pedagog	231	38295
pedagogika	231	38298
pedagogikadan	195	38301
pedagogikalyq	231	95674
pedagogikany	220	55787
pedagogikanyñ	205	55788
pedagogikasy	205	54658
pedagogtar	198	43397
pedagogtardyñ	209	62456
pedagogtyñ	202	50143
pedagogtık	228	91689
pediatriia	213	69841
pediatrğa	220	82245
pedik	193	35979
pedikiur	202	50609
pedro	229	92667
peiıldı	207	59286
peiılı	210	64043
peiılıñ	221	68156
peiılıñe	212	68157
peiış	217	65370
peiışte	210	65372
pen	231	40166
pende	231	60812
pendege	219	80559
pendeler	221	84301
pendemın	214	71070
pendenıñ	208	60815
pendesın	229	84065
pendesıne	221	84066
pendeşılık	226	90180
penisillin	220	82053
pensiia	231	40170
pensiiadan	196	40173
pensiiasy	205	55807
pensiiasyn	207	58224
pensiiağa	231	96756
perdege	211	66121
perdeler	207	59553
perdenı	201	48929
perdenıñ	211	65523
peren	230	93999
perespal	227	91423
perforator	222	85522
perifraz	204	53894
perimetr	190	32074
period	231	28681
periodtyq	187	28684
periody	199	45156
perizat	231	68981
perizatpen	219	81305
perizattar	212	68984
pernebek	189	30713
pernehan	207	58328
pernetaqta	202	49660
personaj	231	96776
perspektiva	195	38770
perspektivaly	219	80793
perspektivalyq	220	81996
pervyi	199	44402
perzenttık	219	81025
perzentı	209	61980
perğauyn	225	89323
perı	204	54251
perışte	231	70679
perıştedei	227	91147
perıştege	223	86784
perıştelerdıñ	213	70685
perıştem	231	96520
perıştenı	219	81300
perıştesı	215	72789
pessimist	229	93001
pet	205	18825
peterburg	208	60260
petisiia	227	90621
petropavlovsk	199	44666
petruşka	178	18830
petruşkam	193	35564
peşene	218	78952
peşeneme	228	92190
peşkı	227	91574
peşte	208	60848
peştı	181	20952
piala	188	28917
pianist	219	80076
piar	231	95411
pidaras	201	48222
pidarazy	227	91434
pides	194	37690
pidjak	196	41126
pigment	220	82838
pihaet	228	92510
piiaz	231	96033
pik	231	84947
piko	231	84948
pikonyñ	223	86356
pikoğa	222	84950
pilotka	207	58417
pima	204	53919
pinset	213	70083
pion	226	56251
pioner	206	56253
pipetka	221	83499
piramidasy	230	93650
pirojki	231	96772
pisi	220	82304
pisiun	223	86135
piska	215	72871
pissa	231	50867
pissany	211	67081
pissanyñ	217	76457
pissağa	202	50869
pivo	231	68242
pivony	212	68244
pivoğa	222	85127
pizda	174	15312
pizde	204	53012
pizdes	231	95001
pizdit	215	72920
pizdu	231	96400
pişeş	195	38710
planetu	224	87883
plany	166	10906
planğa	208	61247
planşet	231	96479
plastik	231	97316
plastilin	199	44488
plastmassa	201	48671
platnyi	231	95898
plazma	192	34649
plevra	212	67530
plevrit	228	92054
pnevmatikalyq	228	92559
pnevmoniia	231	97667
podaluista	226	89581
podozreniia	216	75434
podpişik	189	30534
podpişis	217	77605
poema	231	46507
poemalary	229	93423
poemasy	200	46509
poemasyn	221	56050
poemasyndağy	224	88001
poemasynyñ	205	56052
poetikalyq	207	59077
poezd	231	33714
poezdan	194	38112
poezdben	191	33717
poeziia	168	11758
poeziialyq	193	36807
poeziiasynyñ	209	61705
poezğa	187	28876
pogba	227	91161
pogon	226	89699
pohu	143	2824
poino	229	92711
poiyz	167	11222
poiyzben	194	37460
poiyzda	196	40113
poiyzdyñ	215	73747
poiyzğa	184	24292
poka	231	94727
poklonnik	219	79964
poliak	215	73145
poliar	221	74102
poliarlyq	215	74105
polietilen	219	80412
poliglot	220	82167
poligon	196	40697
poligonda	215	73258
poligony	202	50932
poligraf	225	59848
poligrafiia	208	59851
poliklinika	155	5809
poliklinikada	192	35094
poliklinikadan	203	52141
poliklinikanyñ	230	93681
poliklinikağa	179	19866
polimer	205	55540
polimerlenu	223	86374
polimetall	225	88477
polirovka	215	74136
polis	216	5518
polisei	216	75801
polisiia	154	5521
polisiiağa	196	41189
polisiiu	215	74108
politehnikalyq	218	79607
politehta	227	90721
politika	195	38707
politiki	204	53727
polius	214	69634
poliustı	213	69636
polkovnik	191	32735
pomada	171	13719
pomadka	230	94132
pomidor	231	54844
pomidory	205	54845
popa	176	17029
popi	228	92294
popki	207	58450
popku	214	71605
popoi	226	90427
porna	145	3323
porno	231	94791
pornr	215	72966
pornt	228	92247
pornuha	173	15044
portal	231	69795
portaly	213	69796
portrettık	229	93193
pososi	218	79741
post	231	25207
poster	185	25209
postkeñestık	228	91870
postqa	231	97518
postta	194	27734
posttan	203	52494
posttar	187	27735
postyna	211	67174
potamuşta	208	61349
pozitivizm	228	92205
poznakomitsia	200	45997
pozovu	208	60415
poşemk	225	89146
poşta	231	25761
poştada	226	68968
poştadan	212	68969
poştama	217	76244
poştamdy	198	42685
poştanyñ	192	34181
poştasy	185	25763
poştasyn	187	27852
poştasyna	217	76243
poştaña	224	87043
poştañdy	188	29434
poştañyz	201	35034
poştañyzdy	192	35036
poştañyzğa	214	70961
poştağa	231	95493
pragmatizm	208	60206
praim	204	53459
praktik	213	23621
praktika	231	23622
praktikada	231	23624
praktikadan	183	23625
praktikalyq	231	96334
praktikama	228	92567
praktikamen	222	85100
praktikant	193	35502
praktikanttar	227	90695
praktikasyn	215	73387
praktikasynyñ	229	93003
praktikañ	229	92845
praktikağa	231	97453
praktikum	204	54311
prastitutki	223	86120
presedent	218	79056
prezident	231	23353
prezidentke	200	46274
prezidenttı	219	26860
prezidenttık	198	43784
prezidenttıñ	186	26861
prezidenty	226	90422
prezidentı	231	23354
prezidentımız	193	36085
prezidentın	214	23355
prezidentıne	228	91970
prezidentınıñ	183	23357
priatnogo	205	55285
priiatnye	209	63257
prikoo	214	72111
prilojeniiamen	207	59503
prinsipı	231	97634
priora	231	97147
prioritet	227	91410
prlsta	212	68454
probirka	227	91512
problema	231	15583
problemadan	209	63214
problemalardy	198	43721
problemalary	196	41197
problemalaryn	204	53068
problemalyq	201	48601
problemamdy	201	48611
problemasy	174	15585
problemasyn	192	34802
problemañ	199	44978
problemañdy	211	67168
problemağa	214	71140
probujdenie	225	88497
prodaeş	218	78975
proeksiia	215	72890
proeksiialau	230	93654
proekt	231	44947
proektor	210	64360
proekty	199	44948
proektısı	224	88160
professor	231	97374
profil	202	47146
profilaktika	200	47152
profilaktikalyq	205	55913
profkom	223	86185
proflist	222	84705
profsoiuz	211	66774
progolosoval	216	75882
programma	231	20469
programmadan	209	63243
programmalar	183	23199
programmalau	213	69340
programmalyq	203	51666
programmany	180	20471
programmanyñ	201	48729
programmasy	187	27795
programmağa	202	50514
programmist	200	97743
progress	193	22305
progressiia	182	22308
progressivtı	212	68734
projektor	215	72761
prokuraturağa	217	76815
proletariat	229	92692
prolog	228	91788
promo	231	87020
promokod	231	96323
promouter	225	88969
promouşen	223	87024
proniknovenie	220	82011
proporsiia	209	61792
proporsional	195	38287
proporsionaldy	216	75658
prorab	221	84289
prorektor	224	87404
prosent	231	30554
prosentke	189	30556
prosentpen	203	51839
prosenty	200	47322
prosentın	203	52537
prosess	231	36914
prosessor	194	36916
prosmotrdan	224	87865
prosto	79	55
protein	205	55844
protestant	227	91583
prozalyq	219	79975
prsota	218	79075
prsta	202	49613
psihiatr	221	83788
psihikalyq	167	11080
psihikanyñ	222	85529
psiholog	152	4670
psihologiia	151	4673
psihologiiada	215	40570
psihologiiadan	196	40571
psihologiialyq	155	5851
psihologiiany	218	58399
psihologiianyñ	207	58400
psihologiiasy	198	43896
psihologiiasyn	208	60931
psihologqa	207	59028
psihologtar	201	47855
psihologtyñ	209	61695
psihosomatika	230	94497
psihoterapiia	222	85004
publikasiia	195	38342
publisist	212	41004
publisistika	221	41007
publisistikalyq	196	41010
pulemet	223	86234
pumba	212	68361
punksiia	222	84470
punkt	177	18254
punktuasiia	220	51391
punktuasiialyq	203	51394
punktı	227	91466
pusan	179	19695
puskaite	179	19494
putaet	230	94052
puu	221	83828
puşkin	166	10801
pyraq	229	93554
pysady	189	30687
pyspady	219	81005
pyspai	212	41049
pyspaidy	196	41051
pyspaityn	217	76609
pyspasyn	211	66684
pysqan	179	19911
pysqanda	184	24587
pysqannan	212	67928
pyssa	170	12958
pysty	231	95449
pysu	228	92102
pysyp	112	359
pysyq	231	44965
pysyqpyn	208	60989
pysyqsynyp	219	81015
pysyqsyñ	200	47095
pysyqtap	212	69090
pysyqtar	216	75359
pysyqtau	199	44968
pysyqtauyş	206	56982
pysyqtyq	222	84930
pysyğym	197	41715
pytka	221	83560
pyşaq	161	8110
pyşaqpen	198	43294
pyşaqqa	216	75557
pyşaqty	191	32852
päk	231	87566
päktık	224	87569
päle	231	67901
pälenşe	212	67904
pälı	230	93924
pän	231	5928
pänaralyq	200	46366
pänder	231	43028
pänderdıñ	204	53757
pänderı	198	43029
pänderın	210	64067
pänderınen	211	65687
pänderınıñ	214	72084
pändı	231	97400
pänge	231	96907
pännen	231	95999
pännıñ	190	32594
pänı	231	5929
pänıne	191	5931
pänınen	155	5932
pänınıñ	231	97068
pärmen	214	71171
pärmendı	215	72712
päs	210	63476
päter	231	73023
päterge	215	73025
pätua	220	81815
pıkır	145	3239
pıkırde	217	77278
pıkırdı	197	42630
pıkırge	195	39184
pıkırler	186	27516
pıkırlerı	209	63207
pıkırlerıñız	223	65855
pıkırlerıñızdı	211	65857
pıkırles	222	84572
pıkırtalas	196	41134
pıkırı	179	19884
pıkırım	203	51678
pıkırımdı	213	70884
pıkırın	185	25224
pıkırınşe	193	35496
pıkırıñ	215	49042
pıkırıñdı	201	49044
pıkırıñız	213	70385
pıldıñ	209	61975
pırımız	223	86970
pısedı	192	35279
pısetın	214	72491
pısken	172	14386
pıskende	214	71187
pıskenın	211	66996
pıspegen	212	69042
pıspei	208	61050
pısse	210	64040
pıstı	184	24314
pısu	217	76763
pısıp	164	9852
pısır	193	12176
pısırdı	201	23482
pısırdım	183	23483
pısırdıñ	201	49200
pısıre	175	16254
pısıredı	188	29855
pısıreiın	189	31176
pısıremın	208	61198
pısıremız	196	40236
pısıresıñ	203	52422
pısıretın	180	20341
pısırgen	181	21579
pısırse	224	66193
pısırsem	211	66194
pısıru	169	12177
pısıruge	192	34657
pısırılgen	207	59018
pısırıp	231	95171
pıtır	205	54668
pışen	219	81090
pışpe	230	94440
pışu	212	67542
pışım	228	25691
pışımdeu	185	25694
pışın	196	13777
pışındes	221	83229
pışındeu	228	91890
pışındı	184	24353
pışını	171	13778
pışıp	210	63679
pūt	218	79030
pūşaiman	223	86332
pūşyq	208	60111
qaban	205	24850
qabanbai	184	24853
qabaq	231	76967
qabaqtai	221	83148
qabaqty	217	76969
qabat	156	6260
qabatov	219	80750
qabatqa	215	73212
qabatta	203	39045
qabattary	202	49363
qabattasyp	195	39048
qabatty	184	24193
qabaty	176	16749
qabağan	219	80368
qabağy	194	34014
qabağym	214	72375
qabağyn	191	34015
qabağyna	202	50584
qabağynan	222	85530
qabağyñ	219	65665
qabağyñdy	211	65667
qabi	221	83374
qabyl	231	3662
qabylan	215	74057
qabylbek	201	48198
qabylda	168	3664
qabyldady	174	15802
qabyldadym	181	21751
qabyldadyñ	211	66070
qabyldai	164	9819
qabyldaidy	165	9919
qabyldaimyz	185	25307
qabyldaisyz	195	38595
qabyldaisyzdar	217	76938
qabyldaisyñ	201	49038
qabyldaityn	184	24698
qabyldaiyn	216	74847
qabyldama	204	15718
qabyldamady	210	64048
qabyldamai	174	15719
qabyldamaidy	193	35436
qabyldamaimyn	201	48806
qabyldamasa	219	81302
qabyldanady	185	25885
qabyldanbaidy	193	36467
qabyldandy	159	7378
qabyldanu	207	59044
qabyldanyp	208	60742
qabyldanğan	175	15968
qabyldap	147	3665
qabyldar	220	82374
qabyldasa	202	34278
qabyldasai	192	34279
qabyldasañ	215	74142
qabyldau	152	5035
qabyldaudy	206	57141
qabyldauy	198	44241
qabyldauyna	213	70284
qabyldauğa	181	21813
qabyldauşy	216	76218
qabyldañyz	209	63069
qabyldağan	164	9811
qabyldağanda	216	75323
qabyldağyş	224	87316
qabyldaşy	202	49797
qabymen	216	75974
qabynu	185	25660
qabynuğa	219	81334
qabyq	188	29010
qabyqty	216	75595
qabyqşa	215	73389
qabyrğa	176	13772
qabyrğalary	186	27453
qabyrğaly	209	62891
qabyrğalyq	228	92070
qabyrğam	213	69417
qabyrğasy	171	13774
qabyrğasyn	196	40002
qabyrğağa	195	38604
qabyrşaq	226	87049
qabyrşaqty	224	87051
qabysu	214	71115
qabyğy	188	30029
qabyğyn	201	48312
qabılet	189	11262
qabıletsız	214	71379
qabıletterın	186	26773
qabılettı	176	17114
qabılettılıgı	201	48116
qabılettılık	209	62945
qabıletı	167	11263
qabıletım	214	72087
qabıletın	176	16667
qabıletıne	199	45668
qabıletınıñ	202	49738
qabır	200	47140
qabırde	216	74883
qadaimyz	215	74002
qadalu	210	65411
qadalyp	231	96797
qadalğan	199	45419
qadam	153	5290
qadamda	223	78899
qadamdary	218	78901
qadamdaryñ	227	90831
qadamdy	201	47660
qadamy	231	41809
qadamyn	207	59386
qadamyna	214	71711
qadamyña	197	41811
qadamyñdy	221	84179
qadamğa	214	71112
qadap	231	96249
qadau	199	45132
qadağalap	160	7752
qadağalau	181	21521
qadağalañyzdar	187	28164
qadi	222	50499
qadişa	202	50501
qadym	225	89056
qadyrbek	199	45361
qadır	231	8684
qadırlep	216	74633
qadırleu	217	77583
qadırlı	182	22754
qadırmendı	215	74538
qadırsız	225	88369
qadırı	187	8685
qadırım	206	32036
qadırımdı	190	32038
qadırımızdı	216	75730
qadırın	162	8686
qadırıne	211	66108
qadırıñ	208	35128
qadırıñdı	192	35130
qadırıñe	230	94691
qahar	224	16331
qaharly	219	80165
qaharman	175	16334
qaharmandyq	229	93562
qaibır	208	60297
qaida	231	875
qaidamyn	202	50038
qaidar	206	57335
qaidasyz	150	4499
qaidasyzdar	178	18703
qaidasyñ	231	4381
qaidasyñdar	150	4384
qaidağy	127	877
qaidağyny	171	13198
qaimaq	172	13874
qaimaqty	223	86517
qainady	216	75719
qainap	166	10531
qainapam	214	71220
qainaq	228	92181
qainar	166	10380
qainarda	224	87868
qainardyñ	227	91074
qainarğa	220	81932
qainata	217	77692
qainatpa	207	58495
qainatu	203	51762
qainatylğan	209	62780
qainatyp	173	14904
qainau	164	9777
qainağa	179	15259
qainağam	190	32385
qainağamnyñ	209	62477
qainağan	174	15260
qainağañ	201	47785
qainy	196	6769
qainylarym	218	79403
qainym	157	6770
qainyma	204	53369
qainymnyñ	194	37049
qainysy	203	51170
qainyñ	191	33807
qaiqa	202	50575
qaiqy	223	86045
qairan	158	7089
qairaq	219	80057
qairat	231	23458
qairatker	196	23461
qairatkerı	183	23462
qairatpen	209	62904
qairatqa	194	37710
qairatqyzy	189	30779
qairatta	214	72410
qairattan	215	74267
qairatty	193	35867
qairañ	226	89525
qaireke	191	32777
qairymdylyq	214	71128
qaisar	231	86033
qaisarlyq	223	86036
qaisybır	220	82905
qaisymen	210	64984
qaisyny	223	77427
qaisynyñ	217	77428
qaisysy	129	1083
qaisysymen	210	64057
qaisysyn	231	13689
qaisysyna	171	13690
qaisysynan	202	49818
qaisysynda	201	48439
qaisysynyñ	188	29881
qaisysyñ	192	34945
qaisyñ	189	30296
qaisyğan	189	31246
qait	142	684
qaita	231	685
qaitadan	123	688
qaitady	162	8523
qaitaiyn	231	96458
qaitaiyq	161	8206
qaitaiyqta	210	64667
qaitaiyqşy	207	59241
qaitala	195	3826
qaitalai	181	21163
qaitalaidy	204	53272
qaitalama	198	43208
qaitalana	199	45822
qaitalanady	206	57508
qaitalanbaidy	231	96754
qaitalanbas	185	25428
qaitalanbasyn	204	53773
qaitalansa	204	53787
qaitalanu	221	84315
qaitalanyp	186	26858
qaitalap	148	3827
qaitalau	154	5446
qaitalağan	211	66901
qaitalmai	218	78578
qaitamyz	150	4505
qaitar	157	2935
qaitara	166	10919
qaitarady	186	26776
qaitaraiyn	209	63364
qaitaramyn	182	22294
qaitaramyz	205	55804
qaitarar	224	87248
qaitarasyz	216	75297
qaitarasyñ	196	40918
qaitaratyn	193	36668
qaitarda	163	9266
qaitardy	195	39248
qaitardym	197	41791
qaitardyñ	218	79575
qaitarma	198	15555
qaitarmady	216	74601
qaitarmai	174	15556
qaitarmaidy	203	52416
qaitarmaisyñ	200	46928
qaitarmaityn	215	72801
qaitarmasa	226	78432
qaitarmasañ	218	78433
qaitarmyn	222	85339
qaitarsa	204	52958
qaitarsai	208	60691
qaitarsañ	217	77166
qaitaru	176	16612
qaitaruğa	191	33550
qaitarylady	208	60796
qaitarylmaidy	213	70467
qaitarym	214	71405
qaitaryp	143	2937
qaitaryñdar	216	75889
qaitaryñyz	212	68212
qaitarğa	210	35486
qaitarğan	193	35487
qaitarşy	201	47816
qaitasyndar	227	91366
qaitasyz	182	22279
qaitasyzdar	217	77696
qaitasyñ	231	31555
qaitasyñdar	190	31558
qaitatyn	231	96077
qaitedı	172	14177
qaiteiın	163	9252
qaitemın	199	45755
qaitemız	168	11523
qaiter	193	35732
qaitesın	198	43108
qaitesız	196	40879
qaitesıñ	157	6625
qaitesıñder	221	84113
qaitken	219	81164
qaitkende	220	81530
qaitpa	204	23782
qaitpady	214	50779
qaitpadym	217	77363
qaitpadyq	214	71236
qaitpadyñ	202	50780
qaitpai	183	23783
qaitpaidy	189	30486
qaitpaimyn	204	52949
qaitpaimyz	216	75457
qaitpaisyz	215	73337
qaitpaisyñ	187	27855
qaitpaityn	191	34010
qaitpas	187	28466
qaitpasa	213	69762
qaitpasam	220	82446
qaitqaly	216	74873
qaitqan	161	8073
qaitqanda	177	17557
qaitqanyna	213	69874
qaitqanğa	219	80308
qaitqanşa	212	68463
qaitqym	187	27863
qaitqysy	214	72415
qaitqyñ	217	76321
qaitsai	181	21572
qaitsam	189	30562
qaitsaq	195	38493
qaitsañ	202	50560
qaitse	222	51477
qaitsem	203	51478
qaitsemde	214	71046
qaitsın	200	46604
qaitty	160	7557
qaittym	165	9940
qaittyp	211	66706
qaittyq	166	10854
qaittyñ	159	7558
qaittyñdar	181	21833
qaittyñyz	186	27025
qaittyñyzdar	210	65280
qaitu	158	7180
qaitudy	223	86079
qaituy	221	83544
qaituğa	179	19502
qaituşy	216	74957
qaitymdy	185	26047
qaityp	231	94896
qaitys	231	95114
qaityñdar	176	17270
qaityñyz	188	29072
qaityñyzdar	206	56147
qaitıp	163	9276
qaitşy	195	38415
qaiynağa	217	77011
qaiynym	218	78608
qaiyq	197	41772
qaiyr	170	13105
qaiyra	220	82368
qaiyrdy	231	97431
qaiyrjan	185	25482
qaiyrly	231	72092
qaiyrlysy	214	72094
qaiyrlysyn	221	83800
qaiyrma	224	33842
qaiyrmasy	191	33844
qaiyrsyz	218	78840
qaiyru	225	89141
qaiyry	183	13353
qaiyrym	229	13354
qaiyrymdy	188	13356
qaiyrymdylyq	171	13359
qaiyrymdylyqqa	211	65487
qaiyrymsyz	220	81984
qaiyryp	184	24336
qaiyrşy	194	37831
qaiys	218	78726
qaiyzğaq	217	77937
qaiyñ	189	31230
qaiğy	167	11242
qaiğyda	217	75515
qaiğydan	216	75516
qaiğyly	186	26993
qaiğym	223	86452
qaiğyny	212	67787
qaiğynyñ	215	72798
qaiğyru	224	87399
qaiğyryp	184	24068
qaiğysy	209	61661
qaiğysyz	220	81645
qaiğyña	192	35364
qaiğyñyzğa	212	68757
qaiğyğa	213	69526
qaişy	177	17409
qaişylyq	219	80101
qaişylyqty	227	91294
qaişymen	211	66439
qajap	222	85020
qajetsız	199	45810
qajettı	144	3014
qajettıgın	205	55216
qajettılıgı	183	23432
qajettılıgın	195	38622
qajettılık	190	32247
qajettılıkke	228	92577
qajettılıkterı	207	48712
qajettılıkterın	201	48713
qajetı	140	2393
qaju	219	80208
qajy	182	3585
qajylyq	218	68543
qajylyqqa	212	68545
qajymas	147	3588
qajymūrat	216	75617
qajyrly	209	62580
qajyğa	228	92592
qala	231	1769
qalada	231	1771
qaladamyn	170	12901
qaladamyz	208	59826
qaladan	136	1772
qaladansyz	170	13088
qaladansyñ	202	50086
qaladasyz	204	53220
qaladasyñ	172	13887
qaladasyñdar	223	86392
qaladağy	173	14611
qaladağylar	209	61990
qalady	231	48981
qaladym	201	48982
qalaf	205	55029
qalai	231	15306
qalaida	175	16043
qalaidy	176	16734
qalailar	222	85579
qalaimyn	231	96366
qalaimyz	208	59720
qalaisyz	231	94717
qalaisyzdar	231	94816
qalaisyñ	231	94699
qalaisyñdar	231	94738
qalaisyş	215	74304
qalaiyn	231	96370
qalaiyq	174	15308
qalaiyqşy	215	72930
qalalar	178	18853
qalalardyñ	193	36417
qalalary	195	39196
qalalarğa	193	35832
qalaly	218	9070
qalalyq	163	9071
qalam	231	5075
qalama	152	5076
qalamadym	220	82695
qalamai	199	12432
qalamaidy	200	47104
qalamaimyn	169	12435
qalamaityn	209	61783
qalamasa	201	39061
qalamasam	224	87463
qalamasañ	195	39062
qalamau	220	81912
qalamağan	206	57498
qalamda	207	59125
qalamdy	214	71979
qalamger	212	68356
qalampyr	199	44408
qalamqas	231	83878
qalamqasqa	221	83880
qalamsap	220	82807
qalamyn	155	5953
qalamyz	153	5413
qalamyzdyñ	225	89336
qalany	176	5305
qalanyñ	153	5306
qalaq	198	44235
qalaqai	221	84040
qalar	140	2445
qalarlyqtai	220	82081
qalarmyz	189	31105
qalarsyz	218	79351
qalarsyñ	191	33980
qalasa	231	13968
qalasam	207	59326
qalasañ	172	13969
qalasañyz	187	28350
qalasyn	231	8482
qalasyna	169	10461
qalasynan	166	10462
qalasynyñ	162	8484
qalasyz	171	13831
qalasyzdar	203	52235
qalasyñ	231	22039
qalasyñdar	182	22042
qalatyndai	181	20975
qalatyndar	215	73842
qalatynym	217	77226
qalau	191	8181
qalaubaeva	202	50013
qalauly	181	21529
qalaulym	231	40710
qalaulymda	210	64877
qalaulymğa	196	40712
qalaulysy	194	37882
qalauy	175	8182
qalauym	187	8183
qalauymen	161	8185
qalauyn	191	33968
qalauynşa	216	74674
qalauyñ	181	21097
qalauyñdy	217	76347
qalauyñmen	218	79638
qalauyñyz	195	38504
qalauşy	191	33403
qalağa	231	3052
qalağan	144	3053
qalağandai	190	32508
qalağanymdy	211	66278
qalağanyn	199	45084
qalağanyñ	211	35786
qalağanyñdy	193	35788
qalağanyñşa	213	69375
qalaşyq	206	57372
qalbai	209	62931
qaldaiaqov	199	44751
qaldary	189	426
qaldaryñ	114	427
qaldaryñyz	231	94979
qaldy	231	3962
qaldybai	184	24579
qaldybek	163	9141
qaldyq	231	51065
qaldyqtar	203	51068
qaldyr	181	4755
qaldyra	181	21211
qaldyrady	193	36739
qaldyraiyn	212	68009
qaldyraiyq	214	71982
qaldyramyn	220	81442
qaldyramyz	208	60029
qaldyrasyñ	218	78297
qaldyratyn	204	52672
qaldyrdy	187	28109
qaldyrdym	194	37888
qaldyrdyñ	206	56312
qaldyrma	189	8703
qaldyrmai	162	8704
qaldyrmaidy	204	53939
qaldyrmaimyn	207	57925
qaldyrmaityn	212	68737
qaldyrmau	212	68978
qaldyrmañdar	226	89630
qaldyrmañyzdar	221	83992
qaldyrsa	214	71404
qaldyrsam	221	83875
qaldyrsañ	220	82696
qaldyru	172	14282
qaldyruğa	200	46489
qaldyryp	151	4757
qaldyrğan	176	17208
qaldyrğym	207	58608
qaldyrşy	213	69949
qaldyñ	231	3963
qaldyñdar	165	10031
qaldyñyz	148	3965
qaldyñyzdar	195	39675
qaliev	207	59239
qalieva	218	78532
qaliia	215	72954
qalima	196	40273
qalipa	217	76673
qalja	210	33007
qaljan	191	33008
qaljyn	166	10496
qaljyndap	196	40446
qaljyñ	231	20129
qaljyñbas	222	85026
qaljyñdaimyn	218	78825
qaljyñdap	180	20132
qaljyñdasyp	215	73662
qaljyñdy	215	74364
qaljyñsyz	219	80669
qalmady	154	5415
qalmadym	218	78506
qalmadyñ	178	19134
qalmadyñyz	201	49180
qalmai	143	2802
qalmaidy	163	9268
qalmaimyn	189	30146
qalmaimyz	195	39020
qalmaisyz	213	70057
qalmaisyñ	185	25375
qalmaityn	179	19581
qalmaiyn	179	19826
qalmaiyq	182	22701
qalmandar	213	69830
qalmanyz	216	75808
qalmapty	184	24542
qalmaq	195	39277
qalmasam	177	18090
qalmasaq	199	45748
qalmasañ	195	38358
qalmasynşy	208	60979
qalmau	184	24154
qalmauğa	208	60103
qalmañdar	179	19439
qalmañyz	173	14777
qalmañyzdar	197	41535
qalmañyzşy	217	77946
qalmağan	170	12781
qalmaşy	196	40350
qalpaq	231	67376
qalpaqty	212	67378
qalpyma	220	82410
qalpymda	219	80664
qalpymen	223	86421
qalpyna	231	96166
qalpynda	185	25355
qalpyñda	200	47294
qalpyñmen	212	69134
qalpyñnan	204	54076
qalpyñyzdan	216	75332
qalqa	221	29907
qalqam	189	29908
qalqaman	188	29910
qalqamanğa	219	80274
qalqan	198	36590
qalqanşa	193	36592
qalqyp	209	62958
qalsa	131	1195
qalsada	191	34037
qalsai	201	48546
qalsam	144	3015
qalsamda	201	48061
qalsaq	173	14953
qalsaqta	217	76439
qalsañ	159	7320
qalsañda	216	50562
qalsañdar	202	50563
qalsañyz	194	37013
qalsyn	151	4742
qalsynşy	211	66716
qalt	231	26490
qalta	186	26491
qaltada	198	44168
qaltaly	224	87173
qaltam	217	26492
qaltama	200	46462
qaltamda	186	26494
qaltamnan	209	62162
qaltasy	203	33389
qaltasyna	191	33391
qaltasynan	201	48075
qaltasynda	194	37163
qaltañ	219	27749
qaltaña	187	27750
qaltañda	204	53333
qaltañnan	220	82534
qaltağa	201	47552
qaltqy	229	71739
qaltqysyz	214	71742
qaltyrap	199	44507
qaltyrau	218	79520
qalu	231	7452
qaludan	204	53965
qalusyz	229	93418
qaluy	159	7453
qaluyda	214	72584
qaluym	169	12570
qaluymda	205	55008
qaluymyz	200	47072
qaluyñ	203	51489
qaluğa	176	16684
qaluşy	200	46564
qalvp	220	81579
qalybek	207	58998
qalybekova	226	90102
qalym	189	30781
qalymdy	213	70001
qalymyz	195	38717
qalyndy	223	85981
qalyp	231	562
qalyppa	210	63610
qalyppyn	142	2717
qalyppyz	191	33669
qalypqa	182	22510
qalypsyz	203	51830
qalypsyñ	178	18723
qalypsyñdar	206	57724
qalyptandyru	226	89910
qalyptasa	206	13208
qalyptasady	171	13210
qalyptasqan	161	8146
qalyptasty	183	6391
qalyptastyrady	188	29867
qalyptastyratyn	203	51970
qalyptastyru	156	6393
qalyptastyrudy	220	82260
qalyptastyruğa	184	24389
qalyptastyruşy	196	41170
qalyptastyryp	204	53195
qalyptasu	179	9728
qalyptasuy	164	9729
qalyptasuyna	180	20246
qalyptasuynyñ	201	48311
qalyptasyp	182	22004
qalyptau	230	94154
qalypty	120	564
qalypyn	194	37469
qalypşa	206	56734
qalyqtap	210	64700
qalyspai	210	65439
qalyñ	106	227
qalyñdar	193	36201
qalyñdyq	203	51781
qalyñdyğy	188	29778
qalyñmal	219	80875
qalyñyz	231	45208
qalyñyzdar	199	45211
qalğanda	150	2214
qalğandai	185	25372
qalğandary	139	2216
qalğandarynda	208	59745
qalğandarynyñ	209	62988
qalğandaryñ	170	13138
qalğandaryñyz	187	28695
qalğandarğa	209	61872
qalğandy	212	68096
qalğanmyn	181	21349
qalğannan	192	34208
qalğannyñ	220	82209
qalğansyz	205	55546
qalğansyñdar	217	77912
qalğanym	184	13141
qalğanyma	203	51659
qalğanymdy	198	44243
qalğanymyz	170	13143
qalğanyn	231	19859
qalğanyna	179	19860
qalğanynda	216	74822
qalğanynyñ	201	47720
qalğanyñ	182	22245
qalğanyña	219	80173
qalğanyñdy	207	58062
qalğanğa	205	55054
qalğanşa	200	46330
qalğym	172	14152
qalğyr	199	45686
qalğysy	205	55394
qalğyñ	208	60116
qalş	201	35706
qalşy	193	35707
qama	184	19429
qamady	210	64186
qamai	203	51856
qamajai	188	29665
qamal	200	30735
qamalyp	189	30737
qamap	179	19430
qamaq	230	94004
qamasam	220	82359
qamasyn	207	59034
qamat	221	83488
qamau	212	68283
qamaş	207	57957
qambar	181	21210
qamqa	212	68143
qamqor	158	7198
qamqorlyq	182	22080
qamqorşy	187	16368
qamqorşylyq	208	61474
qamqorşym	175	16369
qamqorşysy	202	50559
qamsyz	228	67960
qamsyzdandyru	212	67967
qamtamasyz	140	2371
qamtidy	173	14582
qamtityn	187	27738
qamtu	180	20755
qamtuğa	214	72533
qamtylu	230	94178
qamtylğan	192	34890
qamtyp	203	51336
qamy	195	7207
qamymdy	225	88757
qamymen	223	86174
qamyn	180	20289
qamyr	158	7208
qamyrdy	194	37836
qamyry	206	44332
qamyryn	199	44333
qamys	196	40132
qamysty	230	89064
qamystyñ	225	89065
qamyñdy	225	89163
qamza	207	58280
qamzol	210	63464
qamşy	191	32710
qamşymen	215	72833
qamşynyñ	206	57583
qan	231	780
qana	231	1065
qanady	204	54001
qanai	200	46682
qanaiūly	231	51006
qanaiūlynyñ	203	51009
qanap	182	22748
qanat	129	1066
qanatbek	191	33950
qanatpen	208	60048
qanatqa	186	27062
qanatqyzy	193	36850
qanatsyz	214	71503
qanatta	212	64713
qanattan	210	64714
qanattar	220	82223
qanatty	174	15805
qanattyñ	188	29914
qanaty	185	25643
qanatym	197	41332
qanatyn	203	52253
qanatyp	210	65204
qanatyñ	204	52843
qanatşa	226	89551
qanau	218	79445
qanazdyq	230	93716
qanağat	158	6992
qanağatsyz	224	87977
qanağattandyru	199	44602
qanağattanu	226	89480
qanağatty	227	90867
qanağatşyl	225	89079
qanbady	204	53549
qanbai	170	12690
qanbaidy	214	72453
qanbasa	221	83487
qanbağan	207	58970
qanda	172	7394
qandai	231	36510
qandaida	193	36512
qandailar	215	74219
qandaisyz	202	50664
qandaiğa	209	63076
qandaq	159	7395
qandas	217	76999
qandağaş	222	85725
qandağaşqa	223	87031
qandağy	194	37693
qandy	231	79322
qandyağaşqa	218	79328
qandyra	219	80041
qandyratyn	229	93237
qandyru	221	84092
qane	160	7843
qaneke	201	48658
qanjar	206	57713
qanjyğa	226	78767
qanjyğaly	218	78769
qannyñ	168	11552
qansonar	222	85502
qansorğyş	200	97820
qansyrau	225	88230
qant	154	5606
qantai	225	88595
qantalap	222	84525
qantamyr	221	83794
qantsyz	217	77684
qantty	197	41933
qantyşqaq	217	77594
qany	169	9838
qanybek	202	49830
qanym	171	12427
qanymdy	169	12429
qanymyz	212	68077
qanyn	169	12397
qanyna	212	69072
qanyp	191	33840
qanyq	192	33055
qanyqqan	191	33058
qanyñ	191	25238
qanyñdy	185	25240
qanyğu	229	92741
qanyğyn	209	63374
qanyş	164	9839
qanğan	204	52793
qanğanşa	213	69715
qanı	207	55353
qanışer	205	55356
qanşa	231	782
qanşada	126	784
qanşadan	231	95215
qanşalarda	183	23381
qanşalyq	213	5616
qanşalyqty	154	5618
qanşama	142	2769
qanşasy	181	9037
qanşasynşy	163	9040
qanşau	178	18516
qanşauy	213	70267
qanşağa	131	1240
qanşv	215	72895
qanşyq	231	96783
qaody	225	88987
qaoğan	220	82520
qap	231	2636
qapa	231	57338
qapal	206	57339
qapan	227	90630
qapas	223	86687
qappa	220	82872
qappen	210	64362
qappyn	167	11055
qappyz	213	70765
qapsyz	222	84597
qapsyñ	191	33803
qaptai	227	81060
qaptaidy	221	84199
qaptaityn	219	81063
qaptal	217	50324
qaptalğan	202	50327
qaptama	222	84482
qaptap	174	15203
qaptau	208	61118
qaptağan	206	57274
qapty	142	2638
qapyda	228	91875
qapşağaida	212	67424
qapşağaiğa	207	59560
qapşyq	202	50029
qaq	231	10855
qaqaiyp	220	82454
qaqalyp	190	31501
qaqañ	226	90299
qaqağan	203	51432
qaqiyp	202	50401
qaqpa	193	30981
qaqpai	189	30982
qaqpaidy	206	57103
qaqpan	210	65369
qaqpaq	193	36323
qaqpaqty	208	61434
qaqpaqşa	226	90491
qaqpas	231	97315
qaqpağy	212	68444
qaqpaşy	201	48040
qaqqa	211	47337
qaqqan	200	47338
qaqsai	211	67112
qaqsaidy	222	84701
qaqsap	166	10858
qaqsata	220	81909
qaqsatyp	214	72479
qaqsyp	221	83157
qaqta	169	12275
qaqtan	231	96171
qaqtağy	216	74688
qaqty	203	48523
qaqtyñ	201	48524
qaqtyğys	205	54777
qaqyldap	192	35146
qaqym	215	73132
qaqyryq	195	39264
qaqyryqty	216	75855
qaqysy	215	72835
qaqşiyp	216	75961
qara	231	1093
qarabaiyr	227	90689
qarabas	225	89241
qarabūlaq	198	43135
qarabūlaqqa	223	86322
qarabūlaqta	225	88971
qaradai	225	88831
qaradym	153	5340
qaradyq	200	46825
qaradyñ	174	15508
qaradyñyz	199	44621
qarahan	231	95905
qaraidy	147	3628
qarailap	206	57179
qaraimyn	151	4590
qaraimyz	162	8802
qaraisyz	171	13259
qaraisyñ	231	29141
qaraisyñdar	188	29144
qaraityn	231	67633
qaraityndai	212	67636
qaraityp	222	85463
qaraiym	218	79482
qaraiyn	159	7439
qaraiyp	181	21425
qaraiyq	181	21138
qaraiğan	191	33596
qarajat	231	64197
qarajatty	210	64199
qarajaty	217	76256
qarakesek	169	12222
qarakesektıñ	214	72008
qaraköl	226	89673
qaraköz	169	12443
qaral	194	13658
qarala	222	56047
qaralady	205	56049
qaralam	219	80283
qaralar	226	89638
qaralatyn	213	70335
qaralau	215	73866
qaraldy	198	43077
qaraldyñ	216	75599
qaralu	194	37613
qaraluğa	204	54119
qaraly	209	13659
qaralyp	171	13660
qaralğan	205	55502
qarama	151	4559
qaramady	204	15644
qaramadym	174	15645
qaramadyñ	202	50914
qaramai	231	6713
qaramaiaq	221	84241
qaramaidy	157	6715
qaramaimyn	181	21722
qaramaimyz	206	57422
qaramaisyz	216	75199
qaramaisyñ	186	27486
qaramaityn	186	27428
qaramappyn	190	32087
qaramas	222	11686
qaramasa	198	43299
qaramasam	202	50411
qaramasañ	205	54999
qaramastan	168	11689
qaramasyn	216	74592
qaramau	212	67778
qaramañyz	211	65721
qaramağan	192	34382
qaramen	173	14829
qaramyn	223	86269
qaramyq	221	84137
qarap	231	1482
qarapaiym	134	1486
qarapaiymdar	218	78181
qarapaiymdylyq	199	45527
qaraptan	199	44766
qaraq	218	35014
qaraqalpaq	192	35019
qaraqalpaqşa	221	83939
qaraqan	216	74689
qaraqas	214	72090
qaraqat	231	70715
qaraqatpen	213	70718
qaraqiia	210	65073
qaraqoğa	226	89731
qaraqytai	204	53011
qaraqyz	218	79209
qaraqşy	214	72132
qaraqūiryq	213	70226
qaraqūmyq	219	80626
qaraqūs	225	88862
qararsyz	219	80823
qararsyñ	210	63535
qarasa	166	3111
qarasai	231	69565
qarasaişy	213	69567
qarasam	144	3112
qarasaq	189	31285
qarasañ	159	7472
qarasañyz	188	29193
qarasañyzdar	212	67621
qarasañyzşy	206	56248
qarasañşy	218	79749
qarasty	195	11807
qarastyra	200	23091
qarastyrady	183	23093
qarastyraiyq	205	55210
qarastyramyz	201	48004
qarastyru	187	28017
qarastyruğa	202	50393
qarastyrylady	189	30242
qarastyrylğan	188	29002
qarastyryp	168	11810
qarasu	199	44489
qarasy	171	13216
qarasyn	172	13998
qarasyp	206	56866
qarasöz	209	63275
qarat	203	9233
qarata	183	23265
qarataev	218	79781
qaratai	202	50149
qaratal	199	44631
qaratauda	212	68019
qarataudan	220	82230
qaratauğa	205	55213
qaratorğai	219	81310
qaratpa	196	40766
qaratty	217	78084
qaratu	198	43737
qaratuğa	210	64727
qaratyp	163	9235
qaratöbe	202	49269
qaratöbege	229	92631
qarau	231	4882
qaraudan	215	73659
qaraudy	200	46665
qaraumen	220	81959
qarausyz	201	47625
qarauy	207	39608
qarauyl	195	39609
qarauym	202	50402
qarauyna	223	87012
qarauynda	230	93710
qarauytyp	219	80723
qarauğa	152	4884
qarauşy	215	73175
qarañdar	166	10927
qarañdarşy	201	48812
qarañyz	166	10719
qarañyzdar	178	18820
qarañyzdarşy	210	65289
qarañyzşy	180	20403
qarañğy	153	5345
qarañğyda	184	24560
qarañğydan	207	59563
qarañğylau	225	88900
qarañğylyq	214	71085
qaraözek	220	82863
qarağa	196	1095
qarağai	197	41765
qarağaily	213	69302
qarağam	190	32384
qarağanda	129	1098
qarağandai	217	78070
qarağandy	231	15820
qarağandyda	182	22025
qarağandydan	192	34592
qarağandydağy	218	78367
qarağandynyñ	214	72061
qarağandyğa	174	15822
qarağannan	220	82599
qarağany	211	67153
qarağaş	222	85810
qarağym	169	12496
qarağysy	223	86162
qaraşa	231	17427
qaraşada	177	17429
qaraşai	227	90650
qaraşaş	184	24552
qaraşy	157	6560
qaraşyq	219	80102
qaraşyğy	216	74996
qaraşyğyn	225	89073
qarbalas	186	26654
qarbyz	190	31455
qareke	218	70793
qareket	213	70794
qariia	194	37353
qariialar	218	78782
qarjy	168	11601
qarjylai	203	51339
qarjylandyru	202	50333
qarjylyq	179	19593
qarlyğaş	231	42133
qarlyğaşpen	230	93747
qarlyğaşqa	205	55872
qarlyğaşty	219	42135
qarlyğaştyñ	197	42136
qarlyğaşym	219	81077
qarlūq	195	38480
qarmaq	209	31080
qarmaqşy	189	31082
qarmaqşyğa	214	70984
qarny	166	4178
qarnym	149	4179
qarnymdy	224	88004
qarnymyz	201	48526
qarnyñ	164	9374
qarnyñdy	217	76252
qarnyñyz	197	41662
qarq	202	21039
qarqara	212	68177
qarqaralyğa	218	78337
qarqyldap	206	56479
qarqyn	210	21041
qarqyndy	181	21043
qarqynmen	202	50493
qarsaq	219	80796
qarsañynda	199	45807
qarsy	231	21134
qarsylap	223	86049
qarsylas	193	36548
qarsylasu	230	94618
qarsylyq	181	21137
qarsylyğym	199	45317
qarsymyn	182	22584
qarsyz	221	83812
qart	178	18970
qartaidy	217	77285
qartaidym	222	84415
qartaiu	195	39290
qartaiyp	231	96231
qartaiyñdar	231	96841
qartaiğanşa	220	81419
qarttar	194	37669
qarttyq	216	74722
qaru	174	15847
qarudy	205	54385
qaruly	184	24310
qarusyz	211	66131
qaruy	209	61662
qaruyn	219	80970
qarylyp	213	70469
qarylğaş	208	60739
qarym	158	7211
qarymdy	230	94508
qaryn	152	4892
qarynda	213	9306
qaryndaryñ	210	64559
qaryndas	231	9307
qaryndastar	220	46685
qaryndastary	204	46686
qaryndastarym	200	46687
qaryndastaryn	224	87745
qaryndastaryñ	216	74891
qaryndastyñ	225	89087
qaryndasy	163	9308
qaryndasym	231	33598
qaryndasyma	191	33599
qaryndasymdy	202	50530
qaryndasymmen	220	81776
qaryndasymnyñ	201	48829
qaryndasymyn	216	74775
qaryndasyn	191	33071
qaryndasyna	202	49266
qaryndasynyñ	199	44859
qaryndasyñ	178	18971
qaryndasyña	210	64887
qaryndasyñdy	215	73333
qaryndasyñnyñ	216	75135
qaryndasyñyz	196	40556
qaryndaş	192	35043
qaryndy	198	43289
qaryny	213	65795
qarynym	211	65796
qarynyn	224	87226
qarynğa	188	29488
qarynşa	207	59079
qaryq	186	27102
qaryz	134	1561
qaryzbyz	230	93783
qaryzdan	191	33511
qaryzdanyp	212	68277
qaryzdar	199	45339
qaryzdary	220	54288
qaryzdarym	205	54289
qaryzdarymdy	204	54291
qaryzdaryn	213	69941
qaryzdaryñ	229	82514
qaryzdaryñdy	220	82516
qaryzdy	177	17559
qaryzdyñ	219	79826
qaryzsyz	223	86546
qaryzsyñ	212	67333
qaryzy	187	18924
qaryzym	178	18925
qaryzymdy	186	26975
qaryzyn	184	24777
qaryzyñ	203	47823
qaryzyñdy	201	47825
qaryzyñnan	230	94176
qaryzğa	137	1963
qarğa	143	2846
qarğaly	203	51619
qarğam	205	55014
qarğanyñ	223	86201
qarğap	191	32834
qarğy	226	64192
qarğysy	210	64194
qarğysyna	222	84896
qarıp	213	69503
qarş	225	24949
qarşadai	230	93928
qarşy	228	24950
qarşyğa	184	24952
qas	231	696
qasap	227	71575
qasapşy	214	71577
qasarysyp	215	73926
qasağa	228	92041
qasen	196	40798
qasiet	231	3353
qasietke	203	52136
qasietter	172	3356
qasietterdı	179	19646
qasietterdıñ	192	34941
qasietterı	145	3357
qasietterın	169	12578
qasietterınıñ	193	36623
qasiettı	231	56028
qasiettıñ	205	56029
qasietı	153	5356
qasietım	191	33798
qasietın	173	15115
qasietıne	197	42482
qasietıñ	198	43410
qaskelende	228	92590
qaskeleñ	194	36927
qaskeleñde	218	78123
qaskeleñge	215	72917
qasqa	231	32279
qasqaa	190	32280
qasqyr	156	6171
qasqyrdyñ	193	36267
qasqyrlar	200	47316
qasqyrğa	197	41770
qasta	197	39684
qastandyq	215	74405
qastaryna	207	59421
qastarynda	196	39689
qastaryña	213	70633
qastaryñda	201	48976
qasteev	200	45943
qaster	212	67744
qasterleu	227	90813
qasterlı	213	70734
qastyq	202	49289
qasym	152	698
qasyma	152	5101
qasymbek	195	38776
qasymda	124	700
qasymdağy	231	58550
qasymdağylar	207	58553
qasymdy	193	35792
qasymhan	189	31073
qasymjomart	215	73731
qasymnan	184	24399
qasymnyñ	214	71961
qasymyzda	178	19099
qasymyzdan	226	89752
qasymyzdağy	216	75525
qasymyzğa	203	52292
qasyna	138	2150
qasynan	171	13714
qasynda	231	5790
qasyndamyn	199	45198
qasyndağy	155	5792
qasyndağylar	213	70845
qasyndy	219	80197
qasyp	198	43700
qasyq	156	6198
qasyqpen	198	43622
qasyqtap	218	79178
qasyñ	190	2204
qasyña	158	7057
qasyñda	139	2206
qasyñdamyn	211	66559
qasyñdağy	172	13937
qasyñdağylar	213	70723
qasyñdy	205	54648
qasyñnan	189	30889
qasyñyz	219	12824
qasyñyzda	170	12826
qasyñyzdağy	202	49680
qasyñyzğa	196	40958
qasıret	209	62187
qasırettı	219	80178
qatady	190	31453
qataimai	221	84189
qataitu	229	92860
qataiu	217	77342
qataiyp	175	16517
qatal	231	63315
qataldau	209	63318
qataldyq	222	84522
qatar	231	8872
qatarda	190	32293
qatardan	192	34924
qatardağy	191	33507
qatardy	189	30803
qatardyñ	208	60100
qatarlas	214	71524
qatarly	186	26706
qatary	190	8873
qatarymyzğa	216	75246
qataryn	182	8874
qataryna	164	8875
qatarynan	162	8876
qatarynda	231	97623
qatarynyñ	208	61428
qatarğa	187	28251
qatañ	231	90972
qatañdau	227	91248
qatañdyq	227	90975
qatağan	191	32872
qate	231	5201
qateler	184	24419
qateles	229	5625
qatelesedı	214	71813
qatelesesıñ	205	56011
qatelesken	190	32467
qatelespe	199	23997
qatelespeitın	211	66005
qatelespesem	183	24000
qatelestım	193	36552
qatelestıñ	201	49027
qatelesıp	154	5627
qatelesıppın	207	58823
qatelıgı	206	48492
qatelıgım	203	51455
qatelıgımdı	210	64572
qatelıgın	201	48493
qatelıgıñdı	220	82483
qatelık	159	7240
qatelıkter	183	23549
qatelıkterdı	206	57410
qatelıkterımdı	219	80526
qatelıkterın	215	72951
qatelıktı	204	52922
qatem	212	20253
qatemdı	186	27610
qatemen	180	20255
qatenı	195	38970
qater	205	23524
qaterden	227	91300
qaterlı	183	23526
qatersız	210	64267
qatesı	198	5203
qatesın	177	18010
qatesız	153	5204
qateñdı	191	33999
qatipa	230	94626
qatiq	225	89326
qatira	198	43726
qatpa	221	60034
qatpai	208	60035
qatpaidy	210	65188
qatpar	224	72790
qatparly	215	72792
qatqan	185	25723
qatqaq	229	93414
qatqyl	219	80324
qatsa	193	35454
qatsam	193	35455
qattia	226	90503
qatty	231	68660
qattylau	212	68663
qattylyq	225	88591
qattym	214	71143
qattyq	228	91776
qattyraq	231	97524
qatu	189	30508
qatuly	230	94006
qatygezdeu	221	83040
qatym	201	48475
qatyn	231	17014
qatynap	199	45687
qatynas	231	17016
qatynasqa	195	39178
qatynasta	185	17018
qatynastar	176	17019
qatynastardy	191	26643
qatynastardyñ	186	26644
qatynastary	198	43456
qatynastağy	224	87429
qatynastyñ	203	51997
qatynasy	231	55950
qatynasymyz	221	83048
qatynasyna	205	55952
qatynau	209	62296
qatynda	206	47801
qatyndar	231	47802
qatyndardan	227	91280
qatyndardy	212	58811
qatyndardyñ	207	58812
qatyndarmen	208	60159
qatyndary	201	47803
qatyndaryn	224	87658
qatyndaryñ	221	84192
qatyndarğa	202	49529
qatyndy	182	22017
qatynmen	193	36694
qatynnan	200	46492
qatynsyñ	212	68113
qatyny	231	34370
qatynym	231	66072
qatynymen	211	66074
qatynyn	192	34371
qatynyna	203	51732
qatynynyñ	216	75779
qatynyñ	231	41611
qatynyña	197	41612
qatynyñmen	212	68941
qatynyñnyñ	216	75711
qatynğa	178	19050
qatyp	120	549
qatyq	194	38161
qatyr	211	8650
qatyra	211	10864
qatyrady	178	18892
qatyramyn	222	84393
qatyramyz	208	60571
qatyrasyz	202	49888
qatyrasyñ	166	10867
qatyratyn	209	61776
qatyrdy	193	22158
qatyrdym	205	54476
qatyrdyñ	182	22159
qatyrdyñyz	216	74727
qatyrmai	188	29509
qatyru	219	80063
qatyryp	162	8652
qatyrypsyñ	211	67067
qatyrğan	198	43448
qatys	231	1062
qatysa	231	3410
qatysady	146	3412
qatysaiyn	172	14231
qatysaiyq	182	22365
qatysamyn	231	95119
qatysamyz	154	5593
qatysasyz	182	22884
qatysasyñ	163	8930
qatysasyñdar	202	50154
qatysatyn	150	4354
qatysatyndar	190	32035
qatyspady	175	16291
qatyspai	146	3555
qatyspaidy	171	13747
qatyspaimyn	231	97362
qatyspaimyz	199	44439
qatyspaisyñ	188	29198
qatyspaityn	183	23374
qatyspağan	171	13400
qatysqan	149	4069
qatysqanda	207	59290
qatysqany	190	32220
qatysqym	170	13015
qatysqysy	192	34790
qatyssa	187	20595
qatyssam	180	20596
qatyssañ	201	48066
qatyssyn	183	23957
qatysty	129	1064
qatystym	164	9830
qatystyq	198	43971
qatystyru	200	46290
qatystyryp	171	13460
qatystyñ	183	23963
qatysu	148	3781
qatysuy	182	22372
qatysuymen	189	30868
qatysuyn	190	31884
qatysuğa	161	8394
qatysuşy	169	12354
qatysuşylar	173	14709
qatysuşylardyñ	194	37206
qatysuşylarğa	201	48589
qatysuşysy	211	66990
qatysvp	224	87891
qatysymyz	208	61531
qatysyp	231	94887
qatysyñ	187	25961
qatysyñyz	194	25963
qatysyñyzdar	185	25966
qatıgez	199	45032
qatıgezdık	226	90264
qauaşaq	225	88361
qauly	193	35709
qaulysy	208	61193
qaulysyn	215	74148
qaupı	192	34483
qauym	184	24667
qauymdastyq	198	42902
qauymdyq	208	60480
qauymnyñ	212	68319
qauymy	195	39091
qauymyna	215	74449
qauymğa	211	66452
qauynşy	223	86377
qauyrsyndy	227	91289
qauyrt	216	75976
qauyşudy	230	93637
qauyşyp	218	79519
qauğa	218	79435
qauıp	170	6110
qauıpsız	185	6113
qauıpsızdıgı	191	32719
qauıpsızdıgın	196	40591
qauıpsızdıgıne	210	65103
qauıpsızdık	156	6116
qauıptı	156	6205
qauıptılık	225	89220
qaz	231	32
qaza	231	3202
qazak	231	55873
qazakstan	205	55877
qazaly	173	14858
qazalyda	198	43533
qazalydan	214	71477
qazalynyñ	218	78933
qazalyğa	195	38527
qazan	231	28486
qazanbas	202	50017
qazanda	187	28488
qazandai	200	46109
qazandy	200	46420
qazandyq	222	84513
qazannyñ	197	41559
qazany	217	76567
qazanğa	188	29203
qazaq	231	3203
qazaqbai	219	80358
qazaqi	186	27337
qazaqpyn	163	9173
qazaqpyz	185	25365
qazaqqa	231	97455
qazaqstan	231	3207
qazaqstanda	231	3209
qazaqstandağy	145	3211
qazaqstandy	176	12656
qazaqstandyq	170	12657
qazaqstandyqtar	200	46481
qazaqstannan	183	23360
qazaqstannyñ	231	95251
qazaqstanym	180	20159
qazaqstanğa	165	9908
qazaqsyz	216	74947
qazaqsyñ	231	97398
qazaqta	231	9754
qazaqtan	193	36335
qazaqtar	231	9755
qazaqtarda	199	44935
qazaqtardy	188	9757
qazaqtardyñ	164	9758
qazaqtary	201	48332
qazaqtarynyñ	201	48335
qazaqtarğa	190	31673
qazaqtelekom	199	45455
qazaqty	231	95242
qazaqtyñ	231	95243
qazaqtıldı	226	89683
qazaqy	195	38440
qazaqşa	231	11844
qazaqşada	219	81207
qazaqşalap	211	67038
qazaqşany	210	63805
qazaqşasy	168	11846
qazaqşasyn	185	26121
qazaqşağa	182	22439
qazasy	212	67807
qazasyn	221	82960
qazağy	226	18795
qazağym	178	18796
qazağymnyñ	190	31621
qazba	190	31639
qazbalap	210	63497
qazbek	170	12632
qazdar	200	47436
qazdy	213	56941
qazdyñ	206	56942
qazeke	223	86262
qazpq	224	87879
qazu	212	67719
qazy	162	4044
qazybek	231	96878
qazylar	211	67057
qazyna	149	4046
qazynaly	215	72676
qazynalyq	228	91884
qazynam	216	74710
qazynany	211	57311
qazynanyñ	206	57312
qazynasy	192	34950
qazynağa	205	54398
qazyny	205	55220
qazyq	211	67097
qazyğūrt	231	82219
qazyğūrttyñ	220	82222
qazğa	219	80220
qazğan	223	85837
qazır	73	34
qazırde	173	11271
qazırden	167	11272
qazırdıñ	189	30994
qazırge	182	22060
qazırgı	120	560
qazırgıdei	214	71669
qazırgıler	213	70066
qazırşe	172	14460
qazūu	210	64656
qañ	224	10640
qañly	188	29008
qañlylar	207	57352
qañlylardyñ	206	57355
qañqa	192	34724
qañtar	231	19045
qañtarda	178	19047
qañyltyr	220	82105
qañğu	213	70146
qañğy	210	10642
qañğybas	179	19335
qañğyma	226	70639
qañğymai	213	70640
qañğyp	166	10643
qañğyra	216	74989
qañğyru	209	62927
qañğyryp	175	16203
qağa	210	7322
qağady	214	71306
qağan	159	7323
qağanat	213	26834
qağanaty	186	26835
qağanda	212	67651
qağatyn	218	78956
qağaz	231	8944
qağazben	195	38261
qağazda	201	16925
qağazdan	176	16926
qağazdar	181	21200
qağazdardy	192	34136
qağazdarmen	217	77137
qağazdary	205	34325
qağazdarym	221	71599
qağazdarymdy	214	71601
qağazdaryn	192	34326
qağazdaryñdy	222	85642
qağazdarğa	229	93077
qağazdy	168	11589
qağazdyñ	204	52742
qağazy	179	15389
qağazym	213	70012
qağazymdy	214	71944
qağazymen	219	81218
qağazyn	174	15390
qağazyna	218	79186
qağazyñ	219	76734
qağazyñdy	217	76736
qağazğa	163	8946
qağba	224	87338
qağida	197	32351
qağidalar	208	32354
qağidalary	190	32355
qağidalaryn	203	51506
qağidany	211	66888
qağu	209	63339
qağynyp	213	69188
qağyp	231	96000
qağys	209	62970
qağysy	209	63298
qaşady	182	22886
qaşaiyn	201	47672
qaşamyz	200	45957
qaşan	231	3381
qaşanan	193	35731
qaşanğa	145	3383
qaşaq	223	86945
qaşasyñ	194	37261
qaşau	221	83099
qaşañğy	218	78308
qaşağan	208	61431
qaşpa	194	37282
qaşpai	207	58093
qaşpaidy	207	58095
qaşpaimyn	208	60081
qaşqan	174	15435
qaşqanda	216	75231
qaşqaqtap	215	74310
qaşqar	206	56540
qaşqyn	216	75787
qaşsa	195	38619
qaşsam	212	68137
qaşsañ	216	75695
qaşty	180	20354
qaştym	201	47712
qaştyq	217	76592
qaştyñ	208	61471
qaşu	175	16478
qaşuğa	198	43818
qaşy	228	10222
qaşyp	231	95027
qaşyq	178	10223
qaşyqtyq	178	10226
qaşyqtyqqa	189	30354
qaşyqtyqta	182	10228
qaşyqtyqtan	165	10229
qaşyqtyğy	202	49799
qaşyryp	201	47915
qhr	226	89837
qidan	218	78764
qidym	216	74913
qidyru	230	94239
qidyryp	213	69957
qiia	194	6049
qiiady	216	75192
qiial	231	21798
qiialdanyp	208	60716
qiialdap	188	28946
qiialdau	229	92720
qiialdy	227	91284
qiiali	181	21799
qiialy	206	51580
qiialyña	203	51582
qiialğa	211	66464
qiiamet	193	36008
qiiamette	215	72892
qiian	155	6050
qiianat	181	21601
qiiar	181	21009
qiiatyn	213	70407
qiiağa	215	74363
qiiaş	228	92404
qiiu	175	16521
qiiuğa	215	73444
qimai	231	21881
qimaidy	203	51081
qimaimyn	182	21884
qimaimyz	217	76987
qimaisyñ	198	44248
qimaityn	212	68457
qimaq	202	50367
qimas	211	65731
qimastyq	211	65734
qimasy	211	66525
qimağan	221	83174
qimyl	170	13074
qimylda	216	29724
qimyldai	211	66453
qimyldaityn	221	83182
qimyldamai	211	66730
qimyldamaidy	224	87981
qimyldap	188	29725
qimyldau	211	65567
qimyldy	197	41518
qimylsyz	223	86811
qimyly	205	54905
qinady	218	78097
qinaidy	205	54605
qinaisyñ	210	64330
qinaityn	223	86543
qinala	212	37384
qinalady	194	37386
qinalamyn	208	60847
qinalasyñ	196	40293
qinalatyn	200	46242
qinaldy	206	36644
qinaldym	193	36645
qinalmai	179	19155
qinalmaidy	223	86285
qinalmaityn	226	89884
qinalmas	221	74728
qinalmasyn	216	74730
qinalsa	215	53520
qinalsam	217	77523
qinalsamda	221	83632
qinalsañ	204	53521
qinalu	219	80077
qinalyp	231	95228
qinalys	230	94336
qinalğan	183	23848
qinalğanda	184	25000
qinalğanymdy	220	81971
qinalğanyn	213	69749
qinalğanyñdy	218	78108
qinalğym	218	78886
qinama	198	24947
qinamai	184	24948
qinamaimyn	201	47984
qinamaşy	204	53274
qinap	231	95971
qinau	205	54517
qinağan	208	59914
qinağym	203	51209
qiqu	224	87596
qiqym	225	88854
qirap	203	51977
qiratyp	209	61875
qisa	220	22900
qisaiyp	182	22903
qisañ	225	89226
qissa	220	82032
qisyndy	221	83777
qisynsyz	224	87203
qisyq	160	7741
qiu	213	70273
qiylyp	208	61184
qiylysy	221	83886
qiylysynda	224	87155
qiylğan	207	58028
qiyn	231	7131
qiynda	214	7133
qiyndau	158	7134
qiyndyq	162	8491
qiyndyqpen	219	79858
qiyndyqqa	191	33926
qiyndyqsyz	207	59517
qiyndyqta	204	23401
qiyndyqtan	196	41035
qiyndyqtar	183	23402
qiyndyqtardy	204	53682
qiyndyqtarğa	204	53473
qiyndyqty	194	38013
qiyndyqtyñ	212	68333
qiyndyğy	185	25293
qiyny	188	29768
qiynyraq	208	61544
qiynğa	192	35167
qiynşylyq	187	27835
qiynşylyqtan	219	80803
qiynşylyqtar	208	60586
qiynşylyqtardy	223	86963
qiynşylyqty	211	66698
qiynşylyğy	213	69906
qiyp	158	7206
qiyq	201	49092
qiyrşyq	222	84656
qiğan	204	53531
qiğaş	193	36403
qobalju	212	67491
qobaljyp	185	25387
qobda	214	72225
qobdağa	227	91595
qobdişa	225	88626
qoblan	211	66409
qobylan	219	80230
qobyz	183	23558
qobyzşy	219	80846
qodar	210	65247
qodyq	218	79731
qoia	231	4582
qoiaady	217	76688
qoiady	178	18603
qoiaiyn	231	95958
qoiaiyq	231	34798
qoiaiyqşy	192	34800
qoiamyn	192	34058
qoiamyz	196	39678
qoian	151	4583
qoiandar	209	62626
qoiandy	187	28187
qoiandyğa	218	78776
qoiannyñ	193	35999
qoianym	207	58276
qoianğa	204	52824
qoianşyq	204	53744
qoiar	210	32286
qoiarmyn	201	47555
qoiarsyz	200	46762
qoiarsyñ	190	32289
qoiarğa	212	68391
qoiasalşy	225	88435
qoiasyz	167	10939
qoiasyzdar	203	51279
qoiasyñ	154	5768
qoiatyn	184	24034
qoiatyndai	213	69590
qoiatynyn	216	75804
qoiayq	195	38511
qoidv	230	93769
qoidy	231	1684
qoidym	231	94829
qoidyq	152	4887
qoidyñ	135	1685
qoidyñdar	177	17992
qoidyñyz	167	10983
qoidyñyzdar	203	52046
qoiia	196	40289
qoiian	217	77942
qoilar	191	34043
qoilardy	217	77201
qoily	224	87184
qoilyq	224	87185
qoimady	171	13389
qoimadym	196	40250
qoimadyñ	175	16193
qoimaiaq	215	73650
qoimaidy	150	4267
qoimaimyn	177	17671
qoimaimyz	198	43220
qoimaisyz	200	47487
qoimaisyñ	172	14475
qoimaisyñdar	212	67479
qoimaiyn	208	61182
qoimaljyñ	221	84344
qoimapty	206	57556
qoimas	189	13455
qoimasa	181	21322
qoimasam	190	32169
qoimasañ	191	32708
qoimastan	216	75489
qoimasyn	171	13457
qoimañdar	203	51187
qoimañyz	201	48156
qoimañyzdar	216	75226
qoimağan	172	14312
qoimaşy	211	66950
qoimen	230	93851
qoinyma	217	77956
qoinyna	209	61958
qoinyña	220	81584
qoisada	210	64814
qoisai	143	2864
qoisaişy	203	51381
qoisam	144	3180
qoisaq	173	14817
qoisañ	154	5673
qoisañda	203	37500
qoisañdar	194	37501
qoisañdarşy	203	51611
qoisañyz	170	13079
qoisañyzdar	188	28926
qoisañyzşy	197	42154
qoisañşy	201	48782
qoiuğa	194	36875
qoiy	200	2026
qoiylady	166	10424
qoiylatyn	172	14211
qoiyldy	179	19630
qoiylmady	222	84437
qoiylmaidy	191	33317
qoiylmasa	225	88206
qoiylmağan	192	35426
qoiylu	206	57349
qoiylym	192	34429
qoiylyp	182	22110
qoiylğan	164	9837
qoiym	208	60892
qoiyn	191	32794
qoiyp	231	2427
qoiyppyn	171	13603
qoiypsyz	193	36061
qoiypsyñ	175	16424
qoiypsyñdar	214	71621
qoiypty	140	2429
qoiyñ	176	2027
qoiyñdar	143	2806
qoiyñdarşy	231	95003
qoiyñdy	216	75257
qoiyñyz	138	2029
qoiyñyzdar	164	9442
qoiyñyzdarşy	201	49053
qoiyñyzşy	150	4417
qoiğa	188	16001
qoiğan	231	16002
qoiğandai	197	42152
qoiğandar	204	53181
qoiğandy	212	68830
qoiğannan	202	50467
qoiğansyz	204	53431
qoiğansyñ	175	16005
qoiğanym	189	30294
qoiğanyma	209	63368
qoiğanymdy	198	44009
qoiğanyñ	191	33868
qoiğanyña	223	85814
qoiğanyñdy	210	64974
qoiğanyñyz	219	80473
qoiğanğa	206	56429
qoiğyzu	230	94392
qoiğyzyp	206	56979
qoiğyñ	205	54783
qoiğyş	224	87053
qoiş	231	94745
qoişy	231	94928
qoja	231	49551
qojabek	203	52116
qojahmet	202	49555
qojaiyn	207	59653
qojalar	211	65844
qojalyq	223	86338
qojanasyr	218	78914
qojanov	211	65589
qojanyñ	202	49736
qojaq	228	92186
qojeke	212	67762
qol	231	1344
qola	164	9645
qolai	225	9878
qolaily	165	9880
qolaisyz	172	13935
qolaisyzdyq	228	92256
qolan	227	91242
qolbasy	229	93546
qolbasşy	204	53857
qolda	157	3164
qoldady	206	57012
qoldai	203	14197
qoldaidy	188	29209
qoldaimyn	172	14200
qoldaimyz	189	31393
qoldaityn	190	32464
qoldaiyq	215	72847
qoldamaimyn	225	88966
qoldan	231	3165
qoldana	164	9555
qoldanady	164	9557
qoldanamyn	198	43647
qoldanasyz	212	67279
qoldanasyñ	213	69738
qoldanatyn	171	13173
qoldanba	210	16501
qoldanbaly	175	16503
qoldandym	211	65513
qoldansa	205	54631
qoldansam	224	87177
qoldanu	146	3441
qoldanudyñ	199	45499
qoldanuy	209	61826
qoldanuğa	164	9658
qoldanuşy	211	65532
qoldanylady	144	3170
qoldanylatyn	158	6925
qoldanyluy	181	21640
qoldanylyp	194	37235
qoldanylğan	177	18206
qoldanyp	152	4982
qoldanys	206	34584
qoldanysqa	192	34586
qoldanystağy	199	44876
qoldanğan	174	15393
qoldap	149	4059
qoldar	194	16893
qoldary	176	16894
qoldarym	202	49746
qoldarymen	216	74631
qoldaryn	183	22947
qoldaryna	198	42673
qoldarynan	200	47310
qoldarynda	208	60634
qoldaryñ	178	19010
qoldaryña	209	62555
qoldaryñda	219	80053
qoldaryñdy	200	46400
qoldaryñnan	205	55320
qoldaryñyz	202	50097
qoldaryñyzdan	219	80996
qoldasa	218	79366
qoldasyn	176	17117
qoldau	147	3763
qoldauy	207	42296
qoldauymen	197	42299
qoldauyn	212	68430
qoldauğa	202	49649
qoldauşy	199	45200
qoldauşym	212	68213
qoldağan	203	50994
qoldağy	197	41990
qoldy	159	7418
qoldyñ	166	10710
qolhat	193	35740
qolhatty	219	80047
qolim	221	83779
qoljazba	211	66854
qoljetımdı	192	34395
qolma	165	10188
qolmen	147	3659
qolpaştap	225	88654
qolqa	197	41712
qolqanat	201	47814
qoltañba	216	75625
qoltyqşaş	185	25263
qoltyrauyn	209	61925
qoly	132	1345
qolym	231	3709
qolyma	162	8504
qolymda	157	6891
qolymdağy	200	45972
qolymdy	157	6874
qolymen	164	9624
qolymmen	186	27058
qolymnan	147	3712
qolymnyñ	206	57750
qolymyz	184	24721
qolymyzda	190	27022
qolymyzdan	186	27023
qolymyzdy	200	46230
qolymyzğa	200	46876
qolyn	137	1867
qolyna	152	3693
qolynan	147	3694
qolynda	152	4915
qolyndağy	181	21202
qolynmen	224	87512
qolynnan	204	54318
qolynyñ	198	43384
qolyñ	231	5782
qolyña	161	8233
qolyñda	173	14535
qolyñdağy	204	53987
qolyñdy	161	8465
qolyñmen	187	28863
qolyñnan	155	5785
qolyñnyñ	210	64079
qolyñyz	231	26347
qolyñyzda	196	27355
qolyñyzdan	186	27356
qolyñyzdy	194	37114
qolyñyzğa	185	26349
qolñnan	220	81678
qolöner	182	21975
qolğa	144	3129
qolğabys	214	72130
qolğanat	190	31964
qolğanaty	213	70624
qolğap	175	16328
qolşatyr	222	84734
qomağai	220	82017
qon	184	5652
qona	178	18528
qonady	191	32779
qonaev	188	29217
qonai	216	68496
qonaiyn	212	68498
qonamyn	211	66269
qonamyz	198	43841
qonaq	231	27907
qonaqasy	212	68764
qonaqjailylyq	230	93960
qonaqqa	231	95387
qonaqta	231	27909
qonaqtamyn	196	40231
qonaqtan	231	97624
qonaqtar	231	27910
qonaqtardy	190	32160
qonaqtardyñ	213	69765
qonaqtary	193	27911
qonaqtarym	207	58295
qonaqtaryñ	187	27912
qonaqtarğa	200	47051
qonaqty	198	44184
qonaqtyq	205	54475
qonar	211	67144
qonasyñ	191	33366
qonatyn	186	27020
qonağa	219	73032
qonağasy	215	73034
qonağymyz	223	85879
qonbai	201	49212
qonbaidy	211	65669
qonbaityn	214	72406
qondy	198	37101
qondym	218	78443
qondyq	216	75218
qondyrma	226	89781
qondyru	221	83289
qondyryp	194	37104
qondyrğan	214	71963
qondyrğy	213	70088
qondyrğylar	216	76088
qonjyq	182	22729
qonjyğym	160	7721
qonsam	218	79706
qonsyn	197	42363
qonu	206	57567
qonuğa	231	96740
qonymdy	209	62300
qonyp	158	7209
qonyr	197	42635
qonyrat	222	85196
qonyrau	213	70215
qonys	154	5654
qonysbai	203	51226
qonysbek	207	58205
qonystanu	222	84769
qonystanğan	194	37764
qonystaryñ	206	56138
qonyşty	230	93694
qonğan	188	29568
qopa	221	44231
qoparyp	198	44234
qopsytqyş	216	74899
qopyrap	220	82196
qoq	220	28467
qoqan	191	33967
qoqym	224	87685
qoqyp	203	51570
qoqys	187	28469
qoqysqa	214	72179
qor	157	1790
qora	231	13982
qorada	188	29101
qoradan	210	65069
qoram	215	72915
qorany	209	50346
qoranyñ	202	50347
qorap	179	19348
qorapty	219	79855
qorapşa	225	89156
qorasan	226	89549
qorağa	172	13984
qorda	215	35282
qordai	230	35283
qordaida	202	50739
qordaidan	214	72629
qordaiğa	192	35285
qordyñ	210	64576
qorek	207	16642
qorektendıru	213	70311
qorektenu	205	54541
qorektı	221	16644
qorektık	176	16645
qorjyn	193	36716
qorlan	191	34002
qorlap	207	57909
qorlau	219	80097
qorq	212	1791
qorqady	170	12971
qorqaiyn	191	33839
qorqam	136	1793
qorqamyn	167	11391
qorqamyz	199	45624
qorqaq	231	87270
qorqaqsyñ	224	87273
qorqasyn	194	37966
qorqasyz	212	68995
qorqasyñ	172	14490
qorqatyn	164	9606
qorqatyndai	220	81956
qorqnşt	216	75650
qorqpa	172	14417
qorqu	186	27654
qorquğa	228	91985
qorqynyş	172	14450
qorqynyşpen	223	86228
qorqynyştan	227	90682
qorqynyşty	231	95466
qorqyp	231	94966
qorqyt	182	9781
qorqyta	203	51616
qorqytady	213	69424
qorqytpa	218	72446
qorqytpaşy	214	72448
qorqytqan	216	76097
qorqytty	217	70753
qorqyttyñ	213	70754
qorqytu	202	49710
qorqytyp	164	9783
qors	230	94153
qortyndy	187	28846
qortyndysy	198	43982
qortyndysyn	211	65670
qortyp	223	86527
qortyq	194	37781
qory	169	3732
qoryldap	193	36060
qorym	209	63260
qorymy	216	74860
qoryn	180	20488
qoryna	199	44571
qorynyñ	188	29744
qoryq	189	3733
qoryqpa	147	3735
qoryqpai	172	14434
qoryqpaidy	193	35842
qoryqpaimyn	190	32265
qoryqpaisyñ	195	39505
qoryqpaityn	201	48190
qoryqpañdar	209	62136
qoryqpañyz	185	26264
qoryqpaş	202	50658
qoryqpaşy	221	83692
qoryqqan	186	27425
qoryqqanda	221	83257
qoryqqannan	202	50454
qoryqsa	220	57514
qoryqsañ	206	57515
qoryqty	208	23803
qoryqtym	183	23804
qoryqtyq	216	76082
qoryta	195	39159
qorytpa	228	92495
qorytu	178	19055
qorytyndy	149	4078
qorytyndylai	202	49916
qorytyndylau	199	45326
qorytyndyny	210	64906
qorytyndysy	172	14173
qorytyndysyn	185	25687
qorytyndyğa	209	62874
qorytyp	199	45800
qorğa	193	4062
qorğadym	224	87917
qorğadyñ	225	88685
qorğai	182	15525
qorğaidy	176	17275
qorğaimyn	209	63381
qorğaimyz	198	43088
qorğaityn	174	15528
qorğaljyn	213	70353
qorğalğan	204	53024
qorğan	182	17740
qorğansyz	226	89663
qorğanu	196	40381
qorğany	202	17741
qorğanym	216	74981
qorğanys	177	17742
qorğanystyq	230	94333
qorğanyş	187	28116
qorğanyştyq	217	77315
qorğanyşym	214	71444
qorğap	156	6387
qorğau	149	4063
qorğauğa	183	23304
qorğauşy	194	37026
qorğauşylar	216	75290
qorğauşym	194	37027
qorğauşysy	215	73456
qorğağan	196	40623
qorğaştap	215	73048
qorşalğan	204	54193
qorşap	187	27946
qorşau	211	66060
qorşağan	146	3501
qos	231	750
qosa	231	6506
qosady	161	8120
qosai	187	6507
qosaiyn	157	6509
qosaiyq	180	19994
qosalqy	184	24869
qosamyn	168	11512
qosamyz	164	9786
qosan	216	73894
qosanova	219	80546
qosanovqa	215	73898
qosar	199	44311
qosarlanu	225	89215
qosasyz	178	18648
qosasyñ	231	97516
qosatyn	160	8054
qosañ	217	76589
qosağyñmen	183	23925
qosmekendıler	217	76497
qosmekendılerdıñ	221	83844
qospa	156	6302
qospady	200	46126
qospadym	205	55221
qospadyñ	208	60665
qospai	231	40438
qospaiaq	196	40440
qospaimyn	204	53979
qospaimyz	199	44461
qospaityn	212	68778
qospaly	227	91020
qospanyñ	201	48597
qospaq	224	88019
qospasa	204	53578
qospasy	190	32623
qospañdar	191	33143
qospağan	198	39809
qospağanda	196	39811
qosqan	231	10137
qosqanda	165	10139
qosqany	219	73176
qosqanym	215	73177
qosqym	207	58525
qossa	166	10758
qossai	171	13757
qossam	176	16874
qossaq	191	33490
qossañ	184	24054
qossañyz	203	52196
qossyn	185	25399
qossynşy	210	63644
qostanai	231	40519
qostanaida	199	45608
qostanaidan	210	64790
qostanaiğa	196	40521
qosty	156	4779
qostym	151	4780
qostyq	197	41945
qostyryp	206	57225
qostyñ	176	16964
qostyñyz	205	54919
qosu	133	1458
qosudy	188	29637
qosuly	169	11996
qosuyñmen	221	83906
qosuğa	231	96903
qosyl	177	3779
qosyla	147	3780
qosylady	160	7745
qosylaiyn	205	54566
qosylaiyq	178	18878
qosylamyn	175	16097
qosylamyz	170	13108
qosylar	214	71854
qosylasyñ	193	36192
qosylasyñdar	222	85435
qosylatyn	177	17763
qosylatyndar	214	71647
qosyldy	157	6485
qosyldym	182	22047
qosyldyma	205	55923
qosyldyñ	194	37670
qosylmady	200	46137
qosylmai	231	21762
qosylmaidy	181	21764
qosylmaityn	210	65381
qosylmasa	210	63462
qosylmağan	197	41794
qosylsa	171	13556
qosylsaq	190	31519
qosylsyn	169	12458
qosylu	171	13578
qosyluy	198	43816
qosyluğa	191	32917
qosylyp	231	62013
qosylypty	209	62015
qosylys	197	27049
qosylystar	186	27052
qosylyñyz	191	33146
qosylyñyzdar	196	40989
qosylğan	155	5963
qosylğanda	193	36706
qosylğandar	208	59784
qosylğany	218	78884
qosylğym	202	49549
qosylğysy	209	63286
qosylğyñ	207	59043
qosylğyş	225	88896
qosymşa	125	754
qosymşadan	197	42379
qosymşalar	200	46395
qosymşanyñ	193	36109
qosymşağa	162	8706
qosyndy	206	16657
qosyndysy	176	16659
qosyp	231	44251
qosypty	199	44253
qosyñdar	178	18728
qosyñyz	190	8428
qosyñyzdar	212	59098
qosyñyzdarşy	207	59100
qosyñyzşy	161	8430
qosözen	215	72899
qosşy	231	95478
qot	207	3846
qotaqbas	148	3851
qotaqtar	210	64588
qotağym	157	6611
qotağyña	227	91427
qotağyñdy	190	32609
qotyr	189	30451
qoza	212	69097
qozdyra	229	92798
qozdyruşy	225	88514
qozdyrğyş	209	62897
qozu	192	34120
qozy	170	12892
qozydai	221	84091
qozym	207	58980
qozyny	225	89081
qozyp	231	96890
qozğady	228	92355
qozğai	207	58891
qozğaidy	211	65904
qozğalady	186	27084
qozğalatyn	191	33065
qozğaldy	209	62419
qozğalmai	188	29920
qozğalmaidy	213	70742
qozğalmaly	191	33800
qozğaltqyş	180	20029
qozğalu	191	33122
qozğalyp	178	18947
qozğalys	153	5175
qozğalystardyñ	211	66610
qozğalystyñ	190	32370
qozğalysy	176	16654
qozğalysyn	191	26555
qozğalysynyñ	186	26557
qozğalğan	201	47538
qozğama	214	72496
qozğamai	215	73459
qozğap	181	21576
qozğau	205	37412
qozğauşy	194	37414
qozğağan	210	63444
qozğyş	227	90899
qozğyştyq	228	91992
qoñsy	223	86906
qoñyr	150	4512
qoñyrat	168	11944
qoñyrattyñ	210	64222
qoñyrau	231	51775
qoñyrauda	203	51777
qoñyraudy	218	79738
qoñyrauy	217	76791
qoñyrauğa	212	67784
qoñyrbai	228	92224
qoñyrjai	186	26479
qoñyrlau	224	87104
qoñyrqai	212	68310
qoñyz	210	63748
qoğa	225	2829
qoğaly	217	77188
qoğam	231	2830
qoğamda	174	15691
qoğamdağy	175	16264
qoğamdy	191	2832
qoğamdyq	143	2833
qoğamnyñ	159	7553
qoğamtanu	217	77691
qoğamy	198	31893
qoğamynyñ	190	31896
qoğamğa	181	20885
qoşemet	218	78628
qoşqar	174	15289
qoşqarbaev	216	74645
qoşqarbaeva	216	75925
qoşqardai	223	86458
qoşqarmüiız	223	86823
qoştap	217	76615
qoştasa	213	70533
qoştasamyz	229	93119
qoştasatyn	229	92977
qoştasqan	222	85033
qoştasqym	220	82263
qoştasty	226	90036
qoştastyq	227	91369
qoştasu	184	24078
qoştasuy	222	84743
qoştasuğa	219	81345
qoştasyp	185	25970
qpzaq	217	78038
qslaisyñ	225	88335
quady	149	4111
quaiyn	196	40360
qualaityn	180	20580
qualap	185	25940
qualaspaq	215	74518
qualau	204	53701
quamyz	176	17032
quan	172	895
quana	162	8623
quanady	194	37880
quanamyn	183	23158
quanamyz	203	51617
quanar	196	40884
quanasyñ	210	63596
quanatyn	184	24513
quanbek	222	85372
quandy	200	34472
quandym	192	34473
quandyq	231	81085
quandyqtyñ	219	81088
quansam	222	85173
quansañ	220	82798
quanta	170	13023
quantady	207	59042
quantai	198	44114
quantatyn	209	62804
quantqan	216	75867
quantsyn	209	61945
quantu	214	71325
quantuğa	221	84183
quantyp	156	6300
quanu	204	54287
quanyp	231	95020
quanyş	231	897
quanyşbaev	197	41962
quanyşbek	184	25029
quanyşpen	189	31367
quanyşqa	158	7107
quanyşta	193	18160
quanyştada	220	81907
quanyştan	184	24824
quanyştar	204	18161
quanyştary	217	18162
quanyştaryn	210	64123
quanyştaryna	219	80225
quanyştaryñ	177	18163
quanyştaryña	201	47726
quanyştaryñyz	195	38801
quanyşty	231	899
quanyştymyn	127	902
quanyştymyz	182	22910
quanyştyñ	185	25103
quanyşy	163	9346
quanyşym	199	43785
quanyşyma	221	83414
quanyşymda	211	66266
quanyşymdy	209	61996
quanyşymyz	198	43787
quanyşymyzdy	217	77799
quanyşyn	177	17863
quanyşyna	189	30913
quanyşynda	217	77964
quanyşyñ	190	32319
quanyşyña	191	33203
quanyşyñdy	215	73509
quanyşyñyz	208	59747
quanyşyñyzğa	213	70642
quanğan	192	34159
quanğanda	214	72573
quanğannan	205	55509
quas	217	41494
quasyz	197	41496
quasyñ	231	57677
quasyñdar	206	57680
quat	231	8775
quatbek	198	42869
quatjan	223	86523
quatqa	216	75189
quatty	162	8777
quattyñ	206	56611
quaty	177	12821
quatyn	170	12822
quatyny	213	70534
quañ	179	19259
quañşylyq	202	50407
qudalau	226	90185
qurai	227	90917
qusam	197	42072
qusaq	217	76525
qusañ	193	35586
quyp	231	94872
quyqqa	213	69310
quyr	204	5063
quyra	201	49000
quyrdaq	152	5066
quyru	203	51731
quyrylğan	198	42920
quyryp	168	11486
quyrğan	220	82322
quyrşaq	181	21332
quyrşaqtar	220	82271
quys	189	27898
quysta	224	87442
quysty	206	56775
quysy	187	27899
quysyn	206	34085
quysynyñ	192	34087
quğan	172	14295
quğanda	209	62258
quğany	227	91465
quğym	217	76375
quğyn	186	26962
quğynbai	231	50509
quğynbailar	202	50512
quğynşy	196	39878
qvzdy	229	92682
qydyr	172	1715
qydyra	203	26964
qydyrady	219	79936
qydyraiyn	221	83451
qydyraiyq	206	56663
qydyraiyqşy	230	93849
qydyram	203	26965
qydyramyz	186	26967
qydyrasyñ	222	84830
qydyratyn	194	37291
qydyrbai	191	33092
qydyrdyq	218	79581
qydyrdyñ	216	75967
qydyrdyñdar	230	94400
qydyrtyp	199	44257
qydyru	187	28246
qydyrudan	227	90549
qydyruğa	187	28248
qydyryp	136	1717
qydyrys	206	57060
qydyryñdar	229	92657
qydyrğan	201	48884
qydyrğanda	219	79915
qydyrğym	209	62213
qyimai	209	62033
qyinalyp	185	25149
qyinap	205	55016
qyisyq	213	69991
qyiyn	156	6305
qyjalat	224	88024
qyjym	229	93514
qyl	231	6490
qyla	231	11212
qylady	171	13179
qylaiyn	182	22428
qylaiyq	198	44181
qylamyn	192	34505
qylamyz	180	20348
qylap	226	90150
qylar	201	48271
qylasyz	204	53852
qylasyñ	167	11215
qylatyn	175	16119
qylau	213	69256
qyldai	214	72586
qyldy	157	6492
qyldym	178	18934
qyldyq	214	71455
qyldyryp	197	42404
qyldyñ	162	8670
qyldyñdar	202	49523
qyldyñyz	201	48987
qylma	191	13815
qylmai	171	13816
qylmaidy	192	34944
qylmaimyn	220	82506
qylmaisyñ	225	88981
qylmaityn	214	72311
qylmas	218	78612
qylmasa	221	83900
qylmasyn	221	83609
qylmağan	218	78145
qylmys	181	14375
qylmysker	212	67468
qylmysty	220	14377
qylmystyq	172	14378
qylmystyñ	220	82495
qylq	229	40887
qylqalam	216	74859
qylqan	196	40889
qylqyldap	203	52582
qylqynyp	210	65087
qylsa	189	30055
qylsai	201	48235
qylsam	200	46457
qylsaq	211	66814
qylsañ	196	39829
qylsyn	174	15523
qyltyñ	217	76259
qylu	171	13633
qyludy	223	86921
qyluğa	188	29556
qylyp	231	76376
qylypty	217	76378
qylyq	176	17314
qylyqtar	208	44915
qylyqtarym	223	44917
qylyqtarymen	199	44919
qylyqtaryn	204	53420
qylyqtaryna	214	71419
qylyqtaryñ	204	53700
qylyqty	178	18306
qylyqtym	223	86153
qylyñdar	208	60446
qylyñyz	216	75588
qylyğy	185	25783
qylyğym	210	47063
qylyğymen	200	47065
qylyğyn	200	46375
qylyğyna	207	59019
qylyğyñ	202	50669
qylyş	186	27147
qylyşbek	211	65852
qylğai	220	81634
qylğam	220	82148
qylğan	166	10678
qylğanda	219	81009
qylğanyñ	221	84317
qylğym	204	53808
qylğynyp	220	82632
qylşa	229	93151
qylşyq	230	94382
qymbat	231	18399
qymbatpa	206	56164
qymbatsyñ	211	65466
qymbattaidy	211	66940
qymbattap	178	18402
qymbatty	231	61425
qymbattym	231	97120
qymbattyñ	208	61426
qymbaty	201	47620
qymbatyn	205	54812
qymbatyraq	219	81293
qymbatşylyq	227	91079
qymsynu	200	97824
qymyran	215	74439
qymyz	165	9953
qymyzdy	209	63120
qymyzdyq	225	88455
qymyzdyñ	221	83739
qymyzy	218	79108
qymyzğa	222	85078
qyna	208	55171
qynaly	219	79860
qynap	205	55172
qypşa	215	8155
qypşaq	161	8156
qyr	231	1828
qyran	173	14872
qyrandai	218	78137
qyrandary	190	32193
qyrannyñ	223	86359
qyrat	226	77352
qyratyn	217	77354
qyrau	193	36049
qyrağy	202	50307
qyrda	189	30538
qyrdan	200	46676
qyrdy	213	64731
qyrdyñ	210	64732
qyrküiek	231	33129
qyrküiekte	191	33131
qyrküiekten	208	59683
qyrlary	210	64046
qyrly	181	21174
qyrlyp	207	57922
qyrlysyp	209	62689
qyrman	229	93048
qyrmyzy	182	22369
qyrq	227	9027
qyrqa	223	85955
qyrqu	220	82274
qyrqy	182	9028
qyrqyn	203	9029
qyrqyna	189	9030
qyrqynan	163	9031
qyrqyp	184	24279
qyrsyq	136	1831
qyrsyqpa	218	53995
qyrsyqpai	204	53996
qyrsyqpaş	210	64349
qyrsyqpyn	185	25405
qyrsyqqan	217	49023
qyrsyqqanda	201	49025
qyrsyqsyñ	197	41725
qyrsyqtau	210	64741
qyrsyqtyq	200	46727
qyrsyqtyñ	221	83943
qyrsyqtyğy	215	56186
qyrsyqtyğym	206	56187
qyrsyqtyğyn	227	91305
qyrsyqtyğyñ	221	83199
qyrsyğa	201	49031
qyrsyğu	228	91993
qyrsyğym	174	15761
qyrsyğyp	160	7865
qyrt	197	42036
qyrta	212	67344
qyrtpa	222	59566
qyrtpai	207	59567
qyrtys	198	43034
qyrtysty	220	82042
qyru	220	72306
qyruar	214	72308
qyry	171	5221
qyryl	224	5222
qyryla	209	62801
qyrylatyn	213	70241
qyryldy	213	70219
qyrylu	216	75227
qyrylyp	153	5224
qyrylys	201	35156
qyrylysyp	192	35158
qyrylğan	204	53990
qyrym	211	67069
qyryn	204	36669
qyrynan	196	40944
qyryndap	193	36672
qyrynyp	209	62879
qyryp	166	10460
qyryq	231	57572
qyryqaiaq	217	76767
qyryqqa	206	57574
qyryqqabat	216	74765
qyrğa	183	23274
qyrğan	217	76329
qyrğauyl	203	52036
qyrği	226	90099
qyrğyn	165	9932
qyrğyz	231	52037
qyrğyzstanda	228	92322
qyrğyzşa	203	52039
qyrğyş	210	63473
qyrşyn	218	79691
qys	231	1196
qysa	187	28734
qysady	201	47788
qysatyn	206	57628
qysañ	199	44638
qyspa	219	79009
qyspaqqa	218	79012
qysqa	131	1198
qysqada	215	74428
qysqalau	213	70007
qysqan	191	33628
qysqart	212	10693
qysqartu	185	26190
qysqartuğa	207	59262
qysqartylğan	204	52760
qysqartyp	166	10695
qysqaryp	195	38866
qysqarğan	202	50893
qysqasy	167	11310
qysqasyn	213	69722
qysqaşa	151	4561
qysqy	156	6193
qysqyş	226	90394
qyssa	222	59259
qyssañ	207	59260
qyssyn	215	73684
qysta	231	12770
qystai	200	47059
qystan	170	12771
qystaq	224	87467
qystau	190	32513
qystağy	217	77619
qysty	183	12267
qystygünı	225	89230
qystyq	169	12268
qystyra	216	74999
qystyrma	192	34436
qystyrylyp	201	47930
qystyrylysyp	224	87420
qystyryp	188	29974
qystyrğyş	222	84563
qystyñ	173	14575
qysu	203	52460
qysy	192	7663
qysylma	204	54163
qysylu	215	73725
qysylyp	160	7666
qysylğan	209	61732
qysylğanda	215	72925
qysym	161	8340
qysymdy	191	33087
qysymy	177	17614
qysymyn	199	44813
qysymğa	211	66665
qysyp	231	95404
qysyq	215	74562
qysyr	213	69394
qysşy	159	7622
qytai	231	81590
qytailyq	220	81593
qytyr	223	77765
qytyrlaq	217	77768
qyz	231	172
qyza	217	8318
qyzady	203	51584
qyzamyq	217	77309
qyzan	227	57939
qyzanaq	207	57941
qyzar	207	8319
qyzarmai	218	79694
qyzartyp	212	67254
qyzaru	218	79269
qyzaryp	161	8321
qyzarğan	208	60507
qyzbala	216	75992
qyzbalyq	222	84996
qyzben	231	95030
qyzbyn	231	95835
qyzbyz	202	49281
qyzda	155	758
qyzdai	186	27442
qyzdan	152	4993
qyzdap	215	73393
qyzdar	231	759
qyzdarai	222	85247
qyzdarda	162	4142
qyzdardan	149	4143
qyzdardy	137	1673
qyzdardyñ	135	1674
qyzdardıkı	207	58945
qyzdarmen	131	1284
qyzdary	231	7350
qyzdarym	163	9281
qyzdaryma	193	35520
qyzdarymdy	200	46037
qyzdarymen	185	25890
qyzdarymmen	214	71178
qyzdarymnyñ	204	53956
qyzdarymyz	200	45949
qyzdarymyzdyñ	217	77976
qyzdarymyzğa	226	89947
qyzdaryn	169	12237
qyzdaryna	172	14066
qyzdarynan	202	49277
qyzdarynda	223	85969
qyzdarynyñ	180	20455
qyzdaryñ	159	7351
qyzdaryña	186	27124
qyzdaryñdy	191	33589
qyzdaryñmen	199	44956
qyzdaryñnan	215	73095
qyzdaryñnyñ	168	11783
qyzdaryñyz	185	17105
qyzdaryñyzdy	216	17107
qyzdaryñyzdyñ	176	17108
qyzdarğa	125	761
qyzdarğada	208	61169
qyzdyq	199	44740
qyzdyra	216	74976
qyzdyru	186	26963
qyzdyryp	176	16623
qyzdyrğanda	208	60330
qyzdyrğyş	217	76760
qyzdyñ	231	82429
qyzdyñda	220	82431
qyzdyğymdy	227	90595
qyzdyğyñ	229	93004
qyzdıkı	207	58236
qyzjoldas	230	94489
qyzmet	134	1512
qyzmetke	186	24509
qyzmetker	184	24510
qyzmetkerdıñ	204	53971
qyzmetkerler	187	28663
qyzmetkerlerdıñ	195	38333
qyzmetkerlerge	208	61510
qyzmetkerlerı	188	29862
qyzmetkerlerıne	213	69218
qyzmetkerlerınıñ	199	44678
qyzmetkerı	198	43822
qyzmette	189	23947
qyzmetten	209	62284
qyzmetter	186	23948
qyzmetterdı	195	39474
qyzmetterı	183	23949
qyzmetterın	196	39747
qyzmettı	186	26564
qyzmettık	191	33123
qyzmettıñ	186	26565
qyzmetı	142	2785
qyzmetımen	202	50903
qyzmetın	155	5860
qyzmetınde	199	44373
qyzmetıne	174	15354
qyzmetınen	215	73308
qyzmetınıñ	169	12279
qyzmetıñ	214	71628
qyzmetşı	199	45583
qyzsyz	195	39563
qyzsyñ	231	95617
qyzteke	219	81332
qyzu	173	14654
qyzulap	208	59935
qyzuy	191	33396
qyzy	231	173
qyzyda	207	58361
qyzyl	231	18078
qyzylbas	228	91883
qyzylda	211	44106
qyzyldar	198	44107
qyzyldağy	210	64582
qyzyldy	201	47906
qyzyldyñ	222	85697
qyzylmen	182	22479
qyzylorda	231	18082
qyzylordada	181	20954
qyzylordadan	190	31465
qyzylordadağy	221	83325
qyzylordalyq	223	86055
qyzylordanyñ	195	38875
qyzylordağa	177	18084
qyzylqoğa	201	48177
qyzyltu	213	69853
qyzyly	199	44934
qyzylyn	209	62420
qyzylğa	190	32656
qyzylşa	186	26698
qyzym	231	4540
qyzyma	151	4541
qyzymda	183	23857
qyzymdy	231	96074
qyzymen	169	12116
qyzymmen	177	17807
qyzymnan	197	41226
qyzymnyñ	157	6703
qyzymsyñ	207	59444
qyzymyn	172	14127
qyzymyz	173	14604
qyzymyzdy	206	24252
qyzymyzdyñ	184	24253
qyzymyzğa	199	45346
qyzyn	231	6306
qyzyna	156	6307
qyzynan	198	44063
qyzynda	204	53318
qyzyndai	212	68201
qyzyp	163	9046
qyzyq	100	174
qyzyqpa	188	29200
qyzyqpai	214	58787
qyzyqpaidy	211	66591
qyzyqpaimyn	207	58790
qyzyqqa	189	30484
qyzyqqan	211	65754
qyzyqqo	196	39693
qyzyqqoi	210	65016
qyzyqsyz	164	9522
qyzyqsyñ	186	27143
qyzyqta	200	20781
qyzyqtan	197	41709
qyzyqtap	182	21954
qyzyqtar	180	20782
qyzyqtaryn	191	32712
qyzyqtaryna	206	57586
qyzyqtaryña	219	80962
qyzyqtaryñdy	206	56394
qyzyqtau	228	92029
qyzyqty	231	16426
qyzyqtyra	211	51784
qyzyqtyrady	203	51786
qyzyqtyraq	226	89924
qyzyqtyrmai	218	28711
qyzyqtyrmaidy	187	28713
qyzyqtyrsa	198	42987
qyzyqtyru	210	63861
qyzyqtyryp	175	16429
qyzyqtyñ	196	40290
qyzyqşyl	229	49146
qyzyqşylyq	221	84309
qyzyqşylyğyn	201	49150
qyzysyñ	194	36989
qyzyñ	231	4775
qyzyña	165	9865
qyzyñba	197	41455
qyzyñda	207	58767
qyzyñdy	165	10299
qyzyñmen	177	18209
qyzyñnan	207	58914
qyzyñnyn	216	75252
qyzyñnyñ	157	6813
qyzyñyz	151	4777
qyzyñyzben	209	62124
qyzyñyzdy	191	17364
qyzyñyzdyñ	177	17365
qyzyñyzğa	194	38126
qyzyğady	195	38242
qyzyğam	190	32489
qyzyğamyn	202	50814
qyzyğasyñ	202	50619
qyzyğatyn	194	37854
qyzyğu	216	16696
qyzyğuşylyq	176	16701
qyzyğuşylyğy	195	30861
qyzyğuşylyğyn	189	30862
qyzyğy	166	5136
qyzyğyn	231	5137
qyzyğyna	153	5138
qyzyğyp	153	5237
qyzyğyraq	213	70010
qyzyğyñ	210	64869
qyzğa	231	4386
qyzğada	208	60170
qyzğaldaq	177	17415
qyzğaldaqtai	216	76172
qyzğaldağym	206	56880
qyzğana	178	15444
qyzğanady	174	15446
qyzğanamyn	177	17600
qyzğanasyñ	180	20612
qyzğanatyn	180	20586
qyzğanatyndai	216	75206
qyzğanba	191	33612
qyzğanbai	202	49469
qyzğanbaidy	210	65146
qyzğanbaimyn	204	53260
qyzğanbaisyñ	207	59530
qyzğanbaityn	202	50742
qyzğanbasañ	220	82700
qyzğanbau	230	94678
qyzğandym	202	50335
qyzğandyru	199	45834
qyzğandyryp	198	43778
qyzğandyñ	212	68611
qyzğansa	206	56544
qyzğansam	206	57034
qyzğansañ	214	71437
qyzğanu	193	35592
qyzğanuğa	213	70796
qyzğanyp	231	95319
qyzğanyş	176	17202
qyzğanyştan	196	41028
qyzğanğan	188	29486
qyzğanğanda	215	74129
qyzğanşaq	150	4390
qyzğanşaqpyn	182	21966
qyzğanşaqsyñ	204	54111
qyzğanşaqtyq	215	74541
qyzğanşağym	175	16459
qyzğylt	194	37280
qyzğyn	221	83533
qyzğyş	214	72112
qyzşyl	230	94428
qyñq	222	85252
qyñsylap	229	93284
qyñyr	217	77333
qyşa	216	74756
qyşidy	205	55517
qyşqyl	171	10748
qyşqyldar	202	30978
qyşqyldary	189	30979
qyşqyldarynyñ	197	41568
qyşqyldy	200	43767
qyşqyldyq	198	43768
qyşqyldyñ	223	86974
qyşqyly	166	10749
qyşqylymen	204	53726
qyşqylyn	198	24046
qyşqylynyñ	184	24048
qyşu	222	85737
qyşuyn	225	88923
qyşy	200	46885
qyşyma	216	76016
qyşyp	231	96568
qyşytyp	217	77652
qyşşy	206	57253
qzı	217	77928
qäne	213	69307
qäte	204	54013
qäzır	231	33901
qäzırgı	191	33903
qūba	212	68311
qūbyjyq	193	36214
qūbyla	218	74378
qūbylağa	215	74380
qūbylmaly	192	35386
qūbylyp	206	56951
qūbylys	159	7313
qūbylystar	169	12114
qūbylystardy	188	29727
qūbylystardyñ	191	32811
qūbylystary	192	35198
qūbyr	195	38961
qūdabala	211	66083
qūdaiai	202	49545
qūdaiaqy	218	79489
qūdaiau	199	44717
qūdaiberdı	211	35640
qūdaiberdıūly	193	35643
qūdaiberdıūlynyñ	221	84365
qūdaibergen	165	9974
qūdaibergenov	212	61046
qūdaibergenova	208	61047
qūdaidai	218	78479
qūdaidan	166	10512
qūdaidy	202	8973
qūdaidyn	210	64953
qūdaidyñ	163	8974
qūdaiy	174	15467
qūdaiym	231	96984
qūdaiğa	143	2878
qūdalar	169	12560
qūdalardy	202	49907
qūdalarğa	207	58412
qūdalyq	152	4960
qūdalyqqa	163	9310
qūdalyqta	188	28995
qūdalyqty	202	49783
qūdalyğy	197	41502
qūdalyğyna	208	60496
qūdam	184	24115
qūdamnyñ	218	79557
qūdanyñ	180	20309
qūdasy	205	54421
qūdañ	199	45790
qūdañnyñ	224	88157
qūdağa	195	9339
qūdağai	163	9340
qūdağaidyñ	201	47734
qūdağaiym	219	80714
qūdağaiğa	205	55610
qūdaği	149	4187
qūdağidy	216	37445
qūdağidyñ	194	37446
qūdağilar	199	45586
qūdağiy	215	50098
qūdağiym	202	50099
qūdağiyñ	217	77602
qūdağiğa	195	38869
qūdağyi	220	82285
qūdaşa	151	4635
qūdaşalar	204	53058
qūdaşam	182	22642
qūdaşanyñ	208	59861
qūdaşañ	213	70512
qūddy	211	65753
qūdeke	193	35490
qūdi	221	83772
qūdyq	189	31349
qūdyqqa	212	68188
qūdyretı	217	77385
qūdıret	191	23874
qūdırettı	196	40501
qūdıretı	183	23875
qūdıretın	219	79798
qūi	191	2604
qūia	188	29392
qūiady	194	37695
qūiam	204	52720
qūiamyn	216	75968
qūiamyz	207	58795
qūiasyñ	215	74183
qūiatyn	189	31284
qūidy	203	48356
qūidym	201	48357
qūidyryp	223	87034
qūidyñ	222	85728
qūima	202	50872
qūimai	223	86031
qūimaq	210	63935
qūiryq	231	72677
qūiryqty	215	72679
qūiryğyn	202	49300
qūisa	213	69952
qūisañ	220	81487
qūittai	223	85907
qūiu	174	15795
qūiuğa	206	57345
qūiylu	221	83053
qūiylyp	198	43552
qūiylğan	198	43083
qūiymşaq	212	67276
qūiyn	204	53646
qūiyp	141	2606
qūiyrşyq	206	57377
qūiğan	193	36029
qūiğanda	214	71314
qūjat	164	9545
qūjatqa	209	63348
qūjatta	217	14206
qūjattama	217	76762
qūjattar	172	14207
qūjattardy	177	17426
qūjattardyñ	202	49483
qūjattarmen	215	73956
qūjattary	196	31133
qūjattaryn	189	31134
qūjattaryñyzdy	221	84262
qūjatty	195	38924
qūjattyñ	203	51603
qūjaty	203	51440
qūjatyn	207	59576
qūl	176	3023
qūla	201	3024
qūladm	222	84827
qūlady	185	26361
qūladym	193	35467
qūlager	205	55351
qūlaidy	201	47577
qūlaimyn	223	86089
qūlaisyñ	215	74413
qūlaityn	209	61767
qūlaiyn	213	70580
qūlama	216	75313
qūlamai	216	75745
qūlan	186	26905
qūlap	144	3025
qūlapty	218	79564
qūlaq	150	4518
qūlaqqa	176	17054
qūlaqqağys	229	92913
qūlaqta	207	15601
qūlaqtan	174	15602
qūlaqtar	214	71172
qūlaqtary	214	71173
qūlaqtaryna	223	86860
qūlaqtaryña	218	78873
qūlaqty	196	40416
qūlaqtyñ	203	52208
qūlaqşyn	228	92014
qūlasa	209	62312
qūlasam	217	77462
qūlasañ	212	68291
qūlatady	212	68892
qūlatty	206	57424
qūlatu	208	61468
qūlatyp	182	22128
qūlau	197	41641
qūlazyp	212	68581
qūlağan	180	20124
qūlağanda	209	62952
qūlağy	169	9292
qūlağym	168	11900
qūlağyma	189	30262
qūlağymda	216	75062
qūlağymdy	200	46195
qūlağymnan	217	76671
qūlağymnyñ	222	85366
qūlağymyz	220	81668
qūlağyn	182	9293
qūlağyna	163	9294
qūlağynan	208	61417
qūlağynda	201	47688
qūlağynyñ	213	70323
qūlağyñ	190	31421
qūlağyña	197	42271
qūlağyñdy	206	56331
qūlağyñnan	219	81127
qūlaş	214	72281
qūldaryn	226	69146
qūldaryna	213	70836
qūldarynan	226	89847
qūldarynyñ	212	69148
qūldyq	207	58928
qūldyrau	207	59575
qūlja	224	88074
qūlpy	217	14085
qūlpynai	185	26036
qūlpyryp	172	14088
qūlpyrğan	218	78377
qūlqy	217	77198
qūlqyn	217	77199
qūlsary	184	24647
qūlsaryda	210	65007
qūlsarydan	218	79598
qūlsaryğa	201	49087
qūltanyp	216	76210
qūltap	198	42940
qūlttap	202	50035
qūly	183	11248
qūlym	228	92596
qūlyn	181	11249
qūlyna	208	61534
qūlyndai	227	91411
qūlyndarym	204	53741
qūlyndy	215	73403
qūlynym	167	11251
qūlynşaq	189	31197
qūlynşaqtar	224	87225
qūlynşağym	194	37739
qūlyp	196	39933
qūlyptap	199	45522
qūlypty	227	91243
qūlyq	198	43688
qūlyqty	213	70320
qūlşylyq	187	28572
qūlşylyqqa	230	94081
qūlşynyp	212	68553
qūlşynys	212	68105
qūlşyğaş	209	61801
qūm	171	13450
qūma	223	28616
qūmai	215	72886
qūmalaq	187	28619
qūmalaqşy	224	87180
qūman	210	63538
qūmar	231	91943
qūmarym	228	91945
qūmda	215	74146
qūmdy	205	54978
qūmnyñ	216	74599
qūmy	228	23904
qūmyra	190	32316
qūmyrsqa	183	23908
qūmğa	197	41238
qūmşeker	201	48413
qūn	194	5760
qūnajyn	198	43825
qūnan	187	19638
qūnanbaev	231	36316
qūnanbaevtyñ	193	36319
qūnanbai	181	19641
qūnanbaidyñ	205	55219
qūnanbaiūly	179	19644
qūnarly	194	38080
qūnarsyz	230	94576
qūndy	168	5762
qūndylyq	173	9560
qūndylyqtar	164	9563
qūndylyqtardy	188	29893
qūndylyqtary	197	41338
qūndylyğy	189	31262
qūndyq	229	93202
qūndyz	154	5763
qūndyzai	190	32645
qūndyzdy	220	70574
qūndyzdyñ	213	70575
qūndyzym	186	26689
qūndyzğa	208	60058
qūnsyz	214	72127
qūnt	223	86400
qūny	161	8160
qūnyn	193	36486
qūnyt	228	91917
qūp	177	4093
qūpiia	149	4096
qūpiiany	214	71439
qūpiiasy	184	24729
qūpiiasyn	210	64534
qūptan	184	24708
qūptandy	222	85097
qūptannan	227	91619
qūptanğa	226	90255
qūptarlyq	230	93949
qūqy	203	6322
qūqym	223	85967
qūqyq	231	66500
qūqyqtanu	211	66504
qūqyqtary	231	97365
qūqyqtyq	231	96006
qūqyğy	156	6324
qūr	138	993
qūrady	185	25561
qūrai	200	7177
qūraidy	158	7179
qūraityn	181	21746
qūraiyş	229	93244
qūral	157	6896
qūralady	182	21998
qūralai	231	42527
qūralaidy	212	42529
qūralaidyñ	197	42530
qūralaiğa	203	52300
qūralbek	201	48134
qūraldar	167	8089
qūraldardy	179	19382
qūraldary	161	8090
qūraldaryn	177	18097
qūraldarynyñ	186	27637
qūraldy	193	35729
qūraly	169	12407
qūralyn	201	48092
qūralğan	175	16218
qūram	187	4935
qūrama	186	27123
qūramasy	208	59786
qūramdas	184	24359
qūramdy	206	56362
qūramnyñ	211	66966
qūramy	155	4936
qūramyn	180	4937
qūramyna	158	7052
qūramynda	152	4939
qūramyndağy	168	11619
qūran	134	1535
qūranda	183	23591
qūrandy	183	23478
qūrannan	211	66493
qūrannyñ	204	53294
qūrany	230	94377
qūranğa	189	30975
qūrap	164	9482
qūraq	179	19525
qūrastyra	205	54761
qūrastyru	164	9504
qūrastyruşy	212	69138
qūrastyryp	170	13008
qūrastyrğan	205	55571
qūratyn	199	45276
qūrau	169	12374
qūraş	215	73180
qūrban	173	14875
qūrbandary	223	81211
qūrbandaryn	219	81212
qūrbandyq	211	66168
qūrbankül	221	84281
qūrbany	209	62127
qūrbaqa	213	69781
qūrby	174	3098
qūrbyjan	225	89280
qūrbylarym	191	33833
qūrbylarymmen	228	92366
qūrbym	144	3099
qūrbyma	198	43300
qūrbymmen	209	62252
qūrbymnyñ	199	45203
qūrbysy	194	37233
qūrbyñ	187	27755
qūrda	228	1719
qūrdan	208	60543
qūrdas	136	1720
qūrdaspyz	219	81114
qūrdastar	148	3961
qūrdastardyñ	220	81728
qūrdastarmen	214	72170
qūrdastary	201	40848
qūrdastarym	196	40849
qūrdastarymen	218	78416
qūrdastaryñ	215	74120
qūrdastarğa	216	75417
qūrdastyñ	218	78253
qūrdasy	201	14280
qūrdasym	172	14281
qūrdasyma	223	86807
qūrdasymnyñ	218	78316
qūrdasymyz	222	84585
qūrdasyn	222	85443
qūrdasyñ	194	37152
qūrdy	180	20783
qūrdym	209	62588
qūrdymğa	213	70799
qūreke	207	59166
qūrlym	211	66133
qūrlyq	189	31373
qūrlyqta	207	57986
qūrlyqtyq	229	92709
qūrlys	210	48938
qūrlysy	201	48939
qūrma	168	10065
qūrmai	219	81373
qūrmalas	165	10068
qūrman	195	13144
qūrmanai	208	60193
qūrmanbek	196	40369
qūrmany	225	82775
qūrmanyñ	220	82776
qūrmanğali	207	57944
qūrmanğazy	170	13148
qūrmaş	195	38651
qūrmet	162	996
qūrmetke	206	56374
qūrmetpen	186	26897
qūrmette	209	32228
qūrmettei	217	43891
qūrmetteimın	198	43894
qūrmetteitın	210	65432
qūrmettep	193	36432
qūrmetteu	190	32229
qūrmetteuge	207	59055
qūrmettı	128	998
qūrmetı	206	17203
qūrmetıne	176	17205
qūrsai	214	72228
qūrsan	230	93875
qūrsaq	187	28410
qūrsağynda	221	83966
qūrsyn	231	12790
qūrsynşy	170	12792
qūrt	142	2793
qūrta	193	33170
qūrtady	191	33172
qūrtaqandai	225	89045
qūrtasyñ	205	54637
qūrtatyn	201	47909
qūrtpa	194	37154
qūrtpai	197	42112
qūrtpen	223	86658
qūrtqa	207	39573
qūrtqan	195	39574
qūrtqym	210	64970
qūrttai	184	24182
qūrttap	201	48536
qūrttar	180	20274
qūrttardyñ	209	61583
qūrtty	175	16055
qūrttym	201	48042
qūrttyñ	187	27819
qūrtu	191	32693
qūrtylyp	207	59318
qūrtyn	213	70355
qūrtyp	153	5365
qūrtyñ	219	81119
qūrtşy	211	67192
qūru	145	3247
qūrudy	204	43613
qūrudyñ	198	43614
qūruğa	231	97427
qūry	144	3150
qūrydy	210	65414
qūrylady	191	33977
qūryldy	164	9685
qūryltai	195	38401
qūrylu	202	21431
qūryluy	181	21432
qūrylym	182	7877
qūrylymdy	203	15693
qūrylymdyq	174	15694
qūrylymy	160	7878
qūrylymyn	177	18075
qūrylymyna	195	38605
qūrylyp	196	40105
qūrylys	162	4462
qūrylystyq	227	90890
qūrylysy	150	4463
qūrylysyn	179	19906
qūrylysyna	194	37023
qūrylysşy	203	51079
qūrylğan	163	9259
qūrylğy	190	31902
qūrylğysy	206	57112
qūrym	227	91137
qūryp	231	95529
qūryq	205	55015
qūrysa	210	64331
qūrysyn	231	48997
qūrysynşy	201	48999
qūrysyp	211	66233
qūryñyz	218	78458
qūryğan	215	54915
qūryğanda	205	54917
qūrğan	169	12372
qūrğanda	203	51342
qūrğap	199	45550
qūrğaq	164	9499
qūrğaqşylyq	196	40650
qūrğym	216	75789
qūrğyr	187	28463
qūrş	162	8586
qūrşe	231	97429
qūrşy	179	19260
qūs	156	6107
qūsa	194	37119
qūsady	216	75950
qūsaidy	205	55006
qūsamai	206	56211
qūsmūryn	230	94567
qūspen	221	83607
qūsqa	214	71653
qūsqan	215	74460
qūsqym	183	22939
qūssa	229	93392
qūstai	210	64711
qūstar	165	9869
qūstardy	200	31113
qūstardyñ	189	31114
qūsty	199	30324
qūstyñ	189	30325
qūsu	192	34450
qūsy	187	8700
qūsym	208	59748
qūsyn	212	68726
qūsyp	162	8701
qūsyq	216	75790
qūsyñ	192	34413
qūt	231	2786
qūtaqandai	205	54675
qūtjan	226	89490
qūtqara	212	68784
qūtqarady	212	68786
qūtqaru	202	50216
qūtqaruşy	205	55993
qūtqaryp	190	31853
qūtty	231	2788
qūttybai	206	56665
qūttybek	205	54959
qūttyq	208	2789
qūttyqta	208	2791
qūttyqtady	200	47401
qūttyqtadym	202	50629
qūttyqtadyñ	207	59214
qūttyqtai	180	4396
qūttyqtaidy	208	60630
qūttyqtaimy	200	4398
qūttyqtaimyn	231	94788
qūttyqtaimyz	150	4399
qūttyqtaityn	217	77414
qūttyqtaiyn	202	50611
qūttyqtamady	217	76655
qūttyqtap	142	2792
qūttyqtau	164	9647
qūttyqtaudy	211	65517
qūttyqtaular	197	41805
qūttyqtauğa	194	37341
qūttyqtağan	198	44017
qūttyqtağanyma	226	90064
qūttyqyz	214	71500
qūty	231	7672
qūtyl	211	7673
qūtyla	160	7674
qūtylady	208	60052
qūtylaiyn	209	62485
qūtylaiyq	219	80600
qūtylam	194	38081
qūtylamai	208	61448
qūtylamyn	209	63324
qūtylamyz	206	57593
qūtylar	220	81465
qūtylasyñ	202	50590
qūtylatyn	208	61187
qūtyldym	186	26649
qūtyldyq	207	58845
qūtyldyñ	211	65807
qūtylsam	206	56875
qūtylsaq	216	75664
qūtylu	185	26222
qūtyludyñ	217	77630
qūtyluğa	203	51841
qūtylyp	164	9779
qūtylğan	211	66221
qūtylğanyma	224	87572
qūtylğanyna	229	92974
qūtylğanyña	229	93548
qūtylğanşa	224	87457
qūtylğym	222	84537
qūtylğyñ	218	79718
qūtyqtai	221	21074
qūtyqtaimyn	181	21077
qūtyqtap	181	21049
qūtyra	204	53321
qūtyrady	212	67970
qūtyrdy	215	73239
qūtyrma	200	46939
qūtyrmai	211	65905
qūtyru	227	90988
qūtyryp	163	9080
qūtyrğan	197	41847
qūz	227	66414
qūzar	222	85263
qūzyret	228	66418
qūzyrettılık	211	66423
qūzyrly	221	83546
qūzyrynda	224	87752
qūşaktap	204	53875
qūşaq	191	15630
qūşaqta	202	15632
qūşaqtady	206	57825
qūşaqtadym	213	69367
qūşaqtai	197	41331
qūşaqtaimyn	219	79980
qūşaqtaityn	218	79062
qūşaqtap	231	95211
qūşaqtasa	218	58932
qūşaqtasam	207	58933
qūşaqtasu	220	81769
qūşaqtasyp	174	15635
qūşaqtau	210	64467
qūşaqtauğa	220	82249
qūşaqtağan	206	57663
qūşaqtağanda	216	74806
qūşaqtağm	220	82511
qūşağym	222	33038
qūşağyma	191	33039
qūşağymda	219	81111
qūşağyna	198	43391
qūşağynda	201	48404
qūşağyñ	200	46761
qūşağyña	213	69630
qūşağyñda	219	81395
qūşağyñdy	218	78442
qūştar	191	33592
qūştarlyq	201	48640
rabbymyz	213	69815
rabbysy	230	94391
rabi	201	48678
rabiğa	231	96934
radar	218	79368
radiasiia	208	50770
radiasiialyq	202	50773
radiator	183	24006
radikaldy	214	72400
radikalizm	228	92021
radio	231	46497
radioaktivtı	200	46504
radioaktivtık	224	87112
radiobailanys	209	63111
radiodan	223	85840
radiologiia	220	82819
radioqabyldağyş	229	92650
radiosy	207	59328
radiotehnika	230	93744
radius	196	31936
radiusy	190	31937
rafaelo	216	75756
rafhat	205	55407
ragu	224	87087
rahat	231	45301
rahattanyp	231	96185
rahattyñ	199	45304
rahim	231	39491
rahima	231	97347
rahimova	195	39494
rahit	217	77522
rahman	231	97035
rahmatullahi	231	95138
rahme	200	3837
rahmeeet	200	97746
rahmet	231	3838
rahmett	148	3839
rahmetı	231	38782
rahmetın	195	38783
rahym	231	60596
rahymdy	219	80614
rahymjan	231	97092
rahymnyñ	222	84635
rahymy	221	60597
rahymyna	208	60599
raia	231	96090
raiana	231	96092
raigul	190	31497
raigül	195	38533
raihan	231	63311
raihannyñ	209	63314
raihanğa	210	64515
raiiana	214	72165
raili	208	59731
raily	222	85759
raion	231	29259
raionağa	217	76658
raionda	231	96696
raiondy	221	84144
raionnan	198	43511
raionnyñ	209	62396
raiony	193	35593
raionğa	188	29261
raioo	219	80602
rais	210	64483
raiy	231	29413
raiym	196	40774
raiymbek	231	82240
raiymbektıñ	220	82243
raiyn	188	29414
raiyna	193	35621
raiynan	218	79214
raiys	229	92742
rak	231	18787
raketa	178	18790
raketka	227	91022
rakuşka	224	88039
ramat	226	89429
ramazan	231	95076
ramilia	208	61353
ramos	204	53785
rampa	226	89777
ramstor	229	93293
ranaldu	228	92154
random	177	17524
rang	231	95369
rapa	228	92436
raqmet	231	94707
raqymdy	225	89296
raqymy	227	78582
raqymyna	218	78584
ras	231	3086
rasion	209	3089
rasional	144	3091
rasionaldy	208	60190
rasta	222	62691
rastaityn	209	62695
rastau	210	64853
rasu	226	51123
rasul	231	51124
rasuldy	203	51126
rasuldyñ	204	53736
rasy	203	47585
rasymen	231	47588
rasymende	201	47590
rasyn	202	49640
rasynda	231	97152
ratbek	208	61107
rauan	231	47203
rauanda	220	81847
rauandy	205	56043
rauanmen	214	71309
rauannan	219	81205
rauannyñ	200	47206
rauanğa	201	48038
rauşan	231	50856
rauşandy	215	74418
rauşangül	224	87407
rauşanmen	222	84509
rauşannyñ	202	50859
rauşanğa	204	52663
razdeta	214	71797
razgovorami	225	88742
razmerım	205	56090
razmerın	231	70763
razmerıne	213	70764
razmerıñ	211	66096
razmerıñızdı	225	89085
razreşaiut	207	59544
razriad	199	45289
razriadtyq	230	94214
razriady	218	79521
razy	231	94835
razylyğy	231	95742
rañ	225	88783
raş	203	52591
raşid	231	97326
reaksiialyq	230	94224
reaktivtı	206	57807
reaktor	216	75799
real	231	58285
realda	223	86734
realdy	217	77240
realdyq	225	88988
realdyñ	225	88940
realist	227	81450
realistık	220	81452
realizm	207	58288
redaksiialau	210	63760
redaktor	171	13614
redaktorlyq	225	88909
redaktory	192	34361
referat	153	5361
referendum	210	65409
refleks	204	37357
refleksiia	194	37360
reflektorlyq	211	67165
reforma	196	39919
reformalau	225	88782
reformator	224	87176
regenerasiia	217	78029
regina	198	44216
region	174	15534
registrasiia	155	6064
registrator	218	79635
reglament	204	52833
reis	231	58142
reiske	207	58144
reispen	225	88642
rejim	231	31340
rejimde	199	45367
rejimdı	214	72033
rejimge	204	54278
rejimı	189	31341
rejisser	193	36155
rek	120	567
reklama	231	19466
reklamamen	222	85780
reklamany	187	27890
reklamasy	202	47592
reklamasyn	201	47593
reklamağa	179	19468
rekomendasiia	205	54903
rekord	175	16215
rektor	195	39150
rektorat	230	93998
rektorğa	224	87182
rekviem	225	88536
rekvizit	175	15866
rekvizity	194	38124
rem	196	5468
remenıme	227	91488
remiks	154	5471
rendi	204	54018
rendp	196	40764
renessans	227	91028
renjtken	215	72904
renju	200	97747
renjıdı	185	25920
renjıdım	231	95433
renjıdıñ	231	78879
renjıdıñız	218	78881
renjıgen	231	48685
renjıgende	201	48687
renjıgenı	211	59878
renjıgenım	208	59879
renjıgenımdı	213	69587
renjıgenıñ	211	65777
renjıgış	194	37719
renjıme	231	1035
renjımedı	226	21386
renjımedım	181	21387
renjımedıñ	213	70354
renjımeidı	200	45962
renjımeimın	231	96116
renjımeimız	206	56905
renjımeisız	203	51657
renjımeisıñ	184	24165
renjımeseñız	170	12704
renjımeseñızder	216	75828
renjımeñder	163	9361
renjımeñderşı	206	57526
renjımeñız	231	7831
renjımeñızder	181	21750
renjımeñızşı	160	7833
renjımeşı	129	1037
renjıp	231	92324
renjıptı	228	92326
renjısem	186	26518
renjısemde	208	60060
renjıseñ	190	31994
renjısu	230	94133
renjısıp	231	96820
renjıte	187	28029
renjıtedı	225	88418
renjıtesıñ	218	78505
renjıtetın	214	72616
renjıtken	231	74269
renjıtkenım	215	74271
renjıtkım	189	30445
renjıtpe	198	43251
renjıtpei	202	49941
renjıtpeimın	211	65740
renjıtpeuge	207	59468
renjıtse	197	23734
renjıtsem	183	23735
renjıttı	174	15415
renjıttım	201	48005
renjıttıñ	205	54665
renjıtu	211	65293
renjıtuge	210	65295
renjıtıp	231	95879
rentgen	231	35402
rentgendık	228	91740
rentgenge	192	35404
rentgenografiia	229	92791
rentgenologiialyq	229	93401
renış	231	22973
renıştı	215	72744
renışı	210	22974
renışım	183	22975
renışıñ	196	40316
rep	173	14761
reparasiia	220	81978
reper	198	32547
repertuar	190	32551
repetisiia	195	39013
repetitor	196	41183
repitisiia	218	79573
replika	223	86410
reportaj	196	39963
repost	231	97256
repressiia	213	70184
reproduktivtık	227	90943
reputasiia	229	92813
resei	231	19408
reseide	189	31028
reseidegı	198	43096
reseiden	205	55238
reseidıñ	179	19411
reseige	190	32216
reseilık	204	52974
resenziia	212	67610
resept	231	44829
reseptor	220	82795
reseptı	199	44830
resessivtı	226	89963
residiv	226	90436
respekt	196	39954
respublika	231	2987
respublikada	195	39051
respublikadan	213	69907
respublikadağy	209	62217
respublikalyq	158	7226
respublikanyñ	188	29809
respublikasy	231	2989
respublikasynda	184	24497
respublikasynyñ	144	2992
respublikağa	204	52795
restavrasiia	204	54309
restoran	231	36615
restoranda	193	36617
restorannyñ	224	87235
restorany	211	66886
restoranğa	194	38042
resurs	194	22153
resurstar	182	22156
resurstardy	191	33554
resurstary	192	34732
resurstyq	209	61795
resursy	198	43929
ret	231	5982
retbaev	225	88423
retpen	171	13522
retro	196	40896
retsız	209	62346
rette	169	11892
rettei	188	27053
retteidı	186	27055
retteimın	217	77032
retteimız	220	82234
retteitın	191	32738
retteledı	201	47976
rettelu	207	59392
rettelıp	196	40563
retten	186	27420
rettep	231	95806
rettestırıp	213	70430
retteu	168	11893
retteuge	199	44280
retteuşı	197	41837
rettı	198	14248
rettık	172	14249
rettılık	217	76332
retı	155	5983
retımen	159	7451
retın	164	9535
retınde	231	31904
retındegı	190	31906
retıne	198	43588
reviu	221	83478
revizor	218	79654
revmatizm	214	71280
revoliusiia	185	25138
revoliusiialyq	200	46085
rezervuar	229	93212
rezeñke	192	35362
rezident	220	82738
rezonans	212	68918
reñdı	218	79657
rf	231	96087
rieltor	221	82937
rif	226	89590
riia	211	58247
riiasyz	207	58250
rinap	223	86434
rinat	231	95508
ringo	220	82444
ringtony	225	89103
rinit	223	86628
rita	169	12140
ritorika	217	29548
ritorikalyq	188	29551
riuaiat	227	91071
riumka	206	56955
riza	231	45482
rizabek	199	45485
rizalyğy	218	78868
rizamyn	231	96167
rizamyz	209	62561
rizasyñ	207	58510
rizağa	226	89872
rizaşylyq	216	75350
rizaşylyğy	229	93289
rizvan	228	92587
rizyq	200	46069
robinzon	227	90589
robot	200	97749
roial	203	51649
rokki	212	67533
rolik	231	20051
rolikke	198	43957
rolikter	210	64105
roliktı	180	20053
rols	186	26900
romamen	208	60303
roman	231	12251
romanda	215	73260
romandağy	222	84974
romannyñ	207	58136
romans	230	93651
romantik	231	49447
romantika	231	49448
romantikalyq	202	49451
romantizm	215	73100
romantişeskii	214	72145
romany	169	12252
romanynda	219	54266
romanyndağy	204	54268
romanynyñ	202	50674
romanyñ	201	48602
romağa	203	52019
romaşka	194	37294
romb	209	61899
romeo	189	30265
ronaldu	231	97553
ronda	189	30477
roza	231	94971
rozvyi	231	96498
rozybakieva	193	36589
rpz	227	91429
ruda	211	65624
rudnik	225	89094
rudnyi	185	25780
rudnyida	223	87004
rudnyiğa	224	87660
rudy	209	62452
rudyñ	209	62453
ruhani	231	67990
ruhaniiat	212	67993
ruhty	203	51164
ruhtyñ	221	82930
ruhy	192	34336
ruhyn	208	60253
ruhyna	218	78403
rulary	211	62850
rularyñ	209	62851
rulas	199	45187
ruly	222	37428
rulyq	194	37429
runa	216	75566
rusalka	196	40948
ruslan	231	41165
ruslandy	207	58402
ruslanmen	208	61397
ruslannan	219	80322
ruslannyñ	196	41168
ruslanğa	197	41637
russkimi	219	80355
rustam	169	12190
rustem	231	70738
rustemge	213	70740
ruy	164	8555
ruym	162	8556
ruymdy	219	80711
ruymyz	204	53771
ruyn	231	52107
ruynan	204	54182
ruynyñ	203	52109
ruyñ	231	22925
ruyñyz	183	22927
ruğa	197	41959
rysbek	231	96901
rysdäulet	225	89039
rysqūlov	231	97643
ryşag	217	77954
rämızder	197	42283
räsım	225	54335
räsımdeu	212	67435
räsımı	204	54336
röl	231	5493
rölde	199	44417
rölge	204	52655
rölı	154	5494
rölın	180	20742
rüstem	231	81099
rüstemnıñ	219	81102
rūqsat	231	95066
sabakoi	228	92476
sabalaq	220	81528
sabap	194	37404
sabaq	231	7294
sabaqpa	184	24684
sabaqpen	173	14816
sabaqqa	231	94753
sabaqta	231	7296
sabaqtamyn	231	96958
sabaqtan	231	94989
sabaqtar	231	7297
sabaqtarda	185	25153
sabaqtardan	231	96810
sabaqtardy	231	21190
sabaqtardyñ	181	21191
sabaqtary	231	10743
sabaqtaryn	166	10744
sabaqtaryñ	231	16871
sabaqtaryñdy	176	16873
sabaqtarğa	159	7299
sabaqtastyq	210	64127
sabaqtasyn	222	84848
sabaqtağy	186	26476
sabaqty	231	94888
sabaqtyñ	231	95028
sabaqşa	223	86597
sabaz	223	86924
sabağy	231	1292
sabağym	147	3742
sabağyma	181	21771
sabağymdy	160	7801
sabağyn	131	1293
sabağyna	147	3758
sabağynan	163	9021
sabağynda	170	13006
sabağynyñ	185	26038
sabağyñ	151	3651
sabağyña	183	23776
sabağyñdy	147	3653
sabağyñyz	171	13256
sabina	231	40213
sabinadan	215	73200
sabinamen	205	55604
sabinany	197	40215
sabinanyñ	196	40216
sabinağa	198	42707
sabit	231	73227
sabitke	217	76947
sabitova	215	73230
sabitovna	222	85390
sabittıñ	216	75217
sabotaj	200	46649
sabvq	200	46985
sabyn	231	37462
sabyndai	208	60590
sabyndap	214	71264
sabyndy	199	44732
sabynmen	194	37465
sabyr	231	4604
sabyrdyñ	214	71644
sabyrjan	231	97109
sabyrly	151	4606
sabyrlylyq	211	66677
sabyrlyq	182	22451
sabyrlyqpen	213	70004
sabyrmen	181	21728
sabyrsyz	209	61713
sabyrym	223	85844
sabyrğa	189	30721
sadan	227	91383
sadaqa	231	25250
sadaqada	211	66481
sadaqadan	219	80619
sadaqalaryñ	219	81298
sadaqany	210	64796
sadaqanyñ	223	86265
sadaqasyn	219	73126
sadaqasyna	215	73127
sadaqağa	185	25252
sadaqqa	223	87036
sadraddin	231	97585
saduaqas	204	53826
saduaqasova	214	72613
sadyq	186	27640
saf	211	53288
safari	213	69883
safura	204	53291
sagat	200	97752
sahabalar	222	85441
sahara	193	35441
saharoza	215	72973
sahnada	189	30708
sahnadan	223	86121
sahnalyq	205	55817
sahnanyñ	227	90686
sahnağa	191	33548
sai	231	6486
saiabaqqa	202	49887
saiabaqta	208	60478
saiabağy	214	71901
saiadan	217	77831
saiagül	209	62326
saiahat	159	7372
saiahatqa	186	27480
saiahatta	201	48389
saiahattan	204	53162
saiahattap	213	70876
saiahattau	216	76178
saiahatşy	206	57450
saiajai	212	68268
saiajan	175	16514
saialy	187	28465
saian	231	24190
saiana	184	24191
saiannyñ	212	68367
saiany	205	46062
saianyñ	200	46063
saiaq	218	79508
saiasat	161	8220
saiasatker	212	67655
saiasatpen	227	90842
saiasatqa	197	42231
saiasatta	213	29168
saiasattan	215	29169
saiasattanu	188	29170
saiasatty	194	31856
saiasattyñ	190	31857
saiasaty	168	11878
saiasatyn	186	21033
saiasatyna	203	50941
saiasatynyñ	181	21035
saiasi	231	95340
saiatpen	202	49372
saiatqa	195	39631
saiatta	211	66107
saiattan	211	66119
saiatşy	226	90393
saiatşylyq	230	94015
saiaz	224	87392
saiağa	200	46186
saida	231	84578
saidan	222	84579
saidy	224	87909
saidyñ	227	91474
saihan	197	41735
sailanady	216	76004
sailanbaly	226	89472
sailandy	188	29099
sailanu	220	81556
sailanyp	215	73056
sailanğan	195	39465
sailap	202	50700
sailau	231	16868
sailaualdy	229	93440
sailaubek	190	31406
sailauda	195	38252
sailaudan	208	61479
sailaudy	213	36372
sailaudyñ	193	36373
sailauy	203	50992
sailauyna	223	85871
sailauğa	176	16870
sailauşy	224	82150
sailauşylar	220	82153
saiman	202	50064
sain	231	95821
saiqymazaq	229	93277
saira	185	14104
sairai	223	86244
sairaidy	225	88473
sairam	173	14910
sairamda	213	69493
sairamğa	221	84291
sairan	172	14105
sairanda	222	84768
sairannan	212	68099
sairanğa	207	59604
sairap	182	22833
sairağan	229	92664
sairaş	211	66244
sait	231	6487
saitpen	202	50821
saitqa	157	6489
saitta	168	11777
saittan	175	16094
saittar	195	39217
saitty	179	19229
saittyñ	200	46431
saity	178	19104
saityma	227	91622
saityn	196	23722
saityna	183	23723
saitynan	207	59343
saitynda	202	50337
saiyn	231	28552
saiynğy	187	28554
saiyp	214	71899
saiys	231	25902
saiysqa	185	25904
saiystar	214	70982
saiysy	193	36353
saiysyna	200	46807
saiöra	225	88760
saiğa	205	55083
sako	231	82297
sakoğa	220	82299
salaiyq	154	5726
salaiyqta	213	69668
salaiyqşy	197	42625
salalary	192	34518
salalaryn	209	45653
salalarynda	199	45655
salaly	203	38883
salalyq	195	38884
salamatsyz	231	88102
salamatsyzba	200	97754
salamatsyziua	224	88105
salamattyq	192	34126
salany	205	52225
salanyñ	203	52226
salaq	199	44718
salaqtap	217	76870
salar	231	57132
salarda	206	57134
salarmyz	214	71652
salasyn	231	30198
salasyna	189	30199
salasyndağy	231	97226
salasynyñ	190	32044
salasyz	231	38988
salasyzdar	195	38991
salasyñ	231	32170
salasyñdar	190	32173
salat	231	44957
salatqa	201	49143
salattardy	217	76964
salatty	199	44959
salattyñ	214	71310
salatyn	231	52152
salatyndai	208	60538
salatyndar	211	66708
salatyny	215	52153
salatynyn	203	52154
salauat	231	96672
salauatty	231	97212
salbyratyp	216	76232
salbyrağan	224	87877
saldanu	230	93894
saldar	217	13133
saldary	180	13134
saldarynan	170	13137
saldy	231	3881
saldym	231	94939
saldyq	174	15352
saldyra	207	59492
saldyraiyn	210	64054
saldyrdym	202	50908
saldyrtu	230	93982
saldyrtyp	196	40372
saldyru	192	34414
saldyruğa	204	54258
saldyryp	161	8118
saldyrğan	204	53833
saldyñ	148	3882
saldyñdar	203	52360
saldyñyz	178	18608
salem	78	49
salfetka	164	9721
salfetkamen	218	78716
salima	159	7390
saliqaly	231	97477
saliut	200	97756
salmady	181	15228
salmadym	183	23043
salmadyñ	174	15229
salmadyñyz	199	44353
salmai	231	18336
salmaidy	178	18338
salmaimyn	180	20805
salmaimyz	197	42179
salmapty	204	53514
salmaq	231	10566
salmaqpen	212	68102
salmaqqa	217	76694
salmaqtan	207	59435
salmaqty	166	10568
salmaqşy	221	84022
salmasam	190	31601
salmasañ	185	26111
salmañyz	210	64528
salmağaly	219	79904
salmağan	178	18903
salmağy	231	27230
salmağym	186	27231
salmağymdy	221	84367
salmağyn	187	28641
salmağyna	207	58781
salmağyñ	197	41850
salmaşy	211	66898
salon	149	4120
salonda	179	19337
salondy	221	84222
salonnan	192	35246
salony	201	48862
salonğa	179	19452
salpy	229	92984
salqam	228	91682
salqyn	231	29028
salqynda	208	29030
salqyndap	188	29031
salqyndatqyş	217	78058
salqyndatu	197	41357
salqyndau	198	42866
salqyndyq	224	87662
salsada	205	55727
salsai	147	3762
salsañdar	200	45886
salsañyz	170	13032
salsañyzdar	203	52285
salsañyzşy	201	47889
salsañşy	211	66700
saltanat	231	24613
saltanatta	220	81606
saltanatty	184	24615
saltanattyñ	194	38234
saltanyñ	221	83542
saltağa	216	75501
saltty	221	83568
salty	177	17417
saltyn	181	21477
saludy	172	14215
saludyñ	203	50946
saluly	226	89939
saluy	198	15127
saluym	173	15128
saluyn	209	62529
saluyñ	204	52900
saluğa	144	3056
salym	187	27990
salymdy	221	84017
salynady	172	14427
salynatyn	191	33428
salynbai	182	22678
salynbaidy	202	50391
salynbağan	196	40207
salyndy	171	13470
salynsa	209	62439
salynğan	154	5638
salyp	231	13017
salyppyn	208	60432
salypsyñ	202	49713
salypty	170	13019
salyq	231	82369
salyqtyq	220	82372
salystyr	182	10024
salystyra	191	33530
salystyrma	206	10026
salystyrmaly	165	10028
salystyru	169	12261
salystyruğa	197	41595
salystyryp	166	10894
salystyrğanda	177	17934
salysymen	181	21837
salysyp	198	43296
salyñdar	160	7716
salyñdarşy	181	21032
salyñyz	143	2817
salyñyzdar	181	21476
salyñyzdarşy	200	46207
salyñyzşy	231	95782
salyğy	205	56113
salğan	231	8764
salğanbyz	216	75280
salğanda	162	8766
salğandai	204	53776
salğandar	204	53030
salğandy	199	44278
salğanmyn	194	37203
salğannan	193	36571
salğany	187	25321
salğanym	185	25322
salğanymdy	208	61189
salğanyn	193	35714
salğanyna	216	74663
salğanyñ	195	38587
salğanğa	198	43883
salğanşa	208	60690
salğylasyp	201	48958
salğym	181	21518
salğyrt	215	73392
salğyrttyq	226	89736
salğyzyp	200	47070
salğyñ	211	66624
salğyş	203	51667
samaily	220	82130
samaly	206	57357
samalğa	187	28837
samat	231	41021
samatpen	207	58757
samatqa	196	41023
samatqyzy	214	72161
samatta	217	70294
samattan	213	70295
samauryn	207	59144
sammit	224	87853
samolety	225	89340
samosval	223	86702
samp	194	38132
samsa	231	50146
samsam	218	79094
samsany	202	50148
samsanyñ	206	57322
samsağa	206	57237
samsung	142	2643
samurai	231	97532
samğa	208	53296
samğai	215	73060
samğap	207	58758
samğar	204	53297
samğau	216	74709
samūryq	210	65002
san	120	561
sana	231	8416
sanadym	209	61740
sanaidy	181	21502
sanaimyz	211	65654
sanaisyñ	208	59858
sanaityn	200	47224
sanalady	161	8420
sanalatyn	186	26618
sanalmaidy	199	44565
sanaly	163	8997
sanalylyq	219	80337
sanamaidy	221	83695
sanamaq	213	69263
sanamda	222	85633
sanamdy	227	91072
sanan	204	27939
sanany	190	27940
sananyñ	187	27941
sanap	231	95573
sanasam	214	71175
sanasañ	216	74717
sanasu	222	85034
sanasy	180	19960
sanasyn	199	21767
sanasyna	181	21768
sanasynda	206	56582
sanasyp	201	48598
sanasyz	189	30650
sanasyzdyq	229	93475
sanat	231	37751
sanatori	227	37754
sanatoriia	194	37756
sanatoriiağa	206	56431
sanatoriige	230	94676
sanatqa	205	54653
sanatty	206	56948
sanau	175	16137
sanauly	179	19532
sanauğa	204	53329
sanağa	203	35970
sanağan	193	35971
sanağanda	201	49134
sandai	228	92493
sandar	152	2338
sandardy	140	2340
sandardyñ	176	16974
sandary	188	29288
sandaryn	196	40645
sandarğa	182	21984
sanduğaş	231	77676
sanduğaşqa	217	77678
sandy	231	8055
sandyq	160	8056
sandyqqa	210	65081
sandyqta	211	66556
sandyqty	208	61419
sandyraq	224	59474
sandyraqtap	207	59477
sandyrağy	215	74172
saniia	150	4480
saniianyñ	212	68080
saniiağa	215	73893
sanitar	218	24835
sanitarlyq	184	24838
sanjar	231	67723
sanjarda	217	76889
sanjarmen	212	67726
sanmen	191	33934
sannyñ	163	9358
sansyz	231	25636
sansyzbaeva	213	70063
sansyzbai	185	25639
santehnik	178	18641
santimetr	196	40098
sanuzel	217	78055
sany	231	70551
sanynyñ	231	96517
sanyñdy	213	70554
sanğa	231	96837
sanşo	231	96948
sapaly	154	5501
sapalyq	186	26663
sapan	222	85777
sapar	154	5749
saparaly	209	61859
saparbaev	206	56614
saparbek	186	27449
saparda	210	64710
sapargül	208	61467
saparhan	201	48141
saparkül	199	44269
saparmen	221	84163
saparova	201	47738
sapary	210	65342
saparyñ	223	86059
saparğali	191	33018
sapasy	154	5640
sapasyn	169	12556
sapasyna	190	32521
sapasynyñ	200	46582
sapasyz	201	48795
sapfir	227	90701
sapqa	194	37605
sapta	206	57773
saptama	229	93183
sapty	186	15117
saptyq	173	15118
sapy	204	52988
sapyryp	219	79837
saq	231	625
saqadai	220	81796
saqal	172	14228
saqaldy	189	30159
saqaly	198	43805
saqalyñdy	219	80608
saqau	202	50665
saqi	222	55126
saqina	231	55128
saqinaly	223	86225
saqinany	205	55130
saqinasyn	213	70914
saqta	161	627
saqtady	201	8353
saqtadym	161	8354
saqtai	136	1804
saqtaidy	174	15767
saqtaimyn	187	28309
saqtaimyz	193	35450
saqtaityn	185	25462
saqtaiyn	194	37933
saqtaiyq	204	53673
saqtalady	177	17448
saqtalatyn	200	46334
saqtaldy	207	58576
saqtalmağan	199	44773
saqtalu	195	37286
saqtaluy	194	37287
saqtalyp	166	10510
saqtalğan	174	15490
saqtama	204	53735
saqtamai	204	53985
saqtan	209	31290
saqtandyru	191	32956
saqtansañ	200	46473
saqtanu	191	33651
saqtanyp	189	31292
saqtap	122	628
saqtapty	216	75040
saqtardyñ	195	38813
saqtasañ	184	24284
saqtasyn	231	94993
saqtau	142	2664
saqtaudy	197	41639
saqtauly	176	17141
saqtauğa	169	12329
saqtauşy	224	87786
saqtañdar	203	51528
saqtañyz	201	48501
saqtağan	176	16971
saqty	218	34425
saqtyq	192	34426
saqtyqta	196	41081
saqşy	223	86581
sara	231	17010
sarabdal	225	89309
saraida	193	36367
saraidy	217	65901
saraidyñ	211	65902
saraiy	189	30852
saraiyna	212	68825
saraiynda	209	63019
saraiynyñ	220	81723
saraiğa	197	41325
saraişyq	197	42494
saralap	201	47680
saralau	205	55264
saraljyn	223	86904
saramen	224	87823
sarany	212	52748
saranyñ	204	52749
sarap	230	28839
saraptama	204	54064
saraptamalyq	222	85235
saraptau	217	77334
sarapşy	187	28841
sarapşyğa	196	40526
saratov	221	84166
sarañdyq	226	90220
sarağaş	176	17013
sarağaşqa	195	38727
sarağaşta	198	43094
sarağaştan	212	68792
sarbas	224	88063
sarbazdar	213	69552
sarbazdary	216	75393
sardar	187	28295
sardarbek	222	85388
sardor	200	46258
sarieva	203	51915
sarkazm	192	34704
sarman	217	77042
sarmat	208	60642
sarqylmas	201	48074
sarqyrama	209	62092
sarqyramasy	224	88180
sarqyt	169	12011
sarsen	183	23126
sarsenbaev	205	44198
sarsenbaeva	198	44199
sarsenbek	205	54602
saru	226	66204
saruar	211	66206
sarvar	214	72650
sarvinoz	194	37350
saryarqa	231	63422
saryarqanyñ	210	63425
saryağaş	231	23087
saryağaşqa	183	23089
saryağaşta	184	24096
saryağaştan	199	44694
saryağaştyñ	214	71252
sarybai	202	50517
sarybas	225	89058
sarydan	213	70301
saryjailau	207	58068
sarykemer	194	37997
sarym	194	37977
sarymen	196	39921
sarymsaq	200	45906
saryn	203	36428
saryndy	228	92236
saryny	193	36429
sarynyñ	209	61816
sarysy	186	27550
sarysyn	195	39078
sarytau	211	65622
saryözek	204	53210
saryözekke	212	67290
saryözekte	223	86727
saryğa	201	48131
sarğaiyp	187	28044
sarğyş	206	56963
sask	225	88623
saspa	194	37919
sasqalaqtap	202	50004
sasyp	231	96248
sasyq	231	97292
sat	231	200
sata	231	20712
satady	231	96196
sataiyn	184	25074
sataiyq	220	81836
satamyn	231	96595
satasyz	186	26601
satasyzdar	222	84954
satasyñ	180	20715
satasyñba	195	39172
satatyn	231	23169
satatyndar	183	23172
satbaev	196	40488
satbaeva	212	67450
satira	219	80605
satiralyq	227	90708
satjan	204	52930
satpaeva	171	13345
satpaevta	213	70814
satpai	191	32789
satpaidy	195	38368
satpaim	207	39564
satpaimyn	195	39566
satpaimyz	207	58037
satpaisyz	206	57734
satpaisyñ	214	71770
satpaityn	195	39272
satqan	176	16890
satqanda	213	69443
satqyn	171	13499
satqyndar	213	70714
satqyndyq	194	37403
satsa	196	28558
satsai	205	54656
satsam	187	28559
satsañ	196	41069
sattar	186	26598
sattyq	206	56773
sattyñ	202	49573
satu	153	5163
satumen	213	70104
satuğa	168	11681
satuşy	174	15454
satvp	212	67316
saty	182	201
satybaldy	182	22843
satyda	205	54737
satyla	208	2285
satylady	139	2287
satylama	197	42320
satyldy	195	39016
satylmaidy	200	46953
satylsa	210	65034
satylu	215	73110
satyly	204	26200
satylym	192	26201
satylymda	185	26203
satylymğa	207	59335
satylğan	199	44723
satyp	104	202
satypty	220	81787
satyr	213	70869
satysy	191	33180
satysyna	217	77364
satysynda	199	44833
satyğa	210	64042
satşy	187	28506
saual	207	8821
saualnama	162	8825
sauap	231	95856
sauatsyz	177	17663
sauatsyzdyq	227	91199
sauatty	231	11322
sauattylyq	167	11325
sauattylyğy	197	41796
sauaty	210	64318
saubol	231	95655
saubolyñyz	231	95659
sauda	231	22562
saudalasyp	213	70935
saudanyñ	203	51249
saudasy	182	22564
saudasyn	209	62004
saudañ	186	27383
saudañdy	224	87722
saudañyz	192	35307
saudağa	196	39743
saule	231	40266
saulede	218	78778
sauleden	221	83350
saulege	196	40268
saulem	221	82188
saulemen	220	82190
saulenı	217	77725
saulyq	231	95429
saulyğyñ	231	41265
saulyğyñyz	197	41267
saumaly	227	90859
sauntrek	225	88614
sausaq	231	28898
sausaqpen	188	28901
sausaqtai	224	87148
sausaqtar	203	52603
sausaqtary	205	55694
sausaqtarym	217	76283
sausaqty	206	56688
sausaqtyñ	209	61845
sausağy	205	48207
sausağym	201	48208
sausağymdy	206	57168
sausağymen	218	79192
sausağyñ	214	62601
sausağyñdy	209	62603
sausyñ	213	70092
sauyq	191	33275
sauyqtyru	196	40405
sauyr	220	81822
sauysqan	211	67152
sauyt	199	45381
sauyğyp	231	95543
sauğa	218	79516
sauğan	220	82021
sazaiyn	219	79796
sazdy	196	40938
sazger	212	67896
sañq	230	94237
sañyrau	210	43241
sañyrauqūlaq	198	43246
sağan	231	80561
sağana	219	80562
sağanda	231	94942
sağat	231	8645
sağatpen	193	36187
sağatqa	231	95892
sağatsyz	229	93218
sağatta	231	13798
sağattai	171	13799
sağattan	231	95412
sağattap	204	53528
sağattar	196	40786
sağattarda	204	53953
sağattardan	218	78953
sağattaryn	204	53556
sağatty	176	16279
sağattyq	175	16280
sağattyñ	179	19657
sağaty	231	8646
sağatym	197	41536
sağatymdy	214	72330
sağatyn	162	8647
sağatyna	171	13531
sağdat	200	47047
sağymdy	229	93363
sağyn	183	12509
sağyna	187	12510
sağynady	190	31681
sağynai	202	49301
sağynam	169	12511
sağynamğo	219	80184
sağynasyn	205	54448
sağynatyn	177	17760
sağynbadym	218	78162
sağynbadyñ	201	48935
sağynbai	190	32241
sağynbaidy	217	77290
sağynbaimyn	217	77863
sağynbaisyñ	207	58715
sağynbaityn	219	79890
sağynbağan	210	64312
sağyndy	191	32817
sağyndym	231	94819
sağyndyq	231	96274
sağyndyñ	231	58425
sağyndyñyz	207	58427
sağynsam	208	59672
sağynsañ	187	28340
sağynsañyz	221	83846
sağyntai	202	49442
sağynu	202	50722
sağynuğa	221	83884
sağynyp	231	72814
sağynypty	215	72816
sağynyyp	215	74089
sağynyş	231	13703
sağynyşpen	208	61337
sağynyşqa	205	56017
sağynyştan	200	47420
sağynyşty	207	58034
sağynyştyñ	211	65527
sağynyşy	225	13704
sağynyşym	171	13705
sağynyşymdy	196	40130
sağynyşymyzdy	219	80350
sağynyşyn	219	80187
sağynyşyñdy	212	67860
sağynğali	212	68093
sağynğan	231	22601
sağynğanda	182	22603
sağynğannan	208	61278
sağynğanym	208	61519
sağynğanymdy	213	69680
sağyz	231	89600
sağyzşa	226	89602
sberbank	178	18508
seas	212	68107
sebebtı	206	57706
sebebı	231	14804
sebebım	173	14805
sebebımen	225	89352
sebebıñ	216	75618
sebelep	214	71841
sebep	231	10542
sebepker	190	31684
sebeppen	184	24762
sebepsız	169	12240
sebepsızden	209	63177
sebepten	167	11034
sebepter	188	10545
sebepterge	197	41509
sebeptermen	180	20643
sebepterı	166	10546
sebepterın	190	31846
sebeptı	231	95398
sebepşı	177	17873
sebepşısı	223	86806
sebetın	208	60772
see	158	6935
seeks	229	92948
segment	227	91136
segodniia	219	80128
segız	231	13956
segızaiaq	212	68131
segızde	172	13958
segızden	193	36320
segızderde	212	68842
segızdık	229	92871
segızge	187	28829
segızköz	206	57256
segızı	207	20529
segızıne	229	92901
segızınşı	180	20532
seh	164	9648
sehqa	214	71649
sehta	201	49122
seidahmet	197	41542
seidahmetova	223	85886
seif	193	20906
seifullin	231	20911
seifullina	181	20912
seifullinnıñ	221	83405
seisenbek	212	68770
seisenbı	231	97052
seit	200	46239
seitova	218	78907
seiıl	216	73793
seiılbek	215	73796
seiıtjan	214	71704
sek	231	5192
sekret	231	83732
sekretariat	228	91831
sekretarşy	230	94595
sekretnaia	221	83736
seks	231	40190
seksam	228	91892
seksek	229	93195
seksiia	196	40193
sekske	201	48645
seksualdy	224	87848
seksualdyq	228	92159
seksı	229	92743
sekta	219	81233
sektor	200	47102
sektordyñ	228	92259
sektory	210	63982
sekund	153	5195
sekundomer	228	92211
sekundta	188	29138
sekundy	202	49594
sekıldı	231	48584
sekıldısıñ	201	48587
sekırgen	211	66892
sekırme	221	83854
sekırtpe	226	89922
sekıru	231	96785
sekırıp	231	96331
selektor	216	75861
selfi	200	97758
selitra	230	94048
selliuloza	211	66188
sellofan	228	92279
seluetsia	228	91702
seluiutsia	225	88883
semei	141	2481
semeide	172	13928
semeidegı	207	59185
semeiden	189	30185
semeidıñ	206	57444
semeige	168	11692
semestrde	189	31006
semestrge	219	80986
semiasy	217	76873
seminarda	199	44736
seminardan	221	83928
seminary	217	77747
seminarğa	185	25769
semır	222	55889
semıretın	221	83323
semırgen	205	55892
semırp	220	82373
semırtu	226	90206
semırtıp	211	66507
semıru	212	68930
semırıp	231	96466
semız	152	4886
semızbın	216	74939
semızdık	210	63666
sen	231	65
senat	188	29622
senator	225	88257
senbe	231	11064
senbedım	205	56020
senbedıñ	216	75264
senbegen	196	40008
senbegende	219	80172
senbei	231	11065
senbeidı	184	24872
senbeimın	167	11068
senbeimız	223	86737
senbeisız	203	52383
senbeisıñ	173	14937
senbeitın	186	27270
senbeseñ	231	31814
senbeseñde	212	67708
senbeseñız	190	31816
senbeu	195	38945
senbeñder	203	51168
senbılık	217	77736
sende	79	67
sendede	231	96928
sender	231	284
senderde	231	65396
senderdegı	210	65398
senderden	231	95692
senderdı	231	53387
senderdıkı	231	53389
senderdıkın	204	53390
senderdıkınde	216	74972
senderdıkıne	205	55479
senderdıñ	231	76919
senderdıñde	217	76921
senderge	109	286
sendergede	231	97483
senderlıñ	222	85232
senderşı	213	70049
sendeşı	207	59441
sendp	212	68449
sendık	193	36121
sendıkpın	213	69777
sendım	160	7788
sendıre	211	66739
sendıru	196	40338
sendırıp	205	56068
sendıñ	201	47655
seneiık	217	77377
seneiın	206	57037
senek	219	81250
senemın	154	5692
senemız	183	23889
senende	174	15498
senerımdı	217	77903
senesız	199	45867
senesıñ	174	15295
senetın	180	20294
sengısız	229	93069
sengış	213	69994
senin	115	429
senje	207	59090
senodnia	215	73790
sensasiia	211	66830
sensei	205	54724
sensem	206	57013
senseñde	211	65763
senseñız	206	56621
sensız	231	95626
sensıñ	165	9995
sentiabrde	201	48953
sentiabrden	213	69558
sentner	227	91297
senu	231	13098
senuden	186	26894
senudıñ	216	75038
senuge	170	13100
senuı	225	73090
senuım	215	73091
senzura	219	81118
senä	214	71771
senı	231	6081
senıde	156	6160
senıkı	231	16139
senıkıde	181	21696
senıkıma	200	47097
senıkımen	195	39386
senıkımın	212	68297
senıkın	231	16140
senıkınde	195	24572
senıkındei	184	24573
senıkıne	175	16141
senıkınen	187	28241
senıkınıñ	209	61633
senımdı	231	20888
senımdılık	192	34828
senımdımın	181	20891
senımdısıñ	205	55666
senımen	231	66548
senımende	211	66550
senımenen	225	89182
senımhat	210	63659
senımmen	193	36390
senımnen	206	57740
senımsız	187	28289
senımsızdık	194	37365
senımı	199	37923
senımım	203	51026
senımımdı	206	56542
senımın	194	37924
senımıñ	218	59622
senımıñdı	207	59624
senımıñe	223	86494
senımıñızdı	211	66489
senın	231	62024
senınde	209	62026
senıp	231	95279
senıñ	231	6082
senıñde	155	6084
senıñkı	171	13789
senıñkın	208	59918
senıñkıremei	223	86502
senşı	231	95709
sepsis	209	61790
septeu	217	77292
septıgın	192	34078
septık	185	25121
seraly	209	61747
serek	223	86834
serena	211	66165
sergei	223	86937
sergektık	229	93330
sergıp	196	39776
sergıtu	177	17648
serial	231	22337
serialdar	208	60810
serialdy	209	61753
serialy	182	22338
seriia	231	21714
seriialy	214	71042
seriialyq	229	92712
seriiasy	181	21716
seriiağa	207	59519
serjan	231	30924
serjant	189	30925
sermeu	221	83024
serpılıs	211	67158
serpımdı	189	30883
serpımdılık	196	41157
serpın	203	51707
serpındı	216	74904
sert	195	2950
sertifikat	143	2956
sertifikatqa	216	75527
sertifikattar	216	75311
sertifikattau	219	80975
sertifikatty	191	33376
sertifikattyñ	229	93265
sertifikaty	191	32679
sertifikatyn	204	53509
seruende	229	27968
seruendep	187	27969
seruendeu	202	50334
seruendeuge	212	68709
seruenge	208	61068
server	231	96624
servis	231	97608
serviz	216	75187
serğali	208	60213
serğazy	189	30734
serı	172	13915
serıgım	199	45480
serıgıñ	189	30900
serıgıñız	207	59088
serık	231	27350
serıkbaev	207	48361
serıkbaeva	201	48362
serıkbai	231	96571
serıkbolsyn	209	62146
serıkgül	217	76431
serıkke	189	31255
serıkov	206	56610
serıkpen	208	60385
serıkqali	207	59609
serıkte	218	50915
serıkten	214	71780
serıkter	225	88287
serıktester	202	50919
serıktesterı	225	89389
serıktestık	206	56341
serıktesı	219	81208
serıktı	205	27352
serıktıñ	186	27353
serıkūly	202	50052
serıler	224	87818
serınıñ	222	84640
serıppe	212	68123
serıppelı	221	83997
ses	183	16142
sesiia	186	27109
sesiiağa	218	78680
sessiiada	193	35952
sessiiadan	193	35953
sessiiany	189	31068
sessiianyñ	207	58507
sessiiasy	213	70042
sessiiasyn	226	89850
sessiiağa	175	16148
sestör	223	85895
sesşas	214	72103
setra	229	93207
seuıp	183	23435
sevara	183	23818
sezbedım	224	87432
sezbei	188	29977
sezbeidı	209	62836
sezbeisıñ	221	83756
sezdım	186	26382
sezdıñ	212	67779
sezedı	187	28604
sezemın	203	51956
sezesıñ	205	55032
sezetın	210	63670
sezgen	192	34366
sezgendei	209	62776
sezgış	211	65551
sezon	231	32830
sezonda	202	49968
sezony	191	32831
sezonğa	218	78864
sezıldı	220	82227
sezıledı	203	52465
sezılıp	201	47669
sezım	231	9602
sezımde	176	16989
sezımder	196	40542
sezımderdı	214	71823
sezımderdıñ	216	75815
sezımderı	207	46584
sezımderımdı	228	92583
sezımderın	200	46585
sezımderıñ	226	90334
sezımdı	165	9968
sezımdık	218	78852
sezımge	172	14023
sezımmen	191	33152
sezımnen	208	61141
sezımnıñ	180	20196
sezımsız	220	82389
sezımtal	187	28640
sezımtaldyq	208	60829
sezımı	164	9603
sezımım	167	11175
sezımımdı	183	23037
sezımıme	219	58167
sezımımen	207	58168
sezımın	167	11282
sezımıne	201	47709
sezımınıñ	214	72531
sezımıñ	173	14507
sezımıñdı	190	32359
sezımıñe	223	86733
sezımıñız	206	57791
sezın	220	7334
sezındım	199	45154
sezıne	179	19827
sezınedı	195	38437
sezınemın	197	41701
sezınesıñ	209	63358
sezınetın	208	59694
sezıngen	205	55471
sezıngım	216	75503
sezınu	191	32989
sezınıp	159	7336
sezıp	231	96232
sfera	173	14668
sfere	187	28065
sfotkal	225	88776
siam	230	93749
sida	221	84094
sidañ	223	85977
sigara	218	78660
sigareta	223	86697
sige	213	24324
sigem	184	24325
sigil	200	46736
sigilip	212	67380
sigip	184	24533
sigisip	210	64786
signaldy	218	70190
signaldyq	213	70191
signalizasiia	205	54619
siiaqtia	222	85556
siiaqty	231	3005
siiaqtylar	191	33241
siiaqtylarğa	219	79801
siiaqtymyn	144	3008
siiaqtymyz	177	17818
siiaqtysyz	180	20434
siiaqtysyñ	154	5695
siiaqtysyñdar	205	55916
sikldık	213	70233
siklon	199	45131
silap	231	97497
sillabus	196	40346
simbioz	206	57817
simfoniia	212	69115
simmetriialy	185	25988
simptom	210	64671
sindromy	186	27039
sinekdoha	229	92855
singarmonizm	227	90996
singl	227	90611
sinhrondy	186	27441
sinonim	153	5403
sinonimdık	212	68669
sinoptik	229	43488
sinoptikalyq	198	43492
sins	229	92693
sintaksis	200	47241
sintaksistık	200	47244
sintetika	214	30013
sintetikalyq	188	30016
sintez	193	36737
sintezdeu	210	64317
sintezdık	230	93594
sinus	191	33765
sipalau	226	89998
sipattaityn	176	16616
sipattalady	172	14352
sipattamasy	174	15612
sipattau	171	13525
sipattağy	191	33456
sipatty	208	61449
sipaty	170	12975
sipatyna	191	32685
sipau	220	82480
siqyr	205	22263
siqyrly	182	22265
siqyrşy	217	76591
siraq	199	44907
sirek	231	96687
sirena	205	54837
sirius	207	58463
sirkuliasiia	214	72466
sirkı	202	50667
sistra	221	83128
sitologiia	210	64103
sitoplazma	210	63889
sitrus	214	72247
siujettı	209	45144
siujettık	199	45145
siuzi	199	45270
sivilizasiia	226	89452
siyn	225	88832
siyqty	219	80374
siyr	231	35215
siyrdan	208	60494
siyrdyñ	231	97307
siyrlar	192	35218
siyry	207	59013
siyrym	213	69521
sk	156	6429
skarlatina	228	92177
skaşait	203	52355
skaşatb	229	93254
skaşivaiu	220	82889
skele	221	83526
sketş	218	78290
skks	226	89779
sknde	224	88108
skrin	231	94803
skrinmen	231	96653
skrinşot	231	95491
skryty	220	82096
slaid	231	41683
slaidqa	197	41685
slaidty	231	97197
slavian	204	53166
sld	180	20777
slivy	219	81290
sluşainyi	212	67362
sluşilos	207	59409
smail	231	12838
smailik	231	12840
smailikke	202	49727
smailikpen	185	26254
smailikter	180	20154
smailikterdı	201	48858
smailikty	202	50245
smailiktı	170	12842
smailiktıñ	213	70653
smailov	220	69756
smailova	213	69757
smak	211	66352
smart	231	96493
smağūlov	222	85497
smola	224	88061
snapşat	231	64926
snapşatpen	210	64929
snapşatta	213	69193
sng	231	97145
snimaeş	220	82558
so	76	45
sobakoi	209	62071
sobaşii	222	85731
soboka	222	85412
sobor	224	87630
soda	231	37170
sodan	231	37171
sodanda	194	37173
sofi	210	64894
sofiia	231	96598
sogoş	191	33481
soi	195	29133
soiqan	212	69067
soiuz	194	37416
soiuzy	217	77546
soiuğa	202	49601
soiğan	188	29136
sol	200	3241
solai	231	79279
solaişa	218	79281
solaqai	215	72962
solarda	187	8474
solardan	162	8475
solardy	231	3245
solardyñ	145	3246
soldat	178	19116
soldattar	214	72403
soliarka	208	59812
solq	227	91549
soltüstık	231	66977
soltüstıkke	211	66979
solu	227	91395
solğa	231	97146
solğyn	210	64987
som	231	97184
son	231	362
sondai	231	47674
sondailar	231	56567
sondailary	221	83430
sondailarğa	206	56569
sondaimyn	231	96375
sondaimyz	201	47677
sondaisyz	224	87461
sondaiğa	231	97568
sondasyñ	219	80306
sondağy	231	97299
sondyqtan	231	27603
sondyqtanda	186	27605
sonymen	112	366
sonyñ	231	94847
sonşa	231	5085
sonşalyq	188	7063
sonşalyqty	158	7065
sonşama	152	5087
soobşenie	231	43600
soobşenielerdı	214	71990
soobşeniemen	214	72494
soobşenienı	198	43602
soobşeniiany	216	74869
soobşestvo	200	46900
sopaq	185	25955
sopaqşa	186	26977
sopylyq	221	83512
soq	231	12334
soqa	209	62709
soqpadyñ	215	74349
soqpai	186	27192
soqpaidy	205	55445
soqpaisyñ	222	84904
soqpaq	228	92059
soqpasa	223	86804
soqqam	216	75303
soqqan	169	12337
soqqanda	190	31560
soqqy	179	19877
soqsai	211	66356
soqsañ	215	73312
soqsyn	203	52328
soqta	224	88002
soqty	171	13419
soqtym	187	27891
soqtyma	212	68774
soqtyñ	191	33917
soqyr	231	90851
soqyrışek	227	90855
sor	231	35184
soram	192	35186
soraqy	223	86380
sorañ	228	92261
sorlau	230	94590
sorly	231	95707
sorpa	231	39167
sorpany	200	46580
sorpasy	197	39169
sorpasyn	195	39170
sorpağa	202	50181
sorri	231	96381
sortañ	230	94319
sortty	218	78756
sosedkoi	229	92990
sosedom	225	88994
sosial	222	31536
sosialistık	190	31541
sosializm	215	74485
sosiolog	212	68994
soska	136	1768
soslovie	220	81831
sot	231	3807
sotka	231	3809
sotkada	171	12864
sotkadan	170	12865
sotkalar	223	86693
sotkam	148	3810
sotkama	192	34410
sotkamda	188	29561
sotkamdy	158	7039
sotkamen	158	6966
sotkammen	210	64772
sotkamnan	200	47254
sotkamnyñ	199	45281
sotkanyñ	186	27473
sotkasy	160	7759
sotkasymen	190	31544
sotkasyn	231	35551
sotkasyna	193	35552
sotkasynan	193	35553
sotkasynda	201	48808
sotkasynyñ	217	76612
sotkasyz	211	65476
sotkañ	181	21109
sotkaña	209	61610
sotkañda	216	75046
sotkañdy	181	21111
sotkañmen	228	92358
sotkañyz	216	75491
sotkañyzdy	220	82426
sotkağa	171	13743
sotki	205	54732
sotkm	200	46881
sotky	168	11511
sotkym	201	48109
sotkyny	200	46784
sotkysy	213	69416
sotkysyn	215	73390
sotkı	194	37161
sotkım	224	87081
sotkını	224	87565
sotok	210	65137
sotovyi	195	39434
sotpen	217	76692
sotqa	231	89692
sotqar	226	89693
sotreseniia	220	82692
sotrudnik	195	39670
sotrudniki	201	47789
sotrudnikov	197	42360
sotta	190	32418
sottalmağan	203	51320
sottalyp	191	33484
sottan	203	51101
sottap	204	53532
sottasyp	217	77470
sottatyp	219	80383
sottau	216	74695
sotty	216	36536
sottyq	214	71578
sottyñ	193	36537
sotynyñ	217	77612
sous	187	28524
sovettık	213	69727
sovhoz	206	57343
sozan	214	72470
sozaqqa	211	66963
sozaqta	214	72086
sozba	206	30230
sozbai	189	30231
sozdık	225	88837
sozu	196	40109
sozuğa	205	55729
sozylady	183	23368
sozyldy	198	44180
sozylmaly	175	16497
sozylu	206	56342
sozylyp	168	11910
sozylyñqy	218	78983
sozylğan	187	28885
sozylğyş	227	91191
sozyndy	211	67231
soñ	231	11099
soñy	231	11100
soñymnan	210	63579
soñyna	231	11102
soñynan	167	11103
soñynda	231	16357
soñyndağy	175	16359
soñyñnan	226	90077
soñğy	231	19632
soñğysy	231	19634
soñğysyn	179	19635
soğa	162	8635
soğady	168	11826
soğain	220	81492
soğaiyn	184	24189
soğaiyq	218	78746
soğam	231	31658
soğamyn	190	31660
soğamyz	199	44838
soğan	231	17588
soğanda	177	17590
soğarmyn	208	60115
soğarsyñ	214	72392
soğasyz	217	76355
soğasyñ	196	40076
soğdy	226	90249
soğu	182	22235
soğuy	204	54032
soğuğa	201	48301
soğyldy	214	72342
soğylyp	202	49312
soğylğan	202	50587
soğym	231	95286
soğyp	231	67810
soğypsyñ	212	67813
soğypty	216	75208
soğys	231	9476
soğysqa	187	28396
soğysqan	219	80548
soğyssyz	228	92519
soğysta	193	31463
soğystan	190	31464
soğysty	200	42579
soğystyñ	197	42580
soğysu	230	93905
soğysy	164	9477
soğysyna	210	63730
soğysynan	215	74191
soğysynyñ	193	35651
soğysyp	190	32262
soğyñyz	219	80312
soğūrlym	194	38074
soşn	215	73989
spam	231	96429
spasibo	200	97762
spatt	217	77108
spektr	210	64259
spiker	196	40199
spla	229	92747
sport	231	79342
sporttyq	231	96668
sportzalğa	218	79347
spş	226	89616
stabilizator	216	76119
stadion	186	26876
stadionda	206	56197
stadionğa	211	66499
stai	199	44884
stail	214	72333
staj	176	16919
stajer	198	43036
stajirovka	185	26164
stajirovkada	227	87410
stajirovkadan	224	87411
stajirovkağa	224	88110
stajym	222	85094
standarttau	207	57953
stansiiasy	211	66323
staqan	179	19765
starikov	222	85802
stars	231	96216
staruha	208	60484
staruşka	219	80859
starşuiu	225	88602
starşyn	217	76850
stas	198	43884
stasionar	205	56003
statistika	173	14783
statistikalyq	181	21708
statuia	222	85676
status	231	13061
statusa	202	49845
statusmdy	210	64144
statusqa	231	95738
statustan	177	17520
statustar	210	64789
statustağy	187	28733
statusty	173	14602
statusy	178	13062
statusym	203	13063
statusyma	192	35330
statusymdy	170	13065
statusyn	175	16538
statusyna	181	20832
statusynan	194	37606
statusynda	203	52377
statusyñ	205	30227
statusyña	189	30228
statusyñdy	193	35744
stendoff	219	79946
stenokardiia	218	79551
stependiia	141	2502
stependiiada	220	81462
stependiiany	213	70275
stependiiasy	210	64249
stependiiağa	214	71467
stepnaia	217	77476
stepnogorsk	201	47994
stepnoi	193	35646
stesniaetsia	229	92910
stilist	206	56523
stilistika	206	56526
stimul	212	68895
stipendiia	167	11199
stipendiiadan	218	78394
stomatit	211	66925
stomatolog	192	23412
stomatologiia	183	23415
stomotolog	196	40475
stomotologiia	208	59717
stonet	214	72275
storis	150	4286
storiske	178	18906
strastnaia	225	88731
strateg	223	28052
strategiia	196	28055
strategiialyq	187	28058
stratosfera	218	79527
straus	221	82951
streptiz	229	93449
strip	225	89160
strit	208	61293
stsqa	231	96347
ststan	184	24368
student	231	5710
studentke	205	55900
studentki	210	64391
studentpın	203	51698
studentter	154	5713
studentterdı	201	24247
studentterdıñ	184	24248
studentterge	181	21785
studentterı	196	40874
studenttık	180	19940
studenttıñ	199	45155
studentı	174	15566
su	97	147
suares	228	92343
suarmaly	207	57908
suaryp	204	53754
suat	226	90451
subaru	195	39111
subhanalla	194	28540
subhanallah	187	28541
subtitrami	223	86667
subtropiktık	206	57246
sudai	174	15706
sudak	215	73807
sudan	231	96784
sudağy	202	50428
suiem	200	97765
sukany	220	82127
sulandyru	230	94352
sulyq	216	75902
sumasşedşaia	223	86388
sumañ	219	81337
supergeroi	226	90339
supervaizer	207	59639
suret	231	2752
sureter	195	38251
suretke	231	82477
suretkede	220	82479
suretker	226	90366
suretpen	181	21451
surette	142	2754
surettegı	231	55493
surettegıdei	205	55496
suretten	168	11805
surettep	208	60646
suretter	231	3872
suretterde	194	37954
suretterden	201	47836
suretterdı	148	3874
suretterdıñ	193	36431
suretterge	187	28039
suretterı	160	7872
suretterım	196	41036
suretterımdı	199	44953
suretterıme	223	86090
suretterın	161	8105
suretterıne	218	79283
suretterıñ	186	13312
suretterıñdı	171	13314
suretterıñe	223	86582
suretterıñız	215	72859
suretteu	200	46360
surettı	231	15355
surettıñ	174	15356
surettıñdı	208	59947
suretı	231	8636
suretım	171	12453
suretımdı	169	12455
suretıme	208	47041
suretımen	200	47042
suretımız	212	61358
suretımızdı	208	61360
suretın	231	33284
suretınde	208	60588
suretıne	191	33285
suretıñ	162	8637
suretıñde	226	90106
suretıñdı	231	95548
suretıñe	193	35497
suretıñız	202	24298
suretıñızdı	184	24300
suretşı	176	16590
susabyn	228	92267
susar	217	77500
suspenziia	222	84463
susu	226	89944
suvenir	215	73120
suy	231	9364
suym	193	35612
suymdy	219	81246
suymen	209	62947
suyn	166	10771
suyna	206	57550
suynan	216	75198
suyndai	209	61658
suynyñ	198	42652
suyp	231	95652
suyq	231	9365
suyqpa	182	22665
suyqqa	231	97606
suyqta	163	9367
suyqtan	181	21171
suyqtap	179	19228
suyqtau	211	65751
suyqtağan	209	63355
suyqtyq	219	80130
suyr	221	83340
suyrma	225	88289
suysa	214	72202
suyt	227	17724
suytu	210	63660
suytyp	177	17726
suyñ	206	57656
suyñdy	222	85652
suyğan	209	62872
suğa	231	65927
suğaryp	211	65930
suşka	231	96759
suşy	216	76144
svbaq	212	68301
sveta	231	95579
svin	215	74514
svodnyi	219	80467
sybailas	165	10037
sybağa	208	59788
sybyr	224	26309
sybyrlap	185	26312
sybyrlaq	215	74510
sybys	196	40406
sybyzğy	210	64400
sydyq	199	45734
syeyp	205	56099
syi	231	1995
syiaqy	207	57893
syidy	211	65730
syila	186	6909
syilady	192	34212
syiladym	214	71582
syilai	175	15735
syilaidy	176	17334
syilaimyn	175	16302
syilaimyz	202	49947
syilaisyñ	210	63625
syilaityn	174	15738
syilaiyn	214	71836
syilamai	204	52626
syilamaidy	203	52628
syilamaisyñ	222	84445
syilamaityn	213	69595
syilamasa	222	85285
syilamağan	215	74290
syilap	157	6910
syilar	210	63592
syilas	214	9436
syilasa	192	35337
syilasañ	195	38683
syilasqanğa	227	90802
syilastyk	205	55977
syilastyq	164	9439
syilastyqpen	207	58701
syilastyqqa	217	77168
syilastyqta	217	76466
syilastyqtan	223	86411
syilastyqty	211	65525
syilastyqtyñ	220	81943
syilastyğy	187	28266
syilastyğymyz	202	49905
syilastyğyñ	217	76803
syilasu	227	91099
syilasyn	180	20780
syilasyp	188	29985
syilau	177	17660
syilaudy	213	70122
syilauğa	200	46002
syilañdar	223	85903
syilağan	164	9409
syilağandy	202	49361
syily	174	1997
syilyk	184	24128
syilyq	137	1998
syilyqqa	167	11074
syilyqtar	169	12396
syilyqtardy	210	64721
syilyqtary	209	62984
syilyqtaryn	217	77121
syilyqty	191	33425
syilyqtyñ	214	71248
syilyğy	187	28880
syilyğym	198	43249
syilyğyn	195	39508
syilyğynyñ	196	39903
syilyğyñ	220	81765
syimai	160	7998
syimaidy	184	24259
syimaimyz	226	89840
syimaityn	207	58006
syimağan	205	55713
syisa	208	60062
syiy	184	24245
syiym	219	39621
syiymdy	226	39623
syiymdylyq	214	72444
syiymdylyğy	195	39627
syiyn	218	65845
syiyna	229	93062
syiynamyn	230	94346
syiynyp	211	65847
syiyp	200	47190
sykys	228	92217
syla	213	69266
sylaq	219	81046
sylbyr	219	81056
syldyr	221	83952
syldyrmaq	228	92058
syltauy	202	50276
syltauyñ	202	50277
symba	218	28269
symbat	231	28270
symbattyñ	187	28273
symdy	203	51073
synady	194	37184
synaityn	220	82879
synaiyn	218	78702
synama	201	49064
synap	231	84538
synapty	222	84540
synaq	158	7157
synaqqa	201	48327
synaqtan	191	33399
synaqtar	205	56055
synaqtardan	214	72372
synaqty	204	53141
synauğa	221	83377
synağy	185	25254
synağyna	204	54270
synağynan	223	86080
synbaityn	204	54199
synbağan	215	73845
syndarly	205	54953
syndy	231	3432
syndym	184	24175
syndyr	203	3433
syndyra	182	22721
syndyrady	210	63787
syndyratyn	212	67472
syndyru	191	33602
syndyryp	146	3435
syndyrğan	207	58380
syny	186	4405
synyby	157	6638
synybym	186	27303
synybymda	198	42991
synybymen	218	79349
synybymnyñ	213	69733
synybymyzdyñ	215	74371
synybyn	193	10370
synybyna	181	21407
synybynan	195	39496
synybynda	166	10372
synybyndağy	198	42857
synybynyñ	185	25513
synybyñ	205	55491
synybyñda	209	62232
synypqa	231	95687
synypta	231	5482
synyptar	157	6582
synyptarda	187	28297
synyptardan	202	49369
synyptardy	198	39416
synyptardyñ	195	39417
synyptary	205	55856
synyptarğa	177	17890
synyptas	154	5483
synyptastar	160	7652
synyptastarmen	213	69643
synyptastary	216	28919
synyptastarym	188	28920
synyptastarymdy	219	80538
synyptastarymen	221	84329
synyptastaryñ	211	65968
synyptasy	203	13868
synyptasym	172	13869
synyptasyñ	206	57365
synyptağy	160	7952
synyptağylar	207	58595
synypty	164	4408
synyptyñ	150	4409
synyq	192	34337
synyqqa	227	91379
synyqşy	203	52610
synyqşyğa	210	64871
synğan	174	15244
synğyş	225	88715
synşyl	221	83349
sypai	225	7488
sypaiy	159	7489
sypaiylyq	205	55506
syptai	230	94670
sypyr	220	15741
sypyra	208	61332
sypyrtqy	223	85847
sypyru	211	66779
sypyryp	174	15743
sypyrğy	223	77579
sypyrğyş	217	77580
syqpa	222	84820
syqyr	219	81265
syqyrlauyq	224	87331
syrdariia	169	12426
syrdy	198	43848
syrdyñ	209	62661
syrlap	226	90333
syrlarymdy	218	79377
syrlaryn	207	58673
syrlas	187	26004
syrlasaiyq	224	87167
syrlasatyn	203	51905
syrlasu	193	35615
syrlasyp	185	26006
syrlasyñ	222	84756
syrly	186	27094
syrlybai	207	58848
syrma	217	74038
syrmaq	215	74039
syrnai	227	91207
syrqama	174	14443
syrqamai	172	14444
syrqat	206	57829
syrqattanyp	214	72158
syrqaudan	207	59163
syrqyrap	211	66172
syrt	231	1966
syrtqa	137	1968
syrtqy	139	2236
syrtta	143	2870
syrttai	159	7249
syrttamyn	216	74733
syrttan	155	5880
syrttağy	205	54396
syrtty	214	72630
syrttyq	230	94627
syrttyñ	221	83185
syrty	231	6577
syrtymen	214	71706
syrtymnan	178	18466
syrtymyzdan	216	74773
syrtyn	159	6578
syrtyna	166	6579
syrtynan	157	6580
syrtynda	169	12039
syrtyndağy	196	40886
syrtynnan	216	75358
syrtyñ	215	31507
syrtyñnan	190	31510
syry	166	10717
syryl	225	85352
syryldap	222	85355
syrym	231	57399
syrymbet	206	57402
syrymdy	231	97237
syrymyzdy	217	77125
syrymğa	211	66495
syryn	172	13888
syryndy	209	63066
syryp	196	39975
syryñdy	186	27279
syrğa	231	38963
syrğalar	209	62372
syrğaly	230	52403
syrğalym	203	52404
syrğanaq	199	45457
syrğanau	201	48619
syrğany	195	38965
syrğanyñ	217	77434
syrğasy	202	50660
syrğasyn	207	58336
syrğyp	210	64556
syrşyl	221	84147
syz	231	5823
syzba	167	11362
syzbada	209	63122
syzbasy	189	30905
syzbasyn	197	42565
syzdauyq	213	70708
syzdyq	211	65990
syzylu	226	89799
syzylyp	168	11616
syzylğan	181	21342
syzyp	231	95880
syzyq	231	5825
syzyqty	191	5827
syzyqtyq	155	5828
syzyqşa	195	38804
syzyğy	181	21821
syzğan	202	50792
syzğyş	194	38208
syñai	226	89523
syñaily	228	91908
syñar	210	50157
syñary	202	50158
syñarym	208	60086
syñsu	203	52111
syñğyr	217	55863
syñğyrlağan	205	55868
syğai	227	90860
syğalamai	203	51347
syğalap	180	20206
syğan	218	40581
syğanaq	196	40583
syğu	208	59890
syğylu	222	85670
syğyr	226	89610
säbi	164	9461
säbidı	216	30930
säbidıñ	189	30931
säbige	204	54264
säbiler	204	54355
säbilerge	222	85038
säbilı	215	71135
säbilık	214	71136
säbina	205	56070
säbira	213	70517
säbit	231	89364
säbitke	225	89366
säbız	160	7836
säigülık	215	74101
säikes	231	30373
säikestendıru	189	30380
säikestık	194	37926
säikestılık	230	94262
säjdede	220	81430
säjdege	211	65715
säke	231	75352
säken	231	75353
säkenge	216	75355
säl	231	133
sälamatsyz	95	140
sälde	192	4514
sälden	150	4515
sälem	231	45035
sälemdesu	199	45039
sälemet	231	94709
sälemetsız	231	94712
sälemetsızder	231	94865
sälemetsıñ	231	95273
sälemetsıñder	231	95276
sälemge	226	90473
sälemıñızdı	218	78691
sän	163	9260
sändenıp	224	87486
sändep	195	39358
sändeu	199	45415
sändı	231	22316
sändıgül	216	75471
sändık	182	22317
sänqoi	203	51364
sänqoilyq	229	92614
sänı	186	15796
sänım	174	15797
särege	224	87744
säresı	196	38198
säresın	194	38199
säresıne	198	43935
säresınen	227	91593
säresınıñ	230	94384
särsenbai	197	42354
särsenbek	200	47321
särsenbı	231	96266
säske	224	88119
sätbaev	172	14247
sätsız	194	37099
sätsızdık	219	80682
sätte	159	7550
sätten	192	34295
sätter	182	22720
sätterde	214	70971
sätterdı	199	44787
sätterdıñ	229	93285
sätterge	212	67322
sätterı	208	60398
sätterım	225	88608
sätterıñ	211	66228
sättı	231	18277
sättılıgın	207	59192
sättılık	231	18280
sättılıkke	178	18282
sätı	162	8471
sätımen	193	36101
sätın	162	8472
sätınde	208	59911
säukele	189	30195
säule	231	13826
säulege	208	61173
säulelenu	208	60294
säulelı	207	58578
säulelık	223	86317
säulem	200	45903
säulenı	218	41860
säulenıñ	197	41861
säulesı	190	31575
säulet	171	13827
säulettı	212	68263
säulettık	213	69341
säuletşı	209	62035
säuleş	213	69940
säuır	231	35038
säuırde	192	35040
säuırdıñ	209	61808
säzge	215	74322
söile	231	3333
söiledı	182	22229
söiledım	197	42093
söiledıñ	202	50095
söilegen	161	8070
söilegende	188	29040
söilegendı	211	67064
söilegennen	217	77425
söilegenı	193	35534
söilegenım	212	68313
söilegenın	208	60572
söilegenıne	222	85361
söilegenıñ	205	54920
söilegım	203	52082
söilei	145	3334
söileidı	158	7109
söileim	189	30782
söileimın	190	31758
söileisın	214	71779
söileisız	205	55433
söileitın	164	9668
söilem	231	5277
söilemdegı	184	24371
söilemder	177	17437
söilemderdı	231	96946
söilemdı	153	5279
söileme	174	10218
söilemedı	221	83570
söilemei	165	10219
söilemeidı	185	25645
söilemeimın	198	44052
söilemeisıñ	208	61165
söilemeitın	194	37057
söilemese	211	66140
söilemesem	221	83566
söilemeseñ	217	77066
söilemeu	211	65655
söilemeñız	222	85157
söilemeşı	208	61470
söilemnıñ	167	11030
söilep	231	95033
söiles	231	5102
söilese	231	11874
söilesedı	172	14046
söileseiık	231	95870
söileseiın	170	12645
söilesek	201	47580
söilesemın	180	20244
söilesemız	231	95334
söileser	206	23639
söilesermız	183	23642
söilesesız	198	43851
söilesesıñ	168	11877
söilesesıñder	209	62698
söilesetın	231	96065
söileseñ	187	28671
söileskelı	213	70376
söilesken	231	8049
söileskenbız	204	52853
söileskende	160	8051
söileskendei	212	69004
söileskenderıñdı	216	76126
söileskendı	205	55412
söileskenge	205	55693
söileskenmın	209	63114
söileskennen	199	44800
söileskenı	221	45796
söileskenım	207	48372
söileskenımdı	202	50719
söileskenımız	205	48374
söileskenımızdı	201	48376
söileskenın	209	62538
söileskenıñ	206	45797
söileskenıñdı	199	45799
söileskım	231	84440
söileskımde	222	84442
söileskısı	179	19521
söileskıñ	231	22780
söileskıñız	182	22782
söilespe	164	9424
söilespedı	214	22898
söilespedık	198	42994
söilespedım	182	22899
söilespedıñ	197	42628
söilespedıñız	223	86027
söilespegelı	183	23801
söilespegen	199	45175
söilespei	231	14938
söilespeidı	194	37144
söilespeimın	173	14941
söilespeimız	191	33095
söilespeisız	222	85541
söilespeisıñ	191	32744
söilespeitın	194	38136
söilespes	217	40262
söilespese	214	40263
söilespesek	206	56599
söilespesem	196	40264
söilespeseñ	203	51658
söilespeu	209	62525
söilespit	211	66190
söilesse	193	14356
söilessei	205	54891
söilessek	182	22205
söilessem	172	14357
söilessemde	222	85240
söilesseñ	187	28022
söilesseñız	217	77153
söilestı	177	5104
söilestık	173	14606
söilestım	231	95676
söilestıñ	152	5105
söilestıñder	201	47912
söilestıñız	183	23418
söilesu	231	42443
söilesuden	213	69225
söilesudı	197	42445
söilesudıñ	213	69835
söilesuge	231	96115
söilesuım	200	47422
söilesuımız	212	68813
söilesuşı	216	75074
söilesıp	231	54440
söilesıptı	205	54442
söilesıñder	204	53486
söilesıñız	195	39617
söilesşı	187	28441
söiletu	221	83135
söiletıp	208	61318
söileu	231	14907
söileuden	222	84556
söileudı	178	18915
söileudıñ	191	33259
söileuge	173	14909
söileuı	211	65477
söileuşı	200	97768
söileñız	211	66063
söileşı	193	35815
söitedı	187	27888
söiteiık	192	35357
söiteiın	208	59995
söitemız	200	46554
söitesıñ	208	60412
söitken	204	53368
söitsei	211	66224
söitsek	200	46223
söitsem	159	7255
söitseñ	218	78517
söittı	204	53149
söittım	216	74716
söitu	193	36713
söitıp	128	949
söitşı	188	29543
sölesıp	231	95849
sölınıñ	216	75956
sömke	197	42328
söndırulı	191	32814
söndırıp	181	21017
sönıp	166	10924
söre	199	45089
söz	231	950
sözben	141	2532
sözde	174	952
sözden	155	5964
sözder	231	953
sözderde	192	12808
sözderden	170	12809
sözderdı	128	955
sözderdıñ	151	4650
sözderge	166	10849
sözdermen	172	13905
sözderı	150	4520
sözderım	180	20733
sözderımdı	190	32267
sözderıme	201	48618
sözderımen	206	57774
sözderımnıñ	223	86520
sözderın	162	8585
sözderınde	208	59783
sözderıne	179	19349
sözderınen	192	34829
sözderınıñ	186	27034
sözderıñ	164	9626
sözderıñdı	175	16210
sözderıñe	187	28310
sözderıñmen	205	55773
sözderıñnen	195	38255
sözderıñız	194	38055
sözderıñızden	221	83124
sözderıñızdı	205	54854
sözderıñızge	217	76396
sözdı	231	2694
sözdık	231	95884
sözdıñ	142	2695
sözge	231	95382
sözjasam	192	34143
sözjasamdyq	196	40421
sözmdı	201	49062
sözsız	171	13329
sözı	231	2728
sözım	142	2729
sözımde	189	31314
sözımdı	158	7026
sözıme	175	16270
sözımen	185	25503
sözımnen	211	67114
sözımnıñ	210	63599
sözımız	194	37657
sözımızdı	205	54381
sözın	231	3313
sözınde	168	11916
sözıne	145	3314
sözınen	173	14647
sözınıñ	231	96113
sözıñ	231	6686
sözıñde	172	13917
sözıñdı	157	6688
sözıñe	165	10093
sözıñmen	197	42234
sözıñnen	186	26662
sözıñnıñ	195	38736
sözıñız	173	15099
sözıñızde	210	63951
sözıñızden	217	77778
sözıñızdı	193	35968
sözıñızge	199	44996
sübelı	223	86432
sügen	229	92704
sügır	205	55332
süi	231	8297
süidep	204	54243
süidı	191	33773
süidım	200	97766
süie	231	8298
süiedı	231	97628
süiegı	181	21770
süiegım	214	72343
süiek	161	8299
süiekke	202	50484
süiekten	193	36286
süiekter	198	28965
süiekterı	188	28966
süiektes	230	94616
süiektı	194	38043
süiektıñ	195	39205
süiel	216	75536
süiem	200	79415
süiemeldeu	218	79420
süiemın	231	94981
süiemız	219	80070
süiene	189	31374
süiengen	218	78959
süiensek	208	60866
süienu	216	75203
süienıp	182	21894
süienış	212	67317
süiep	206	56803
süiesız	221	83380
süietın	231	59976
süietınımdı	208	59980
süietınıñdı	225	89384
süigen	231	27670
süigende	207	59129
süigender	228	92584
süigendı	186	27672
süigendıkten	222	85646
süigenge	227	91652
süigennen	220	81757
süigenı	206	40414
süigenımdı	223	86073
süigenıme	214	72081
süigenın	210	65003
süigenıne	214	72564
süigenıñ	196	40415
süigenıñdı	216	76239
süigenıñe	207	58939
süigenıñmen	221	83978
süiktı	218	79205
süikım	210	11761
süikımdı	231	11763
süikımdım	168	11764
süikımdısız	208	59959
süikımdısıñ	193	36292
süime	205	30954
süimegen	205	45621
süimegenge	199	45623
süimei	205	30955
süimeidı	189	30957
süimeimın	206	57385
süimeisıñ	204	53316
süimeitın	214	72654
süimese	212	60359
süimesem	217	77316
süimeseñ	208	60360
süireidı	223	85836
süireitın	223	86019
süirep	174	15773
süiretılıp	217	77750
süiretıp	216	74708
süireu	224	87858
süirık	210	65268
süisem	193	36534
süiseñ	183	23441
süisın	216	76133
süiu	231	97469
süiıktı	231	95442
süiıktım	231	95697
süiınbai	171	13823
süiındık	197	42503
süiınış	230	94539
süiınşı	231	74787
süiınşıge	225	88668
süiınşısı	216	74789
süiıp	231	95165
süiır	182	22118
süiıskım	210	64812
süiıspenşılık	231	96179
süiıstı	228	92226
süiısu	231	89948
süiısudı	226	89950
süleimen	174	15369
süleimenova	211	66261
sülgı	191	34048
sülgımen	228	92145
sülık	210	65317
sümbıl	229	93130
sümek	226	89919
sümsık	208	61144
sümıreiıp	192	34355
sündet	161	8191
sündetke	204	53591
sündettıñ	220	81625
süre	231	8074
süredı	180	20773
süreiık	212	67430
sürek	200	46983
sürelerdı	198	43950
sürelerı	228	80475
sürelerın	219	80476
sürem	194	38202
süremız	202	49275
sürenı	200	46148
sürenıñ	219	80021
süresı	161	8076
süresın	185	26221
süresınıñ	209	61947
sürgen	163	9170
sürgenşe	228	92082
sürgı	226	22930
sürgım	183	22931
sürgıñ	215	74141
sürlengen	219	81147
sürme	225	89302
sürt	207	10491
sürte	204	54005
sürtedı	224	87924
sürtetın	205	56034
sürttım	225	89022
sürtu	202	50419
sürtıp	166	10493
süru	158	7126
sürudı	203	52194
sürudıñ	213	70173
süruge	172	14397
süruı	204	52800
süruıñe	204	52802
sürınbe	225	24232
sürınbei	184	24233
sürınbeitın	226	90303
sürınıp	199	45629
sürıp	231	96228
sürıñder	200	45947
sürıñız	204	53769
süt	231	13115
sütke	181	21705
sütpen	193	36120
sütqorektılerdıñ	205	55050
sütsız	215	72979
süttei	225	89099
sütten	186	26481
süttı	170	13117
süttıñ	182	22770
sütı	174	15181
sütıñ	201	49183
sütıñdı	222	84746
süzbe	203	52321
süzegı	219	81122
süzek	229	92629
süzgı	208	60782
süzgılı	229	93307
süzgış	224	87109
süzu	212	67789
süzılu	211	66393
süzıp	203	52128
süñgı	221	83056
süıp	219	81357
sıbır	231	97155
sıg	208	8438
sıgema	198	44156
sıgp	211	67143
sıgı	229	8439
sıgıl	161	8440
sıgıs	195	38652
sıgısuge	218	78678
sıkken	192	34613
sıkkenım	219	80033
sıkkım	186	27419
sıkpeid	230	93720
sıksem	209	61773
sıktı	195	38839
sıktım	201	49065
sıktır	198	43285
sıkım	211	65970
sıkıs	210	64949
sıkısu	223	85941
sıkısıp	211	66387
sıleusın	224	88031
sılkınu	230	93616
sılkınıs	230	70379
sılkınısı	213	70380
sılkıp	204	54282
sılteme	151	4661
sıltemege	185	25424
sıltemenı	167	11405
sıltemesın	181	21711
sılteu	198	44170
sıltı	213	69421
sılımtık	228	91759
sırespe	207	58127
sırkırep	211	66128
sırä	231	96760
sırıñke	200	46562
sız	231	3578
sızdee	211	65759
sızdegı	201	47923
sızdei	231	96611
sızden	231	59486
sızdende	207	59488
sızdep	194	37193
sızder	231	3581
sızderde	231	6892
sızderdei	202	49427
sızderden	157	6893
sızderdı	231	3583
sızderdıkı	192	34875
sızderdıñ	146	3584
sızderdıñde	226	89556
sızderge	231	27072
sızdergede	186	27074
sızdermen	167	11145
sızdı	231	3594
sızdıkı	147	3596
sızdıkın	182	22209
sızdıkıne	202	49359
sızdıñ	231	94795
sızgede	231	95465
sızlı	224	87094
sıñdırıp	226	90073
sıñlılerım	213	69921
sıñlım	157	6802
sıñlımdı	210	65148
sıñlıme	200	46259
sıñlımnıñ	193	35465
sıñlısınıñ	214	70970
sıñlıñ	186	27237
sıñlıñdı	223	86006
sıñlıñnıñ	216	75382
sıñu	219	81040
sıñılderım	193	36482
sıñılsı	209	62605
sıñılılerım	221	83449
sıñılım	231	18372
sıñılımdı	190	32046
sıñılıme	180	20775
sıñılımmen	204	53428
sıñılımnıñ	178	18375
sıñılısı	175	16161
sıñılısıne	223	85866
sıñılısınıñ	210	65340
sıñılıñ	170	12715
sıñılıñdı	212	68459
sıñılıñe	208	60447
sıñılıñnıñ	206	57553
sıñılıñız	203	52396
sıñır	206	30446
sıñırgen	189	30449
sıñırı	222	43545
sıñırıp	198	43546
sıñısıp	212	67627
sūhbat	171	13280
sūhbattasu	220	82393
sūiyltu	225	89159
sūiyq	231	19224
sūiyqtau	230	94531
sūiyqtyq	179	19227
sūlba	220	82596
sūltan	231	22704
sūltanmahmūt	212	67866
sūltanov	218	57885
sūltanova	207	57886
sūltany	183	23851
sūltanym	213	70735
sūltanğa	182	22706
sūlteke	225	88674
sūlu	231	22063
sūluda	208	61216
sūludy	203	51211
sūludyñ	203	51212
sūlular	197	41515
sūlulary	213	70918
sūlulyq	231	46733
sūlulyqqa	214	70974
sūlulyqty	200	46735
sūlulyqtyñ	212	68378
sūlulyğy	191	33273
sūlulyğyn	204	50304
sūlulyğyna	202	50305
sūlulyğyña	203	51974
sūlulyğyñdy	220	82273
sūlulyğyñyzdyñ	217	77348
sūlusyn	219	80300
sūlusyz	197	41777
sūlusyñ	182	22066
sūluy	200	47386
sūluym	231	96042
sūluğa	205	54584
sūly	201	49167
sūmdyk	218	78216
sūmdyq	151	4784
sūp	184	24606
sūqpat	226	89812
sūr	160	1749
sūrady	231	15015
sūradym	231	36381
sūradyma	193	36382
sūradyq	202	50881
sūradyñ	231	15016
sūradyñyz	173	15018
sūrai	231	8020
sūraidy	213	69160
sūraimyn	231	94901
sūraimyz	170	12868
sūraisyz	192	34611
sūraisyñ	170	13035
sūraisyñdar	216	75679
sūraityn	160	8023
sūraityndai	215	72990
sūraitynym	209	62994
sūraiyn	231	95036
sūralady	192	35342
sūrama	161	8085
sūramady	188	13642
sūramadym	171	13643
sūramadyñ	184	24329
sūramadyñyz	212	67816
sūramai	161	8377
sūramaiaq	195	39521
sūramaidy	177	17435
sūramaimyn	176	16664
sūramaisyz	214	72287
sūramaisyñ	181	21276
sūramaityn	186	27276
sūramappyn	190	31801
sūramaqşy	213	70388
sūramasa	191	33462
sūramasam	193	36384
sūramasañ	200	46430
sūramasañda	221	83195
sūramañdar	201	48843
sūramañyz	205	54570
sūramağan	198	43550
sūramaşy	209	62571
sūran	189	11658
sūranaiyn	186	27596
sūranamyn	206	57292
sūranasyñ	221	83233
sūranatyn	221	83508
sūranbadym	217	76533
sūranbai	204	53476
sūrandy	197	30464
sūrandym	189	30465
sūrandyñ	199	45238
sūransai	215	72734
sūransañ	215	73647
sūranu	189	30934
sūranuym	224	87922
sūranuğa	212	67925
sūranym	216	75576
sūranyp	231	95716
sūranys	168	11660
sūranysqa	190	31992
sūranysty	204	53780
sūranğan	192	34753
sūranşy	205	54792
sūrap	231	22591
sūrapty	182	22593
sūrapyl	215	73481
sūraq	231	1751
sūraqpa	217	76367
sūraqpen	203	52192
sūraqqa	231	95349
sūraqta	192	1753
sūraqtar	231	1754
sūraqtardy	166	10416
sūraqtardyñ	184	24525
sūraqtarmen	207	57937
sūraqtary	157	6764
sūraqtarym	199	42243
sūraqtaryma	197	42244
sūraqtaryn	166	10721
sūraqtaryna	178	18732
sūraqtaryñ	170	8381
sūraqtaryña	220	81835
sūraqtaryñdy	201	48538
sūraqtaryñyz	161	8383
sūraqtarğa	136	1756
sūraqty	155	5984
sūraqtyñ	231	96894
sūrar	187	27976
sūrarmyn	210	64910
sūrarsyñ	215	73610
sūrarymdy	218	78386
sūrasa	231	7746
sūrasada	207	59375
sūrasai	160	7747
sūrasaişy	218	79336
sūrasam	231	67504
sūrasamda	212	67506
sūrasaq	196	40787
sūrasañ	163	8948
sūrasañda	206	56424
sūrasañyz	193	35571
sūrastyr	227	6975
sūrastyra	217	72416
sūrastyraiyn	214	72419
sūrastyru	216	75028
sūrastyryp	158	6977
sūrasu	229	93247
sūrasyp	192	35028
sūratqan	223	85914
sūratu	227	91572
sūratyp	183	23680
sūrau	141	2607
sūraudan	215	74373
sūraudy	192	34809
sūraudyñ	203	51030
sūrauly	174	15800
sūraulyq	230	94016
sūrausyz	230	94303
sūrauy	185	25715
sūrauym	197	42415
sūrauğa	156	6297
sūrauğada	218	78105
sūrauşy	210	65228
sūrañdar	178	18654
sūrañyz	177	17790
sūrañyzdar	193	36792
sūrañyzşy	192	34360
sūrağaly	157	6908
sūrağan	231	7366
sūrağanda	159	7368
sūrağandai	211	66265
sūrağandarğa	203	52174
sūrağandy	217	77077
sūrağanmyn	195	38382
sūrağannan	200	46779
sūrağannyñ	224	87269
sūrağany	205	9236
sūrağanym	163	9237
sūrağanyma	200	46698
sūrağanymda	205	55252
sūrağanymdy	208	61410
sūrağanyn	203	51358
sūrağanyñ	200	46423
sūrağanyña	211	66641
sūrağanyñdy	219	81325
sūrağanğa	200	47417
sūrağy	177	7041
sūrağym	158	7042
sūrağyma	171	13447
sūrağymdy	217	77978
sūrağyn	178	19093
sūrağyna	188	29619
sūrağyñ	183	23327
sūrağyña	204	54033
sūrağyñdy	208	59982
sūrağyñyz	188	29064
sūrağyñyzğa	216	75568
sūrqai	229	93242
sūrqiia	227	91232
sūry	210	55298
sūryp	225	55299
sūryptau	205	55302
sūrğylt	218	78750
sūsty	216	74698
sūñqar	231	80420
sūñqarğa	219	80422
sūñğaq	223	86619
sūñğat	180	20484
sūñğyla	213	70944
sūğa	219	80615
sūğyp	209	62220
tabady	155	5943
tabaiyn	186	27011
tabaiyq	197	42331
tabaldyryq	224	87573
tabaldyryğyn	210	63974
tabalmadym	207	58392
tabalmai	163	9249
tabamyz	162	8669
taban	200	18886
tabanda	228	92011
tabandy	204	52976
tabandylyq	204	53203
tabany	178	18887
tabanyna	209	61887
tabanynyñ	207	58676
tabaq	231	44071
tabaqqa	208	60286
tabaqtai	198	44074
tabaqty	215	72680
tabaqşa	226	89606
tabar	186	26769
tabarmyn	209	62814
tabarmyz	217	76626
tabarsyñ	211	66637
tabas	226	10076
tabasyz	173	15058
tabasyñ	165	10078
tabeldı	227	91528
tabelın	226	89642
tabiğat	146	3453
tabiğatpen	201	48650
tabiğatqa	185	25444
tabiğatta	181	21755
tabiğattağy	189	31140
tabiğatty	171	13558
tabiğattyñ	176	17157
tabiğaty	175	15984
tabiğatym	216	74593
tabiğatyn	196	40949
tabiğatyna	205	54377
tabiği	140	2363
tabuda	210	64831
tabudan	229	92715
tabudy	190	31822
tabudyñ	198	43032
tabuy	199	44532
tabuym	199	45005
tabuyña	201	48831
tabuyñyzğa	216	75263
tabuğa	149	4055
tabyl	224	1222
tabyla	189	1223
tabylady	131	1225
tabylar	176	16966
tabylatyn	166	10777
tabyldy	163	8996
tabylmady	191	34046
tabylmai	179	19392
tabylmaidy	199	44381
tabylmaityn	220	82498
tabylmasa	200	46528
tabylsa	175	15953
tabylu	216	75121
tabylyp	170	12733
tabylypty	223	86160
tabylğan	168	11663
tabyn	184	24770
tabyndar	194	37081
tabynu	205	55541
tabys	231	2929
tabysa	198	43561
tabysady	209	62765
tabysqa	170	12707
tabysta	216	41229
tabystan	207	58708
tabystap	215	74277
tabystar	197	41230
tabystarğa	205	55443
tabysty	143	2931
tabysu	220	82739
tabysy	185	22908
tabysym	196	40178
tabysyn	207	58263
tabysyp	182	22909
tabysyñ	201	43685
tabysyñyz	198	43687
tabysyñyzdy	215	72803
tabyñdar	166	10614
tabyñyz	155	5993
tahadjud	225	88297
tahmina	176	17190
taiady	213	70402
taiaq	198	42644
taiaqpen	206	57625
taiaqty	202	49578
taiaqtyñ	213	70172
taiaqşa	207	58803
taiauda	226	89621
taiağyn	218	79679
taidai	226	90266
taidy	189	30750
taifun	225	88510
taiga	209	61798
taijan	210	64904
tailand	208	60375
tailaq	188	29949
taim	164	9466
taima	198	43653
taimas	209	62726
taimasyn	213	69391
taimda	217	77257
taimen	217	77596
taims	207	58925
taimğa	214	71728
taipalarynyñ	193	36449
taipalyq	195	38889
taipaq	220	82353
taipasy	206	56750
taiqazan	218	79487
tairañdap	225	89262
taison	147	3774
taiu	205	55935
taiyp	172	14079
taiğa	202	8591
taiğan	220	70363
taiğanaq	213	70365
taiğaq	162	8592
tajal	217	76282
tajy	222	84560
taksi	111	355
taksida	215	73948
takside	173	14527
taksidemın	207	58294
taksiden	176	17235
taksidı	207	43617
taksidıñ	198	43618
taksige	144	3070
taksikoz	177	18170
taksiler	191	33257
taksimen	139	2312
taksist	177	18048
taksister	211	66670
taksiğa	209	62600
taksovka	199	44755
taksovkada	222	84429
taksovkağa	217	77146
takt	204	34841
taktik	230	34843
taktikalyq	192	34847
tal	231	2518
talaby	174	15756
talabyn	209	22520
talabyna	182	22521
talabyñ	201	35798
talabyña	193	35799
talai	231	34070
talaidy	217	76898
talaiyn	192	34072
talam	222	84894
talant	161	8459
talantqa	230	93890
talantty	178	18292
talanty	202	49586
talanyp	225	89151
talap	231	15131
talapbek	223	85833
talapker	202	49668
talapkerge	224	87160
talapqa	194	38105
talapsyz	224	87380
talaptar	173	15134
talaptardy	193	35965
talaptary	190	31947
talaptaryn	191	32815
talaptaryna	192	34710
talaptaryñ	225	88276
talaptarğa	194	37947
talapty	188	29146
talaptyñ	218	79057
talapşyl	224	87466
talaq	198	43450
talas	168	10405
talasa	220	73072
talasady	215	73074
talasatyn	222	85301
talaspai	210	63899
talasty	221	56123
talastyryp	205	56126
talasu	219	80326
talasy	210	10406
talasyp	166	10407
talda	201	2520
taldai	196	39974
taldan	218	78136
taldap	168	11883
taldar	216	75256
taldau	141	2521
taldaudy	203	39513
taldaudyñ	195	39514
taldauğa	200	46607
taldy	192	22097
taldyk	199	22098
taldyke	223	85875
taldykka	206	56314
taldykorgan	182	22103
taldykta	204	54348
taldyktan	219	79784
taldym	226	90238
taldyq	221	35308
taldyqorğan	231	35313
taldyqorğanda	197	42236
taldyqorğannan	210	64403
taldyqorğanğa	192	35315
taldyqqa	212	68955
taldyqta	222	85135
taldyryp	206	56217
taldyñ	209	63266
talpyn	231	44577
talpynu	209	63361
talpynys	199	44579
talqan	189	30067
talqy	225	25744
talqylap	185	25747
talqylau	187	28028
talsa	229	66702
talsada	211	66704
taltaiyp	208	60754
taltaq	214	72124
taltañdap	216	75812
talğa	215	32329
talğam	210	40245
talğampaz	223	86403
talğamy	196	40246
talğamyñ	211	66871
talğar	231	35986
talğarda	195	38498
talğardan	216	75324
talğardyñ	225	89067
talğarğa	193	35988
talğat	231	32330
talğatpen	214	71926
talğatqa	198	43280
talğatqyzy	190	32334
talğatta	217	77520
talğattan	219	80905
talğatty	212	34330
talğattyñ	192	34331
talşyn	231	96037
talşyq	204	53223
talşyqty	204	54313
tam	231	3256
tama	171	3257
tamada	168	11612
taman	231	95430
tamaq	231	3258
tamaqpen	198	42932
tamaqqa	145	3260
tamaqsyz	218	78624
tamaqta	188	4468
tamaqtan	171	4469
tamaqtanaiyn	208	61553
tamaqtanatyn	220	82651
tamaqtandyru	202	49723
tamaqtandyryp	220	81414
tamaqtandyñ	205	56035
tamaqtandyñyz	215	73326
tamaqtanu	171	13260
tamaqtanuğa	204	53778
tamaqtanyp	150	4471
tamaqtar	185	23852
tamaqtardy	202	49425
tamaqtary	195	23853
tamaqtaryn	183	23854
tamaqtaryñ	209	52836
tamaqtaryñdy	204	52838
tamaqty	148	3898
tamaqtyñ	177	17910
tamara	231	96682
tamağy	161	5661
tamağym	154	5662
tamağyma	205	55118
tamağymdy	185	25205
tamağymnan	216	75774
tamağymyz	218	76678
tamağymyzdy	217	76680
tamağyn	154	5674
tamağyna	194	37158
tamağynan	213	70602
tamağyñ	174	10579
tamağyña	207	59531
tamağyñdy	166	10581
tamağyñnan	211	65469
tamağyñyz	204	53712
tamağyñyzdy	205	55939
tamaşa	231	31257
tamaşalap	189	31260
tamaşalau	227	83433
tamaşalauğa	221	83435
tamda	186	27286
tamdy	195	38582
tamsana	218	78484
tamu	224	87473
tamyp	204	53523
tamyr	231	15141
tamyrdyñ	173	15144
tamyrlary	183	23196
tamyrly	204	53880
tamyrlyq	222	84466
tamyry	180	20441
tamyrym	208	58837
tamyrymdy	221	82914
tamyrymen	207	58839
tamyryna	206	57622
tamyz	175	16032
tamyzatyn	212	68854
tamyzda	186	27674
tamyzdyñ	211	66510
tamyzu	226	90171
tamyzyp	192	34932
tamğa	187	28358
tamğan	195	38319
tamşaly	223	85932
tamşy	179	19252
tamşylap	208	60721
tanat	193	36651
tanatar	210	64972
tanbai	221	83529
tangens	213	70098
tanisyñ	231	95499
tanityn	145	3373
tanityndai	208	60664
tanityndar	191	32797
tankist	230	94142
tanu	231	8812
tanudan	162	8815
tanudy	195	38985
tanuğa	184	24361
tanuşy	220	81662
tanydy	194	6154
tanydym	164	9566
tanydyñ	156	6155
tanydyñyz	191	33534
tanyisyñ	198	43353
tanyityn	193	36844
tanylady	202	49963
tanylyp	210	63827
tanylğan	195	38422
tanym	173	2940
tanyma	214	2941
tanymady	209	2943
tanymadym	143	2944
tanymadyñ	189	31069
tanymaimyn	231	95883
tanymaimyz	198	43075
tanymaisyñ	163	9330
tanymaityn	148	3915
tanymaityndai	217	76433
tanymaityndar	206	56337
tanymaityndarmen	216	75984
tanymal	153	5367
tanymasa	209	24333
tanymasam	196	41011
tanymasamda	204	54231
tanymasañ	184	24334
tanymastai	218	79113
tanymağan	197	41626
tanymdyq	170	13151
tanymnyñ	204	54285
tanyp	231	95488
tanys	231	4646
tanysa	152	5109
tanysady	190	31642
tanysaiyq	231	51520
tanysaiyqta	203	51522
tanysamyn	209	61969
tanysamyz	171	13555
tanysar	221	83402
tanysasyz	194	37016
tanyspadyq	204	54004
tanyspai	188	29215
tanyspyz	178	18522
tanysqa	228	13037
tanysqaly	216	75893
tanysqan	170	13038
tanysqanbyz	197	42002
tanysqanda	196	40619
tanysqanyma	231	95461
tanysqanymyz	214	45295
tanysqanymyzğa	199	45297
tanysqym	180	19990
tanysqysy	200	46551
tanysqyñ	201	49099
tanysqyñyz	225	88425
tanyssa	218	47008
tanyssai	208	60508
tanyssam	200	47009
tanyssañ	216	75559
tanystar	178	18524
tanystardan	208	61454
tanystary	192	18525
tanystarym	192	34563
tanystaryma	214	72070
tanystaryn	193	35692
tanystaryna	208	60605
tanystaryñ	178	18526
tanystaryña	197	42332
tanystaryñnan	221	84012
tanystaryñyz	190	32605
tanystaryñyzğa	210	64442
tanystarğa	208	59807
tanysty	201	7961
tanystym	160	7962
tanystyq	167	11366
tanystyqty	221	84185
tanystyr	182	11173
tanystyra	178	18913
tanystyrady	207	59619
tanystyraiyn	187	27745
tanystyramyn	207	58492
tanystyrasyñ	217	77497
tanystyratyn	208	60514
tanystyrdy	199	44734
tanystyrsai	199	45685
tanystyru	167	11174
tanystyruğa	212	67454
tanystyryp	231	95989
tanystyrğan	197	42253
tanystyrşy	209	61856
tanystyñ	197	42198
tanystyğymyz	220	81854
tanysu	151	4647
tanysudy	220	82703
tanysuğa	231	95241
tanysy	178	11264
tanysym	167	11265
tanysyma	214	72486
tanysyn	196	39942
tanysyp	231	94988
tanysyñ	185	26146
tanysyñyz	196	40366
tanyt	225	16886
tanyta	213	46996
tanytady	200	46998
tanytatyn	201	49102
tanytqan	195	39325
tanytty	204	53951
tanytu	197	42276
tanytyp	176	16888
tanyğan	181	21096
tapal	213	69785
tapanşa	226	90224
tapatal	224	87873
tappadym	231	95724
tappadyq	201	47905
tappadyñ	191	33768
tappai	231	25541
tappaidy	199	45086
tappaimyn	206	56712
tappaisyz	222	85013
tappaisyñ	185	25544
tappaityny	214	34714
tappaitynyñ	192	34715
tappasa	203	29373
tappasam	188	29374
tappasañ	195	38357
tappağan	192	34508
tapqan	231	50714
tapqany	209	50715
tapqanym	202	50716
tapqanyma	216	75509
tapqanyn	205	55522
tapqanyñ	212	68653
tapqanğa	204	53248
tapqym	195	39139
tapqyrlyq	220	81884
tapqysy	206	57491
tapqyñyz	164	9713
tapqyş	216	75325
tapsa	231	4403
tapsai	169	12306
tapsam	150	4404
tapsamda	221	82975
tapsaq	196	40975
tapsañ	160	7934
tapsañdar	208	60234
tapsañyz	199	44368
tapsyr	231	494
tapsyra	231	8476
tapsyrady	231	96847
tapsyraiyn	180	20535
tapsyraiyq	210	63419
tapsyrama	212	68017
tapsyramyn	174	15532
tapsyramyz	162	8479
tapsyrar	224	87715
tapsyrasyndar	217	77643
tapsyrasyz	202	49689
tapsyrasyzdar	209	62839
tapsyrasyñ	182	22536
tapsyrasyñdar	201	49186
tapsyratyn	166	10686
tapsyratyndar	211	67234
tapsyrdy	172	14240
tapsyrdym	231	95982
tapsyrdyq	188	29620
tapsyrdyñ	231	52629
tapsyrdyñdar	210	63574
tapsyrdyñyz	204	52631
tapsyrma	231	496
tapsyrmady	208	54717
tapsyrmadym	205	54718
tapsyrmai	196	40153
tapsyrmaidy	213	69996
tapsyrmaim	217	76726
tapsyrmaimyn	221	83422
tapsyrmaimyz	220	81399
tapsyrmaisyñ	227	91102
tapsyrmaityn	216	76163
tapsyrmalar	135	499
tapsyrmalardy	118	501
tapsyrmalary	160	3234
tapsyrmalaryn	145	3235
tapsyrmany	231	10253
tapsyrmanyñ	165	10254
tapsyrmasy	135	690
tapsyrmasyn	123	691
tapsyrmasyna	175	16370
tapsyrmağa	165	9928
tapsyrmağan	198	43210
tapsyrmağandar	213	69270
tapsyrsa	194	24407
tapsyrsam	184	24408
tapsyrsaq	207	58886
tapsyrsañ	207	58245
tapsyrsyn	198	44162
tapsyrtyp	221	83635
tapsyruymyz	217	77661
tapsyruğa	163	9062
tapsyryldy	209	61669
tapsyryp	231	66600
tapsyrypty	211	66602
tapsyrys	231	56306
tapsyryspen	207	58750
tapsyrysty	206	56308
tapsyryñdar	198	43379
tapsyryñyz	213	55646
tapsyryñyzdar	205	55649
tapsyrğam	201	48865
tapsyrğan	163	9256
tapsyrğanda	194	37297
tapsyrğandar	200	47474
taptai	220	82082
taptap	193	36245
taptyq	176	16865
taptyñ	140	2357
taptyñdar	195	38693
taptyñyz	170	12765
taptyñyzdar	222	84789
tapşan	213	69205
tapşanda	229	92843
tapşanğa	228	92465
tapşylyq	222	85448
taq	231	380
taqady	225	89209
taqalyp	208	59701
taqalğan	217	34959
taqalğanda	192	34961
taqau	219	80656
taqiialy	220	82155
taqiiasyz	209	61893
taqpa	226	4116
taqpaq	149	4117
taqpaqtar	181	21681
taqpaqtaryn	210	63999
taqpaqty	179	19186
taqpağyn	202	49474
taqqa	199	21169
taqqan	181	21170
taqsa	218	78378
taqsam	221	83008
taqsyr	214	72602
taqta	184	22202
taqtai	185	25445
taqtaişa	229	93434
taqtan	214	72323
taqtany	215	73038
taqtasy	208	59792
taqtağa	182	22204
taqty	200	47488
taqua	206	56162
taqualyq	227	90569
taqy	217	381
taqyldap	207	59116
taqym	223	85911
taqyr	196	382
taqyryby	119	533
taqyrybyn	154	5574
taqyrybyna	162	8593
taqyrybynda	156	6277
taqyryp	112	384
taqyrypqa	153	5217
taqyrypta	162	8710
taqyryptan	183	23147
taqyryptar	171	13539
taqyryptardy	178	18468
taqyryptary	182	21886
taqyryptaryn	194	37028
taqyryptarğa	202	50349
taqyryptağy	198	43462
taqyrypty	131	1209
taqyryptyq	189	30157
taqyryptyñ	174	15818
taqyrypşa	228	92482
tar	231	262
tarady	197	42374
taraidy	184	24539
taraimyz	223	85985
taralu	189	24441
taraluy	184	24442
taralyp	200	47213
taralğan	175	16536
taram	211	66524
tarap	157	6895
taraptan	218	78806
tarapymnan	220	81804
taraq	184	24149
taraqan	218	78486
taraqty	213	69295
taratamyn	222	84794
taratamyz	210	65401
taratatyn	202	49491
taratqan	202	49304
tarattym	213	70498
taratu	174	15697
taratuğa	196	40033
taratuşy	211	66810
taratylady	215	74276
taratyldy	210	63656
taratylyp	218	78148
taratyp	150	4344
taratyñdar	224	87293
taratşy	196	40257
tarau	184	24653
tarauih	210	64724
tarauihtan	230	94587
taraz	231	4961
tarazda	152	4963
tarazdamyn	209	63233
tarazdan	167	11237
tarazdasyñ	219	79808
tarazdağy	203	52445
tarazdy	212	22932
tarazdyñ	183	22933
tarazy	188	29597
tarazyğa	211	66866
tarazğa	153	5287
tarağan	231	96964
tardan	212	67889
target	150	4301
targeting	198	43962
targetke	184	25039
tarhan	215	73138
tarif	231	63509
tarifqa	217	77854
tariftık	225	89299
tarifı	210	63510
tarih	108	264
tarihqa	231	97405
tarihta	231	2190
tarihtan	139	2191
tarihtağy	204	53914
tarihty	231	26767
tarihtyñ	186	26768
tarihy	231	9842
tarihyn	231	9843
tarihyna	190	9844
tarihynan	164	9845
tarihyndağy	188	29934
tarihynyñ	192	34551
tarihşy	189	31015
tarihşylar	203	51377
tarlau	203	51505
tarlyq	219	80832
tarmaq	183	23765
tarmaqty	208	59727
tarmağy	201	48869
tarna	224	87085
tarpa	226	89583
tarqap	211	66335
tarqatyp	196	39768
tarsyldap	201	48153
tarsyldatyp	204	53047
tartady	170	13056
tartaiyn	205	55764
tartamyn	208	60438
tartamyz	205	55247
tartasyñ	199	45635
tartatyn	178	19121
tartpa	195	8559
tartpai	162	8560
tartpaidy	191	33635
tartpaimyn	218	78516
tartpasa	218	78883
tartpağan	218	78100
tartqam	199	45517
tartqan	157	6751
tartqanda	209	62379
tartqyş	210	63466
tartsa	188	29154
tartsai	199	45872
tartsam	198	42853
tartsañ	199	45365
tartty	182	21956
tarttym	190	31598
tarttyñ	200	46184
tartu	157	6651
tartuy	211	66657
tartuğa	188	29181
tarty	217	15051
tartyla	214	43372
tartylady	198	43374
tartylmai	202	50622
tartylsai	221	83973
tartylu	194	37271
tartylyp	173	15054
tartylys	190	31965
tartylğan	192	35231
tartymdy	181	21505
tartymdysyñ	227	90811
tartyp	231	67181
tartypty	211	67183
tartys	198	42666
tartysty	216	76121
tartysy	211	66705
tartysyp	222	85736
tartşy	205	55277
tary	231	49230
tarydai	227	90754
tarylyp	201	49233
tarğyl	230	94619
tarğyn	202	49437
tarşylyq	210	64230
tas	231	4366
tasak	209	62443
tasaq	200	46281
tasbaqa	188	29939
tasbih	193	36157
tasjürek	211	65637
taskömır	224	88054
taspa	200	46749
tasqala	211	65724
tasqalağa	221	84204
tasqyn	202	49496
tasta	231	4368
tastady	231	26912
tastadym	231	95054
tastadyñ	231	26913
tastadyñdar	205	55400
tastadyñyz	186	26915
tastai	231	4369
tastaidy	152	5089
tastaisyz	194	38185
tastaisyñ	175	16191
tastaiyn	150	4371
tastaiyqşy	201	49236
tastaldy	215	73182
tastalğan	212	69071
tastama	172	13433
tastamady	215	65314
tastamadym	215	73868
tastamadyñ	210	65315
tastamai	171	13434
tastamaidy	191	33382
tastamaimyn	178	18564
tastamaisyz	222	85409
tastamaisyñ	204	53254
tastamaityn	197	42017
tastamas	219	50947
tastamasam	203	50949
tastamasañ	211	65802
tastamağan	216	74809
tastamaşy	196	39759
tastan	179	19697
tastandy	217	77808
tastap	231	23885
tastappyn	183	23888
tastapsyz	207	58498
tastapsyñ	184	24531
tastapty	231	95970
tastaq	213	69407
tastar	174	15819
tastarmen	216	74619
tastarsyn	230	94687
tastarsyñ	214	72674
tastary	207	58558
tastasa	170	12763
tastasai	173	15002
tastasaq	200	46427
tastasañ	182	22453
tastasañyz	208	60417
tastasyn	179	19498
tastasynşy	222	84574
tastaudy	210	63741
tastauy	203	46920
tastauym	200	46921
tastauğa	231	97142
tastauşy	217	76949
tastañdar	169	12181
tastañdarşy	209	61895
tastañyz	177	18201
tastañyzdar	198	44103
tastañyzşy	197	41391
tastağan	231	18350
tastağanda	196	40249
tastağandai	207	58905
tastağanmyn	192	34709
tastağannan	211	66555
tastağansyz	216	74830
tastağansyñ	178	18353
tastağany	209	49675
tastağanym	214	71959
tastağanyñ	202	49676
tastağanğa	227	90792
tastağasyn	215	74123
tastağym	182	22038
tastağyñ	219	80987
tasuğa	212	69075
tasydym	220	82892
tasymal	194	15248
tasymaldanu	229	93323
tasymaldau	174	15251
tasymaldauşy	203	52564
tasymaldağyş	229	93426
tasyr	213	70507
tataq	197	41337
tatar	179	19796
tatağy	221	83981
tate	110	335
tatqan	223	86363
tatu	155	5904
tatuaj	200	47508
tatuirovka	219	80706
tatulas	215	24943
tatulasamyz	211	67196
tatulastyq	207	58976
tatulastyru	229	93033
tatulastyñ	208	61194
tatulasu	219	80588
tatulasyp	184	24945
tatulyq	186	26920
tatulyqta	228	91815
tatym	223	62188
tatymaidy	209	62192
tatyp	195	39059
tau	231	123
tauap	210	63651
tauar	168	11644
tauardy	193	35574
tauardyñ	206	56830
tauarlar	186	26497
tauarlardy	199	45164
tauarly	230	88828
tauarlyq	225	88829
tauary	228	92445
tauarğa	211	67224
taubai	207	59303
tauda	175	16070
taudai	181	20976
taudan	184	24147
taudağy	210	65310
taudy	204	21643
taudyñ	181	21644
taueşkı	217	76366
taulary	201	48095
tauly	181	21463
tausylady	212	68377
tausyldy	181	21278
tausylmai	214	33674
tausylmaidy	201	48753
tausylmaityn	191	33677
tausylmas	194	36990
tausylmasyn	196	40050
tausylsa	213	70776
tausylyp	158	7153
tausylypty	228	91910
tausylğan	199	45646
tauym	186	27153
tauyna	218	78772
tauynyñ	203	50956
tauyp	89	125
tauypsyñ	204	52872
tauypty	193	36054
tauyq	148	3828
tauyqqa	201	48158
tauyqtar	200	46071
tauyqty	205	31058
tauyqtyñ	189	31059
tauyr	197	41569
tauys	222	34569
tauysa	210	65126
tauysyp	192	34571
tauşyq	220	82108
taver	215	72750
taz	200	9592
taza	231	9593
tazabek	210	64004
tazagul	215	72894
tazagül	205	55996
tazala	198	9595
tazalady	211	53634
tazaladym	204	53635
tazalai	205	25682
tazalaidy	190	32650
tazalaimyz	212	68864
tazalaityn	185	25685
tazalaiyn	214	72206
tazalanyp	205	54747
tazalap	231	95363
tazalatu	227	90698
tazalatyp	209	62310
tazalau	164	9596
tazalauğa	196	39788
tazalauşy	228	92302
tazalağan	206	57002
tazalyq	179	19534
tazalyqqa	209	63271
tazalyqty	209	62295
tazalyğy	198	43570
tazalyğyn	206	56592
tazamyn	209	63390
tazartady	204	52658
tazartqyş	220	82111
tazartu	184	24392
tazartyp	182	22758
tazaru	219	81346
tazaryp	200	45954
tazasy	212	63767
tazasyn	210	63768
tazy	231	97177
tazşa	221	84149
tañ	231	231
tañarteñ	197	41364
tañat	187	25753
tañata	226	40531
tañatar	196	40532
tañatpai	185	25756
tañba	181	6265
tañbalau	226	89484
tañbaly	156	6267
tañbasy	187	28882
tañda	231	7771
tañdady	191	17136
tañdadym	183	23312
tañdadyñ	176	17137
tañdai	164	9652
tañdaidy	187	28431
tañdaimyn	175	16253
tañdaimyz	197	41906
tañdaisyz	203	51615
tañdaisyñ	182	21877
tañdaityn	192	34554
tañdaiyn	206	56465
tañdaiğa	223	85899
tañdalğan	191	32987
tañdamaly	213	69276
tañdanyp	223	86512
tañdap	231	95322
tañdar	196	40524
tañdaryñ	212	68529
tañdasa	215	52514
tañdasam	203	52515
tañdasañ	205	56007
tañdau	231	22948
tañdauda	194	36982
tañdaudan	199	45298
tañdaudy	211	65623
tañdauly	204	53251
tañdauy	190	31969
tañdauym	201	47852
tañdauyn	215	73694
tañdauyñ	205	54813
tañdauyñdy	224	87936
tañdauğa	183	22950
tañdañdar	198	43626
tañdañyz	181	21797
tañdağan	160	7774
tañdağanda	204	53912
tañdağandar	213	70253
tañdağy	204	54108
tañdy	187	28585
tañerteñ	106	236
tañerteñge	189	31013
tañerteñgı	183	23264
tañerteñgılık	196	40424
tañerteñgısın	225	88786
tañerteñnen	176	17103
tañjaryq	203	52452
tañmen	182	22288
tañnan	172	14069
tañnyñ	206	56991
tañnūr	191	33708
tañqaldym	221	83648
tañqalu	200	97769
tañqalyp	197	41249
tañqurai	221	84044
tañsyq	213	70732
tañsūlu	200	46602
tañu	204	53350
tañym	191	33996
tañymyz	200	47516
tañyp	203	51288
tañğa	231	24970
tañğajaiyp	187	28278
tañğalam	212	68174
tañğalarlyq	230	94674
tañğalyp	184	24973
tañğy	231	26330
tañğyş	185	26331
tañşolpan	231	96634
taüy	195	38674
tağa	162	6025
tağai	204	48415
tağaiyn	219	48417
tağaiyndaidy	208	61027
tağaiyndaldy	205	56038
tağaiyndalğan	206	57756
tağaiyndau	201	48420
tağala	231	6027
tağaladan	213	69570
tağalam	155	6028
tağalanyñ	189	30049
tağalağa	201	48447
tağam	157	6561
tağamda	225	15604
tağamdar	174	15605
tağamdardy	197	41424
tağamdary	204	54340
tağamdy	200	45580
tağamdyq	199	45581
tağamnan	219	80005
tağamnyñ	189	30101
tağamy	206	56940
tağamğa	211	66885
tağanyñ	207	57916
tağdyr	155	5838
tağdyrdyñ	193	35946
tağdyrlar	229	92838
tağdyrlas	221	83330
tağdyry	176	16584
tağdyrymnyñ	221	83224
tağdyrymyz	209	63094
tağdyryna	205	54998
tağdyrynyñ	227	90808
tağdyryña	211	66398
tağdyryñdy	222	84392
tağdyrğa	200	47021
tağu	187	28322
tağylymdy	224	87501
tağyp	144	3033
tağzym	196	41192
taşenova	206	56531
taşkent	231	46118
taşkentke	200	46120
teatr	231	18600
teatrda	201	48239
teatrdan	223	85982
teatrdyñ	211	66000
teatrlar	219	81343
teatrlyq	223	86912
teatry	178	18601
teatrynda	214	71879
teatrynyñ	208	60549
teatrğa	188	29352
tebe	231	54993
tebedı	205	54995
tebia	200	97771
tebu	188	29791
tebuge	206	56365
tebın	226	50702
tebındeu	202	50705
tegerış	229	92972
tegın	231	48013
tegınde	201	48015
tegıne	202	50429
tegınge	210	65223
tegıs	231	73439
tegıstep	215	73442
tegısteu	219	80394
tegıstık	229	92915
tehnika	161	6179
tehnikalyq	156	6182
tehnikany	202	43698
tehnikanyñ	198	43699
tehnikasy	171	13462
tehnikasyn	185	25594
tehnikum	229	92714
tehnodom	181	21810
tehnolog	212	8282
tehnologiia	161	8285
tehnologiiadan	221	83581
tehnologiialar	180	20156
tehnologiialardy	192	35255
tehnologiialardyñ	205	55552
tehnologiialaryn	213	70263
tehnologiialyq	174	15191
tehnologiiany	202	50085
tehnologiianyñ	204	53545
tehnologiiasy	180	20258
tehnologiiasyn	198	43635
tehosmotr	209	62504
tehpasport	203	51940
tehön	231	30244
tehönnyñ	189	30247
tejelu	193	36098
tejeu	201	48563
tejeuış	225	89007
tekelıge	222	84900
tekemet	195	39534
tekserdım	182	21938
tekserdıñ	209	62317
teksere	231	18539
tekseredı	231	96406
teksereiın	196	41162
tekseremın	178	18542
tekseremız	187	28550
teksergen	231	33220
teksergende	191	33222
teksermei	206	54580
teksermeidı	205	54582
tekserse	193	36414
teksersem	205	55774
teksertu	204	53422
teksertuge	205	55367
tekseru	231	50988
tekseruden	203	50991
tekseruge	231	97391
tekseruşı	218	78218
tekserıledı	201	48742
tekserılu	215	67109
tekserıluge	211	67111
tekserıp	231	95006
tekserıs	180	20793
tekserısten	216	75049
teksız	217	77103
tekten	213	69574
tektes	199	45781
tektık	228	92459
tektılık	213	69640
tekşe	196	40152
telearna	218	51198
telearnasy	203	51200
telearnasynda	228	92270
teledidar	168	11679
teledidardan	198	43460
telefon	231	6538
telefonan	199	45776
telefondar	203	46618
telefondary	200	46619
telefondaryñdy	214	71476
telefondağy	198	42656
telefondy	231	95198
telefonnyñ	164	9833
telefonymda	187	28532
telefonymdy	157	6542
telefonymnan	196	40336
telefonymnyñ	189	30258
telefonyn	231	20334
telefonyna	180	20335
telefonynan	182	22771
telefonynda	185	26001
telefonyndy	189	30808
telefonyñ	160	7840
telefonyña	195	38739
telefonyñda	200	46518
telefonyñdy	168	11639
telefonyñnan	215	72818
telefonyñnyñ	198	43022
telefonyñyz	193	35634
telefonyñyzdy	199	45764
telefonyñyzğa	220	82669
telefonğa	231	95996
telegraf	227	91043
telegram	231	6094
telegramda	159	7425
telegramdy	193	35710
telegramnan	155	6097
telegramğa	168	11484
telehabar	225	89137
telehikaia	215	73743
telehikaiasy	221	83659
teleskop	220	81553
televiziialyq	226	89504
televizor	231	27702
televizorda	204	27704
televizordan	187	27705
televizordy	195	38576
televizordyñ	210	64301
televizorğa	208	60644
telofon	197	41698
telpek	200	46813
telımdı	205	55307
telımen	214	72384
tembr	221	84334
temekı	231	48056
temekıge	201	48058
temen	222	84566
temirgali	224	87197
temma	230	93941
temperament	185	26096
temperatura	231	16710
temperaturada	176	16712
temperaturany	193	22275
temperaturanyñ	182	22276
temperaturasy	231	53839
temperaturasynda	204	53842
temperatury	187	28242
temır	231	17088
temırdei	218	78923
temırden	196	40508
temıretkı	218	78455
temırhan	176	17091
temırlan	231	63378
temırlanda	209	63380
temırmen	214	72304
temırqazyq	216	75701
temırtau	186	26560
temırtauda	209	61971
temırtauğa	210	63729
temırşı	227	90887
tennis	185	26021
tenniske	218	79321
tentegım	179	19423
tentek	231	85121
tentekter	222	85124
tentırep	216	74829
tenzor	223	86030
teolog	228	91695
teologiia	230	93995
teorema	184	24209
teoriia	168	11517
teoriialyq	168	11889
teoriiany	207	58138
teoriianyñ	209	62926
teoriiasy	173	14701
teoriiasyn	196	37409
teoriiasynyñ	194	37411
tep	231	33745
tepken	191	33748
tepkılep	207	59481
tepkış	225	88847
teplovoz	215	74561
tepseñ	213	70039
teptı	199	44471
tepşıp	222	85584
ter	231	8921
terafliu	184	24174
terapevt	181	21679
terapevtke	202	50628
terapiia	231	97491
terbelmelı	215	74225
terbelıs	204	53982
terbetıp	179	19539
terde	231	49724
terden	202	49725
terdı	185	25315
terdım	217	76714
terdıñ	194	36951
tere	203	8922
terek	192	34096
terekke	219	80869
terektı	200	46039
teresıñ	223	86320
tereze	231	8924
terezede	204	8926
terezeden	163	8927
terezege	174	15171
terezeler	201	49041
terezelerdı	209	61654
terezenı	179	16785
terezenıñ	176	16786
terezesı	194	37709
terezesın	198	44124
terezesınen	215	74214
terezesınıñ	204	54083
tereñ	231	46743
tereñde	208	61249
tereñdetu	214	72151
tereñdık	219	81051
tereñnen	217	77753
tereñözek	214	71364
tereñırek	200	46747
terge	231	25819
tergen	207	58537
tergep	185	25820
tergeu	196	41176
tergeuşı	203	52414
termeşı	228	91966
terminal	231	48846
terminalda	221	83168
terminalmen	207	58160
terminaly	218	78661
terminalğa	201	48848
terminator	204	52961
terminologiia	208	61139
terminı	194	37787
terminın	204	52946
termodinamika	205	55161
termometr	194	36972
termos	199	38553
termostat	195	38556
territoriia	201	47904
terror	223	49955
terrorist	219	63566
terroristık	210	63568
terrorizm	202	49958
terseñ	224	87703
teruge	222	85587
terı	231	29689
terıde	214	72658
terıge	197	41447
terınıñ	231	97444
terıs	231	29690
terıskei	218	78725
terısken	207	58123
terısın	188	29692
terısıne	215	72781
terıñdı	210	64077
testqa	201	48990
testta	222	58630
testtan	207	58631
testtar	224	87455
testter	183	23696
testterdı	196	40280
testterı	218	79490
testterın	221	83399
testtı	156	6142
testtıñ	180	20267
testı	173	14628
testıleu	195	38746
testım	222	84670
tesıgı	194	38108
tesık	231	56635
tesıkke	206	56637
tesıkten	212	67713
tesıkterı	215	73323
tesılgen	220	82237
tesılıp	189	30489
tesıp	168	11741
tetık	212	69045
teuıp	231	96280
tez	231	43412
tezdetu	211	67222
tezdetıp	231	95530
tezdetıñder	200	46850
tezdetıñızder	203	51813
tezdetşı	202	50697
tezek	198	43414
tezistık	227	90626
tezırek	231	95128
teñdei	194	37907
teñdessız	198	42758
teñdesı	210	65104
teñdeu	165	10059
teñdeuler	173	15107
teñdeuı	183	23108
teñdeuındegı	229	93148
teñdık	180	20514
teñdıktı	205	55088
teñep	192	34918
teñestıru	204	53134
teñeu	179	19332
teñge	231	8434
teñgede	218	72812
teñgedei	215	72813
teñgeden	231	96514
teñgege	161	8436
teñgelık	183	23747
teñgem	198	27984
teñgemdı	218	78113
teñgemen	187	27986
teñgenı	173	14760
teñgenıñ	196	39861
teñgesı	203	32939
teñgesın	191	32940
teñgeñ	205	54623
teñgeñdı	215	73184
teñsızdık	200	46771
teñsızdıktı	224	87954
teñımen	208	59875
teñın	208	60747
teñız	231	23098
teñızde	202	49270
teñızdei	223	86484
teñızdı	206	29900
teñızdıñ	188	29901
teñızge	192	35271
teñızı	183	23099
teñızınıñ	195	39071
teñızşı	225	89154
teñıñdı	210	64806
tfai	231	95005
tfu	231	95444
tfä	180	20761
tg	79	79
tiedı	152	4867
tiesılı	177	17953
tiesıñ	189	31198
tietın	166	10765
tietındei	215	74421
tietının	210	64371
tieu	216	75840
tigım	203	52453
tigızbei	202	49520
tigızdı	196	39890
tigıze	208	20559
tigızedı	181	21104
tigızer	206	57110
tigızetın	180	20562
tigızgen	197	42071
tigızu	204	54286
tigızuge	212	68760
tigızıp	168	11905
tigıñ	221	84292
tiianaqsyz	220	82523
tiianaqty	182	22715
tiktok	231	95460
timedı	162	8858
timei	231	8638
timeidı	162	8640
timeitın	200	47378
timeseñ	203	52245
timesın	146	3451
timin	220	82025
timiriazeva	209	62414
timur	231	63931
timurdy	214	63933
timurdyñ	210	63934
timy	229	92617
tini	225	88554
tipaj	215	74231
tipologiia	223	86223
tipologiialyq	229	93310
tipten	214	72039
tipterı	184	24847
tiptes	227	91504
tiptı	193	36721
tiptık	197	42037
tipınıñ	223	86509
tiran	222	85689
tisedı	204	53416
tisetın	201	47989
titandy	219	81030
titr	225	88699
tiubing	216	76076
tiurma	216	76080
tiynda	204	52924
tiyndar	215	73394
tiynsyz	212	68944
tiynyñdy	221	83246
tiynğa	201	48777
tiyp	167	11059
tiımdı	143	2861
tiımdılıgı	191	32338
tiımdılıgın	190	32339
tiımdılık	202	50043
tiımsız	203	51223
tiıs	143	2867
tiıse	184	24079
tiısedı	212	68071
tiısetın	216	76184
tiısken	186	27142
tiıskendı	211	65693
tiıskım	219	80227
tiıspe	180	20011
tiıspei	195	39198
tiıspeidı	209	62314
tiıspeimın	209	63080
tiıspese	211	67018
tiıspeñder	207	59300
tiısse	188	29455
tiıstı	151	4614
tiıstırıp	219	80768
tiısu	217	77041
tiısınşe	206	57171
tiısıp	162	8502
tkbia	221	83590
to	73	36
toby	231	10161
tobylğy	222	85758
tobym	202	43281
tobyma	198	43282
tobymda	211	65493
tobymen	214	70991
tobymyzğa	218	79301
tobyn	177	10162
tobyna	166	10589
tobynan	195	38243
tobynda	181	21511
tobyndağy	192	34420
tobynyñ	165	10164
tobyq	201	47856
tobyqtai	227	90571
tobyqty	215	73093
tobyr	227	90536
tobyñ	214	71522
toibastar	197	42261
toida	231	6395
toidan	156	6396
toidağy	198	42752
toidy	166	10647
toidym	187	28774
toidyq	211	66518
toidyryp	192	35087
toidyñ	174	15823
toihana	186	26446
toihanada	203	52393
toihananyñ	224	87256
toihanasy	223	86754
toihanağa	211	66540
toiladyq	215	74463
toilai	196	24268
toilaidy	206	57471
toilaimyz	184	24271
toilaityn	204	53765
toilaiyq	210	63591
toilamai	212	67264
toilap	153	5128
toilar	192	34681
toilarda	203	51722
toilary	207	58225
toilaryn	209	61822
toilaryna	213	70493
toilaryña	211	66460
toilaryñyz	212	67382
toilarğa	208	59733
toilatyp	193	35900
toilau	202	50432
toilauğa	204	53620
toilağan	213	69378
toima	201	30360
toimai	231	30361
toimaidy	189	30363
toimaityn	197	41780
tois	206	56687
toitarys	214	71067
toiu	226	89911
toiy	231	17496
toiym	192	35374
toiyma	196	40715
toiymda	213	69527
toiymdy	208	60994
toiymsyz	216	74576
toiymyz	207	58820
toiymyzda	230	94634
toiymyzğa	227	91112
toiyn	185	17497
toiyna	231	48479
toiynan	201	48480
toiynda	177	17499
toiynyñ	221	83343
toiyp	231	95749
toiyñ	197	31887
toiyña	190	31888
toiyñda	205	55020
toiyñdy	217	77972
toiyñyz	215	73534
toiğa	231	95056
toişy	211	66391
toişyl	229	92670
tokaev	189	31203
tokaeva	212	68742
toks	225	88515
tolai	230	94462
tolar	205	55782
tolassyz	215	73500
toldy	162	8894
toldym	196	40031
toldyma	208	59673
toldyñ	204	54256
tolmağan	231	97134
tolqu	222	84901
tolqyn	231	44091
tolqynai	202	49511
tolqynda	225	47348
tolqyndar	200	47349
tolqyndy	211	65877
tolqyndyq	213	70959
tolqynnyñ	202	50444
tolqyny	198	44092
tolqynym	211	67184
tolqynğa	211	66349
tolqyp	202	49391
tolstoi	231	97311
toltyr	162	7022
toltyra	172	14277
toltyrady	191	33682
toltyraiyn	203	52189
toltyramyn	198	43426
toltyramyz	179	19163
toltyrasyn	226	89722
toltyrasyñ	211	66022
toltyratyn	195	39438
toltyrdy	195	12797
toltyrdym	170	12798
toltyrdyñ	201	48940
toltyrmadym	222	84772
toltyrmai	200	46024
toltyrmağan	217	76777
toltyrsyn	208	59768
toltyru	158	7023
toltyrudy	215	73173
toltyruğa	195	39004
toltyrylğan	197	42427
toltyryp	231	95130
toltyryñyzdar	203	51422
toltyrğan	193	36831
tolu	192	35319
toluyna	210	65209
tolymdy	213	70070
tolymsyz	203	52623
tolyp	231	62619
tolypty	209	62621
tolyq	231	6529
tolyqpa	221	84172
tolyqqandy	191	33862
tolyqtai	157	6532
tolyqtau	215	43067
tolyqtauyş	198	43069
tolyqtyru	188	29435
tolyqtyrular	202	50249
tolyqtyryp	168	11495
tolyğymen	166	10815
tolyğyraq	171	13534
tolğam	223	86688
tolğan	231	60469
tolğanai	231	95595
tolğanşa	208	60471
tolğaq	231	74067
tolğaqty	215	74069
tolğasyn	217	77210
tolğauy	231	97086
tolğağym	221	83675
tom	127	926
tomar	217	76994
tomas	185	25536
tomağa	228	92010
tomdyq	207	58570
tomiris	231	55290
tomiristıñ	205	55293
tomp	230	9526
tompaq	164	9528
tompaqtau	225	88245
tompağym	181	21628
ton	169	5916
tondy	213	70029
tonna	231	96340
tonnyñ	223	85821
tonqaiyp	223	86180
tonus	217	77016
tonyp	155	5918
tonyñdy	211	66619
topalañ	230	94198
topan	208	60311
topatai	217	77063
topaz	228	92218
tope	226	89684
topografiia	227	72269
topografiialyq	214	72272
topqa	231	95358
topsa	219	80469
toptama	211	50951
toptamasy	203	50953
toptan	161	8237
toptar	174	15223
toptarda	200	46842
toptardy	204	28383
toptardyñ	187	28384
toptary	182	22148
toptarğa	180	20417
toptau	210	65260
toptağy	177	17605
toptağylar	225	89256
topty	170	12708
toptyq	171	13800
toptyñ	231	96251
topy	212	13366
topyraq	231	36346
topyraqqa	195	38734
topyraqta	193	36348
topyraqty	200	46306
topyrağy	171	13370
topyrağyn	213	69782
topyrağynan	219	80449
topyrlap	196	40393
topyrlatyp	223	86077
toq	231	7014
toqaev	231	63704
toqaevqa	217	76786
toqaevty	225	63706
toqaevtyñ	210	63707
toqai	222	84536
toqal	231	35566
toqaldan	193	35569
toqaly	206	56153
toqalym	206	56154
toqan	206	56760
toqatai	227	91313
toqaş	231	97259
toqpan	215	74015
toqpaq	229	92632
toqsan	231	7017
toqsanda	158	7019
toqsandağy	196	40667
toqsandy	193	20133
toqsandyq	180	20134
toqsannan	189	30290
toqsannyñ	183	23656
toqsanynşy	226	90284
toqsanğa	184	24522
toqta	231	18559
toqtady	180	20059
toqtai	231	23538
toqtaidy	183	23540
toqtaityn	211	66753
toqtaiyq	221	83681
toqtalu	215	74527
toqtalyp	197	41493
toqtam	228	41146
toqtama	206	41147
toqtamai	231	41148
toqtamaidy	196	41150
toqtamaityn	219	81389
toqtamastan	223	86893
toqtap	231	95671
toqtar	231	97195
toqtasa	210	64742
toqtasyn	185	25680
toqtata	178	18561
toqtatady	201	48179
toqtataiyq	199	45122
toqtatamyz	212	68811
toqtatatyn	214	72193
toqtatpa	222	65291
toqtatpai	210	65292
toqtatqan	197	42462
toqtatty	202	50922
toqtattym	212	67480
toqtatu	179	19268
toqtatuğa	200	46276
toqtatylady	217	76839
toqtatyp	231	97082
toqtau	200	47406
toqtausyz	201	47708
toqtağan	191	32946
toqtaşy	212	67886
toqty	231	58307
toqtybai	225	89388
toqtyq	220	82357
toqtyñ	207	58308
toqu	168	11563
toqyldaq	206	56852
toqylğan	188	30024
toqym	202	13546
toqyma	171	13547
toqymaşy	229	93321
toqyp	171	13802
toqyr	224	60117
toqyrau	208	60119
toqyş	225	88426
toqşylyq	220	81513
tor	231	12283
torai	216	42769
toraiğyrov	198	42774
toraiğyrovtyñ	230	94166
torap	229	92623
toreğali	219	80953
torköz	205	55478
torpaq	206	56787
torqaly	226	90135
tors	227	53564
torsyq	204	53566
torsyqtai	211	66359
tort	231	15162
tortqa	173	15164
tortta	214	17976
torttan	204	53806
torttar	177	17977
torttardy	208	61374
torttyñ	178	18573
tory	180	20574
torğa	198	12285
torğai	169	12286
torğaida	212	68414
torğaidyñ	218	78234
torğaiğa	210	64945
torğyn	184	24734
tos	169	12276
tosno	209	62262
tospa	226	89751
tosqan	212	67804
tostaq	204	53672
tostağan	209	62406
tostağanşa	230	94138
tostym	213	70282
tosu	213	69858
tosyn	231	70075
tosynnan	213	70078
tosyp	231	95550
totai	213	70217
totem	223	86193
tottenhem	211	66517
totynyñ	216	75996
totyq	226	29384
totyqsyzdanu	188	29391
totyqtyrğyş	203	51261
totyqūs	208	59735
totyğa	219	80030
totyğu	169	12494
tover	222	85058
tozak	219	81094
tozaqqa	191	33648
tozaqta	208	61493
tozañ	215	73053
tozañdanu	224	88154
tozañdy	222	84565
tozdyr	218	60274
tozdyryp	208	60276
tozsyn	184	24786
tozu	226	90385
tozyp	183	23465
tozyğy	226	89497
tozğan	212	68382
toñ	210	3793
toñazytqyş	208	60138
toñdyñ	222	84512
toñqaiyp	188	30039
toñqyldap	217	77852
toñyp	148	3795
toñğaq	228	92080
toğai	204	53595
toğaiğa	222	84853
toğam	225	88747
toğan	213	69871
toğandy	219	80471
toğjan	231	57362
toğjannyñ	207	57902
toğjanğa	206	57364
toğyz	231	15035
toğyzda	173	15037
toğyzdan	188	29598
toğyzdarda	211	66273
toğyzdy	209	62174
toğyzqūmalaq	193	35861
toğyzy	210	31009
toğyzynşy	189	31012
toğyzğa	190	32112
tpo	226	90371
tragediia	192	34694
tragediialyq	227	91246
trahaet	182	21907
trahat	228	86653
trahatsia	223	86656
trahni	218	79015
trahnul	179	19374
trakt	213	10071
traktat	223	85919
traktor	165	10073
traktordyñ	223	86100
traktorist	219	80112
traktormen	218	79624
tramp	199	44500
tramvai	220	82602
transfer	222	85277
transformator	206	57603
transformer	200	47121
transkripsiia	198	43560
transliasiia	195	38635
transplantasiia	227	91636
transport	187	28809
transūlttyq	225	88846
tranzit	219	79804
trap	219	50726
trapesiia	202	50731
travmatolog	214	71352
travmatologiia	218	79251
treningke	218	78225
trenkağa	205	54684
trigonometriia	214	9619
trigonometriialyq	164	9622
trikotaj	195	38757
trillion	224	87959
trio	194	37342
tromb	210	64991
trop	213	26827
tropik	225	26829
tropiktık	186	26832
troposfera	210	63433
troöm	229	93137
trupom	213	69544
trusik	208	60675
trş	215	73763
tsr	225	89072
tsra	226	90037
tuar	196	40460
tuasyñ	192	34233
tuatyn	175	16326
tuberkulez	190	31775
tudy	166	10603
tudym	192	35003
tudyra	225	26541
tudyrady	186	26543
tudyratyn	186	27139
tudyru	211	61458
tudyruşy	208	61460
tudyryp	197	42602
tudyñ	179	19364
tufli	169	11956
tuflidı	227	90951
tuflimen	220	81930
tuh	226	89956
tulebaeva	212	68490
tulegenov	213	70137
tuleşova	211	66584
tuma	231	39316
tumady	223	85816
tumai	195	39317
tumaidy	212	67673
tumaityn	222	84451
tumalar	214	71357
tumağan	208	60983
turalf	217	77065
turaoy	212	68168
turist	201	29285
turistık	188	29287
turizm	178	18290
turizmge	227	91368
tuy	180	1783
tuyla	207	59118
tuylady	209	62531
tuyldy	197	41628
tuyldym	200	47301
tuylmai	214	71521
tuylmağan	219	79829
tuylsa	215	73241
tuylu	208	60521
tuylyp	193	35897
tuylğaly	217	77625
tuylğam	208	60957
tuylğan	231	33881
tuylğannan	191	33884
tuylğsn	229	93491
tuym	213	55650
tuymdy	205	55652
tuymyz	217	76834
tuyndaidy	181	21291
tuyndaityn	190	31980
tuyndap	194	38058
tuyndau	229	93460
tuyndağan	189	30645
tuyndy	163	9324
tuyndylary	197	41373
tuyndysy	185	26205
tuyp	136	1784
tuypty	206	56438
tuyrlyq	225	88746
tuys	152	4983
tuysqa	218	6099
tuysqan	156	6100
tuysqandar	159	7492
tuysqandardy	225	70672
tuysqandardyñ	213	70673
tuysqandary	202	35316
tuysqandarym	192	35317
tuysqandaryñ	207	59537
tuysqandarğa	206	56844
tuysqandyq	225	88462
tuysqany	200	21658
tuysqanym	181	21659
tuysqanyñ	202	49979
tuystan	225	89152
tuystar	158	7045
tuystardan	218	78439
tuystardy	213	61618
tuystardyñ	209	61619
tuystarmen	214	72314
tuystary	179	19365
tuystarym	179	19366
tuystaryma	210	65308
tuystarymdy	220	81570
tuystarymen	210	64684
tuystarymyz	218	78287
tuystaryn	198	43118
tuystaryna	200	46025
tuystarynyñ	212	68468
tuystaryñ	194	37579
tuystaryñdy	228	92097
tuystaryñyz	220	81610
tuystarğa	198	43797
tuystas	218	79161
tuystyq	198	43439
tuystyñ	216	74782
tuysy	181	18773
tuysym	178	18774
tuysymnyñ	223	86048
tuysyn	209	63230
tuysyna	222	85076
tuysyñ	201	47656
tuüan	202	49517
tuğan	231	24112
tuğanda	184	24114
tuğandai	212	67897
tuğandar	203	52060
tuğandarym	212	68963
tuğany	212	54227
tuğanyna	204	54229
tuğpn	215	73303
tuğym	202	49336
tuğyzady	190	32298
tuğyzatyn	202	50935
tuğyzu	205	55198
tuğyzyp	199	44509
tuğyzğan	219	80487
tvm	212	68144
tvoih	218	78267
tvorşestvo	183	23238
tyi	185	12805
tyiu	223	86946
tyiym	170	12807
tyiyn	198	43515
tyiyp	217	76356
tymaq	203	52457
tymtyrys	198	43732
tynbai	192	34320
tynbaidy	216	74647
tyndyru	229	93375
tyndyrymdy	221	83296
tynym	174	15850
tynymdy	227	90897
tynymsyz	193	36106
tynyq	190	32257
tynyqtyru	224	88086
tynys	231	44025
tynystap	219	79941
tynysty	227	90933
tynysy	198	44026
tynysym	206	56671
tynyğu	210	65162
tynyş	231	22054
tynyşsyz	225	88823
tynyşsyñ	206	50360
tynyşsyñdar	202	50363
tynyştal	220	22057
tynyştalatyn	228	92350
tynyştaldy	205	54925
tynyştalyp	182	22059
tynyştandyru	230	94397
tynyşty	222	46191
tynyştyq	231	49156
tynyştyqqa	220	82438
tynyştyqta	205	55472
tynyştyqty	201	49158
tynyştyğy	200	46193
tynyştyğyn	231	95012
typyr	222	85483
tyq	231	23626
tyqpai	205	54697
tyqqan	231	71367
tyqqanda	214	71369
tyqqym	215	73529
tyqty	183	23628
tyrdai	223	86919
tyrma	220	82575
tyrnap	186	27178
tyrnaq	231	43004
tyrnaqqa	198	43006
tyrnaqty	200	47099
tyrnaqtyñ	213	69658
tyrnaqşa	208	59729
tyrnauyq	228	92487
tyrnağy	205	39721
tyrnağym	202	46413
tyrnağymdy	200	46415
tyrnağyn	196	39722
tyrnağyna	212	68730
tyrnağyñ	216	62985
tyrnağyña	209	62986
tyrnağyñdy	213	70357
tyrq	224	59320
tyrqyldap	207	59325
tyrqyldau	200	97772
tyru	222	85237
tyryq	212	67282
tyrys	231	9216
tyrysa	207	9217
tyrysady	179	19428
tyrysaiyq	199	44999
tyrysamyn	163	9220
tyrysamyz	186	26461
tyrysatyn	204	52876
tyryspaimyn	230	94375
tyrysqan	201	47544
tyrysqaq	197	42474
tyryssyñ	222	85369
tyryssyñdar	224	87711
tyrysty	195	22180
tyrystym	182	22181
tyrysu	183	23224
tyrysyp	231	95582
tyrysyñdar	203	51636
tyrysyñyz	190	32197
tyrysyñyzdar	210	64326
tyrysşy	207	58512
tysqary	213	70442
tysta	205	56041
tystau	229	92934
tysty	224	87983
tyz	223	86389
tyñ	146	586
tyñaitqyş	206	57203
tyñda	231	588
tyñdadym	178	19112
tyñdadyñ	194	37525
tyñdai	231	17532
tyñdaidy	185	25297
tyñdaimyn	182	22620
tyñdaimyz	180	19993
tyñdaisyñ	192	34134
tyñdaityn	177	17535
tyñdaiyq	203	51100
tyñdalym	194	38101
tyñdama	194	14302
tyñdamady	215	62369
tyñdamadym	209	62370
tyñdamai	172	14303
tyñdamaidy	181	21443
tyñdamaisyñ	194	36889
tyñdamaityn	203	51492
tyñdamasa	212	68780
tyñdamasañ	214	71456
tyñdamağan	212	68074
tyñdap	121	589
tyñdar	207	58639
tyñdasa	210	32469
tyñdasai	198	43310
tyñdasam	201	48414
tyñdasañ	190	32470
tyñdasyn	214	71724
tyñdata	223	86515
tyñdau	168	11799
tyñdauğa	183	23694
tyñdauşy	208	61371
tyñdañdar	187	27885
tyñdañyz	193	36303
tyñdañyzdar	199	45264
tyñdağam	220	82012
tyñdağan	180	20528
tyñdağanda	211	66467
tyñdağym	196	40101
tyñdağyñ	210	63632
tyñdaşy	195	38690
tyñqiyp	220	81741
tyñğylyqty	212	68536
tyñşy	222	84839
tyğa	231	37999
tyğady	205	55813
tyğaiyn	208	60780
tyğasyñ	201	47584
tyğatyn	194	38002
tyğu	196	40629
tyğylmaq	217	77792
tyğylyp	231	96068
tyğyn	216	75176
tyğyp	231	95024
tyğyryqqa	207	58019
tyğyz	158	6998
tyğyzdau	229	92994
tyğyzdyq	176	16772
tyğyzdyğy	158	7002
tyş	192	3261
tyşady	213	69601
tyşqan	145	3264
tyşqandar	213	70606
tyşqannyñ	206	57482
tyşu	217	76298
täbetım	210	65012
täi	228	79561
täike	225	88834
täit	218	79562
täiırı	230	94542
täjıbaev	206	56809
täjık	207	58726
täjıribe	161	8446
täjıribege	217	77467
täjıribelı	202	24527
täjıribelık	184	24528
täjıribemen	224	87527
täjıribenı	184	24620
täjıribenıñ	210	63460
täjıribesı	181	21412
täjıribesın	194	38119
täjıribesıne	211	66759
täjıribesınıñ	218	78542
täk	231	24978
täkappar	199	45754
täkapparlyq	212	69061
täke	184	24979
täkeñ	211	66371
täkäppar	220	81846
tälpıştenıp	207	58157
tälpıştık	222	84649
tälım	187	28793
tälımger	196	40637
tälımgerlık	216	74865
tälımı	226	89912
tälıp	207	58082
tän	231	43247
tändık	229	92869
täntı	207	58877
täntımın	219	80303
tänı	198	43248
tänımmen	207	58089
täp	231	62303
täpışke	209	62307
tärbie	129	1054
tärbiege	195	39191
tärbielegen	199	44795
tärbieleidı	202	49927
tärbielenuşı	225	88866
tärbielep	177	17842
tärbieleu	160	7687
tärbieleudıñ	200	45902
tärbieleuge	202	49750
tärbielı	163	9253
tärbielık	179	19212
tärbiem	218	78896
tärbienı	198	23866
tärbienıñ	183	23867
tärbiesı	158	6957
tärbiesımen	216	74922
tärbiesın	193	29831
tärbiesınde	208	60856
tärbiesıne	188	29832
tärbiesınıñ	193	35702
tärbiesız	199	44546
tärbieñ	219	80514
tärbieşı	165	10088
tärbieşıge	222	84859
tärbieşıler	198	42720
tärbieşılerge	212	69123
tärbieşılerı	224	87277
tärbieşınıñ	202	49284
tärbieşısı	206	57090
tärelke	213	70727
tärk	223	72516
tärkıleu	214	72520
tärtıbı	167	11179
tärtıbımen	215	73340
tärtıbın	180	20232
tärtıbıne	204	53782
tärtıp	168	11642
tärtıpke	189	30479
tärtıppen	192	35258
tärtıpsız	210	65160
tärtıpsızdık	226	89614
tärtıptı	172	13896
tärtıptık	206	57657
tärtıptılık	223	86915
tärızdes	189	30249
tärızdı	155	5773
täs	219	11354
täsbih	225	88416
täspı	216	74912
täsıl	180	11356
täsılder	189	12883
täsılderdı	194	37991
täsılderı	170	12884
täsılderın	175	16537
täsıldı	209	63027
täsılmen	176	16634
täsılı	167	11357
täsılın	193	35696
täte	231	3291
tätede	203	51094
tätege	165	10319
täteler	181	21008
tätelerge	218	78555
tätelerım	212	68540
tätem	145	3292
tätemde	210	59489
tätemder	207	59490
tätemdı	201	49219
täteme	183	23870
tätemen	190	31776
tätemmen	205	54772
tätemnen	210	63903
tätemnıñ	176	16931
tätemız	214	71230
tätenı	193	6717
tätenıñ	157	6718
tätesı	183	23080
tätesıne	217	77241
tätesınıñ	199	45174
täteñ	163	9227
täteñdı	213	69825
täteñe	195	38379
täteñnen	218	78996
täteñnıñ	199	44690
tättı	231	2552
tättıgül	218	79759
tättıler	183	23715
tättılerdı	212	68412
tättılerım	209	62806
tättım	141	2553
tättını	194	37451
tättısı	200	45010
tättısın	199	45011
tätä	214	72123
täuba	182	22468
täubege	213	70543
täubesıne	223	86570
täubä	195	38747
täuekel	231	65357
täuekeldı	229	92864
täuekelge	210	65359
täueldı	166	10702
täueldık	184	24771
täueldılık	199	44647
täuelsız	152	4861
täuelsızdıgı	197	33117
täuelsızdıgın	191	33118
täuelsızdık	231	24021
täuelsızdıkke	183	24023
täuelsızdıktı	197	41345
täuke	192	34756
täulık	183	23022
täulıktık	187	28150
täuıp	205	54494
täuır	150	4491
täuırmın	209	63173
täuırsız	219	80430
täuırsıñ	193	35473
täuırım	214	71850
täñırbergen	192	34227
täñırdıñ	231	96656
täñırge	212	68922
täñırım	201	48294
täştek	226	90041
töbe	231	18256
töbede	177	18258
töbedegı	196	40165
töbeden	189	30609
töbege	178	19001
töbeles	231	69472
töbeleskış	227	90646
töbelespei	223	86686
töbelesu	213	69473
töbelesıp	231	96695
töbelı	225	88453
töbemde	204	53582
töbemnen	214	71270
töbenı	200	46637
töbenıñ	219	80630
töbesı	184	24987
töbesın	185	25895
töbesınde	187	28064
töbesındegı	207	58658
töbesıne	187	27817
töbesınen	192	35272
töbeñnen	219	80754
töge	210	64470
tögedı	218	79156
tögetın	223	85828
tögu	211	66132
tögıldı	224	88072
tögıle	207	58237
tögılgen	206	56706
tögılıp	193	35865
tögıp	167	11188
töken	199	45135
tökken	199	44328
tökpe	219	80531
töl	231	2547
töle	231	2548
töledı	181	10708
töledık	201	48070
töledım	166	10709
töledıñ	189	30288
töledıñız	205	55937
tölegen	231	54505
tölegenge	215	74474
tölegennıñ	213	70372
tölegenova	205	54508
tölei	231	5994
töleidı	165	10313
töleimın	155	5997
töleimız	174	15553
töleisız	184	24396
töleisıñ	178	18273
töleisıñder	213	70259
töleitın	166	10768
töleiık	218	78329
töleiın	187	28736
tölem	141	2549
tölemaqy	212	68676
tölemder	213	70838
tölemdı	191	33875
tölemegen	202	50244
tölemei	188	29140
tölemeidı	205	55275
tölemeimın	214	72635
tölemeimız	225	88861
tölemeisıñ	221	83678
tölemese	208	60731
tölemesem	218	79579
tölemeseñ	218	78692
tölenbegen	202	49879
tölenbei	205	55473
tölenbeidı	208	60660
tölendı	179	19616
tölene	219	25813
tölenedı	185	25815
tölenetın	199	44377
tölengen	191	33217
tölenu	215	73634
tölenıp	201	48378
tölep	231	36795
tölepbergen	193	36801
töleptı	221	84181
tölese	193	27076
tölesek	209	61829
tölesem	186	27077
töleseñ	199	45493
töleseñız	204	53570
tölesın	193	36380
töletu	228	92249
töleu	231	9127
töleudı	213	70524
töleuge	163	9129
töleuhan	207	58448
töleutai	218	79154
töleuım	184	24547
töleñder	207	58826
töleñız	205	54562
töleñızder	213	69366
töleş	201	47892
töleşı	225	89028
tölqūjat	227	91324
tömen	231	3867
tömende	166	3869
tömendegı	148	3871
tömendegıdei	190	31610
tömendeidı	182	22524
tömendep	178	18993
tömendetu	198	44028
tömendetıp	201	47849
tömendeu	199	22378
tömendeuı	182	22379
tömenge	178	18695
tömengı	152	4899
tömennen	192	34424
tömenı	219	81031
tömenırek	219	81034
tönıp	206	57185
töraiymy	209	62720
törağa	205	19040
törağalyq	209	61862
törağasy	178	19042
törağasynyñ	217	77448
törde	192	34792
tördegı	220	82573
törden	222	84781
töre	231	12579
törebek	193	36610
törehan	182	21995
törelık	215	74080
törem	199	44334
töresı	208	60894
töreälı	187	28644
töreğali	169	12583
töreş	200	40820
töreşı	196	40821
törge	185	25159
törkın	197	19255
törkınde	203	51825
törkındep	222	84846
törkınge	179	19257
törkını	194	37448
törkınım	205	55117
törkınıme	210	63739
törkının	206	44796
törkınıne	199	44797
törkınıñe	215	73468
törlet	153	5141
tört	231	4709
törtbūryş	190	31753
törtbūryşty	203	51626
törteu	181	21061
törteumız	181	21064
törteuı	186	26836
törteuımız	212	69012
törteuın	197	41755
törteuıñ	212	68225
törtke	178	18454
törtkül	210	63555
törtqara	214	71627
törtte	177	18193
törtten	192	34910
törtterde	213	69458
törttık	217	76279
törtı	176	4710
törtıne	221	83923
törtınşı	151	4713
törälı	198	42884
törı	214	36474
törınde	193	36477
törınen	196	40991
tös	178	9812
tösbelgı	218	79297
tösegı	213	44668
tösegım	199	44669
tösegımdı	202	50008
tösegıme	218	79076
tösegın	203	52548
tösegıne	210	64274
tösegıñdı	217	77821
töseitın	219	80262
tösek	231	9814
tösekke	231	97291
tösekte	164	9816
tösenış	208	60373
töseu	211	67016
töstı	226	39066
töstık	195	39067
töstıñ	227	90766
tösı	224	87421
töte	210	24211
tötenşe	184	24214
töz	226	17653
töze	195	38275
tözu	219	80563
tözım	198	17655
tözımdı	177	17657
tözımdılık	193	36489
tözıp	207	57846
töñkerılmelı	200	97777
töñkerıp	193	36199
töñkerıs	196	39955
töñıregınde	200	46047
töñırek	224	87162
tübegeilı	185	25933
tübegı	217	77833
tübek	218	78657
tübı	158	7195
tübıme	209	62129
tübınde	169	12391
tübındegı	207	57904
tübıne	176	16731
tübınen	200	45889
tübır	161	8307
tübırles	169	12379
tübırlı	222	85261
tübırtek	222	84661
tübırı	182	22096
tüf	193	35848
tüfu	230	94438
tüge	228	681
tügel	123	682
tügeldei	188	29554
tügeldep	177	17723
tügeldeu	224	87634
tügelı	201	49030
tügelımen	212	68575
tügelın	212	68953
tügen	223	14635
tügendep	173	14638
tügendeu	205	55058
tügıl	177	9319
tügılı	163	9320
tügım	213	69339
tügın	210	64610
tüi	192	18139
tüidı	229	92926
tüie	231	18140
tüiedei	202	49309
tüiege	208	59958
tüiek	196	41153
tüienı	198	18142
tüienıñ	177	18143
tüieqūs	228	92389
tüigen	207	59006
tüigenım	218	79339
tüime	196	40598
tüimedaq	216	75085
tüimedei	219	80346
tüimeş	230	94519
tüinek	219	80691
tüireuış	215	73197
tüisıgıñ	229	93093
tüisık	208	60026
tüiu	217	77754
tüiılıp	194	37784
tüiındeme	211	66374
tüiındı	201	48258
tüiını	208	61508
tüiıp	179	19188
tüiır	190	31432
tüiırşık	226	80820
tüiırşıktı	219	80822
tük	231	12366
tükke	186	26869
tükpır	219	80728
tükpırınde	220	82613
tükte	169	12368
tüktı	205	55984
tükırgenım	202	50765
tükırse	211	66981
tükırık	223	86864
tükırıp	183	23546
tülegı	204	54245
tülek	190	32236
tülekter	198	42887
tülekterdıñ	228	92069
tülekterge	225	88405
tülekterı	206	57122
tülen	228	92191
tülep	215	73994
tülkı	168	11812
tülkıbas	177	17362
tülkıbasqa	216	75851
tülkıbasta	213	70247
tülkınıñ	204	54221
tülık	166	10840
tülıktı	213	70068
tümen	214	71898
tün	231	1479
tünde	231	34735
tündede	196	40731
tündegı	192	34737
tündeletıp	194	37802
tündema	206	56701
tünder	207	58617
tünderı	213	63796
tünderıñ	210	63797
tündı	196	40093
tündık	216	74931
tünek	209	61612
tünen	220	82582
tünerıp	210	65327
tünge	158	7003
tüngı	134	1481
tünnen	183	23053
tünnıñ	166	10431
tünsız	196	39842
tünı	231	16095
tünım	193	35822
tünımen	231	95289
tünımız	207	58930
tünınde	205	54803
tünıne	204	54361
tünıñ	175	16096
tünıñız	231	97329
tüp	180	20784
tüpkı	194	37522
tüpkılıktı	203	51369
tüpnūsqa	214	71400
tüpsana	217	77312
tüpsız	213	70369
tüptep	222	85743
tüptıñ	221	83034
türde	118	472
türdegı	194	37804
türge	165	10015
türkiiada	202	49949
türkiianyñ	215	72866
türkiiağa	201	48874
türkı	162	8582
türkılık	215	73929
türkıstan	231	12256
türkıstanda	173	14711
türkıstandağy	212	67847
türkıstannan	191	33577
türkıstannyñ	203	51437
türkıstanğa	169	12258
türkıtanuşy	229	92638
türlendıru	179	19245
türlenu	226	89943
türlenıp	217	78034
türler	198	929
türlerı	127	930
türlerın	153	5209
türlerıne	178	18413
türlerınen	195	39052
türlerınıñ	181	21757
türlerıñ	204	39599
türlerıñdı	195	39601
türlerıñnen	217	77085
türlı	231	46515
türlını	210	63506
türlısı	200	46517
türlısın	210	64712
türlışe	204	53020
türmede	196	40431
türmege	189	30849
türtkı	196	40625
türtıp	182	22719
türu	209	62606
türı	231	1280
türıde	203	52156
türık	150	4517
türıkmen	218	78699
türıkter	194	37578
türıkterdıñ	201	48887
türıktıñ	208	59877
türıkşe	175	16011
türım	150	4519
türımdı	165	9934
türıme	190	25434
türımen	185	25435
türımmen	216	76069
türımızben	217	77053
türımızdı	200	47112
türın	131	1281
türınai	205	55189
türınde	134	1502
türındegı	186	27256
türındı	184	24320
türıne	152	4714
türınen	151	4715
türınnen	221	83204
türınıñ	178	18801
türıp	202	49784
türıñ	231	4994
türıñdı	152	4996
türıñe	185	26133
türıñmen	200	46571
türıñnen	169	12507
türıñızdı	195	39421
türşıgıp	211	65700
tüs	231	2079
tüse	138	2080
tüsedı	231	95060
tüseiık	197	41382
tüseiın	179	19901
tüsem	155	5780
tüsemın	188	29861
tüsemız	170	12672
tüser	184	24503
tüsesın	206	57051
tüsesız	202	49994
tüsesıñ	169	12521
tüsesıñder	213	69880
tüsetın	148	3879
tüsetınder	225	88903
tüsetının	206	57124
tüske	231	4373
tüskelı	212	68088
tüskem	183	23737
tüsken	231	4374
tüskenbız	207	57873
tüskende	150	4376
tüskendei	191	33601
tüskender	209	61709
tüskendı	188	29041
tüskenge	208	60559
tüskennen	198	43932
tüskensıñ	208	59829
tüskenı	186	22011
tüskenım	208	60307
tüskenıme	221	82929
tüskenımız	222	85806
tüskenın	182	22012
tüskenıne	212	68677
tüskenıñ	206	57672
tüskenıñdı	219	80059
tüskenşe	193	35452
tüskesın	185	26318
tüskm	217	77095
tüskı	150	4516
tüskım	183	23616
tüskısı	211	66389
tüskıñ	216	75775
tüsnıp	199	45813
tüspe	185	6854
tüspedı	157	6856
tüspedık	219	80861
tüspedım	207	57945
tüspedıñ	212	67334
tüspegen	175	16456
tüspeidı	175	15956
tüspeimın	200	47037
tüspeisıñ	209	63181
tüspeitın	191	33964
tüspeppız	217	76456
tüspeptı	195	38258
tüspes	220	21355
tüspese	181	21356
tüspesem	216	75856
tüspesın	191	33919
tüspeu	211	66402
tüsse	231	22768
tüssede	215	73052
tüssei	207	58365
tüssek	205	54722
tüssem	182	22769
tüsseñ	189	31331
tüssın	171	13373
tüssız	189	31100
tüstei	224	87137
tüster	138	2153
tüsterdı	198	43973
tüsterı	178	18371
tüsterıñde	203	51435
tüstes	210	65229
tüstı	231	7538
tüstık	180	19979
tüstım	159	7539
tüstıme	185	25867
tüstıñ	170	12909
tüstıñder	209	62268
tüstıñız	204	52746
tüsu	231	9741
tüsude	205	54372
tüsuden	216	76216
tüsuge	164	9743
tüsuım	209	62956
tüsuın	209	47561
tüsuıne	201	47562
tüsuıñe	215	74483
tüsı	231	3681
tüsık	210	65135
tüsımde	150	4348
tüsımdegı	206	56648
tüsımdı	207	59583
tüsıme	167	11238
tüsımızde	215	73204
tüsın	147	3682
tüsınbe	201	5610
tüsınbedı	190	22540
tüsınbedık	200	46409
tüsınbedım	231	94809
tüsınbedıñ	182	22541
tüsınbedıñız	210	64295
tüsınbegen	154	5613
tüsınbei	231	7669
tüsınbeidı	160	7671
tüsınbeimın	169	12161
tüsınbeisız	204	53524
tüsınbeisıñ	166	10367
tüsınbeisıñder	209	62023
tüsınbeitın	172	14273
tüsınbes	217	19804
tüsınbese	196	19805
tüsınbesem	206	57474
tüsınbeseñ	179	19806
tüsınbeseñız	207	58013
tüsınbestık	222	85257
tüsınbeuşılık	215	73640
tüsınde	167	11243
tüsındı	175	6659
tüsındık	176	16773
tüsındım	231	94977
tüsındır	180	6660
tüsındırdı	189	26794
tüsındırdım	186	26795
tüsındıre	157	6661
tüsındıredı	175	16205
tüsındıreiın	200	46426
tüsındırem	179	19701
tüsındıremın	183	23658
tüsındıresız	196	40894
tüsındıresıñ	208	61167
tüsındıretın	191	33503
tüsındırgen	189	30865
tüsındırme	179	19618
tüsındırse	215	53930
tüsındırsem	204	53931
tüsındıru	162	8595
tüsındıruge	188	29895
tüsındırıledı	195	39212
tüsındırıp	231	95078
tüsındırıñız	200	46628
tüsındırşı	197	41517
tüsındıñ	231	33189
tüsındıñız	191	33191
tüsıne	231	7163
tüsınedı	231	96286
tüsıneiın	214	71228
tüsınemın	159	7503
tüsınemız	176	17058
tüsınen	191	32821
tüsıner	184	24124
tüsınersıñ	205	54550
tüsınesın	201	48046
tüsınesız	183	22946
tüsınesıñ	158	7166
tüsınesıñder	189	30916
tüsınetın	231	96059
tüsıngem	215	73020
tüsıngen	231	16849
tüsıngendei	206	56857
tüsıngenım	176	16851
tüsıngenıne	224	88126
tüsıngenıñ	212	32471
tüsıngenıñe	190	32472
tüsıngenıñızge	197	41844
tüsıngım	211	65922
tüsıngıñ	212	68802
tüsınse	187	15881
tüsınsei	209	62992
tüsınsem	192	35206
tüsınseñ	175	15882
tüsınseñız	207	59370
tüsınsın	208	60420
tüsınu	231	8113
tüsınuge	161	8115
tüsınuım	209	62316
tüsınuşılık	228	92241
tüsınıgı	166	10507
tüsınıgım	208	59779
tüsınıgın	198	43493
tüsınıgıñ	200	46890
tüsınık	147	3684
tüsınıksız	231	77251
tüsınıksızdeu	217	77254
tüsınıkteme	231	97047
tüsınıktı	231	94148
tüsınıktırek	230	94151
tüsınıp	231	94962
tüsınıspeuşılık	201	47702
tüsınıstık	186	12120
tüsınıstıkpen	169	12123
tüsınısu	227	91258
tüsınıñız	197	42345
tüsınıñızşı	206	57118
tüsınşı	177	17686
tüsıoıp	229	92965
tüsıp	231	9425
tüsıppa	217	77165
tüsıppın	226	89880
tüsıpsıñ	210	64994
tüsıpsıñder	221	83481
tüsıptı	164	9427
tüsır	231	4091
tüsırdı	171	13319
tüsırdık	195	39273
tüsırdım	171	13801
tüsırdıñ	181	21776
tüsıre	149	4092
tüsıredı	165	9871
tüsıreiık	192	35351
tüsıreiın	184	24402
tüsıremın	192	34587
tüsıremız	168	11930
tüsıresız	205	55000
tüsıresıñ	181	21093
tüsıretın	231	96703
tüsırgen	152	4891
tüsırgende	191	32751
tüsırgendı	221	83502
tüsırgım	191	33472
tüsırme	177	17475
tüsırmedı	222	62610
tüsırmedım	209	62611
tüsırmedıñ	216	75987
tüsırmegen	213	69616
tüsırmei	182	21873
tüsırmeidı	207	59110
tüsırmeitın	215	74092
tüsırmeñız	214	71033
tüsırmeşı	213	70688
tüsırse	196	34934
tüsırsei	204	53173
tüsırsek	205	54698
tüsırsem	192	34935
tüsırseñ	200	47302
tüsırsın	208	60269
tüsırtıp	211	67100
tüsıru	152	5061
tüsırudı	205	55475
tüsıruge	170	12935
tüsırı	220	18380
tüsırıledı	218	78650
tüsırılgen	178	18384
tüsırılım	205	54961
tüsırıp	231	50649
tüsırıptı	202	50651
tüsırıñder	201	48769
tüsırşı	178	18678
tüsıñder	209	62842
tüsıñe	189	30648
tüsşı	193	35874
tüt	226	50182
tüte	225	89057
tütık	202	50184
tütıkşe	208	60004
tütın	231	51791
tütını	205	51792
tütının	203	51793
tütıp	214	72563
tüz	195	13081
tüze	191	13082
tüzedı	178	18386
tüzei	207	59150
tüzeledı	208	60925
tüzelıp	207	58112
tüzep	170	13083
tüzete	211	67068
tüzetu	172	14321
tüzetuge	200	46402
tüzetın	192	34849
tüzetıp	186	27152
tüzeu	193	36832
tüzeuge	208	60956
tüzu	231	39769
tüzudıñ	201	48765
tüzuşı	196	39771
tüzıldı	211	66868
tüzıledı	172	14060
tüzıletın	193	36453
tüzılgen	181	21719
tüzılu	192	33379
tüzıluı	191	33380
tüñılgen	196	41117
tüñılme	210	63980
tüñılu	219	79863
tüñılıp	178	18318
tüşkıru	220	82614
tüşkırıp	197	41651
tıfu	224	87189
tıfä	224	82641
tıfäi	220	82642
tıge	183	23514
tıgedı	189	30453
tıgemız	206	57413
tıgetın	188	30004
tıgu	170	12606
tıguge	193	35794
tıgılgen	190	32006
tıgın	174	15269
tıgınen	197	41935
tıgınge	226	90060
tıgınşı	184	24222
tıgınşılık	230	94415
tıgıp	231	95710
tıgıs	190	32133
tık	231	14366
tıkbūryşty	172	14373
tıke	231	46090
tıkelei	231	95534
tıken	200	46091
tıkenek	219	81059
tıkesınen	226	89787
tıkke	220	22319
tıkken	182	22320
tıkpe	228	92228
tıktörtbūryş	188	29053
tıktı	209	45672
tıktım	199	45673
tıktırgen	221	83852
tıktıru	222	84984
tıktırıp	202	49401
tıktıñ	210	63717
tıkūşaq	227	90751
tıl	231	3308
tılasty	220	82414
tılaşar	225	89048
tılde	231	30670
tıldegı	191	33431
tılden	231	95016
tılder	189	30671
tılderdı	195	39440
tılderı	191	33258
tılderın	194	37182
tılderınde	195	38741
tıldes	202	50532
tıldesu	223	86175
tıldesıp	223	86124
tıldı	231	6946
tıldık	165	10116
tıldıñ	158	6947
tıle	180	9574
tıledı	216	12710
tıledım	170	12711
tılegen	231	85327
tılegenıñ	222	85392
tılegenşe	222	85329
tılegı	177	17787
tılegım	185	25210
tılegımdı	196	39725
tılegımız	204	53276
tılegımızdı	206	56703
tılegın	193	36151
tılegıne	222	85402
tılegıñ	186	26707
tılegıñdı	194	37961
tılegıñe	203	51332
tılegıñız	203	52491
tılegıñızdı	217	77949
tılegıñızge	214	71546
tılei	192	34467
tıleidı	204	53746
tıleimın	231	94769
tıleimız	231	95649
tıleitın	201	48945
tıleitınım	210	64031
tıleiık	194	37371
tıleiın	223	86109
tılek	231	9575
tılekke	212	68332
tılekpen	200	46765
tılekte	224	9577
tılekter	164	9578
tılekterdı	202	50317
tılekterdıñ	207	59020
tılekterge	212	68753
tılekterı	202	20210
tılekterım	227	20211
tılekterımdı	229	93251
tılekterımız	180	20213
tılekterımızdı	200	47501
tılekterın	203	52424
tılekterıñ	231	40922
tılekterıñdı	198	43708
tılekterıñe	199	45577
tılekterıñız	231	40924
tılekterıñızdı	198	43409
tılekterıñızge	196	40926
tılektes	187	20601
tılektespı	214	20603
tılektespın	231	95329
tılektespız	180	20604
tılektestık	229	92751
tılektı	190	31788
tılektıñ	207	58291
tılekşı	188	29219
tılekşımın	192	34685
tılekşımız	194	37805
tılemeimın	212	67248
tılendiev	208	61103
tılep	231	95804
tıler	212	26947
tılerım	186	26949
tılese	226	52926
tılesem	204	52927
tıleseñ	204	53660
tıleubek	207	59355
tıleuberdı	215	73545
tıleuge	226	90421
tıleuhan	193	35985
tıleujan	211	65925
tıleulerıñdı	227	90895
tıleules	198	44165
tıleulespın	215	73353
tıleuı	219	35660
tıleuımdı	223	86863
tıleuımızdı	227	91518
tıleuın	209	61828
tıleuıñdı	193	35663
tıleuıñızdı	215	74239
tıleñder	218	79683
tıleñız	222	84439
tıleş	218	79203
tıleşı	224	87462
tılge	163	9351
tılközden	220	82283
tıllä	225	88892
tılmaş	222	85512
tılme	223	15291
tılmen	174	15292
tılsız	209	61914
tılu	215	73706
tılı	231	3309
tılık	213	70686
tılım	164	9432
tılımdı	183	23780
tılımen	180	20047
tılımnıñ	212	67509
tılımız	200	46810
tılımızdı	201	48087
tılın	231	3310
tılınde	145	3312
tılındegı	173	14680
tılıne	158	6982
tılınen	231	94990
tılınıñ	163	9068
tılıp	194	37610
tılıñ	173	14762
tılıñde	218	79760
tılıñdı	175	16039
tılıñe	205	55814
tılıñmen	210	63441
tılıñnen	195	38920
tılıñızdı	225	88684
tılşı	203	51889
tılşısı	225	88990
tındı	224	87801
tıntuır	225	88283
tıpten	173	14567
tıptı	231	95041
tırektı	215	74452
tırektık	224	88064
tırelıp	177	17771
tırep	180	20355
tıreu	200	47195
tıreuış	221	83593
tırke	199	1844
tırkedı	207	33013
tırkedım	191	33014
tırkedıñ	211	67166
tırkedıñız	221	83920
tırkegen	185	26257
tırkei	175	16439
tırkeidı	202	50355
tırkeimın	187	28476
tırkeimız	207	59585
tırkeisız	212	68322
tırkeisıñ	216	76028
tırkeitın	207	58955
tırkeiın	202	50380
tırkeldı	173	1847
tırkeldık	199	45647
tırkeldım	137	1848
tırkeldıñ	185	26206
tırkeldıñız	193	35434
tırkele	155	5884
tırkeledı	188	29678
tırkeleiık	201	47741
tırkeleiın	206	56997
tırkelemın	201	47896
tırkelemız	173	15076
tırkelesız	191	32792
tırkelesıñ	199	45718
tırkeletın	192	34063
tırkelgen	151	4610
tırkelgende	207	48260
tırkelgender	201	48261
tırkelgenge	207	58987
tırkelgennen	215	74493
tırkelgenıme	223	86765
tırkelmegen	182	22463
tırkelmei	195	39444
tırkelse	197	25577
tırkelsem	199	45724
tırkelseñ	196	25578
tırkelseñız	185	25580
tırkelu	153	5303
tırkeluge	188	29628
tırkelım	223	86888
tırkelıp	231	95086
tırkelıñder	198	42818
tırkelıñderşı	198	43575
tırkelıñız	196	40691
tırkelıñızder	196	40694
tırkelıñızşı	206	56205
tırkelşı	171	13272
tırkeme	226	76315
tırkemegen	230	94661
tırkemei	217	76316
tırkemelı	221	84245
tırkep	148	3852
tırkes	190	30250
tırkese	218	67749
tırkesek	230	94068
tırkesem	212	67750
tırkeseñ	222	84713
tırkeseñız	222	84715
tırkesu	221	83358
tırkesı	189	30251
tırketu	230	94552
tırketıp	215	73225
tırkeu	231	33579
tırkeude	212	67977
tırkeuden	212	68647
tırkeudı	218	79337
tırkeuge	191	33581
tırkeulı	228	92282
tırkeuşı	230	94078
tırlıgı	167	11185
tırlıgım	195	39448
tırlıgımdı	206	57776
tırlıgımen	207	59433
tırlıgın	179	19647
tırlıgıne	206	57668
tırlıgıñ	196	40799
tırlıgıñdı	199	45606
tırlık	231	26988
tırlıkke	200	47172
tırlıkpen	208	60351
tırlıkten	215	74334
tırlıkter	186	26991
tırlıkterdı	213	69345
tırlıktermen	202	50195
tırlıkterı	196	41187
tırlıkterım	205	55759
tırlıkterımdı	210	63812
tırlıkterın	207	58513
tırlıkterıñ	207	59319
tırlıkterıñdı	213	69928
tırlıktı	196	39901
tırlıktıñ	211	66856
tırı	231	23048
tırıdei	188	29993
tırılei	209	63352
tırılgen	222	84506
tırılıp	199	45072
tırımın	190	32015
tırısınde	203	51655
tırısıñ	183	23051
tırşılıgı	183	23399
tırşılıgın	193	36709
tırşılık	231	37332
tırşılıkte	214	71445
tırşılıktıñ	194	37335
tıs	231	5839
tıske	231	96880
tıspen	219	80993
tıssız	229	93170
tıste	206	6707
tıstegen	209	62442
tıstei	220	81788
tıstelep	216	75824
tısten	198	44099
tıstep	157	6708
tıster	213	39543
tısterı	195	39544
tısterın	209	61584
tısterıñ	217	77505
tısteu	217	77740
tıstı	180	20197
tıstıñ	193	36383
tısı	231	5840
tısım	155	5841
tısımdı	175	16406
tısıme	200	47133
tısın	231	55027
tısıne	205	55028
tısınıñ	224	87280
tısıñ	174	15514
tısıñdı	190	31928
tısıñe	209	62830
tısıñız	210	65026
tıtırkendırgış	204	52707
tıtırkenu	229	93171
tıtırkenıp	203	52243
tız	226	10977
tızbegı	185	26197
tızbegın	202	50074
tızbek	192	35057
tızbektı	202	49374
tıze	182	22061
tızeden	188	29617
tızem	204	53013
tızerlep	208	60531
tızesı	193	36248
tızgın	226	75653
tızgının	216	75655
tızu	226	89552
tızım	231	10979
tızımde	179	19441
tızımdegı	199	45240
tızımdı	187	27739
tızımge	183	23318
tızımmen	217	77392
tızımnen	206	56655
tızımı	167	10980
tızımın	231	52538
tızımınde	205	55981
tızımıne	203	52539
tızıp	196	39781
tşpaş	215	74019
tūiaq	200	47018
tūiaqty	209	62557
tūiağy	212	67524
tūiyq	169	12236
tūiyqtalu	222	85408
tūiyqtau	221	83799
tūiyqtyq	218	78641
tūiğyn	219	79967
tūjyrym	181	19929
tūjyrymdama	204	42323
tūjyrymdamasy	197	42325
tūjyrymdau	214	71887
tūjyrymdy	180	19931
tūla	191	33101
tūlpar	175	16025
tūlparym	230	93806
tūlparyñ	197	42620
tūlğa	153	5293
tūlğaaralyq	206	56842
tūlğalar	178	18486
tūlğalardy	212	30810
tūlğalardyñ	189	30811
tūlğaly	201	24865
tūlğalyq	184	24866
tūlğany	190	32238
tūlğanyñ	231	96688
tūlğasy	193	36736
tūlğasyn	203	38571
tūlğasynyñ	195	38573
tūlğasyz	230	94146
tūma	226	6284
tūman	176	17059
tūmandy	210	65423
tūmar	231	88893
tūmarşa	225	88895
tūmau	156	6285
tūmaudan	185	26180
tūmsyq	220	82617
tūnba	204	53049
tūndyru	218	79507
tūnjyr	229	93107
tūnyp	187	28200
tūnyq	189	30138
tūnğan	216	75484
tūnşyqtyryp	217	76710
tūnşyğyp	188	29964
tūqym	159	7542
tūqymdary	212	68671
tūqymdas	209	62736
tūqymdasy	226	69611
tūqymdasyna	213	69613
tūqymdasynyñ	227	90785
tūqymdy	194	37612
tūqymdyq	222	85418
tūqymnyñ	212	68327
tūqymqualauşylyq	221	82986
tūqymy	194	37545
tūqymyn	211	66298
tūr	231	522
tūra	231	2431
tūrady	231	94843
tūraiyn	162	8889
tūraiynşy	210	65024
tūraiyq	231	59904
tūraiyqşy	208	59906
tūramyn	143	2873
tūramyz	152	4957
tūran	181	21142
tūraq	210	2432
tūraqsyz	198	42844
tūraqsyzdyq	222	84503
tūraqty	140	2434
tūraqtylyq	193	36330
tūrar	231	37900
tūrarbek	199	45843
tūrarlyq	194	37903
tūrarlyqtai	229	92806
tūrarmyn	226	89905
tūrarğa	225	88226
tūrasyz	161	8314
tūrasyzdar	203	51001
tūrasyñ	231	25871
tūrasyñdar	185	25874
tūratynyn	186	27218
tūratynyñdy	216	75848
tūrdy	231	1455
tūrdym	133	1456
tūrdyq	231	97607
tūrdyñ	231	19350
tūrdyñdar	180	20045
tūrdyñyz	179	19352
tūrlan	209	63098
tūrlauly	196	39888
tūrlausyz	195	39640
tūrly	228	55847
tūrlybek	205	55850
tūrmady	200	47014
tūrmadym	204	53224
tūrmaidy	168	11463
tūrmaimyz	211	65915
tūrmaisyz	217	76935
tūrmaisyñ	187	27822
tūrmaityn	181	21441
tūrman	217	77298
tūrmaq	187	28878
tūrmasam	203	51229
tūrmasañ	204	53330
tūrmau	216	75058
tūrmağan	196	39896
tūrmyn	119	525
tūrmys	156	1410
tūrmysqa	133	1412
tūrmysta	175	16081
tūrmystamyn	219	80641
tūrmystasyñ	225	89070
tūrmystağy	211	66543
tūrmystyq	174	15188
tūrmysy	203	52182
tūrmysyn	210	63988
tūrmyz	166	10868
tūrpaiy	225	88379
tūrpatty	222	85667
tūrsa	231	4332
tūrsada	180	20111
tūrsai	164	9445
tūrsam	150	4333
tūrsamda	189	30104
tūrsaq	177	17672
tūrsaqta	215	73248
tūrsañ	158	6978
tūrsañda	204	53543
tūrsañdar	206	57730
tūrsañyz	185	26224
tūrsañyzdar	218	79676
tūrsañyzşy	212	68977
tūrsynai	174	15238
tūrsynbai	186	27591
tūrsynbek	178	18531
tūrsyndar	211	66197
tūrsynhan	200	47329
tūrsyz	231	53135
tūrsyzdar	204	53138
tūrsyñ	231	24167
tūrsyñdar	184	24170
tūru	231	8386
tūrudy	199	45708
tūruy	179	19590
tūruyñ	210	65084
tūruğa	161	8388
tūrymtai	226	89747
tūrypsyñ	201	48560
tūrypty	204	53265
tūrys	193	35711
tūrysty	218	78251
tūryñdar	231	53657
tūryñdarşy	204	53659
tūryñyz	143	2915
tūryñyzdar	184	24045
tūryñyzşy	174	15792
tūrğaly	217	76614
tūrğan	231	1934
tūrğanbek	195	38429
tūrğanda	137	1936
tūrğandai	231	97445
tūrğandar	193	35479
tūrğandy	189	30317
tūrğandyqtan	210	65044
tūrğanmyn	206	57660
tūrğannan	188	29898
tūrğannyñ	213	70014
tūrğansyñ	212	67465
tūrğany	165	8566
tūrğanym	176	16685
tūrğanyma	200	45887
tūrğanymdy	202	50256
tūrğanyn	162	8567
tūrğanyna	198	42731
tūrğanyñ	195	38274
tūrğanyñda	220	81411
tūrğanyñdy	199	45534
tūrğanğa	189	31084
tūrğanşa	204	53805
tūrğasyn	176	17037
tūrğy	230	9113
tūrğyda	182	10882
tūrğydan	166	10883
tūrğylyqty	197	41574
tūrğyn	163	9114
tūrğyndar	193	35791
tūrğyndardyñ	201	48320
tūrğyndary	231	42104
tūrğyndaryna	213	69660
tūrğyndarynyñ	197	42107
tūrğyny	189	30255
tūrğysy	203	17733
tūrğysynan	177	17736
tūrğyza	205	56100
tūrğyzatyn	218	78475
tūrğyzbai	220	82037
tūrğyzdy	209	62587
tūrğyzu	201	48473
tūrğyzğan	216	75128
tūrğyzşy	226	90091
tūrşy	231	95802
tūsaq	230	94249
tūsau	166	10558
tūsaukeser	186	27170
tūsauyn	188	29127
tūsken	214	71875
tūskiız	226	90515
tūstaryn	206	56192
tūsyna	198	43319
tūsynan	208	61024
tūsynda	177	17841
tūtady	217	77400
tūtamyn	202	50536
tūtanu	219	80414
tūtar	190	31892
tūtas	164	9386
tūtastai	199	45488
tūtastyq	214	71180
tūtatyn	205	54757
tūtqa	229	56326
tūtqan	206	56327
tūtqany	207	59403
tūtqasy	211	65710
tūtqasyn	217	77693
tūtqiyldan	225	89348
tūtqyn	216	63396
tūtqynğa	209	63398
tūtqyr	221	84330
tūtu	218	78476
tūtynu	192	35179
tūtynuşy	198	42944
tūtynuşylyq	221	83557
tūtyp	198	43974
tūtyğu	230	94521
tūz	231	13583
tūzaq	207	59536
tūzben	200	46787
tūzdap	187	28136
tūzdar	194	37088
tūzdau	215	74066
tūzdy	171	13585
tūzdyq	197	41991
tūzsyz	221	84306
tūzy	177	17542
tūzyn	205	51127
tūzynyñ	203	51129
tūzğa	208	59853
tūñğiyq	213	69754
tūñğiyqtan	227	91055
tūñğyş	137	1931
tūñğyşy	212	57014
tūñğyşym	206	57015
tūñğyşyñnyñ	217	77404
tūğyl	230	93992
tūğyn	172	14189
tūğyr	220	60818
tūğyrly	208	60820
tūşpara	228	92377
tūşy	196	40865
uait	207	58906
uaiym	231	38447
uaiymda	196	38449
uaiymdadym	206	56864
uaiymdai	231	38450
uaiymdaimyn	195	38453
uaiymdaimyz	224	87857
uaiymdaisyñ	212	67821
uaiymdaityn	198	43465
uaiymdam	224	49159
uaiymdama	231	49160
uaiymdamai	231	97635
uaiymdamasai	203	50959
uaiymdamañdar	201	49164
uaiymdamañyz	231	64216
uaiymdamañyzdar	210	64219
uaiymdamaşy	202	50441
uaiymdap	231	95183
uaiymdatpai	211	66589
uaiymdatyp	201	47636
uaiymdau	216	75120
uaiymdağan	209	61708
uaiymdağannan	226	89598
uaiymdy	229	92968
uaiymmen	223	86237
uaiymnan	203	52319
uaiymy	207	58642
uaiymyñ	215	73764
uaiymşyl	216	74814
uaqiğa	220	82593
uaqyi	226	90250
uaqyt	231	2047
uaqytqa	231	95278
uaqytta	231	10968
uaqyttan	167	10969
uaqyttar	199	26807
uaqyttarda	186	26809
uaqyttary	193	35563
uaqyttaryn	203	51057
uaqyttaryñ	195	38809
uaqyttaryñdy	213	69911
uaqyttaryñyzdy	210	64450
uaqyttağy	190	32008
uaqytty	231	14655
uaqyttyq	216	75197
uaqyttyñ	173	14656
uaqyty	231	2048
uaqytyly	153	5211
uaqytym	231	6993
uaqytymda	193	36568
uaqytymdy	178	18388
uaqytymen	158	6995
uaqytymyz	194	37249
uaqytymyzdy	201	48878
uaqytyn	231	2049
uaqytyna	192	34338
uaqytynan	196	40147
uaqytynda	138	2051
uaqytynyñ	202	50785
uaqytysy	209	34819
uaqytysynda	192	34822
uaqytyñ	157	6840
uaqytyñda	195	38700
uaqytyñdy	170	13053
uaqytyñyz	173	14706
uaqytyñyzdy	180	20215
uaqytşa	231	95435
uaz	177	17470
uağyz	231	96692
uezd	223	75637
uezdık	216	75639
uf	200	97780
uidemn	218	79688
uije	222	84720
uje	231	94714
ujk	209	61646
ukrain	214	32979
ukraina	191	32980
ulağyş	227	90866
ulbi	226	90233
univerdegı	214	71883
univerden	197	42467
univerdı	203	43677
univerdıñ	198	43678
univermag	215	73855
universiada	210	64585
universitet	167	11118
universitete	211	67072
universitetke	207	57897
universitette	207	58872
universitettıñ	216	75481
universitety	229	93405
universitetı	173	14664
universitetınde	209	62037
universitetınıñ	192	34537
uou	200	97779
uqalau	218	78305
urbanizasiia	221	83082
urdu	230	94317
urokah	185	25866
utas	219	80200
uyldyryq	222	85795
uyq	205	54938
uytty	212	69107
uäde	231	55067
uädege	213	70044
uädem	216	58069
uädemde	207	58071
uädemdı	216	75805
uädenı	207	58256
uädesın	218	60014
uädesınde	208	60016
uädeñ	212	55068
uädeñde	205	55070
uäj	228	79702
uäjıp	218	79704
uälihanov	181	21794
uäzır	200	46100
uäzırler	227	91610
uım	216	74854
uşilkoi	216	75449
uşilku	225	89292
vabank	216	75160
vafli	173	14683
vagina	211	65598
vagon	156	6216
vagonda	212	68152
vagondary	230	93951
vagony	216	74662
vagonğa	214	72481
vahta	172	13926
vahtada	182	22164
vahtadan	198	43897
vahtağa	185	26208
vahter	222	85201
vahty	206	57431
vai	231	15757
vaifai	231	28930
vaifaidy	195	39392
vaifaimen	188	28933
vaifaiy	213	65648
vaifaiymen	211	65651
vaifaiğa	209	63183
vaikiki	202	50478
vain	174	15758
vaina	215	74355
vaindar	202	50528
vainer	194	37408
vajno	152	5005
vajnyi	171	13230
vajnyida	225	89189
vakansii	202	23571
vakansiia	183	23572
vaksina	193	35773
vakuum	196	40998
vakuumdyq	230	93659
vakzalda	223	86343
val	198	14512
valeibolğa	219	81281
valeikum	176	16885
valeikumassaliam	230	94128
valensiia	216	75947
valentina	192	34721
valenttık	223	86229
valenttılık	215	74523
valera	201	48498
valeriia	203	51862
valia	173	14514
validol	226	90149
valin	223	86335
valiuta	185	26272
valiutalyq	213	70298
vam	231	4002
vami	149	4003
vampir	186	26784
vanadii	226	89878
vanda	229	93577
vanga	198	43064
vania	182	22430
vaniia	221	84088
vanna	231	15992
vannada	189	30095
vannadan	200	46379
vannany	210	63418
vannağa	175	15994
vanne	205	54690
vannovkağa	225	89114
vannyi	189	31027
vareniki	195	39380
varfeis	225	88890
variant	231	13324
variantta	209	25151
varianttar	185	25152
varianttary	212	67305
varianttaryn	217	77450
variantty	206	57429
varianty	171	13325
variantyn	197	41926
varikoz	197	41469
varvar	225	89055
vas	231	8061
vasap	160	8063
vasapka	196	41095
vasappen	192	34560
vasapqa	180	20017
vasapta	188	29959
vasaptan	190	32587
vasapty	215	73643
vasia	188	29990
vasilii	203	51630
vat	170	12616
vata	197	42300
vatman	225	88857
vatsaby	180	20278
vatsabym	197	41640
vatsabyn	192	22618
vatsabyna	182	22619
vatsap	231	26313
vatsape	186	26522
vatsapka	185	26315
vatsappen	186	26373
vatsapqa	231	95043
vatsapta	231	76245
vatsaptan	231	95166
vatsaptağy	217	76247
vatsapty	231	39587
vatsaptyñ	195	39588
vatsapu	194	37147
vatsyñ	216	75874
vatt	221	84322
vau	153	5366
vauşer	176	16812
vaz	231	34491
vaza	192	34492
vazelin	213	70783
vazvrat	219	80299
vaş	140	2440
vaşa	158	7232
vaşe	231	12382
vaşego	172	14452
vaşei	169	12383
vaşem	186	24555
vaşemu	184	24556
vaşi	231	16841
vaşih	176	16842
vaşu	170	12891
vdrug	151	4737
vdvoem	197	41349
veb	181	21685
veber	212	68180
vebinar	184	24688
vedio	170	12778
vedro	197	41306
vegetativtı	196	39709
vegetativtık	209	63247
vek	173	14609
veka	178	19048
vektor	194	28698
vektordyñ	223	85859
vektorlar	220	81762
vektorlyq	187	28701
vektory	215	73037
vektorynyñ	225	88438
vektra	198	43057
velik	178	18758
velikaia	204	53385
velikii	181	21619
velikpen	198	43742
veliur	185	25499
velo	223	73959
velosiped	231	73964
velosipedpen	215	73967
venera	146	3492
veneradan	227	90765
veneramen	228	92580
venerany	221	63846
veneranyñ	210	63847
venerağa	212	67496
venom	186	27408
ventiliator	210	64750
vera	172	14233
verbaldy	224	87491
verh	191	32725
verhnii	191	33309
verifikasiia	203	52441
veriu	161	8172
verni	190	15925
vernite	175	15927
verno	165	10192
vernu	194	37219
vernyi	181	21252
veronika	187	28208
versiia	169	12194
versiiasy	206	56601
ves	150	4464
veselaia	188	29005
veselo	179	19754
vesna	185	25828
vest	213	18964
vestern	228	92244
vesti	178	18965
vesy	168	11690
vesölyi	210	63833
vet	181	19984
veter	180	19986
veterinar	217	76382
veterinariia	217	76385
veterinarlyq	222	85385
vetrennyi	206	57059
vetrenyi	187	28514
vetrianka	203	51878
vetrovka	222	85343
vezde	158	7006
vezet	198	43696
veşei	193	36638
veşer	231	8532
veşera	162	8533
veşerde	192	34661
veşerden	205	54394
veşerdı	216	75951
veşerge	171	13306
veşerinka	189	31216
veşernyi	203	51703
veşerom	231	95400
veşeru	197	42417
veşi	156	6384
veşno	152	4837
veşnyi	195	38472
veşu	224	87100
vhod	151	4730
vhodit	185	25559
vibrasiia	211	66430
vid	231	2230
vida	181	21843
vide	162	2231
videl	145	3398
videla	231	95887
videli	177	17649
video	231	2232
videoda	157	6851
videodan	168	11920
videodağy	179	19871
videolar	145	3279
videolardy	160	7875
videolary	186	20563
videolaryn	180	20564
videolaryñ	200	40961
videolaryñdy	196	40963
videomdy	184	24886
videomen	139	2235
videony	231	15475
videonyñ	174	15476
videorolik	177	18034
videosy	160	5153
videosyn	153	5154
videozvanokpen	199	44541
videozvonok	186	25796
videozvonokpen	185	25799
videoñdy	189	30886
videoğa	140	2342
vidimo	173	14676
vidio	231	11164
vidioda	191	33349
vidiolar	176	16914
vidiolardy	190	32569
vidiomen	167	11167
vidiony	231	78524
vidionyn	218	78525
vidiosy	188	29815
vidioğa	231	96896
vidite	191	33657
vidno	152	4854
vidolar	205	54391
vidu	174	15303
vidy	231	96610
viju	153	5186
vika	231	96985
viki	196	40773
vikipediia	200	46408
viktoriia	185	25861
viktorina	211	65983
viktorovna	202	50378
vilka	193	35507
villa	217	77359
vina	183	23116
vinegret	217	76351
vinetka	207	58517
vinetkağa	223	86210
vinil	180	20423
vinks	187	28531
vino	162	8807
vinograd	190	32059
vinovat	173	14653
vinovata	179	19383
vinovaty	198	43769
vint	223	86661
vinşester	206	57262
vip	165	10230
virus	231	36017
virusologiia	221	84051
virustar	199	44802
virustardy	222	78079
virustardyñ	217	78080
virusty	193	36019
virustyq	199	45321
virustyñ	210	63745
virusy	206	57333
viski	184	24461
viskoza	226	89609
vitamin	231	11545
vitaminder	168	11548
vitaminderdı	204	53984
vitamindı	200	46816
vitaminka	208	61517
vitaminy	182	22150
vitia	198	43773
viza	197	36279
vizajist	193	36283
vizantiia	213	69413
vizit	207	59644
vizualizasiia	211	67096
viş	190	31532
vişnia	193	36400
vkada	231	13518
vkadan	171	13519
vkadağy	214	71241
vkam	207	55776
vkamda	221	83901
vkamdy	206	57303
vkamen	205	55778
vkanyñ	221	84286
vkasy	204	53147
vkañdy	217	76509
vkda	231	8369
vkdan	161	8370
vkdağy	206	56892
vklad	198	42908
vkmdy	212	68601
vkmen	201	47796
vkny	200	47154
vko	187	28202
vkontakte	193	36301
vksyn	204	52899
vkus	170	12879
vkusno	177	17541
vkusnye	198	44098
vkusnyi	186	27030
vkusy	186	26781
vkusym	207	59234
vkğa	176	16900
vlad	231	21861
vladimir	182	21865
vladimirovna	197	42031
vlajnyi	185	26261
vlasti	196	40577
vliiaet	193	36679
vliubilsia	231	97549
vliublen	199	45016
vlog	193	35459
vlojenie	183	23075
vlojeniia	210	63795
vmem	221	83230
vmeste	132	1343
vmesto	164	9375
vnature	197	41659
vne	188	29232
vnimanie	131	1256
vnimaniia	165	9894
vniz	182	22170
vnizu	182	22182
vnuk	196	40541
vnuki	198	43951
vnutri	231	96549
voda	155	5952
vode	192	34772
voditelia	206	56975
vodka	194	36922
vodnik	204	53345
vodnikte	224	88081
vodoi	180	20261
vodopad	217	77277
vodu	166	10639
vody	160	7805
voemia	230	94467
voen	212	6409
voenkomat	185	25079
voennyi	156	6412
voina	165	10261
voiny	185	25395
voiti	176	16733
vokal	183	23532
vokaldy	203	51481
vokaldyq	213	70922
vokalist	209	61908
vokalğa	207	58476
vokrug	167	10954
vokzal	165	9917
vokzalda	193	35688
vokzaldan	200	46475
vokzalğa	184	24133
vole	203	3303
voleibol	145	3307
voleiboldy	211	66755
voleibolist	223	86165
voleibolğa	193	36386
volga	204	53283
volia	197	41693
volk	172	14163
volkov	193	36573
volnuisia	185	25918
volny	207	58228
volonter	192	35294
volos	169	7257
volosatyi	230	93915
volosy	159	7258
volşebnye	215	74045
von	231	97293
voobşe	231	94751
voobşem	231	95540
voopşe	187	27905
vopros	137	1840
voprosa	194	37642
voprosom	198	43668
voprosov	177	17624
voprosy	141	2583
vor	193	14018
vord	172	14019
vordqa	194	37982
voron	199	44362
voronka	217	77962
vorota	185	25870
vosk	187	28225
voskresenie	194	37750
vospitanie	187	27919
vospitaniia	194	37789
vostok	179	19570
vostoşnyi	190	32110
vot	231	94754
vova	197	41753
vozduh	175	16320
vozduha	185	25109
vozduşnyi	191	33269
vozle	154	5738
vozmojno	151	4721
vozmojnosti	176	16854
vozrast	169	12130
vozvrat	231	96815
vozvraşenie	199	44903
vpered	175	16343
vperedi	190	31423
vpervye	177	17972
vpn	183	23457
vrag	186	27244
vraş	134	1559
vraşa	183	23855
vraşi	183	23729
vraşka	171	13745
vraşpen	195	39130
vraşqa	171	13713
vraşta	210	38089
vraştan	194	38090
vraştardan	224	88149
vraştardyñ	219	80969
vraştary	218	79776
vraştarğa	212	68048
vraştyñ	193	36626
vredno	192	35420
vremena	172	14439
vremenem	183	23469
vremeni	144	3044
vremenno	180	20306
vremennyi	196	40069
vremia	231	32392
vremianka	190	32395
vremiankada	218	79566
vremiankağa	225	88928
vri	180	20722
vrode	231	94927
vse	231	1393
vsegda	231	94818
vsego	133	1395
vseh	231	95017
vsei	172	14080
vsem	231	14043
vsemi	231	97418
vsemu	172	14044
vsevyşnii	210	63839
vsia	158	7222
vsiakie	193	35647
vsiakii	180	20627
vsiu	151	4612
vskm	229	93317
vsmysle	108	273
vspominai	216	75275
vspomnil	192	19321
vspomnila	179	19322
vstal	187	22978
vstala	183	22979
vstavai	199	44849
vstretil	201	49243
vstretimsia	231	96502
vstreşa	174	15495
vstreşaemsia	205	55946
vstreşe	194	36936
vstreşi	231	97314
vstreşu	187	28140
vsö	89	127
vsöm	188	29821
vtoraia	173	14956
vtornik	135	1605
vtornikke	195	38612
vtoroe	181	20925
vtorogo	184	24098
vtoroi	231	95651
vtorom	183	23219
vtorostepennye	224	87762
vtoruiu	185	26366
vtoryh	189	31251
vulkan	204	53483
vulkanizasiia	219	81022
vvidu	231	97175
vy	84	106
vyberi	171	13429
vybor	160	7804
vybora	197	41336
vyborov	208	61537
vybory	200	47455
vybrala	186	26569
vybrali	199	44503
vydelenie	186	27493
vyebal	215	72854
vyehal	192	35165
vyehali	193	35668
vyezjaiu	194	37959
vygliadit	180	20634
vygodno	189	31378
vygraiu	227	91274
vyhod	168	5529
vyhodi	180	10994
vyhodim	194	38154
vyhodit	167	10995
vyhodnoi	154	5532
vyhodnye	171	13288
vyhodnyh	180	20654
vyhoju	177	17537
vyidem	192	35067
vyidet	169	12321
vyidi	184	24306
vyidu	231	96419
vyigraiu	216	76207
vyiti	163	9179
vykliuşi	213	69896
vypeşka	202	49825
vypiska	182	21947
vyplata	196	40560
vypusk	199	45251
vypuskniki	227	91033
vypusknoiğa	230	93805
vyrajeniia	193	35676
vysokii	183	23096
vysota	182	22023
vystavka	215	74410
vysşii	185	26227
vyvod	231	97646
vyzdoravlivai	178	18786
vyzdoravlivaite	197	41896
vyzov	170	12629
vyzovqa	222	84875
vyşe	164	7171
vyşedşie	187	28327
vyşel	158	7172
vyşka	204	53568
vyşla	152	4845
vyşli	174	15787
vyşlo	178	18664
vzaimno	148	3896
vzgliad	170	12820
vzial	163	9160
vziala	231	96741
vziali	176	17005
vzlom	231	37732
vzlomali	205	54991
vzlomat	194	37734
vzlomnyi	225	88557
vznos	159	7478
vzroslye	191	33094
vzroslyh	180	20791
vzroslyi	173	14735
vzvod	203	51255
vşera	231	32422
vşeraşnego	190	32427
ybyrai	159	7633
ydyrau	190	32543
ydyrys	201	48010
ydys	119	505
ydysqa	185	25511
ydysta	194	14767
ydystar	175	14768
ydystardy	173	14770
ydystary	207	57175
ydystaryn	206	57176
ydysty	177	18151
ydystyñ	190	32221
ydysyna	224	87912
yj	230	90358
yjdağat	226	90363
ylğaldanu	213	70327
ylğaldylyq	191	33727
ymdau	223	86787
ymyrt	219	80887
ynjyq	217	77681
ynsap	219	80062
ynta	194	33246
yntalandyru	191	33253
yntalandyruşy	227	90983
yntaly	202	49853
yntasy	199	45404
yntymaq	171	13685
yntymaqtastyq	185	26292
yntymaqty	215	73629
yntyq	212	68503
yntyzar	227	91426
ynğaily	202	50389
yqpal	157	6649
yqpaldy	207	58689
yqpaly	190	32269
yqtimal	195	38715
yqtimaldylyq	220	82020
yqtimaldyq	220	81582
yqylas	231	64827
yqylaspen	210	64830
yqylasty	220	82833
yqylyq	205	55092
yqşamdau	219	80920
yrbañ	224	81699
yrbañdamai	220	81704
yrjiiu	200	97794
yrjyñdau	200	97799
yrsyldap	204	52869
yrym	182	22875
yrymdap	199	45731
yrymdy	229	93245
yrymğa	218	78674
yryqsyz	203	52556
yryqty	213	70759
yrysbek	192	34610
yrysjan	211	65960
yryskeldı	212	68839
yrysty	190	31506
yrysy	200	46750
yrzyq	221	83069
yrğai	229	93164
yrğaq	200	35181
yrğaqty	192	35183
yrğaqtyq	224	88055
yrğyz	192	35090
yrğyzda	222	85635
yrğyzğa	209	61727
ys	177	17607
ysqaq	199	44568
ysqyryq	226	90512
ystau	218	78949
ystyq	231	40964
ystyqköl	221	83620
ystyqpa	220	82433
ystyqqa	203	51202
ystyqta	201	40966
ystyqtai	203	52562
ystyqtan	217	76302
ystyqtap	196	40967
ystyqtau	226	90410
ystyqty	223	86084
ystyğy	187	28392
ystyğym	203	51333
ystyğyn	222	85305
ystyğynda	227	91067
ystyğyñ	221	83503
ysydy	227	90733
ysymai	228	91795
ysyp	231	96883
ysyq	219	81216
ysyra	223	37581
ysyrap	194	37582
ysyryp	193	36169
ysyta	222	84989
ysytyp	184	24278
yz	231	37419
yza	194	37420
yzalanu	200	97790
yzalanyp	216	75541
yzaly	229	93138
yzam	218	78893
yzba	230	89823
yzban	226	89824
yzdy	229	93109
yzyñ	225	65917
yzyñdap	211	65920
yzğar	206	57161
yzğarly	216	75899
yzğyryq	229	92818
yñq	206	57840
yñğai	199	13735
yñğailanyp	215	73987
yñğailap	198	42891
yñğailas	219	80375
yñğaily	231	95439
yñğaisyz	231	23823
yñğaisyzdandym	227	90760
yñğaisyzdanyp	183	23828
yñğaisyzdau	216	75294
yñğaisyzdyq	217	76477
yñğaiy	171	13736
yñğaiyn	205	40868
yñğaiyna	196	40869
yñğaiyña	213	70168
yğu	229	93005
yğyr	218	79660
yğystyru	225	88490
yğysu	221	83565
yşymde	228	92424
za	81	90
zabei	231	97394
zaberet	191	33983
zaberi	183	22988
zaberu	171	13624
zabolel	193	26152
zabolela	185	26153
zabordy	221	82973
zabordyñ	226	89864
zabral	180	20808
zabrala	190	31530
zabrali	185	26131
zabroşka	207	59189
zabudu	191	32722
zabyl	231	12853
zabyla	231	95663
zabyli	170	12854
zabyvai	188	29879
zabyvaiu	197	42536
zadaite	204	53061
zadanie	231	95118
zadaniia	231	95307
zadatok	190	32485
zadavai	215	73474
zadaşa	183	23144
zadaşi	176	17100
zaderjka	192	34443
zadnii	179	19283
zadnisu	221	83514
zaebal	148	3806
zafar	214	72173
zagar	213	69966
zagran	207	58654
zagruzka	231	95720
zags	194	38057
zahodi	177	17767
zahodila	199	45588
zahodit	186	27412
zahotela	196	40914
zahvati	198	42779
zaia	176	2758
zaiavka	142	2761
zaiavku	231	97227
zaiavlenie	156	6272
zaiavleniia	198	43110
zaiavok	219	80295
zaibal	132	1306
zaidi	231	22969
zaidite	183	22971
zaika	231	96620
zaimemsia	229	93381
zaisanda	206	57746
zaisanğa	200	45940
zaiypty	215	60164
zaiyptylar	208	60167
zaiyptylardyñ	228	91942
zaiyrly	200	46691
zaiyrlylyq	227	91159
zaiytov	225	88947
zaişik	196	39867
zajiganiia	209	62464
zakaji	200	45998
zakaju	194	36953
zakaz	231	10278
zakaza	179	19206
zakazala	184	24673
zakazben	165	10281
zakazda	202	24119
zakazdan	210	63629
zakazdar	184	24120
zakazdardy	205	55691
zakazdarym	202	49700
zakazdaryñyz	209	62367
zakazdy	170	12735
zakaznoi	219	80661
zakazym	169	12224
zakazymdy	186	26786
zakazyn	188	29779
zakazyñ	195	38059
zakazyñdy	205	55635
zakazyñyz	194	38061
zakazyñyzdy	206	56487
zakazğa	176	16666
zaklad	201	48960
zakliuşenie	190	31696
zako	195	17384
zakolka	210	64920
zakon	231	17385
zakonşil	185	17388
zakonşila	177	17389
zakonşili	189	30992
zakonşilsia	187	28704
zakonşitsia	187	28482
zakreptegı	200	97709
zakroi	231	97122
zakryla	195	39121
zakryli	184	24881
zakrytyi	163	9188
zakup	193	36180
zakz	217	76317
zal	231	26432
zalal	210	59197
zalaldy	225	89274
zalalsyzdandyru	207	59207
zalda	231	47645
zaldan	201	47646
zaldağy	204	54212
zaldy	186	26434
zaldyñ	194	38184
zalog	197	42004
zalyna	209	62917
zalğa	231	96425
zam	231	6183
zaman	231	6185
zamana	206	57584
zamanai	214	71538
zamanaqyr	217	77503
zamanaui	231	96379
zamanbek	182	22508
zamanda	156	6187
zamandas	207	59117
zamandastar	212	67518
zamandağy	195	38752
zamandy	197	42038
zamannan	186	27642
zamannyñ	171	13192
zamany	191	33924
zamanymyz	222	85746
zamanynda	195	38372
zamanynyñ	206	56329
zamanğa	185	25550
zamanğy	180	20142
zamazka	221	84362
zamen	182	21971
zamena	231	96001
zamenu	205	55682
zametil	187	20115
zametila	180	20116
zametka	208	60972
zamira	231	67397
zamiranyñ	212	67400
zamirağa	218	79370
zamok	231	96801
zamuj	164	9699
zamujem	176	16636
zamzagül	206	56827
zan	231	16544
zanet	205	54433
zangar	183	23488
zaniat	231	16547
zaniata	231	96197
zaniatie	182	22077
zaniatiia	175	16550
zaniato	200	46522
zaniaty	183	23328
zanovo	182	22072
zapad	200	46082
zapah	177	18157
zapal	230	94023
zapas	185	25228
zapasqa	223	86293
zapasta	210	64842
zapisi	185	26199
zapiske	201	48895
zapispen	186	26587
zapisterdı	220	81891
zapistı	202	49461
zapişite	161	8456
zaplatila	209	62356
zapravka	180	20539
zapravkada	211	66066
zapravkağa	215	73006
zapret	166	10852
zapros	231	95176
zapşasti	180	20802
zaqym	199	38177
zaqymdanu	205	44692
zaqymdanuy	199	44693
zaqymdanğan	194	38183
zaqymdau	226	89881
zar	231	2379
zardabyn	208	60096
zardap	177	18212
zareşnyi	192	35413
zariad	231	11290
zariadka	231	11292
zariadkada	173	15095
zariadkam	231	44960
zariadkamdy	199	44962
zariadkan	195	39049
zariadkany	196	39937
zariadkanyñ	216	74942
zariadkasy	168	11750
zariadkasyn	203	51308
zariadkañ	196	41142
zariadkañdy	223	85950
zariadkağa	167	11294
zariadku	187	28362
zariadqa	191	33345
zariadta	189	26545
zariadtap	186	26546
zariadtau	223	86182
zariadty	199	45554
zariady	169	12512
zariadyn	202	50280
zariadşik	191	32772
zariadşiktı	229	93221
zariatka	178	18323
zariatkağa	208	60764
zarina	231	95140
zarlap	182	22402
zarly	218	78405
zarplat	175	2383
zarplata	140	2384
zarplatada	219	47821
zarplatadan	201	47822
zarplatam	203	52461
zarplatamdy	218	78380
zarplatany	212	68324
zarplatasy	198	42669
zarplatağa	197	41474
zarplatu	186	27495
zarplaty	190	31710
zarzaman	223	86613
zasepila	211	66630
zastava	218	78494
zastrial	211	59427
zastriala	207	59428
zat	231	2240
zatem	169	12041
zato	231	95048
zatpen	192	34306
zatqa	158	7141
zattai	205	55833
zattan	185	25623
zattar	231	2243
zattardan	182	22422
zattardy	231	2245
zattardyñ	139	2246
zattarmen	179	19722
zattary	162	8735
zattarym	182	14957
zattarymdy	173	14959
zattarymyzdy	216	75106
zattaryn	231	47491
zattaryna	204	53522
zattaryndy	200	47493
zattarynyñ	201	47617
zattaryñ	195	21388
zattaryñdy	181	21390
zattaryñyz	208	51324
zattaryñyzdy	203	51326
zattarğa	170	12991
zatty	231	3105
zattybek	205	54806
zattyq	197	41953
zattyñ	144	3106
zaty	161	8364
zatym	184	24080
zatymdy	186	27251
zatymen	223	86792
zatymyzdy	223	86255
zatyn	231	39904
zatyna	196	39905
zatynda	223	86310
zatyñdy	192	34453
zatyñyz	209	62403
zatyñyzdy	210	64504
zauqym	194	37931
zaure	231	96491
zaureş	231	97596
zauyttan	228	91707
zauyty	190	32050
zavarka	189	30352
zaveduiuşii	191	33306
zavhoz	201	48308
zavisimosti	188	29296
zavod	174	15383
zavodqa	216	75734
zavodta	200	46349
zavodtan	208	61556
zavody	216	75957
zavtra	231	94808
zavtrak	231	96070
zavuş	161	8325
zavuştar	190	32566
zañ	231	5385
zañda	196	18714
zañdar	183	18715
zañdary	178	18716
zañdaryn	199	45449
zañdaryna	208	61388
zañdastyru	229	93534
zañdy	153	5387
zañdylyq	187	28773
zañdylyqtary	196	40386
zañdylyğy	201	47873
zañger	192	34408
zañmen	191	33169
zañnama	218	54933
zañnamalyq	205	54936
zañnamasyna	215	73284
zañnamasynda	219	80725
zañnyñ	191	33753
zañsyz	189	31001
zañy	231	20705
zañymen	205	54553
zañyna	180	20707
zañynyñ	190	31628
zañğa	186	27633
zañğar	231	60439
zañğardy	215	60441
zañğardyñ	208	60442
zağip	228	91826
zaşagansk	208	59943
zaşel	176	17312
zaşem	231	94900
zaşetka	220	81438
zaşita	231	92569
zaşitağa	228	92571
zaşity	196	39912
zaşla	172	14186
zaşöt	213	70161
zdanie	189	30998
zdelaite	203	51921
zdorov	198	25788
zdorovo	189	30364
zdorovyi	185	25790
zdravstvui	156	6350
zdravstvuite	231	94724
zebra	193	36146
zefir	214	72596
zeinep	153	5184
zeinepke	217	77654
zeineptıñ	217	77960
zeinet	200	43358
zeinetaqy	198	43361
zeinetke	198	43789
zeinetker	209	62651
zeinetın	204	53714
zeiındı	204	52699
zeiınıñdı	216	75462
zelandiia	218	78400
zelenka	202	49415
zelenskii	228	92449
zelenyi	231	95713
zelönyi	231	97000
zema	201	48394
zemfira	220	82562
zemle	181	21772
zemli	184	13812
zemlia	171	13813
zemliu	186	27409
zerde	231	31268
zerdeleu	192	35373
zerdelı	189	31270
zere	231	42595
zerege	201	47658
zeren	226	42596
zerendı	219	79862
zerenı	204	42597
zerenıñ	197	42598
zerger	198	14838
zergerlık	173	14841
zerkalo	179	19236
zerthana	193	5813
zerthanada	222	84881
zerthanalyq	155	5816
zerttedı	201	47973
zerttegen	185	26246
zertteitın	176	17332
zerttelu	220	81992
zerttep	164	9656
zertteu	141	2569
zertteude	203	51816
zertteudıñ	191	33437
zertteuge	188	29538
zertteuler	179	19433
zertteulerdıñ	209	63148
zertteuşı	185	25528
zertteuşıge	202	50603
zertteuşılık	203	52481
zerıgıp	171	13270
zevs	219	80688
zeñbırek	227	91085
zeñgı	213	70116
zeñgır	230	94643
ziialy	199	44452
ziialylary	204	53373
ziian	231	9823
ziiandy	164	9825
ziiansyz	214	71832
ziianym	189	30723
ziiarat	216	75694
ziiat	211	30410
ziiatker	224	30413
ziiatkerlık	189	30416
zima	231	96012
zimnii	231	96255
zimoi	173	14773
zina	231	96718
zirat	212	68165
ziu	223	86640
zloi	231	97434
zlom	211	66401
znab	208	60331
znaem	231	97312
znaet	231	95565
znaete	231	96017
znaiu	231	13220
znaiut	171	13221
znak	231	26759
znakomaia	199	44360
znakomstv	216	76151
znakomy	231	26762
znakomye	186	26763
znakomyh	194	37969
znakomyi	192	35269
znal	231	96276
znala	231	96277
znaniia	231	96827
znaşenie	231	96464
znaşit	231	95011
znaşok	231	96942
zobalañ	227	91496
zodiak	203	25393
zodiaka	185	25394
zoia	231	96795
zolotaia	179	19560
zolotistyi	198	42725
zoloto	231	96252
zolotoi	231	96397
zolotye	188	29148
zoluşka	187	28850
zombi	231	96120
zona	231	68826
zonalyq	220	82848
zonasy	212	68828
zond	210	63646
zontik	202	49861
zoologiia	208	60177
zoologiialyq	229	93517
zoomorftyq	230	93970
zoopark	204	53076
zor	231	37614
zorat	230	94622
zorlaim	221	83770
zorlyq	231	97402
zoryğyp	223	86347
zorğa	231	95410
zorğo	194	37616
zovut	231	95368
zp	231	95321
zria	231	96485
zu	231	5897
zuala	218	78165
zub	231	23100
zubaira	205	55530
zubnaia	183	23104
zubnoiğa	219	80737
zuby	231	97366
zuhra	155	5900
zulfiia	185	25084
zum	231	38646
zumba	195	38648
zumrat	225	89381
zuyldap	204	53850
zvali	198	43736
zvanda	231	4031
zvandaa	227	90683
zvandady	231	63822
zvandadynba	210	63825
zvandadyñ	231	73859
zvandadyñyzba	215	73863
zvandai	231	4032
zvandaim	231	4033
zvandaimyn	149	4035
zvandaisyñba	220	81471
zvandaiynşy	219	80082
zvandalyp	198	42911
zvandama	231	55270
zvandamadym	207	59582
zvandamaidy	205	55273
zvandamaisyz	217	77330
zvandamaisyñba	228	92547
zvandamaityn	210	64769
zvandamasa	209	62374
zvandamasam	214	71753
zvandamasañ	213	70264
zvandamasyn	216	75079
zvandamañyz	212	67494
zvandamağan	219	80934
zvandap	231	73548
zvandapsyñğoi	215	73554
zvandarsyñ	217	77176
zvandasam	231	81669
zvandasamda	220	81671
zvandasaq	202	49468
zvandasañyz	210	63663
zvandau	180	20372
zvandauğa	182	22531
zvandañdar	201	47598
zvandañyz	182	22502
zvandañyzşy	193	36723
zvandağan	231	79360
zvandağansyñ	222	85138
zvandağanym	219	81249
zvandağanyñ	223	79362
zvandağanyñdy	218	79364
zvandağanğa	221	82921
zvandağym	222	84386
zvandaş	231	95586
zvaniia	202	50757
zvanokqa	211	66038
zveno	226	90010
zveropolis	217	76485
zvezda	231	96269
zvonda	231	6600
zvondady	165	10002
zvondadym	178	18422
zvondadyn	206	57082
zvondadyñ	180	20256
zvondadyñba	218	78430
zvondadyñyz	205	55142
zvondai	231	13346
zvondaidy	185	26083
zvondaimyn	171	13349
zvondaimyz	216	76006
zvondaisyz	212	67918
zvondaisyñ	204	52965
zvondaityn	201	48506
zvondaiyn	178	18917
zvondamady	203	52325
zvondamadyñ	217	76553
zvondamai	193	35478
zvondamaimyn	225	89419
zvondap	231	32113
zvondapsyz	199	45062
zvondapsyñ	190	32116
zvondapty	193	36065
zvondasa	185	6602
zvondasai	200	46382
zvondasam	157	6603
zvondasaq	221	82917
zvondasañ	208	61535
zvondasyn	195	38516
zvondau	199	45801
zvondauğa	204	53680
zvondañyz	203	52476
zvondañyzşy	215	73887
zvondağam	200	46072
zvondağan	169	12215
zvondağanda	185	25281
zvondaş	180	20421
zvondaşy	190	31428
zvoni	176	9505
zvonil	166	9506
zvonila	164	9507
zvonili	176	17317
zvonit	179	18319
zvonite	178	18320
zvoniu	183	23061
zvonka	194	37597
zvonki	193	36285
zvonkii	227	91359
zvonok	149	4150
zvonokpen	181	21162
zvonokty	210	63785
zvuk	231	18798
zvuka	178	18799
zymyran	216	74982
zymyrap	178	18712
zymyrağan	215	72683
zyn	231	96327
zypyldap	218	78428
zyryldap	213	70835
zyñ	231	22115
zyñğo	182	22117
zyğyr	199	45375
zäbır	226	90494
zäitün	213	70547
zäkır	220	82356
zäm	207	59304
zämzägül	223	86464
zämzäm	222	84520
zänım	231	97263
zär	231	46243
zärde	226	90508
zäre	227	89015
zäresı	225	89017
zärlı	216	74719
zäru	200	46244
zäulım	201	48284
zäure	231	36962
zäureş	194	36963
zöma	192	34905
zıl	208	60406
zıldei	224	88164
zıldı	218	79219
zın	225	88581
zırk	227	87961
zırkıldep	224	87966
zūlym	215	73700
zūlymdyq	216	74820
äbden	231	95351
äbdı	214	46464
äbdıkärım	208	60909
äbdırahman	200	46470
äbeke	188	29601
äbekeñ	212	67258
äben	202	49950
äbenov	228	92310
äbu	171	13283
äbunasyr	224	87244
äbıger	229	93413
äbıken	212	69035
äbıl	190	22005
äbıldina	211	67209
äbılhaiyr	197	42535
äbılmansūr	182	22614
äbılqaiyr	182	22010
äbırjıp	166	10621
äbırjıtıp	220	82252
äbışūly	175	15924
ädebiet	231	19475
ädebiettanu	209	62950
ädebietten	231	95751
ädebiettı	179	19477
ädebiettık	231	95699
ädebietı	231	95405
ädebietınen	231	96387
ädebietınıñ	231	97649
ädeiı	231	75529
ädeiılep	216	75532
ädemä	220	82619
ädemı	231	6826
ädemılep	157	6829
ädemıleu	221	84272
ädemılıgı	215	73306
ädemılık	198	42859
ädemım	199	24991
ädemımın	184	24993
ädemınıñ	209	61689
ädemırek	203	52069
ädemısı	193	16729
ädemısız	176	16730
ädemısıñ	231	81585
ädemısıñder	220	81588
ädemışe	230	94554
ädepsız	212	68252
ädepsızdık	224	87809
ädeptı	231	42829
ädeptılık	198	42832
ädet	158	6986
ädetke	191	33414
ädette	160	8025
ädettegı	195	22683
ädettegıdei	182	22686
ädettı	212	67825
ädetı	186	26657
ädetıñ	199	45579
ädetıñdı	216	75473
ädıl	231	2054
ädılbek	231	96793
ädıldı	216	30087
ädıldık	189	30088
ädıldıktı	219	80224
ädıldıñ	203	52500
ädılet	138	2056
ädıletke	198	44030
ädıletpen	216	75153
ädıletsız	198	43611
ädıletsızdık	205	54865
ädılettı	190	31549
ädılettık	228	91783
ädılettılık	205	54711
ädılettıñ	196	41193
ädılge	207	58760
ädılhan	170	13013
ädıljan	231	97458
ädılqazy	223	86326
ädıs	161	4601
ädısker	197	42144
ädısnamalyq	213	70056
ädıspen	191	33633
ädısteme	203	11095
ädıstemelık	167	11098
ädıstemesı	182	21935
ädıster	177	5778
ädısterdı	195	38355
ädısterı	155	5779
ädısterın	176	17286
ädısterınıñ	196	40523
ädıstı	196	40305
ädısı	151	4602
ädısımen	189	30202
ädısın	182	21979
ädısınıñ	198	44187
äiel	231	3011
äielde	206	6640
äielden	198	44171
äielder	157	6641
äielderde	202	49546
äielderdı	188	20301
äielderdıñ	180	20302
äielderge	182	22267
äieldermen	216	74596
äielderı	191	33291
äielderımen	222	85182
äielderın	221	80657
äielderıne	219	80658
äieldı	180	9489
äieldık	193	35887
äieldıñ	164	9490
äielge	173	15101
äielmen	198	43684
äielmın	214	71407
äielsız	221	83255
äielsıñ	222	84840
äielı	144	3012
äielım	231	33153
äielımdı	211	66215
äielıme	204	33154
äielımen	191	33155
äielımmen	221	83704
äielımnıñ	212	67448
äielımın	223	86273
äielın	179	19278
äielıne	183	23614
äielınen	206	57139
äielınıñ	184	24204
äielıñ	165	10221
äielıñdı	198	44014
äielıñe	194	38053
äielıñmen	208	61114
äielıñnıñ	210	64202
äielıñız	185	25843
äielıñızge	216	75296
äigerım	231	96457
äigılı	174	15432
äiken	224	87352
äiteke	188	29813
äiteuır	231	94883
äitpese	231	56084
äitpesem	205	56085
äitse	207	58497
äje	231	9672
äjede	213	59127
äjeden	207	59128
äjege	175	15999
äjei	214	72278
äjeler	185	25223
äjelerge	218	79597
äjelerı	215	72424
äjelerımız	214	72427
äjem	231	17211
äjemdı	204	53408
äjeme	189	30917
äjemen	203	52584
äjemnen	220	81657
äjemnıñ	176	17214
äjemız	205	55854
äjenıñ	164	9675
äjepteuır	169	12566
äjeptäuır	201	48994
äjesı	231	14009
äjesımen	204	54358
äjesın	202	14010
äjesıne	187	28419
äjesınen	224	87388
äjesınıñ	172	14012
äjet	222	51130
äjetai	215	54165
äjetaiym	204	54167
äjethana	217	51134
äjethanağa	203	51136
äjeñ	169	12197
äjeñdı	214	71322
äjeñe	194	37716
äjeñnıñ	192	34239
äjım	187	28130
äjımdı	224	87472
äke	231	891
äkeden	202	50474
äkee	229	93214
äkege	185	25922
äkegen	211	66855
äkejan	192	34878
äkel	231	6399
äkeldı	158	7032
äkeldık	211	66821
äkeldım	180	20774
äkeldıñ	195	39472
äkele	231	6866
äkeledı	157	6868
äkeleiın	200	46874
äkelemın	201	48730
äkelemız	195	38908
äkeler	196	40845
äkelerı	205	56108
äkelerın	224	87694
äkelerıñ	216	75259
äkelesın	227	91046
äkelesız	199	44284
äkelesızder	222	85110
äkelesıñ	182	22617
äkelesıñder	222	84632
äkeletın	172	14472
äkelgen	156	6402
äkelgende	201	48482
äkelme	213	44840
äkelmedı	210	65037
äkelmei	199	44841
äkelmeidı	209	62881
äkelmese	221	84121
äkelmeseñ	223	86316
äkelse	188	29699
äkelsei	218	78647
äkelsem	213	69571
äkelseñ	207	58548
äkelseñız	219	80202
äkelsın	164	9790
äkelu	177	17505
äkeludı	221	83444
äkeluge	191	33513
äkelı	227	43167
äkelık	212	67759
äkelıp	231	52120
äkelıptı	203	52122
äkelıñder	198	43171
äkelıñız	202	50693
äkelıñızder	215	72691
äkelşı	191	32765
äkem	231	10792
äkemde	204	54009
äkemder	221	83001
äkemdı	186	27644
äkeme	176	16573
äkemen	209	62569
äkemmen	199	45853
äkemnen	201	48030
äkemnıñ	166	10795
äkemızdıñ	200	47527
äkemızge	213	69207
äkenı	209	21364
äkenıñ	181	21365
äkep	127	892
äkeptı	199	45459
äkesı	231	7092
äkesımen	190	32362
äkesın	180	7093
äkesındei	226	90326
äkesıne	172	14238
äkesınen	189	30506
äkesınıñ	158	7095
äkesız	199	44820
äketai	213	53759
äketaiym	204	53761
äketedı	200	46995
äketesıñ	223	86540
äketetın	211	67108
äketken	208	59797
äketse	229	92640
äkettı	198	42783
äketu	217	77737
äketıp	179	19727
äkeñ	231	18845
äkeñdı	195	39083
äkeñe	179	19258
äkeñmen	210	63531
äkeñnıñ	178	18848
äkeñız	200	46433
äkeñızdıñ	202	49249
äkeşı	223	86923
äkeşım	231	95950
äkkı	230	94192
äktas	219	80404
äkım	159	6772
äkımder	210	64844
äkımdı	222	50218
äkımdıgı	212	50220
äkımdıgınıñ	202	50223
äkımdık	218	78871
äkımge	193	35919
äkımmen	222	85429
äkımnıñ	193	35806
äkımınıñ	195	39294
äkımşılıgı	195	38894
äkımşılık	157	6777
äkımşılıkke	198	42745
äkımşılıkte	212	66689
äkımşılıkten	211	66690
äkımşılıktıñ	214	71458
älbette	193	35895
älde	231	23977
äldebır	213	70597
äldekım	229	93551
älden	194	38162
äldeneşe	225	88191
äldenıp	229	92775
äldeqaida	183	23982
äldeqandai	208	60041
äldeqaşan	212	68947
äldi	231	60425
äldilep	208	60428
äldı	210	64603
älem	138	2148
älemde	153	5363
älemdegı	231	95597
älemderdıñ	228	92413
älemdı	165	6127
älemdık	156	6128
älemge	162	8870
älemnen	207	58692
älemnıñ	154	5558
älemı	162	8594
älemım	178	19084
älemın	190	31360
älemınde	200	47067
älemıne	189	31361
älemınıñ	203	51595
älet	228	92077
äleuettı	207	58904
äleumet	200	986
äleumettanu	188	29740
äleumettendıru	219	80447
äleumettenu	212	68666
äleumettık	128	989
älgı	160	7851
äli	231	43301
älidı	203	43303
älidıñ	198	43304
älige	199	45430
älihan	231	96961
äliia	231	77801
äliiany	217	77803
älima	201	49106
älimen	221	83248
älişer	208	61234
äljan	195	38305
älmen	226	90008
älqoja	176	17224
älsın	205	54753
älsırep	173	14662
älsız	159	7261
älsızdeu	222	84496
älsızdık	191	32820
älıbek	231	96225
älım	169	12417
älımhan	200	46452
älıp	215	30118
älıpbi	208	60262
älıppe	189	30120
älıppenı	220	81914
älışer	231	97194
ämbebap	189	30857
ämin	231	94805
ämina	231	96111
ämır	231	2102
ämırbek	200	45892
ämırdıñ	212	68618
ämıre	196	40387
ämırge	215	74567
ämırhan	183	24018
ämırşı	138	2104
ämırşıl	226	90234
än	231	6612
ände	212	8714
änder	231	8715
änderdı	197	41579
änderdıñ	219	80272
änderı	162	8716
änderın	194	37142
änderıñ	214	71629
ändetemın	217	76982
ändetu	200	97826
ändetıp	201	48566
ändı	157	6614
änes	220	81771
ängı	211	66825
ännıñ	178	18890
äntek	228	92184
änäs	184	24723
änı	231	11433
änım	183	22951
änımdı	212	68603
änımen	207	58888
änımız	222	84644
änın	167	11434
änıne	213	69222
änınıñ	201	48964
änıñ	190	31640
änıñdı	214	72177
änşeiın	177	17400
änşeiınde	203	51677
änşı	231	23014
änşıler	183	23017
änşılerdı	222	71675
änşılerdıñ	214	71676
änşılerı	218	78309
änşılık	215	72914
änşım	214	71185
änşınıñ	214	71710
änşısı	203	52447
änūran	192	34882
äpekem	213	70073
äper	189	17198
äperdı	195	38722
äperdım	211	65579
äpere	197	17199
äperedı	207	58869
äperem	176	17200
äperemın	215	74266
äperemız	214	71118
äperesıñ	203	51622
äperetın	205	54687
äpergen	193	36526
äperseñ	218	78497
äperu	203	52561
äperıp	191	32912
äpke	231	10741
äpkege	193	36872
äpkei	166	10742
äpkeler	198	42659
äpkelerım	198	43012
äpkelerıñ	215	73275
äpkem	231	17231
äpkemdı	205	55606
äpkeme	189	30950
äpkemen	210	65105
äpkemmen	202	50057
äpkemnıñ	176	17234
äpkemız	213	70888
äpken	201	29498
äpkenı	212	29499
äpkenıñ	188	29500
äpkesı	173	15068
äpkesımen	221	83540
äpkesıne	217	77870
äpkesınıñ	201	48008
äpketai	195	15877
äpketaiym	175	15879
äpkeñ	176	16915
äpkeñe	209	61983
äpkeñnıñ	208	60799
äpkeñız	217	76991
äppaq	183	23585
äppağym	218	79119
äppäq	210	64001
äpädemı	220	82464
äpşe	231	5147
äpşeden	207	59067
äpşege	185	26142
äpşeler	192	34111
äpşem	153	5148
äpşemdı	212	67718
äpşeme	195	38245
äpşemen	208	60409
äpşemmen	214	71484
äpşemnıñ	185	25433
äpşemız	215	73379
äpşen	208	15851
äpşenı	207	15852
äpşenıñ	174	15853
äpşesı	186	26539
äpşesınıñ	205	55430
äpşeu	203	51767
äpşeñ	173	14550
äpşeñe	202	49669
äpşeñnıñ	200	46705
är	231	767
ärbır	231	95232
ärdaiym	131	1249
äreket	137	1871
äreketke	187	28800
äreketsız	230	94658
äreketter	179	19680
äreketterdı	193	35504
äreketterdıñ	206	57472
äreketterı	188	29011
äreketterın	191	33668
äreketterıne	207	58357
äreketterınıñ	202	50006
ärekettesedı	209	61603
ärekettesetın	214	72368
äreketteskende	192	34531
ärekettestık	226	89541
ärekettesu	198	42712
ärekettesuı	202	50870
ärekettesuşı	208	61146
ärekettı	191	33318
ärekettıñ	193	36627
äreketı	168	11934
äreketın	179	19563
äreketıne	195	38936
äreketınen	201	48780
äreketınıñ	184	24806
äreketıñdı	226	89654
ärez	202	49486
äreñ	231	95069
ärine	231	94832
ärkelkı	221	84348
ärkım	143	2907
ärkımde	198	42854
ärkımdı	197	41551
ärkımdıkı	203	51818
ärkımge	163	9222
ärkımmen	183	23562
ärkımnen	194	38067
ärkımnıñ	157	6590
ärleu	209	61832
ärlı	222	84882
ärmen	199	44411
ärpı	167	11011
ärpın	182	22394
ärpınıñ	208	60397
ärqaisy	222	18300
ärqaisymyz	211	65554
ärqaisysy	178	18302
ärqaisysymyz	219	81174
ärqaisysyn	203	40237
ärqaisysyna	199	45218
ärqaisysynan	216	75872
ärqaisysynyñ	196	40239
ärqalai	196	40118
ärqaşan	125	772
ärqaşanda	169	12591
ärqily	206	57794
ärtektı	220	82789
ärtürlı	131	1274
ärtıs	196	39928
ärtıster	221	83666
äruaq	216	74934
äruağy	215	73344
ärı	231	2089
ärıp	148	2090
ärıppen	165	10340
ärıpten	181	21422
ärıpter	173	14436
ärıpterdı	172	14438
ärıptermen	201	48905
ärıpterı	194	37377
ärıpterım	213	70508
ärıpterın	197	41604
ärıpterıñ	212	68758
ärıptes	189	2093
ärıptester	138	2096
ärıptesterge	214	72175
ärıptestermen	230	94388
ärıptesterım	213	69233
ärıptesterıme	223	87007
ärıptestık	219	80883
ärıptesım	203	51051
ärıptı	177	17659
ärıptık	215	74029
ärıptıñ	205	54606
ärıpı	174	8186
ärıpın	161	8187
äsel	231	30604
äseldı	205	30606
äseldıñ	189	30607
äselge	192	35161
äsem	231	26664
äsemai	231	97034
äsemde	215	73512
äsemdeu	229	93006
äsemdı	210	63695
äsemdık	214	72305
äsemge	196	40515
äsemgül	186	26667
äsemmen	219	80743
äsemnıñ	201	48167
äsempaz	211	66406
äser	231	3841
äserde	219	80966
äserler	199	45593
äserlesu	213	70948
äserleu	224	88087
äserlı	170	12767
äserı	148	3842
äserın	168	9649
äserıne	198	9650
äserınen	164	9651
äset	231	96170
äsiia	231	97324
äsker	173	3528
äskerde	204	33912
äskerden	191	33913
äskerge	180	20184
äskeri	146	3529
äskerlerı	193	36758
äskerı	190	31948
äste	203	52262
äsıre	214	1640
äsırese	135	1642
ätkenşek	219	81379
ättegen	209	62574
ättegenai	227	90534
ätten	200	97827
ätteñ	159	7517
ätır	204	53424
äuejai	213	70588
äuelbek	217	54099
äuelbekova	204	54102
äuelgı	215	74327
äuelı	231	96348
äuen	231	64607
äuendı	210	64609
äuenı	211	65504
äues	201	48744
äuesqoi	212	68406
äuestık	219	80938
äuez	205	53533
äuezdı	217	77280
äuezov	231	53535
äuezovtıñ	204	53538
äulet	194	23443
äuletke	214	71666
äulette	222	85538
äulettı	221	40686
äulettıñ	196	40687
äuletı	189	23444
äuletımızdıñ	211	65769
äuletınıñ	183	23447
äulie	183	23244
äulieata	226	89477
äulieağaş	221	84074
äumin	231	94741
äure	231	44109
äurege	198	44111
äuret	221	83436
äureşılık	227	91310
äzer	159	7590
äziz	212	68192
äzıl	231	13938
äzıldep	172	13941
äzılder	200	47521
äzılderı	218	79350
äzıldesıp	199	45772
äzıldı	194	38003
äzıldıñ	215	73507
äzılge	197	42229
äzılkeş	217	77217
äzılmen	213	70666
äzılsız	227	91382
äzılı	217	47288
äzılım	223	86122
äzılıñ	200	47289
äzırde	227	90947
äzıret	203	52298
äzırge	231	95545
äzırleidı	219	80529
äzırlenıp	221	83604
äzırlep	189	30093
äzırleu	190	31898
äzırleuşı	210	63921
äzırlık	224	87905
äzırşe	159	7329
äñgelek	230	94044
äñgıme	231	4192
äñgımede	205	24515
äñgımeden	184	24516
äñgımege	176	16724
äñgımeler	171	13387
äñgımelerdı	202	49439
äñgımelerı	196	40217
äñgımelerın	204	53811
äñgımelerıne	227	91412
äñgımelerıñ	197	41616
äñgımelerıñdı	208	60271
äñgımelesu	200	46052
äñgımelesıp	176	17066
äñgımeleu	182	22418
äñgımemdı	214	71877
äñgımemız	188	28981
äñgımen	204	4193
äñgımenı	149	4194
äñgımenıñ	179	19436
äñgımesı	231	16552
äñgımesın	175	16553
äñgımesıne	211	66240
äñgımesınıñ	217	77004
äñgımeñ	179	19898
äñgımeñdı	193	36378
äñgımeñız	215	74257
äñgımeşıl	225	88860
äñğıme	229	92674
äşeiın	231	34447
äşeiınde	192	34449
äşekei	188	29307
äşekeileu	222	84545
äşekeilı	226	90402
äşhädu	222	85351
äşım	202	50357
äşır	211	65778
öatty	207	59233
ögız	178	19053
ögızşe	228	91978
öh	197	42471
öitken	211	65640
öitkende	211	65642
öittı	223	70620
öittıñ	213	70621
öitıp	155	5972
öjıñ	217	77047
ökpe	156	6250
ökpege	199	44430
ökpeledım	223	86208
ökpelegen	223	86058
ökpelei	225	88419
ökpeleme	202	50081
ökpelep	171	13425
ökpelı	217	76665
ökpelık	221	83537
ökpem	178	18462
ökpenı	190	32214
ökpenıñ	192	34771
ökpesı	193	36777
ökpeñ	199	44630
ökpeñdı	221	83218
ökpeşıl	230	94145
öksık	221	83117
öksıp	220	82605
öktem	215	73071
ökıl	199	13590
ökılderı	171	13594
ökılderımen	220	81871
ökılderınıñ	190	32572
ökıldık	216	75419
ökılettı	213	69507
ökılettıgı	223	81904
ökılettıgın	220	81905
ökılettık	213	70531
ökılı	180	20390
ökım	216	74848
ökınbe	198	22586
ökınbeimın	189	30615
ökınbeisız	195	38327
ökınbeisızder	200	97830
ökınbeisıñ	182	22590
ökındım	212	68399
ökınedı	212	68949
ökınem	180	20721
ökınemın	203	52315
ökınesıñ	196	39876
ökınetın	201	47705
ökıngen	207	58979
ökınu	216	75065
ökınıp	231	96008
ökınışke	157	6682
ökınışten	229	93260
ökınıştı	166	10442
ökınıştısı	203	52149
ökırtıp	218	79650
ökırıp	204	53999
öl	160	595
öldı	231	8737
öldık	200	47399
öldım	162	8738
öldıñ	195	38383
öle	231	1778
öleiın	180	20589
öler	195	38887
öleñ	231	1779
öleñde	175	7473
öleñder	159	7474
öleñderdı	191	32807
öleñderı	165	9975
öleñderın	181	21292
öleñderınıñ	200	46931
öleñderıñ	212	68189
öleñdetıp	229	92718
öleñdı	136	1781
öleñge	180	20670
öleñmen	193	35769
öleñnen	187	27728
öleñnıñ	163	9092
öleñı	153	5159
öleñım	201	48839
öleñımdı	211	65861
öleñın	159	7338
öleñınde	192	31644
öleñındegı	190	31646
öleñınıñ	176	16800
öleñıñ	210	64520
öleñıñdı	215	73246
ölgen	231	14811
ölgende	187	28037
ölgenge	217	76406
ölgennen	202	50113
ölgenı	206	57164
ölgenım	207	59068
ölgenımdı	221	83098
ölgenşe	173	14813
ölgım	181	21569
ölgıñ	207	59460
ölin	185	25472
öliın	219	81320
ölke	176	17077
ölkelık	203	52232
ölkem	203	51095
ölkenıñ	204	53054
ölme	198	44227
ölmegen	222	84647
ölmei	203	47765
ölmeidı	201	47767
ölmeisıñ	203	51474
ölmeitın	215	73003
ölse	183	18745
ölsede	205	55389
ölsem	178	18746
ölsemde	186	27331
ölseñ	195	39423
ölsın	197	41737
öltır	194	20014
öltırdı	183	23362
öltırdım	210	64722
öltırdıñ	188	29679
öltıre	180	20015
öltıredı	231	96721
öltırem	231	66042
öltıremın	211	66044
öltıresıñ	186	26721
öltırgen	184	24765
öltırgım	217	76934
öltıru	191	33124
öltıruge	202	49332
öltıruşı	214	72515
öltırı	221	73673
öltırıp	231	73674
öltırıpsıñ	215	73677
öltırıptı	216	75271
öltırıñder	229	93454
ölu	192	29318
öluge	188	29320
ölı	231	596
ölık	192	34754
ölıkke	226	90312
ölım	231	27027
ölımdı	208	59945
ölımge	189	31132
ölımmen	218	78092
ölımnen	194	37222
ölımnıñ	201	48249
ölımtık	225	88827
ölımı	186	27028
ölımın	217	77979
ölıp	121	597
ölıptı	217	76875
ölşegen	216	74950
ölşegış	217	76596
ölşeidı	194	37712
ölşeitın	194	37477
ölşem	163	9095
ölşemdı	198	43222
ölşemdık	201	48666
ölşemı	173	14685
ölşenbeidı	221	84130
ölşep	164	9450
ölşeu	168	11587
ölşeulı	214	72073
ölşeusız	214	71073
ölşeuış	207	58290
ömır	231	4138
ömırbaian	189	30911
ömırbaiany	191	33944
ömırbaianyn	200	46234
ömırbek	177	18264
ömırde	231	4140
ömırdede	201	49196
ömırdegı	231	95327
ömırden	149	4141
ömırdı	162	8633
ömırdıñ	231	95585
ömırge	231	95501
ömırhan	206	57636
ömırjan	199	45314
ömırlerı	201	38008
ömırlerın	210	63793
ömırlerıñ	194	38009
ömırlı	198	7059
ömırlık	158	7060
ömırmen	196	40150
ömırqūl	219	81161
ömırserık	210	63993
ömırtai	210	65275
ömırzaia	173	15120
ömırzaq	172	14300
ömırälı	203	51513
ömırı	231	4248
ömırım	152	5006
ömırımde	160	7776
ömırımdegı	198	42981
ömırımdı	173	14646
ömırıme	179	19469
ömırımnen	183	23792
ömırımnıñ	166	10379
ömırımız	187	28258
ömırımızde	208	60594
ömırımızdı	203	52550
ömırımızdıñ	206	57299
ömırımızge	210	65075
ömırın	160	7713
ömırınde	174	15169
ömırındegı	181	21553
ömırındı	221	84015
ömırıne	167	10999
ömırınen	201	47947
ömırınıñ	171	13655
ömırıñ	149	4249
ömırıñde	180	20349
ömırıñdegı	212	67372
ömırıñdı	175	16256
ömırıñe	187	28249
ömırıñnen	202	50119
ömırıñnıñ	188	29380
ömırıñız	177	17344
ömırıñızde	202	50049
ömırıñızdı	189	31253
ömırıñızge	209	63209
ömırşeñ	224	87650
öndıredı	209	62350
öndıretın	201	48459
öndırgış	216	75839
öndıru	176	17063
öndıruden	225	89238
öndıruşı	202	50069
öndırıledı	205	54409
öndırıletın	209	62768
öndırıs	231	33326
öndırıske	205	54963
öndırıste	200	46982
öndırıstı	205	34196
öndırıstık	231	96851
öndırıstıñ	192	34197
öndırısı	191	33327
öndırısınıñ	200	47128
öne	186	13506
öner	231	13507
önerdegı	210	65266
önerden	216	75190
önerdıñ	231	97203
önerkäsıbı	193	36730
önerkäsıbınıñ	217	76901
önerkäsıpte	218	78235
önerkäsıptı	206	37166
önerkäsıptık	194	37167
önerkäsıptıñ	208	61215
önerlerın	217	77832
önerlerıñ	216	75409
önerlı	231	97461
önerpaz	205	54983
önertapqyş	223	86681
önerı	231	13508
önerıne	197	41607
önerınıñ	171	13511
önerıñ	231	66803
önerıñdı	217	76371
önerıñız	211	66805
öngen	227	90838
önım	160	7849
önımder	179	14510
önımderdı	193	36763
önımderı	173	14511
önımderın	178	18927
önımderınıñ	195	38877
önımdılık	216	74881
önımnıñ	186	26936
önımı	186	26530
önımın	194	37303
önımınıñ	210	63997
önıp	196	41144
öoia	210	65271
ör	189	11049
örem	225	88465
ören	215	73377
öreskel	214	71100
örge	174	15825
örken	231	24637
örkendei	209	62007
örkendetu	229	93469
örkendeu	207	59086
örkendı	225	88697
örkenge	215	73171
örkeniet	193	35961
örkeniettı	204	52641
örkenı	215	24638
örkenıñ	184	24639
örkeş	216	75110
örkeştı	230	93771
örkökırek	225	88341
örlei	189	30409
örleme	223	86782
örlep	222	84417
örleu	172	13966
örleude	220	81868
örleuge	223	86283
örme	220	42429
örmek	224	42430
örmekşı	197	42432
örmelep	215	72784
örmeleu	198	43260
örnek	167	11052
örnekteu	226	90464
örnektı	183	23590
ört	231	14988
örtendı	223	86448
örtenıp	173	14992
örtep	180	20060
örteu	217	77947
örttı	226	89971
örılgen	214	72046
örım	211	66872
örımdei	230	94664
örıp	173	15013
örıs	181	21672
örıske	214	71225
örıstı	216	74856
örısı	189	31108
örısınıñ	197	42520
örşıl	218	79775
ös	180	449
öse	231	8520
ösedı	162	8522
ösek	231	15224
ösekke	203	52346
ösekten	205	55783
ösektep	189	31265
ösektı	192	34476
ösektıñ	223	86907
ösekşı	174	15226
ösekşıler	210	64026
ösem	212	68584
öser	193	36354
öserbai	203	52303
ösetın	182	22822
ösiet	186	27467
ösietnama	224	87415
ösip	194	37797
öskeleñ	200	46296
öskemen	231	27386
öskemende	188	29657
öskemenge	186	27388
öskemennen	206	57195
ösken	149	4109
öskende	231	96310
öskenın	215	74131
öskenşe	202	50684
öskesın	199	44819
öskın	230	94296
öspegen	216	75748
öspei	198	42672
öspeidı	210	65079
öspırım	226	90197
össe	182	22572
össın	151	4593
östı	173	14694
östık	198	43959
östım	198	42984
östıp	231	96100
östıñ	223	86796
ösu	161	8276
ösuı	173	15047
ösuın	192	21029
ösuıne	181	21030
ösım	207	5641
ösımdı	210	5643
ösımdık	154	5644
ösımdıkter	231	13155
ösımdıkterdı	188	13157
ösımdıkterdıñ	170	13158
ösımdıktı	208	22043
ösımdıktıñ	182	22044
ösındı	222	84979
ösıp	115	451
ösıptı	202	50671
ösır	208	7708
ösırdı	200	46821
ösıre	212	35947
ösıredı	200	47498
ösırem	216	75642
ösıretın	193	35950
ösırgen	184	24683
ösırgış	201	48647
ösıru	181	21036
ösıruge	197	41994
ösırıledı	215	72885
ösırıp	160	7710
öt	231	4100
öte	231	19412
ötebai	208	59868
ötedı	231	95294
ötegen	179	19613
ötegenova	220	82742
öteidı	230	93845
öteiın	231	97279
ötemaqy	224	87121
öter	179	19413
ötesıñ	231	50107
ötesıñder	202	50110
öteu	200	45965
öteuge	210	64006
ötkel	215	71952
ötkelı	214	71953
ötken	231	13749
ötkende	231	13751
ötkendede	203	52029
ötkendegı	231	13753
ötkendegıdei	171	13756
ötkendegıden	200	46376
ötkendegını	194	36884
ötkendei	208	60520
ötkender	199	45505
ötkendı	173	15038
ötkenge	185	25607
ötkenmen	217	76413
ötkennen	179	19205
ötkennıñ	206	56777
ötkenı	176	16990
ötkenım	211	66835
ötkenımdı	218	79542
ötkenımen	228	92101
ötkenın	188	29256
ötkenıne	207	59642
ötkenıñ	213	69758
ötkenşe	209	62639
ötkeru	230	94653
ötkerıp	214	71005
ötkım	210	64074
ötkınşı	173	14921
ötkızbedı	219	81220
ötkızbegender	225	88580
ötkızbei	185	25572
ötkızbeidı	205	55536
ötkızdı	179	19758
ötkızdık	188	29451
ötkızdım	180	20122
ötkızdıñ	195	39424
ötkızdıñder	216	75180
ötkıze	163	9126
ötkızedı	170	12989
ötkızeiık	197	41221
ötkızeiın	196	40298
ötkızem	182	13604
ötkızemın	184	24065
ötkızemız	171	13606
ötkızesız	206	56638
ötkızesızder	214	72187
ötkızesıñ	201	48643
ötkızetın	174	15255
ötkızgem	213	70059
ötkızgen	166	10670
ötkızgende	212	68120
ötkızgım	204	54187
ötkızgış	181	20849
ötkızgıştı	227	39268
ötkızgıştık	195	39269
ötkızse	206	45027
ötkızsek	199	45028
ötkızsem	200	46307
ötkızsın	210	64426
ötkızu	149	4104
ötkızudı	209	59804
ötkızudıñ	208	59805
ötkızuge	174	15786
ötkızuım	199	45787
ötkızuşı	229	93359
ötkızıldı	182	22437
ötkızıledı	187	27785
ötkızıletın	196	41175
ötkızılgen	187	28035
ötkızılu	228	92089
ötkızıp	231	95210
ötkızıñder	192	35408
ötkızıñız	204	43181
ötkızıñızder	198	43184
ötpedı	182	22447
ötpegen	183	23491
ötpei	231	16746
ötpeidı	176	16748
ötpeisıñ	220	81752
ötpeitın	186	27282
ötpelı	180	20659
ötpese	190	32164
ötpesın	224	87231
ötrıkşı	209	63337
ötse	231	34964
ötsede	201	48673
ötseñız	192	34967
ötsın	231	95149
öttıñ	175	16222
öttıñder	195	39527
öttıñız	198	43970
ötu	231	14866
ötude	178	18725
ötudı	210	64340
ötuge	173	14868
ötuı	181	21530
ötuım	210	64358
ötuın	207	34677
ötuıne	192	34678
ötuıñe	226	89952
ötı	179	5486
ötıldı	196	41033
ötıledı	197	42109
ötıletın	192	34263
ötılu	224	88056
ötımdı	201	48270
ötındı	218	79589
ötıne	212	69009
ötınem	231	95178
ötınemın	231	95837
ötıngen	218	78419
ötını	212	21479
ötınım	205	54789
ötınış	231	21480
ötınıştı	181	21482
ötınıştıñ	220	81990
ötınışım	231	36226
ötınışımdı	193	36228
ötınışın	208	60156
ötınışıñdı	222	85160
ötınş	207	57938
ötıp	231	94821
ötırk	177	17676
ötırıe	229	92923
ötırıgı	210	55123
ötırıgıne	220	82341
ötırıgıñ	213	55124
ötırıgıñdı	215	74375
ötırıgıñe	205	55125
ötırık	231	5489
ötırıkke	204	53716
ötırıkpen	222	85609
ötırıktı	231	97345
ötırıkşı	154	5491
ötırıkşıler	222	85459
ötıñız	194	38211
ötıñızder	200	47519
ötşı	201	49014
özara	140	2348
özbek	153	5328
özbekke	210	64548
özderı	231	645
özderıde	199	44685
özderımen	186	26563
özderımız	218	79621
özderın	231	29511
özderınde	191	33846
özderıne	231	96142
özderınıkı	220	82046
özderınıkın	221	83170
özderınıñ	231	96025
özderınşe	188	29513
özderıñ	231	646
özderıñde	231	96263
özderıñdı	231	85453
özderıñdıkı	222	85455
özderıñe	231	66383
özderıñede	211	66385
özderıñmen	201	49047
özderıñnen	202	49990
özderıñnıñ	231	97286
özderıñız	123	648
özderıñızben	221	84340
özderıñızde	179	19415
özderıñızdı	201	37264
özderıñızdıñ	194	37265
özderıñızge	183	23850
özderıñşe	205	55369
özdı	221	13483
özdıgımen	215	74083
özdıgınen	171	13488
özdıgınşe	230	93923
özdık	193	36430
özek	187	16206
özektı	175	16208
özektılıgı	205	55514
özen	154	5485
özende	180	20624
özendegı	219	80978
özendei	198	43963
özender	194	38155
özenderı	203	52092
özenge	176	16822
özennen	202	50366
özennıñ	188	29605
özenı	179	19797
özenınıñ	183	23750
özge	146	2181
özgede	224	51896
özgeden	203	51897
özgege	182	22046
özgeler	196	36131
özgelerden	199	45246
özgelerdı	210	46086
özgelerdıñ	200	46087
özgelerge	193	36133
özgelermen	212	68338
özgemen	208	61032
özgenı	189	29075
özgenıñ	188	29076
özger	194	2182
özgerdı	163	9213
özgerdım	197	41414
özgerdıñ	210	64390
özgere	179	5901
özgered	199	5902
özgeredı	155	5903
özgeremın	217	76713
özgerer	208	60708
özgeretın	195	39447
özgergem	207	59312
özgergen	162	8589
özgergenmın	226	90211
özgergensıñ	219	79852
özgergenın	214	71866
özgergıştık	215	73399
özgermegen	188	29652
özgermei	207	13049
özgermeidı	170	13051
özgermeitın	205	55685
özgermelı	208	60339
özgermepsıñ	214	72528
özgermeptı	214	71263
özgermese	219	81222
özgerse	202	50691
özgerte	160	8041
özgertedı	187	27921
özgertemın	212	68016
özgertemız	204	53507
özgerter	217	77449
özgertetın	187	28313
özgertken	184	24827
özgertkım	212	67855
özgertpei	208	59991
özgertsem	210	65435
özgerttı	183	23759
özgerttım	189	31170
özgerttıñ	206	56466
özgertu	157	6676
özgertudı	220	81464
özgertudıñ	226	90519
özgertuge	171	13608
özgertuı	218	78550
özgertılgen	212	68295
özgertıp	147	3656
özgertşı	211	66632
özgeru	184	12587
özgeruge	204	54205
özgeruı	169	12588
özgeruıne	185	25538
özgeruınen	228	92323
özgerıp	139	2184
özgerıpsıñ	215	74459
özgerıptı	202	50469
özgerıs	146	3493
özgerıske	184	25003
özgerıssız	188	29323
özgerıster	158	6985
özgerısterdı	190	32118
özgerısterdıñ	204	53694
özgerısterge	192	35235
özgerısterı	200	47022
özgerıstı	204	53610
özgeşe	162	8755
özgeşeleu	215	74431
özgeşelık	216	75391
özgeşemın	217	76770
özı	231	267
özımde	231	53279
özımdede	204	53281
özımdegı	215	74318
özımdı	231	9598
özımdıkı	166	9600
özımdıkımen	210	63721
özımdıkın	164	9601
özımdıkıne	208	61028
özıme	231	3423
özımede	183	23302
özımen	146	3424
özımmen	159	7360
özımnen	155	5913
özımnıñ	126	835
özımnıñde	199	44345
özımsınıp	224	88138
özımğo	179	19496
özımğoi	208	61217
özımız	231	3195
özımızben	195	39555
özımızde	173	14684
özımızden	190	31820
özımızdı	173	3197
özımızdıkı	202	50163
özımızdıkın	212	67449
özımızdıñ	145	3198
özımızge	157	6823
özımızğo	196	41067
özımızğoi	221	83394
özımızşe	207	57848
özımşe	172	14193
özımşıl	197	41529
özımşıldık	213	70637
özın	108	268
özınde	139	2198
özındede	219	79921
özındei	209	63103
özındık	152	5051
özıne	231	1613
özınede	194	37406
özınen	135	1614
özıngo	215	73717
özınnen	204	53091
özınnıñ	186	27006
özınıñ	231	94930
özınşe	231	86534
özınşesıñ	223	86537
özıñ	231	568
özıñde	231	29164
özıñdei	188	29165
özıñdı	120	570
özıñdıkı	171	13223
özıñdıkımen	216	74641
özıñdıkın	171	13273
özıñdıkıne	215	74084
özıñe	231	83100
özıñede	231	96579
özıñen	221	83101
özıñsız	213	69538
özıñsıñ	191	32949
özıñız	231	62487
özıñızde	231	95934
özıñızdı	231	62489
özıñızdıkın	209	62492
özıñızdıñ	231	95938
özıñızge	231	95473
öñ	189	5256
öñdelgen	200	46229
öñdeu	153	5259
öñdeuşı	228	92198
öñdı	226	89599
öñı	201	35515
öñımde	216	76193
öñır	202	35516
öñırlık	193	35519
öñırı	193	36654
öñırıne	220	82660
öñşeñ	180	20040
öş	231	20075
öşed	201	48278
öşeiın	213	69181
öşpei	204	52288
öşpeidı	203	52290
öşpeitın	215	74022
öşpendılık	230	93981
öşpes	199	44846
öşpese	218	78846
öşse	200	46855
öştı	231	83407
öştım	221	83408
öşu	221	83381
öşulı	227	90538
öşımdı	210	64476
öşıp	231	94920
öşır	231	20077
öşırdı	198	41273
öşırdım	231	96511
öşırdıñ	231	41274
öşırdıñız	197	41276
öşıre	231	34951
öşıredı	203	52362
öşıreiın	197	41868
öşıremın	193	36870
öşıresıñ	192	34954
öşıretın	197	41279
öşırgem	204	54146
öşırgen	231	97543
öşırgım	213	70200
öşırgış	191	33406
öşırmedım	212	68417
öşırmei	191	34040
öşırsei	213	69389
öşırsem	205	54781
öşırseñ	205	54735
öşırudı	208	61369
öşıruge	196	40790
öşırulı	231	96868
öşırılıp	180	20081
öşırıp	231	94813
öşırıñız	198	43703
öşırşı	192	34328
üdemelı	205	54827
üderıs	191	33786
üdeu	191	33787
üf	217	76787
ügıt	208	60791
ügıttep	224	87140
üi	231	615
üibai	203	51525
üibäi	213	69354
üide	231	908
üidede	195	38321
üidegı	149	910
üidegıler	127	913
üidegılerde	202	30116
üidegılerden	189	30117
üidegılerdı	195	28873
üidegılerdıñ	187	28874
üidegılerge	162	8530
üidegılermen	183	23892
üidegılerıñ	209	62471
üidegını	218	78760
üidei	210	65019
üideme	202	49787
üidemın	231	95287
üidemız	152	4908
üiden	231	94980
üidesız	171	13413
üidesızder	209	62660
üidesıñ	231	32129
üidesıñder	190	32132
üidı	231	95013
üidıñ	231	95014
üieñkı	220	81880
üige	231	56650
üigede	206	56652
üikelıs	176	16762
üilen	175	3444
üilenbegen	188	29430
üilenbei	185	25893
üilenbeimın	215	74012
üilenbeisıñ	221	83958
üilenbeitın	227	91362
üilendı	178	19123
üilendım	210	63738
üilendıru	217	77567
üilendırıp	197	42241
üilendıñ	205	56071
üilene	188	25042
üilenedı	190	31883
üileneiık	200	46615
üileneiın	186	26452
üilenemın	205	54481
üilenemız	186	26404
üilener	216	76165
üilenesız	216	76042
üilenesıñ	184	25045
üilenetın	231	97102
üilengelı	211	66208
üilengen	155	5819
üilengende	182	22074
üilengenge	216	75818
üilengennen	193	36160
üilengensız	222	85260
üilengensıñ	217	77395
üilengenşe	208	61421
üilengım	195	38644
üilengısı	211	67044
üilengıñ	213	70290
üilense	192	34154
üilensek	199	44808
üilensem	199	44617
üilenseñ	203	51774
üilenu	231	18717
üilenudı	223	86000
üilenuge	178	18719
üilenıp	146	3446
üiler	231	16100
üilerdı	196	40907
üilerdıñ	205	54624
üilerge	208	60279
üilerı	179	16101
üilerınde	185	25371
üilerıne	177	18050
üilerınıñ	220	82581
üilerıñ	175	16102
üilerıñde	187	28346
üilerıñdı	208	61385
üilerıñe	177	17347
üilerıñnen	217	77889
üilerıñızde	210	63649
üilerıñızge	208	59951
üilestıru	196	40985
üilestıruşı	229	92955
üilestırılgen	222	85768
üilesım	214	68985
üilesımdık	229	93559
üilesımdılık	212	68990
üilesıp	200	46879
üilı	189	31368
üimen	203	51405
üirek	185	26359
üirektıñ	217	77786
üiren	231	618
üirenbegen	209	63130
üirenbei	216	75466
üirendı	189	11022
üirendık	190	32630
üirendım	167	11023
üirendıñ	190	31926
üirene	162	8791
üirenedı	176	16597
üireneiık	196	40952
üireneiın	205	55599
üirenemın	203	51548
üirenemız	179	19677
üirenesız	181	21248
üirenesıñ	186	27597
üirenetın	189	30474
üirengen	168	11458
üirengenıñ	223	86850
üirengenşe	207	59449
üirengım	189	30512
üirensın	196	40204
üirenu	144	3060
üirenuge	179	19406
üirenuşı	220	82809
üirenıp	122	620
üirenıse	203	52020
üirenısu	229	93007
üirenısıp	192	34190
üirenıñder	205	54731
üirenıñız	202	49919
üirenşı	218	44861
üirenşıktı	199	44864
üirete	181	13856
üiretedı	172	13858
üireteiın	204	53229
üiretemın	182	22913
üiretemız	202	49452
üiretesız	204	53563
üiretesıñ	205	54651
üiretetın	182	21969
üiretken	178	19007
üiretpegen	222	85226
üiretpei	222	85444
üiretse	219	80956
üirettı	185	25826
üirettıñ	215	72918
üiretu	159	7355
üiretuge	200	46000
üiretuşı	222	84925
üiretıp	157	6636
üiretşı	189	30949
üistıp	231	96538
üisız	209	61993
üiı	231	1986
üiılıp	200	47458
üiım	161	8142
üiımde	172	14297
üiımdı	186	26573
üiıme	161	8143
üiımnen	206	56497
üiımnıñ	196	41098
üiımız	182	22667
üiımızde	206	57301
üiımızdıñ	211	67170
üiımızge	196	40115
üiın	159	7373
üiınde	231	18006
üiındegı	187	28715
üiındegıler	205	55974
üiındemın	177	18009
üiındemız	202	49869
üiındesıñ	191	33994
üiındı	210	63680
üiıne	231	7374
üiınen	159	7375
üiınnen	228	91951
üiınıñ	164	9381
üiıp	178	18543
üiır	196	19506
üiırlı	222	84675
üiırme	179	19508
üiırmege	192	34915
üiırmeler	215	73426
üiırmesı	200	47252
üiıñ	161	1987
üiıñde	153	5308
üiıñdegı	205	23687
üiıñdegıler	183	23690
üiıñdegılerge	217	76971
üiıñdesıñ	201	47921
üiıñdı	181	21172
üiıñe	137	1988
üiıñnen	185	25177
üiıñnıñ	186	27111
üiıñız	194	12635
üiıñızde	190	32251
üiıñızden	217	77987
üiıñızdı	213	69799
üiıñızdıñ	213	70828
üiıñızge	170	12637
üişık	205	55832
ükı	186	8743
ükılegen	227	91018
ükılı	190	32625
ükım	205	8744
ükımet	162	8746
ükımetke	196	40830
ükımetten	219	80757
ükımettı	214	23501
ükımettık	201	48408
ükımettıñ	183	23502
ükımetı	178	18698
ükımetınıñ	185	25671
ükımı	210	64058
ükır	229	93084
ülbıregen	227	90875
üles	166	10570
ülesterın	214	71157
ülestı	225	41798
ülestık	197	41799
ülestırmelı	226	90440
ülestıru	217	77294
ülesı	231	31931
ülesımdı	216	75309
ülesın	190	31932
ülesıne	212	68507
ülgerdı	195	13844
ülgerdık	215	73139
ülgerdım	172	13845
ülgerdıñ	181	21067
ülgerdıñız	210	65312
ülgeredı	197	41820
ülgereiın	223	86526
ülgeremız	183	23150
ülgeresız	197	42414
ülgeresıñ	178	18588
ülgeresıñder	222	85312
ülgeretın	191	33940
ülgergen	188	29688
ülgermedı	212	16345
ülgermedık	206	57545
ülgermedım	175	16346
ülgermegen	205	55110
ülgermei	146	3538
ülgermeidı	203	51942
ülgermeimın	189	31323
ülgermeimız	198	43958
ülgermeisıñ	208	60196
ülgermeitın	195	38730
ülgermese	220	82667
ülgerse	208	57191
ülgersek	207	58725
ülgerseñ	206	57192
ülgeru	184	24264
ülgeruge	198	43739
ülgeruım	210	64490
ülgerım	219	35335
ülgerımı	192	35336
ülgerıp	156	6326
ülgerıñız	204	38268
ülgerıñızder	195	38271
ülgı	146	3409
ülgıde	191	33474
ülgıdegı	200	46161
ülgılerı	182	22864
ülgılerın	197	42634
ülgılı	173	14640
ülgılık	214	72227
ülgını	209	61719
ülgıre	222	84620
ülgırmei	214	71950
ülgısı	162	8916
ülgısın	171	13817
ülkeigen	207	59438
ülkeigende	216	75923
ülkeitu	222	84381
ülkeitıp	199	45284
ülkeiıp	193	35591
ülken	231	4625
ülkende	224	8569
ülkender	162	8570
ülkenderden	203	51632
ülkenderdı	195	27857
ülkenderdıñ	187	27858
ülkenderge	178	18943
ülkendermen	198	43514
ülkenderı	202	50661
ülkenderın	225	89294
ülkendeu	180	19938
ülkendı	192	35159
ülkendıgı	209	62010
ülkendık	220	82571
ülkenge	184	24652
ülkennıñ	219	79874
ülkensız	202	50654
ülkensıñ	191	33971
ülkenğoi	222	85290
ülkenı	151	4626
ülkenım	201	49151
ülkenın	192	34688
ülkenırek	206	56772
ülkenısıñ	219	80252
ülkenıñ	209	62079
ümbet	207	56348
ümbetov	206	56350
ümıt	231	3678
ümıtjan	213	70424
ümıtke	209	15808
ümıtker	174	15809
ümıtkerler	215	74287
ümıtpen	197	42149
ümıtsız	207	59250
ümıttemın	192	35276
ümıtten	223	22484
ümıttendırıp	206	57232
ümıttenemın	195	38853
ümıttenıp	182	22486
ümıtterın	220	82214
ümıtterıñdı	203	51799
ümıtterıñızdı	204	54058
ümıttı	197	41956
ümıttıñ	204	53767
ümıtı	196	3679
ümıtım	179	19280
ümıtımdı	196	40058
ümıtımızdı	220	82295
ümıtın	147	3680
ümıtıñ	208	22726
ümıtıñdı	182	22728
ümıtıñızdı	203	51855
ün	159	1015
ünde	212	18403
ündegen	194	37792
ündeme	178	19083
ündemedı	193	36175
ündemedım	199	45460
ündemedıñ	217	77012
ündemegen	189	30903
ündemei	231	22993
ündemeidı	183	22995
ündemeimın	213	70762
ündemeisıñ	185	26370
ündemeisıñder	215	73785
ündemeitın	201	48496
ündemes	217	77455
ündemese	219	77456
ündemeseñ	217	77457
ündemeu	219	80094
ündep	223	86591
ündes	214	18404
ündestık	178	18407
ündeu	202	50920
ündı	175	15891
ündık	207	57942
ündılık	230	94247
ündıstanda	211	65967
ünem	196	1017
ünemdep	203	51337
ünemdeu	200	46303
ünemdı	208	61086
ünemı	128	1018
ünsız	152	5108
ünsızdık	188	29422
üntaspa	228	91880
ünı	176	16640
ünın	200	46712
ünıñ	195	38330
ünıñdı	210	63586
üoi	213	69887
ürdıs	195	38027
ürdıstı	216	75602
ürdısı	194	38028
ürdısın	204	52915
ürdısınıñ	204	53403
üre	215	53381
üredı	215	73865
ürei	204	53382
ürgen	225	88550
ürjar	201	48187
ürjarğa	222	84842
ürkıp	211	67060
ürkıtıp	220	82159
ürlep	191	32800
ürleu	223	86590
ürmebūrşaq	230	94473
ürmelı	219	80196
ürpek	227	91469
üru	229	93184
ürıp	186	27336
üstel	172	14291
üsteldı	215	35349
üsteldıñ	192	35350
üstelge	203	51944
üstem	231	50840
üstemdık	202	50843
üsteme	215	73054
üsteu	184	24055
üstı	159	1112
üstıge	205	55207
üstımdegı	217	76676
üstımdı	216	75334
üstıme	177	17747
üstımen	196	40184
üstımnen	200	46968
üstımızdegı	229	92616
üstımızden	226	89764
üstın	231	1113
üstınde	141	2627
üstındegı	168	11940
üstındemın	220	82804
üstıne	130	1114
üstınen	156	6373
üstırtın	224	87356
üstıñ	203	19882
üstıñde	195	38393
üstıñdegı	208	60806
üstıñdı	218	78978
üstıñe	179	19883
üstıñgı	184	24331
üstıñnen	201	47895
üstıñızge	215	74384
üsu	228	91717
üsık	189	30121
üsıp	167	10976
ütık	198	27367
ütıktep	186	27370
ütıkteu	212	67647
ütıktı	229	93204
ütır	172	14348
üu	222	85696
üzbe	196	10957
üzbei	167	10958
üzbeu	216	75845
üzdı	224	3648
üzdıgı	206	57441
üzdık	147	3649
üzdıkke	216	76104
üzdıksız	172	14337
üzdıkter	200	46312
üzdıkterdıñ	229	93098
üzdım	229	92748
üze	209	62342
üzeñgı	221	83270
üzgen	214	71058
üzu	218	78149
üzık	204	53788
üzıldı	207	58203
üzılgen	208	61391
üzılmesın	205	55748
üzılıp	167	11138
üzılıs	167	11228
üzılıssız	204	53349
üzılıste	201	48384
üzılıstı	229	92924
üzım	222	85526
üzındı	170	12815
üzıp	177	17989
üzır	230	93620
üñgır	209	61904
üñılu	230	93874
üñılıp	198	43062
üş	231	4454
üşaralğa	218	78989
üşbūryş	169	7190
üşbūryşty	199	7192
üşbūryştyñ	158	7193
üşem	223	86336
üşeu	168	4456
üşeumız	150	4459
üşeumızdı	219	71333
üşeumızdıñ	214	71334
üşeumızge	211	65944
üşeuı	231	22075
üşeuıde	191	33864
üşeuımız	184	24502
üşeuın	231	29400
üşeuınde	197	42376
üşeuıne	192	34897
üşeuınen	215	73237
üşeuınıñ	188	29402
üşeuıñ	182	22076
üşeuıñe	222	85575
üşkıl	216	75924
üşkır	196	40455
üşqoñyr	207	58024
üşte	231	21655
üşten	181	21656
üşterde	204	53878
üştı	190	31777
üştık	202	49800
üştıñ	212	68374
üşölşemdı	221	83937
üşıe	222	84581
üşın	231	25943
üşıne	211	65870
üşınğo	198	43843
üşınşı	231	25945
üşınşıden	185	25948
üşınşısı	231	41746
üşınşısın	197	41747
üşır	207	58436
ğabdullin	213	70898
ğabeke	215	74387
ğabi	227	78498
ğabit	231	78499
ğabittıñ	218	78502
ğadılbek	212	67777
ğafu	211	65955
ğafur	220	81412
ğaini	194	36882
ğaiyp	210	64131
ğaiyptan	229	93167
ğaişa	205	55037
ğajaiyp	231	96710
ğajap	167	11360
ğalam	200	33000
ğalamat	199	45007
ğalamda	212	67785
ğalamdyq	191	33003
ğalamnyñ	211	66769
ğalamtor	191	33288
ğalamşar	210	64339
ğali	195	38859
ğaliia	231	63301
ğaliiany	228	63841
ğaliianyñ	210	63842
ğaliiağa	209	63303
ğalym	231	11991
ğalymbek	202	49984
ğalymdar	169	11994
ğalymdardyñ	184	24118
ğalymdary	198	42750
ğalymdarynyñ	214	72381
ğalymjan	231	76638
ğalymjannyñ	217	76641
ğalymnyñ	193	36163
ğalymy	185	26064
ğalymğa	208	60252
ğana	231	94722
ğaniūly	228	91938
ğappar	225	88678
ğaryş	186	26089
ğaryşker	203	51091
ğaryşqa	185	26091
ğaryştyq	200	45934
ğarıp	229	93044
ğasyr	154	3949
ğasyrda	155	5990
ğasyrdan	186	26636
ğasyrdağy	165	10330
ğasyrdy	220	3951
ğasyrdyñ	148	3952
ğasyrlar	179	19700
ğasyrlarda	179	19724
ğasyrlardağy	198	43335
ğasyrlyq	194	37189
ğasyry	207	59357
ğasyrğa	192	34607
ğaziz	231	51870
ğaziza	231	69334
ğazizanyñ	213	69337
ğazizhan	203	51873
ğaşyq	231	20787
ğaşyqpyn	231	96443
ğaşyqsyñ	206	57789
ğaşyqtar	180	20790
ğaşyqtardyñ	219	79994
ğaşyqtyq	194	38188
ğaşyqtyñ	219	79913
ğaşyğy	213	10158
ğaşyğym	165	10159
ğaşyğyñ	210	63528
ğibadat	207	58406
ğibrat	190	31654
ğibratty	210	65154
ğimarat	186	27362
ğimaraty	195	38353
ğizat	210	64958
ğo	71	16
ğoi	231	94700
ğsli	223	86152
ğylasyn	220	82531
ğylym	139	2165
ğylymda	206	40890
ğylymdar	196	40891
ğylymdarynyñ	197	42611
ğylymdy	194	38160
ğylymi	231	88692
ğylymilyq	225	88695
ğylymmen	220	81917
ğylymnyñ	181	20880
ğylymy	189	29089
ğylymynyñ	188	29092
ğylymğa	181	21339
ğyzmetker	200	97816
ğūlama	196	40073
ğūmyr	231	5894
ğūmyrda	225	89405
ğūmyrly	155	5896
ğūmyry	180	20568
ğūmyrymen	228	91920
ğūmyryn	206	56288
ğūmyryñ	190	31981
ğūmyryñyz	209	62646
ğūn	195	38262
ğūndar	196	40862
ğūrly	225	88958
ğūrlym	226	90019
ğūryp	210	63638
ğūsyl	191	33857
ıbılıs	216	75285
ıldı	225	89284
ıle	160	7986
ıledı	218	78718
ılem	220	82225
ıles	213	34203
ılese	202	50176
ılespe	222	84970
ılesıp	192	34205
ıletın	196	40807
ılgektı	229	93141
ılgerı	191	33105
ılgerıletu	225	88788
ılgerıleu	222	85050
ılgerındı	224	87826
ılgır	227	90677
ılgış	208	61356
ıliias	231	96768
ılkı	230	94226
ılmei	210	63952
ılmek	189	31309
ılmektı	221	83753
ıltipat	224	87952
ılu	199	45794
ılulı	208	60726
ılık	195	38369
ılım	179	19480
ılımı	199	45428
ılınbei	217	78011
ılındı	220	81821
ılınedı	222	85432
ılıngen	205	54485
ılınu	226	90452
ılınıp	231	96583
ılıp	156	6362
ın	231	5007
ındegı	230	94369
ındet	190	32540
ındettı	228	92471
ındı	211	67027
ıngen	226	89546
ınju	231	39611
ınjude	220	82347
ınjuge	195	39613
ınjuka	201	48803
ınjıl	215	74503
ınjır	230	94250
ınımnen	202	49398
ınımnıñ	231	96377
ınımız	211	67032
ınısı	231	41561
ınısımen	208	60593
ınısıne	197	41563
ınıñ	152	5009
ınıñmen	212	68935
ırge	209	40682
ırgeles	196	40898
ırgelı	196	40684
ırtık	222	85661
ırıgen	220	81410
ırıktep	197	41399
ırıkteu	195	38697
ırılendıru	230	93764
ırıleu	219	81370
ırımşık	185	26070
ırıtıp	217	76960
ırıñ	187	25035
ırıñdep	193	36867
ırıñdı	184	25037
ıs	231	2591
ıske	231	23609
ısken	211	67137
ısker	199	23610
ıskerlık	183	23613
ıspen	175	15981
ıspettes	204	54274
ıspettı	208	60565
ıste	231	2593
ıstedı	150	2595
ıstedık	181	21694
ıstedım	141	2596
ıstedıñ	231	16393
ıstedıñder	175	16396
ıstedıñız	176	16818
ıstedıñızder	212	69015
ıstegelı	217	76358
ıstegen	231	18440
ıstegende	178	18442
ıstegendei	217	76704
ıstegender	204	53678
ıstegendı	203	51510
ıstegenge	212	68306
ıstegenmın	209	61867
ıstegennen	207	58389
ıstegensıñ	206	56264
ıstegenı	194	32527
ıstegenım	197	42180
ıstegenımdı	201	48719
ıstegenıme	221	83341
ıstegenın	190	32528
ıstegenıne	221	83041
ıstegenıñ	194	37985
ıstegenıñdı	203	51705
ıstegenıñe	222	85576
ıstegenşe	222	85259
ıstegım	231	96909
ıstegın	211	65848
ıstegısı	195	38444
ıstegıñ	185	26248
ısteidı	231	95270
ısteimın	142	2705
ısteimız	231	95233
ısteisızder	201	48717
ısteisıñ	231	30569
ısteisıñder	189	30572
ısteitın	231	38789
ısteitınder	208	60637
ısteitınımdı	203	51652
ısteitının	195	38791
ısteitınıñdı	217	76635
ısteiık	175	16530
ısteiın	231	95783
ıstelgen	200	46029
ısteme	175	6225
ıstemedı	191	10458
ıstemedım	166	10459
ıstemedıñ	195	38602
ıstemegen	181	21473
ıstemei	231	6226
ıstemeidı	156	6228
ıstemeimın	182	22639
ıstemeimız	205	54451
ıstemeisıñ	190	31650
ıstemeitın	185	25235
ıstemekşı	217	77842
ıstemes	212	24453
ıstemese	184	24454
ıstemesek	215	74265
ıstemesem	198	43191
ıstemeseñ	194	37378
ıstemeşı	221	83766
ıstep	231	34150
ısteptı	192	34152
ıster	157	6468
ısterdı	195	39660
ısterdıñ	213	69797
ısterge	201	48726
ısterı	188	13174
ısterımdı	171	13177
ısterımızdı	215	74127
ısterın	187	27814
ısterıne	205	55699
ısterıñ	193	35236
ısterıñdı	204	53813
ısterıñe	197	41862
ısterıñız	205	35238
ısterıñızge	192	35240
ıstes	229	4254
ıstese	231	4255
ıstesede	203	52269
ıstesei	195	39397
ıstesek	175	16440
ıstesem	149	4256
ıstesemde	200	46776
ısteseñ	159	7526
ısteseñde	195	38323
ısteseñder	210	64029
ısteseñız	207	58397
ısteteiın	215	73347
ıstetem	196	40126
ıstetemız	224	87417
ıstetesıñ	221	83969
ıstetetın	211	67010
ıstetken	204	53100
ıstetpei	209	62964
ıstetpeidı	214	71130
ıstettı	222	73018
ıstettım	215	73019
ıstetu	197	42127
ıstetuge	210	63700
ıstetıp	165	9858
ısteu	231	3191
ısteudı	195	39487
ısteudıñ	210	65111
ısteuge	145	3193
ısteuı	197	17748
ısteuım	177	17749
ısteuımız	207	59277
ısteuın	213	70839
ısteuıñ	215	74416
ısteuşı	200	46358
ısteñder	190	32602
ısteñız	201	48533
ısteşı	186	26510
ıstpp	214	72300
ıstı	172	14030
ıstıñ	181	21396
ısıgı	187	28364
ısık	173	15126
ısım	188	29240
ısımdı	213	69449
ısımız	208	60801
ısımızge	214	71426
ısın	176	14020
ısınde	209	61834
ısıne	172	14021
ısınen	213	70019
ısınu	197	41220
ısınıp	194	37666
ısınıñ	185	25449
ısıp	144	2970
ısırıp	222	84959
ısıñ	174	15381
ısıñdı	201	49245
ısıñe	181	21811
ısıñız	193	17376
ısıñızdı	222	85052
ısıñızge	177	17378
ısşara	218	79148
ız	159	4653
ızbasar	188	29662
ızben	215	73134
ızde	163	4655
ızdedı	192	10243
ızdedık	213	70692
ızdedım	165	10244
ızdedıñ	191	33744
ızdegen	162	8828
ızdegende	196	41178
ızdegender	216	76062
ızdegenım	216	75989
ızdegenıñ	217	77094
ızdeidı	170	12871
ızdeimın	172	14218
ızdeimız	186	27349
ızdeisıñ	193	36761
ızdeitın	176	17295
ızdeiık	210	64181
ızdeiın	198	43224
ızdeme	186	24235
ızdemedı	215	73875
ızdemedım	217	77868
ızdemedıñ	219	80557
ızdemegen	206	56646
ızdemei	184	24236
ızdemeidı	192	35248
ızdemeimın	206	57589
ızdemeisız	214	71207
ızdemeisıñ	193	36306
ızdemeitın	204	53216
ızdemese	206	37861
ızdemesem	194	37862
ızdemeseñ	215	73324
ızdemeñder	215	72688
ızden	209	25618
ızdenu	202	49782
ızdenıp	185	25620
ızdenıs	195	39351
ızdep	231	94820
ızder	202	49387
ızderı	212	68312
ızdese	193	21878
ızdesei	212	68799
ızdesek	218	79669
ızdesem	190	31473
ızdeseñ	182	21879
ızdeseñız	214	72004
ızdestıre	218	78373
ızdestıru	205	54486
ızdestırıp	178	18334
ızdesın	215	73446
ızdeu	151	4656
ızdeudı	209	61821
ızdeudıñ	220	82754
ızdeuge	181	20996
ızdeumen	221	84155
ızdeuım	217	76974
ızdeuşı	221	84068
ızdeñder	210	63775
ızdeñız	215	73462
ızdı	216	74701
ızdıñ	220	82233
ızettı	225	80650
ızettılık	219	80653
ızge	206	56615
ızgı	167	11401
ızgılık	196	39991
ızgılıktı	217	76989
ızımen	220	82092
ızımnen	211	66113
ızın	179	19572
ızınde	222	85172
ızıne	213	44394
ızınen	199	44395
ıñkär	231	41522
ıñkärdı	207	41524
ıñkärdıñ	197	41525
ıñkärğa	203	52158
ışe	231	4569
ışedı	158	7009
ışegım	177	17512
ışegıñ	217	77343
ışeiık	155	5793
ışeiın	151	4727
ışeiındep	204	53419
ışektı	201	28177
ışektıñ	187	28178
ışemın	174	15199
ışemız	151	4572
ışermız	219	80484
ışesız	191	32704
ışesıñ	165	9945
ışesıñder	206	56245
ışetın	231	65053
ışetınder	210	65056
ışetının	220	81911
ışke	231	18237
ışkelı	199	45046
ışkem	182	22048
ışken	231	18238
ışkende	177	18240
ışkendı	207	59584
ışkenge	210	63954
ışkennen	196	40634
ışkensıñ	221	83198
ışkenı	207	56165
ışkenım	216	74609
ışkenın	206	56166
ışkenıñ	213	69469
ışkenşe	218	78771
ışkesın	212	67982
ışkiım	225	88605
ışkı	128	978
ışkılık	230	93921
ışkım	231	37502
ışkımge	194	37504
ışkısı	200	47156
ışkızdı	230	93619
ışkızu	217	76983
ışkızıp	196	39735
ışkıñ	200	47049
ışkış	215	74501
ışpe	231	16523
ışpedı	207	20942
ışpedık	202	49487
ışpedım	181	20943
ışpedıñ	199	45788
ışpegen	188	29860
ışpeidı	177	17706
ışpeimın	175	16527
ışpeimız	204	53184
ışpeisız	219	80954
ışpeisıñ	190	32155
ışpeitın	189	30167
ışpese	193	35885
ışpeseñ	199	44436
ışpeu	201	48135
ışpeñder	217	77908
ışsei	194	37473
ışsek	205	55093
ışsem	174	15511
ışsemde	211	67105
ışseñ	180	20231
ışseñız	212	68133
ıştarlyq	224	88079
ışte	150	4282
ıştegı	176	16907
ıştei	231	96129
ışteme	218	78341
ıştemın	209	63170
ışterı	179	11473
ışterıñ	168	11474
ışterıñız	203	51644
ıştesız	221	83892
ıştesıñ	209	61940
ışteñe	199	45150
ıştık	176	17072
ıştım	150	4446
ıştıñ	231	11625
ıştıñız	168	11627
ışu	231	5164
ışudı	187	28770
ışuge	153	5166
ışık	205	54904
ışım	231	25090
ışımde	231	26676
ışımdegı	186	26678
ışımdegını	191	33781
ışımdı	185	25092
ışımdık	196	40131
ışıme	231	42622
ışımen	197	42623
ışımnen	231	97433
ışımnıñ	214	71053
ışımız	186	26709
ışımızde	216	75052
ışın	231	2008
ışınara	204	52814
ışınde	231	55200
ışındegı	231	55202
ışındegıler	217	77381
ışındegısın	205	55205
ışıne	138	2009
ışınen	231	95426
ışınıñ	197	42464
ışıp	231	76645
ışıptı	217	76647
ışıñ	231	22090
ışıñde	231	36062
ışıñdegı	197	41449
ışıñdegını	204	53615
ışıñder	193	36063
ışıñdı	189	31186
ışıñe	182	22091
ışıñnen	187	27938
ışıñız	231	76729
ışıñızde	217	76731
şabady	203	52161
şabam	215	74036
şaban	220	59886
şabandoz	208	59889
şabandyq	222	85195
şabaq	223	85889
şabatyn	205	55455
şabdaly	172	13974
şabuyl	175	16409
şabuyldau	217	77757
şabuyldauşy	226	90405
şabuyldy	230	94628
şabuylşy	213	70946
şabyndyq	225	88567
şabys	207	58229
şabyt	231	34098
şabyttandyrady	230	94446
şabyttanyp	219	80775
şabytty	215	72984
şabyty	209	34099
şabytym	192	34100
şabytyñ	208	60975
şadi	206	27299
şadiiar	186	27302
şadyman	223	86952
şafran	207	58629
şagaiu	217	77932
şagan	225	89277
şah	159	7281
şahan	204	33539
şahanov	191	33541
şahardan	197	42553
şahi	231	52227
şahida	203	52229
şahman	221	84214
şahmat	231	97156
şahmurat	218	78372
şahrizada	200	46346
şahsanam	215	74028
şahterov	223	86066
şahtör	211	65748
şahzada	211	66147
şahzod	216	76131
şai	231	4931
şaiahmet	211	66937
şaian	174	15790
şaiannan	221	83338
şaianğa	199	45369
şaiba	216	76061
şaida	192	34182
şaidan	198	44146
şaidy	171	13759
şaidyñ	192	34163
şaimen	192	34631
şainama	224	55619
şainamai	205	55620
şainamaş	223	86016
şainap	177	17980
şainau	208	61461
şainek	195	39189
şaiqap	189	30436
şaiqas	178	18379
şaiqasy	196	41186
şaiqau	222	84994
şaiyrly	228	92085
şaiyñ	211	39125
şaiyñdy	195	39127
şaiğa	152	4933
şakyramyn	200	97787
şal	138	2061
şala	231	59397
şalabai	212	68501
şalap	225	88527
şalava	209	61841
şalaş	207	59398
şalbar	231	30426
şalbardan	227	91661
şalbardy	191	33035
şalbardyñ	206	57546
şalbarlar	209	61839
şalbarmen	189	30429
şalbary	189	31243
şalbarym	212	68383
şalbarymdy	215	73558
şalbaryn	193	36740
şalbaryñ	221	82172
şalbaryñdy	220	82174
şalbarğa	225	88431
şalda	218	25031
şaldai	230	94337
şaldan	214	71689
şaldar	184	25032
şaldardyñ	222	84684
şaldarmen	224	87970
şaldy	186	25049
şaldyqpai	225	88926
şaldyqqan	206	56683
şaldyñ	184	25050
şaldyğu	218	79494
şaldyğyp	222	85510
şaliapina	204	53161
şalkiız	212	68224
şalma	210	64132
şalmai	225	88258
şalmen	206	56674
şalp	209	61659
şalqadan	215	74506
şalqaiyp	210	63977
şalqamnan	220	82774
şalqan	217	77054
şalqar	231	41441
şalqarda	208	59794
şalqardan	215	72830
şalqardyñ	214	72553
şalqarğa	197	41443
şalqasynan	204	54250
şalqyma	222	84758
şalqyp	189	30772
şalsam	223	86249
şalu	206	57016
şalyn	188	30005
şalyna	209	62939
şalynyp	200	46781
şalyp	184	24832
şalys	208	59932
şalyñ	167	10990
şalyña	209	62910
şalyñdy	217	76696
şalyñmen	209	61965
şalyñnyñ	205	54661
şalyñyz	213	69398
şalğa	191	33080
şalğai	207	58260
şalğam	229	93045
şalğan	209	62843
şalğy	228	75868
şalğyn	217	75869
şalğyndy	216	75871
şalşyq	229	93122
şam	231	675
şama	153	676
şamada	201	34130
şamadan	192	34131
şamal	183	677
şamalap	186	27552
şamalar	192	35273
şamalary	210	65276
şamalaryñ	214	72376
şamalas	206	57701
şamaly	123	678
şamalydan	172	14243
şamalğan	189	30991
şamam	160	6075
şamamen	155	6077
şamamyz	203	51035
şaman	193	35677
şamasy	154	5427
şamasyn	203	19456
şamasyna	201	47716
şamasynda	179	19458
şamañ	180	20820
şamaña	212	68348
şamañyz	219	80863
şamağa	212	68066
şamdy	215	73029
şampan	209	62435
şamşyraq	193	36567
şana	164	9686
şanaq	228	92503
şandyr	222	84588
şanhai	181	21612
şanhaida	206	57187
şanhaiğa	214	71498
şans	134	1570
şanson	224	87368
şansy	211	65849
şantaj	209	62534
şanyşqy	212	69104
şanşar	186	27159
şanşu	204	54346
şanşyp	184	24328
şapalaq	180	20358
şapalaqpen	201	48656
şapalaqtau	220	81995
şapandy	218	79290
şapaq	228	92469
şapağat	155	5947
şapağatqa	214	72105
şapağatty	220	82726
şapağaty	212	68582
şapağatyn	215	73953
şapağatyna	219	80182
şapka	148	3789
şapkasy	199	45531
şapkasyn	203	52583
şappa	224	85721
şappai	222	85722
şapqan	202	50207
şapqylap	174	15728
şapqynşylyq	230	93884
şapqynşylyğy	201	48468
şapty	210	64752
şaptyryp	219	80555
şapyraşty	208	61077
şapşañ	193	36531
şapşañdyq	219	79970
şaq	231	5225
şaqa	216	69789
şaqalaq	213	69792
şaqar	229	93432
şaqpa	226	90416
şaqqa	174	15779
şaqqan	209	56657
şaqqanda	206	56659
şaqqandağy	220	82364
şaqta	182	22268
şaqtan	206	56388
şaqtap	222	84744
şaqtağy	208	59679
şaqty	160	7701
şaqtyñ	198	42804
şaqyr	231	5227
şaqyra	162	5228
şaqyrady	162	8899
şaqyraiyn	175	16014
şaqyraiyq	197	42027
şaqyram	153	5229
şaqyramyn	161	8403
şaqyramyz	168	11832
şaqyrar	213	69766
şaqyrasyz	210	64602
şaqyrasyñ	185	25838
şaqyrdy	231	16437
şaqyrdym	175	16438
şaqyrdyq	199	45782
şaqyrdyñ	194	37449
şaqyrma	200	24590
şaqyrmady	189	30730
şaqyrmadym	219	80109
şaqyrmadyñ	201	47731
şaqyrmai	184	24591
şaqyrmaiaq	226	89733
şaqyrmaidy	198	43989
şaqyrmaimyn	212	67409
şaqyrmaimyz	224	87107
şaqyrmaisyñ	193	36351
şaqyrmaisyñdar	213	70650
şaqyrmaityn	210	64488
şaqyrmasa	196	41072
şaqyrmasam	225	89416
şaqyrmasañ	218	78294
şaqyrmağan	200	47404
şaqyrsa	169	12530
şaqyrsada	219	81232
şaqyrsai	183	23712
şaqyrsam	176	17210
şaqyrsan	212	68561
şaqyrsaq	204	53110
şaqyrsañ	188	28996
şaqyrsañdar	216	75101
şaqyrsañyz	192	35261
şaqyrsyn	207	59420
şaqyrt	217	20590
şaqyrtty	222	85631
şaqyrtu	198	43748
şaqyrtyp	180	20592
şaqyru	158	7066
şaqyrudy	199	45469
şaqyruy	220	81979
şaqyruym	220	82439
şaqyruğa	191	33896
şaqyruşy	222	85658
şaqyrylğan	208	60090
şaqyrym	185	26240
şaqyryp	231	25774
şaqyrypty	185	25776
şaqyryñdar	197	41764
şaqyryñdarşy	225	89207
şaqyryñyz	206	56849
şaqyrğam	204	53261
şaqyrğan	231	20607
şaqyrğanda	180	20609
şaqyrğany	225	77161
şaqyrğanyn	220	82113
şaqyrğanyña	217	77163
şaqyrğanğa	217	76398
şaqyrğym	214	71206
şaqyrşy	183	23692
şaqşa	225	89172
şar	231	4070
şara	151	4581
şarada	218	79217
şaradai	230	94457
şaradan	223	86768
şaraina	220	81866
şaralar	166	10843
şaralardy	190	32520
şaralardyñ	206	56275
şaralary	178	19130
şaralaryn	182	22794
şaralarğa	206	56921
şaram	224	87278
şarana	227	90922
şarany	201	49141
şaranyñ	206	56847
şarap	189	25875
şarapat	185	25877
şarasy	205	54880
şarasyz	210	64907
şarbanu	204	54210
şarbaq	216	74790
şarbaqta	227	90719
şarbaqty	222	84465
şarbat	215	73718
şarby	213	70015
şarda	209	35682
şardara	231	35684
şardarada	194	37968
şardaradan	210	65421
şardaranyñ	216	75598
şardarağa	193	35686
şardarova	221	83151
şardağy	225	89377
şardy	194	31760
şardyñ	190	31761
şarf	167	11286
şarh	228	82422
şarhan	220	82424
şaripa	191	32910
şaripova	200	46159
şariğat	195	39026
şariğatqa	227	91506
şariğatta	204	53668
şark	204	54262
şarlap	202	50490
şarlar	194	37815
şarlotka	212	67406
şarmen	208	59676
şarov	217	77507
şarq	222	85553
şarsyñ	212	68161
şart	152	4950
şartary	218	79272
şartqa	203	51725
şartsyz	208	59917
şartta	213	13298
şarttar	184	13299
şarttardy	173	14613
şarttary	171	13300
şarttaryn	195	38878
şarttarynyñ	216	74906
şartty	159	7427
şarty	162	8878
şartym	203	51361
şartyn	178	18344
şartyna	217	77442
şartynyñ	221	84352
şarua	231	4072
şarualar	172	14458
şarualardy	203	52605
şarualarmen	188	30020
şarualary	191	29994
şarualarym	188	29995
şarualarymdy	210	65446
şarualarymmen	209	62820
şarualaryn	196	40554
şarualaryñ	190	31797
şarualaryñdy	211	66661
şarualaryñyz	217	77262
şaruam	149	4073
şaruamdy	200	46293
şaruamen	188	29669
şaruammen	223	85944
şaruamyz	205	55709
şaruanyñ	218	78889
şaruasy	156	6287
şaruasyn	186	27154
şaruasyna	201	49032
şaruañ	159	7441
şaruañdy	198	43762
şaruañyz	204	52845
şaruağa	204	53140
şaruaşylyq	158	7090
şaruaşylyqtyñ	202	50549
şaruaşylyğy	155	6021
şaruaşylyğyn	194	13646
şaruaşylyğyna	183	23736
şaruaşylyğynda	201	48195
şaruaşylyğynyñ	171	13648
şary	185	25102
şaryndağy	207	58583
şaryqtap	215	74202
şaryqtau	202	50090
şarğa	197	42571
şarşa	207	4536
şarşadym	231	95304
şarşadyq	196	39871
şarşadyñ	172	14102
şarşadyñyz	198	43347
şarşai	217	29753
şarşaidy	188	29755
şarşaimyn	206	56812
şarşaimyz	223	86725
şarşaisyz	219	80534
şarşaisyñ	188	29825
şarşaityn	199	45504
şarşama	160	7985
şarşamadyñ	188	29626
şarşamadyñyz	208	60728
şarşamaidy	190	32273
şarşamaimyn	209	62514
şarşamaisyñ	213	69788
şarşamasañ	224	87726
şarşamañyz	191	33655
şarşap	231	68909
şarşapty	212	68911
şarşar	213	69422
şarşasa	216	36326
şarşasam	208	61303
şarşasamda	224	87450
şarşasañ	193	36327
şarşasañyz	219	80155
şarşatady	200	45899
şarşatpai	223	85882
şarşatqan	220	81813
şarşatty	175	16278
şarşattyñ	215	73869
şarşatyp	168	11780
şarşau	179	19380
şarşaudy	224	88151
şarşauğa	214	72599
şarşañqy	221	83573
şarşağam	216	75708
şarşağan	151	4539
şarşağanda	207	58008
şarşağannan	212	67845
şarşağansyñ	217	77441
şarşağanym	209	62343
şarşağanymdy	220	82766
şarşağanyñ	207	58703
şarşağanyñdy	219	80186
şarşağanyñyz	229	93071
şarşy	176	17220
şat	231	1617
şataspa	212	58989
şataspasam	207	58992
şatasqan	201	48387
şatastym	199	45008
şatastyrma	223	86558
şatastyru	219	79924
şatastyryp	157	6587
şatastyrğan	221	83895
şatasu	224	87300
şatasyp	135	1681
şatağy	209	41366
şatağym	197	41367
şatağyñ	204	53425
şatqa	135	1619
şatqal	227	82427
şatqaly	220	82428
şatta	148	3864
şattardan	209	62614
şattarğa	195	38786
şattağy	188	29563
şatty	160	7456
şattyq	159	7457
şattyqqa	177	17960
şattyqty	219	81203
şattyqtyñ	223	86769
şattyñ	198	43318
şatun	227	63457
şatunov	210	63459
şaty	179	8711
şatyma	205	55101
şatyna	162	8713
şatynan	206	56239
şatynda	190	32596
şatyr	231	56401
şatyrda	226	90146
şatyrdy	206	56403
şatyrly	227	91336
şatyrym	216	75173
şatyryn	220	82075
şatyrğa	220	81887
şatys	218	39458
şatystyryp	214	72069
şatysyp	195	39460
şaurma	192	35170
şauyp	144	3149
şauyrma	212	67748
şañ	163	9200
şañdy	188	29672
şañnan	219	81072
şañqai	223	86585
şañsorğyş	224	87128
şañy	215	9201
şañyn	201	48302
şañyraq	163	9204
şañyraqqa	193	36506
şañyraqta	197	42255
şañyraqty	216	50720
şañyraqtyñ	202	50721
şañyrağy	203	45908
şañyrağynda	202	49532
şañyrağyñ	217	45909
şañyrağyña	200	45910
şañğy	187	27897
şağady	216	75202
şağala	200	8851
şağalar	217	8852
şağalaryñ	162	8854
şağalaryñnyñ	189	31034
şağalaryñyzdyñ	204	53035
şağaly	193	36352
şağam	183	23279
şağama	211	66090
şağamdy	212	67538
şağamen	193	35614
şağammen	219	80160
şağamnyñ	221	83961
şağamyz	207	58651
şağamyzben	230	94362
şağan	194	24393
şağany	196	24394
şağanyñ	184	24395
şağasy	184	24308
şağasymen	201	48733
şağasyn	202	50408
şağasyna	205	55738
şağasynyñ	202	50410
şağatai	199	44469
şağatyn	213	69947
şağağa	202	50910
şağu	221	83169
şağy	231	3428
şağylysyp	219	80380
şağym	179	19518
şağymnyñ	212	67596
şağymyz	219	81124
şağyn	146	3429
şağynda	203	52223
şağyndau	227	91314
şağyp	172	14148
şağyr	222	85007
şağyñ	212	68190
şaş	124	692
şaşa	190	31808
şaşady	194	37539
şaşalyp	210	63817
şaşam	195	39509
şaşamyz	219	80045
şaşaq	206	56969
şaşaqty	215	74547
şaşar	227	90629
şaşatyn	192	34977
şaşbau	212	67357
şaşka	188	29348
şaşkina	224	87997
şaşlykqa	227	90818
şaşqa	178	18471
şaşqan	184	24375
şaşta	215	21148
şaştan	201	49015
şaştaraz	181	21151
şaştarazda	211	66586
şaştarazğa	207	58207
şaştary	196	36439
şaştaryn	193	36440
şaşty	155	5890
şaştym	219	80249
şaştyñ	192	35141
şaşu	169	11988
şaşuğa	208	61255
şaşy	231	2475
şaşylyp	165	10196
şaşylğan	212	67366
şaşym	153	5312
şaşyma	196	39906
şaşymdy	231	95734
şaşymnan	214	71055
şaşymnyñ	205	55630
şaşymyz	212	55642
şaşymyzdy	205	55644
şaşyn	141	2476
şaşyna	196	40482
şaşynyñ	213	69281
şaşyp	231	95860
şaşyrandy	222	84729
şaşyrap	193	35872
şaşyrañqy	218	78300
şaşyñ	166	8300
şaşyña	209	61905
şaşyñdy	161	8302
şaşyñnan	211	66203
şaşyñnyñ	217	76369
şaşyñyz	200	46441
şaşyñyzdy	202	49480
şb	225	88995
şeber	231	29785
şeberhana	216	75676
şeberlıgı	199	44687
şeberlık	188	29942
şeberlıkpen	217	76558
şeberı	188	29786
şegara	205	55441
şege	176	16896
şegelep	216	74970
şegen	225	88809
şegetın	194	38174
şegın	208	46941
şegınde	204	54011
şegındı	230	94385
şegıne	200	46942
şegınu	221	83395
şegınıp	219	81355
şegıp	231	96533
şegır	219	44094
şegırtke	198	44097
şeih	191	34019
şejıre	183	22964
şejıresı	184	24042
şejıreşı	212	68396
şek	134	1555
şekam	220	82156
şekara	183	23732
şekaradan	213	69214
şekaralas	204	53109
şekaralyq	211	65534
şekarasy	196	40631
şeker	167	11377
şekerbekov	208	59839
şekesı	208	60353
şekesın	228	84856
şekesıne	222	84857
şekken	190	32208
şekpe	203	51783
şekpei	209	61827
şekpeidı	213	70445
şeksız	231	66747
şeksızdık	211	66750
şektelgen	192	34894
şektelmeidı	219	80646
şektelıp	207	59396
şekten	176	16763
şektes	224	88015
şekteu	177	9301
şekteulı	163	9303
şekteusız	197	42616
şektı	231	86971
şektıñ	223	86972
şelek	231	33112
şelekke	191	33114
şelekpen	211	65884
şelekte	202	50826
şelekten	214	72651
şelektep	220	82043
şelektı	212	68264
şelektıñ	220	81611
şelen	219	79984
şelik	215	73314
şemırşek	212	67513
şemırşektı	218	79536
şemışke	182	22284
şendestıru	222	84490
şenı	222	85238
şeraly	206	57607
şerepisa	230	93880
şerhan	231	96056
şerter	226	89749
şertpe	225	88790
şertu	216	74893
şertıp	189	31330
şeru	216	75744
şeruge	223	85897
şerzat	202	50022
şerı	212	67628
şerım	224	87791
şet	231	8505
şetel	231	17492
şetelde	193	35962
şeteldegı	217	76575
şeteldık	177	17495
şeteldıkter	218	78359
şeteldıñ	214	72407
şetelge	182	22388
şeten	216	75825
şetkerı	229	92886
şetkı	185	26326
şetpe	183	23859
şetpede	200	46238
şetpeden	208	59757
şetpege	191	33947
şetpenıñ	222	85324
şette	175	15963
şettegı	201	48867
şetten	191	32793
şetterı	209	44516
şetterınen	199	44519
şettetu	217	76753
şetı	178	8506
şetın	189	8507
şetınde	181	21183
şetındegı	202	49541
şetıne	185	8508
şetınen	162	8509
şetınep	206	56134
şevrolet	205	55374
şevşenko	185	26339
şeñber	170	12661
şeñberdıñ	191	33943
şeñgeldı	225	88211
şeş	161	8269
şeşe	231	20892
şeşedı	231	96898
şeşege	211	65630
şeşei	225	51549
şeşeiık	203	51551
şeşek	197	41840
şeşelerı	211	65806
şeşem	231	38598
şeşemde	207	59527
şeşemdı	195	39489
şeşemnıñ	195	38601
şeşemın	209	62509
şeşemız	231	78818
şeşemızdıñ	218	78821
şeşemızge	225	88973
şeşendı	206	57671
şeşessgin	224	88035
şeşesı	231	52525
şeşesımen	203	52528
şeşesınen	205	55185
şeşetın	181	20895
şeşeñdı	188	29967
şeşpe	214	44276
şeşpei	199	44277
şeşpeidı	207	58754
şeşse	214	72571
şeşsem	217	78082
şeşseñ	215	72684
şeşsın	208	61522
şeştı	189	14318
şeştık	192	34599
şeştım	172	14319
şeştıñ	187	28102
şeştıñder	206	57222
şeştıñız	203	51624
şeşu	231	13075
şeşuge	170	13077
şeşuın	190	31922
şeşuşı	192	34750
şeşıldı	183	24031
şeşıle	216	28650
şeşıledı	187	28652
şeşıletın	202	50259
şeşılgen	203	51744
şeşılmedı	223	86747
şeşılmegen	215	72982
şeşılmei	212	67412
şeşılmeidı	212	68808
şeşılmeitın	212	68958
şeşılse	211	65576
şeşılu	223	86133
şeşılıp	189	30578
şeşım	231	13110
şeşımder	202	49805
şeşımderın	211	67086
şeşımdı	186	27513
şeşımge	173	15060
şeşımı	170	13111
şeşımım	212	47880
şeşımımen	201	47882
şeşımın	174	15384
şeşımıne	221	83868
şeşımıñ	210	64715
şeşımıñdı	217	76978
şeşıngen	216	74762
şeşınu	218	79668
şeşınıp	231	97144
şeşıp	231	95253
şeşıñder	196	39792
şielenıstı	221	84082
şielı	169	12007
şielıde	198	42974
şielıden	207	59599
şielınıñ	213	70171
şien	225	89222
şifrlau	226	90298
şikamaru	201	48531
şikı	185	25728
şikıdei	222	85798
şikılei	230	94056
şikılık	223	86935
şikızat	185	26103
şilı	229	93436
şimpanze	230	93690
şinovnik	226	90160
şipager	220	82868
şiqan	221	84355
şiratu	221	83743
şirek	200	47297
şiyrşyq	215	72823
şizofreniia	218	79027
şkala	202	50374
şkalasy	211	66354
şkap	223	86916
şkoda	206	56278
şliuh	219	11280
şliuha	167	11281
şliuhi	211	65833
şliuhoi	227	91270
şnaiu	216	74919
şokolad	231	22579
şokoladty	189	30673
şokoladym	182	22581
şolaq	196	27501
şolaqqorğan	186	27507
şolohov	226	75019
şolohova	216	75020
şolpan	231	38779
şolpanai	220	82763
şolpanda	221	83308
şolpandy	208	60054
şolpanmen	220	81793
şolpannyñ	196	40910
şolpanğa	195	38781
şolpy	213	69673
şolu	178	18421
şolyp	208	60078
şomylamyz	220	81949
şomylatyn	217	76896
şomyldy	224	19070
şomyldym	221	82952
şomyldyru	211	66680
şomyldyryp	178	19073
şomylu	207	55425
şomyluğa	205	55427
şomylyp	231	96519
şonbai	208	60511
şonguka	200	46021
şongukom	221	83790
şonjy	196	39948
şonjyğa	202	50303
şopping	211	66913
şopyr	205	55121
şoqa	223	29704
şoqai	188	29705
şoqan	231	96625
şoqpar	218	78232
şoqtai	229	93187
şormanov	228	91931
şornaq	219	80523
şort	188	29694
şortan	197	41899
şortanbai	231	96396
şortandy	206	56907
şosse	203	51012
şoğy	211	47956
şoğyn	221	82959
şoğyrlandyru	229	92826
şoğyrlanğan	201	47963
şoşaiyp	217	77301
şoşaq	216	75626
şoşaqai	225	88656
şoşañ	213	47352
şoşañdap	200	47355
şoşidy	216	75130
şoşityn	213	69447
şoşqa	231	96664
şoşyma	216	75486
şoşynyp	205	55416
şoşyp	231	95129
şoşytpai	221	83623
şoşyttyñ	210	64287
şprot	226	89828
şrek	231	97106
ştok	225	89325
ştrap	218	79643
ştyk	227	90846
şuaq	179	18657
şuaqty	178	18659
şuağy	195	29228
şuağyn	188	29229
şuaş	229	92706
şugaring	185	25183
şulatu	226	90462
şulau	230	93727
şumaqty	199	45447
şumer	224	87076
şurup	210	64591
şuyldaq	220	82030
şved	208	61496
şvqty	222	85041
şybyn	177	17731
şybyndy	222	84542
şybynnyñ	227	91613
şybyq	209	63012
şybyqtai	228	91849
şybyş	200	47096
şydai	231	22655
şydaialmai	224	87896
şydaidy	191	33794
şydaimyn	182	22658
şydaimyz	201	47735
şydaisyñ	191	32703
şydaityn	202	50824
şydaiyn	218	79779
şydaiyq	210	65048
şydam	188	9412
şydamadym	217	77926
şydamai	164	9414
şydamaidy	186	27241
şydamaimyn	210	63919
şydamaityn	212	67581
şydamas	212	67500
şydamasañ	223	86645
şydamdy	178	19037
şydamdylyq	189	31207
şydamdyny	216	75978
şydamnyn	229	82323
şydamnynda	220	82325
şydamnyñ	202	49692
şydamnyñda	202	49694
şydamsyz	187	27866
şydamym	187	27789
şydamyn	228	91981
şydamyñ	224	87452
şydandar	224	87239
şydap	231	95688
şydar	214	71618
şydasa	200	44776
şydasai	214	72413
şydasam	203	51609
şydasaq	220	81705
şydasañ	199	44777
şydasyn	218	78970
şydatpai	196	40277
şydau	179	19605
şydauğa	200	46992
şydañdar	212	67288
şydañyz	202	49716
şydağan	210	63484
şydaşy	195	39406
şyj	216	75241
şyldyr	228	91692
şylp	223	86789
şymdamyn	213	70345
şymdasyñ	215	74397
şymdağy	219	80428
şymdy	217	77822
şymkent	231	3569
şymkentte	146	3571
şymkenttegı	197	42365
şymkenttemın	211	66396
şymkentten	162	8911
şymkenttesıñ	219	81351
şymkenttı	206	57571
şymkenttıñ	231	97346
şymqala	223	73883
şymqalağa	215	73885
şymtezek	220	82061
şymyldyq	204	53923
şymyr	196	39998
şymğa	157	6849
şymşym	226	89543
şymşyp	190	32342
şymşyq	212	68480
şynaiy	137	1954
şynaiylyq	205	54590
şynar	231	44128
şynarda	225	88478
şynardy	214	46004
şynardyñ	200	46005
şynarmen	217	77586
şynarym	222	85271
şynarğa	198	44130
şyndardan	216	75631
şyndaryñdy	216	75686
şyndyq	148	3901
şyndyqqa	183	23987
şyndyqtan	223	87026
şyndyqty	154	5457
şyndyqtyñ	202	50531
şyndyğy	195	34384
şyndyğyn	192	34385
şyndyğyna	216	76014
şyndyğynda	196	39844
şyndyğyñdy	220	81718
şynjyr	206	56220
şyntaq	193	36115
şynymdy	137	1896
şynymende	231	96345
şynyqqan	227	90835
şynyqtyru	231	95593
şynyñdy	142	2721
şynyñyzdy	191	33062
şynyğu	212	67338
şynşyldyq	214	71588
şyq	231	2036
şyqpady	158	6933
şyqpadym	176	16787
şyqpadyma	201	48483
şyqpadyq	199	45735
şyqpadyñ	180	20691
şyqpadyñyz	215	72719
şyqpai	231	3082
şyqpaiaq	198	43719
şyqpaidy	144	3084
şyqpaima	186	26501
şyqpaimyn	167	11121
şyqpaimyz	176	16587
şyqpaisyz	203	52442
şyqpaisyñ	166	10539
şyqpaisyñdar	207	59031
şyqpaityn	159	7606
şyqpas	200	12611
şyqpasa	170	12612
şyqpasada	226	89758
şyqpasam	189	31204
şyqpasaq	214	71158
şyqpasañ	191	32885
şyqpasyn	180	20822
şyqpau	190	32499
şyqpauy	216	75504
şyqpañdar	186	27136
şyqpağaly	208	61111
şyqpağan	168	11482
şyqpağanda	221	83764
şyqpaşy	206	57314
şyqqaly	181	21418
şyqqandy	208	60718
şyqqanmyn	205	55411
şyqqannan	180	20449
şyqqansoñ	194	38167
şyqqansyñ	211	66102
şyqqany	187	28013
şyqqanyma	209	62297
şyqqanymdy	209	61580
şyqqanyna	201	47887
şyqqanyñ	202	50931
şyqqanyñda	219	80547
şyqqanyñdy	210	64251
şyqqanğa	197	41295
şyqqanşa	177	17652
şyqqasyn	164	9471
şyqqysy	191	33052
şyqqyñ	187	28606
şyqsa	138	2038
şyqsada	202	50134
şyqsai	152	4930
şyqsaişy	224	87914
şyqsamda	206	57614
şyqsaq	169	12327
şyqsaqta	227	91065
şyqsañ	157	6621
şyqsañda	213	32291
şyqsañdar	190	32292
şyqsañdarşy	219	79825
şyqsañyz	186	26550
şyqsyn	156	6262
şyqsynşy	200	47285
şyqta	195	39396
şyqtym	231	6919
şyqtyma	158	6920
şyqtyq	151	4552
şyqtyñ	231	10729
şyqtyñdar	166	10732
şyqtyñdarma	182	22237
şyqtyñyz	166	10875
şyqyr	220	81863
şyqşa	229	92862
şyrai	174	15327
şyraily	194	33623
şyrailym	191	33624
şyraq	193	35825
şyrağy	212	37723
şyrağym	194	37724
şyrmauyq	229	93315
şyrqap	203	51291
şyrqau	227	91080
şyrqyn	215	73628
şyryldap	179	19610
şyryldağan	218	78799
şyryn	231	57055
şyryndy	211	67189
şyryny	206	57056
şyryş	221	33492
şyryşty	191	33494
şyrğalañ	225	88797
şyrğanaq	229	92874
şyrşa	177	17483
şyttai	225	88279
şytyrman	210	63913
şyñ	171	13182
şyñdap	217	77527
şyñdardan	185	26324
şyñdardy	195	38246
şyñdarğa	217	77557
şyñdau	215	74335
şyñdy	216	75806
şyñnan	218	78992
şyñy	197	42089
şyñyna	200	46675
şyñyp	220	82397
şyñğa	201	48790
şyñğyrlau	218	79584
şyñğyryp	187	28105
şyñğys	231	21647
şyñğyshan	181	21650
şyñğysqa	210	64314
şyüa	212	68847
şyğadyma	212	69019
şyğaiynşy	215	73292
şyğaiyq	149	4174
şyğaiyqta	204	53692
şyğaiyqşy	201	47686
şyğalmaimyn	208	60503
şyğalmaityn	221	83134
şyğamda	216	75986
şyğamyn	141	2544
şyğamyz	126	800
şyğao	206	57251
şyğara	231	3790
şyğarady	148	3792
şyğaraiyq	187	28744
şyğaralmai	213	69202
şyğarama	202	50774
şyğaramyn	174	15370
şyğaramyz	148	3831
şyğarar	203	51338
şyğarasyz	198	42936
şyğarasyzdar	217	77773
şyğarasyñ	182	22314
şyğarasyñdar	200	47389
şyğaratyn	151	4733
şyğarda	169	12277
şyğardy	156	6369
şyğardym	160	7925
şyğardyq	188	29359
şyğardyñdar	201	48171
şyğardyñyz	204	54038
şyğarma	147	3615
şyğarmada	192	35233
şyğarmadan	208	60460
şyğarmady	209	38937
şyğarmadym	195	38938
şyğarmadyñ	216	75663
şyğarmai	231	42081
şyğarmaidy	231	97537
şyğarmaima	227	90572
şyğarmaimyn	203	51087
şyğarmaimyz	207	58878
şyğarmaityn	197	42084
şyğarmaityndary	207	58985
şyğarmalar	186	17095
şyğarmalardy	208	60289
şyğarmalary	176	17096
şyğarmalaryn	190	31762
şyğarmalarynda	200	46248
şyğarmalaryndağy	220	82508
şyğarmalarynyñ	197	41586
şyğarmany	183	16282
şyğarmanyñ	175	16283
şyğarmasa	205	54477
şyğarmasy	187	28388
şyğarmasyn	199	45557
şyğarmañyz	216	74678
şyğarmağan	202	50639
şyğarmaşylyq	231	95618
şyğarmaşylyğy	184	24384
şyğarmaşylyğyn	200	47193
şyğarmyn	132	1326
şyğarmyz	148	3971
şyğarsa	178	18663
şyğarsaq	202	50888
şyğarsañ	184	24179
şyğarsyz	155	6022
şyğarsyzdar	190	31976
şyğarsyñ	127	939
şyğarsyñdar	172	14049
şyğartu	225	88808
şyğaru	127	936
şyğarudy	189	30123
şyğarudyñ	208	60037
şyğaruy	206	56178
şyğaruym	211	65604
şyğaruyna	225	89116
şyğaruğa	161	8268
şyğaruşy	198	43563
şyğarylady	183	24009
şyğaryldy	202	50301
şyğarylu	183	23276
şyğarylym	203	51827
şyğarylğan	186	26884
şyğarym	212	68271
şyğaryp	231	36050
şyğarypty	193	36052
şyğaryñdar	182	22849
şyğaryñyz	200	37628
şyğaryñyzşy	194	37630
şyğarğan	145	3341
şyğarğanda	186	27060
şyğarğannan	222	85154
şyğarğany	209	63375
şyğarğanyn	213	70058
şyğarğanyñ	218	79436
şyğarğym	202	50115
şyğarğysy	213	70419
şyğarşy	174	15770
şyğasyndar	193	36360
şyğasyz	161	8124
şyğasyzdar	194	37243
şyğasyñ	231	11429
şyğasyñdar	167	11432
şyğatyn	126	790
şyğatyndai	197	41787
şyğatyndar	192	34729
şyğatyny	212	32705
şyğatynymdy	217	76957
şyğatynyn	191	32706
şyğudy	197	41393
şyğudyñ	203	51706
şyğuy	170	12676
şyğuym	178	18694
şyğuymyz	210	63508
şyğuyn	201	37361
şyğuyna	194	37362
şyğuyñ	208	56181
şyğuyña	212	67451
şyğuyñmen	206	56184
şyğuğa	149	4066
şyğuşy	202	49986
şyğvr	225	88563
şyğy	199	3557
şyğym	193	36321
şyğymy	217	77566
şyğyn	176	16973
şyğyndy	213	69909
şyğynsyz	214	71164
şyğyny	199	45496
şyğyp	231	3558
şyğypsyñ	210	65226
şyğypty	146	3560
şyğyptyğoi	222	85706
şyğyr	196	40054
şyğyryp	208	59831
şyğyrşyq	218	79241
şyğys	231	39479
şyğysqa	195	39633
şyğysta	195	39481
şyğystan	197	42128
şyğystanu	227	65564
şyğystanuşy	211	65566
şyğystyq	211	66844
şyğystyñ	203	52598
şyğysynda	202	49902
şyğyñqy	217	77323
şyğyñyz	166	10515
şyğyñyzdar	231	97164
şyğyñyzşy	205	56120
şäi	231	16154
şäidı	190	31426
şäidıñ	201	48826
şäimen	210	64637
şäinek	196	40363
şäiğa	175	16156
şäiımdı	213	70383
şäiıñ	215	44192
şäiıñdı	198	44194
şäken	206	56846
şäkärım	176	16653
şäkärımnıñ	218	78606
şäkırt	187	28112
şäkırtter	215	55754
şäkırtterı	209	55755
şäkırtterım	215	73939
şäkırtterıñ	219	55756
şäkırtterıñız	205	55758
şäkırtı	202	50479
şäkırtım	212	68255
şälı	222	85683
şämşı	180	19945
şärbat	228	92246
şärbät	227	91235
şärpı	200	97789
şärıp	202	50657
şäugım	205	56093
şäuıldır	186	26987
şäuıldırge	207	58395
şäñk	227	91490
şöbere	231	53449
şöberelı	215	73331
şöberenıñ	204	53452
şöberesı	215	74512
şöbı	205	55084
şöbın	208	60652
şögındı	209	63091
şögıp	221	83910
şöje	200	47123
şöldeu	229	93487
şöldı	210	64333
şöleit	209	61787
şöleittı	230	94630
şölge	219	81237
şölı	217	77738
şöp	231	39857
şöppen	216	75981
şöpten	208	61154
şöpter	207	58833
şöpterdı	223	86203
şöptesın	219	80618
şöptıñ	197	41318
şöpşek	196	39860
şörny	214	71786
şüberek	210	64513
şüberekpen	226	89863
şübäsız	229	92737
şübırlı	182	22053
şüide	183	23972
şüigın	165	10210
şüigındı	218	78249
şüiınşı	214	71082
şükır	231	6121
şükırler	213	70021
şükırlık	208	61117
şükırmız	173	14790
şükırşılık	156	6126
şülen	228	92285
şümek	219	80849
şüp	228	91836
şık	212	69129
şıl	218	26134
şılde	231	26136
şıldede	185	26138
şıldeden	228	92062
şıldehana	188	29068
şıldehanağa	208	61501
şıldenıñ	201	48772
şılter	224	87681
şırenıp	209	61968
şıret	208	61322
şırkei	230	94480
şırkeu	201	48755
şırkın	141	2486
şırkınai	206	56957
şıru	219	80188
şūbar	196	41034
şūbarda	219	80257
şūbarsu	201	48027
şūbarsuda	216	74715
şūbarsuğa	217	77857
şūbarğa	210	64394
şūbat	183	22982
şūbatty	228	92341
şūbaty	217	76832
şūbyryndy	220	82255
şūbyryp	196	39900
şūjyq	191	33477
şūlyq	204	54149
şūlyqty	230	94054
şūnaq	227	91117
şūqu	230	94190
şūqylai	207	58271
şūqylamai	221	84321
şūqylap	231	96013
şūqylau	219	81247
şūqyp	231	97127
şūraily	209	63061
şūñqyr	213	69323
şūğa	188	29602
şūğanyñ	220	82588
şūğyl	167	11381
şūğyla	231	45756
şūğylaly	229	92702
şūğylany	208	45758
şūğylanyñ	199	45759
şūğylağa	201	47682
şūğyldanu	202	50545
ūbt	231	22740
ūbtda	209	45626
ūbtdan	199	45627
ūbtny	224	88176
ūbtğa	182	22742
ūdai	228	92074
ūia	177	17421
ūialady	194	37527
ūialasyñ	189	30816
ūialatyn	187	27848
ūialdym	179	19670
ūialma	180	20618
ūialmai	231	23189
ūialmaidy	197	42627
ūialmaimyn	220	82277
ūialmaisyñ	183	23192
ūialmaityn	213	69221
ūialmaityndai	226	90163
ūialsa	223	59755
ūialsai	208	59756
ūialsañ	211	66802
ūialta	221	83598
ūialtyp	194	37922
ūialu	200	97825
ūialy	179	19719
ūialyp	231	95310
ūialğan	187	27826
ūialğannan	200	47432
ūialğanymnan	218	78817
ūialşaq	177	17929
ūialşağym	198	43174
ūiasy	205	55481
ūiasynan	223	85989
ūiat	231	17422
ūiatqa	177	17424
ūiatsyz	231	79195
ūiatsyzdar	231	96283
ūiatsyzğa	218	79197
ūiattary	215	72992
ūiattau	212	68952
ūiatty	231	97252
ūiaty	231	59291
ūiatym	207	59292
ūiañ	196	40785
ūiağa	212	68068
ūiaşyq	195	39620
ūiqas	186	26600
ūiqaspai	215	72737
ūiqasty	229	71075
ūiqastyryp	214	71078
ūiqasy	207	58605
ūiqtady	212	34023
ūiqtadym	191	34024
ūiqtadyñ	208	60881
ūiqtaidy	217	76345
ūiqtaimyn	193	36509
ūiqtaimyz	211	67084
ūiqtaisyz	219	79981
ūiqtaisyñ	189	30699
ūiqtaityn	198	43475
ūiqtaiyn	181	21179
ūiqtaiyq	202	50281
ūiqtama	212	46794
ūiqtamadym	217	76954
ūiqtamadyñ	223	86632
ūiqtamaim	201	47879
ūiqtamaisyñ	200	46798
ūiqtar	221	84062
ūiqtasai	200	47198
ūiqtasam	210	64141
ūiqtatyp	196	41101
ūiqtau	191	32763
ūiqtauğa	208	61175
ūiqtañdar	210	63771
ūiqtañyz	202	50557
ūiqtağan	194	37046
ūiqtağym	223	86724
ūiqy	231	2660
ūiqybas	175	15889
ūiqybasym	211	66332
ūiqyda	192	2662
ūiqydan	142	2663
ūiqydağy	213	69217
ūiqylary	219	47175
ūiqylaryñ	200	47176
ūiqyly	192	35379
ūiqym	231	20094
ūiqyma	226	89627
ūiqymda	222	84826
ūiqymdy	180	20096
ūiqymen	211	66593
ūiqymnan	195	38944
ūiqymyz	209	62883
ūiqyn	172	13512
ūiqyndy	219	79893
ūiqyny	171	13513
ūiqynyz	212	68928
ūiqynyñ	199	44371
ūiqysy	165	10064
ūiqysyn	191	32839
ūiqysynan	197	41351
ūiqysyrap	210	63802
ūiqysyz	211	65502
ūiqysyzdyq	226	90051
ūiqyñ	143	2891
ūiqyñdy	188	29649
ūiqyñnan	196	39985
ūiqyñyz	168	11599
ūiqyñyzdy	215	73206
ūiqyğa	171	13207
ūiym	174	5533
ūiymda	214	5535
ūiymdar	181	21629
ūiymdardyñ	187	28670
ūiymdary	199	45125
ūiymdaryn	226	50239
ūiymdaryna	224	87765
ūiymdarynda	217	76841
ūiymdarynyñ	202	50241
ūiymdasqan	201	48193
ūiymdastyr	216	5539
ūiymdastyra	203	40307
ūiymdastyrady	196	40309
ūiymdastyraiyq	214	71184
ūiymdastyramyz	209	62654
ūiymdastyratyn	212	67973
ūiymdastyrdy	209	61635
ūiymdastyru	154	5540
ūiymdastyrudyñ	191	33713
ūiymdastyruymen	193	35728
ūiymdastyruğa	192	34982
ūiymdastyruşy	196	34478
ūiymdastyruşylyq	192	34481
ūiymdastyrylady	207	57995
ūiymdastyryldy	195	38483
ūiymdastyrylyp	206	56816
ūiymdastyrylğan	178	18755
ūiymdastyryp	163	9326
ūiymdastyrğan	192	34243
ūiymdasu	226	89999
ūiymdasyp	211	66735
ūiymdyq	218	79391
ūiymnyñ	184	24900
ūiymy	184	24776
ūiymyna	195	39387
ūiymynyñ	186	26918
ūiymşyl	193	35782
ūiymşyldyq	211	67103
ūiymşyldyqpen	228	92124
ūiyp	187	28201
ūiyq	197	1709
ūiyqta	231	1711
ūiyqtady	173	10127
ūiyqtadym	165	10128
ūiyqtadyñ	175	15871
ūiyqtadyñyz	203	52312
ūiyqtai	136	1712
ūiyqtaialmai	227	91156
ūiyqtaidy	179	19190
ūiyqtaimyn	154	5506
ūiyqtaimyz	182	22538
ūiyqtaisyn	200	46162
ūiyqtaisyz	189	30608
ūiyqtaisyñ	157	6685
ūiyqtaityn	167	11349
ūiyqtaiym	220	82329
ūiyqtaiyn	144	2977
ūiyqtaiyq	231	72449
ūiyqtaiyqşy	214	72451
ūiyqtam	219	18994
ūiyqtama	186	18995
ūiyqtamady	207	35699
ūiyqtamadym	193	35700
ūiyqtamadyñ	195	39319
ūiyqtamai	231	18996
ūiyqtamaidy	198	44116
ūiyqtamaimyn	198	43908
ūiyqtamaimyz	216	75816
ūiyqtamaisyz	201	48603
ūiyqtamaisyñ	178	18999
ūiyqtamaityn	196	40604
ūiyqtamasam	211	66984
ūiyqtamasañ	213	69491
ūiyqtamau	219	79797
ūiyqtamağan	198	43444
ūiyqtamağansyñ	210	63604
ūiyqtap	231	89772
ūiyqtappyn	226	89775
ūiyqtar	189	31194
ūiyqtarda	212	68521
ūiyqtasa	198	21542
ūiyqtasai	181	21543
ūiyqtasam	188	29460
ūiyqtasaq	225	89378
ūiyqtasañ	198	42693
ūiyqtasyn	197	41881
ūiyqtata	211	65676
ūiyqtatam	219	79785
ūiyqtatatyn	214	71215
ūiyqtatpai	201	48226
ūiyqtatu	219	79988
ūiyqtatyp	158	7129
ūiyqtau	165	9889
ūiyqtauym	215	73466
ūiyqtauğa	179	19890
ūiyqtañdar	187	28286
ūiyqtañyz	168	11453
ūiyqtağaly	210	63799
ūiyqtağam	207	58660
ūiyqtağan	164	9644
ūiyqtağanda	191	32823
ūiyqtağannan	223	86740
ūiyqtağym	198	43766
ūiyqtaşy	216	75732
ūiyqy	198	42013
ūiyqydan	217	76904
ūiyqym	197	42014
ūiyqyñ	214	72095
ūiytap	230	93663
ūiytqy	219	61884
ūiytqysy	209	61886
ūiytyp	217	76966
ūiyğan	216	75555
ūiğarym	229	92933
ūiğyr	176	17120
ūiğyrlar	208	61201
ūiğyrşa	230	94241
ūjdan	223	86461
ūjymda	206	18978
ūjymdastyru	178	18983
ūjymdy	219	80113
ūjymynyñ	209	62650
ūjymğa	206	56721
ūksaidy	214	71331
ūl	231	3600
ūlan	231	47860
ūlandy	212	68832
ūlanmen	223	86472
ūlannyñ	201	47863
ūlar	196	40880
ūlassyn	197	41513
ūlasyp	213	70590
ūlağat	186	26626
ūlağatty	191	32695
ūlbala	176	16959
ūlbike	190	31901
ūlbolsyn	231	96913
ūlbos	204	53527
ūlbosyn	231	96079
ūlda	192	3602
ūldai	193	35468
ūldan	231	3603
ūldana	147	3604
ūldanai	231	96020
ūldananyñ	210	64180
ūldanağa	213	70802
ūldar	231	5453
ūldarda	182	12849
ūldardan	170	12850
ūldardy	167	9682
ūldardyñ	164	9683
ūldardñ	216	75645
ūldarmen	158	7235
ūldary	231	34760
ūldarym	201	48184
ūldaryn	206	57154
ūldaryna	213	70117
ūldaryñ	192	34761
ūldaryñnyñ	196	39909
ūldaryñyz	211	67146
ūldarğa	154	5455
ūldy	161	8169
ūldyñ	165	9864
ūleke	215	73692
ūljalğas	162	8774
ūljan	231	43903
ūljanda	221	83186
ūljandy	208	59954
ūljanmen	220	81448
ūljanğa	198	43905
ūlmen	179	19562
ūlmyn	179	19211
ūlpa	181	21406
ūlpan	231	80134
ūlpannyñ	219	80401
ūlpanğa	219	80136
ūlpasynyñ	213	70457
ūlsyn	190	32324
ūlsyz	214	71778
ūlsyñ	177	17847
ūlt	153	5230
ūltabar	218	78520
ūltai	205	55581
ūltan	214	72597
ūltaraq	199	45222
ūltaraqtai	225	88724
ūltjandy	220	81505
ūltqa	194	37707
ūlttar	178	18992
ūltty	194	14995
ūlttyq	231	95022
ūlttyñ	173	14996
ūltu	186	27239
ūltuar	218	78313
ūlty	191	33593
ūltym	208	60068
ūltyn	206	52786
ūltynyñ	204	52788
ūltyq	199	45226
ūltyñ	212	68635
ūltşyl	218	78340
ūltşyldyq	220	82122
ūlular	216	75738
ūly	231	4548
ūlylyq	230	94244
ūlym	151	4549
ūlyma	187	28677
ūlymda	212	67666
ūlymdy	190	31657
ūlymen	213	70193
ūlymmen	211	65893
ūlymnyñ	188	29702
ūlymyn	212	67292
ūlymyz	207	58310
ūlymyzdyñ	225	88393
ūlyn	186	27469
ūlyna	195	39352
ūlynyñ	188	29022
ūlyp	210	64252
ūlyq	180	20279
ūlyqbek	186	26414
ūlyqpan	203	51311
ūlyqsat	226	89966
ūlyqtau	230	93944
ūlys	212	65707
ūlystyñ	215	74228
ūlysy	211	65708
ūlytauğa	229	93230
ūlyñ	168	11594
ūlyña	211	66443
ūlyñdy	206	57748
ūlyñnyñ	183	22998
ūlyñyz	192	34907
ūlyñyzdyñ	201	48289
ūlğa	166	10399
ūlğaitu	202	50520
ūlğaiu	223	86451
ūmtyl	196	34248
ūmtyla	213	69945
ūmtylu	192	34249
ūmtylyp	199	44883
ūmtylys	198	43188
ūmtylğan	206	56513
ūmtyp	179	19403
ūmyt	158	6502
ūmyta	231	36894
ūmytady	204	53197
ūmytaiyn	203	51741
ūmytaiyq	214	70998
ūmytalmai	219	80192
ūmytamyn	203	52487
ūmytamyz	219	80597
ūmytasyn	219	80935
ūmytasyñ	194	36897
ūmytatyn	203	51452
ūmytpa	231	6504
ūmytpadym	199	45182
ūmytpadyñ	216	75495
ūmytpai	157	6505
ūmytpaidy	200	45964
ūmytpaimyn	173	15125
ūmytpaimyz	187	27870
ūmytpaisyñ	209	62157
ūmytpaityn	207	59050
ūmytpaiyq	195	38439
ūmytpapsyñ	226	89858
ūmytpasam	207	58171
ūmytpasañ	213	70492
ūmytpasymdy	225	88271
ūmytpasyn	207	58098
ūmytpau	197	42137
ūmytpañdar	183	23421
ūmytpañyz	174	15348
ūmytpañyzdar	181	21604
ūmytpañyzşy	208	60545
ūmytpağan	202	49874
ūmytpaşy	190	32040
ūmytqan	231	97201
ūmytqym	206	57067
ūmytty	200	21917
ūmyttym	182	21918
ūmyttyp	197	42607
ūmyttyq	210	64566
ūmyttyryp	218	78568
ūmyttyñ	188	29787
ūmyttyñyz	223	86948
ūmytu	231	26217
ūmytuğa	185	26219
ūmytylmas	199	44266
ūmytylyp	194	37424
ūmytylğan	217	77589
ūmytyp	231	53394
ūmytyppyn	204	53397
ūmytypta	211	65610
ūmytşaq	199	45671
ūmytşy	199	45820
ūn	149	1178
ūnady	130	1181
ūnadym	219	79782
ūnadyñ	212	67782
ūnai	171	6194
ūnaidy	231	94954
ūnaima	231	96275
ūnaimyn	197	41321
ūnaisyz	198	43505
ūnaisyñ	231	96320
ūnaityn	156	6197
ūnaityny	210	50929
ūnaitynyn	202	50930
ūnama	221	1585
ūnamady	164	9841
ūnamai	141	1586
ūnamaidy	134	1588
ūnamaimyn	211	66288
ūnamaisyñ	200	46061
ūnamaityn	174	15177
ūnamasa	153	5213
ūnamağan	191	33361
ūnamdy	207	59366
ūnamsyz	217	76751
ūnapty	220	82117
ūnasa	143	2813
ūnasam	215	73486
ūnatady	173	14545
ūnatamyn	176	17128
ūnatasyz	206	56980
ūnatasyñ	178	18864
ūnatatyn	163	9122
ūnatatynyn	221	84350
ūnatpa	226	21427
ūnatpai	182	21428
ūnatpaidy	181	21430
ūnatpaimyn	183	23790
ūnatpaisyñ	207	58744
ūnatpaityn	195	38639
ūnatpasa	212	59341
ūnatpasañ	207	59342
ūnatpağan	210	64070
ūnatqan	174	15418
ūnatqanyñ	219	81230
ūnatsa	199	45501
ūnatsam	213	69414
ūnatsañ	200	46565
ūnatty	209	33557
ūnattym	191	33558
ūnattyñ	216	75237
ūnatu	186	26548
ūnatyp	147	3671
ūnau	189	30680
ūnauğa	213	69665
ūnağan	157	6837
ūnağany	200	24617
ūnağanyn	184	24618
ūnağanyna	204	53837
ūndy	200	47178
ūnnan	215	73582
ūntaq	195	39415
ūntaqtau	226	89589
ūnğa	208	60704
ūpai	169	12500
ūqpadym	189	30060
ūqpai	177	17757
ūqpaidy	197	41894
ūqpaisyñ	212	67907
ūqpaityn	210	64674
ūqsa	218	5017
ūqsai	185	11316
ūqsaidy	231	95182
ūqsaimyn	195	38892
ūqsaimyz	196	40808
ūqsaisyn	207	59564
ūqsaisyz	208	60171
ūqsaisyñ	186	27042
ūqsaisyñdar	209	62061
ūqsaityn	167	11319
ūqsamaidy	231	96531
ūqsamaimyn	221	83601
ūqsamaisyñ	187	28726
ūqsamaityn	193	36817
ūqsamasañ	221	82911
ūqsamağan	217	77836
ūqsap	231	95234
ūqsas	152	5018
ūqsasa	199	44987
ūqsastyq	188	29226
ūqsastyğy	186	26981
ūqsasyn	215	74424
ūqsata	207	58663
ūqsatam	213	69857
ūqsattym	208	60568
ūqsatu	222	85161
ūqsatyp	180	20525
ūqsau	226	90154
ūqsağan	165	10122
ūqta	164	9383
ūqtym	187	28092
ūqtyñ	187	27953
ūqypsyz	229	93524
ūqyptylyq	219	80143
ūr	177	3995
ūra	231	23207
ūrady	183	23209
ūraiyn	192	34417
ūramyn	219	79912
ūramyz	204	53120
ūran	192	34178
ūrandy	218	78668
ūrany	198	42962
ūrasyñ	205	54706
ūratyn	185	25564
ūrdy	176	17310
ūrdym	197	41965
ūrdyñ	209	62867
ūrlama	185	26300
ūrlanyp	216	75508
ūrlanğan	211	65619
ūrlap	148	3998
ūrlatyp	214	72350
ūrlau	204	53142
ūrlağan	192	34974
ūrlyq	187	28516
ūrlyqşy	191	33401
ūrlyğy	227	91482
ūrma	198	43226
ūrmai	207	58031
ūrmaidy	212	68798
ūrpaq	231	17320
ūrpaqqa	176	17322
ūrpaqsyz	219	81068
ūrpaqta	230	28982
ūrpaqtan	195	39539
ūrpaqtar	204	28983
ūrpaqtardan	221	83797
ūrpaqtary	188	28984
ūrpaqtaryna	204	53906
ūrpaqty	192	23911
ūrpaqtyñ	183	23912
ūrpağy	183	22943
ūrpağymyz	206	56334
ūrpağyn	208	54039
ūrpağyna	204	54040
ūrpağynyñ	219	79816
ūrpağyñ	214	72351
ūrsady	156	6416
ūrsai	215	47777
ūrsaiyn	201	47779
ūrsamyz	210	64255
ūrsasyñ	204	53710
ūrsatyn	177	17696
ūrsañ	206	56387
ūrsyn	181	21346
ūrsypty	220	82457
ūrsysu	216	75437
ūrt	224	54985
ūrttap	205	54988
ūru	176	17121
ūruğa	200	47384
ūrylar	212	68587
ūrylyp	224	87340
ūrynyp	193	36501
ūryp	231	95197
ūryqtanu	222	85107
ūryqtyq	217	77477
ūryqtyñ	204	54322
ūrys	231	9296
ūrysa	175	16565
ūrysady	183	23967
ūrysaiyn	209	61606
ūrysamyz	206	56287
ūrysatyn	189	30423
ūryspa	187	14124
ūryspady	212	67336
ūryspai	172	14125
ūryspaidy	196	40714
ūryspaima	209	62507
ūryspaimyn	206	56560
ūryspaimyz	190	32278
ūryspaityn	199	45862
ūryspaiyq	211	66564
ūryspaiyqşy	213	70047
ūryspasa	214	72412
ūryspañdar	198	42735
ūryspaşy	209	62511
ūrysqa	200	12993
ūrysqan	170	12994
ūrysqanda	196	40045
ūrysqaq	180	19978
ūrysqym	187	27971
ūrysqyñ	206	56343
ūryssa	190	32313
ūryssam	205	55803
ūryssaq	219	78406
ūryssaqta	218	78408
ūryssañ	214	72385
ūryssyp	205	55002
ūrysty	163	9298
ūrystym	190	32125
ūrystyma	211	66671
ūrystyq	199	45828
ūrystyñ	199	44421
ūrysu	196	40456
ūrysuğa	201	48215
ūrysyp	231	95239
ūrysysyp	218	78598
ūryğyn	230	93837
ūrğan	175	16192
ūrğanda	207	59057
ūrğany	215	73418
ūrğanyn	219	81352
ūrğaşy	167	11043
ūrğym	210	65083
ūrğyzyp	222	85229
ūrşy	221	54488
ūrşyq	205	54489
ūsaq	159	7609
ūsqynsyz	205	54801
ūsqyny	219	80893
ūsta	159	863
ūstady	231	42009
ūstadym	231	93296
ūstadyma	229	93297
ūstadyq	222	85321
ūstadyñ	197	42010
ūstadyñyz	227	91508
ūstai	151	4649
ūstaidy	158	6959
ūstaima	204	54297
ūstaimyn	190	31796
ūstaimyz	198	43826
ūstaisyz	221	83454
ūstaisyñ	188	29711
ūstaityn	169	11953
ūstaiyn	203	51003
ūstaiyq	215	73904
ūstalar	211	66223
ūstaldy	208	42266
ūstaldyñ	197	42267
ūstalyp	165	10357
ūstalyq	215	74456
ūstalğan	193	36437
ūstama	185	865
ūstamady	202	49251
ūstamadym	217	76386
ūstamai	127	866
ūstamaidy	159	7331
ūstamaisyñ	218	79503
ūstamaityn	193	35943
ūstamasa	202	50554
ūstamasyn	225	88428
ūstamau	214	71606
ūstamağan	208	59778
ūstamdy	212	67665
ūstamdylyq	217	76844
ūstanady	213	70404
ūstanatyn	207	58635
ūstanu	203	51372
ūstanym	201	48633
ūstanymy	202	49524
ūstanymym	219	81010
ūstanyp	208	60334
ūstanğan	200	47369
ūstap	231	94824
ūstar	188	29891
ūstasa	179	19277
ūstasam	189	30442
ūstasañ	199	45448
ūstasyn	208	59912
ūstasyp	173	15161
ūstata	215	73004
ūstatpai	205	54419
ūstatpaidy	211	67022
ūstatu	230	93776
ūstatyp	186	26553
ūstau	159	7392
ūstaudy	210	64629
ūstauy	208	60755
ūstauğa	170	12655
ūstauşy	223	86551
ūstaz	231	11911
ūstazdan	201	48551
ūstazdar	168	11914
ūstazdardy	225	53686
ūstazdardyñ	204	53687
ūstazdary	210	64701
ūstazdarym	229	93450
ūstazdarğa	199	44835
ūstazdy	214	43454
ūstazdyq	198	43455
ūstazym	181	21642
ūstazymyz	217	77120
ūstazğa	197	42334
ūstañdar	206	56445
ūstañyz	196	40283
ūstağan	159	7537
ūstağanda	188	29223
ūstağandar	224	87479
ūstağannan	222	84797
ūstağany	220	81488
ūstağanyñ	229	92951
ūstağym	197	41228
ūstağysy	222	84395
ūstağyñ	227	91056
ūstağyş	228	92484
ūsyna	202	21533
ūsynady	181	21535
ūsynamyn	193	36780
ūsynamyz	198	44132
ūsynatyn	207	58371
ūsyndy	184	24680
ūsyndym	223	87040
ūsynu	184	24692
ūsynylady	190	32430
ūsynylğan	175	16177
ūsynym	219	81361
ūsynyp	182	22370
ūsynys	157	6520
ūsynystar	194	37715
ūsynysym	187	27980
ūsynğan	177	17586
ūsyqtap	222	84666
ūt	201	9261
ūtatyn	205	55588
ūtqan	182	22809
ūtqym	204	52936
ūtqyr	227	90590
ūtsa	202	9263
ūtsam	163	9264
ūtty	182	22466
ūttym	191	33351
ūttyq	210	64094
ūttyñ	200	46532
ūtu	192	34191
ūtyldyñ	215	74242
ūtylyp	164	9395
ūtylys	230	94474
ūtylğan	206	57737
ūtymdy	186	27117
ūtyp	231	95935
ūtys	169	11987
ūtysqa	198	43190
ūtysty	182	22396
ūzamai	189	30468
ūzap	192	34341
ūzaq	231	11216
ūzaqqa	167	11218
ūzaqta	205	49131
ūzaqtan	219	80759
ūzaqtau	201	49132
ūzaqtyğy	179	19881
ūzartady	223	86718
ūzartu	207	58864
ūzartuğa	223	86155
ūzartyp	200	46568
ūzaryp	195	39154
ūzatamyz	215	73105
ūzatu	167	11446
ūzatuda	220	81696
ūzatuğa	200	46594
ūzatylatyn	220	82760
ūzatylu	223	86808
ūzatylyp	190	32503
ūzatyp	177	17675
ūzağynan	157	6798
ūzağyraq	210	64264
ūzyn	231	4313
ūzyna	215	22957
ūzynağaş	183	22960
ūzynağaşqa	202	50447
ūzynağaşta	206	57535
ūzynağaştan	221	83118
ūzyndau	195	38312
ūzyndy	226	4315
ūzyndyq	202	44949
ūzyndyqqa	199	44951
ūzyndyğy	150	4317
ūzyndyğyn	184	24766
ūzynnan	202	49287
ūzyny	196	40664
ūzynyn	218	79371
ūzynyraq	222	84551
ūzynşa	217	77014
ūğatyn	215	74553
ūğu	223	86171
ūğym	167	11020
ūğymdar	188	29888
ūğymdary	209	62757
ūğymdy	187	28304
ūğymy	175	16165
ūğymyn	189	30563
ūğymğa	214	72623
ūğynu	204	54024
ūğynyp	217	77512
ūğynyqty	225	88236
ūğyp	185	26092
ūşady	189	30051
ūşaiyn	213	70289
ūşam	204	52962
ūşamyn	221	84177
ūşamyz	208	60267
ūşan	229	93099
ūşaq	182	22529
ūşaqpen	206	57100
ūşaqqa	204	52774
ūşar	214	72146
ūşasyñ	208	59682
ūşatyn	192	34980
ūşpa	222	84967
ūşqalaq	224	87229
ūşqan	231	57698
ūşqanda	206	57700
ūşqyn	194	37964
ūşqyr	205	55286
ūşqyş	194	38036
ūştala	209	61684
ūştap	221	83594
ūştastyru	230	94293
ūştağan	229	93083
ūştağyş	208	60525
ūşty	186	27089
ūştym	217	77895
ūştyq	226	89542
ūşuğa	218	78892
ūşy	231	29266
ūşymen	190	32531
ūşyn	231	40225
ūşyna	196	40226
ūşynan	200	46202
ūşynda	199	44351
ūşynyp	201	48517
ūşynğan	227	91195
ūşyp	231	95610
ūşyq	191	32686
ūşyqsyz	207	58741
ūşyr	227	29267
ūşyrady	189	30222
ūşyraidy	189	30299
ūşyrap	192	34405
ūşyrau	225	88592
ūşyrağan	189	31238
ūşyru	224	88062
ūşyryp	188	29269
