token1	token2	weight
a	a	0
a	men	9
kerek	emes	8
jaz	dep	8
aman	bolsyn	10
aman	esen	10
en	bırınşı	5
en	bastysy	10
edı	ğoi	9
al	men	7
alla	qalasa	10
alla	razy	9
allağa	şükır	9
djoker	djoker	2
bol	auyrma	1
bolğan	eken	9
bolğan	soñ	9
anau	mynau	8
jat	dep	4
vsö	vsö	8
vsö	budet	8
at	jarys	8
aty	kım	10
sälamatsyz	apai	7
aldy	dep	2
aldyn	ala	10
boi	jetıp	3
boiy	ūzyn	9
basta	men	6
basta	basta	5
basta	dep	8
bu	de	9
bolma	adam	6
bolma	dep	5
bolmai	jatyr	8
bolmai	tūr	8
bolmaidy	ğoi	6
otyr	ğoi	9
qyzy	bar	10
qyzyq	emes	6
ekınşı	ret	8
ket	dep	10
bıl	men	10
bıl	endı	8
da	da	9
daje	esli	9
jatyrsyñ	dar	6
matematika	dan	8
basy	bos	6
qalyñ	qalai	8
byl	by	2
byl	bolsyn	7
byla	by	8
tañ	janym	4
tañerteñ	erte	10
jürmın	şükır	10
jürmın	ğoi	10
jek	körem	7
jek	körıp	7
jatsyn	dar	10
keş	jaryq	8
alady	eken	4
jauyp	jatyr	10
jauyp	tūr	7
keşı	joq	9
keşır	keşır	1
keşırım	sūraimyn	3
tar	bolyp	3
özın	özı	6
vsmysle	vsmysle	3
barlyğy	jaqsy	1
jazu	kerek	8
senderge	de	3
jol	bolsyn	9
joly	bolsyn	6
bai	quatty	10
bailanys	üşın	10
alasyñ	ğoi	8
alatyn	adam	8
kel	dep	10
kelgen	joq	9
kelgen	soñ	10
do	konsa	10
dom	zadanie	3
keldıñ	törlet	6
dobroe	dobroe	5
tate	men	5
em	bolsyn	10
emespın	ğoi	4
dobryi	veşer	6
dem	alyp	5
demal	endı	8
demal	janym	7
taksi	bar	4
taksi	barma	9
pysyp	kettı	10
sonymen	bırge	2
sonymen	qatar	9
bärı	jaqsy	4
jıber	dep	7
taqyryp	boiynşa	8
aqşasy	bar	6
aqşasy	qanşa	9
aqşasy	joq	9
kelp	tūr	9
kelp	tūrğan	8
kelp	alp	9
bıttı	ğoi	9
kör	dep	7
kör	janym	10
köre	almai	9
alihan	sen	9
jūma	künı	1
jūma	mübäräk	10
aitsa	da	4
aitsa	aita	7
aitsa	bolady	8
bağasy	qanşa	8
alasyz	ğoi	3
kazak	tılı	8
qaldary	qalai	6
qaldaryñ	qalai	1
alam	dep	1
alamyz	dep	7
beresıñ	beresıñ	7
beresıñ	ğoi	9
oilan	oilan	8
ösıp	jatyr	2
gold	bar	6
gold	osy	10
jolda	kele	8
joldas	joldas	6
allanyñ	nazarynda	3
kelme	dep	9
kelmei	jatyr	2
aijan	apai	7
türde	jauap	10
kelmeidı	dep	9
kelmeidı	ğoi	9
alma	kezek	9
almai	jatyrmyn	10
almaidy	dep	8
almaidy	eken	10
almaidy	ekenmın	10
däpter	alyp	10
däpterge	jazyp	9
däpterge	jazamyz	6
därı	ışıp	10
tapsyr	dep	7
tapsyrmalar	qaida	1
tapsyrmalardy	oryndap	9
ydys	juyp	5
berılgen	tapsyrmany	4
almadym	dep	10
almadym	ğoi	8
alamyn	dep	8
bılmei	otyrmyn	7
tūr	ğoi	9
tūrmyn	ğoi	7
kım	bar	3
kımde	bar	10
taqyryby	men	3
taqyryby	boiynşa	6
taqyryby	qandai	8
bırde	bır	6
bırde	bar	4
bırdei	bolyp	9
ketse	eken	10
barsa	barsa	9
barsam	bolady	9
barsam	bolama	8
amansyñba	qalaisyñ	7
qatyp	jatyr	8
bıle	almai	8
bıle	tūra	7
bıledı	ğoi	6
bara	jatyrmyn	7
baraiyn	dep	8
para	kerek	3
qazırgı	kezde	9
qazırgı	tañda	10
qalypty	jağdaida	9
qalypty	ğoi	9
özıñ	qalaisyñ	4
er	adam	3
ere	bersın	10
jıberdı	dep	2
jıberdı	ğoi	7
alğa	qoiğan	6
alğaş	ret	7
alğaşqy	merekesı	2
bıtıp	qalypty	6
bıtıp	qaldy	9
tyñdap	köruge	6
bırden	bır	9
jağy	da	8
jağy	qalai	9
jağyn	özıñ	7
jağyn	bılmedım	9
jağynan	da	6
jağynan	jaqsy	7
jauaby	bar	9
jauaby	joq	8
jıberem	dep	8
jıberemın	dep	7
saq	bol	6
saq	bolyñdar	5
saqtap	qoidym	9
ketıp	bara	8
ketıp	qaldy	9
ketıppın	ğoi	10
et	asyp	1
bükıl	älem	9
özderıñ	qalaisyñdar	8
özderıñız	qalaisyzdar	3
aita	ber	2
aitam	dep	8
aitamyn	dep	10
aitamyn	ğoi	6
bärımız	bır	8
bärımız	bırge	9
estıp	tūrmyn	8
kem	degende	9
belgı	berıñder	7
belgı	beremız	8
belgılı	bır	6
jerı	jaily	3
şama	kelgenşe	6
şama	kelse	7
şama	joq	8
tügel	emes	7
tügel	qatysamyz	9
qait	dep	9
qait	üige	5
qaita	qaita	5
qaitadan	jıberşı	5
tapsyrmasyn	oryndap	7
au	janym	7
aurp	tūr	5
aurp	kettı	5
qasym	han	7
qasym	jomart	9
qasymda	adam	6
qasymda	adamdar	9
ben	jıgıt	10
ben	kto	9
bal	alyp	5
dünie	jüzı	9
jaza	ber	6
jazam	dep	10
berıñder	dep	6
aitpai	aq	8
aitpaim	aitpaim	3
aitpaim	dep	6
auyrma	añsağan	7
maman	men	3
maman	iesı	9
körınıp	tūr	6
kımsıñ	kımsıñ	3
jattap	al	10
bolsan	men	10
bolsan	boldy	8
jazda	jūmys	7
jazda	baram	8
jata	ber	7
jatady	ğoi	9
kerı	bailanys	9
qos	laik	3
qosymşa	oqy	6
qosymşa	tabys	10
keşkı	as	9
qyzdarğa	aityp	9
qyzdarğa	arnalğan	9
bek	bek	8
bekzat	degen	1
är	türlı	8
ärqaşan	jüzıñnen	8
bolmady	dep	6
bolmady	ğoi	8
kördı	ğoi	4
kördıñ	ğoi	4
şyğatyn	kezde	3
jar	bolsyn	10
jarym	jyl	2
jylda	bır	9
jylda	jana	8
şyğamyz	dep	5
şyğamyz	būiyrsa	8
jylğa	aman	9
jylğa	deiın	10
jylğa	qarsy	5
as	bolsyn	10
asty	syzylğan	2
degenı	bar	5
degenı	eken	8
degenı	qalai	8
degenım	ğoi	8
degenımız	ol	1
mas	bop	6
mas	bolyp	6
maska	tağyp	5
maska	kiıp	7
jazdy	dep	9
jazdy	ğoi	7
jazdyñ	ğoi	9
jyldan	berı	5
jyldan	keiın	10
krem	dlia	8
ese	artyq	5
esep	şyğaru	8
eseptı	şyğaryp	10
özımnıñ	de	7
almaisyñ	ğoi	8
jet	ata	5
jet	baqytty	6
jetpei	jatyr	8
jetpei	tūr	8
bılmedım	men	8
bılmedım	ol	9
bılmedım	ğoi	7
jatyrm	özıñ	8
jatyrma	dep	6
karta	oinap	9
oibu	men	3
oibu	janym	9
jattyğu	jasau	8
jattyğu	jasap	7
ūstamai	jatyr	6
ūstamai	tūr	5
olarğa	da	8
denı	dūrys	5
qaidağy	bır	2
qaidağy	joq	9
dei	ber	8
deimın	da	9
deimın	de	9
mümkın	emes	5
mümkındık	bolsa	6
mümkındık	beredı	10
äkep	berdı	8
quanyş	pen	9
quanyşty	künderıñ	7
beret	dep	6
beret	eken	5
üidegıler	jaqsy	9
üidegıler	qalai	9
köşe	jaqqa	4
köşege	şyğyp	5
nazym	nazym	4
jazşy	jazşy	5
jazşy	dep	8
jazşy	mağan	9
bıreuı	bar	7
bıreuın	tañda	6
bıreuın	tañdap	7
tom	men	9
tom	je	8
türlerı	bar	6
berıñız	jüzıñızden	5
berıñızşı	dep	9
berıñızşı	ötınış	9
şyğaru	kerek	4
şyğarsyñ	dep	4
şyğarsyñ	endı	8
du	du	9
dumai	kak	1
söitıp	jürıp	1
sözder	men	8
köret	dep	9
köretın	adam	1
aş	dep	7
aş	qarynğa	9
aşu	kerek	8
jūmysy	bar	5
jūmysyn	qalai	8
jūmysyn	ıstep	8
künı	qūtty	9
künıñ	qūtty	6
künıñız	qūtty	3
künıñız	sättı	3
esı	dūrys	8
esık	aldynda	4
esık	aşyq	9
anyq	emes	9
anyq	qylyp	7
köredı	dep	8
köredı	eken	9
köredı	ğoi	7
ışkı	jan	8
ışkı	qūrylysy	8
gül	syilaisyñ	9
la	la	6
lan	men	2
lan	davai	7
qūr	qol	7
qūr	bosqa	6
qūrmettı	oquşylar	5
beresız	ğoi	10
beru	kerek	5
beruge	bolady	3
fota	jıberşı	6
jüre	ber	4
jüred	dep	6
jüredı	zarplata	4
bıtırıp	jatqan	7
baian	sūlu	7
ün	joq	7
ün	tünsız	4
ünemı	osylai	5
ünemı	külıp	9
aitty	dep	8
aittyñ	ğoi	10
alina	men	3
alina	degen	7
ainalaiyn	au	9
renjıme	renjıme	6
renjımeşı	renjımeşı	6
aşa	almai	2
körsetıp	jatyr	4
körsetıp	tūr	7
ju	ju	7
ju	dep	3
tärbie	sağaty	6
osynyñ	bärı	6
osynyñ	bärın	10
ketsın	alla	9
ketsın	dep	8
qatys	dep	9
qatysty	emes	1
qanat	ağa	8
qanat	ümbetov	8
qanat	tıleimın	9
instagram	da	7
instagram	arqyly	7
anany	mynany	9
jıberesız	ğoi	6
qaisysy	dūrys	2
etpeidı	janym	8
etpeidı	ğoi	4
almaityn	şyğarmyn	5
almaityn	boldym	9
qarağanda	jaqsy	10
kömek	kerek	7
kömektesıp	jıberşı	6
kömektesıp	jıberıñızşı	7
üstın	basyp	9
üstıne	nūr	2
kündı	jazamyz	6
kündız	tünı	9
kündız	ūiyqtap	8
jatsa	da	9
jatsam	da	9
ah	ah	7
aha	jaraidy	4
ahahah	ahahah	7
ahahahahahahahah	ahahahahahahahah	1
orynda	dep	1
oryndai	almai	9
jüretın	edı	7
jüretın	edım	8
aitsañ	boldy	9
massaj	jasap	4
oblysy	boiynşa	5
bolam	dep	9
bolamyn	dep	7
dos	retınde	4
dostary	köp	9
dostarym	bar	3
bırneşe	ret	7
körıne	ber	4
körıne	bersın	5
ūnady	mağan	6
istoriia	salyp	3
qalsa	da	4
qalsa	eken	7
qysqa	daiyndyq	9
eşkım	joq	7
eşkımdı	jaqsy	8
kei	kezde	3
keibır	adamdar	7
taqyrypty	jazyp	8
taqyrypty	oqyp	9
krasnyi	barhat	8
oq	atyp	4
oqy	oqy	1
tabylady	jäne	8
tabylady	ğoi	6
bos	emes	5
bosa	da	6
bosamai	jatyr	7
oilai	ber	5
oilai	bıl	7
oilai	berme	6
oilaimyn	men	6
köz	jasy	6
köz	timesın	200
közım	auyryp	7
jatam	men	9
jatam	dep	9
jatam	ğoi	6
qanşağa	aldyñ	7
qanşağa	deiın	8
jolğa	şyğyp	7
ärdaiym	jüzıñızden	8
ärdaiym	külıp	9
disıñ	ğoi	7
info	berıñderşı	3
informatika	dan	3
ärtürlı	bolady	8
kelmese	de	8
kelmese	ait	8
eşkımmen	söilesıp	8
eşkımmen	söileskım	9
türı	bar	7
türın	ai	7
türın	anyqta	9
qyzdarmen	söilesıp	6
jel	joq	5
jel	bolyp	9
jel	soğyp	7
ketsem	keşırım	9
bank	arqyly	7
sabağy	bar	8
sabağyn	bastaimyz	9
sabağyn	jaqsy	5
jete	ber	9
jete	almai	6
jetedı	dep	8
jetedı	eken	8
jetedı	ğoi	9
bi	bilep	6
biık	belesterden	7
basyna	baryp	5
basynan	bastap	7
barşa	mūsylman	4
barşañyzğa	qaiyrly	1
mamanyñ	tuğan	9
mamanyñ	tuylğan	5
alys	emes	9
jailap	jailap	7
jailap	şükır	6
jailap	jürıp	7
kelmedı	dep	9
kelmedı	ğoi	6
şyğarmyn	dep	5
mynadai	bolyp	3
jağdaida	da	7
jağdaida	ğana	5
kündelık	kz	6
vmeste	veselo	1
qol	timei	9
qoly	bos	8
qoly	timei	6
osymen	kırıp	8
bolaiyq	dep	9
jıberemız	dep	9
bolmait	dep	9
bolmaityn	närse	3
bolmaityn	siiaqty	9
bolmaityn	närsege	9
bırtürlı	bop	9
bırtürlı	bolyp	8
berme	dep	5
jıberu	kerek	6
körıñız	ūnasa	1
körıñız	tünıñız	6
jaqynda	ğana	7
oryndau	kerek	4
oryndau	üşın	3
nömır	berşı	9
baraiyq	dep	3
jastar	baqytty	3
vse	vse	5
bıreudı	tauyp	9
bıreudı	jaqsy	9
bıreudıñ	üiınde	5
bolaiyn	dep	9
atyn	kım	2
atyndağy	jalpy	6
atyndağy	azaq	8
bılem	ğoi	5
bılemın	ğoi	7
alsa	da	3
alsa	bolady	9
tūrmys	qūrğan	6
tūrmys	qūryp	6
tūrmysqa	şyğyp	7
aldyna	baryp	6
bıtken	joq	9
bıtken	soñ	9
keldık	üige	3
esım	şyğyp	3
esımde	joq	7
kır	juyp	2
kırgen	kezde	7
kırgen	joq	9
jasy	qūtty	9
jasy	ūzaq	10
jasyn	jasai	3
deti	kak	9
kıre	almai	8
kırem	dep	5
kete	ber	3
ketesıñ	dep	10
ketesıñ	ğoi	8
jazuğa	bolady	5
basyñ	aman	8
tūrdy	da	9
tūrdy	ğoi	7
tūrdym	özıñ	4
tūrdym	ğoi	7
jıberesıñ	ğoi	5
qosu	kerek	3
qosu	jäne	7
densaulyğy	qalai	5
densaulyğy	myqty	10
densaulyğyñ	qalai	4
densaulyğyñ	myqty	8
dūğa	tılekterıñız	4
mynağan	jauap	6
baiağy	da	9
baiağy	jūmys	6
baiağy	jartas	8
deptı	bır	7
deptı	qoian	7
deptı	ğoi	8
kelu	kerek	5
tün	janym	1
tün	tynyştyğyn	9
tüngı	de	8
tüngı	sağat	5
qarapaiym	qyz	8
jağyp	jatyr	9
jağyp	jatyrmyn	6
būdan	keiın	5
türınde	jaz	8
bızdı	de	7
bızdıkı	de	9
bızdıkı	emes	3
dostyq	degen	9
dostyq	jaily	8
atty	otandyq	9
qyzmet	körsetu	4
olarda	da	9
mamalar	bar	6
oqi	ber	6
oqi	almai	8
oqi	beresız	7
oqidy	dep	9
oqidy	eken	9
oqidy	ğoi	8
aitqanyñ	kelsın	8
aitqanyñyz	kelsın	1
jıberıñder	dep	1
bärıñ	bır	6
qūran	oqytyp	6
qūran	oqyp	8
jağdaiy	jaqsy	9
jağdaiy	qalai	6
jağdaiyñ	qalai	9
jağdaiyñ	jaqsyma	5
bolyñyz	apai	6
byli	by	4
bılu	kerek	7
bılu	üşın	3
bıletın	adam	8
bıletın	şyğarsyñ	6
şek	jıbere	9
şek	jıberseñız	9
ketu	kerek	8
jürem	dep	2
jürem	ğoi	6
mamandyq	tañdau	6
jürmız	ğoi	9
şans	bar	2
şans	joq	5
auyldan	kelgen	7
auyldan	kele	8
adamdar	bar	9
adamdardy	şattağy	8
adamdardyñ	bärı	7
belgısız	jan	8
belgısız	bolyp	6
ūnamai	tūr	7
ūnamai	qaldy	8
ūnamaidy	mağan	5
dokument	kerek	3
dokument	tapsyryp	6
dese	de	7
aiğa	alğaş	10
aiğa	deiın	9
vtornik	künı	5
köp	köp	3
köptegen	adamdar	5
aitamyz	dep	6
aitamyz	ğoi	7
özınen	özı	8
özınen	sūrap	5
jekege	jıberemız	8
şat	bar	9
şat	aşu	9
aldym	dep	6
aldyq	dep	9
biıkterden	körınıp	6
biıkterden	körıne	10
bılmeidı	ekenmın	3
bılmeidı	ğoi	6
kyzy	bar	9
mūqiiat	bol	2
mūqiiat	qarap	9
mūqiiat	oqyp	9
bolu	kerek	10
jazatyn	adam	2
bıleiın	degenım	7
bıleiın	dep	9
oiym	men	4
oiym	joq	7
jasa	dep	9
jasa	baqytty	8
jasau	kerek	7
jasauğa	bolady	3
qyzdardyñ	bärı	5
qyzdardyñ	armany	7
kk	emes	7
künder	men	6
künder	köp	9
künder	qaldy	6
künderı	qūtty	8
şatasyp	ketıppın	5
şatasyp	ketken	6
şatasyp	kettım	9
qoidy	dep	9
qoidy	ğoi	7
qoidyñ	ğoi	5
jıberedı	dep	3
jıberedı	eken	8
jıberedı	ğoi	6
dastan	men	7
jazaiyn	dep	5
jazaiyn	desem	4
alladan	basqa	9
alladan	tılegen	8
kafe	de	9
kafe	bar	8
kol	bos	6
kol	timei	5
kolledj	de	6
kolledj	den	5
ūiyqtai	almai	9
ūiyqtai	almadym	5
qydyr	ata	10
qydyryp	jür	1
qydyryp	jürgen	6
qūrdas	qalaisyñ	7
balalarğa	arnalğan	6
köru	kerek	2
köruge	bolady	2
köruge	jazsyn	7
bereiık	dep	9
kedergı	bolmaiyn	4
kedergı	jasap	9
balalardy	alyp	8
balalardy	qorğau	5
balalardyñ	qyzyğyn	8
bardy	dep	4
bardy	ğoi	9
bardym	dep	6
bardym	ğoi	8
bolğany	jaqsy	4
bolğany	dūrys	8
bolğany	üşın	9
sūraqtar	boiynşa	9
sūraqtar	bolsa	9
sūraqtarğa	jauap	8
instada	bar	1
instadan	laik	4
instadan	körıp	6
keñ	taralğan	8
keñ	tarağan	8
keñes	beremın	8
mynalar	jatady	9
soska	qaida	5
soska	bop	9
qalada	tūrasyñ	9
qaladan	bolasyz	9
kündelıktı	ömırde	8
kündelıktı	ömırıñızdı	8
gülım	gülım	9
gülım	menıñ	8
öle	almai	6
öleñdı	ermek	1
tuyp	al	6
tuyp	ösken	8
jūğysty	bolsyn	8
qor	bolyp	1
qorqam	men	4
jıbersem	bolady	3
jıbersem	bolama	9
mūnda	qyzyq	3
mūndai	jağdaida	6
jetken	tuğan	6
saqtai	gör	8
saqtai	alasyñba	9
byltyr	da	3
edıñ	ğoi	5
edıñız	ğoi	4
endıgı	apta	4
endıgı	jyly	9
jatqam	özıñ	10
jatqam	joq	8
jatqam	ğoi	8
oinai	ber	6
oinai	almai	6
bania	bar	8
bania	jağyp	9
esepte	tūrady	3
esepter	şyğaru	1
qyr	syryn	3
qyrsyq	qyz	1
qyrsyq	qyrsyq	5
köşı	qon	5
köşırıp	jazyp	1
köşırıp	jazamyz	8
tırkeldım	tırkeldım	9
tırkeldım	laik	3
myñğa	deiın	8
myñğa	juyq	9
närsenı	aityp	7
kele	jatyr	6
kelem	dep	10
kelema	dep	6
aia	men	7
aia	aia	7
jasady	dep	7
qolyn	bos	5
qolyn	bospa	6
äreket	jasau	8
äreket	jasap	9
bolmas	edı	9
bolmas	üşın	4
bolmasyn	dep	7
himiia	dan	4
alaiyq	dep	10
şynymdy	aitsam	2
jaraisyñ	jaraisyñ	3
jaraisyñdar	balalar	6
kelgenşe	kömek	9
köreiık	dep	3
oryndağan	joqpyn	4
jattyğular	videomen	5
tūñğyş	prezident	9
tūñğyş	prezidentı	4
tūrğan	joq	9
jina	dep	8
jinalys	boldy	1
jinalys	bolyp	9
erke	qyz	9
erketaiym	menıñ	7
şynaiy	joba	1
osylar	bar	9
osylar	ğana	8
osylardy	jazyp	6
osylardy	ğana	7
alsyn	dep	7
qaryzğa	aqşa	3
syrt	közge	6
syrt	kiım	6
syrtqa	şyğyp	6
būiyrsyn	būiyrsyn	2
üiı	bar	3
üiıñe	baram	3
üiıñe	baryp	8
mi	aşyp	9
million	ret	6
million	kımge	6
syilyq	alyp	6
kırdı	dep	4
jettıñ	der	6
keteiın	dep	3
ışın	pysyp	2
ışın	aşyp	5
ışıne	salyp	9
ışıne	kırıp	9
jaurap	jatqan	2
jaurap	jürgen	7
keste	boiynşa	6
jeka	krasavşik	5
kalyn	qalai	1
kalyn	kiınıp	3
däm	bolsyn	9
dämdı	bolsyn	1
betın	jauyp	3
betın	tüsırıp	7
betıne	qarap	8
jaişa	zvandadyñ	3
şyq	dep	4
şyqsa	da	7
şyqsa	eken	9
şyqsa	boldy	9
jauaptary	bar	6
jauaptary	barma	5
uaqyt	joq	7
uaqytynda	oryndap	10
ädıl	sailau	5
ädılet	ädılet	4
bastym	endı	4
bastym	laik	7
kalam	dep	7
şal	men	2
şal	bolyp	5
jügırıp	jürgen	8
bermei	jatyr	9
bermei	aq	6
bermeidı	dep	8
bermeidı	eken	9
bermeidı	ğoi	6
barasyn	dep	5
memleket	basşysy	3
memleket	pen	8
tüs	kör	9
tüse	almai	9
baiqap	jür	5
baiqap	jürıñız	4
dam	tebe	8
damytu	jattyğulary	3
damytu	üşın	5
ärı	berı	9
ärıp	sany	9
mamadan	sūrap	3
ämır	jürmeidı	4
ämır	temır	4
ämırşı	kuañ	5
ara	arasynda	2
ara	qaşyqtyq	6
arasyn	da	9
körgem	joq	3
jaiau	bara	4
jaiau	kele	8
jattau	kerek	8
jelaiu	vam	2
jelaiu	krepkogo	7
jelaiu	tebe	9
konspekt	jazyp	8
jüzege	asyru	4
jüzege	asyrylady	9
kanal	zaidi	10
idei	dlia	4
ideia	bar	1
bağasyn	jazyp	4
bağasyn	bılıp	8
dau	mama	8
dau	bolyp	7
älem	boiynşa	9
älem	elderı	8
älem	ädebietı	8
qasyna	baryp	6
tüster	kör	6
tüster	körıñız	4
baiağyda	bır	7
oqytu	men	1
alu	kerek	8
ata	analar	3
atak	men	9
ğylym	tappai	3
basym	auyryp	4
basymdy	juyp	5
jıberdıñ	ğoi	6
jabyq	tūr	4
jabyq	eken	7
özge	de	9
özge	adamnyñ	5
özgerıp	kettı	9
özgerıp	ketıptı	8
jasaimyn	degen	9
jasaimyn	dep	9
bıte	almai	4
bıtedı	eken	2
bıtedı	ğoi	6
etı	bar	9
etık	alyp	2
özınde	de	8
jart	sağat	6
jarty	sağat	3
jartysy	joq	7
qasyñda	kım	5
qalğandary	qaida	7
akt	zal	3
akt	zalğa	8
jazyñdar	dep	5
videomen	zvandap	5
syrtqy	ıster	7
betke	aita	9
betke	ūstar	9
jerın	auyryp	7
zattar	men	5
zattar	bar	9
zattardy	alyp	9
zattardyñ	fizikalyq	5
mys	pen	6
mysal	keltırıp	1
mysal	retınde	9
astana	bank	5
astana	baikonur	7
astanada	jūmys	10
bıreumen	söilesıp	2
bolmağan	soñ	3
medina	medina	5
otyra	ber	2
otyramyz	dep	10
bolğanyn	qalaisyñ	3
bolğanyn	qalaimyn	8
köñıldı	bolsyn	5
köñıldı	ötsın	7
kınälı	emes	7
kınälı	emespın	9
kınälı	bolyp	9
satylady	bağasy	9
mınez	bar	3
mınez	degen	6
mınezı	öte	6
aiaq	asty	8
aiaq	kiım	10
internet	ıstemei	7
internet	dūrys	10
internette	bar	10
internetten	qarap	3
internetten	ızdep	5
jyldy	jaqsy	8
jyldy	qalai	6
taksimen	bara	4
taksimen	kele	8
deitın	edı	7
köbısı	solai	4
degenşe	men	1
jürsın	dep	3
sandar	jiyny	5
sandardy	qosu	4
sandardy	bölu	7
videoğa	tüsırıp	6
bılesız	jäi	3
bılesız	ğoi	4
almaimyz	dep	6
almaimyz	ğoi	7
mynanyñ	bärın	7
mynanyñ	ışınde	8
aru	men	9
aruka	miks	10
tabiği	jäne	7
qamtamasyz	etedı	6
qamtamasyz	etetın	9
qamtamasyz	etu	9
keşeden	berı	7
keşeden	beri	3
zar	zaman	10
zarplata	tüstı	2
zarplata	kak	8
baldar	qalai	5
baldardy	alyp	10
qajetı	joq	3
jalğyzym	jalğyzym	1
jalğyzym	menıñ	6
jalğyzym	jüregım	5
bağan	türınde	9
alşy	telefon	1
etetın	faktorlar	5
alğam	joq	7
alğam	ğoi	6
jūmystamyn	ğoi	3
kez	kelgen	4
kezdesıp	jürgen	2
kezdesıp	söilesıp	5
aiy	qūtty	5
aiyna	bır	2
aiyna	qanşa	7
qoiypty	ğoi	6
dosy	bar	2
tūra	almai	4
tūra	bersın	10
tūraqty	jūmys	7
tūraqty	türde	8
tūraqty	söz	8
bersen	bolady	8
bersen	boldy	7
jastan	bastap	6
jastan	jasqa	7
dyñ	dyñ	5
qalar	dep	2
qalar	edım	6
auyzşa	jauap	7
oquşy	ğana	4
oquşylardyñ	sabaqqa	9
bolğym	keledı	9
keiıngı	kezde	5
jattym	men	4
jattym	qaiyrly	5
körmei	aq	6
körmei	jatyp	5
aitpady	dep	8
aitpady	ğoi	6
jylu	mölşerı	5
kıru	kerek	9
kıru	üşın	4
şaşy	ūzyn	6
şaşyn	alyp	5
şaşyn	jūlyp	5
şırkın	ai	9
elbasy	künıne	3
elbasy	nūrsūltan	6
kül	kül	9
küle	bermeş	1
stependiia	tüstı	9
alypty	ğoi	5
barmai	jatyr	2
barmai	aq	5
barmaimyn	dep	7
barmaimyn	deidı	5
oinaidy	eken	7
estıdım	ğoi	6
esımı	kım	2
taldau	jasau	2
sözben	aitqanda	7
sözben	aityp	6
eşqaida	şyqpai	7
oinaityn	adam	4
oinaityn	kezde	8
şyğamyn	dep	6
töl	merekeñ	4
töl	merekeñız	6
töle	bi	9
töle	dep	3
tölem	jasap	6
tättı	tüster	7
tättım	tättım	7
tättım	menıñ	9
bettegı	tapsyrmalardy	2
alar	toby	8
apar	dep	8
aparam	degen	1
aparam	dep	8
bastai	ber	3
bastai	almai	6
esımıñ	kım	9
kısıler	bar	2
kısıler	kelıp	4
kafege	baramyz	9
kafege	baryp	6
jyldyq	esep	5
jyldyq	qūtty	8
jyldyq	kezdesu	8
jyldyq	bolsyn	8
este	saqtau	9
astanağa	ketıp	6
astanağa	baryp	7
jüiesı	men	7
ıs	şara	6
ıs	jüzınde	10
ıste	dep	10
adamnan	adam	3
qūiyp	jatyr	5
qūiyp	tūr	4
sūrau	kerek	4
densaulyğyñyz	jaqsy	2
densaulyğyñyz	qalai	9
densaulyğyñyz	myqty	6
densaulyğyñyz	jaqsyma	8
belsendı	türde	9
oian	qazaq	9
oianyp	kettı	1
oianyp	kettım	8
kölık	barma	7
jien	qalaisyñ	8
kelemız	degen	4
kelemız	dep	8
kelemız	deidı	6
üstınde	tūr	9
jatatyn	jer	5
doşa	kak	6
doşa	qalai	7
qap	qara	7
qapty	ğoi	4
samsung	galaksi	2
kürdelı	zattar	1
jañbyr	jauyp	4
jañbyr	qūiyp	6
jañbyr	jaudy	8
esepterdı	şyğaramyz	9
esepterdı	şyğaryp	8
ūiqy	qaida	6
ūiqy	joq	7
ūiqydan	endı	9
ūiqydan	jaña	6
saqtau	kerek	9
saqtau	üşın	6
düniege	kelgen	7
kapes	kak	5
kelıñız	dep	1
jürsız	ğoi	3
bary	osy	6
bary	jaqsy	8
bary	byr	7
ketpe	dep	9
ketpei	jatyr	2
ketpei	tūr	5
bıreuler	üşın	9
damu	deñgeiı	4
jospar	boiynşa	8
jospar	bar	6
jospar	qūryp	9
jıbermei	jatyr	8
jıbermei	aq	7
sözdıñ	mağynasy	5
sözdıñ	mağynasyn	9
sözdıñ	qysqasy	7
bersin	dep	9
baldary	bar	5
ısteimın	dep	3
ısteimın	endı	6
joğarğy	sot	9
mäsele	pıkır	8
qalyppyn	ğoi	4
keter	edı	1
keter	dep	8
keter	edım	9
şynyñdy	ait	7
şynyñdy	aitşy	8
aldynan	berı	3
aldynan	jarylqasyn	9
dop	alyp	3
dop	oinap	5
sözı	bar	6
sözım	joq	7
dal	solai	2
jako	jako	8
fizikalyq	jäne	4
fizikalyq	qasietterı	7
jarqyn	bolaşaq	7
jarqyn	bolsyn	9
suret	jıberşı	5
surette	körsetılgen	8
bolsañyz	boldy	5
zaiavka	berıp	7
zaiavka	tastap	6
künın	qūtty	6
doljen	byl	4
ketkem	ğoi	6
qanşama	adam	2
qanşama	ret	8
kofe	ışıp	7
ardaq	apai	2
eske	alyp	1
eskertıp	aityp	8
eskertıp	jatyrmyn	7
aiaz	ata	8
aiaz	bolyp	6
kru	kerek	8
qyzmetı	habarlady	1
qūt	bereke	3
qūtty	bolsyn	2
qūttyqtap	jatyr	1
qūrt	bar	6
qūrt	jep	6
alyñdar	dep	6
alda	kele	4
aldağy	uaqytta	5
qalmai	kelıñızder	3
qalmai	kelsın	7
qalmai	kelıñder	7
jazamyn	dep	9
qoiyñdar	dep	4
nömırı	bar	5
nömırı	barma	7
nömırın	jıberşı	5
nömırın	berşı	6
baru	kerek	6
baruğa	bolady	2
baruğa	jelaniia	8
ūnasa	boldy	9
ūnasa	laik	6
erkejan	erkejan	5
qoğam	men	2
qoğam	qairatkerı	7
qoğamdyq	jäne	7
joldan	alyp	9
joldan	tastap	7
körınedı	eken	6
jabylyp	qaldy	2
bolat	dep	5
bolat	eken	8
bolatyn	edı	9
jıberetın	edım	9
keles	apta	5
keles	jyly	7
keles	audany	9
kelesı	apta	8
dauys	berıp	10
tiımdı	täsılmen	10
qoisai	boldy	8
män	berme	3
mänı	men	8
mänı	bar	8
mänı	joq	7
banu	banu	9
syrtta	jür	6
syrtta	jürgen	6
tūramyn	ğoi	5
qūdaiğa	şükır	3
jazad	dep	1
bau	berık	3
bauy	berık	1
bauyr	basyp	1
bauyrlar	qalaisyñdar	4
jön	eken	7
jön	bolar	4
jöndep	jatyr	8
ūiqyñ	tynyş	1
bırnärse	aitaiyn	9
bırnärse	sūraiyn	8
juu	kerek	9
jyldar	boiy	1
jyldar	aralyğynda	5
jatsyñ	dar	6
ärkım	özı	9
bızben	bırge	5
tūryñyz	tättı	3
bosağan	kezde	3
bosağan	soñ	4
bosağanda	zvanda	5
bosağanda	habarlas	8
degenıñ	qaida	6
degenıñ	qalai	4
bılgen	soñ	5
bılgen	joqpyn	8
künderıñ	köp	8
künderıñ	qūtty	9
künderıñ	sättı	6
ketseñ	ket	7
tabys	tabuğa	5
tabys	tıleimın	10
tabysty	bol	9
tabysty	bolyñyz	8
jeñıs	künı	5
jeñıs	künımen	7
jeñıs	künıne	10
qaitar	dep	9
tanymadym	ğoi	3
bırazdan	keiın	7
bırazdan	soñ	6
berdı	dep	4
berdıñ	ğoi	10
ısıp	tūr	3
ısıp	ketken	7
ısıp	kettı	8
ısıp	ketıptı	8
ketem	dep	9
ketemız	dep	6
ketemız	ğoi	5
ūiyqtaiyn	dep	6
respublikasy	bılım	1
respublikasy	prezidentınıñ	8
respublikasynyñ	tūñğyş	5
respublikasynyñ	prezidentı	7
dastarhan	basynda	8
dastarhan	jasap	8
dastarhan	jaiyp	5
siiaqty	ğoi	8
siiaqtymyn	ğoi	8
äiel	adam	1
äiel	baqytyn	10
äielı	bar	7
körgen	adamğa	4
gta	san	6
arty	jaqsy	1
arty	qaiyrly	7
tağyp	jür	4
jūp	bolyp	3
olimpiadağa	qatysatyn	5
olimpiadağa	qatysyp	8
bırı	bolyp	7
bırımızdı	jaqsy	6
qalağan	maman	2
qalağan	uaqytta	9
qalağan	oquyna	9
saluğa	bolmaidy	9
saluğa	bolady	9
kelseñ	jaqsy	4
kelseñ	boldy	8
üirenu	kerek	6
barlyğyna	sälem	3
taksige	salyp	5
kırsem	osylai	4
kırsem	bolama	6
astyna	jazyp	5
astyna	tüsıp	9
astynan	kır	8
şyqpai	jatyr	1
şyqpai	tūr	7
şyqpai	qaldy	8
şyqpaidy	eken	10
şyqpaidy	ğoi	7
ras	aitam	5
rasional	sandardy	7
rasional	sandy	3
jürse	de	9
qūrbym	menıñ	3
jan	jan	6
aldyñyz	qūttyqtaimyn	10
zatty	alyp	8
zattyñ	tyğyzdyğy	5
körınbei	tūr	8
körınbei	kettıñ	5
mūğalım	men	7
mūğalımder	künı	8
paiyz	jaqsy	2
qolğa	alyp	1
bölıgı	bolyp	5
jetpeidı	eken	6
jetpeidı	ğoi	5
berer	em	5
berer	edım	8
oiyndar	bar	4
doljny	byli	4
şauyp	jür	7
şauyp	jüre	6
qūry	bar	7
erıgıp	jürgen	2
küngı	dūğa	3
küngı	tılegen	9
küngı	sabaqty	9
davlenie	tüsıp	9
davlenie	köterılıp	5
qolda	bar	4
qoldan	kelgenşe	2
qoldan	jasalğan	6
qoldan	kelse	8
közden	aman	9
közden	saqtasyn	7
külkı	ketpesın	4
külkılı	emes	2
qoisam	bolama	2
aiu	otyr	3
aiu	aiu	8
kömır	salyp	6
kelsem	bolama	8
halqynyñ	bırlıgı	2
halqynyñ	ūlttyq	8
ısteu	kerek	9
ısteuge	bolady	2
kezek	kezek	3
qaza	bolsyn	1
qaza	qaiyrly	5
qazaq	qazaq	5
qazaq	tılı	5
qazaqstan	respublikasynyñ	9
qazaqstandağy	eñ	9
qazaqstandağy	ūlttyq	8
jıberıptı	ğoi	7
baq	bereke	1
baq	bersın	5
baqylau	jūmysy	6
jauapty	tauyp	7
jauapty	körsetıñız	9
küt	dep	5
küt	menı	8
küte	tūr	7
kütem	dep	4
kütem	ğoi	8
jerınde	tūrasyñ	7
aily	tün	5
tapsyrmalaryn	oryndaimyz	2
tapsyrmalaryn	oryndap	8
pıkır	qaldyru	4
auyrmai	aman	3
auyrmai	syrqamai	7
solardy	alyp	5
solardy	kütıp	8
solardyñ	qyzyğyn	7
solardyñ	ışınde	7
qūru	kerek	8
qūru	jäne	6
qūru	üşın	7
bosanyp	al	7
tamaq	ışıp	5
tamaqqa	şaqyryp	6
tamaqqa	toiyp	5
tyşqan	ūmytyp	6
atap	aitqanda	2
aptada	bır	7
aptadan	bastap	5
aptadan	keiın	7
aptadan	soñ	7
motivasiia	berıp	9
videolar	bar	5
videolar	bolsa	5
böten	adam	6
maqal	mätel	5
maqal	mätelder	5
küi	joq	7
küi	qalai	6
küieu	bala	4
küieuı	bar	5
küieuım	bar	4
oilağan	edım	3
oilağan	arman	9
oilağan	joqpyn	7
oilağan	armanyña	7
körmedım	ğoi	9
atymdy	jazyp	1
voleibol	oinap	4
tıl	közden	4
tılı	men	6
tılın	üirenu	9
sözın	söilep	7
sözıne	jauap	7
sözıne	män	9
küiı	joq	6
küiı	jaqsy	6
alğys	aitamyn	6
alğys	künı	10
alğys	aitu	9
myñnan	asa	8
myñnan	astam	9
barysyn	tüsındırıp	5
söilei	almai	1
jazba	dep	5
jazbaş	mağan	8
jazbaşa	bölu	3
şyğarğan	kezde	8
şyğarğan	joqpyn	6
balam	bar	7
balama	tılek	8
gu	guşi	6
gu	äuletınıñ	7
gugl	dan	3
gugldan	ızdep	7
qasietterı	men	4
qasietterı	boiynşa	6
qasietterı	bar	8
joqpyz	ğoi	8
ejelgı	adamdar	2
ejelgı	grek	8
bomai	tūr	9
tanityn	adam	4
oiyñ	bar	3
oiyñ	barma	9
oiyñ	jaman	9
aksiia	bolyp	9
qaşanğa	deiın	5
mekteptı	oryndap	3
jegım	kelıp	7
jegım	kep	4
videl	on	5
videl	kak	8
körsetu	kerek	5
körsetu	üşın	5
jüzı	tarihy	6
jüzıñnen	külkı	3
ülgı	boiynşa	1
ülgı	tūtar	8
ülgı	retınde	8
qatysa	almai	9
qatysa	almaimyn	9
qatysady	dep	9
köbeiıp	jatyr	8
köbeiıp	kettı	8
jasaiyn	dep	4
özımen	özı	2
besık	jyry	3
besık	jyryn	5
besık	toiğa	9
şağy	bolsyn	9
şağyn	jäne	1
syndyryp	aldym	6
qoldanu	kerek	4
qoldanu	arqyly	5
üilen	dep	6
üilenıp	jatyr	1
timesın	dep	3
timesın	tfai	8
tabiğat	pen	5
oiyndy	oinap	7
esıñ	dūrys	3
esıñe	tüsıp	2
bolaşaq	jarym	8
kırıñder	dep	7
oqymai	jatyr	5
artqa	qaita	5
bügınge	deiın	3
bügınge	soñğy	7
baruym	kerek	7
drug	druga	2
drug	drugu	4
druga	budem	8
künderıñız	qūtty	4
künderıñız	sättı	9
özgerıs	bar	4
özgerıs	barma	7
özgerıs	joq	9
bıldım	ğoi	7
qorşağan	ortany	1
qorşağan	ortanyñ	8
qorşağan	ortağa	4
krome	menia	7
bile	bile	2
bile	madam	9
ketsen	ket	3
dannyi	moment	2
kölemı	men	1
jylama	janym	6
kıretın	kezde	3
äskeri	kommunizm	5
bılım	beru	5
ülgermei	jatyrmyn	9
bauyrlarym	aman	3
būrynnan	bar	6
būrynnan	berı	6
alğym	kelıp	7
alğym	kep	7
alğym	keledı	7
jürdı	ğoi	9
jürdım	ğoi	2
bersek	bolady	1
bersek	bolama	4
qatyspai	jür	8
qatyspai	otyr	9
kelemın	dep	9
kelemın	deidı	6
şyğypty	ğoi	8
jazbai	aq	2
jazbaisyñ	ğoi	9
şymkent	özıñ	3
şymkent	özıñız	9
körmegen	adam	9
körmegen	soñ	6
mūz	bop	3
mūz	bolyp	8
kolm	bos	6
sızder	de	3
sızder	üşın	9
sızderdı	jaqsy	10
sızderdı	bügıngı	6
qajymas	qairat	9
jürma	dep	1
sızdı	jaqsy	8
sızdı	qatty	6
sızdıkı	de	9
sızdıkı	dūrys	7
jazasyn	bersın	4
kempır	şal	2
atasy	men	4
atasy	qaitys	4
aral	audany	7
aral	teñızı	7
aral	teñızınıñ	6
aralyğynda	aqşa	6
barsaq	qalai	7
qaraidy	dep	6
qaraidy	eken	9
qaraidy	ğoi	7
kıtapta	bar	6
kıtapta	joq	5
kıtaptan	tapsyrma	6
kıtaptan	oqyp	6
üzdık	oquşy	7
oqimyn	dep	2
sabağyñ	qalai	3
sabağyñdy	oqy	3
sabağyñdy	jaqsy	7
qolmen	jazyp	5
qolmen	ūstap	6
qabyl	bolsyn	5
qabyldap	jatyr	3
dünienıñ	baqytyn	5
ūnatyp	jürgen	2
ereje	boiynşa	2
ereje	jattau	8
ümıt	bar	3
ümıt	berıp	8
ümıtın	aqta	9
ümıtın	aqtap	5
tüsı	bar	5
tüsı	qandai	8
tüsınık	aitu	5
bailyq	densaulyq	5
bailyq	tıleimın	7
esımnen	şyğyp	4
jazsa	da	1
jazsan	jıberşı	7
qolynan	bärı	2
qolynan	ūstap	8
anyqtau	jäne	8
anyqtau	üşın	9
kompaniia	müşesı	4
kompaniia	jaily	3
būğan	deiın	8
qolym	bos	4
qolym	timei	7
qolymnan	kelmeidı	9
qolymnan	kelgenşe	9
ertegı	emes	7
ertegı	aityp	4
aitqym	kelıp	7
mını	osy	9
mını	menıñ	7
mını	apai	9
mınıp	alyp	9
juynyp	alaiyn	4
qoryqpa	men	2
aptasyna	bır	3
aptasyna	ekı	7
aptasyna	ret	8
sabağym	bar	8
lendke	kırıp	3
ball	alyp	3
ballar	qalai	10
sabağyna	tegın	2
sabağyna	qatysyp	6
sabağyna	daiynmyn	9
fon	dlia	8
qoldau	körsetıp	1
bettı	aşamyz	4
bettı	tüsırıp	7
taison	men	7
auzyn	jauyp	1
auzyn	berık	7
auzyn	aşyp	5
auzyna	kelgenın	9
auzyna	kelgendı	5
auzyna	ie	9
qosyla	almai	8
qosyla	bersın	7
qatysu	kerek	3
qatysu	üşın	5
berema	dep	7
ketım	men	6
şyğara	almai	5
şyğarady	eken	6
köktem	kelıp	5
köktem	merekesı	10
sot	oryndauşy	8
sotkam	öşıp	7
tauyq	mahabbat	6
berseñ	bolady	4
berseñ	boldy	7
berseñız	bolady	7
äser	etedı	3
äser	etetın	8
äserı	bar	9
kalynyz	qalai	4
baqyt	tıleimın	1
baqytty	bol	6
baqytty	bolyñdar	6
baqyttyñ	bazarynda	10
tömende	berılgen	1
tömende	körsetılgen	3
tömendegı	sözderdıñ	7
tömendegı	sıltemenı	8
suretter	bar	8
suretter	barma	8
suretterdı	öñdeu	8
suretterdı	jıberşı	6
oilama	oilama	5
tüsetın	edı	2
saldy	dep	1
saldy	ğoi	6
saldyñ	ğoi	5
aittyn	ğoi	4
kımen	söilesıp	3
kımen	sölesıp	3
tanymaityn	adam	7
tanymaityn	adamğa	6
jettım	dep	9
jettım	üige	7
jalko	emes	4
baiy	bar	1
baiym	bar	2
aspan	aily	3
aspan	jūldyz	6
jerım	bolsa	9
jerım	joq	6
jerım	auyryp	9
jatqanym	joq	9
jatqanym	ğoi	8
adamdarmen	tez	3
kırmi	jatyr	3
kırmi	tūr	3
jazğa	deiın	6
jazğam	ğoi	1
būzylyp	qaldy	2
būzylyp	kettı	7
kofta	men	9
ğasyrdyñ	basynda	6
mañyzy	bar	8
mañyzy	zor	7
körsın	dep	7
qūrdastar	qalaisyñdar	3
qaldy	ğoi	8
qaldyñ	au	8
qaldyñ	ğoi	9
qaldyñyz	ğoi	5
kezder	ai	2
eşkımnıñ	sözıne	4
şyğarmyz	dep	9
jasar	qyz	1
jasar	bala	7
mynadan	keiın	6
kaspi	gold	2
kaspige	aqşa	5
kaspige	salyp	4
esıñde	bolsyn	4
nazar	audar	3
nazarynda	bol	8
nazarynda	jüre	8
nazarynda	baqyttyñ	9
ūrlap	kettı	5
jolyñ	bolsyn	7
jolyñyz	bolsyn	2
nätije	sabaq	1
nätijesınde	paida	3
almağan	soñ	2
der	eken	3
der	kezınde	9
derme	oquşylar	8
baldardyñ	bärı	8
basqaru	jüiesı	4
zvanda	men	8
zvanda	dep	9
zvandai	ber	4
zvandai	almai	9
zvandaim	dep	8
zvandaim	janym	6
zvandaimyn	dep	7
käsıbi	sözder	1
käsıbi	sözderdı	5
qazyna	barsyn	6
köke	men	1
kettı	ğoi	8
kettım	ğoi	6
kettıma	dep	5
tabuğa	bolady	6
tabuğa	şaqyramyn	4
joldary	bar	9
joldary	bolsyn	8
joldaryñ	bolsyn	5
qoldap	jürsın	1
dausym	şyqpai	2
dausym	estılıp	8
dausym	jaman	7
qorğau	kerek	7
qorğau	jäne	9
qorğau	üşın	9
şyğuğa	bolmaidy	7
şyğuğa	bolady	7
qatysqan	oquşylar	5
qatysqan	joq	5
qatysqan	oquşylarğa	8
şar	dep	9
şarua	bar	4
şaruam	bar	8
şaruam	joq	6
basa	ber	3
basa	almai	8
basam	dep	9
balaly	ana	3
balaly	analar	9
tüsır	dep	8
tüsıre	almai	1
qūp	bolady	3
qūpiia	söz	1
qūpiia	bolmasa	5
ötkızu	kerek	7
ötkızu	üşın	4
ösken	soñ	6
ösken	saiyn	6
quady	eken	5
quady	ekensıñ	3
alsaq	bolady	7
salon	krasoty	5
eken	dep	1
eken	ğoi	9
ekenı	belgılı	10
ekenı	körınıp	7
kelıp	tūr	6
kelıptı	ğoi	10
ömırde	bar	1
ömırde	bärı	10
ömırden	tüñılıp	10
qyzdarda	bar	3
qyzdardan	kım	1
qyzdardan	sūrap	7
bılemız	ğoi	3
zvonok	pen	4
jağdaiyn	qalai	1
jağdaiyn	jasap	8
jağdaiyn	sūrap	8
bügınnen	bastap	7
bügınnen	qaldyrmai	3
oinaiyq	dep	9
otyrsyz	ğoi	3
aqyryn	aqyryn	5
aqyryndap	jürıp	4
şyğaiyq	dep	2
qarny	aşyp	1
qarnym	aşty	4
qarnym	aşyp	9
kazah	ili	3
äñgıme	ait	8
äñgıme	aitsai	7
äñgımenı	jıberıp	10
aptağa	deiın	3
bolsañdar	boldy	1
adammyn	ğoi	1
aralas	sandardy	3
aralaspa	dep	4
aralaspai	aq	1
mädeni	mūra	3
artymnan	adam	5
artymnan	ergen	6
bazar	joq	6
bazarynda	bol	2
bazarynda	allanyñ	9
bazarynda	jüre	5
dın	dep	6
bastau	kerek	5
aptanyñ	ışınde	4
kot	kot	8
ketemın	dep	1
degennen	keiın	2
degennen	basqa	4
ömırı	men	7
ömırı	ūzaq	5
ömırıñ	mändı	6
ömırıñ	ūzaq	8
bızdın	üige	3
ıstese	bolady	3
ıstesem	eken	4
ıstesem	bolady	7
jıberseñız	bolady	5
jıberseñız	jaqsy	6
jıberseñız	boldy	7
qoimaidy	eken	7
qoimaidy	ekensıñ	7
qoimaidy	ğoi	7
ağai	men	5
aitpaidy	ğoi	9
basyña	bas	3
basyña	amandyq	6
kılt	bar	8
kılt	qaida	8
kılt	joq	9
target	reklama	8
ketırıp	tasta	4
ketırıp	tastadym	6
aitqanyn	kelsın	5
alaş	orda	4
alaş	partiiasynyñ	7
būny	qalai	8
būnyñ	bärı	9
būnyñ	bärın	5
erınıp	jatyrmyn	7
erınıp	otyrmyn	5
erteñnen	bastap	5
künım	künım	1
künım	aiym	6
künımen	qūttyqtap	10
künımen	qūttyqtaimyz	9
künımen	qūttyqtaimyn	9
tūrsa	da	6
tūrsa	boldy	5
taratyp	kristall	7
bosap	jatyr	4
bosap	jatsa	8
tüsımde	senı	7
tüsımde	kördım	6
betınen	süiıp	5
betınen	süidım	4
qatysatyn	oquşylar	8
tas	jürek	5
tasta	men	8
tasta	dep	9
tastai	batyp	5
tastaiyn	dep	5
tüske	deiın	2
tüsken	mälımetke	2
küiıp	kettı	10
aitpaimyn	ğoi	7
jazğan	joqpyn	3
bağalau	kerek	9
komissiia	kelıp	6
komissiia	keledı	6
goldta	aqşa	4
goldta	joq	4
üşeumız	ğana	9
qūrylysy	men	5
estıgen	joqpyn	2
tamaqtan	keiın	5
tamaqtanyp	otyrmyn	3
barasyñ	dep	7
barasyñ	dar	9
jazbaidy	ğoi	9
jastyq	şaq	4
jastyq	şaqty	4
jastyqta	qartaiyp	6
jastyqta	qartaiyñdar	7
täuır	boldyñ	6
täuır	bop	8
täuır	bolyp	9
bızge	de	7
bızgede	jūğysty	10
esten	şyğyp	2
esten	ketpes	4
jürsıñ	ğoi	8
qaitamyz	dep	10
asyğys	emes	2
asyğys	joq	8
asyğys	şeşım	6
sälden	keiın	9
sälden	soñ	7
tüskı	as	3
tüskı	asqa	4
türık	tılı	9
türık	tılın	7
türık	qağanaty	9
türım	jaman	8
bılesıñ	ğoi	3
algebra	dan	3
kartoşka	tüsıp	10
kartoşka	piiaz	1
şarşağan	şyğarsyñ	5
şarşağan	joqsyñ	5
kiımder	balalar	7
kiımder	vitaminder	5
ūly	künı	6
ūly	ämırşı	10
ūly	jeñıs	7
ūlym	bar	10
mänerlep	oqyp	1
qarama	qarsy	4
jetkıze	almai	1
jetkıze	almaimyn	4
jūmystar	bar	7
jūmystar	şyğyp	5
jūmystar	qalai	7
aittym	ğoi	9
aittymğo	sağan	5
otyrma	dep	2
ışe	ber	6
ışe	almai	7
ışe	berıñder	7
aza	men	9
azan	da	7
azan	şaqyryp	7
azannan	berı	4
azannan	keşke	5
maik	taison	5
şara	joq	1
qoia	ber	2
bolad	dep	9
bolad	eken	9
bolady	eken	10
qaraimyn	dep	10
össın	denı	2
kūtty	bolsyn	8
bermedı	dep	1
ädısı	arqyly	3
sabyr	bersın	3
sabyrly	bol	7
sabyrly	bolu	5
damuy	men	7
damuy	üşın	6
tiıstı	sözderdı	6
jattyğudy	oryndaimyz	5
jattyğudy	oryndap	8
aiqailap	jatyr	8
ülken	azamat	1
ülkenı	men	10
montaj	jasap	3
estelık	suret	1
estelık	bolyp	7
qūdaşa	qyz	5
oinau	kerek	2
oinauğa	bolmaidy	2
oinauğa	bolady	4
abai	qūnanbaev	7
tanysu	kerek	9
tanysu	üşın	4
duhi	alyp	5
ūstai	almai	4
ūstai	almadym	4
sözderdıñ	qaisysy	6
sözderdıñ	mağynasyn	7
ızde	ızde	7
ızdeu	kerek	1
sılteme	boiynşa	1
sılteme	jasau	9
sılteme	arqyly	5
jazudy	ūmytyp	8
miy	bar	2
miy	joq	7
miy	aşyp	7
miym	aşyp	6
miymdy	jep	3
miymdy	aşytyp	4
jazbasam	jazbaisyñ	5
basyñdy	jaram	3
januarlar	jäne	5
januarlar	men	7
ketuge	bolady	5
azamat	bolsyn	3
azamat	bolyp	6
azamattyq	qoğam	8
jıberuge	bolmaidy	6
jıberuge	bolady	9
bölme	temperaturasynda	4
mari	mari	4
törtınşı	künı	1
törtınşı	qaraşa	6
türıne	jatady	4
türıne	qarap	6
oquşynyñ	sözdık	7
ışeiın	dep	5
konsert	bolyp	1
qalsyn	dep	4
aziia	men	4
aziia	park	4
kestenı	toltyr	5
kezdesu	kerek	8
kıtaptar	men	2
kıtaptar	bar	8
kıtaptar	satylady	8
körıñızşı	tez	4
jatsyz	dar	2
aşy	şyndyq	9
aşylğan	joq	4
qyzyñ	bar	5
qyzyñ	barma	7
qyzyñyz	bar	10
qyzyñyz	barma	3
ary	berı	9
ary	ketse	5
balamdy	alyp	8
oida	bar	1
oida	joq	6
oida	joqta	9
kettıñ	ğoi	6
kettıñız	ğoi	4
dai	allah	3
dai	bog	7
daiyndau	kerek	7
daiyndau	üşın	6
audio	men	5
ortalyğy	ğimaraty	9
būzyq	qyz	5
būzyq	bolyp	4
jalğasy	bar	6
eskertu	kerek	3
deu	kerek	4
deuge	bolady	2
täuelsız	el	3
täuelsız	qazaqstan	9
täuelsız	qazaqstannyñ	8
jıberıñderşı	ötınış	9
balalary	bar	1
tiedı	dep	4
tiedı	eken	4
oqytyp	jatyr	8
aluy	kerek	4
aluy	mümkın	5
aluym	kerek	4
askar	marta	1
qarau	kerek	1
qarauğa	uaqyt	2
qarauğa	bolady	5
jetkızu	kerek	6
jetkızu	üşın	9
qaryn	aşty	9
qaryn	aşyp	7
külkım	kelıp	4
külkım	kep	7
betıñnen	süidım	7
qolynda	ğoi	1
paida	bolğan	1
paida	bolady	10
paida	boldy	9
paidalanu	kerek	10
paidalanu	jäne	8
paidalanu	üşın	9
paidalanu	arqyly	8
almas	ağa	9
şai	ışıp	8
şaiğa	kel	4
şaiğa	şaqyryp	5
qūramy	men	4
keşırıñız	keşırıñız	2
keşırıñız	keşıgıp	10
keşırıñızşı	keşırıñızşı	8
ekeu	bolsyn	3
ekeuı	bır	7
ekeuı	de	10
ekeuın	bırge	6
ekeuın	de	9
ekeuınde	de	8
şart	dep	1
tūramyz	ğoi	2
taraz	da	3
taraz	özıñ	6
taraz	şahardan	8
korei	tılı	9
korei	tılın	7
koreiskii	serial	4
qoldanyp	jürgen	1
tuys	bauyrlar	3
körsetem	dep	2
aitpağan	özıñ	4
kartinki	dlia	3
türıñ	bar	1
türıñ	qūrsyn	5
kaspide	aqşa	7
jatqanyn	özı	3
jetu	kerek	3
jetu	üşın	7
ömırım	menıñ	4
aqyl	aityp	1
aqyly	bar	8
basqalar	qaida	4
basqalar	siiaqty	8
basqalarğa	da	6
basqalarğa	qasietterı	7
qabyldau	kerek	7
özındık	jūmys	4
aitpadyñ	ğoi	4
barmaisyñ	dep	3
tüsıru	kerek	1
tüsıru	üşın	2
quyrdaq	jep	9
oiynşyq	emes	4
jūmysym	bar	2
jūmysym	joq	4
qalam	dep	7
qalam	ğoi	6
qalama	dep	7
jönı	kım	2
jönın	jazyp	6
bolğannan	keiın	1
kelmeitın	siiaqty	2
kelmeitın	boldy	5
qasyma	kelıp	8
ünsız	qaldyñ	5
tanysa	otyraiyq	2
jıbergem	ğoi	3
jataiyn	dep	1
maqtap	jatyr	1
kvadrat	teñdeu	2
bermeimın	dep	8
toilap	jatyr	3
toilap	jatsyñdar	6
qyzyğy	men	5
qyzyğyn	körıp	3
qyzyğyna	bölenıp	9
qyzyğyna	toimai	9
törlet	janym	2
äpşe	qalaisyz	1
kımdı	jaqsy	5
kımdıkı	dūrys	6
videosy	bar	9
videosyn	jıberşı	3
bergım	kelmeidı	3
bergım	keledı	7
aldynğy	jyly	7
öleñı	bar	5
atymnan	qūttyqtap	3
satu	kerek	2
ışu	kerek	2
ışuge	bolmaidy	1
ışuge	bolady	6
azaitu	üşın	5
qozğalys	jäne	6
mazmūny	men	4
mazmūny	boiynşa	6
būrynğydai	emes	4
sekund	saiyn	1
bıluge	bolady	1
bıluge	bolama	4
jūmsaq	jūmsaq	7
qatesız	jaz	2
qatesız	jazuğa	4
jastağy	bala	8
oiynğa	qosu	9
oiynğa	kırıp	6
ūnamasa	şyğyp	3
baiandy	ömır	1
baiandy	ğūmyr	9
baiandy	bolsyn	7
taqyrypqa	bailanysty	7
taqyrypqa	sai	4
şaq	tıleimın	9
şaq	tıleimız	3
şaqyr	dep	8
şaqyr	şaqyr	6
şaqyram	dep	3
ūlt	ökılderı	3
ūlt	tağdyry	8
ūlt	azattyq	7
mers	magila	7
qyzyğyp	kettım	4
basyma	bäle	3
kezdese	alamyz	5
kezdese	almai	8
kezdese	almaimyz	8
kezdeseiık	dep	6
bölım	sany	1
mamañ	qalai	5
mamañnyñ	tuğan	8
dämı	küştı	3
küz	keldı	9
babnik	dep	1
babnik	qaqpas	8
oiatyp	jıberdı	3
söilem	qūrap	5
söilem	qūrau	9
bılmeisıñ	ğoi	9
qadam	basyp	1
qadam	basasyz	8
tūlğa	bolyp	6
tūlğa	retınde	6
köpten	berı	4
köpten	köp	5
köpten	kütken	9
köteru	kerek	7
köteru	üşın	3
tırkelu	kerek	6
tırkelu	üşın	5
tırkelu	tegın	7
qalanyñ	ışınde	8
üiıñde	kım	3
ekıde	bır	1
jüzıñızden	külkı	1
kamaz	kamaz	1
jürseñ	de	1
qarañğy	bolyp	3
estılıp	tūr	4
qasietı	bar	3
vau	küştı	3
bağanadan	berı	3
benzin	qūiyp	1
arzymaidy	janym	1
avtor	beinesı	1
avtory	kım	5
aitsañyz	boldy	2
zañ	boiynşa	2
zañdy	türde	7
zañdy	tırkelgen	9
bılgım	keldı	5
bılgım	kep	8
bılgım	keledı	8
kredit	alyp	7
kredit	töleu	10
jylağym	kelıp	10
jylağym	kep	6
auyrğan	kezde	6
auyrğan	joq	9
qalamyz	ğoi	6
qalmady	ğoi	4
jazbaimyn	öleñdı	1
auystyru	kerek	1
nömırge	jazğyñyz	1
qaitalau	sabağy	1
jartylai	köşpelı	4
aj	aj	2
şyndyqty	aityp	5
keluge	bolady	3
keluge	tyrys	3
balasy	bar	6
jarnama	jasap	6
atanyñ	üiıne	4
batyp	sudai	4
adamy	bar	4
synypta	oqidy	2
röl	atqarady	7
rölı	rölı	3
bırlık	künı	7
sapaly	bılım	4
bolsyñ	ömır	6
ūiyqtaimyn	dep	6
kömektese	alasyñ	1
kömektese	alasyz	8
ainur	apai	6
bölşek	türınde	6
bilık	üşın	1
vyhod	joq	9
ūiymdastyru	kerek	1
ūiymdastyru	jäne	7
kunıñ	qūtty	7
bahyt	bahyt	2
älemnıñ	bar	3
älemnıñ	etnikalyq	5
almadyñ	ğoi	9
erekşelıgı	bar	2
taqyrybyn	jazyp	1
oilaidy	eken	1
funksiia	jäne	4
kiız	üi	1
kiız	üidıñ	5
asyl	bolsyn	8
asyl	analar	10
tüsınbegen	sūraqtaryñ	9
qanşalyqty	jaqsy	8
eşkımde	joq	5
jüru	kerek	2
jüruge	bolmaidy	3
jüruge	jelaniia	5
qatelesıp	ketıppın	6
apam	men	3
apam	bar	9
ettıñ	aqşasy	9
ettıñ	aqşasyn	8
sapasy	jaqsy	3
sapasy	öte	6
ösımdık	jäne	9
iıs	şyğyp	3
iısı	şyğyp	4
jürek	jürek	4
qonys	qūtty	8
qonys	audardy	5
abu	bandit	9
tamağy	auyryp	2
tamağym	auyryp	2
mağyna	beredı	2
mağynasy	bar	1
mağynasy	qandai	5
qoisañ	bolady	7
tamağyn	berıp	2
tamağyn	ışıp	4
körınbeidı	ğoi	6
marafon	telegram	2
jūmystary	bar	1
siiaqtysyñ	ğoi	4
barlyqtaryñyzğa	sättılık	1
student	kezde	8
boidaq	bolyp	2
narodnyi	bank	5
emdelıp	al	1
emdelıp	jatyrmyn	6
vozle	doma	5
dene	şynyqtyru	1
oilau	kerek	5
sapar	men	4
joğaryda	körsetılgen	1
joğaryda	atalğan	9
joğaryda	aitylğan	8
qoiasyñ	ğoi	8
ädısterı	men	2
tüsem	dep	3
adamym	bar	1
qolyñ	bos	3
qolyñnan	bärı	6
qolyñnan	kelse	9
qolyñnan	keledı	8
qasynda	kım	5
ışeiık	dep	9
kosmetika	kiımder	1
kosmetika	üige	4
kündık	tabys	4
poliklinika	da	2
zerthanalyq	jūmys	1
üilengen	soñ	3
syz	dep	2
syzyqtyq	funksiia	4
tısı	auyryp	4
tısım	auyryp	3
dieta	ūstap	1
közıme	jas	2
közıme	şöp	4
kelesıñder	ğoi	7
atyna	tırkelgen	4
atyna	sai	7
atyna	zaty	8
atalğan	oquşylar	6
qyzmetın	atqarady	3
kestesı	boiynşa	6
kestesı	bar	5
eseptıñ	jauaby	6
jurıp	jatyr	8
kırşı	kırşı	1
menşık	merekeñ	1
tırkele	almai	6
tırkele	ketşı	4
kelgenın	aityp	6
kıruge	bolmaidy	1
kıruge	bolady	8
ğūmyr	bersın	6
ğūmyr	tıleimın	10
ğūmyr	näsıp	10
ğūmyrly	bol	10
ğūmyrly	bolsyn	6
tatu	bolsa	5
tatu	tättı	7
maqtan	etemın	3
maqtan	tūtar	6
maqtan	tūtamyn	8
maqtanyşy	bol	8
maqtanyşy	bolsyn	5
maqtanyşy	bolyp	9
bron	bar	6
bron	bolady	9
mamamnyñ	tuğan	3
bum	bum	1
pän	mūğalımderı	1
pänı	boiynşa	7
pänı	mūğalımı	5
qalamyn	dep	5
būlşyq	et	5
qosylğan	soñ	6
sözden	keiın	4
barar	edım	2
bıtse	eken	4
joldaryn	bolsyn	2
köresız	ğoi	1
jūmystyñ	aty	2
retı	bolmai	3
retı	kelse	8
ğasyrda	ömır	7
tölei	almai	5
töleimın	dep	1
jemıs	jidek	2
jemıstı	bolsyn	3
tağala	ūzaq	2
būlda	bır	7
ortasyna	deiın	1
joqsyz	ğoi	1
registrasiia	jasap	1
jaqsy	özıñ	3
jaqsy	şükır	8
jaqsylyq	tıleimın	10
jaqsylyqtardy	tıleimın	8
şamam	kelgenşe	1
şamam	joq	6
apamnyñ	üiıne	7
senı	jaqsy	5
senıñde	nietıñ	7
jeu	kerek	1
jeuge	bolmaidy	2
jeuge	bolady	4
telegram	arqyly	6
qauıpsızdık	erejesı	8
qauıpsızdık	erejesın	6
emespız	ğoi	8
şükır	özıñ	1
şükır	jaqsy	10
şükırşılık	özıñ	3
şükırşılık	etemın	6
meiram	qūtty	5
bılmeitın	qūpiia	2
monşa	jağyp	3
monşağa	tüsıp	2
monşağa	baryp	3
oryndala	bersın	7
senıde	qūttyqtaimyn	1
bonus	bonus	1
zam	zam	3
qysqy	keş	2
kömegım	kerek	1
vagon	vagon	3
arab	tılınen	1
otyz	kün	6
otyz	jyl	6
otyz	myñ	9
aitsyn	dep	8
ıstemei	tūr	1
ıstemei	qaldy	5
ıstemeidı	eken	9
deisız	ğoi	4
jüike	jüiesı	3
jüike	jüiesınıñ	6
bırın	bırı	5
bırın	jaqsy	3
bırınşı	ret	9
ökpe	joq	9
degem	ğoi	4
jıberıñızderşı	ötınış	3
qabat	bolyp	1
şyqsyn	dep	5
baldaryñ	qalai	2
tañbaly	sandardy	3
tañbaly	sanğa	7
zaiavlenie	jazyp	7
taqyrybynda	esse	3
tūmau	bolyp	2
şaruasy	bar	2
şaruasy	joq	4
bolsynşy	dep	4
esepke	alu	3
sūrauğa	ūialyp	5
quantyp	jüre	7
qospa	qospa	1
qyiyn	bolyp	2
qyzyn	bar	6
qyzyn	alyp	5
qyzyn	barma	9
elı	üşın	8
elı	süigen	7
elım	menıñ	5
elımız	aman	3
elımız	tynyş	5
qūqyğy	bar	5
ülgerıp	qalyñyz	4
ülgerıp	qalyñyzdar	3
estılmei	jatyr	7
alamba	dep	3
bermegen	ata	2
bermegen	soñ	3
joqsyñ	ğoi	6
būiyrğan	künı	2
būiyrğany	bolady	2
būiyrğany	bolar	4
jūrttyñ	bärı	6
etu	kerek	5
etu	üşın	4
etuge	bolady	8
jürgızu	kerek	2
jürgızu	üşın	5
atyñ	kım	5
atyñyz	kım	1
kezekşı	synypta	1
kezekşı	synypqa	5
toidan	keiın	5
toidan	estelık	3
küiım	bolmai	6
küiım	joq	7
äkel	dep	8
oryndauğa	bolady	1
dara	jäne	3
voennyi	kiım	5
voennyi	forma	5
voennyi	bilet	6
ūrsady	ğoi	8
jyly	kiınıp	3
jylyna	bır	4
organikalyq	jäne	2
organikalyq	zattar	8
megabait	bıtıp	7
megabait	joq	4
jürekke	ämır	6
mälımetter	bar	1
balasynyñ	tuğan	4
gaz	tärızdı	4
ıster	edıñ	8
ıster	eken	6
astynda	qalyp	8
erekşelıkterı	men	6
erekşelıkterı	bar	5
jurgen	adam	4
sai	emes	9
sait	bar	9
sait	jasau	9
saitqa	sılteme	9
saitqa	kırıp	3
kettıp	bara	8
ūmytpai	alyp	3
qosa	ber	4
qosaiyn	dep	10
adamdary	bar	3
jetuıñe	tılektespın	1
bütın	bolsyn	1
ūsynys	bar	3
tolyqtai	kelısemın	6
tolyqtai	daiynmyn	4
telefonymdy	alyp	4
baram	dep	1
baramyz	dep	7
baramyzba	dep	6
jıbersın	dep	5
beine	sabaq	2
beine	sabaqty	9
aqtau	qalasynyñ	3
añ	tañ	1
syrty	qyrly	4
syrty	malğa	4
synyptar	arasynda	4
belesterden	körıne	4
zvondasam	almaisyñ	1
oilaityn	adam	4
damuyna	bailanysty	4
damuyna	yqpal	8
än	aityp	9
ailyqqa	deiın	9
qaitesıñ	endı	3
klimat	kazahstana	2
äielder	künı	1
äielder	künımen	9
äielder	merekesımen	4
yqpal	etedı	7
yqpal	ettı	8
tartu	kerek	9
bauyrsaq	pısırıp	2
barmaimyz	dep	1
tüsındıre	almai	1
tüsındıre	aldym	4
jağdaiğa	bailanysty	8
audan	boiynşa	2
audandyq	bılım	8
özgertu	kerek	6
ökınışke	orai	2
sözıñ	ğoi	1
sözıñ	möldıregen	8
dausyñ	estılmei	4
dausyñ	ädemı	6
dausyñ	küştı	9
dausyñdy	estıp	9
dausyñdy	estıgım	7
dausyñdy	sağyndym	7
qyzymnyñ	tuğan	8
tıstep	tıstep	2
eşkımnen	kem	4
boluşy	edı	3
qaramaidy	ğoi	1
tätenıñ	üiıne	3
ortamyzda	aman	4
ortamyzda	jüre	9
ortamyzda	külıp	8
mūsa	men	5
atqa	mınıp	5
kuat	bersın	4
belım	auyryp	2
äkımşılık	qūqyq	1
balalarmen	jūmys	1
negız	men	3
negızın	qalağan	8
negızın	salğan	8
negızın	qalauşy	9
ūzağynan	bolsyn	6
alsañ	bolady	1
alsañ	boldy	7
alsañyz	bolady	7
közıne	jas	2
közıne	şöp	7
jatu	kerek	5
qyzyñnyñ	qyzyğyn	2
qyzyñnyñ	tuğan	8
qyzyñnyñ	tuylğan	6
ädemı	eken	9
juaiyn	dep	10
ūnağan	joq	1
uaqytyñ	bar	2
uaqytyñ	bolsa	9
uaqytyñ	joq	5
alty	ai	9
altyn	küzge	9
altynsarin	atyndağy	5
barğam	joq	1
gruppanyñ	atyn	3
bağy	aşylsyn	3
äkele	ber	4
jūmysyñ	qalai	5
jūmysyñyz	qalai	6
döñgelek	üstel	3
mañğystau	oblysy	4
qolymda	pyşaq	1
sızderde	de	5
sızderden	ötınış	9
ketema	dep	1
altynşy	künı	2
altynşy	qaraşa	4
dästürlı	emes	6
sūrağaly	jaqsy	3
sūrağaly	küştı	3
bıtsın	qarğa	8
şyqtym	dep	2
şyqtym	janym	8
şyqtym	ğoi	7
menende	jaqsy	8
jattyğulary	jäne	4
ava	laik	1
ava	dlia	6
avada	tūr	9
avadağy	suret	2
tıldıñ	eñ	4
aryz	jazyp	1
aryz	jazam	4
igra	dlia	6
tärbiesı	men	5
jağdailar	bolyp	3
sūrastyryp	köreiın	3
adamsyñ	ğoi	3
özgerıster	boldy	2
ädet	bop	6
ädet	bolyp	6
oiymdy	aittym	4
uaqytym	bolmai	5
uaqytym	joq	6
tyğyz	bailanysty	5
tyğyz	bailanysta	4
tyğyzdyğy	jäne	7
tyğyzdyğy	men	5
tünge	deiın	7
otyrsyñ	ğoi	2
toqsan	boiynşa	6
toqsan	soñynda	9
toqsan	bastalğaly	9
toltyru	kerek	8
sözımdı	jerge	2
gruppasy	bar	1
juam	dep	2
sotkamdy	alyp	1
boiym	ūzyn	3
sūrağym	bar	4
bastalğan	joq	3
jasaiyq	dep	2
qūramyna	kıretın	1
qūramyna	kıredı	6
jei	ber	8
jei	almai	6
qasyña	baryp	7
şaqyru	kerek	4
şaqyru	biletın	3
joldy	öleñ	7
erejenı	jattap	1
qairan	jastyq	7
äkesı	men	2
äkesı	qaitys	7
äkesınıñ	aty	9
äkesınıñ	balasy	6
boldy	ğoi	4
boldyñ	ğoi	10
süru	kerek	6
süru	üşın	5
ūiyqtatyp	jatyrmyn	5
qiyndau	eken	2
qiyndau	bolady	8
qiyndau	bolyp	9
anasy	men	5
anasy	bar	7
anasynyñ	köz	5
anasynyñ	maqtanyşy	6
kırme	sözder	6
kırme	sözderdı	5
kırmei	jatyr	6
kırmei	tūr	6
jarys	bolady	9
jarys	qalai	6
jarys	bolyp	6
jarysqa	qatysyp	8
tausylyp	qaldy	1
desemde	bolady	2
betınde	bır	3
tüsıne	almai	1
tüsıne	almadym	3
jyr	boldy	6
jyr	bolyp	7
qaitu	kerek	8
qaitu	qaşan	2
üşbūryştyñ	süiır	9
qamqor	bolyp	7
qamyr	jaiyp	3
qarym	qatynas	1
qarym	qatynasta	4
daiyndalu	kerek	8
ketpese	boldy	1
jattyğulardy	oryndau	4
dert	körmesın	7
dert	bermesın	3
armiiağa	ketıp	6
emdep	alaiyn	4
köbeitu	jäne	3
köbeitu	kestesın	7
jıberudı	ūmytpa	7
jıberudı	ūmytyp	4
jetse	boldy	6
menıkı	menıkı	1
degenmın	ğoi	7
otbasy	künı	1
otbasylyq	baqyt	6
jürme	dep	3
sabaq	sabaq	6
sabaqtar	bar	6
sabaqtar	bolady	6
sabaqtarğa	qatysa	9
sabaqtarğa	qatysyp	5
kezden	bastap	5
kezden	berı	3
elu	myñ	7
öleñın	mänerlep	1
ekeumızge	de	6
beken	dep	3
qyzdary	bar	4
qyzdaryñ	qalai	4
ketıpsıñ	ğoi	3
üiretu	kerek	1
özımmen	bırge	2
balamnyñ	tuğan	4
dybysy	men	1
daiyndala	ber	1
sūrağan	joq	2
üiıne	baryp	9
asqan	baqyt	10
salima	tuğan	3
ūstau	kerek	2
jazğanyñdy	mağan	2
boiau	kerek	2
aulaq	jür	1
şartty	türde	3
igılıgı	men	5
igılıgıñe	ūsta	3
qaraiyn	dep	6
kupi	kupi	2
şaruañ	bar	3
şaruañ	bolmasyn	5
bölmege	kırıp	4
qalu	kerek	3
qalu	üşın	4
qaluy	mümkın	8
şattyq	tıleimın	2
aşylmai	jatyr	3
aşylmai	tūr	4
atymen	ant	5
orynğa	ie	2
öleñde	kezdesetın	3
ajyrasyp	ketken	3
aralasa	ber	1
aralasatyn	adam	1
tüsınemın	ğoi	1
jylauyq	jylauyq	1
medisinalyq	aqparattyq	2
ätteñ	ai	2
ısteseñ	adal	1
ısteseñ	jıberşı	6
bıtırgen	soñ	5
jüregı	taza	2
ūstağan	orazalaryñ	9
ūstağan	orazañyz	9
tüstı	dep	9
tüstı	raqmet	9
tūqym	qualaityn	8
aittyñyz	ğoi	3
ekem	dep	1
ekem	ğoi	8
kiımı	bar	5
kiımın	kiıp	3
berıñderşı	ötınış	3
jasyñ	qūtty	1
jasyñ	ūzaq	8
jasyña	jas	4
ūsaq	tüiek	1
mätın	boiynşa	2
mätınnıñ	mazmūny	7
mätınnıñ	negızgı	8
ybyrai	altynsarin	7
arttyr	jaraisyñ	2
arttyr	täjıribenı	7
arttyr	talpyn	5
arttyru	üşın	8
arttyru	kursynyñ	7
arttyru	arqyly	8
jedel	järdem	6
tüsınbei	jatyrmyn	1
tüsınbei	otyrmyn	6
qūty	bolsyn	10
qūtyla	almai	1
ağaiyn	tuys	1
elektr	energiiasyn	6
elektrondy	kıtaptar	7
elektrondyq	balans	4
küiıñ	joq	4
küiıñ	jaqsy	8
küiıñ	qalai	9
şaqty	adam	4
şaqty	eske	6
han	şatyr	4
hanymdar	men	7
ösırıp	otyrğan	3
qonjyğym	menıñ	2
qonjyğym	qonjyğym	7
kalyñ	qalai	3
kalyñ	kiınıp	2
jezde	qalai	9
kıtapty	tüsırıp	7
kıtapty	oqyp	9
kıtaptyñ	barlyğy	9
kıtaptyñ	betın	4
esıne	tüsıp	7
qosylady	aldağy	5
esıgın	jauyp	1
esıgın	aşqan	8
esıgın	aşyp	5
derekter	boiynşa	6
derekter	bazasyn	8
boludy	näsıp	8
bomj	bomj	3
ömırımde	bırınşı	3
komment	jazyp	3
közımdı	jūmyp	1
közımdı	jūmsam	5
sabağymdy	oqyp	8
aiaqty	köterıp	4
lai	lai	3
laiyq	emes	1
laiyq	emespın	3
laiyqty	emespın	6
aitaiyn	dep	4
renjımeñız	men	5
hannyñ	tūsynda	5
körınıs	tabady	3
körınıs	beredı	8
körınıs	tapqan	7
közdı	jūmyp	5
közdı	aşyp	5
gimnastikalyq	jattyğular	4
bıreuıñ	bar	3
auylynda	düniege	1
suretterı	bar	3
suretterı	bolsa	4
videolardy	körıp	8
oiymda	joq	3
qūrylymy	men	5
dauysty	dybys	3
bolaşağy	jarqyn	3
bolaşağy	üşın	4
kırsın	dep	8
künıñe	sättılık	1
közbe	köz	1
közben	qarap	1
közben	körıp	6
asem	men	4
asem	apai	9
kestesın	jıberşı	8
jıbermeidı	ğoi	1
balañ	bar	2
balañ	qalai	5
adamzat	tırşılıgı	7
adamzat	üşın	8
tanystym	dep	8
adamyñ	bar	1
jatar	kezde	4
jūmyspen	qamtu	5
gorod	almaty	1
ıle	audany	8
kezge	deiın	1
köñılıñe	alma	1
bıtpei	jatyr	4
bolmau	kerek	3
sūrai	ber	2
sūraityn	adam	9
biologiia	dan	1
söilesken	joqpyn	9
sandy	şeksız	6
bılesıñder	ğoi	3
baryna	allağa	8
baryna	şükır	8
qaitqan	künı	3
süre	almaidy	4
süre	almaimyn	8
baiağydan	berı	5
golos	deti	2
golos	jıberşı	9
golosovoe	soobşenie	9
sūrama	men	1
körsetetın	tūz	1
suretterın	jıberşı	3
jürmei	aq	1
kelısım	şart	2
tüsınu	kerek	6
tüsınu	qiyn	7
tüsınu	üşın	7
tüsınuge	bolady	6
beruı	kerek	2
beruı	mümkın	4
beruım	kerek	5
jd	vokzal	1
jdem	vas	3
elın	süigen	1
boluy	kerek	2
boluy	mümkın	7
boluyna	bailanysty	5
boluyna	tılektespın	5
qypşaq	handyğy	5
baiqadym	sen	6
qūny	joq	1
aitqanym	ğoi	5
ūldy	boldy	4
kezım	bolsa	1
asyğa	kütem	2
asyğa	kütıp	7
qalauymen	bolady	6
ärıpın	jaz	1
barşamyzğa	razy	2
kötıñe	tyq	3
kötıñe	tyğyp	4
jabaiy	jabaiy	5
baqyty	bol	1
qaitaiyq	dep	3
biıktıgı	jäne	1
juka	juka	1
jerler	bar	1
kettıñder	ğoi	2
ketkım	kelıp	3
ketkım	kep	8
ketkım	keledı	8
atmosferalyq	qysym	6
atmosferalyq	qūbylystar	7
qolyña	dert	8
qolyña	quat	7
toptan	şyğyp	7
aparatyn	adam	1
küş	köp	1
küş	quat	9
küşı	bar	4
bıryñğai	müşelerı	7
kino	körıp	6
şyğaruğa	bolady	4
habarlas	dep	1
habarlaspai	kettıñ	1
ösu	retımen	3
ösu	aimağy	6
ösu	üşın	9
emdeu	kerek	8
dır	ete	3
dır	dır	5
aşam	dep	6
tübır	men	1
tübır	söz	5
maily	tamaq	7
basymyz	aman	1
basymyz	qosylsa	4
keluı	kerek	6
keluı	mümkın	5
qyzaryp	tūr	4
keşıre	gör	5
jaratylys	tanu	5
jaratylys	tanudan	2
oquda	ozat	8
zaty	sai	1
jazğanym	üşın	2
jazğanym	ğoi	5
sūramai	aq	6
etem	dep	1
sūraqtaryñ	bar	1
sūraqtaryñ	bolsa	7
sūraqtaryñyz	bar	3
sūraqtaryñyz	bolsa	7
tūru	kerek	4
anam	men	2
qatysuğa	bolady	8
oqulyq	boiynşa	2
balqu	jäne	1
balqu	temperaturasy	9
sana	men	5
sana	bersın	6
etse	bolady	3
qosyñyzşy	qosyñyzşy	1
jazuy	bar	3
jıbermeş	jıbermeş	3
kırmegen	oquşylar	1
bılsem	bolama	1
talant	bar	4
aitpaiaq	qoiaiyn	1
jasama	ötınış	5
sätın	este	9
sätın	salyp	6
damyp	kele	5
tapsyra	almai	5
tapsyramyz	da	3
qalasynyñ	tūrğyny	1
jüktep	qoidym	3
auzym	oraza	1
aram	oi	5
aram	oiym	6
aram	zam	6
aramyz	suyp	8
şet	elge	2
şet	tılı	10
şet	jağasyn	8
ailyqtan	habar	10
öse	ber	1
öse	bersın	10
qaitady	eken	3
elden	erekşe	2
üidegılerge	sälem	3
anamdy	süiemın	3
ato	men	2
avariia	bolyp	8
kaspii	gold	4
ruy	qandai	1
ruym	qoñyrat	3
tartpai	jatyr	4
tartpai	tūr	5
papam	men	6
papam	bar	7
estımei	qalyppyn	9
türkı	tıldes	1
qūrş	bar	4
özgergen	joq	1
taqyrybyna	esse	1
tüsındıru	kerek	5
jürdıñ	ğoi	3
kelmedıñ	ğoi	5
jazylu	kerek	2
jazylu	üşın	4
aqyn	oiyn	5
aqyn	keñesı	9
aqyn	bolyp	9
duşqa	tüsıp	7
kerım	bolyp	3
jdi	menia	3
jdi	zvonka	6
quana	quana	3
suretı	bar	2
suretı	barma	6
suretı	joq	9
timei	jatyr	9
timei	kettı	4
ekeuıñ	bır	9
ekeuıñ	bırge	8
ekeuıñ	baqytty	10
ekeuıñe	de	9
sağaty	qanşa	1
sağaty	bolady	4
aitu	kerek	8
aitu	künı	7
aituy	boiynşa	6
aituym	kerek	3
bağdar	beremın	1
bağdarlama	boiynşa	1
bağdarlamasy	boiynşa	2
qadır	tünı	3
qadırın	bıl	3
eşteñe	etpeidı	5
bankke	baryp	9
taqyrypta	esse	1
jazuşy	bolma	3
mūzdai	su	1
zattary	bar	2
öldı	dep	1
esıktı	jauyp	3
esıktı	aşyp	5
esıktıñ	aldynda	7
esıktıñ	aldyna	6
jağdailary	jaqsy	4
jağdailaryñ	jaqsy	3
jağdailaryñ	qalai	7
jağdailaryñ	jaqsyma	8
jağdailaryñyz	jaqsy	6
jağdailaryñyz	qalai	6
beker	aitpağan	5
beker	tañdadyñ	8
quat	bersın	8
denıñe	saulyq	2
nağaşy	apam	1
üirene	ber	9
üirene	almai	7
jauyn	jauyp	4
jauyn	şaşyn	7
inabatty	qyz	5
inabatty	ibaly	8
azaiyp	bara	3
azaiyp	kettı	7
fotasyn	jıberşı	7
ızdegen	adam	1
jylğy	bolasyñ	1
konstitusiialyq	keñes	4
şağalaryñ	aman	8
aqyldy	qyz	3
aqyldy	qala	9
aqyldym	menıñ	10
älemge	äigılı	1
qatar	kelgen	5
osynşa	uaqyt	5
tūraiyn	dep	1
köresıñ	ğoi	1
köşede	jürgen	6
oryndalatyn	jalpy	7
jylai	beredı	2
terezeden	qarap	5
qağaz	keme	1
qağazğa	jazyp	9
asyru	üşın	2
meiırım	men	2
bırınen	keiın	1
bırınen	bırı	8
bırınen	soñ	7
basşy	ötınış	6
qūdaidyñ	özı	4
qūdaidyñ	bergen	7
mart	künı	6
mart	dep	5
mart	kele	8
aşpai	jatyr	7
aşpai	tūr	3
esik	aldynda	6
esik	aldyna	4
aparaiyn	dep	5
dekretke	şyğyp	1
sanaly	türde	1
sanaly	ūrpaq	4
jağdailarda	ğana	6
komentarii	jazyp	1
jaqyndağan	saiyn	1
qyrqynan	şyğaru	2
qanşasynşy	bet	4
qyzyp	jatyr	1
kışı	jüz	3
tapsyruğa	bolady	6
alğansyñ	ğoi	1
jürgender	bar	3
ekensıñ	ğoi	4
ekensıñder	ğoi	4
öleñnıñ	aty	1
ölşem	bırlıgı	2
biıkten	körıne	3
biıkten	körınsın	3
tūrğyn	üi	8
ötkıze	almai	2
töleu	kerek	1
töleuge	bolady	1
kömektesem	dep	3
esepteu	kerek	3
bolğyñ	kelse	2
bolğyñ	keledı	7
künen	berı	8
künen	keiın	9
kulıp	oinap	6
zakrytyi	akkaunt	1
aitar	sözım	1
aitar	edım	9
aitarym	bar	8
aitarym	joq	6
aitarymdy	bılmei	5
bytşyt	bop	5
bytşyt	bolyp	5
aitqyñ	kelıp	4
aitqyñ	kep	5
tyrys	bolyp	9
ärkımge	bır	4
sūrağanym	ğoi	5
memleketınıñ	negızın	2
halyqqa	qyzmet	6
qaiteiın	endı	1
qaiteiın	qaiteiın	8
qaiteiın	sezıne	6
tärbielı	qyz	9
ūtsam	eken	1
külgen	smailik	1
ūrys	estıp	3
qaryndasy	bar	7
elıne	eleulı	1
tuyndy	söz	3
ūiymdastyryp	jatyr	2
mūnyñ	özı	3
mūnyñ	bärı	6
ken	dep	5
ken	oryndary	6
ortany	qorğau	7
ortanyñ	sapasy	1
quanyşy	bol	3
quanyşy	bolsyn	8
quanyşy	bolyp	8
jarqyrap	jüre	5
suyq	bolyp	2
körmegelı	bıraz	9
körmegelı	köp	6
bağalary	qanşa	3
qarnyñ	aşqan	4
qarnyñ	aşyp	9
jaina	jaina	5
jainap	jüre	3
jainap	qūlpyryp	4
grip	bolyp	5
gripp	bolyp	2
künımız	sättı	2
ūtylyp	qaldy	1
bılmegen	soñ	1
edım	ğoi	3
kelgennen	keiın	8
söilespe	dep	2
tüsıp	kettı	1
jaulap	aldy	10
jaulap	alğan	8
niet	qabyl	6
nietı	bar	6
nietı	qabyl	8
nietıñ	qabyl	3
nietıñe	jet	1
nietıñe	qabyl	6
nietıñe	raqmet	7
mändı	de	8
küide	bolady	3
dedı	ğoi	1
qūrap	jaz	8
ketuı	mümkın	1
kötergen	jük	2
basyndy	jaram	1
jazyñdarşy	jazyñdarşy	1
jerıñ	jaily	1
jerıñ	auyryp	8
jerıñdı	qysyp	5
latyn	tılınen	1
küttım	ğoi	5
jabu	kerek	1
qyzyqsyz	bolyp	2
jolyn	bolsyn	4
körmesem	jaryğym	3
mereke	qūtty	3
merekeñ	qūtty	1
retın	jazyp	1
aludy	ūmytyp	7
düniejüzı	tarih	1
düniejüzı	tarihy	9
estıgım	kelıp	3
estıgım	kep	6
estıgım	keledı	7
allanyn	nazarynda	9
allanyn	bergen	5
tılek	qabyl	6
tılek	aityp	9
tılekter	qabyl	8
fotağa	tüsırıp	2
avtobus	joq	2
avtobus	pen	9
avtobus	kütıp	8
tazalau	kerek	9
sezımı	bar	2
qorqatyn	boldyq	1
trigonometriialyq	teñdeuler	3
qolymen	pyşaqty	4
bolmauy	kerek	4
bolmauy	mümkın	6
bermedıñ	ğoi	5
jerlerı	bar	2
jerlerı	jaily	5
kıreiın	dep	7
kıreiın	desem	3
atam	men	7
atam	qazaq	7
ūiyqtağan	joq	8
ūiyqtağan	joqpyn	4
qola	däuırı	6
qola	däuırınde	7
äserın	tigızedı	7
äserınen	paida	4
tañdai	almai	1
qoldanuğa	bolmaidy	3
qoldanuğa	bolady	9
jazdym	ğoi	4
köñılıne	qarap	7
äje	men	1
äje	bolyp	9
äjenıñ	üiıne	7
jany	jännatta	5
janyñ	qalsyn	9
kiımderı	aiaq	6
mäselesı	boiynşa	4
otyraiyn	dep	1
zamuj	za	1
atyrau	da	4
atyrau	oblysy	6
tapqyñyz	kelse	4
tapqyñyz	keleme	9
kak	dela	4
bylaişa	aitqanda	7
qalyptasuy	men	1
tüsu	kerek	1
tüsu	üşın	3
jūmysyña	tabys	8
jūmysyña	sättılık	5
kütu	kerek	4
qazaqtar	barma	1
qazaqtar	kelıñder	5
qazaqtardyñ	materialdyq	6
akrobatikalyq	jattyğular	1
aqşadan	habar	2
aqşadan	qysylyp	6
köttı	qysqan	5
köttı	qysyp	7
qainau	temperaturasy	5
qorqyt	ata	2
otbasyn	aman	1
darina	darina	2
tösek	salyp	3
jıbergenım	üşın	2
ziian	emes	1
basymnan	ötken	4
qanyş	sätbaev	1
tarihy	men	3
tarihy	bar	5
pısıp	jatyr	9
ūldyñ	joly	1
balaşağa	aman	4
balaşağa	qalai	5
balaşağa	amanba	6
qolaily	jağdai	8
ketkennen	keiın	1
ūiyqtau	kerek	1
keltıru	üşın	1
vokzal	jaqta	4
qymyz	ışıp	1
jaraspaidy	eken	1
kömegıñ	kerek	1
asa	mañyzdy	2
esımın	kım	9
aua	raiy	1
türge	bölınedı	4
salystyrmaly	türde	4
sybailas	jemqorlyq	3
sybailas	jemqorlyqqa	6
keteiık	dep	4
bırlıgı	künı	1
beinesı	qalai	3
ūiqysy	kelıp	3
qūrmalas	söilem	4
qūrmalas	söilemnıñ	4
oryndar	bar	8
oryndar	az	4
düniede	de	5
sözıñe	jauap	1
demala	ber	1
demala	almai	7
demala	ğoi	7
auyldyq	jerde	5
auyldyq	okrugı	7
düken	qūmar	5
berdım	dep	2
berdım	ğoi	6
qosqan	ülesı	6
ğaşyğym	menıñ	7
tobynyñ	studentı	1
edın	ğoi	1
qolma	qol	2
şaşylyp	jatyr	1
jap	jas	2
şüigın	bolsyn	6
qaşyq	jerdıñ	1
qaşyqtyqtan	oqytu	6
käsıpkerlık	qyzmet	1
ızdedım	qaladan	3
ızdedım	senı	7
jaryğym	menıñ	3
tapsyrmany	oryndap	3
ideal	gaz	7
geografiia	dan	2
oryndalyp	tūr	5
balalaryñ	aman	4
balalaryñ	qalai	4
balalaryñyzdyñ	qyzyğyn	6
oryndasañ	jıberşı	2
jyp	jyly	2
ğasyrdağy	qazaqstandağy	1
ğasyrdağy	qazaqtardyñ	6
jinai	ber	5
jinai	almai	4
jinaityn	programma	4
ärıppen	jazylady	3
ömırımnıñ	mänı	1
ömırımnıñ	soñyna	3
qainar	közı	6
dūrys	dūrys	1
orys	tılı	10
orys	tılınen	5
adamdarda	bar	10
ekendıgı	belgılı	1
bolğanyñ	üşın	3
bolğanyña	raqmet	2
tünnıñ	bır	1
tünnıñ	tynyştyğyn	5
bostan	bos	7
bostan	bosqa	5
köpke	deiın	4
köpke	topyraq	6
köñılıñdı	tüsırme	3
atasynyñ	balasy	1
qyryp	jatyr	1
qalasynan	bolamyn	1
ant	etem	2
ant	etemın	5
jastary	ūzaq	5
forma	men	1
forma	kiıp	9
qaljyn	ğoi	5
nazarlaryñyzğa	raqmet	1
tüsınıgı	bar	1
saqtalyp	tūr	5
kep	tūr	1
qainap	jatyr	7
mūñ	bar	4
sebep	bar	1
därejesı	bar	9
jeñıl	buyñmen	1
tūsau	kesu	8
tūsau	keser	7
salmaqty	jıgıt	3
üles	qosu	1
üles	qosqan	5
tamağyñdy	ıştıñ	9
tamağyñdy	ışıp	5
mūqağali	maqataev	4
menıkın	de	1
menıkındei	status	4
bölşektı	jai	1
jūmystaryñ	qalai	2
bolaşaqqa	bağdar	2
bolaşaqqa	bastar	6
bok	su	6
aituşy	edı	1
aituşy	bolma	5
barsyñ	ğoi	7
jetem	degenşe	1
täueldı	bolyp	4
auyspaly	mağynada	6
jazuym	kerek	4
äpke	men	1
äpke	qalaisyz	9
äpkei	men	9
densaulyğyn	qalai	1
densaulyğyn	myqty	8
tietın	söz	4
tietın	sözder	3
ağataiym	menıñ	6
keşırdım	keşırdım	1
beruşı	edı	1
äkem	men	4
jaidan	jai	6
keme	seriia	1
jetıstıkke	jete	1
jetıstıkke	jetu	4
igre	dep	9
jäi	ğana	3
tūrmyz	ğoi	9
jasamai	aq	1
jasamai	tūr	7
aiağy	auyr	5
aiağy	joq	5
aiağym	auyr	9
aiağym	auyryp	4
aiağymdy	syndyryp	7
instasy	bar	2
instasy	barma	4
sönıp	tūr	6
sönıp	qaldy	4
jıbermedıñ	ğoi	6
mektepışılık	olimpiada	1
mektepışılık	olimpiadağa	3
jazğy	demalys	7
jazğy	demalysta	6
jazğym	kelıp	3
jazğym	kep	7
bıtıre	almai	7
kışkentailar	qalai	1
vokrug	glaz	2
isı	şyğyp	1
üzbei	oq	1
jüielı	türde	5
ağam	bar	2
uaqytta	syilyq	8
uaqyttan	berı	8
uaqyttan	keiın	7
uaqyttan	soñ	6
tızım	boiynşa	9
bastaiyn	dep	2
namaz	oqyp	1
şalyñ	qaida	5
aqşam	bolmai	4
aqşam	joq	8
ömırıne	asa	6
ağañ	bar	3
söilemnıñ	bıryñğai	6
jausa	eken	3
örnek	qūrap	1
körgıñ	kelse	1
körgıñ	kelıp	7
keregı	bar	7
keregı	joq	7
arzan	eken	3
arzan	bağada	9
soñyna	deiın	7
iutub	qarap	1
iutub	kanal	7
iutub	körıp	8
iutubta	bar	7
üzılıp	kettı	1
aşuym	kelıp	2
sızdermen	bırge	4
kosymşa	tabys	1
jazğanyma	keşırım	1
almaty	da	2
almaty	oblysy	10
matematikalyq	sauattylyq	7
vidio	jasap	4
adal	dos	9
daiyndai	ber	9
tırlıgı	ğoi	1
ūzaq	ğūmyr	1
ūzaq	bolsyn	10
üzılıs	kezınde	5
mamañnan	sūrap	1
tüsıme	kırıp	1
ketuım	kerek	2
ketuım	mümkın	3
tüsınde	menı	6
qūlynym	menıñ	1
orny	bar	2
orny	erekşe	8
orny	bölek	8
tanysy	bar	8
tanysym	bar	1
berudı	ūmytyp	3
jetısıp	jürgen	1
jetısıp	tūrğan	4
qazırden	bastap	5
apai	men	1
zariad	ölıp	9
zariad	az	6
zariadka	az	5
zariadkağa	qoiyp	8
damytuğa	arnalğan	1
maqsat	qoiyp	3
maqsatqa	jetu	9
kötermei	jatyr	3
köbeie	bersın	2
ūqsaityn	bıreuın	2
ūqsaityn	siiaqty	6
ūiyqtaityn	kezde	4
syzba	boiynşa	1
bolar	edı	1
bolary	qanşa	3
şūğyl	türde	4
şūğyl	kömek	5
boq	auyz	4
boq	boq	5
ızgı	nietpen	5
jürgenım	joq	2
sıltemenı	basyp	1
grek	tılınen	5
mamandyğy	boiynşa	1
maqsattaryña	jete	1
maqsattaryña	jetuıñe	5
aldau	künı	4
deme	sen	2
deme	mağan	7
bereke	bırlık	5
bereke	bersın	9
bereke	tıleimın	6
jötelıp	jür	8
ışterıñ	amanba	2
abyr	sabyr	3
abyroi	bersın	1
fransuz	burjuaziialyq	1
jeñıldıkpen	ülgerıp	3
aitudy	ūmytyp	1
qaitemız	endı	1
basynda	solai	1
küştı	eken	9
jağdaiym	jaqsy	10
jetınşı	qaraşa	3
jylqy	etı	1
jylqynyñ	etı	5
jylqynyñ	etın	6
ūlyñ	qalai	5
ūiqyñyz	tynyş	3
degım	kelgen	3
degım	keledı	5
bıldıretın	sözder	6
betpe	bet	3
teledidar	körıp	1
ep	erte	1
mazalasam	keşırım	2
bereiın	dep	2
ağylşyn	tılı	3
ağylşyn	tılınen	10
keñınen	qoldanylady	10
süikımdı	qyz	4
süikımdım	süikımdım	10
daryn	onlain	2
daryndy	balalarğa	4
saitta	qate	1
şarşatyp	jıberdı	1
qyzdaryñnyñ	qyzyğyn	1
tyñdau	kerek	2
jattai	almai	2
dükenge	baryp	2
atu	kerek	3
bağyty	boiynşa	1
gud	guşi	1
jalyğyp	kettım	5
blok	post	2
erlı	zaiyptylar	1
söilese	almaimyn	3
kımder	bar	9
retteu	kerek	6
jatqandar	bar	1
papasy	men	3
papasy	qaitys	7
sozylyp	kettı	7
ūstaz	ana	5
ūstazdar	künı	5
ūstazdar	künımen	7
ūstazdar	merekesı	10
ūstazdar	künıne	10
fotolar	bar	8
fotolar	bolsa	7
fotolar	barma	7
fotolary	bar	6
aiko	men	5
aiko	aiko	9
dybystyq	taldau	7
köñılım	qaldy	4
köñılım	bosap	6
deuşı	edı	9
erejelerdı	oqy	3
şaşu	şaşyp	2
qosuly	tūr	1
forte	bank	1
şielı	audany	1
sarqyt	alyp	1
deuşıler	bolsa	1
hronologiialyq	retpen	2
kanalğa	tırkele	1
hanşaiym	hanşaiym	4
hanşaiymym	menıñ	2
hanşaiymym	janym	9
etnikalyq	kartasy	2
alğannan	keiın	1
nazarbaev	kettı	2
körkem	eñbek	2
janyña	jaqyn	5
dada	da	1
qūbylystar	men	1
balañnyñ	tuğan	1
paraqqa	jazyp	2
kelesız	ğoi	1
janaşyr	bauyrlar	6
barmaisyn	barmaisyn	1
otbasyna	amandyq	3
köilek	kiıp	1
pısıru	kerek	9
bılmeimız	ğoi	1
būirsa	eken	1
jauady	dep	1
zakazym	keldı	3
jūqpaly	aurular	3
atqaratyn	qyzmetı	4
roman	jazyp	5
türkıstan	oblysy	2
bärıñdı	jaqsy	3
ertennen	bastap	1
tor	köz	1
jasym	de	4
aryqtau	kerek	3
aryqtau	kursy	6
düniejüzılık	soğys	3
deseñ	de	3
ağasy	men	9
ağasy	bar	9
ağasy	qaitys	5
kötere	almai	8
jyldai	boldy	5
aludyñ	täsılderın	4
habarlasa	almai	4
habarlasa	almadym	3
habarlasam	dep	6
habarlasam	ğoi	7
habarlasamyz	ğoi	6
tük	joq	1
tük	tüsınbedım	9
jazama	dep	9
qūrau	kerek	3
aiynyñ	aldynda	1
aiynyñ	alğaşqy	8
aiynyñ	orazasyn	7
tübırles	sözder	8
aitylyp	jatqan	3
vaşe	dela	4
gruppada	bar	5
qanyn	ışıp	8
joldaryñyz	bolsyn	1
qūraly	retınde	1
böle	almai	3
böle	qalaisyñ	8
qanym	basyma	4
qanymdy	ışıp	3
qalamaimyn	eşkımdı	1
kelet	dep	1
körseñız	bolady	5
aumai	qalypty	1
aumaidy	eken	1
nūr	üstıne	2
būdanda	jaqsy	10
alaiyn	dep	3
alaiynşy	dep	3
totyğu	därejesı	1
totyğu	totyqsyzdanu	5
türıñnen	senıñ	8
janyna	baryp	2
däpterdı	aşyp	5
oñ	bolsyn	1
osynda	jaza	8
base	men	9
base	nege	9
eresek	adamnyñ	5
bauyry	berık	4
körsetuge	bolady	1
baidyñ	qyzy	1
baidyñ	balalary	5
baidyñ	balasy	7
kolyñ	bos	8
qaluym	mümkın	2
töreğali	töreälı	2
töreğali	törälı	5
bergıñ	keledı	4
aptalyq	tabys	4
aitarlyqtai	jañalyq	1
tıgu	kerek	1
basqalary	da	3
basqalary	qaida	6
körgennen	keiın	5
söileseiın	dep	3
aqtöbe	de	2
aqtöbe	oblysy	7
ūstauğa	bolmaidy	3
ūstauğa	niet	7
demalysqa	şyğyp	3
şyğuy	kerek	1
şyğuy	mümkın	5
apañ	qalai	4
qanbai	qaldy	4
densaulyq	qalai	2
densaulyqtaryñ	jaqsy	6
densaulyqtaryñ	qalai	8
densaulyqtaryñ	myqty	6
tabysqa	jete	7
barğan	soñ	1
bantik	tağyp	7
tabylyp	qalar	1
barğysy	kelıp	3
aldymyzda	aman	5
aspanda	qanşa	2
attyñ	basyn	3
apasy	men	1
körkı	sai	5
qūrsyn	men	1
qūrsyn	dep	8
tyiym	salynğan	9
tyiym	salynady	6
sözderden	keiın	4
aşaiyn	dep	5
jağu	kerek	2
jıbermegen	oquşylar	3
täsılderı	men	1
qozy	körpeş	1
demalu	kerek	1
oqyğym	keledı	1
baiqauğa	bolady	7
mädeniet	pen	2
agregattyq	küiı	5
agregattyq	küide	6
bıtıru	kerek	8
ağzağa	äserı	1
jağdaiyna	bailanysty	1
bailanysy	bar	1
jarymğa	deiın	1
paidalanuğa	bolady	1
qatysqym	kelıp	3
qatysqym	keledı	7
bılımı	men	5
quanta	ber	4
quanta	bersın	8
basylmai	jatyr	2
nemere	qūtty	4
nemere	şöbere	9
status	kak	6
status	salasyñ	7
arai	arai	8
otbasyñ	aman	2
otbasyñyz	aman	2
şeşu	kerek	1
şeşu	ädısterı	7
şeşu	üşın	6
qoisañyz	bolady	9
közdıñ	jauyn	1
senu	kerek	1
senu	qiyn	4
senuge	bolmaidy	6
qaiyr	bolsyn	3
şeşım	qabyldap	2
şeşımı	boiynşa	7
ösımdıkter	men	3
laqtyru	kerek	2
ısterımdı	bılmei	1
alğysy	kelıp	2
alğysy	keledı	6
ketpeşı	ketpeşı	7
oqylym	mätını	1
znaiu	daje	7
znaiu	kak	9
golosovoi	men	8
golosovoi	soobşenie	7
ataanalar	jinalysy	6
därejelı	diplom	4
zerıgıp	kettım	4
tırkelşı	videolar	1
tırkelşı	ötınış	6
suretterıñdı	jıberşı	3
variant	bar	1
variant	joq	5
artta	qaldy	6
jūmysyñyzğa	tabys	6
jūmysyñyzğa	sättılık	6
qaiyry	bar	3
kalmasyn	dep	3
qatyspağan	oquşylar	1
kınäm	bar	1
kınäm	joq	4
bırıkken	ūlttar	5
azyq	tülık	6
arifmetikalyq	progressiia	1
sūrağyma	jauap	6
ağaidan	sūrap	1
körseteiın	dep	1
qoimasyn	dep	1
jūmada	alla	1
jūmada	tılegen	7
özdıgınen	bılım	3
satqyn	dep	1
kvartira	jaldap	1
öner	barysy	9
öner	ömır	5
önerı	men	9
önerı	örge	8
önerı	üstem	6
önerınıñ	teñdessız	7
ūiqyn	tynyş	4
dosyñ	bar	2
dosyñ	kım	8
dosyñ	barma	9
tolyğyraq	aqparat	9
adres	jazyp	1
adres	qalai	10
adres	qandai	8
adresı	qandai	10
taqyryptar	boiynşa	2
oqysyn	dep	1
tabiğatty	qorğau	1
kışkeneden	keiın	2
kömektesu	kerek	2
kömektesu	üşın	3
qosylu	kerek	6
qosylu	üşın	5
tūz	jala	4
avtomatty	türde	9
özgertuge	bolady	1
redaktor	qūraldary	1
berseñızder	bolady	3
boluym	kerek	1
auyrdy	dep	1
qylu	kerek	2
anamyz	aman	2
şaruaşylyğynyñ	qalyptasuy	1
bolmaiyn	dep	1
yntymaq	künı	1
qaisysyn	tañdadyñ	1
sağynyşym	menıñ	3
abysyn	tatu	1
yñğaiy	bolmai	1
yñğaiy	kelse	7
jıgıtı	bar	4
jıgıtı	joq	4
jıgıtıñ	bar	8
jıgıtıñ	barma	10
jıgıtıñnıñ	aty	5
jıgıtıñnıñ	tuğan	7
pışını	dūrys	4
kületın	närse	3
jatqym	kelıp	2
jatqym	kep	7
jatqym	keledı	7
köktemge	deiın	6
toptyq	jūmys	1
keñestık	kezeñde	1
süiınbai	men	3
säule	apai	4
säulet	önerı	1
säulet	önerınıñ	5
bot	medina	4
estıledı	eken	4
ülgerdım	ülgerdım	1
bermeu	kerek	1
jalyndy	sälem	2
egor	krid	1
jazsañ	jıberşı	1
serı	jıgıt	5
sözıñde	tūr	1
qolaisyz	atmosferalyq	1
äzıl	älemı	3
äzıl	ğoi	8
bastar	jol	6
segız	jüz	1
segız	jarymda	8
segız	qyrly	8
kristall	sany	8
mazañyzdy	alyp	4
mazañyzdy	alsam	8
jetıstıkterge	jete	3
naiman	memleketı	3
naiman	memleketınıñ	5
koreia	tılın	4
klient	tauyp	1
klient	bar	9
jandar	bar	8
jandar	üşın	6
vsem	dobroe	8
habarlasqan	joq	8
tañnan	berı	1
tañnan	keşke	6
berudıñ	qajetı	3
vsei	duşi	1
qūlpyryp	jüre	1
qūlpyryp	ketıpsıñ	4
qūlpyryp	jainap	9
buket	gül	8
biyl	bırınşı	1
biyl	oraza	8
azamattar	men	6
qalğym	kelmeidı	1
qalğym	keledı	6
jybyr	jybyr	6
qorytyndysy	boiynşa	1
keşelı	berı	1
mätını	boiynşa	1
qoiylatyn	talaptar	1
saludy	ūmytyp	2
qatysaiyn	dep	1
şamalydan	keiın	1
şamalydan	soñ	3
bosanğan	soñ	8
jyny	kelıp	1
azda	bolsa	7
toltyra	almai	1
qaldyru	üşın	1
jaqynym	alys	2
ahmet	baitūrsynūly	1
ahmet	baitūrsynov	6
jiender	qalai	3
oinağym	kelıp	1
oinağym	kep	4
funksiiasy	üşın	4
tık	būryşty	5
tıkbūryşty	üşbūryştyñ	6
mektepşılık	olimpiada	3
muslim	muslim	2
süruge	bolady	1
köje	jasap	2
köje	ışıp	5
kazino	kazino	6
aiağyñ	auyr	2
aiağyñ	qalai	4
aiağyñdy	jyly	5
vremena	goda	4
syrqama	añsağan	1
syrqamai	aman	3
syrqamai	jüre	2
naqyl	söz	8
naqyl	sözder	7
şarualar	bar	4
master	klass	3
oz	basym	1
ozat	oquşy	7
maqsaty	men	4
oqudyñ	aqşasyn	3
oinaiyn	dep	2
keşegıden	keiın	2
almaiyn	dep	1
duştan	şyqtym	1
tıpten	jaqsy	2
nüktesı	arqyly	1
qystyñ	künı	3
aqqala	jasap	1
kie	ber	1
dalee	basyp	2
şarttardy	orynda	1
bölmelı	üi	4
ülgılı	otbasy	3
dialekt	sözder	1
dialekt	sözderdı	5
uaqytty	tiımdı	6
uaqytty	kütıp	8
onlain	mektepke	4
alama	dep	7
alama	eken	7
neler	jatady	8
teoriiasy	men	4
amal	joq	1
amal	merekesı	5
amalym	joq	7
uaqytyñyz	bolsa	2
bumajnyi	dom	3
mazaq	etıp	1
mazaq	qylyp	8
emessıñ	dep	3
emessıñ	ğoi	8
mänısı	bolar	3
bastalmai	jatyp	1
jeñeşe	qalaisyz	2
jasağym	kelıp	4
jasağym	keledı	7
ydystardy	juyp	6
densaulyqtaryñyz	jaqsy	1
densaulyqtaryñyz	qalai	9
densaulyqtaryñyz	myqty	5
sebebı	men	9
ölgen	adam	10
ölgen	soñ	6
aitasyñ	ğoi	7
qaramen	berılgen	4
qaramen	jazylğan	7
elementterdıñ	periodtyq	4
aspanğa	qarap	4
geometriia	dan	1
qazaly	audany	5
bolmaşy	närsege	1
bölımınıñ	meñgeruşısı	1
ötu	kerek	2
ötu	üşın	3
ötuge	bolady	7
jöndeu	kerek	1
qūrban	ait	2
marko	marko	1
söileu	kerek	1
ötkınşı	jañbyr	5
merekesı	qūtty	1
söilespei	aq	1
konkursqa	qatysyp	2
zattarymdy	alyp	1
gotov	bas	1
bekıtu	kerek	5
oryndaiyn	dep	2
oryndaiyn	desem	2
sūrady	dep	8
sūrady	ğoi	5
patriottyq	änder	8
bäle	boldy	4
alğanym	üşın	6
toğyz	jüz	1
daua	joq	4
şeşımge	keldıñız	1
şeşımge	keldım	5
kanalda	bar	4
bür	türlı	1
teñdeuler	jäne	2
teñdeuler	jüiesın	3
saptyq	jattyğular	7
saluym	kerek	2
talap	etedı	1
tamyr	qalaisyñ	6
tamyrdyñ	ışkı	8
aqmola	oblysy	1
metaldar	men	1
tortqa	zakaz	3
gulnar	apai	1
jinaiyn	dep	3
ösek	aityp	1
aldynnan	berı	6
tasymaldau	mehanizmı	1
qainağan	su	1
künderıñmen	qūttyqtaimyn	3
qoşqar	men	4
şyrai	şyrai	1
aldar	köse	1
abysyndar	körıp	1
davleniem	köterılıp	1
süleimen	sūltan	2
kerei	men	1
aşqan	joq	1
aşqan	joqpyn	8
baldaryñyz	osy	9
anyqtauğa	bolady	1
kışkentaidyñ	bauy	3
qūdaiy	tamaq	1
videony	körıp	1
jemqorlyqqa	qarsy	7
köşu	kerek	2
demei	aq	1
jasmin	keşır	1
beruıñ	kerek	5
beruıñe	tılektespın	1
oqiğalardy	hronologiialyq	1
bylş	etkızıp	1
küzgı	balğa	5
problema	emes	2
problema	bolyp	10
qūlaqtan	teuıp	9
myqty	bolsyn	3
myqtysyñ	ğoi	5
analarymyz	aman	1
aspandağy	aiym	1
kiın	jazam	2
jelaniia	joq	6
auzymdy	aştym	4
jalpyadamzattyq	qūndylyqtar	5
minusy	bar	1
guljan	apai	1
qabyldamai	jatyr	1
şapqylap	jüre	1
aitqandaryñ	kelsın	1
talaby	bary	1
vai	vai	1
ötkızuge	bolady	1
mätınge	qatysty	1
qūiu	kerek	4
sänım	menıñ	1
sūrauly	söilem	1
qarağandy	oblysy	1
qarağandy	metallurgiia	5
örge	jüzsın	9
jañaqorğan	audany	1
hanzadam	menıñ	1
kastium	şalbar	1
tynym	joq	1
beineleu	önerı	4
jūmystarym	bar	3
äpketai	äpketai	2
äpketaiym	menıñ	1
köşıru	kerek	1
batyr	jyry	1
jinalysy	bolady	9
jūmağa	deiın	1
äbışūly	nazarbaev	2
äbışūly	nazarbaevtyñ	2
vernite	astanu	8
emın	erkın	1
analiz	tapsyruğa	2
analiz	tapsyryp	8
nüktenıñ	ornyna	6
atauy	men	1
aiyrmaşylyq	bar	3
orda	da	2
bölenıp	jüre	1
şaqyraiyn	dep	1
tūlpar	qūtty	2
jarar	dep	1
aiaqtyñ	ūşymen	1
jerıñız	jaily	1
jerıñız	auyryp	6
moliarlyq	kölem	5
moliarlyq	massasy	8
degıñ	kelıp	5
degıñ	kep	4
jiyntyq	bağalau	5
tünı	boiy	1
tünı	tılegen	5
tünıñ	tynyş	9
jasalu	joly	1
üilerıñ	jyly	7
artyña	qarama	3
basqasy	kerek	1
basqasy	bar	8
basqasy	basqa	9
basqasyn	tauyp	8
kamera	bar	3
senıkı	dūrys	5
sessiiağa	daiyndalyp	7
şäi	ışıp	1
myrzabek	ernar	3
baryña	şükır	1
qoimadyñ	ğoi	1
alağa	şükır	1
almau	kerek	1
bastaldy	sättılık	2
bastaldy	ğoi	5
bıteiın	dep	9
baratyndar	bolsa	2
audany	boiynşa	5
bağdarlamalar	bölımı	1
bağdarlamalar	bölımınıñ	5
jönıñdı	jazyp	6
qaharman	qaharman	3
eşqaşan	auyrma	1
eşqaşan	mūñaima	9
soñyndağy	sūraqtarğa	10
ıstedıñ	bügın	1
qoiypsyñ	ğoi	8
qyzyqty	boldy	1
şaqyrdy	dep	9
ıstesek	bolady	3
qyzğanşağym	menıñ	1
bileidı	eken	1
jazasyñ	ğoi	1
mätının	oqyp	2
arta	bersın	1
arta	tüsedı	2
qoldanbaly	öner	9
etuı	mümkın	1
qiiu	qiiu	6
ışpe	dep	1
täsılderın	meñgere	1
zan	zan	2
zaniat	bolyp	1
aspany	aşyq	9
aspanyñ	aşyq	3
indiskii	kino	1
auylym	altyn	1
kiiu	kerek	1
halqyna	qalauly	1
qaitaru	kerek	1
esıñnen	şyğyp	2
qorektık	zattar	1
şäkärım	qūdaiberdıūly	5
aitqysy	kelgen	3
aitqysy	keldı	6
tūrğanym	joq	5
temperatura	bolyp	3
aida	bır	9
aida	aida	9
aidan	keiın	7
aidan	soñ	7
dostaryñ	köp	9
paiyzy	qalai	4
kezdesken	kezde	1
ötpei	jatyr	1
ötpei	qaldy	7
grant	iegerı	3
grantqa	tüsıp	1
terezenı	aşyp	1
terezenıñ	aldynda	1
dobrogo	dnia	2
közımnıñ	qarasy	3
közımnıñ	nūry	5
köreiın	dep	4
köreiın	degem	5
aqylyñ	bar	8
attaryñ	kım	1
attaryñdy	jazyp	1
vaşi	dela	1
tüsıngen	joqpyn	2
tüsıngenım	boiynşa	3
sailau	qūqyğy	1
sailauğa	bailanysty	7
sabaqtaryñ	qalai	1
valeikum	assalam	1
jüreiın	dep	1
oryndy	toltyr	1
jasatu	kerek	2
deidı	ğoi	1
sara	apai	5
mädenietı	men	5
laiym	jaqsy	2
laiym	solai	5
aitsai	endı	4
habarly	söilem	6
temır	jol	1
tañerteñnen	berı	7
tañerteñnen	keşke	4
qyzdaryñyzdyñ	qyzyğyn	7
asyn	dämdı	1
ūiğyr	audany	5
ūru	kerek	1
tañdadyñ	men	1
naşar	bolyp	3
naşarlap	kettı	6
aitpau	kerek	1
bılgenıñdı	ıste	1
äperem	dep	2
äpkem	bar	1
taksiden	salyp	4
jezdenıñ	tuğan	3
elıkteuış	sözder	3
aqşañ	bar	5
aqşañ	bolsa	9
aqşañ	barma	7
bölu	kerek	8
böluge	bolady	3
bauyrlaryñ	aman	1
ızdeitın	adam	2
bilet	alyp	1
mysyq	mysyq	10
ūrpaq	qyzyğyn	6
ūrpaq	näsıp	5
zertteitın	ğylym	7
ömırıñız	ūzaq	2
ortalyq	aziia	2
ortalyq	jüike	9
ısıñızge	bereke	9
ısıñızge	sättılık	5
bastamas	būryn	4
ūiat	boldy	1
qaraşa	künı	9
qaraşa	aiynyñ	6
asqazanym	auyryp	9
kömırqyşqyl	gazy	1
kömırqyşqyl	gazynyñ	4
şetel	tılı	6
äkelu	kerek	1
küiıñız	qalai	2
jegıñ	kelıp	1
jegıñ	kep	4
tyñdai	almai	7
beiorganikalyq	zattar	4
bailyğyn	bersın	5
bıluı	kerek	2
ağaştan	jasalğan	2
anyqtamasyn	körset	1
bılıktı	maman	2
ordasy	bolyp	1
sergıtu	sätı	1
syilau	kerek	1
būiyrğanyn	köremız	1
genetikalyq	materialdyñ	1
ısteuım	kerek	3
amandyq	tıleimın	1
amandyqta	bolaiyq	7
laik	basyp	1
tılegı	qabyl	8
kuhonnyi	garnitur	1
tūsynda	naiman	1
elestete	almaimyn	1
künderıñızge	sättılık	3
küilerıñ	jaqsy	1
küilerıñ	qalai	8
jetım	bala	2
otan	qorğauşylar	2
otandyq	kompaniia	3
otandyq	jobağa	7
jazuly	tūr	4
almaz	kerek	1
almaz	salyp	8
jıberuım	kerek	4
jıgıtım	bar	1
künınen	estelık	4
batty	men	5
funksiianyñ	grafigı	1
oilamağan	jerden	3
üiınde	auyz	1
üiınde	auyzaşar	8
dala	suyq	9
patşa	ükımetı	7
patşa	ükımetınıñ	8
patşam	menıñ	9
nūrädıl	nūrädıl	1
balapan	qalai	1
balapan	balapan	8
balapandar	aman	9
balapandar	qalai	7
balapandaryñ	aman	3
balapandaryñnyñ	qyzyğyn	3
kärıs	tılın	2
qyzylorda	da	1
qyzylorda	oblysy	5
laifhaki	dlia	4
közımız	tügel	1
mūzdy	ölke	2
dostaryñdy	belgıle	1
quanyştaryñ	bolyp	1
midy	jep	5
midy	aşytyp	6
zardap	şekken	6
alğyñ	kelse	3
basqany	jaqsy	6
oily	bolyp	1
ışke	kırıp	3
ışken	joqpyn	3
kakom	godu	6
kakom	gorode	9
kakom	klasse	5
sättı	bolsyn	9
sättı	ötsın	9
sättılık	tıleimın	3
otbasym	aman	3
otbasym	bar	3
salmai	aq	8
jıbergım	kelmeidı	2
tastağan	ğoi	4
tüsterı	bar	6
sıñılım	bar	3
böludı	orynda	6
qymbat	emes	1
qymbat	eken	10
ündestık	zañyna	10
balalarynyñ	qyzyğyn	1
auyrlyq	küşı	1
mağynany	bıldıredı	2
balğa	men	2
ıstegen	joqpyn	1
ökpem	joq	4
ekeuıne	de	1
esıñızde	bolsyn	2
tanystaryñ	bar	1
üiıp	tögıp	5
adamzattyñ	asyl	1
toqta	toqta	1
aişa	aişa	7
bağyñ	aşylsyn	7
daiyndyq	kerek	2
daiyndyq	qalai	9
grafik	boiynşa	5
şuaqty	bolsyn	1
kırgenım	üşın	2
şyğuym	kerek	1
aiaqtalğan	soñ	2
zymyrap	ötıp	1
üilenu	kerek	1
qalypsyñ	ğoi	1
sūraqtaryna	jauap	1
keşırımdı	bolaiyq	1
türınıñ	jäne	2
jūmystaryñyz	qalai	3
barsyn	dep	1
barsyn	qazyna	8
bileu	kerek	2
qalalar	men	1
balalarymyz	aman	1
aqbota	aqbota	1
ännıñ	aty	9
jüktılık	kezınde	1
auff	auff	1
söileudı	damytu	1
qaryzym	bar	1
jinalu	kerek	3
jūldyz	jūldyz	1
oquym	kerek	6
ūlttar	dostyğy	1
ūiyqtamai	jatyr	3
ūiyqtamai	jatyrsyñ	7
ūiyqtamai	jatsyñ	5
jün	jün	8
qoldaryñ	bos	2
jassyñ	ğoi	1
qañtar	aiynda	1
biznes	bastau	1
joqta	şoşqa	9
körınu	kerek	1
mınezım	jaman	5
david	pen	6
ötkennen	berı	1
ötkennen	keiın	7
tärbielık	mänı	3
sūiyq	mai	1
qūrşy	bar	6
maqtau	qağazy	1
maqtau	qağazyn	4
toqtatu	kerek	5
boluyña	tılektespın	4
ümıtım	menıñ	1
nemereler	ösıp	1
nemereler	qalai	5
nemerelerıñızdıñ	qyzyğyn	7
aitqandaryñyz	kelsın	2
qorap	bar	1
kırgızu	kerek	1
aitqannan	keiın	1
belgıleu	kerek	1
tabylmai	jatyr	1
balyq	aulap	1
balyq	aulau	9
közınen	jas	8
resei	men	1
öte	jaqsy	8
reklama	jasap	9
ädebiet	pen	5
puskaite	menia	9
künderıñe	sättılık	1
kieu	bala	1
sanauly	künder	1
atqaruşy	organdar	2
ızın	körem	5
deppın	ğoi	1
tūruy	kerek	1
eñbekte	tabys	1
şydau	kerek	5
ötegen	batyr	1
auaraiy	qalai	1
janar	apai	1
soñğy	ret	9
bılgıñ	kelse	9
sağattyñ	ışınde	4
emdelu	kerek	1
ğasyrlar	boiy	1
mazalağanym	üşın	1
köptañbaly	sandardy	1
ūialy	telefon	2
jıbereiın	dep	1
jıbereiın	desem	4
halk	bank	8
eñbektı	qorğau	1
nietter	qabyl	1
nietterı	qabyl	1
nietterıñ	qabyl	1
metaldardyñ	jalpy	1
qalmaiyn	dep	1
sezıne	almadym	1
eñbegıñ	körınıp	1
eñbegıñ	jemıstı	4
eñbegıñnıñ	jemısın	9
būira	būira	1
qalğanyn	özıñ	1
qalğanyn	erteñ	9
elderı	ūly	6
tüseiın	dep	1
qūrylysyn	zertteu	1
aitudyñ	qajetı	1
ekeumızden	basqa	2
allahu	akbar	1
tūjyrymdy	tabyñyz	1
şämşı	qaldaiaqov	3
komnata	barma	1
komnata	oinaimyz	10
tanysqym	keledı	9
marat	ağa	3
marattyñ	ölımı	5
arğy	künı	1
bastaryñ	aman	4
roliktı	körıp	3
azat	onyñ	3
otyrys	bolsyn	8
otyrys	boldy	8
donat	salyp	7
donat	jasap	7
öşır	dep	4
öşır	öşır	5
köñılsız	bi	4
ūiqym	kelıp	1
ūiqym	kep	7
materialdar	men	8
aian	aian	2
mazalağanyma	keşırım	1
qaljyñ	qaljyñ	1
qaljyñ	ğoi	9
toqsandyq	jiyntyq	3
maimyl	maimyl	2
esınen	şyğyp	1
batasyn	alyp	3
jüruşı	edı	3
merekeñız	qūtty	4
tılekterımız	qabyl	1
panfilov	audany	1
qatemen	jūmys	1
jazuyñ	kerek	1
beka	men	1
eñbekşı	qazaq	7
eñbekşıqazaq	audany	1
telefonyn	alyp	1
zvandau	kerek	3
aralasu	kerek	1
bekerden	beker	1
oquyñ	qalai	1
oquyñdy	jaqsy	1
odağy	syilyğynyñ	1
aşuyñ	basyldy	1
jürseñde	aman	1
oramal	tağyp	1
oramal	taqqan	5
şyqqannan	keiın	8
programma	men	1
programma	bar	9
jastaryñ	ūzaq	6
tapsyraiyn	dep	3
dostavka	bar	2
dostavka	barma	9
tigızetın	äserı	8
ğūmyry	ūzaq	2
qualaityn	aurular	1
öleiın	dep	4
şaqyrğan	adamğa	1
şaqyrğan	joq	9
körpenıñ	astynda	7
meken	jai	3
egız	lebız	9
belgılerı	bar	2
zañy	boiynşa	5
zañyna	säikes	4
sata	ber	1
sata	alasyz	6
noutbuk	bar	6
noutbuk	joq	8
noutbuk	pen	9
mūğalımmen	bailanys	7
botqa	adam	1
doner	alyp	1
doner	jep	7
erkın	nūrjanov	4
tfä	tfä	6
desen	men	1
jdu	vas	7
jdu	jdu	8
ğaşyq	bolyp	8
ğaşyqtar	künı	6
ğaşyqtar	künımen	2
aituyn	kerek	8
jağasy	bar	1
senımdı	adam	1
şeşe	almai	8
altyğa	deiın	1
futbol	körıp	1
futbol	oinap	7
seifullin	atyndağy	5
kezınen	bastap	1
köterıñkı	köñıl	1
jala	jauyp	3
jalañ	aiaq	1
barsamba	dep	2
qalatyndai	etıp	1
otbasyñmen	baqytty	1
bäidıbek	audany	2
alsamba	dep	3
massalyq	ülesı	1
közımnen	jas	1
oiymyz	bır	1
asel	men	1
kütpegen	jerden	7
qyrly	bır	1
ūiqtaiyn	dep	1
sabaqtardy	oryndap	1
dana	men	5
komanda	aty	9
komanda	bolyp	7
fotañdy	jıberşı	6
ito	men	1
ito	ol	7
bügınen	bastap	6
kıtappen	jūmys	1
ğylymğa	köñıl	1
kezdesem	dep	2
şyqqaly	jatyrmyn	1
joqtan	bar	1
jüregınde	imany	1
jaqsartu	üşın	1
ötınış	ötınış	1
naryqtyq	ekonomikağa	2
bosai	almai	3
jūmylyp	bara	2
bäse	nege	1
jandary	jännatta	7
aktiv	aktiv	1
ölgım	keledı	2
auzyñ	aşyq	4
muzykanyñ	aty	4
ūstazym	menıñ	2
şyñğys	han	1
şyñğys	hannyñ	4
örıs	örıs	7
bälenıñ	bärı	1
bälenıñ	bärın	6
oqulyqty	aşyp	3
senıkıde	qabyl	1
statistikalyq	mälımetter	2
joqpyn	ğoi	1
gülnar	apai	6
ortasynda	aman	2
qosylmai	jatyr	3
qosylmai	tūr	5
jalğasa	beredı	6
jañartylğan	bılım	5
ısıñe	bereke	1
ısıñe	sättılık	4
jasauym	kerek	5
ortaq	bölımge	1
jeñşe	qalaisyz	5
kista	bar	3
qimai	tūrmyn	1
taqyryptary	öte	1
kaldaryñ	qalai	1
maidyñ	aiağy	1
maidyñ	aiağyna	7
maidyñ	aiağynda	7
qyzyqtap	jüre	6
elementterın	pışımdeu	1
kinonyñ	aty	1
sandarğa	köbeitu	2
sandarğa	bölu	5
körpeş	baian	6
törehan	törehan	1
qalasyñ	ğoi	1
şübırlı	bolyñdar	4
tynyş	özıñde	2
sūlu	qyz	7
üşeuı	de	5
ışıñ	pysyp	4
zyñ	zyñ	7
zyñ	ğoi	6
aimaq	aman	8
kelsın	janym	1
ekeuımız	bır	10
ekeuımız	bırge	7
ekeuımız	ğana	7
soğu	kerek	8
azaq	ūlttyq	1
azaq	memlekettık	5
şemışke	şağyp	4
jym	jyrt	1
sändı	bolsyn	1
sändık	qoldanbaly	1
nūrserık	nūrserık	1
serial	körıp	1
jynym	kelıp	2
jynym	kep	9
ūtysty	alu	8
qylaiyn	dep	3
kütpei	aq	1
bolasyzba	tabys	1
ereke	qalaisyñ	2
talabyna	sai	5
talabyna	nūr	4
ainūr	apai	5
mümkındıgı	bar	9
mümkındıgı	şekteulı	6
sauda	joq	3
sauda	qalai	9
sauda	jasap	9
saudasy	bar	8
jazarymdy	bılmei	1
armany	joq	1
şokolad	alyp	4
şokolad	alp	8
sūrap	jatyr	9
maiğa	deiın	7
maiğa	daiyndyq	4
sağynğan	şyğarsyñ	5
äbılmansūr	äbılmansūr	4
bağyndyra	ber	1
bağyndyra	bersın	4
künıñızge	sättılık	6
şydai	almai	1
şydai	almaimyn	5
ie	boldy	8
ie	bolyp	9
iegerı	bolğan	10
syndyra	almai	1
ümıtıñdı	üzbe	3
ūbt	da	1
ūbt	dan	6
erkem	menıñ	6
söileskıñ	kelmei	2
söileskıñ	kelmese	6
söileskıñız	kelmei	7
iesı	bol	4
iesı	bolsyn	5
kuandyk	rahym	9
bered	dep	1
bered	eken	8
beredı	eken	6
beredı	ğoi	9
ülgılerı	sanalatyn	10
ruyñ	kım	1
ruyñ	qandai	9
ruyñyz	qandai	2
sürgım	kelmeidı	2
sürgım	keledı	4
aitym	ğoi	5
qūsqym	kelıp	3
kurstyq	jūmys	3
tañdau	kerek	1
renış	bolmasyn	4
renış	joq	5
renışım	joq	4
zaberi	menia	1
ündemei	otyra	1
ūlyñnyñ	tuğan	9
jezdem	qalai	2
jezdem	ekeuıñız	8
paidasy	bar	6
paidasy	joq	7
änşı	balapan	7
tünnen	berı	4
eşteñesı	joq	1
vlojenie	kerek	1
saryağaş	audany	1
qarastyrady	bıraq	1
bolğanyñdy	qalaimyn	1
jylyñ	qūtty	1
satatyn	adam	1
satatyn	jer	8
satatyn	jerde	6
satatyndar	barma	8
aibek	degen	4
emtihan	bolady	7
emtihan	qalai	9
emtihanğa	daiyndyq	9
bıtkennen	keiın	2
tyrysu	kerek	1
şyğarylu	joly	1
şyğarylu	jolyn	5
boluymyz	kerek	5
kınäsı	joq	1
aqylyna	körkı	3
jobağa	üles	1
aiym	künım	1
aiym	aiym	10
prezident	künı	9
prezident	künıne	7
prezidentı	künı	4
prezidentı	künıne	9
prezidentı	bolyp	8
prezidentı	nūrsūltan	7
basqasynyñ	bärı	7
kezdeskım	keledı	2
tırşılıgı	men	3
äuletınıñ	şejıresı	1
qairat	tıleimın	1
qairat	nūrtas	6
ükımettıñ	bilıgın	6
aitarğa	söz	1
aitarğa	sözım	7
qaterlı	ısık	3
toqtai	almai	1
köpköp	köp	2
ıske	asyru	1
praktika	da	8
praktika	bar	9
praktika	bolyp	9
baldai	tättı	8
magazin	de	1
magazin	bar	9
adamzattyq	qūndylyqtar	9
sūratyp	jatyr	1
orysşa	söilep	1
renjıtsem	keşır	7
şaruaşylyğyna	tigızetın	1
baizaq	audany	1
atañ	men	1
atañ	basy	6
jetıstıgı	qūtty	6
jıberdım	ğoi	1
erekşelıkterıne	bailanysty	5
ömırımnen	artyq	3
jūldyzdy	aspan	4
söilespegelı	köp	1
ketedı	dep	2
ketedı	eken	10
ketedı	ğoi	9
auyzekı	söileu	8
yñğaisyz	eken	1
yñğaisyz	bolyp	8
jaiym	bar	7
jıgıtın	bar	3
jıgıtın	barma	6
özderıñızge	de	3
sūltany	jūma	1
sūltany	ramazan	8
qūdıretı	şeksız	2
qosağyñmen	qosa	1
kümänım	bar	1
kümänım	joq	4
jazylaiyn	dep	5
täuelsızdık	künı	1
täuelsızdık	künımen	6
täuelsızdık	künıne	9
qoiatyn	edım	10
bauyrym	qalaisyñ	8
bauyrymyz	bütın	10
baqytyn	tıleimın	3
baqytyn	näsıp	5
baqytyna	sebep	5
aqerke	aqerke	2
tuğan	künı	5
tuğan	künıñmen	9
bölımnen	tūrady	8
geoekologiialyq	audandastyru	1
qalmau	kerek	1
qalmau	üşın	3
keled	dep	7
keledı	dep	7
tūrsyñ	ğoi	10
memleketke	zañdy	3
saiana	saiana	2
sürınbei	ötıp	1
qyzymyzdyñ	tuğan	1
almap	edım	3
ülgeru	kerek	1
saqtasañ	köp	1
şağasy	bar	1
danşik	danşik	1
maqsatyña	jet	1
qūramdas	bölıgı	3
şaşqan	künım	3
şağanyñ	qyzyğyn	1
tüsıreiın	dep	1
qateler	bar	3
alğyñyz	kelse	1
keteme	dep	2
kabanbai	batyr	1
kabanbai	batyra	3
körınbeisıñ	ğoi	6
keluşı	edı	1
lajy	bolsa	1
sūraqtardyñ	jauabyn	1
tastapsyñ	ğoi	3
töleuım	kerek	1
orkestr	bez	1
bop	tūr	1
bopty	bopty	9
sūp	sūlu	10
saltanat	apai	2
saltanat	saltanat	7
täjıribenı	arttyr	9
örkenıñ	össın	1
ülkenge	qūrmet	1
qauym	elektrondy	1
inkliuzivtı	bılım	1
anañ	aman	1
anañ	üşın	5
täueldık	jalğau	7
armysyz	apai	1
müşe	boluğa	1
jağdailarğa	bailanysty	4
tipterı	jäne	1
kömegıñız	kerek	4
qabanbai	batyr	1
barğannan	keiın	1
jüldelı	oryn	1
aqseleu	aqseleu	1
baruymyz	kerek	1
būqar	jyrau	2
būqaralyq	aqparat	1
asyñ	dämdı	1
tañğa	deiın	1
özgerıske	ūşyraidy	2
ajyrasam	dep	1
jazudyñ	qajetı	1
dūğai	dūğai	1
dūğai	sälem	5
sataiyn	dep	4
ışım	pysyp	1
bismillia	dep	4
post	salyp	1
post	salasyz	8
sadaqa	qabyl	9
sadaqa	berıp	5
qoltyqşaş	qoltyqşaş	6
jylaiyn	dep	1
qiyndyğy	joq	1
betıñızden	süidım	1
keregım	joq	1
qazaqpyz	ğoi	1
büiregım	auyryp	1
qyrsyqpyn	qyrsyqpyn	1
auğan	soğysy	1
sıltemege	kırıp	1
qaitalanbas	äiel	4
litr	su	1
litr	süt	6
ölin	dep	8
nietım	bar	1
özgeruıne	bailanysty	1
tappai	jatyrmyn	1
tappai	otyrmyn	10
zamanğa	sai	7
morfologiialyq	taldau	1
bağanaly	berı	3
sansyz	şükır	1
sansyz	şükırşılık	3
adresa	do	7
otbasymyz	aman	1
motivasiialyq	kıtaptar	1
atauly	äleumettık	2
sūrauy	bar	1
palas	juyp	4
şaqyryp	jatyr	1
aitkanyñ	kelsın	4
dürs	dürs	1
tūrasyñ	ğoi	1
oqşau	sözdı	8
demalaiyn	dep	3
künbağys	maiy	1
künbağys	maiynyñ	4
üşınşı	künı	5
qoştasyp	jatyr	9
boks	körıp	1
mümkındıktı	jıberıp	3
dūrystau	kerek	3
ğaryşqa	ūşqan	1
kırdım	üige	1
kırdım	ğoi	8
bılgıñız	kelse	7
kördım	ğoi	3
şılde	de	8
aluymyz	kerek	3
beremız	dep	1
beremız	ğoi	9
qysqartu	kerek	8
ūmytu	mümkın	1
ūmytu	qiyn	9
ūmytu	üşın	7
jolynyz	bolsyn	6
vlajnyi	salfetka	1
vatsap	barma	1
vatsap	arqyly	1
şyñdardan	körıne	10
jazğannan	keiın	1
tañğy	as	1
qolyñyz	bos	7
qolyñyz	dert	6
dedım	ğoi	9
üileneiın	dep	6
sütten	aq	1
tauarlar	qosylady	1
özderımen	özderı	2
buynğa	bölıp	1
kiem	dep	1
deisıñ	ğoi	1
qarbalas	bolyp	4
mäselege	qatysty	1
janym	menıñ	1
janym	janym	9
janymsyñ	ğoi	6
tılegıñ	qabyl	1
nūry	jausyn	1
mañyzdy	emes	1
maida	şüide	4
maidan	bastap	2
maidan	keiın	4
merekeñmen	janym	5
merekeñmen	qūttyqtaimyn	9
znak	zodiaka	3
aitatyn	adam	3
tastady	dep	10
tastady	ğoi	7
tastadyñ	ğoi	3
aparu	kerek	3
aitsan	boldy	1
sopaqşa	mi	3
tırlık	bar	1
tırlık	ıstep	9
rettei	bastaisyz	5
sızderge	de	1
aşyq	sabaq	8
auyzdy	neşede	9
kerekte	emes	2
menım	atym	1
menım	qyzym	8
däl	qazır	9
papañ	qalai	9
bekem	bol	8
jeiın	dep	1
serık	ağa	1
serık	bolsyn	9
kreditım	bar	7
armandar	oryndalady	1
armandar	kartasy	4
armandary	oryndalsyn	6
atqan	tañ	3
atqan	joq	4
kubik	kubik	9
nemereñızdıñ	bauy	2
köruım	kerek	3
koka	kola	1
sūranaiyn	dep	1
sondyqtan	da	1
mir	degen	8
mir	bez	9
mir	mir	9
miras	miras	7
qorqu	kerek	8
jasyna	jas	1
jasyna	deiıngı	3
opera	jäne	7
süigen	adam	3
süigen	elbasy	9
süigen	jarymnyñ	8
süigendı	süi	6
aiağyna	deiın	1
televizor	qarap	1
televizor	körıp	5
atalmyş	mädeni	5
keluım	kerek	1
marapat	qūtty	1
ekınıñ	bırı	1
ketıptı	ğoi	3
arailap	atqan	2
ısterın	bılmei	1
eskeru	kerek	1
qaitqym	kelıp	1
asan	qazyna	3
asan	qaiğy	6
aiynan	bastap	9
araily	şuağy	1
qonaqta	otyrmyn	1
qonaqtar	bar	4
qonaqtar	kelıp	7
anasyna	sabyr	8
köptı	körgen	1
berdık	qalaisyz	4
ūsynysym	bar	6
jalpyğa	bırdei	1
eñbegıñız	jana	4
eñbegıñız	jemıstı	5
eñbegıñızdıñ	jemısın	4
astaryñ	dämdı	1
bäsekege	qabılettı	1
suretterge	qarap	1
erlan	ağa	1
erlan	aqataev	7
ketemba	dep	7
tūnyp	tūrğan	1
jazdan	berı	1
veronika	veronika	1
symbat	symbat	1
tañğajaiyp	qonaev	5
asymdy	ışıp	1
jüresıñ	ğoi	4
jüzınen	külkı	2
balan	bar	1
hat	jazyp	3
hat	jazu	6
hat	habarsyz	9
qazan	künı	8
qazan	aiynda	4
vetrenyi	seriia	9
jasuşalyq	immunitet	1
olai	emes	3
almatyda	jūmys	9
kuda	bala	6
töleiın	dep	9
auyzy	berık	1
jualy	audany	1
armandaryñ	oryndala	1
armandaryñ	oryndalsyn	4
armandaryñyz	oryndalsyn	5
būndai	emes	3
jasyñyz	qūtty	8
jasyñyz	ūzaq	9
jasyñyzğa	jas	4
oiatu	kerek	1
kümänıñ	barma	1
sausaq	bırdei	2
meñgeruşısı	bolyp	1
jaqsylyqty	tıleimın	1
boldym	ğoi	2
vaifai	men	10
jiı	kezdesedı	8
jiı	jiı	8
bırte	bırte	7
düisenbı	künı	1
düisenbıge	deiın	2
salqyn	bolyp	1
tıktörtbūryş	pen	7
azanan	berı	1
sūrağyñyz	bolsa	4
ornyñda	bolsam	3
jañağy	qyz	1
jañağy	bala	8
qaraisyñ	ğoi	9
jañalyğym	bar	8
özıñde	qalai	1
şuağyn	şaşqan	9
mūsylman	bauyrlar	1
mūsylman	älemın	5
kartinka	kartinka	7
raiy	jäne	3
raiy	qalai	9
derımdı	bılmei	4
şattağy	qyzdarğa	1
sūrağyna	jauap	1
etnogenez	jäne	1
däret	alu	1
däret	alyp	5
terıs	qarap	4
terıs	ūstap	7
jasataiyn	dep	9
jinalysta	otyrmyn	1
enem	men	3
enem	de	7
enem	bar	9
äiteke	bi	7
armandaryn	oryndalsyn	1
armandaryna	jete	2
tūrğannan	keiın	1
lep	dep	1
lep	belgısı	3
aruna	aruna	6
şarualarym	bar	2
boran	bolyp	1
aiau	men	5
orasan	zor	5
ūşyrady	bıraq	1
kıtaphanadan	kıtap	1
tehön	tehön	1
tehön	onyñ	4
oqylatyn	dūğa	9
iris	infa	1
mätındı	oqyp	1
toqsannan	bastap	5
jurnalister	odağy	3
jurnalister	odağynyñ	5
kavkaz	qyz	4
halatty	abzal	1
aitasyn	ğoi	1
nūrjan	men	4
nūrjan	ağa	9
bolyp	jatyr	8
bolyp	tūr	10
toimai	jüre	10
säikes	keletın	1
aigül	apai	7
ketpeu	kerek	7
örlei	bersın	3
şalbar	men	2
şalbar	kiıp	7
neşeu	kerek	6
renjıtkım	kelmeidı	5
dina	apai	1
üirengım	keledı	7
baruşy	edım	3
ısteisıñ	endı	1
aliia	apai	8
atauğa	bolady	9
oñai	emes	1
erjan	ağa	5
erjan	maksim	8
bilıgın	qalai	6
bıtu	kerek	1
eñbekterıñız	jana	1
eneñ	qalai	3
ūnau	üşın	3
habarlasu	kerek	1
adamyña	jıber	1
qalym	jaqsy	1
bolğanan	keiın	1
azot	jäne	1
azot	qyşqyly	5
azottyñ	şala	6
serıgıñ	bolsyn	1
ündemegen	saiyn	1
sūranu	kerek	1
şamalğan	auylynda	1
qazırdıñ	özınde	3
oramalyñ	qūtty	1
şağalaryñnyñ	qyzyğyn	1
bauyrjan	retbaev	1
bauyrjan	momyşūly	8
jyldyğyna	orai	6
jañalyq	bar	4
jañalyq	joq	8
nietterıñız	qabyl	8
pısıreiın	dep	1
ūiyqtar	aldynda	1
basu	kerek	1
basu	arqyly	3
ömırıñızdı	de	9
kompaniiasyna	şaqyramyn	1
şertıp	jürıp	1
älemın	qalai	1
miyñ	aşyp	1
böpe	qalai	3
böpe	böpe	9
mağynaly	söz	4
mağynaly	sözder	8
aiaru	men	5
europa	men	4
europa	üşın	4
batyrjan	batyrjan	8
soğam	dep	1
keltıruge	bolady	1
negızge	ala	1
ūstaimyn	dep	3
senbeseñ	özıñ	1
jarylaiyn	dep	3
jandos	degen	1
jandos	ağa	6
aluyñ	kerek	6
aluyña	tılektespın	1
datūly	bastağan	1
ğūmyryñ	ūzaq	1
sūranysqa	ie	1
jalğan	dünie	1
jalğan	ekenın	5
ekensız	ğoi	7
qadırımdı	bıl	2
emdetu	kerek	1
bırazğa	deiın	1
zvondap	jatyr	1
zvondap	edım	9
zvondapsyñ	ğoi	9
bılıktılıgın	arttyru	1
salasyñ	ğoi	1
mūnaily	audany	2
qatysqany	üşın	1
aqyldasu	kerek	1
imela	vvidu	1
talğat	ağa	1
nemereñnıñ	bauy	4
eşkımım	joq	3
aqpan	künı	1
vşera	veşerom	1
vşeraşnego	dnia	8
janat	apai	1
kökıregı	oiau	4
şyqpau	kerek	4
nūrlan	ağa	1
jazbau	kerek	4
qūrtu	kerek	1
ūiqtau	kerek	1
aitama	dep	1
aitama	desem	4
bolaşağyñ	jarqyn	7
oljas	pen	1
köremız	endı	8
köremız	ğoi	8
nemerelerıñnıñ	qyzyğyn	9
eskeldı	audany	1
küilerıñız	qalai	1
tañdalğan	sport	1
künınız	qūtty	1
söilespeimız	söilespeimız	3
tūla	boiy	1
aramyzda	qalsyn	3
aramyzda	külıp	8
şelek	bop	9
şelek	bolyp	5
quanyşyña	ortaqpyn	6
auyzyñ	berık	1
auyzyñdy	aşyp	1
elespen	şaiqas	1
suretın	salyp	1
suretın	jıberşı	10
suretın	jıberıñızşı	8
jazsam	jauap	10
armanym	joq	5
jaqtan	bolasyz	5
jaqtan	bolasyñ	9
synaqtan	sürınbei	9
materialdan	jasalğan	1
ketuıñe	tılektespın	1
tırkeu	kerek	1
qaryndasym	bar	2
qaryndasym	menıñ	9
mektepaldy	daiarlyq	4
meñgere	alasyz	1
qysqan	bai	1
jolyğu	kerek	1
köndıre	almai	1
qorqaiyn	dedım	1
ğūsyl	alu	1
ğūsyl	alyp	4
tuylğan	künı	5
tuylğan	künıñmen	9
künderımız	köp	7
namazdan	keiın	1
qoiamyn	dep	1
talai	adam	5
talai	ret	9
septıgın	tigızedı	6
kommunaldyq	memlekettık	1
şabyt	şabyt	1
köñılımnıñ	änı	5
salamattyq	bolsyn	1
ıstep	jatsyñ	1
berık	bolsyn	4
bırer	söz	2
mausym	künı	1
sätten	bastap	4
küzge	deiın	1
qatyny	bar	1
qūsyñ	qūtty	1
saldyru	üşın	1
kiınu	kerek	4
magnit	magnit	1
vaz	vaz	5
mysaly	men	4
baspasöz	qyzmetınıñ	7
baspasöz	qyzmetınen	7
banadan	berı	3
jañalyqtar	bar	1
jañalyqtar	köp	5
jañalyqtaryñ	bar	8
dima	sondai	1
dimaş	qūdaibergen	8
tappaitynyñ	joq	4
täuke	han	1
bauka	men	1
jaqsylyğymen	kelsın	4
qoiaiyq	dep	1
aşar	qabyl	1
aşar	beremız	9
nūrly	jol	8
nūrly	bolsyn	5
öşıre	salyñyz	5
ötse	de	4
säuır	künı	4
säuır	aiynyñ	3
düisenbıden	bastap	7
aruym	sen	1
siyr	bar	1
siyr	etı	9
siyr	jyly	7
ısterıñızge	bereke	9
kuieu	bala	4
şamalar	arasyndağy	2
qordai	audany	1
nūrai	nūrai	1
taldyqorğan	da	2
tolu	kerek	1
qaiğyña	ortaqpyn	1
toiym	bar	3
ūiqyly	oiau	1
nelerıñ	bar	1
suretıñe	qarap	1
darhan	men	1
darhan	degen	6
darhan	ağa	8
sotkasyn	alyp	8
külmeş	külmeş	1
raiyna	bailanysty	1
tıleuıñdı	bersın	1
deudıñ	ornyna	2
eşqaisyñ	kerek	1
anar	apai	1
anar	anar	8
qaşanan	berı	8
qolhat	jazyp	1
jelanie	bar	1
jelanie	joq	8
aitady	ğoi	6
talabyña	nūr	9
kelındık	ömır	1
ertenen	bastap	1
aiyp	etpe	1
aiyp	etpeñız	7
jatqyzuğa	bolady	7
talğar	audany	1
qiiamet	künı	1
jyldarğa	arnalğan	1
batys	qazaqstan	1
batys	europa	6
üilengennen	keiın	9
kümıs	alqa	1
ötınışım	bar	3
ötınışım	bolyp	2
topyraqta	tırşılık	9
sūradym	ğoi	1
alsai	endı	3
alsai	telefon	6
qandaida	bır	4
jeñısı	qūtty	1
martqa	deiın	1
salğannan	keiın	1
söitu	kerek	1
tölep	qoidym	1
jasaimyz	dep	6
jūmystaryñyzğa	sättılık	5
qoiuğa	bolady	1
ūmyta	almai	2
ūmyta	almaimyn	4
bratişka	qalaisyñ	6
jıbek	joly	5
daindalu	kerek	4
aifon	alyp	1
soda	bar	7
sodan	keiın	1
bıluım	kerek	6
beruımız	kerek	1
tırşılık	etetın	1
yz	seh	6
ışkım	kelıp	1
ışkım	kep	7
ekeuıñız	bır	5
ekeuıñız	bırge	7
ekeuıñız	baqytty	8
altynai	apai	5
altynai	jorabaeva	9
aidos	aidos	9
qaralu	kerek	1
zor	densaulyq	1
qarttar	künı	3
keluıñ	kerek	1
jeteiın	dep	1
deuım	kerek	1
aspanyñyz	aşyq	1
vzlom	jasap	1
klasstastar	qaida	2
meşıtte	auyz	1
aparuym	kerek	1
qalaulysy	bolyñyz	1
dami	ber	1
dami	berıñız	4
damir	men	7
damir	damir	9
tūrar	rysqūlov	5
aityñ	qabyl	1
talaptarğa	sai	1
tılegıñdı	qabyl	3
jıbergennen	keiın	1
aidai	sūlu	1
talapqa	sai	3
eşqandai	zat	1
eşqandai	jañalyq	9
säresı	ışıp	10
säresın	ışıp	3
säresın	kütıp	7
otyruym	kerek	8
bereketı	men	1
bereketın	bersın	1
aldyru	kerek	1
pedagogika	jäne	1
asqar	tau	7
asqar	tauym	7
oilanu	kerek	7
jazañdy	bersın	1
basqanğa	laik	1
uaiym	joq	1
uaiym	boldy	8
uaiym	bolyp	6
uaiymdai	berme	9
ashat	ağa	1
ashat	ashat	9
mäselelerdıñ	bırı	4
asu	kerek	1
zum	arqyly	1
jūmystaryña	sättılık	8
qalymyz	jaqsy	1
bolğanyñyz	üşın	1
köldei	köñıl	1
baha	men	1
baha	baha	9
şolpan	apai	9
şolpan	şolpan	9
ısteitın	adam	5
ısteitın	boldyq	8
jatyrmyn	özıñ	9
jatyrmyn	ğoi	8
syrğa	saluğa	10
syrğa	salyp	7
salasyz	ğoi	3
indira	apai	2
indira	indira	7
jasağannan	keiın	6
aşylyp	jatyr	1
aşylyp	tūr	9
aşylyp	kettı	8
normağa	sai	7
aidyn	basynda	1
tapqym	keledı	6
sorpa	ışıp	1
jylağan	joq	4
şyğys	qazaqstan	1
ūrpaqtan	ūrpaqqa	4
kündegısın	künde	1
ınju	men	1
ınju	ınju	9
detskii	vremia	3
küieuıñızge	arnalğan	4
iman	bersın	1
iman	bailyğyn	6
tüzu	men	3
tüzu	bolsyn	8
şöp	salyp	5
şöp	oryp	8
şöp	jūlyp	9
syilyğynyñ	iegerı	6
amanşylyq	bolsyn	3
amanşylyq	özıñde	9
bazasyn	satamyn	9
auyraiyn	dep	1
alğysym	şeksız	1
sabina	sabina	1
saule	tate	6
saule	apa	9
saule	apai	8
eselene	bersın	6
qyzyqtyñ	bärı	1
obal	ai	1
obal	boldy	9
obal	ğoi	7
almağanym	üşın	8
merei	merei	1
dedıñ	ğoi	5
qospai	aq	5
buhgalterlık	esep	2
qostanai	oblysy	1
bastalaiyn	dep	3
almauym	mümkın	1
qalaulym	körıp	1
aiauly	ana	1
aiauly	jar	4
aiaulym	aiaulym	7
kostium	şalbar	4
jūmyrtqa	quyryp	1
qylqan	japyraqty	5
tılekterıñ	qabyl	1
tılekterıñ	oryndalsyn	3
tılekterıñız	qabyl	8
ystyq	su	1
törınen	oryn	10
samat	ağa	1
jännätta	bolsyn	4
ruslan	men	1
ruslan	ağa	6
tabystar	tıleimın	5
saulyğyñ	qalai	1
saulyğyñ	myqty	7
jazira	apai	5
jazira	baiyrbekova	5
jambyl	oblysy	9
jambyl	audany	5
sebepterge	bailanysty	8
ıñkär	ıñkär	1
ınısı	bar	3
ajyrata	almai	3
astaryñyz	dämdı	3
byltyrdan	berı	1
slaid	jasap	1
aiyrmaşylyğy	bar	4
aiyrmaşylyğy	qandai	4
mümkındıgıñız	bar	8
qadamy	qūtty	1
ernar	aidar	1
jasauymyz	kerek	2
brak	men	1
aigul	apa	7
aigul	apai	7
merekesıne	orai	5
golosuiu	vzaimno	1
ıstetu	kerek	1
qarlyğaş	apai	1
namazymdy	oqyp	2
sūraqtaryma	jauap	1
güljan	apai	1
auylymdy	sağyndym	2
botam	menıñ	1
botam	botam	10
sūrauym	kerek	5
söilesu	kerek	1
söilesu	üşın	2
jadyra	apai	8
nazerke	men	5
jağdaiyñyz	qalai	9
jağdaiyñyz	jaqsyma	5
oilanyñyz	oilanyñyz	6
qūralai	hanym	1
qūralai	apai	6
zere	zere	4
tūlparyñ	qūtty	4
ışıme	syimai	1
ışıme	kırıp	5
taiaq	jep	4
taiaq	jisıñ	7
allahtyñ	qalauymen	5
estuıñız	bar	1
estuıñız	barma	5
maqala	jaza	4
teñdessız	ülgılerı	5
dertke	daua	1
tūtynuşy	bolasyzba	1
jäidan	jäi	1
tyrnaq	astynan	1
pänder	boiynşa	1
gülnaz	gülnaz	3
pavlodar	oblysy	3
buyltyq	qūrttar	3
tän	emes	1
neñ	bar	7
neñız	bar	1
auyzym	berık	1
äli	men	1
palatalardyñ	jeke	3
tılekterıñızdı	alla	3
tez	tez	2
kompaniiasynda	jūmys	6
soobşenie	jazyp	1
jūldyzyñ	jaryq	6
era	era	1
jinau	kerek	1
jinauym	kerek	2
tılekterıñdı	alla	1
tılekterıñdı	qabyl	4
köne	türkı	5
kettık	dep	4
erbol	ağa	9
marttan	bastap	5
barğym	kelıp	2
barğym	kep	7
ūljan	apai	8
lider	men	6
säresıne	tūra	1
säresıne	ūiyqtap	8
özendei	ömır	6
esımım	balnūr	1
tynys	alu	7
nietın	qabyl	4
tolqyn	apai	1
äure	bolma	1
äure	bolmai	8
äure	bolyp	8
şynar	apai	8
asyñyz	dämdı	4
nūrbol	nūrbol	1
bolypty	ğoi	2
jeñısıñ	qūtty	2
kelınşek	kelınşek	1
balnūr	men	5
ajar	men	7
ajar	apai	9
ajar	ajar	9
talpyn	jaqsy	8
talpyn	täjıribenı	8
talpyn	talpyn	8
leksiia	jazyp	8
auzymyz	berık	3
asylai	asylai	1
qaraptan	qarap	1
eşteme	etpeidı	1
eşteme	joq	9
aitkanyñyz	kelsın	8
salat	jasap	1
pysyq	qyz	4
pysyq	pysyq	8
kelıñder	dep	7
tabuym	kerek	8
sälem	qalaisyñ	1
barmaqtai	baq	6
diana	men	1
qalyñyz	qalai	8
aqqu	arman	1
armanyñ	oryndalsyn	1
riza	bolsyn	1
riza	bop	9
riza	bolyp	9
abzal	jan	7
abzal	jandar	8
bersem	bolama	7
otbasylaryñ	aman	6
bıluımız	kerek	1
jazylğan	sözderdı	1
jazylğan	eken	9
ötkızuım	kerek	9
zvondau	kerek	1
qyzğandyru	üşın	1
araq	ışıp	1
allahqa	şükır	2
edu	domoi	1
balaşağañnyñ	qyzyğyn	4
esımıñız	kım	1
bosatuğa	äkep	2
aluan	türlı	1
zär	şyğaru	1
aspau	kerek	1
esenbai	esenbai	1
engızu	kerek	1
poema	jazyp	4
türlı	bolyp	1
astronomiialyq	dene	10
jelsız	tünde	1
madiiar	madiiar	1
tereñ	oi	4
brilliant	bolyñyz	7
suretıme	laik	1
gulia	tate	1
gulia	apa	9
gulia	apai	7
oñtüstık	qazaqstan	8
oñtüstık	amerika	4
jūmysyñnyñ	jemısın	9
jazylyp	ket	1
jazylyp	ketsın	6
kütınu	kerek	9
söilesuım	kerek	1
zattaryn	alyp	1
otbasylaryñyz	aman	1
otbasylaryñyzğa	amandyq	1
rasymen	de	1
aiala	maimyl	1
aiagöz	qaida	5
barğanda	alyp	3
alğysymyz	şeksız	9
maira	apai	1
ermek	üşın	4
temekı	şegıp	2
ölımnıñ	arasynda	6
nūrgül	apai	1
fotosyn	jıber	4
fotosyn	jıberıñızşı	8
sekıldı	ğoi	9
sekıldı	qyzsyñ	6
kudai	au	5
kudai	saqtasyn	9
renjıgen	joqpyn	8
jūrtymyz	aman	2
jūrtymyz	tynyş	5
boiyñ	qanşa	4
boiyñ	ūzyn	4
kışkentaiyñnyñ	bauy	7
aiqyn	bolsa	1
aiqyn	tölepbergen	6
tabuyña	tılektespın	5
qalady	dep	1
qalady	ğoi	10
ademı	qyz	8
ademı	eken	8
ademı	bolyp	7
tynyştyq	kerek	9
uaiymdama	bärı	7
uaiymdama	janym	6
bılıktılıktı	arttyru	6
dūğalaryñ	qabyl	1
jıger	auypbaev	1
künge	deiın	1
degende	men	7
degender	bar	9
degender	bolsa	5
qoja	ahmet	7
jamal	jamal	1
şydamnyñ	da	3
arada	alyp	1
asulary	köp	4
asularyñ	köp	1
qorytyndylai	kele	1
ölgennen	keiın	1
samsa	jep	1
samsa	pısırıp	9
nöl	nöl	5
gramota	alyp	2
gramota	qūtty	4
gramotasy	qūtty	5
baljan	apai	1
aiynda	ūstağan	6
bärıne	sälem	7
bärınen	de	9
bärınen	būryn	7
qarauym	kerek	8
quğynbai	quğynbai	1
tüsırıp	jıberşı	1
tapqan	adamğa	8
üstem	bolsyn	9
rauşan	apai	1
pissa	zakaz	6
pissa	jep	8
tekseru	kerek	7
tekseru	üşın	4
ūstaiyn	dep	9
qaldyq	dep	1
olardy	da	9
rasul	rasul	6
jañajyl	qūtty	2
janna	apai	1
tanysaiyq	dep	5
tanysaiyq	qarsy	5
habarlaidy	az	5
habarlaidy	baspasöz	5
qiialyña	qanat	6
abdijappar	alkoja	1
balapandarym	menıñ	1
qoñyrau	qūtty	3
tütının	üzbei	7
orazalaryñ	qabyl	1
orazalaryñyz	qabyl	1
ğazizhan	şekerbekov	1
bıtırgennen	keiın	1
nietımız	qabyl	1
qyrğyz	bır	1
edinisa	joq	4
edinisa	salyp	8
ruyn	kım	5
ruyn	qandai	4
salatyn	adam	5
salatyn	edım	8
şahi	şahi	8
aqiqat	nemese	1
gülnūr	apai	3
tılekterın	qabyl	6
tılegıñız	qabyl	1
köktemdei	qūlpyryp	1
janymda	bol	1
janymda	adamdar	8
janymdai	jaqsy	7
mäz	bop	1
mäz	bolyp	7
saluyñ	kerek	4
tūrsyz	ğoi	1
denderıñe	saulyq	3
köktemnıñ	alğaşqy	1
eskı	jaña	2
senderdı	jaqsy	1
senderdı	qatty	9
ūmytyp	ketıppın	10
şöbere	süiıp	6
klastastar	qaida	2
äuezov	atyndağy	5
temperaturasy	köterılıp	1
baruyñ	kerek	4
merekelerıñ	qūtty	1
söilesıp	jatsyñ	1
imany	bar	9
imany	joldas	8
pıtır	sadaqany	4
gülmira	apai	3
uäde	berıp	2
aiman	apai	8
ışındegı	eñ	8
ışındegı	jüregım	5
näzıgım	ai	7
denderıñızge	saulyq	1
jüregım	menıñ	1
diko	men	6
diko	diko	6
qasiettı	jūma	7
äitpese	men	7
köşeiın	dep	6
tapsyrys	beru	1
tapsyrys	berıp	8
tūtqan	orazalaryñ	9
tūtqan	orazalaryñyz	8
mäşhür	jüsıp	5
jasyryn	qarau	1
gauhar	apai	200
menımen	bırge	6
vetrennyi	seriia	9
salar	edım	1
banan	nege	1
faer	oinaisyn	2
faer	oinap	8
qapa	bolyp	8
toğjan	toğjan	4
syrym	datūly	2
syrym	syrym	7
qyryq	bes	3
qamşynyñ	sabyndai	6
körudı	alla	1
körudı	näsıp	6
namazynan	keiın	6
quasyñ	sen	1
quasyñ	quasyñ	5
ūşqan	qazaq	4
jatyrmyz	dep	3
jatyrmyz	ğoi	8
jomart	toqaev	8
jañbyrdyñ	astynda	2
aiaqtalğannan	keiın	1
bişı	qyz	1
jannūr	jannūr	1
tögıle	tüssın	2
baiqamai	ketıp	1
baiqamai	basylyp	9
qasymdağy	qyz	8
allam	tün	1
janalyq	bar	10
janalyq	joq	8
ūiaty	joq	5
jaraidy	apai	3
jaraidy	janym	6
zäm	zäm	10
güldana	güldana	1
salmaqtan	arylu	4
jinalamyz	dep	1
jasyl	elge	3
jasyl	tüstı	7
abylai	han	9
abylai	hannyñ	5
marjan	apai	9
merekesımen	qūttyqtaimyn	9
kaif	bop	1
äldi	äldi	9
batpan	qūiryq	1
jeñısterıñ	qūtty	1
eşten	keş	1
ügıt	nasihat	1
meiramyñ	qūtty	1
meiramyñmen	qūttyqtaimyn	1
aiajan	aiajan	2
marapatyñ	qūtty	5
otyraiyq	dep	1
jeksenbı	künı	3
auyzymdy	aşyp	2
qosylyp	jatyr	1
qosylyp	tūr	9
senın	atyn	6
eşkımge	aitpa	5
täp	tättı	10
täp	tättım	2
özıñız	qalaisyz	9
özıñızdı	tanystyryp	3
tolyp	jatyr	5
tolyp	tūr	10
tolyp	kettı	10
nūrbolat	abdullin	9
bastalyp	jatyr	1
bastalyp	kettı	8
alypsyñ	ğoi	5
ğaliia	apai	1
raihan	apai	2
jüremız	ğoi	3
saryarqa	tolğauy	3
tarif	bıtıp	1
tarif	joq	7
asiia	apai	8
azamaty	jäne	3
azamaty	bolsyn	5
balağa	da	6
aşardan	keiın	9
timur	kakaşka	1
astam	adam	4
nargiz	nargiz	9
uaiymdamañyz	bärı	1
auzyñyz	berık	1
azamatşa	bolsyn	1
azamatşa	bolyp	5
nauryzdan	keiın	5
airan	ışıp	7
tarauih	namazy	5
tarauih	namazyna	8
nemen	ainalysyp	9
janbolat	janbolat	6
orazany	būzady	4
orazany	būzbaidy	4
ignor	ignor	4
ekzamen	bar	5
ekzamen	qaşan	6
ekzamen	qalai	7
senderde	de	9
neşesıne	deiın	9
ūlys	oñ	1
barğyñ	kelıp	1
suğa	tüsıp	5
suğa	salyp	7
suğa	tüsırıp	8
jännatta	bolsyn	9
qatynym	menıñ	1
merekelerıñmen	qūttyqtaimyn	3
özderıñe	de	2
özderıñede	qabyl	3
kamşat	apai	1
mınezıñ	qandai	6
qūqyq	qorğau	1
qūqyq	negızderı	9
qūqyq	būzuşylyq	7
senımen	bırge	8
balalyq	şaq	10
tapsyryp	jatyr	3
tapsyryp	qoidym	8
zasepila	menia	9
şeksız	şeksız	1
önerıñ	örge	5
jylymyz	qūtty	3
mädi	mädi	1
soltüstık	qazaqstan	1
tartyp	alyp	6
altynym	menıñ	9
altynym	altynym	6
jazsai	jazsai	7
sūrasam	bolama	2
qaraityn	adam	3
mahabbatyñ	aşylyp	3
sanjar	men	1
soğyp	tūr	5
soğyp	edım	7
jarğanat	jarğanat	9
orazañyz	qabyl	1
olardyñ	ağzağa	1
ruhani	azyq	10
ruhani	jañğyru	8
mazam	bolmai	7
banka	jauyp	3
aituğa	bolmaidy	1
aituğa	bolady	9
pivo	alyp	8
pivo	ışıp	9
körgım	kelıp	2
körgım	kep	6
körgım	keledı	8
jeñısterıñız	qūtty	10
habarlady	oblystyq	1
aga	men	1
qatty	jaqsy	6
qatty	qatty	9
aiana	men	5
hidjab	kiıp	7
byr	bala	1
şarşap	kettım	9
perizat	apai	6
perizat	perizat	9
islam	dını	3
islam	altaibaev	9
qūldarynyñ	qatarynan	9
sūraidy	ğoi	1
asylym	menıñ	4
farida	apai	1
janyma	jaqyn	1
qarasai	audany	3
keşınde	tarauih	2
mesto	dlia	1
tosyn	syi	7
körısu	ait	1
körısu	künı	6
perışte	sekıldı	4
qaraqat	äbıldina	3
qaraqat	qaraqat	9
poştañyzğa	jıberdım	7
jyldaryñ	qūtty	1
merekemen	qūttyqtaimyn	1
bölek	bölek	1
nurjan	kermenbaev	9
muzykasy	bar	2
muzykasy	barma	6
mekteptegı	bır	5
mekteptegı	tapsyrmalardy	9
mekteptegı	tapsyrmany	7
auyzaşardan	keiın	6
azanda	erte	1
merekelerıñız	qūtty	9
ölşeulı	ömır	1
qaiyrly	tañ	1
qaiyrly	tün	5
qūiryq	mai	6
almaimyn	dep	1
almaimyn	ğoi	10
läzzat	alu	10
läzzat	apai	6
sağynyp	kettım	4
jarymnyñ	süiıktı	4
päterge	qol	1
qyzmetınen	tüsken	1
qyzmetınen	habarlady	7
daniiar	daniiar	3
tegıs	aman	5
tegıs	amanba	4
nietıñdı	qabyl	5
qosanovqa	dauys	1
orazağa	aman	1
orazağa	deiın	8
ūlystyñ	ūly	8
renjıtken	bolsam	1
tüsuıñe	tılektespın	3
jylap	jatyr	1
jüzderıñnen	külkı	10
asyqpai	kele	1
asyqpai	oqyp	7
süiınşı	sūrap	9
balapanym	menıñ	4
balapanym	balapanym	5
jerden	bolasyñ	6
auysyp	ketken	10
auysyp	kettı	7
qorğauşylar	künı	6
qorğauşylar	künımen	4
säken	seifullin	5
säken	säken	7
basqaşa	tüsınıp	6
ädeiı	emes	9
ädeiı	ıstep	8
orazamdy	aşyp	7
attaryn	jazyp	1
orazamyn	dep	3
bolş	dep	1
bolş	tez	9
vatsapta	joq	9
merekelerıñızben	qūttyqtaimyn	7
dias	degen	2
jenşe	men	8
jenşe	qalaisyz	9
baramyn	dep	6
janerke	men	6
ışıp	otyrmyn	8
ofisant	bolyp	10
jinalyp	jatyr	1
jinalyp	jatyrmyz	7
toqaevqa	dauys	7
beibıt	künnıñ	1
beibıt	ömır	6
senderdıñ	de	5
nağima	apai	8
ketet	dep	1
ketet	eken	4
barmaityn	boldy	8
barmaityn	boldym	9
barmaityn	boldyq	7
tüsınıksız	bolsa	8
tüsınıksız	bolyp	8
sanduğaş	apai	4
äliia	apai	1
jaily	tūr	3
azamattarymyz	aman	8
vidiony	körıp	1
vidiony	jıberşı	4
aqmaral	apai	6
oinap	aitam	5
qandy	ışıp	5
sport	zalda	2
zvandağan	joq	9
büitu	kerek	5
nūrym	quanyş	1
ekenmın	dep	1
ekenmın	ğoi	6
beremın	dep	4
nemene	bäle	7
quandyq	rahym	6
kanat	kanat	1
nietımızdı	qabyl	1
ädemısıñ	ğoi	1
jüzderıñızden	külkı	2
aluğa	bolady	1
aluğa	ülken	6
qazyğūrt	audany	8
mūhtar	şahanov	1
mūhtar	äuezov	8
qyzdyñ	aty	3
suretke	tüsırıp	10
merekeden	merekege	4
aslan	men	1
orazasy	qabyl	3
ainaş	apai	1
ailardyñ	sūltany	3
sekret	sekret	1
bılgınız	kelse	2
söileskım	kelmeidı	1
söileskım	kelıp	8
söileskım	kep	9
söileskım	keledı	9
aqjoldan	aptalyq	9
saida	saida	1
bastauyşpen	qoştasu	1
bastauyşpen	qoştasyp	2
pik	bar	9
tentek	qyz	1
tentek	bolyp	5
lazzat	alu	7
lazzat	apai	4
tılegen	dūğa	5
tılegen	tılekterıñ	5
özderıñdı	tanystyryp	7
imandy	bolsyn	1
zamanymyz	tynyş	2
jasyūzaq	bolsyn	1
ekeumızdıñ	aramyzda	1
äielımın	men	4
özınşe	bop	1
özınşe	bolyp	7
qorqaq	dep	6
dedıñız	ğoi	1
särege	deiın	2
beisenbı	künı	1
nietterıñızdı	qabyl	2
futbolka	men	1
ğylymi	joba	3
azu	kerek	4
nietıñqabyl	bolsyn	1
qūtjan	bağlan	1
aspanymyz	aşyq	1
ūiyqtap	jatyr	1
ūiyqtap	qaldyñ	8
nesı	bar	10
jyldaryñyzben	qūttyqtaimyn	6
meiramyñyzben	qūttyqtaimyn	7
mamyrğa	deiın	2
balans	ädısı	1
soqyr	bolyp	3
audaru	kerek	1
nietterıñdı	qabyl	1
mensız	qalai	1
säresınen	keiın	4
meiramdaryñ	qūtty	1
meiramdaryñmen	qūttyqtaimyn	1
meiramdaryñyz	qūtty	4
būlai	bolmaidy	1
renjıp	qaldyñ	7
bıtırgenı	qūtty	6
tauary	sapasy	1
merekemız	qūtty	1
keregıñızdı	aluğa	1
ükır	jaqsy	1
tüisıgıñ	men	1
alpamys	batyr	1
alpamys	alpamys	5
aisaule	askar	4
jebeuşı	eles	1
olia	men	1
mülde	joq	4
mülde	basqa	4
tüsınıktı	boldy	5
raqmet	janym	5
raqmet	raqmet	10
sälemet	bolsyn	10
sälemetsız	derme	2
davai	davai	7
otyrmyn	özıñ	4
zdravstvuite	zdravstvuite	5
jıberşı	ötınış	10
jıberşı	jıberşı	6
assalam	aleikum	9
auyryp	jatyr	3
qalaisyñdar	amansyñdarma	8
äumin	aitqanyñ	9
bılmeimın	ğoi	8
dlia	menia	7
oğan	deiın	8
aleikum	assalam	10
vot	imenno	10
alo	alo	8
aloo	aloo	2
aumin	aitqanyñ	1
oqasy	joq	8
künıñmen	qūttyqtaimyn	1
kütıp	otyrmyn	3
keşırşı	keşırşı	6
jatyp	jaily	2
arujan	arujan	4
mektepke	kırıp	7
qūttyqtaimyn	baqytty	10
aitşy	aitşy	6
ladno	davai	8
skrin	jasap	10
skrin	etıp	7
skrin	jıberşı	9
ämin	raqmet	8
ämin	ämin	10
jürıp	jatyr	10
öşırıp	tastadym	8
sağyndym	senı	10
sağyndym	janym	8
sağyndym	sağyndym	10
ötıp	jatyr	8
ötıp	kettı	8
berşı	dep	10
berşı	ötınış	10
berşı	mağan	8
madina	madina	10
kiınıp	jür	9
qoidym	dep	2
qoidym	ğoi	9
razy	bolsyn	7
krasavisa	bolyp	1
oibai	oibai	9
kımmen	söilesıp	10
tūrady	eken	3
tūrady	ğoi	8
nenı	bıldıredı	10
sonyñ	ışınde	10
assalaumaleikum	qalaisyñ	10
bylo	by	10
sälemetsızder	oquşylar	5
koneşno	je	8
koneşno	janym	6
jaqsymyn	özıñ	7
külıp	oinap	5
äiteuır	bır	7
qatysyp	otyr	7
qatysyp	otyrmyn	10
kereksıñ	ğoi	7
erasyl	nūrbek	2
barad	dep	3
barad	eken	4
barady	dep	6
barady	eken	10
qaityp	bara	8
dalağa	şyğyp	9
zaşem	tebe	5
sūraimyn	dep	10
arnalğan	kosmetika	10
degendı	qalai	9
neşınşı	bet	9
neşınşı	jylğysyñ	10
ketşı	bar	6
joqqo	mende	4
maqūl	janym	6
maqūl	maqūl	7
kiıp	jür	6
kausar	men	10
öşıp	qalypty	5
öşıp	qaldy	9
among	as	8
karantin	dep	2
karantin	bıtsın	10
vrode	by	9
vrode	vse	7
qoişy	boldy	9
özınıñ	jeke	9
osydan	keiın	9
esse	jazyp	6
esse	jazu	8
jıberıñızşı	ötınış	6
balany	alyp	3
balany	jaqsy	8
balanyñ	aty	9
saldym	dep	9
saldym	ğoi	7
sağanda	qaiyrly	5
nūrsūltan	nazarbaev	7
nūrsūltan	äbışūly	6
daiyndap	jatyr	8
davaite	men	10
kalgan	kezde	6
daiyndalyp	jatyrmyz	9
basylyp	kettı	10
basylyp	ketıptı	4
duşi	brat	10
duşi	ğoi	5
künıñızben	qūttyqtaimyn	9
koroşe	men	3
tüsınıp	otyrmyn	6
näsıp	etsın	9
aitpaqşy	sen	2
aitpaqşy	men	9
qorqyp	kettım	9
mındettı	türde	9
apaiğa	aityp	2
roza	apai	8
amansyñdarma	baldar	9
amansyñdarma	jaqsysyñdarma	10
tüsındım	apai	8
tüsındım	ğoi	9
qaldaryñyz	qalai	8
üiden	şyqpai	1
üiden	şyğyp	9
süiemın	senı	10
süiemın	janym	10
süiemın	süiemın	8
assaliamu	aleikum	6
degenge	de	1
degenge	aityp	9
tanysyp	otyraiyq	9
sabaqtan	keiın	6
sabaqtan	soñ	8
tılınen	üi	9
konsa	dep	9
konsa	baram	9
kstati	sen	8
kstati	men	8
demalyp	jatqan	7
artynan	ere	10
artynan	jügırıp	8
tfai	köz	9
tfai	tfai	10
tekserıp	jatyr	2
amina	men	8
amina	amina	9
znaşit	sen	5
tynyştyğyn	bersın	8
jandarym	menıñ	2
tılden	üi	4
vseh	blag	9
bolt	bolt	6
assalamu	aleikum	7
barmyn	dep	1
barmyn	ğoi	8
qaşyp	kettı	7
sabaqtyñ	taqyryby	9
qyzben	söilesıp	2
qyzben	jürıp	9
esıme	tüsıp	8
söilep	jatyr	5
būiyrtsa	erteñ	7
sūraiyn	dep	5
sūraiyn	degem	4
meruert	apai	10
meruert	meruert	7
tıptı	tabys	6
tıptı	jaqsy	6
erteñge	deiın	7
bastysy	aman	4
bastysy	otandyq	9
zato	men	10
budem	vmeste	5
fotoğa	tüsırıp	9
tastadym	dep	4
tastadym	ğoi	7
botaqanym	menıñ	4
botaqanym	botaqanym	6
tüsedı	dep	5
tüsedı	eken	9
tüsedı	ğoi	8
köterıp	alyp	8
keşıgıp	jatyr	7
äreñ	degende	9
äreñ	şydap	8
ketpesın	baqytty	9
login	men	4
ramazan	aiyna	2
ramazan	mübäräk	10
bastalady	eken	9
tüsındırıp	aityp	8
künnen	berı	8
künnen	keiın	9
tırkelıp	laik	7
jaqsylap	oqyp	5
müldem	joq	9
müldem	basqa	7
asalaumağaleikum	brat	9
asalaumağaleikum	bauyrym	9
asalaumağaleikum	qalaisyñ	9
kakaia	krasivaia	9
jasaidy	dep	8
jasaidy	eken	8
dorama	körıp	8
neğyp	jür	4
neğyp	jatsyñ	8
neğyp	jürsıñ	7
glavnyi	aman	9
glavnyi	geroi	9
qaitys	bolğan	8
qaitys	boldy	7
qatysamyn	qatysamyn	8
aizere	aizere	2
magazinge	baryp	3
tezırek	jazylyp	5
tezırek	sauyğyp	4
şoşyp	kettım	8
zarina	men	4
zarina	zarina	9
bzde	de	5
jaratylystanu	dan	2
gruppadan	şyğyp	6
gruppadan	şyğaryp	5
gou	bron	9
alou	alou	6
auystyryp	jatyr	1
auystyryp	edım	8
oquğa	tüstıñ	8
balamen	söilesıp	7
allo	allo	4
süiıp	süiıp	2
vatsaptan	jazyp	8
vatsaptan	şyğyp	7
buiyrsa	eken	8
buiyrsa	baram	6
buiyrsa	erten	7
pısırıp	jatyr	8
pısırıp	jatyrmyn	6
otyrady	eken	5
otyrady	informasiia	9
otyrady	ğoi	6
zapros	tasta	8
zapros	tastap	6
zapros	tastadym	9
habaryn	aitamyn	9
ötınem	ötınem	9
dva	dnia	2
dva	goda	6
jaqsymyz	şükır	8
ūqsaidy	eken	7
uaiymdap	jürmın	3
mübäräk	bolsyn	8
joği	men	1
joği	ol	5
daiynmyn	men	8
bts	bts	9
añsağan	armanyña	2
ūryp	jatyr	3
ūryp	tūr	9
telefondy	alyp	5
telefondy	öşırıp	7
jürekten	qūttyqtaimyz	9
jürekten	qūttyqtaimyn	8
alhamdulillah	jaqsy	4
alhamdulillah	şükır	4
ötkızıp	jatyr	6
ötkızıp	aldyñdar	7
qūşaqtap	jatam	8
qūşaqtap	jatqym	9
oryndadym	apai	8
aqnūr	men	4
aqnūr	aqnūr	9
baldarmen	söilesıp	5
belyi	belyi	4
alasyñba	ötınış	6
degendei	boldy	7
degendei	ğoi	7
jıgıtpen	söilesıp	8
jıgıtpen	jürıp	9
qinalyp	kettım	9
mektepten	tapsyrma	8
ärbır	adam	9
ısteimız	dep	9
ūqsap	tūr	9
ūqsap	kettı	5
domoi	kogda	7
ūrysyp	jatyr	8
tanysuğa	bolama	5
qazaqtyñ	ūlttyq	2
kımnen	aldyñ	6
joqqoi	mende	7
eldıñ	bärı	2
komu	kak	7
amanbyz	özderıñ	9
amanbyz	şükır	6
qazaqstannyñ	klimattyq	5
şeşıp	alaiyq	9
şeşıp	alyp	7
bolşy	janym	9
assalamualeikum	qalaisyñ	5
mainkraft	mainkraft	8
ısteidı	eken	1
aralasyp	jürgen	7
aralasyp	tūraiyq	7
uaqytqa	deiın	6
senıp	otyrmyn	2
agam	men	7
agam	bar	7
soğym	şüigın	3
soğym	süikımdı	5
üidemın	ğoi	8
tünımen	ūiyqtai	2
tünımen	auyryp	6
jaraima	janym	8
ötedı	eken	9
ötedı	ğoi	8
jañadan	kelgen	9
bazarğa	baryp	6
şarşadym	men	8
şarşadym	dep	7
şarşadym	bügın	6
igry	dlia	9
iin	kerek	2
iin	jazyp	6
iin	men	6
armanyña	jet	8
armanyña	jete	6
armanyña	jetuıñe	6
ūialyp	jürmın	8
ūialyp	tūrmyn	9
ūialyp	kettım	9
assaliamualeikum	jıgıtter	9
assaliamualeikum	qalaisyñ	9
köşıp	ketken	7
qyzğanyp	jatyr	9
qyzğanyp	jatsyñ	9
oinaimyz	kım	8
oinaimyz	dep	3
zp	tüstı	8
tañdap	beretın	8
otyratyn	jūmys	6
ömırdegı	bar	8
ömırdegı	barlyq	5
tılektespın	ata	5
tılektespın	janym	9
söilesemız	dep	8
söilesemız	ğoi	6
krasivaia	devuşka	4
krasivaia	milaia	7
saiasi	jäne	5
devoşka	aiko	7
sūraqqa	jauap	5
äbden	mümkın	1
arsen	men	3
bilep	jür	7
bilep	jatyr	8
bilep	jürgen	7
auu	janym	8
bärıñe	sälem	5
bärıñe	qaiyrly	6
topqa	bölınedı	9
topqa	tırkelşı	7
ertenge	kerek	9
ertenge	deiın	5
tazalap	jatyr	4
laqtyryp	jıber	3
laqtyryp	kettı	9
rang	oinap	9
adammen	tez	6
adammen	söilesıp	8
emaa	men	6
kelşı	dep	1
kelşı	ötınış	8
kelşı	janym	9
kelşı	kelşı	7
mekteptıñ	tapsyrmasyn	9
aitylğan	söz	8
aitylğan	sözder	8
aitylğan	eken	9
sözge	kelıp	7
sözge	kedeimız	4
maşinamen	alyp	9
maşinamen	baryp	6
bmv	ili	7
bmv	bmv	7
qonaqqa	şaqyryp	4
bosqa	uaqyt	8
aşulanyp	otyr	6
aşulanyp	jatyr	7
masqara	bolyp	7
masqara	ğoi	8
sebeptı	de	4
aitpese	men	8
qysyp	jür	1
qysyp	jatyr	8
ädebietı	pänı	9
azdap	auyryp	8
zorğa	şydap	3
piar	jasap	5
piar	piar	10
sağattan	keiın	2
sağattan	soñ	5
baniağa	tüsıp	5
baniağa	baryp	7
bizge	de	9
kıredı	eken	1
ışınen	bır	6
milaia	milaia	7
saulyq	tıleimın	4
saulyq	otbasyña	8
taman	baram	6
nūrtas	senı	1
renjıdım	sağan	1
renjıdım	renjıdım	5
uaqytşa	ükımettıñ	6
uaqytşa	ğoi	8
yñğaily	bolsa	8
süiıktı	etşı	7
süiıktı	äielımın	8
mamaña	ait	7
tfu	tfu	8
kola	ala	1
kola	alyp	8
kola	ışıp	9
jynyma	timei	6
pysty	äñgıme	4
gulmira	apai	3
aitqam	joq	4
aitqam	ğoi	7
erıp	jatyr	5
erıp	kettı	4
erıp	baramyn	7
apaidan	sūrap	200
tanysqanyma	quanyştymyn	4
sızgede	qabyl	1
sızgede	qaiyrly	7
qorqynyşty	emes	7
qorqynyşty	eken	6
anañnyñ	ümıtın	8
anañnyñ	maqtanyşy	4
özıñızge	kerektınıñ	8
meirambek	bespaev	6
qosşy	dep	2
qosşy	menı	7
boqtap	boqtap	4
skrinşot	jasap	5
poştağa	jıbere	3
poştağa	jıberdım	9
habarsyz	kettıñ	6
ömırge	kelgen	5
ömırge	degen	8
işu	devuşku	8
bürtürlı	mälımetter	2
bürtürlı	bop	5
bürtürlı	bolyp	9
papağa	aityp	9
kezdesemız	dep	7
kezdesemız	ğoi	7
abailap	jür	7
abailap	jürıñız	3
janymau	men	8
janymau	menıñ	7
egerde	men	4
egerde	deidı	7
köterılıp	jatyr	8
köterılıp	tūr	9
köterılıp	kettı	9
mağjan	jūmabaev	8
qūryp	ketsın	2
qūryp	ketşı	6
govoriu	je	7
tıkelei	bailanysty	2
matemnen	üi	2
ortaşa	jaqsy	3
ortaşa	ortaşa	8
sauyğyp	ket	8
sauyğyp	ketsın	7
sauyğyp	ketıñız	6
äzırge	joq	8
äzırge	tynyş	4
suretıñdı	jıber	8
suretıñdı	jıberşı	8
tosyp	otyr	3
tosyp	otyrmyn	6
ağanyñ	üiıne	3
ağanyñ	üiınde	8
ağanyñ	tuğan	9
appaq	bolyp	7
jüregımnıñ	jartysy	4
jüregımnıñ	iesı	8
jüregımnıñ	ışındegı	7
maqpal	apai	9
maqpal	jünısova	6
janyp	tūr	6
janyp	tūrğan	7
auyldyñ	qyzy	6
auyldyñ	balasy	7
izvinite	za	8
apanyñ	üiıne	2
apanyñ	üiınde	7
apanyñ	tuğan	7
sveta	apa	7
sveta	apai	4
auyrady	dep	4
auyrady	eken	8
auyrady	ğoi	8
atynan	kırıp	4
tyrysyp	jürmın	6
tyrysyp	jatyrmyn	6
aidap	jür	5
aidap	kele	8
ömırdıñ	bar	8
ömırdıñ	mänı	8
zvandaş	mağan	9
şynyqtyru	jäne	2
şynyqtyru	sabağy	9
tolğanai	tolğanai	7
älemdegı	bar	3
älemdegı	eñ	9
älemdegı	barlyq	5
kakoe	vremia	7
assalamağaleikum	jıgıtter	5
assalamağaleikum	qalaisyñ	8
ūşyp	bara	9
ūşyp	kettı	8
massasy	qandai	7
massasy	nege	8
qyzsyñ	süikımdı	7
qyzsyñ	ğoi	4
şyğarmaşylyq	jūmys	5
şyğarmaşylyq	tabys	7
ekonomikalyq	jäne	4
matematikadan	üi	5
sensız	ömır	3
goldqa	aqşa	5
goldqa	salyp	8
jyndanyp	jatyr	5
halyqaralyq	äielder	4
jürgem	joq	1
jürgem	ğoi	3
mäñgı	bırge	6
mäñgı	bolsyn	6
mamamen	söilesıp	8
atyñdy	jazyp	3
atyñdy	aityp	6
suyp	kettı	9
saubolyñyz	apai	3
toqtap	tūr	2
toqtap	qaldy	8
toqtap	toqtap	7
bastan	aiaq	9
ortağa	salyp	4
jazsyn	alla	3
jazsyn	dep	8
synypqa	deiın	7
synypqa	sabaq	8
synypqa	arnalğan	8
şydap	jürmın	7
şydap	jürsıñ	6
senderden	basqa	9
süiıktım	menıñ	7
ekeuınıñ	bıreuı	1
ekeuınıñ	bıreuın	7
ädebiettık	oqudan	6
ekenıñdı	bıl	1
ekenıñdı	bılıp	5
jıgıttıñ	arasynda	7
keleiın	dep	6
senşı	mağan	1
tıgıp	jatyr	8
bıreuden	sūrap	5
joğalyp	kettı	5
joğalyp	kettıñ	6
sūranyp	kettım	7
sūranyp	körem	7
zagruzka	bop	6
zagruzka	bolyp	8
abaidyñ	qara	2
doljna	byla	3
oilağam	ğoi	5
mäñgılık	el	1
mäñgılık	mäñgılık	9
instağa	kırıp	3
statusqa	kerek	3
statusqa	qoiyp	7
statusqa	salyp	8
razylyğy	üşın	6
ekıge	bölıp	1
ekıge	deiın	9
ekıge	bölınedı	7
nenıñ	qūrmetıne	8
toiyp	alyp	4
papanyñ	tuğan	4
ağamnyñ	üiıne	3
ağamnyñ	üiınde	8
ağamnyñ	tuğan	8
ağyp	jatyr	9
ağyp	tūr	7
djenni	men	8
joğaltyp	aldym	1
joğaltyp	alğan	6
mafiia	oinap	8
jarasady	eken	3
salyñyzşy	ötınış	2
ısteiın	dep	1
kesıp	alyp	3
erotika	video	3
erotika	kino	4
avağa	laik	5
avağa	arnalğan	7
kekeş	kelın	4
asyğyp	ketıp	1
enlik	enlik	4
jaqyndap	kele	1
jaqyndap	qaldy	7
gülsezım	gülsezım	6
pampers	ala	1
nelıkten	david	4
qyzbyn	ğoi	8
ötınemın	jäne	3
ötınemın	ötınemın	8
kaşa	jep	3
kazakstan	tarih	3
barmaidy	dep	3
barmaidy	eken	9
barmaidy	ğoi	8
jemısın	kör	6
jemısın	köre	7
sauap	bolady	7
sauap	bolsyn	8
aqtan	jas	5
ekenbız	ğoi	2
renjıtıp	aldym	3
renjıtıp	alsam	6
jekeme	jıberıñder	8
jekeme	şyğyp	7
tanymaimyn	ğoi	9
sözdık	qor	3
sözdık	qoryn	9
aitypty	ğoi	8
videla	kak	1
berekelı	bolsyn	4
astarly	aqiqat	2
auyrtyp	aldym	1
jüregımdı	jaulap	4
jüregımdı	emdeşı	8
qarahan	memleketı	5
qarahan	memleketınıñ	4
blokka	salyp	8
blokka	tyğyp	5
bolnisağa	baryp	7
bolnisağa	jatyp	6
oñbağan	eken	7
oñbağan	oñbağan	4
jūldyzym	jūldyzym	5
özıñızde	qalai	1
özıñızde	qalady	6
ūtyp	aldyñyz	7
özıñızdıñ	de	7
özıñızdıñ	qalyñyz	5
assalomu	aleikum	7
äkeşım	anaşym	1
detka	igrai	8
ornyma	adam	3
otbasyña	baqyt	4
otbasyña	amandyq	9
qoiaiyn	dep	3
bärınde	bar	3
jarasyp	tūr	4
aktivnyi	bolu	1
aktivnyi	bolyp	6
tastapty	ğoi	5
jazypty	ğoi	1
besınşı	künı	1
besınşı	qaraşa	4
ornynda	bolsam	7
tanystyryp	ötseñız	3
aqbotağa	qatysyp	1
zamena	fail	6
qūqyqtyq	memleket	3
kakogo	goroda	2
kakogo	goda	6
beske	oqy	4
beske	deiın	6
janadan	kelgen	5
janadan	berı	3
mazalap	jür	6
mazalap	jatqan	9
mazalap	jürgen	8
aqmarjan	aqmarjan	7
sūluym	menıñ	1
mazañdy	alyp	1
mazañdy	alsam	8
mazañdy	almaimyn	7
auzyñdy	jap	8
auzyñdy	aştyñ	9
tüsınetın	adam	7
kietın	kiım	3
söilesetın	adam	1
zavtrak	ışıp	2
berekesın	bersın	1
qaitatyn	şyğarmyn	1
ūlbosyn	ūlbosyn	5
baniadan	şyğyp	1
baniadan	kelıp	7
baniadan	şyqtym	9
kenesary	nauryzbai	8
bärımızge	de	4
irina	kairatovna	5
közıñdı	jūmyp	1
közıñdı	aşyp	6
sözınıñ	mağynasy	6
renjımeimın	ğoi	2
golova	bolit	1
bekbolat	tıleuhan	2
küieuge	şyğyp	1
jaqsylyğyn	tıleimın	1
jaqsylyğyn	näsıp	5
aiuan	ai	7
maubas	maubas	1
nurbolat	abdullin	1
qalpyna	keltıru	3
rizamyn	sağan	4
erhan	erhan	3
süiıspenşılık	pen	4
apaimen	söilesıp	3
anadan	berı	1
jūlyp	alyp	3
auzyña	kelgendı	1
auzyña	ie	7
satady	eken	8
aiap	kettım	4
aqtap	jüre	2
aqtap	biık	5
aşuğa	bolady	4
aşuğa	daiyndalyp	7
jıgıtterdıñ	armany	3
neşeden	bastap	2
sürıp	jatqan	5
alik	kz	5
sasyp	ketken	2
netken	keremet	3
netken	ädemı	4
ernıñnen	süiıp	7
ernıñnen	süidım	5
özderıñde	qalai	6
särsenbı	künı	5
särsenbı	sättı	4
blokqa	qoiyp	6
blokqa	tyğyp	9
materialdyq	jäne	5
materialdyq	mädeniet	8
materialdyq	mädenietı	9
tüsınedı	dep	5
blagodariu	za	4
blagodariu	vas	7
aqparattyq	paraqşa	8
azyp	ketken	2
öskende	kım	5
jekeñızge	jazdym	1
jekeñızge	jıberdım	6
ūnaisyñ	mağan	5
ledi	diana	1
zyn	zyn	1
mazamdy	alma	1
mazamdy	alyp	7
mazamdy	almaş	7
praktikalyq	jūmys	8
praktikalyq	sabaq	4
jürgım	kelmeidı	7
jürgım	keledı	5
äuelı	alla	6
juregım	menıñ	1
juregım	juregım	8
kazaktar	barma	4
aşatyn	kezde	1
oblystyq	baspasöz	3
qalaiyn	dep	1
ınımnıñ	tuğan	2
barmyz	ğoi	5
şortanbai	qanaiūly	1
papamnyñ	tuğan	3
omonim	bolatyn	1
spam	oinaisyn	6
spam	spam	4
jibek	joly	5
qaitaiyn	dep	1
ibaly	qyz	1
otbasyñyzğa	baqyt	3
otbasyñyzğa	amandyq	8
duşka	tüsıp	3
baramba	dep	1
perıştem	menıñ	2
ūqsamaidy	ğoi	1
azanğa	deiın	1
mūstafa	şoqai	2
amandyğyn	berse	1
amandyğyn	bersın	8
qyşyp	jatyr	3
kötıne	kırıp	2
özıñede	qūtty	3
ılınıp	ketıptı	3
kılttı	alyp	2
kılttı	tastap	3
miyñdy	aşytyp	6
şoqan	uälihanov	2
skrinmen	jıber	1
skrinmen	jıberesıñ	6
skrinmen	jıberudı	7
täñırdıñ	özı	6
tamara	asar	1
sirek	kezdesedı	2
sirek	kezdesetın	6
uağyz	tyñdap	3
raionda	tūrasyñ	1
amalyn	tauyp	1
jinauğa	bolady	1
jeñıldıgın	bersın	1
japşy	auzyñdy	2
papañnyñ	tuğan	3
möldıregen	közıñ	3
ainağa	qarap	2
pensiiağa	şyğyp	1
qanşyq	qanşyq	2
sudan	taza	7
ädılbek	ädılbek	1
baqbergen	baqbergen	1
aqbılek	romany	1
kta	körıp	1
auzyndy	jap	1
auzyndy	aşyp	9
familiiasy	qalai	4
sanğa	jazbaşa	4
joiu	üşın	3
mazasyn	alyp	2
öşırulı	tūr	3
qazybek	bi	2
barmysyñ	bauyrym	1
armandaryña	jet	1
armandaryña	jete	7
parkke	baramyz	3
parkke	baryp	3
sūraqtyñ	jauaby	6
sūraqtyñ	jauabyn	6
vidioğa	tüsırıp	4
qosuğa	bolady	2
ıstegım	kelıp	3
ıstegım	kep	6
janymnan	artyq	9
itke	tamaq	1
pdf	pdf	1
dauysyñdy	estıgım	4
klubnika	bomba	2
fatiha	süresı	1
jeñıske	jettı	4
jekesıne	şyğyp	5
bolğysy	keledı	3
dosqa	adal	3
tüsınıkteme	jazyp	2
seisenbı	künı	1
keleiık	dep	1
atañnyñ	basy	1
dostyqqa	adal	1
pänınıñ	mūğalımı	2
eptep	jürıp	1
muzykasyn	tauyp	1
üilenetın	qyz	2
maiak	tasta	1
maiak	tastap	5
kapitan	amerika	4
kapitan	marvel	5
tastauğa	bolady	4
rasynda	da	1
emıp	jatyr	1
nesteiın	dep	1
krasavisam	menıñ	3
armanyna	jet	1
armanyna	jete	8
armanyna	jetsın	5
imeiu	vvidu	7
ūmytqan	joqpyn	1
önerdıñ	ordasy	1
salauatty	ömır	3
azdan	soñ	1
arujandy	jaqsy	1
beibıtşılık	zaman	1
beibıtşılık	pen	5
repost	jasap	7
bodi	massaj	1
zänım	zänım	1
öteiın	dep	1
asima	asima	1
tünıñız	tynyş	1
denıñızge	saulyq	1
aşuyñdy	bas	1
qūqyqtary	men	1
güldei	jainap	1
güldei	qūlpyryp	3
balapannyñ	tuğan	6
dannoe	soobşenie	4
gotovo	gotovo	2
qaiyrdy	tün	1
kalyñyz	qalai	1
dairektke	jazdym	1
amangül	bolady	4
saliqaly	ūrpaq	1
dalanyñ	jetı	1
ondaiym	joq	1
duai	duai	1
mazany	alyp	1
süiedı	süimeidı	1
süidım	janym	1
süidım	qaiyrly	9
süidım	ernıñnen	8
