token1	token2	weight
عوي	عوي	0
عوي	جان	109
عوي	جانى	101
عوي	جانىم	134
عوي	سالەم	17
عوي	مەن	145
عوي	دەپ	59
عوي	جوق	53
عوي	بول	101
عوي	جاقسى	141
عوي	بولدى	83
عوي	بىر	89
عوي	سول	69
عوي	نە	65
عوي	نەعىپ	77
عوي	بار	104
عوي	سەن	102
عوي	ەندى	66
عوي	راحىمەت	60
عوي	ماقۇل	102
عوي	قوي	116
عوي	ال	128
عوي	الى	127
عوي	الىپ	101
عوي	ون	112
عوي	وندا	120
عوي	كەل	59
عوي	كەلىپ	129
عوي	يا	117
عوي	ەر	79
عوي	ەرتە	129
عوي	ەرتەڭ	116
عوي	ادام	88
عوي	بۇگىن	101
عوي	مەندە	80
عوي	سودان	83
عوي	ماعان	87
عوي	بارى	77
عوي	بارىپ	97
عوي	ەكى	109
عوي	مەنى	90
عوي	مەنىڭ	81
عوي	قاي	87
عوي	بولادى	105
عوي	نەگە	116
عوي	ول	92
عوي	قايدا	71
عوي	سەنى	105
عوي	ساعان	78
عوي	وسى	71
عوي	جارايدى	82
عوي	تاماق	110
عوي	دەي	110
عوي	دەيدى	143
عوي	قالاي	95
عوي	ۇي	109
عوي	ۇيدە	118
عوي	ۇيگە	104
عوي	تەلەفون	103
عوي	اي	100
عوي	ايت	119
عوي	ايتىپ	130
عوي	بىرگە	118
عوي	كۇن	122
عوي	دوس	117
عوي	دوسىم	142
عوي	كىم	67
عوي	امان	105
عوي	امانشىلىق	111
عوي	كەيىن	119
عوي	تاڭ	120
عوي	اق	131
عوي	اقشا	124
عوي	دەگەن	101
عوي	يە	121
عوي	ونى	100
عوي	بىراق	91
عوي	قانشا	90
عوي	ۇز	109
عوي	ۇزى	126
عوي	ۇزىڭ	92
عوي	قاشان	99
عوي	قاربالاس	107
عوي	ىشىپ	108
عوي	قويشى	130
عوي	تاعى	118
عوي	وي	96
عوي	كوپ	131
عوي	كەتىپ	108
عوي	تاڭەرتەڭ	135
عوي	قۇتتى	102
عوي	بىراز	119
عوي	مىنا	107
عوي	نەدەگەن	98
عوي	قانداي	102
عوي	شاي	112
عوي	بەرىپ	126
عوي	باس	137
عوي	باسقا	118
عوي	سەنىڭ	97
عوي	كەش	92
عوي	كەشتە	143
عوي	بولاما	113
عوي	راس	131
عوي	از	107
عوي	ازىر	111
عوي	ىستەپ	100
عوي	كەشە	131
عوي	قايتا	95
عوي	انا	100
عوي	ۇيقتاپ	97
عوي	يۋان	123
عوي	قايتىپ	142
عوي	جول	112
عوي	جولداپ	131
عوي	ۇش	142
عوي	سوندا	113
عوي	جۇمىس	91
عوي	وز	113
عوي	وزى	128
عوي	وزىڭ	99
عوي	ايتەۋ	106
عوي	تەز	75
عوي	اعا	120
عوي	ات	98
عوي	اتىپ	143
عوي	دەسەم	143
عوي	كەرەك	104
عوي	كوڭىل	139
عوي	اۋىرىپ	137
عوي	تۇن	133
عوي	تۇندە	137
عوي	بەرە	101
عوي	شىعىپ	140
عوي	قايداسىڭ	143
عوي	كورىپ	138
عوي	وعان	134
عوي	بالا	93
عوي	جاڭا	110
عوي	سونى	110
عوي	سەندە	98
عوي	بىز	95
عوي	ايتقا	106
عوي	ايتقان	139
عوي	تاۋىپ	137
عوي	بارا	134
عوي	ۇيات	128
عوي	كەلە	102
عوي	قاتتى	134
عوي	قيىن	126
عوي	دۇرىس	123
عوي	جاتىپ	127
عوي	ايتا	139
عوي	سونىمەن	126
عوي	دەيم	142
عوي	دەيمىن	136
عوي	ۋاقىت	34
عوي	قارا	122
عوي	قاراپ	123
عوي	ەشتەڭە	138
عوي	ۇلكەن	108
عوي	اس	114
عوي	بۇل	136
عوي	كۇندە	95
عوي	كەرەمەت	110
عوي	مال	126
عوي	قازىر	115
عوي	قوسىپ	107
عوي	جەجە	139
عوي	ەي	107
عوي	ودا	110
عوي	ودان	117
عوي	سوعان	108
عوي	بەس	101
عوي	اپارىپ	123
عوي	كۇپ	140
عوي	جەر	118
عوي	مىناۋ	130
عوي	ماشينا	108
عوي	قىز	126
عوي	سۇراپ	128
عوي	جامان	138
عوي	جاڭە	121
عوي	قايدان	114
عوي	ساعات	120
عوي	مىڭ	136
عوي	دەشى	137
عوي	توي	138
عوي	جاي	120
عوي	اينالايىن	122
عوي	ويلاپ	95
عوي	بىرەۋ	143
عوي	ءبىر	124
عوي	شارشاپ	128
عوي	شىن	122
عوي	كۇرىپ	117
عوي	بولماسا	139
عوي	جۇرە	113
عوي	جۇرەگىم	143
عوي	تۇستە	132
عوي	تۇستەن	131
عوي	قىزدار	131
عوي	امال	139
عوي	باعانا	100
عوي	باراتىن	99
عوي	اڭگىمە	144
عوي	جۋىپ	128
عوي	ەكەمىز	141
عوي	قايسى	123
عوي	دەدى	120
عوي	دەدىم	134
عوي	جاس	110
عوي	جالعىز	125
عوي	تاتتى	119
عوي	تاتتىم	132
عوي	بارىن	109
عوي	سونداي	105
عوي	سۇيتىپ	125
عوي	ءالى	118
عوي	قاتە	106
عوي	ماڭگى	118
عوي	ەڭ	126
عوي	الگى	125
عوي	ونداي	127
عوي	بەكەر	112
عوي	ار	115
عوي	ارەڭ	138
عوي	ويناپ	131
عوي	ۇزىم	134
عوي	دەگەم	121
عوي	بۇرىن	131
عوي	ساعىنىپ	113
عوي	قالىڭ	136
عوي	نەبولدى	134
عوي	قايتەم	130
عوي	سويلەپ	120
عوي	بىزدى	141
عوي	بىزدىڭ	133
عوي	بىلمەيمىن	115
عوي	دەن	138
عوي	دەنساۋلىق	135
عوي	ستەپ	139
عوي	سولاي	144
عوي	بىردەمە	125
عوي	بوپتى	127
عوي	سىز	144
عوي	توسىپ	124
عوي	دارى	141
عوي	ەرتەرەك	136
عوي	ماي	120
عوي	باسى	140
عوي	باسىم	144
عوي	ونىڭ	135
عوي	بىزدە	106
عوي	نەشە	124
عوي	وزىم	119
عوي	سومەن	127
عوي	سىزگە	145
عوي	ناق	121
عوي	دەم	124
عوي	وڭاي	137
عوي	سۋ	113
عوي	جىندى	139
عوي	وتە	123
عوي	ارتىق	129
عوي	بالام	130
عوي	ۇيىقتاپ	115
عوي	بۇيىرسا	145
عوي	قايداعى	110
عوي	مەنەن	128
عوي	اراق	118
عوي	سۇيلەپ	130
عوي	ىزدەپ	140
عوي	جارىم	141
عوي	اياق	134
عوي	باسە	130
عوي	قۇرسىن	132
عوي	اقشاسىن	98
عوي	بالالار	142
عوي	اقشانى	126
عوي	شىركىن	131
عوي	دەمال	81
عوي	منا	145
عوي	اشىق	125
عوي	قول	139
عوي	بارعان	138
عوي	بارعاندا	142
عوي	اكە	144
عوي	سەنەن	137
عوي	بارلىق	113
عوي	جىگىت	139
عوي	ەرەكشە	138
عوي	ياجانىم	142
عوي	قولايسىز	138
عوي	قالجىڭ	136
عوي	دال	138
عوي	ەل	135
عوي	جانە	119
عوي	تۇرا	142
عوي	باۋىرىم	132
عوي	قاتىن	111
عوي	دەيسىڭ	135
عوي	سەندەر	92
عوي	تەك	124
عوي	اپام	128
عوي	كۇڭىل	128
عوي	اقىر	145
عوي	اقىرى	141
عوي	اقىرىن	126
عوي	بىلەم	120
عوي	اتا	129
عوي	سۋىق	140
عوي	ۇمىتىپ	145
عوي	ۇستىپ	127
عوي	التىن	125
عوي	كەشكە	132
عوي	رەنجىپ	133
عوي	ايەل	122
عوي	اناۋ	128
عوي	نەسى	122
عوي	ۇيتىپ	142
عوي	ماس	126
عوي	ۇتىرىك	132
عوي	جاعداي	129
عوي	ءوزى	142
عوي	ءوزىڭ	114
عوي	وتىرىك	133
عوي	قايتەسىڭ	128
عوي	قابارلاسىپ	141
عوي	مىنە	143
عوي	ۇيقى	116
عوي	دەمالىپ	145
عوي	ەكەۋى	141
عوي	ەشكىم	133
عوي	ەلدىڭ	131
عوي	بارسام	119
عوي	بىلىپ	143
عوي	ەشتەمە	137
عوي	ادامدى	136
عوي	ۇيدىڭ	120
عوي	بوس	136
عوي	تازا	143
عوي	دۇرس	144
عوي	قۇدا	127
عوي	قۇداي	132
عوي	جاقىن	125
عوي	ۇتە	128
عوي	بىلەسىڭ	135
عوي	ارى	118
عوي	الدىندا	138
عوي	كۇندىز	138
عوي	جۇمىسقا	124
عوي	ايتتا	145
عوي	دايىن	139
عوي	الدىمەن	142
عوي	الاڭداما	131
عوي	كۇنىم	126
عوي	مۇمكىن	121
عوي	التىنىم	143
عوي	رەنجىمە	120
عوي	بەت	122
عوي	تالاي	138
عوي	بايقاپ	119
عوي	كەيدە	145
عوي	اعام	126
عوي	ۇندەمەي	145
عوي	پالە	132
عوي	تۇك	139
عوي	تىپتى	138
عوي	ۇيدەن	109
عوي	ىراس	138
عوي	بۇدان	144
عوي	ايتپەسە	132
عوي	ۇزىڭدى	100
عوي	بىزگە	130
عوي	تاۋبا	123
عوي	بىردەڭە	115
عوي	جارايسىڭ	143
عوي	قارىز	138
عوي	اتام	144
عوي	جۇرەك	142
عوي	ءازىر	142
عوي	مەننەن	133
عوي	اپەكە	128
عوي	اندا	130
عوي	انداعى	127
عوي	تەزىرەك	124
عوي	وسىنداي	143
عوي	سەننەن	140
عوي	تاۋعا	124
عوي	ادامنىڭ	142
عوي	مناۋ	145
عوي	انە	133
عوي	قىزىق	118
عوي	جەڭگە	142
عوي	ارتىنان	124
عوي	ولار	135
عوي	ۇيقىڭ	123
عوي	نەكە	141
عوي	دەگەنىم	145
عوي	سارى	126
عوي	مەنىكى	144
عوي	قايتەمىز	123
عوي	كەلىن	129
عوي	وزىڭدى	135
عوي	مەيلى	130
عوي	مالعا	131
عوي	ەلگە	141
عوي	شۇنگە	131
عوي	سونىڭ	142
عوي	بۇيرسا	118
عوي	ايلىق	124
عوي	باياعى	142
عوي	ءيا	93
عوي	وڭباعان	135
عوي	كىشكەنە	125
عوي	ەكىنشى	139
عوي	سەنىمەن	144
عوي	دالاعا	137
عوي	الداپ	144
عوي	سوسىن	143
عوي	تەگى	134
عوي	تاپ	100
عوي	اكەم	143
عوي	ۋاعىندا	142
عوي	ماعاندا	141
عوي	ارام	138
عوي	اعاڭ	132
عوي	دەيىم	144
عوي	ۇزدە	91
عوي	قاسىڭدا	134
عوي	وزىڭە	137
عوي	مەنىم	143
عوي	مەنىمەن	144
عوي	تاتەم	141
عوي	كەمپىر	143
عوي	كەمپىرىم	125
عوي	الدىڭعى	142
عوي	ۇزىڭە	139
عوي	تۋرا	139
عوي	سىزدى	132
عوي	سۇيكىمدى	130
عوي	وستىپ	140
عوي	ايتەۇ	141
عوي	اپتەن	122
عوي	قۇلىنىم	140
عوي	ناعاشى	126
عوي	ماۋباس	145
عوي	سەنىكى	125
عوي	بيىل	134
عوي	وبال	133
عوي	ولدا	144
عوي	ەلدەن	133
عوي	دانىم	138
عوي	الباتى	138
عوي	ەلدەر	139
عوي	ايتبەسە	128
عوي	الاڭسىز	113
عوي	بۇرىنعى	144
عوي	اسابا	144
عوي	جازدا	139
عوي	بىلەمىن	141
عوي	شارشادىڭ	144
عوي	سونشا	143
عوي	ءايتەۋ	137
عوي	مەنىڭدە	114
عوي	ۇمتىپ	140
عوي	نەگىزى	142
عوي	ەشكىمگە	121
عوي	باعانادان	145
عوي	بارىنە	141
عوي	كەشەدەن	138
عوي	قاربالاسپا	134
عوي	قارعام	137
عوي	ۇيتكەنى	123
عوي	كۇزدە	142
عوي	تپتى	141
عوي	اسىلى	128
عوي	مەنكى	106
عوي	اسىقپاي	137
عوي	بىلتىر	141
عوي	كارى	141
عوي	سەندەرگە	144
عوي	بىرەۋدىڭ	135
عوي	وعاندا	144
عوي	اياۋلىم	145
عوي	ءبارى	128
عوي	ىنىم	145
عوي	ويلاسام	139
عوي	ماسەلە	145
عوي	اكام	141
عوي	راسىندا	137
عوي	ساعاندا	142
عوي	منە	138
عوي	سەنكى	144
عوي	سىزدەن	144
عوي	سوندادا	131
عوي	بوتام	139
عوي	شۇندە	132
عوي	سەندەردى	141
عوي	انەۋ	145
عوي	تانا	138
عوي	مىنالار	130
عوي	دەيسىڭبە	144
عوي	بىراقتا	107
عوي	شىنبا	134
عوي	كەشكەدەيىن	142
عوي	قۇداشا	144
عوي	نەربى	136
عوي	كۇشىگىم	145
عوي	قىستاي	134
عوي	وزىدە	141
عوي	قايران	136
عوي	بايقۇس	145
عوي	قارىنداسىم	141
عوي	ءاسىلى	144
عوي	اۋەلى	110
عوي	بۇرىننان	141
عوي	ادەتتە	137
عوي	ارينە	143
عوي	ۇزىدە	125
عوي	بۇلار	137
عوي	اسلى	137
عوي	تانام	126
عوي	سولايما	145
عوي	شركىن	142
عوي	ءايتپەسە	132
عوي	دەيسىڭبا	142
عوي	دەيسڭبە	131
عوي	دەيىمىن	141
عوي	دەپپەدىڭ	144
جا	مەن	141
جا	بولدى	35
جا	وندا	16
جان	عوي	27
جان	جان	75
جان	مەن	51
جان	دەپ	49
جان	جوق	63
جان	جاقسى	41
جان	ەكەن	77
جان	سول	81
جان	نە	64
جان	نەعىپ	79
جان	بار	62
جان	سەن	69
جان	ەندى	72
جان	بولىپ	80
جان	راحىمەت	76
جان	بولسا	82
جان	قايدا	76
جان	سەنى	81
جان	دوسىم	80
جان	امان	40
جان	امانشىلىق	62
جان	دەگەن	79
جان	بارما	78
جان	اعا	82
جان	كەرەك	81
جان	بالا	63
جان	تاۋىپ	78
جان	ۇيا	68
جان	ەكەنسىڭ	66
جان	جۇرەگىم	69
جان	باعا	48
جان	تاتتى	62
جان	ەدىڭ	81
جان	جاققا	78
جان	جارىم	57
جان	دوستار	61
جان	باعىپ	65
جان	ەمەسپىن	43
جان	جاقتان	75
جان	جاعىن	43
جان	امانبا	79
جان	باعاتىن	78
جان	جاقتى	82
جان	تاپپاي	78
جان	باعام	72
جان	تالاسىپ	79
جان	باققان	53
جان	باعۋ	76
جان	باعامىز	52
جان	اشىر	67
جان	ۇياڭ	52
جان	جاقتىلى	48
جان	جاعىڭدى	63
جان	باعىس	81
جان	ۇيالارىڭ	60
جان	ۇياڭمەن	64
جان	تاپتىرماي	66
جان	باعس	74
جانى	بار	82
جانى	اشىپ	27
جانى	جانناتتا	19
جانى	جاناتتا	12
جانى	اشيدى	17
جانى	اشىمايدى	39
جانى	جايساڭ	26
جانى	اشيتىن	41
جانىم	عوي	43
جانىم	جان	125
جانىم	جانىم	132
جانىم	سالەم	28
جانىم	مەن	130
جانىم	دەپ	55
جانىم	جوق	71
جانىم	بول	100
جانىم	جاقسى	143
جانىم	بولدى	62
جانىم	بىر	91
جانىم	سول	81
جانىم	نە	15
جانىم	نەعىپ	84
جانىم	بار	66
جانىم	سەن	106
جانىم	ەندى	68
جانىم	بولىپ	76
جانىم	راحىمەت	141
جانىم	ماقۇل	67
جانىم	قوي	87
جانىم	الى	136
جانىم	الىپ	116
جانىم	ون	120
جانىم	وندا	140
جانىم	كەل	75
جانىم	كەلىپ	124
جانىم	يا	104
جانىم	ەرتە	103
جانىم	ەرتەڭ	121
جانىم	ادام	84
جانىم	بولسا	125
جانىم	بۇگىن	141
جانىم	مەندە	85
جانىم	سودان	73
جانىم	ماعان	102
جانىم	بارى	83
جانىم	بارىپ	106
جانىم	ەكى	111
جانىم	مەنى	111
جانىم	مەنىڭ	84
جانىم	قاي	33
جانىم	قايىرلى	123
جانىم	بولادى	92
جانىم	نەگە	113
جانىم	جاتىرمىن	96
جانىم	ول	141
جانىم	قايدا	96
جانىم	سەنى	98
جانىم	ساعان	64
جانىم	وسى	77
جانىم	جارايدى	100
جانىم	تاماق	102
جانىم	دەي	96
جانىم	دەيدى	134
جانىم	قال	140
جانىم	قالاي	117
جانىم	ۇي	116
جانىم	ۇيدە	124
جانىم	ۇيگە	111
جانىم	تەلەفون	96
جانىم	اي	107
جانىم	ايت	80
جانىم	ايتىپ	119
جانىم	بىرگە	130
جانىم	كۇن	79
جانىم	وت	124
جانىم	دوسىم	144
جانىم	كىم	75
جانىم	امان	127
جانىم	امانشىلىق	90
جانىم	كەيىن	103
جانىم	قالدى	135
جانىم	اق	138
جانىم	اقشا	109
جانىم	دەگەن	120
جانىم	يە	99
جانىم	ونى	129
جانىم	بىراق	109
جانىم	جاقسىما	105
جانىم	قانشا	118
جانىم	ۇز	127
جانىم	ۇزىڭ	131
جانىم	قاشان	89
جانىم	قاربالاس	104
جانىم	ىشىپ	102
جانىم	قويشى	118
جانىم	تاعى	115
جانىم	وي	114
جانىم	كوپ	133
جانىم	كەتىپ	115
جانىم	تاڭەرتەڭ	139
جانىم	قۇتتى	102
جانىم	بىراز	133
جانىم	مىنا	106
جانىم	نەدەگەن	118
جانىم	قانداي	111
جانىم	شاي	114
جانىم	امانسىڭ	112
جانىم	امانسىڭبا	133
جانىم	باس	86
جانىم	باسقا	136
جانىم	سەنىڭ	116
جانىم	كەش	94
جانىم	كەشتە	128
جانىم	بولاما	111
جانىم	راس	77
جانىم	از	98
جانىم	ازىر	113
جانىم	ىستەپ	107
جانىم	كەشە	124
جانىم	قايتا	114
جانىم	انا	121
جانىم	ۇيقتا	117
جانىم	ۇيقتاپ	129
جانىم	قايتىپ	102
جانىم	جول	121
جانىم	جولداپ	115
جانىم	ۇش	139
جانىم	سوندا	137
جانىم	جۇمىس	115
جانىم	وز	131
جانىم	وزىڭ	134
جانىم	ايتەۋ	98
جانىم	تەز	115
جانىم	اعا	112
جانىم	اتىپ	101
جانىم	دەسە	140
جانىم	دەسەم	143
جانىم	كوڭىل	122
جانىم	كوڭىلدى	134
جانىم	ايتتىڭ	142
جانىم	اۋ	135
جانىم	اۋىرىپ	70
جانىم	تۇن	124
جانىم	تۇندە	100
جانىم	شىعىپ	108
جانىم	قايداسىڭ	124
جانىم	كورىپ	110
جانىم	بارسىڭبا	137
جانىم	وعان	96
جانىم	بالا	113
جانىم	تۇرىپ	135
جانىم	جاڭا	133
جانىم	سونى	123
جانىم	سەندە	125
جانىم	بىز	100
جانىم	ايتقانىڭ	116
جانىم	بارام	72
جانىم	ۇيات	141
جانىم	تۇس	113
جانىم	كەلە	142
جانىم	قاتتى	139
جانىم	قيىن	102
جانىم	دۇرىس	127
جانىم	جاتىپ	130
جانىم	ايتا	128
جانىم	سونىمەن	129
جانىم	دەيمىن	113
جانىم	ۋاقىت	134
جانىم	قارا	133
جانىم	ەشتەڭە	121
جانىم	ۇلكەن	111
جانىم	اس	133
جانىم	بۇل	101
جانىم	كۇندە	126
جانىم	كەرەمەت	130
جانىم	مال	124
جانىم	قازىر	130
جانىم	جەجە	125
جانىم	ەي	114
جانىم	ودا	91
جانىم	ودان	139
جانىم	سوعان	125
جانىم	بەس	134
جانىم	كۇپ	143
جانىم	مىناۋ	125
جانىم	ماشينا	135
جانىم	جامان	141
جانىم	جاڭە	126
جانىم	قايدان	126
جانىم	ساعات	140
جانىم	دەشى	141
جانىم	توي	118
جانىم	جاي	140
جانىم	اينالايىن	123
جانىم	بارايىن	53
جانىم	اشىپ	137
جانىم	تۋىلعان	88
جانىم	شارشاپ	124
جانىم	شىن	106
جانىم	كۇرىپ	117
جانىم	بولماسا	142
جانىم	ايتىڭ	134
جانىم	جۇرەگىم	103
جانىم	تۇستە	79
جانىم	تۇستەن	135
جانىم	امال	133
جانىم	باعانا	114
جانىم	اڭگىمە	121
جانىم	ەكەمىز	131
جانىم	جالعىز	120
جانىم	تاتتى	133
جانىم	تاتتىم	122
جانىم	بارىن	67
جانىم	سونداي	124
جانىم	سۇيت	131
جانىم	سۇيتىپ	142
جانىم	ورازا	131
جانىم	ءالى	133
جانىم	قاتە	129
جانىم	ماڭگى	121
جانىم	بىلاي	88
جانىم	ەڭ	126
جانىم	الگى	130
جانىم	بارامىن	127
جانىم	ونداي	140
جانىم	بەكەر	117
جانىم	ارەڭ	139
جانىم	ۇزىم	129
جانىم	جولداشى	126
جانىم	ساعىنىپ	133
جانىم	قالىڭ	92
جانىم	نەبولدى	102
جانىم	قايتەم	119
جانىم	نان	124
جانىم	سويلە	141
جانىم	بىزدىڭ	131
جانىم	دەن	144
جانىم	دەنساۋلىق	127
جانىم	ايتشى	110
جانىم	ايىت	113
جانىم	سولاي	137
جانىم	بىردەمە	137
جانىم	وقاسى	142
جانىم	توسىپ	131
جانىم	دارى	144
جانىم	ەرتەرەك	139
جانىم	باسىم	108
جانىم	ونىڭ	129
جانىم	بىزدە	132
جانىم	وزىم	125
جانىم	قالايسىڭ	134
جانىم	سومەن	112
جانىم	ناق	138
جانىم	دەم	141
جانىم	قايرلى	125
جانىم	وڭاي	126
جانىم	بىلايدە	127
جانىم	وتە	132
جانىم	ىراحىمەت	137
جانىم	ارتىق	112
جانىم	بالام	133
جانىم	ۇيىقتاپ	105
جانىم	بۇيىرسا	128
جانىم	قايداعى	120
جانىم	مەنەن	137
جانىم	سۇيلە	128
جانىم	جارىم	130
جانىم	شعىپ	144
جانىم	دەنساۋلىعىڭ	138
جانىم	باسە	120
جانىم	بارمىن	132
جانىم	بالالار	130
جانىم	شىركىن	131
جانىم	دەمال	124
جانىم	ساعىندىم	126
جانىم	بارعاندا	108
جانىم	سەنەن	144
جانىم	بارلىق	110
جانىم	ەرەكشە	144
جانىم	دەسەڭ	125
جانىم	قولايسىز	132
جانىم	قالجىڭ	126
جانىم	باقىتتى	125
جانىم	دال	141
جانىم	جەتىپ	140
جانىم	تۇرا	141
جانىم	باۋىرىم	136
جانىم	دەيسىڭ	115
جانىم	جاقسىڭ	139
جانىم	تەك	139
جانىم	اپام	120
جانىم	كۇڭىل	139
جانىم	كۇڭىلدى	137
جانىم	اقىرىن	143
جانىم	بىلەم	131
جانىم	سۋىق	128
جانىم	كۇندەرىڭ	143
جانىم	ۇستىپ	133
جانىم	التىن	135
جانىم	كەشكە	117
جانىم	رەنجىپ	140
جانىم	اناۋ	121
جانىم	ۇيتىپ	141
جانىم	قارسى	109
جانىم	جاعداي	138
جانىم	راقىمەت	138
جانىم	ءوزىڭ	127
جانىم	قايتەسىڭ	131
جانىم	قابارلاسىپ	132
جانىم	ۇيقى	133
جانىم	ۇيقىم	143
جانىم	دەمالىپ	123
جانىم	جايلى	131
جانىم	ەشتەمە	111
جانىم	دۇرس	138
جانىم	قۇداي	125
جانىم	ۇتە	128
جانىم	شپيىڭ	139
جانىم	بىلەسىڭ	141
جانىم	كۇندىز	140
جانىم	جۇمىسقا	142
جانىم	ۇيقتادىم	139
جانىم	ايتتا	123
جانىم	الدىمەن	143
جانىم	الاڭداما	144
جانىم	كۇنىم	96
جانىم	التىنىم	95
جانىم	رەنجىمە	87
جانىم	باي	106
جانىم	بايقاپ	138
جانىم	قوش	115
جانىم	سىڭ	130
جانىم	كەيدە	130
جانىم	اعام	143
جانىم	سۇيەم	133
جانىم	ىراس	100
جانىم	بۇدان	128
جانىم	قولايلى	130
جانىم	سونمەن	127
جانىم	كەشكى	138
جانىم	ايتپەسە	130
جانىم	ۇزىڭدى	139
جانىم	جارايسىڭ	95
جانىم	ۇيقتاي	126
جانىم	مەننەن	122
جانىم	اپەكە	139
جانىم	تەزىرەك	108
جانىم	وسىنداي	130
جانىم	سەننەن	143
جانىم	سۇيىپ	121
جانىم	بۇگىنگى	139
جانىم	جەڭگە	129
جانىم	ۇيقىڭ	114
جانىم	قىزىم	119
جانىم	كەلشى	118
جانىم	سارى	134
جانىم	مەنىكى	123
جانىم	كەلىن	133
جانىم	وزىڭدى	144
جانىم	بۇيرسا	99
جانىم	شىپيىڭ	119
جانىم	شەشەم	143
جانىم	تۇسكى	139
جانىم	سەنىمەن	133
جانىم	جولىڭ	132
جانىم	وراي	123
جانىم	تەگى	139
جانىم	قۇشاقتاپ	134
جانىم	دەكەن	134
جانىم	تاڭعى	144
جانىم	باسىڭ	124
جانىم	ساۋداڭ	132
جانىم	ەكەۋمىز	122
جانىم	تۇرساڭ	142
جانىم	راحمەت	113
جانىم	قاسىڭدا	139
جانىم	وزىڭە	139
جانىم	مەنىم	128
جانىم	تۇردىڭبا	135
جانىم	كەمپىر	119
جانىم	كەمپىرىم	142
جانىم	قينالىپ	73
جانىم	ۇزىڭە	124
جانىم	تۋرا	121
جانىم	سۇيكىمدى	137
جانىم	ساعنىپ	144
جانىم	الاڭداپ	123
جانىم	ولاي	142
جانىم	سۇل	125
جانىم	قۇلىنىم	125
جانىم	كەشىر	113
جانىم	جاپا	119
جانىم	سەنىكى	118
جانىم	ايتبەسە	143
جانىم	تاماعىڭدى	140
جانىم	الاڭسىز	128
جانىم	جاقسىڭبا	119
جانىم	بىلدىم	138
جانىم	بىلەمىن	141
جانىم	شارشادىڭ	142
جانىم	ۇزىڭدە	109
جانىم	قولىڭ	113
جانىم	شالىم	141
جانىم	مەنىڭدە	99
جانىم	سەنشى	137
جانىم	قابارسىز	144
جانىم	قاربالاسپا	144
جانىم	اماندىق	142
جانىم	وزىڭدە	139
جانىم	قارعام	120
جانىم	بىركە	139
جانىم	اسبولسىن	140
جانىم	مەنكى	134
جانىم	اسىقپاي	144
جانىم	سىڭىلىم	132
جانىم	ۇقتىڭبا	114
جانىم	اياۋلىم	132
جانىم	كورگىم	97
جانىم	جەڭگەم	137
جانىم	ساعاندا	143
جانىم	قايداعىنى	138
جانىم	سۇيلەشى	135
جانىم	بوتام	128
جانىم	بولشى	110
جانىم	سويلەشى	142
جانىم	وزىڭشى	135
جانىم	قاتىرجام	142
جانىم	اپەكەم	140
جانىم	شىدا	142
جانىم	ۇيقتايىق	139
جانىم	قۇداشا	125
جانىم	ىسىڭ	135
جانىم	كۇيىپ	136
جانىم	تىرى	134
جانىم	كۇرگىم	134
جانىم	كۇشىگىم	141
جانىم	دەمە	123
جانىم	تۇسىنەم	126
جانىم	كەشىڭ	128
جانىم	تۇسىڭدە	143
جانىم	قارىنداسىم	119
جانىم	ۇقتىم	119
جانىم	قاندايسىڭ	137
جانىم	دەمەي	142
جانىم	اقىلدى	136
جانىم	كەشىرشى	143
جانىم	جۇمىسىڭدى	116
جانىم	شايىڭدى	142
جانىم	ووجانىم	143
جانىم	بايىم	143
جانىم	بىلەسىڭبە	134
جانىم	قاتىنىم	141
جانىم	ءوزىڭدى	100
جانىم	ەركەم	141
جانىم	تانام	134
جانىم	دەنساۋلىعىڭا	132
جانىم	تومپاعىم	140
جانىم	ءتاتتىم	124
جانىم	التنىم	125
جانىم	قوزىم	135
جانىم	رەنجىمەشى	121
جانىم	سۇيىكتىم	124
جانىم	ابايلاپ	106
جانىم	سۇيكتىم	140
جانىم	سڭلىم	113
جانىم	بوتاقانىم	141
جانىم	جالىنايىن	127
جانىم	شول	133
جانىم	شوجەم	121
جانىم	شۇجەم	131
جانىم	تاتىم	116
جانىم	دەمەشى	138
جانىم	كۇكەم	134
جانىم	ۇيتپەشى	135
جانىم	الاڭداماشى	140
جانىم	دادام	137
جانىم	ۇيتبەشى	143
جانىم	جاپاشەكتىڭ	138
جانىم	عاشىعىم	144
جانىم	كەلىنشەگىم	143
جانىم	قاتنىم	138
جانىم	اشيدى	142
سال	جانىم	121
سال	مەن	40
سال	دەپ	45
سال	بولدى	30
سال	بىر	57
سال	ەندى	69
سال	بولىپ	66
سال	وندا	65
سال	ەرتە	54
سال	ەرتەڭ	72
سال	مەندە	72
سال	ماعان	72
سال	مەنى	69
سال	دەيدى	61
سال	دوسىم	57
سال	دەگەن	71
سال	قاربالاس	67
سال	تاڭەرتەڭ	56
سال	بولاما	79
سال	دەسەم	63
سال	شى	66
سال	تۇرىپ	80
سال	ۇيات	15
سال	جاي	77
سال	دەدىم	77
سال	قولايسىز	68
سال	تۇرا	66
سال	پال	76
سال	رەنجىمەي	54
سال	تۇرپ	79
سالەم	جا	78
سالەم	جان	139
سالەم	جانىم	99
سالەم	سالەم	38
سالەم	مەن	34
سالەم	دەپ	76
سالەم	جوق	98
سالەم	بولسىن	107
سالەم	جاقس	129
سالەم	جاقسى	126
سالەم	بىر	50
سالەم	سول	101
سالەم	نە	133
سالەم	نەعىپ	92
سالەم	بار	66
سالەم	سەن	111
سالەم	ەندى	115
سالەم	راحىمەت	118
سالەم	ماقۇل	84
سالەم	قوي	102
سالەم	الىپ	135
سالەم	كەلىپ	89
سالەم	يا	90
سالەم	ەرتەڭ	109
سالەم	قابىل	89
سالەم	ادام	15
سالەم	بۇگىن	137
سالەم	مەندە	88
سالەم	سودان	115
سالەم	ماعان	77
سالەم	بارىپ	99
سالەم	ەكى	139
سالەم	مەنى	117
سالەم	مەنىڭ	102
سالەم	قاي	100
سالەم	قايىرلى	105
سالەم	بولادى	14
سالەم	نەگە	133
سالەم	قايدا	117
سالەم	ساعان	99
سالەم	وسى	132
سالەم	جارايدى	76
سالەم	قال	117
سالەم	قالاي	62
سالەم	ۇي	89
سالەم	ۇيدە	125
سالەم	ۇيگە	115
سالەم	تەلەفون	132
سالەم	اي	115
سالەم	ايت	139
سالەم	ايتىپ	79
سالەم	بىرگە	116
سالەم	دوس	83
سالەم	دوسىم	140
سالەم	كىم	51
سالەم	امان	105
سالەم	امانشىلىق	66
سالەم	اق	47
سالەم	اقشا	111
سالەم	دەگەن	129
سالەم	ونى	133
سالەم	جاقسىما	139
سالەم	قانشا	42
سالەم	ۇز	112
سالەم	قاشان	135
سالەم	قاربالاس	130
سالەم	تاعى	126
سالەم	وي	140
سالەم	كەتىپ	108
سالەم	تاڭەرتەڭ	138
سالەم	مىنا	110
سالەم	نەدەگەن	80
سالەم	قانداي	130
سالەم	شاي	112
سالەم	بەرىپ	122
سالەم	امانس	99
سالەم	امانسى	138
سالەم	امانسىڭ	121
سالەم	امانسىڭبا	72
سالەم	كەش	19
سالەم	كەشتە	51
سالەم	ىستەپ	122
سالەم	كەشە	135
سالەم	انا	118
سالەم	ۇيقتاپ	109
سالەم	يۋان	133
سالەم	جول	128
سالەم	جولداپ	126
سالەم	ۇش	133
سالەم	سوندا	137
سالەم	جۇمىس	135
سالەم	وز	127
سالەم	اعا	140
سالەم	ايتتىڭ	70
سالەم	تۇن	122
سالەم	تۇندە	115
سالەم	قايداسىڭ	124
سالەم	بارسىڭبا	102
سالەم	جاڭا	72
سالەم	بىز	125
سالەم	ايتقانىڭ	122
سالەم	تۇس	101
سالەم	ايتا	94
سالەم	سونىمەن	127
سالەم	قارا	98
سالەم	ۇلكەن	120
سالەم	اس	131
سالەم	بۇل	139
سالەم	كەرەمەت	114
سالەم	مال	123
سالەم	قوسىپ	135
سالەم	جەجە	133
سالەم	بەس	61
سالەم	اپا	139
سالەم	مىناۋ	129
سالەم	قىز	108
سالەم	ساعات	98
سالەم	مىڭ	136
سالەم	توي	118
سالەم	اينالايىن	104
سالەم	تۋىلعان	115
سالەم	ايتىڭ	130
سالەم	تۇستەن	78
سالەم	قىزدار	127
سالەم	قايسى	44
سالەم	جاساپ	131
سالەم	تاتتى	128
سالەم	وراز	121
سالەم	ورازا	114
سالەم	الگى	92
سالەم	امانسىز	113
سالەم	امانسىزبا	74
سالەم	باعاسى	43
سالەم	قالىڭ	110
سالەم	قىلىپ	58
سالەم	نەبولدى	128
سالەم	نان	136
سالەم	بىزدىڭ	136
سالەم	دەنساۋلىق	126
سالەم	ايىت	94
سالەم	سىز	95
سالەم	قالايسىڭ	121
سالەم	سومەن	67
سالەم	سىزگە	118
سالەم	قايرلى	126
سالەم	ىراحىمەت	70
سالەم	بالام	134
سالەم	سۇت	114
سالەم	دەنساۋلىعىڭ	108
سالەم	بارمىن	114
سالەم	بالالار	113
سالەم	اقشانى	137
سالەم	منا	132
سالەم	زات	102
سالەم	بارلىق	134
سالەم	دال	67
سالەم	باۋىر	110
سالەم	باۋىرىم	111
سالەم	جاقسىڭ	78
سالەم	سالەمىڭ	55
سالەم	اتا	129
سالەم	التىن	112
سالەم	مىنانى	111
سالەم	دوستار	130
سالەم	جاعداي	56
سالەم	راقىمەت	135
سالەم	قۇدا	133
سالەم	بەردىم	101
سالەم	ايتتارىڭ	125
سالەم	ايتتارىڭىز	112
سالەم	قوش	115
سالەم	ايتقانىڭىز	92
سالەم	سونمەن	129
سالەم	امانسىڭدار	133
سالەم	امانسىڭدارما	93
سالەم	بارلىقتارىڭىز	81
سالەم	بارلىقتارىڭىزعا	137
سالەم	اپەكە	68
سالەم	ايتىڭىز	83
سالەم	مناۋ	106
سالەم	بۇگىنگى	125
سالەم	امانشىلىقپا	107
سالەم	جەڭگە	89
سالەم	قىزىم	91
سالەم	سارى	135
سالەم	كەلىن	133
سالەم	جىگىتتەر	109
سالەم	جاقسىز	88
سالەم	تۇسكى	68
سالەم	ساۋدا	137
سالەم	كەشەگى	139
سالەم	تاڭعى	135
سالەم	ساۋداڭ	138
سالەم	جانم	122
سالەم	ساباقتاس	133
سالەم	ساباقتاستار	111
سالەم	ساتاتىن	63
سالەم	تاتە	117
سالەم	ۇيشىڭ	108
سالەم	ۇيشىڭعا	126
سالەم	سۇيكىمدى	131
سالەم	جاقسسىڭ	125
سالەم	امانسىزدار	79
سالەم	امانسىزدارما	72
سالەم	سۇلۋ	80
سالەم	مۇعالىم	100
سالەم	ناعاشى	95
سالەم	ماۋباس	116
سالەم	جاندارىم	136
سالەم	جاقسىڭبا	115
سالەم	اسابا	84
سالەم	جالپى	103
سالەم	جاقسما	95
سالەم	تۋستار	90
سالەم	لاۋبان	70
سالەم	جاقسىزبا	138
سالەم	بىركە	80
سالەم	مەرەكەڭ	140
سالەم	اسىل	135
سالەم	كۇيەۋ	115
سالەم	سىڭىلىم	132
سالەم	اياۋلى	96
سالەم	ىنىم	110
سالەم	بارسىزبا	113
سالەم	مىنانىڭ	113
سالەم	ايتارىڭ	139
سالەم	ەرتەڭگى	121
سالەم	تۋىستار	132
سالەم	ايتارىڭىز	87
سالەم	قالىڭىز	127
سالەم	اپاي	88
سالەم	نەقىپ	115
سالەم	جانار	139
سالەم	قۇداشا	137
سالەم	قايجەردەن	106
سالەم	جەزدە	130
سالەم	قالدارىڭ	118
سالەم	قۇداعي	88
سالەم	جاقسز	112
سالەم	كوپشىلىك	89
سالەم	كەشىڭ	76
سالەم	جاقسزبا	107
سالەم	تۇسىڭ	91
سالەم	جاقسڭ	138
سالەم	جاقسڭبا	103
سالەم	جاينا	97
سالەم	بارسڭبا	140
سالەم	اۋىلداستار	129
سالەم	قارىنداس	68
سالەم	قارىنداسىم	100
سالەم	امانشلىق	120
سالەم	ايتڭ	126
سالەم	ايتڭىز	132
سالەم	جاقسىسىڭ	127
سالەم	امانسز	98
سالەم	امانسزبا	102
سالەم	بارشا	92
سالەم	بارشاڭىزعا	131
سالەم	باۋرىم	103
سالەم	قابل	117
سالەم	جاقسىزدار	119
سالەم	بەرەكەلى	82
سالەم	امانسڭ	137
سالەم	امانسڭبا	116
سالەم	امانبا	97
سالەم	جاقسسز	124
سالەم	قالايسىز	102
سالەم	جاقسسىز	107
سالەم	باقا	97
سالەم	قالايسىڭدار	132
سالەم	جىبو	122
سالەم	نۇكە	98
سالەم	كورشىلەر	124
سالەم	حال	89
سالەم	بالدىز	127
سالەم	جگتتەر	120
سالەم	جيەن	122
سالەم	توراپتاستار	133
سالەم	حوش	82
سالەم	جالپىڭىزعا	124
سالەم	كۇپشىلىك	97
سالەم	باجا	87
سالەم	باسەكە	131
سالەم	قۇرمەتتى	129
سالەم	قالدارىڭىز	133
سالەم	سڭلىم	101
سالەم	دوسكا	118
سالەم	باۇىرىم	112
سالەم	جاقسىڭدار	124
سالەم	ىنم	105
سالەم	بەردىك	130
سالەم	امانسڭدار	125
سالەم	امانسڭدارما	110
سالەم	جاقسسڭ	100
سالەم	جىگتتەر	115
سالەم	امانسزدار	136
سالەم	ارۋ	98
سالەم	مالشى	126
سالەم	قۇرداس	136
سالەم	جاقسىسىز	139
سالەم	جاقسسزبا	105
سالەم	تۇستار	111
سالەم	جاقسسڭبا	101
سالەم	جاقسسىڭبا	117
سالەم	جاكە	118
سالەم	جاقسىڭدارما	131
سالەم	قۇداعىي	118
سالەم	دوسم	128
سالەم	جەتەكشى	132
سالەم	كۇرشىلەر	120
سالەم	ءاپەكە	97
سالەم	مەيىربان	129
سالەم	بارلىقتارىڭا	124
سالەم	سەكە	111
سالەم	حالقىم	133
سالەم	سىڭلىم	110
سالەم	جەڭگەي	129
سالەم	جاقسىزدارما	138
سالەم	قالقىم	106
سالەم	بارلقتارىڭىزعا	109
سالەم	جاقسزدار	111
سالەم	سۇلۇ	99
سالەم	امانسزدارما	134
سالەم	كەشتەرىڭ	108
سالەم	ۇستاز	129
سالەم	تانسۋعا	129
سالەم	ساكە	127
سالەم	جۇكە	138
سالەم	قارنداس	132
سالەم	كەشتەرىڭىز	133
سالەم	تويشىل	133
سالەم	ابستاي	117
سالەم	جاقسىسىڭبا	132
سالەم	جاقسىسز	128
سالەم	جاقسڭدار	119
سالەم	جاقسڭدارما	124
سالەم	امانشىلىقبا	125
سالەم	جاقسسىزبا	125
سالەم	جاقسسزدار	126
سالەم	جاقسىسىزبا	111
سالەم	اۋلداستار	129
سالەم	دەرىڭ	103
سالەم	جاقسزدارما	107
سالەم	شوپىرلار	117
سالەم	جاقىسىڭ	124
سالەم	تۇىستار	123
سالەم	قالڭىز	128
سالەم	امانشلقپا	130
سالەم	قزدار	132
سالەم	جبو	127
سالەم	جاقسىسڭ	136
سالەم	كەشجارىق	133
سالەم	احۋالىڭ	123
سالەم	ارۋلار	119
سالەم	جاقسىسزبا	126
سالەم	جاقىسز	129
سالەم	حالىڭ	130
سالەم	جاقسسىڭدار	132
سالەم	قۇربىلار	136
سالەم	قۇرداستار	121
سالەم	جاقسسىزدار	125
سالەم	امانشىلقپا	119
سالەم	قالجايىڭ	136
سالەم	بارشالارىڭىزعا	137
سالەم	جاقسىسىزدار	127
سالەم	سىرلاستار	121
سالەم	جالپىڭا	121
سالەم	جاقسسزدارما	137
سالەم	كۇرشلەر	132
سالەم	اۇىلداستار	127
سالەم	جىباۋ	112
سالەم	كورشلەر	133
سالەم	بارلقتارڭىزعا	132
سالەم	امانىسز	131
سالەم	كاسىپتەستەر	138
سالەم	بارىلقتارىڭىزعا	130
سالەم	جاقسىسزدار	135
سالەم	جۇبايلار	131
سالەم	كوپشلىك	139
سالەم	كۇپشلىك	134
سالەم	جباۋ	135
سالەم	اۇلداستار	132
سالەم	جاقىسىڭبا	129
سالەم	تۇراپتاستار	139
مەن	عوي	139
مەن	جان	53
مەن	جانىم	123
مەن	سال	105
مەن	سالەم	108
مەن	مەن	131
مەن	دەپ	97
مەن	جوق	90
مەن	جاق	64
مەن	جاقسى	132
مەن	بولدى	69
مەن	ەكەن	111
مەن	بىر	121
مەن	سول	35
مەن	نە	48
مەن	نەعىپ	60
مەن	بار	91
مەن	سەن	51
مەن	ەندى	61
مەن	بولىپ	38
مەن	ماقۇل	104
مەن	قوي	121
مەن	الى	89
مەن	الىپ	71
مەن	ون	66
مەن	وندا	95
مەن	كەل	89
مەن	كەلىپ	119
مەن	يا	69
مەن	ەر	126
مەن	ەرتە	117
مەن	ەرتەڭ	90
مەن	ادام	57
مەن	بۇگىن	82
مەن	سودان	51
مەن	ماعان	109
مەن	بارى	130
مەن	بارىپ	130
مەن	ەكى	56
مەن	مەنى	71
مەن	مەنىڭ	131
مەن	قاي	127
مەن	بولا	100
مەن	نەگە	134
مەن	جاتىرمىن	79
مەن	ول	87
مەن	قايدا	82
مەن	سەنى	81
مەن	ساعان	31
مەن	وسى	34
مەن	تاماق	68
مەن	قالاي	65
مەن	ۇي	91
مەن	ۇيدە	85
مەن	ۇيگە	56
مەن	تەلەفون	55
مەن	اي	78
مەن	ايت	124
مەن	ايتى	115
مەن	ايتىپ	109
مەن	بىرگە	76
مەن	كۇن	84
مەن	وت	120
مەن	وتىرمىن	131
مەن	دوس	87
مەن	دوسىم	128
مەن	كىم	122
مەن	امان	98
مەن	كەيىن	108
مەن	تاڭ	121
مەن	اق	117
مەن	اقشا	80
مەن	دەگەن	83
مەن	كۇنى	94
مەن	ەمەس	120
مەن	بارما	64
مەن	ونى	133
مەن	بىراق	83
مەن	قانشا	97
مەن	ۇز	91
مەن	ۇزى	101
مەن	قاشان	108
مەن	قاربالاس	77
مەن	ىشىپ	60
مەن	قويشى	88
مەن	تاعى	130
مەن	كوپ	79
مەن	كەتىپ	83
مەن	تاڭەرتەڭ	79
مەن	بىراز	77
مەن	مىنا	63
مەن	نەدەگەن	79
مەن	قانداي	109
مەن	شاي	91
مەن	بەر	81
مەن	بەرىپ	127
مەن	باس	103
مەن	باسقا	105
مەن	سەنىڭ	85
مەن	كەشتە	59
مەن	بولام	85
مەن	راس	129
مەن	از	87
مەن	ازىر	93
مەن	ىستە	65
مەن	ىستەپ	134
مەن	جۇر	84
مەن	الماي	127
مەن	كەشە	130
مەن	قايتا	73
مەن	ان	89
مەن	انا	123
مەن	ۇيقتاپ	80
مەن	يۋان	72
مەن	قايتىپ	124
مەن	جول	73
مەن	جولدا	120
مەن	جولداپ	107
مەن	الدىم	104
مەن	كەتتىم	104
مەن	ۇش	76
مەن	سوندا	91
مەن	جۇمىس	89
مەن	وز	90
مەن	وزى	101
مەن	ايتەۋ	111
مەن	تەز	95
مەن	ات	118
مەن	اتىپ	123
مەن	بوپ	93
مەن	قالدىم	129
مەن	كەرەك	116
مەن	كوڭىل	118
مەن	ايتتى	134
مەن	اۋىرىپ	87
مەن	تۇندە	87
مەن	بەرە	85
مەن	بەرەيىن	112
مەن	كەلدىم	93
مەن	شى	83
مەن	شىعا	132
مەن	شىعىپ	100
مەن	قويدىم	92
مەن	كورىپ	103
مەن	وعان	111
مەن	بالا	83
مەن	تۇرىپ	100
مەن	جاڭا	103
مەن	سونى	73
مەن	سەندە	103
مەن	ايتقا	133
مەن	ايتقان	124
مەن	تاۋىپ	83
مەن	جۇرمىن	96
مەن	الايىن	101
مەن	بارا	75
مەن	بارام	72
مەن	تۇس	75
مەن	كەلە	131
مەن	قاتتى	91
مەن	سالىپ	83
مەن	عانا	115
مەن	قيىن	81
مەن	بولعان	119
مەن	جاتىپ	125
مەن	ايتا	86
مەن	ۋاقىت	110
مەن	قارا	126
مەن	قاراپ	109
مەن	ەش	97
مەن	ەشتەڭە	114
مەن	ۇل	88
مەن	ۇلكەن	130
مەن	سوم	92
مەن	بۇل	126
مەن	تۇرمىن	100
مەن	كۇندە	130
مەن	مال	95
مەن	قازىر	86
مەن	تۇسىپ	78
مەن	قالعان	106
مەن	قوس	135
مەن	قوسىپ	134
مەن	بولدىم	100
مەن	ودان	104
مەن	سوعان	109
مەن	بەس	105
مەن	اپارىپ	100
مەن	كۇپ	80
مەن	جەر	95
مەن	ماشينا	122
مەن	قىز	94
مەن	سۇراپ	107
مەن	جامان	97
مەن	جاڭە	75
مەن	قايدان	77
مەن	ايتام	63
مەن	كەلەدى	99
مەن	ساعات	130
مەن	مىڭ	98
مەن	جاتقان	118
مەن	توي	117
مەن	جاي	88
مەن	كەپ	90
مەن	قويىپ	102
مەن	ويلاپ	119
مەن	بىرەۋ	109
مەن	ءبىر	83
مەن	كەتكەن	91
مەن	ۇشىن	112
مەن	بارايىن	53
مەن	اش	62
مەن	اشىپ	130
مەن	شارشاپ	110
مەن	شىن	93
مەن	بولماي	98
مەن	كۇرىپ	135
مەن	جۇرە	116
مەن	جۇرەگىم	116
مەن	جۇرگەن	126
مەن	العان	119
مەن	تۇستە	104
مەن	تۇستەن	96
مەن	امال	89
مەن	باعانا	130
مەن	كەتە	89
مەن	باراتىن	100
مەن	اڭگىمە	107
مەن	بەرەم	115
مەن	سياقتى	98
مەن	جۋىپ	72
مەن	ەكەم	104
مەن	قايسى	120
مەن	جاس	117
مەن	جاساپ	125
مەن	جالعىز	118
مەن	تاتتى	76
مەن	جەپ	135
مەن	جۇرىپ	109
مەن	بارىن	116
مەن	سونداي	91
مەن	سۇيتىپ	83
مەن	ءالى	93
مەن	قاتە	83
مەن	نارسە	87
مەن	ماڭگى	129
مەن	بىلاي	92
مەن	ەڭ	127
مەن	الگى	102
مەن	بارامىن	102
مەن	ونداي	86
مەن	بەكەر	74
مەن	ار	106
مەن	ارەڭ	128
مەن	ويناپ	113
مەن	جۇز	97
مەن	ۇزىم	124
مەن	بۇرىن	72
مەن	ساعىنىپ	91
مەن	الاتىن	120
مەن	كەلگەن	119
مەن	قالىڭ	117
مەن	قايتەم	133
مەن	نان	74
مەن	سويلەپ	94
مەن	تارتىپ	107
مەن	ساۋ	119
مەن	بىلمەي	135
مەن	بىلمەيمىن	111
مەن	قۇساپ	92
مەن	ستەپ	72
مەن	ايىت	100
مەن	سولاي	134
مەن	بىردەمە	107
مەن	تۇرعان	98
مەن	سىز	124
مەن	توسىپ	111
مەن	جاققا	101
مەن	دارى	135
مەن	ەرتەرەك	113
مەن	ماي	120
مەن	باسى	117
مەن	باسىم	116
مەن	ونىڭ	107
مەن	نەشە	104
مەن	تاس	107
مەن	تاستاپ	134
مەن	وزىم	129
مەن	سىزگە	75
مەن	ناق	87
مەن	باسىپ	109
مەن	دەم	124
مەن	وڭاي	90
مەن	سۋ	97
مەن	جىندى	125
مەن	وتە	93
مەن	ارتىق	105
مەن	بالام	103
مەن	باستا	123
مەن	باستاپ	135
مەن	ۇيىقتاپ	125
مەن	بۇيىرسا	94
مەن	قايداعى	120
مەن	اراق	123
مەن	شىعارىپ	98
مەن	سۇيلەپ	122
مەن	سۇت	111
مەن	ىزدەپ	119
مەن	كىر	103
مەن	كىرىپ	97
مەن	جارىم	111
مەن	جازىپ	115
مەن	اياق	109
مەن	شعىپ	111
مەن	بارمىن	110
مەن	اقشاسىن	75
مەن	بالالار	123
مەن	اقشانى	127
مەن	منا	121
مەن	زات	109
مەن	وتىرىپ	122
مەن	اشىق	130
مەن	قالىپ	120
مەن	الام	113
مەن	قول	95
مەن	ساعىندىم	118
مەن	بارعان	126
مەن	بارعاندا	95
مەن	ەرتىپ	73
مەن	اكە	108
مەن	اكەپ	129
مەن	كەلگەندە	120
مەن	سەنەن	104
مەن	بارلىق	75
مەن	قاراي	120
مەن	بەرەمىن	131
مەن	بارادى	113
مەن	ايدىڭ	134
مەن	جىگىت	120
مەن	ەرەكشە	121
مەن	اۋدانعا	112
مەن	دەسەڭ	93
مەن	قولايسىز	114
مەن	قالجىڭ	123
مەن	باقىتتى	133
مەن	دال	131
مەن	ەل	121
مەن	جانە	114
مەن	ايتتىم	115
مەن	جەتى	83
مەن	جەتىپ	131
مەن	تۇرا	117
مەن	قاتى	125
مەن	قاتىن	131
مەن	المايمىن	122
مەن	وتىرعان	113
مەن	شعا	123
مەن	سەندەر	116
مەن	پۇل	114
مەن	تەك	126
مەن	جاۋاپ	88
مەن	اپام	122
مەن	قايتارىپ	109
مەن	ۇرىپ	122
مەن	ايتايىن	123
مەن	اقىرىن	86
مەن	كولىك	121
مەن	بىلەم	133
مەن	اتا	94
مەن	ۇمىتىپ	124
مەن	قۇڭباۋ	96
مەن	ۇستىپ	121
مەن	التى	109
مەن	التىن	123
مەن	كەشكە	129
مەن	رەنجىپ	111
مەن	كورەيىن	121
مەن	ايەل	115
مەن	ۇيتىپ	110
مەن	ماس	98
مەن	قارسى	88
مەن	مىنانى	129
مەن	عۇي	110
مەن	ۇتىرىك	124
مەن	الامىن	104
مەن	ۇستاپ	99
مەن	المادىم	120
مەن	ءوزى	124
مەن	وتىرىك	128
مەن	قانا	105
مەن	قابارلاسىپ	116
مەن	مىنە	115
مەن	تال	115
مەن	ۇيقىم	133
مەن	دەمالىپ	107
مەن	بەرگەن	112
مەن	ەكەۋ	113
مەن	ساتىپ	114
مەن	ەلدى	115
مەن	ەلدىڭ	131
مەن	جايلى	112
مەن	بارسام	98
مەن	بىلىپ	71
مەن	ايداپ	113
مەن	ەشتەمە	113
مەن	ۇيدى	106
مەن	ۇيدىڭ	125
مەن	بوس	116
مەن	تازا	119
مەن	جاقىن	130
مەن	ۇتە	97
مەن	شپيىڭ	108
مەن	قۇيىپ	126
مەن	ارى	129
مەن	الدىندا	132
مەن	بەردى	123
مەن	بەردىم	126
مەن	شاقىرىپ	118
مەن	كۇندىز	127
مەن	جۇمىسقا	109
مەن	كەتەم	91
مەن	بەرمەي	103
مەن	ساي	129
مەن	ۇيقتادىم	116
مەن	ايتتا	61
مەن	دايىن	127
مەن	الدىمەن	92
مەن	مۇمكىن	111
مەن	قوناق	121
مەن	بەت	100
مەن	تالاي	126
مەن	باي	117
مەن	كەيدە	133
مەن	اعام	113
مەن	كىرە	128
مەن	سۇيەم	132
مەن	ۇن	132
مەن	ۇندەمەي	126
مەن	پالە	115
مەن	تۇك	133
مەن	ايتپ	121
مەن	تىپتى	131
مەن	ۇيدەن	108
مەن	شىپ	94
مەن	ىراس	123
مەن	بۇدان	120
مەن	ەستىپ	128
مەن	دەمالىس	120
مەن	ءار	135
مەن	كەشكى	133
مەن	ۇزىڭدى	119
مەن	بىردەڭە	121
مەن	قارىز	114
مەن	كيىم	124
مەن	اتام	115
مەن	اۋىز	122
مەن	السام	129
مەن	قايتام	109
مەن	دەرەۋ	114
مەن	تاياپ	127
مەن	ۇيقتاي	118
مەن	قىزىل	98
مەن	سيىر	123
مەن	قابارلاسايىن	118
مەن	بىلمەدىم	126
مەن	ءازىر	126
مەن	نەمەنە	101
مەن	اندا	127
مەن	انداعى	130
مەن	وسىنداي	131
مەن	كەتەتىن	111
مەن	شىق	131
مەن	نەنى	131
مەن	سەننەن	120
مەن	سويلەمەي	88
مەن	ايتىم	127
مەن	تاۋعا	92
مەن	بولسام	100
مەن	سۇيىپ	78
مەن	شىقتىم	131
مەن	ۇيدەمىن	93
مەن	ايتسام	92
مەن	انە	91
مەن	تورت	125
مەن	جاتتىم	127
مەن	ارتىنان	87
مەن	جىلاپ	123
مەن	العام	119
مەن	ايتامىن	116
مەن	قۇلجا	119
مەن	قۇلجاعا	127
مەن	قىزىم	101
مەن	باعىپ	128
مەن	نەكە	117
مەن	سارى	132
مەن	اۋرىپ	133
مەن	كەلىن	116
مەن	وزىڭدى	128
مەن	ءان	129
مەن	باقتتى	123
مەن	مالعا	130
مەن	ەلگە	102
مەن	شۇنگە	112
مەن	سونىڭ	125
مەن	جۇمس	127
مەن	جۇمسقا	123
مەن	قويعا	101
مەن	شعارىپ	131
مەن	شىپيىڭ	132
مەن	الپ	134
مەن	باياعى	128
مەن	بارماي	117
مەن	بارمايمىن	109
مەن	نەدەپ	87
مەن	كىشكەنە	100
مەن	ەكىنشى	124
مەن	شەشەم	115
مەن	تۇسكى	117
مەن	تەلەپون	121
مەن	كۇرەيىن	129
مەن	بۇكىن	126
مەن	سەنىمەن	111
مەن	دالاعا	95
مەن	جوعارى	102
مەن	جاتا	127
مەن	ساۋدا	119
مەن	قورقىپ	135
مەن	الداپ	113
مەن	تەگى	133
مەن	قاشىپ	126
مەن	كەتەيىن	125
مەن	تاماققا	108
مەن	ۇيرەنىپ	113
مەن	اكەم	131
مەن	تۇرت	126
مەن	كىمگە	132
مەن	قالام	113
مەن	توپ	134
مەن	توپقا	125
مەن	كەشەگى	132
مەن	دەگەندە	126
مەن	كوك	129
مەن	كەتىم	134
مەن	تەمەكى	104
مەن	تۇردىم	134
مەن	اۋداننان	127
مەن	كوردىم	135
مەن	ارام	133
مەن	بۇرسىگۇنى	126
مەن	سۋعا	119
مەن	اتىم	110
مەن	شىققاندا	125
مەن	سويلەي	123
مەن	بىرىنشى	128
مەن	ۇرىمجىگە	119
مەن	بىرازدان	105
مەن	ساباق	106
مەن	سويلەسىپ	125
مەن	جۇىپ	115
مەن	ۇيكە	123
مەن	جولعا	109
مەن	قاسىڭدا	118
مەن	تويعا	123
مەن	تاتەم	128
مەن	شاش	128
مەن	الدىڭعى	124
مەن	ەركەك	117
مەن	ىستەي	126
مەن	قينالىپ	118
مەن	بەرسەم	117
مەن	سۇيلەمەي	132
مەن	سىزدى	130
مەن	مونشاعا	89
مەن	وستىپ	91
مەن	دوحتىرعا	124
مەن	بالانى	116
مەن	الاڭداپ	126
مەن	بارپ	113
مەن	سىرتقا	118
مەن	ولاي	103
مەن	سۇل	112
مەن	جاتسام	132
مەن	اپتەن	125
مەن	ەمەسپىن	114
مەن	قاراماي	124
مەن	حۇڭباۋ	135
مەن	بولايىن	129
مەن	بر	129
مەن	ناعاشى	119
مەن	تاماقتى	135
مەن	بۇيتىپ	135
مەن	سۇرايىن	123
مەن	سۇيلەي	107
مەن	بيىل	128
مەن	كورگەن	124
مەن	ىستەيتىن	127
مەن	ەلدەن	128
مەن	ۇرسام	120
مەن	ىسكە	114
مەن	تابا	115
مەن	ۇيقتايىن	127
مەن	الباتى	98
مەن	اپاڭ	115
مەن	قايىن	134
مەن	التاي	131
مەن	التايعا	106
مەن	كشكەنە	109
مەن	كوشە	132
مەن	كوشەگە	133
مەن	بۇرىنعى	106
مەن	ءوزىم	130
مەن	وكىل	100
مەن	ساقتاپ	130
مەن	ايتقام	130
مەن	قازاق	99
مەن	شوشىپ	122
مەن	شىعام	123
مەن	قولىم	119
مەن	تاۇىپ	125
مەن	مەكتەپكە	132
مەن	ۇكىل	125
مەن	بىرەۋگە	131
مەن	جازدا	117
مەن	ىستەتىپ	134
مەن	قايتتىم	120
مەن	تۇرايىن	102
مەن	بەتى	129
مەن	تۇسكە	128
مەن	تۇسكەن	123
مەن	بىلەمىن	133
مەن	دالادا	112
مەن	تىماۋ	105
مەن	بىلمەيىم	131
مەن	جاتاق	127
مەن	نەمەنەگە	129
مەن	جۇمىستا	125
مەن	سۇيلەسىپ	91
مەن	سونشا	115
مەن	دۇكەن	125
مەن	دۇكەندە	130
مەن	جاتاققا	112
مەن	بازارعا	114
مەن	ولىپ	116
مەن	قوسا	111
مەن	تۇنىمەن	129
مەن	اقىماق	122
مەن	ۇلىپ	118
مەن	ەرىپ	109
مەن	جۇمىستان	116
مەن	يت	104
مەن	اقشامدى	125
مەن	سىياقتى	129
مەن	جاترمىن	101
مەن	ۇمتىپ	135
مەن	نەگىزى	115
مەن	ۇيدەگى	118
مەن	كىمدى	129
مەن	ەشكىمگە	124
مەن	بارعوي	108
مەن	تومەن	104
مەن	شاقىرعان	127
مەن	باعانادان	128
مەن	بارىنە	107
مەن	ساڭزى	113
مەن	كەشەدەن	122
مەن	تۇستىم	119
مەن	جۇردىم	110
مەن	ۇقساس	103
مەن	بارايىنبا	130
مەن	قالاعا	99
مەن	بىركە	114
مەن	كۇزدە	135
مەن	جاتايىن	131
مەن	ازر	118
مەن	سىزدىڭ	115
مەن	امالداپ	115
مەن	ۇيالىپ	123
مەن	اتەي	112
مەن	قايتامىن	108
مەن	قىزىپ	120
مەن	اۇىرىپ	126
مەن	باردىم	126
مەن	تپتى	124
مەن	كەتەمىن	121
مەن	قايتايىن	122
مەن	سەگىز	115
مەن	ەسىك	135
مەن	اۋداندا	132
مەن	ايتتان	101
مەن	سەنمەن	129
مەن	سىرتتا	106
مەن	بىلمەيدى	86
مەن	وسىنى	110
مەن	اسىلى	128
مەن	جاتام	129
مەن	تۇرعاندا	126
مەن	جەك	112
مەن	ماشينە	129
مەن	قۋانىپ	134
مەن	ماشىينا	135
مەن	ادال	134
مەن	انانى	131
مەن	كوتەرىپ	126
مەن	ارالاسىپ	130
مەن	ءاگى	131
مەن	ىستەيمىن	134
مەن	كەتسەم	114
مەن	ىستەگەن	110
مەن	ىستەن	119
مەن	مىناعان	109
مەن	جۇرسەم	131
مەن	بىلتىر	132
مەن	لاڭمان	120
مەن	كارى	127
مەن	سير	135
مەن	وسىلاي	125
مەن	سەندەرگە	129
مەن	بىرەۋدى	116
مەن	بىرەۋدىڭ	119
مەن	بولەك	123
مەن	ىشتەمە	135
مەن	شىعامىن	124
مەن	ءالگى	129
مەن	كوشەدە	133
مەن	بارعام	108
مەن	تۇسە	113
مەن	جاتاقتا	129
مەن	ابدەن	114
مەن	بارعىم	125
مەن	باسىمدى	131
مەن	ويلانىپ	119
مەن	بارعالى	127
مەن	مالدى	129
مەن	جۇرەم	131
مەن	تۇمەن	133
مەن	تازالىق	129
مەن	كۇشەگە	128
مەن	ويلاسام	112
مەن	ۇيىقتاي	115
مەن	كەلگەنشە	114
مەن	اجىراسىپ	110
مەن	تەلەفوندى	118
مەن	ەكنشى	125
مەن	راسىندا	131
مەن	جەڭگەم	119
مەن	ماشيناعا	134
مەن	دۇكەنگە	126
مەن	جوقپىن	119
مەن	شىعايىن	99
مەن	شارشادىم	106
مەن	سەنبى	114
مەن	سىزدەرگە	133
مەن	كورمەي	130
مەن	تۇسكەندە	129
مەن	كەشىرىم	134
مەن	قۇرى	133
مەن	جولدان	132
مەن	جندى	132
مەن	زەرىگىپ	123
مەن	سىزدەن	133
مەن	جۇمستا	114
مەن	جۇمستان	107
مەن	قىزعانىپ	112
مەن	ماشينانى	127
مەن	بىرەۇ	135
مەن	ۇيىقتادىم	124
مەن	جۋاس	86
مەن	ءۇشىن	116
مەن	سەندەردى	99
مەن	سەندەردىڭ	115
مەن	توڭىپ	122
مەن	تەلەفونعا	130
مەن	انەۋ	129
مەن	اۋىلعا	134
مەن	ارعى	123
مەن	جاياۋ	131
مەن	سويلەيىن	117
مەن	دەمالدىم	131
مەن	سەنىپ	76
مەن	بارمادىم	131
مەن	ويلايمىن	108
مەن	قۇلجادا	125
مەن	قۇلجادان	110
مەن	بيتىپ	127
مەن	ايتقاندا	123
مەن	ەشقانداي	117
مەن	ۇرايىن	130
مەن	بىرەۋىن	125
مەن	بارامبا	134
مەن	تۇرسام	115
مەن	تۇسەم	132
مەن	ۇشىنشى	133
مەن	اپاما	125
مەن	مۇتىپ	127
مەن	سزگە	120
مەن	قاراسام	118
مەن	قايتپ	129
مەن	جولداعان	131
مەن	بىرنشى	93
مەن	تەمىر	133
مەن	قالجىڭداپ	134
مەن	سەكىلدى	122
مەن	زدەپ	110
مەن	كەتكەندە	133
مەن	كۇشەدە	107
مەن	بىرەۋدەن	112
مەن	سۇراسام	121
مەن	كىممەن	117
مەن	بىرنەشە	131
مەن	قانشالىق	134
مەن	بەيتۇنعا	133
مەن	قايتقاندا	125
مەن	قورقام	122
مەن	شعام	115
مەن	دوعدىرعا	126
مەن	تىرى	132
مەن	ۇيقتايمىن	122
مەن	شىداماي	119
مەن	ەرتەڭنەن	125
مەن	قىرعا	125
مەن	كورمەدىم	116
مەن	كەتكەلى	125
مەن	سەندەي	119
مەن	زادى	134
مەن	ىشەم	130
مەن	جىرعاپ	131
مەن	كەلسەم	109
مەن	بىلەتىن	109
مەن	التايدا	130
مەن	التايدان	111
مەن	تۇسىنەم	111
مەن	ۇرىمجىدە	130
مەن	ۇرىمجىدەن	109
مەن	بىرتۇرلى	134
مەن	توتە	130
مەن	سويلەسەم	129
مەن	بارماياق	104
مەن	وسنداي	106
مەن	سۇرادى	133
مەن	سۇرادىم	132
مەن	اناعان	128
مەن	بايقۇس	132
مەن	سەنبەي	104
مەن	دايار	124
مەن	اۋىلدا	128
مەن	كومەكتەسىپ	120
مەن	جوقتا	135
مەن	كۇرمەي	89
مەن	بۇگۇن	134
مەن	اتايىن	128
مەن	ىدىس	135
مەن	شايعا	124
مەن	كىمنەن	134
مەن	شقتىم	128
مەن	تاۋدا	119
مەن	قايتىم	109
مەن	سۇراعان	115
مەن	وزىمدە	122
مەن	بارعانشا	133
مەن	اۋەلى	75
مەن	باردا	124
مەن	وزىمە	103
مەن	كۇنەسكە	122
مەن	قاربالاستاپ	128
مەن	بۇرىننان	114
مەن	جولدايىن	117
مەن	اپارام	131
مەن	اۇدانعا	129
مەن	موتامەن	129
مەن	سۇيلەيىن	126
مەن	رۇحسات	129
مەن	باياعىدا	130
مەن	ىشەيىن	130
مەن	قايتەمىن	133
مەن	بارمايتىن	111
مەن	ادەتتە	122
مەن	سۇيتەم	125
مەن	دەمالا	128
مەن	دەمالايىن	127
مەن	ۇزىمە	108
مەن	كۇرمەدىم	126
مەن	بالامدى	126
مەن	ىستەيىن	121
مەن	سۇيلەسەم	118
مەن	سۇيگەن	106
مەن	قۇساعان	133
مەن	تەكەسكە	107
مەن	بالالاردى	135
مەن	ماشينادا	129
مەن	تولەپ	124
مەن	سەنەم	134
مەن	جاتىم	132
مەن	بەستە	115
مەن	تويدا	132
مەن	ۇقپايمىن	132
مەن	بۇزىق	123
مەن	وزىمدى	125
مەن	كازىر	110
مەن	بالاما	131
مەن	بەرمەيمىن	130
مەن	اسىعىپ	130
مەن	جازعان	134
مەن	تۇسەيىن	129
مەن	جۇرەيىن	127
مەن	قوراعا	127
مەن	ماشينامەن	133
مەن	ۇزىمدى	133
مەن	قوناققا	110
مەن	اپامنىڭ	135
مەن	قاشاندا	133
مەن	ىلعي	131
مەن	بارمايىم	128
مەن	قوستىم	116
مەن	قوسقان	135
مەن	اپارايىن	129
مەن	ولارعا	116
مەن	تاڭەرتەڭنەن	124
مەن	بىرەۋمەن	132
مەن	شىداي	129
مەن	ۇيىقتايىن	123
مەن	تۇسىنبەي	118
مەن	جىبار	135
مەن	شىققالى	119
مەن	شعايىن	131
مەن	تولعا	118
مەن	قايتارام	129
مەن	ستەيمىن	133
مەن	تانىمايمىن	130
مەن	ىشپەيمىن	120
مەن	بىتي	111
مەن	تابام	134
مەن	بۋىرشىنعا	125
مەن	ايتپادىم	135
مەن	جايىراق	132
مەن	قارايمىن	121
مەن	جاقسىمىن	123
مەن	تانيتىن	134
مەن	تۇتە	114
مەن	كەلگەلى	135
مەن	دايلي	112
مەن	شەشەمە	132
مەن	مۇڭعۇلكۇرە	134
مەن	جالقىز	128
مەن	ءبىراز	127
مەن	ولاردى	133
مەن	تولىعا	133
مەن	كۇنەستەن	132
مەن	ستەن	133
مەن	قىزمەتكە	129
مەن	سورلى	132
مەن	قالادا	129
مەن	بارالماي	123
مەن	ىشكەم	119
مەن	كارتەيىپ	131
مەن	مەكتەپتە	133
مەن	سەنبەيمىن	126
مەن	ونىمەن	104
مەن	شىقسام	127
مەن	بايقاماي	123
مەن	سەمىرىپ	134
مەن	قىجالات	134
مەن	بارماسام	132
مەن	شىعارعان	120
مەن	نىلقىعا	130
مەن	سزدى	134
مەن	قورادا	117
مەن	دارەتكە	133
مەن	قوسايىن	135
مەن	اشايىن	111
مەن	سۇيتسەم	133
مەن	سەنىكىن	132
مەن	اپامدى	133
مەن	ەشقايدا	135
مەن	بازاردا	131
مەن	تۋرالى	132
مەن	نەدەيمىن	119
مەن	تاۋدان	114
مەن	جالعز	133
مەن	ماگەزىنگە	133
مەن	بىلمەيتىن	135
مەن	باراينبا	123
مەن	ۇشن	122
مەن	دەمالام	121
مەن	مالدا	133
مەن	سىزبەن	132
مەن	قۇلداپ	134
مەن	اياعىمدى	132
مەن	باعام	132
مەن	قىردا	126
مەن	وينايمىن	115
مەن	ىشپەدىم	130
مەن	بولسامدا	130
مەن	سانجى	122
مەن	دوحتىرحانادا	128
مەن	تولدا	119
مەن	شاشىمدى	132
مەن	اجىراسام	127
مەن	ەرلەر	129
مەن	ىلە	126
مەن	ەشكىمدى	126
مەن	زورلاپ	127
مەن	جيىندا	133
مەن	تانىمايدى	116
مەن	جايراق	134
مەن	ىستەسەم	131
مەن	جىباردا	130
مەن	قوناقتا	117
مەن	رەنجىمەيمىن	120
مەن	ايتقاندى	119
مەن	ۇيالدىم	116
مەن	ايتقانداي	135
مەن	بارعانسوڭ	130
مەن	باريىن	123
مەن	ىشسەم	126
مەن	سرتقا	133
مەن	ۇمىرى	133
مەن	قىزعانام	134
مەن	جىبارعا	135
مەن	قورقامىن	135
مەن	قارايىن	134
مەن	تانمايمىن	122
مەن	ستەيىن	134
مەن	بولماسام	135
مەن	بىلسەم	108
مەن	جۇمىستامىن	115
مەن	ساقان	121
مەن	سۇراعاندا	132
مەن	بارالمايمىن	127
مەن	شىنىمدى	113
مەن	يدارادا	134
مەن	قىزمەتتە	131
مەن	بارالمايتىن	132
مەن	سەننى	110
مەن	بارسامدا	127
مەن	نەعىلدىم	124
مەن	جوقبىن	98
مەن	جەمەيمىن	127
مەن	جيىنعا	134
مەن	بەيتۇندا	134
مەن	بارعاننان	129
مەن	شاقىرعاندا	135
مەن	سرتتا	130
مەن	وندايدى	123
مەن	جۇمستامىن	133
مەن	شىندىقتى	127
مەن	اۇداندا	135
مەن	كوبىندە	133
مەن	ايتقالى	133
مەن	سىرتا	133
مەن	سويلەگەندە	120
مەن	ىشبەيمىن	121
مەن	ەشقاشان	130
مەن	جازايىن	132
مەن	دەمالعاندا	132
مەن	قاربالاسپىن	134
مەن	الاڭدايمىن	134
مەن	ءوزىمدى	133
مەن	باعايىن	133
مەن	ءسىزدى	127
مەن	تارباعاتاي	134
مەن	جۇمىسىمدى	125
مەن	كىنالى	132
مەن	ۇيتپەيمىن	119
مەن	كىرەيىن	132
مەن	ويلاعانداي	134
مەن	شاقىرسام	135
مەن	سۇيلەگەندە	125
مەن	ايتپاسام	126
مەن	تۇرالى	129
مەن	سويلەمەسەم	131
مەن	جولداعاندى	110
مەن	ولسەم	118
مەن	سەنبەيىم	121
مەن	دايىنمىن	134
مەن	سۇيلەمەسەم	129
مەن	سىرتتامىن	113
مەن	بىلگەندە	122
مەن	ۇيرەنۋدە	127
مەن	تۇرعالى	135
مەن	اۋداندامىن	133
مەن	نەقىلدىم	133
مەن	ۇلسەم	116
مەن	تاۋدامىن	124
مەن	ايتپاسامدا	133
مەن	شىدامايمىن	132
مەن	نەدەدىم	133
مەن	ەجەلدەن	130
مەن	سەندىك	132
مەن	شەگىندىم	134
مەن	جامانمىن	131
مەن	ىزدەمەسەم	125
مەن	قابارلاسپاسام	126
مەن	نەعلدىم	127
مەن	توگىلگەن	132
دەپ	عوي	135
دەپ	جان	123
دەپ	جانىم	114
دەپ	سالەم	80
دەپ	مەن	129
دەپ	دەپ	68
دەپ	جوق	103
دەپ	جاقسى	81
دەپ	بولدى	100
دەپ	بىر	113
دەپ	سول	63
دەپ	نە	73
دەپ	نەعىپ	94
دەپ	بار	117
دەپ	سەن	116
دەپ	ەندى	83
دەپ	راحىمەت	81
دەپ	ماقۇل	132
دەپ	جات	117
دەپ	جاتىر	130
دەپ	جاتىرسىڭ	31
دەپ	قوي	102
دەپ	ال	65
دەپ	الى	115
دەپ	الىپ	110
دەپ	ون	73
دەپ	وندا	121
دەپ	كەل	118
دەپ	كەلىپ	132
دەپ	يا	97
دەپ	ەرتە	108
دەپ	ەرتەڭ	108
دەپ	ادام	98
دەپ	بۇگىن	111
دەپ	تۇر	91
دەپ	مەندە	58
دەپ	سودان	89
دەپ	ماعان	66
دەپ	بارى	75
دەپ	بارىپ	114
دەپ	ەكى	100
دەپ	مەنى	85
دەپ	مەنىڭ	80
دەپ	قاي	105
دەپ	نەگە	120
دەپ	جاتىرمى	81
دەپ	جاتىرمىن	116
دەپ	ول	30
دەپ	قايدا	87
دەپ	سەنى	129
دەپ	ساعان	88
دەپ	وسى	80
دەپ	تاماق	94
دەپ	دەيدى	104
دەپ	قالاي	101
دەپ	ۇي	112
دەپ	ۇيدە	115
دەپ	ۇيگە	116
دەپ	تەلەفون	101
دەپ	اي	70
دەپ	ايت	126
دەپ	ايتى	78
دەپ	ايتىپ	86
دەپ	بىرگە	47
دەپ	كۇن	126
دەپ	وتىر	127
دەپ	وتىرم	50
دەپ	وتىرمى	129
دەپ	وتىرمىن	114
دەپ	دوسىم	20
دەپ	كىم	128
دەپ	كەتتى	93
دەپ	كەيىن	82
دەپ	تاڭ	126
دەپ	قالدى	114
دەپ	اق	83
دەپ	اقشا	131
دەپ	ەمەس	97
دەپ	ونى	131
دەپ	بىراق	106
دەپ	قانشا	92
دەپ	ۇز	114
دەپ	ۇزى	126
دەپ	ۇزىڭ	120
دەپ	قاشان	106
دەپ	قاربالاس	112
دەپ	ىشىپ	94
دەپ	قويشى	119
دەپ	تاعى	101
دەپ	وي	80
دەپ	كوپ	121
دەپ	كەتىپ	91
دەپ	تاڭەرتەڭ	75
دەپ	بىراز	101
دەپ	مىنا	102
دەپ	نەدەگەن	114
دەپ	قانداي	120
دەپ	شاي	129
دەپ	بەرىپ	112
دەپ	ەدى	116
دەپ	باس	59
دەپ	باسقا	111
دەپ	سەنىڭ	105
دەپ	كەشتە	109
دەپ	بولاما	123
دەپ	راس	134
دەپ	از	123
دەپ	ازىر	108
دەپ	ىستەپ	110
دەپ	جۇر	123
دەپ	الماي	66
دەپ	كەشە	117
دەپ	قايتا	94
دەپ	انا	85
دەپ	ۇيقتاپ	104
دەپ	يۋان	115
دەپ	قايتىپ	126
دەپ	جولداپ	98
دەپ	الدى	88
دەپ	الدىم	132
دەپ	كەتتىم	118
دەپ	ۇش	115
دەپ	سوندا	107
دەپ	جۇمىس	103
دەپ	وز	128
دەپ	وزى	128
دەپ	وزىڭ	121
دەپ	ايتەۋ	110
دەپ	ات	103
دەپ	اتىپ	118
دەپ	قالدىم	106
دەپ	دەسەم	77
دەپ	كوڭىل	127
دەپ	ايتتى	132
دەپ	ايتتىڭ	60
دەپ	اۋىرىپ	107
دەپ	تۇندە	126
دەپ	بەرە	109
دەپ	كەلدى	124
دەپ	كەلدىم	108
دەپ	شىعا	97
دەپ	شىعىپ	117
دەپ	قويدى	97
دەپ	قويدىم	122
دەپ	كورىپ	62
دەپ	وعان	121
دەپ	بالا	89
دەپ	تۇرىپ	129
دەپ	جاڭا	81
دەپ	سونى	113
دەپ	سەندە	84
دەپ	بىز	115
دەپ	ەدىم	118
دەپ	ايتقان	39
دەپ	ايتقانىڭ	75
دەپ	جۇرمىن	131
دەپ	بارا	62
دەپ	بارام	112
دەپ	ۇيات	131
دەپ	كەلە	117
دەپ	قاتتى	103
دەپ	سالىپ	101
دەپ	عانا	133
دەپ	قيىن	92
دەپ	جاتىپ	120
دەپ	ايتا	95
دەپ	سونىمەن	64
دەپ	ۋاقىت	119
دەپ	قاراپ	131
دەپ	ەشتەڭە	101
دەپ	ۇلكەن	114
دەپ	سوم	123
دەپ	بۇل	133
دەپ	تۇرم	127
دەپ	تۇرمىن	133
دەپ	كۇندە	42
دەپ	مال	105
دەپ	قازىر	129
دەپ	تۇسىپ	130
دەپ	قالعان	118
دەپ	قوسىپ	101
دەپ	ودا	105
دەپ	ودان	128
دەپ	سوعان	101
دەپ	بەس	74
دەپ	اپارىپ	125
دەپ	كۇپ	125
دەپ	مىناۋ	106
دەپ	ماشينا	134
دەپ	سۇرا	127
دەپ	سۇراپ	116
دەپ	جامان	73
دەپ	كەتتىڭ	123
دەپ	جاڭە	113
دەپ	قالدىڭ	118
دەپ	قالدىڭبا	107
دەپ	ايتام	103
دەپ	كەلەدى	87
دەپ	مىڭ	129
دەپ	جاتقان	125
دەپ	توي	64
دەپ	جاي	132
دەپ	كەپ	120
دەپ	قويىپ	127
دەپ	ويلا	69
دەپ	ويلاپ	108
دەپ	بىرەۋ	38
دەپ	ءبىر	111
دەپ	كەتكەن	114
دەپ	اشىپ	94
دەپ	شارشاپ	122
دەپ	شىن	106
دەپ	بولماي	124
دەپ	كۇرىپ	134
دەپ	بولماسا	134
دەپ	جاتىرمىز	131
دەپ	ايتىڭ	75
دەپ	جۇرە	112
دەپ	جۇرەگىم	95
دەپ	جۇرگەن	129
دەپ	العان	70
دەپ	تۇستە	109
دەپ	تۇستەن	128
دەپ	امال	127
دەپ	باعانا	131
دەپ	كەتە	107
دەپ	اڭگىمە	123
دەپ	جۋىپ	122
دەپ	ەكەمىز	117
دەپ	قايسى	133
دەپ	جاساپ	130
دەپ	جەپ	129
دەپ	جۇرىپ	118
دەپ	بارىن	77
دەپ	سونداي	108
دەپ	سۇيتىپ	133
دەپ	جۇرسىڭ	120
دەپ	ءالى	96
دەپ	قاتە	121
دەپ	ەڭ	94
دەپ	الگى	109
دەپ	بەكەر	133
دەپ	ارەڭ	98
دەپ	ويناپ	98
دەپ	جۇز	132
دەپ	ۇزىم	132
دەپ	بۇرىن	117
دەپ	كەلگەن	132
دەپ	نان	114
دەپ	كەلمەي	122
دەپ	سويلەپ	119
دەپ	بىزدى	81
دەپ	بىزدىڭ	133
دەپ	ەدىڭ	129
دەپ	تارتىپ	49
دەپ	ايتشى	118
دەپ	ايىت	98
دەپ	بىردەمە	98
دەپ	تۇرعان	119
دەپ	سىز	80
دەپ	توسىپ	132
دەپ	دارى	86
دەپ	ەرتەرەك	118
دەپ	باسى	132
دەپ	باسىم	134
دەپ	ونىڭ	103
دەپ	وتىرمىز	122
دەپ	كۇش	70
دەپ	قالادى	128
دەپ	نەشە	119
دەپ	قويا	107
دەپ	قويايىن	106
دەپ	تاستاپ	105
دەپ	وزىم	117
دەپ	سومەن	122
دەپ	سىزگە	119
دەپ	باسىپ	119
دەپ	جىندى	129
دەپ	ارتىق	127
دەپ	مەنەن	128
دەپ	شىعارىپ	105
دەپ	سۇيلەپ	101
دەپ	ىزدەپ	87
دەپ	كىرىپ	109
دەپ	جارىم	124
دەپ	جاز	132
دەپ	جازىپ	111
دەپ	اياق	74
دەپ	شعىپ	127
دەپ	اقشاسىن	114
دەپ	وتىرسىڭ	133
دەپ	وتىرىپ	82
دەپ	اشىق	98
دەپ	قالىپ	103
دەپ	قالىپتى	111
دەپ	قول	121
دەپ	بارعان	119
دەپ	ەرتىپ	131
دەپ	اكەپ	110
دەپ	سەنەن	131
دەپ	ايتادى	122
دەپ	ەل	79
دەپ	جانە	119
دەپ	ايتتىم	125
دەپ	وتىرعان	72
دەپ	شعا	68
دەپ	جاۋاپ	134
دەپ	اپام	109
دەپ	قايتارىپ	118
دەپ	ۇرىپ	119
دەپ	ايتايىن	131
دەپ	قالىپپىن	78
دەپ	اقىرى	91
دەپ	اقىرىن	130
دەپ	بىلەم	126
دەپ	ۇمىتىپ	113
دەپ	رەنجىپ	82
دەپ	سوز	89
دەپ	ايتاسىڭ	128
دەپ	ۇتىر	103
دەپ	ۇتىرىك	126
دەپ	ءوزىڭ	100
دەپ	وتىرىك	132
دەپ	قانا	98
دەپ	قابارلاسىپ	80
دەپ	بەرگەن	110
دەپ	ەكەۋى	119
دەپ	ساتىپ	133
دەپ	ەشكىم	129
دەپ	ەلدىڭ	124
دەپ	بارسام	122
دەپ	بىلىپ	112
دەپ	ەشتەمە	132
دەپ	ادامدى	131
دەپ	سۇز	124
دەپ	تازا	132
دەپ	جاقىن	130
دەپ	شپيىڭ	133
دەپ	قۇيىپ	125
دەپ	الدىن	124
دەپ	بەردى	129
دەپ	بەردىم	133
دەپ	قالپتى	131
دەپ	شاقىرىپ	121
دەپ	كەتەم	95
دەپ	بەرمەي	129
دەپ	شىعادى	109
دەپ	الدىمەن	111
دەپ	رەنجىمە	133
دەپ	بەت	120
دەپ	تالاي	133
دەپ	كەيدە	109
دەپ	ۇن	125
دەپ	ۇندەمەي	129
دەپ	پالە	104
دەپ	ايتپ	109
دەپ	ايتپا	103
دەپ	ۇيدەن	93
دەپ	ەستىپ	127
دەپ	سوعىپ	101
دەپ	كەلدىك	128
دەپ	ايتپەسە	127
دەپ	بىردەڭە	132
دەپ	اتام	130
دەپ	جاتسىڭ	122
دەپ	ايتسا	131
دەپ	ايتساڭ	117
دەپ	قالسا	93
دەپ	مەننەن	123
دەپ	شىق	120
دەپ	سەننەن	133
دەپ	سويلەمەي	131
دەپ	ايتىم	123
دەپ	ايتىڭىز	85
دەپ	تۇرسىڭ	124
دەپ	جاتىرسىڭبا	82
دەپ	شىقتى	116
دەپ	شىقتىم	128
دەپ	ايتسام	118
دەپ	انە	103
دەپ	قويسا	134
دەپ	قويساڭ	133
دەپ	جاتتى	92
دەپ	جاتتىم	115
دەپ	ارتىنان	118
دەپ	ولار	126
دەپ	جىلاپ	134
دەپ	قالدىق	88
دەپ	العام	120
دەپ	ايتامىن	122
دەپ	نەكە	101
دەپ	تۇرادى	133
دەپ	كەلەم	116
دەپ	ەلگە	129
دەپ	شۇنگە	122
دەپ	سونىڭ	121
دەپ	قويعان	114
دەپ	شعارىپ	117
دەپ	الپ	115
دەپ	باياعى	133
دەپ	بارماي	119
دەپ	شەشەم	109
دەپ	جۇرمە	133
دەپ	تەلەپون	80
دەپ	تۇرسا	115
دەپ	جۇرەتىن	111
دەپ	دالاعا	112
دەپ	جاتا	127
دەپ	قالما	128
دەپ	قورقىپ	109
دەپ	الداپ	80
دەپ	سوسىن	99
دەپ	قاشىپ	122
دەپ	تۇرما	113
دەپ	قويىپتى	111
دەپ	قالام	83
دەپ	قالاما	112
دەپ	قانە	117
دەپ	قالاسىڭ	116
دەپ	سويلەي	131
دەپ	تۇرساڭ	126
دەپ	قويعام	116
دەپ	كەلگەم	92
دەپ	وقىپ	106
دەپ	جاتسا	125
دەپ	قويام	112
دەپ	جولعا	77
دەپ	قويادى	128
دەپ	تاتەم	75
دەپ	جاتىرما	132
دەپ	قينالىپ	116
دەپ	سۇيلەمەي	128
دەپ	جۇرسە	130
دەپ	جۇرسەڭ	126
دەپ	وتىرسىڭبا	122
دەپ	قالماسىن	90
دەپ	الاڭداپ	127
دەپ	جاتسام	77
دەپ	ايتپاشى	112
دەپ	قاراماي	113
دەپ	جۇرەدى	133
دەپ	جۇرگەندە	117
دەپ	جاتر	104
دەپ	شعادى	95
دەپ	ايتات	124
دەپ	ايتاتىن	123
دەپ	سۇراي	102
دەپ	سۇرايىن	123
دەپ	سۇيلەي	107
دەپ	جۇرمىز	131
دەپ	سۇيتەدى	109
دەپ	ەلدەن	127
دەپ	كۇلىپ	134
دەپ	ەلدەر	112
دەپ	قاپتى	125
دەپ	كوشەگە	131
دەپ	قالسام	132
دەپ	ساقتاپ	106
دەپ	ايتقام	131
دەپ	ايتپاي	90
دەپ	شوشىپ	109
دەپ	وتىرا	91
دەپ	بىلەمىن	129
دەپ	سونشا	119
دەپ	ولىپ	126
دەپ	ەدىك	111
دەپ	ۇلىپ	91
دەپ	ەرىپ	118
دەپ	قويىڭىز	133
دەپ	جۇرسىڭبە	123
دەپ	جاترمىن	110
دەپ	ايتقانىم	109
دەپ	ۇمتىپ	107
دەپ	ەشكىمگە	105
دەپ	جاتقام	127
دەپ	شاقىرعان	93
دەپ	بارىنە	117
دەپ	كەشەدەن	132
دەپ	جۇردىم	133
دەپ	كەلىپتى	119
دەپ	ءارەڭ	117
دەپ	جۇرمەسىن	128
دەپ	قويپتى	94
دەپ	ۇيالىپ	88
دەپ	اتەي	123
دەپ	باردىم	112
دەپ	تۇراتىن	131
دەپ	تىلە	130
دەپ	تىلەك	133
دەپ	دايىندىق	133
دەپ	وسىنى	119
دەپ	تىلەيمىن	131
دەپ	ايتبا	95
دەپ	تۇرعاندا	106
دەپ	قۋانىپ	117
دەپ	الەم	97
دەپ	جۇرسەم	116
دەپ	جاتقاندا	87
دەپ	بارعام	125
دەپ	قويسام	112
دەپ	اقىل	103
دەپ	كەلپتى	121
دەپ	ويلانىپ	122
دەپ	قويات	101
دەپ	كىرگىزىپ	118
دەپ	كەتىڭ	129
دەپ	تۇرسىڭبا	131
دەپ	ويلاسام	89
دەپ	تەلەفوندى	110
دەپ	جاتساڭ	131
دەپ	ۇرسىپ	125
دەپ	ايتار	102
دەپ	جۇرگەم	133
دەپ	قىزعانىپ	95
دەپ	سىلتاۋ	124
دەپ	كانە	119
دەپ	سەنىپ	127
دەپ	بارمادىم	120
دەپ	ويلاي	119
دەپ	ويلايمىن	117
دەپ	ايتقاندا	66
دەپ	كەپتى	128
دەپ	وتىرعام	129
دەپ	تۇرسام	85
دەپ	قۋىپ	122
دەپ	وتر	122
دەپ	وترمىن	106
دەپ	مۇتىپ	101
دەپ	تۇرعوي	119
دەپ	قاراسام	110
دەپ	قالجىڭداپ	128
دەپ	ويلاعان	116
دەپ	قويدىق	98
دەپ	بىلسەڭ	125
دەپ	سۇراسا	127
دەپ	سۇراسام	130
دەپ	شىعاسىڭ	124
دەپ	بىرەسە	128
دەپ	تۇرعام	130
دەپ	جاتادى	89
دەپ	قورقام	121
دەپ	ىرەنجىپ	102
دەپ	بوي	120
دەپ	قويامىن	114
دەپ	قۇيدىم	106
دەپ	قالپپىن	118
دەپ	تۇرمىز	115
دەپ	بوقتاپ	90
دەپ	جازا	112
دەپ	وتىراتىن	111
دەپ	كەلسەم	129
دەپ	ايتپايمىن	127
دەپ	سۇرادى	114
دەپ	سۇرادىم	114
دەپ	وتىرادى	118
دەپ	ويلادى	119
دەپ	ويلادىم	118
دەپ	قويماي	73
دەپ	سەنبەي	118
دەپ	ويلاما	133
دەپ	وتىرما	101
دەپ	تۇرىم	110
دەپ	جاتىرىم	97
دەپ	ماز	114
دەپ	سۇراعان	111
دەپ	ويلاعام	121
دەپ	سۇراعانىم	69
دەپ	قاربالاستاپ	108
دەپ	وتىردى	133
دەپ	وتىردىم	131
دەپ	ايتباي	126
دەپ	جۇركەن	122
دەپ	وتىرعاندا	118
دەپ	قوياسىڭ	120
دەپ	ايتسىن	105
دەپ	ەستىدىم	129
دەپ	وتىرسا	96
دەپ	وتىرسام	122
دەپ	سۇراشى	104
دەپ	وزىمدى	126
دەپ	اسىعىپ	126
دەپ	جازعان	115
دەپ	جاتقانىم	131
دەپ	ايعايلاپ	104
دەپ	ۇزىمدى	105
دەپ	ويلاساڭ	126
دەپ	تىلەپ	100
دەپ	قوستىم	105
دەپ	قويىڭدار	124
دەپ	جۇگىرىپ	133
دەپ	ميدى	121
دەپ	شاقىرىپتى	115
دەپ	ويلايدى	116
دەپ	وتىرىم	91
دەپ	ايتپايسىڭ	107
دەپ	وتىرساڭ	123
دەپ	سۇرايدى	125
دەپ	جابىسىپ	118
دەپ	ايتباشى	124
دەپ	ايتامىز	122
دەپ	اشۋلانىپ	125
دەپ	ايتپادى	127
دەپ	ايتپادىم	125
دەپ	ايتىپتى	107
دەپ	شاقىردى	104
دەپ	جاندى	128
دەپ	ۇيلاپ	132
دەپ	ايتپايسىڭبا	102
دەپ	جۇرىم	115
دەپ	ايتۋ	123
دەپ	جىبەرمەي	131
دەپ	توقتاتىپ	122
دەپ	جۇرسڭبە	134
دەپ	ەدىڭىز	127
دەپ	ايتپايدى	101
دەپ	بەدىڭ	119
دەپ	ايتبايمىن	106
دەپ	سۇيتتى	126
دەپ	ماقتاپ	133
دەپ	سۇيتسەم	117
دەپ	سۇراساڭ	126
دەپ	جۇرعوي	134
دەپ	ويلايسىڭ	122
دەپ	اسعىپ	103
دەپ	وترعان	126
دەپ	ايتپاياق	117
دەپ	ايتپتى	124
دەپ	زار	109
دەپ	ۇتىرمىن	133
دەپ	جابسىپ	120
دەپ	ۋادە	131
دەپ	ەركەلەتىپ	112
دەپ	قورقادى	131
دەپ	ايتاما	125
دەپ	ايتبايسىڭبا	98
دەپ	شىققام	120
دەپ	ويلايتىن	133
دەپ	ايتپاعان	103
دەپ	قالپىن	127
دەپ	سۇراعام	134
دەپ	دايىندالىپ	123
دەپ	ەستدىم	123
دەپ	تۇرسڭبا	112
دەپ	قويامىز	117
دەپ	جاترمىز	119
دەپ	ايتۋعا	134
دەپ	ايتپادىڭ	126
دەپ	جازشى	119
دەپ	ميىمدى	118
دەپ	جۇرسىڭبا	133
دەپ	ۇيالدىم	132
دەپ	قويىپسىڭ	133
دەپ	جاتىرعوي	111
دەپ	قيالداپ	118
دەپ	ايتبادىم	111
دەپ	سيلاپ	117
دەپ	وتىرعوي	127
دەپ	جازدىم	117
دەپ	ءتورت	130
دەپ	قۇانىپ	133
دەپ	قويعامىن	127
دەپ	سويلەپتى	131
دەپ	پاۋ	123
دەپ	وتىرسڭبا	123
دەپ	قورقامىن	124
دەپ	قۇيادى	120
دەپ	قابارلاسقام	133
دەپ	ايتاسال	109
دەپ	ايتتىڭبا	130
دەپ	قويپسىڭ	125
دەپ	جالىنىپ	114
دەپ	مازامدى	129
دەپ	شاقىرپتى	129
دەپ	جانتالاسىپ	133
دەپ	ۇناماي	116
دەپ	ويلامادىم	127
دەپ	سۇراپتى	105
دەپ	جازام	134
دەپ	جىلايدى	120
دەپ	ايتقامىن	128
دەپ	ايتتم	126
دەپ	قاپتىم	132
دەپ	ايتباياق	134
دەپ	ايتىڭبا	133
دەپ	ايتبادىڭ	130
دەپ	قوسقام	127
دەپ	ۇرعام	119
دەپ	ەدىڭعوي	115
دەپ	ايتقالى	110
دەپ	ويلايىم	128
دەپ	وترمىز	101
دەپ	ەدىڭدەر	130
دەپ	قويمايسىڭبا	131
دەپ	ايتۋشى	132
دەپ	ۇندەمەدىم	124
دەپ	سۇيلەپتى	127
دەپ	ايتپايتىن	129
دەپ	سويلەمەدىم	134
دەپ	زارلاپ	130
دەپ	قۇرقىپ	113
دەپ	الاڭدايمىن	134
دەپ	وتىرعانىم	120
دەپ	ايتقاننان	126
دەپ	ويلامايمىن	132
دەپ	مازانى	125
دەپ	سويلەگەم	128
دەپ	ويلامايدى	122
دەپ	ەستىگەم	125
دەپ	جۇرۋشى	112
دەپ	ويلاماعان	122
دەپ	سۇيلەمەدىم	129
دەپ	ايىتتى	133
دەپ	كۇلەدى	130
دەپ	الاڭدايدى	131
دەپ	تۇرسىز	131
دەپ	ويلايسىڭبا	123
دەپ	ەستگەم	100
دەپ	ۋايىمداپ	118
دەپ	ايتامبا	131
دەپ	ارمانداپ	130
دەپ	ويلاعانىم	121
دەپ	قابارلاسقانىم	118
دەپ	سۇيلەگەم	121
دەپ	جازامىن	129
دەپ	ويلادىڭ	128
دەپ	وتىرعامىن	126
دەپ	ويىلاپ	125
دەپ	جازىپتى	127
دەپ	وترعام	126
دەپ	ويلاماپپىن	128
دەپ	تۇرعامىن	108
دەپ	جاتۋشى	131
دەپ	جازعام	132
دەپ	ويلادىڭبا	132
دەپ	جۇرىپپىن	126
دەپ	الاڭدادىم	123
دەپ	جۇرمەڭىز	131
دەپ	دامەلەنىپ	133
دەپ	ۇمىتتەنىپ	130
دەپ	ويلاعامىن	133
دەپ	ۇيلايمىن	116
دەپ	ويلامايسىڭبا	124
دەپ	ويلاماپتىم	130
دەپ	ويلاپپىن	123
دەپ	ويلايما	119
دەپ	الاڭداعانىم	131
دەپ	تىلەيىك	134
دەپ	ويلاماعام	133
دەپ	جاتىرەدىڭ	126
دەپ	ۇيلاعام	128
دەپ	ويلايسڭبا	131
دەپ	ويلاماپىن	134
دەپ	ويلايتىنمىن	131
دەپ	ويلاپتىم	130
جوق	عوي	130
جوق	جان	71
جوق	جانىم	108
جوق	مەن	34
جوق	دەپ	57
جوق	جوق	40
جوق	بول	72
جوق	بولسىن	114
جوق	جاقسى	99
جوق	بولدى	86
جوق	ەكەن	39
جوق	بىر	26
جوق	سول	68
جوق	نە	73
جوق	نەعىپ	74
جوق	بار	110
جوق	سەن	97
جوق	ەندى	67
جوق	بولىپ	56
جوق	راحىمەت	17
جوق	ماقۇل	108
جوق	جاتىر	126
جوق	قوي	121
جوق	ال	20
جوق	الى	120
جوق	الىپ	70
جوق	ون	106
جوق	وندا	119
جوق	كەل	113
جوق	كەلىپ	130
جوق	يا	107
جوق	ەرتە	105
جوق	ەرتەڭ	116
جوق	ادام	75
جوق	بولسا	76
جوق	بۇگىن	36
جوق	تۇر	76
جوق	مەندە	127
جوق	سودان	71
جوق	ماعان	90
جوق	بارى	79
جوق	بارىپ	91
جوق	ەكى	106
جوق	مەنى	87
جوق	مەنىڭ	87
جوق	قاي	89
جوق	بولا	117
جوق	بولادى	122
جوق	نەگە	81
جوق	جاتىرمىن	98
جوق	ول	91
جوق	قايدا	71
جوق	سەنى	101
جوق	ساعان	83
جوق	وسى	78
جوق	جارايدى	83
جوق	تاماق	121
جوق	دەي	94
جوق	دەيدى	110
جوق	قالاي	60
جوق	ۇي	104
جوق	ۇيدە	98
جوق	ۇيگە	76
جوق	تەلەفون	92
جوق	اي	91
جوق	ايت	122
جوق	ايتىپ	128
جوق	بىرگە	119
جوق	كۇن	112
جوق	وتىر	114
جوق	وتىرمىن	121
جوق	دوسىم	88
جوق	كىم	73
جوق	امان	110
جوق	امانشىلىق	119
جوق	كەتتى	125
جوق	كەيىن	130
جوق	اق	123
جوق	اقشا	121
جوق	دەگەن	90
جوق	يە	77
جوق	كۇنى	133
جوق	ەمەس	112
جوق	ونى	85
جوق	بىراق	97
جوق	قانشا	82
جوق	ۇز	122
جوق	ۇزى	109
جوق	ۇزىڭ	107
جوق	قاشان	98
جوق	قاربالاس	126
جوق	ىشىپ	99
جوق	قويشى	115
جوق	تاعى	115
جوق	وي	99
جوق	كوپ	134
جوق	كەتىپ	113
جوق	تاڭەرتەڭ	103
جوق	بىراز	97
جوق	مىنا	99
جوق	نەدەگەن	104
جوق	قانداي	115
جوق	شاي	122
جوق	ەدى	104
جوق	باس	76
جوق	باسقا	112
جوق	سەنىڭ	79
جوق	كەشتە	94
جوق	بولام	103
جوق	بولاما	132
جوق	راس	126
جوق	از	92
جوق	ازىر	105
جوق	ىستەپ	91
جوق	جۇر	108
جوق	كەشە	126
جوق	قايتا	95
جوق	انا	102
جوق	ۇيقتاپ	98
جوق	قايتىپ	110
جوق	جولدا	92
جوق	پا	128
جوق	ۇش	68
جوق	سوندا	111
جوق	جۇمىس	115
جوق	وز	104
جوق	وزى	114
جوق	وزىڭ	110
جوق	ايتەۋ	103
جوق	تەز	91
جوق	اعا	129
جوق	بوپ	98
جوق	دەسە	58
جوق	دەسەم	113
جوق	كوڭىل	99
جوق	اۋ	130
جوق	اۋىرىپ	130
جوق	تۇندە	113
جوق	بەرە	103
جوق	شىعا	132
جوق	شىعار	134
جوق	شىعىپ	68
جوق	كەزدە	128
جوق	وعان	82
جوق	بالا	94
جوق	جاڭا	106
جوق	سونى	110
جوق	سەندە	103
جوق	بىز	96
جوق	ەدىم	104
جوق	ايتقان	118
جوق	جۇرمىن	130
جوق	بارا	112
جوق	ۇيات	110
جوق	كەلە	111
جوق	قاتتى	124
جوق	قيىن	122
جوق	بولعان	87
جوق	دۇرىس	80
جوق	ەكەنسىڭ	129
جوق	جاتىپ	96
جوق	ايتا	117
جوق	سونىمەن	113
جوق	دەيمىن	130
جوق	ۋاقىت	109
جوق	قارا	120
جوق	قاراپ	121
جوق	ەشتەڭە	120
جوق	ۇلكەن	99
جوق	بۇل	104
جوق	تۇرمىن	98
جوق	كۇندە	133
جوق	مال	116
جوق	قازىر	106
جوق	جەجە	102
جوق	ەي	105
جوق	بولدىم	66
جوق	ودا	133
جوق	ودان	116
جوق	سوعان	110
جوق	بەس	113
جوق	كۇپ	125
جوق	جەر	126
جوق	جەردە	117
جوق	مىناۋ	100
جوق	ماشينا	124
جوق	ەمەسپە	112
جوق	قىز	80
جوق	سۇراپ	126
جوق	جامان	130
جوق	جاڭە	99
جوق	قايدان	111
جوق	ساعات	115
جوق	جاتقان	133
جوق	دەشى	133
جوق	توي	85
جوق	جاي	119
جوق	اينالايىن	109
جوق	بىرەۋ	90
جوق	ءبىر	109
جوق	شارشاپ	128
جوق	شىن	107
جوق	بولىپتى	114
جوق	بولماي	115
جوق	بولمايدى	130
جوق	بولماسا	104
جوق	جاتىرمىز	118
جوق	جۇرە	124
جوق	جۇرەگىم	128
جوق	تۇستە	130
جوق	تۇستەن	121
جوق	جەرگە	113
جوق	امال	117
جوق	باعانا	119
جوق	بولسادا	109
جوق	كەتە	91
جوق	باراتىن	133
جوق	اڭگىمە	126
جوق	سياقتى	115
جوق	جۋىپ	88
جوق	ەكەمىز	128
جوق	قايسى	123
جوق	دەدى	133
جوق	دەدىم	104
جوق	جالعىز	87
جوق	تاتتى	99
جوق	تاتتىم	131
جوق	بولاتىن	127
جوق	جۇرىپ	77
جوق	بارىن	133
جوق	سونداي	115
جوق	سۇيتىپ	127
جوق	ءالى	130
جوق	قاتە	80
جوق	نارسە	105
جوق	ماڭگى	112
جوق	ەڭ	134
جوق	الگى	128
جوق	ونداي	124
جوق	بەكەر	89
جوق	ارەڭ	101
جوق	ويناپ	114
جوق	ۇزىم	118
جوق	دەگەم	100
جوق	بۇرىن	125
جوق	بولساڭ	124
جوق	كەلگەن	85
جوق	قالىڭ	121
جوق	قىل	134
جوق	قىلىپ	130
جوق	قايتەم	112
جوق	نان	113
جوق	بىزدىڭ	124
جوق	ەدىڭ	118
جوق	ساۋ	133
جوق	بىلمەيمىن	132
جوق	قۇساپ	126
جوق	ستەپ	121
جوق	بىردەمە	125
جوق	بوپتى	120
جوق	سىز	127
جوق	توسىپ	114
جوق	دارى	118
جوق	ماي	124
جوق	باسىم	127
جوق	ونىڭ	109
جوق	وتىرمىز	104
جوق	بىزدە	109
جوق	نەشە	113
جوق	بولدىڭ	126
جوق	وزىم	59
جوق	سومەن	104
جوق	سىزگە	132
جوق	ناق	131
جوق	دەم	120
جوق	سۋ	124
جوق	جىندى	131
جوق	ارتىق	120
جوق	بالام	125
جوق	ۇيىقتاپ	115
جوق	قايداعى	133
جوق	كەلمەيدى	115
جوق	مەنەن	133
جوق	اراق	120
جوق	ىزدەپ	120
جوق	اياق	124
جوق	قۇرسىن	130
جوق	بالالار	111
جوق	اقشانى	124
جوق	منا	127
جوق	اشىق	130
جوق	قول	128
جوق	اكە	129
جوق	سەنەن	133
جوق	جەردەن	112
جوق	جىگىت	111
جوق	دەسەڭ	128
جوق	قولايسىز	100
جوق	ەل	123
جوق	جانە	119
جوق	تۇرا	134
جوق	باۋىرىم	123
جوق	قاتىن	118
جوق	دەيسىڭ	118
جوق	شعار	100
جوق	سەندەر	82
جوق	تەك	122
جوق	اپام	91
جوق	سۋىق	124
جوق	ۇمىتىپ	130
جوق	ۇستىپ	130
جوق	التىن	129
جوق	كەشكە	132
جوق	رەنجىپ	124
جوق	ايەل	133
جوق	اناۋ	129
جوق	نەسى	128
جوق	ۇيتىپ	131
جوق	ماس	116
جوق	ۇتىرىك	131
جوق	المادىم	125
جوق	ءوزى	125
جوق	ءوزىڭ	133
جوق	وتىرىك	132
جوق	قايتەسىڭ	128
جوق	ۇيقى	131
جوق	ۇيقىم	126
جوق	دەمالىپ	122
جوق	ساتىپ	128
جوق	ەشكىم	130
جوق	ەلدىڭ	118
جوق	ەشتەمە	114
جوق	ادامدى	122
جوق	ۇيدىڭ	119
جوق	قۇداي	129
جوق	بىلەسىڭ	116
جوق	بولار	126
جوق	كۇندىز	132
جوق	جۇمىسقا	121
جوق	الاڭداما	131
جوق	كۇنىم	112
جوق	رەنجىمە	125
جوق	سىڭ	121
جوق	كەيدە	86
جوق	ۇندەمەي	128
جوق	پالە	130
جوق	تۇك	134
جوق	تىپتى	129
جوق	ۇيدەن	121
جوق	ىراس	123
جوق	بۇدان	125
جوق	ادامعا	131
جوق	دەمالىس	117
جوق	قىيىن	126
جوق	ايتپەسە	114
جوق	بىزگە	119
جوق	بولپ	127
جوق	بولپتى	100
جوق	اتام	125
جوق	شىعارسىڭ	133
جوق	تاياپ	110
جوق	ءازىر	134
جوق	مەننەن	126
جوق	اپەكە	132
جوق	نەمە	129
جوق	اندا	120
جوق	سەننەن	127
جوق	تاۋعا	127
جوق	بولسام	132
جوق	ۇيدەمىن	95
جوق	انە	119
جوق	جاتتىم	133
جوق	ارتىنان	132
جوق	ولار	134
جوق	بولعاندا	120
جوق	قايتەمىز	118
جوق	مالعا	120
جوق	ەلگە	127
جوق	باياعى	126
جوق	بارمايمىن	127
جوق	شەشەم	114
جوق	ەكەنىن	132
جوق	تۇرسا	96
جوق	بۇكىن	97
جوق	سەنىمەن	132
جوق	ۇقسايدى	127
جوق	دالاعا	111
جوق	ادامدار	132
جوق	تەگى	124
جوق	دەكەن	131
جوق	دەگەندە	123
جوق	ارام	78
جوق	بۇرسىگۇنى	134
جوق	جانم	131
جوق	دەيىم	126
جوق	بىرازدان	134
جوق	كەلمەدى	132
جوق	دەدىڭ	102
جوق	بولدىما	115
جوق	بولدىڭىز	84
جوق	قينالىپ	104
جوق	بولاسىڭ	124
جوق	سىرتقا	109
جوق	ايتەۇ	133
جوق	ولاي	130
جوق	بولايىن	99
جوق	دەپتى	131
جوق	بيىل	121
جوق	ەلدەن	132
جوق	ىسكە	126
جوق	تابا	120
جوق	ايتبەسە	130
جوق	الاڭسىز	130
جوق	ءوزىم	126
جوق	بولۋ	129
جوق	دالادا	132
جوق	نەمەنەگە	124
جوق	ءايتەۋ	126
جوق	سىياقتى	133
جوق	نەگىزى	120
جوق	قاسىمدا	128
جوق	بارىنە	131
جوق	كەشەدەن	133
جوق	ەمەسبە	133
جوق	ۇيتكەنى	121
جوق	اتەي	129
جوق	سىرتتا	131
جوق	ەكەسىڭ	129
جوق	شعارسىڭ	133
جوق	وقشايدى	122
جوق	دەيت	118
جوق	ۇقتىڭبا	125
جوق	بولعانسوڭ	126
جوق	نارسەنى	104
جوق	قۇرى	116
جوق	بەكەن	123
جوق	قىلادى	89
جوق	زەرىگىپ	123
جوق	قىلاسىڭ	128
جوق	جاياۋ	133
جوق	بارمادىم	123
جوق	بولماسىن	106
جوق	بولدىعوي	134
جوق	ەگەن	115
جوق	بوسا	122
جوق	دەمە	116
جوق	وقسايدى	127
جوق	شىعارمىن	129
جوق	ەكەنعوي	126
جوق	بولعانى	122
جوق	قىلدى	120
جوق	قىلدىم	118
جوق	الدە	124
جوق	دەمەي	86
جوق	سىڭبا	130
جوق	باسقالاي	117
جوق	دەگەنگە	123
جوق	تانىمايمىن	125
جوق	قىلدىڭ	134
جوق	بولدىڭدار	112
جوق	بەدى	125
جوق	نارسەگە	124
جوق	شىقار	127
جوق	بولعاننان	131
جوق	ىشپەدىم	134
جوق	ۇيقتامادىم	127
جوق	بولدىڭعوي	125
جوق	بولاتىنمىن	95
جوق	بولدڭ	127
جوق	ءالدە	131
جوق	دەكەندە	102
جوق	بولدما	119
جوق	رەنجىمەدىم	132
جوق	پەكەن	130
جوق	بولدڭعوي	133
بول	جانىم	131
بول	مەن	16
بول	دەپ	46
بول	بول	38
بول	جاقسى	49
بول	بىر	69
بول	نە	76
بول	سەن	58
بول	ەندى	73
بول	وندا	44
بول	مەندە	60
بول	ماعان	77
بول	مەنى	76
بول	مەنىڭ	81
بول	قايدا	78
بول	سەنى	72
بول	ساعان	80
بول	دەيدى	74
بول	ۇي	72
بول	دوسىم	79
بول	كىم	43
بول	امان	80
بول	دەگەن	81
بول	ايتەۋ	71
بول	تەز	78
بول	ەي	19
بول	جەردە	50
بول	اينالايىن	70
بول	ماڭگى	73
بول	سويلە	78
بول	باۋىرىم	82
بول	قۇلىنىم	78
بولسىن	جان	81
بولسىن	جانى	86
بولسىن	جانىم	115
بولسىن	سالەم	16
بولسىن	مەن	105
بولسىن	دەپ	79
بولسىن	جوق	55
بولسىن	بولسىن	124
بولسىن	جاقسى	96
بولسىن	بولدى	69
بولسىن	بىر	123
بولسىن	سول	107
بولسىن	نە	110
بولسىن	نەعىپ	101
بولسىن	بار	90
بولسىن	سەن	110
بولسىن	ەندى	113
بولسىن	راحىمەت	99
بولسىن	ماقۇل	48
بولسىن	وندا	105
بولسىن	كەل	87
بولسىن	كەلىپ	127
بولسىن	يا	90
بولسىن	ەرتەڭ	107
بولسىن	بۇگىن	98
بولسىن	مەندە	99
بولسىن	سودان	101
بولسىن	ماعان	99
بولسىن	بارى	107
بولسىن	بارىپ	118
بولسىن	ەكى	117
بولسىن	مەنى	83
بولسىن	مەنىڭ	119
بولسىن	قاي	115
بولسىن	قايىرلى	118
بولسىن	ول	107
بولسىن	قايدا	125
بولسىن	سەنى	71
بولسىن	ساعان	130
بولسىن	وسى	118
بولسىن	جارايدى	109
بولسىن	تاماق	88
بولسىن	دەي	124
بولسىن	دەيدى	108
بولسىن	قال	105
بولسىن	قالاي	121
بولسىن	ۇي	128
بولسىن	ۇيدە	77
بولسىن	ۇيگە	121
بولسىن	ايت	74
بولسىن	ايتىپ	109
بولسىن	بىرگە	105
بولسىن	وت	95
بولسىن	دوسىم	72
بولسىن	كىم	39
بولسىن	امان	126
بولسىن	امانشىلىق	53
بولسىن	اق	105
بولسىن	دەگەن	82
بولسىن	ۇز	102
بولسىن	ۇزىڭ	106
بولسىن	قاشان	126
بولسىن	قاربالاس	122
بولسىن	ىشىپ	124
بولسىن	تاعى	118
بولسىن	وي	130
بولسىن	كوپ	121
بولسىن	قۇتتى	115
بولسىن	مىنا	124
بولسىن	نەدەگەن	125
بولسىن	امانسىڭبا	125
بولسىن	باس	113
بولسىن	باسقا	113
بولسىن	كەشتە	123
بولسىن	بولاما	127
بولسىن	جول	112
بولسىن	وز	120
بولسىن	ايتەۋ	108
بولسىن	تەز	90
بولسىن	اعا	111
بولسىن	دەسەم	82
بولسىن	كوڭىلدى	130
بولسىن	تۇن	128
بولسىن	شى	127
بولسىن	بالا	130
بولسىن	جاڭا	127
بولسىن	بىز	110
بولسىن	ايتقانىڭ	117
بولسىن	سونىمەن	92
بولسىن	دەيمىن	92
بولسىن	قارا	125
بولسىن	مىقتى	116
بولسىن	ۇلكەن	99
بولسىن	اس	117
بولسىن	كەرەمەت	122
بولسىن	مال	83
بولسىن	جەجە	126
بولسىن	كۇپ	83
بولسىن	قىز	131
بولسىن	جامان	115
بولسىن	جاتقان	119
بولسىن	توي	126
بولسىن	اينالايىن	92
بولسىن	تۋىلعان	84
بولسىن	ايتىڭ	112
بولسىن	قىزدار	118
بولسىن	دەدىم	90
بولسىن	تاتتى	118
بولسىن	تاتتىم	108
بولسىن	وراز	109
بولسىن	ورازا	122
بولسىن	ماڭگى	96
بولسىن	ار	69
بولسىن	قالىڭ	105
بولسىن	دەن	129
بولسىن	دەنساۋلىق	93
بولسىن	ايىت	115
بولسىن	ەرتەرەك	127
بولسىن	بىزدە	130
بولسىن	سومەن	122
بولسىن	قايرلى	131
بولسىن	ىراحىمەت	131
بولسىن	بالام	100
بولسىن	بۇيىرسا	82
بولسىن	مەنەن	113
بولسىن	دەنساۋلىعى	125
بولسىن	دەنساۋلىعىڭ	92
بولسىن	بالالار	42
بولسىن	بارامىز	99
بولسىن	اكە	131
بولسىن	بارلىق	131
بولسىن	جولى	93
بولسىن	دەسەڭ	115
بولسىن	باقىتتى	126
بولسىن	ەل	90
بولسىن	باۋى	129
بولسىن	باۋىرىم	121
بولسىن	اقىرىن	81
بولسىن	كۇندەرىڭ	130
بولسىن	التىن	62
بولسىن	دوستار	92
بولسىن	راقىمەت	71
بولسىن	قۇدا	109
بولسىن	كۇنىم	107
بولسىن	التىنىم	113
بولسىن	باي	107
بولسىن	بايقاپ	98
بولسىن	قوش	92
بولسىن	ايتقانىڭىز	108
بولسىن	ءار	118
بولسىن	كەشكى	101
بولسىن	جارايسىڭ	86
بولسىن	بارلىقتارىڭىزعا	107
بولسىن	ايتتاپ	117
بولسىن	اپەكە	98
بولسىن	تەزىرەك	93
بولسىن	ىستەرىڭ	121
بولسىن	بۇگىنگى	102
بولسىن	جەڭگە	113
بولسىن	قىزىم	99
بولسىن	دەگەنىم	122
بولسىن	سارى	120
بولسىن	كەلىن	124
بولسىن	باقتتى	105
بولسىن	جىگىتتەر	103
بولسىن	تۇسكى	107
بولسىن	تۋعان	104
بولسىن	تابىس	129
بولسىن	جولىڭ	109
بولسىن	ساۋدا	108
بولسىن	مول	130
بولسىن	تاڭعى	121
بولسىن	باسىڭ	121
بولسىن	ساۋداڭ	117
بولسىن	ساباقتاس	102
بولسىن	ساباقتاستار	131
بولسىن	راحمەت	119
بولسىن	تاتە	125
بولسىن	دەنساۋلىعىڭىز	127
بولسىن	جاسى	90
بولسىن	سۇلۋ	92
بولسىن	قۇلىن	131
بولسىن	قۇلىنىم	102
بولسىن	كۇندەرىڭىز	91
بولسىن	ناعاشى	100
بولسىن	جالعاستى	113
بولسىن	ومىر	119
بولسىن	ۇمىر	115
بولسىن	قايىن	112
بولسىن	جاندارىم	132
بولسىن	اسابا	82
بولسىن	جالپى	109
بولسىن	تۋستار	130
بولسىن	ۇزىڭدە	127
بولسىن	اماندىق	127
بولسىن	اسىل	118
بولسىن	اسىقپاي	114
بولسىن	سىڭىلىم	112
بولسىن	جاقسىلىق	105
بولسىن	ايتاپ	132
بولسىن	اياۋلى	110
بولسىن	اياۋلىم	115
بولسىن	دەنساۋلىقتارىڭ	126
بولسىن	دەنساۋلىقتارىڭىز	100
بولسىن	ىنىم	93
بولسىن	ەرتەڭگى	114
بولسىن	بوتام	114
بولسىن	اپاي	126
بولسىن	ايتقاندارىڭ	131
بولسىن	وتباستارىڭ	131
بولسىن	وتباستارىڭىز	91
بولسىن	مقتى	89
بولسىن	قۇداشا	131
بولسىن	تىلەگەن	116
بولسىن	ويلاعان	95
بولسىن	ىسىڭ	121
بولسىن	دەندەرىڭ	118
بولسىن	دەندەرىڭىز	101
بولسىن	دەنىڭ	104
بولسىن	جەزدە	98
بولسىن	ىستەرىڭىز	125
بولسىن	قۇداعي	125
بولسىن	جاسىڭ	119
بولسىن	باستارىڭ	109
بولسىن	قارىنداس	106
بولسىن	قارىنداسىم	129
بولسىن	وقۋى	126
بولسىن	بۇيىرتىپ	95
بولسىن	بارشا	114
بولسىن	بارشاڭىزعا	127
بولسىن	ايتشىلاپ	125
بولسىن	باۋرىم	129
بولسىن	زور	114
بولسىن	ارقاشان	123
بولسىن	باستارىڭىز	93
بولسىن	قاشاندا	116
بولسىن	اتپال	131
بولسىن	بولاشاعى	103
بولسىن	عۇمىر	115
بولسىن	بالدىز	120
بولسىن	وتباسىڭ	129
بولسىن	جيەن	104
بولسىن	جالپىڭىزعا	127
بولسىن	ءارقاشان	127
بولسىن	ابايلاپ	115
بولسىن	بۇداندا	124
بولسىن	قىزىمەتىڭ	107
بولسىن	ۇيجاققا	122
بولسىن	باۇىرىم	98
بولسىن	كىشكەنتاي	131
بولسىن	قوساقتارىڭمەن	130
بولسىن	بارلىقتارىڭىزدىڭ	120
بولسىن	وقۋىڭ	119
بولسىن	قىزمەتىڭ	109
بولسىن	بۇيرتىپ	113
بولسىن	بارىمىزگە	130
بولسىن	تابىسىڭ	125
بولسىن	توپىراعى	109
بولسىن	ستەرىڭ	129
بولسىن	وقۋدا	123
بولسىن	دەنساۋلعىڭ	108
بولسىن	يلايىم	127
بولسىن	دەنىڭىز	130
بولسىن	تابسىڭ	127
بولسىن	اتبال	121
بولسىن	قۇلىندار	120
بولسىن	وتباسىڭىز	131
بولسىن	ۇيجاقا	130
بولسىن	دەنساۋلقتارىڭىز	126
بولسىن	جورتقاندا	129
بولسىن	كەلەشەكتە	125
جاق	جاقسى	126
جاق	بولىپ	45
جاق	قوي	48
جاق	قانداي	51
جاق	سۋىق	47
جاق	قۇلاعى	46
جاقس	تۇس	35
جاقسى	عوي	25
جاقسى	جان	28
جاقسى	جانىم	113
جاقسى	سالەم	48
جاقسى	مەن	118
جاقسى	دەپ	85
جاقسى	جوق	73
جاقسى	بول	104
جاقسى	بولسىن	91
جاقسى	جاقسى	73
جاقسى	بولدى	38
جاقسى	ەكەن	38
جاقسى	بىر	27
جاقسى	سول	85
جاقسى	نە	77
جاقسى	نەعىپ	109
جاقسى	بار	86
جاقسى	سەن	109
جاقسى	ەندى	113
جاقسى	بولىپ	105
جاقسى	راحىمەت	24
جاقسى	ماقۇل	85
جاقسى	جات	102
جاقسى	قوي	109
جاقسى	الىپ	73
جاقسى	وندا	126
جاقسى	كەلىپ	109
جاقسى	يا	114
جاقسى	ەرتەڭ	98
جاقسى	ادام	112
جاقسى	بولسا	63
جاقسى	بۇگىن	47
جاقسى	تۇر	101
جاقسى	مەندە	89
جاقسى	سودان	107
جاقسى	ماعان	110
جاقسى	بارى	116
جاقسى	بارىپ	97
جاقسى	ەكى	105
جاقسى	مەنى	122
جاقسى	مەنىڭ	127
جاقسى	قايىرلى	123
جاقسى	بولا	113
جاقسى	بولادى	103
جاقسى	جاتىرمىن	49
جاقسى	ول	118
جاقسى	قايدا	117
جاقسى	ساعان	132
جاقسى	وسى	129
جاقسى	جارايدى	120
جاقسى	تاماق	101
جاقسى	دەيدى	101
جاقسى	ۇي	81
جاقسى	ۇيدە	115
جاقسى	ۇيگە	85
جاقسى	تەلەفون	128
جاقسى	اي	124
جاقسى	ايتىپ	92
جاقسى	بىرگە	126
جاقسى	كۇن	90
جاقسى	وتىر	90
جاقسى	دوس	84
جاقسى	دوسىم	91
جاقسى	كىم	72
جاقسى	امان	121
جاقسى	امانشىلىق	78
جاقسى	اق	16
جاقسى	اقشا	114
جاقسى	دەگەن	124
جاقسى	يە	105
جاقسى	ەمەس	116
جاقسى	بىراق	46
جاقسى	ۇز	105
جاقسى	ۇزىڭ	116
جاقسى	قاربالاس	39
جاقسى	ىش	128
جاقسى	ىشىپ	121
جاقسى	وي	116
جاقسى	كوپ	112
جاقسى	بىراز	128
جاقسى	مىن	105
جاقسى	شاي	107
جاقسى	بەر	123
جاقسى	بەرىپ	105
جاقسى	امانسىڭ	128
جاقسى	امانسىڭبا	97
جاقسى	ەدى	89
جاقسى	بولاما	34
جاقسى	ازىر	123
جاقسى	ىس	121
جاقسى	ىستە	117
جاقسى	ىستەپ	92
جاقسى	جۇر	94
جاقسى	كەشە	91
جاقسى	ان	121
جاقسى	انا	117
جاقسى	ۇيقتا	127
جاقسى	ۇيقتاپ	82
جاقسى	جۇمىس	76
جاقسى	وز	91
جاقسى	وزىڭ	119
جاقسى	ايتەۋ	61
جاقسى	تەز	105
جاقسى	اعا	131
جاقسى	ات	92
جاقسى	بوپ	97
جاقسى	كوڭىل	60
جاقسى	كوڭىلدى	107
جاقسى	تۇندە	117
جاقسى	شىعار	125
جاقسى	شىعىپ	91
جاقسى	كەزدە	130
جاقسى	كور	130
جاقسى	كورىپ	120
جاقسى	بالا	51
جاقسى	ايتقانىڭ	83
جاقسى	تۇس	105
جاقسى	قابار	20
جاقسى	بولعان	108
جاقسى	ەكەنسىڭ	64
جاقسى	جاتىپ	105
جاقسى	سونىمەن	55
جاقسى	قارا	105
جاقسى	قاراپ	81
جاقسى	ۇلكەن	97
جاقسى	كۇندە	132
جاقسى	كەرەمەت	92
جاقسى	مال	126
جاقسى	قازىر	104
جاقسى	جەجە	130
جاقسى	بولدىم	101
جاقسى	جەر	111
جاقسى	ماشينا	99
جاقسى	ەمەسپە	122
جاقسى	قىز	88
جاقسى	جامان	93
جاقسى	دەشى	105
جاقسى	اينالايىن	99
جاقسى	بىرەۋ	127
جاقسى	ەبىلايدە	122
جاقسى	بولىپتى	119
جاقسى	بولماي	19
جاقسى	بولمايدى	47
جاقسى	كۇر	96
جاقسى	كۇرىپ	124
جاقسى	بولماسا	57
جاقسى	جاتىرمىز	93
جاقسى	ايتىڭ	99
جاقسى	جۇرە	129
جاقسى	جۇرگەن	129
جاقسى	جەرگە	131
جاقسى	قىزدار	119
جاقسى	امال	122
جاقسى	بولسادا	128
جاقسى	اڭگىمە	128
جاقسى	سياقتى	95
جاقسى	بولات	108
جاقسى	بولاتىن	122
جاقسى	جۇرىپ	87
جاقسى	نارسە	86
جاقسى	امانسىز	96
جاقسى	امانسىزبا	103
جاقسى	وينا	108
جاقسى	ويناپ	95
جاقسى	كىسى	58
جاقسى	باعاسى	117
جاقسى	بولساڭ	122
جاقسى	كەلمەي	69
جاقسى	سويلەپ	128
جاقسى	ەدىڭ	121
جاقسى	بىلمەيمىن	107
جاقسى	دەنساۋلىق	121
جاقسى	قۇساپ	121
جاقسى	ستە	129
جاقسى	ستەپ	110
جاقسى	بوپتى	110
جاقسى	سىز	50
جاقسى	دارى	115
جاقسى	بىزدە	119
جاقسى	تاس	114
جاقسى	سومەن	130
جاقسى	دەم	131
جاقسى	بالام	62
جاقسى	ۇيىقتا	125
جاقسى	ۇيىقتاپ	110
جاقسى	اراق	101
جاقسى	سۇيلەپ	123
جاقسى	بارمىن	124
جاقسى	بالالار	117
جاقسى	دەمال	124
جاقسى	وتىرىپ	40
جاقسى	قاراي	106
جاقسى	جىگىت	120
جاقسى	ايتادى	87
جاقسى	باق	114
جاقسى	باۋىرىم	123
جاقسى	قاتىن	129
جاقسى	شعار	114
جاقسى	جاۋاپ	107
جاقسى	كۇڭىل	121
جاقسى	كۇڭىلدى	119
جاقسى	كۇندەر	126
جاقسى	كورە	83
جاقسى	ايەل	107
جاقسى	سوز	117
جاقسى	عۇي	87
جاقسى	دوستار	88
جاقسى	ۇستا	114
جاقسى	راق	115
جاقسى	ءوزىڭ	120
جاقسى	ۇزاق	97
جاقسى	ۇيقى	127
جاقسى	دەمالىپ	127
جاقسى	ايدا	90
جاقسى	سۇز	106
جاقسى	بىلەسىڭ	89
جاقسى	كسى	127
جاقسى	بولار	127
جاقسى	ۇيقتادىم	71
جاقسى	شىعادى	122
جاقسى	كۇنىم	124
جاقسى	سىڭ	125
جاقسى	ادامعا	104
جاقسى	بولپ	131
جاقسى	بولپتى	97
جاقسى	ۇيقتاي	48
جاقسى	مەكەن	98
جاقسى	بولسام	84
جاقسى	جاتىرسىڭبا	113
جاقسى	ادامنىڭ	112
جاقسى	شىقتى	129
جاقسى	امانشىلىقپا	115
جاقسى	ۇيدەمىن	130
جاقسى	جەڭگە	124
جاقسى	بولسن	120
جاقسى	باعىپ	129
جاقسى	بولعاندا	126
جاقسى	كەلىن	108
جاقسى	ءان	114
جاقسى	وتىپ	111
جاقسى	بولدىڭبا	125
جاقسى	جۇمس	117
جاقسى	بولمادى	128
جاقسى	كورەم	107
جاقسى	كۇرە	48
جاقسى	ايبەت	113
جاقسى	ۇتىپ	130
جاقسى	ۇقسايدى	127
جاقسى	بولىڭدار	128
جاقسى	وراي	123
جاقسى	ادامدار	112
جاقسى	ۇيرەن	106
جاقسى	ۇيرەنىپ	103
جاقسى	جاتىرسىڭدارما	113
جاقسى	شىقپاي	127
جاقسى	كوردىم	118
جاقسى	كورىم	100
جاقسى	ۇزدەرىڭ	124
جاقسى	وقىپ	83
جاقسى	بولدىما	105
جاقسى	تۇردىڭبا	102
جاقسى	ىستەي	97
جاقسى	جۇرسە	126
جاقسى	جۇرسەڭ	128
جاقسى	ساقايىپ	109
جاقسى	بولاسىڭ	125
جاقسى	ەمەسپىن	128
جاقسى	كورگەن	121
جاقسى	شىقسا	72
جاقسى	بۇلدى	122
جاقسى	بولۋ	124
جاقسى	كۇرەم	120
جاقسى	كۇردىم	58
جاقسى	ءسوز	102
جاقسى	ەمەسبە	111
جاقسى	وزدەرىڭ	123
جاقسى	تىلەك	91
جاقسى	ۇزىڭىز	100
جاقسى	جازىلىپ	90
جاقسى	بۇلىپ	113
جاقسى	ارالاسىپ	108
جاقسى	كۇرىم	92
جاقسى	جاڭالىق	124
جاقسى	قونىپ	128
جاقسى	بولعانسوڭ	117
جاقسى	ويلان	131
جاقسى	ويلانىپ	111
جاقسى	كورسە	124
جاقسى	كورسەڭ	107
جاقسى	ۇيىقتاي	87
جاقسى	وزىڭىز	115
جاقسى	كورمەي	99
جاقسى	جگىت	97
جاقسى	كۇت	115
جاقسى	كۇتىپ	119
جاقسى	ىستەيدى	117
جاقسى	قارايتىن	129
جاقسى	دوسىڭ	125
جاقسى	وزىڭشى	124
جاقسى	كورەمىن	121
جاقسى	جاعىن	71
جاقسى	ۇزىڭشى	97
جاقسى	كۇرگەن	121
جاقسى	كورەسىڭ	78
جاقسى	ادامسىڭ	87
جاقسى	قاراسا	111
جاقسى	بولدىعوي	118
جاقسى	كورسەم	119
جاقسى	ەگەن	110
جاقسى	كورەت	119
جاقسى	كورەتىن	127
جاقسى	اڭگىمەلەسىپ	74
جاقسى	كورەدى	129
جاقسى	سەميا	75
جاقسى	بولساق	129
جاقسى	بولۋشى	105
جاقسى	حابار	123
جاقسى	كۇرسە	122
جاقسى	كۇرسەڭ	111
جاقسى	كاسىپ	88
جاقسى	بوسا	116
جاقسى	كۇتە	127
جاقسى	بولايىق	127
جاقسى	قارايدى	126
جاقسى	تارتپاي	122
جاقسى	كۇرەمىن	101
جاقسى	كۇرمەي	72
جاقسى	بولماعان	104
جاقسى	بەردىڭ	126
جاقسى	ۇيىرەن	129
جاقسى	ەكەنعوي	126
جاقسى	امانشلىق	117
جاقسى	كۇرەسىڭ	94
جاقسى	ىستەمەي	92
جاقسى	كورپ	125
جاقسى	كورەمىز	117
جاقسى	بولعانى	132
جاقسى	امانسز	108
جاقسى	امانسزبا	130
جاقسى	كورگەم	129
جاقسى	دەمالا	126
جاقسى	سىڭبا	106
جاقسى	ايعىر	113
جاقسى	شۇكىر	125
جاقسى	تىلەكتەر	87
جاقسى	جاماندى	125
جاقسى	جۇرەيىك	130
جاقسى	بولساڭىز	126
جاقسى	كۇرسەم	120
جاقسى	كۇرەدى	113
جاقسى	بۇلسا	81
جاقسى	جاتىرسىزدارما	126
جاقسى	تىلەكتەرىڭ	129
جاقسى	كۇرەت	131
جاقسى	كۇرەتىن	129
جاقسى	كورىن	80
جاقسى	كورمەگەن	131
جاقسى	قارايمىن	127
جاقسى	ۇيناپ	128
جاقسى	جۇرسەك	111
جاقسى	ارلاسىپ	130
جاقسى	كۇرپ	122
جاقسى	وتىرىڭدار	114
جاقسى	بولساڭدار	89
جاقسى	تۇرمىس	101
جاقسى	جۇرىڭدەر	128
جاقسى	جاتتىڭ	130
جاقسى	جاتتىڭبا	113
جاقسى	كورگەندە	129
جاقسى	ىستەسەڭ	125
جاقسى	دەمالدىڭبا	130
جاقسى	ۇيقتادىڭبا	113
جاقسى	كۇتىن	117
جاقسى	دەمالىڭىز	103
جاقسى	ناتيجە	83
جاقسى	بولقان	126
جاقسى	بوماي	127
جاقسى	قاراساڭ	131
جاقسى	ۇزدەرىڭىز	125
جاقسى	وتىرىڭىز	114
جاقسى	ۆزىڭ	125
جاقسى	تارتباي	132
جاقسى	وزدەرىڭىز	124
جاقسى	كۇندەردە	121
جاقسى	كورمەيدى	119
جاقسى	تارتپايدى	106
جاقسى	كورۋ	120
جاقسى	كۇرگەندە	96
جاقسى	كورمەسەم	129
جاقسى	بالاسىڭ	106
جاقسى	كورمەيمىن	126
جاقسى	گۇرىپ	97
جاقسى	دەمالاعوي	123
جاقسى	كورەسىڭبە	103
جاقسى	كۇرمەيدى	101
جاقسى	بولعانىڭ	110
جاقسى	ەستىلمەي	114
جاقسى	سڭبا	130
جاقسى	بوپتتى	126
جاقسى	ارالاساتىن	110
جاقسى	كۇرمەسەم	121
جاقسى	كۇركەن	107
جاقسى	كورمەيتىن	107
جاقسى	بۇپتى	115
جاقسى	تۇىس	109
جاقسى	كۇرمەيمىن	122
جاقسى	كۇرەسىڭبە	103
جاقسى	داۋالان	100
جاقسى	كۇندەردى	130
جاقسى	كورمەيسىڭ	126
جاقسى	كورمەسەڭ	108
جاقسى	دەمالىڭدار	110
جاقسى	ءتۇس	102
جاقسى	كۇرمەيتىن	106
جاقسى	بولعاي	121
جاقسى	بۇلماي	130
جاقسى	بولىپتتى	129
جاقسى	كورگەنىم	104
جاقسى	كۇرۋ	103
جاقسى	بولپتتى	104
جاقسى	امانشلق	108
جاقسى	كۇرمەسەڭ	129
جاقسى	كۇرمەيسىڭ	111
جاقسى	دوستاردان	109
جاقسى	سىزبا	100
جاقسى	كورەسڭبە	119
جاقسى	تۇردىڭىزبا	101
جاقسى	كوركەن	123
جاقسى	ويناڭدار	124
جاقسى	وتىرڭدار	110
جاقسى	كۇرگەنىم	129
جاقسى	تۇسكۇر	110
جاقسى	كورسەمدە	99
جاقسى	بولارەدى	129
جاقسى	قاراڭدار	122
جاقسى	كورگەنىڭ	130
جاقسى	بۇلپتى	117
جاقسى	كۇرسەمدە	114
جاقسى	كۇرەسڭبە	126
جاقسى	كورگەننەن	121
جاقسى	كورمەيىم	127
جاقسى	بوپتىعوي	126
جاقسى	كورەسىڭبا	121
جاقسى	كورەمە	130
جاقسى	بولىپتىعوي	132
جاقسى	كورگەنسوڭ	120
جاقسى	بۇلىپتى	116
جاقسى	كۇرگەنىڭ	121
جاقسى	كۇرەسىڭبا	120
جاقسى	دەمالڭىز	128
جاقسى	گۇرەم	127
جاقسى	كورۋشى	125
جاقسى	كۇرگەنسوڭ	129
جاقسى	كۇرگەننەن	119
جاقسى	كورەتىنىمدى	131
جاقسى	دەمالىڭىزدار	117
جاقسى	تۇسكور	124
جاقسى	كۇرەتىنىمدى	121
جاقسى	كورەتىنىڭدى	122
جاقسى	كورگەندىكتەن	132
بولدى	عوي	127
بولدى	جان	13
بولدى	جانىم	106
بولدى	مەن	22
بولدى	دەپ	49
بولدى	جوق	44
بولدى	جاقسى	84
بولدى	بولدى	51
بولدى	ەكەن	68
بولدى	بىر	65
بولدى	سول	70
بولدى	نە	72
بولدى	نەعىپ	83
بولدى	بار	114
بولدى	سەن	101
بولدى	ەندى	69
بولدى	راحىمەت	37
بولدى	ماقۇل	50
بولدى	جات	104
بولدى	قوي	127
بولدى	ال	50
بولدى	الى	110
بولدى	الىپ	105
بولدى	ون	99
بولدى	وندا	118
بولدى	كەل	33
بولدى	كەلىپ	126
بولدى	يا	105
بولدى	ەرتە	87
بولدى	ەرتەڭ	117
بولدى	ادام	69
بولدى	بۇگىن	104
بولدى	مەندە	80
بولدى	سودان	74
بولدى	ماعان	93
بولدى	بارى	68
بولدى	بارىپ	85
بولدى	ەكى	98
بولدى	مەنى	92
بولدى	مەنىڭ	82
بولدى	قاي	91
بولدى	نەگە	110
بولدى	ول	101
بولدى	قايدا	84
بولدى	سەنى	110
بولدى	ساعان	88
بولدى	وسى	56
بولدى	جارايدى	80
بولدى	تاماق	102
بولدى	دەي	95
بولدى	دەيدى	120
بولدى	قالاي	74
بولدى	ۇي	119
بولدى	ۇيدە	112
بولدى	ۇيگە	106
بولدى	تەلەفون	95
بولدى	اي	93
بولدى	ايت	128
بولدى	ايتىپ	127
بولدى	بىرگە	109
بولدى	كۇن	122
بولدى	دوسىم	119
بولدى	كىم	68
بولدى	امان	115
بولدى	امانشىلىق	76
بولدى	كەيىن	117
بولدى	تاڭ	106
بولدى	اق	125
بولدى	اقشا	121
بولدى	دەگەن	94
بولدى	يە	95
بولدى	ونى	111
بولدى	بىراق	95
بولدى	قانشا	98
بولدى	ۇز	118
بولدى	ۇزى	119
بولدى	ۇزىڭ	99
بولدى	قاشان	96
بولدى	قاربالاس	117
بولدى	ىشىپ	93
بولدى	قويشى	115
بولدى	تاعى	63
بولدى	كوپ	88
بولدى	كەتىپ	97
بولدى	تاڭەرتەڭ	116
بولدى	بىراز	96
بولدى	مىنا	105
بولدى	نەدەگەن	103
بولدى	قانداي	116
بولدى	شاي	126
بولدى	بەرىپ	114
بولدى	باس	129
بولدى	باسقا	109
بولدى	سەنىڭ	81
بولدى	كەشتە	97
بولدى	بولاما	106
بولدى	راس	127
بولدى	از	109
بولدى	ازىر	102
بولدى	ىستەپ	105
بولدى	كەشە	120
بولدى	قايت	106
بولدى	قايتا	125
بولدى	انا	96
بولدى	ۇيقتا	101
بولدى	ۇيقتاپ	86
بولدى	قايتىپ	115
بولدى	جول	116
بولدى	كەتتىم	115
بولدى	ۇش	123
بولدى	سوندا	116
بولدى	جۇمىس	77
بولدى	وز	102
بولدى	وزى	123
بولدى	وزىڭ	102
بولدى	ايتەۋ	99
بولدى	تەز	79
بولدى	اعا	109
بولدى	اتىپ	86
بولدى	دەسە	114
بولدى	دەسەم	122
بولدى	كەرەك	102
بولدى	كوڭىل	121
بولدى	اۋ	122
بولدى	اۋىرىپ	122
بولدى	تۇندە	108
بولدى	بەرە	111
بولدى	قويدىم	126
بولدى	وعان	127
بولدى	بالا	95
بولدى	جاڭا	121
بولدى	سونى	123
بولدى	سەندە	105
بولدى	بىز	96
بولدى	تاۋىپ	103
بولدى	بارا	100
بولدى	بارام	111
بولدى	ۇيات	129
بولدى	كەلە	91
بولدى	قابار	122
بولدى	قاتتى	131
بولدى	دۇرىس	111
بولدى	جاتىپ	121
بولدى	ايتا	118
بولدى	سونىمەن	97
بولدى	دەيمىن	120
بولدى	ۋاقىت	115
بولدى	ەشتەڭە	126
بولدى	ۇلكەن	76
بولدى	اس	117
بولدى	بۇل	127
بولدى	كۇندە	99
بولدى	مال	114
بولدى	قازىر	122
بولدى	قالعان	115
بولدى	قوسىپ	123
بولدى	جەجە	116
بولدى	ەي	94
بولدى	ودا	76
بولدى	ودان	121
بولدى	سوعان	103
بولدى	بەس	107
بولدى	اپارىپ	124
بولدى	كۇپ	127
بولدى	مىناۋ	110
بولدى	ماشينا	114
بولدى	ەمەسپە	120
بولدى	جامان	68
بولدى	جاڭە	123
بولدى	قايدان	126
بولدى	ساعات	128
بولدى	دەشى	122
بولدى	توي	94
بولدى	جاي	118
بولدى	اينالايىن	105
بولدى	بىرەۋ	105
بولدى	ءبىر	119
بولدى	شارشاپ	128
بولدى	بولماسا	109
بولدى	جۇرە	124
بولدى	جۇرەگىم	118
بولدى	تۇستە	125
بولدى	تۇستەن	129
بولدى	امال	120
بولدى	باعانا	100
بولدى	كەتە	120
بولدى	اڭگىمە	125
بولدى	جۋىپ	125
بولدى	ەكەمىز	127
بولدى	دەدى	116
بولدى	دەدىم	107
بولدى	جالعىز	86
بولدى	تاتتىم	125
بولدى	بارىن	130
بولدى	سونداي	106
بولدى	سۇيتىپ	129
بولدى	ءالى	107
بولدى	قاتە	118
بولدى	ماڭگى	111
بولدى	ەڭ	125
بولدى	الگى	123
بولدى	ونداي	122
بولدى	بەكەر	110
بولدى	ارەڭ	123
بولدى	ۇزىم	129
بولدى	بۇرىن	98
بولدى	ساعىنىپ	130
بولدى	قىل	128
بولدى	قايتەم	123
بولدى	كەلمە	128
بولدى	كەلمەي	129
بولدى	بىزدىڭ	122
بولدى	ساۋ	126
بولدى	دەن	110
بولدى	ايتشى	125
بولدى	بىردەمە	112
بولدى	وقاسى	128
بولدى	سىز	117
بولدى	دارى	122
بولدى	ەرتەرەك	128
بولدى	باسىم	104
بولدى	ونىڭ	111
بولدى	بىزدە	117
بولدى	وزىم	106
بولدى	سومەن	101
بولدى	سىزگە	129
بولدى	دەم	107
بولدى	وتە	99
بولدى	ىراحىمەت	129
بولدى	ارتىق	104
بولدى	بالام	107
بولدى	ۇيىقتا	101
بولدى	بۇيىرسا	111
بولدى	مەنەن	119
بولدى	اراق	118
بولدى	اياق	123
بولدى	قۇرسىن	118
بولدى	اقشاسىن	88
بولدى	بالالار	127
بولدى	اقشانى	130
بولدى	دەمال	126
بولدى	منا	93
بولدى	سەنەن	126
بولدى	دەسەڭ	106
بولدى	قولايسىز	115
بولدى	قالجىڭ	117
بولدى	باقىتتى	112
بولدى	ەل	122
بولدى	جانە	125
بولدى	جەتىپ	127
بولدى	تۇرا	130
بولدى	باۋىرىم	121
بولدى	المايمىن	110
بولدى	دەيسىڭ	105
بولدى	سەندەر	109
بولدى	جاۋاپ	120
بولدى	اپام	131
بولدى	كۇڭىل	131
بولدى	اقىر	124
بولدى	اقىرى	127
بولدى	اقىرىن	118
بولدى	ۇمىتىپ	117
بولدى	ۇستىپ	128
بولدى	رەنجىپ	117
بولدى	اناۋ	111
بولدى	ۇيتىپ	130
بولدى	عۇي	114
بولدى	ۇتىرىك	73
بولدى	راقىمەت	125
بولدى	ءوزى	116
بولدى	ءوزىڭ	121
بولدى	وتىرىك	129
بولدى	قايتەسىڭ	125
بولدى	مىنە	123
بولدى	ۇيقى	121
بولدى	ۇيقىم	124
بولدى	دەمالىپ	127
بولدى	ەلدىڭ	127
بولدى	ەشتەمە	125
بولدى	ۇيقتادىم	100
بولدى	ايتتا	97
بولدى	الاڭداما	131
بولدى	كۇنىم	120
بولدى	رەنجىمە	122
بولدى	بايقاپ	93
بولدى	ۇن	123
بولدى	ۇندەمە	128
بولدى	ۇندەمەي	131
بولدى	تىپتى	111
بولدى	ۇيدەن	130
بولدى	تىنىش	130
بولدى	بۇدان	131
بولدى	ايتپەسە	98
بولدى	ۇزىڭدى	129
بولدى	بىزگە	125
بولدى	ۇيقتاي	126
بولدى	قابارلاسا	113
بولدى	مەننەن	119
بولدى	تەزىرەك	130
بولدى	سەننەن	130
بولدى	سويلەمە	120
بولدى	سويلەمەي	124
بولدى	توقتاپ	116
بولدى	جەڭگە	119
بولدى	ارتىنان	123
بولدى	مەنىكى	125
بولدى	وزىڭدى	113
بولدى	باقتتى	125
بولدى	ايلىق	124
بولدى	بارمايمىن	127
بولدى	سەنىمەن	106
بولدى	جولىڭ	125
بولدى	جاتا	125
بولدى	تەگى	124
بولدى	دەگەندە	118
بولدى	ۋاعىندا	129
بولدى	ماعاندا	121
بولدى	كورىم	127
بولدى	جانم	129
بولدى	راحمەت	129
بولدى	جەتەدى	124
بولدى	دەدىڭ	125
بولدى	كەمپىر	121
بولدى	قالعانىن	130
بولدى	ىستەي	114
بولدى	سۇيلەمە	124
بولدى	سۇيلەمەي	124
بولدى	وستىپ	116
بولدى	ايتەۇ	131
بولدى	كەشىر	118
بولدى	بۇيتىپ	111
بولدى	سەنىكى	124
بولدى	قاجەتى	127
بولدى	تاماعىڭدى	119
بولدى	ءوزىم	120
بولدى	شوشىپ	125
بولدى	بىلدىم	129
بولدى	وتىرا	119
بولدى	سونشا	129
بولدى	ءايتەۋ	108
بولدى	قابارسىز	123
بولدى	قۇيشى	103
بولدى	الماساڭ	124
بولدى	ەمەسبە	129
بولدى	قارعام	106
بولدى	مەنكى	115
بولدى	ەندىگى	126
بولدى	اسىقپاي	127
بولدى	سەندەرگە	119
بولدى	ىشتەمە	123
بولدى	ۇندا	120
بولدى	اجىراسىپ	123
بولدى	اكام	123
بولدى	قويايىق	120
بولدى	ساعاندا	123
بولدى	دەيتىن	127
بولدى	سىزدەن	131
بولدى	ۇيىقتادىم	119
بولدى	تانا	122
بولدى	ۇيقتايىق	129
بولدى	قايجەردەن	113
بولدى	اۋرە	115
بولدى	بارماياق	116
بولدى	باسقاسى	102
بولدى	ايتارىم	125
بولدى	جۇمىسىڭدى	126
بولدى	باسقاسىن	108
بولدى	مازاڭدى	130
بولدى	ىرەنجىمە	125
بولدى	اۋىرە	130
بولدى	كەلگەلى	123
بولدى	وسىمەن	128
بولدى	الماياق	124
بولدى	رەنجىمەشى	113
بولدى	تۇسىندىم	129
بولدى	مازالامايىن	130
بولدى	قابارلاسپاي	117
بولدى	كەلمەياق	127
بولدى	سويلەگىڭ	111
بولدى	ايتپاياق	129
بولدى	سۇيلەگىڭ	117
بولدى	رەنجمە	128
بولدى	ايتپاعان	128
بولدى	باسقانىڭ	126
بولدى	رەنجىمەڭىز	123
بولدى	دەمالايىق	129
بولدى	جۇمسڭدى	129
بولدى	جۇمسىڭدى	127
بولدى	حوي	123
بولدى	قىلايىق	128
بولدى	ايتباياق	122
بولدى	اشۋىڭدى	129
بولدى	اشۋلانبا	126
بولدى	قابارلاسپاعالى	124
بولدى	جولداماياق	104
بولدى	اتپاياق	131
بولدى	حابارلاسپاعالى	127
ەكەن	عوي	114
ەكەن	جان	15
ەكەن	جانىم	119
ەكەن	مەن	44
ەكەن	دەپ	62
ەكەن	جوق	21
ەكەن	جاقسى	109
ەكەن	بولدى	84
ەكەن	ەكەن	90
ەكەن	بىر	105
ەكەن	سول	63
ەكەن	نە	65
ەكەن	نەعىپ	93
ەكەن	بار	126
ەكەن	سەن	102
ەكەن	ەندى	82
ەكەن	راحىمەت	74
ەكەن	ماقۇل	99
ەكەن	قوي	119
ەكەن	ال	75
ەكەن	الى	120
ەكەن	الىپ	109
ەكەن	ون	97
ەكەن	وندا	109
ەكەن	كەلىپ	63
ەكەن	يا	114
ەكەن	ەرتە	60
ەكەن	ەرتەڭ	117
ەكەن	ادام	80
ەكەن	بۇگىن	88
ەكەن	مەندە	75
ەكەن	سودان	82
ەكەن	ماعان	66
ەكەن	بارى	83
ەكەن	بارىپ	104
ەكەن	ەكى	99
ەكەن	مەنى	82
ەكەن	مەنىڭ	99
ەكەن	قاي	92
ەكەن	بولادى	108
ەكەن	نەگە	124
ەكەن	ول	117
ەكەن	قايدا	73
ەكەن	سەنى	120
ەكەن	ساعان	98
ەكەن	وسى	85
ەكەن	جارايدى	78
ەكەن	تاماق	109
ەكەن	دەي	101
ەكەن	دەيدى	117
ەكەن	قالاي	54
ەكەن	ۇي	120
ەكەن	ۇيدە	115
ەكەن	ۇيگە	106
ەكەن	تەلەفون	102
ەكەن	اي	97
ەكەن	ايتىپ	114
ەكەن	بىرگە	110
ەكەن	كۇن	118
ەكەن	دوسىم	108
ەكەن	كىم	89
ەكەن	امان	101
ەكەن	كەيىن	117
ەكەن	تاڭ	121
ەكەن	اق	124
ەكەن	اقشا	116
ەكەن	دەگەن	103
ەكەن	يە	90
ەكەن	ونى	85
ەكەن	بىراق	96
ەكەن	قانشا	83
ەكەن	ۇزى	104
ەكەن	ۇزىڭ	101
ەكەن	قاشان	119
ەكەن	ىشىپ	124
ەكەن	قويشى	128
ەكەن	تاعى	124
ەكەن	كوپ	97
ەكەن	كەتىپ	112
ەكەن	تاڭەرتەڭ	125
ەكەن	قۇتتى	99
ەكەن	بىراز	117
ەكەن	مىن	99
ەكەن	مىنا	120
ەكەن	نەدەگەن	87
ەكەن	قانداي	109
ەكەن	شاي	122
ەكەن	بەرىپ	112
ەكەن	باس	129
ەكەن	باسقا	123
ەكەن	سەنىڭ	98
ەكەن	كەشتە	97
ەكەن	بولاما	106
ەكەن	راس	128
ەكەن	از	104
ەكەن	ازىر	113
ەكەن	ىستەپ	97
ەكەن	كەشە	131
ەكەن	قايتا	97
ەكەن	انا	100
ەكەن	يۋان	92
ەكەن	قايتىپ	120
ەكەن	جول	113
ەكەن	جولداپ	124
ەكەن	ۇش	117
ەكەن	سوندا	100
ەكەن	جۇمىس	84
ەكەن	وزى	117
ەكەن	وزىڭ	108
ەكەن	ايتەۋ	123
ەكەن	تەز	93
ەكەن	اعا	113
ەكەن	اتىپ	108
ەكەن	دەسە	128
ەكەن	دەسەم	117
ەكەن	اۋ	52
ەكەن	تۇندە	113
ەكەن	كورىپ	109
ەكەن	وعان	117
ەكەن	بالا	94
ەكەن	جاڭا	117
ەكەن	سونى	108
ەكەن	سەندە	70
ەكەن	بىز	101
ەكەن	تاۋىپ	96
ەكەن	ۇيات	129
ەكەن	قاتتى	115
ەكەن	قيىن	124
ەكەن	ايتا	121
ەكەن	سونىمەن	117
ەكەن	دەيمىن	116
ەكەن	قارا	90
ەكەن	قاراپ	123
ەكەن	ۇلكەن	128
ەكەن	سوم	105
ەكەن	اس	125
ەكەن	بۇل	127
ەكەن	كۇندە	95
ەكەن	كەرەمەت	117
ەكەن	مال	120
ەكەن	قازىر	117
ەكەن	قوسىپ	112
ەكەن	جەجە	123
ەكەن	ەي	109
ەكەن	ودا	109
ەكەن	ودان	121
ەكەن	سوعان	100
ەكەن	بەس	65
ەكەن	كۇپ	112
ەكەن	جەر	125
ەكەن	مىناۋ	130
ەكەن	ماشينا	103
ەكەن	ەمەسپە	117
ەكەن	سۇراپ	92
ەكەن	جامان	100
ەكەن	جاڭە	130
ەكەن	قايدان	110
ەكەن	ساعات	113
ەكەن	مىڭ	125
ەكەن	دەشى	120
ەكەن	توي	67
ەكەن	جاي	128
ەكەن	ويلاپ	126
ەكەن	بىرەۋ	130
ەكەن	ءبىر	121
ەكەن	شارشاپ	119
ەكەن	كۇرىپ	131
ەكەن	بولماسا	126
ەكەن	تۇستە	118
ەكەن	تۇستەن	121
ەكەن	قىزدار	116
ەكەن	امال	126
ەكەن	باعانا	108
ەكەن	ەكەمىز	106
ەكەن	قايسى	127
ەكەن	دەدى	122
ەكەن	دەدىم	101
ەكەن	جاس	94
ەكەن	جالعىز	124
ەكەن	بارىن	121
ەكەن	سونداي	115
ەكەن	ءالى	126
ەكەن	قاتە	116
ەكەن	ەڭ	129
ەكەن	الگى	119
ەكەن	ونداي	124
ەكەن	بەكەر	125
ەكەن	ارەڭ	117
ەكەن	ۇزىم	119
ەكەن	دەگەم	127
ەكەن	بۇرىن	117
ەكەن	باعاسى	117
ەكەن	الاتىن	100
ەكەن	قالىڭ	130
ەكەن	بىزدىڭ	115
ەكەن	بىلمەي	107
ەكەن	بىلمەيمىن	123
ەكەن	سىز	125
ەكەن	توسىپ	112
ەكەن	دارى	130
ەكەن	ەرتەرەك	123
ەكەن	ماي	130
ەكەن	ونىڭ	127
ەكەن	بىزدە	103
ەكەن	نەشە	116
ەكەن	سومەن	126
ەكەن	ناق	117
ەكەن	سۋ	115
ەكەن	بىلە	128
ەكەن	وتە	130
ەكەن	بالام	120
ەكەن	اراق	124
ەكەن	اياق	131
ەكەن	قۇرسىن	129
ەكەن	اقشاسىن	95
ەكەن	بالالار	127
ەكەن	شىركىن	124
ەكەن	منا	101
ەكەن	دەسەڭ	112
ەكەن	دال	116
ەكەن	ەل	120
ەكەن	دەيسىڭ	126
ەكەن	سەندەر	120
ەكەن	اپام	127
ەكەن	اقىرىن	128
ەكەن	كەشكە	130
ەكەن	كورەيىن	130
ەكەن	ايەل	119
ەكەن	اناۋ	128
ەكەن	عۇي	119
ەكەن	ءوزى	98
ەكەن	قابارلاسىپ	125
ەكەن	ەكەۋى	130
ەكەن	ەلدىڭ	122
ەكەن	بىلىپ	127
ەكەن	قۇداي	128
ەكەن	ۇتە	119
ەكەن	كۇندىز	125
ەكەن	بايقاپ	131
ەكەن	سىڭ	130
ەكەن	جىلى	76
ەكەن	تىپتى	129
ەكەن	بۇدان	117
ەكەن	ايتپەسە	128
ەكەن	بىزگە	117
ەكەن	تاۋبا	120
ەكەن	بىلمەدىم	113
ەكەن	انداعى	111
ەكەن	مناۋ	115
ەكەن	انە	127
ەكەن	تورت	130
ەكەن	ولار	131
ەكەن	دەگەنىم	119
ەكەن	سونىڭ	109
ەكەن	ءيا	112
ەكەن	ارزان	116
ەكەن	كۇرەيىن	123
ەكەن	سوسىن	124
ەكەن	تەگى	114
ەكەن	كورشى	118
ەكەن	دەيىم	125
ەكەن	دەپتى	118
ەكەن	بىرەۋى	125
ەكەن	ەلدەر	128
ەكەن	ايتبەسە	130
ەكەن	نەگىزى	126
ەكەن	اسىلى	119
ەكەن	دەيت	116
ەكەن	ويلاسام	118
ەكەن	دەيتىن	127
ەكەن	توڭىپ	122
ەكەن	دەمە	126
ەكەن	ءاسىلى	127
ەكەن	سۇراشى	127
ەكەن	قاباردار	115
ەكەن	ۇعىسىپ	130
ەكەن	دەپپىن	130
ەكەن	دەپتىم	91
ەكەن	دەپىن	101
ەكەن	دەسەمشى	122
بىر	عوي	127
بىر	جان	107
بىر	جانىم	105
بىر	سالەم	120
بىر	مەن	87
بىر	دەپ	109
بىر	جوق	114
بىر	بولسىن	124
بىر	جاق	114
بىر	جاقسى	99
بىر	بولدى	70
بىر	ەكەن	99
بىر	بىر	112
بىر	سول	69
بىر	نە	125
بىر	بار	125
بىر	سەن	121
بىر	بولىپ	104
بىر	قوي	109
بىر	الىپ	76
بىر	ون	96
بىر	كەلى	84
بىر	كەلىپ	107
بىر	ەر	82
بىر	ەرتە	78
بىر	ادام	125
بىر	بولسا	18
بىر	تۇر	109
بىر	ماعان	112
بىر	بارىپ	120
بىر	ەكى	76
بىر	مەنى	27
بىر	بولادى	129
بىر	سەنى	126
بىر	ساعان	120
بىر	جار	116
بىر	تاماق	123
بىر	ۇي	72
بىر	ۇيدە	71
بىر	ۇيگە	74
بىر	تەلەفون	85
بىر	اي	79
بىر	ايتىپ	52
بىر	كۇن	92
بىر	وت	20
بىر	دوس	126
بىر	دوسى	112
بىر	دوسىم	107
بىر	امان	67
بىر	تاڭ	125
بىر	اق	106
بىر	اقشا	84
بىر	كۇنى	91
بىر	ەمەس	32
بىر	قان	87
بىر	قانشا	129
بىر	قاربالاس	97
بىر	ىش	121
بىر	ىشىپ	126
بىر	وي	113
بىر	شاي	115
بىر	بەر	74
بىر	بەرىپ	125
بىر	باس	94
بىر	باسقا	81
بىر	از	110
بىر	ىس	79
بىر	ىستەپ	97
بىر	ان	123
بىر	ۇيقتاپ	97
بىر	يۋان	85
بىر	جول	77
بىر	جولدا	59
بىر	جولداپ	60
بىر	ۇش	106
بىر	جۇمىس	90
بىر	اعا	65
بىر	ات	125
بىر	اتىپ	85
بىر	كوڭىل	117
بىر	تۇن	126
بىر	تۇندە	81
بىر	شىعىپ	104
بىر	كەزدە	105
بىر	كورىپ	65
بىر	بالا	77
بىر	تۇرى	67
بىر	تۇرىپ	113
بىر	جاڭا	124
بىر	ايتقان	123
بىر	بارام	111
بىر	تۇس	129
بىر	كەلە	119
بىر	قابار	95
بىر	قاتتى	122
بىر	سالىپ	119
بىر	عانا	125
بىر	قيىن	96
بىر	بولعان	104
بىر	دۇرىس	127
بىر	جاتىپ	128
بىر	ايتا	109
بىر	ۋاق	124
بىر	ۋاقىت	72
بىر	قارا	74
بىر	قاراپ	97
بىر	مىقتى	99
بىر	ۇل	116
بىر	ۇلكەن	91
بىر	سوم	86
بىر	كۇندە	75
بىر	كەرەمەت	67
بىر	مال	119
بىر	تۇسىپ	91
بىر	قوسىپ	115
بىر	جەجە	125
بىر	بەس	119
بىر	اپا	83
بىر	اپارىپ	128
بىر	جەر	122
بىر	جەردە	81
بىر	ماشينا	62
بىر	قىز	73
بىر	سۇراپ	64
بىر	جامان	113
بىر	كەلەدى	91
بىر	ساعات	116
بىر	مىڭ	51
بىر	توي	79
بىر	كەپ	96
بىر	ويلاپ	119
بىر	بىرەۋ	101
بىر	بارايىن	114
بىر	اشىپ	123
بىر	كۇرىپ	122
بىر	جۇرگەن	84
بىر	جەرگە	99
بىر	قىزدار	49
بىر	امال	129
بىر	باعا	86
بىر	باراتىن	101
بىر	اڭگىمە	129
بىر	جۋىپ	87
بىر	جاس	122
بىر	جاساپ	91
بىر	تاتتى	123
بىر	جۇرىپ	125
بىر	سۇيتىپ	121
بىر	جۇرس	128
بىر	جۇرسى	99
بىر	نارسە	119
بىر	ويناپ	58
بىر	جۇز	91
بىر	كىسى	74
بىر	جولداشى	67
بىر	كەلگەن	115
بىر	بەرشى	116
بىر	نان	101
بىر	سويلەپ	102
بىر	تارتىپ	95
بىر	دەن	110
بىر	ايتشى	119
بىر	ايى	120
بىر	جاققا	119
بىر	دارى	61
بىر	ەسە	95
بىر	ماي	120
بىر	باسى	114
بىر	نەشە	127
بىر	تاس	67
بىر	باسىپ	126
بىر	دەم	113
بىر	تۇرلى	116
بىر	سۋ	23
بىر	جىندى	119
بىر	ارتىق	99
بىر	بالام	127
بىر	ۇيىقتاپ	111
بىر	اراق	103
بىر	شىعارىپ	116
بىر	سۇيلەپ	121
بىر	ىزدەپ	95
بىر	كىرىپ	117
بىر	جارىم	114
بىر	جاز	53
بىر	اياق	113
بىر	شعىپ	94
بىر	زا	120
بىر	زات	108
بىر	وتىرىپ	101
بىر	قالىپتى	110
بىر	كۇنىڭ	117
بىر	جىل	123
بىر	قول	57
بىر	بارعاندا	88
بىر	كەلگەندە	114
بىر	جەردەن	107
بىر	ايدىڭ	78
بىر	جىگىت	111
بىر	جولى	73
بىر	باقىت	95
بىر	كىسىلەر	86
بىر	جەتى	110
بىر	باۋ	96
بىر	باۋى	105
بىر	باۋىرىم	128
بىر	قاتىن	120
بىر	پۇل	87
بىر	جاۋاپ	126
بىر	ۇرىپ	90
بىر	بەرسەڭ	119
بىر	كولىك	106
بىر	اتا	122
بىر	كۇندەرى	120
بىر	التىن	97
بىر	كورەيىن	126
بىر	ايەل	106
بىر	ماس	74
بىر	كەلەتىن	116
بىر	سوز	102
بىر	جاعداي	84
بىر	ۇستاپ	106
بىر	قابارلاسىپ	127
بىر	تال	106
بىر	دەمالىپ	53
بىر	ەكەۋ	124
بىر	ەكەۋى	103
بىر	سات	126
بىر	ساتى	110
بىر	ەشكى	127
بىر	جايلى	107
بىر	بارسام	108
بىر	ايدا	129
بىر	ايداپ	67
بىر	ادامدى	130
بىر	ۇيدى	92
بىر	ۇيدىڭ	107
بىر	سۇز	87
بىر	تازالاپ	85
بىر	قۇدا	120
بىر	قۇداي	119
بىر	جاقىن	93
بىر	جاقتا	128
بىر	شپيىڭ	113
بىر	رەت	115
بىر	كسى	61
بىر	قالپتى	77
بىر	ادەمى	123
بىر	كۇندى	118
بىر	جۇمىسقا	119
بىر	ساي	96
بىر	ورىن	114
بىر	كۇنىم	67
بىر	قوناق	127
بىر	بەت	101
بىر	تالاي	114
بىر	باي	72
بىر	قويدىڭ	123
بىر	اعام	126
بىر	جىلى	110
بىر	پالە	103
بىر	ۇيدەن	87
بىر	ادامعا	106
بىر	قولايلى	82
بىر	قىيىن	128
بىر	يۇان	127
بىر	كيىم	105
بىر	بالاسى	116
بىر	اۋىز	109
بىر	كۇننەن	51
بىر	تاي	117
بىر	قىزى	94
بىر	قىزىل	104
بىر	سيىر	113
بىر	جۇرەك	88
بىر	سۇيىپ	98
بىر	ادامنىڭ	90
بىر	قىزىق	87
بىر	تور	105
بىر	تورت	110
بىر	جىلاپ	129
بىر	قىزىم	104
بىر	سارى	100
بىر	كەلىن	120
بىر	ءان	125
بىر	شۇنگە	95
بىر	جۇمس	116
بىر	جۇمسقا	103
بىر	شىپيىڭ	105
بىر	ايلىق	122
بىر	وڭباعان	98
بىر	كىشكەنە	115
بىر	تەلەپون	103
بىر	كۇرەيىن	124
بىر	كۇنگە	107
بىر	تۋعان	81
بىر	شال	121
بىر	قيمىل	114
بىر	وراي	128
بىر	ادامدار	79
بىر	جەرى	124
بىر	قۇشاقتاپ	91
بىر	تاماققا	95
بىر	توپ	119
بىر	توپقا	63
بىر	كەزىگىپ	114
بىر	نومىر	90
بىر	كوك	109
بىر	كۇندىك	126
بىر	كورشى	77
بىر	تەمەكى	123
بىر	اتاقتى	115
بىر	ۋاقىتتا	123
بىر	بىرىن	122
بىر	ساباق	96
بىر	ساباقتاس	110
بىر	قاپ	129
بىر	ۇلى	92
بىر	اينالىپ	114
بىر	جولعا	87
بىر	تويعا	99
بىر	قاعاز	113
بىر	كەمپىر	86
بىر	شاش	117
بىر	نۇمىر	124
بىر	ۇيشىڭ	110
بىر	ەركەك	126
بىر	جون	101
بىر	كۇلىك	126
بىر	بالانى	130
بىر	سىر	109
بىر	اپتە	119
بىر	مۇعالىم	100
بىر	ناعاشى	115
بىر	كورگەن	129
بىر	اپتا	117
بىر	ىسكە	51
بىر	ەلۋ	128
بىر	ومىر	97
بىر	ۇمىر	84
بىر	گۇل	84
بىر	قايىن	126
بىر	كشكەنە	130
بىر	قوزى	113
بىر	جاقتان	98
بىر	وكىل	120
بىر	قازاق	121
بىر	اقشام	100
بىر	قولىم	130
بىر	وتىرايىق	128
بىر	ىشەيىك	115
بىر	ۇكىل	124
بىر	جاتاق	123
بىر	دۇكەن	109
بىر	لاۋبان	114
بىر	جاعى	116
بىر	كۇرشى	54
بىر	يت	124
بىر	كەڭ	123
بىر	كۇنگى	128
بىر	شاقىرعان	124
بىر	جۇن	110
بىر	جەرىڭ	127
بىر	ىستى	90
بىر	بالانىڭ	124
بىر	ۇاقىت	109
بىر	امالداپ	111
بىر	بالاعا	96
بىر	سەمىز	111
بىر	قابات	127
بىر	ءومىر	105
بىر	ماشينە	111
بىر	ماشىينا	106
بىر	ايلانىپ	110
بىر	جەردى	96
بىر	كەزىگە	118
بىر	كەزىگەيىك	129
بىر	لاڭمان	122
بىر	ۇلىم	114
بىر	كارى	108
بىر	سير	127
بىر	جاڭالىق	104
بىر	قونىپ	126
بىر	جاقسىلىق	100
بىر	جەردىڭ	120
بىر	بولەك	127
بىر	دۇنيە	117
بىر	اياعى	114
بىر	شارۋا	127
بىر	اقىل	102
بىر	ارمان	122
بىر	كۇك	127
بىر	جاتاقتا	130
بىر	موتا	121
بىر	جەرىم	112
بىر	كويلەك	108
بىر	توعىز	101
بىر	جارىمدا	82
بىر	ەسەپ	96
بىر	ويانىپ	107
بىر	تۇمەن	124
بىر	كيلى	109
بىر	نارسەنى	97
بىر	ماسەلە	96
بىر	ماشيناعا	127
بىر	كەلىنشەك	120
بىر	كسلەر	88
بىر	تيىن	118
بىر	جگىت	83
بىر	دام	100
بىر	جولدان	130
بىر	تۋىس	129
بىر	سان	118
بىر	رازى	117
بىر	دوسىڭ	124
بىر	قىزعا	113
بىر	ەكەۋىن	111
بىر	راسىم	126
بىر	جۋاس	115
بىر	سىلتاۋ	88
بىر	وقۋشى	94
بىر	شۇندە	86
بىر	كەلنشەك	109
بىر	جۇمىرتقا	91
بىر	كىسىنىڭ	125
بىر	جوزى	99
بىر	اپەكەم	86
بىر	جاعىن	124
بىر	سىم	117
بىر	جەرىن	94
بىر	جاعىنا	109
بىر	جاعىنان	86
بىر	كورسەتىپ	68
بىر	تۇيە	124
بىر	تەكسەرىپ	120
بىر	تۇياق	130
بىر	كۇرگەن	112
بىر	ارالاپ	123
بىر	وتىز	123
بىر	بەلەت	119
بىر	مينوت	88
بىر	شىنى	97
بىر	اڭگمە	72
بىر	اياعىم	127
بىر	قاراسام	128
بىر	اۋىرۋ	126
بىر	ۋاقتا	124
بىر	جىلدا	128
بىر	جىلدان	86
بىر	نەربى	93
بىر	يىت	128
بىر	ايدان	126
بىر	بىرنە	87
بىر	كورسەم	116
بىر	كەنشەك	112
بىر	سۇمدىق	94
بىر	دۇزۋ	104
بىر	سەميا	124
بىر	وسەك	96
بىر	شاپان	123
بىر	قورا	104
بىر	ايعا	107
بىر	كەڭەس	83
بىر	كاسىپ	121
بىر	جىرعاپ	125
بىر	دەمە	129
بىر	قىس	95
بىر	جۇپ	116
بىر	جيىرما	99
بىر	تاۋىق	120
بىر	تەكسەرۋ	107
بىر	كومەك	122
بىر	سوزدى	111
بىر	مەتىر	124
بىر	توقتى	109
بىر	جىلقى	95
بىر	اياماي	120
بىر	ازدان	130
بىر	جيرما	121
بىر	ساعاتتا	122
بىر	قىزدى	82
بىر	قىزدىڭ	108
بىر	سۇزدى	114
بىر	كۇيلەك	126
بىر	كىلى	107
بىر	سىيىر	101
بىر	بىردەن	114
بىر	بۇلەك	112
بىر	كىسلەر	127
بىر	ساعاتتان	126
بىر	يۋاننان	78
بىر	توپتا	119
بىر	تىعىپ	113
بىر	ايعىر	128
بىر	ۇسەك	123
بىر	سىناپ	126
بىر	بالە	123
بىر	جاقسىلاپ	122
بىر	جەتتى	127
بىر	سۋسىن	129
بىر	اپتادا	121
بىر	يسكەپ	70
بىر	تالى	107
بىر	تويدا	79
بىر	بۇزىق	119
بىر	جاقا	124
بىر	كون	109
بىر	داستارقان	120
بىر	تەكسەرىلىپ	127
بىر	مايدان	123
بىر	جەرلىك	92
بىر	كۇرسەم	122
بىر	تاينشا	114
بىر	امالى	108
بىر	ولەڭ	111
بىر	جاۇاپ	120
بىر	كينو	122
بىر	قوناققا	129
بىر	ۇرعاشى	122
بىر	قاتىم	122
بىر	كۇىن	126
بىر	قالتا	90
بىر	ايداي	85
بىر	كەزگىپ	116
بىر	جونى	114
بىر	جەرىڭدى	73
بىر	لاق	117
بىر	كۇننى	118
بىر	كۇننىڭ	127
بىر	تەكسەرتىپ	125
بىر	سومدىق	119
بىر	كسنىڭ	123
بىر	رەڭ	109
بىر	تىراكتىر	127
بىر	ىرەت	127
بىر	كىسىگە	97
بىر	جۇمىسىم	118
بىر	اشقانا	122
بىر	جەركە	130
بىر	قۇتى	102
بىر	ايىلىق	112
بىر	شوفەر	128
بىر	توسەك	128
بىر	كيناۋ	130
بىر	قاتار	127
بىر	ادامنان	109
بىر	جۇنى	118
بىر	جىلعا	79
بىر	جەيدە	98
بىر	سىير	105
بىر	دوستارىم	121
بىر	بيە	126
بىر	جاندى	112
بىر	ءىس	128
بىر	اعايىن	129
بىر	كۇمەك	108
بىر	جۇرىس	120
بىر	جاسقا	81
بىر	وينايىق	116
بىر	سورلى	128
بىر	قابارىن	120
بىر	اۋز	109
بىر	سومنان	97
بىر	جىلدىق	124
بىر	بۇزاۋ	109
بىر	بالامەن	124
بىر	اپتانىڭ	125
بىر	اداممەن	118
بىر	بىرىمىزدى	117
بىر	بايپاق	68
بىر	حانزۋ	124
بىر	توپتان	110
بىر	قازان	127
بىر	جەرىنە	125
بىر	نارسەگە	121
بىر	ساباقتاسىم	105
بىر	ۇيعىر	110
بىر	كەسە	111
بىر	قولمەن	111
بىر	جاتساق	127
بىر	گۇنى	126
بىر	شاقاي	112
بىر	وتىرساق	124
بىر	جاشىك	114
بىر	قوراپ	85
بىر	كەزدەگى	94
بىر	ءايەل	109
بىر	رەتتە	122
بىر	تالدان	117
بىر	كيلو	86
بىر	كىتاپ	120
بىر	بىرىنە	129
بىر	جانعا	89
بىر	كسگە	125
بىر	شاۋگىم	124
بىر	جاۋلىق	87
بىر	اۇىز	125
بىر	اداىم	89
بىر	قاتىندى	116
بىر	شنى	130
بىر	ايەلدى	96
بىر	ايەلدىڭ	122
بىر	كاي	123
بىر	جۇنىن	125
بىر	سانىن	129
بىر	كەزىكسەك	115
بىر	ماشىينە	115
بىر	تاباق	128
بىر	تايى	99
بىر	دوسىمنىڭ	122
بىر	قوناقتا	107
بىر	قۇناجىن	120
بىر	جىكىت	119
بىر	ىنشى	125
بىر	قوشقار	127
بىر	ىڭعاي	128
بىر	امالىن	125
بىر	تايىنشا	97
بىر	جۇزسوم	119
بىر	جەرىندە	128
بىر	سەرگىپ	125
بىر	سەبەپ	123
بىر	كىسگە	120
بىر	كىسنىڭ	128
بىر	تۇڭ	122
بىر	سۇراق	121
بىر	ادامدىق	125
بىر	سلتاۋ	127
بىر	بىرىمىزگە	122
بىر	بالادان	77
بىر	قۇمىرا	127
بىر	كىيلى	97
بىر	پارشا	124
بىر	ساعاتقا	122
بىر	تۇپ	113
بىر	جونىن	130
بىر	كۋايدي	126
بىر	ەلى	129
بىر	بوتەلكە	119
بىر	قانسۋ	99
بىر	ىڭعايى	127
بىر	زاماندا	121
بىر	قورانىڭ	130
بىر	جاۋابىن	125
بىر	تاقسى	97
بىر	بۇتىن	101
بىر	زاتىم	126
بىر	سوتتى	130
بىر	ايكىس	80
بىر	جۇمىستارمەن	123
بىر	قانزۋ	121
بىر	بويلاق	123
بىر	قىزبەن	130
بىر	جۇاس	116
بىر	مويىن	124
بىر	اعامىز	124
بىر	جۇمىسپەن	119
بىر	ولىمگە	113
بىر	مىينوت	125
بىر	ۇيلى	121
بىر	دۇڭ	87
بىر	بىيە	125
بىر	دوربا	130
بىر	دوسىما	109
بىر	توننا	117
بىر	شايىم	112
بىر	قىسىم	121
بىر	بىرمىزدى	100
بىر	جۇزى	84
بىر	قاپشىق	130
بىر	بىرىنەن	100
بىر	اپتادان	127
بىر	كىسىدەن	92
بىر	تىيىن	126
بىر	دوسىڭدى	115
بىر	جاردەم	127
بىر	جاعنا	124
بىر	جاعنان	119
بىر	وينايىن	100
بىر	قاسىق	129
بىر	نارسەم	113
بىر	سىرلى	123
بىر	بۇتەلكە	126
بىر	ويناسام	108
بىر	تۇتاس	122
بىر	سۇيسەم	100
بىر	جاردام	127
بىر	كونى	129
بىر	مۇنشا	126
بىر	دايزى	126
بىر	قالاق	119
بىر	رومكا	111
بىر	ناستە	120
بىر	جۇمستارمەن	128
بىر	ىيسكەپ	129
بىر	جىلىك	130
بىر	تونار	113
بىر	قورابى	126
بىر	ىسىم	104
بىر	جۇمسپەن	127
بىر	دوسىمدى	121
بىر	ساعاتتاي	124
بىر	قالتاسى	107
بىر	اپتاعا	112
بىر	تورسىق	98
بىر	بىرمىزگە	130
بىر	سەمياعا	92
بىر	ويناساق	130
بىر	سەميانى	128
بىر	سەميانىڭ	125
بىر	جاپىراق	116
بىر	ورايى	113
بىر	داعار	126
بىر	دوسمنىڭ	116
بىر	ءجونى	129
بىر	وقۇشى	129
بىر	جىلداي	129
بىر	شارۋاعا	124
بىر	جولاتا	128
بىر	بىرىڭدى	99
بىر	جاقتىلى	107
بىر	باسقىش	122
بىر	جۇبى	113
بىر	بەكىمگە	119
بىر	جىگىتپەن	115
بىر	قۇمارا	129
بىر	جاعىننان	122
بىر	جۇمىسبەن	115
بىر	ساعاتتىڭ	127
بىر	قسىم	126
بىر	كىسىلىك	116
بىر	تامشى	116
بىر	دوسىمنان	127
بىر	اپتالىق	127
بىر	بىرىمىزدىڭ	109
بىر	بىرىڭە	106
بىر	دوسىمىز	111
بىر	قوراپتا	127
بىر	كومەگىڭ	107
بىر	تالىن	126
بىر	موشەك	121
بىر	مارتە	124
بىر	جۇرىسى	112
بىر	قۇمىراسى	121
بىر	جاشىكتە	122
بىر	سەميادان	109
بىر	بىرىمىزدەن	122
بىر	اپتاداي	110
بىر	تيزى	111
بىر	تياۋ	122
بىر	ەسەپتەن	128
بىر	كۇمەگىڭ	130
بىر	دەڭە	128
بىر	اپتەدە	115
بىر	قالىپتا	117
بىر	سوتى	126
بىر	سارىن	126
بىر	بىرىمەن	121
بىر	تۇرلىسىڭ	130
بىر	بىرمىزدىڭ	116
بىر	مەزەت	121
بىر	بىرلەپ	123
بىر	تۇرلسىڭ	122
بىر	قولدىق	123
بىر	بىرمىزدەن	127
بىر	ورامى	126
بىر	بىرىمزدى	128
بىر	كەلكى	126
سول	عوي	128
سول	جان	19
سول	جانىم	112
سول	سال	37
سول	مەن	114
سول	دەپ	62
سول	جوق	98
سول	بولسىن	94
سول	جاق	114
سول	جاقسى	91
سول	بولدى	61
سول	ەكەن	78
سول	بىر	71
سول	سول	54
سول	نە	72
سول	نەعىپ	87
سول	بار	87
سول	سەن	95
سول	ەندى	64
سول	بولىپ	50
سول	راحىمەت	94
سول	ماقۇل	83
سول	قوي	98
سول	الى	75
سول	الىپ	105
سول	ون	100
سول	وندا	111
سول	كەل	100
سول	كەلىپ	129
سول	يا	100
سول	ەرتە	113
سول	ەرتەڭ	104
سول	ادام	78
سول	بولسا	81
سول	بۇگىن	94
سول	مەندە	73
سول	سودان	60
سول	ماعان	114
سول	بارى	85
سول	بارىپ	94
سول	ەكى	98
سول	مەنى	77
سول	مەنىڭ	86
سول	قاي	35
سول	بولادى	113
سول	نەگە	101
سول	جاتىرمىن	109
سول	ول	85
سول	قايدا	97
سول	سەنى	106
سول	ساعان	65
سول	وسى	78
سول	جارايدى	83
سول	تاماق	121
سول	دەيدى	86
سول	قالاي	128
سول	ۇي	113
سول	ۇيدە	89
سول	ۇيگە	53
سول	تەلەفون	69
سول	اي	93
سول	ايت	120
سول	ايتىپ	115
سول	بىرگە	97
سول	كۇن	110
سول	وتىرمىن	89
سول	دوسىم	98
سول	كىم	87
سول	امان	113
سول	امانشىلىق	84
سول	كەيىن	115
سول	اق	129
سول	اقشا	100
سول	كۇنى	78
سول	ونى	45
سول	بىراق	98
سول	قان	94
سول	قانشا	119
سول	ۇز	118
سول	ۇزى	122
سول	ۇزىڭ	104
سول	قاشان	98
سول	قاربالاس	105
سول	ىشىپ	70
سول	قويشى	114
سول	تاعى	128
سول	كوپ	105
سول	كەتىپ	97
سول	تاڭەرتەڭ	126
سول	بىراز	100
سول	مىنا	74
سول	نەدەگەن	105
سول	قانداي	107
سول	شاي	116
سول	ەدى	100
سول	باس	127
سول	باسقا	96
سول	سەنىڭ	97
سول	كەشتە	87
سول	بولاما	106
سول	راس	128
سول	از	98
سول	ازىر	96
سول	ىستەپ	91
سول	كەشە	94
سول	قايتا	88
سول	انا	106
سول	ۇيقتاپ	89
سول	قايتىپ	110
سول	جول	114
سول	ۇش	119
سول	جۇمىس	102
سول	وز	91
سول	وزى	126
سول	وزىڭ	102
سول	ايتەۋ	106
سول	تەز	80
سول	اعا	109
سول	بوپ	107
سول	كەرەك	118
سول	كوڭىل	116
سول	ايتتى	120
سول	ايتتىڭ	122
سول	اۋىرىپ	108
سول	تۇن	109
سول	تۇندە	126
سول	شىعار	99
سول	كەز	114
سول	كەزدە	107
سول	كورىپ	23
سول	وعان	126
سول	بالا	111
سول	جاڭا	91
سول	سونى	107
سول	سەندە	117
سول	بىز	105
سول	ايتقا	103
سول	ايتقان	110
سول	ايتقانىڭ	109
سول	جۇرمىن	105
سول	بارا	114
سول	ۇيات	123
سول	كەلە	103
سول	قاتتى	127
سول	عانا	94
سول	قيىن	93
سول	بولعان	68
سول	دۇرىس	129
سول	جاتىپ	83
سول	ايتا	123
سول	ۋاقىت	122
سول	قارا	99
سول	قاراپ	109
سول	ەشتەڭە	121
سول	ۇلكەن	122
سول	اس	98
سول	بۇل	113
سول	كۇندە	113
سول	كەرەمەت	104
سول	مال	122
سول	قازىر	92
سول	جەجە	106
سول	ەي	114
سول	ودان	120
سول	سوعان	123
سول	بەس	119
سول	اپارىپ	114
سول	كۇپ	127
سول	جەر	109
سول	جەردە	93
سول	ماشينا	46
سول	ەمەسپە	115
سول	قىز	88
سول	سۇراپ	108
سول	جامان	117
سول	جاڭە	100
سول	قايدان	117
سول	كەلەدى	129
سول	ساعات	123
سول	مىڭ	126
سول	جاتقان	123
سول	دەشى	128
سول	توي	124
سول	جاي	114
سول	اينالايىن	103
سول	ويلاپ	88
سول	بىرەۋ	127
سول	ءبىر	118
سول	ۇشىن	107
سول	بارايىن	44
سول	تۋىلعان	124
سول	شارشاپ	126
سول	شىن	95
سول	بولماي	121
سول	بولمايدى	126
سول	بولماسا	129
سول	جاتىرمىز	129
سول	ايتىڭ	105
سول	جۇرەگىم	108
سول	العان	88
سول	تۇستە	127
سول	تۇستەن	124
سول	جەرگە	118
سول	قىزدار	53
سول	امال	129
سول	باعانا	80
سول	اڭگىمە	103
سول	سياقتى	114
سول	ەكەمىز	80
سول	قايسى	105
سول	جاس	125
سول	جالعىز	125
سول	تاتتى	111
سول	تاتتىم	112
سول	بولاتىن	55
سول	جۇرىپ	115
سول	بارىن	126
سول	سونداي	111
سول	سۇيتىپ	108
سول	ءالى	88
سول	قاتە	122
سول	ماڭگى	118
سول	ەڭ	98
سول	الگى	108
سول	ونداي	115
سول	بەكەر	128
سول	ارەڭ	96
سول	ويناپ	115
سول	كىسى	127
سول	ۇزىم	75
سول	بۇرىن	111
سول	ساعىنىپ	119
سول	كەلگەن	89
سول	قالىڭ	125
سول	قايتەم	123
سول	نان	116
سول	بىزدىڭ	118
سول	بىلمەي	111
سول	دەن	115
سول	دەنساۋلىق	111
سول	قۇساپ	120
سول	ستەپ	102
سول	بىردەمە	108
سول	سىز	120
سول	جاققا	110
سول	دارى	81
سول	ەرتەرەك	109
سول	ماي	114
سول	باسىم	127
سول	ونىڭ	106
سول	وتىرمىز	118
سول	بىزدە	127
سول	نەشە	98
سول	وزىم	125
سول	سىزگە	111
سول	ناق	120
سول	دەم	95
سول	وڭاي	123
سول	بىلەدى	87
سول	جىندى	129
سول	وتە	121
سول	ىراحىمەت	114
سول	ارتىق	126
سول	بالام	115
سول	ۇيىقتاپ	125
سول	بۇيىرسا	127
سول	مەنەن	104
سول	اراق	121
سول	ىزدەپ	113
سول	كىر	127
سول	اياق	124
سول	قۇرسىن	109
سول	بالالار	96
سول	اقشانى	111
سول	شىركىن	101
سول	كەلسە	114
سول	قول	121
سول	ساعىندىم	116
سول	سەنەن	118
سول	جەردەن	109
سول	جىگىت	65
سول	ەرەكشە	117
سول	قولايسىز	116
سول	ايتادى	116
سول	قالجىڭ	126
سول	باقىتتى	122
سول	كىسىلەر	96
سول	دال	118
سول	ەل	119
سول	ايتتىم	120
سول	تۇرا	125
سول	قاتىن	116
سول	شعار	109
سول	سەندەر	127
سول	پۇل	112
سول	اپام	121
سول	كۇڭىل	122
سول	بەرسە	126
سول	اقىرىن	127
سول	بىلەم	119
سول	سۋىق	124
سول	ۇمىتىپ	107
سول	كۇندەر	126
سول	ۇستىپ	114
سول	التىن	124
سول	كەشكە	122
سول	ايەل	129
سول	اناۋ	116
سول	ماس	121
سول	سوز	129
سول	عۇي	124
سول	جاعداي	109
سول	ءوزى	107
سول	قابارلاسىپ	120
سول	ۇيقى	119
سول	ۇيقىم	115
سول	دەمالىپ	121
سول	ەكەۋى	117
سول	ەلدىڭ	106
سول	جايلى	115
سول	ادامدى	123
سول	ۇيدى	104
سول	ۇيدىڭ	109
سول	سۇز	92
سول	دۇرس	125
سول	قۇداي	108
سول	جاقىن	119
سول	جاقتا	120
سول	ۇتە	76
سول	كسى	119
سول	كۇندى	86
سول	كۇندىز	103
سول	جۇمىسقا	120
سول	ايتتا	124
سول	الدىمەن	120
سول	الاڭداما	124
سول	كۇنىم	126
سول	التىنىم	119
سول	بايقاپ	95
سول	كەيدە	122
سول	سۇيەم	106
سول	جىلى	101
سول	ۇندەمەي	122
سول	پالە	125
سول	ۇيدەن	123
سول	ادامعا	101
سول	قىيىن	111
سول	كەشكى	92
سول	ۇزىڭدى	127
سول	بىزگە	105
سول	جارايسىڭ	128
سول	كۇننەن	121
سول	ۇيقتاي	115
سول	جۇرەك	128
سول	ءازىر	128
سول	اندا	129
سول	انداعى	115
سول	تەزىرەك	129
سول	سەننەن	123
سول	ادامنىڭ	124
سول	ۇيدەمىن	111
سول	انە	111
سول	قىزىق	125
سول	سارى	126
سول	قايتەمىز	118
سول	وزىڭدى	120
سول	مالعا	114
سول	ەلگە	100
سول	شۇنگە	126
سول	جۇمس	122
سول	جۇمسقا	125
سول	بۇيرسا	128
سول	ايلىق	121
سول	باياعى	127
سول	كىشكەنە	78
سول	ارزان	126
سول	ايبەت	128
سول	بۇكىن	122
سول	كۇنگە	126
سول	سەنىمەن	82
سول	قورقىپ	127
سول	جەرى	124
سول	تەگى	88
سول	توپقا	94
سول	شىقپاي	129
سول	ۋاعىندا	127
سول	ماعاندا	111
سول	ۋاقىتتا	118
سول	ۇزدە	107
سول	ۇيكە	82
سول	قىمبات	118
سول	جەتەدى	129
سول	مەنىم	124
سول	تۋرا	129
سول	سىزدى	108
سول	سۇيكىمدى	123
سول	ساعنىپ	126
سول	بالانى	125
سول	الاڭداپ	123
سول	ايتەۇ	120
سول	اپتەن	117
سول	قۇلىنىم	127
سول	جاپا	127
سول	بيىل	111
سول	جۇرمىز	120
سول	سۇيتەدى	125
سول	ەلدەن	109
سول	جاقتان	129
سول	بۇرىنعى	86
سول	قولىم	111
سول	بەتى	126
سول	تىماۋ	72
سول	شارشادىڭ	116
سول	جۇمىستا	110
سول	دۇكەندە	101
سول	مەنىڭدە	125
سول	جاعى	120
سول	سىياقتى	121
سول	كۇنگى	114
سول	ۇيدەگى	107
سول	اماندىق	125
سول	جەرىڭ	121
سول	تۇماۋ	112
سول	ەمەسبە	115
سول	وزدە	125
سول	بالانىڭ	93
سول	بالاعا	122
سول	ايتتان	120
سول	جەردى	129
سول	جەردىڭ	108
سول	جاتاقتا	108
سول	اياۋلىم	124
سول	ۇساق	107
سول	شاتاق	111
سول	زەرىگىپ	124
سول	جۇمستا	121
سول	ەكەۋىن	116
سول	ءۇشىن	123
سول	كىسىنى	90
سول	كىسىنىڭ	106
سول	جاعىن	97
سول	جەرىن	116
سول	جاعىنان	114
سول	بارىمىز	121
سول	سەكىلدى	121
سول	ۋاقتا	117
سول	كۇيى	116
سول	تۇردەن	118
سول	بويىنشا	118
سول	وزىدە	102
سول	ارقىلى	78
سول	سوزدى	115
سول	اقشادان	116
سول	قىزدى	128
سول	سۇيتەيىك	125
سول	سۇزدى	129
سول	جاتتىق	122
سول	ۇزىدە	126
سول	قۇساعان	82
سول	ۋاقتتا	123
سول	جاقا	124
سول	اقشانىڭ	128
سول	ەسىمە	122
سول	اقشاعا	124
سول	سۇيتەيىن	119
سول	كسنى	124
سول	كسنىڭ	117
سول	جاقتاعى	107
سول	كىسىگە	118
سول	جەركە	94
سول	تۇرىڭنەن	103
سول	قۇرلى	128
سول	جاقتىڭ	88
سول	تابىلماي	120
سول	جەردەگى	128
سول	بەتتى	115
سول	كەزدەگى	108
سول	ۇشن	99
سول	قالپى	115
سول	كسگە	82
سول	كۇندەلىكتى	102
سول	بوينشا	112
سول	كەزدەر	119
سول	كىسگە	124
سول	كىسنى	108
سول	كىسنىڭ	127
سول	بارىمىزدە	123
سول	مالمەن	119
سول	كۇيبىڭ	121
سول	سەبەپتى	120
سول	مايداندا	102
سول	گەزدە	119
سول	كسىنىڭ	107
سول	كىسىدەن	127
سول	كۇندەردى	121
سول	كەزدەردە	127
سول	ءوزىدە	112
سول	كەزدەن	107
سول	كەزدى	127
سول	كەزدەدە	117
سول	عۇرلى	125
سول	كسىگە	99
سول	جەردەمىن	124
سول	كىسىمەن	104
سول	ۇشىندە	121
سول	كۇيىنشە	111
سول	وزمنىڭ	124
سول	سۇيكمدىم	115
سول	جەردەمىز	112
نە	جانىم	122
نە	مەن	89
نە	دەپ	81
نە	جوق	42
نە	بول	79
نە	جاقسى	103
نە	بولد	93
نە	بولدى	114
نە	ەكەن	11
نە	بىر	83
نە	سول	73
نە	نە	110
نە	بار	83
نە	سەن	43
نە	ەندى	88
نە	بولىپ	105
نە	الىپ	19
نە	وندا	82
نە	كەلىپ	118
نە	ەرتەڭ	119
نە	ادام	94
نە	بولسا	108
نە	بۇگىن	78
نە	تۇر	113
نە	مەندە	61
نە	ماعان	120
نە	بارى	98
نە	ەكى	95
نە	مەنى	113
نە	مەنىڭ	94
نە	بولا	113
نە	بولادى	93
نە	ول	67
نە	ساعان	79
نە	وسى	108
نە	تاماق	106
نە	دەيدى	36
نە	ۇي	33
نە	ۇيگە	113
نە	تەلەفون	114
نە	ايتىپ	79
نە	كۇن	61
نە	قالدى	81
نە	اقشا	86
نە	دەگەن	89
نە	ونى	56
نە	ۇزى	115
نە	ۇزىڭ	106
نە	قاربالاس	120
نە	ىشىپ	18
نە	وي	96
نە	كوپ	90
نە	تاڭەرتەڭ	106
نە	مىنا	119
نە	شاي	121
نە	بەرى	112
نە	بەرىپ	101
نە	ەدى	113
نە	باس	99
نە	باسقا	115
نە	سەنىڭ	111
نە	كەشتە	116
نە	ىس	122
نە	ىستە	101
نە	ىستەپ	116
نە	انا	23
نە	جولداپ	117
نە	سوندا	87
نە	جۇمىس	87
نە	وزى	41
نە	وزىڭ	110
نە	بوپ	121
نە	دەسە	42
نە	دەسەم	102
نە	كەرەك	95
نە	ايتتى	67
نە	ايتتىڭ	108
نە	تۇندە	114
نە	كورىپ	121
نە	بالا	86
نە	ۇيات	112
نە	تۇس	120
نە	قابار	116
نە	بولعان	111
نە	ايتا	57
نە	دەيمىن	112
نە	قاراپ	69
نە	بۇل	119
نە	مال	101
نە	قوسىپ	103
نە	الدىڭ	123
نە	بولدىم	106
نە	كۇپ	108
نە	مىناۋ	121
نە	ماشينا	115
نە	سۇراپ	107
نە	ايتام	120
نە	كەلەدى	64
نە	توي	98
نە	ويلاپ	109
نە	ءبىر	68
نە	ۇشىن	117
نە	بولىپتى	56
نە	كۇرىپ	84
نە	بولماسا	88
نە	ايتىڭ	74
نە	امال	121
نە	بولسادا	80
نە	اڭگىمە	45
نە	بەرەم	79
نە	سياقتى	107
نە	دەدى	115
نە	دەدىم	86
نە	جاساپ	99
نە	بولات	96
نە	جەپ	123
نە	نارسە	91
نە	بولساڭ	54
نە	قىل	121
نە	قىلىپ	82
نە	نان	85
نە	بەرەدى	122
نە	تارتىپ	115
نە	دەن	88
نە	ستەپ	121
نە	بوپتى	57
نە	دارى	74
نە	دەيىن	92
نە	بولدىڭ	103
نە	جەتكەن	80
نە	تۇرلى	118
نە	سۋ	117
نە	بىلەدى	122
نە	مەنە	122
نە	اراق	112
نە	ىزدەپ	122
نە	جازىپ	103
نە	كەلسە	96
نە	زات	110
نە	الام	104
نە	دەسەڭ	103
نە	ايتادى	94
نە	ايتتىم	98
نە	جەتى	106
نە	دەيسىڭ	121
نە	جاۋاپ	68
نە	قايتارىپ	107
نە	ايتايىن	101
نە	سوز	104
نە	ايتاسىڭ	81
نە	ۇتىرىك	94
نە	الامىن	120
نە	جاعداي	119
نە	ۇيقى	67
نە	جايلى	112
نە	سۇز	119
نە	شپيىڭ	82
نە	بىلەسىڭ	122
نە	ارى	113
نە	بولار	102
نە	بەردى	95
نە	جۇمىسقا	122
نە	ساي	121
نە	پالە	108
نە	ايتپ	99
نە	قاجەت	117
نە	بولپ	111
نە	بولپتى	94
نە	كيىم	88
نە	ايتساڭ	119
نە	ايتىم	110
نە	ىشتىڭ	115
نە	ايتسام	109
نە	قىزىق	115
نە	ايتامىن	118
نە	جۇمس	89
نە	الاسىڭ	85
نە	ەكەنىن	93
نە	بەرەسىڭ	87
نە	ساۋدا	98
نە	دەكەن	117
نە	توپ	107
نە	بۇرسىگۇنى	96
نە	دەيىم	109
نە	دەدىڭ	98
نە	بولدىڭىز	92
نە	ىستەي	120
نە	كيىپ	114
نە	جاپا	113
نە	دەپتى	96
نە	ىستەيتىن	107
نە	قاجەتى	113
نە	جەتپەي	96
نە	بۇلدى	120
نە	دۇكەن	92
نە	پايدا	115
نە	ءسوز	85
نە	تۇستى	112
نە	دايىندىق	108
نە	بۇلىپ	117
نە	ىستەيمىن	110
نە	دەيت	87
نە	جاڭالىق	101
نە	جاقسىلىق	55
نە	نى	121
نە	تۇسەدى	113
نە	شارۋا	91
نە	ارمان	88
نە	جيىن	115
نە	پايداسى	111
نە	ايتار	85
نە	ويى	114
نە	ويىڭ	116
نە	قىلا	96
نە	قىلادى	112
نە	ىستەيدى	70
نە	سىلتاۋ	78
نە	قىلاسىڭ	107
نە	ءۇشىن	51
نە	قىلعان	100
نە	قىزمەت	74
نە	اڭگمە	107
نە	تىلەگەن	120
نە	قىلام	93
نە	كەرەگى	71
نە	سۇمدىق	95
نە	وسەك	100
نە	قىلايىن	109
نە	بولۋشى	104
نە	زامان	117
نە	كاسىپ	123
نە	جىرعاپ	79
نە	ىستەيسىڭ	117
نە	ىشەمىز	66
نە	جاعىداي	117
نە	اپارام	99
نە	قىلات	122
نە	قىلدى	115
نە	قىلدىم	90
نە	كوردىڭ	64
نە	جۇمىسىڭ	117
نە	دەگەنىڭ	109
نە	ۇسەك	111
نە	ىستەيىن	110
نە	جاماندىق	123
نە	جەتتى	105
نە	جەيدى	77
نە	قىزىمەت	115
نە	جاسايمىن	114
نە	قاتەلىك	114
نە	ويلايدى	112
نە	قاتسى	118
نە	ستەيمىن	91
نە	ايتامىز	109
نە	قىلامىن	94
نە	ءىستەپ	90
نە	ۇيلاپ	105
نە	بىلگەن	120
نە	قىلدىڭ	99
نە	قاتىسى	99
نە	جەيسىڭ	92
نە	جۇمسىڭ	87
نە	ماركا	118
نە	ىشەسىڭ	123
نە	بولدىڭدار	98
نە	ستەيدى	100
نە	نارسەگە	97
نە	دەيىت	122
نە	قىلسا	121
نە	قىلساڭ	95
نە	تىرلىك	91
نە	ىستەدىم	119
نە	دەسەدە	112
نە	ىستەيمىز	119
نە	بولعانىن	96
نە	جاقداي	75
نە	بولقان	118
نە	ىزدەيمىن	122
نە	حاربالاس	111
نە	دەسەڭدە	116
نە	قىلىق	100
نە	ىستەسەم	89
نە	قىلامىز	115
نە	جەيمىز	102
نە	ستەيسىڭ	111
نە	ىستەيىم	81
نە	ءستەپ	110
نە	جازدىم	117
نە	تىرشىلىك	118
نە	ايتساڭدا	119
نە	سەبەپ	91
نە	ىستەدىڭ	103
نە	ىزدەيدى	83
نە	جەتسىن	121
نە	ازاپ	84
نە	سەبەپتى	117
نە	دەيمىز	116
نە	بوسادا	106
نە	مانسى	115
نە	ايتسامدا	107
نە	سۇرايسىڭ	104
نە	جۇمىسپەن	118
نە	جوسپار	117
نە	ايتقىڭ	120
نە	ىستەگەلى	114
نە	ايتارىمدى	123
نە	اپارامىز	96
نە	جولدادىڭ	119
نە	مانىسى	117
نە	جاسادىڭ	114
نە	ستەيمىز	111
نە	جەگىڭ	117
نە	بولارىن	111
نە	ىزدەيسىڭ	105
نە	كيەم	106
نە	ايتسادا	121
نە	ستەدىڭ	119
نە	ويلادىڭ	100
نە	جەدىڭ	120
نە	قىلمادىڭ	118
نە	بولدەي	107
نە	شارا	97
نە	قلادى	109
نە	قلعان	117
نە	ىستەسەڭدە	121
نە	عىلاسىڭ	104
نە	قلام	90
نە	قىلساڭدا	121
نە	كورسەمدە	103
نە	كۇرسەمدە	118
نە	عىلدى	123
نە	قلاسىڭ	95
نە	ىستەيسىز	106
نە	ىستەسەمدە	112
نە	ىستەرىمدى	118
نە	قلدىم	103
نە	بولعانىمدى	118
نە	قىلاسىز	122
نە	جازىعىم	113
نە	عىلام	121
نە	داۋىر	108
نە	عىلدىم	122
نە	قويعانىمدى	105
نە	قىلسادا	123
نە	دەرىمدى	119
نە	سەبەپتەن	108
نە	عىلادى	119
نە	قىلارىمدى	111
نە	عىلعان	113
نە	قۇرلىم	114
نە	عۇرلىم	118
نەعىپ	جا	117
نەعىپ	جانىم	115
نەعىپ	مەن	89
نەعىپ	جوق	116
نەعىپ	جاقسى	90
نەعىپ	بىر	108
نەعىپ	نە	111
نەعىپ	نەعىپ	122
نەعىپ	جات	76
نەعىپ	جاتى	108
نەعىپ	جاتىر	101
نەعىپ	جاتىرس	38
نەعىپ	جاتىرسى	93
نەعىپ	جاتىرسىڭ	71
نەعىپ	الىپ	3
نەعىپ	كەلىپ	113
نەعىپ	ەرتە	118
نەعىپ	بۇگىن	98
نەعىپ	تۇر	118
نەعىپ	ماعان	113
نەعىپ	بارىپ	102
نەعىپ	مەنى	111
نەعىپ	مەنىڭ	100
نەعىپ	وسى	122
نەعىپ	تاماق	117
نەعىپ	تەلەفون	123
نەعىپ	ايتىپ	81
نەعىپ	وتىر	113
نەعىپ	قاربالاس	75
نەعىپ	ىشىپ	112
نەعىپ	كەتىپ	120
نەعىپ	جۇر	109
نەعىپ	قايتا	62
نەعىپ	جولداپ	122
نەعىپ	اتىپ	107
نەعىپ	اۋىرىپ	121
نەعىپ	شىعىپ	113
نەعىپ	جۇرمىن	121
نەعىپ	تۇسىپ	104
نەعىپ	قوسىپ	124
نەعىپ	ەي	117
نەعىپ	سۇراپ	122
نەعىپ	كەتتىڭ	120
نەعىپ	جاي	94
نەعىپ	جاتىرمىز	116
نەعىپ	جۇرگەن	91
نەعىپ	جۋىپ	108
نەعىپ	جۇرسىڭ	90
نەعىپ	تارتىپ	40
نەعىپ	بىلمەي	105
نەعىپ	قويا	108
نەعىپ	اياق	100
نەعىپ	وتىرسىڭ	118
نەعىپ	جاتىرسىز	48
نەعىپ	جاۋاپ	18
نەعىپ	قايتارىپ	121
نەعىپ	المايسىڭ	111
نەعىپ	ۇستىپ	73
نەعىپ	رەنجىپ	115
نەعىپ	ۇيتىپ	119
نەعىپ	كەلدىڭ	97
نەعىپ	شپيىڭ	124
نەعىپ	ۇندەمەي	116
نەعىپ	جاتسىڭ	106
نەعىپ	سويلەمەي	30
نەعىپ	سويلەمەيسىڭ	98
نەعىپ	تۇرسىڭ	77
نەعىپ	باراسىڭ	95
نەعىپ	شىپيىڭ	110
نەعىپ	ەكەنىن	109
نەعىپ	قاشىپ	116
نەعىپ	جاتىرسىڭدار	119
نەعىپ	جۇىپ	47
نەعىپ	سۇيلەمەي	108
نەعىپ	وستىپ	97
نەعىپ	باردىڭ	124
نەعىپ	جاتر	107
نەعىپ	بۇيتىپ	98
نەعىپ	سونشا	116
نەعىپ	قابارسىز	101
نەعىپ	جوعالىپ	122
نەعىپ	ۇيقتاماي	120
نەعىپ	المادىڭ	99
نەعىپ	جۇرەسىڭ	115
نەعىپ	سۇيلەمەيسىڭ	124
نەعىپ	سەنبەيسىڭ	89
نەعىپ	جاتاسىڭ	111
نەعىپ	جاتىرسىزدار	123
نەعىپ	ايتپايسىڭ	85
نەعىپ	جاتىرسڭ	123
نەعىپ	جۇرسڭ	102
نەعىپ	جاترسڭ	96
نەعىپ	كۇلەسىڭ	120
نەعىپ	جۇردىڭ	119
نەعىپ	وتىرسىڭدار	118
نەعىپ	كەرگىپ	99
نەعىپ	ۇيىقتاماي	120
نەعىپ	وترسىڭ	120
نەعىپ	جاترسىڭ	109
نەعىپ	جۇرگەنىڭدى	87
نەعىپ	قوستىڭ	122
نەعىپ	ۇيقتامادىڭ	124
نەعىپ	جۇرسىڭدەر	107
نەعىپ	جۇرسىز	104
نەعىپ	جاتسڭ	112
نەعىپ	جۇرگەنىن	112
نەعىپ	ۇردىڭ	124
نەعىپ	جاتسىڭدار	124
نەعىپ	جاتىرسڭدار	96
نەعىپ	جاتىرەكەن	97
نەعىپ	ۇيتەدى	108
نەعىپ	جاتسىز	123
نەعىپ	جاتىرسز	113
نەعىپ	جاتسڭدار	122
بار	عوي	122
بار	جان	19
بار	جانىم	112
بار	مەن	55
بار	دەپ	67
بار	جوق	33
بار	بول	92
بار	بولسىن	107
بار	جاقسى	93
بار	بولدى	82
بار	ەكەن	74
بار	بىر	15
بار	سول	64
بار	نە	66
بار	نەعىپ	84
بار	بار	116
بار	سەن	77
بار	ەندى	81
بار	بولىپ	74
بار	جاتىر	70
بار	قوي	118
بار	ال	73
بار	الى	112
بار	الىپ	87
بار	ون	93
بار	وندا	110
بار	كەل	88
بار	كەلىپ	113
بار	يا	99
بار	ەرتە	105
بار	ەرتەڭ	103
بار	ادام	79
بار	بولسا	63
بار	بۇگىن	19
بار	مەندە	88
بار	سودان	72
بار	ماعان	83
بار	بارى	88
بار	بارىپ	95
بار	ەكى	108
بار	مەنى	78
بار	مەنىڭ	94
بار	قاي	85
بار	بولادى	119
بار	نەگە	108
بار	ول	97
بار	قايدا	71
بار	سەنى	109
بار	ساعان	100
بار	وسى	88
بار	تاماق	83
بار	دەي	91
بار	دەيدى	118
بار	قالاي	51
بار	ۇي	114
بار	ۇيدە	103
بار	ۇيگە	63
بار	تەلەفون	98
بار	ايت	86
بار	ايتىپ	124
بار	بىرگە	106
بار	كۇن	107
بار	دوسىم	122
بار	كىم	92
بار	اق	86
بار	اقشا	112
بار	دەگەن	98
بار	كۇنى	71
بار	ەمەس	121
بار	ونى	119
بار	بىراق	91
بار	قانشا	73
بار	ۇز	108
بار	ۇزى	122
بار	ۇزىڭ	116
بار	قاربالاس	113
بار	ىشىپ	113
بار	قويشى	119
بار	تاعى	123
بار	كوپ	83
بار	تاڭەرتەڭ	112
بار	بىراز	103
بار	مىن	97
بار	مىنا	108
بار	نەدەگەن	109
بار	قانداي	123
بار	شاي	119
بار	بەرىپ	95
بار	ەدى	123
بار	باس	21
بار	باسقا	119
بار	سەنىڭ	95
بار	كەشتە	92
بار	بولاما	106
بار	راس	117
بار	از	121
بار	ازىر	105
بار	ىستەپ	98
بار	كەشە	120
بار	قايتا	112
بار	انا	117
بار	ۇيقتاپ	100
بار	يۋان	113
بار	قايتىپ	105
بار	جولداپ	102
بار	ۇش	122
بار	سوندا	100
بار	جۇمىس	95
بار	وزى	107
بار	وزىڭ	121
بار	ايتەۋ	118
بار	تەز	94
بار	اعا	105
بار	بوپ	106
بار	دەسە	93
بار	دەسەم	101
بار	كەرەك	90
بار	اۋ	122
بار	تۇندە	114
بار	شىعا	118
بار	شىعار	120
بار	كەزدە	52
بار	كورىپ	76
بار	وعان	120
بار	بالا	96
بار	تۇرىپ	99
بار	جاڭا	117
بار	سونى	114
بار	سەندە	65
بار	بىز	88
بار	تاۋىپ	113
بار	ۇيات	118
بار	بولعان	95
بار	ەكەنسىڭ	85
بار	ايتا	84
بار	سونىمەن	101
بار	دەيمىن	121
بار	قارا	97
بار	قاراپ	113
بار	ۇلكەن	124
بار	بۇل	102
بار	كۇندە	109
بار	مال	120
بار	قازىر	106
بار	قوسىپ	103
بار	جەجە	113
بار	ەي	116
بار	ودا	87
بار	ودان	95
بار	سوعان	102
بار	بەس	73
بار	اپارىپ	111
بار	كۇپ	115
بار	جەر	123
بار	جەردە	101
بار	ماشينا	76
بار	ەمەسپە	96
بار	قىز	61
بار	جاڭە	113
بار	ساعات	120
بار	دەشى	118
بار	توي	84
بار	جاي	118
بار	اينالايىن	124
بار	بىرەۋ	122
بار	ءبىر	107
بار	بولماسا	123
بار	تۇستە	114
بار	تۇستەن	122
بار	جەرگە	116
بار	قىزدار	105
بار	امال	112
بار	بولسادا	117
بار	باراتىن	87
بار	اڭگىمە	114
بار	سياقتى	116
بار	ەكەمىز	76
بار	دەدى	110
بار	دەدىم	95
بار	جالعىز	87
بار	بولاتىن	118
بار	بارىن	44
بار	ءالى	110
بار	نارسە	96
بار	ونداي	102
بار	بەكەر	117
بار	ۇزىم	124
بار	دەگەم	119
بار	باعاسى	121
بار	الاتىن	102
بار	بولساڭ	89
بار	بىزدىڭ	53
بار	قۇساپ	112
بار	ايتشى	111
بار	بىردە	104
بار	ەرتەرەك	104
بار	ماي	112
بار	ونىڭ	122
بار	بىزدە	94
بار	وزىم	116
بار	سومەن	124
بار	ناق	121
بار	وڭاي	115
بار	جىندى	120
بار	بالام	117
بار	اراق	113
بار	سۇت	122
بار	قۇرسىن	123
بار	بالالار	111
بار	اقشانى	116
بار	جىگىت	95
بار	دەسەڭ	114
بار	قولايسىز	99
بار	كىسىلەر	85
بار	دال	105
بار	ەل	107
بار	جانە	122
بار	قاتىن	108
بار	دەيسىڭ	110
بار	شعار	82
بار	تەك	68
بار	كولىك	120
بار	قۇڭباۋ	99
بار	ايەل	116
بار	عۇي	114
بار	ەكەۋى	99
بار	ەلدىڭ	121
بار	ادامدى	112
بار	ۇيدىڭ	112
بار	ارى	122
بار	الاڭداما	119
بار	كەيدە	109
بار	كىرەسى	105
بار	قاجەت	114
بار	ادامعا	120
بار	قولايلى	105
بار	ايتپەسە	106
بار	دەرەۋ	118
بار	مەكەن	102
بار	بولسام	60
بار	ادامنىڭ	99
بار	ولار	118
بار	بولعاندا	115
بار	سونىڭ	122
بار	جىگىتتەر	106
بار	ورنى	124
بار	ەكەنى	98
بار	ەكەنىن	118
بار	تۇرسا	73
بار	ۇقسايدى	94
بار	ادامدار	94
بار	دەكەن	103
بار	الاسىڭبا	121
بار	دەگەندە	123
بار	دەيىم	122
بار	سويلەي	122
بار	ساتاتىن	117
بار	قاسىڭدا	120
بار	دەدىڭ	77
بار	بولدىما	102
بار	كۇلىك	99
بار	حۇڭباۋ	106
بار	ايتاتىن	124
بار	سۇيلەي	120
بار	دەپتى	114
بار	ىستەيتىن	110
بار	ولدا	122
بار	ەلدە	121
بار	بىرەۋى	120
بار	بولۋ	114
بار	دۇكەندە	106
بار	اقشامدى	121
بار	سىياقتى	111
بار	قاسىمدا	108
بار	جەرىڭ	88
بار	ەمەسبە	119
بار	قاسىندا	97
بار	ەكەسىڭ	122
بار	وقشايدى	118
بار	دەيت	100
بار	جاقسىلىق	117
بار	قاتىناس	90
بار	اياعى	116
بار	بولعانسوڭ	116
بار	دەگەندەي	113
بار	نارسەنى	101
بار	كسلەر	116
بار	بىراقتا	118
بار	كەزىندە	119
بار	الۋشىلار	117
بار	ادامسىڭ	95
بار	بارىمىز	123
بار	سەكىلدى	116
بار	دەيمە	121
بار	ەگەن	115
بار	جانىڭدا	105
بار	بوسا	108
بار	وقسايدى	102
بار	باساتىن	111
بار	جانىمدا	107
بار	ەكەنعوي	104
بار	ساپاسى	97
بار	بولعانى	121
بار	ءاندى	111
بار	ەكەنسىز	123
بار	بولۋى	119
بار	بولساڭىز	110
بار	الاتىندار	94
بار	سولار	122
بار	اقشاعا	123
بار	بۇلسا	122
بار	دەيما	105
بار	جەرىڭدى	123
بار	ەمەسپا	108
بار	جاقسلىق	117
بار	الساڭىزدار	94
بار	مەدى	122
بار	قۇسايدى	90
بار	بولساڭدار	122
بار	سولاردى	114
بار	قاسڭدا	118
بار	الاتىندارىڭىز	124
بار	شىقار	123
بار	قاسمدا	112
بار	ەكەندا	117
بار	شقار	114
بار	ەكەندە	118
بار	جاقسىلىقتى	121
بار	ەدىعوي	93
بار	جاقسىلىعىن	115
بار	دارمەن	110
بار	سەنگەن	118
بار	جوعى	120
بار	جوعىن	107
سەن	عوي	99
سەن	جانىم	53
سەن	مەن	86
سەن	دەپ	63
سەن	جوق	61
سەن	بول	45
سەن	جاقسى	114
سەن	بولدى	56
سەن	ەكەن	107
سەن	بىر	91
سەن	سول	50
سەن	نە	67
سەن	نەعىپ	48
سەن	بار	23
سەن	سەن	60
سەن	ەندى	93
سەن	بولىپ	71
سەن	ماقۇل	93
سەن	جات	94
سەن	قوي	121
سەن	ال	89
سەن	الى	86
سەن	الىپ	78
سەن	ون	64
سەن	وندا	111
سەن	كەل	98
سەن	كەلىپ	64
سەن	يا	61
سەن	ەر	109
سەن	ەرتە	109
سەن	ەرتەڭ	93
سەن	ادام	81
سەن	بۇگىن	86
سەن	سودان	70
سەن	ماعان	115
سەن	بارىپ	41
سەن	ەكى	64
سەن	مەنى	89
سەن	مەنىڭ	32
سەن	قاي	49
سەن	بولادى	65
سەن	نەگە	123
سەن	ول	44
سەن	قايدا	84
سەن	وسى	40
سەن	تاماق	64
سەن	دەي	77
سەن	قالاي	119
سەن	ۇي	73
سەن	ۇيدە	110
سەن	ۇيگە	85
سەن	تەلەفون	80
سەن	ايت	78
سەن	ايتىپ	72
سەن	بىرگە	73
سەن	وتىر	107
سەن	كىم	111
سەن	امان	72
سەن	كەت	66
سەن	اق	120
سەن	اقشا	80
سەن	دەگەن	88
سەن	ەمەس	79
سەن	بارما	69
سەن	ونى	111
سەن	بىراق	83
سەن	قانشا	101
سەن	ۇز	79
سەن	ۇزى	101
سەن	ۇزىڭ	72
سەن	قاشان	68
سەن	قاربالاس	47
سەن	ىش	77
سەن	ىشىپ	115
سەن	قويشى	87
سەن	تاعى	111
سەن	كوپ	82
سەن	كەتىپ	89
سەن	تاڭەرتەڭ	79
سەن	بىراز	103
سەن	مىنا	92
سەن	نەدەگەن	99
سەن	قانداي	76
سەن	شاي	80
سەن	بەر	105
سەن	بەرى	105
سەن	بەرىپ	109
سەن	باس	99
سەن	باسقا	112
سەن	كەشتە	82
سەن	راس	103
سەن	از	89
سەن	ازىر	115
سەن	ىستە	93
سەن	ىستەپ	123
سەن	جۇر	90
سەن	الماي	113
سەن	كەشە	117
سەن	قايتا	93
سەن	انا	89
سەن	ۇيقتا	84
سەن	ۇيقتاپ	108
سەن	قايتىپ	81
سەن	جولدا	77
سەن	جولداپ	87
سەن	ۇش	102
سەن	سوندا	113
سەن	جۇمىس	85
سەن	وز	103
سەن	وزى	103
سەن	وزىڭ	80
سەن	ايتەۋ	73
سەن	تەز	100
سەن	ات	100
سەن	اتىپ	111
سەن	بوپ	103
سەن	كەرەك	114
سەن	كوڭىلدى	101
سەن	ايتتى	101
سەن	ايتتىڭ	108
سەن	اۋىرىپ	96
سەن	تۇندە	101
سەن	بەرە	97
سەن	شى	103
سەن	شىعا	88
سەن	شىعىپ	101
سەن	قايداسىڭ	100
سەن	كورىپ	38
سەن	بارسىڭ	110
سەن	بارسىڭبا	78
سەن	وعان	106
سەن	بالا	92
سەن	تۇرىپ	83
سەن	جاڭا	110
سەن	سونى	115
سەن	ايتقان	102
سەن	تاۋىپ	76
سەن	بارا	89
سەن	تۇس	94
سەن	كەلە	122
سەن	قابارلاس	84
سەن	قاتتى	122
سەن	سالىپ	96
سەن	عانا	115
سەن	قيىن	65
سەن	بولعان	116
سەن	دۇرىس	101
سەن	ەكەنسىڭ	117
سەن	جاتىپ	96
سەن	ايتا	98
سەن	ۋاقىت	93
سەن	قارا	116
سەن	قاراپ	109
سەن	ەشتەڭە	98
سەن	مىقتى	105
سەن	ۇلكەن	95
سەن	بۇل	112
سەن	كۇندە	121
سەن	كەرەمەت	101
سەن	مال	116
سەن	قازىر	111
سەن	تۇسىپ	99
سەن	قوس	107
سەن	قوسىپ	112
سەن	جە	108
سەن	الدىڭ	123
سەن	الدىڭبا	123
سەن	ودان	114
سەن	سوعان	109
سەن	بەس	114
سەن	اپارىپ	122
سەن	كۇپ	99
سەن	ماشينا	103
سەن	ەمەسپە	104
سەن	قىز	102
سەن	سۇرا	95
سەن	سۇراپ	115
سەن	جامان	98
سەن	قالدىڭ	93
سەن	قايدان	117
سەن	كەلەدى	74
سەن	جاتقان	89
سەن	توي	116
سەن	جاي	87
سەن	كەپ	102
سەن	قويىپ	94
سەن	ويلاپ	120
سەن	بىرەۋ	106
سەن	ءبىر	106
سەن	كەتكەن	108
سەن	ۇشىن	101
سەن	اش	39
سەن	اشىپ	120
سەن	شارشاپ	114
سەن	شىن	102
سەن	كۇرىپ	99
سەن	ايتىڭ	110
سەن	جۇرە	103
سەن	جۇرگەن	122
سەن	العان	116
سەن	تۇستە	106
سەن	تۇستەن	113
سەن	باعانا	120
سەن	كەتە	102
سەن	باراتىن	105
سەن	اڭگىمە	117
سەن	سياقتى	117
سەن	جۋ	54
سەن	جۋىپ	123
سەن	ەكەمىز	101
سەن	قايسى	98
سەن	جاس	88
سەن	جاساپ	108
سەن	جالعىز	117
سەن	تاتتى	81
سەن	جەپ	120
سەن	بارىن	112
سەن	سونداي	95
سەن	سۇيتىپ	96
سەن	جۇرسىڭ	75
سەن	ءالى	122
سەن	قاتە	92
سەن	ماڭگى	85
سەن	بىل	92
سەن	ەڭ	108
سەن	الگى	96
سەن	ونداي	107
سەن	بەكەر	95
سەن	ويناپ	111
سەن	بۇرىن	105
سەن	جولداشى	101
سەن	بولساڭ	91
سەن	كەلگەن	49
سەن	كەلمەي	90
سەن	سويلە	100
سەن	سويلەپ	114
سەن	بىزدى	98
سەن	بىزدىڭ	115
سەن	ەدىڭ	110
سەن	تارتىپ	111
سەن	ساۋ	115
سەن	قۇساپ	121
سەن	ايتشى	54
سەن	ستەپ	53
سەن	ايىت	104
سەن	سولاي	93
سەن	بىردەمە	106
سەن	تۇرعان	91
سەن	توسىپ	114
سەن	جاققا	112
سەن	ەرتەرەك	112
سەن	ونىڭ	113
سەن	نەشە	105
سەن	بولدىڭ	110
سەن	تاستاپ	109
سەن	قالايسىڭ	107
سەن	ناق	109
سەن	دەم	94
سەن	وڭاي	101
سەن	بىلەدى	106
سەن	جىندى	117
سەن	وتە	103
سەن	ارتىق	90
سەن	باستا	115
سەن	باستاپ	98
سەن	ۇيىقتاپ	114
سەن	قايداعى	102
سەن	مەنەن	119
سەن	اراق	78
سەن	سۇيلە	95
سەن	شىعارىپ	114
سەن	سۇيلەپ	116
سەن	ىزدەپ	96
سەن	كىرىپ	115
سەن	جازىپ	112
سەن	شعىپ	108
سەن	اقشانى	116
سەن	دەمال	120
سەن	قالىپ	107
سەن	قول	123
سەن	بارعان	119
سەن	بارعاندا	105
سەن	ەرتىپ	110
سەن	اكەپ	105
سەن	كەلگەندە	109
سەن	جىگىت	74
سەن	ەرەكشە	117
سەن	اۋدانعا	111
سەن	باقىتتى	117
سەن	جەتىپ	107
سەن	تۇرا	117
سەن	قاتىن	118
سەن	وتىرعان	108
سەن	شعا	118
سەن	تەك	119
سەن	جاۋاپ	108
سەن	كۇڭىلدى	108
سەن	ۇرىپ	106
سەن	بەرسەڭ	112
سەن	اقىرىن	109
سەن	اتا	118
سەن	ۇمىتىپ	121
سەن	ۇستىپ	107
سەن	رەنجىپ	99
سەن	ايەل	88
سەن	ۇيتىپ	114
سەن	ماس	92
سەن	كەلەت	98
سەن	كەلەتىن	119
سەن	ايتاسىڭ	112
سەن	ۇتىرىك	112
سەن	ۇستاپ	105
سەن	ءوزى	121
سەن	ءوزىڭ	102
سەن	وتىرىك	96
سەن	قانا	109
سەن	قايتەسىڭ	103
سەن	قابارلاسىپ	81
سەن	دەمالىپ	105
سەن	بەرگەن	110
سەن	ساتىپ	94
سەن	ەلدىڭ	118
سەن	جايلى	114
سەن	الساڭ	92
سەن	بىلىپ	101
سەن	ايداپ	116
سەن	ەشتەمە	109
سەن	ادامدى	122
سەن	بوس	112
سەن	جاقتا	114
سەن	ۇتە	120
سەن	شپيىڭ	94
سەن	بىلەسىڭ	114
سەن	كەلەسىڭ	71
سەن	شاقىرىپ	110
سەن	ادەمى	118
سەن	جۇمىسقا	122
سەن	بەرمەي	109
سەن	دايىن	118
سەن	الدىمەن	115
سەن	قوناق	95
سەن	سىڭ	106
سەن	ۇندەمەي	117
سەن	پالە	97
سەن	تىپتى	111
سەن	ۇيدەن	109
سەن	تىنىش	120
سەن	شىپ	119
سەن	ىراس	119
سەن	ۇزىڭدى	121
سەن	بىزگە	111
سەن	بىردەڭە	121
سەن	شىعارسىڭ	108
سەن	كەلسەڭ	109
سەن	ۇيقتاي	68
سەن	ايتساڭ	102
سەن	مەننەن	92
سەن	نەمە	89
سەن	نەمەن	103
سەن	نەمەنە	108
سەن	انداعى	101
سەن	وسىنداي	96
سەن	شىق	116
سەن	نەنى	98
سەن	سويلەمەي	111
سەن	تاۋعا	91
سەن	ىشتىڭبە	118
سەن	قىزىق	117
سەن	باراسىڭ	110
سەن	ۇيقىڭ	114
سەن	قۇلجاعا	109
سەن	باعىپ	121
سەن	كەلشى	111
سەن	نەكە	99
سەن	كەلەم	96
سەن	مەنىكى	105
سەن	وزىڭدى	118
سەن	ەكەۋىڭ	111
سەن	باقتتى	120
سەن	ەلگە	105
سەن	بولدىڭبا	113
سەن	جۇمسقا	108
سەن	الاسىڭ	119
سەن	بارماي	118
سەن	وڭباعان	121
سەن	نەدەپ	119
سەن	بەرەسىڭ	100
سەن	قورقىپ	120
سەن	الداپ	121
سەن	تەگى	118
سەن	قاشىپ	118
سەن	تاپ	113
سەن	كىمگە	105
سەن	الاسىڭبا	112
سەن	دەگەندە	113
سەن	قانە	91
سەن	اتاقتى	123
سەن	ارام	121
سەن	ەكەۋمىز	113
سەن	سويلەي	121
سەن	تۇرساڭ	113
سەن	كەلەسىڭبە	108
سەن	مەنىم	100
سەن	مەنىمەن	107
سەن	ىستەي	100
سەن	قينالىپ	120
سەن	جوقسىڭ	109
سەن	سۇيلەمەي	96
سەن	وستىپ	92
سەن	باراسىڭبا	119
سەن	بولاسىڭ	89
سەن	سىرتقا	122
سەن	ولاي	118
سەن	سۇلۋ	117
سەن	اپتەن	120
سەن	ەمەسپىن	115
سەن	قاراماي	111
سەن	بارساڭ	95
سەن	باردىڭبا	87
سەن	ماۋباس	108
سەن	بۇيتىپ	119
سەن	سۇيلەي	99
سەن	الباتى	113
سەن	تاماعىڭدى	119
سەن	بىرەۋگە	122
سەن	شارشادىڭ	119
سەن	نەمەنەگە	121
سەن	سۇيلەسىپ	110
سەن	شىقتىڭبا	123
سەن	كەتسەڭ	105
سەن	سىياقتى	95
سەن	تىنش	84
سەن	قابارسىز	121
سەن	كىمدى	106
سەن	ۇيىڭە	108
سەن	بارعوي	114
سەن	قاسىمدا	107
سەن	قاربالاسپا	100
سەن	كەلدىڭبە	111
سەن	الماساڭ	113
سەن	اتەي	121
سەن	قانشاعا	118
سەن	نەشەدە	113
سەن	سىرتتا	109
سەن	تۇرعاندا	118
سەن	اسىقپاي	90
سەن	شعارسىڭ	114
سەن	ىستەگەن	120
سەن	ىستەن	116
سەن	ۇيدەسىڭبە	119
سەن	نەستەپ	111
سەن	بىرەۋدى	111
سەن	بولعانسوڭ	117
سەن	كەلەمە	117
سەن	ۇيىقتاي	114
سەن	كەلگەنشە	122
سەن	كەلمەيسىڭ	77
سەن	كەلمەيسىڭبە	120
سەن	ۇيڭە	102
سەن	قايتتىڭ	117
سەن	قايتتىڭبا	112
سەن	رازى	109
سەن	ءۇشىن	109
سەن	ايتقاندا	91
سەن	مەنمەن	105
سەن	نەقىپ	114
سەن	جوعالىپ	112
سەن	جولداعان	114
سەن	قايۋاقتا	98
سەن	سەكىلدى	104
سەن	كەتكەندە	92
سەن	قانشادا	114
سەن	سەنبەسەڭ	122
سەن	كىممەن	120
سەن	قايتقاندا	114
سەن	ىرەنجىپ	121
سەن	دۇزۋ	113
سەن	قايتەر	123
سەن	شىداماي	113
سەن	نەعپ	119
سەن	كەتكەلى	113
سەن	زادى	103
سەن	بىلەتىن	121
سەن	بارماياق	115
سەن	جانىمدا	123
سەن	جوقتا	119
سەن	سۇراعان	99
سەن	بارعانشا	119
سەن	بەرمەسەڭ	119
سەن	باردا	121
سەن	قايتىڭ	96
سەن	قايتىڭبا	123
سەن	قاندايسىڭ	115
سەن	شىقساڭ	113
سەن	دەمالا	104
سەن	قۇساعان	117
سەن	ساعىندىڭبا	87
سەن	كەلمەسەڭ	114
سەن	سەنبەيسىڭ	95
سەن	سۇراشى	116
سەن	ەسىمە	120
سەن	ىلعي	113
سەن	بىلەسىڭبە	120
سەن	بىرەۋمەن	118
سەن	بىلمەيسىڭ	122
سەن	بولماساڭ	90
سەن	ىشسەڭ	70
سەن	تانيتىن	121
سەن	سويلەگەن	119
سەن	كەلكەندە	123
سەن	كوڭىلسىز	115
سەن	بولساڭدا	120
سەن	سۇيتەسىڭ	101
سەن	جاتتىڭبا	112
سەن	تۋرالى	121
سەن	قاسمدا	110
سەن	ناعىپ	122
سەن	بارماساڭ	118
سەن	ايتپاساڭ	96
سەن	ۇشن	101
سەن	كەلگەنسوڭ	106
سەن	سويلەمەسەڭ	111
سەن	بارمايسىڭبا	107
سەن	سۇيلەمەسەڭ	103
سەن	مەننى	107
سەن	بلەسىڭ	123
سەن	ايتقانداي	113
سەن	قايداسڭ	98
سەن	بارمادىڭبا	119
سەن	تۇسىنبەيسىڭ	121
سەن	ۇيتسەڭ	110
سەن	سويلەسەڭ	121
سەن	سۇراعاندا	116
سەن	ايتباساڭ	121
سەن	سياقتتى	112
سەن	سۇيلەسەڭ	117
سەن	شاقىرساڭ	120
سەن	سويلەگەندە	123
سەن	قوساپ	111
سەن	كىمسىڭ	119
سەن	جەتەسىڭ	95
سەن	ويلاعانداي	122
سەن	بىلمەسەڭ	86
سەن	سۇيلەگەندە	115
سەن	عۇساپ	114
سەن	شىداساڭ	123
سەن	نەدەدىڭ	120
سەن	كەلكەنشە	117
سەن	ساعىنبادىڭبا	119
سەن	مىقتىسىڭ	115
سەن	رەنجىمەسەڭ	110
سەن	قالاساڭ	119
سەن	جامانسىڭ	113
سەن	سويلەمەگەن	122
سەن	نەدەسەڭ	114
سەن	عاناسىڭ	109
سەن	كەرەكسىڭ	97
سەن	بۇيتسەڭ	117
سەن	سۇيلەمەگەن	123
سەن	باستاشى	122
ەن	سالىپ	123
ەن	قالتاسى	15
ەندى	جان	20
ەندى	جانىم	117
ەندى	مەن	76
ەندى	دەپ	60
ەندى	جوق	97
ەندى	جاقسى	87
ەندى	بولدى	68
ەندى	بىر	64
ەندى	سول	31
ەندى	نە	64
ەندى	نەعىپ	46
ەندى	بار	77
ەندى	سەن	103
ەندى	ەندى	59
ەندى	بولىپ	83
ەندى	قوي	100
ەندى	الىپ	104
ەندى	ون	97
ەندى	وندا	77
ەندى	كەل	109
ەندى	كەلىپ	110
ەندى	ەرتەڭ	68
ەندى	ادام	84
ەندى	بۇگىن	82
ەندى	مەندە	90
ەندى	ماعان	76
ەندى	بارى	56
ەندى	بارىپ	95
ەندى	ەكى	80
ەندى	مەنى	57
ەندى	مەنىڭ	65
ەندى	قاي	81
ەندى	بولادى	80
ەندى	نەگە	120
ەندى	ول	81
ەندى	قايدا	74
ەندى	سەنى	66
ەندى	ساعان	69
ەندى	وسى	60
ەندى	تاماق	74
ەندى	قالاي	55
ەندى	ۇي	76
ەندى	ۇيدە	92
ەندى	ۇيگە	108
ەندى	تەلەفون	66
ەندى	اي	79
ەندى	ايت	121
ەندى	ايتىپ	106
ەندى	بىرگە	96
ەندى	كۇن	111
ەندى	كىم	88
ەندى	امان	80
ەندى	كەتتى	107
ەندى	تاڭ	95
ەندى	قالدى	116
ەندى	اقشا	98
ەندى	بارما	83
ەندى	ونى	122
ەندى	بىراق	84
ەندى	قانشا	105
ەندى	ۇز	61
ەندى	ۇزى	108
ەندى	ۇزىڭ	108
ەندى	قاشان	87
ەندى	قاربالاس	51
ەندى	ىشىپ	95
ەندى	قويشى	78
ەندى	تاعى	120
ەندى	كوپ	71
ەندى	كەتىپ	94
ەندى	تاڭەرتەڭ	86
ەندى	بىراز	105
ەندى	مىنا	65
ەندى	قانداي	86
ەندى	شاي	88
ەندى	بەرىپ	64
ەندى	باس	115
ەندى	باسقا	102
ەندى	سەنىڭ	82
ەندى	كەش	82
ەندى	كەشتە	107
ەندى	راس	101
ەندى	از	99
ەندى	ىستەپ	85
ەندى	كەشە	105
ەندى	قايت	121
ەندى	قايتا	94
ەندى	انا	77
ەندى	ۇيقتا	86
ەندى	ۇيقتاپ	105
ەندى	يۋان	112
ەندى	قايتىپ	88
ەندى	الدىم	67
ەندى	كەتتىم	114
ەندى	ۇش	118
ەندى	سوندا	75
ەندى	جۇمىس	113
ەندى	وز	90
ەندى	وزى	110
ەندى	وزىڭ	113
ەندى	ايتەۋ	92
ەندى	تەز	116
ەندى	ات	104
ەندى	اتىپ	118
ەندى	كەرەك	112
ەندى	تۇندە	108
ەندى	بەرە	105
ەندى	كەلدى	118
ەندى	كەلدىم	80
ەندى	شى	47
ەندى	شىعا	109
ەندى	شىعىپ	118
ەندى	قويدىم	95
ەندى	كور	112
ەندى	كورىپ	113
ەندى	وعان	57
ەندى	بالا	89
ەندى	تۇرىپ	103
ەندى	جاڭا	73
ەندى	سونى	121
ەندى	سەندە	94
ەندى	بىز	92
ەندى	ايتقا	105
ەندى	تاۋىپ	118
ەندى	بارا	114
ەندى	بارام	101
ەندى	ۇيات	74
ەندى	كەلە	96
ەندى	عانا	78
ەندى	قيىن	102
ەندى	دۇرىس	83
ەندى	جاتىپ	79
ەندى	ايتا	108
ەندى	ۋاقىت	99
ەندى	قارا	105
ەندى	قاراپ	116
ەندى	ەش	104
ەندى	ەشتەڭە	115
ەندى	ۇلكەن	98
ەندى	سوم	105
ەندى	بۇل	98
ەندى	كۇندە	98
ەندى	مال	100
ەندى	تۇسىپ	94
ەندى	قالعان	97
ەندى	بولدىم	85
ەندى	ودان	63
ەندى	سوعان	111
ەندى	بەس	104
ەندى	كۇپ	82
ەندى	جەر	106
ەندى	مىناۋ	113
ەندى	ماشينا	110
ەندى	قىز	107
ەندى	سۇراپ	121
ەندى	جامان	121
ەندى	قايدان	115
ەندى	كەلەدى	92
ەندى	ساعات	76
ەندى	مىڭ	121
ەندى	توي	95
ەندى	جاي	92
ەندى	كەپ	94
ەندى	ويلاپ	97
ەندى	بىرەۋ	111
ەندى	ءبىر	84
ەندى	بارايىن	86
ەندى	ءىشىپ	99
ەندى	اشىپ	120
ەندى	شىن	109
ەندى	بولمايدى	115
ەندى	كۇر	119
ەندى	كۇرىپ	115
ەندى	تۇستەن	68
ەندى	امال	117
ەندى	كەتەدى	66
ەندى	باراتىن	107
ەندى	اڭگىمە	114
ەندى	جۋىپ	113
ەندى	ەكەمىز	113
ەندى	قايسى	112
ەندى	جاساپ	114
ەندى	جالعىز	108
ەندى	جەپ	112
ەندى	بارىن	114
ەندى	سونداي	109
ەندى	سۇيتىپ	113
ەندى	ماڭگى	104
ەندى	بىلاي	89
ەندى	ەڭ	121
ەندى	الگى	117
ەندى	بارامىن	120
ەندى	ونداي	88
ەندى	بەكەر	84
ەندى	ارەڭ	98
ەندى	جۇز	106
ەندى	ۇزىم	106
ەندى	الاتىن	104
ەندى	كەلگەن	120
ەندى	قايتەم	120
ەندى	نان	28
ەندى	سويلە	103
ەندى	سويلەپ	115
ەندى	بىزدىڭ	108
ەندى	ايتشى	118
ەندى	سولاي	116
ەندى	بىردەمە	122
ەندى	سىز	103
ەندى	دارى	114
ەندى	ەرتەرەك	120
ەندى	ماي	116
ەندى	باسى	121
ەندى	ونىڭ	114
ەندى	نەشە	108
ەندى	وزىم	94
ەندى	سىزگە	107
ەندى	ناق	118
ەندى	دەم	111
ەندى	ارتىق	85
ەندى	باستاپ	117
ەندى	بۇيىرسا	91
ەندى	قايداعى	107
ەندى	مەنەن	109
ەندى	اراق	103
ەندى	سۇيلە	97
ەندى	سۇيلەپ	113
ەندى	سۇت	112
ەندى	ىزدەپ	123
ەندى	كىر	118
ەندى	كىرىپ	106
ەندى	جارىم	110
ەندى	جاز	82
ەندى	اياق	112
ەندى	شعىپ	118
ەندى	بالالار	108
ەندى	اقشانى	121
ەندى	كەلسە	117
ەندى	بارامىز	114
ەندى	دەمال	99
ەندى	منا	111
ەندى	زات	112
ەندى	الام	120
ەندى	بەرەتىن	120
ەندى	قول	108
ەندى	بارعاندا	110
ەندى	كەلگەندە	96
ەندى	سەنەن	97
ەندى	بارادى	107
ەندى	جولى	106
ەندى	اۋدانعا	111
ەندى	قولايسىز	117
ەندى	جانە	106
ەندى	جەتى	117
ەندى	سەندەر	122
ەندى	جاۋاپ	114
ەندى	قايتارىپ	111
ەندى	ايتايىن	119
ەندى	اقىرىن	116
ەندى	ۇستىپ	104
ەندى	التى	110
ەندى	كەشكە	113
ەندى	اناۋ	121
ەندى	نەسى	115
ەندى	ۇيتىپ	122
ەندى	كەلەتىن	97
ەندى	مىنانى	98
ەندى	ۇتىرىك	114
ەندى	ءوزىڭ	122
ەندى	وتىرىك	115
ەندى	قايتەسىڭ	117
ەندى	قابارلاسىپ	69
ەندى	مىنە	117
ەندى	ۇيقى	109
ەندى	ۇيقىم	114
ەندى	دەمالىپ	111
ەندى	ەكەۋ	109
ەندى	ەكەۋى	115
ەندى	ەشكىم	121
ەندى	ەلدىڭ	115
ەندى	بارسام	117
ەندى	بىلىپ	98
ەندى	ەشتەمە	95
ەندى	دۇرس	103
ەندى	بولدىق	102
ەندى	جۇمىسقا	93
ەندى	كەتەم	93
ەندى	ساي	99
ەندى	ۇيقتادىم	120
ەندى	ايتتا	110
ەندى	شىعادى	118
ەندى	مۇمكىن	100
ەندى	رەنجىمە	98
ەندى	بايقا	103
ەندى	بايقاپ	122
ەندى	ۇندەمەي	112
ەندى	ايتپا	111
ەندى	تىپتى	118
ەندى	ۇيدەن	101
ەندى	تىنىش	116
ەندى	شىپ	119
ەندى	بۇدان	113
ەندى	ەستىپ	93
ەندى	قىيىن	84
ەندى	كەلدىك	107
ەندى	كەشكى	78
ەندى	بىزگە	102
ەندى	بىردەڭە	116
ەندى	يۇان	121
ەندى	كيىم	118
ەندى	قايتام	119
ەندى	كەلسەڭ	67
ەندى	ۇيقتاي	114
ەندى	سيىر	115
ەندى	ايتساڭ	113
ەندى	مەننەن	114
ەندى	نەمەنە	109
ەندى	انداعى	112
ەندى	تەزىرەك	117
ەندى	وسىنداي	122
ەندى	سەننەن	120
ەندى	سويلەمە	114
ەندى	سويلەمەي	99
ەندى	تاۋعا	112
ەندى	توقتاپ	110
ەندى	شىقتى	122
ەندى	شىقتىم	102
ەندى	تورت	69
ەندى	جاتتى	110
ەندى	جاتتىم	120
ەندى	كەلەم	59
ەندى	قايتەمىز	122
ەندى	مالعا	58
ەندى	ەلگە	98
ەندى	سونىڭ	121
ەندى	جۇمس	120
ەندى	جۇمسقا	122
ەندى	بارمايمىن	103
ەندى	نەدەپ	102
ەندى	ەكىنشى	107
ەندى	تۇسكى	119
ەندى	سەنىمەن	112
ەندى	جاتا	108
ەندى	وراي	122
ەندى	كەتەيىن	109
ەندى	تاماققا	108
ەندى	ۇيرەنىپ	98
ەندى	تۇرت	119
ەندى	كىمگە	113
ەندى	تۇردى	98
ەندى	تۇردىم	116
ەندى	كوردىم	59
ەندى	كورىم	77
ەندى	سۋعا	119
ەندى	سويلەي	114
ەندى	بىرى	116
ەندى	جولعا	108
ەندى	مەنىمەن	114
ەندى	بولدىما	120
ەندى	تۇردىڭبا	120
ەندى	قالعانى	96
ەندى	قالعانىن	106
ەندى	سۇيلەمە	97
ەندى	سۇيلەمەي	97
ەندى	مونشاعا	119
ەندى	جون	101
ەندى	سىرتقا	121
ەندى	ولاي	120
ەندى	بر	112
ەندى	شعادى	115
ەندى	ايتاتىن	108
ەندى	قايتەدى	120
ەندى	كەلەر	101
ەندى	بۇيتىپ	119
ەندى	سۇيلەي	113
ەندى	ىسكە	117
ەندى	ەلۋ	112
ەندى	ۇيقتايىن	115
ەندى	الباتى	68
ەندى	قاجەتى	115
ەندى	بىرەۋى	111
ەندى	الاڭسىز	88
ەندى	كوشەگە	108
ەندى	شىعام	118
ەندى	قولىم	74
ەندى	بىلدىم	108
ەندى	جازدا	90
ەندى	قايتتىم	119
ەندى	تۇرايىن	70
ەندى	بەتى	85
ەندى	جاتاققا	120
ەندى	كۇردىم	120
ەندى	تىنش	88
ەندى	كىمدى	120
ەندى	ەشكىمگە	107
ەندى	تۇستىم	116
ەندى	جۇردىم	73
ەندى	الماساڭ	97
ەندى	جاتايىن	116
ەندى	امالداپ	67
ەندى	قايتامىن	121
ەندى	تپتى	89
ەندى	كەتەمىن	117
ەندى	قايتايىن	119
ەندى	ايتتان	83
ەندى	سەنمەن	118
ەندى	جاتام	116
ەندى	ىستەيمىن	84
ەندى	ىستەن	121
ەندى	تۇرام	112
ەندى	بىرەر	95
ەندى	شىعامىن	114
ەندى	قايتامىز	89
ەندى	باسىمدى	78
ەندى	بارعالى	110
ەندى	جۇرەم	103
ەندى	جۇرەمىز	104
ەندى	ويانىپ	109
ەندى	قايتادان	105
ەندى	شىعايىن	121
ەندى	كەتەمىز	104
ەندى	دەمالدىم	119
ەندى	قاتىرجام	102
ەندى	تۇرامىن	117
ەندى	بىرەۋىن	107
ەندى	تۇسەم	108
ەندى	ۇيقتايىق	87
ەندى	قايۋاقتا	110
ەندى	بىرنەشە	109
ەندى	شعام	121
ەندى	ۇيقتايمىن	88
ەندى	كەتكەلى	82
ەندى	ىشەم	97
ەندى	قايىت	89
ەندى	بۇنداي	115
ەندى	ىشكەلى	111
ەندى	بىرەكى	93
ەندى	ايتپايمىن	120
ەندى	جيىرما	101
ەندى	نەسىن	117
ەندى	كىردىم	120
ەندى	ىدىس	86
ەندى	ىشەمىز	116
ەندى	شايعا	90
ەندى	جۇرەمىن	119
ەندى	كىمنەن	113
ەندى	شقتىم	108
ەندى	قايتىم	96
ەندى	وسىدان	86
ەندى	بەرمەسەڭ	111
ەندى	وتىردىم	114
ەندى	شىقتىق	96
ەندى	ايتارىم	84
ەندى	بىراي	116
ەندى	شىعامىز	118
ەندى	جاتتىق	92
ەندى	ىشەيىن	98
ەندى	قايتەمىن	120
ەندى	قايتتىق	84
ەندى	ىشپە	79
ەندى	دەمالايىن	110
ەندى	كەلمەسەڭ	84
ەندى	جازداي	117
ەندى	وياندىم	118
ەندى	جاتىم	74
ەندى	جاتامىن	94
ەندى	ەستىدىم	97
ەندى	تۇسەيىن	107
ەندى	ەسىمە	112
ەندى	ۇيىقتايىن	101
ەندى	قايتايىق	91
ەندى	مازاڭدى	104
ەندى	شىققالى	115
ەندى	شعايىن	89
ەندى	كەزىككەندە	120
ەندى	ىشپەيمىن	109
ەندى	شعامىن	101
ەندى	جاتايىق	99
ەندى	قايتقالى	96
ەندى	جاتقالى	78
ەندى	جۇردىك	82
ەندى	تۇسەمىن	102
ەندى	جاتامىز	103
ەندى	بوساپ	107
ەندى	تۇسىندىم	107
ەندى	قايتسەم	95
ەندى	قابارلاسپا	103
ەندى	اشتىم	118
ەندى	ايتبايمىن	113
ەندى	قايتىق	114
ەندى	نەدەيمىن	93
ەندى	باستالدى	93
ەندى	جەتتىم	111
ەندى	دەمالام	112
ەندى	جۇرگەلى	117
ەندى	ەسىڭە	105
ەندى	سويلەمەسەڭ	118
ەندى	سۇيلەمەسەڭ	117
ەندى	ىشەمىن	116
ەندى	شعامىز	100
ەندى	كارتەيگەندە	106
ەندى	دەمالايىق	106
ەندى	وتىردىق	117
ەندى	سويلەمەيمىن	121
ەندى	قوسپا	104
ەندى	تۇسكەلى	121
ەندى	قارادىم	110
ەندى	سۇيلەمەيمىن	117
ەندى	ۇيىقتايمىن	106
ەندى	تۇسەمىز	110
ەندى	ۇيقتاعالى	117
ەندى	ۇيقتايىم	103
ەندى	تۇستىك	112
ەندى	بوسادى	106
ەندى	بوسادىم	121
ەندى	باستالادى	84
ەندى	قايتامبا	121
ەندى	ىشبەيمىن	117
ەندى	قايتۋ	116
ەندى	ۇيتپەيمىن	114
ەندى	كىردىك	106
ەندى	شققالى	111
ەندى	شكەلى	112
ەندى	بىلدىڭبە	122
ەندى	شقتىق	115
ەندى	تۇردىق	112
ەندى	تۇسندىم	115
ەندى	سۇيلەمەياق	114
ەندى	ىزدەمە	122
ەندى	نەدەيىم	121
ەندى	قۇلدايمىن	115
ەندى	جاتامبا	122
ەندى	قابارلاسپاياق	116
ەندى	مازالامايمىن	109
ەندى	ۇيىقتاعالى	108
ەندى	شىقالى	118
ەندى	ۇيتبەيمىن	119
ەندى	تۇرعالى	117
ەندى	جاتايىنبا	107
ەندى	قايتتىك	122
ەندى	قايتۋىم	101
ەندى	ۇيقتايىنبا	122
ەندى	دەمالعالى	121
ەندى	قايتىك	122
بولىپ	عوي	113
بولىپ	جانىم	113
بولىپ	مەن	111
بولىپ	دەپ	98
بولىپ	جاقسى	117
بولىپ	بولدى	97
بولىپ	بىر	115
بولىپ	سول	81
بولىپ	نە	84
بولىپ	سەن	98
بولىپ	ەندى	109
بولىپ	بولىپ	68
بولىپ	جاتىر	96
بولىپ	جاتىرسىڭ	30
بولىپ	قوي	39
بولىپ	ال	121
بولىپ	الىپ	101
بولىپ	كەل	80
بولىپ	كەلىپ	112
بولىپ	ەرتەڭ	98
بولىپ	بۇگىن	119
بولىپ	تۇر	105
بولىپ	سودان	13
بولىپ	ماعان	98
بولىپ	بارىپ	105
بولىپ	ەكى	106
بولىپ	مەنى	99
بولىپ	جاتىرمىن	105
بولىپ	ول	46
بولىپ	قايدا	121
بولىپ	سەنى	114
بولىپ	ساعان	114
بولىپ	وسى	99
بولىپ	تاماق	115
بولىپ	قال	104
بولىپ	قالا	112
بولىپ	ۇي	105
بولىپ	ۇيدە	118
بولىپ	ۇيگە	122
بولىپ	تەلەفون	96
بولىپ	ايتىپ	95
بولىپ	وتىر	122
بولىپ	وتىرمىن	61
بولىپ	امان	54
بولىپ	كەت	99
بولىپ	كەتت	92
بولىپ	كەتتى	102
بولىپ	قالد	17
بولىپ	قالدى	109
بولىپ	اقشا	16
بولىپ	بىراق	116
بولىپ	قاربالاس	100
بولىپ	ىشىپ	108
بولىپ	تاعى	122
بولىپ	كەتى	117
بولىپ	كەتىپ	80
بولىپ	بىراز	66
بولىپ	شاي	114
بولىپ	بەرىپ	100
بولىپ	ەدى	122
بولىپ	ازىر	80
بولىپ	ىستەپ	101
بولىپ	جۇر	118
بولىپ	كەشە	60
بولىپ	قايتا	122
بولىپ	ۇيقتاپ	110
بولىپ	قايتىپ	106
بولىپ	الدى	107
بولىپ	الدىم	100
بولىپ	كەتتىم	104
بولىپ	جۇمىس	22
بولىپ	ايتەۋ	122
بولىپ	قالدىم	119
بولىپ	اۋىرىپ	34
بولىپ	بەرەيىن	112
بولىپ	كەلدى	120
بولىپ	كەلدىم	117
بولىپ	شىعا	118
بولىپ	شىعىپ	109
بولىپ	قويدى	116
بولىپ	قويدىم	79
بولىپ	تۇرىپ	105
بولىپ	جاڭا	90
بولىپ	سونى	106
بولىپ	ەدىم	121
بولىپ	جۇرمىن	106
بولىپ	الايىن	61
بولىپ	بارا	110
بولىپ	بارام	91
بولىپ	ۇيات	109
بولىپ	كەلە	108
بولىپ	جاتىپ	94
بولىپ	تۇرمىن	109
بولىپ	قالعان	54
بولىپ	الدىڭ	53
بولىپ	الدىڭبا	100
بولىپ	بولدىم	113
بولىپ	ودان	116
بولىپ	سوعان	116
بولىپ	كەتتىڭ	90
بولىپ	جاڭە	18
بولىپ	قالدىڭ	104
بولىپ	قالدىڭبا	59
بولىپ	كەلەدى	54
بولىپ	جاتقان	98
بولىپ	قويىپ	71
بولىپ	كەتكەن	119
بولىپ	شارشاپ	50
بولىپ	جاتىرمىز	111
بولىپ	جۇرە	82
بولىپ	جۇرگەن	74
بولىپ	العان	75
بولىپ	كەتە	103
بولىپ	كەتەدى	109
بولىپ	جۇرىپ	41
بولىپ	ورازا	90
بولىپ	جۇرسىڭ	81
بولىپ	ماڭگى	80
بولىپ	بارامىن	120
بولىپ	ارەڭ	114
بولىپ	ويناپ	107
بولىپ	كەلگەن	120
بولىپ	سويلەپ	121
بولىپ	ەدىڭ	122
بولىپ	تۇرعان	98
بولىپ	وتىرمىز	72
بولىپ	قالادى	90
بولىپ	تاستاپ	49
بولىپ	كىرىپ	121
بولىپ	وتىرسىڭ	119
بولىپ	وتىرىپ	84
بولىپ	جاتىرسىز	114
بولىپ	قالىپ	100
بولىپ	قالىپتى	77
بولىپ	بارادى	61
بولىپ	وتىرعان	73
بولىپ	الادى	94
بولىپ	قالىپپىن	121
بولىپ	ۇمىتىپ	98
بولىپ	كەتىپتى	110
بولىپ	قالپتى	58
بولىپ	كەتەم	66
بولىپ	شىعادى	83
بولىپ	جاتسىڭ	114
بولىپ	قابارلاسا	106
بولىپ	قالسا	98
بولىپ	كەتەت	72
بولىپ	كەتەتىن	112
بولىپ	كەتسە	70
بولىپ	تۇرسىڭ	72
بولىپ	جاتىرسىڭبا	76
بولىپ	شىقتى	79
بولىپ	باراسىڭ	107
بولىپ	تور	88
بولىپ	قالدىق	114
بولىپ	تۇرادى	75
بولىپ	قويعان	72
بولىپ	قالدىما	117
بولىپ	جۇرمە	61
بولىپ	كەتپتى	101
بولىپ	تۇرسا	67
بولىپ	جۇرەتىن	93
بولىپ	قالات	113
بولىپ	قالاتىن	117
بولىپ	قالما	77
بولىپ	كەتەيىن	95
بولىپ	كەتەسىڭ	111
بولىپ	تۇرما	62
بولىپ	قويىپتى	79
بولىپ	قالام	103
بولىپ	قالاما	87
بولىپ	جاتىرسىڭدار	68
بولىپ	ۋاعىندا	97
بولىپ	كەتىم	114
بولىپ	الايىق	65
بولىپ	قالاسىڭ	119
بولىپ	قالار	75
بولىپ	سويلەي	71
بولىپ	تۇرساڭ	80
بولىپ	جاتسا	116
بولىپ	قويادى	74
بولىپ	قالعانىن	118
بولىپ	كەتسىن	118
بولىپ	جاتىرما	94
بولىپ	جۇرسە	90
بولىپ	جۇرسەڭ	111
بولىپ	وتىرسىڭبا	107
بولىپ	قالماسىن	112
بولىپ	جاتسام	78
بولىپ	جۇرەدى	114
بولىپ	جۇرگەندە	107
بولىپ	كەتتىك	102
بولىپ	جاتر	67
بولىپ	سۇيلەي	101
بولىپ	جۇرمىز	82
بولىپ	قاپتى	102
بولىپ	قالسام	92
بولىپ	ەدىك	94
بولىپ	الىپتى	115
بولىپ	جۇرسىڭبە	111
بولىپ	كەتسەڭ	106
بولىپ	جاترمىن	89
بولىپ	جاتقام	110
بولىپ	جۇردىم	120
بولىپ	جۇرمەسىن	106
بولىپ	قويپتى	75
بولىپ	كەتەمىن	121
بولىپ	تۇراتىن	95
بولىپ	جازىلىپ	117
بولىپ	تۇرعاندا	119
بولىپ	الپتى	112
بولىپ	ارالاسىپ	119
بولىپ	كەتسەم	108
بولىپ	جۇرسەم	96
بولىپ	جاتقاندا	110
بولىپ	كەتىپپىن	115
بولىپ	كەتتىڭبە	120
بولىپ	قالساڭ	82
بولىپ	كەتىڭ	93
بولىپ	تۇرسىڭبا	75
بولىپ	كەتكەم	116
بولىپ	جاتساڭ	98
بولىپ	كەتەمىز	121
بولىپ	جۇرگەم	90
بولىپ	تەلەفونعا	121
بولىپ	وترمىن	100
بولىپ	تۇرعوي	122
بولىپ	كەتكەندە	81
بولىپ	قالامىن	115
بولىپ	كەتپە	92
بولىپ	كەتپەسىن	110
بولىپ	جۇرەسىڭ	96
بولىپ	قويدىق	116
بولىپ	قالپپىن	121
بولىپ	تۇرمىز	104
بولىپ	كەتەمە	100
بولىپ	كەتتىمە	85
بولىپ	قالعام	99
بولىپ	تۇرىم	104
بولىپ	قالعاندا	122
بولىپ	كەتەر	111
بولىپ	جۇرەيىك	91
بولىپ	قويدىڭبا	109
بولىپ	جاتسىڭبا	107
بولىپ	جاتقانىڭا	113
بولىپ	قالعانبا	120
بولىپ	قالسىن	97
بولىپ	تۇرعانى	116
بولىپ	كەتىڭبە	79
بولىپ	قالامبا	96
بولىپ	الىپسىڭ	109
بولىپ	قالامىز	106
بولىپ	كەتىك	109
بولىپ	كەتىپسىڭ	94
بولىپ	كەتپەي	84
بولىپ	جاتىرسڭبا	110
بولىپ	قالدىڭىز	110
بولىپ	قالدىڭىزبا	99
بولىپ	كەتىڭىز	99
بولىپ	جۇرسەك	91
بولىپ	قالپسىڭ	119
بولىپ	قالىپسىڭ	101
بولىپ	الپسىڭ	99
بولىپ	كەتتم	110
بولىپ	قالقان	104
بولىپ	كەتتىما	114
بولىپ	كەتىمە	114
بولىپ	كەتبەسىن	114
بولىپ	قالساق	112
بولىپ	كەتپسىڭ	122
بولىپ	كەتتڭ	85
بولىپ	قالمايىن	107
بولىپ	كەتسەك	107
بولىپ	قالدڭبا	119
بولىپ	كەتگەن	115
بولىپ	قالپىن	108
بولىپ	كەتىڭدەر	120
بولىپ	كەتتڭبە	110
بولىپ	كەتتىڭىز	104
بولىپ	جاتىرسىزبا	82
بولىپ	قالماسا	107
بولىپ	قويدىما	112
بولىپ	كەتكەنبە	111
بولىپ	قالدىڭدار	109
بولىپ	جاتقانىن	119
بولىپ	كەتبەي	110
بولىپ	قالارمىن	119
بولىپ	كەتتىڭبا	119
بولىپ	قالعانسىڭ	110
بولىپ	كەتپەسە	110
بولىپ	قالدما	117
بولىپ	كەتسەدە	116
بولىپ	كەتتىڭدەر	118
بولىپ	كەتكەنسىڭ	96
بولىپ	كەتڭبە	94
بولىپ	كەتەما	116
بولىپ	كەتكەنىن	117
بولىپ	وردا	122
بولىپ	كەتتك	101
بولىپ	تۇرمايما	118
بولىپ	كەتتىڭعوي	106
بولىپ	قالمايما	105
بولىپ	قالعانسىڭبا	114
بولىپ	قالدىمبا	107
بولىپ	كەتتەدى	110
بولىپ	كەتتىعوي	115
بولىپ	كەتتىڭىزبە	121
بولىپ	كەتپەيمە	98
بولىپ	ايەلىنە	111
بولىپ	كەتەسىز	119
بولىپ	كەتكەسىڭ	119
بولىپ	وتەيىك	114
بولىپ	كەتڭىز	115
بولىپ	كەتەسىڭدەر	121
بولىپ	ۇتەيىك	122
بولىپ	كەتىڭىزبە	121
بولىپ	كەتتڭىز	114
بولىپ	ەرجەتسىن	114
راحىمەت	جان	117
راحىمەت	جانىم	86
راحىمەت	سالەم	13
راحىمەت	مەن	80
راحىمەت	دەپ	82
راحىمەت	جاقسى	88
راحىمەت	بولدى	78
راحىمەت	ەكەن	85
راحىمەت	بىر	105
راحىمەت	سول	109
راحىمەت	نەعىپ	91
راحىمەت	سەن	109
راحىمەت	ەندى	111
راحىمەت	راحىمەت	99
راحىمەت	ماقۇل	29
راحىمەت	الىپ	89
راحىمەت	وندا	119
راحىمەت	كەلىپ	97
راحىمەت	يا	111
راحىمەت	ەرتەڭ	104
راحىمەت	بۇگىن	106
راحىمەت	مەندە	109
راحىمەت	ماعان	100
راحىمەت	مەنى	103
راحىمەت	مەنىڭ	99
راحىمەت	بولادى	115
راحىمەت	سەنى	119
راحىمەت	ساعان	117
راحىمەت	وسى	54
راحىمەت	جارايدى	95
راحىمەت	ۇيگە	92
راحىمەت	ايتىپ	116
راحىمەت	بىرگە	84
راحىمەت	دوسىم	23
راحىمەت	امان	30
راحىمەت	امانشىلىق	112
راحىمەت	اق	117
راحىمەت	ۇز	84
راحىمەت	ۇزىڭ	93
راحىمەت	كوپ	106
راحىمەت	سەنىڭ	90
راحىمەت	وز	119
راحىمەت	وزىڭ	93
راحىمەت	اعا	116
راحىمەت	كوڭىل	51
راحىمەت	ايتقان	108
راحىمەت	ايتقانىڭ	114
راحىمەت	ۇيات	21
راحىمەت	جەجە	102
راحىمەت	اپا	53
راحىمەت	كۇپ	107
راحىمەت	ايتام	104
راحىمەت	اينالايىن	114
راحىمەت	قىزدار	57
راحىمەت	تاتتى	92
راحىمەت	تاتتىم	102
راحىمەت	سۇيتىپ	99
راحىمەت	سىز	118
راحىمەت	سىزگە	119
راحىمەت	بالام	23
راحىمەت	بۇيىرسا	85
راحىمەت	اكە	117
راحىمەت	بارلىق	112
راحىمەت	باۋىرىم	105
راحىمەت	كۇڭىل	64
راحىمەت	اتا	111
راحىمەت	ۇستىپ	115
راحىمەت	التىن	114
راحىمەت	ايتاسىڭ	79
راحىمەت	قارسى	102
راحىمەت	دوستار	95
راحىمەت	قابارلاسىپ	85
راحىمەت	قۇدا	99
راحىمەت	كۇنىم	100
راحىمەت	التىنىم	107
راحىمەت	قوش	93
راحىمەت	ايتپا	118
راحىمەت	ايتقانىڭىز	118
راحىمەت	بارلىقتارىڭىزعا	42
راحىمەت	اپەكە	32
راحىمەت	وسىنداي	74
راحىمەت	جەڭگە	118
راحىمەت	ايتامىن	79
راحىمەت	كەلىن	110
راحىمەت	شەشە	107
راحىمەت	ساۋداڭ	110
راحىمەت	وزىڭە	98
راحىمەت	تاتە	65
راحىمەت	ۇزىڭە	99
راحىمەت	تۇسىنىپ	61
راحىمەت	قۇلىنىم	115
راحىمەت	مۇعالىم	119
راحىمەت	ناعاشى	107
راحىمەت	جاپا	104
راحىمەت	جالعاستى	91
راحىمەت	جاندارىم	116
راحىمەت	اسابا	69
راحىمەت	ۇزىڭدە	70
راحىمەت	وزىڭدە	100
راحىمەت	بىركە	109
راحىمەت	اسىل	93
راحىمەت	سىڭىلىم	100
راحىمەت	سەندەرگە	94
راحىمەت	اياۋلى	113
راحىمەت	ىنىم	118
راحىمەت	ساعاندا	100
راحىمەت	سىزدەرگە	112
راحىمەت	اپاي	58
راحىمەت	ايتقاندارىڭ	106
راحىمەت	ايتقاندارىڭىز	78
راحىمەت	سزگە	70
راحىمەت	قۇداشا	70
راحىمەت	جەزدە	116
راحىمەت	قۇداعي	103
راحىمەت	قولداپ	119
راحىمەت	كوپشىلىك	91
راحىمەت	قارىنداسىم	88
راحىمەت	باۋرىم	104
راحىمەت	برگە	107
راحىمەت	ءبىرگە	111
راحىمەت	ساۋداڭىز	107
راحىمەت	دوستارىم	117
راحىمەت	كۇپشىلىك	112
راحىمەت	ايىتقانىڭ	104
راحىمەت	سڭلىم	103
راحىمەت	دوسكا	118
راحىمەت	كوڭىلىڭە	106
راحىمەت	تانىسقانىما	87
راحىمەت	وزىڭەدە	108
راحىمەت	ءوزىڭە	117
راحىمەت	بارلىقتارىڭىزدىڭ	97
راحىمەت	ۇزڭە	106
راحىمەت	ۇزىڭەدە	113
راحىمەت	وزىڭىزگە	115
راحىمەت	ايقانىڭ	96
راحىمەت	جەتەكشى	117
راحىمەت	مەيىربان	115
راحىمەت	بارلىقتارىڭا	116
راحىمەت	بالداي	104
راحىمەت	ۇزىڭدىكى	108
راحىمەت	اۋرەلەپ	119
راحىمەت	كۇڭىلىڭە	115
راحىمەت	تىلەكتەرىڭىزگە	98
راحىمەت	ۇزىڭىزگە	116
راحىمەت	ءسىزگە	98
راحىمەت	سىزكە	103
راحىمەت	ايتقانڭىز	112
راحىمەت	اۋىرەلەپ	109
راحىمەت	وزدەرىڭە	110
راحىمەت	تۇسىنگەنىڭە	107
راحىمەت	سزدەرگە	97
راحىمەت	ۇزدەرىڭە	104
راحىمەت	شاشۋىڭا	102
راحىمەت	كولدەي	94
راحىمەت	كۇلدەي	109
راحىمەت	قارسالىپ	118
راحىمەت	شاشۋىڭىزعا	115
ماقۇل	جان	108
ماقۇل	جانىم	85
ماقۇل	مەن	12
ماقۇل	دەپ	60
ماقۇل	جاقسى	64
ماقۇل	بولدى	59
ماقۇل	بىر	95
ماقۇل	سول	83
ماقۇل	نە	86
ماقۇل	بار	113
ماقۇل	سەن	116
ماقۇل	ەندى	89
ماقۇل	بولىپ	85
ماقۇل	راحىمەت	110
ماقۇل	ماقۇل	40
ماقۇل	الىپ	40
ماقۇل	وندا	105
ماقۇل	كەل	37
ماقۇل	يا	102
ماقۇل	ەرتەڭ	81
ماقۇل	بولسا	66
ماقۇل	بۇگىن	116
ماقۇل	مەندە	106
ماقۇل	ماعان	80
ماقۇل	بارىپ	118
ماقۇل	قايىرلى	99
ماقۇل	بولادى	96
ماقۇل	ول	53
ماقۇل	سەنى	117
ماقۇل	ساعان	108
ماقۇل	وسى	109
ماقۇل	جارايدى	114
ماقۇل	تاماق	16
ماقۇل	دەي	116
ماقۇل	دەيدى	100
ماقۇل	ۇيگە	92
ماقۇل	تەلەفون	111
ماقۇل	ايتىپ	116
ماقۇل	بىرگە	95
ماقۇل	دوسىم	116
ماقۇل	امان	58
ماقۇل	اق	109
ماقۇل	دەگەن	110
ماقۇل	بىراق	89
ماقۇل	ۇزىڭ	113
ماقۇل	قاشان	105
ماقۇل	قاربالاس	112
ماقۇل	تاعى	117
ماقۇل	كوپ	112
ماقۇل	تاڭەرتەڭ	118
ماقۇل	بىراز	93
ماقۇل	سەنىڭ	108
ماقۇل	كەشتە	111
ماقۇل	از	95
ماقۇل	ازىر	111
ماقۇل	ۇيقتا	101
ماقۇل	ۇيقتاپ	113
ماقۇل	جول	118
ماقۇل	جولداپ	89
ماقۇل	وزىڭ	108
ماقۇل	ايتەۋ	115
ماقۇل	تەز	116
ماقۇل	اعا	119
ماقۇل	دەسە	60
ماقۇل	تۇن	104
ماقۇل	بەرەيىن	97
ماقۇل	سەندە	117
ماقۇل	ايتقانىڭ	98
ماقۇل	الايىن	91
ماقۇل	بارام	119
ماقۇل	اس	116
ماقۇل	قازىر	107
ماقۇل	قوسىپ	110
ماقۇل	جەجە	117
ماقۇل	اپا	57
ماقۇل	سۇراپ	103
ماقۇل	دەشى	111
ماقۇل	اينالايىن	72
ماقۇل	بارايىن	93
ماقۇل	تۇستەن	94
ماقۇل	دەدى	109
ماقۇل	دەدىم	106
ماقۇل	تاتتىم	83
ماقۇل	سۇيت	95
ماقۇل	بارامىن	110
ماقۇل	بولساڭ	112
ماقۇل	ساۋ	100
ماقۇل	ەرتەرەك	106
ماقۇل	دەم	103
ماقۇل	ىراحىمەت	116
ماقۇل	بالام	97
ماقۇل	بۇيىرسا	94
ماقۇل	بارامىز	88
ماقۇل	دەمال	108
ماقۇل	بارعاندا	113
ماقۇل	كەلگەندە	118
ماقۇل	دەسەڭ	119
ماقۇل	باۋىرىم	85
ماقۇل	ايتايىن	102
ماقۇل	راقىمەت	90
ماقۇل	قابارلاسىپ	102
ماقۇل	جايلى	113
ماقۇل	ۇيقتادىم	117
ماقۇل	الاڭداما	107
ماقۇل	كۇنىم	106
ماقۇل	التىنىم	100
ماقۇل	بايقاپ	108
ماقۇل	بۇدان	102
ماقۇل	ۇيقتاي	116
ماقۇل	اپەكە	110
ماقۇل	جەڭگە	96
ماقۇل	بۇيرسا	99
ماقۇل	شەشە	110
ماقۇل	جولىڭ	107
ماقۇل	جانم	117
ماقۇل	راحمەت	112
ماقۇل	دەدىڭ	103
ماقۇل	تاتە	117
ماقۇل	كەمپىر	113
ماقۇل	قۇلىنىم	119
ماقۇل	مۇعالىم	109
ماقۇل	دانىم	102
ماقۇل	الاڭسىز	101
ماقۇل	بىلدىم	118
ماقۇل	ۇزىڭدە	95
ماقۇل	وزىڭدە	91
ماقۇل	ۇندا	96
ماقۇل	بوتام	117
ماقۇل	باستىق	117
ماقۇل	ۇيقتايىق	95
ماقۇل	ماما	114
ماقۇل	كۇشىگىم	119
ماقۇل	ۇقتىم	110
ماقۇل	سۇيتەيىك	88
ماقۇل	سۇيتەيىن	104
ماقۇل	باسەكە	105
ماقۇل	بىراۋىز	97
جات	جانىم	115
جات	مەن	26
جات	دەپ	48
جات	بولدى	19
جات	سول	37
جات	ەندى	52
جات	وندا	27
جات	دەيدى	22
جات	ۇيدە	36
جات	دەگەن	55
جات	دەسە	51
جات	دەسەم	47
جاتىر	عوي	50
جاتىر	جانىم	16
جاتىر	مەن	50
جاتىر	دەپ	59
جاتىر	جاقسى	35
جاتىر	ەكەن	96
جاتىر	بىر	15
جاتىر	سول	71
جاتىر	نە	71
جاتىر	سەن	84
جاتىر	ەندى	81
جاتىر	جاتىر	73
جاتىر	قوي	105
جاتىر	الى	74
جاتىر	كەلىپ	93
جاتىر	ەرتەڭ	103
جاتىر	ادام	79
جاتىر	بۇگىن	106
جاتىر	مەندە	76
جاتىر	سودان	87
جاتىر	ماعان	80
جاتىر	بارى	81
جاتىر	بارىپ	102
جاتىر	ەكى	105
جاتىر	مەنى	85
جاتىر	مەنىڭ	96
جاتىر	ول	97
جاتىر	سەنى	77
جاتىر	ساعان	94
جاتىر	وسى	97
جاتىر	تاماق	89
جاتىر	دەيدى	94
جاتىر	ۇيدە	44
جاتىر	ۇيگە	90
جاتىر	تەلەفون	102
جاتىر	دوسىم	84
جاتىر	اقشا	86
جاتىر	دەگەن	95
جاتىر	ونى	80
جاتىر	بىراق	102
جاتىر	تاعى	102
جاتىر	تاڭەرتەڭ	99
جاتىر	بىراز	98
جاتىر	مىن	95
جاتىر	مىنا	32
جاتىر	ەدى	95
جاتىر	كەشتە	45
جاتىر	از	106
جاتىر	ازىر	102
جاتىر	كەشە	89
جاتىر	قايتا	95
جاتىر	انا	94
جاتىر	ۇش	86
جاتىر	سوندا	105
جاتىر	ايتەۋ	95
جاتىر	تەز	91
جاتىر	اعا	99
جاتىر	دەسە	104
جاتىر	دەسەم	96
جاتىر	اۋ	94
جاتىر	تۇندە	106
جاتىر	وعان	103
جاتىر	سونى	96
جاتىر	بىز	88
جاتىر	ەدىم	99
جاتىر	ۇيات	70
جاتىر	قيىن	98
جاتىر	ەكەنسىڭ	106
جاتىر	بۇل	52
جاتىر	قازىر	103
جاتىر	ەي	101
جاتىر	سوعان	98
جاتىر	ەمەسپە	74
جاتىر	دەشى	72
جاتىر	ەكەم	82
جاتىر	دەدى	85
جاتىر	دەدىم	103
جاتىر	ءالى	96
جاتىر	قايتەم	105
جاتىر	ەدىڭ	101
جاتىر	سىز	39
جاتىر	قۇرسىن	88
جاتىر	دەسەڭ	88
جاتىر	دەيسىڭ	106
جاتىر	عۇي	101
جاتىر	سىڭ	98
جاتىر	مەكەن	60
جاتىر	ەدىك	83
جاتىر	ەكەسىڭ	105
جاتىر	ەگەن	94
جاتىر	سىڭبا	106
جاتىر	ەكەنسىز	69
جاتىر	ەكەنسىڭدەر	100
جاتىر	ەدىڭىز	95
جاتىر	سڭبا	91
جاتىر	ەدىڭعوي	91
جاتىرسىڭ	عوي	98
جاتىرسىڭ	جان	56
جاتىرسىڭ	جانىم	97
جاتىرسىڭ	مەن	14
جاتىرسىڭ	دەپ	79
جاتىرسىڭ	جوق	80
جاتىرسىڭ	نە	82
جاتىرسىڭ	سەن	86
جاتىرسىڭ	ەندى	107
جاتىرسىڭ	جاتىرسىڭ	113
جاتىرسىڭ	قوي	97
جاتىرسىڭ	كەلىپ	101
جاتىرسىڭ	ەرتەڭ	110
جاتىرسىڭ	بۇگىن	108
جاتىرسىڭ	مەندە	98
جاتىرسىڭ	سودان	111
جاتىرسىڭ	ماعان	100
جاتىرسىڭ	نەگە	106
جاتىرسىڭ	قايدا	107
جاتىرسىڭ	تاماق	112
جاتىرسىڭ	ۇيدە	87
جاتىرسىڭ	ۇيگە	107
جاتىرسىڭ	تەلەفون	107
جاتىرسىڭ	دوسىم	105
جاتىرسىڭ	ۇزىڭ	56
جاتىرسىڭ	قاشان	102
جاتىرسىڭ	قاربالاس	117
جاتىرسىڭ	شاي	103
جاتىرسىڭ	ازىر	115
جاتىرسىڭ	ىستەپ	115
جاتىرسىڭ	ۇيقتاپ	110
جاتىرسىڭ	سوندا	103
جاتىرسىڭ	جۇمىس	113
جاتىرسىڭ	وزىڭ	111
جاتىرسىڭ	قايداسىڭ	110
جاتىرسىڭ	بارسىڭبا	53
جاتىرسىڭ	بىز	94
جاتىرسىڭ	سونىمەن	117
جاتىرسىڭ	ەي	111
جاتىرسىڭ	اينالايىن	98
جاتىرسىڭ	اڭگىمە	94
جاتىرسىڭ	تاتتىم	113
جاتىرسىڭ	الگى	103
جاتىرسىڭ	سويلە	116
جاتىرسىڭ	دەنساۋلىق	111
جاتىرسىڭ	دار	95
جاتىرسىڭ	سومەن	23
جاتىرسىڭ	بالام	110
جاتىرسىڭ	سۇيلە	97
جاتىرسىڭ	باۋىرىم	89
جاتىرسىڭ	جاعداي	109
جاتىرسىڭ	كۇنىم	114
جاتىرسىڭ	التىنىم	109
جاتىرسىڭ	سونمەن	106
جاتىرسىڭ	كەمپىر	89
جاتىرسىڭ	ماۋباس	112
جاتىرسىڭ	قابارسىز	105
جاتىرسىڭ	قاربالاسپا	89
جاتىرسىڭ	ۇيدەسىڭبە	73
جاتىرسىڭ	بوتام	93
قوي	جان	117
قوي	جانىم	102
قوي	مەن	19
قوي	دەپ	50
قوي	جوق	45
قوي	جاقسى	81
قوي	بولدى	80
قوي	ەكەن	44
قوي	بىر	107
قوي	سول	64
قوي	نە	72
قوي	نەعىپ	76
قوي	بار	108
قوي	سەن	66
قوي	ەندى	67
قوي	بولىپ	54
قوي	راحىمەت	112
قوي	قوي	97
قوي	ال	83
قوي	الى	117
قوي	الىپ	98
قوي	ون	87
قوي	وندا	111
قوي	كەلىپ	65
قوي	يا	109
قوي	ەرتە	84
قوي	ەرتەڭ	114
قوي	ادام	74
قوي	بولسا	94
قوي	بۇگىن	86
قوي	مەندە	81
قوي	سودان	75
قوي	ماعان	93
قوي	بارى	73
قوي	بارىپ	94
قوي	ەكى	100
قوي	مەنى	84
قوي	مەنىڭ	81
قوي	قاي	84
قوي	نەگە	104
قوي	ول	96
قوي	قايدا	69
قوي	سەنى	96
قوي	ساعان	85
قوي	وسى	76
قوي	تاماق	84
قوي	دەيدى	103
قوي	قالاي	76
قوي	ۇي	106
قوي	ۇيدە	85
قوي	ۇيگە	101
قوي	تەلەفون	100
قوي	اي	96
قوي	ايتىپ	113
قوي	بىرگە	117
قوي	كۇن	117
قوي	دوسىم	113
قوي	كىم	66
قوي	امان	106
قوي	كەيىن	112
قوي	قالدى	106
قوي	اق	110
قوي	اقشا	116
قوي	دەگەن	96
قوي	يە	86
قوي	بارما	102
قوي	ونى	94
قوي	بىراق	92
قوي	قانشا	87
قوي	ۇز	97
قوي	ۇزى	113
قوي	ۇزىڭ	94
قوي	قاشان	97
قوي	قاربالاس	110
قوي	تاعى	115
قوي	كوپ	97
قوي	كەتىپ	104
قوي	تاڭەرتەڭ	113
قوي	بىراز	95
قوي	مىنا	100
قوي	نەدەگەن	97
قوي	قانداي	110
قوي	باس	110
قوي	باسقا	106
قوي	سەنىڭ	92
قوي	كەشتە	91
قوي	بولاما	98
قوي	راس	74
قوي	از	106
قوي	ازىر	105
قوي	كەشە	98
قوي	قايتا	104
قوي	انا	99
قوي	قايتىپ	95
قوي	ۇش	107
قوي	سوندا	106
قوي	جۇمىس	98
قوي	وزى	108
قوي	وزىڭ	101
قوي	ايتەۋ	105
قوي	تەز	84
قوي	اعا	111
قوي	دەسە	99
قوي	دەسەم	105
قوي	كەرەك	88
قوي	تۇندە	107
قوي	شى	102
قوي	كورىپ	87
قوي	وعان	117
قوي	بالا	92
قوي	جاڭا	97
قوي	سونى	116
قوي	سەندە	107
قوي	بىز	92
قوي	تاۋىپ	99
قوي	ۇيات	114
قوي	دەيمىن	79
قوي	ەشتەڭە	50
قوي	ۇلكەن	106
قوي	بۇل	109
قوي	كۇندە	96
قوي	مال	109
قوي	قازىر	114
قوي	قوسىپ	103
قوي	جەجە	100
قوي	ەي	111
قوي	ودا	34
قوي	ودان	108
قوي	سوعان	106
قوي	بەس	110
قوي	اپارىپ	114
قوي	كۇپ	109
قوي	مىناۋ	115
قوي	جامان	100
قوي	دەشى	89
قوي	جاي	112
قوي	اينالايىن	111
قوي	بىرەۋ	97
قوي	شىن	116
قوي	بولمايدى	117
قوي	بولماسا	107
قوي	تۇستەن	110
قوي	امال	109
قوي	باعانا	109
قوي	ەكەمىز	111
قوي	دەدى	110
قوي	دەدىم	101
قوي	جاس	81
قوي	بارىن	112
قوي	ءالى	106
قوي	قاتە	107
قوي	ەڭ	116
قوي	ونداي	110
قوي	بەكەر	98
قوي	ۇزىم	107
قوي	دەگەم	107
قوي	الاتىن	108
قوي	بىزدىڭ	113
قوي	ەرتەرەك	113
قوي	ماي	114
قوي	ونىڭ	115
قوي	بىزدە	104
قوي	وزىم	114
قوي	باسىپ	116
قوي	جىندى	111
قوي	بالام	117
قوي	ىزدەپ	104
قوي	قۇرسىن	115
قوي	شىركىن	85
قوي	سەنەن	87
قوي	دەسەڭ	110
قوي	ەل	108
قوي	باۋىرىم	111
قوي	دەيسىڭ	104
قوي	ۇيتىپ	104
قوي	ۇتىرىك	78
قوي	وتىرىك	112
قوي	ساتىپ	115
قوي	ەشكى	109
قوي	ەلدىڭ	105
قوي	ايداپ	114
قوي	ارى	95
قوي	تالاي	102
قوي	بۇدان	117
قوي	ايتپەسە	111
قوي	سيىر	108
قوي	انداعى	115
قوي	باعىپ	117
قوي	دەگەنىم	67
قوي	باياعى	114
قوي	تەگى	98
قوي	ساتىلادى	114
قوي	دەيىم	82
قوي	ساتاتىن	82
قوي	ايتبەسە	106
قوي	قوزى	115
قوي	تۋىپ	67
قوي	قارعام	74
قوي	اسىلى	110
قوي	كوتەرىپ	111
قوي	ەتى	114
قوي	اكام	113
قوي	دەيتىن	107
قوي	قايداعىنى	116
قوي	دىم	99
قوي	دەيسىڭبە	116
قوي	تۇياق	114
قوي	جايىپ	101
قوي	سانى	66
قوي	توقتى	100
قوي	سويىپ	102
قوي	باعاتىن	86
قوي	قايداعنى	90
قوي	قايىرىپ	113
قوي	تۇىپ	107
قوي	قاماپ	100
قوي	ۇيتپە	115
قوي	باققان	94
قوي	ۇيتبە	115
قوي	تۋدى	102
ال	جا	105
ال	جانىم	62
ال	مەن	18
ال	دەپ	34
ال	جوق	29
ال	جاقسى	92
ال	بولدى	68
ال	بىر	64
ال	سول	69
ال	نە	80
ال	نەعىپ	66
ال	بار	90
ال	سەن	98
ال	ەندى	45
ال	راحىمەت	28
ال	ماقۇل	96
ال	ال	78
ال	وندا	79
ال	كەلىپ	25
ال	يا	90
ال	ەرتەڭ	65
ال	بۇگىن	66
ال	مەندە	72
ال	سودان	66
ال	ماعان	57
ال	بارىپ	70
ال	ەكى	92
ال	مەنى	88
ال	مەنىڭ	76
ال	نەگە	73
ال	ول	86
ال	قايدا	77
ال	سەنى	87
ال	ساعان	89
ال	وسى	79
ال	جارايدى	84
ال	تاماق	97
ال	دەيدى	91
ال	ۇيگە	53
ال	تەلەفون	91
ال	ايت	80
ال	ايتىپ	89
ال	دوسىم	95
ال	امان	70
ال	اق	94
ال	اقشا	95
ال	دەگەن	91
ال	ونى	69
ال	ۇزىڭ	99
ال	تاعى	89
ال	تاڭەرتەڭ	87
ال	بىراز	86
ال	مىنا	79
ال	باسقا	86
ال	سەنىڭ	84
ال	كەشتە	84
ال	بولاما	90
ال	از	72
ال	ازىر	84
ال	انا	94
ال	سوندا	78
ال	وزىڭ	87
ال	تەز	97
ال	ات	72
ال	دەسە	96
ال	دەسەم	85
ال	كەرەك	75
ال	تۇندە	96
ال	وعان	94
ال	سەندە	99
ال	بىز	89
ال	ايتا	85
ال	دەيمىن	82
ال	اس	93
ال	بۇل	90
ال	قازىر	91
ال	ەي	79
ال	ودان	88
ال	مىناۋ	85
ال	بولماسا	95
ال	قىزدار	89
ال	دەدى	99
ال	دەدىم	82
ال	جەپ	67
ال	ەڭ	73
ال	دەگەم	96
ال	سويلە	93
ال	ايتشى	93
ال	سىز	80
ال	ەرتەرەك	97
ال	سۇيلە	90
ال	دەسەڭ	90
ال	الدىمەن	92
ال	سوسىن	95
ال	دەگەندە	96
ال	شارشادىڭ	90
ال	سەنشى	95
ال	الماساڭ	87
ال	اسىقپاي	88
ال	شاپ	94
ال	مەنشى	86
ال	ەندەشە	96
الى	جوق	96
الى	جاقسى	26
الى	بىر	45
الى	سول	50
الى	بار	54
الى	جاتىر	30
الى	ون	76
الى	كەلىپ	79
الى	ەرتە	81
الى	ادام	50
الى	تۇر	83
الى	ەكى	74
الى	جاتىرمىن	66
الى	قايدا	76
الى	تاماق	83
الى	ۇيگە	62
الى	تەلەفون	84
الى	كۇن	87
الى	وتىر	82
الى	وتىرمىن	67
الى	اق	60
الى	اقشا	54
الى	بارما	86
الى	قاربالاس	69
الى	ىشىپ	67
الى	كوپ	55
الى	شاي	84
الى	ىستەپ	72
الى	جۇر	62
الى	ۇيقتاپ	77
الى	ۇش	56
الى	اۋىرىپ	81
الى	بالا	57
الى	جۇرمىن	86
الى	قابار	69
الى	بولعان	59
الى	ەشتەڭە	75
الى	توي	87
الى	كەتكەن	80
الى	اشىپ	80
الى	جاس	78
الى	ويناپ	78
الى	كەلگەن	80
الى	ستەپ	55
الى	تۇرعان	76
الى	توسىپ	86
الى	وتىرمىز	67
الى	ۇيىقتاپ	61
الى	وتىرسىڭ	80
الى	جاۋاپ	85
الى	رەنجىپ	84
الى	المادىم	84
الى	بەرگەن	75
الى	بەرمەي	75
الى	تالاي	82
الى	تولىق	54
الى	شىپ	78
الى	جاۋىپ	87
الى	اۋرىپ	76
الى	بولمادى	86
الى	الدا	86
الى	شىققان	83
الى	كەلمەدى	77
الى	جوقسىڭ	33
الى	وتىرسىڭبا	68
الى	جۇرمىز	67
الى	بارمادىم	85
الى	قايتقان	81
الى	وتىرما	86
الى	بەرمەدى	87
الى	بەلگىسىز	60
الى	شىقپادى	85
الى	ۇيقتامادىڭبا	74
الى	ۇيقتاماپسىڭ	63
الى	ۇرمادى	73
الى	وتىرسىڭدارما	77
الى	قايتقام	81
الى	كەلمەپتى	87
الى	قايتپادىم	80
الى	كەلمەدىمە	75
الى	قايتپادىڭبا	85
الى	جاسسىڭ	74
الى	تۇرمادىم	81
الى	بولمادىڭبا	85
الى	تۇسپەدىم	81
الى	تۇرمادىڭبا	83
الى	قايتبادىڭبا	76
الى	تۇسپەدىڭبە	84
الىپ	جانىم	85
الىپ	مەن	110
الىپ	دەپ	92
الىپ	جوق	99
الىپ	جاقسى	89
الىپ	بولدى	98
الىپ	بىر	93
الىپ	سول	71
الىپ	نە	95
الىپ	نەعىپ	89
الىپ	بار	116
الىپ	سەن	90
الىپ	ەندى	102
الىپ	بولىپ	68
الىپ	جات	97
الىپ	جاتىر	94
الىپ	جاتىرسىڭ	57
الىپ	قوي	103
الىپ	ال	63
الىپ	الىپ	20
الىپ	كەل	55
الىپ	كەلىپ	45
الىپ	ەرتەڭ	61
الىپ	ادام	94
الىپ	بۇگىن	116
الىپ	تۇر	106
الىپ	مەندە	68
الىپ	سودان	112
الىپ	ماعان	77
الىپ	بارىپ	77
الىپ	ەكى	70
الىپ	مەنى	94
الىپ	مەنىڭ	87
الىپ	نەگە	114
الىپ	جاتىرمىن	93
الىپ	ول	56
الىپ	قايدا	115
الىپ	سەنى	104
الىپ	ساعان	100
الىپ	وسى	90
الىپ	تاماق	111
الىپ	قال	89
الىپ	ۇي	91
الىپ	ۇيدە	103
الىپ	ۇيگە	115
الىپ	تەلەفون	75
الىپ	ايتىپ	88
الىپ	بىرگە	106
الىپ	وتىر	110
الىپ	وتىرمىن	84
الىپ	كەت	63
الىپ	كەتتى	48
الىپ	قالدى	44
الىپ	اقشا	94
الىپ	ونى	104
الىپ	بىراق	112
الىپ	ۇزىڭ	60
الىپ	قاربالاس	116
الىپ	ىش	113
الىپ	ىشىپ	69
الىپ	قويشى	84
الىپ	تاعى	88
الىپ	كەتى	88
الىپ	كەتىپ	103
الىپ	تاڭەرتەڭ	65
الىپ	بىراز	111
الىپ	شاي	94
الىپ	بەر	99
الىپ	بەرىپ	47
الىپ	ەدى	49
الىپ	باسقا	79
الىپ	كەشتە	111
الىپ	ازىر	113
الىپ	ىستەپ	109
الىپ	جۇر	109
الىپ	الماي	71
الىپ	كەلسىن	111
الىپ	قايت	96
الىپ	قايتا	99
الىپ	انا	70
الىپ	ۇيقتا	108
الىپ	ۇيقتاپ	109
الىپ	قايتىپ	92
الىپ	جولداپ	88
الىپ	الدى	105
الىپ	الدىم	73
الىپ	كەتتىم	55
الىپ	اتىپ	86
الىپ	قالدىم	87
الىپ	بەرە	91
الىپ	بەرەيىن	65
الىپ	كەلدى	35
الىپ	كەلدىم	74
الىپ	شىعا	50
الىپ	شىعىپ	111
الىپ	قويدى	68
الىپ	قويدىم	98
الىپ	تۇرىپ	56
الىپ	جاڭا	97
الىپ	سونى	110
الىپ	ەدىم	99
الىپ	جۇرمىن	61
الىپ	الايىن	72
الىپ	بارا	46
الىپ	بارام	90
الىپ	كەلە	79
الىپ	قابارلاس	80
الىپ	سالىپ	101
الىپ	بولعان	90
الىپ	جاتىپ	99
الىپ	تۇرمىن	89
الىپ	مال	99
الىپ	تۇسىپ	111
الىپ	قالعان	112
الىپ	قوسىپ	90
الىپ	جە	115
الىپ	الدىڭ	86
الىپ	الدىڭبا	99
الىپ	بولدىم	73
الىپ	ودان	90
الىپ	سوعان	91
الىپ	اپارىپ	108
الىپ	ماشينا	99
الىپ	كەتتىڭ	109
الىپ	جاڭە	106
الىپ	قالدىڭبا	110
الىپ	كەلەدى	100
الىپ	جاتقان	87
الىپ	كەپ	77
الىپ	قويىپ	91
الىپ	كەتكەن	83
الىپ	بارايىن	63
الىپ	ءىش	67
الىپ	جاتىرمىز	111
الىپ	جۇرە	95
الىپ	جۇرگەن	90
الىپ	العان	73
الىپ	كەتە	67
الىپ	كەتەدى	93
الىپ	باراتىن	71
الىپ	اڭگىمە	104
الىپ	بەرەم	116
الىپ	جۋىپ	53
الىپ	جەپ	112
الىپ	جۇرىپ	99
الىپ	جۇرسىڭ	99
الىپ	بارامىن	90
الىپ	ارەڭ	82
الىپ	ويناپ	104
الىپ	الاتىن	109
الىپ	كەلگەن	89
الىپ	بەرشى	85
الىپ	سويلە	64
الىپ	سويلەپ	103
الىپ	بەرەدى	109
الىپ	ەدىڭ	80
الىپ	تۇرعان	83
الىپ	توسىپ	104
الىپ	ەرتەرەك	113
الىپ	وتىرمىز	115
الىپ	قالادى	87
الىپ	قويا	106
الىپ	قويايىن	108
الىپ	بولدىڭ	76
الىپ	تاستا	107
الىپ	تاستاپ	99
الىپ	وزىم	81
الىپ	دەم	116
الىپ	ۇيىقتاپ	108
الىپ	سۇيلە	114
الىپ	سۇيلەپ	105
الىپ	كىرىپ	114
الىپ	شعىپ	101
الىپ	كەلسە	87
الىپ	بارامىز	109
الىپ	بەرسىن	98
الىپ	وتىرسىڭ	99
الىپ	وتىرىپ	109
الىپ	قالىپ	112
الىپ	الام	89
الىپ	بەرەتىن	89
الىپ	بارعان	72
الىپ	بەرەمىن	116
الىپ	بارادى	64
الىپ	وتىرعان	97
الىپ	الادى	102
الىپ	قايتارىپ	85
الىپ	ۇرىپ	104
الىپ	بەرسە	114
الىپ	بەرسەڭ	95
الىپ	كورەيىن	74
الىپ	كەلەتىن	112
الىپ	الامىن	87
الىپ	كەلدىڭ	92
الىپ	قانا	112
الىپ	دەمالىپ	103
الىپ	بەرگەن	100
الىپ	ساتىپ	66
الىپ	بارسام	112
الىپ	السا	107
الىپ	الساڭ	88
الىپ	كەتىپتى	66
الىپ	بولدىق	82
الىپ	كەلەسىڭ	113
الىپ	بەردى	111
الىپ	بەردىم	73
الىپ	كەتەم	65
الىپ	بەرمەي	68
الىپ	سىڭ	85
الىپ	ۇندەمەي	104
الىپ	شىپ	113
الىپ	بارايىق	114
الىپ	كەلدىك	108
الىپ	السام	82
الىپ	قايتام	75
الىپ	كەلسەڭ	79
الىپ	ۇيقتاي	95
الىپ	قابارلاسايىن	114
الىپ	قالسا	91
الىپ	كەتەت	108
الىپ	كەتەتىن	115
الىپ	شىق	81
الىپ	كەتسە	81
الىپ	كەلىڭدەر	88
الىپ	جاتىرسىڭبا	103
الىپ	شىقتى	101
الىپ	شىقتىم	114
الىپ	قويساڭ	101
الىپ	جاتتىم	97
الىپ	ارتىنان	108
الىپ	العام	107
الىپ	كەلشى	81
الىپ	قايتاتىن	78
الىپ	كەلەم	94
الىپ	بولدىڭبا	80
الىپ	شىعاتىن	102
الىپ	قويعان	107
الىپ	الاسىڭ	89
الىپ	الدىق	93
الىپ	جۇرمە	93
الىپ	كەتپتى	87
الىپ	بەرەسىڭ	92
الىپ	الامىز	81
الىپ	جۇرەتىن	110
الىپ	كەلەيىن	106
الىپ	قالاتىن	63
الىپ	جاتا	110
الىپ	سوسىن	100
الىپ	قاشىپ	110
الىپ	كەتەيىن	68
الىپ	كەتەسىڭ	58
الىپ	قويىپتى	100
الىپ	الاسىڭبا	108
الىپ	قالام	99
الىپ	كەتىم	109
الىپ	الايىق	114
الىپ	قالار	78
الىپ	قاپ	112
الىپ	تۇرساڭ	114
الىپ	كەلەسىڭبە	111
الىپ	قويعام	108
الىپ	كەلگەم	92
الىپ	جاتسا	82
الىپ	قويام	106
الىپ	كەلەيىك	108
الىپ	قويادى	83
الىپ	كەتسىن	109
الىپ	جاتىرما	90
الىپ	بەرسەم	106
الىپ	كيىپ	86
الىپ	جاتسام	111
الىپ	جۇرەدى	97
الىپ	بارساڭ	112
الىپ	جۇرمىز	116
الىپ	ۇيقتايىن	102
الىپ	بەرەمىز	102
الىپ	قالسام	98
الىپ	بەرىڭىز	112
الىپ	شىعام	96
الىپ	ىستەتىپ	101
الىپ	قايتتىم	81
الىپ	تۇرايىن	100
الىپ	ەدىك	88
الىپ	الىپتى	101
الىپ	قويىڭىز	95
الىپ	جۇرسىڭبە	99
الىپ	كەتسەڭ	108
الىپ	الشى	87
الىپ	الىڭىز	79
الىپ	جاتقام	61
الىپ	كەلدىڭبە	112
الىپ	تاستادى	113
الىپ	تاستادىم	110
الىپ	كەلىپتى	88
الىپ	بارايىنبا	86
الىپ	جۇرمەسىن	112
الىپ	جاتايىن	107
الىپ	قايتامىن	99
الىپ	كەتەمىن	90
الىپ	قايتايىن	82
الىپ	تۇراتىن	69
الىپ	جاتام	116
الىپ	الپتى	103
الىپ	كەتسەم	97
الىپ	تۇرام	96
الىپ	شىعامىن	113
الىپ	قويسام	103
الىپ	كەلپتى	107
الىپ	الدىما	89
الىپ	قايتامىز	107
الىپ	السىن	96
الىپ	قالساڭ	76
الىپ	كەلەمىن	111
الىپ	قايتادان	91
الىپ	كەتكەم	113
الىپ	جەي	108
الىپ	كەتشى	101
الىپ	كەلىڭىز	80
الىپ	ىشەتىن	107
الىپ	شىعايىن	116
الىپ	جاتساڭ	95
الىپ	كەتەمىز	109
الىپ	بەرەيىك	96
الىپ	جۇرگەم	89
الىپ	الساق	116
الىپ	سويلەيىن	91
الىپ	بەرىڭدەر	94
الىپ	قالىڭىز	106
الىپ	كەپتى	96
الىپ	تۇرامىن	97
الىپ	تۇرسام	105
الىپ	الىڭدار	108
الىپ	كەتەيىك	77
الىپ	الىڭىزدار	101
الىپ	تاستايىن	56
الىپ	كەتپەسىن	116
الىپ	قويدىق	107
الىپ	كەلەمىز	105
الىپ	بەرسەڭىز	102
الىپ	بەرەسىڭبە	112
الىپ	شعام	97
الىپ	كەتەمە	114
الىپ	قايىت	99
الىپ	الساڭىز	112
الىپ	كەتتىمە	106
الىپ	كەلسەم	108
الىپ	تاستاپتى	106
الىپ	قالعام	113
الىپ	ۇشىپ	113
الىپ	بولعانشا	93
الىپ	الماسام	110
الىپ	بەردىڭ	109
الىپ	قايتىم	104
الىپ	تاستاعان	116
الىپ	قايتادى	108
الىپ	بەرگەم	109
الىپ	بەرمەسەڭ	89
الىپ	سۇيلەيىن	107
الىپ	الدىڭىزبا	99
الىپ	ىشەيىن	107
الىپ	الامبا	107
الىپ	بەرەمە	116
الىپ	شەك	113
الىپ	قالايىن	114
الىپ	المايسىڭبا	109
الىپ	جاتامىن	100
الىپ	تۇرىڭىز	108
الىپ	تاستاعام	114
الىپ	جاتقانىڭا	109
الىپ	قايتايىق	70
الىپ	ستەتىپ	111
الىپ	شعايىن	102
الىپ	الاسىز	112
الىپ	بەرسەك	113
الىپ	قويساڭىز	107
الىپ	كەتىڭىز	115
الىپ	الساڭىزدار	108
الىپ	بەرىپتى	114
الىپ	جىبەردى	106
الىپ	الايىنبا	108
الىپ	كەلسەك	105
الىپ	العانىڭ	112
الىپ	الار	107
الىپ	بەركەن	115
الىپ	الاعوي	107
الىپ	بەدىڭ	104
الىپ	بەرمەيسىڭبە	107
الىپ	جۇرمەيىن	113
الىپ	بەرەر	110
الىپ	بەرمەدىڭ	115
الىپ	بەرەيىنبە	114
الىپ	اپتى	105
الىپ	قويساق	109
الىپ	بەريىن	116
الىپ	كەتىڭدەر	106
الىپ	الساڭدار	97
الىپ	بەرگەلى	111
الىپ	بەرمىن	105
الىپ	كەتەسىڭبە	114
الىپ	بەرمەسەم	93
الىپ	الڭىز	104
الىپ	ىشىڭدەر	97
الىپ	الڭدار	112
الىپ	العانسوڭ	106
الىپ	جەسىن	113
الىپ	الساڭشى	114
الىپ	الڭىزدار	114
الىپ	ىشىڭىز	92
الىپ	الاسىزدار	116
الىپ	قايتايىنبا	116
الىپ	كەتەيىنبە	107
الىپ	جۇرۋگە	108
الىپ	كەلەيىنبە	107
الىپ	قاشام	109
الىپ	جاتقاندارىڭا	116
ون	بولدى	114
ون	بىر	64
ون	ون	36
ون	ادام	79
ون	ەكى	38
ون	اي	19
ون	بىرگە	80
ون	كۇن	80
ون	قانشا	17
ون	يۋان	54
ون	ۇش	24
ون	كەلە	47
ون	سوم	72
ون	كۇندە	18
ون	بەس	31
ون	ساعات	17
ون	مىڭ	73
ون	ۇشى	19
ون	جاس	56
ون	نان	63
ون	بىردە	72
ون	نەشە	52
ون	جارىم	32
ون	جىل	70
ون	جەتى	35
ون	التى	61
ون	تال	47
ون	رەت	37
ون	ادامعا	65
ون	يۇان	68
ون	كۇننەن	62
ون	تاي	50
ون	تورت	65
ون	ەكىنشى	68
ون	كۇنگە	72
ون	تۇرت	56
ون	كۇندىك	71
ون	بىرى	70
ون	سەگىز	61
ون	توعىز	48
ون	جارىمدا	73
ون	كيلى	59
ون	تيىن	66
ون	تۇياق	37
ون	مينوت	71
ون	جىلدا	34
ون	جىلدان	78
ون	جيىرما	63
ون	جيرما	76
ون	بىردەن	73
ون	بەسى	80
ون	يۋاننان	38
ون	تالى	78
ون	مىڭعا	59
ون	سومدىق	69
ون	ۇيان	64
ون	سومعا	78
ون	سومنان	73
ون	تورتى	74
ون	ەكىدە	75
ون	يۋاندىق	46
ون	جىلدىڭ	79
ون	مىڭدى	74
ون	مىڭنان	74
ون	ونبەس	77
ون	يۋانمەن	65
ون	كۇندەي	71
ون	مىينوت	58
ون	ەكىدەن	64
ون	ەكىگە	63
ون	مينوتتا	71
ون	تىيىن	64
ون	سەگىزگە	70
ون	ەكدە	77
ون	شاقتى	66
ون	مينوتتان	70
ون	ەكىسى	70
ون	ەكسى	63
ون	بەستەرى	72
وندا	جانىم	80
وندا	سال	51
وندا	مەن	114
وندا	دەپ	27
وندا	جوق	93
وندا	جاقسى	87
وندا	بولدى	18
وندا	بىر	22
وندا	سول	57
وندا	نە	53
وندا	نەعىپ	57
وندا	بار	60
وندا	سەن	84
وندا	ەندى	47
وندا	بولىپ	63
وندا	راحىمەت	113
وندا	ماقۇل	92
وندا	جات	97
وندا	قوي	102
وندا	ال	94
وندا	الى	111
وندا	الىپ	99
وندا	ون	78
وندا	وندا	102
وندا	كەل	109
وندا	كەلىپ	67
وندا	يا	80
وندا	ەرتە	104
وندا	ەرتەڭ	83
وندا	ادام	37
وندا	بۇگىن	95
وندا	مەندە	61
وندا	سودان	57
وندا	ماعان	104
وندا	بارى	60
وندا	بارىپ	112
وندا	ەكى	64
وندا	مەنى	82
وندا	مەنىڭ	62
وندا	قاي	78
وندا	قايىرلى	90
وندا	بولادى	104
وندا	نەگە	49
وندا	ول	42
وندا	قايدا	74
وندا	سەنى	73
وندا	ساعان	75
وندا	وسى	68
وندا	جارايدى	75
وندا	تاماق	90
وندا	قالاي	82
وندا	ۇي	71
وندا	ۇيدە	113
وندا	ۇيگە	99
وندا	تەلەفون	67
وندا	ايت	89
وندا	ايتىپ	105
وندا	بىرگە	97
وندا	وتىر	90
وندا	دوسىم	114
وندا	كىم	103
وندا	امان	80
وندا	كەيىن	104
وندا	تاڭ	99
وندا	اق	113
وندا	اقشا	112
وندا	ەمەس	96
وندا	ونى	106
وندا	بىراق	108
وندا	قانشا	97
وندا	ۇزىڭ	100
وندا	قاشان	69
وندا	قاربالاس	62
وندا	ىشىپ	92
وندا	تاعى	97
وندا	كوپ	67
وندا	تاڭەرتەڭ	92
وندا	بىراز	70
وندا	مىنا	70
وندا	نەدەگەن	97
وندا	قانداي	101
وندا	شاي	91
وندا	بەرى	98
وندا	بەرىپ	110
وندا	باسقا	110
وندا	سەنىڭ	70
وندا	كەشتە	86
وندا	بولاما	63
وندا	راس	106
وندا	از	101
وندا	ازىر	86
وندا	ىستەپ	83
وندا	جۇر	107
وندا	كەشە	108
وندا	قايت	111
وندا	قايتا	114
وندا	انا	81
وندا	ۇيقتا	85
وندا	ۇيقتاپ	75
وندا	قايتىپ	88
وندا	جول	67
وندا	جولدا	105
وندا	كەتتىم	112
وندا	ۇش	97
وندا	جۇمىس	103
وندا	وزىڭ	108
وندا	تەز	73
وندا	اعا	81
وندا	ات	113
وندا	اتىپ	113
وندا	تۇن	106
وندا	تۇندە	105
وندا	شى	94
وندا	شىعا	110
وندا	شىعىپ	108
وندا	وعان	109
وندا	تۇرىپ	110
وندا	سونى	113
وندا	سەندە	90
وندا	بىز	75
وندا	الايىن	82
وندا	بارا	105
وندا	بارام	89
وندا	ۇيات	104
وندا	كەلە	96
وندا	قاتتى	96
وندا	قيىن	110
وندا	دۇرىس	51
وندا	جاتىپ	93
وندا	ايتا	108
وندا	ۋاقىت	105
وندا	ەشتەڭە	109
وندا	مىقتى	107
وندا	ۇلكەن	104
وندا	بۇل	100
وندا	كۇندە	112
وندا	كەرەمەت	103
وندا	قازىر	92
وندا	تۇسىپ	93
وندا	قوسىپ	113
وندا	سوعان	108
وندا	بەس	94
وندا	اپارىپ	106
وندا	كۇپ	99
وندا	ماشينا	104
وندا	قايدان	112
وندا	ساعات	99
وندا	توي	110
وندا	جاي	106
وندا	بىرەۋ	92
وندا	بارايىن	104
وندا	شىن	71
وندا	بولمايدى	110
وندا	جۇرە	75
وندا	تۇستە	111
وندا	تۇستەن	100
وندا	امال	86
وندا	باعانا	83
وندا	كەتە	111
وندا	اڭگىمە	99
وندا	جۋىپ	80
وندا	ەكەمىز	105
وندا	قايسى	87
وندا	جالعىز	111
وندا	سونداي	110
وندا	سۇيت	96
وندا	سۇيتىپ	97
وندا	ءالى	96
وندا	قاتە	113
وندا	بەكەر	97
وندا	ۇزىم	68
وندا	قايتەم	100
وندا	بىزدىڭ	73
وندا	ساۋ	101
وندا	سولاي	89
وندا	تۇرعان	98
وندا	بوپتى	111
وندا	سىز	103
وندا	توسىپ	96
وندا	دارى	105
وندا	ەرتەرەك	113
وندا	بىزدە	64
وندا	وزىم	106
وندا	سىزگە	100
وندا	ناق	106
وندا	دەم	102
وندا	وڭاي	80
وندا	ۇيىقتا	113
وندا	ۇيىقتاپ	101
وندا	مەنەن	108
وندا	ىزدەپ	109
وندا	اقشاسىن	115
وندا	اقشانى	113
وندا	دەمال	115
وندا	بارعاندا	75
وندا	ەرتىپ	114
وندا	كەلگەندە	113
وندا	اۋدانعا	104
وندا	قولايسىز	113
وندا	دال	100
وندا	تۇرا	105
وندا	سەندەر	100
وندا	ايتايىن	101
وندا	اقىرىن	112
وندا	كەشكە	109
وندا	ءوزىڭ	96
وندا	وتىرىك	99
وندا	قايتەسىڭ	110
وندا	قابارلاسىپ	71
وندا	دەمالىپ	114
وندا	جايلى	98
وندا	جاقىن	114
وندا	شپيىڭ	106
وندا	كۇندىز	101
وندا	ۇيقتادىم	108
وندا	ايتتا	80
وندا	الدىمەن	112
وندا	رەنجىمە	103
وندا	باي	110
وندا	بايقاپ	108
وندا	ۇندەمەي	108
وندا	تىپتى	112
وندا	تىنىش	90
وندا	بۇدان	113
وندا	قولايلى	88
وندا	بارايىق	103
وندا	قىيىن	105
وندا	بىزگە	74
وندا	دەرەۋ	114
وندا	تاياپ	111
وندا	ۇيقتاي	107
وندا	بىلمەدىم	88
وندا	ءازىر	99
وندا	نەمەنە	113
وندا	تەزىرەك	111
وندا	شىق	103
وندا	ارتىنان	96
وندا	ۇيقىڭ	108
وندا	نەكە	112
وندا	مەنىكى	96
وندا	قايتەمىز	115
وندا	مەيلى	62
وندا	شىپيىڭ	105
وندا	بارماي	111
وندا	بارمايمىن	114
وندا	ارزان	101
وندا	جولىڭ	114
وندا	جاتا	106
وندا	وراي	108
وندا	كورىم	112
وندا	اتاقتى	91
وندا	بۇرسىگۇنى	110
وندا	ەكەۋمىز	98
وندا	اپات	110
وندا	بىرازدان	108
وندا	مەنىمەن	103
وندا	كەلەر	108
وندا	تاماعىڭدى	113
وندا	الاڭسىز	99
وندا	قايتتىم	109
وندا	قولىڭ	112
وندا	نەمەنەگە	111
وندا	ۇيىڭە	106
وندا	بارايىنبا	115
وندا	تپتى	104
وندا	ايتتان	105
وندا	ەندىگى	107
وندا	اسىقپاي	112
وندا	كەزىگەيىك	102
وندا	كۇرىم	112
وندا	شاتاق	105
وندا	ۇيىقتاي	94
وندا	دارداي	106
وندا	ۇيىقتادىم	109
وندا	جۋا	104
وندا	دەمالدىم	115
وندا	ۇيقتايىق	107
وندا	جاقسىراق	89
وندا	بارماياق	105
وندا	نەسىن	89
وندا	سۇيىت	108
وندا	سۇيتەيىك	107
وندا	قايتەمىن	97
وندا	دەمالا	112
وندا	جۇمىسىڭدى	109
وندا	سۇيتەيىن	92
وندا	مازاڭدى	109
وندا	مازالامايىن	107
وندا	توسايىن	88
وندا	ۇيىقتايىق	111
وندا	دەمالايىق	104
وندا	جۇمسىڭدى	106
كەل	جانىم	112
كەل	مەن	22
كەل	دەپ	42
كەل	بولدى	18
كەل	بىر	73
كەل	سول	64
كەل	نە	83
كەل	سەن	91
كەل	ەندى	82
كەل	الىپ	65
كەل	وندا	89
كەل	كەل	24
كەل	يا	56
كەل	ەرتەڭ	91
كەل	بۇگىن	65
كەل	مەندە	79
كەل	سودان	77
كەل	ماعان	71
كەل	ەكى	86
كەل	مەنىڭ	85
كەل	سەنى	89
كەل	وسى	92
كەل	تاماق	89
كەل	دەيدى	55
كەل	ۇي	35
كەل	ۇيدە	67
كەل	ۇيگە	93
كەل	بىرگە	38
كەل	دوسىم	69
كەل	دەگەن	53
كەل	تاڭەرتەڭ	49
كەل	بىراز	87
كەل	شاي	71
كەل	بەرى	59
كەل	كەشتە	82
كەل	بولاما	82
كەل	ازىر	62
كەل	تەز	92
كەل	دەسە	64
كەل	دەسەم	64
كەل	شى	53
كەل	بىز	90
كەل	دەيمىن	90
كەل	ەي	90
كەل	بولماسا	73
كەل	اڭگىمە	86
كەل	ەكەمىز	83
كەل	دەدى	86
كەل	دەدىم	61
كەل	دەگەم	56
كەل	توسىپ	83
كەل	دەيىن	90
كەل	دەسەڭ	77
كەل	قارسى	50
كەل	ايتتاپ	59
كەل	دەكەن	55
كەل	دەگەندە	92
كەل	دەدىڭ	74
كەل	دەپتى	88
كەل	ىشەيىك	81
كەل	ايتاپ	90
كەل	ايتشىلاپ	74
كەل	كەلمەسەڭ	84
كەلى	سۇت	89
كەلىپ	جانىم	11
كەلىپ	مەن	104
كەلىپ	دەپ	95
كەلىپ	بول	114
كەلىپ	جاقسى	112
كەلىپ	بولدى	108
كەلىپ	بىر	93
كەلىپ	سول	64
كەلىپ	نە	94
كەلىپ	سەن	100
كەلىپ	ەندى	111
كەلىپ	جات	80
كەلىپ	جاتىر	89
كەلىپ	ال	44
كەلىپ	الىپ	58
كەلىپ	كەلىپ	31
كەلىپ	ەرتەڭ	103
كەلىپ	بۇگىن	114
كەلىپ	تۇر	102
كەلىپ	سودان	16
كەلىپ	ماعان	91
كەلىپ	ەكى	89
كەلىپ	مەنى	96
كەلىپ	مەنىڭ	79
كەلىپ	بولادى	98
كەلىپ	جاتىرمىن	111
كەلىپ	سەنى	73
كەلىپ	ساعان	103
كەلىپ	وسى	104
كەلىپ	تاماق	109
كەلىپ	ۇي	39
كەلىپ	ۇيدە	95
كەلىپ	ۇيگە	106
كەلىپ	تەلەفون	81
كەلىپ	ايت	97
كەلىپ	ايتىپ	95
كەلىپ	بىرگە	106
كەلىپ	وتىر	107
كەلىپ	وتىرمىن	62
كەلىپ	كەت	67
كەلىپ	كەتتى	78
كەلىپ	قالدى	22
كەلىپ	بىراق	40
كەلىپ	قاربالاس	101
كەلىپ	ىش	74
كەلىپ	ىشىپ	113
كەلىپ	تاعى	89
كەلىپ	كەتى	95
كەلىپ	كەتىپ	93
كەلىپ	تاڭەرتەڭ	63
كەلىپ	بىراز	108
كەلىپ	شاي	79
كەلىپ	ەدى	45
كەلىپ	كەشتە	68
كەلىپ	ازىر	110
كەلىپ	ىستەپ	107
كەلىپ	جۇر	94
كەلىپ	قايت	57
كەلىپ	قايتا	96
كەلىپ	انا	85
كەلىپ	ۇيقتا	113
كەلىپ	ۇيقتاپ	107
كەلىپ	قايتىپ	83
كەلىپ	الدى	106
كەلىپ	الدىم	31
كەلىپ	جۇمىس	15
كەلىپ	قالدىم	111
كەلىپ	اۋىرىپ	88
كەلىپ	قويدى	112
كەلىپ	قويدىم	75
كەلىپ	كور	89
كەلىپ	كورىپ	90
كەلىپ	تۇرىپ	87
كەلىپ	جاڭا	98
كەلىپ	سونى	107
كەلىپ	ەدىم	108
كەلىپ	جۇرمىن	74
كەلىپ	الايىن	94
كەلىپ	سالىپ	101
كەلىپ	بولعان	113
كەلىپ	جاتىپ	114
كەلىپ	قارا	74
كەلىپ	قاراپ	115
كەلىپ	تۇرمىن	100
كەلىپ	مال	87
كەلىپ	قالعان	92
كەلىپ	جە	88
كەلىپ	الدىڭ	105
كەلىپ	الدىڭبا	80
كەلىپ	بولدىم	19
كەلىپ	ودان	101
كەلىپ	سوعان	103
كەلىپ	جاڭە	102
كەلىپ	جاتقان	100
كەلىپ	قويىپ	64
كەلىپ	ءبىر	110
كەلىپ	كەتكەن	114
كەلىپ	شارشاپ	76
كەلىپ	كۇر	95
كەلىپ	كۇرىپ	95
كەلىپ	جۇرگەن	95
كەلىپ	العان	84
كەلىپ	كەتەدى	54
كەلىپ	اڭگىمە	71
كەلىپ	جەپ	100
كەلىپ	جۇرسىڭ	88
كەلىپ	ارەڭ	115
كەلىپ	ويناپ	77
كەلىپ	ساعىنىپ	88
كەلىپ	الاتىن	99
كەلىپ	نان	87
كەلىپ	ەدىڭ	102
كەلىپ	ستەپ	96
كەلىپ	تۇرعان	108
كەلىپ	توسىپ	65
كەلىپ	باسىم	105
كەلىپ	وتىرمىز	110
كەلىپ	قالادى	103
كەلىپ	جەتكەن	84
كەلىپ	دەم	14
كەلىپ	ۇيىقتاپ	99
كەلىپ	كىر	104
كەلىپ	دەمال	107
كەلىپ	وتىرىپ	108
كەلىپ	قالىپ	96
كەلىپ	قالىپتى	78
كەلىپ	الام	96
كەلىپ	قول	101
كەلىپ	ەرتىپ	103
كەلىپ	وتىرعان	109
كەلىپ	الادى	100
كەلىپ	الامىن	81
كەلىپ	قانا	103
كەلىپ	دەمالىپ	110
كەلىپ	السا	94
كەلىپ	الساڭ	88
كەلىپ	كەتىپتى	79
كەلىپ	قالپتى	114
كەلىپ	ايتتا	98
كەلىپ	قوناق	108
كەلىپ	اۋىز	99
كەلىپ	قالسا	106
كەلىپ	ايتتاپ	72
كەلىپ	كەتەتىن	81
كەلىپ	كەتسە	105
كەلىپ	جاتتى	108
كەلىپ	جاتتىم	115
كەلىپ	قالدىق	88
كەلىپ	العام	94
كەلىپ	تۇرادى	58
كەلىپ	قويعان	70
كەلىپ	الاسىڭ	108
كەلىپ	الدىق	105
كەلىپ	قالدىما	41
كەلىپ	جۇرمە	84
كەلىپ	تۇرسا	87
كەلىپ	الامىز	85
كەلىپ	قالاتىن	101
كەلىپ	جاتا	98
كەلىپ	تۇرما	97
كەلىپ	قويىپتى	62
كەلىپ	الاسىڭبا	100
كەلىپ	قالاما	108
كەلىپ	قالار	71
كەلىپ	تۇرساڭ	72
كەلىپ	جاتسا	113
كەلىپ	قويادى	83
كەلىپ	جاتىرما	102
كەلىپ	جۇرسە	89
كەلىپ	مونشاعا	115
كەلىپ	قالماسىن	101
كەلىپ	جاتسام	103
كەلىپ	ەدىك	108
كەلىپ	الىپتى	110
كەلىپ	كەتسەڭ	69
كەلىپ	الشى	98
كەلىپ	الىڭىز	98
كەلىپ	ءارەڭ	109
كەلىپ	جۇرمەسىن	108
كەلىپ	قويپتى	106
كەلىپ	تۇراتىن	114
كەلىپ	تۇرعاندا	91
كەلىپ	الپتى	108
كەلىپ	لاڭمان	73
كەلىپ	قونىپ	110
كەلىپ	تۇرام	95
كەلىپ	الدىما	111
كەلىپ	ايتاپ	57
كەلىپ	السىن	101
كەلىپ	قالساڭ	98
كەلىپ	قوياتىن	112
كەلىپ	ويانىپ	107
كەلىپ	كەتشى	108
كەلىپ	جاتساڭ	81
كەلىپ	تۇرامىن	90
كەلىپ	الىڭدار	111
كەلىپ	الدىڭدارما	102
كەلىپ	قويدىق	71
كەلىپ	قايىت	108
كەلىپ	كەتتىمە	108
كەلىپ	الاما	108
كەلىپ	بولعانشا	112
كەلىپ	وتىرما	97
كەلىپ	كومەكتەسىپ	105
كەلىپ	تۇراسىڭ	102
كەلىپ	الدىڭىزبا	110
كەلىپ	ءشاي	73
كەلىپ	ايتشىلاپ	107
كەلىپ	تەكسەرىلىپ	107
كەلىپ	قويدىڭبا	108
كەلىپ	تۇرعانى	107
كەلىپ	الىپسىڭ	82
كەلىپ	الدڭبا	107
كەلىپ	كۇمەكتەسىپ	97
كەلىپ	العانىڭ	109
كەلىپ	الپسىڭ	100
كەلىپ	اپتى	109
كەلىپ	العامىن	110
كەلىپ	قويدىما	94
كەلىپ	العامىز	111
كەلىپ	قاتىناسىپ	94
كەلىپ	العانبا	109
كەلىپ	الدىڭىزدارما	97
كەلىپ	تۇرعانىن	98
كەلىپ	جەتگەن	113
كەلىپ	الدما	87
كەلىپ	تۇرعاناي	109
يا	جان	108
يا	جانىم	90
يا	سالەم	17
يا	مەن	54
يا	دەپ	47
يا	جوق	55
يا	جاقسى	95
يا	بولدى	27
يا	بىر	58
يا	سول	68
يا	نە	29
يا	نەعىپ	83
يا	بار	97
يا	سەن	80
يا	ەندى	67
يا	راحىمەت	68
يا	ماقۇل	52
يا	ال	16
يا	الى	114
يا	الىپ	114
يا	ون	89
يا	وندا	110
يا	كەل	46
يا	كەلىپ	87
يا	يا	64
يا	ەرتە	50
يا	ەرتەڭ	104
يا	ادام	67
يا	بۇگىن	105
يا	مەندە	73
يا	سودان	69
يا	ماعان	87
يا	بارى	92
يا	بارىپ	96
يا	ەكى	82
يا	مەنى	89
يا	مەنىڭ	97
يا	قاي	92
يا	قايىرلى	110
يا	بولادى	85
يا	ول	45
يا	قايدا	81
يا	سەنى	113
يا	ساعان	88
يا	وسى	89
يا	جارايدى	79
يا	تاماق	51
يا	دەي	91
يا	دەيدى	87
يا	ۇي	81
يا	ۇيدە	112
يا	ۇيگە	84
يا	تەلەفون	89
يا	ايت	97
يا	ايتىپ	114
يا	بىرگە	92
يا	كۇن	84
يا	دوسىم	113
يا	كىم	69
يا	امان	113
يا	امانشىلىق	89
يا	اق	54
يا	اقشا	111
يا	دەگەن	106
يا	ونى	85
يا	بىراق	85
يا	جاقسىما	98
يا	ۇزىڭ	115
يا	قاربالاس	91
يا	ىشىپ	87
يا	قويشى	89
يا	تاعى	103
يا	كوپ	105
يا	كەتىپ	104
يا	تاڭەرتەڭ	102
يا	بىراز	87
يا	مىنا	87
يا	شاي	110
يا	امانسىڭبا	99
يا	باسقا	112
يا	سەنىڭ	104
يا	كەش	95
يا	كەشتە	110
يا	راس	93
يا	از	101
يا	ازىر	102
يا	ىستەپ	82
يا	كەشە	75
يا	قايتا	88
يا	انا	110
يا	ۇيقتاپ	104
يا	جول	99
يا	جولداپ	104
يا	ۇش	114
يا	سوندا	106
يا	جۇمىس	115
يا	وزىڭ	109
يا	ايتەۋ	97
يا	تەز	103
يا	اعا	104
يا	دەسە	79
يا	دەسەم	110
يا	تۇندە	114
يا	كەلدى	99
يا	كەلدىم	110
يا	شىعىپ	102
يا	جاڭا	111
يا	سونى	96
يا	سەندە	100
يا	بىز	98
يا	ايتقانىڭ	100
يا	تاۋىپ	87
يا	بارا	115
يا	بارام	109
يا	كەلە	102
يا	قاتتى	105
يا	دۇرىس	105
يا	جاتىپ	73
يا	ايتا	106
يا	سونىمەن	93
يا	ۇلكەن	90
يا	اس	109
يا	مال	109
يا	قازىر	110
يا	جەجە	96
يا	ودا	72
يا	سوعان	111
يا	اپا	114
يا	سۇراپ	110
يا	جاڭە	101
يا	دەشى	111
يا	جاي	72
يا	كەپ	113
يا	اينالايىن	102
يا	بارايىن	109
يا	شارشاپ	96
يا	شىن	110
يا	بولماسا	110
يا	تۇستەن	73
يا	قىزدار	107
يا	باعانا	112
يا	دەدى	103
يا	دەدىم	98
يا	جالعىز	76
يا	تاتتىم	104
يا	بارىن	95
يا	سونداي	115
يا	سۇيت	85
يا	سۇيتىپ	84
يا	بىلاي	85
يا	بارامىن	85
يا	امانسىز	109
يا	ۇزىم	113
يا	ستەپ	101
يا	سولاي	93
يا	وقاسى	49
يا	بوپتى	110
يا	سىز	96
يا	ەرتەرەك	115
يا	بىزدە	112
يا	وزىم	108
يا	سومەن	108
يا	ناق	115
يا	دەم	107
يا	بىلايدە	105
يا	ىراحىمەت	73
يا	بالام	101
يا	بۇيىرسا	95
يا	بارمىن	89
يا	دەسەڭ	92
يا	دال	92
يا	جەتىپ	108
يا	تۇرا	109
يا	باۋىرىم	104
يا	دەيسىڭ	111
يا	جاقسىڭ	112
يا	سالەمىڭ	102
يا	ايتايىن	103
يا	بىلەم	91
يا	كورەيىن	87
يا	راقىمەت	113
يا	مىنە	110
يا	دۇرس	114
يا	كۇنىم	100
يا	بايقاپ	102
يا	ۇيقتاي	105
يا	اپەكە	110
يا	ۇيدەمىن	103
يا	جەڭگە	105
يا	مەنىكى	109
يا	بۇيرسا	112
يا	جاقسىز	96
يا	كوردىم	110
يا	جانم	112
يا	بىرازدان	107
يا	دەدىڭ	115
يا	تاتە	105
يا	جاقسسىڭ	115
يا	سۇل	111
يا	قۇلىنىم	115
يا	سۇرايىن	106
يا	سەنىكى	114
يا	سۇيتە	99
يا	سۇيتەدى	105
يا	دانىم	98
يا	بىلدىم	114
يا	بىلەمىن	86
يا	ۇزىڭدە	102
يا	جۇمىستا	112
يا	قارعام	107
يا	وعاندا	109
يا	سەنكى	115
يا	بوتام	109
يا	تۇسىنەم	112
يا	سۇيىت	114
يا	ۇقتىم	99
يا	سۇيتەيىك	96
يا	سۇيتەم	96
يا	بلايدە	105
يا	سۇيتشى	112
يا	سۇيتەيىن	113
ەر	ادام	99
ەر	كۇن	8
ەر	اعا	50
ەر	جىگىت	31
ەر	ايەل	36
ەر	ادامدى	19
ەر	ادامعا	38
ەر	ادامنىڭ	24
ەر	ادامدا	20
ەر	ادامدار	53
ەر	اعاڭ	27
ەر	ازامات	53
ەر	ادامسىڭ	27
ەر	ادامنان	47
ەر	ازاماتسىڭ	50
ەرتە	عوي	49
ەرتە	ەكەن	21
ەرتە	بىر	65
ەرتە	بار	74
ەرتە	بولىپ	83
ەرتە	جات	85
ەرتە	قوي	81
ەرتە	الىپ	80
ەرتە	كەل	79
ەرتە	كەلىپ	44
ەرتە	ەرتە	37
ەرتە	بولسا	85
ەرتە	تۇر	60
ەرتە	بارىپ	64
ەرتە	نەگە	36
ەرتە	تەلەفون	52
ەرتە	ايتىپ	84
ەرتە	ەمەس	58
ەرتە	ىشىپ	66
ەرتە	تاعى	72
ەرتە	كەتىپ	84
ەرتە	قايت	44
ەرتە	ۇيقتا	68
ەرتە	ۇيقتاپ	63
ەرتە	قايتىپ	40
ەرتە	شىعىپ	57
ەرتە	كەزدە	60
ەرتە	تۇرىپ	79
ەرتە	بارام	18
ەرتە	جاتىپ	70
ەرتە	تۇسىپ	36
ەرتە	اپارىپ	57
ەرتە	ەمەسپە	79
ەرتە	كەلەدى	59
ەرتە	ساعات	81
ەرتە	توي	64
ەرتە	كەپ	65
ەرتە	كەتكەن	69
ەرتە	بارايىن	85
ەرتە	كەتەدى	77
ەرتە	باراتىن	72
ەرتە	بارامىن	84
ەرتە	تۇرعان	67
ەرتە	دەم	65
ەرتە	ۇيىقتا	58
ەرتە	ۇيىقتاپ	82
ەرتە	شعىپ	54
ەرتە	كەلسە	76
ەرتە	بارامىز	86
ەرتە	دەمال	77
ەرتە	بارادى	51
ەرتە	اۋدانعا	84
ەرتە	جەتىپ	86
ەرتە	تۇرا	86
ەرتە	دەمالىپ	83
ەرتە	بارسام	68
ەرتە	جۇمىسقا	79
ەرتە	كەتەم	76
ەرتە	بارايىق	68
ەرتە	قايتام	79
ەرتە	كەلسەڭ	78
ەرتە	ايتساڭ	76
ەرتە	كەتەتىن	53
ەرتە	شىق	86
ەرتە	كەلىڭدەر	80
ەرتە	قۇلجاعا	82
ەرتە	تۇرادى	83
ەرتە	جۇمسقا	65
ەرتە	جۇرەتىن	87
ەرتە	تۇردىم	67
ەرتە	تۇرساڭ	70
ەرتە	تۇردىڭ	76
ەرتە	جۇرەدى	87
ەرتە	كەشى	87
ەرتە	ايتپاي	73
ەرتە	شىعام	87
ەرتە	تۇراتىن	85
ەرتە	تۇرام	71
ەرتە	تۇسەدى	46
ەرتە	جۇرەمىز	76
ەرتە	ويانىپ	81
ەرتە	تۇسەتىن	60
ەرتە	كەتەمىز	83
ەرتە	تۇرامىن	81
ەرتە	تۇسەم	48
ەرتە	تۇرعام	79
ەرتە	قايىت	73
ەرتە	تۇراسىڭ	76
ەرتە	باستان	42
ەرتە	تۇرپ	84
ەرتە	تۇرامىز	83
ەرتە	ۇيقتايسىڭ	61
ەرتە	كەتۋ	86
ەرتە	تۇرىپسىڭ	62
ەرتە	جارىقتا	67
ەرتە	تۇرعانسىڭ	82
ەرتە	تۇرپسىڭ	78
ەرتە	تۇرعاسىڭ	75
ەرتەڭ	عوي	85
ەرتەڭ	جانىم	94
ەرتەڭ	مەن	112
ەرتەڭ	دەپ	49
ەرتەڭ	جوق	70
ەرتەڭ	بولسىن	77
ەرتەڭ	جاقسى	56
ەرتەڭ	ەكەن	90
ەرتەڭ	بىر	97
ەرتەڭ	سول	34
ەرتەڭ	نە	87
ەرتەڭ	بار	59
ەرتەڭ	سەن	78
ەرتەڭ	ەندى	74
ەرتەڭ	قوي	109
ەرتەڭ	ال	99
ەرتەڭ	الىپ	94
ەرتەڭ	ون	68
ەرتەڭ	وندا	109
ەرتەڭ	كەل	98
ەرتەڭ	كەلىپ	57
ەرتەڭ	ەرتە	62
ەرتەڭ	ەرتەڭ	51
ەرتەڭ	ادام	86
ەرتەڭ	بولسا	91
ەرتەڭ	بۇگىن	89
ەرتەڭ	مەندە	110
ەرتەڭ	ماعان	79
ەرتەڭ	بارى	77
ەرتەڭ	بارىپ	106
ەرتەڭ	ەكى	45
ەرتەڭ	مەنى	74
ەرتەڭ	مەنىڭ	87
ەرتەڭ	قاي	86
ەرتەڭ	بولادى	68
ەرتەڭ	نەگە	113
ەرتەڭ	ول	105
ەرتەڭ	قايدا	96
ەرتەڭ	سەنى	79
ەرتەڭ	ساعان	98
ەرتەڭ	وسى	86
ەرتەڭ	تاماق	81
ەرتەڭ	دەيدى	98
ەرتەڭ	قالاي	98
ەرتەڭ	ۇي	94
ەرتەڭ	ۇيدە	81
ەرتەڭ	ۇيگە	82
ەرتەڭ	تەلەفون	66
ەرتەڭ	ايت	86
ەرتەڭ	ايتىپ	55
ەرتەڭ	بىرگە	80
ەرتەڭ	كۇن	91
ەرتەڭ	كىم	78
ەرتەڭ	امانشىلىق	96
ەرتەڭ	تاڭ	103
ەرتەڭ	اق	111
ەرتەڭ	اقشا	87
ەرتەڭ	كۇنى	86
ەرتەڭ	ەمەس	69
ەرتەڭ	بارما	100
ەرتەڭ	بىراق	102
ەرتەڭ	قانشا	59
ەرتەڭ	ۇزىڭ	109
ەرتەڭ	قاشان	106
ەرتەڭ	قاربالاس	105
ەرتەڭ	تاعى	102
ەرتەڭ	كەتىپ	40
ەرتەڭ	تاڭەرتەڭ	104
ەرتەڭ	بىراز	19
ەرتەڭ	مىنا	94
ەرتەڭ	قانداي	103
ەرتەڭ	شاي	107
ەرتەڭ	بەر	86
ەرتەڭ	بەرىپ	107
ەرتەڭ	باس	90
ەرتەڭ	باسقا	113
ەرتەڭ	سەنىڭ	101
ەرتەڭ	كەش	106
ەرتەڭ	كەشتە	60
ەرتەڭ	بولاما	24
ەرتەڭ	راس	102
ەرتەڭ	ىستەپ	111
ەرتەڭ	كەلسىن	104
ەرتەڭ	قايت	112
ەرتەڭ	قايتا	114
ەرتەڭ	انا	73
ەرتەڭ	قايتىپ	81
ەرتەڭ	جول	78
ەرتەڭ	جولداپ	93
ەرتەڭ	ۇش	88
ەرتەڭ	جۇمىس	103
ەرتەڭ	وزىڭ	64
ەرتەڭ	ات	109
ەرتەڭ	اتىپ	112
ەرتەڭ	كەرەك	59
ەرتەڭ	تۇندە	98
ەرتەڭ	بەرە	94
ەرتەڭ	بەرەيىن	109
ەرتەڭ	شىعا	60
ەرتەڭ	شىعىپ	114
ەرتەڭ	كور	96
ەرتەڭ	بارسىڭبا	112
ەرتەڭ	سونى	114
ەرتەڭ	سەندە	112
ەرتەڭ	بىز	109
ەرتەڭ	ايتقا	94
ەرتەڭ	تاۋىپ	89
ەرتەڭ	الايىن	85
ەرتەڭ	بارا	73
ەرتەڭ	بارام	86
ەرتەڭ	تۇس	54
ەرتەڭ	كەلە	95
ەرتەڭ	قابارلاس	91
ەرتەڭ	سالىپ	91
ەرتەڭ	ايتا	88
ەرتەڭ	ۋاقىت	111
ەرتەڭ	ۇلكەن	75
ەرتەڭ	مال	99
ەرتەڭ	تۇسىپ	86
ەرتەڭ	قوسىپ	114
ەرتەڭ	سوعان	114
ەرتەڭ	بەس	103
ەرتەڭ	اپارىپ	105
ەرتەڭ	ماشينا	75
ەرتەڭ	سۇراپ	93
ەرتەڭ	ايتام	97
ەرتەڭ	كەلەدى	101
ەرتەڭ	ساعات	66
ەرتەڭ	توي	74
ەرتەڭ	جاي	102
ەرتەڭ	كەپ	105
ەرتەڭ	بىرەۋ	100
ەرتەڭ	ءبىر	114
ەرتەڭ	بارايىن	87
ەرتەڭ	تۋىلعان	58
ەرتەڭ	بولماسا	106
ەرتەڭ	تۇستە	96
ەرتەڭ	تۇستەن	42
ەرتەڭ	بولسادا	42
ەرتەڭ	كەتەدى	93
ەرتەڭ	باراتىن	79
ەرتەڭ	بەرەم	72
ەرتەڭ	ەكەمىز	72
ەرتەڭ	ورازا	106
ەرتەڭ	ەڭ	72
ەرتەڭ	الگى	106
ەرتەڭ	بارامىن	94
ەرتەڭ	كىسى	63
ەرتەڭ	ۇزىم	113
ەرتەڭ	الاتىن	91
ەرتەڭ	نان	106
ەرتەڭ	بىزدىڭ	75
ەرتەڭ	بەرەدى	105
ەرتەڭ	تارتىپ	99
ەرتەڭ	ايىت	112
ەرتەڭ	بىردەمە	71
ەرتەڭ	دارى	103
ەرتەڭ	ەرتەرەك	111
ەرتەڭ	ماي	74
ەرتەڭ	بىزدە	106
ەرتەڭ	وزىم	114
ەرتەڭ	ناق	94
ەرتەڭ	دەم	100
ەرتەڭ	باستاپ	74
ەرتەڭ	بۇيىرسا	88
ەرتەڭ	مەنەن	85
ەرتەڭ	شىعارىپ	113
ەرتەڭ	سۇت	105
ەرتەڭ	ىزدەپ	84
ەرتەڭ	كىر	104
ەرتەڭ	جارىم	114
ەرتەڭ	شعىپ	112
ەرتەڭ	بارمىن	110
ەرتەڭ	بالالار	105
ەرتەڭ	اقشانى	85
ەرتەڭ	كەلسە	110
ەرتەڭ	بارامىز	100
ەرتەڭ	دەمال	78
ەرتەڭ	زات	103
ەرتەڭ	اشىق	108
ەرتەڭ	الام	110
ەرتەڭ	بەرەتىن	96
ەرتەڭ	قول	95
ەرتەڭ	بارعاندا	96
ەرتەڭ	ەرتىپ	84
ەرتەڭ	اكەپ	104
ەرتەڭ	كەلگەندە	98
ەرتەڭ	بەرەمىن	99
ەرتەڭ	بارادى	86
ەرتەڭ	اۋدانعا	90
ەرتەڭ	جانە	76
ەرتەڭ	تۇرا	83
ەرتەڭ	اپام	112
ەرتەڭ	قايتارىپ	108
ەرتەڭ	ۇرىپ	79
ەرتەڭ	ايتايىن	113
ەرتەڭ	بەرسە	80
ەرتەڭ	كەشكە	113
ەرتەڭ	كورەيىن	66
ەرتەڭ	كەلەت	90
ەرتەڭ	كەلەتىن	113
ەرتەڭ	الامىن	77
ەرتەڭ	قابارلاسىپ	100
ەرتەڭ	دەمالىپ	114
ەرتەڭ	بارسام	108
ەرتەڭ	بوس	83
ەرتەڭ	كەلەسىڭ	111
ەرتەڭ	كۇندىز	100
ەرتەڭ	جۇمىسقا	63
ەرتەڭ	كەتەم	62
ەرتەڭ	ايتتا	82
ەرتەڭ	شىعادى	95
ەرتەڭ	قوناق	86
ەرتەڭ	دەمالىس	100
ەرتەڭ	قولايلى	62
ەرتەڭ	بارايىق	106
ەرتەڭ	كەشكى	72
ەرتەڭ	اتام	111
ەرتەڭ	اۋىز	104
ەرتەڭ	قايتام	111
ەرتەڭ	كەلسەڭ	66
ەرتەڭ	قابارلاسايىن	89
ەرتەڭ	ايتتاپ	58
ەرتەڭ	كەتەتىن	91
ەرتەڭ	شىق	97
ەرتەڭ	كەلىڭدەر	104
ەرتەڭ	تاۋعا	97
ەرتەڭ	قۇلجاعا	86
ەرتەڭ	كەلشى	77
ەرتەڭ	قايتاتىن	106
ەرتەڭ	كەلەم	92
ەرتەڭ	قايتەمىز	93
ەرتەڭ	جۇمس	114
ەرتەڭ	جۇمسقا	99
ەرتەڭ	شىعاتىن	78
ەرتەڭ	بۇيرسا	92
ەرتەڭ	ايلىق	87
ەرتەڭ	بارمايمىن	104
ەرتەڭ	كورەم	108
ەرتەڭ	تۇسكى	107
ەرتەڭ	كۇرەيىن	113
ەرتەڭ	جۇرەتىن	97
ەرتەڭ	وراي	113
ەرتەڭ	اكەلىپ	109
ەرتەڭ	كۇندىك	111
ەرتەڭ	بۇرسى	110
ەرتەڭ	بۇرسىگۇنى	110
ەرتەڭ	ۇرىمجىگە	70
ەرتەڭ	كەلەسىڭبە	88
ەرتەڭ	جولعا	78
ەرتەڭ	تويعا	102
ەرتەڭ	بەرسەم	104
ەرتەڭ	باراسىڭبا	107
ەرتەڭ	دوحتىرعا	86
ەرتەڭ	بارپ	92
ەرتەڭ	بارساڭ	110
ەرتەڭ	شعادى	99
ەرتەڭ	سۇرايىن	99
ەرتەڭ	ىستەيتىن	104
ەرتەڭ	جالعاستى	90
ەرتەڭ	ىسكە	109
ەرتەڭ	التايعا	79
ەرتەڭ	جاڭبىر	93
ەرتەڭ	كوشەگە	103
ەرتەڭ	شىعام	111
ەرتەڭ	قولىم	94
ەرتەڭ	وتىرايىق	106
ەرتەڭ	ىشەيىك	110
ەرتەڭ	مەكتەپكە	113
ەرتەڭ	تۇسكە	88
ەرتەڭ	قولىڭ	73
ەرتەڭ	بازارعا	96
ەرتەڭ	كورەيىك	84
ەرتەڭ	ساڭزى	81
ەرتەڭ	بارايىنبا	98
ەرتەڭ	قالاعا	102
ەرتەڭ	ۇاقىت	96
ەرتەڭ	امالداپ	110
ەرتەڭ	قايتامىن	100
ەرتەڭ	كەتەمىن	79
ەرتەڭ	نەشەدە	98
ەرتەڭ	ىستەيمىن	102
ەرتەڭ	كەزىگەيىك	92
ەرتەڭ	شىعامىن	78
ەرتەڭ	ايتاپ	94
ەرتەڭ	قايتامىز	104
ەرتەڭ	جيىن	90
ەرتەڭ	ەسەپ	112
ەرتەڭ	باللار	106
ەرتەڭ	كەلەمىن	111
ەرتەڭ	كەلەمە	107
ەرتەڭ	بالار	110
ەرتەڭ	دۇكەنگە	111
ەرتەڭ	كەلىڭىز	110
ەرتەڭ	جوقپىن	114
ەرتەڭ	كەتەمىز	106
ەرتەڭ	جەكسەنبى	112
ەرتەڭ	وقۋ	113
ەرتەڭ	وقۋشى	112
ەرتەڭ	بارساق	109
ەرتەڭ	ۋاقىتىڭ	103
ەرتەڭ	سويلەيىن	104
ەرتەڭ	تەگىن	99
ەرتەڭ	شعاتىن	100
ەرتەڭ	ماعاش	106
ەرتەڭ	بارامبا	113
ەرتەڭ	قىزمەت	98
ەرتەڭ	تۇسەم	101
ەرتەڭ	قايۋاقتا	107
ەرتەڭ	كۇرەيىك	96
ەرتەڭ	بەيتۇنعا	91
ەرتەڭ	كەلەمىز	102
ەرتەڭ	ايتايىق	113
ەرتەڭ	شعام	92
ەرتەڭ	دوعدىرعا	101
ەرتەڭ	قىرعا	105
ەرتەڭ	دۇيسەنبى	111
ەرتەڭ	ۇرىمجىدەن	100
ەرتەڭ	تەكسەرۋ	112
ەرتەڭ	دەمالس	111
ەرتەڭ	اتايىن	93
ەرتەڭ	ساڭىزى	95
ەرتەڭ	ىستەيسىڭ	112
ەرتەڭ	قايتادى	113
ەرتەڭ	قابارلاسام	94
ەرتەڭ	قابارلاسايىق	99
ەرتەڭ	كورەمىز	45
ەرتەڭ	جولدايىن	107
ەرتەڭ	اۇدانعا	102
ەرتەڭ	سۇيلەيىن	111
ەرتەڭ	شىعامىز	94
ەرتەڭ	رۇحسات	104
ەرتەڭ	بارمايتىن	111
ەرتەڭ	بىركۇن	112
ەرتەڭ	شەك	86
ەرتەڭ	ستەيتىن	110
ەرتەڭ	تارايدى	109
ەرتەڭ	سىناۋ	103
ەرتەڭ	بەلگىلى	99
ەرتەڭ	شىعاسىڭبا	98
ەرتەڭ	قىزىمەت	94
ەرتەڭ	اپارايىن	114
ەرتەڭ	تاڭەرتەڭنەن	111
ەرتەڭ	ۋاقتىڭ	113
ەرتەڭ	بارامىزبا	114
ەرتەڭ	ەمتيقان	100
ەرتەڭ	سوتقا	102
ەرتەڭ	جىبار	112
ەرتەڭ	ستەيمىن	104
ەرتەڭ	قايتاسىڭبا	110
ەرتەڭ	شعامىن	95
ەرتەڭ	بۋىرشىنعا	110
ەرتەڭ	كەدەيىن	114
ەرتەڭ	سوزسىز	114
ەرتەڭ	قايتەتىن	107
ەرتەڭ	قىزمەتكە	111
ەرتەڭ	وينايىق	97
ەرتەڭ	قايتاراتىن	111
ەرتەڭ	تاسقا	112
ەرتەڭ	وقيدى	102
ەرتەڭ	بىتەدى	95
ەرتەڭ	كەلەسىڭبا	108
ەرتەڭ	قاباعا	108
ەرتەڭ	ىستەيمىز	113
ەرتەڭ	دەمالام	113
ەرتەڭ	بۇرسگۇنى	97
ەرتەڭ	كەزگەيىك	109
ەرتەڭ	دەمالادى	112
ەرتەڭ	بۇرسۇگۇنى	110
ەرتەڭ	كەشتەن	108
ەرتەڭ	قىزىمەتكە	103
ەرتەڭ	تۇسكەدەيىن	112
ەرتەڭ	دەمالاتىن	96
ەرتەڭ	اڭگىمەلەسەيىك	106
ەرتەڭ	دەمالامىن	97
ەرتەڭ	سويلەسەيىك	108
ەرتەڭ	ىستەيسىڭبە	100
ەرتەڭ	تۇستەردە	111
ەرتەڭ	دەرى	101
ەرتەڭ	دەمالاسىڭبا	112
ەرتەڭ	سۇيلەسەيىك	103
ەرتەڭ	حابارلاسايىن	106
قابىل	جان	113
قابىل	جانىم	109
قابىل	سالەم	32
قابىل	مەن	97
قابىل	جوق	91
قابىل	بول	106
قابىل	بولس	110
قابىل	بولسى	106
قابىل	بولسىن	93
قابىل	جاقسى	5
قابىل	نە	41
قابىل	نەعىپ	106
قابىل	بولىپ	91
قابىل	راحىمەت	74
قابىل	ماقۇل	56
قابىل	ال	93
قابىل	كەلىپ	83
قابىل	يا	108
قابىل	قابىل	94
قابىل	سودان	55
قابىل	قايىرلى	100
قابىل	بولادى	58
قابىل	جارايدى	103
قابىل	قال	103
قابىل	ۇيدە	90
قابىل	بىرگە	93
قابىل	وت	33
قابىل	دوسىم	82
قابىل	كىم	57
قابىل	امان	102
قابىل	امانشىلىق	83
قابىل	جاقسىما	35
قابىل	ۇز	73
قابىل	ۇزىڭ	109
قابىل	وي	109
قابىل	امانسىڭبا	110
قابىل	كەش	63
قابىل	الدىم	91
قابىل	وز	90
قابىل	اعا	111
قابىل	بوپ	95
قابىل	ايتقانىڭ	109
قابىل	سونىمەن	66
قابىل	جەجە	109
قابىل	اينالايىن	110
قابىل	قىزدار	78
قابىل	تاتتى	95
قابىل	امانسىزبا	103
قابىل	قالىڭ	93
قابىل	دەنساۋلىق	96
قابىل	قايرلى	109
قابىل	ىراحىمەت	96
قابىل	دەنساۋلىعىڭ	107
قابىل	بارمىن	96
قابىل	باۋىرىم	100
قابىل	جاقسىڭ	101
قابىل	كۇندەرىڭ	93
قابىل	دوستار	107
قابىل	قۇدا	66
قابىل	قوش	108
قابىل	ايتقانىڭىز	31
قابىل	امانشىلىقپا	103
قابىل	بولسن	109
قابىل	جاندارىم	46
قابىل	جاقسىڭبا	100
قابىل	اسابا	112
قابىل	الىڭىز	89
قابىل	بىركە	107
قابىل	دەنساۋلىقتارىڭىز	104
قابىل	ايتقاندارىڭ	110
قابىل	وتباستارىڭ	109
قابىل	وتباستارىڭىز	107
قابىل	دەندەرىڭ	73
قابىل	دەندەرىڭىز	102
قابىل	دەنىڭ	103
قابىل	بۇلسىن	101
قابىل	بوسىن	89
قابىل	حوش	88
قابىل	قىلسىن	108
قابىل	ەتسىن	104
ادام	عوي	110
ادام	مەن	46
ادام	دەپ	70
ادام	جوق	50
ادام	بول	18
ادام	بولسىن	108
ادام	جاقسى	101
ادام	بولدى	77
ادام	ەكەن	68
ادام	بىر	39
ادام	سول	62
ادام	نە	84
ادام	نەعىپ	86
ادام	بار	110
ادام	سەن	18
ادام	ەندى	87
ادام	بولىپ	92
ادام	قوي	57
ادام	ال	90
ادام	الى	111
ادام	الىپ	103
ادام	ون	54
ادام	كەلىپ	111
ادام	ەرتە	67
ادام	ەرتەڭ	106
ادام	ادام	101
ادام	بولسا	76
ادام	بۇگىن	22
ادام	ماعان	104
ادام	بارى	96
ادام	بارىپ	103
ادام	ەكى	96
ادام	مەنى	90
ادام	مەنىڭ	100
ادام	بولادى	107
ادام	نەگە	82
ادام	ول	95
ادام	قايدا	87
ادام	سەنى	92
ادام	ساعان	105
ادام	وسى	106
ادام	تاماق	101
ادام	دەيدى	102
ادام	قالاي	90
ادام	تەلەفون	104
ادام	ايتىپ	83
ادام	بىرگە	107
ادام	وتىر	108
ادام	كىم	104
ادام	امان	94
ادام	كەتتى	107
ادام	كەيىن	113
ادام	قالدى	112
ادام	اقشا	77
ادام	دەگەن	105
ادام	كۇنى	61
ادام	ەمەس	81
ادام	بارما	37
ادام	بىراق	39
ادام	قانشا	106
ادام	ۇز	92
ادام	ۇزى	111
ادام	قاربالاس	90
ادام	تاعى	108
ادام	كوپ	106
ادام	كەتىپ	32
ادام	تاڭەرتەڭ	107
ادام	مىن	110
ادام	نەدەگەن	110
ادام	قانداي	97
ادام	ەدى	93
ادام	سەنىڭ	92
ادام	بولاما	112
ادام	از	103
ادام	ازىر	60
ادام	ىستەپ	96
ادام	الماي	102
ادام	قايتا	110
ادام	يۋان	111
ادام	قايتىپ	103
ادام	الدى	97
ادام	ۇش	106
ادام	وز	112
ادام	وزى	110
ادام	تەز	90
ادام	بوپ	87
ادام	كەرەك	83
ادام	كەلدى	55
ادام	شىعار	85
ادام	شىعىپ	111
ادام	كورىپ	91
ادام	بىز	108
ادام	ەدىم	107
ادام	تاۋىپ	113
ادام	كەلە	45
ادام	سالىپ	110
ادام	عانا	99
ادام	قيىن	70
ادام	بولعان	101
ادام	ەكەنسىڭ	67
ادام	قاراپ	65
ادام	بۇل	97
ادام	قازىر	110
ادام	قوس	91
ادام	قوسىپ	106
ادام	بولدىم	60
ادام	اپارىپ	89
ادام	كۇپ	85
ادام	ماشينا	50
ادام	ەمەسپە	81
ادام	جامان	93
ادام	قايدان	108
ادام	كەلەدى	103
ادام	ساعات	95
ادام	دەشى	105
ادام	كەپ	103
ادام	ءبىر	96
ادام	ۇشىن	108
ادام	شارشاپ	105
ادام	بولماي	109
ادام	بولمايدى	89
ادام	بولماسا	78
ادام	بولسادا	79
ادام	سياقتى	85
ادام	بولاتىن	65
ادام	بارىن	93
ادام	سونداي	107
ادام	سۇيتىپ	89
ادام	ماڭگى	96
ادام	ەڭ	111
ادام	الاتىن	103
ادام	بولساڭ	87
ادام	قالىڭ	92
ادام	ەدىڭ	105
ادام	قۇساپ	101
ادام	سولاي	42
ادام	توسىپ	105
ادام	دار	91
ادام	بولدىڭ	93
ادام	باسىپ	77
ادام	وڭاي	93
ادام	بىلەدى	105
ادام	وتە	104
ادام	ارتىق	98
ادام	ىزدەپ	108
ادام	شعىپ	69
ادام	كەلسە	109
ادام	بارامىز	100
ادام	الام	109
ادام	ەرتىپ	101
ادام	اكەپ	91
ادام	بارادى	110
ادام	ەرەكشە	103
ادام	دال	105
ادام	الادى	71
ادام	كولىك	61
ادام	الامىن	62
ادام	ءوزى	107
ادام	قانا	108
ادام	السا	106
ادام	ۇتە	80
ادام	بولدىق	109
ادام	شاقىرىپ	94
ادام	المايدى	102
ادام	سىڭ	98
ادام	كەيدە	95
ادام	تولىق	102
ادام	قاجەت	86
ادام	بالاسى	76
ادام	دەرەۋ	85
ادام	بولسام	69
ادام	شىقتى	103
ادام	جوقپا	113
ادام	بولعاندا	83
ادام	الاسى	98
ادام	ورنى	111
ادام	ەكەنىن	92
ادام	الامىز	94
ادام	تاپ	74
ادام	دەكەن	79
ادام	شىقپاي	107
ادام	جەتەدى	92
ادام	كەم	100
ادام	كۇلىك	103
ادام	ەمەسپىن	79
ادام	بولايىن	68
ادام	ىستەيتىن	108
ادام	سۇيتەدى	113
ادام	تۇسىرىپ	109
ادام	تابا	108
ادام	قالماي	92
ادام	تاۇىپ	107
ادام	شىقسا	84
ادام	ىستەتىپ	84
ادام	بولۋ	110
ادام	قوسا	96
ادام	سىياقتى	84
ادام	قالمادى	100
ادام	ەكەسىڭ	106
ادام	ماشينە	108
ادام	قاتىناس	113
ادام	بولعانسوڭ	79
ادام	باسىنا	86
ادام	شىعاما	107
ادام	بارمىز	111
ادام	جيىپ	108
ادام	جوققوي	110
ادام	بارمەكەن	103
ادام	سەكىلدى	98
ادام	زدەپ	106
ادام	جيناپ	104
ادام	جوقبا	111
ادام	بوسا	107
ادام	سانى	113
ادام	شىقباي	70
ادام	الاما	108
ادام	تاسىپ	77
ادام	جوقتا	103
ادام	ورتاعا	102
ادام	بالاسىن	108
ادام	تاپتىم	111
ادام	تابالماي	108
ادام	ەكەنسىز	110
ادام	بولۋى	112
ادام	قوستىم	113
ادام	شقسا	109
ادام	توشىپ	102
ادام	تولىپ	84
ادام	سوزىن	93
ادام	شىقتىما	113
ادام	ەمەسسىڭ	112
ادام	قۇرلى	83
ادام	ۇقسامايدى	65
ادام	تابىلماي	110
ادام	تاپشى	105
ادام	تاپپاي	111
ادام	تاپتىڭبا	101
ادام	سۇزىن	110
ادام	ەكەنىڭدى	111
ادام	قوسايىن	98
ادام	قاتناس	111
ادام	بالاسىنا	112
ادام	كوبەيىپ	89
ادام	ازايىپ	100
ادام	تاپساڭ	106
ادام	قورقادى	103
ادام	ىزدەيمىن	110
ادام	ەمەسبىن	108
ادام	سانىن	99
ادام	ەكەنىمدى	96
ادام	تابىلدى	104
ادام	تولماي	102
ادام	توشپاي	103
ادام	دەرەۇ	105
ادام	المايما	112
ادام	ەمەسىڭ	108
ادام	بولمايسىڭ	98
ادام	كۇبەيىپ	93
ادام	بەرڭدەر	107
ادام	قوساپ	95
ادام	ەمەسپىز	108
ادام	كەرشىلىك	110
ادام	كوپپە	73
ادام	بالاسنا	88
ادام	عۇرلى	112
ادام	الامەكەن	105
ادام	كوپپا	104
ادام	كۇپپە	104
ادام	بەيىم	99
ادام	قاتارىنا	113
ادام	كەرشىلىگى	113
ادام	كەرشلىك	98
ادام	كەرشىلىگىڭ	106
ادام	گەرشىلىك	111
بولسا	عوي	112
بولسا	جانىم	76
بولسا	مەن	89
بولسا	دەپ	50
بولسا	جوق	61
بولسا	بولسىن	83
بولسا	جاقسى	92
بولسا	بولدى	40
بولسا	ەكەن	19
بولسا	بىر	58
بولسا	سول	49
بولسا	نە	62
بولسا	نەعىپ	72
بولسا	بار	107
بولسا	سەن	82
بولسا	ەندى	75
بولسا	بولىپ	85
بولسا	راحىمەت	112
بولسا	قوي	101
بولسا	ال	107
بولسا	الى	102
بولسا	الىپ	105
بولسا	ون	57
بولسا	وندا	94
بولسا	كەل	71
بولسا	كەلىپ	91
بولسا	يا	81
بولسا	ەرتە	101
بولسا	ەرتەڭ	99
بولسا	ادام	62
بولسا	بولسا	97
بولسا	بۇگىن	108
بولسا	مەندە	89
بولسا	سودان	68
بولسا	ماعان	96
بولسا	بارى	50
بولسا	بارىپ	62
بولسا	ەكى	67
بولسا	مەنى	66
بولسا	مەنىڭ	68
بولسا	بولا	83
بولسا	بولادى	96
بولسا	نەگە	49
بولسا	ول	83
بولسا	قايدا	79
بولسا	سەنى	110
بولسا	ساعان	82
بولسا	وسى	72
بولسا	تاماق	71
بولسا	دەيدى	100
بولسا	قالاي	92
بولسا	ۇي	89
بولسا	ۇيدە	107
بولسا	ۇيگە	112
بولسا	تەلەفون	88
بولسا	ايت	69
بولسا	ايتىپ	72
بولسا	بىرگە	61
بولسا	كىم	92
بولسا	كەيىن	108
بولسا	اقشا	104
بولسا	دەگەن	88
بولسا	ونى	106
بولسا	بىراق	97
بولسا	قانشا	99
بولسا	ۇزى	97
بولسا	ۇزىڭ	108
بولسا	ىشىپ	101
بولسا	تاعى	104
بولسا	كوپ	64
بولسا	كەتىپ	102
بولسا	تاڭەرتەڭ	105
بولسا	بىراز	87
بولسا	مىنا	77
بولسا	نەدەگەن	76
بولسا	قانداي	113
بولسا	بەر	78
بولسا	بەرىپ	98
بولسا	باس	52
بولسا	باسقا	107
بولسا	سەنىڭ	94
بولسا	كەشتە	94
بولسا	بولاما	90
بولسا	از	91
بولسا	ازىر	102
بولسا	ىستەپ	103
بولسا	قايتا	103
بولسا	انا	95
بولسا	يۋان	100
بولسا	قايتىپ	71
بولسا	جولدا	79
بولسا	جولداپ	98
بولسا	ۇش	31
بولسا	سوندا	86
بولسا	جۇمىس	98
بولسا	وزى	108
بولسا	وزىڭ	109
بولسا	تەز	106
بولسا	ات	87
بولسا	اتىپ	101
بولسا	كەرەك	59
بولسا	بەرە	105
بولسا	بەرەيىن	62
بولسا	شىعىپ	111
بولسا	سونى	112
بولسا	سەندە	77
بولسا	بىز	90
بولسا	تاۋىپ	98
بولسا	الايىن	78
بولسا	بارا	83
بولسا	بارام	96
بولسا	ۇيات	92
بولسا	كەلە	96
بولسا	قابار	99
بولسا	قابارلاس	101
بولسا	قابارلاسىڭىز	72
بولسا	قابارلاسىڭىزد	84
بولسا	قابارلاسىڭىزدا	102
بولسا	قابارلاسىڭىزدار	91
بولسا	سالىپ	12
بولسا	عانا	99
بولسا	قيىن	102
بولسا	ايتا	86
بولسا	دەيمىن	62
بولسا	قاراپ	88
بولسا	ەشتەڭە	112
بولسا	ۇلكەن	95
بولسا	سوم	108
بولسا	بۇل	78
بولسا	كۇندە	102
بولسا	مال	103
بولسا	قازىر	106
بولسا	قوسىپ	107
بولسا	ودا	66
بولسا	ودان	110
بولسا	سوعان	108
بولسا	بەس	84
بولسا	اپارىپ	86
بولسا	سۇراپ	92
بولسا	جامان	98
بولسا	قايدان	108
بولسا	ايتام	110
بولسا	مىڭ	98
بولسا	توي	88
بولسا	بىرەۋ	103
بولسا	ءبىر	101
بولسا	بارايىن	102
بولسا	بولمايدى	85
بولسا	جۇرە	76
بولسا	تۇستەن	103
بولسا	امال	105
بولسا	كەتە	84
بولسا	باراتىن	106
بولسا	اڭگىمە	99
بولسا	بەرەم	96
بولسا	ەكەمىز	96
بولسا	بولات	112
بولسا	بولاتىن	109
بولسا	بارىن	98
بولسا	سونداي	96
بولسا	سۇيتىپ	106
بولسا	ەڭ	90
بولسا	بارامىن	101
بولسا	بەكەر	88
بولسا	جۇز	93
بولسا	ۇزىم	84
بولسا	دەگەم	100
بولسا	جولداشى	104
بولسا	قايتەم	75
بولسا	بەرشى	95
بولسا	سويلە	100
بولسا	سويلەپ	111
بولسا	بىزدىڭ	94
بولسا	ايتشى	107
بولسا	ايىت	95
بولسا	سولاي	85
بولسا	بىردەمە	91
بولسا	بوپتى	106
بولسا	ەرتەرەك	112
بولسا	بىزدە	92
بولسا	وزىم	105
بولسا	وڭاي	100
بولسا	مەنەن	113
بولسا	سۇيلە	106
بولسا	شىعارىپ	104
بولسا	سۇيلەپ	111
بولسا	ىزدەپ	100
بولسا	جازىپ	112
بولسا	شىركىن	107
بولسا	بارامىز	79
بولسا	منا	95
بولسا	زات	102
بولسا	اشىق	106
بولسا	الام	82
بولسا	بەرەتىن	107
بولسا	ەرتىپ	86
بولسا	اكەپ	95
بولسا	سەنەن	102
بولسا	قاراي	91
بولسا	بەرەمىن	104
بولسا	دال	108
بولسا	جانە	109
بولسا	بولمايما	100
بولسا	ايتايىن	91
بولسا	اتا	96
بولسا	ۇستىپ	88
بولسا	الامىن	108
بولسا	قايتەسىڭ	106
بولسا	قابارلاسىپ	99
بولسا	ساتىپ	85
بولسا	شپيىڭ	98
بولسا	بولار	102
بولسا	اتشى	92
بولسا	الدىمەن	77
بولسا	رەنجىمە	108
بولسا	تىپتى	111
بولسا	بارايىق	72
بولسا	قىيىن	111
بولسا	بىزگە	112
بولسا	يۇان	107
بولسا	دەرەۋ	100
بولسا	ايتساڭ	93
بولسا	سەننەن	102
بولسا	ايتىڭىز	102
بولسا	ايتامىن	100
بولسا	دەگەنىم	108
بولسا	مەيلى	109
بولسا	سونىڭ	84
بولسا	جىگىتتەر	108
بولسا	شىپيىڭ	111
بولسا	بارمايمىن	109
بولسا	توپقا	110
بولسا	ماعاندا	112
بولسا	كەزىگىپ	106
بولسا	بۇرسىگۇنى	104
بولسا	جولداي	111
بولسا	جەتەدى	67
بولسا	مەنىمەن	107
بولسا	ىستەي	103
بولسا	قايتەدى	102
بولسا	كەشىر	108
بولسا	بۇيتىپ	87
بولسا	ەلۋ	111
بولسا	سونشا	98
بولسا	بەرىڭىزدەر	95
بولسا	قوسا	92
بولسا	كۇزدە	107
بولسا	تپتى	112
بولسا	كەزىگەيىك	91
بولسا	قوسىلىپ	105
بولسا	ءبارى	108
بولسا	رەنجىمەي	110
بولسا	جەكەلىككە	111
بولسا	قايتەر	75
بولسا	بولۋشى	110
بولسا	باساتىن	110
بولسا	بولمايتىن	107
بولسا	كومەك	92
بولسا	قابارلاسام	89
بولسا	جالعاپ	113
بولسا	بولعانى	107
بولسا	باياعىدا	106
بولسا	كۇمەك	85
بولسا	قابارىن	105
بولسا	تەزدەن	109
بولسا	كىرەسىن	96
بولسا	بەرەر	111
بولسا	باياعدا	101
بولسا	قابارلاسڭىزدار	97
بولسا	حابارلاسىڭىزدار	73
بولسا	قابارلاسىڭدار	69
بولسا	توبەدەگى	84
بولسا	تانىستىرىپ	96
بولسا	نەمدى	110
بولسا	ايامايمىن	109
بولسا	ايتىڭىزدار	109
بولسا	جولداڭىزدار	80
بولسا	قابارلاسڭدار	95
بولسا	قابارلاسڭزدار	109
بولسا	قاراستىرا	97
بولسا	قابارلاسىڭزدار	105
بۇگىن	عوي	105
بۇگىن	جانىم	97
بۇگىن	سال	91
بۇگىن	مەن	111
بۇگىن	دەپ	57
بۇگىن	جوق	87
بۇگىن	بولسىن	63
بۇگىن	جاقسى	109
بۇگىن	بولدى	66
بۇگىن	ەكەن	107
بۇگىن	بىر	90
بۇگىن	سول	22
بۇگىن	نە	69
بۇگىن	نەعىپ	47
بۇگىن	بار	72
بۇگىن	سەن	80
بۇگىن	ەندى	72
بۇگىن	قوي	91
بۇگىن	الىپ	92
بۇگىن	ون	77
بۇگىن	وندا	96
بۇگىن	كەل	99
بۇگىن	كەلىپ	81
بۇگىن	ەرتە	54
بۇگىن	ەرتەڭ	59
بۇگىن	ادام	54
بۇگىن	بولسا	66
بۇگىن	بۇگىن	95
بۇگىن	مەندە	107
بۇگىن	ماعان	82
بۇگىن	بارى	75
بۇگىن	بارىپ	93
بۇگىن	ەكى	60
بۇگىن	مەنى	69
بۇگىن	مەنىڭ	81
بۇگىن	قاي	65
بۇگىن	نەگە	99
بۇگىن	ول	72
بۇگىن	قايدا	92
بۇگىن	سەنى	70
بۇگىن	ساعان	77
بۇگىن	وسى	72
بۇگىن	تاماق	83
بۇگىن	دەيدى	76
بۇگىن	قالاي	111
بۇگىن	ۇي	91
بۇگىن	ۇيدە	74
بۇگىن	ۇيگە	59
بۇگىن	تەلەفون	63
بۇگىن	ايت	84
بۇگىن	ايتىپ	91
بۇگىن	بىرگە	96
بۇگىن	كۇن	102
بۇگىن	كىم	58
بۇگىن	كەتتى	95
بۇگىن	تاڭ	89
بۇگىن	اق	97
بۇگىن	اقشا	107
بۇگىن	كۇنى	83
بۇگىن	ەمەس	112
بۇگىن	بارما	85
بۇگىن	بىراق	105
بۇگىن	قانشا	88
بۇگىن	ۇزى	87
بۇگىن	قاربالاس	102
بۇگىن	ىشىپ	54
بۇگىن	تاعى	85
بۇگىن	كوپ	39
بۇگىن	كەتىپ	81
بۇگىن	تاڭەرتەڭ	91
بۇگىن	بىراز	66
بۇگىن	مىنا	53
بۇگىن	نەدەگەن	92
بۇگىن	قانداي	91
بۇگىن	شاي	81
بۇگىن	بەرىپ	72
بۇگىن	باس	94
بۇگىن	باسقا	96
بۇگىن	سەنىڭ	102
بۇگىن	كەش	83
بۇگىن	كەشتە	69
بۇگىن	بولاما	34
بۇگىن	راس	112
بۇگىن	از	92
بۇگىن	ىستەپ	101
بۇگىن	كەشە	83
بۇگىن	قايتا	111
بۇگىن	انا	77
بۇگىن	ۇيقتاپ	96
بۇگىن	يۋان	107
بۇگىن	قايتىپ	111
بۇگىن	الدىم	83
بۇگىن	ۇش	110
بۇگىن	جۇمىس	85
بۇگىن	وزى	74
بۇگىن	ايتەۋ	108
بۇگىن	ات	91
بۇگىن	اتىپ	110
بۇگىن	كەرەك	91
بۇگىن	كوڭىل	92
بۇگىن	اۋىرىپ	85
بۇگىن	تۇن	85
بۇگىن	تۇندە	88
بۇگىن	بەرە	69
بۇگىن	كەلدى	105
بۇگىن	كەلدىم	87
بۇگىن	شىعا	73
بۇگىن	شىعىپ	96
بۇگىن	قايداسىڭ	93
بۇگىن	كورىپ	109
بۇگىن	جاڭا	103
بۇگىن	سونى	106
بۇگىن	سەندە	105
بۇگىن	بىز	110
بۇگىن	ايتقا	95
بۇگىن	تاۋىپ	105
بۇگىن	بارا	88
بۇگىن	بارام	76
بۇگىن	تۇس	86
بۇگىن	كەلە	109
بۇگىن	قاتتى	87
بۇگىن	سالىپ	58
بۇگىن	عانا	91
بۇگىن	قيىن	75
بۇگىن	ۋاقىت	105
بۇگىن	ەشتەڭە	76
بۇگىن	ۇلكەن	106
بۇگىن	مال	95
بۇگىن	تۇسىپ	88
بۇگىن	سوعان	110
بۇگىن	بەس	101
بۇگىن	اپارىپ	96
بۇگىن	كۇپ	103
بۇگىن	جەر	97
بۇگىن	ماشينا	109
بۇگىن	كەلەدى	92
بۇگىن	ساعات	83
بۇگىن	مىڭ	90
بۇگىن	توي	109
بۇگىن	جاي	107
بۇگىن	كەپ	61
بۇگىن	بىرەۋ	105
بۇگىن	ءبىر	104
بۇگىن	بارايىن	78
بۇگىن	تۋىلعان	83
بۇگىن	شارشاپ	84
بۇگىن	بولماي	71
بۇگىن	بولمايدى	101
بۇگىن	كۇرىپ	95
بۇگىن	بولماسا	111
بۇگىن	تۇستە	106
بۇگىن	تۇستەن	70
بۇگىن	امال	56
بۇگىن	كەتەدى	107
بۇگىن	باراتىن	108
بۇگىن	اڭگىمە	93
بۇگىن	بەرەم	111
بۇگىن	جالعىز	95
بۇگىن	بارىن	94
بۇگىن	سونداي	105
بۇگىن	ورازا	104
بۇگىن	ەڭ	102
بۇگىن	الگى	79
بۇگىن	بارامىن	95
بۇگىن	بەكەر	97
بۇگىن	ارەڭ	105
بۇگىن	ويناپ	77
بۇگىن	كىسى	95
بۇگىن	كەلگەن	105
بۇگىن	نان	95
بۇگىن	كەلمەي	72
بۇگىن	بىزدىڭ	108
بۇگىن	بەرەدى	98
بۇگىن	ستەپ	109
بۇگىن	ايىت	102
بۇگىن	بىردەمە	109
بۇگىن	دارى	108
بۇگىن	ەرتەرەك	110
بۇگىن	ماي	82
بۇگىن	باسىم	111
بۇگىن	بىزدە	84
بۇگىن	نەشە	108
بۇگىن	ناق	112
بۇگىن	دەم	103
بۇگىن	وتە	69
بۇگىن	باستاپ	103
بۇگىن	كەلمەيدى	84
بۇگىن	اراق	106
بۇگىن	سۇت	102
بۇگىن	كىر	74
بۇگىن	جارىم	96
بۇگىن	اياق	98
بۇگىن	شعىپ	105
بۇگىن	بالالار	111
بۇگىن	بارامىز	86
بۇگىن	دەمال	110
بۇگىن	زات	107
بۇگىن	اشىق	95
بۇگىن	بەرەتىن	109
بۇگىن	قول	98
بۇگىن	بارعان	96
بۇگىن	بەرەمىن	108
بۇگىن	بارادى	109
بۇگىن	ايدىڭ	112
بۇگىن	ەرەكشە	96
بۇگىن	اۋدانعا	77
بۇگىن	قولايسىز	83
بۇگىن	دال	101
بۇگىن	جانە	109
بۇگىن	تۇرا	80
بۇگىن	اپام	109
بۇگىن	كۇڭىل	109
بۇگىن	سۋىق	92
بۇگىن	كەشكە	96
بۇگىن	ماس	79
بۇگىن	كەلەتىن	97
بۇگىن	جاعداي	93
بۇگىن	قانا	105
بۇگىن	مىنە	107
بۇگىن	ۇيقى	103
بۇگىن	ۇيقىم	96
بۇگىن	دەمالىپ	103
بۇگىن	بارسام	84
بۇگىن	ۇيدىڭ	87
بۇگىن	بوس	109
بۇگىن	تازا	101
بۇگىن	ۇتە	102
بۇگىن	كۇندىز	107
بۇگىن	جۇمىسقا	91
بۇگىن	شىعادى	83
بۇگىن	قوناق	111
بۇگىن	جىلى	93
بۇگىن	قاجەت	111
بۇگىن	تىپتى	110
بۇگىن	دەمالىس	98
بۇگىن	بارايىق	57
بۇگىن	كەلدىك	108
بۇگىن	كەشكى	108
بۇگىن	اۋىز	107
بۇگىن	قايتام	106
بۇگىن	كەلسەڭ	97
بۇگىن	تاۋعا	97
بۇگىن	شىقتى	92
بۇگىن	شىقتىم	110
بۇگىن	ۇيدەمىن	99
بۇگىن	قۇلجاعا	100
بۇگىن	كەلشى	92
بۇگىن	قايتاتىن	111
بۇگىن	كەلەم	107
بۇگىن	جۇمسقا	102
بۇگىن	شىعاتىن	80
بۇگىن	ايلىق	111
بۇگىن	بارمايمىن	102
بۇگىن	ەكىنشى	104
بۇگىن	قيمىل	101
بۇگىن	ساۋدا	97
بۇگىن	وراي	106
بۇگىن	كورىم	94
بۇگىن	بىرىنشى	101
بۇگىن	ۇرىمجىگە	111
بۇگىن	ساباق	101
بۇگىن	كەلەسىڭبە	111
بۇگىن	جولعا	84
بۇگىن	جوقسىڭ	111
بۇگىن	باراسىڭبا	112
بۇگىن	دوحتىرعا	106
بۇگىن	سىرتقا	103
بۇگىن	باردىڭبا	112
بۇگىن	ىسكە	102
بۇگىن	التايعا	89
بۇگىن	جاڭبىر	102
بۇگىن	وكىل	97
بۇگىن	قولىم	112
بۇگىن	بىلدىم	107
بۇگىن	مەكتەپكە	111
بۇگىن	تۇسكە	99
بۇگىن	شارشادىڭ	93
بۇگىن	قولىڭ	91
بۇگىن	دۇكەن	104
بۇگىن	دۇكەندە	111
بۇگىن	بازار	108
بۇگىن	بازارعا	109
بۇگىن	تۇنىمەن	97
بۇگىن	سوڭعى	103
بۇگىن	ساڭزى	109
بۇگىن	بارايىنبا	98
بۇگىن	قالاعا	109
بۇگىن	ءارەڭ	108
بۇگىن	امالداپ	110
بۇگىن	قايتامىن	106
بۇگىن	تپتى	104
بۇگىن	اۋداندا	110
بۇگىن	بوران	111
بۇگىن	كەزىگەيىك	98
بۇگىن	قونىپ	97
بۇگىن	جيىن	111
بۇگىن	ەسەپ	108
بۇگىن	كەلەمە	112
بۇگىن	تازالىق	100
بۇگىن	كەلمەيسىڭبە	109
بۇگىن	بالار	112
بۇگىن	دۇكەنگە	112
بۇگىن	دارداي	111
بۇگىن	سىزدەرگە	103
بۇگىن	جەكسەنبى	107
بۇگىن	وقۋشى	103
بۇگىن	شايدىڭ	103
بۇگىن	ۋاقىتىڭ	100
بۇگىن	دەمالدىم	110
بۇگىن	بارمادىم	93
بۇگىن	جوزى	105
بۇگىن	كەشكەدەيىن	110
بۇگىن	ۇشىنشى	101
بۇگىن	دۇيسەنبى	108
بۇگىن	جۇما	101
بۇگىن	زادى	105
بۇگىن	بىرتۇرلى	108
بۇگىن	تەكسەرۋ	111
بۇگىن	دەمالس	110
بۇگىن	ساڭىزى	93
بۇگىن	رۇحسات	108
بۇگىن	بارمايتىن	112
بۇگىن	بىركۇن	108
بۇگىن	الداۋ	85
بۇگىن	تارايدى	60
بۇگىن	سىناۋ	103
بۇگىن	شىعاسىڭبا	107
بۇگىن	ۇرادى	110
بۇگىن	جىبار	112
بۇگىن	شارشاعان	87
بۇگىن	قايتاسىڭبا	108
بۇگىن	قىزمەتكە	80
بۇگىن	قايتاراتىن	111
بۇگىن	شارشادىڭبا	107
بۇگىن	قادىر	112
بۇگىن	بايگە	86
بۇگىن	دەمالدىڭبا	95
بۇگىن	مۇجازىم	93
بۇگىن	كەشتەن	107
بۇگىن	بارالمايتىن	97
بۇگىن	دەمالعان	111
بۇگىن	كەزەكشى	111
بۇگىن	دەمالعام	110
تۇر	عوي	98
تۇر	جان	13
تۇر	جانىم	109
تۇر	مەن	23
تۇر	دەپ	59
تۇر	جوق	41
تۇر	جاقسى	93
تۇر	بولدى	82
تۇر	ەكەن	102
تۇر	بىر	20
تۇر	سول	66
تۇر	نە	71
تۇر	بار	91
تۇر	سەن	84
تۇر	ەندى	79
تۇر	قوي	67
تۇر	الى	69
تۇر	الىپ	99
تۇر	وندا	100
تۇر	يا	79
تۇر	ەرتەڭ	96
تۇر	ادام	69
تۇر	بۇگىن	106
تۇر	تۇر	70
تۇر	مەندە	83
تۇر	سودان	82
تۇر	ماعان	88
تۇر	بارى	81
تۇر	بارىپ	108
تۇر	ەكى	102
تۇر	مەنى	83
تۇر	مەنىڭ	101
تۇر	نەگە	96
تۇر	ول	110
تۇر	سەنى	89
تۇر	ساعان	83
تۇر	وسى	87
تۇر	تاماق	84
تۇر	دەيدى	99
تۇر	ۇيدە	49
تۇر	ۇيگە	97
تۇر	تەلەفون	96
تۇر	كۇن	94
تۇر	دوسىم	100
تۇر	اقشا	66
تۇر	دەگەن	87
تۇر	يە	83
تۇر	ونى	108
تۇر	بىراق	104
تۇر	ۇزى	85
تۇر	تاعى	110
تۇر	تاڭەرتەڭ	95
تۇر	بىراز	93
تۇر	مىن	78
تۇر	مىنا	69
تۇر	شاي	99
تۇر	ەدى	106
تۇر	باسقا	66
تۇر	سەنىڭ	104
تۇر	كەشتە	107
تۇر	بولاما	101
تۇر	از	77
تۇر	ازىر	93
تۇر	كەشە	90
تۇر	قايتا	97
تۇر	انا	100
تۇر	ۇش	102
تۇر	سوندا	110
تۇر	جۇمىس	102
تۇر	ايتەۋ	108
تۇر	تەز	94
تۇر	اعا	102
تۇر	دەسە	91
تۇر	دەسەم	105
تۇر	تۇن	86
تۇر	تۇندە	90
تۇر	شى	104
تۇر	وعان	97
تۇر	سونى	89
تۇر	بىز	88
تۇر	ەدىم	102
تۇر	ۇيات	100
تۇر	قاتتى	104
تۇر	ەكەنسىڭ	100
تۇر	دەيمىن	67
تۇر	بۇل	107
تۇر	قازىر	110
تۇر	ەي	98
تۇر	ودا	97
تۇر	سوعان	103
تۇر	ەمەسپە	92
تۇر	دەشى	65
تۇر	بولماسا	86
تۇر	امال	100
تۇر	باعانا	104
تۇر	دەدى	110
تۇر	دەدىم	101
تۇر	ءالى	91
تۇر	قايتەم	108
تۇر	ەدىڭ	107
تۇر	دارى	95
تۇر	باسىم	107
تۇر	قۇرسىن	104
تۇر	دەسەڭ	104
تۇر	باۋىرىم	96
تۇر	دەيسىڭ	108
تۇر	عۇي	89
تۇر	رەنجىمە	93
تۇر	سىڭ	105
تۇر	ايتپەسە	97
تۇر	مەكەن	80
تۇر	ايلىق	104
تۇر	دەپتى	109
تۇر	ايتبەسە	100
تۇر	ەمەسبە	93
تۇر	ەكەسىڭ	104
تۇر	رەنجىمەي	107
تۇر	تۇسىڭدە	109
تۇر	كۇرپە	99
تۇر	ىڭىز	104
تۇر	سۇنداي	110
تۇر	عانى	105
مەندە	عوي	86
مەندە	جان	91
مەندە	جانىم	99
مەندە	سال	52
مەندە	دەپ	106
مەندە	جوق	109
مەندە	جاقسى	43
مەندە	بولدى	50
مەندە	بىر	110
مەندە	سول	37
مەندە	نە	23
مەندە	بار	63
مەندە	سەن	45
مەندە	ەندى	67
مەندە	بولىپ	33
مەندە	قوي	107
مەندە	الى	107
مەندە	الىپ	95
مەندە	ون	93
مەندە	كەلىپ	92
مەندە	ەرتە	70
مەندە	ەرتەڭ	85
مەندە	ادام	70
مەندە	بولسا	72
مەندە	بۇگىن	90
مەندە	مەندە	56
مەندە	سودان	110
مەندە	بارى	103
مەندە	بارىپ	69
مەندە	ەكى	63
مەندە	جاتىرمىن	66
مەندە	ول	58
مەندە	سەنى	95
مەندە	ساعان	31
مەندە	وسى	51
مەندە	تاماق	69
مەندە	ۇي	62
مەندە	ۇيدە	83
مەندە	ۇيگە	44
مەندە	تەلەفون	49
مەندە	ايتىپ	82
مەندە	بىرگە	73
مەندە	وتىرمىن	99
مەندە	دوس	74
مەندە	امان	110
مەندە	امانشىلىق	104
مەندە	تاڭ	100
مەندە	اقشا	108
مەندە	ەمەس	48
مەندە	ونى	107
مەندە	بىراق	102
مەندە	قانشا	107
مەندە	ۇز	107
مەندە	ۇزىڭ	105
مەندە	قاربالاس	109
مەندە	ىشىپ	50
مەندە	كوپ	83
مەندە	كەتىپ	71
مەندە	تاڭەرتەڭ	91
مەندە	بىراز	84
مەندە	مىنا	62
مەندە	شاي	93
مەندە	بەرىپ	71
مەندە	باس	105
مەندە	باسقا	108
مەندە	سەنىڭ	88
مەندە	كەشتە	67
مەندە	راس	97
مەندە	از	87
مەندە	ازىر	76
مەندە	ىستەپ	54
مەندە	كەشە	80
مەندە	قايتا	77
مەندە	انا	101
مەندە	ۇيقتاپ	99
مەندە	يۋان	79
مەندە	قايتىپ	98
مەندە	جولداپ	94
مەندە	كەتتىم	104
مەندە	ۇش	84
مەندە	جۇمىس	88
مەندە	وز	87
مەندە	ايتەۋ	106
مەندە	اتىپ	92
مەندە	كوڭىل	108
مەندە	اۋىرىپ	106
مەندە	تۇندە	85
مەندە	كەلدىم	91
مەندە	شىعىپ	78
مەندە	قويدىم	98
مەندە	كورىپ	102
مەندە	وعان	104
مەندە	بالا	99
مەندە	تۇرىپ	98
مەندە	جاڭا	95
مەندە	سونى	63
مەندە	سەندە	71
مەندە	جۇرمىن	93
مەندە	الايىن	88
مەندە	بارا	87
مەندە	بارام	83
مەندە	كەلە	58
مەندە	قاتتى	86
مەندە	عانا	62
مەندە	قيىن	107
مەندە	جاتىپ	104
مەندە	ايتا	83
مەندە	ۋاقىت	103
مەندە	قاراپ	69
مەندە	ەش	92
مەندە	ەشتەڭە	105
مەندە	ۇلكەن	86
مەندە	سوم	103
مەندە	بۇل	99
مەندە	كۇندە	102
مەندە	مال	95
مەندە	قازىر	83
مەندە	تۇسىپ	75
مەندە	قوسىپ	106
مەندە	بولدىم	102
مەندە	سوعان	90
مەندە	بەس	102
مەندە	كۇپ	101
مەندە	ماشينا	83
مەندە	سۇراپ	95
مەندە	جامان	94
مەندە	جاڭە	96
مەندە	ايتام	66
مەندە	توي	93
مەندە	جاي	100
مەندە	كەپ	89
مەندە	ويلاپ	103
مەندە	بىرەۋ	72
مەندە	ءبىر	88
مەندە	بارايىن	94
مەندە	شارشاپ	71
مەندە	شىن	61
مەندە	بولماي	102
مەندە	كۇرىپ	94
مەندە	جۇرەگىم	108
مەندە	تۇستە	108
مەندە	تۇستەن	107
مەندە	امال	95
مەندە	باعانا	82
مەندە	باراتىن	93
مەندە	جۋىپ	97
مەندە	جالعىز	99
مەندە	بارىن	83
مەندە	سونداي	102
مەندە	سۇيتىپ	78
مەندە	ءالى	61
مەندە	قاتە	105
مەندە	ماڭگى	110
مەندە	بارامىن	92
مەندە	ونداي	73
مەندە	بەكەر	68
مەندە	ارەڭ	99
مەندە	ويناپ	76
مەندە	بۇرىن	107
مەندە	ساعىنىپ	98
مەندە	قايتەم	61
مەندە	نان	99
مەندە	بىلمەي	96
مەندە	بىلمەيمىن	77
مەندە	ستەپ	79
مەندە	سولاي	96
مەندە	بىردەمە	54
مەندە	ەرتەرەك	110
مەندە	باسىم	104
مەندە	ونىڭ	85
مەندە	نەشە	109
مەندە	وزىم	104
مەندە	سىزگە	110
مەندە	ناق	107
مەندە	دەم	105
مەندە	وڭاي	82
مەندە	جىندى	94
مەندە	ارتىق	81
مەندە	ۇيىقتاپ	91
مەندە	بۇيىرسا	99
مەندە	قايداعى	108
مەندە	ىزدەپ	71
مەندە	كىر	96
مەندە	بارمىن	96
مەندە	الام	92
مەندە	ساعىندىم	107
مەندە	ەرتىپ	54
مەندە	سەنەن	104
مەندە	ەرەكشە	86
مەندە	اۋدانعا	95
مەندە	ايتتىم	96
مەندە	پۇل	82
مەندە	كۇڭىل	91
مەندە	ايتايىن	108
مەندە	كولىك	90
مەندە	بىلەم	107
مەندە	ۇمىتىپ	87
مەندە	قۇڭباۋ	89
مەندە	ۇستىپ	83
مەندە	ايەل	103
مەندە	نەسى	110
مەندە	ماس	76
مەندە	جاعداي	105
مەندە	ۇيقى	88
مەندە	ۇيقىم	100
مەندە	دەمالىپ	84
مەندە	بارسام	104
مەندە	بىلىپ	98
مەندە	ەشتەمە	108
مەندە	جۇمىسقا	91
مەندە	كەتەم	94
مەندە	ۇيقتادىم	89
مەندە	دايىن	62
مەندە	تالاي	108
مەندە	كەيدە	93
مەندە	سۇيەم	91
مەندە	ۇندەمەي	79
مەندە	تۇك	108
مەندە	ۇيدەن	105
مەندە	ەستىپ	108
مەندە	ۇزىڭدى	107
مەندە	قايتام	100
مەندە	تاياپ	83
مەندە	ۇيقتاي	93
مەندە	جۇرەك	104
مەندە	بىلمەدىم	103
مەندە	ءازىر	94
مەندە	سەننەن	95
مەندە	ايتىم	98
مەندە	شىقتىم	96
مەندە	ۇيدەمىن	85
مەندە	جاتتىم	88
مەندە	قۇلجاعا	67
مەندە	وزىڭدى	110
مەندە	مالعا	102
مەندە	ەلگە	100
مەندە	جۇمسقا	102
مەندە	بارمايمىن	104
مەندە	سەنىمەن	92
مەندە	قورقىپ	99
مەندە	كەتەيىن	101
مەندە	تاماققا	103
مەندە	سۇيەمىن	110
مەندە	بىرازدان	107
مەندە	ۇيكە	108
مەندە	قينالىپ	107
مەندە	سىزدى	81
مەندە	ساعنىپ	94
مەندە	مونشاعا	87
مەندە	الاڭداپ	97
مەندە	حۇڭباۋ	98
مەندە	بۇيتىپ	105
مەندە	ەلدەن	90
مەندە	تابا	92
مەندە	ۇيقتايىن	110
مەندە	الباتى	73
مەندە	كوشەگە	109
مەندە	ايتقام	107
مەندە	شوشىپ	97
مەندە	شىعام	103
مەندە	قايتتىم	99
مەندە	بىلەمىن	84
مەندە	بىلمەيىم	102
مەندە	جۇمىستا	109
مەندە	جاتاققا	93
مەندە	جۇمىستان	108
مەندە	جاترمىن	97
مەندە	تۇستىم	110
مەندە	جۇردىم	106
مەندە	ۇقساس	99
مەندە	بارايىنبا	99
مەندە	ءارەڭ	108
مەندە	جاتايىن	108
مەندە	ازر	85
مەندە	ۇيالىپ	104
مەندە	اتەي	103
مەندە	قايتامىن	107
مەندە	كەتەمىن	101
مەندە	قايتايىن	109
مەندە	اۋداندا	98
مەندە	سەنمەن	103
مەندە	سىرتتا	109
مەندە	جاتام	107
مەندە	قۋانىپ	94
مەندە	ىستەيمىن	93
مەندە	ىستەن	107
مەندە	شىعامىن	105
مەندە	بارعام	107
مەندە	بارعىم	108
مەندە	شاما	96
مەندە	شىعايىن	109
مەندە	مي	97
مەندە	شارشادىم	106
مەندە	تيىن	82
مەندە	زەرىگىپ	110
مەندە	جۇمستا	102
مەندە	جۇمستان	106
مەندە	ۇيىقتادىم	108
مەندە	دەمالدىم	85
مەندە	بارمادىم	77
مەندە	ويلايمىن	109
مەندە	ەشقانداي	108
مەندە	بارامبا	103
مەندە	شعام	106
مەندە	ۇيقتايمىن	110
مەندە	جىرعاپ	88
مەندە	ويلادىم	81
مەندە	اقشادان	93
مەندە	قايتىم	100
مەندە	ويلاعام	98
مەندە	قاربالاستاپ	96
مەندە	قىسىلىپ	107
مەندە	سۇيتەم	97
مەندە	دەمالايىن	83
مەندە	جاتىم	84
مەندە	جاتامىن	95
مەندە	ۇقپايمىن	109
مەندە	قاتەلىك	108
مەندە	ساعندىم	105
مەندە	سۇيتەيىن	93
مەندە	ۇيىقتايىن	104
مەندە	قىينالىپ	92
مەندە	شعايىن	104
مەندە	جاقسىمىن	110
مەندە	جاتقالى	105
مەندە	قىجالات	108
مەندە	ۇيشىڭى	103
مەندە	ادامىن	107
مەندە	امالسىز	106
مەندە	اداممىن	103
مەندە	سۇيتەمىن	99
مەندە	ۇندەمەدىم	110
مەندە	قۋانشتامىن	103
مەندە	سۇيتتىم	108
مەندە	سۇيتكەم	106
سودا	جەتەدى	110
سودان	جان	24
سودان	جانىم	105
سودان	مەن	35
سودان	جوق	47
سودان	جاقسى	73
سودان	بولدى	79
سودان	بىر	87
سودان	سول	59
سودان	نە	60
سودان	نەعىپ	30
سودان	بار	12
سودان	سەن	108
سودان	ەندى	63
سودان	قوي	69
سودان	ال	105
سودان	الى	102
سودان	الىپ	89
سودان	كەلىپ	73
سودان	يا	70
سودان	ەرتە	106
سودان	ەرتەڭ	99
سودان	ادام	76
سودان	بۇگىن	101
سودان	مەندە	61
سودان	سودان	64
سودان	ماعان	76
سودان	بارى	70
سودان	بارىپ	107
سودان	ەكى	63
سودان	مەنى	85
سودان	مەنىڭ	83
سودان	قاي	93
سودان	نەگە	81
سودان	جاتىرمىن	94
سودان	ول	71
سودان	قايدا	73
سودان	سەنى	48
سودان	ساعان	78
سودان	وسى	63
سودان	تاماق	80
سودان	قال	70
سودان	قالاي	103
سودان	ۇي	87
سودان	ۇيدە	95
سودان	ۇيگە	66
سودان	تەلەفون	64
سودان	ايت	79
سودان	ايتىپ	109
سودان	بىرگە	68
سودان	كۇن	101
سودان	وتىرمىن	104
سودان	دوسىم	79
سودان	كىم	71
سودان	امان	103
سودان	امانشىلىق	79
سودان	كەتتى	101
سودان	كەيىن	110
سودان	اق	19
سودان	اقشا	101
سودان	ونى	90
سودان	بىراق	102
سودان	قانشا	83
سودان	ۇزىڭ	106
سودان	قاشان	75
سودان	قاربالاس	79
سودان	ىشىپ	67
سودان	قويشى	100
سودان	تاعى	104
سودان	كوپ	83
سودان	كەتىپ	96
سودان	تاڭەرتەڭ	73
سودان	بىراز	87
سودان	مىنا	72
سودان	قانداي	107
سودان	شاي	84
سودان	بەرى	86
سودان	بەرىپ	60
سودان	باس	102
سودان	باسقا	108
سودان	سەنىڭ	69
سودان	كەش	99
سودان	كەشتە	108
سودان	ازىر	89
سودان	ىستەپ	97
سودان	كەشە	87
سودان	قايتا	84
سودان	انا	75
سودان	ۇيقتاپ	90
سودان	قايتىپ	72
سودان	جولداپ	73
سودان	الدىم	91
سودان	جۇمىس	106
سودان	وزىڭ	90
سودان	ايتەۋ	83
سودان	سوڭ	103
سودان	اعا	80
سودان	اتىپ	98
سودان	تۇندە	95
سودان	بەرەيىن	89
سودان	كەلدىم	97
سودان	شىعىپ	104
سودان	قايداسىڭ	87
سودان	قويدىم	53
سودان	كورىپ	105
سودان	بارسىڭبا	106
سودان	بالا	93
سودان	تۇرىپ	95
سودان	جاڭا	96
سودان	سونى	88
سودان	سەندە	109
سودان	بىز	106
سودان	الايىن	98
سودان	بارا	107
سودان	بارام	104
سودان	كەلە	104
سودان	قابار	105
سودان	جاتىپ	108
سودان	ايتا	78
سودان	ۇلكەن	84
سودان	بۇل	106
سودان	مال	106
سودان	قازىر	99
سودان	قالعان	104
سودان	قوسىپ	110
سودان	جەجە	92
سودان	اپارىپ	99
سودان	سۇراپ	105
سودان	جاڭە	73
سودان	توي	87
سودان	جاي	104
سودان	كەپ	100
سودان	بىرەۋ	108
سودان	بارايىن	106
سودان	شارشاپ	104
سودان	جاتىرمىز	105
سودان	تۇستەن	102
سودان	قىزدار	105
سودان	امال	102
سودان	باعانا	99
سودان	اڭگىمە	102
سودان	جۋىپ	62
سودان	ەكەمىز	103
سودان	سۇيتىپ	95
سودان	ءالى	95
سودان	الگى	102
سودان	ۇزىم	86
سودان	بۇرىن	103
سودان	كەلگەن	99
سودان	سويلەپ	107
سودان	تارتىپ	88
سودان	دەنساۋلىق	105
سودان	ستەپ	90
سودان	بىردەمە	104
سودان	سىز	109
سودان	دارى	102
سودان	وتىرمىز	106
سودان	وزىم	104
سودان	سىزگە	103
سودان	دەم	96
سودان	ارتىق	107
سودان	بالام	101
سودان	باستاپ	96
سودان	ۇيىقتاپ	78
سودان	سۇيلە	98
سودان	سۇيلەپ	107
سودان	جازىپ	85
سودان	شعىپ	98
سودان	سەنەن	107
سودان	ايتادى	100
سودان	ايتتىم	103
سودان	جەتىپ	76
سودان	باۋىرىم	100
سودان	اپام	104
سودان	قايتارىپ	109
سودان	اقىرىن	107
سودان	رەنجىپ	103
سودان	جاعداي	108
سودان	ءوزىڭ	74
سودان	قابارلاسىپ	108
سودان	دەمالىپ	95
سودان	قۇدا	96
سودان	ارى	105
سودان	جۇمىسقا	64
سودان	ۇندەمەي	97
سودان	بالاسى	100
سودان	قايتام	105
سودان	دەرەۋ	110
سودان	قابارلاسايىن	108
سودان	سەننەن	106
سودان	ايتىم	109
سودان	ارتىنان	93
سودان	قورقىپ	103
سودان	سويلەي	84
سودان	تۇردىڭبا	101
سودان	كەمپىر	107
سودان	الاڭداپ	106
سودان	سۇيلەي	89
سودان	شوشىپ	104
سودان	ايتقانىم	104
سودان	قابارسىز	70
سودان	قاربالاسپا	91
سودان	ۇيالىپ	83
سودان	ءاگى	110
سودان	ۇيدەسىڭبە	110
سودان	نەستەپ	103
سودان	ويانىپ	87
سودان	قايتتىڭ	107
سودان	قايتتىڭبا	99
سودان	سىزدەن	98
سودان	بارمادىم	110
سودان	نەقىپ	108
سودان	قورقام	100
سودان	نەعپ	109
سودان	كەڭەس	100
سودان	شەشەڭ	107
سودان	سۇراعانىم	105
سودان	قايتىڭ	76
سودان	قايتىڭبا	110
سودان	جاعدايىڭ	106
سودان	تەرىپ	109
سودان	قايداسىز	77
سودان	قايتەتىن	105
سودان	نەقاربالاس	99
سودان	امالسىز	104
سودان	قايدامىز	110
ماعان	عوي	99
ماعان	جان	101
ماعان	جانى	99
ماعان	جانىم	102
ماعان	مەن	75
ماعان	دەپ	81
ماعان	جوق	90
ماعان	جاقسى	90
ماعان	بولدى	70
ماعان	بىر	107
ماعان	سول	22
ماعان	نە	73
ماعان	نەعىپ	45
ماعان	بار	75
ماعان	سەن	70
ماعان	ەندى	44
ماعان	راحىمەت	59
ماعان	ماقۇل	102
ماعان	الى	99
ماعان	الىپ	85
ماعان	ون	70
ماعان	كەل	73
ماعان	كەلىپ	68
ماعان	ەرتە	67
ماعان	ەرتەڭ	109
ماعان	ادام	82
ماعان	بۇگىن	92
ماعان	سودان	78
ماعان	ماعان	105
ماعان	بارى	110
ماعان	بارىپ	70
ماعان	ەكى	101
ماعان	مەنى	52
ماعان	قاي	105
ماعان	بولا	102
ماعان	نەگە	86
ماعان	ول	42
ماعان	سەنى	93
ماعان	ساعان	90
ماعان	وسى	105
ماعان	تاماق	77
ماعان	قالاي	77
ماعان	ۇي	87
ماعان	تەلەفون	107
ماعان	ايت	40
ماعان	ايتىپ	73
ماعان	كۇن	58
ماعان	كىم	104
ماعان	اقشا	76
ماعان	دەگەن	50
ماعان	ەمەس	58
ماعان	بىراق	92
ماعان	قانشا	96
ماعان	ۇزى	87
ماعان	ۇزىڭ	109
ماعان	قاشان	104
ماعان	تاعى	67
ماعان	كوپ	83
ماعان	تاڭەرتەڭ	77
ماعان	بىراز	104
ماعان	مىنا	57
ماعان	نەدەگەن	91
ماعان	قانداي	101
ماعان	شاي	88
ماعان	بەر	103
ماعان	بەرىپ	63
ماعان	باس	62
ماعان	باسقا	102
ماعان	سەنىڭ	94
ماعان	بولاما	82
ماعان	راس	102
ماعان	از	103
ماعان	ازىر	95
ماعان	جۇر	90
ماعان	كەشە	105
ماعان	قايت	96
ماعان	قايتا	89
ماعان	انا	81
ماعان	يۋان	93
ماعان	قايتىپ	50
ماعان	جول	93
ماعان	جولدا	108
ماعان	جولداپ	90
ماعان	ۇش	54
ماعان	سوندا	73
ماعان	جۇمىس	100
ماعان	وزىڭ	88
ماعان	ايتەۋ	106
ماعان	تەز	101
ماعان	ات	97
ماعان	اتىپ	85
ماعان	دەسە	63
ماعان	كەرەك	89
ماعان	كوڭىل	71
ماعان	ايتتى	96
ماعان	اۋىر	92
ماعان	بەرە	108
ماعان	كەلدى	74
ماعان	بالا	102
ماعان	سونى	105
ماعان	ايتقان	105
ماعان	تاۋىپ	66
ماعان	كەلە	88
ماعان	قابارلاس	83
ماعان	قابارلاسىڭىزدار	79
ماعان	قاتتى	107
ماعان	سالىپ	72
ماعان	عانا	91
ماعان	قيىن	74
ماعان	ايتا	83
ماعان	ۋاقىت	65
ماعان	قارا	95
ماعان	قاراپ	102
ماعان	ەش	62
ماعان	ەشتەڭە	100
ماعان	مىقتى	74
ماعان	ۇلكەن	109
ماعان	سوم	96
ماعان	بۇل	55
ماعان	كۇندە	108
ماعان	قازىر	103
ماعان	تۇسىپ	95
ماعان	قوسىپ	105
ماعان	بەس	107
ماعان	كۇپ	68
ماعان	ماشينا	88
ماعان	قىز	101
ماعان	جامان	103
ماعان	قايدان	104
ماعان	كەلەدى	108
ماعان	مىڭ	99
ماعان	جاي	67
ماعان	كەپ	97
ماعان	قويىپ	97
ماعان	بىرەۋ	90
ماعان	ءبىر	59
ماعان	شىن	81
ماعان	اڭگىمە	90
ماعان	بارىن	98
ماعان	سونداي	97
ماعان	سۇيتىپ	85
ماعان	ءالى	83
ماعان	نارسە	97
ماعان	ماڭگى	107
ماعان	ەڭ	85
ماعان	الگى	94
ماعان	ونداي	100
ماعان	جۇز	79
ماعان	جولداشى	65
ماعان	كەلگەن	85
ماعان	بەرشى	93
ماعان	كەلمەي	77
ماعان	سويلە	102
ماعان	سويلەپ	104
ماعان	تارتىپ	66
ماعان	ايتشى	88
ماعان	ايىت	83
ماعان	سولاي	91
ماعان	بىردەمە	97
ماعان	دارى	88
ماعان	ەسە	109
ماعان	تاستاپ	97
ماعان	وڭاي	101
ماعان	وتە	94
ماعان	ارتىق	102
ماعان	قايداعى	101
ماعان	اراق	105
ماعان	سۇيلە	109
ماعان	سۇيلەپ	100
ماعان	سۇت	70
ماعان	جازىپ	107
ماعان	اشىق	89
ماعان	بەرەتىن	107
ماعان	قول	87
ماعان	اكەپ	101
ماعان	كەلگەندە	84
ماعان	سەنەن	73
ماعان	قاراي	103
ماعان	جىگىت	83
ماعان	ەرەكشە	106
ماعان	دەسەڭ	103
ماعان	قولايسىز	99
ماعان	ايتادى	90
ماعان	باقىت	63
ماعان	دال	102
ماعان	پۇل	94
ماعان	تەك	90
ماعان	جاۋاپ	95
ماعان	كۇڭىل	78
ماعان	بەرسەڭ	102
ماعان	اتا	91
ماعان	قۇڭباۋ	80
ماعان	ۇستىپ	82
ماعان	رەنجىپ	99
ماعان	ۇيتىپ	52
ماعان	كەلەتىن	93
ماعان	سوز	101
ماعان	ايتاسىڭ	108
ماعان	ۇتىرىك	101
ماعان	وتىرىك	82
ماعان	قابارلاسىپ	84
ماعان	بەرگەن	92
ماعان	ەكەۋ	72
ماعان	ەشكىم	107
ماعان	ەشتەمە	92
ماعان	جاقىن	93
ماعان	ۇتە	99
ماعان	شپيىڭ	107
ماعان	بەردى	89
ماعان	اتشى	107
ماعان	بەرمەي	88
ماعان	ورىن	92
ماعان	رەنجىمە	95
ماعان	بەت	67
ماعان	پالە	110
ماعان	ايتپا	87
ماعان	قاجەت	87
ماعان	قولايلى	95
ماعان	قىيىن	102
ماعان	بىردەڭە	105
ماعان	يۇان	102
ماعان	قارىز	77
ماعان	جاۋىپ	90
ماعان	دەرەۋ	108
ماعان	كەلسەڭ	104
ماعان	جۇرەك	91
ماعان	ايتساڭ	107
ماعان	وسىنداي	76
ماعان	سويلەمە	105
ماعان	سويلەمەي	92
ماعان	كەلشى	83
ماعان	نەكە	107
ماعان	كەلەم	93
ماعان	شىپيىڭ	108
ماعان	تەلەپون	87
ماعان	ۇقسايدى	90
ماعان	وراي	110
ماعان	دەكەن	101
ماعان	تيىپ	105
ماعان	كەزىگىپ	105
ماعان	اكەلىپ	98
ماعان	تەمەكى	103
ماعان	جولداي	106
ماعان	سويلەي	86
ماعان	كەلەسىڭبە	99
ماعان	سۇيلەمە	105
ماعان	سۇيلەمەي	92
ماعان	ايتپاشى	87
ماعان	قاراماي	110
ماعان	حۇڭباۋ	67
ماعان	بر	93
ماعان	ايتات	109
ماعان	ايتاتىن	105
ماعان	بۇيتىپ	100
ماعان	سۇيلەي	108
ماعان	وبال	104
ماعان	ەلۋ	101
ماعان	قاجەتى	83
ماعان	ساقتاپ	91
ماعان	ايتپاي	106
ماعان	بەرىڭىز	76
ماعان	تىماۋ	110
ماعان	نەمەنەگە	104
ماعان	سەنشى	96
ماعان	ساڭزى	74
ماعان	تۇماۋ	103
ماعان	جانىڭ	107
ماعان	امالداپ	90
ماعان	اتەي	108
ماعان	ايتبا	101
ماعان	سالسا	101
ماعان	سالساڭ	105
ماعان	ادال	107
ماعان	ىستەگەن	82
ماعان	اقىل	101
ماعان	بەرمەيدى	88
ماعان	قاراعاندا	105
ماعان	ۇرسىپ	66
ماعان	ايتتىق	96
ماعان	قارايتىن	98
ماعان	بىرەۇ	99
ماعان	رەنجىمەي	102
ماعان	سەنىپ	94
ماعان	تان	88
ماعان	قىلعان	106
ماعان	ايتقاندا	100
ماعان	عاشىق	105
ماعان	بىرەۋىن	94
ماعان	وتىز	109
ماعان	تىلەگەن	104
ماعان	جولداعان	90
ماعان	سەنبەسەڭ	102
ماعان	تارتقان	86
ماعان	كەرەگى	83
ماعان	ىرەنجىپ	78
ماعان	نەعىل	79
ماعان	قايىت	91
ماعان	جيىرما	106
ماعان	سەنبەي	109
ماعان	نەسىن	77
ماعان	كومەكتەسىپ	100
ماعان	جيرما	100
ماعان	ايتىق	107
ماعان	ايتباي	104
ماعان	سەنبەيسىڭ	89
ماعان	ايعايلاپ	76
ماعان	ىرەنجىمە	110
ماعان	جابىسىپ	94
ماعان	شىنىڭدى	105
ماعان	سويلەگەن	105
ماعان	قارامايدى	105
ماعان	قابارلاسپا	109
ماعان	سويلەگىڭ	109
ماعان	سۇيلەگىڭ	99
ماعان	رەنجمە	98
ماعان	تيسىپ	103
ماعان	ارناپ	94
ماعان	ايتپادىڭ	99
ماعان	قابارلاسقان	108
ماعان	جۇزسوم	110
ماعان	سەنسەڭ	107
ماعان	سويلەپتى	82
ماعان	ايتاسال	106
ماعان	جولاما	109
ماعان	ەرەگەسىپ	109
ماعان	سەنبەيدى	106
ماعان	ۇنايدى	99
ماعان	يتەرىپ	104
ماعان	نەگىزگى	109
ماعان	سەنبەيتىن	105
ماعان	سەنبەيسىڭبە	106
ماعان	تيسەڭ	96
ماعان	وكپەڭ	104
ماعان	ۇنايسىڭ	108
بارى	مەن	109
بارى	جوق	63
بارى	جاقسى	51
بارى	بىر	13
بارى	سول	20
بارى	بار	39
بارى	سەن	28
بارى	الىپ	56
بارى	كەلىپ	85
بارى	ادام	66
بارى	مەندە	76
بارى	ماعان	83
بارى	بارى	61
بارى	بارىپ	63
بارى	مەنى	81
بارى	مەنىڭ	73
بارى	بولادى	61
بارى	قايدا	44
بارى	سەنى	86
بارى	ساعان	76
بارى	وسى	67
بارى	ايتىپ	29
بارى	بىرگە	77
بارى	امان	79
بارى	امانشىلىق	77
بارى	كەتتى	71
بارى	اقشا	84
بارى	جاقسىما	72
بارى	ۇز	78
بارى	قاربالاس	80
بارى	كەتىپ	61
بارى	بەرىپ	69
بارى	سەنىڭ	88
بارى	ۇيقتاپ	58
بارى	يۋان	72
بارى	وز	87
بارى	دۇرىس	81
بارى	جاتىپ	60
بارى	جامان	86
بارى	كەلەدى	86
بارى	شىن	70
بارى	سونداي	83
بارى	سۇيتىپ	74
بارى	بەكەر	78
بارى	سولاي	44
بارى	وڭاي	81
بارى	بىلەدى	78
بارى	ۇيىقتاپ	64
بارى	مەنەن	88
بارى	اشىق	84
بارى	ايتادى	86
بارى	قالجىڭ	77
بارى	اقىرىن	19
بارى	ۇمىت	85
بارى	ماس	74
بارى	ۇتىرىك	87
بارى	وتىرىك	65
بارى	بىلىپ	62
بارى	دۇرس	84
بارى	دايىن	77
بارى	تولىق	56
بارى	وتىپ	63
بارى	ۇتىپ	53
بارى	ۇقساس	54
بارى	بىتتى	62
بارى	دايار	77
بارى	جەرىڭدى	84
بارى	وقساس	88
بارى	جالعان	79
بارى	تابىلادى	67
بارى	بىردەي	70
بارى	وقشاش	80
بارىپ	مەن	84
بارىپ	دەپ	93
بارىپ	جاقسى	108
بارىپ	بىر	90
بارىپ	سول	47
بارىپ	نە	88
بارىپ	سەن	91
بارىپ	ەندى	108
بارىپ	جات	71
بارىپ	جاتىر	85
بارىپ	قوي	89
بارىپ	ال	102
بارىپ	الىپ	69
بارىپ	كەل	22
بارىپ	كەلىپ	31
بارىپ	ەرتە	35
بارىپ	ەرتەڭ	90
بارىپ	بۇگىن	92
بارىپ	تۇر	94
بارىپ	سودان	83
بارىپ	ماعان	78
بارىپ	بارىپ	101
بارىپ	ەكى	102
بارىپ	مەنى	80
بارىپ	بولادى	103
بارىپ	نەگە	109
بارىپ	جاتىرمىن	107
بارىپ	سەنى	101
بارىپ	ساعان	81
بارىپ	تاماق	95
بارىپ	ۇي	52
بارىپ	ۇيگە	90
بارىپ	تەلەفون	88
بارىپ	ايت	93
بارىپ	ايتىپ	90
بارىپ	بىرگە	86
بارىپ	وتىر	94
بارىپ	امان	103
بارىپ	اقشا	69
بارىپ	بىراق	101
بارىپ	قان	77
بارىپ	ىشىپ	109
بارىپ	تاعى	77
بارىپ	كەتىپ	88
بارىپ	تاڭەرتەڭ	99
بارىپ	بىراز	96
بارىپ	شاي	62
بارىپ	ەدى	64
بارىپ	باس	97
بارىپ	سەنىڭ	101
بارىپ	كەشتە	107
بارىپ	ازىر	83
بارىپ	ىستەپ	72
بارىپ	جۇر	81
بارىپ	كەشە	78
بارىپ	كەلسىن	103
بارىپ	قايت	86
بارىپ	قايتا	104
بارىپ	انا	76
بارىپ	ۇيقتاپ	104
بارىپ	قايتىپ	98
بارىپ	الدى	66
بارىپ	الدىم	74
بارىپ	ۇش	72
بارىپ	جۇمىس	104
بارىپ	تەز	87
بارىپ	تۇندە	108
بارىپ	كەلدى	98
بارىپ	كەلدىم	74
بارىپ	كور	35
بارىپ	كورىپ	78
بارىپ	تۇرىپ	67
بارىپ	جاڭا	83
بارىپ	ەدىم	70
بارىپ	جۇرمىن	78
بارىپ	الايىن	80
بارىپ	كەلە	52
بارىپ	سالىپ	71
بارىپ	عانا	102
بارىپ	جاتىپ	100
بارىپ	قاراپ	67
بارىپ	تۇرمىن	98
بارىپ	مال	98
بارىپ	تۇسىپ	91
بارىپ	الدىڭ	106
بارىپ	الدىڭبا	71
بارىپ	ودان	18
بارىپ	ماشينا	77
بارىپ	سۇراپ	100
بارىپ	جاڭە	97
بارىپ	كەلەدى	68
بارىپ	جاتقان	95
بارىپ	جاي	100
بارىپ	كەپ	92
بارىپ	قويىپ	65
بارىپ	ءبىر	95
بارىپ	كۇر	103
بارىپ	كۇرىپ	91
بارىپ	جۇرگەن	74
بارىپ	العان	82
بارىپ	تۇستەن	61
بارىپ	اڭگىمە	106
بارىپ	تاتتى	91
بارىپ	جەپ	104
بارىپ	جۇرىپ	86
بارىپ	جۇرسىڭ	96
بارىپ	نارسە	85
بارىپ	ويناپ	99
بارىپ	الاتىن	70
بارىپ	كەلگەن	84
بارىپ	نان	72
بارىپ	ەدىڭ	99
بارىپ	تارتىپ	79
بارىپ	ستەپ	107
بارىپ	ايىت	99
بارىپ	بىردەمە	105
بارىپ	تۇرعان	108
بارىپ	توسىپ	81
بارىپ	دارى	94
بارىپ	ەرتەرەك	88
بارىپ	ماي	104
بارىپ	باسى	105
بارىپ	باسىپ	107
بارىپ	دەم	104
بارىپ	اراق	90
بارىپ	كىر	105
بارىپ	كىرىپ	110
بارىپ	كەلسە	89
بارىپ	دەمال	103
بارىپ	وتىرىپ	88
بارىپ	الام	82
بارىپ	قول	78
بارىپ	ەرتىپ	92
بارىپ	اكەپ	96
بارىپ	الادى	92
بارىپ	ايتايىن	82
بارىپ	كورەيىن	101
بارىپ	كەلەتىن	67
بارىپ	الامىن	62
بارىپ	كەلدىڭ	78
بارىپ	قانا	74
بارىپ	دەمالىپ	86
بارىپ	السا	95
بارىپ	الساڭ	100
بارىپ	ايداپ	81
بارىپ	تازالاپ	108
بارىپ	شپيىڭ	106
بارىپ	ساي	108
بارىپ	بەت	104
بارىپ	كەلدىك	102
بارىپ	كيىم	60
بارىپ	السام	90
بارىپ	قايتام	80
بارىپ	كەلسەڭ	76
بارىپ	قابارلاسايىن	89
بارىپ	ءازىر	100
بارىپ	قالسا	106
بارىپ	كەلىڭدەر	107
بارىپ	سۇيىپ	69
بارىپ	شىقتىم	109
بارىپ	العام	105
بارىپ	كەلشى	108
بارىپ	قايتاتىن	101
بارىپ	توك	91
بارىپ	كەلەم	108
بارىپ	الاسىڭ	80
بارىپ	الدىق	107
بارىپ	الپ	91
بارىپ	كورەم	109
بارىپ	جۇرمە	101
بارىپ	كۇرەيىن	104
بارىپ	الامىز	75
بارىپ	كەلەيىن	105
بارىپ	قالاتىن	39
بارىپ	جاتا	90
بارىپ	قۇشاقتاپ	85
بارىپ	قالام	92
بارىپ	كەزىگىپ	98
بارىپ	اكەلىپ	88
بارىپ	كورشى	101
بارىپ	الايىق	99
بارىپ	قالار	91
بارىپ	سويلەسىپ	87
بارىپ	اينالىپ	105
بارىپ	كەلەسىڭبە	94
بارىپ	كەلگەم	107
بارىپ	جاتسا	99
بارىپ	كەلەيىك	98
بارىپ	شاش	30
بارىپ	مونشاعا	109
بارىپ	جاتسام	92
بارىپ	وكىل	79
بارىپ	قالسام	97
بارىپ	وتىرايىق	82
بارىپ	ىشەيىك	104
بارىپ	ۇكىل	109
بارىپ	قايتتىم	99
بارىپ	تۇرايىن	75
بارىپ	سۇيلەسىپ	99
بارىپ	ەدىك	109
بارىپ	الىپتى	102
بارىپ	كورەيىك	77
بارىپ	جۇرسىڭبە	89
بارىپ	كەلدىڭبە	108
بارىپ	جاتايىن	81
بارىپ	قايتامىن	90
بارىپ	قايتايىن	90
بارىپ	تۇراتىن	63
بارىپ	جاتام	100
بارىپ	ايلانىپ	90
بارىپ	الپتى	97
بارىپ	ىستەيمىن	84
بارىپ	قونىپ	104
بارىپ	تۇرام	79
بارىپ	بىتىرىپ	81
بارىپ	الدىما	108
بارىپ	قايتامىز	75
بارىپ	السىن	90
بارىپ	قالساڭ	102
بارىپ	كەلەمىن	106
بارىپ	تۇرسىڭبا	91
بارىپ	كەلگەنشە	108
بارىپ	كەلىڭىز	91
بارىپ	شىعايىن	85
بارىپ	جاتساڭ	104
بارىپ	جاتاتىن	92
بارىپ	كەلىڭىزدەر	110
بارىپ	الساق	104
بارىپ	كورەمىن	100
بارىپ	سويلەيىن	109
بارىپ	تۇرامىن	107
بارىپ	الدىڭدار	89
بارىپ	الدىڭدارما	106
بارىپ	قالامىن	58
بارىپ	كۇرەيىك	105
بارىپ	كەلەمىز	100
بارىپ	قايتقان	84
بارىپ	اڭگىمەلەسىپ	108
بارىپ	العاندا	109
بارىپ	كەلسەم	101
بارىپ	بولعانشا	85
بارىپ	كومەكتەسىپ	96
بارىپ	قايتىم	90
بارىپ	الدىڭىزبا	90
بارىپ	ىشەيىن	73
بارىپ	قايتتىق	108
بارىپ	جاتامىن	91
بارىپ	تەكسەرىلىپ	100
بارىپ	كەلڭدەر	71
بارىپ	قايتايىق	104
بارىپ	تەكسەرتىپ	87
بارىپ	قالامبا	107
بارىپ	الىپسىڭ	100
بارىپ	كورىن	99
بارىپ	كورىنىپ	109
بارىپ	الدڭبا	107
بارىپ	كۇمەكتەسىپ	94
بارىپ	تۇرامىز	97
بارىپ	الايىنبا	102
بارىپ	كەلسەك	105
بارىپ	امانداسىپ	68
بارىپ	العانىڭ	108
بارىپ	بەدىڭ	99
بارىپ	الپسىڭ	107
بارىپ	قايتىق	104
بارىپ	جاتساق	103
بارىپ	بۇيرسىن	105
بارىپ	العانسىڭ	92
بارىپ	قاراسىپ	92
بارىپ	قايتسام	106
بارىپ	كەلۋ	93
بارىپ	قالارمىن	101
بارىپ	العانبا	74
بارىپ	تەكسەرلىپ	105
بارىپ	قايتامبا	101
بارىپ	العانسوڭ	94
بارىپ	قايتقام	109
بارىپ	العاسىڭ	100
بارىپ	الدىڭىزدارما	105
بارىپ	قۇران	91
بارىپ	قالارمىز	107
بارىپ	قايتايىنبا	91
بارىپ	كەلەمبە	95
بارىپ	قايتساق	90
بارىپ	كەلگەنگە	106
بارىپ	الدڭدارما	93
بارىپ	كەلەيىنبە	107
بارىپ	كەلەمىزبە	100
بارىپ	كەلەيىكشى	93
بارىپ	كەلەيىكپە	92
بارىپ	قالۋىم	96
بارىپ	كەلەمبا	106
بارىپ	كەلەيكشى	106
ەكى	دەپ	102
ەكى	جاق	105
ەكى	جاقسى	79
ەكى	بولدى	108
ەكى	بىر	87
ەكى	بار	107
ەكى	بولىپ	68
ەكى	قوي	91
ەكى	كەلى	77
ەكى	ەر	81
ەكى	ادام	106
ەكى	بولسا	16
ەكى	تۇر	87
ەكى	بارىپ	96
ەكى	ەكى	107
ەكى	ۇي	98
ەكى	ۇيدە	79
ەكى	ۇيگە	91
ەكى	تەلەفون	84
ەكى	اي	96
ەكى	كۇن	39
ەكى	دوسىم	16
ەكى	اق	96
ەكى	ەمەس	72
ەكى	بارما	88
ەكى	شاي	74
ەكى	بەرىپ	88
ەكى	باس	95
ەكى	باسقا	95
ەكى	يۋان	98
ەكى	جول	80
ەكى	ۇش	72
ەكى	جۇمىس	17
ەكى	ات	109
ەكى	تۇن	81
ەكى	بالا	108
ەكى	كەلە	46
ەكى	ۋاق	65
ەكى	ۋاقىت	66
ەكى	قارا	85
ەكى	ۇل	105
ەكى	ۇلكەن	82
ەكى	سوم	92
ەكى	كۇندە	72
ەكى	جەر	35
ەكى	جەردە	102
ەكى	ماشينا	82
ەكى	قىز	76
ەكى	ساعات	57
ەكى	مىڭ	35
ەكى	توي	35
ەكى	جەرگە	100
ەكى	جاس	89
ەكى	نارسە	54
ەكى	جۇز	105
ەكى	كىسى	22
ەكى	نان	90
ەكى	دەن	79
ەكى	جاققا	93
ەكى	ەسە	62
ەكى	تۇرلى	96
ەكى	جىندى	54
ەكى	بالام	108
ەكى	كەلمەيدى	55
ەكى	جارىم	84
ەكى	اياق	56
ەكى	كۇنىڭ	90
ەكى	جىل	88
ەكى	قول	41
ەكى	جەردەن	86
ەكى	ايدىڭ	90
ەكى	جىگىت	92
ەكى	باۋ	76
ەكى	قاتىن	100
ەكى	بەرسە	80
ەكى	ايەل	96
ەكى	تال	82
ەكى	ەشكى	43
ەكى	ايدا	106
ەكى	ادامدى	73
ەكى	ۇيدى	89
ەكى	ۇيدىڭ	99
ەكى	جاقتا	77
ەكى	رەت	69
ەكى	كسى	36
ەكى	ورىن	101
ەكى	تالاي	41
ەكى	اعام	77
ەكى	ادامعا	107
ەكى	بالاسى	83
ەكى	اۋىز	67
ەكى	كۇننەن	74
ەكى	تاي	48
ەكى	قىزى	90
ەكى	سيىر	90
ەكى	جۇرەك	89
ەكى	ادامنىڭ	106
ەكى	قىزىم	70
ەكى	ايلىق	84
ەكى	كىشكەنە	94
ەكى	كۇنگە	108
ەكى	نومىر	71
ەكى	كۇندىك	105
ەكى	قاپ	74
ەكى	ۇلى	87
ەكى	قاعاز	94
ەكى	ۇيشىڭ	74
ەكى	ەركەك	100
ەكى	بالانى	95
ەكى	اپتا	61
ەكى	قوزى	73
ەكى	جاقتان	97
ەكى	قولىم	97
ەكى	بالاڭ	91
ەكى	جاعى	75
ەكى	كۇنگى	95
ەكى	تۋىپ	105
ەكى	بالانىڭ	108
ەكى	بالاعا	67
ەكى	قابات	80
ەكى	ماشينە	62
ەكى	ۇلىم	108
ەكى	سير	87
ەكى	بولەك	104
ەكى	كويلەك	86
ەكى	توعىز	109
ەكى	جارىمدا	97
ەكى	تۇمەن	83
ەكى	كيلى	107
ەكى	كەلىنشەك	63
ەكى	جگىت	102
ەكى	قىزعا	99
ەكى	وقۋشى	101
ەكى	شايدىڭ	80
ەكى	ءۇش	94
ەكى	كەلنشەك	75
ەكى	جۇمىرتقا	98
ەكى	جوزى	107
ەكى	جاعىن	86
ەكى	سىم	101
ەكى	تۇياق	106
ەكى	مينوت	102
ەكى	شىنى	90
ەكى	اياعىم	79
ەكى	كوزى	81
ەكى	كوزىم	96
ەكى	جىلدا	87
ەكى	جىلدان	85
ەكى	ايدان	76
ەكى	كەنشەك	76
ەكى	سەميا	104
ەكى	ايعا	95
ەكى	قىزىڭ	77
ەكى	مەتىر	106
ەكى	توقتى	79
ەكى	ورتاعا	96
ەكى	ساعاتتا	94
ەكى	قىزدى	70
ەكى	قىزدىڭ	93
ەكى	كىلى	103
ەكى	بالاسىن	79
ەكى	بۇلەك	87
ەكى	ساعاتتان	97
ەكى	بالامدى	75
ەكى	كۇزى	78
ەكى	كۇزىم	106
ەكى	اپتادا	89
ەكى	تالى	100
ەكى	اياعىن	95
ەكى	پيجۋ	99
ەكى	جاقا	103
ەكى	بالاما	108
ەكى	مايدان	95
ەكى	تاينشا	108
ەكى	مىڭعا	102
ەكى	ۇرعاشى	91
ەكى	كۇىن	102
ەكى	قالتا	84
ەكى	ايداي	82
ەكى	ورتادا	103
ەكى	كۇننىڭ	68
ەكى	سومدىق	74
ەكى	رەڭ	109
ەكى	ىرەت	94
ەكى	جاستىق	72
ەكى	قولعا	107
ەكى	قۇتى	102
ەكى	ۇلىڭ	103
ەكى	قاتار	109
ەكى	ادامنان	102
ەكى	جىلعا	103
ەكى	جەيدە	89
ەكى	بالاڭدى	109
ەكى	بيە	86
ەكى	جاقتىڭ	108
ەكى	ۇشەۋ	92
ەكى	بىردەي	98
ەكى	اياعىڭدى	106
ەكى	اياقتى	84
ەكى	بالامەن	91
ەكى	جارتى	82
ەكى	بالامنىڭ	105
ەكى	بالاسىنا	93
ەكى	كۇنەن	106
ەكى	قولىن	86
ەكى	جاشىك	109
ەكى	قوراپ	92
ەكى	جىلدىڭ	83
ەكى	تالدان	88
ەكى	كيلو	92
ەكى	اۇىز	88
ەكى	مىڭدى	109
ەكى	شنى	91
ەكى	تاباق	99
ەكى	بالاڭا	98
ەكى	جۇزسوم	101
ەكى	مىڭنان	96
ەكى	ادامدىق	101
ەكى	قۇمىرا	100
ەكى	كىيلى	91
ەكى	بالاڭنىڭ	93
ەكى	بەرسەڭدەر	100
ەكى	ساعاتقا	106
ەكى	ەلى	93
ەكى	بوتەلكە	98
ەكى	قۇلاعى	87
ەكى	تاقسى	109
ەكى	ايكىس	101
ەكى	دۇنيەدە	92
ەكى	جۇزگە	107
ەكى	بالامىز	98
ەكى	دوربا	103
ەكى	توننا	104
ەكى	مەتىرلىك	108
ەكى	جاقتاپ	104
ەكى	قاپشىق	65
ەكى	اپتادان	91
ەكى	جۇزدەن	109
ەكى	بۇتەلكە	93
ەكى	اۋىزدى	96
ەكى	مىڭىن	100
ەكى	قالاق	106
ەكى	رومكا	104
ەكى	ويلى	87
ەكى	تونار	73
ەكى	ساعاتتاي	110
ەكى	جۇزدى	102
ەكى	جۇزىن	95
ەكى	ۇشكۇن	106
ەكى	جىلداي	99
ەكى	بەتكەي	108
ەكى	بالاسىمەن	75
ەكى	شەكەم	106
ەكى	جاستىڭ	109
ەكى	كەمەنىڭ	97
مەنى	عوي	101
مەنى	جانىم	102
مەنى	مەن	70
مەنى	دەپ	71
مەنى	جوق	83
مەنى	جاقسى	94
مەنى	بىر	29
مەنى	سول	45
مەنى	نە	78
مەنى	نەعىپ	51
مەنى	سەن	65
مەنى	ەندى	59
مەنى	جات	68
مەنى	ال	100
مەنى	الى	99
مەنى	الىپ	83
مەنى	كەلىپ	50
مەنى	ەرتە	71
مەنى	ەرتەڭ	92
مەنى	ادام	106
مەنى	بۇگىن	60
مەنى	ەكى	88
مەنى	مەنى	98
مەنى	قاي	103
مەنى	نەگە	102
مەنى	ول	34
مەنى	قايدا	98
مەنى	سەنى	93
مەنى	ساعان	85
مەنى	وسى	87
مەنى	قالاي	77
مەنى	ۇيگە	63
مەنى	ايتىپ	87
مەنى	دوسىم	73
مەنى	كىم	104
مەنى	اقشا	58
مەنى	ەمەس	104
مەنى	بىراق	89
مەنى	قانشا	80
مەنى	ۇزىڭ	92
مەنى	قاشان	105
مەنى	قويشى	71
مەنى	تاعى	75
مەنى	كوپ	82
مەنى	بىراز	83
مەنى	مىنا	105
مەنى	نەدەگەن	101
مەنى	قانداي	93
مەنى	باسقا	79
مەنى	راس	98
مەنى	از	77
مەنى	قايتا	93
مەنى	انا	87
مەنى	قايتىپ	97
مەنى	سوندا	74
مەنى	وزىڭ	93
مەنى	كەرەك	105
مەنى	كور	76
مەنى	كورىپ	38
مەنى	بالا	69
مەنى	قاتتى	101
مەنى	عانا	69
مەنى	قيىن	79
مەنى	دۇرىس	105
مەنى	قارا	101
مەنى	ەشتەڭە	100
مەنى	كۇندە	102
مەنى	مال	101
مەنى	قوس	100
مەنى	قوسىپ	60
مەنى	اپارىپ	52
مەنى	كۇپ	70
مەنى	سۇراپ	95
مەنى	جامان	100
مەنى	قايدان	69
مەنى	كەپ	73
مەنى	قويىپ	100
مەنى	ويلاپ	95
مەنى	بىرەۋ	52
مەنى	ءبىر	90
مەنى	شىن	101
مەنى	كۇر	60
مەنى	كۇرىپ	61
مەنى	جۋىپ	77
مەنى	جالعىز	58
مەنى	جەپ	91
مەنى	سونداي	84
مەنى	سۇيتىپ	67
مەنى	ءالى	86
مەنى	قاتە	99
مەنى	ماڭگى	60
مەنى	ونداي	79
مەنى	ويناپ	102
مەنى	ساعىنىپ	101
مەنى	الاتىن	68
مەنى	سولاي	106
مەنى	توس	103
مەنى	توسىپ	72
مەنى	تاستاپ	61
مەنى	ناق	51
مەنى	جىندى	99
مەنى	وتە	70
مەنى	شىعارىپ	104
مەنى	ىزدە	83
مەنى	ىزدەپ	105
مەنى	ەرتىپ	57
مەنى	اكەپ	49
مەنى	ەرەكشە	101
مەنى	ايتادى	94
مەنى	ەل	106
مەنى	ۇرىپ	104
مەنى	ۇمىتىپ	91
مەنى	ۇستىپ	56
مەنى	كورە	79
مەنى	ۇيتىپ	96
مەنى	ماس	84
مەنى	ايتاسىڭ	94
مەنى	قارسى	103
مەنى	ۇتىرىك	106
مەنى	ۇستاپ	105
مەنى	قايتەسىڭ	102
مەنى	سات	82
مەنى	ساتىپ	91
مەنى	ەشكىم	99
مەنى	جاقىن	85
مەنى	ۇتە	73
مەنى	بىلەسىڭ	106
مەنى	شاقىر	73
مەنى	شاقىرىپ	93
مەنى	قوناق	80
مەنى	وسىنداي	88
مەنى	سۇيىپ	105
مەنى	باعىپ	77
مەنى	نەكە	98
مەنى	ەلگە	85
مەنى	شعارىپ	97
مەنى	نەدەپ	96
مەنى	الداپ	91
مەنى	قۇشاقتاپ	49
مەنى	جۇىپ	75
مەنى	جولعا	79
مەنى	ۇيشىڭعا	104
مەنى	ساعنىپ	70
مەنى	وستىپ	87
مەنى	اپتەن	92
مەنى	تۇسىن	91
مەنى	تۇسىنىپ	96
مەنى	كەشىر	88
مەنى	بۇيتىپ	76
مەنى	سونشا	85
مەنى	قوسا	90
مەنى	اقىماق	84
مەنى	يت	57
مەنى	ۇمتىپ	94
مەنى	شاقىرعان	76
مەنى	اتەي	103
مەنى	جەك	105
مەنى	ابدەن	64
مەنى	كورسە	99
مەنى	كورسەڭ	97
مەنى	كورمەي	98
مەنى	جندى	101
مەنى	رازى	104
مەنى	جۋا	101
مەنى	ۇشىرىپ	90
مەنى	قۋىپ	88
مەنى	مۇتىپ	95
مەنى	ويلاعان	83
مەنى	جەكەلىككە	102
مەنى	زدەپ	93
مەنى	سۇراسا	92
مەنى	يىت	98
مەنى	قانشالىق	104
مەنى	بوقتاپ	94
مەنى	كۇرسە	71
مەنى	كۇرسەڭ	105
مەنى	وشىرىپ	100
مەنى	قولداپ	88
مەنى	توسا	86
مەنى	كوردىڭبە	106
مەنى	كەشىرشى	101
مەنى	سىناپ	88
مەنى	سۇيگەن	92
مەنى	ساعىندىڭبا	95
مەنى	تۇسنىپ	52
مەنى	تانىپ	102
مەنى	اڭدىپ	92
مەنى	بۇزىق	78
مەنى	قوسشى	101
مەنى	ويلاساڭ	74
مەنى	تۇسىنبەي	93
مەنى	تانىماي	104
مەنى	شىنايى	98
مەنى	نەعىلاسىڭ	100
مەنى	تانيتىن	91
مەنى	اقماق	103
مەنى	قيناپ	78
مەنى	ويلاماي	92
مەنى	ۇيشڭعا	104
مەنى	مازالاما	102
مەنى	وبالدى	93
مەنى	كورگەندە	88
مەنى	جويىپ	100
مەنى	ۇيقتاتىپ	95
مەنى	ەلەمەي	91
مەنى	مازاق	92
مەنى	تانيسىڭبا	83
مەنى	تانيدى	90
مەنى	قوسىڭىز	103
مەنى	كوزگە	70
مەنى	تۇسىنەتىن	100
مەنى	جامانداپ	94
مەنى	سۇيسەڭ	80
مەنى	تىستاپ	82
مەنى	تۇسىنبەيسىڭ	105
مەنى	الداي	97
مەنى	جاقتىرماي	91
مەنى	وشىرە	90
مەنى	كۇرگەندە	101
مەنى	ۇيشىڭنان	106
مەنى	تۇسىنسەڭ	94
مەنى	شاقىرساڭ	104
مەنى	تۇسىنشى	98
مەنى	قيميدانعا	102
مەنى	ولتىرىپ	102
مەنى	جىلاتىپ	104
مەنى	گۋانجۋ	98
مەنى	كورگىڭ	105
مەنى	الدادىڭ	94
مەنى	سۇيەسىڭبە	94
مەنى	الداما	75
مەنى	ويلايسىڭبا	92
مەنى	ىزدەمە	101
مەنى	وياتا	82
مەنى	ساعندىڭبا	94
مەنى	الداماشى	93
مەنى	ىزدەمەي	98
مەنى	شاقىرماي	104
مەنى	ساعىنبادىڭبا	105
مەنى	توسپاي	92
مەنى	سۇيگەنىڭ	89
مەنى	كۇرگىڭ	98
مەنى	ويلادىڭبا	103
مەنى	تانىدىڭبا	94
مەنى	الاڭداتپاي	94
مەنى	مەنسىنبەي	103
مەنى	قيناماشى	103
مەنى	ەرتپەي	96
مەنى	الاكەت	97
مەنى	سۇيمەيسىڭ	89
مەنى	قوسىڭىزشى	98
مەنىڭ	عوي	101
مەنىڭ	جان	96
مەنىڭ	جانىم	88
مەنىڭ	مەن	34
مەنىڭ	دەپ	96
مەنىڭ	جاقسى	107
مەنىڭ	بىر	72
مەنىڭ	سول	46
مەنىڭ	نە	72
مەنىڭ	نەعىپ	71
مەنىڭ	بار	85
مەنىڭ	سەن	91
مەنىڭ	ەندى	91
مەنىڭ	راحىمەت	88
مەنىڭ	ماقۇل	102
مەنىڭ	بۇگىن	104
مەنىڭ	مەندە	91
مەنىڭ	ەكى	93
مەنىڭ	مەنىڭ	70
مەنىڭ	قاي	85
مەنىڭ	ول	81
مەنىڭ	قايدا	106
مەنىڭ	سەنى	101
مەنىڭ	ساعان	75
مەنىڭ	وسى	61
مەنىڭ	تەلەفون	82
مەنىڭ	ايتىپ	72
مەنىڭ	دوسىم	107
مەنىڭ	كىم	67
مەنىڭ	اق	107
مەنىڭ	ۇز	87
مەنىڭ	تاعى	100
مەنىڭ	بىراز	105
مەنىڭ	مىنا	104
مەنىڭ	قانداي	82
مەنىڭ	شاي	77
مەنىڭ	باسقا	108
مەنىڭ	سەنىڭ	99
مەنىڭ	انا	102
مەنىڭ	ۇش	93
مەنىڭ	وز	107
مەنىڭ	كوڭىل	106
مەنىڭ	بالا	87
مەنىڭ	سەندە	107
مەنىڭ	ايتقان	109
مەنىڭ	عانا	91
مەنىڭ	قارا	93
مەنىڭ	ەش	87
مەنىڭ	ۇلكەن	108
مەنىڭ	بۇل	96
مەنىڭ	جامان	101
مەنىڭ	اينالايىن	93
مەنىڭ	ءبىر	95
مەنىڭ	تۋىلعان	98
مەنىڭ	شىن	72
مەنىڭ	جۇرەگىم	103
مەنىڭ	العان	16
مەنىڭ	جالعىز	103
مەنىڭ	تاتتى	104
مەنىڭ	تاتتىم	85
مەنىڭ	ماڭگى	26
مەنىڭ	ەڭ	87
مەنىڭ	الگى	73
مەنىڭ	ونداي	95
مەنىڭ	ۇزىم	95
مەنىڭ	ساعىنىپ	91
مەنىڭ	باسىم	97
مەنىڭ	وزىم	63
مەنىڭ	بالام	96
مەنىڭ	شىركىن	59
مەنىڭ	اكە	107
مەنىڭ	سەنەن	93
مەنىڭ	بارلىق	103
مەنىڭ	باۋىرىم	99
مەنىڭ	اپام	87
مەنىڭ	كۇڭىل	94
مەنىڭ	التىن	95
مەنىڭ	ۇيقىم	88
مەنىڭ	كۇنىم	63
مەنىڭ	التىنىم	91
مەنىڭ	اعام	65
مەنىڭ	سۇيەم	80
مەنىڭ	ۇزىڭدى	98
مەنىڭ	اتام	108
مەنىڭ	جۇرەك	108
مەنىڭ	قىزىم	109
مەنىڭ	سارى	67
مەنىڭ	شەشەم	94
مەنىڭ	تۋعان	86
مەنىڭ	اكەم	86
مەنىڭ	اتىم	83
مەنىڭ	كوز	53
مەنىڭ	ۇيشىڭ	103
مەنىڭ	كەمپىرىم	108
مەنىڭ	سۇيكىمدى	86
مەنىڭ	ناعاشى	74
مەنىڭ	دانىم	102
مەنىڭ	قايىن	101
مەنىڭ	بۇرىنعى	93
مەنىڭ	اقشام	99
مەنىڭ	قولىم	77
مەنىڭ	شالىم	73
مەنىڭ	اقشامدى	77
مەنىڭ	ايتقانىم	68
مەنىڭ	قاسىمدا	70
مەنىڭ	كۇز	60
مەنىڭ	تۇلعان	109
مەنىڭ	سىڭىلىم	103
مەنىڭ	ۇلىم	106
مەنىڭ	باسىمدى	78
مەنىڭ	اياۋلى	88
مەنىڭ	اياۋلىم	104
مەنىڭ	ىنىم	97
مەنىڭ	جەڭگەم	108
مەنىڭ	ىشىم	100
مەنىڭ	بوتام	89
مەنىڭ	جەكە	109
مەنىڭ	اپەكەم	109
مەنىڭ	دوستىق	101
مەنىڭ	ويىم	90
مەنىڭ	كوڭىلىم	66
مەنىڭ	اياعىم	83
مەنىڭ	كوزىم	97
مەنىڭ	تەلەفونىم	90
مەنىڭ	بەلىم	53
مەنىڭ	اشۋىم	101
مەنىڭ	جانىمدا	106
مەنىڭ	ءتاتتى	72
مەنىڭ	قارىنداسىم	104
مەنىڭ	ايتارىم	108
مەنىڭ	بالامدى	93
مەنىڭ	كۇزىم	94
مەنىڭ	ميىم	97
مەنىڭ	بالاما	97
مەنىڭ	جازعان	102
مەنىڭ	امالىم	102
مەنىڭ	بايىم	105
مەنىڭ	ماشينام	76
مەنىڭ	قۇرساعىم	85
مەنىڭ	تۇسىمە	105
مەنىڭ	كۇڭىلىم	106
مەنىڭ	جەزدەم	91
مەنىڭ	قاتىنىم	108
مەنىڭ	اكەمنىڭ	89
مەنىڭ	جۇمىسىم	99
مەنىڭ	قاسىما	84
مەنىڭ	ەركەم	62
مەنىڭ	بەتىم	100
مەنىڭ	جانىمدى	89
مەنىڭ	تاماعىم	97
مەنىڭ	دوستارىم	101
مەنىڭ	جانىما	97
مەنىڭ	تومپاعىم	71
مەنىڭ	ءتاتتىم	104
مەنىڭ	ۇيىم	90
مەنىڭ	جۇرەگىمدى	76
مەنىڭ	قانىم	80
مەنىڭ	تەلەفونىمدى	98
مەنىڭ	بالامنىڭ	70
مەنىڭ	ساباقتاسىم	97
مەنىڭ	سوزىم	83
مەنىڭ	قاسمدا	94
مەنىڭ	بوتاقانىم	90
مەنىڭ	كۇيەۋىم	93
مەنىڭ	جىگىتىم	92
مەنىڭ	سۇزىم	90
مەنىڭ	نومىرىم	96
مەنىڭ	قولىمنان	87
مەنىڭ	جاعدايىم	83
مەنىڭ	بەتىمدى	86
مەنىڭ	ۋاقىتىم	96
مەنىڭ	شاشىم	92
مەنىڭ	سوزىمدى	99
مەنىڭ	جۇمسىم	75
مەنىڭ	باسىما	92
مەنىڭ	ايەلىم	93
مەنىڭ	ميىمدى	89
مەنىڭ	قىزىما	98
مەنىڭ	ەسىمدە	109
مەنىڭ	كوزىمە	104
مەنىڭ	ارمانىم	106
مەنىڭ	سۇزىمدى	96
مەنىڭ	ۇيىمە	78
مەنىڭ	الدىمدا	84
مەنىڭ	ناعاشىم	81
مەنىڭ	جۇرەكىم	99
مەنىڭ	ۋاقتىم	97
مەنىڭ	اتىمدى	96
مەنىڭ	بەتىمە	77
مەنىڭ	سۇيگەنىم	103
مەنىڭ	قولىما	106
مەنىڭ	جانمدا	109
مەنىڭ	مازامدى	99
مەنىڭ	اۋزىم	109
مەنىڭ	زاتىم	108
مەنىڭ	قاسىمداعى	77
مەنىڭ	جۇرەگىمدە	101
مەنىڭ	نۇمىرىم	85
مەنىڭ	ادامىم	83
مەنىڭ	تەلەفونمدى	106
مەنىڭ	قولىمدا	97
مەنىڭ	بالالارىم	98
مەنىڭ	جۇرەگىمە	108
مەنىڭ	كوتىم	105
مەنىڭ	تىلىمدى	109
مەنىڭ	عاشىعىم	82
مەنىڭ	ماشينامدى	103
مەنىڭ	شايىم	92
مەنىڭ	ورنىم	100
مەنىڭ	ورنىما	108
مەنىڭ	جولداسىم	81
مەنىڭ	قاتسىم	104
مەنىڭ	كوڭىلىمدى	105
مەنىڭ	تەلەپونىم	91
مەنىڭ	كەلىنشەگىم	94
مەنىڭ	قاقىم	104
مەنىڭ	ۇيمە	109
مەنىڭ	جۇمىسىمدى	102
مەنىڭ	جىگتىم	102
مەنىڭ	جگتىم	106
مەنىڭ	جۇرەگىمنىڭ	109
مەنىڭ	ويىمدا	106
مەنىڭ	ايتقانىمدى	96
مەنىڭ	ماعاشىم	90
مەنىڭ	جانىمداعى	108
مەنىڭ	شارۋام	109
مەنىڭ	ايلىعىم	106
مەنىڭ	ۇيىمدى	104
مەنىڭ	قاسما	104
مەنىڭ	باسىمنان	92
مەنىڭ	قادىرىمدى	99
مەنىڭ	ارتىمنان	97
مەنىڭ	زاتىمدى	102
مەنىڭ	مىنەزىم	94
مەنىڭ	ويلاعانىم	97
مەنىڭ	نارسەمدى	108
مەنىڭ	كەرەگىم	103
مەنىڭ	ماحاباتىم	95
مەنىڭ	جانما	104
مەنىڭ	ىسىم	102
مەنىڭ	قاتىسىم	102
مەنىڭ	نومىرىمدى	108
مەنىڭ	باسىمدا	92
مەنىڭ	سوزىمە	108
مەنىڭ	سەزىمىم	97
مەنىڭ	بارلىعىم	109
مەنىڭ	نۇمىرىمدى	76
مەنىڭ	توبىم	96
مەنىڭ	توبىما	105
مەنىڭ	كۇڭىلىمدى	106
مەنىڭ	جانىمسىڭ	99
مەنىڭ	سۇزىمە	95
مەنىڭ	تىلمدى	97
مەنىڭ	ۇيىمدە	98
مەنىڭ	دەنساۋلىعىم	97
مەنىڭ	ورنىمدا	106
مەنىڭ	جاعدايىمدى	80
مەنىڭ	تەلەپونىمدى	101
مەنىڭ	تەلەفونىما	107
مەنىڭ	قوينىما	101
مەنىڭ	قاجەتىم	107
مەنىڭ	قاتەلىگىم	102
مەنىڭ	تەلەفونىمدا	92
مەنىڭ	ۇيشىڭىم	108
مەنىڭ	ۇيشىڭىمدى	109
مەنىڭ	اتىمدا	99
مەنىڭ	كوڭىلىمدە	90
مەنىڭ	ايتقانىما	108
مەنىڭ	ورنما	106
مەنىڭ	كەسىرىم	108
مەنىڭ	ورىنما	102
مەنىڭ	تۇبىمە	108
مەنىڭ	قاتەلگىم	104
مەنىڭ	جۇمساعىم	107
مەنىڭ	جۇرەگىمسىڭ	108
مەنىڭ	ورنمدا	107
مەنىڭ	ارقامدا	103
مەنىڭ	شىرەتىم	102
مەنىڭ	ورىنمدا	109
قاي	جاق	108
قاي	قاي	83
قاي	كۇن	69
قاي	كۇنى	93
قاي	كەز	15
قاي	كەزدە	77
قاي	ۋاق	42
قاي	ۋاقىت	51
قاي	جەر	54
قاي	جەردە	23
قاي	جەرگە	11
قاي	جاققا	16
قاي	قايداعى	76
قاي	جەردەن	73
قاي	جولى	14
قاي	ەل	73
قاي	كۇندەرى	44
قاي	جاقتا	94
قاي	جىلى	63
قاي	كۇننەن	75
قاي	كۇنگە	74
قاي	جەرى	87
قاي	ۋاقىتتا	47
قاي	جاقتان	18
قاي	جاعى	69
قاي	كۇنگى	90
قاي	جەرىڭ	41
قاي	جەردى	45
قاي	جەردىڭ	78
قاي	جەرىم	50
قاي	قايداعىنى	61
قاي	جەرىن	58
قاي	جاعىنان	67
قاي	ۋاقتا	61
قاي	زامان	26
قاي	ۋاقتتا	52
قاي	جەرلىك	40
قاي	قاشاندا	67
قاي	جەرىڭدى	71
قاي	جەركە	84
قاي	جاعىندا	67
قاي	جەردەگى	78
قاي	قايداعنى	66
قاي	جەرىنە	79
قاي	ماڭدا	66
قاي	گۇنى	79
قاي	كەزدەگى	85
قاي	اۋىلدان	80
قاي	جىلعى	90
قاي	جەرىندە	83
قاي	ماڭايدا	50
قاي	جەرىڭە	61
قاي	جەرىنەن	91
قاي	جەرىمدى	58
قاي	جەردىكى	63
قاي	ۇاقتا	47
قاي	جىلدىكى	53
قاي	كۇنىمە	53
قاي	ۋاققا	65
قاي	ۇاقىتتا	92
قاي	ۋاقىتا	70
قاي	كۇنكى	72
قاي	ۇاقتتا	91
قاي	جەردەسىڭ	77
قاي	كۇنمە	66
قاي	جەرندە	79
قاي	جەردكى	79
قاي	جەرنەن	76
قاي	بەتىڭمەن	88
قاي	ۋاقىتتاردا	84
قاي	جىلدىكىسىڭ	87
قاي	ۋاقتاردا	78
قاي	ۇاقىتا	82
قاي	ەلسىڭ	94
قايىر	جوق	89
قايىرلى	بولسىن	9
قايىرلى	قايىرلى	48
قايىرلى	كۇن	78
قايىرلى	تاڭ	35
قايىرلى	كەش	5
قايىرلى	تۇن	12
قايىرلى	تۇس	12
قايىرلى	تۇستەن	16
قايىرلى	ءتۇن	97
قايىرلى	ءتۇس	79
بولا	عوي	98
بولا	قالدى	44
بولا	بەر	32
بولا	الماي	37
بولا	سالىپ	18
بولا	بەرەدى	59
بولا	قالادى	15
بولا	بەرسىن	52
بولا	بەرەتىن	15
بولا	المايمىن	49
بولا	بەرسە	37
بولا	المايسىڭ	60
بولا	المادىم	45
بولا	المايدى	51
بولا	قالسا	35
بولا	مەكەن	58
بولا	المايتىن	49
بولا	بەرمەيدى	57
بولا	بەرەمە	61
بولا	المايمىز	51
بولا	الماۋ	58
بولادى	عوي	54
بولادى	جانىم	15
بولادى	مەن	30
بولادى	دەپ	61
بولادى	جاقسى	35
بولادى	بولدى	42
بولادى	ەكەن	104
بولادى	بىر	10
بولادى	سول	70
بولادى	نە	69
بولادى	سەن	93
بولادى	ەندى	79
بولادى	راحىمەت	69
بولادى	ماقۇل	70
بولادى	قوي	69
بولادى	ال	72
بولادى	الىپ	102
بولادى	وندا	103
بولادى	كەل	62
بولادى	يا	107
بولادى	ەرتەڭ	98
بولادى	ادام	79
بولادى	بۇگىن	98
بولادى	مەندە	91
بولادى	سودان	85
بولادى	ماعان	103
بولادى	بارى	90
بولادى	بارىپ	90
بولادى	ەكى	105
بولادى	مەنى	90
بولادى	مەنىڭ	105
بولادى	بولادى	95
بولادى	ول	77
بولادى	سەنى	82
بولادى	ساعان	105
بولادى	وسى	90
بولادى	جارايدى	87
بولادى	دەيدى	102
بولادى	تەلەفون	51
بولادى	ايتىپ	96
بولادى	دوسىم	107
بولادى	كىم	78
بولادى	دەگەن	96
بولادى	ونى	69
بولادى	بىراق	100
بولادى	ۇزىڭ	68
بولادى	تاعى	100
بولادى	كوپ	106
بولادى	تاڭەرتەڭ	101
بولادى	بىراز	106
بولادى	مىنا	82
بولادى	باسقا	105
بولادى	سەنىڭ	106
بولادى	كەشتە	104
بولادى	از	108
بولادى	ازىر	106
بولادى	انا	102
بولادى	سوندا	108
بولادى	وزىڭ	91
بولادى	ايتەۋ	106
بولادى	اعا	49
بولادى	دەسە	86
بولادى	دەسەم	94
بولادى	وعان	103
بولادى	سونى	98
بولادى	ەكەنسىڭ	103
بولادى	بۇل	66
بولادى	جەجە	103
بولادى	ەي	96
بولادى	ودان	105
بولادى	ەمەسپە	100
بولادى	جامان	89
بولادى	دەشى	108
بولادى	ەكەم	73
بولادى	ەكەمىز	75
بولادى	دەدى	104
بولادى	دەدىم	97
بولادى	ونداي	100
بولادى	باعاسى	98
بولادى	ايتشى	103
بولادى	بۇيىرسا	108
بولادى	دەسەڭ	86
بولادى	دەيسىڭ	85
بولادى	عۇي	98
بولادى	الاڭداما	99
بولادى	بۇيرسا	100
بولادى	ورنى	104
بولادى	كورىم	88
بولادى	ايتەۇ	107
بولادى	ءايتەۋ	91
بولادى	ەگەن	91
بولادى	ەكەنبىز	97
بولادى	ەكەنعوي	107
نەگە	جانىم	98
نەگە	مەن	39
نەگە	دەپ	81
نەگە	جوق	92
نەگە	جاقسى	63
نەگە	بولدى	74
نەگە	ەكەن	102
نەگە	بىر	103
نەگە	سول	70
نەگە	نە	98
نەگە	سەن	84
نەگە	ەندى	88
نەگە	راحىمەت	105
نەگە	ماقۇل	95
نەگە	الىپ	104
نەگە	وندا	71
نەگە	كەلىپ	106
نەگە	ەرتە	92
نەگە	ادام	71
نەگە	بۇگىن	102
نەگە	ماعان	97
نەگە	بارىپ	69
نەگە	ەكى	84
نەگە	مەنى	102
نەگە	مەنىڭ	69
نەگە	نەگە	95
نەگە	ول	72
نەگە	سەنى	102
نەگە	ساعان	96
نەگە	وسى	94
نەگە	تاماق	82
نەگە	دەيدى	94
نەگە	ۇيگە	103
نەگە	تەلەفون	103
نەگە	ايتىپ	47
نەگە	بىرگە	80
نەگە	كەتتى	98
نەگە	اقشا	104
نەگە	بىراق	90
نەگە	قاربالاس	98
نەگە	ىشىپ	107
نەگە	قويشى	97
نەگە	كوپ	107
نەگە	كەتىپ	102
نەگە	بىراز	80
نەگە	بەرىپ	108
نەگە	باس	107
نەگە	الماي	106
نەگە	قايتا	75
نەگە	جولداپ	79
نەگە	سوندا	77
نەگە	تەز	107
نەگە	اتىپ	97
نەگە	دەسەم	94
نەگە	كەرەك	106
نەگە	اۋىرىپ	101
نەگە	بەرە	94
نەگە	شىعىپ	104
نەگە	بارا	91
نەگە	بارام	100
نەگە	ۇيات	99
نەگە	كەلە	103
نەگە	ايتا	100
نەگە	تۇسىپ	81
نەگە	قوسىپ	106
نەگە	ەي	88
نەگە	سۇراپ	108
نەگە	جامان	90
نەگە	ايتام	103
نەگە	توي	107
نەگە	جاي	96
نەگە	شارشاپ	91
نەگە	بولمايدى	104
نەگە	جۋىپ	75
نەگە	سونداي	78
نەگە	سۇيتىپ	101
نەگە	قاتە	73
نەگە	كەلمەي	86
نەگە	سويلەپ	92
نەگە	تارتىپ	103
نەگە	بىلمەي	65
نەگە	قويا	107
نەگە	تاستاپ	96
نەگە	باسىپ	104
نەگە	كەلمەيدى	105
نەگە	مەنەن	83
نەگە	اراق	105
نەگە	شىعارىپ	108
نەگە	سۇيلەپ	96
نەگە	ىزدەپ	105
نەگە	اياق	100
نەگە	شعىپ	107
نەگە	ەرتىپ	106
نەگە	بارادى	76
نەگە	قولايسىز	105
نەگە	ايتادى	104
نەگە	جاۋا	106
نەگە	جاۋاپ	107
نەگە	قايتارىپ	70
نەگە	المايسىڭ	85
نەگە	ۇستىپ	26
نەگە	رەنجىپ	67
نەگە	ۇيتىپ	78
نەگە	ايتاسىڭ	50
نەگە	ۇتىرىك	75
نەگە	وتىرىك	76
نەگە	كەلدىڭ	75
نەگە	شپيىڭ	96
نەگە	كەلەسىڭ	78
نەگە	شاقىرىپ	92
نەگە	بەرمەي	107
نەگە	المايدى	105
نەگە	ۇندەمەي	95
نەگە	جاۋىپ	73
نەگە	وسىنداي	90
نەگە	سويلەمەي	105
نەگە	سويلەمەيسىڭ	64
نەگە	باراسىڭ	18
نەگە	ۇيقىڭ	74
نەگە	جىلاپ	103
نەگە	الاسىڭ	95
نەگە	شعارىپ	97
نەگە	شىپيىڭ	107
نەگە	بارماي	94
نەگە	ەكەنىن	108
نەگە	تەلەپون	71
نەگە	بەرەسىڭ	97
نەگە	قورقىپ	93
نەگە	قاشىپ	106
نەگە	شىقپاي	91
نەگە	جۇىپ	106
نەگە	جەتەدى	100
نەگە	سۇيلەمەي	104
نەگە	وستىپ	71
نەگە	ولاي	95
نەگە	باردىڭ	80
نەگە	بۇيتىپ	77
نەگە	كۇلىپ	78
نەگە	سونشا	103
نەگە	اقىماق	65
نەگە	قابارسىز	92
نەگە	وسىلاي	87
نەگە	بەرمەيدى	107
نەگە	كەلمەيسىڭ	92
نەگە	اكام	79
نەگە	ۇشىرىپ	80
نەگە	جوعالىپ	100
نەگە	ۇيقتاماي	100
نەگە	المادىڭ	81
نەگە	قورقام	83
نەگە	ىرەنجىپ	105
نەگە	وشىرىپ	107
نەگە	اۋرە	103
نەگە	سەنبەي	95
نەگە	اۋىرادى	108
نەگە	بارمايدى	100
نەگە	سۇيلەمەيسىڭ	99
نەگە	سەنبەيسىڭ	69
نەگە	اسىعىپ	68
نەگە	تۇسىنبەي	101
نەگە	ايتپايسىڭ	108
نەگە	بىلمەيسىڭ	56
نەگە	جابىسىپ	88
نەگە	اشۋلانىپ	107
نەگە	اۋىرە	105
نەگە	كوڭىلسىز	103
نەگە	سۇيتەسىڭ	104
نەگە	ىشەسىڭ	96
نەگە	قابارلاسپاي	92
نەگە	ايتپايدى	103
نەگە	كۇلەسىڭ	96
نەگە	بۇلاي	60
نەگە	بەرمەيسىڭ	89
نەگە	قورقاسىڭ	87
نەگە	كەلمەدىڭ	79
نەگە	ايتبايسىڭ	92
نەگە	بارمايسىڭ	69
نەگە	كەرگىپ	82
نەگە	سويلەمەيدى	96
نەگە	ۇيىقتاماي	101
نەگە	ايتپادىڭ	101
نەگە	بارمادىڭ	90
نەگە	قوستىڭ	90
نەگە	سۇيلەمەيدى	86
نەگە	تۇسىنبەيسىڭ	106
نەگە	رەنجيمىن	85
نەگە	جابا	73
نەگە	سۇرادىڭ	95
نەگە	سۇرايسىڭ	86
نەگە	ايتبادىڭ	104
نەگە	جۋاسىڭ	99
نەگە	ۇردىڭ	82
نەگە	شامدانىپ	101
نەگە	كۇلدىڭ	105
نەگە	قاشقالاقتاپ	78
نەگە	جولدادىڭ	106
نەگە	ۇندەمەيسىڭ	105
نەگە	ۇقپايسىڭ	97
نەگە	جولدايسىڭ	104
نەگە	وسىنشا	101
نەگە	رەنجيسىڭ	105
نەگە	قاشاسىڭ	97
نەگە	جولدامايسىڭ	101
نەگە	الدايسىڭ	81
نەگە	قوساسىڭ	89
نەگە	ۇيتەسىڭ	95
نەگە	ويلامايسىڭ	72
نەگە	ۇيالاسىڭ	95
نەگە	ۇيتەدى	100
نەگە	قابارلاسپايسىڭ	78
نەگە	ۇراسىڭ	81
نەگە	جىلايسىڭ	103
نەگە	الاڭدايسىڭ	94
نەگە	شاقىرمايسىڭ	102
نەگە	سوقتىڭ	84
نەگە	جۋدىڭ	90
نەگە	ۇيقتامايسىڭ	106
نەگە	سۇرامايسىڭ	96
نەگە	ىشپەيسىڭ	104
نەگە	جۇاسىڭ	102
نەگە	ۇيتتى	102
نەگە	ۇيتتىڭ	100
نەگە	قوسپايسىڭ	86
نەگە	بوقتايسىڭ	100
نەگە	رەنجىيمىن	108
نەگە	ىرەنجيمىن	103
نەگە	بۇيتەسىڭ	103
نەگە	ۇيتىڭ	95
نەگە	جاباسىڭ	97
جاتىرمىن	عوي	103
جاتىرمىن	جانىم	17
جاتىرمىن	مەن	19
جاتىرمىن	دەپ	82
جاتىرمىن	جاقسى	53
جاتىرمىن	بىر	88
جاتىرمىن	سول	73
جاتىرمىن	نە	42
جاتىرمىن	سەن	90
جاتىرمىن	ەندى	74
جاتىرمىن	راحىمەت	72
جاتىرمىن	قوي	100
جاتىرمىن	الى	86
جاتىرمىن	كەلىپ	98
جاتىرمىن	ەرتەڭ	101
جاتىرمىن	بۇگىن	74
جاتىرمىن	مەندە	73
جاتىرمىن	سودان	89
جاتىرمىن	ەكى	91
جاتىرمىن	جاتىرمىن	90
جاتىرمىن	ول	104
جاتىرمىن	سەنى	100
جاتىرمىن	ساعان	70
جاتىرمىن	وسى	83
جاتىرمىن	تاماق	98
جاتىرمىن	دەيدى	90
جاتىرمىن	ۇي	58
جاتىرمىن	ۇيدە	102
جاتىرمىن	ۇيگە	46
جاتىرمىن	تەلەفون	89
جاتىرمىن	كۇن	71
جاتىرمىن	دوسىم	106
جاتىرمىن	اقشا	76
جاتىرمىن	دەگەن	100
جاتىرمىن	بىراق	80
جاتىرمىن	ۇزىڭ	103
جاتىرمىن	قاربالاس	73
جاتىرمىن	تاڭەرتەڭ	88
جاتىرمىن	بىراز	91
جاتىرمىن	شاي	85
جاتىرمىن	كەشتە	105
جاتىرمىن	از	96
جاتىرمىن	ازىر	103
جاتىرمىن	كەشە	95
جاتىرمىن	جۇمىس	95
جاتىرمىن	وزىڭ	102
جاتىرمىن	ايتەۋ	88
جاتىرمىن	اعا	98
جاتىرمىن	دەسەم	103
جاتىرمىن	اۋىرىپ	104
جاتىرمىن	تۇندە	100
جاتىرمىن	ۇيات	104
جاتىرمىن	مال	98
جاتىرمىن	قازىر	102
جاتىرمىن	ەمەسپە	106
جاتىرمىن	دەشى	101
جاتىرمىن	شارشاپ	78
جاتىرمىن	تۇستەن	87
جاتىرمىن	دەدىم	106
جاتىرمىن	جالعىز	100
جاتىرمىن	بەكەر	96
جاتىرمىن	باسىم	105
جاتىرمىن	دەم	84
جاتىرمىن	بۇيىرسا	102
جاتىرمىن	قۇرسىن	108
جاتىرمىن	ۇيقى	103
جاتىرمىن	ۇيقىم	106
جاتىرمىن	دەمالىپ	97
جاتىرمىن	رەنجىمە	85
جاتىرمىن	مالعا	105
جاتىرمىن	باياعى	98
جاتىرمىن	ۇيقتايىن	89
جاتىرمىن	جاتاقتا	97
جاتىرمىن	وزىڭشى	90
جاتىرمىن	ۇزىڭشى	105
ول	عوي	104
ول	جانىم	64
ول	مەن	97
ول	دەپ	72
ول	جوق	92
ول	بولسىن	40
ول	جاق	89
ول	جاقسى	78
ول	بىر	69
ول	سول	42
ول	نە	71
ول	نەعىپ	39
ول	بار	64
ول	سەن	55
ول	ەندى	78
ول	جاتىر	61
ول	قوي	98
ول	الى	100
ول	الىپ	83
ول	وندا	100
ول	كەلىپ	97
ول	ەرتە	75
ول	ەرتەڭ	106
ول	ادام	85
ول	بولسا	56
ول	بۇگىن	81
ول	تۇر	74
ول	ماعان	103
ول	بارىپ	58
ول	ەكى	101
ول	مەنى	79
ول	مەنىڭ	59
ول	قاي	55
ول	نەگە	56
ول	ول	61
ول	قايدا	106
ول	سەنى	49
ول	ساعان	65
ول	وسى	65
ول	تاماق	89
ول	قالاي	92
ول	ۇي	53
ول	ۇيدە	85
ول	ۇيگە	59
ول	تەلەفون	70
ول	كۇن	82
ول	دوسىم	97
ول	كىم	95
ول	كەتتى	46
ول	قالدى	90
ول	اقشا	102
ول	دەگەن	77
ول	كۇنى	67
ول	ەمەس	46
ول	بارما	65
ول	بىراق	89
ول	قانشا	103
ول	ۇز	77
ول	ۇزى	74
ول	قاشان	74
ول	قاربالاس	79
ول	ىشىپ	91
ول	تاعى	99
ول	كوپ	76
ول	كەتىپ	100
ول	تاڭەرتەڭ	83
ول	بىراز	101
ول	نەدەگەن	99
ول	قانداي	55
ول	باسقا	62
ول	سەنىڭ	84
ول	كەشتە	57
ول	راس	105
ول	از	90
ول	ازىر	93
ول	ىستەپ	92
ول	جۇر	93
ول	كەشە	105
ول	قايتا	90
ول	انا	98
ول	ۇيقتاپ	79
ول	قايتىپ	80
ول	ۇش	81
ول	سوندا	103
ول	جۇمىس	94
ول	وز	88
ول	وزى	77
ول	ايتەۋ	75
ول	اۋىرىپ	104
ول	تۇندە	86
ول	كەلدى	97
ول	كەز	92
ول	كەزدە	87
ول	بالا	20
ول	جاڭا	65
ول	ايتقان	105
ول	ايتقانىڭ	106
ول	كەلە	66
ول	قيىن	93
ول	دۇرىس	97
ول	ايتا	103
ول	ەشتەڭە	90
ول	ۇلكەن	96
ول	كۇندە	92
ول	مال	82
ول	قازىر	102
ول	جەر	95
ول	جەردە	67
ول	ماشينا	44
ول	قىز	99
ول	جامان	71
ول	قايدان	99
ول	كەلەدى	71
ول	توي	103
ول	جاي	95
ول	كەپ	98
ول	ءبىر	103
ول	كەتكەن	94
ول	ۇشىن	106
ول	شىن	61
ول	بولمايدى	106
ول	بولماسا	91
ول	جەرگە	84
ول	قىزدا	56
ول	باعانا	105
ول	سياقتى	106
ول	ەكەمىز	81
ول	قايسى	72
ول	جالعىز	86
ول	سونداي	103
ول	سۇيتىپ	86
ول	ءالى	100
ول	قاتە	99
ول	نارسە	103
ول	ماڭگى	101
ول	ونداي	104
ول	بەكەر	90
ول	كىسى	104
ول	كەلگەن	25
ول	قىل	99
ول	بىزدىڭ	100
ول	قۇساپ	102
ول	سولاي	101
ول	جاققا	107
ول	دارى	60
ول	ناق	103
ول	وڭاي	99
ول	جىندى	93
ول	وتە	78
ول	ۇيىقتاپ	91
ول	قايداعى	103
ول	كەلمەيدى	100
ول	مەنەن	98
ول	اراق	91
ول	اقشانى	99
ول	كەلسە	84
ول	كەلگەندە	83
ول	سەنەن	100
ول	جەردەن	104
ول	جىگىت	75
ول	ايتادى	85
ول	كىسىلەر	91
ول	قاتىن	67
ول	تەك	73
ول	كۇندەر	95
ول	ايەل	94
ول	ماس	91
ول	ءوزى	92
ول	وتىرىك	97
ول	ەكەۋى	105
ول	جايلى	81
ول	ادامدى	87
ول	ۇيدى	91
ول	ۇيدىڭ	97
ول	جاقىن	102
ول	جاقتا	107
ول	ۇتە	54
ول	كسى	100
ول	مۇمكىن	44
ول	نەدەيدى	87
ول	پالە	86
ول	تىپتى	98
ول	ۇيدەن	97
ول	ادامعا	101
ول	ايتقانىڭىز	93
ول	مەننەن	106
ول	نەمە	101
ول	نەمەنە	90
ول	كەتسە	95
ول	ادامنىڭ	100
ول	توقتاپ	94
ول	نەدەپ	98
ول	ادامدا	105
ول	جەرى	97
ول	ارام	76
ول	ەكەۋمىز	96
ول	قىمبات	97
ول	كەلمەسە	107
ول	كىمنىڭ	106
ول	بالانى	107
ول	جاقتان	97
ول	جاعى	88
ول	جەرىڭ	66
ول	بالانىڭ	84
ول	بالاعا	101
ول	بىلمەيدى	101
ول	جەردى	100
ول	ەسەك	89
ول	جەردىڭ	103
ول	كەلگەنشە	95
ول	كسلەر	95
ول	ويىڭ	85
ول	دوسىڭ	103
ول	شۇندە	105
ول	ءۇشىن	98
ول	كىسىنى	105
ول	كىسىنىڭ	81
ول	جاعىن	75
ول	جەرىن	47
ول	جاعىنا	96
ول	جاعىنان	96
ول	نەربى	73
ول	بايقۇس	104
ول	سوزدى	100
ول	جوقتا	105
ول	بولماعان	96
ول	قىزدى	91
ول	سۇزدى	99
ول	باردا	106
ول	كىسلەر	97
ول	توپتا	91
ول	بارمايدى	103
ول	ەكەمىزدىڭ	105
ول	بالادا	106
ول	كسىلەر	105
ول	كسنى	92
ول	كسنىڭ	94
ول	جاقتاعى	84
ول	كىسىگە	89
ول	شىندىق	75
ول	جاقتى	93
ول	جاقتىڭ	102
ول	جاعىندا	90
ول	تۋرالى	106
ول	كەزدەگى	107
ول	كسگە	103
ول	قاتىندى	86
ول	كۇندەردە	106
ول	قىلسىن	101
ول	كىسگە	100
ول	كىسنى	90
ول	كىسنىڭ	101
ول	كىستەر	99
ول	كىسىلەرگە	107
ول	گەزدە	105
ول	كسىنىڭ	107
ول	كىسىدە	105
ول	كىسىدەن	76
ول	جاعنان	105
ول	كىسىلەردىڭ	106
ول	كەزدەدە	107
ول	كسدە	104
ول	كسىگە	89
ول	دەسىن	106
ول	كىسدە	97
ول	نەدەگەنىڭ	93
ول	كىسىلەردە	87
ول	كسىدە	102
قايدا	جانىم	101
قايدا	مەن	65
قايدا	دەپ	83
قايدا	جوق	58
قايدا	ەكەن	76
قايدا	بىر	34
قايدا	نە	101
قايدا	نەعىپ	77
قايدا	بار	60
قايدا	سەن	73
قايدا	ەندى	93
قايدا	جاتىر	106
قايدا	جاتىرسىڭ	95
قايدا	الى	84
قايدا	الىپ	106
قايدا	كەلىپ	96
قايدا	بولسا	95
قايدا	بۇگىن	89
قايدا	تۇر	101
قايدا	ماعان	77
قايدا	بارىپ	100
قايدا	نەگە	41
قايدا	ول	102
قايدا	قايدا	92
قايدا	وسى	62
قايدا	دەيدى	100
قايدا	ۇيدە	87
قايدا	تەلەفون	100
قايدا	وتىر	105
قايدا	دوسىم	89
قايدا	كەتتى	79
قايدا	قالدى	40
قايدا	بارما	78
قايدا	ىشىپ	99
قايدا	كەتى	83
قايدا	كەتىپ	90
قايدا	ەدى	31
قايدا	ىستەپ	74
قايدا	جۇر	56
قايدا	جول	54
قايدا	سوندا	95
قايدا	جۇمىس	97
قايدا	دەسە	106
قايدا	دەسەم	91
قايدا	كەلدى	96
قايدا	بارسىڭ	89
قايدا	بارا	95
قايدا	بارام	69
قايدا	كەلە	44
قايدا	جاتىپ	104
قايدا	قاراپ	94
قايدا	ەي	103
قايدا	اپارىپ	98
قايدا	كەتتىڭ	88
قايدا	قالدىڭ	19
قايدا	توي	95
قايدا	قويىپ	98
قايدا	كەتكەن	102
قايدا	بارايىن	69
قايدا	جۇرگەن	98
قايدا	بولسادا	93
قايدا	كەتەدى	80
قايدا	بارات	85
قايدا	باراتىن	95
قايدا	جۇرىپ	91
قايدا	جۇرسىڭ	81
قايدا	بارامىن	19
قايدا	ويناپ	67
قايدا	ەدىڭ	89
قايدا	تارتىپ	90
قايدا	ستەپ	96
قايدا	سىز	73
قايدا	بولدىڭ	96
قايدا	بارامىز	95
قايدا	وتىرسىڭ	51
قايدا	بارعان	50
قايدا	بارادى	98
قايدا	باۋىرىم	47
قايدا	دەيسىڭ	106
قايدا	كەلدىڭ	96
قايدا	بارسا	39
قايدا	بارسام	92
قايدا	كەتىپتى	99
قايدا	كەتەم	97
قايدا	قويدىڭ	106
قايدا	سىڭ	97
قايدا	بارايىق	50
قايدا	تۇرسىڭ	107
قايدا	باراسىڭ	78
قايدا	كەتپ	33
قايدا	ەكەنىن	107
قايدا	قاشىپ	78
قايدا	كەتەسىڭ	105
قايدا	قالعانىن	87
قايدا	جۇرسەڭ	98
قايدا	بولاسىڭ	71
قايدا	بارپ	85
قايدا	بارساڭ	102
قايدا	باردى	73
قايدا	باردىڭ	86
قايدا	كەلىپتى	42
قايدا	باردىم	103
قايدا	جاتام	106
قايدا	نەستەپ	103
قايدا	كەلپتى	104
قايدا	بارعالى	107
قايدا	بارمىز	78
قايدا	كەتىڭ	105
قايدا	بارساق	68
قايدا	جوعالىپ	107
قايدا	كەلدىڭىز	93
قايدا	ىشەمىز	95
قايدا	قاڭعىپ	103
قايدا	تۇراسىڭ	98
قايدا	اپارام	103
قايدا	كەزىگەمىز	94
قايدا	جاتاسىڭ	103
قايدا	كەلدىڭدەر	87
قايدا	كەتىڭىز	63
قايدا	جۇرسڭ	106
قايدا	وتىرامىز	100
قايدا	بولساڭدا	94
قايدا	ەكەنىڭدى	97
قايدا	اپارادى	96
قايدا	ۇيدەمە	99
قايدا	جۇردىڭ	99
قايدا	ساتادى	70
قايدا	كەتتڭ	104
قايدا	باراسڭ	95
قايدا	وتىرسىڭدار	98
قايدا	كەتتىڭىز	83
قايدا	جۇرسەڭدە	96
قايدا	وترسىڭ	57
قايدا	جۇرگەنىڭدى	107
قايدا	جۇرسىڭدەر	105
قايدا	باردىڭدار	87
قايدا	باراسىڭدار	73
قايدا	جۇرسىز	90
قايدا	بارسامدا	92
قايدا	تارتتىڭ	89
قايدا	كەتتىڭدەر	57
قايدا	بارساڭدا	94
قايدا	جۇرگەنىن	74
قايدا	بارعىڭ	107
قايدا	كەتكەنىن	105
قايدا	جۇرسەمدە	86
قايدا	اپاراسىڭ	102
قايدا	باراسىز	91
قايدا	بارسادا	99
قايدا	جۇرسەدە	94
قايدا	تارتىڭ	94
قايدا	جۇرسەكتە	77
قايدا	كەلدىڭىزدەر	94
قايدا	تارتىڭىز	103
قايدا	جۇرسەڭدەردە	93
قايدا	تارتتىڭىز	90
قايدا	تارتتىڭدار	98
سەنى	عوي	106
سەنى	جان	99
سەنى	جانىم	101
سەنى	مەن	45
سەنى	دەپ	52
سەنى	جوق	74
سەنى	جاقسى	103
سەنى	بىر	19
سەنى	سول	43
سەنى	نە	84
سەنى	نەعىپ	81
سەنى	سەن	82
سەنى	ەندى	94
سەنى	الى	76
سەنى	الىپ	93
سەنى	كەلىپ	58
سەنى	ادام	104
سەنى	بۇگىن	74
سەنى	مەندە	85
سەنى	ماعان	97
سەنى	بارىپ	76
سەنى	ەكى	89
سەنى	مەنى	99
سەنى	مەنىڭ	87
سەنى	نەگە	106
سەنى	ول	70
سەنى	قايدا	102
سەنى	سەنى	89
سەنى	وسى	79
سەنى	قالاي	86
سەنى	ۇيگە	82
سەنى	ايتىپ	98
سەنى	دوسىم	74
سەنى	كىم	94
سەنى	ەمەس	69
سەنى	بىراق	106
سەنى	قانشا	98
سەنى	قاشان	91
سەنى	قاربالاس	66
سەنى	تاعى	104
سەنى	كوپ	89
سەنى	بىراز	82
سەنى	نەدەگەن	87
سەنى	قانداي	104
سەنى	باسقا	86
سەنى	راس	94
سەنى	از	67
سەنى	قايتا	103
سەنى	انا	88
سەنى	ۇيقتاپ	105
سەنى	قايتىپ	92
سەنى	كورىپ	75
سەنى	تاۋىپ	55
سەنى	قاتتى	100
سەنى	عانا	37
سەنى	قيىن	52
سەنى	ەش	93
سەنى	كۇندە	101
سەنى	تۇسىپ	87
سەنى	قوسىپ	78
سەنى	اپارىپ	79
سەنى	كۇپ	86
سەنى	سۇراپ	95
سەنى	جامان	87
سەنى	قايدان	78
سەنى	ايتام	75
سەنى	كەلەدى	97
سەنى	قويىپ	90
سەنى	ويلاپ	92
سەنى	بىرەۋ	20
سەنى	ءبىر	81
سەنى	شىن	100
سەنى	كۇرىپ	53
سەنى	العان	61
سەنى	جۋىپ	105
سەنى	جالعىز	86
سەنى	جەپ	99
سەنى	سونداي	86
سەنى	سۇيتىپ	73
سەنى	قاتە	94
سەنى	ماڭگى	87
سەنى	ەڭ	38
سەنى	ونداي	104
سەنى	بەكەر	95
سەنى	ويناپ	104
سەنى	ۇزىم	94
سەنى	بۇرىن	89
سەنى	ساعىنىپ	106
سەنى	قايتەم	26
سەنى	توسىپ	102
سەنى	تاستاپ	26
سەنى	وزىم	82
سەنى	وتە	96
سەنى	ارتىق	86
سەنى	مەنەن	104
سەنى	ىزدەپ	99
سەنى	الام	43
سەنى	ساعىندىم	82
سەنى	ەرتىپ	20
سەنى	اكەپ	62
سەنى	ەرەكشە	106
سەنى	باقىتتى	57
سەنى	قاتى	103
سەنى	بىلەم	87
سەنى	ۇمىتىپ	105
سەنى	ۇستىپ	99
سەنى	كورە	97
سەنى	كورەيىن	96
سەنى	ۇيتىپ	84
سەنى	الامىن	95
سەنى	قانا	87
سەنى	ەشكىم	95
سەنى	جاقىن	88
سەنى	ۇتە	97
سەنى	شاقىرىپ	86
سەنى	قوناق	84
سەنى	سۇيەم	94
سەنى	ىراس	41
سەنى	السام	100
سەنى	سۇيىپ	94
سەنى	باقتتى	67
سەنى	نەدەپ	99
سەنى	كورەم	101
سەنى	كۇرە	97
سەنى	كۇرەيىن	99
سەنى	الداپ	86
سەنى	قۇشاقتاپ	66
سەنى	سۇيەمىن	59
سەنى	كوردىم	33
سەنى	جۇىپ	86
سەنى	ساعنىپ	104
سەنى	اپتەن	53
سەنى	تۇسىنىپ	92
سەنى	بۇيتىپ	97
سەنى	كورگەن	103
سەنى	تابا	99
سەنى	كۇرەم	104
سەنى	سونشا	101
سەنى	اقىماق	95
سەنى	كۇردىم	89
سەنى	ەشكىمگە	93
سەنى	جەك	83
سەنى	ابدەن	79
سەنى	كورگىم	105
سەنى	ويلاسام	52
سەنى	كۇتىپ	77
سەنى	رازى	90
سەنى	قىزعانىپ	95
سەنى	ويلاي	99
سەنى	ويلايمىن	96
سەنى	زدەپ	87
سەنى	قانشالىق	75
سەنى	كورسەم	86
سەنى	قايتەر	73
سەنى	كورمەدىم	99
سەنى	كۇرگىم	105
سەنى	تۇسىنەم	58
سەنى	سۇرادى	94
سەنى	ويلادىم	100
سەنى	اڭساپ	98
سەنى	توسا	72
سەنى	سۇيگەن	103
سەنى	قيماي	82
سەنى	تانىپ	80
سەنى	اڭدىپ	101
سەنى	توسام	83
سەنى	كۇرسەم	69
سەنى	ساعندىم	79
سەنى	تۇسىنبەي	89
سەنى	تانىمايمىن	104
سەنى	شىنايى	94
سەنى	قيناپ	94
سەنى	ۇيلاپ	77
سەنى	مازالاپ	78
سەنى	مازالامايىن	87
سەنى	توسايىن	92
سەنى	وبالدى	96
سەنى	ماقتاپ	97
سەنى	كورگەندە	93
سەنى	ۇناتىپ	94
سەنى	ەركەلەتىپ	87
سەنى	ىزدەيمىن	100
سەنى	تانيدى	95
سەنى	زورلاپ	97
سەنى	توسامىن	101
سەنى	سۇيدىم	86
سەنى	جامانداپ	93
سەنى	ماڭگىلىك	105
سەنى	قيمايمىن	89
سەنى	كورۋ	83
سەنى	سۇيگەنىم	105
سەنى	توسپ	84
سەنى	ساعىنپ	90
سەنى	كۇرگەندە	85
سەنى	توستىم	101
سەنى	ساعىنعاندا	105
سەنى	كورمەسەم	90
سەنى	اۋرەلەپ	98
سەنى	قانشالىقتى	98
سەنى	ايالاپ	103
سەنى	سۇيەتىن	100
سەنى	قۇشاقتاعىم	104
سەنى	سۇيگىم	93
سەنى	قىيماي	103
سەنى	كۇرمەسەم	97
سەنى	ويناعىم	103
سەنى	ساعىنام	96
سەنى	ۇمىتا	101
سەنى	اۋىرەلەپ	104
سەنى	ساعنپ	98
سەنى	كۇركىم	98
سەنى	قىيناپ	97
سەنى	سۇيەدى	97
سەنى	قۇلاي	106
سەنى	كورمەگەلى	87
سەنى	رەنجىتىپ	98
سەنى	جانىمداي	90
سەنى	ۇناتام	83
سەنى	مازالامايمىن	104
سەنى	جانىمنان	104
سەنى	الدامايمىن	105
سەنى	كۇرمەگەلى	94
سەنى	قىيمايمىن	104
سەنى	ىزدەمەيمىن	99
سەنى	سۇيمەسەم	106
سەنى	قيناعىم	97
سەنى	جانمداي	98
ساعان	جان	105
ساعان	جانى	101
ساعان	جانىم	99
ساعان	مەن	51
ساعان	دەپ	58
ساعان	جوق	85
ساعان	جاقسى	89
ساعان	بولدى	61
ساعان	بىر	94
ساعان	سول	36
ساعان	نە	74
ساعان	نەعىپ	22
ساعان	بار	92
ساعان	سەن	87
ساعان	ەندى	87
ساعان	راحىمەت	64
ساعان	الىپ	74
ساعان	ون	73
ساعان	وندا	97
ساعان	كەل	103
ساعان	كەلىپ	88
ساعان	ەرتە	97
ساعان	ەرتەڭ	104
ساعان	ادام	91
ساعان	بۇگىن	82
ساعان	مەندە	81
ساعان	ماعان	105
ساعان	بارى	95
ساعان	بارىپ	83
ساعان	ەكى	55
ساعان	مەنى	86
ساعان	مەنىڭ	89
ساعان	قاي	91
ساعان	بولا	103
ساعان	بولادى	80
ساعان	نەگە	99
ساعان	ول	70
ساعان	سەنى	102
ساعان	ساعان	103
ساعان	وسى	97
ساعان	تاماق	83
ساعان	قالاي	81
ساعان	تەلەفون	75
ساعان	ايت	57
ساعان	ايتىپ	101
ساعان	دوسىم	47
ساعان	كىم	103
ساعان	تاڭ	71
ساعان	اقشا	106
ساعان	دەگەن	65
ساعان	ەمەس	46
ساعان	بىراق	97
ساعان	قانشا	86
ساعان	قاشان	73
ساعان	تاعى	68
ساعان	كوپ	89
ساعان	كەتىپ	74
ساعان	بىراز	84
ساعان	نەدەگەن	86
ساعان	قانداي	94
ساعان	بەرىپ	87
ساعان	باس	74
ساعان	باسقا	104
ساعان	راس	93
ساعان	از	96
ساعان	ازىر	89
ساعان	كەشە	103
ساعان	قايتا	102
ساعان	يۋان	87
ساعان	قايتىپ	102
ساعان	جول	84
ساعان	جولداپ	103
ساعان	ۇش	60
ساعان	سوندا	104
ساعان	جۇمىس	91
ساعان	اتىپ	95
ساعان	كەرەك	61
ساعان	كوڭىل	85
ساعان	اۋىر	96
ساعان	بەرە	103
ساعان	بەرەيىن	90
ساعان	كەلدى	69
ساعان	بالا	106
ساعان	سونى	105
ساعان	ايتقان	106
ساعان	تاۋىپ	70
ساعان	بارا	105
ساعان	بارام	81
ساعان	كەلە	62
ساعان	قاتتى	98
ساعان	عانا	67
ساعان	قيىن	56
ساعان	ايتا	69
ساعان	ۋاقىت	89
ساعان	قاراپ	106
ساعان	ەش	42
ساعان	ەشتەڭە	86
ساعان	كۇندە	68
ساعان	بەس	95
ساعان	اپارىپ	104
ساعان	كۇپ	89
ساعان	قىز	87
ساعان	جامان	102
ساعان	قايدان	82
ساعان	ايتام	98
ساعان	مىڭ	75
ساعان	جاي	97
ساعان	قويىپ	97
ساعان	بىرەۋ	106
ساعان	ءبىر	78
ساعان	بارايىن	95
ساعان	شىن	56
ساعان	امال	88
ساعان	باراتىن	88
ساعان	اڭگىمە	100
ساعان	بەرەم	94
ساعان	بارىن	80
ساعان	سونداي	86
ساعان	سۇيتىپ	81
ساعان	قاتە	90
ساعان	ماڭگى	101
ساعان	ەڭ	68
ساعان	بارامىن	97
ساعان	ونداي	78
ساعان	بەكەر	100
ساعان	نەبولدى	102
ساعان	سويلەپ	69
ساعان	تارتىپ	58
ساعان	ايتشى	97
ساعان	سولاي	104
ساعان	بىردەمە	104
ساعان	نەشە	66
ساعان	جەتكەن	104
ساعان	وڭاي	99
ساعان	وتە	82
ساعان	ارتىق	103
ساعان	اراق	79
ساعان	سۇيلەپ	99
ساعان	جازىپ	63
ساعان	اياق	85
ساعان	اشىق	106
ساعان	بەرەتىن	100
ساعان	قول	85
ساعان	بارعان	85
ساعان	بارعاندا	101
ساعان	كەلگەندە	96
ساعان	قاراي	98
ساعان	بەرەمىن	67
ساعان	ەرەكشە	94
ساعان	قولايسىز	95
ساعان	باقىت	75
ساعان	دال	84
ساعان	ايتتىم	95
ساعان	باۋىر	76
ساعان	قاتىن	91
ساعان	تەك	96
ساعان	جاۋاپ	106
ساعان	كۇڭىل	92
ساعان	ايتايىن	105
ساعان	اتا	61
ساعان	رەنجىپ	99
ساعان	ۇيتىپ	69
ساعان	سوز	102
ساعان	ۇتىرىك	90
ساعان	وتىرىك	77
ساعان	قانا	77
ساعان	قابارلاسىپ	89
ساعان	بەرگەن	80
ساعان	ەشكىم	72
ساعان	بارسام	90
ساعان	ەشتەمە	81
ساعان	سۇز	84
ساعان	جاقىن	90
ساعان	شپيىڭ	91
ساعان	بەردىم	94
ساعان	بەرمەي	79
ساعان	تالاي	102
ساعان	پالە	100
ساعان	ايتپ	96
ساعان	قولايلى	104
ساعان	قىيىن	81
ساعان	بىردەڭە	87
ساعان	قارىز	79
ساعان	قابارلاسا	97
ساعان	قابارلاسايىن	97
ساعان	ايتىم	91
ساعان	ايتسام	79
ساعان	ايتامىن	92
ساعان	شىپيىڭ	92
ساعان	نەدەپ	100
ساعان	تەلەپون	94
ساعان	سەنىم	105
ساعان	ۇقسايدى	99
ساعان	وراي	88
ساعان	دەكەن	101
ساعان	ۇيرەنىپ	96
ساعان	تيىپ	104
ساعان	كەزىگىپ	101
ساعان	سويلەي	78
ساعان	جەتە	89
ساعان	بەرسەم	98
ساعان	قاراماي	96
ساعان	ايتاتىن	100
ساعان	سۇيلەي	81
ساعان	وبال	93
ساعان	ساقتاپ	78
ساعان	ايتقام	87
ساعان	ايتپاي	79
ساعان	سونشا	91
ساعان	ايتقانىم	100
ساعان	بارايىنبا	86
ساعان	اتەي	91
ساعان	ادال	95
ساعان	وقشايدى	77
ساعان	كەزىگە	105
ساعان	جاقسىلىق	102
ساعان	ىشتەمە	100
ساعان	اقىل	105
ساعان	بارعىم	102
ساعان	قاراعاندا	73
ساعان	ايتار	83
ساعان	قارايتىن	96
ساعان	سويلەيىن	104
ساعان	سەنىپ	97
ساعان	عاشىق	54
ساعان	ەشقانداي	77
ساعان	بارامبا	91
ساعان	قاراسام	98
ساعان	زيان	105
ساعان	جولداعان	105
ساعان	قالجىڭداپ	92
ساعان	تارتقان	91
ساعان	كەرەگى	86
ساعان	ىرەنجىپ	94
ساعان	وقسايدى	95
ساعان	اشۋىم	104
ساعان	سويلەسەم	106
ساعان	سەنبەي	89
ساعان	اتايىن	83
ساعان	ايتباي	98
ساعان	جولدايىن	101
ساعان	سۇيلەيىن	90
ساعان	ايتارىم	99
ساعان	سۇيلەسەم	74
ساعان	كەزىگەم	95
ساعان	جاماندىق	103
ساعان	سەنەم	88
ساعان	قۇرمەت	60
ساعان	جەتپەيدى	92
ساعان	كەزگىپ	87
ساعان	جابىسىپ	105
ساعان	سويلەگەن	91
ساعان	سەنبەيمىن	100
ساعان	جولدادىم	88
ساعان	جابسىپ	100
ساعان	سۇيلەگەن	95
ساعان	سەنەمىن	106
ساعان	سويلەيمىن	69
ساعان	جەتبەيدى	105
ساعان	ەركەلەپ	95
ساعان	ارناپ	97
ساعان	رەنجىمەيمىن	78
ساعان	سويلەمەيمىن	92
ساعان	سۇيلەمەيمىن	106
ساعان	شاپتاسىپ	105
ساعان	جاراسادى	100
ساعان	جالىنىپ	104
ساعان	قاشىق	101
ساعان	نەعىلدىم	98
ساعان	رازىمىن	92
ساعان	سەندىم	103
ساعان	ايتقالى	71
ساعان	قارىزدار	102
ساعان	داۋا	100
ساعان	قولايسىزبا	86
ساعان	سويلەگىم	105
ساعان	ادالمىن	97
ساعان	كەزىككىم	83
ساعان	سەنگەن	101
ساعان	بايلانستى	99
ساعان	سۇيلەگىم	106
ساعان	بايلانىستى	102
ساعان	تاپسىردىم	102
ساعان	ۇناسا	98
ساعان	كەزىگەيىن	104
ساعان	ارناعان	106
ساعان	ارنادىم	107
ساعان	جالىنشتى	100
وسى	عوي	106
وسى	جانىم	43
وسى	مەن	86
وسى	دەپ	62
وسى	جوق	82
وسى	بولسىن	103
وسى	جاق	97
وسى	جاقسى	92
وسى	بولدى	80
وسى	ەكەن	51
وسى	بىر	37
وسى	نە	40
وسى	نەعىپ	99
وسى	بار	104
وسى	سەن	92
وسى	ەندى	49
وسى	بولىپ	93
وسى	قوي	76
وسى	ون	88
وسى	ادام	94
وسى	بولسا	77
وسى	ماعان	66
وسى	ەكى	81
وسى	مەنى	48
وسى	مەنىڭ	78
وسى	بولادى	77
وسى	نەگە	88
وسى	سەنى	78
وسى	ساعان	88
وسى	وسى	84
وسى	ۇي	105
وسى	ۇيدە	94
وسى	ۇيگە	69
وسى	تەلەفون	65
وسى	اي	99
وسى	كۇن	68
وسى	اق	90
وسى	اقشا	94
وسى	كۇنى	94
وسى	بىراز	82
وسى	نەدەگەن	98
وسى	شاي	100
وسى	سەنىڭ	97
وسى	از	67
وسى	ان	100
وسى	جول	95
وسى	ۇش	93
وسى	جۇمىس	66
وسى	بوپ	96
وسى	شىعار	106
وسى	كەز	90
وسى	كەزدە	73
وسى	بالا	18
وسى	جاڭا	80
وسى	سەندە	105
وسى	بىز	104
وسى	ايتقا	105
وسى	ايتقان	94
وسى	عانا	99
وسى	ايتا	76
وسى	ۋاق	102
وسى	ۋاقىت	83
وسى	كۇندە	79
وسى	بەس	65
وسى	جەر	93
وسى	جەردە	77
وسى	ماشينا	25
وسى	ەمەسپە	105
وسى	قىز	89
وسى	توي	91
وسى	بىرەۋ	100
وسى	ءبىر	102
وسى	ۇشىن	85
وسى	جەرگە	100
وسى	سياقتى	36
وسى	بولاتىن	76
وسى	ەڭ	96
وسى	كىسى	98
وسى	بىزدىڭ	80
وسى	قۇساپ	94
وسى	جاققا	88
وسى	نەشە	57
وسى	اقشانى	93
وسى	جەردەن	101
وسى	ايدى	44
وسى	ايدىڭ	105
وسى	جىگىت	35
وسى	جولى	98
وسى	قاتىن	17
وسى	كۇندەرى	98
وسى	سوز	99
وسى	ەكەۋى	105
وسى	ايدا	74
وسى	ادامدى	37
وسى	ۇيدى	95
وسى	ۇيدىڭ	88
وسى	جاقتا	85
وسى	رەت	52
وسى	كسى	86
وسى	كۇندى	93
وسى	ايتتا	92
وسى	ۇيدەن	81
وسى	ءان	85
وسى	شۇنگە	87
وسى	ايلىق	84
وسى	كۇنگە	96
وسى	ادامدار	56
وسى	جەرى	100
وسى	توپقا	102
وسى	نومىر	79
وسى	ۋاقىتتا	84
وسى	بولدىما	62
وسى	نۇمىر	96
وسى	بالانى	94
وسى	اپتا	98
وسى	باعادا	61
وسى	جاقتان	100
وسى	بەتى	65
وسى	كۇنگى	61
وسى	جەرىڭ	94
وسى	جەردى	62
وسى	جەردىڭ	98
وسى	سەنبى	83
وسى	ەكەۋىن	88
وسى	شۇندە	82
وسى	ۋاقىتىڭ	80
وسى	جەرىن	69
وسى	سوزىڭ	78
وسى	سەكىلدى	87
وسى	ۋاقتا	106
وسى	ايدان	72
وسى	بىرنەشە	85
وسى	جۇما	82
وسى	بويىنشا	100
وسى	بىرەكى	90
وسى	سۇزىڭ	99
وسى	سوزدى	91
وسى	ورتاعا	75
وسى	قىزدى	91
وسى	سۇزدى	101
وسى	توپتا	80
وسى	سوزىڭدى	73
وسى	ءاندى	96
وسى	قۇساعان	71
وسى	اپتادا	97
وسى	ۋاقتتا	73
وسى	اندى	86
وسى	سۇزىڭدى	73
وسى	ۋاقتىڭ	100
وسى	ورتادا	103
وسى	رەڭ	84
وسى	جاقتاعى	86
وسى	جەركە	93
وسى	جۇمىستى	90
وسى	دەمالستا	106
وسى	باستان	83
وسى	جاقتىڭ	79
وسى	ۇشەۋى	89
وسى	جاسقا	104
وسى	توپتاعى	89
وسى	اپتانىڭ	46
وسى	جەردەگى	94
وسى	جولعى	72
وسى	بەتتى	55
وسى	نومىرگە	93
وسى	كەزدەگى	80
وسى	ەكەۋىنىڭ	82
وسى	ارادا	101
وسى	قالپى	84
وسى	كەزگە	80
وسى	دەمالىستا	105
وسى	نۇمىرگە	93
وسى	جاقىندا	87
وسى	ماڭايدا	96
وسى	ۋاقىتقا	98
وسى	قىلعىڭ	78
وسى	زاماندا	100
وسى	ۇاقتا	95
وسى	قىلىعىڭ	105
وسى	سوزىڭە	103
وسى	گەزدە	98
وسى	رەتكى	97
وسى	سۇزىڭە	92
وسى	ارالىقتا	102
وسى	ايداعى	105
وسى	ورتاداعى	76
وسى	كۇنىمە	73
وسى	اراعا	102
وسى	سوزىڭدە	80
وسى	سۇزىڭدە	100
وسى	شۇندەگى	105
وسى	ۋاققا	88
وسى	كەزدەدە	75
وسى	ۋاقىتتارىڭ	105
وسى	ۋاقىتتارىڭىز	105
وسى	كۇيگە	90
وسى	ۋاقتىڭىز	102
وسى	ورايدا	95
وسى	دارەجەگە	85
وسى	رەڭنەن	105
وسى	نومىرمەن	100
وسى	ماۋسىم	103
وسى	ۋاقتقا	106
وسى	قىلىعىڭدى	97
وسى	قىلعىڭدى	98
وسى	تەكشەدەگى	104
وسى	ارادان	87
وسى	جەردەمە	98
وسى	ۋاعىڭ	105
وسى	ۋاقتتارىڭىز	105
جار	بولسىن	105
جار	بەرمەي	10
جارا	بار	19
جارا	بولىپ	16
جارايدى	عوي	15
جارايدى	جان	77
جارايدى	جانىم	100
جارايدى	مەن	19
جارايدى	دەپ	50
جارايدى	جاقسى	102
جارايدى	بولدى	20
جارايدى	ەكەن	85
جارايدى	بىر	41
جارايدى	سول	78
جارايدى	سەن	70
جارايدى	ەندى	88
جارايدى	راحىمەت	77
جارايدى	ماقۇل	18
جارايدى	الىپ	21
جارايدى	وندا	102
جارايدى	كەل	29
جارايدى	كەلىپ	87
جارايدى	ەرتەڭ	106
جارايدى	بۇگىن	63
جارايدى	مەندە	97
جارايدى	بارى	66
جارايدى	بارىپ	93
جارايدى	مەنىڭ	85
جارايدى	قايىرلى	94
جارايدى	بولادى	89
جارايدى	قايدا	88
جارايدى	ساعان	106
جارايدى	وسى	101
جارايدى	جارايدى	95
جارايدى	ۇيگە	61
جارايدى	ايتىپ	104
جارايدى	بىرگە	96
جارايدى	دوسىم	97
جارايدى	امان	42
جارايدى	امانشىلىق	72
جارايدى	اق	87
جارايدى	ۇزىڭ	75
جارايدى	قاربالاس	98
جارايدى	تاعى	93
جارايدى	كوپ	97
جارايدى	تاڭەرتەڭ	97
جارايدى	قۇتتى	92
جارايدى	بىراز	78
جارايدى	كەشتە	103
جارايدى	ازىر	93
جارايدى	ۇيقتا	102
جارايدى	جول	106
جارايدى	وزىڭ	59
جارايدى	تەز	100
جارايدى	اعا	105
جارايدى	تۇن	50
جارايدى	سەندە	76
جارايدى	ايتقانىڭ	96
جارايدى	دۇرىس	75
جارايدى	ەكەنسىڭ	94
جارايدى	مىقتى	56
جارايدى	اس	102
جارايدى	كەرەمەت	64
جارايدى	جەجە	59
جارايدى	اينالايىن	76
جارايدى	ساۋ	102
جارايدى	وقاسى	82
جارايدى	ەرتەرەك	87
جارايدى	بىزدە	87
جارايدى	دەم	102
جارايدى	ىراحىمەت	102
جارايدى	بالام	81
جارايدى	بۇيىرسا	87
جارايدى	بارامىز	76
جارايدى	دەمال	98
جارايدى	قالجىڭ	98
جارايدى	باقىتتى	105
جارايدى	باۋىرىم	106
جارايدى	ايتايىن	78
جارايدى	التىن	106
جارايدى	راقىمەت	103
جارايدى	قابارلاسىپ	81
جارايدى	جايلى	87
جارايدى	ۇيقتادىم	92
جارايدى	بايقاپ	102
جارايدى	اپەكە	101
جارايدى	تەزىرەك	95
جارايدى	ىستەرىڭ	101
جارايدى	جەڭگە	99
جارايدى	باقتتى	102
جارايدى	بۇيرسا	104
جارايدى	جولىڭ	78
جارايدى	ساۋداڭ	73
جارايدى	جالعاستى	85
جارايدى	بىلدىم	91
جارايدى	ۇزىڭدە	89
جارايدى	اماندىق	76
جارايدى	وزىڭدە	92
جارايدى	اسبولسىن	81
جارايدى	ىنىم	97
جارايدى	ىسىڭ	104
جارايدى	ۇقتىم	83
جارايدى	جولدارىڭ	92
جارايدى	جۇمىسىڭدى	96
جارايدى	تۇسىندىم	97
جارايدى	مازالامايىن	106
جارايدى	تانىسقانىما	105
جارايدى	تانسقانما	74
جارايدى	ەستىدىك	101
تاماق	دەپ	99
تاماق	جوق	93
تاماق	جاقسى	62
تاماق	بولدى	86
تاماق	ەكەن	95
تاماق	بىر	84
تاماق	بار	103
تاماق	ەندى	71
تاماق	قوي	78
تاماق	الى	97
تاماق	الىپ	94
تاماق	بولسا	30
تاماق	بولادى	95
تاماق	نەگە	106
تاماق	تاماق	99
تاماق	اقشا	100
تاماق	ەمەس	103
تاماق	بارما	104
تاماق	ىش	82
تاماق	ىشىپ	46
تاماق	كوپ	15
تاماق	شاي	99
تاماق	بەرىپ	96
تاماق	بولاما	47
تاماق	از	101
تاماق	ىستە	106
تاماق	ىستەپ	98
تاماق	اۋىرىپ	26
تاماق	بەرە	104
تاماق	بەرەيىن	90
تاماق	سالىپ	94
تاماق	جە	79
تاماق	اپارىپ	89
تاماق	ءىش	71
تاماق	ءىشىپ	77
تاماق	بولمايدى	11
تاماق	بەرەم	101
تاماق	جاسا	106
تاماق	جاساپ	85
تاماق	جەپ	18
تاماق	ءالى	49
تاماق	بەرەدى	106
تاماق	ستەپ	103
تاماق	بىردەمە	45
تاماق	شىعارىپ	77
تاماق	اقشاسى	101
تاماق	اكەپ	96
تاماق	پۇل	79
تاماق	بەرمەي	62
تاماق	دايىن	105
تاماق	شىپ	53
تاماق	اسىپ	41
تاماق	بىردەڭە	55
تاماق	ىشتى	91
تاماق	ىشتىڭ	93
تاماق	ىشتىڭبە	63
تاماق	الپ	19
تاماق	اكەلىپ	95
تاماق	ىستەي	92
تاماق	پىسىرىپ	82
تاماق	ىستەيتىن	105
تاماق	ىشەيىك	85
تاماق	جاتاق	39
تاماق	ىشپ	77
تاماق	ىستەيمىن	56
تاماق	ەتىپ	79
تاماق	پۇلى	102
تاماق	پۇلىن	75
تاماق	جەي	79
تاماق	جەيتىن	89
تاماق	ىشتىم	105
تاماق	ىشەتىن	86
تاماق	الدىرىپ	57
تاماق	ىشكىم	94
تاماق	ىشكەن	90
تاماق	جاساعان	71
تاماق	پۇلدى	101
تاماق	جاساي	103
تاماق	ىشەم	71
تاماق	ىشكەلى	83
تاماق	دايىنداپ	44
تاماق	دايار	91
تاماق	ىستەيسىڭ	84
تاماق	ىشەمىز	98
تاماق	ستەي	63
تاماق	ىشەيىن	99
تاماق	ىشپەي	63
تاماق	ىستەيىن	61
تاماق	جاسايتىن	63
تاماق	ىشەدى	79
تاماق	جاسايدى	86
تاماق	ءشىپ	102
تاماق	جاسايمىن	78
تاماق	ستەيمىن	70
تاماق	جەمەي	94
تاماق	ىشپەيمىن	95
تاماق	ىشسە	97
تاماق	ىشسەڭ	105
تاماق	جاسايىن	96
تاماق	ءىستەپ	56
تاماق	ىشكەم	89
تاماق	جەيسىڭ	86
تاماق	ىشەسىڭ	105
تاماق	جاساعالى	84
تاماق	ىستەدىم	69
تاماق	جىلتىپ	98
تاماق	ىشەمىن	101
تاماق	ىشپەدىم	97
تاماق	بەرگەلى	84
تاماق	شەيىك	106
تاماق	ىشتىك	73
تاماق	ىشسەم	82
تاماق	ىستەيىم	96
تاماق	جاسادىم	105
تاماق	ءستەپ	89
تاماق	شەتىن	97
تاماق	سۋىپ	90
تاماق	ىستەدىڭ	103
تاماق	ستەيىن	94
تاماق	پۇلىم	81
تاماق	ىشبەي	104
تاماق	شەيىن	83
تاماق	ىشىڭدەر	99
تاماق	ىشكەندە	74
تاماق	جاساماي	89
تاماق	پۇلىڭ	102
تاماق	شكەن	104
تاماق	ىشتىڭبا	100
تاماق	كوتەرەدى	71
تاماق	ىستەگەلى	96
تاماق	جاسايسىڭ	85
تاماق	ىستەگەم	97
تاماق	ىشسەك	102
تاماق	جاسامادىم	91
تاماق	شتىڭ	88
تاماق	شتىڭبە	86
تاماق	شكەلى	77
تاماق	ىشبەدىم	76
تاماق	جاسادىڭ	102
تاماق	جاسادىڭبا	84
تاماق	ىشپەيدى	87
تاماق	ىشپەسەڭ	101
تاماق	ىشەسىڭبە	91
تاماق	ىشىڭىز	102
تاماق	شپەي	97
تاماق	جەگەلى	90
تاماق	جاسايىم	106
تاماق	جاساپتى	103
تاماق	شەمىز	105
تاماق	ىشسىن	96
تاماق	ىشتڭبە	100
تاماق	ىشتىڭدەر	88
تاماق	ىشتىڭدەرمە	97
تاماق	ءىشە	76
تاماق	شتڭبە	103
تاماق	ىشكەنگە	91
تاماق	ىستەدىڭبە	100
تاماق	ىشڭدەر	100
تاماق	جاساماياق	94
تاماق	ءىشەيىك	104
تاماق	ىشكەمىز	94
تاماق	ستەگەلى	103
تاماق	ىشكەي	103
تاماق	ىشپەدىك	91
تاماق	ىشتىمە	103
تاماق	ىشپەيسىڭبە	104
تاماق	ءىشتىڭبە	105
تاماق	جاسايىنبا	101
تاماق	ءىشكەلى	106
تاماق	ىشتىڭىزبە	102
تاماق	ىشتڭبا	100
تاماق	ىشتڭدەرمە	105
دەي	عوي	104
دەي	سال	42
دەي	بەر	14
دەي	وتىرىپ	36
دەي	المايمىن	14
دەي	بەرسەڭ	27
دەي	المايدى	51
دەي	سالشى	51
دەي	سالايىن	30
دەي	سالام	49
دەي	سالدىم	47
دەي	سالساڭ	33
دەي	سالىڭىز	19
دەيدى	عوي	50
دەيدى	جانىم	12
دەيدى	مەن	62
دەيدى	دەپ	54
دەيدى	جوق	74
دەيدى	جاقسى	91
دەيدى	بولدى	94
دەيدى	ەكەن	92
دەيدى	بىر	40
دەيدى	سول	63
دەيدى	نە	64
دەيدى	بار	81
دەيدى	سەن	105
دەيدى	ەندى	75
دەيدى	ماقۇل	70
دەيدى	قوي	94
دەيدى	ال	66
دەيدى	الىپ	98
دەيدى	وندا	104
دەيدى	يا	90
دەيدى	ەرتەڭ	85
دەيدى	ادام	71
دەيدى	بۇگىن	102
دەيدى	مەندە	82
دەيدى	سودان	87
دەيدى	ماعان	50
دەيدى	بارىپ	64
دەيدى	ەكى	96
دەيدى	مەنى	85
دەيدى	مەنىڭ	93
دەيدى	نەگە	93
دەيدى	ول	103
دەيدى	سەنى	66
دەيدى	ساعان	90
دەيدى	وسى	86
دەيدى	تاماق	89
دەيدى	دەيدى	98
دەيدى	ۇيگە	102
دەيدى	تەلەفون	95
دەيدى	دوسىم	92
دەيدى	كىم	102
دەيدى	اقشا	86
دەيدى	ونى	92
دەيدى	بىراق	88
دەيدى	ۇزى	77
دەيدى	تاعى	105
دەيدى	وي	83
دەيدى	تاڭەرتەڭ	103
دەيدى	بىراز	90
دەيدى	مىنا	96
دەيدى	نەدەگەن	87
دەيدى	باسقا	104
دەيدى	كەشتە	95
دەيدى	ازىر	100
دەيدى	كەشە	92
دەيدى	قايتا	89
دەيدى	انا	104
دەيدى	ۇش	84
دەيدى	سوندا	100
دەيدى	ايتەۋ	63
دەيدى	تۇندە	80
دەيدى	وعان	103
دەيدى	جاڭا	64
دەيدى	سونى	98
دەيدى	بىز	76
دەيدى	ەكەنسىڭ	103
دەيدى	سونىمەن	79
دەيدى	قارا	99
دەيدى	بۇل	97
دەيدى	ودان	101
دەيدى	سوعان	92
دەيدى	مىناۋ	66
دەيدى	ەمەسپە	94
دەيدى	جاڭە	92
دەيدى	بىرەۋ	101
دەيدى	شىن	101
دەيدى	باعانا	98
دەيدى	قايتەم	94
دەيدى	بىلمەيمىن	98
دەيدى	ونىڭ	104
دەيدى	سومەن	104
دەيدى	قۇرسىن	101
دەيدى	اپام	91
دەيدى	عۇي	94
دەيدى	تاۋبا	89
دەيدى	سوسىن	102
دەيدى	دوحتىر	102
دەيدى	اكام	93
دەيدى	اۋەلى	89
قال	جانىم	98
قال	مەن	63
قال	دەپ	67
قال	جاقسى	46
قال	ەندى	44
قال	وندا	66
قال	قالاي	65
قال	جاقسىما	4
قال	سۇراپ	67
قال	جاي	59
قال	جايىڭ	38
قال	جايىڭىز	13
قال	جايلارىڭ	47
قالا	بەرەدى	63
قالا	جاققا	27
قالا	بەرسىن	19
قالا	جازدادى	34
قالا	جازدادىم	26
قالا	جازداپ	14
قالاي	جان	26
قالاي	جانىم	102
قالاي	مەن	53
قالاي	دەپ	87
قالاي	جاقسى	70
قالاي	بولدى	46
قالاي	ەكەن	25
قالاي	بىر	45
قالاي	نە	94
قالاي	نەعىپ	85
قالاي	بولىپ	72
قالاي	راحىمەت	27
قالاي	الىپ	105
قالاي	كەلىپ	97
قالاي	ادام	95
قالاي	بولسا	82
قالاي	بۇگىن	76
قالاي	ماعان	97
قالاي	بولادى	94
قالاي	وسى	46
قالاي	دەيدى	97
قالاي	قالاي	105
قالاي	ايتىپ	52
قالاي	بىرگە	80
قالاي	دوسىم	104
قالاي	امان	46
قالاي	امانشىلىق	66
قالاي	اقشا	101
قالاي	جاقسىما	94
قالاي	ۇزى	9
قالاي	امانسىڭبا	84
قالاي	بولاما	86
قالاي	ىستەپ	81
قالاي	سوندا	98
قالاي	جۇمىس	75
قالاي	وزى	104
قالاي	اعا	96
قالاي	بوپ	97
قالاي	دەسەم	67
قالاي	بالا	100
قالاي	ايتقان	103
قالاي	ايتقانىڭ	93
قالاي	بارام	74
قالاي	عانا	85
قالاي	سونىمەن	102
قالاي	قوسىپ	104
قالاي	ەي	103
قالاي	ايتام	101
قالاي	ويلاپ	97
قالاي	ايتىڭ	82
قالاي	بولسادا	98
قالاي	دەدىم	73
قالاي	تاتتى	89
قالاي	بولاتىن	103
قالاي	بارامىن	100
قالاي	بەرەدى	98
قالاي	دەن	105
قالاي	دەنساۋلىق	103
قالاي	بولدىڭ	75
قالاي	دەنساۋلىعىڭ	105
قالاي	بالالار	83
قالاي	بارامىز	99
قالاي	الام	91
قالاي	دەسەڭ	98
قالاي	باۋىرىم	104
قالاي	دەيسىڭ	86
قالاي	الادى	72
قالاي	الامىن	96
قالاي	جاعداي	98
قالاي	سات	95
قالاي	بولار	102
قالاي	سىڭ	54
قالاي	نەمە	98
قالاي	امانشىلىقپا	85
قالاي	ايتسام	19
قالاي	الاسىڭ	93
قالاي	ەكەنىن	103
قالاي	الامىز	74
قالاي	سۇيكىمدى	91
قالاي	جاقسىڭبا	91
قالاي	جاقسما	68
قالاي	جاقسىزبا	83
قالاي	ىنىم	93
قالاي	قىلاسىڭ	99
قالاي	ادامسىڭ	94
قالاي	بولماسىن	93
قالاي	قىلام	91
قالاي	بولعانى	101
قالاي	كەزىگەمىز	94
قالاي	سەنەم	100
قالاي	ماقان	98
قالاي	ويلاساڭ	50
قالاي	ويلايدى	77
قالاي	الۋعا	103
قالاي	ويلايسىڭ	100
قالاي	تانيسىڭ	81
قالاي	قىلسام	97
قالاي	ىستەسەم	101
قالاي	جاقسىڭدارما	104
قالاي	قىلامىز	104
قالاي	ايتساڭدا	80
قالاي	سويلەيسىڭ	88
قالاي	قارايسىڭ	95
قالاي	ايتسامدا	67
قالاي	سۇيلەيسىڭ	100
قالاي	ىستەتەدى	95
قالاي	ويلاۋ	105
قالاي	نەمەسىڭ	97
قالاي	ويلاساڭدا	95
قالاي	قارايسىڭدار	97
قالاي	قارايسىز	102
ۇي	عوي	105
ۇي	جانىم	71
ۇي	مەن	19
ۇي	دەپ	57
ۇي	جوق	72
ۇي	بول	51
ۇي	جاقسى	81
ۇي	بولدى	75
ۇي	ەكەن	69
ۇي	بىر	66
ۇي	سول	82
ۇي	نە	82
ۇي	نەعىپ	50
ۇي	بار	80
ۇي	سەن	47
ۇي	ەندى	52
ۇي	بولىپ	72
ۇي	راحىمەت	77
ۇي	قوي	75
ۇي	ال	44
ۇي	الى	88
ۇي	الىپ	93
ۇي	وندا	42
ۇي	بولسا	85
ۇي	ماعان	56
ۇي	ەكى	97
ۇي	مەنىڭ	91
ۇي	قاي	93
ۇي	نەگە	86
ۇي	ول	53
ۇي	قايدا	67
ۇي	ساعان	59
ۇي	جارايدى	78
ۇي	تاماق	85
ۇي	ۇي	97
ۇي	دوسىم	77
ۇي	قالدى	80
ۇي	دەگەن	94
ۇي	ەمەس	72
ۇي	بارما	85
ۇي	ونى	61
ۇي	قانشا	94
ۇي	ىش	96
ۇي	ىشى	58
ۇي	قويشى	87
ۇي	كوپ	72
ۇي	قۇتتى	86
ۇي	مىنا	73
ۇي	نەدەگەن	91
ۇي	راس	89
ۇي	الدىم	66
ۇي	تەز	91
ۇي	اعا	92
ۇي	قايداسىڭ	93
ۇي	كورىپ	83
ۇي	بارسىڭبا	86
ۇي	وعان	57
ۇي	بالا	94
ۇي	تاۋىپ	58
ۇي	الايىن	68
ۇي	سالىپ	91
ۇي	بولعان	73
ۇي	كەرەمەت	90
ۇي	جەجە	97
ۇي	كۇپ	97
ۇي	مىناۋ	92
ۇي	جامان	84
ۇي	اينالايىن	92
ۇي	شىن	81
ۇي	بولمايدى	92
ۇي	العان	90
ۇي	الاتىن	79
ۇي	نەبولدى	74
ۇي	سويلە	79
ۇي	جوعا	75
ۇي	جاققا	50
ۇي	ماي	17
ۇي	جىندى	92
ۇي	بالام	74
ۇي	سۇيلە	95
ۇي	ىزدەپ	72
ۇي	الام	75
ۇي	سۋىق	87
ۇي	ۇيتىپ	65
ۇي	الامىن	94
ۇي	ۇستاپ	91
ۇي	ساتىپ	71
ۇي	تازالاپ	80
ۇي	قۇداي	18
ۇي	جاقتا	87
ۇي	كۇنىم	61
ۇي	نەدەيدى	68
ۇي	باي	87
ۇي	جىلى	87
ۇي	ىراس	83
ۇي	تاۋبا	97
ۇي	وڭباعان	97
ۇي	الامىز	65
ۇي	الايىق	85
ۇي	ساتىلادى	87
ۇي	ساتاتىن	63
ۇي	جوندەپ	78
ۇي	ماۋباس	95
ۇي	دانىم	70
ۇي	جاقتان	84
ۇي	بولۋ	91
ۇي	سالاتىن	86
ۇي	جۇندەپ	97
ۇي	ەسەك	94
ۇي	مايلاپ	97
ۇي	جيىپ	41
ۇي	جايىپ	94
ۇي	جيناپ	94
ۇي	قورا	73
ۇي	قاعىپ	86
ۇي	العالى	60
ۇي	الباستى	96
ۇي	جۇمىسى	89
ۇي	سۇىق	94
ۇي	بالە	95
ۇي	جاقا	60
ۇي	بەتىن	62
ۇي	ماڭقا	87
ۇي	يەسى	87
ۇي	تىگىپ	96
ۇي	رەتتەپ	92
ۇي	مايعا	97
ۇي	مايلايتىن	92
ۇي	اقتاپ	92
ۇي	جىيناپ	70
ۇي	شارۋاسى	97
ۇي	جاقعا	89
ۇي	تازالادىم	89
ۇي	تازالايىن	74
ۇي	اكتەپ	73
ۇي	توبالاپ	78
ۇي	تازالايمىن	85
ۇي	ىشتەرىڭ	80
ۇي	ىشىمەن	89
ۇي	ىشىمىزبەن	94
ۇيدە	عوي	89
ۇيدە	جانىم	62
ۇيدە	مەن	63
ۇيدە	دەپ	69
ۇيدە	جوق	86
ۇيدە	بول	46
ۇيدە	جاقسى	95
ۇيدە	ەكەن	100
ۇيدە	بىر	65
ۇيدە	سول	55
ۇيدە	نە	19
ۇيدە	نەعىپ	74
ۇيدە	بار	77
ۇيدە	سەن	63
ۇيدە	ەندى	86
ۇيدە	بولىپ	71
ۇيدە	جات	87
ۇيدە	جاتىر	94
ۇيدە	جاتىرسىڭ	62
ۇيدە	قوي	100
ۇيدە	كەلىپ	98
ۇيدە	ەرتەڭ	92
ۇيدە	ادام	88
ۇيدە	بولسا	48
ۇيدە	بۇگىن	72
ۇيدە	تۇر	72
ۇيدە	مەندە	79
ۇيدە	بارى	101
ۇيدە	ەكى	99
ۇيدە	بولادى	77
ۇيدە	جاتىرمى	90
ۇيدە	جاتىرمىن	100
ۇيدە	ول	15
ۇيدە	سەنى	91
ۇيدە	تاماق	92
ۇيدە	ۇي	42
ۇيدە	ۇيدە	76
ۇيدە	تەلەفون	89
ۇيدە	ايت	83
ۇيدە	وتىر	101
ۇيدە	وتىرمىن	69
ۇيدە	دوسىم	30
ۇيدە	كىم	83
ۇيدە	قالدى	50
ۇيدە	اقشا	82
ۇيدە	ەمەس	101
ۇيدە	بارما	81
ۇيدە	ۇزىڭ	84
ۇيدە	قاربالاس	75
ۇيدە	ىشىپ	80
ۇيدە	كوپ	96
ۇيدە	بىراز	99
ۇيدە	مىن	75
ۇيدە	شاي	59
ۇيدە	بولام	48
ۇيدە	ازىر	82
ۇيدە	جۇر	86
ۇيدە	كەشە	87
ۇيدە	ۇيقتاپ	100
ۇيدە	قايتىپ	76
ۇيدە	ۇش	101
ۇيدە	جۇمىس	101
ۇيدە	وزىڭ	66
ۇيدە	ايتتىڭ	88
ۇيدە	اۋىرىپ	94
ۇيدە	بارسىڭبا	99
ۇيدە	بالا	73
ۇيدە	تۇرىپ	83
ۇيدە	جاڭا	101
ۇيدە	ايتقا	87
ۇيدە	جۇرمىن	98
ۇيدە	بولعان	74
ۇيدە	ەكەنسىڭ	90
ۇيدە	جاتىپ	104
ۇيدە	ۇلكەن	61
ۇيدە	مال	87
ۇيدە	قالعان	63
ۇيدە	بولدىم	81
ۇيدە	جاڭە	78
ۇيدە	جاتقان	92
ۇيدە	بىرەۋ	78
ۇيدە	جاتىرمىز	96
ۇيدە	ايتىڭ	61
ۇيدە	جۇرگەن	99
ۇيدە	جالعىز	96
ۇيدە	بولاتىن	53
ۇيدە	جۇرىپ	76
ۇيدە	بەكەر	92
ۇيدە	كىسى	70
ۇيدە	بولساڭ	53
ۇيدە	نان	59
ۇيدە	تۇرعان	70
ۇيدە	توسىپ	97
ۇيدە	وتىرمىز	94
ۇيدە	دەم	76
ۇيدە	سۋ	90
ۇيدە	بالام	93
ۇيدە	ۇيىقتاپ	100
ۇيدە	سۇت	100
ۇيدە	كىر	94
ۇيدە	بالالار	75
ۇيدە	وتىرىپ	84
ۇيدە	قالىپ	63
ۇيدە	قالىپتى	86
ۇيدە	قولايسىز	102
ۇيدە	وتىرعان	94
ۇيدە	اپام	82
ۇيدە	دەمالىپ	88
ۇيدە	ەشكىم	70
ۇيدە	كسى	77
ۇيدە	ساي	65
ۇيدە	قوناق	91
ۇيدە	ۇن	64
ۇيدە	تۇك	101
ۇيدە	مەكەن	99
ۇيدە	بولسام	103
ۇيدە	جاتىرسىڭبا	83
ۇيدە	جاتتىم	95
ۇيدە	توك	81
ۇيدە	مالعا	96
ۇيدە	باياعى	63
ۇيدە	شەشەم	91
ۇيدە	جاتا	96
ۇيدە	جوقسىڭ	89
ۇيدە	جاتسام	86
ۇيدە	ەمەسپىن	100
ۇيدە	جۇرگەندە	88
ۇيدە	بولامىن	93
ۇيدە	وتىرا	81
ۇيدە	جاترمىن	91
ۇيدە	جاتايىن	97
ۇيدە	جاتام	98
ۇيدە	ۇساق	99
ۇيدە	ايۋ	87
ۇيدە	بارسىزبا	99
ۇيدە	جوقپىن	96
ۇيدە	جاتساڭ	67
ۇيدە	زەرىگىپ	101
ۇيدە	ىشكىم	100
ۇيدە	جاتادى	104
ۇيدە	جاتىرىم	103
ۇيدە	وتىرعاندا	101
ۇيدە	جاتتىق	99
ۇيدە	سىڭبا	76
ۇيدە	بولامىز	78
ۇيدە	بولساڭىز	103
ۇيدە	وتىرساڭ	101
ۇيدە	مەيمان	102
ۇيدە	بولاسىڭبا	100
ۇيدە	جاتىق	78
ۇيدە	جالعىزسىڭبا	89
ۇيدە	جوقبىن	96
ۇيدە	جاتىس	97
ۇيدە	جالعىزبىن	95
ۇيدە	جوقپىز	100
ۇيدە	سىڭبە	102
ۇيگە	جانىم	84
ۇيگە	مەن	74
ۇيگە	دەپ	94
ۇيگە	بىر	90
ۇيگە	نە	61
ۇيگە	بار	101
ۇيگە	ەندى	72
ۇيگە	جات	41
ۇيگە	الى	97
ۇيگە	الىپ	92
ۇيگە	كەل	64
ۇيگە	كەلىپ	23
ۇيگە	ەرتە	12
ۇيگە	ەرتەڭ	104
ۇيگە	ادام	92
ۇيگە	بۇگىن	94
ۇيگە	بارىپ	94
ۇيگە	ەكى	16
ۇيگە	نەگە	95
ۇيگە	تاماق	76
ۇيگە	تەلەفون	88
ۇيگە	ايت	104
ۇيگە	وت	92
ۇيگە	امان	74
ۇيگە	كەتتى	95
ۇيگە	بىراق	90
ۇيگە	قاشان	79
ۇيگە	كەتىپ	74
ۇيگە	بىراز	50
ۇيگە	شاي	100
ۇيگە	از	91
ۇيگە	ازىر	90
ۇيگە	كەلسىن	53
ۇيگە	قايت	93
ۇيگە	قايتا	82
ۇيگە	قايتىپ	78
ۇيگە	كەتتىم	45
ۇيگە	كەلدى	82
ۇيگە	كەلدىم	82
ۇيگە	شىعىپ	29
ۇيگە	جاڭا	81
ۇيگە	بارا	46
ۇيگە	بارام	66
ۇيگە	كەلە	60
ۇيگە	جاتىپ	57
ۇيگە	قاراپ	79
ۇيگە	قازىر	95
ۇيگە	تۇسىپ	92
ۇيگە	اپارىپ	101
ۇيگە	جاڭە	52
ۇيگە	كەلەدى	40
ۇيگە	جاي	85
ۇيگە	كەپ	100
ۇيگە	قويىپ	45
ۇيگە	بىرەۋ	83
ۇيگە	كەتكەن	98
ۇيگە	بارايىن	102
ۇيگە	باراتىن	67
ۇيگە	ءالى	78
ۇيگە	نارسە	104
ۇيگە	بارامىن	99
ۇيگە	ارەڭ	70
ۇيگە	كىسى	79
ۇيگە	كەلگەن	60
ۇيگە	كەلمە	66
ۇيگە	كەلمەي	98
ۇيگە	دەيىن	84
ۇيگە	قويا	103
ۇيگە	تاستاپ	101
ۇيگە	ىزدەپ	79
ۇيگە	كىر	102
ۇيگە	كىرىپ	87
ۇيگە	شعىپ	45
ۇيگە	كەلسە	96
ۇيگە	بارامىز	83
ۇيگە	بارعان	82
ۇيگە	بارعاندا	62
ۇيگە	ەرتىپ	35
ۇيگە	اكەپ	80
ۇيگە	كەلگەندە	64
ۇيگە	قاراي	56
ۇيگە	بارادى	69
ۇيگە	جەتىپ	96
ۇيگە	كەلەتىن	57
ۇيگە	بارسا	84
ۇيگە	بارسام	101
ۇيگە	جاقىن	67
ۇيگە	كسى	100
ۇيگە	كەلەسىڭ	66
ۇيگە	شاقىرىپ	98
ۇيگە	كەتەم	94
ۇيگە	قوناق	92
ۇيگە	كىرە	69
ۇيگە	بارايىق	83
ۇيگە	كەلدىك	87
ۇيگە	قايتام	73
ۇيگە	تاياپ	67
ۇيگە	كەلسەڭ	77
ۇيگە	ءازىر	70
ۇيگە	ايتتاپ	87
ۇيگە	كەلىڭدەر	35
ۇيگە	كەلشى	55
ۇيگە	قايتاتىن	78
ۇيگە	كەلەم	89
ۇيگە	بارماي	95
ۇيگە	بارمايمىن	90
ۇيگە	جاتا	93
ۇيگە	كەتەيىن	92
ۇيگە	تاماققا	99
ۇيگە	اكەلىپ	103
ۇيگە	كەلەسىڭبە	73
ۇيگە	كەلگەم	72
ۇيگە	باراسىڭبا	66
ۇيگە	بارپ	86
ۇيگە	بارساڭ	77
ۇيگە	باردىڭبا	78
ۇيگە	كەلپ	69
ۇيگە	قايتتىم	81
ۇيگە	كەلدىڭبە	63
ۇيگە	كەلىپتى	70
ۇيگە	قايتامىن	102
ۇيگە	باردىم	80
ۇيگە	قايتايىن	94
ۇيگە	بارعام	71
ۇيگە	ايتاپ	94
ۇيگە	قايتامىز	63
ۇيگە	بارعىم	99
ۇيگە	بارعالى	99
ۇيگە	كىرگىزىپ	102
ۇيگە	كەلگەنشە	91
ۇيگە	كەلمەيسىڭبە	104
ۇيگە	كەلىڭىز	73
ۇيگە	قايتتىڭبا	76
ۇيگە	كەلىڭىزدەر	79
ۇيگە	بارمادىم	77
ۇيگە	قايتقان	101
ۇيگە	قايتقاندا	96
ۇيگە	كوشىپ	79
ۇيگە	قايىت	103
ۇيگە	كەلسەم	94
ۇيگە	كىردىم	71
ۇيگە	قايتىم	71
ۇيگە	بارعانشا	86
ۇيگە	قايتىڭبا	98
ۇيگە	اپارا	88
ۇيگە	گەلىپ	98
ۇيگە	ايتشىلاپ	100
ۇيگە	كەلڭدەر	80
ۇيگە	قايتاسىڭبا	86
ۇيگە	قايتقالى	83
ۇيگە	مەيمان	90
ۇيگە	كەلدىڭبا	104
ۇيگە	بارعانسوڭ	95
ۇيگە	ۇدىل	81
ۇيگە	كىرمەي	96
ۇيگە	قايتپاي	91
ۇيگە	بارعاننان	100
ۇيگە	كىرگەندە	103
ۇيگە	كىرسەم	98
تەلەفون	مەن	97
تەلەفون	جوق	80
تەلەفون	جاقسى	66
تەلەفون	بىر	65
تەلەفون	نە	99
تەلەفون	بار	102
تەلەفون	ەندى	89
تەلەفون	ال	79
تەلەفون	الىپ	61
تەلەفون	كەلىپ	53
تەلەفون	نەگە	45
تەلەفون	ول	53
تەلەفون	ۇيدە	85
تەلەفون	تەلەفون	76
تەلەفون	بارما	96
تەلەفون	كوپ	97
تەلەفون	بەر	88
تەلەفون	بەرىپ	89
تەلەفون	الماي	62
تەلەفون	الدى	31
تەلەفون	بەرەيىن	102
تەلەفون	كەلدى	101
تەلەفون	كورىپ	77
تەلەفون	الايىن	39
تەلەفون	قاراپ	103
تەلەفون	سوعا	86
تەلەفون	كۇپ	73
تەلەفون	سۇراپ	101
تەلەفون	جاڭە	102
تەلەفون	كەپ	99
تەلەفون	اشىپ	82
تەلەفون	كۇرىپ	67
تەلەفون	العان	48
تەلەفون	ويناپ	102
تەلەفون	الاتىن	66
تەلەفون	نان	97
تەلەفون	تارتىپ	76
تەلەفون	كەلسە	94
تەلەفون	اشىق	93
تەلەفون	قاراي	92
تەلەفون	قايتار	79
تەلەفون	ۇر	58
تەلەفون	ۇرىپ	45
تەلەفون	اقى	19
تەلەفون	المايسىڭ	91
تەلەفون	كورە	30
تەلەفون	ۇستاپ	91
تەلەفون	المادى	85
تەلەفون	تازالاپ	64
تەلەفون	بەردى	83
تەلەفون	المايدى	94
تەلەفون	تۇك	52
تەلەفون	سوعىپ	84
تەلەفون	جاۋىپ	19
تەلەفون	توقتاپ	101
تەلەفون	نەكە	37
تەلەفون	توك	99
تەلەفون	كۇرە	81
تەلەفون	نومىر	103
تەلەفون	نومىرى	73
تەلەفون	نومىرىن	57
تەلەفون	سويلەسىپ	38
تەلەفون	نۇمىر	88
تەلەفون	نۇمىرى	79
تەلەفون	نۇمىرىن	60
تەلەفون	بەرسەم	48
تەلەفون	المايتىن	84
تەلەفون	قاراماي	89
تەلەفون	ۇرسا	104
تەلەفون	ۇرسام	68
تەلەفون	سۇيلەسىپ	25
تەلەفون	الشى	96
تەلەفون	الماساڭ	62
تەلەفون	نى	88
تەلەفون	الدىما	95
تەلەفون	كورمە	103
تەلەفون	كورمەي	101
تەلەفون	قارايتىن	85
تەلەفون	ۇرا	94
تەلەفون	ۇرايىن	71
تەلەفون	تەكسەرىپ	55
تەلەفون	الۋ	100
تەلەفون	المادىڭ	89
تەلەفون	ارقىلى	65
تەلەفون	بۇزىلىپ	85
تەلەفون	تارتپاي	87
تەلەفون	كۇرمەي	54
تەلەفون	نومىرىڭدى	93
تەلەفون	جالعاپ	50
تەلەفون	نۇمىرىڭدى	97
تەلەفون	ۇرىپتى	55
تەلەفون	ۇرادى	44
تەلەفون	قاشالاپ	72
تەلەفون	ۇرعان	78
تەلەفون	ۇردى	62
تەلەفون	سوق	59
تەلەفون	اشاتىن	47
تەلەفون	ۇرام	94
تەلەفون	الۋعا	64
تەلەفون	داۋسى	93
تەلەفون	بەرىپتى	97
تەلەفون	ۇردىم	86
تەلەفون	اشتىم	68
تەلەفون	اشايىن	98
تەلەفون	داۋسىن	100
تەلەفون	گۋانجي	83
تەلەفون	نومىرىم	75
تەلەفون	شۇقىلاپ	55
تەلەفون	سوقتى	49
تەلەفون	ۇرشى	63
تەلەفون	سوقسا	61
تەلەفون	سوقسام	75
تەلەفون	تارتاتىن	55
تەلەفون	ۇرپتى	90
تەلەفون	ۇراتىن	60
تەلەفون	تارتباي	90
تەلەفون	سوعىپتى	79
تەلەفون	سوققان	52
تەلەفون	ۇرما	73
تەلەفون	تارتپايدى	80
تەلەفون	ۇرعاندا	70
تەلەفون	قايتارشى	73
تەلەفون	شۇقىپ	62
تەلەفون	ۇرساڭ	75
تەلەفون	سوعايىن	73
تەلەفون	ۇرامىن	62
تەلەفون	نۇمىرىم	74
تەلەفون	ۇرماي	78
تەلەفون	ۇرايىنبا	95
تەلەفون	ۇرمادى	88
تەلەفون	تيڭجي	88
تەلەفون	ۇرعام	77
تەلەفون	تۇگى	90
تەلەفون	توگى	95
تەلەفون	سوقتىم	95
تەلەفون	سوعادى	77
تەلەفون	ۇردىڭ	84
تەلەفون	نومىرىڭىزدى	88
تەلەفون	ىڭدى	76
تەلەفون	ۇردىڭبا	103
تەلەفون	سوقپا	77
تەلەفون	نومەر	94
تەلەفون	نومەرىن	96
تەلەفون	سوعام	95
تەلەفون	ۇردىما	73
تەلەفون	تارتبايدى	85
تەلەفون	نۇمىرىڭىزدى	88
تەلەفون	ويناماي	85
تەلەفون	تۇقتاپ	98
تەلەفون	سوقشى	94
تەلەفون	نومىرىمدى	74
تەلەفون	ۇرىپسىڭ	97
تەلەفون	نۇمىرڭدى	80
تەلەفون	المايسىز	97
تەلەفون	ءنومىرى	96
تەلەفون	كالى	92
تەلەفون	تىڭجىي	104
تەلەفون	شۇڭلاپ	91
تەلەفون	نۇمىرىمدى	98
تەلەفون	ۇرسىن	102
تەلەفون	نومىرڭدى	86
تەلەفون	سوققاندا	98
تەلەفون	ۇرىڭىز	82
تەلەفون	ءنومىرىن	81
تەلەفون	سوقتىڭ	97
تەلەفون	المادىڭىز	97
تەلەفون	سوعپتى	99
تەلەفون	سوعاتىن	80
تەلەفون	تڭجي	99
تەلەفون	تارتپايتىن	97
تەلەفون	سوققام	100
تەلەفون	ۇرپسىڭ	104
تەلەفون	سوقتىڭبا	94
تەلەفون	سوقساڭ	90
تەلەفون	قايتارسىن	92
تەلەفون	نومەرىڭدى	96
تەلەفون	تىڭجي	103
تەلەفون	ۇرساق	103
تەلەفون	سوقتىما	101
تەلەفون	سوعامىن	102
تەلەفون	نىڭدى	94
تەلەفون	سوعىپسىڭ	93
تەلەفون	سوعىڭىز	87
تەلەفون	سوقسىن	95
تەلەفون	سوعايىنبا	100
تەلەفون	شۇقىلاماي	99
تەلەفون	نىمدى	99
اي	عوي	102
اي	جانىم	88
اي	مەن	25
اي	دەپ	39
اي	جوق	49
اي	جاقسى	76
اي	بولدى	55
اي	ەكەن	18
اي	بىر	91
اي	سول	61
اي	نە	51
اي	نەعىپ	64
اي	بار	67
اي	سەن	63
اي	ەندى	41
اي	بولىپ	59
اي	راحىمەت	66
اي	قوي	84
اي	وندا	66
اي	يا	69
اي	ەرتەڭ	81
اي	ادام	83
اي	بولسا	87
اي	بۇگىن	91
اي	مەندە	74
اي	ماعان	79
اي	ەكى	69
اي	مەنى	87
اي	مەنىڭ	80
اي	بولادى	72
اي	نەگە	80
اي	ول	88
اي	قايدا	65
اي	سەنى	85
اي	ساعان	79
اي	وسى	76
اي	جارايدى	56
اي	دەيدى	94
اي	قالاي	95
اي	ۇي	79
اي	اي	91
اي	كۇن	56
اي	دوسىم	91
اي	كىم	58
اي	قالدى	34
اي	اقشا	83
اي	دەگەن	95
اي	كۇنى	73
اي	ەمەس	66
اي	ونى	89
اي	بىراق	88
اي	قاشان	76
اي	قويشى	93
اي	مىنا	69
اي	نەدەگەن	79
اي	قانداي	79
اي	سەنىڭ	84
اي	راس	78
اي	ىستەپ	92
اي	انا	85
اي	قايتىپ	79
اي	ايتەۋ	97
اي	اعا	88
اي	بوپ	96
اي	قايداسىڭ	94
اي	بارسىڭبا	96
اي	وعان	65
اي	بالا	74
اي	جاڭا	69
اي	سەندە	65
اي	بىز	82
اي	عانا	94
اي	قيىن	77
اي	بولعان	86
اي	ۋاقىت	66
اي	مىناۋ	86
اي	قىز	88
اي	دەشى	80
اي	اينالايىن	22
اي	بولىپتى	89
اي	بولماي	92
اي	قىزدار	95
اي	امال	92
اي	بولسادا	88
اي	الگى	96
اي	ونداي	89
اي	بەكەر	91
اي	بۇرىن	94
اي	نەبولدى	89
اي	سويلە	92
اي	بىلمەي	93
اي	بىلمەيمىن	81
اي	جوعا	72
اي	باسى	89
اي	جىندى	92
اي	سۇيلە	62
اي	قۇرسىن	91
اي	شىركىن	94
اي	قاتىن	71
اي	ىشىندە	95
اي	قۇداي	95
اي	كۇنىم	86
اي	جارايسىڭ	94
اي	بارلىقتارىڭىزعا	97
اي	سايىن	95
اي	وڭباعان	25
اي	مول	88
اي	تەگى	89
اي	بولايىن	84
اي	ماۋباس	78
اي	ومىر	82
اي	ۇمىر	91
اي	قارعام	93
اي	جاقسىلىق	91
اي	جندى	70
اي	بارشاڭىزعا	94
اي	قاۋىپتى	91
اي	سوڭىندا	91
اي	جارىلقاسىن	90
اي	جاقسىلىعىن	82
ايت	عوي	95
ايت	جانىم	83
ايت	مەن	47
ايت	دەپ	49
ايت	بولدى	42
ايت	ەكەن	76
ايت	بىر	64
ايت	نە	80
ايت	سەن	76
ايت	ەندى	85
ايت	بولىپ	73
ايت	قوي	74
ايت	وندا	52
ايت	ەرتەڭ	65
ايت	قابىل	79
ايت	بولسا	8
ايت	مەندە	70
ايت	سودان	80
ايت	ماعان	91
ايت	مەنى	70
ايت	بولادى	85
ايت	ول	81
ايت	دەيدى	84
ايت	ايت	71
ايت	دەگەن	81
ايت	كۇنى	73
ايت	قاشان	31
ايت	قۇتتى	65
ايت	بولاما	82
ايت	تەز	82
ايت	دەسەم	81
ايت	كەلدى	81
ايت	كەزدە	79
ايت	كەلە	90
ايت	ەمەسپە	71
ايت	دەدىم	88
ايت	جاساپ	76
ايت	وتە	55
ايت	تاياپ	89
ايت	مەرەكە	80
ايت	مەرەكەلەرىڭ	76
ايت	مەرەكەلەرىڭىز	43
ايت	مەرەكەڭ	19
ايت	وتكەن	22
ايت	وتكىزىپ	67
ايت	جاساي	82
ايت	ۇتكەن	90
ايت	جاسايتىن	70
ايت	قابل	86
ايت	جاسايمىن	63
ايت	كەدەيىن	84
ايت	شىلاپ	88
ايت	مەرەكەڭىز	36
ايت	مەرەكەسى	46
ايت	كەشەيىن	74
ايت	بولعالى	84
ايت	كەلۋ	80
ايت	جاسامايمىن	79
ايت	وتسە	90
ايت	ناماز	84
ايت	نامازعا	90
ايت	جاسادىڭبا	78
ايت	ۇتسە	84
ايت	وتسىن	83
ايت	جاسايسىڭبا	83
ايت	ۇتسىن	86
ايت	وتكەنسوڭ	82
ايت	شلاپ	82
ايت	ۇتكەنسوڭ	80
ايتى	عوي	88
ايتى	دەپ	14
ايتى	قابىل	15
ايتى	دەيدى	36
ايتى	دەمە	19
ايتىپ	عوي	35
ايتىپ	مەن	84
ايتىپ	دەپ	91
ايتىپ	جوق	98
ايتىپ	جاقسى	103
ايتىپ	بىر	97
ايتىپ	سول	74
ايتىپ	نە	102
ايتىپ	سەن	67
ايتىپ	ەندى	101
ايتىپ	جاتىر	100
ايتىپ	جاتىرسىڭ	32
ايتىپ	قوي	63
ايتىپ	ال	19
ايتىپ	الىپ	71
ايتىپ	تۇر	55
ايتىپ	سودان	51
ايتىپ	ماعان	89
ايتىپ	بارىپ	92
ايتىپ	مەنى	97
ايتىپ	جاتىرمىن	83
ايتىپ	سەنى	25
ايتىپ	تاماق	98
ايتىپ	قال	96
ايتىپ	ايتىپ	85
ايتىپ	وتىر	50
ايتىپ	وتىرمىن	21
ايتىپ	كەت	23
ايتىپ	كەتتى	98
ايتىپ	قالدى	79
ايتىپ	قويشى	92
ايتىپ	كەتىپ	61
ايتىپ	بىراز	93
ايتىپ	شاي	90
ايتىپ	بەر	98
ايتىپ	بەرىپ	70
ايتىپ	ەدى	79
ايتىپ	جۇر	69
ايتىپ	جولداپ	55
ايتىپ	الدىم	98
ايتىپ	كەتتىم	97
ايتىپ	بەرە	88
ايتىپ	بەرەيىن	93
ايتىپ	قويدى	48
ايتىپ	قويدىم	89
ايتىپ	كور	22
ايتىپ	تۇرىپ	58
ايتىپ	ەدىم	97
ايتىپ	جۇرمىن	48
ايتىپ	الايىن	69
ايتىپ	كەلە	85
ايتىپ	بولعان	87
ايتىپ	جاتىپ	101
ايتىپ	تۇرمىن	100
ايتىپ	الدىڭ	52
ايتىپ	بولدىم	92
ايتىپ	كەتتىڭ	74
ايتىپ	قالدىڭ	72
ايتىپ	جاتقان	102
ايتىپ	قويىپ	43
ايتىپ	كەتكەن	56
ايتىپ	كۇر	95
ايتىپ	جاتىرمىز	66
ايتىپ	جۇرە	79
ايتىپ	جۇرگەن	103
ايتىپ	العان	66
ايتىپ	بەرەم	102
ايتىپ	جۇرىپ	57
ايتىپ	جۇرسىڭ	78
ايتىپ	قايتەم	79
ايتىپ	بەرشى	92
ايتىپ	بەرەدى	64
ايتىپ	ەدىڭ	81
ايتىپ	تۇرعان	63
ايتىپ	وتىرمىز	69
ايتىپ	قويا	67
ايتىپ	قويايىن	94
ايتىپ	بولدىڭ	29
ايتىپ	تاستا	98
ايتىپ	تاستاپ	72
ايتىپ	وتىرسىڭ	96
ايتىپ	وتىرىپ	44
ايتىپ	بەرەتىن	73
ايتىپ	بەرەمىن	94
ايتىپ	وتىرعان	69
ايتىپ	بەرسەڭ	51
ايتىپ	كورەيىن	87
ايتىپ	ۇتىر	56
ايتىپ	قايتەسىڭ	101
ايتىپ	بەرگەن	100
ايتىپ	بەردى	92
ايتىپ	بەردىم	94
ايتىپ	قويدىڭ	87
ايتىپ	جاتسىڭ	93
ايتىپ	تۇرسىڭ	92
ايتىپ	جاتىرسىڭبا	62
ايتىپ	قويسا	101
ايتىپ	قويساڭ	87
ايتىپ	جىلاپ	48
ايتىپ	كەلەم	99
ايتىپ	قويعان	85
ايتىپ	جۇرمە	69
ايتىپ	تۇرسا	81
ايتىپ	كۇرەيىن	101
ايتىپ	جۇرەتىن	66
ايتىپ	الداپ	92
ايتىپ	تۇرما	100
ايتىپ	قويىپتى	101
ايتىپ	كورشى	83
ايتىپ	تۇرساڭ	78
ايتىپ	قويعام	96
ايتىپ	جاتسا	55
ايتىپ	قويام	81
ايتىپ	قويادى	72
ايتىپ	جاتىرما	74
ايتىپ	وتىرسىڭبا	93
ايتىپ	جاتسام	84
ايتىپ	جاتر	76
ايتىپ	بۇيتىپ	93
ايتىپ	كورگەن	70
ايتىپ	وتىرايىق	97
ايتىپ	ەدىك	87
ايتىپ	قويىڭىز	102
ايتىپ	كۇرشى	63
ايتىپ	جاترمىن	84
ايتىپ	جاتقام	84
ايتىپ	جىبەر	97
ايتىپ	تاستادىم	85
ايتىپ	جۇرمەسىن	73
ايتىپ	قويپتى	95
ايتىپ	قويسام	89
ايتىپ	قوياتىن	87
ايتىپ	كەلەمىن	102
ايتىپ	كەتىڭ	88
ايتىپ	تۇرسىڭبا	98
ايتىپ	كورسەڭ	90
ايتىپ	كەتكەم	99
ايتىپ	قويايىق	102
ايتىپ	جاتساڭ	103
ايتىپ	وتىرعام	100
ايتىپ	تۇرسام	86
ايتىپ	وتر	98
ايتىپ	وترمىن	93
ايتىپ	قويدىق	88
ايتىپ	تۇرعام	91
ايتىپ	بەرسەڭىز	92
ايتىپ	كورمەدىم	98
ايتىپ	قويامىن	95
ايتىپ	قۇيدىم	83
ايتىپ	كورىڭىز	81
ايتىپ	وتىراتىن	96
ايتىپ	قويىڭىزدار	90
ايتىپ	وتىرادى	93
ايتىپ	بولعانشا	91
ايتىپ	قويماي	97
ايتىپ	وتىرما	103
ايتىپ	جاتىرىم	92
ايتىپ	تۇرايىق	92
ايتىپ	وتىردى	98
ايتىپ	كورگەم	103
ايتىپ	كۇرمەدىم	98
ايتىپ	قوياسىڭ	96
ايتىپ	وتىرسا	98
ايتىپ	وتىرسام	101
ايتىپ	قويدىڭبا	93
ايتىپ	جاتقانىم	90
ايتىپ	تاستاعام	60
ايتىپ	جاتقانىڭ	101
ايتىپ	جاتقانىڭا	99
ايتىپ	قويىڭدار	88
ايتىپ	وتىرىم	86
ايتىپ	وتىرساڭ	97
ايتىپ	تۇسىندىرىپ	101
ايتىپ	قويساڭىز	91
ايتىپ	بولعام	81
ايتىپ	قۇيايىن	102
ايتىپ	وتىرىڭدار	85
ايتىپ	جىبەرشى	99
ايتىپ	وتىرساق	100
ايتىپ	ۇتىرمىن	102
ايتىپ	قويڭىز	102
ايتىپ	وتىرىڭىز	89
ايتىپ	وترسىڭ	85
ايتىپ	سۇراما	98
ايتىپ	سىرلاسىپ	83
ايتىپ	قويعامىن	96
ايتىپ	جەتكىزە	89
ايتىپ	قويمايسىڭبا	84
ايتىپ	وتىرعانىم	95
ايتىپ	قويعانىم	95
ايتىپ	مۇيتىپ	99
بىرگە	بول	99
بىرگە	بولسى	90
بىرگە	بولسىن	99
بىرگە	ەكەن	4
بىرگە	بىر	99
بىرگە	بار	56
بىرگە	بولىپ	102
بىرگە	الىپ	60
بىرگە	كەلىپ	87
بىرگە	قابىل	83
بىرگە	بولسا	88
بىرگە	بارىپ	95
بىرگە	بولا	53
بىرگە	بولادى	76
بىرگە	تاماق	99
بىرگە	بىرگە	46
بىرگە	وتىر	76
بىرگە	ىشىپ	100
بىرگە	كەتىپ	84
بىرگە	شاي	87
بىرگە	بولام	82
بىرگە	ىستەپ	92
بىرگە	جۇر	77
بىرگە	قايتىپ	87
بىرگە	جۇمىس	97
بىرگە	بوپ	90
بىرگە	شىعىپ	97
بىرگە	تۇرىپ	84
بىرگە	بارا	93
بىرگە	بارام	101
بىرگە	بولعان	98
بىرگە	جاتىپ	70
بىرگە	تۇسىپ	74
بىرگە	بولدىم	99
بىرگە	جاتقان	96
بىرگە	بارايىن	90
بىرگە	جۇرە	99
بىرگە	جۇرگەن	103
بىرگە	باراتىن	72
بىرگە	بولاتىن	83
بىرگە	جۇرىپ	81
بىرگە	ويناپ	73
بىرگە	بولساڭ	80
بىرگە	كەلگەن	85
بىرگە	ستەپ	91
بىرگە	دەيىن	98
بىرگە	بولدىڭ	93
بىرگە	جىندى	98
بىرگە	اراق	100
بىرگە	بارامىز	98
بىرگە	وتىرىپ	81
بىرگە	بارعان	66
بىرگە	بارادى	97
بىرگە	وتىرعان	100
بىرگە	سيلاسىن	92
بىرگە	بولدىق	91
بىرگە	بارايىق	96
بىرگە	بولسام	49
بىرگە	بولسن	77
بىرگە	بولعاندا	78
بىرگە	تۋعان	81
بىرگە	جۇرەتىن	78
بىرگە	جۇرسەڭ	95
بىرگە	بولاسىڭ	103
بىرگە	جۇرەدى	97
بىرگە	بولامىن	99
بىرگە	ىستەيتىن	88
بىرگە	وتىرايىق	82
بىرگە	ىشەيىك	91
بىرگە	تۇسكەن	86
بىرگە	بولۋ	100
بىرگە	ەرىپ	88
بىرگە	ىستەگەن	99
بىرگە	قايتامىز	83
بىرگە	جۇرەمىز	95
بىرگە	كەتەمىز	99
بىرگە	بارساق	101
بىرگە	ۇيقتايىق	93
بىرگە	كەتەيىك	87
بىرگە	بولساق	91
بىرگە	بولايىق	76
بىرگە	بولامىز	76
بىرگە	جۇرەيىك	69
بىرگە	قايتايىق	98
بىرگە	جاتايىق	91
بىرگە	بۇلسىن	96
بىرگە	شىعايىق	89
بىرگە	جاتامىز	100
بىرگە	بوسىن	97
بىرگە	بولعىم	90
بىرگە	بولۋعا	73
بىرگە	ىستەيىك	103
بىرگە	بولسۇن	97
بىرگە	بولعىڭ	101
كۇن	عوي	93
كۇن	جانىم	67
كۇن	مەن	88
كۇن	دەپ	87
كۇن	جوق	64
كۇن	بولسىن	60
كۇن	جاقسى	45
كۇن	بولدى	56
كۇن	ەكەن	15
كۇن	بىر	40
كۇن	سول	69
كۇن	نە	88
كۇن	بار	85
كۇن	ەندى	47
كۇن	بولىپ	98
كۇن	قوي	65
كۇن	الى	99
كۇن	كەلىپ	100
كۇن	ەرتە	91
كۇن	ەرتەڭ	95
كۇن	بولسا	98
كۇن	بۇگىن	69
كۇن	بارىپ	82
كۇن	ەكى	79
كۇن	قاي	85
كۇن	بولادى	87
كۇن	قايدا	70
كۇن	وسى	100
كۇن	تاماق	90
كۇن	دەيدى	79
كۇن	قالاي	87
كۇن	ۇي	100
كۇن	ۇيدە	89
كۇن	ۇيگە	79
كۇن	تەلەفون	102
كۇن	ايت	93
كۇن	بىرگە	102
كۇن	كۇن	86
كۇن	كەيىن	89
كۇن	قالدى	95
كۇن	دەگەن	45
كۇن	ەمەس	82
كۇن	بارما	80
كۇن	قاشان	95
كۇن	قاربالاس	76
كۇن	ىشىپ	67
كۇن	تاعى	88
كۇن	قۇتتى	94
كۇن	بىراز	90
كۇن	نەدەگەن	94
كۇن	قانداي	76
كۇن	امانسىڭبا	69
كۇن	ەدى	100
كۇن	بولاما	88
كۇن	ىستەپ	84
كۇن	قايتىپ	58
كۇن	ۇش	95
كۇن	جۇمىس	99
كۇن	بوپ	82
كۇن	كوڭىلدى	93
كۇن	اۋىرىپ	100
كۇن	تۇن	90
كۇن	شىعىپ	84
كۇن	كورىپ	83
كۇن	تۇرىپ	87
كۇن	قاتتى	62
كۇن	عانا	79
كۇن	بولعان	45
كۇن	جاتىپ	68
كۇن	ۋاقىت	68
كۇن	قاراپ	70
كۇن	ەمەسپە	81
كۇن	قايدان	102
كۇن	جاي	102
كۇن	بولىپتى	81
كۇن	بولماي	88
كۇن	كۇرىپ	87
كۇن	بولماسا	97
كۇن	بولسادا	98
كۇن	كەتەدى	49
كۇن	بولاتىن	101
كۇن	جۇرىپ	90
كۇن	ارەڭ	69
كۇن	ويناپ	98
كۇن	بۇرىن	88
كۇن	ستەپ	46
كۇن	بوپتى	77
كۇن	توس	98
كۇن	توسىپ	89
كۇن	دەم	92
كۇن	وتە	52
كۇن	اراق	94
كۇن	شعىپ	95
كۇن	بارمىن	102
كۇن	دەمال	98
كۇن	اشىق	102
كۇن	ەرەكشە	53
كۇن	تۇرا	59
كۇن	سۋىق	70
كۇن	كورە	27
كۇن	ىشىندە	99
كۇن	ۇزاق	76
كۇن	قانا	87
كۇن	دەمالىپ	81
كۇن	ۇتە	64
كۇن	بولار	102
كۇن	بايقاپ	91
كۇن	تولىق	92
كۇن	جىلى	92
كۇن	دەمالىس	55
كۇن	اسىپ	38
كۇن	بولپتى	90
كۇن	جاۋىپ	93
كۇن	سايىن	52
كۇن	سويلەمەي	85
كۇن	جاتتىم	102
كۇن	توك	79
كۇن	وتىپ	102
كۇن	ەكەنىن	93
كۇن	ۇتىپ	99
كۇن	قيمىل	98
كۇن	كۇندىك	83
كۇن	بولاسىڭ	99
كۇن	جۇرەدى	100
كۇن	ىستەيتىن	98
كۇن	جاڭبىر	98
كۇن	وكىل	90
كۇن	ۇكىل	84
كۇن	بۇلدى	84
كۇن	تۇنى	95
كۇن	تۇنىمەن	98
كۇن	بارعوي	101
كۇن	جۇردىم	94
كۇن	ىستىق	93
كۇن	بوران	81
كۇن	قونىپ	89
كۇن	جاتاتىن	96
كۇن	دەمالدى	96
كۇن	دەمالدىم	102
كۇن	وتكىزىپ	90
كۇن	شىدا	85
كۇن	شىداپ	83
كۇن	جۇرەسىڭ	85
كۇن	جاتادى	99
كۇن	بۇزىلىپ	93
كۇن	دەمالس	94
كۇن	ىسىپ	65
كۇن	توسا	85
كۇن	قالعاندا	88
كۇن	رۇحسات	88
كۇن	سۇىق	76
كۇن	اشىلىپ	68
كۇن	تارايدى	90
كۇن	ىشندە	94
كۇن	ۇتكىزىپ	98
كۇن	شىداي	92
كۇن	جاۋىن	100
كۇن	دەمالستا	79
كۇن	جاۋدى	82
كۇن	ىستەدىم	85
كۇن	دەمالام	93
كۇن	جاۇىپ	93
كۇن	باتا	91
كۇن	دەمالىستا	99
كۇن	دەمالادى	89
كۇن	جاۋدىما	71
كۇن	باتقانشا	70
كۇن	رۇقسات	98
كۇن	سۋىپ	94
كۇن	ساناپ	102
كۇن	دەمالاتىن	87
كۇن	توستىم	92
كۇن	اشىلدى	89
كۇن	تۋدى	99
كۇن	جاۋادى	100
كۇن	سالقىن	85
كۇن	سۋىقتا	102
كۇن	نۇرى	96
كۇن	دەمالدىق	74
كۇن	سۋىتىپ	92
كۇن	ۇزارىپ	81
كۇن	دەمالامىز	102
كۇن	جاۋسا	96
كۇن	شىداساڭ	91
كۇن	اشىلسا	101
كۇن	جىلىنىپ	78
كۇن	جىلىپ	79
كۇن	ارالاتىپ	90
كۇن	بۇلتتاپ	87
كۇن	بۇلىت	97
كۇن	سۋتىپ	92
كۇن	سۋىقپا	101
كۇن	اشىلعاندا	97
كۇن	جاۋماسا	100
كۇن	اشلسا	101
كۇن	نۇرىنا	96
وت	جوق	102
وت	بولىپ	52
وت	بوپ	37
وت	سالىپ	61
وت	باسى	30
وت	باسىم	25
وت	باسىڭ	36
وت	جاعىپ	13
وت	باسىن	17
وت	باسىنا	46
وت	باسىڭدى	56
وت	باسىندا	56
وت	باستارىڭ	50
وت	باستارىڭىز	12
وت	باسىڭا	13
وت	باسڭ	52
وت	باسىمىز	57
وت	باسىڭىز	37
وت	جاققان	32
وت	باسىڭمەن	61
وت	باسمىز	59
وتىر	عوي	62
وتىر	جانىم	13
وتىر	مەن	39
وتىر	دەپ	52
وتىر	ەكەن	41
وتىر	بىر	17
وتىر	سول	76
وتىر	نە	66
وتىر	سەن	82
وتىر	ەندى	77
وتىر	قوي	70
وتىر	وندا	62
وتىر	ەرتەڭ	60
وتىر	بۇگىن	90
وتىر	سودان	89
وتىر	ماعان	84
وتىر	مەنى	77
وتىر	ول	85
وتىر	سەنى	74
وتىر	وسى	88
وتىر	دەيدى	86
وتىر	ۇيدە	57
وتىر	تەلەفون	82
وتىر	دوسىم	86
وتىر	دەگەن	72
وتىر	مىن	88
وتىر	مىنا	48
وتىر	ەدى	85
وتىر	بولاما	53
وتىر	انا	79
وتىر	دەسەم	80
وتىر	ەدىم	80
وتىر	ەكەنسىڭ	56
وتىر	ەي	37
وتىر	ەمەسپە	86
وتىر	دەشى	51
وتىر	اڭگىمە	79
وتىر	سۇيتىپ	84
وتىر	ەدىڭ	73
وتىر	سىڭ	50
وتىر	مەكەن	55
وتىر	ەكەسىڭ	88
وتىر	دەيسىڭبە	82
وتىر	سىڭبا	90
وتىر	ىڭىز	80
وتىر	سڭبا	86
وتىرمىن	عوي	89
وتىرمىن	جانىم	17
وتىرمىن	مەن	19
وتىرمىن	دەپ	77
وتىرمىن	جاقسى	65
وتىرمىن	بىر	101
وتىرمىن	سول	74
وتىرمىن	نە	48
وتىرمىن	سەن	84
وتىرمىن	ەندى	72
وتىرمىن	قوي	68
وتىرمىن	الى	89
وتىرمىن	ەرتەڭ	97
وتىرمىن	ادام	80
وتىرمىن	بۇگىن	98
وتىرمىن	مەندە	80
وتىرمىن	سودان	86
وتىرمىن	ەكى	90
وتىرمىن	ول	96
وتىرمىن	سەنى	99
وتىرمىن	ساعان	71
وتىرمىن	وسى	79
وتىرمىن	تاماق	92
وتىرمىن	دەيدى	80
وتىرمىن	ۇيدە	76
وتىرمىن	ۇيگە	67
وتىرمىن	تەلەفون	90
وتىرمىن	دوسىم	75
وتىرمىن	دەگەن	80
وتىرمىن	بىراق	100
وتىرمىن	ۇزىڭ	102
وتىرمىن	قاشان	86
وتىرمىن	تاڭەرتەڭ	97
وتىرمىن	بىراز	97
وتىرمىن	شاي	86
وتىرمىن	ازىر	84
وتىرمىن	كەشە	90
وتىرمىن	وزىڭ	102
وتىرمىن	قازىر	97
وتىرمىن	ەمەسپە	97
وتىرمىن	دەشى	95
وتىرمىن	شارشاپ	84
وتىرمىن	جالعىز	94
وتىرمىن	توسىپ	92
وتىرمىن	باسىم	99
وتىرمىن	باياعى	92
دوس	دەپ	100
دوس	جوق	38
دوس	بولىپ	35
دوس	دەگەن	13
دوس	ەمەس	25
دوس	بوپ	51
دوس	كەرەك	31
دوس	تاۋىپ	54
دوس	بولعان	43
دوس	بولساڭ	36
دوس	بولساق	50
دوس	بولايىق	44
دوس	بولۋعا	29
دوس	كوڭىلىنە	50
دوس	جاران	31
دوس	جاراندار	28
دوسى	ەكەن	35
دوسى	بار	18
دوسىم	عوي	14
دوسىم	سالەم	81
دوسىم	مەن	102
دوسىم	دەپ	50
دوسىم	جوق	51
دوسىم	جاقسى	75
دوسىم	بولدى	63
دوسىم	بىر	93
دوسىم	سول	63
دوسىم	نە	68
دوسىم	نەعىپ	73
دوسىم	بار	49
دوسىم	سەن	48
دوسىم	ەندى	70
دوسىم	راحىمەت	81
دوسىم	ماقۇل	54
دوسىم	الىپ	98
دوسىم	وندا	102
دوسىم	كەلىپ	86
دوسىم	ەرتەڭ	73
دوسىم	بولسا	70
دوسىم	بۇگىن	97
دوسىم	مەندە	74
دوسىم	سودان	71
دوسىم	ماعان	85
دوسىم	بارى	66
دوسىم	بارىپ	95
دوسىم	ەكى	103
دوسىم	مەنى	90
دوسىم	مەنىڭ	87
دوسىم	قايىرلى	80
دوسىم	بولادى	81
دوسىم	ول	101
دوسىم	قايدا	94
دوسىم	سەنى	77
دوسىم	ساعان	89
دوسىم	وسى	76
دوسىم	جارايدى	85
دوسىم	تاماق	83
دوسىم	قال	97
دوسىم	قالاي	65
دوسىم	ۇيدە	76
دوسىم	ۇيگە	97
دوسىم	تەلەفون	93
دوسىم	اي	88
دوسىم	ايت	76
دوسىم	بىرگە	87
دوسىم	دوسىم	66
دوسىم	امان	86
دوسىم	امانشىلىق	68
دوسىم	اق	65
دوسىم	اقشا	97
دوسىم	ونى	86
دوسىم	جاقسىما	100
دوسىم	ۇزىڭ	82
دوسىم	قاربالاس	78
دوسىم	تاعى	96
دوسىم	كوپ	101
دوسىم	تاڭەرتەڭ	92
دوسىم	بىراز	98
دوسىم	مىنا	83
دوسىم	قانداي	91
دوسىم	امانسىڭبا	94
دوسىم	ەدى	27
دوسىم	سەنىڭ	98
دوسىم	كەش	99
دوسىم	كەشتە	101
دوسىم	بولاما	102
دوسىم	از	102
دوسىم	ازىر	99
دوسىم	كەشە	102
دوسىم	انا	98
دوسىم	يۋان	100
دوسىم	جول	93
دوسىم	وزىڭ	102
دوسىم	تەز	87
دوسىم	اتىپ	100
دوسىم	اۋ	99
دوسىم	قايداسىڭ	77
دوسىم	بارسىڭبا	83
دوسىم	سەندە	65
دوسىم	بىز	98
دوسىم	ايتقانىڭ	102
دوسىم	ۇيات	60
دوسىم	بولعان	81
دوسىم	سونىمەن	100
دوسىم	سوم	89
دوسىم	كەرەمەت	94
دوسىم	ەي	97
دوسىم	توي	93
دوسىم	تۋىلعان	87
دوسىم	ايتىڭ	76
دوسىم	ەكەمىز	76
دوسىم	ماڭگى	76
دوسىم	الگى	98
دوسىم	كەلگەن	93
دوسىم	قالىڭ	95
دوسىم	دەنساۋلىق	66
دوسىم	قالايسىڭ	77
دوسىم	ىراحىمەت	82
دوسىم	سەنەن	96
دوسىم	جاعداي	98
دوسىم	شاقىرىپ	92
دوسىم	ۇيىنە	93
دوسىم	رەنجىمە	90
دوسىم	امانشىلىقپا	85
دوسىم	ۇيىندە	95
دوسىم	ساۋداڭ	87
دوسىم	ەكەۋمىز	99
كىم	جانىم	96
كىم	مەن	85
كىم	دەپ	65
كىم	جوق	49
كىم	جاقسى	73
كىم	بولدى	78
كىم	ەكەن	35
كىم	نە	34
كىم	بار	90
كىم	سەن	15
كىم	بولىپ	78
كىم	الىپ	84
كىم	كەلىپ	67
كىم	بولسا	86
كىم	ماعان	77
كىم	مەنى	91
كىم	قاي	96
كىم	بولادى	76
كىم	ول	86
كىم	سەنى	46
كىم	ساعان	84
كىم	تاماق	82
كىم	دەيدى	102
كىم	تەلەفون	86
كىم	ايتى	96
كىم	ايتىپ	81
كىم	كىم	74
كىم	كەتتى	20
كىم	قالدى	101
كىم	اقشا	99
كىم	دەگەن	99
كىم	ىشىپ	60
كىم	كەتىپ	96
كىم	ەدى	99
كىم	سەنىڭ	48
كىم	ىستەپ	80
كىم	انا	93
كىم	جولداپ	102
كىم	الدى	80
كىم	سوندا	82
كىم	دەسە	92
كىم	دەسەم	93
كىم	كەرەك	93
كىم	ايتتى	90
كىم	اۋىرىپ	54
كىم	كەلدى	99
كىم	كورىپ	71
كىم	قاراپ	90
كىم	بۇل	57
كىم	ەي	72
كىم	مىناۋ	67
كىم	سۇراپ	91
كىم	جامان	102
كىم	كەلەدى	96
كىم	ۇشىن	72
كىم	كۇرىپ	86
كىم	بولسادا	99
كىم	بەرەدى	56
كىم	ەدىڭ	67
كىم	تارتىپ	78
كىم	ايتشى	99
كىم	بولدىڭ	102
كىم	بىلەدى	62
كىم	جازىپ	13
كىم	بارادى	101
كىم	ايتادى	70
كىم	دەيسىڭ	41
كىم	الادى	94
كىم	اناۋ	58
كىم	ايداپ	88
كىم	بەردى	87
كىم	شاقىرىپ	82
كىم	سىڭ	101
كىم	بالاسى	101
كىم	ەكەۋىڭ	99
كىم	ەكەنىن	98
كىم	كىمگە	53
كىم	بولدىڭىز	93
كىم	كىمنىڭ	41
كىم	باردى	102
كىم	ايتات	99
كىم	قايتىس	97
كىم	كىمدى	100
كىم	اكام	89
كىم	ىستەيدى	82
كىم	ويلاعان	90
كىم	قايجەردەن	91
كىم	كورەدى	74
كىم	بولۋشى	87
كىم	بىلەت	99
كىم	قارايدى	54
كىم	بىلسىن	55
كىم	جەيدى	45
كىم	كۇرەدى	96
كىم	بلەدى	95
كىم	شاقىردى	47
كىم	كەپىل	92
كىم	ەكەنىڭدى	98
كىم	اپارادى	83
كىم	جولدادى	85
كىم	اكەلدى	94
كىم	وتىرسىڭدار	99
كىم	تۇسىنەدى	88
كىم	ايدايدى	93
كىم	باعادى	100
كىم	ەكەنىمدى	86
كىم	باردىڭدار	99
كىم	باراسىڭدار	81
كىم	تيستى	91
كىم	تانىمادىم	89
كىم	سەنەدى	102
كىم	كورىنگەنگە	79
كىم	بلەت	88
كىم	بلسىن	91
امان	جان	91
امان	سالەم	97
امان	جوق	53
امان	بول	94
امان	بولسىن	36
امان	جاقسى	13
امان	ەكەن	77
امان	بار	87
امان	بولىپ	74
امان	جاتىر	64
امان	جاتىرسىڭ	88
امان	كەل	72
امان	كەلىپ	64
امان	بولسا	92
امان	بارىپ	32
امان	امان	43
امان	امانشىلىق	80
امان	ۇزىڭ	93
امان	جۇر	98
امان	بوپ	46
امان	بولعان	91
امان	جاتىرمىز	97
امان	جۇرە	57
امان	جۇرىپ	80
امان	ماڭگى	73
امان	بولساڭ	70
امان	ساۋ	47
امان	دەن	46
امان	دەنساۋ	30
امان	ەسەن	70
امان	جاتىرسىز	9
امان	باقىتتى	95
امان	جەتىپ	88
امان	كۇندەرىڭ	68
امان	باي	62
امان	بارلىقتارىڭىزعا	71
امان	كەلىڭدەر	66
امان	بولسام	70
امان	جاتىرسىڭبا	70
امان	بولسن	59
امان	بولىڭدار	89
امان	جاتىرسىڭدار	64
امان	جاتىرسىڭدارما	71
امان	تۇردىڭبا	18
امان	جۇرسە	98
امان	جۇرسەڭ	80
امان	سالام	67
امان	كۇندەرىڭىز	83
امان	جۇرسىڭبە	74
امان	قونىپ	70
امان	دەنساۋلىقتارىڭىز	43
امان	كەلىڭىز	89
امان	جاتساڭ	100
امان	بولشى	100
امان	كەلىڭىزدەر	72
امان	جىلدان	100
امان	دەندەرىڭ	78
امان	دەندەرىڭىز	42
امان	دەنىڭ	35
امان	بولساق	45
امان	بولايىق	67
امان	سىڭبا	54
امان	جۇرەيىك	91
امان	بولىڭىز	98
امان	بولىڭىزدار	80
امان	ساۇ	83
امان	جاتسىڭبا	84
امان	جاتقانىڭ	95
امان	جاتىرسىزدار	81
امان	جاتىرسىزدارما	73
امان	جۇرسىن	41
امان	جۇرشى	73
امان	جاتىرسڭبا	86
امان	جۇرسەك	91
امان	بولساڭدار	97
امان	جۇرىڭدەر	71
امان	جاتىرسىزبا	88
امان	بارىڭدار	85
امان	دەنىم	82
امان	دەنىمىز	89
امان	شىلىق	57
امان	بولڭدار	61
امان	قوندىڭ	96
امان	جۇرت	55
امان	قوندىڭبا	93
امان	دەنىڭىز	55
امان	جاتقاندارىڭ	78
امان	جاتقاندارىڭىز	84
امان	جاتساڭدار	86
امان	جاتسىڭدارما	80
امان	جاتىرسڭدارما	92
امان	قوندىڭىز	95
امان	دەنمىز	71
امان	جاتتىڭدار	84
امان	جاتىرسزدارما	93
امان	جاتسىزدارما	88
امان	شلىق	100
امان	قوندىڭدار	94
امان	ەسەنبە	85
امان	قوندىڭىزدار	85
امان	قوندىڭىزبا	94
امانشىلىق	جانىم	96
امانشىلىق	سالەم	42
امانشىلىق	مەن	101
امانشىلىق	جوق	71
امانشىلىق	بولسىن	84
امانشىلىق	جاقسى	46
امانشىلىق	سول	43
امانشىلىق	نە	66
امانشىلىق	نەعىپ	91
امانشىلىق	ەندى	68
امانشىلىق	بولىپ	99
امانشىلىق	راحىمەت	93
امانشىلىق	ماقۇل	51
امانشىلىق	جاتىر	64
امانشىلىق	كەلىپ	95
امانشىلىق	يا	92
امانشىلىق	ەرتەڭ	75
امانشىلىق	بولسا	96
امانشىلىق	بۇگىن	20
امانشىلىق	مەندە	89
امانشىلىق	سودان	93
امانشىلىق	بارى	72
امانشىلىق	قايىرلى	79
امانشىلىق	بولادى	88
امانشىلىق	جاتىرمىن	89
امانشىلىق	جارايدى	67
امانشىلىق	ۇيدە	80
امانشىلىق	بىرگە	61
امانشىلىق	دوسىم	54
امانشىلىق	امان	47
امانشىلىق	امانشىلىق	48
امانشىلىق	يە	60
امانشىلىق	ۇز	93
امانشىلىق	ۇزىڭ	90
امانشىلىق	قاربالاس	16
امانشىلىق	وي	97
امانشىلىق	ىستەپ	88
امانشىلىق	پا	91
امانشىلىق	وز	12
امانشىلىق	وزىڭ	94
امانشىلىق	اعا	51
امانشىلىق	ايتقانىڭ	74
امانشىلىق	سونىمەن	65
امانشىلىق	جەجە	83
امانشىلىق	اينالايىن	74
امانشىلىق	ەبىلايدە	95
امانشىلىق	جاتىرمىز	95
امانشىلىق	جۇرىپ	14
امانشىلىق	دەنساۋلىق	81
امانشىلىق	بىزدە	86
امانشىلىق	سومەن	91
امانشىلىق	ىراحىمەت	100
امانشىلىق	بارمىن	100
امانشىلىق	باۋىرىم	89
امانشىلىق	ءوزىڭ	89
امانشىلىق	ايتقانىڭىز	77
امانشىلىق	اپەكە	101
امانشىلىق	ۇزدەرىڭ	101
امانشىلىق	وزدەرىڭ	43
امانشىلىق	ۇزىڭىز	53
امانشىلىق	وزىڭىز	69
امانشىلىق	ۇزدەرىڭىز	85
امانشىلىق	وزدەرىڭىز	75
امانشىلىق	ءوزدەرىڭ	83
كەت	جانىم	86
كەت	مەن	21
كەت	دەپ	49
كەت	بولدى	15
كەت	ەندى	57
كەت	وندا	51
كەت	دەيدى	40
كەت	دوسىم	30
كەت	كەت	58
كەت	دەگەن	60
كەت	بولاما	49
كەت	دەسە	58
كەت	دەسەم	52
كەت	دەدى	51
كەت	دەدىم	55
كەت	دەسەڭ	49
كەت	ارى	51
كەت	جوعال	57
كەتتى	عوي	59
كەتتى	جانىم	11
كەتتى	مەن	35
كەتتى	دەپ	58
كەتتى	جوق	27
كەتتى	جاقسى	101
كەتتى	بولدى	98
كەتتى	ەكەن	89
كەتتى	بىر	58
كەتتى	سول	65
كەتتى	نە	74
كەتتى	سەن	86
كەتتى	ەندى	86
كەتتى	راحىمەت	59
كەتتى	قوي	92
كەتتى	وندا	70
كەتتى	يا	96
كەتتى	ەرتەڭ	98
كەتتى	بۇگىن	70
كەتتى	مەندە	67
كەتتى	سودان	89
كەتتى	ماعان	68
كەتتى	بارى	88
كەتتى	ەكى	95
كەتتى	مەنى	85
كەتتى	مەنىڭ	92
كەتتى	ول	94
كەتتى	سەنى	79
كەتتى	ساعان	90
كەتتى	وسى	82
كەتتى	تاماق	85
كەتتى	دەي	89
كەتتى	دەيدى	98
كەتتى	ۇيگە	48
كەتتى	تەلەفون	92
كەتتى	دوسىم	95
كەتتى	دەگەن	89
كەتتى	بىراق	80
كەتتى	ۇزى	92
كەتتى	تاعى	77
كەتتى	تاڭەرتەڭ	87
كەتتى	بىراز	83
كەتتى	مىنا	96
كەتتى	سەنىڭ	93
كەتتى	كەشتە	100
كەتتى	ازىر	99
كەتتى	كەشە	84
كەتتى	قايتا	84
كەتتى	انا	95
كەتتى	سوندا	97
كەتتى	وزى	74
كەتتى	ايتەۋ	81
كەتتى	دەسەم	88
كەتتى	اۋ	82
كەتتى	تۇندە	95
كەتتى	جاڭا	101
كەتتى	سونى	97
كەتتى	بىز	97
كەتتى	ۇيات	98
كەتتى	بۇل	97
كەتتى	ەي	85
كەتتى	ودان	87
كەتتى	سوعان	99
كەتتى	ەمەسپە	95
كەتتى	جاڭە	58
كەتتى	دەشى	93
كەتتى	امال	74
كەتتى	باعانا	101
كەتتى	دەدى	93
كەتتى	دەدىم	92
كەتتى	قۇرسىن	88
كەتتى	دەيسىڭ	78
كەتتى	عۇي	101
كەتتى	ءوزى	89
كەتتى	مىنە	101
كەتتى	رەنجىمە	101
كەتتى	مەكەن	100
كەتتى	تەگى	92
كەتتى	ەمەسبە	93
كەتتى	بۇيىرتىپ	100
كەي	بىر	96
كەي	ادام	26
كەي	كۇنى	27
كەي	كەزدە	27
كەي	ادامدار	12
كەي	كەزدەرى	28
كەيىن	عوي	10
كەيىن	جانىم	96
كەيىن	مەن	86
كەيىن	دەپ	48
كەيىن	جوق	73
كەيىن	بولسىن	74
كەيىن	جاقسى	53
كەيىن	بولدى	67
كەيىن	بىر	82
كەيىن	سول	42
كەيىن	نە	75
كەيىن	نەعىپ	65
كەيىن	بار	99
كەيىن	سەن	85
كەيىن	ال	63
كەيىن	الىپ	100
كەيىن	كەل	68
كەيىن	كەلىپ	65
كەيىن	ەرتە	63
كەيىن	ادام	88
كەيىن	بولسا	83
كەيىن	مەندە	82
كەيىن	ماعان	64
كەيىن	بارى	62
كەيىن	بارىپ	92
كەيىن	ەكى	45
كەيىن	مەنى	67
كەيىن	مەنىڭ	69
كەيىن	بولادى	80
كەيىن	نەگە	97
كەيىن	ول	99
كەيىن	قايدا	84
كەيىن	سەنى	86
كەيىن	ساعان	71
كەيىن	وسى	62
كەيىن	تاماق	80
كەيىن	دەيدى	85
كەيىن	قالاي	86
كەيىن	ۇي	88
كەيىن	ۇيدە	89
كەيىن	ۇيگە	91
كەيىن	تەلەفون	71
كەيىن	ايتىپ	72
كەيىن	بىرگە	66
كەيىن	كۇن	88
كەيىن	كىم	94
كەيىن	كەيىن	96
كەيىن	اق	100
كەيىن	اقشا	88
كەيىن	دەگەن	78
كەيىن	بىراق	100
كەيىن	قانشا	52
كەيىن	ۇزىڭ	101
كەيىن	قاربالاس	96
كەيىن	تاعى	82
كەيىن	كوپ	43
كەيىن	كەتىپ	87
كەيىن	بىراز	84
كەيىن	مىنا	75
كەيىن	قانداي	96
كەيىن	شاي	89
كەيىن	بەرىپ	101
كەيىن	باسقا	101
كەيىن	سەنىڭ	91
كەيىن	بولاما	85
كەيىن	ىستەپ	96
كەيىن	قايتا	99
كەيىن	انا	59
كەيىن	ۇيقتاپ	85
كەيىن	قايتىپ	87
كەيىن	جولداپ	74
كەيىن	ۇش	88
كەيىن	جۇمىس	91
كەيىن	وزىڭ	79
كەيىن	اتىپ	97
كەيىن	كەرەك	63
كەيىن	بەرەيىن	99
كەيىن	شىعىپ	57
كەيىن	بالا	84
كەيىن	سەندە	100
كەيىن	بىز	88
كەيىن	تاۋىپ	96
كەيىن	الايىن	94
كەيىن	بارا	78
كەيىن	بارام	100
كەيىن	كەلە	55
كەيىن	قابارلاس	88
كەيىن	قاتتى	85
كەيىن	سالىپ	100
كەيىن	ۋاقىت	100
كەيىن	ەشتەڭە	76
كەيىن	ۇلكەن	101
كەيىن	كۇندە	95
كەيىن	مال	91
كەيىن	بەس	98
كەيىن	اپارىپ	101
كەيىن	ماشينا	77
كەيىن	سۇراپ	96
كەيىن	ايتام	95
كەيىن	كەلەدى	91
كەيىن	ساعات	72
كەيىن	توي	60
كەيىن	جاي	79
كەيىن	ءبىر	98
كەيىن	بارايىن	88
كەيىن	بولماسا	54
كەيىن	امال	76
كەيىن	بولسادا	101
كەيىن	كەتەدى	94
كەيىن	باراتىن	85
كەيىن	بەرەم	79
كەيىن	جۋىپ	76
كەيىن	ەكەمىز	97
كەيىن	بارىن	93
كەيىن	سۇيتىپ	101
كەيىن	بارامىن	92
كەيىن	ونداي	51
كەيىن	بەكەر	82
كەيىن	ۇزىم	100
كەيىن	نان	84
كەيىن	بەرەدى	99
كەيىن	بىردەمە	95
كەيىن	ەرتەرەك	101
كەيىن	بىزدە	87
كەيىن	وزىم	101
كەيىن	دەم	86
كەيىن	باستاپ	87
كەيىن	بۇيىرسا	97
كەيىن	جارىم	94
كەيىن	شعىپ	77
كەيىن	بارامىز	101
كەيىن	بەرەتىن	72
كەيىن	بارعاندا	100
كەيىن	بەرەمىن	97
كەيىن	بارادى	83
كەيىن	اۋدانعا	92
كەيىن	جانە	86
كەيىن	قايتارىپ	85
كەيىن	ايتايىن	72
كەيىن	اقىرىن	84
كەيىن	ۇستىپ	98
كەيىن	كورەيىن	98
كەيىن	كەلەتىن	87
كەيىن	الامىن	91
كەيىن	قابارلاسىپ	100
كەيىن	بارسام	96
كەيىن	بوس	84
كەيىن	بىلەسىڭ	100
كەيىن	جۇمىسقا	98
كەيىن	كەتەم	84
كەيىن	شىعادى	89
كەيىن	تىپتى	77
كەيىن	دەمالىس	95
كەيىن	بارايىق	95
كەيىن	قايتام	76
كەيىن	قابارلاسايىن	64
كەيىن	شىق	41
كەيىن	تاۋعا	96
كەيىن	قۇلجاعا	93
كەيىن	قايتاتىن	98
كەيىن	كەلەم	94
كەيىن	جۇمسقا	86
كەيىن	شىعاتىن	98
كەيىن	ايلىق	95
كەيىن	كۇرەيىن	99
كەيىن	ۇرىمجىگە	99
كەيىن	بەرسەم	98
كەيىن	شعادى	96
كەيىن	ىسكە	92
كەيىن	كوشەگە	95
كەيىن	شىعام	96
كەيىن	مەكتەپكە	82
كەيىن	كورەيىك	98
كەيىن	ايتقانىم	79
كەيىن	قايتامىن	98
كەيىن	كەتەمىن	70
كەيىن	ىستەيمىن	95
كەيىن	كەزىگەيىك	93
كەيىن	شىعامىن	89
كەيىن	قايتامىز	79
كەيىن	جيىن	81
كەيىن	جۇرەمىز	98
كەيىن	كەلەمىن	101
كەيىن	شىعايىن	97
كەيىن	بارساق	100
كەيىن	سويلەيىن	100
كەيىن	تۇسەم	83
كەيىن	كۇرەيىك	95
كەيىن	شعام	89
كەيىن	اتايىن	94
كەيىن	جۇرەمىن	100
كەيىن	قايتادى	100
كەيىن	قابارلاسايىق	98
كەيىن	كورەمىز	98
كەيىن	سۇيلەيىن	91
كەيىن	شىعامىز	90
كەيىن	تۇسەمىن	97
كەيىن	تامان	99
تاڭ	جان	80
تاڭ	جانىم	84
تاڭ	سالەم	14
تاڭ	مەن	67
تاڭ	دەپ	75
تاڭ	جاقسى	99
تاڭ	نەعىپ	57
تاڭ	ەندى	78
تاڭ	بولىپ	95
تاڭ	راحىمەت	98
تاڭ	ماقۇل	69
تاڭ	كەلىپ	94
تاڭ	يا	62
تاڭ	ەرتە	101
تاڭ	ەرتەڭ	100
تاڭ	بۇگىن	53
تاڭ	سودان	73
تاڭ	وسى	82
تاڭ	قال	94
تاڭ	قالاي	79
تاڭ	ايت	97
تاڭ	بىرگە	66
تاڭ	دوسىم	69
تاڭ	امان	55
تاڭ	امانشىلىق	49
تاڭ	تاڭ	63
تاڭ	اق	85
تاڭ	جاقسىما	92
تاڭ	وي	75
تاڭ	قانداي	95
تاڭ	امانسىڭبا	98
تاڭ	كەشە	42
تاڭ	اعا	101
تاڭ	اتىپ	83
تاڭ	قالدىم	64
تاڭ	تۇندە	78
تاڭ	جاڭا	81
تاڭ	ايتقانىڭ	87
تاڭ	سونىمەن	86
تاڭ	جەجە	94
تاڭ	قىز	72
تاڭ	اينالايىن	95
تاڭ	ايتىڭ	86
تاڭ	قىزدار	73
تاڭ	تاتتىم	53
تاڭ	وراز	99
تاڭ	ورازا	87
تاڭ	امانسىزبا	59
تاڭ	قالىڭ	73
تاڭ	دەنساۋلىق	83
تاڭ	ايىت	97
تاڭ	قالايسىڭ	87
تاڭ	بالام	94
تاڭ	قالىپ	90
تاڭ	بارلىق	71
تاڭ	باۋىرىم	66
تاڭ	اتا	94
تاڭ	كۇندەرىڭ	78
تاڭ	التىن	88
تاڭ	دوستار	97
تاڭ	التىنىم	41
تاڭ	ايتتارىڭ	101
تاڭ	ايتتارىڭىز	96
تاڭ	امانسىڭدارما	95
تاڭ	بارلىقتارىڭىزعا	91
تاڭ	اپەكە	85
تاڭ	ايتىڭىز	89
تاڭ	بۇگىنگى	97
تاڭ	امانشىلىقپا	62
تاڭ	جەڭگە	98
تاڭ	جىگىتتەر	100
تاڭ	قالام	86
تاڭ	تاڭعى	75
تاڭ	ساباقتاستار	19
تاڭ	تۇردىڭبا	72
تاڭ	سۇيكىمدى	88
تاڭ	امانسىزدار	89
تاڭ	امانسىزدارما	96
تاڭ	جاندارىم	87
تاڭ	جالپى	93
تاڭ	تۋستار	92
تاڭ	اسىل	86
تاڭ	اياۋلى	70
تاڭ	تۋىستار	89
تاڭ	اتتى	76
تاڭ	قالامىن	75
تاڭ	قالدارىڭ	93
تاڭ	اتقان	98
تاڭ	اتقانشا	84
تاڭ	اتايىن	23
تاڭ	بارشاڭىزعا	97
تاڭ	جالپىڭىزعا	62
تاڭ	اتپاي	84
تاڭ	اتسا	48
تاڭ	اتادى	76
تاڭ	اتباي	85
تاڭ	اتقاندا	67
تاڭ	بارشالارىڭىزعا	78
تاڭ	اتىرىپ	101
تاڭ	اتقالى	89
تاڭ	اتقاننان	90
تاڭ	اتپاستان	93
تاڭ	بوزىنان	92
قالدى	عوي	100
قالدى	جانىم	14
قالدى	مەن	32
قالدى	دەپ	62
قالدى	جاقسى	28
قالدى	بولدى	91
قالدى	ەكەن	93
قالدى	بىر	41
قالدى	سول	65
قالدى	نە	72
قالدى	سەن	85
قالدى	ەندى	83
قالدى	راحىمەت	58
قالدى	قوي	97
قالدى	الىپ	71
قالدى	يا	97
قالدى	ەرتەڭ	93
قالدى	بۇگىن	66
قالدى	مەندە	72
قالدى	سودان	83
قالدى	ماعان	67
قالدى	بارى	86
قالدى	ەكى	100
قالدى	مەنى	81
قالدى	مەنىڭ	98
قالدى	ول	96
قالدى	ساعان	77
قالدى	وسى	69
قالدى	تاماق	83
قالدى	دەيدى	95
قالدى	ۇيدە	53
قالدى	ۇيگە	100
قالدى	تەلەفون	92
قالدى	دوسىم	86
قالدى	اقشا	73
قالدى	دەگەن	92
قالدى	ونى	82
قالدى	بىراق	98
قالدى	تاعى	91
قالدى	تاڭەرتەڭ	82
قالدى	بىراز	87
قالدى	شاي	87
قالدى	از	99
قالدى	ازىر	97
قالدى	كەشە	93
قالدى	قايتا	89
قالدى	انا	97
قالدى	يۋان	99
قالدى	سوندا	90
قالدى	ايتەۋ	86
قالدى	تەز	92
قالدى	اعا	95
قالدى	دەسەم	96
قالدى	اۋ	76
قالدى	تۇندە	95
قالدى	جاڭا	99
قالدى	سونى	99
قالدى	ۇيات	81
قالدى	ەكەنسىڭ	96
قالدى	دەيمىن	95
قالدى	بۇل	98
قالدى	ەي	100
قالدى	ودان	100
قالدى	سوعان	99
قالدى	ەمەسپە	89
قالدى	دەشى	54
قالدى	باعانا	72
قالدى	دەدىم	99
قالدى	الاتىن	95
قالدى	بۇيىرسا	91
قالدى	اياق	94
قالدى	قۇرسىن	93
قالدى	دەيسىڭ	94
قالدى	عۇي	85
قالدى	رەنجىمە	95
قالدى	ايتپەسە	89
قالدى	دەرەۋ	88
قالدى	مەكەن	95
قالدى	كشكەنە	89
قالدى	ەمەسبە	91
اق	سالەم	93
اق	جوق	71
اق	بولسىن	91
اق	جاقسى	85
اق	بولدى	72
اق	ەكەن	61
اق	بار	74
اق	بولىپ	89
اق	قوي	90
اق	كەلىپ	18
اق	ادام	85
اق	بولسا	78
اق	كۇن	83
اق	تاڭ	60
اق	قان	71
اق	ىشىپ	83
اق	قويشى	81
اق	شاي	65
اق	باس	59
اق	جول	82
اق	كوڭىل	8
اق	بولعان	37
اق	قارا	91
اق	ماشينا	90
اق	جامان	73
اق	كەلەدى	70
اق	سۇيتىپ	87
اق	سويلە	86
اق	ماي	72
اق	قويايىن	88
اق	اراق	44
اق	سۇيلە	66
اق	كىر	73
اق	اياق	70
اق	كۇڭىل	91
اق	رەت	56
اق	بولار	88
اق	قويساڭ	89
اق	دالا	76
اق	دالاعا	82
اق	مول	67
اق	كوك	61
اق	شاش	80
اق	ەركە	77
اق	بولايىن	74
اق	دالادا	78
اق	قويىڭىز	80
اق	تىلەك	68
اق	كويلەك	59
اق	ايۋ	84
اق	قويايىق	88
اق	شاشۋ	64
اق	سىم	79
اق	جارقىن	90
اق	شاپان	88
اق	قويسىن	88
اق	كۇشىك	67
اق	قويىڭدار	85
اق	تىلەكتەرىڭ	85
اق	تىلەكتەرىڭىز	88
اق	رەڭ	76
اق	جاۋىن	84
اق	جەيدە	90
اق	شەكەر	77
اق	قوزىم	91
اق	جولدى	87
اق	تاڭنان	68
اق	تىلەگىڭ	46
اق	بايان	83
اق	توقال	90
اق	قۇيرىق	88
اق	تىلەكتەرىڭىزگە	87
اق	شاشتى	55
اق	ەدىل	90
اق	سۋدان	80
اق	وردا	84
اق	تاڭدا	85
اق	پەيىل	89
اق	قويان	76
اق	تۇلپارىڭ	79
اق	دالادان	80
اق	مونشاق	88
اق	تىلەگىڭە	82
اق	جارما	89
اق	يىق	70
اق	تىلەكتەرىڭە	91
اق	قويانىم	89
اق	قايىڭ	71
اق	جولتاي	91
اقشا	عوي	89
اقشا	سال	64
اقشا	مەن	101
اقشا	دەپ	77
اقشا	جوق	52
اقشا	ەكەن	13
اقشا	نە	77
اقشا	بار	73
اقشا	بولىپ	33
اقشا	الى	88
اقشا	الىپ	100
اقشا	بولسا	45
اقشا	تۇر	37
اقشا	مەندە	99
اقشا	بولادى	97
اقشا	ول	98
اقشا	قايدا	96
اقشا	دەيدى	66
اقشا	قالاي	89
اقشا	كەتتى	98
اقشا	قالدى	95
اقشا	اقشا	92
اقشا	دەگەن	31
اقشا	ەمەس	62
اقشا	بارما	66
اقشا	كوپ	44
اقشا	كەتىپ	62
اقشا	بەر	95
اقشا	بەرىپ	59
اقشا	ەدى	36
اقشا	از	95
اقشا	الماي	85
اقشا	الدى	91
اقشا	الدىم	88
اقشا	ات	82
اقشا	اتىپ	54
اقشا	دەسە	36
اقشا	كەرەك	90
اقشا	بەرە	30
اقشا	بەرەيىن	63
اقشا	تاۋىپ	70
اقشا	الايىن	24
اقشا	قاتتى	95
اقشا	سالىپ	90
اقشا	عانا	67
اقشا	قيىن	92
اقشا	تۇسىپ	74
اقشا	قالعان	91
اقشا	قوسىپ	100
اقشا	كۇپ	82
اقشا	سۇرا	73
اقشا	سۇراپ	99
اقشا	قايدان	39
اقشا	كەلەدى	99
اقشا	ۇشىن	92
اقشا	بولماي	56
اقشا	بولماسا	54
اقشا	العان	74
اقشا	بولسادا	69
اقشا	كەتەدى	100
اقشا	بەرەم	74
اقشا	بولاتىن	74
اقشا	الاتىن	100
اقشا	بەرشى	73
اقشا	بەرەدى	64
اقشا	بىردەمە	71
اقشا	وڭاي	94
اقشا	شىعارىپ	99
اقشا	ىزدەپ	79
اقشا	كەلسە	65
اقشا	الام	96
اقشا	بەرەتىن	91
اقشا	بەرەمىن	69
اقشا	المايمىن	89
اقشا	الادى	89
اقشا	بەرسە	76
اقشا	بەرسەڭ	73
اقشا	اتا	76
اقشا	الامىن	88
اقشا	ۇستاپ	101
اقشا	بەرگەن	99
اقشا	جايلى	77
اقشا	قۇيىپ	90
اقشا	بەردى	82
اقشا	بەردىم	79
اقشا	شاق	85
اقشا	اتشى	86
اقشا	بەرمە	62
اقشا	بەرمەي	99
اقشا	شىعادى	70
اقشا	المايدى	99
اقشا	قاجەت	89
اقشا	قىيىن	42
اقشا	قارىز	98
اقشا	العام	85
اقشا	شعارىپ	94
اقشا	بەرەسىڭ	96
اقشا	تاپ	92
اقشا	شىقپاي	67
اقشا	سالا	83
اقشا	بەرسەم	100
اقشا	سۇراي	87
اقشا	سۇرايىن	96
اقشا	تابا	87
اقشا	جەتپەي	59
اقشا	بەرەمىز	59
اقشا	قالماي	100
اقشا	تاۇىپ	74
اقشا	شىقسا	65
اقشا	سالاتىن	96
اقشا	قالمادى	98
اقشا	نى	59
اقشا	تۇسە	67
اقشا	بەرمەيدى	89
اقشا	مايلاپ	79
اقشا	شىعاما	97
اقشا	جيىپ	81
اقشا	تۇسكەندە	75
اقشا	تاپقان	58
اقشا	الۋ	83
اقشا	تيمەي	96
اقشا	سۇراسا	89
اقشا	سۇراسام	85
اقشا	بەرەسىڭبە	77
اقشا	العاندا	100
اقشا	جيناپ	101
اقشا	بەرپ	81
اقشا	اتقان	98
اقشا	سۇرادى	96
اقشا	بەرمەدى	83
اقشا	جوقتا	87
اقشا	اتايىن	70
اقشا	شىقپايدى	94
اقشا	تيسە	101
اقشا	جەتبەي	85
اقشا	سۇراعان	75
اقشا	بەرمەسە	78
اقشا	بەرمەسەڭ	94
اقشا	باردا	88
اقشا	شاشىپ	97
اقشا	بەرەمە	88
اقشا	تابالماي	101
اقشا	سىن	72
اقشا	تولەپ	86
اقشا	بارەدى	76
اقشا	سۇرايدى	95
اقشا	شعاما	74
اقشا	تابام	97
اقشا	تابىلادى	78
اقشا	تابىلماي	72
اقشا	تاپشى	79
اقشا	قۇمار	93
اقشا	كەتپەيدى	94
اقشا	تاپپاي	98
اقشا	تاپتىڭبا	89
اقشا	تۇسسە	86
اقشا	سۇراساڭ	75
اقشا	تاپسا	94
اقشا	تاپساڭ	96
اقشا	تاۋپ	84
اقشا	قالماپتى	96
اقشا	تۇلەپ	97
اقشا	تاۋا	88
اقشا	تابادى	91
اقشا	سۇراما	91
اقشا	مايلايتىن	92
اقشا	بەردىمە	96
اقشا	سۇرايتىن	100
اقشا	تابايىن	92
اقشا	تاباسىڭ	85
اقشا	تابىلسا	100
اقشا	سۇراعاندا	99
اقشا	تابامىن	91
اقشا	سۇراپتى	96
اقشا	تاپسام	93
اقشا	تابۋ	78
اقشا	تاباتىن	66
اقشا	سۇرامايمىن	75
اقشا	ماسەلەسى	99
اقشا	جەتسپەي	91
اقشا	تابامىز	100
اقشا	تابايىق	99
اقشا	تاپقاندا	93
اقشا	تاپساق	95
دەگەن	عوي	98
دەگەن	جانىم	36
دەگەن	مەن	90
دەگەن	دەپ	64
دەگەن	جوق	83
دەگەن	جاقسى	39
دەگەن	بولدى	50
دەگەن	ەكەن	93
دەگەن	بىر	59
دەگەن	سول	44
دەگەن	نە	32
دەگەن	بار	37
دەگەن	سەن	64
دەگەن	ەندى	74
دەگەن	قوي	79
دەگەن	الى	91
دەگەن	ەرتەڭ	76
دەگەن	ادام	100
دەگەن	بۇگىن	53
دەگەن	مەندە	88
دەگەن	سودان	96
دەگەن	ماعان	78
دەگەن	ەكى	87
دەگەن	مەنىڭ	85
دەگەن	قاي	81
دەگەن	ول	73
دەگەن	قايدا	75
دەگەن	وسى	93
دەگەن	دەي	35
دەگەن	دەيدى	88
دەگەن	قالاي	92
دەگەن	دوسىم	87
دەگەن	كىم	90
دەگەن	اق	55
دەگەن	اقشا	100
دەگەن	كۇنى	93
دەگەن	بارما	76
دەگەن	بىراق	96
دەگەن	تاعى	93
دەگەن	وي	94
دەگەن	كوپ	60
دەگەن	نەدەگەن	73
دەگەن	قانداي	67
دەگەن	ەدى	70
دەگەن	سەنىڭ	73
دەگەن	راس	93
دەگەن	كەشە	63
دەگەن	ان	90
دەگەن	تەز	70
دەگەن	سوڭ	90
دەگەن	ات	19
دەگەن	اتى	86
دەگەن	اۋىرىپ	95
دەگەن	شىعار	98
دەگەن	كەزدە	74
دەگەن	وعان	79
دەگەن	بالا	66
دەگەن	سونى	63
دەگەن	ەدىم	83
دەگەن	قابار	56
دەگەن	قيىن	97
دەگەن	ەكەنسىڭ	70
دەگەن	ۇلكەن	81
دەگەن	كەرەمەت	87
دەگەن	ودان	99
دەگەن	سوعان	91
دەگەن	كۇپ	77
دەگەن	جەر	88
دەگەن	جەردە	76
دەگەن	ەمەسپە	81
دەگەن	قىز	81
دەگەن	جامان	71
دەگەن	بىرەۋ	66
دەگەن	ءبىر	88
دەگەن	شىن	85
دەگەن	بولماسا	85
دەگەن	جۇرەگىم	100
دەگەن	جەرگە	86
دەگەن	قىزدار	75
دەگەن	باعانا	70
دەگەن	اڭگىمە	90
دەگەن	سياقتى	86
دەگەن	قايسى	46
دەگەن	بولاتىن	92
دەگەن	سونداي	92
دەگەن	ءالى	91
دەگەن	نارسە	93
دەگەن	ەڭ	55
دەگەن	بەكەر	83
دەگەن	كىسى	92
دەگەن	ەدىڭ	51
دەگەن	قۇساپ	65
دەگەن	وڭاي	96
دەگەن	اياق	69
دەگەن	جەردەن	96
دەگەن	جىگىت	94
دەگەن	ەرەكشە	67
دەگەن	كىسىلەر	100
دەگەن	ەل	58
دەگەن	قاتىن	97
دەگەن	شعار	95
دەگەن	ايەل	93
دەگەن	سوز	90
دەگەن	ادامدى	48
دەگەن	سۇز	92
دەگەن	كسى	53
دەگەن	پالە	65
دەگەن	ىراس	96
دەگەن	ادامعا	96
دەگەن	قىيىن	88
دەگەن	سايىن	92
دەگەن	نەمەنە	60
دەگەن	وسىنداي	91
دەگەن	ادامنىڭ	86
دەگەن	جوقپا	100
دەگەن	ءان	88
دەگەن	جىگىتتەر	64
دەگەن	ۇقسايدى	98
دەگەن	جەرى	100
دەگەن	جەتەدى	74
دەگەن	سىياقتى	77
دەگەن	ءسوز	79
دەگەن	جەرىڭ	31
دەگەن	بالانىڭ	81
دەگەن	بالاعا	88
دەگەن	ادال	98
دەگەن	نارسەنى	99
دەگەن	كەلىنشەك	84
دەگەن	جوقپىن	94
دەگەن	كسلەر	95
دەگەن	ويىڭ	82
دەگەن	كىسىنىڭ	98
دەگەن	جەرىن	64
دەگەن	ويىم	89
دەگەن	سوزىڭ	68
دەگەن	سەكىلدى	84
دەگەن	سەزىم	85
دەگەن	سۇزىڭ	95
دەگەن	سوزدى	88
دەگەن	سۇزدى	69
دەگەن	كىسلەر	72
دەگەن	سوزىڭدى	87
دەگەن	ءاندى	92
دەگەن	جولدارى	57
دەگەن	اندى	92
دەگەن	سۇزىڭدى	62
دەگەن	كسىلەر	96
دەگەن	كسنىڭ	90
دەگەن	كىسىگە	81
دەگەن	ويعا	100
دەگەن	جەرىنە	92
دەگەن	سۇڭ	96
دەگەن	سوزىم	97
دەگەن	سۇزىم	97
دەگەن	ويدا	100
دەگەن	اۋزىڭنان	95
دەگەن	كىسنىڭ	85
دەگەن	كسىنىڭ	94
دەگەن	ءسوزدى	96
دەگەن	ويمەن	90
يە	جانىم	87
يە	مەن	31
يە	دەپ	42
يە	جوق	78
يە	بول	87
يە	جاقسى	68
يە	بولدى	34
يە	بىر	16
يە	سول	73
يە	نە	26
يە	نەعىپ	74
يە	بار	93
يە	سەن	80
يە	ەندى	68
يە	بولىپ	64
يە	راحىمەت	76
يە	ماقۇل	76
يە	الى	37
يە	وندا	96
يە	كەلىپ	24
يە	يا	83
يە	ەرتە	44
يە	ەرتەڭ	97
يە	ادام	73
يە	بۇگىن	99
يە	مەندە	70
يە	سودان	58
يە	ماعان	85
يە	بارىپ	88
يە	ەكى	83
يە	مەنى	99
يە	مەنىڭ	91
يە	قاي	92
يە	بولا	96
يە	بولادى	70
يە	نەگە	56
يە	ول	91
يە	قايدا	61
يە	سەنى	98
يە	ساعان	98
يە	وسى	96
يە	جارايدى	80
يە	تاماق	42
يە	ۇيدە	88
يە	ۇيگە	87
يە	ايتىپ	89
يە	دوسىم	100
يە	كىم	85
يە	امان	84
يە	يە	90
يە	ونى	68
يە	قانشا	63
يە	ۇزىڭ	98
يە	قاشان	99
يە	قاربالاس	83
يە	تاڭەرتەڭ	86
يە	بىراز	96
يە	مىنا	95
يە	نەدەگەن	100
يە	كەشتە	92
يە	راس	96
يە	ازىر	74
يە	ىستەپ	100
يە	كەشە	94
يە	انا	86
يە	جول	97
يە	سوندا	81
يە	ايتەۋ	98
يە	اعا	96
يە	بوپ	95
يە	تۇندە	99
يە	وعان	94
يە	جاڭا	86
يە	سونى	99
يە	بىز	90
يە	بولعان	86
يە	دۇرىس	96
يە	ەشتەڭە	63
يە	اس	93
يە	جەجە	74
يە	ودا	85
يە	جاڭە	92
يە	قايدان	94
يە	بولىپتى	97
يە	بولماي	99
يە	باعانا	92
يە	جالعىز	94
يە	سونداي	98
يە	سۇيت	79
يە	سۇيتىپ	87
يە	بىلاي	79
يە	جوعا	18
يە	سولاي	84
يە	بوپتى	77
يە	بىزدە	44
يە	بىلايدە	85
يە	باسە	50
يە	دال	54
يە	دۇرس	100
يە	جون	67
يە	سۇيتەدى	77
يە	بىلدىم	83
يە	جۇن	91
يە	بلاي	92
يە	بلايدە	90
يە	بىلايدەڭىز	84
يە	بولاسىز	83
كۇنى	عوي	97
كۇنى	جانىم	62
كۇنى	مەن	96
كۇنى	دەپ	50
كۇنى	جوق	66
كۇنى	بولسىن	77
كۇنى	جاقسى	39
كۇنى	بولدى	82
كۇنى	ەكەن	88
كۇنى	بىر	42
كۇنى	سول	35
كۇنى	نە	78
كۇنى	بار	76
كۇنى	سەن	79
كۇنى	قوي	63
كۇنى	الىپ	85
كۇنى	ون	74
كۇنى	كەل	96
كۇنى	كەلىپ	74
كۇنى	ەرتە	67
كۇنى	ەرتەڭ	93
كۇنى	ادام	91
كۇنى	بولسا	84
كۇنى	بۇگىن	81
كۇنى	مەندە	76
كۇنى	ماعان	76
كۇنى	بارىپ	66
كۇنى	ەكى	55
كۇنى	مەنى	61
كۇنى	مەنىڭ	69
كۇنى	بولادى	78
كۇنى	نەگە	85
كۇنى	ول	82
كۇنى	قايدا	84
كۇنى	سەنى	95
كۇنى	ساعان	76
كۇنى	وسى	69
كۇنى	تاماق	78
كۇنى	دەيدى	97
كۇنى	ۇيدە	97
كۇنى	ۇيگە	95
كۇنى	تەلەفون	80
كۇنى	ايت	79
كۇنى	ايتىپ	89
كۇنى	بىرگە	71
كۇنى	كۇن	89
كۇنى	اق	94
كۇنى	اقشا	95
كۇنى	كۇنى	84
كۇنى	بىراق	77
كۇنى	قانشا	69
كۇنى	ۇزىڭ	90
كۇنى	قاشان	99
كۇنى	ىشىپ	98
كۇنى	تاعى	99
كۇنى	كوپ	61
كۇنى	كەتىپ	98
كۇنى	تاڭەرتەڭ	89
كۇنى	قۇتتى	57
كۇنى	بىراز	12
كۇنى	شاي	91
كۇنى	ەدى	89
كۇنى	باس	81
كۇنى	سەنىڭ	96
كۇنى	كەش	89
كۇنى	كەشتە	81
كۇنى	قايتا	42
كۇنى	انا	85
كۇنى	يۋان	89
كۇنى	قايتىپ	74
كۇنى	ۇش	92
كۇنى	جۇمىس	82
كۇنى	اتىپ	100
كۇنى	اۋىرىپ	75
كۇنى	تۇندە	98
كۇنى	بەرەيىن	60
كۇنى	شىعىپ	63
كۇنى	سەندە	100
كۇنى	بىز	99
كۇنى	ايتقان	95
كۇنى	بارام	84
كۇنى	كەلە	70
كۇنى	قاتتى	86
كۇنى	عانا	88
كۇنى	ۋاقىت	74
كۇنى	ۇلكەن	85
كۇنى	سوم	94
كۇنى	مال	92
كۇنى	سوعان	83
كۇنى	بەس	92
كۇنى	اپارىپ	91
كۇنى	ەمەسپە	92
كۇنى	كەلەدى	86
كۇنى	ساعات	85
كۇنى	مىڭ	79
كۇنى	توي	93
كۇنى	بىرەۋ	87
كۇنى	ءبىر	90
كۇنى	بارايىن	88
كۇنى	تۋىلعان	72
كۇنى	بولماسا	94
كۇنى	العان	93
كۇنى	تۇستە	87
كۇنى	تۇستەن	74
كۇنى	بولسادا	65
كۇنى	كەتەدى	88
كۇنى	باراتىن	99
كۇنى	بەرەم	95
كۇنى	ەكەمىز	72
كۇنى	بولاتىن	97
كۇنى	سۇيتىپ	69
كۇنى	بارامىن	95
كۇنى	كەلگەن	69
كۇنى	نان	91
كۇنى	بىزدىڭ	93
كۇنى	بەرەدى	97
كۇنى	دەم	96
كۇنى	باستاپ	94
كۇنى	ىزدەپ	94
كۇنى	جارىم	95
كۇنى	بارامىز	92
كۇنى	بەرەتىن	83
كۇنى	بارعاندا	94
كۇنى	كەلگەندە	92
كۇنى	بەرەمىن	97
كۇنى	ايدىڭ	79
كۇنى	اۋدانعا	94
كۇنى	ايتتىم	97
كۇنى	قايتارىپ	78
كۇنى	كەشكە	76
كۇنى	ماس	81
كۇنى	كەلەتىن	86
كۇنى	بارسام	96
كۇنى	كۇندىز	93
كۇنى	شىعادى	85
كۇنى	قوناق	94
كۇنى	تولىق	95
كۇنى	دەمالىس	94
كۇنى	بارايىق	93
كۇنى	قايتام	82
كۇنى	ايتىم	95
كۇنى	قۇلجاعا	96
كۇنى	كەلەم	99
كۇنى	ايلىق	98
كۇنى	ەكەنىن	93
كۇنى	ۇرىمجىگە	96
كۇنى	بەرسەم	98
كۇنى	ايتقام	98
كۇنى	وتىرايىق	88
كۇنى	تۇنى	89
كۇنى	كەزىگەيىك	68
كۇنى	كيلى	91
كۇنى	سەنبى	78
كۇنى	جۇما	90
كۇنى	قۇتى	98
كۇنى	اداممەن	90
كۇنى	بۇگىنگە	77
ەمەس	عوي	89
ەمەس	جان	55
ەمەس	جانىم	93
ەمەس	مەن	34
ەمەس	دەپ	50
ەمەس	جاقسى	47
ەمەس	بولدى	79
ەمەس	ەكەن	74
ەمەس	بىر	18
ەمەس	سول	53
ەمەس	نە	69
ەمەس	بار	68
ەمەس	سەن	82
ەمەس	ەندى	50
ەمەس	بولىپ	67
ەمەس	قوي	69
ەمەس	ون	15
ەمەس	يا	94
ەمەس	ەرتەڭ	93
ەمەس	ادام	88
ەمەس	بولسا	79
ەمەس	بۇگىن	79
ەمەس	مەندە	85
ەمەس	سودان	76
ەمەس	ماعان	99
ەمەس	بارى	67
ەمەس	ەكى	87
ەمەس	مەنى	54
ەمەس	مەنىڭ	83
ەمەس	ول	73
ەمەس	سەنى	60
ەمەس	ساعان	73
ەمەس	وسى	72
ەمەس	دەيدى	79
ەمەس	ۇي	67
ەمەس	دوسىم	99
ەمەس	اقشا	82
ەمەس	دەگەن	88
ەمەس	ەمەس	91
ەمەس	ونى	95
ەمەس	بىراق	94
ەمەس	ۇز	73
ەمەس	ۇزىڭ	97
ەمەس	تاعى	87
ەمەس	كوپ	99
ەمەس	بىراز	91
ەمەس	مىنا	93
ەمەس	ەدى	90
ەمەس	باسقا	68
ەمەس	سەنىڭ	67
ەمەس	راس	74
ەمەس	از	79
ەمەس	ازىر	90
ەمەس	قايتا	95
ەمەس	انا	70
ەمەس	پا	87
ەمەس	ۇش	87
ەمەس	وز	84
ەمەس	وزىڭ	100
ەمەس	ايتەۋ	89
ەمەس	بوپ	84
ەمەس	شىعار	95
ەمەس	وعان	38
ەمەس	بالا	100
ەمەس	سەندە	97
ەمەس	بىز	95
ەمەس	ەدىم	97
ەمەس	ەكەنسىڭ	89
ەمەس	ۇلكەن	62
ەمەس	بۇل	95
ەمەس	كۇندە	87
ەمەس	مال	99
ەمەس	قازىر	96
ەمەس	ەي	98
ەمەس	بەس	96
ەمەس	دەشى	93
ەمەس	شارشاپ	93
ەمەس	شىن	96
ەمەس	سياقتى	80
ەمەس	ەكەم	64
ەمەس	دەدىم	95
ەمەس	بولاتىن	93
ەمەس	قاتە	84
ەمەس	ونداي	87
ەمەس	ۇزىم	94
ەمەس	ەدىڭ	98
ەمەس	ونىڭ	70
ەمەس	نەشە	94
ەمەس	ناق	91
ەمەس	قۇرسىن	94
ەمەس	شعار	100
ەمەس	تەك	62
ەمەس	ايەل	79
ەمەس	ەلدىڭ	96
ەمەس	تالاي	85
ەمەس	شىعارسىڭ	94
ەمەس	ەكەنىن	81
ەمەس	ۇقسايدى	79
ەمەس	يت	98
ەمەس	سىياقتى	97
ەمەس	ەكەسىڭ	95
ەمەس	شعارسىڭ	92
ەمەس	بەكەن	98
ەمەس	شىعارمىن	97
بارما	جانىم	91
بارما	مەن	51
بارما	دەپ	63
بارما	جوق	33
بارما	بولدى	46
بارما	ەكەن	97
بارما	بىر	15
بارما	سول	23
بارما	نە	94
بارما	نەعىپ	64
بارما	بار	99
بارما	سەن	53
بارما	ەندى	94
بارما	وندا	95
بارما	ەرتەڭ	91
بارما	ادام	73
بارما	بولسا	83
بارما	بۇگىن	87
بارما	مەندە	73
بارما	ماعان	85
بارما	ەكى	75
بارما	مەنى	41
بارما	مەنىڭ	96
بارما	ول	98
بارما	وسى	81
بارما	دەيدى	65
بارما	قالاي	66
بارما	ۇيدە	69
بارما	تەلەفون	64
بارما	دوسىم	84
بارما	كىم	79
بارما	اقشا	95
بارما	دەگەن	99
بارما	بارما	84
بارما	قانشا	97
بارما	ۇزى	85
بارما	تاعى	86
بارما	كەتىپ	97
بارما	تاڭەرتەڭ	88
بارما	بىراز	96
بارما	مىنا	86
بارما	بەرىپ	96
بارما	ەدى	79
بارما	سەنىڭ	52
بارما	ازىر	86
بارما	جولداپ	93
بارما	ۇش	88
بارما	سوندا	72
بارما	وزى	80
بارما	اعا	94
بارما	دەسە	88
بارما	دەسەم	98
بارما	كەرەك	76
بارما	سونى	99
بارما	سەندە	99
بارما	قابارلاسىڭىزدار	62
بارما	ايتا	94
بارما	دەيمىن	98
بارما	قازىر	95
بارما	جەجە	88
بارما	بەس	87
بارما	دەشى	97
بارما	ءبىر	96
بارما	دەدىم	98
بارما	جولداشى	96
بارما	باعاسى	94
بارما	ايتشى	84
بارما	دال	98
بارما	دەرەۋ	79
بارما	جوقپا	89
بارما	دەگەنىم	53
بارما	ساتاتىن	86
بارما	قاسىڭدا	71
بارما	سىزدە	74
بارما	جانىڭدا	86
بارما	جوقبا	91
بارما	باساتىن	74
بارما	بىرادام	93
بارما	باربولسا	82
بارما	الدىراتىن	83
ونى	عوي	90
ونى	جانىم	82
ونى	مەن	97
ونى	دەپ	48
ونى	جاقسى	99
ونى	بىر	64
ونى	سول	66
ونى	نە	74
ونى	نەعىپ	51
ونى	سەن	76
ونى	ەندى	58
ونى	قوي	67
ونى	الى	86
ونى	الىپ	98
ونى	ەرتەڭ	77
ونى	مەندە	87
ونى	ماعان	69
ونى	قاي	73
ونى	نەگە	95
ونى	ول	49
ونى	قايدا	94
ونى	ساعان	75
ونى	قالاي	86
ونى	ايت	57
ونى	ايتىپ	78
ونى	كىم	63
ونى	كەيىن	52
ونى	كۇنى	94
ونى	ۇزى	55
ونى	ۇزىڭ	99
ونى	قاشان	56
ونى	قويشى	85
ونى	تاعى	67
ونى	قايتا	77
ونى	انا	90
ونى	قايتىپ	98
ونى	وزىڭ	59
ونى	ايتتى	60
ونى	ايتتىڭ	87
ونى	كورىپ	6
ونى	ايتقان	95
ونى	دۇرىس	98
ونى	ايتا	80
ونى	اپارىپ	96
ونى	سۇراپ	93
ونى	قايدان	84
ونى	قويىپ	35
ونى	ويلاپ	89
ونى	ايتىڭ	75
ونى	جۋىپ	23
ونى	ۇزىم	97
ونى	قايتەم	86
ونى	بىلمەي	80
ونى	بىلمەيمىن	95
ونى	وزىم	80
ونى	اشىق	87
ونى	دال	98
ونى	بىلەم	95
ونى	ۇمىتىپ	50
ونى	ايتاسىڭ	87
ونى	ءوزىڭ	94
ونى	قايتەسىڭ	86
ونى	بىلىپ	60
ونى	بىلەسىڭ	69
ونى	ايتپا	82
ونى	ايتساڭ	79
ونى	بىلمەدىم	91
ونى	ايتىڭىز	52
ونى	ايتسام	62
ونى	قايتەمىز	94
ونى	كىمگە	93
ونى	ۋاعىندا	99
ونى	اپتەن	94
ونى	ايتپاشى	99
ونى	بىلەمىن	92
ونى	نەمەنەگە	69
ونى	بىلمەيدى	90
ونى	ايتبا	84
ونى	ويلاسام	90
ونى	بىلسەڭ	87
ونى	ايتتىڭىز	67
ونى	تۇسىنەم	27
ونى	نەسىن	99
ونى	كىمنەن	89
ونى	ايتڭ	97
ونى	ايتڭىز	81
ونى	نەعىلاسىڭ	79
ونى	ايتتڭ	76
ونى	بلەم	67
ونى	ۇقپادىم	95
ونى	نەقىلاسىڭ	88
ونى	ايىتتىڭ	95
ونى	ايتتڭىز	85
بىراق	جانىم	86
بىراق	مەن	90
بىراق	جوق	26
بىراق	جاقسى	55
بىراق	بولدى	66
بىراق	بىر	91
بىراق	سول	53
بىراق	نە	43
بىراق	بار	85
بىراق	سەن	69
بىراق	ەندى	30
بىراق	ال	62
بىراق	الى	88
بىراق	الىپ	87
بىراق	كەل	55
بىراق	كەلىپ	70
بىراق	ەرتەڭ	75
بىراق	ادام	86
بىراق	بۇگىن	78
بىراق	مەندە	75
بىراق	ماعان	67
بىراق	بارى	58
بىراق	بارىپ	79
بىراق	ەكى	78
بىراق	مەنى	80
بىراق	مەنىڭ	59
بىراق	نەگە	55
بىراق	ول	88
بىراق	سەنى	50
بىراق	ساعان	51
بىراق	وسى	54
بىراق	تاماق	67
بىراق	قالاي	95
بىراق	ۇيگە	95
بىراق	تەلەفون	97
بىراق	ايتىپ	96
بىراق	بىرگە	73
بىراق	كۇن	92
بىراق	كىم	74
بىراق	كەت	99
بىراق	كەتتى	89
بىراق	كەي	78
بىراق	كەيىن	95
بىراق	اقشا	93
بىراق	ونى	84
بىراق	قانشا	81
بىراق	ۇزىڭ	96
بىراق	ىشىپ	78
بىراق	تاعى	86
بىراق	كوپ	83
بىراق	كەتىپ	81
بىراق	بىراز	75
بىراق	مىنا	90
بىراق	بەر	85
بىراق	بەرىپ	92
بىراق	باسقا	74
بىراق	سەنىڭ	91
بىراق	راس	57
بىراق	از	95
بىراق	ازىر	99
بىراق	كەشە	79
بىراق	قايتا	99
بىراق	انا	98
بىراق	ۇيقتاپ	79
بىراق	قايتىپ	94
بىراق	جولداپ	97
بىراق	كەتتىم	94
بىراق	وزىڭ	96
بىراق	ايتەۋ	84
بىراق	اتىپ	81
بىراق	اۋىرىپ	75
بىراق	بەرە	78
بىراق	بەرەيىن	79
بىراق	كەلدى	88
بىراق	كەلدىم	86
بىراق	شىعىپ	97
بىراق	كورىپ	84
بىراق	وعان	97
بىراق	سەندە	77
بىراق	بىز	85
بىراق	الايىن	85
بىراق	بارام	77
بىراق	قاتتى	77
بىراق	سالىپ	85
بىراق	جاتىپ	96
بىراق	ايتا	96
بىراق	ۋاقىت	98
بىراق	ەشتەڭە	94
بىراق	ۇلكەن	95
بىراق	بۇل	99
بىراق	كۇندە	84
بىراق	قازىر	86
بىراق	تۇسىپ	79
بىراق	قوسىپ	80
بىراق	سوعان	91
بىراق	اپارىپ	98
بىراق	كۇپ	85
بىراق	جامان	90
بىراق	ايتام	94
بىراق	كەلەدى	95
بىراق	توي	77
بىراق	بارايىن	97
بىراق	اشىپ	74
بىراق	شارشاپ	91
بىراق	شىن	99
بىراق	جۇرەگىم	97
بىراق	امال	88
بىراق	كەتەدى	66
بىراق	باراتىن	91
بىراق	بەرەم	90
بىراق	جۋىپ	92
بىراق	ەكەمىز	71
بىراق	جەپ	97
بىراق	بارىن	78
بىراق	سونداي	93
بىراق	ءالى	93
بىراق	قاتە	98
بىراق	بارامىن	85
بىراق	ونداي	86
بىراق	ۇزىم	81
بىراق	بىزدىڭ	89
بىراق	بەرەدى	98
بىراق	تارتىپ	96
بىراق	سىز	90
بىراق	ونىڭ	88
بىراق	وزىم	86
بىراق	باسىپ	92
بىراق	سۋ	98
بىراق	بىلەدى	97
بىراق	وتە	95
بىراق	ارتىق	85
بىراق	مەنەن	96
بىراق	شىعارىپ	98
بىراق	كىرىپ	91
بىراق	شعىپ	93
بىراق	بارامىز	98
بىراق	الام	86
بىراق	اكەپ	94
بىراق	سەنەن	98
بىراق	بارادى	94
بىراق	ەل	89
بىراق	ايتتىم	95
بىراق	قايتارىپ	99
بىراق	ايتايىن	91
بىراق	اتا	98
بىراق	كورەيىن	92
بىراق	ايەل	98
بىراق	ماس	94
بىراق	كەلەتىن	98
بىراق	الامىن	95
بىراق	ساتىپ	97
بىراق	بىلىپ	86
بىراق	تازالاپ	97
بىراق	ۇتە	93
بىراق	رەت	91
بىراق	كەتەم	85
بىراق	شىعادى	90
بىراق	كەيدە	91
بىراق	تولىق	85
بىراق	بارايىق	93
بىراق	اۋىز	84
بىراق	قايتام	87
بىراق	شىق	81
بىراق	توقتاپ	91
بىراق	شىقتى	90
بىراق	ولار	97
بىراق	كەلەم	96
بىراق	كەتەيىن	93
بىراق	جۇىپ	99
بىراق	شىعام	95
بىراق	بىلدىم	95
بىراق	قايتامىن	91
بىراق	قايتايىن	94
بىراق	سوندادا	98
بىراق	ۇشىرىپ	97
بىراق	وشىرىپ	97
بىراق	ىسىپ	97
بىراق	شەشىپ	84
جاقسىما	جانىم	87
جاقسىما	مەن	19
جاقسىما	دەپ	63
جاقسىما	جوق	85
جاقسىما	جاقسى	90
جاقسىما	ەكەن	64
جاقسىما	سول	74
جاقسىما	نە	91
جاقسىما	نەعىپ	73
جاقسىما	راحىمەت	19
جاقسىما	ماقۇل	66
جاقسىما	كەلىپ	91
جاقسىما	يا	58
جاقسىما	ەرتەڭ	84
جاقسىما	بۇگىن	88
جاقسىما	مەندە	77
جاقسىما	سودان	87
جاقسىما	ماعان	77
جاقسىما	مەنىڭ	83
جاقسىما	قايىرلى	94
جاقسىما	قايدا	65
جاقسىما	وسى	97
جاقسىما	جارايدى	98
جاقسىما	قال	95
جاقسىما	قالاي	97
جاقسىما	ۇي	95
جاقسىما	ۇيدە	77
جاقسىما	ايت	90
جاقسىما	بىرگە	71
جاقسىما	دوسىم	69
جاقسىما	امان	33
جاقسىما	امانشىلىق	50
جاقسىما	ۇزىڭ	74
جاقسىما	قاربالاس	87
جاقسىما	وي	99
جاقسىما	مىنا	88
جاقسىما	قانداي	92
جاقسىما	امانسىڭبا	95
جاقسىما	كەش	96
جاقسىما	ىستەپ	85
جاقسىما	وزىڭ	88
جاقسىما	اعا	95
جاقسىما	تۇندە	80
جاقسىما	قايداسىڭ	99
جاقسىما	بارسىڭبا	83
جاقسىما	بالا	80
جاقسىما	ايتقانىڭ	80
جاقسىما	سونىمەن	77
جاقسىما	ۇلكەن	50
جاقسىما	مال	88
جاقسىما	جەجە	78
جاقسىما	اينالايىن	90
جاقسىما	ايتىڭ	90
جاقسىما	ورازا	57
جاقسىما	الگى	79
جاقسىما	قالىڭ	89
جاقسىما	دەنساۋلىق	88
جاقسىما	ايىت	76
جاقسىما	بىزدە	87
جاقسىما	سومەن	79
جاقسىما	بالام	97
جاقسىما	دەنساۋلىعىڭ	90
جاقسىما	بالالار	75
جاقسىما	باۋىرىم	52
جاقسىما	ايتتارىڭ	81
جاقسىما	ايتتارىڭىز	86
جاقسىما	ايتىڭىز	92
جاقسىما	بۇگىنگى	85
جاقسىما	امانشىلىقپا	77
جاقسىما	جەڭگە	90
جاقسىما	كەلىن	94
جاقسىما	تاڭعى	95
جاقسىما	باللار	98
جاقسىما	ىنىم	93
جاقسىما	بالار	89
جاقسىما	ايتارىڭ	87
جاقسىما	ەرتەڭگى	98
جاقسىما	قارىنداس	96
قان	جوق	95
قان	بولىپ	60
قان	الىپ	57
قان	كەلىپ	39
قان	از	55
قان	الدى	29
قان	شىعىپ	58
قان	باسىم	48
قان	الادى	22
قان	الدىرىپ	58
قان	توقتاماي	54
قان	اعىپ	53
قان	تەكسەرتىپ	29
قان	تامىر	50
قان	ازدىق	37
قان	تولتىراتىن	29
قانشا	جانىم	54
قانشا	مەن	87
قانشا	دەپ	65
قانشا	جاقسى	46
قانشا	بولدى	67
قانشا	ەكەن	35
قانشا	بىر	15
قانشا	بار	72
قانشا	بولىپ	64
قانشا	قوي	57
قانشا	الىپ	77
قانشا	كەلى	79
قانشا	ەرتە	93
قانشا	ادام	95
قانشا	بولسا	34
قانشا	قاي	75
قانشا	بولادى	87
قانشا	دەيدى	33
قانشا	ۇي	57
قانشا	اي	98
قانشا	كۇن	71
قانشا	قالدى	28
قانشا	اقشا	66
قانشا	قانشا	42
قانشا	قاربالاس	88
قانشا	كوپ	66
قانشا	بەرىپ	95
قانشا	ەدى	90
قانشا	يۋان	41
قانشا	جول	55
قانشا	الدى	96
قانشا	سوندا	84
قانشا	تەز	97
قانشا	اتىپ	98
قانشا	بوپ	88
قانشا	كەرەك	88
قانشا	بالا	67
قانشا	كەلە	84
قانشا	ۋاق	69
قانشا	ۋاقىت	90
قانشا	سوم	24
قانشا	كۇندە	79
قانشا	مال	50
قانشا	الدىڭ	97
قانشا	جەر	80
قانشا	جەردە	95
قانشا	قىز	78
قانشا	جامان	92
قانشا	ساعات	86
قانشا	مىڭ	67
قانشا	بولىپتى	82
قانشا	جەرگە	95
قانشا	باعا	89
قانشا	بولسادا	98
قانشا	كەتەدى	78
قانشا	بەرەم	79
قانشا	جاس	81
قانشا	بولات	73
قانشا	باعاسى	98
قانشا	بەرەدى	57
قانشا	ارتىق	63
قانشا	جىل	73
قانشا	دەيسىڭ	52
قانشا	الادى	93
قانشا	پۇل	66
قانشا	تال	73
قانشا	ەشكى	69
قانشا	رەت	97
قانشا	بولار	55
قانشا	بەردى	87
قانشا	شىعادى	91
قانشا	كىرە	80
قانشا	قاجەت	96
قانشا	ادامعا	98
قانشا	يۇان	94
قانشا	قارىز	88
قانشا	اتام	71
قانشا	تاي	70
قانشا	سيىر	85
قانشا	تۇرادى	96
قانشا	الاسىڭ	84
قانشا	ايلىق	67
قانشا	ورنى	93
قانشا	ەكەنىن	91
قانشا	بەرەسىڭ	81
قانشا	كۇنگە	69
قانشا	نومىر	73
قانشا	كۇندىك	91
قانشا	ۋاقىتتا	86
قانشا	شعادى	54
قانشا	بالاڭ	98
قانشا	اقشاڭ	76
قانشا	پايدا	83
قانشا	ۇاقىت	97
قانشا	كيلى	69
قانشا	جوزى	76
قانشا	تۇياق	93
قانشا	مينوت	79
قانشا	ۋاقتا	78
قانشا	مەتىر	88
قانشا	بەردىڭ	81
قانشا	كىلى	91
قانشا	ۋاقتتا	85
قانشا	سومدىق	72
قانشا	ىرەت	89
قانشا	دەگەنمەن	88
قانشا	الاسىز	68
قانشا	جاسقا	95
قانشا	تاپتىڭ	88
قانشا	وقيدى	95
قانشا	كيلو	98
قانشا	اتامىن	91
قانشا	ايتساڭدا	92
قانشا	ۋاقىتقا	96
قانشا	ايتسامدا	90
قانشا	ايتقانمەن	86
قانشا	ۇاقىتتا	70
ۇز	ۇز	98
ۇز	ايتتىڭ	51
ۇز	ايتىڭ	62
ۇز	ورازا	31
ۇز	باسىم	65
ۇز	دەنساۋلىعىڭ	48
ۇز	الدىندا	55
ۇز	ايتتارىڭ	62
ۇز	ايتىڭىز	64
ۇز	ۇيىڭ	54
ۇز	الدىما	59
ۇز	ويىڭ	60
ۇز	ويىم	58
ۇز	الدىنا	64
ۇز	الدىڭدا	63
ۇز	ىسىڭ	61
ۇز	ۇيىم	65
ۇز	ايتىڭدا	62
ۇز	الدىمدا	26
ۇز	الدىڭا	64
ۇز	ەركىڭ	55
ۇز	قۇربىلارىنىڭ	39
ۇز	الدىمىزعا	44
ۇز	كەشىڭدە	63
ۇزى	عوي	63
ۇزى	جانىم	62
ۇزى	مەن	66
ۇزى	جوق	65
ۇزى	جاقسى	64
ۇزى	ەكەن	59
ۇزى	بىر	68
ۇزى	نە	30
ۇزى	سەن	62
ۇزى	الىپ	60
ۇزى	كەلىپ	62
ۇزى	ماعان	62
ۇزى	بارىپ	64
ۇزى	مەنى	65
ۇزى	نەگە	69
ۇزى	قايدا	66
ۇزى	ساعان	67
ۇزى	تەلەفون	77
ۇزى	ايتىپ	68
ۇزى	اق	63
ۇزى	ايتتى	62
ۇزى	ايتقان	67
ۇزى	عانا	73
ۇزى	كەلەدى	76
ۇزى	جالعىز	75
ۇزى	سۇيتىپ	69
ۇزى	ارەڭ	75
ۇزى	بىلەدى	72
ۇزى	سۇيلەپ	45
ۇزى	بىلىپ	77
ۇزى	بىلسىن	70
ۇزىڭ	عوي	48
ۇزىڭ	مەن	46
ۇزىڭ	جوق	91
ۇزىڭ	جاقسى	70
ۇزىڭ	بىر	59
ۇزىڭ	نە	68
ۇزىڭ	نەعىپ	41
ۇزىڭ	بار	11
ۇزىڭ	قوي	82
ۇزىڭ	ال	81
ۇزىڭ	الىپ	80
ۇزىڭ	كەل	68
ۇزىڭ	كەلىپ	70
ۇزىڭ	بارىپ	62
ۇزىڭ	مەنى	68
ۇزىڭ	قاي	93
ۇزىڭ	نەگە	57
ۇزىڭ	قايدا	73
ۇزىڭ	تاماق	38
ۇزىڭ	قالاي	62
ۇزىڭ	ۇيدە	16
ۇزىڭ	ۇيگە	90
ۇزىڭ	تەلەفون	92
ۇزىڭ	ايت	97
ۇزىڭ	ايتىپ	81
ۇزىڭ	كىم	65
ۇزىڭ	امان	89
ۇزىڭ	اق	56
ۇزىڭ	جاقسىما	87
ۇزىڭ	قانشا	63
ۇزىڭ	ۇزىڭ	94
ۇزىڭ	قاشان	95
ۇزىڭ	قاربالاس	75
ۇزىڭ	ىشىپ	83
ۇزىڭ	قانداي	89
ۇزىڭ	شاي	68
ۇزىڭ	امانسىڭبا	96
ۇزىڭ	ىستەپ	38
ۇزىڭ	ۇيقتاپ	69
ۇزىڭ	ايتتىڭ	97
ۇزىڭ	اۋىرىپ	69
ۇزىڭ	شى	98
ۇزىڭ	قايداسىڭ	59
ۇزىڭ	ايتقان	41
ۇزىڭ	تاۋىپ	93
ۇزىڭ	كەلە	82
ۇزىڭ	قابارلاس	94
ۇزىڭ	عانا	89
ۇزىڭ	جاتىپ	59
ۇزىڭ	قاراپ	94
ۇزىڭ	مىقتى	90
ۇزىڭ	قوسىپ	92
ۇزىڭ	توي	96
ۇزىڭ	ويلاپ	88
ۇزىڭ	ۇشىن	92
ۇزىڭ	شارشاپ	84
ۇزىڭ	كۇرىپ	90
ۇزىڭ	ايتىڭ	90
ۇزىڭ	سياقتى	65
ۇزىڭ	جالعىز	74
ۇزىڭ	سۇيتىپ	63
ۇزىڭ	بىل	97
ۇزىڭ	ارەڭ	18
ۇزىڭ	بولساڭ	97
ۇزىڭ	قالىڭ	79
ۇزىڭ	قۇساپ	97
ۇزىڭ	ايتشى	94
ۇزىڭ	ستەپ	87
ۇزىڭ	بىردەمە	83
ۇزىڭ	قالايسىڭ	93
ۇزىڭ	بىلە	15
ۇزىڭ	سۇيلەپ	96
ۇزىڭ	دەنساۋلىعىڭ	91
ۇزىڭ	قانا	80
ۇزىڭ	بىلىپ	86
ۇزىڭ	ايداپ	65
ۇزىڭ	بىلەسىڭ	96
ۇزىڭ	ىشتىڭبە	36
ۇزىڭ	تاپ	83
ۇزىڭ	جاقسىڭبا	98
ۇزىڭ	ويلاشى	71
ۇزىڭ	ۇيدەسىڭبە	85
ۇزىڭ	نەستەپ	96
ۇزىڭ	ويلانىپ	75
ۇزىڭ	نەقىپ	97
ۇزىڭ	قايجەردەن	96
ۇزىڭ	جاقسڭبا	74
ۇزىڭ	قاندايسىڭ	90
ۇزىڭ	جاقسسڭبا	62
ۇزىڭ	بلەسىڭ	94
ۇزىڭ	كورگەندەي	82
ۇزىڭ	كۇرگەندەي	92
ۇزىڭ	بىلشى	59
ۇزىڭ	عاناما	67
ۇزىڭ	قالايسڭ	86
قاشان	جانىم	96
قاشان	مەن	74
قاشان	دەپ	91
قاشان	بولسىن	89
قاشان	جاقسى	89
قاشان	بولدى	94
قاشان	ەكەن	83
قاشان	بىر	58
قاشان	بار	67
قاشان	سەن	98
قاشان	الىپ	94
قاشان	كەل	74
قاشان	كەلىپ	90
قاشان	ادام	66
قاشان	بولسا	93
قاشان	ماعان	61
قاشان	بارىپ	89
قاشان	مەنى	64
قاشان	قاي	98
قاشان	بولادى	86
قاشان	سەنى	56
قاشان	ساعان	91
قاشان	تەلەفون	87
قاشان	ايتىپ	98
قاشان	بىرگە	97
قاشان	امان	79
قاشان	كەتتى	88
قاشان	اق	88
قاشان	اقشا	86
قاشان	قاشان	91
قاشان	كەتىپ	96
قاشان	ەدى	84
قاشان	باس	75
قاشان	قايتىپ	86
قاشان	كەرەك	96
قاشان	ايتتى	92
قاشان	ايتتىڭ	97
قاشان	كەلدى	77
قاشان	بارام	77
قاشان	ۋاقىت	63
قاشان	كەلەدى	87
قاشان	توي	31
قاشان	كەپ	68
قاشان	بارايىن	98
قاشان	ايتىڭ	73
قاشان	بولسادا	93
قاشان	كەتەدى	49
قاشان	باراتىن	57
قاشان	بولاتىن	87
قاشان	بارامىن	96
قاشان	بەرەدى	81
قاشان	دەم	64
قاشان	بارامىز	85
قاشان	الام	58
قاشان	بەرەتىن	96
قاشان	بارادى	87
قاشان	ايتادى	75
قاشان	ايتتىم	98
قاشان	الادى	79
قاشان	ۇستىپ	90
قاشان	كەلەت	92
قاشان	كەلەتىن	86
قاشان	ۇتىرىك	72
قاشان	وتىرىك	83
قاشان	كەلدىڭ	84
قاشان	بارسام	55
قاشان	بولار	81
قاشان	كەلەسىڭ	91
قاشان	شىعادى	16
قاشان	قوناق	59
قاشان	قولايلى	98
قاشان	كەتەتىن	88
قاشان	ايتىم	95
قاشان	باراسىڭ	88
قاشان	قايتاتىن	45
قاشان	شىعاتىن	82
قاشان	الاسىڭ	83
قاشان	ەكەنىن	63
قاشان	بەرەسىڭ	97
قاشان	الامىز	46
قاشان	جولىڭ	98
قاشان	وراي	91
قاشان	كەتەسىڭ	94
قاشان	قايتاسىڭ	69
قاشان	بولاسىڭ	18
قاشان	جۇرەدى	87
قاشان	باردىڭ	93
قاشان	شعادى	60
قاشان	قايتىس	77
قاشان	كەلەر	97
قاشان	قولىڭ	80
قاشان	اماندىق	85
قاشان	تۇسەدى	86
قاشان	قايتامىز	94
قاشان	بارعالى	96
قاشان	جۇرەمىز	92
قاشان	كورسەڭ	95
قاشان	ۋاقىتىڭ	77
قاشان	جۇرەسىڭ	79
قاشان	شىعاسىڭ	75
قاشان	كۇرسەڭ	45
قاشان	تۇسەسىڭ	89
قاشان	ىشەمىز	43
قاشان	قايتادى	91
قاشان	شىعامىز	69
قاشان	كەزىگەم	87
قاشان	كەزىگەمىز	98
قاشان	تارايدى	38
قاشان	ۇرادى	88
قاشان	جاتاسىڭ	85
قاشان	ۋاقتىڭ	86
قاشان	تيەدى	90
قاشان	سويلەيدى	94
قاشان	وتىرامىز	82
قاشان	بىتەدى	95
قاشان	سالاسىڭ	87
قاشان	شعاسىڭ	93
قاشان	كەلەسڭ	61
قاشان	سۇيلەيدى	89
قاشان	بەرەسىز	88
قاشان	شاقىرادى	96
قاشان	ۇيقتايسىڭ	91
قاشان	جەتەم	77
قاشان	باراسىڭدار	88
قاشان	باستالادى	85
قاشان	باستايدى	98
قاشان	كەلسەڭدە	89
قاشان	جۋاسىڭ	97
قاشان	كەزگەمىز	97
قاشان	دەمالاسىڭ	71
قاشان	كەلەسىز	71
قاشان	قۋانشتى	69
قاشان	كەلەسىڭدەر	97
قاشان	اياقتايدى	75
قاشان	قايتاراسىڭ	93
قاشان	قايتاسىڭدار	92
قاشان	قايتاسڭ	68
قاشان	جولعامىز	94
قاشان	شىعاسىڭدار	77
قاشان	الدادىم	85
قاشان	شاقىراسىڭ	97
قاشان	كەزىگەسىڭ	85
قاشان	جولىعامىز	93
قاشان	قايتاسىز	84
قاشان	كەزىكەمىز	80
قاشان	بوسايسىڭ	97
قاشان	قۇلدايسىڭ	91
قار	جوق	97
قار	بار	40
قار	الى	34
قار	كەتىپ	46
قار	قالىڭ	32
قار	باسىپ	45
قار	بالاس	29
قار	جاۋىپ	33
قار	ەرىپ	11
قار	ارالاس	46
قار	جاۋدى	43
قار	جاۇىپ	26
قار	جاۋدىما	38
قار	جاۋعان	34
قار	جاۋادى	45
قاربالاس	عوي	30
قاربالاس	جانىم	87
قاربالاس	مەن	61
قاربالاس	دەپ	93
قاربالاس	جوق	76
قاربالاس	ەكەن	85
قاربالاس	بىر	52
قاربالاس	سول	94
قاربالاس	نە	77
قاربالاس	ەندى	89
قاربالاس	بولىپ	72
قاربالاس	قوي	5
قاربالاس	ادام	58
قاربالاس	بولسا	72
قاربالاس	بۇگىن	96
قاربالاس	بولا	88
قاربالاس	بولادى	75
قاربالاس	ۇي	84
قاربالاس	تەلەفون	90
قاربالاس	دوسىم	83
قاربالاس	ەمەس	93
قاربالاس	قاربالاس	42
قاربالاس	بولام	86
قاربالاس	ىستەپ	81
قاربالاس	پا	73
قاربالاس	جۇمىس	18
قاربالاس	ايتەۋ	75
قاربالاس	بوپ	70
قاربالاس	شىعار	26
قاربالاس	كەز	85
قاربالاس	كەزدە	78
قاربالاس	ەدىم	76
قاربالاس	جۇرمىن	82
قاربالاس	بولعان	84
قاربالاس	ەكەنسىڭ	76
قاربالاس	ۋاقىت	47
قاربالاس	مال	86
قاربالاس	بولدىم	91
قاربالاس	جاڭە	57
قاربالاس	دەشى	96
قاربالاس	شارشاپ	81
قاربالاس	سياقتى	94
قاربالاس	بولاتىن	97
قاربالاس	جۇرىپ	81
قاربالاس	بولساڭ	79
قاربالاس	ەدىڭ	47
قاربالاس	ستەپ	95
قاربالاس	بولدىڭ	93
قاربالاس	بولدىق	73
قاربالاس	سىڭ	87
قاربالاس	بولپ	95
قاربالاس	بولعاندا	68
قاربالاس	بولدىڭبا	91
قاربالاس	باياعى	87
قاربالاس	ۇقسايدى	85
قاربالاس	سويلەي	89
قاربالاس	بولاسىڭ	90
قاربالاس	ەمەسپىن	82
قاربالاس	بولامىن	93
قاربالاس	سۇيلەي	85
قاربالاس	ەكەسىڭ	90
قاربالاس	بۇلىپ	96
قاربالاس	تەلەفونعا	84
قاربالاس	ادامسىڭ	91
قاربالاس	سىڭبا	93
قاربالاس	بولامىز	82
قاربالاس	ەكەنسىز	86
قاربالاس	بولساڭىز	97
قاربالاس	بولماساڭ	96
قاربالاس	بولساڭدا	95
قاربالاس	ەكەنىڭدى	74
قاربالاس	بولسامدا	96
قاربالاس	ۇقسايسىڭ	86
قاربالاس	وقشايسىڭ	84
قاربالاس	سياقتىسىڭ	86
قاربالاس	اياقتادىما	95
ىش	جانىم	94
ىش	مەن	19
ىش	دەپ	57
ىش	جوق	17
ىش	بولدى	51
ىش	ەكەن	61
ىش	قوي	62
ىش	وندا	62
ىش	كەلىپ	47
ىش	دەيدى	55
ىش	دەگەن	44
ىش	بولاما	58
ىش	دەسەم	63
ىش	بالا	60
ىش	كيىم	31
ىش	كىيىم	27
ىش	قاتۋ	57
ىش	قۇستا	59
ىشى	عوي	59
ىشى	اۋىرىپ	42
ىشى	تار	32
ىشى	وتىپ	28
ىشى	ۇتىپ	28
ىشى	كۇيىپ	36
ىشى	سىرتى	28
ىشى	سىرتىن	37
ىشى	كەۋىپ	42
ىشىپ	جاقسى	38
ىشىپ	بولدى	87
ىشىپ	بىر	89
ىشىپ	نە	86
ىشىپ	ەندى	90
ىشىپ	بولىپ	63
ىشىپ	جاتىر	41
ىشىپ	جاتىرسىڭ	51
ىشىپ	ال	93
ىشىپ	الىپ	17
ىشىپ	كەل	17
ىشىپ	كەلىپ	84
ىشىپ	تۇر	69
ىشىپ	سودان	81
ىشىپ	جاتىرمىن	92
ىشىپ	تاماق	44
ىشىپ	وتىر	92
ىشىپ	وتىرمى	33
ىشىپ	وتىرمىن	77
ىشىپ	كەت	14
ىشىپ	كەتتى	89
ىشىپ	بىراق	72
ىشىپ	ىشىپ	88
ىشىپ	كەتىپ	70
ىشىپ	بىراز	79
ىشىپ	ازىر	80
ىشىپ	جۇر	78
ىشىپ	قايتا	45
ىشىپ	ۇيقتاپ	92
ىشىپ	الدى	93
ىشىپ	الدىم	67
ىشىپ	كەتتىم	27
ىشىپ	بوپ	85
ىشىپ	كەلدىم	75
ىشىپ	قويدىم	80
ىشىپ	كور	82
ىشىپ	جاڭا	95
ىشىپ	ەدىم	83
ىشىپ	جۇرمىن	69
ىشىپ	الايىن	61
ىشىپ	بولعان	44
ىشىپ	جاتىپ	80
ىشىپ	الدىڭ	91
ىشىپ	الدىڭبا	87
ىشىپ	بولدىم	39
ىشىپ	ودان	52
ىشىپ	جاڭە	89
ىشىپ	جاتقان	73
ىشىپ	كەپ	74
ىشىپ	قويىپ	97
ىشىپ	كەتكەن	78
ىشىپ	جاتىرمىز	80
ىشىپ	جۇرە	64
ىشىپ	جۇرگەن	88
ىشىپ	العان	67
ىشىپ	اڭگىمە	56
ىشىپ	جەپ	86
ىشىپ	جۇرىپ	60
ىشىپ	جۇرسىڭ	88
ىشىپ	ويناپ	80
ىشىپ	الاتىن	78
ىشىپ	وتىرمىز	94
ىشىپ	وتىرسىڭ	18
ىشىپ	وتىرىپ	58
ىشىپ	الام	63
ىشىپ	وتىرعان	92
ىشىپ	الادى	61
ىشىپ	كورەيىن	90
ىشىپ	ماس	94
ىشىپ	قانا	78
ىشىپ	السا	89
ىشىپ	الساڭ	74
ىشىپ	بولدىق	66
ىشىپ	السام	61
ىشىپ	جاتىرسىڭبا	84
ىشىپ	العام	80
ىشىپ	بولدىڭبا	71
ىشىپ	قويعان	58
ىشىپ	الدىق	93
ىشىپ	الپ	57
ىشىپ	جۇرمە	97
ىشىپ	كەلەيىن	90
ىشىپ	جاتا	84
ىشىپ	الايىق	97
ىشىپ	كەلەيىك	74
ىشىپ	جۇرسەڭ	81
ىشىپ	وتىرسىڭبا	97
ىشىپ	جەم	44
ىشىپ	الىپتى	77
ىشىپ	جۇرسىڭبە	76
ىشىپ	الشى	89
ىشىپ	الىڭىز	82
ىشىپ	الپتى	78
ىشىپ	السىن	83
ىشىپ	وتىرعام	81
ىشىپ	وتر	89
ىشىپ	وترمىن	97
ىشىپ	الىڭدار	85
ىشىپ	الدىڭدارما	70
ىشىپ	العاندا	79
ىشىپ	وتىرما	96
ىشىپ	وتىرعاندا	76
ىشىپ	العىم	82
ىشىپ	وتىرىم	93
ىشىپ	بولدىڭدارما	88
ىشىپ	الاعوي	90
ىشىپ	وتىرسىڭدار	70
ىشىپ	العامىز	95
ىشىپ	وتىرسڭبا	96
ىشىپ	العىڭ	95
ىشىپ	وترمىز	89
ىشىپ	وتىرسىڭدارما	97
ىشىپ	العانسىڭبا	79
قويشى	جان	86
قويشى	جانىم	85
قويشى	مەن	14
قويشى	دەپ	53
قويشى	جوق	44
قويشى	جاقسى	96
قويشى	بولدى	91
قويشى	بىر	15
قويشى	سول	71
قويشى	نە	82
قويشى	بار	66
قويشى	سەن	92
قويشى	ەندى	39
قويشى	بولىپ	60
قويشى	راحىمەت	89
قويشى	وندا	96
قويشى	ەرتەڭ	78
قويشى	بۇگىن	83
قويشى	مەندە	87
قويشى	ماعان	88
قويشى	بارى	74
قويشى	ەكى	94
قويشى	مەنى	97
قويشى	مەنىڭ	74
قويشى	نەگە	91
قويشى	ول	68
قويشى	سەنى	70
قويشى	ساعان	75
قويشى	وسى	75
قويشى	دەيدى	50
قويشى	دوسىم	96
قويشى	كىم	63
قويشى	دەگەن	92
قويشى	ونى	89
قويشى	ۇزى	76
قويشى	ۇزىڭ	64
قويشى	قاشان	97
قويشى	قويشى	90
قويشى	تاعى	18
قويشى	نەدەگەن	87
قويشى	سەنىڭ	75
قويشى	بولاما	89
قويشى	راس	55
قويشى	قايتىپ	87
قويشى	وزى	93
قويشى	وزىڭ	68
قويشى	ايتەۋ	97
قويشى	اعا	58
قويشى	وعان	84
قويشى	بالا	97
قويشى	سونى	85
قويشى	سەندە	96
قويشى	ۇيات	87
قويشى	دەيمىن	70
قويشى	جەجە	92
قويشى	ەي	93
قويشى	جامان	25
قويشى	اينالايىن	85
قويشى	شارشاپ	77
قويشى	بولمايدى	89
قويشى	دەدىم	95
قويشى	ونداي	61
قويشى	جىندى	84
قويشى	قايداعى	96
قويشى	قۇرسىن	81
قويشى	دەيسىڭ	96
قويشى	نەسى	95
قويشى	ۇيتىپ	92
قويشى	ۇتىرىك	72
قويشى	ءوزى	69
قويشى	وتىرىك	86
قويشى	قايتەسىڭ	72
قويشى	ادامدى	82
قويشى	ارى	88
قويشى	تىپتى	75
قويشى	تەگى	59
قويشى	قارعام	60
قويشى	تپتى	60
قويشى	اكام	82
قويشى	قايداعىنى	63
قويشى	قايداعنى	64
قويشى	قاراعىم	82
تاعى	جانىم	89
تاعى	مەن	97
تاعى	جوق	67
تاعى	جاقسى	48
تاعى	بىر	61
تاعى	سول	13
تاعى	نە	58
تاعى	بار	42
تاعى	سەن	44
تاعى	الىپ	82
تاعى	ون	68
تاعى	كەل	86
تاعى	كەلىپ	96
تاعى	ەرتە	71
تاعى	ادام	71
تاعى	بۇگىن	71
تاعى	ماعان	92
تاعى	بارىپ	76
تاعى	ەكى	68
تاعى	مەنى	55
تاعى	مەنىڭ	76
تاعى	بولادى	93
تاعى	قايدا	93
تاعى	سەنى	77
تاعى	ساعان	82
تاعى	وسى	83
تاعى	تاماق	86
تاعى	ۇي	85
تاعى	تەلەفون	96
تاعى	ايتىپ	69
تاعى	كۇن	72
تاعى	كىم	84
تاعى	كەتتى	63
تاعى	اقشا	84
تاعى	بارما	63
تاعى	قان	64
تاعى	قانشا	94
تاعى	ۇزىڭ	97
تاعى	قاربالاس	96
تاعى	ىشىپ	77
تاعى	قويشى	58
تاعى	تاعى	82
تاعى	كوپ	85
تاعى	كەتىپ	94
تاعى	بىراز	80
تاعى	قانداي	56
تاعى	شاي	78
تاعى	بەرىپ	88
تاعى	باس	92
تاعى	باسقا	95
تاعى	سەنىڭ	52
تاعى	انا	95
تاعى	ۇيقتاپ	95
تاعى	يۋان	76
تاعى	جولدا	89
تاعى	جولداپ	96
تاعى	ۇش	83
تاعى	جۇمىس	80
تاعى	اتىپ	71
تاعى	كەرەك	79
تاعى	اۋىرىپ	85
تاعى	كەلدى	62
تاعى	كەلدىم	81
تاعى	شىعىپ	90
تاعى	كورىپ	85
تاعى	تاۋىپ	97
تاعى	بارام	94
تاعى	ۇيات	76
تاعى	قيىن	90
تاعى	سوم	88
تاعى	تۇسىپ	95
تاعى	قوسىپ	96
تاعى	بەس	90
تاعى	ماشينا	84
تاعى	سۇراپ	95
تاعى	كەلەدى	74
تاعى	مىڭ	85
تاعى	جاي	90
تاعى	كەپ	90
تاعى	ويلاپ	97
تاعى	بىرەۋ	87
تاعى	ءبىر	40
تاعى	بولماي	31
تاعى	بولمايدى	96
تاعى	باراتىن	65
تاعى	بەرەم	86
تاعى	جۋىپ	90
تاعى	سۇيتىپ	92
تاعى	قاتە	83
تاعى	بارامىن	84
تاعى	بەكەر	85
تاعى	ويناپ	81
تاعى	جۇز	95
تاعى	جولداشى	94
تاعى	الاتىن	95
تاعى	نەبولدى	85
تاعى	سويلەپ	95
تاعى	بىردەمە	81
تاعى	دارى	67
تاعى	اراق	92
تاعى	سۇيلەپ	83
تاعى	ىزدەپ	89
تاعى	بارامىز	88
تاعى	زات	90
تاعى	قالىپ	85
تاعى	ايتادى	95
تاعى	ايتايىن	92
تاعى	ۇمىتىپ	94
تاعى	رەنجىپ	88
تاعى	ماس	89
تاعى	كەلەتىن	92
تاعى	ۇتىرىك	97
تاعى	وتىرىك	92
تاعى	قابارلاسىپ	94
تاعى	جۇمىسقا	91
تاعى	قوناق	90
تاعى	پالە	87
تاعى	شىپ	82
تاعى	بىردەڭە	94
تاعى	قارىز	79
تاعى	توقتاپ	93
تاعى	جىلاپ	89
تاعى	اۋرىپ	97
تاعى	كەلەم	92
تاعى	مەيلى	88
تاعى	وراي	83
تاعى	الداپ	95
تاعى	باراسىڭبا	92
تاعى	بر	94
تاعى	سۇرايىن	85
تاعى	بىرەۋى	97
تاعى	بىرەۋگە	79
تاعى	بىرەۋدى	80
تاعى	بىرەۇ	88
تاعى	بىرەۋىن	90
تاعى	بىرەۋدەن	91
تاعى	بىرنەشە	87
تاعى	بولماعان	95
تاعى	قابارلاسام	82
تاعى	كورەمىز	93
تاعى	بىرەۋمەن	89
تاعى	بىركۇنى	94
تاعى	قابارلاسامىز	79
تاعى	باستادىڭبا	86
وي	جان	83
وي	جانىم	85
وي	سالەم	15
وي	مەن	63
وي	دەپ	41
وي	جوق	94
وي	بول	45
وي	جاقسى	95
وي	بولدى	47
وي	بىر	33
وي	سول	71
وي	نە	43
وي	نەعىپ	52
وي	بار	76
وي	سەن	61
وي	ەندى	57
وي	راحىمەت	59
وي	قوي	19
وي	الى	66
وي	وندا	93
وي	كەل	52
وي	ادام	91
وي	بولسا	95
وي	بۇگىن	92
وي	مەندە	85
وي	سودان	72
وي	ماعان	95
وي	مەنى	88
وي	مەنىڭ	92
وي	بولادى	80
وي	نەگە	94
وي	ول	66
وي	قايدا	45
وي	سەنى	72
وي	ساعان	96
وي	وسى	86
وي	جارايدى	87
وي	دوسىم	35
وي	كىم	30
وي	امانشىلىق	92
وي	اقشا	84
وي	دەگەن	96
وي	بارما	75
وي	ونى	92
وي	قاربالاس	70
وي	قويشى	87
وي	وي	39
وي	كوپ	76
وي	قۇتتى	84
وي	مىنا	83
وي	نەدەگەن	82
وي	امانسىڭبا	78
وي	سەنىڭ	88
وي	راس	93
وي	كەشە	73
وي	انا	92
وي	ايتەۋ	86
وي	اعا	93
وي	ايتتىڭ	50
وي	تۇندە	89
وي	قايداسىڭ	96
وي	بارسىڭبا	92
وي	وعان	68
وي	بالا	72
وي	سەندە	79
وي	بىز	77
وي	ايتقانىڭ	93
وي	ۇيات	78
وي	ەشتەڭە	92
وي	بۇل	90
وي	كەرەمەت	84
وي	جەجە	55
وي	مىناۋ	60
وي	قىز	83
وي	جامان	95
وي	قايدان	78
وي	اينالايىن	94
وي	ويلاپ	48
وي	بولمايدى	86
وي	قىزدار	95
وي	بىلاي	79
وي	الگى	82
وي	ونداي	84
وي	نەبولدى	90
وي	سويلە	80
وي	جوعا	81
وي	وقاسى	66
وي	ونىڭ	91
وي	بىلايدە	94
وي	جىندى	69
وي	ىراحىمەت	52
وي	بالام	75
وي	قايداعى	58
وي	سۇيلە	94
وي	قۇرسىن	93
وي	باۋىرىم	57
وي	قاتىن	58
وي	راقىمەت	95
وي	قۇدا	75
وي	قۇداي	80
وي	كۇنىم	60
وي	باي	95
وي	ايتپا	57
وي	ىراس	84
وي	تاۋبا	94
وي	جارايسىڭ	40
وي	قىزىق	76
وي	جەڭگە	95
وي	كەلىن	82
وي	وڭباعان	97
وي	تەگى	56
وي	ارام	85
وي	جانم	71
وي	راحمەت	88
وي	ماۋباس	87
وي	بي	66
وي	جاندارىم	82
وي	تۇستى	84
وي	قارعام	81
وي	سىڭىلىم	76
وي	قويشەي	96
وي	ەسەك	93
وي	ىنىم	74
وي	جندى	89
وي	نەربى	90
وي	بوي	82
وي	الباستى	39
وي	بالە	69
وي	باۋرىم	48
وي	نادان	95
وي	ماڭقا	94
وي	تاۇبا	65
وي	بىي	75
وي	بۋ	84
وي	نۇكە	84
وي	سايقال	96
وي	سورلى	94
وي	سوقتى	77
وي	اكەڭدى	90
وي	سۇيكىمسىز	91
كوپ	عوي	93
كوپ	جانىم	66
كوپ	دەپ	89
كوپ	جوق	67
كوپ	بولسىن	83
كوپ	جاقسى	52
كوپ	بولدى	62
كوپ	ەكەن	22
كوپ	بولىپ	22
كوپ	راحىمەت	43
كوپ	قوي	16
كوپ	الىپ	27
كوپ	كەلىپ	79
كوپ	ادام	74
كوپ	بولسا	41
كوپ	بولادى	48
كوپ	تاماق	68
كوپ	دەيدى	90
كوپ	تەلەفون	74
كوپ	ايتىپ	90
كوپ	بىرگە	80
كوپ	كۇن	91
كوپ	اقشا	69
كوپ	دەگەن	48
كوپ	ەمەس	84
كوپ	بىراق	49
كوپ	قاربالاس	79
كوپ	ىش	91
كوپ	ىشىپ	82
كوپ	وي	55
كوپ	كوپ	94
كوپ	بەرىپ	29
كوپ	ەدى	95
كوپ	جۇمىس	74
كوپ	بوپ	62
كوپ	شىعار	72
كوپ	كورىپ	70
كوپ	بالا	88
كوپ	تۇرىپ	90
كوپ	بولعان	96
كوپ	ۋاقىت	73
كوپ	ەشتەڭە	42
كوپ	جە	84
كوپ	جەر	89
كوپ	ەمەسپە	87
كوپ	كەلەدى	75
كوپ	ويلاپ	84
كوپ	ءىشىپ	70
كوپ	بولىپتى	92
كوپ	جەرگە	89
كوپ	بولسادا	95
كوپ	كەتەدى	96
كوپ	اڭگىمە	89
كوپ	سياقتى	71
كوپ	جاسا	89
كوپ	بولاتىن	75
كوپ	جەپ	91
كوپ	جۇرىپ	72
كوپ	نارسە	79
كوپ	قىلىپ	51
كوپ	سويلەپ	85
كوپ	بوپتى	56
كوپ	توسىپ	94
كوپ	ىراحىمەت	82
كوپ	سۇيلەپ	78
كوپ	زات	96
كوپ	وتىرىپ	90
كوپ	جىل	95
كوپ	ەل	65
كوپ	شعار	91
كوپ	پۇل	88
كوپ	سوز	87
كوپ	راقىمەت	67
كوپ	ادامدى	52
كوپ	شىعادى	95
كوپ	ادامعا	91
كوپ	سويلەمە	87
كوپ	سويلەمەي	93
كوپ	ادامدار	77
كوپ	كورىم	85
كوپ	سويلەي	58
كوپ	راحمەت	93
كوپ	ۇاقىت	76
كوپ	نارسەنى	86
كوپ	بەكەن	64
كوپ	ويلاي	88
كوپ	ويلاما	90
كوپ	سوزدى	72
كوپ	ىشپە	94
كوپ	العىس	76
كوپ	نارسەگە	43
كوپ	نارسەلەردى	96
كوپ	توستىم	94
كوپ	سويلەمەيتىن	91
كوپ	ىستەردى	94
كوپ	ساندى	94
كوپ	ويلاندىم	96
كوپ	تۇكىرسە	94
كوپ	مولشەردە	80
كەتى	عوي	93
كەتى	جانىم	13
كەتى	دەپ	33
كەتى	قوي	23
كەتىپ	مەن	35
كەتىپ	بولدى	92
كەتىپ	بىر	77
كەتىپ	سول	86
كەتىپ	بار	91
كەتىپ	ەندى	93
كەتىپ	جاتىر	78
كەتىپ	تۇر	45
كەتىپ	سودان	61
كەتىپ	جاتىرمىن	93
كەتىپ	قال	81
كەتىپ	قالا	57
كەتىپ	وتىر	90
كەتىپ	وتىرمىن	68
كەتىپ	قالد	86
كەتىپ	قالدى	87
كەتىپ	ەدى	15
كەتىپ	كەشتە	41
كەتىپ	جۇر	88
كەتىپ	قايتا	68
كەتىپ	قالدىم	82
كەتىپ	ەدىم	18
كەتىپ	جۇرمىن	60
كەتىپ	بارا	85
كەتىپ	بارام	28
كەتىپ	قالعان	19
كەتىپ	قالدىڭ	24
كەتىپ	قالدىڭبا	20
كەتىپ	جاتقان	22
كەتىپ	جۇرگەن	81
كەتىپ	بارات	90
كەتىپ	بارامىن	89
كەتىپ	ارەڭ	39
كەتىپ	ەدىڭ	89
كەتىپ	قالادى	58
كەتىپ	بارامىز	40
كەتىپ	قالىپ	36
كەتىپ	قالىپتى	47
كەتىپ	بارادى	43
كەتىپ	قالپتى	44
كەتىپ	قالسا	46
كەتىپ	باراسىڭ	57
كەتىپ	قالدىق	41
كەتىپ	قالدىما	49
كەتىپ	جۇرمە	37
كەتىپ	قالات	56
كەتىپ	قالاتىن	87
كەتىپ	قالما	55
كەتىپ	قالام	70
كەتىپ	قالاما	62
كەتىپ	قالاسىڭ	68
كەتىپ	قالار	62
كەتىپ	سويلەي	76
كەتىپ	قاپ	93
كەتىپ	جاتسا	80
كەتىپ	باراسىڭبا	95
كەتىپ	قالماسىن	65
كەتىپ	قاپتى	71
كەتىپ	قالسام	62
كەتىپ	قالماي	52
كەتىپ	ەدىك	82
كەتىپ	جۇرمەسىن	95
كەتىپ	قالساڭ	59
كەتىپ	قالامىن	54
كەتىپ	قالعام	77
كەتىپ	قالعاندا	52
كەتىپ	قالايىن	85
كەتىپ	قالعانبا	57
كەتىپ	قالسىن	80
كەتىپ	قالامبا	94
كەتىپ	قالامىز	84
كەتىپ	قالدىڭىز	89
كەتىپ	قالدىڭىزبا	80
كەتىپ	قالپسىڭ	64
كەتىپ	قالىپسىڭ	75
كەتىپ	قالقان	75
كەتىپ	جۇرمەيىن	87
كەتىپ	قالساق	85
كەتىپ	قالدڭبا	81
كەتىپ	قالايىق	79
كەتىپ	قالدىڭدار	83
كەتىپ	قالدىڭدارما	86
كەتىپ	قالعانسىڭ	61
كەتىپ	باراسىڭدار	91
كەتىپ	قالدما	92
كەتىپ	قالاسىڭبا	89
كەتىپ	قالماسام	88
كەتىپ	قالعىم	92
كەتىپ	قالعانىڭ	76
كەتىپ	قالعامىن	85
كەتىپ	قالايىنبا	92
كەتىپ	قالدىڭىزدارما	92
تاڭەرتەڭ	مەن	91
تاڭەرتەڭ	جاقسى	51
تاڭەرتەڭ	بىر	85
تاڭەرتەڭ	سول	47
تاڭەرتەڭ	نە	84
تاڭەرتەڭ	بار	80
تاڭەرتەڭ	سەن	85
تاڭەرتەڭ	الىپ	73
تاڭەرتەڭ	وندا	66
تاڭەرتەڭ	كەل	95
تاڭەرتەڭ	كەلىپ	69
تاڭەرتەڭ	ەرتە	59
تاڭەرتەڭ	ادام	12
تاڭەرتەڭ	مەندە	92
تاڭەرتەڭ	ماعان	84
تاڭەرتەڭ	بارىپ	71
تاڭەرتەڭ	ەكى	46
تاڭەرتەڭ	مەنى	72
تاڭەرتەڭ	مەنىڭ	63
تاڭەرتەڭ	قاي	94
تاڭەرتەڭ	نەگە	75
تاڭەرتەڭ	ول	86
تاڭەرتەڭ	سەنى	90
تاڭەرتەڭ	ساعان	91
تاڭەرتەڭ	وسى	80
تاڭەرتەڭ	تاماق	92
تاڭەرتەڭ	ۇيگە	69
تاڭەرتەڭ	تەلەفون	80
تاڭەرتەڭ	ايت	58
تاڭەرتەڭ	ايتىپ	88
تاڭەرتەڭ	بىرگە	78
تاڭەرتەڭ	كۇن	83
تاڭەرتەڭ	اقشا	93
تاڭەرتەڭ	بىراق	94
تاڭەرتەڭ	تاعى	48
تاڭەرتەڭ	كەتىپ	46
تاڭەرتەڭ	بىراز	71
تاڭەرتەڭ	شاي	81
تاڭەرتەڭ	بەرى	64
تاڭەرتەڭ	كەش	77
تاڭەرتەڭ	كەشتە	64
تاڭەرتەڭ	قايتا	95
تاڭەرتەڭ	انا	72
تاڭەرتەڭ	ۇيقتاپ	90
تاڭەرتەڭ	قايتىپ	82
تاڭەرتەڭ	جولداپ	76
تاڭەرتەڭ	جۇمىس	80
تاڭەرتەڭ	اتىپ	77
تاڭەرتەڭ	بەرەيىن	61
تاڭەرتەڭ	كەلدى	73
تاڭەرتەڭ	كەلدىم	90
تاڭەرتەڭ	شىعىپ	82
تاڭەرتەڭ	تۇرىپ	85
تاڭەرتەڭ	الايىن	73
تاڭەرتەڭ	بارام	76
تاڭەرتەڭ	كەلە	66
تاڭەرتەڭ	قابارلاس	94
تاڭەرتەڭ	سالىپ	81
تاڭەرتەڭ	عانا	91
تاڭەرتەڭ	مال	94
تاڭەرتەڭ	بەس	76
تاڭەرتەڭ	اپارىپ	88
تاڭەرتەڭ	ماشينا	65
تاڭەرتەڭ	كەلەدى	88
تاڭەرتەڭ	ساعات	82
تاڭەرتەڭ	جاي	32
تاڭەرتەڭ	كەپ	62
تاڭەرتەڭ	كەتكەن	92
تاڭەرتەڭ	بارايىن	83
تاڭەرتەڭ	اش	63
تاڭەرتەڭ	كەتەدى	76
تاڭەرتەڭ	باراتىن	83
تاڭەرتەڭ	بەرەم	77
تاڭەرتەڭ	بارامىن	86
تاڭەرتەڭ	ارەڭ	65
تاڭەرتەڭ	ۇزىم	79
تاڭەرتەڭ	كەلگەن	94
تاڭەرتەڭ	نان	94
تاڭەرتەڭ	سويلەپ	91
تاڭەرتەڭ	ەرتەرەك	94
تاڭەرتەڭ	بۇيىرسا	51
تاڭەرتەڭ	سۇت	91
تاڭەرتەڭ	بالالار	80
تاڭەرتەڭ	بارامىز	92
تاڭەرتەڭ	بارعاندا	81
تاڭەرتەڭ	اكەپ	95
تاڭەرتەڭ	بارادى	92
تاڭەرتەڭ	اۋدانعا	88
تاڭەرتەڭ	جانە	80
تاڭەرتەڭ	ايتتىم	92
تاڭەرتەڭ	جەتى	91
تاڭەرتەڭ	تۇرا	88
تاڭەرتەڭ	قايتارىپ	62
تاڭەرتەڭ	ايتايىن	94
تاڭەرتەڭ	سۋىق	88
تاڭەرتەڭ	التى	94
تاڭەرتەڭ	كورەيىن	86
تاڭەرتەڭ	كەلەتىن	91
تاڭەرتەڭ	بارسام	90
تاڭەرتەڭ	جۇمىسقا	90
تاڭەرتەڭ	كەتەم	66
تاڭەرتەڭ	بارايىق	84
تاڭەرتەڭ	قايتام	87
تاڭەرتەڭ	قابارلاسايىن	78
تاڭەرتەڭ	تاۋعا	41
تاڭەرتەڭ	قۇلجاعا	87
تاڭەرتەڭ	كەلەم	86
تاڭەرتەڭ	مالعا	93
تاڭەرتەڭ	جۇمسقا	95
تاڭەرتەڭ	ۇرىمجىگە	59
تاڭەرتەڭ	كەلگەم	93
تاڭەرتەڭ	باراسىڭبا	92
تاڭەرتەڭ	ىسكە	92
تاڭەرتەڭ	التايعا	76
تاڭەرتەڭ	مەكتەپكە	87
تاڭەرتەڭ	بازارعا	77
تاڭەرتەڭ	كورەيىك	82
تاڭەرتەڭ	قالاعا	91
تاڭەرتەڭ	قايتامىن	89
تاڭەرتەڭ	نەشەدە	88
تاڭەرتەڭ	تۇرعاندا	58
تاڭەرتەڭ	شىعامىن	75
تاڭەرتەڭ	قايتامىز	91
تاڭەرتەڭ	وقۋشى	95
تاڭەرتەڭ	تۇرسام	92
تاڭەرتەڭ	قايۋاقتا	83
تاڭەرتەڭ	قانشادا	95
تاڭەرتەڭ	بەيتۇنعا	65
تاڭەرتەڭ	قابارلاسايىق	93
تاڭەرتەڭ	بەستە	74
تاڭەرتەڭ	شينجياڭ	68
تاڭەرتەڭ	تۇرماي	77
تاڭەرتەڭ	سەگىزدە	89
تاڭەرتەڭ	التىدا	87
تاڭەرتەڭ	جەتىدە	82
تاڭەرتەڭ	توعىزدا	89
تاڭەرتەڭ	نامازعا	93
تاڭەرتەڭ	تۇرالماي	87
تاڭەرتەڭ	تۇرمايسىڭ	81
قۇتتى	بولسى	91
قۇتتى	بولسىن	91
قۇتتى	بولىپ	3
قۇتتى	ەكى	53
قۇتتى	وت	78
قۇتتى	اق	76
قۇتتى	قۇتتى	87
قۇتتى	ماڭگى	57
قۇتتى	دەن	80
قۇتتى	دەنساۋلىعى	69
قۇتتى	دەنساۋلىعىڭ	16
قۇتتى	بالالار	19
قۇتتى	كۇندەرىڭ	71
قۇتتى	بولسن	92
قۇتتى	دەنساۋلىعىڭىز	54
قۇتتى	جاسى	42
قۇتتى	ومىر	67
قۇتتى	ۇمىر	93
قۇتتى	دەنساۋلىقتارىڭ	81
قۇتتى	دەنساۋلىقتارىڭىز	73
قۇتتى	جاسىڭ	52
قۇتتى	وقۋى	86
قۇتتى	بەرەكەلى	62
قۇتتى	بولاشاعى	67
قۇتتى	بۇلسىن	88
قۇتتى	عۇمىر	78
قۇتتى	بوسىن	88
قۇتتى	وقۋىڭ	83
قۇتتى	دەنساۋلعىڭ	86
بىراز	جاقسى	90
بىراز	بار	35
بىراز	الىپ	64
بىراز	ەرتە	81
بىراز	ادام	84
بىراز	بولادى	86
بىراز	تاماق	88
بىراز	ۇي	82
بىراز	تەلەفون	89
بىراز	كۇن	78
بىراز	وتىر	23
بىراز	كەيىن	91
بىراز	اقشا	91
بىراز	قاربالاس	23
بىراز	ىشىپ	27
بىراز	بىراز	52
بىراز	بەرىپ	77
بىراز	ىستەپ	88
بىراز	ۇيقتاپ	90
بىراز	جۇمىس	40
بىراز	كەرەك	52
بىراز	كوڭىل	84
بىراز	اۋىرىپ	90
بىراز	تۇرىپ	59
بىراز	عانا	15
بىراز	جاتىپ	77
بىراز	ۋاقىت	70
بىراز	كۇندە	31
بىراز	مال	48
بىراز	قوسىپ	86
بىراز	جەر	90
بىراز	جاي	84
بىراز	شارشاپ	83
بىراز	بولسادا	79
بىراز	اڭگىمە	56
بىراز	تاتتى	38
بىراز	جۇرىپ	93
بىراز	نارسە	68
بىراز	ويناپ	74
بىراز	نان	73
بىراز	بىردەمە	78
بىراز	توس	61
بىراز	توسىپ	94
بىراز	ەرتەرەك	85
بىراز	ماي	91
بىراز	باسىم	89
بىراز	دەم	89
بىراز	ۇيىقتاپ	63
بىراز	اراق	58
بىراز	سۇت	90
بىراز	كىر	81
بىراز	زات	79
بىراز	وتىرىپ	83
بىراز	قولايسىز	43
بىراز	تۇرا	70
بىراز	پۇل	61
بىراز	سۋىق	59
بىراز	قۇڭباۋ	81
بىراز	جاعداي	75
بىراز	دەمالىپ	65
بىراز	ساي	44
بىراز	شىپ	81
بىراز	بىردەڭە	87
بىراز	قارىز	80
بىراز	كۇننەن	76
بىراز	اۋرىپ	41
بىراز	كۇنگە	87
بىراز	جوعارى	81
بىراز	كورىم	93
بىراز	ۋاقىتتا	53
بىراز	اينالىپ	95
بىراز	قىمبات	77
بىراز	قينالىپ	92
بىراز	الاڭداپ	82
بىراز	حۇڭباۋ	93
بىراز	ۇيقتايىن	87
بىراز	اقشام	92
بىراز	وتىرايىق	83
بىراز	ىشەيىك	54
بىراز	تىماۋ	64
بىراز	تۇماۋ	86
بىراز	ۇاقىت	94
بىراز	جاتايىن	71
بىراز	قىزىپ	93
بىراز	ايلانىپ	80
بىراز	كۇرىم	88
بىراز	شارۋا	61
بىراز	اڭگمە	88
بىراز	اڭگىمەلەسىپ	84
بىراز	كومەكتەسىپ	70
بىراز	جاعىداي	88
بىراز	قاربالاستاپ	93
بىراز	توسا	87
بىراز	قىسىلىپ	78
بىراز	دەمالايىن	89
بىراز	پيجۋ	88
بىراز	ءاڭگىمە	89
بىراز	جۇمىسىم	85
بىراز	جايىراق	95
بىراز	تۇرپ	92
بىراز	بوساپ	93
بىراز	تۇراتۇر	83
بىراز	قىجالات	90
بىراز	سىرا	92
بىراز	جۇمىستار	82
بىراز	كۇنەن	79
بىراز	وتىرساق	79
بىراز	جۇمستار	86
بىراز	باسىلدى	89
بىراز	اڭگىمەلەسەيىك	91
بىراز	جۇمىستارمەن	92
بىراز	ۋاقىتتان	83
بىراز	جۇمستارمەن	69
بىراز	ۋاقتتان	89
مىن	عوي	85
مىن	جانىم	14
مىن	دەپ	20
مىن	جوق	31
مىن	دەيدى	41
مىنا	مەن	49
مىنا	دەپ	72
مىنا	جاق	62
مىنا	جاقسى	66
مىنا	بىر	89
مىنا	نە	62
مىنا	قوي	93
مىنا	ادام	94
مىنا	ەكى	57
مىنا	مەنىڭ	42
مىنا	ۇي	90
مىنا	ۇيدە	61
مىنا	ۇيگە	66
مىنا	تەلەفون	59
مىنا	دوسىم	77
مىنا	اق	93
مىنا	اقشا	87
مىنا	شاي	89
مىنا	ان	77
مىنا	ۇش	76
مىنا	جۇمىس	70
مىنا	ات	68
مىنا	تۇندە	84
مىنا	كەزدە	76
مىنا	بالا	71
مىنا	تۇرى	50
مىنا	قارا	91
مىنا	بەس	79
مىنا	جەر	86
مىنا	جەردە	54
مىنا	ماشينا	29
مىنا	قىز	72
مىنا	جەرگە	52
مىنا	قىزدار	44
مىنا	سياقتى	88
مىنا	ورازا	62
مىنا	نارسە	90
مىنا	كىسى	94
مىنا	قالىڭ	30
مىنا	قۇساپ	94
مىنا	تۇرعان	33
مىنا	جاققا	69
مىنا	دارى	65
مىنا	جىندى	78
مىنا	اياق	69
مىنا	اقشانى	70
مىنا	زات	74
مىنا	جەردەن	88
مىنا	جىگىت	49
مىنا	كىسىلەر	63
مىنا	قاتىن	65
مىنا	ايەل	59
مىنا	ەكەۋى	84
مىنا	ايدا	52
مىنا	ادامدى	82
مىنا	ۇيدى	70
مىنا	ۇيدىڭ	67
مىنا	جاقتا	77
مىنا	كسى	42
مىنا	ايتتا	58
مىنا	ۇيدەن	92
مىنا	قىزىل	83
مىنا	سيىر	91
مىنا	نەمە	89
مىنا	ادامنىڭ	80
مىنا	ءان	94
مىنا	شۇنگە	69
مىنا	توپ	57
مىنا	توپقا	91
مىنا	نومىر	63
مىنا	كوك	74
مىنا	ۋاقىتتا	91
مىنا	كەمپىر	81
مىنا	نۇمىر	93
مىنا	ەركەك	81
مىنا	بالانى	81
مىنا	جاقتان	74
مىنا	تىماۋ	59
مىنا	سىياقتى	88
مىنا	بالانىڭ	94
مىنا	بالاعا	84
مىنا	سەمىز	83
مىنا	جەردى	79
مىنا	ەسەك	72
مىنا	جەردىڭ	95
مىنا	نى	76
مىنا	موتا	80
مىنا	كويلەك	79
مىنا	كەلىنشەك	61
مىنا	كسلەر	83
مىنا	قىزعا	94
مىنا	ەكەۋىن	91
مىنا	راسىم	65
مىنا	ماشينانى	90
مىنا	شۇندە	84
مىنا	شايدى	75
مىنا	كىسىنى	91
مىنا	كىسىنىڭ	76
مىنا	سوزىڭ	73
مىنا	جولداعان	85
مىنا	سەكىلدى	89
مىنا	ۋاقتا	89
مىنا	نەربى	89
مىنا	شاپان	88
مىنا	سۇزىڭ	87
مىنا	سوزدى	92
مىنا	قىزدى	79
مىنا	قىزدىڭ	71
مىنا	سۇزدى	83
مىنا	كۇيلەك	84
مىنا	كىسلەر	71
مىنا	توپتا	86
مىنا	ايعىر	85
مىنا	سوزىڭدى	93
مىنا	ءاندى	89
مىنا	قۇساعان	56
مىنا	اندى	74
مىنا	ۇرعاشى	57
مىنا	رەڭ	92
مىنا	جاقتاعى	91
مىنا	دارىنى	82
مىنا	كىسىگە	84
مىنا	جۇمىستى	80
مىنا	زاتتى	92
مىنا	جەردەگى	94
مىنا	شۇندى	69
مىنا	نومىرگە	80
مىنا	ەكەۋىنە	49
مىنا	ەكەۋىنىڭ	89
مىنا	قاتىندى	78
مىنا	ۇيشىڭدى	91
مىنا	نۇمىرگە	90
مىنا	كىسگە	60
مىنا	سوزدەردى	95
مىنا	راسىمدى	95
مىنا	زاماندا	87
مىنا	كوكتەمدە	67
مىنا	جىگىتتى	94
مىنا	سۋىقتا	94
مىنا	نومىردى	85
مىنا	كويلەكتى	84
مىنا	نۇمىردى	88
مىنا	بوراندا	87
مىنا	اياقتىڭ	88
مىنا	نومىرمەن	89
مىنا	ءاننىڭ	94
مىنا	كويلەكتىڭ	89
مىنا	جارنامانى	90
مىنا	كەسكىندەگى	89
نەدە	بولسا	86
نەدەگەن	جاقسى	7
نەدەگەن	بىر	18
نەدەگەن	بولىپ	84
نەدەگەن	ەرتە	84
نەدەگەن	ادام	24
نەدەگەن	اقشا	60
نەدەگەن	قاربالاس	88
نەدەگەن	كوپ	45
نەدەگەن	از	24
نەدەگەن	تەز	78
نەدەگەن	ايتتىڭ	20
نەدەگەن	ايتقان	23
نەدەگەن	قاتتى	74
نەدەگەن	قيىن	70
نەدەگەن	قارا	52
نەدەگەن	مىقتى	90
نەدەگەن	ۇلكەن	75
نەدەگەن	كەرەمەت	74
نەدەگەن	كۇپ	56
نەدەگەن	جامان	42
نەدەگەن	دەشى	29
نەدەگەن	جاي	78
نەدەگەن	ايتىڭ	29
نەدەگەن	تاتتى	56
نەدەگەن	قالىڭ	70
نەدەگەن	ەدىڭ	66
نەدەگەن	كۇشتى	90
نەدەگەن	تاس	65
نەدەگەن	وڭاي	90
نەدەگەن	جىندى	91
نەدەگەن	باقىتتى	79
نەدەگەن	دال	85
نەدەگەن	اقىرىن	90
نەدەگەن	سۋىق	85
نەدەگەن	سوز	64
نەدەگەن	ايتاسىڭ	48
نەدەگەن	وتىرىك	92
نەدەگەن	ۇزاق	91
نەدەگەن	ۇيقى	69
نەدەگەن	سات	65
نەدەگەن	سۇز	71
نەدەگەن	ادەمى	53
نەدەگەن	دايىن	55
نەدەگەن	بەت	76
نەدەگەن	سىڭ	75
نەدەگەن	پالە	89
نەدەگەن	قىيىن	70
نەدەگەن	جۇرەك	80
نەدەگەن	ايتىڭىز	84
نەدەگەن	قىزىق	84
نەدەگەن	باقتتى	70
نەدەگەن	وڭباعان	91
نەدەگەن	ارزان	70
نەدەگەن	ايبەت	56
نەدەگەن	ۇقسايدى	61
نەدەگەن	جوعارى	71
نەدەگەن	اتاقتى	83
نەدەگەن	ارام	66
نەدەگەن	اپات	80
نەدەگەن	قىمبات	71
نەدەگەن	سۇيكىمدى	50
نەدەگەن	سۇلۋ	54
نەدەگەن	ۇزىن	74
نەدەگەن	يت	80
نەدەگەن	ءسوز	94
نەدەگەن	سەمىز	81
نەدەگەن	ءادەمى	94
نەدەگەن	تاماشا	68
نەدەگەن	اشتى	76
نەدەگەن	ادامسىڭ	93
نەدەگەن	ايبات	59
نەدەگەن	سۇمدىق	84
نەدەگەن	ايتتىڭىز	68
نەدەگەن	وقسايدى	91
نەدەگەن	ماحابات	95
نەدەگەن	جاقسىسىڭ	78
نەدەگەن	جۋان	91
نەدەگەن	ارىق	82
نەدەگەن	ناشار	88
نەدەگەن	اقىلدى	92
نەدەگەن	داۋ	87
نەدەگەن	سەنبەيسىڭ	92
نەدەگەن	نادان	77
نەدەگەن	سورلى	91
نەدەگەن	پىسىق	83
نەدەگەن	راحات	79
نەدەگەن	پايزى	82
نەدەگەن	پسىق	84
نەدەگەن	ۇيالمايدى	85
نەدەگەن	قىرت	77
نەدەگەن	قمبات	87
نەدەگەن	سوزدەر	91
نەدەگەن	اسىعىس	70
نەدەگەن	ۇيقتايسىڭ	92
نەدەگەن	سۇزدەر	87
نەدەگەن	قىنبات	77
نەدەگەن	وپاسىز	87
نەدەگەن	قاربالاسسىڭ	94
نەدەگەن	قورقىنشتى	74
نەدەگەن	ۇيالمايتىن	75
نەدەگەن	سۇلۋسىڭ	84
نەدەگەن	ۇيالمايسىڭ	89
نەدەگەن	سۇيكىمدىسىڭ	66
نەدەگەن	ۇيقتامايتىن	92
نەدەگەن	جامانسىڭ	91
نەدەگەن	قاتىگەز	90
نەدەگەن	پالەسىڭ	90
نەدەگەن	داتىڭ	86
نەدەگەن	تۇگەمەيتىن	93
نەدەگەن	شارشامايسىڭ	89
نەدەگەن	قىرتسىڭ	88
نەدەگەن	تەزسىڭ	85
قانداي	جانىم	89
قانداي	دەپ	60
قانداي	جاقسى	66
قانداي	بولدى	16
قانداي	ەكەن	20
قانداي	بىر	15
قانداي	بولىپ	80
قانداي	ادام	17
قانداي	بولسا	33
قانداي	بولادى	79
قانداي	تاماق	36
قانداي	دەيدى	85
قانداي	كۇن	91
قانداي	امان	73
قانداي	جاقسىما	74
قانداي	قاربالاس	29
قانداي	قانداي	86
قانداي	ەدى	79
قانداي	ىس	76
قانداي	جۇمىس	71
قانداي	بوپ	57
قانداي	كوڭىل	53
قانداي	بالا	72
قانداي	كەرەمەت	78
قانداي	ەي	59
قانداي	جەر	92
قانداي	جەردە	78
قانداي	ماشينا	93
قانداي	قىز	82
قانداي	جامان	83
قانداي	بولىپتى	83
قانداي	جەرگە	81
قانداي	امال	94
قانداي	بولسادا	86
قانداي	اڭگىمە	76
قانداي	سياقتى	82
قانداي	تاتتى	82
قانداي	بولاتىن	74
قانداي	نارسە	89
قانداي	دەنساۋلىق	67
قانداي	بوپتى	84
قانداي	دارى	93
قانداي	كۇشتى	72
قانداي	بولدىڭ	87
قانداي	اياق	69
قانداي	جىگىت	93
قانداي	باقىت	69
قانداي	قاتىن	76
قانداي	كۇڭىل	91
قانداي	سوز	82
قانداي	جاعداي	86
قانداي	سۇز	64
قانداي	بولار	89
قانداي	ادەمى	53
قانداي	ادامعا	72
قانداي	بولپتى	91
قانداي	كيىم	88
قانداي	ادامنىڭ	89
قانداي	ەكەنىن	90
قانداي	ادامدار	49
قانداي	كورىم	80
قانداي	سۇيكىمدى	83
قانداي	جاقسما	92
قانداي	ءادەمى	75
قانداي	تاماشا	92
قانداي	كۇرىم	60
قانداي	پايداسى	89
قانداي	ادامسىڭ	86
قانداي	جاعىداي	83
قانداي	تاۋىر	88
قانداي	رەڭ	93
قانداي	ەكەنىڭدى	86
قانداي	راحات	84
قانداي	ۇيقتادىڭ	93
قانداي	ەكەنىمدى	91
قانداي	كۇيدە	78
قانداي	جاعدايدا	73
قانداي	بولاتىنىن	83
قانداي	كورىمبە	85
قانداي	سەزىمدە	92
شاي	عوي	86
شاي	مەن	90
شاي	دەپ	87
شاي	جوق	77
شاي	ەكەن	75
شاي	بىر	69
شاي	بار	91
شاي	الىپ	61
شاي	بولسا	67
شاي	تاماق	89
شاي	قالدى	58
شاي	دەگەن	91
شاي	بارما	93
شاي	ىش	75
شاي	ىشىپ	41
شاي	قۇتتى	9
شاي	شاي	62
شاي	بەر	80
شاي	بەرىپ	89
شاي	بەرە	30
شاي	بەرەيىن	72
شاي	قويىپ	65
شاي	ءىش	80
شاي	ءىشىپ	83
شاي	بولسادا	15
شاي	بەرەم	93
شاي	ويناپ	77
شاي	بەرەدى	35
شاي	بىردەمە	78
شاي	باستاپ	89
شاي	اقشاسىن	85
شاي	بەرەتىن	85
شاي	بەرەمىن	81
شاي	پۇل	86
شاي	بەرگەن	60
شاي	قۇيىپ	90
شاي	بەردىم	28
شاي	دايىن	84
شاي	شىپ	85
شاي	ىشتى	36
شاي	ىشتىڭبە	92
شاي	توپ	52
شاي	جوندەپ	79
شاي	بەرەمىز	87
شاي	ىشەيىك	87
شاي	جۇندەپ	42
شاي	ىشپ	90
شاي	پۇلى	48
شاي	پۇلىن	88
شاي	قايناتىپ	76
شاي	تاماعىن	32
شاي	ىشتىم	93
شاي	ىشەتىن	66
شاي	قۇرىپ	74
شاي	بەرەيىك	82
شاي	ىشكىم	86
شاي	ىشكەن	84
شاي	پۇلدى	81
شاي	بەرپ	67
شاي	ىشەم	92
شاي	ىشكەلى	72
شاي	ارقىلى	44
شاي	ىشەمىز	82
شاي	ىشەيىن	63
شاي	ىشپەي	53
شاي	ويىن	77
شاي	ىشەدى	66
شاي	وينايتىن	92
شاي	ءشىپ	57
شاي	تۇز	74
شاي	قۇياتىن	71
شاي	ۇيناپ	92
شاي	ىشكەم	91
شاي	باستالدى	89
شاي	ىشەمىن	85
شاي	بەرگەلى	88
شاي	شەيىك	83
شاي	ىشتىك	73
شاي	ىشبەي	75
شاي	شەيىن	94
شاي	ىشىڭدەر	82
شاي	ىشكەندە	77
شاي	پۇلىڭدى	90
شاي	ىشتىڭبا	87
شاي	شتىڭبە	89
شاي	شكەلى	77
شاي	ىشىڭىز	73
شاي	اربا	83
شاي	باستايمىن	87
شاي	شەمىز	72
شاي	وينايسىڭبا	94
شاي	باستادىم	81
شاي	كەزەگى	85
شاي	قايناتا	88
شاي	وينايتىندار	74
شاي	ىشكەي	81
شاي	ويىنعا	93
شاي	وينى	94
شاي	ويىنى	93
شاي	قايناتايىن	93
شاي	وينايتىندارىڭىز	91
بەر	جانىم	94
بەر	سال	27
بەر	مەن	84
بەر	دەپ	32
بەر	جاقسى	17
بەر	بولدى	80
بەر	بىر	56
بەر	سول	66
بەر	نە	83
بەر	سەن	64
بەر	ەندى	71
بەر	وندا	54
بەر	يا	44
بەر	ەرتەڭ	88
بەر	بۇگىن	69
بەر	مەندە	85
بەر	سودان	61
بەر	ماعان	77
بەر	ەكى	54
بەر	مەنى	82
بەر	مەنىڭ	81
بەر	ول	82
بەر	ساعان	88
بەر	وسى	83
بەر	دەيدى	88
بەر	تەلەفون	35
بەر	دوسىم	92
بەر	اقشا	64
بەر	دەگەن	84
بەر	بىراق	54
بەر	بولاما	85
بەر	از	63
بەر	انا	89
بەر	تەز	91
بەر	دەسە	78
بەر	دەسەم	76
بەر	شى	55
بەر	بىز	81
بەر	ۇيات	91
بەر	دەيمىن	92
بەر	ەشتەڭە	85
بەر	دەشى	79
بەر	بولماسا	88
بەر	دەدى	86
بەر	دەدىم	69
بەر	دەگەم	55
بەر	دەيىن	76
بەر	قاراي	85
بەر	دەسەڭ	78
بەر	دەپتى	70
بەر	جاعى	87
بەر	بەرمەسەڭ	91
بەر	جاعىندا	91
بەر	جاعىڭ	90
بەرى	مەن	84
بەرى	جوق	60
بەرى	جاقسى	49
بەرى	بىر	53
بەرى	سول	40
بەرى	نە	66
بەرى	نەعىپ	55
بەرى	بار	67
بەرى	سەن	75
بەرى	كەل	74
بەرى	كەلىپ	47
بەرى	مەندە	68
بەرى	ماعان	74
بەرى	ەكى	67
بەرى	مەنى	62
بەرى	مەنىڭ	71
بەرى	نەگە	77
بەرى	قايدا	59
بەرى	سەنى	65
بەرى	ساعان	69
بەرى	وسى	70
بەرى	تاماق	67
بەرى	ۇي	64
بەرى	ۇيدە	71
بەرى	تەلەفون	77
بەرى	ايتىپ	58
بەرى	ەمەس	55
بەرى	قانشا	73
بەرى	قاربالاس	68
بەرى	كوپ	25
بەرى	بىراز	63
بەرى	از	62
بەرى	قايتا	76
بەرى	كوڭىل	76
بەرى	اۋىرىپ	74
بەرى	كەلە	63
بەرى	قاتتى	76
بەرى	قارا	54
بەرى	قاراپ	77
بەرى	ويلاپ	64
بەرى	جۇرىپ	69
بەرى	باسىم	61
بەرى	نەشە	74
بەرى	قاراي	71
بەرى	تالاي	20
بەرى	قابارلاسا	76
بەرى	شىق	76
بەرى	كەلشى	59
بەرى	قابارسىز	66
بەرى	قاراشى	73
بەرى	شىقشى	73
بەرىپ	مەن	75
بەرىپ	بولدى	89
بەرىپ	بىر	67
بەرىپ	سول	76
بەرىپ	ەندى	93
بەرىپ	بولىپ	63
بەرىپ	جاتىر	75
بەرىپ	جاتىرسىڭ	35
بەرىپ	قوي	77
بەرىپ	ال	44
بەرىپ	الىپ	76
بەرىپ	كەلىپ	56
بەرىپ	تۇر	86
بەرىپ	سودان	24
بەرىپ	ەكى	80
بەرىپ	جاتىرمىن	93
بەرىپ	ۇيگە	41
بەرىپ	وتىر	91
بەرىپ	وتىرمىن	66
بەرىپ	كەت	38
بەرىپ	كەتتى	82
بەرىپ	بىراق	72
بەرىپ	قاربالاس	83
بەرىپ	قويشى	93
بەرىپ	كەتىپ	76
بەرىپ	بەرىپ	93
بەرىپ	ەدى	78
بەرىپ	ازىر	67
بەرىپ	جۇر	81
بەرىپ	قايتا	69
بەرىپ	كەتتىم	86
بەرىپ	كەلدىم	83
بەرىپ	قويدى	75
بەرىپ	قويدىم	88
بەرىپ	تۇرىپ	35
بەرىپ	جاڭا	85
بەرىپ	ەدىم	87
بەرىپ	جۇرمىن	49
بەرىپ	الايىن	66
بەرىپ	بولعان	69
بەرىپ	تۇرمىن	75
بەرىپ	بولدىم	81
بەرىپ	ودان	62
بەرىپ	جاڭە	83
بەرىپ	جاتقان	83
بەرىپ	قويىپ	53
بەرىپ	كەتكەن	47
بەرىپ	جاتىرمىز	87
بەرىپ	جۇرگەن	73
بەرىپ	جۇرىپ	70
بەرىپ	جۇرسىڭ	93
بەرىپ	ەدىڭ	75
بەرىپ	تۇرعان	72
بەرىپ	وتىرمىز	77
بەرىپ	قويا	94
بەرىپ	قويايىن	81
بەرىپ	تاستا	60
بەرىپ	تاستاپ	83
بەرىپ	تۇرا	49
بەرىپ	وتىرعان	78
بەرىپ	تۇرشى	83
بەرىپ	قالسا	15
بەرىپ	قويساڭ	78
بەرىپ	تۇرادى	67
بەرىپ	بولدىڭبا	89
بەرىپ	قويعان	87
بەرىپ	جۇرمە	77
بەرىپ	تۇرسا	93
بەرىپ	كەلەيىن	78
بەرىپ	كەتەيىن	94
بەرىپ	ساپ	81
بەرىپ	قويىپتى	93
بەرىپ	قالاما	94
بەرىپ	تۇردىم	86
بەرىپ	قالار	94
بەرىپ	تۇرساڭ	59
بەرىپ	قويعام	44
بەرىپ	جاتسا	73
بەرىپ	قويام	78
بەرىپ	جولعا	87
بەرىپ	قالعانىن	81
بەرىپ	جاتىرما	85
بەرىپ	تۇرايىن	88
بەرىپ	قويىڭىز	50
بەرىپ	جىبەر	89
بەرىپ	تاستادى	53
بەرىپ	تاستادىم	88
بەرىپ	تۇراتىن	62
بەرىپ	تۇرام	59
بەرىپ	تۇرامىن	66
بەرىپ	تۇرسام	70
بەرىپ	تاستايىن	80
بەرىپ	قويدىق	70
بەرىپ	تاستاپتى	83
بەرىپ	قويىڭىزدار	94
بەرىپ	تاستاعان	82
بەرىپ	تۇراسىڭ	82
بەرىپ	تۇرىڭىز	89
بەرىپ	تاستاعام	66
بەرىپ	جاتقانىڭا	79
بەرىپ	قويىڭدار	81
بەرىپ	جىبەرەيىن	92
بەرىپ	جىبەرشى	57
بەرىپ	جىبەردىم	74
بەرىپ	تۇرىڭىزشى	69
بەرىپ	ەتتىم	39
بەرىپ	ەتەيىن	75
بەرىپ	قويساڭىزدار	67
بەرىپ	جبەر	86
بەرىپ	تۇراسىڭبا	85
بەرىپ	جىبەرگەن	57
بەرىپ	ەتەم	93
بەرىپ	ەتشى	91
بەرىپ	تۇرساڭىز	83
بەرىپ	تۇراما	59
بەرىپ	جىبەرەم	85
بەرىپ	جىبەرەتىن	91
بەرىپ	جىبەرسەڭ	66
بەرىپ	ەتسەڭ	84
بەرىپ	ەتەتىن	90
بەرىپ	جىبەرىڭىز	91
بەرىپ	جىبەرىپتى	89
بەرىپ	تۇراسىزبا	92
بەرىپ	تۇرساڭشى	63
بەرىپ	جبەرەيىن	83
بەرىپ	تۇرار	86
بەرىپ	تۇرماساڭ	90
بەرىپ	تۇرمايسىڭبا	90
بەرىپ	تۇراسڭبا	85
بەرىپ	تۇرڭىزشى	86
بەرىپ	تۇراسزبا	83
امانسىڭ	جانىم	94
امانسىڭ	مەن	20
امانسىڭ	جاقسى	42
امانسىڭ	نەعىپ	49
امانسىڭ	سودان	42
امانسىڭ	دوسىم	46
امانسىڭ	امان	33
امانسىڭ	ايتىڭ	21
امانسىڭبا	جانىم	52
امانسىڭبا	مەن	17
امانسىڭبا	جوق	58
امانسىڭبا	جاقسى	86
امانسىڭبا	نە	73
امانسىڭبا	نەعىپ	74
امانسىڭبا	سەن	26
امانسىڭبا	راحىمەت	92
امانسىڭبا	ماقۇل	59
امانسىڭبا	كەلىپ	83
امانسىڭبا	يا	65
امانسىڭبا	ەرتەڭ	86
امانسىڭبا	بۇگىن	82
امانسىڭبا	مەندە	79
امانسىڭبا	سودان	94
امانسىڭبا	ماعان	57
امانسىڭبا	مەنىڭ	76
امانسىڭبا	قايىرلى	91
امانسىڭبا	نەگە	39
امانسىڭبا	قايدا	87
امانسىڭبا	قال	80
امانسىڭبا	ۇيدە	73
امانسىڭبا	تەلەفون	93
امانسىڭبا	ايت	93
امانسىڭبا	بىرگە	68
امانسىڭبا	دوسىم	68
امانسىڭبا	امان	24
امانسىڭبا	امانشىلىق	45
امانسىڭبا	وي	93
امانسىڭبا	مىنا	81
امانسىڭبا	كەش	90
امانسىڭبا	قايداسىڭ	78
امانسىڭبا	بارسىڭبا	75
امانسىڭبا	ايتقانىڭ	70
امانسىڭبا	سونىمەن	77
امانسىڭبا	اينالايىن	82
امانسىڭبا	ايتىڭ	83
امانسىڭبا	ورازا	50
امانسىڭبا	الگى	74
امانسىڭبا	قالىڭ	93
امانسىڭبا	دەنساۋلىق	81
امانسىڭبا	ايىت	16
امانسىڭبا	سومەن	88
امانسىڭبا	بالام	85
امانسىڭبا	دەنساۋلىعىڭ	83
امانسىڭبا	باۋىرىم	58
امانسىڭبا	جاعداي	49
امانسىڭبا	قۇدا	93
امانسىڭبا	كەلىن	91
امانسىڭبا	ساباقتاس	91
امانسىڭبا	سىڭىلىم	93
امانسىڭبا	قۇداشا	70
امانسىڭبا	قارىنداسىم	84
ەدى	عوي	88
ەدى	جانىم	12
ەدى	مەن	43
ەدى	دەپ	62
ەدى	جوق	43
ەدى	جاقسى	67
ەدى	بولدى	83
ەدى	بىر	94
ەدى	سول	59
ەدى	نە	50
ەدى	بار	79
ەدى	سەن	88
ەدى	ەندى	73
ەدى	قوي	55
ەدى	الى	65
ەدى	الىپ	77
ەدى	يا	88
ەدى	ەرتەڭ	67
ەدى	بۇگىن	71
ەدى	مەندە	59
ەدى	سودان	79
ەدى	ماعان	77
ەدى	ەكى	78
ەدى	مەنى	77
ەدى	مەنىڭ	89
ەدى	ول	89
ەدى	قايدا	61
ەدى	سەنى	87
ەدى	ساعان	90
ەدى	وسى	78
ەدى	دەيدى	68
ەدى	ۇيگە	76
ەدى	تەلەفون	93
ەدى	دوسىم	80
ەدى	اقشا	88
ەدى	يە	85
ەدى	ونى	86
ەدى	بىراق	87
ەدى	تاعى	68
ەدى	بىراز	87
ەدى	مىنا	84
ەدى	سەنىڭ	90
ەدى	ازىر	89
ەدى	كەشە	81
ەدى	قايتا	78
ەدى	انا	85
ەدى	وعان	90
ەدى	سونى	55
ەدى	ۇيات	46
ەدى	قازىر	91
ەدى	سوعان	92
ەدى	سۇراپ	52
ەدى	امال	87
ەدى	باعانا	76
ەدى	ءالى	92
ەدى	شىركىن	91
ەدى	ۇمىتىپ	80
ەدى	عۇي	76
ەدى	بەرمەي	86
ەدى	سونىڭ	85
ەدى	اسىلى	86
باس	دەپ	82
باس	ەكەن	68
باس	بار	79
باس	بولىپ	74
باس	قوي	68
باس	امان	72
باس	دەگەن	14
باس	قانداي	57
باس	الماي	78
باس	دەسە	79
باس	اۋىرىپ	68
باس	قاتتى	23
باس	سالىپ	72
باس	قوسىپ	54
باس	جۋىپ	28
باس	جاققا	47
باس	دارى	67
باس	ارتىق	67
باس	اياق	68
باس	بوس	73
باس	جاقتا	68
باس	كيىم	64
باس	اۋرىپ	78
باس	كوز	58
باس	جۇىپ	60
باس	قاتىپ	76
باس	جاعى	47
باس	كۇز	77
باس	اۇىرىپ	69
باس	اياعى	69
باس	جاعىن	39
باس	اۋىرۋ	67
باس	اۋىرتىپ	40
باس	اۋىرادى	64
باس	اياعىن	79
باس	اۋرۋ	71
باس	قوسقان	48
باس	جاقتاعى	74
باس	اۋىردى	70
باس	جۋاتىن	78
باس	جاعىندا	58
باس	جۋايىن	64
باس	قوسۋ	73
باس	قوساتىن	23
باس	قۇراپ	67
باس	قاتىرىپ	63
باس	قوسقاندا	70
باس	قوسۋعا	62
باس	قوسايىق	35
باس	جاعىنداعى	50
باس	قوسامىز	78
باس	پانا	53
باس	اۇىرۇ	73
باس	اۋىرۋدىڭ	78
باس	قوسساق	69
باس	اۋىرتاتىن	70
باس	سيراق	78
باس	قوسۋدا	72
باس	قوسۋى	62
باس	قوسۋدى	69
باس	قوسۋدان	77
باس	قوسۋىنا	77
باسقا	عوي	79
باسقا	جان	90
باسقا	مەن	82
باسقا	جوق	79
باسقا	جاقسى	52
باسقا	بىر	74
باسقا	نە	41
باسقا	ادام	22
باسقا	بولسا	19
باسقا	ماعان	86
باسقا	قاي	93
باسقا	قايدا	88
باسقا	ساعان	68
باسقا	تاماق	89
باسقا	ۇي	69
باسقا	ۇيدە	72
باسقا	ۇيگە	81
باسقا	تەلەفون	67
باسقا	كىم	89
باسقا	اقشا	35
باسقا	كۇنى	81
باسقا	ەمەس	39
باسقا	بارما	66
باسقا	تاعى	91
باسقا	وي	78
باسقا	كوپ	77
باسقا	قانداي	90
باسقا	باسقا	67
باسقا	ىس	93
باسقا	جول	88
باسقا	جۇمىس	85
باسقا	كەرەك	36
باسقا	كەزدە	90
باسقا	بالا	55
باسقا	تۇرى	92
باسقا	ەش	81
باسقا	ەشتەڭە	73
باسقا	جەر	36
باسقا	جەردە	62
باسقا	ماشينا	58
باسقا	قىز	66
باسقا	بىرەۋ	67
باسقا	ءبىر	24
باسقا	جەرگە	91
باسقا	قىزدار	43
باسقا	امال	56
باسقا	باراتىن	38
باسقا	اڭگىمە	86
باسقا	نارسە	45
باسقا	بىردەمە	51
باسقا	جاققا	72
باسقا	دارى	41
باسقا	ارتىق	93
باسقا	بالالار	70
باسقا	جەردەن	89
باسقا	جىگىت	57
باسقا	كىسىلەر	72
باسقا	ەل	82
باسقا	قاتىن	73
باسقا	كولىك	69
باسقا	ايەل	85
باسقا	سوز	74
باسقا	ەشكىم	70
باسقا	ەلدىڭ	29
باسقا	ەشتەمە	86
باسقا	ادامدى	53
باسقا	سۇز	78
باسقا	جاقتا	71
باسقا	جۇمىسقا	71
باسقا	ادامعا	90
باسقا	بىردەڭە	61
باسقا	ادامنىڭ	85
باسقا	جوقپا	80
باسقا	ەلگە	91
باسقا	شۇنگە	80
باسقا	جۇمس	84
باسقا	جىگىتتەر	73
باسقا	ادامدار	86
باسقا	جەرى	77
باسقا	كىمگە	86
باسقا	توپقا	69
باسقا	ۋاقىتتا	89
باسقا	ەركەك	67
باسقا	جاقتان	81
باسقا	بىرەۋگە	72
باسقا	كىمدى	48
باسقا	ەشكىمگە	84
باسقا	اماندىق	59
باسقا	جەرىڭ	76
باسقا	بىرەۋدى	86
باسقا	بىرەۋدىڭ	61
باسقا	ىشتەمە	76
باسقا	شارۋا	80
باسقا	جەرىم	81
باسقا	ايتار	92
باسقا	ايتارىڭ	74
باسقا	سالعان	74
باسقا	قىزعا	92
باسقا	راسىم	92
باسقا	بىرەۇ	93
باسقا	ىشكىم	70
باسقا	جاعىن	74
باسقا	ەشقانداي	92
باسقا	جاعىنان	80
باسقا	ويىم	92
باسقا	اڭگمە	55
باسقا	ۋاقتا	85
باسقا	بىرەۋدەن	82
باسقا	كاسىپ	79
باسقا	ايتارىم	85
باسقا	ۋاقتتا	51
باسقا	جاقا	78
باسقا	تۇكتە	86
باسقا	شتەمە	86
باسقا	امالىم	93
باسقا	ماشينامەن	83
باسقا	بىرەۋمەن	92
باسقا	رەڭ	63
باسقا	ادامىڭ	91
باسقا	قىزدارعا	91
باسقا	نەدەيمىن	84
باسقا	رەڭى	89
باسقا	ەشكىمدى	76
باسقا	شكىم	70
باسقا	ەشكمگە	92
باسقا	بىرەۇگە	91
باسقا	ەشكىممەن	89
باسقا	توپتارعا	93
باسقا	كىمىم	85
باسقا	سالعانىن	68
باسقا	بىلەرىڭ	75
سەنىڭ	جانىم	87
سەنىڭ	مەن	90
سەنىڭ	جاقسى	86
سەنىڭ	بىر	62
سەنىڭ	سول	45
سەنىڭ	نە	74
سەنىڭ	نەعىپ	59
سەنىڭ	بار	93
سەنىڭ	ەندى	83
سەنىڭ	ادام	91
سەنىڭ	ماعان	90
سەنىڭ	ەكى	48
سەنىڭ	مەنى	80
سەنىڭ	مەنىڭ	66
سەنىڭ	قاي	88
سەنىڭ	ول	79
سەنىڭ	قايدا	90
سەنىڭ	وسى	87
سەنىڭ	تەلەفون	59
سەنىڭ	وت	73
سەنىڭ	اق	91
سەنىڭ	ۇزىڭ	87
سەنىڭ	مىنا	90
سەنىڭ	قانداي	85
سەنىڭ	باسقا	70
سەنىڭ	انا	87
سەنىڭ	وزىڭ	81
سەنىڭ	كوڭىل	90
سەنىڭ	ايتقان	81
سەنىڭ	ايتقانىڭ	74
سەنىڭ	عانا	46
سەنىڭ	تۋىلعان	83
سەنىڭ	ەڭ	68
سەنىڭ	الگى	92
سەنىڭ	ونداي	92
سەنىڭ	اكە	92
سەنىڭ	بارلىق	90
سەنىڭ	كۇڭىل	81
سەنىڭ	بەرگەن	91
سەنىڭ	وسىنداي	90
سەنىڭ	ۇيقىڭ	90
سەنىڭ	تۋعان	58
سەنىڭ	شالىڭ	88
سەنىڭ	باسىڭ	77
سەنىڭ	اعاڭ	69
سەنىڭ	قاسىڭدا	82
سەنىڭ	اپاڭ	39
سەنىڭ	تاماعىڭدى	91
سەنىڭ	قولىڭ	88
سەنىڭ	بالاڭ	66
سەنىڭ	اقشاڭ	61
سەنىڭ	اقشاڭدى	70
سەنىڭ	ۇيىڭ	62
سەنىڭ	ۇيىڭە	59
سەنىڭ	جانىڭ	55
سەنىڭ	ۇيڭە	57
سەنىڭ	ويىڭ	70
سەنىڭ	دوسىڭ	49
سەنىڭ	ۋاقىتىڭ	66
سەنىڭ	اكەڭ	71
سەنىڭ	اتىڭ	83
سەنىڭ	سوزىڭ	66
سەنىڭ	الدىڭدا	79
سەنىڭ	ىسىڭ	60
سەنىڭ	جانىڭدا	89
سەنىڭ	باسىڭدى	58
سەنىڭ	قىزىڭ	71
سەنىڭ	جىگىتىڭ	83
سەنىڭ	سۇزىڭ	83
سەنىڭ	شەشەڭ	80
سەنىڭ	نومىرىڭدى	84
سەنىڭ	قاسىڭا	82
سەنىڭ	نۇمىرىڭدى	54
سەنىڭ	جاعدايىڭ	84
سەنىڭ	جۇمىسىڭ	83
سەنىڭ	جۇرەگىڭ	75
سەنىڭ	سوزىڭدى	62
سەنىڭ	ايەلىڭ	67
سەنىڭ	سۇزىڭدى	71
سەنىڭ	جانىڭا	68
سەنىڭ	ۋاقتىڭ	64
سەنىڭ	مازاڭدى	83
سەنىڭ	قاتىنىڭ	76
سەنىڭ	بايىڭ	80
سەنىڭ	ۇلىڭ	79
سەنىڭ	كوزىڭ	93
سەنىڭ	ادامىڭ	87
سەنىڭ	داۋسىڭ	88
سەنىڭ	جۇمسىڭ	92
سەنىڭ	بەتىڭ	84
سەنىڭ	باسىڭا	73
سەنىڭ	تەلەفونىڭ	92
سەنىڭ	قاسڭدا	78
سەنىڭ	كوڭىلىڭ	78
سەنىڭ	ايۋىڭ	73
سەنىڭ	كۇيەۋىڭ	93
سەنىڭ	ماشيناڭ	90
سەنىڭ	قولىڭنان	80
سەنىڭ	ۇيىڭدە	68
سەنىڭ	تەلەفونىڭدى	76
سەنىڭ	اتىڭدى	78
سەنىڭ	قولىڭا	72
سەنىڭ	ۇيشىڭدى	89
سەنىڭ	اۋزىڭنان	91
سەنىڭ	ميىڭ	92
سەنىڭ	جۇرەگىڭدى	90
سەنىڭ	بەتىڭدى	76
سەنىڭ	كۇڭىلىڭ	80
سەنىڭ	بىراۋىز	80
سەنىڭ	تىلىڭدى	91
سەنىڭ	قاسڭا	71
سەنىڭ	كوڭىلىڭدى	83
سەنىڭ	قىلعىڭ	76
سەنىڭ	ارتىڭنان	87
سەنىڭ	قىلىعىڭ	84
سەنىڭ	سوزىڭە	83
سەنىڭ	ۇيڭدە	78
سەنىڭ	بەتىڭە	92
سەنىڭ	سەزىمىڭ	89
سەنىڭ	ايتقانىڭدى	79
سەنىڭ	سۇزىڭە	85
سەنىڭ	ويىڭدى	80
سەنىڭ	قوينىڭا	88
سەنىڭ	كوزىڭە	88
سەنىڭ	قولىڭدا	89
سەنىڭ	ورنىڭ	81
سەنىڭ	ورنىڭدى	73
سەنىڭ	قادىرىڭدى	92
سەنىڭ	ويىڭدا	87
سەنىڭ	ۇيىڭنىڭ	65
سەنىڭ	كۇڭىلىڭدى	89
سەنىڭ	اتىڭدا	84
سەنىڭ	جولىڭدى	89
سەنىڭ	مىنەزىڭ	85
سەنىڭ	ورنىڭا	87
سەنىڭ	كۇزىڭە	87
سەنىڭ	جاعدايىڭدى	93
سەنىڭ	قاسىڭنان	93
سەنىڭ	ايتۋىڭ	87
سەنىڭ	ارقاڭ	88
سەنىڭ	جۇرەگىڭدە	65
سەنىڭ	ساباقتاسىڭ	90
سەنىڭ	ارقاڭدا	91
سەنىڭ	كوڭىلىڭدە	68
سەنىڭ	تەڭىڭ	90
سەنىڭ	ورنىڭدا	80
سەنىڭ	قامىڭدى	83
سەنىڭ	نازارىڭدا	89
كەش	جانىم	87
كەش	مەن	49
كەش	دەپ	85
كەش	بولسىن	80
كەش	جاقسى	73
كەش	بولدى	77
كەش	نەعىپ	57
كەش	بولىپ	70
كەش	كەلىپ	53
كەش	ەرتەڭ	81
كەش	بولسا	83
كەش	سودان	74
كەش	ەكى	73
كەش	بولادى	90
كەش	بىرگە	79
كەش	دوسىم	91
كەش	امان	72
كەش	امانشىلىق	76
كەش	ەمەس	76
كەش	امانسىڭبا	51
كەش	كەش	58
كەش	بوپ	34
كەش	كوڭىلدى	78
كەش	سونىمەن	10
كەش	قىزدار	86
كەش	بولسادا	70
كەش	امانسىزبا	79
كەش	بارلىق	84
كەش	كۇڭىلدى	90
كەش	دوستار	14
كەش	جاقىن	59
كەش	جارىق	83
كەش	كەشكى	11
كەش	ساباقتاستار	72
كەش	جارق	92
كەش	كەشىڭ	82
كەش	باتىپ	76
كەش	كەدەيىن	69
كەش	كۇڭلدى	78
كەش	كوڭلدى	73
كەش	باتا	80
كەش	باتقانشا	89
كەش	باتتى	35
كەش	باتادى	59
كەش	باتقاندا	82
كەش	باتسا	71
كەشتە	مەن	90
كەشتە	دەپ	52
كەشتە	جوق	76
كەشتە	بولسىن	86
كەشتە	بىر	54
كەشتە	سول	36
كەشتە	نە	79
كەشتە	بار	47
كەشتە	سەن	81
كەشتە	الىپ	75
كەشتە	كەل	63
كەشتە	كەلىپ	52
كەشتە	ەرتە	38
كەشتە	ادام	65
كەشتە	بولسا	88
كەشتە	مەندە	74
كەشتە	ماعان	86
كەشتە	بارىپ	82
كەشتە	ەكى	38
كەشتە	مەنى	76
كەشتە	مەنىڭ	81
كەشتە	قاي	91
كەشتە	قايدا	73
كەشتە	سەنى	60
كەشتە	ساعان	92
كەشتە	وسى	73
كەشتە	تاماق	88
كەشتە	قالاي	44
كەشتە	ۇيدە	87
كەشتە	ۇيگە	70
كەشتە	تەلەفون	40
كەشتە	ايتىپ	82
كەشتە	بىرگە	89
كەشتە	بىراق	73
كەشتە	قاربالاس	50
كەشتە	تاعى	90
كەشتە	كەتىپ	49
كەشتە	بىراز	82
كەشتە	شاي	62
كەشتە	باس	69
كەشتە	بولاما	83
كەشتە	قايتا	88
كەشتە	انا	74
كەشتە	قايتىپ	89
كەشتە	جولداپ	57
كەشتە	اتىپ	89
كەشتە	بەرەيىن	53
كەشتە	كەلدى	62
كەشتە	كەلدىم	89
كەشتە	شىعا	71
كەشتە	شىعىپ	81
كەشتە	الايىن	79
كەشتە	بارا	77
كەشتە	بارام	80
كەشتە	كەلە	49
كەشتە	قابارلاس	80
كەشتە	عانا	88
كەشتە	ۋاقىت	89
كەشتە	اپارىپ	61
كەشتە	كەلەدى	67
كەشتە	ساعات	62
كەشتە	توي	58
كەشتە	جاي	85
كەشتە	كەپ	65
كەشتە	ءبىر	75
كەشتە	بارايىن	91
كەشتە	تۋىلعان	45
كەشتە	بولماسا	92
كەشتە	بولسادا	82
كەشتە	باراتىن	81
كەشتە	بەرەم	71
كەشتە	بارامىن	73
كەشتە	ارەڭ	51
كەشتە	ۇزىم	89
كەشتە	بىزدىڭ	91
كەشتە	ەرتەرەك	85
كەشتە	سۇت	65
كەشتە	بالالار	91
كەشتە	كەلسە	91
كەشتە	بارامىز	92
كەشتە	بارعاندا	63
كەشتە	كەلگەندە	76
كەشتە	بەرەمىن	80
كەشتە	اۋدانعا	87
كەشتە	قايتارىپ	80
كەشتە	ايتايىن	75
كەشتە	كورەيىن	93
كەشتە	كەلەتىن	89
كەشتە	بارسام	71
كەشتە	قوناق	70
كەشتە	قولايلى	64
كەشتە	بارايىق	91
كەشتە	اۋىز	71
كەشتە	قايتام	78
كەشتە	كەلسەڭ	67
كەشتە	قابارلاسايىن	86
كەشتە	شىق	50
كەشتە	كەلىڭدەر	75
كەشتە	قايتاتىن	79
كەشتە	كەلەم	91
كەشتە	وراي	76
كەشتە	كەلەسىڭبە	90
كەشتە	تويعا	65
كەشتە	باراسىڭبا	78
كەشتە	وتىرايىق	87
كەشتە	ىشەيىك	79
كەشتە	قولىڭ	93
كەشتە	كورەيىك	88
كەشتە	جۇمىستان	90
كەشتە	شاقىرعان	86
كەشتە	بارايىنبا	86
كەشتە	قايتامىن	76
كەشتە	نەشەدە	76
كەشتە	ىستەن	71
كەشتە	كەزىگەيىك	77
كەشتە	شىعامىن	57
كەشتە	قايتامىز	91
كەشتە	كەلەمىن	84
كەشتە	ۋاقىتىڭ	90
كەشتە	سويلەيىن	86
كەشتە	جوزى	87
كەشتە	بارامبا	90
كەشتە	تۇسەم	91
كەشتە	قانشادا	88
كەشتە	كەلەمىز	80
كەشتە	قابارلاسايىق	91
كەشتە	سۇيلەيىن	85
كەشتە	تارايدى	89
كەشتە	شىعاسىڭبا	85
كەشتە	قوناققا	86
كەشتە	ۋاقتىڭ	84
كەشتە	بارامىزبا	84
كەشتە	قايتاسىڭبا	93
كەشتە	جايىراق	88
كەشتە	كەزگەيىك	92
بولام	عوي	93
بولام	جانىم	16
بولام	دەپ	30
بولام	دەسەڭ	17
بولام	اتىم	37
بولاما	جان	28
بولاما	جانىم	91
بولاما	مەن	12
بولاما	دەپ	54
بولاما	جوق	34
بولاما	جاقسى	65
بولاما	ەكەن	92
بولاما	بىر	28
بولاما	سول	70
بولاما	نە	91
بولاما	سەن	90
بولاما	ەندى	78
بولاما	وندا	82
بولاما	ەرتەڭ	89
بولاما	بۇگىن	76
بولاما	مەندە	84
بولاما	ماعان	80
بولاما	ەكى	83
بولاما	مەنى	93
بولاما	سەنى	86
بولاما	ساعان	85
بولاما	وسى	84
بولاما	دەيدى	87
بولاما	دوسىم	87
بولاما	بىراز	56
بولاما	بولاما	92
بولاما	سوندا	78
بولاما	اعا	76
بولاما	دەسەم	80
بولاما	ۇيات	90
بولاما	دەيمىن	92
بولاما	جەجە	79
بولاما	تاتتىم	91
بولاما	بولمايما	91
بولاما	دەگەنىم	50
بولاما	جالىنايىن	77
راس	عوي	86
راس	جانىم	69
راس	مەن	26
راس	دەپ	55
راس	جوق	85
راس	بولسىن	64
راس	جاقسى	57
راس	بولدى	46
راس	ەكەن	85
راس	بىر	46
راس	سول	58
راس	نە	76
راس	بار	83
راس	سەن	91
راس	ەندى	57
راس	قوي	73
راس	يا	18
راس	ەرتەڭ	86
راس	ادام	82
راس	بولسا	88
راس	بۇگىن	56
راس	مەندە	76
راس	ماعان	82
راس	مەنى	80
راس	مەنىڭ	78
راس	ول	86
راس	سەنى	78
راس	ساعان	59
راس	وسى	69
راس	ايت	80
راس	ايتىپ	73
راس	دوسىم	48
راس	اقشا	79
راس	ونى	87
راس	بىراق	91
راس	قاربالاس	75
راس	نەدەگەن	88
راس	سەنىڭ	84
راس	راس	84
راس	كەشە	70
راس	پا	91
راس	اۋ	62
راس	اۋىرىپ	91
راس	شىعار	92
راس	ۇيات	87
راس	قاتتى	70
راس	قيىن	59
راس	ەي	69
راس	جامان	43
راس	ايتام	83
راس	شارشاپ	11
راس	شىن	81
راس	سونداي	78
راس	سۇيتىپ	58
راس	الگى	83
راس	ساعىنىپ	88
راس	ايتشى	78
راس	سولاي	75
راس	وڭاي	81
راس	جىندى	83
راس	ساعىندىم	88
راس	ەرەكشە	86
راس	ۇمىتىپ	92
راس	رەنجىپ	92
راس	ايتاسىڭ	92
راس	قىزىق	53
راس	ايتامىن	91
راس	سۇيتەدى	17
راس	شارشادىم	93
راس	ايتاسىڭبا	89
از	عوي	84
از	دەپ	52
از	بولسىن	63
از	بولدى	84
از	ەكەن	87
از	بار	36
از	بولىپ	72
از	قوي	29
از	الىپ	86
از	كەلىپ	86
از	ادام	78
از	بولسا	67
از	بولادى	47
از	دەيدى	80
از	كۇن	77
از	قالدى	37
از	اقشا	16
از	ەمەس	44
از	قاربالاس	62
از	ىش	69
از	ىشىپ	46
از	از	69
از	ۇيقتاپ	44
از	جۇمىس	78
از	بوپ	80
از	قالدىم	53
از	اۋىرىپ	34
از	كور	71
از	تۇرىپ	87
از	عانا	14
از	بولعان	35
از	ۋاقىت	86
از	كۇندە	40
از	قالعان	34
از	جە	58
از	جەر	75
از	بولسادا	76
از	اڭگىمە	18
از	نارسە	76
از	توسىپ	72
از	اقشانى	78
از	وتىرىپ	77
از	قالىپ	70
از	قالىپتى	75
از	تۇرا	62
از	پۇل	76
از	قانا	78
از	دەمالىپ	75
از	قالپتى	86
از	جاۋىپ	63
از	كۇننەن	80
از	قالدىق	59
از	بولعاندا	54
از	كۇنگە	68
از	دەگەندە	86
از	كۇندىك	59
از	ۋاقىتتا	56
از	ۇمىر	85
از	قاپتى	87
از	بولۋ	68
از	ۇاقىت	80
از	شىداپ	77
از	ازدان	87
از	توسا	70
از	قالعاندا	72
از	اقشاعا	61
از	تۇرپ	85
از	بولعانداي	71
از	ومىردە	69
از	ۇمىردە	82
از	ۋاقىتتىق	79
از	كەلسىم	79
از	توسقام	82
از	عانتاي	86
ازىر	عوي	87
ازىر	جانىم	86
ازىر	مەن	90
ازىر	جوق	61
ازىر	جاقسى	53
ازىر	بولدى	61
ازىر	بىر	93
ازىر	سول	51
ازىر	نە	62
ازىر	نەعىپ	70
ازىر	بار	53
ازىر	سەن	78
ازىر	ەندى	77
ازىر	بولىپ	89
ازىر	الىپ	86
ازىر	كەل	72
ازىر	كەلىپ	76
ازىر	ەرتە	58
ازىر	ادام	74
ازىر	مەندە	69
ازىر	ماعان	72
ازىر	بارى	72
ازىر	بارىپ	71
ازىر	ەكى	50
ازىر	مەنى	79
ازىر	مەنىڭ	91
ازىر	قاي	86
ازىر	ول	89
ازىر	قايدا	80
ازىر	سەنى	64
ازىر	ساعان	87
ازىر	وسى	78
ازىر	تاماق	87
ازىر	ۇيدە	60
ازىر	ۇيگە	67
ازىر	تەلەفون	50
ازىر	ايتىپ	62
ازىر	كۇن	80
ازىر	كىم	92
ازىر	كەتتى	91
ازىر	اق	60
ازىر	اقشا	88
ازىر	ەمەس	53
ازىر	قانشا	78
ازىر	قاربالاس	85
ازىر	ىشىپ	69
ازىر	تاعى	74
ازىر	كوپ	68
ازىر	بىراز	90
ازىر	قانداي	59
ازىر	شاي	63
ازىر	قايتا	75
ازىر	انا	80
ازىر	ۇيقتاپ	90
ازىر	قايتىپ	90
ازىر	جولداپ	82
ازىر	الدىم	92
ازىر	جۇمىس	76
ازىر	اتىپ	83
ازىر	كەرەك	70
ازىر	كەلدى	73
ازىر	كەلدىم	52
ازىر	شىعىپ	17
ازىر	قايداسىڭ	84
ازىر	كورىپ	45
ازىر	تۇرىپ	79
ازىر	بارا	74
ازىر	بارام	84
ازىر	كەلە	39
ازىر	قاتتى	90
ازىر	عانا	92
ازىر	ۋاقىت	86
ازىر	ەشتەڭە	83
ازىر	مال	92
ازىر	تۇسىپ	83
ازىر	بولدىم	86
ازىر	اپارىپ	36
ازىر	كەلەدى	80
ازىر	جاي	79
ازىر	كەپ	91
ازىر	بارايىن	90
ازىر	بولماي	65
ازىر	كۇرىپ	87
ازىر	بارامىن	86
ازىر	ونداي	63
ازىر	ارەڭ	86
ازىر	بارامىز	66
ازىر	بارعاندا	82
ازىر	قولايسىز	92
ازىر	پۇل	79
ازىر	جاعداي	92
ازىر	بارسام	80
ازىر	بولدىق	78
ازىر	كەلدىك	73
ازىر	قايتام	53
ازىر	دەرەۋ	80
ازىر	شىقتىم	90
ازىر	جاتتىم	72
ازىر	كەلەم	71
ازىر	جۇرەتىن	89
ازىر	تۇردىم	89
ازىر	كوردىم	46
ازىر	جولعا	68
ازىر	جۇرەدى	92
ازىر	قولىم	91
ازىر	كۇردىم	84
ازىر	تۇستىم	73
ازىر	كىردىم	66
ازىر	وتىردىم	58
ازىر	وياندىم	84
ازىر	اشتىم	62
ازىر	قارادىم	80
ازىر	بوسادىم	92
ازىر	كىردىك	78
ىس	جوق	93
ىس	بولدى	17
ىس	ەكەن	34
ىس	بار	39
ىس	بولىپ	38
ىس	قوي	45
ىس	بولسا	27
ىس	ەمەس	28
ىس	بولسادا	30
ىس	ىلگەرى	28
ىس	تۇسكەندە	14
ىس	وتتى	37
ىس	ىلكەرى	48
ىستە	جانىم	17
ىستە	مەن	19
ىستە	دەپ	41
ىستە	وندا	19
ىستە	دەيدى	40
ىستە	شارشاپ	41
ىستەپ	بىر	40
ىستەپ	سول	75
ىستەپ	نە	86
ىستەپ	ەندى	77
ىستەپ	بولىپ	72
ىستەپ	جاتىر	72
ىستەپ	جاتىرسى	18
ىستەپ	جاتىرسىڭ	77
ىستەپ	قوي	11
ىستەپ	ال	84
ىستەپ	الىپ	38
ىستەپ	كەلىپ	65
ىستەپ	تۇر	89
ىستەپ	جاتىرمى	66
ىستەپ	جاتىرمىن	86
ىستەپ	وتىر	13
ىستەپ	وتىرمىن	81
ىستەپ	كەت	71
ىستەپ	كەتتى	88
ىستەپ	اقشا	55
ىستەپ	قاربالاس	57
ىستەپ	ىشىپ	53
ىستەپ	كەتىپ	65
ىستەپ	بەر	80
ىستەپ	بەرىپ	70
ىستەپ	ازىر	59
ىستەپ	جۇر	90
ىستەپ	كەتتىم	45
ىستەپ	بەرە	58
ىستەپ	بەرەيىن	73
ىستەپ	كەلدىم	64
ىستەپ	قويدىم	76
ىستەپ	جاڭا	76
ىستەپ	ەدىم	85
ىستەپ	جۇرمىن	86
ىستەپ	الايىن	43
ىستەپ	بولدىم	52
ىستەپ	كەتتىڭ	82
ىستەپ	جاڭە	70
ىستەپ	جاتقان	85
ىستەپ	قويىپ	34
ىستەپ	كەتكەن	74
ىستەپ	شارشاپ	68
ىستەپ	جاتىرمىز	65
ىستەپ	جۇرە	48
ىستەپ	جۇرگەن	76
ىستەپ	كەتەدى	47
ىستەپ	بەرەم	87
ىستەپ	جۇرىپ	78
ىستەپ	جۇرسىڭ	67
ىستەپ	بەرەدى	49
ىستەپ	تۇرعان	86
ىستەپ	قويايىن	77
ىستەپ	تاستاپ	86
ىستەپ	وتىرسىڭ	81
ىستەپ	جاتىرسىز	74
ىستەپ	بەرەتىن	50
ىستەپ	بەرەمىن	80
ىستەپ	وتىرعان	85
ىستەپ	بەرسەڭ	83
ىستەپ	كەتىپتى	89
ىستەپ	بەردىم	92
ىستەپ	كەتەم	82
ىستەپ	جاتسىڭ	81
ىستەپ	كەتسە	66
ىستەپ	جاتىرسىڭبا	85
ىستەپ	بولدىڭبا	34
ىستەپ	جۇرمە	83
ىستەپ	كەتەيىن	91
ىستەپ	جاتىرسىڭدار	82
ىستەپ	جاتىرسىڭدارما	76
ىستەپ	كەتىم	81
ىستەپ	الايىق	88
ىستەپ	جاتىرما	91
ىستەپ	جۇرسەڭ	59
ىستەپ	جاتسام	92
ىستەپ	جۇرگەندە	93
ىستەپ	جاتر	76
ىستەپ	جۇرمىز	87
ىستەپ	جۇرسىڭبە	79
ىستەپ	كەتسەڭ	70
ىستەپ	جاترمىن	84
ىستەپ	جاتقام	89
ىستەپ	كەتەمىن	61
ىستەپ	كەتسەم	91
ىستەپ	جاتقاندا	76
ىستەپ	السىن	85
ىستەپ	كەتتىڭبە	93
ىستەپ	كەتكەم	66
ىستەپ	جاتساڭ	90
ىستەپ	جاتىرىم	85
ىستەپ	جاتسىڭبا	92
ىستەپ	كەتىڭبە	66
ىستەپ	جاتىرسڭبا	89
ىستەپ	جاتىرسىزبا	79
ىستەپ	جۇرگەنىڭدى	75
جۇر	عوي	92
جۇر	جانىم	15
جۇر	مەن	26
جۇر	دەپ	57
جۇر	جاقسى	23
جۇر	بولدى	77
جۇر	ەكەن	87
جۇر	بىر	15
جۇر	سول	70
جۇر	نە	64
جۇر	سەن	85
جۇر	ەندى	74
جۇر	قوي	63
جۇر	وندا	62
جۇر	بۇگىن	58
جۇر	مەندە	88
جۇر	سودان	86
جۇر	ماعان	92
جۇر	بارىپ	77
جۇر	ەكى	85
جۇر	مەنى	86
جۇر	مەنىڭ	82
جۇر	ول	88
جۇر	قايدا	68
جۇر	سەنى	78
جۇر	ساعان	82
جۇر	وسى	81
جۇر	تاماق	76
جۇر	دەيدى	90
جۇر	دوسىم	44
جۇر	امان	84
جۇر	دەگەن	90
جۇر	مىن	67
جۇر	ەدى	73
جۇر	بولاما	46
جۇر	جۇر	80
جۇر	انا	88
جۇر	جول	88
جۇر	جولدا	86
جۇر	سوندا	91
جۇر	ايتەۋ	88
جۇر	دەسە	76
جۇر	دەسەم	81
جۇر	ەدىم	69
جۇر	ەكەنسىڭ	56
جۇر	دەيمىن	38
جۇر	بۇل	88
جۇر	ەي	90
جۇر	ەمەسپە	81
جۇر	دەشى	59
جۇر	ەكەم	69
جۇر	ەكەمىز	69
جۇر	دەدى	85
جۇر	دەدىم	86
جۇر	سۇيتىپ	75
جۇر	ەدىڭ	59
جۇر	دەسەڭ	46
جۇر	دەيسىڭ	81
جۇر	عۇي	72
جۇر	سىڭ	91
جۇر	مەكەن	87
جۇر	ەكەسىڭ	89
جۇر	دەيسىڭبە	78
جۇر	كەتەيىك	74
الما	جانىم	88
الما	مەن	34
الما	دەپ	43
الما	كەزەك	31
الما	جۇيزى	30
الماي	مەن	45
الماي	دەپ	90
الماي	بىر	92
الماي	نە	82
الماي	ەندى	71
الماي	جاتىر	84
الماي	جاتىرسىڭ	33
الماي	قوي	78
الماي	تۇر	73
الماي	سودان	38
الماي	ماعان	88
الماي	جاتىرمىن	91
الماي	وتىر	15
الماي	وتىرمىن	57
الماي	كەتتى	22
الماي	قالدى	80
الماي	اق	47
الماي	كەتىپ	56
الماي	مىن	77
الماي	جۇر	88
الماي	قايتىپ	47
الماي	كەتتىم	91
الماي	قالدىم	56
الماي	قويدى	15
الماي	قويدىم	29
الماي	تۇرىپ	33
الماي	جۇرمىن	79
الماي	ۇيات	36
الماي	قيىن	78
الماي	جاتىپ	86
الماي	تۇرمىن	81
الماي	قالعان	48
الماي	قالدىڭ	55
الماي	قالدىڭبا	63
الماي	جاتقان	74
الماي	قويىپ	67
الماي	جاتىرمىز	72
الماي	جۇرگەن	56
الماي	جۇرىپ	46
الماي	جۇرسىڭ	80
الماي	ارەڭ	64
الماي	تۇرعان	74
الماي	وتىرمىز	86
الماي	قالادى	72
الماي	وتىرسىڭ	52
الماي	قالىپ	68
الماي	قالىپتى	59
الماي	تۇرا	82
الماي	وتىرعان	91
الماي	قالىپپىن	79
الماي	قالپتى	90
الماي	قويدىڭ	84
الماي	تۇرسىڭ	45
الماي	جاتىرسىڭبا	67
الماي	شىقتىم	75
الماي	قويساڭ	72
الماي	قالدىق	83
الماي	قويعان	46
الماي	جۇرمە	72
الماي	قالاتىن	82
الماي	قالما	59
الماي	قالام	81
الماي	قالاما	53
الماي	كەتىم	78
الماي	قالاسىڭ	92
الماي	قالار	54
الماي	قويعام	90
الماي	قويادى	81
الماي	قينالىپ	92
الماي	جۇرسەڭ	73
الماي	وتىرسىڭبا	80
الماي	جاتسام	87
الماي	جۇرگەندە	80
الماي	كەتتىك	72
الماي	جاتر	90
الماي	جۇرمىز	92
الماي	قالسام	77
الماي	جۇرسىڭبە	59
الماي	جاترمىن	83
الماي	جۇرسەم	82
الماي	قويسام	79
الماي	قالساڭ	85
الماي	جۇرگەم	83
الماي	قالامىن	88
الماي	قويدىق	54
الماي	قۇيدى	89
الماي	قالپپىن	91
الماي	تۇرمىز	92
الماي	قالعام	90
الماي	جاتىرىم	84
الماي	شقتىم	84
الماي	قالامبا	87
الماي	قالامىز	61
الماي	قالمايىن	71
كەشە	مەن	86
كەشە	جوق	42
كەشە	جاقسى	70
كەشە	بىر	72
كەشە	سول	27
كەشە	نە	64
كەشە	نەعىپ	63
كەشە	بار	75
كەشە	سەن	77
كەشە	الىپ	54
كەشە	كەلىپ	70
كەشە	ەرتە	53
كەشە	ەرتەڭ	63
كەشە	ادام	91
كەشە	بۇگىن	86
كەشە	مەندە	54
كەشە	ماعان	69
كەشە	بارىپ	56
كەشە	ەكى	50
كەشە	مەنى	62
كەشە	مەنىڭ	73
كەشە	قاي	79
كەشە	نەگە	85
كەشە	ول	55
كەشە	قايدا	73
كەشە	سەنى	67
كەشە	ساعان	74
كەشە	وسى	62
كەشە	تاماق	75
كەشە	ۇي	78
كەشە	ۇيدە	81
كەشە	ۇيگە	76
كەشە	تەلەفون	63
كەشە	ايتىپ	55
كەشە	كەتتى	61
كەشە	اقشا	85
كەشە	بىراق	79
كەشە	قانشا	85
كەشە	قاربالاس	89
كەشە	ىشىپ	50
كەشە	تاعى	79
كەشە	كوپ	59
كەشە	كەتىپ	71
كەشە	تاڭەرتەڭ	73
كەشە	بىراز	56
كەشە	قانداي	60
كەشە	بەرىپ	85
كەشە	سەنىڭ	91
كەشە	كەش	85
كەشە	كەشتە	83
كەشە	قايتا	21
كەشە	انا	90
كەشە	ۇيقتاپ	74
كەشە	قايتىپ	75
كەشە	ۇش	88
كەشە	اتىپ	85
كەشە	اۋىرىپ	86
كەشە	تۇندە	86
كەشە	كەلدى	24
كەشە	كەلدىم	77
كەشە	شىعىپ	60
كەشە	بىز	87
كەشە	ايتقان	85
كەشە	كەلە	69
كەشە	قاتتى	86
كەشە	عانا	67
كەشە	ۇلكەن	48
كەشە	بەس	90
كەشە	كۇپ	90
كەشە	ساعات	90
كەشە	جاي	83
كەشە	كەپ	64
كەشە	بىرەۋ	90
كەشە	ءبىر	80
كەشە	كەتكەن	80
كەشە	شارشاپ	84
كەشە	العان	65
كەشە	تۇستە	89
كەشە	تۇستەن	62
كەشە	سۇيتىپ	50
كەشە	الگى	88
كەشە	بەكەر	86
كەشە	ارەڭ	91
كەشە	ويناپ	87
كەشە	كەلگەن	85
كەشە	نان	68
كەشە	سويلەپ	86
كەشە	دەن	88
كەشە	باسىم	80
كەشە	اراق	91
كەشە	اياق	89
كەشە	اۋدانعا	87
كەشە	ايتتىم	86
كەشە	اپام	62
كەشە	سۋىق	90
كەشە	ۇمىتىپ	86
كەشە	كەشكە	80
كەشە	ماس	76
كەشە	قانا	77
كەشە	بارسام	80
كەشە	كۇندىز	85
كەشە	قوناق	80
كەشە	ايتساڭ	90
كەشە	ايتىم	84
كەشە	تاۋعا	76
كەشە	قۇلجاعا	88
كەشە	كەلگەم	88
كەشە	ايتقام	67
كەشە	تۇنىمەن	75
كەشە	باردىم	74
كەشە	بارعام	89
كەشە	تۇنمەن	86
كەشە	بىركۇن	91
كەشە	كەشتەن	84
كەشە	تۇننەن	74
كەلسىن	جانىم	89
كەلسىن	مەن	16
كەلسىن	دەپ	84
كەلسىن	جاقسى	50
كەلسىن	سول	81
كەلسىن	راحىمەت	77
كەلسىن	سودان	14
كەلسىن	دەيدى	79
كەلسىن	ۇيگە	53
كەلسىن	بىرگە	84
كەلسىن	دوسىم	13
كەلسىن	ۇز	45
كەلسىن	ۇزىڭ	53
كەلسىن	كوپ	91
كەلسىن	وز	74
كەلسىن	اعا	55
كەلسىن	جەجە	81
كەلسىن	كۇپ	82
كەلسىن	اينالايىن	92
كەلسىن	ىراحىمەت	84
كەلسىن	بالام	80
كەلسىن	باۋىرىم	84
كەلسىن	راقىمەت	86
كەلسىن	جاندارىم	77
كەلسىن	ۇزىڭدە	85
كەلسىن	بىركە	83
كەلسىن	ۇزىڭدىكى	70
كەلسىن	وزىڭدىكى	59
قايت	جانىم	68
قايت	مەن	20
قايت	دەپ	49
قايت	بولدى	19
قايت	ەندى	27
قايت	وندا	18
قايت	دەيدى	35
قايت	ۇيگە	39
قايت	قايت	26
قايت	تەز	50
قايت	دەيسىڭ	49
قايتا	عوي	21
قايتا	مەن	63
قايتا	جاقسى	58
قايتا	بىر	60
قايتا	سول	53
قايتا	سەن	78
قايتا	الىپ	54
قايتا	كەل	58
قايتا	كەلىپ	80
قايتا	ماعان	50
قايتا	بارىپ	68
قايتا	ەكى	49
قايتا	مەنى	91
قايتا	مەنىڭ	80
قايتا	نەگە	89
قايتا	سەنى	82
قايتا	ساعان	83
قايتا	وسى	74
قايتا	ۇيگە	84
قايتا	تەلەفون	85
قايتا	ايتىپ	44
قايتا	كەتتى	62
قايتا	اقشا	82
قايتا	ىشىپ	79
قايتا	كەتىپ	89
قايتا	بەر	62
قايتا	سەنىڭ	61
قايتا	الماي	85
قايتا	قايتا	58
قايتا	ۇيقتاپ	10
قايتا	قايتىپ	61
قايتا	جولدا	70
قايتا	جولداپ	82
قايتا	ات	66
قايتا	اتىپ	91
قايتا	اۋىرىپ	53
قايتا	بەرەيىن	66
قايتا	كەلدى	71
قايتا	كەلدىم	88
قايتا	شىعىپ	77
قايتا	كورىپ	65
قايتا	تۇرىپ	86
قايتا	بارام	81
قايتا	كەلە	73
قايتا	سالىپ	86
قايتا	جاتىپ	73
قايتا	ايتا	77
قايتا	قاراپ	67
قايتا	تۇسىپ	83
قايتا	قوس	80
قايتا	قوسىپ	85
قايتا	اپارىپ	55
قايتا	سۇراپ	72
قايتا	كەلەدى	56
قايتا	توي	78
قايتا	كەپ	85
قايتا	بارايىن	77
قايتا	اشىپ	89
قايتا	كەتەدى	85
قايتا	باراتىن	88
قايتا	بەرەم	81
قايتا	جۋىپ	89
قايتا	بارامىن	87
قايتا	جولداشى	83
قايتا	سويلەپ	59
قايتا	تارتىپ	81
قايتا	ايتشى	80
قايتا	باستاپ	71
قايتا	ۇيىقتاپ	90
قايتا	كەلمەيدى	78
قايتا	شىعارىپ	90
قايتا	سۇيلەپ	75
قايتا	كىرىپ	86
قايتا	شعىپ	78
قايتا	اكەپ	84
قايتا	بارادى	88
قايتا	قايتارىپ	91
قايتا	ۇرىپ	80
قايتا	اتا	87
قايتا	كەلەتىن	81
قايتا	شاقىرىپ	89
قايتا	كەتەم	80
قايتا	سوعىپ	91
قايتا	جاتتىم	86
قايتا	كەلەم	88
قايتا	اينالىپ	82
قايتا	المايتىن	72
قايتا	ايلانىپ	83
قايتا	قوسىلىپ	82
قايتا	ويانىپ	90
ان	عوي	81
ان	ەكەن	44
ان	بار	27
ان	بولسا	42
ان	ايتىپ	25
ان	بارما	15
ان	جولداپ	47
ان	ايتقان	28
ان	سالىپ	49
ان	قويىپ	51
ان	ەستىپ	50
ان	توپ	40
ان	ايتاتىن	50
ان	تاماعىڭ	49
ان	تىڭداپ	37
انا	مەن	20
انا	دەپ	69
انا	جاق	90
انا	بىر	70
انا	ادام	38
انا	ەكى	57
انا	مەنىڭ	49
انا	ۇي	90
انا	ۇيدە	66
انا	ۇيگە	33
انا	تەلەفون	30
انا	دوسىم	84
انا	اق	83
انا	اقشا	83
انا	دەگەن	84
انا	كۇنى	75
انا	مىنا	41
انا	ۇش	37
انا	جۇمىس	83
انا	كەزدە	76
انا	بالا	46
انا	قارا	47
انا	ۇلكەن	78
انا	جەر	77
انا	جەردە	65
انا	ماشينا	56
انا	قىز	87
انا	بىرەۋ	47
انا	جەرگە	85
انا	قىزدار	48
انا	سياقتى	88
انا	كىسى	87
انا	قۇساپ	24
انا	جاققا	43
انا	دارى	42
انا	جىندى	91
انا	بالالار	61
انا	اقشانى	77
انا	منا	64
انا	جەردەن	66
انا	جىگىت	67
انا	جولى	62
انا	كىسىلەر	60
انا	قاتىن	65
انا	وتىرعان	47
انا	ايەل	88
انا	مىنانى	67
انا	ەكەۋى	70
انا	ادامدى	59
انا	ۇيدى	84
انا	ۇيدىڭ	58
انا	جاقتا	70
انا	كسى	54
انا	جىلى	44
انا	ۇيدەن	79
انا	ادامعا	68
انا	قىزىل	82
انا	نەمە	89
انا	شۇنگە	79
انا	توپقا	56
انا	ۋاقىتتا	71
انا	ارام	89
انا	ۇيكە	82
انا	ۇيشىڭعا	82
انا	بالانى	82
انا	جاقتان	75
انا	كۇنگى	63
انا	بالانىڭ	71
انا	بالاعا	75
انا	جەردى	71
انا	ەسەك	77
انا	كەلىنشەك	87
انا	كسلەر	78
انا	جگىت	81
انا	قىزعا	90
انا	ەكەۋىن	70
انا	شۇندە	76
انا	كەلنشەك	68
انا	كىسىنى	80
انا	كىسىنىڭ	78
انا	جولداعان	66
انا	نەربى	88
انا	كەنشەك	84
انا	پۇلدى	80
انا	الباستى	87
انا	سوزدى	91
انا	قىزدى	87
انا	قىزدىڭ	76
انا	سۇزدى	74
انا	كىسلەر	86
انا	توپتا	91
انا	شۇننەن	79
انا	كسىلەر	80
انا	كسنىڭ	90
انا	جاقتاعى	75
انا	دارىنى	76
انا	كىسىگە	86
انا	جاقتىڭ	63
انا	شۇندى	88
انا	توپتان	90
انا	نومىرگە	90
انا	كەزدەگى	69
انا	ەكەۋىنە	82
انا	كسگە	90
انا	قاتىندى	72
انا	نۇمىرگە	79
انا	قاتىنعا	74
انا	كىسگە	82
انا	كىسنىڭ	75
انا	كىسىدەن	89
ۇيقتا	جانىم	86
ۇيقتا	مەن	15
ۇيقتا	دەپ	52
ۇيقتا	جاقسى	44
ۇيقتا	بولدى	49
ۇيقتا	ەندى	14
ۇيقتا	وندا	33
ۇيقتا	ەرتەڭ	19
ۇيقتا	مەندە	43
ۇيقتا	تاڭەرتەڭ	49
ۇيقتا	ۇيقتا	42
ۇيقتا	ەرتەرەك	55
ۇيقتا	شارشادىڭ	48
ۇيقتا	دىم	62
ۇيقتاپ	جاقسى	58
ۇيقتاپ	ەندى	76
ۇيقتاپ	جاتىر	56
ۇيقتاپ	جاتىرسىڭ	18
ۇيقتاپ	ال	90
ۇيقتاپ	الىپ	31
ۇيقتاپ	جاتىرمىن	69
ۇيقتاپ	قال	60
ۇيقتاپ	قالدى	75
ۇيقتاپ	تاڭەرتەڭ	19
ۇيقتاپ	ازىر	91
ۇيقتاپ	ۇيقتاپ	67
ۇيقتاپ	الدىم	65
ۇيقتاپ	قالدىم	89
ۇيقتاپ	تۇرىپ	57
ۇيقتاپ	جاڭا	64
ۇيقتاپ	الايىن	70
ۇيقتاپ	بارا	35
ۇيقتاپ	جاتىپ	88
ۇيقتاپ	قالعان	70
ۇيقتاپ	جاڭە	33
ۇيقتاپ	قالدىڭ	67
ۇيقتاپ	قالدىڭبا	58
ۇيقتاپ	جاتقان	9
ۇيقتاپ	قالادى	51
ۇيقتاپ	دەم	67
ۇيقتاپ	دەمال	78
ۇيقتاپ	قالىپ	79
ۇيقتاپ	قالىپتى	58
ۇيقتاپ	بارادى	68
ۇيقتاپ	قالىپپىن	74
ۇيقتاپ	دەمالىپ	13
ۇيقتاپ	جايلى	71
ۇيقتاپ	الساڭ	64
ۇيقتاپ	قالپتى	85
ۇيقتاپ	قالسا	66
ۇيقتاپ	جاتىرسىڭبا	80
ۇيقتاپ	قالدىما	55
ۇيقتاپ	قالاتىن	44
ۇيقتاپ	قالما	57
ۇيقتاپ	قالام	59
ۇيقتاپ	تۇردىم	66
ۇيقتاپ	قالاسىڭ	54
ۇيقتاپ	تۇردىڭبا	68
ۇيقتاپ	جاتىرما	55
ۇيقتاپ	جاتسام	65
ۇيقتاپ	جاتر	82
ۇيقتاپ	قاپتى	78
ۇيقتاپ	قالسام	88
ۇيقتاپ	تۇرايىن	60
ۇيقتاپ	جاتقام	89
ۇيقتاپ	جاتقاندا	85
ۇيقتاپ	كەتىپپىن	68
ۇيقتاپ	السىن	77
ۇيقتاپ	قالساڭ	83
ۇيقتاپ	ويانىپ	68
ۇيقتاپ	قالامىن	77
ۇيقتاپ	قالپپىن	76
ۇيقتاپ	قالعام	53
ۇيقتاپ	قالعاندا	60
ۇيقتاپ	قالايىن	66
ۇيقتاپ	وياندىم	78
ۇيقتاپ	جاتسىڭبا	72
ۇيقتاپ	قالعانبا	89
ۇيقتاپ	قالدىڭىزبا	76
ۇيقتاپ	الاعوي	55
ۇيقتاپ	قالمايىن	87
ۇيقتاپ	قالدڭبا	82
ۇيقتاپ	قالپىن	71
ۇيقتاپ	قالدىڭدارما	63
ۇيقتاپ	قالىپىن	73
ۇيقتاپ	قالدما	66
ۇيقتاپ	قاپپىن	88
ۇيقتاپ	قاپتىم	74
ۇيقتاپ	قالىپتىم	73
ۇيقتاپ	قالماسام	78
ۇيقتاپ	قالپتىم	78
ۇيقتاپ	قاپىن	77
يۋان	عوي	84
يۋان	مەن	68
يۋان	دەپ	62
يۋان	جوق	58
يۋان	بولدى	78
يۋان	ەكەن	39
يۋان	بىر	34
يۋان	بار	57
يۋان	بولىپ	44
يۋان	الىپ	87
يۋان	ون	59
يۋان	بولسا	89
يۋان	ەكى	53
يۋان	بولادى	75
يۋان	دەيدى	56
يۋان	تەلەفون	58
يۋان	قالدى	85
يۋان	اقشا	46
يۋان	دەگەن	34
يۋان	بارما	86
يۋان	شاي	59
يۋان	بەر	87
يۋان	بەرىپ	75
يۋان	از	22
يۋان	يۋان	87
يۋان	الدى	67
يۋان	الدىم	74
يۋان	ات	74
يۋان	اتىپ	65
يۋان	كەرەك	27
يۋان	بەرە	76
يۋان	بەرەيىن	39
يۋان	تاۋىپ	74
يۋان	سالىپ	40
يۋان	عانا	75
يۋان	قالعان	52
يۋان	قوسىپ	84
يۋان	بەس	81
يۋان	سۇراپ	88
يۋان	بولىپتى	75
يۋان	العان	87
يۋان	بولسادا	85
يۋان	بەرەم	65
يۋان	بولاتىن	82
يۋان	الاتىن	82
يۋان	بەرشى	87
يۋان	نان	63
يۋان	بەرەدى	74
يۋان	ناق	85
يۋان	ارتىق	75
يۋان	اقشانى	84
يۋان	بەرەمىن	84
يۋان	الادى	90
يۋان	پۇل	86
يۋان	بەرسەڭ	85
يۋان	اتا	82
يۋان	قۇڭباۋ	61
يۋان	قانا	18
يۋان	بەردى	88
يۋان	بەردىم	80
يۋان	قالپتى	72
يۋان	اتشى	77
يۋان	كىرە	28
يۋان	كىرەسى	80
يۋان	قاجەت	19
يۋان	قارىز	85
يۋان	ورنى	47
يۋان	قيمىل	86
يۋان	حۇڭباۋ	79
يۋان	جەتپەي	57
يۋان	اقشام	78
يۋان	پايدا	89
يۋان	سالدىم	79
يۋان	شىعاما	85
يۋان	شعاما	51
يۋان	اتساڭ	70
يۋان	قوسىمشا	91
قايتىپ	جان	90
قايتىپ	جانىم	62
قايتىپ	جاقسى	84
قايتىپ	بىر	64
قايتىپ	جاتىر	86
قايتىپ	جاتىرسىڭ	62
قايتىپ	الىپ	54
قايتىپ	كەل	66
قايتىپ	كەلىپ	49
قايتىپ	ادام	35
قايتىپ	تۇر	80
قايتىپ	بارىپ	54
قايتىپ	بولادى	59
قايتىپ	تاماق	35
قايتىپ	ۇيگە	74
قايتىپ	ايتىپ	81
قايتىپ	بىرگە	62
قايتىپ	كۇن	89
قايتىپ	وتىر	89
قايتىپ	كەت	83
قايتىپ	كەتتى	75
قايتىپ	اقشا	55
قايتىپ	كەتىپ	85
قايتىپ	ىستەپ	70
قايتىپ	جۇر	91
قايتىپ	كەتتىم	64
قايتىپ	جۇمىس	46
قايتىپ	اۋىرىپ	90
قايتىپ	كەلدى	86
قايتىپ	كەلدىم	70
قايتىپ	شىعىپ	53
قايتىپ	تاۋىپ	88
قايتىپ	جۇرمىن	75
قايتىپ	بارا	87
قايتىپ	بارام	65
قايتىپ	كەلە	28
قايتىپ	كەتتىڭ	43
قايتىپ	ايتام	84
قايتىپ	كەلەدى	60
قايتىپ	كەپ	60
قايتىپ	ويلاپ	66
قايتىپ	كەتكەن	84
قايتىپ	كۇرىپ	75
قايتىپ	كەتەدى	90
قايتىپ	بەرەم	68
قايتىپ	جالعىز	82
قايتىپ	جۇرسىڭ	90
قايتىپ	بارامىن	76
قايتىپ	كەلگەن	53
قايتىپ	سويلەپ	73
قايتىپ	تاستاپ	82
قايتىپ	دەم	86
قايتىپ	سۇيلەپ	76
قايتىپ	جازىپ	84
قايتىپ	بارامىز	87
قايتىپ	دەمال	61
قايتىپ	وتىرسىڭ	64
قايتىپ	الام	71
قايتىپ	كەلگەندە	71
قايتىپ	بارادى	86
قايتىپ	الادى	76
قايتىپ	كەلەتىن	91
قايتىپ	ايتاسىڭ	75
قايتىپ	الامىن	87
قايتىپ	ۇيقى	80
قايتىپ	كەتىپتى	91
قايتىپ	بىلىپ	82
قايتىپ	كەلەسىڭ	64
قايتىپ	كەتەم	62
قايتىپ	كەلدىك	77
قايتىپ	قايتام	77
قايتىپ	جاتسىڭ	90
قايتىپ	كەتەتىن	87
قايتىپ	باراسىڭ	85
قايتىپ	ايتامىن	68
قايتىپ	كەلشى	82
قايتىپ	كەلەم	89
قايتىپ	الاسىڭ	53
قايتىپ	كەتپتى	73
قايتىپ	بەرەسىڭ	88
قايتىپ	كەلەيىن	81
قايتىپ	كەتەسىڭ	91
قايتىپ	كەتىم	80
قايتىپ	كەتتىك	81
قايتىپ	شىعام	76
قايتىپ	كەلدىڭبە	70
قايتىپ	كەلىپتى	91
قايتىپ	كەتەمىن	91
قايتىپ	جاتام	89
قايتىپ	شىعامىن	78
قايتىپ	كەتتىڭبە	87
قايتىپ	جۇرەم	60
قايتىپ	كەلەمىن	79
قايتىپ	كەتكەم	67
قايتىپ	شىداپ	89
قايتىپ	جۇرەسىڭ	57
قايتىپ	شىعاسىڭ	81
قايتىپ	كەلەمىز	85
قايتىپ	شعام	61
قايتىپ	ۇيقتايمىن	80
قايتىپ	ىستەيسىڭ	77
قايتىپ	كەزىگەمىز	89
قايتىپ	ساعىندىڭ	87
قايتىپ	سەنەم	72
قايتىپ	سۇرايمىن	86
قايتىپ	قويدىڭبا	89
قايتىپ	جاتاسىڭ	74
قايتىپ	كەتىڭبە	75
قايتىپ	قارايمىن	78
قايتىپ	جولدايمىن	88
قايتىپ	شداپ	82
قايتىپ	باعام	78
قايتىپ	ۇيقتايسىڭ	89
قايتىپ	شىدايمىن	84
قايتىپ	بىلدىڭ	78
قايتىپ	شىدايسىڭ	82
قايتىپ	شىدايدى	79
قايتىپ	قويدىڭدارما	83
جول	عوي	91
جول	جوق	83
جول	بولسىن	66
جول	جاقسى	3
جول	ەكەن	83
جول	بار	88
جول	بولىپ	74
جول	الىپ	72
جول	بولسا	82
جول	بەرىپ	81
جول	عانا	79
جول	جامان	79
جول	جۇرىپ	77
جول	بەرسىن	52
جول	پۇل	81
جول	بەرسە	70
جول	اقى	80
جول	ۇزاق	83
جول	بەردىم	87
جول	كىرە	87
جول	كىرەسى	87
جول	بولسن	77
جول	وراي	43
جول	جۇرگەندە	79
جول	تىلەيمىن	80
جول	پۇلىن	89
جول	كورسەتىپ	89
جول	جۇرەسىڭ	89
جول	بويى	81
جول	ورتادا	88
جول	بوسىن	75
جول	اماندىعىن	80
جول	ورتادان	74
جول	جونەكەي	82
جول	جۇنەكەي	77
جولدا	جانىم	90
جولدا	مەن	42
جولدا	دەپ	47
جولدا	بىر	30
جولدا	وندا	56
جولدا	ماعان	62
جولدا	ەكى	63
جولدا	دەيدى	59
جولدا	دەگەن	64
جولدا	بىراق	68
جولدا	كەتىپ	56
جولدا	تەز	33
جولدا	دەسەم	56
جولدا	شى	55
جولدا	كەلە	68
جولدا	تۇرمىن	22
جولدا	كورەيىن	53
جولدا	بايقاپ	66
جولدا	ابايلاپ	29
جولداپ	عوي	61
جولداپ	جاتىر	84
جولداپ	قوي	59
جولداپ	الىپ	13
جولداپ	تۇر	79
جولداپ	جاتىرمىن	79
جولداپ	وتىر	74
جولداپ	وتىرمىن	41
جولداپ	قويشى	61
جولداپ	بەر	22
جولداپ	بەرىپ	43
جولداپ	جولداپ	65
جولداپ	بەرە	83
جولداپ	بەرەيىن	66
جولداپ	قويدى	26
جولداپ	قويدىم	88
جولداپ	ەدىم	18
جولداپ	الدىڭبا	77
جولداپ	جاتقان	90
جولداپ	قويىپ	73
جولداپ	بەرەم	73
جولداپ	بەرشى	58
جولداپ	بەرەدى	16
جولداپ	ەدىڭ	81
جولداپ	تارتىپ	81
جولداپ	قويايىن	69
جولداپ	بەرسىن	35
جولداپ	وتىرسىڭ	87
جولداپ	بەرەتىن	52
جولداپ	بەرەمىن	82
جولداپ	وتىرعان	56
جولداپ	بەرسەڭ	77
جولداپ	بەرگەن	61
جولداپ	بەردى	64
جولداپ	بەردىم	68
جولداپ	قويدىڭ	60
جولداپ	قويساڭ	87
جولداپ	قويعان	55
جولداپ	قويىپتى	67
جولداپ	قويعام	34
جولداپ	قويام	56
جولداپ	بەرسەم	72
جولداپ	بەرىڭىز	82
جولداپ	بەرىڭىزدەر	53
جولداپ	بەرىڭىزدەرشى	69
جولداپ	قويىڭىز	15
جولداپ	جىبەر	39
جولداپ	قۇيشى	88
جولداپ	قويپتى	88
جولداپ	قويسام	47
جولداپ	بەرسەڭىز	76
جولداپ	قويامىن	54
جولداپ	قۇيدىم	83
جولداپ	قويىڭىزدار	80
جولداپ	بەرگەم	60
جولداپ	قويىڭدار	82
جولداپ	قويساڭىز	79
جولداپ	بەرىڭىزشى	64
جولداپ	الىپپىن	51
جولداپ	بەرسەڭىزدەر	60
جولداپ	بەرەيىنبە	40
جولداپ	قويڭىز	85
جولداپ	قويساڭىزدار	69
جولداپ	وتىرىڭىزدار	75
جولداپ	قويايىنبا	81
جولداپ	قويساڭشى	77
جولداپ	قويىپسىڭ	81
جولداپ	قويىڭىزشى	79
جولداپ	قويپسىڭ	70
جولداپ	قالشى	81
جولداپ	الپپىن	85
جولداپ	قويعانىم	89
جولداپ	قويڭىزدار	77
جولداپ	بەرىڭدەرشى	91
جولداپ	بەرڭىزشى	81
جولداپ	قويىڭىزدارشى	88
جولداپ	بەرڭىزدەرشى	90
پا	جانىم	82
پا	مەن	26
پا	دەپ	56
پا	جوق	57
پا	جاقسى	73
پا	بولدى	87
پا	ەكەن	75
پا	بىر	70
پا	سول	73
پا	نە	81
پا	نەعىپ	54
پا	سەن	53
پا	ەندى	65
پا	راحىمەت	69
پا	الى	85
پا	وندا	86
پا	كەلىپ	61
پا	بۇگىن	89
پا	مەندە	77
پا	سودان	89
پا	ماعان	70
پا	مەنى	84
پا	نەگە	88
پا	ول	69
پا	ساعان	72
پا	دوسىم	82
پا	امان	50
پا	ونى	63
پا	قويشى	77
پا	مىنا	31
پا	نەدەگەن	78
پا	قايتىپ	30
پا	پا	90
پا	سوندا	16
پا	ايتتىڭ	81
پا	سەندە	67
پا	قيىن	72
پا	سونىمەن	46
پا	ودا	84
پا	ايتىڭ	90
پا	باعانا	70
پا	دەنساۋلىق	90
پا	بالام	63
پا	قايداعى	73
پا	شىركىن	85
پا	باۋىرىم	20
پا	نەسى	75
پا	قۇداي	86
پا	تىپتى	84
پا	قىيىن	50
پا	وبال	74
پا	قارعام	87
پا	تپتى	70
پا	قويشەي	72
پا	شركىن	90
الدى	عوي	78
الدى	جانىم	16
الدى	مەن	55
الدى	دەپ	48
الدى	بول	23
الدى	بولسىن	57
الدى	ەكەن	29
الدى	بىر	43
الدى	ەندى	62
الدى	راحىمەت	56
الدى	قوي	72
الدى	ەرتەڭ	70
الدى	بۇگىن	74
الدى	سودان	70
الدى	ەكى	68
الدى	دەيدى	67
الدى	كۇنى	52
الدى	يۋان	70
الدى	ەمەسپە	70
الدى	ارتى	51
الدى	اشىق	52
الدى	ارتىن	66
الدى	ارتىنا	56
الدى	يماندى	72
الدى	ارتىڭا	70
الدىم	عوي	65
الدىم	جانىم	22
الدىم	مەن	17
الدىم	دەپ	75
الدىم	جاقسى	30
الدىم	بولدى	75
الدىم	بىر	76
الدىم	سول	65
الدىم	سەن	80
الدىم	ەندى	73
الدىم	راحىمەت	53
الدىم	قوي	44
الدىم	وندا	86
الدىم	ەرتەڭ	81
الدىم	بۇگىن	68
الدىم	سودان	71
الدىم	ەكى	86
الدىم	ساعان	73
الدىم	تاماق	90
الدىم	دەيدى	79
الدىم	ۇيگە	59
الدىم	تەلەفون	39
الدىم	دوسىم	90
الدىم	دەگەن	71
الدىم	بىراق	79
الدىم	ۇزىڭ	89
الدىم	تاعى	89
الدىم	تاڭەرتەڭ	90
الدىم	بىراز	84
الدىم	شاي	87
الدىم	ازىر	86
الدىم	كەشە	83
الدىم	يۋان	81
الدىم	جاڭا	82
الدىم	ەمەسپە	85
الدىم	جاڭە	80
الدىم	دەشى	90
الدىم	دەدىم	83
الدىم	دەدىڭ	88
كەتتىم	عوي	90
كەتتىم	جانىم	13
كەتتىم	مەن	15
كەتتىم	دەپ	63
كەتتىم	بولدى	41
كەتتىم	بىر	76
كەتتىم	سول	65
كەتتىم	نە	76
كەتتىم	سەن	88
كەتتىم	ەندى	76
كەتتىم	قوي	61
كەتتىم	وندا	82
كەتتىم	ەرتەڭ	55
كەتتىم	بۇگىن	75
كەتتىم	مەندە	57
كەتتىم	سودان	78
كەتتىم	ەكى	76
كەتتىم	سەنى	86
كەتتىم	ساعان	64
كەتتىم	وسى	88
كەتتىم	دەيدى	81
كەتتىم	ۇيگە	64
كەتتىم	تەلەفون	62
كەتتىم	دوسىم	89
كەتتىم	دەگەن	73
كەتتىم	بىراز	90
كەتتىم	كەشتە	87
كەتتىم	راس	90
كەتتىم	ازىر	90
كەتتىم	ەي	89
كەتتىم	ەمەسپە	85
كەتتىم	دەشى	73
كەتتىم	ساۋ	85
كەتتىم	قۇرسىن	90
كەتتىم	جۇمىسقا	77
كەتتىم	رەنجىمە	90
كەتتىم	ۇزىڭدى	90
كەتتىم	تەگى	89
ۇش	دەپ	85
ۇش	بولدى	79
ۇش	بولىپ	72
ۇش	قوي	85
ۇش	ادام	76
ۇش	تۇر	17
ۇش	ۇي	88
ۇش	ۇيگە	82
ۇش	اي	83
ۇش	كۇن	29
ۇش	اق	11
ۇش	يۋان	75
ۇش	جول	64
ۇش	ات	74
ۇش	بالا	88
ۇش	كەلە	58
ۇش	ۋاق	69
ۇش	ۋاقىت	50
ۇش	سوم	64
ۇش	كۇندە	62
ۇش	ماشينا	21
ۇش	قىز	79
ۇش	ساعات	60
ۇش	مىڭ	42
ۇش	جاس	28
ۇش	جۇز	76
ۇش	نان	19
ۇش	تۇرلى	87
ۇش	بالام	55
ۇش	جارىم	72
ۇش	كۇنىڭ	64
ۇش	جىل	82
ۇش	جەردەن	28
ۇش	جىگىت	87
ۇش	قاتىن	77
ۇش	ايەل	90
ۇش	تال	87
ۇش	ايدا	50
ۇش	ادامدى	58
ۇش	ۇيدىڭ	89
ۇش	رەت	88
ۇش	ورىن	35
ۇش	ادامعا	40
ۇش	بالاسى	79
ۇش	كۇننەن	75
ۇش	تاي	32
ۇش	ادامنىڭ	87
ۇش	تورت	73
ۇش	ايلىق	32
ۇش	كۇنگە	84
ۇش	تۇرت	41
ۇش	كۇندىك	33
ۇش	قاعاز	54
ۇش	بالانى	81
ۇش	قوزى	85
ۇش	بالانىڭ	89
ۇش	قابات	88
ۇش	جارىمدا	84
ۇش	كيلى	61
ۇش	جوزى	71
ۇش	تۇياق	84
ۇش	مينوت	79
ۇش	شىنى	88
ۇش	جىلدا	86
ۇش	جىلدان	77
ۇش	ايدان	65
ۇش	سەميا	63
ۇش	ايعا	89
ۇش	مەتىر	65
ۇش	ساعاتتا	68
ۇش	كىلى	74
ۇش	ساعاتتان	83
ۇش	تۇرىت	89
ۇش	مىڭعا	58
ۇش	كۇىن	83
ۇش	قالتا	78
ۇش	كۇننىڭ	89
ۇش	ىرەت	70
ۇش	تورىت	63
ۇش	قاتار	65
ۇش	جىلعا	73
ۇش	جىلدىق	68
ۇش	كۇنەن	90
ۇش	قوراپ	73
ۇش	جىلدىڭ	78
ۇش	مىڭدى	74
ۇش	قۇمىرا	88
ۇش	ايكىس	90
ۇش	جۇزگە	77
ۇش	مەتىرلىك	76
ۇش	كۇنكە	83
ۇش	جۇزدەن	87
ۇش	جاتىن	85
سوندا	جانىم	81
سوندا	مەن	62
سوندا	جوق	20
سوندا	جاقسى	78
سوندا	بىر	70
سوندا	سول	48
سوندا	نە	73
سوندا	نەعىپ	24
سوندا	بار	64
سوندا	سەن	85
سوندا	ەندى	35
سوندا	ەرتەڭ	57
سوندا	ادام	56
سوندا	بۇگىن	84
سوندا	مەندە	61
سوندا	ماعان	68
سوندا	بارى	40
سوندا	بارىپ	82
سوندا	ەكى	70
سوندا	مەنى	72
سوندا	مەنىڭ	39
سوندا	قاي	48
سوندا	بولادى	67
سوندا	نەگە	81
سوندا	ول	58
سوندا	قايدا	53
سوندا	سەنى	58
سوندا	ساعان	64
سوندا	وسى	49
سوندا	قالاي	65
سوندا	ۇيگە	42
سوندا	ايتىپ	89
سوندا	كىم	83
سوندا	اقشا	68
سوندا	ونى	78
سوندا	بىراق	85
سوندا	قانشا	74
سوندا	قاشان	58
سوندا	تاعى	53
سوندا	تاڭەرتەڭ	72
سوندا	مىنا	86
سوندا	نەدەگەن	76
سوندا	قانداي	84
سوندا	باسقا	64
سوندا	سەنىڭ	86
سوندا	كەشتە	53
سوندا	انا	83
سوندا	قايتىپ	70
سوندا	ۇش	77
سوندا	بەرەيىن	87
سوندا	سەندە	71
سوندا	بىز	80
سوندا	عانا	71
سوندا	بۇل	63
سوندا	مىناۋ	59
سوندا	قايسى	89
سوندا	نەبولدى	83
سوندا	قايتەم	88
سوندا	ايتشى	68
سوندا	سىز	74
سوندا	ونىڭ	86
سوندا	ناق	87
سوندا	مەنەن	87
سوندا	قايتەسىڭ	81
سوندا	بىلەسىڭ	77
سوندا	قايتەمىز	81
سوندا	قايتەتىن	60
سوندا	قايتسەم	85
جۇمىس	عوي	89
جۇمىس	دەپ	86
جۇمىس	جوق	61
جۇمىس	جاقسى	18
جۇمىس	بولدى	65
جۇمىس	ەكەن	72
جۇمىس	بىر	43
جۇمىس	سول	86
جۇمىس	نە	79
جۇمىس	بار	58
جۇمىس	ەندى	17
جۇمىس	بولىپ	85
جۇمىس	قوي	52
جۇمىس	بولسا	59
جۇمىس	بولادى	19
جۇمىس	قايدا	86
جۇمىس	وسى	80
جۇمىس	قالاي	86
جۇمىس	قالدى	48
جۇمىس	دەگەن	86
جۇمىس	ەمەس	70
جۇمىس	بارما	68
جۇمىس	قاربالاس	35
جۇمىس	كوپ	75
جۇمىس	قانداي	44
جۇمىس	ەدى	62
جۇمىس	از	68
جۇمىس	ىستە	83
جۇمىس	ىستەپ	67
جۇمىس	جۇمىس	13
جۇمىس	بوپ	75
جۇمىس	اۋىر	84
جۇمىس	شىعىپ	70
جۇمىس	تاۋىپ	40
جۇمىس	ايتا	37
جۇمىس	كۇپ	80
جۇمىس	بولماسا	57
جۇمىس	بولسادا	71
جۇمىس	جاساپ	65
جۇمىس	ستەپ	70
جۇمىس	بىردەمە	39
جۇمىس	باستاپ	76
جۇمىس	ىزدەپ	60
جۇمىس	شعىپ	64
جۇمىس	ايتايىن	63
جۇمىس	شىعادى	64
جۇمىس	شىقتى	88
جۇمىس	ايتسام	84
جۇمىس	جوقپا	90
جۇمىس	ورنى	87
جۇمىس	تاپ	87
جۇمىس	شىقپاي	82
جۇمىس	ىستەي	79
جۇمىس	ىستەيتىن	63
جۇمىس	تابا	53
جۇمىس	تاۇىپ	89
جۇمىس	شىقسا	75
جۇمىس	ىستەيمىن	63
جۇمىس	ىستەگەن	56
جۇمىس	بىتىرىپ	67
جۇمىس	ىستەيدى	68
جۇمىس	بارمەكەن	73
جۇمىس	جەڭىل	83
جۇمىس	بىتتى	67
جۇمىس	بەن	75
جۇمىس	پەن	89
جۇمىس	ىستەيسىڭ	88
جۇمىس	ستەي	66
جۇمىس	ىستەمە	85
جۇمىس	ىستەمەي	85
جۇمىس	ىستەيىن	73
جۇمىس	ستەيتىن	67
جۇمىس	بىتكەن	69
جۇمىس	ستەيمىن	88
جۇمىس	ءىستەپ	75
جۇمىس	تاپتىڭبا	81
جۇمىس	ىستەدىم	81
جۇمىس	ىستەسە	77
جۇمىس	ىستەسەڭ	90
جۇمىس	ىستەيمىز	80
جۇمىس	شۇنى	82
جۇمىس	ىزدەيمىن	78
جۇمىس	باستالىپ	79
جۇمىس	بىتسە	84
جۇمىس	ىستەسەم	83
جۇمىس	ورىندا	80
جۇمىس	ستەيسىڭ	88
جۇمىس	ىستەيىم	85
جۇمىس	ىستەدىڭ	89
جۇمىس	بىتپەي	90
جۇمىس	توبى	81
جۇمىس	باستالادى	86
جۇمىس	قاراستىرىپ	87
جۇمىس	ىستەۋ	89
جۇمىس	ىستەگەندە	89
وز	وز	77
وز	ايتتىڭ	53
وز	ايتىڭ	61
وز	ورازا	25
وز	باسىم	61
وز	دەنساۋلىعىڭ	51
وز	الدىندا	51
وز	ايتتارىڭ	65
وز	ايتىڭىز	52
وز	ۇيىڭ	50
وز	الدىما	61
وز	ويىڭ	57
وز	ويىم	53
وز	الدىنا	61
وز	ۇيىم	54
وز	ايتىڭدا	61
وز	الدىمدا	22
وز	الدىڭا	64
وز	ەركىڭ	50
وز	قۇربىلارىنىڭ	41
وز	الدىمىزعا	48
وز	كەشىڭدە	63
وزى	عوي	65
وزى	مەن	57
وزى	جوق	65
وزى	جاقسى	59
وزى	ەكەن	55
وزى	بىر	63
وزى	نە	27
وزى	سەن	60
وزى	الىپ	64
وزى	كەلىپ	59
وزى	ماعان	59
وزى	بارىپ	62
وزى	نەگە	64
وزى	قايدا	67
وزى	تەلەفون	68
وزى	ايتىپ	67
وزى	اق	61
وزى	ايتتى	57
وزى	ايتقان	67
وزى	عانا	70
وزى	كەلەدى	66
وزى	جالعىز	72
وزى	ارەڭ	60
وزى	بىلەدى	64
وزى	ايتادى	44
وزى	بىلىپ	71
وزى	بىلسىن	65
وزىڭ	عوي	45
وزىڭ	مەن	42
وزىڭ	جوق	85
وزىڭ	جاقسى	66
وزىڭ	بىر	55
وزىڭ	نە	61
وزىڭ	نەعىپ	37
وزىڭ	بار	12
وزىڭ	قوي	76
وزىڭ	ال	87
وزىڭ	الىپ	80
وزىڭ	كەل	66
وزىڭ	كەلىپ	64
وزىڭ	بارىپ	61
وزىڭ	قاي	63
وزىڭ	نەگە	55
وزىڭ	قايدا	72
وزىڭ	تاماق	49
وزىڭ	قالاي	62
وزىڭ	ۇيدە	45
وزىڭ	ۇيگە	89
وزىڭ	ايت	89
وزىڭ	ايتىپ	76
وزىڭ	كىم	63
وزىڭ	امان	88
وزىڭ	اق	58
وزىڭ	جاقسىما	82
وزىڭ	قاشان	71
وزىڭ	قاربالاس	75
وزىڭ	ىشىپ	80
وزىڭ	قانداي	82
وزىڭ	امانسىڭبا	64
وزىڭ	ىستەپ	70
وزىڭ	ايتتىڭ	62
وزىڭ	اۋىرىپ	58
وزىڭ	شى	87
وزىڭ	قايداسىڭ	58
وزىڭ	كور	31
وزىڭ	كورىپ	90
وزىڭ	ايتقان	84
وزىڭ	تاۋىپ	86
وزىڭ	كەلە	74
وزىڭ	قابارلاس	89
وزىڭ	عانا	83
وزىڭ	قاراپ	52
وزىڭ	مىقتى	83
وزىڭ	توي	86
وزىڭ	كەپ	90
وزىڭ	ويلاپ	90
وزىڭ	ۇشىن	82
وزىڭ	شارشاپ	77
وزىڭ	ايتىڭ	86
وزىڭ	سياقتى	73
وزىڭ	جالعىز	68
وزىڭ	بىل	57
وزىڭ	بولساڭ	17
وزىڭ	قۇساپ	76
وزىڭ	ايتشى	89
وزىڭ	ستەپ	85
وزىڭ	بىردەمە	87
وزىڭ	قالايسىڭ	88
وزىڭ	دەنساۋلىعىڭ	16
وزىڭ	قانا	84
وزىڭ	بىلىپ	87
وزىڭ	بىلەسىڭ	61
وزىڭ	ىشتىڭبە	34
وزىڭ	جاقسىڭبا	84
وزىڭ	ويلاشى	72
وزىڭ	نەستەپ	81
وزىڭ	ويلانىپ	84
وزىڭ	قايجەردەن	88
وزىڭ	قاندايسىڭ	89
وزىڭ	بلەسىڭ	68
وزىڭ	ايتقانداي	90
وزىڭ	كورگەندەي	89
وزىڭ	بىلشى	63
وزىڭ	عاناما	64
ايتەۋ	جانىم	84
ايتەۋ	مەن	62
ايتەۋ	جوق	35
ايتەۋ	جاقسى	65
ايتەۋ	بىر	52
ايتەۋ	سول	20
ايتەۋ	نە	64
ايتەۋ	بار	62
ايتەۋ	سەن	75
ايتەۋ	ەندى	49
ايتەۋ	ەرتەڭ	70
ايتەۋ	ادام	78
ايتەۋ	بۇگىن	79
ايتەۋ	مەندە	59
ايتەۋ	ماعان	77
ايتەۋ	بارى	44
ايتەۋ	ەكى	77
ايتەۋ	مەنى	71
ايتەۋ	مەنىڭ	50
ايتەۋ	بولادى	64
ايتەۋ	ول	76
ايتەۋ	قايدا	83
ايتەۋ	سەنى	89
ايتەۋ	ساعان	56
ايتەۋ	وسى	53
ايتەۋ	تاماق	60
ايتەۋ	قالاي	88
ايتەۋ	ۇيدە	89
ايتەۋ	ۇيگە	90
ايتەۋ	تەلەفون	87
ايتەۋ	ايتىپ	82
ايتەۋ	امان	85
ايتەۋ	اقشا	54
ايتەۋ	قاربالاس	77
ايتەۋ	قويشى	39
ايتەۋ	كوپ	83
ايتەۋ	تاڭەرتەڭ	77
ايتەۋ	بىراز	82
ايتەۋ	باس	81
ايتەۋ	سەنىڭ	78
ايتەۋ	كەشە	70
ايتەۋ	انا	88
ايتەۋ	جۇمىس	84
ايتەۋ	تەز	78
ايتەۋ	اۋىرىپ	83
ايتەۋ	سەندە	89
ايتەۋ	جۇرمىن	85
ايتەۋ	قاتتى	79
ايتەۋ	قيىن	83
ايتەۋ	ۋاقىت	79
ايتەۋ	كۇندە	90
ايتەۋ	جامان	85
ايتەۋ	بىرەۋ	89
ايتەۋ	ءبىر	85
ايتەۋ	شارشاپ	76
ايتەۋ	شىن	89
ايتەۋ	جۇرىپ	71
ايتەۋ	بارىن	79
ايتەۋ	سونداي	82
ايتەۋ	سۇيتىپ	86
ايتەۋ	ارەڭ	71
ايتەۋ	ۇزىم	71
ايتەۋ	بىلمەي	67
ايتەۋ	بىلمەيمىن	87
ايتەۋ	بىردەمە	70
ايتەۋ	باسىم	72
ايتەۋ	وزىم	85
ايتەۋ	مەنەن	67
ايتەۋ	اياق	87
ايتەۋ	سەنەن	88
ايتەۋ	ۇستىپ	90
ايتەۋ	بايقا	86
ايتەۋ	بايقاپ	67
ايتەۋ	بىردەڭە	89
ايتەۋ	اندا	89
ايتەۋ	ءوزىم	90
ايتەۋ	بىرتۇرلى	88
تەز	عوي	84
تەز	جانىم	62
تەز	مەن	60
تەز	دەپ	84
تەز	بول	68
تەز	جاقسى	23
تەز	ەكەن	81
تەز	بىر	65
تەز	بار	76
تەز	بولىپ	75
تەز	ال	65
تەز	الىپ	72
تەز	كەل	63
تەز	كەلىپ	19
تەز	بولسا	56
تەز	بارىپ	71
تەز	بولادى	63
تەز	تەلەفون	71
تەز	ايت	67
تەز	كەتىپ	72
تەز	كەلسىن	67
تەز	قايت	88
تەز	ۇيقتاپ	64
تەز	قايتىپ	84
تەز	جولدا	80
تەز	تەز	73
تەز	ات	16
تەز	اتىپ	67
تەز	كەرەك	69
تەز	شىعىپ	84
تەز	تاۋىپ	75
تەز	كەلە	68
تەز	قابارلاس	77
تەز	قوس	78
تەز	كەلەدى	89
تەز	توي	78
تەز	جولداشى	82
تەز	سويلە	81
تەز	ايتشى	28
تەز	ايىت	75
تەز	سۇيلە	86
تەز	جاۋاپ	61
تەز	ماس	52
تەز	اتشى	87
تەز	شىق	78
تەز	كەلىڭدەر	59
تەز	كەلشى	72
تەز	وتىپ	60
تەز	ۇتىپ	82
تەز	جۇرەتىن	86
تەز	بولىڭدار	66
تەز	ساقايىپ	84
تەز	جازىلىپ	30
تەز	سۇيلەشى	37
تەز	بولشى	73
تەز	سويلەشى	57
تەز	قايىت	69
تەز	ارادا	78
تەز	ساۋىعىپ	59
تەز	جازلىپ	77
تەز	جازىلسىن	82
تەز	ىرەك	76
تەز	توزسىن	86
تەز	ساقايسىن	76
سوڭ	جانىم	77
سوڭ	مەن	78
سوڭ	دەپ	50
سوڭ	جوق	78
سوڭ	بولسىن	84
سوڭ	جاقسى	76
سوڭ	بولدى	66
سوڭ	بىر	44
سوڭ	سول	49
سوڭ	نە	61
سوڭ	سەن	63
سوڭ	ەندى	68
سوڭ	الىپ	81
سوڭ	كەل	65
سوڭ	كەلىپ	75
سوڭ	ادام	73
سوڭ	بۇگىن	78
سوڭ	مەندە	89
سوڭ	ماعان	56
سوڭ	بارى	59
سوڭ	بارىپ	70
سوڭ	ەكى	54
سوڭ	مەنى	78
سوڭ	مەنىڭ	68
سوڭ	بولادى	84
سوڭ	نەگە	82
سوڭ	ول	85
سوڭ	سەنى	79
سوڭ	ساعان	70
سوڭ	وسى	60
سوڭ	تاماق	76
سوڭ	ۇيگە	79
سوڭ	تەلەفون	67
سوڭ	ايتىپ	62
سوڭ	بىرگە	46
سوڭ	اق	81
سوڭ	اقشا	87
سوڭ	بىراق	86
سوڭ	قاربالاس	49
سوڭ	ىشىپ	89
سوڭ	تاعى	87
سوڭ	كوپ	60
سوڭ	كەتىپ	82
سوڭ	بىراز	70
سوڭ	بەرىپ	72
سوڭ	باسقا	86
سوڭ	سەنىڭ	82
سوڭ	قايتا	88
سوڭ	انا	58
سوڭ	ۇيقتاپ	89
سوڭ	قايتىپ	83
سوڭ	جولداپ	80
سوڭ	اتىپ	74
سوڭ	بەرەيىن	69
سوڭ	شىعىپ	78
سوڭ	ايتقان	88
سوڭ	بارام	75
سوڭ	قابارلاس	64
سوڭ	ايتا	59
سوڭ	قوسىپ	72
سوڭ	سوعان	86
سوڭ	اپارىپ	87
سوڭ	سۇراپ	80
سوڭ	قايدان	66
سوڭ	كەلەدى	89
سوڭ	بارايىن	88
سوڭ	امال	62
سوڭ	جۋىپ	53
سوڭ	بارىن	88
سوڭ	سونداي	79
سوڭ	سۇيتىپ	71
سوڭ	بارامىن	66
سوڭ	ونداي	65
سوڭ	بەكەر	82
سوڭ	ۇزىم	79
سوڭ	سويلەپ	84
سوڭ	سولاي	85
سوڭ	وزىم	62
سوڭ	سۇيلە	86
سوڭ	سۇيلەپ	89
سوڭ	بارامىز	87
سوڭ	ايتتىم	85
سوڭ	قايتارىپ	89
سوڭ	ايتايىن	83
سوڭ	ۇستىپ	78
سوڭ	شپيىڭ	87
سوڭ	بارايىق	86
سوڭ	قايتام	89
سوڭ	قابارلاسايىن	74
سوڭ	ايتقانىم	37
سوڭ	قايتامىن	43
سوڭ	قايتامىز	81
سوڭ	سويلەيىن	88
سوڭ	سۇراعانىم	72
سوڭ	سۇيلەيىن	76
اعا	جان	85
اعا	جانىم	61
اعا	سالەم	77
اعا	مەن	85
اعا	دەپ	37
اعا	جوق	50
اعا	جاقسى	71
اعا	بولدى	61
اعا	بىر	87
اعا	سول	51
اعا	نە	71
اعا	نەعىپ	69
اعا	بار	62
اعا	ەندى	55
اعا	راحىمەت	73
اعا	ماقۇل	45
اعا	وندا	77
اعا	كەلىپ	81
اعا	ەرتەڭ	67
اعا	بۇگىن	59
اعا	مەندە	66
اعا	سودان	72
اعا	ماعان	86
اعا	ەكى	55
اعا	مەنى	80
اعا	مەنىڭ	75
اعا	قايىرلى	79
اعا	ول	82
اعا	قايدا	88
اعا	وسى	70
اعا	جارايدى	77
اعا	قالاي	71
اعا	ۇيگە	73
اعا	تەلەفون	89
اعا	ايت	72
اعا	ايتىپ	87
اعا	بىرگە	89
اعا	امان	67
اعا	امانشىلىق	60
اعا	اقشا	65
اعا	دەگەن	80
اعا	بارما	80
اعا	تاڭەرتەڭ	83
اعا	بىراز	82
اعا	مىنا	78
اعا	قانداي	78
اعا	انا	79
اعا	يۋان	81
اعا	اعا	83
اعا	اۋ	78
اعا	بىز	77
اعا	ۇيات	88
اعا	سوم	75
اعا	كەرەمەت	85
اعا	تۋىلعان	87
اعا	الگى	76
اعا	امانسىز	82
اعا	امانسىزبا	78
اعا	سىز	19
اعا	سىزگە	75
اعا	باۋىر	72
اعا	ايتقانىڭىز	75
اعا	اپەكە	60
اعا	ايتىڭىز	85
اعا	جەڭگە	77
اعا	جاقسىز	67
اعا	دەنساۋلىعىڭىز	76
اعا	جاقسىزبا	82
اعا	جەڭگەم	65
اعا	بارسىزبا	81
اعا	سىزدەن	67
اعا	قالىڭىز	75
اعا	سەمياڭىزبەن	68
اعا	باۋىرلار	78
ات	مەن	64
ات	دەپ	59
ات	جوق	35
ات	بول	57
ات	جاقسى	72
ات	ەكەن	70
ات	بىر	36
ات	بار	67
ات	ەندى	36
ات	بولىپ	58
ات	قوي	64
ات	الىپ	63
ات	وندا	52
ات	قابىل	54
ات	بولسا	67
ات	ماعان	45
ات	دەيدى	67
ات	بارما	61
ات	تەز	61
ات	ات	45
ات	دەسەم	65
ات	ەي	70
ات	قويىپ	57
ات	اقشانى	51
ات	ساتىلادى	61
ات	باسىن	41
ات	جىلقى	55
ات	مىنىپ	65
ات	بايگە	65
ات	بايگەلى	60
ات	سالىسىپ	69
ات	شابىس	67
ات	باسىنداي	69
اتى	جوق	65
اتى	نە	35
اتى	بار	28
اتى	كىم	22
اتى	جونى	10
اتى	جۇنى	40
اتى	ءجونى	46
اتىپ	جاتىر	43
اتىپ	قوي	68
اتىپ	الىپ	19
اتىپ	تۇر	88
اتىپ	جاتىرمىن	53
اتىپ	وتىر	84
اتىپ	كەتتى	82
اتىپ	قويشى	86
اتىپ	بەر	44
اتىپ	بەرىپ	24
اتىپ	اتىپ	44
اتىپ	بەرە	85
اتىپ	بەرەيىن	40
اتىپ	قويدى	14
اتىپ	قويدىم	79
اتىپ	تۇرىپ	16
اتىپ	ەدىم	89
اتىپ	جەر	89
اتىپ	جاتقان	88
اتىپ	قويىپ	83
اتىپ	بەرەم	82
اتىپ	جۇرسىڭ	26
اتىپ	بەرشى	84
اتىپ	بەرەدى	18
اتىپ	قويايىن	65
اتىپ	بەرسىن	27
اتىپ	وتىرسىڭ	72
اتىپ	بەرەتىن	86
اتىپ	بەرەمىن	60
اتىپ	بەرسە	33
اتىپ	بەرسەڭ	71
اتىپ	بەرگەن	54
اتىپ	بەردى	60
اتىپ	بەردىم	52
اتىپ	تۇرشى	41
اتىپ	قويساڭ	25
اتىپ	قويعان	61
اتىپ	بەرەسىڭ	83
اتىپ	قويىپتى	84
اتىپ	تۇرساڭ	47
اتىپ	قويعام	83
اتىپ	قويام	73
اتىپ	بەرسەم	56
اتىپ	بەرىڭىز	61
اتىپ	تۇرايىن	64
اتىپ	قويىڭىز	81
اتىپ	جىبەر	59
اتىپ	قويپتى	49
اتىپ	قويسام	57
اتىپ	بەرەيىك	80
اتىپ	قويدىق	85
اتىپ	بەرسەڭىز	89
اتىپ	بەرەسىڭبە	67
اتىپ	قويامىن	78
اتىپ	قۇيدىم	64
اتىپ	قويىڭىزدار	73
اتىپ	بەرگەم	73
اتىپ	قويىڭدار	68
اتىپ	جىبەرەيىن	89
اتىپ	قويساڭىز	79
اتىپ	بەرىڭىزشى	78
اتىپ	قۇيايىن	64
اتىپ	بەرىپتى	80
اتىپ	جىبەرشى	86
اتىپ	تۇرىڭىزشى	62
اتىپ	بەرەيىنبە	66
اتىپ	بەريىن	89
اتىپ	ەتەيىن	77
اتىپ	جبەر	85
اتىپ	تۇراسىڭبا	78
اتىپ	قويايىنبا	88
اتىپ	بەرمىن	87
اتىپ	ەتشى	88
اتىپ	قوياسىڭبا	63
اتىپ	قالشى	77
اتىپ	جىبەرىڭىز	84
اتىپ	جبەرشى	83
اتىپ	ەتىڭىز	86
اتىپ	جىبەرىڭىزدەر	88
اتىپ	قوياسىزبا	88
بوپ	مەن	87
بوپ	بىر	85
بوپ	سول	77
بوپ	ەندى	88
بوپ	جاتىر	73
بوپ	جاتىرسىڭ	34
بوپ	تۇر	84
بوپ	جاتىرمىن	17
بوپ	وتىر	67
بوپ	وتىرمىن	56
بوپ	كەتتى	61
بوپ	قالدى	18
بوپ	كەتى	18
بوپ	كەتىپ	74
بوپ	ەدى	63
بوپ	جۇر	86
بوپ	كەتتىم	57
بوپ	قالدىم	40
بوپ	قويدى	38
بوپ	تۇرىپ	84
بوپ	جۇرمىن	82
بوپ	بارا	68
بوپ	كەلە	84
بوپ	تۇرمىن	88
بوپ	قالعان	58
بوپ	كەتتىڭ	50
بوپ	قالدىڭ	46
بوپ	قالدىڭبا	68
بوپ	جاتقان	69
بوپ	كەتكەن	71
بوپ	جاتىرمىز	47
بوپ	جۇرە	88
بوپ	جۇرگەن	71
بوپ	كەتەدى	69
بوپ	جۇرىپ	42
بوپ	جۇرسىڭ	86
بوپ	تۇرعان	83
بوپ	قالادى	63
بوپ	وتىرسىڭ	44
بوپ	قالىپ	85
بوپ	قالىپتى	86
بوپ	بارادى	85
بوپ	كەتىپتى	69
بوپ	قالپتى	58
بوپ	كەتەم	77
بوپ	جاتسىڭ	77
بوپ	قالسا	85
بوپ	كەتەت	67
بوپ	كەتەتىن	84
بوپ	كەتسە	67
بوپ	تۇرسىڭ	68
بوپ	باراسىڭ	75
بوپ	قالدىق	88
بوپ	تۇرادى	73
بوپ	قالدىما	73
بوپ	كەتپتى	66
بوپ	تۇرسا	64
بوپ	قالات	88
بوپ	قالاتىن	88
بوپ	كەتەسىڭ	74
بوپ	تۇرما	69
بوپ	قالام	77
بوپ	قالاما	76
بوپ	كەتىم	60
بوپ	قالاسىڭ	74
بوپ	قالار	73
بوپ	قاپ	64
بوپ	جاتسا	79
بوپ	قالماسىن	72
بوپ	كەتتىك	80
بوپ	جاتر	68
بوپ	قاپتى	79
بوپ	كەتسەڭ	53
بوپ	جۇرمەسىن	88
بوپ	كەتىڭ	79
بوپ	كەتكەم	74
بوپ	تۇرعوي	88
بوپ	كەتەمە	65
بوپ	كەتەر	82
بوپ	تۇرعانى	82
بوپ	كەتىپسىڭ	82
بوپ	كەتتڭ	89
قالدىم	عوي	82
قالدىم	جانىم	14
قالدىم	مەن	23
قالدىم	دەپ	65
قالدىم	جاقسى	38
قالدىم	بولدى	86
قالدىم	ەكەن	88
قالدىم	بىر	85
قالدىم	سول	65
قالدىم	نە	67
قالدىم	سەن	75
قالدىم	ەندى	70
قالدىم	راحىمەت	64
قالدىم	قوي	78
قالدىم	ەرتەڭ	72
قالدىم	بۇگىن	68
قالدىم	مەندە	64
قالدىم	سودان	81
قالدىم	ەكى	71
قالدىم	ول	87
قالدىم	سەنى	88
قالدىم	ساعان	72
قالدىم	وسى	65
قالدىم	دەيدى	79
قالدىم	ۇيگە	53
قالدىم	دوسىم	76
قالدىم	دەگەن	72
قالدىم	بىراق	84
قالدىم	تاڭەرتەڭ	80
قالدىم	بىراز	83
قالدىم	راس	83
قالدىم	كەشە	89
قالدىم	ايتەۋ	84
قالدىم	دەسەم	77
قالدىم	ۇيات	86
قالدىم	ەمەسپە	76
قالدىم	دەشى	64
قالدىم	باسىم	66
قالدىم	قۇرسىن	87
قالدىم	رەنجىمە	79
قالدىم	ايتپەسە	70
دەسە	مەن	86
دەسە	جوق	37
دەسە	بولدى	59
دەسە	بىر	33
دەسە	سول	54
دەسە	نە	54
دەسە	سەن	40
دەسە	الىپ	55
دەسە	وندا	60
دەسە	مەندە	57
دەسە	ماعان	62
دەسە	ەكى	58
دەسە	بولادى	61
دەسە	نەگە	57
دەسە	ول	57
دەسە	تاعى	47
دەسە	قايتەم	58
دەسە	قايتەسىڭ	54
دەسە	قۇلاق	59
دەسە	شەشەڭە	54
دەسەم	جانىم	59
دەسەم	مەن	72
دەسەم	جوق	66
دەسەم	جاقسى	44
دەسەم	بولدى	80
دەسەم	بىر	63
دەسەم	سول	60
دەسەم	نە	68
دەسەم	بار	65
دەسەم	سەن	78
دەسەم	ەندى	42
دەسەم	ماقۇل	80
دەسەم	وندا	80
دەسەم	يا	75
دەسەم	ەرتەڭ	67
دەسەم	ادام	77
دەسەم	بۇگىن	72
دەسەم	مەندە	80
دەسەم	ماعان	86
دەسەم	بارى	70
دەسەم	ەكى	84
دەسەم	مەنى	77
دەسەم	بولادى	75
دەسەم	نەگە	66
دەسەم	ول	63
دەسەم	سەنى	52
دەسەم	ساعان	69
دەسەم	وسى	74
دەسەم	قالاي	81
دەسەم	ۇيدە	89
دەسەم	تەلەفون	82
دەسەم	كۇن	68
دەسەم	اقشا	81
دەسەم	ۇزىڭ	47
دەسەم	قاربالاس	85
دەسەم	قويشى	87
دەسەم	تاعى	89
دەسەم	كەتىپ	50
دەسەم	بىراز	81
دەسەم	مىنا	88
دەسەم	سەنىڭ	77
دەسەم	بولاما	85
دەسەم	قايتا	70
دەسەم	انا	86
دەسەم	ۇيقتاپ	77
دەسەم	وزىڭ	88
دەسەم	وعان	86
دەسەم	سەندە	56
دەسەم	ۇيات	83
دەسەم	ۋاقىت	66
دەسەم	سوعان	74
دەسەم	جاي	79
دەسەم	شارشاپ	80
دەسەم	بولماي	77
دەسەم	بولمايدى	88
دەسەم	جالعىز	80
دەسەم	قاتە	86
دەسەم	كەلمەي	89
دەسەم	قولايسىز	82
دەسەم	ايتادى	61
دەسەم	پۇل	74
دەسەم	جاۋاپ	89
دەسەم	اپام	77
دەسەم	كولىك	84
دەسەم	رەنجىپ	86
دەسەم	جاعداي	79
دەسەم	ۇيقىم	79
دەسەم	بولار	84
دەسەم	ۇن	78
دەسەم	ۇندەمەي	72
دەسەم	سويلەمەي	65
دەسەم	بارماي	85
دەسەم	قورقىپ	87
دەسەم	جەتپەي	67
دەسەم	اقشام	80
دەسەم	ۇيالىپ	68
دەسەم	سەنبەيسىڭ	50
دەسەم	ۇيالدىم	87
دەسەم	ەرىنىپ	82
دەسەم	ۇناماي	63
دەسەم	ەرنىپ	77
دەسەم	ۇندەمەيدى	71
دەسەم	ۇندەمەيسىڭ	87
دەسەم	كۇلەدى	86
كەر	باعىپ	87
كەرەك	عوي	10
كەرەك	جانىم	55
كەرەك	مەن	61
كەرەك	دەپ	73
كەرەك	جوق	43
كەرەك	بولدى	57
كەرەك	ەكەن	44
كەرەك	بىر	21
كەرەك	سول	75
كەرەك	سەن	85
كەرەك	ەندى	82
كەرەك	بولىپ	80
كەرەك	قوي	11
كەرەك	الىپ	16
كەرەك	ادام	77
كەرەك	بولسا	86
كەرەك	ماعان	20
كەرەك	بولادى	69
كەرەك	ول	61
كەرەك	ساعان	80
كەرەك	دەيدى	81
كەرەك	دەگەن	61
كەرەك	ەمەس	77
كەرەك	ەدى	20
كەرەك	پا	27
كەرەك	سوندا	83
كەرەك	بوپ	72
كەرەك	شىعار	35
كەرەك	كەزدە	72
كەرەك	بولعان	55
كەرەك	ەمەسپە	79
كەرەك	بولماسا	73
كەرەك	سياقتى	74
كەرەك	قىلىپ	87
كەرەك	دەسەڭ	78
كەرەك	بولپ	85
كەرەك	بولعاندا	78
كەرەك	ەكەنىن	80
كەرەك	قىلادى	73
كەرەك	كەزىندە	86
كەرەك	قىلام	87
كەرەك	قىلاتىن	87
كەرەك	قىلماي	88
كەرەك	قىلمايدى	45
كەرەك	قىلمايمىن	67
كەرەك	جاراق	88
كەرەك	قىلمايتىن	49
كەرەك	قىلمايسىڭ	80
كەرەك	جاراعىن	69
كوڭىل	عوي	82
كوڭىل	جوق	46
كوڭىل	بول	63
كوڭىل	بولىپ	14
كوڭىل	ايتىپ	21
كوڭىل	دەگەن	50
كوڭىل	قالعان	61
كوڭىل	سۇراپ	67
كوڭىل	اشىق	67
كوڭىل	كۇي	49
كوڭىل	كوتەرىپ	12
كوڭىل	بولە	52
كوڭىل	كۇيى	61
كوڭىل	كۇيىم	35
كوڭىل	بولىڭىز	15
كوڭىل	كۇيىڭ	51
كوڭىل	كۇيدە	23
كوڭىل	كۇيدى	38
كوڭىل	كۇيىڭدى	39
كوڭىل	ءبول	29
كوڭىل	ءبولىپ	28
كوڭىل	كۇيدەن	63
كوڭىل	كۇيگە	36
كوڭىل	كۇيىمدى	66
كوڭىل	كۇيىن	40
كوڭىل	بولەتىن	56
كوڭىل	كۇيمەن	51
كوڭىل	كۇيىڭىز	59
كوڭىل	كۇيىڭە	64
كوڭىل	بولگەنىڭە	66
كوڭىلدى	بول	61
كوڭىلدى	بولسىن	75
كوڭىلدى	بولىپ	4
كوڭىلدى	كۇن	68
كوڭىلدى	وت	36
كوڭىلدى	وتىر	66
كوڭىلدى	جۇر	75
كوڭىلدى	كوڭىلدى	62
كوڭىلدى	ماڭگى	57
كوڭىلدى	ويناپ	75
كوڭىلدى	بولساڭ	56
كوڭىلدى	دەنساۋلىعىڭ	67
كوڭىلدى	كۇندەر	87
كوڭىلدى	كەشكى	56
كوڭىلدى	ىستەرىڭ	30
كوڭىلدى	بولسن	13
كوڭىلدى	تۇسكى	84
كوڭىلدى	جۇرسەڭ	46
كوڭىلدى	وتباستارىڭ	80
كوڭىلدى	وتباستارىڭىز	80
كوڭىلدى	ىستەرىڭىز	53
كوڭىلدى	وقۋى	29
كوڭىلدى	بەرەكەلى	87
كوڭىلدى	وتباسىڭ	63
كوڭىلدى	قىزىمەتىڭ	78
كوڭىلدى	وقۋىڭ	57
كوڭىلدى	كۇندەردەن	78
ايتتى	عوي	87
ايتتى	مەن	14
ايتتى	دەپ	55
ايتتى	جاقسى	14
ايتتى	ەكەن	60
ايتتى	سول	43
ايتتى	سودان	57
ايتتى	ماعان	61
ايتتى	ساعان	45
ايتتى	دەيدى	57
ايتتى	دەگەن	18
ايتتى	ەمەسپە	53
ايتتى	دەسەڭ	59
ايتتى	وتكىزىپ	61
ايتتى	دەمە	49
ايتتى	ۇتكىزىپ	37
ايتتىڭ	عوي	60
ايتتىڭ	جانىم	14
ايتتىڭ	مەن	17
ايتتىڭ	دەپ	67
ايتتىڭ	جاقسى	77
ايتتىڭ	بىر	87
ايتتىڭ	سول	76
ايتتىڭ	سەن	61
ايتتىڭ	ەندى	79
ايتتىڭ	قوي	79
ايتتىڭ	قابىل	82
ايتتىڭ	مەندە	17
ايتتىڭ	ول	69
ايتتىڭ	وسى	84
ايتتىڭ	بىرگە	81
ايتتىڭ	دوسىم	74
ايتتىڭ	ونى	46
ايتتىڭ	راس	48
ايتتىڭ	كەلسىن	70
ايتتىڭ	بىرىنشى	88
ايتتىڭ	تەكە	82
ايتتىڭ	نارسەسىن	73
ايتتىڭ	دايىندىعى	72
ايتتىڭ	نانىن	50
ايتتىڭ	دايىندىعىن	75
ايتتىڭ	قاربالاسى	54
اۋ	جانىم	76
اۋ	مەن	11
اۋ	دەپ	54
اۋ	سول	34
اۋ	نە	51
اۋ	سەن	56
اۋ	يا	65
اۋ	مەنىڭ	66
اۋ	سەنى	52
اۋ	وسى	68
اۋ	دوسىم	67
اۋ	دەگەن	55
اۋ	اعا	62
اۋ	اۋ	66
اۋ	دەيمىن	33
اۋ	دەشى	19
اۋ	تاتتىم	67
اۋ	دەيىم	68
اۋىر	عوي	52
اۋىر	ەكەن	34
اۋىر	بولىپ	18
اۋىر	بولسا	20
اۋىر	بولادى	37
اۋىر	ەمەس	45
اۋىر	جۇمىس	27
اۋىر	كەلەدى	19
اۋىر	نارسە	35
اۋىر	اياق	18
اۋىر	سوز	18
اۋىر	سۇز	40
اۋىرىپ	جاقسى	42
اۋىرىپ	بىر	72
اۋىرىپ	سول	66
اۋىرىپ	جاتىر	71
اۋىرىپ	بۇگىن	17
اۋىرىپ	تۇر	69
اۋىرىپ	سودان	12
اۋىرىپ	ەكى	76
اۋىرىپ	جاتىرمىن	78
اۋىرىپ	وتىر	19
اۋىرىپ	وتىرمىن	58
اۋىرىپ	كەتتى	49
اۋىرىپ	قالدى	17
اۋىرىپ	كەتىپ	32
اۋىرىپ	جۇر	86
اۋىرىپ	كەشە	36
اۋىرىپ	ايتەۋ	87
اۋىرىپ	قالدىم	87
اۋىرىپ	سونى	44
اۋىرىپ	جۇرمىن	83
اۋىرىپ	جاتىپ	48
اۋىرىپ	تۇرمىن	67
اۋىرىپ	قالعان	39
اۋىرىپ	سوعان	50
اۋىرىپ	قالدىڭ	71
اۋىرىپ	قالدىڭبا	84
اۋىرىپ	جاتقان	55
اۋىرىپ	شارشاپ	61
اۋىرىپ	بولماي	77
اۋىرىپ	جۇرگەن	85
اۋىرىپ	كەتەدى	67
اۋىرىپ	جۇرىپ	52
اۋىرىپ	ارەڭ	73
اۋىرىپ	تۇرعان	52
اۋىرىپ	دارى	65
اۋىرىپ	باسىم	73
اۋىرىپ	قالادى	83
اۋىرىپ	قالىپ	50
اۋىرىپ	قالىپتى	58
اۋىرىپ	قالىپپىن	39
اۋىرىپ	قالپتى	72
اۋىرىپ	ۇيقتاي	52
اۋىرىپ	قالسا	75
اۋىرىپ	شىقتى	76
اۋىرىپ	شىقتىم	76
اۋىرىپ	جاتتىم	79
اۋىرىپ	قالدىما	75
اۋىرىپ	جۇرمە	64
اۋىرىپ	تۇرسا	79
اۋىرىپ	قالاتىن	74
اۋىرىپ	قالما	81
اۋىرىپ	تۇرما	64
اۋىرىپ	قالام	48
اۋىرىپ	قالاما	83
اۋىرىپ	قالاسىڭ	78
اۋىرىپ	تۇرساڭ	58
اۋىرىپ	جاتسا	82
اۋىرىپ	جاتىرما	77
اۋىرىپ	دوحتىرعا	74
اۋىرىپ	قالماسىن	62
اۋىرىپ	جاتسام	67
اۋىرىپ	جۇرگەندە	87
اۋىرىپ	قاپتى	63
اۋىرىپ	وكىل	67
اۋىرىپ	ۇكىل	84
اۋىرىپ	ءارەڭ	80
اۋىرىپ	تۇرعاندا	84
اۋىرىپ	جاتقاندا	75
اۋىرىپ	قالساڭ	80
اۋىرىپ	تۇرسىڭبا	68
اۋىرىپ	قۇسىپ	88
اۋىرىپ	قالپپىن	87
اۋىرىپ	قالعانبا	73
اۋىرىپ	تۇرعانى	79
اۋىرىپ	دوحتىرحانادا	84
اۋىرىپ	ولگەلى	77
تۇن	جانىم	88
تۇن	مەن	22
تۇن	دەپ	69
تۇن	جوق	84
تۇن	بولسىن	78
تۇن	جاقسى	77
تۇن	بولدى	46
تۇن	ەكەن	56
تۇن	نەعىپ	66
تۇن	بولىپ	75
تۇن	ەرتەڭ	72
تۇن	بولسا	77
تۇن	سودان	71
تۇن	بولادى	75
تۇن	بىرگە	82
تۇن	دوسىم	77
تۇن	امان	70
تۇن	امانشىلىق	72
تۇن	امانسىڭبا	76
تۇن	تۇن	57
تۇن	قىزدار	18
تۇن	بولسادا	71
تۇن	سۋىق	75
تۇن	دوستار	77
تۇن	ىشىندە	61
تۇن	تىنىشتىعىن	57
تۇن	جارىمدا	8
تۇن	تىنشتىعىن	75
تۇن	دەمەي	16
تۇن	بارشاڭىزعا	78
تۇن	ىشندە	83
تۇن	ورتاسى	76
تۇن	ورتاسىندا	69
تۇن	ورتاسىنا	41
تۇن	جامىلىپ	82
تۇن	ورتاسندا	75
تۇن	تنشتعىن	70
تۇن	ۇزارسا	62
تۇن	تىنشتعىن	83
تۇندە	مەن	83
تۇندە	جوق	46
تۇندە	جاقسى	63
تۇندە	بىر	53
تۇندە	سول	41
تۇندە	نە	70
تۇندە	نەعىپ	48
تۇندە	سەن	62
تۇندە	الىپ	56
تۇندە	ون	79
تۇندە	كەلىپ	78
تۇندە	ەرتە	46
تۇندە	مەندە	44
تۇندە	ماعان	78
تۇندە	بارىپ	65
تۇندە	ەكى	57
تۇندە	مەنى	66
تۇندە	مەنىڭ	67
تۇندە	قاي	87
تۇندە	نەگە	59
تۇندە	ول	50
تۇندە	قايدا	68
تۇندە	سەنى	40
تۇندە	ساعان	66
تۇندە	تاماق	60
تۇندە	قالاي	85
تۇندە	ۇيدە	86
تۇندە	ۇيگە	76
تۇندە	تەلەفون	62
تۇندە	ايتىپ	49
تۇندە	بىرگە	77
تۇندە	كىم	80
تۇندە	تاڭ	79
تۇندە	بىراق	84
تۇندە	قانشا	82
تۇندە	قاربالاس	83
تۇندە	ىشىپ	87
تۇندە	تاعى	71
تۇندە	كوپ	54
تۇندە	كەتىپ	72
تۇندە	بىراز	67
تۇندە	نەدەگەن	59
تۇندە	قانداي	73
تۇندە	سەنىڭ	67
تۇندە	ىستەپ	86
تۇندە	قايتا	84
تۇندە	انا	77
تۇندە	ۇيقتاپ	85
تۇندە	قايتىپ	21
تۇندە	ۇش	55
تۇندە	جۇمىس	87
تۇندە	اۋىرىپ	85
تۇندە	كەلدى	83
تۇندە	كەلدىم	81
تۇندە	شىعىپ	66
تۇندە	بارام	82
تۇندە	قاتتى	77
تۇندە	عانا	69
تۇندە	جاتىپ	70
تۇندە	كۇپ	76
تۇندە	كەلەدى	82
تۇندە	ساعات	86
تۇندە	جاي	48
تۇندە	كەپ	27
تۇندە	بىرەۋ	77
تۇندە	بارايىن	85
تۇندە	شارشاپ	77
تۇندە	بولسادا	72
تۇندە	جالعىز	85
تۇندە	ارەڭ	83
تۇندە	ويناپ	83
تۇندە	كەلگەن	82
تۇندە	سويلەپ	82
تۇندە	نەشە	81
تۇندە	ۇيىقتاپ	88
تۇندە	قايداعى	53
تۇندە	اراق	83
تۇندە	سۇيلەپ	86
تۇندە	ايتتىم	87
تۇندە	ماس	84
تۇندە	ۇيقى	65
تۇندە	ۇيقىم	62
تۇندە	بارسام	73
تۇندە	شپيىڭ	82
تۇندە	ۇيقتاي	84
تۇندە	سويلەمەي	60
تۇندە	ۇيقىڭ	77
تۇندە	دالاعا	81
تۇندە	سۇيلەمەي	84
تۇندە	قىزىپ	78
تۇندە	نەشەدە	85
تۇندە	جاتقاندا	82
تۇندە	ۇيىقتاي	81
تۇندە	ۇيقتاماي	78
تۇندە	قايۋاقتا	83
تۇندە	تۇسىمە	81
تۇندە	تۇسىمدە	50
تۇندە	تۇسمە	74
بەرە	عوي	77
بەرە	سال	45
بەرە	تۇر	14
بەرە	بەر	35
بەرە	الماي	45
بەرە	بەرەيىن	19
بەرە	سالىپ	73
بەرە	الاتىن	51
بەرە	بەرەدى	77
بەرە	الام	68
بەرە	بەرەتىن	77
بەرە	المايمىن	76
بەرە	بەرسەڭ	40
بەرە	المايسىڭ	71
بەرە	الامىن	67
بەرە	المادى	74
بەرە	المادىم	77
بەرە	المايدى	39
بەرە	تۇرشى	49
بەرە	مەكەن	19
بەرە	الاسىڭ	72
بەرە	سالشى	72
بەرە	الاسىڭبا	20
بەرە	تۇرساڭ	37
بەرە	سالا	51
بەرە	سالايىن	78
بەرە	المايتىن	23
بەرە	سالام	64
بەرە	بەرىڭىز	39
بەرە	تۇرايىن	79
بەرە	سالاتىن	58
بەرە	الماسا	50
بەرە	الماساڭ	75
بەرە	سالدى	57
بەرە	سالدىم	69
بەرە	سالسا	44
بەرە	سالساڭ	57
بەرە	سالعان	32
بەرە	سالىڭىز	35
بەرە	سالادى	37
بەرە	الاما	62
بەرە	الماعان	75
بەرە	الماسام	69
بەرە	المايىم	78
بەرە	سالامىن	76
بەرە	تۇرىڭىز	48
بەرە	سالايىق	70
بەرە	سالامىز	55
بەرە	الاسڭبا	77
بەرە	تۇرىڭىزشى	70
بەرە	الاسىزبا	52
بەرە	سالاسىڭ	58
بەرە	سالسام	70
بەرە	سالعام	65
بەرە	سالىڭدار	67
بەرە	سالماي	57
بەرە	تۇراسىڭبا	74
بەرە	سالاسىڭبا	61
بەرە	تۇرساڭىز	50
بەرە	سالىڭىزدار	63
بەرە	سالساڭىز	54
بەرە	سالسىن	59
بەرە	سالساق	66
بەرە	سالىڭىزشى	73
بەرە	سالامبا	66
بەرە	سالمايسىڭبا	78
بەرە	سالڭىز	79
بەرە	تۇراسىزبا	73
بەرە	سالاسىزبا	68
بەرە	سالىڭىزدارشى	65
بەرە	سالار	77
بەرە	سالاسڭبا	75
بەرە	سالۋشى	72
بەرە	سالڭىزدار	78
بەرەيىن	جانىم	74
بەرەيىن	مەن	37
بەرەيىن	دەپ	70
بەرەيىن	بولدى	15
بەرەيىن	بىر	77
بەرەيىن	سول	63
بەرەيىن	نە	86
بەرەيىن	سەن	84
بەرەيىن	ەندى	64
بەرەيىن	الىپ	81
بەرەيىن	وندا	84
بەرەيىن	يا	52
بەرەيىن	ەرتەڭ	76
بەرەيىن	بۇگىن	68
بەرەيىن	مەندە	75
بەرەيىن	سودان	87
بەرەيىن	ماعان	85
بەرەيىن	ەكى	83
بەرەيىن	ساعان	81
بەرەيىن	دەيدى	63
بەرەيىن	دوسىم	31
بەرەيىن	اقشا	71
بەرەيىن	دەگەن	86
بەرەيىن	بىراق	50
بەرەيىن	قانشا	86
بەرەيىن	بىراز	86
بەرەيىن	بولاما	86
بەرەيىن	ازىر	23
بەرەيىن	يۋان	75
بەرەيىن	اعا	86
بەرەيىن	دەسە	78
بەرەيىن	دەسەم	79
بەرەيىن	ۇيات	29
بەرەيىن	قاتتى	71
بەرەيىن	قازىر	85
بەرەيىن	دەدى	86
بەرەيىن	دەدىم	72
بەرەيىن	دەگەم	56
بەرەيىن	دەسەڭ	29
بەرەيىن	دەگەنىم	83
بەرەيىن	دەكەم	86
كەلدى	عوي	85
كەلدى	جانىم	16
كەلدى	مەن	33
كەلدى	دەپ	61
كەلدى	بولدى	22
كەلدى	ەكەن	76
كەلدى	بىر	46
كەلدى	سول	64
كەلدى	سەن	69
كەلدى	ەندى	78
كەلدى	قوي	55
كەلدى	الىپ	72
كەلدى	ەرتەڭ	73
كەلدى	بۇگىن	69
كەلدى	سودان	64
كەلدى	ماعان	64
كەلدى	ەكى	81
كەلدى	ول	79
كەلدى	سەنى	73
كەلدى	تاماق	78
كەلدى	دەيدى	61
كەلدى	ۇيگە	56
كەلدى	دەگەن	58
كەلدى	بىراق	70
كەلدى	شاي	65
كەلدى	ازىر	63
كەلدى	جاڭا	76
كەلدى	ەمەسپە	81
كەلدى	الاتىن	66
كەلدى	مىنە	71
كەلدى	الۋشىلار	78
كەلدىم	عوي	75
كەلدىم	جانىم	23
كەلدىم	مەن	21
كەلدىم	دەپ	78
كەلدىم	بىر	39
كەلدىم	سول	63
كەلدىم	سەن	78
كەلدىم	ەندى	77
كەلدىم	ەرتەڭ	46
كەلدىم	بۇگىن	68
كەلدىم	مەندە	66
كەلدىم	سودان	78
كەلدىم	ەكى	81
كەلدىم	تاماق	84
كەلدىم	دەيدى	63
كەلدىم	ۇيگە	60
كەلدىم	تەلەفون	17
كەلدىم	دوسىم	82
كەلدىم	تاڭەرتەڭ	79
كەلدىم	بىراز	80
كەلدىم	شاي	80
كەلدىم	ازىر	76
كەلدىم	كەشە	64
كەلدىم	جاڭا	87
كەلدىم	مال	77
كەلدىم	جاڭە	84
كەلدىم	شارشاپ	79
كەلدىم	دەدىم	83
كەلدىم	دەسەڭ	85
كەلدىم	مىنە	86
كەلدىم	ۇيكە	84
كەلدىم	جاتاققا	84
كەلدىم	جۇمىستان	73
شى	جانىم	78
شى	مەن	17
شى	دەپ	57
شى	بولدى	50
شى	نەعىپ	54
شى	بولاما	56
شى	تەز	24
شى	پيىڭ	59
شىعا	سال	63
شىعا	بەر	56
شىعا	الماي	18
شىعا	بەرەيىن	12
شىعا	كەلدى	34
شىعا	سالىپ	49
شىعا	كەلەدى	34
شىعا	بەرەدى	31
شىعا	بەرسىن	39
شىعا	المايمىن	52
شىعا	المايسىڭ	16
شىعا	المادىم	40
شىعا	كەلدىڭ	39
شىعا	الساڭ	55
شىعا	كەلەسىڭ	56
شىعا	المايدى	44
شىعا	قالسا	36
شىعا	مەكەن	55
شىعا	الاسىڭبا	56
شىعا	المايتىن	19
شىعا	الماساڭ	33
شىعا	المايىم	53
شىعا	المايسىڭبا	51
شىعار	جانىم	55
شىعار	مەن	33
شىعار	دەپ	60
شىعار	جوق	25
شىعار	ەكەن	84
شىعار	بىر	76
شىعار	سول	65
شىعار	نە	71
شىعار	سەن	86
شىعار	ەندى	76
شىعار	وندا	53
شىعار	يا	69
شىعار	ەرتەڭ	65
شىعار	بۇگىن	82
شىعار	مەندە	74
شىعار	ماعان	86
شىعار	مەنى	82
شىعار	ول	84
شىعار	سەنى	64
شىعار	ساعان	83
شىعار	وسى	74
شىعار	دەيدى	74
شىعار	يە	79
شىعار	بىراق	82
شىعار	مىن	78
شىعار	دەسەم	64
شىعار	دەيمىن	80
شىعار	دەدىم	78
شىعار	سىڭ	75
شىعار	ساتىلادى	25
شىعار	بالكىم	76
شىعىپ	بولدى	70
شىعىپ	بىر	85
شىعىپ	ەندى	60
شىعىپ	جاتىر	78
شىعىپ	ال	37
شىعىپ	الىپ	77
شىعىپ	كەل	44
شىعىپ	كەلىپ	79
شىعىپ	تۇر	64
شىعىپ	بارىپ	25
شىعىپ	جاتىرمىن	84
شىعىپ	تاماق	64
شىعىپ	ۇيگە	63
شىعىپ	تەلەفون	75
شىعىپ	وتىر	76
شىعىپ	وتىرمىن	61
شىعىپ	كەت	57
شىعىپ	كەتتى	59
شىعىپ	قالدى	19
شىعىپ	كەتى	42
شىعىپ	كەتىپ	85
شىعىپ	بىراز	44
شىعىپ	ەدى	74
شىعىپ	جۇر	76
شىعىپ	قايتا	61
شىعىپ	الدى	83
شىعىپ	الدىم	68
شىعىپ	كەتتىم	52
شىعىپ	جۇمىس	21
شىعىپ	كەلدىم	87
شىعىپ	قويدى	52
شىعىپ	قويدىم	78
شىعىپ	ەدىم	72
شىعىپ	جۇرمىن	74
شىعىپ	الايىن	58
شىعىپ	بارا	76
شىعىپ	بارام	62
شىعىپ	كەلە	68
شىعىپ	تۇرمىن	64
شىعىپ	تۇسىپ	82
شىعىپ	الدىڭبا	84
شىعىپ	كەتتىڭ	52
شىعىپ	جاتقان	70
شىعىپ	كەتكەن	65
شىعىپ	جۇرگەن	30
شىعىپ	العان	74
شىعىپ	كەتە	74
شىعىپ	كەتەدى	70
شىعىپ	جۇرىپ	49
شىعىپ	جۇرسىڭ	81
شىعىپ	بارامىن	86
شىعىپ	ويناپ	65
شىعىپ	سويلەپ	73
شىعىپ	تۇرعان	87
شىعىپ	قالادى	75
شىعىپ	وتىرسىڭ	72
شىعىپ	وتىرىپ	83
شىعىپ	قالىپ	88
شىعىپ	قالىپتى	86
شىعىپ	الادى	87
شىعىپ	كەتىپتى	85
شىعىپ	كەتەم	39
شىعىپ	قالسا	66
شىعىپ	كەتەتىن	66
شىعىپ	كەتسە	66
شىعىپ	جاتىرسىڭبا	60
شىعىپ	تۇرادى	81
شىعىپ	كەلەم	61
شىعىپ	الدىق	86
شىعىپ	كەتپتى	86
شىعىپ	تۇرسا	59
شىعىپ	كەلەيىن	79
شىعىپ	قالاتىن	59
شىعىپ	كەتەيىن	77
شىعىپ	تۇرما	61
شىعىپ	قالاما	82
شىعىپ	كەتىم	63
شىعىپ	قالار	74
شىعىپ	اينالىپ	38
شىعىپ	جاتسا	79
شىعىپ	كەلەيىك	59
شىعىپ	كەتتىك	58
شىعىپ	الىپتى	64
شىعىپ	جۇرسىڭبە	79
شىعىپ	كەتسەڭ	76
شىعىپ	كەتەمىن	68
شىعىپ	كەتسەم	76
شىعىپ	كەتتىڭبە	61
شىعىپ	كەتكەم	37
شىعىپ	كەتەمىز	51
شىعىپ	كەتەيىك	81
شىعىپ	كەتكەندە	79
شىعىپ	كەتپەسىن	86
شىعىپ	كەتەمە	82
شىعىپ	كەتتىمە	86
شىعىپ	بولعانشا	80
شىعىپ	قويدىڭبا	88
شىعىپ	كەتىڭبە	68
شىعىپ	كەتسەك	56
شىعىپ	كەتتىڭبا	85
قايداسىڭ	جانىم	81
قايداسىڭ	مەن	20
قايداسىڭ	دەپ	60
قايداسىڭ	نە	49
قايداسىڭ	نەعىپ	66
قايداسىڭ	سەن	28
قايداسىڭ	كەلىپ	69
قايداسىڭ	نەگە	86
قايداسىڭ	قايدا	72
قايداسىڭ	ۇيدە	57
قايداسىڭ	ۇيگە	85
قايداسىڭ	تەلەفون	75
قايداسىڭ	دوسىم	82
قايداسىڭ	ازىر	42
قايداسىڭ	سوندا	75
قايداسىڭ	تەز	82
قايداسىڭ	قايداسىڭ	84
قايداسىڭ	بارسىڭبا	54
قايداسىڭ	قازىر	83
قايداسىڭ	ەي	79
قايداسىڭ	سويلە	64
قايداسىڭ	دار	68
قايداسىڭ	بالام	81
قايداسىڭ	باۋىرىم	80
قايداسىڭ	ۇيدەسىڭبە	78
قويدى	عوي	80
قويدى	جانىم	14
قويدى	مەن	56
قويدى	دەپ	65
قويدى	ەكەن	20
قويدى	بىر	56
قويدى	ەندى	63
قويدى	قوي	59
قويدى	الىپ	65
قويدى	ەرتەڭ	62
قويدى	بۇگىن	65
قويدى	سودان	68
قويدى	دەيدى	52
قويدى	قوسىپ	40
قويدى	اپارىپ	68
قويدى	ەمەسپە	61
قويدى	ايداپ	49
قويدى	قاماپ	63
قويدىم	عوي	65
قويدىم	جانىم	19
قويدىم	مەن	29
قويدىم	دەپ	69
قويدىم	بولدى	45
قويدىم	بىر	73
قويدىم	سول	68
قويدىم	نە	72
قويدىم	سەن	86
قويدىم	ەندى	72
قويدىم	راحىمەت	51
قويدىم	قوي	57
قويدىم	الىپ	84
قويدىم	وندا	64
قويدىم	ەرتەڭ	84
قويدىم	بۇگىن	60
قويدىم	سودان	79
قويدىم	ەكى	78
قويدىم	ول	78
قويدىم	سەنى	83
قويدىم	ساعان	80
قويدىم	دەيدى	70
قويدىم	تەلەفون	55
قويدىم	دوسىم	85
قويدىم	دەگەن	73
قويدىم	بىراق	80
قويدىم	تاڭەرتەڭ	85
قويدىم	كەشتە	75
قويدىم	اعا	84
قويدىم	سونى	84
قويدىم	ۇيات	86
قويدىم	جەجە	78
قويدىم	ەمەسپە	86
قويدىم	جاۋاپ	84
قويدىم	رەنجىمە	78
قويدىم	كەشىر	70
كەز	عوي	86
كەز	جاقسى	14
كەز	ەكەن	35
كەز	بولسا	20
كەز	ەمەس	19
كەز	كەلگەن	26
كەزدە	جانىم	21
كەزدە	مەن	80
كەزدە	جوق	37
كەزدە	بولسىن	68
كەزدە	جاقسى	64
كەزدە	بىر	63
كەزدە	سول	39
كەزدە	نە	69
كەزدە	نەعىپ	66
كەزدە	بار	75
كەزدە	سەن	78
كەزدە	الىپ	47
كەزدە	كەل	57
كەزدە	كەلىپ	76
كەزدە	ادام	71
كەزدە	بولسا	73
كەزدە	مەندە	86
كەزدە	ماعان	61
كەزدە	بارى	48
كەزدە	بارىپ	77
كەزدە	ەكى	61
كەزدە	مەنى	75
كەزدە	مەنىڭ	58
كەزدە	نەگە	68
كەزدە	ول	60
كەزدە	قايدا	74
كەزدە	سەنى	76
كەزدە	ساعان	62
كەزدە	وسى	58
كەزدە	ۇيدە	81
كەزدە	ۇيگە	82
كەزدە	تەلەفون	82
كەزدە	ايت	55
كەزدە	ايتىپ	70
كەزدە	بىرگە	55
كەزدە	كىم	78
كەزدە	اقشا	84
كەزدە	بىراق	70
كەزدە	ۇزىڭ	53
كەزدە	قاربالاس	82
كەزدە	تاعى	73
كەزدە	كوپ	61
كەزدە	كەتىپ	72
كەزدە	بىراز	85
كەزدە	قانداي	75
كەزدە	بەرىپ	74
كەزدە	سەنىڭ	80
كەزدە	قايتىپ	76
كەزدە	جولداپ	85
كەزدە	اتىپ	83
كەزدە	كەرەك	66
كەزدە	بەرەيىن	86
كەزدە	قايداسىڭ	61
كەزدە	سەندە	84
كەزدە	بىز	75
كەزدە	ايتقان	87
كەزدە	الايىن	85
كەزدە	بارام	81
كەزدە	قابارلاس	83
كەزدە	قاتتى	53
كەزدە	عانا	78
كەزدە	قيىن	65
كەزدە	ايتا	79
كەزدە	ۋاقىت	61
كەزدە	قوسىپ	85
كەزدە	اپارىپ	86
كەزدە	ايتام	82
كەزدە	بارايىن	70
كەزدە	بەرەم	70
كەزدە	سونداي	83
كەزدە	سۇيتىپ	86
كەزدە	بارامىن	81
كەزدە	ۇزىم	79
كەزدە	سويلە	76
كەزدە	سويلەپ	83
كەزدە	ايىت	71
كەزدە	وزىم	87
كەزدە	سۇيلە	81
كەزدە	سۇيلەپ	83
كەزدە	قايتارىپ	69
كەزدە	ايتايىن	80
كەزدە	قابارلاسىپ	65
كەزدە	شپيىڭ	72
كەزدە	بىلەسىڭ	84
كەزدە	ايتساڭ	87
كەزدە	قابارلاسايىن	75
كەزدە	ايتامىن	58
كەزدە	كورەيىك	79
كەزدە	كەزىگەيىك	64
كەزدە	سويلەيىن	83
كەزدە	كۇرەيىك	86
كور	جانىم	75
كور	مەن	12
كور	دەپ	46
كور	جاقسى	48
كور	نە	72
كور	ەندى	65
كور	وندا	55
كور	ەرتەڭ	42
كور	مەندە	65
كور	مەنى	62
كور	دەيدى	73
كور	دوسىم	61
كور	بولاما	63
كور	تۇن	66
كور	شى	32
كور	بولماسا	73
كور	نەدەيدى	69
كور	تۇسىڭدە	71
كورىپ	جاقسى	20
كورىپ	بىر	76
كورىپ	نە	69
كورىپ	ەندى	84
كورىپ	بولىپ	76
كورىپ	جاتىر	74
كورىپ	جاتىرسىڭ	42
كورىپ	قوي	67
كورىپ	ال	73
كورىپ	الىپ	61
كورىپ	كەل	47
كورىپ	تۇر	84
كورىپ	سودان	52
كورىپ	بارىپ	77
كورىپ	جاتىرمىن	81
كورىپ	ايتىپ	16
كورىپ	وتىر	84
كورىپ	وتىرمىن	41
كورىپ	كەتتى	20
كورىپ	قالدى	78
كورىپ	قاربالاس	81
كورىپ	جۇر	76
كورىپ	الدىم	58
كورىپ	كەتتىم	84
كورىپ	قالدىم	51
كورىپ	كەلدىم	30
كورىپ	قويدى	80
كورىپ	قويدىم	72
كورىپ	كورىپ	61
كورىپ	تۇرىپ	85
كورىپ	ەدىم	55
كورىپ	جۇرمىن	69
كورىپ	الايىن	52
كورىپ	ۇيات	61
كورىپ	جاتىپ	85
كورىپ	تۇرمىن	61
كورىپ	قالعان	70
كورىپ	بولدىم	64
كورىپ	قالدىڭ	76
كورىپ	قالدىڭبا	64
كورىپ	جاتقان	69
كورىپ	قويىپ	62
كورىپ	كەتكەن	54
كورىپ	جاتىرمىز	80
كورىپ	جۇرە	72
كورىپ	جۇرگەن	77
كورىپ	جۇرسىڭ	54
كورىپ	قاتە	53
كورىپ	بەرشى	79
كورىپ	ەدىڭ	83
كورىپ	تۇرعان	82
كورىپ	وتىرمىز	75
كورىپ	قالادى	79
كورىپ	قويايىن	80
كورىپ	وتىرسىڭ	85
كورىپ	وتىرىپ	50
كورىپ	قالىپ	58
كورىپ	باق	65
كورىپ	وتىرعان	72
كورىپ	قانا	63
كورىپ	بىلىپ	82
كورىپ	قالسا	83
كورىپ	تۇرسىڭ	61
كورىپ	جاتىرسىڭبا	68
كورىپ	شىقتىم	67
كورىپ	قويسا	76
كورىپ	قويعان	61
كورىپ	كەلەيىن	86
كورىپ	قالاما	71
كورىپ	كوز	77
كورىپ	كەلەيىك	72
كورىپ	قويادى	81
كورىپ	وتىرسىڭبا	60
كورىپ	قالماسىن	66
كورىپ	جۇرمىز	64
كورىپ	كۇلىپ	73
كورىپ	قالسام	86
كورىپ	شوشىپ	73
كورىپ	جاتقام	76
كورىپ	جاتايىن	75
كورىپ	قايتايىن	80
كورىپ	قۋانىپ	73
كورىپ	قالساڭ	73
كورىپ	جۇرەم	86
كورىپ	تۇرسىڭبا	79
كورىپ	عاشىق	78
كورىپ	وتىرعام	85
كورىپ	تۇرامىن	78
كورىپ	تۇرسام	84
كورىپ	قالعام	86
كورىپ	قالايىن	87
كورىپ	قويدىڭبا	86
كورىپ	جۇرەيىن	82
كورىپ	قوياما	83
كورىپ	وتىرايىن	63
كورىپ	قويماسىن	80
كورىپ	باعايىن	53
بارسىڭ	عوي	79
بارسىڭ	جانىم	9
بارسىڭبا	جانىم	20
بارسىڭبا	مەن	16
بارسىڭبا	دەپ	83
بارسىڭبا	جوق	78
بارسىڭبا	نە	68
بارسىڭبا	نەعىپ	73
بارسىڭبا	بار	39
بارسىڭبا	ماعان	83
بارسىڭبا	نەگە	82
بارسىڭبا	دوسىم	75
بارسىڭبا	ۇزى	41
بارسىڭبا	تەز	84
بارسىڭبا	قايداسىڭ	75
بارسىڭبا	بارسىڭبا	80
بارسىڭبا	ەي	29
بارسىڭبا	سويلە	84
بارسىڭبا	سۇيلە	20
بارسىڭبا	باۋىرىم	66
بارسىڭبا	سۇيلەشى	69
بارسىڭبا	سويلەشى	72
وعان	جانىم	57
وعان	مەن	75
وعان	جوق	30
وعان	جاقسى	72
وعان	بولدى	82
وعان	بىر	78
وعان	سول	52
وعان	نە	56
وعان	نەعىپ	37
وعان	سەن	83
وعان	ەندى	37
وعان	الى	56
وعان	ەرتەڭ	80
وعان	ادام	58
وعان	بۇگىن	71
وعان	مەندە	61
وعان	ماعان	66
وعان	بارىپ	84
وعان	ەكى	72
وعان	مەنى	75
وعان	مەنىڭ	83
وعان	بولا	63
وعان	نەگە	36
وعان	ول	45
وعان	قايدا	57
وعان	سەنى	74
وعان	ساعان	70
وعان	وسى	84
وعان	تاماق	83
وعان	قالاي	84
وعان	ۇيدە	69
وعان	ۇيگە	80
وعان	تەلەفون	83
وعان	ايتىپ	77
وعان	كىم	70
وعان	اقشا	71
وعان	دەگەن	55
وعان	قانشا	80
وعان	تاعى	84
وعان	كوپ	59
وعان	تاڭەرتەڭ	84
وعان	بىراز	77
وعان	مىنا	78
وعان	باس	72
وعان	سەنىڭ	77
وعان	ازىر	70
وعان	كەشە	74
وعان	قايتا	83
وعان	انا	86
وعان	قايتىپ	66
وعان	بىز	73
وعان	بارا	77
وعان	ۇيات	81
وعان	ۋاقىت	73
وعان	قاراپ	61
وعان	ەشتەڭە	70
وعان	قازىر	81
وعان	قايدان	87
وعان	جاي	76
وعان	شارشاپ	70
وعان	بولماي	83
وعان	بولمايدى	72
وعان	امال	52
وعان	ۇزىم	30
وعان	كەلمەي	87
وعان	دەيىن	42
وعان	قايداعى	42
وعان	كەلمەيدى	80
وعان	قولايسىز	18
وعان	اپام	77
وعان	رەنجىپ	81
وعان	اناۋ	83
وعان	جاعداي	83
وعان	رەنجىمە	69
وعان	قاراماي	76
وعان	نەمەنەگە	84
وعان	قاراعاندا	68
وعان	باسىڭدى	39
وعان	كەلمەيتىن	76
وعان	نەسىن	85
وعان	سەنەم	66
وعان	كەدەيىن	84
وعان	نەسىنە	65
وعان	كەشەيىن	77
وعان	كەمەيدى	81
وعان	ەدەيىن	86
بال	بەتىماي	76
بال	پىراندىك	32
بال	بارماقتارىڭىزعا	38
بال	شەكەرىم	25
بالا	عوي	31
بالا	مەن	40
بالا	دەپ	60
بالا	جوق	38
بالا	جاقسى	45
بالا	بولدى	58
بالا	ەكەن	78
بالا	بىر	31
بالا	سول	69
بالا	نە	79
بالا	نەعىپ	63
بالا	بار	73
بالا	بولىپ	23
بالا	الىپ	55
بالا	كەلىپ	71
بالا	بولسا	73
بالا	ماعان	54
بالا	مەنىڭ	86
بالا	قاي	86
بالا	بولادى	86
بالا	نەگە	81
بالا	ول	84
بالا	قايدا	81
بالا	دەيدى	57
بالا	كىم	86
بالا	دەگەن	79
بالا	ەمەس	47
بالا	بارما	45
بالا	كوپ	62
بالا	قانداي	79
بالا	ەدى	72
بالا	ۇيقتاپ	81
بالا	بوپ	78
بالا	كەرەك	75
بالا	اۋىرىپ	80
بالا	كەزدە	83
بالا	بالا	73
بالا	تاۋىپ	71
بالا	قيىن	59
بالا	بولعان	86
بالا	ەكەنسىڭ	72
بالا	قاراپ	47
بالا	ەمەسپە	43
بالا	ۇشىن	59
بالا	بولسادا	46
بالا	سياقتى	79
بالا	بولاتىن	59
بالا	قۇساپ	74
بالا	بولدىڭ	49
بالا	باقىتتى	66
بالا	جىلاپ	69
بالا	باعىپ	81
بالا	بولعاندا	47
بالا	ەمەسپىن	82
بالا	تۋىپ	64
بالا	نى	63
بالا	قارايتىن	81
بالا	شاعا	70
بالا	ەمەسسىڭ	21
بالا	كوتەرە	68
بالا	باققان	83
بالا	وقتىپ	83
بالا	ەمەسىڭ	70
بالا	وقىتىپ	81
بالا	باعۋ	73
بالا	ەمەسپىز	84
بالا	كەزدەن	77
بالا	شاعاڭ	80
بالا	شاعام	54
بالا	شاعاڭنىڭ	77
بالا	شاعاسى	73
بالا	شاعاسىمەن	76
بالا	شاعانى	84
تۇرى	جوق	86
تۇرى	ەكەن	14
تۇرى	بار	35
تۇرى	بارما	17
تۇرى	كوپ	29
تۇرى	نەدەگەن	31
تۇرى	جامان	33
تۇرىپ	جانىم	24
تۇرىپ	مەن	85
تۇرىپ	بىر	69
تۇرىپ	نە	51
تۇرىپ	سەن	80
تۇرىپ	ەندى	84
تۇرىپ	جاتىر	79
تۇرىپ	ال	72
تۇرىپ	الىپ	77
تۇرىپ	كەل	39
تۇرىپ	كەلىپ	81
تۇرىپ	تۇر	86
تۇرىپ	ماعان	21
تۇرىپ	بارىپ	71
تۇرىپ	مەنى	60
تۇرىپ	نەگە	76
تۇرىپ	جاتىرمىن	63
تۇرىپ	ساعان	57
تۇرىپ	تاماق	79
تۇرىپ	ۇيگە	57
تۇرىپ	تەلەفون	73
تۇرىپ	ايتىپ	65
تۇرىپ	وتىرمىن	76
تۇرىپ	كەتتى	74
تۇرىپ	قالدى	46
تۇرىپ	تاعى	83
تۇرىپ	كەتىپ	63
تۇرىپ	شاي	67
تۇرىپ	قايتا	47
تۇرىپ	قايتىپ	68
تۇرىپ	جولداپ	70
تۇرىپ	الدى	79
تۇرىپ	الدىم	38
تۇرىپ	كەتتىم	41
تۇرىپ	اتىپ	68
تۇرىپ	قالدىم	62
تۇرىپ	بەرەيىن	78
تۇرىپ	تۇرىپ	84
تۇرىپ	جۇرمىن	63
تۇرىپ	الايىن	76
تۇرىپ	بارام	82
تۇرىپ	مال	48
تۇرىپ	قالعان	80
تۇرىپ	الدىڭ	84
تۇرىپ	الدىڭبا	71
تۇرىپ	اپارىپ	29
تۇرىپ	كەلەدى	81
تۇرىپ	كەتكەن	82
تۇرىپ	بارايىن	82
تۇرىپ	العان	54
تۇرىپ	كەتەدى	68
تۇرىپ	جۇرىپ	68
تۇرىپ	بارامىن	85
تۇرىپ	بارامىز	49
تۇرىپ	الادى	77
تۇرىپ	ايتايىن	65
تۇرىپ	السا	85
تۇرىپ	الساڭ	81
تۇرىپ	شپيىڭ	84
تۇرىپ	جۇمىسقا	78
تۇرىپ	كەتەم	81
تۇرىپ	تۇرشى	78
تۇرىپ	قايتام	76
تۇرىپ	قابارلاسايىن	51
تۇرىپ	العام	53
تۇرىپ	شىعام	56
تۇرىپ	الىپتى	80
تۇرىپ	اتەي	80
تۇرىپ	قايتامىن	86
تۇرىپ	الپتى	58
تۇرىپ	شىعامىن	86
تۇرىپ	قايتامىز	75
تۇرىپ	سويلەيىن	70
تۇرىپ	ۇرايىن	33
تۇرىپ	ۇيقتايمىن	65
تۇرىپ	تۇرسىن	75
تۇرىپ	سۇيلەيىن	67
تۇرىپ	شايىڭدى	65
تۇرىپ	تۇرىڭىز	81
تۇرىپ	الىپسىڭ	76
تۇرىپ	الپسىڭ	59
تۇرىپ	العانسىڭ	77
تۇرىپ	قايتارايىن	81
جاڭا	مەن	70
جاڭا	بولدى	65
جاڭا	بىر	80
جاڭا	سەن	47
جاڭا	بولىپ	75
جاڭا	الىپ	76
جاڭا	كەلىپ	83
جاڭا	ماعان	50
جاڭا	بارىپ	70
جاڭا	ساعان	71
جاڭا	تاماق	84
جاڭا	قالا	62
جاڭا	ۇي	79
جاڭا	ۇيگە	69
جاڭا	تەلەفون	51
جاڭا	اي	47
جاڭا	ايتىپ	19
جاڭا	كۇن	78
جاڭا	كەتتى	66
جاڭا	قاربالاس	50
جاڭا	ىشىپ	82
جاڭا	تاعى	79
جاڭا	بىراز	68
جاڭا	شاي	70
جاڭا	الدىم	84
جاڭا	كەلدى	83
جاڭا	كەلدىم	46
جاڭا	شىعىپ	15
جاڭا	كورىپ	83
جاڭا	تۇرىپ	50
جاڭا	عانا	66
جاڭا	تۇسىپ	38
جاڭا	بولدىم	82
جاڭا	ماشينا	29
جاڭا	توي	61
جاڭا	كەپ	84
جاڭا	بىرەۋ	84
جاڭا	كۇرىپ	80
جاڭا	ارەڭ	53
جاڭا	كەلگەن	78
جاڭا	زات	61
جاڭا	ايدىڭ	78
جاڭا	قانا	67
جاڭا	ايدا	82
جاڭا	بولدىق	47
جاڭا	ەستىپ	59
جاڭا	كەلدىك	81
جاڭا	كيىم	40
جاڭا	شىقتىم	84
جاڭا	جاتتىم	64
جاڭا	تۋعان	72
جاڭا	تابىس	86
جاڭا	شىققان	71
جاڭا	تۇردىم	58
جاڭا	كوردىم	37
جاڭا	كۇردىم	58
جاڭا	تۇستىم	63
جاڭا	جىلدا	54
جاڭا	زامان	78
جاڭا	كىردىم	85
جاڭا	شىقتىق	66
جاڭا	وياندىم	82
جاڭا	شققان	59
جاڭا	قالادا	83
جاڭا	اشتىم	85
جاڭا	جەتتىم	83
جاڭا	زاتتار	76
جاڭا	اشىلعان	81
جاڭا	ۇلگىدەگى	81
جاڭا	پاسومداعى	81
سونى	مەن	81
سونى	جاقسى	57
سونى	بىر	75
سونى	سەن	57
سونى	ەندى	80
سونى	ال	79
سونى	الىپ	75
سونى	بۇگىن	32
سونى	مەندە	82
سونى	ماعان	58
سونى	بارىپ	72
سونى	نەگە	77
سونى	ساعان	75
سونى	قالاي	76
سونى	ايت	75
سونى	ايتىپ	76
سونى	ىشىپ	28
سونى	بەرىپ	56
سونى	ىستەپ	64
سونى	قايتا	70
سونى	جولداپ	78
سونى	اتىپ	69
سونى	بەرە	69
سونى	بەرەيىن	72
سونى	كورىپ	74
سونى	ايتقان	57
سونى	تاۋىپ	76
سونى	الايىن	72
سونى	سالىپ	70
سونى	عانا	76
سونى	ايتا	67
سونى	دەيمىن	69
سونى	قاراپ	40
سونى	قوسىپ	75
سونى	اپارىپ	67
سونى	سۇراپ	61
سونى	ايتام	58
سونى	دەشى	14
سونى	ويلاپ	78
سونى	كۇرىپ	30
سونى	جۋىپ	62
سونى	جاساپ	75
سونى	جەپ	82
سونى	قىل	56
سونى	تارتىپ	82
سونى	بىلمەي	76
سونى	ايتشى	57
سونى	توسىپ	22
سونى	باسىپ	35
سونى	شىعارىپ	76
سونى	ىزدەپ	85
سونى	جازىپ	64
سونى	الام	81
سونى	ەرتىپ	84
سونى	اكەپ	75
سونى	ايتادى	75
سونى	ايتتىم	74
سونى	قايتارىپ	86
سونى	ايتايىن	75
سونى	ۇمىتىپ	49
سونى	ساتىپ	84
سونى	بىلىپ	82
سونى	ايداپ	62
سونى	تازالاپ	78
سونى	بەردىم	85
سونى	ايتپ	80
سونى	ەستىپ	85
سونى	ايتساڭ	73
سونى	ايتسام	72
سونى	ايتامىن	84
سونى	دەيىم	66
سونى	جوندەپ	62
سونى	كيىپ	86
سونى	سۇرايىن	85
سونى	بىلدىم	52
سونى	ىستەتىپ	70
سونى	بىلەيىن	85
سونى	ويلاسام	72
سونى	بىلسەڭ	76
سونى	ويلادىم	60
سونى	ايتپايسىڭبا	78
سونى	جىلتىپ	60
سونى	ايتبايسىڭبا	82
سونى	دەمەيسىڭبە	71
سەندە	عوي	78
سەندە	جانىم	81
سەندە	مەن	66
سەندە	جوق	59
سەندە	جاقسى	52
سەندە	بىر	42
سەندە	سول	30
سەندە	نە	60
سەندە	بار	61
سەندە	ەندى	38
سەندە	الىپ	70
سەندە	كەل	82
سەندە	كەلىپ	64
سەندە	ەرتە	72
سەندە	ادام	59
سەندە	بولسا	71
سەندە	بۇگىن	74
سەندە	مەندە	82
سەندە	ماعان	46
سەندە	بارى	44
سەندە	بارىپ	84
سەندە	ەكى	70
سەندە	مەنى	72
سەندە	مەنىڭ	33
سەندە	وسى	54
سەندە	ايت	76
سەندە	ايتىپ	78
سەندە	بىرگە	63
سەندە	امان	85
سەندە	اقشا	75
سەندە	بارما	52
سەندە	قانشا	57
سەندە	قاربالاس	65
سەندە	ىشىپ	71
سەندە	كوپ	73
سەندە	بىراز	68
سەندە	ۇيقتا	74
سەندە	ۇيقتاپ	51
سەندە	جولدا	77
سەندە	جولداپ	84
سەندە	جۇمىس	76
سەندە	ايتەۋ	86
سەندە	ايتتىڭ	70
سەندە	عانا	56
سەندە	ايتا	76
سەندە	ۋاقىت	85
سەندە	كۇپ	70
سەندە	بىرەۋ	80
سەندە	شارشاپ	82
سەندە	ايتىڭ	75
سەندە	سونداي	63
سەندە	سۇيتىپ	71
سەندە	ونداي	57
سەندە	جولداشى	76
سەندە	سولاي	77
سەندە	ەرتەرەك	69
سەندە	دەم	34
سەندە	وڭاي	73
سەندە	ارتىق	69
سەندە	ۇيىقتا	83
سەندە	قايداعى	71
سەندە	مەنەن	78
سەندە	دەمال	79
سەندە	ايتادى	53
سەندە	تۇرا	80
سەندە	ۇستىپ	81
سەندە	نەسى	83
سەندە	ايتاسىڭ	66
سەندە	رەنجىمە	82
سەندە	بەت	82
سەندە	ۇيقتاي	72
سەندە	جۇرەك	83
سەندە	قىزىق	82
سەندە	باقتتى	83
سەندە	باراسىڭبا	84
سەندە	شارشادىڭ	73
سەندە	شاتاق	68
سەندە	قاتەلىك	82
بىز	عوي	85
بىز	جوق	49
بىز	جاق	68
بىز	جاقسى	52
بىز	بىر	73
بىز	سول	38
بىز	نە	41
بىز	بار	71
بىز	ەندى	70
بىز	الى	21
بىز	الىپ	43
بىز	كەلىپ	78
بىز	ەرتە	47
بىز	ەرتەڭ	79
بىز	ادام	51
بىز	بۇگىن	81
بىز	بارىپ	49
بىز	ەكى	55
بىز	نەگە	48
بىز	قايدا	78
بىز	سەنى	86
بىز	ساعان	86
بىز	وسى	81
بىز	تاماق	66
بىز	ۇي	49
بىز	ۇيدە	75
بىز	ۇيگە	63
بىز	امان	54
بىز	دەگەن	80
بىز	ەمەس	81
بىز	بىراق	78
بىز	قاشان	85
بىز	قاربالاس	68
بىز	ىشىپ	74
بىز	تاعى	72
بىز	كەتىپ	78
بىز	تاڭەرتەڭ	62
بىز	بىراز	73
بىز	مىنا	71
بىز	شاي	76
بىز	كەشتە	54
بىز	ازىر	78
بىز	ىستەپ	62
بىز	كەشە	84
بىز	قايتا	74
بىز	انا	86
بىز	قايتىپ	83
بىز	ۇش	69
بىز	ايتەۋ	64
بىز	تۇندە	83
بىز	شىعىپ	86
بىز	جاڭا	84
بىز	بارا	65
بىز	كەلە	60
بىز	عانا	66
بىز	جاتىپ	81
بىز	ۇلكەن	64
بىز	مال	81
بىز	قازىر	79
بىز	بەس	80
بىز	جامان	84
بىز	جاڭە	85
بىز	قايدان	64
بىز	ساعات	82
بىز	جاتقان	85
بىز	توي	79
بىز	جاي	83
بىز	كەپ	76
بىز	ۇشىن	78
بىز	تۇستەن	59
بىز	سياقتى	82
بىز	ءالى	57
بىز	قۇساپ	58
بىز	جاققا	63
بىز	وتىرمىز	46
بىز	بارامىز	73
بىز	بارعان	67
بىز	بارعاندا	79
بىز	اۋدانعا	66
بىز	جەتىپ	85
بىز	وتىرعان	84
بىز	جاقتا	82
بىز	دايىن	31
بىز	بارايىق	82
بىز	كەلدىك	73
بىز	تاۋعا	76
بىز	قايتەمىز	86
بىز	كەتتىك	79
بىز	جاقتان	71
بىز	بارمىز	73
بىز	بارساق	76
بىز	بولساق	68
بىز	بارعانشا	76
بىز	شىقتىق	64
بىز	جاتتىق	71
بىز	قايتتىق	74
بىز	جاقتىڭ	75
بىز	جۇردىك	80
بىز	جاقتادا	74
بىز	ۇيقتادىق	80
ەدىم	عوي	84
ەدىم	جانىم	15
ەدىم	مەن	37
ەدىم	دەپ	68
ەدىم	جوق	45
ەدىم	جاقسى	58
ەدىم	بولدى	69
ەدىم	بىر	79
ەدىم	سول	56
ەدىم	نە	57
ەدىم	سەن	81
ەدىم	ەندى	58
ەدىم	قوي	52
ەدىم	يا	75
ەدىم	ەرتەڭ	85
ەدىم	بۇگىن	69
ەدىم	مەندە	54
ەدىم	سودان	84
ەدىم	ماعان	76
ەدىم	ەكى	85
ەدىم	ول	77
ەدىم	سەنى	64
ەدىم	ساعان	69
ەدىم	وسى	66
ەدىم	دەيدى	67
ەدىم	ۇيگە	66
ەدىم	تەلەفون	84
ەدىم	دوسىم	75
ەدىم	اقشا	85
ەدىم	بىراق	73
ەدىم	تاعى	57
ەدىم	بىراز	75
ەدىم	مىنا	70
ەدىم	سەنىڭ	83
ەدىم	ازىر	85
ەدىم	الماي	72
ەدىم	كەشە	84
ەدىم	قايتا	79
ەدىم	وعان	74
ەدىم	سونى	57
ەدىم	ۇيات	71
ەدىم	قازىر	77
ەدىم	سوعان	84
ەدىم	امال	66
ەدىم	بەكەر	66
ەدىم	باسىم	85
ەدىم	شىركىن	85
ەدىم	ۇندەمەي	85
ەدىم	جەتپەي	82
ەدىم	اقشام	86
ايتقا	بىر	79
ايتقا	ەكى	34
ايتقا	امان	59
ايتقا	اقشا	39
ايتقا	قاربالاس	58
ايتقا	بىراز	52
ايتقا	از	52
ايتقا	تاتتى	47
ايتقا	نارسە	43
ايتقا	نان	31
ايتقا	دەيىن	44
ايتقا	دەم	18
ايتقا	قارسى	47
ايتقا	دەمالىس	8
ايتقا	قيمىل	53
ايتقا	دايىندىق	46
ايتقا	دايندىق	15
ايتقا	دايارلىق	30
ايتقان	عوي	35
ايتقان	مەن	20
ايتقان	دەپ	54
ايتقان	جوق	69
ايتقان	جاقسى	18
ايتقان	بولدى	45
ايتقان	ەكەن	66
ايتقان	بىر	30
ايتقان	قوي	55
ايتقان	ادام	71
ايتقان	بولسا	47
ايتقان	ماعان	65
ايتقان	اق	58
ايتقان	دەگەن	71
ايتقان	ەدى	70
ايتقان	جۇمىس	70
ايتقان	سوڭ	65
ايتقان	شىعار	26
ايتقان	كەزدە	42
ايتقان	ەدىم	62
ايتقان	ەكەنسىڭ	57
ايتقان	جەرگە	54
ايتقان	سياقتى	64
ايتقان	بولساڭ	56
ايتقان	ەدىڭ	51
ايتقان	ەل	69
ايتقان	شعار	68
ايتقان	سوز	58
ايتقان	ادامدى	41
ايتقان	سۇز	45
ايتقان	سايىن	49
ايتقان	بولسام	49
ايتقان	جوقسىڭ	70
ايتقان	جەرىم	54
ايتقان	جوقپىن	63
ايتقان	سوزى	59
ايتقان	سوزىڭ	69
ايتقان	بويىنشا	54
ايتقان	سۇزىڭ	66
ايتقان	سوزدى	54
ايتقان	شىعارمىن	57
ايتقان	سۇزدى	57
ايتقان	سوزىڭدى	60
ايتقان	سوزىن	70
ايتقان	سوزىم	68
ايتقان	شعارمىن	68
ايتقان	سۇزىم	70
ايتقان	اۋزىڭنان	67
ايتقان	سوزدەرىڭ	68
ايتقان	اۋىزىڭا	70
ايتقانى	عوي	59
ايتقانى	دۇرىس	15
ايتقانى	بويىنشا	19
ايتقانىڭ	عوي	16
ايتقانىڭ	بولسىن	67
ايتقانىڭ	جاقسى	32
ايتقانىڭ	قابىل	76
ايتقانىڭ	بارى	78
ايتقانىڭ	كەلسىن	71
ايتقانىڭ	ايتقانىڭ	2
ايتقانىڭ	دۇرىس	76
ايتقانىڭ	دۇرس	35
ايتقانىڭ	تۋرا	64
ايتقانىڭ	جون	73
ايتقانىڭ	ەسەپ	85
ايتقانىڭ	بويىنشا	85
ايتقانىڭ	بوينشا	81
ايتقانىڭ	كەلسن	79
ايتقانىڭ	ورىندى	61
ايتقانىڭ	كەسىن	84
ايتقانىڭ	اۋماي	66
ايتقانىڭ	اينىماي	77
ايتقانىڭ	گەلسىن	68
ايتقانىڭ	اينماي	71
تاۋ	بولسىن	82
تاۋ	جاققا	12
تاۋ	دەنىڭ	20
تاۋىپ	بىر	28
تاۋىپ	جاتىر	82
تاۋىپ	قوي	67
تاۋىپ	ال	51
تاۋىپ	الىپ	29
تاۋىپ	كەل	35
تاۋىپ	جاتىرمىن	73
تاۋىپ	قويشى	82
تاۋىپ	بەر	84
تاۋىپ	بەرىپ	17
تاۋىپ	ىستەپ	40
تاۋىپ	جۇر	84
تاۋىپ	جولداپ	85
تاۋىپ	الدى	62
تاۋىپ	الدىم	53
تاۋىپ	ات	19
تاۋىپ	اتىپ	82
تاۋىپ	بەرە	43
تاۋىپ	بەرەيىن	32
تاۋىپ	قويدىم	20
تاۋىپ	الايىن	51
تاۋىپ	سالىپ	48
تاۋىپ	الدىڭ	81
تاۋىپ	الدىڭبا	46
تاۋىپ	جاتقان	42
تاۋىپ	توي	74
تاۋىپ	جۇرگەن	76
تاۋىپ	العان	73
تاۋىپ	بەرەم	32
تاۋىپ	جۇرسىڭ	39
تاۋىپ	الاتىن	86
تاۋىپ	بەرشى	72
تاۋىپ	بەرەدى	16
تاۋىپ	قويايىن	61
تاۋىپ	بەرسىن	82
تاۋىپ	الام	66
تاۋىپ	بەرەتىن	60
تاۋىپ	اكەپ	60
تاۋىپ	بەرەمىن	84
تاۋىپ	الادى	49
تاۋىپ	بەرسە	55
تاۋىپ	بەرسەڭ	73
تاۋىپ	الامىن	43
تاۋىپ	بەرگەن	67
تاۋىپ	السا	69
تاۋىپ	الساڭ	77
تاۋىپ	بەردى	56
تاۋىپ	بەردىم	71
تاۋىپ	اتشى	67
تاۋىپ	بەرمەي	76
تاۋىپ	السام	83
تاۋىپ	العام	68
تاۋىپ	الاسىڭ	80
تاۋىپ	الدىق	49
تاۋىپ	بەرەسىڭ	66
تاۋىپ	الامىز	68
تاۋىپ	الايىق	84
تاۋىپ	بەرسەم	80
تاۋىپ	بەرەمىز	72
تاۋىپ	بەرىڭىز	85
تاۋىپ	بەرىڭىزدەرشى	61
تاۋىپ	الىپتى	55
تاۋىپ	الشى	57
تاۋىپ	الپتى	78
تاۋىپ	الدىما	60
تاۋىپ	السىن	76
تاۋىپ	بەرەيىك	79
تاۋىپ	بەرىڭدەر	85
تاۋىپ	بەرسەڭىز	74
تاۋىپ	بەرەسىڭبە	64
تاۋىپ	بەرمەسەڭ	82
تاۋىپ	الدىڭىزبا	65
تاۋىپ	الىپسىڭ	82
تاۋىپ	بەرىڭىزشى	77
تاۋىپ	العانىڭ	57
تاۋىپ	بەرسەڭىزدەر	84
تاۋىپ	الپسىڭ	84
تاۋىپ	العانسىڭ	81
تاۋىپ	بەرسەڭشى	71
تاۋىپ	العاسىڭ	78
تاۋىپ	بەرىڭدەرشى	85
تاۋىپ	بەرڭىزدەرشى	82
جۇرمىن	عوي	82
جۇرمىن	جانىم	14
جۇرمىن	مەن	18
جۇرمىن	دەپ	69
جۇرمىن	بىر	39
جۇرمىن	سول	60
جۇرمىن	نە	45
جۇرمىن	سەن	82
جۇرمىن	ەندى	66
جۇرمىن	قوي	70
جۇرمىن	ەرتەڭ	67
جۇرمىن	بۇگىن	79
جۇرمىن	مەندە	76
جۇرمىن	ەكى	81
جۇرمىن	سەنى	78
جۇرمىن	ساعان	65
جۇرمىن	وسى	79
جۇرمىن	دەيدى	66
جۇرمىن	ۇيدە	56
جۇرمىن	ۇيگە	81
جۇرمىن	دوسىم	83
جۇرمىن	دەگەن	81
جۇرمىن	بىراق	74
جۇرمىن	بىراز	75
جۇرمىن	ايتەۋ	85
جۇرمىن	ەمەسپە	68
جۇرمىن	دەشى	76
جۇرمىن	دەدىم	64
جۇرمىن	ايتپەسە	84
جۇرمىن	باياعى	84
الاي	جانىم	78
الاي	الاي	17
الاي	دەشى	20
الاي	بىلاي	33
الاي	بۇلاي	15
الاي	دۇلەي	27
الايىن	جانىم	34
الايىن	مەن	29
الايىن	دەپ	79
الايىن	بىر	11
الايىن	سەن	71
الايىن	ەندى	72
الايىن	وندا	83
الايىن	يا	50
الايىن	ەرتەڭ	73
الايىن	بۇگىن	69
الايىن	سودان	79
الايىن	ەكى	49
الايىن	دەيدى	83
الايىن	دەگەن	52
الايىن	يە	52
الايىن	قانشا	81
الايىن	بىراز	82
الايىن	بولاما	79
الايىن	دەسەم	57
الايىن	شى	20
الايىن	دەدىم	85
الايىن	دەگەم	64
الايىن	دەسەڭ	17
الايىن	دەگەنىم	81
الايىن	سوسىن	78
الايىن	دەكەم	80
الايىن	دەگەمىن	67
بارا	عوي	74
بارا	سال	41
بارا	جاتىر	52
بارا	جاتىرسىڭ	23
بارا	جاتىرمى	46
بارا	جاتىرمىن	71
بارا	بەر	17
بارا	الماي	19
بارا	بەرەيىن	15
بارا	بارا	40
بارا	سالىپ	49
بارا	جاتىپ	41
بارا	الدىڭبا	47
بارا	جاتقان	71
بارا	جاتىرمىز	25
بارا	بەرەم	37
بارا	بەرشى	57
بارا	بەرەدى	76
بارا	بەرسىن	70
بارا	بەرەتىن	53
بارا	بەرەمىن	70
بارا	المايمىن	69
بارا	بەرسەڭ	18
بارا	المايسىڭ	65
بارا	المادىم	73
بارا	المايدى	31
بارا	جاتسىڭ	47
بارا	جاتىرسىڭبا	70
بارا	ساپ	73
بارا	الاسىڭبا	63
بارا	جاتسا	77
بارا	سالايىن	45
بارا	بەرسەم	42
بارا	المايتىن	73
بارا	جاتسام	20
بارا	سالام	57
بارا	بەرەمىز	52
بارا	بەرىڭىز	75
بارا	جاتقام	71
بارا	سالاتىن	60
بارا	جاتقاندا	77
بارا	جاتساڭ	49
بارا	بەرەيىك	68
بارا	بەرىڭدەر	70
بارا	الماسام	54
بارا	المايىم	73
بارا	سالامىن	59
بارا	قالايىن	61
بارا	سالايىق	53
بارا	المايمىز	51
بارا	سالامىز	55
بارا	المادىق	70
بارا	بەرەيىنبە	63
بارا	سالسام	73
بارا	قالايىق	75
بارا	جاتقانىن	75
بارا	سالساق	77
بارا	جاتقانداي	72
بارا	قالايىنبا	76
بارام	عوي	76
بارام	جانىم	16
بارام	مەن	24
بارام	دەپ	66
بارام	بولدى	16
بارام	بىر	84
بارام	سول	63
بارام	نە	59
بارام	سەن	82
بارام	ەندى	67
بارام	قوي	73
بارام	وندا	68
بارام	ەرتەڭ	70
بارام	بۇگىن	64
بارام	سودان	71
بارام	سەنى	81
بارام	ساعان	80
بارام	دەيدى	64
بارام	ۇيگە	29
بارام	دوسىم	60
بارام	دەگەن	78
بارام	تاڭەرتەڭ	45
بارام	بىراز	85
بارام	كەشتە	79
بارام	از	79
بارام	ازىر	80
بارام	سوندا	59
بارام	دەسە	67
بارام	دەسەم	69
بارام	بارام	54
بارام	قازىر	63
بارام	دەشى	71
بارام	دەدى	79
بارام	دەدىم	74
بارام	بۇيىرسا	63
بارام	دەسەڭ	59
بارام	بۇيرسا	63
بارام	دەگەندە	77
بارام	دەدىڭ	84
ۇيات	عوي	81
ۇيات	جانىم	49
ۇيات	دەپ	74
ۇيات	جوق	64
ۇيات	بول	57
ۇيات	بولدى	84
ۇيات	ەكەن	7
ۇيات	بولىپ	22
ۇيات	قوي	30
ۇيات	بولادى	13
ۇيات	اي	13
ۇيات	دەگەن	35
ۇيات	ەمەس	74
ۇيات	بولاما	46
ۇيات	پا	53
ۇيات	بوپ	82
ۇيات	شىعار	58
ۇيات	بولعان	53
ۇيات	ەي	62
ۇيات	ەمەسپە	74
ۇيات	بولىپتى	18
ۇيات	بولمايدى	69
ۇيات	بولسادا	82
ۇيات	بولات	58
ۇيات	بولاتىن	66
ۇيات	بوپتى	60
ۇيات	بولمايما	72
ۇيات	شعار	69
ۇيات	بولپتى	67
ۇيات	بولعاندا	71
ۇيات	بولدىما	82
ۇيات	بۇلدى	81
ۇيات	ەمەسبە	78
ۇيات	بولماسىن	57
ۇيات	بولدىعوي	32
ۇيات	ەمەسپا	69
ۇيات	ەمەسبا	70
تۇس	جانىم	77
تۇس	مەن	46
تۇس	دەپ	80
تۇس	جوق	62
تۇس	بولدى	84
تۇس	ەكەن	42
تۇس	نەعىپ	81
تۇس	بولىپ	72
تۇس	سودان	57
تۇس	بولادى	74
تۇس	دوسىم	75
تۇس	امان	85
تۇس	امانشىلىق	83
تۇس	امانسىڭبا	76
تۇس	كەش	58
تۇس	بوپ	84
تۇس	كوڭىلدى	84
تۇس	كور	14
تۇس	كورىپ	9
تۇس	تۇس	49
تۇس	كۇر	50
تۇس	كۇرىپ	14
تۇس	قىزدار	57
تۇس	كۇڭىلدى	74
تۇس	كورە	58
تۇس	دوستار	85
تۇس	تۇسكى	74
تۇس	كوردىم	48
تۇس	بولايىن	76
تۇس	كورىڭىز	84
تۇس	كوردىڭبە	21
تۇس	كەدەيىن	84
تۇس	كەشەيىن	76
تۇس	كورىڭدەر	77
تۇس	كۇرىڭىز	43
تۇس	كورىڭىزدەر	76
تۇس	كۇرىڭدەر	83
تۇس	كورەعوي	74
كەلە	عوي	79
كەلە	سال	31
كەلە	جاتىر	49
كەلە	جاتىرسىڭ	14
كەلە	قوي	49
كەلە	جاتىرمى	80
كەلە	جاتىرمىن	73
كەلە	قال	12
كەلە	قالدى	44
كەلە	بەر	59
كەلە	الماي	23
كەلە	الايىن	36
كەلە	سالىپ	84
كەلە	جاتىپ	30
كەلە	جاتقان	47
كەلە	جاتىرمىز	17
كەلە	بەرەدى	19
كەلە	قالادى	55
كەلە	سۇت	79
كەلە	بەرسىن	37
كەلە	بەرەتىن	47
كەلە	المايمىن	81
كەلە	بەرسەڭ	67
كەلە	المايسىڭ	70
كەلە	المادى	52
كەلە	الساڭ	84
كەلە	المايدى	73
كەلە	جاتسىڭ	54
كەلە	قالسا	78
كەلە	مەكەن	85
كەلە	جاتىرسىڭبا	81
كەلە	الاسىڭ	48
كەلە	سالشى	83
كەلە	ساپ	67
كەلە	الاسىڭبا	49
كەلە	جاتىرسىڭدارما	46
كەلە	جاتسا	79
كەلە	سالا	82
كەلە	جاتىرما	75
كەلە	المايتىن	72
كەلە	جاتسام	62
كەلە	جاتر	74
كەلە	بەرىڭىز	64
كەلە	بەرىڭىزدەر	63
كەلە	جاترمىن	79
كەلە	جاتقام	68
كەلە	الماساڭ	62
كەلە	سالساڭ	63
كەلە	جاتقاندا	72
كەلە	بەرمەيدى	48
كەلە	بەرىڭدەر	81
كەلە	الاما	60
كەلە	جاتىرىم	85
كەلە	المايسىڭبا	74
كەلە	جاتسىڭبا	81
كەلە	جاتىرسڭبا	75
كەلە	الاسڭبا	81
كەلە	جاتىپتى	76
كەلە	قالىڭدار	78
قابا	اۋدانى	75
قابار	جوق	14
قابار	بار	7
قابار	بارما	46
قابار	بەر	11
قابار	بەرە	51
قابار	جوقپا	41
قابار	جوققوي	45
قابار	وشار	39
قابارلاس	جانىم	47
قابارلاس	مەن	25
قابارلاس	دەپ	39
قابارلاس	بولىپ	39
قابارلاس	وندا	38
قابارلاس	بولاما	39
قابارلاسىڭىز	دار	20
قابارلاسىڭىزدار	بىر	17
قابارلاسىڭىزدار	ەرتەڭ	34
قابارلاسىڭىزدار	بۇگىن	83
قابارلاسىڭىزدار	ەكى	84
قابارلاسىڭىزدار	تەلەفون	37
قابارلاسىڭىزدار	يۋان	18
قابارلاسىڭىزدار	ۇش	83
قابارلاسىڭىزدار	قازىر	58
قابارلاسىڭىزدار	ساعات	81
قابارلاسىڭىزدار	باعاسى	81
قابارلاسىڭىزدار	ناق	51
قابارلاسىڭىزدار	زات	78
قابارلاسىڭىزدار	دال	56
قابارلاسىڭىزدار	ورىن	82
قابارلاسىڭىزدار	دەرەۋ	80
قابارلاسىڭىزدار	جىگىتتەر	26
قابارلاسىڭىزدار	ورنى	76
قابارلاسىڭىزدار	جەكەلىككە	45
قابارلاسىڭىزدار	جەتكىزىپ	73
قابارلاسىڭىزدار	زاكاز	75
قات	قات	83
قات	جازىپ	14
قاتتى	عوي	16
قاتتى	جاقسى	67
قاتتى	ەكەن	22
قاتتى	بىر	60
قاتتى	بولىپ	69
قاتتى	كەلىپ	50
قاتتى	بولسا	66
قاتتى	ايتىپ	76
قاتتى	قالدى	74
قاتتى	ەمەس	76
قاتتى	قاربالاس	80
قاتتى	كەتىپ	26
قاتتى	ۇيقتاپ	77
قاتتى	بوپ	60
قاتتى	كەرەك	80
قاتتى	اۋىرىپ	31
قاتتى	كەلدى	18
قاتتى	شىعىپ	68
قاتتى	ۇيات	81
قاتتى	قاتتى	51
قاتتى	قيىن	39
قاتتى	ويلاپ	71
قاتتى	اشىپ	72
قاتتى	شارشاپ	80
قاتتى	ويناپ	26
قاتتى	ساعىنىپ	82
قاتتى	سويلەپ	25
قاتتى	ۇيىقتاپ	77
قاتتى	سۇيلەپ	74
قاتتى	ساعىندىم	82
قاتتى	باۋىر	16
قاتتى	سۋىق	79
قاتتى	رەنجىپ	70
قاتتى	ماس	56
قاتتى	ۇستاپ	73
قاتتى	سۇيەم	80
قاتتى	قاجەت	72
قاتتى	سوعىپ	29
قاتتى	جاۋىپ	55
قاتتى	جىلاپ	67
قاتتى	اۋرىپ	81
قاتتى	قورقىپ	44
قاتتى	قۇشاقتاپ	78
قاتتى	تيىپ	75
قاتتى	قينالىپ	69
قاتتى	ساعنىپ	40
قاتتى	الاڭداپ	59
قاتتى	شارشادىڭ	64
قاتتى	ۇيالىپ	74
قاتتى	قىزىپ	84
قاتتى	اۇىرىپ	78
قاتتى	سەمىز	58
قاتتى	بوران	78
قاتتى	جەك	67
قاتتى	قۋانىپ	78
قاتتى	شارشادىم	75
قاتتى	رازى	46
قاتتى	اشۋىم	76
قاتتى	قىسىپ	82
قاتتى	اۋىرادى	77
قاتتى	اڭساپ	77
قاتتى	قىسىلىپ	69
قاتتى	باتىپ	57
قاتتى	ساعندىم	80
قاتتى	قىينالىپ	72
قاتتى	شارشاعان	63
قاتتى	اۇرىپ	74
قاتتى	اۋىردى	78
قاتتى	كوڭىلسىز	59
قاتتى	قىجالات	82
قاتتى	تيگەن	68
قاتتى	تيدى	84
قاتتى	قىزعانام	80
قاتتى	اۋىردىم	84
قاتتى	قسلىپ	71
قاتتى	اۋردى	77
قاتتى	باتتى	75
قاتتى	رەنجىدىم	82
قاتتى	قينالدىم	74
سالىپ	بىر	74
سالىپ	ەندى	69
سالىپ	بولىپ	61
سالىپ	جاتىر	75
سالىپ	قوي	44
سالىپ	ال	39
سالىپ	الىپ	53
سالىپ	كەلىپ	39
سالىپ	تۇر	73
سالىپ	جاتىرمىن	79
سالىپ	ساعان	44
سالىپ	تاماق	82
سالىپ	ۇيگە	80
سالىپ	وتىر	80
سالىپ	وتىرمىن	72
سالىپ	كەتتى	74
سالىپ	قاربالاس	82
سالىپ	قويشى	70
سالىپ	كەتىپ	75
سالىپ	شاي	78
سالىپ	بەر	80
سالىپ	بەرىپ	41
سالىپ	ازىر	54
سالىپ	جۇر	73
سالىپ	قايتا	66
سالىپ	ۇيقتاپ	76
سالىپ	الدىم	81
سالىپ	بەرە	67
سالىپ	بەرەيىن	57
سالىپ	كەلدىم	40
سالىپ	قويدى	67
سالىپ	قويدىم	75
سالىپ	جاڭا	23
سالىپ	ەدىم	82
سالىپ	جۇرمىن	54
سالىپ	الايىن	58
سالىپ	جاتىپ	53
سالىپ	الدىڭبا	63
سالىپ	بولدىم	72
سالىپ	ودان	76
سالىپ	جاڭە	84
سالىپ	جاتقان	75
سالىپ	قويىپ	72
سالىپ	جاتىرمىز	40
سالىپ	جۇرگەن	65
سالىپ	العان	71
سالىپ	بەرەم	80
سالىپ	جۇرىپ	58
سالىپ	بەرشى	84
سالىپ	بەرەدى	60
سالىپ	قويايىن	62
سالىپ	تاستاپ	55
سالىپ	بەرەتىن	61
سالىپ	بەرەمىن	63
سالىپ	بەرسە	51
سالىپ	بەرسەڭ	84
سالىپ	بەرگەن	64
سالىپ	بەردى	80
سالىپ	بەردىم	75
سالىپ	قويساڭ	68
سالىپ	قويعان	70
سالىپ	جۇرمە	72
سالىپ	كەلەيىن	79
سالىپ	قويىپتى	79
سالىپ	الايىق	80
سالىپ	قويعام	84
سالىپ	قويام	63
سالىپ	بەرسەم	80
سالىپ	بەرەمىز	84
سالىپ	بەرىڭىز	61
سالىپ	جىبەر	69
سالىپ	تاستادىم	35
سالىپ	تاستايىن	77
سالىپ	قويدىق	84
سالىپ	بەرسەڭىز	84
سالىپ	قويامىن	73
سالىپ	جىبەرىپ	80
سالىپ	جىبەرەيىن	81
سالىپ	قويساڭىز	56
سالىپ	جىبەرشى	75
سالىپ	جىبەردىم	82
سالىپ	ەتەيىن	68
سالىپ	جبەر	74
سالىپ	جىبەرەم	82
سالىپ	جىبەرسەڭ	75
سالىپ	جىبەرىڭىز	83
عانا	عوي	83
عانا	جانىم	37
عانا	دەپ	64
عانا	جوق	69
عانا	جاقسى	80
عانا	بولدى	51
عانا	ەكەن	47
عانا	بىر	41
عانا	سول	64
عانا	بار	84
عانا	بولىپ	31
عانا	الىپ	67
عانا	كەلىپ	65
عانا	ادام	82
عانا	بولسا	76
عانا	تۇر	69
عانا	ماعان	77
عانا	بارىپ	83
عانا	مەنى	76
عانا	بولادى	82
عانا	ايتىپ	78
عانا	قالدى	62
عانا	اقشا	33
عانا	ەمەس	74
عانا	ىشىپ	43
عانا	باسقا	76
عانا	جۇر	79
عانا	الدىم	78
عانا	كەرەك	82
عانا	كەلدى	64
عانا	كەلدىم	77
عانا	كورىپ	69
عانا	جۇرمىن	78
عانا	ۋاقىت	73
عانا	قاراپ	79
عانا	قالعان	81
عانا	كەلەدى	79
عانا	ويلاپ	83
عانا	بىل	68
عانا	بولساڭ	76
عانا	سويلەپ	77
عانا	توسىپ	83
عانا	بىلەدى	83
عانا	قالىپتى	76
عانا	ايتتىم	73
عانا	بىلەم	77
عانا	بىلەسىڭ	72
عانا	بەردى	81
عانا	قالپتى	83
عانا	سۇيەم	82
عانا	دەمالىس	71
عانا	سۇيەمىن	72
عانا	بىلەمىن	57
عانا	ويلايمىن	76
عانا	بىلەمىز	81
عانا	بىلسەك	82
قيىن	عوي	80
قيىن	دەپ	17
قيىن	جاقسى	74
قيىن	بولدى	37
قيىن	ەكەن	7
قيىن	بىر	14
قيىن	بولىپ	82
قيىن	قوي	17
قيىن	ادام	74
قيىن	بولادى	44
قيىن	دەيدى	46
قيىن	اق	76
قيىن	ەمەس	60
قيىن	ەدى	62
قيىن	بوپ	82
قيىن	اۋىرىپ	44
قيىن	بالا	66
قيىن	قاتتى	84
قيىن	قيىن	82
قيىن	بولعان	84
قيىن	جامان	20
قيىن	شارشاپ	59
قيىن	بولىپتى	71
قيىن	بولاتىن	35
قيىن	ساعىنىپ	77
قيىن	بوپتى	76
قيىن	جاعداي	49
قيىن	بولپتى	55
قيىن	قىزىق	45
قيىن	بولعاندا	76
قيىن	ايبەت	81
قيىن	سۇيكىمدى	79
قيىن	بۇلدى	84
قيىن	جەك	79
قيىن	ادامسىڭ	67
قيىن	بولدىعوي	80
قيىن	قىلسا	58
بولعان	عوي	67
بولعان	جانىم	54
بولعان	مەن	64
بولعان	دەپ	63
بولعان	جوق	64
بولعان	جاقسى	19
بولعان	بولدى	38
بولعان	ەكەن	73
بولعان	بىر	13
بولعان	سول	74
بولعان	ادام	59
بولعان	بولسا	49
بولعان	بۇگىن	44
بولعان	ول	78
بولعان	قايدا	83
بولعان	ساعان	72
بولعان	دەيدى	66
بولعان	اي	78
بولعان	دەگەن	77
بولعان	كۇنى	80
بولعان	ەمەس	58
بولعان	قانداي	73
بولعان	ەدى	82
بولعان	سوڭ	71
بولعان	شىعار	9
بولعان	كەزدە	36
بولعان	وعان	52
بولعان	ەكەنسىڭ	82
بولعان	سوعان	61
بولعان	جەردە	69
بولعان	سياقتى	77
بولعان	كىسى	58
بولعان	بولساڭ	76
بولعان	شعار	64
بولعان	نەسى	57
بولعان	شىعارسىڭ	83
بولعان	سايىن	65
بولعان	بولسام	58
بولعان	جوقپا	65
بولعان	ۇقسايدى	80
بولعان	شعارسىڭ	78
بولعان	تۇردەن	80
بولعان	كىسىگە	77
بولعان	تۇرىڭنەن	79
بولعان	سۇڭ	75
بولعان	سەبەپتى	75
دۇرىس	عوي	83
دۇرىس	جانىم	67
دۇرىس	مەن	61
دۇرىس	دەپ	77
دۇرىس	بولسىن	61
دۇرىس	بولدى	79
دۇرىس	ەكەن	26
دۇرىس	سول	10
دۇرىس	بولىپ	82
دۇرىس	قوي	80
دۇرىس	ادام	19
دۇرىس	بولسا	62
دۇرىس	بولادى	52
دۇرىس	ايتىپ	70
دۇرىس	ەمەس	67
دۇرىس	بىراق	31
دۇرىس	ەدى	68
دۇرىس	پا	65
دۇرىس	ايتتىڭ	58
دۇرىس	شىعار	65
دۇرىس	ايتقان	55
دۇرىس	ايتقانىڭ	63
دۇرىس	بولعان	83
دۇرىس	دۇرىس	29
دۇرىس	بولىپتى	62
دۇرىس	بولماي	44
دۇرىس	بولمايدى	43
دۇرىس	بولماسا	82
دۇرىس	ايتىڭ	82
دۇرىس	بوپتى	79
دۇرىس	ايتادى	57
دۇرىس	شعار	67
دۇرىس	جاۋاپ	77
دۇرىس	سوز	73
دۇرىس	ايتاسىڭ	79
دۇرىس	ءار	14
دۇرىس	بولپتى	29
دۇرىس	بولمادى	60
دۇرىس	بولدىما	80
دۇرىس	تۇسىن	84
دۇرىس	تۇسىنىپ	49
دۇرىس	ايتىپتى	78
دۇرىس	ايتاسىز	80
دۇرىس	ايتىلعان	35
دۇرىس	تۇسىنشى	58
ەكەنسىڭ	عوي	80
ەكەنسىڭ	جانىم	9
ەكەنسىڭ	مەن	40
ەكەنسىڭ	دەپ	53
ەكەنسىڭ	بولدى	43
ەكەنسىڭ	بىر	65
ەكەنسىڭ	سول	71
ەكەنسىڭ	نە	82
ەكەنسىڭ	سەن	84
ەكەنسىڭ	ەندى	67
ەكەنسىڭ	قوي	67
ەكەنسىڭ	وندا	64
ەكەنسىڭ	يا	57
ەكەنسىڭ	مەندە	56
ەكەنسىڭ	سودان	82
ەكەنسىڭ	ماعان	66
ەكەنسىڭ	مەنى	71
ەكەنسىڭ	وسى	75
ەكەنسىڭ	دەيدى	72
ەكەنسىڭ	يە	68
ەكەنسىڭ	قايدان	80
جاتىپ	جوق	84
جاتىپ	جاقسى	81
جاتىپ	بىر	16
جاتىپ	ەندى	70
جاتىپ	ال	80
جاتىپ	الىپ	59
جاتىپ	ەرتە	25
جاتىپ	تۇر	67
جاتىپ	قالدى	70
جاتىپ	تاڭەرتەڭ	31
جاتىپ	ىستەپ	68
جاتىپ	جۇر	79
جاتىپ	الماي	68
جاتىپ	ۇيقتاپ	80
جاتىپ	قايتىپ	36
جاتىپ	الدى	76
جاتىپ	الدىم	58
جاتىپ	قالدىم	23
جاتىپ	تۇرىپ	18
جاتىپ	ەدىم	72
جاتىپ	جۇرمىن	69
جاتىپ	الايىن	73
جاتىپ	جاتىپ	66
جاتىپ	قالعان	56
جاتىپ	الدىڭ	46
جاتىپ	الدىڭبا	62
جاتىپ	قالدىڭ	34
جاتىپ	قالدىڭبا	63
جاتىپ	جۇرگەن	18
جاتىپ	العان	72
جاتىپ	جۇرسىڭ	66
جاتىپ	قالادى	77
جاتىپ	دەم	76
جاتىپ	ۇيىقتاپ	65
جاتىپ	دەمال	53
جاتىپ	قالىپ	65
جاتىپ	قالىپتى	71
جاتىپ	الادى	67
جاتىپ	دەمالىپ	74
جاتىپ	جايلى	79
جاتىپ	الساڭ	16
جاتىپ	قالپتى	74
جاتىپ	قالسا	73
جاتىپ	شىقتىم	77
جاتىپ	قالدىق	84
جاتىپ	العام	41
جاتىپ	الدىق	64
جاتىپ	قالدىما	66
جاتىپ	قالاتىن	66
جاتىپ	قالام	77
جاتىپ	قالاسىڭ	83
جاتىپ	قالسام	78
جاتىپ	تۇرايىن	77
جاتىپ	قالساڭ	84
جاتىپ	ويانىپ	73
جاتىپ	قالعام	83
جاتىپ	قالدىڭىزبا	47
جاتىپ	قالدڭبا	72
جاتىپ	قالدىڭدارما	75
جاتىپ	جايىلى	66
ايتا	عوي	73
ايتا	سال	27
ايتا	بىر	15
ايتا	قوي	71
ايتا	كەل	78
ايتا	قايدا	70
ايتا	ۇيگە	81
ايتا	وتىر	70
ايتا	بىراق	30
ايتا	بەر	83
ايتا	بەرىپ	12
ايتا	جۇر	80
ايتا	الماي	76
ايتا	بەرە	31
ايتا	بەرەيىن	83
ايتا	بارام	74
ايتا	سالىپ	79
ايتا	ايتا	67
ايتا	بەرەم	66
ايتا	بەرشى	64
ايتا	بەرەدى	67
ايتا	بەرسىن	26
ايتا	بەرەت	34
ايتا	بەرەتىن	74
ايتا	المايمىن	69
ايتا	بەرسە	40
ايتا	بەرسەڭ	78
ايتا	المايسىڭ	43
ايتا	المادىم	63
ايتا	بەرمە	61
ايتا	بەرمەي	58
ايتا	المايدى	73
ايتا	بەرەسىڭ	57
ايتا	سالشى	55
ايتا	الاسىڭبا	36
ايتا	بىرىن	83
ايتا	سالايىن	82
ايتا	بەرسەم	58
ايتا	المايتىن	71
ايتا	سالام	78
ايتا	بەرىڭىز	55
ايتا	سالاتىن	37
ايتا	الماساڭ	79
ايتا	سالدىم	82
ايتا	سالسا	59
ايتا	سالساڭ	71
ايتا	سالعان	39
ايتا	سالىڭىز	50
ايتا	سالادى	41
ايتا	بەردىڭ	66
ايتا	المايىم	77
ايتا	سالامىن	75
ايتا	بەرسەك	70
ايتا	وتىرىڭدار	82
ايتا	سالدىڭ	78
ايتا	سالعام	83
ايتا	سالىڭدار	79
ايتا	بەرمەشى	62
ايتا	وتىرىڭىز	53
ايتا	وتىرىڭىزدار	66
ايتا	بەرڭىز	68
ايتا	سالىڭىزدار	77
ايتا	سالساڭىز	64
ايتا	سالىڭىزشى	75
ايتا	سالمايسىڭ	77
ايتا	سالمايسىڭبا	78
ايتا	سالڭىز	72
ايتا	سالىڭىزدارشى	74
ايتا	سالعانىم	82
سونىمەن	جانىم	69
سونىمەن	مەن	35
سونىمەن	جوق	77
سونىمەن	جاقسى	63
سونىمەن	بىر	82
سونىمەن	سول	77
سونىمەن	نە	59
سونىمەن	نەعىپ	19
سونىمەن	ەندى	8
سونىمەن	كەلىپ	80
سونىمەن	ەرتەڭ	64
سونىمەن	بۇگىن	67
سونىمەن	بارىپ	54
سونىمەن	قاي	72
سونىمەن	جاتىرمىن	71
سونىمەن	قايدا	76
سونىمەن	تاماق	47
سونىمەن	قال	72
سونىمەن	قالاي	83
سونىمەن	ۇيدە	67
سونىمەن	ۇيگە	58
سونىمەن	بىرگە	68
سونىمەن	وتىرمىن	51
سونىمەن	دوسىم	73
سونىمەن	امان	64
سونىمەن	ۇزىڭ	75
سونىمەن	قاشان	57
سونىمەن	قاربالاس	68
سونىمەن	كەتىپ	51
سونىمەن	قانداي	81
سونىمەن	شاي	76
سونىمەن	ىستەپ	80
سونىمەن	ۇيقتاپ	60
سونىمەن	جۇمىس	62
سونىمەن	وزىڭ	81
سونىمەن	قايداسىڭ	65
سونىمەن	جاتىپ	47
سونىمەن	سونىمەن	76
سونىمەن	قىزدار	79
سونىمەن	اڭگىمە	82
سونىمەن	الگى	31
سونىمەن	دەنساۋلىق	76
سونىمەن	ستەپ	79
سونىمەن	جاعداي	78
سونىمەن	قاربالاسپا	83
سونىمەن	قاتار	78
سونىمەن	نەقاربالاس	77
سونىمەن	قايدامىز	69
دەيمىن	عوي	78
دەيمىن	جانىم	16
دەيمىن	مەن	31
دەيمىن	دەپ	61
دەيمىن	بىر	58
دەيمىن	سول	63
دەيمىن	سەن	68
دەيمىن	ەندى	73
دەيمىن	قوي	63
دەيمىن	يا	83
دەيمىن	ەرتەڭ	37
دەيمىن	بۇگىن	81
دەيمىن	ول	81
دەيمىن	ساعان	82
دەيمىن	وسى	74
دەيمىن	يە	50
دەيمىن	بىراق	77
دەيمىن	ايتەۋ	67
ۋاق	بولدى	74
ۋاق	تاماق	18
ۋاق	ۋاق	19
ۋاق	بولسادا	17
ۋاقىت	جوق	37
ۋاقىت	بولدى	11
ۋاقىت	ەكەن	17
ۋاقىت	بار	79
ۋاقىت	بولىپ	32
ۋاقىت	قوي	40
ۋاقىت	بولسا	65
ۋاقىت	بولادى	25
ۋاقىت	تاماق	70
ۋاقىت	قالدى	71
ۋاقىت	دەگەن	56
ۋاقىت	ەمەس	68
ۋاقىت	بارما	75
ۋاقىت	كوپ	37
ۋاقىت	كەتىپ	80
ۋاقىت	نەدەگەن	78
ۋاقىت	بەر	74
ۋاقىت	از	75
ۋاقىت	تەز	74
ۋاقىت	بوپ	71
ۋاقىت	كەرەك	79
ۋاقىت	شىعار	61
ۋاقىت	شىعىپ	48
ۋاقىت	بولعان	81
ۋاقىت	ساعات	57
ۋاقىت	بولىپتى	54
ۋاقىت	بولماي	73
ۋاقىت	بولسادا	44
ۋاقىت	كەتەدى	64
ۋاقىت	بارىن	55
ۋاقىت	وتە	64
ۋاقىت	شىعارىپ	60
ۋاقىت	بەرسىن	19
ۋاقىت	شعار	64
ۋاقىت	ۇتە	68
ۋاقىت	شىعادى	69
ۋاقىت	اسىپ	79
ۋاقىت	تاياپ	82
ۋاقىت	بولعاندا	71
ۋاقىت	وتىپ	60
ۋاقىت	شعارىپ	61
ۋاقىت	بولمادى	47
ۋاقىت	ۇتىپ	63
ۋاقىت	شىقپاي	63
ۋاقىت	شىققاندا	57
ۋاقىت	جەتپەي	49
ۋاقىت	شىقسا	82
ۋاقىت	شىعاما	54
ۋاقىت	شىقباي	75
ۋاقىت	شقپاي	74
ۋاقىت	شقسا	79
ۋاقىت	شىعارا	76
ۋاقىت	توشىپ	66
ۋاقىت	قىسقا	65
ۋاقىت	شققاندا	82
ۋاقىت	شىقاندا	75
ۋاقىت	توشتى	81
ۋاقىت	شىعارشى	73
ۋاقىت	ۇزارىپ	61
ۋاقىت	شىعارساڭ	76
ۋاقىت	شەشەدى	74
ۋاقىت	شعارشى	64
قارا	جانىم	79
قارا	مەن	58
قارا	دەپ	64
قارا	ەكەن	46
قارا	بىر	77
قارا	بولىپ	77
قارا	قوي	46
قارا	شاي	70
قارا	جۇمىس	46
قارا	ات	66
قارا	بوپ	77
قارا	جەر	63
قارا	ماشينا	73
قارا	قىز	78
قارا	تاس	30
قارا	سۋ	69
قارا	قاتىن	76
قارا	بەت	59
قارا	قىزىم	51
قارا	كوك	52
قارا	كوز	76
قارا	قاعاز	51
قارا	كەمپىرىم	65
قارا	قوزى	58
قارا	شالىم	75
قارا	كۇز	46
قارا	كويلەك	67
قارا	سىم	77
قارا	شاپان	72
قارا	تاۋىق	76
قارا	سابىن	76
قارا	قىزدىڭ	58
قارا	كىلى	73
قارا	كۇشىك	78
قارا	ايعىر	67
قارا	تەر	65
قارا	رەڭ	72
قارا	تورى	67
قارا	شەكەر	74
قارا	قاسقا	60
قارا	توبە	65
قارا	دومالاق	75
قارا	جورعا	78
قارا	نيەت	55
قارا	تاۋىقتىڭ	63
قارا	قاعازعا	59
قارا	توبەگە	64
قارا	تۇبەگە	67
قارا	بۇلعىن	74
قارا	ورمانداي	78
قارا	تىزىمدىككە	56
قارا	بۇلعىنعا	64
قارا	بۇراعا	76
قاراپ	مەن	76
قاراپ	بىر	77
قاراپ	جات	68
قاراپ	جاتىر	77
قاراپ	جاتىرسىڭ	19
قاراپ	قوي	75
قاراپ	ال	56
قاراپ	الىپ	75
قاراپ	تۇر	74
قاراپ	جاتىرمىن	34
قاراپ	ۇيدە	17
قاراپ	وتىر	80
قاراپ	وتىرمىن	32
قاراپ	قالدى	19
قاراپ	قاربالاس	58
قاراپ	بەر	82
قاراپ	بەرى	69
قاراپ	جۇر	79
قاراپ	قالدىم	59
قاراپ	بەرەيىن	69
قاراپ	كور	73
قاراپ	تۇرىپ	55
قاراپ	جۇرمىن	50
قاراپ	جاتىپ	53
قاراپ	قاراپ	61
قاراپ	تۇرمىن	65
قاراپ	قالعان	61
قاراپ	جاتقان	68
قاراپ	قويىپ	52
قاراپ	شارشاپ	54
قاراپ	كۇر	83
قاراپ	جاتىرمىز	66
قاراپ	جۇرگەن	59
قاراپ	جۇرىپ	73
قاراپ	تۇرعان	78
قاراپ	وتىرمىز	54
قاراپ	وتىرسىڭ	60
قاراپ	وتىرىپ	75
قاراپ	بەرەتىن	47
قاراپ	وتىرعان	74
قاراپ	كورەيىن	57
قاراپ	قانا	54
قاراپ	جاتىرسىڭبا	74
قاراپ	قالدىق	62
قاراپ	تۇرادى	83
قاراپ	تۇرسا	69
قاراپ	كۇرەيىن	75
قاراپ	كورشى	63
قاراپ	تۇردىم	77
قاراپ	تۇرساڭ	82
قاراپ	قويام	73
قاراپ	قويادى	61
قاراپ	جاتىرما	79
قاراپ	وتىرسىڭبا	75
قاراپ	كۇلىپ	82
قاراپ	وتىرا	79
قاراپ	كورەيىك	82
قاراپ	ايتقانىم	79
قاراپ	جاتقام	81
قاراپ	تۇراتىن	82
قاراپ	كۇرەيىك	79
قاراپ	وتىراتىن	78
قاراپ	وتىرادى	72
قاراپ	وتىردىم	73
قاراپ	وتىرسام	73
قاراپ	وتىرساڭ	76
قاراپ	وتىرام	76
قاراپ	وتىرايىن	77
قاراپ	وتىرامىن	78
قاراپ	وتىرماي	83
قاراپ	تۇرمايمىن	78
ەش	بىر	81
ەش	قايدا	28
ەش	قاشان	16
ەش	قانداي	16
ەش	نارسە	12
ەش	جاڭالىق	14
ەش	نارسەنى	38
ەش	جاماندىق	43
ەش	نارسەگە	42
ەش	نارسەدەن	24
ەشتەڭە	جانىم	47
ەشتەڭە	دەپ	82
ەشتەڭە	جوق	78
ەشتەڭە	بولدى	14
ەشتەڭە	الىپ	81
ەشتەڭە	دەي	76
ەشتەڭە	دەگەن	81
ەشتەڭە	ەمەس	48
ەشتەڭە	ىستەپ	55
ەشتەڭە	كەرەك	82
ەشتەڭە	ايتقان	73
ەشتەڭە	بولعان	80
ەشتەڭە	ايتا	49
ەشتەڭە	بولماي	83
ەشتەڭە	بولمايدى	75
ەشتەڭە	دەگەم	66
ەشتەڭە	دەن	73
ەشتەڭە	تۇرعان	82
ەشتەڭە	كەلمەيدى	63
ەشتەڭە	المادىم	79
ەشتەڭە	ەتپەيدى	80
ەشتەڭە	قوش	8
ەشتەڭە	ايتپا	78
ەشتەڭە	بولمادى	72
ەشتەڭە	ىستەي	18
ەشتەڭە	ايتپاي	81
ەشتەڭە	قالمادى	82
ەشتەڭە	بىلمەيدى	60
ەشتەڭە	جاڭالىق	78
ەشتەڭە	دەمە	83
ەشتەڭە	ايتپايمىن	76
ەشتەڭە	ويلاما	75
ەشتەڭە	بولماعان	59
ەشتەڭە	دەمەدى	78
ەشتەڭە	دەمەدىم	51
ەشتەڭە	ىستەمەي	46
ەشتەڭە	دەمەي	81
ەشتەڭە	ايتپادى	71
ەشتەڭە	ايتپادىم	69
ەشتەڭە	ويلاماي	70
ەشتەڭە	ەتبەيدى	54
ەشتەڭە	ايتقىم	44
ەشتەڭە	ىستەمەدىم	82
ەشتەڭە	قىلمادىم	62
ەشتەڭە	دەمەيدى	56
ەشتەڭە	قىلمايمىن	76
ەشتەڭە	ستەمەدىم	77
ەشتەڭە	دەمەگەن	83
ەشتەڭە	ەتپەيتىن	80
ەشتەڭە	بولماعانداي	65
ەشتەڭە	ەتپەس	79
مىقتى	عوي	67
مىقتى	جان	56
مىقتى	دەپ	68
مىقتى	بول	79
مىقتى	بولسىن	53
مىقتى	ەكەن	8
مىقتى	بولىپ	40
مىقتى	ادام	54
مىقتى	بولسا	64
مىقتى	بولادى	58
مىقتى	وت	76
مىقتى	بالا	39
مىقتى	ەكەنسىڭ	81
مىقتى	مىقتى	47
مىقتى	قىز	69
مىقتى	قىزدار	61
مىقتى	ماڭگى	83
مىقتى	بولساڭ	52
مىقتى	دەن	48
مىقتى	دەنساۋلىق	70
مىقتى	جىگىت	21
مىقتى	كۇندەرى	62
مىقتى	كۇندەرىڭ	54
مىقتى	ۇستا	11
مىقتى	ۇستاپ	75
مىقتى	باي	66
مىقتى	ىستەرىڭ	72
مىقتى	جاسى	78
مىقتى	كۇندەرىڭىز	70
مىقتى	ازامات	30
مىقتى	وتباستارىڭ	32
مىقتى	وتباستارىڭىز	54
مىقتى	جاسىڭ	49
مىقتى	وقۋى	79
مىقتى	اتپال	31
مىقتى	بولاشاعى	30
مىقتى	عۇمىر	70
مىقتى	وتباسىڭ	72
مىقتى	قىزىمەتىڭ	52
مىقتى	وقۋىڭ	42
مىقتى	وقۋدا	52
مىقتى	دەنساۇلىق	64
مىقتى	قىزىمەتىڭىز	82
ۇل	دەپ	83
ۇل	ەكەن	50
ۇل	بىر	47
ۇل	بار	23
ۇل	بولىپ	38
ۇل	بولسا	51
ۇل	بالا	43
ۇل	قىز	14
ۇل	بالانىڭ	40
ۇلكەن	عوي	49
ۇلكەن	دەپ	61
ۇلكەن	ەكەن	74
ۇلكەن	بىر	39
ۇلكەن	بار	60
ۇلكەن	بولىپ	83
ۇلكەن	راحىمەت	53
ۇلكەن	قوي	79
ۇلكەن	ادام	73
ۇلكەن	بولسا	38
ۇلكەن	ۇي	60
ۇلكەن	ۇيدە	36
ۇلكەن	ۇيگە	27
ۇلكەن	ەمەس	20
ۇلكەن	جۇمىس	61
ۇلكەن	اعا	64
ۇلكەن	بوپ	60
ۇلكەن	بولعان	72
ۇلكەن	ۇل	79
ۇلكەن	ۇلكەن	80
ۇلكەن	جەر	74
ۇلكەن	ماشينا	69
ۇلكەن	قىز	43
ۇلكەن	جەرگە	73
ۇلكەن	اڭگىمە	51
ۇلكەن	نارسە	71
ۇلكەن	كىسى	82
ۇلكەن	بالام	19
ۇلكەن	جىگىت	73
ۇلكەن	باقىت	80
ۇلكەن	كىسىلەر	72
ۇلكەن	ۇيدى	18
ۇلكەن	ۇيدىڭ	73
ۇلكەن	كسى	60
ۇلكەن	اعام	45
ۇلكەن	ۇيدەن	57
ۇلكەن	قىزى	63
ۇلكەن	ۇيدەمىن	78
ۇلكەن	قىزىم	70
ۇلكەن	شۇنگە	74
ۇلكەن	ادامدار	77
ۇلكەن	ۇلى	78
ۇلكەن	ۇيكە	78
ۇلكەن	جولعا	79
ۇلكەن	كىشى	81
ۇلكەن	لاۋبان	29
ۇلكەن	ۇيدەگى	83
ۇلكەن	ماشىينا	68
ۇلكەن	ۇلىم	76
ۇلكەن	ماسەلە	70
ۇلكەن	كسلەر	80
ۇلكەن	كشى	62
ۇلكەن	كىسىنى	57
ۇلكەن	كىسىنىڭ	81
ۇلكەن	اپەكەم	45
ۇلكەن	كىسلەر	77
ۇلكەن	اعامنىڭ	71
ۇلكەن	كسىلەر	81
ۇلكەن	كسنىڭ	75
ۇلكەن	كىسىگە	67
ۇلكەن	قۋانىش	71
ۇلكەن	دارەت	80
ۇلكەن	دارەتكە	74
ۇلكەن	جولدىڭ	73
ۇلكەن	كىسنىڭ	81
ۇلكەن	كىسىلەرگە	75
ۇلكەن	كسىنىڭ	61
ۇلكەن	كىسىلەردى	83
ۇلكەن	كىسىلەردىڭ	73
سوم	عوي	64
سوم	مەن	65
سوم	دەپ	72
سوم	جوق	57
سوم	بولدى	67
سوم	ەكەن	42
سوم	بىر	34
سوم	بار	71
سوم	بولىپ	33
سوم	الىپ	83
سوم	بولسا	48
سوم	بولادى	42
سوم	دەيدى	62
سوم	قالدى	55
سوم	اقشا	44
سوم	دەگەن	46
سوم	بارما	81
سوم	بەر	49
سوم	بەرىپ	64
سوم	الدى	17
سوم	الدىم	76
سوم	ات	67
سوم	اتىپ	48
سوم	كەرەك	17
سوم	بەرە	76
سوم	بەرەيىن	49
سوم	تاۋىپ	63
سوم	سالىپ	37
سوم	عانا	81
سوم	سوم	45
سوم	قالعان	76
سوم	قوسىپ	83
سوم	سۇراپ	68
سوم	العان	65
سوم	بولسادا	81
سوم	بەرەم	49
سوم	بولاتىن	69
سوم	بەرشى	81
سوم	نان	52
سوم	بەرەدى	79
سوم	ناق	77
سوم	ارتىق	79
سوم	الادى	78
سوم	پۇل	75
سوم	بەرسەڭ	63
سوم	اتا	73
سوم	قۇڭباۋ	55
سوم	قانا	20
سوم	بەرگەن	76
سوم	قۇيىپ	81
سوم	بەردى	68
سوم	بەردىم	73
سوم	اتشى	62
سوم	كىرەسى	18
سوم	قارىز	66
سوم	العام	46
سوم	حۇڭباۋ	80
سوم	جەتپەي	51
سوم	تاۇىپ	68
سوم	شىعاما	73
سوم	بەرپ	43
سوم	جەتبەي	75
سوم	شعاما	79
سوم	اتساڭ	60
اس	بولسىن	78
اس	ۇي	2
اس	ىشىپ	80
اس	ۇيدىڭ	80
اس	ادامنىڭ	82
اس	بولسن	81
اس	دامدى	16
اس	بۇلسىن	76
اس	بوسىن	76
بۇل	جانىم	67
بۇل	مەن	58
بۇل	دەپ	77
بۇل	جوق	79
بۇل	جاق	75
بۇل	بىر	75
بۇل	نە	47
بۇل	نەعىپ	16
بۇل	ەندى	76
بۇل	ادام	75
بۇل	بولسا	60
بۇل	ماعان	80
بۇل	ەكى	78
بۇل	مەنى	79
بۇل	مەنىڭ	80
بۇل	قاي	54
بۇل	نەگە	44
بۇل	قايدا	67
بۇل	قالاي	71
بۇل	ۇي	44
بۇل	ۇيدە	82
بۇل	ۇيگە	62
بۇل	كىم	74
بۇل	دەگەن	27
بۇل	ەمەس	77
بۇل	قانشا	69
بۇل	نەدەگەن	74
بۇل	قانداي	67
بۇل	سەنىڭ	65
بۇل	سوندا	74
بۇل	جۇمىس	80
بۇل	بالا	73
بۇل	بۇل	62
بۇل	كۇندە	74
بۇل	جەر	62
بۇل	جەردە	65
بۇل	قىز	23
بۇل	جەرگە	73
بۇل	قايسى	52
بۇل	كىسى	78
بۇل	جاققا	49
بۇل	جەردەن	63
بۇل	جولى	64
بۇل	كۇندەر	38
بۇل	ايدا	74
بۇل	جاقتا	70
بۇل	كسى	40
بۇل	ايتتا	62
بۇل	توپ	78
بۇل	توپقا	80
بۇل	كىمنىڭ	81
بۇل	ومىر	68
بۇل	ۇمىر	73
بۇل	جاقتان	72
بۇل	ءومىر	80
بۇل	جەردىڭ	77
بۇل	دۇنيە	75
بۇل	شۇندە	78
بۇل	سوزدى	77
بۇل	توپتا	82
بۇل	جاقتىڭ	68
بۇل	جولعى	81
بۇل	ومىردە	80
بۇل	ۇمىردە	49
بۇل	كۇندەردە	53
بۇل	دۇنيەدە	40
بۇل	ومىردەن	61
بۇل	ومىرگە	76
بۇل	ءومىردە	82
تۇرمىن	عوي	79
تۇرمىن	جانىم	15
تۇرمىن	مەن	19
تۇرمىن	دەپ	76
تۇرمىن	بىر	41
تۇرمىن	سول	60
تۇرمىن	نە	65
تۇرمىن	سەن	80
تۇرمىن	ەندى	68
تۇرمىن	قوي	73
تۇرمىن	ەرتەڭ	77
تۇرمىن	بۇگىن	69
تۇرمىن	سەنى	67
تۇرمىن	ساعان	68
تۇرمىن	وسى	76
تۇرمىن	دەيدى	79
تۇرمىن	دوسىم	56
تۇرمىن	دەگەن	74
تۇرمىن	بىراق	77
تۇرمىن	دەشى	73
تۇرمىن	ايتپەسە	79
كۇندە	مەن	82
كۇندە	دەپ	74
كۇندە	جوق	74
كۇندە	جاقسى	64
كۇندە	بىر	67
كۇندە	سول	17
كۇندە	نە	69
كۇندە	بار	76
كۇندە	الىپ	64
كۇندە	ون	74
كۇندە	كەلىپ	81
كۇندە	ەرتە	48
كۇندە	ەرتەڭ	66
كۇندە	بارىپ	51
كۇندە	ەكى	45
كۇندە	بولادى	56
كۇندە	سەنى	81
كۇندە	ساعان	72
كۇندە	وسى	80
كۇندە	تاماق	63
كۇندە	ۇيدە	80
كۇندە	تەلەفون	77
كۇندە	ايتىپ	69
كۇندە	بىرگە	69
كۇندە	اقشا	60
كۇندە	قانشا	68
كۇندە	قاربالاس	74
كۇندە	ىشىپ	65
كۇندە	تاعى	62
كۇندە	تاڭەرتەڭ	78
كۇندە	بەرىپ	61
كۇندە	كەشتە	70
كۇندە	قايتا	54
كۇندە	قايتىپ	77
كۇندە	ۇش	73
كۇندە	جۇمىس	70
كۇندە	اتىپ	71
كۇندە	تۇندە	64
كۇندە	بەرەيىن	71
كۇندە	شىعىپ	54
كۇندە	كورىپ	72
كۇندە	تاۋىپ	59
كۇندە	بارام	66
كۇندە	كۇندە	62
كۇندە	بەس	41
كۇندە	سۇراپ	80
كۇندە	كەلەدى	75
كۇندە	توي	37
كۇندە	جاي	80
كۇندە	كەپ	68
كۇندە	ءبىر	73
كۇندە	كۇرىپ	64
كۇندە	بەرەم	67
كۇندە	بارامىن	53
كۇندە	ارەڭ	69
كۇندە	ويناپ	80
كۇندە	سويلەپ	73
كۇندە	بەرەدى	75
كۇندە	نەشە	74
كۇندە	اراق	76
كۇندە	سۇيلەپ	64
كۇندە	بەرەمىن	77
كۇندە	بارادى	63
كۇندە	قايتارىپ	76
كۇندە	سۋىق	55
كۇندە	ماس	69
كۇندە	قابارلاسىپ	80
كۇندە	شىعادى	65
كۇندە	قوناق	76
كۇندە	قايتام	73
كۇندە	كەزىگىپ	78
كۇندە	قاسىڭدا	77
كۇندە	ويىن	78
كۇندە	بەلگى	80
كەرەمەت	عوي	79
كەرەمەت	جانىم	68
كەرەمەت	دەپ	49
كەرەمەت	جاقسى	70
كەرەمەت	بولدى	47
كەرەمەت	ەكەن	61
كەرەمەت	بىر	15
كەرەمەت	بولىپ	73
كەرەمەت	قوي	60
كەرەمەت	ادام	43
كەرەمەت	بولادى	62
كەرەمەت	جارايدى	77
كەرەمەت	دوسىم	68
كەرەمەت	قۇتتى	68
كەرەمەت	ان	58
كەرەمەت	بولعان	77
كەرەمەت	ەكەنسىڭ	63
كەرەمەت	اس	64
كەرەمەت	كەرەمەت	58
كەرەمەت	بولىپتى	47
كەرەمەت	كۇشتى	67
كەرەمەت	جىگىت	13
كەرەمەت	جارايسىڭ	74
كەرەمەت	بولپتى	66
كەرەمەت	ءان	81
كەرەمەت	قيمىل	70
كەرەمەت	ساۋداڭ	76
كەرەمەت	ساباق	65
كەرەمەت	جالعاستى	68
كەرەمەت	تاماشا	77
كەرەمەت	روزا	45
كەرەمەت	ايتىلعان	67
مال	عوي	78
مال	جان	69
مال	مەن	42
مال	دەپ	70
مال	جوق	59
مال	بولسىن	58
مال	جاقسى	70
مال	ەكەن	73
مال	بار	54
مال	بولىپ	30
مال	الىپ	62
مال	بولسا	41
مال	قايدا	32
مال	دەگەن	79
مال	ەمەس	77
مال	بارما	65
مال	كوپ	72
مال	باس	80
مال	بوپ	74
مال	كەلدى	81
مال	كورىپ	76
مال	قاراپ	82
مال	مال	39
مال	اپارىپ	76
مال	بولسادا	71
مال	باعاسى	82
مال	الاتىن	73
مال	باسىپ	81
مال	شىعارىپ	60
مال	ساتىپ	80
مال	ايداپ	63
مال	نەمە	63
مال	تاۋعا	68
مال	باعىپ	76
مال	ارزان	24
مال	ساۋدا	55
مال	باسىڭ	65
مال	جوندەپ	78
مال	دوحتىر	17
مال	سۇل	71
مال	بازار	73
مال	بازارعا	61
مال	جۇندەپ	48
مال	تۋىپ	19
مال	جانىڭ	44
مال	جۇك	62
مال	جايىپ	45
مال	دوعدىر	67
مال	سانى	77
مال	باساتىن	81
مال	باستارىڭ	76
مال	سويىپ	74
مال	باعاتىن	46
مال	تۇىپ	50
مال	بازاردا	66
مال	قاماپ	73
مال	باعام	74
مال	باققان	78
مال	باتا	63
مال	بازاردان	71
مال	ەگىپ	80
مال	دۇزەپ	76
مال	باعۋ	70
مال	شارۋاڭ	79
مال	سۋارىپ	82
مال	باعامىز	65
مال	سۋعارىپ	82
مال	جاندارىڭ	72
مال	باتاسى	69
مال	جۇكتەرىڭىز	62
مال	مۇلىك	61
مال	باققانعا	80
مال	جوندەيىن	79
مال	جۇندەيىن	79
مال	جاندارىڭىز	80
قازى	قارتا	80
قازىر	مەن	15
قازىر	جوق	55
قازىر	جاقسى	45
قازىر	بىر	53
قازىر	سول	48
قازىر	نە	59
قازىر	نەعىپ	55
قازىر	بار	56
قازىر	سەن	76
قازىر	الىپ	72
قازىر	كەل	74
قازىر	كەلىپ	79
قازىر	ادام	68
قازىر	مەندە	66
قازىر	ماعان	63
قازىر	بارى	61
قازىر	بارىپ	67
قازىر	ەكى	49
قازىر	مەنىڭ	69
قازىر	قاي	75
قازىر	ول	80
قازىر	قايدا	72
قازىر	ساعان	57
قازىر	وسى	73
قازىر	تاماق	76
قازىر	قالاي	75
قازىر	ۇيدە	79
قازىر	ۇيگە	62
قازىر	تەلەفون	62
قازىر	اقشا	67
قازىر	ەمەس	48
قازىر	قانشا	75
قازىر	قاربالاس	73
قازىر	تاعى	63
قازىر	كوپ	73
قازىر	بىراز	79
قازىر	قانداي	64
قازىر	قايتا	57
قازىر	جۇمىس	75
قازىر	اتىپ	75
قازىر	كەرەك	77
قازىر	كەلدىم	63
قازىر	قايداسىڭ	47
قازىر	بارا	37
قازىر	بارام	79
قازىر	قاتتى	41
قازىر	ۋاقىت	80
قازىر	ەشتەڭە	77
قازىر	بولدىم	78
قازىر	كەلەدى	74
قازىر	بارايىن	82
قازىر	بارامىن	59
قازىر	ونداي	59
قازىر	بارامىز	78
قازىر	اۋدانعا	78
قازىر	قولايسىز	77
قازىر	جاعداي	71
قازىر	بارسام	71
قازىر	قاجەت	68
قازىر	قايتام	77
قازىر	دەرەۋ	68
قازىر	جۇرەتىن	69
قازىر	قيمىل	52
قازىر	تۇردىم	72
قازىر	اۋداننان	82
قازىر	جۇرەدى	76
قازىر	جۇرەمىز	71
قازىر	قاندايسىڭ	77
قازىر	تامان	80
تۇسىپ	بىر	71
تۇسىپ	ەندى	69
تۇسىپ	بولىپ	53
تۇسىپ	جاتىر	71
تۇسىپ	ال	35
تۇسىپ	الىپ	42
تۇسىپ	كەل	30
تۇسىپ	كەلىپ	75
تۇسىپ	تۇر	57
تۇسىپ	سودان	31
تۇسىپ	بارىپ	81
تۇسىپ	جاتىرمىن	73
تۇسىپ	تاماق	54
تۇسىپ	قال	58
تۇسىپ	ۇيگە	70
تۇسىپ	وتىر	45
تۇسىپ	وتىرمىن	53
تۇسىپ	كەت	55
تۇسىپ	كەتتى	81
تۇسىپ	قالدى	22
تۇسىپ	كەتىپ	39
تۇسىپ	ەدى	47
تۇسىپ	ازىر	81
تۇسىپ	جۇر	70
تۇسىپ	قايتا	65
تۇسىپ	الدى	80
تۇسىپ	الدىم	81
تۇسىپ	كەتتىم	47
تۇسىپ	قالدىم	42
تۇسىپ	كەلدىم	63
تۇسىپ	شىعىپ	64
تۇسىپ	جاڭا	81
تۇسىپ	ەدىم	69
تۇسىپ	جۇرمىن	78
تۇسىپ	الايىن	72
تۇسىپ	بارا	31
تۇسىپ	بارام	76
تۇسىپ	كەلە	74
تۇسىپ	جاتىپ	64
تۇسىپ	تۇرمىن	82
تۇسىپ	قالعان	74
تۇسىپ	الدىڭبا	49
تۇسىپ	بولدىم	49
تۇسىپ	كەتتىڭ	68
تۇسىپ	جاڭە	68
تۇسىپ	جاتقان	66
تۇسىپ	كەتكەن	72
تۇسىپ	جۇرگەن	43
تۇسىپ	العان	72
تۇسىپ	كەتەدى	82
تۇسىپ	بارامىن	46
تۇسىپ	تۇرعان	75
تۇسىپ	قالادى	74
تۇسىپ	كىر	56
تۇسىپ	قالىپ	68
تۇسىپ	قالىپتى	67
تۇسىپ	كەتىپتى	56
تۇسىپ	قالپتى	53
تۇسىپ	السام	65
تۇسىپ	قالسا	81
تۇسىپ	كەتەتىن	63
تۇسىپ	كەتسە	74
تۇسىپ	شىقتىم	64
تۇسىپ	العام	58
تۇسىپ	تۇرادى	79
تۇسىپ	كەلەم	76
تۇسىپ	بولدىڭبا	80
تۇسىپ	قالدىما	81
تۇسىپ	كەتپتى	81
تۇسىپ	كەلەيىن	61
تۇسىپ	قالاتىن	77
تۇسىپ	كەتەيىن	69
تۇسىپ	قالاما	81
تۇسىپ	كەتىم	75
تۇسىپ	قالار	71
تۇسىپ	جاتسا	71
تۇسىپ	قالماسىن	75
تۇسىپ	كەتتىك	71
تۇسىپ	قاپتى	78
تۇسىپ	كەتتىڭبە	73
تۇسىپ	كەتكەم	56
تۇسىپ	كەتپەسىن	69
تۇسىپ	كەتتىمە	78
تۇسىپ	قالايىن	80
تۇسىپ	قويدىڭبا	75
تۇسىپ	كەتىڭبە	75
قالعان	عوي	77
قالعان	مەن	26
قالعان	دەپ	73
قالعان	جوق	64
قالعان	بولدى	24
قالعان	ەكەن	50
قالعان	بىر	20
قالعان	سول	63
قالعان	ەندى	68
قالعان	قوي	75
قالعان	ادام	74
قالعان	بولسا	49
قالعان	بۇگىن	68
قالعان	سودان	81
قالعان	ەكى	73
قالعان	دەيدى	59
قالعان	اقشا	71
قالعان	كۇنى	62
قالعان	ەدى	71
قالعان	ۇش	62
قالعان	سوڭ	73
قالعان	شىعار	42
قالعان	كەزدە	19
قالعان	بالا	65
قالعان	سونى	79
قالعان	ەدىم	60
قالعان	ەكەنسىڭ	69
قالعان	سوعان	42
قالعان	بەس	75
قالعان	قىزدار	74
قالعان	سياقتى	47
قالعان	بولساڭ	36
قالعان	قۇساپ	72
قالعان	بولدىڭ	71
قالعان	اقشاسىن	63
قالعان	اقشانى	57
قالعان	كىسىلەر	38
قالعان	شعار	65
قالعان	شىعارسىڭ	54
قالعان	جوقپا	49
قالعان	ۇقسايدى	49
قالعان	جەرى	41
قالعان	جوقسىڭ	80
قالعان	تاماقتى	76
قالعان	بولۋ	79
قالعان	اقشاڭدى	75
قالعان	اقشامدى	70
قالعان	سىياقتى	70
قالعان	ەكەسىڭ	71
قالعان	شعارسىڭ	81
قالعان	وقشايدى	64
قالعان	ەتتى	51
قالعان	جەرىن	79
قالعان	پۇلدى	78
قالعان	جوقبا	71
قالعان	وقسايدى	75
قالعان	جوقسىڭبا	65
قالعان	بولۋى	44
قالعان	قۇسايدى	79
قالعان	يۋاندى	76
قالعان	سياقتىمىن	81
قالعان	ۇقسايسىڭ	79
قالعان	ۇقسايمىن	75
قالعان	قۇشايدى	79
قالعان	اڭگىمەنى	82
قالعان	قۇتقان	75
قوس	جانىم	81
قوس	دەپ	37
قوس	مەنى	14
قوس	دەيدى	35
قوس	دەگەن	48
قوس	تەز	49
قوس	قوس	55
قوس	ۇيشىڭعا	37
قوس	قابات	50
قوسىپ	بىر	33
قوسىپ	جاتىر	64
قوسىپ	قوي	70
قوسىپ	ال	16
قوسىپ	الىپ	39
قوسىپ	جاتىرمىن	32
قوسىپ	ايتىپ	73
قوسىپ	وتىر	76
قوسىپ	وتىرمىن	73
قوسىپ	بىراق	76
قوسىپ	ىشىپ	59
قوسىپ	قويشى	81
قوسىپ	بەر	25
قوسىپ	بەرىپ	64
قوسىپ	جولداپ	60
قوسىپ	الدىم	65
قوسىپ	اتىپ	61
قوسىپ	بەرە	52
قوسىپ	بەرەيىن	69
قوسىپ	قويدىم	56
قوسىپ	ەدىم	19
قوسىپ	الايىن	69
قوسىپ	سالىپ	63
قوسىپ	الدىڭ	60
قوسىپ	قويىپ	75
قوسىپ	العان	72
قوسىپ	بەرەم	62
قوسىپ	جەپ	67
قوسىپ	سويلەپ	74
قوسىپ	بەرەدى	82
قوسىپ	تارتىپ	62
قوسىپ	قويايىن	80
قوسىپ	شىعارىپ	27
قوسىپ	جازىپ	82
قوسىپ	وتىرسىڭ	73
قوسىپ	بەرەتىن	77
قوسىپ	بەرەمىن	70
قوسىپ	الادى	57
قوسىپ	اتا	80
قوسىپ	الساڭ	81
قوسىپ	السام	81
قوسىپ	قويساڭ	80
قوسىپ	باعىپ	58
قوسىپ	قويعان	82
قوسىپ	قويىپتى	77
قوسىپ	سويلەسىپ	69
قوسىپ	قويعام	80
قوسىپ	بەرەمىز	65
قوسىپ	قويىڭىز	66
قوسىپ	الىڭىز	41
قوسىپ	قويپتى	67
قوسىپ	قويسام	76
قوسىپ	الىڭىزدار	68
قوسىپ	قويىڭىزدار	81
قوسىپ	قويىڭدار	69
قوسىپ	قويساڭىز	81
قوسىپ	قويڭىز	62
قوسىپ	بەرىلەدى	75
قوسىپ	وتىرىڭىزدار	56
قوسىپ	قويىڭىزشى	79
جە	جانىم	72
جە	دەپ	24
جە	وندا	19
جە	جە	42
جەجە	سالەم	18
جەجە	مەن	79
جەجە	دەپ	32
جەجە	جاقسى	58
جەجە	بولدى	61
جەجە	بىر	79
جەجە	سول	65
جەجە	نە	71
جەجە	نەعىپ	77
جەجە	بار	57
جەجە	ەندى	62
جەجە	راحىمەت	77
جەجە	ماقۇل	42
جەجە	وندا	61
جەجە	كەلىپ	80
جەجە	ەرتەڭ	74
جەجە	بۇگىن	57
جەجە	مەندە	61
جەجە	ماعان	69
جەجە	ەكى	53
جەجە	مەنى	79
جەجە	مەنىڭ	77
جەجە	قايىرلى	71
جەجە	قايدا	73
جەجە	وسى	81
جەجە	بىرگە	74
جەجە	امان	68
جەجە	امانشىلىق	58
جەجە	مىنا	81
جەجە	انا	67
جەجە	بىز	73
جەجە	ۇيات	77
جەجە	مىناۋ	78
جەجە	تۋىلعان	80
جەجە	الگى	78
جەجە	امانسىز	78
جەجە	امانسىزبا	55
جەجە	سىز	18
جەجە	سىزگە	70
جەجە	ايتقانىڭىز	76
جەجە	تاي	53
جەجە	ايتىڭىز	81
جەجە	جاقسىز	70
جەجە	دەنساۋلىعىڭىز	49
جەجە	جاقسىزبا	77
جەجە	بارسىزبا	58
جەجە	سىزدەن	66
ەي	جانىم	75
ەي	مەن	18
ەي	دەپ	39
ەي	بولدى	61
ەي	بىر	44
ەي	سول	57
ەي	نە	79
ەي	نەعىپ	58
ەي	سەن	73
ەي	ەندى	42
ەي	وندا	59
ەي	ەرتەڭ	78
ەي	مەندە	76
ەي	ماعان	78
ەي	مەنى	68
ەي	مەنىڭ	70
ەي	نەگە	74
ەي	ول	68
ەي	قايدا	59
ەي	سەنى	76
ەي	ساعان	73
ەي	وسى	58
ەي	تەلەفون	63
ەي	دوسىم	81
ەي	كىم	47
ەي	ۇزى	79
ەي	قويشى	78
ەي	مىنا	75
ەي	نەدەگەن	74
ەي	سەنىڭ	76
ەي	راس	79
ەي	انا	77
ەي	تەز	72
ەي	بارسىڭبا	78
ەي	بالا	74
ەي	ۇيات	71
ەي	ەي	70
ەي	مىناۋ	65
ەي	قىز	79
ەي	جامان	77
ەي	اينالايىن	81
ەي	ونداي	67
ەي	جىندى	78
ەي	سۇيلە	57
ەي	قۇرسىن	76
ەي	قاتىن	64
ەي	ۇيتىپ	70
ەي	تاۋبا	78
ەي	وڭباعان	56
ەي	تەگى	79
ەي	ارام	76
ەي	قارعام	60
ەي	ەسەك	75
ەي	الباستى	68
الدىڭ	عوي	80
الدىڭ	جانىم	12
الدىڭ	دەپ	24
الدىڭ	ەندى	35
الدىڭ	كۇنى	48
الدىڭ	ەمەسپە	27
الدىڭ	اشىق	50
الدىڭبا	جانىم	53
الدىڭبا	مەن	15
الدىڭبا	دەپ	64
الدىڭبا	جوق	63
الدىڭبا	جاقسى	65
الدىڭبا	نە	73
الدىڭبا	نەعىپ	64
الدىڭبا	ۇيگە	74
الدىڭبا	دوسىم	42
الدىڭبا	امان	58
الدىڭبا	سوندا	74
الدىڭبا	ۇيىڭە	81
بولدىم	عوي	78
بولدىم	جانىم	14
بولدىم	مەن	19
بولدىم	دەپ	64
بولدىم	بىر	32
بولدىم	سول	65
بولدىم	سەن	74
بولدىم	ەندى	68
بولدىم	قوي	29
بولدىم	ەرتەڭ	64
بولدىم	بۇگىن	66
بولدىم	مەندە	64
بولدىم	سەنى	78
بولدىم	ساعان	80
بولدىم	وسى	68
بولدىم	تاماق	75
بولدىم	دەيدى	79
بولدىم	ۇيگە	58
بولدىم	دوسىم	77
بولدىم	بىراق	79
بولدىم	تاڭەرتەڭ	79
بولدىم	ازىر	82
بولدىم	ايتەۋ	73
بولدىم	دەشى	79
بولدىم	قۇرسىن	73
ودا	جوق	81
ودا	جاقسى	19
ودا	بىر	35
ودا	سول	31
ودا	نە	60
ودا	بار	15
ودا	بولسا	47
ودا	بولادى	36
ودا	اقشا	18
ودا	دۇرىس	59
ودا	تۇرعان	33
ودا	وڭاي	19
ودا	نەسى	55
ودا	دۇرس	60
ودا	جون	40
ودا	جۇن	38
ودا	نەتۇر	46
ودان	مەن	44
ودان	جوق	52
ودان	جاقسى	75
ودان	بىر	73
ودان	سول	42
ودان	نە	66
ودان	سەن	75
ودان	كەلىپ	64
ودان	ماعان	60
ودان	بارىپ	72
ودان	ەكى	70
ودان	نەگە	64
ودان	ول	76
ودان	ساعان	72
ودان	وسى	80
ودان	تاماق	74
ودان	ۇي	60
ودان	ۇيگە	77
ودان	تەلەفون	59
ودان	كەيىن	77
ودان	اقشا	11
ودان	تاعى	75
ودان	كوپ	54
ودان	بىراز	70
ودان	مىنا	67
ودان	بەرى	79
ودان	باسقا	30
ودان	كەشتە	25
ودان	قايتا	77
ودان	انا	54
ودان	قايتىپ	61
ودان	سوڭ	66
ودان	شىعىپ	51
ودان	قابار	75
ودان	ۇلكەن	74
ودان	بولماسا	73
ودان	الگى	62
ودان	بۇرىن	78
ودان	ارتىق	25
ودان	قۇداي	36
ودان	ارى	70
ودان	الاڭداما	23
ودان	اسىپ	49
ودان	قالسا	77
ودان	جوعارى	36
ودان	الاڭسىز	70
ودان	تومەن	65
ودان	ساقتاسىن	65
ودان	ارمان	66
ودان	تۇمەن	55
ودان	قاتىرجام	70
ودان	كەيىنگى	79
ودان	زورعى	80
سوعا	سال	76
سوعان	مەن	12
سوعان	بىر	66
سوعان	بار	44
سوعان	سەن	69
سوعان	ەندى	68
سوعان	الىپ	79
سوعان	كەلىپ	76
سوعان	ەرتە	68
سوعان	ەرتەڭ	78
سوعان	ادام	77
سوعان	بۇگىن	72
سوعان	مەندە	67
سوعان	ماعان	75
سوعان	بارىپ	77
سوعان	ەكى	23
سوعان	بولا	80
سوعان	ساعان	35
سوعان	تاماق	78
سوعان	تەلەفون	61
سوعان	ايتىپ	75
سوعان	كەتتى	55
سوعان	اقشا	55
سوعان	قاربالاس	44
سوعان	كەتىپ	69
سوعان	بىراز	46
سوعان	شاي	53
سوعان	بەرىپ	71
سوعان	جولداپ	58
سوعان	اتىپ	77
سوعان	كەرەك	70
سوعان	اۋىرىپ	69
سوعان	بەرە	80
سوعان	بەرەيىن	72
سوعان	كەلدىم	76
سوعان	بارا	56
سوعان	بارام	65
سوعان	سالىپ	51
سوعان	عانا	79
سوعان	ۋاقىت	79
سوعان	قاراپ	73
سوعان	تۇسىپ	29
سوعان	قوسىپ	77
سوعان	اپارىپ	69
سوعان	سۇراپ	70
سوعان	كەتكەن	81
سوعان	بارايىن	75
سوعان	باراتىن	43
سوعان	بارامىن	63
سوعان	سويلەپ	59
سوعان	دارى	73
سوعان	دەيىن	76
سوعان	باسىم	62
سوعان	سۇيلەپ	66
سوعان	كىرىپ	76
سوعان	بارامىز	72
سوعان	قاراي	58
سوعان	بارادى	43
سوعان	جاۋاپ	71
سوعان	رەنجىپ	79
سوعان	قارسى	65
سوعان	بەردىم	75
سوعان	بارايىق	67
سوعان	كەلدىك	60
سوعان	سويلەسىپ	72
سوعان	اينالىپ	80
سوعان	كەلگەم	67
سوعان	جەتپەي	60
سوعان	ايتقانىم	79
سوعان	باردىم	61
سوعان	دايىندىق	71
سوعان	ايلانىپ	68
سوعان	بارعالى	72
سوعان	قاراعاندا	58
سوعان	سەنىپ	70
سوعان	بارامبا	65
سوعان	كومەكتەسىپ	76
سوعان	سۇراعانىم	79
سوعان	اسىعىپ	76
سوعان	باردىق	77
سوعان	جەتكىزسىن	77
بەس	ەكەن	68
بەس	قوي	77
بەس	ون	64
بەس	كەلى	47
بەس	ادام	69
بەس	اي	25
بەس	كۇن	48
بەس	اق	16
بەس	يۋان	68
بەس	جول	35
بەس	بالا	69
بەس	كەلە	78
بەس	سوم	52
بەس	كۇندە	26
بەس	قىز	31
بەس	ساعات	73
بەس	مىڭ	56
بەس	جاس	17
بەس	جۇز	55
بەس	نان	13
بەس	تۇرلى	73
بەس	جارىم	64
بەس	جىل	60
بەس	قول	27
بەس	جىگىت	74
بەس	التى	80
بەس	تال	19
بەس	رەت	40
بەس	ادامعا	57
بەس	يۇان	73
بەس	كۇننەن	68
بەس	تاي	57
بەس	كۇنگە	69
بەس	كۇندىك	58
بەس	قاعاز	47
بەس	جارىمدا	66
بەس	كيلى	39
بەس	تۇياق	51
بەس	مينوت	72
بەس	جىلدا	37
بەس	جىلدان	76
بەس	مەتىر	63
بەس	كىلى	73
بەس	تالى	65
بەس	مىڭعا	79
بەس	سومدىق	66
بەس	جىلعا	68
بەس	قاسقا	71
بەس	سومنان	70
بەس	جىلدىڭ	78
بەس	كيلو	77
بەس	مىڭدى	72
بەس	جۇزسوم	69
بەس	مىڭنان	78
بەس	ادامدىق	75
بەس	ەلى	79
بەس	جاسار	79
بەس	جۇزگە	76
بەس	مىينوت	65
بەس	مەتىرلىك	66
بەس	مينوتتا	81
بەس	جۇزدەن	68
بەس	جارمدا	67
بەس	جاستاعى	77
بەس	جۇزدى	69
بەس	التاۋ	74
بەس	اسپاپ	72
بەس	جۇزىن	81
بەس	قارىس	69
بەس	ساۋساق	80
اپا	مەن	79
اپا	دەپ	37
اپا	بار	32
اپا	بولىپ	32
اپا	قانداي	44
اپا	امانسىزبا	46
اپار	دەپ	40
اپار	دەيدى	12
اپارىپ	بىر	19
اپارىپ	قوي	66
اپارىپ	ال	58
اپارىپ	الىپ	69
اپارىپ	كەل	36
اپارىپ	كەلىپ	37
اپارىپ	بەر	66
اپارىپ	بەرىپ	49
اپارىپ	قايتىپ	43
اپارىپ	بەرە	80
اپارىپ	بەرەيىن	46
اپارىپ	كەلدى	16
اپارىپ	كەلدىم	74
اپارىپ	قويدىم	43
اپارىپ	جۇرمىن	52
اپارىپ	سالىپ	81
اپارىپ	قوسىپ	67
اپارىپ	جاڭە	79
اپارىپ	قويىپ	80
اپارىپ	بەرەم	49
اپارىپ	بەرەدى	40
اپارىپ	قويايىن	63
اپارىپ	تاستا	50
اپارىپ	تاستاپ	34
اپارىپ	بەرسىن	20
اپارىپ	بەرەتىن	68
اپارىپ	اكەپ	56
اپارىپ	بەرەمىن	65
اپارىپ	بەرسەڭ	50
اپارىپ	كەلەتىن	81
اپارىپ	ساتىپ	72
اپارىپ	بەردىم	80
اپارىپ	كەلدىك	53
اپارىپ	كەلسەڭ	80
اپارىپ	كەلشى	74
اپارىپ	كەلەم	63
اپارىپ	كەلەيىن	78
اپارىپ	ساپ	32
اپارىپ	اكەلىپ	75
اپارىپ	كەلەسىڭبە	66
اپارىپ	قويام	80
اپارىپ	كەلەيىك	69
اپارىپ	بەرسەم	65
اپارىپ	بەرەمىز	65
اپارىپ	تاستادى	76
اپارىپ	تاستادىم	73
اپارىپ	قوياتىن	49
اپارىپ	بەرەيىك	78
اپارىپ	كورسەتىپ	73
اپارىپ	تاستايىن	78
اپارىپ	قويامىن	20
اپارىپ	تاستاعان	76
اپارىپ	تاستاعام	68
اپارىپ	تەكسەرتىپ	68
اپارىپ	تاستايمىن	65
اپارىپ	ويناتىپ	47
اپارىپ	بەرەيىنبە	75
اپارىپ	تاستايدى	64
اپارىپ	تاستاسا	64
اپارىپ	تاستاساڭ	80
اپارىپ	اكەلەتىن	72
اپارىپ	تاستايتىن	81
اپارىپ	بەرەيىنبا	60
اپارىپ	تاستاشى	78
اپارىپ	تاستايىق	58
اپارىپ	تاستاسام	67
اپارىپ	تاستادىق	75
اپارىپ	تاستادىڭبا	79
اپارىپ	تاستايىم	77
اپارىپ	تاستايىنبا	75
اپارىپ	تاستاسىن	78
اپارىپ	تاستايسىڭبا	79
كۇپ	عوي	74
كۇپ	جانىم	57
كۇپ	دەپ	81
كۇپ	بولسىن	64
كۇپ	جاقسى	53
كۇپ	بولدى	65
كۇپ	ەكەن	23
كۇپ	بولىپ	21
كۇپ	راحىمەت	43
كۇپ	قوي	19
كۇپ	الىپ	26
كۇپ	كەلىپ	77
كۇپ	ادام	73
كۇپ	بولسا	42
كۇپ	بولادى	46
كۇپ	دەيدى	68
كۇپ	ايتىپ	71
كۇپ	كۇن	81
كۇپ	اقشا	69
كۇپ	دەگەن	46
كۇپ	ەمەس	81
كۇپ	بىراق	49
كۇپ	ىش	70
كۇپ	ىشىپ	73
كۇپ	ەدى	54
كۇپ	جۇمىس	68
كۇپ	بوپ	64
كۇپ	شىعار	76
كۇپ	بولعان	72
كۇپ	ۋاقىت	73
كۇپ	كۇپ	43
كۇپ	ەمەسپە	30
كۇپ	ويلاپ	74
كۇپ	اڭگىمە	75
كۇپ	جاسا	72
كۇپ	جەپ	67
كۇپ	نارسە	74
كۇپ	ىراحىمەت	54
كۇپ	سۇيلەپ	71
كۇپ	جىل	51
كۇپ	راقىمەت	63
كۇپ	سۇز	68
كۇپ	راحمەت	59
كۇپ	سۇيلەمەي	42
كۇپ	كۇرىم	71
كۇپ	نارسەنى	60
كۇپ	ويلاما	67
كۇپ	ىشپە	75
كۇپ	العىس	75
جەر	عوي	45
جەر	دەپ	34
جەر	جوق	58
جەر	بولسىن	23
جەر	جاقسى	78
جەر	بولدى	47
جەر	ەكەن	69
جەر	بىر	24
جەر	سول	73
جەر	نە	76
جەر	بار	77
جەر	بولىپ	23
جەر	الىپ	68
جەر	ادام	64
جەر	بولسا	74
جەر	قاي	21
جەر	دەيدى	72
جەر	ۇي	75
جەر	ۇيدە	47
جەر	ۇيگە	70
جەر	قالدى	62
جەر	دەگەن	77
جەر	ەمەس	77
جەر	بارما	44
جەر	كوپ	41
جەر	قانداي	62
جەر	ەدى	71
جەر	كورىپ	77
جەر	تاۋىپ	65
جەر	سالىپ	48
جەر	كۇپ	77
جەر	كۇرىپ	77
جەر	بولسادا	72
جەر	الاتىن	62
جەر	سۋ	77
جەر	ىزدەپ	73
جەر	ايداپ	74
جەر	ەكەنىن	62
جەر	قالمادى	72
جەر	استى	75
جەر	مايلاپ	54
جەر	الىس	70
جەر	تاپپاي	74
جەر	اۋدارىپ	69
جەر	جىرتىپ	79
جەر	بەتىندە	60
جەر	كوكتەپ	66
جەر	شەكتەمەسى	76
جەر	مايلانادى	68
جەردە	عوي	78
جەردە	مەن	66
جەردە	دەپ	60
جەردە	جوق	72
جەردە	جاقسى	46
جەردە	بولدى	75
جەردە	ەكەن	71
جەردە	بىر	22
جەردە	نە	41
جەردە	نەعىپ	57
جەردە	بار	56
جەردە	سەن	51
جەردە	بولىپ	79
جەردە	جاتىر	74
جەردە	ادام	75
جەردە	بولسا	66
جەردە	تۇر	64
جەردە	بارى	61
جەردە	ەكى	75
جەردە	بولادى	75
جەردە	تاماق	71
جەردە	ۇي	69
جەردە	تەلەفون	81
جەردە	وتىر	75
جەردە	وتىرمىن	61
جەردە	كىم	44
جەردە	ەمەس	81
جەردە	قانشا	70
جەردە	ىشىپ	76
جەردە	كوپ	79
جەردە	بىراز	78
جەردە	ەدى	81
جەردە	ىستەپ	59
جەردە	جۇر	38
جەردە	جۇمىس	61
جەردە	تۇرىپ	63
جەردە	جۇرمىن	71
جەردە	ەكەنسىڭ	63
جەردە	جاتىپ	80
جەردە	تۇرمىن	72
جەردە	جۇرە	75
جەردە	بولسادا	81
جەردە	بولاتىن	81
جەردە	جۇرىپ	79
جەردە	جۇرسىڭ	76
جەردە	باعاسى	49
جەردە	بولساڭ	81
جەردە	ستەپ	68
جەردە	تۇرعان	64
جەردە	توسىپ	80
جەردە	وتىرمىز	80
جەردە	وتىرسىڭ	73
جەردە	وتىرىپ	61
جەردە	تۇرسىڭ	72
جەردە	ەكەنىن	70
جەردە	ىستەيدى	78
جەردە	قالسىن	80
جەردە	بولاسىڭبا	76
جەردە	قالمايدى	76
جەردە	كەدەرگى	76
مىناۋ	عوي	45
مىناۋ	مەن	64
مىناۋ	دەپ	56
مىناۋ	جوق	48
مىناۋ	جاقسى	72
مىناۋ	بولدى	54
مىناۋ	ەكەن	66
مىناۋ	بىر	45
مىناۋ	سول	36
مىناۋ	نە	58
مىناۋ	نەعىپ	19
مىناۋ	بار	67
مىناۋ	سەن	64
مىناۋ	ەندى	61
مىناۋ	الى	67
مىناۋ	ادام	76
مىناۋ	بولسا	76
مىناۋ	بۇگىن	70
مىناۋ	ماعان	77
مىناۋ	ەكى	65
مىناۋ	مەنى	73
مىناۋ	مەنىڭ	67
مىناۋ	قاي	32
مىناۋ	بولادى	33
مىناۋ	نەگە	57
مىناۋ	ول	70
مىناۋ	قايدا	80
مىناۋ	ساعان	69
مىناۋ	وسى	68
مىناۋ	قالاي	76
مىناۋ	تەلەفون	56
مىناۋ	كىم	79
مىناۋ	دەگەن	27
مىناۋ	ەمەس	74
مىناۋ	بارما	65
مىناۋ	قانشا	54
مىناۋ	تاعى	27
مىناۋ	نەدەگەن	61
مىناۋ	قانداي	48
مىناۋ	سەنىڭ	40
مىناۋ	بولاما	60
مىناۋ	سوندا	63
مىناۋ	جاڭا	79
مىناۋ	قيىن	79
مىناۋ	ۇلكەن	66
مىناۋ	كەرەمەت	79
مىناۋ	قايدان	78
مىناۋ	ءبىر	71
مىناۋ	قايسى	78
مىناۋ	بولاتىن	63
مىناۋ	ەڭ	78
مىناۋ	الگى	79
مىناۋ	بىزدىڭ	62
مىناۋ	قۇساپ	67
مىناۋ	ناق	77
مىناۋ	جىندى	68
مىناۋ	ادەمى	76
مىناۋ	نەدەيدى	77
مىناۋ	نەمەنە	69
مىناۋ	ايبەت	70
مىناۋ	كەشەگى	76
مىناۋ	اتاقتى	79
مىناۋ	كىمنىڭ	80
مىناۋ	قايتەدى	54
ماشينا	عوي	75
ماشينا	مەن	69
ماشينا	جوق	32
ماشينا	ەكەن	25
ماشينا	بار	57
ماشينا	الىپ	29
ماشينا	كەلىپ	33
ماشينا	ادام	67
ماشينا	بولسا	72
ماشينا	تۇر	30
ماشينا	قايدا	69
ماشينا	بارما	64
ماشينا	كوپ	16
ماشينا	قۇتتى	55
ماشينا	الدى	58
ماشينا	كەرەك	81
ماشينا	كەلدى	61
ماشينا	تاۋىپ	75
ماشينا	الايىن	40
ماشينا	كۇپ	73
ماشينا	العان	70
ماشينا	جۋىپ	71
ماشينا	الاتىن	69
ماشينا	توسىپ	73
ماشينا	ماي	56
ماشينا	ىزدەپ	77
ماشينا	الام	66
ماشينا	الامىن	69
ماشينا	ايداپ	80
ماشينا	قاجەت	17
ماشينا	سوعىپ	69
ماشينا	ۇيرەنىپ	72
ماشينا	شىقپاي	61
ماشينا	ساتىلادى	76
ماشينا	ساتاتىن	62
ماشينا	شىقسا	73
ماشينا	نى	81
ماشينا	مايلاپ	41
ماشينا	بارمەكەن	65
ماشينا	العاندا	64
ماشينا	العالى	80
ماشينا	بۇزىلىپ	75
ماشينا	سىن	78
ماشينا	ايداي	69
ماشينا	جۋاتىن	67
ماشينا	ايدايتىن	69
ماشينا	ايدايدى	57
ماشينا	تابىلدى	71
ماشينا	ايدايمىن	77
ماشينا	ايداعان	62
ماشينا	ايدايسىڭ	72
ماشينا	ايداعاندا	81
ماشينا	ايداما	70
ماشينا	سىمەن	75
ەمەسپە	جانىم	80
ەمەسپە	مەن	26
ەمەسپە	دەپ	60
ەمەسپە	ەكەن	52
ەمەسپە	بىر	81
ەمەسپە	سول	67
ەمەسپە	نە	61
ەمەسپە	سەن	78
ەمەسپە	ەندى	68
ەمەسپە	يا	66
ەمەسپە	بۇگىن	77
ەمەسپە	سودان	78
ەمەسپە	ماعان	54
ەمەسپە	مەنىڭ	79
ەمەسپە	ول	81
ەمەسپە	ساعان	65
ەمەسپە	وسى	79
ەمەسپە	سوندا	79
ەمەسپە	سونى	81
ەمەسپە	سوعان	81
ەمەسپە	ايتپەسە	64
قىز	عوي	77
قىز	مەن	56
قىز	دەپ	76
قىز	جوق	53
قىز	بولسىن	43
قىز	جاقسى	78
قىز	ەكەن	65
قىز	بىر	38
قىز	سول	58
قىز	نە	50
قىز	نەعىپ	72
قىز	بار	66
قىز	بولىپ	33
قىز	الىپ	54
قىز	كەلىپ	70
قىز	بولسا	74
قىز	ماعان	48
قىز	ەكى	80
قىز	مەنى	81
قىز	قايدا	78
قىز	دوسىم	61
قىز	قالدى	64
قىز	دەگەن	71
قىز	ەمەس	57
قىز	بارما	59
قىز	كوپ	61
قىز	قانداي	64
قىز	بوپ	75
قىز	كەلدى	74
قىز	بالا	81
قىز	تاۋىپ	21
قىز	ەكەنسىڭ	48
قىز	كۇپ	63
قىز	سياقتى	74
قىز	قۇساپ	77
قىز	دار	70
قىز	ىزدەپ	64
قىز	ەرتىپ	69
قىز	جىگىت	75
قىز	جىگىتتەر	72
قىز	بالانى	27
قىز	ەمەسپىن	67
قىز	تۋىپ	69
قىز	بالانىڭ	78
قىز	بالاعا	65
قىز	كەلىنشەك	67
قىز	بەن	77
قىز	جولداس	74
قىز	جىگتتەر	60
قىز	كەزىڭدە	80
قىز	جىبەك	74
قىز	كەلىنشەكتەر	70
قىز	كەزىمدە	68
قىز	ۇزاتۋ	81
سۇ	جوق	78
سۇ	الىپ	21
سۇ	قۇيىپ	31
سۇرا	مەن	22
سۇرا	دەپ	34
سۇرا	دەيدى	23
سۇراپ	نە	39
سۇراپ	جاتىر	70
سۇراپ	قوي	14
سۇراپ	ال	60
سۇراپ	الىپ	57
سۇراپ	تۇر	38
سۇراپ	بارىپ	40
سۇراپ	جاتىرمىن	79
سۇراپ	وتىر	20
سۇراپ	وتىرمىن	54
سۇراپ	بەر	35
سۇراپ	ەدى	71
سۇراپ	جۇر	66
سۇراپ	الدىم	61
سۇراپ	اتىپ	59
سۇراپ	بەرەيىن	69
سۇراپ	قويدىم	65
سۇراپ	كور	26
سۇراپ	ەدىم	24
سۇراپ	تاۋىپ	46
سۇراپ	الايىن	63
سۇراپ	تۇرمىن	63
سۇراپ	سوعان	43
سۇراپ	سۇراپ	79
سۇراپ	جاتقان	72
سۇراپ	قويىپ	57
سۇراپ	كۇر	79
سۇراپ	العان	48
سۇراپ	جۇرىپ	73
سۇراپ	بەرشى	78
سۇراپ	تۇرعان	53
سۇراپ	قويايىن	80
سۇراپ	وتىرسىڭ	73
سۇراپ	وتىرعان	63
سۇراپ	كورەيىن	71
سۇراپ	قايتەسىڭ	19
سۇراپ	قالسا	77
سۇراپ	تۇرسىڭ	67
سۇراپ	كۇرەيىن	72
سۇراپ	قويىپتى	45
سۇراپ	كورشى	50
سۇراپ	قويعام	36
سۇراپ	جاتسا	57
سۇراپ	قويادى	64
سۇراپ	جاتر	80
سۇراپ	كۇرشى	73
سۇراپ	قويپتى	46
سۇراپ	كورسەڭ	61
سۇراپ	قۇيدىم	72
سۇراپ	كورىڭىز	78
سۇراپ	جاتقانىم	68
سۇراپ	كورىڭىزشى	46
جامان	عوي	74
جامان	جانىم	33
جامان	مەن	81
جامان	دەپ	72
جامان	بولسىن	44
جامان	جاقسى	54
جامان	بولدى	64
جامان	ەكەن	68
جامان	بىر	15
جامان	بولىپ	80
جامان	قوي	21
جامان	يا	73
جامان	ادام	80
جامان	بولسا	30
جامان	بولادى	53
جامان	دەيدى	25
جامان	دەگەن	68
جامان	ەمەس	69
جامان	وي	48
جامان	ەدى	70
جامان	بوپ	72
جامان	اۋىرىپ	49
جامان	بالا	77
جامان	تۇس	62
جامان	بولعان	69
جامان	ەكەنسىڭ	69
جامان	قارا	74
جامان	بولدىم	80
جامان	قىز	71
جامان	ويلاپ	40
جامان	بولسادا	77
جامان	نارسە	52
جامان	بولساڭ	54
جامان	قاتىن	79
جامان	سوز	59
جامان	سۇز	30
جامان	نەمە	38
جامان	بولسام	71
جامان	قىزىم	72
جامان	ادامدار	74
جامان	جەرى	81
جامان	ۇيرەنىپ	80
جامان	كەمپىرىم	40
جامان	بولايىن	67
جامان	ايتپاي	60
جامان	شالىم	78
جامان	ءسوز	66
جامان	بەكەن	69
جامان	اتتى	76
جامان	جاعىن	44
جامان	ويىم	69
جامان	اۋىرۋ	67
جامان	اتقا	80
جامان	كۇشىگىم	79
جامان	ۇيىرەنىپ	80
جامان	كۇشىك	59
جامان	بولسامدا	62
جامان	ۇيرەتىپ	65
جامان	بولمايسىڭ	68
جامان	ۇيرەنگەن	78
جامان	بولساقتا	75
جامان	جۇتىق	65
كەتتىڭ	عوي	81
كەتتىڭ	جانىم	5
كەتتىڭ	مەن	23
كەتتىڭ	دەپ	76
كەتتىڭ	جوق	62
كەتتىڭ	سەن	70
كەتتىڭ	ەندى	71
كەتتىڭ	قوي	78
كەتتىڭ	سودان	39
كەتتىڭ	دوسىم	74
كەتتىڭ	جول	79
كەتتىڭ	سوندا	66
كەتتىڭ	ەي	81
كەتتىڭ	ەمەسپە	58
جاڭە	مەن	73
جاڭە	بولدى	67
جاڭە	بىر	69
جاڭە	سەن	45
جاڭە	بولىپ	75
جاڭە	كەلىپ	70
جاڭە	ماعان	44
جاڭە	بارىپ	70
جاڭە	نەگە	69
جاڭە	تاماق	79
جاڭە	ۇيگە	56
جاڭە	تەلەفون	54
جاڭە	اي	46
جاڭە	ايتىپ	80
جاڭە	كەتتى	77
جاڭە	ىشىپ	37
جاڭە	تاعى	71
جاڭە	بىراز	61
جاڭە	شاي	67
جاڭە	الدىم	79
جاڭە	كەلدى	76
جاڭە	كەلدىم	37
جاڭە	كورىپ	12
جاڭە	تۇرىپ	40
جاڭە	عانا	57
جاڭە	تۇسىپ	50
جاڭە	بولدىم	76
جاڭە	كەپ	20
جاڭە	بىرەۋ	71
جاڭە	كۇرىپ	76
جاڭە	ارەڭ	42
جاڭە	كەلگەن	78
جاڭە	بولدىق	80
جاڭە	ەستىپ	47
جاڭە	كەلدىك	73
جاڭە	شىقتى	29
جاڭە	شىقتىم	80
جاڭە	جاتتىم	58
جاڭە	تۇردىم	53
جاڭە	كوردىم	31
جاڭە	تۇردىڭبا	48
جاڭە	كۇردىم	80
جاڭە	تۇستىم	55
جاڭە	ويانىپ	47
جاڭە	كىردىم	79
جاڭە	شىقتىق	53
جاڭە	وياندىم	72
جاڭە	اشتىم	46
جاڭە	جەتتىم	79
جاڭە	بوسادىم	66
جاڭە	كىردىك	73
جاڭە	جەتتىك	79
قالدىڭ	عوي	78
قالدىڭ	جانىم	8
قالدىڭ	مەن	26
قالدىڭ	دەپ	63
قالدىڭ	ەكەن	52
قالدىڭ	سەن	50
قالدىڭ	قوي	63
قالدىڭ	ەمەسپە	46
قالدىڭبا	جانىم	56
قالدىڭبا	مەن	13
قالدىڭبا	دەپ	59
قالدىڭبا	جوق	60
قالدىڭبا	جاقسى	53
قالدىڭبا	نە	75
قالدىڭبا	ماعان	44
قالدىڭبا	نەگە	75
قالدىڭبا	قالاي	79
قالدىڭبا	دوسىم	80
قالدىڭبا	ماۋباس	62
قايدان	جانىم	72
قايدان	بولسىن	78
قايدان	بولدى	63
قايدان	الىپ	73
قايدان	كەلىپ	56
قايدان	قالاي	79
قايدان	ىشىپ	70
قايدان	جۇر	75
قايدان	كەلدى	65
قايدان	كورىپ	58
قايدان	تاۋىپ	60
قايدان	كەلە	23
قايدان	قوسىپ	69
قايدان	الدىڭ	71
قايدان	كەلەدى	46
قايدان	كۇرىپ	69
قايدان	بولسادا	69
قايدان	كەلگەن	62
قايدان	بىلەدى	70
قايدان	الام	38
قايدان	الادى	68
قايدان	بىلەم	77
قايدان	كەلدىڭ	19
قايدان	بىلىپ	71
قايدان	بىلەسىڭ	60
قايدان	شىعادى	20
قايدان	ەستىپ	80
قايدان	شىقتى	75
قايدان	الاسىڭ	73
قايدان	بولدىڭىز	74
قايدان	تاۇىپ	80
قايدان	بىلەمىن	67
قايدان	پايدا	53
قايدان	بىلەيىن	53
قايدان	بىلەت	13
قايدان	سالىنادى	78
قايدان	بىلسىن	70
قايدان	تاپتىم	60
قايدان	كوردىڭ	77
قايدان	كەزىگەمىز	58
قايدان	تابام	81
قايدان	كۇردىڭ	32
قايدان	بلەم	63
قايدان	تاپتىڭ	66
قايدان	تاپساڭ	46
قايدان	تانيسىڭ	69
قايدان	تابادى	68
قايدان	بلەسىڭ	78
قايدان	قوستىڭ	76
قايدان	تاباسىڭ	77
قايدان	جەتسىن	62
قايدان	تابامىن	76
قايدان	بىلدىڭ	52
قايدان	بىلەمىز	42
قايدان	بىلەيىك	69
قايدان	تابامىز	77
قايدان	تاپساڭدا	66
قايدان	تاۋام	61
قايدان	ۇمىتايىن	76
قايدان	بلەيىن	79
ايتام	عوي	68
ايتام	جانىم	16
ايتام	مەن	14
ايتام	دەپ	53
ايتام	بىر	28
ايتام	سول	65
ايتام	نە	70
ايتام	سەن	75
ايتام	ەندى	53
ايتام	قوي	63
ايتام	مەندە	69
ايتام	ماعان	78
ايتام	ول	77
ايتام	سەنى	79
ايتام	ساعان	60
ايتام	دەيدى	57
ايتام	دوسىم	65
ايتام	دەگەن	68
ايتام	ەي	77
ايتام	ايتام	77
كەلەدى	عوي	78
كەلەدى	جانىم	16
كەلەدى	مەن	37
كەلەدى	دەپ	66
كەلەدى	ەكەن	16
كەلەدى	بىر	12
كەلەدى	سول	65
كەلەدى	سەن	58
كەلەدى	ەندى	75
كەلەدى	قوي	67
كەلەدى	ەرتەڭ	74
كەلەدى	بۇگىن	72
كەلەدى	سودان	72
كەلەدى	ول	70
كەلەدى	سەنى	68
كەلەدى	ساعان	78
كەلەدى	وسى	74
كەلەدى	دەيدى	77
كەلەدى	ۇيگە	38
كەلەدى	دەگەن	76
كەلەدى	بىراق	54
كەلەدى	ازىر	49
كەلەدى	سوندا	79
كەلەدى	وعان	78
كەلەدى	ەكەنسىڭ	76
كەلەدى	سوعان	51
كەلەدى	ەمەسپە	78
كەلەدى	دەشى	61
كەلەدى	ەكەم	70
كەلەدى	دەيسىڭ	80
ساعات	دەپ	78
ساعات	بولدى	75
ساعات	ەكەن	22
ساعات	بىر	75
ساعات	بار	48
ساعات	بولىپ	39
ساعات	ون	75
ساعات	وندا	28
ساعات	بولسا	36
ساعات	ەكى	79
ساعات	بىرگە	44
ساعات	كەيىن	75
ساعات	قالدى	73
ساعات	قانشا	53
ساعات	ىستەپ	60
ساعات	ۇيقتاپ	69
ساعات	ۇش	52
ساعات	عانا	56
ساعات	ۋاقىت	62
ساعات	بەس	44
ساعات	بولسادا	56
ساعات	بۇرىن	63
ساعات	دەن	53
ساعات	بىردە	63
ساعات	نەشە	43
ساعات	دەم	70
ساعات	ۇيىقتاپ	77
ساعات	وتىرىپ	67
ساعات	جەتى	61
ساعات	التى	59
ساعات	ىشىندە	52
ساعات	قانا	73
ساعات	سايىن	61
ساعات	تورت	67
ساعات	تۇرت	74
ساعات	نەشەدە	77
ساعات	سەگىز	38
ساعات	توعىز	59
ساعات	جارىمدا	62
ساعات	داردا	65
ساعات	ىستەيدى	72
ساعات	تان	77
ساعات	قانشادا	74
ساعات	تەڭشەپ	25
ساعات	بىردەن	73
ساعات	بەستە	78
ساعات	شينجياڭ	36
ساعات	ەكىدە	56
ساعات	سەگىزدە	42
ساعات	ۇشتە	44
ساعات	التىدا	40
ساعات	جەتىدە	46
ساعات	توعىزدا	50
ساعات	وننان	54
ساعات	بەستەن	62
ساعات	ەكىدەن	77
ساعات	تورتتە	77
ساعات	بەيجىڭ	53
ساعات	ونعا	74
ساعات	ەكدە	68
ساعات	ۇشتەن	65
ساعات	تۇرتتە	77
ساعات	شينجاڭ	61
ساعات	دەردە	81
ساعات	تۇرتە	72
ساعات	التدا	79
ساعات	ونداردا	70
ساعات	قانشالاردا	64
ساعات	جەتدە	67
ساعات	مولشەرىندە	76
ساعات	بەستەردە	69
ساعات	ۇشتەردە	73
ساعات	توعىزداردا	73
مىڭ	عوي	79
مىڭ	مەن	78
مىڭ	دەپ	75
مىڭ	جوق	42
مىڭ	بولدى	79
مىڭ	ەكەن	63
مىڭ	بىر	48
مىڭ	بار	58
مىڭ	بولىپ	48
مىڭ	راحىمەت	79
مىڭ	الىپ	77
مىڭ	قابىل	51
مىڭ	ادام	60
مىڭ	بولسا	75
مىڭ	ەكى	55
مىڭ	بولادى	60
مىڭ	دەيدى	64
مىڭ	كۇن	42
مىڭ	كەتتى	80
مىڭ	قالدى	76
مىڭ	اقشا	68
مىڭ	دەگەن	61
مىڭ	ەمەس	72
مىڭ	قانشا	74
مىڭ	بەر	57
مىڭ	بەرىپ	71
مىڭ	يۋان	45
مىڭ	الدىم	12
مىڭ	ۇش	74
مىڭ	اتىپ	70
مىڭ	كەرەك	60
مىڭ	بەرە	80
مىڭ	بەرەيىن	68
مىڭ	تاۋىپ	66
مىڭ	عانا	49
مىڭ	سوم	62
مىڭ	بەس	14
مىڭ	مىڭ	46
مىڭ	بولسادا	68
مىڭ	كەتەدى	64
مىڭ	بەرەم	75
مىڭ	بەرەدى	73
مىڭ	ەسە	74
مىڭ	نەشە	77
مىڭ	ارتىق	73
مىڭ	جارىم	69
مىڭ	بەرەتىن	76
مىڭ	الادى	76
مىڭ	بەرسەڭ	77
مىڭ	التى	79
مىڭ	رەت	79
مىڭ	بەردى	78
مىڭ	بەردىم	79
مىڭ	يۇان	73
مىڭ	قارىز	39
مىڭ	كۇندىك	65
مىڭ	شىعاما	70
مىڭ	ايدان	78
مىڭ	دايكۋان	68
مىڭ	يۋاننان	80
مىڭ	العىس	69
مىڭ	يۋانعا	42
مىڭ	سومدى	59
مىڭ	سومدىق	55
مىڭ	ۇيان	61
مىڭ	سومعا	65
مىڭ	سومنان	60
مىڭ	جىلدىق	69
مىڭ	يۋاندى	72
مىڭ	يۋاندىق	54
مىڭ	تەڭگە	69
مىڭ	سومىن	51
مىڭ	يۋانىن	66
مىڭ	يۋاننىڭ	74
جاتقان	عوي	78
جاتقان	مەن	45
جاتقان	جوق	63
جاتقان	جاقسى	21
جاتقان	بولدى	63
جاتقان	ەكەن	66
جاتقان	بىر	72
جاتقان	سول	64
جاتقان	سەن	63
جاتقان	ادام	73
جاتقان	سودان	36
جاتقان	ۇيدە	79
جاتقان	ۇيگە	67
جاتقان	ايت	64
جاتقان	كىم	54
جاتقان	اق	74
جاتقان	اقشا	58
جاتقان	ەدى	79
جاتقان	سوڭ	64
جاتقان	شىعار	32
جاتقان	كەز	19
جاتقان	كەزدە	78
جاتقان	بالا	64
جاتقان	ەدىم	69
جاتقان	سوعان	69
جاتقان	جەر	79
جاتقان	جەردە	71
جاتقان	قىز	80
جاتقان	ايتىڭ	73
جاتقان	جەرگە	78
جاتقان	قىزدار	73
جاتقان	سياقتى	60
جاتقان	وراز	45
جاتقان	ورازا	69
جاتقان	ەدىڭ	34
جاتقان	قۇساپ	63
جاتقان	ايىت	70
جاتقان	بولدىڭ	68
جاتقان	بارلىق	66
جاتقان	كىسىلەر	69
جاتقان	ەل	71
جاتقان	شعار	79
جاتقان	دوستار	53
جاتقان	ادامدى	56
جاتقان	ۇيدىڭ	72
جاتقان	ادامعا	75
جاتقان	شىعارسىڭ	77
جاتقان	جوقپا	45
جاتقان	ۇقسايدى	70
جاتقان	ادامدار	59
جاتقان	جەرى	79
جاتقان	ساباقتاستار	38
جاتقان	جوقسىڭ	74
جاتقان	بولۋ	42
جاتقان	سىياقتى	69
جاتقان	جەرىڭ	74
جاتقان	شعارسىڭ	64
جاتقان	وقشايدى	60
جاتقان	جوقپىن	70
جاتقان	تۇردەن	74
جاتقان	وقسايدى	62
جاتقان	جوقسىڭبا	78
جاتقان	بولۋى	56
جاتقان	جەرىڭدى	76
جاتقان	تۇرىڭنەن	80
جاتقان	جەرىڭىز	68
جاتقان	جايىم	73
دەشى	جانىم	73
دەشى	مەن	17
دەشى	دەپ	59
دەشى	بولدى	67
دەشى	بىر	73
دەشى	سول	65
دەشى	سەن	73
دەشى	ەندى	69
دەشى	وندا	51
دەشى	يا	36
دەشى	بۇگىن	71
دەشى	ماعان	73
دەشى	ول	78
دەشى	سەنى	71
دەشى	ساعان	71
دەشى	وسى	78
دەشى	يە	72
دەشى	نەدەگەن	80
دەشى	بولاما	78
دەشى	سوندا	70
دەشى	شىركىن	75
توي	عوي	62
توي	دەپ	76
توي	جوق	63
توي	بولسىن	69
توي	ەكەن	64
توي	بار	69
توي	بولىپ	36
توي	بولسا	67
توي	بولادى	71
توي	دەگەن	79
توي	كۇنى	78
توي	ەمەس	57
توي	قاشان	77
توي	كوپ	48
توي	قۇتتى	77
توي	جاسا	12
توي	جاساپ	54
توي	قىلىپ	13
توي	تويعا	41
توي	قىلعان	24
توي	جاساعان	54
توي	قىلام	27
توي	جاساي	75
توي	قىلاتىن	57
توي	جاسايتىن	77
توي	جاسايدى	38
توي	جاسايمىن	39
توي	قىلماي	45
توي	قۇتى	72
توي	جاسايىن	73
توي	جاساعالى	65
توي	شۇنى	34
توي	جاسايمىز	80
توي	جاساۋ	57
توي	جاسادى	52
توي	جاسادىم	65
توي	قىلمادىم	73
توي	جاساماي	71
توي	قىلايىق	46
توي	جاسايىق	77
توي	جاسامايمىن	51
توي	جاسايسىڭ	53
توي	جاسامادىم	68
توي	جاسادىڭ	70
توي	جاسادىڭبا	80
توي	جاساماعان	58
توي	جاساعاندا	43
توي	جاسايىم	50
توي	جاساعام	74
توي	قىلماعان	69
توي	جاساسا	65
توي	جاساساڭ	75
توي	تويلاپ	65
توي	قىلدىڭبا	71
توي	جاساعىم	63
توي	جاساسام	67
توي	جاساساق	69
توي	جاساعاننان	75
توي	تومالاق	64
توي	تومالاققا	77
جاي	بولسىن	77
جاي	جاقسى	50
جاي	بولدى	78
جاي	بولىپ	59
جاي	كەلىپ	9
جاي	بولسا	38
جاي	بارىپ	53
جاي	بولادى	60
جاي	قالاي	76
جاي	ەمەس	68
جاي	ۇيقتاپ	51
جاي	قايتىپ	72
جاي	بوپ	68
جاي	كەلدى	20
جاي	كەلدىم	54
جاي	شىعىپ	44
جاي	كورىپ	73
جاي	تۇرىپ	72
جاي	بارام	44
جاي	عانا	70
جاي	جاتىپ	43
جاي	تۇسىپ	52
جاي	كەلەدى	52
جاي	جاتقان	53
جاي	كەپ	75
جاي	بولمايدى	71
جاي	بولسادا	78
جاي	اڭگىمە	50
جاي	بارامىن	73
جاي	كەلگەن	80
جاي	سويلەپ	75
جاي	سۇيلەپ	80
جاي	قالىپ	79
جاي	كەلەتىن	62
جاي	راق	71
جاي	كەلدىڭ	74
جاي	ۇيقتادىم	74
جاي	كەلدىك	78
جاي	بولپ	62
جاي	قايتام	63
جاي	جاتتىم	62
جاي	قايتاتىن	64
جاي	تۇردىم	68
جاي	ايتقانىم	66
جاي	جاتقام	75
جاي	تۇستىم	72
جاي	قايتامىن	66
جاي	جاتام	76
جاي	تۇسەدى	80
جاي	تۇسەتىن	55
جاي	تۇسەم	71
جاي	جاتادى	61
جاي	تۇسەسىڭ	79
جاي	قايتادى	74
جاي	سۇراعانىم	71
جاي	جاتتىق	61
جاي	ىراق	79
جاي	تۇسەمىن	80
جاي	جاتتىڭ	69
جاي	تۇسەمىز	75
جاي	تۇستىك	79
جاي	انشەيىن	80
كەپ	بولدى	75
كەپ	بىر	78
كەپ	ەندى	61
كەپ	جاتىر	78
كەپ	ال	45
كەپ	الىپ	61
كەپ	تۇر	40
كەپ	ماعان	19
كەپ	مەنى	80
كەپ	جاتىرمىن	71
كەپ	تاماق	77
كەپ	وتىر	42
كەپ	وتىرمىن	61
كەپ	كەتتى	74
كەپ	قالدى	37
كەپ	كەتىپ	40
كەپ	شاي	80
كەپ	ەدى	48
كەپ	جۇر	68
كەپ	الدى	55
كەپ	الدىم	33
كەپ	قويدى	16
كەپ	قويدىم	69
كەپ	ەدىم	80
كەپ	جاتىپ	78
كەپ	الدىڭ	70
كەپ	الدىڭبا	68
كەپ	جاتقان	28
كەپ	جۇرگەن	70
كەپ	العان	73
كەپ	كەتەدى	51
كەپ	ارەڭ	67
كەپ	تۇرعان	78
كەپ	قالادى	54
كەپ	جەتكەن	77
كەپ	الادى	68
كەپ	الساڭ	71
كەپ	قالسا	78
كەپ	قالدىق	65
كەپ	العام	80
كەپ	تۇرادى	51
كەپ	الدىق	65
كەپ	تۇرسا	41
كەپ	تۇرما	78
كەپ	قالاما	56
كەپ	قالار	62
كەپ	قاپ	62
كەپ	جاتسا	75
كەپ	قاپتى	79
كەپ	الدىما	79
كەپ	الدىڭدارما	62
كەپ	الدڭبا	75
كەپ	اپتى	77
اينالايىن	جانىم	66
اينالايىن	مەن	10
اينالايىن	دەپ	67
اينالايىن	جاقسى	77
اينالايىن	سول	76
اينالايىن	نەعىپ	21
اينالايىن	سەن	75
اينالايىن	راحىمەت	76
اينالايىن	مەنىڭ	61
اينالايىن	بىرگە	77
اينالايىن	دوسىم	68
اينالايىن	اق	56
اينالايىن	اۋ	78
اينالايىن	ايتقانىڭ	54
اينالايىن	اينالايىن	68
اينالايىن	جۇرەگىم	68
اينالايىن	تاتتى	66
اينالايىن	تاتتىم	65
اينالايىن	التىن	14
اينالايىن	كۇنىم	59
اينالايىن	التىنىم	59
اينالايىن	كەمپىرىم	19
اينالايىن	سۇيكىمدى	65
اينالايىن	قۇلىنىم	62
اينالايىن	جاندارىم	61
اينالايىن	قارعام	78
اينالايىن	اياۋلىم	73
اينالايىن	ەركەم	58
اينالايىن	تومپاعىم	80
قويى	بار	67
قويىپ	مەن	14
قويىپ	جوق	74
قويىپ	بىر	54
قويىپ	ەندى	61
قويىپ	جاتىر	62
قويىپ	قوي	58
قويىپ	ال	22
قويىپ	الىپ	78
قويىپ	سودان	62
قويىپ	ماعان	77
قويىپ	مەنى	78
قويىپ	جاتىرمىن	78
قويىپ	تاماق	50
قويىپ	ۇيگە	80
قويىپ	وتىر	78
قويىپ	وتىرمىن	60
قويىپ	كەت	37
قويىپ	كەتتى	60
قويىپ	بىراق	62
قويىپ	قويشى	77
قويىپ	تاعى	67
قويىپ	كەتىپ	74
قويىپ	بەر	61
قويىپ	بەرىپ	70
قويىپ	ەدى	75
قويىپ	جۇر	57
قويىپ	قايتا	70
قويىپ	ۇيقتاپ	72
قويىپ	كەتتىم	68
قويىپ	بەرەيىن	42
قويىپ	قويدى	71
قويىپ	قويدىم	77
قويىپ	ەدىم	31
قويىپ	جۇرمىن	27
قويىپ	ۇيات	60
قويىپ	قويىپ	73
قويىپ	كەتكەن	48
قويىپ	جۇرە	60
قويىپ	كەتەدى	73
قويىپ	ەدىڭ	78
قويىپ	وتىرمىز	47
قويىپ	قويايىن	77
قويىپ	تاستاپ	52
قويىپ	كەتەم	78
قويىپ	قويساڭ	72
قويىپ	قويعان	62
قويىپ	جۇرمە	64
قويىپ	كەتەيىن	44
قويىپ	كەتىم	65
قويىپ	قويعام	76
قويىپ	قويام	60
قويىپ	جاتسام	71
قويىپ	قويىڭىز	80
قويىپ	كەتسەڭ	64
قويىپ	جۇرمەسىن	77
قويىپ	كەتكەم	39
قويىپ	جۇرمەيىن	61
ويلا	جانىم	51
ويلاپ	جانىم	18
ويلاپ	بىر	68
ويلاپ	نە	71
ويلاپ	جاتىر	76
ويلاپ	جاتىرسىڭ	67
ويلاپ	قوي	59
ويلاپ	تۇر	56
ويلاپ	جاتىرمىن	70
ويلاپ	ايتىپ	18
ويلاپ	وتىر	76
ويلاپ	وتىرمىن	55
ويلاپ	قالدى	15
ويلاپ	بەرى	71
ويلاپ	جۇر	80
ويلاپ	كەتتىم	52
ويلاپ	قالدىم	61
ويلاپ	قويدىم	37
ويلاپ	كور	77
ويلاپ	ەدىم	71
ويلاپ	جۇرمىن	35
ويلاپ	جاتىپ	27
ويلاپ	تۇرمىن	68
ويلاپ	قالعان	42
ويلاپ	كەتتىڭ	65
ويلاپ	قالدىڭ	61
ويلاپ	قالدىڭبا	65
ويلاپ	جاتقان	72
ويلاپ	قويىپ	69
ويلاپ	ويلاپ	75
ويلاپ	كۇر	62
ويلاپ	جۇرەگىم	76
ويلاپ	جۇرگەن	79
ويلاپ	جۇرسىڭ	50
ويلاپ	ساعىنىپ	53
ويلاپ	تۇرعان	57
ويلاپ	باسىم	59
ويلاپ	قالادى	74
ويلاپ	جىندى	54
ويلاپ	وتىرسىڭ	74
ويلاپ	وتىرعان	55
ويلاپ	قالىپپىن	63
ويلاپ	قايتەسىڭ	72
ويلاپ	ۇيقىم	76
ويلاپ	كەتەم	58
ويلاپ	ۇيقتاي	57
ويلاپ	تۇرسىڭ	70
ويلاپ	قويساڭ	64
ويلاپ	قالما	80
ويلاپ	قالام	44
ويلاپ	قالاما	61
ويلاپ	كورشى	73
ويلاپ	قويعام	58
ويلاپ	قويام	73
ويلاپ	وتىرسىڭبا	36
ويلاپ	قالماسىن	78
ويلاپ	جۇرسىڭبە	72
ويلاپ	كۇرشى	78
ويلاپ	جۇردىم	66
ويلاپ	كەتەمىن	75
ويلاپ	جۇرسەم	75
ويلاپ	جۇرەم	79
ويلاپ	جۇرگەم	76
ويلاپ	وتىرعام	62
ويلاپ	قالامىن	66
ويلاپ	كەتپە	74
ويلاپ	تۇرعام	79
ويلاپ	كورسەم	71
ويلاپ	كورمەدىم	54
ويلاپ	قويامىن	70
ويلاپ	قالپپىن	63
ويلاپ	جۇرەمىن	77
ويلاپ	كوردىڭبە	74
ويلاپ	كۇرمەدىم	76
ويلاپ	كۇرسەم	73
بىرەۋ	عوي	65
بىرەۋ	مەن	53
بىرەۋ	دەپ	54
بىرەۋ	جوق	69
بىرەۋ	جاقسى	68
بىرەۋ	ەكەن	74
بىرەۋ	بىر	51
بىرەۋ	بار	70
بىرەۋ	بولىپ	21
بىرەۋ	الىپ	79
بىرەۋ	كەلىپ	20
بىرەۋ	بولسا	44
بىرەۋ	ماعان	31
بىرەۋ	ەكى	72
بىرەۋ	مەنى	76
بىرەۋ	سەنى	76
بىرەۋ	ساعان	71
بىرەۋ	تەلەفون	72
بىرەۋ	ايتىپ	68
بىرەۋ	كەتتى	74
بىرەۋ	قالدى	57
بىرەۋ	اقشا	71
بىرەۋ	ەمەس	75
بىرەۋ	بارما	68
بىرەۋ	بەرىپ	44
بىرەۋ	جولداپ	78
بىرەۋ	كەرەك	60
بىرەۋ	ايتتى	69
بىرەۋ	كەلدى	76
بىرەۋ	شىعىپ	69
بىرەۋ	كورىپ	79
بىرەۋ	تاۋىپ	57
بىرەۋ	الايىن	19
بىرەۋ	سالىپ	22
بىرەۋ	عانا	65
بىرەۋ	قوسىپ	48
بىرەۋ	سۇراپ	49
بىرەۋ	كەپ	52
بىرەۋ	قويىپ	77
بىرەۋ	ۇشىن	69
بىرەۋ	كۇرىپ	56
بىرەۋ	بولماسا	57
بىرەۋ	العان	71
بىرەۋ	بولسادا	75
بىرەۋ	دەن	70
بىرەۋ	بىردەمە	70
بىرەۋ	شىعارىپ	57
بىرەۋ	كىرىپ	78
بىرەۋ	كەلسە	78
بىرەۋ	الام	76
بىرەۋ	ەرتىپ	64
بىرەۋ	اكەپ	66
بىرەۋ	الامىن	68
بىرەۋ	ۇستاپ	69
بىرەۋ	السا	76
بىرەۋ	الساڭ	73
بىرەۋ	ايداپ	78
بىرەۋ	شاقىرىپ	79
بىرەۋ	بىردەڭە	58
بىرەۋ	السام	69
بىرەۋ	تاپ	68
بىرەۋ	كورسە	74
بىرەۋ	الساڭىز	75
بىرەۋ	مىرەۋ	56
ءبىر	جاقسى	50
ءبىر	ادام	70
ءبىر	بارىپ	20
ءبىر	ەكى	78
ءبىر	ۇيدە	36
ءبىر	اي	79
ءبىر	كۇن	47
ءبىر	دوسىم	20
ءبىر	اق	73
ءبىر	كۇنى	72
ءبىر	از	26
ءبىر	يۋان	76
ءبىر	جول	78
ءبىر	جولدا	65
ءبىر	جۇمىس	53
ءبىر	كەزدە	68
ءبىر	كورىپ	63
ءبىر	بالا	74
ءبىر	ۋاق	71
ءبىر	ۋاقىت	69
ءبىر	كۇندە	74
ءبىر	جەردە	67
ءبىر	ماشينا	70
ءبىر	قىز	76
ءبىر	ساعات	66
ءبىر	ءبىر	53
ءبىر	جەرگە	70
ءبىر	نارسە	53
ءبىر	كىسى	63
ءبىر	جاققا	65
ءبىر	نەشە	67
ءبىر	تۇرلى	70
ءبىر	جارىم	30
ءبىر	جىل	63
ءبىر	جەردەن	56
ءبىر	جىگىت	77
ءبىر	باقىت	70
ءبىر	ايەل	77
ءبىر	تال	74
ءبىر	ايدا	51
ءبىر	رەت	67
ءبىر	ورىن	45
ءبىر	تالاي	72
ءبىر	ادامعا	69
ءبىر	اۋىز	75
ءبىر	ءان	45
ءبىر	توپ	73
ءبىر	كۇندىك	61
ءبىر	اپتا	73
ءبىر	جاعى	52
ءبىر	ءومىر	55
ءبىر	تيىن	70
ءبىر	جاعىنان	77
ءبىر	شىنى	62
ءبىر	جىلدا	70
ءبىر	ايعا	78
ءبىر	ساعاتتان	75
ءبىر	اپتادا	75
ءبىر	تالى	68
ءبىر	جونى	75
ءبىر	جىلعا	79
ءبىر	جۇرىس	80
ءبىر	جاشىك	71
ءبىر	تالدان	79
ءبىر	شاۋگىم	77
ءبىر	ءتۇرلى	72
ءبىر	ءجونى	57
كەتكەن	عوي	70
كەتكەن	جانىم	27
كەتكەن	مەن	79
كەتكەن	دەپ	62
كەتكەن	جوق	52
كەتكەن	جاقسى	22
كەتكەن	بولدى	78
كەتكەن	ەكەن	48
كەتكەن	بىر	20
كەتكەن	سول	60
كەتكەن	ەندى	57
كەتكەن	قوي	67
كەتكەن	الى	74
كەتكەن	ەرتەڭ	64
كەتكەن	ادام	77
كەتكەن	بولسا	44
كەتكەن	بۇگىن	61
كەتكەن	سودان	69
كەتكەن	ەكى	60
كەتكەن	ول	77
كەتكەن	دەيدى	73
كەتكەن	كۇنى	55
كەتكەن	تاڭەرتەڭ	56
كەتكەن	ەدى	73
كەتكەن	كەشە	66
كەتكەن	سوڭ	75
كەتكەن	شىعار	17
كەتكەن	كەزدە	19
كەتكەن	سونى	61
كەتكەن	ەدىم	80
كەتكەن	ەكەنسىڭ	72
كەتكەن	ەشتەڭە	46
كەتكەن	سياقتى	72
كەتكەن	بولاتىن	44
كەتكەن	بولساڭ	76
كەتكەن	قۇساپ	79
كەتكەن	بولدىڭ	74
كەتكەن	شعار	63
كەتكەن	ەشتەمە	55
كەتكەن	شىعارسىڭ	74
كەتكەن	جوقپا	56
كەتكەن	ۇقسايدى	40
كەتكەن	جوقسىڭ	45
كەتكەن	سىياقتى	78
كەتكەن	شعارسىڭ	76
كەتكەن	وقشايدى	72
كەتكەن	جەرىم	58
كەتكەن	جوقبا	63
كەتكەن	وقسايدى	67
كەتكەن	جوقسىڭبا	65
ۇشى	كۇنى	50
ۇشىن	عوي	11
ۇشىن	جان	52
ۇشىن	جانىم	74
ۇشىن	مەن	53
ۇشىن	دەپ	40
ۇشىن	جاقسى	43
ۇشىن	بىر	53
ۇشىن	سول	38
ۇشىن	نە	78
ۇشىن	سەن	56
ۇشىن	ەندى	50
ۇشىن	الىپ	70
ۇشىن	بولسا	71
ۇشىن	مەندە	72
ۇشىن	ماعان	74
ۇشىن	بارى	61
ۇشىن	ەكى	70
ۇشىن	مەنى	72
ۇشىن	مەنىڭ	50
ۇشىن	ول	73
ۇشىن	سەنى	79
ۇشىن	ساعان	62
ۇشىن	وسى	62
ۇشىن	ايتىپ	64
ۇشىن	امان	68
ۇشىن	اقشا	59
ۇشىن	ەمەس	65
ۇشىن	كوپ	44
ۇشىن	سەنىڭ	70
ۇشىن	از	77
ۇشىن	ىستەپ	74
ۇشىن	جۇرمىن	70
ۇشىن	عانا	68
ۇشىن	ۋاقىت	39
ۇشىن	ەشتەڭە	79
ۇشىن	ۇلكەن	76
ۇشىن	قازىر	80
ۇشىن	جۇرگەن	76
ۇشىن	بولسادا	69
ۇشىن	جاساپ	35
ۇشىن	بارىن	72
ۇشىن	ماڭگى	44
ۇشىن	ەڭ	79
ۇشىن	قانا	62
ۇشىن	جاپا	77
ۇشىن	ومىر	79
ۇشىن	ۇمىر	73
ۇشىن	بارىنە	72
ۇشىن	كەشىرىم	52
بارايىن	جانىم	76
بارايىن	مەن	37
بارايىن	دەپ	74
بارايىن	بىر	10
بارايىن	سەن	72
بارايىن	وندا	66
بارايىن	ەرتەڭ	27
بارايىن	بۇگىن	73
بارايىن	سودان	77
بارايىن	ساعان	76
بارايىن	دەيدى	63
بارايىن	دەگەن	66
بارايىن	بولاما	68
بارايىن	دەسەم	38
بارايىن	شى	16
بارايىن	دەدىم	73
بارايىن	دەگەم	59
بارايىن	دەكەم	18
ءىش	دەپ	65
ءىشىپ	ەندى	18
ءىشىپ	بولىپ	48
ءىشىپ	جاتىر	29
ءىشىپ	ال	55
ءىشىپ	الىپ	24
ءىشىپ	كەلىپ	14
ءىشىپ	جاتىرمىن	66
ءىشىپ	وتىر	60
ءىشىپ	وتىرمى	40
ءىشىپ	وتىرمىن	65
ءىشىپ	كەتتى	13
ءىشىپ	ازىر	78
ءىشىپ	جۇر	71
ءىشىپ	الدىم	65
ءىشىپ	بوپ	42
ءىشىپ	كەلدىم	78
ءىشىپ	جاڭا	72
ءىشىپ	الايىن	61
ءىشىپ	بولعان	31
ءىشىپ	الدىڭبا	77
ءىشىپ	بولدىم	19
ءىشىپ	جاڭە	54
ءىشىپ	جاتىرمىز	51
ءىشىپ	العان	57
ءىشىپ	اڭگىمە	68
ءىشىپ	وتىرمىز	77
ءىشىپ	وتىرسىڭ	12
ءىشىپ	وتىرىپ	69
ءىشىپ	وتىرعان	67
ءىشىپ	بولدىق	70
ءىشىپ	بولدىڭبا	52
ءىشىپ	الدىق	50
ءىشىپ	الايىق	64
ءىشىپ	كەلەيىك	66
ءىشىپ	وتىرسىڭبا	69
ءىشىپ	الىڭىز	52
ءىشىپ	الىڭدار	78
ءىشىپ	الدىڭدارما	66
ءىشىپ	وتىرعاندا	62
ءىشىپ	بولدىڭدارما	77
ەبىلاي	دەڭىز	76
ەبىلايدە	جانىم	8
ەبىلايدە	مەن	11
ەبىلايدە	جاقسى	43
ەبىلايدە	بولدى	29
ەبىلايدە	سول	56
ەبىلايدە	نە	41
ەبىلايدە	نەعىپ	72
ەبىلايدە	سەن	70
ەبىلايدە	ەندى	69
ەبىلايدە	راحىمەت	71
ەبىلايدە	ماقۇل	73
ەبىلايدە	وندا	61
ەبىلايدە	ەرتەڭ	33
ەبىلايدە	بۇگىن	76
ەبىلايدە	مەندە	76
ەبىلايدە	بولادى	48
ەبىلايدە	ول	76
ەبىلايدە	جارايدى	68
ەبىلايدە	دوسىم	16
ەبىلايدە	كىم	41
ەبىلايدە	ونى	79
ەبىلايدە	ۇزىڭ	73
ەبىلايدە	قاشان	79
ەبىلايدە	دۇرىس	73
ەبىلايدە	اس	67
ەبىلايدە	باسە	65
ەبىلايدە	دەڭىز	57
ەبىلايدە	ىڭىز	56
اش	دەپ	67
اش	جاساپ	25
اش	قارىن	41
اش	قارىندا	35
اش	قۇرساق	35
اشىپ	بىر	19
اشىپ	جاتىر	65
اشىپ	قوي	18
اشىپ	ال	32
اشىپ	الىپ	52
اشىپ	تۇر	51
اشىپ	جاتىرمىن	25
اشىپ	تاماق	56
اشىپ	وتىر	75
اشىپ	وتىرمىن	50
اشىپ	كەتتى	42
اشىپ	قالدى	14
اشىپ	قويشى	67
اشىپ	كەتى	57
اشىپ	كەتىپ	69
اشىپ	بەر	73
اشىپ	بەرىپ	60
اشىپ	جۇر	71
اشىپ	الدىم	68
اشىپ	اۋىرىپ	60
اشىپ	بەرە	64
اشىپ	بەرەيىن	78
اشىپ	قويدىم	55
اشىپ	كور	38
اشىپ	كورىپ	73
اشىپ	تۇرىپ	54
اشىپ	الايىن	72
اشىپ	الدىڭبا	49
اشىپ	جاتقان	60
اشىپ	قويىپ	69
اشىپ	كەتكەن	50
اشىپ	كۇرىپ	48
اشىپ	جۇرگەن	69
اشىپ	العان	79
اشىپ	كەتەدى	77
اشىپ	بەرەم	52
اشىپ	ارەڭ	73
اشىپ	بەرشى	78
اشىپ	تۇرعان	55
اشىپ	قويايىن	69
اشىپ	تاستاپ	52
اشىپ	بەرەتىن	76
اشىپ	بەرەمىن	78
اشىپ	وتىرعان	78
اشىپ	الساڭ	76
اشىپ	كەتىپتى	74
اشىپ	جاتىرسىڭبا	65
اشىپ	قويساڭ	71
اشىپ	كەتپتى	70
اشىپ	كورشى	77
اشىپ	جاتىرما	76
اشىپ	قالماسىن	73
اشىپ	قالسام	56
اشىپ	تۇرعاندا	66
اشىپ	جۇمعانشا	76
تۋىلعان	كۇن	75
تۋىلعان	كۇنى	26
تۋىلعان	كۇندە	7
تۋىلعان	كۇنىڭ	71
تۋىلعان	كۇندەرى	8
تۋىلعان	كۇندەرىڭ	69
تۋىلعان	كۇندى	55
تۋىلعان	كۇنىم	66
تۋىلعان	كۇننە	40
تۋىلعان	كۇنگە	62
تۋىلعان	كۇندەرىڭىز	53
تۋىلعان	كۇنىڭىز	75
تۋىلعان	كۇنىڭمەن	16
تۋىلعان	كۇننىڭ	17
تۋىلعان	كۇنىن	77
تۋىلعان	كۇنىنە	34
تۋىلعان	كۇنىڭدى	58
تۋىلعان	كۇنىمە	55
تۋىلعان	كۇنىمدى	72
تۋىلعان	كۇنىندە	62
تۋىلعان	كۇنىڭە	73
تۋىلعان	كۇنىڭدە	67
تۋىلعان	كۇنىمدە	68
تۋىلعان	كۇنىمەن	69
تۋىلعان	كۇنىڭىزبەن	78
تۋىلعان	كۇنڭىز	64
شارشاپ	كەلىپ	81
شارشاپ	ەرتە	65
شارشاپ	تۇر	75
شارشاپ	جاتىرمىن	77
شارشاپ	وتىرمىن	33
شارشاپ	كەتتى	29
شارشاپ	جۇر	59
شارشاپ	ۇيقتاپ	45
شارشاپ	كەتتىم	47
شارشاپ	قالدىم	12
شارشاپ	جۇرمىن	40
شارشاپ	جاتىپ	24
شارشاپ	تۇرمىن	68
شارشاپ	قالعان	16
شارشاپ	كەتتىڭ	44
شارشاپ	قالدىڭ	57
شارشاپ	قالدىڭبا	60
شارشاپ	كەتكەن	59
شارشاپ	جۇرگەن	64
شارشاپ	كەتەدى	55
شارشاپ	جۇرىپ	66
شارشاپ	جۇرسىڭ	75
شارشاپ	ارەڭ	25
شارشاپ	تۇرعان	56
شارشاپ	باسىم	77
شارشاپ	قالادى	77
شارشاپ	ۇيىقتاپ	69
شارشاپ	كەلگەندە	61
شارشاپ	قالىپپىن	68
شارشاپ	ۇيقىم	19
شارشاپ	كەتەم	66
شارشاپ	قالما	67
شارشاپ	كەتەسىڭ	20
شارشاپ	كەتىم	72
شارشاپ	قالاسىڭ	48
شارشاپ	تۇرساڭ	57
شارشاپ	جۇرگەندە	72
شارشاپ	كەتتىك	39
شارشاپ	جۇرسىڭبە	66
شارشاپ	تۇرعاندا	76
شارشاپ	تۇرسىڭبا	62
شارشاپ	قالپپىن	73
شارشاپ	تۇرىم	53
شارشاپ	كەتتم	78
شارشاپ	قالپىن	79
شارشاپ	قالىپىن	68
شارشاپ	قاپتىم	76
شارشاپ	قالماڭىز	73
شارشاپ	قالىپتىم	78
شارشاپ	ءجۇر	75
شارشاپ	قالپتىم	77
شارشاپ	شالدىعىپ	79
شىن	عوي	78
شىن	جانىم	19
شىن	دەپ	41
شىن	بولسىن	70
شىن	جاقسى	16
شىن	بولدى	27
شىن	ەكەن	78
شىن	قوي	46
شىن	بولسا	66
شىن	ايت	24
شىن	ايتىپ	51
شىن	اتى	34
شىن	شىعار	78
شىن	كورىپ	75
شىن	ەي	52
شىن	ايتام	69
شىن	شىن	14
شىن	كۇرىپ	56
شىن	جۇرەگىم	57
شىن	ايتشى	70
شىن	ايىت	40
شىن	سۇيەم	72
شىن	جۇرەك	66
شىن	سۇيىپ	60
شىن	ايتسام	67
شىن	ايتامىن	69
شىن	سۇيەمىن	58
شىن	عاشىق	76
شىن	بەي	75
شىن	سۇيگەن	44
شىن	جۇرەكتەن	56
شىن	سۇيسەڭ	20
شىن	ايتاسىڭبا	53
شىن	جۇرەگىمنەن	73
شىن	جۇرەگىممەن	55
شىن	جۇرەگىمەن	51
شىن	جۇرەكپەن	58
شىن	جۇرەگىڭمەن	76
شىن	كوڭىلمەن	64
بولىپتى	عوي	78
بولىپتى	جانىم	8
بولىپتى	مەن	19
بولىپتى	دەپ	67
بولىپتى	جاقسى	61
بولىپتى	ەكەن	60
بولىپتى	سول	39
بولىپتى	ەندى	75
بولىپتى	قوي	67
بولىپتى	وندا	64
بولىپتى	مەندە	34
بولىپتى	بارىپ	73
بولىپتى	دەيدى	73
بولىپتى	امان	72
بولىپتى	قۇتتى	50
بولىپتى	سوعان	53
بولما	جانىم	67
بولما	دەپ	17
بولماي	جاتىر	27
بولماي	تۇر	19
بولماي	جاتىرمىن	9
بولماي	وتىرمىن	53
بولماي	كەتتى	67
بولماي	قالدى	50
بولماي	اق	16
بولماي	جۇر	56
بولماي	كەتتىم	28
بولماي	قالدىم	66
بولماي	قويدى	50
بولماي	جۇرمىن	63
بولماي	بارا	53
بولماي	جاتىپ	63
بولماي	تۇرمىن	64
بولماي	قالعان	36
بولماي	جۇرگەن	45
بولماي	تۇرعان	68
بولماي	قالادى	67
بولماي	قالىپتى	36
بولماي	قالپتى	53
بولماي	قالسا	57
بولماي	قالدىما	53
بولماي	قالاتىن	68
بولماي	كەتەيىن	72
بولماي	تۇرما	62
بولماي	قالاما	56
بولماي	جاتسا	55
بولماي	قاپتى	67
بولماي	تۇرعوي	69
بولماي	تۇرعانى	49
بولمايدى	عوي	72
بولمايدى	جانىم	11
بولمايدى	مەن	27
بولمايدى	دەپ	62
بولمايدى	ەكەن	26
بولمايدى	سەن	12
بولمايدى	ەندى	76
بولمايدى	قوي	75
بولمايدى	ول	60
بولمايدى	دەيدى	73
بولمايدى	دەگەن	35
بولمايدى	ەكەنسىڭ	55
بولمايدى	ەمەسپە	78
بولمايدى	بولمايدى	67
بولمايدى	دەدىم	43
بولمايدى	دەسەڭ	67
كۇر	جانىم	61
كۇر	مەن	13
كۇر	دەپ	43
كۇر	ەندى	46
كۇر	وندا	48
كۇر	ەرتەڭ	43
كۇر	مەندە	58
كۇر	تۇن	56
كۇر	تۇسىڭدە	36
كۇرىپ	جاقسى	21
كۇرىپ	بىر	76
كۇرىپ	بولىپ	67
كۇرىپ	جاتىر	78
كۇرىپ	جاتىرسىڭ	46
كۇرىپ	ال	68
كۇرىپ	الىپ	57
كۇرىپ	تۇر	46
كۇرىپ	جاتىرمىن	49
كۇرىپ	وتىر	17
كۇرىپ	وتىرمىن	42
كۇرىپ	جۇر	21
كۇرىپ	كەتتىم	58
كۇرىپ	قالدىم	59
كۇرىپ	كەلدىم	29
كۇرىپ	قويدى	73
كۇرىپ	قويدىم	72
كۇرىپ	تۇرىپ	62
كۇرىپ	ەدىم	54
كۇرىپ	جۇرمىن	69
كۇرىپ	الايىن	50
كۇرىپ	جاتىپ	59
كۇرىپ	تۇرمىن	63
كۇرىپ	قالعان	69
كۇرىپ	قالدىڭ	61
كۇرىپ	قالدىڭبا	60
كۇرىپ	جاتقان	65
كۇرىپ	قويىپ	65
كۇرىپ	جاتىرمىز	52
كۇرىپ	جۇرگەن	79
كۇرىپ	جۇرسىڭ	55
كۇرىپ	قاتە	48
كۇرىپ	تۇرعان	74
كۇرىپ	وتىرسىڭ	75
كۇرىپ	وتىرىپ	47
كۇرىپ	قالىپ	61
كۇرىپ	باق	64
كۇرىپ	وتىرعان	73
كۇرىپ	قالسا	64
كۇرىپ	تۇرسىڭ	58
كۇرىپ	جاتىرسىڭبا	65
كۇرىپ	قويسا	77
كۇرىپ	كەلەيىن	59
كۇرىپ	قالاما	72
كۇرىپ	قويادى	73
كۇرىپ	وتىرسىڭبا	57
كۇرىپ	قالماسىن	69
كۇرىپ	جۇرمىز	59
كۇرىپ	قالسام	74
كۇرىپ	شوشىپ	72
كۇرىپ	كۇز	78
كۇرىپ	جاتايىن	74
كۇرىپ	قايتايىن	72
كۇرىپ	قۋانىپ	74
كۇرىپ	جۇرسەم	78
كۇرىپ	جۇرەم	79
كۇرىپ	تۇرسىڭبا	77
كۇرىپ	جۇرەيىن	78
كۇرىپ	قوياما	75
كۇرىپ	قويماسىن	64
بولماس	ەدى	49
بولماسا	مەن	13
بولماسا	جاقسى	31
بولماسا	بولدى	72
بولماسا	ەكەن	32
بولماسا	بىر	76
بولماسا	سول	30
بولماسا	نە	54
بولماسا	سەن	61
بولماسا	ەندى	46
بولماسا	الىپ	70
بولماسا	ەرتەڭ	78
بولماسا	بۇگىن	36
بولماسا	مەندە	68
بولماسا	ماعان	60
بولماسا	بارى	56
بولماسا	بارىپ	57
بولماسا	ەكى	62
بولماسا	مەنى	62
بولماسا	مەنىڭ	64
بولماسا	نەگە	70
بولماسا	ول	67
بولماسا	سەنى	75
بولماسا	ساعان	71
بولماسا	وسى	67
بولماسا	تاماق	61
بولماسا	ۇيگە	78
بولماسا	تەلەفون	66
بولماسا	اقشا	64
بولماسا	تاعى	78
بولماسا	تاڭەرتەڭ	53
بولماسا	بىراز	60
بولماسا	باسقا	74
بولماسا	كەشتە	48
بولماسا	ازىر	62
بولماسا	قايتا	70
بولماسا	انا	76
بولماسا	يۋان	71
بولماسا	قايتىپ	79
بولماسا	قيىن	55
بولماسا	بۇل	67
بولماسا	قازىر	78
بولماسا	بەس	74
بولماسا	بولمايدى	76
بولماسا	تۇستەن	37
بولماسا	امال	73
بولماسا	بەكەر	71
بولماسا	بىردە	51
بولماسا	وزىم	78
جاتىرمىز	عوي	79
جاتىرمىز	جانىم	21
جاتىرمىز	مەن	38
جاتىرمىز	دەپ	69
جاتىرمىز	جاقسى	55
جاتىرمىز	بىر	70
جاتىرمىز	سول	75
جاتىرمىز	ەندى	37
جاتىرمىز	راحىمەت	74
جاتىرمىز	ەرتەڭ	62
جاتىرمىز	بۇگىن	71
جاتىرمىز	سودان	70
جاتىرمىز	دەيدى	72
جاتىرمىز	ۇيدە	56
جاتىرمىز	امان	35
جاتىرمىز	امانشىلىق	74
جاتىرمىز	ۇزىڭ	71
جاتىرمىز	وزىڭ	33
جاتىرمىز	مال	68
جاتىرمىز	دەنساۋلىق	77
جاتىرمىز	باياعى	75
جاتىرمىز	ۇزدەرىڭ	77
جاتىرمىز	وزدەرىڭ	19
جاتىرمىز	ۇزدەرىڭىز	67
اسسالاۋ	ماعالايكۇم	68
اسسالاۋ	ماعالايكىم	1
اسسالاۋماعاليكۇم	مەن	30
اسسالاۋماعاليكۇم	جاقسى	75
اسسالاۋماعاليكۇم	نەعىپ	66
اسسالاۋماعاليكۇم	راحىمەت	71
اسسالاۋماعاليكۇم	قايىرلى	71
اسسالاۋماعاليكۇم	وسى	45
اسسالاۋماعاليكۇم	ايت	62
اسسالاۋماعاليكۇم	بىرگە	67
اسسالاۋماعاليكۇم	دوسىم	77
اسسالاۋماعاليكۇم	امان	27
اسسالاۋماعاليكۇم	امانشىلىق	45
اسسالاۋماعاليكۇم	اعا	50
اسسالاۋماعاليكۇم	اسسالاۋماعاليكۇم	11
اسسالاۋماعاليكۇم	ورازا	68
اسسالاۋماعاليكۇم	امانسىزبا	69
اسسالاۋماعاليكۇم	قايرلى	42
اسسالاۋماعاليكۇم	بارلىق	75
اسسالاۋماعاليكۇم	دوستار	45
اسسالاۋماعاليكۇم	قۇدا	78
اسسالاۋماعاليكۇم	بارلىقتارىڭىزعا	62
اسسالاۋماعاليكۇم	ايتىڭىز	71
اسسالاۋماعاليكۇم	جىگىتتەر	71
اسسالاۋماعاليكۇم	ساباقتاستار	28
اسسالاۋماعاليكۇم	امانسىزدار	69
اسسالاۋماعاليكۇم	امانسىزدارما	76
اسسالاۋماعاليكۇم	ناعاشى	66
اسسالاۋماعاليكۇم	جالپى	62
اسسالاۋماعاليكۇم	تۋستار	57
اسسالاۋماعاليكۇم	تۋىستار	43
اسسالاۋماعاليكۇم	قالىڭىز	67
اسسالاۋماعاليكۇم	جەزدە	58
اسسالاۋماعاليكۇم	اۋىلداستار	68
اسسالاۋماعاليكۇم	جگتتەر	63
اسسالاۋماعاليكۇم	جالپىڭىزعا	78
اسسالاۋماعاليكۇم	قالدارىڭىز	68
اسسالاۋماعاليكۇم	اعالار	77
اسسالاۋماعاليكۇم	تويشىل	60
ايتىڭ	عوي	68
ايتىڭ	جانىم	16
ايتىڭ	مەن	44
ايتىڭ	دەپ	72
ايتىڭ	سول	78
ايتىڭ	قوي	77
ايتىڭ	قابىل	59
ايتىڭ	بىرگە	3
ايتىڭ	دوسىم	27
ايتىڭ	ونى	75
ايتىڭ	قۇتتى	45
ايتىڭ	قابل	55
ايتىڭ	نارسەسىن	73
ايتىڭ	دايىندىعى	75
ايتىڭ	نانىن	57
ايتىڭ	دايىندىعىن	74
ايتىڭ	قاربالاسى	58
جۇرە	عوي	67
جۇرە	بەر	37
جۇرە	بەرىپ	12
جۇرە	الماي	57
جۇرە	بەرەيىن	18
جۇرە	جۇرە	33
جۇرە	بەرەم	39
جۇرە	بەرشى	26
جۇرە	بەرەدى	56
جۇرە	بەرسىن	21
جۇرە	بەرەتىن	19
جۇرە	بەرەمىن	33
جۇرە	المايمىن	41
جۇرە	بەرسە	42
جۇرە	بەرسەڭ	44
جۇرە	المايسىڭ	27
جۇرە	بەرمەي	62
جۇرە	المايدى	46
جۇرە	بەرەسىڭ	42
جۇرە	بەرسەم	43
جۇرە	المايتىن	48
جۇرە	بەرەمىز	53
جۇرە	بەرىڭىز	45
جۇرە	بەرىڭىزدەر	29
جۇرە	كورەيىك	59
جۇرە	الماساڭ	59
جۇرە	بەرەيىك	65
جۇرە	بەرىڭدەر	26
جۇرە	كۇرەيىك	42
جۇرە	كورەمىز	64
جۇرە	بەرسەك	63
جۇرە	كۇرەمىز	50
جۇرەگى	ۇستاپ	64
جۇرەگى	تازا	21
جۇرەگىم	جانىم	11
جۇرەگىم	مەن	66
جۇرەگىم	جاقسى	69
جۇرەگىم	بىر	69
جۇرەگىم	سول	45
جۇرەگىم	نەعىپ	11
جۇرەگىم	سەن	73
جۇرەگىم	مەنىڭ	59
جۇرەگىم	سەنى	15
جۇرەگىم	ساعان	55
جۇرەگىم	اي	72
جۇرەگىم	اق	77
جۇرەگىم	اۋىرىپ	77
جۇرەگىم	قاتتى	17
جۇرەگىم	سالىپ	35
جۇرەگىم	جۇرەگىم	74
جۇرەگىم	تاتتىم	22
جۇرەگىم	ماڭگى	62
جۇرەگىم	تاس	62
جۇرەگىم	ۇستاپ	77
جۇرەگىم	سىڭ	77
جۇرەگىم	سوعىپ	76
جۇرەگىم	اۋرىپ	59
جۇرەگىم	تۇرساڭ	57
جۇرەگىم	اۇىرىپ	50
جۇرەگىم	ادال	65
جۇرەگىم	قاعىپ	78
جۇرەگىم	بىرتۇرلى	47
جۇرەگىم	قىسىپ	72
جۇرەگىم	اۋىرادى	58
جۇرەگىم	اۋىردى	49
جۇرەگىم	سىزداپ	67
جۇرەگىم	اۋرادى	64
جۇرەگىم	سەزىپ	65
جۇرەگىم	اينىپ	73
جۇرەگىم	ەزىلىپ	44
جۇرگەن	عوي	56
جۇرگەن	مەن	51
جۇرگەن	دەپ	56
جۇرگەن	جوق	78
جۇرگەن	جاقسى	24
جۇرگەن	بولدى	34
جۇرگەن	ەكەن	56
جۇرگەن	بىر	69
جۇرگەن	سول	51
جۇرگەن	سەن	66
جۇرگەن	ادام	63
جۇرگەن	بولسا	19
جۇرگەن	مەندە	71
جۇرگەن	وسى	66
جۇرگەن	كىم	75
جۇرگەن	قانداي	63
جۇرگەن	ەدى	75
جۇرگەن	سوڭ	75
جۇرگەن	شىعار	35
جۇرگەن	كەز	20
جۇرگەن	كەزدە	72
جۇرگەن	بالا	60
جۇرگەن	ەدىم	66
جۇرگەن	ەكەنسىڭ	68
جۇرگەن	بولدىم	77
جۇرگەن	جەر	74
جۇرگەن	جەردە	66
جۇرگەن	قىز	72
جۇرگەن	بىرەۋ	73
جۇرگەن	قىزدار	57
جۇرگەن	سياقتى	73
جۇرگەن	بولساڭ	44
جۇرگەن	قۇساپ	62
جۇرگەن	بولدىڭ	74
جۇرگەن	جىگىت	46
جۇرگەن	كىسىلەر	72
جۇرگەن	شعار	63
جۇرگەن	ەشكىم	59
جۇرگەن	ادامدى	61
جۇرگەن	ادامعا	71
جۇرگەن	شىعارسىڭ	73
جۇرگەن	بولسام	42
جۇرگەن	جوقپا	69
جۇرگەن	جىگىتتەر	64
جۇرگەن	ۇقسايدى	75
جۇرگەن	ادامدار	60
جۇرگەن	جوقسىڭ	66
جۇرگەن	بولۋ	42
جۇرگەن	شعارسىڭ	78
جۇرگەن	وقشايدى	59
جۇرگەن	جەرىم	66
جۇرگەن	جوقپىن	78
جۇرگەن	ادامسىڭ	56
جۇرگەن	جوقسىڭبا	55
جۇرگەن	بولساڭىز	57
جۇرگەن	ادامىڭ	77
جۇرگەن	ۇقسايسىڭ	70
جۇرگەن	كەزىم	76
العان	عوي	68
العان	مەن	43
العان	دەپ	72
العان	جوق	62
العان	جاقسى	32
العان	بولدى	51
العان	ەكەن	64
العان	بىر	30
العان	سول	65
العان	ەندى	66
العان	ادام	78
العان	بولسا	35
العان	سودان	65
العان	ەكى	77
العان	دەيدى	66
العان	اقشا	76
العان	كۇنى	54
العان	ەدى	54
العان	سوڭ	72
العان	شىعار	17
العان	كەزدە	42
العان	بالا	54
العان	سونى	75
العان	ەدىم	67
العان	ەكەنسىڭ	53
العان	سوعان	46
العان	جەر	75
العان	قىزدار	78
العان	سياقتى	75
العان	نارسە	58
العان	بولساڭ	70
العان	بولدىڭ	53
العان	اقشانى	64
العان	كىسىلەر	49
العان	شعار	62
العان	ادامعا	61
العان	قارىز	72
العان	شىعارسىڭ	74
العان	بولسام	47
العان	جوقپا	64
العان	ۇقسايدى	67
العان	جوقسىڭ	63
العان	اقشام	64
العان	اقشاڭدى	77
العان	اقشامدى	73
العان	شعارسىڭ	78
العان	وقشايدى	63
العان	جوقپىن	77
العان	ادامسىڭ	75
العان	ىستەرىڭىز	77
العان	جوقسىڭبا	50
العان	ارقانداي	48
تۇستە	مەن	75
تۇستە	دەپ	53
تۇستە	بىر	71
تۇستە	نە	33
تۇستە	الىپ	32
تۇستە	كەل	69
تۇستە	كەلىپ	62
تۇستە	بارىپ	35
تۇستە	ەكى	41
تۇستە	تاماق	59
تۇستە	ۇيدە	19
تۇستە	ۇيگە	72
تۇستە	تەلەفون	29
تۇستە	بىرگە	70
تۇستە	كەيىن	67
تۇستە	بىراق	55
تۇستە	تاعى	63
تۇستە	بىراز	66
تۇستە	شاي	58
تۇستە	كەشتە	53
تۇستە	ۇيقتاپ	60
تۇستە	قايتىپ	53
تۇستە	اتىپ	67
تۇستە	بەرەيىن	61
تۇستە	بارام	72
تۇستە	ۋاقىت	60
تۇستە	اپارىپ	70
تۇستە	كەلەدى	70
تۇستە	ساعات	68
تۇستە	كەپ	64
تۇستە	بارايىن	71
تۇستە	بارامىن	62
تۇستە	دەم	59
تۇستە	ۇيىقتاپ	69
تۇستە	قوناق	72
تۇستە	قايتام	69
تۇستە	قابارلاسايىن	72
تۇستە	تاماققا	69
تۇستە	كەلەسىڭبە	67
تۇستە	تاماقتى	64
تۇستە	لاڭمان	65
تۇستەن	سالەم	58
تۇستەن	كەيىن	69
تۇستەن	بەرى	2
تۇستەن	بۇرىن	69
تۇستەن	باستاپ	19
تۇستەن	كەين	57
تۇستەن	كەيىنگى	37
تۇستەن	گەيىن	62
تۇستەن	كەيىنگە	54
تۇستەن	كەيىننەن	63
جەرگە	بىر	57
جەرگە	بار	60
جەرگە	الىپ	65
جەرگە	كەل	72
جەرگە	كەلىپ	57
جەرگە	ادام	35
جەرگە	بارىپ	71
جەرگە	نەگە	15
جەرگە	كەتتى	72
جەرگە	بىراق	67
جەرگە	كەتىپ	75
جەرگە	ىستەپ	45
جەرگە	كەلدى	61
جەرگە	كەلدىم	62
جەرگە	بارا	54
جەرگە	بارام	57
جەرگە	كەلە	46
جەرگە	سالىپ	75
جەرگە	جاتىپ	71
جەرگە	قاراپ	70
جەرگە	تۇسىپ	77
جەرگە	اپارىپ	67
جەرگە	توي	39
جەرگە	كەپ	69
جەرگە	قويىپ	68
جەرگە	كەتكەن	52
جەرگە	بارايىن	75
جەرگە	باراتىن	52
جەرگە	بارامىن	52
جەرگە	دەيىن	55
جەرگە	قويا	56
جەرگە	كىرىپ	63
جەرگە	بارامىز	54
جەرگە	بارعان	47
جەرگە	بارعاندا	68
جەرگە	ەرتىپ	57
جەرگە	كەلگەندە	70
جەرگە	بارادى	68
جەرگە	كەلدىڭ	55
جەرگە	بارسا	19
جەرگە	بارسام	77
جەرگە	بارايىق	63
جەرگە	كەلدىك	52
جەرگە	باراسىڭ	63
جەرگە	جاتا	64
جەرگە	كەلگەم	74
جەرگە	باراسىڭبا	76
جەرگە	بارپ	76
جەرگە	بارساڭ	73
جەرگە	باردى	64
جەرگە	باردىڭ	75
جەرگە	باردىم	40
جەرگە	بارعالى	77
جەرگە	بارساق	64
جەرگە	كەلدىڭدەر	72
جەرگە	بارىپتى	53
جەرگە	باردىڭدار	77
قىزدار	سالەم	62
قىزدار	مەن	63
قىزدار	جوق	41
قىزدار	جاقسى	65
قىزدار	بىر	64
قىزدار	نە	71
قىزدار	نەعىپ	67
قىزدار	بار	66
قىزدار	ەندى	45
قىزدار	راحىمەت	78
قىزدار	الىپ	73
قىزدار	كەلىپ	68
قىزدار	ەرتەڭ	58
قىزدار	بولسا	54
قىزدار	بۇگىن	43
قىزدار	قايىرلى	51
قىزدار	قايدا	49
قىزدار	وسى	69
قىزدار	ۇيگە	68
قىزدار	ايت	77
قىزدار	بىرگە	67
قىزدار	امان	74
قىزدار	بارما	57
قىزدار	جاقسىما	44
قىزدار	كوپ	77
قىزدار	مىنا	63
قىزدار	شاي	59
قىزدار	كەش	62
قىزدار	كەشتە	62
قىزدار	قابارلاسىڭىزدار	75
قىزدار	ورازا	60
قىزدار	قايرلى	73
قىزدار	ايتتارىڭ	76
قىزدار	تولىق	46
قىزدار	امانسىڭدار	76
قىزدار	امانسىڭدارما	56
قىزدار	جىگىتتەر	14
قىزدار	ايتارىڭ	23
قىزدار	شايدىڭ	59
قىزدار	جەكەلىككە	77
قىزدار	قالدارىڭ	69
قىزدار	جاقسىڭدار	51
قىزدار	جاقسىڭدارما	62
امال	جوق	77
امال	ەكەن	2
امال	نە	76
امال	بار	38
امال	بولسا	19
امال	بارما	47
امال	قانشا	57
امال	تاۋىپ	23
امال	بولماي	78
امال	قىل	60
امال	قىلىپ	71
امال	بولمادى	65
امال	قالمادى	77
امال	جوققوي	64
باعا	جوق	42
باعا	بەرىپ	39
باعا	الماي	39
باعا	يۋان	19
باعا	قوسىپ	33
باعا	المايدى	42
باعا	جەتپەس	38
باعانا	مەن	41
باعانا	جوق	38
باعانا	بىر	74
باعانا	سول	30
باعانا	نە	66
باعانا	نەعىپ	62
باعانا	بار	74
باعانا	سەن	77
باعانا	الىپ	45
باعانا	كەلىپ	68
باعانا	ەرتە	44
باعانا	مەندە	55
باعانا	ماعان	70
باعانا	بارىپ	45
باعانا	ەكى	51
باعانا	مەنى	72
باعانا	نەگە	72
باعانا	سەنى	49
باعانا	ساعان	65
باعانا	تاماق	49
باعانا	ۇيدە	60
باعانا	ۇيگە	76
باعانا	تەلەفون	61
باعانا	ايتىپ	41
باعانا	قاربالاس	53
باعانا	ىشىپ	59
باعانا	تاعى	71
باعانا	كەتىپ	65
باعانا	بىراز	59
باعانا	كەشتە	58
باعانا	انا	75
باعانا	ۇيقتاپ	68
باعانا	كەلدىم	60
باعانا	شىعىپ	65
باعانا	تۇرىپ	75
باعانا	ايتقان	76
باعانا	كەلە	61
باعانا	عانا	75
باعانا	بىرەۋ	53
باعانا	تۇستە	69
باعانا	سۇيتىپ	69
باعانا	كەلگەن	76
باعانا	ەرتەرەك	74
باعانا	ۇيىقتاپ	71
باعانا	ايتتىم	76
باعانا	ۇمىتىپ	44
باعانا	بارسام	76
باعانا	ايتساڭ	64
باعانا	ايتىم	63
باعانا	ايتقام	57
بولسادا	جانىم	67
بولسادا	مەن	73
بولسادا	دەپ	55
بولسادا	جوق	63
بولسادا	جاقسى	76
بولسادا	بولدى	46
بولسادا	بىر	65
بولسادا	سول	39
بولسادا	سەن	69
بولسادا	الىپ	70
بولسادا	ەرتەڭ	41
بولسادا	قابىل	70
بولسادا	ماعان	68
بولسادا	بارىپ	57
بولسادا	ەكى	63
بولسادا	مەنى	78
بولسادا	مەنىڭ	72
بولسادا	بولا	73
بولسادا	بولادى	56
بولسادا	سەنى	15
بولسادا	ساعان	68
بولسادا	وسى	62
بولسادا	ايتىپ	74
بولسادا	بىرگە	69
بولسادا	امان	74
بولسادا	اقشا	54
بولسادا	بەرىپ	62
بولسادا	سەنىڭ	61
بولسادا	ىستەپ	77
بولسادا	ايتەۋ	74
بولسادا	اتىپ	75
بولسادا	كوڭىل	55
بولسادا	بەرە	73
بولسادا	تاۋىپ	74
بولسادا	سۇراپ	53
بولسادا	بولمايدى	74
بولسادا	ايتايىن	75
بولسادا	مەيلى	72
بولسادا	كوڭىلىم	58
بولسادا	كومەك	67
بولسادا	كۇمەك	61
بولسادا	كوپتەي	63
بولسادا	كۇپتەي	50
كەتە	بەر	77
كەتە	الماي	13
كەتە	بەرەيىن	23
كەتە	سالىپ	17
كەتە	بەرەم	40
كەتە	بەرشى	26
كەتە	بەرەدى	51
كەتە	بەرسىن	21
كەتە	بەرەتىن	20
كەتە	بەرەمىن	26
كەتە	المايمىن	42
كەتە	بەرسە	48
كەتە	بەرسەڭ	49
كەتە	المايسىڭ	38
كەتە	بەردىم	55
كەتە	المايدى	54
كەتە	بەرەسىڭ	46
كەتە	بەرسەم	40
كەتە	بەرەمىز	52
كەتە	بەرەيىك	53
كەتە	بەرىڭدەر	46
كەتە	جازدادى	51
كەتە	جازدادىم	31
كەتە	جازداپ	43
كەتەدى	عوي	38
كەتەدى	جانىم	14
كەتەدى	مەن	39
كەتەدى	دەپ	63
كەتەدى	ەكەن	21
كەتەدى	بىر	12
كەتەدى	سول	66
كەتەدى	ەندى	62
كەتەدى	قوي	68
كەتەدى	سودان	67
كەتەدى	ول	69
كەتەدى	دەيدى	70
كەتەدى	دەگەن	39
كەتەدى	ەكەنسىڭ	64
كەتەدى	ەمەسپە	29
كەتەدى	دەشى	55
كەتەدى	ەكەم	73
كەتەدى	الاڭداما	47
كەتەدى	كەيدە	69
كەتەدى	ەكەسىڭ	70
كەتەدى	ەكەنمىن	75
بارات	دەپ	77
بارات	ەكەن	18
باراتىن	بولدى	16
باراتىن	بىر	30
باراتىن	بولىپ	44
باراتىن	ادام	29
باراتىن	بولسا	34
باراتىن	ەكى	71
باراتىن	كۇن	58
باراتىن	اقشا	70
باراتىن	كۇنى	73
باراتىن	جۇمىس	70
باراتىن	بوپ	69
باراتىن	شىعار	56
باراتىن	كەزدە	38
باراتىن	ەدىم	37
باراتىن	بولعان	25
باراتىن	ۋاقىت	64
باراتىن	بولدىم	53
باراتىن	جەر	19
باراتىن	ماشينا	40
باراتىن	جەرگە	47
باراتىن	قىزدار	58
باراتىن	سياقتى	71
باراتىن	بولساڭ	72
باراتىن	قۇساپ	64
باراتىن	بولدىڭ	67
باراتىن	كىسىلەر	61
باراتىن	شعار	31
باراتىن	كولىك	56
باراتىن	جولاۋشى	16
باراتىن	جولاۋشىلار	77
باراتىن	بولدىق	9
باراتىن	شىعارسىڭ	25
باراتىن	بولسام	61
باراتىن	بولدىڭبا	67
باراتىن	جەرى	46
باراتىن	بولدىما	71
باراتىن	كۇلىك	72
باراتىن	ەدىك	48
باراتىن	جەرىڭ	65
باراتىن	ماشىينا	65
باراتىن	شعارسىڭ	69
باراتىن	قاتىناس	74
باراتىن	جەرىم	67
باراتىن	كسلەر	63
باراتىن	بولساق	66
باراتىن	شىعارمىن	73
باراتىن	كىسلەر	69
باراتىن	بولعام	72
باراتىن	بولدىڭدارما	72
باراتىن	جەرىنە	66
باراتىن	جەرىڭە	73
باراتىن	شىعارمىز	54
باراتىن	بولعامىز	73
باراتىن	جولاۋشلار	70
اڭ	تاڭ	77
اڭگىمە	عوي	5
اڭگىمە	جوق	55
اڭگىمە	بولسىن	24
اڭگىمە	بولدى	68
اڭگىمە	ەكەن	73
اڭگىمە	بار	61
اڭگىمە	بولىپ	43
اڭگىمە	بولسا	67
اڭگىمە	ايت	61
اڭگىمە	ايتىپ	15
اڭگىمە	بارما	9
اڭگىمە	كوپ	70
اڭگىمە	شىعىپ	54
اڭگىمە	ايتقان	75
اڭگىمە	ايتا	67
اڭگىمە	كۇپ	35
اڭگىمە	ايتام	68
اڭگىمە	ايتشى	64
اڭگىمە	ايىت	18
اڭگىمە	ايتادى	64
اڭگىمە	ايتايىن	69
اڭگىمە	ايتپ	47
اڭگىمە	ايتپا	64
اڭگىمە	سوعىپ	72
اڭگىمە	ايتسا	63
اڭگىمە	ايتساڭ	76
اڭگىمە	ايتىڭىز	66
اڭگىمە	ايتسام	60
اڭگىمە	ايتامىن	66
اڭگىمە	ايتاتىن	73
اڭگىمە	نى	46
اڭگىمە	ايتايىق	63
اڭگىمە	سىن	18
اڭگىمە	ايتامىز	74
اڭگىمە	ايتقىم	44
اڭگىمە	ايتىڭدار	63
اڭگىمە	ايتساڭشى	69
اڭگىمە	ايتساق	72
اڭگىمە	لەسىپ	54
اڭگىمە	لەسەيىك	36
اڭگىمە	ايتايىقشى	55
بەرەم	عوي	71
بەرەم	جانىم	15
بەرەم	مەن	32
بەرەم	دەپ	64
بەرەم	بىر	14
بەرەم	سول	64
بەرەم	سەن	71
بەرەم	ەندى	66
بەرەم	قوي	74
بەرەم	ەرتەڭ	64
بەرەم	ساعان	71
بەرەم	دەيدى	58
بەرەم	دوسىم	20
بەرەم	دەگەن	70
بەرەم	بىراق	27
بەرەم	دەسە	72
بەرەم	دەسەم	69
بەرەم	ودان	75
بەرەم	دەدى	77
بەرەم	دەدىم	58
بەرەم	دەگەم	54
بەرەم	دەسەڭ	72
بەرەم	الاڭداما	58
بەرەم	دەكەن	63
بەرەم	دەدىڭ	74
بەرەم	دەپتى	74
سياقتى	عوي	72
سياقتى	جانىم	17
سياقتى	مەن	67
سياقتى	دەپ	73
سياقتى	جاقسى	59
سياقتى	بولدى	65
سياقتى	ەكەن	73
سياقتى	بىر	37
سياقتى	بولىپ	52
سياقتى	ادام	26
سياقتى	بولسا	62
سياقتى	بولادى	64
سياقتى	دەيدى	75
سياقتى	ەمەس	72
سياقتى	مىن	48
سياقتى	ەدى	72
سياقتى	بوپ	29
سياقتى	ەدىم	65
سياقتى	ەكەنسىڭ	48
سياقتى	بىرەۋ	77
سياقتى	بولاتىن	68
سياقتى	نارسە	67
سياقتى	ەدىڭ	66
سياقتى	سەزىلەدى	47
جۋ	دەپ	74
جۋىپ	ەندى	18
جۋىپ	بولىپ	34
جۋىپ	جاتىر	49
جۋىپ	قوي	49
جۋىپ	ال	58
جۋىپ	الىپ	46
جۋىپ	جاتىرمىن	40
جۋىپ	تاماق	17
جۋىپ	ۇي	69
جۋىپ	وتىرمىن	53
جۋىپ	قاربالاس	71
جۋىپ	بەر	60
جۋىپ	بەرىپ	73
جۋىپ	ازىر	76
جۋىپ	جۇر	51
جۋىپ	قايتا	69
جۋىپ	الدىم	73
جۋىپ	كەتتىم	57
جۋىپ	بەرەيىن	77
جۋىپ	كەلدىم	52
جۋىپ	قويدىم	67
جۋىپ	جاڭا	62
جۋىپ	ەدىم	53
جۋىپ	جۇرمىن	76
جۋىپ	الايىن	58
جۋىپ	بولدىم	27
جۋىپ	جاڭە	48
جۋىپ	قويىپ	48
جۋىپ	بەرەم	71
جۋىپ	قويايىن	70
جۋىپ	تاستا	62
جۋىپ	تاستاپ	17
جۋىپ	كىر	37
جۋىپ	بەرەمىن	71
جۋىپ	تازالاپ	75
جۋىپ	بولدىڭبا	43
جۋىپ	جاتقام	57
جۋىپ	تاستادى	70
جۋىپ	تاستادىم	67
جۋىپ	تاستايىن	28
جۋىپ	تاستاپتى	51
جۋىپ	تاستاعان	42
جۋىپ	تاستاعام	52
جۋىپ	تاستايمىن	43
جۋىپ	تاستاپسىڭ	50
جۋىپ	ەتتىم	45
جۋىپ	تاستادىڭ	72
جۋىپ	تاستاساڭ	54
جۋىپ	تاستاشى	68
جۋىپ	تاستاسام	73
جۋىپ	شايىپ	76
جۋىپ	تاستايسىڭ	44
جۋىپ	تاستاڭىز	74
جۋىپ	تاستاعانسىڭ	71
جۋىپ	تاستاعاسىڭ	69
ەكەم	عوي	65
ەكەم	جانىم	17
ەكەم	مەن	28
ەكەم	دەپ	50
ەكەم	سەن	29
ەكەم	سەنى	54
ەكەمىز	عوي	59
ەكەمىز	جانىم	40
ەكەمىز	دەپ	77
ەكەمىز	جاقسى	65
ەكەمىز	بىر	45
ەكەمىز	سول	19
ەكەمىز	ەندى	68
ەكەمىز	بۇگىن	60
ەكەمىز	بارىپ	75
ەكەمىز	ەكى	38
ەكەمىز	وسى	36
ەكەمىز	تاماق	70
ەكەمىز	بىرگە	54
ەكەمىز	قاشان	27
ەكەمىز	ىشىپ	52
ەكەمىز	تاعى	69
ەكەمىز	بىراز	77
ەكەمىز	شاي	56
ەكەمىز	عانا	53
ەكەمىز	توي	23
ەكەمىز	جاتىرمىز	55
ەكەمىز	اڭگىمە	76
ەكەمىز	سياقتى	67
ەكەمىز	ماڭگى	76
ەكەمىز	وتىرمىز	69
ەكەمىز	بارامىز	58
ەكەمىز	ۇستىپ	51
ەكەمىز	قانا	77
ەكەمىز	جايلى	64
ەكەمىز	بارايىق	77
ەكەمىز	كەزىگىپ	53
ەكەمىز	ۇرسىپ	73
ەكەمىز	تەڭ	77
ەكەمىز	اڭگىمەلەسىپ	62
ەكەمىز	بىردەي	75
ەكەمىز	رەنجىسىپ	65
قايسى	جاقسى	71
قايسى	ەكەن	46
قايسى	بىر	56
قايسى	بار	60
قايسى	بولادى	63
قايسى	ۇي	61
قايسى	ۇيدە	65
قايسى	ۇيگە	39
قايسى	كۇنى	43
قايسى	ەدى	12
قايسى	كەزدە	70
قايسى	بالا	76
قايسى	تۇرى	71
قايسى	قىز	74
قايسى	بولسادا	62
قايسى	قايسى	66
قايسى	كىسى	75
قايسى	جىگىت	72
قايسى	ەل	72
قايسى	قاتىن	51
قايسى	كۇننەن	71
قايسى	ەكەنىن	65
قايسى	بىرىن	68
قايسى	كۇنگى	65
قايسى	ۇيدەسىڭ	25
قايسى	دوسىڭ	66
قايسى	رەڭى	73
قايسى	تۇرىن	75
قايسى	دوحتىرحانادا	75
قايسى	ماڭايدا	64
قايسى	سەبەپتەردەن	68
دەدى	عوي	75
دەدى	مەن	9
دەدى	دەپ	42
دەدى	سول	27
دەدى	ەندى	63
دەدى	قوي	62
دەدى	يا	51
دەدى	سودان	61
دەدى	ماعان	29
دەدى	دەيدى	60
دەدى	وعان	46
دەدى	ەمەسپە	53
دەدىم	عوي	49
دەدىم	جانىم	10
دەدىم	مەن	43
دەدىم	دەپ	56
دەدىم	بولدى	71
دەدىم	بىر	54
دەدىم	سول	69
دەدىم	سەن	61
دەدىم	ەندى	66
دەدىم	قوي	58
دەدىم	وندا	54
دەدىم	يا	75
دەدىم	ەرتەڭ	73
دەدىم	سودان	74
دەدىم	ول	52
دەدىم	ساعان	74
دەدىم	دەيدى	59
دەدىم	بىراق	66
دەدىم	باسقا	70
دەدىم	وعان	64
جاس	دەپ	70
جاس	ەكەن	66
جاس	بولىپ	37
جاس	قوي	54
جاس	ادام	25
جاس	بولسا	47
جاس	دەگەن	59
جاس	ەمەس	64
جاس	ات	52
جاس	كەز	55
جاس	كەزدە	53
جاس	بالا	36
جاس	ەكەنسىڭ	19
جاس	ۇلكەن	53
جاس	قىز	36
جاس	قىزدار	49
جاس	ماڭگى	66
جاس	بالالار	41
جاس	جىگىت	63
جاس	باقىتتى	36
جاس	سيىر	52
جاس	باقتتى	60
جاس	تۋعان	32
جاس	كەزى	66
جاس	بالانى	65
جاس	كىشى	54
جاس	قوزى	49
جاس	بالانىڭ	64
جاس	بالاعا	59
جاس	كەلىنشەك	64
جاس	جگىت	60
جاس	كەلنشەك	67
جاس	كشى	64
جاس	كەزىندە	64
جاس	توقتاماي	61
جاس	اعىپ	61
جاس	بۇزاۋ	60
جاس	بالامەن	57
جاس	كەزىڭ	64
جاس	كەزىڭدە	63
جاس	كەزىم	56
جاس	شاماسى	55
جاس	كەزىمدە	57
جاسا	دەپ	66
جاساپ	بىر	16
جاساپ	ەندى	71
جاساپ	بولىپ	61
جاساپ	جاتىر	64
جاساپ	جاتىرسىڭ	22
جاساپ	قوي	56
جاساپ	ال	50
جاساپ	الىپ	42
جاساپ	جاتىرمىن	46
جاساپ	وتىرمىن	15
جاساپ	كەتتى	71
جاساپ	قاربالاس	62
جاساپ	ىشىپ	51
جاساپ	بەر	43
جاساپ	بەرىپ	43
جاساپ	ازىر	35
جاساپ	جۇر	68
جاساپ	الدى	70
جاساپ	الدىم	74
جاساپ	بەرە	71
جاساپ	بەرەيىن	61
جاساپ	قويدىم	31
جاساپ	جۇرمىن	47
جاساپ	الايىن	62
جاساپ	بولعان	55
جاساپ	الدىڭبا	75
جاساپ	بولدىم	51
جاساپ	جاتقان	64
جاساپ	قويىپ	49
جاساپ	كەتكەن	57
جاساپ	جاتىرمىز	62
جاساپ	جۇرگەن	59
جاساپ	العان	71
جاساپ	بەرەم	43
جاساپ	جەپ	52
جاساپ	بەرشى	62
جاساپ	بەرەدى	60
جاساپ	قويايىن	60
جاساپ	بەرەتىن	52
جاساپ	بەرەمىن	59
جاساپ	بەرسەڭ	56
جاساپ	بەرگەن	66
جاساپ	الساڭ	71
جاساپ	بەردى	72
جاساپ	بەردىم	76
جاساپ	شىپ	59
جاساپ	جاتىرسىڭبا	71
جاساپ	العام	70
جاساپ	بولدىڭبا	66
جاساپ	قويعان	68
جاساپ	بەرەسىڭ	69
جاساپ	قويىپتى	71
جاساپ	الايىق	71
جاساپ	بەرەمىز	62
جاساپ	جاتقام	72
جاساپ	الساق	68
جالعىز	عوي	71
جالعىز	مەن	74
جالعىز	ەكەن	59
جالعىز	بىر	57
جالعىز	سەن	66
جالعىز	بولىپ	65
جالعىز	جاتىر	66
جالعىز	الىپ	70
جالعىز	كەل	71
جالعىز	ادام	65
جالعىز	بارىپ	51
جالعىز	ەكى	64
جالعىز	جاتىرمىن	73
جالعىز	تاماق	30
جالعىز	ۇيدە	74
جالعىز	وتىرمىن	59
جالعىز	قالدى	40
جالعىز	ەمەس	76
جالعىز	ۇزى	65
جالعىز	ۇزىڭ	70
جالعىز	ىشىپ	61
جالعىز	كەتىپ	51
جالعىز	شاي	66
جالعىز	ىستەپ	62
جالعىز	قايتىپ	68
جالعىز	وزى	36
جالعىز	وزىڭ	72
جالعىز	قالدىم	63
جالعىز	جۇرمىن	62
جالعىز	بارا	73
جالعىز	بارام	72
جالعىز	بولعان	67
جالعىز	جاتىپ	75
جالعىز	قاراپ	60
جالعىز	قالعان	76
جالعىز	جاتقان	68
جالعىز	جۇرە	64
جالعىز	جۇرگەن	73
جالعىز	جۇرىپ	66
جالعىز	ۇزىم	72
جالعىز	بولساڭ	47
جالعىز	قالادى	42
جالعىز	تاستاپ	76
جالعىز	وزىم	63
جالعىز	وتىرىپ	47
جالعىز	قالىپ	70
جالعىز	ادامعا	75
جالعىز	اۋىز	74
جالعىز	بولسام	72
جالعىز	جاتىرسىڭبا	65
جالعىز	جاتا	49
جالعىز	توپ	73
جالعىز	كەلەسىڭبە	70
جالعىز	وتىرسىڭبا	74
جالعىز	باراسىڭبا	45
جالعىز	باردىڭبا	64
جالعىز	ءوزىم	56
جالعىز	تۇسكەن	70
جالعىز	جۇرسىڭبە	75
جالعىز	كەلدىڭبە	62
جالعىز	جاتقاندا	73
جالعىز	زەرىگىپ	73
جالعىز	سىڭبا	64
جالعىز	ەمەسسىڭ	32
جالعىز	سىراپ	75
تاتتى	عوي	59
تاتتى	جانىم	36
تاتتى	بولسىن	24
تاتتى	ەكەن	47
تاتتى	سول	41
تاتتى	بولىپ	56
تاتتى	الىپ	27
تاتتى	بولادى	31
تاتتى	بوپ	49
تاتتى	الايىن	54
تاتتى	بولعان	65
تاتتى	قىز	57
تاتتى	قىزدار	17
تاتتى	تاتتى	60
تاتتى	الاتىن	62
تاتتى	سوز	64
تاتتى	ۇيقى	65
تاتتى	سۇز	58
تاتتى	قىزىم	19
تاتتى	كەمپىرىم	56
تاتتى	قۇلىن	48
تاتتى	قۇلىنىم	24
تاتتى	شالىم	51
تاتتى	ءسوز	54
تاتتى	كۇشىگىم	54
تاتتى	تۇرىم	53
تاتتى	كەلنشەگىم	43
تاتتى	دارمەك	55
تاتتىم	جانىم	62
تاتتىم	مەن	38
تاتتىم	سول	73
تاتتىم	نەعىپ	11
تاتتىم	مەنىڭ	58
تاتتىم	سەنى	8
تاتتىم	اۋ	73
تاتتىم	جۇرەگىم	61
تاتتىم	تاتتىم	58
تاتتىم	سۇيەم	23
تاتتىم	اياۋلىم	41
بولات	دەپ	68
بولات	جاقسى	22
بولات	ەكەن	35
بولات	دەيدى	15
بولات	دەگەن	47
بولات	ايتەۋ	41
بولات	اعا	39
بولاتىن	عوي	44
بولاتىن	جانىم	57
بولاتىن	مەن	71
بولاتىن	دەپ	58
بولاتىن	بولدى	69
بولاتىن	بىر	20
بولاتىن	سول	64
بولاتىن	سەن	45
بولاتىن	ەندى	76
بولاتىن	بولىپ	63
بولاتىن	ادام	68
بولاتىن	بولسا	51
بولاتىن	بۇگىن	51
بولاتىن	سودان	62
بولاتىن	ەكى	55
بولاتىن	ول	73
بولاتىن	وسى	61
بولاتىن	ەمەس	70
بولاتىن	بىراق	66
بولاتىن	ەدى	73
بولاتىن	ازىر	17
بولاتىن	ىس	65
بولاتىن	شىعار	75
بولاتىن	وعان	15
بولاتىن	بالا	75
بولاتىن	سونى	72
بولاتىن	ەدىم	41
بولاتىن	قازىر	65
بولاتىن	بولدىم	74
بولاتىن	سوعان	43
بولاتىن	سياقتى	47
بولاتىن	نارسە	35
بولاتىن	بولدىڭ	66
بولاتىن	شعار	57
بولاتىن	بولدىق	45
بولاتىن	شىعارسىڭ	67
بولاتىن	ۇقسايدى	70
بولاتىن	جەرى	59
بولاتىن	سىياقتى	67
بولاتىن	وقشايدى	70
بولاتىن	قۇسايدى	69
بولاتىن	بالامىز	74
جەپ	بولدى	69
جەپ	بىر	58
جەپ	بولىپ	76
جەپ	جاتىر	55
جەپ	ال	26
جەپ	الىپ	23
جەپ	تۇر	25
جەپ	جاتىرمىن	55
جەپ	وتىر	57
جەپ	وتىرمىن	38
جەپ	كەت	31
جەپ	كەتتى	71
جەپ	ىش	64
جەپ	ىشىپ	63
جەپ	شاي	61
جەپ	جۇر	49
جەپ	الدى	56
جەپ	الدىم	56
جەپ	قويدى	45
جەپ	قويدىم	22
جەپ	ەدىم	74
جەپ	جۇرمىن	63
جەپ	الايىن	68
جەپ	بولعان	56
جەپ	الدىڭبا	71
جەپ	بولدىم	72
جەپ	جاتقان	68
جەپ	قويىپ	64
جەپ	جاتىرمىز	73
جەپ	جۇرگەن	62
جەپ	العان	60
جەپ	جەپ	62
جەپ	تۇرعان	51
جەپ	وتىرمىز	73
جەپ	قويا	48
جەپ	وتىرسىڭ	61
جەپ	وتىرىپ	63
جەپ	الام	75
جەپ	وتىرعان	74
جەپ	الادى	69
جەپ	الساڭ	73
جەپ	بولدىق	75
جەپ	قويدىڭ	61
جەپ	العام	64
جەپ	قويعان	74
جەپ	الدىق	64
جەپ	الايىق	58
جەپ	قويام	73
جەپ	كەلەيىك	73
جەپ	قويادى	58
جەپ	قوياتىن	47
جەپ	تويىپ	65
جەپ	الىڭدار	69
جەپ	العىم	73
جەپ	قوياتىنداي	60
جۇرىپ	جاقسى	73
جۇرىپ	بىر	63
جۇرىپ	ەندى	44
جۇرىپ	جاتىر	68
جۇرىپ	جاتىرسىڭ	40
جۇرىپ	ال	73
جۇرىپ	الىپ	73
جۇرىپ	كەل	58
جۇرىپ	كەلىپ	76
جۇرىپ	ادام	73
جۇرىپ	تۇر	76
جۇرىپ	مەنى	47
جۇرىپ	جاتىرمىن	74
جۇرىپ	كەتتى	39
جۇرىپ	تاعى	57
جۇرىپ	جۇر	70
جۇرىپ	قايتىپ	60
جۇرىپ	الدى	67
جۇرىپ	كەتتىم	66
جۇرىپ	كەلدىم	52
جۇرىپ	ەدىم	63
جۇرىپ	تاۋىپ	73
جۇرىپ	جۇرمىن	76
جۇرىپ	بارا	60
جۇرىپ	كەلە	71
جۇرىپ	الدىڭ	69
جۇرىپ	جاتقان	70
جۇرىپ	كەتكەن	54
جۇرىپ	شارشاپ	75
جۇرىپ	جاتىرمىز	63
جۇرىپ	جۇرگەن	20
جۇرىپ	جۇرىپ	58
جۇرىپ	ارەڭ	57
جۇرىپ	تۇرعان	39
جۇرىپ	ۇمىتىپ	52
جۇرىپ	كەتسە	54
جۇرىپ	تۇرسىڭ	73
جۇرىپ	جاتىرسىڭبا	74
جۇرىپ	كەلەم	20
جۇرىپ	كەلەيىن	75
جۇرىپ	ۇيرەنىپ	63
جۇرىپ	جاتىرسىڭدارما	73
جۇرىپ	كەلەيىك	50
جۇرىپ	جاتىرما	65
جۇرىپ	كەتتىك	67
جۇرىپ	ۇمتىپ	59
جۇرىپ	ءارەڭ	74
جۇرىپ	جاتىرسىزدارما	69
جۇرىپ	جاتىرسىزبا	58
بارىن	مەن	63
بارىن	جوق	47
بارىن	جاقسى	72
بارىن	بىر	68
بارىن	سول	48
بارىن	سەن	68
بارىن	الىپ	50
بارىن	ماعان	45
بارىن	ساعان	56
بارىن	ايتىپ	60
بارىن	بىراق	29
بارىن	ۇزىڭ	61
بارىن	قويشى	57
بارىن	بەرىپ	70
بارىن	ىستەپ	60
بارىن	جولداپ	53
بارىن	وزىڭ	61
بارىن	اتىپ	63
بارىن	كورىپ	69
بارىن	ايتا	56
بارىن	ۋاقىت	61
بارىن	قوسىپ	54
بارىن	سۇراپ	55
بارىن	ايتام	72
بارىن	ويلاپ	73
بارىن	كۇرىپ	51
بارىن	جۋىپ	60
بارىن	ۇزىم	49
بارىن	ستەپ	68
بارىن	تاستاپ	68
بارىن	وزىم	75
بارىن	بىلەدى	72
بارىن	مەنەن	47
بارىن	اشىق	74
بارىن	ايتتىم	72
بارىن	بىلەم	60
بارىن	ۇمىتىپ	48
بارىن	ساتىپ	57
بارىن	بىلىپ	67
بارىن	بىلەسىڭ	36
بارىن	ايتتا	59
بارىن	ەستىپ	64
بارىن	ايتىم	65
بارىن	جۇىپ	68
بارىن	تۇسىنىپ	73
بارىن	بىلەمىن	67
بارىن	بىتىرىپ	65
بارىن	قىلعان	75
بارىن	بىلەتىن	72
بارىن	تۇسىنەم	74
بارىن	دايىنداپ	74
سونداي	عوي	57
سونداي	دەپ	20
سونداي	بولسىن	49
سونداي	جاقسى	51
سونداي	بولدى	20
سونداي	ەكەن	43
سونداي	بىر	16
سونداي	بولىپ	39
سونداي	قوي	30
سونداي	ادام	70
سونداي	بولسا	37
سونداي	بولادى	45
سونداي	دەيدى	22
سونداي	كۇن	53
سونداي	قاربالاس	70
سونداي	بولاما	58
سونداي	بوپ	73
سونداي	شىعار	58
سونداي	كەزدە	60
سونداي	قاتتى	72
سونداي	بولعان	68
سونداي	ەكەنسىڭ	61
سونداي	كەرەمەت	74
سونداي	جامان	59
سونداي	بولسادا	59
سونداي	سياقتى	35
سونداي	بولاتىن	36
سونداي	سوز	57
سونداي	جاعداي	72
سونداي	ادەمى	66
سونداي	مەكەن	76
سونداي	ۇقسايدى	58
سونداي	جەرى	47
سونداي	بولۋ	62
سونداي	سىياقتى	75
سونداي	جەك	69
سونداي	وقشايدى	65
سونداي	وقسايدى	52
سۇيت	جانىم	67
سۇيت	ەندى	15
سۇيت	وندا	45
سۇيتى	عوي	15
سۇيتىپ	بىر	8
سۇيتىپ	جاتىر	49
سۇيتىپ	قوي	41
سۇيتىپ	الىپ	65
سۇيتىپ	تۇر	73
سۇيتىپ	جاتىرمىن	42
سۇيتىپ	ايت	55
سۇيتىپ	ايتى	58
سۇيتىپ	ايتىپ	68
سۇيتىپ	وتىر	23
سۇيتىپ	وتىرمىن	43
سۇيتىپ	قالدى	66
سۇيتىپ	جۇر	58
سۇيتىپ	قالدىم	33
سۇيتىپ	ايتتى	51
سۇيتىپ	ايتقان	37
سۇيتىپ	جۇرمىن	44
سۇيتىپ	ايتا	56
سۇيتىپ	تۇرمىن	54
سۇيتىپ	قالعان	70
سۇيتىپ	جاتقان	74
سۇيتىپ	ويلاپ	68
سۇيتىپ	جۇرە	41
سۇيتىپ	جۇرگەن	57
سۇيتىپ	جۇرىپ	63
سۇيتىپ	سۇيتىپ	35
سۇيتىپ	تۇرعان	66
سۇيتىپ	قالادى	69
سۇيتىپ	جازىپ	49
سۇيتىپ	ايتادى	66
سۇيتىپ	ايتتىم	44
سۇيتىپ	وتىرعان	66
سۇيتىپ	ايتايىن	71
سۇيتىپ	ايتاسىڭ	68
سۇيتىپ	ايتسا	60
سۇيتىپ	ايتساڭ	70
سۇيتىپ	ايتسام	59
سۇيتىپ	قالاسىڭ	66
سۇيتىپ	جۇرەدى	60
سۇيتىپ	ايتاتىن	58
سۇيتىپ	قالساڭ	74
سۇيتىپ	ويلايمىن	73
سۇيتىپ	ايتقاندا	74
سۇيتىپ	ويلادىم	75
سۇيتىپ	ويلاعام	72
سۇيتىپ	ويلايسىڭ	75
سۇيتىپ	ايتاما	76
وراز	ايت	71
وراز	ايتتىڭ	10
وراز	ايتقا	21
وراز	ايتىڭ	31
وراز	ايىت	12
وراز	ايتتا	16
وراز	ايتتارىڭ	41
وراز	ايتتارىڭىز	18
وراز	ايتىڭىز	13
وراز	ايتارىڭ	18
وراز	ايتارىڭىز	27
وراز	ايتڭىز	20
ورازا	قابىل	46
ورازا	ايت	33
ورازا	ايتتىڭ	11
ورازا	ايتقا	31
ورازا	ايتىڭ	45
ورازا	ايى	13
ورازا	ايىت	51
ورازا	ۇستاپ	14
ورازا	ايتتا	64
ورازا	ايتتارىڭ	59
ورازا	ايتتارىڭىز	19
ورازا	ايتىڭىز	10
ورازا	ايتارىڭ	18
ورازا	ايتتىق	36
ورازا	ايتارىڭىز	73
ورازا	ايتڭ	20
ورازا	ايتڭىز	60
ورازا	ايىندا	52
ورازا	ايتتارڭىز	41
ورازا	ايتارڭىز	54
ورازا	ايىتتارىڭ	67
ورازا	ايىتىڭ	64
ورازا	ايندا	76
جۇرسىڭ	عوي	64
جۇرسىڭ	جانىم	12
جۇرسىڭ	مەن	26
جۇرسىڭ	دەپ	57
جۇرسىڭ	سەن	41
جۇرسىڭ	ەندى	56
جۇرسىڭ	قوي	71
جۇرسىڭ	وندا	61
جۇرسىڭ	مەنى	71
جۇرسىڭ	ول	70
جۇرسىڭ	وسى	63
جۇرسىڭ	دەيدى	75
جۇرسىڭ	دوسىم	68
جۇرسىڭ	امان	74
جۇرسىڭ	سوندا	66
جۇرسىڭ	ەي	62
جۇرسىڭ	ەمەسپە	53
جۇرسىڭ	بىلەم	56
ءالى	جوق	72
ءالى	جاقسى	28
ءالى	بىر	48
ءالى	سول	52
ءالى	بار	54
ءالى	جاتىر	28
ءالى	ەرتە	75
ءالى	تۇر	48
ءالى	ەكى	75
ءالى	تاماق	69
ءالى	وتىر	62
ءالى	وتىرمىن	65
ءالى	اق	61
ءالى	بارما	45
ءالى	قاربالاس	69
ءالى	ىشىپ	66
ءالى	ىستەپ	60
ءالى	جۇر	66
ءالى	ۇيقتاپ	75
ءالى	اۋىرىپ	59
ءالى	جۇرمىن	53
ءالى	قابار	67
ءالى	بولعان	61
ءالى	كەلگەن	74
ءالى	توسىپ	53
ءالى	وتىرمىز	68
ءالى	ۇيىقتاپ	56
ءالى	بەرگەن	62
ءالى	تالاي	72
ءالى	تولىق	46
ءالى	شىققان	75
ءالى	كەلمەدى	71
ءالى	وتىرسىڭبا	38
ءالى	بەرمەدى	65
ءالى	شىقپادى	62
ءالى	ۇيقتامادىڭبا	73
ءالى	ۇيقتاماپسىڭ	75
ءالى	قايتپادىڭبا	62
قاتە	عوي	71
قاتە	دەپ	39
قاتە	بولسىن	57
قاتە	بولدى	72
قاتە	ەكەن	27
قاتە	بولىپ	37
قاتە	بولسا	34
قاتە	بولادى	44
قاتە	ايتىپ	70
قاتە	ەمەس	42
قاتە	كەتىپ	41
قاتە	جولداپ	48
قاتە	اتىپ	22
قاتە	بوپ	61
قاتە	كورىپ	64
قاتە	بولعان	60
قاتە	قوسىپ	70
قاتە	ويلاپ	57
قاتە	بولىپتى	26
قاتە	كۇرىپ	63
قاتە	بولسادا	68
قاتە	سويلەپ	67
قاتە	بوپتى	36
قاتە	باسىپ	72
قاتە	سۇيلەپ	55
قاتە	جازىپ	43
قاتە	ۇرىپ	17
قاتە	ەستىپ	68
قاتە	بولپتى	57
قاتە	ەكەنىن	52
قاتە	وقىپ	71
قاتە	بولدىما	60
قاتە	تۇسىنىپ	68
قاتە	جازىلىپ	13
قاتە	باسىلىپ	38
قاتە	ويلاما	67
قاتە	تۇسىنبە	47
قاتە	تۇسنىپ	37
قاتە	تانىپ	33
قاتە	ويلايدى	43
قاتە	ەسەپتەپ	63
قاتە	تۇسىنەدى	72
قاتە	تۇسنبە	51
قاتە	تۇسىنەسىڭ	58
قاتە	جولدانىپ	74
قاتە	تۇسىنسەڭ	45
قاتە	جازلىپ	74
قاتە	ويلاماشى	73
قاتە	تۇسنەدى	63
قاتە	تۇسنپ	64
قاتە	تۇسىنپ	75
قاتە	تۇسىنبەشى	75
قاتە	تۇسنبەشى	58
نارسە	عوي	73
نارسە	دەپ	26
نارسە	جوق	66
نارسە	بولدى	27
نارسە	ەكەن	75
نارسە	نە	28
نارسە	بار	69
نارسە	بولىپ	20
نارسە	ال	71
نارسە	الىپ	74
نارسە	بولسا	16
نارسە	ول	39
نارسە	قايدا	73
نارسە	ەمەس	72
نارسە	بارما	30
نارسە	كوپ	51
نارسە	بەرىپ	66
نارسە	ەدى	64
نارسە	جولداپ	71
نارسە	الدى	58
نارسە	الدىم	66
نارسە	كەرەك	61
نارسە	الايىن	40
نارسە	سالىپ	47
نارسە	اپارىپ	74
نارسە	ويلاپ	60
نارسە	العان	71
نارسە	بولسادا	67
نارسە	جەپ	74
نارسە	الاتىن	51
نارسە	الام	66
نارسە	اكەپ	53
نارسە	ايتايىن	58
نارسە	الامىن	64
نارسە	الامىز	62
نارسە	اكەلىپ	69
نارسە	سۇرايىن	74
نارسە	نى	61
نارسە	العالى	75
نارسە	ويلاما	63
نارسە	جەگىم	65
نارسە	جولداما	64
نارسە	كوتەرمە	64
ماڭگى	جانىم	72
ماڭگى	جوق	52
ماڭگى	جاقسى	74
ماڭگى	بىر	45
ماڭگى	سول	65
ماڭگى	سەن	75
ماڭگى	مەنىڭ	71
ماڭگى	سەنى	65
ماڭگى	ساعان	55
ماڭگى	وسى	68
ماڭگى	بىرگە	71
ماڭگى	امان	38
ماڭگى	سەنىڭ	67
ماڭگى	ماڭگى	72
ماڭگى	سولاي	22
ماڭگى	اشىق	67
ماڭگى	باقىت	74
ماڭگى	باقىتتى	64
ماڭگى	ۇستىپ	11
ماڭگى	باي	66
ماڭگى	سۇيەم	48
ماڭگى	سۇيىپ	20
ماڭگى	باقتتى	59
ماڭگى	سۇيەمىن	20
ماڭگى	قاسىڭدا	14
ماڭگى	ادال	75
ماڭگى	وسىلاي	67
ماڭگى	باقتى	75
ماڭگى	باقىتى	64
ماڭگى	ايالاپ	72
ماڭگى	جۇرەگىمدە	64
ماڭگى	گۇلدەي	74
ماڭگى	ادالمىن	63
ماڭگى	ۇمىتپايمىن	52
ماڭگى	ايىرلمايمىن	71
ماڭگى	قارتايماي	63
بىل	جانىم	75
بىل	مەن	18
بىل	دەپ	28
بىل	نە	43
بىل	ەندى	55
بىل	وندا	40
بىل	دەگەن	28
بىل	بىراق	43
بىل	دەدىم	48
بىلاي	دەپ	52
بىلاي	بولىپ	59
بىلاي	شىعىپ	65
بىلاي	دەشى	64
بىلاي	بىلاي	21
بىلاي	دەڭىز	69
بىلاي	تۇرسىن	11
بىلاي	دەىڭىز	64
ەڭ	عوي	39
ەڭ	جوق	63
ەڭ	جاقسى	61
ەڭ	كوپ	13
ەڭ	از	59
ەڭ	الدى	64
ەڭ	تەز	53
ەڭ	اۋىر	75
ەڭ	جاڭا	73
ەڭ	قيىن	49
ەڭ	دۇرىس	52
ەڭ	مىقتى	56
ەڭ	ۇلكەن	62
ەڭ	كەرەمەت	27
ەڭ	جامان	61
ەڭ	بولماسا	45
ەڭ	تاتتى	65
ەڭ	وڭاي	71
ەڭ	ارتى	73
ەڭ	باقىتتى	62
ەڭ	جاقىن	63
ەڭ	ادەمى	40
ەڭ	الدىمەن	65
ەڭ	قولايلى	23
ەڭ	ارتىنان	75
ەڭ	باقتتى	66
ەڭ	ارزان	72
ەڭ	جوعارى	64
ەڭ	بىرىنشى	53
ەڭ	قىمبات	57
ەڭ	جاقسسى	70
ەڭ	سۇلۋ	32
ەڭ	سوڭعى	68
ەڭ	تومەن	12
ەڭ	جەك	46
ەڭ	تۇمەن	54
ەڭ	بىرنشى	61
ەڭ	ماڭىزدى	75
ەڭ	اۋەلى	43
ەڭ	جاقسىسى	59
ەڭ	بولماعاندا	18
ەڭ	ساپالى	48
ەڭ	ارتىندا	70
ەڭ	ۇلكەنى	70
ەڭ	الدمەن	58
ەڭ	العاش	67
ەڭ	سوڭى	44
ەڭ	سوڭىندا	65
ەڭ	العاشقى	45
ەڭ	باستىسى	63
ەڭ	تومەنگى	55
ەڭ	جامانى	62
ەڭ	باستسى	62
ەڭ	ارزانى	68
ەڭ	سۇڭعى	70
ەڭ	اقىرعى	67
ەڭ	ماڭىزدىسى	62
ەڭ	سوڭعىسى	70
ەڭ	تومەنى	69
الگى	مەن	73
الگى	جوق	61
الگى	بىر	74
الگى	سەن	39
الگى	ادام	69
الگى	ەكى	50
الگى	مەنىڭ	53
الگى	قايدا	58
الگى	اقشا	75
الگى	جۇمىس	51
الگى	كەزدە	55
الگى	بالا	58
الگى	قارا	49
الگى	قالعان	69
الگى	قىز	64
الگى	جەرگە	57
الگى	نارسە	54
الگى	كىسى	75
الگى	بىزدىڭ	45
الگى	جىندى	74
الگى	اقشانى	63
الگى	جىگىت	19
الگى	قاتىن	65
الگى	ايەل	59
الگى	ەكەۋى	74
الگى	كسى	74
الگى	اقشاڭدى	64
الگى	نارسەنى	68
الگى	دوسىڭ	61
الگى	پۇلدى	71
الگى	دارىنى	54
الگى	جۇمىستى	71
بارامىن	عوي	73
بارامىن	جانىم	14
بارامىن	مەن	19
بارامىن	دەپ	70
بارامىن	بىر	17
بارامىن	سول	63
بارامىن	سەن	53
بارامىن	ەندى	68
بارامىن	قوي	73
بارامىن	وندا	68
بارامىن	ەرتەڭ	74
بارامىن	بۇگىن	62
بارامىن	ساعان	70
بارامىن	دەيدى	67
بارامىن	ۇيگە	29
بارامىن	دوسىم	68
بارامىن	دەگەن	71
بارامىن	ازىر	53
بارامىن	سوندا	65
بارامىن	دەسەم	72
بارامىن	دەدىم	67
بارامىن	بۇيىرسا	67
بارامىن	دەسەڭ	47
بارامىن	بۇيرسا	74
ونداي	دەپ	72
ونداي	جوق	63
ونداي	جاقسى	29
ونداي	بىر	51
ونداي	بولىپ	54
ونداي	ادام	41
ونداي	بولسا	21
ونداي	بولادى	21
ونداي	كۇن	50
ونداي	اقشا	62
ونداي	ەمەس	50
ونداي	قاربالاس	15
ونداي	وي	58
ونداي	كوپ	55
ونداي	ىس	45
ونداي	جۇمىس	53
ونداي	كەزدە	67
ونداي	قاتتى	61
ونداي	ەشتەڭە	74
ونداي	ۇلكەن	65
ونداي	كۇپ	71
ونداي	جەر	62
ونداي	جامان	73
ونداي	بولماي	46
ونداي	بولمايدى	74
ونداي	بولماسا	38
ونداي	جەرگە	73
ونداي	اڭگىمە	62
ونداي	نارسە	53
ونداي	ونداي	40
ونداي	وڭاي	41
ونداي	جىندى	58
ونداي	جىگىت	64
ونداي	باقىت	64
ونداي	سۋىق	44
ونداي	سوز	73
ونداي	جاعداي	52
ونداي	ەشتەمە	55
ونداي	ادامدى	73
ونداي	سۇز	69
ونداي	ادامعا	50
ونداي	جۇرەك	75
ونداي	ىستەر	61
ونداي	وراي	75
ونداي	ادامدار	64
ونداي	جەرى	66
ونداي	ارام	66
ونداي	ەمەسپىن	64
ونداي	نارسەنى	64
ونداي	ويىڭ	66
ونداي	ويىم	63
ونداي	ويلاما	50
ونداي	تالەي	73
ونداي	ويدا	72
ونداي	كۇردەلى	63
بەكەر	عوي	74
بەكەر	مەن	18
بەكەر	دەپ	62
بەكەر	بولدى	72
بەكەر	ەكەن	16
بەكەر	بىر	18
بەكەر	سول	73
بەكەر	بولىپ	74
بەكەر	قوي	42
بەكەر	ادام	75
بەكەر	بارىپ	56
بەكەر	بولادى	70
بەكەر	جاتىرمىن	75
بەكەر	ۇيدە	60
بەكەر	وتىرمىن	69
بەكەر	اق	66
بەكەر	اقشا	62
بەكەر	ەمەس	57
بەكەر	بوپ	54
بەكەر	بولعان	70
بەكەر	جاتىپ	58
بەكەر	ۋاقىت	67
بەكەر	ەمەسپە	74
بەكەر	جاتقان	60
بەكەر	بولىپتى	68
بەكەر	جۇرگەن	61
بەكەر	بولساڭ	72
بەكەر	بوپتى	71
بەكەر	ايتپايدى	69
بەكەر	ايتپاعان	75
بەكەر	جۇرگەنشە	63
بەكەر	جاتقانشا	67
بەكەر	وتىرعانشا	49
امانسىز	مەن	61
امانسىز	راحىمەت	39
امانسىز	ماقۇل	47
امانسىز	امان	43
امانسىز	اعا	34
امانسىز	جەجە	31
امانسىز	دار	15
امانسىز	ايتىڭىز	34
امانسىزبا	مەن	50
امانسىزبا	جاقسى	47
امانسىزبا	نەعىپ	66
امانسىزبا	راحىمەت	56
امانسىزبا	ماقۇل	52
امانسىزبا	كەلىپ	59
امانسىزبا	يا	66
امانسىزبا	بۇگىن	71
امانسىزبا	سودان	70
امانسىزبا	ماعان	72
امانسىزبا	قايىرلى	70
امانسىزبا	بىرگە	54
امانسىزبا	امان	69
امانسىزبا	اعا	48
امانسىزبا	جەجە	47
امانسىزبا	اپەكە	24
امانسىزبا	ايتىڭىز	46
امانسىزبا	جەڭگە	50
امانسىزبا	دەنساۋلىعىڭىز	64
ار	بىر	12
ار	ادام	27
ار	كىم	41
ار	كۇنى	47
ار	قاشان	35
ار	قانداي	15
ار	كەز	24
ار	ۋاقىت	39
ار	نارسە	50
ار	جاققا	51
ار	تۇرلى	38
ار	ايدىڭ	18
ار	جولى	31
ار	ايدا	28
ار	ادامنىڭ	48
ار	نارسەنى	32
ار	جاعىنان	50
ار	جاعىندا	44
ار	دايىم	38
ار	نارسەنىڭ	42
ارەڭ	جاقسى	38
ارەڭ	بولدى	54
ارەڭ	بىر	75
ارەڭ	الىپ	28
ارەڭ	تۇر	60
ارەڭ	بارىپ	61
ارەڭ	ەكى	66
ارەڭ	جاتىرمىن	70
ارەڭ	وتىر	51
ارەڭ	وتىرمىن	62
ارەڭ	كەتتى	33
ارەڭ	كەتىپ	60
ارەڭ	ىستەپ	73
ارەڭ	جۇر	72
ارەڭ	الدىم	43
ارەڭ	كەلدى	57
ارەڭ	كەلدىم	62
ارەڭ	شىعىپ	38
ارەڭ	تۇرىپ	75
ارەڭ	تاۋىپ	72
ارەڭ	جۇرمىن	55
ارەڭ	كەلە	19
ارەڭ	تۇرمىن	64
ارەڭ	بولدىم	68
ارەڭ	جۇرگەن	37
ارەڭ	جۇرسىڭ	54
ارەڭ	ارەڭ	70
ارەڭ	سويلەپ	66
ارەڭ	تۇرعان	68
ارەڭ	سۇيلەپ	66
ارەڭ	جازىپ	72
ارەڭ	وتىرعان	74
ارەڭ	جاۋاپ	75
ارەڭ	تازالاپ	62
ارەڭ	بولدىق	72
ارەڭ	بەردى	60
ارەڭ	ۇيقتادى	70
ارەڭ	ۇيقتادىم	69
ارەڭ	كەلدىك	73
ارەڭ	شىقتى	71
ارەڭ	شىقتىم	65
ارەڭ	باعىپ	66
ارەڭ	تۇردىم	66
ارەڭ	جۇرگەندە	47
ارەڭ	جۇردىم	40
ارەڭ	تاپقان	68
ارەڭ	شىداپ	73
ارەڭ	وتىردىم	52
ارەڭ	تاپتىم	73
ارەڭ	اشتىم	37
ارەڭ	شداپ	73
ارەڭ	جەتتىم	67
ارەڭ	قوستىڭ	49
ارەڭ	ۇلگىرىپ	60
ارەڭ	سويلەيسىڭ	74
ارەڭ	باسىلدى	68
ارەڭ	سۇيلەيسىڭ	73
ارەڭ	سويلەدىڭ	71
ارەڭ	سۇيلەدىڭ	60
ارەڭ	جەتتىك	62
ارەڭ	قۇتىلدىم	73
ارەڭ	شىدادىم	66
ارەڭ	ۇلگىردىم	68
وينا	جانىم	61
وينا	دەپ	24
وينا	وينا	22
ويناپ	جاتىر	20
ويناپ	ال	40
ويناپ	الىپ	61
ويناپ	كەل	53
ويناپ	تۇر	38
ويناپ	بارىپ	69
ويناپ	جاتىرمىن	73
ويناپ	وتىر	52
ويناپ	وتىرمىن	39
ويناپ	كەتتى	37
ويناپ	كەتىپ	49
ويناپ	جۇر	57
ويناپ	قايت	23
ويناپ	كەتتىم	21
ويناپ	جۇرمىن	63
ويناپ	الايىن	44
ويناپ	جاتقان	66
ويناپ	كەتكەن	58
ويناپ	جاتىرمىز	48
ويناپ	جۇرە	70
ويناپ	جۇرگەن	64
ويناپ	كەتەدى	35
ويناپ	جۇرىپ	71
ويناپ	جۇرسىڭ	58
ويناپ	ويناپ	53
ويناپ	الاتىن	57
ويناپ	تۇرعان	50
ويناپ	وتىرمىز	61
ويناپ	وتىرسىڭ	63
ويناپ	وتىرىپ	70
ويناپ	وتىرعان	75
ويناپ	كەتىپتى	62
ويناپ	كەلىڭدەر	71
ويناپ	جۇرەتىن	69
ويناپ	كەلەيىن	75
ويناپ	كەلەيىك	66
ويناپ	وتىرسىڭبا	42
ويناپ	جۇرمىز	68
ويناپ	كۇلىپ	72
ويناپ	جۇرسىڭبە	34
ويناپ	جۇرگەم	69
ويناپ	كەلەمىز	65
ويناپ	قايىت	75
ويناپ	قايتىڭدار	61
ويناپ	الساڭىزدار	26
ويناپ	كەلسەك	72
ويناپ	الاتىندارىڭىز	72
ويناپ	قايتىڭىز	74
ويناپ	قايتىڭىزدار	65
ويناپ	جەڭىلدىكپەن	63
جۇز	دەپ	70
جۇز	ەكەن	61
جۇز	بار	67
جۇز	الىپ	55
جۇز	ون	66
جۇز	ادام	69
جۇز	بولسا	72
جۇز	دەيدى	60
جۇز	قانشا	70
جۇز	بەرىپ	46
جۇز	يۋان	42
جۇز	ات	9
جۇز	اتىپ	72
جۇز	بەرە	43
جۇز	تاۋىپ	65
جۇز	عانا	63
جۇز	سوم	75
جۇز	مىڭ	10
جۇز	بولسادا	32
جۇز	دەن	62
جۇز	نەشە	70
جۇز	قۇڭباۋ	63
جۇز	اتشى	74
جۇز	يۇان	57
جۇز	تاي	22
جۇز	ەلۋ	69
جۇز	شىعاما	35
جۇز	تۇياق	72
جۇز	وتىز	71
جۇز	يۋاننان	66
جۇز	مىڭعا	60
جۇز	يۋانعا	72
جۇز	سومدى	52
جۇز	سومدىق	49
جۇز	ۇيان	61
جۇز	سومعا	58
جۇز	سومنان	54
جۇز	يۋاندى	60
جۇز	يۋاندىق	48
جۇز	سەكسەن	71
جۇز	گىرام	66
جۇز	الپىس	64
جۇز	سومىن	71
جۇز	يۋانىن	61
جۇز	پايىز	71
كىسى	عوي	65
كىسى	مەن	51
كىسى	دەپ	67
كىسى	جوق	75
كىسى	جاقسى	51
كىسى	ەكەن	53
كىسى	بىر	36
كىسى	سول	59
كىسى	نە	73
كىسى	نەعىپ	59
كىسى	بار	69
كىسى	ەندى	16
كىسى	الى	73
كىسى	الىپ	75
كىسى	كەلىپ	72
كىسى	ەرتەڭ	18
كىسى	بولسا	73
كىسى	بۇگىن	70
كىسى	ماعان	66
كىسى	مەنى	67
كىسى	مەنىڭ	72
كىسى	نەگە	69
كىسى	قايدا	74
كىسى	قالاي	47
كىسى	تەلەفون	66
كىسى	وتىر	66
كىسى	كىم	71
كىسى	بارما	52
كىسى	قاشان	46
كىسى	كوپ	74
كىسى	كەتىپ	60
كىسى	قانداي	72
كىسى	ەدى	45
كىسى	وزى	74
كىسى	اۋىرىپ	74
كىسى	كەلدى	69
كىسى	كەلە	50
كىسى	كۇپ	70
كىسى	سۇراپ	73
كىسى	كەلەدى	65
كىسى	كەپ	53
كىسى	ەكەمىز	50
كىسى	كەلگەن	68
كىسى	قۇساپ	69
كىسى	بىلەدى	72
كىسى	كەلسە	65
كىسى	كەلەتىن	70
كىسى	شاقىرىپ	73
كىسى	قايتىس	47
كىسى	كۇتىپ	42
كىسى	قايتس	74
ۇزىم	عوي	75
ۇزىم	دەپ	58
ۇزىم	جاقسى	53
ۇزىم	بىر	46
ۇزىم	سول	39
ۇزىم	الىپ	54
ۇزىم	بارىپ	40
ۇزىم	جاتىرمىن	37
ۇزىم	سەنى	66
ۇزىم	ساعان	71
ۇزىم	ۇيدە	74
ۇزىم	تەلەفون	42
ۇزىم	وتىرمىن	74
ۇزىم	اق	69
ۇزىم	اقشا	63
ۇزىم	ىستەپ	74
ۇزىم	اۋىرىپ	68
ۇزىم	تاۋىپ	61
ۇزىم	الايىن	69
ۇزىم	بارا	69
ۇزىم	بارام	68
ۇزىم	عانا	56
ۇزىم	قاراپ	42
ۇزىم	اپارىپ	64
ۇزىم	ايتام	53
ۇزىم	ۇشىن	68
ۇزىم	بارايىن	65
ۇزىم	اشىپ	64
ۇزىم	شارشاپ	75
ۇزىم	كۇرىپ	70
ۇزىم	بەرەم	68
ۇزىم	سياقتى	73
ۇزىم	جالعىز	72
ۇزىم	بارامىن	39
ۇزىم	ارەڭ	68
ۇزىم	باسىم	55
ۇزىم	الام	73
ۇزىم	بىلەم	60
ۇزىم	الامىن	24
ۇزىم	قانا	72
ۇزىم	قابارلاسىپ	68
ۇزىم	قابارلاسايىن	70
ۇزىم	ىستەتىپ	50
ۇزىم	بىلەمىن	72
ۇزىم	ۇيالىپ	56
ۇزىم	قابارلاسام	75
ۇزىم	قارايمىن	46
ۇزىم	سۇيلەيمىن	69
دەگەم	عوي	67
دەگەم	جانىم	22
دەگەم	مەن	47
دەگەم	دەپ	70
دەگەم	جوق	70
دەگەم	بولدى	20
دەگەم	بىر	61
دەگەم	سول	59
دەگەم	سەن	54
دەگەم	ەندى	63
دەگەم	ەرتەڭ	71
دەگەم	بۇگىن	62
دەگەم	سودان	64
دەگەم	ول	65
دەگەم	ساعان	70
دەگەم	دەيدى	65
دەگەم	اقشا	67
دەگەم	بىراق	69
دەگەم	باسقا	51
دەگەم	وعان	67
دەگەم	سوعان	21
بۇرىن	عوي	51
بۇرىن	مەن	66
بۇرىن	جوق	37
بۇرىن	جاقسى	62
بۇرىن	بىر	54
بۇرىن	سول	34
بۇرىن	نە	69
بۇرىن	نەعىپ	70
بۇرىن	بار	73
بۇرىن	سەن	52
بۇرىن	الىپ	54
بۇرىن	كەلىپ	62
بۇرىن	بولسا	51
بۇرىن	مەندە	64
بۇرىن	ماعان	62
بۇرىن	بارىپ	61
بۇرىن	ەكى	43
بۇرىن	مەنى	65
بۇرىن	مەنىڭ	70
بۇرىن	نەگە	70
بۇرىن	قايدا	61
بۇرىن	سەنى	66
بۇرىن	ساعان	65
بۇرىن	وسى	68
بۇرىن	ايتىپ	65
بۇرىن	بىرگە	47
بۇرىن	قانشا	68
بۇرىن	كوپ	71
بۇرىن	كەتىپ	60
بۇرىن	قانداي	70
بۇرىن	بەرىپ	56
بۇرىن	ىستەپ	67
بۇرىن	قايتىپ	69
بۇرىن	بىز	61
بۇرىن	كۇپ	74
بۇرىن	توي	74
بۇرىن	سونداي	51
بۇرىن	ونداي	71
بۇرىن	توك	48
بۇرىن	بۇنداي	58
بۇرىن	جەرگىلىكتى	69
بۇرىن	سوڭدى	63
جولداشى	جانىم	41
جولداشى	مەن	13
جولداشى	دەپ	55
جولداشى	بىر	66
جولداشى	وندا	72
جولداشى	ماعان	71
جولداشى	بولاما	64
جولداشى	تەز	40
جولداشى	كورىپ	59
جولداشى	كۇرىپ	74
جولداشى	ساعىنىپ	71
جولداشى	كورەيىن	70
جولداشى	ۇزىڭدى	17
جولداشى	وزىڭدى	61
جولداشى	كۇرەيىن	67
جولداشى	قانە	46
جولداشى	كورگىم	62
ساعىنىپ	جانىم	68
ساعىنىپ	تۇر	70
ساعىنىپ	جاتىرمىن	64
ساعىنىپ	سەنى	18
ساعىنىپ	وتىرمىن	72
ساعىنىپ	كەتتى	22
ساعىنىپ	جۇر	73
ساعىنىپ	كەتتىم	54
ساعىنىپ	قالدىم	6
ساعىنىپ	جۇرمىن	57
ساعىنىپ	تۇرمىن	16
ساعىنىپ	قالعان	22
ساعىنىپ	قالدىڭبا	54
ساعىنىپ	كەتكەن	61
ساعىنىپ	جۇرگەن	65
ساعىنىپ	كەتەدى	56
ساعىنىپ	جۇرسىڭ	73
ساعىنىپ	ارەڭ	63
ساعىنىپ	ساعىنىپ	52
ساعىنىپ	كەتەم	60
ساعىنىپ	قالدىق	54
ساعىنىپ	كەتىم	73
ساعىنىپ	وتىرسىڭبا	47
ساعىنىپ	جۇرگەندە	65
ساعىنىپ	كەتتىك	74
ساعىنىپ	كەتتىڭبە	65
ساعىنىپ	تۇرسىڭبا	65
باعاسى	بىر	65
باعاسى	ون	64
باعاسى	قانشا	74
باعاسى	يۋان	6
باعاسى	سوم	19
باعاسى	مىڭ	47
باعاسى	نەشە	42
باعاسى	وتە	63
باعاسى	كەلسە	68
باعاسى	قالىپتى	66
باعاسى	تەك	59
باعاسى	قالپتى	74
باعاسى	كىرەسى	69
باعاسى	يۇان	69
باعاسى	ورنى	45
باعاسى	ارزان	67
باعاسى	جوعارى	45
باعاسى	قىمبات	66
باعاسى	ۇقساس	70
باعاسى	يۋاننان	70
باعاسى	لايىقتى	74
باعاسى	لايقتى	29
باعاسى	ىلايىقتى	57
باعاسى	ىلايقتى	61
الات	دەپ	73
الات	ەكەن	15
الاتىن	بولدى	15
الاتىن	بىر	29
الاتىن	بولىپ	67
الاتىن	ادام	45
الاتىن	بولسا	19
الاتىن	اقشا	48
الاتىن	ەمەس	23
الاتىن	ەدى	74
الاتىن	بوپ	71
الاتىن	شىعار	69
الاتىن	كەزدە	39
الاتىن	ەدىم	37
الاتىن	بولعان	29
الاتىن	ۋاقىت	62
الاتىن	بولدىم	64
الاتىن	جەر	36
الاتىن	جەردە	43
الاتىن	جەرگە	69
الاتىن	قىزدار	70
الاتىن	سياقتى	34
الاتىن	نارسە	70
الاتىن	بولساڭ	51
الاتىن	ەدىڭ	58
الاتىن	دار	64
الاتىن	بولدىڭ	74
الاتىن	كىسىلەر	56
الاتىن	شعار	10
الاتىن	پۇل	53
الاتىن	بولدىق	58
الاتىن	شىعارسىڭ	52
الاتىن	بولسام	57
الاتىن	بولدىڭبا	72
الاتىن	ەمەسپىن	58
الاتىن	اقشام	65
الاتىن	ەدىك	46
الاتىن	شعارسىڭ	65
الاتىن	كسلەر	73
الاتىن	كىسلەر	42
الاتىن	بولساڭىز	50
الاتىن	كسىلەر	68
الاتىن	نارسەم	51
بولساڭ	عوي	73
بولساڭ	جانىم	70
بولساڭ	مەن	66
بولساڭ	دەپ	30
بولساڭ	جاقسى	74
بولساڭ	بولدى	33
بولساڭ	بىر	9
بولساڭ	سول	50
بولساڭ	نە	60
بولساڭ	سەن	68
بولساڭ	وندا	70
بولساڭ	كەل	59
بولساڭ	كەلىپ	62
بولساڭ	ەرتەڭ	71
بولساڭ	مەندە	72
بولساڭ	ماعان	42
بولساڭ	بارى	49
بولساڭ	بارىپ	66
بولساڭ	مەنى	62
بولساڭ	مەنىڭ	59
بولساڭ	بولادى	66
بولساڭ	نەگە	56
بولساڭ	ول	66
بولساڭ	وسى	66
بولساڭ	ۇيگە	70
بولساڭ	تەلەفون	66
بولساڭ	تاعى	71
بولساڭ	قانداي	73
بولساڭ	قايتىپ	47
بولساڭ	تەز	72
بولساڭ	قابارلاس	73
بولساڭ	بارايىن	64
بولساڭ	بولمايدى	61
بولساڭ	سويلە	68
بولساڭ	سۇيلە	49
بولساڭ	شىركىن	64
بولساڭ	كەم	61
بولساڭ	سۇيلەشى	55
بولساڭ	سويلەشى	69
بولساڭ	قايتەر	46
كەلگەن	عوي	70
كەلگەن	مەن	52
كەلگەن	جوق	72
كەلگەن	جاقسى	13
كەلگەن	بولدى	73
كەلگەن	ەكەن	64
كەلگەن	بىر	30
كەلگەن	سول	57
كەلگەن	ادام	48
كەلگەن	بولسا	40
كەلگەن	بۇگىن	66
كەلگەن	سودان	60
كەلگەن	ەكى	61
كەلگەن	تاماق	71
كەلگەن	ۇيگە	64
كەلگەن	كۇنى	67
كەلگەن	شاي	38
كەلگەن	ەدى	70
كەلگەن	كەشە	71
كەلگەن	سوڭ	68
كەلگەن	شىعار	13
كەلگەن	كەزدە	46
كەلگەن	بالا	34
كەلگەن	سونى	70
كەلگەن	ەدىم	74
كەلگەن	ەكەنسىڭ	70
كەلگەن	سوعان	71
كەلگەن	قىز	67
كەلگەن	كەتكەن	73
كەلگەن	تۋىلعان	65
كەلگەن	سياقتى	66
كەلگەن	كىسى	58
كەلگەن	بولساڭ	68
كەلگەن	كىسىلەر	60
كەلگەن	شعار	68
كەلگەن	كسى	66
كەلگەن	ادامعا	74
كەلگەن	سايىن	71
كەلگەن	جوقپا	54
كەلگەن	ۇقسايدى	67
كەلگەن	قادامىڭا	72
كەلگەن	قادامدارىڭىزعا	70
قالىڭ	عوي	68
قالىڭ	ەكەن	61
قالىڭ	ادام	49
قالىڭ	قالاي	35
قالىڭ	قار	4
قالىڭ	بالا	67
قالىڭ	مال	70
قالىڭ	توي	59
قالىڭ	قالىڭ	71
قالىڭ	قاتىن	55
قالىڭ	ەلدىڭ	71
قالىڭ	قارىز	63
قالىڭ	كيىم	53
قالىڭ	كيىپ	67
قالىڭ	جاڭبىر	63
قالىڭ	شاپان	73
قالىڭ	كيىن	58
قالىڭ	كيىنىپ	52
قالىڭ	كينىپ	20
قالىڭ	جامىلىپ	64
قىل	جانىم	70
قىل	دەپ	29
قىل	ەندى	18
قىل	دەيدى	37
قىل	دەيسىڭ	21
قىل	اياعى	21
قىلىپ	بىر	15
قىلىپ	نە	63
قىلىپ	جاتىر	70
قىلىپ	جاتىرسىڭ	28
قىلىپ	قوي	55
قىلىپ	ال	59
قىلىپ	الىپ	59
قىلىپ	تۇر	43
قىلىپ	جاتىرمىن	53
قىلىپ	ايتىپ	54
قىلىپ	وتىر	71
قىلىپ	وتىرمىن	50
قىلىپ	كەتتى	61
قىلىپ	بەر	69
قىلىپ	جۇر	69
قىلىپ	جولداپ	46
قىلىپ	اتىپ	52
قىلىپ	بەرەيىن	61
قىلىپ	قويدىم	65
قىلىپ	ەدىم	47
قىلىپ	تاۋىپ	70
قىلىپ	جۇرمىن	70
قىلىپ	الايىن	61
قىلىپ	سالىپ	62
قىلىپ	جاتقان	74
قىلىپ	قويىپ	69
قىلىپ	جۇرگەن	67
قىلىپ	العان	51
قىلىپ	جاساپ	67
قىلىپ	جۇرسىڭ	69
قىلىپ	جولداشى	52
قىلىپ	تارتىپ	61
قىلىپ	تۇرعان	69
قىلىپ	قويايىن	73
قىلىپ	تاستاپ	60
قىلىپ	وتىرسىڭ	56
قىلىپ	وتىرعان	54
قىلىپ	تۇرسىڭ	67
قىلىپ	وتىرسىڭبا	62
قىلىپ	تۇرسىڭبا	70
قىلىپ	تاستاپتى	67
قىلىپ	تەڭشەپ	67
قىلىپ	تاستاپسىڭ	69
قىلىپ	تاستادىڭ	72
قىلىپ	اتاسىڭ	72
نەبولدى	جانىم	58
نەبولدى	مەن	15
نەبولدى	دەپ	73
نەبولدى	جوق	54
نەبولدى	ەكەن	46
نەبولدى	ەندى	55
نەبولدى	نەگە	71
نەبولدى	ساعان	68
نەبولدى	تەلەفون	18
نەبولدى	دوسىم	73
نەبولدى	سوندا	51
نەبولدى	ەي	47
نەبولدى	سويلە	34
نەبولدى	رەنجىپ	70
نەبولدى	سونشا	71
قايتەم	جانىم	71
قايتەم	مەن	17
قايتەم	دەپ	51
قايتەم	بىر	24
قايتەم	سەن	72
قايتەم	ەندى	52
قايتەم	وندا	14
قايتەم	مەندە	57
قايتەم	سەنى	68
قايتەم	ساعان	58
قايتەم	دەيدى	73
قايتەم	اي	69
قايتەم	دوسىم	66
قايتەم	سوندا	73
قايتەم	ەي	44
قايتەم	دەشى	58
قايتەم	امال	19
قايتەم	قايتەم	56
قايتەم	ايتشى	60
بەرشى	جانىم	60
بەرشى	مەن	19
بەرشى	دەپ	47
بەرشى	بولدى	29
بەرشى	بىر	60
بەرشى	بار	54
بەرشى	وندا	68
بەرشى	ەرتەڭ	67
بەرشى	بۇگىن	53
بەرشى	ماعان	71
بەرشى	دەيدى	45
بەرشى	دوسىم	58
بەرشى	دەگەن	56
بەرشى	بولاما	73
بەرشى	تەز	17
بەرشى	كەرەك	63
بەرشى	قاتتى	55
بەرشى	قاجەت	63
بەرشى	رەنجىمەي	71
نان	مەن	69
نان	جوق	68
نان	بىر	44
نان	بار	69
نان	الىپ	46
نان	بولسا	41
نان	كەيىن	73
نان	بارما	58
نان	شاي	50
نان	بەرىپ	63
نان	الدىم	62
نان	كەلدى	70
نان	الايىن	67
نان	سالىپ	63
نان	قوسىپ	49
نان	اپارىپ	73
نان	جەپ	71
نان	بۇرىن	41
نان	الاتىن	73
نان	نان	62
نان	باستاپ	65
نان	سۇت	72
نان	اكەپ	52
نان	ساي	67
نان	جاۋىپ	66
نان	پىسىرىپ	24
نان	پسىرىپ	14
نان	يلەپ	32
نان	شىلاپ	25
نان	جاۇىپ	57
نان	پسرىپ	64
نان	اشتىپ	52
نان	بىسىرىپ	62
نان	پىسىرايىن	64
نان	جاپتىم	57
نان	پسىرايىن	69
نان	ىيلەپ	63
نان	پىسىردىم	66
نان	پىسىرام	70
نان	يلەيتىن	69
نان	جابايىن	65
نان	پىسىرعالى	70
نان	يلەيىن	72
نان	جاپقالى	73
كەلمە	دەپ	69
كەلمە	بولدى	14
كەلمە	دەدىم	20
كەلمە	دەدىڭ	29
كەلمەي	جاتىر	30
كەلمەي	قوي	14
كەلمەي	تۇر	64
كەلمەي	جاتىرمىن	12
كەلمەي	وتىر	46
كەلمەي	وتىرمىن	60
كەلمەي	كەتتى	74
كەلمەي	قالدى	49
كەلمەي	اق	14
كەلمەي	كەتىپ	26
كەلمەي	جۇر	73
كەلمەي	قويدى	45
كەلمەي	تۇرىپ	32
كەلمەي	جاتىپ	64
كەلمەي	قالعان	62
كەلمەي	جاتقان	44
كەلمەي	قويىپ	69
كەلمەي	جۇرگەن	67
كەلمەي	ارەڭ	68
كەلمەي	تۇرعان	59
كەلمەي	قالادى	55
كەلمەي	قالىپ	33
كەلمەي	قالىپتى	69
كەلمەي	قالپتى	68
كەلمەي	قويدىڭ	69
كەلمەي	قالسا	33
كەلمەي	قويعان	56
كەلمەي	قالدىما	69
كەلمەي	جۇرمە	39
كەلمەي	تۇرسا	68
كەلمەي	قالاتىن	67
كەلمەي	تۇرما	67
كەلمەي	قالاما	36
كەلمەي	قويادى	58
كەلمەي	جاتىرما	71
كەلمەي	تۇرعوي	58
سويلە	جانىم	65
سويلە	مەن	17
سويلە	دەپ	59
سويلە	نە	55
سويلە	نەعىپ	58
سويلە	وندا	52
سويلە	دوسىم	62
سويلە	بولاما	54
سويلە	تەز	68
سويلە	شى	39
سويلە	بارسىڭبا	19
سويلە	سويلە	61
سويلە	مەيسىڭ	24
سويلەپ	جاتىر	64
سويلەپ	جاتىرسىڭ	19
سويلەپ	قوي	46
سويلەپ	الىپ	19
سويلەپ	تۇر	63
سويلەپ	جاتىرمىن	27
سويلەپ	وتىر	29
سويلەپ	وتىرمىن	17
سويلەپ	كەتتى	36
سويلەپ	قويشى	70
سويلەپ	جۇر	62
سويلەپ	قويدىم	59
سويلەپ	ەدىم	26
سويلەپ	جۇرمىن	63
سويلەپ	جاتىپ	66
سويلەپ	تۇرمىن	54
سويلەپ	جاتقان	67
سويلەپ	قويىپ	47
سويلەپ	جۇرگەن	51
سويلەپ	سويلەپ	64
سويلەپ	تۇرعان	48
سويلەپ	قويايىن	71
سويلەپ	وتىرسىڭ	56
سويلەپ	وتىرىپ	38
سويلەپ	وتىرعان	59
سويلەپ	تۇرشى	56
سويلەپ	تۇرسىڭ	67
سويلەپ	قويساڭ	65
سويلەپ	قويعان	51
سويلەپ	قويىپتى	72
سويلەپ	قالاما	22
سويلەپ	تۇرساڭ	72
سويلەپ	قويعام	73
سويلەپ	جاتسا	54
سويلەپ	قويام	67
سويلەپ	قويادى	65
سويلەپ	جاتسام	67
سويلەپ	قويىڭىز	56
سويلەپ	قويپتى	67
سويلەپ	قويسام	36
سويلەپ	تۇرامىن	49
سويلەپ	جاتقانىم	74
سويلەپ	وتىرىڭدار	73
سويلەپ	قويىپسىڭ	69
بىزدى	بىر	73
بىزدى	الىپ	42
بىزدى	نەگە	40
بىزدى	اپارىپ	29
بىزدى	تاستاپ	43
بىزدىڭ	جاق	49
بىزدىڭ	بىر	61
بىزدىڭ	قوي	43
بىزدىڭ	ادام	70
بىزدىڭ	ەكى	49
بىزدىڭ	ۇي	69
بىزدىڭ	ۇيدە	37
بىزدىڭ	ۇيگە	18
بىزدىڭ	مىنا	15
بىزدىڭ	جۇمىس	70
بىزدىڭ	بالا	73
بىزدىڭ	جەر	69
بىزدىڭ	جەردە	69
بىزدىڭ	ماشينا	71
بىزدىڭ	قىز	70
بىزدىڭ	قىزدار	67
بىزدىڭ	كىسى	55
بىزدىڭ	جاققا	62
بىزدىڭ	جىندى	58
بىزدىڭ	بالالار	62
بىزدىڭ	ۇيدى	63
بىزدىڭ	ۇيدىڭ	59
بىزدىڭ	جاقتا	27
بىزدىڭ	ۇيدەن	43
بىزدىڭ	ساباقتاس	42
بىزدىڭ	ۇيكە	67
بىزدىڭ	كەمپىر	60
بىزدىڭ	ۇيدەگى	74
بىزدىڭ	اۋىلعا	51
بىزدىڭ	ۇيدەگىلەر	73
بىزدىڭ	اۋىلدا	69
بىزدىڭ	جاقتىڭ	73
بىزدىڭ	اۋىلدىڭ	63
بەرەدى	عوي	67
بەرەدى	جانىم	15
بەرەدى	مەن	57
بەرەدى	دەپ	62
بەرەدى	ەكەن	19
بەرەدى	بىر	11
بەرەدى	سول	67
بەرەدى	قوي	60
بەرەدى	ماعان	71
بەرەدى	ول	65
بەرەدى	ساعان	61
بەرەدى	دەيدى	73
بەرەدى	دەگەن	34
بەرەدى	ەكەنسىڭ	55
بەرەدى	ەمەسپە	31
بەرەدى	ەكەم	55
ەدىڭ	عوي	53
ەدىڭ	جانىم	6
ەدىڭ	مەن	39
ەدىڭ	دەپ	60
ەدىڭ	جوق	59
ەدىڭ	بىر	67
ەدىڭ	سول	72
ەدىڭ	سەن	62
ەدىڭ	ەندى	64
ەدىڭ	قوي	49
ەدىڭ	بۇگىن	36
ەدىڭ	ماعان	62
ەدىڭ	قايدا	71
ەدىڭ	وسى	72
ەدىڭ	عۇي	71
تار	ەكەن	68
تار	بولىپ	17
تارتىپ	جاتىر	17
تارتىپ	قوي	46
تارتىپ	ال	59
تارتىپ	الىپ	35
تارتىپ	تۇر	39
تارتىپ	جاتىرمىن	42
تارتىپ	قال	60
تارتىپ	وتىر	66
تارتىپ	وتىرمىن	60
تارتىپ	كەتتى	72
تارتىپ	جۇر	58
تارتىپ	جولدا	61
تارتىپ	جولداپ	34
تارتىپ	الدى	16
تارتىپ	الدىم	60
تارتىپ	كەتتىم	43
تارتىپ	قويدىم	68
تارتىپ	جۇرمىن	63
تارتىپ	الايىن	69
تارتىپ	الدىڭ	60
تارتىپ	جاتقان	18
تارتىپ	كەتكەن	66
تارتىپ	جۇرگەن	67
تارتىپ	العان	70
تارتىپ	كەتەدى	53
تارتىپ	جولداشى	64
تارتىپ	تارتىپ	16
تارتىپ	تۇرعان	67
تارتىپ	الام	69
تارتىپ	الادى	69
تارتىپ	كەتىپتى	70
تارتىپ	العام	70
تارتىپ	الاسىڭ	58
تارتىپ	جولداي	64
تارتىپ	الىڭىز	47
تارتىپ	جولدايىن	72
تارتىپ	جولداڭىز	58
تارتىپ	العانسىڭ	67
ساۋ	بول	70
ساۋ	بولسىن	12
ساۋ	ەكەن	9
ساۋ	بولىپ	57
ساۋ	ادام	38
ساۋ	بولسا	50
ساۋ	تۇر	16
ساۋ	وت	56
ساۋ	امان	43
ساۋ	ەمەس	59
ساۋ	باس	59
ساۋ	بوپ	30
ساۋ	كەزدە	69
ساۋ	جۇرىپ	71
ساۋ	ماڭگى	62
ساۋ	بولساڭ	73
ساۋ	ساۋ	69
ساۋ	كۇندەرىڭ	73
ساۋ	باي	54
ساۋ	بولسن	57
ساۋ	بولىڭدار	71
ساۋ	باسىڭ	65
ساۋ	كۇندەرىڭىز	47
ساۋ	وتباستارىڭ	45
ساۋ	وتباستارىڭىز	47
ساۋ	كەزىندە	58
ساۋ	سالەمەت	70
ساۋ	باستارىڭ	45
ساۋ	بولىڭىز	59
ساۋ	باستارىڭىز	50
ساۋ	وتباسىڭ	63
ساۋ	باسىمىز	58
ساۋ	قىزمەتتەرىڭىز	65
ساۋ	سالامات	43
بىلمەي	جاتىر	60
بىلمەي	تۇر	65
بىلمەي	جاتىرمىن	57
بىلمەي	وتىر	46
بىلمەي	وتىرمىن	48
بىلمەي	قالدى	17
بىلمەي	جۇر	49
بىلمەي	كەتتىم	44
بىلمەي	قالدىم	50
بىلمەي	تۇرىپ	10
بىلمەي	جۇرمىن	62
بىلمەي	تۇرمىن	49
بىلمەي	قالعان	13
بىلمەي	قالدىڭ	53
بىلمەي	جۇرگەن	47
بىلمەي	وتىرمىز	57
بىلمەي	قالادى	65
بىلمەي	قالىپ	38
بىلمەي	قالىپپىن	58
بىلمەي	قالدىق	52
بىلمەي	قالاتىن	32
بىلمەي	قالام	64
بىلمەي	قالاسىڭ	54
بىلمەي	قالامىن	41
بىلمەي	قالپپىن	61
بىلمەي	تۇرمىز	57
بىلمەي	تۇرىم	62
بىلمەيمىن	عوي	61
بىلمەيمىن	جانىم	20
بىلمەيمىن	مەن	27
بىلمەيمىن	دەپ	46
بىلمەيمىن	بىر	52
بىلمەيمىن	سول	57
بىلمەيمىن	نە	62
بىلمەيمىن	سەن	48
بىلمەيمىن	ەندى	60
بىلمەيمىن	بۇگىن	68
بىلمەيمىن	مەندە	71
بىلمەيمىن	ماعان	70
بىلمەيمىن	نەگە	68
بىلمەيمىن	ول	62
بىلمەيمىن	قايدا	68
بىلمەيمىن	سەنى	72
بىلمەيمىن	دەيدى	67
بىلمەيمىن	قالاي	62
بىلمەيمىن	ونى	69
بىلمەيمىن	بىراق	69
بىلمەيمىن	ايتەۋ	65
بىلمەيمىن	دەدىم	14
بىلمەيمىن	باسىم	70
بىلمەيمىن	ايتەۇ	66
بىلمەيمىن	ءايتەۋ	66
دەن	بىر	64
دەن	الىپ	61
دەن	كەيىن	60
دەن	بەرى	42
دەن	باسقا	53
دەن	بۇرىن	59
دەن	ساۋ	63
دەن	باستاپ	10
دەن	قۇلجاعا	45
دەن	جوعارى	61
دەن	بولامىن	55
دەن	اسا	64
دەن	تومەن	55
دەن	ساۋلىق	61
دەن	ساۇ	15
دەن	ساۋلىعى	42
دەن	ساۋلىعىڭ	33
دەن	اسقاندا	18
دەن	ساۇلىق	67
دەن	ساۋلىعىڭا	44
دەن	ساۋلىعىڭىز	42
دەن	ساۋلىقتارىڭ	46
دەن	ساۋلىقتارىڭىز	52
دەن	ساۋلعى	48
دەن	ساۋلعىڭ	58
دەن	ساۇلىعىڭ	53
دەن	ساۋلىققا	61
دەنساۋ	بولسىن	62
دەنساۋ	بولسا	7
دەنساۋ	باس	8
دەنساۋلىق	جوق	12
دەنساۋلىق	بولسىن	61
دەنساۋلىق	جاقسى	27
دەنساۋلىق	بولسا	20
دەنساۋلىق	بولادى	50
دەنساۋلىق	قالاي	59
دەنساۋلىق	جاقسىما	10
دەنساۋلىق	قانداي	7
دەنساۋلىق	كەرەك	33
دەنساۋلىق	كوڭىلدى	56
دەنساۋلىق	مىقتى	72
دەنساۋلىق	ۇشىن	44
دەنساۋلىق	بولماي	64
دەنساۋلىق	بولماسا	58
دەنساۋلىق	بەرسىن	64
دەنساۋلىق	باقىت	34
دەنساۋلىق	سيلاسىن	71
دەنساۋلىق	مول	41
دەنساۋلىق	بىرىنشى	69
دەنساۋلىق	تىلەيمىن	47
دەنساۋلىق	سىيلاسىن	36
دەنساۋلىق	تەكسەرۋ	72
دەنساۋلىق	ماڭىزدى	63
دەنساۋلىق	زور	38
دەنساۋلىق	قورعاۋ	55
دەنساۋلىق	تابىلمايدى	68
دەنساۋلىق	ورتايماس	59
قۇس	دەپ	52
قۇساپ	جوق	18
قۇساپ	بىر	70
قۇساپ	جاتىر	45
قۇساپ	تۇر	73
قۇساپ	ەكى	19
قۇساپ	ايتىپ	70
قۇساپ	وتىر	66
قۇساپ	وتىرمىن	68
قۇساپ	كەتتى	72
قۇساپ	قالدى	56
قۇساپ	جۇر	51
قۇساپ	قالدىم	64
قۇساپ	جۇرمىن	47
قۇساپ	تۇرمىن	72
قۇساپ	كەتتىڭ	39
قۇساپ	جۇرە	71
قۇساپ	جۇرگەن	62
قۇساپ	سويلەپ	72
قۇساپ	قالادى	69
قۇساپ	تۇرسىڭ	66
قۇساپ	تۇرادى	52
قۇساپ	جۇرسەڭ	45
قۇساپ	تۇراسىڭ	68
ايتشى	جانىم	70
ايتشى	مەن	15
ايتشى	دەپ	39
ايتشى	بولدى	64
ايتشى	بىر	58
ايتشى	نە	66
ايتشى	سەن	44
ايتشى	ەندى	55
ايتشى	ال	50
ايتشى	وندا	54
ايتشى	مەندە	66
ايتشى	ماعان	71
ايتشى	مەنى	39
ايتشى	نەگە	55
ايتشى	دوسىم	63
ايتشى	كىم	66
ايتشى	بولاما	72
ايتشى	سوندا	33
ايتشى	تەز	68
ايتشى	ايتشى	63
ستە	جانىم	71
ستە	دەپ	21
ستەپ	جاتىر	18
ستەپ	جاتىرسىڭ	18
ستەپ	ال	15
ستەپ	الىپ	32
ستەپ	تۇر	64
ستەپ	جاتىرمىن	65
ستەپ	كەتتى	12
ستەپ	اقشا	53
ستەپ	قاربالاس	59
ستەپ	بەر	54
ستەپ	بەرىپ	67
ستەپ	جۇر	61
ستەپ	كەتتىم	48
ستەپ	بەرە	58
ستەپ	بەرەيىن	73
ستەپ	جۇرمىن	62
ستەپ	الايىن	41
ستەپ	جاتقان	51
ستەپ	كەتكەن	32
ستەپ	شارشاپ	65
ستەپ	جاتىرمىز	62
ستەپ	جۇرگەن	48
ستەپ	جۇرىپ	49
ستەپ	جۇرسىڭ	66
ستەپ	ستەپ	55
ستەپ	جاتسىڭ	66
ستەپ	جاتىرسىڭبا	71
ستەپ	جاتىرما	38
ستەپ	جاتقام	61
ستەپ	جاتسىڭبا	60
ستەپ	جاتىرسڭبا	64
ايى	عوي	60
ايى	قانشا	16
ايى	قارسى	18
ايىت	جانىم	19
ايىت	مەن	59
ايىت	دەپ	50
ايىت	ەكەن	43
ايىت	ەندى	62
ايىت	بولىپ	71
ايىت	قوي	70
ايىت	وندا	52
ايىت	قابىل	72
ايىت	كۇنى	8
ايىت	قاشان	33
ايىت	جاساپ	63
ايىت	مەرەكە	55
ايىت	مەرەكەلەرىڭ	71
ايىت	مەرەكەلەرىڭىز	38
ايىت	مەرەكەڭ	16
ايىت	وتكەن	20
ايىت	ۇتكەن	67
ايىت	شىلاپ	68
ايىت	مەرەكەڭىز	37
ايىت	مەرەكەسى	43
ايىت	كەلۋ	57
جوعا	جانىم	73
جوعا	مەن	14
جوعا	بولدى	36
جوعا	بىر	48
جوعا	سول	62
جوعا	نە	68
جوعا	سەن	70
جوعا	ەندى	51
جوعا	بۇگىن	48
جوعا	مەندە	71
جوعا	نەگە	71
جوعا	ول	48
جوعا	سەنى	51
جوعا	ساعان	66
جوعا	ۇيدە	64
جوعا	دوسىم	72
جوعا	قويشى	59
جوعا	راس	71
جوعا	اعا	71
جوعا	وعان	71
جوعا	ەشتەڭە	68
جوعا	جەجە	43
جوعا	قاتە	67
جوعا	ونداي	67
جوعا	وقاسى	47
جوعا	قايداعى	68
جوعا	نەسى	58
جوعا	ۇيتىپ	65
جوعا	ەشتەمە	69
جوعا	ولاي	68
جوعا	نەمەنەگە	46
جوعا	رەنجىمەيمىن	71
سولاي	عوي	72
سولاي	جانىم	17
سولاي	دەپ	19
سولاي	بولسىن	41
سولاي	بولدى	34
سولاي	ەكەن	35
سولاي	بولىپ	32
سولاي	قوي	19
سولاي	بولسا	71
سولاي	بولادى	43
سولاي	دەيدى	21
سولاي	ايتىپ	69
سولاي	بىراق	71
سولاي	بوپ	73
سولاي	شىعار	54
سولاي	بولعان	45
سولاي	ويلا	57
سولاي	ويلاپ	72
سولاي	بولسادا	52
سولاي	سياقتى	58
سولاي	بولاتىن	49
سولاي	سولاي	59
سولاي	شعار	58
سولاي	بولۋ	59
سولاي	ويلايمىن	69
بىردە	جوق	68
بىردە	بىر	20
بىردە	بار	19
بىردە	بولماسا	20
بىردەم	تۇرىپ	38
بىردەمە	دەپ	8
بىردەمە	بولدى	33
بىردەمە	ەكەن	62
بىردەمە	بار	65
بىردەمە	بولىپ	51
بىردەمە	الىپ	25
بىردەمە	بولسا	23
بىردەمە	بولادى	32
بىردەمە	دەي	47
بىردەمە	دەيدى	57
بىردەمە	ايتىپ	58
بىردەمە	دەگەن	57
بىردەمە	بارما	71
بىردەمە	ىشىپ	41
بىردەمە	بەرىپ	47
بىردەمە	ىستەپ	59
بىردەمە	جولداپ	38
بىردەمە	اتىپ	55
بىردەمە	بوپ	54
بىردەمە	دەسە	50
بىردەمە	دەسەم	37
بىردەمە	شىعىپ	68
بىردەمە	تاۋىپ	68
بىردەمە	الايىن	38
بىردەمە	بولعان	56
بىردەمە	اپارىپ	71
بىردەمە	دەدى	67
بىردەمە	جاساپ	67
بىردەمە	جەپ	65
بىردەمە	قىل	48
بىردەمە	قىلىپ	52
بىردەمە	ستەپ	35
بىردەمە	بىردەمە	58
بىردەمە	جازىپ	67
بىردەمە	الام	69
بىردەمە	اكەپ	70
بىردەمە	دەسەڭ	68
بىردەمە	ايتايىن	70
بىردەمە	بولار	41
بىردەمە	اتشى	48
بىردەمە	ايتسا	69
بىردەمە	ىشتىڭبە	60
بىردەمە	ايتسام	61
بىردەمە	بولدىما	45
بىردەمە	سۇرايىن	69
بىردەمە	سۇراسام	51
بىردەمە	دەدىمە	72
بىردەمە	قىلشى	62
بىردەمە	دەۋگە	72
تۇرعان	عوي	67
تۇرعان	مەن	62
تۇرعان	جوق	68
تۇرعان	جاقسى	13
تۇرعان	بولدى	32
تۇرعان	بىر	63
تۇرعان	نە	68
تۇرعان	ادام	44
تۇرعان	بولسا	40
تۇرعان	كىم	71
تۇرعان	سوڭ	66
تۇرعان	شىعار	27
تۇرعان	كەزدە	21
تۇرعان	بالا	60
تۇرعان	ەشتەڭە	68
تۇرعان	مال	42
تۇرعان	جەر	71
تۇرعان	جەردە	49
تۇرعان	ماشينا	66
تۇرعان	جەرگە	66
تۇرعان	سياقتى	64
تۇرعان	نارسە	37
تۇرعان	قۇساپ	64
تۇرعان	جەردەن	61
تۇرعان	شعار	71
تۇرعان	ەشتەمە	54
تۇرعان	شىعارسىڭ	58
تۇرعان	جوقپا	47
تۇرعان	ورنى	58
تۇرعان	ۇقسايدى	66
تۇرعان	جوقسىڭ	57
تۇرعان	سىياقتى	40
تۇرعان	شعارسىڭ	66
تۇرعان	وقشايدى	61
تۇرعان	جوقپىن	64
تۇرعان	جەرىن	57
تۇرعان	جوقسىڭبا	73
وقاس	جوق	54
وقاسى	جوق	3
وقاسى	وقاسى	2
وقاسى	مىيۋ	70
وقاسى	جوىق	15
بوپتى	عوي	51
بوپتى	جانىم	17
بوپتى	مەن	22
بوپتى	دەپ	55
بوپتى	جاقسى	48
بوپتى	ەكەن	37
بوپتى	بىر	15
بوپتى	سول	67
بوپتى	ەندى	70
بوپتى	وندا	44
بوپتى	مەندە	18
بوپتى	بارىپ	65
بوپتى	امان	71
بوپتى	قۇتتى	57
بوپتى	دەدىم	72
بوپتى	بوپتى	67
سىز	عوي	65
سىز	مەن	39
سىز	دەپ	67
سىز	جوق	47
سىز	جاقسى	49
سىز	بىر	59
سىز	نە	50
سىز	نەعىپ	47
سىز	بار	27
سىز	ەندى	62
سىز	الىپ	72
سىز	كەلىپ	64
سىز	بۇگىن	66
سىز	ماعان	73
سىز	بارىپ	49
سىز	مەنى	68
سىز	مەنىڭ	49
سىز	قاي	69
سىز	نەگە	36
سىز	قايدا	54
سىز	وسى	36
سىز	قالاي	70
سىز	ايتىپ	72
سىز	كىم	67
سىز	دەگەن	23
سىز	قانشا	71
سىز	قاشان	68
سىز	قاربالاس	50
سىز	ايتقان	70
سىز	عانا	61
سىز	ۇشىن	69
سىز	سياقتى	48
سىز	ەكەمىز	55
سىز	دەن	48
سىز	قۇساپ	68
سىز	ايتىڭىز	65
سىز	ەكەۋمىز	57
سىز	قايجەردەن	71
سىز	بولساڭىز	70
سىز	قايداسىز	70
سىز	بىلەسىز	53
توس	جانىم	69
توس	دەپ	19
توس	مەنى	19
توسىپ	جاتىر	26
توسىپ	ال	57
توسىپ	الىپ	70
توسىپ	تۇر	63
توسىپ	جاتىرمىن	18
توسىپ	وتىر	25
توسىپ	وتىرمىن	24
توسىپ	قالدى	11
توسىپ	جۇر	56
توسىپ	قالدىم	64
توسىپ	تۇرىپ	58
توسىپ	جۇرمىن	62
توسىپ	الايىن	38
توسىپ	جاتىپ	57
توسىپ	تۇرمىن	61
توسىپ	جاتقان	19
توسىپ	جۇرگەن	72
توسىپ	تۇرعان	70
توسىپ	توسىپ	63
توسىپ	وتىرمىز	48
توسىپ	وتىرىپ	18
توسىپ	الام	64
توسىپ	وتىرعان	71
توسىپ	الامىن	57
توسىپ	قالدىق	69
توسىپ	وتىرسىڭبا	58
توسىپ	تۇرايىن	70
توسىپ	جاتقام	46
توسىپ	جاتام	70
توسىپ	تۇرام	69
توسىپ	وتىرعام	65
توسىپ	تۇرامىن	71
توسىپ	وترمىن	69
توسىپ	تۇرمىز	73
توسىپ	وتىردىم	54
توسىپ	وتىرسام	67
توسىپ	وتىرىم	65
توسىپ	وتىرايىن	70
توسىپ	وتىرامىن	66
جاققا	بىر	67
جاققا	كەل	59
جاققا	كەلىپ	24
جاققا	بارىپ	20
جاققا	نەگە	17
جاققا	كەتتى	72
جاققا	قاشان	57
جاققا	كەتىپ	50
جاققا	كەلدىم	24
جاققا	شىعىپ	72
جاققا	بارا	50
جاققا	بارام	55
جاققا	كەلە	51
جاققا	قاراپ	65
جاققا	اپارىپ	58
جاققا	كەپ	57
جاققا	كەتكەن	69
جاققا	بارايىن	58
جاققا	باراتىن	48
جاققا	بارامىن	47
جاققا	شعىپ	63
جاققا	بارامىز	72
جاققا	بارعاندا	63
جاققا	كەلگەندە	52
جاققا	قاراي	68
جاققا	بارسام	50
جاققا	بارايىق	62
جاققا	كەلسەڭ	65
جاققا	ايتتاپ	58
جاققا	كەلىڭدەر	17
جاققا	كەلگەم	40
جاققا	باراسىڭبا	64
جاققا	بارساڭ	56
جاققا	باردىڭبا	60
جاققا	ايتاپ	69
جاققا	بارعالى	34
جاققا	كەلمەيسىڭبە	68
جاققا	كەلىڭىز	46
جاققا	كەلىڭىزدەر	63
جاققا	ايتشىلاپ	49
جاققا	كەلڭدەر	58
جاققا	قويار	72
دار	عوي	70
دار	جانىم	39
دار	مەن	54
دار	دەپ	64
دار	بار	64
دار	بولسا	49
دار	بارما	58
دارى	عوي	57
دارى	دەپ	66
دارى	جوق	72
دارى	جاقسى	48
دارى	ەكەن	69
دارى	بار	52
دارى	ال	36
دارى	الىپ	67
دارى	بولسا	17
دارى	ەمەس	55
دارى	بارما	67
دارى	ىش	44
دارى	ىشىپ	36
دارى	بەرىپ	14
دارى	الدىم	31
دارى	الايىن	47
دارى	سالىپ	48
دارى	الدىڭبا	53
دارى	اپارىپ	72
دارى	جەپ	61
دارى	الاتىن	71
دارى	بەرەدى	67
دارى	بىردەمە	69
دارى	الام	61
دارى	اكەپ	65
دارى	الامىن	52
دارى	بەرگەن	71
دارى	قۇيىپ	62
دارى	بەردى	69
دارى	بەردىم	36
دارى	شىپ	68
دارى	ىشتىڭبە	47
دارى	اكەلىپ	43
دارى	وكىل	69
دارى	ۇكىل	66
دارى	ىستەتىپ	68
دارى	جاعىپ	64
دارى	ىشپ	46
دارى	ىشتىم	63
دارى	ىشەيىن	45
دارى	ىشسەڭ	70
دارى	شتىم	66
دارى	دارمەك	71
ەرتەرەك	جاقسى	58
ەرتەرەك	بار	69
ەرتەرەك	الىپ	67
ەرتەرەك	كەل	61
ەرتەرەك	كەلىپ	26
ەرتەرەك	بولسا	37
ەرتەرەك	بارىپ	63
ەرتەرەك	نەگە	31
ەرتەرەك	ايت	55
ەرتەرەك	ايتىپ	72
ەرتەرەك	قايت	32
ەرتەرەك	ۇيقتا	37
ەرتەرەك	ۇيقتاپ	34
ەرتەرەك	قايتىپ	70
ەرتەرەك	شىعىپ	38
ەرتەرەك	تۇرىپ	62
ەرتەرەك	كەلە	62
ەرتەرەك	جاتىپ	72
ەرتەرەك	تۇسىپ	57
ەرتەرەك	دەم	63
ەرتەرەك	ۇيىقتا	31
ەرتەرەك	دەمال	51
ەرتەرەك	دەمالىپ	11
ەرتەرەك	بارايىق	64
ەرتەرەك	كەلسەڭ	60
ەرتەرەك	ۇيقتاي	65
ەرتەرەك	ايتساڭ	57
ەرتەرەك	شىق	38
ەرتەرەك	كەلىڭدەر	56
ەرتەرەك	ساقايىپ	61
ەرتەرەك	جازىلىپ	24
ەرتەرەك	قايىت	65
ەرتەرەك	دەمالا	50
ەرتەرەك	دەمالايىن	49
ەرتەرەك	قايتىڭدار	66
ەرتەرەك	دەمالىڭىز	72
ەرتەرەك	دەمالاعوي	53
ەرتەرەك	ساۋىعىپ	58
ەرتەرەك	دەمالىڭدار	62
ەس	جوق	70
ەس	اقىل	15
ەس	اقىلدى	18
ەس	اقىلى	17
ەس	اقىلىڭ	31
ەس	اقىلىڭدى	31
ەس	اقىلىن	22
ەس	اقىلىم	21
ەس	اقىلىمدى	24
ەس	اقىلدان	34
ەسەن	بول	33
ەسەن	بولسىن	68
ەسەن	جاقسى	44
ەسەن	بولىپ	68
ەسەن	جاتىر	55
ەسەن	كەل	71
ەسەن	كەلىپ	56
ەسەن	بولسا	22
ەسەن	بارىپ	62
ەسەن	ۇيگە	18
ەسەن	جۇر	63
ەسەن	كەپ	60
ەسەن	جاتىرمىز	68
ەسەن	جۇرە	48
ەسەن	جۇرىپ	34
ەسەن	بولساڭ	15
ەسەن	ساۋ	70
ەسەن	جەتىپ	61
ەسەن	كەلىڭدەر	10
ەسەن	جاتىرسىڭبا	62
ەسەن	جاتىرسىڭدارما	55
ەسەن	جەتە	16
ەسەن	جۇرسەڭ	60
ەسەن	جۇرسىڭبە	62
ەسەن	تۋىپ	63
ەسەن	قونىپ	65
ەسەن	بولايىق	51
ەسەن	بولىڭىزدار	59
ەسەن	جاتىرسىزدارما	56
ەسەن	بوسانىپ	29
دەيىن	مەن	41
دەيىن	دەپ	60
دەيىن	بولسىن	44
دەيىن	جاقسى	52
دەيىن	بىر	69
دەيىن	نە	41
دەيىن	نەعىپ	65
دەيىن	بار	68
دەيىن	الىپ	51
دەيىن	كەلىپ	64
دەيىن	بارىپ	50
دەيىن	ەكى	47
دەيىن	ساعان	71
دەيىن	تەلەفون	71
دەيىن	اقشا	63
دەيىن	تاعى	59
دەيىن	بەرىپ	70
دەيىن	ىستەپ	62
دەيىن	اتىپ	67
دەيىن	دەسەم	63
دەيىن	تاۋىپ	28
دەيىن	عانا	51
دەيىن	دەگەم	71
دەيىن	دەسەڭ	56
دەيىن	كىرەسى	70
دەيىن	توك	57
ماي	مەن	66
ماي	جوق	71
ماي	بولسىن	25
ماي	ەكەن	45
ماي	بىر	68
ماي	بار	66
ماي	بولىپ	46
ماي	الىپ	54
ماي	بولسا	45
ماي	بارما	65
ماي	از	51
ماي	جول	66
ماي	الايىن	63
ماي	سالىپ	71
ماي	قويىپ	70
ماي	الاتىن	67
ماي	نان	66
ماي	ماي	30
ماي	پۇل	55
ماي	اقى	48
ماي	قۇيىپ	56
ماي	جولعا	15
ماي	جاعىپ	68
ماي	موتا	39
ماي	قۇيدىم	70
ماي	قۇرت	48
ماي	ساسىپ	67
ماي	قۇيا	69
ماي	قۇياتىن	59
ماي	قۇيايىن	31
ماي	اقىسى	46
ماي	اقسى	52
ماي	قۇيام	52
ماي	اقىسىن	50
ماي	داق	53
ماي	اقسىن	69
ماي	قۇيامىن	58
ماي	قۇيپ	62
ماي	قۇيعالى	71
ماي	جۇقپايتىن	72
باسى	جوق	62
باسى	بار	37
باسى	امان	25
باسى	بارما	41
باسى	اۋىرىپ	23
باسى	ارتىق	22
باسى	بوس	46
باسى	اۋرىپ	14
باسى	كوز	57
باسى	اينالىپ	17
باسى	قاتىپ	44
باسى	كۇز	40
باسى	قاسىندا	24
باسى	كوزىن	42
باسى	كوزىمدى	38
باسى	كوزىڭدى	32
باسى	كۇزىن	46
باسى	كۇزىمدى	43
باسى	كۇزىڭدى	37
باسىم	دەپ	53
باسىم	جاقسى	60
باسىم	بىر	69
باسىم	بار	69
باسىم	بولىپ	61
باسىم	اي	64
باسىم	امان	62
باسىم	دەگەن	47
باسىم	بىراز	72
باسىم	اۋىرىپ	56
باسىم	قاتتى	6
باسىم	قيىن	19
باسىم	تۇسىپ	68
باسىم	ەرەكشە	67
باسىم	بوس	64
باسىم	اۋرىپ	22
باسىم	اينالىپ	20
باسىم	قاتىپ	25
باسىم	اۇىرىپ	18
باسىم	ايلانىپ	35
باسىم	اۋىرادى	42
باسىم	اۇرىپ	58
باسىم	اۋىردى	48
باسىم	اۋرپ	51
باسىم	اۋىرعاندا	57
باسىم	اۋىرپ	46
باسىم	اۋرعاندا	67
ونىڭ	جاقسى	67
ونىڭ	بىر	55
ونىڭ	نە	56
ونىڭ	بارى	24
ونىڭ	كىم	39
ونىڭ	ۇزى	70
ونىڭ	قانداي	51
ونىڭ	راس	44
ونىڭ	وزى	60
ونىڭ	اتى	48
ونىڭ	دۇرىس	68
ونىڭ	بارىن	59
ونىڭ	ۇيى	24
ونىڭ	اقشاسى	69
ونىڭ	اقشاسىن	71
ونىڭ	نەسى	62
ونىڭ	ىشىندە	43
ونىڭ	ءوزى	70
ونىڭ	دۇرس	71
ونىڭ	الدىندا	63
ونىڭ	بالاسى	41
ونىڭ	ۇستىنە	71
ونىڭ	بارىنە	10
ونىڭ	قاسىندا	68
ونىڭ	ايەلى	57
ونىڭ	ويى	67
ونىڭ	كۇيەۋى	64
ونىڭ	سىرتىندا	68
ونىڭ	بەتىن	46
ونىڭ	ۇستنە	55
وتىرمىز	عوي	31
وتىرمىز	جانىم	22
وتىرمىز	دەپ	22
وتىرمىز	سول	60
وتىرمىز	ەندى	51
وتىرمىز	تاماق	62
وتىرمىز	دەيدى	65
وتىرمىز	ۇيدە	66
وتىرمىز	شاي	71
وتىرمىز	اڭگىمە	66
كۇش	جوق	65
كۇش	بەرمەي	29
كۇش	بەرمەيدى	14
كۇش	بايسالدى	32
كۇش	قۋات	7
كۇشتى	عوي	21
كۇشتى	جانىم	16
كۇشتى	دەپ	33
كۇشتى	بولسىن	68
كۇشتى	بولدى	41
كۇشتى	ەكەن	61
كۇشتى	بولىپ	13
كۇشتى	بولسا	34
كۇشتى	بولادى	53
كۇشتى	تاماق	47
كۇشتى	ان	52
كۇشتى	بوپ	71
كۇشتى	بولعان	65
كۇشتى	كەرەمەت	64
كۇشتى	بولىپتى	61
كۇشتى	بوپتى	46
كۇشتى	كۇشتى	71
كۇشتى	بولپتى	50
كۇشتى	مەكەن	64
كۇشتى	ءان	64
قالادى	عوي	66
قالادى	جانىم	13
قالادى	مەن	50
قالادى	دەپ	69
قالادى	ەكەن	22
قالادى	بىر	12
قالادى	سول	68
قالادى	قوي	66
قالادى	وسى	62
قالادى	دەيدى	71
قالادى	دەگەن	45
قالادى	ەكەنسىڭ	68
قالادى	ەمەسپە	20
قالادى	ەكەم	46
قالادى	ەكەمىز	23
قالادى	كەيدە	68
قالادى	ەكەسىڭ	64
قالادى	ەكەنبىز	66
قالادى	ەكەنمىن	62
قالادى	ەكەمىن	55
بىزدە	جوق	66
بىزدە	جاقسى	47
بىزدە	بىر	25
بىزدە	سول	36
بىزدە	نە	18
بىزدە	بار	71
بىزدە	ەندى	53
بىزدە	الى	25
بىزدە	كەلىپ	71
بىزدە	ەرتەڭ	56
بىزدە	ادام	62
بىزدە	بۇگىن	69
بىزدە	بارى	51
بىزدە	بارىپ	47
بىزدە	ەكى	57
بىزدە	تاماق	60
بىزدە	ۇيدە	39
بىزدە	ۇيگە	49
بىزدە	كۇن	55
بىزدە	امان	66
بىزدە	امانشىلىق	42
بىزدە	اقشا	19
بىزدە	قاربالاس	63
بىزدە	ىشىپ	51
بىزدە	بىراز	70
بىزدە	شاي	64
بىزدە	از	46
بىزدە	ازىر	65
بىزدە	جاڭا	52
بىزدە	كەلە	58
بىزدە	مال	70
بىزدە	جاڭە	71
بىزدە	جاتىرمىز	54
بىزدە	سۇيتىپ	43
بىزدە	ونداي	67
بىزدە	وتىرمىز	63
بىزدە	بارامىز	65
بىزدە	كەلدىك	53
بىزدە	تاياپ	69
بىزدە	جاڭبىر	65
بىزدە	قايتامىز	72
بىزدە	جاتتىق	66
بىزدە	قايتتىق	62
بىزدە	جاقسىمىز	63
نەشە	بولدى	68
نەشە	ەكەن	55
نەشە	ادام	58
نەشە	اي	19
نەشە	كۇن	36
نەشە	يۋان	10
نەشە	جول	60
نەشە	بالا	53
نەشە	ۋاق	61
نەشە	ۋاقىت	69
نەشە	سوم	60
نەشە	كۇندە	65
نەشە	ساعات	22
نەشە	مىڭ	40
نەشە	جاس	46
نەشە	جۇز	69
نەشە	تۇرلى	57
نەشە	جىل	26
نەشە	تال	18
نەشە	رەت	54
نەشە	كۇننەن	17
نەشە	كۇنگە	19
نەشە	كۇندىك	60
نەشە	بالاڭ	66
نەشە	كيلى	47
نەشە	جىلدان	58
نەشە	كۇننىڭ	45
نەشە	ىرەت	58
نەشە	كۇنەن	51
نەشە	جىلدىڭ	61
نەشە	ايكىس	61
قويا	عوي	65
قويا	سال	34
قويا	تۇر	15
قويا	قال	43
قويا	بەر	51
قويا	بەرىپ	26
قويا	الماي	31
قويا	بەرە	48
قويا	بەرەيىن	40
قويا	سالىپ	40
قويا	بەرەم	38
قويا	بەرەدى	50
قويا	المايمىن	47
قويا	بەردى	52
قويا	بەردىم	44
قويا	سالشى	35
قويا	سالايىن	28
قويا	سالدى	45
قويا	سالدىم	41
قويا	سالساڭ	33
قويا	سالىڭىز	39
قويا	سالدىڭ	39
قويا	سالاسىڭ	17
قويايىن	جانىم	46
قويايىن	مەن	35
قويايىن	دەپ	62
قويايىن	بولدى	12
قويايىن	بىر	54
قويايىن	سەن	68
قويايىن	ەندى	59
قويايىن	وندا	65
قويايىن	ەرتەڭ	45
قويايىن	ساعان	63
قويايىن	دەيدى	65
قويايىن	دەگەن	65
قويايىن	بولاما	63
قويايىن	دەسەم	47
قويايىن	دەدىم	34
قويايىن	دەگەم	58
قويايىن	دەگەنىم	23
بولدىڭ	عوي	54
بولدىڭ	جانىم	6
بولدىڭ	مەن	36
بولدىڭ	دەپ	65
بولدىڭ	سەن	53
بولدىڭ	ەندى	70
بولدىڭ	قوي	60
بولدىڭ	سوندا	30
بولدىڭ	ەمەسپە	67
بولدىڭ	عۇي	59
بولدىڭ	اتىڭ	71
بولدىڭ	تانسا	60
تاس	ەكەن	54
تاس	بار	36
تاس	قالدى	24
تاس	جول	48
تاس	قالدىم	42
تاس	تاۋىپ	42
تاس	قاراپ	47
تاس	باۋىر	49
تاس	جۇرەك	46
تاس	تەرىپ	29
تاستا	جانىم	20
تاستا	مەن	35
تاستا	دەپ	51
تاستا	بولدى	23
تاستا	وندا	51
تاستا	مەنى	46
تاستا	دەيدى	51
تاستا	بولاما	47
تاستاپ	بىر	29
تاستاپ	ەندى	62
تاستاپ	قوي	57
تاستاپ	كەلىپ	58
تاستاپ	جاتىرمىن	65
تاستاپ	قايدا	65
تاستاپ	ۇيگە	68
تاستاپ	وتىر	62
تاستاپ	وتىرمىن	70
تاستاپ	كەت	63
تاستاپ	كەتتى	39
تاستاپ	بىراق	37
تاستاپ	كەتىپ	55
تاستاپ	قايتا	31
تاستاپ	قايتىپ	51
تاستاپ	كەتتىم	55
تاستاپ	كەلدىم	48
تاستاپ	قويدىم	67
تاستاپ	ەدىم	18
تاستاپ	كەتتىڭ	40
تاستاپ	قويىپ	51
تاستاپ	كەتكەن	49
تاستاپ	بارايىن	34
تاستاپ	كەتە	65
تاستاپ	كەتەدى	42
تاستاپ	ەدىڭ	52
تاستاپ	كەتىپتى	67
تاستاپ	كەتەم	63
تاستاپ	كەتەتىن	48
تاستاپ	كەتسە	55
تاستاپ	جۇرمە	66
تاستاپ	كەتپتى	70
تاستاپ	قاشىپ	64
تاستاپ	كەتەيىن	68
تاستاپ	كەتەسىڭ	51
تاستاپ	كەتسەڭ	60
تاستاپ	كەتەمىن	46
تاستاپ	كەتسەم	66
تاستاپ	كەتىڭ	58
تاستاپ	كەتكەم	70
تاستاپ	قويدىق	55
تاستاپ	كەتەمە	51
تاستاپ	قويىڭىزدار	68
تاستاپ	قويساڭىزدار	41
تاستاپ	كەتەسىڭبە	67
تاستاپ	قويىڭىزدارشى	65
وزىم	عوي	61
وزىم	دەپ	57
وزىم	جاقسى	55
وزىم	بىر	46
وزىم	سول	40
وزىم	الىپ	53
وزىم	بارىپ	40
وزىم	ۇيدە	35
وزىم	تەلەفون	48
وزىم	ايتىپ	70
وزىم	اق	70
وزىم	ىستەپ	61
وزىم	اۋىرىپ	65
وزىم	كورىپ	65
وزىم	تاۋىپ	70
وزىم	الايىن	71
وزىم	بارا	65
وزىم	بارام	68
وزىم	عانا	58
وزىم	قاراپ	38
وزىم	اپارىپ	62
وزىم	ايتام	53
وزىم	ۇشىن	69
وزىم	بارايىن	64
وزىم	شارشاپ	63
وزىم	سياقتى	71
وزىم	جالعىز	68
وزىم	ارەڭ	36
وزىم	الام	53
وزىم	بىلەم	60
وزىم	الامىن	23
وزىم	قابارلاسىپ	71
وزىم	قابارلاسايىن	69
وزىم	ىستەتىپ	55
وزىم	بىلەمىن	70
وزىم	قابارلاسام	57
وزىم	قارايمىن	48
قالايسىڭ	جانىم	69
قالايسىڭ	دەپ	19
قالايسىڭ	جاقسى	68
قالايسىڭ	نەعىپ	49
قالايسىڭ	وسى	51
قالايسىڭ	دوسىم	71
قالايسىڭ	امانشىلىق	32
قالايسىڭ	جاقسىما	68
قالايسىڭ	ۇزى	8
قالايسىڭ	امانسىڭبا	64
قالايسىڭ	دەنساۋلىق	70
قالايسىڭ	دار	69
قالايسىڭ	دەنساۋلىعىڭ	64
قالايسىڭ	جاقسىڭبا	34
سومەن	جانىم	47
سومەن	مەن	34
سومەن	جوق	71
سومەن	سول	62
سومەن	نە	54
سومەن	نەعىپ	20
سومەن	ەندى	10
سومەن	كەلىپ	70
سومەن	ەرتەڭ	69
سومەن	بۇگىن	68
سومەن	بارىپ	54
سومەن	قاي	71
سومەن	جاتىرمىن	71
سومەن	قايدا	62
سومەن	تاماق	35
سومەن	ۇيدە	69
سومەن	ۇيگە	58
سومەن	بىرگە	70
سومەن	وتىرمىن	68
سومەن	دوسىم	70
سومەن	امان	55
سومەن	ۇزىڭ	61
سومەن	قاشان	58
سومەن	قاربالاس	71
سومەن	قانداي	46
سومەن	ىستەپ	70
سومەن	ۇيقتاپ	69
سومەن	وزىڭ	71
سومەن	قايداسىڭ	67
سومەن	اڭگىمە	53
سومەن	نەستەپ	48
سىزگە	بىر	60
سىزگە	نە	39
سىزگە	راحىمەت	37
سىزگە	بارىپ	59
سىزگە	تەلەفون	71
سىزگە	ايتىپ	64
سىزگە	بىرگە	52
سىزگە	كوپ	54
سىزگە	جولداپ	51
سىزگە	اعا	60
سىزگە	اتىپ	69
سىزگە	قاراپ	56
سىزگە	ايتايىن	58
سىزگە	ايتقانىڭىز	65
سىزگە	سەنىپ	59
سىزگە	مەيىربان	61
سىزگە	سەندىم	43
ناق	مەن	68
ناق	بولسىن	66
ناق	جاقسى	66
ناق	بىر	58
ناق	سول	59
ناق	سەن	48
ناق	قوي	54
ناق	بولسا	69
ناق	قاي	62
ناق	وسى	66
ناق	اقشا	52
ناق	قانشا	19
ناق	ۇزى	57
ناق	قاشان	66
ناق	وزى	65
ناق	ايتتىڭ	69
ناق	ايتام	56
ناق	شىن	66
ناق	ايتىڭ	70
ناق	سونداي	63
ناق	الاتىن	57
ناق	ايتشى	58
ناق	ناق	69
ناق	جىندى	70
ناق	زات	50
ناق	پۇل	12
ناق	ايتاسىڭ	34
ناق	قانشاعا	18
ناق	مايدان	64
ناق	اقشاعا	58
ناق	ايتاسىز	61
ناق	مايداندا	65
باسىپ	بولىپ	46
باسىپ	جاتىر	69
باسىپ	قوي	43
باسىپ	ال	56
باسىپ	الىپ	43
باسىپ	تۇر	31
باسىپ	جاتىرمىن	42
باسىپ	وتىر	36
باسىپ	وتىرمىن	71
باسىپ	كەتتى	63
باسىپ	قالدى	36
باسىپ	كەتىپ	51
باسىپ	بەرىپ	71
باسىپ	جۇر	70
باسىپ	الدى	62
باسىپ	الدىم	60
باسىپ	كەتتىم	62
باسىپ	قالدىم	65
باسىپ	بەرەيىن	69
باسىپ	قويدىم	64
باسىپ	تۇرىپ	24
باسىپ	جۇرمىن	67
باسىپ	الايىن	69
باسىپ	قالعان	68
باسىپ	اپارىپ	67
باسىپ	قويىپ	63
باسىپ	كەتكەن	51
باسىپ	جاتىرمىز	62
باسىپ	العان	66
باسىپ	كەتەدى	70
باسىپ	قويايىن	71
باسىپ	تاستاپ	69
باسىپ	باسىپ	54
باسىپ	كەتىپتى	58
باسىپ	قويعام	64
باسىپ	قويدىق	62
باسىپ	تاستاعام	64
باسىپ	جىبەرشى	63
جەتكەن	جوق	68
جەتكەن	قايدا	71
جەتكەن	ايت	52
جەتكەن	سوڭ	17
جەتكەن	ايتتىڭ	52
جەتكەن	جاڭا	58
جەتكەن	تۋىلعان	59
جەتكەن	ايتىڭ	21
جەتكەن	وراز	29
جەتكەن	ورازا	16
جەتكەن	ايىت	6
جەتكەن	ايتتارىڭ	18
جەتكەن	ايتتارىڭىز	47
جەتكەن	ايتىڭىز	37
جەتكەن	مەرەكەلەرىڭ	49
جەتكەن	مەرەكەلەرىڭىز	65
جەتكەن	مەرەكەڭ	46
جەتكەن	ايتارىڭ	46
جەتكەن	ايتارىڭىز	58
جەتكەن	مەرەكەڭىز	54
جەتكەن	قۇربان	52
دەم	ال	49
دەم	الىپ	11
دەم	الماي	11
دەم	الدى	60
دەم	الدىم	59
دەم	الايىن	18
دەم	الدىڭ	20
دەم	الدىڭبا	68
دەم	العان	37
دەم	الاتىن	47
دەم	الام	45
دەم	الادى	35
دەم	الامىن	39
دەم	الس	46
دەم	الساڭ	39
دەم	السام	54
دەم	العام	63
دەم	الاسىڭ	53
دەم	الدىق	51
دەم	الپ	53
دەم	الامىز	60
دەم	الاسىڭبا	54
دەم	الايىق	54
دەم	الشى	36
دەم	الىڭىز	54
دەم	السىن	36
دەم	الىس	64
دەم	الىڭدار	19
دەم	العاندا	58
دەم	الاعوي	51
دەم	الساڭشى	49
دەم	الستا	71
دەم	الىستا	59
قايرلى	بولسىن	65
قايرلى	كۇن	38
قايرلى	تاڭ	40
قايرلى	كەش	4
قايرلى	تۇن	15
قايرلى	تۇس	11
وڭ	بولسىن	19
وڭ	جاق	28
وڭ	جاعىمەن	12
وڭاي	عوي	21
وڭاي	دەپ	29
وڭاي	ەكەن	68
وڭاي	بولىپ	38
وڭاي	ادام	44
وڭاي	بولسا	39
وڭاي	اقشا	62
وڭاي	ەمەس	50
وڭاي	ىس	4
وڭاي	جۇمىس	61
وڭاي	بولعان	55
وڭاي	بولماي	70
وڭاي	بولمايدى	53
وڭاي	نارسە	70
وڭاي	بولمادى	62
وڭاي	سۇلۋ	47
وڭاي	شارۋا	56
وڭاي	ادامبا	69
وڭاي	ەمەسقوي	70
تۇرلى	عوي	58
تۇرلى	جاقسى	39
تۇرلى	ەكەن	46
تۇرلى	بولىپ	31
تۇرلى	ادام	11
تۇرلى	بولادى	51
تۇرلى	سەنى	36
تۇرلى	تاماق	67
تۇرلى	ايتەۋ	68
تۇرلى	بوپ	68
تۇرلى	اۋىرىپ	32
تۇرلى	بولدىم	52
تۇرلى	جامان	64
تۇرلى	ويلاپ	66
تۇرلى	شارشاپ	70
تۇرلى	جۇرەگىم	52
تۇرلى	تاتتى	61
تۇرلى	نارسە	68
تۇرلى	ساعىنىپ	64
تۇرلى	قىلىپ	58
تۇرلى	دارى	61
تۇرلى	تۇرلى	65
تۇرلى	سۋىق	45
تۇرلى	ساي	70
تۇرلى	تۇرادى	50
تۇرلى	ساعنىپ	71
تۇرلى	تۇستى	58
بىلايدە	جان	61
بىلايدە	جانىم	71
بىلايدە	مەن	11
بىلايدە	جاقسى	41
بىلايدە	بولدى	30
بىلايدە	سول	58
بىلايدە	سەن	43
بىلايدە	ماقۇل	70
بىلايدە	وندا	63
بىلايدە	مەندە	33
بىلايدە	ول	47
بىلايدە	جارايدى	67
بىلايدە	دوسىم	20
بىلايدە	دۇرىس	44
بىلايدە	اس	64
بىلايدە	بوپتى	68
بىلايدە	باسە	70
سۋ	عوي	59
سۋ	مەن	70
سۋ	جوق	65
سۋ	ەكەن	19
سۋ	بار	62
سۋ	بولىپ	38
سۋ	الىپ	36
سۋ	كەلىپ	34
سۋ	بولسا	61
سۋ	بارما	69
سۋ	ىش	42
سۋ	ىشىپ	55
سۋ	كوپ	34
سۋ	بەرىپ	57
سۋ	بوپ	50
سۋ	كەلدى	69
سۋ	شىعىپ	65
سۋ	جاڭا	59
سۋ	قوسىپ	49
سۋ	اپارىپ	71
سۋ	كۇپ	71
سۋ	قويىپ	69
سۋ	ماي	70
سۋ	باسىپ	57
سۋ	سۋ	53
سۋ	كىرىپ	59
سۋ	اكەپ	69
سۋ	پۇل	62
سۋ	اقى	70
سۋ	قۇيىپ	70
سۋ	توقتاپ	22
سۋ	اكەلىپ	50
سۋ	جەتپەي	70
سۋ	قايناتىپ	57
سۋ	ىشەتىن	57
سۋ	تاسىپ	67
سۋ	اعىپ	59
سۋ	توقتايدى	35
سۋ	تولىقتاۋ	63
سۋ	اپاتى	59
سۋ	تازارتۋ	65
سۋ	سەپكەندەي	64
بىلە	عوي	68
بىلە	الماي	17
بىلە	الدىڭبا	11
بىلە	تۇرا	24
بىلە	المادىم	19
بىلەدى	عوي	15
بىلەدى	جانىم	15
بىلەدى	مەن	42
بىلەدى	دەپ	47
بىلەدى	ەكەن	48
بىلەدى	بىر	24
بىلەدى	سول	60
بىلەدى	نە	68
بىلەدى	سەن	57
بىلەدى	ەندى	57
بىلەدى	قوي	45
بىلەدى	مەنىڭ	69
بىلەدى	ول	69
بىلەدى	دەيدى	54
بىلەدى	ونى	64
بىلەدى	ايتەۋ	55
بىلەدى	ەكەنسىڭ	36
بىلەدى	ەمەسپە	34
جىندى	عوي	65
جىندى	مەن	24
جىندى	دەپ	62
جىندى	بولدى	51
جىندى	ەكەن	51
جىندى	سول	17
جىندى	بولىپ	37
جىندى	ادام	15
جىندى	ەمەس	51
جىندى	بوپ	40
جىندى	بولعان	37
جىندى	ەكەنسىڭ	60
جىندى	بولدىم	49
جىندى	ەمەسپە	50
جىندى	قىز	63
جىندى	بولما	20
جىندى	بولاتىن	65
جىندى	قىلىپ	54
جىندى	قۇساپ	48
جىندى	قاتىن	45
جىندى	بولدىڭبا	39
جىندى	ەمەسپىن	56
جىندى	بولايىن	34
جىندى	قىلادى	40
جىندى	قىلدى	66
جىندى	قىلدىڭ	67
جىندى	ەمەسبىن	68
جىندى	بولماشى	70
وتە	جاقسى	58
وتە	بىر	19
وتە	ەرتە	65
وتە	اق	46
وتە	قاربالاس	61
وتە	كوپ	45
وتە	از	20
وتە	الماي	50
وتە	تەز	51
وتە	اۋىر	51
وتە	كەلە	50
وتە	قاتتى	54
وتە	سالىپ	44
وتە	قيىن	68
وتە	دۇرىس	40
وتە	مىقتى	26
وتە	ۇلكەن	62
وتە	كەرەمەت	52
وتە	جامان	19
وتە	جاي	45
وتە	شارشاپ	35
وتە	كۇشتى	55
وتە	وتە	45
وتە	ارتىق	67
وتە	سۋىق	57
وتە	ۇزاق	62
وتە	تازا	52
وتە	دۇرس	68
وتە	جاقىن	53
وتە	ادەمى	56
وتە	شىعادى	54
وتە	قولايلى	55
وتە	قىيىن	52
وتە	اسىپ	62
وتە	شىقتى	53
وتە	كىشكەنە	60
وتە	ارزان	62
وتە	جوعارى	53
وتە	قىمبات	45
وتە	تومەن	47
وتە	تاماشا	48
وتە	جۋاس	57
وتە	ماڭىزدى	67
وتە	ارىق	70
وتە	ناشار	65
وتە	جۇقا	60
وتە	موتە	70
ىراحىمەت	جانىم	70
ىراحىمەت	ساعان	12
ىراحىمەت	بىرگە	56
ىراحىمەت	دوسىم	24
ىراحىمەت	اعا	28
ىراحىمەت	ايتقانىڭ	49
ىراحىمەت	جەجە	19
ىراحىمەت	اينالايىن	54
ىراحىمەت	سىزگە	54
ىراحىمەت	ىراحىمەت	20
ىراحىمەت	باۋىرىم	28
ىراحىمەت	التىن	64
ىراحىمەت	ايتقانىڭىز	68
ىراحىمەت	بارلىقتارىڭىزعا	42
ىراحىمەت	وزىڭە	63
ىراحىمەت	ۇزىڭە	67
ىراحىمەت	جاندارىم	64
ىراحىمەت	اسابا	66
ىراحىمەت	سىزدەرگە	67
ىراحىمەت	ايتقاندارىڭىز	63
ارت	جاق	69
ارت	جاققا	20
ارت	جاقتا	16
ارت	ارتىنان	13
ارت	جاقتان	9
ارت	جاعى	20
ارت	جاعىن	21
ارت	جاقتاعى	19
ارت	جاقتى	19
ارت	ارتنان	25
ارتى	جوق	25
ارتى	جاقسى	20
ارتى	نە	18
ارتى	قايىرلى	28
ارتى	توي	15
ارتى	قايرلى	35
ارتىق	دەپ	36
ارتىق	جوق	68
ارتىق	جاقسى	60
ارتىق	بولدى	40
ارتىق	ەكەن	58
ارتىق	بىر	44
ارتىق	نە	57
ارتىق	بار	48
ارتىق	بولىپ	49
ارتىق	قوي	35
ارتىق	ادام	43
ارتىق	بولسا	35
ارتىق	ايتىپ	35
ارتىق	كەتتى	49
ارتىق	اقشا	69
ارتىق	دەگەن	34
ارتىق	ەمەس	68
ارتىق	بارما	33
ارتىق	كەتىپ	64
ارتىق	قانداي	51
ارتىق	بەرىپ	69
ارتىق	جۇمىس	68
ارتىق	اتىپ	70
ارتىق	بوپ	57
ارتىق	كورىپ	67
ارتىق	ايتقان	66
ارتىق	ەشتەڭە	61
ارتىق	ويلاپ	51
ارتىق	كەتكەن	31
ارتىق	بولمايدى	40
ارتىق	اڭگىمە	65
ارتىق	نارسە	56
ارتىق	سويلەپ	54
ارتىق	سۇيلەپ	57
ارتىق	زات	67
ارتىق	باقىت	56
ارتىق	سوز	59
ارتىق	ەشتەمە	44
ارتىق	سۇز	69
ارتىق	اۋىز	46
ارتىق	كەتسە	62
ارتىق	ايتسام	30
ارتىق	كورەم	34
ارتىق	كەم	69
ارتىق	كەتسەم	68
ارتىق	ويلاما	49
ارتىق	تالاپ	55
ارتىق	اۋىس	52
ارتىق	تالابىم	63
بالام	عوي	67
بالام	مەن	69
بالام	دەپ	51
بالام	جوق	45
بالام	جاقسى	58
بالام	بىر	49
بالام	سول	67
بالام	نە	68
بالام	نەعىپ	68
بالام	بار	48
بالام	سەن	16
بالام	ەندى	66
بالام	راحىمەت	69
بالام	الىپ	67
بالام	كەلىپ	65
بالام	بۇگىن	61
بالام	قايدا	68
بالام	تاماق	68
بالام	تەلەفون	66
بالام	اي	66
بالام	امان	59
بالام	امانسىڭبا	43
بالام	ۇيقتاپ	70
بالام	اۋىرىپ	64
بالام	ايتقانىڭ	38
بالام	ۇشىن	66
بالام	تۋىلعان	43
بالام	ەكەمىز	44
بالام	ۇستاپ	48
باستا	مەن	70
باستاپ	مەن	26
باستاپ	جاقسى	57
باستاپ	بىر	62
باستاپ	الىپ	54
باستاپ	مەندە	54
باستاپ	ماعان	67
باستاپ	ەكى	70
باستاپ	كۇن	62
باستاپ	كەتتى	62
باستاپ	ىستەپ	44
باستاپ	قايتا	55
باستاپ	كەتتىم	68
باستاپ	ۇش	64
باستاپ	جۇمىس	47
باستاپ	كەتكەن	67
باستاپ	دەم	69
باستاپ	جۇمىسقا	64
باستاپ	دەمالىس	60
باستاپ	كەتتىك	67
ۇيى	عوي	45
ۇيى	جوق	30
ۇيى	ەكەن	36
ۇيى	بار	25
ۇيى	قاي	14
ۇيى	قايدا	31
ۇيىقتا	جانىم	28
ۇيىقتا	دەپ	16
ۇيىقتا	بولدى	40
ۇيىقتا	ەندى	13
ۇيىقتا	وندا	29
ۇيىقتا	تاڭەرتەڭ	18
ۇيىقتاپ	ەندى	41
ۇيىقتاپ	جاتىر	55
ۇيىقتاپ	ال	17
ۇيىقتاپ	الىپ	30
ۇيىقتاپ	جاتىرمىن	68
ۇيىقتاپ	قالدى	63
ۇيىقتاپ	ازىر	18
ۇيىقتاپ	قالدىم	69
ۇيىقتاپ	تۇرىپ	55
ۇيىقتاپ	جاڭا	62
ۇيىقتاپ	الايىن	67
ۇيىقتاپ	جاتىپ	33
ۇيىقتاپ	قالعان	66
ۇيىقتاپ	جاڭە	31
ۇيىقتاپ	قالدىڭ	69
ۇيىقتاپ	قالدىڭبا	51
ۇيىقتاپ	جاتقان	10
ۇيىقتاپ	قالادى	50
ۇيىقتاپ	قالىپ	68
ۇيىقتاپ	قالىپتى	55
ۇيىقتاپ	قالىپپىن	58
ۇيىقتاپ	دەمالىپ	13
ۇيىقتاپ	جاتىرسىڭبا	69
ۇيىقتاپ	قالدىما	53
ۇيىقتاپ	قالاتىن	42
ۇيىقتاپ	قالما	57
ۇيىقتاپ	قالام	61
ۇيىقتاپ	تۇردىم	65
ۇيىقتاپ	قالاسىڭ	52
ۇيىقتاپ	تۇردىڭبا	66
ۇيىقتاپ	جاتىرما	60
ۇيىقتاپ	قالسام	60
ۇيىقتاپ	جاتقاندا	56
ۇيىقتاپ	كەتىپپىن	65
ۇيىقتاپ	قالساڭ	68
ۇيىقتاپ	قالعام	69
ۇيىقتاپ	قالعاندا	59
ۇيىقتاپ	وياندىم	66
ۇيىقتاپ	قالدىڭىزبا	66
ۇيىقتاپ	قالدىڭدارما	50
ۇيىقتاپ	قاپپىن	68
ۇيىقتاپ	قاپتىم	65
ۇيىقتاپ	قالىپتىم	70
بۇيىرسا	جانىم	67
بۇيىرسا	مەن	45
بۇيىرسا	دەپ	61
بۇيىرسا	جاقسى	70
بۇيىرسا	بىر	55
بۇيىرسا	سول	46
بۇيىرسا	ەندى	52
بۇيىرسا	ەرتەڭ	47
بۇيىرسا	بۇگىن	19
بۇيىرسا	مەندە	55
بۇيىرسا	بارى	62
بۇيىرسا	بارىپ	46
بۇيىرسا	ەكى	53
بۇيىرسا	بولادى	65
بۇيىرسا	وسى	57
بۇيىرسا	كەيىن	52
بۇيىرسا	تاعى	64
بۇيىرسا	تاڭەرتەڭ	51
بۇيىرسا	كەشتە	48
بۇيىرسا	از	59
بۇيىرسا	بارام	63
بۇيىرسا	بارامىن	53
بۇيىرسا	بارامىز	28
بۇيىرسا	ايتتا	19
بۇيىرسا	بۇرسىگۇنى	60
بۇيىرسا	كەلەر	60
بۇيىرسا	جازدا	63
بۇيىرسا	كۇزدە	63
بۇيىرسا	ايتتان	69
قايداعى	جانىم	68
قايداعى	مەن	57
قايداعى	جاقسى	68
قايداعى	بىر	64
قايداعى	ەرتە	47
قايداعى	ادام	67
قايداعى	ەكى	48
قايداعى	تاماق	66
قايداعى	اقشا	55
قايداعى	جۇمىس	19
قايداعى	بالا	58
قايداعى	ۋاقىت	61
قايداعى	ماشينا	34
قايداعى	قىز	65
قايداعى	جامان	43
قايداعى	توي	60
قايداعى	جاس	57
قايداعى	بارعان	64
قايداعى	جىگىت	69
قايداعى	قاتىن	46
قايداعى	پۇل	51
قايداعى	ايەل	62
قايداعى	ۇيقى	66
قايداعى	قوناق	49
قايداعى	دەمالىس	69
قايداعى	ويىن	65
كەلمەيدى	عوي	68
كەلمەيدى	جانىم	13
كەلمەيدى	مەن	27
كەلمەيدى	دەپ	61
كەلمەيدى	ەكەن	30
كەلمەيدى	سول	15
كەلمەيدى	سەن	63
كەلمەيدى	ەندى	65
كەلمەيدى	قوي	60
كەلمەيدى	ول	69
كەلمەيدى	سەنى	65
كەلمەيدى	وسى	65
كەلمەيدى	دەيدى	67
كەلمەيدى	بىراق	48
كەلمەيدى	وعان	65
كەلمەيدى	ەكەنسىڭ	64
كەلمەيدى	ەمەسپە	67
كەلمەيدى	دەشى	58
مەنەن	سالەم	69
مەنەن	جاقسى	18
مەنەن	بىر	43
مەنەن	نە	41
مەنەن	الىپ	51
مەنەن	ەكى	60
مەنەن	نەگە	65
مەنەن	كەيىن	48
مەنەن	اقشا	60
مەنەن	كوپ	43
مەنەن	باسقا	68
مەنەن	كورىپ	18
مەنەن	ۇلكەن	55
مەنەن	سۇراپ	58
مەنەن	كۇرىپ	50
مەنەن	العان	61
مەنەن	جاس	61
مەنەن	بۇرىن	67
مەنەن	ارتىق	31
مەنەن	الاڭداما	34
مەنەن	پالە	38
مەنەن	قورقىپ	68
مەنەن	قاشىپ	69
مەنەن	كىشى	51
مەنەن	كورەسىڭ	62
مەنەن	كورەدى	69
مەنەن	اۋلاق	67
مەنەن	باسقاسى	59
مەنەن	سۇرايدى	59
مەنەن	مەزى	64
مەنەن	جاسىرىپ	67
مەنەن	جالىندى	67
مەنەن	قۇتىلا	46
مەنەن	قاشقالاقتاپ	59
ارا	تۇرا	68
اراق	جوق	8
اراق	ەكەن	62
اراق	بار	68
اراق	الىپ	54
اراق	بولسا	39
اراق	دەگەن	61
اراق	بارما	60
اراق	ىش	58
اراق	ىشىپ	56
اراق	كەش	12
اراق	قويىپ	22
اراق	ءىشىپ	64
اراق	اكەپ	17
اراق	قۇيىپ	64
اراق	شىپ	67
اراق	ىشتى	37
اراق	تەمەكى	69
اراق	ىشەيىك	52
اراق	ىشپ	55
اراق	ىشتىم	54
اراق	ىشەتىن	65
اراق	ىشكىم	40
اراق	ىشكەن	66
اراق	ىشەم	34
اراق	ىشكەلى	60
اراق	ىشەمىز	65
اراق	ىشپە	65
اراق	ىشپەي	42
اراق	ىشەدى	59
اراق	پيجۋ	56
اراق	ءشىپ	64
اراق	ساسىپ	69
اراق	ىشپەيمىن	54
اراق	ىشسە	52
اراق	ىشسەڭ	61
اراق	ىشەسىڭ	49
اراق	ىشسەم	69
اراق	ىشبە	66
اراق	ىشكەندە	66
اراق	شكەن	58
اراق	ىشپەيتىن	63
اراق	قويدىراتىن	54
اراق	شاراپ	66
سۇيلە	جانىم	63
سۇيلە	مەن	16
سۇيلە	دەپ	60
سۇيلە	نە	57
سۇيلە	نەعىپ	63
سۇيلە	دوسىم	51
سۇيلە	بولاما	59
سۇيلە	تەز	70
سۇيلە	شى	40
سۇيلە	بارسىڭبا	23
سۇيلە	سۇيلە	57
سۇيلە	مەيسىڭ	21
سۇيلە	مەسەڭ	53
شىعارىپ	بىر	65
شىعارىپ	جاتىر	60
شىعارىپ	قوي	29
شىعارىپ	ال	31
شىعارىپ	الىپ	64
شىعارىپ	كەلىپ	43
شىعارىپ	تۇر	61
شىعارىپ	بارىپ	64
شىعارىپ	جاتىرمىن	61
شىعارىپ	وتىر	53
شىعارىپ	قويشى	52
شىعارىپ	بەر	52
شىعارىپ	بەرىپ	57
شىعارىپ	جۇر	65
شىعارىپ	الدىم	69
شىعارىپ	بەرە	64
شىعارىپ	بەرەيىن	63
شىعارىپ	قويدىم	45
شىعارىپ	الايىن	24
شىعارىپ	جاتقان	62
شىعارىپ	قويىپ	43
شىعارىپ	بەرەم	63
شىعارىپ	بەرشى	67
شىعارىپ	بەرەدى	61
شىعارىپ	قويايىن	65
شىعارىپ	تاستا	41
شىعارىپ	تاستاپ	64
شىعارىپ	بەرەتىن	56
شىعارىپ	بەرەمىن	66
شىعارىپ	وتىرعان	64
شىعارىپ	قويساڭ	61
شىعارىپ	قويعان	70
شىعارىپ	قويىپتى	53
شىعارىپ	قويعام	30
شىعارىپ	قويىڭىز	59
شىعارىپ	جىبەر	67
شىعارىپ	قويپتى	63
شىعارىپ	تاستاپتى	64
شىعارىپ	تاستاعان	62
شىعارىپ	جىبەردى	67
شىعارىپ	قويىپسىڭ	68
سۇيلەپ	جاتىر	64
سۇيلەپ	جاتىرسىڭ	19
سۇيلەپ	قوي	56
سۇيلەپ	ال	20
سۇيلەپ	الىپ	63
سۇيلەپ	تۇر	63
سۇيلەپ	جاتىرمىن	31
سۇيلەپ	وتىر	25
سۇيلەپ	وتىرمىن	16
سۇيلەپ	قويشى	41
سۇيلەپ	جۇر	60
سۇيلەپ	قويدىم	61
سۇيلەپ	ەدىم	30
سۇيلەپ	جۇرمىن	60
سۇيلەپ	جاتىپ	67
سۇيلەپ	تۇرمىن	52
سۇيلەپ	جاتقان	66
سۇيلەپ	قويىپ	49
سۇيلەپ	جۇرگەن	58
سۇيلەپ	جۇرسىڭ	65
سۇيلەپ	قويايىن	69
سۇيلەپ	سۇيلەپ	63
سۇيلەپ	وتىرسىڭ	54
سۇيلەپ	وتىرىپ	42
سۇيلەپ	وتىرعان	60
سۇيلەپ	تۇرشى	58
سۇيلەپ	تۇرسىڭ	64
سۇيلەپ	قويساڭ	60
سۇيلەپ	قويىپتى	55
سۇيلەپ	قويعام	26
سۇيلەپ	جاتسا	61
سۇيلەپ	قويام	69
سۇيلەپ	جاتسام	67
سۇيلەپ	قويپتى	56
سۇيلەپ	قويسام	37
سۇيلەپ	تۇرامىن	53
سۇيلەپ	قۇيدىم	70
سۇت	جوق	67
سۇت	بىر	31
سۇت	بار	69
سۇت	الىپ	20
سۇت	بولسا	24
سۇت	بارما	52
سۇت	ىش	17
سۇت	ىشىپ	69
سۇت	بەرىپ	41
سۇت	الدى	28
سۇت	الدىم	51
سۇت	كەلدى	58
سۇت	الايىن	41
سۇت	اپارىپ	35
سۇت	قويىپ	56
سۇت	الاتىن	55
سۇت	نان	27
سۇت	قويا	48
سۇت	سۇت	68
سۇت	الام	61
سۇت	اكەپ	61
سۇت	الامىن	49
سۇت	ساتىپ	52
سۇت	قۇيىپ	56
سۇت	بەردىم	54
سۇت	الاسىڭبا	67
سۇت	اكەلىپ	53
سۇت	ساتاتىن	62
سۇت	پىسىرىپ	45
سۇت	پسىرىپ	59
سۇت	الۋشىلار	67
سۇت	الاتىندار	56
سۇت	ايران	65
سۇت	الساڭىزدار	68
سۇت	الاتىندارىڭىز	68
ىزدەپ	جاتىر	65
ىزدەپ	كەل	22
ىزدەپ	كەلىپ	65
ىزدەپ	تۇر	44
ىزدەپ	بارىپ	50
ىزدەپ	جاتىرمىن	28
ىزدەپ	وتىر	18
ىزدەپ	وتىرمىن	43
ىزدەپ	كەتتى	44
ىزدەپ	جۇر	62
ىزدەپ	كەلدىم	30
ىزدەپ	كور	61
ىزدەپ	تاۋىپ	63
ىزدەپ	جۇرمىن	43
ىزدەپ	بارام	37
ىزدەپ	تۇرمىن	36
ىزدەپ	كەلەدى	69
ىزدەپ	جاتقان	67
ىزدەپ	بارايىن	65
ىزدەپ	جاتىرمىز	33
ىزدەپ	جۇرگەن	69
ىزدەپ	باراتىن	39
ىزدەپ	جۇرىپ	69
ىزدەپ	جۇرسىڭ	61
ىزدەپ	بارامىن	57
ىزدەپ	كەلگەن	29
ىزدەپ	وتىرسىڭ	66
ىزدەپ	وتىرعان	55
ىزدەپ	كورەيىن	64
ىزدەپ	بارسام	36
ىزدەپ	كۇرەيىن	44
ىزدەپ	كورشى	54
ىزدەپ	تابا	69
ىزدەپ	كەلىپتى	53
ىزدەپ	بارايىنبا	62
ىزدەپ	تۇراتىن	65
ىزدەپ	تۇرامىن	65
كىر	دەپ	69
كىر	جوق	53
كىر	بار	58
كىر	بولىپ	57
كىر	جۋىپ	48
كىر	كىر	7
كىر	جۇىپ	55
كىر	سابىن	17
كىر	جۋدىم	44
كىر	جۋاتىن	26
كىر	جۋايىن	48
كىر	جۋام	24
كىر	جۋۋ	46
كىر	جۋامىن	41
كىر	جۇدىم	53
كىر	جۇايىن	55
كىر	جۋعالى	59
كىر	جۋعىش	57
كىرىپ	بىر	54
كىرىپ	جاتىر	60
كىرىپ	ال	54
كىرىپ	الىپ	26
كىرىپ	كەت	29
كىرىپ	كەتتى	59
كىرىپ	كەتىپ	23
كىرىپ	شاي	47
كىرىپ	جۇر	62
كىرىپ	الدى	61
كىرىپ	الدىم	59
كىرىپ	كەتتىم	34
كىرىپ	شىعىپ	37
كىرىپ	الايىن	34
كىرىپ	بارا	59
كىرىپ	جاتىپ	67
كىرىپ	الدىڭبا	63
كىرىپ	كەتتىڭ	46
كىرىپ	كەتكەن	62
كىرىپ	العان	38
كىرىپ	كەتە	51
كىرىپ	كەتەدى	64
كىرىپ	شعىپ	50
كىرىپ	الادى	55
كىرىپ	السا	62
كىرىپ	الساڭ	68
كىرىپ	كەتىپتى	57
كىرىپ	السام	58
كىرىپ	كەتەتىن	69
كىرىپ	كەتسە	66
كىرىپ	شىقتىم	61
كىرىپ	كەتپتى	57
كىرىپ	كەتەيىن	67
كىرىپ	كەتتىك	62
كىرىپ	الىپتى	68
كىرىپ	كەتسەڭ	65
كىرىپ	الىڭىز	67
كىرىپ	كەتسەم	62
كىرىپ	شىعايىن	61
كىرىپ	الىڭىزدار	57
كىرىپ	شىعايىق	63
كىرىپ	قالپسىڭ	63
كىرىپ	قالىپسىڭ	47
جارىم	جان	65
جارىم	بولدى	67
جارىم	بار	49
جارىم	بولىپ	22
جارىم	كەلى	39
جارىم	بولسا	63
جارىم	مەنىڭ	50
جارىم	بولادى	69
جارىم	اي	69
جارىم	كۇن	31
جارىم	بارما	15
جارىم	بەرىپ	39
جارىم	بوپ	63
جارىم	تۇن	66
جارىم	تۇندە	42
جارىم	كەلە	18
جارىم	كۇندە	56
جارىم	ساعات	61
جارىم	مىڭ	11
جارىم	جىل	58
جارىم	بەرسە	24
جارىم	ايدا	66
جارىم	جولعا	68
جارىم	باعادا	69
جارىم	كيلى	63
جارىم	شىنى	55
جارىم	جىلدا	66
جارىم	جىلدان	64
جارىم	مەتىر	59
جارىم	ساعاتتا	69
جارىم	كىلى	19
جارىم	ساعاتتان	66
جارىم	جىلعا	19
جارىم	ساعاتقا	68
جارىم	ىرىس	60
جارىم	تۇنگە	46
جارىم	ىرس	70
جارىم	ساعاتتاي	68
جاز	جانىم	56
جاز	مەن	28
جاز	دەپ	50
جاز	بولدى	40
جاز	بولىپ	32
جاز	كەلدى	45
جاز	شىعىپ	43
جاز	ايى	32
جاز	قولايسىز	47
جاز	شىقتى	39
جاز	تۇرىم	30
جاز	شقتى	45
جازىپ	جاتىر	51
جازىپ	جاتىرسىڭ	41
جازىپ	قوي	63
جازىپ	ال	21
جازىپ	الىپ	65
جازىپ	جاتىرمىن	50
جازىپ	وتىر	42
جازىپ	وتىرمىن	34
جازىپ	قويشى	23
جازىپ	بەر	56
جازىپ	بەرىپ	50
جازىپ	جولدا	67
جازىپ	جولداپ	68
جازىپ	بەرە	38
جازىپ	بەرەيىن	62
جازىپ	قويدىم	47
جازىپ	الايىن	20
جازىپ	جاتقان	69
جازىپ	قويىپ	68
جازىپ	العان	59
جازىپ	جولداشى	66
جازىپ	بەرشى	66
جازىپ	قويايىن	33
جازىپ	جازىپ	48
جازىپ	وتىرسىڭ	67
جازىپ	وتىرعان	47
جازىپ	بەرگەن	64
جازىپ	بەردى	70
جازىپ	قويساڭ	67
جازىپ	قويعان	55
جازىپ	قويىپتى	57
جازىپ	جولداي	36
جازىپ	قويعام	61
جازىپ	قويىڭىز	51
جازىپ	قويپتى	67
جازىپ	قويسام	48
جازىپ	الىپپىن	62
جازىپ	قويىپسىڭ	20
اياق	جوق	65
اياق	جاقسى	49
اياق	ەكەن	65
اياق	بار	61
اياق	بولىپ	68
اياق	الىپ	69
اياق	بارما	26
اياق	قانداي	67
اياق	الدىم	50
اياق	اۋىرىپ	65
اياق	الايىن	64
اياق	جۋىپ	58
اياق	جاققا	23
اياق	اياق	63
اياق	الام	64
اياق	قول	63
اياق	جاقتا	38
اياق	كيىم	52
اياق	قولى	22
اياق	قولىم	47
اياق	قولىڭ	40
اياق	جاعى	69
اياق	استى	59
اياق	استىنان	38
اياق	جاعىن	10
اياق	جاعىنا	62
اياق	اۋىرۋ	69
اياق	كىيىم	62
اياق	جاقتاعى	63
اياق	جۋاتىن	68
اياق	قولىمدى	68
اياق	جاعىندا	57
اياق	جۋايىن	51
اياق	قولىن	66
اياق	مالىپ	66
اياق	قولىڭدى	63
اياق	استنان	58
اياق	جاعىنداعى	28
اياق	استىننان	67
اياق	مالاتىن	52
شعىپ	بىر	56
شعىپ	جاتىر	61
شعىپ	الىپ	36
شعىپ	كەلىپ	45
شعىپ	تۇر	68
شعىپ	تاماق	24
شعىپ	وتىر	61
شعىپ	وتىرمىن	60
شعىپ	كەت	59
شعىپ	كەتتى	55
شعىپ	قالدى	19
شعىپ	كەتىپ	41
شعىپ	جۇر	46
شعىپ	الدى	59
شعىپ	الدىم	67
شعىپ	كەتتىم	53
شعىپ	كەلدىم	27
شعىپ	جۇرمىن	59
شعىپ	بارا	60
شعىپ	بارام	69
شعىپ	كەلە	68
شعىپ	الدىڭبا	61
شعىپ	جاتقان	63
شعىپ	كەتكەن	66
شعىپ	كەتە	30
شعىپ	كەتەدى	68
شعىپ	كەتىپتى	47
شعىپ	كەتەم	60
شعىپ	قالسا	67
شعىپ	كەتسە	63
شعىپ	تۇرادى	60
شعىپ	كەتپتى	59
شعىپ	كەلەيىن	40
شعىپ	كەتەيىن	62
شعىپ	قالاما	60
شعىپ	كەتىم	59
شعىپ	قالار	65
شعىپ	جاتسا	37
شعىپ	كەلەيىك	59
شعىپ	كەتسەڭ	58
شعىپ	كەتسەم	64
شعىپ	كەتتىڭبە	63
شعىپ	كەتكەم	69
دەنساۋلىعى	جاقسى	54
دەنساۋلىعى	قالاي	24
دەنساۋلىعى	جاقسىما	47
دەنساۋلىعى	قانداي	17
دەنساۋلىعى	مىقتى	41
دەنساۋلىعى	دەنساۋلىعى	2
دەنساۋلىعىڭ	جاقسى	44
دەنساۋلىعىڭ	قالاي	48
دەنساۋلىعىڭ	جاقسىما	20
دەنساۋلىعىڭ	قانداي	10
دەنساۋلىعىڭ	مىقتى	48
دەنساۋلىعىڭ	دەنساۋلىعىڭ	3
دەنساۋلىعىڭ	مقتى	67
باسە	جانىم	64
باسە	مەن	45
باسە	جوق	40
باسە	بىر	17
باسە	سول	51
باسە	نە	51
باسە	نەعىپ	53
باسە	سەن	48
باسە	بۇگىن	41
باسە	مەندە	59
باسە	ماعان	52
باسە	مەنى	54
باسە	مەنىڭ	65
باسە	نەگە	68
باسە	ول	46
باسە	تەلەفون	68
باسە	قاربالاس	60
باسە	نەدەگەن	60
باسە	كەشە	63
باسە	ايتەۋ	58
باسە	تۇندە	57
باسە	باعانا	64
باسە	سونداي	57
باسە	سۇيتىپ	41
باسە	سولاي	68
باسە	ۇن	66
باسە	سويلەمەي	66
باسە	جوقسىڭ	69
باسە	قابارسىز	49
باسە	جىم	65
بارمىن	عوي	67
بارمىن	جانىم	14
بارمىن	مەن	15
بارمىن	دەپ	65
بارمىن	سول	43
بارمىن	نە	44
بارمىن	سەن	54
بارمىن	ەندى	65
بارمىن	قوي	66
بارمىن	تاماق	68
بارمىن	دەيدى	69
بارمىن	ۇيدە	66
بارمىن	دوسىم	43
بارمىن	ۇزىڭ	51
بارمىن	قاربالاس	69
بارمىن	اعا	48
بارمىن	ايتا	66
بارمىن	بارمىن	68
قۇرسىن	جانىم	58
قۇرسىن	مەن	64
قۇرسىن	دەپ	54
قۇرسىن	بولدى	57
قۇرسىن	بىر	37
قۇرسىن	نە	60
قۇرسىن	ەندى	55
قۇرسىن	ول	51
قۇرسىن	اي	65
قۇرسىن	نەدەگەن	61
قۇرسىن	ۇيات	68
قۇرسىن	دەشى	59
قۇرسىن	نەدەيدى	20
اقشاسى	عوي	66
اقشاسى	دەپ	52
اقشاسى	جوق	49
اقشاسى	جاقسى	18
اقشاسى	ەكەن	50
اقشاسى	بار	51
اقشاسى	قايدا	16
اقشاسى	قانشا	44
اقشاسى	كوپ	20
اقشاسى	يۋان	29
اقشاسى	كۇپ	44
اقشاسىن	مەن	43
اقشاسىن	بىر	41
اقشاسىن	سەن	60
اقشاسىن	الى	58
اقشاسىن	الىپ	61
اقشاسىن	ەرتەڭ	27
اقشاسىن	ماعان	64
اقشاسىن	ساعان	63
اقشاسىن	بىراق	64
اقشاسىن	قاشان	57
اقشاسىن	بەر	63
اقشاسىن	بەرىپ	51
اقشاسىن	ات	19
اقشاسىن	اتىپ	60
اقشاسىن	بەرە	15
اقشاسىن	بەرەيىن	25
اقشاسىن	تاۋىپ	40
اقشاسىن	سۇراپ	47
اقشاسىن	بەرەم	24
اقشاسىن	بەرەدى	51
اقشاسىن	اقشاسىن	62
اقشاسىن	بەرەتىن	51
اقشاسىن	بەرەمىن	66
اقشاسىن	قايتارىپ	59
اقشاسىن	بەرسە	44
اقشاسىن	بەرسەڭ	60
اقشاسىن	اتا	67
اقشاسىن	بەرگەن	28
اقشاسىن	بەردى	54
اقشاسىن	بەردىم	68
اقشاسىن	بەرمەي	54
اقشاسىن	تولىق	50
اقشاسىن	ۋاعىندا	59
اقشاسىن	بەرسەم	67
اقشاسىن	جيىپ	69
اقشاسىن	بەرمەدى	68
اقشاسىن	قايتارا	67
اقشاسىن	تولەپ	64
اقشاسىن	تۇلەپ	46
اقشاسىن	بەرمەگەن	56
بالالار	مەن	66
بالالار	دەپ	47
بالالار	جوق	65
بالالار	جاقسى	63
بالالار	ەكەن	55
بالالار	بىر	69
بالالار	بار	62
بالالار	الىپ	19
بالالار	كەلىپ	65
بالالار	ەرتەڭ	52
بالالار	بولسا	57
بالالار	بۇگىن	64
بالالار	قايدا	59
بالالار	تاماق	56
بالالار	قالاي	69
بالالار	ۇيدە	61
بالالار	امان	65
بالالار	بارما	48
بالالار	جاقسىما	62
بالالار	قانداي	15
بالالار	ۇيقتاپ	58
بالالار	ۇش	48
بالالار	ۇشىن	67
بالالار	باقىتتى	38
بالالار	باقتتى	22
بالالار	ساباق	59
بالالار	وقىپ	65
بالالار	مەكتەپكە	49
بالالار	تاراپ	57
بالالار	تارايدى	61
بالالار	وقيدى	52
بالالار	وقۋعا	61
بالالار	تاراعاندا	68
بالالار	تاراسا	63
اقشانى	مەن	69
اقشانى	بىر	48
اقشانى	سەن	66
اقشانى	الى	59
اقشانى	الىپ	57
اقشانى	ەرتەڭ	22
اقشانى	بۇگىن	62
اقشانى	ماعان	63
اقشانى	نەگە	65
اقشانى	ساعان	54
اقشانى	قالاي	61
اقشانى	كىم	61
اقشانى	بىراق	60
اقشانى	قاشان	55
اقشانى	كوپ	42
اقشانى	بەر	52
اقشانى	بەرىپ	48
اقشانى	ات	43
اقشانى	اتىپ	42
اقشانى	بەرە	17
اقشانى	تاۋىپ	20
اقشانى	كۇپ	25
اقشانى	سۇراپ	62
اقشانى	قايدان	56
اقشانى	بەرشى	45
اقشانى	قايتار	69
اقشانى	قايتارىپ	45
اقشانى	بەرسەڭ	45
اقشانى	اتا	63
اقشانى	اتشى	33
اقشانى	بەرمەي	56
اقشانى	بەرمەدى	54
اقشانى	قايتارا	68
شىركىن	جانىم	64
شىركىن	مەن	23
شىركىن	دەپ	67
شىركىن	جاقسى	48
شىركىن	بىر	65
شىركىن	سول	45
شىركىن	سەن	58
شىركىن	سەنى	67
شىركىن	وسى	62
شىركىن	اي	61
شىركىن	قاشان	9
شىركىن	نەدەگەن	62
شىركىن	قانداي	57
شىركىن	سەنىڭ	55
شىركىن	دەشى	65
شىركىن	شىركىن	23
كەلسە	مەن	50
كەلسە	دەپ	44
كەلسە	جاقسى	60
كەلسە	بولدى	32
كەلسە	ەكەن	23
كەلسە	بىر	50
كەلسە	سول	48
كەلسە	نە	53
كەلسە	سەن	67
كەلسە	الىپ	64
كەلسە	كەل	49
كەلسە	كەلىپ	66
كەلسە	ەرتەڭ	64
كەلسە	مەندە	58
كەلسە	ماعان	66
كەلسە	بارىپ	50
كەلسە	مەنى	53
كەلسە	بولادى	65
كەلسە	تەلەفون	55
كەلسە	ايت	68
كەلسە	ايتىپ	66
كەلسە	تاعى	66
كەلسە	بەرىپ	55
كەلسە	كەلسىن	69
كەلسە	ۇيقتا	58
كەلسە	ۇيقتاپ	51
كەلسە	سونى	66
كەلسە	ۇيات	43
كەلسە	كەلە	66
كەلسە	ايتا	67
كەلسە	ايتام	51
كەلسە	ايتايىن	69
كەلسە	ۇيقتاي	66
كەلسە	ۇيىقتاي	38
بارامىز	عوي	62
بارامىز	جانىم	15
بارامىز	دەپ	44
بارامىز	بىر	16
بارامىز	سول	67
بارامىز	ەرتەڭ	68
بارامىز	دەيدى	67
بارامىز	دەگەن	23
بارامىز	سوندا	51
بارامىز	بۇيىرسا	59
بارامىز	بۇيرسا	34
بەرسىن	جانىم	59
بەرسىن	مەن	25
بەرسىن	دەپ	52
بەرسىن	جاقسى	21
بەرسىن	سەن	63
بەرسىن	دەيدى	66
بەرسىن	كەرەمەت	35
دەمال	جانىم	68
دەمال	مەن	13
دەمال	دەپ	51
دەمال	جاقسى	53
دەمال	بولدى	42
دەمال	ەندى	37
دەمال	وندا	48
دەمال	ەرتەڭ	18
دەمال	بۇگىن	37
دەمال	مەندە	64
دەمال	قايىرلى	43
دەمال	دەيدى	66
دەمال	دوسىم	68
دەمال	تاڭەرتەڭ	56
دەمال	بولاما	50
دەمال	تۇن	69
دەمال	شارشاپ	45
دەمال	ەرتەرەك	57
دەمال	جايلى	49
دەمال	ۇيقىڭ	68
دەمال	شارشادىڭ	63
دەمال	شارشاعان	46
دەمال	دەنساۋلىعىڭا	66
منا	دەپ	34
منا	بىر	66
منا	ادام	62
منا	ەكى	54
منا	ۇي	42
منا	ۇيدە	63
منا	ۇيگە	67
منا	ان	63
منا	بالا	68
منا	جەر	50
منا	جەردە	56
منا	ماشينا	32
منا	قىز	65
منا	جەرگە	52
منا	سياقتى	47
منا	كىسى	62
منا	قۇساپ	58
منا	تۇرعان	32
منا	جاققا	65
منا	جەردەن	66
منا	قاتىن	52
منا	ەكەۋى	60
منا	ادامدى	53
منا	جاقتا	67
منا	كسى	45
منا	ءان	35
منا	شۇنگە	66
منا	توپقا	52
منا	جاقتان	65
منا	كويلەك	67
منا	كسلەر	68
منا	ەكەۋىن	68
منا	كۇيلەك	66
منا	ءاندى	67
منا	اندى	59
منا	نومىرگە	57
منا	نۇمىرگە	59
منا	زاماندا	55
زا	بولىپ	66
زا	بوپ	8
زا	پيجۋ	17
زات	جوق	20
زات	بار	33
زات	الىپ	12
زات	كەلىپ	25
زات	بولسا	60
زات	بارما	29
زات	از	19
زات	كەلدى	62
زات	الايىن	19
زات	سالىپ	58
زات	كەلەدى	56
زات	العان	64
زات	بولسادا	44
زات	الاتىن	60
زات	كەلگەندە	47
زات	ساتىپ	68
زات	تولىق	55
زات	تۇسىرىپ	51
زات	الساڭىز	64
زات	سانى	60
زات	ۇرىمجىدەن	63
زات	ىشكەردەن	42
وتىرس	كوڭىلدى	67
وتىرس	كۇڭىلدى	4
وتىرس	جايلى	17
وتىرسىڭ	عوي	18
وتىرسىڭ	جانىم	10
وتىرسىڭ	مەن	24
وتىرسىڭ	دەپ	56
وتىرسىڭ	سەن	50
وتىرسىڭ	ەندى	63
وتىرسىڭ	قوي	68
وتىرسىڭ	ماعان	54
وتىرسىڭ	سوندا	66
وتىرسىڭ	كوڭىلدى	62
وتىرسىڭ	ەي	43
وتىرسىڭ	ەمەسپە	66
وتىرسىڭ	دار	61
وتىرىپ	جوق	68
وتىرىپ	بىر	65
وتىرىپ	ال	41
وتىرىپ	الىپ	61
وتىرىپ	كەلىپ	24
وتىرىپ	تۇر	66
وتىرىپ	نەگە	56
وتىرىپ	تاماق	68
وتىرىپ	ىشىپ	45
وتىرىپ	كەتىپ	67
وتىرىپ	شاي	61
وتىرىپ	قايت	57
وتىرىپ	قايتىپ	68
وتىرىپ	الدى	62
وتىرىپ	الدىم	43
وتىرىپ	قالدىم	44
وتىرىپ	الايىن	38
وتىرىپ	قالعان	67
وتىرىپ	الدىڭ	54
وتىرىپ	اڭگىمە	68
وتىرىپ	وتىرىپ	50
وتىرىپ	الادى	53
وتىرىپ	قايتام	60
وتىرىپ	قالدىق	64
وتىرىپ	الداعى	44
ىلگەرى	بولسىن	31
ىلگەرى	وت	3
ىلگەرى	ماڭگى	41
ىلگەرى	دەنساۋلىعىڭ	54
ىلگەرى	كۇندەرىڭ	16
ىلگەرى	ساۋداڭ	51
ىلگەرى	دەنساۋلىقتارىڭىز	61
ىلگەرى	قىزمەتىڭ	51
ىلگەرى	تابىسىڭ	61
ىلگەرى	قىزمەتتەرىڭىز	41
جاتىرسىز	عوي	29
جاتىرسىز	جانىم	58
جاتىرسىز	اعا	49
جاتىرسىز	جەجە	58
جاتىرسىز	دار	65
اشىق	دەپ	13
اشىق	بولسىن	67
اشىق	ەكەن	13
اشىق	بولىپ	29
اشىق	قوي	55
اشىق	بولسا	41
اشىق	تۇر	23
اشىق	بولادى	34
اشىق	ايت	59
اشىق	ايتىپ	21
اشىق	ەمەس	25
اشىق	پا	39
اشىق	شىعار	68
اشىق	ايتقان	68
اشىق	ايتا	58
اشىق	ايتام	34
اشىق	ايتشى	61
اشىق	ايىت	23
اشىق	اشىق	48
اشىق	ايتتىم	42
اشىق	ايتايىن	59
اشىق	ايتساڭ	52
اشىق	ايتىم	40
اشىق	بەكەن	65
اشىق	جارقىن	62
اشىق	ايتپايسىڭبا	23
اشىق	اشكەرە	68
اشىق	ماڭدايىڭ	67
قالىپ	ەندى	65
قالىپ	جاتىر	63
قالىپ	تۇر	49
قالىپ	سودان	65
قالىپ	جاتىرمىن	63
قالىپ	وتىر	56
قالىپ	وتىرمىن	46
قالىپ	قالدى	44
قالىپ	ەدى	33
قالىپ	جۇر	19
قالىپ	قايتا	64
قالىپ	قالدىم	66
قالىپ	ەدىم	48
قالىپ	جۇرمىن	23
قالىپ	ۇيات	60
قالىپ	قالعان	54
قالىپ	ەدىڭ	34
قالىپ	قالادى	45
قالىپ	قالىپ	43
قالىپ	قالىپتى	57
قالىپ	قالپتى	26
قالىپ	قالسا	51
قالىپ	جۇرمە	60
قالىپ	قالاتىن	19
قالىپ	قالما	65
قالىپ	قويىپتى	62
قالىپ	قالماسىن	66
قالىپ	قاپتى	35
قالىپ	ەدىك	44
قالىپ	جۇرمەسىن	63
قالىپ	جۇرمەيىن	30
قالىپ	قالمايىن	43
قالىپ	جۇرمەيىك	52
قالىپتى	عوي	65
قالىپتى	جانىم	13
قالىپتى	مەن	45
قالىپتى	دەپ	68
قالىپتى	ەكەن	37
قالىپتى	بىر	42
قالىپتى	ەندى	66
قالىپتى	بولسا	60
قالىپتى	بۇگىن	64
قالىپتى	سودان	62
قالىپتى	دەيدى	51
قالىپتى	ازىر	49
قالىپتى	سونى	68
قالىپتى	سوعان	48
قالىپتى	جاعداي	56
قالىپتى	باعادا	64
الام	عوي	55
الام	جانىم	15
الام	مەن	38
الام	دەپ	67
الام	بىر	13
الام	سەن	65
الام	قوي	67
الام	سەنى	63
الام	دەيدى	60
الام	دەگەن	18
الام	دەسە	24
الام	دەسەم	47
الام	دەدى	59
الام	دەدىم	65
الام	دەسەڭ	64
الام	دەسەڭىز	39
كۇنىڭ	ەكەن	63
كۇنىڭ	قاشان	65
كۇنىڭ	قۇتتى	63
كۇنىڭ	كوڭىلدى	3
كۇنىڭ	كۇڭىلدى	29
كۇنىڭ	الدىندا	64
كۇنىڭ	قوتتى	51
كۇنىڭ	قۇتى	13
جىل	دەپ	49
جىل	بولدى	61
جىل	بىر	8
جىل	بار	64
جىل	بولىپ	52
جىل	بولسا	32
جىل	بولادى	68
جىل	ۇي	62
جىل	اي	61
جىل	بىرگە	60
جىل	بوپ	54
جىل	عانا	59
جىل	بولعان	61
جىل	بولىپتى	26
جىل	بولسادا	47
جىل	جۇرىپ	59
جىل	بۇرىن	59
جىل	بوپتى	63
جىل	ىشىندە	58
جىل	بولپتى	67
جىل	سايىن	50
جىل	بولايىن	58
جىل	بويى	45
بەرەت	دەپ	66
بەرەت	ەكەن	15
بەرەتىن	بولدى	15
بەرەتىن	بىر	16
بەرەتىن	بولىپ	56
بەرەتىن	ادام	34
بەرەتىن	بولسا	20
بەرەتىن	اقشا	52
بەرەتىن	ەمەس	38
بەرەتىن	ەدى	58
بەرەتىن	بوپ	53
بەرەتىن	شىعار	65
بەرەتىن	كەزدە	16
بەرەتىن	ەدىم	52
بەرەتىن	بولعان	17
بەرەتىن	بولدىم	38
بەرەتىن	جەر	32
بەرەتىن	سياقتى	54
بەرەتىن	نارسە	54
بەرەتىن	ەدىڭ	52
بەرەتىن	بولدىڭ	66
بەرەتىن	كىسىلەر	44
بەرەتىن	شعار	62
بەرەتىن	بولدىق	42
بەرەتىن	شىعارسىڭ	47
بەرەتىن	بولدىڭبا	52
بەرەتىن	بولدىما	62
بەرەتىن	اقشام	67
قول	قوي	52
قول	بەرىپ	60
قول	قويدىم	64
قول	سالىپ	34
قول	ماشينا	67
قول	قويىپ	60
قول	ۇشىن	20
قول	العان	52
قول	جۋىپ	58
قول	قويا	39
قول	اياق	53
قول	بوس	49
قول	قويعان	42
قول	قويام	63
قول	قويادى	63
قول	اياعى	55
قول	قوياتىن	46
قول	اياعىم	44
قول	تيمەي	40
قول	قويماي	18
قول	قوت	58
قول	تيسە	63
قول	بوساعاندا	48
قول	اياعىن	53
قول	ارقا	62
قول	جۋاتىن	66
قول	اياعىڭ	50
قول	اياعىڭدى	67
قول	بوساپ	64
قول	قويدىرىپ	67
قول	تيگەندە	55
قول	تيمەيدى	56
قول	ۇزىپ	42
قول	قۋاتتى	63
قول	تىيمەي	66
قول	بوساماي	52
قول	تيمەدى	55
قول	سۇرتەتىن	63
قول	ۇستاسىپ	53
قول	جەتىمدى	41
ساعىندىم	عوي	53
ساعىندىم	جانىم	15
ساعىندىم	دەپ	7
ساعىندىم	سەنى	35
ساعىندىم	دەسەم	21
ساعىندىم	ساعىندىم	65
ساعىندىم	ۇزىڭدى	21
ساعىندىم	وزىڭدى	64
بارعان	عوي	59
بارعان	جوق	54
بارعان	جاقسى	18
بارعان	ەكەن	54
بارعان	ادام	34
بارعان	كۇنى	43
بارعان	سوڭ	31
بارعان	شىعار	10
بارعان	كەزدە	42
بارعان	ەكەنسىڭ	30
بارعان	جەرگە	53
بارعان	سايىن	52
بارعان	بولسام	15
بارعان	جوقپا	55
بارعان	جەرى	58
بارعان	جوقپىن	55
بارعاندا	مەن	51
بارعاندا	جوق	57
بارعاندا	بولسىن	63
بارعاندا	بىر	57
بارعاندا	نە	42
بارعاندا	سەن	49
بارعاندا	الىپ	54
بارعاندا	ماعان	46
بارعاندا	مەنى	55
بارعاندا	ساعان	63
بارعاندا	تەلەفون	58
بارعاندا	ايتىپ	45
بارعاندا	بىراق	51
بارعاندا	تاعى	49
بارعاندا	جولداپ	59
بارعاندا	بەرەيىن	53
بارعاندا	الايىن	52
بارعاندا	قابارلاس	55
بارعاندا	اپارىپ	57
بارعاندا	ايتام	58
بارعاندا	ايتايىن	56
بارعاندا	كورەيىن	44
بارعاندا	شپيىڭ	61
بارعاندا	قابارلاسايىن	60
بارعاندا	سويلەيىن	22
بارعاندا	قابارلاسام	62
بارعاندا	سۇيلەيىن	62
ەرتىپ	بار	60
ەرتىپ	ال	43
ەرتىپ	الىپ	18
ەرتىپ	كەل	28
ەرتىپ	كەلىپ	19
ەرتىپ	بارىپ	34
ەرتىپ	ۇيگە	20
ەرتىپ	كەتتى	64
ەرتىپ	جۇر	54
ەرتىپ	الدىم	56
ەرتىپ	كەلدى	67
ەرتىپ	كەلدىم	57
ەرتىپ	شىعىپ	58
ەرتىپ	الايىن	52
ەرتىپ	بارا	32
ەرتىپ	بارام	63
ەرتىپ	كەلە	32
ەرتىپ	اپارىپ	65
ەرتىپ	كەپ	56
ەرتىپ	كەتكەن	65
ەرتىپ	بارايىن	66
ەرتىپ	جۇرگەن	25
ەرتىپ	باراتىن	63
ەرتىپ	بارامىن	62
ەرتىپ	الاتىن	44
ەرتىپ	كەلگەن	67
ەرتىپ	الام	60
ەرتىپ	بارعان	51
ەرتىپ	بارادى	63
ەرتىپ	المايسىڭ	66
ەرتىپ	الامىن	57
ەرتىپ	بارسام	62
ەرتىپ	الساڭ	60
ەرتىپ	السام	39
ەرتىپ	كەلسەڭ	63
ەرتىپ	شىق	66
ەرتىپ	كەلەم	47
ەرتىپ	كەلەيىن	64
ەرتىپ	كەتەيىن	64
ەرتىپ	الايىق	65
ەرتىپ	بارساڭ	51
ەرتىپ	الشى	64
ەرتىپ	الىڭدار	58
اكە	مەن	59
اكە	دەپ	49
اكە	دەگەن	43
اكە	شەشە	50
اكە	شەشەم	20
اكە	شەشەسى	13
اكە	شەشەڭ	15
اكە	شەشەمە	17
اكە	شەشەمنىڭ	29
اكە	شەشەمدى	36
اكە	شەشەسىن	27
اكە	شەشەسىنە	31
اكە	شەشەڭە	35
اكە	شەشەڭدى	32
اكە	شەشەڭنىڭ	35
اكە	شەشەسىنىڭ	38
اكە	شەشەمىز	46
اكە	شەشەمنەن	47
اكە	شەشەنىڭ	51
اكەپ	قوي	52
اكەپ	ال	47
اكەپ	الىپ	43
اكەپ	بەر	48
اكەپ	بەرىپ	18
اكەپ	الدىم	37
اكەپ	بەرە	43
اكەپ	بەرەيىن	25
اكەپ	قويدىم	34
اكەپ	الايىن	37
اكەپ	الدىڭبا	39
اكەپ	قويىپ	55
اكەپ	بەرەم	52
اكەپ	بەرشى	47
اكەپ	بەرەدى	19
اكەپ	قويايىن	44
اكەپ	تاستا	61
اكەپ	تاستاپ	36
اكەپ	بەرسىن	39
اكەپ	الام	60
اكەپ	بەرەتىن	60
اكەپ	بەرەمىن	44
اكەپ	بەرسە	64
اكەپ	بەرسەڭ	60
اكەپ	بەرگەن	44
اكەپ	بەردى	51
اكەپ	بەردىم	33
اكەپ	العام	55
اكەپ	بەرەسىڭ	64
اكەپ	الايىق	65
اكەپ	تاستادى	65
اكەپ	بەرەسىڭبە	46
اكەپ	تاستاعان	62
كەلگەندە	مەن	67
كەلگەندە	جوق	47
كەلگەندە	بولسىن	62
كەلگەندە	بىر	63
كەلگەندە	نە	38
كەلگەندە	سەن	61
كەلگەندە	الىپ	60
كەلگەندە	ماعان	55
كەلگەندە	مەنى	46
كەلگەندە	نەگە	66
كەلگەندە	ۇيگە	62
كەلگەندە	تەلەفون	67
كەلگەندە	ايت	43
كەلگەندە	ايتىپ	54
كەلگەندە	بىراق	49
كەلگەندە	تاعى	36
كەلگەندە	بەرەيىن	62
كەلگەندە	قابارلاس	59
كەلگەندە	ايتا	24
كەلگەندە	ايتام	44
كەلگەندە	ايتايىن	64
كەلگەندە	قابارلاسايىن	53
سەنە	الماي	62
سەنەن	مەن	12
سەنەن	بولسىن	67
سەنەن	جاقسى	52
سەنەن	بىر	54
سەنەن	نە	33
سەنەن	الىپ	60
سەنەن	ەكى	61
سەنەن	كەيىن	66
سەنەن	اقشا	60
سەنەن	باسقا	40
سەنەن	ۇيات	13
سەنەن	قابار	30
سەنەن	قاتتى	46
سەنەن	ەشتەڭە	59
سەنەن	ۇلكەن	61
سەنەن	سۇراپ	60
سەنەن	العان	33
سەنەن	ماڭگى	62
سەنەن	بۇرىن	61
سەنەن	بىردەمە	39
سەنەن	ارتىق	59
سەنەن	ۇمىت	44
سەنەن	قورقىپ	57
سەنەن	الاڭداپ	56
سەنەن	سۇرايىن	41
سەنەن	ۇيالىپ	53
سەنەن	قىزعانىپ	60
سەنەن	باسقاسى	63
سەنەن	باسقاعا	63
سەنەن	باسقانى	55
سەنەن	باسقانىڭ	61
سەنەن	ايىرىلىپ	60
سەنەن	اياپ	66
سەنەن	نەمدى	47
سەنەن	ايامايمىن	60
بارلىق	جان	61
بارلىق	ادام	53
بارلىق	ۇلكەن	33
بارلىق	جەر	41
بارلىق	جەردە	57
بارلىق	قىز	64
بارلىق	قىزدار	67
بارلىق	نارسە	34
بارلىق	اتا	47
بارلىق	دوستار	66
بارلىق	ادامعا	32
بارلىق	اپەكە	58
بارلىق	ادامنىڭ	59
بارلىق	ساباقتاستار	60
بارلىق	تۋستار	19
بارلىق	جەرىڭ	41
بارلىق	اسىل	48
بارلىق	جاقسىلىق	33
بارلىق	جەرىم	49
بارلىق	اياۋلى	62
بارلىق	نارسەنى	61
بارلىق	تۋىس	58
بارلىق	تۋىستار	54
بارلىق	جەرىڭدى	16
بارلىق	جاقسلىق	40
بارلىق	كورشىلەر	65
بارلىق	توراپتاستار	62
بارلىق	تۇستار	45
بارلىق	جاقسىلىقتار	65
بارلىق	جاناشىر	57
بارلىق	تويشىل	37
قاراي	عوي	40
قاراي	سال	59
قاراي	بىر	47
قاراي	الىپ	65
قاراي	كەل	65
قاراي	تۇر	45
قاراي	بارىپ	60
قاراي	بولادى	65
قاراي	ايتىپ	65
قاراي	كەتىپ	64
قاراي	بەر	40
قاراي	جۇر	63
قاراي	الماي	56
قاراي	كور	17
قاراي	بارا	59
قاراي	كەلە	62
قاراي	بارايىن	47
قاراي	كۇر	67
قاراي	جۇرە	67
قاراي	بەرەم	63
قاراي	جۇرىپ	66
قاراي	بەرەدى	66
قاراي	قاراي	65
قاراي	المايمىن	56
قاراي	كورەيىن	44
قاراي	المادىم	66
قاراي	المايدى	20
قاراي	شىق	48
قاراي	سالشى	64
قاراي	المايتىن	67
قاراي	كورەيىك	67
قاراي	كۇرەيىك	54
بەرەمىن	عوي	66
بەرەمىن	جانىم	15
بەرەمىن	مەن	30
بەرەمىن	دەپ	64
بەرەمىن	بىر	16
بەرەمىن	قوي	65
بەرەمىن	ساعان	67
بەرەمىن	دەيدى	65
بەرەمىن	دەگەن	21
بەرەمىن	بولاما	37
بەرەمىن	دەدى	56
بەرەمىن	دەدىم	61
بەرەمىن	الاڭداما	61
جەردەن	بىر	57
جەردەن	الىپ	48
جەردەن	كەلىپ	35
جەردەن	بارىپ	62
جەردەن	تاماق	64
جەردەن	ۇي	48
جەردەن	جۇمىس	58
جەردەن	شىعىپ	63
جەردەن	بولدىڭ	50
جەردەن	بولدىڭىز	16
جەردەن	بولاسىڭ	13
جەردەن	سالىنادى	62
بارادى	عوي	54
بارادى	جانىم	14
بارادى	مەن	58
بارادى	دەپ	56
بارادى	ەكەن	26
بارادى	بىر	11
بارادى	سول	66
بارادى	قوي	65
بارادى	دەيدى	63
بارادى	ەكەنسىڭ	48
بارادى	ەمەسپە	39
بارادى	ەكەم	57
بارادى	ەكەمىز	33
بارادى	دەيسىڭ	57
بارادى	ەكەنبىز	42
ايدىڭ	بىر	55
ايدىڭ	ون	55
ايدىڭ	اق	25
ايدىڭ	كۇنى	67
ايدىڭ	ونى	8
ايدىڭ	ۇشى	34
ايدىڭ	باسى	62
ايدىڭ	اقشاسىن	54
ايدىڭ	اقىرى	67
ايدىڭ	ىشىندە	62
ايدىڭ	الدىندا	47
ايدىڭ	كۇننەن	56
ايدىڭ	بىرى	49
ايدىڭ	كۇنگى	35
ايدىڭ	اياعى	58
ايدىڭ	جيىرما	39
ايدىڭ	باسىندا	66
ايدىڭ	بەسى	48
ايدىڭ	ىشندە	46
ايدىڭ	تورتى	67
ايدىڭ	گۇنى	61
ايدىڭ	سوڭىندا	61
ايدىڭ	تۇرتى	58
ايدىڭ	اياعىندا	66
ايدىڭ	اياعىنا	30
ايدىڭ	بىرىنەن	52
ايدىڭ	نەشەسى	64
ايدىڭ	سەگىزى	66
ايدىڭ	توعىزى	58
ايدىڭ	التىسى	64
ايدىڭ	قانشاسى	67
ايدىڭ	كۇنىنەن	65
ايدىڭ	ونبەسى	60
ايدىڭ	اياعندا	65
جىگىت	عوي	63
جىگىت	دەپ	66
جىگىت	جوق	48
جىگىت	جاقسى	35
جىگىت	بولدى	64
جىگىت	ەكەن	60
جىگىت	بار	20
جىگىت	بولىپ	26
جىگىت	قوي	35
جىگىت	ادام	42
جىگىت	بولسا	45
جىگىت	قايدا	41
جىگىت	دەگەن	57
جىگىت	ەمەس	46
جىگىت	بارما	42
جىگىت	كوپ	53
جىگىت	ەدى	52
جىگىت	كەرەك	65
جىگىت	تاۋىپ	43
جىگىت	بولعان	19
جىگىت	ەكەنسىڭ	60
جىگىت	كۇپ	39
جىگىت	بولساڭ	66
جىگىت	ىزدەپ	46
جىگىت	ەرتىپ	54
جىگىت	قاجەت	62
جىگىت	تاپ	66
جىگىت	ەمەسپىن	62
جىگىت	تاۇىپ	64
جىگىت	تاپتىڭبا	64
ەرەكشە	عوي	64
ەرەكشە	جاقسى	44
ەرەكشە	ەكەن	14
ەرەكشە	بىر	27
ەرەكشە	بولىپ	58
ەرەكشە	كۇن	42
ەرەكشە	قاربالاس	25
ەرەكشە	كوپ	41
ەرەكشە	كوڭىل	53
ەرەكشە	اۋىرىپ	57
ەرەكشە	قاتتى	46
ەرەكشە	كەرەمەت	51
ەرەكشە	جامان	62
ەرەكشە	شارشاپ	63
ەرەكشە	ساعىنىپ	61
ەرەكشە	كۇشتى	36
ەرەكشە	ساعىندىم	52
ەرەكشە	ەرەكشە	39
ەرەكشە	سۋىق	56
ەرەكشە	تازا	49
ەرەكشە	ادەمى	61
ەرەكشە	سۇيەم	66
ەرەكشە	قاجەت	53
ەرەكشە	قولايلى	49
ەرەكشە	ايبەت	63
ەرەكشە	قيمىل	67
ەرەكشە	ىستىق	32
ەرەكشە	سەمىز	66
ەرەكشە	جۋاس	52
ەرەكشە	ساپالى	59
ەرەكشە	قىيمىل	58
ەرەكشە	ۇقتىرامىز	58
جولى	مەن	59
جولى	بولسىن	39
جولى	جاقسى	23
جولى	بىر	53
جولى	بار	33
جولى	سەن	56
جولى	الىپ	51
جولى	ماعان	64
جولى	ەكى	60
جولى	ساعان	62
جولى	تاعى	62
جولى	كوپ	47
جولى	راس	67
جولى	قاتتى	61
جولى	العان	52
جولى	اشىق	66
جولى	بارعاندا	19
جولى	كەلگەندە	45
ياجانىم	مەن	56
ياجانىم	جاقسى	61
ياجانىم	سول	50
ياجانىم	راحىمەت	15
ياجانىم	ماقۇل	62
ياجانىم	وندا	19
ياجانىم	مەنىڭ	67
ياجانىم	جارايدى	45
اۋدان	جاققا	66
اۋدان	ىشىندە	14
اۋدانعا	بىر	29
اۋدانعا	كەل	13
اۋدانعا	كەلىپ	57
اۋدانعا	ادام	32
اۋدانعا	بارىپ	48
اۋدانعا	ەكى	18
اۋدانعا	كەتتى	19
اۋدانعا	قاشان	61
اۋدانعا	كەتىپ	54
اۋدانعا	ۇش	37
اۋدانعا	كەلدىم	44
اۋدانعا	شىعىپ	45
اۋدانعا	بارا	54
اۋدانعا	بارام	64
اۋدانعا	كەلە	48
اۋدانعا	تۇسىپ	62
اۋدانعا	اپارىپ	53
اۋدانعا	ءبىر	50
اۋدانعا	كەتكەن	62
اۋدانعا	بارايىن	64
اۋدانعا	باراتىن	46
اۋدانعا	بارامىن	15
اۋدانعا	دەيىن	56
اۋدانعا	بارعاندا	64
اۋدانعا	كەلگەندە	51
اۋدانعا	دەرەۋ	65
اۋدانعا	شىعاتىن	52
اۋدانعا	كەلگەم	50
اۋدانعا	باراسىڭبا	48
اۋدانعا	بارعالى	64
اۋدانعا	تۇسەتىن	67
اۋدانعا	شعاتىن	63
اۋدانعا	بىرادام	65
دەسەڭ	مەن	52
دەسەڭ	بولدى	30
دەسەڭ	بىر	11
دەسەڭ	سول	51
دەسەڭ	نە	47
دەسەڭ	الىپ	63
دەسەڭ	وندا	65
دەسەڭ	كەل	45
دەسەڭ	ەرتەڭ	62
دەسەڭ	مەندە	62
دەسەڭ	بولادى	57
دەسەڭ	ول	42
دەسەڭ	ونى	54
دەسەڭ	ۇزىڭ	61
دەسەڭ	تاعى	50
دەسەڭ	وزىڭ	51
دەسەڭ	بارام	53
دەسەڭ	بارايىن	54
دەسەڭ	سولاي	66
دەسەڭ	بولمايما	65
قولايسىز	عوي	26
قولايسىز	جانىم	24
قولايسىز	دەپ	41
قولايسىز	بولدى	45
قولايسىز	ەكەن	33
قولايسىز	بولىپ	28
قولايسىز	بولسا	8
قولايسىز	بولادى	18
قولايسىز	ەمەس	50
قولايسىز	بولاما	64
قولايسىز	بوپ	65
قولايسىز	شىعار	35
قولايسىز	كەزدە	62
ايتادى	عوي	54
ايتادى	مەن	13
ايتادى	دەپ	46
ايتادى	ەكەن	21
ايتادى	بىر	16
ايتادى	سول	59
ايتادى	سەن	63
ايتادى	قوي	45
ايتادى	ماعان	61
ايتادى	ول	49
ايتادى	سەنى	55
ايتادى	دەيدى	65
ايتادى	ونى	37
ايتادى	ەكەنسىڭ	63
ايتادى	ەمەسپە	20
ايتادى	ەكەسىڭ	58
قالجىڭ	عوي	66
قالجىڭ	جانىم	9
قالجىڭ	مەن	17
قالجىڭ	دەپ	53
قالجىڭ	جاقسى	49
قالجىڭ	بولدى	52
قالجىڭ	قوي	53
قالجىڭ	بارى	55
قالجىڭ	ايتىپ	45
قالجىڭ	دوسىم	46
قالجىڭ	ەمەس	42
قالجىڭ	باس	24
قالجىڭ	ەي	53
قالجىڭ	ەمەسپە	41
قالجىڭ	قالجىڭ	51
قالجىڭ	رەنجىپ	66
قالجىڭ	داپ	58
باق	دەپ	52
باق	بەرسىن	25
باقىت	دەپ	32
باقىت	جوق	52
باقىت	ەكەن	38
باقىت	قوي	52
باقىت	قايدا	28
باقىت	دەگەن	42
باقىت	بەرسىن	30
باقىت	سيلاسىن	45
باقىت	تىلەي	57
باقىت	تىلەيمىن	30
باقىت	تىلەپ	18
باقىت	بايلىق	45
باقىت	بۇيرسىن	17
باقىت	بۇيىرسىن	15
باقىت	قارتايماس	51
باقىت	قونسىن	56
باقىتتى	جان	43
باقىتتى	بول	50
باقىتتى	بولسىن	12
باقىتتى	ەكەن	11
باقىتتى	بولىپ	64
باقىتتى	بولسا	34
باقىتتى	بولا	58
باقىتتى	بوپ	56
باقىتتى	ەكەنسىڭ	59
باقىتتى	بولساڭ	65
باقىتتى	كۇندەر	47
باقىتتى	بولىڭدار	58
باقىتتى	بولاسىڭ	8
باقىتتى	كورەتىن	67
باقىتتى	بولايىق	38
باقىتتى	بولامىز	52
باقىتتى	بولىڭىز	65
باقىتتى	بولىڭىزدار	49
كىسىلەر	مەن	18
كىسىلەر	ەكەن	65
كىسىلەر	بار	61
كىسىلەر	الىپ	24
كىسىلەر	كەلىپ	45
كىسىلەر	بولسا	39
كىسىلەر	امان	9
كىسىلەر	بارما	63
كىسىلەر	جاقسىما	16
كىسىلەر	مىنا	39
كىسىلەر	قابارلاسىڭىزدار	66
كىسىلەر	بارمەكەن	11
كىسىلەر	جەكەلىككە	56
كىسىلەر	تەزدەن	43
دال	عوي	53
دال	مەن	55
دال	بولدى	57
دال	ەكەن	36
دال	سول	19
دال	سەن	25
دال	بولىپ	50
دال	بۇگىن	62
دال	بولادى	38
دال	وسى	65
دال	ۇزى	17
دال	وزى	51
دال	ايتتىڭ	56
دال	ايتقان	15
دال	بولعان	54
دال	قازىر	53
دال	ايتىڭ	10
دال	تۇستە	45
دال	سونداي	60
دال	سولاي	65
دال	ايتاسىڭ	61
دال	وسىنداي	37
دال	ۋاعىندا	59
دال	قازىرگى	58
دال	قازر	35
ەل	مەن	59
ەل	جوق	65
ەل	نە	61
ەل	بار	43
ەل	الىپ	51
ەل	مەنى	50
ەل	بولادى	57
ەل	سەنى	64
ەل	ايتىپ	62
ەل	امان	64
ەل	دەگەن	44
ەل	ەمەس	53
ەل	كوپ	64
ەل	قايتىپ	62
ەل	كورىپ	63
ەل	ايتا	41
ەل	قايدان	40
ەل	ۇشىن	59
ەل	كۇرىپ	44
ەل	سياقتى	45
ەل	قۇساپ	41
ەل	بىلەدى	27
ەل	ايتادى	62
ەل	بىلىپ	59
ەل	الدىندا	66
ەل	نەدەيدى	46
ەل	دەگەندە	66
ەل	بولاسىڭ	64
ەل	كورسە	36
ەل	ارالاپ	57
ەل	كۇرسە	62
ەل	بولاسىز	66
ەل	قاتارلى	61
ەل	جۇرت	65
ەل	نەدەسە	30
ەل	قاتارى	56
ەل	جۇرتتان	58
ەل	جۇرىت	51
ەل	جۇرتىڭ	62
ەل	نەدەمەيدى	64
جانە	مەن	59
جانە	جوق	58
جانە	بىر	61
جانە	سول	15
جانە	نە	61
جانە	بار	61
جانە	ەكى	62
جانە	مەنى	46
جانە	بىراز	30
جانە	باسقا	62
جانە	بىرەۋ	42
جانە	ءبىر	52
جانە	بارلىق	49
ايتتىم	عوي	58
ايتتىم	جانىم	6
ايتتىم	مەن	56
ايتتىم	دەپ	48
ايتتىم	بولدى	48
ايتتىم	سەن	54
ايتتىم	ەندى	57
ايتتىم	قوي	52
ايتتىم	ول	36
ايتتىم	ساعان	65
ايتتىم	دەيدى	49
جەتى	جوق	57
جەتى	بولدى	50
جەتى	ادام	44
جەتى	اي	30
جەتى	كۇن	40
جەتى	يۋان	23
جەتى	تۇندە	48
جەتى	سوم	44
جەتى	كۇندە	40
جەتى	مىڭ	33
جەتى	جاس	22
جەتى	جۇز	46
جەتى	نان	20
جەتى	جارىم	46
جەتى	جىل	36
جەتى	سەگىز	26
جەتى	جارىمدا	21
جەتى	شەلپەك	17
جەتى	ادامدىق	50
جەتى	جاسار	43
جەتى	نازىرى	49
جەتىپ	جاتىر	44
جەتىپ	ال	60
جەتىپ	الىپ	17
جەتىپ	تۇر	29
جەتىپ	الدى	50
جەتىپ	الدىم	56
جەتىپ	كەلدى	15
جەتىپ	الايىن	60
جەتىپ	بارام	47
جەتىپ	الدىڭ	56
جەتىپ	الدىڭبا	53
جەتىپ	كەلەدى	11
جەتىپ	العان	58
جەتىپ	بارسام	39
جەتىپ	الساڭ	65
جەتىپ	الدىق	38
جەتىپ	قالار	19
جەتىپ	الىڭىز	48
جەتىپ	الىڭدار	55
جەتىپ	الىڭىزدار	36
جەتىپ	الدىڭدارما	56
جەتىپ	الدىڭىزبا	19
جەتىپ	العانىڭ	44
جەتىپ	الساڭدار	47
جەتىپ	الدىڭىزدارما	62
جەتىپ	اسادى	50
جەتىپ	العاندارىڭ	64
تۇرا	عوي	54
تۇرا	كەلىپ	35
تۇرا	تۇر	65
تۇرا	الماي	9
تۇرا	تۇرىپ	17
تۇرا	سالىپ	25
تۇرا	كەلەدى	41
تۇرا	بەرەدى	66
تۇرا	بەرسىن	51
تۇرا	تۇرا	19
تۇرا	المايمىن	57
تۇرا	بەرسە	54
تۇرا	المايسىڭ	55
تۇرا	ايتاسىڭ	63
تۇرا	المايدى	32
تۇرا	تۇرشى	58
تۇرا	ساپ	33
تۇرا	تۇرساڭ	64
تۇرا	المايتىن	61
تۇرا	تۇسىن	52
تۇرا	تۇرايىن	41
تۇرا	تۇرسىن	46
تۇرا	تۇرايىق	46
تۇرا	تۇرىڭىز	52
تۇرا	تۇرىڭدار	39
باۋى	بەرىك	54
باۋى	بەرك	1
باۋىر	باسىپ	38
باۋىرىم	مەن	11
باۋىرىم	دەپ	52
باۋىرىم	جوق	55
باۋىرىم	جاقسى	63
باۋىرىم	نە	64
باۋىرىم	نەعىپ	64
باۋىرىم	بار	57
باۋىرىم	راحىمەت	45
باۋىرىم	قايدا	50
باۋىرىم	قال	65
باۋىرىم	بىرگە	66
باۋىرىم	امان	58
باۋىرىم	امانشىلىق	62
باۋىرىم	امانسىڭبا	33
باۋىرىم	بارسىڭبا	19
باۋىرىم	ايتقانىڭ	58
قاتى	جاقسى	64
قاتى	قاربالاس	28
قاتى	كەرەك	31
قاتى	اۋىرىپ	28
قاتى	شارشاپ	20
قاتى	ساعىنىپ	28
قاتى	ساعىندىم	18
قاتى	قاجەت	29
قاتىن	عوي	27
قاتىن	مەن	51
قاتىن	دەپ	52
قاتىن	جوق	46
قاتىن	ەكەن	40
قاتىن	بىر	31
قاتىن	سول	66
قاتىن	نە	52
قاتىن	نەعىپ	61
قاتىن	بار	66
قاتىن	بولىپ	38
قاتىن	ال	43
قاتىن	الىپ	63
قاتىن	بولسا	32
قاتىن	قايدا	48
قاتىن	دەگەن	62
قاتىن	ەمەس	50
قاتىن	بارما	54
قاتىن	كوپ	65
قاتىن	بوپ	57
قاتىن	بالا	62
قاتىن	تاۋىپ	55
قاتىن	كۇپ	34
قاتىن	ۇشىن	63
قاتىن	سياقتى	58
قاتىن	قىلىپ	57
قاتىن	قۇساپ	61
قاتىن	ىزدەپ	35
قاتىن	قۇمار	61
المايمىن	عوي	40
المايمىن	جانىم	14
المايمىن	مەن	28
المايمىن	دەپ	57
المايمىن	بولدى	19
المايمىن	سەن	43
المايمىن	ەندى	60
المايمىن	دەيدى	56
المايمىن	دەگەن	31
المايمىن	بىراق	62
المايمىن	دەسەم	65
المايمىن	دەدىم	62
المايمىن	دەسەڭ	48
المايمىن	رەنجىمە	52
وتىرعان	عوي	60
وتىرعان	مەن	48
وتىرعان	جوق	53
وتىرعان	جاقسى	19
وتىرعان	بىر	55
وتىرعان	سول	65
وتىرعان	سەن	63
وتىرعان	ادام	61
وتىرعان	مەندە	31
وتىرعان	كىم	63
وتىرعان	سوڭ	56
وتىرعان	شىعار	31
وتىرعان	جەردە	19
وتىرعان	سياقتى	56
وتىرعان	بولدىڭ	47
وتىرعان	بارلىق	60
وتىرعان	شعار	62
وتىرعان	ەشكىم	56
وتىرعان	ۇيدى	64
وتىرعان	ۇيدىڭ	60
وتىرعان	شىعارسىڭ	65
وتىرعان	جوقپا	31
وتىرعان	ۇقسايدى	60
وتىرعان	جوقسىڭ	62
وتىرعان	شعارسىڭ	45
وتىرعان	وقشايدى	59
وتىرعان	جوقپىن	66
وتىرعان	تۇردەن	51
وتىرعان	جوقسىڭبا	50
وتىرعان	جەرىڭدى	38
وتىرعان	تۇرىڭنەن	58
دەيسىڭ	عوي	57
دەيسىڭ	جانىم	11
دەيسىڭ	مەن	24
دەيسىڭ	بىر	47
دەيسىڭ	سول	64
دەيسىڭ	نە	61
دەيسىڭ	سەن	63
دەيسىڭ	ەندى	60
دەيسىڭ	قوي	56
دەيسىڭ	ماعان	61
دەيسىڭ	ول	54
دەيسىڭ	سوندا	66
دەيسىڭ	تۇسىنبەدىم	39
الادى	عوي	66
الادى	مەن	16
الادى	دەپ	63
الادى	ەكەن	19
الادى	بىر	9
الادى	دەيدى	66
الادى	دەگەن	38
الادى	ەكەنسىڭ	55
الادى	ەمەسپە	24
الادى	ەكەم	58
الادى	ەكەنبىز	42
جاقسىڭ	جانىم	63
جاقسىڭ	مەن	13
جاقسىڭ	جاقسى	48
جاقسىڭ	نەعىپ	64
جاقسىڭ	راحىمەت	31
جاقسىڭ	ەرتەڭ	61
جاقسىڭ	بۇگىن	65
جاقسىڭ	ايت	60
جاقسىڭ	بىرگە	65
جاقسىڭ	دوسىم	55
جاقسىڭ	بارسىڭبا	45
جاقسىڭ	ايتقانىڭ	40
جاقسىڭ	سونىمەن	64
جاقسىڭ	ايتىڭ	65
جاقسىڭ	قالىڭ	40
جاقسىڭ	دەنساۋلىعىڭ	42
جاقسىڭ	بالالار	25
سالەمىڭ	قابىل	65
سالەمىڭ	سالەمەت	1
سالەمىڭ	قابل	30
بولمايما	جانىم	37
بولمايما	مەن	18
بولمايما	دەپ	50
بولمايما	ەكەن	35
بولمايما	بىر	35
بولمايما	نە	63
بولمايما	ەندى	47
بولمايما	وندا	55
بولمايما	سوندا	63
شعا	بەر	34
شعا	الماي	19
شعا	بەرەيىن	12
شعا	سالىپ	36
شعا	كەلەدى	40
شعا	بەرەدى	34
شعا	المايمىن	39
شعا	المايسىڭ	16
شعا	المادىم	41
شعا	المايدى	36
شعا	الاسىڭبا	37
شعا	المايتىن	27
شعار	جانىم	36
شعار	مەن	32
شعار	دەپ	50
شعار	بىر	22
شعار	سول	63
شعار	ەندى	63
شعار	يا	49
شعار	ول	61
شعار	بالكىم	56
سەندەر	جوق	63
سەندەر	جاق	51
سەندەر	جاقسى	39
سەندەر	بىر	50
سەندەر	نە	60
سەندەر	نەعىپ	43
سەندەر	بار	21
سەندەر	كەلىپ	64
سەندەر	بارىپ	58
سەندەر	مەنى	42
سەندەر	قاي	63
سەندەر	نەگە	52
سەندەر	قايدا	58
سەندەر	تاماق	38
سەندەر	امان	62
سەندەر	قاشان	42
سەندەر	بارا	38
سەندەر	كەلەدى	59
سەندەر	ۇشىن	64
سەندەر	سياقتى	46
سەندەر	قۇساپ	51
سەندەر	جاققا	52
سەندەر	كەلگەندە	19
سەندەر	جاقتا	65
سەندەر	كەلىڭدەر	18
سەندەر	جاقتان	65
سەندەر	جاقا	51
سەندەر	جاقتىڭ	65
سەندەر	قايداسىڭدار	59
پۇل	دەپ	64
پۇل	جوق	51
پۇل	بار	15
پۇل	الىپ	29
پۇل	بولسا	47
پۇل	بارما	39
پۇل	بەر	51
پۇل	بەرىپ	56
پۇل	ات	36
پۇل	اتىپ	51
پۇل	كەرەك	25
پۇل	تاۋىپ	37
پۇل	سالىپ	34
پۇل	سۇراپ	60
پۇل	بولماي	46
پۇل	پۇل	61
پۇل	قۇيىپ	60
پۇل	اتشى	46
پۇل	قاجەت	60
پۇل	جەتپەي	54
پۇل	تاۇىپ	59
پۇل	قالمادى	63
پۇل	تۇسكەندە	63
پۇل	تولەپ	59
پۇل	قۇياتىن	63
تەك	مەن	65
تەك	جاقسى	46
تەك	بىر	46
تەك	سول	29
تەك	سەن	45
تەك	ماعان	18
تەك	ەكى	42
تەك	مەنى	54
تەك	مەنىڭ	47
تەك	سەنى	51
تەك	ساعان	27
تەك	وسى	37
تەك	امان	57
تەك	ۇزىڭ	56
تەك	سەنىڭ	59
تەك	وزىڭ	41
تەك	عانا	66
تەك	العا	25
تەك	ەكەمىز	60
تەك	قانا	57
تەك	سەنىمەن	15
تەك	اماندىق	58
تەك	جاقسىلىق	63
جاۋا	سالدىڭ	58
جاۋاپ	جوق	12
جاۋاپ	بەر	15
جاۋاپ	بەرىپ	17
جاۋاپ	بەرە	31
جاۋاپ	بەرەيىن	24
جاۋاپ	بەرەم	59
جاۋاپ	بەرشى	50
جاۋاپ	بەرەدى	27
جاۋاپ	بەرەتىن	62
جاۋاپ	بەرەمىن	54
جاۋاپ	قايتار	63
جاۋاپ	قايتارىپ	14
جاۋاپ	بەرسەڭ	19
جاۋاپ	بەرمەي	58
جاۋاپ	بەرەسىڭ	33
جاۋاپ	بەرمەيدى	51
جاۋاپ	قايتارا	61
جاۋاپ	قايتارام	26
جاۋاپ	بەرمەيسىڭ	63
جاۋاپ	بەرمەدىڭ	39
جاۋاپ	قايتارايىن	35
جاۋاپ	قايتارماي	62
جاۋاپ	قايتارشى	35
جاۋاپ	كەرشىلىك	50
جاۋاپ	قايتارمادى	57
جاۋاپ	قايتارمايسىڭ	48
جاۋاپ	قايتارمادىڭ	43
جاۋاپ	قايتارمايدى	46
اپام	مەن	66
اپام	جوق	37
اپام	جاقسى	47
اپام	بىر	45
اپام	سول	56
اپام	نە	64
اپام	نەعىپ	60
اپام	بار	62
اپام	كەلىپ	19
اپام	ەرتەڭ	44
اپام	بۇگىن	63
اپام	ماعان	62
اپام	بارىپ	53
اپام	مەنى	64
اپام	ول	65
اپام	قايدا	66
اپام	تاماق	57
اپام	ۇيدە	58
اپام	تەلەفون	65
اپام	قانداي	50
اپام	اۋىرىپ	35
اپام	كەلدى	40
اپام	ەكەمىز	62
اپام	كەلگەن	40
اپام	ايتادى	62
اپام	ەكەۋى	47
اپام	ۇيىنە	63
اپام	اتام	63
اپام	ەكەۋمىز	55
اپام	قايتىس	65
كۇڭىل	عوي	61
كۇڭىل	بول	44
كۇڭىل	بولىپ	49
كۇڭىل	ايتىپ	44
كۇڭىل	بۇل	55
كۇڭىل	كۇي	14
كۇڭىل	بۇلىپ	13
كۇڭىل	كۇيى	22
كۇڭىل	كۇيىم	39
كۇڭىل	كۇتەرىپ	13
كۇڭىل	كۇيىڭ	48
كۇڭىل	كۇيدە	19
كۇڭىل	كۇيدى	38
كۇڭىل	كۇيىڭدى	41
كۇڭىل	كۇيدەن	29
كۇڭىل	كۇيىمدى	35
كۇڭىل	كۇيىن	43
كۇڭىل	بۇلگەنىڭە	54
كۇڭىلدى	بول	54
كۇڭىلدى	بولسىن	64
كۇڭىلدى	بولىپ	3
كۇڭىلدى	كۇن	55
كۇڭىلدى	وت	52
كۇڭىلدى	وتىر	66
كۇڭىلدى	جۇر	65
كۇڭىلدى	ويناپ	42
كۇڭىلدى	بولساڭ	39
كۇڭىلدى	كۇڭىلدى	51
كۇڭىلدى	كۇندەر	51
كۇڭىلدى	كەشكى	46
كۇڭىلدى	ىستەرىڭ	32
كۇڭىلدى	جۇرسەڭ	20
كۇڭىلدى	ىستەرىڭىز	64
قايتار	دەپ	57
قايتار	بولاما	18
قايتار	الماي	34
قايتار	تەز	37
قايتار	شى	34
قايتارىپ	قوي	39
قايتارىپ	ال	42
قايتارىپ	الىپ	40
قايتارىپ	جاتىرمىن	45
قايتارىپ	بەر	44
قايتارىپ	بەرىپ	31
قايتارىپ	قايتا	64
قايتارىپ	الدىم	59
قايتارىپ	اتىپ	41
قايتارىپ	بەرە	48
قايتارىپ	بەرەيىن	45
قايتارىپ	قويدىم	17
قايتارىپ	الايىن	34
قايتارىپ	الدىڭ	46
قايتارىپ	بەرەم	16
قايتارىپ	بەرەدى	20
قايتارىپ	قويايىن	57
قايتارىپ	تاستا	52
قايتارىپ	تاستاپ	62
قايتارىپ	بەرەتىن	62
قايتارىپ	بەرەمىن	58
قايتارىپ	بەرسەڭ	14
قايتارىپ	بەردى	63
قايتارىپ	بەردىم	65
قايتارىپ	بەرسەم	62
قايتارىپ	قويىڭىز	53
قايتارىپ	تاستادىم	65
ۇر	جانىم	57
ۇر	مەن	23
ۇر	دەپ	37
ۇر	ماعان	25
ۇرىپ	جاتىر	35
ۇرىپ	قوي	18
ۇرىپ	الىپ	51
ۇرىپ	تۇر	48
ۇرىپ	جاتىرمىن	33
ۇرىپ	ايتىپ	52
ۇرىپ	ەدى	45
ۇرىپ	جۇر	56
ۇرىپ	قويدىم	64
ۇرىپ	كور	51
ۇرىپ	تۇرىپ	50
ۇرىپ	ەدىم	64
ۇرىپ	سۇراپ	52
ۇرىپ	جاتقان	51
ۇرىپ	كۇر	52
ۇرىپ	تۇرعان	55
ۇرىپ	ۇرىپ	61
ۇرىپ	كورەيىن	44
ۇرىپ	سوعىپ	62
ۇرىپ	كورشى	56
ۇرىپ	قالار	51
ۇرىپ	كۇرشى	50
ايتايىن	جانىم	58
ايتايىن	مەن	45
ايتايىن	دەپ	53
ايتايىن	سەن	12
ايتايىن	وندا	57
ايتايىن	ساعان	53
ايتايىن	دەيدى	53
ايتايىن	دەگەن	63
ايتايىن	بولاما	54
ايتايىن	دەسە	56
ايتايىن	دەسەم	61
ايتايىن	دەدىم	16
ايتايىن	دەگەم	62
ايتايىن	دەسەڭ	18
ايتايىن	دەگەنىم	61
بەرسە	مەن	40
بەرسە	دەپ	43
بەرسە	جاقسى	45
بەرسە	بولدى	19
بەرسە	ەكەن	14
بەرسە	بىر	38
بەرسە	سول	49
بەرسە	الىپ	58
بەرسە	بولادى	44
بەرسە	ساعان	21
بەرسە	دەيدى	54
بەرسە	بولاما	55
بەرسە	اتىپ	44
بەرسە	بەرەيىن	32
بەرسە	بولمايدى	47
بەرسە	بولمايما	51
بەرسەڭ	مەن	53
بەرسەڭ	دەپ	38
بەرسەڭ	جاقسى	45
بەرسەڭ	بولدى	27
بەرسەڭ	بىر	10
بەرسەڭ	نە	56
بەرسەڭ	مەندە	64
بەرسەڭ	بولادى	59
بەرسەڭ	دەيدى	20
بەرسەڭ	بولاما	57
بەرسەڭ	الايىن	29
بەرسەڭ	بولمايدى	55
بەرسەڭ	بولاتىن	51
بەرسەڭ	بولمايما	54
بەرسەڭ	بولار	27
بەرسەڭ	قايتەدى	60
بەرسەڭ	بولۋشى	65
قالىپپىن	عوي	64
قالىپپىن	جانىم	14
قالىپپىن	دەپ	19
قالىپپىن	ەندى	55
قالىپپىن	ازىر	32
قالىپپىن	تۇندە	52
قالىپپىن	جاڭا	53
قالىپپىن	جاڭە	52
اقى	سالىپ	47
اقى	تاپسىرۋ	19
اقىر	مەن	18
اقىر	بولدى	26
اقىرى	مەن	31
اقىرى	مەنى	30
اقىرىن	جاقسى	44
اقىرىن	بىر	41
اقىرىن	الىپ	52
اقىرىن	بارى	62
اقىرىن	بارىپ	50
اقىرىن	بولادى	60
اقىرىن	ايتىپ	65
اقىرىن	ىستە	38
اقىرىن	جۇر	60
اقىرىن	شىعىپ	23
اقىرىن	كەلە	61
اقىرىن	سۇراپ	65
اقىرىن	جۇرە	55
اقىرىن	جۇرىپ	64
اقىرىن	تارتىپ	46
اقىرىن	اقىرىن	61
اقىرىن	ايدا	11
اقىرىن	ۇيرەنىپ	60
المايسىڭ	عوي	54
المايسىڭ	جانىم	10
المايسىڭ	مەن	25
المايسىڭ	دەپ	62
المايسىڭ	نە	44
المايسىڭ	سەن	47
المايسىڭ	قوي	62
المايسىڭ	وسى	63
المايسىڭ	تەلەفون	64
المايسىڭ	ەمەسپە	44
كولىك	جوق	65
كولىك	بار	16
كولىك	بولسا	19
كولىك	بارما	11
كولىك	كوپ	5
كولىك	قۇتتى	57
كولىك	تاۋىپ	46
كولىك	توسىپ	35
كولىك	ىزدەپ	52
كولىك	ايداپ	46
كولىك	قاجەت	60
كولىك	شىقپاي	52
كولىك	شىقسا	56
كولىك	بارمەكەن	61
كولىك	تابىلدى	52
بىلەم	عوي	57
بىلەم	جانىم	12
بىلەم	مەن	15
بىلەم	دەپ	43
بىلەم	سول	53
بىلەم	سەن	59
بىلەم	قوي	43
بىلەم	مەندە	58
بىلەم	مەنى	56
بىلەم	ول	62
بىلەم	سەنى	60
بىلەم	دوسىم	56
بىلەم	ونى	63
بىلەم	بىراق	49
بىلەم	سەنىڭ	34
بىلەم	بارىن	49
اتا	سال	57
اتا	مەن	13
اتا	تۇر	64
اتا	بەر	56
اتا	الماي	50
اتا	انا	55
اتا	اپا	38
اتا	اپام	42
اتا	تۇرشى	55
اتا	سالشى	34
اتا	سالايىن	19
اتا	سالام	36
اتا	اپاڭ	54
اتا	بەرىڭىزدەر	59
اتا	سالدىم	46
اتا	سالساڭ	55
اتا	سالىڭىز	44
اتا	انالار	25
اتا	اپاسى	17
اتا	سالىڭدار	51
اتا	سالاسىڭبا	64
اتا	سالىڭىزدار	49
اتا	سالساڭىز	64
اتا	سالىڭىزشى	62
اتا	اناسى	64
اتا	سالاسىزبا	52
سۋى	قۇرىپ	62
سۋى	اعىپ	18
سۋىق	عوي	16
سۋىق	دەپ	64
سۋىق	بولدى	58
سۋىق	ەكەن	60
سۋىق	بار	11
سۋىق	بولىپ	64
سۋىق	قوي	17
سۋىق	الىپ	31
سۋىق	بولسا	62
سۋىق	ۇيدە	50
سۋىق	كۇن	55
سۋىق	ەمەس	59
سۋىق	پا	43
سۋىق	بوپ	62
سۋىق	شىعار	50
سۋىق	ەمەسپە	49
سۋىق	نارسە	62
سۋىق	كۇشتى	57
سۋىق	سۋ	56
سۋىق	شعار	40
سۋىق	ۇستاپ	63
سۋىق	ساي	32
سۋىق	وتىپ	46
سۋىق	ۇتىپ	20
سۋىق	تيىپ	30
سۋىق	سۋعا	28
سۋىق	بوران	45
سۋىق	وتكەن	52
سۋىق	جەل	56
سۋىق	ءوتىپ	58
سۋىق	تەر	57
سۋىق	سۋمەن	63
سۋىق	تيگىزىپ	61
ۇمىت	جوق	59
ۇمىت	بار	11
ۇمىت	بولىپ	22
ۇمىت	بولادى	27
ۇمىت	بارما	26
ۇمىت	كۇتىپ	29
ۇمىت	ەتەمىن	32
ۇمىت	ەتەمىز	19
ۇمىتىپ	كەت	32
ۇمىتىپ	كەتتى	50
ۇمىتىپ	كەتىپ	52
ۇمىتىپ	كەتتىم	43
ۇمىتىپ	قالدىم	65
ۇمىتىپ	قالعان	46
ۇمىتىپ	كەتتىڭ	40
ۇمىتىپ	قالدىڭبا	46
ۇمىتىپ	كەتكەن	34
ۇمىتىپ	كەتەدى	35
ۇمىتىپ	قالادى	49
ۇمىتىپ	قالىپ	54
ۇمىتىپ	قالىپپىن	62
ۇمىتىپ	كەتىپتى	13
ۇمىتىپ	كەتەم	63
ۇمىتىپ	كەتەتىن	50
ۇمىتىپ	قالما	58
ۇمىتىپ	كەتەسىڭ	24
ۇمىتىپ	قالام	41
ۇمىتىپ	قالاسىڭ	59
ۇمىتىپ	كەتەمىن	55
ۇمىتىپ	كەتىپپىن	60
ۇمىتىپ	كەتتىڭبە	10
ۇمىتىپ	كەتپە	34
ۇمىتىپ	قالپپىن	38
ۇمىتىپ	كەتپەي	64
ۇمىتىپ	كەتپپىن	64
ۇمىتىپ	كەتبە	53
ۇمىتىپ	قاپپىن	57
ۇمىتىپ	كەتپىن	64
ۇمىتىپ	كەتىپتىم	63
ۇمىتىپ	كەتىپىن	44
قۇڭباۋ	جوق	49
قۇڭباۋ	بار	17
قۇڭباۋ	الىپ	44
قۇڭباۋ	بولسا	62
قۇڭباۋ	بارما	29
قۇڭباۋ	شاي	19
قۇڭباۋ	بەرىپ	52
قۇڭباۋ	ات	18
قۇڭباۋ	اتىپ	33
قۇڭباۋ	كەرەك	12
قۇڭباۋ	بەرە	52
قۇڭباۋ	تاۋىپ	43
قۇڭباۋ	بەرشى	48
قۇڭباۋ	اتا	49
قۇڭباۋ	اتشى	46
قۇڭباۋ	اتام	13
قۇڭباۋ	شىعاما	64
قۇڭباۋ	اتايىن	24
قۇڭباۋ	شعاما	51
قۇڭباۋ	اتساڭ	40
كۇندەر	بولسىن	63
كۇندەر	بار	13
كۇندەر	بولا	30
كۇندەر	اي	32
كۇندەر	الدا	20
كۇندەرى	قۇتتى	24
كۇندەرى	كوڭىلدى	17
كۇندەرى	كۇڭىلدى	10
كۇندەرىڭ	قۇتتى	22
كۇندەرىڭ	كوڭىلدى	33
كۇندەرىڭ	كۇڭىلدى	2
كۇندەرىڭ	كۇندەرىڭ	14
كۇندەرىڭ	كۇڭلدى	38
كۇندەرىڭ	كوڭلدى	56
ۇستى	باس	61
ۇستى	باسى	19
ۇستى	باسىم	22
ۇستى	ۇستىنە	15
ۇستى	كورپە	18
ۇستىپ	جوق	16
ۇستىپ	بىر	59
ۇستىپ	تۇر	28
ۇستىپ	جاتىرمىن	65
ۇستىپ	ايتىپ	59
ۇستىپ	وتىرمىن	49
ۇستىپ	قالدى	60
ۇستىپ	قاشان	45
ۇستىپ	جۇر	64
ۇستىپ	جولداپ	58
ۇستىپ	قالدىم	63
ۇستىپ	قالدىڭ	35
ۇستىپ	جۇرە	64
ۇستىپ	جۇرىپ	42
ۇستىپ	قالادى	22
ۇستىپ	سۇيلەپ	55
ۇستىپ	جازىپ	58
ۇستىپ	ۇستىپ	59
ۇستىپ	قالدىق	57
ۇستىپ	قويعان	50
ۇستىپ	قالاسىڭ	58
ۇستىپ	جۇرسەڭ	48
التى	ادام	57
التى	اي	20
التى	كۇن	23
التى	يۋان	19
التى	سوم	45
التى	كۇندە	39
التى	ساعات	48
التى	مىڭ	44
التى	جاس	18
التى	جۇز	41
التى	تۇرلى	19
التى	جارىم	56
التى	جىل	39
التى	جەتى	20
التى	تال	30
التى	رەت	40
التى	جارىمدا	51
التى	تۇياق	18
التى	ايدان	57
التى	ايعا	55
التى	جاسار	55
التىن	عوي	41
التىن	جان	60
التىن	جانىم	54
التىن	سول	57
التىن	الىپ	54
التىن	دوسىم	47
التىن	دەگەن	32
التىن	اعا	59
التىن	قىز	55
التىن	قىزدار	19
التىن	بالام	48
التىن	قىزىم	63
التىن	كەمپىرىم	25
التىن	شالىم	38
التىن	جەڭگەم	57
التىن	قىزدىڭ	54
التىن	دۇزىك	62
التىن	القا	48
التىن	سىرعا	46
التىن	بارماقتارىڭىزعا	59
التىن	بىلەزىك	22
التىن	جۇزىك	59
كەشكە	مەن	51
كەشكە	بىر	59
كەشكە	نە	41
كەشكە	كەل	52
كەشكە	كەلىپ	57
كەشكە	بارىپ	41
كەشكە	تاماق	44
كەشكە	ۇيگە	42
كەشكە	بىراق	46
كەشكە	تاعى	55
كەشكە	اتىپ	57
كەشكە	بارام	59
كەشكە	بارايىن	52
كەشكە	بارامىن	54
كەشكە	دەيىن	62
كەشكە	قاراي	11
كەشكە	جاقىن	54
كەشكە	تامان	19
كەشكە	تاياۋ	29
رەنجىپ	جاتىر	32
رەنجىپ	تۇر	30
رەنجىپ	وتىر	56
رەنجىپ	وتىرمىن	42
رەنجىپ	قالدى	56
رەنجىپ	جۇر	44
رەنجىپ	قالدىم	55
رەنجىپ	قالعان	17
رەنجىپ	قالدىڭ	37
رەنجىپ	قالدىڭبا	42
رەنجىپ	جۇرگەن	9
رەنجىپ	جۇرسىڭ	62
رەنجىپ	قالادى	55
رەنجىپ	وتىرسىڭ	44
رەنجىپ	تۇرسىڭ	47
رەنجىپ	قالدىما	43
رەنجىپ	جۇرمە	35
رەنجىپ	قالما	54
رەنجىپ	قالام	18
رەنجىپ	قالاما	45
رەنجىپ	قالاسىڭ	39
رەنجىپ	وتىرسىڭبا	62
رەنجىپ	قالماسىن	55
رەنجىپ	جۇرسىڭبە	41
رەنجىپ	جۇرمەسىن	46
رەنجىپ	تۇرسىڭبا	42
رەنجىپ	قالامىن	48
رەنجىپ	قالدىڭىزبا	55
رەنجىپ	قالماعان	41
رەنجىپ	قالماڭىز	64
رەنجىپ	قالماشى	56
كورە	عوي	63
كورە	سال	23
كورە	بەر	43
كورە	الماي	21
كورە	سالىپ	11
كورە	الدىڭبا	38
كورە	بەرسىن	43
كورە	المايمىن	43
كورە	المايسىڭ	39
كورە	المادىم	38
كورە	المايدى	19
كورە	سالشى	19
كورە	المايتىن	44
كورە	الماعان	29
كورەيىن	جانىم	43
كورەيىن	دەپ	33
كورەيىن	نە	14
كورەيىن	وندا	62
كورەيىن	دەيدى	55
كورەيىن	دەگەن	46
كورەيىن	قانداي	53
كورەيىن	بولاما	64
كورەيىن	دەسەم	29
كورەيىن	شى	40
كورەيىن	دەدىم	64
كورەيىن	دەگەم	62
كورەيىن	دەگەنىم	33
ايەل	عوي	64
ايەل	مەن	59
ايەل	دەپ	62
ايەل	جوق	48
ايەل	ەكەن	42
ايەل	بىر	43
ايەل	بار	61
ايەل	بولىپ	37
ايەل	الىپ	51
ايەل	ادام	53
ايەل	بولسا	10
ايەل	دەگەن	48
ايەل	ەمەس	50
ايەل	كوپ	59
ايەل	تاۋىپ	63
ايەل	ادامدى	58
ايەل	ادامعا	40
ايەل	ادامنىڭ	26
ايەل	ادامدا	23
ايەل	ادامدار	61
ايەل	جولداستار	51
ايەل	زاتى	55
ايەل	زاتىن	34
ايەل	زاتىنا	58
اناۋ	مەن	60
اناۋ	جوق	58
اناۋ	بولدى	51
اناۋ	بىر	57
اناۋ	سول	46
اناۋ	نە	58
اناۋ	نەعىپ	42
اناۋ	بار	53
اناۋ	كەلىپ	40
اناۋ	ماعان	49
اناۋ	مەنى	59
اناۋ	مەنىڭ	64
اناۋ	نەگە	61
اناۋ	قايدا	64
اناۋ	تەلەفون	47
اناۋ	كىم	59
اناۋ	كۇنى	37
اناۋ	بارما	19
اناۋ	تاعى	64
اناۋ	كەلدى	60
اناۋ	كەزدە	63
اناۋ	مىناۋ	58
اناۋ	مناۋ	20
اناۋ	كۇنگى	56
نەسى	جانىم	54
نەسى	دەپ	49
نەسى	جاقسى	51
نەسى	ەكەن	24
نەسى	بار	63
نەسى	قالدى	10
نەسى	كەتىپ	48
نەسى	ۇيات	52
نەسى	قيىن	16
نەسى	جامان	49
نەسى	بولسادا	54
نەسى	كەتەدى	61
نەسى	قىزىق	50
نەسى	اۋرە	57
نەسى	اۋىرە	60
جولاۋشى	بولسا	63
جولاۋشىلار	بولسا	3
جولاۋشىلار	بارما	3
جولاۋشىلار	قابارلاسىڭىزدار	50
جولاۋشىلار	حابارلاسىڭىزدار	8
ۇيتىپ	مەنى	62
ۇيتىپ	ايتىپ	47
ۇيتىپ	قالدى	45
ۇيتىپ	جۇر	58
ۇيتىپ	ايتقان	62
ۇيتىپ	ايتا	60
ۇيتىپ	جامان	51
ۇيتىپ	قالدىڭ	61
ۇيتىپ	ويلاپ	47
ۇيتىپ	قاتە	59
ۇيتىپ	ايتادى	39
ۇيتىپ	ايتاسىڭ	63
ۇيتىپ	ۇتىرىك	52
ۇيتىپ	وتىرىك	51
ۇيتىپ	ايتپا	60
ۇيتىپ	ۇزىڭدى	18
ۇيتىپ	ايتساڭ	62
ۇيتىپ	تۇرسىڭ	39
ۇيتىپ	ايتسام	61
ۇيتىپ	ايتپاشى	63
ۇيتىپ	ايتاتىن	17
ۇيتىپ	ايتبا	59
ۇيتىپ	ويلاما	35
ۇيتىپ	ويلاساڭ	44
ۇيتىپ	ايتباشى	55
ۇيتىپ	ايتپادىم	47
ۇيتىپ	ايتپايدى	57
ۇيتىپ	بالالىق	58
ۇيتىپ	ويلامايمىن	61
ۇيتىپ	ويلاماشى	61
ماس	دەپ	55
ماس	بولدى	54
ماس	ەكەن	58
ماس	بولىپ	21
ماس	قوي	8
ماس	كەلىپ	47
ماس	ادام	59
ماس	بولسا	39
ماس	ساعان	38
ماس	ەمەس	59
ماس	بوپ	41
ماس	كەزدە	17
ماس	بولعان	56
ماس	بولدىم	41
ماس	بولماي	50
ماس	بولاتىن	56
ماس	بولساڭ	62
ماس	قىلىپ	43
ماس	بولپ	41
ماس	بولسام	53
ماس	بولعاندا	50
ماس	بولايىن	38
ماس	كۇنەم	60
كەلەت	دەپ	61
كەلەت	ەكەن	13
كەلەتىن	بولدى	18
كەلەتىن	بىر	14
كەلەتىن	بولىپ	55
كەلەتىن	ادام	27
كەلەتىن	بولسا	32
كەلەتىن	كۇنى	44
كەلەتىن	ەمەس	61
كەلەتىن	ەدى	54
كەلەتىن	بوپ	53
كەلەتىن	شىعار	55
كەلەتىن	كەزدە	14
كەلەتىن	ەدىم	35
كەلەتىن	بولعان	50
كەلەتىن	ۋاقىت	39
كەلەتىن	بولدىم	55
كەلەتىن	ماشينا	57
كەلەتىن	سياقتى	48
كەلەتىن	نارسە	43
كەلەتىن	بولساڭ	59
كەلەتىن	قۇساپ	46
كەلەتىن	بولدىڭ	59
كەلەتىن	كىسىلەر	49
كەلەتىن	شعار	45
كەلەتىن	كولىك	41
كەلەتىن	جولاۋشىلار	39
كەلەتىن	شىعارسىڭ	54
كەلەتىن	بولدىڭبا	39
كەلەتىن	ۇقسايدى	29
كەلەتىن	جەرى	58
كەلەتىن	بولدىما	55
كەلەتىن	كۇلىك	47
كەلەتىن	شعارسىڭ	52
كەلەتىن	بولدىڭدارما	54
سوز	عوي	57
سوز	جوق	30
سوز	ەكەن	19
سوز	بار	44
سوز	ايتىپ	40
سوز	ەمەس	29
سوز	كوپ	47
سوز	جارىم	52
سوز	ايتايىن	47
سوز	ايتپا	54
سوز	ەستىپ	32
سوز	ايتساڭ	40
سوز	ايتسام	62
سوز	ايتپاشى	50
سوز	ايتبا	58
سوز	بوق	61
سوز	ۇقپايدى	63
سوز	ۇقپايتىن	50
ايتاسىڭ	عوي	55
ايتاسىڭ	جانىم	15
ايتاسىڭ	مەن	15
ايتاسىڭ	دەپ	48
ايتاسىڭ	سول	52
ايتاسىڭ	سەن	52
ايتاسىڭ	مەندە	62
ايتاسىڭ	ماعان	63
ايتاسىڭ	وسى	62
ايتاسىڭ	دوسىم	53
قارسى	جاق	38
قارسى	بىر	27
قارسى	الىپ	60
قارسى	ۇي	17
قارسى	ۇيدە	61
قارسى	قاربالاس	64
قارسى	الاتىن	58
قارسى	جاققا	62
قارسى	الام	38
قارسى	ەرەكشە	51
قارسى	الادى	49
قارسى	الامىن	45
قارسى	الساڭ	16
قارسى	جاقتا	64
قارسى	الامىز	64
قارسى	قيمىل	13
قارسى	الاسىڭبا	21
قارسى	قىيمىل	44
قارسى	جاقتىڭ	55
مىنانى	مەن	39
مىنانى	بىر	52
مىنانى	سەن	49
مىنانى	ال	62
مىنانى	الىپ	62
مىنانى	ماعان	23
مىنانى	نەگە	60
مىنانى	قالاي	58
مىنانى	ايتىپ	50
مىنانى	كىم	47
مىنانى	قايتىپ	53
مىنانى	جولداپ	62
مىنانى	الدىم	34
مىنانى	كورىپ	58
مىنانى	الايىن	38
مىنانى	قارا	56
مىنانى	قوسىپ	56
مىنانى	قايدان	45
مىنانى	ويلاپ	48
مىنانى	اشىپ	51
مىنانى	كۇرىپ	43
مىنانى	باسىپ	52
مىنانى	شىعارىپ	43
مىنانى	كورشى	57
مىنانى	ساقتاپ	52
مىنانى	قاراشى	63
مىنانى	باسا	43
مىنانى	تانيسىڭبا	61
عۇي	جانىم	59
عۇي	مەن	18
عۇي	دەپ	50
عۇي	بىر	48
عۇي	سەن	62
عۇي	ەندى	57
عۇي	دەيمىن	53
دوستار	مەن	33
دوستار	جاقسى	53
دوستار	راحىمەت	64
دوستار	كەلىپ	60
دوستار	قايىرلى	50
دوستار	بىرگە	22
دوستار	امان	61
دوستار	كەش	53
دوستار	ورازا	48
دوستار	ايتتارىڭ	59
دوستار	امانسىڭدارما	60
دوستار	سالەمدەرىڭ	12
دوستار	قالدارىڭ	43
دوستار	كەشتەرىڭ	44
ۇت	باسىڭ	59
ۇت	باستارىڭ	17
ۇتىر	ەكەن	17
ۇتىرىك	دەپ	18
ۇتىرىك	جاقسى	59
ۇتىرىك	بولدى	60
ۇتىرىك	ەكەن	58
ۇتىرىك	بولىپ	35
ۇتىرىك	قوي	62
ۇتىرىك	بولسا	42
ۇتىرىك	نەگە	53
ۇتىرىك	ايتىپ	61
ۇتىرىك	ەمەس	14
ۇتىرىك	ايتقان	44
ۇتىرىك	ايتا	40
ۇتىرىك	ەمەسپە	45
ۇتىرىك	ايتام	59
ۇتىرىك	ايتىڭ	57
ۇتىرىك	بولسادا	60
ۇتىرىك	ايتادى	57
ۇتىرىك	ايتاسىڭ	42
ۇتىرىك	ۇتىرىك	28
ۇتىرىك	ايتپا	47
ۇتىرىك	ايتسام	32
ۇتىرىك	ايتپاشى	51
ۇتىرىك	ايتاتىن	15
ۇتىرىك	ايتپاي	56
ۇتىرىك	ايتبا	52
ۇتىرىك	ايتپايمىن	53
ۇتىرىك	ايتباي	45
ۇتىرىك	ايتباشى	62
ۇتىرىك	ايتبايمىن	52
الامىن	عوي	56
الامىن	جانىم	14
الامىن	دەپ	27
الامىن	دەيدى	14
الامىن	دەگەن	18
الامىن	دەسەڭ	25
جاعداي	عوي	51
جاعداي	جوق	51
جاعداي	جاقسى	15
جاعداي	بولدى	17
جاعداي	ەكەن	28
جاعداي	بار	49
جاعداي	بولىپ	50
جاعداي	بولسا	22
جاعداي	بولادى	21
جاعداي	وسى	46
جاعداي	قالاي	51
جاعداي	ايتىپ	11
جاعداي	بارما	41
جاعداي	جاقسىما	33
جاعداي	قانداي	50
جاعداي	بوپ	29
جاعداي	قيىن	59
جاعداي	دۇرىس	45
جاعداي	بولماي	63
جاعداي	بولماسا	26
جاعداي	بولسادا	63
جاعداي	كەلمەي	44
جاعداي	سولاي	33
جاعداي	كەلمەيدى	49
جاعداي	كەلسە	62
جاعداي	وسىلاي	62
ۇستا	جانىم	63
ۇستاپ	جاتىر	18
ۇستاپ	ال	36
ۇستاپ	الىپ	40
ۇستاپ	تۇر	29
ۇستاپ	جاتىرمىن	19
ۇستاپ	وتىر	62
ۇستاپ	وتىرمىن	30
ۇستاپ	كەتتى	48
ۇستاپ	قالدى	59
ۇستاپ	جۇر	31
ۇستاپ	الدى	38
ۇستاپ	الدىم	50
ۇستاپ	تۇرىپ	54
ۇستاپ	جۇرمىن	54
ۇستاپ	قالعان	55
ۇستاپ	جۇرگەن	42
ۇستاپ	العان	51
ۇستاپ	كەتەدى	46
ۇستاپ	تۇرعان	63
ۇستاپ	قالادى	54
ۇستاپ	وتىرعان	46
ۇستاپ	الادى	42
ۇستاپ	السا	56
ۇستاپ	قالدىما	61
ۇستاپ	قالماسىن	59
راقىمەت	جانىم	62
راقىمەت	ساعان	14
راقىمەت	بىرگە	54
راقىمەت	دوسىم	22
راقىمەت	اعا	32
راقىمەت	ايتقانىڭ	49
راقىمەت	جەجە	24
راقىمەت	اينالايىن	56
راقىمەت	سىزگە	63
راقىمەت	التىن	27
راقىمەت	راقىمەت	61
راقىمەت	ايتقانىڭىز	39
راقىمەت	بارلىقتارىڭىزعا	47
راقىمەت	وزىڭە	56
راقىمەت	ۇزىڭە	62
راقىمەت	جاندارىم	63
راقىمەت	سىزدەرگە	59
راقىمەت	ايتقاندارىڭ	63
ىشىن	تازالاپ	63
ىشىندە	ەكەن	14
ىشىندە	بىر	60
ىشىندە	نە	36
ىشىندە	بار	60
ىشىندە	ەكى	59
ىشىندە	يۋان	59
ىشىندە	قايسى	33
ىشىندە	تال	53
ىشىندە	قيمىل	60
ىشىندە	ۇرىمجىدەن	48
ىشىندە	سالىنادى	48
ىشىندە	پوشتادان	62
المادى	عوي	24
المادى	دەپ	12
المادىم	عوي	18
المادىم	جانىم	17
المادىم	دەپ	26
المادىم	بىر	32
المادىم	ەندى	62
المادىم	ەرتەڭ	55
المادىم	بۇگىن	55
المادىم	دەيدى	58
المادىم	قاربالاس	55
المادىم	ۇيات	64
المادىم	رەنجىمە	58
ەتپەيدى	عوي	52
ەتپەيدى	جانىم	23
ەتپەيدى	مەن	14
ەتپەيدى	دەپ	54
ەتپەيدى	جاقسى	51
ەتپەيدى	بولدى	58
ەتپەيدى	بىر	60
ەتپەيدى	بارى	63
ەتپەيدى	دەيدى	50
ەتپەيدى	دوسىم	58
ەتپەيدى	الاڭداما	57
ءوزى	بىر	56
ءوزى	اق	39
ءوزى	ءبىر	54
ءوزى	بىلەدى	42
ءوزىڭ	عوي	49
ءوزىڭ	جاقسى	40
ءوزىڭ	نە	53
ءوزىڭ	نەعىپ	36
ءوزىڭ	كەلىپ	13
ءوزىڭ	بارىپ	60
ءوزىڭ	قاي	63
ءوزىڭ	قايدا	56
ءوزىڭ	تاماق	46
ءوزىڭ	قالاي	63
ءوزىڭ	ايتىپ	50
ءوزىڭ	امان	60
ءوزىڭ	ايتتىڭ	53
ءوزىڭ	شى	53
ءوزىڭ	قايداسىڭ	41
ءوزىڭ	عانا	38
ءوزىڭ	جالعىز	47
ءوزىڭ	بىل	63
ءوزىڭ	قالايسىڭ	20
ءوزىڭ	بىلەسىڭ	16
ءوزىڭ	ءبىل	33
وتىرىك	دەپ	39
وتىرىك	جاقسى	57
وتىرىك	بولدى	63
وتىرىك	ەكەن	57
وتىرىك	بولىپ	35
وتىرىك	قوي	61
وتىرىك	بولسا	42
وتىرىك	نەگە	54
وتىرىك	ايتىپ	63
وتىرىك	ەمەس	14
وتىرىك	ايتتىڭ	44
وتىرىك	شىعار	56
وتىرىك	ايتقان	62
وتىرىك	ايتا	39
وتىرىك	ەمەسپە	41
وتىرىك	ايتام	62
وتىرىك	بولسادا	63
وتىرىك	ايتادى	52
وتىرىك	ايتتىم	38
وتىرىك	ايتاسىڭ	58
وتىرىك	ايتپا	29
وتىرىك	ايتساڭ	26
وتىرىك	ايتسام	63
وتىرىك	ايتپاشى	50
وتىرىك	ايتاتىن	17
وتىرىك	ايتپاي	52
وتىرىك	ايتبا	50
وتىرىك	ايتپايمىن	56
وتىرىك	ايتباشى	48
وتىرىك	ايتبايمىن	59
وتىرىك	ايتقاندى	61
كەلدىڭ	عوي	63
كەلدىڭ	جانىم	20
كەلدىڭ	دەپ	17
كەلدىڭ	راحىمەت	48
كەلدىڭ	بىرگە	62
كەلدىڭ	دوسىم	53
كەلدىڭ	اينالايىن	36
كەلدىڭ	قارسى	55
كەلدىڭ	تورلەت	33
ۇزاق	بولسىن	56
ۇزاق	بولدى	7
ۇزاق	ەكەن	61
ۇزاق	بولىپ	25
ۇزاق	قوي	32
ۇزاق	بولسا	46
ۇزاق	ەمەس	54
ۇزاق	جول	54
ۇزاق	ۋاقىت	53
ۇزاق	مىقتى	18
ۇزاق	جەر	60
ۇزاق	جەرگە	36
ۇزاق	ماڭگى	50
ۇزاق	دەنساۋلىعى	62
ۇزاق	دەنساۋلىعىڭ	38
ۇزاق	جىل	43
ۇزاق	باۋى	46
ۇزاق	جولعا	52
ۇزاق	وقۋى	57
ۇزاق	اتپال	42
ۇزاق	بولاشاعى	49
ۇزاق	عۇمىر	55
ۇزاق	وقۋىڭ	33
قانا	عوي	61
قانا	جاقسى	49
قانا	بولدى	59
قانا	ەكەن	59
قانا	بىر	44
قانا	بار	60
قانا	الىپ	39
قانا	تۇر	58
قانا	وتىرمىن	63
قانا	قالدى	63
قانا	ەمەس	35
قانا	جۇرمىن	54
قايتەسىڭ	جانىم	47
قايتەسىڭ	مەن	19
قايتەسىڭ	دەپ	57
قايتەسىڭ	سەن	44
قايتەسىڭ	ەندى	50
قايتەسىڭ	ال	29
قايتەسىڭ	وندا	63
قايتەسىڭ	ۇزى	49
قايتەسىڭ	سوندا	17
قايتەسىڭ	وزى	49
قايتەسىڭ	ەي	53
قايتەسىڭ	امال	42
قايتەسىڭ	تىپتى	61
قابارلاسىپ	جاتىر	63
قابارلاسىپ	قوي	50
قابارلاسىپ	الىپ	41
قابارلاسىپ	تۇر	44
قابارلاسىپ	جاتىرمىن	13
قابارلاسىپ	ايتىپ	41
قابارلاسىپ	وتىرمىن	63
قابارلاسىپ	جۇر	47
قابارلاسىپ	كور	56
قابارلاسىپ	تۇرىپ	34
قابارلاسىپ	ەدىم	59
قابارلاسىپ	تۇرمىن	60
قابارلاسىپ	جاتقان	50
قابارلاسىپ	كۇر	59
قابارلاسىپ	جۇرگەن	47
قابارلاسىپ	تۇرعان	59
قابارلاسىپ	قويايىن	60
قابارلاسىپ	كورەيىن	20
قابارلاسىپ	تۇرشى	48
قابارلاسىپ	تۇرادى	59
قابارلاسىپ	كۇرەيىن	62
قابارلاسىپ	تۇرما	58
قابارلاسىپ	كورشى	52
قابارلاسىپ	تۇرساڭ	46
قابارلاسىپ	كۇرشى	59
قابارلاسىپ	تۇرام	54
قابارلاسىپ	تۇرسىڭبا	55
قابارلاسىپ	تۇرامىن	46
قابارلاسىپ	تۇرايىق	35
قابارلاسىپ	جاتقانىم	21
قابارلاسىپ	تۇرىڭىز	40
قابارلاسىپ	جاتقانىڭا	48
قابارلاسىپ	تۇرامىز	43
قابارلاسىپ	تۇرساق	51
قابارلاسىپ	تۇرساڭشى	63
مىنە	جانىم	56
مىنە	مەن	36
مىنە	دەپ	51
مىنە	بىر	23
مىنە	ەندى	46
مىنە	بۇگىن	36
مىنە	ەكى	47
مىنە	مەنىڭ	63
مىنە	وسى	57
مىنە	تاعى	45
مىنە	مىنا	54
مىنە	جولداپ	55
مىنە	اتىپ	50
مىنە	كەلدىم	45
مىنە	بارام	61
مىنە	بۇل	57
مىنە	جەردە	43
مىنە	بىرەۋ	40
مىنە	جەرگە	53
مىنە	جەردەن	55
مىنە	شىقتىم	59
تال	بولدى	37
تال	ەكەن	54
تال	بىر	55
تال	بار	41
تال	الىپ	20
تال	بولسا	53
تال	قالدى	62
تال	يۋان	30
تال	الايىن	51
تال	سالىپ	34
تال	عانا	62
تال	تۇستە	30
تال	شىعادى	45
تال	السام	57
تال	تەمەكى	57
تال	جۇمىرتقا	63
ۇيقى	جوق	41
ۇيقى	بولسىن	14
ۇيقى	جاقسى	20
ۇيقى	كەلىپ	38
ۇيقى	قايدا	18
ۇيقى	دەگەن	42
ۇيقى	كەلدى	56
ۇيقى	سۇراپ	33
ۇيقى	كەلەدى	42
ۇيقى	كەپ	52
ۇيقى	كەلمەي	50
ۇيقى	دارى	16
ۇيقى	باسىپ	55
ۇيقى	كەلمەيدى	19
ۇيقى	كەلگەندە	43
ۇيقى	كيىم	55
ۇيقى	قاشىپ	43
ۇيقى	كەلدىمە	53
ۇيقى	كەلمەدى	59
ۇيقى	كەلەر	55
ۇيقى	شالا	59
ۇيقى	قانباي	30
ۇيقى	قاندى	38
ۇيقى	قانىپ	47
ۇيقى	قاندىما	58
ۇيقىم	جاقسى	33
ۇيقىم	كەلىپ	46
ۇيقىم	كەلدى	6
ۇيقىم	قاتتى	16
ۇيقىم	كەلەدى	52
ۇيقىم	كەپ	62
ۇيقىم	كەلگەن	22
ۇيقىم	كەلمەي	48
ۇيقىم	كەلمەيدى	10
ۇيقىم	كەلسە	36
ۇيقىم	كەلگەندە	56
ۇيقىم	قاشىپ	43
ۇيقىم	كەلمەدى	37
ۇيقىم	كەلەر	29
ۇيقىم	شالا	49
ۇيقىم	كەلمەيتىن	57
ۇيقىم	اشىلىپ	62
ۇيقىم	قانباي	35
ۇيقىم	كەمەي	34
ۇيقىم	قانىپ	62
دەمالىپ	جاقسى	56
دەمالىپ	جات	62
دەمالىپ	جاتىر	54
دەمالىپ	ال	44
دەمالىپ	الىپ	14
دەمالىپ	ەرتەڭ	30
دەمالىپ	جاتىرمىن	60
دەمالىپ	وتىرمىن	15
دەمالىپ	كەتتى	31
دەمالىپ	قالدى	47
دەمالىپ	ىستە	57
دەمالىپ	ۇيقتاپ	52
دەمالىپ	قالدىم	59
دەمالىپ	الايىن	48
دەمالىپ	جاتىپ	31
دەمالىپ	قالعان	59
دەمالىپ	قالدىڭبا	60
دەمالىپ	كەتكەن	18
دەمالىپ	وتىرمىز	60
دەمالىپ	دەمالىپ	60
دەمالىپ	كەتىپتى	50
دەمالىپ	جاتىرسىڭبا	58
دەمالىپ	تۇردىڭبا	33
دەمالىپ	الىڭىز	54
دەمالىپ	قالدىڭىزبا	52
بەرگەن	عوي	56
بەرگەن	دەپ	50
بەرگەن	جوق	58
بەرگەن	جاقسى	16
بەرگەن	ەكەن	53
بەرگەن	بىر	41
بەرگەن	سول	58
بەرگەن	ادام	60
بەرگەن	بولسا	55
بەرگەن	ەكى	58
بەرگەن	اقشا	63
بەرگەن	كۇنى	47
بەرگەن	سوڭ	52
بەرگەن	شىعار	25
بەرگەن	كەزدە	45
بەرگەن	سونى	57
بەرگەن	ەدىم	55
بەرگەن	سياقتى	52
بەرگەن	اقشانى	63
بەرگەن	سايىن	43
بەرگەن	اقشاڭدى	59
بەرگەن	اقشامدى	63
ەكەۋ	ەكەن	63
ەكەۋ	بار	43
ەكەۋ	بولىپ	21
ەكەۋ	الىپ	39
ەكەۋ	بولسا	31
ەكەۋ	قالدى	34
ەكەۋ	ەمەس	44
ەكەۋ	الايىن	39
ەكەۋ	عانا	19
ەكەۋى	جوق	34
ەكەۋى	جاقسى	60
ەكەۋى	بىر	43
ەكەۋى	بار	23
ەكەۋى	كەلىپ	52
ەكەۋى	ەكى	56
ەكەۋى	بىرگە	27
ەكەۋى	امان	35
ەكەۋى	كەتتى	63
ەكەۋى	قانشا	62
ەكەۋى	ىشىپ	55
ەكەۋى	ۇيقتاپ	61
ەكەۋى	يۋان	59
ەكەۋى	عانا	55
ەكەۋى	بىردەي	45
سات	دەپ	54
سات	ەكەن	31
سات	بولىپ	14
ساتى	بولسىن	18
ساتىپ	جاتىر	10
ساتىپ	جاتىرسىڭ	20
ساتىپ	ال	61
ساتىپ	الىپ	52
ساتىپ	جاتىرمىن	20
ساتىپ	اقشا	44
ساتىپ	بەر	59
ساتىپ	جۇر	45
ساتىپ	الدىم	53
ساتىپ	بەرەيىن	43
ساتىپ	الايىن	56
ساتىپ	جاتقان	38
ساتىپ	جۇرگەن	40
ساتىپ	العان	51
ساتىپ	الاتىن	28
ساتىپ	بەرشى	51
ساتىپ	اقشاسىن	56
ساتىپ	الام	57
ساتىپ	الادى	53
ساتىپ	الامىن	60
ساتىپ	الساڭ	54
ساتىپ	السام	59
ساتىپ	الامىز	63
ساتىپ	جىبەر	56
ساتىپ	ەتىپ	58
ساتىپ	الساڭىز	61
ساتىپ	جىبەرىپ	50
ساتىپ	الۋعا	58
ساتىپ	جىبەردىم	61
ساتىپ	ەتتىم	52
ەشكى	بار	55
ەشكى	بولسا	21
ەشكى	ساتىلادى	42
ەشكى	تۋىپ	39
ەشكى	تاراپ	42
ەشكى	لاق	18
ەشكى	تارايتىن	26
ەشكىم	جوق	38
ەشكىم	سەنى	8
ەشكىم	ساعان	57
ەشكىم	ەمەس	57
ەشكىم	كەرەك	61
ەشكىم	ەشتەڭە	41
ەشكىم	كەلمەيدى	52
ەشكىم	المايدى	57
ەشكىم	جوقپا	52
ەشكىم	ەشكىمگە	58
ەشكىم	بىلمەيدى	61
ەشكىم	بەرمەيدى	30
ەشكىم	قارامايدى	62
ەشكىم	كورمەيدى	57
ەشكىم	كۇرمەيدى	54
ەشكىم	تالاسا	61
ەشكىم	بىلمەسىن	36
ەلدى	الداپ	62
ەلدىڭ	بارى	24
ەلدىڭ	بارىن	12
ەلدىڭ	اقشاسى	32
ەلدىڭ	اقشاسىن	62
ەلدىڭ	نەسى	37
ەلدىڭ	الدىندا	42
ەلدىڭ	ۇيىنە	19
ەلدىڭ	بالاسى	39
ەلدىڭ	ۇيىندە	49
ەلدىڭ	ۇينە	40
ەلدىڭ	بارىنە	59
ەلدىڭ	ءبارى	39
ەلدىڭ	ۇيندە	45
ەلدىڭ	كوزى	59
ەلدىڭ	بالاسىن	61
ەلدىڭ	قاتىنى	52
ەلدىڭ	سوزىن	52
ەلدىڭ	سۇزىن	59
ەلدىڭ	مالىن	62
ەلدىڭ	قولىنا	61
ەلدىڭ	بارىندە	54
ەلدىڭ	كوزىنە	43
ەلدىڭ	سوزىنە	62
ەلدىڭ	سۇزىنە	47
ەلدىڭ	كوزىنشە	50
جايلى	بولسىن	55
جايلى	جات	10
جايلى	تۇر	59
جايلى	تۇس	13
جايلى	جاتىپ	40
جايلى	ەشتەڭە	9
جايلى	اڭگىمە	58
جايلى	ۇيقى	50
جايلى	تۇردىڭبا	20
جايلى	كەڭەس	22
جايلى	تۇرىڭىز	59
جايلى	تۇرىڭدار	51
بارسا	مەن	49
بارسا	جاقسى	38
بارسا	بولدى	26
بارسا	بولادى	19
بارسا	ايتا	20
بارسام	دەپ	28
بارسام	جوق	54
بارسام	جاقسى	32
بارسام	بولدى	39
بارسام	بىر	42
بارسام	نە	54
بارسام	سەن	59
بارسام	ادام	48
بارسام	بولادى	55
بارسام	سەنى	21
بارسام	ساعان	54
بارسام	قالاي	53
بارسام	تاعى	61
بارسام	بولاما	50
بارسام	شىعا	15
بارسام	ۇيات	57
بارسام	جاي	49
بارسام	بولاتىن	60
بارسام	بوپتى	58
بارسام	بولمايما	55
بارسام	قارسى	49
بارسام	بولار	60
بارسام	جوقسىڭ	61
بارسام	قايتەدى	50
بارسام	قابارلاسام	58
الس	ەكەن	56
الس	بولىپ	17
الس	ەمەس	19
الس	جەر	23
السا	مەن	18
السا	جاقسى	44
السا	بولدى	18
السا	ەكەن	17
السا	بىر	42
السا	سول	46
السا	بولادى	45
السا	قانشا	19
السا	بولاما	47
السا	بىرەۋ	48
الساڭ	مەن	47
الساڭ	جاقسى	45
الساڭ	بولدى	18
الساڭ	بىر	12
الساڭ	سول	51
الساڭ	ال	56
الساڭ	الىپ	53
الساڭ	ماعان	49
الساڭ	بولادى	58
الساڭ	بوپتى	17
الساڭ	بولمايما	51
كەتىپتى	عوي	17
كەتىپتى	جانىم	10
كەتىپتى	مەن	51
كەتىپتى	دەپ	63
كەتىپتى	ەكەن	31
كەتىپتى	سودان	55
كەتىپتى	دەيدى	53
كەتىپتى	سونى	32
كەتىپتى	سوعان	52
سيلاسىن	جانىم	54
سيلاسىن	مەن	11
سيلاسىن	جاقسى	59
سيلاسىن	راحىمەت	15
سيلاسىن	دوسىم	63
سيلاسىن	دوستار	55
سيلاسىن	جايلى	51
بىلىپ	بولدى	19
بىلىپ	قوي	50
بىلىپ	ال	47
بىلىپ	الىپ	32
بىلىپ	تۇر	49
بىلىپ	جاتىرمىن	37
بىلىپ	وتىر	60
بىلىپ	وتىرمىن	45
بىلىپ	جۇر	27
بىلىپ	الدىم	57
بىلىپ	قويدى	56
بىلىپ	قويدىم	46
بىلىپ	تۇرىپ	46
بىلىپ	ەدىم	16
بىلىپ	جۇرمىن	55
بىلىپ	تۇرمىن	50
بىلىپ	بولدىم	17
بىلىپ	جاتقان	56
بىلىپ	قويىپ	49
بىلىپ	العان	40
بىلىپ	تۇرعان	55
بىلىپ	قويايىن	48
بىلىپ	قويدىڭ	55
بىلىپ	قالسا	40
بىلىپ	تۇرسىڭ	49
بىلىپ	قويسا	37
بىلىپ	قويعان	33
بىلىپ	قويادى	52
بىلىپ	قالماسىن	36
بىلىپ	قوياما	61
بىلىپ	قويماسىن	47
ايدا	مەن	45
ايدا	دەپ	54
ايدا	جاقسى	51
ايدا	بىر	59
ايدا	ون	17
ايدا	ەكى	62
ايدا	بىراق	38
ايدا	قانشا	41
ايدا	تاعى	55
ايدا	ۇش	50
ايدا	بەرەيىن	55
ايدا	جاڭا	55
ايدا	بەس	44
ايدا	مىڭ	61
ايدا	توي	55
ايدا	ءبىر	53
ايدا	بەرەم	59
ايدا	قايتارىپ	58
ايداپ	جاتىر	57
ايداپ	قوي	34
ايداپ	كەل	62
ايداپ	كەلىپ	50
ايداپ	تۇر	54
ايداپ	بارىپ	48
ايداپ	جاتىرمىن	50
ايداپ	كەتتى	39
ايداپ	كەتىپ	31
ايداپ	جۇر	48
ايداپ	كەلدىم	23
ايداپ	جۇرمىن	42
ايداپ	بارا	24
ايداپ	بارام	39
ايداپ	كەلە	62
ايداپ	اپارىپ	28
ايداپ	كەتكەن	50
ايداپ	جۇرگەن	42
ايداپ	جۇرىپ	38
ايداپ	جۇرسىڭ	50
ايداپ	بارامىن	49
ايداپ	بارادى	57
ايداپ	قايتاتىن	58
ايداپ	جۇرسىڭبە	60
ەشتەمە	جوق	45
ەشتەمە	دەگەن	12
ەشتەمە	ەمەس	51
ەشتەمە	بولعان	56
ەشتەمە	بولمايدى	44
ەشتەمە	تۇرعان	59
ەشتەمە	ەتپەيدى	58
ەشتەمە	بولمادى	12
ەشتەمە	قالمادى	19
ەشتەمە	ويلاما	50
ەشتەمە	دەمەدى	57
ەشتەمە	دەمەدىم	43
ەشتەمە	ويلاماي	45
ەشتەمە	ەتبەيدى	51
ەشتەمە	ىستەمەدىم	33
ەشتەمە	قىلمادىم	59
ادامدى	مەن	52
ادامدى	جاقسى	61
ادامدى	بىر	32
ادامدى	نە	38
ادامدى	الىپ	57
ادامدى	ادام	56
ادامدى	نەگە	44
ادامدى	تاۋىپ	52
ادامدى	قوسىپ	62
ادامدى	قايدان	53
ادامدى	جىندى	60
ادامدى	الداپ	51
ادامدى	اقىماق	57
ادامدى	جەك	26
ادامدى	اقماق	44
ادامدى	شارشاتىپ	61
ادامدى	الاڭداتىپ	63
ادامدى	الاڭداتپاي	46
ادامدى	قىزىقتىرىپ	54
ادامدى	ۇيالتىپ	55
ۇيدى	بىر	59
ۇيدى	الىپ	48
ۇيدى	بىراق	40
ۇيدى	كورىپ	52
ۇيدى	ساتىپ	51
ۇيدى	تازالاپ	34
ۇيدى	مايلاپ	16
ۇيدىڭ	بىر	53
ۇيدىڭ	ىشى	57
ۇيدىڭ	باعاسى	26
ۇيدىڭ	ماي	54
ۇيدىڭ	اقشاسى	37
ۇيدىڭ	اقشاسىن	55
ۇيدىڭ	ىشىن	34
ۇيدىڭ	ىشىندە	35
ۇيدىڭ	الدىندا	60
ۇيدىڭ	ارتىنا	59
ۇيدىڭ	قاسىندا	60
ۇيدىڭ	پۇلىن	44
ۇيدىڭ	ۇساق	54
ۇيدىڭ	تاماعىن	55
ۇيدىڭ	الدىنا	59
ۇيدىڭ	جۇمىسى	61
ۇيدىڭ	قاسىنا	24
ۇيدىڭ	جانىندا	57
ۇيدىڭ	ارتىندا	53
ۇيدىڭ	ادامى	53
ۇيدىڭ	جۇمسى	58
ۇيدىڭ	يەسى	47
ۇيدىڭ	جۇمىسىن	40
ۇيدىڭ	كىلتى	51
ۇيدىڭ	قاسىنداعى	49
ۇيدىڭ	شارۋاسى	61
ۇيدىڭ	كىلتىن	49
ۇيدىڭ	ماڭايىن	47
بوس	دەپ	44
بوس	ەكەن	51
بوس	بولىپ	38
بوس	قوي	49
بوس	ادام	45
بوس	بولسا	32
بوس	تۇر	16
بوس	ەمەس	58
بوس	پا	19
بوس	كەزدە	58
بوس	بولعان	27
بوس	ۋاقىت	55
بوس	قىز	53
بوس	جاتقان	50
بوس	قىزدار	61
بوس	بولساڭ	52
بوس	جىگىت	20
بوس	جولاۋشى	62
بوس	ورىن	48
بوس	دەرەۋ	48
بوس	بولسام	57
بوس	جىگىتتەر	44
بوس	ۋاقىتتا	46
بوس	كەزىڭدە	58
سۇز	عوي	62
سۇز	جوق	30
سۇز	ەكەن	19
سۇز	بار	43
سۇز	ايتىپ	41
سۇز	ەمەس	31
سۇز	كۇپ	51
سۇز	جارىم	58
سۇز	ايتايىن	50
سۇز	ايتپا	53
سۇز	ەستىپ	44
سۇز	ايتساڭ	39
سۇز	ايتسام	62
سۇز	ايتبا	49
سۇز	ۇقپايدى	53
سۇز	جەمەيدى	57
سۇز	ۇقپايتىن	61
تازا	عوي	62
تازا	بولسىن	48
تازا	جاقسى	56
تازا	ەكەن	42
تازا	بىر	40
تازا	بولىپ	32
تازا	بولسا	43
تازا	ەمەس	31
تازا	سۋ	41
تازا	كۇمىس	51
تازا	رەتتى	51
تازالاپ	ەندى	50
تازالاپ	بولىپ	39
تازالاپ	جاتىر	48
تازالاپ	قوي	43
تازالاپ	ال	40
تازالاپ	الىپ	56
تازالاپ	جاتىرمىن	53
تازالاپ	تاماق	15
تازالاپ	قاربالاس	59
تازالاپ	ازىر	41
تازالاپ	جۇر	53
تازالاپ	بەرەيىن	57
تازالاپ	قويدىم	61
تازالاپ	جاڭا	46
تازالاپ	جۇرمىن	48
تازالاپ	الايىن	30
تازالاپ	بولدىم	42
تازالاپ	جاڭە	41
تازالاپ	قويىپ	43
تازالاپ	شارشاپ	54
تازالاپ	جاتىرمىز	57
تازالاپ	جۋىپ	52
تازالاپ	نان	39
تازالاپ	قويايىن	61
تازالاپ	تاستا	61
تازالاپ	تاستاپ	52
تازالاپ	كىر	51
تازالاپ	بولدىڭبا	37
تازالاپ	قويسىن	58
دۇرس	عوي	46
دۇرس	جانىم	58
دۇرس	دەپ	62
دۇرس	بولدى	55
دۇرس	ەكەن	26
دۇرس	قوي	12
دۇرس	ادام	19
دۇرس	بولسا	58
دۇرس	ەمەس	48
دۇرس	ەدى	29
دۇرس	شىعار	60
دۇرس	ايتقان	56
دۇرس	بولعان	60
دۇرس	بولىپتى	31
دۇرس	بولماي	58
دۇرس	بوپتى	40
دۇرس	شعار	50
دۇرس	ايتاسىڭ	60
دۇرس	بولپتى	16
دۇرس	تۇسىن	43
دۇرس	ايتاسىز	47
دۇرس	ايتاسڭ	48
دۇرس	ايتاسز	62
قۇدا	بولىپ	61
قۇدا	كەلىپ	35
قۇدا	قايدا	55
قۇدا	امانشىلىق	48
قۇدا	قۇتتى	51
قۇدا	بالا	15
قۇدا	كەلەدى	15
قۇدا	بالام	56
قۇدا	قۇدا	51
قۇدا	بالاڭ	56
قۇدا	كۇتىپ	52
قۇدا	قۇداعي	40
قۇدا	كۇتۋ	46
قۇداي	جانىم	54
قۇداي	دەپ	48
قۇداي	بار	48
قۇداي	اي	18
قۇداي	راس	20
قۇداي	اۋ	61
قۇداي	بەرە	33
قۇداي	ۇشىن	35
قۇداي	بىلەدى	62
قۇداي	بۇيىرسا	32
قۇداي	اقى	56
قۇداي	بەرگەن	39
قۇداي	قۇداي	37
قۇداي	بۇيرسا	22
قۇداي	ساقتاپ	56
قۇداي	ساقتاسىن	60
قۇداي	قاراس	10
قۇداي	اقىن	42
قۇداي	قوسقان	55
قۇداي	بەرەسالعان	54
قۇداي	قىراس	15
قۇداي	عىراس	52
جاقىن	عوي	55
جاقىن	دەپ	25
جاقىن	ەكەن	57
جاقىن	بىر	25
جاقىن	بولىپ	62
جاقىن	كەلىپ	46
جاقىن	ادام	62
جاقىن	بولسا	43
جاقىن	دوس	33
جاقىن	دوسىم	60
جاقىن	جەر	42
جاقىن	جەردە	16
جاقىن	جەرگە	19
جاقىن	تارتىپ	47
جاقىن	جەردەن	30
جاقىن	كورگەن	29
جاقىن	تۋىس	35
جاقىن	تارتقان	53
جاقىن	ارادا	30
جاقىن	ماڭايدا	55
جاقتا	عوي	62
جاقتا	مەن	55
جاقتا	جوق	59
جاقتا	ەكەن	51
جاقتا	بىر	43
جاقتا	نە	26
جاقتا	نەعىپ	46
جاقتا	بار	43
جاقتا	ادام	58
جاقتا	كۇن	59
جاقتا	ىستەپ	50
جاقتا	جۇر	59
جاقتا	جۇمىس	38
جاقتا	جۇرمىن	47
جاقتا	جۇرگەن	24
جاقتا	جۇرسىڭ	57
جاقتا	جاڭبىر	54
جاقتا	بوران	60
ۇتە	جاقسى	57
ۇتە	بىر	18
ۇتە	ەرتە	59
ۇتە	اق	49
ۇتە	قاربالاس	57
ۇتە	كوپ	42
ۇتە	از	59
ۇتە	الماي	54
ۇتە	تەز	52
ۇتە	اۋىر	50
ۇتە	كەلە	52
ۇتە	قاتتى	55
ۇتە	قيىن	43
ۇتە	دۇرىس	38
ۇتە	ۇلكەن	22
ۇتە	كەرەمەت	53
ۇتە	كۇپ	22
ۇتە	جامان	26
ۇتە	جاي	42
ۇتە	شارشاپ	35
ۇتە	كۇشتى	57
ۇتە	ارتىق	44
ۇتە	سۋىق	54
ۇتە	ۇزاق	60
ۇتە	دۇرس	53
ۇتە	جاقىن	49
ۇتە	ۇتە	59
ۇتە	ادەمى	59
ۇتە	شىعادى	59
ۇتە	قىيىن	61
ۇتە	اسىپ	60
ۇتە	ارزان	50
ۇتە	جوعارى	59
ۇتە	قىمبات	52
ۇتە	تۇمەن	52
ۇتە	ناشار	49
شپيىڭ	ال	59
شپيىڭ	كەلىپ	58
شپيىڭ	نەگە	59
شپيىڭ	الماي	54
شپيىڭ	جولداپ	47
شپيىڭ	اش	50
شپيىڭ	اشىپ	53
شپيىڭ	قىل	37
شپيىڭ	قىلىپ	44
شپيىڭ	ۇر	20
شپيىڭ	ۇرىپ	41
شپيىڭ	المايسىڭ	26
شپيىڭ	جالعا	30
شپيىڭ	ۇرسام	48
شپيىڭ	الشى	26
شپيىڭ	ۇرايىن	48
شپيىڭ	المادىڭ	34
شپيىڭ	قىلايىن	62
شپيىڭ	جالعاپ	51
شپيىڭ	جالعايىن	36
شپيىڭ	ۇرىپتى	12
شپيىڭ	ۇرام	56
شپيىڭ	اشايىن	51
شپيىڭ	ۇرشى	52
شپيىڭ	قىلسام	54
شپيىڭ	اشام	48
شپيىڭ	ۇرپتى	59
شپيىڭ	ۇرايىنبا	56
شپيىڭ	اشايىنبا	40
شپيىڭ	جالعاسام	43
شپيىڭ	جالعاشى	51
شپيىڭ	ۇرپسىڭ	61
شپيىڭ	جالعاپسىڭ	62
بىلەسىڭ	عوي	61
بىلەسىڭ	جانىم	5
بىلەسىڭ	مەن	42
بىلەسىڭ	دەپ	48
بىلەسىڭ	بولدى	61
بىلەسىڭ	سەن	62
بىلەسىڭ	قوي	60
بىلەسىڭ	مەنىڭ	24
قۇيىپ	جاتىر	57
قۇيىپ	قوي	36
قۇيىپ	ال	48
قۇيىپ	الىپ	29
قۇيىپ	تۇر	37
قۇيىپ	جاتىرمىن	25
قۇيىپ	وتىرمىن	42
قۇيىپ	كەتتى	20
قۇيىپ	بەر	51
قۇيىپ	بەرىپ	46
قۇيىپ	قايتا	47
قۇيىپ	الدىم	61
قۇيىپ	بەرە	61
قۇيىپ	بەرەيىن	48
قۇيىپ	قويدىم	35
قۇيىپ	ەدىم	22
قۇيىپ	الايىن	54
قۇيىپ	بەرەم	38
قۇيىپ	بەرشى	52
قۇيىپ	قويايىن	60
قۇيىپ	بەردىم	60
قۇيىپ	الىڭدار	60
قۇيىپ	الىڭىزدار	60
ارى	نە	62
ارى	كەت	50
ارى	ەمەس	41
ارى	بەرى	57
ارى	جۇر	14
ارى	قاراپ	49
ارى	ويلاپ	37
ارى	وينا	60
ارى	قاراي	49
ارى	جوعال	17
ارى	جۇرشى	42
ارى	قىلسىن	54
الدىن	الىپ	49
الدىن	كۇنى	21
الدىن	الاتىن	17
الدىن	الادى	36
الدىن	تازالاپ	18
الدىن	الۋ	25
الدىندا	مەن	35
الدىندا	بىر	46
الدىندا	سەن	23
الدىندا	تۇر	59
الدىندا	ماعان	38
الدىندا	ەكى	55
الدىندا	مەنى	52
الدىندا	ايتىپ	57
الدىندا	وتىرمىن	54
الدىندا	تاعى	52
الدىندا	عانا	53
الدىندا	تۇرمىن	60
الدىندا	تۇرعان	28
الدىندا	توسىپ	61
رەت	بولسىن	57
رەت	بولدى	60
رەت	ەكەن	30
رەت	بىر	59
رەت	بارىپ	54
رەت	تەلەفون	50
رەت	ايتىپ	40
رەت	عانا	58
رەت	بولسادا	43
رەت	ايتتىم	61
رەت	قانا	47
رەت	وراي	37
رەت	باردىم	53
بولدىق	عوي	57
بولدىق	جانىم	36
بولدىق	دەپ	34
بولدىق	ەندى	33
بولدىق	قوي	29
بولدىق	دەيدى	11
كسى	عوي	57
كسى	جوق	55
كسى	جاقسى	56
كسى	ەكەن	61
كسى	بىر	35
كسى	بار	60
كسى	كەلىپ	15
كسى	قايدا	16
كسى	كىم	56
كسى	بارما	56
كسى	كوپ	47
كسى	قانداي	56
كسى	كەلدى	59
كسى	كەلەدى	43
كسى	كەپ	48
كسى	شاقىرىپ	43
كسى	قايتس	39
بولار	جانىم	43
بولار	دەپ	41
بولار	ەكەن	27
بولار	ەندى	12
بولار	ەدى	56
بولار	ىس	9
بولار	ەدىم	58
بولار	ەدىڭ	41
بولار	مەكەن	59
كەلەسى	قانشا	22
كەلەسى	جولى	10
كەلەسىڭ	عوي	10
كەلەسىڭ	جانىم	17
كەلەسىڭ	مەن	18
كەلەسىڭ	دەپ	55
كەلەسىڭ	ەندى	36
كەلەسىڭ	وندا	60
كەلەسىڭ	سوندا	59
بەردى	عوي	58
بەردى	مەن	16
بەردى	دەپ	52
بەردى	ەكەن	17
بەردى	ەندى	32
بەردى	سودان	54
بەردى	دەيدى	57
بەردى	سونى	44
بەردىم	عوي	56
بەردىم	جانىم	14
بەردىم	دەپ	45
بەردىم	بىر	28
بەردىم	ەندى	59
بەردىم	ساعان	35
بەردىم	دەيدى	52
قالپتى	عوي	46
قالپتى	جانىم	12
قالپتى	دەپ	50
قالپتى	ەكەن	35
قالپتى	ەندى	43
قالپتى	سودان	61
قالپتى	دەيدى	53
قالپتى	سونى	45
قالپتى	سوعان	49
قالپتى	جاعداي	59
قالپتى	باعادا	60
شاق	بار	51
شاق	الاتىن	27
شاق	كەلمەي	31
شاق	كەلمەيدى	20
شاقىر	دەپ	16
شاقىرىپ	بىر	17
شاقىرىپ	سول	54
شاقىرىپ	جاتىر	27
شاقىرىپ	ال	14
شاقىرىپ	الىپ	32
شاقىرىپ	تۇر	20
شاقىرىپ	جاتىرمىن	43
شاقىرىپ	تاماق	56
شاقىرىپ	وتىر	52
شاقىرىپ	وتىرمىن	44
شاقىرىپ	كەتتى	58
شاقىرىپ	قاربالاس	54
شاقىرىپ	شاي	60
شاقىرىپ	ەدى	55
شاقىرىپ	الدى	46
شاقىرىپ	الدىم	54
شاقىرىپ	قويدىم	58
شاقىرىپ	ەدىم	35
شاقىرىپ	الايىن	58
شاقىرىپ	سوعان	48
شاقىرىپ	جاتقان	29
شاقىرىپ	قويىپ	52
شاقىرىپ	العان	54
شاقىرىپ	قويعان	56
شاقىرىپ	قويعام	54
ۇيىن	تازالاپ	57
ۇيىنە	بار	16
ۇيىنە	الىپ	55
ۇيىنە	كەلىپ	60
ۇيىنە	بارىپ	25
ۇيىنە	كەتتى	13
ۇيىنە	كەتىپ	39
ۇيىنە	كەلدىم	36
ۇيىنە	بارا	30
ۇيىنە	بارام	46
ۇيىنە	اپارىپ	40
ۇيىنە	كەتكەن	29
ۇيىنە	بارايىن	47
ۇيىنە	باراتىن	49
ۇيىنە	بارامىن	50
ۇيىنە	كىرىپ	49
ۇيىنە	بارامىز	34
ۇيىنە	بارعاندا	45
ۇيىنە	بارادى	47
ۇيىنە	بارايىق	52
ۇيىنە	كەلدىك	48
ۇيىنە	قايتاتىن	39
ۇيىنە	تاماققا	57
ۇيىنە	كەلگەم	60
ۇيىنە	باردىم	41
ادەمى	عوي	61
ادەمى	ەكەن	29
ادەمى	بىر	11
ادەمى	بولىپ	57
ادەمى	بولادى	18
ادەمى	ان	52
ادەمى	بوپ	61
ادەمى	بولعان	50
ادەمى	ەكەنسىڭ	57
ادەمى	قىز	38
ادەمى	بولىپتى	49
اتشى	جانىم	44
اتشى	مەن	27
اتشى	بىر	57
اتشى	بار	49
اتشى	ەرتەڭ	49
اتشى	ماعان	29
اتشى	تەلەفون	57
اتشى	دوسىم	58
اتشى	تاڭەرتەڭ	27
اتشى	كەشتە	58
اتشى	بولاما	58
اتشى	تەز	58
اتشى	كەرەك	19
اتشى	قاجەت	25
اتشى	تەمەكى	57
كۇندىز	عوي	50
كۇندىز	مەن	60
كۇندىز	جوق	60
كۇندىز	بولسىن	61
كۇندىز	جاقسى	57
كۇندىز	بىر	58
كۇندىز	نە	42
كۇندىز	كەلىپ	54
كۇندىز	بولسا	54
كۇندىز	بارىپ	51
كۇندىز	نەگە	40
كۇندىز	ول	59
كۇندىز	ۇيدە	61
كۇندىز	قاربالاس	57
كۇندىز	كوپ	31
كۇندىز	بىراز	57
كۇندىز	ىستەپ	59
كۇندىز	ۇيقتاپ	49
كۇندىز	جۇمىس	31
كۇندىز	تۇن	51
كۇندىز	ۋاقىت	57
كۇندىز	بولسادا	39
كۇندىز	ۇيىقتاپ	56
كۇندىز	قول	57
كۇندىز	كەشكە	52
كۇندىز	تۇنى	57
كۇندىز	كەشكەدەيىن	16
جۇمىسقا	ەندى	50
جۇمىسقا	كەلىپ	61
جۇمىسقا	بارىپ	42
جۇمىسقا	كەتتى	34
جۇمىسقا	قاشان	51
جۇمىسقا	كەتىپ	55
جۇمىسقا	كەتتىم	31
جۇمىسقا	كەلدىم	47
جۇمىسقا	شىعا	59
جۇمىسقا	شىعىپ	58
جۇمىسقا	بارام	11
جۇمىسقا	كەتكەن	49
جۇمىسقا	بارايىن	61
جۇمىسقا	باراتىن	53
جۇمىسقا	بارامىن	59
جۇمىسقا	كىرىپ	54
جۇمىسقا	شعىپ	58
جۇمىسقا	شىعادى	48
جۇمىسقا	شىقتىم	56
جۇمىسقا	شىعاتىن	45
جۇمىسقا	شىققاندا	48
جۇمىسقا	شىعام	52
جۇمىسقا	شىقتىڭبا	42
جۇمىسقا	شىعامىن	25
جۇمىسقا	شىعايىن	20
جۇمىسقا	شىعاسىڭ	44
جۇمىسقا	شىعامىز	45
جۇمىسقا	شىعاسىڭبا	54
جۇمىسقا	شىققالى	50
جۇمىسقا	شىقپادىڭبا	52
كەتەم	عوي	56
كەتەم	جانىم	14
كەتەم	مەن	35
كەتەم	دەپ	55
كەتەم	بولدى	14
كەتەم	ەندى	59
كەتەم	دەيدى	58
كەتەم	ۇيگە	22
كەتەم	دەگەن	55
كەتەم	دەسە	47
كەتەم	دەسەم	55
كەتەم	دەدىم	53
كەتەم	دەسەڭ	61
كەتەم	كەيدە	50
بەرمە	جانىم	52
بەرمە	دەپ	24
بەرمە	بولدى	20
بەرمە	بولاما	35
بەرمەي	جاتىر	37
بەرمەي	قوي	17
بەرمەي	الىپ	43
بەرمەي	تۇر	56
بەرمەي	وتىر	19
بەرمەي	كەتتى	52
بەرمەي	اق	60
بەرمەي	جۇر	33
بەرمەي	قويدى	46
بەرمەي	قويدىم	17
بەرمەي	قويىپ	49
بەرمەي	قويدىڭ	46
بەرمەي	قويسا	25
بەرمەي	قويساڭ	55
بەرمەي	قويعان	52
بەرمەي	قويعام	42
بەرمەي	قويادى	60
بەرمەي	قوياما	53
ساي	جوق	59
ساي	بولسىن	37
ساي	بار	18
ساي	الىپ	48
ساي	الدىم	20
ساي	الايىن	49
ساي	جاساپ	46
ساي	جەپ	47
ساي	الاتىن	48
ساي	الام	40
ساي	اكەپ	58
ساي	الامىن	55
ساي	قۇرىپ	61
ساي	قۋىرىپ	44
ساي	قۋرىپ	20
ۇيقتادىم	عوي	50
ۇيقتادىم	جانىم	53
ۇيقتادىم	مەن	14
ۇيقتادىم	دەپ	48
ۇيقتادىم	جاقسى	47
ۇيقتادىم	بولدى	20
ۇيقتادىم	ەندى	40
ۇيقتادىم	وندا	59
ۇيقتادىم	ەرتەڭ	15
ۇيقتادىم	قايىرلى	44
ۇيقتادىم	تاڭەرتەڭ	54
ۇيقتادىم	تۇن	45
ۇيقتادىم	سەندە	55
ۇيقتادىم	شارشاپ	60
ۇيقتادىم	قايرلى	59
ۇيقتادىم	ۇيقىم	52
ايتتا	بىر	60
ايتتا	نە	31
ايتتا	كەل	59
ايتتا	كەلىپ	36
ايتتا	بارىپ	51
ايتتا	قايدا	44
ايتتا	ۇي	40
ايتتا	ۇيدە	46
ايتتا	ۇيگە	42
ايتتا	بىراق	27
ايتتا	بارام	40
ايتتا	بارايىن	42
ايتتا	بارامىن	58
ايتتا	دەم	48
ايتتا	بارامىز	42
ايتتا	دەمالىس	51
ايتتا	تاياپ	48
ايتتا	كەلىڭدەر	59
ايتتا	بىرىن	54
شىعادى	عوي	47
شىعادى	جانىم	14
شىعادى	دەپ	50
شىعادى	ەكەن	26
شىعادى	بىر	12
شىعادى	سول	53
شىعادى	دەيدى	48
شىعادى	دەگەن	34
شىعادى	سوندا	51
شىعادى	ەكەنسىڭ	59
دايىن	عوي	45
دايىن	بول	26
دايىن	بولدى	59
دايىن	ەكەن	15
دايىن	بولىپ	41
دايىن	بولسا	36
دايىن	تۇر	39
دايىن	بولادى	16
دايىن	تاماق	52
دايىن	ۇي	47
دايىن	وتىر	53
دايىن	وتىرمىن	30
دايىن	ماشينا	52
دايىن	بولساڭ	51
دايىن	تۇرعان	56
دايىن	زات	28
دايىن	كولىك	33
دايىن	بولعاندا	50
دايىن	تۇرادى	37
دايىن	بولدىما	32
دايىن	بولايىن	50
الدىمەن	مەن	56
الدىمەن	بىر	36
الدىمەن	سول	37
الدىمەن	سەن	55
الدىمەن	الىپ	24
الدىمەن	كەلىپ	60
الدىمەن	ماعان	54
الدىمەن	بارىپ	43
الدىمەن	مەنى	47
الدىمەن	سەنى	55
الدىمەن	ساعان	50
الدىمەن	وسى	35
الدىمەن	ۇيگە	59
الدىمەن	اقشا	61
الدىمەن	وزىڭ	56
الدىمەن	سونى	60
الدىمەن	كەلشى	60
كۇسەت	بولسىن	56
كۇسەت	بولىپ	1
كۇسەت	بولا	57
كۇسەت	بولسن	27
كۇسەت	ىسىڭ	61
ويباي	جانىم	45
ويباي	مەن	39
ويباي	دەپ	40
ويباي	بولدى	46
ويباي	نە	30
ويباي	سەن	24
ويباي	ەندى	50
ويباي	قوي	49
ويباي	وندا	55
ويباي	نەگە	32
ويباي	ول	57
ويباي	اي	51
ويباي	مىنا	36
ويباي	نەدەگەن	58
ويباي	اۋ	21
ويباي	مىناۋ	50
ويباي	قۇرسىن	57
ويباي	ويباي	43
ويباي	نەدەيدى	57
ويباي	قىزىق	30
ويباي	ىشەگىم	55
ورىن	جوق	54
ورىن	بار	18
ورىن	الىپ	12
ورىن	بولسا	24
ورىن	قالدى	28
ورىن	بارما	16
ورىن	تاۋىپ	20
ورىن	العان	42
ورىن	بوس	58
الاڭ	بولما	11
الاڭ	سالاڭ	14
الاڭداما	جانىم	8
الاڭداما	مەن	11
الاڭداما	دەپ	27
الاڭداما	جاقسى	49
الاڭداما	سەن	47
الاڭداما	بارى	57
الاڭداما	دوسىم	52
الاڭداما	شى	50
الاڭداما	ەشتەڭە	43
كۇنىم	عوي	60
كۇنىم	دەپ	59
كۇنىم	جوق	26
كۇنىم	جاقسى	47
كۇنىم	ەكەن	57
كۇنىم	سول	38
كۇنىم	مەنىڭ	12
كۇنىم	اي	16
كۇنىم	كۇنىم	42
مۇمكىن	جانىم	29
مۇمكىن	دەپ	58
مۇمكىن	بولسا	59
مۇمكىن	ەمەس	32
مۇمكىن	بىراق	5
التىنىم	سول	52
التىنىم	مەنىڭ	12
التىنىم	التىنىم	8
التىنىم	كەمپىرىم	48
التىنىم	اقبوتام	31
ايتتارىڭ	قابىل	57
ايتتارىڭ	بىرگە	1
ايتتارىڭ	قۇتتى	39
ايتتارىڭىز	قابىل	44
ايتتارىڭىز	قۇتتى	1
قون	دەپ	32
قونا	سال	14
قوناق	جوق	10
قوناق	بار	58
قوناق	بولىپ	16
قوناق	كەلىپ	31
قوناق	بارما	23
قوناق	كەلدى	41
قوناق	كەلەدى	57
قوناق	قىل	51
قوناق	قىلىپ	40
قوناق	كەلەتىن	20
قوناق	شاق	55
قوناق	شاقىرىپ	53
قوناق	شاقىرعان	20
قوناق	قىلا	56
قوناق	قىلادى	57
قوناق	كۇتىپ	49
قوناق	قىلاسىڭ	31
قوناق	قىلعان	41
قوناق	قىلام	59
قوناق	قىلايىن	31
قوناق	قىلاتىن	16
قوناق	قىلدى	41
قوناق	قىلامىن	60
قوناق	قىلساڭ	42
قوناق	قىلاسىڭبا	55
رەنجىمە	جانىم	44
رەنجىمە	مەن	15
رەنجىمە	دەپ	45
رەنجىمە	بولدى	51
رەنجىمە	ەندى	52
رەنجىمە	مەندە	53
رەنجىمە	ماعان	60
رەنجىمە	دوسىم	46
رەنجىمە	بولاما	33
رەنجىمە	شى	17
رەنجىمە	ۇيات	19
رەنجىمە	ارتىق	53
رەنجىمە	كەشىر	60
رەنجىمە	يمىن	60
المايدى	عوي	48
المايدى	جانىم	14
المايدى	دەپ	60
المايدى	ەكەن	21
المايدى	نە	14
المايدى	ول	57
المايدى	دەيدى	57
المايدى	ەكەنسىڭ	44
المايدى	ەمەسپە	18
المايدى	ەكەم	54
المايدى	ەكەمىز	17
المايدى	ەكەنبىز	49
المايدى	ەكەنمىن	45
المايدى	ەكەمىن	43
نەدەيدى	جانىم	53
نەدەيدى	دەپ	37
نەدەيدى	ەكەن	51
نەدەيدى	ول	16
نەدەيدى	مىنا	48
نەدەيدى	سوندا	56
نەدەيدى	مىناۋ	39
نەدەيدى	قۇرسىن	30
نەدەيدى	اكام	29
نەدەيدى	سۇمدىق	23
بەت	جوق	42
بەت	ەكى	11
بەت	دەگەن	50
بەت	بارما	53
بەت	بەرىپ	36
بەت	كەرەك	52
بەت	كورىپ	44
بەت	كۇرىپ	48
بەت	جۋىپ	58
بەت	ماي	38
بەت	قالمادى	56
بەت	جۋاتىن	53
بەت	اۋزىن	43
بەت	جۋۋ	57
بەت	اۋزىم	35
بەت	شاپتاما	57
بەت	كۇتىمدەۋ	46
بەت	تەرىسىن	50
بەت	تەرىڭىزدى	51
تالاي	جاقسى	58
تالاي	بولدى	53
تالاي	ادام	34
تالاي	كۇن	35
تالاي	اقشا	17
تالاي	جۇمىس	39
تالاي	ۋاق	59
تالاي	ۋاقىت	59
تالاي	جەرگە	17
تالاي	نارسە	49
تالاي	جىل	52
تالاي	ايتتىم	22
تالاي	رەت	52
تالاي	تالاي	36
تالاي	كۇننەن	48
تالاي	ۇاقىت	54
باي	جانىم	59
باي	دەپ	37
باي	بول	52
باي	بولسىن	52
باي	ەكەن	33
باي	بولىپ	54
باي	ادام	57
باي	تاۋىپ	58
باي	ەكەنسىڭ	45
باي	جىگىت	54
باي	باقىتتى	58
باي	باي	14
باي	باقتتى	12
باي	باقتى	18
باي	قۋاتتى	55
بايقا	جانىم	57
بايقا	دەپ	17
بايقا	دوسىم	43
بايقا	ايتەۋ	46
بايقاپ	قوي	16
بايقاپ	ىش	60
بايقاپ	ىستە	35
بايقاپ	جۇر	25
بايقاپ	قالدىم	7
بايقاپ	كور	55
بايقاپ	جۇرمىن	43
بايقاپ	كۇر	55
بايقاپ	جۇرە	47
بايقاپ	سويلە	49
بايقاپ	ستە	33
بايقاپ	سۇيلە	52
بايقاپ	كورەيىن	42
بايقاپ	ايدا	53
بايقاپ	كۇرەيىن	40
بايقاپ	ابايلاپ	57
بايقاپ	جۇرىڭدەر	59
بايقاپ	جۇرىڭىز	19
قوش	جوق	46
قوش	بول	45
قوش	كەلدىڭ	32
قوش	كەلدىڭىز	5
قوش	كەلدىڭدەر	11
قوش	جاقپاي	16
قوش	كوردىك	30
قوش	كۇردىك	50
قوش	جاقباي	59
قوش	جاقپايدى	45
قوش	كەلدىڭىزدەر	58
قويدىڭ	عوي	49
قويدىڭ	جانىم	6
قويدىڭ	دەپ	50
قويدىڭ	قوي	35
قويدىڭ	سودان	22
قويدىڭ	ەمەسپە	58
قويدىڭ	ەتى	41
قويدىڭ	مايى	51
قويدىڭ	مايىن	56
قويدىڭ	ەتىن	43
سىڭ	عوي	48
سىڭ	جانىم	8
سىڭ	مەن	24
سىڭ	دەپ	57
سىڭ	سەن	48
سىڭ	قوي	57
سىڭ	دار	37
سىڭ	ىلگەرى	53
سىڭ	لگەرى	25
كەيدە	مەن	57
كەيدە	جوق	52
كەيدە	جاقسى	41
كەيدە	بىر	53
كەيدە	سول	33
كەيدە	بار	51
كەيدە	ادام	49
كەيدە	مەندە	52
كەيدە	ەكى	48
كەيدە	سەنى	59
كەيدە	وسى	57
كەيدە	قاربالاس	56
كەيدە	قاتتى	48
كەيدە	ويلاپ	47
كەيدە	شارشاپ	41
كەيدە	سۇيتىپ	58
كەيدە	ارتىق	40
كەيدە	قولايسىز	57
كەيدە	ۇستىپ	59
كەيدە	كەيدە	60
كەيدە	ويلايمىن	55
اعام	عوي	49
اعام	مەن	46
اعام	دەپ	37
اعام	جوق	49
اعام	جاقسى	49
اعام	بىر	53
اعام	سول	52
اعام	بار	60
اعام	الىپ	20
اعام	كەلىپ	58
اعام	قايدا	44
اعام	تەلەفون	41
اعام	بارما	50
اعام	قانداي	59
اعام	اۋىرىپ	49
اعام	كەلدى	59
اعام	ەكەمىز	58
اعام	ۇيىنە	43
اعام	بالاسى	44
اعام	ۇيىندە	53
اعام	قايتىس	51
اعام	ۇينە	54
اعام	جەڭگەم	58
كىرە	جوق	54
كىرە	بەر	34
كىرە	الماي	29
كىرە	سالىپ	17
كىرە	قىلىپ	34
كىرە	پۇل	34
كىرە	ىشىندە	29
كىرە	المايدى	43
كىرە	سىرتىندا	45
كىرە	شىندە	45
كىرە	اقىسى	26
كىرەسى	بار	30
كىرەسى	قانشا	45
كىرەسى	يۋان	28
كىرەسى	ىشىن	43
كىرەسى	ىشىند	57
كىرەسى	ىشىندە	52
كىرەسى	سىرتىند	4
كىرەسى	سىرتىندا	52
كىرەسى	ىشندە	12
كىرەسى	شىندە	39
تولى	بولسىن	45
تولى	جاققا	16
تولى	اۋداننان	18
تولى	اۋدانى	19
تولىق	بولدى	15
تولىق	ەكەن	60
تولىق	بىر	40
تولىق	الىپ	39
تولىق	كەلىپ	49
تولىق	بولسا	58
تولىق	ەمەس	38
تولىق	بەرىپ	36
تولىق	اتىپ	57
تولىق	باعاسى	46
تولىق	تارتىپ	57
تولىق	ەستىپ	49
تولىق	تۇسكەن	52
سۇيە	الماي	53
سۇيەم	عوي	15
سۇيەم	جانىم	28
سۇيەم	دەپ	10
سۇيەم	سەنى	25
سۇيەم	دەگەن	9
سۇيەم	ماڭگى	49
سۇيەم	سۇيەم	41
سۇيەم	ۇزىڭدى	15
سۇيەم	وزىڭدى	28
سۇيەم	كۇيەم	50
جىلى	عوي	53
جىلى	ەكەن	39
جىلى	بىر	27
جىلى	بولىپ	55
جىلى	بولسا	47
جىلى	وسى	44
جىلى	ۇيدە	50
جىلى	اي	58
جىلى	جۇر	58
جىلى	سۋ	48
جىلى	ايدىڭ	49
جىلى	سوز	16
جىلى	ۇستا	55
جىلى	ايدا	51
جىلى	سۇز	55
جىلى	سۋعا	57
جىلى	كيىن	30
جىلى	كيىنىپ	39
جىلى	سۋمەن	51
جىلى	كينىپ	60
ۇن	جوق	47
ۇن	بىر	8
ۇن	الىپ	56
ۇن	تاماق	43
ۇن	كۇن	54
ۇن	بارما	57
ۇن	تۇن	56
ۇن	بەس	56
ۇن	ماي	55
ۇن	كۇرش	41
ۇن	جوققوي	57
ۇن	يلەپ	17
ۇن	سۋماي	27
ۇن	كۇرىش	37
ۇن	تۇنسىز	50
ۇن	يلەيتىن	21
ۇن	تۇنسز	41
ۇندەمەي	عوي	55
ۇندەمەي	قوي	58
ۇندەمەي	تۇر	17
ۇندەمەي	وتىر	54
ۇندەمەي	قالدى	39
ۇندەمەي	اق	45
ۇندەمەي	كەتىپ	26
ۇندەمەي	قويدى	38
ۇندەمەي	قويدىم	37
ۇندەمەي	جاتىپ	28
ۇندەمەي	قالدىڭ	41
ۇندەمەي	قويىپ	15
ۇندەمەي	جۇرە	50
ۇندەمەي	جۇرىپ	44
ۇندەمەي	قويايىن	58
ۇندەمەي	وتىرىپ	52
ۇندەمەي	قويدىڭ	52
ۇندەمەي	قويساڭ	18
ۇندەمەي	قويادى	28
ۇندەمەي	قويسام	59
ۇندەمەي	قويماي	49
ۇندەمەي	قوياسىڭ	50
پالە	عوي	52
پالە	بولدى	26
پالە	ەكەن	14
پالە	بولىپ	24
پالە	بولادى	31
پالە	بولاما	17
پالە	بوپ	37
پالە	تاۋىپ	57
پالە	ەكەنسىڭ	24
پالە	ەمەسپە	48
پالە	بولدىڭ	49
پالە	ىزدەپ	56
پالە	جاۋىپ	19
پالە	بولماسىن	43
پالە	زدەپ	26
پالە	تەرىپ	58
تۇك	جوق	45
تۇك	بار	10
تۇك	ەمەس	55
تۇك	بارما	48
تۇك	بىلمەي	49
تۇك	پۇل	44
تۇك	اقى	38
تۇك	توقتاپ	57
تۇك	قاجەتى	56
تۇك	قالمادى	56
تۇك	پايداسى	43
تۇك	قويماي	47
تۇك	قاشالاپ	48
تۇك	كورمەگەن	34
تۇك	پار	49
تۇك	بىلمەيتىن	58
تۇك	بىلمەگەن	57
تۇك	قالتىرماي	57
تۇك	بولماعانداي	56
تۇك	كورمەگەندەي	47
تۇك	بىلمەگەنسىپ	54
تۇك	بىلمەگەندەي	50
جارىق	جانىم	59
جارىق	بولسىن	30
جارىق	نەعىپ	37
جارىق	دوسىم	51
جارىق	كەش	56
جارىق	قىزدار	19
جارىق	دوستار	42
جارىق	كەشكى	53
جارىق	كەشىڭ	56
ايتپ	جاتىر	19
ايتپ	قوي	40
ايتپ	جاتىرمىن	19
ايتپ	وتىر	41
ايتپ	وتىرمىن	31
ايتپ	قويدىم	33
ايتپ	جاتقان	32
ايتپ	قويايىن	46
ايتپا	جانىم	38
ايتپا	مەن	25
ايتپا	دەپ	45
ايتپا	بولدى	34
ايتپا	ەندى	44
ايتپا	ماعان	58
ايتپا	دەگەن	39
ايتپا	بولاما	58
ايتپا	ۇيات	49
ايتپا	دەيمىن	49
ايتپا	جامان	22
ايتپا	دەدىم	52
ايتپا	قۇرسىن	54
ايتپا	دەيىم	52
ءاي	جانىم	35
ءاي	مەن	20
ءاي	بولدى	31
ءاي	سول	18
ءاي	سەن	52
ءاي	ەندى	28
ءاي	قوي	45
ءاي	وندا	57
ءاي	مەنىڭ	54
ءاي	ول	59
ءاي	وسى	51
ءاي	دوسىم	40
ءاي	كىم	43
ءاي	بىراق	19
ءاي	قويشى	58
ءاي	بارسىڭبا	58
ءاي	بالا	57
ءاي	قىز	47
ءاي	بىلمەيمىن	59
ءاي	جىندى	54
ءاي	ءاي	48
قاجەت	جوق	48
قاجەت	بولدى	32
قاجەت	ەكەن	45
قاجەت	بولىپ	40
قاجەت	قوي	6
قاجەت	بولسا	43
قاجەت	ەمەس	12
قاجەت	ەدى	23
قاجەت	بوپ	41
قاجەت	كەزدە	20
قاجەت	قىلىپ	59
قاجەت	قىلعان	58
قاجەت	قىلمايتىن	58
قاجەت	قىلساڭىزدار	56
تىپتى	مەن	51
تىپتى	جاقسى	59
تىپتى	بىر	14
تىپتى	نەدەگەن	49
تىپتى	قيىن	52
تىپتى	بولماسا	50
ۇيدەن	بىر	38
ۇيدەن	ەندى	36
ۇيدەن	الىپ	36
ۇيدەن	كەلىپ	42
ۇيدەن	بارىپ	39
ۇيدەن	تاماق	40
ۇيدەن	ىشىپ	27
ۇيدەن	شاي	54
ۇيدەن	شىعا	43
ۇيدەن	شىعىپ	34
ۇيدەن	شعىپ	22
ۇيدەن	شعا	45
ۇيدەن	شىقتىم	52
ۇيدەن	شىقپاي	43
ۇيدەن	شىققاندا	26
ۇيدەن	قۋىپ	51
ۇيدەن	شىقباي	46
ۇيدەن	شقپاي	51
ۇيدەن	الاعاققا	54
تىنىش	بولسىن	56
تىنىش	بولدى	24
تىنىش	ەكەن	44
تىنىش	بولىپ	44
تىنىش	جات	39
تىنىش	قوي	21
تىنىش	بولسا	37
تىنىش	بولادى	45
تىنىش	وتىر	48
تىنىش	جۇر	15
تىنىش	جاتقان	27
تىنىش	تىرلىك	48
تىنىشتىعىن	بەرسىن	44
تىنىشتىعىن	سيلاسىن	54
تىنىشتىعىن	تىنىشتىعىن	2
تىنىشتىعىن	سىيلاسىن	52
شىپ	بولىپ	14
شىپ	جاتىر	46
شىپ	ال	47
شىپ	الىپ	19
شىپ	جاتىرمىن	17
شىپ	وتىر	41
شىپ	وتىرمىن	34
شىپ	جۇر	17
شىپ	الدىم	47
شىپ	الايىن	25
شىپ	الدىڭبا	47
شىپ	بولدىم	51
شىپ	شىن	56
شىپ	جاتىرمىز	35
شىپ	العان	58
شىپ	وتىرمىز	57
شىپ	وتىرعان	34
شىپ	الدىق	57
شىپ	وتىرسىڭبا	58
ىراس	جانىم	46
ىراس	مەن	22
ىراس	بولسىن	51
ىراس	جاقسى	57
ىراس	ەكەن	49
ىراس	بىر	48
ىراس	سەن	57
ىراس	قوي	59
ىراس	بولسا	18
ىراس	ايتىپ	56
ىراس	قاتتى	51
ىراس	ەي	59
ىراس	ايتام	40
ىراس	ايتاسىڭ	10
ىراس	ايتامىن	55
بۇدا	بىر	51
بۇدا	بولسا	15
بۇدان	كەيىن	17
بۇدان	باسقا	2
بۇدان	بىلاي	55
بۇدان	بۇرىن	15
بۇدان	ارتىق	33
بۇدان	كەين	47
بۇدان	كەيىنگى	57
بۇدان	كەيىندە	44
ادامعا	بىر	40
ادامعا	نە	39
ادامعا	ادام	49
ادامعا	تاماق	45
ادامعا	ايتىپ	48
ادامعا	دەگەن	50
ادامعا	ات	49
ادامعا	عانا	57
ادامعا	قاراپ	57
ادامعا	امال	59
ادامعا	وڭاي	38
ادامعا	داۋا	50
ەستى	شىعارىپ	52
ەستى	شىعاردى	16
ەستىپ	بىر	18
ەستىپ	ال	55
ەستىپ	الىپ	53
ەستىپ	جاتىرمىن	34
ەستىپ	وتىر	20
ەستىپ	وتىرمىن	42
ەستىپ	قالدىم	19
ەستىپ	قويدى	34
ەستىپ	ەدىم	45
ەستىپ	جۇرمىن	53
ەستىپ	بولدىم	51
ەستىپ	جاتقان	36
ەستىپ	قويىپ	55
ەستىپ	جۇرگەن	55
ەستىپ	وتىرعان	59
ەستىپ	جاۋاپ	59
ەستىپ	شىقتىم	56
ەستىپ	قويادى	37
ەستىپ	قۋانىپ	50
ەستىپ	قويماسىن	50
ايتقانىڭىز	بولسىن	42
ايتقانىڭىز	قابىل	48
ايتقانىڭىز	كەلسىن	57
ايتقانىڭىز	دۇرىس	1
ايتقانىڭىز	اينىماي	37
تۇرشى	جانىم	57
تۇرشى	مەن	26
تۇرشى	دەپ	45
تۇرشى	بىر	51
تۇرشى	بار	36
تۇرشى	ەرتەڭ	48
تۇرشى	ەكى	19
تۇرشى	دوسىم	47
تۇرشى	تاڭەرتەڭ	40
تۇرشى	بىراز	57
تۇرشى	كەشتە	50
تۇرشى	بولاما	46
تۇرشى	كەرەك	16
تۇرشى	قاتتى	30
تۇرشى	ايلىق	46
دەمالىس	دەپ	53
دەمالىس	جوق	39
دەمالىس	جاقسى	14
دەمالىس	بولدى	53
دەمالىس	ەكەن	55
دەمالىس	بار	17
دەمالىس	بولىپ	33
دەمالىس	قوي	45
دەمالىس	الىپ	25
دەمالىس	ەرتەڭ	47
دەمالىس	بولسا	56
دەمالىس	دەيدى	41
دەمالىس	ۇيدە	58
دەمالىس	بارما	52
دەمالىس	پا	42
دەمالىس	كوڭىلدى	20
دەمالىس	شىعار	38
دەمالىس	ەمەسپە	52
دەمالىس	بەرەدى	57
دەمالىس	بەردى	55
قولايلى	عوي	58
قولايلى	ەكەن	36
قولايلى	بولىپ	34
قولايلى	بولسا	54
قولايلى	بولادى	9
قولايلى	كەزدە	45
قولايلى	بولعان	12
قولايلى	جەر	52
قولايلى	كولىك	47
قولايلى	بولعاندا	37
قولايلى	كۇلىك	21
سوعىپ	جاتىر	27
سوعىپ	قوي	16
سوعىپ	الىپ	54
سوعىپ	تۇر	53
سوعىپ	ايتىپ	15
سوعىپ	كەتتى	40
سوعىپ	كور	27
سوعىپ	ەدىم	51
سوعىپ	قابارلاس	36
سوعىپ	سۇراپ	58
سوعىپ	تۇرعان	42
سوعىپ	تۇرما	57
سوعىپ	كورشى	47
بارايىق	جانىم	57
بارايىق	مەن	49
بارايىق	دەپ	58
بارايىق	وندا	11
بارايىق	دەيدى	28
بارايىق	دەگەن	22
بارايىق	بولاما	46
بارايىق	پا	47
بارايىق	دەسەم	44
بارايىق	دەدىم	39
بارايىق	دەسەك	56
بارايىق	دەگەمىز	44
سونمەن	جانىم	38
سونمەن	سول	32
سونمەن	نە	58
سونمەن	نەعىپ	20
سونمەن	بۇگىن	10
سونمەن	قايدا	55
سونمەن	ۇيدە	51
سونمەن	بىرگە	59
سونمەن	ۇزىڭ	52
سونمەن	قاربالاس	58
سونمەن	قايداسىڭ	49
سونمەن	اڭگمە	54
قىيىن	عوي	35
قىيىن	جاقسى	17
قىيىن	بولدى	40
قىيىن	ەكەن	7
قىيىن	بولىپ	15
قىيىن	ادام	17
قىيىن	بولادى	48
قىيىن	بوپ	47
قىيىن	بولعان	46
قىيىن	بولىپتى	19
قىيىن	بوپتى	29
قىيىن	بولدىعوي	49
اسىپ	جاتىر	41
اسىپ	قوي	33
اسىپ	تۇر	35
اسىپ	جاتىرمىن	47
اسىپ	كەتتى	43
اسىپ	قالدى	15
اسىپ	كەتىپ	54
اسىپ	بەرەيىن	52
اسىپ	قويدى	53
اسىپ	قويدىم	52
اسىپ	بارا	28
اسىپ	قالعان	58
اسىپ	كەتتىڭ	56
اسىپ	قويىپ	48
اسىپ	كەتكەن	41
اسىپ	كەتەدى	25
اسىپ	جەپ	42
اسىپ	تۇرعان	53
اسىپ	قويايىن	50
اسىپ	بارادى	38
اسىپ	كەتىپتى	56
اسىپ	كەتسە	45
اسىپ	كەتپتى	28
اسىپ	قويىپتى	55
اسىپ	قويعام	35
اسىپ	جاتسا	58
اسىپ	قويپتى	53
اسىپ	كەتپە	55
اسىپ	تاسىپ	58
امانسىڭدار	امان	51
امانسىڭدار	قىزدار	19
امانسىڭدارما	مەن	15
امانسىڭدارما	نەعىپ	52
امانسىڭدارما	راحىمەت	48
امانسىڭدارما	كەلىپ	56
امانسىڭدارما	قايىرلى	33
امانسىڭدارما	ايت	21
امانسىڭدارما	امان	59
امانسىڭدارما	وي	41
امانسىڭدارما	كەش	56
امانسىڭدارما	قىزدار	54
امانسىڭدارما	ورازا	34
امانسىڭدارما	ايتتارىڭ	48
امانسىڭدارما	بۇگىنگى	40
امانسىڭدارما	دەنساۋلىقتارىڭ	59
امانسىڭدارما	ايتارىڭ	15
ءار	بىر	57
ءار	ادام	26
ءار	كىم	48
ءار	كۇنى	44
ءار	قاشان	26
ءار	قانداي	15
ءار	كەز	23
ءار	ۋاقىت	41
ءار	ءبىر	52
ءار	قايسى	41
ءار	تۇرلى	49
ءار	ايدىڭ	18
ءار	جولى	40
ءار	كۇندەرىڭ	34
ءار	ايدا	54
ءار	ادامنىڭ	53
ءار	كىمنىڭ	38
ءار	كۇندەرىڭىز	48
ءار	كۇنگى	19
ءار	قاشاندا	53
ءار	پەندە	53
ءار	دايىم	15
ءار	شاڭىراق	48
ءار	نارسەنىڭ	19
ءار	شاڭىراققا	47
ءار	ۋاقىتتارىڭىز	22
ءار	شاڭىراقتا	41
ءار	تۇردەگى	41
كەلدىك	جانىم	58
كەلدىك	دەپ	30
كەلدىك	بىر	45
كەلدىك	ەندى	54
كەلدىك	قوي	44
كەلدىك	تاماق	22
كەلدىك	دەيدى	49
كەلدىك	ۇيگە	56
كەشكى	سالەم	25
كەشكى	تاماق	32
كەشكى	قاربالاس	11
كەشكى	شاي	55
كەشكى	اس	46
كەشكى	مال	47
كەشكى	ساعات	43
كەشكى	توي	27
كەشكى	مالعا	56
كەشكى	ساۋدا	51
كەشكى	تاماققا	54
كەشكى	تويعا	37
كەشكى	اسىڭ	53
كەشكى	تاماقتى	11
كەشكى	تاماعىڭدى	31
كەشكى	مالدى	20
كەشكى	استارىڭ	50
كەشكى	استارىڭىز	16
كەشكى	مالدىڭ	19
كەشكى	اسىڭىز	53
كەشكى	اسىڭدى	50
ايتپەسە	مەن	54
ايتپەسە	جاقسى	32
ايتپەسە	بىر	57
ايتپەسە	سول	44
ايتپەسە	نە	59
ايتپەسە	سەن	54
ايتپەسە	ەرتەڭ	49
ايتپەسە	مەندە	56
ايتپەسە	بارىپ	43
ايتپەسە	نەگە	54
ايتپەسە	سەنى	50
ايتپەسە	ساعان	52
ايتپەسە	وسى	50
ايتپەسە	بەرە	57
ايتپەسە	باياعىدا	53
ۇزىڭدى	جانىم	58
ۇزىڭدى	جاقسى	40
ۇزىڭدى	بىر	28
ۇزىڭدى	ۇزىڭ	32
ۇزىڭدى	جولداپ	21
ۇزىڭدى	قاتتى	34
ۇزىڭدى	عانا	25
ۇزىڭدى	قوسىپ	49
ۇزىڭدى	ويلاپ	46
ۇزىڭدى	كۇرىپ	37
ۇزىڭدى	ماڭگى	54
ۇزىڭدى	جولداشى	19
ۇزىڭدى	ساعىنىپ	13
ۇزىڭدى	تارتىپ	17
ۇزىڭدى	باسىپ	42
ۇزىڭدى	ساعىندىم	58
ۇزىڭدى	ەرەكشە	48
ۇزىڭدى	سۇيەم	49
ۇزىڭدى	سۇيەمىن	50
ۇزىڭدى	كۇرگىم	40
بىزگە	بىر	42
بىزگە	نە	26
بىزگە	ەندى	49
بىزگە	الى	52
بىزگە	كەلىپ	54
بىزگە	ەكى	48
بىزگە	نەگە	57
بىزگە	تاماق	43
بىزگە	اقشا	56
بىزگە	بىراز	51
بىزگە	قاراي	56
بىزگە	دەمالىس	57
بىزگە	قاراماي	49
بىزگە	جيىن	59
بىزگە	قاراعاندا	47
بىزگە	تىلەگەن	41
تاۋبا	مەن	57
تاۋبا	دەپ	42
تاۋبا	نە	34
تاۋبا	نەعىپ	41
تاۋبا	سەن	56
تاۋبا	نەگە	58
تاۋبا	نەدەگەن	57
تاۋبا	دەشى	49
تاۋبا	دەدىم	37
تاۋبا	تاۋبا	19
تاۋبا	قىزىق	27
بىردەڭە	دەپ	53
بىردەڭە	بولدى	32
بىردەڭە	بار	56
بىردەڭە	بولىپ	49
بىردەڭە	الىپ	25
بىردەڭە	بولسا	22
بىردەڭە	بولادى	33
بىردەڭە	دەي	46
بىردەڭە	دەيدى	45
بىردەڭە	ايتىپ	58
بىردەڭە	بارما	58
بىردەڭە	ىشىپ	41
بىردەڭە	بەرىپ	49
بىردەڭە	ىستەپ	58
بىردەڭە	اتىپ	38
بىردەڭە	بوپ	54
بىردەڭە	دەسە	53
بىردەڭە	تاۋىپ	37
بىردەڭە	الايىن	40
بىردەڭە	جەپ	57
بىردەڭە	قىلىپ	51
بىردەڭە	ايتايىن	39
بىردەڭە	بولار	37
بىردەڭە	ايتسا	41
بىردەڭە	ايتسام	57
بىردەڭە	سۇرايىن	43
يۇان	دەپ	48
يۇان	بولدى	57
يۇان	ەكەن	39
يۇان	بىر	34
يۇان	بار	56
يۇان	بولسا	45
يۇان	بولادى	50
يۇان	دەيدى	58
يۇان	قالدى	58
يۇان	اقشا	43
يۇان	بارما	39
يۇان	بەرىپ	53
يۇان	اتىپ	20
يۇان	بەرە	23
يۇان	تاۋىپ	40
يۇان	عانا	48
يۇان	قۇڭباۋ	56
يۇان	اتشى	30
يۇان	كىرەسى	25
يۇان	قارىز	20
يۇان	حۇڭباۋ	50
يۇان	تاۇىپ	51
يۇان	شىعاما	57
جارايسىڭ	عوي	56
جارايسىڭ	جانىم	42
جارايسىڭ	جاقسى	11
جارايسىڭ	راحىمەت	44
جارايسىڭ	دوسىم	51
جارايسىڭ	قۇتتى	30
جارايسىڭ	مىقتى	55
جارايسىڭ	كەرەمەت	58
جارايسىڭ	بالام	49
جارايسىڭ	باۋىرىم	41
جارايسىڭ	جالعاستى	49
قارىز	عوي	58
قارىز	دەپ	54
قارىز	جوق	35
قارىز	ەكەن	42
قارىز	بار	35
قارىز	بولىپ	27
قارىز	الىپ	19
قارىز	اقشا	18
قارىز	دەگەن	21
قارىز	ەمەس	49
قارىز	بەرىپ	51
قارىز	الدىم	18
قارىز	بوپ	42
قارىز	بەرە	42
قارىز	تاۋىپ	38
قارىز	بولدىم	58
قارىز	سۇراپ	54
قارىز	العان	37
قارىز	بەرشى	39
قارىز	باسىپ	54
قارىز	قايتارىپ	51
قارىز	العام	33
قارىز	قايتاردىم	56
بولپ	تۇر	56
بولپ	كەتتى	17
بولپ	قالدى	19
بولپ	قالدىم	19
بولپ	قالعان	42
بولپ	كەتكەن	48
بولپ	كەتەدى	47
بولپ	قالادى	48
بولپ	قالپتى	49
بولپ	كەتپتى	47
بولپ	جاتر	48
بولپتى	عوي	35
بولپتى	جانىم	10
بولپتى	دەپ	27
بولپتى	جاقسى	48
بولپتى	ەكەن	57
بولپتى	قوي	21
بولپتى	وندا	54
بولپتى	دەيدى	42
بولپتى	امان	58
كيىم	جوق	57
كيىم	بار	33
كيىم	ال	50
كيىم	الىپ	55
كيىم	الدىم	14
كيىم	الايىن	53
كيىم	جۋىپ	40
كيىم	الاتىن	56
كيىم	الام	53
كيىم	الامىن	39
كيىم	ساتاتىن	50
كيىم	كيىپ	48
كيىم	دۇكەن	19
كيىم	الماستىرىپ	57
كيىم	رەتتەپ	42
كيىم	اۋىستىرىپ	52
كيىم	كەشەك	56
اتام	عوي	18
اتام	مەن	32
اتام	دەپ	27
اتام	جوق	30
اتام	جاقسى	55
اتام	بار	49
اتام	كەلىپ	33
اتام	تەلەفون	53
اتام	دەگەن	51
اتام	قانداي	51
اتام	اۋىرىپ	39
اتام	ەكەمىز	46
اتام	اپام	51
اتام	قايتىس	25
اتام	قازاق	51
بالاسى	عوي	57
بالاسى	مەن	33
بالاسى	دەپ	55
بالاسى	جوق	47
بالاسى	ەكەن	34
بالاسى	بار	31
بالاسى	بولسا	13
بالاسى	بارما	52
بالاسى	ەدى	55
بالاسى	اۋىرىپ	49
بالاسى	ۇشىن	41
بالاسى	بولسادا	58
بالاسى	ەكەۋى	55
بالاسى	قايتىس	52
بالاسى	الپتى	53
اۋىز	جاقسى	55
اۋىز	ەكى	50
اۋىز	ۇي	54
اۋىز	ۇيدە	44
اۋىز	ۇيگە	48
اۋىز	اشىپ	57
اۋىز	سوز	20
اۋىز	سۇز	19
اۋىز	جىلى	28
اۋىز	بەرىك	49
اۋىز	ءسوز	53
اۋىز	سوزىڭ	48
اۋىز	سۇزىڭ	15
اۋىز	اشقان	27
اۋىز	اشاتىن	47
اۋىز	اشتىرىپ	53
اۋىز	سوزگە	35
اۋىز	اشار	58
اۋىز	بەكتىپ	20
اۋىز	بەكىتىپ	57
اۋىز	سوزىڭىز	55
اۋىز	اشقانعا	49
جاۋىپ	جاتىر	54
جاۋىپ	قوي	18
جاۋىپ	الىپ	51
جاۋىپ	تۇر	53
جاۋىپ	كەتتى	10
جاۋىپ	قويدىم	19
جاۋىپ	الايىن	53
جاۋىپ	قويىپ	47
جاۋىپ	تۇرعان	57
جاۋىپ	تاستاپ	55
جاۋىپ	تۇرسا	45
جاۋىپ	تۇرما	57
جاۋىپ	تاستادى	22
جاۋىپ	تاستادىم	49
جاۋىپ	تاستاپتى	55
جاۋىپ	تاستادىڭ	52
شىعارسىڭ	جانىم	44
شىعارسىڭ	مەن	19
شىعارسىڭ	دەپ	47
شىعارسىڭ	ەندى	54
شىعارسىڭ	يا	56
السام	دەپ	53
السام	جاقسى	24
السام	بولدى	20
السام	بىر	17
السام	بولادى	55
السام	دەيدى	18
السام	دەگەن	49
السام	قانشا	49
السام	بولاما	45
السام	دەيمىن	21
السام	بولاتىن	56
السام	بوپتى	58
السام	شىركىن	44
السام	بولار	45
السام	قايتەدى	51
السام	بولۋشى	58
كۇننە	بىر	55
كۇننە	ەكى	15
كۇننە	دەيىن	17
كۇننە	نەشە	17
كۇننەن	كەيىن	22
كۇننەن	بەرى	6
كۇننەن	سوڭ	8
كۇننەن	باستاپ	19
كۇننەن	كۇنگە	18
كۇننەن	قورعاۋ	18
كۇننەن	قورعايتىن	19
بارلىقتارىڭ	امان	53
بارلىقتارىڭىز	امان	11
بارلىقتارىڭىزعا	سالەم	12
بارلىقتارىڭىزعا	راحىمەت	23
بارلىقتارىڭىزعا	كەلىپ	20
بارلىقتارىڭىزعا	قايىرلى	51
بارلىقتارىڭىزعا	بىرگە	43
بارلىقتارىڭىزعا	امان	55
بارلىقتارىڭىزعا	كوپ	51
بارلىقتارىڭىزعا	مىقتى	41
بارلىقتارىڭىزعا	ورازا	56
بارلىقتارىڭىزعا	مەنەن	55
بارلىقتارىڭىزعا	باقىت	19
بارلىقتارىڭىزعا	ايتتارىڭىز	20
بارلىقتارىڭىزعا	ايتقاندارىڭىز	57
بارلىقتارىڭىزعا	جاعالاي	13
قايتام	عوي	57
قايتام	جانىم	13
قايتام	دەپ	23
قايتام	ەندى	20
قايتام	ەرتەڭ	51
قايتام	دەيدى	56
قايتام	ۇيگە	31
قايتام	دەگەن	31
قايتام	قازىر	51
دەرەۋ	كەل	56
دەرەۋ	كەلىپ	46
دەرەۋ	بارىپ	57
دەرەۋ	تەلەفون	50
دەرەۋ	اتىپ	49
دەرەۋ	بارام	54
دەرەۋ	قابارلاسىڭىزدار	50
دەرەۋ	جۇرەتىن	57
دەرەۋ	جۇرەدى	15
دەرەۋ	جۇرەمىز	47
دەرەۋ	جۇرەمىن	12
تاي	بار	35
تاي	بولسا	27
تاي	شاق	50
تاي	تاي	23
تاي	ساتىلادى	39
تاي	شوپ	43
تاي	قوڭىر	25
تاي	بەدە	42
تاي	سابان	29
تاياپ	تۇر	44
تاياپ	قالدى	32
تاياپ	قالدىم	8
تاياپ	قالعان	10
تاياپ	قالىپتى	21
تاياپ	قالپتى	35
تاياپ	قالدىق	27
تاياپ	قاپتى	14
تاياپ	قالعاندا	54
تاياپ	قالپسىڭ	56
تاياپ	قالىپسىڭ	56
كەلسەڭ	مەن	58
كەلسەڭ	جاقسى	32
كەلسەڭ	بولدى	19
كەلسەڭ	بىر	13
كەلسەڭ	كەل	44
كەلسەڭ	بولادى	32
كەلسەڭ	ۇيگە	29
كەلسەڭ	بولاما	54
كەلسەڭ	قابارلاس	57
كەلسەڭ	بولمايما	29
ۇيقتاي	عوي	19
ۇيقتاي	قوي	9
ۇيقتاي	قال	44
ۇيقتاي	بەر	45
ۇيقتاي	الماي	14
ۇيقتاي	بەرەيىن	10
ۇيقتاي	الدىڭبا	26
ۇيقتاي	بەرەدى	44
ۇيقتاي	المايمىن	57
ۇيقتاي	المادىم	33
ۇيقتاي	بەردىم	17
ۇيقتاي	المايدى	52
ۇيقتاي	المايتىن	52
ۇيقتاي	قالايىن	50
قىزى	عوي	52
قىزى	ەكەن	42
قىزى	بار	39
قىزى	ەكەۋى	17
قىزىل	بولىپ	46
قىزىل	قوي	40
قىزىل	كەلىپ	45
قىزىل	ۇيگە	56
قىزىل	سۋ	49
قىزىل	التىن	52
قىزىل	تۋعا	44
قىزىل	قاعاز	54
قىزىل	قوزى	20
قىزىل	كويلەك	52
قىزىل	لازى	57
قىزىل	قاسقا	27
قىزىل	قاعازدى	48
قىزىل	تىلدى	56
قىزىل	جۇلدىزعا	56
قىزىل	جۇلدىزدان	44
سيىر	جوق	51
سيىر	ەكەن	49
سيىر	بار	54
سيىر	قوي	21
سيىر	الىپ	55
سيىر	بولسا	50
سيىر	ايداپ	43
سيىر	باعىپ	47
سيىر	ساتىلادى	47
سيىر	تۋىپ	28
سيىر	ساۋىپ	42
سيىر	سۋارىپ	18
سيىر	سۋعارىپ	55
جاتسىڭ	عوي	55
جاتسىڭ	جانىم	22
جاتسىڭ	دەپ	16
جاتسىڭ	دار	57
جۇرەك	جوق	44
جۇرەك	بار	26
جۇرەك	بولىپ	36
جۇرەك	دەگەن	48
جۇرەك	قان	42
جۇرەك	بەرىپ	51
جۇرەك	بەرە	15
جۇرەك	باسىپ	27
جۇرەك	باسا	28
جۇرەك	سۇزىڭدى	37
جۇرەك	سوزىم	56
جۇرەك	سۇزىم	33
ايتسا	بولدى	40
ايتسا	بولادى	18
ايتسا	ايتا	20
ايتساڭ	مەن	19
ايتساڭ	جاقسى	27
ايتساڭ	بولدى	57
ايتساڭ	سول	10
ايتساڭ	مەندە	56
ايتساڭ	بولادى	45
ايتساڭ	بولاما	18
ايتساڭ	بولمايما	52
قابارلاسا	الماي	13
قابارلاسا	الدىڭبا	6
قابارلاسا	المايمىن	27
قابارلاسا	المادىم	29
قابارلاسايىن	جانىم	11
قابارلاسايىن	دەپ	19
قابارلاسايىن	وندا	19
قابارلاسايىن	بولاما	48
قابارلاسايىن	دەسەم	16
بىلمەدىم	عوي	36
بىلمەدىم	جانىم	12
بىلمەدىم	مەن	36
بىلمەدىم	نە	42
بىلمەدىم	ونى	55
بىلمەدىم	ايتەۋ	54
ءازىر	جوق	28
ءازىر	بىر	50
ءازىر	نەعىپ	51
ءازىر	كەلىپ	51
ءازىر	بارىپ	55
ءازىر	ۇيگە	47
ءازىر	كەلدى	53
ءازىر	كەلدىم	56
ءازىر	قايداسىڭ	18
ءازىر	بارام	40
ءازىر	بولدىم	45
ءازىر	كەلدىك	40
ءازىر	تۇردىم	52
قالسا	مەن	51
قالسا	دەپ	44
قالسا	جاقسى	55
قالسا	بولدى	28
قالسا	ەكەن	32
قالسا	بىر	29
قالسا	نە	55
قالسا	ماعان	53
قالسا	تاعى	51
قالسا	ۇيات	45
قالسا	قيىن	29
قالسا	بولمايدى	29
قالسا	بەكەر	31
قالسا	قايتەم	50
قالسا	قايتەسىڭ	29
قالسا	پالە	34
قالسا	قىيىن	54
قالسا	قايتەمىز	55
مەننەن	سالەم	48
مەننەن	جاقسى	25
مەننەن	بىر	43
مەننەن	نە	39
مەننەن	الىپ	50
مەننەن	نەگە	56
مەننەن	اقشا	47
مەننەن	باسقا	39
مەننەن	كورىپ	18
مەننەن	سۇراپ	54
مەننەن	كۇرىپ	47
مەننەن	العان	55
مەننەن	بۇرىن	54
مەننەن	ارتىق	30
مەننەن	الاڭداما	31
مەننەن	قاشىپ	39
مەننەن	اۋلاق	51
مەننەن	باسقاسى	55
مەننەن	قۇتىلا	54
سايىن	مەن	55
سايىن	جاقسى	46
سايىن	بىر	45
سايىن	سەنى	48
سايىن	اقشا	56
سايىن	بەرىپ	52
سايىن	مىڭ	50
سايىن	ساحارا	52
ايتتاپ	كەل	52
ايتتاپ	كەلىپ	14
ايتتاپ	ۇي	56
ايتتاپ	ۇيگە	39
ايتتاپ	جۇرمىن	26
ايتتاپ	بارام	37
ايتتاپ	بارايىن	55
ايتتاپ	كەلىڭدەر	57
ايتتاپ	كەلىڭىز	13
ايتتاپ	كەلىڭىزدەر	33
ايتتاپ	كەلڭدەر	15
ايتتاپ	كەلڭىزدەر	39
ايتتاپ	قايتىڭىزدار	45
اپەكە	جان	57
اپەكە	مەن	34
اپەكە	دەپ	48
اپەكە	راحىمەت	48
اپەكە	امانسىزبا	45
اپەكە	ايتقانىڭىز	18
اپەكە	سىڭىلدەر	49
نەمە	عوي	20
نەمە	دەپ	38
نەمە	ەكەن	44
نەمە	سول	18
نەمە	ەكەنسىڭ	19
نەمەن	بارىپ	30
نەمەن	بارام	30
نەمەن	جۇرسىڭ	29
نەمەن	بارامىز	23
نەمەن	كەلدىڭ	26
نەمەن	كەلەسىڭ	28
نەمەن	باراسىڭ	22
نەمەن	باردىڭ	18
نەمەنە	دەپ	26
نەمەنە	بولدى	32
نەمەنە	ەكەن	44
نەمەنە	بار	49
نەمەنە	تاماق	51
نەمەنە	دەيدى	35
نەمەنە	ايتىپ	33
نەمەنە	دەگەن	50
نەمەنە	ىستەپ	52
نەمەنە	جولداپ	40
نەمەنە	جۇمىس	50
نەمەنە	تارتىپ	49
نەمەنە	دەيسىڭ	57
اندا	سوندا	19
اندا	ساندا	36
اندا	مىندا	4
اندا	مۇندا	23
انداعى	جاق	8
انداعى	ۇيدە	49
انداعى	ۇيگە	47
انداعى	جەر	46
انداعى	جەردە	34
انداعى	جەرگە	16
انداعى	قۇساپ	18
انداعى	جاققا	18
انداعى	جەردەن	39
انداعى	جاقتا	20
انداعى	جاقتان	33
انداعى	جەردى	43
انداعى	جەردىڭ	57
انداعى	جەردەگى	51
انداعى	قۇساساڭ	45
تەزىرەك	بول	48
تەزىرەك	الىپ	34
تەزىرەك	كەل	49
تەزىرەك	كەلىپ	19
تەزىرەك	اتىپ	57
تەزىرەك	تاۋىپ	44
تەزىرەك	توي	52
تەزىرەك	جاۋاپ	55
تەزىرەك	كەلشى	48
تەزىرەك	ساقايىپ	55
تەزىرەك	جازىلىپ	8
تەزىرەك	ساۋىعىپ	30
وسىندا	وتىرعان	19
وسىنداي	جاقسى	14
وسىنداي	بولدى	37
وسىنداي	ەكەن	50
وسىنداي	بىر	46
وسىنداي	بولىپ	32
وسىنداي	ادام	30
وسىنداي	بولسا	42
وسىنداي	بولادى	43
وسىنداي	كەزدە	34
وسىنداي	كەرەمەت	25
وسىنداي	جاعداي	56
وسىنداي	بەرەكە	51
وسىنداي	بەرەكەدەن	56
كەتەت	دەپ	26
كەتەت	ەكەن	16
كەتەتىن	بولدى	16
كەتەتىن	بولىپ	13
كەتەتىن	ادام	28
كەتەتىن	بولسا	34
كەتەتىن	كۇنى	47
كەتەتىن	ەمەس	54
كەتەتىن	ەدى	56
كەتەتىن	بوپ	44
كەتەتىن	شىعار	57
كەتەتىن	كەزدە	15
كەتەتىن	ەدىم	28
كەتەتىن	بولعان	33
كەتەتىن	بولدىم	54
كەتەتىن	سياقتى	18
كەتەتىن	بولساڭ	31
كەتەتىن	ەدىڭ	55
كەتەتىن	قۇساپ	55
كەتەتىن	بولدىڭ	47
كەتەتىن	شعار	35
كەتەتىن	بولدىق	42
كەتەتىن	شىعارسىڭ	34
كەتەتىن	ۇقسايدى	45
كەتەتىن	وقشايدى	46
كەتەتىن	شىعارمىن	56
كەتەتىن	سياقتىمىن	50
شىق	جانىم	56
شىق	مەن	34
شىق	دەپ	36
شىق	ەندى	19
شىق	وندا	45
شىق	دەيدى	26
شىق	دەگەن	42
شىق	بەرى	56
شىق	بولاما	29
شىق	تەز	36
شىق	دەسە	48
شىق	دەسەم	56
شىق	دەگەندە	50
ىستەر	بولىپ	45
ىستەرى	ىلگەرى	17
ىستەرىڭ	ىلگەرى	6
ىستەرىڭ	ىستەرىڭ	2
ىستەرىڭ	ساتتى	58
ىستەرىڭ	ونىمدى	39
نەنى	جانىم	15
نەنى	ايتىپ	53
نەنى	ايتام	38
نەنى	قاتە	33
نەنى	تارتىپ	42
نەنى	قايتارىپ	18
نەنى	ايتاسىڭ	16
نەنى	جولدايمىن	44
سەننەن	بولسىن	54
سەننەن	جاقسى	56
سەننەن	بىر	56
سەننەن	كەيىن	34
سەننەن	اقشا	57
سەننەن	باسقا	37
سەننەن	ۇيات	13
سەننەن	قابار	28
سەننەن	قاتتى	46
سەننەن	سۇراپ	52
سەننەن	بۇرىن	31
سەننەن	بىردەمە	41
سەننەن	ارتىق	54
سەننەن	ۇمىت	40
سەننەن	قورقىپ	53
سەننەن	الاڭداپ	57
سەننەن	سۇرايىن	40
سەننەن	باسقاعا	53
سەننەن	اياپ	54
كەتسە	مەن	45
كەتسە	دەپ	43
كەتسە	جاقسى	50
كەتسە	بولدى	17
كەتسە	ەكەن	17
كەتسە	بىر	18
كەتسە	سەن	50
كەتسە	بولادى	56
كەتسە	تاعى	51
كەتسە	قيىن	46
كەتسە	بولمايدى	39
كەتسە	كەتە	36
كەتسە	قايتەم	50
كەتسە	قايتەسىڭ	42
كەتسە	رەنجىمە	41
كەتسە	كەتسىن	46
كەتسە	كەشىر	52
سويلەمە	دەپ	41
سويلەمە	بولدى	19
سويلەمە	ەندى	19
سويلەمە	ماعان	27
سويلەمەي	جاتىر	17
سويلەمەي	قوي	28
سويلەمەي	تۇر	36
سويلەمەي	قالدى	35
سويلەمەي	اق	42
سويلەمەي	قويدى	20
سويلەمەي	قويدىم	20
سويلەمەي	كەتتىڭ	41
سويلەمەي	قالدىڭ	36
سويلەمەي	قويىپ	15
سويلەمەي	وتىرسىڭ	51
سويلەمەي	قويدىڭ	51
سويلەمەي	قويساڭ	13
سويلەمەي	قويعان	36
سويلەمەي	قويسام	46
سويلەمەي	قالساڭ	51
سويلەمەي	قوياسىڭ	48
سويلەمەيسىڭ	عوي	46
سويلەمەيسىڭ	جانىم	15
سويلەمەيسىڭ	نە	15
سويلەمەيسىڭ	ماعان	52
سويلەمەيسىڭ	قاربالاسپا	55
ايتىم	عوي	37
ايتىم	جانىم	6
ايتىم	مەن	54
ايتىم	دەپ	48
ايتىم	بولدى	52
ايتىم	سەن	52
ايتىم	ەندى	55
ايتىم	قوي	52
ايتىم	ساعان	19
ايتىم	عۇي	50
ايتىڭىز	عوي	32
ايتىڭىز	مەن	33
ايتىڭىز	قابىل	54
ايتىڭىز	بىرگە	3
ايتىڭىز	قۇتتى	30
كەلىڭدەر	جانىم	48
كەلىڭدەر	مەن	52
كەلىڭدەر	دەپ	46
كەلىڭدەر	وندا	19
كەلىڭدەر	دەيدى	47
كەلىڭدەر	ۇي	29
كەلىڭدەر	ۇيگە	48
كەلىڭدەر	قىزدار	32
كەلىڭدەر	ايتتاپ	53
كەلىڭدەر	ايتشىلاپ	30
مەكەن	جانىم	49
مەكەن	دەپ	42
مەكەن	دەيمىن	19
مەكەن	دەشى	39
تاۋعا	الىپ	55
تاۋعا	كەلىپ	49
تاۋعا	بارىپ	51
تاۋعا	كەتتى	17
تاۋعا	قاشان	44
تاۋعا	قار	40
تاۋعا	كەتىپ	47
تاۋعا	شىعىپ	26
تاۋعا	مال	15
تاۋعا	اپارىپ	38
تاۋعا	كەتكەن	40
تاۋعا	شعىپ	46
تاۋعا	بارعاندا	33
تاۋعا	كەتەم	49
تاۋعا	شىعاتىن	55
تاۋعا	شعاتىن	34
بولسام	عوي	53
بولسام	مەن	53
بولسام	دەپ	51
بولسام	جاقسى	44
بولسام	بولدى	35
بولسام	بىر	21
بولسام	سول	41
بولسام	نە	56
بولسام	سەن	51
بولسام	وندا	42
بولسام	بولادى	54
بولسام	سەنى	52
بولسام	ساعان	41
بولسام	وسى	40
بولسام	قانداي	52
بولسام	دەيمىن	41
بولسام	شىركىن	55
بولسام	باياعىدا	46
بولسام	باياعدا	49
تۇرسىڭ	عوي	56
تۇرسىڭ	جانىم	8
تۇرسىڭ	مەن	29
تۇرسىڭ	دەپ	57
تۇرسىڭ	سەن	51
تۇرسىڭ	قوي	54
تۇرسىڭ	ەمەسپە	38
جاتىرسىڭبا	جانىم	52
جاتىرسىڭبا	جوق	17
جاتىرسىڭبا	نە	47
جاتىرسىڭبا	دەنساۋلىق	50
سۇيىپ	جاقسى	37
سۇيىپ	قوي	51
سۇيىپ	قويشى	34
سۇيىپ	الدىم	21
سۇيىپ	قالدىم	55
سۇيىپ	قويدىم	28
سۇيىپ	تۇرىپ	33
سۇيىپ	الايىن	39
سۇيىپ	قالعان	40
سۇيىپ	قويىپ	54
سۇيىپ	العان	49
سۇيىپ	قويايىن	54
سۇيىپ	السام	27
سۇيىپ	سۇيىپ	43
سۇيىپ	قۇشاقتاپ	15
سۇيىپ	جاتسام	55
سۇيىپ	قويسام	56
سۇيىپ	العىم	45
سۇيىپ	الايىنبا	22
سۇيىپ	ايمالاپ	43
سۇيىپ	وتەم	50
سۇيىپ	ۇتەم	51
ىشتى	عوي	54
ىشتىڭ	عوي	17
ىشتىڭ	جانىم	16
ىشتىڭبە	جانىم	17
ىشتىڭبە	نەعىپ	10
ادامنىڭ	بىر	56
ادامنىڭ	بارى	52
ادامنىڭ	جۇرەگى	30
ادامنىڭ	ەڭ	53
ادامنىڭ	اقشاسىن	56
ادامنىڭ	ورنى	50
ادامنىڭ	قاجەتى	18
ادامنىڭ	ورىنى	53
ادامنىڭ	كوڭىلىن	50
ادامنىڭ	قولىنان	54
ادامنىڭ	قادىرىن	55
ادامنىڭ	جۇرەگىن	45
ادامنىڭ	جامانى	43
ادامنىڭ	اشۋىن	49
توق	ەتەرىن	45
توقتاپ	جاتىر	17
توقتاپ	تۇر	48
توقتاپ	قال	18
توقتاپ	قالدى	44
توقتاپ	قالدىم	14
توقتاپ	قالعان	48
توقتاپ	قالادى	18
توقتاپ	قالىپ	32
توقتاپ	قالىپتى	34
توقتاپ	قالپتى	8
توقتاپ	قالسا	18
توقتاپ	قالدىما	37
توقتاپ	قالاتىن	48
توقتاپ	قاپتى	53
توقتاپ	قالعانبا	29
شىقتى	عوي	56
شىقتى	دەپ	13
شىقتى	ەندى	23
شىقتى	دەيدى	47
شىقتىم	عوي	46
شىقتىم	جانىم	22
شىقتىم	دەپ	19
شىقتىم	ەندى	39
شىقتىم	مىنە	53
شىقتىم	ۇيدەن	50
مناۋ	جاقسى	43
مناۋ	ەكەن	53
مناۋ	بىر	47
مناۋ	نە	36
مناۋ	مەنىڭ	19
مناۋ	قاي	36
مناۋ	قالاي	34
مناۋ	كىم	56
مناۋ	بارما	26
مناۋ	قانشا	53
مناۋ	نەدەگەن	25
مناۋ	قانداي	45
بۇگىنگى	كەلىپ	41
بۇگىنگى	ايت	7
بۇگىنگى	كۇن	36
بۇگىنگى	كۇنى	17
بۇگىنگى	جاڭا	48
بۇگىنگى	تۋىلعان	44
بۇگىنگى	ورازا	47
بۇگىنگى	ايىت	23
بۇگىنگى	كۇنىڭ	47
بۇگىنگى	كۇندەرىڭ	38
بۇگىنگى	كۇندەرىڭىز	20
بۇگىنگى	سالماق	36
امانشىلىقپا	جانىم	54
امانشىلىقپا	نەعىپ	31
امانشىلىقپا	دوسىم	20
امانشىلىقپا	امان	25
امانشىلىقپا	سونىمەن	41
امانشىلىقپا	دەنساۋلىق	50
ۇيدەمىن	عوي	29
ۇيدەمىن	جانىم	24
ۇيدەمىن	دەپ	17
ۇيدەمىن	سول	39
ۇيدەمىن	ەندى	34
ۇيدەمىن	بۇگىن	53
ايتسام	مەن	53
ايتسام	بولدى	43
ايتسام	بىر	47
ايتسام	نە	51
ايتسام	سەن	52
ايتسام	بولادى	35
ايتسام	ول	30
ايتسام	سەنى	50
ايتسام	ساعان	41
ايتسام	تاعى	53
ايتسام	بولاما	42
ايتسام	ۇيات	28
ايتسام	بولمايدى	54
ايتسام	رەنجىمە	56
ايتسام	كەشىر	48
ايتسام	سەنبەيسىڭ	42
انە	كۇنى	51
انە	تاعى	6
انە	كەزدە	46
انە	بىرەۋ	53
انە	مىنە	53
انە	كۇننەن	18
انە	كۇنگى	23
انە	منە	14
انە	گۇنى	47
قىزىق	عوي	47
قىزىق	بولسىن	54
قىزىق	بولدى	33
قىزىق	ەكەن	19
قىزىق	بولىپ	10
قىزىق	قوي	42
قىزىق	يا	18
قىزىق	ادام	51
قىزىق	بولادى	36
قىزىق	اي	49
قىزىق	ەمەس	25
قىزىق	كورىپ	45
قىزىق	ەكەنسىڭ	49
قىزىق	بولعاندا	16
باراسىڭ	عوي	52
باراسىڭ	جانىم	16
باراسىڭ	دەپ	23
باراسىڭ	دەيدى	32
قويسا	جاقسى	47
قويسا	بولدى	26
قويسا	ەكەن	16
قويسا	بولادى	31
قويسا	ۇيات	15
قويسا	بولمايدى	25
قويسا	قايتەم	33
قويسا	قايتەسىڭ	29
قويساڭ	مەن	32
قويساڭ	جاقسى	43
قويساڭ	بولدى	40
قويساڭ	قوي	8
قويساڭ	مەندە	45
قويساڭ	بولادى	56
قويساڭ	قويشى	16
قويساڭ	بولاما	54
قويساڭ	قايتەم	35
قويساڭ	بوپتى	54
قويساڭ	بولمايما	52
قويساڭ	قايتەدى	16
جەڭگە	مەن	34
جەڭگە	دەپ	43
جەڭگە	نەعىپ	45
جەڭگە	راحىمەت	56
جەڭگە	امانسىزبا	53
جەڭگە	ايتقانىڭىز	25
جەڭگە	تاي	56
جەڭگە	جاقسىز	28
تور	عوي	43
تور	جوق	33
تور	جاقسى	26
تور	تارتىپ	18
تور	پۇل	32
تور	كورپە	37
تور	ساۋداسىن	23
تورت	بولدى	37
تورت	بولىپ	54
تورت	ادام	54
تورت	اي	16
تورت	كۇن	33
تورت	سوم	15
تورت	كۇندە	55
تورت	بەس	35
تورت	ساعات	17
تورت	مىڭ	34
تورت	جۇز	25
تورت	تۇرلى	23
تورت	جارىم	53
تورت	جىل	50
تورت	تال	28
تورت	رەت	41
تورت	ورىن	48
تورت	كۇننەن	32
تورت	جارىمدا	52
تورت	كوزبەن	44
جاتتى	عوي	55
جاتتىم	عوي	11
جاتتىم	جانىم	19
جاتتىم	دەپ	16
جاتتىم	جاقسى	49
جاتتىم	سول	45
جاتتىم	ەندى	52
جاتتىم	وندا	49
جاتتىم	بۇگىن	41
جاتتىم	ۇيدە	52
جاتتىم	تاڭەرتەڭ	46
ارتىن	اشىپ	55
ارتىن	جيىپ	27
ارتىن	جيناستىرىپ	30
ارتىنا	كەلگەندە	18
ارتىنا	قاراماي	20
ارتىنان	مەن	18
ارتىنان	بىر	52
ارتىنان	ەكى	43
ارتىنان	ايتىپ	53
ارتىنان	تاعى	51
ارتىنان	بەرەيىن	31
ارتىنان	قايتارىپ	46
ارتىنان	ايتايىن	50
ارتىنان	قابارلاسايىن	54
ارتىنان	ەرىپ	19
ولار	جوق	39
ولار	بىر	45
ولار	سول	47
ولار	نە	52
ولار	نەعىپ	41
ولار	ەندى	51
ولار	ماعان	53
ولار	مەنى	52
ولار	قايدا	47
ولار	كەتىپ	44
ۇيقىڭ	جاقسى	56
ۇيقىڭ	كەلىپ	46
ۇيقىڭ	قانداي	17
ۇيقىڭ	كەلدى	55
ۇيقىڭ	كەلەدى	39
ۇيقىڭ	كەپ	44
ۇيقىڭ	تاتتى	47
ۇيقىڭ	كەلگەن	40
ۇيقىڭ	كەلمەي	38
ۇيقىڭ	كەلسە	19
ۇيقىڭ	جايلى	13
ۇيقىڭ	قاشىپ	23
ۇيقىڭ	كەلدىمە	49
ۇيقىڭ	كەلمەسە	9
ۇيقىڭ	شالا	36
ۇيقىڭ	كەلدىما	40
ۇيقىڭ	اشىلىپ	35
ۇيقىڭ	قانباي	46
ۇيقىڭ	قانىپ	21
ۇيقىڭ	قاندىما	46
ۇيقىڭ	كەلمەدىمە	19
جىلاپ	جاتىر	47
جىلاپ	الىپ	17
جىلاپ	تۇر	48
جىلاپ	جاتىرمىن	34
جىلاپ	تەلەفون	46
جىلاپ	وتىر	50
جىلاپ	وتىرمىن	19
جىلاپ	كەتتى	27
جىلاپ	جۇر	42
جىلاپ	الدىم	41
جىلاپ	تۇرىپ	39
جىلاپ	جۇرىپ	50
جىلاپ	ارەڭ	47
جىلاپ	وتىرىپ	50
جىلاپ	جىلاپ	50
جىلاپ	ەڭىرەپ	23
قالدىق	عوي	19
قالدىق	جانىم	21
قالدىق	دەپ	44
قالدىق	قوي	39
قالدىق	دەيدى	12
العام	عوي	50
العام	جانىم	28
العام	دەپ	42
العام	جوق	48
العام	بىر	13
العام	سول	54
العام	ەندى	45
العام	سودان	49
العام	سونى	54
العام	سوعان	34
ايتامىن	عوي	52
ايتامىن	جانىم	14
ايتامىن	دەپ	14
ايتامىن	ساعان	20
ايتامىن	دەيدى	51
بولسن	جانىم	55
بولسن	دەپ	15
بولسن	دوسىم	44
بولسن	امان	45
قۇلجا	جاققا	55
قۇلجا	اۋدان	21
قۇلجا	اۋدانعا	16
قۇلجا	اۋداننان	27
قۇلجا	قالاسى	17
قۇلجا	اۋداندا	19
قۇلجاعا	بىر	24
قۇلجاعا	كەل	16
قۇلجاعا	كەلىپ	50
قۇلجاعا	ادام	34
قۇلجاعا	بارىپ	38
قۇلجاعا	ەكى	16
قۇلجاعا	كەتتى	20
قۇلجاعا	قاشان	51
قۇلجاعا	كەتىپ	47
قۇلجاعا	ۇش	32
قۇلجاعا	كەلدىم	50
قۇلجاعا	بارام	52
قۇلجاعا	تۇسىپ	39
قۇلجاعا	اپارىپ	55
قۇلجاعا	كەتكەن	44
قۇلجاعا	بارايىن	51
قۇلجاعا	باراتىن	46
قۇلجاعا	بارامىن	18
قۇلجاعا	بارعاندا	46
قۇلجاعا	جۇرەتىن	45
قۇلجاعا	كەلگەم	48
جوقپا	جانىم	46
جوقپا	دەپ	31
جوقپا	ەكەن	29
جوقپا	نە	19
جوقپا	سوندا	44
قىزىم	دەپ	38
قىزىم	جاقسى	54
قىزىم	سول	51
قىزىم	نەعىپ	33
قىزىم	بار	45
قىزىم	كەلىپ	16
قىزىم	مەنىڭ	53
قىزىم	ۇيقتاپ	39
قىزىم	اۋىرىپ	54
قىزىم	تۋىلعان	36
قىزىم	ەكەمىز	49
باعىپ	جاتىر	41
باعىپ	جاتىرسىڭ	18
باعىپ	ال	52
باعىپ	جاتىرمىن	53
باعىپ	وتىر	18
باعىپ	وتىرمىن	39
باعىپ	بەر	36
باعىپ	جۇر	49
باعىپ	بەرەيىن	36
باعىپ	جۇرمىن	42
باعىپ	جاتقان	20
باعىپ	جاتىرمىز	34
باعىپ	جۇرگەن	52
باعىپ	بەرەتىن	31
باعىپ	وتىرعان	48
باعىپ	جۇرسىڭبە	38
باعىپ	قاعىپ	52
بولعاندا	مەن	48
بولعاندا	بىر	43
بولعاندا	نە	37
بولعاندا	سەن	55
بولعاندا	ماعان	54
بولعاندا	تەلەفون	54
بولعاندا	بىراق	55
بولعاندا	قانداي	49
بولعاندا	قابارلاس	50
بولعاندا	عانا	42
بولعاندا	ايتا	44
كەلشى	جانىم	50
كەلشى	مەن	13
كەلشى	دەپ	48
كەلشى	بولدى	36
كەلشى	بىر	53
كەلشى	وندا	41
كەلشى	دوسىم	48
كەلشى	بولاما	55
كەلشى	تەز	22
نەكە	جانىم	54
نەكە	تەلەفون	41
نەكە	المايسىڭ	51
نەكە	ۇيتىپ	32
نەكە	سۇيلەمەي	52
نەكە	سۇيلەمەيسىڭ	55
دەگەنى	عوي	24
دەگەنىم	عوي	16
دەگەنىم	سول	3
دەگەنىم	قوي	39
دەگەنىم	ەمەس	20
تۇرادى	عوي	49
تۇرادى	جانىم	13
تۇرادى	دەپ	43
تۇرادى	ەكەن	38
تۇرادى	دەيدى	12
تۇرادى	ەكەنسىڭ	44
تۇرادى	ەمەسپە	29
قايتاتىن	بولدى	47
قايتاتىن	بىر	46
قايتاتىن	بولىپ	35
قايتاتىن	ادام	34
قايتاتىن	ەكى	19
قايتاتىن	شىعار	47
قايتاتىن	كەزدە	41
قايتاتىن	مال	34
قايتاتىن	بولدىم	53
قايتاتىن	ماشينا	31
قايتاتىن	بولدىڭ	34
قايتاتىن	كىسىلەر	47
قايتاتىن	كولىك	30
قايتاتىن	جولاۋشىلار	13
قايتاتىن	بولدىق	7
قايتاتىن	شىعارسىڭ	41
قايتاتىن	كۇلىك	47
توك	جوق	36
توك	بار	12
توك	بارما	45
توك	كەتىپ	36
توك	سۋ	46
توك	پۇل	53
توك	اقى	20
توك	توقتاپ	18
توك	قالمادى	41
توك	موتا	40
توك	قاشالاپ	44
توك	پار	20
توك	قازان	39
توك	شاۋگىم	48
توك	قاشىلاپ	46
سار	قىز	54
سار	شالىم	19
سار	كۇشىك	20
سارى	بولىپ	30
سارى	ۇل	54
سارى	قىز	50
سارى	ماي	18
سارى	قاتىن	20
سارى	التىن	49
سارى	التىنىم	30
سارى	قىزىم	36
سارى	كەمپىرىم	43
سارى	شالىم	22
سارى	ۇلىم	36
سارى	كۇشىك	54
سارى	كۇشگىم	48
اۋرىپ	جاتىر	44
اۋرىپ	تۇر	18
اۋرىپ	جاتىرمىن	15
اۋرىپ	كەتتى	21
اۋرىپ	قالدى	21
اۋرىپ	جۇر	33
اۋرىپ	قالدىم	37
اۋرىپ	جۇرمىن	43
اۋرىپ	تۇرمىن	46
اۋرىپ	قالعان	38
اۋرىپ	ارەڭ	52
اۋرىپ	قالادى	53
اۋرىپ	قالىپتى	53
اۋرىپ	قالپتى	52
اۋرىپ	تۇرما	42
اۋرىپ	قاپتى	50
كەلەم	عوي	54
كەلەم	جانىم	17
كەلەم	دەپ	47
كەلەم	دەيدى	11
كەلەم	دەگەن	14
كەلەم	دەسە	17
كەلەم	دەدى	46
كەلەم	دەسەڭ	47
كەلەم	دەدىڭ	29
كەلەم	دەپتى	55
مەنىكى	عوي	55
مەنىكى	دەپ	37
مەنىكى	ەكەن	46
مەنىكى	بىر	52
مەنىكى	سول	50
مەنىكى	نە	53
مەنىكى	ساعان	53
مەنىكى	ەمەس	55
مەنىكى	تۇرىپ	30
مەنىكى	ايتقان	55
مەنىكى	دۇرىس	36
مەنىكى	قاتە	52
مەنىكى	قالجىڭ	14
مەنىكى	تەك	34
قايتەمىز	جانىم	51
قايتەمىز	دەپ	22
قايتەمىز	ەندى	28
قايتەمىز	وندا	14
قايتەمىز	سوندا	43
قايتەمىز	دەشى	32
قايتەمىز	امال	31
كەلىن	جان	43
كەلىن	مەن	17
كەلىن	دەپ	53
كەلىن	جوق	46
كەلىن	بار	53
كەلىن	بولىپ	34
كەلىن	الىپ	41
كەلىن	كەلىپ	43
كەلىن	قايدا	52
كەلىن	دەگەن	48
كەلىن	قۇتتى	54
كەلىن	بالا	21
كەلىن	الۋ	28
كەلىن	بەرەكەلى	48
كەلىن	تۇسىرۋ	47
وزىڭدى	جانىم	55
وزىڭدى	جاقسى	46
وزىڭدى	بىر	28
وزىڭدى	جولداپ	35
وزىڭدى	وزىڭ	35
وزىڭدى	كورىپ	20
وزىڭدى	قاتتى	46
وزىڭدى	عانا	28
وزىڭدى	قوسىپ	46
وزىڭدى	ويلاپ	48
وزىڭدى	ماڭگى	34
وزىڭدى	جولداشى	24
وزىڭدى	ساعىنىپ	15
وزىڭدى	تارتىپ	18
وزىڭدى	باسىپ	41
وزىڭدى	ساعىندىم	51
وزىڭدى	ەرەكشە	45
وزىڭدى	سۇيەم	51
وزىڭدى	سۇيەمىن	49
وزىڭدى	كورگىم	38
مەيلى	عوي	42
مەيلى	جانىم	23
مەيلى	مەن	23
مەيلى	دەپ	41
مەيلى	نە	48
مەيلى	سەن	52
مەيلى	وندا	44
مەيلى	قالاي	21
مەيلى	بىراق	46
مەيلى	ۇزىڭ	45
مەيلى	قانداي	51
مەيلى	ەدى	40
مەيلى	وزىڭ	29
ءان	عوي	51
ءان	جوق	42
ءان	ەكەن	53
ءان	بار	21
ءان	بولسا	42
ءان	ايت	21
ءان	ايتىپ	54
ءان	بارما	15
ءان	جولداپ	51
ءان	ايتقان	31
ءان	سالىپ	50
ءان	قويىپ	47
ءان	ايتشى	51
ءان	ەستىپ	51
ءان	توپ	42
ءان	ايتاتىن	50
ءان	تاماعىڭ	45
ءان	تىڭداپ	41
وتىپ	جاتىر	20
وتىپ	تۇر	20
وتىپ	كەت	54
وتىپ	كەتتى	35
وتىپ	كەتىپ	14
وتىپ	كەتتىم	43
وتىپ	بارا	40
وتىپ	جاتقان	41
وتىپ	كەتكەن	37
وتىپ	كەتەدى	17
وتىپ	بارادى	15
وتىپ	كەتىپتى	49
وتىپ	كەتەتىن	32
وتىپ	كەتسە	40
وتىپ	كەتپتى	30
وتىپ	كەتەسىڭ	43
وتىپ	كەتسىن	40
وتىپ	كەتتىك	51
وتىپ	كەتسەم	55
وتىپ	كەتپەسىن	50
وتىپ	كەتەر	48
ەكەۋىڭ	جاقسى	39
ەكەۋىڭ	بىر	34
ەكەۋىڭ	نە	23
ەكەۋىڭ	كەلىپ	49
ەكەۋىڭ	بارىپ	50
ەكەۋىڭ	ەكى	48
ەكەۋىڭ	مەنى	30
ەكەۋىڭ	بىرگە	49
ەكەۋىڭ	عانا	24
ەكەۋىڭ	كەلىڭدەر	20
باقتتى	بول	54
باقتتى	بولسىن	10
باقتتى	بولىپ	13
باقتتى	بولسا	25
باقتتى	بولا	51
باقتتى	بوپ	48
باقتتى	بولساڭ	51
باقتتى	بولىڭدار	36
باقتتى	بولايىق	11
باقتتى	بولىڭىز	54
باقتتى	بولىڭىزدار	49
باقتتى	بولڭدار	32
مالعا	بارىپ	43
مالعا	كىم	28
مالعا	كەتىپ	53
مالعا	شىعىپ	45
مالعا	قاراپ	32
مالعا	جاي	9
مالعا	بارايىن	47
مالعا	شعىپ	47
مالعا	شىقتىم	47
مالعا	جەم	52
مالعا	شوپ	23
مالعا	شىعايىن	24
مالعا	قارايتىن	46
مالعا	شعايىن	34
مالعا	تولسىن	55
مالعا	قاراسىپ	35
ەلگە	ايتىپ	55
ەلگە	اقشا	41
ەلگە	بەرىپ	45
ەلگە	بەرە	29
ەلگە	قاراپ	54
ەلگە	سويلەپ	50
ەلگە	بەرەتىن	54
ەلگە	بەرگەن	53
ەلگە	قارىز	42
ەلگە	كۇلكى	43
بولدىڭبا	جانىم	32
بولدىڭبا	نە	14
بولدىڭبا	سوندا	55
شۇنگە	بىر	45
شۇنگە	ادام	53
شۇنگە	نەگە	39
شۇنگە	ايتىپ	52
شۇنگە	جولداپ	45
شۇنگە	قاراپ	15
شۇنگە	قوسىپ	51
شۇنگە	سويلەپ	18
شۇنگە	شىعارىپ	37
شۇنگە	سۇيلەپ	36
شۇنگە	كىرىپ	39
شۇنگە	جازىپ	27
شۇنگە	شعارىپ	45
شۇنگە	جولداي	53
شۇنگە	قوسا	44
شۇنگە	قوسىلىپ	54
سونىڭ	بىر	25
سونىڭ	بارى	51
سونىڭ	ۇزى	33
سونىڭ	وزى	38
سونىڭ	بارىن	38
سونىڭ	اقشاسىن	19
سونىڭ	ىشىندە	40
سونىڭ	الدىندا	39
سونىڭ	ۇيىنە	54
سونىڭ	بارىنە	48
سونىڭ	قاسىندا	50
سونىڭ	اراسىنشا	43
جۇمس	جوق	52
جۇمس	ەكەن	19
جۇمس	بار	49
جۇمس	بولسا	19
جۇمس	قالاي	18
جۇمس	بارما	54
جۇمس	كوپ	39
جۇمس	ىستەپ	45
جۇمس	تاۋىپ	21
جۇمس	كۇپ	39
جۇمس	ستەپ	55
جۇمس	شعىپ	15
جىگىتتەر	مەن	49
جىگىتتەر	بار	49
جىگىتتەر	كەلىپ	43
جىگىتتەر	ەرتەڭ	45
جىگىتتەر	بولسا	53
جىگىتتەر	قايىرلى	22
جىگىتتەر	بارما	44
جىگىتتەر	قىزدار	20
جىگىتتەر	ايتتارىڭ	21
جىگىتتەر	امانسىڭدارما	49
جىگىتتەر	قالدارىڭ	35
جۇمسقا	كەلىپ	24
جۇمسقا	بارىپ	45
جۇمسقا	كەتتى	37
جۇمسقا	كەتىپ	50
جۇمسقا	كەتتىم	31
جۇمسقا	شىعىپ	46
جۇمسقا	بارام	14
جۇمسقا	بارايىن	48
جۇمسقا	شعىپ	53
جۇمسقا	شىعام	18
جۇمسقا	شىقتىڭبا	48
جۇمسقا	شىعامىن	36
جۇمسقا	شىعايىن	48
جۇمسقا	شعام	53
جۇمسقا	شعايىن	43
جۇمسقا	شعامىن	55
جۇمسقا	شقتڭبا	49
شىعاتىن	بولدى	54
شىعاتىن	بىر	25
شىعاتىن	بولىپ	39
شىعاتىن	ادام	37
شىعاتىن	بولسا	23
شىعاتىن	ەكى	51
شىعاتىن	شىعار	38
شىعاتىن	كەزدە	17
شىعاتىن	ۋاقىت	31
شىعاتىن	بولدىم	47
شىعاتىن	جەر	29
شىعاتىن	ماشينا	53
شىعاتىن	سياقتى	44
شىعاتىن	كىسىلەر	54
شىعاتىن	كولىك	42
شىعاتىن	جولاۋشىلار	15
شىعاتىن	بولدىق	11
شىعاتىن	شىعارسىڭ	34
شىعاتىن	بولدىڭبا	46
شىعاتىن	كۇلىك	53
شىعاتىن	گۇل	47
قويعا	بارىپ	51
قويعا	دارى	20
قويعا	جەم	19
قويعان	عوي	23
قويعان	جوق	30
قويعان	جاقسى	20
قويعان	بولدى	51
قويعان	ەكەن	50
قويعان	ادام	22
قويعان	سوڭ	54
قويعان	شىعار	21
قويعان	ەدىم	38
قويعان	ەكەنسىڭ	35
قويعان	سياقتى	46
قويعان	شىعارسىڭ	48
قويعان	جوقپا	51
قويعان	جەرىم	53
قويعان	جوقسىڭبا	49
الاسىڭ	عوي	38
الاسىڭ	جانىم	14
الاسىڭ	مەن	28
الاسىڭ	دەپ	50
الاسىڭ	دەيدى	29
شعارىپ	جاتىر	49
شعارىپ	قوي	27
شعارىپ	الىپ	30
شعارىپ	جاتىرمىن	44
شعارىپ	وتىر	54
شعارىپ	بەرەيىن	53
شعارىپ	قويدىم	47
شعارىپ	جاتقان	21
شعارىپ	قويايىن	38
شعارىپ	قويپتى	41
الدىق	جانىم	33
الدىق	دەپ	30
الدىق	ەندى	31
الدىق	راحىمەت	42
الدىق	قوي	40
الدىق	دەيدى	18
الدىق	ۇيگە	50
الدىق	امان	39
يەبىلايدە	جانىم	51
يەبىلايدە	مەن	12
يەبىلايدە	جاقسى	51
يەبىلايدە	وندا	40
يەبىلايدە	مەندە	33
يەبىلايدە	جارايدى	54
يەبىلايدە	دوسىم	19
بۇيرسا	جانىم	54
بۇيرسا	جاقسى	43
بۇيرسا	بىر	54
بۇيرسا	سول	42
بۇيرسا	ەندى	51
بۇيرسا	ەرتەڭ	45
بۇيرسا	بارى	19
بۇيرسا	بارىپ	46
بۇيرسا	وسى	53
بۇيرسا	تاعى	52
بۇيرسا	تاڭەرتەڭ	51
بۇيرسا	بارام	48
بۇيرسا	بارامىن	46
بۇيرسا	بارامىز	31
شىپيىڭ	ال	20
شىپيىڭ	الماي	50
شىپيىڭ	جولداپ	50
شىپيىڭ	اش	46
شىپيىڭ	اشىپ	48
شىپيىڭ	قىل	33
شىپيىڭ	قىلىپ	42
شىپيىڭ	ۇر	19
شىپيىڭ	ۇرىپ	40
شىپيىڭ	المايسىڭ	26
شىپيىڭ	ۇرسام	34
شىپيىڭ	الشى	23
شىپيىڭ	ۇرايىن	47
شىپيىڭ	قىلايىن	14
شىپيىڭ	جالعاپ	39
شىپيىڭ	جالعايىن	42
شىپيىڭ	ۇرىپتى	45
شىپيىڭ	ۇرام	48
شىپيىڭ	اشايىن	49
شىپيىڭ	ۇرشى	40
شىپيىڭ	قىلسام	53
شىپيىڭ	جولداسام	42
شىپيىڭ	ۇرايىنبا	31
شىپيىڭ	اشسام	35
شىپيىڭ	اشايىنبا	53
شىپيىڭ	ۇرىپسىڭ	27
شىپيىڭ	قىلايىنبا	51
ايلىق	جوق	45
ايلىق	الى	38
ايلىق	الىپ	54
ايلىق	قانشا	40
ايلىق	بەرىپ	32
ايلىق	جۇمىس	49
ايلىق	بەرەدى	37
ايلىق	بەرسە	45
ايلىق	بەرگەن	54
ايلىق	بەرمەي	53
ايلىق	شىعادى	48
ايلىق	شىقتى	48
ايلىق	شىققان	53
ايلىق	شىقپاي	49
ايلىق	شىققاندا	42
ايلىق	شىقسا	14
ايلىق	ۇرادى	46
ايلىق	شققاندا	52
ايلىق	شىقاندا	50
ايلىق	تيگەندە	51
ايلىق	شىققانشا	43
الپ	ال	50
الپ	كەل	22
الپ	كەت	47
الپ	كەتتى	48
الپ	بەر	45
الپ	بەرەيىن	50
الپ	بەرەم	47
الپ	الپ	46
قالدىما	جانىم	53
قالدىما	دەپ	24
قالدىما	جوق	13
قالدىما	ەكەن	46
قالدىما	نە	50
قالدىما	دەسەم	41
قالدىما	دەگەنىم	22
باياعى	مەن	43
باياعى	بىر	45
باياعى	سول	45
باياعى	قاربالاس	21
باياعى	جۇمىس	51
بارماي	جاتىر	51
بارماي	قوي	33
بارماي	تۇر	34
بارماي	قالدى	22
بارماي	اق	36
بارماي	قالدىم	15
بارماي	قويدى	42
بارماي	قويدىم	18
بارماي	تۇرىپ	29
بارماي	جاتىپ	43
بارماي	قويايىن	43
بارماي	قويدىڭ	45
بارماي	قويعام	41
بارماي	قويسام	45
بارمايمىن	عوي	44
بارمايمىن	جانىم	20
بارمايمىن	دەپ	35
بارمايمىن	بولدى	15
بارمايمىن	سەن	30
بارمايمىن	ەندى	52
بارمايمىن	دەيدى	51
بارمايمىن	دەگەن	19
بارمايمىن	دەسەم	51
بارمايمىن	دەدىم	43
ءيا	جانىم	33
ءيا	سالەم	16
ءيا	جاقسى	52
ءيا	سول	33
ءيا	ماقۇل	38
ءيا	وندا	17
ءيا	بولادى	49
ءيا	جارايدى	49
ءيا	امانشىلىق	48
ءيا	ءيا	53
ورنى	جوق	43
ورنى	جاقسى	45
ورنى	بار	46
ورنى	قاي	23
ورنى	قايدا	17
ورنى	قالدى	19
ورنى	قابا	18
ورنى	التاي	43
ورنى	بولەك	48
ورنى	قايجەردە	40
ورنى	كۇنەس	36
ورنى	تەكەس	37
ورنى	مۇڭعۇلكۇرە	40
ورنى	كۇنەستە	45
ورنى	نىلقى	51
ورنى	موري	42
ورنى	شونجى	51
ورنى	توعىزتاراۋ	40
ورنى	قابادا	51
جاقسىز	مەن	41
جاقسىز	نەعىپ	40
جاقسىز	راحىمەت	53
جاقسىز	ماقۇل	49
جاقسىز	بۇگىن	47
جاقسىز	اعا	54
جاقسىز	جەجە	26
جاقسىز	امانسىزبا	16
جاقسىز	دار	49
جاقسىز	ايتىڭىز	39
جاقسىز	جەڭگە	51
جاقسىز	تاتە	31
جاقسىز	دەنساۋلىعىڭىز	51
وڭباعان	ەكەن	42
وڭباعان	سول	49
وڭباعان	ادام	8
وڭباعان	ەكەنسىڭ	47
وڭباعان	وڭباعان	38
بولمادى	عوي	20
بولمادى	جانىم	12
بولمادى	دەپ	19
بولمادى	سول	40
نەدەپ	جاتىر	52
نەدەپ	جاتىرمىن	19
نەدەپ	ايتىپ	40
نەدەپ	وتىر	46
نەدەپ	ايتتىڭ	41
نەدەپ	كەتتىڭ	50
نەدەپ	ايتام	19
نەدەپ	ويلاپ	20
نەدەپ	ەدىڭ	38
نەدەپ	جازىپ	52
نەدەپ	وتىرسىڭ	52
نەدەپ	ايتادى	46
نەدەپ	جاۋاپ	48
نەدەپ	ايتاسىڭ	41
نەدەپ	ايتامىن	44
نەدەپ	ويلادى	42
نەدەپ	ويلايدى	51
كورەم	عوي	29
كورەم	جانىم	12
كورەم	دەپ	15
كورەم	سەنى	18
كورەم	دەيدى	31
كورەم	دەگەن	43
كورەم	بىراق	50
كورەم	ەمەسپە	48
كىشكەنە	عوي	54
كىشكەنە	دەپ	36
كىشكەنە	جاقسى	52
كىشكەنە	ەكەن	49
كىشكەنە	بىر	25
كىشكەنە	بولىپ	50
كىشكەنە	بالا	29
كىشكەنە	ماشينا	18
كىشكەنە	قىز	20
كىشكەنە	بولسادا	40
كىشكەنە	كەزىندە	54
ەكىنشى	ايت	44
ەكىنشى	كۇنى	19
ەكىنشى	شاي	28
ەكىنشى	ايتا	40
ەكىنشى	ايىت	46
ەكىنشى	قول	40
ەكىنشى	ايدىڭ	20
ەكىنشى	جولى	50
ەكىنشى	ايدا	50
ەكىنشى	رەت	47
ەكىنشى	ايتتا	24
ەكىنشى	قابات	29
ەكىنشى	ماسەلە	37
ەكىنشى	ۇشىنشى	52
ەكىنشى	قاباتقا	45
ەكىنشى	قاباتتا	54
ارزان	عوي	44
ارزان	دەپ	30
ارزان	ەكەن	42
ارزان	بولىپ	13
ارزان	بولسا	31
ارزان	بولادى	27
ارزان	ۇي	44
ارزان	بولسادا	49
ارزان	تەمەكى	45
ارزان	باعادا	46
ارزان	بازار	19
شەشە	مەن	53
شەشە	دەپ	30
شەشە	نەعىپ	23
شەشە	دەگەن	38
شەشەم	مەن	35
شەشەم	دەپ	44
شەشەم	جوق	50
شەشەم	بار	39
شەشەم	كەلىپ	18
شەشەم	تەلەفون	52
شەشەم	امان	47
شەشەم	اۋىرىپ	53
شەشەم	ەكەمىز	22
شەشەم	قايتىس	39
جۇرمە	جانىم	46
جۇرمە	دەپ	26
جۇرمە	ەكەن	21
جۇرمە	كىم	42
جۇرمە	ايتەۋ	43
جۇرمە	دەسەم	50
كەتپ	قالدى	52
كەتپ	قالدىم	17
كەتپ	بارام	26
كەتپ	قالعان	23
كەتپتى	عوي	26
كەتپتى	دەپ	10
كەتپتى	دەيدى	29
كەتپتى	سونى	31
ەكەنى	راس	49
ەكەنى	بەلگىسىز	14
ەكەنىن	مەن	14
ەكەنىن	ەندى	46
ەكەنىن	ايتىپ	47
ەكەنىن	كىم	51
ەكەنىن	قايدان	51
ەكەنىن	بىلمەي	27
ەكەنىن	بىلمەيمىن	24
ەكەنىن	بىلە	18
ەكەنىن	بىلەدى	51
ەكەنىن	بىلەم	45
ەكەنىن	ۇمىتىپ	35
ەكەنىن	بىلىپ	45
ەكەنىن	بىلەسىڭ	23
ەكەنىن	بىلمەدىم	29
ەكەنىن	بىلدىم	29
ەكەنىن	بىلەمىن	40
ەكەنىن	بىلمەيىم	40
ەكەنىن	بىلمەيدى	51
ەكەنىن	بىلەسىڭبە	46
تۇسكى	سالەم	52
تۇسكى	تاماق	51
تۇسكى	شاي	9
تۇسكى	اس	19
تۇسكى	دەمالىس	42
تۇسكى	تاماققا	39
تۇسكى	اسىڭ	23
تۇسكى	تاماقتى	11
تۇسكى	تاماعىڭدى	21
تۇسكى	تاماعىن	20
تۇسكى	شايدى	34
تۇسكى	استارىڭ	43
تۇسكى	شايعا	17
تۇسكى	شايىڭدى	48
تۇسكى	استارىڭىز	43
تۇسكى	دەمالستا	21
تۇسكى	تاماقتان	38
تۇسكى	دەمالىستا	46
تۇسكى	اسىڭىز	47
تۇسكى	اسىڭدى	46
اسسالام	جاقسى	48
اسسالام	راحىمەت	27
اسسالام	ماقۇل	48
اسسالام	بىرگە	50
اسسالام	دوسىم	33
اسسالام	امانشىلىق	41
اسسالام	ايتقانىڭ	16
اسسالام	باۋىرىم	52
اسسالام	ماعالايكۇم	14
تەلەپون	كەلىپ	38
تەلەپون	نەگە	45
تەلەپون	الماي	53
تەلەپون	كورىپ	29
تەلەپون	كۇرىپ	46
تەلەپون	ۇر	53
تەلەپون	ۇرىپ	42
تەلەپون	المايسىڭ	18
تەلەپون	سوعىپ	42
تەلەپون	توقتاپ	27
تەلەپون	نومىرىن	41
تەلەپون	نۇمىرىن	47
تەلەپون	ۇرسام	51
تەلەپون	ۇرىپتى	30
تەلەپون	سوق	36
تەلەپون	سوقسام	47
تۇرسا	جانىم	53
تۇرسا	مەن	52
تۇرسا	دەپ	41
تۇرسا	جاقسى	50
تۇرسا	بولدى	30
تۇرسا	نە	22
تۇرسا	بولادى	49
تۇرسا	نەگە	38
تۇرسا	ول	53
تۇرسا	قايتىپ	50
تۇرسا	قايتەم	24
كۇرە	عوي	41
كۇرە	بەر	24
كۇرە	الماي	20
كۇرە	المايسىڭ	11
كۇرە	المادىم	36
كۇرە	المايدى	19
كۇرە	المايتىن	19
كۇرەيىن	جانىم	31
كۇرەيىن	دەپ	31
كۇرەيىن	دەيدى	13
كۇرەيىن	بولاما	43
كۇرەيىن	دەسەم	52
كۇرەيىن	دەگەم	31
كۇرەيىن	دەگەنىم	40
ايبەت	بولدى	50
ايبەت	ەكەن	45
ايبەت	بولىپ	9
ايبەت	قوي	20
ايبەت	بولادى	28
ايبەت	بوپ	35
ايبەت	جەر	46
ايبەت	بولىپتى	51
ايبەت	بوپتى	19
ايبەت	بولپتى	45
بەرەسىڭ	عوي	49
بەرەسىڭ	جانىم	13
بەرەسىڭ	مەن	25
بەرەسىڭ	دەپ	47
بەرەسىڭ	ماعان	31
بەرەسىڭ	دەيدى	46
بەرەسىڭ	سوندا	49
بۇكىن	بىر	53
بۇكىن	نە	24
بۇكىن	تاعى	46
بۇكىن	كەشتە	41
الامىز	عوي	44
الامىز	جانىم	16
الامىز	دەپ	48
الامىز	دەيدى	15
الامىز	دەگەن	20
الامىز	توردەن	33
كۇنگە	جاقسى	51
كۇنگە	بىر	49
كۇنگە	عانا	52
كۇنگە	دەيىن	51
كۇنگە	دەم	18
كۇنگە	كۇيىپ	51
كۇنگە	تارايدى	48
كۇنگە	جەتكىزسىن	38
كۇنگە	تاراپتى	21
ۇتىپ	جاتىر	51
ۇتىپ	الىپ	21
ۇتىپ	تۇر	48
ۇتىپ	كەت	52
ۇتىپ	كەتتى	34
ۇتىپ	كەتى	14
ۇتىپ	كەتىپ	50
ۇتىپ	كەتتىم	44
ۇتىپ	بارا	41
ۇتىپ	جاتقان	45
ۇتىپ	كەتكەن	40
ۇتىپ	كەتەدى	19
ۇتىپ	بارادى	15
ۇتىپ	كەتىپتى	46
ۇتىپ	كەتەتىن	38
ۇتىپ	كەتسە	40
ۇتىپ	كەتپتى	29
ۇتىپ	كەتەسىڭ	39
ۇتىپ	كەتسىن	38
ۇتىپ	كەتسەم	51
ۇتىپ	كەتەر	50
تۋعان	جوق	45
تۋعان	قوي	35
تۋعان	كۇن	41
تۋعان	دوس	28
تۋعان	كۇنى	30
تۋعان	جەر	14
تۋعان	كۇنىڭ	31
تۋعان	كۇنىم	13
تۋعان	كەڭ	37
تۋعان	جەردىڭ	18
تۋعان	جەرىم	47
تۋعان	كۇنىڭىز	43
تۋعان	كۇنىڭمەن	39
تۋعان	كۇنىن	47
سەنىم	جوق	42
سەنىم	ارتىپ	8
سەنىمەن	بىر	18
سەنىمەن	بىرگە	28
سەنىمەن	عانا	13
سەنىمەن	توي	32
سەنىمەن	اڭگىمە	33
سەنىمەن	كەزىگىپ	32
سەنىمەن	سويلەسىپ	52
سەنىمەن	كەتسىن	50
سەنىمەن	سۇيلەسىپ	42
سەنىمەن	ەرىپ	50
سەنىمەن	ارالاسىپ	48
سەنىمەن	اڭگىمەلەسىپ	51
سەنىمەن	قاتسى	52
سەنىمەن	قاتىسى	53
جۇرەتىن	بولدى	33
جۇرەتىن	بىر	36
جۇرەتىن	بولىپ	37
جۇرەتىن	ادام	44
جۇرەتىن	شىعار	30
جۇرەتىن	كەزدە	47
جۇرەتىن	ەدىم	41
جۇرەتىن	بولدىم	43
جۇرەتىن	ماشينا	25
جۇرەتىن	بولدىڭ	20
جۇرەتىن	كولىك	38
جۇرەتىن	جولاۋشىلار	13
جۇرەتىن	بولدىق	19
جۇرەتىن	كۇلىك	28
جۇرەتىن	قاتىناس	32
ۇقسايدى	عوي	53
ۇقسايدى	دەپ	14
ۇقسايدى	ەكەن	40
تابىس	سيلاسىن	15
تابىس	مول	15
تابىستى	بولسىن	7
تابىستى	وت	3
تابىستى	دەنساۋلىعىڭ	45
تابىستى	كۇندەرى	51
تابىستى	كۇندەرىڭ	50
تابىستى	كۇندەرىڭىز	18
تابىستى	بولاشاعى	36
تابىستى	بولاشاعىڭ	14
شال	مەن	25
شال	جوق	45
شال	ەكەن	34
شال	بار	45
شال	بولىپ	24
شال	قايدا	46
شال	تاۋىپ	38
شال	بولعاندا	44
شال	شال	44
شال	كەمپىر	35
شالىڭ	جوق	23
شالىڭ	نە	31
شالىڭ	نەعىپ	37
شالىڭ	بار	28
شالىڭ	كەلىپ	33
شالىڭ	قايدا	29
شالىڭ	بارما	10
شالىڭ	قاشان	17
شالىڭ	قانداي	49
شالىڭ	ەكەۋىڭ	44
شالىڭ	كەلدىمە	44
كەلەيىن	جانىم	35
كەلەيىن	دەپ	29
كەلەيىن	وندا	8
كەلەيىن	دەيدى	47
كەلەيىن	دەگەن	38
كەلەيىن	بولاما	48
كەلەيىن	دەسەم	52
كەلەيىن	دەگەم	25
كەلەيىن	دەسەڭ	20
قيمىل	ەكەن	53
قيمىل	بار	47
قيمىل	بولىپ	27
قيمىل	الىپ	38
قيمىل	بارما	43
قيمىل	يۋان	43
قيمىل	كەلدى	50
قيمىل	باعا	49
قيمىل	باعاسى	16
قيمىل	قيمىل	35
قيمىل	باعادا	41
قيمىل	ۋاقىتى	8
قيمىل	باستالدى	45
قيمىل	سوما	50
قالات	دەپ	47
قالات	ەكەن	17
قالاتىن	بولدى	17
قالاتىن	بولىپ	15
قالاتىن	ادام	34
قالاتىن	ەدى	50
قالاتىن	شىعار	50
قالاتىن	ەدىم	14
قالاتىن	بولدىم	37
قالاتىن	سياقتى	18
قالاتىن	قۇساپ	21
قالاتىن	بولدىڭ	40
قالاتىن	شعار	34
قالاتىن	بولدىق	42
قالاتىن	شىعارسىڭ	40
قالاتىن	ۇقسايدى	46
قالاتىن	وقشايدى	41
قالاتىن	شىعارمىن	52
قالاتىن	سياقتىمىن	36
قالاتىن	ۇقسايمىن	33
قالاتىن	وقشايمىن	39
دالا	سۋىق	50
دالاعا	بارىپ	18
دالاعا	شىعىپ	19
دالاعا	سويلەپ	11
دالاعا	تاستاپ	34
دالاعا	شىعارىپ	38
دالاعا	سۇيلەپ	42
دالاعا	شعىپ	43
دالاعا	وتىرىپ	19
دالاعا	شىق	53
دالاعا	شىققاندا	45
دالاعا	شىعايىن	47
دالاعا	شىقسام	51
دالاعا	شىقشى	49
ەەبىلايدە	جانىم	50
ەەبىلايدە	مەن	12
ەەبىلايدە	جاقسى	53
ەەبىلايدە	وندا	39
ەەبىلايدە	جارايدى	40
ەەبىلايدە	دۇرىس	17
جوعارى	عوي	29
جوعارى	ەكەن	45
جوعارى	بىر	17
جوعارى	بولىپ	28
جوعارى	بولسا	29
جوعارى	بارىپ	26
جوعارى	بولادى	50
جوعارى	ەمەس	40
جوعارى	زات	51
جوعارى	جاقتا	52
جوعارى	بىرتوپ	40
جوعارى	سورتتى	51
جولىڭ	بولسىن	52
جولىڭ	اشىق	3
جاتا	عوي	10
جاتا	سال	19
جاتا	تۇر	31
جاتا	قال	45
جاتا	بەر	25
جاتا	الماي	15
جاتا	قالدىم	31
جاتا	بەرەيىن	36
جاتا	بەرەم	32
جاتا	بەرەدى	30
جاتا	بەرسىن	32
جاتا	قالىپ	31
جاتا	بەرەتىن	52
جاتا	المايمىن	39
جاتا	بەرسە	50
جاتا	بەرسەڭ	51
جاتا	بەرمەي	35
جاتا	سالايىن	42
جاتا	قالسام	47
جاتا	تۇرايىن	43
جاتا	بەرىڭدەر	50
جاتا	قالايىن	46
جاتا	بەرگىم	33
جاتا	قالعىم	41
قالما	جانىم	48
قالما	مەن	14
قالما	دەپ	41
قالما	دوسىم	28
قالما	بولاما	50
قالما	ايتەۋ	30
قالما	دەنساۋلىعىڭا	46
ساۋدا	جوق	38
ساۋدا	جاقسى	18
ساۋدا	قالاي	20
ساۋدا	دەگەن	21
ساۋدا	قانداي	51
ساۋدا	ىستەپ	34
ساۋدا	جاساپ	19
ساۋدا	ستەپ	37
ساۋدا	بوس	43
ساۋدا	كۇسەت	52
ساۋدا	توبىنا	9
ساۋدا	توپتارىنا	44
بولىڭدار	جانىم	35
بولىڭدار	دەپ	40
بولىڭدار	دوسىم	39
بولىڭدار	جاندارىم	41
بولىڭدار	قوساقتارىڭمەن	15
قور	بولىپ	14
قورقىپ	تۇر	13
قورقىپ	جاتىرمىن	52
قورقىپ	وتىر	22
قورقىپ	وتىرمىن	44
قورقىپ	جۇر	17
قورقىپ	كەتتىم	48
قورقىپ	قالدىم	24
قورقىپ	جۇرمىن	18
قورقىپ	تۇرمىن	33
قورقىپ	قالدىڭبا	15
قورقىپ	وتىرسىڭ	46
قورقىپ	تۇرسىڭ	53
قورقىپ	وتىرسىڭبا	53
قورقىپ	تۇرسىڭبا	50
قورقىپ	تۇرعام	42
وراي	عوي	48
وراي	جوق	44
وراي	ەكەن	16
وراي	بار	40
وراي	بولىپ	25
وراي	كەلىپ	39
وراي	بولسا	53
وراي	ەكى	14
وراي	بارما	27
وراي	كوپ	23
وراي	بەر	48
وراي	بەرىپ	37
وراي	كەلدى	42
وراي	تاۋىپ	48
وراي	بولماي	48
وراي	بەرشى	34
وراي	بەرسەڭ	27
وراي	بەردىم	51
وراي	بولعاندا	50
وراي	بولمادى	44
وراي	جاراتىپ	48
وراي	جاراتشى	38
ۇيىندە	جوق	49
ۇيىندە	ەكەن	43
ۇيىندە	بىر	24
ۇيىندە	جاتىر	52
ۇيىندە	ادام	47
ۇيىندە	جاتىرمىن	50
ۇيىندە	تاماق	44
ۇيىندە	وتىرمىن	29
ۇيىندە	شاي	17
ۇيىندە	وتىرمىز	30
مول	بولسىن	46
مول	ەكەن	5
مول	اقشا	50
مول	دەنساۋلىق	50
مول	تابىس	23
مول	بايلىق	28
مول	جاقسىلىقتار	51
مول	نەسىبە	45
الدا	عوي	32
الدا	بىر	36
الدا	كەلە	33
الداپ	نە	12
الداپ	قوي	52
الداپ	الىپ	37
الداپ	وتىر	40
الداپ	كەتتى	48
الداپ	جۇر	40
الداپ	قويدىم	38
الداپ	كەتتىڭ	48
الداپ	قويىپ	43
الداپ	كەتكەن	41
الداپ	جۇرگەن	50
الداپ	كەتەدى	36
الداپ	جۇرسىڭ	50
الداپ	تۇرعان	40
الداپ	وتىرسىڭ	44
الداپ	تۇرسىڭ	51
الداپ	قويساڭ	46
الداپ	سۋلاپ	52
ءدام	تارتسا	20
ءدام	تاتىپ	9
ءدامدى	بولسىن	13
ءدامدى	كۇندەرىڭ	4
ءدامدى	كۇندەرىڭىز	18
ءدامدى	سىڭىمدى	45
ادامدا	جوق	9
ادامدا	بىر	14
ادامدا	بار	22
ادامدار	عوي	23
ادامدار	ەكەن	32
ادامدار	بىر	22
ادامدار	نە	52
ادامدار	بار	51
ادامدار	كەلىپ	17
ادامدار	بولسا	39
ادامدار	ەمەس	26
ادامدار	بارما	49
ادامدار	كوپ	41
ياما	جانىم	36
ياماقۇل	جانىم	10
ياماقۇل	راحىمەت	12
ياماقۇل	بولادى	36
ياماقۇل	جارايدى	47
جەرى	عوي	14
جەرى	جوق	49
جەرى	جاقسى	19
جەرى	ەكەن	30
جەرى	سول	42
جەرى	بار	50
جەرى	بولسا	14
جەرى	قالدى	28
جەرى	بارما	51
جەرى	قانشا	33
جەرى	تاعى	37
جەرى	اۋىرىپ	31
جەرى	قيىن	43
جەرى	جامان	39
جەرى	جايلى	43
جەرى	جاناتتا	47
سوسىن	مەن	23
سوسىن	بىر	30
سوسىن	سەن	49
سوسىن	مەندە	53
سوسىن	ماعان	44
سوسىن	ساعان	53
تەگى	جاقسى	50
تەگى	بىر	50
تەگى	نە	43
قاشىپ	تۇر	47
قاشىپ	كەتتى	42
قاشىپ	كەتىپ	18
قاشىپ	جۇر	29
قاشىپ	كەتتىم	31
قاشىپ	كەتتىڭ	48
قاشىپ	كەتكەن	25
قاشىپ	جۇرگەن	27
قاشىپ	كەتەدى	44
قاشىپ	جۇرسىڭ	34
قاشىپ	كەتىپتى	39
قاشىپ	كەتەم	41
قاشىپ	كەتەتىن	47
قاشىپ	تۇرسىڭ	50
قاشىپ	كەتپتى	40
قاشىپ	كەتەيىن	48
قاشىپ	كەتەسىڭ	47
قاشىپ	پىسىپ	51
قاشىپ	قۇتىلا	51
تاپ	مەن	52
تاپ	دەپ	33
تاپ	بىر	19
تاپ	سول	49
تاپ	ەندى	52
تاپ	بۇگىن	37
تاپ	وسى	41
تاپ	دەيدى	50
تاپ	تاتتى	46
تاپ	تاتتىم	13
تاپ	تازا	45
تاپ	تاۋىر	15
قۇشاق	جايا	35
قۇشاقتاپ	بىر	9
قۇشاقتاپ	جات	47
قۇشاقتاپ	الىپ	36
قۇشاقتاپ	قويشى	51
قۇشاقتاپ	ۇيقتاپ	52
قۇشاقتاپ	تۇرىپ	43
قۇشاقتاپ	جاتىپ	44
قۇشاقتاپ	قويايىن	27
قۇشاقتاپ	سۇيىپ	42
قۇشاقتاپ	جاتا	15
قۇشاقتاپ	جاتسام	40
قۇشاقتاپ	جاتايىن	19
قۇشاقتاپ	جاتام	37
قۇشاقتاپ	جاتاتىن	31
قۇشاقتاپ	يسكەپ	46
قۇشاقتاپ	العىم	36
قۇشاقتاپ	جاتقىم	39
كەتەيىن	جانىم	27
كەتەيىن	دەپ	29
كەتەيىن	بولدى	9
كەتەيىن	وندا	50
كەتەيىن	دەيدى	45
كەتەيىن	دەگەن	48
كەتەيىن	بولاما	50
كەتەيىن	دەسەم	51
كەتەيىن	دەدىم	16
كەتەيىن	دەگەم	52
تاماققا	ەندى	20
تاماققا	بارىپ	44
تاماققا	كەتتى	34
تاماققا	كەتىپ	48
تاماققا	كەلدىم	49
تاماققا	شاقىرىپ	37
تاماققا	كەلدىك	21
تاماققا	شاقىرعان	41
تاماققا	دايىندىق	17
تاماققا	تويىپ	29
تاماققا	شاقىرىپتى	35
تاماققا	شاقىردى	18
تاماققا	شاقىرپتى	46
تاماققا	تابەتى	51
دەكەن	عوي	50
دەكەن	جوق	35
دەكەن	جاقسى	37
دەكەن	بىر	49
دەكەن	سول	47
دەكەن	نە	35
دەكەن	ادام	37
دەكەن	وسى	51
دەكەن	سوڭ	37
دەكەن	سۇز	19
شىققان	عوي	28
شىققان	جوق	52
شىققان	ەكەن	15
شىققان	ادام	37
شىققان	كۇنى	48
شىققان	سوڭ	33
شىققان	شىعار	14
شىققان	كەزدە	48
شىققان	تىلەكتەر	33
ۇيرەنىپ	جاتىر	13
ۇيرەنىپ	ال	33
ۇيرەنىپ	الىپ	28
ۇيرەنىپ	جاتىرمىن	38
ۇيرەنىپ	قالدى	19
ۇيرەنىپ	الدىم	52
ۇيرەنىپ	كەتتىم	51
ۇيرەنىپ	قالدىم	34
ۇيرەنىپ	جۇرمىن	33
ۇيرەنىپ	الايىن	50
ۇيرەنىپ	قالعان	46
ۇيرەنىپ	جاتقان	30
ۇيرەنىپ	كەتكەن	50
ۇيرەنىپ	العان	38
ۇيرەنىپ	كەتەدى	33
ۇيرەنىپ	قالىپپىن	40
ۇيرەنىپ	الساڭ	39
ۇيرەنىپ	جاتىرسىڭبا	47
ۇيرەنىپ	قالدىق	47
ۇيرەنىپ	الاسىڭ	49
ۇيرەنىپ	كەتەسىڭ	51
ۇيرەنىپ	كەتتىك	18
ۇيرەنىپ	كەتكەم	49
سالشى	جانىم	52
سالشى	مەن	19
سالشى	دەپ	39
سالشى	بولدى	43
سالشى	بولاما	36
سالشى	رەنجىمەي	26
اكەم	مەن	48
اكەم	جوق	30
اكەم	بار	43
اكەم	كەلىپ	29
اكەم	قايدا	51
اكەم	تەلەفون	50
اكەم	اۋىرىپ	49
اكەم	ەكەمىز	32
اكەم	باسى	47
اكەم	شەشەم	51
اكەم	قايتىس	24
اكەم	قايتامىن	38
اكەم	باسىنا	50
كەتەسىڭ	عوي	52
كەتەسىڭ	جانىم	12
كەتەسىڭ	مەن	19
كەتەسىڭ	دەپ	51
تۇرما	جانىم	37
تۇرما	دەپ	18
تۇرما	جوق	24
تۇرما	ەكەن	48
تۇرما	نە	40
تۇرما	قالاي	41
تۇرما	كىم	43
تۇرت	بولدى	50
تۇرت	بولىپ	50
تۇرت	ادام	52
تۇرت	اي	16
تۇرت	كۇن	31
تۇرت	كۇندە	15
تۇرت	بەس	30
تۇرت	ساعات	18
تۇرت	مىڭ	32
تۇرت	جۇز	25
تۇرت	جىل	22
تۇرت	تال	25
تۇرت	رەت	42
تۇرت	ورىن	49
تۇرت	كۇننەن	45
تۇرت	جارىمدا	47
تۇرت	تۇلىك	43
ساپ	قوي	42
ساپ	بەر	50
ساپ	بەرەيىن	50
ساپ	قويدىم	46
ساپ	قويىپ	32
ساپ	بەرەم	45
ساپ	ساۋ	52
ساپ	سات	23
ساپ	سارى	52
كىمگە	ايتىپ	27
كىمگە	جولداپ	32
كىمگە	كەرەك	47
كىمگە	ايتام	47
كىمگە	بەرەم	21
كىمگە	سويلەپ	48
كىمگە	سۇيلەپ	17
كىمگە	جازىپ	36
كىمگە	ايتاسىڭ	43
كىمگە	ايتامىن	49
كىمگە	بەرەسىڭ	45
قويىپتى	عوي	51
قويىپتى	مەن	14
قويىپتى	دەپ	49
قويىپتى	ەكەن	46
قويىپتى	سودان	43
قويىپتى	ماعان	35
قويىپتى	سونى	44
تيىپ	جاتىر	50
تيىپ	ال	30
تيىپ	الىپ	37
تيىپ	تۇر	49
تيىپ	جاتىرمىن	28
تيىپ	كەتتى	37
تيىپ	قالدى	26
تيىپ	اۋىرىپ	20
تيىپ	قالعان	31
تيىپ	كەتكەن	31
تيىپ	قالىپتى	51
تيىپ	قالپتى	18
تيىپ	قالدىما	51
تيىپ	قالار	33
تيىپ	قالماسىن	47
تيىپ	قالعانبا	24
الاسىڭبا	جانىم	52
الاسىڭبا	مەن	20
الاسىڭبا	دەپ	49
الاسىڭبا	جوق	38
الاسىڭبا	وندا	33
الاسىڭبا	المايسىڭبا	52
قالام	عوي	44
قالام	جانىم	12
قالام	دەپ	30
قالام	كەيدە	19
قالاما	دەپ	39
قالاما	ەكەن	4
قالاما	كىم	44
قالاما	دەيمىن	41
قالاما	دەدىم	29
قالاما	دەگەنىم	43
توپ	جوق	19
توپ	ەكەن	42
توپ	بىر	44
توپ	بار	36
توپ	بولىپ	36
توپ	بولسا	34
توپ	ەكى	36
توپ	بولام	24
توپ	باعاسى	47
توپ	كىرەسى	18
توپ	باعادا	27
توپ	قۇرىپ	36
توپ	سالىنادى	26
توپ	ورتادا	27
توپ	تومپاق	46
توپ	پارشا	46
توپقا	بىر	24
توپقا	ادام	33
توپقا	قانشا	29
توپقا	يۋان	42
توپقا	جولداپ	32
توپقا	قوسىپ	20
توپقا	كىرىپ	19
توپقا	قوسىلىپ	30
جاتىرسىڭدار	عوي	19
جاتىرسىڭدار	جانىم	34
جاتىرسىڭدارما	نەعىپ	37
جاتىرسىڭدارما	دەنساۋلىق	38
كەشەگى	مەن	17
كەشەگى	ايتقان	39
كەشەگى	قۇساپ	36
كەشەگى	اقشانى	45
سۇيەمىن	عوي	44
سۇيەمىن	جانىم	31
سۇيەمىن	دەپ	5
سۇيەمىن	سەنى	31
سۇيەمىن	ماڭگى	22
سۇيەمىن	سۇيەمىن	18
شىقپاي	جاتىر	24
شىقپاي	تۇر	14
شىقپاي	قالدى	13
شىقپاي	اق	16
شىقپاي	قويدى	46
شىقپاي	قالعان	18
شىقپاي	قالادى	47
شىقپاي	قالىپتى	32
شىقپاي	قالپتى	22
شىقپاي	قويدىڭ	52
شىقپاي	قالسا	38
شىقپاي	قالاما	44
دەگەندە	مەن	48
دەگەندە	جوق	38
دەگەندە	بىر	51
دەگەندە	نە	24
دەگەندە	سەن	47
دەگەندە	ەكى	47
دەگەندە	ۇش	43
دەگەندە	جۇرەگىم	50
دەگەندە	شابىتىم	45
ۋاعى	بولدى	49
ۋاعى	وتىپ	12
ۋاعىندا	الىپ	16
ۋاعىندا	كەلىپ	49
ۋاعىندا	تاماق	44
ۋاعىندا	ىش	42
ۋاعىندا	ىشىپ	33
ۋاعىندا	بەرىپ	17
ۋاعىندا	اتىپ	45
ۋاعىندا	بەرە	40
ۋاعىندا	جاۋاپ	28
ۋاعىندا	قايتارىپ	28
ۋاعىندا	سويلەي	41
ۋاعىندا	سۇيلەي	40
ۋاعىندا	تاماعىڭدى	51
ۋاعىندا	كورەيىك	50
ۋاعىندا	كۇرەيىك	19
ۋاعىندا	قايتارا	50
ۋاعىندا	كورەمىز	47
تاڭعى	سالەم	51
تاڭعى	اس	44
تاڭعى	ساعات	29
تاڭعى	اسىڭ	40
تاڭعى	استى	5
تاڭعى	استارىڭ	51
تاڭعى	استارىڭىز	11
تاڭعى	اسىڭىز	12
تاڭعى	اسىڭدى	27
ماعاندا	جاقسى	37
ماعاندا	بىر	38
ماعاندا	سەن	23
ماعاندا	الىپ	52
ماعاندا	اقشا	50
ماعاندا	بىراز	27
ماعاندا	كەرەك	50
ماعاندا	ايتقان	29
ماعاندا	سالىپ	49
ماعاندا	قيىن	50
ماعاندا	بىرەۋ	44
ماعاندا	امال	43
ماعاندا	سۇيتىپ	38
ماعاندا	وڭاي	46
ماعاندا	قاجەت	20
كەزى	عوي	45
كەزى	ەكەن	13
كەزى	بولادى	13
كەزى	كەلگەندە	19
كەزىگىپ	بىر	19
كەزىگىپ	الىپ	31
كەزىگىپ	تاماق	34
كەزىگىپ	بىرگە	41
كەزىگىپ	قالدى	47
كەزىگىپ	بىراز	48
كەزىگىپ	قالدىم	52
كەزىگىپ	جۇرگەن	51
كەزىگىپ	اڭگىمە	46
كەزىگىپ	قالىپ	26
كەزىگىپ	كەتەيىن	45
كەزىگىپ	قايتايىن	50
كەزىگىپ	اڭگىمەلەسىپ	43
كەزىگىپ	تۇرامىز	48
كەزىگىپ	قالساق	45
كەزىگىپ	اڭگىمەلەسەيىك	49
كەزىگىپ	قالارمىز	30
نومىر	جوق	51
نومىر	ەكەن	31
نومىر	بار	32
نومىر	الىپ	38
نومىرى	جوق	27
نومىرى	ەكەن	17
نومىرى	بار	37
نومىرى	بولسا	24
نومىرى	وسى	13
نومىرى	بارما	35
نومىرى	قانشا	16
نومىرى	تولىق	31
نومىرىن	الىپ	31
نومىرىن	جولدا	45
نومىرىن	جولداپ	41
نومىرىن	تاۋىپ	5
نومىرىن	سۇراپ	20
نومىرىن	جولداشى	46
نومىرىن	بەرشى	14
نومىرىن	جولداي	38
نومىرىن	بىلەتىندەرىڭىز	22
اكەل	دەپ	36
اكەل	دەيدى	12
اكەلىپ	قوي	20
اكەلىپ	ال	51
اكەلىپ	الىپ	45
اكەلىپ	بەر	43
اكەلىپ	بەرىپ	19
اكەلىپ	الدىم	36
اكەلىپ	بەرە	43
اكەلىپ	بەرەيىن	27
اكەلىپ	قويدىم	39
اكەلىپ	الايىن	36
اكەلىپ	الدىڭبا	32
اكەلىپ	قويىپ	50
اكەلىپ	بەرشى	50
اكەلىپ	بەرەدى	23
اكەلىپ	تاستا	44
اكەلىپ	تاستاپ	39
اكەلىپ	بەرەتىن	35
اكەلىپ	بەرسەڭ	41
اكەلىپ	بەردى	44
اكەلىپ	بەردىم	39
اكەلىپ	تاستادى	51
كوك	ساي	46
كوك	بەت	37
كوك	كوز	35
كوك	تيىن	37
كوك	رەڭ	17
كوك	لازى	49
كوك	شىبىق	27
كۇندىك	سالەم	45
كۇندىك	ەكەن	46
كۇندىك	بار	50
كۇندىك	بولسا	50
كۇندىك	قانشا	46
كۇندىك	ىستەپ	23
كۇندىك	جۇمىس	23
كۇندىك	ستەپ	14
كۇندىك	جۇمس	24
كۇندىك	قيمىل	45
كۇندىك	ىستەيتىن	36
كۇندىك	ۇكىل	38
كۇندىك	قىيمىل	50
كەتىم	عوي	33
كەتىم	جانىم	14
كەتىم	دەپ	19
كەتىم	وندا	31
باسىڭ	بار	47
باسىڭ	نەگە	43
باسىڭ	قالاي	45
باسىڭ	امان	49
باسىڭ	قانداي	8
باسىڭ	اۋىرىپ	20
باسىڭ	بوس	16
باسىڭ	اۋرىپ	18
باسىڭ	اينالىپ	48
باسىڭ	قايتتى	40
باسىڭ	اۋىرادى	45
باسىڭ	قالسىن	37
باسىڭ	اۋىرعانى	44
باسىڭ	اۋىرسا	33
باسىڭ	بوسپا	44
باسىڭ	اينالسىن	40
قانە	جانىم	50
قانە	جولداشى	42
كورشى	جانىم	16
كورشى	بولاما	31
الايىق	جانىم	45
الايىق	دەپ	30
الايىق	وندا	12
الايىق	سودان	39
الايىق	دەيدى	49
الايىق	دەگەن	32
الايىق	بولاما	51
الايىق	دەسەم	45
الايىق	دەسەك	45
الايىق	دەگەمىز	43
تەمەكى	جوق	42
تەمەكى	بار	25
تەمەكى	الىپ	43
تەمەكى	بارما	14
تەمەكى	الايىن	26
تەمەكى	الاتىن	28
تەمەكى	تارتىپ	18
تەمەكى	اكەپ	39
تەمەكى	شەگىپ	45
تەمەكى	شەگەتىن	17
تەمەكى	قويدىراتىن	51
تۇردى	عوي	50
تۇردى	قارا	13
تۇردىم	عوي	18
تۇردىم	جانىم	21
تۇردىم	ەندى	17
تۇردىم	شاي	44
ساتىلادى	ەكەن	48
ساتىلادى	بىر	45
ساتىلادى	باعاسى	49
ساتىلادى	الاتىن	15
ساتىلادى	ورنى	51
ساتىلادى	الۋشىلار	17
ساتىلادى	ورىنى	13
ساتىلادى	قىزعۋشىلار	47
اۋداننان	ۇي	50
اۋداننان	قايتاتىن	51
اۋداننان	ۇرىمجىگە	37
اۋداننان	بولامىن	38
اۋداننان	اۋىلعا	15
اۋداننان	ناراتقا	26
اۋداننان	دۇرەگە	38
اۋداننان	شاكۇرتىگە	29
اۋداننان	سارتوعايعا	43
اۋداننان	قاشاجارعا	44
اۋداننان	تۇرگەنگە	39
اۋداننان	تۇرعىنعا	50
اۋداننان	قاراتوبەگە	47
اۋداننان	ۇزىنبۇلاققا	50
اۋداننان	كۇرتىگە	45
اۋداننان	المالىعا	46
كوردى	عوي	50
كوردىم	عوي	10
كوردىم	جانىم	16
كوردىم	دەپ	22
كوردىم	سەنى	33
كوردىم	بىراق	47
قالاسىڭ	عوي	49
قالاسىڭ	جانىم	11
قالاسىڭ	دەپ	22
قالاسىڭ	وسى	33
قالاسىڭ	ەمەسپە	42
كورىم	عوي	46
كورىم	جاقسى	23
كورىم	بولدى	24
كورىم	ەكەن	13
كورىم	بولىپ	35
كورىم	ەدى	11
كورىم	ايتەۋ	49
كورىم	بوپ	45
كورىم	بولعان	22
كورىم	بولىپتى	36
كورىم	بوپتى	46
كورىم	بولار	49
اتاقتى	عوي	50
اتاقتى	بولدى	17
اتاقتى	ەكەن	50
اتاقتى	بولىپ	10
اتاقتى	ەكەنسىڭ	27
اتاقتى	بولىپتى	37
ۋاقىتتا	جوق	47
ۋاقىتتا	بىر	39
ۋاقىتتا	كەلەدى	45
ۋاقىتتا	بولسادا	36
ۋاقىتتا	كەلەسىڭ	47
ۋاقىتتا	باراسىڭ	18
ۋاقىتتا	قايتاسىڭ	47
ۋاقىتتا	شىعاسىڭ	22
ۋاقىتتا	تۇسەسىڭ	39
ارام	عوي	38
ارام	دەپ	51
ارام	ەكەن	45
ارام	بولىپ	31
ارام	تاماق	45
ارام	وي	51
ارام	نەمە	37
ارام	ەسەك	17
ارام	ويىڭ	42
ارام	ويىم	50
بۇرسى	كۇنى	41
بۇرسىگۇنى	بولسىن	1
بۇرسىگۇنى	بىر	48
بۇرسىگۇنى	بارىپ	42
بۇرسىگۇنى	ەكى	47
بۇرسىگۇنى	ايت	40
بۇرسىگۇنى	تاعى	46
بۇرسىگۇنى	تاڭەرتەڭ	49
بۇرسىگۇنى	كەشتە	21
بۇرسىگۇنى	بەرەيىن	28
بۇرسىگۇنى	بارام	39
بۇرسىگۇنى	بارامىن	46
بۇرسىگۇنى	قايتام	36
سۋعا	سالىپ	46
سۋعا	مال	23
سۋعا	تۇسىپ	46
سۋعا	تۇسىرىپ	9
سۋعا	تۇسەم	17
سۋعا	تۇسەيىن	43
سۋعا	مالىپ	31
سۋعا	ەزىپ	17
اعاڭ	عوي	47
اعاڭ	مەن	41
اعاڭ	جوق	42
اعاڭ	بار	41
اعاڭ	كەلىپ	20
اعاڭ	قايدا	46
اعاڭ	ەكەمىز	42
اعاڭ	ەكەۋىڭ	46
جولداي	سال	48
جولداي	وتىر	12
جولداي	بەر	31
جولداي	الماي	20
جولداي	المايمىن	33
جولداي	سالشى	51
جولداي	سالساڭ	13
جولداي	سالىڭىز	29
جولداي	وتىرىڭىزدار	17
جولداي	سالىڭىزدار	30
جولداي	سالىڭىزشى	38
جولداي	سالىڭىزدارشى	43
ساۋداڭ	قالاي	45
ساۋداڭ	قانداي	34
ساۋداڭ	كۇسەت	50
ساۋداڭ	كۇزەت	2
ساۋداڭ	كوسەت	20
اتىم	عوي	37
اتىم	جوق	45
اتىم	بار	49
اتىم	سەرىك	46
اتىم	اراي	43
اتىم	گۇلي	41
جانم	مەن	47
جانم	دەپ	41
جانم	سول	46
جانم	جانم	13
جانم	مەنڭ	29
دەيىم	عوي	36
دەيىم	جانىم	15
ەكەۋمىز	جاقسى	35
ەكەۋمىز	بىر	39
ەكەۋمىز	بارىپ	19
ەكەۋمىز	ەكى	36
ەكەۋمىز	بىرگە	35
ەكەۋمىز	عانا	22
ەكەۋمىز	بارامىز	20
قالار	جانىم	49
قالار	دەپ	29
قالار	بىر	17
قالار	ەندى	50
قالار	ەدى	43
قالار	ەدىم	42
قالار	مەكەن	28
قالار	مەكەم	17
شىققاندا	بولسىن	29
شىققاندا	بىر	51
شىققاندا	الىپ	49
شىققاندا	ماعان	50
شىققاندا	تەلەفون	50
شىققاندا	ايت	40
شىققاندا	بىراق	48
شىققاندا	اتىپ	48
شىققاندا	بەرەيىن	44
شىققاندا	قابارلاس	15
شىققاندا	ايتا	25
شىققاندا	بەرەم	37
شىققاندا	سويلەپ	42
شىققاندا	بەرەمىن	44
شىققاندا	قايتارىپ	29
شىققاندا	قابارلاسىپ	35
شىققاندا	قابارلاسايىن	46
سويلەي	عوي	30
سويلەي	سال	32
سويلەي	وتىر	20
سويلەي	بەر	51
سويلەي	الماي	13
سويلەي	بەرەم	8
سويلەي	بەرەدى	49
سويلەي	المايمىن	40
سويلەي	بەرسەڭ	31
سويلەي	المادىم	40
سويلەي	المايدى	15
سويلەي	سالشى	44
سويلەي	بەرىڭىز	47
سويلەي	سالساڭ	46
بىرى	كۇنى	48
بىرىن	ايت	20
بىرىن	بىرى	18
بىرىن	بىرىنە	9
بىرىنشى	عوي	19
بىرىنشى	بولىپ	37
بىرىنشى	ايت	39
بىرىنشى	كۇنى	20
بىرىنشى	شاي	20
بىرىنشى	ايتا	44
بىرىنشى	ايىت	45
بىرىنشى	ايدا	40
بىرىنشى	رەت	47
بىرىنشى	ايتتا	16
بىرىنشى	ەكىنشى	32
بىرىنشى	قابات	48
بىرىنشى	شايدى	45
بىرىنشى	ىرەت	44
بىرىنشى	ورىندا	50
بىرىنشى	ورىنعا	46
كوز	جوق	40
كوز	جۋىپ	49
كوز	جاسى	18
كوز	الدىما	40
كوز	ايدىن	36
كوز	اينەك	38
كوز	جاسىم	18
كوز	الدىمدا	35
كوز	الدىمنان	34
كوز	تيمەسىن	48
كوز	جاسىنا	50
كوز	جاسىمدى	49
كوز	اينەكتى	50
ۋاعالايكۇم	اسسالام	47
ۋاعالايكۇم	ۋاعالايكۇم	2
ۋاعالايكۇم	مۇسسالام	48
اپات	عوي	12
اپات	بولدى	49
اپات	ەكەن	45
اپات	بولىپ	9
اپات	قوي	24
اپات	ادام	16
اپات	بوپ	41
اپات	ەكەنسىڭ	50
ۇرىمجى	جاققا	22
ۇرىمجىگە	بىر	17
ۇرىمجىگە	كەلىپ	26
ۇرىمجىگە	ادام	35
ۇرىمجىگە	بارىپ	38
ۇرىمجىگە	ەكى	15
ۇرىمجىگە	كەتتى	41
ۇرىمجىگە	كەتىپ	47
ۇرىمجىگە	بارام	21
ۇرىمجىگە	اپارىپ	45
ۇرىمجىگە	كەتكەن	44
ۇرىمجىگە	باراتىن	44
ۇرىمجىگە	بارعاندا	13
ۇرىمجىگە	كەلگەم	40
ۇرىمجىگە	دوحتىرعا	48
بىرازدان	كەيىن	44
بىرازدان	سوڭ	3
بىرازدان	سۇڭ	9
ساباق	بولدى	47
ساباق	بار	30
ساباق	قارا	36
ساباق	قاراپ	37
ساباق	وتىپ	12
ساباق	ۇتىپ	30
ساباق	تىڭداپ	47
ساباق	قارايدى	32
ساباق	قاراتىپ	47
ساباقتا	وتىرمىن	17
ساباقتاس	امانسىڭبا	13
ساباقتاستار	كەلىپ	29
ساباقتاستار	قايىرلى	35
ساباقتاستار	امان	30
ساباقتاستار	باس	34
ساباقتاستار	ورازا	21
ساباقتاستار	امانسىڭدارما	41
ساباقتاستار	قالدارىڭ	9
قاپ	دەپ	42
قاپ	بىر	46
قاپ	الىپ	44
قاپ	اي	49
قاپ	ەدى	30
قاپ	قاتتى	45
قاپ	قارا	42
قاپ	ايا	13
قاپ	جۇرمە	17
قاپ	تەمەكى	44
سويلەسىپ	جاتىر	30
سويلەسىپ	جاتىرسىڭ	24
سويلەسىپ	ال	16
سويلەسىپ	الىپ	34
سويلەسىپ	جاتىرمىن	46
سويلەسىپ	وتىر	19
سويلەسىپ	وتىرمىن	47
سويلەسىپ	جۇر	35
سويلەسىپ	قويدىم	47
سويلەسىپ	كور	36
سويلەسىپ	الايىن	25
سويلەسىپ	جاتقان	45
سويلەسىپ	جۇرگەن	47
سويلەسىپ	وتىرسىڭ	36
سويلەسىپ	كورەيىن	42
سويلەسىپ	كورشى	34
ۇلى	بار	49
ۇلى	كۇنى	20
ۇلى	قايتىس	50
تۇرساڭ	جانىم	37
تۇرساڭ	مەن	22
تۇرساڭ	جاقسى	32
تۇرساڭ	بولدى	32
تۇرساڭ	سەن	14
تۇرساڭ	بولادى	49
تۇرساڭ	بولاما	29
تۇرساڭ	قايتىپ	41
تۇرساڭ	بولمايما	40
اينالىپ	جاتىر	28
اينالىپ	كەلىپ	46
اينالىپ	تۇر	17
اينالىپ	كەتتى	32
اينالىپ	جۇر	34
اينالىپ	قالدىم	50
اينالىپ	كەپ	18
اينالىپ	جۇرىپ	42
اينالىپ	كەلگەندە	37
اينالىپ	كەلەيىن	23
اينالىپ	كەتەيىن	36
اينالىپ	كەلەيىك	20
ۇزدە	سول	25
ۇزدە	سولاي	19
ۇزدەرى	بىلەدى	22
ۇزدەرى	بىلسىن	25
ۇزدەرىڭ	نە	20
ۇزدەرىڭ	نەعىپ	47
ۇزدەرىڭ	قالاي	15
ۇزدەرىڭ	امان	9
ۇزدەرىڭ	جاقسىما	11
ۇزدەرىڭ	امانسىڭدارما	47
ۇزدەرىڭ	قالايسىڭدار	16
ۇزدەرىڭ	جاقسىڭدارما	20
ۇزدەرىڭ	بىلىڭدەر	36
كەلەسىڭبە	جانىم	43
كەلەسىڭبە	دەپ	20
كەلەسىڭبە	جوق	43
كەلەسىڭبە	وندا	32
كەلەسىڭبە	كەلمەيسىڭبە	45
راحمەت	جانىم	26
راحمەت	بىرگە	15
راحمەت	دوسىم	22
راحمەت	اعا	39
راحمەت	ايتقانىڭ	49
راحمەت	سىزگە	28
راحمەت	ايتقانىڭىز	28
راحمەت	راحمەت	49
قويعام	عوي	36
قويعام	جانىم	26
قويعام	جوق	39
قويعام	سول	24
قويعام	ەندى	48
قويعام	سودان	41
قويعام	سونى	49
جۇىپ	ەندى	42
جۇىپ	ال	41
جۇىپ	الىپ	41
جۇىپ	جاتىرمىن	48
جۇىپ	الايىن	21
جۇىپ	تاستا	36
جۇىپ	تاستاپ	17
جۇىپ	تازالاپ	33
جۇىپ	تاستادىم	49
جۇىپ	تاستاپتى	25
جۇىپ	تاستاعان	37
جۇىپ	تاستاعام	48
جۇىپ	تاستايمىن	42
جۇىپ	تاستاپسىڭ	48
جۇىپ	تاستادىڭ	43
كەلگەم	عوي	47
كەلگەم	جوق	46
كەلگەم	بىر	29
كەلگەم	سول	43
كەلگەم	ەندى	44
كەلگەم	ەرتەڭ	28
كەلگەم	بۇگىن	48
كەلگەم	سودان	41
كەلگەم	ۇيگە	43
كەلگەم	كەشە	49
وقىپ	جاتىر	50
وقىپ	الىپ	11
وقىپ	جاتىرمىن	38
وقىپ	كەتتى	42
وقىپ	جاتقان	38
وقىپ	جۇرگەن	20
وقىپ	جاتىرما	44
وقىپ	جۇرگەندە	21
جاتسا	مەن	34
جاتسا	جاقسى	36
جاتسا	بولدى	49
جاتسا	بىر	42
جاتسا	سەن	48
جاتسا	ماعان	46
جاتسا	تاعى	46
جاتسا	قايتىپ	41
جاتسا	قايتەم	33
كەلدىمە	جانىم	38
كەلدىمە	دەپ	14
قويام	عوي	36
قويام	جانىم	14
قويام	دەپ	33
قويام	دەيدى	22
ساتا	سال	42
ساتا	بەر	16
ساتا	الماي	16
ساتا	سالايىن	18
ساتاتىن	بىر	18
ساتاتىن	ادام	50
ساتاتىن	ۇي	43
ساتاتىن	مال	46
ساتاتىن	جەر	46
ساتاتىن	جەردە	25
ساتاتىن	جەرگە	36
ساتاتىن	سۇت	41
ساتاتىن	كىسىلەر	39
ساتاتىن	ەركەك	11
ساتاتىن	سەمىز	48
ساتاتىن	كسلەر	29
ساتاتىن	كىسلەر	44
ۇيكە	ەندى	49
ۇيكە	كەل	46
ۇيكە	كەلىپ	22
ۇيكە	بارىپ	14
ۇيكە	كەتىپ	16
ۇيكە	قايتىپ	48
ۇيكە	كەلدىم	49
ۇيكە	جاڭا	34
ۇيكە	جاڭە	47
ۇيكە	كەپ	40
ۇيكە	كىرىپ	34
ۇيكە	بارعاندا	41
جولعا	سال	31
جولعا	شىعا	45
جولعا	شىعىپ	40
جولعا	سالىپ	15
جولعا	شعىپ	14
جولعا	قاراي	41
جولعا	شىق	47
جولعا	شىقتىم	45
جولعا	ساپ	36
جولعا	شىقتىڭبا	44
جولعا	سالدىم	30
جولعا	شىقتىق	29
كەلەيىك	دەپ	42
كەلەيىك	وندا	11
كەلەيىك	دەيدى	48
كەلەيىك	دەگەن	18
كەلەيىك	بولاما	38
كەلەيىك	دەسەم	25
قىمبات	دەپ	39
قىمبات	ەكەن	41
قىمبات	بولىپ	11
قىمبات	قوي	20
قىمبات	بولسا	29
قىمبات	بولادى	39
قىمبات	ەمەس	45
قىمبات	شىعار	25
كەلمەدى	عوي	49
كەلمەدى	جانىم	10
كەلمەدى	دەپ	35
كەلمەدى	ەندى	19
كەلمەدى	الى	48
كەلمەدى	دەيدى	42
جەتە	بەر	43
جەتە	الماي	22
جەتە	المايسىڭ	6
جەتە	المادىم	30
جەتە	المايدى	26
جەتە	بەرىڭىزدەر	20
جەتە	بەرەيىك	18
جەتەدى	عوي	28
جەتەدى	جانىم	12
جەتەدى	دەپ	30
جەتەدى	ەكەن	34
جەتەدى	ماعان	15
جەتەدى	دەيدى	37
قاسىڭدا	مەن	48
قاسىڭدا	بىر	36
قاسىڭدا	بولىپ	42
قاسىڭدا	ادام	46
قاسىڭدا	كىم	19
قاسىڭدا	بولام	15
قاسىڭدا	بىرەۋ	46
قاسىڭدا	بولسام	32
قاسىڭدا	جاتسام	16
قاسىڭدا	بولامىن	49
قاسىڭدا	جۇرسەم	42
وزىڭە	جاقسى	49
وزىڭە	بىر	20
وزىڭە	راحىمەت	41
وزىڭە	دەگەن	32
وزىڭە	كوپ	45
وزىڭە	وزىڭ	19
وزىڭە	اتىپ	27
وزىڭە	كەرەك	49
وزىڭە	كوڭىل	47
وزىڭە	عانا	47
وزىڭە	مىقتى	49
قويادى	عوي	45
قويادى	دەپ	15
قويادى	ەكەن	17
قويادى	دەيدى	13
قويادى	ەكەنسىڭ	47
قويادى	ەكەم	20
دەدىڭ	عوي	43
دەدىڭ	ەندى	5
دەدىڭ	قوي	46
دەدىڭ	سودان	22
دەدىڭ	ەمەسپە	38
مەنىم	جانىم	48
مەنىم	بىر	27
مەنىم	جۇرەگىم	39
مەنىم	اتىم	35
مەنىمەن	جاقسى	40
مەنىمەن	بىر	50
مەنىمەن	نە	36
مەنىمەن	نەگە	34
مەنىمەن	بىرگە	48
مەنىمەن	قابارلاسىڭىزدار	12
مەنىمەن	عانا	49
مەنىمەن	توي	48
مەنىمەن	ەرىپ	36
مەنىمەن	قاتسى	45
مەنىمەن	قاتىسى	33
تويعا	كەل	22
تويعا	كەلىپ	44
تويعا	بارىپ	43
تويعا	كەتىپ	20
تويعا	بارام	45
تويعا	باراتىن	39
تويعا	دەيىن	38
تويعا	باراسىڭبا	47
تويعا	باردىڭبا	41
تويعا	كەلىڭىزدەر	48
تويعا	شاشۋ	48
تويعا	ۇلاسسىن	40
تويعا	ۇلاسىن	13
قاعاز	جوق	34
قاعاز	بار	31
قاعاز	الىپ	19
قاعاز	بارما	18
قاعاز	بەرىپ	43
قاعاز	الايىن	47
قاعاز	سالىپ	41
قاعاز	جازىپ	46
قاعاز	اكەپ	36
بولدىما	جانىم	45
بولدىما	دەپ	27
بولدىما	جوق	28
بولدىما	نە	36
بولدىما	ەندى	46
بولدىما	سوندا	47
تۇردىڭ	عوي	22
تۇردىڭبا	جانىم	12
تۇردىڭبا	نەعىپ	11
تۇردىڭبا	ماۋباس	47
قايتاسىڭ	عوي	27
قايتاسىڭ	جانىم	24
قايتاسىڭ	دەپ	18
قايتاسىڭ	ۇيگە	50
قايتاسىڭ	دار	39
تاتە	مەن	39
تاتە	امانسىزبا	34
تاتەم	مەن	23
تاتەم	جاقسى	40
تاتەم	بار	41
تاتەم	كەلىپ	25
تاتەم	تەلەفون	48
تاتەم	قانداي	41
تاتەم	اۋىرىپ	35
تاتەم	ەكەمىز	40
تاتەم	ايتادى	33
كەم	بولدى	47
كەم	ەكەن	39
كەم	بولىپ	33
كەم	بولسا	13
كەم	بولادى	17
كەم	ەمەس	13
كەم	بوپ	26
كەم	دەگەندە	29
كەم	بولمايسىڭ	33
كەمپىر	مەن	27
كەمپىر	نەعىپ	43
كەمپىر	بار	45
كەمپىر	بولىپ	35
كەمپىر	شال	46
شاش	الدىرىپ	30
شاش	سابىن	26
شاش	جاساتىپ	17
شاش	جۋۋ	28
شاش	ماسەلەسى	50
شاش	بوياپ	36
شاش	بوياق	47
شاش	بوياۋ	42
نۇمىر	جوق	33
نۇمىر	ەكەن	24
نۇمىر	الىپ	28
نۇمىرى	جوق	30
نۇمىرى	ەكەن	16
نۇمىرى	بار	35
نۇمىرى	بولسا	22
نۇمىرى	بارما	13
نۇمىرى	قانشا	15
نۇمىرىن	الىپ	31
نۇمىرىن	جولدا	46
نۇمىرىن	جولداپ	43
نۇمىرىن	تاۋىپ	5
نۇمىرىن	سۇراپ	20
نۇمىرىن	جولداشى	43
نۇمىرىن	بەرشى	14
نۇمىرىن	جولداي	39
نۇمىرىن	بىلەتىندەرىڭىز	21
سالا	عوي	37
سالا	سال	19
سالا	بەر	13
سالا	الماي	26
سالا	سالشى	29
سالا	سالايىن	19
سالا	سالىڭىز	34
سالايىن	دەپ	38
سالايىن	وندا	9
سالايىن	دەسەم	41
سالايىن	دەگەم	17
ويبوي	جانىم	18
ويبوي	مەن	15
ويبوي	بولدى	45
ويبوي	ەندى	49
ويبوي	وندا	47
ويبوي	ول	31
ويبوي	نەدەگەن	49
ويبوي	قيىن	40
ۇيشىڭ	جوق	35
ۇيشىڭ	بار	27
ۇيشىڭ	ماشينا	28
ۇيشىڭ	ماشينە	16
ۇيشىڭ	نومىرىڭدى	38
ۇيشىڭ	نۇمىرىڭدى	36
ۇيشىڭ	قاۋىڭدى	39
ۇيشىڭ	قاۋىن	12
ۇيشىڭعا	نەگە	34
ۇيشىڭعا	قوس	47
ۇيشىڭعا	قوسىپ	14
ۇيشىڭعا	سويلە	10
ۇيشىڭعا	سويلەپ	17
ۇيشىڭعا	سۇيلە	37
ۇيشىڭعا	سۇيلەپ	43
ۇيشىڭعا	قوسشى	28
ۇيشىڭعا	قوسىڭىز	19
قالعانى	جاقسى	38
قالعانى	سول	32
قالعانى	قايدا	34
قالعانى	وسى	25
قالعانىن	مەن	16
قالعانىن	سەن	36
قالعانىن	ەرتەڭ	45
قالعانىن	كەيىن	17
قالعانىن	بىراق	48
قالعانىن	ۇزىڭ	47
قالعانىن	تاعى	40
قالعانىن	تاڭەرتەڭ	26
قالعانىن	وزىڭ	43
قالعانىن	اتىپ	36
قالعانىن	اتا	31
قالعانىن	ارتىنان	45
كەمپىرىم	جانىم	44
كەمپىرىم	سول	47
كەمپىرىم	نەعىپ	15
كەمپىرىم	مەنىڭ	41
كەمپىرىم	اۋ	11
كەمپىرىم	كەمپىرىم	33
مەرەيلى	بولسىن	45
مەرەيلى	وت	4
مەرەيلى	كۇندەرىڭ	38
مەرەيلى	كۇندەرىڭىز	16
مەرەيلى	وتباستارىڭىز	12
الدىڭعى	ەكى	39
الدىڭعى	ۇيدە	42
الدىڭعى	ۇيگە	48
الدىڭعى	كۇنى	46
الدىڭعى	جولى	12
الدىڭعى	ايدا	10
الدىڭعى	رەت	22
الدىڭعى	جىلى	41
الدىڭعى	اپتا	28
الدىڭعى	اپتادا	35
الدىڭعى	جولعى	36
بولدىڭىز	عوي	19
بولدىڭىز	قايجەردەن	14
بولدىڭىز	اتىڭىز	44
بولدىڭىز	تانىسىپ	19
بولدىڭىز	تانىسا	47
ەركە	قىز	29
ەركە	تاي	17
ەركە	تايىم	31
ەركەك	جوق	23
ەركەك	ەكەن	40
ەركەك	بولىپ	46
ەركەك	قوي	36
ەركەك	بولسا	16
ەركەك	دەگەن	43
ەركەك	ەمەس	19
ەركەك	بولساڭ	40
ەركەك	تاي	46
ەركەك	توقتى	49
ەركەك	تاينشا	34
ەركەك	ۇرعاشى	24
ەركەك	بۇزاۋ	43
ەركەك	باسىڭمەن	40
كەتسىن	جانىم	44
كەتسىن	دەپ	25
كەتسىن	سودان	18
كەتسىن	دەيدى	47
جاتىرما	جانىم	47
جاتىرما	دەپ	29
جاتىرما	جوق	17
جاتىرما	ەكەن	41
جاتىرما	نە	29
جاتىرما	كىم	41
جاتىرما	دەسەم	47
اسىڭ	اس	36
اسىڭ	ءدامدى	14
اسىڭ	دامدى	4
اسىڭ	سىڭىمدى	11
دەنساۋلىعىڭىز	جاقسى	18
دەنساۋلىعىڭىز	قالاي	39
دەنساۋلىعىڭىز	جاقسىما	21
دەنساۋلىعىڭىز	قانداي	4
دەنساۋلىعىڭىز	مىقتى	43
ىستەي	عوي	9
ىستەي	بەر	21
ىستەي	الماي	10
ىستەي	بەرەيىن	18
ىستەي	بەرەم	23
ىستەي	الاتىن	37
ىستەي	بەرەدى	48
ىستەي	بەرسىن	39
ىستەي	بەرەتىن	39
ىستەي	بەرەمىن	42
ىستەي	المايمىن	44
ىستەي	بەرسەڭ	28
ىستەي	المايسىڭ	32
ىستەي	المادىم	39
ىستەي	المايدى	39
ىستەي	المايتىن	23
ىستەي	بەرىڭىز	40
قين	بولدى	45
قين	ەكەن	9
قينالىپ	جاتىر	15
قينالىپ	تۇر	45
قينالىپ	جاتىرمىن	46
قينالىپ	وتىرمىن	37
قينالىپ	كەتتى	47
قينالىپ	جۇر	36
قينالىپ	كەتتىم	40
قينالىپ	قالدىم	13
قينالىپ	جۇرمىن	22
قينالىپ	تۇرمىن	19
قينالىپ	جۇرگەن	18
قينالىپ	كەتەدى	45
قينالىپ	جۇرسىڭ	47
قينالىپ	قالادى	40
قينالىپ	قالما	42
قينالىپ	كەتىم	38
قينالىپ	قالاسىڭ	46
ۇزىڭە	جانىم	32
ۇزىڭە	جاقسى	45
ۇزىڭە	بىر	19
ۇزىڭە	راحىمەت	44
ۇزىڭە	دەگەن	30
ۇزىڭە	ۇزىڭ	43
ۇزىڭە	كەرەك	26
ۇزىڭە	مىقتى	43
ۇزىڭە	كۇپ	46
تۋرا	عوي	24
تۋرا	ەكەن	34
تۋرا	كەلىپ	42
تۋرا	كەلدى	29
تۋرا	كەلەدى	48
تۋرا	كەلمەي	31
تۋرا	كەلسە	45
تۋرا	ايتاسىڭ	35
تۋرا	تۇسىن	15
تۋرا	تۇسىنىپ	16
تۋرا	ايتاسىز	49
كەلمەسە	مەن	43
كەلمەسە	بولدى	37
كەلمەسە	ۇزىڭ	15
كەلمەسە	امال	42
كەلمەسە	اشىق	45
كەلمەسە	قويسىن	26
جوقسىڭ	عوي	43
جوقسىڭ	قوي	6
بەرسەم	دەپ	20
بەرسەم	جاقسى	38
بەرسەم	بولدى	26
بەرسەم	بولادى	20
بەرسەم	بولاما	18
بەرسەم	بولاتىن	15
بەرسەم	بولار	40
بەرسەم	بولۋشى	41
سۇيلەمە	دەپ	46
سۇيلەمە	بولدى	20
سۇيلەمە	ەندى	19
سۇيلەمە	ماعان	26
سۇيلەمەي	جاتىر	17
سۇيلەمەي	قوي	27
سۇيلەمەي	تۇر	40
سۇيلەمەي	قالدى	35
سۇيلەمەي	اق	45
سۇيلەمەي	قويدى	32
سۇيلەمەي	قويدىم	20
سۇيلەمەي	كەتتىڭ	45
سۇيلەمەي	قالدىڭ	39
سۇيلەمەي	وتىرسىڭ	15
سۇيلەمەي	قويدىڭ	46
سۇيلەمەي	قويساڭ	13
سۇيلەمەي	قالساڭ	37
سۇيلەمەي	قوياسىڭ	46
سىزدى	جاقسى	48
سىزدى	بىر	21
سىزدى	قاتتى	41
سىزدى	قوسىپ	35
سىزدى	ويلاپ	48
سىزدى	ماڭگى	34
سىزدى	ساعىنىپ	49
سىزدى	توسىپ	35
سىزدى	ىزدەپ	23
سىزدى	ساعىندىم	42
سۇيكىم	كەلىپ	44
سۇيكىمدى	عوي	7
سۇيكىمدى	جان	47
سۇيكىمدى	جانىم	37
سۇيكىمدى	ەكەن	14
سۇيكىمدى	بولىپ	15
سۇيكىمدى	بوپ	16
سۇيكىمدى	بولعان	46
سۇيكىمدى	ەكەنسىڭ	46
سۇيكىمدى	قىز	21
سۇيكىمدى	ەدىڭ	30
سۇيكىمدى	سىڭ	44
سۇيكىمدى	سۇلۋ	47
سۇيكىمدى	ءتاتتى	49
جۇرسە	جاقسى	28
جۇرسە	بولدى	26
جۇرسە	ەكەن	14
جۇرسە	بولادى	34
جۇرسە	قايتىپ	38
جۇرسەڭ	مەن	32
جۇرسەڭ	جاقسى	28
جۇرسەڭ	بولدى	32
جۇرسەڭ	مەندە	10
جۇرسەڭ	بولادى	46
جۇرسەڭ	امان	37
جۇرسەڭ	قايتىپ	21
جۇرسەڭ	بولمايما	35
وتىرسىڭبا	جانىم	41
وتىرسىڭبا	جوق	18
وتىرسىڭبا	نە	48
ساعنىپ	جاتىرمىن	38
ساعنىپ	وتىرمىن	25
ساعنىپ	كەتتىم	32
ساعنىپ	جۇرمىن	8
ساعنىپ	تۇرمىن	18
ساعنىپ	كەتىم	17
كىمنىڭ	جانى	29
كىمنىڭ	كىم	49
كىمنىڭ	تۋىلعان	35
كىمنىڭ	ۇيى	42
كىمنىڭ	ۇيىنە	17
كىمنىڭ	بالاسى	33
كىمنىڭ	ۇيىندە	22
كىمنىڭ	نومىرى	20
كىمنىڭ	تويى	48
كىمنىڭ	ماشيناسى	18
كىمنىڭ	ماشيناسىمەن	38
مونشاعا	بارىپ	41
مونشاعا	تۇسىپ	48
مونشاعا	كىرىپ	4
مونشاعا	تۇسىرىپ	43
مونشاعا	تۇستىم	35
مونشاعا	تۇسە	35
مونشاعا	تۇسكەندە	47
مونشاعا	تۇسەم	45
مونشاعا	تۇسەيىن	34
مونشاعا	تۇسپ	16
مونشاعا	تۇسكەلى	40
پىسىرىپ	ەندى	28
پىسىرىپ	بولىپ	46
پىسىرىپ	جاتىر	37
پىسىرىپ	ال	27
پىسىرىپ	الىپ	37
پىسىرىپ	جاتىرمىن	45
پىسىرىپ	وتىرمىن	13
پىسىرىپ	قاربالاس	46
پىسىرىپ	بەر	29
پىسىرىپ	ازىر	40
پىسىرىپ	الدىم	44
پىسىرىپ	بەرەيىن	47
پىسىرىپ	قويدىم	43
پىسىرىپ	الايىن	44
پىسىرىپ	الدىڭبا	21
پىسىرىپ	بولدىم	38
پىسىرىپ	جاتىرمىز	39
پىسىرىپ	بولدىڭبا	46
جون	عوي	34
جون	دەپ	19
جون	بولدى	36
جون	ەكەن	26
جون	بولعان	7
جوندەپ	ەندى	25
جوندەپ	بولىپ	37
جوندەپ	جاتىر	31
جوندەپ	ال	20
جوندەپ	جاتىرمىن	38
جوندەپ	بەر	19
جوندەپ	ازىر	46
جوندەپ	بەرەيىن	38
جوندەپ	قويدىم	43
جوندەپ	جاڭا	46
جوندەپ	جۇرمىن	45
جوندەپ	الايىن	36
جوندەپ	بولدىم	45
جوندەپ	جاڭە	45
جوندەپ	قويىپ	36
جوندەپ	تاستاپ	32
جوندەپ	بولدىڭبا	35
ساق	بول	43
ساقايىپ	كەت	11
ساقايىپ	كەتەدى	11
ساقايىپ	كەتسە	36
ساقايىپ	كەتەسىڭ	36
ساقايىپ	كەتسىن	34
ساقايىپ	كەتىڭىز	6
ساقايىپ	كەتۋىنە	18
مەرەكە	قۇتتى	46
مەرەكە	مەرەيلى	14
مەرەكە	تۇبى	9
مەرەكەلەرىڭ	قابىل	11
مەرەكەلەرىڭ	قۇتتى	14
مەرەكەلەرىڭ	مەرەيلى	6
مەرەكەلەرىڭىز	قابىل	6
مەرەكەلەرىڭىز	قۇتتى	12
مەرەكەلەرىڭىز	مەرەيلى	6
وستىپ	بىر	6
وستىپ	ايتىپ	28
وستىپ	قالدىم	45
وستىپ	جۇرە	39
وستىپ	جۇرىپ	37
كۇلىك	جوق	23
كۇلىك	بار	13
كۇلىك	بولسا	19
كۇلىك	بارما	11
كۇلىك	قۇتتى	8
كۇلىك	تاۋىپ	38
كۇلىك	ىزدەپ	27
كۇلىك	بارمەكەن	44
باراسىڭبا	جانىم	40
باراسىڭبا	دەپ	23
باراسىڭبا	جوق	36
جاقسسىڭ	جانىم	41
جاقسسىڭ	نەعىپ	13
جاقسسىڭ	دوسىم	37
جاقسسىڭ	ايتىڭ	43
جاقسسىڭ	دەنساۋلىعىڭ	48
امانسىزدار	راحىمەت	32
امانسىزدار	كەلىپ	40
امانسىزدار	ەرتەڭ	34
امانسىزدار	امان	41
امانسىزدار	ورازا	25
امانسىزدار	بارلىق	34
امانسىزدار	ايتتارىڭىز	40
امانسىزدار	تۋستار	29
امانسىزدارما	كەلىپ	29
امانسىزدارما	قايىرلى	20
امانسىزدارما	امان	43
امانسىزدارما	وي	34
امانسىزدارما	ورازا	48
امانسىزدارما	ايتتارىڭىز	35
امانسىزدارما	دەنساۋلىقتارىڭىز	32
امانسىزدارما	ايتارىڭىز	12
بولاسىڭ	عوي	46
بولاسىڭ	جانىم	14
بولاسىڭ	دەپ	22
دوحتىر	نە	32
دوحتىر	بار	21
دوحتىر	نەدەيدى	28
دوحتىر	حانادا	30
دوحتىر	حاناعا	20
دوحتىرعا	بار	31
دوحتىرعا	الىپ	40
دوحتىرعا	بارىپ	45
دوحتىرعا	بارام	16
دوحتىرعا	جاتىپ	40
دوحتىرعا	اپارىپ	20
دوحتىرعا	بارايىن	20
دوحتىرعا	باراتىن	33
دوحتىرعا	بارامىن	47
دوحتىرعا	كەلگەم	41
دوحتىرعا	باردىڭبا	43
دوحتىرعا	ناعا	40
دوحتىرعا	كورسەتىپ	46
دوحتىرعا	نادا	46
دوحتىرعا	اپارايىن	41
دوحتىرعا	كورىنىپ	43
قالماسىن	جانىم	34
قالماسىن	دەپ	20
قالماسىن	دەگەنىم	12
بالانى	جاقسى	26
بالانى	الىپ	35
بالانى	قايتىپ	21
بالانى	اپارىپ	48
بالانى	تاستاپ	46
بالانى	ەرتىپ	42
بالانى	باعىپ	35
المايتىن	بولدى	42
المايتىن	بولىپ	27
المايتىن	ادام	16
المايتىن	بوپ	40
المايتىن	شىعار	42
المايتىن	ەدىم	29
المايتىن	بولعان	45
المايتىن	بولدىم	46
المايتىن	سياقتى	11
المايتىن	بولدىڭ	48
المايتىن	بولدىق	33
المايتىن	شىعارسىڭ	18
المايتىن	بولدىڭبا	46
المايتىن	سياقتىمىن	47
المايتىن	ۇقسايمىن	31
الاڭداپ	جاتىر	34
الاڭداپ	جاتىرمىن	46
الاڭداپ	وتىر	26
الاڭداپ	وتىرمىن	43
الاڭداپ	كەتتىم	18
الاڭداپ	قالدىم	44
الاڭداپ	جۇرمىن	17
الاڭداپ	تۇرمىن	35
الاڭداپ	قالادى	16
الاڭداپ	ۇيقتاي	42
الاڭداپ	كەتپە	46
بارپ	الىپ	44
بارپ	كەل	44
بارپ	كەلدىم	35
بارپ	الپ	47
بارپ	كەلەيىن	34
بارپ	كەلەيىك	44
بارپ	الدڭبا	42
سىر	بار	33
سىر	تارتىپ	17
سىر	ۇقتىرعان	19
سىرتقا	بارىپ	21
سىرتقا	كەتىپ	45
سىرتقا	شىعا	45
سىرتقا	شىعىپ	44
سىرتقا	قاراپ	10
سىرتقا	شىعارىپ	41
سىرتقا	شعىپ	42
سىرتقا	شىعاتىن	17
سىرتقا	شىققاندا	47
سىرتقا	شىعايىن	32
سىرتقا	شىقساڭ	44
سىرتقا	شىقسام	43
ايتەۇ	مەن	46
ايتەۇ	جاقسى	36
ايتەۇ	بىر	48
ايتەۇ	ماعان	20
ايتەۇ	قاربالاس	45
ولاي	دەپ	41
ولاي	بولسا	40
ولاي	ەمەس	35
ولاي	بولمايدى	7
ولاي	دەمە	19
ولاي	ويلاما	22
ولاي	دەمەدىم	31
ولاي	بۇلاي	44
ولاي	دەمەشى	31
جاسى	ۇلكەن	33
جاسى	ۇزاق	40
جاسى	ۇزىن	3
جاسى	وزاق	32
سۇل	جانىم	24
سۇل	كۇنى	35
سۇل	كەزدە	41
سۇل	جەردە	22
سۇل	ۇشىن	37
سۇل	عۇي	36
سۇلۋ	عوي	22
سۇلۋ	بولسىن	38
سۇلۋ	ەكەن	34
سۇلۋ	بولىپ	24
سۇلۋ	ەمەس	20
سۇلۋ	ەكەنسىڭ	30
سۇلۋ	قىز	19
سۇلۋ	قىزدار	14
سۇلۋ	سۇلۋ	24
سۇلۋ	كەلىنشەك	46
كيىپ	ال	43
كيىپ	الىپ	19
كيىپ	جاتىرمىن	21
كيىپ	جۇر	41
كيىپ	الدىم	29
كيىپ	كورىپ	32
كيىپ	جۇرمىن	44
كيىپ	الايىن	31
كيىپ	جۇرگەن	33
كيىپ	العان	35
كيىپ	الساڭ	42
كيىپ	الىپتى	48
جاتسام	دەپ	48
جاتسام	بولدى	41
جاتسام	سەن	36
جاتسام	ۇيقتاپ	46
جاتسام	ۇيىقتاپ	15
جاتسام	شىركىن	29
جاتسام	تۇرسام	18
اپتە	بولدى	27
اپتەن	قالدى	12
اپتەن	كەشتە	43
اپتەن	جامان	41
اپتەن	بىلەدى	47
اپتەن	بىلەم	42
اپتەن	بىلەسىڭ	39
اپتەن	بىلەمىن	46
اپتەن	شارشادىڭ	35
اپتەن	ويلانىپ	38
اپتەن	شارشادىم	48
اپتەن	مەزى	35
اپتەن	تويدىم	46
ەمەسپىن	عوي	43
ەمەسپىن	جانىم	13
ەمەسپىن	مەن	30
ەمەسپىن	دەپ	40
سالام	عوي	37
سالام	دەپ	14
سالام	دەيدى	19
سالام	ياحشىمۇسىز	38
ايتپاشى	جانىم	36
ايتپاشى	بولدى	14
ايتپاشى	سەن	27
ايتپاشى	ماعان	47
ايتپاشى	وسى	41
ايتپاشى	بولاما	47
قاراما	قارسى	16
قاراماي	كەتتى	15
قاراماي	كەتىپ	40
قاراماي	قويدى	22
قاراماي	كەتتىڭ	34
قاراماي	قويدىڭ	30
جۇرەدى	عوي	20
جۇرەدى	دەپ	13
جۇرەدى	ەكەن	32
جۇرەدى	دەيدى	11
جۇرەدى	ەكەنسىڭ	48
جۇرەدى	ەكەم	17
تۇسىن	جانىم	40
تۇسىن	بولاما	15
تۇسىنىپ	قوي	19
تۇسىنىپ	وتىرمىن	35
تۇسىنىپ	تۇرمىن	34
تۇسىنىپ	قالعان	17
تۇسىنىپ	قالدىڭ	44
تۇسىنىپ	قالادى	39
تۇسىنىپ	تۇرسىڭ	26
تۇسىنىپ	قالما	46
تۇسىنىپ	قالاما	14
تۇسىنىپ	قالماسىن	42
تۇسىنىپ	جۇرمەسىن	16
تۇسىنىپ	جاتقانىڭا	44
تۇسىنىپ	جەتتىم	33
تۇسىنىپ	قالماڭىز	47
جۇرگەندە	مەن	44
جۇرگەندە	جاقسى	43
جۇرگەندە	بىر	47
جۇرگەندە	سەن	33
بارساڭ	مەن	42
بارساڭ	جاقسى	40
بارساڭ	بولدى	32
بارساڭ	بىر	15
بارساڭ	بار	48
بارساڭ	وندا	34
بارساڭ	ماعان	37
بارساڭ	بارىپ	44
بارساڭ	مەنى	40
بارساڭ	بولادى	35
بارساڭ	بىرگە	24
بارساڭ	قابارلاس	46
بارساڭ	بولمايما	47
ۇستىنە	مەن	19
ۇستىنە	بىر	39
ۇستىنە	بۇگىن	37
ۇستىنە	شىعىپ	47
ۇستىنە	قويىپ	36
حۇڭباۋ	جوق	40
حۇڭباۋ	بار	16
حۇڭباۋ	بولسا	43
حۇڭباۋ	بارما	27
حۇڭباۋ	شاي	21
حۇڭباۋ	بەرىپ	39
حۇڭباۋ	ات	25
حۇڭباۋ	اتىپ	30
حۇڭباۋ	كەرەك	13
حۇڭباۋ	اتا	47
حۇڭباۋ	اتشى	42
حۇڭباۋ	شىعاما	18
حۇڭباۋ	اتايىن	36
حۇڭباۋ	شعاما	45
بولايىن	جانىم	48
بولايىن	دەپ	43
بولايىن	سەن	12
بولايىن	دەگەن	40
بولايىن	دەدى	30
بولايىن	دەدىم	13
بولايىن	دەگەندە	19
بولايىن	دەپتى	45
بولايىن	دەدىڭبە	31
قۇلىن	سول	41
قۇلىن	تۋىلعان	9
قۇلىن	تاي	27
قۇلىنىم	سول	27
قۇلىنىم	مەنىڭ	8
قۇلىنىم	تۋىلعان	17
بولامىن	عوي	46
بولامىن	جانىم	16
بولامىن	دەپ	26
بولامىن	اتىم	19
كەتتىك	عوي	16
كەتتىك	جانىم	18
كەتتىك	دەپ	36
كەتتىك	قوي	39
باردى	عوي	11
باردى	دەپ	13
باردى	ەكەن	21
باردىڭ	عوي	18
باردىڭ	جانىم	19
باردىڭ	دەپ	19
باردىڭ	دار	30
باردىڭبا	جانىم	37
كۇندەرىڭىز	قۇتتى	19
كۇندەرىڭىز	كوڭىلدى	34
كۇندەرىڭىز	كۇڭىلدى	3
بر	ادام	13
بر	ەكى	22
بر	كۇن	33
بر	كۇنى	26
بر	جەرگە	36
بر	تۇرلى	47
جاتر	عوي	30
جاتر	دەپ	17
جاتر	ەكەن	30
جاتر	دەيدى	14
جاتر	ەدى	42
جاتر	ەدىڭ	41
مۇعالىم	مەن	43
مۇعالىم	ەكەن	45
مۇعالىم	بار	47
مۇعالىم	تەلەفون	45
مۇعالىم	امانسىزبا	39
شعادى	عوي	31
شعادى	دەپ	14
شعادى	ەكەن	25
شعادى	دەيدى	12
ايتات	دەپ	35
ايتاتىن	بولدى	19
ايتاتىن	نە	37
ايتاتىن	بولىپ	48
ايتاتىن	ادام	42
ايتاتىن	جۇمىس	19
ايتاتىن	شىعار	38
ايتاتىن	ەدىم	17
ايتاتىن	ۋاقىت	32
ايتاتىن	اڭگىمە	46
ايتاتىن	شعار	32
ايتاتىن	سوز	38
قايتەدى	جانىم	45
قايتەدى	دەپ	34
قايتەدى	ەكەن	20
قايتەدى	ەندى	15
قايتەدى	ۇزى	25
قايتەدى	ەي	26
ناعاشى	اعا	46
ناعاشى	اپا	15
ناعاشى	اپام	41
ناعاشى	اتا	24
ناعاشى	اعام	44
ناعاشى	اتام	17
ناعاشى	اپەكە	35
ناعاشى	اعاڭ	46
ناعاشى	اپاڭ	36
ناعاشى	اپاي	46
ناعاشى	اپەكەم	46
ناعاشى	اعاسى	40
ناعاشى	اپاسى	36
ناعاشى	اعامنىڭ	33
ناعاشى	اتاسى	34
جەم	بار	38
جەم	الىپ	43
جەم	بەرىپ	23
جەم	الدىم	15
جەم	سالىپ	46
جەم	جەپ	35
جەم	شوپ	42
جەم	شوبىن	16
جەم	شۇبىن	38
ماۋباس	جانىم	46
ماۋباس	سول	35
ماۋباس	نەعىپ	13
ماۋباس	ۇيقتاپ	44
ماۋباس	ماۋباس	42
قايتىس	بولدى	24
قايتىس	بولىپ	13
قايتىس	بوپ	7
قايتىس	بولعان	22
قايتىس	بولىپتى	10
قايتىس	بوپتى	13
قايتىس	بولپتى	35
قايتىس	بولعاندا	39
تاماقتى	جاقسى	37
تاماقتى	ەندى	20
تاماقتى	ەرتە	21
تاماقتى	كىم	48
تاماقتى	ىشىپ	48
تاماقتى	كوپ	23
تاماقتى	از	34
تاماقتى	قايتىپ	43
تاماقتى	قايدان	34
تاماقتى	جاي	42
تاماقتى	جاساپ	44
تاماقتى	جەپ	48
تاماقتى	قايتەسىڭ	42
تاماقتى	ۋاعىندا	41
تاماقتى	جىلتىپ	36
كەشى	جوق	42
كەشىر	جانىم	13
كەشىر	مەن	12
كەشىر	دەپ	41
كەشىر	ەندى	31
كەشىر	مەنى	38
كەشىر	قاتە	19
كەشىر	ارتىق	44
كەشىر	كەشىر	45
كەلەر	دەپ	13
كەلەر	ەكەن	39
كەلەر	ەمەس	24
كەلەر	ەدىم	28
كەلەر	جولى	46
كەلەر	ايدا	12
كەلەر	جىلى	18
كەلەر	مەكەن	13
كەلەر	اپتا	43
كەلەر	سەنبى	18
كەلەر	ساندا	45
كەلەر	كەتەر	41
كەلەر	اپتادا	46
كەلەر	جىلعى	26
كەلەر	كەتەرى	22
بۇيت	دەپ	46
بۇيتىپ	مەنى	5
بۇيتىپ	جۇرە	41
بۇيتىپ	جۇرسەڭ	37
بۇيتىپ	جۇرگەنشە	41
سۇراي	سال	30
سۇراي	بەر	20
سۇراي	الماي	16
سۇراي	بەرەدى	19
سۇراي	المادىم	25
سۇراي	سۇراي	24
سۇرايىن	دەپ	31
سۇرايىن	دەسەم	11
سۇرايىن	دەگەم	15
سۇرايىن	دەگەنىم	14
سۇيلەي	عوي	32
سۇيلەي	سال	40
سۇيلەي	بەر	21
سۇيلەي	الماي	12
سۇيلەي	بەرەدى	9
سۇيلەي	المايمىن	43
سۇيلەي	بەرسەڭ	31
سۇيلەي	المادىم	42
سۇيلەي	سالشى	14
سۇيلەي	بەرىڭىز	47
بەرىك	بولسىن	48
بەرىك	ەكەن	4
بەرىك	جاسى	30
جاپ	جاقسى	15
جاپ	جاڭا	5
جاپ	جاڭە	17
جاپ	جاس	25
جاپ	جاسىل	12
جاپا	تارتىپ	33
جاپا	شەكتىڭ	41
جاپا	شەگىپ	6
جاپا	شەكتىڭىز	23
جاپا	شەگەتىن	11
جاپا	شەكتىڭىزدەر	28
جاپا	شەكتىڭدەر	19
سەنىكى	عوي	32
سەنىكى	جاقسى	21
سەنىكى	ەكەن	37
سەنىكى	نەدەگەن	41
سەنىكى	قانداي	43
سەنىكى	دۇرىس	40
سەنىكى	قاتە	18
سەنىكى	جون	41
سەنىكى	جۇن	24
دەپتى	عوي	40
دەپتى	ەكەن	13
دەپتى	سودان	28
دەپتى	دەيدى	33
ازامات	بول	45
ازامات	بولسىن	16
ازامات	بولىپ	4
بي	بي	23
بيىل	بىر	15
بيىل	تاعى	27
بيىل	توي	40
كورگەن	جوق	41
كورگەن	جاقسى	15
كورگەن	ادام	47
كورگەن	ەمەس	20
كورگەن	سوڭ	44
كورگەن	كىسىلەر	16
كورگەن	جانە	39
كورگەن	شىعارسىڭ	21
كورگەن	سايىن	33
كورگەن	جوقسىڭ	36
ىستەيتىن	بولدى	33
ىستەيتىن	بىر	36
ىستەيتىن	بولىپ	25
ىستەيتىن	ادام	37
ىستەيتىن	ەكى	15
ىستەيتىن	جۇمىس	44
ىستەيتىن	بولدىم	15
ىستەيتىن	جەر	24
ىستەيتىن	قىز	38
ىستەيتىن	بولدىڭ	47
ىستەيتىن	كىسىلەر	47
ىستەيتىن	بولدىق	35
ىستەيتىن	جىگىتتەر	42
وبال	عوي	22
وبال	جوق	11
وبال	بولدى	20
وبال	ەكەن	11
وبال	بولىپ	15
وبال	بولادى	21
وبال	اي	29
وبال	بوپ	19
وبال	بولعان	40
وبال	ەمەسپە	39
وبال	بولىپتى	27
وبال	بوپتى	47
وبال	بولپتى	42
جۇرمىز	عوي	43
جۇرمىز	جانىم	10
جۇرمىز	دەپ	40
جۇرمىز	سول	41
سۇيتە	عوي	30
سۇيتە	سال	4
سۇيتە	قالادى	25
سۇيتەدى	عوي	22
سۇيتەدى	دەپ	8
سۇيتەدى	ەكەن	39
سۇيتەدى	قوي	13
سۇيتەدى	دەيدى	45
سۇيتەدى	ەكەنسىڭ	38
ولدا	جوق	34
ولدا	جاقسى	20
ولدا	بىر	32
ولدا	سول	20
ولدا	بار	44
ولدا	بولسا	40
ولدا	بولادى	33
ولدا	دۇرىس	23
ولدا	جون	29
ەلدە	جوق	45
ەلدە	اقشا	19
ەلدە	نەمىز	15
ەلدەن	الىپ	18
ەلدەن	اقشا	20
ەلدەن	الدىم	20
ەلدەن	ۇيات	47
ەلدەن	سۇراپ	15
ەلدەن	العان	17
ەلدەن	بۇرىن	31
ەلدەن	الاتىن	44
ەلدەن	ەرەك	36
ەلدەن	ەستىپ	45
ەلدەن	قارىز	40
كەلپ	تۇر	19
كەلپ	تاماق	20
كەلپ	كەتتى	40
كەلپ	قالدى	28
كەلپ	شاي	43
كەلپ	الدى	46
كەلپ	الدىم	35
كەلپ	جەتكەن	34
كەلپ	الپ	18
كەلپ	الدڭبا	32
كەلپ	الدم	33
دانىم	سول	25
دانىم	مەنىڭ	12
دانىم	دانىم	15
دانىم	شول	12
جالعاستى	ادام	37
جالعاستى	جولداپ	44
جالعاستى	الاتىن	47
جالعاستى	زاكاز	33
جالعاستى	الاتىندارىڭىز	38
جالعاستى	جۇلدەلى	43
جالعاستى	بايگەلى	22
جالعاستى	بيىكتەردەن	19
جالعاستى	قۇلشىن	29
اپتا	بولدى	19
اپتا	بار	12
اپتا	بولىپ	37
اپتا	قالدى	44
اپتا	جاتىپ	43
اپتا	بۇرىن	47
اپتا	سايىن	44
ۇرسا	الماي	20
ۇرسام	نەگە	22
ۇرسام	بولاما	42
ۇرسام	الماي	11
ۇرسام	المايسىڭ	16
ۇرسام	المادى	14
ۇرسام	المايدى	19
ۇرسام	قولايلى	19
ۇرسام	المادىڭ	42
ۇرسام	قولايلىما	18
ىسكە	كەلىپ	42
ىسكە	كەتىپ	45
ىسكە	شىعىپ	44
ىسكە	امال	12
ىسكە	شعىپ	38
ىسكە	شىعادى	37
ىسكە	شىقتىم	38
ىسكە	شىعاتىن	45
ىسكە	شىققاندا	47
ىسكە	شىعام	39
ىسكە	شىقتىڭبا	40
ىسكە	شىعامىن	30
ىسكە	شىعاسىڭ	21
ەلۋ	يۋان	44
ەلۋ	اتىپ	10
ەلۋ	سوم	47
ەلۋ	مىڭ	9
ەلۋ	تاي	19
ەلۋ	تيىن	47
تۇسىرىپ	بولىپ	36
تۇسىرىپ	جاتىر	46
تۇسىرىپ	ال	21
تۇسىرىپ	الىپ	43
تۇسىرىپ	جاتىرمىن	33
تۇسىرىپ	بەر	32
تۇسىرىپ	الدىم	46
تۇسىرىپ	بەرەيىن	44
تۇسىرىپ	الايىن	46
تۇسىرىپ	تاستاپ	45
تابا	بەر	35
تابا	الماي	39
تابا	الدىڭبا	5
تابا	المايمىن	33
تابا	المايسىڭ	36
تابا	المادىم	31
تابا	المايدى	13
تابا	الماساڭ	40
دەڭىز	مەن	47
دەڭىز	جاقسى	34
دەڭىز	سول	41
دەڭىز	وندا	43
دەڭىز	جارايدى	36
دەڭىز	اعا	17
ومىر	عوي	45
ومىر	اي	23
ومىر	دەگەن	25
ومىر	ەمەسپە	21
ومىر	بەكەر	19
ومىر	جاسى	47
ومىر	بويى	19
ومىر	جاسىڭ	18
ومىر	سۇرىپ	26
كۇلىپ	جاتىرمىن	39
كۇلىپ	وتىر	47
كۇلىپ	وتىرمىن	41
كۇلىپ	جۇر	27
كۇلىپ	تۇرىپ	31
كۇلىپ	كەتتىڭ	31
كۇلىپ	قويىپ	22
كۇلىپ	جۇرە	44
كۇلىپ	جۇرگەن	40
كۇلىپ	ويناپ	41
كۇلىپ	ولدىم	39
كۇلىپ	ۇلدىم	36
ۇمىر	عوي	44
ۇمىر	اي	20
ۇمىر	دەگەن	28
ۇمىر	ەمەسپە	25
ۇمىر	جاسى	17
ۇمىر	بويى	19
ۇمىر	جاسىڭ	19
ۇمىر	سۇرىپ	22
ۇيقتايىن	جانىم	37
ۇيقتايىن	دەپ	27
ۇيقتايىن	وندا	4
ۇيقتايىن	دەسەم	38
الباتى	ادام	19
الباتى	نارسە	28
الباتى	سويلەپ	21
الباتى	ادامعا	39
الباتى	سويلەمە	42
الباتى	ەلگە	24
قاجەتى	جوق	45
قاجەتى	نە	2
قاجەتى	بار	25
قاجەتى	بارما	25
قاجەتى	قالمادى	34
قاجەتى	شامالى	37
گۇل	الىپ	31
گۇل	بەرىپ	29
گۇل	اشىپ	43
گۇل	قىزدار	37
گۇل	شىعاتىن	46
گۇل	گۇل	44
جەتپەي	جاتىر	40
جەتپەي	تۇر	16
جەتپەي	قالدى	10
جەتپەي	جۇر	11
جەتپەي	قالعان	41
جەتپەي	قالادى	43
جەتپەي	قالاتىن	28
جەتپەي	قالاما	44
جەتپەي	جاتسا	25
جەتپەي	قالماسىن	46
ۇينە	كەلىپ	42
ۇينە	بارىپ	28
ۇينە	كەتتى	13
ۇينە	كەتىپ	37
ۇينە	كەلدىم	38
ۇينە	بارام	27
ۇينە	اپارىپ	39
ۇينە	كىرىپ	29
ۇينە	كەلدىك	43
ۇينە	كەلگەم	44
ۇينە	بارپ	47
كىشى	اعا	43
كىشى	ەكەنسىڭ	20
كىشى	اپام	36
كىشى	اعام	41
كىشى	اتام	33
كىشى	اكەم	43
كىشى	اكەسى	26
كىشى	اكەمنىڭ	36
كىشى	دارەت	36
كىشى	كىرىم	40
بىرەۋى	جوق	21
بىرەۋى	بار	27
بىرەۋى	قانشا	27
بىرەۋى	يۋان	41
باعادا	بىر	42
باعادا	الىپ	43
باعادا	يۋان	21
باعادا	تەك	18
باعادا	كىرەسى	40
باعادا	ساتىلادى	39
اپاڭ	مەن	18
اپاڭ	جاقسى	44
اپاڭ	بار	37
اپاڭ	كەلىپ	26
اپاڭ	قايدا	39
اپاڭ	بارما	39
اپاڭ	قانداي	32
اپاڭ	ەكەۋىڭ	19
اپاڭ	اتاڭ	45
ەلدەر	الىپ	47
ەلدەر	مەنى	43
ەلدەر	ايتىپ	43
ەلدەر	قۇساپ	45
ەلدەر	ايتادى	32
ايتبەسە	مەن	39
ايتبەسە	بىر	28
ايتبەسە	سەن	44
قايىن	جان	47
قايىن	اعا	29
قايىن	اپام	18
قايىن	اعام	36
قايىن	اتام	25
قايىن	اعاڭ	44
قايىن	سىڭىلىم	35
قايىن	اپەكەم	15
قايىن	اعاسى	32
قايىن	اپاسى	45
قايىن	اتاسى	39
قايىن	جۇرت	43
قايىن	سىڭىلىڭ	46
قايىن	جۇرتقا	43
قايىن	بيكە	34
قايىن	بيكەم	34
التاي	جاققا	31
التاي	قالاسى	19
التاي	كوكتوعاي	18
التاي	قابادان	38
التاي	ايماعى	36
التايعا	بىر	19
التايعا	كەلىپ	19
التايعا	ادام	36
التايعا	بارىپ	42
التايعا	ەكى	18
التايعا	كەتىپ	32
التايعا	شىعىپ	26
التايعا	بارام	39
التايعا	اپارىپ	41
التايعا	باراتىن	45
التايعا	شىعاتىن	16
تاماعى	جاقسى	15
تاماعى	بار	15
تاماعى	اۋىرىپ	15
تاماعىڭ	قانداي	19
تاماعىڭ	اۋىرىپ	24
تاماعىڭ	اس	21
تاماعىڭ	دامدى	20
تاماعىڭ	قارلىقپاسىن	16
تاماعىڭدى	جاقسى	8
تاماعىڭدى	ىش	47
تاماعىڭدى	ىشىپ	20
تاماعىڭدى	ىستەپ	8
تاماعىڭدى	ءىشىپ	40
تاماعىڭدى	جاساپ	43
تاماعىڭدى	شىپ	30
تاماعىڭدى	ىشتىڭبە	36
تاماعىڭدى	ۋاعىندا	10
تاماعىڭدى	تويىپ	18
تاماعىڭدى	ىشتىڭبا	28
جاڭبىر	بار	44
جاڭبىر	قاتتى	33
جاڭبىر	قۇيىپ	42
جاڭبىر	جاۋىپ	19
جاڭبىر	جاۋدى	9
جاڭبىر	جاۇىپ	19
جاڭبىر	جاۋدىما	38
جاڭبىر	جاۋعان	15
جاڭبىر	جاۋادى	36
جاڭبىر	جاۋسا	30
قاپتى	عوي	29
قاپتى	دەپ	13
قاپتى	ەكەن	29
قاپتى	دەيدى	35
قاپتى	سونى	44
كشكەنە	عوي	44
كشكەنە	ەكەن	36
كشكەنە	بولىپ	26
كشكەنە	بالا	29
كشكەنە	ماشينا	17
كشكەنە	قىز	21
قوزى	جوق	45
قوزى	بار	38
قوزى	قوي	25
قوزى	تۇياق	43
جاندار	سىزدەرگە	38
جاندارىم	سول	24
جاندارىم	مەنىڭ	10
جاندارىم	امان	32
جاندارىم	ايتقاندارىڭ	45
الاڭسىز	بول	29
الاڭسىز	بولدىم	5
الاڭسىز	بولشى	36
الاڭسىز	بولىڭىز	17
بەرەمىز	عوي	18
بەرەمىز	دەپ	15
بەرەمىز	دەيدى	15
بەرەمىز	دەگەن	18
كوش	بايسالدى	34
كوش	كولىكتى	2
كوشە	جاققا	20
كوشە	جاقتا	13
كوشە	ارالاپ	19
كوشەگە	كەلىپ	11
كوشەگە	بارىپ	46
كوشەگە	كەتتى	16
كوشەگە	كەتىپ	45
كوشەگە	كەلدىم	44
كوشەگە	شىعىپ	46
كوشەگە	بارايىن	13
كوشەگە	شعىپ	45
كوشەگە	كولىك	31
كوشەگە	شىق	40
كوشەگە	شىقتىم	46
كوشەگە	شىعايىن	43
جاقتان	بىر	33
جاقتان	ۇي	28
جاقتان	جۇمىس	45
جاقتان	كەلگەن	42
جاقتان	شىقتى	43
بۇرىنعى	كەز	44
بۇرىنعى	جەردە	39
بۇرىنعى	سياقتى	39
ءوزىم	بىر	43
ءوزىم	الىپ	46
ءوزىم	بارىپ	39
ءوزىم	عانا	36
ءوزىم	جالعىز	36
ءوزىم	بىلەم	40
ءوزىم	قابارلاسايىن	28
وكىل	بار	46
وكىل	سالىپ	46
وكىل	قويىپ	30
وكىل	دارى	38
وكىل	اسىپ	38
وكىل	سالدىر	36
وكىل	سالدىرىپ	44
وكىل	استىرىپ	13
وكىل	قويدىرىپ	14
قالسام	جاقسى	18
قالسام	بولدى	35
قالسام	سەن	44
قالسام	بولادى	36
قالسام	ۇيات	44
قالسام	قيىن	34
قالسام	بولمايدى	44
قالسام	قايتەم	46
قالسام	قايتەسىڭ	19
قالسام	رەنجىمە	29
ساقتاپ	قوي	46
ساقتاپ	ال	15
ساقتاپ	الىپ	20
ساقتاپ	جۇر	35
ساقتاپ	الدىم	43
ساقتاپ	قويدىم	40
ساقتاپ	جۇرمىن	19
ساقتاپ	قويىپ	30
ساقتاپ	قويايىن	38
ساقتاپ	قويعان	29
ساقتاپ	قويعام	39
ساقتاپ	قويام	29
ايتقام	عوي	40
ايتقام	مەن	16
ايتقام	جوق	40
ايتقام	ساعان	9
قازا	قايىرلى	32
قازا	قايرلى	3
قازا	ارتى	12
قازاق	ەكەن	19
قازاق	بالا	39
قازاق	قىز	32
قازاق	كىسى	37
قازاق	ەلىنە	46
قازاق	ىستانعا	31
قازاق	ەلىندە	34
قازاق	ەلىنەن	45
ايتپاي	جاقسى	45
ايتپاي	تۇر	41
ايتپاي	وتىر	35
ايتپاي	اق	38
ايتپاي	كەتىپ	17
ايتپاي	قويدى	38
ايتپاي	قويدىڭ	31
جاقسىڭبا	جانىم	30
جاقسىڭبا	نەعىپ	15
جاقسىڭبا	دوسىم	22
جاقسىڭبا	ايتىڭ	33
جاقسىڭبا	دەنساۋلىعىڭ	46
بەرىڭىز	مەن	38
بەرىڭىز	دەپ	32
بەرىڭىز	شى	26
اقشام	جوق	32
اقشام	بار	12
اقشام	بولسا	11
اقشام	جەتپەي	32
اقشام	تيمەي	15
اقشام	تيسە	37
اقشام	جەتبەي	45
اقشام	بارەدى	24
شوشىپ	وتىرمىن	38
شوشىپ	كەتتى	29
شوشىپ	كەتتىم	35
شوشىپ	قالدىم	12
شوشىپ	تۇرمىن	13
شوشىپ	كەتتىڭ	30
شوشىپ	قالدىڭبا	39
شوشىپ	كەتكەن	20
شوشىپ	كەتىم	44
شوشىپ	كەتتىڭبە	42
شوشىپ	ويانىپ	41
شوشىپ	وياندىم	36
ۇزىن	عوي	43
ۇزىن	بولسىن	46
ۇزىن	ەكەن	26
ۇزىن	بولىپ	30
ۇزىن	بولسا	39
ۇزىن	ۇزى	42
ۇزىن	ۋاقىت	26
ۇزىن	اعاش	32
ۇزىن	اعاشقا	46
قالماي	الىپ	36
قالماي	كەل	20
قالماي	كەلىپ	30
قالماي	بارىپ	37
قالماي	قالدى	43
قالماي	قالعان	14
قالماي	قالادى	43
قالماي	قالىپتى	35
قالماي	بارادى	41
قالماي	كەلىڭدەر	38
قالماي	قالماسىن	29
قالماي	كەلىڭىزدەر	37
جەجەم	مەن	25
جەجەم	بار	45
جەجەم	كەلىپ	23
جەجەم	ەكەمىز	44
جەجەم	ۇيىنە	30
شىعام	عوي	38
شىعام	جانىم	15
شىعام	دەپ	34
شىعام	دەيدى	17
شىعام	دەگەن	30
قولى	بولىپ	44
قولى	بوس	19
قولى	تيمەي	15
قولىم	ەندى	18
قولىم	اۋىرىپ	38
قولىم	بوس	22
قولىم	بارماي	21
قولىم	تيىپ	40
قولىم	تيمەي	20
قولىم	تيسە	13
قولىم	قاقساپ	33
قولىم	بوساعاندا	31
قولىم	بوساپ	17
قولىم	تيگەندە	39
قولىم	تيمەيدى	37
قولىم	بوسادى	25
قولىم	تىيمەي	32
قولىم	بوساماي	36
بىلدى	عوي	36
بىلدىم	عوي	11
بىلدىم	جانىم	22
بىلدىم	بولدى	13
بىلدىم	راحىمەت	40
تاۇىپ	ال	44
تاۇىپ	الىپ	28
تاۇىپ	بەر	37
تاۇىپ	بەرىپ	18
تاۇىپ	الدىم	36
تاۇىپ	اتىپ	20
تاۇىپ	بەرە	43
تاۇىپ	بەرەيىن	36
تاۇىپ	الدىڭبا	22
تاۇىپ	العان	39
تاۇىپ	بەرەم	35
تاۇىپ	بەرشى	32
تاۇىپ	بەرسەڭ	16
وتىرا	عوي	44
وتىرا	تۇر	33
وتىرا	بەر	25
وتىرا	الماي	14
وتىرا	بەرەم	19
وتىرا	بەرەدى	36
وتىرا	بەرسىن	32
وتىرا	بەرەتىن	22
وتىرا	المايمىن	40
وتىرا	بەرسەڭ	32
وتىرا	المايدى	34
وتىرا	بەرىڭدەر	36
وتىرايىق	دەپ	29
وتىرايىق	وندا	17
وتىرايىق	قاي	45
وتىرايىق	دەيدى	41
وتىرايىق	بولاما	31
وتىرايىق	اتىڭىز	16
شىقسا	مەن	29
شىقسا	جاقسى	46
شىقسا	بولدى	20
شىقسا	ەكەن	18
شىقسا	بىر	36
شىقسا	ماعان	43
شىقسا	بارىپ	43
شىقسا	بەرىپ	46
شىقسا	اتىپ	46
ىشەيىك	دەپ	46
ىشەيىك	وندا	8
ىشەيىك	دەيدى	41
ىشەيىك	بولاما	24
ىشەيىك	دەسەم	27
مەكتەپكە	كەلىپ	39
مەكتەپكە	بارىپ	33
مەكتەپكە	كەتتى	18
مەكتەپكە	كەتىپ	36
مەكتەپكە	اپارىپ	34
مەكتەپكە	باراتىن	17
مەكتەپكە	بارعاندا	41
مەكتەپكە	بارادى	43
مەكتەپكە	جاقىن	19
شەشەسى	جوق	40
شەشەسى	بار	32
شەشەسى	ەكەۋى	21
شەشەسى	قايتىس	42
شەشەسى	قايتس	18
ۇكى	تاعىپ	42
ۇكىل	بار	16
ۇكىل	سالىپ	45
ۇكىل	قويىپ	33
ۇكىل	دارى	41
ۇكىل	اسىپ	42
ۇكىل	سالدىرىپ	32
ۇكىل	استىرىپ	16
ۇكىل	قويدىرىپ	11
ۇكىل	قۇيدىرىپ	19
بۇلدى	جانىم	45
بۇلدى	مەن	27
بۇلدى	دەپ	46
بۇلدى	ەندى	44
بۇلدى	عۇي	33
بۇلدى	ۇندا	16
بىرەۋگە	بارىپ	34
بىرەۋگە	ايتىپ	42
بىرەۋگە	بەرىپ	31
بىرەۋگە	بەرە	31
بىرەۋگە	سويلەپ	38
بىرەۋگە	بەرەتىن	35
بىرەۋگە	كەزىگىپ	44
اسا	الماي	46
اسا	المايدى	13
اسابا	جان	26
اسابا	جانىم	15
اسابا	سالەم	45
اسابا	دوسىم	41
اسابا	قىز	39
جازدا	بىر	33
جازدا	بارىپ	30
جازدا	تاۋعا	44
ىستەت	جانىم	42
ىستەت	دەپ	13
ىستەتىپ	جاتىر	18
ىستەتىپ	الىپ	34
ىستەتىپ	تۇر	37
ىستەتىپ	جاتىرمىن	27
ىستەتىپ	جۇر	20
ىستەتىپ	جۇرمىن	44
ىستەتىپ	جاتقان	32
ىستەتىپ	جۇرگەن	36
ىستەتىپ	كورەيىن	29
ىستەتىپ	تۇرايىن	42
ىستەتىپ	كورىڭىز	35
جالپى	قوي	40
جالپى	قانشا	46
جالپى	يۋان	33
جالپى	دوستار	36
جالپى	ساباقتاستار	39
جالپى	تۋستار	20
جالپى	تۋىستار	19
جالپى	تۇياق	40
جالپى	سانى	43
جالپى	تاستاعان	31
جالپى	جيىنى	45
جالپى	بەتتىك	44
قايتتى	عوي	17
قايتتى	جانىم	25
قايتتى	دەپ	22
قايتتى	ەكەن	31
قايتتىم	عوي	17
قايتتىم	جانىم	24
قايتتىم	دەپ	18
قايتتىم	ۇيگە	29
قايتتىم	دەشى	17
تۇرايىن	جانىم	35
تۇرايىن	دەپ	27
تۇرايىن	وندا	12
تۇرايىن	دەيدى	36
تۇرايىن	بولاما	44
تۇرايىن	دەسەم	43
تۇرايىن	دەگەم	25
بەتى	جوق	29
بەتى	قالىڭ	23
بەتى	ماي	34
بەتى	قول	43
بەتى	قولىمدى	19
بەتى	قولىڭدى	12
تۇسكە	تاماق	33
تۇسكە	دەيىن	40
تۇسكە	تاياپ	5
تۇسكە	تامان	16
تۇسكە	تاياۋ	35
تۇسكە	شەيىن	19
تۇسكەن	جوق	34
تۇسكەن	ەكەن	19
تۇسكەن	كۇنى	35
تۇسكەن	سوڭ	38
تۇسكەن	كەزدە	11
تۇسكەن	راسىم	27
بولۋ	دەگەن	23
بولۋ	كەرەك	43
بولۋ	قيىن	5
بولۋ	ۇشىن	42
بولۋ	وڭاي	19
بولۋ	مۇمكىن	46
بىلەمىن	عوي	21
بىلەمىن	جانىم	11
بىلەمىن	مەن	14
بىلەمىن	سەن	46
بىلەمىن	بىراق	45
دالادا	وتىرمىن	29
دالادا	جۇر	35
دالادا	جۇمىس	20
دالادا	قالدىم	36
دالادا	جۇرمىن	35
دالادا	قالعان	25
دالادا	جاتقان	33
دالادا	جۇرگەن	29
دالادا	جۇرىپ	37
دالادا	قالادى	42
دالادا	قالىپ	42
دالادا	قالاسىڭ	36
جاقسما	جانىم	40
جاقسما	مەن	19
جاقسما	نەعىپ	45
جاقسما	دوسىم	21
تىم	جاقسى	43
تىم	بولماسا	26
تىم	بولماعاندا	12
تىم	تىرىس	17
تىم	تىرس	8
تىماۋ	جاقسى	19
تىماۋ	ەكەن	37
تىماۋ	بار	42
تىماۋ	قانداي	25
تىماۋ	قاتتى	27
تىماۋ	دارى	38
تىماۋ	تيىپ	36
تىماۋ	تىيىپ	8
قاتىپ	جاتىر	13
قاتىپ	تۇر	35
قاتىپ	وتىر	19
قاتىپ	وتىرمىن	32
قاتىپ	كەتتى	38
قاتىپ	قالدى	16
قاتىپ	جۇر	14
قاتىپ	قالدىم	28
قاتىپ	قالعان	27
قاتىپ	قالدىڭ	27
قاتىپ	قالادى	19
شارشادى	عوي	32
شارشادىڭ	عوي	7
شارشادىڭ	جانىم	4
شارشادىڭ	قوي	20
شارشادىڭ	اۋ	30
شارشادىڭ	ەرتەرەك	17
تۋستار	كەلىپ	45
تۋستار	قايىرلى	29
تۋستار	امان	42
تۋستار	ورازا	25
تۋستار	ايتتارىڭىز	37
تۋستار	امانسىزدار	39
تۋستار	امانسىزدارما	30
بىلمەيىم	عوي	8
بىلمەيىم	جانىم	29
بىلمەيىم	مەن	32
بىلمەيىم	ايتەۋ	42
ۇزىڭدە	جانىم	16
ۇزىڭدە	جوق	43
ۇزىڭدە	جاقسى	38
ۇزىڭدە	راحىمەت	10
ۇزىڭدە	كەل	43
ۇزىڭدە	امان	21
ۇزىڭدە	ايتىڭ	39
ۇزىڭدە	ەرتەرەك	38
ۇزىڭدە	بىلەسىڭ	23
قولىڭ	قانداي	30
قولىڭ	بوس	31
قولىڭ	تيمەي	14
قولىڭ	تيسە	35
قولىڭ	بوساعاندا	18
قولىڭ	تيگەندە	11
قولىڭ	قۋاتتى	24
قولىڭ	بوسپا	36
قولىڭ	تيەمە	21
قولىڭ	بوسايدى	33
قولىڭ	بوساسا	45
قولىڭ	بوسادىما	44
جاتاق	جوق	44
جاتاق	بار	43
جاتاق	الىپ	33
جاتاق	تاماق	42
جاتاق	اشىپ	14
جاتاق	مايلاپ	16
جاتاق	تاماعىن	46
جاتاق	اشاتىن	29
جاتاق	اشتىرىپ	35
نەمەنەگە	ايتاسىڭ	12
نەمەنەگە	باراسىڭ	45
نەمەنەگە	كۇلەسىڭ	40
نەمەنەگە	قورقاسىڭ	35
نەمەنەگە	رەنجيمىن	39
جۇمىستا	عوي	32
جۇمىستا	جانىم	45
جۇمىستا	سول	45
جۇمىستا	وتىرمىن	26
جۇمىستا	قاربالاس	18
جۇمىستا	مىن	33
جۇمىستا	جۇرمىن	43
سۇيلەسىپ	جاتىر	18
سۇيلەسىپ	جاتىرسىڭ	25
سۇيلەسىپ	ال	16
سۇيلەسىپ	جاتىرمىن	23
سۇيلەسىپ	وتىرمىن	18
سۇيلەسىپ	قويدىم	36
سۇيلەسىپ	الايىن	40
سۇيلەسىپ	كۇر	43
سۇيلەسىپ	جۇرگەن	27
سۇيلەسىپ	كۇرەيىن	36
كۇرەم	عوي	38
كۇرەم	جانىم	12
كۇرەم	دەپ	16
كۇرەم	سەنى	18
كۇرەم	دەيدى	28
بالاڭ	جاقسى	38
بالاڭ	بار	38
بالاڭ	قايدا	13
بالاڭ	بارما	38
بالاڭ	قانداي	29
بالاڭ	ۇشىن	23
بالاڭ	ەكەۋىڭ	25
سونشا	جاقسى	45
سونشا	نە	18
سونشا	نەگە	36
سونشا	ۋاقىت	41
سونشا	جىل	37
سونشا	جەردەن	29
شالىم	دەپ	33
شالىم	جوق	36
شالىم	سول	37
شالىم	بار	23
شالىم	كەلىپ	18
شالىم	مەنىڭ	42
شالىم	شالىم	15
شالىم	مەنڭ	44
دۇكەن	بار	37
دۇكەن	اشىپ	40
دۇكەن	جاققا	12
دۇكەن	اشىق	41
دۇكەن	اشقان	29
دۇكەن	اشاتىن	32
دۇكەن	اشادى	23
دۇكەن	اشام	40
دۇكەن	اشامىن	39
دۇكەندە	سول	36
دۇكەندە	بار	43
دۇكەندە	ادام	45
دۇكەندە	وتىرمىن	23
دۇكەندە	قاربالاس	17
دۇكەندە	بارسىڭبا	42
دۇكەندە	ناق	20
دۇكەندە	بارسىزبا	21
اقشاڭ	جوق	40
اقشاڭ	بار	16
اقشاڭ	بولسا	17
اقشاڭ	قايدا	15
اقشاڭ	بارما	26
اقشاڭ	كوپ	13
اقشاڭ	كۇپ	29
اقشاڭدى	مەن	40
اقشاڭدى	الىپ	39
اقشاڭدى	بەرىپ	18
اقشاڭدى	ات	32
اقشاڭدى	اتىپ	36
اقشاڭدى	بەرە	16
اقشاڭدى	بەرەيىن	32
اقشاڭدى	تاۋىپ	39
اقشاڭدى	الدىڭبا	34
اقشاڭدى	بەرەم	39
اقشاڭدى	قايتارىپ	39
اقشاڭدى	اتا	24
جاتاققا	ەندى	41
جاتاققا	كەلىپ	38
جاتاققا	بارىپ	14
جاتاققا	كەلدىم	16
جاتاققا	جاتىپ	25
جاتاققا	كەپ	21
جاتاققا	كىرىپ	43
جاتاققا	بارعاندا	44
كۇي	جوق	33
كۇي	جاقسى	8
كۇي	بار	14
كۇي	قالاي	32
كۇي	قانداي	19
كۇي	دۇرىس	36
كۇي	كەشىپ	41
ءايتەۋ	مەن	43
ءايتەۋ	بىر	36
ءايتەۋ	سەن	21
ءايتەۋ	ماعان	45
ءايتەۋ	قاربالاس	43
بەرىڭىزدەرشى	راحىمەت	44
بەرىڭىزدەرشى	بىلەتىندەرىڭىز	9
بازار	باعاسى	19
بازار	جاققا	26
بازار	ارالاپ	20
بازارعا	بىر	21
بازارعا	كەلىپ	28
بازارعا	بارىپ	43
بازارعا	كەتىپ	15
بازارعا	بارام	35
بازارعا	مال	37
بازارعا	اپارىپ	31
بازارعا	بارايىن	40
بازارعا	باراتىن	41
بازارعا	بارامىن	18
بازارعا	باراسىڭبا	44
بازارعا	اپاراتىن	42
بازارعا	سالىنعان	32
مەنىڭدە	جانىم	39
مەنىڭدە	بىر	40
مەنىڭدە	ساعان	35
مەنىڭدە	جۇرەگىم	45
مەنىڭدە	باسىم	24
مەنىڭدە	ۇيقىم	18
مەنىڭدە	بارعىم	20
مەنىڭدە	امالىم	41
ولىپ	جاتىر	19
ولىپ	قالا	34
ولىپ	قالدى	19
ولىپ	بارا	23
ولىپ	قالعان	34
ولىپ	كەتە	25
ولىپ	قالادى	35
ولىپ	قالىپتى	43
ولىپ	قالسا	44
ولىپ	قالاتىن	37
ولىپ	قالسام	32
ولىپ	كەتسەم	21
ولىپ	تالىپ	44
ولىپ	العىم	43
ولىپ	وشىپ	42
قوسا	سال	35
قوسا	بەر	18
قوسا	الماي	36
قوسا	المايمىن	34
قوسا	سالشى	45
قوسا	سالىڭىز	26
قوسا	قارتاي	36
قوسا	قارتايىڭدار	26
قوسا	وتىرىڭىزدار	9
قوسا	اعارىڭدار	34
ەدىك	عوي	42
ەدىك	دەپ	19
ەدىك	قوي	38
لاۋبان	جوق	12
لاۋبان	بىر	40
لاۋبان	بار	40
لاۋبان	بولىپ	45
لاۋبان	ادام	43
لاۋبان	دوسىم	36
لاۋبان	اقشا	34
تۇنى	مەن	44
تۇنىمەن	ىشىپ	23
تۇنىمەن	اۋىرىپ	45
تۇنىمەن	ۇيقى	25
تۇنىمەن	ۇيقتاي	43
تۇنىمەن	قىزىپ	29
تۇنىمەن	ۇيىقتاي	42
تۇنىمەن	ۇيقتاماي	41
تۇنىمەن	ۇيقتامادىم	19
اقىماق	بولىپ	37
اقىماق	كورىپ	32
اقىماق	قىلىپ	43
اقىماق	قىلادى	11
اقىماق	قىلاسىڭ	45
اقىماق	قىلعان	28
اقىماق	قىلاتىن	30
اقىماق	قىلما	32
اقىماق	قىلماي	32
اقىماق	قىلدىڭ	21
اقىماق	قىلمادىم	32
اقىماق	قىلماشى	41
اقىماق	قىلعانىڭ	17
سوڭعى	بولسىن	44
سوڭعى	بىر	44
سوڭعى	ەكى	16
سوڭعى	كۇن	32
سوڭعى	كۇنى	23
سوڭعى	شاي	17
سوڭعى	تال	29
سوڭعى	رەت	45
الىپتى	عوي	13
الىپتى	دەپ	10
الىپتى	ەكەن	25
الىپتى	دەيدى	38
جاقسىزبا	نەعىپ	38
جاقسىزبا	اعا	37
جاقسىزبا	جەجە	25
جاقسىزبا	ايتىڭىز	20
جاقسىزبا	جەڭگە	43
جاعى	جاقسى	36
جاعى	بار	42
جاعى	تاعى	21
ۇلىپ	جاتىر	45
ۇلىپ	قالا	38
ۇلىپ	قالدى	18
ۇلىپ	بارا	22
ۇلىپ	قالعان	38
ۇلىپ	كەتە	26
ۇلىپ	قالادى	36
ۇلىپ	قالىپتى	40
ۇلىپ	قالپتى	44
ۇلىپ	قالسا	44
ۇلىپ	قالاتىن	37
ۇلىپ	قالسام	34
ۇلىپ	ۇشىپ	20
ۇلىپ	تالىپ	36
ۇلىپ	العىم	44
ەرىپ	بار	40
ەرىپ	بارىپ	44
ەرىپ	كەتتى	21
ەرىپ	كەتىپ	37
ەرىپ	جۇر	42
ەرىپ	جۇرگەن	30
كورەيىك	جانىم	41
كورەيىك	دەپ	31
كورەيىك	وندا	18
كورەيىك	دەيدى	30
كورەيىك	بولاما	36
قويىڭىز	مەن	35
قويىڭىز	راحىمەت	38
قويىڭىز	شى	41
قويىڭىز	دار	24
شىقتىڭ	عوي	30
شىقتىڭبا	جانىم	9
جۇمىستان	ەندى	16
جۇمىستان	كەلىپ	20
جۇمىستان	ازىر	23
جۇمىستان	جاڭا	40
جۇمىستان	تۇسىپ	33
جۇمىستان	جاڭە	13
جۇمىستان	جاي	27
جۇمىستان	تۇسكەن	34
جۇمىستان	تۇستىم	27
جۇمىستان	تۇسكەندە	39
جۇمىستان	تۇستىڭبە	29
جۇرسىڭبە	جانىم	16
جۇرسىڭبە	دەپ	19
جۇرسىڭبە	جوق	45
جۇرسىڭبە	نە	43
كۇرشى	جانىم	44
يت	ەكەن	26
يت	بولىپ	23
يت	بوپ	17
يت	ەكەنسىڭ	33
يت	قىلىپ	31
يت	قۇساپ	32
يت	نەمە	24
يت	بولايىن	33
يت	بوق	38
يت	قۇرلى	28
يت	جەسىن	44
يت	بىلەمە	41
كەڭ	عوي	42
كەڭ	بول	41
كەڭ	ەكەن	33
كەڭ	بولىپ	30
كەڭ	بولسا	36
كەڭ	جەر	38
كەڭ	بولساڭ	43
كەڭ	ۇستا	24
كەڭ	ۋاقىتتا	30
كەڭ	شالقار	44
كەڭ	پەيىل	44
كەڭ	كولەمدە	39
كۇردى	عوي	19
كۇردىم	عوي	10
كۇردىم	جانىم	15
كۇردىم	دەپ	19
كەتسەڭ	مەن	33
كەتسەڭ	جاقسى	23
كەتسەڭ	بولدى	20
كەتسەڭ	مەندە	12
كەتسەڭ	بولادى	43
كەتسەڭ	بولمايدى	25
كەتسەڭ	قايتەم	40
كەتسەڭ	بولمايما	34
اقشامدى	الىپ	18
اقشامدى	قاشان	21
اقشامدى	بەر	44
اقشامدى	بەرىپ	25
اقشامدى	اتىپ	43
اقشامدى	بەرە	18
اقشامدى	تاۋىپ	19
اقشامدى	سۇراپ	18
اقشامدى	قايتار	41
اقشامدى	قايتارىپ	24
اقشامدى	اتا	19
اقشامدى	بەرمەي	37
سىياقتى	عوي	33
سىياقتى	ەكەن	17
سىياقتى	بىر	42
سىياقتى	بولىپ	43
سىياقتى	ەدى	25
سىياقتى	ەدىم	28
سىياقتى	ەدىڭ	44
تىنش	بولسىن	43
تىنش	بولدى	34
تىنش	ەكەن	43
تىنش	بولىپ	38
تىنش	جات	45
تىنش	قوي	26
تىنش	بولسا	41
تىنش	وتىر	42
تىنش	جۇر	16
جاترمىن	عوي	27
جاترمىن	جانىم	18
جاترمىن	دەپ	20
جاترمىن	سول	43
جاترمىن	ۇيدە	40
پايدا	جوق	33
پايدا	بولدى	13
پايدا	بار	16
پايدا	بولىپ	42
پايدا	بولا	25
پايدا	بولادى	41
پايدا	بارما	18
پايدا	بولعان	43
پايدا	قىلادى	22
سەنشى	جانىم	34
سەنشى	نەعىپ	15
سەنشى	ماعان	20
ايتقانىم	عوي	31
ايتقانىم	قوي	4
ايتقانىم	ايتقان	19
ايتقانىم	قاتە	32
ايتقانىم	بويىنشا	42
كۇنگى	مەن	40
كۇنگى	العان	42
كۇنگى	قۇساپ	41
كۇنگى	اقشانى	31
ۇمتىپ	قالعان	41
ۇمتىپ	قالدىڭبا	43
ۇمتىپ	كەتكەن	35
ۇمتىپ	قالما	33
ۇمتىپ	كەتەسىڭ	26
ۇمتىپ	كەتپە	40
ۇمتىپ	قالپپىن	35
ۇمتىپ	كەتپپىن	14
ۇمتىپ	كەتپىن	11
نەگىزى	جاقسى	30
نەگىزى	سول	33
نەگىزى	دۇرىس	40
الشى	جانىم	41
الشى	دەپ	13
الشى	بولدى	44
الشى	بولاما	34
ۇيدەگى	ادام	19
ۇيدەگى	ۇلكەن	19
ۇيدەگى	كىسى	38
ۇيدەگى	كىسىلەر	12
ۇيدەگى	كسى	18
الىڭىز	دەپ	24
الىڭىز	وندا	44
الىڭىز	دار	36
قابارسىز	بولىپ	30
قابارسىز	كەتتى	14
قابارسىز	كەتتىڭ	31
قابارسىز	قالدىڭ	5
قابارسىز	كەتتىك	35
قابارسىز	كەتىڭ	42
قابارسىز	كەتتىڭىز	18
قابارسىز	كەتتىڭعوي	36
ءسوز	عوي	27
ءسوز	جوق	20
ءسوز	ەكەن	22
ءسوز	بار	34
ءسوز	ايتىپ	19
كىمدى	جاقسى	39
كىمدى	ايتىپ	33
كىمدى	كىم	21
كىمدى	ويلاپ	26
كىمدى	ساعىنىپ	29
كىمدى	توسىپ	35
كىمدى	ىزدەپ	40
كىمدى	ەرتىپ	41
كىمدى	اقىماق	41
ەشكىمگە	ەشتەڭە	34
ەشكىمگە	ايتپا	40
ەشكىمگە	ايتپاي	16
ەشكىمگە	ايتبا	34
ەشكىمگە	ايتپايمىن	40
ەشكىمگە	بەرمەيمىن	38
ەشكىمگە	بىلدىرمەي	23
ەشكىمگە	سويلەمەدىم	44
ۇيىڭ	بار	42
ۇيىڭ	قاي	17
ۇيىڭ	قايدا	17
ۇيىڭ	قۇتتى	22
ۇيىڭە	كەلىپ	14
ۇيىڭە	بارىپ	20
ۇيىڭە	قايتىپ	12
ۇيىڭە	بارام	39
ۇيىڭە	اپارىپ	30
ۇيىڭە	بارايىن	33
ۇيىڭە	بارامىن	32
ۇيىڭە	كىرىپ	42
ۇيىڭە	بارعاندا	39
ۇيىڭە	جەتىپ	35
ويلاشى	جانىم	40
ويلاشى	مەن	17
ويلاشى	سەن	26
ويلاشى	مەنىڭ	36
ويلاشى	وزىڭ	44
بارعوي	جانىم	44
بارعوي	دەپ	23
بارعوي	دەيمىن	41
جاتقام	عوي	25
جاتقام	جانىم	33
جاتقام	جوق	42
قاسىمدا	بىر	9
قاسىمدا	سەن	24
قاسىمدا	ادام	35
قاسىمدا	بولسا	17
قاسىمدا	وتىر	43
قاسىمدا	بولساڭ	41
تومەن	ەكەن	14
تومەن	بولىپ	18
تومەن	بولسا	27
تومەن	تۇسىپ	25
تومەن	جاققا	33
تومەن	قاراي	35
تومەن	جاقتا	36
تومەن	بولعاندا	24
تومەن	باعادا	41
تومەن	جاقتان	29
تومەن	تۇسەتىن	43
شاقىرعان	جوق	31
شاقىرعان	ەكەن	19
شاقىرعان	سول	36
شاقىرعان	كۇنى	20
شاقىرعان	سوڭ	39
شاقىرعان	سوعان	26
شاقىرعان	جەر	18
شاقىرعان	جەردە	18
شاقىرعان	جەرگە	25
شاقىرعان	جەردەن	12
باعانادان	نە	40
باعانادان	قايدا	38
باعانادان	تەلەفون	40
باعانادان	قاربالاس	40
باعانادان	بىراز	15
باعانادان	بەرى	44
بارىنە	مەن	10
بارىنە	ماقۇل	34
بارىنە	ايتىپ	19
بارىنە	شىداپ	37
ساڭزى	سالىپ	36
ساڭزى	الاتىن	10
ساڭزى	ساپ	42
ساڭزى	سالايىن	34
ساڭزى	پىسىرىپ	33
ساڭزى	سالاتىن	19
ساڭزى	پسىرىپ	44
ساڭزى	سالعالى	36
سالاتىن	بولدى	39
سالاتىن	ادام	25
سالاتىن	اقشا	32
سالاتىن	شىعار	43
سالاتىن	ەدىم	38
سالاتىن	جەر	20
سالاتىن	نارسە	40
سالاتىن	دارى	31
ىيا	جانىم	42
ىيا	جاقسى	14
ىيا	سول	27
ىيا	ماقۇل	24
ىيا	بولادى	21
جۇن	عوي	43
جۇن	بولدى	20
جۇن	ەكەن	26
جۇن	بولعان	9
جۇن	جۇن	28
جۇندەپ	ەندى	36
جۇندەپ	بولىپ	40
جۇندەپ	جاتىر	35
جۇندەپ	ال	19
جۇندەپ	جاتىرمىن	34
جۇندەپ	ازىر	19
جۇندەپ	بەرەيىن	43
جۇندەپ	جۇرمىن	41
جۇندەپ	الايىن	35
جۇندەپ	جاڭە	43
جۇندەپ	قويىپ	37
جۇندەپ	تاستاپ	33
كەشەدەن	بەرى	32
كەشەدەن	باستاپ	1
ەگەر	مەن	19
ەگەر	سەن	19
ەگەر	مەنى	25
ەگەر	ول	34
ەگەر	وسى	44
جىبەر	جانىم	44
جىبەر	دەپ	32
جىبەر	وندا	18
جىبەر	دەيدى	44
جىبەر	بولاما	38
قاربالاسپا	جانىم	44
قاربالاسپا	دەپ	18
قاربالاسپا	قالاي	24
قاربالاسپا	قابارسىز	42
قۇيشى	جانىم	43
قۇيشى	دەپ	14
قۇيشى	بولدى	43
قۇيشى	سەن	15
قۇيشى	ەي	40
قۇيشى	قۇيشى	30
تۋىپ	بولدى	23
تۋىپ	بىر	26
تۋىپ	جاتىر	43
تۋىپ	ال	14
تۋىپ	قاربالاس	41
تۋىپ	الدى	32
تۋىپ	بولعان	20
تۋىپ	العان	40
تۋىپ	بولدىما	22
تۋىپ	جاتىرما	26
تۋىپ	الىپتى	37
كەلدىڭبە	جانىم	42
كەلدىڭبە	ۇيگە	19
تۇستى	عوي	27
تۇستى	دەپ	14
تۇستىم	عوي	31
تۇستىم	جانىم	24
تۇستىم	دەپ	18
تۇستىم	ەندى	41
تۇستىم	جۇمىستان	42
اماندىق	بولسىن	18
اماندىق	بولسا	5
اماندىق	بەرسىن	17
اماندىق	بىرىنشى	21
اماندىق	تىلەيمىن	32
جۇردى	عوي	17
جۇردىم	عوي	10
جۇردىم	جانىم	14
جۇردىم	دەپ	18
جۇردىم	وندا	39
ۇقساس	ەكەن	42
ۇقساس	قوي	16
ۇقساس	ەكەنبىز	16
الماسا	بولدى	28
الماساڭ	مەن	18
الماساڭ	بولدى	29
الماساڭ	قوي	19
الماساڭ	ماعان	18
الماساڭ	قويشى	41
الماساڭ	بولمايدى	31
الماساڭ	رەنجيمىن	34
جەرىڭ	عوي	44
جەرىڭ	جوق	15
جەرىڭ	جاقسى	21
جەرىڭ	بار	21
جەرىڭ	بولسا	25
جەرىڭ	بارما	30
جەرىڭ	اۋىرىپ	29
سالدى	عوي	16
سالدىم	عوي	12
سالدىم	جانىم	17
سالدىم	دەپ	35
تاستادى	عوي	38
تاستادى	دەپ	12
تاستادىم	عوي	19
تاستادىم	جانىم	17
تاستادىم	دەپ	32
تاستادىم	ەندى	27
تۇماۋ	جاقسى	41
تۇماۋ	ەكەن	39
تۇماۋ	بار	37
تۇماۋ	قانداي	25
تۇماۋ	قاتتى	34
تۇماۋ	دارى	31
تۇماۋ	تيىپ	33
تۇماۋ	تىيىپ	9
كەلىپتى	عوي	13
كەلىپتى	دەپ	14
كەلىپتى	ەكەن	39
كەلىپتى	سودان	18
سەرى	جىگىت	40
سەرى	كوكتەم	8
سەرىك	بولىپ	11
سەرىك	دەگەن	34
سەرىك	اعا	36
وزىڭدە	جوق	27
وزىڭدە	جاقسى	37
وزىڭدە	كەل	10
وزىڭدە	امان	22
وزىڭدە	ەرتەرەك	37
وزىڭدە	بىلەسىڭ	23
بارايىنبا	جانىم	28
بارايىنبا	دەپ	16
بارايىنبا	وندا	14
بارايىنبا	دەسەم	26
بارايىنبا	دەگەم	29
ەمەسبە	جانىم	20
قارعام	سول	20
قارعام	مەنىڭ	13
قارعام	اي	38
قارعام	اۋ	14
ۇيتكەنى	مەن	27
ۇيتكەنى	بىر	15
ۇيتكەنى	سەن	43
ۇيتكەنى	مەندە	16
ۇيتكەنى	مەنى	41
ۇيتكەنى	مەنىڭ	42
ۇيتكەنى	ول	27
ۇيتكەنى	سەنى	25
ۇيتكەنى	سەنىڭ	17
وزدە	سولاي	31
وزدەرى	بىلەدى	19
وزدەرى	بىلسىن	27
وزدەرىڭ	نە	21
وزدەرىڭ	نەعىپ	40
وزدەرىڭ	قالاي	16
وزدەرىڭ	امان	18
وزدەرىڭ	امانسىڭدارما	13
وزدەرىڭ	قالايسىڭدار	26
وزدەرىڭ	جاقسىڭدارما	10
وزدەرىڭ	بىلىڭدەر	34
قالاعا	بىر	36
قالاعا	كەلىپ	24
قالاعا	بارىپ	31
قالاعا	كەتىپ	17
قالاعا	كەلدىم	28
قالاعا	بارام	43
قالاعا	باراتىن	41
قالاعا	بارعاندا	18
قالاعا	شىعاتىن	43
ىستىق	ەكەن	15
ىستىق	بار	20
ىستىق	بولىپ	39
ىستىق	قوي	16
ىستىق	بولادى	37
ىستىق	بوپ	33
ىستىق	سۋ	36
ىستىق	سۋىق	36
ىستىق	سۋعا	34
ىستىق	وتكىزىپ	20
ءارەڭ	بىر	33
ءارەڭ	وتىرمىن	30
ءارەڭ	جۇر	33
ءارەڭ	كەلدىم	43
ءارەڭ	جۇرمىن	38
ءارەڭ	بولدىم	19
ءارەڭ	جۇرگەندە	39
ءارەڭ	تاپتىم	38
بىركە	بولسىن	37
بالانىڭ	اتى	6
بالانىڭ	اقشاسى	37
بالانىڭ	اقشاسىن	43
بالانىڭ	شەشەسى	33
بالانىڭ	اكەسى	38
ۇاقىت	جوق	29
ۇاقىت	بولدى	11
ۇاقىت	بار	18
ۇاقىت	بولسا	31
ۇاقىت	بارما	23
ۇاقىت	شىعار	34
ۇاقىت	شىعارىپ	40
ۇاقىت	شعارىپ	25
اكەسى	عوي	41
اكەسى	مەن	39
اكەسى	جوق	36
اكەسى	بار	31
اكەسى	ەكەۋى	31
اكەسى	قايتىس	43
اكەسى	شەشەسى	17
اكەسى	قايتس	43
جۇرمەس	ەدىم	30
جۇرمەسىن	جانىم	5
جۇرمەسىن	دەپ	32
كۇز	جۋىپ	25
كۇز	جاسى	21
كۇز	اينەك	38
كۇز	جاسىم	18
كۇز	الدىمدا	31
كۇزدە	بىر	37
كۇزدە	بىراق	23
كۇزدە	توي	19
جانىڭ	بار	30
جانىڭ	امان	24
جانىڭ	قۇتتى	27
جانىڭ	شىعىپ	34
جانىڭ	اشىپ	36
جانىڭ	شىقسىن	19
جانىڭ	اشيدى	41
جانىڭ	اشىمايدى	29
جانىڭ	توزباسىن	24
مەرەكەڭ	قابىل	40
مەرەكەڭ	قۇتتى	14
مەرەكەڭ	مەرەيلى	5
مەرەكەڭ	قۇتى	8
جاتايىن	جانىم	44
جاتايىن	دەپ	31
جاتايىن	دەسەم	4
جاتايىن	دەگەم	20
اسىل	جان	43
اسىل	دوسىم	30
اسىل	جارىم	23
اسىل	دوستار	37
اسىل	جاندار	21
اسىل	جاندارىم	9
ازر	كەلدىم	32
ازر	بارام	23
قويپتى	عوي	42
قويپتى	سودان	14
قويپتى	ماعان	32
سىزدىڭ	بىر	41
امالدا	جوق	36
امالداپ	بىر	14
امالداپ	الىپ	38
امالداپ	تۇر	34
امالداپ	بەرىپ	42
امالداپ	اتىپ	38
امالداپ	تاۋىپ	22
امالداپ	كورەيىن	15
ۇيالىپ	جاتىرمىن	29
ۇيالىپ	وتىر	18
ۇيالىپ	وتىرمىن	41
ۇيالىپ	كەتتىم	14
ۇيالىپ	قالدىم	22
ۇيالىپ	جۇرمىن	21
ۇيالىپ	تۇرمىن	28
اتەي	عوي	12
اتەي	ايتىپ	36
اتەي	ەمەس	17
اتەي	ىستەپ	30
اتەي	الماي	21
اتەي	قىلىپ	34
قايتامىن	عوي	38
قايتامىن	جانىم	13
قايتامىن	دەپ	21
قايتامىن	دەيدى	21
قايتامىن	ۇيگە	22
قايتامىن	قارا	36
جاعىپ	قوي	40
جاعىپ	الىپ	24
جاعىپ	جاتىرمىن	34
جاعىپ	وتىرمىن	27
جاعىپ	قويدىم	38
جاعىپ	قويىپ	31
قانشاعا	الىپ	27
قانشاعا	كەلدى	30
قانشاعا	الدىڭ	17
قانشاعا	كەلگەن	22
قانشاعا	دەيىن	35
قانشاعا	كەلدىڭ	39
قانشاعا	الاسىڭ	14
قانشاعا	بەرەسىڭ	36
قانشاعا	كەلدىڭىز	26
قانشاعا	بەرەسىز	20
قانشاعا	ساتاسىڭ	42
قىزىپ	جاتىر	39
قىزىپ	الىپ	16
قىزىپ	تۇر	19
قىزىپ	كەتتى	18
قىزىپ	قالدىم	30
قىزىپ	اۋىرىپ	36
قىزىپ	كەتىپتى	33
اۇىر	اياق	22
اۇىرىپ	جاتىر	16
اۇىرىپ	تۇر	16
اۇىرىپ	جاتىرمىن	15
اۇىرىپ	كەتتى	19
اۇىرىپ	قالدى	21
اۇىرىپ	جۇر	33
اۇىرىپ	قالدىم	41
اۇىرىپ	تۇرمىن	37
اۇىرىپ	قالىپتى	34
باردىم	عوي	39
باردىم	دەپ	14
باردىم	ودان	20
تپتى	جاقسى	39
تپتى	بولماسا	14
كەتەمىن	عوي	36
كەتەمىن	جانىم	13
كەتەمىن	دەپ	25
كەتەمىن	دەيدى	15
نەشەدە	بارامىز	24
نەشەدە	كەلەسىڭ	41
نەشەدە	باراسىڭ	28
نەشەدە	قايتاسىڭ	41
نەشەدە	شىعاسىڭ	37
نەشەدە	تۇسەسىڭ	18
نەشەدە	شىعامىز	15
نەشەدە	تارايدى	40
قاسىندا	بىر	38
قاسىندا	بولىپ	29
قاسىندا	جاتىرمىن	36
قاسىندا	وتىرمىن	39
قاسىندا	تۇرمىن	26
قاسىندا	وتىرىپ	42
قايتايىن	جانىم	42
قايتايىن	دەپ	35
قايتايىن	وندا	6
قايتايىن	بولاما	34
قايتايىن	دەسەم	31
قايتايىن	دەگەم	18
تۇراتىن	بولدى	19
تۇراتىن	بولىپ	17
تۇراتىن	ادام	27
تۇراتىن	شىعار	21
تۇراتىن	ەدىم	24
تۇراتىن	بولدىم	18
تۇراتىن	بولدىق	18
بالاعا	جاقسى	39
بالاعا	بىر	39
بالاعا	نە	39
بالاعا	تاماق	35
بالاعا	ايتىپ	39
بالاعا	قيىن	41
بالاعا	قاراپ	42
بالاعا	وبال	19
بالاعا	قارايتىن	20
تىل	جوق	37
تىل	ال	29
تىل	الىپ	31
تىل	بارما	34
تىل	الماي	35
تىل	كوزدەن	24
تىل	كۇزدەن	17
تىلەك	قابىل	30
تىلەك	ايتىپ	18
تىلەك	بىرگە	24
تىلەك	تىلەپ	37
سەگىز	ادام	16
سەگىز	اي	26
سەگىز	كۇن	41
سەگىز	يۋان	25
سەگىز	سوم	38
سەگىز	ساعات	36
سەگىز	مىڭ	23
سەگىز	جۇز	18
سەگىز	جارىم	19
سەگىز	جىل	34
سەگىز	توعىز	25
سەگىز	جارىمدا	40
سەگىز	قىرلى	17
ەسى	شىعىپ	35
ەسى	دۇرىس	14
ەسىك	الدى	12
ەسىك	اش	36
ەسىك	اشىپ	37
ەسىك	اشىق	30
ەسىك	الدىن	18
ەسىك	الدىندا	20
ەسىك	الدىنا	13
ەسىك	قاعىپ	15
ەسىك	الدىنداعى	32
ەسىك	تەرەزە	42
اۋداندا	ەكەن	27
اۋداندا	بىر	34
اۋداندا	ىستەپ	30
اۋداندا	جۇرمىن	40
ايتتان	بىر	32
ايتتان	كەيىن	44
ايتتان	سوڭ	2
ايتتان	ايتقا	44
ايتتان	بۇرىن	36
ايتتان	باستاپ	15
سەمىز	ەكەن	40
سەمىز	قوي	25
سەمىز	بولسا	17
سەمىز	ەمەس	30
سەمىز	ات	37
سەمىز	جاس	40
سەمىز	سيىر	38
سەمىز	توقتى	23
سەمىز	قۇناجىن	18
قالمادى	عوي	41
قالمادى	جانىم	12
قالمادى	دەپ	34
سەنمەن	بىر	33
سەنمەن	بىرگە	31
سەنمەن	عانا	14
سەنمەن	توي	39
سەنمەن	كەتسىن	35
سەنمەن	اڭگمە	39
سەنمەن	قاتسى	38
بوران	جوق	27
بوران	ەكەن	34
بوران	بار	34
بوران	بولىپ	27
بوران	بوپ	16
بوران	شىعىپ	27
بوران	قاتتى	28
بوران	ەرەكشە	18
بوران	سوعىپ	42
بوران	سوعادى	11
دايىندىق	جوق	43
دايىندىق	بولسىن	28
دايىندىق	ىستەپ	41
دايىندىق	كورىپ	37
دايىندىق	كۇرىپ	9
دايىندىق	جاساپ	18
دايىندىق	قىلىپ	39
دايىندىق	كۇشتى	22
دايىندىق	كورە	19
دايىندىق	كورەيىن	37
سىرتتا	تاماق	37
سىرتتا	وتىرمىن	42
سىرتتا	جۇر	29
سىرتتا	ەدىم	30
سىرتتا	جۇرمىن	25
سىرتتا	جۇرگەن	14
سىرتتا	جۇرىپ	36
سىرتتا	جۇرسىڭ	37
سىرتتا	جۇرگەندە	31
ءادەمى	عوي	39
ءادەمى	ەكەن	26
ءادەمى	بولىپ	10
ءادەمى	ءان	19
ۇزىڭىز	نە	38
ۇزىڭىز	نەعىپ	30
ۇزىڭىز	قاي	14
ۇزىڭىز	قايدا	24
ۇزىڭىز	قالاي	42
ۇزىڭىز	امان	15
ۇزىڭىز	قايجەردەن	43
ۇزىڭىز	قالايسىز	43
ۇزىڭىز	بىلەسىز	16
ۇزىڭىز	بىلىڭىز	39
بىلمەيدى	عوي	32
بىلمەيدى	دەپ	15
بىلمەيدى	ەكەن	20
بىلمەيدى	ەكەنسىڭ	15
بىلمەيدى	ەكەم	23
بىلمەيدى	ەكەنمىن	12
وسىنى	بىر	19
وسىنى	الىپ	35
وسىنى	جولداپ	22
وسىنى	كورىپ	36
وسىنى	ايتقان	42
وسىنى	الايىن	29
وسىنى	ەرەكشە	33
قابات	ەكەن	38
قابات	بولىپ	28
قابات	الىپ	32
قابات	بولسا	28
قابات	ۇي	41
قابات	ءۇي	16
قابات	پەردە	26
ەكەسىڭ	عوي	40
ەكەسىڭ	دەپ	10
ەكەسىڭ	قوي	41
سز	عوي	38
سز	نەعىپ	39
سز	قاي	28
سز	قايدا	30
سز	كىم	38
اسىلى	مەن	24
اسىلى	بىر	34
اسىلى	سەن	36
اسىلى	بۇگىن	38
شوپ	جوق	34
شوپ	بار	32
شوپ	الىپ	38
شوپ	بەرىپ	38
شوپ	سالىپ	26
شوپ	جەپ	13
شوپ	دارى	41
شوپ	ساپ	33
شوپ	سالا	43
شوپ	شاشىپ	38
كۇيەۋ	بالا	41
كۇيەۋ	بالام	8
كۇيەۋ	بالاسى	39
كۇيەۋ	بالانى	18
كۇيەۋ	بالاڭ	33
كۇيەۋ	بالانىڭ	27
كۇيەۋ	بالاعا	26
كۇيەۋ	جولداس	40
كۇيەۋ	بالالارى	27
جازىلىپ	ال	41
جازىلىپ	كەت	42
جازىلىپ	كەتتى	18
جازىلىپ	كەتكەن	28
جازىلىپ	كەتەدى	42
جازىلىپ	كەتىپتى	16
جازىلىپ	كەتەتىن	25
جازىلىپ	كەتسە	42
جازىلىپ	كەتپتى	19
جازىلىپ	كەتەسىڭ	32
جازىلىپ	كەتسىن	16
جازىلىپ	كەتسەڭ	13
جازىلىپ	كەتىڭىز	42
جاتام	عوي	39
جاتام	جانىم	12
جاتام	دەپ	19
جاتام	ەندى	17
جاتام	دەيدى	39
جاتام	دەشى	34
تىلەي	بىلەيىك	34
تىلەيمىن	جانىم	4
ىشپ	ال	13
ىشپ	الىپ	20
ىشپ	وتىر	19
ىشپ	وتىرمىن	39
ىشپ	الدىم	19
ىشپ	وتىرمىز	33
ىشپ	الپ	30
ايتبا	جانىم	37
ايتبا	مەن	23
ايتبا	دەپ	42
ايتبا	بولدى	34
ايتبا	ماعان	39
ايتبا	دەيمىن	33
ايتبا	قۇرسىن	22
اسبولسىن	جانىم	42
سالسا	بولدى	7
سالسا	بولادى	12
سالساڭ	جاقسى	17
سالساڭ	بولدى	35
سالساڭ	بولادى	7
سالساڭ	بولمايما	18
سالساڭ	بولدىعوي	15
مەنكى	عوي	40
مەنكى	ەمەس	38
مەنكى	ايتقان	28
مەنكى	قاتە	32
مەنكى	قالجىڭ	14
ءومىر	عوي	36
ءومىر	اي	33
ءومىر	دەگەن	32
ءومىر	ەمەسپە	20
ءومىر	بەرسىن	28
ءومىر	سيلاسىن	21
ءومىر	جاسى	17
ءومىر	بويى	37
تۇرعاندا	مەن	27
تۇرعاندا	بىر	40
تۇرعاندا	ماعان	38
جەك	كورىپ	41
جەك	كۇرىپ	10
جەك	كورەم	16
جەك	كۇرەم	15
جەك	كورسەڭ	19
جەك	كورەمىن	41
جەك	كورەسىڭ	13
جەك	كورەتىن	43
جەك	كورەدى	39
جەك	كۇرەمىن	34
جەك	كۇرەدى	30
بۇلىپ	تۇر	41
بۇلىپ	كەتتى	19
بۇلىپ	قالدى	25
بۇلىپ	كەتتىڭ	25
بۇلىپ	بۇلىپ	37
ماشينە	جوق	42
ماشينە	بار	26
ماشينە	الىپ	29
ماشينە	بولسا	29
ماشينە	بارما	32
ماشينە	تاۋىپ	17
ماشينە	ايداپ	40
ماشينە	بارمەكەن	18
قۋانىپ	جاتىرمىن	42
قۋانىپ	وتىر	28
قۋانىپ	وتىرمىن	37
قۋانىپ	كەتتى	16
قۋانىپ	قالدى	41
قۋانىپ	جۇر	38
قۋانىپ	كەتتىم	39
قۋانىپ	قالدىم	29
قۋانىپ	جۇرمىن	13
قۋانىپ	تۇرمىن	42
قۋانىپ	قالعان	35
قۋانىپ	قالادى	42
قۋانىپ	قالسام	42
ماشىينا	مەن	41
ماشىينا	جوق	36
ماشىينا	بار	27
ماشىينا	الىپ	27
ماشىينا	بولسا	32
ماشىينا	بارما	33
ماشىينا	تاۋىپ	16
ماشىينا	ايداپ	42
ەندىگى	جولى	17
ەندىگى	ايدا	9
ەندىگى	جىلى	18
ەندىگى	اپتا	16
ەندىگى	ايدان	19
ەندىگى	اپتادا	40
ايلانىپ	كەلىپ	29
ايلانىپ	تۇر	18
ايلانىپ	كەتتى	38
ايلانىپ	قالدىم	39
ايلانىپ	كەپ	18
ايلانىپ	جۇرىپ	33
ايلانىپ	كەلگەندە	36
ايلانىپ	كەلەيىن	22
ايلانىپ	كەلەيىك	37
تۇلعان	كۇن	23
تۇلعان	كۇنى	25
تۇلعان	كۇنىڭ	8
تۇلعان	كۇنىم	6
تۇلعان	كۇنىڭىز	32
تۇلعان	كۇنىن	16
تاماشا	عوي	37
تاماشا	ەكەن	39
تاماشا	ءان	15
ادال	بول	19
ادال	بولىپ	33
ادال	بولسا	21
ادال	بولساڭ	35
ادال	بولامىن	19
الپتى	عوي	34
الپتى	دەپ	11
الپتى	ەكەن	24
الپتى	سودان	43
الپتى	دەيدى	31
اسىق	بولىپ	36
اسىق	دەگەن	11
اسىقپا	جانىم	14
اسىقپاي	بىر	17
اسىقپاي	كەل	35
اسىقپاي	ىشىپ	30
انانى	الىپ	15
انانى	ايتىپ	20
انانى	مىنانى	39
انانى	منانى	15
كوت	ەكەن	30
كوت	ەكەنسىڭ	19
كوت	ۇشىن	21
كوتەرىپ	الىپ	20
كوتەرىپ	جۇر	23
كوتەرىپ	تۇرىپ	35
كوتەرىپ	العان	31
ارالاس	مال	39
ارالاسىپ	جۇر	15
ارالاسىپ	جۇرە	29
ارالاسىپ	جۇرگەن	35
ارالاسىپ	جۇرىپ	16
ارالاسىپ	تۇرايىق	37
ارالاسىپ	جۇرەيىك	18
ارالاسىپ	جۇرسەك	19
سىڭىلىم	بار	35
سىڭىلىم	امانسىڭبا	22
شعارسىڭ	جانىم	19
ساقتاسىن	جانىم	19
ساقتاسىن	دەپ	30
ساقتاسىن	نەدەگەن	34
ءاگى	كىسى	41
ءاگى	اقشانى	25
ىستەيمىن	عوي	31
ىستەيمىن	جانىم	15
ىستەيمىن	دەپ	40
ىستەيمىن	دەيدى	14
ىستەيمىن	دەگەن	23
ەتى	جاقسى	21
ەتى	بار	28
ەتى	سەمىز	19
ەتىپ	جاتىر	16
ەتىپ	ەدىم	38
وقشايدى	عوي	40
وقشايدى	ەكەن	13
كەتسەم	دەپ	17
كەتسەم	جاقسى	33
كەتسەم	بولدى	20
كەتسەم	سەن	19
كەتسەم	بولادى	40
كەتسەم	قايتەم	30
كەتسەم	قايتەسىڭ	34
ىستەگەن	جوق	42
ىستەگەن	جاقسى	24
ىستەگەن	ادام	25
ىستەگەن	سوڭ	37
ىستەگەن	جەر	28
ىستەگەن	جەردە	40
ىستەگەن	جەرگە	39
ىستەن	ەندى	34
ىستەن	تۇسىپ	28
ىستەن	تۇسكەن	9
ىستەن	تۇستىم	23
ىستەن	تۇسە	23
ىستەن	تۇسكەندە	39
ىستەن	تۇستىڭبە	17
ىستەن	تۇستىڭبا	13
مىناعان	بىر	40
مىناعان	نە	32
مىناعان	تەلەفون	23
مىناعان	شاي	27
مىناعان	قابارلاس	30
مىناعان	قاراپ	37
مىناعان	كىرىپ	39
قويشەي	جانىم	38
قويشەي	بولدى	18
قويشەي	سەن	17
قويشەي	قايداعىنى	32
استى	عوي	36
استى	ۇستى	18
استى	كورپە	19
استى	بەزى	26
استىنا	تۇسىپ	30
استىنا	قوياتىن	18
استىنان	جوق	19
استىنان	بىر	31
استىنان	نە	40
استىنان	الىپ	26
استىنان	اۋىرىپ	40
استىنان	كىر	26
دەيت	سودان	38
ەسەك	ەكەن	41
ەسەك	سول	27
ەسەك	نەمە	28
ەسەك	ەسەك	21
ەسەك	شوشقا	16
ۋاقىتى	جوق	25
ۋاقىتى	بولدى	25
ۋاقىتى	بار	32
ۋاقىتى	بولىپ	29
ۋاقىتى	ساعات	31
ۋاقىتى	كەلگەندە	18
ۋاقىتى	اسىپ	40
ۋاقىتى	وتىپ	38
ۋاقىتى	ۇتىپ	23
ۋاقىتى	ءوتىپ	37
ۋاقىتى	توشىپ	42
ۋاقىتى	قسقا	28
ۋاقىتى	ۇزارىپ	32
الەم	جاقسى	34
الەم	ەكەن	35
الەم	بولىپ	23
الەم	بولادى	11
الەم	بوپ	37
الەم	ەكەنسىڭ	19
الەم	بولاسىڭ	39
الەم	بولماشى	35
جۇرسەم	دەپ	26
جۇرسەم	بولدى	39
جۇرسەم	سەن	17
كەزىگە	الماي	29
كەزىگە	المايمىن	10
كەزىگە	الاسىڭبا	16
كەزىگە	المايتىن	21
كەزىگە	المايمىز	18
كەزىگە	الامىزبا	22
كەزىگەيىك	جانىم	18
كەزىگەيىك	دەپ	18
كەزىگەيىك	وندا	18
كەزىگەيىك	بولاما	37
كەزىگەيىك	دەسەم	11
كەزىگەيىك	شى	32
بىلتىر	مەن	26
بىلتىر	بىر	34
بىلتىر	وسى	20
بىلتىر	جازدا	28
بىلتىر	كۇزدە	30
لاڭمان	الىپ	33
لاڭمان	ىستەپ	30
لاڭمان	سالىپ	19
لاڭمان	جاساپ	40
لاڭمان	جەپ	15
لاڭمان	سوزىپ	15
باسىن	الىپ	34
باسىن	قوسىپ	40
باسىن	اشىپ	36
باسىن	جۋىپ	33
باسىن	باستاپ	25
باسىن	ايتساڭ	27
باسىن	اۋىرتىپ	40
باسىن	كەسىپ	42
ۇلىم	بار	40
ۇلىم	اۋىرىپ	14
ۇلىم	ەكەمىز	34
كارى	دەپ	32
كارى	جوق	33
كارى	ەكەن	39
كارى	قوي	35
كارى	ادام	32
كارى	قىز	17
كارى	جاس	39
كارى	قاتىن	33
سير	بار	24
سير	بولسا	23
سير	ساۋىپ	38
وسىلاي	بولدى	18
وسىلاي	بولىپ	25
وسىلاي	بولسا	18
وسىلاي	بولادى	42
بىلەيىن	جانىم	31
بىلەيىن	مەن	30
بىلەيىن	دەپ	17
بىلەيىن	دەگەم	17
اشتى	عوي	29
اشتى	دەپ	15
اشتى	ەكەن	20
اشتى	بولىپ	26
اشتى	ەمەس	35
اشتى	نارسە	40
اشتى	سۋ	33
اشتى	جەگىم	28
اشتى	تۇشتى	41
قوسىلىپ	ال	18
قوسىلىپ	الىپ	16
قوسىلىپ	الدىم	33
قوسىلىپ	جاتقان	36
قوسىلىپ	الىڭىز	26
قوسىلىپ	الىڭىزدار	16
ۇيدەسىڭبە	جانىم	13
ۇيدەسىڭبە	نەعىپ	24
كۇرىم	عوي	36
كۇرىم	جاقسى	25
كۇرىم	بولدى	23
كۇرىم	ەكەن	13
كۇرىم	بولىپ	38
كۇرىم	بوپ	11
كۇرىم	بولعان	31
جاتقاندا	مەن	39
جاتقاندا	بىر	37
كەتىپپىن	عوي	35
كەتىپپىن	جانىم	8
كەتىپپىن	ۇيات	33
جاڭالىق	جوق	35
جاڭالىق	بار	11
جاڭالىق	بولىپ	11
جاڭالىق	قوي	18
جاڭالىق	بارما	38
قونىپ	جاتىر	21
قونىپ	ەرتەڭ	42
قونىپ	تاڭەرتەڭ	23
قونىپ	قالدىم	23
قونىپ	تۇردىڭبا	40
قونىپ	شىقتىڭبا	17
جاقسىلىق	بولسىن	16
جاقسىلىق	سيلاسىن	14
جاقسىلىق	مول	41
جاقسىلىق	تىلەيمىن	38
جاقسىلىق	تەگىس	41
جاقسىلىق	اكەلسىن	17
جاقسىلىق	ۇيالاسىن	19
تۇرام	عوي	29
تۇرام	جانىم	12
تۇرام	دەپ	19
قاتىناس	جوق	23
قاتىناس	بار	18
قاتىناس	بولسا	41
قاتىناس	بارما	39
قاتىناس	تاۋىپ	9
قاتىناس	توسىپ	38
قاتىناس	پۇل	36
قاتىناس	پۇلىن	14
قاتىناس	بارمەكەن	35
بىتىرىپ	ال	36
بىتىرىپ	الىپ	12
بىتىرىپ	بىراق	20
بىتىرىپ	بەرەيىن	41
بىتىرىپ	الايىن	40
سەندەرگە	نە	20
سەندەرگە	بارىپ	26
سەندەرگە	قاراپ	38
بىرەر	ادام	35
بىرەر	اي	33
بىرەر	كۇن	30
بىرەر	جول	12
بىرەر	كۇندە	37
بىرەر	ساعات	17
بىرەر	مىڭ	16
بىرەر	جۇز	36
بىرەر	جىل	24
بىرەر	اۋىز	32
بىرەر	كۇننەن	37
بىرەر	ساعاتتان	19
بىرەر	رومكا	33
نەستەپ	جاتىر	38
نەستەپ	جاتىرسىڭ	19
نەستەپ	جۇرسىڭ	4
نەستەپ	جاتىرسىز	37
نەستەپ	جاتسىڭ	26
نەستەپ	جاتسڭ	17
جەردىڭ	عوي	39
جەردىڭ	اقشاسى	28
جەردىڭ	اقشاسىن	19
جەردىڭ	پۇلىن	17
جەردىڭ	ادامى	33
بىرەۋدى	جاقسى	37
بىرەۋدى	تاۋىپ	14
بىرەۋدى	شىن	25
بىرەۋدى	ەرتىپ	36
بىرەۋدىڭ	ۇيىنە	30
بىرەۋدىڭ	ۇيىندە	27
بىرەۋدىڭ	بالاسىن	33
بولەك	ەكەن	41
بولەك	قوي	31
بولەك	ۇيدە	18
بولەك	ۇيگە	31
بولەك	بولەك	31
ىشتەمە	جوق	20
ىشتەمە	بولعان	11
ىشتەمە	ەتپەيدى	42
ىشتەمە	بولمادى	13
ىشتەمە	ەتبەيدى	16
شىعامىن	عوي	32
شىعامىن	جانىم	14
شىعامىن	دەپ	25
شىعامىن	دەيدى	18
ماعالايكۇم	قايىرلى	30
ماعالايكۇم	دوسىم	40
ماعالايكۇم	اعا	30
ماعالايكۇم	امانسىزبا	11
ماعالايكۇم	جىگىتتەر	36
ءالگى	بىر	28
ءالگى	اقشانى	34
پۇلى	جوق	19
پۇلى	بار	25
پۇلى	قانشا	16
پۇلىن	الىپ	18
پۇلىن	بەرىپ	36
پۇلىن	اتىپ	19
پۇلىن	بەرە	16
پۇلىن	بەرەيىن	22
پۇلىن	سۇراپ	38
پۇلىن	اتا	24
پۇلىن	بەردىم	33
پۇلىن	تولەپ	38
ۇقتىڭبا	جانىم	41
نى	الىپ	16
دۇنيە	عوي	30
دۇنيە	جوق	20
دۇنيە	ەكەن	36
دۇنيە	بار	37
دۇنيە	الىپ	21
دۇنيە	اي	27
دۇنيە	دەگەن	31
بالكىم	مەن	39
بالكىم	بىر	31
بالكىم	سەن	39
بالكىم	مەنى	35
بالكىم	سولاي	37
اياعى	جوق	28
اياعى	جاقسى	13
اياعى	قانداي	36
اياعى	اۋىرىپ	41
اياعى	سىنىپ	29
كوشەدە	بىر	40
كوشەدە	نەعىپ	39
كوشەدە	جۇر	40
كوشەدە	جۇرمىن	31
كوشەدە	تۇرمىن	16
كوشەدە	جۇرمە	31
بارعام	عوي	28
بارعام	جوق	35
بارعام	ەندى	7
بارعام	سودان	37
تۇسە	سال	34
تۇسە	بەر	33
تۇسە	الماي	19
تۇسە	بەرەيىن	16
تۇسە	سالىپ	32
تۇسە	بەرەدى	16
تۇسە	المايمىن	34
تۇسە	ساپ	28
تۇسەدى	عوي	29
تۇسەدى	دەپ	16
تۇسەدى	ەكەن	21
تۇسەدى	دەيدى	11
تۇسەدى	ەكەنسىڭ	37
قويسام	بولدى	20
قويسام	بولادى	19
قويسام	بولاما	18
قويسام	بوپتى	20
قويسام	جاۋاپ	33
وعاندا	ماقۇل	40
وعاندا	وڭاي	6
بولعانسوڭ	ايتىپ	21
بولعانسوڭ	امال	36
شارۋا	عوي	41
شارۋا	جوق	28
شارۋا	ەكەن	18
شارۋا	نە	34
شارۋا	بار	35
شارۋا	بولىپ	16
شارۋا	بولسا	36
شارۋا	ەمەس	25
شارۋا	بارما	35
شارۋا	ىستەپ	28
شارۋا	شىعىپ	19
اقىل	جوق	29
اقىل	ايتىپ	29
اقىل	شاي	14
اقىل	ايتاتىن	35
اقىل	كەڭەس	25
بەرمەيدى	عوي	34
بەرمەيدى	دەپ	13
بەرمەيدى	ەكەن	20
بەرمەيدى	ەكەنسىڭ	12
باسىنا	بارىپ	27
باسىنا	شىعىپ	12
باسىنا	بارامىز	38
ارمان	عوي	37
ارمان	جوق	25
ارمان	بولدى	17
ارمان	بار	32
ارمان	بولىپ	21
ارمان	اي	18
ارمان	كوپ	38
ارمان	بوپ	40
كەلپتى	عوي	41
كەلپتى	دەپ	14
كەلپتى	ەكەن	32
الدىما	جانىم	19
الدىما	دەپ	31
الدىما	الىپ	18
الدىما	كەلىپ	35
ايتاپ	كەل	40
ايتاپ	ۇي	13
ايتاپ	ۇيگە	36
ايتاپ	جۇرمىن	27
ايتاپ	كەلىڭدەر	35
ايتاپ	كەلىڭىز	16
ايتاپ	كەلىڭىزدەر	33
ايتاپ	كەلڭدەر	18
ايتاپ	كەلڭىزدەر	34
كۇك	ۇيگە	40
كۇك	بەت	34
كۇك	ۇيدەن	32
كۇك	كۇز	32
كۇك	تيىن	36
كۇك	لازى	17
جاتاقتا	جاتىرمىن	27
جاتاقتا	وتىرمىن	12
جاتاقتا	جاتىپ	26
قايتامىز	عوي	33
قايتامىز	جانىم	12
قايتامىز	دەپ	29
قايتامىز	دەيدى	20
السىن	دەپ	23
السىن	دەيدى	11
السىن	دەدىم	20
ابدەن	قالدى	37
ابدەن	بىلەم	37
ابدەن	شارشادىم	26
ابدەن	مەزى	36
مايلاپ	الىپ	39
مايلاپ	الايىن	26
مايلاپ	العان	30
مايلاپ	الاتىن	26
مايلاپ	وتىرعان	25
بارعىم	جوق	37
بارعىم	بار	17
بارعىم	كەلىپ	20
بارعىم	اق	5
بارعىم	كەلدى	37
بارعىم	كەلەدى	35
بارعىم	كەپ	29
بارعىم	كەلمەي	17
بارعىم	كەلمەيدى	12
بارعىم	كەلمەدى	22
موتا	مەن	35
موتا	جوق	25
موتا	بار	22
موتا	الىپ	20
موتا	بولسا	31
موتا	بارما	29
موتا	ساتىلادى	31
جەرىم	جوق	25
جەرىم	جاقسى	12
جەرىم	بار	35
جەرىم	بولسا	16
جەرىم	بارما	16
جەرىم	اۋىرىپ	20
جەرىم	قالمادى	35
جەرىم	كۇنەس	35
باسىمدى	جۋىپ	40
باسىمدى	اۋىرتىپ	15
باسىمدى	كەسىپ	17
باسىمدى	كوتەرە	33
باسىمدى	جۋايىن	35
باسىمدى	اۋىرتپا	40
باسىمدى	اۋىرتپاشى	37
باسىمدى	اۋىرتپاي	12
كويلەك	جوق	26
كويلەك	الىپ	39
كويلەك	بارما	16
كويلەك	قانشا	29
كويلەك	كيىپ	29
توعىز	بولدى	19
توعىز	الىپ	39
توعىز	ادام	28
توعىز	اي	39
توعىز	كۇن	34
توعىز	سوم	29
توعىز	مىڭ	39
توعىز	جۇز	28
توعىز	جارىم	34
توعىز	جىل	36
توعىز	جارىمدا	37
توعىز	تاراۋ	18
توعىز	تاراۋعا	19
اياۋ	قاسقا	24
اياۋلى	جانىم	11
اياۋلى	بولسىن	20
اياۋلى	دوسىم	19
اياۋلى	دوستار	33
اياۋلى	ساباقتاستار	20
اياۋلى	اسىل	22
اياۋلىم	سول	16
اياۋلىم	مەنىڭ	22
كەتتىڭبە	جانىم	11
كەتتىڭبە	جوق	16
كەتتىڭبە	نە	38
ويلان	جانىم	38
ويلانىپ	الىپ	17
ويلانىپ	جاتىرمىن	40
ويلانىپ	وتىرمىن	32
ويلانىپ	قالدىم	19
ويلانىپ	كور	26
ويلانىپ	بولدىم	15
ويلانىپ	كۇر	32
ويلانىپ	كورەيىن	35
ويلانىپ	بولدىڭبا	18
ويلانىپ	كورشى	36
ويلانىپ	تولعانىپ	41
بارعالى	جاتىر	40
بارعالى	جاتىرسىڭ	15
بارعالى	جاتىرمىن	31
بارعالى	وتىرمىن	10
بارعالى	تۇرمىن	35
بارعالى	جاتىرمىز	18
شىعاما	دەپ	14
شىعاما	ەكەن	19
شىعاما	ەرتەڭ	17
شىعاما	بەرىپ	25
جيى	قابارلاسىپ	21
جيى	جيى	14
جيىن	دەپ	10
جيىن	ەكەن	26
جيىن	بار	27
جيىن	اشىپ	15
جيىن	اشتى	8
جيىن	اشادى	34
جيىن	اشقالى	28
قالساڭ	مەن	39
قالساڭ	جاقسى	23
قالساڭ	بولدى	24
قالساڭ	قيىن	15
قالساڭ	بولمايدى	32
قالساڭ	قايتەم	30
قالساڭ	بولمايما	35
قالساڭ	قايتەسىڭ	33
ۇساق	مال	20
ۇساق	تۇيەك	19
ۇساق	تۇسەك	5
مالدى	اپارىپ	22
مالدى	ساتىپ	36
مالدى	جوندەپ	37
مالدى	جۇندەپ	17
مالدى	ىڭعايلاپ	19
بارمىز	عوي	39
بارمىز	دەپ	15
بارمىز	بىر	29
بارمىز	سول	29
دەنساۋلىقتارى	مىقتى	25
دەنساۋلىقتارىڭ	قالاي	7
دەنساۋلىقتارىڭ	جاقسىما	31
دەنساۋلىقتارىڭ	مىقتى	4
دەنساۋلىقتارىڭىز	جاقسىما	7
دەنساۋلىقتارىڭىز	مىقتى	7
قايناتىپ	قوي	5
قايناتىپ	جاتىرمىن	19
قايناتىپ	ىش	16
قايناتىپ	ىشىپ	32
قايناتىپ	بەر	19
قايناتىپ	بەرىپ	38
قايناتىپ	بەرەيىن	35
قايناتىپ	قويدىم	39
قايناتىپ	قويايىن	28
قويات	دەپ	40
قوياتىن	بولدى	12
قوياتىن	ادام	18
قوياتىن	ەمەس	30
قوياتىن	شىعار	34
قوياتىن	ەدىم	17
قوياتىن	بولدىم	19
قوياتىن	جەر	26
قوياتىن	بولدىڭ	23
جيىپ	جاتىر	39
جيىپ	ال	19
جيىپ	الىپ	30
جيىپ	جاتىرمىن	21
جيىپ	جۇر	16
جيىپ	الايىن	30
جيىپ	تەرىپ	40
جۇرەم	عوي	29
جۇرەم	جانىم	13
جۇرەم	دەپ	26
جۇرەم	دەيدى	20
جۇرەمىز	عوي	35
جۇرەمىز	دەپ	16
جۇرەمىز	دەيدى	34
جارىمدا	كەلىپ	34
جارىمدا	بارىپ	30
جارىمدا	تۇرىپ	37
جارىمدا	تۇسەمىن	34
ەسەپ	ەمەس	34
ەسەپ	جاساپ	20
ەسەپ	جاسايدى	15
ەسەپ	ۇزىپ	33
ەسەپ	جاساعاندا	37
باللار	بار	35
باللار	جاقسىما	18
باللار	ۇشىن	13
باللار	باقىتتى	37
كىرگىزىپ	قوي	38
كىرگىزىپ	ال	28
كىرگىزىپ	الىپ	31
كىرگىزىپ	قويدىم	28
كىرگىزىپ	قويايىن	23
كىرگىزىپ	تاستاپتى	26
ۇندا	مەن	37
ۇندا	جاقسى	28
ۇندا	ەرتەڭ	19
ۇندا	بۇلدى	38
كورگىم	جوق	31
كورگىم	كەلىپ	35
كورگىم	كەلدى	3
كورگىم	كەلەدى	15
كورگىم	كەپ	26
كورگىم	كەلمەيدى	17
كەلەمىن	عوي	18
كەلەمىن	جانىم	14
كەلەمىن	دەپ	35
كەلەمىن	دەيدى	12
كەلەمىن	دەگەن	14
كەلەمىن	دەسەڭ	20
وتكەن	جوق	39
وتكەن	كۇنى	39
وتكەن	ىس	37
وتكەن	سوڭ	28
وتكەن	كۇندەر	13
وتكەن	كىسىنىڭ	28
وتكەن	كەتكەندى	21
نەدەكەن	جاقسى	35
نەدەكەن	ەرتە	21
نەدەكەن	كوپ	25
نەدەكەن	تەز	37
نەدەكەن	كۇپ	22
نەدەكەن	جامان	29
نەدەكەن	جاي	27
نەدەكەن	ايتىڭ	27
كەتىڭ	عوي	32
كەتىڭ	جانىم	7
كەتىڭ	قوي	31
ويانىپ	الىپ	18
ويانىپ	جاتىرمىن	16
ويانىپ	كەتتى	30
ويانىپ	كەتىپ	24
ويانىپ	قايتا	20
ويانىپ	الدى	39
ويانىپ	الدىم	36
ويانىپ	كەتتىم	38
ويانىپ	كەتەدى	12
ويانىپ	كەتسە	26
ويانىپ	كەتەمە	40
تۇمەن	ەكەن	31
تۇمەن	بولىپ	19
تۇمەن	بولسا	34
تۇمەن	تۇسىپ	33
تۇمەن	جاققا	31
تۇمەن	جاقتا	33
تۇمەن	جاقتان	23
تۇمەن	تۇسەتىن	40
تۇرسىڭبا	جانىم	34
تۇرسىڭبا	نە	18
دەگەندەي	قىلىپ	34
دەگەندەي	قىلدى	30
ۇشۋ	جانىم	36
ۇشۋ	بارسىڭبا	37
ۇشۋ	ۇشۋ	18
ءبارى	جاقسى	16
ءبارى	بىر	13
ءبارى	بار	37
ءبارى	ءبىر	29
ءبارى	قالجىڭ	29
ەبولدى	جانىم	28
ەبولدى	جاقسى	18
ەبولدى	وندا	19
كەلەمە	جانىم	12
كەلەمە	دەپ	36
كەلەمە	جوق	14
كەلەمە	ەكەن	38
كەلەمە	دەسەم	16
كەلەمە	كەلمەيمە	39
قايتادان	الىپ	25
قايتادان	اتىپ	37
تازالىق	ىستەپ	35
تازالىق	كورىپ	9
تازالىق	كۇرىپ	35
تازالىق	ستەپ	40
تازالىق	قاعاز	16
ىنىم	بار	29
ىنىم	قالىڭ	24
جوققوي	جانىم	29
جوققوي	دەيمىن	19
كۇشە	جاققا	36
كۇشە	جاقتا	13
كۇشە	ارالاپ	19
كۇشەگە	كەلىپ	12
كۇشەگە	بارىپ	40
كۇشەگە	شىعىپ	16
كۇشەگە	شعىپ	15
كۇشەگە	كۇلىك	24
شاتاق	جوق	36
شاتاق	بولدى	9
شاتاق	ەكەن	10
شاتاق	بار	19
شاتاق	بولىپ	18
شاتاق	شىعادى	30
جەل	جوق	36
جەل	بار	37
جەل	بولىپ	22
جەل	شىعىپ	34
جەل	قاتتى	24
جەل	سوعىپ	22
جەل	قانات	13
جەل	قاناتتى	20
قاراعان	جوق	36
قاراعان	ادام	17
قاراعان	سايىن	16
قاراعاندا	مەن	18
قاراعاندا	جاقسى	29
قاراعاندا	سەن	23
كورسە	بولدى	22
كورسە	بولادى	24
كورسە	ۇيات	20
كورسە	قاتە	18
كورسەڭ	بولدى	27
كورسەڭ	بولادى	11
كورسەڭ	بولمايما	17
كورسەڭ	جاۋاپ	26
كورسەڭ	بىلەسىڭ	26
ويلاسام	بولدى	35
ويلاسام	بىر	30
ويلاسام	جۇرەگىم	34
ويلاسام	باسىم	18
ويلاسام	قورقام	36
ويلاسام	اشۋىم	39
ۇيىقتاي	عوي	30
ۇيىقتاي	بەر	9
ۇيىقتاي	الماي	15
ۇيىقتاي	بەرەيىن	10
ۇيىقتاي	المايمىن	22
ۇيىقتاي	المادىم	33
كەلگەنشە	بىر	18
كەلگەنشە	جاي	35
كەتكەم	عوي	25
كەتكەم	جوق	24
كەتكەم	ەندى	14
اجىراس	دەپ	36
اجىراسىپ	كەت	12
اجىراسىپ	كەتتى	20
اجىراسىپ	كەتىپ	26
اجىراسىپ	كەتتىم	36
اجىراسىپ	كەتكەن	35
اجىراسىپ	كەتىپتى	14
اجىراسىپ	كەتەيىن	34
اجىراسىپ	كەتسەم	37
اجىراسىپ	كەتكەم	37
اجىراسىپ	كەتەيىك	15
كەلمەيسىڭ	عوي	18
كەلمەيسىڭبە	جانىم	13
كەلمەيسىڭبە	وندا	20
بالار	بار	36
بالار	جاقسىما	18
بالار	ۇشىن	12
تۇسەتىن	بولدى	36
تۇسەتىن	بىر	28
تۇسەتىن	ادام	32
تۇسەتىن	ەكى	21
تۇسەتىن	شىعار	22
تۇسەتىن	كەزدە	34
تۇسەتىن	ۋاقىت	34
تۇسەتىن	بولدىم	38
تۇسەتىن	ماشينا	28
تۇسەتىن	كولىك	27
تۇسەتىن	جولاۋشىلار	17
تۇسەتىن	قاتىناس	10
كيلى	الايىن	35
كيلى	سۇت	34
كيلى	سالماق	9
ايۋ	جوق	36
ايۋ	بار	25
ايۋ	كەلىپ	12
ايۋ	قايدا	28
ايۋ	بارما	17
ايۋ	كەلدى	20
نارسەنى	الىپ	31
تەلەفوندى	ەندى	20
تەلەفوندى	الىپ	21
تەلەفوندى	قويىپ	23
تەلەفوندى	اشىپ	38
تەلەفوندى	جاۋىپ	30
تەلەفوندى	گۋانجي	39
ماسەلە	جوق	38
ماسەلە	بار	7
ماسەلە	بولىپ	17
جازۋ	جاز	39
جازۋ	جازىپ	8
جازۋ	جازا	10
جازۋ	جازشى	24
ەكنشى	ايت	23
ەكنشى	كۇنى	20
ەكنشى	شاي	28
ەكنشى	ايتا	38
ەكنشى	ايىت	39
ەكنشى	قول	39
ەكنشى	رەت	21
ەكنشى	ايتتا	24
ەكنشى	قابات	31
جەي	عوي	37
جەي	سال	16
جەي	بەر	35
جەي	الماي	19
جەي	بەرەدى	15
جەي	المادىم	22
جەي	سالايىن	35
جەي	بەرىڭدەر	36
جەيتىن	بولدى	26
جەيتىن	ادام	35
جەيتىن	كۇن	39
جەيتىن	نارسە	29
جەيتىن	بىردەمە	9
راسىن	ايتسام	26
راسىندا	جاقسى	5
راسىندا	بىر	32
راسىندا	قاتتى	39
راسىندا	قيىن	27
راسىندا	كەرەمەت	37
راسىندا	سونداي	38
راسىندا	سولاي	39
سىزدە	جاقسى	34
سىزدە	بىر	36
سىزدە	بار	31
سىزدە	جوعارىداعى	32
جەڭگەم	بار	33
جەڭگەم	كەلىپ	19
جەڭگەم	ەكەمىز	38
وزىڭىز	نە	36
وزىڭىز	نەعىپ	29
وزىڭىز	قاي	15
وزىڭىز	قالاي	26
وزىڭىز	قالايسىز	34
وزىڭىز	بىلىڭىز	13
ۇيڭە	كەلىپ	26
ۇيڭە	بارىپ	21
ۇيڭە	بارام	12
ۇيڭە	اپارىپ	27
ۇيڭە	بارايىن	36
ۇيڭە	بارعاندا	36
شاما	جوق	34
شاما	بار	6
شاما	كەلمەي	7
كەتشى	جانىم	25
كەتشى	دەپ	29
كەتشى	بولدى	33
كەتشى	بار	27
كەتشى	بولاما	19
كەتشى	ەي	33
كەتشى	ارى	39
كەتشى	كەتشى	13
ماشيناعا	شىعىپ	35
ماشيناعا	سالىپ	24
ماشيناعا	تۇسىپ	21
ماشيناعا	ماي	35
ماشيناعا	باسىپ	15
ماشيناعا	وتىرىپ	30
دۇكەنگە	كەل	25
دۇكەنگە	كەلىپ	38
دۇكەنگە	ادام	15
دۇكەنگە	بارىپ	39
دۇكەنگە	كەلدىم	18
دۇكەنگە	جاڭا	30
دۇكەنگە	بارعاندا	33
تاماعىن	الىپ	37
تاماعىن	ىشىپ	39
تاماعىن	بەرىپ	16
تاماعىن	ىستەپ	9
تاماعىن	جاساپ	19
تاماعىن	جەپ	18
تاماعىن	كوتەرەدى	33
كەلىڭىز	دەپ	38
كەلىڭىز	وندا	35
ىشتىم	عوي	27
ىشتىم	جانىم	20
ىشتىم	دەپ	15
قايتتىڭ	جانىم	38
قايتتىڭبا	جانىم	18
قايتتىڭبا	ۇيگە	16
بارسىزبا	اعا	20
بارسىزبا	جەجە	29
بارسىزبا	بارسىزبا	35
بارسىزبا	سويلەڭىز	35
تۇىلعان	كۇن	27
تۇىلعان	كۇنى	20
تۇىلعان	كۇنىڭ	7
تۇىلعان	كۇنىم	7
تۇىلعان	كۇنىڭىز	41
تۇىلعان	كۇنىڭمەن	15
تۇىلعان	كۇنىن	32
ەركىن	دەگەن	34
ەركىن	اعا	39
ايەلى	جوق	22
ايەلى	بار	27
ايەلى	ەكەۋى	16
قويايىق	دەپ	29
قويايىق	بولدى	15
قويايىق	بولاما	21
كەلىنشەك	جوق	36
كەلىنشەك	ەكەن	33
كەلىنشەك	بار	34
كەلىنشەك	الىپ	18
كەلىنشەك	تاۋىپ	38
پايداسى	جوق	38
پايداسى	نە	8
پايداسى	بار	29
پايداسى	بارما	10
پايداسى	زور	21
جوقپىن	عوي	37
جوقپىن	جانىم	16
جوقپىن	دەپ	30
دارداي	جاقسى	27
دارداي	ەكەن	33
دارداي	بولىپ	27
دارداي	ادام	19
دارداي	اقشا	36
دارداي	اۋىرىپ	38
دارداي	ۋاقىت	24
دارداي	جەر	25
ىشەتىن	بولىپ	32
ىشەتىن	ادام	36
ىشەتىن	كۇن	20
ىشەتىن	اقشا	29
ىشەتىن	ۋاقىت	27
ىشەتىن	جەر	33
ىشەتىن	دارى	25
ىشەتىن	بولدىق	26
ءدال	بولدى	37
ءدال	ەكەن	37
ءدال	سول	19
ءدال	بۇگىن	20
ءدال	وسى	32
ءدال	ايتتىڭ	16
ءدال	قازىر	18
ءدال	ايتاسىڭ	11
ءدال	قازىرگى	36
شىعايىن	دەپ	35
شىعايىن	وندا	7
شىعايىن	دەسەم	32
شىعايىن	دەگەم	17
جاتساڭ	مەن	22
جاتساڭ	جاقسى	33
جاتساڭ	بولدى	34
جاتساڭ	بولادى	15
جاتساڭ	قايتىپ	39
جاتساڭ	قابارلاس	38
جاتساڭ	بولمايما	31
مىنانىڭ	بارى	29
مىنانىڭ	بارىن	34
مىنانىڭ	باعاسى	38
مىنانىڭ	ىشىندە	17
مي	جوق	22
مي	بار	8
مي	بارما	31
مي	اشىپ	34
ۇرسىپ	جاتىر	38
ۇرسىپ	وتىر	15
ۇرسىپ	كەتتى	39
ۇرسىپ	قالدىم	29
ۇرسىپ	قالدىق	36
ۇرسىپ	جۇرمەسىن	35
ۇرسىپ	ۇرسىپ	32
ساعاندا	جاقسى	29
ساعاندا	بىر	37
ساعاندا	راحىمەت	32
ساعاندا	قيىن	17
ساعاندا	وڭاي	20
ساعاندا	قىيىن	12
ساعاندا	ماعاندا	32
شارشادىم	عوي	20
شارشادىم	جانىم	35
شارشادىم	دەپ	21
شارشادىم	بۇگىن	19
كسلەر	بار	34
كسلەر	كەلىپ	20
كسلەر	بولسا	26
كسلەر	بارما	11
كسلەر	قابارلاسىڭىزدار	18
كسلەر	قابارلاسڭىزدار	38
سەنبى	كۇنى	16
سەنبى	جەكسەنبى	8
تيىن	جوق	7
تيىن	ەكەن	9
تيىن	اقشا	34
تيىن	قالمادى	19
تيىن	تەبەن	23
راسپا	جانىم	34
كەتەمىز	عوي	11
كەتەمىز	جانىم	13
كەتەمىز	دەپ	35
كەتەمىز	دەيدى	15
سىزدەر	نەعىپ	20
سىزدەر	ۇشىن	19
سىزدەر	جاققا	19
سىزدەر	جاقتا	21
سىزدەرگە	كۇپشىلىك	19
سىزدەرگە	الەمدەگى	26
كورمەي	اق	34
كورمەي	قالدىم	26
كورمەي	تۇرىپ	15
كورمەي	جاتىپ	31
كورمەي	جۇرگەن	33
كورمەي	قالىپپىن	31
ايتار	جوق	16
ايتار	ەكەن	7
ايتار	ەدىم	19
ايتارىڭ	جوق	17
ايتارىڭ	قابىل	28
ايتارىڭ	بولسا	2
ايتارىڭ	بارما	23
ايتارىڭ	جوقپا	31
ەرتەڭگى	كەلىپ	35
ەرتەڭگى	ايت	10
ەرتەڭگى	كۇنى	20
ەرتەڭگى	كەلە	21
ەرتەڭگى	ايتىڭ	31
ەرتەڭگى	وراز	17
ەرتەڭگى	ورازا	35
ەرتەڭگى	ايىت	17
ەرتەڭگى	ايتتارىڭ	37
ەرتەڭگى	ايتىڭىز	37
ويى	جوق	39
ويى	بار	15
ويىڭ	عوي	8
ويىڭ	جوق	38
ويىڭ	سول	17
ويىڭ	نە	29
ويىڭ	بار	36
ويىڭ	بولسا	12
ويىڭ	قالاي	15
ويىڭ	بارما	26
ويىڭ	دۇرىس	20
ويىڭ	جامان	19
بارلىعى	جاقسى	28
بارلىعى	بار	14
بارلىعى	تولىق	30
بارلىعى	جيىنى	36
جگىت	جوق	35
جگىت	ەكەن	34
جگىت	بار	20
جگىت	بولىپ	24
جگىت	بولسا	38
جگىت	تاۋىپ	37
تۇسكەندە	بىر	20
تۇسكەندە	اتىپ	38
تۇسكەندە	بەرەيىن	29
تۇسكەندە	قابارلاس	32
تۇسكەندە	قابارلاسايىن	27
كەشىرىم	بار	28
كەشىرىم	سۇرا	17
كەشىرىم	سۇراپ	29
كەشىرىم	ايى	12
كەشىرىم	ايدا	37
كەشىرىم	سۇراي	35
كەشىرىم	سۇرايىن	36
كەشىرىم	سۇرادىم	32
كەشىرىم	سۇرايمىن	28
قۇرى	شاي	13
قۇرى	قول	24
قۇرىپ	الىپ	36
قۇرىپ	تۇر	37
قۇرىپ	جاتىرمىن	38
قۇرىپ	وتىرمىن	31
قۇرىپ	كەتتى	38
قۇرىپ	كەتتىم	37
قۇرىپ	قويدىم	37
قۇرىپ	جۇرمىن	25
قۇرىپ	قالعان	34
قۇرىپ	قالسىن	31
دام	جوق	35
دام	تارتىپ	24
دام	تارتقان	19
دام	تارتپاي	24
دام	تارتسا	19
دام	تاتىپ	8
دامدى	بولسىن	18
دامدى	ەكەن	5
دامدى	كۇندەرىڭ	20
دامدى	سىڭىمدى	25
جولدان	الىپ	13
جولدان	كەيىن	20
جولدان	تۇسىپ	38
جولدان	توسىپ	21
ايتتىق	دەپ	33
ايتتىق	قوي	33
ايتتىق	الىپ	21
ايتتىق	اتىپ	20
ايتتىق	تاتتى	37
ايتتىق	نارسە	35
ايتتىق	قيمىل	37
جۇك	جوق	25
جۇك	بار	35
جۇك	بولسا	19
جۇك	مال	11
جۇك	ماشينا	14
جۇك	باسىپ	32
جۇك	تۇسىرىپ	17
جۇك	باساتىن	27
تۋىس	بولىپ	39
تۋىس	دەگەن	31
تۋىس	تۋعان	30
تۋىس	تۋعاندار	12
تۋىستار	كەلىپ	18
تۋىستار	امان	25
تۋىستار	ورازا	21
تۋىستار	ايتتارىڭىز	33
تۋىستار	امانسىزدار	32
تۋىستار	امانسىزدارما	35
بەكەن	دەپ	8
بەكەن	دەيمىن	20
ساندا	بىر	30
ساندا	بارىپ	14
ساندا	سويلەپ	37
قىلا	سال	31
قىلا	بەر	18
قىلا	الماي	19
قىلا	المايدى	21
قىلادى	عوي	19
قىلادى	دەپ	16
قىلادى	ەكەن	18
قىلادى	ەكەنسىڭ	11
قىلادى	دەيسىڭ	27
دەيتىن	بولدى	37
دەيتىن	ادام	30
دەيتىن	ەمەس	27
دەيتىن	شىعار	22
دەيتىن	ەدىم	12
دەيتىن	شعار	22
دەيتىن	شىعارسىڭ	24
منە	جانىم	36
منە	دەپ	35
منە	جەردە	28
الىس	جوق	33
الىس	ەكەن	31
الىس	بولىپ	17
الىس	قوي	18
الىس	ەمەس	30
الىس	جۇر	21
الىس	جەر	36
الىس	جاقىنداعى	20
الىس	جاقىنعا	34
تاپقان	ەكەن	30
تاپقان	اقشا	33
تاپقان	كۇنى	26
تاپقان	سوڭ	39
تاپقان	ەكەنسىڭ	32
تاپقان	اقشاڭ	16
تاپقان	اقشاڭدى	34
كۇت	جانىم	39
كۇت	ەكەن	30
كۇت	ۇشىن	30
كۇتىپ	جاتىر	19
كۇتىپ	ال	20
كۇتىپ	تۇر	32
كۇتىپ	جاتىرمىن	30
كۇتىپ	وتىرمىن	22
كۇتىپ	قاربالاس	19
كۇتىپ	جۇرمىن	33
ىشىم	اۋىرىپ	37
ىشىم	قاتتى	10
ىشىم	اشىپ	39
ىشىم	اۋرىپ	25
ىشىم	وتىپ	32
ىشىم	قاتىپ	33
ىشىم	اۇىرىپ	28
ىشىم	كۇيىپ	37
ىشىم	پىسىپ	18
ىشىم	پسىپ	18
اتتى	عوي	38
اتتى	كىم	19
مىناۇ	بىر	21
مىناۇ	نە	35
مىناۇ	مەنىڭ	21
مىناۇ	قاي	32
مىناۇ	كىم	36
مىناۇ	قانشا	29
راقمەت	جانىم	32
راقمەت	بىرگە	15
راقمەت	دوسىم	30
راقمەت	ايتقانىڭ	39
بەرەيىك	دەپ	23
بەرەيىك	دەيدى	12
سالعان	عوي	25
سالعان	جوق	26
سالعان	ەكەن	36
سالعان	سوڭ	36
ىستەيدى	عوي	27
ىستەيدى	دەپ	17
ىستەيدى	ەكەن	20
ىستەيدى	ەكەنسىڭ	10
قارايتىن	بولدى	23
قارايتىن	ادام	28
قارايتىن	شىعار	7
قارايتىن	ۋاقىت	34
قارايتىن	بەت	15
قارايتىن	شاما	32
جندى	عوي	31
جندى	ەكەن	26
جندى	سول	17
جندى	بولىپ	39
جندى	ەمەس	16
جندى	بوپ	37
جندى	قىز	31
جندى	ەمەسپىن	27
سەنكى	عوي	37
سەنكى	ەكەن	24
سەنكى	دۇرىس	39
سەنكى	دۇرس	18
سەنكى	جون	34
سەنكى	جۇن	27
بارمەكەن	دەپ	34
بارمەكەن	بىر	38
بارمەكەن	بار	28
زەرىگىپ	جاتىرمىن	37
زەرىگىپ	وتىرمىن	16
زەرىگىپ	كەتتىم	18
زەرىگىپ	جاتقان	10
زەرىگىپ	وتىرسىڭبا	35
زەرىگىپ	كەتتىك	38
الدىرىپ	ال	26
الدىرىپ	الدىم	22
الدىرىپ	بەرەيىن	37
الدىرىپ	قويدىم	23
الدىرىپ	ەدىم	18
الدىرىپ	الايىن	37
الدىرىپ	بەرشى	18
سىزدەن	بولسىن	35
سىزدەن	بىر	19
سىزدەن	باسقا	18
سىزدەن	يۋان	22
سىزدەن	ۇيات	35
سىزدەن	سوم	16
سىزدەن	سۇراپ	37
سىزدەن	سۇرايىن	32
جۇرگەم	عوي	35
جۇرگەم	جوق	28
جەكسەنبى	كۇنى	6
جەكسەنبى	كۇندەرى	9
جەكسەنبى	دەمالىس	29
رازى	بول	29
رازى	بولسىن	37
رازى	بولىپ	16
رازى	بولسا	12
رازى	بوپ	37
رازى	ەدىم	26
رازى	بولدىم	35
رازى	بولماي	34
رازى	بولساڭ	28
رازى	قىلىپ	21
رازى	قىلام	21
رازى	قىلامىن	30
جۇمستا	سول	35
جۇمستا	وتىرمىن	24
جۇمستا	قاربالاس	18
جۇمستا	جۇرمىن	32
جۇمستان	ەندى	19
جۇمستان	كەلىپ	20
جۇمستان	جاڭا	20
جۇمستان	تۇسىپ	30
جۇمستان	جاڭە	12
جۇمستان	جاي	31
جۇمستان	تۇسكەن	33
جۇمستان	تۇسكەندە	21
جۇمستان	تۇستىڭبە	27
سوندادا	بىر	16
قايداعىنى	ايتىپ	21
قايداعىنى	قايدان	16
قايداعىنى	ويلاپ	34
قايداعىنى	ايتادى	23
قايداعىنى	ايتاسىڭ	16
قايداعىنى	ايتپا	35
قايداعىنى	ايتپاشى	20
قايداعىنى	ايتپاي	18
قايداعىنى	ويلاما	11
قايداعىنى	ايتباي	37
قايداعىنى	ويلاماي	31
دوسىڭ	عوي	28
دوسىڭ	بار	21
دوسىڭ	بولسا	21
دوسىڭ	قايدا	19
دوسىڭ	بارما	32
قىزعانىپ	وتىر	28
قىزعانىپ	وتىرمىن	35
قىزعانىپ	قالدىم	26
قىزعانىپ	تۇرمىن	18
قىزعانىپ	قالدىڭبا	34
قىزعانىپ	كەتەم	20
قىزعانىپ	قالام	37
قىزعانىپ	وتىرسىڭبا	37
ەكەۋىن	بىر	38
ەكەۋىن	الىپ	32
ەكەۋىن	بىرگە	20
ەكەۋىن	بىراق	35
ەكەۋىن	قوسىپ	37
ەكەۋىن	ەرتىپ	19
راسىم	عوي	33
راسىم	جوق	36
راسىم	بار	16
راسىم	بولسا	32
راسىم	بارما	38
راسىم	جولداپ	36
راسىم	جولداشى	18
تەڭ	عوي	16
تەڭ	بولىپ	36
تەڭ	ەمەس	25
ماشينانى	الىپ	32
ماشينانى	ساتىپ	19
ماشينانى	ايداپ	38
بىرەۇ	بار	16
بىرەۇ	الىپ	20
بىرەۇ	بولسا	20
بىرەۇ	الايىن	33
بىرەۇ	تاۇىپ	27
ۇيىقتادىم	جانىم	20
ۇيىقتادىم	جاقسى	15
ۇيىقتادىم	وندا	23
جۋا	سال	15
جۋا	بەر	8
جۋا	سالشى	20
جۋا	سالايىن	18
جۋا	سالام	17
جۋا	سالدىم	26
جۋا	سالساڭ	27
جۋاس	دەپ	30
جۋاس	جاقسى	38
جۋاس	ەكەن	38
جۋاس	بولىپ	26
جۋاس	قوي	25
جۋاس	ادام	36
جۋاس	ات	17
جۋاس	بايقۇس	18
سۇيلەشى	جانىم	13
سۇيلەشى	بولاما	12
سۇيلەشى	تەز	21
سىلتاۋ	عوي	28
سىلتاۋ	جوق	25
سىلتاۋ	بولدى	21
سىلتاۋ	ايتىپ	34
سىلتاۋ	ەمەس	14
سىلتاۋ	تاۋىپ	27
سىلتاۋ	قىلىپ	17
سىلتاۋ	ىزدەپ	21
سىلتاۋ	تابا	28
وقۋ	اعارتۋ	37
وقۋشى	بار	18
وقۋشى	الىپ	11
وقۋشى	بالا	31
وقۋشى	اپارىپ	24
وقۋشى	تارايدى	30
وقۋشى	تاراعاندا	38
جاتاتىن	بولدى	37
جاتاتىن	بولىپ	20
جاتاتىن	ۇيگە	37
جاتاتىن	كۇن	33
جاتاتىن	ەمەس	19
جاتاتىن	شىعار	34
جاتاتىن	كەزدە	34
جاتاتىن	ەدىم	34
جاتاتىن	ۋاقىت	26
جاتاتىن	بولدىم	36
جاتاتىن	جەر	19
جاتاتىن	بولدىق	16
بوتام	سول	31
بوتام	مەنىڭ	16
سىڭىمدى	بولسىن	13
سىڭىمدى	كۇندەرىڭ	2
سىڭىمدى	كۇندەرىڭىز	13
بارساق	جاقسى	33
بارساق	بولدى	18
بارساق	بولادى	27
بارساق	بولاما	15
بارساق	بارايىق	19
شۇندە	جوق	36
شۇندە	بار	29
شۇندە	ايتىپ	22
شۇندە	جۇر	23
اراسىندا	بىر	19
اراسىندا	بارىپ	23
اراسىندا	سويلەپ	35
ساتتى	بولسىن	29
ساتتى	بولدى	5
ساتتى	بولىپ	27
ساتتىلىك	بولسىن	23
ساتتىلىك	تىلەيمىن	4
شايدى	مەن	10
شايدى	ەندى	30
شايدى	قاشان	21
شايدى	ىشىپ	30
شايدىڭ	كۇنى	19
شايدىڭ	اقشاسى	32
شايدىڭ	اقشاسىن	13
شايدىڭ	پۇلى	6
شايدىڭ	پۇلىن	36
شايدىڭ	كەزەگى	18
شايدىڭ	شىرەتى	28
قىلاسىڭ	عوي	35
قىلاسىڭ	جانىم	18
قىلاسىڭ	دەپ	36
ءۇش	ادام	27
ءۇش	اي	19
ءۇش	كۇن	27
ءۇش	كۇندە	11
ءۇش	مىڭ	26
ءۇش	جۇز	27
ءۇش	جىل	23
ءۇش	رەت	28
ءۇشىن	عانا	34
ىشكى	جان	37
ىشكى	ۇيدە	25
ىشكى	ۇيگە	20
ىشكى	باعاسى	19
ىشكى	باعادا	22
ىشكىم	جوق	16
ىشكىم	كەلىپ	9
ىشكىم	كەپ	10
ىشكىم	كەلمەي	24
ىشكىم	كەلمەيدى	16
جايشا	باراسىڭبا	33
جايشا	باردىڭبا	19
جايشا	جۇرسىڭبە	16
جايشا	كەلدىڭبە	27
سەندەردى	ساعىنىپ	36
سەندەردى	توسىپ	31
سەندەردىڭ	ۇي	17
سەندەردىڭ	ۇيدە	31
سەندەردىڭ	ۇيگە	20
سەندەردىڭ	ۇيدىڭ	16
توڭ	ماي	35
توڭىپ	جاتىرمىن	11
توڭىپ	وتىرمىن	18
توڭىپ	كەتتى	31
توڭىپ	كەتىپ	34
توڭىپ	كەتتىم	37
توڭىپ	تۇرمىن	10
توڭىپ	قالما	20
توڭىپ	قالماسىن	18
تويى	ەكەن	38
تويى	بار	16
تويى	قۇتتى	20
تويىپ	ال	17
تويىپ	الىپ	28
تويىپ	ىش	15
تويىپ	ىشىپ	29
تويىپ	الدىم	12
تويىپ	كەتتىم	28
تويىپ	تۇرمىن	19
تويىپ	جەپ	37
بولشى	جانىم	19
بولشى	ەندى	10
بولشى	بولاما	37
بولشى	تەز	25
منانى	الىپ	15
كەلنشەك	جوق	29
كەلنشەك	ەكەن	31
كەلنشەك	بار	32
كەلنشەك	تاۋىپ	17
ۋاقىتىڭ	جوق	33
ۋاقىتىڭ	بار	18
ۋاقىتىڭ	بولسا	21
ۋاقىتىڭ	بارما	12
ۋاقىتىڭ	كوڭىلدى	16
ۋاقىتىڭ	كۇڭىلدى	13
ۋاقىتىڭ	شىعادى	28
ۋاقىتىڭ	بولعاندا	35
ۋاقىتىڭ	شىققاندا	31
ۋاقىتىڭ	شىقسا	13
ۋاقىتىڭ	شىعاما	27
جەكە	جەكە	31
جەكە	كاسىپ	27
ىشكەن	جوق	18
ىشكەن	جاقسى	14
ىشكەن	ادام	34
ىشكەن	تاماق	20
ىشكەن	كۇنى	34
ىشكەن	سوڭ	19
ىشكەن	كەزدە	17
قاراشى	جانىم	35
كانە	جولداشى	20
اتىن	ايتىپ	16
اتىن	كىم	19
اتىن	بىلمەيمىن	31
اتىن	ايتشى	38
اتىن	جازىپ	37
اتىن	ۇمىتىپ	18
اتىن	اتاپ	27
تەلەفونعا	اقشا	36
تەلەفونعا	كوپ	38
تەلەفونعا	قاراپ	36
تەلەفونعا	قاراي	16
تەلەفونعا	قاراماي	11
تەلەفونعا	قارايتىن	22
تەلەفونعا	قارامادىم	18
تەلەفونعا	قاراماپتىم	28
اكەڭ	مەن	34
اكەڭ	باسى	33
اكەڭ	باسىنا	17
اكەڭ	شەشەڭ	31
كۇنىڭىز	قۇتتى	33
كۇنىڭىز	كوڭىلدى	1
كۇنىڭىز	بەن	37
انەۋ	كۇنى	27
انەۋ	كۇننەن	4
انەۋ	كۇنگى	17
دىم	عوي	11
دىم	جوق	28
دىم	بولدى	11
دىم	بولىپ	28
دىم	بولدىڭ	31
دىم	تارتپايتىن	32
اۋىل	قايدان	38
اۋىل	جاققا	18
اۋىل	ايماق	13
اۋىل	شارۋاشىلىق	17
اۋىلعا	بىر	25
اۋىلعا	كەلىپ	19
اۋىلعا	بارىپ	21
اۋىلعا	ەكى	18
اۋىلعا	كەتىپ	35
اۋىلعا	قايتاتىن	33
كشى	اعا	11
كشى	ەكەنسىڭ	21
كشى	اپام	34
كشى	اعام	35
كشى	اكەم	27
كشى	اكەمنىڭ	23
كشى	دارەت	35
كشى	كىرىم	23
رەنجىمەي	بىر	29
رەنجىمەي	ماعان	35
رەنجىمەي	تاۋىپ	28
ارعى	كۇنى	31
ارعى	بەت	32
ارعى	بەتكە	35
ارعى	بەتىڭ	8
ارعى	بەتتە	33
ارعى	بەتتەن	17
ارعى	بەتتىڭ	13
ارعى	بەتتەگى	14
اعانىڭ	تەلەفون	21
اعانىڭ	تۋىلعان	17
اعانىڭ	ۇيىنە	37
اعانىڭ	بالاسى	19
اعانىڭ	ۇيىندە	28
اعانىڭ	نومىرى	25
اعانىڭ	نومىرىن	34
اعانىڭ	نۇمىرىن	13
سويلەشى	جانىم	20
سويلەشى	بولاما	13
سويلەشى	تەز	18
الساق	دەپ	24
الساق	جاقسى	27
الساق	بولدى	15
الساق	بولادى	18
الساق	بولاما	13
جاياۋ	كەل	32
جاياۋ	بارىپ	38
جاياۋ	كەتىپ	27
جاياۋ	قايتىپ	31
جاياۋ	كەلە	36
جاياۋ	جۇرە	23
جاياۋ	جۇرىپ	36
ايتارىڭىز	قابىل	19
ايتارىڭىز	قۇتتى	1
وزىڭشى	جانىم	40
وزىڭشى	نەعىپ	18
كورەمىن	عوي	13
كورەمىن	جانىم	11
كورەمىن	دەپ	17
كورەمىن	سەنى	18
سويلەيىن	جانىم	35
سويلەيىن	دەپ	21
سويلەيىن	بولاما	16
سويلەيىن	دەسەم	20
تىڭداپ	جاتىرمىن	11
تىڭداپ	وتىر	17
تىڭداپ	وتىرمىن	23
تىڭداپ	شىقتىم	14
بەرىڭدەر	مەن	21
بەرىڭدەر	دەپ	22
بەرىڭدەر	دەيدى	15
دەمالدىم	جانىم	19
دەمالدىم	جاقسى	16
دەمالدىم	وندا	20
دەمالدىم	ەرتەڭ	19
دەمالدىم	تاڭەرتەڭ	29
ەتتى	عوي	37
ەتتى	الىپ	18
ەتتى	جەپ	26
ەتتى	اسىپ	27
تەگىن	شىعارىپ	22
تەگىن	التىن	37
تەگىن	تەكسەرۋ	24
تەگىن	تەكسەرۋگە	16
شاشۋ	اتىپ	12
شاشۋ	شاشۋ	37
شاشۋ	شاشىپ	24
سەنىپ	وتىرمىن	14
سەنىپ	ەدىم	19
سەنىپ	تۇرمىن	30
سەنىپ	جۇرگەن	26
سەنىپ	جۇرسەم	31
بارمادى	عوي	37
بارمادىم	عوي	15
بارمادىم	جانىم	17
باستى	عوي	28
باستى	اۋىرتىپ	33
باستى	اۋىرتپاشى	15
باستى	اۋىرتپاي	15
باستىق	بار	23
باستىق	بولىپ	27
باستىق	كەلىپ	29
ويلاي	بەر	32
ويلاي	بەرسەڭ	19
ويلاي	بەرمە	16
ويلاي	بەرمەي	13
ويلاي	ويلاي	21
ويلايمىن	عوي	16
ويلايمىن	جانىم	17
ويلايمىن	بىراق	17
قاتىر	جان	32
قاتىرجام	بول	7
قاتىرجام	بولىپ	8
قاتىرجام	بولدىم	24
قاتىرجام	بولشى	37
قاتىرجام	بولىڭىز	15
تان	كەيىن	26
تان	ەمەس	17
تانا	مەن	19
تانا	تانا	30
قالىڭىز	قالاي	29
جۇمىرتقا	بار	1
جۇمىرتقا	بارما	19
جۇمىرتقا	الاتىن	18
جۇمىرتقا	ساتاتىن	30
قۇلجادا	ەكەن	32
قۇلجادا	بىر	29
قۇلجادان	كۇنەسكە	29
قۇلجادان	تەكەسكە	14
قۇلجادان	نىلقىعا	16
قۇلجادان	قورعاسقا	23
قۇلجادان	مۇڭعۇلكۇرەگە	26
مىنالار	قانشا	19
كىسىنىڭ	جانى	25
كىسىنىڭ	تەلەفون	35
كىسىنىڭ	ۇيىنە	30
كىسىنىڭ	بالاسى	23
كىسىنىڭ	ۇيىندە	30
كىسىنىڭ	نومىرىن	14
كىسىنىڭ	الدىنان	36
كىسىنىڭ	يمانى	27
ۇيندە	ەكەن	25
ۇيندە	تاماق	24
ۇيندە	وتىرمىن	27
ۇيندە	شاي	15
اپاي	بار	28
اپاي	امانسىزبا	35
جوزى	جوق	19
جوزى	بار	28
جوزى	الىپ	16
جوزى	ادام	25
جوزى	بارما	28
جوزى	جاساپ	29
جوزى	جايىپ	31
اپەكەم	بار	35
اپەكەم	ەكەمىز	18
اپەكەم	ۇيىنە	35
اپەكەم	ۇيىندە	20
قىلعان	جوق	30
قىلعان	ادام	19
قىلعان	سوڭ	21
بيتىپ	تۇر	28
بيتىپ	جاتىرمىن	27
بيتىپ	وتىرمىن	26
بيتىپ	جازىپ	26
ايتقاندا	مەن	35
ايتقاندا	نە	28
ايتقاندارىڭ	كەلسىن	30
ايتقاندارىڭىز	كەلسىن	2
جاعىن	ويلا	1
جاعىن	ويلاپ	27
جاعىن	بىلمەدىم	25
كەپتى	عوي	23
كەپتى	دەپ	16
كەپتى	ەكەن	32
شعاتىن	بولدى	16
شعاتىن	بولىپ	22
شعاتىن	ادام	34
شعاتىن	كەزدە	26
شعاتىن	بولدىم	30
شعاتىن	ماشينا	25
شعاتىن	شعار	35
شعاتىن	كولىك	17
شعاتىن	جولاۋشىلار	17
شعاتىن	بولدىق	14
عاشىق	بولىپ	34
عاشىق	بوپ	8
عاشىق	بولعان	17
عاشىق	بولدىم	17
عاشىق	بولۋ	19
دەيسىڭبە	جانىم	36
ۇزىڭشى	جانىم	20
ۇزىڭشى	نەعىپ	19
باعاناعى	مەن	13
باعاناعى	ايتقان	36
ەشقانداي	نارسە	31
ەشقانداي	كەرى	36
سىم	جوق	34
سىم	بىر	37
سىم	بار	24
سىم	الىپ	36
سىم	كيىپ	17
سىم	شاپان	19
سىم	جەيدە	27
وتىرعام	جوق	21
پسىرىپ	جاتىر	6
پسىرىپ	ال	34
پسىرىپ	جاتىرمىن	34
پسىرىپ	بەر	15
پسىرىپ	بەرەيىن	34
پسىرىپ	الايىن	36
پسىرىپ	بولدىم	27
بىراقتا	مەن	32
بىراقتا	سول	19
بىراقتا	سەن	31
بىراقتا	ول	21
دوستىق	شەڭبەر	36
دوستىق	شەڭبەرگە	24
دوستىق	شەڭبەردە	7
دوستىق	شەڭبەردەن	35
دوستىق	شەڭبەرىڭە	23
دوستىق	شەڭبەرىنە	28
دوستىق	شەڭبەرىمە	25
دوستىق	شەڭبەرىڭىزگە	32
دوستىق	شەڭبەرىڭدى	34
دوستىق	شەڭبەرلەرىڭىزگە	34
وتكىزىپ	جاتىر	33
وتكىزىپ	الىپ	26
وتكىزىپ	بەرىپ	37
وتكىزىپ	بەرەيىن	28
وتكىزىپ	بەرەيىك	20
جەرىن	قايتا	36
جەرىن	باسىپ	20
مەنمەن	نە	34
مەنمەن	بىرگە	29
مەنمەن	توي	14
مەنمەن	قاتسى	33
وتباستارىڭ	امان	18
وتباستارىڭىز	امان	1
وتباستارىڭىز	شاتتىققا	2
وتباستارىڭىز	بەرەكەگە	16
تۇرامىن	عوي	19
تۇرامىن	جانىم	11
تۇرامىن	دەپ	18
ۇرا	سال	30
ۇرا	بەر	14
ۇرايىن	جانىم	14
ۇرايىن	دەپ	23
ۇرايىن	بولاما	18
ۇرايىن	دەسەم	14
ۇرايىن	دەگەم	16
نەقىپ	جاتىر	36
نەقىپ	جاتىرسىڭ	31
نەقىپ	جۇرسىڭ	6
نەقىپ	جاتسىڭ	34
قانات	دەگەن	19
قانات	اعا	36
جاعىنا	قاراي	26
جاعىنان	الاڭداما	19
جانا	بەرسىن	30
جانار	دەگەن	13
جانار	جەجە	34
جەڭىل	عوي	34
جەڭىل	بولسىن	26
جەڭىل	ەكەن	19
جەڭىل	بولسا	18
جەڭىل	بولادى	23
جەڭىل	تاماق	30
جەڭىل	جۇمىس	36
جەڭىل	جەلپى	16
ءدارى	الىپ	33
ءدارى	ىشىپ	17
ءدارى	بەرىپ	15
ءدارى	ءىشىپ	31
ءدارى	تۇتىنۋ	22
ماعاش	جوق	35
ماعاش	بەرەدى	31
ماعاش	شىققاندا	35
ماعاش	تيگەندە	14
بىرەۋىن	الىپ	36
بىرەۋىن	الايىن	19
بىرەۋىن	عانا	33
شىنبا	جانىم	35
شىنبا	ەكەن	14
كورسەتىپ	جاتىر	33
كورسەتىپ	قوي	27
بىتىپ	تۇر	29
بىتىپ	كەتتى	33
بىتىپ	قالدى	13
بىتىپ	كەتتىم	20
بىتىپ	كەتكەن	29
بىتىپ	كەتىپتى	21
بىتىپ	كەتسە	19
بىتىپ	قالار	24
تۇيە	بار	35
تۇيە	ساۋىپ	35
تۇيە	سۇتى	16
تۇيە	ساۋاتىن	32
بارامبا	دەپ	32
بارامبا	جوق	8
بارامبا	دەسەم	35
بارامبا	دەيمىن	22
بارامبا	دەگەم	33
بارامبا	قايتەم	15
تەكسەرىپ	جاتىر	27
تەكسەرىپ	كور	13
تەكسەرىپ	بەرشى	22
تۇياق	قوي	32
تۇياق	مال	13
تۇياق	ەشكى	34
تۇياق	سيىر	33
تۇياق	قوزى	20
تۇياق	جىلقى	23
تۇرسام	بولدى	26
تۇرسام	بولادى	22
تۇرسام	بولاما	26
ۇشىرىپ	قويايىن	28
ۇشىرىپ	تاستا	35
ۇشىرىپ	تاستاپ	11
ۇشىرىپ	تاستادىم	22
ۇشىرىپ	تاستاعام	18
ۇشىرىپ	تاستاپسىڭ	34
قىزمەت	قاربالاس	29
قىزمەت	ىستەپ	30
قىزمەت	تابىستى	20
قىزمەت	قاربالاسپا	19
قىزمەت	وتەۋ	25
ويىم	عوي	19
ويىم	جوق	22
ويىم	سول	6
ويىم	بار	33
ويىم	بولسا	17
اتىڭ	بار	20
اتىڭ	كىم	29
اتىڭ	قۇتتى	6
اتىڭ	بايگەلى	36
جوعال	دەپ	30
جوعال	ارى	16
جوعالىپ	كەتتى	19
جوعالىپ	كەتىپ	16
جوعالىپ	كەتتىڭ	21
جوعالىپ	كەتكەن	9
جوعالىپ	كەتەدى	21
جوعالىپ	كەتەسىڭ	24
تۇسەم	عوي	22
تۇسەم	جانىم	16
تۇسەم	دەپ	33
تۇسەم	دەيدى	17
شىدا	جانىم	31
شىدا	ەندى	11
شىداپ	تۇر	20
شىداپ	جۇر	17
شىداپ	تۇرىپ	23
شىداپ	جۇرمىن	32
شىداپ	جۇرسىڭ	18
بىتتى	عوي	23
بىتتى	دەپ	16
بىتتى	ەندى	32
سۇدان	نەعىپ	22
سۇدان	كەيىن	13
كۇرگەن	جوق	22
كۇرگەن	ادام	15
كۇرگەن	سوڭ	19
كۇرگەن	كىسىلەر	14
كۇرگەن	شىعارسىڭ	37
كۇرگەن	سايىن	37
كۇرگەن	جوقسىڭ	34
قايتس	بولدى	34
قايتس	بولىپ	13
قايتس	بوپ	7
قايتس	بولعان	19
قايتس	بولىپتى	10
قايتس	بوپتى	30
قايتس	بولپ	36
قايتس	بولپتى	36
قايتس	بولعاندا	14
ۇشىنشى	ايت	36
ۇشىنشى	كۇنى	18
ۇشىنشى	شاي	19
ۇشىنشى	ايتا	31
ۇشىنشى	ايىت	35
ۇشىنشى	ايدىڭ	31
ۇشىنشى	ايدا	20
ۇشىنشى	رەت	27
ۇشىنشى	ايتتا	36
ۇشىنشى	قابات	21
ۇيقتاماي	نەعىپ	29
ۇيقتاماي	جاتىر	16
ۇيقتاماي	جاتىرسىڭ	15
ۇيقتاماي	شىقتىم	16
سالىڭىز	شى	28
سالىڭىز	دار	21
اپاما	بارىپ	20
اپاما	تاماق	34
اپاما	تەلەفون	37
اپاما	ايتىپ	28
اپاما	قاراپ	18
قۋىپ	جۇرىپ	32
قۋىپ	شىقتى	34
كورەسىڭ	عوي	33
كورەسىڭ	جانىم	11
وتر	عوي	28
وتر	ەكەن	14
وترمىن	عوي	16
وترمىن	جانىم	17
ارالاپ	جۇر	21
ارالاپ	جۇرمىن	20
ارالاپ	جۇرمىز	22
ۇيقتايىق	جانىم	20
ۇيقتايىق	دەپ	11
ۇيقتايىق	بولدى	17
ۇيقتايىق	وندا	20
ءبىز	ەندى	17
ءبىز	ءالى	24
ءبىز	جاقتا	36
وتىز	ەكى	36
وتىز	كۇن	32
وتىز	يۋان	29
وتىز	سوم	14
وتىز	بەس	12
وتىز	مىڭ	23
وتىز	جىل	16
وتىز	قىرىق	30
الۋ	كەرەك	37
الۋ	قيىن	11
الۋ	ۇشىن	29
الۋ	قولايسىز	16
الۋشى	جوق	18
الۋشى	بولسا	16
الۋشى	ەدى	14
الۋشى	ەدىم	18
الۋشى	ەدىڭ	13
الۋشىلار	بولسا	17
الۋشىلار	قابارلاسىڭىزدار	3
ادامسىڭ	عوي	9
ادامسىڭ	سەن	7
الىڭدار	جانىم	31
الىڭدار	دەپ	36
الىڭدار	دەيدى	16
مۇتىپ	قالدىڭبا	23
مۇتىپ	كەتكەن	32
مۇتىپ	قالىپپىن	24
مۇتىپ	كەتىپپىن	15
مۇتىپ	كەتپە	10
مۇتىپ	كەتپىن	33
كەتەيىك	دەپ	35
كەتەيىك	بولدى	12
كەتەيىك	دەيدى	31
كەتەيىك	دەسەم	32
بەلەت	الىپ	32
بەلەت	تاستاپ	17
بەلەت	تاستاي	6
مينوت	بولدى	15
مينوت	قالدى	30
مينوت	ۋاقىت	17
مينوت	بۇرىن	19
مينوت	سايىن	35
مينوت	اينالاسىندا	32
سوزى	جوق	19
سوزى	كوپ	17
سوزىڭ	عوي	17
سوزىڭ	جوق	8
سوزىڭ	بولسا	19
سوزىڭ	ەستىلمەي	31
شىنى	شاي	31
شىنى	كەرەك	13
شىنى	جۋىپ	21
شىنى	سۇت	18
شىنى	جۋاتىن	25
اتاڭ	مەن	32
اتاڭ	بار	25
اتاڭ	قانداي	31
اتاڭ	اپاڭ	20
اڭگمە	جوق	19
اڭگمە	ايت	24
اڭگمە	ايتىپ	16
اڭگمە	ايتشى	10
اڭگمە	ايتپ	20
اڭگمە	ايتايىق	26
بارىمىز	جاقسى	25
بارىمىز	بىر	30
بارىمىز	سول	17
بارىمىز	بىرگە	19
بارىمىز	امان	19
بەرەكە	جوق	29
بەرەكە	بەرسىن	35
بەرەكە	بىرلىك	16
بەرەكە	بازارى	7
بەرەكە	بىرلىكتەن	17
جاقسىراق	دەم	20
جاقسىراق	دەمال	30
جاقسىراق	دەمالىپ	18
جاقسىراق	ويلان	23
جاقسىراق	ويلانىپ	27
جاقسىراق	كۇتىن	31
كوڭىلى	جاقسى	30
كوڭىلىم	عوي	18
كوڭىلىم	بىر	35
كوڭىلىم	قالدى	19
كوڭىلىم	اۋىرىپ	17
كوڭىلىم	قاتتى	22
كوڭىلىم	جارىم	21
كوڭىلىم	قالىپ	24
كوڭىلىم	بوساپ	24
سزگە	نە	36
اياعىم	اۋىرىپ	32
اياعىم	اۋرىپ	11
اياعىم	توڭىپ	35
اياعىم	قاقساپ	34
اياعىم	ىسىپ	15
الدىنا	كەلىپ	32
الدىنا	بارىپ	26
الدىنا	قويىپ	20
الدىنا	ەگەتىن	24
ياجاقسى	جانىم	19
ياجاقسى	امانشىلىق	32
ياجاقسى	ۇزىڭ	5
تۇرعوي	جانىم	17
سالەمىڭىز	قابىل	19
سالەمىڭىز	سالەمەت	1
تاستاي	سال	37
تاستاي	سالىپ	15
تاستايىن	دەپ	17
تاستايىن	دەيدى	10
تاستايىن	بولاما	35
تاستايىن	دەسەم	32
تاستايىن	دەگەم	23
بولماسىن	دەپ	24
بولماسىن	دەگەنىم	14
مقتى	بولسىن	33
مقتى	ەكەن	13
مقتى	ەكەنسىڭ	23
مقتى	بولساڭ	30
مقتى	دەنساۋلىق	32
مقتى	ازامات	18
انالار	جىيىنى	23
الدىڭدارما	جانىم	25
قاراسا	بولدى	28
قاراسام	جوق	11
قاراسام	سەن	30
قايتپ	بارام	23
قۇداشا	جان	35
قۇداشا	بولىپ	24
زيان	عوي	34
زيان	جوق	16
زيان	بولدى	29
زيان	ەكەن	28
زيان	بولادى	25
زيان	شەگىپ	19
تىلەگەن	جاقسى	21
تىلەگەن	بارلىق	34
تىلەگەن	تىلەك	36
تىلەگەن	تىلەكتەرىڭ	35
تىلەگەن	تىلەكتەرىڭىز	13
تىلەگەن	تىلەگىڭ	7
تىلەگەن	تىلەكتەرىڭىزگە	15
تىلەگەن	دۇعا	27
تىلەگەن	تىلەكتەرىڭە	33
جولداعان	جوق	28
جولداعان	سوڭ	28
بىرنشى	ايت	33
بىرنشى	كۇنى	19
بىرنشى	ايىت	19
بىرنشى	رەت	36
بىرنشى	ايتتا	17
اۋىرۋ	جوق	31
اۋىرۋ	بولدى	27
اۋىرۋ	ەكەن	33
اۋىرۋ	بار	35
اۋىرۋ	بولىپ	29
اۋىرۋ	تاۋىپ	16
اۋىرۋ	سەبەبىنەن	36
اۋىرۋ	دارمەنسىزدەنۋ	25
قايۋاقتا	كەلەدى	29
قايۋاقتا	كەلەسىڭ	30
قايۋاقتا	قايتاسىڭ	14
قايۋاقتا	شىعاسىڭ	16
قايۋاقتا	تۇسەسىڭ	34
تەمىر	ادام	24
تەمىر	ۇي	28
تەمىر	تۇلپار	34
تەمىر	تۇلپارىڭ	31
المادىڭ	عوي	16
المادىڭ	جانىم	5
قالجىڭداپ	جاتىرمىن	35
قالجىڭداپ	ايتىپ	13
قالجىڭداپ	وتىر	30
قالجىڭداپ	وتىرمىن	24
قالجىڭداپ	قويدىم	13
قالجىڭداپ	قويعام	19
ويلاعان	ادام	25
ويلاعان	شىعار	36
ويلاعان	ەدىم	35
ويلاعان	سايىن	25
ويلاعان	ارمان	19
ويلاعان	ويىڭ	35
ويلاعان	ءاربىر	29
ويلاعان	ارمانىڭا	10
سەكىلدى	عوي	33
سەكىلدى	بولىپ	21
سەكىلدى	ەدى	28
جەكەلىككە	اتىپ	31
جەكەلىككە	قابارلاسىڭىز	31
جەكەلىككە	قابارلاسىڭىزدار	33
جەكەلىككە	قوسىپ	8
زدەپ	جاتىر	19
زدەپ	بارىپ	20
زدەپ	جاتىرمىن	30
زدەپ	جۇر	24
زدەپ	جۇرمىن	27
زدەپ	بارام	29
زدەپ	بارايىن	22
كوزى	بار	32
كوزى	تۇسىپ	22
كوزىم	اۋىرىپ	18
كوزىم	تۇسىپ	19
كوزىم	اشىپ	24
كوزىم	تورت	17
كوزىم	جەتەدى	32
كوزىم	جەتتى	23
كوزىم	اشىلماي	21
كوزىم	ىلىنىپ	32
تەلەفونى	توقتاپ	17
تەلەفونى	گۋانجي	15
تەلەفونىم	جاقسى	18
تەلەفونىم	توقتاپ	31
تەلەفونىم	بۇزىلىپ	7
تەلەفونىم	تارتپاي	26
تەلەفونىم	گۋانجي	33
تەلەفونىم	تيڭجي	35
ۋاقت	جوق	20
ۋاقتا	كەلەسىڭ	12
ۋاقتا	قايتاسىڭ	19
قالامىن	عوي	27
قالامىن	جانىم	10
قالامىن	دەپ	21
تيمەي	جاتىر	19
تيمەي	تۇر	8
تيمەي	كەتتى	20
تيمەي	قالدى	20
تيمەي	قالادى	14
كەتپە	جانىم	24
كەتپە	دەپ	17
كەتپەسىن	جانىم	21
كەتپەسىن	دەپ	27
كەتپەسىن	باسىمىزدان	17
جۇرەسىڭ	عوي	35
جۇرەسىڭ	جانىم	13
كۇيى	جوق	26
كۇيى	جاقسى	13
كۇيىم	جوق	10
كۇيىم	جاقسى	7
كۇيىم	بىر	9
كۇيىم	دۇرىس	34
كۇيىم	بولماي	34
كۇيىم	كەلگەنشە	32
كۇيىم	ناشار	32
كۇشەدە	جۇر	24
كۇشەدە	جۇرمىن	31
كۇشەدە	تۇرمىن	15
جىلدا	بىر	29
جىلدان	كەيىن	12
جىلدان	بەرى	13
جىلدان	سوڭ	6
جىلدان	ەسەن	26
جىلدان	باستاپ	15
جىلدان	اسىپ	32
جىلدان	استى	26
جىلدان	جىلعا	16
جىلدان	بەرگى	17
ىسى	عوي	32
ىسىڭ	ىلگەرى	14
ىسىڭ	ىلكەرى	2
بىرەۋدە	اقشام	17
بىرەۋدەن	الىپ	12
بىرەۋدەن	اقشا	15
بىرەۋدەن	الدىم	20
بىرەۋدەن	سۇراپ	27
بىرەۋدەن	بولسادا	12
بىرەۋدەن	الاتىن	31
بىرەۋدەن	قارىز	24
بىرەۋدەن	الساڭدا	20
قانشادا	كەلەسىڭ	28
قانشادا	شىعاسىڭ	26
قانشادا	تۇسەسىڭ	27
قويدىق	قوي	16
قويدىق	تەزىرەك	15
سەنبە	سەن	35
سەنبەسەڭ	بولدى	17
سەنبەسەڭ	قوي	28
سەنبەسەڭ	ۇزىڭ	18
سەنبەسەڭ	قويشى	13
سەنبەسەڭ	وزىڭ	26
سەنبەسەڭ	سىناپ	18
بىلسە	بولدى	36
بىلسە	ۇيات	19
بىلسەڭ	مەن	20
بىلسەڭ	بولدى	33
ماما	مەن	6
ماما	دەپ	34
ماما	جەپ	28
ماما	ماما	29
دەندەرى	ساۋ	34
دەندەرىڭ	ساۋ	1
دەندەرىڭ	ساۇ	1
دەندەرىڭىز	ساۋ	19
دەندەرىڭىز	ساۇ	1
نەربى	عوي	35
نەربى	ەكەن	18
نەربى	سول	16
نەربى	بولىپ	33
نەربى	قاتىن	25
سۇراسام	جوق	19
سۇراسام	بولاما	18
سۇراسام	بولمايما	22
سۇراسام	بەرمەي	32
كىممەن	بىرگە	33
كىممەن	كىم	15
كىممەن	سويلەسىپ	36
كىممەن	سۇيلەسىپ	11
بولدىعوي	جانىم	29
شىعاسىڭ	عوي	22
شىعاسىڭ	جانىم	16
توزىپ	وتىرمىن	19
توزىپ	كەتتى	32
توزىپ	جۇر	17
توزىپ	كەتتىم	34
توزىپ	جۇرمىن	14
توزىپ	كەتكەن	22
توزىپ	كەتەدى	32
توزىپ	كەتىپتى	21
توزىپ	كەتپتى	27
توزىپ	كەتتىك	34
دەنى	ساۋ	35
دەنى	ساۇ	2
دەنىڭ	ساۋ	15
دەنىڭ	ساۇ	2
دەنىڭ	ساۋما	16
يىت	ەكەن	19
يىت	بولىپ	21
يىت	ەكەنسىڭ	16
يىت	قىلىپ	32
يىت	قۇساپ	35
يىت	بولايىن	26
يىت	بوق	34
ايدان	امان	26
ايدان	كەيىن	18
ايدان	بەرى	10
ايدان	سوڭ	14
ايدان	باستاپ	19
ايدان	اسىپ	11
ايدان	استى	23
سەزىم	جوق	16
سەزىم	بار	15
سەزىم	كەلىپ	26
سەزىم	دەگەن	27
سەزىم	ۇشىن	18
سەزىم	كۇشتى	19
قىرىق	كۇن	36
قىرىق	يۋان	22
قىرىق	سوم	24
قىرىق	بەس	18
قىرىق	مىڭ	24
قىرىق	جىل	18
كۇرەيىك	جانىم	25
كۇرەيىك	دەپ	29
كۇرەيىك	بولاما	18
قايجەردە	ەكەن	25
قايجەردە	ىستەپ	16
قايجەردە	جۇرسىڭ	23
قايجەردەن	بولدىڭ	28
قايجەردەن	بولدىڭىز	10
قايجەردەن	بولاسىز	6
تارتقان	عوي	26
تارتقان	ەكەن	26
تارتقان	كۇنى	20
جاساعان	جوق	26
جاساعان	سوڭ	20
دەگەندى	ەستىپ	20
مانتى	الىپ	30
مانتى	جەپ	29
مانتى	تۇيىپ	16
قىلام	عوي	16
قىلام	جانىم	16
قىلام	دەپ	24
قىلام	دەيدى	14
ازىراق	اقشا	25
ازىراق	ىش	27
ازىراق	ىشىپ	19
ازىراق	بولسادا	35
ماشينانىڭ	اقشاسىن	30
ماشينانىڭ	ىشىندە	20
بىرنەشە	ادام	15
بىرنەشە	كۇن	27
بىرنەشە	كۇندە	8
بىرنەشە	جىل	15
بىرنەشە	رەت	32
بىرنەشە	كۇننەن	18
بىرەسە	مىنا	13
بىرەسە	انا	35
بىرەسە	بىلاي	29
بەن	بىرگە	29
بەن	قۇتتىقتايمىن	32
جەزدە	اعا	28
جەزدە	اعاڭ	11
تۇرعام	جوق	30
قانشالىق	جاقسى	3
قانشالىق	ەكەنىن	16
كورسەم	دەپ	31
كورسەم	بولدى	30
كورسەم	بولادى	16
كورسەم	بولاما	24
بەي	ۇزى	19
بەي	ءوزى	16
بەيت	باسىنا	11
بەيت	باسنا	4
بەيتۇن	جاققا	9
بەيتۇنعا	بىر	17
بەيتۇنعا	كەلىپ	18
بەيتۇنعا	بارىپ	33
بەيتۇنعا	كەتىپ	16
بەيتۇنعا	باراتىن	25
كەلەمىز	عوي	13
كەلەمىز	دەپ	16
كەلەمىز	دەيدى	12
كەلەمىز	دەگەن	13
قۇسىپ	جاتىر	22
قۇسىپ	جاتىرمىن	22
قۇسىپ	تىشىپ	25
سالەمدەرىڭ	قابىل	33
سالەمدەرىڭ	سالەمەت	2
دەيمە	دەپ	16
دەيمە	ايتەۋ	19
ايتايىق	جانىم	19
ايتايىق	دەپ	23
ايتايىق	بولاما	18
ايتايىق	دەسەم	17
كەرەگى	جوق	35
كەرەگى	نە	3
كەرەگى	بار	19
كەرەگى	جالعىز	19
بەرسەڭىز	جاقسى	34
بەرسەڭىز	بولدى	27
بەرسەڭىز	بولادى	13
بەرسەڭىز	بولاما	18
ايبات	ەكەن	17
ايبات	بولىپ	10
ايبات	قوي	21
ايبات	بولىپتى	29
ەگەن	عوي	19
ەگەن	دەپ	17
ەگەن	قوي	19
قالدارىڭ	قالاي	32
كەنشەك	جوق	1
كەنشەك	بار	29
كەنشەك	تاۋىپ	18
قايتقان	جوق	30
قايتقان	كۇنى	15
قايتقان	سوڭ	24
قايتقان	كەزدە	10
قايتقاندا	الىپ	18
قايتقاندا	قابارلاس	35
قايتقاندا	قابارلاسايىن	19
بەرەسىڭبە	جانىم	18
بەرەسىڭبە	دەپ	19
بەرەسىڭبە	جوق	32
بەرەسىڭبە	بەرمەيسىڭبە	33
سۇمدىق	بولدى	20
سۇمدىق	ەكەن	17
سۇمدىق	بولىپ	16
سۇمدىق	قوي	26
سۇمدىق	ەكەنسىڭ	16
وداندا	جاقسى	18
وداندا	كوپ	29
جاتادى	عوي	33
جاتادى	دەپ	12
جاتادى	ەكەن	28
جاتادى	ەكەنسىڭ	14
قورقام	عوي	20
قورقام	جانىم	20
قورقام	دەپ	29
كۇيىپ	تۇر	29
كۇيىپ	كەتتى	18
كۇيىپ	كەتتىم	17
كۇيىپ	كەتكەن	21
كۇيىپ	كەتەدى	24
كۇيىپ	جانىپ	23
پۇلدى	بولسىن	29
پۇلدى	الىپ	25
پۇلدى	اتىپ	23
پۇلدى	بەرە	16
پۇلدى	اتا	21
ىرەنجىپ	جاتىر	29
ىرەنجىپ	قالدىم	27
ىرەنجىپ	قالدىڭبا	18
ىرەنجىپ	قالدىما	10
ىرەنجىپ	قالما	29
شعام	عوي	18
شعام	جانىم	15
شعام	دەپ	34
شعام	دەيدى	16
جايىپ	جاتىرمىن	30
جايىپ	وتىرمىن	33
جايىپ	جۇر	33
جايىپ	جۇرمىن	24
جايىپ	جۇرسىڭبە	15
دوعدىر	نە	26
دوعدىر	قانادا	19
دوعدىرعا	بار	17
دوعدىرعا	بارىپ	33
دوعدىرعا	بارام	16
دوعدىرعا	جاتىپ	32
دوعدىرعا	اپارىپ	22
دوعدىرعا	بارايىن	21
دۇزۋ	ادام	34
دۇزۋ	بولسا	23
دۇزۋ	جۇر	27
اعاش	بار	31
اعاش	ۇي	35
اعاش	ەگىپ	33
تىرى	بولسا	25
تىرى	بولساڭ	19
تىرى	بولسام	31
تىرى	جەتىم	20
تىرى	داۋستا	20
تىرى	داۋىستا	12
قايتەر	ەكەن	24
قايتەر	ەكەنسىڭ	4
قايتەر	ەكەم	24
قايتەر	ەدىڭ	19
ۇيقتايمىن	عوي	13
ۇيقتايمىن	جانىم	15
ۇيقتايمىن	دەپ	16
ۇيقتايمىن	ەندى	16
بوي	جانىم	32
بوي	جەتكەن	29
بوي	بەرمەي	33
بوي	بەرمەيدى	10
كورەتىن	بولدى	26
كورەتىن	ادام	25
كورەتىن	شىعار	19
كورەتىن	ۋاقىت	26
كورەتىن	بولدىم	16
كورەتىن	بولدىق	32
اڭگىمەلەسىپ	وتىر	33
اڭگىمەلەسىپ	وتىرمىز	35
اڭگىمەلەسىپ	وتىرىپ	19
اڭگىمەلەسىپ	وتىرايىق	23
اڭگىمەلەسىپ	تۇرايىق	17
كورەدى	عوي	34
كورەدى	دەپ	13
كورەدى	ەكەن	20
كورەدى	ەكەنسىڭ	12
جارقىن	اعا	17
شالا	بولىپ	31
شالا	بوپ	13
شالا	ۇيقى	30
شالا	پالا	19
شىداماي	جاتىرمىن	22
شىداماي	كەتتىم	21
شىداماي	جۇرمىن	13
شىداماي	كەتەم	24
تاپسىر	دەپ	34
تاپسىرىپ	قوي	10
تاپسىرىپ	الدىم	31
تاپسىرىپ	قويدىم	9
سەميا	بار	19
سەميا	بولىپ	28
سەميا	بولعان	18
سەميا	ارالاپ	24
تۇگەپ	كەتتى	18
تۇگەپ	قالدى	10
تۇگەپ	كەتىپ	16
تۇگەپ	قالعان	30
تۇگەپ	كەتكەن	29
تۇگەپ	قالىپتى	21
تۇگەپ	كەتىپتى	33
جيناپ	جاتىر	17
جيناپ	الىپ	19
جيناپ	جاتىرمىن	23
جيناپ	جۇرمىن	19
نەعپ	جاترسڭ	33
نەعپ	جاتسڭ	8
قانشادان	الىپ	19
قانشادان	بەرىپ	25
قانشادان	بەرەدى	30
قانشادان	ساتىپ	29
قانشادان	بەرەسىڭ	19
قانشادان	بەرەسىز	22
كوشى	قون	34
كوشىپ	كەلىپ	7
كوشىپ	بارىپ	15
كوشىپ	كەتتى	18
كوشىپ	كەتكەن	22
كوشىپ	كەلگەن	24
اۋىرتىپ	جاتىر	31
اۋىرتىپ	الىپ	25
اۋىرتىپ	الدىم	28
اۋىرتىپ	قويدىم	24
اۋىرتىپ	قايتەسىڭ	33
اۋىرتىپ	جىبەردى	33
ەرتەڭنەن	باستاپ	19
ەرتەڭنەن	قالماي	1
ەرتەڭنەن	قالدىرماي	35
وسەك	جوق	30
وسەك	ايتىپ	33
وسەك	ايتاتىن	12
وسەك	ايتايىق	33
نەعىل	دەيدى	25
نەعىل	دەيسىڭ	8
نەعىلدى	جانىم	6
قىرعا	بارىپ	14
قىرعا	كەتىپ	15
قىرعا	شىعىپ	19
قىرعا	مال	15
كورمەدى	عوي	34
كورمەدىم	عوي	10
كورمەدىم	جانىم	11
كورمەدىم	دەپ	31
شاپ	شاپ	34
شاپ	جىگىتەر	14
شاپان	جوق	10
شاپان	الىپ	30
شاپان	كيىپ	18
جانىڭدا	ادام	18
جانىڭدا	كىم	17
جانىڭدا	بىرەۋ	16
جانىڭدا	بولسام	25
جوقبا	جانىم	18
جوقبا	دەپ	25
جوقبا	ەكەن	30
ۇيدەگىلەر	بار	25
قورا	سالىپ	16
قورا	جاي	32
قورا	جاققا	18
قورا	تازالاپ	18
قورا	جاقتا	18
تاعىدا	بىر	19
قويامىن	عوي	19
قويامىن	جانىم	12
قويامىن	دەپ	23
بولساق	جاقسى	20
بولساق	بولدى	19
بولساق	بولادى	13
بولساق	قانداي	31
دۇيسەنبى	كۇنى	29
دۇيسەنبى	بازارعا	8
قۇيدى	عوي	30
قۇيدىم	عوي	16
اسالاۋماعالايكۇم	قايىرلى	19
اسالاۋماعالايكۇم	دوسىم	21
اسالاۋماعالايكۇم	اعا	30
اسالاۋماعالايكۇم	امانسىزبا	10
قالپپىن	عوي	31
قالپپىن	جانىم	14
كەتكەلى	بىر	24
كەتكەلى	جاتىر	33
كەتكەلى	تۇر	11
كەتكەلى	قاي	27
كەتكەلى	جاتىرمىن	31
كەتكەلى	تۇرمىن	14
كەتكەلى	جاتىرمىز	19
تۇرمىز	عوي	19
ايعا	بولىپ	12
ايعا	دەيىن	20
ايعا	تاياپ	10
جۇما	ەكەن	29
جۇما	كۇنى	34
جۇما	سەنبى	6
بەرپ	تۇر	22
بەرپ	تۇرشى	25
باسىڭدى	جۋىپ	18
باسىڭدى	اۋىرتىپ	29
باسىڭدى	كەسىپ	14
باسىڭدى	اۋىرتپا	32
تۇردەن	جانىم	18
تۇردەن	سول	20
تۇردەن	اينالايىن	7
تۇردەن	ورىن	12
تۇردەن	تۇردەن	18
قىزىڭ	جاقسى	33
قىزىڭ	بار	28
قىزىڭ	قايدا	19
قىزىڭ	قانداي	31
ىستەرىڭىز	ىلگەرى	23
ىستەرىڭىز	ءونىمدى	3
ىستەرىڭىز	وڭىنا	15
كورىڭىز	جانىم	16
كورىڭىز	وندا	31
كورىڭىز	تۇن	31
باسقالار	نە	27
باسقالار	قايدا	30
دايكۋان	بار	20
دايكۋان	الىپ	23
كەتەمە	دەپ	18
كەتەمە	ەكەن	6
كەتەمە	دەگەنىم	25
قىلايىن	دەپ	27
قىلايىن	بولاما	9
قىلايىن	دەسەم	27
قىلايىن	دەگەم	17
كۇرگىم	كەلىپ	19
كۇرگىم	كەلدى	3
كۇرگىم	كەلەدى	15
كۇرگىم	كەپ	30
كۇرگىم	كەلمەيدى	18
بولۋشى	ەدى	18
بولۋشى	ەدىم	2
كەڭەس	الىپ	28
كەڭەس	ايتىپ	22
كەڭەس	الايىن	18
كەڭەس	ايتشى	16
كەڭەس	سۇرايىن	29
كەڭەس	الىڭىز	30
كەڭەس	الاسىزبا	32
كەڭەس	بەرۋشى	19
كەڭەس	الماقشى	20
حابار	جوق	30
حابار	بارما	9
كەلمەيتىن	بولدى	12
كەلمەيتىن	بولىپ	13
كەلمەيتىن	شىعار	16
كەلمەيتىن	سياقتى	13
كەلمەيتىن	شعار	25
كەلمەيتىن	بولدىڭبا	32
بوق	الىپ	25
بوق	شىعارىپ	22
بوق	سوز	27
بوق	جەگەنىن	27
بوقتا	جوق	14
بوقتاپ	جاتىر	8
بوقتاپ	وتىر	17
بوقتاپ	كەتتى	30
بوقتاپ	بوقتاپ	32
كۇرسە	ۇيات	19
كۇرسەڭ	بولدى	18
كۇرسەڭ	بولادى	10
كۇرسەڭ	بولمايما	19
كۇرسەڭ	جاۋاپ	26
كۇرسەڭ	بىلەسىڭ	30
زامان	عوي	34
زامان	بولسىن	22
زامان	بولدى	26
زامان	ەمەس	18
زامان	تەڭ	27
نۇر	جاۋسىن	31
نۇرلى	بولسىن	12
نۇرلى	وقۋى	3
نۇرلى	اتپال	32
سەندەي	جاقسى	17
سەندەي	ادام	23
سەندەي	بولسا	20
سەندەي	سۇلۋ	31
زادى	بىر	32
زادى	نە	29
قۇداعي	بولىپ	20
قۇداعي	كەلىپ	25
سالادى	عوي	33
سالادى	دەپ	14
سالادى	ەكەن	20
سالادى	ەكەنسىڭ	10
سالەمەت	بولسىن	29
سالەمەتسىز	دەرمە	4
اتقا	جەم	13
اتقا	شوپ	22
اتقا	مىنىپ	15
اتقان	جوق	16
اتقان	تاڭ	18
اتقان	اق	20
اتقان	تاڭدارىڭىز	15
اتقان	تاڭىڭ	15
اتقانشا	ۇيقى	16
اتقانشا	ۇيقتاماي	34
ءبىراق	مەن	19
قاعىپ	تۇر	26
قاعىپ	جاتىرمىن	20
قاعىپ	كەتتى	33
سالدىرىپ	جاتىر	27
سالدىرىپ	ال	26
سالدىرىپ	جاتىرمىن	19
سالدىرىپ	وتىرمىن	16
سالدىرىپ	بەرەيىن	34
سالدىرىپ	كەلدىم	28
سالدىرىپ	الايىن	32
كاسىپ	جوق	33
كاسىپ	ەكەن	20
كاسىپ	قوي	32
كاسىپ	ىستەپ	31
كاسىپ	ىستەيسىڭ	18
كاسىپ	ستەيسىز	18
جاساي	سال	29
جاساي	بەر	33
جاساي	الماي	15
جاساي	بەرەيىن	17
جاساي	بەرسىن	30
جاساي	بەرەمىن	27
جاساي	المايمىن	25
جاساي	المادىم	21
جاساي	المايدى	26
جاساي	المايتىن	33
العالى	جاتىر	29
العالى	جاتىرمىن	18
العالى	كەتتى	28
العالى	جۇر	32
العالى	كەلدىم	31
وشىرىپ	تاستا	22
وشىرىپ	تاستاپ	10
وشىرىپ	تاستادىم	21
وشىرىپ	تاستاپتى	17
وشىرىپ	تاستاعام	30
وشىرىپ	تاستاپسىڭ	25
بەلىم	اۋىرىپ	32
بەلىم	اشىپ	7
بەلىم	اۋرىپ	29
بەلىم	اينالىپ	15
ىشەم	عوي	33
ىشەم	جانىم	14
ىشەم	دەپ	22
ىشەم	دەيدى	14
بوسا	بولدى	25
ايتتىڭىز	عوي	18
ايتتىڭىز	قابىل	16
الباستى	سول	17
الباستى	قۇساپ	26
الباستى	باسىپ	31
الباستى	باسقىر	18
ءۇي	الىپ	24
ءۇي	جاققا	34
ءۇي	تازالاپ	18
ءۇي	ساتىلادى	19
اقىن	ەكەن	26
اقىن	بولىپ	25
اقىن	بوپ	14
اقىن	ەكەنسىڭ	33
اقىن	قىز	19
بويى	قانشا	29
بويى	ۇزىن	18
بويىنشا	بولسىن	19
قولدا	ناق	30
قولدا	باردا	11
قولداپ	جاتقان	18
قولداپ	جاتقانىڭا	20
قولداپ	قۋاتتاپ	21
قولداپ	جاتقاندارىڭىزعا	10
قولداپ	جاتقانىڭىزعا	16
جىر	بولدى	33
جىرعاپ	قالدى	16
جىرعاپ	جۇر	27
جىرعاپ	قالدىم	19
جىرعاپ	قالعان	20
جىرعاپ	جۇرگەن	29
جىرعاپ	تۇرعان	16
جىرعاپ	قالدىق	16
جىرعاپ	جۇرگەم	32
قايىت	جانىم	15
قايىت	دەپ	26
قايىت	بولدى	18
قايىت	ەندى	27
قايىت	ۇيگە	16
قايىت	دەيسىڭ	20
الساڭىز	جاقسى	23
الساڭىز	بولدى	33
الساڭىز	بىر	18
الساڭىز	بولادى	31
الساڭىز	بىرەۋ	15
الساڭىز	دار	18
بۇنداي	ەمەس	29
بۇنداي	بولعاندا	19
كۇشىگىم	سول	17
كۇشىگىم	مەنىڭ	8
جىگىتى	بار	15
جىگىتىڭ	جوق	13
جىگىتىڭ	نە	27
جىگىتىڭ	بار	20
جىگىتىڭ	قايدا	20
جىگىتىڭ	بارما	14
كەتتىمە	جانىم	14
كەتتىمە	دەپ	25
كەتتىمە	دەسەم	17
كۇتەرىپ	الىپ	29
كۇتەرىپ	تۇرىپ	22
كۇتەرىپ	العان	31
اۋرە	عوي	32
اۋرە	ەكەن	34
اۋرە	بولىپ	28
اۋرە	ەمەس	17
اۋرە	بولما	33
اۋرە	بولماي	13
اۋرە	بولدىڭ	23
اۋرە	بولدىڭىز	15
اۋرە	بولماياق	33
جازا	سال	25
جازا	بەر	15
جازا	الماي	14
جازا	المايمىن	18
جازا	سالشى	32
وتىراتىن	ادام	22
وتىراتىن	كۇن	22
وتىراتىن	ەمەس	25
وتىراتىن	ەدىم	30
وتىراتىن	ۋاقىت	31
وتىراتىن	بولدىم	20
وتىراتىن	جەر	28
وتىراتىن	بولدىق	19
كەلسەم	جوق	20
كەلسەم	بولدى	22
كەلسەم	بولادى	32
دەمە	جانىم	32
مەندەدە	جوق	21
مەندەدە	بار	14
مەندەدە	اقشا	15
مەندەدە	بولماي	15
مەندەدە	امال	34
مەندەدە	جاعداي	16
مۇرات	دەگەن	26
مۇرات	اعا	30
وقسايدى	عوي	21
وقسايدى	ەكەن	14
بىلەتىن	ادام	14
بىلەتىن	شىعار	17
بىلەتىن	كىسىلەر	16
بىلەتىن	شىعارسىڭ	26
بىلەتىن	شعارسىڭ	12
التايدا	بىر	30
التايدا	جۇرمىن	23
التايدان	بولامىن	20
التايدان	بەيتۇنعا	16
التايدان	قاباعا	22
التايدان	الاعاققا	27
التايدان	جەمەنەيگە	12
قارتا	ويناپ	33
قارتا	وينايىق	6
قارتا	وينايمىز	19
سىيلاسىن	جانىم	30
سىيلاسىن	جاقسى	13
سىيلاسىن	جايلى	15
جاقسز	اعا	32
جاقسز	جەجە	26
جاقسز	جەڭگە	16
ىشكەلى	جاتىر	31
ىشكەلى	جاتىرمىن	32
ىشكەلى	وتىرمىن	12
ىشكەلى	جاتىرمىز	19
ىشكەلى	وتىرمىز	8
قىستا	بىر	17
قىستاي	بىر	20
سانى	بار	32
سانى	از	30
سانى	تۇياق	16
سانى	شەكتى	25
بىزدەن	بىر	11
بىزدەن	باسقا	19
بىزدەن	بۇرىن	21
بىزدەن	ارتىق	21
بىزدەن	تالعام	30
اشۋ	ۇستىندە	22
اشۋى	جامان	16
اشۋىم	كەلىپ	11
اشۋىم	كەلدى	7
اشۋىم	تۇسىپ	22
اشۋىم	كەلەدى	9
اشۋىم	كەپ	17
تۇسىنە	الماي	18
تۇسىنە	المادىم	13
تۇسىنەم	عوي	15
تۇسىنەم	جانىم	9
وزىدە	سول	13
وزىدە	سولاي	26
بىرەكى	ادام	22
بىرەكى	اي	32
بىرەكى	كۇن	32
بىرەكى	ۇش	10
بىرەكى	كۇندە	30
بىرەكى	ساعات	12
بىرەكى	جۇز	20
بىرەكى	رەت	31
بىرەكى	كۇننەن	29
شىقباي	جاتىر	17
شىقباي	تۇر	13
شىقباي	قالدى	14
شىقباي	قويدى	17
شىقباي	قالادى	18
شىقباي	قالىپتى	33
شىقباي	قويدىڭ	33
ۇرىمجىدە	جۇرمىن	30
ۇرىمجىدەن	قايتاتىن	20
ۇرىمجىدەن	سالىنادى	33
ۇرىمجىدەن	شىڭگىلگە	11
ۇرىمجىدەن	شونجىعا	27
باسا	سال	32
باسا	الماي	19
باسا	المايدى	13
باسا	سالشى	20
باساتىن	بىر	18
باساتىن	ادام	19
باساتىن	مال	31
باساتىن	ماشينا	13
باساتىن	جۇك	32
باساتىن	مالدارىڭىز	10
بىرتۇرلى	جاقسى	33
بىرتۇرلى	ەكەن	31
بىرتۇرلى	بولىپ	30
بىرتۇرلى	بوپ	10
تاستاپتى	عوي	19
تاستاپتى	دەپ	12
توتە	ايتا	28
بولمايتىن	بولدى	31
بولمايتىن	بولىپ	16
بولمايتىن	شىعار	17
بولمايتىن	سياقتى	11
بولمايتىن	شعار	17
جۇپ	بولام	27
جۇپ	جۇمساق	24
قايران	كۇندەر	23
قايران	جاستىق	16
قايران	بالالىق	19
سويلەسە	بەر	28
سويلەسە	الماي	17
سويلەسەم	جاۋاپ	17
سويلەسەم	سويلەمەي	17
سويلەسەم	سويلەمەيدى	17
بولايىق	جانىم	23
بولايىق	دەپ	17
بولايىق	بولاما	16
بارماياق	قوي	29
بارماياق	قويشى	10
بارماياق	قويايىن	29
بارماياق	قويساڭ	8
بارماياق	قويايىق	25
بارماياق	قويسىن	15
كوپشىلىك	مىنا	22
كوپشىلىك	سىزدەرگە	20
ارقىلى	قوسىلدىم	27
كەشىڭ	كوڭىلدى	32
كەشىڭ	كۇڭىلدى	2
پەن	دەنساۋلىق	12
جاقسزبا	اعا	30
جاقسزبا	جەجە	23
جانىمدا	بىر	19
جانىمدا	ادام	22
جانىمدا	بولساڭ	17
قويىڭىزدار	راحىمەت	17
قويىڭىزدار	شى	11
جاسىڭ	عوي	30
جاسىڭ	ۇزاق	21
وسنداي	بىر	2
وسنداي	بولىپ	32
وسنداي	كەزدە	30
وسنداي	بەرەكەدەن	27
قالايماقان	نارسە	32
قالايماقان	سويلەپ	18
قالايماقان	سويلەمە	19
الكى	اقشانى	17
الاما	دەپ	19
الاما	ەكەن	12
الاما	المايما	12
مىنادان	بىر	28
مىنادان	الىپ	26
مىنادان	الايىن	21
مىنادان	سۇراپ	24
مىنادان	بىرەۋ	28
مىنادان	زات	15
دايىنداپ	قوي	17
دايىنداپ	قويدىم	13
دايىنداپ	قويىپ	16
دايىنداپ	قويايىن	23
تاسىپ	جاتىر	19
تاسىپ	جاتىرمىن	19
تاسىپ	جۇر	19
تاسىپ	جۇرمىن	24
تاسىپ	جۇرگەن	22
ايتپايمىن	عوي	32
ايتپايمىن	جانىم	15
ايتپايمىن	دەپ	19
تۇسىڭ	كوڭىلدى	29
تۇسىڭ	كۇڭىلدى	4
تۇسىڭدە	مەنى	13
تۇسىڭدە	كور	2
قالعام	عوي	19
قالعام	جوق	23
باسىلىپ	كەتتى	16
باسىلىپ	قالدى	18
باسىلىپ	قالعان	13
باسىلىپ	قالادى	20
باسىلىپ	قالىپتى	14
باسىلىپ	كەتىپتى	17
باسىلىپ	قالار	15
سۇرادى	عوي	20
سۇرادى	دەپ	16
سۇرادىم	عوي	11
سۇرادىم	جوق	13
اناعان	تەلەفون	27
اناعان	ايتىپ	30
اناعان	مىناعان	33
وتىرادى	عوي	14
وتىرادى	ەكەن	13
وتىرادى	ەكەنسىڭ	13
قارايدى	عوي	17
قارايدى	دەپ	14
قارايدى	ەكەن	19
ويلادى	عوي	14
ويلادى	ەكەن	10
ويلادىم	عوي	9
ويلادىم	جانىم	17
ۇشىپ	كەتتى	19
ۇشىپ	قالدى	18
ۇشىپ	كەتىپ	22
بولعانشا	بىر	31
بولعانشا	وسى	32
بولعانشا	جاي	30
اعاسى	بار	20
اعاسى	قايتىس	20
بايسالدى	بولسىن	18
جيىرما	كۇن	1
جيىرما	يۋان	19
جيىرما	سوم	16
جيىرما	بەس	12
جيىرما	مىڭ	19
جيىرما	جىل	17
جيىرما	مينوت	26
بۇزىلىپ	تۇر	27
بۇزىلىپ	كەتتى	19
بۇزىلىپ	قالدى	20
بۇزىلىپ	قالعان	15
بۇزىلىپ	كەتەدى	17
بۇزىلىپ	قالىپ	27
بۇزىلىپ	قالىپتى	33
ەرجان	اعا	16
قويماي	جاتىر	21
قويماي	قويدى	17
قويماي	جۇرىپ	21
ءتاتتى	جانىم	20
ءتاتتى	بولىپ	20
ءتاتتى	قىز	32
ءتاتتى	قۇلىن	19
ءتاتتى	ءسوز	22
ءتاتتى	لەبىز	27
بايقۇس	اي	32
بايقۇس	قايدان	14
سالىنادى	ەكەن	21
سالىنادى	كىرەسى	32
سەنبەي	قالدىم	25
سەنبەي	تۇرمىن	13
سەنبەي	تۇرسىڭ	16
سەنبەي	تۇرسىڭبا	19
جۇمىسى	جوق	16
جۇمىسى	بار	26
جۇمىسى	بولسا	14
جۇمىسى	قالاي	32
جۇمىسى	كوپ	32
جۇمىسى	شىعىپ	21
جۇمىسى	جەڭىل	20
جاقسڭ	جانىم	26
جاقسڭبا	جانىم	14
جاقسڭبا	نەعىپ	16
قىسى	جازى	21
قىسىپ	الىپ	2
قىسىپ	تۇر	26
قىسىپ	جۇر	23
قىسىپ	قىسىپ	19
كەلدىڭىز	قارسى	30
كەلدىڭىز	توردەن	14
نەسىن	ايتىپ	19
نەسىن	ايتاسىڭ	32
نەسىن	اۋرە	17
ويلام	جوق	18
ويلاما	جانىم	4
ويلاما	مەن	14
ويلاما	بارى	32
وتىرما	دەپ	26
وتىرما	كىم	15
وتىرما	دەسەم	31
تۇرىم	عوي	28
تاراپ	جاتىر	19
تاراپ	كەتتى	18
تاراپ	كەتكەن	16
تاراپ	كەتەدى	24
كىردى	عوي	32
كىردىم	عوي	15
كىردىم	جانىم	22
كىردىم	ۇيگە	18
استارى	بار	12
استارىڭ	اس	4
استارىڭ	ءدامدى	14
استارىڭ	دامدى	3
استارىڭ	سىڭىمدى	16
تاۋىق	الىپ	15
تاۋىق	جەپ	20
باستارى	امان	28
باستارىڭ	امان	9
باستارىڭ	اينالسىن	1
بارسڭبا	جانىم	32
دايار	بولدى	18
دايار	تۇر	14
دايار	تۇرعان	19
دايار	زات	30
جاڭادان	كەلىپ	16
جاڭادان	بەرى	31
جاڭادان	كەلگەن	14
جاڭادان	شىققان	19
جاڭادان	بازارعا	28
جاڭادان	اشىلعان	22
بىرادام	بار	21
اۋىلداستار	ەرتەڭ	14
اۋىلداستار	مىنا	20
اۋىلداستار	ساتاتىن	31
اۋىلداستار	امانسىزدارما	20
سۇزى	جوق	20
سۇزىڭ	عوي	18
سۇزىڭ	جوق	11
سۇزىڭ	بىر	19
سۇزىڭ	بولسا	32
سۇزىڭ	ەستىلمەي	26
ايدىن	اعا	22
قارىن	اشىپ	25
قارىن	اشتى	8
قارىنداسىم	دەپ	15
قارىنداسىم	بار	28
ەكەنبىز	عوي	30
تەكسەرۋ	بار	11
تەكسەرۋ	الىپ	13
تەكسەرۋ	كەلىپ	32
تەكسەرۋ	بارما	19
تەكسەرۋ	كەلەدى	31
كومەك	كەرەك	17
كومەك	سۇراپ	25
كومەك	قىلىپ	28
كومەك	اتاپ	17
كومەك	قولدارىڭىزدى	28
كومەكتەس	دەپ	11
كومەكتەسىپ	جاتىرمىن	9
كومەكتەسىپ	جىبەر	31
كومەكتەسىپ	جىبەرەيىن	16
بەرمەدى	عوي	20
بەرمەدى	دەپ	13
جىبەرىپ	قوي	14
جىبەرىپ	قويدىم	19
جىبەرىپ	قويىپ	16
تىنشتىعىن	سيلاسىن	31
تىنشتىعىن	سىيلاسىن	3
الماعان	ادام	8
الماعان	سوڭ	23
الماعان	شىعار	11
الماعان	شىعارسىڭ	28
اۋىرا	بەرەدى	22
اۋىرادى	عوي	10
اۋىرادى	دەپ	12
اۋىرادى	ەكەن	23
سوزدى	ايتىپ	13
سوزدى	ەستىپ	27
تۇراق	جوق	29
تۇراقتى	بىر	4
تۇراقتى	جۇمىس	29
تۇراقتى	ىستەيتىن	16
مەتىر	ەكەن	18
شەشەڭ	بار	23
شەشەڭ	قايدا	21
شەشەڭ	قانداي	21
تۇرسىن	دەپ	30
تۇرسىن	دەيدى	18
تاق	بىر	29
تاق	ەكى	28
تاق	بولام	29
تاق	تاق	16
توقتى	بار	21
توقتى	بولسا	16
توقتى	بارما	19
توقتى	ساتىلادى	21
توقتى	قوشقار	17
ۇزىمدە	جوق	27
ۇزىمدە	جاقسى	26
ۇزىمدە	بار	29
ۇزىمدە	بىلمەي	25
ۇزىمدە	بىلمەيمىن	22
مىنداي	دەپ	17
مىنداي	ەكەن	20
مىنداي	بولىپ	32
مىنداي	بولعاندا	30
دەمالس	جوق	17
دەمالس	ەكەن	14
دەمالس	بار	17
دەمالس	قوي	31
جىلقى	بار	29
جىلقى	ايداپ	18
جىلقى	ساۋدا	32
تارتپاي	جاتىر	26
تارتپاي	تۇر	14
تارتپاي	قالدى	10
تارتپاي	قويدى	10
تارتپاي	قالادى	32
اياماي	بىر	18
تۇسەسىڭ	عوي	16
تۇسەسىڭ	جانىم	20
تۇسەسىڭ	جۇمىستان	19
تەڭشەپ	قوي	18
تەڭشەپ	قويدىم	20
تەڭشەپ	قويىپ	24
تەڭشەپ	تاستاپتى	32
تەڭشەپ	تاستاپسىڭ	24
كۇيەۋى	جوق	19
كۇيەۋى	بار	17
كۇيەۋى	ەكەۋى	16
كۇيەۋى	قايتىس	23
سۇيىت	جانىم	28
سۇيىت	وندا	15
بىلسىن	جانىم	14
بىلسىن	دەپ	32
الماسام	بولمايدى	26
الماسام	بولمادى	19
كۇرەمىن	عوي	26
كۇرەمىن	جانىم	10
كۇرەمىن	دەپ	15
كۇرمەي	قالدىم	18
كۇرمەي	تۇرىپ	14
كۇرمەي	قالىپپىن	32
بولماعان	ەكەن	17
بولماعان	سوڭ	30
بولماعان	شىعار	7
بۇگۇن	بىر	19
اتايىن	دەپ	23
اتايىن	دەسەم	16
ىدىس	جۋىپ	17
ىدىس	اياق	12
ىدىس	جۋاتىن	7
ىدىس	اياقتى	32
ىدىس	جۋۋ	17
شىقپايدى	عوي	30
شىقپايدى	ەكەن	11
ساڭىز	سالىپ	10
ساڭىزى	سالىپ	12
ساڭىزى	ساپ	10
ساڭىزى	پسىرىپ	29
ىستەيسىڭ	عوي	28
ىستەيسىڭ	جانىم	18
بەردىڭ	عوي	26
بەردىڭ	دەپ	9
تۇنمەن	ۇيقتاي	26
تۇنمەن	ۇيقتاماي	19
اينۇر	جەجە	20
دەمەدى	عوي	29
دەمەدىم	عوي	10
جاتىرىم	عوي	6
جاتىرىم	جانىم	18
قوتتى	بولسىن	28
قوتتى	دەنساۋلىعىڭ	4
ورتا	جولدا	7
ورتا	مەكتەپ	19
ورتا	تولسىن	24
ورتا	جاسقا	19
ورتا	دۋماندى	28
ورتاعا	كەلىپ	12
ورتاعا	شىعىپ	19
المايىم	عوي	18
المايىم	دەپ	16
ىشەمىز	عوي	18
ىشەمىز	جانىم	15
ىشەمىز	دەپ	25
ىشەمىز	دەيدى	16
شىعارمىن	جانىم	24
شىعارمىن	دەپ	28
ۇقتىم	جانىم	24
تۇسىنبەدىم	عوي	8
تۇسىنبەدىم	جانىم	11
ەرلان	اعا	25
تيسە	بولدى	25
تيسە	اتىپ	20
تۇستىڭ	عوي	31
تۇستىڭ	الدىندا	13
تۇستىڭبە	جانىم	9
تۇستىڭبە	جۇمىستان	13
تەلەفوندا	تۇك	18
تەلەفوندا	توك	20
تەلەفوندا	سويلەسىپ	16
تەلەفوندا	كەلىسەمىز	29
شايعا	قاتىناسىپ	22
جۇرەمىن	عوي	32
جۇرەمىن	جانىم	13
جۇرەمىن	دەپ	19
جەتبەي	جاتىر	22
جەتبەي	تۇر	16
جەتبەي	قالدى	11
جەتبەي	قالادى	11
جەتبەي	قالاما	31
نومىرىڭدى	جولدا	28
نومىرىڭدى	جولداپ	17
نومىرىڭدى	جولداشى	10
ۇيىرەنىپ	ال	6
ۇيىرەنىپ	جاتىرمىن	27
ۇيىرەنىپ	قالدىم	19
ۇيىرەنىپ	قالعان	26
ۇيىرەنىپ	العان	30
ۇيىرەنىپ	كەتەسىڭ	31
بارەكەن	عوي	19
بارەكەن	دەپ	13
بارەكەن	سونى	26
بارەكەن	سوعان	26
جەتكىزىپ	بەرە	32
جەتكىزىپ	قويايىن	27
جەتكىزىپ	بەرەمىن	26
جەتكىزىپ	بەرەمىز	18
ماز	عوي	13
ماز	بولىپ	23
ماز	بوپ	6
ماز	مايرام	15
كىمنەن	الدىڭ	29
كىمنەن	سۇرايمىن	19
ازدا	بولسا	15
ازدا	بولسادا	3
ازدان	كەيىن	9
ازدان	سوڭ	8
ازدان	ازدان	7
شقتى	عوي	17
شقتى	دەپ	13
شقتىم	عوي	22
شقتىم	جانىم	19
تاۋدا	جۇرمىن	19
تاۋدا	مال	24
اقشادا	جوق	27
اقشادا	قالمادى	8
اقشادان	باسقا	18
اقشادان	قابار	18
اقشادان	قينالىپ	18
اقشادان	قۇرىپ	19
اقشادان	قىسىلىپ	32
اقشادان	قسلىپ	12
جيرما	كۇن	30
جيرما	يۋان	19
جيرما	سوم	17
جيرما	بەس	12
جيرما	مىڭ	20
جيرما	جىل	17
جيرما	مينوت	28
ساعاتتا	بىر	28
ساعاتتا	بارىپ	15
ساعاتتا	بارامىن	31
زاكاز	بەرىپ	31
زاكاز	بەرە	17
زاكاز	بەرىڭىزدەر	29
زاكاز	جيىپ	30
زاكاز	بەرسەڭىزدەر	16
قايتىم	عوي	17
قايتىم	جانىم	20
قايتىم	دەپ	17
قايتىم	ۇيگە	30
قايتىم	دەشى	18
باعاسىن	ايتىپ	30
باعاسىن	قانشا	16
باعاسىن	ايتا	28
باعاسىن	سۇراپ	27
باعاسىن	تۇسىرىپ	23
باعاسىن	تەلەفوندا	27
سۇراعان	عوي	24
سۇراعان	جوق	22
سۇراعان	ادام	16
سۇراعان	سوڭ	19
سۇراعان	سايىن	18
قىزدى	جاقسى	26
قىزدى	الىپ	31
قىزدى	قوسىپ	23
قىزدى	ەرتىپ	29
قىزدىڭ	تۋىلعان	29
قىزدىڭ	جولى	25
قىزدىڭ	جاسىن	30
ۇتكەن	كۇنى	20
ۇتكەن	ىس	30
ۇتكەن	سوڭ	26
تاستاعان	عوي	12
تاستاعان	ەكەن	22
تاستاعان	سوڭ	20
تاستاعان	شىعار	19
قايتادى	عوي	23
قايتادى	دەپ	13
قايتادى	ەكەن	25
قايتادى	ەكەنسىڭ	10
قابارلاسام	عوي	19
قابارلاسام	جانىم	12
قابارلاسام	دەپ	20
وزىمدە	جوق	18
وزىمدە	بار	31
وزىمدە	بىلمەي	25
وزىمدە	بىلمەيمىن	22
جالعاپ	تاراتىپ	18
جالعاپ	تارقاتىپ	11
سۇيتەيىك	جانىم	19
سۇيتەيىك	دەپ	19
سۇيتەيىك	وندا	30
ماڭىزدى	عوي	15
ماڭىزدى	بولىپ	15
ماڭىزدى	ەمەس	26
ماڭىزدى	جۇمىس	15
ساپا	بىزدەن	27
ساپاسى	جاقسى	13
ساپاسى	قانداي	9
ساپاسى	كەرەمەت	19
ساپاسى	ەرەكشە	6
قاڭعى	باس	23
قاڭعىپ	قايدا	6
قاڭعىپ	جۇر	28
قاڭعىپ	جۇرگەن	18
قاڭعىپ	جۇرسىڭ	19
بەرگەم	عوي	22
بەرگەم	جوق	20
سۇزدى	ايتىپ	11
ايگۇل	جەجە	27
بارعانشا	كەتىپ	25
بارعانشا	ۇيقتاپ	27
بارعانشا	جاي	30
قايرات	اعا	16
قايرات	قىل	23
كۇيلەك	الىپ	19
كۇيلەك	بارما	16
كۇيلەك	قانشا	26
كۇيلەك	كيىپ	27
ماحابات	جوق	18
ماحابات	بار	18
ماحابات	دەگەن	29
ماحابات	جاسقا	17
تۇراسىڭ	عوي	27
تۇراسىڭ	جانىم	11
تۇرايىق	جانىم	21
تۇرايىق	دەپ	25
تۇرايىق	بولاما	18
كىلى	الىپ	15
كىلى	ىشىپ	22
كىلى	سۇت	27
اتىڭىز	كىم	13
امانشلىق	بولسا	4
امانشلىق	ۇزىڭ	15
امانشلىق	جاتىرمىز	27
ستەي	عوي	18
ستەي	بەر	30
ستەي	الماي	10
ستەي	بەرەيىن	17
ستەي	بەرەم	27
ستەي	المايمىن	31
ستەي	المايدى	25
سىيىر	بار	21
سىيىر	ساتىلادى	22
سىيىر	ساۋىپ	28
كەلدىما	جانىم	20
كەلدىما	دەپ	21
وسىدان	كەيىن	27
وسىدان	باسقا	14
وسىدان	بىلاي	18
وسىدان	ارتىق	11
كۇرەسىڭ	عوي	20
كۇرەسىڭ	جانىم	11
جاقىسى	ەكەن	20
جاقىسى	بولىپ	29
جاقىسى	امانشىلىق	23
جاقىسى	تۇس	25
جاعىداي	جوق	28
جاعىداي	جاقسى	15
جاعىداي	بولدى	17
جاعىداي	بولىپ	28
جاعىداي	بولسا	21
جاعىداي	قالاي	21
جاعىداي	قانداي	19
جاعىداي	بولماي	15
اڭساپ	تۇر	20
اڭساپ	جاتىرمىن	29
اڭساپ	كەتتىم	18
اڭساپ	جۇرمىن	14
اڭساپ	تۇرمىن	15
قاقساپ	جاتىر	14
قاقساپ	تۇر	14
قاقساپ	اۋىرىپ	14
ساسىق	ەكەن	17
ساسىق	سول	20
ساسىق	كەمپىرىم	18
بەرمەسە	مەن	24
بەرمەسەڭ	بولدى	22
بەرمەسەڭ	قوي	25
بەرمەسەڭ	بولمادى	19
اۋلاق	جۇر	15
اۋلاق	جۇرسىن	9
اۋلاق	جۇرشى	25
جالعايىن	بولاما	11
جالعايىن	دەسەم	9
بالاسىن	الىپ	23
بالاسىن	تاستاپ	20
بالاسىن	ەرتىپ	29
بالاسىن	باعىپ	28
جوقسىڭبا	جانىم	18
بىردەن	بىر	18
بىردەن	ادام	15
بىردەن	كەيىن	29
بىردەن	بىردەن	31
ىستەمەي	جاتىر	17
ىستەمەي	تۇر	21
ىستەمەي	قالدى	18
ىستەمەي	اق	17
ىستەمەي	قالادى	20
اقجول	بولسىن	31
تانىس	ادام	5
تانىسىپ	ال	15
تانىسىپ	وتىرايىق	31
تانىسىپ	قالايىق	9
تانىسىپ	بىلىسىپ	16
وقۋى	تابىستى	27
وقۋى	تابستى	3
وزىمە	وزىم	11
وزىمە	تارتقان	17
كۇنەس	جاققا	19
كۇنەس	اۋدان	21
كۇنەس	اۋداننان	13
كۇنەسكە	بىر	20
كۇنەسكە	ادام	12
كۇنەسكە	بارىپ	31
كۇنەسكە	ەكى	19
كۇنەسكە	باراتىن	18
ويلاعام	عوي	28
ويلاعام	جوق	23
ويلاعام	بىراق	12
ويلاعام	وعان	24
شاڭ	بولىپ	20
شاڭ	باسىپ	19
شاڭ	شاڭ	29
شاڭ	جۇقپاسىن	30
شاڭ	توزاڭ	13
شاڭ	سورعىش	17
ايتڭ	عوي	19
ايتڭ	قابىل	16
ايتڭ	قابل	5
ايتڭىز	عوي	14
ايتڭىز	قابىل	29
ايتىق	دەپ	3
ايتىق	قوي	30
ايتىق	الىپ	20
سۇراعانىم	عوي	19
ەربول	اعا	2
ىسىپ	تۇر	26
ىسىپ	كەتتى	17
ىسىپ	كەتكەن	12
ىسىپ	كەتەدى	22
ىسىپ	كەتىپتى	21
ىسىپ	كەتپتى	14
كورپە	سالىپ	28
كورپە	قاپ	22
كورپە	جاستىق	17
كورپە	جامىلىپ	18
كورپە	قاپتان	24
قابارلاسايىق	جانىم	26
قابارلاسايىق	بولاما	16
تەزدەتىپ	الىپ	13
تەزدەتىپ	اتىپ	22
تەزدەتىپ	تاۋىپ	18
قاربالاستاپ	ەندى	29
قاربالاستاپ	جاتىرمىن	21
قاربالاستاپ	كەتىپ	24
قاربالاستاپ	كەتتىم	30
قاربالاستاپ	جۇرىپ	13
قايتارا	سال	20
قايتارا	الماي	13
قايتارا	المادىم	10
قايتارا	سالشى	16
قايتارا	سالايىن	26
قايتارا	سالىڭىز	31
وتىردى	عوي	27
وتىردىم	عوي	9
وتىردىم	جانىم	14
بەسى	كۇنى	19
بەسىنشى	اي	9
بەسىنشى	ايدىڭ	22
بەسىنشى	ايدا	11
بەسىنشى	قابات	8
بەسىنشى	ايدان	30
بەسىنشى	ايعا	27
توسا	تۇر	21
توسا	المايمىن	7
توسا	تۇرايىن	20
توسا	توسا	26
توسا	تۇرىڭىز	17
توسا	تۇرىڭدار	17
ايتباي	اق	30
ايتباي	كەتىپ	20
ايتباي	قويدى	31
ايتباي	قويدىڭ	27
قايتىڭ	جانىم	23
قايتىڭبا	جانىم	17
قايتىڭبا	ۇيگە	15
بۇرىننان	جاقسى	20
بۇرىننان	بار	22
بۇرىننان	بەرى	17
بۇرىننان	سونداي	17
بۇرىننان	سولاي	29
بۇلەك	قوي	26
بۇلەك	ۇيدە	19
بۇلەك	ۇيگە	28
بۇلەك	بۇلەك	22
باسقاسى	جوق	26
باسقاسى	ەمەس	31
باسقاسى	بىراق	15
كىيىم	الىپ	20
كىيىم	كىيىپ	13
كىيىم	كەشەك	18
ارتقى	ۇيدە	18
ارتقى	ۇيگە	20
ارتقى	ەسىك	18
جاقسىسىڭ	جانىم	19
جايىڭ	قالاي	14
جايىڭ	جاقسىما	3
كورەمىز	عوي	8
كورەمىز	دەپ	7
كورەمىز	دەيدى	21
جولدايىن	دەپ	31
جولدايىن	دەسەم	16
جۇركەن	جوق	15
جۇركەن	ادام	24
جۇركەن	شىعار	19
ەكەنمىن	عوي	28
ەكەنمىن	جانىم	14
ەكەنمىن	دەپ	28
بولعانى	جاقسى	23
بولعانى	جەتى	8
بولعانى	نەسى	28
قاندايسىڭ	جانىم	24
قاندايسىڭ	دەپ	15
قاندايسىڭ	جاقسى	27
اپارا	سال	18
اپارا	جاتىرمىن	15
اپارا	الماي	18
اپارا	سالايىن	20
اپارام	عوي	18
اپارام	دەپ	15
اپارام	دەيدى	15
جۋان	ەكەن	19
سالامىن	عوي	19
سالامىن	دەپ	11
قويسىن	دەپ	17
قويسىن	دەيدى	18
اۇدانعا	بىر	16
اۇدانعا	بارىپ	12
اۇدانعا	ەكى	18
اۇدانعا	باراتىن	19
كىسلەر	بار	16
كىسلەر	كەلىپ	22
كىسلەر	بولسا	26
كىسلەر	بارما	11
كىسلەر	قابارلاسىڭىزدار	18
ساعاتتان	كەيىن	16
ساعاتتان	سوڭ	3
ساعاتتان	ارتىق	13
ساعاتتان	استى	20
قىلاتىن	بولدى	27
قىلاتىن	ادام	18
قىلاتىن	شىعار	19
قىلاتىن	بولدىڭ	24
موتامەن	بارىپ	23
قىسىلىپ	جاتىرمىن	18
قىسىلىپ	كەتتىم	28
قىسىلىپ	قالدىم	16
قىسىلىپ	جۇرمىن	14
قىسىلىپ	تۇرمىن	25
سۇيلەيىن	جانىم	13
سۇيلەيىن	دەپ	25
سۇيلەيىن	بولاما	15
سۇيلەيىن	دەسەم	19
شىقتىق	جانىم	10
شىقتىق	قوي	29
شاشى	ۇزىن	20
شاشىپ	جاتقان	14
انىق	ەمەس	19
انىق	بولماي	16
ايتارىم	جوق	24
ايتارىم	سول	6
ايتارىم	بار	17
ايتارىم	وسى	14
ايتارىم	قالمادى	21
بىراي	بولدى	27
قاسىڭا	بارىپ	11
قاسىڭا	بارايىن	11
قاسىڭا	بارسام	25
قاسىڭا	بارعىم	25
شىعامىز	عوي	18
شىعامىز	دەپ	14
شىعامىز	دەيدى	18
گەلىپ	الىپ	20
گەلىپ	تۇر	30
گەلىپ	الدى	19
گەلىپ	الدىم	23
گەلىپ	الدىڭبا	15
گەلىپ	جەتگەن	18
الدىڭىز	عوي	16
تۋلعان	كۇن	13
تۋلعان	كۇنى	18
تۋلعان	كۇنىڭ	8
تۋلعان	كۇنىم	8
تۋلعان	كۇنىڭىز	27
تۋلعان	كۇنىن	18
امانسز	جەجە	27
امانسزبا	جەجە	14
جاتتىق	سول	18
جاتتىق	قوي	24
جاتتىق	ۇيدە	12
كۇشىك	سول	20
ەرتەن	تاڭەرتەن	10
رۇحسات	الىپ	28
رۇحسات	بولسا	15
رۇحسات	الدىم	30
رۇحسات	سۇراپ	21
رۇحسات	بەرمەي	12
رۇحسات	بەرمەيدى	25
رۇحسات	سۇرايمىن	26
تاراتىپ	قويدىم	25
تاراتىپ	قويىڭىزدار	18
تاراتىپ	قويساڭىزدار	12
يۋاننان	شاي	18
نۇرلان	اعا	22
باياعىدا	كەتىپ	25
توپتا	بار	25
توپتا	وتىرعان	27
كورگەم	جوق	29
ىشەيىن	دەپ	5
ىشەيىن	دەسەم	4
ىشەيىن	دەگەم	15
قىلدى	عوي	24
قىلدى	دەپ	11
قىلدىم	عوي	18
قىلدىم	دەپ	18
قىلدىم	ساعان	27
الدە	قايدا	17
الدە	قاشان	26
الدە	كەش	20
بۇيىرتىپ	قويدىم	24
بۇيىرتىپ	ىستەتسىن	19
بۇيىرتىپ	كيگىزسىن	9
بۇيىرتىپ	ۇستاتسىن	14
بۇيىرتىپ	مىنگىزسىن	30
قايتەمىن	جانىم	30
قايتەمىن	دەپ	17
قايتەمىن	ەندى	17
قايتەمىن	دەشى	17
تىعىپ	قوي	19
تىعىپ	الىپ	28
تىعىپ	قويىپ	20
تىعىپ	السام	23
تىعىپ	تىعىپ	25
بارمايتىن	بولدى	17
بارمايتىن	بولىپ	17
بارمايتىن	شىعار	18
بارمايتىن	بولدىم	17
بارمايتىن	بولدىق	11
بارمايتىن	شىعارسىڭ	14
بارمايتىن	بولدىڭبا	30
كەلكەن	جوق	24
كەلكەن	سوڭ	12
كەلكەن	كەزدە	13
قايتتىق	جانىم	26
قايتتىق	قوي	19
قايتتىق	ۇيگە	21
نۇمىرىڭدى	جولدا	24
نۇمىرىڭدى	جولداپ	17
نۇمىرىڭدى	جولداشى	10
الامبا	دەپ	6
الامبا	دەسەم	7
الامبا	دەگەم	27
بۇنى	نەعىپ	15
بۇنى	نەگە	25
بۇنى	قالاي	19
بۇنى	كىم	21
بۇنى	قايدان	24
ادەت	بولىپ	15
ادەت	كەلگەندە	9
ادەتتە	بىر	17
باردىما	دەپ	29
ارينە	جانىم	26
ارينە	سولاي	14
ارىق	ەكەن	25
شىقساڭ	بولدى	16
شىقساڭ	بولادى	11
شىقساڭ	بولمايما	27
نۇرگۇل	جەجە	21
سۇرلەم	سالىپ	24
سۇرلەم	ساتىلادى	14
بولماعاندا	بىر	20
بولماعاندا	ەكى	14
قاسىنا	كەلىپ	24
قاسىنا	بارىپ	22
قاسىنا	جاتىپ	12
سوندىق	ۇشىن	25
سوندىقتان	مەن	8
تاپتى	عوي	30
تاپتىم	عوي	13
تاپتىم	دەپ	13
ءشاي	ىشىپ	17
ءشاي	ءىشىپ	23
ءشاي	قايناتىپ	8
كەتەر	ەكەن	29
كەتەر	ەمەس	22
كەتەر	ەدى	29
كەتەر	ەدىم	19
كەتەر	ەدىڭ	13
كەتەر	مەكەن	29
بىركۇن	بولسادا	16
بىركۇن	بۇرىن	25
بىركۇن	دەمالىس	24
سۇيتەم	عوي	26
سۇيتەم	جانىم	6
سۇيتەم	دەپ	28
بەرەمە	دەپ	29
بەرەمە	ەكەن	14
بەرەمە	بەرمەيمە	13
ناشار	ەكەن	22
ناشار	بولىپ	14
ناشار	ادام	16
ناشار	جىگىت	29
جاعدايى	جوق	22
جاعدايى	جاقسى	23
جاعدايى	بار	13
جاعدايى	قالاي	21
جاعدايى	قانداي	12
جاعدايى	كەلمەي	16
جاعدايىڭ	جاقسى	24
جاعدايىڭ	بولسا	14
جاعدايىڭ	قالاي	24
جاعدايىڭ	جاقسىما	6
جاعدايىڭ	قانداي	19
جاعدايىڭ	كەلسە	16
جاعدايىڭ	كەلمەسە	18
بالالارعا	تاماق	30
بالالارعا	قاراپ	15
بالالارعا	وبال	20
ىشپە	جانىم	26
ىشپە	دەپ	17
ىشپەي	اق	17
ىشپەي	قويدى	20
شۇننە	جولداپ	19
شۇننە	قوسىپ	11
شۇننەن	شىعىپ	16
شۇننەن	شىعارىپ	14
شۇننەن	شەگىنىپ	18
قۇرساق	اشىپ	23
قۇرساق	اشتى	8
دەمەي	اق	14
سۇىق	ەكەن	17
سۇىق	بولىپ	12
سۇىق	قوي	18
سۇىق	وتىپ	29
سۇىق	ۇتىپ	17
دەمالا	عوي	26
دەمالا	قال	6
دەمالا	بەر	27
دەمالا	الماي	14
دەمالا	بەرەيىن	27
دەمالايىن	دەپ	22
بوساعاندا	قابارلاس	4
بوساعاندا	سويلە	15
بوساعاندا	سويلەپ	17
بوساعاندا	قابارلاسايىن	17
بوساعاندا	سويلەيىن	25
سىڭبا	جانىم	18
ايعىر	ەكەن	17
ايعىر	بار	26
ايعىر	بولسا	22
ايعىر	ساتىلادى	28
ايعىر	ايعىر	15
كوردىڭ	عوي	23
كوردىڭبە	جانىم	7
جاساتىپ	ال	18
جاساتىپ	الىپ	19
جاساتىپ	جاتىرمىن	23
جاساتىپ	الايىن	20
جۇمىسىڭ	جوق	23
جۇمىسىڭ	نە	26
جۇمىسىڭ	بار	23
جۇمىسىڭ	بولسا	16
جۇمىسىڭ	قالاي	16
جۇمىسىڭ	بارما	18
جۇمىسىڭ	ساتتى	19
جۇمىسىڭ	بىتتىمە	27
اشىلىپ	كەتتى	19
اشىلىپ	كەتكەن	11
اشىلىپ	كەتەدى	28
جۇرەگىڭ	اۋىرىپ	18
جۇرەگىڭ	اۋىرادى	19
ۇزىدە	سول	21
ۇزىدە	سولاي	21
شەك	جوق	23
شەكتىڭ	عوي	13
شەكتىڭ	جانىم	12
بولامىز	عوي	8
بولامىز	جانىم	12
بولامىز	دەپ	16
ۇزىمە	ۇزىم	17
ۇزىمە	تارتقان	16
سوزىڭدى	ەندى	19
سوزىڭدى	ەستىپ	18
سوزىڭدى	تۇسىنبەدىم	19
سوزىڭدى	ەستي	24
كوشەدەن	الىپ	18
كوشەدەن	تاماق	29
اقىلدى	عوي	14
اقىلدى	جانىم	20
اقىلدى	بولىپ	24
اقىلدى	بالا	21
كۇرمەدىم	عوي	19
ييا	جانىم	11
ييا	سول	16
ييا	ماقۇل	25
ءاندى	جاقسى	20
ءاندى	جولداپ	23
ءاندى	تاۋىپ	9
دەگەنىڭ	بولسىن	11
دەگەنىڭ	نە	30
دەگەنىڭ	قايدا	19
دەگەنىڭ	قالاي	13
شۇكىر	جاقسى	26
شۇكىر	امانشىلىق	11
ازىرشە	جوق	13
بالامدى	الىپ	20
بالامدى	ەرتىپ	17
بالامدى	باعىپ	29
كۇزى	تۇسىپ	19
كۇزىم	اۋىرىپ	18
كۇزىم	تۇسىپ	18
كۇزىم	اشىپ	20
كۇزىم	تۇرت	16
كۇزىم	جەتەدى	28
كۇزىم	جەتتى	22
كۇزىم	ىلىنىپ	24
كۇزىم	ىلنىپ	21
بارمايدى	عوي	24
بارمايدى	دەپ	13
بارمايدى	ەكەن	24
بارشا	اسىل	12
بارشا	جانعا	15
بارشاڭىزعا	سالەم	17
بارشاڭىزعا	بار	14
بارشاڭىزعا	قايىرلى	15
ۇسەك	جوق	26
ۇسەك	ايتىپ	29
العىس	جانىم	12
العىس	العىس	24
تابالماي	جاتىرمىن	27
تابالماي	وتىرمىن	13
تابالماي	جۇر	16
تابالماي	قويدىم	24
تابالماي	جۇرمىن	13
ويىن	بار	23
ويىن	ويناپ	23
ويىن	كۇلكى	26
قۇرت	بار	27
قۇرت	جەپ	27
قۇرت	ماي	25
مامام	بار	15
مامام	دالادا	21
اسقپاي	كەل	27
اسقپاي	ىشىپ	23
جولدارى	بار	16
جولدارى	اشىق	7
جولدارىڭ	بولسىن	11
جولدارىڭ	اشىق	2
داۋ	ەكەن	14
داۋ	بولىپ	23
ىستەيىن	دەپ	18
ىستەيىن	دەسەم	6
ىستەيىن	دەگەم	16
ستەيتىن	بىر	17
ستەيتىن	ادام	24
ستەيتىن	جۇمىس	15
ستەيتىن	بولدىم	15
كەشىرشى	جانىم	23
كەشىرشى	مەنى	8
كەشىرشى	بولاما	19
كەشىرشى	كەشىرشى	16
سۇيلەسە	بەر	15
سۇيلەسە	الماي	16
سۇيلەسەم	جاۋاپ	18
سۇيلەسەم	سۇيلەمەي	18
سۇيلەسەم	سۇيلەمەيدى	17
سىناپ	كور	20
سىناپ	كۇر	14
سىناپ	كورەيىن	28
سىناپ	كورەيىك	15
سىناپ	كورىڭىز	24
وسنى	الىپ	20
سۇيگەن	ادام	21
سۇيگەن	سوڭ	17
سۇيگەن	جارىم	15
الداۋ	كۇن	23
الداۋ	كۇنى	14
الداۋ	مەرەكەڭ	6
الداۋ	مەرەكەسى	19
كەزىگەم	عوي	13
كەزىگەم	دەپ	15
كەزىگەمىز	عوي	9
كەزىگەمىز	جانىم	15
كەزىگەمىز	دەپ	11
كەزىگەمىز	دەشى	24
تارايدى	عوي	17
تارايدى	دەپ	17
تارايدى	ەكەن	29
تارايدى	دەيدى	5
انار	انار	28
بالە	بولدى	20
بالە	جارايدى	16
بالە	كەرەمەت	28
جاقسىلاپ	بىر	20
جاقسىلاپ	وتىرىپ	18
تىلەكتەر	قابىل	25
تىلەكتەر	ماڭدايعا	19
قۇساعان	ەكەن	6
جاماندىق	ىستەپ	18
جاماندىق	ويلاپ	28
جاماندىق	بەرمەسىن	27
وزىن	وزى	9
وزىنە	جاقسى	14
سورىپ	تۇرىپ	25
سورىپ	سورىپ	18
ۇيباي	نە	14
ۇيباي	نەگە	19
جەتتى	عوي	26
سۋسىن	الىپ	17
سۋسىن	ىشىپ	11
تەكە	دوسىم	18
تەكەس	اۋداننان	15
تەكەس	اۋدانى	17
تەكەس	التىنشى	15
تەكەسكە	بىر	18
تەكەسكە	كەلىپ	14
تەكەسكە	بارىپ	28
تەكەسكە	ەكى	18
تەكەسكە	باراتىن	20
سۇيلەمەيسىڭ	عوي	23
سۇيلەمەيسىڭ	جانىم	8
ءسال	تۇرىپ	19
ءسالەم	قابىل	8
ءسالەم	قايىرلى	18
ءسالەم	امانسىڭبا	14
بالالاردى	الىپ	17
بالالاردى	اپارىپ	15
بالالاردى	ەرتىپ	24
بالالاردىڭ	تاماعىن	18
ايتشىلاپ	كەل	18
ايتشىلاپ	ۇيگە	19
ايتشىلاپ	كەلىڭدەر	27
ايتشىلاپ	كەلىڭىزدەر	15
اپاسى	بار	18
اپاسى	قايتىس	19
قالايىن	دەپ	18
قالايىن	دەسەم	11
قالايىن	دەگەم	15
اپتادا	بىر	25
اپتادا	ەكى	10
ساۋىپ	جاتىرمىن	28
ساۋىپ	كەلدىم	25
ساۋىپ	الايىن	21
ساعىندىڭ	جانىم	29
ساعىندىڭبا	جانىم	12
ساعىندىڭبا	مەنى	8
كەلمەسەڭ	مەن	18
كەلمەسەڭ	بولدى	19
كەلمەسەڭ	قوي	19
كەلمەسەڭ	بولمايدى	17
بلاي	دەڭىز	24
بلايدە	جانىم	13
بلايدە	جارايدى	11
يسكەپ	سۇيىپ	18
يسكەپ	جاتسام	19
يسكەپ	يسكەپ	22
قوڭىر	ات	14
قوڭىر	سيىر	27
قوڭىر	قاسقا	24
قيماي	قالدىم	29
قيماي	تۇرمىن	20
قيماي	تۇرسىڭبا	14
تۇسنىپ	تۇرمىن	28
سىناۋ	بەرىپ	14
سىناۋ	بەرەدى	13
سىناۋ	بەرەتىن	18
قوياسىڭ	عوي	18
تالى	بىر	11
تالى	قانشا	10
تالى	يۋان	18
تالىپ	قالا	12
تالىپ	كەتتى	25
تالىپ	تۇسىپ	17
تالىپ	قالعان	27
تالىپ	قالاتىن	28
جاسايتىن	بولدى	29
جاسايتىن	بولىپ	16
جاسايتىن	ادام	22
ەكەنسىز	عوي	19
ءوتىپ	جاتىر	9
ءوتىپ	كەتتى	18
ءوتىپ	جاتقان	14
ءوتىپ	كەتكەن	27
ءوتىپ	كەتەدى	18
كۇنىڭمەن	جانىم	14
كۇنىڭمەن	قۇتتىقتايمىن	19
تانىپ	وتىرمىن	3
تانىپ	قويدىم	19
تانىپ	تۇرمىن	25
اياعىن	باسىپ	27
جازداي	تۇراقتى	29
وياندىم	جانىم	28
ىشەدى	عوي	15
ىشەدى	دەپ	15
ىشەدى	ەكەن	21
ىشەدى	ەكەنسىڭ	12
توقتام	جازىپ	18
توقتاماي	جاتىر	11
توقتاماي	تۇر	16
توقتاماي	قويدى	16
ماشينادا	وتىرمىن	19
ماشينادا	ماي	17
مەنشە	سەن	19
تولە	دەپ	25
تولەپ	قويدىم	10
تولەپ	سالىپ	25
جەيدى	عوي	27
جەيدى	دەپ	13
جەيدى	ەكەن	21
جۇرەيىك	جانىم	13
جۇرەيىك	دەپ	29
جۇرەيىك	بولاما	17
ميى	بار	16
ميىم	اۋىرىپ	16
ميىم	اشىپ	22
ميىم	شارشاپ	11
ميىم	جەتپەي	19
ميىم	قاتىپ	19
ميىم	ىستەمەي	17
پيجۋ	الىپ	17
پيجۋ	ىشىپ	17
بەلگى	جوق	13
بەلگى	بەرىپ	16
بەلگى	سالىپ	14
بەلگىلى	عوي	16
بەلگىلى	بولدى	11
بەلگىلى	بولىپ	15
بەلگىلى	بولادى	17
بەلگىلى	سەبەپتەرمەن	15
ساۋلى	قىلىپ	29
ساۋلىق	بولسىن	8
ساۋلىق	جاقسى	20
ساۋلىق	قوي	18
ساۋلىق	قالاي	19
ساۋلىق	جاقسىما	13
ساۋلىق	بەرسىن	22
ساۋلىق	سۇرايىن	19
ساۋلىق	تىلەيمىن	20
المايسىڭبا	جانىم	28
سەنەم	عوي	20
سەنەم	جانىم	14
سەنەم	ساعان	12
ايتسىن	دەپ	18
ايتسىن	راحىمەت	24
ايتسىن	بىرگە	18
سۇتتى	بولسىن	9
سۇتتى	الىپ	20
سۇتتى	شاي	19
سۇتتى	سيىر	22
جاتىم	عوي	20
جاتىم	جانىم	17
سالەمەتسىزبە	دەنساۋلىعىڭىز	18
جاتامىن	عوي	18
جاتامىن	جانىم	11
جاتامىن	دەپ	16
ءارى	قاشان	18
بەستە	تۇرىپ	27
بەستە	بەس	17
سۇرايمىن	عوي	26
سۇرايمىن	جانىم	13
سۇرايمىن	دەپ	20
ۇرىپتى	عوي	16
ۇرىپتى	ەكەن	17
باۋر	باسىپ	19
زور	جوق	11
زور	دەنساۋلىق	16
زور	بايلىق	6
ساپالى	زات	16
ساپالى	قىزمەت	26
ساپالى	قىزىمەت	20
العىم	بار	26
العىم	كەلىپ	23
العىم	كەلدى	5
العىم	كەلەدى	20
العىم	كەپ	14
العىم	كەلمەيدى	14
ۋاقتتا	كەلەسىڭ	19
سەنبەيسىڭ	عوي	20
سەنبەيسىڭ	جانىم	12
سەنبەيسىڭ	ماعان	20
سەنبەيسىڭ	وسى	19
تويدا	وتىرمىن	19
اڭدىپ	وتىر	21
اڭدىپ	وتىرمىن	16
اڭدىپ	جۇر	20
ەكەمىزدىڭ	ارامىزدا	19
ەكەمىزدىڭ	ارامىزداعى	18
باسقان	قادامى	22
باسقانى	نە	21
باسقانى	قويشى	25
قۇرمەت	قىلىپ	16
قۇرمەت	ەتىپ	19
قۇرمەت	قىلامىن	24
قۇرمەت	ەتەمىن	17
كەنجە	اعا	27
كەنجە	اپا	17
كەنجە	اعام	24
ۇقپاي	وتىرمىن	17
ۇقپاي	قالدىم	20
ۇقپاي	تۇرمىن	12
ۇقپاي	قالىپپىن	15
ۇقپايمىن	عوي	25
ۇقپايمىن	ايتەۋ	17
تەر	شىعىپ	17
تەر	باسىپ	20
تەرى	اياق	13
تەرىپ	جەۋگە	18
جۇمىسىڭدى	جاقسى	12
جۇمىسىڭدى	ىستە	23
جۇمىسىڭدى	ىستەپ	13
جۇمىسىڭدى	ىستەي	13
جۇمىسىڭدى	بىتىرىپ	10
بارەدى	عوي	12
بارەدى	سول	16
بارەدى	سونى	25
بارەدى	سوعان	18
بولۋى	كەرەك	23
بولۋى	مۇمكىن	9
شايى	بار	6
شايىڭ	قۇتتى	15
شايىڭ	دامدى	6
شايىڭدى	ىش	15
شايىڭدى	ىشىپ	15
شايىڭدى	ىشتىڭبە	7
الداعى	كەلىپ	10
الداعى	كەلە	9
ەستىدىم	عوي	22
وتىرسا	بولدى	13
وتىرسا	قايتىپ	18
وتىرسام	بولدى	21
بۇزىق	دەپ	27
بۇزىق	ەكەن	19
بۇزىق	ادام	19
بۇزىق	قاتىن	27
ايەلىڭ	بار	28
ايەلىڭ	قايدا	13
كەزەك	كەزەك	19
اندى	جاقسى	10
اندى	جولداپ	20
اندى	تاۋىپ	10
جاقا	كەلىپ	13
جاقا	بارىپ	21
جاقا	ايتاپ	19
وزىمىز	عانا	23
شقپاي	جاتىر	20
شقپاي	تۇر	14
شقپاي	قالدى	13
شقپاي	قويدى	17
شقپاي	قالپتى	19
جەتپەيدى	عوي	21
جەتپەيدى	دەپ	11
جەتپەيدى	ەكەن	23
ۇيالماي	قايتىپ	10
جۇرمەي	جاتىر	15
جۇرمەي	تۇر	14
جۇرمەي	قالدى	16
جۇرمەي	قويدى	18
كونە	جاڭا	18
كونە	كوز	22
داستارقان	جايىپ	21
قوسشى	جانىم	13
قوسشى	مەنى	14
قوسشى	بولاما	24
وزىمدى	وزىم	17
وزىمدى	ۇستاي	13
كازىر	كەلدىم	19
تەكسەرىلىپ	ال	20
تەكسەرىلىپ	كور	18
تەكسەرىلىپ	الىڭىزدار	22
ەرسىن	اعا	21
تۇكتە	جوق	28
تۇكتە	ەمەس	9
تۇكتە	تۇرعان	19
باسقالاي	جۇمىس	27
بالاما	تاماق	18
بالاما	قاراپ	20
تۇرىت	ادام	24
تۇرىت	كۇن	15
تۇرىت	بەس	15
تۇرىت	مىڭ	17
تۇرىت	جۇز	27
تۇرىت	جىل	21
جارايما	جانىم	25
توسام	عوي	18
توسام	جانىم	16
توسام	دەپ	14
توسام	سەنى	24
مايدا	جوق	20
بەرمەيمىن	عوي	14
بەرمەيمىن	جانىم	18
بەرمەيمىن	دەپ	24
بەرمەيمىن	دەيدى	14
بولساڭىز	بولدى	19
جىم	بولىپ	13
جىم	جىرت	19
جىم	جىرىت	5
جىم	جىلاس	11
ووجانىم	جانىم	16
ووجانىم	سول	23
ووجانىم	مەنىڭ	4
اعىپ	جاتىر	11
اعىپ	تۇر	17
اعىپ	كەتتى	14
اعىپ	كەتەدى	15
اسىعىپ	كەتىپ	27
اسىعىپ	كەتتىم	16
اسىعىپ	تۇرمىن	22
اسىعىپ	جۇرىپ	18
شىعاسىڭبا	جانىم	21
بلمەي	قالدىم	18
بلمەي	تۇرمىن	10
بلمەيمىن	عوي	14
بلمەيمىن	جانىم	21
بلمەيمىن	ايتەۋ	23
جاسايدى	عوي	14
جاسايدى	دەپ	17
جاسايدى	ەكەن	19
تاۋىر	ەكەن	8
تاۋىر	بولىپ	25
قويدىڭبا	جانىم	13
اقشانىڭ	بارىن	17
اقشانىڭ	جاعدايى	19
اقشانىڭ	ىڭعايى	18
نادان	ەكەن	16
نادان	نەمە	17
جازعان	ەكەن	17
اناۇ	كۇنى	26
اناۇ	مىناۇ	21
جاتقانى	نەسى	21
جاتقانىم	عوي	14
جاتقانىم	قوي	3
قىزىمەت	قاربالاس	17
قىزىمەت	ىستەپ	28
قىزىمەت	تابىستى	19
قىزىمەت	قاربالاسپا	16
قىزىمەت	قىزىمەت	26
جەرلىك	ات	27
جەرلىك	ۋاقىت	19
جەرلىك	جۇمىرتقا	25
جەرلىك	تاۋىق	12
جەرلىك	تۇقىم	19
جەرلىك	تاۋىقتىڭ	26
يلەپ	جاتىرمىن	26
يلەپ	قويدىم	19
يلەپ	قويىپ	13
يلەپ	قويعام	18
ويناي	بەر	28
ويناي	الماي	13
وينايتىن	ادام	16
وينايتىن	جەر	19
وينايتىن	جەرگە	22
وينايتىن	قىزدار	25
وينايتىن	نارسە	16
وينايتىن	كىسىلەر	20
كۇرسەم	بولدى	15
كۇرسەم	بولادى	15
كۇرسەم	بولاما	28
ۇرادى	عوي	19
ۇرادى	دەپ	18
ۇرادى	ەكەن	15
ۇرادى	سول	11
ۇرادى	دەيدى	27
تۇگەل	بولىپ	19
تۇگەل	بولسا	15
تۇگەل	امان	16
ماقان	سويلەپ	26
شتەمە	جوق	27
شتەمە	ەتپەيدى	11
شتەمە	بولمادى	13
ارقا	باسى	14
ارقا	سۇيەر	15
ارقاشان	امان	12
ارقاشان	اق	18
ارقاشان	جولىڭ	18
ارقاشان	اماندىق	15
جاتاسىڭ	عوي	15
جاتاسىڭ	جانىم	13
تاينشا	بار	19
تاينشا	بولسا	18
تاينشا	ساتىلادى	26
بالادار	بار	13
بالادار	باقىتتى	16
امالى	جوق	25
امالى	بولار	9
امالىم	جوق	11
امالىم	نە	4
امالىم	قانشا	24
امالىم	قالمادى	13
بايى	جوق	19
بايى	بار	13
بايىم	دەپ	12
بايىم	جوق	24
بايىم	بار	26
بايىم	مەنىڭ	15
بايىم	بايىم	27
ءاڭگىمە	جوق	15
ءاڭگىمە	ايت	22
ءاڭگىمە	ايتىپ	15
ءاڭگىمە	ايتشى	8
ءاڭگىمە	ايتايىق	20
جەمەشى	سەن	19
جەمەشى	بولاما	22
ولەڭ	ەكەن	15
ولەڭ	جازىپ	24
ولەڭ	قۇراپ	17
الاتىندار	بار	23
الاتىندار	بولسا	28
الاتىندار	بارما	8
الاتىندار	قابارلاسىڭىزدار	12
ءشىپ	ال	10
ءشىپ	الىپ	19
ءشىپ	وتىرمىن	17
ءشىپ	الدىم	17
دەكەم	عوي	22
دەكەم	جوق	24
دەكەم	وعان	18
تۇسەيىن	دەپ	21
تۇسەيىن	دەسەم	4
تۇسەيىن	دەگەم	15
باستارىڭىز	امان	20
ەسىم	شىعىپ	1
ەسىم	شعىپ	7
ەسىم	اۋىپ	14
ەسىمە	تۇسىپ	16
ەسىمە	تۇستى	7
ەسىمە	تۇسەدى	15
ەسىمە	تۇسپەي	27
ەسىمە	تۇسىرە	19
قابل	بولسىن	22
قابل	بولسن	11
جاقسىزدار	ايتتارىڭىز	8
جانىن	باعىپ	28
جانىندا	بىر	17
جانىندا	وتىرمىن	25
سۇزىڭدى	ەندى	27
سۇزىڭدى	ەستىپ	19
سۇزىڭدى	تۇسىنبەدىم	20
سۇزىڭدى	ەستي	22
ايعاي	شۋ	19
ايعايلاپ	جاتىر	10
مىي	جوق	17
مىيۋ	جانىم	8
استىرىپ	جاتىر	15
استىرىپ	جاتىرمىن	19
استىرىپ	وتىرمىن	12
استىرىپ	جىبەر	16
بەلگىسىز	عوي	19
بەلگىسىز	بولىپ	16
ۇزىمىز	عانا	12
جۇرەيىن	دەپ	20
جۇرەيىن	سول	11
جۇرەيىن	دەسەم	18
ساۇ	بول	21
ساۇ	بولسىن	10
ساۇ	بولسا	12
الدىنعى	كۇنى	17
الدىنعى	جولى	11
الدىنعى	ايدا	11
الدىنعى	جولعى	22
سولار	امان	20
سولار	ۇشىن	24
بەتىن	اشىپ	18
بەتىن	ارى	27
بەتىن	جاۋىپ	15
تۇرىڭ	جوق	27
قوراعا	بارىپ	11
قوراعا	قاماپ	15
يۋانعا	ماي	23
اعامنىڭ	تۋىلعان	21
اعامنىڭ	ۇيىنە	26
اعامنىڭ	بالاسى	18
اعامنىڭ	قىزى	17
اعامنىڭ	ۇيىندە	25
جەگىم	كەلىپ	18
جەگىم	كەلدى	3
جەگىم	كەپ	24
جەگىم	كەلمەي	12
تۇز	سالىپ	19
تۇزۋ	ادام	19
تۇزۋ	بولسا	24
تۇزۋ	سويلە	28
جاۇاپ	جوق	23
جاۇاپ	بەر	16
جاۇاپ	بەرشى	18
جاۇاپ	قايتار	22
جاۇاپ	قايتارىپ	16
ماشينام	بار	19
ماشينامەن	بارىپ	15
ماڭقا	سول	19
ماڭقا	ماڭقا	10
ۇزىمدى	ۇزىم	17
ۇزىمدى	ۇستاي	12
جانىڭا	بارىپ	19
جانىڭا	بارعىم	14
جانىڭا	جاماندىق	26
اۋرۋ	بولىپ	12
جاتسىڭبا	جانىم	17
اقشاعا	بولا	18
اقشاعا	ساتىپ	20
كەلڭدەر	دەپ	20
كەلڭدەر	دەيدى	19
جاسايمىن	عوي	23
جاسايمىن	دەپ	16
جاسايمىن	دەيدى	12
كينو	جولداپ	23
كينو	كورىپ	25
كينو	كۇرىپ	7
ويلاساڭ	بولدى	15
ويلاساڭ	ۇزىڭ	14
ويلاساڭ	وزىڭ	19
ويلاساڭ	سولاي	27
ارتىندا	بىر	17
قوناققا	بارىپ	21
قوناققا	كەتىپ	14
قوناققا	بارام	23
قوناققا	شاقىرىپ	25
تنش	جات	24
تنش	وتىر	27
جاتقانىڭا	راحىمەت	15
ادامى	عوي	9
ادامى	جوق	24
ادامى	ەكەن	17
ادامى	بار	19
قولدان	كەلمەيدى	15
قولدان	كەلسە	17
قولدان	بەرمەي	20
قولدان	كەلەر	16
قولدان	جىبەرمەي	23
قولدان	جاسالعان	27
تاۇبا	دەشى	21
تاۇبا	دەدىم	27
قىلماي	قويدىڭ	20
اپامنىڭ	تۋىلعان	20
ۇتكىزىپ	جاتىر	26
ۇتكىزىپ	بەرەيىن	27
اقىلداسىپ	كور	19
اقىلداسىپ	كورەيىك	21
بەرەكەلى	بولسىن	18
بەرەكەلى	دوستار	6
ۇرعاشى	توقتى	20
ۇرعاشى	تاينشا	15
ۇرعاشى	بۇزاۋ	14
كۇرەدى	عوي	19
كۇرەدى	دەپ	13
كۇرەدى	ەكەن	20
كۇرەدى	ەكەنسىڭ	12
بەتكە	بارىپ	16
بەتكە	كەتىپ	20
بەتكە	جاعاتىن	21
قاتىم	قابىل	26
قاتىم	تۇسىرىپ	7
قاتىم	تۇسىرەدى	16
قاتىم	تۇسىرەمىز	20
قايناق	سۇ	26
قايناق	سۋ	18
قايناق	سۋعا	3
قايناق	سۋدى	13
گاز	جوق	15
گاز	بار	20
گاز	قۇيىپ	19
گاز	تۇڭ	14
كۇىن	بولدى	19
نەبولىپ	جاتىر	16
نەبولىپ	كەتتى	22
نەبولىپ	قالدى	9
اپاراتىن	بولدى	5
اپاراتىن	ادام	15
اپاراتىن	شىعار	19
اپاراتىن	مال	24
اپاراتىن	بولدىم	26
اپاراتىن	مالدارىڭىز	20
تۇعان	كۇنى	18
تۇعان	كۇنىڭ	12
ۋاقتى	جوق	10
ۋاقتى	بار	20
ۋاقتى	وتىپ	25
ۋاقتى	ۇتىپ	19
ۋاقتى	توشىپ	22
سۇيتشى	جانىم	25
قۇرساعى	اشىپ	9
قۇرساعىم	اشىپ	6
قۇرساعىم	اشتى	3
تىلەپ	جاتىرمىن	16
تىلەپ	وتىرمىن	18
تىلەپ	جاتقان	20
ايران	بارما	13
ايران	ىشىپ	26
ايران	سۇت	15
ايران	ۇيتىپ	25
باتىپ	تۇر	26
باتىپ	كەتتى	17
باتىپ	جۇر	14
باتىپ	سۋداي	22
قالتا	ۇن	19
ايداي	بولدى	15
ايداي	بەر	20
ايداي	الماي	21
ايداي	المايمىن	17
ايداي	اجار	22
بۇلسا	قابارلاسىڭىزدار	26
بۇلسا	بۇلدى	19
تىلەۋ	قابىل	18
تىلەۋ	قۇتتى	6
تىلەۋ	بەرەكەلى	16
قاتەلىك	جوق	17
قاتەلىك	بار	16
قاتەلىك	بولسا	20
قاتەلىك	مەندە	26
قاتەلىك	مەنەن	15
سارسەنبى	كۇنى	25
سارسەنبى	كۇندەرىڭىز	7
وسىعان	قاراپ	25
وسىعان	جاۋاپ	25
قازاقشا	جاز	26
قازاقشا	جازىپ	18
بارمايىم	عوي	23
بارمايىم	دەپ	27
بارمايىم	بولدى	15
بارمايىم	دەيدى	26
سالايىق	دەپ	20
سالايىق	دەيدى	12
براق	مەن	27
ساعندىم	عوي	22
ساعندىم	جانىم	16
ساعندىم	دەپ	10
ساعندىم	سەنى	20
ساعندىم	ساعندىم	21
مايى	بار	16
مايى	بارما	19
جۇرسىن	دەپ	22
سۇيتەيىن	دەپ	14
سۇيتەيىن	وندا	9
قوستى	عوي	16
قوستى	دەپ	15
قوستىم	عوي	14
قوسقان	جوق	13
قوسقان	ادام	18
قوسقان	سوڭ	21
قويىڭدار	دەپ	20
شقسا	جاقسى	18
شقسا	بولدى	23
تابس	مول	19
تابستى	بولسىن	6
تابستى	كۇندەرىڭ	5
تابستى	بولسن	25
تابستى	بولاشاعى	11
اپارايىن	دەپ	16
اپارايىن	دەسەم	8
اپارايىن	دەگەم	16
جۇگىرىپ	بارىپ	17
جۇگىرىپ	جۇر	22
بىلەسىڭبە	جانىم	19
بىلەسىڭبە	سەن	17
كەسىپ	الىپ	25
ولارعا	نە	18
قايتاردا	الىپ	27
جەمىس	الىپ	21
جەمىس	جيدەك	23
بۇلادى	ەكەن	10
بۇلادى	عۇي	11
ميدى	جەپ	18
ميدى	جەيدى	6
ميدى	جەمەشى	17
ميدى	جەمەي	16
ميدى	جەدى	25
تۇسىمە	كىرىپ	21
تۇسىمە	كىرىپسىڭ	7
تۇسىمە	كىردىڭ	11
تۇسىمە	كىرىپتى	22
دەيما	دەپ	21
دەيما	ايتەۋ	18
شامام	جوق	18
شامام	بار	6
شامام	كەلمەي	19
شامام	كەلمەيدى	17
شامام	كەلگەنشە	26
شپيڭ	ۇرسام	13
جونى	جوق	18
جونى	بار	15
جونى	بولادى	14
جونى	كەلسە	13
جونى	بولار	22
شاقىرىپتى	عوي	8
شاقىرىپتى	ەكەن	18
شاقىرىپتى	سول	16
شاقىرىپتى	سوعان	17
ويلايدى	عوي	15
ويلايدى	دەپ	11
ويلايدى	ەكەن	20
ويلايدى	ەكەنسىڭ	16
مۇندا	بىر	13
تاڭەرتەڭنەن	قاربالاس	15
تاڭەرتەڭنەن	بەرى	21
تاڭەرتەڭنەن	باستاپ	4
تىيىپ	تۇر	14
تىيىپ	قالدى	19
تىيىپ	قالىپتى	17
تىيىپ	قالدىما	16
كۇشىپ	كەلىپ	24
كۇشىپ	بارىپ	15
كۇشىپ	كەتكەن	16
بىيىل	بىر	26
باسقاسىن	قويشى	21
باسقاسىن	بىلمەيمىن	13
بىرەۋمەن	بىرگە	16
بىرەۋمەن	سويلەسىپ	20
بىرەۋمەن	سۇيلەسىپ	17
بىرەۋمەن	ارالاسىپ	24
شىداي	تۇر	27
شىداي	الماي	14
شىداي	المايمىن	7
شىداي	المادىم	17
شىداي	المايدى	21
شىداي	الار	22
ۋاقتىڭ	جوق	25
ۋاقتىڭ	بار	16
ۋاقتىڭ	بولسا	21
ۋاقتىڭ	بارما	12
ۋاقتىڭ	شىققاندا	14
ۇيىقتايىن	دەپ	16
ۇيىقتايىن	دەسەم	4
قىيمىل	باعا	18
قىيمىل	باعادا	16
وتىرىم	عوي	8
تۇيەك	الىپ	18
تۇيەك	جۇمىس	18
تۇيەك	نارسە	21
تۇيەك	جۇمىستار	19
تۇيەك	جۇمىستارمەن	13
بارامىزبا	دەپ	14
بارامىزبا	جوق	11
قاشالاپ	قوي	27
قاشالاپ	قويدىم	23
قاشالاپ	الايىن	17
قاشالاپ	قويىپ	17
قاشالاپ	قويايىن	19
قاشالاپ	قويعام	27
قايتايىق	دەپ	15
ەمتيقان	بەرىپ	8
ەمتيقان	بەرەدى	15
ەمتيقان	بەرەتىن	19
قىين	عوي	19
قىين	بولدى	17
قىين	ەكەن	8
قىين	بولىپ	15
قىين	بولعان	17
قىينالىپ	كەتتىم	18
قىينالىپ	قالدىم	13
قىينالىپ	جۇرمىن	21
قىينالىپ	تۇرمىن	20
كۇڭىلىم	بىر	17
كۇڭىلىم	قالدى	17
كۇڭىلىم	اۋىرىپ	16
كۇڭىلىم	قاتتى	24
كۇڭىلىم	جارىم	21
تۇسىنبەي	كەتتىم	19
تۇسىنبەي	قالدىم	20
تۇسىنبەي	كەتتىڭ	10
كسىلەر	بار	20
كسىلەر	بولسا	19
كسىلەر	بارما	12
كسىلەر	قابارلاسىڭىزدار	17
جەرىڭدى	جولداشى	16
جەرىڭدى	ساعىندىم	25
قۇلدايتىن	بىر	23
قۇلدايتىن	ادام	18
قۇلدايتىن	ماشينا	24
قۇلدايتىن	كولىك	26
قۇلدايتىن	جولاۋشىلار	8
قۇلدايتىن	كۇلىك	6
ايتپايسىڭ	عوي	23
بايلانىس	تەلەفون	13
بايلانىس	تەلەفونى	15
بايلانىس	ۋاقىتىڭىز	15
لاق	بار	19
لاق	تارتىپ	18
قالعانبا	دەپ	20
قالعانبا	نە	21
كەلدىڭدەر	دوستار	25
كەلدىڭدەر	توردەن	16
مىنىپ	الىپ	24
مىنىپ	كەتتى	19
مىنىپ	كەتكەن	25
مىنىپ	جۇرگەن	21
ساسىپ	تۇر	20
ساسىپ	كەتتى	21
ساسىپ	كەتكەن	16
ساسىپ	كەتەدى	23
ساسىپ	كەتىپتى	21
ايتان	كەيىن	17
ايتان	بۇرىن	3
قالسىن	دەپ	16
ورتادا	مەن	15
امانسڭبا	جانىم	21
امانسڭبا	دوسىم	18
شىقىپ	كەتتى	22
جەزدەم	بار	20
سوتقا	بارىپ	20
سوتقا	ارىز	17
ويپىرماي	نەدەگەن	17
تىلەكتەرىڭ	قابىل	16
تىلەكتەرىڭىز	قابىل	2
تىلەكتەرىڭىز	بەن	2
تىلەكتەرىڭىز	ورىندالسىن	17
كۇننى	قۇتتى	21
كۇننىڭ	قۇتتى	14
كۇننىڭ	الدىندا	18
كۇننىڭ	بىرىندە	10
جىبار	ەكەن	16
جىبار	بولىپ	18
جىبار	ەكەم	17
جىبار	قىلىپ	22
تەكسەرتىپ	كور	25
بۇنىڭ	نە	17
بۇنىڭ	بارى	13
بۇنىڭ	بارىن	19
وتكەندە	بىر	19
سومدى	اتىپ	21
شارشاعان	ەكەنسىڭ	14
شارشاعان	شىعارسىڭ	19
شارشاعان	شعارسىڭ	8
ستەتىپ	جاتىر	13
ستەتىپ	جاتىرمىن	24
كسنىڭ	نۇمىرىن	18
كسنىڭ	ۇيندە	23
رەڭ	بولسىن	13
رەڭ	بار	22
اۇرىپ	جاتىر	22
اۇرىپ	تۇر	16
دەنە	جۋاتىن	15
دەنە	تاربيە	19
دەنە	سالماعىم	16
قىدىرىپ	جۇرمىن	19
كۇرەتىن	ادام	17
وتىرساڭ	بولدى	16
وتىرساڭ	بولمايما	11
امانبا	دوسىم	23
قۋات	جوق	25
قۋات	بەرسىن	26
باراما	دەپ	10
باراما	ەكەن	18
باراما	بارمايما	14
اتپال	ازامات	21
ۇرعان	جوق	1
ۇرعان	سوڭ	12
مازا	جوق	23
مازا	بەرمەي	14
مازا	بەرمەيدى	8
مازا	بەرمەدى	12
مازاڭ	كەتىپ	15
مازاڭدى	الىپ	7
مازاڭدى	المايمىن	9
مازاڭدى	المايىن	14
ۇستەم	بولسىن	8
ۇزىنە	جاقسى	1
ۇزىنە	ۇزى	24
اۋىردى	عوي	25
اۋىردى	دەپ	15
المايمىز	عوي	10
المايمىز	دەپ	11
المايمىز	دەيدى	17
قاتىنى	بار	18
قاتىنىم	سول	15
قاتىنىم	مەنىڭ	14
جاۋىن	جاۋىپ	14
جاۋىن	شاشىن	11
جاۋىن	جاۋدىما	19
تۇرعانى	جاقسى	20
تۇرعانى	اي	19
شاتتىق	كەتپەسىن	18
دوقتىر	قانادا	11
دوقتىرعا	بارىپ	16
دوقتىرعا	جاتىپ	17
دوقتىرعا	اپارىپ	20
دارىنى	الىپ	21
دارىنى	ىشىپ	17
شىققالى	جاتىر	17
شىققالى	تۇر	18
شىققالى	جاتىرمىن	26
شىققالى	تۇرمىن	10
شىققالى	جاتىرمىز	11
تىراكتىر	ايداپ	15
تىراكتىر	ايدايتىن	12
جوعالشى	بولدى	23
جوعالشى	ەي	22
جوعالشى	ارى	19
شىعارا	سال	10
شىعارا	بەر	16
شىعارا	الماي	19
سىرتتان	ادام	12
سىرتتان	تاماق	16
سىرتتان	كەلگەن	16
ءوزىڭدى	قاتتى	21
ءوزىڭدى	ماڭگى	25
ءوزىڭدى	جولداشى	24
ءوزىڭدى	ساعىنىپ	17
ءوزىڭدى	ءوزىڭ	26
ەسكە	الىپ	19
ەسكە	تۇسىپ	9
ەسكە	تۇسىرىپ	15
اكەمنىڭ	باسى	23
اكەمنىڭ	ۇيىنە	18
اكەمنىڭ	باسىنا	19
بىرتال	عانا	19
سۇرايدى	عوي	20
سۇرايدى	دەپ	14
سۇرايدى	ەكەن	18
قازىرگى	كەزدە	13
قازىرگى	ۋاقىتىڭ	22
قازىرگى	بەينەڭدى	16
شعايىن	دەپ	19
شعايىن	دەسەم	7
شعايىن	دەگەم	16
جازدىق	اياق	23
جازدىق	كيىم	18
جازدىق	دوڭگەلەك	20
كەتىڭبە	جانىم	20
شايىن	ىشىپ	16
شايىن	بەرىپ	13
شايىن	بەرەيىن	9
شايىن	قايناتىپ	24
بىتكەن	جوق	22
بىتكەن	سوڭ	13
لازى	قىزىل	11
مەنىدە	بىر	26
مەنىدە	قوسىپ	24
مەنىدە	ەرتىپ	22
توشىپ	تۇر	19
توشىپ	كەتتى	25
توشىپ	قالدى	10
توشىپ	كەتكەن	25
توشىپ	كەتەدى	24
توشىپ	كەتىپتى	20
بارلعى	جاقسى	13
قالامبا	دەپ	15
قالامبا	كىم	4
كىسىگە	نە	20
كىسىگە	بارىپ	25
كىسىگە	قاراپ	19
جىبەرە	سال	20
جىبەرەيىن	دەپ	13
جىبەرەيىن	دەسەم	13
جىبەرەيىن	دەگەم	20
جاستى	ەكەن	21
جاستىق	شاق	14
جاستىق	قاپ	16
الىپسىڭ	عوي	18
الىپسىڭ	قوي	3
تورىت	ادام	18
تورىت	كۇن	17
تورىت	بەس	16
تورىت	مىڭ	17
تورىت	جۇز	24
تولعا	بىر	23
تولعا	كەلىپ	14
تولعا	بارىپ	25
تولعا	ەكى	19
تولعا	باراتىن	21
تولىپ	جاتىر	14
تولىپ	تۇر	25
تولىپ	كەتتى	16
تولىپ	كەتكەن	13
تولىپ	كەتىپتى	25
قاتسى	جوق	17
قاتسى	نە	3
قاتسى	بار	18
قاتسى	بارما	12
جۇمىسىم	جوق	26
جۇمىسىم	بار	15
جۇمىسىم	شىعىپ	9
اعاما	تەلەفون	15
اعاما	ايتىپ	25
وقساس	ەكەن	17
وقساس	قوي	16
شەشىپ	الىپ	15
شەشىپ	تاستاپ	26
شعاما	دەپ	15
شعاما	ەكەن	19
شعاما	ەرتەڭ	17
شعاما	بەرىپ	22
بىلمەيسىڭ	عوي	26
دەگەنگە	مەن	9
دەگەنگە	كىم	23
دەگەنم	عوي	20
ىراقىمەت	جانىم	3
تاياق	جەپ	13
تاياق	جەيتىن	10
تاياق	جەيسىڭ	23
قاسىما	كەل	9
قاسىما	كەلىپ	17
قاسىما	كەپ	11
قاسىما	كەلشى	26
قۇتتىقتايمىن	جانىم	25
قۇتتىقتايمىن	ماڭگى	12
قۇتتىقتايمىن	جاسىڭ	17
قۋانىشتامىن	راحىمەت	12
قۋانىشتامىن	اتىم	15
استارىڭىز	اس	23
استارىڭىز	ءدامدى	15
استارىڭىز	دامدى	3
استارىڭىز	سىڭىمدى	17
جاقسسز	جەجە	15
جاقسسز	دەنساۋلعىڭىز	17
ىرەنجىمە	جانىم	20
ىرەنجىمە	بولاما	16
ىرەنجىمە	شى	20
برگە	بولسىن	18
برگە	بولسن	5
ەرمەك	قىلىپ	18
قايداسىز	اعا	19
ەركەم	سول	22
ەركەم	مەنىڭ	14
ويبي	جانىم	12
ويبي	وندا	17
ويبي	قيىن	20
كەزىككەندە	ايتىپ	19
كەزىككەندە	ايتايىن	19
اشقان	جوق	19
اشقان	سوڭ	14
اشقان	شىعار	17
اشقانا	بار	17
اشقانا	اشىپ	21
تۇسىندىرىپ	قوي	17
تۇسىندىرىپ	ايتىپ	18
شىنبەي	ۇزى	12
شىنبەي	وزى	6
شىنبەي	ءوزى	18
قايتارام	عوي	8
قايتارام	دەپ	15
ۇردى	عوي	12
ۇردى	دەپ	14
قاتىنىڭ	بار	17
تۇبى	جاقسى	17
تۇبى	بىر	19
تۇبى	سارى	15
تۇبى	بەزى	17
الاسىز	عوي	16
قالامىز	عوي	20
قالامىز	دەپ	10
بايىڭ	بار	20
بايىڭ	قايدا	16
ستەيمىن	عوي	16
ستەيمىن	دەپ	15
ستەيمىن	دەگەن	14
جابىسىپ	جۇر	25
جابىسىپ	الدى	22
جابىسىپ	الادى	21
الماستىرىپ	اتىپ	19
الماستىرىپ	الايىن	18
مالدىڭ	جەم	20
مالدىڭ	جەمىن	18
مالدىڭ	شۇبىن	18
جەمەي	قويدى	24
جەمەي	جوعالشى	17
شققان	جوق	25
شققان	سوڭ	13
ايتباشى	جانىم	14
ايتباشى	بولدى	15
ايتباشى	بولاما	22
جەركە	بارىپ	18
بولاشاعى	نۇرلى	15
ايتامىز	عوي	1
ايتامىز	دەپ	13
قايتاسىڭبا	جانىم	19
قايتاسىڭبا	جوق	20
جۋاتىن	جەرگە	19
جۋاتىن	سابىن	25
تانىماي	وتىرمىن	13
تانىماي	قالدىڭبا	18
تانىمايمىن	عوي	17
تانىمايمىن	دەپ	12
تانىمايمىن	تانىمايمىن	20
تاعدا	بىر	16
نەدەن	قورقام	18
نەدەن	قورقاسىڭ	17
قولعا	بىر	12
قولعا	الىپ	20
قولعا	العان	19
قويمايدى	عوي	15
قويمايدى	ەكەن	12
قويمايدى	ەكەنسىڭ	13
شىنىڭدى	ايت	17
شىنىڭدى	ايتىپ	12
شىنىڭدى	ايتشى	23
شىنىڭدى	ايىت	6
شىنىڭدى	ايتساڭ	24
جۇمىستى	بىتىرىپ	17
بولماساڭ	مەن	17
بولماساڭ	بولدى	19
بولماساڭ	بولمايدى	23
اشۋلانىپ	وتىر	14
اشۋلانىپ	وتىرسىڭ	25
بەرسەك	جاقسى	20
بەرسەك	بولدى	20
بەرسەك	بولادى	16
بەرسەك	بولاما	15
اۋىرە	بولىپ	19
اۋىرە	بولما	17
اۋىرە	بولدىڭ	13
اۋىرە	بولماياق	16
قايتىڭدار	دەپ	17
ىشپەيمىن	عوي	25
ىشپەيمىن	جانىم	16
ىشپەيمىن	دەپ	20
تانام	سول	15
تانام	مەنىڭ	8
كوجە	ىشىپ	15
كوجە	ىستەپ	16
كوجە	جاساپ	16
قۇتى	بولسىن	16
قۇتى	بولسن	5
كەيبىر	كەزدە	19
كەيبىر	ادامدار	19
بىتي	تۇرىپ	18
بىتي	تۇرا	24
سويىپ	جاتىر	24
تىس	ماي	19
شعامىن	عوي	19
شعامىن	جانىم	15
شعامىن	دەپ	23
تيەدى	عوي	17
تيەدى	دەپ	15
تيەدى	ەكەن	18
شىنايى	جاقسى	12
قالايسىز	جاقسىما	14
قالايسىز	جاقسىزبا	19
قارىزعا	اقشا	12
قارىزعا	بەرىپ	20
قارىزعا	باتىپ	17
نەدەيسىڭ	جانىم	21
نەدەيسىڭ	تۇسىنبەدىم	18
تابام	عوي	18
تابام	جانىم	14
تابام	دەپ	24
اراقتى	ىشىپ	15
اراقتى	قويدىم	19
اراقتى	قويىپ	24
بايلىق	دەگەن	21
بايلىق	دەنساۋلىق	24
بايلىق	بەرسىن	18
بايلىق	باقىت	23
بايلىق	سيلاسىن	20
كوكتەم	بولدى	13
كوكتەم	كەلىپ	21
كوكتەم	كەلدى	24
سوق	دەپ	16
ۇلىڭ	بار	24
ۇلىڭ	قانداي	21
بەتىم	اي	19
بەتىم	ىسىپ	20
بەتىماي	الىپ	19
بەتىماي	جاعىپ	17
شينجياڭ	ساعات	16
شينجياڭ	ۋاقىتى	15
جۇرشى	جانىم	10
جۇرشى	بولاما	15
بۋىرشىن	اۋداننان	18
بۋىرشىن	اۋدانى	17
بۋىرشىنعا	بىر	13
بۋىرشىنعا	بارىپ	17
بۋىرشىنعا	باراتىن	18
جاقسلىق	بولسىن	11
جاقسلىق	بۇيىرسىن	14
اشاتىن	بولدى	12
اشاتىن	ادام	16
اشاتىن	اقشا	19
اشاتىن	قىزدار	25
ىشسە	بولادى	23
ىشسەڭ	جاقسى	15
ىشسەڭ	بولدى	19
ىشسەڭ	بولادى	15
ىشسەڭ	بولمايما	18
ايتپادى	عوي	16
ايتپادى	دەپ	9
ايتپادىم	عوي	18
قويساڭىز	بولدى	10
قويساڭىز	بولادى	12
قويساڭىز	بولاما	16
قويساڭىز	بولعانى	18
جاتايىق	جانىم	20
جاتايىق	دەپ	17
تۇسپەي	جاتىر	8
تۇسپەي	تۇر	16
تۇسپەي	قويدى	12
كورىنىپ	ال	15
كورىنىپ	تۇر	19
ايىلىق	شىققاندا	14
تاعىپ	ال	14
تاعىپ	الىپ	17
تاعىپ	جۇر	20
شوفەر	بارما	25
شوفەر	جولداستار	19
توسەك	سالىپ	17
توسەك	ساپ	7
جولداس	بولسىن	22
جايىراق	بارامىن	7
جالعان	ەكەن	18
جالعان	دۇنيە	19
جۇلىپ	الىپ	20
جۇلىپ	تازالاپ	17
جۇلىپ	جۇرمەسىن	21
ءبىرگە	بولسىن	24
ءبىرگە	كەلىپ	5
سوزىن	ايتىپ	15
سوزىن	سويلەپ	19
سوزىن	ەستىپ	14
بلەدى	عوي	18
بۇلسىن	جانىم	15
جۇمسى	بار	17
جۇمسى	جەڭىل	15
قايتقالى	جاتىرمىن	20
قايتقالى	وتىرمىن	14
قايتقالى	تۇرمىن	20
قايتقالى	جاتىرمىز	8
قايتقالى	تۇرمىز	15
كورمەگەن	ادام	16
كورمەگەن	سوڭ	16
بارىنەن	ماڭىزدى	14
كيناۋ	كورىپ	20
كيناۋ	كۇرىپ	8
تاتەمە	ايتىپ	12
قاتا	جازىپ	19
قاتار	كەلگەن	17
كەتىك	عوي	20
كەتىك	قوي	16
جىنى	ۇستاپ	11
جىنىم	كەلىپ	7
جىنىم	كەلەدى	16
جىنىم	ۇستاپ	24
جىنىم	ۇستايدى	7
قارايمىن	عوي	19
قارايمىن	دەپ	12
سويتىپ	ايتىپ	13
ماشيناسى	بار	23
ماشيناسى	ساتىلادى	12
اشتىرىپ	قويايىن	17
الدڭبا	جانىم	17
جاقسىمىن	جانىم	16
جاقسىمىن	وزىڭ	14
بۇگىننەن	باستاپ	20
بۇگىننەن	قالسا	3
بۇگىننەن	قالماي	24
بۇگىننەن	قالتىرماي	20
ايىر	باستاپ	17
ايىرىم	بىر	10
جۇنى	جوق	21
جۇنى	بار	15
جۇنى	بولادى	15
جۇنى	بولار	16
تاني	الماي	9
تاني	المادىم	7
تانيتىن	ادام	9
تانيتىن	بىرەۋ	11
تانيتىن	شىعارسىڭ	24
كوزىڭ	كورىپ	18
كوزىڭ	تۇسىپ	23
ايقىن	اعا	17
ادامىڭ	مەن	20
ادامىڭ	بار	23
ادامىڭ	بولسا	11
ادامىڭ	بارما	15
كىندىك	بالام	18
كىندىك	اكە	16
كىندىك	شەشە	19
كىندىك	شەشەسى	15
كىندىك	اكەسى	12
كىندىك	جولىن	20
كىندىك	بالامنىڭ	22
شىندىق	قوي	24
ويعا	كەلدىم	9
ويعا	تۇسىپ	24
ويعا	العان	18
ويعا	تۇسەتىن	10
ىشىنە	كىرىپ	19
ايتىپتى	عوي	14
عۇمىر	بەرسىن	11
عۇمىر	جاسى	12
عۇمىر	جاسىڭ	9
عۇمىر	جاسىڭىز	13
كەلگەلى	بىر	20
كەلگەلى	جاتىر	18
كەلگەلى	ەكى	15
يەسى	جوق	21
يەسى	بار	20
يەسى	بولسا	17
ەڭبەك	ىستەپ	24
ەڭبەك	ستەپ	18
ەڭبەك	اقى	19
ەڭبەك	اقىسى	20
اپىرەس	بولدى	20
اپىرەس	بولىپ	19
اپىرەس	بولعان	15
اپىرەس	بولاتىن	18
قاراتىپ	جاتىرمىن	20
قاراتىپ	وتىرمىن	23
قاراتىپ	قويىپ	16
دايلي	بولىپ	17
دايلي	باعاسى	13
دايلي	باعادا	14
قۇرعاق	قاسىق	19
جىلعا	بولىپ	19
جىلعا	دەيىن	18
تانسىپ	ال	16
تانسىپ	وتىرايىق	20
تانسىپ	قالايىق	13
جاقسسىز	جەجە	19
جانىمدى	شىعارىپ	16
جانىمدى	باعىپ	24
جانىمدى	قويماي	23
شەشەمە	قاراپ	18
باربولسا	بەرىپ	19
باربولسا	قابارلاسىڭىزدار	18
كەتىپسىڭ	عوي	17
كەتىپسىڭ	جانىم	4
دەنساۋلىعىڭا	كوڭىل	20
دەنساۋلىعىڭا	كۇڭىل	3
دەنساۋلىعىڭا	زيان	9
كەتپەي	تۇر	16
كەتپەي	قويدى	20
كەتپەي	تۇرىپ	21
قىسقا	ەكەن	23
قىسقا	بولىپ	21
باعاتىن	ادام	15
باعاتىن	جەر	12
باعاتىن	كىسىلەر	19
قىستاق	باستىعى	19
ەپتەپ	سەپتەپ	23
ءاميىن	راحىمەت	17
ءاميىن	بىرگە	21
ءاميىن	ايتقانىڭ	13
ءاميىن	ايتقانىڭىز	7
مۇڭعۇلكۇرە	دەن	11
مۇڭعۇلكۇرە	اۋدانى	10
ساۋداڭىز	كۇسەت	15
ساۋداڭىز	كۇزەت	1
بولعام	جوق	26
ارىقتاپ	كەتتىم	9
ارىقتاپ	كەتىپتى	20
ارىقتاپ	كەتىپسىڭ	21
جەيدە	الىپ	16
سىير	بار	15
سىير	ساۋىپ	23
اقماق	قىلىپ	19
اقماق	قىلماشى	11
تاماعىم	اۋىرىپ	17
تاماعىم	اۋرىپ	8
تاماعىم	بىتىپ	17
سويلەگەن	جوق	22
سويلەگەن	سوڭ	13
سويلەگەن	سايىن	19
قالايسىڭدار	جاقسىما	24
جاتقالى	جاتىر	13
جاتقالى	جاتىرمىن	20
جاتقالى	جاتىرمىز	7
ۇيان	بەرىپ	11
ۇيان	اتىپ	23
ۇيان	قۇڭباۋ	22
ۇيان	اتشى	19
كۇردىڭ	عوي	21
كۇردىڭبە	جانىم	6
قيناپ	تۇر	17
قيناپ	قويدىم	23
قيناپ	قويدىمبا	13
سالامىز	عوي	20
سالامىز	دەپ	13
سالامىز	دەيدى	16
دوستارى	بار	19
دوستارىم	بار	15
كەلكەندە	قابارلاس	17
جىبو	كوڭىلدى	20
جىبو	اشىپ	6
جىبو	قىلىپ	19
جىبو	كۇڭىلدى	20
تابىلادى	عوي	18
تابىلادى	جانىم	9
شاقىردى	عوي	22
شاقىردى	دەپ	15
قۇيا	سال	12
قۇيا	الماي	14
قۇيا	سالشى	19
قۇياتىن	اقشا	15
كەپىلدىك	بار	13
كەپىلدىك	بەرەمىن	11
كەپىلدىك	بەرەمىز	15
كەپىلدىك	ەتەمىز	23
باستان	اياق	10
باستان	اقىر	9
جاتىرسڭبا	جانىم	16
جانىما	كەلىپ	17
جانىما	باتىپ	14
ەكەنسىڭدەر	عوي	16
تومپاعىم	سول	9
تومپاعىم	مەنىڭ	11
شاعا	امانبا	9
شاعا	تەگىس	11
تۇرىڭنەن	جانىم	9
تۇرىڭنەن	سول	24
تۇرىڭنەن	اينالايىن	17
قالدىڭىز	عوي	4
ءبىراز	تۇرىپ	9
ءبىراز	ۋاقىت	19
اسىقباي	ىشىپ	23
ولاردىڭ	الدىندا	16
بالاڭدى	الىپ	23
بالاڭدى	باعىپ	18
كەتىڭىز	عوي	18
نۇكە	اعا	11
بيە	بار	19
بيە	بولسا	18
بيە	ساتىلادى	19
قوياما	دەپ	21
جاسايىن	دەپ	5
جاسايىن	دەسەم	4
جاسايىن	دەگەم	16
سيىردى	ساۋىپ	18
كورشىلەر	امانسىزدارما	23
جانەدە	بىر	13
مىناۋىڭ	نە	18
مىناۋىڭ	كىم	11
ۇزڭدى	ماڭگى	13
ۇزڭدى	جولداشى	24
ەمەسسىڭ	عوي	12
دۋيىن	كورىپ	8
دۋيىن	كۇرىپ	7
بارىڭ	بىر	15
بارىڭ	بىرگە	18
وسىمەن	ەكى	21
وسىمەن	ۇش	16
جاندى	قويماي	22
جاندى	قويمادى	17
كەدەيىن	بار	17
شاعىپ	اۋىرىپ	18
حال	قالاي	18
حال	جايىڭ	6
حالىق	ۇشىن	10
قىلامىن	عوي	17
قىلامىن	جانىم	14
قىلامىن	دەپ	18
قۇرلى	نە	14
قۇرلى	كورمەي	20
قۇرلى	كورمەيسىڭ	17
شىعايىق	دەپ	17
شىعايىق	دەيدى	11
ءىس	جوق	21
ءىس	ىلگەرى	19
ءىستەپ	جاتىر	9
ءىستەپ	جاتىرسىڭ	19
ءىستەپ	جاتىرمىن	15
اعايىن	بولىپ	14
اعايىن	دوس	22
اعايىن	بالا	16
كوتەرە	الماي	22
كوتەرە	المايمىن	6
كوتەرە	المايدى	17
كۇڭل	كۇي	17
كۇڭل	كۇيىم	13
كۇڭلدى	بولسىن	13
تۇرماي	جاتىر	8
تۇرماي	قويدى	15
الساڭىزدا	بولادى	16
الساڭىزدار	بولادى	7
الساڭىزدار	قابارلاسىڭىزدار	12
جاقشى	تۇراسىڭبى	8
ىلىپ	ال	20
ىلىپ	الىپ	18
ۇيلاپ	جاتىرمىن	14
ۇيلاپ	وتىرمىن	19
باردىق	قوي	19
اسقان	تاماق	14
اسقان	سوڭ	19
سولايما	جانىم	18
شققاندا	بەرەيىن	15
شققاندا	قابارلاسايىن	22
بىلگەن	جوق	22
بىلگەن	ادام	17
بىلگەن	سوڭ	19
بىلگەن	بولسام	17
بىلگەن	ويىڭ	20
ايتپايسىڭبا	جانىم	17
تولسىن	ماڭگى	20
تولسىن	قايرلى	22
ەكەۋىمىز	بىر	13
ەكەۋىمىز	عانا	20
ۇيناپ	جۇر	22
ۇيناپ	قايىت	19
جۇردىك	جانىم	23
جۇردىك	قوي	20
جۇرەكتە	بار	13
جۇرەكتەن	جاقسى	14
جۇرەكتەن	ايتىپ	15
جۇرەكتەن	سۇيەمىن	20
جۇرسەك	بولدى	14
ۇقسامايدى	عوي	10
ۇقسامايدى	ەكەن	10
سولعوي	جانىم	12
بالدىز	جان	16
ازداپ	اقىلداسۋعا	11
كۇمەك	قىلىپ	17
كۇمەك	قولدارىڭىزدى	17
كۇمەكتەسىپ	جاتىرمىن	11
كۇمەكتەسىپ	جىبەر	19
سايقال	نەمە	14
قايتەتىن	بولدى	18
قايتەتىن	بولدىڭ	16
قايتەتىن	بولدىق	6
قايتەتىن	بولدىڭىز	15
قايتەتىن	بولدىڭدار	19
ارلاسىپ	جۇرگەن	15
ارلاسىپ	تۇرايىق	16
باۋىرساق	پىسىرىپ	18
شىلاپ	كەلىڭدەر	9
شەكەر	پىراندىك	20
كۇرەمىز	عوي	22
كۇرەمىز	دەپ	7
تۇرامىز	عوي	22
التىنشى	ايدىڭ	10
التىنشى	ايدا	18
التىنشى	ايعا	12
التىنشى	اۋىلدان	19
تابىلماي	جاتىر	21
تابىلماي	تۇر	6
تابىلماي	قويدى	11
ۇشەۋ	بار	20
ۇشەۋى	بىر	18
ۇشەۋى	ءبىرگە	19
ورلەپ	تۇر	15
ورلەپ	كەتتى	15
ورلەپ	كەتىپتى	17
شىڭگىل	اۋدانى	18
شىڭگىلگە	بىر	10
شىڭگىلگە	بارىپ	13
شىڭگىلگە	ەكى	19
شىڭگىلگە	شىعاتىن	21
قوسپ	قوي	10
ەەبولدى	جانىم	19
ەەبولدى	جاقسى	18
ەەبولدى	وندا	19
وقاسىجوق	جانىم	16
وقاسىجوق	دوسىم	11
وقاسىجوق	اينالايىن	23
بيىك	بولسىن	18
بيىك	بوساعاسى	15
بيىك	قاباققا	17
قاسقا	سيىر	18
ۇرام	عوي	19
ۇرام	جانىم	19
ۇرام	دەپ	19
تاپشى	جانىم	16
تۇسەمىن	عوي	17
تۇسەمىن	جانىم	15
تۇسەمىن	دەپ	22
قىلدىڭ	عوي	18
قۇيايىن	دەپ	7
قۇيايىن	دەسەم	11
قۇيايىن	دەگەم	17
وتباسى	بار	21
وتباسىڭ	بار	13
وتباسىڭ	امان	20
وتباسىڭ	باقىتتى	2
مىنانداي	بولعاندا	17
قىشىپ	جاتىر	20
قىشىپ	تۇر	15
قىشىپ	كەتتى	12
قىشىپ	تۇرما	19
تولىعا	بىر	12
تولىعا	بارىپ	16
تولىعا	باراتىن	18
جگتتەر	بولسا	13
جگتتەر	بارما	19
قارامايدى	عوي	18
قارامايدى	ەكەن	12
مازالاپ	قويدىم	13
مازالاپ	جۇرگەن	8
مازالاپ	قويسام	22
مازالاپ	قويدىمبا	17
زاتتى	الىپ	14
زاتتى	تاپسىرىپ	19
بىردەي	عوي	22
بىردەي	ەكەن	20
تىگىپ	وتىرمىن	19
كۇنەستەن	قۇلجاعا	12
كۇنەستەن	بولامىن	11
كۇنەستەن	ناراتقا	14
كۇنەستەن	اققويعا	20
ءتاتتىم	سول	23
ءتاتتىم	مەنىڭ	10
ءتاتتىم	ءتاتتىم	9
قۇم	شاعىل	23
قۇمار	بولىپ	14
قۇمار	ويناپ	19
قۇمار	الباستى	19
قارادا	تۇر	19
قاراداي	شارشاپ	6
راسىمگە	تۇسىپ	18
راسىمگە	تارتىپ	12
بارسىن	دەپ	7
جاسقا	كەلدى	16
جاسقا	كەلگەن	21
جاسقا	دەيىن	16
جاسقا	كەلگەندە	22
جاسقا	كەلگەنشە	17
جاسقا	قارامايدى	18
جاسقا	تولعان	15
ويلاماي	جاقسى	17
ويلاماي	ۇيقتا	19
قاتىسى	جوق	21
قاتىسى	نە	4
قاتىسى	بار	18
قاتىسى	بارما	12
سويلەيدى	عوي	20
سويلەيدى	دەپ	14
سويلەيدى	ەكەن	13
سويلەيدى	ەكەنسىڭ	14
ستەن	تۇسىپ	18
ستەن	تۇسكەندە	9
ستەن	تۇستىڭبە	18
جۇرىم	عوي	14
جاتامىز	عوي	17
جاتامىز	جانىم	12
جاتامىز	دەپ	18
قىزمەتكە	شىعىپ	18
قىزمەتكە	شىقتىڭبا	11
قىزمەتكە	شىعامىن	22
اياعىڭ	قانداي	22
اياعىڭ	اۋىرىپ	11
اياعىڭدى	جىلى	20
اياعىڭدى	كوتەرىپ	15
جيەن	اعا	18
ەكەۇى	بىر	15
جەيمىن	عوي	19
جەيمىن	جانىم	14
جەيمىن	دەپ	22
جەيمىن	دەيدى	12
بەدە	بار	18
بەدە	تەرىپ	19
بەدە	شوشىرە	20
الۋعا	بولادى	19
الۋعا	بولاما	10
الۋعا	قولايسىز	17
ءوتىرىك	ايتىپ	18
جۇقا	كيىپ	13
جۇقا	كيىنىپ	19
قانباي	قالدى	22
قانباي	جۇر	16
قانباي	قالعان	18
قانباي	قالادى	19
قانباي	قالىپتى	15
استىندا	تۇر	17
وينايىق	دەپ	20
وينايىق	دەيدى	14
كەتپەيدى	عوي	22
كەتپەيدى	ەكەن	12
ۇيىم	جوق	14
ۇيىم	بار	16
التنىم	سول	14
التنىم	مەنىڭ	10
پار	جوق	11
پار	بار	19
پار	پۇل	22
الدىنان	شىعىپ	20
الدىنان	جارىلقاسىن	19
گەرەمەت	ەكەن	10
گەرەمەت	گۇشتى	16
بوساپ	وتىرمىن	9
بوساپ	قالدى	19
داۋسى	شىعىپ	20
داۋسى	باسىلىپ	17
داۋسىڭ	جوق	12
داۋسىڭ	شىقپاي	15
داۋسىڭ	قارلىقپاسىن	13
داۋسىڭ	ەستىلمەي	11
بەرىپتى	عوي	20
ايتۋ	كەرەك	11
توراپتاستار	مىنا	9
توراپتاستار	سالەمەتسىزدەرمە	15
ەلمەن	بىرگە	15
كوڭل	كۇي	14
كوڭل	كۇيىم	12
كوڭلدى	بولسىن	14
سورلى	بولدىم	8
بوسىن	جانىم	19
بىردى	الىپ	21
حوش	كەلدىڭ	14
حوش	كەلدىڭىز	9
حوش	جاقپاي	11
اسقار	تاۋ	17
اياقتى	جۋىپ	22
اياقتى	ايقاستىرىپ	19
جىبەرمەي	جاتىر	22
جىبەرمەي	تۇر	15
جىبەرمەي	وتىر	18
جىبەرمەي	قويدى	20
قالادا	جۇرمىن	13
قالادان	قايتاتىن	19
قالادان	اۋىلعا	11
بارالماي	جاتىرمىن	16
بارالماي	قالدىم	14
بارالماي	قالدىق	8
ىشكەم	جوق	16
قايتاراتىن	اقشا	3
قايتاراتىن	اقشام	16
الىپپىن	عوي	22
ماگەزىن	اشىپ	10
ماگەزىن	اشاتىن	13
تاستايمىن	عوي	18
تاستايمىن	دەپ	12
گۇڭشەگە	بىر	18
گۇڭشەگە	بارىپ	18
گۇڭشەگە	باراتىن	15
قوزىم	سول	14
قوزىم	مەنىڭ	14
جەيسىڭ	عوي	15
جەيسىڭ	جانىم	16
جەيسىڭ	تۇر	18
ورىنى	بار	17
ورىنى	قاي	18
ورىنى	قالدى	16
دۋيىڭ	كورىپ	19
دۋيىڭ	كۇرىپ	6
بالىق	جوق	13
جۇمسىڭ	جوق	19
جۇمسىڭ	نە	22
جۇمسىڭ	بار	21
جۇمسىڭ	بولسا	17
جۇمسىڭ	قالاي	17
جۇمسىڭ	بارما	18
اشادى	عوي	18
اشادى	ەكەن	13
جىبەردى	عوي	9
شركىن	اي	10
براز	تۇرىپ	8
توقتاتىپ	قويدىم	18
توقتاتىپ	قويىپ	18
توقتاتىپ	تاستادى	19
قابارىن	بەر	20
قابارىن	بەرىپ	14
قابارىن	بەرە	22
قابارىن	بەرەيىن	8
قابارىن	بەرەم	13
تۇنگى	ساعات	20
تۇنگى	ۇيقى	13
تۇنگى	بان	22
تۇنگى	بانگە	18
الايىنبا	دەپ	17
الايىنبا	دەگەم	10
جۇرسڭ	عوي	14
جۇرسڭبە	جانىم	13
جالپىڭىزعا	سالەم	19
جالپىڭىزعا	جاعالاي	15
جالپىڭىزعا	جالىندى	11
كۇنىن	وتكىزىپ	11
كۇنىن	ۇتكىزىپ	12
ءارقاشان	ادەمى	20
ءارقاشان	اماندىق	6
قولىمدى	جۋىپ	21
شەڭبەرگە	شىعارىپ	5
شەڭبەرگە	شعارىپ	6
قاپتاپ	كەتتى	21
قاپتاپ	كەتىپتى	13
ساتىلىپ	جاتىر	19
ساتىلىپ	كەتتى	18
ساتىلىپ	جاتقان	5
ساتىلىپ	كەتكەن	19
شىرەت	جوق	21
شىرەت	ەكەن	17
شىرەت	الىپ	22
شىرەت	توسىپ	19
تاپپاي	جاتىرمىن	15
تاپپاي	قالدىم	17
تاپپاي	قويدىم	16
كۇشەدەن	تاماق	20
ۇستاي	الماي	15
ۇستاي	المايمىن	7
اۋىرعان	جوق	19
اۋىرعان	ادام	14
اۋىرعان	سوڭ	19
مەيمان	بار	18
مەيمان	بولىپ	18
مەيمان	كەلىپ	22
مەيمان	قىلىپ	20
مەيمان	كۇتىپ	20
مەيمان	قىلايىن	18
كارتەيىپ	كەتتىم	17
كارتەيىپ	كەتەتىن	16
كارتەيىپ	كەتەسىڭ	19
ورتاسى	بولدى	14
تارقاتىپ	قويىڭىزدار	15
تارقاتىپ	قويساڭىزدار	11
قۇسايدى	عوي	15
قالپسىڭ	عوي	11
باۋشى	بولسا	4
باۋشى	قىلىپ	16
ايتتڭ	عوي	18
ايتتڭ	قابىل	12
دارەت	الىپ	14
دارەت	قاناعا	11
وتىرام	عوي	19
وتىرام	دەپ	12
وتىرامىز	عوي	19
وتىرامىز	دەپ	12
المادىق	دەپ	18
المادىق	قوي	20
اۋز	سوز	10
اۋزى	بەرىك	17
ۇقپايدى	عوي	15
ۇقپايدى	ەكەن	18
ۇقپايدى	ەكەنسىڭ	13
ۇقپايدى	ەكەم	17
بەتىڭ	قالىڭ	13
انشا	جاقسى	16
انشا	ەمەس	17
انشا	مۇنشا	16
سەنبەيمىن	عوي	12
سەنبەيمىن	ساعان	21
جانىڭدى	شىعارام	22
كەلسەك	جاقسى	17
كەلسەك	بولادى	16
جاعىندا	بىر	13
تەزدەن	الىپ	21
تەزدەن	قابارلاسىڭىزدار	19
تەزدەن	قامدانىڭىز	9
كىرەسىن	بەرەمىن	20
كىرەسىن	تولەپ	20
سەنشە	مەن	15
سەنشە	قالاي	15
سەنشە	قانداي	15
سەنشە	بولاما	19
پەندە	جوق	21
پەندە	باسڭا	15
جۋايىن	دەپ	4
جۋايىن	دەسەم	4
اۋرپ	تۇر	13
اۋرپ	كەتتى	16
تارتا	الماي	21
تارتادى	عوي	13
تارتادى	ەكەن	13
شارشادىڭبا	جانىم	11
شارشادىڭبا	بۇگىن	9
مايىن	قۇيىپ	20
مايىن	جاعىپ	20
ماركالى	اياق	19
كۇمىس	بىلەزىك	20
تاماقتا	ىشپەدىم	19
تاماقتان	كەيىن	18
تاماقتان	بۇرىن	8
جۇرەگىمدى	اۋىرتىپ	20
جۇرەگىمدى	جارالاپ	17
الماياق	قوي	21
الماياق	قويايىن	6
الماياق	قويايىق	10
ۇردىم	عوي	20
توپتاعى	ۇلكەن	14
توپتاعى	بارلىق	17
ۇيشڭعا	قوس	6
ۇيشڭعا	قوسىپ	17
ۇيشڭعا	قوسشى	13
ەستي	الماي	20
ەستي	المايمىن	10
ەستي	المادىم	17
قۇلاق	تىنىش	6
ستەگەن	جاقسى	16
جىبەرشى	جانىم	20
تۇنىق	ەمەس	19
تۇنىق	اۋا	19
ونىم	جوق	20
ونىم	مول	16
ونىمەن	بىرگە	14
ونىمەن	قويماي	15
امانداسىپ	قويايىن	18
رەنجىمەشى	جانىم	10
رەنجىمەشى	بولاما	9
تاسقا	شىعىپ	13
قۇتىرىپ	العان	15
بلەم	عوي	22
بلەم	جانىم	12
نەقاربالاس	بولىپ	14
بولعانداي	ەكەن	5
تاپتىڭ	عوي	4
سوزىپ	قويىڭىزدار	15
سوزىپ	قويساڭىزدار	12
بايقاماي	ايتىپ	14
بايقاماي	قالىپپىن	21
بارشى	جانىم	15
بارشى	ارى	19
شاشىن	الىپ	9
شاشىن	الدىرىپ	16
شاشىن	جاساتىپ	18
شاشىن	جۇلىپ	18
العانى	جاقسى	18
العانىڭ	جاقسى	10
كوڭىلسىز	بولىپ	6
كوڭىلسىز	بولما	8
كوڭىلسىز	بولساڭ	18
كوڭىلسىز	بولماشى	22
بۇزاۋ	ساتىلادى	21
وقي	الماي	22
وقيدى	عوي	11
وقيدى	ەكەن	16
ەسىكتى	اشىپ	11
ەسىكتى	جاۋىپ	12
ەسىكتى	ىلىپ	19
اتاما	شاي	11
سۇزىن	ايتىپ	21
سۇزىن	سۇيلەپ	21
سۇزىن	ەستىپ	13
اشقاناعا	بارىپ	22
الار	ەدىم	17
الار	ەدىڭ	9
الار	ەمەسپىن	20
كىمەن	بىرگە	16
كىمەن	سۇيلەسىپ	18
باسىڭا	نە	11
باسىڭا	ىس	19
باسىڭا	باقىت	20
باسىڭا	پالە	19
بولساڭدار	بولدى	18
وسىنىڭ	بارى	7
وسىنىڭ	بارىن	17
وسىنىڭ	الدىندا	16
تۇراتۇر	جانىم	12
تۇراتۇر	دەپ	20
سۇيتەسىڭ	عوي	21
سەمىرىپ	كەتتىم	7
سەمىرىپ	كەتەسىڭ	12
قىجالات	بولىپ	19
قىجالات	بوپ	5
بالامەن	بىرگە	16
كىيىپ	ال	18
كىيىپ	الىپ	18
تورتى	كۇنى	19
تورتىنشى	اي	10
تورتىنشى	ايدىڭ	18
تورتىنشى	ايدا	11
تولىقتاپ	اتىپ	18
تۇسىندىم	جانىم	19
ەكەنىڭدى	بىلەم	16
ەكەنىڭدى	بىلىپ	20
ەكەنىڭدى	بىلەمىن	18
اپتانىڭ	ۇشى	17
اپتانىڭ	بىرى	20
اپتانىڭ	بەسى	17
سيماي	كەتتى	20
سيماي	قالدى	19
بوپا	قانداي	15
شىقشى	جانىم	17
شىقشى	بولاما	13
ىشەسىڭ	عوي	17
ىشەسىڭ	جانىم	17
جەتىم	بالا	20
جەتىم	قوزى	16
قانباسىم	بولىپ	17
قانباسىم	ورلەپ	16
مازالامايىن	دەپ	15
بەركەن	جوق	17
سولاردى	الىپ	16
سولاردى	توسىپ	19
وتتى	عوي	19
وتتى	كەتتى	11
بولدىڭدار	عوي	18
تەلەفونىڭ	اشىق	8
تەلەفونىڭ	توقتاپ	20
تەلەفونىڭ	تارتپاي	17
قادىر	تۇن	19
قادىر	تۇنى	8
ەتىن	جەپ	14
ەتىن	اسىپ	16
اداممەن	بىرگە	19
سىزداپ	تۇر	18
سىزداپ	كەتتى	14
سىزداپ	اۋىرىپ	14
بارماسام	ۇيات	18
بارماسام	بولمايدى	19
جولدايمىن	عوي	15
جولدايمىن	دەپ	16
سۇيىكتىم	سول	10
سۇيىكتىم	مەنىڭ	19
اباي	بول	11
ابايلاپ	ىستە	16
ابايلاپ	جۇر	14
ابايلاپ	جۇرىڭدەر	5
ابايلاپ	جۇرىڭىز	19
جىبەردىم	عوي	20
بىرىمىزدى	جاقسى	13
بىرىمىزدى	بىرىمىز	17
تۇسەك	سالىپ	15
بايگە	بار	7
بايگە	بازارىندا	18
اپپاق	بولىپ	16
قالىپسىڭ	عوي	13
شوشقا	شوشقا	4
جولىن	بەرسىن	11
اپامدار	بار	15
قايتسە	ۇيتسىن	18
قايتسەم	بولادى	5
قايتسەم	بولار	6
قايتسەم	سەنەسىڭ	12
ەدىڭىز	عوي	19
سالماق	تاستاپ	7
قابارلاسپ	تۇر	19
قابارلاسپاي	اق	14
قابارلاسپاي	كەتتىڭ	17
قابارلاسپاي	قويدىڭ	12
سىرا	الىپ	15
سىرا	ىشىپ	19
جاترسڭ	عوي	13
جاترسڭ	جانىم	20
جىعىلىپ	قالدىم	16
جىعىلىپ	قالىپتى	20
ايتپايدى	عوي	18
ايتپايدى	ەكەن	13
ايتپايدى	ەكەنسىڭ	17
نىلقى	اۋدان	18
نىلقى	اۋداننان	12
نىلقى	اۋدانى	16
نىلقىعا	بىر	18
نىلقىعا	بارىپ	13
نىلقىعا	ەكى	17
جاسىل	ۇنىم	17
جاسىل	ءونىم	20
بايپاق	الىپ	17
تامان	بارىپ	18
ەكەمىزدە	بىر	19
تۇرمىس	دەگەن	20
شۇندى	تارقاتىپ	19
مناۇ	نە	16
قاسڭدا	ادام	20
قاسڭدا	كىم	18
قاسڭدا	بولسام	15
بەتىنە	قاراپ	18
تالاپ	قويىپ	12
ءولىپ	قالا	17
ءولىپ	قالسام	18
تۇيىپ	جاتىرمىن	21
توپتان	شىعىپ	19
توپتان	شىعارىپ	18
توپتان	شەگىنىپ	21
بۇعان	نە	17
جولداڭىز	مەن	14
اشقازان	جاقسى	19
اشقازان	قانداي	20
اشقازان	اۋىرىپ	13
اشقازان	دارى	16
جەگەن	جوق	18
قورعاسقا	بىر	21
قورعاسقا	بارىپ	16
قورعاسقا	باراتىن	17
سزدى	جاقسى	16
اپارادى	عوي	20
اپارادى	دەپ	14
اپارادى	ەكەن	19
ۇيشىن	نومىرىڭدى	9
ۇيشىن	قاۋىڭدى	17
توسايىن	جانىم	19
توسايىن	وندا	19
الاعوي	جانىم	19
دەسەڭىز	بولدى	9
ايىرماسىن	جانىم	13
ايدايتىن	ادام	16
جۇمىستار	مەن	13
جۇمىستار	بار	18
جۇمىستار	بولىپ	15
جۇمىستار	بولسا	18
جۇمىستار	قالاي	18
جۇمىستارى	بار	18
جۇمىستارىڭ	نە	12
جۇمىستارىڭ	قالاي	20
جۇمىستارىڭ	قانداي	9
جۇمىستارىڭ	ساتتى	18
جۇمىستارىڭ	بىتتىمە	21
موري	اۋدانى	14
موريعا	بىر	11
موريعا	بارىپ	13
موريعا	ەكى	18
موريعا	باراتىن	20
ايىتقانىڭ	كەلسىن	19
كۇلەسىڭ	عوي	2
كۇلەسىڭ	جانىم	8
قاندى	عوي	19
قاندى	ىشىپ	18
قاندىرىپ	ال	19
قاندىرىپ	الىپ	16
بىتەدى	عوي	14
بىتەدى	ەكەن	13
قايداعنى	ايتىپ	15
قايداعنى	ايتادى	17
قايداعنى	ايتپاشى	17
قايداعنى	ايتپاي	16
سالدىڭ	عوي	13
قورادا	جۇرمىن	6
تاڭەرتەڭگى	تاماق	17
تاڭەرتەڭگى	شايدى	19
جۇمساق	ەكەن	18
كوتىڭ	بىر	20
كوتىڭ	قىشىپ	17
كوتىڭدى	قىس	14
كوتىڭدى	قىسىپ	12
بىلايدەڭىز	جارايدى	10
تاكسي	مەن	17
تاكسي	توسىپ	20
تاكسي	قاجەت	19
بۇگنگى	كەلىپ	18
قازان	وشاق	8
الاتىندارىڭ	بارما	20
الاتىندارىڭىز	الىپ	7
الاتىندارىڭىز	بولسا	19
الاتىندارىڭىز	بارما	18
الاتىندارىڭىز	قابارلاسىڭىزدار	15
الاتىندارىڭىز	جەكەلىككە	5
قانى	از	18
قانى	تازا	18
قانى	جوعارى	19
قانى	ورلەپ	17
قانىم	از	17
قانىم	ورلەپ	20
قانىم	ۇرلەپ	17
قانىم	ازايىپ	17
قانىم	قايناپ	20
كەلەسىڭبا	جوق	14
قولايسز	بولىپ	19
قولايسز	بولسا	10
قولايسز	بوپ	17
بەرسەڭىزدەر	راحىمەت	17
بەرسەڭىزدەر	بولادى	12
جەڭگەڭ	بار	11
ەكىدە	بىر	19
تاتەڭ	قانداي	15
تۇسسە	بولدى	14
قاباعا	بىر	19
قاباعا	بارىپ	19
قاباعا	باراتىن	17
قاباعا	قايتاتىن	19
دارەتكە	بارىپ	18
دارەتكە	وتىرىپ	13
قۇرمەتتى	قوناعى	11
قۇرمەتتى	جاماعات	14
قۇمىلعا	بىر	19
قۇمىلعا	بارىپ	19
قۇمىلعا	باراتىن	16
مەرەكەڭىز	قابىل	13
مەرەكەڭىز	قۇتتى	14
مەرەكەڭىز	مەرەيلى	5
جەرىنە	بارىپ	7
ءبىزدىڭ	ۇيگە	19
جارتى	كۇن	18
جارتى	ساعات	15
اشتىم	عوي	17
جاساعالى	جاتىر	16
جاساعالى	جاتىرسىڭ	10
جاساعالى	جاتىرمىن	20
جاساعالى	جاتقان	10
تۇگەدى	عوي	18
تۇگەدى	دەپ	16
سۇندا	مەن	19
وبالدى	بولىپ	19
وبالدى	قىلىپ	14
وبالدى	قىلما	13
ايتاسىز	عوي	18
بۇداندا	جاقسى	18
بۇداندا	بيىكتەردەن	16
بۇداندا	بيكتەردەن	6
الاڭداماي	جاقسى	14
الاڭداماي	ۇيقتاي	19
الاڭداماي	جاتا	17
الپسىڭ	عوي	20
وتىرايىن	دەپ	3
وتىرايىن	دەسەم	14
تاتى	قىز	19
ستەيدى	عوي	18
ستەيدى	دەپ	17
ستەيدى	ەكەن	20
جاۋدى	عوي	10
دايندىق	كورىپ	12
دايندىق	كۇرىپ	10
دايندىق	كۇشتى	16
بۇلاي	بولادى	18
كىرگەن	جوق	20
كىرگەن	سوڭ	16
تەلەفونىمدى	اشىپ	16
ومىردە	بىر	13
كيىنىپ	ال	20
كيىنىپ	الىپ	13
كيىنىپ	جۇر	18
قوسايىن	دەپ	8
قوسايىن	دەسەم	13
ايتبايمىن	عوي	16
ايتبايمىن	جانىم	15
جۇرىڭدەر	دەپ	18
ماڭدايعا	بارىپ	19
كوبىرەك	ىش	1
تۇرىڭىزشى	ەرتەڭ	18
تۇرىڭىزشى	بولاما	17
نارسەگە	زاۋقىم	15
نەمىنە	دەيسىڭ	19
كەلمەياق	قوي	20
كەلمەياق	قويسىن	3
التامان	قابارلاسايىن	16
اشايىن	دەپ	14
اشايىن	بولاما	13
اشايىن	دەسەم	17
دويىڭ	كورىپ	13
دويىڭ	كۇرىپ	10
بالامنىڭ	تۋىلعان	7
ىشقىپ	بىر	17
ساباقتاسى	ەكەن	17
ساباقتاسىم	بار	13
كوڭىلىڭ	جوق	18
كوڭىلىڭ	جاقسى	20
ۇۇجانىم	سول	20
ۇۇجانىم	مەنىڭ	10
ۇۇجانىم	اينالايىن	7
قالدارىڭىز	قالاي	17
شداماي	جاتىرمىن	1
شداماي	كەتتىم	17
سۇيتتى	عوي	15
سۇيتتى	دەپ	8
ماقتاپ	جاتىر	19
ماقتاپ	وتىر	15
سۇيتسەم	بولادى	16
جوىق	بولىپ	16
سۇراساڭ	بولدى	17
سۇراساڭ	بولمايما	15
قىزىمەتى	تابىستى	16
قىزىمەتىڭ	تابىستى	9
قىزىمەتىڭ	تابستى	2
كورسىن	دەپ	12
سوعىم	باس	12
سوعىم	باسقا	8
سوعىم	باستا	11
سوعىم	شۇيگىن	20
جاۋاپتى	بولىپ	18
جاۋاپتى	بولادى	17
ۇيجاققا	كەل	19
ۇيجاققا	كەلىپ	15
ۇيجاققا	ايتتاپ	12
ۇيجاققا	كەلىڭدەر	9
ۇيجاققا	ايتاپ	18
قاتناس	جوق	13
قاتناس	بارما	17
قاتناس	پۇل	11
سەنىكىن	اڭساپ	13
بەرمەيسىڭ	عوي	14
شەلپەك	سالىپ	12
شەلپەك	پىسىرىپ	19
شەلپەك	پسىرىپ	16
ويلايسىڭ	عوي	19
جۇرەككە	بارىپ	12
جۇرەككە	قان	9
نارات	نارات	17
ناراتقا	بىر	9
ناراتقا	بارىپ	12
ناراتقا	ەكى	16
باسڭ	امان	17
باسڭا	باقىت	10
سۇيكتىم	سول	3
سۇيكتىم	مەنىڭ	16
تاڭبا	بار	12
تاڭبا	باسىپ	18
تاڭبا	باستىرىپ	11
اپامدى	الىپ	19
اپامدى	ەرتىپ	16
اسعىپ	كەتىپ	20
اسعىپ	تۇرمىن	15
انىڭ	كەرەمەت	17
انىڭ	كۇشتى	14
انىڭ	اۋەلەي	8
سويلەگىڭ	جوق	12
سويلەگىڭ	كەلمەي	20
سويلەگىڭ	كەلمەسە	7
كەتتم	عوي	6
كەتتم	جانىم	15
نەبوپ	كەتتى	18
نەبوپ	قالدى	9
ىشتەڭە	جوق	6
ىشتەڭە	بولعان	14
ىشتەڭە	ەتپەيدى	19
قارىق	بولىپ	11
قارىق	بوپ	10
قارىق	قىلىپ	19
قورقاسىڭ	عوي	15
قورقاسىڭ	جانىم	15
وترعان	جوق	18
يۋاندى	اتىپ	19
يۋاندى	اتا	16
ۇيعىر	قىز	19
جاتتىڭ	عوي	17
جاتتىڭبا	جانىم	10
تاۇعا	بارىپ	11
تاۇعا	شىعىپ	18
ستىق	ەكەن	15
ستىق	بولىپ	20
ستىق	سۋعا	17
مەرەكەسى	ەكەن	20
مەرەكەسى	قابىل	17
مەرەكەسى	قۇتتى	6
تەگىس	امان	13
تەگىس	امانشىلىق	16
تەگىس	امانشىلىقپا	20
تەگىس	امانبا	5
تەگىس	بۇيىرسىن	15
شىندە	سالىنادى	16
قىلسا	ول	17
قىلساڭ	بولدى	16
قىلساڭ	ول	16
پالاۋ	جەپ	17
پالاۋ	باسىپ	18
قايىرىپ	قويىپ	10
قايىرىپ	تاستاپ	17
قايتىق	جانىم	18
اتپاي	جاتىر	18
اتپاي	اق	18
ۇيرەنۋ	بار	19
تىرلىك	دەپ	16
تىرلىك	ۇشىن	17
كۇنەن	كەيىن	16
كۇنەن	بەرى	7
كۇنەن	سوڭ	10
كۇنەن	باستاپ	16
كۇنەن	كۇنگە	17
شداپ	تۇر	17
شداپ	جۇرمىن	16
كوبەيىپ	كەتتى	16
كوبەيىپ	كەتەدى	7
كۇنىنە	بىر	16
كۇنىنە	ەكى	15
كۇنىنە	دەيىن	16
ىستەدىم	عوي	16
ىستەدىم	دەپ	16
شونجى	اۋدانى	20
شونجىعا	بىر	12
شونجىعا	بارىپ	13
شونجىعا	ەكى	18
شونجىعا	باراتىن	19
پىراندىك	پىسىرىپ	12
پىراندىك	پسىرىپ	16
جۇرەكتى	پەندەمىن	17
شىقا	الماي	17
ارقانداي	ستەرىڭىز	13
اپارپ	بەرەيىن	19
ەشقايدا	بارمايمىن	20
ەشقايدا	بارمادىم	13
جويىپ	تاستا	16
جويىپ	تاستادىم	13
وتىرىس	كوڭىلدى	18
وتىرىس	كۇڭىلدى	4
وتىرىس	جايلى	16
ايتپاياق	قوي	17
ايتپاياق	قويشى	5
ايتپاياق	قويايىن	18
ايتپاياق	قويىڭىز	12
دوحدىرعا	بارىپ	19
دوحدىرعا	اپارىپ	16
ۇرلەپ	تۇر	20
ۇرلەپ	كەتتى	15
ازايىپ	كەتتى	18
ازايىپ	قالدى	11
ازايىپ	كەتكەن	17
ازايىپ	بارادى	17
ازايىپ	كەتىپتى	17
تۇىپ	جاتىر	15
تۇىپ	الدى	16
ورتاق	بولىپ	20
ورتاق	نومىر	19
بىرلىك	بولسىن	16
اگىنى	اتىپ	18
بازاردا	جۇرمىن	19
سالاسىڭ	عوي	18
ايۋىڭ	بار	11
ايۋىڭ	قايدا	19
ايۋىڭ	بارما	10
ازىرگى	ادامدار	15
ازىرگى	بەينەڭدى	18
بيلەپ	جۇر	19
سوزىم	جوق	19
سوزىم	بار	13
سۇنى	ايتام	17
دارسى	بار	16
دارسى	بارما	13
دارسىن	الىپ	15
دارسىن	ىشىپ	15
دارسىن	بەرىپ	16
دۇرەگە	بىر	16
دۇرەگە	باراتىن	16
دۇرەگە	كولىك	18
دۇرەگە	قايتاتىن	13
نەدەيمىن	جانىم	16
نەدەيمىن	ەندى	19
نەدەيمىن	ساعان	15
كىمدە	بار	20
كىمدەر	ەكەن	8
كىمدەر	بار	20
باستالدى	عوي	8
كەتپپىن	عوي	15
كۇرگەم	جوق	9
نومىرگە	تەلەفون	4
نومىرگە	قابارلاس	19
نومىرگە	قابارلاسىڭىز	13
نومىرگە	قابارلاسىڭىزدار	16
شىقسىن	دەپ	10
قاسمدا	ادام	16
قاسمدا	بولساڭ	18
اتاسى	مەن	15
اتاسى	قايتىس	19
ىستەسە	بولادى	16
ىستەسەڭ	بولدى	16
ىستەسەڭ	بولادى	16
اكەمە	قاراپ	17
سولارعا	تاماق	19
سولارعا	قاراپ	17
تاۋدان	كەلىپ	19
تاۋدان	تۇسىپ	17
پىسىق	بولىپ	19
تارتسا	بارامىن	16
تارتسا	بارامىز	18
قولمەن	ۇستاپ	14
قولمەن	لازاتتانۋ	20
ۇيقتاتىپ	جاتىرمىن	18
ۇيقتاتىپ	قويىپ	14
ۇيقتاتىپ	تاستاپ	16
ۇتكەندە	بىر	14
قاراڭعى	بولىپ	19
قاراڭعى	ۇيدە	17
باۇى	بەرىك	16
باۇىر	باسىپ	1
تەكەستەن	بولام	11
تەكەستەن	قۇلجاعا	17
تەكەستەن	قاپسالاڭعا	13
كۇيەۋىڭ	بار	19
كۇيەۋىڭ	قايدا	19
كۇيەۋىڭ	بارما	16
دەمالدىڭبا	جانىم	19
ويناتىپ	جۇر	15
ويناتىپ	كەلەيىن	20
ۇيشىڭى	جوق	16
ۇيشىڭى	بار	11
ۇيشىڭى	بولسا	9
ۇيشىڭى	بارما	17
ۇيشىڭىن	جولداپ	14
ۇيشىڭىن	اتىپ	18
ۇيشىڭىن	قوسىپ	9
ۇيشىڭىن	اتشى	18
باقتى	بول	16
باقتى	بولسىن	11
باقتى	بولڭدار	16
راحات	ەكەن	18
راحات	قوي	14
جۇردىڭ	عوي	16
جاتپ	قالدڭبا	10
شاپتاپ	جاتىرمىن	17
بەرەر	ەكەن	16
بەرەر	ەدىم	20
جەدى	عوي	7
جەدىم	عوي	12
جەدىم	جانىم	18
قارنى	اشىپ	19
قارنىم	اشىپ	6
قارنىم	اشتى	3
جاتقىزىپ	قويىپ	14
ماگەزىنگە	بارىپ	15
وتىراسىڭ	عوي	11
كومىر	سالىپ	12
باركولگە	بىر	17
باركولگە	بارىپ	13
باركولگە	ەكى	19
باركولگە	باراتىن	19
باركولگە	قايتاتىن	13
سۋدى	كوپ	19
بىلمەيتىن	ادام	16
بىلمەيتىن	شىعار	15
ەلەمەي	قوي	17
ەلەمەي	قويدىڭ	14
ەلەمەي	قويساڭ	16
ىستەيمىز	عوي	15
ىستەيمىز	دەپ	15
كەلدىڭبا	جانىم	16
كۇزىڭ	تۇسىپ	19
وسدان	كەيىن	16
وسدان	باسقا	13
وسدان	بىلاي	19
اپپاي	امانسىزبا	12
كەلمەگەن	سوڭ	15
كەلمەگەن	شىعار	11
قالماعان	ەكەن	16
قالماعان	سوڭ	15
قالماعان	شىعار	20
قالماعان	سياقتى	12
قالماعان	شىعارسىڭ	19
نارسەلەر	بار	12
نارسەلەردى	الىپ	14
قولىن	جۋىپ	15
ناعىپ	جاتىرسىڭ	18
جاتساق	قانداي	8
گۇنى	قۇتتى	19
ايتپتى	عوي	19
كۇرپە	جاستىق	12
كۇرپە	جامىلىپ	17
كەتتىما	دەپ	20
اۋدارىپ	بەرشى	17
جاقسىڭدار	قىزدار	18
وزگەرىپ	كەتتى	11
وزگەرىپ	كەتىپتى	15
وزگەرىپ	كەتىپسىڭ	16
بوتاقانىم	سول	20
بوتاقانىم	مەنىڭ	12
باراين	دەپ	8
باراينبا	جانىم	10
باراينبا	دەپ	15
الدان	بەرى	15
الدانىپ	قالدىم	7
الدانىپ	قالدىڭ	17
الدانىپ	قالما	17
شاقاي	الىپ	19
الدمەن	سەن	12
وتىرساق	جاقسى	19
وتىرساق	بولدى	16
وتىرساق	بولادى	19
وتىرساق	بولاما	16
وتىرساق	بولار	17
تۇسنەم	عوي	19
تۇسنەم	جانىم	10
بارماساڭ	قوي	12
بارماساڭ	بولمايدى	19
تاڭعا	جاقىن	16
تاڭعا	جۋىق	8
كوڭىلىڭە	راحىمەت	11
كوڭىلىڭە	الما	12
ماشيناڭ	بار	16
ماشيناڭ	قايدا	17
ماشيناڭ	قۇتتى	17
كەتىمە	دەپ	9
ايتىڭدا	قابىل	15
ايتىڭدا	بىرگە	2
ايلىعى	قانشا	10
ايلىعى	جوعارى	16
اكەلگەن	جوق	16
قۇلنىم	سول	19
قۇلنىم	مەنىڭ	7
ايتپاساڭ	مەن	16
ايتپاساڭ	بولدى	17
ايتپاساڭ	قوي	15
زار	بولىپ	17
زار	بوپ	10
زار	بولاسىڭ	18
قولىڭنان	كەلەدى	16
قولىڭنان	كەلسە	18
قولىڭنان	ۇستاپ	16
ۇيقتادىڭ	عوي	18
ۇيقتادىڭبا	جانىم	10
جولدادى	عوي	12
جولدادى	دەپ	12
جولدادىم	عوي	14
تاستاپسىڭ	عوي	7
ەكەنسڭ	عوي	3
شۇنى	ەكەن	11
شۇنى	بار	19
شۇنى	بولسا	14
شۇنى	بارما	10
تيگەن	جوق	17
تيگەن	ەكەن	14
تيگەن	سوڭ	17
اكەلدى	عوي	18
اكەلدى	دەپ	15
دۇزىك	جوق	17
بەرمەدىڭ	عوي	18
بەرمەدىڭ	دەپ	6
قوراپ	باعاسى	15
ۇلكەيىپ	كەتتى	19
ۇلكەيىپ	قالدى	14
ۇلكەيىپ	كەتكەن	12
ۇلكەيىپ	كەتىپتى	19
كەتبە	جانىم	16
كەتبەسىن	دەپ	16
ورنالاستىرىپ	بەرەيىن	17
ورنالاستىرىپ	قويىپ	16
شىت	بولىپ	19
شىت	جاڭا	11
شىت	جاڭە	11
قازىرشە	جوق	19
مەيىر	جوق	18
قايناپ	جاتىر	19
قايناپ	تۇر	17
قايناپ	وتىر	18
ىشىڭ	كۇيىپ	18
جەتتىم	عوي	17
جەتتىم	جانىم	17
جەتتىم	ۇيگە	18
شەگى	بار	18
شەگى	بولادى	6
شەگىپ	وتىرمىن	10
دارىسى	بار	16
دارىسى	بارما	12
دارىسىن	الىپ	16
دارىسىن	ىشىپ	15
دارىسىن	بەرىپ	14
بەرەيىنبە	جانىم	17
بەرەيىنبە	دەپ	17
تانىسقانىما	قۋانىشتامىن	19
وسلاي	بولىپ	1
كۇيەۋىم	بار	18
ۇتىرمىن	جانىم	13
اشپ	كەتتى	19
ءاربىر	ىستەرىڭىزگە	18
بولعانىن	بىلمەي	5
بولعانىن	بىلمەيمىن	17
شعاسىڭ	عوي	16
جىلتىپ	جەپ	16
ۇناتىپ	قالدىم	19
ۇناتىپ	قالعان	9
مۇنداي	ەمەس	19
مۇنداي	بولعاندا	18
مۇلدىر	تىلەكتەر	14
ۇشنشى	ايت	4
ۇشنشى	ايتتا	17
ماماڭ	قانداي	19
رەڭى	جاقسى	15
رەڭى	بار	17
رەڭى	بارما	17
زاڭ	بار	16
زاڭ	الدىندا	19
زاڭ	بويىنشا	18
زاڭ	ارقىلى	17
سۇيتكەن	عوي	15
سۇيتكەن	ۇقسايدى	15
ساتادى	ەكەن	13
ءايەل	ادام	6
بەردىك	قوي	10
بولاسىڭبا	جانىم	14
سيىپ	كەلىپ	17
دويىن	كورىپ	11
دويىن	كۇرىپ	7
جارناما	ساۋدا	12
ءانە	كۇنى	19
ءانە	مىنە	7
ءانە	كۇنگى	19
جىلدىڭ	الدىندا	15
جىلدىڭ	الدىنداعى	6
رەتتەپ	جاتىرمىن	12
تاپساڭ	بولدى	15
قويماسىن	دەپ	13
بەيسەنبى	كۇنى	17
بەيسەنبى	جۇما	7
كۇلكى	جوق	18
كۇلكى	بولىپ	19
كۇلكى	كەتپەسىن	18
سالسام	بولدى	18
سالسام	بولادى	16
سالسام	بولاما	16
دەمالام	عوي	18
دەمالام	دەپ	15
قاجەتتى	جوق	15
جولدى	بولسىن	5
جولدىڭ	وڭ	11
جولدىڭ	شەتىنە	16
جولدىڭ	شەتىندە	19
سۇيتەتىن	بولدى	15
سۇيتەتىن	شىعار	15
سۇيتەتىن	بولدىم	14
سۇيتەتىن	بولدىڭ	17
جۇرگەلى	جاتىر	18
جۇرگەلى	جاتىرمىن	19
جۇرگەلى	تۇرمىن	15
جۇرگەلى	تۇرعان	11
جۇرگەلى	تۇرمىز	16
تالدان	جوعارى	16
تالدان	سالىنادى	13
تالدان	سالنادى	17
جىگىتىم	بار	18
مالدا	جۇرمىن	10
بىزبەن	بىرگە	16
تەلەفونىڭدى	اشىپ	7
جۇلدەلى	بول	15
جۇلدەلى	بولسىن	15
جۇلدەلى	بولىپ	5
جۇلدەلى	بولا	17
سۇيلەگەن	جوق	14
ەكەمىن	عوي	13
تىك	تۇرىپ	14
سىزبەن	بىرگە	13
سىزبەن	تانسۋعا	14
سۇرتىپ	جاتىرمىن	18
سۇرتىپ	تازالاپ	18
ونشا	جاقسى	18
ونشا	ەمەس	16
مۇقىم	كەرەك	13
بولعاننان	كەيىن	19
شىعىپتى	عوي	2
ۋادە	بەر	10
ۋادە	بەرىپ	18
ۋادە	بەرەيىن	14
ۋادە	بەرەم	16
اپتى	عوي	17
داۋسىن	باسىپ	12
دەمالىڭىز	وندا	5
ۇقپادىم	عوي	16
تالەي	جوق	10
تالەي	سىناپ	10
تالەي	سىناۋ	14
كەلمەدىڭ	عوي	18
كەلمەدىڭ	دەپ	5
ساۋانعا	بارىپ	17
ساۋانعا	باراتىن	18
ساۋانعا	قۇلدايتىن	12
بىزگەدە	جۇعىستى	12
ەتتىم	عوي	14
كيلو	سۇت	15
كيلو	مەتىر	13
وعالايكۇم	اسسالام	16
پايزى	عوي	1
پايزى	ەكەن	17
پايزى	بولىپ	10
ەكەۋىنىڭ	قايسى	19
ەكەۋىنىڭ	باعاسى	19
ادامىن	عوي	18
قايتەيىن	جانىم	10
قايتەيىن	دەپ	17
حابارلاسىپ	تۇر	9
مازاق	قىلىپ	14
مازاق	قىلماشى	9
نەسىنە	راحىمەت	16
نەسىنە	اۋرە	17
قىزىعىپ	كەتتىم	17
قىزىعىپ	قالدىم	17
قىزىعىپ	تۇرمىن	17
كوكتوعاي	اۋدانى	17
كوكتوعاي	اۋدانىنان	12
ورنىن	جولداپ	12
ورنىنا	كەلمەيدى	17
تۇرىن	اي	18
تۇرىن	قارا	14
كىتاپ	وقىپ	17
تاۋپ	بەر	17
تاۋپ	بەرشى	19
ۇيشىنعا	قوس	19
ۇيشىنعا	قوسىپ	17
جاقداي	جوق	12
جاقداي	جاقسى	14
جاقداي	قالاي	16
جاقداي	قانداي	15
قاماپ	قويىپ	16
قاماپ	تاستاپ	19
اعاڭا	ايتىپ	18
سۇزىم	جوق	17
سۇزىم	بار	13
گۋانجي	عوي	17
گۋانجي	ەكەن	16
گۋانجي	بولىپ	15
گۋانجي	قىلىپ	11
ەسىڭ	شىعىپ	10
ەسىڭ	دۇرسپا	14
ەسىڭە	الىپ	14
ەسىڭە	تۇسىپ	16
ەسىڭە	تۇسكەندە	11
قويساق	بولدى	19
قويساق	بولادى	15
قويساق	بولاما	11
قويساق	قايتەدى	18
جاۇىپ	جاتىر	17
جاۇىپ	تۇر	15
قايجەرگە	كەلدىڭ	12
قايجەرگە	باردىڭ	9
كىشكەنتاي	بالاسى	18
قالمايدى	عوي	18
قالمايدى	ەكەن	11
سۇيلەيدى	عوي	12
سۇيلەيدى	دەپ	14
سۇيلەيدى	ەكەن	13
سۇيلەيدى	ەكەنسىڭ	13
ونىمدى	بولسىن	18
ونىمدى	دەنساۋلىعىڭ	4
سەنىمدى	ادام	11
ۇتتى	عوي	13
ۇتتى	كەتتى	11
قۇلداپ	كەتتىم	16
قۇلداپ	كەلە	17
سورپا	ىشىپ	16
سورپا	قايناتىپ	13
سۇيەك	سۇيەگىم	13
نومىرىم	وسى	19
ۇيقتاعان	جوق	18
ۇيقتاعان	جاقسى	9
ۇيقتاعان	سوڭ	19
قىزىمدى	الىپ	16
ويدا	جوق	16
ويدا	بولما	11
سۋىن	اعىزىپ	18
سۇيلەگىڭ	كەلمەي	17
سۇيلەگىڭ	كەلمەسە	7
قورقادى	عوي	6
قورقادى	ەكەن	16
قورقادى	ەكەنسىڭ	13
قورقادى	ەكەم	12
قالماپتى	عوي	14
ساياحات	كوڭىلدى	12
تيدى	عوي	9
تيدى	دەپ	11
ايتاما	دەپ	19
ايتاما	دەسەم	9
بەريىن	دەپ	16
بىرىنە	بىرى	13
اياعىمدى	جۋىپ	15
اياعىمدى	سۋعا	17
اياعىمدى	مالىپ	13
شىقان	جوق	19
شىقان	سوڭ	13
قوساقتارىڭمەن	قوسا	13
سوعىسىپ	قالدىم	1
امانسڭدارما	قىزدار	18
بۇيىرسىن	ءار	16
جانىپ	تۇر	11
جانىپ	تۇرعان	10
ساتام	دەپ	17
ساتام	دەيدى	11
راسىمى	جوق	15
راسىمى	بولسا	12
راسىمى	بارما	15
راسىمىڭدى	جولداپ	9
راسىمىڭدى	جولداشى	13
كوكەم	سول	5
كەتپسىڭ	عوي	16
ۇنىڭ	شىقپاي	4
ۇنىڭ	ۇستىنە	15
ۇنىڭ	ۇشىپ	16
قولىمنان	نە	14
قولىمنان	كەلمەيدى	19
قولىمنان	كەلسە	13
قولىمنان	كەلگەنشە	15
اكەڭنىڭ	باسى	16
اكەڭنىڭ	باسىنا	8
العامىن	جوق	14
سويلەمەسەڭ	بولدى	16
سويلەمەسەڭ	قوي	18
سويلەمەسەڭ	قويشى	15
ناتيجەسى	جاقسى	16
ناتيجەسى	قانداي	14
بياۋشيىڭ	جولداپ	17
ۇيىقتايىق	جانىم	13
ۇيىقتايىق	دەپ	11
ۇيىقتايىق	وندا	16
اپاڭا	ايتىپ	15
وزڭ	نەعىپ	18
بەرەسالعان	جانىم	17
بەرەسالعان	التىنىم	8
موتانى	الىپ	10
ايتبايسىڭ	عوي	19
ايتبايسىڭبا	جانىم	13
بارمايسىڭ	عوي	18
بارمايسىڭ	دەپ	17
ماشىق	جاساپ	17
ماشىق	قىلىپ	15
كوڭىلىن	سۇراپ	15
كوڭىلىن	اۋلاپ	9
جاقسسڭ	جانىم	19
رەنجمە	جانىم	15
باعام	عوي	17
باعام	دەپ	17
جىبەردىڭ	عوي	11
تاستادىڭ	عوي	3
سۇعا	تۇسىپ	7
جاعدايىم	جوق	10
جاعدايىم	جاقسى	15
جاعدايىم	كەلمەي	13
جاعدايىم	كەلمەيدى	11
تۇرمايدى	عوي	16
تۇرمايدى	ەكەن	13
تۇرمايدى	ەكەنسىڭ	14
ەەيا	جانىم	18
ەەيا	ماقۇل	18
وبىلايدە	جانىم	11
وبىلايدە	جارايدى	11
قۇرساعىڭ	اشىپ	17
قۇرساعىڭ	اشتى	8
قۇرساعىڭ	اشقان	18
قۇرساعىڭ	اشادى	16
قۇرساعىڭ	اشسا	16
قۇرساعىڭ	اشتىما	19
سەنەمىن	عوي	15
سەنەمىن	جانىم	13
بولقان	جوق	11
بولقان	ەكەن	18
بولقان	سوڭ	13
شىققام	جوق	8
قاسيەتتى	ءبىر	7
قاسيەتتى	ورازا	16
قاسيەتتى	ايدا	16
قوزىپ	جاتىرمىن	15
قوزىپ	كەتتى	19
جىگتتەر	بولسا	16
جىگتتەر	بارما	18
كەتتڭ	عوي	16
تانيسىڭ	عوي	6
ۇيتپە	جانىم	10
شىقپادى	عوي	11
قىردا	جۇرمىن	12
بوماي	تۇر	17
بومايدى	عوي	12
بومايدى	ەكەن	17
سۇيلەمەسەڭ	مەن	11
سۇيلەمەسەڭ	بولدى	19
سۇيلەمەسەڭ	قوي	17
سۇيلەمەسەڭ	قويشى	17
وينايمىن	عوي	16
وينايمىن	جانىم	14
وينايمىن	دەپ	16
وينايمىن	دەيدى	12
كۇيىڭ	جوق	19
كۇيىڭ	جاقسى	13
كۇيىڭ	قالاي	9
كۇيىڭ	قانداي	15
كۇيىڭ	كەلسە	19
ارۋ	قىز	19
ارۋ	قىزدار	14
ەسىكتىڭ	الدى	13
ەسىكتىڭ	الدىن	17
ەسىكتىڭ	الدىندا	12
ەسىكتىڭ	الدىنا	10
ىشەمىن	عوي	8
ىشەمىن	جانىم	13
ىشەمىن	دەپ	17
ىشپەدىم	جانىم	14
ۇرسادى	عوي	17
ۇرسادى	دەپ	15
ۇرسادى	ەكەن	17
قالمايىن	دەپ	18
ويلايتىن	بولىپ	11
ويلايتىن	ادام	17
ويلايتىن	شىعار	18
ويلايتىن	بولدىم	16
ويلايتىن	شىعارسىڭ	18
ناسىپ	بولسىن	18
ناسىپ	قىلسىن	15
ناسىپ	ەتسىن	9
دەگەنسوڭ	ايتقانىم	8
ءاكەپ	بەر	19
تاجال	سول	18
ويات	بولدى	19
وياتىپ	جىبەر	10
وياتىپ	جىبەردى	17
وياتىپ	جىبەردىڭ	15
ساۋعا	الىپ	19
تەلەفونىن	الىپ	19
المايىن	دەپ	14
مالشى	قاۋىم	13
شۇقىلاپ	جاتىرمىن	15
شۇقىلاپ	وتىرمىن	12
تۇقىم	قۋالاۋ	14
قاباردار	بولدىق	18
قاباردار	بولىڭىزدار	8
جاعدايعا	قاراپ	8
جاعدايعا	قاراي	6
اشىلماي	جاتىر	7
اشىلماي	تۇر	17
اشىلماي	قالدى	12
اشىلماي	قويدى	14
وزىڭەدە	راحىمەت	13
وزىڭەدە	كوپ	7
وزىڭەدە	جۇعىستى	19
سياقتىمىن	عوي	16
مەز	بولىپ	16
مەز	بوپ	7
مەز	بولدىم	18
سانجى	سانجى	9
سانجى	وبىلىسى	12
قاراساڭ	بولدى	13
بەسكە	بىر	15
بەسكە	دەيىن	17
ويبۋ	جانىم	16
جانعا	جايلى	15
تەرەزە	سۇرتىپ	14
ىزدەي	بەر	15
ىزدەيمىن	عوي	11
ىزدەيمىن	دەپ	12
شاۋگىم	شاي	18
كوزىن	اشىپ	7
كوزىن	جۋىپ	18
قايتڭبا	جانىم	17
بارىپتى	عوي	15
بەرۋ	كەرەك	10
اتىڭدى	ايتىپ	10
اتىڭدى	جازىپ	19
كەتسەك	جاقسى	18
كەتسەك	بولدى	16
سوقتى	عوي	16
قالدڭ	عوي	14
قالدڭبا	جانىم	10
بوسانىپ	الدى	17
بوسانىپ	الدىم	12
دەمەيسىڭ	عوي	19
باسنا	بارىپ	8
ۇرشى	جانىم	13
ۇرشى	ماعان	17
ۇرشى	بولاما	19
تنىش	وتىر	19
وتەدى	عوي	15
وتەدى	ەكەن	14
جاۋلىق	الىپ	12
تىلەگى	دۇرىس	17
جەتسە	بولدى	1
جەتسە	الماي	11
بەتىمدى	جۋىپ	8
بارلىقتارىڭىزدىڭ	كەلىپ	8
بارلىقتارىڭىزدىڭ	اق	17
بارلىقتارىڭىزدىڭ	ورازا	16
بارلىقتارىڭىزدىڭ	ايتتارىڭىز	15
بارلىقتارىڭىزدىڭ	تىلەگەن	16
جەيىك	دەپ	17
حاربالاس	بولىپ	10
بىرگەبولسىن	راحىمەت	5
قوسۋ	بار	18
شقباي	جاتىر	15
شقباي	تۇر	14
شقباي	قالدى	15
شقباي	قويدى	18
سويلەيمىن	عوي	18
سويلەيمىن	جانىم	14
سويلەيمىن	دەپ	19
تۇسىنەمىن	عوي	11
تۇسىنەمىن	جانىم	9
تاڭنان	سالەم	13
تاڭنان	امان	8
تاڭنان	اق	15
دەگەمىن	عوي	14
ايتپاعان	سوڭ	17
ايتپاعان	بولايىن	19
ايتپاعان	شىعارمىن	11
ۇنىم	جوق	18
ۇنىم	مول	16
اۇىز	سوز	13
اۇىز	سۇزىڭ	18
ايجان	حانىم	15
سالعام	جوق	18
ەكەۇمىز	بىر	14
كورىنە	بەر	18
كورىنە	بەرسىن	6
اداىم	جوق	6
دوحتىرحانادا	جاتىرمىن	19
سيلى	قوناعى	18
سيلىق	بار	6
سيلىق	تەگىن	19
تۇرىڭدار	دەپ	16
قوساتىن	ادام	18
قوساتىن	شىعار	19
ءوزىڭىز	نەعىپ	19
ءوزىڭىز	قالايسىز	16
ۋاقىتىم	جوق	15
ۋاقىتىم	بار	7
تالاسىپ	جاتىر	17
نەىستەپ	جاتىرسىڭ	15
نەىستەپ	جاتىرسىز	4
كيەتىن	كيىم	16
ساتلادى	باعاسى	17
ساتلادى	ورنى	12
وزىڭنەن	باسقا	17
وزىڭنەن	وزىڭ	16
وزىڭنەن	كور	12
بەرمەيتىن	بولدى	16
بەرمەيتىن	شىعار	16
اناشىم	تۋىلعان	15
قۇرداس	ەكەنبىز	18
جىيرما	يۋان	14
جىيرما	سوم	15
جىيرما	مىڭ	14
قاۋىپتى	عوي	17
قاۋىپتى	ەكەن	10
قاۋىپتى	بولىپ	15
مالى	بار	16
مالىپ	وتىرمىن	13
تولدان	قارامايعا	10
تولدان	قىزىلتۋعا	17
تولدان	جارباسقا	17
سەكسەن	سوم	14
سەكسەن	مىڭ	15
تىرىس	بولىپ	16
تىرىس	قوي	5
باسقانىڭ	بارى	14
باسقانىڭ	بارىن	12
باسقانىڭ	قاجەتى	18
باسقانىڭ	كەرەگى	15
شاشىم	تۇسىپ	10
شاشىم	اعارىپ	15
شاشىمدى	جۇلىپ	16
شاشىمدى	بوياتىپ	18
وقشاش	ەكەن	17
وقشاش	قوي	16
اشقازانى	اۋىرىپ	14
اشقازانىم	اۋىرىپ	11
كەتگەن	سوڭ	6
ىيت	بولىپ	17
وقۋىڭ	تابىستى	17
وقۋىڭ	تابستى	2
دەسەڭدە	بولادى	11
كانى	الىپ	15
جەتەتىن	شىعار	18
دامى	جاقسى	10
دامى	قانداي	16
دامى	تىل	16
لاي	لاي	14
لايىقتى	بولسا	16
لايىقتى	باعادا	19
باسم	اۋىرىپ	16
باسم	اۋرپ	10
باسمدى	جۋىپ	12
باسمدى	اۋىرتپاشى	16
ەتەيىن	دەپ	12
ۇيقتامادىم	جانىم	12
ءتىپتى	جاقسى	16
مەزى	بولىپ	15
مەزى	بوپ	8
مەزى	بولدىم	16
بويداق	قوي	9
سوزىمدى	ەستىپ	18
قالپىن	عوي	15
ىدس	جۋىپ	15
ىدس	اياق	14
ۇعىسىپ	كورەيىن	7
ۇعىسىپ	كورشى	15
كەتىڭدەر	عوي	15
كەتىڭدەر	دەپ	14
ۇزدەرىڭىز	نەعىپ	14
ۇزدەرىڭىز	قالاي	15
ۇزدەرىڭىز	امان	9
بولدىڭعوي	جانىم	11
قويدىرىپ	ال	14
قويدىرىپ	جاتىرمىن	18
جاقسىسىز	جەجە	16
شىعارادى	عوي	18
شىعارادى	ەكەن	15
رەنجىمەڭىز	ۇيات	10
شعامىز	عوي	18
شعامىز	دەپ	15
سالەىم	قابىل	18
سالەىم	قايىرلى	18
كەلمەيمە	ەكەن	16
ۇيرەتىپ	جاتىر	15
اجىراسام	دەپ	16
سۇنىمەن	نەعىپ	7
جۇمسىم	جوق	8
جۇمسىم	بار	15
جۇمسىم	شعىپ	9
وقۋعا	بارادى	16
ەرلەر	دەنساۋلعىن	16
كۇجە	ىشىپ	18
كۇجە	ىستەپ	17
كۇجە	جاساپ	18
قوسام	دەپ	17
مالىن	باعىپ	15
قاراعىم	كەلمەي	15
قاراعىم	كەلمەيدى	18
مايعا	نان	15
مايعا	بەرىلەدى	13
تاپسىرما	جازىپ	17
تاپسىرما	ورىنداپ	12
تاپسىرما	ورىنداتىپ	15
الدامشى	ەكەن	17
بولعىم	جوق	17
بولعىم	بار	18
بولعىم	كەلىپ	18
بولعىم	كەلەدى	11
بولعىم	كەلمەيدى	8
تاياعان	سايىن	9
تاياعاندا	ايتا	5
تانيمىن	عوي	18
تانيمىن	دەپ	11
تانيدى	عوي	18
تانيدى	ەكەن	14
تانيدى	ەكەنسىڭ	8
جالىنايىن	جانىم	16
جالىنايىن	جالىنايىن	14
مالدان	كەلىپ	11
مالدان	شىعا	18
مالدان	جاڭە	17
تۇستار	امان	15
ەتبەيدى	جانىم	16
سۇراعام	جوق	16
جاقسسڭبا	جانىم	8
كىنا	جوق	15
كىناشقا	جوق	9
كىناشقا	الىپ	15
توككە	اقشا	14
توككە	پۇل	11
توككە	سۇعىپ	16
سالىڭدار	دەپ	17
اتسا	اتىپ	18
اتساڭ	بولدى	14
جەجەمە	ايتىپ	8
باستالىپ	كەتتى	18
باستالىپ	كەتتىمە	7
كوتىن	اشىپ	16
كوتىن	قىسىپ	18
كەزگە	الماي	19
كەزگە	دەيىن	12
كەزگە	المايمىن	14
كەزگەيىك	دەپ	17
كەزگەيىك	بولاما	17
بەرمەشى	جانىم	11
بەرمەشى	بولاما	17
ريزا	بولىپ	14
شەشەمدى	الىپ	17
پسىق	بولىپ	18
داينداپ	قوي	17
داينداپ	قويدىم	13
القا	مونشاق	16
القان	سوڭ	10
تاۋا	الماي	18
تاۋا	المادىم	5
انشى	ەكەن	16
جاقسسىڭبا	جانىم	14
جۇعىستى	بولسىن	16
ماقول	جانىم	1
سوقسام	بولاما	12
سوقسام	الماي	15
سوقسام	المايدى	16
سوقسام	المادىڭ	18
نەعىلعان	ادام	18
دايىندالىپ	تۇر	19
دايىندالىپ	جاتىرمىن	18
ەشكىمدى	جاقسى	14
كىرەدى	عوي	17
كىرەدى	دەپ	14
كىرەدى	ەكەن	18
قىلسام	بولادى	13
قىلسام	بولاما	17
العانسىڭ	عوي	13
قولىڭدى	جۋىپ	15
نانشۋ	بولىپ	14
نانشۋ	بوپ	6
باۋشيان	شىڭيانى	15
اپايىم	بار	16
جىپ	جىلى	17
اشام	عوي	12
اشام	دەپ	16
وتىرسىڭدار	عوي	15
كەرگىپ	قالدىڭ	13
كەرگىپ	تۇرسىڭ	15
تۇسىنەدى	عوي	15
تۇسىنەدى	دەپ	10
قولىنا	قاراپ	12
تاستايدى	عوي	17
تاستايدى	ەكەن	14
اينەك	تاعىپ	11
شن	ايتام	18
شنى	شاي	14
شنى	كەرەك	13
شنى	جۋىپ	19
ۇترىك	ايتىپ	16
قۋىرىپ	جاتىرمىن	14
ەشتەڭكە	جوق	16
ەشتەڭكە	ەتپەيدى	14
قولىڭا	قۋات	11
قولىڭا	دەرت	12
تاۋسىلىپ	كەتتى	14
تاۋسىلىپ	قالدى	12
تاۋسىلىپ	قالىپتى	12
قارلىقپاسىن	كەرەمەت	15
قارلىقپاسىن	شاشاڭا	13
بلىپ	تۇرىپ	10
جاسانىپ	الىپ	17
پوشتادان	سالىپ	16
پوشتادان	كىرە	15
پوشتادان	سالىنادى	12
قىستاققا	كەلىپ	7
قىستاققا	بارىپ	18
دەگەمىز	وعان	17
ەستدىم	عوي	17
كارتەيگەن	سايىن	13
تۇرسڭ	عوي	8
تۇرسڭبا	جانىم	8
توپىراق	بولىپ	18
كەتتڭبە	جانىم	18
ەمەسبىن	عوي	16
اكەلە	سال	13
اكەلە	جاتىر	16
اكەلە	جاتىرمىن	16
سويلەيتىن	ادام	17
سويلەيتىن	شىعار	16
سويلەيتىن	ۋاقىت	15
قويامىز	عوي	17
سۇيلەيمىن	عوي	12
سۇيلەيمىن	جانىم	14
سۇيلەيمىن	دەپ	18
سويلەمەيدى	عوي	13
سويلەمەيدى	ەكەن	9
سويلەمەيدى	ەكەنسىڭ	17
شاقىرا	سال	16
شاقىرا	الماي	15
شاقىرا	سالايىن	18
شاقىرام	عوي	17
شاقىرام	دەپ	12
ۇيالمايدى	ەكەن	11
ۇيالمايدى	ەكەنسىڭ	7
بتىپ	كەتتى	9
اۋىرتپاشى	بولاما	13
جەتبەيدى	عوي	11
جەتبەيدى	ەكەن	11
قاتنى	بار	10
قاتنىڭ	بار	16
قايتارايىن	دەپ	18
قايتارايىن	دەسەم	13
ۇيىقتاماي	نەعىپ	17
ۇيىقتاماي	جاتىر	16
ۇيىقتاماي	جاتىرسىڭ	16
اۋزىن	اشىپ	15
اۋىلدان	اۋدانعا	15
اقىسى	قانشا	14
اقىسى	ىشىندە	17
تىلەگىڭ	قابىل	12
جاننا	بارىپ	3
نەشىنشى	قابات	15
نەشىنشى	جىلدىكى	14
باسىمىز	امان	14
ايدايدى	عوي	3
ايدايدى	ەكەن	16
ەرتەڭگە	دەيىن	10
جانىنا	بارىپ	9
حات	جازىپ	13
الساڭدا	بولادى	12
الساڭدار	جاقسى	11
الساڭدار	بولدى	18
الساڭدار	بولادى	14
الساڭدار	توپ	14
قويساڭىزدار	راحىمەت	17
جىيىن	بار	9
جىيىن	اشىپ	14
شولپان	شولپان	8
ادامشا	ايتىپ	18
قىرت	ەكەن	15
قىرت	ەكەنسىڭ	16
قىرتىپ	وتىر	15
ايتۋعا	بولمايدى	16
ايتۋعا	كەلمەيدى	13
باسىما	شىعىپ	15
باسىما	پالە	18
بەرگەلى	جاتىر	16
بەرگەلى	جاتىرمىن	12
ۇشەۋىمىز	عانا	14
جوتەل	بار	17
جوتەلىپ	جاتىر	15
تارتاتىن	جەرگە	16
سانجىعا	بارىپ	14
سانجىعا	باراتىن	17
سانجىعا	شىعاتىن	16
سانجىعا	قۇلدايتىن	15
ايتپادىڭ	عوي	16
جىلاعىم	كەلىپ	5
جىلاعىم	كەلەدى	3
جىلاعىم	كەپ	13
ۇيبۇي	جانىم	14
نارسەسى	بار	13
نارسەسىن	الىپ	9
ۇزىڭنەن	ۇزىڭ	12
ۇزىڭنەن	باسقا	12
ۇزىڭنەن	كۇر	16
جازشى	جانىم	17
كاي	الىپ	16
قورعاۋ	مايى	13
قورعاۋ	مايىن	12
ەسىڭدە	بولسىن	15
ەسىڭدە	بارما	4
كەرى	اسەرى	16
جۇنىن	ايتىپ	10
جۇنىن	جۇلىپ	10
قىزداردىڭ	بارى	16
جيىندا	وتىرمىن	18
سانىن	جولداپ	7
بەسنشى	ايدىڭ	12
بەسنشى	ايدا	12
بىتسە	بولدى	9
ءانىڭ	كەرەمەت	13
ءانىڭ	كۇشتى	16
ءانىڭ	تاماشا	8
ءانىڭ	اۋەلەي	19
كەتتىڭىز	عوي	12
تيگەندە	بەرەيىن	5
دەمالايىق	جانىم	18
دەمالايىق	دەپ	13
ايتقىم	جوق	13
ايتقىم	كەلىپ	15
ايتقىم	كەلەدى	10
ايتقىم	كەلمەي	14
ايتقىم	كەلمەيدى	17
جاقپا	ميانمو	9
جاقپاي	تۇر	11
جاقپاي	قالدى	13
تانىمايدى	عوي	13
تانىمايدى	ەكەن	18
تانىمايدى	ەكەم	18
تانىمايدى	ەكەنمىن	8
ەسكتى	اشىپ	10
ەسكتى	ىلىپ	12
قاباتقا	بارىپ	11
جەكسۇرىن	سول	18
جەكسۇرىن	بولىپ	18
دەمالادى	عوي	12
دەمالادى	ەكەن	18
جاسايمىز	عوي	7
جاسايمىز	دەپ	15
جاسايمىز	دەيدى	14
ماشيناسىن	ايداپ	16
قالماسا	بولدى	11
ۇزىڭەدە	راحىمەت	8
ۇزىڭەدە	جۇعىستى	6
جولداڭىزشى	كورەيىن	18
قونىس	جايلى	17
مولدىر	تىلەكتەر	2
ۇاعىندا	ىشىپ	14
تۇرساق	بولدى	17
تۇرساق	بولادى	14
قابارسز	كەتتىڭ	15
قابارسز	كەتتڭ	7
قۇربان	ايت	15
قۇربان	ايىت	11
قۇربان	ايتتا	18
قىلىق	ەمەس	10
شوشىرە	تۇيىپ	18
سىرعا	توي	14
وتىردىق	قوي	12
سەمياسى	بار	12
قويدىما	دەپ	12
ايەلىم	بار	14
مۇسسالام	امانشىلىق	16
ميىمدى	جەپ	12
ميىمدى	جەمەشى	7
بولعالى	جاتىر	14
بولعالى	تۇر	12
بولعالى	جاتسا	11
تابادى	عوي	16
تابادى	دەپ	13
تابادى	ەكەن	17
جاساۋ	كەرەك	15
باعادى	عوي	14
باعادى	دەپ	16
باعادى	ەكەن	18
ىستەسەم	بولادى	13
قىزمەتى	تابىستى	16
قىزمەتىڭ	تابىستى	11
قىزمەتىڭ	تابستى	3
مۇجاز	جوق	10
مۇجاز	قالاي	7
مۇجاز	بولماي	7
مۇجازى	جوق	15
مۇجازى	بولماي	5
مۇجازىم	جوق	9
مۇجازىم	بولماي	4
العامىز	جوق	7
ۆزىڭ	نەعىپ	13
ۆزىڭ	قالاي	11
ويتىپ	ايتپا	17
ويتىپ	ايتپاشى	18
جولىڭىز	بولسىن	15
جولىڭىز	اشىق	2
جۇرسەڭدە	امان	14
كەزىكسەك	جاقسى	6
كەزىكسەك	بولادى	14
كەزىكسەك	بولاما	17
ماشىينە	بارما	11
ماشىينە	ايداپ	17
كەشتەن	سالەم	17
كەشتەن	بەرى	7
كەشتەن	باستاپ	15
ەمنە	قىلىپ	7
ەمنە	بولدۇ	9
اپارامىن	عوي	16
اپارامىن	دەپ	14
بلەسىڭ	عوي	15
قىزۋ	ەكەن	5
قىزۋ	قارسى	15
دوستارىڭ	بار	10
دوستارىڭ	بولسا	16
سالەمەتسىزدەر	كوپشىلىك	13
كەرمەت	ەكەن	14
كەرمەت	كۇشتى	15
قايتسا	بولدى	14
قايتساڭ	بولدى	12
قايتساڭ	بولمايما	10
شىقبايدى	عوي	16
شىقبايدى	ەكەن	12
تايى	قانشا	10
تايىم	سول	12
تايىم	مەنىڭ	14
شولدەپ	وتىرمىن	14
شولدەپ	كەتتىم	16
بارىدە	جاقسى	13
بۇرىنعىداي	ەمەس	12
كەسكىن	جولداپ	10
كەسكىن	ارقىلى	17
كوزگە	ىلمەي	18
اسقباي	ىشىپ	12
ەسىمدە	جوق	17
ەسىمدە	قالماپتى	8
الاۋ	جانىم	15
الاۋ	الاۋ	13
قىلامىز	عوي	9
قىلامىز	دەپ	14
قىلامىز	دەيدى	15
وترسىڭ	عوي	18
اۋرادى	عوي	11
اۋرادى	ەكەن	13
اپەكەسى	بار	12
سيىرعا	قاراپ	17
سيىرعا	جەم	18
جۇمسڭدى	ستە	17
جۇمسڭدى	ستەپ	14
جۇمسڭدى	ىستەي	11
جۇمسڭدى	ستەي	17
جىباردا	وتىرمىن	13
كوزىمە	كورىنبە	9
كوزىمە	كورىنبەي	18
قايسسى	جاقسى	10
باسادى	عوي	16
باسادى	ەكەن	15
دوسىمنىڭ	ۇيىنە	12
دوسىمنىڭ	ۇيىندە	14
وتىرامىن	عوي	13
كۇندەلىكتى	كۇيبىڭ	11
اتتىم	عوي	8
شقتڭبا	جانىم	12
كورىنبەي	كەتتىڭ	17
كورىنبەي	قالىپتى	14
كورىنبەي	جوعال	16
ۇرپتى	عوي	17
ساۇدا	كۇسەت	18
ساۇداڭ	كۇسەت	10
ساۇداڭ	كۇزەت	2
قوناقتا	وتىرمىن	17
ۇراتىن	بولدى	7
ۇراتىن	شىعار	16
جوعالتىپ	الىپ	13
جوعالتىپ	الدىم	17
رەنجىمەيمىن	عوي	15
رەنجىمەيمىن	جانىم	16
ماماڭدى	جولداشى	13
شكىم	جوق	14
شكىم	كەلىپ	8
شكىم	كەلمەي	12
بەيتۇننان	التايعا	18
اتادى	عوي	15
اتادى	دەپ	15
اتادى	ەكەن	14
باتقانشا	اتىپ	15
سەمياڭ	بار	18
تارتباي	جاتىر	7
تارتباي	تۇر	13
تارتباي	قالدى	11
اقسى	قانشا	12
كەزىڭ	عوي	16
كەزىڭ	ەكەن	14
قالايىق	دەپ	14
قالايىق	جارايما	18
ماۋباسىم	سول	17
ماۋباسىم	مەنىڭ	8
وزدەرىڭىز	نەعىپ	14
وزدەرىڭىز	قالاي	17
وزدەرىڭىز	امان	18
وزدەرىڭىز	قالايسىزدار	13
قويايىنبا	دەپ	10
ايتقاندى	جاقسى	16
وتپەي	جاتىر	14
وتپەي	تۇر	16
وتپەي	قالدى	15
وتپەي	قالدىم	15
امالسىز	بولىپ	15
الاعاققا	بىر	15
الاعاققا	باراتىن	17
الاعاققا	تۇسەتىن	12
جۇمسىڭدى	ىستە	8
جۇمسىڭدى	ىستەپ	13
جۇمسىڭدى	ستەپ	16
جۇمسىڭدى	ىستەي	12
جاترسىڭ	عوي	13
جاترسىڭ	جانىم	17
ادامداردىڭ	بارى	18
بەرمىن	عوي	16
بەرمىن	دەپ	14
قولىنان	كەلمەيدى	15
قولىنان	قاعاز	16
ىستەمەدىم	عوي	17
بارىندە	جوق	16
بارىندە	بار	18
بارىندە	اقشا	13
تومپاق	قىز	14
قۇناجىن	شىعار	18
قۇناجىن	ساتىلادى	12
جۇمىسىن	ىستەپ	18
جۇمىسىن	بىتىرىپ	12
قابارلاسقان	جوق	14
شەيىك	دەپ	8
ىڭىز	قابىل	9
وزىڭىزگە	كوپ	17
ەگەردە	مەن	15
بولۋعا	شاقىرامىز	17
بەرەسڭ	عوي	15
بتىرىپ	ال	13
كۇندەردە	وتىپ	14
كۇندەردە	ۇتىپ	11
كۇندەردە	ءوتىپ	14
كۇرىش	باسىپ	14
جاعاتىن	دارى	18
جاعاتىن	ماي	14
ارايلى	بولسىن	15
ارايلى	كۇندەرىڭ	12
ارايلى	كۇندەرىڭىز	7
قويساڭشى	جانىم	13
بۇيرتىپ	ىستەتسىن	16
بۇيرتىپ	كيگىزسىن	10
جەيمىز	عوي	18
جەيمىز	دەپ	15
بيداي	كوجە	12
بيداي	كۇجە	11
قويۋ	كەرەك	16
قويۋ	سۇت	11
قۇدايىم	بۇيىرسا	18
قۇدايىم	بۇيرسا	17
قۇدايىم	ساقتاسىن	12
سونان	كەيىن	13
سونان	سوڭ	8
توسامىن	عوي	13
توسامىن	جانىم	15
بىرىگىپ	الىپ	13
نەعىپجاتىرسىڭ	جانىم	16
قۇنان	شىعار	17
جاقسراق	دەمال	13
ايقانىڭ	كەلسىن	16
كەتكىم	كەلىپ	1
كەتكىم	كەلدى	6
كەتكىم	كەلەدى	17
كەتكىم	كەپ	15
كەتكىم	كەلمەي	16
ەكەنىمدى	بىلەسىڭ	14
سۇيدىم	عوي	16
سۇيدىم	جانىم	17
سۇيدىم	دەپ	12
شوجەم	سول	18
شوجەم	مەنىڭ	15
گىرام	جوق	12
جوندەتىپ	ال	16
جوندەتىپ	جاتىرمىن	18
جۇرما	دەپ	17
سەبەبى	نە	14
سەبەبى	بار	17
كەلگەنى	جاقسى	15
كەلگەنىن	ايتىپ	12
بارعانسوڭ	قابارلاسايىن	14
قوسپاي	تۇر	16
قوسپاي	اق	18
قوسپاي	قويدى	17
قوسپاي	قويدىڭ	15
ەشكمگە	ايتپا	17
كىلت	جوق	16
كىلتى	قايدا	13
ۇزگەرىپ	كەتتى	13
ۇزگەرىپ	كەتىپتى	15
ارىز	بەرىپ	17
قويەي	جانىم	15
ىنشى	شاي	17
ىنشى	ايدىڭ	18
ساعىنعان	سوڭ	16
ساعىنعان	شىعارسىڭ	17
ساعىنعان	تۇرىڭنەن	17
ۇيشىڭدى	قوسىپ	14
ىشتىك	قوي	16
مالادەس	كۇشتى	15
جاراسىپ	تۇر	13
جاراسىپ	كەتىپتى	9
قويىپسىڭ	عوي	15
شۇجەم	سول	4
شۇجەم	مەنىڭ	13
ەسكى	اي	14
دارىڭدى	الىپ	12
دارىڭدى	ىشىپ	17
دارىڭدى	ىشتىڭبە	11
دارىڭدى	ۋاعىندا	14
باريىن	دەپ	14
باريىن	دەسەم	10
باريىن	دەگەم	16
مايلايتىن	ۇي	17
مايلايتىن	اقشا	8
مايلايتىن	جەر	16
اۋزىڭ	نەدەگەن	17
اۋزىڭنان	اينالايىن	16
اۋزىڭنان	سۇيىپ	8
جاتقىم	كەلىپ	16
جاتقىم	كەلەدى	4
جاتقىم	كەپ	15
تاتىم	سول	16
تاتىم	مەنىڭ	7
اۋىرعانى	باسىلدىما	12
بارىڭدار	دەپ	10
ىشسەم	بولدى	14
قوشقار	ساتىلادى	17
قوشقار	توقتى	17
سىرلاس	دوس	17
سىرلاس	دوستار	14
سىرلاسىپ	اڭگىمە	10
دەكەنىم	عوي	16
دەكەنىم	قوي	3
ايىرىلىپ	قالدىم	13
ارمانىم	جوق	16
نۇمىرگە	قابارلاس	8
نۇمىرگە	قابارلاسىڭىز	15
نۇمىرگە	قابارلاسىڭىزدار	17
دايارلىق	كورىپ	9
قارامايعا	بارىپ	8
قارامايعا	باراتىن	16
كورىڭدەر	جاندارىم	16
شىڭگىلدەن	ۇرىمجىگە	17
شىڭگىلدەن	سارتوعايعا	15
شىڭگىلدەن	شاعانعولعا	18
تۇسكەلى	جاتىر	14
تۇسكەلى	تۇر	16
تۇسكەلى	جاتىرمىن	15
تۇسكەلى	تۇرمىن	9
ىستەيىم	عوي	14
ىستەيىم	دەپ	16
دەمەشى	جانىم	14
وينايدى	عوي	14
وينايدى	ەكەن	16
باللاردى	الىپ	11
تەكسەرۋگە	بارىپ	12
تورقا	بولسىن	14
سرتقا	شعىپ	2
ۇيىمە	كەلىپ	11
ۇيىمە	بارىپ	16
جاسادى	عوي	17
تۇسىنەتىن	ادام	14
تۇسىنەتىن	شىعار	11
بارىمىزگە	باقىت	15
بارىمىزگە	ورتاق	12
بارىمىزگە	جۇعىستى	16
ماشيىنا	ايداپ	18
ىڭعايلاپ	تاستاپ	17
امالىن	تاۋىپ	17
ءستەپ	جاتىرسىڭ	10
ءستەپ	جاتىرمىن	16
قوسلىپ	ال	13
قوسلىپ	الىڭىز	17
سوڭى	كىم	14
جۇمستار	بار	12
جۇمستارىڭ	قالاي	15
جۇمستارىڭ	ساتتى	9
ماشيناڭدى	ايداپ	16
قيال	سۇرىپ	14
قيالداپ	جاتىرمىن	10
قيالداپ	وتىرمىن	18
ىرازى	بولسىن	13
ىرازى	بولىپ	18
ۇقسايسىڭ	عوي	13
الامىزبا	دەپ	8
بولمادىم	عوي	13
ايتبادى	عوي	14
ايتبادىم	عوي	9
الپىس	سوم	10
الپىس	مىڭ	16
بىرتالاي	كۇن	17
بىرتالاي	ۋاقىت	17
اتامىن	عوي	14
اتامىن	دەپ	15
ۇقباي	قالدىم	14
ۇقباي	تۇرمىن	11
انادان	مىنادان	14
سوققان	جوق	12
بەرمەگەن	سوڭ	13
ۇيىنەن	تاماق	14
تايىنشا	بار	18
تايىنشا	ساتىلادى	17
گەتىپ	قالدى	15
گەتىپ	قالدىم	15
گەتىپ	قالدىڭبا	18
دەنەم	قىزىپ	17
ولەتىن	بولدى	14
ولەتىن	بولدىم	17
ولەتىن	بولدىق	6
سۇرامادىم	عوي	16
كۇكەم	مەنىڭ	11
سۇيسەڭ	بولدى	15
ەتتىڭ	عوي	15
انداي	مىنداي	7
كوڭلىم	قالدى	11
كوڭلىم	جارىم	16
كەمەي	تۇر	18
كەمەي	قالدى	17
جولداماي	اق	17
جولداماي	قويدىڭ	15
قاراسى	جوق	10
قاراسىپ	جاتىرمىن	14
قمبات	ەكەن	17
ۇقساپ	تۇر	10
ۇقساپ	قالادى	15
سابىر	قىل	11
سابىر	تۇبى	16
تانىمايتىن	ادام	13
قاعىس	قالماي	10
قاعىس	قالماڭىز	13
قاعىس	قالماڭىزدار	16
ازتۇرىپ	بارام	7
ازتۇرىپ	سۇيلەيىن	17
جاتىپتى	عوي	17
تابىسىڭ	تاۋ	13
تابىسىڭ	مول	8
بايگەلى	بولسىن	4
بايگەلى	بولا	2
بەرەسىز	عوي	12
جگتىڭ	قايدا	14
جگتىڭ	بارما	15
مەيىربان	جان	14
مەيىربان	جاندار	6
مەيىربان	جانداردىڭ	14
اجىم	تۇسىپ	18
اجىم	كەتىرۋ	17
سوزدەر	اينالايىن	14
تالدى	قوڭىر	17
تالدى	قورعانعا	16
بارلىقتارىڭا	سالەم	16
بارلىقتارىڭا	راحىمەت	17
بارلىقتارىڭا	مەنەن	18
جۇزسوم	بەرىپ	12
جۇزسوم	اتىپ	14
جۇزسوم	قۇڭباۋ	14
جازدىم	عوي	16
كورمەپپىن	عوي	12
وترىك	ايتىپ	14
جۇرەگىڭدى	اۋىرتىپ	14
ايتابەر	جانىم	15
جۇرەكىم	مەنىڭ	18
جۇرەكىم	اۋىرىپ	17
اداممىن	عوي	15
تىرشىلىك	دەپ	8
كۇرسىن	دەپ	13
تۇسنبەدىم	عوي	12
جىلعى	كەلىپ	10
جىلعى	وسى	17
قارادى	عوي	15
قارادىم	عوي	12
شەت	جاعاسىن	14
رۇقسات	الىپ	9
رۇقسات	سۇراپ	14
كەزدەر	اي	13
بالاردى	الىپ	12
وينايمىز	عوي	13
وينايمىز	دەپ	16
باسعا	ادام	14
بوتەن	ادام	17
بوتەن	ويىم	13
سەنسىڭ	عوي	16
سەنسىڭ	جانىم	8
اشىلادى	عوي	16
اشىلادى	ەكەن	17
سەنكىن	اڭساپ	12
تەرلەپ	تەپشىپ	18
شۇعىل	اقشا	15
شۇعىل	جۇمىس	17
شۇعىل	كەرەك	18
شۇعىل	قاجەت	13
بەرمەسىن	وتباسىڭىز	8
تىسىم	اۋىرىپ	16
تىسىم	قاقساپ	9
اعاعا	ايتىپ	7
جەرىندە	ەكەن	15
بارتىن	جولاۋشىلار	16
سىزدەردى	قارسى	11
سەنسەڭ	بولدى	14
منانىڭ	باعاسى	9
قالدىڭدار	عوي	17
اۋزىڭدى	اشىپ	8
اۋزىڭدى	جاپ	16
وزىڭمەن	بىرگە	16
قالايشا	ەكەن	12
كۇشگىم	سول	14
كۇشگىم	مەنىڭ	8
قيمايمىن	عوي	15
قيمايمىن	جانىم	14
قيمايمىن	سەنى	13
ولدى	عوي	16
ولدىم	عوي	11
ايتساڭدا	بولادى	8
بارماق	بەرىپ	12
بارماق	باسىپ	15
بارماقتارىڭىزعا	راحىمەت	14
بارماقتارىڭىزعا	كوپ	9
بولدڭ	عوي	11
بولدڭبا	جانىم	7
مىڭنان	جوعارى	16
قۇانىپ	وتىرمىن	17
قۇانىپ	قالدىم	17
نەدەر	ەكەن	13
كۇتىڭ	قىشىپ	2
كۇتىڭدى	قىس	13
كۇتىڭدى	قىسىپ	12
قىزعانام	عوي	11
قىزعانام	جانىم	15
سەرگىپ	قالدىم	14
سەرگىپ	قالاسىڭ	15
كۇتەرە	الماي	12
كۇتەرە	المايمىن	6
كۇتەرە	المايدى	18
سۋىپ	كەتتى	16
سۋىپ	قالدى	11
سۋىپ	قالادى	14
سۋىپ	قالاتىن	17
ۇزىڭمەن	بىرگە	18
مۋشاڭعا	بىر	12
مۋشاڭعا	بارىپ	16
مۋشاڭعا	باراتىن	16
بۇيرىق	بولىپ	15
بۇيرىق	بولسا	16
بۇيرىق	بولماي	11
بۇيرىق	بىلەدى	18
سەبەپ	جوق	15
سەبەپ	بولدى	14
سەبەپ	بار	17
سەبەپ	بولىپ	16
قۇڭباۇ	جوق	18
قۇڭباۇ	اتىپ	15
جىبارعا	شىعىپ	13
زاۋات	باعاسىندا	17
ۇيلەرىڭ	قاي	17
ۇيلەرىڭ	قۇتتى	13
ۇيلەرىڭە	بارىپ	10
كورمەيدى	عوي	12
كورمەيدى	ەكەن	15
كورمەيدى	ەكەنسىڭ	16
ۇيىقتايمىن	عوي	15
ۇيىقتايمىن	جانىم	15
ۇيىقتايمىن	دەپ	17
تۇرتى	كۇنى	15
تۇرتىنشى	ايدىڭ	10
قايتارماي	جاتىر	11
قايتارماي	اق	16
زاۋقىم	جوق	17
زاۋقىم	سوقپاي	6
زاۋقىم	سوقپايدى	8
جۇرگەنى	جاقسى	13
جۇرگەنىڭ	جاقسى	14
قويمايمىن	عوي	13
راسىمىن	جولداپ	13
راسىمىن	جولداشى	11
قاۋىم	توي	10
قاۋىم	امانسىزدارما	15
جۇرگەنىڭدى	بىلەمىن	13
سۇرايتىن	ادام	16
دوپ	ويناپ	14
دوپ	تەۋىپ	13
تارتپايدى	عوي	18
تارتپايدى	ەكەن	16
ويبىي	جانىم	8
سەندەردەن	باسقا	16
سەكە	اعا	16
ۇيتپەشى	جانىم	15
ۇيتپەشى	بولاما	8
ىستەدىڭ	عوي	15
ۇيىڭدى	تازالاپ	16
بارمادىڭ	عوي	17
ۇيدەرىڭ	قاي	13
ۇيدەرىڭ	قۇتتى	14
ۇيدەرىڭە	بارىپ	14
ۋاقتىم	جوق	13
ۋاقتىم	بار	7
كىسنىڭ	ۇيىندە	17
ەسىن	جيىپ	13
قوستىڭ	عوي	14
تويدان	كەيىن	8
تويدان	بۇرىن	8
دۇيىڭ	كورىپ	17
دۇيىڭ	كۇرىپ	11
بەرگىم	كەلىپ	7
بەرگىم	كەلەدى	9
بەرگىم	كەلمەيدى	8
اسىعىس	جوق	12
اسىعىس	بولىپ	13
جىندىما	نە	17
سۇيلەمەيدى	عوي	15
سۇيلەمەيدى	ەكەن	10
سۇيلەمەيدى	ەكەنسىڭ	17
شاقىرادى	عوي	15
شاقىرادى	دەپ	15
شاقىرادى	ەكەن	13
سويلەپتى	عوي	10
پالەن	جىل	16
پالەن	جىلدان	10
بتتى	عوي	16
تيمەيدى	عوي	14
تيمەيدى	ەكەن	12
باسڭدى	اۋىرتىپ	12
قىزىمەتكە	شىعىپ	15
تۇسىمدە	سەنى	10
تۇسەمىز	عوي	12
قانىڭ	از	14
قانىڭ	ازايىپ	16
اياپ	نە	16
اياپ	قايتەم	16
جولداستار	بولسا	11
باسىلماي	جاتىر	15
باسىلماي	تۇر	11
ەرىن	بوياق	8
ەرىنىپ	جاتىرمىن	10
ەرىنىپ	وتىرمىن	11
ەرىنىپ	تۇرمىن	13
كۇمىر	سالىپ	11
پاۋ	اتىپ	17
پاۋ	اتپاشى	9
كۇرمەگەن	ادام	16
كۇرمەگەن	سوڭ	16
قىزارىپ	تۇر	14
قىزارىپ	كەتىپتى	16
ەرتەڭدە	كۇن	14
ۇيقتايسىڭ	عوي	15
ۇيقتايسىڭ	جانىم	16
سۇراق	سۇراپ	17
بىلمەگەن	ادام	17
بىلمەگەن	سوڭ	13
قارالا	باۋىرساق	13
مەكتەپتىڭ	الدىندا	13
قۇيام	عوي	14
قۇيام	دەپ	18
ۇيقتامادىڭبا	جانىم	15
جارىلىپ	قالدى	13
بىرجەرگە	بارىپ	17
ىستەتە	بەر	12
ادامدىق	ماشينا	14
توپىراعى	تورقا	16
بىتپەي	جاتىر	1
بىتپەي	تۇر	9
بىتپەي	قالدى	17
قىلمادىم	عوي	12
ەتەدى	عوي	9
ەتەدى	ەكەن	13
قىزىن	الىپ	12
ماڭاي	تازالاپ	17
اۋا	رايى	7
اكەسىنىڭ	اتى	12
اكەسىنىڭ	باسى	14
وتىرسڭ	عوي	14
بەتىڭدى	جۋىپ	9
جاعالاي	سالەم	16
جاعالاي	وسەدى	3
جاستا	تۇرعان	17
بالداي	تاتتى	13
بالداي	باتىپ	18
بالداي	بارماقتارىڭىزعا	14
سلتاۋ	ايتىپ	6
قوسىلماي	جاتىر	15
قوسىلماي	تۇر	15
قوسىلماي	قويدى	12
شۋ	شۋ	11
قورقامىن	عوي	16
ەبلايدە	جانىم	17
ۇيقتاعالى	جاتىر	12
ۇيقتاعالى	جاتىرمىن	14
ۇيقتاعالى	جاتىرمىز	6
قايتسام	بولدى	15
قايتسام	بولادى	12
ۇزىنى	مەتىر	16
سانشى	ايداپ	14
سانشى	ايدايتىن	14
ويبۇي	جانىم	13
الگىنى	اتىپ	16
تۇسىنبەيسىڭ	عوي	13
قارايىن	دەپ	13
ۇيتسەڭ	مەن	11
ۇيتسەڭ	بولمايدى	17
قايتارامىن	عوي	10
قايتارامىن	دەپ	14
بالالى	بولىپ	12
بالالى	شاعالى	12
تانمايمىن	عوي	17
يتتىڭ	بالاسى	13
ونبەس	كۇن	6
ونبەس	كۇندە	11
ساباعى	بار	15
ساباعىن	قاراپ	10
ساباعىن	قاراتىپ	15
قاتىرجان	بول	11
قاتىرجان	بولشى	9
اقشاڭىزدى	اتىپ	17
اقشاڭىزدى	قايتارىپ	11
دوقدىرعا	بارىپ	17
ءانشى	ەكەن	15
رەنجيمىن	جانىم	15
جىرت	بولىپ	16
جىرت	قوي	5
شارشاتىپ	جىبەردى	13
جاتار	ەدىم	13
جاتار	ورىن	11
جاتاردا	بىر	14
مەندەگى	قايداعى	17
سويلەدى	عوي	16
سويلەدى	دەپ	14
سويلەدىم	عوي	15
ستەيىن	دەپ	9
ستەيىن	دەسەم	6
ستەيىن	دەگەم	16
دەۋشى	ەدى	17
دەۋشى	ەدىم	8
دەۋشى	ەدىڭ	14
دەۋشى	مەدى	8
تانسقانما	قۋانىشتامىن	16
تانسقانما	قۋانشتامىن	2
ۇيقتايىم	عوي	11
ۇيقتايىم	دەپ	16
تماۋ	تيىپ	16
تاستاساڭ	بولدى	6
تاستاساڭ	بولادى	11
بالالارىڭ	جاقسىما	15
كەلۋ	كەرەك	12
كەلۋ	بايلانىسىمەن	14
كەلۋ	بايلانسىمەن	13
الدىڭنان	شىعىپ	17
الدىڭنان	شىعام	15
جەتىنشى	ايدا	16
الداي	سال	10
الداي	سالساڭ	14
ۇستالىپ	قالدىم	17
كۇزگە	دەيىن	17
كۇزگە	ىلمەي	9
قاعازدى	الىپ	16
وزىنەن	وزى	14
وزىنەن	سۇرا	10
سويلەسەڭ	بولدى	16
سويلەسەڭ	بولمايما	14
ۇزىڭدىكى	بىرگە	16
سۇتى	بار	3
شارشايتىن	بولدىڭ	14
شارشايتىن	بولدىڭعوي	5
جەرىڭە	بارىپ	11
بىراۋىز	سوز	12
بىراۋىز	سوزىڭ	16
بىراۋىز	سۇزىڭ	9
ەتەم	عوي	11
ەتەم	دەپ	16
ۇياتاي	دەشى	17
جابا	سالدىم	13
جابا	سالدىڭ	16
بارار	ەدىم	10
بارار	جەر	8
ۇلگىرىپ	باراتىن	17
استىعا	تۇسىپ	16
استىعا	سالاتىن	10
داڭگاۋ	الىپ	17
اكەلەتىن	بولدى	13
كىرىم	كەلىپ	13
داپ	دال	14
داپ	دايىن	14
داپ	دارداي	17
ديانشى	كورىپ	17
ديانشى	كۇرىپ	6
وزات	بول	12
وزات	بولسىن	17
كەلىنشەگى	بار	7
قادىرى	جوق	17
قادىرىن	بىلمەي	5
دانگاۋ	الىپ	15
تابايىن	دەپ	14
كورۋ	كەرەك	12
كورۋ	ۇشىن	11
بەتىمە	قاراپ	16
بەتىمە	باسىپ	16
بەرگىڭ	كەلىپ	16
بەرگىڭ	كەلەدى	11
بەرگىڭ	كەلمەي	16
بەرگىڭ	كەلسە	10
بەرگىڭ	كەلمەسە	16
جۇندەتىپ	جاتىرمىن	11
تىلى	اشتى	17
تىلىڭدى	الىپ	14
تىلىڭدى	تارتىپ	16
تىلىڭدى	الامىن	17
تۇسىنەسىڭ	عوي	12
ۇزڭدە	جاقسى	7
سوزدەردى	ايتىپ	10
سوزدەردى	جۋىپ	17
جەتەم	دەپ	14
كەلەما	دەپ	12
سەزىپ	تۇر	13
سەزىپ	تۇرمىن	14
كىرمەي	اق	16
سويلەيسىڭ	عوي	17
جۇرمەيدى	عوي	8
جۇرمەيدى	ەكەن	11
بارىمىزدە	سول	11
تاباسىڭ	عوي	10
جاعدايىن	ايتىپ	11
تەرىس	قاراپ	15
تەرىس	قاعىس	10
سۇيلەيتىن	ادام	13
سۇيلەيتىن	ۋاقىت	16
ءجون	ەكەن	16
يسى	شىعىپ	8
ستەرىڭ	ىلگەرى	14
قۇمىر	جاسى	1
قۇمىر	جاسىڭ	7
باسىنان	باستاپ	10
مالمەن	قاربالاس	14
مالمەن	السىپ	11
مالمەن	الىسىپ	15
جۇرسىڭدەر	عوي	17
الاڭداماشى	جانىم	14
قسقا	بولىپ	9
قسقا	بولۋ	16
جاقتىرماي	قالدىڭبا	15
جىگتىڭ	قايدا	17
جىگتىڭ	بارما	16
رەنجىسىپ	قالدىم	14
رەنجىسىپ	قالدىق	17
تولماي	جاتىر	16
تولماي	تۇر	12
جالاڭ	اياق	8
شىقپايمىن	عوي	13
شىقپايمىن	دەپ	17
شىقپايمىن	شىقپايمىن	17
جاقسلاپ	بىر	17
الاڭسز	بول	17
قايتپاي	تۇر	6
جالىندى	سالەم	17
ۋاقىتقا	دەيىن	2
ۋاقىتقا	قۇرمەت	7
ارەكەت	از	15
ارەكەت	جاساپ	15
قاعازى	بار	12
قاعازىن	الىپ	12
سۇيگەنىم	ۇشىن	15
بالالىق	شاق	9
بالالىق	قىلما	13
جەڭگەي	جان	14
وشىرە	سال	10
ارامىز	الستاپ	5
ارامىزدا	ەشتەمە	11
ءايبەت	ەكەن	17
تۇرساڭىز	بولدى	9
تۇرساڭىز	بولاما	17
كەزىم	عوي	15
كەزىم	بولسا	13
قۇيادى	ەكەن	16
شاقىرايىن	دەپ	10
شاقىرايىن	دەسەم	8
شاقىرايىن	دەگەم	14
قىرتپا	بولدى	14
قىرتپاشى	ەي	12
قىزىعىن	كور	14
قىزىعىن	كورىپ	12
قۇدايدان	جەتسىن	12
قۇدايدان	جەتكىر	13
ورىنداپ	جاتىر	13
توعىزتاراۋ	اۋداننان	17
دەگەننەن	كەيىن	15
دەگەننەن	باسقا	8
كىيلى	سۇت	9
جۋام	دەپ	9
يۋانمەن	بىرىڭعاي	14
قورقاتىن	بولدىم	15
قورقاتىن	بولدىق	11
شىقپايتىن	بولدى	12
شىقپايتىن	بولىپ	17
سۇيكمدى	ەكەن	14
سۇيكمدى	بولىپ	14
قايتارشى	جانىم	17
قاسڭا	بارىپ	16
قابارلاسقام	جوق	11
راسىمدى	جولداپ	8
پارشا	ساتىلادى	15
قويمايسىڭ	عوي	14
تابىلسا	جاقسى	9
توسپ	وتىرمىن	15
ياجىڭ	بەرىپ	15
ياجىڭ	اتىپ	14
جيىنى	يۋان	14
ەەجانىم	سول	16
اشىعىن	ايت	9
اشىعىن	ايتىپ	13
اشىعىن	ايتا	13
اشىعىن	ايتشى	17
كەستە	تىگىپ	13
قوشىم	جوق	7
قوشىم	كەتتى	6
قوشىم	كەتىپ	12
ساعىنپ	كەتتىم	12
ساعىنپ	جۇرمىن	9
احۋال	جوق	17
احۋال	جاقسى	10
احۋال	جاقسىما	15
جولدانىپ	كەتتى	5
جولدانىپ	كەتكەن	15
جولدانىپ	كەتىپتى	15
جولدانىپ	كەتپتى	8
توقتاي	تۇر	12
توقتاي	الماي	10
توقتايدى	دەپ	10
توقتايدى	ەكەن	14
ۋاقىتتى	مىقتى	9
نازىر	قابىل	16
نازىر	شىراق	8
نازىر	شىراققا	17
كوردىك	قوي	17
سۇتىن	بەرىپ	12
بالاڭنىڭ	تۋىلعان	15
بالاڭنىڭ	باۋى	15
كىرەم	دەپ	15
كەشەك	الىپ	15
ونان	كەيىن	13
ونان	سوڭ	7
ونان	ارى	10
دۇربىلجىن	اۋداننان	14
دۇربىلجىنگە	بىر	16
دۇربىلجىنگە	باراتىن	14
ايلعى	قانشا	13
ايلعى	جوعارى	16
بەرسەڭدە	بولادى	16
بەرسەڭدەر	بولدى	10
بەرسەڭدەر	بولادى	12
ءساتتى	بولسىن	15
بۇقا	ساتىلادى	4
كوڭىلىڭدى	كوتەرىپ	16
كوڭىلىڭدى	اۋىرتىپ	17
ساعاتقا	قاراپ	16
ساعاتقا	دەيىن	16
تۇپ	تۋرا	16
بالاسىنىڭ	تۋىلعان	15
كەتتىڭبا	جانىم	14
بايقاشى	جانىم	17
قاربالاستىق	جوق	11
قاربالاستىق	اياقتادىما	15
ماشىنە	بارما	16
كەلسن	بىرگە	16
شتەڭە	جوق	15
شتەڭە	ەتپەيدى	14
بالارعا	تاماق	10
سۇيىق	تاماق	14
سۇيىق	لايكا	15
شىنىن	ايتسام	17
شىنىن	ايتقاندا	7
سۇراعاندا	جوق	11
پۇلىم	جوق	17
پۇلىم	بار	14
پۇلىم	جەتپەي	9
بەرۋگە	بولادى	16
كەلگەننەن	كەيىن	9
كەلگەننەن	بەرى	4
ونىڭدا	دۇرىس	11
ءوزدەرىڭ	نەعىپ	16
ءوزدەرىڭ	قالاي	16
ءوزدەرىڭ	امان	14
اقتاپ	جاتىرمىن	11
كۇڭىلسىز	بولىپ	16
كۇڭىلسىز	بولما	8
جونىن	ايتىپ	17
قىلمايدى	عوي	7
قىلمايدى	ەكەن	14
قانشامەن	اشىلادى	15
كۋايدي	بار	13
شعارا	الماي	13
پتىرىپ	ال	13
قارنىڭ	اشىپ	15
قارنىڭ	اشتى	9
قارنىڭ	اشقان	15
قارنىڭ	اشتىما	17
كوتەن	اسىپ	15
بارعامىز	جوق	16
وقۋدا	وزات	11
وقۋدا	ۇزات	3
بەرتىن	بولدى	12
قۇيرىق	ماي	16
شىعارام	عوي	6
شىعارام	دەپ	13
باللارعا	تاماق	15
باعىم	اقى	16
بەرمەدىم	عوي	13
وزىڭدىكى	بىرگە	15
جاتىق	قوي	3
كۇرىنىپ	تۇر	11
كۇيبىڭ	عوي	14
توستىم	عوي	10
دىبىس	جوق	10
ىزدەيدى	عوي	4
ىزدەيدى	ەكەن	12
تۇراما	دەپ	13
قالعانسىڭ	عوي	15
ءۇيگە	كەلىپ	10
ءۇيگە	بارىپ	13
قوسادى	عوي	15
قوسادى	ەكەن	16
جومىس	جوق	11
جومىس	ستەپ	17
قويپسىڭ	عوي	16
جۋۋ	سۇيىقتىعى	3
بوتەلكە	اراق	9
بارالمايمىن	عوي	13
ۋقالاپ	بەرەيىن	10
ۇرساڭ	بولدى	13
ۇرساڭ	بولمايما	11
يەن	ۇيدە	13
يەن	جەرگە	13
يەن	دالادا	16
كەزىگەتىن	كۇن	17
كەزىگەتىن	وراي	16
ۇيقتاعام	جوق	16
ۇيقتاماپسىڭ	عوي	2
بويىم	اۋىرىپ	1
جىلاما	جانىم	11
جىلاما	بولدى	10
جاسار	ات	16
سىنىپ	قالدى	16
سىنىپ	قالعان	14
التايدىڭ	قاي	15
ۇيتبە	جانىم	14
وتىرىكشى	بولىپ	10
جولداسام	بولاما	14
ۇستايدى	عوي	10
ۇستايدى	ەكەن	16
قىلعىڭ	وسى	13
ۇيقتايتىن	كەزدە	15
ۇيقتايتىن	ۋاقىت	16
توشپاي	جاتىر	13
توشپاي	تۇر	10
توشپاي	قالدى	8
ۇقسايمىن	عوي	16
قايۇاقتا	كەلەسىڭ	17
قۇشايدى	عوي	14
باراتىندار	بولسا	13
باراتىندار	بارما	9
باراتىندار	قابارلاسىڭىزدار	9
جاراسادى	عوي	13
جاراسادى	ەكەن	14
كەمەيدى	ەكەن	8
دادام	سول	13
دادام	مەنىڭ	8
دادام	اۋ	16
توبى	بار	15
توبى	بولسا	16
ميىن	جەپ	14
ميىندا	بار	9
ميىندا	بارما	4
جۇرگىم	جوق	8
جۇرگىم	كەلىپ	17
جۇرگىم	كەلەدى	17
جۇرگىم	كەلمەي	12
جۇرگىم	كەلمەيدى	13
جولاما	دەپ	14
جولاما	جولاما	16
ۇلاسسىن	ەكى	11
اشىلدى	عوي	17
دەيسڭ	عوي	13
جەتسى	كۇنى	12
ىڭعايى	جوق	12
ىڭعايى	بولماي	15
ىڭعايى	كەلمەي	9
ىڭعايى	كەلسە	14
ءالدە	تۇرت	12
شىنىمدى	ايتىپ	15
شىنىمدى	ايتسام	12
تۇككە	اقشا	4
تۇككە	تۇرعىسىز	14
وننا	دەيىن	16
وننان	كەيىن	4
وننان	بۇرىن	7
وننان	جوعارى	16
سزدەن	ۇيات	15
يدارادا	وتىرمىن	15
ارتىڭنان	ەرىپ	16
ەندگى	جولى	16
ەندگى	جىلى	10
ەستە	جوق	17
ەستە	ساقتاۋ	9
ەستەلىك	بولسىن	14
ەستەلىك	بولادى	16
اكەلەدى	عوي	15
اكەلەدى	دەپ	15
اكەلەدى	ەكەن	15
اياقتادى	عوي	11
مالىڭ	بار	17
مالىڭدى	جوندەپ	15
مالىڭدى	جۇندەپ	12
ەجارايدى	جاقسى	14
دەمەيمىن	عوي	15
قىلماشى	جانىم	13
قىلماشى	بولاما	17
قۇلاعى	تىلىك	11
قۇلاعىم	سەندە	17
اۋىردىم	دەپ	14
شەيىن	دەپ	9
ۇزىنەن	ۇزى	8
ۇزىنەن	سۇرا	11
جيا	بەر	15
جيا	الماي	17
قالىپىن	عوي	13
ەبىلايدەڭىز	جارايدى	15
شەشەڭە	ايت	15
ورايدى	مىقتى	14
ورايدى	قولدان	13
كۇيدە	جوق	5
كۇيدە	بولاسىڭ	16
شۇلدەپ	كەتتىم	17
قىزمەتتەرىڭ	تابىستى	11
قىزمەتتەرىڭىز	تابىستى	2
توقسان	توعىز	1
الالماي	جاتىرمىن	16
الالماي	قالدىم	14
ۇتەدى	عوي	12
ۇتەدى	ەكەن	14
پىسىپ	كەتتى	13
زەرگىپ	كەتتىم	10
اۋرەلەپ	قويدىم	12
اۋرەلەپ	قويدىق	4
يەبولدى	جانىم	16
يەبولدى	وندا	17
ىشىڭدە	بولسىن	16
ىشىڭدەر	دەپ	6
دەدىك	قوي	12
ىلكەرى	بولسىن	11
ايتساق	بولادى	1
ماعاشى	جوعارى	15
ۇلگىرمەي	قالدىم	16
بارلقتارىڭىزعا	سالەم	9
بارلقتارىڭىزعا	راحىمەت	16
بارلقتارىڭىزعا	مەنەن	17
ۇيشىڭنان	جۋىپ	13
قيىنشىلىق	بولىپ	9
قيىنشىلىق	قوي	13
قشىپ	تۇر	15
قشىپ	تۇرما	11
يايا	ماقۇل	13
روزا	گۇل	14
شنبا	جانىم	12
جازدىرىپ	قويدىم	13
الدىراتىن	نارسە	15
الدىراتىن	زات	11
الدىراتىن	كىسىلەر	12
ازاپ	ەكەن	14
شەگىنىپ	كەتتىم	17
شەگىنىپ	كەتەيىن	13
دەرەۇ	جۇرەتىن	16
ۇعىپ	ال	15
مازام	كەتتى	11
مازام	كەتىپ	12
مازامدى	الىپ	3
مازامدى	الما	7
مازامدى	الدى	15
مازامدى	الماشى	13
بولماشى	جانىم	16
جانناتتا	بولسىن	14
جانناتتا	توپىراعى	5
شعايىق	دەپ	6
جاۋابىن	بەر	11
جاۋابىن	بەرە	14
جاۋابىن	بەرەيىن	14
قابادان	بولامىن	15
قابادان	التايعا	13
بالاسىڭ	عوي	15
بىلمەدىك	قوي	6
شاقىرپتى	ەكەن	5
شاقىرپتى	سوعان	16
ايتباساڭ	بولدى	17
جولداساڭ	بولدى	16
قابارلاستىم	عوي	11
سۇلۇ	قىز	15
باقىتى	بول	16
باقىتى	بولسىن	11
باقىتى	بولىڭدار	13
قارايسىڭ	عوي	14
تۇڭعىش	رەت	14
دەنىم	ساۋ	9
دەنىمىز	ساۋ	1
اۋلعا	قايتاتىن	1
قارىزدى	قايتارىپ	11
بىرتە	بىرتە	16
المايما	دەپ	5
المايما	ەكەن	16
سوعايىن	دەپ	11
سوعايىن	دەسەم	15
شەكسىز	العىس	12
قىساپ	جاتىر	15
قولايلىما	جانىم	11
جاساماي	تۇرىپ	14
ىشەك	قارىن	15
ماناسقا	بىر	15
ماناسقا	باراتىن	17
ماناسقا	قۇلدايتىن	15
باسىلدىما	جانىم	13
وسنىڭ	بارىن	13
وسنىڭ	الدىندا	16
الدىعا	قاراي	12
ەركىڭ	عوي	14
ەركىڭ	وزىڭدە	15
ەركىڭ	بىلسىن	15
وتىرك	ايتىپ	10
ايدايمىن	عوي	15
ايدايمىن	دەپ	13
اۋىپ	كەتتى	13
باسىڭىز	امان	14
باسىڭىز	بوس	6
باستالادى	عوي	15
باستالادى	ەكەن	13
سوڭىنا	دەيىن	14
سوڭىنا	جەتىپ	10
وقتىپ	جاتىر	7
وقتىپ	جاتىرمىن	17
كەتۋ	كەرەك	15
كەتۋ	ۋاقىتى	13
اۋزىم	بارماي	14
اۋزىم	بەرىك	16
بيىكتەردەن	كورىنە	14
بيىكتەردەن	كورىنسىن	2
ەمەسىڭ	عوي	12
قازاقتىڭ	قارا	7
تويىن	جاساپ	15
قالپىنا	كەلتىرۋ	11
زاتىم	بار	13
زاتىم	الى	14
دەيمىز	عوي	15
جۇرسىز	عوي	12
بارالمايتىن	بولدىم	11
بارالمايتىن	بولدىق	6
بارالمايتىن	سياقتىمىن	14
ۇرامىن	دەپ	17
تۇكتەن	تۇك	14
كەشتەرىڭ	كوڭىلدى	1
كەشتەرىڭ	كۇڭىلدى	2
شىم	اۋىرىپ	11
تىشىپ	وتىرمىن	12
تابامىن	عوي	13
تابامىن	دەپ	12
ونىسى	نەسى	13
ەلىم	قىزاي	6
ەلىم	البان	13
ايىنا	قانشا	14
ايىنا	مىڭ	16
سيرعا	جەم	16
بلمەدىم	عوي	16
بوسادا	بولادى	12
توبەدەگى	كەلەدى	17
توبەدەگى	كىسى	13
توبەدەگى	كسى	7
جانتالاسىپ	جاتىرمىن	13
قاندىما	جانىم	15
شىدايمىن	عوي	11
شىدايمىن	جانىم	9
سىمبات	كيىم	14
گۇلدىڭ	ۇرىعى	14
گۇلدىڭ	ۇرىعىن	14
كيىمدى	كيىپ	13
قانشالىقتى	جاقسى	16
قاشىق	بولىپ	14
اينىپ	تۇر	7
ايالاپ	وتەمىن	14
بەرپتى	عوي	15
ەكەۋىڭە	نە	11
نەشەۋ	بار	15
پۇلىڭ	بولسا	15
پۇلىڭ	بارما	14
پۇلىڭدى	اتىپ	12
رەنجيدى	عوي	13
رەنجيدى	ەكەن	10
دەرت	بولىپ	16
دەرت	بەرمەسىن	16
تارتتىڭ	جول	7
شارشايسىڭ	عوي	13
جەيىن	دەپ	7
جەيىن	دەسەم	7
كۇڭىلىڭە	راحىمەت	15
كۇڭىلىڭە	الما	12
باركولدەن	قۇمىلعا	16
باركولدەن	سارشوقىعا	9
باركولدەن	كولبويىنا	14
قۇرعان	شۇنىڭ	15
جاقسىلىقتار	بولسىن	13
سوتتى	بولىپ	9
جەرىمدى	جاقسى	9
جەرىمدى	ساعىندىڭ	16
اشۋىڭ	كەلىپ	16
دۇكەندى	اشىپ	15
شقساڭ	بولدى	17
جاۋعان	جوق	12
باردە	جاقسى	7
ۇناماي	جاتىر	12
ۇناماي	تۇر	17
ۇناماي	قويدى	14
بەلىڭ	قانداي	13
بەلىڭ	اۋىرىپ	10
كەتتىپ	قالدى	13
الدڭعى	كۇنى	14
الدڭعى	جولى	11
سۇيلەدىم	عوي	11
ايكىس	كەدەيىن	9
جايناپ	جۇرە	12
اتاتىن	بولدى	6
ءوشىرىپ	تاستا	15
بولمايسىڭ	عوي	10
ۇيتبەشى	جانىم	13
ۇيتبەشى	بولاما	6
ۇلەتىن	بولدىم	14
نەعىلدىم	ساعان	6
زاتىن	الىپ	12
شتىم	جانىم	15
وزڭدى	جولداشى	16
سۇزدەردى	جۋىپ	17
سۇندەت	توي	12
سۇندەت	تويى	5
تانسۋعا	بولاما	13
تانسۋعا	بولارمەكەن	4
ىستەمەيمىن	دەپ	8
باسلىپ	كەتتى	12
باسلىپ	قالدى	17
باسلىپ	قالادى	13
باسلىپ	كەتپتى	17
جەتكىزسىن	جانىم	14
دايارلاپ	قوي	14
كورسەتشى	جانىم	13
ويلامادىم	عوي	13
جولدارىڭىز	بولسىن	13
جولدارىڭىز	اشىق	2
جۇرەگىمدە	سەن	16
شاماڭ	كەلمەي	15
شاماڭ	كەلسە	13
كۇڭلىم	قالدى	12
نەعىلادى	ەكەن	16
جوقبىن	عوي	12
باستاي	بەر	15
باستايدى	عوي	11
باستايدى	ەكەن	15
شداي	تۇر	8
شداي	الماي	14
جەمەيمىن	عوي	7
رولى	بار	13
بىلپ	تۇرىپ	8
قىنبات	ەكەن	16
ۇلدى	عوي	10
جيىنعا	كىرىپ	15
اكەلەم	دەپ	14
اكەلەم	دەيدى	10
ەجانىم	سول	15
ساربۇلاققا	بىر	9
ساربۇلاققا	باراتىن	15
بولساشى	دەپ	15
ماۇباس	سول	15
بىراپتا	بولدى	12
بارماعان	سوڭ	11
تاماىق	ىشىپ	15
مىنەزى	جاقسى	10
مىنەزى	جامان	16
قسلىپ	قالدىم	11
قسلىپ	تۇرمىن	16
گۇلدەي	جايناپ	12
گۇلدەي	قۇلپىرىپ	5
ساۋلىعى	جاقسىما	8
ساۋلىعى	مىقتى	8
ساۋلىعىڭ	قالاي	9
ساۋلىعىڭ	جاقسىما	16
ساۋلىعىڭ	مىقتى	6
ۇيقىڭدى	قاندىر	8
ۇيقىڭدى	قاندىرىپ	13
تۇسنبەي	قالدىم	9
ۇرماي	جاتىر	10
ۇرماي	تۇر	11
قۇدايعا	راس	14
قۇدايعا	شۇكىر	10
كەتپەسە	بولدى	11
شاڭىراق	باس	8
اڭگىمەلەسەيىك	بولاما	4
ۇشكە	دەيىن	10
قۇدانىڭ	ۇيىنە	12
سۇرادىڭ	عوي	14
كۇبەيىپ	كەتتى	9
كوركەم	جوق	7
مانسى	جوق	15
مانسى	بار	4
تانسا	وتىرايىق	15
كوپتەن	كوپ	3
كوپتەن	بەرى	7
سۇراپتى	عوي	5
ءتۇن	تىنىشتىعىن	15
جازام	دەپ	7
بۇلاما	جانىم	7
تۇماۇ	تيىپ	13
تىلەكتەرىڭىزگە	راحىمەت	8
تىلەكتەرىڭىزگە	كوپ	12
الايىنشى	دەپ	12
ۇرپاق	ۇشىن	14
جىلايدى	عوي	11
جىلايدى	ەكەن	13
شىعاردى	عوي	15
جۇمىستارمەن	قاربالاس	10
جۇمىستارمەن	جۇرمىن	11
تاپسام	بولدى	14
قاۋىڭدى	جولداپ	14
قاۋىڭدى	جولداشى	9
تۇسكەم	جوق	4
تاستايتىن	بولدى	7
تاستايتىن	شىعار	15
تاستايتىن	ەدىم	14
شقپايدى	عوي	14
شقپايدى	ەكەن	12
جاناشىر	جاقىندارىم	11
سۇيەتىن	ادام	7
شكەن	جوق	12
قالدما	دەپ	14
بەرەين	دەپ	13
جەردىكى	ەكەن	14
باستاعان	جوق	13
ايتقامىن	عوي	13
ايتقامىن	جوق	14
سۇمەن	نەعىپ	13
سۇيلەيسىڭ	عوي	10
دياندۇڭشى	مەن	8
بويلاق	قوي	13
كىستەر	بولسا	9
قاقباس	سول	15
جاناتتا	بولسىن	14
جاناتتا	توپىراعى	4
بارمايمىز	عوي	11
بارمايمىز	دەپ	16
بارمايمىز	دەيدى	14
كوزىمدى	جۋىپ	16
كوزىمدى	جۇمىپ	12
قيالي	بولىپ	13
سۇيكىمسىز	سول	14
وتەتىن	بولدى	14
التىنم	سول	16
التىنم	مەنىڭ	10
قاسنا	بارىپ	12
كىمدىكى	ەكەن	12
شۇنىڭ	قۇتتى	15
تانىستىرىپ	قوي	5
تانىستىرىپ	قويايىن	14
تۇبىنە	دەيىن	16
دۋماندى	بولسىن	12
قۇدايدىڭ	ايتى	3
قۇدايدىڭ	ايتىندا	15
ايتتم	عوي	11
دەمالاعوي	جانىم	7
بولساڭىزدار	بولدى	9
بولساڭىزدار	قابارلاسىڭىزدار	14
سۇرايسىڭ	عوي	11
ىزدەيىن	دەپ	11
جەجەمنىڭ	ۇيىنە	11
قايىران	كۇندەر	15
جاتتاپ	ال	15
جەتكىزە	الماي	14
جەتكىزە	المايمىن	5
ءوزىڭدە	جاقسى	11
توركىن	جاققا	11
توركىنگە	بارىپ	8
مۇزداپ	كەتتىم	12
ءجاي	بولسىن	13
ءجاي	بولىپ	12
سۇنمەن	نەعىپ	10
رازىمىن	عوي	7
رازىمىن	جانىم	14
ايتقانم	عوي	11
ايتقانمەن	بەكەر	5
ۇقبادىم	عوي	12
جاۋادى	دەپ	11
جاۋادى	ەكەن	11
جاۋادى	دەيدى	9
اڭكىمە	ايتىپ	14
ساۋبول	ساۋبول	9
تەزرەك	ساقايىپ	16
تارى	تالقان	8
نىلقىدان	قۇلجاعا	15
ۇلدىم	عوي	14
ۇرايىنبا	جانىم	8
بۇيرەك	قۋاتتاۋ	12
ساۋىعىپ	كەت	15
ساۋىعىپ	كەتسىن	11
قولما	قول	7
زاڭعا	قايشى	3
ۇرمادى	عوي	11
تاماقتارىن	ىشىپ	9
تاماقتارىن	بەرىپ	14
قاسىڭداعى	كىم	7
جەمەيدى	ەكەن	15
جەمەك	الىپ	12
جەمەك	دۇكەنى	13
جاعدايدى	ايتىپ	15
دەمەيدى	عوي	16
سۇيلەسەڭ	بولدى	11
شقان	جوق	14
شقان	سوڭ	13
دايىندىعى	دەپ	13
سۇيتسەڭ	بولدى	15
سۇيتسەڭ	بولادى	6
جۇا	سال	14
جۇاس	بايقۇس	8
وقىتىپ	جاتىر	14
وقىتىپ	جاتىرمىن	15
بارعاننان	كەيىن	15
قويامبا	دەپ	4
يداراعا	كەلىپ	7
يداراعا	بارىپ	14
قورعاستان	قۇلجاعا	15
سۇراستىرىپ	جاتىرمىن	11
سۇراستىرىپ	كورەيىن	13
دوربىلجىنگە	بىر	11
دوربىلجىنگە	باراتىن	15
اتاپ	قويدىم	10
اتاپ	قويدىق	15
قايتامبا	دەپ	10
قايتامبا	دەگەم	5
قۇلشىن	جانىم	14
قىلايىق	دەپ	14
بەرۋشى	ەدى	14
بەرۋشى	ەدىم	12
بەرۋشى	ەدىڭ	7
بەرۋشى	جەتەكشى	16
كورەسىڭبە	جانىم	15
ەسەبىن	جاساپ	16
گەتتى	عوي	11
كەلسەڭىز	بولدى	13
كەتبەيدى	عوي	14
كەتبەيدى	ەكەن	11
قاپتىم	عوي	15
باياندى	بولسىن	16
باياندى	باقىت	7
نانىن	پىسىرىپ	11
نانىن	پسىرىپ	14
ايتباياق	قوي	16
ايتباياق	قويايىن	5
بەرمەيمە	ەكەن	12
قوسىلمايدى	عوي	14
قوسىلمايدى	ەكەن	12
تۇسىنسەڭ	بولدى	7
بەرڭدەر	جگتتەر	8
تانىمادىم	عوي	12
كەۋدە	كيىم	6
قۇشاقتاعىم	كەلىپ	15
قۇشاقتاعىم	كەلدى	3
قۇشاقتاعىم	كەپ	14
جاپاشەكتىڭ	عوي	16
جاپاشەكتىڭ	جانىم	12
كەڭىپ	قالدىم	7
كەڭىپ	قالاسىڭ	14
بەتتەن	كەلگەن	13
مالدارىڭ	تۋىپ	14
توبىنا	جولداپ	16
توبىنا	قوسىپ	15
توبىنا	قوسىلاسىزبا	13
العىڭ	كەلىپ	14
العىڭ	كەلەدى	10
العىڭ	كەلسە	10
العىڭ	كەلمەسە	12
الڭدار	دەپ	14
قابارلاسامىن	عوي	15
سۇلۋلىق	سيلاسىن	10
تيڭجي	ەكەن	13
تيڭجي	بولىپ	15
ۇرمجگە	بارىپ	7
سەيسەنبى	كۇنى	14
تۇسىنبەيدى	عوي	7
تۇسىنبەيدى	ەكەن	15
تۇسىنبەيدى	ەكەنسىڭ	14
قاتىرادى	ەكەن	11
قاتىرادى	ەكەنسىڭ	5
سرتتا	جۇرمىن	16
بايعا	تيىپ	13
جاڭەرەكتە	كەلدىم	12
تانستىرىپ	قوي	12
تانستىرىپ	قويايىن	14
بولمايمىن	عوي	15
بارۋ	كەرەك	14
بارۋ	ۇشىن	8
سالىڭىزدار	راحىمەت	14
ۇاعالايكۇم	اسسالام	15
اقۋال	جوق	1
اقۋال	جاقسىما	7
ءماندى	ءومىر	7
كۇرمەيدى	ەكەنسىڭ	1
جىبەرەم	عوي	16
اۋزىنا	كەلگەنىن	12
كۇندەي	بولدى	12
بولعانىڭ	جاقسى	11
قاتاڭ	بولىپ	8
ىزدەگەن	ادام	14
ساتايىن	دەپ	14
ساتايىن	دەسەم	7
ساتايىن	دەگەم	13
بىلەسىز	عوي	13
تاماقتىڭ	اقشاسىن	5
كوتەك	اي	13
باعىنا	ەشكىم	14
سۇيگىم	كەلىپ	9
سۇيگىم	كەلدى	3
سۇيگىم	كەپ	16
اۋزىڭا	يە	15
اۋزىڭا	ماي	16
كورنىپ	تۇر	13
قالىق	ۇشىن	13
شاقىرساڭ	بولمايما	15
ۇقتڭبا	الباستى	11
بالاڭىز	بار	12
ايتىڭبا	نە	14
كەتتىڭدەر	عوي	15
شاۋەشەككە	باراتىن	7
بانكەگە	بارىپ	13
ايتبادىڭ	عوي	10
سالساڭىز	بولدى	5
ايتىلعان	سوز	8
ايتىلعان	سۇز	14
ايتىلعان	ءسوز	14
ولىمگە	بارىپ	9
اياعىنا	دەيىن	10
قويمادى	عوي	9
قويمادىڭ	عوي	8
دوحتىرحاناعا	بارىپ	5
جوسپار	بار	13
جوسپار	قۇرىپ	15
جاتسىن	دەپ	14
قوناقتار	بار	16
قوناقتار	كەلىپ	15
قىلىعىڭ	وسى	13
تابىلمايدى	عوي	15
تابىلمايدى	ەكەن	8
سوزىڭە	قاراي	13
كەلسەڭدە	بولادى	15
كەلسەڭدەر	بولدى	11
قۇلازىپ	تۇرمىن	13
ىستەيىك	دەپ	14
قوسقام	جوق	12
ۇرعام	جوق	8
دەمالامىن	عوي	13
شانجىڭ	بار	14
شانجىڭ	بەرەيىن	13
اۋردى	عوي	15
اۋردى	دەپ	16
جاسايىق	دەپ	11
جىبەرەتىن	نارسە	10
ەرلى	زايىپتى	13
ەرلى	زايپتى	6
ەرلى	زايىپتىلار	11
جاسامايمىن	دەپ	12
كەتكەنسىڭ	عوي	14
ۇيلى	جان	16
ۇيلى	جاندار	9
ۇيلى	باراندى	9
بىرەۋىڭ	بار	14
دەمالعان	كۇنى	15
بارساڭدا	بولادى	13
ساتىلىك	بولسىن	14
ساتىلىك	تىلەيمىن	6
قۇتىلا	الماي	9
قۇتىلا	المايسىڭ	3
راقات	ەكەن	14
ەستىلمەي	تۇر	13
ەستىلمەي	قالدى	14
ەستىلمەي	قالىپتى	15
ساپاسىنا	كەپىلدىك	5
دەىم	ال	3
دەىم	الىپ	13
قىيماي	تۇرمىن	14
زيانى	جوق	13
كورسەتەيىن	دەپ	6
بەتىڭە	قاراپ	10
بەتىڭە	ايتايىن	15
شىندىقتى	ايتىپ	15
قوسسام	بولاما	9
ەكىدەن	كەيىن	13
دەپپىن	عوي	13
بوپانىڭ	باۋى	12
ۇڭاي	ەمەس	3
كۇرنىپ	تۇر	4
قانىن	ىشىپ	15
قۇمعا	بارىپ	16
موريدان	شونجىعا	14
تەكسەرەدى	ەكەن	14
قاشادى	عوي	6
قاشادى	ەكەن	14
سۇيتەمىن	عوي	13
ادامىم	جوق	5
ادامىم	بار	13
ىشتىڭبا	جانىم	13
ۇيلەنىپ	ال	11
ۇيلەنىپ	العان	16
ورتايماس	باقىت	14
تۇگى	جوق	5
تۇگى	تۇگەپ	11
توگى	بىتىپ	12
توگى	تۇگەپ	16
شىعىڭدار	دەپ	10
ماشينەگە	ماي	16
شارۋاسى	بار	14
تسىم	اۋىرىپ	14
تسىم	قاقساپ	9
جۋامىن	دەپ	7
ايتقىڭ	كەلىپ	13
ايتقىڭ	كەلمەي	13
ايتقىڭ	كەلسە	12
ايتقىڭ	كەلمەسە	14
بىزدىكىنە	كەلىپ	9
جىبەرەدى	عوي	14
جىبەرەدى	ەكەن	13
سالسىن	دەيدى	10
بالارىڭ	جاقسىما	15
قىزىمنىڭ	تۋىلعان	8
تەلەپونعا	قاراي	15
قىلمايمىن	جانىم	11
سوندايما	دەپ	15
قۋاتتاپ	جاتقاندارىڭىزعا	14
كوزىڭدى	اشىپ	10
كوزىڭدى	جۇمىپ	15
پول	جوق	12
كوتەرەدى	ەكەن	16
تۇسپەيدى	عوي	12
تۇسپەيدى	ەكەن	16
شىعارايىن	دەپ	11
شىعارايىن	دەسەم	8
ەستىمەي	قالىپپىن	13
جەسىن	دەپ	11
قارىزدار	بولىپ	11
قارىزدار	ەمەسپىن	10
ونەرى	ۇستەم	15
ونەرىڭ	ۇستەم	5
تەلەفونم	توقتاپ	1
تەلەفونمدى	اشىپ	8
ۇتپەي	جاتىر	13
ۇتپەي	قالدى	16
ۇتپەي	قالدىم	16
تاربيە	بەرىپ	14
ەرنىپ	جاتىرمىن	16
ەرنىپ	وتىرمىن	11
ەرنىپ	تۇرمىن	15
ۇدان	كەيىن	10
ساتامىن	دەپ	12
اپاردىم	عوي	11
قانشاۋ	بار	16
جاقىننان	بەرى	13
ۇيشڭى	جوق	2
ۇيشڭى	بار	10
ۇيشڭى	بارما	10
ۇيشڭىن	اتىپ	14
العاننان	كەيىن	9
قالىپتىم	عوي	5
ىشنە	كىرىپ	14
ۇنداي	ەمەس	15
كۇتىم	جاقسى	13
كۇتىم	سۇرتەيىن	15
بوپتتى	ەكەن	15
جىلدىكى	بولدىڭ	16
جىلدىكى	بولدىڭىز	11
كەتتمە	دەپ	13
ايتساڭىز	بولدى	16
شايشىپ	وتىرمىن	10
شايشىپ	وتىرمىز	9
ونسى	نەسى	15
بەرەمبە	دەپ	6
شەدى	عوي	10
شەدى	ەكەن	13
بۇتەن	ادام	15
بۇتەن	ويىم	12
جازىلعان	سوڭ	15
شىعالماي	جاتىرمىن	11
شىعالماي	قالدىم	11
سەندەرمەن	بىرگە	13
قىلشى	جانىم	8
تابىلىپ	قالار	14
ماڭكى	باقتتى	6
وقشايسىڭ	عوي	14
وحاسى	جوق	7
سولارمەن	بىرگە	1
سىرتا	جۇرمىن	8
ەركشە	جاقسى	14
ىستەمەيدى	عوي	13
ىستەمەيدى	ەكەن	16
تۇرعانىم	جوق	11
تۇرعانىم	اي	15
كورىنبەيدى	عوي	15
كورىنبەيدى	ەكەن	7
قاربالاسسىڭ	عوي	12
قاربالاسسىڭبا	جانىم	10
جۋاسىڭ	عوي	14
ىرىس	دەگەن	11
داۋا	جوق	14
دۇرەدەن	اۋدانعا	1
ءالەم	بولىپ	9
كەشتەرىڭىز	كوڭىلدى	10
كەشتەرىڭىز	كۇڭىلدى	2
قۇيساڭ	بولدى	12
تويشىل	قاۋىم	9
تەرس	قاراپ	1
اۋىرپ	تۇر	9
ميىڭدا	بار	14
ميىڭدا	بارما	10
قولىمدا	ناق	3
جىبەرسەڭ	بولدى	10
الدىرايىن	دەپ	13
الدىرايىن	دەسەم	8
الدىرايىن	دەگەم	16
ارالاسا	بەر	10
توكتى	جاعىپ	13
توكتى	وشىرىپ	16
ياحشىمۇ	جالاڭ	8
ۇزاپ	كەتتى	11
ۇزاپ	كەتسە	14
ايتبايدى	عوي	15
سۇتتىڭ	اقشاسى	12
سۇتتىڭ	اقشاسىن	9
سۇتتىڭ	پۇلى	9
سۇتتىڭ	پۇلىن	16
بالالارىم	بار	15
بالالارىم	ۇشىن	15
ەدىڭدەر	عوي	16
قورىقپا	جانىم	6
بىلەمىز	عوي	13
ايتۋشى	ەدى	7
ايتۋشى	ەدىم	11
ايتۋشى	بولما	12
ايتۋشى	ەدىڭ	12
كورگەندەي	امان	9
ۇندەمەدى	عوي	14
جازادى	ەكەن	10
يمانى	جولداس	11
وتىرعىزىپ	قويىپ	1
كۇڭىلىن	سۇراپ	13
اپەكەمنىڭ	ۇيىنە	10
اپەكەمنىڭ	ۇيىندە	12
دەيسىز	عوي	13
ۋاقىتىڭدى	شىعارىپ	11
قۋزاپ	جاتىر	14
قالجىڭدايمىن	جانىم	12
جەڭىلدەپ	قالدىم	13
سناۋ	بەرىپ	15
جايىن	تەلەفوندا	13
جايىندا	قالدى	15
اۋىراتىن	بولدى	11
تابۋ	كەرەك	13
تابۋ	قيىن	12
تابۋ	وڭاي	11
ىستەرىڭىزگە	ساتتىلىك	14
اراقكەش	بولىپ	1
سۇلۋىم	مەنىڭ	15
ۇشىرە	سال	10
ەكەۋمىزدىڭ	ارامىزدا	6
توشتى	عوي	16
سالەمدەرىڭىز	قابىل	12
قولدارىڭىزدى	سوزىپ	1
كوتىم	سۇرتەيىن	2
باسام	دەپ	12
تاڭەرتەن	ەرتە	14
ىشبەيمىن	دەپ	13
كۇركەن	جوق	15
كۇركەن	سوڭ	15
سالساق	بولدى	13
سالساق	بولادى	15
بىرساعات	بولدى	12
اسىلىم	مەنىڭ	15
تاتەمدى	الىپ	9
ويناعىم	كەلىپ	15
ەكىگە	دەيىن	3
يماندى	بولسىن	11
اشىلعان	جوق	2
شونجىدان	ۇرىمجىگە	13
شونجىدان	موريعا	11
سۋدا	بالىق	14
موتاعا	ماي	13
بارعىڭ	كەلىپ	9
بارعىڭ	كەلمەي	8
بارعىڭ	كەلسە	15
قارىزى	بار	10
قارىزىن	قايتارىپ	8
سەزىمىڭ	كۇشتى	13
اشسام	بولاما	13
ىستەگەلى	جاتىرمىن	12
دايىندىعىن	ىستەپ	11
دايىندىعىن	كورىپ	14
ۇلگىرە	الماي	7
ۇلگىرە	المايتىن	5
ارجاققا	بارىپ	14
قارىمدى	بولسىن	15
قولتىق	اتىر	2
تۇنگە	شىعىپ	15
تۇنگە	دەيىن	13
سەنبەيدى	ەكەنسىڭ	12
جۇتەلىپ	جاتىر	8
قاراستىرىپ	جاتىرمىن	15
قاراستىرىپ	كورەيىن	10
وقسامايدى	عوي	13
وقسامايدى	ەكەن	10
تىلىمدى	ال	12
تىلىمدى	الىپ	15
تىلىمدى	الساڭ	14
تىلىمدى	الشى	13
اۋاشا	جۇر	15
سوعادى	عوي	10
سوعادى	ەكەن	14
اياقتاپ	كەتتى	14
عاشىعىم	مەنىڭ	10
بەرەما	دەپ	12
دەنساۇلىق	قالاي	13
بۇيىرىق	بولىپ	13
بۇيىرىق	بولسا	15
بۇيىرىق	بىلەدى	10
بتكەن	جوق	14
بتكەن	سوڭ	14
سۋمەن	جۋىپ	13
وتسە	بولدى	15
ەزىلىپ	كەتتى	13
ەزىلىپ	كەتەدى	11
بەرسەدە	بولادى	15
كەتەما	دەپ	11
نەمدى	بەرەم	6
نەمدى	ايايىن	12
لاقتى	ەشكى	14
قۇلپى	سالىپ	10
قۇلپىرىپ	جۇرە	9
قۇلپىرىپ	الىپسىڭ	8
ناماز	وقىپ	15
نامازعا	بارىپ	12
نامازعا	باراتىن	14
جۇرگەنىم	جاقسى	14
كورمەيتىن	ادام	13
كەتكەنى	جاقسى	15
كەتكەنى	نەسى	11
كەتكەنىن	بىلمەي	15
قىزىقسىڭ	عوي	12
ساعىنام	عوي	4
ساعىنام	جانىم	10
ولگەلى	جاتىرمىن	15
ايتتارڭ	قابىل	12
ايتتارڭ	قابل	3
ايتتارڭىز	قابىل	10
دەنساۋلعى	جاقسى	1
دەنساۋلعى	مىقتى	12
دەنساۋلعى	جاقسما	12
دەنساۋلعىڭ	جاقسىما	10
دەنساۋلعىڭ	مىقتى	9
دەنساۋلعىڭ	مقتى	8
دەنساۋلىققا	كوڭىل	15
دەنساۋلىققا	زيان	9
دەنساۋلىققا	پايدالى	11
سالىت	باس	14
ۇندەمەيدى	عوي	15
بولىپسىڭ	عوي	8
ءجۇر	ەكەن	4
سويلەمەيتىن	بولىپ	15
سويلەمەيتىن	بولدىڭ	10
قۇڭباۋدى	الىپ	14
بۇرىنان	بەرى	12
سويلەمەدى	عوي	15
سويلەمەدىم	عوي	10
كەمەدى	عوي	14
بوعان	سوڭ	12
زورلىق	جوق	8
قايتۋ	كەرەك	4
ماشينامدى	ايداپ	4
دامىن	تاتىپ	13
اعارىپ	كەتتى	11
اعارىپ	اتقان	15
ورىك	گۇل	12
ورىك	گۇلگە	13
قايتقام	جوق	14
شايىم	بار	3
ۇردىڭ	عوي	7
جۇرۋ	كەرەك	11
جاسىن	بەرسىن	8
جاسىن	سۇرامايدى	10
اكەت	دەپ	12
اكەتىپ	بارا	10
الاين	دەپ	13
قىزمەتتەن	تۇسىپ	11
قىزمەتتەن	تۇسكەن	12
كادىر	تاڭ	14
كادىر	تۇن	12
ۇرىمجگە	بارىپ	14
ورنىما	ادام	14
اۋىلى	الىس	11
جەمەنەيگە	قايتاتىن	14
قورقىنشتى	عوي	14
قورقىنشتى	ەكەن	15
جۇمىستارىڭدى	ىستەپ	11
جۇمىستارىڭدى	بىتىرىپ	10
جاتقامىن	جوق	8
ۇيقىسى	كەلىپ	12
قۇسقىم	كەلىپ	11
قۇسقىم	كەلەدى	3
قۇسقىم	كەپ	14
باستادى	عوي	13
قاشاننان	بەرى	13
قاشاننان	باستاپ	4
جازايىن	دەپ	7
جازايىن	دەسەم	11
زارلاپ	جاتىر	13
ۇياتتى	بولىپ	13
تىنشتىق	جوق	12
ەتىڭ	عوي	12
ايتارىمدى	ايتىپ	9
ايتارىمدى	بىلمەي	9
قۇرقىپ	تۇرمىن	6
قىسىم	بولىپ	14
شاماسى	جوق	10
شاماسى	كەلمەي	13
سۇيتەمىز	عوي	14
اپارامىز	دەپ	5
تيەتىن	بولدى	13
ماقۇلما	جانىم	15
پورت	ويناپ	10
كورسەك	بولادى	8
بۇيىرعان	كۇنى	9
اگىڭ	قايدا	5
كۇزەت	بولسىن	11
رەنجسىپ	قالدىم	2
قاربالاسپىن	دەپ	14
بىلەتىندەرىڭىز	بارما	13
بىلەتىندەرىڭىز	جولداپ	13
تۇسىڭە	كىرىپ	8
جولدامادىڭ	عوي	11
ۇمىتا	الماي	3
ۇمىتا	المايمىن	10
كورەيىنشى	جانىم	11
كورەيىنشى	دەپ	15
كەلمەيمىن	دەپ	15
كەلمەيمىن	دەيدى	11
تورتەۋ	تۇگەل	15
سىرماق	تىگىپ	10
الاڭدايمىن	عوي	12
الاڭدايمىن	جانىم	11
قالاسىڭبا	دەپ	15
اتاڭنىڭ	باسى	13
قاتسىم	جوق	12
تاقاپ	تۇرىپ	2
جاتشى	جانىم	12
كاۋاپ	جەپ	11
يلايىم	سولاي	13
نارسەڭدى	الىپ	11
قۇران	وقىپ	11
قۇران	وقتىپ	10
قۇران	وقىتىپ	15
شامدانىپ	وتىرسىڭ	14
ۇيقىنى	قاندىرىپ	15
دۇكەنىڭ	قاي	11
دۇكەنىڭ	قۇتتى	12
جولداپتى	عوي	14
قىسلىپ	قالدىم	13
قىسلىپ	تۇرمىن	15
كۇنىڭدى	وتكىزىپ	14
وتىرشى	جانىم	14
وردا	بولسىن	15
قويماسا	بولدى	8
شاكۇرتىگە	باراتىن	12
وكپەلەپ	قالدىم	11
وكپەلەپ	قالدىڭبا	14
پارتيا	مۇشەسى	13
پارتيا	مۇشەلەرى	14
ءوزىمدى	ءوزىم	10
باعايىن	دەپ	13
تاستايىق	دەپ	11
ەستىمەدىم	عوي	12
السادا	بولادى	13
كەلمەپتى	عوي	12
تۇسبەي	تۇر	11
تۇرۋ	كەرەك	14
اقرىن	اقرىن	6
توقتامايدى	ەكەن	12
حانزۋشا	جازىپ	11
ساۋداسى	جاقسى	15
ساۋداسى	كۇسەت	12
گۇشتى	عوي	9
گۇشتى	ەكەن	15
جىرما	سوم	14
كەزىكپەي	قويدىڭ	10
ازاماتتىق	كۋالىك	14
جورعا	ات	8
تۇرعىم	جوق	14
تۇرعىم	كەلمەي	12
تۇرعىم	كەلمەيدى	5
بىلگەم	جوق	13
مايلى	بولسىن	13
ەلەپ	ەسكەرىپ	9
كەتكەننەن	كەيىن	8
كەتكەننەن	بەرى	5
شارشاساڭ	دەمال	15
قولايسىزبا	دەپ	13
اراسىنا	تۇسىپ	9
تۇرعانىن	قاراشى	12
ەبىن	تاۋىپ	11
ەبىن	تاپساڭ	6
قاتىراسىڭ	عوي	15
سويلەگىم	جوق	8
سويلەگىم	كەلىپ	14
سويلەگىم	كەلمەي	11
سويلەگىم	كەلمەيدى	9
قاپشىق	تەمەكى	11
تۇىس	تۇعان	11
بىرجاققا	كەتىپ	14
كەلنشەگىڭ	بار	12
شۇشىرە	تۇيىپ	15
سالۋ	كەرەك	14
سالۋ	وڭاي	11
تەلەپونىم	توقتاپ	13
تۇسىنشى	جانىم	7
تۇسىنشى	بولاما	10
كەتتك	قوي	12
جينى	يۋان	10
اشامىن	عوي	14
اشامىن	دەپ	15
كىلىت	جوق	13
كىلىت	قايدا	14
وتىرعانىم	عوي	15
كەلىنشەگىم	مەنىڭ	9
قوناتىن	بولىپ	12
جولدايدى	ەكەن	11
جولدايدى	ەكەنسىڭ	12
لىپ	ەتىپ	14
قابارلاسباي	كەتتىڭ	12
قابارلاسباي	قويدىڭ	12
كۇرگەندەي	جۇرىپ	14
تىستەپ	تىستەپ	10
سارتوعايعا	باراتىن	14
باعۋ	قيىن	11
باعۋ	وڭاي	12
سۇراماي	اق	13
سۇرامايمىن	عوي	12
تانىسا	وتىرايىق	15
ايتقانڭ	كەلسىن	3
ايتقانڭ	كەلسن	12
ايتقانڭىز	كەلسىن	5
تاراعان	جوق	2
تاراعان	سوڭ	12
ادالمىن	جانىم	9
ەتسەڭ	بولدى	6
كىلتىن	الىپ	13
تۋادى	عوي	10
تۋادى	ەكەن	15
اشايىنبا	جانىم	13
ىستەگەم	جوق	12
تۇرالماي	جاتىرمىن	5
ايتقاننان	كەيىن	14
ەمەسپىز	عوي	12
قىزعىپ	قالدىم	8
ەكەنسز	عوي	15
بىلشى	جانىم	9
ىستەۋ	كەرەك	15
اششى	جانىم	8
شىدامايدى	عوي	14
شىدامايدى	ەكەن	13
قاقىم	جوق	10
قاقىم	نە	2
ۇنسىز	قالدىڭ	14
ىشسەك	بولادى	13
ىشسەك	بولۋشى	14
نۇرى	جاۋسىن	15
داۋسىڭدى	ەستىپ	12
داۋسىڭدى	ەستىگىم	12
قاپسىڭ	عوي	12
ەسكتىڭ	الدىن	6
ەسكتىڭ	الدىندا	11
ەسكتىڭ	الدىنا	9
قۋاتتى	بولسىن	12
تۇيەنىڭ	سۇتىن	7
سويلەمەدىڭ	عوي	10
كامپيت	الىپ	5
ورامال	داستارقان	15
قايتەرىمدى	بىلمەي	12
كۇلدىڭ	عوي	1
سۇزىڭە	قاراي	11
ۇنايدى	جانىم	13
ۇنايدى	ماعان	14
قاتەرلى	عوي	13
قاتەرلى	ەكەن	15
مىقتتى	بولسىن	12
داق	كەتىرەتىن	12
كۇرسەتشى	جانىم	15
تاقى	بىر	11
تارباعاتاي	تولى	13
تارباعاتاي	ايماعى	12
كىلەت	تازالاپ	9
قاتنىم	مەنىڭ	14
ميىڭدى	جەپ	14
كەشر	جانىم	13
كەشر	كەشر	13
ەركەكتىڭ	بارى	10
توقتادى	عوي	13
دەدم	عوي	15
سويلەمەشى	بولدى	12
سويلەمەشى	ماعان	12
قيمىلعا	قاتىناسىپ	15
ۋايىم	بولدى	15
ۋايىم	قايعى	14
جۇمىسىمدى	ىستەپ	14
جۇمىسىمدى	بىتىرىپ	11
كۇيىڭدى	جاقسى	11
ءبىرىنشى	دەنساۋلىعىڭ	11
قىستىق	جازدىق	14
قيميدانعا	كىرگىزىپ	14
اۋىرەلەپ	قويدىم	6
جىگتىم	بار	4
تۇبىندە	بىر	11
جاسىڭىز	ۇزاق	13
جاسىڭىز	نەشەدە	4
بىرىنەن	كەيىن	10
بىرىنەن	باستاپ	13
بىرىنەن	بىرى	12
ۇتىرك	ايتىپ	8
ەسمە	تۇسىپ	15
ارتقا	قاراي	6
سويلەۋ	قولايسىز	14
قاراسۋعا	بىر	5
جەيىم	دەپ	14
جۇرت	امان	12
قويار	ەدىم	12
قويار	تالابىم	11
نيەت	جوق	13
نيەت	قابىل	13
شاقىردىم	عوي	12
مازانى	الىپ	14
مازانى	الدى	6
مازانى	الادى	14
ەسڭە	تۇسىپ	15
شاتتىققا	تولسىن	11
سويلەگەم	جوق	3
شتىڭبە	جانىم	6
ويلامايدى	عوي	11
ويلامايدى	ەكەن	15
ويلامايدى	ەكەنسىڭ	13
جاقسڭدار	قىزدار	15
جگتىم	بار	13
سالعالى	جاتىر	12
سالعالى	جاتىرمىن	14
اشيدى	ەكەن	11
اپتادان	كەيىن	13
اپتادان	سوڭ	6
اپتادان	باستاپ	15
باعامىن	دەپ	14
جاعىڭ	عوي	11
جاعىڭ	قارىسىپ	14
اقىلى	بار	13
ۇيتپەيمىن	جانىم	9
كۇرەسىڭبە	جانىم	11
اۋەلەي	بەرسىن	15
ساياقات	كۇڭىلدى	1
ويىڭدى	ايتشى	12
قايتارادى	ەكەن	14
تۇڭىلىپ	كەتتىم	12
بارپتى	عوي	7
جەمس	جيدەك	11
ارالىق	ساقتاپ	9
قوينىڭا	الىپ	9
قوينىڭا	كىرىپ	13
ۇيتە	المايمىن	10
ۇيتە	بەرسەڭ	12
حاۋبا	دەدىم	13
قويدىمبا	دەپ	5
قالماسام	بولدى	14
مالىم	بىر	10
مالىم	بار	14
قارالى	شاي	12
قارالى	قابار	11
قارالى	حابار	10
قارالى	شايعا	7
سونىكى	عوي	13
كىرەيىن	دەپ	9
كىرەيىن	دەسەم	10
ءارينە	جانىم	13
شىعاردىم	عوي	14
ۇيقتايدى	ەكەن	14
قوبىپ	تۇر	14
قوبىپ	كەتتى	10
سوقىر	ىشەك	8
بارايىنشى	جانىم	10
بارايىنشى	بولاما	13
باقىرىپ	جاتىر	14
تىيىن	جوق	13
باتتى	عوي	10
جەتىسى	كۇنى	8
ارالاسقان	سوڭ	13
بارايىقپا	دەپ	15
سۇيلەمەدى	عوي	12
سۇيلەمەدىڭ	عوي	11
ميانمو	شاپتاپ	5
جاستان	جوعارى	9
بەرەكەدەن	ايىرماسىن	13
بەرمەيىم	دەپ	2
كىردىك	ۇيگە	14
ساتاتىندار	بولسا	14
ساتاتىندار	بارما	10
بولماپتى	عوي	5
شۇنىنە	جولداپ	10
دايحو	بار	11
ەستىگەم	جوق	11
قۇيدىڭ	عوي	8
دوسىڭدى	ەرتىپ	9
مەنەندە	سالەم	10
مەنەندە	جاقسى	15
وواينالايىن	جانىم	15
قايتاردىم	عوي	4
جامباس	وكىل	14
جامباس	ۇكىل	12
بايقاي	جۇر	12
ۇزىلىپ	قالدى	13
ءونىمدى	بولسىن	12
قىزادى	عوي	6
قىزادى	ەكەن	12
وننى	ايتتىڭ	4
قاشقالاقتاپ	جۇرسىڭ	7
قاشقالاقتاپ	تۇرسىڭ	11
ديدى	عوي	13
قوندىڭبا	جانىم	12
دەگەندەر	بولسا	14
كەلەعوي	جانىم	12
ومىردەن	تۇڭىلىپ	12
داۋالانىپ	جاتىرمىن	12
يىن	دەپ	13
ساعنپ	كەتتم	11
بولۇ	كەرەك	10
جۇرۋشى	ەدى	5
جۇرۋشى	ەدىم	7
جۇرۋشى	ەدىڭ	11
شابىت	كەلىپ	10
بۇران	سوعىپ	11
ىشپەك	جەمەك	10
ۇنەرى	ۇستەم	2
ۇنەرىڭ	ۇستەم	4
جەتەر	جوق	1
ەشكىمدە	جوق	15
كۇشەيىپ	كەتتى	11
ويلاماشى	جانىم	14
ويلاماشى	بولاما	9
قالعىپ	شۇلعىپ	14
قابارلاسۋ	تەلەفون	11
قابارلاسۋ	نومىرى	13
التنشى	ايدا	10
ۇيالادى	ەكەن	13
ۇيالادى	ەكەنسىڭ	15
ۇيالادى	ەكەم	9
ايتباعان	بولايىن	10
قسىلىپ	تۇرمىن	11
كۇزىمە	كۇرىنبەي	14
تۇسىرە	الماي	12
جولدادىڭ	عوي	9
ەسىڭدى	جيىپ	9
جاتقانشا	دەپ	8
ماقۋل	جانىم	14
پسىپ	كەتتى	12
ەڭبەگىڭ	جانسىن	11
دەنىڭىز	ساۋ	11
بەكەردەن	بەكەر	1
تۇسڭدە	مەنى	2
كەزگەم	دەپ	3
كەزگەمىز	عوي	10
كەزگەمىز	جانىم	13
بەستى	ات	13
بەستى	ايعىر	13
كىيناۋ	كورىپ	12
كىيناۋ	كۇرىپ	6
ارقاسى	عوي	14
مىيىم	اشىپ	9
كەتەمبە	دەپ	10
بەيجىڭ	ۋاقىتى	5
تۇىن	تىنىشتىعىن	7
ۇيالمايتىن	ادام	6
قاربالاسى	بولىپ	11
كۇندەردىڭ	بىرىندە	9
كۇندەردىڭ	كۇنىندە	9
جاتىس	جايلى	11
وتىرسىز	عوي	11
قىزدارمەن	بىرگە	10
شاقىرامىز	دەپ	13
نومىرىڭىزدى	جولداپ	13
نومىرىڭىزدى	جولداڭىزشى	7
كەشىرىپ	قوي	9
ۇنحات	نومىرىڭدى	11
بولاشاعىڭ	نۇرلى	13
ۇيىقتاتىپ	جاتىرمىن	1
ۇيىقتاتىپ	تاستاپ	13
ۇندەمەيسىڭ	عوي	14
ورتاسىنا	دەيىن	4
سوزىنە	ەرىپ	12
بىلەمە	ەكەن	14
قويمايتىن	شىعار	14
قويمايتىن	بولدىڭ	12
مىيدى	جەپ	14
قۇمىلدان	باركولگە	6
وباي	جانىم	6
وباي	وباي	11
بولپسىڭ	عوي	7
سالايىنبا	دەپ	4
ۇزاسا	بىر	13
كەلگىڭ	كەلىپ	12
كەلگىڭ	كەلمەي	12
كەلگىڭ	كەلسە	11
كەلگىڭ	كەلمەسە	11
شققالى	جاتىرمىن	9
شققالى	تۇرمىن	9
ۇقبايدى	ەكەن	11
ۇقبايدى	ەكەم	13
مالداردى	جوندەپ	13
مالداردى	جۇندەپ	14
شكەلى	جاتىرمىن	14
شكەلى	جاتىرمىز	11
جاتىڭبا	جانىم	8
قوسساڭ	بولدى	10
ورتاداعى	بارلىق	13
جاقسىلىقتى	تىلەيمىن	10
كۇركىم	كەلىپ	13
اشقازانىڭ	قانداي	2
اشقازانىڭ	اۋىرىپ	13
شىركىناي	دەشى	13
جاردەم	قىلىپ	10
حالىققا	تىلەك	10
ساعىنساڭ	كەل	2
سالامبا	دەپ	13
قىزداي	بولىپ	8
ەتەتىن	ەدىم	9
قىستان	امان	13
قىستان	بەرى	4
دەمالساڭ	جاقسى	14
دەمالساڭ	بولمايما	13
كينىپ	جۇر	11
كورىنەدى	عوي	12
كورىنەدى	ەكەن	13
گۋانجۋ	قىلىپ	10
ۋاقىتىڭىز	بولسا	6
ۋاقىتىڭىز	بارما	11
ۋاقىتىڭىز	قانشا	14
سۇيپ	سۇيپ	13
كىلتتى	الىپ	14
تاعدىر	سولاي	13
سويلەدىڭ	عوي	14
تالعام	سىزدەن	4
وينايىن	دەپ	12
كورمەيسىڭ	عوي	9
مارال	جالعىز	11
سەمەن	بىرگە	12
ىسىڭە	ساتتىلىك	14
قولىڭىز	بوس	3
قولىڭىز	بوساعاندا	13
مانى	جوق	12
مانىسى	جوق	10
شەشىنىپ	جاتىپ	4
شەشىنىپ	تاستاپ	14
كورگىڭ	كەلىپ	12
كورگىڭ	كەلمەي	9
كورگىڭ	كەلسە	14
قايتسىن	دەپ	13
قالمايتىن	بولدى	13
قالمايتىن	شىعار	15
كۇنىمە	كەرەك	10
ويلاعانداي	ەمەس	8
سەگىزگە	دەيىن	12
سوزدەرىڭدى	ەستىپ	11
اراعا	دەيىن	14
وتىرسىن	دەپ	10
راسمگە	تۇسىپ	12
راسمگە	تارتىپ	13
ۇقشايدى	ەكەن	8
شۇندەرگە	جولداپ	14
حوگو	جەپ	6
كۇنىمدى	وتكىزىپ	12
شنبەي	ۇزى	14
تۇسمە	كىرىپ	3
بارمادىق	قوي	7
ارالتوبەگە	بىر	13
گەلە	جاتىرمىن	12
تاپسىرماسىن	ورىنداپ	11
تاپسىرماسىن	ورىنداتىپ	14
ۋاقىتتىق	قيىنشىلىق	13
ايىنالايىن	جانىم	10
ايىنالايىن	بەرەسىالقان	12
كوزدەن	ساقتاسىن	10
اينالدىم	جانىم	7
تۇسندىرىپ	ايتىپ	12
ويىمدا	جوق	11
ويىمدا	ەشتەڭە	11
الدادىڭ	عوي	12
ادەتىم	جوق	9
ادەتىم	بار	12
ادەتىم	كەلىپ	14
راسبا	جانىم	12
قاۋپتى	عوي	10
قاۋپتى	ەكەن	11
سۇيەسىڭبە	جانىم	14
سۋلۋ	قىز	10
تارادى	عوي	12
بەتىڭنەن	بىر	13
بەتىڭنەن	سۇيىپ	14
بەتىڭنەن	سۇيدىم	10
اكەلەيىن	دەپ	12
اكەلەيىن	دەسەم	6
ايتعانىڭ	كەلسىن	14
تىرناق	استىنان	2
ميمدى	جەپ	13
قالعانداي	بولىپ	7
اقىلىڭ	بار	14
ساۋاننان	اۋىلعا	5
ىشپەيدى	ەكەن	12
قۋانشتى	قابار	13
قۋانشتى	حابار	12
دەنەسى	كەسەك	8
سۇيلەمەيتىن	بولىپ	11
سۇيلەمەيتىن	بولدىڭ	10
جاتقامىز	جوق	14
تىيمەي	جاتىر	7
العانىم	جاقسى	9
ۇقپايسىڭ	عوي	13
كۇرىنبەي	كەتتىڭ	13
كوتىنە	كىرىپ	12
شۋلاپ	جاتىر	9
سۇيتەعوي	جانىم	13
قالعىم	كەلىپ	10
قالعىم	كەلەدى	8
قالعىم	كەلمەيدى	14
جۇزدە	جۇز	10
وزڭدە	جاقسى	4
قاتىناسقا	سالىپ	11
جايمالاپ	قوسىلىپ	14
جازدادى	عوي	7
جازدادىم	عوي	10
بۇلدا	بىر	13
كەلەسىڭدەر	عوي	13
وقىس	بولىپ	14
ىشپەسەڭ	بولمايدى	12
ىراقمەت	جانىم	12
بۇرشىنعا	باراتىن	14
قالاش	نان	12
جاقسىلىققا	تولى	8
جاقسىلىققا	اسىق	13
سوزىڭدە	تۇر	13
قايعى	جوق	8
قايعى	بولىپ	10
جانڭدا	كىم	14
ەستيىن	دەپ	14
جوقسڭ	عوي	13
پارىق	جوق	6
پارىق	بار	12
تۇسىنىكتى	بولدى	10
ماعاشىم	شىققاندا	6
نازىرگە	بارىپ	9
باسايىن	دەپ	12
تالەيىڭ	جوق	8
تالەيىڭ	بار	13
جنىم	ۇستاپ	12
توپتىق	جولداما	6
ۇتسە	بولدى	13
سەگىزى	كۇنى	13
جاتقاندار	بار	10
جاتقاندارىڭىزعا	راحىمەت	10
جەڭدەر	دەپ	9
نەتاماق	ىشتىڭ	14
تاماعىمدى	ىشىپ	13
وزدەرىڭە	كوپ	8
ساۋاپ	بولسىن	13
ساۋاپ	بولادى	12
ساۋاپ	بوپتى	13
اشۋىڭدى	ماعان	13
اشۋىڭدى	باس	11
باعامىز	دەپ	8
قانىت	كامپيت	13
قابارلاسادى	عوي	6
قابارلاسادى	دەپ	11
تۇسنەدى	عوي	14
تۇسنەدى	دەپ	11
سوقپاي	تۇر	12
سوقپاي	قالدى	11
امالىڭ	جوق	12
نومەرىن	جولداپ	3
ونعا	دەيىن	9
شعارادى	عوي	6
شعارادى	ەكەن	14
يۇقتاپ	قالدىڭبا	10
الەمدەگى	بار	10
الەمدەگى	بارلىق	7
ايىتتىڭ	عوي	5
اشۋلانبا	جانىم	11
جەڭە	المايسىڭ	12
حاباردار	بولدىق	14
حاباردار	بولىڭىزدار	8
تۋماۋ	تيىپ	9
جاتپتى	عوي	7
ساتامىز	دەپ	12
ەلىۋ	سوم	12
سۇيلەدىڭ	عوي	8
قاسىق	اۋىز	5
شارۋام	جوق	13
شارۋام	بار	12
ۇاقىتىڭ	بولسا	9
ۇاقىتىڭ	كوڭىلدى	12
دەمەسە	بولدى	14
دەمەسەڭ	بولدى	10
ۇيىقتاعان	جوق	10
ونىمى	جاقسى	10
كەشىرە	المايمىن	13
بارماساق	ۇيات	13
كىرىن	جۋىپ	13
ساعاتتىق	جول	6
ساعاتتىق	قيمىل	11
تابسىڭ	تاۋ	7
تابسىڭ	مول	11
تاسىرى	جوق	3
جولداسىڭ	نە	13
جاتىن	ورىن	14
ۋاقىتتان	كەيىن	10
ۋاقىتتان	بەرى	6
كۇيەۇ	بالا	9
جوقپىز	عوي	8
ۇيرەنە	بەر	14
ۇيرەنە	الماي	14
بىتبەي	جاتىر	11
بىتبەي	قالدى	8
جۇعستى	بولسىن	13
كەتپەيتىن	شىعار	2
نارسەم	بار	11
ورنىڭ	بولەك	8
ورنىڭدى	جولداشى	10
جارم	ساعات	12
قالماساڭ	بولدى	10
قىيناپ	قويدىم	4
جالقاۋ	بولىپ	12
اۋميىن	راحىمەت	13
اۋميىن	ايتقانىڭ	14
جۇرگەنگە	نە	11
قوسايىق	دەپ	10
ءبول	جانىم	12
قادىرىڭدى	بىلمەگەن	10
كۇردىك	قوي	14
كۇرسەتەيىن	دەپ	14
كۇلەدى	عوي	11
امالداشى	جانىم	12
تاتۋ	بولسا	11
تاتۋ	تاتتى	14
ويىڭدا	مەن	9
تىلدى	الىپ	11
كەتسەڭدە	بولادى	14
ۇزڭشى	نەعىپ	14
شايڭدى	ىشىپ	13
الاڭدايدى	عوي	9
الاڭدايدى	ەكەنسىڭ	14
الاڭدايدى	ەكەم	13
ۇلىمگە	بارىپ	10
كۇيدەن	كەتىپ	10
سىرلى	بولىپ	7
بەينەڭدى	جولداشى	13
بەينەڭدى	كورگىم	10
اۋارايى	قانداي	12
شىقبادى	عوي	10
ەرىگىپ	جۇرگەم	12
تۇركىن	جاققا	14
تۇركىنگە	بارىپ	8
تىڭداي	الماي	12
تىڭداي	المادىم	11
باتاعا	بارىپ	12
ۋكىل	استىرىپ	11
قونام	دەپ	10
كەزىككىم	كەلىپ	11
كەزىككىم	كەلەدى	4
قورقپا	جانىم	12
جۇرگەندەر	بار	13
اشعىن	ايت	14
اشعىن	ايتشى	13
تۇرسىز	عوي	12
كەتشەي	ارى	8
شىقام	جوق	8
سياقتىسىڭ	عوي	12
سۇيەدى	ەكەن	7
دارەتقاناعا	بارىپ	12
يتىڭ	بالاسى	11
ولەدى	عوي	8
تڭداپ	وتىرمىن	11
بۇلعان	سۇڭ	14
قالماشى	جانىم	10
جەمىن	بەرىپ	9
وقشامايدى	عوي	8
وقشامايدى	ەكەن	9
تاكسيگە	وتىرىپ	11
ماشىينانىڭ	ىشىندە	11
تانمايدى	ەكەم	13
تانمايدى	ەكەنمىن	10
ىشۋ	كەرەك	10
بوساماي	جاتىر	10
ورىندىق	قاپ	9
ۇيقتايسىڭبا	جانىم	14
ايلىعىم	شىققاندا	11
جىبەرىپتى	عوي	8
اتبال	ازامات	11
جازۇ	جاز	1
جازۇ	جازىپ	8
ولەم	عوي	11
ولەم	دەپ	13
جۋىنىپ	شايىنىپ	11
سۇيلەمەياق	قوي	9
سۇيلەمەياق	قويايىن	5
جويا	سال	10
اشلىپ	كەتتى	6
ايتم	عوي	11
جاقسىلىعىن	بەرسىن	6
مڭ	يۋان	9
مڭ	سوم	14
قۋتتى	بولسىن	14
شاقىرامىن	عوي	3
شاقىرامىن	دەپ	11
جەتسپەي	جاتىر	13
گۇڭىلدى	بولسىن	10
اسقىنىپ	كەتپەسىن	2
شىعارشى	جانىم	13
سويلەۋگە	قولايسىز	12
قانىڭدى	ىشەم	7
كەتپىن	عوي	12
ستەيمىز	عوي	10
جۇرەگىڭنەن	اينالايىن	13
اياقتايدى	ەكەن	6
نەمىز	بار	13
قۇلاي	سۇيەم	2
قۇلاي	سۇيەمىن	10
قۇلايسىز	بولىپ	11
ۇقتاپ	قالدىڭبا	8
بويدان	ەرتە	11
بويدان	كەتىپ	6
كەرەكتى	نارسە	12
شارۋاڭدى	ىستەي	11
ناراتتان	اۋدانعا	9
ورلەيتىن	كولىك	9
ورلەيتىن	جولاۋشىلار	8
دۇعا	قابىل	6
جامىلىپ	جات	8
داۋىسى	باسىلىپ	11
قابىنۋ	بار	13
ەسىكتەن	كىرە	10
نامازى	ەرتەڭ	12
اقىلداسۋعا	بولادى	11
الماقشى	بولساڭىز	2
الماقشى	بولساڭىزدار	14
ايامايمىن	عوي	11
كەتكەنىڭ	جاقسى	6
كەتكەنىڭ	نە	11
سۋىتىپ	تۇر	14
سۋىتىپ	كەتتى	14
راسمڭدى	جولداپ	8
راسمڭدى	جولداشى	12
بوساڭ	بولدى	4
ساعىندىق	قوي	12
شاپشال	اۋداننان	4
دەمالشى	جانىم	12
دەمالشى	بولدى	14
ۇزارىپ	كەتتى	13
كەشگە	دەيىن	7
كورمەگەلى	قاي	13
كورمەگەلى	كوپ	13
سۇيتتىم	عوي	8
جىلاعان	جوق	12
دۇيىن	كورىپ	11
دۇيىن	كۇرىپ	11
العانداي	بولىپ	8
سويلەسەيىن	دەپ	14
ۇيقتاڭدار	بولدى	11
ۇيقسى	كەلىپ	12
تۇسىنگەنىڭە	راحىمەت	11
ءماز	بولىپ	7
ءماز	بوپ	7
ساباقتى	جاقسى	13
ۇيىمدى	تازالاپ	13
شاشىلىپ	جاتىر	13
گەرەك	بولىپ	14
سۇيلەمەشى	بولدى	9
ەگەتىن	كەرەمەت	12
ىستەگىم	كەلىپ	8
ىستەگىم	كەلمەي	10
ۇيىقتادىڭبا	جانىم	6
قوسامىز	دەپ	12
الپپىن	عوي	12
ايتىڭىزدار	جىگىتتەر	13
جولىعايىق	بولاما	12
كەشەگىدەن	قالايسىڭ	12
شاۋشەككە	باراتىن	10
ەستگەم	جوق	12
الاعاقتان	التايعا	7
بولماياق	قوي	5
بولماياق	قويايىن	7
قيىنداۋ	ەكەن	12
قيىنداۋ	بولىپ	8
بۇتەلكە	اراق	12
قۇيىرىق	ماي	11
قاسما	كەلىپ	6
تاماعڭدى	ىشىپ	10
كەگەن	جوق	11
كەگەن	سوڭ	13
كەرشىلىك	جوق	13
قاترجام	بول	10
ەستەن	كەتپەس	7
نەگىزگى	ماتەيالدارىڭىزدى	11
ايتاعوي	جانىم	12
قويعانىم	عوي	12
ءتۇس	كور	5
جەگەلى	جاتىرمىز	9
باسىمنان	وتكەن	10
جاتتر	ەكەن	12
سۇلۋسىڭ	عوي	14
سۇلۋسىڭ	جانىم	8
تەرەزەدەن	قاراپ	14
دارمەن	جوق	13
سەنگەن	سوڭ	7
الەمنىڭ	بار	12
الەمنىڭ	نۇرى	9
عاجاپ	ەمەس	14
بۋىن	جوق	13
ايتارڭ	قابىل	11
ايتارڭىز	قابىل	3
قادىرىم	جوق	1
سويلەمەياق	قوي	8
سويلەمەياق	قويايىن	5
قۇرىم	اياق	10
قۇرىم	داستارقان	13
كۇردە	تۇر	13
كۇردەلى	ەمەس	5
قالعاسىڭ	عوي	12
كەشەلى	بەرى	11
قالجڭ	عوي	1
قالجڭداپ	جاتىرمىن	11
جولداعام	جوق	13
تيمەدى	عوي	10
قالعانىم	اي	12
تانىي	الماي	11
تانىي	المادىم	8
تانىيتىن	ادام	8
ەمىن	ەركىن	10
كوزدى	اشىپ	2
كوزدى	جۇمىپ	14
كەزەكشى	بولىپ	12
جاسايىم	دەپ	10
بارعامىن	جوق	12
سەنمدى	ادام	11
كيگىز	ۇي	13
سيمايدى	عوي	9
سيمايدى	ەكەن	12
وشىپ	قالدى	11
بوساي	الماي	13
تۇسەيىك	دەپ	11
اپپاعىم	سول	10
اپپاعىم	مەنىڭ	13
قالڭ	قالاي	10
قۇلىندار	سول	7
قۇلىندار	امان	10
قۇلىندارىم	سول	13
قالدىمبا	دەپ	6
جۇرەگىمنەن	جاقسى	10
قۋانىشتى	حابار	13
تولدى	بولسىن	7
دايقو	بار	11
شىقادى	ەكەن	10
كەتتەدى	ەكەن	12
سۋرەتكە	تۇسىپ	12
سۋرەتكە	تارتىپ	14
جازدىڭ	عوي	9
كارتەيدىك	قوي	11
شىنمدى	ايتىپ	5
شىنمدى	ايتسام	13
حابارسىز	كەتتىڭ	3
تۇسنەمىن	عوي	6
نارسەلەرىن	الىپ	8
كۇندەلكتى	كۇيبىڭ	10
تاۋىقتىڭ	جۇنىن	13
زيرات	باسىنا	8
زيرات	باسنا	3
انجە	قىلىپ	11
ادامگەرشىلىك	جوق	12
تۇبەدەگى	كىسى	10
تۇبەدەگى	كسى	8
قالامىڭ	قارىمدى	10
كەلنشەگىم	مەنىڭ	1
جاردام	قىلىپ	12
باللارىڭ	جاقسىما	9
ۇيقتايعوي	جانىم	9
المايسڭ	عوي	8
شىعارساڭ	بولدى	11
قايتاراسىڭ	عوي	12
اپاسىنىڭ	ۇيىنە	11
اپاسىنىڭ	بالاسى	13
جاستاعى	بالا	13
كۇزىمدى	جۋىپ	9
جەگىڭ	كەلىپ	10
جەگىڭ	كەلەدى	7
جەگىڭ	كەلسە	13
شايدان	كەيىن	13
الدىمنان	شىعىپ	11
رەنجىتىپ	الدىم	13
شنايى	جاقسى	12
سەبەبىن	ايتشى	13
دەرىڭ	قابىل	9
ىسپ	كەتتى	4
جاۋسا	جاقسى	10
تاۋەكەل	دەپ	14
وياتا	سال	12
وياتا	سالشى	5
قالعانىڭ	جاقسى	11
ەجاقسى	بولىپتى	13
مالدارىڭىز	بولسا	3
اۋىزدى	ۇي	3
قۇدىرەت	اي	11
شىداساڭ	بولدى	13
قالامىزبا	دەپ	9
دەۋگە	كەلمەيدى	7
اسادى	ەكەن	6
ەمەن	ەركىن	10
رەنجمەشى	جانىم	6
رەنجمەشى	بولاما	10
ىلىنىپ	كەتىپتى	12
ۇيقتاساڭ	جاقسى	6
وتىردىڭ	عوي	13
رەنجيسىڭ	عوي	6
ماڭايىن	تازالاپ	9
ماڭايىندا	بولسا	7
قىزعانادى	عوي	12
قىزعانادى	ەكەن	13
الماگۇل	الماگۇل	12
ۇيقتاشى	بولدى	4
بارعاي	جاتىرمىن	10
تۇلپارىڭ	قۇتتى	11
وزىمنەن	وزىم	2
جابىلىپ	قالدى	9
جەتگەن	ورازا	11
سياقتسىڭ	عوي	9
داۋستا	سۇيلەشى	8
اڭقاۋ	باسىم	8
ەسڭدە	بولسىن	10
ىستەتەم	دەپ	5
تايشۇر	ويناپ	13
توعىزى	كۇنى	13
ىشكەردەن	سالىنادى	11
شاڭىراققا	شاتتىق	7
جاقپايدى	ەكەن	13
پاپاپاپاپاپا	پاپاپاپاپاپا	9
جاساعام	جوق	10
ازداۋ	بولىپ	7
كوكتوعايعا	باراتىن	11
توردەن	ورىن	13
دەگەنسىڭ	عوي	1
الدىمبا	دەپ	12
قاشاسىڭ	عوي	9
جالعىپ	كەتتىم	10
ەسىمنەن	شىعىپ	7
ەسىمنەن	كەتپەيدى	13
جاتىرەكەن	دەپ	13
سۇزىڭدە	تۇر	12
تالدىعا	بىر	8
تۇكتى	ۇشىرىپ	13
توڭقايتىپ	قويىپ	8
تۇتىن	بولىپ	7
ۇشتى	عوي	11
ۇيلەردى	تازالاپ	10
تانمايتىن	ادام	7
شقتىڭ	عوي	10
بەرمەياق	قوي	9
بارمايما	ەكەن	4
شارشامادىم	جانىم	11
رومكا	ىشىپ	10
جاعدايىڭا	قارا	10
جاعدايىڭا	قاراپ	10
جاعدايىڭا	قاراي	6
قارامايسىڭ	عوي	9
شالقادان	تۇسىپ	7
ءناسىپ	بولسىن	4
ءناسىپ	ەتسىن	11
قابارلاسپادى	عوي	6
سىزگەدە	راحىمەت	10
سىزگەدە	وڭاي	11
تۇسىرەدى	ەكەن	13
جۇيرىك	بولسىن	8
شوپىرلار	بولسا	11
شوپىرلار	بارما	13
ۇلەم	عوي	12
ۇلەم	دەپ	13
ۇيشڭنان	جۋىپ	12
ىستەرىڭە	ساتتىلىك	10
تانسقانىما	قۋانشتامىن	2
جۇمستارمەن	قاربالاس	2
بولىۋ	كەرەك	10
كۇركەم	جوق	4
قارىزىم	بار	7
راسمى	بارما	6
راسمىن	جولداپ	10
راسمىن	جولداشى	13
ۇمىردەن	تۇڭىلىپ	9
كۇزدەن	بەرى	11
بۇلماي	تۇر	8
بۇلمايدى	ەكەن	11
جولىڭا	تۇس	13
جولىڭا	قاراپ	11
ايلىقتا	بەرەيىن	10
كۇزىڭدى	جۇمىپ	9
قايتايىنبا	دەپ	12
بۇرتۇرلى	بولىپ	8
بولارى	بولدى	7
بولارى	بولىپ	9
تارتبايدى	ەكەن	6
جاتقانىڭىزعا	راحىمەت	8
زاتىمدى	تاپسىرىپ	9
تاستايسىڭ	عوي	10
قونادى	ەكەن	10
سۇسىن	الىپ	9
وزگەرىس	جوق	12
جاعىدايىڭ	قالاي	10
قوزىلى	قوي	7
جابار	ىستەپ	2
شاتىر	ۇي	11
جاسسىڭ	عوي	12
بولىپتتى	عوي	4
تايادى	عوي	10
الماپتى	عوي	10
قويعانىڭ	جاقسى	11
مەرەكەلى	بولسىن	10
قوسىمشا	قاراجات	12
نۇمىرىڭىزدى	جولداپ	9
نۇمىرىڭىزدى	جولداڭىزشى	6
بايلانستى	عوي	10
بىرجارىم	بار	9
شقشى	جانىم	11
جابىق	ەكەن	12
ەكەنسڭدەر	عوي	7
قايتشى	جانىم	9
بۇگىنەن	باستاپ	12
جەسىر	قاتىن	3
دەپتىم	عوي	12
ۇنىمى	جاقسى	12
سەنسىز	كۇنىم	13
مەتىرى	قانشا	12
كورگەنىم	ۇشىن	8
ولەيىن	دەپ	11
ولەيىن	دەدىم	6
ساعىناتىن	بولدىم	8
اشقانادان	تاماق	10
ميندا	بار	10
ميندا	بارما	5
شنىڭدى	ايتشى	8
تازالايىن	دەپ	6
ەستىگىم	كەلىپ	3
ەستىگىم	كەلمەيدى	5
بولساقتا	امان	11
دونەن	ايعىر	9
دەمىڭدى	ال	12
دەمىڭدى	الىپ	5
مىنەزىم	جامان	10
ميڭدا	بار	11
ميڭدا	بارما	12
ويلى	بولىپ	3
بەسىك	توي	6
قايتارعان	جوق	9
وتىرعامىز	جوق	10
ويلاعانى	بار	8
ويلاعانىم	عوي	5
ساعندىڭبا	جانىم	6
كۇرۋ	كەرەك	8
تۇسىپتى	عوي	12
تۇماۋىڭ	قانداي	10
جانىمداي	جاقسى	5
قويساڭدا	بولادى	2
قويساڭدار	بولدى	6
قويساڭدار	بولادى	10
شىقپاعان	سوڭ	12
كەزىگەيىكشى	جانىم	12
كەزىگەيىكشى	بولاما	11
ۇشرىپ	تاستا	11
تونار	نان	9
سۇرايىم	عوي	6
اپارساڭ	بولدى	12
اسپا	وكىل	12
اسپا	ۇكىل	11
اكەسنىڭ	باسى	10
بارۋشى	ەدىم	12
كۇكتوعاي	اۋداننان	5
كۇكتوعاي	اۋدانى	11
ەرگىپ	جۇرگەن	12
تايشۋ	ويناپ	13
جىنم	ۇستاپ	11
كەزدەن	بەرى	9
كەزدەن	باستاپ	10
جالىعىپ	كەتتىم	7
بوقتى	جەمەشى	6
بوقتىق	ەستىپ	12
تۇسا	تۇر	10
تۇساۋ	كەسەر	9
زاۋاتتا	ىستەپ	3
بايدىڭ	بالاسى	11
شعپتى	عوي	13
ۇتەم	جانىم	11
ۇلەدى	عوي	12
كەۋدەم	اۋىرىپ	11
كەرىم	كەشىڭ	10
كەرىم	كەشتەرىڭىز	10
تولەي	الماي	8
باعالارى	قانشا	13
قاقىڭ	جوق	7
قاقىڭ	نە	12
قاقىڭ	بولماسىن	7
ۇلگەلى	جاتىرمىن	9
جولىڭدى	توسپايمىن	11
وزدەرىڭدە	كەلىڭدەر	13
اپارايىق	دەپ	9
باسقالاردان	سۇراپ	9
جەتتىڭبە	جانىم	12
شىعارامىن	عوي	13
كورمەدىك	قوي	13
تۇقتاپ	قالپتى	7
وزىڭىزدە	جاقسى	11
جايسىزدانىپ	تۇرمىن	11
كيەم	دەپ	10
نارسەمدى	الىپ	12
دەپسىڭ	عوي	11
جولعايىق	بولاما	5
شعالماي	جاتىرمىن	12
ۇرىس	كەرىس	11
شنڭدى	ايت	9
شنڭدى	ايتشى	11
اتىلماي	جاتىر	6
اتىلماي	قويدى	12
ازاماتتار	بولسا	9
كەرەگىم	جوق	10
قابارلاساتىن	شىعار	5
بىتىرە	الماي	10
جاتتڭبا	جانىم	13
اۋناپ	قۋناپ	12
كۇندىككە	شىعىپ	13
جانسىڭ	عوي	13
سەميالى	ادام	6
سەميالى	باقتاشى	13
نەشەگە	كەلدى	10
نەشەگە	كەلدىڭ	11
ەلەس	بولىپ	11
پىكىر	جوق	11
كەتىپتىم	عوي	9
كەتمە	دەپ	10
شايىمدى	ىشىپ	11
قۇات	بەرسىن	5
كوتىمدى	سۇرتەيىن	12
مىڭنىڭ	ۇستىندە	13
ادامىڭدى	تاۋىپ	9
كايجاڭ	قىلىپ	10
قۇلجانىڭ	قاي	11
تابامىز	عوي	12
بولعامىز	جوق	11
قاشتى	عوي	12
سۇيلەۋ	قولايسىز	10
ىسىم	تۇسىپ	6
قابارلاسقانىم	عوي	8
جازىق	جوق	3
قوزىعا	ەن	12
قوزىعا	سۇت	10
اسعىس	جوق	9
تىماۋىڭ	قانداي	13
اققويعا	بىر	5
تويلىق	جازدىرا	13
ۇزدەرىڭدە	كەلىڭدەر	12
وزىڭنىڭدە	ايتىڭ	8
مىندەتتى	تۇردە	8
ايىتتىم	عوي	3
ىستەتەدى	ەكەن	7
الداماشى	بولاما	8
تىماۇ	تيىپ	13
وقسايسىڭ	عوي	7
تاڭباسى	بار	8
بىرايدا	بىر	4
قوسىلا	الماي	8
بولپتتى	عوي	12
بىلىنىپ	تۇر	10
دوسىمدى	ەرتىپ	8
اعاسىنىڭ	بالاسى	8
قوشىنانىڭ	ۇيىنە	12
قوشىنانىڭ	ۇيىندە	13
شاتاعى	جوق	8
شاتاعى	نە	5
شاتاعىڭ	نە	8
شاتاعىڭ	بولماسىن	4
ىشسىن	دەپ	11
تىسىڭ	قانداي	11
ايىتتارىڭ	قابىل	11
دەمەكشىمىن	عوي	1
ءىشىم	اۋىرىپ	5
تاۋداي	بولسىن	10
ۇيشنعا	قوسىپ	8
بلمەيدى	ەكەم	13
قابىنىپ	كەتىپتى	12
كورسەڭىز	بولادى	10
داۋىسىن	باسىپ	12
سۇيلەگەم	جوق	5
شيپا	بولسىن	6
شيپاسىن	بەرسىن	8
سۇيتىپتى	عوي	2
تۇننەن	بەرى	9
تۇننەن	باستاپ	8
كورۋگە	بولادى	11
اتڭىز	كىم	12
تۋانگە	باراتىن	7
قالڭىز	قالاي	11
تۇكەپ	كەتتى	2
جۇمستارىڭدى	بىتىرىپ	9
قاتىسىم	جوق	7
جۋىلىپ	كەتىپتى	2
ۋاققا	دەيىن	8
ونبىر	جارىمدا	2
ەكەسڭ	عوي	12
القام	جوق	12
ازعانتاي	كوڭىلىم	13
ىلەگە	بارىپ	11
ۇيىقىم	كەلىپ	12
ۇيىقىم	كەلمەي	6
مەنبا	سەنبا	11
جەرلەس	ەكەنبىز	12
ۇرىپسىڭ	عوي	8
پيكا	ماشينا	2
اينالاسىندا	بولادى	11
كوزبەن	كورىپ	12
جازامىن	دەپ	10
جالعاسا	بەرسىن	7
جالعاسام	بولاما	6
نۇمىرڭدى	جولداپ	7
نۇمىرڭدى	جولداشى	9
باعىڭ	جانسىن	8
ورانىپ	جاتىرمىن	13
ۇاقتىڭ	بولسا	13
سالمايدى	ەكەن	11
ىشكىڭ	كەلىپ	11
ىشكىڭ	كەلسە	5
بۇرىنعداي	ەمەس	12
كىرىس	جوق	10
ىشەگىم	اي	12
جىلىنىپ	قالدى	5
سىرعاسى	سىڭعىرلى	12
سۇيلەگىم	كەلىپ	3
سۇيلەگىم	كەلمەي	10
سۇيلەگىم	كەلمەيدى	10
قىلعام	جوق	10
ساقال	العىش	5
قاشاجارعا	بىر	11
توپتارعا	جولداپ	10
توپتارعا	تاراتىپ	8
كورشىنىڭ	ۇيىندە	12
شىدايسىڭ	عوي	9
وتباسىڭىز	امان	11
استعا	تۇسىپ	2
كەلەمبە	دەپ	10
ىزدەمەي	اق	4
بازارىندا	قيمىل	11
شوبىن	بەرىپ	9
شوبىن	سالىپ	12
مۇنشاعا	تۇسىپ	9
ارالاسادى	ەكەن	4
كۇتەرەدى	ەكەن	9
شيكى	سۇت	12
قايناقسۋ	ىشىپ	12
الاينبا	دەپ	12
سالاما	دەپ	9
اقىلداساتىن	جۇمىس	9
اقىلداساتىن	جەرى	10
تيجانعا	بارىپ	4
كۇلكىم	كەلىپ	13
كۇلكىم	كەلەدى	5
كەتپەسەڭ	بولدى	9
تۇردڭبا	جانىم	7
قىلۋ	كەرەك	11
قويدىڭىز	عوي	9
اينالادى	ەكەن	5
جارامدى	ازامات	10
جاتامبا	دەپ	5
باربولساڭ	سويلە	6
جۇمىسىڭا	ساتتىلىك	10
ەشتەڭەگە	زاۋقىم	9
دەمالعام	جوق	9
بارمايىن	دەسەم	11
قابارلاسپاياق	قوي	8
قابارلاسپاياق	قويايىق	7
جاباعى	تاي	9
ساسىعىم	سول	12
ساسىعىم	مەنىڭ	9
شاقىرعام	جوق	11
باسىمدا	اۋىرىپ	11
ىشپەگەن	شىعارسىڭ	10
تۇرتنشى	ايدىڭ	10
ادامبىز	عوي	11
تىنىم	جوق	8
جولداماڭ	كەرەمەت	5
جولداماڭ	كۇشتى	8
تۇسنەتىن	ادام	6
جوقتان	باسقانى	10
ورنىڭا	ادام	11
بارامىنبا	دەپ	11
الىم	بەرىم	8
بايلانىستى	عوي	9
قۇلىنم	سول	9
ۇزىڭىزدە	جاقسى	7
شندىق	قوي	11
لاڭساي	جاساپ	10
جاراق	الىپ	10
شاشۋىڭا	راحىمەت	8
جۇمىسڭدى	ىستەپ	9
جۇمىسڭدى	ىستەي	12
قابارلاسساڭ	بولدى	10
قۇنى	جوق	7
ازىق	تۇلىك	10
تۇرعانعا	نە	13
تورتكە	دەيىن	11
شقبايدى	ەكەن	12
تالابىم	جوق	10
التىسى	كۇنى	8
بىلمەيمىز	عوي	9
كونبەي	جاتىر	8
المايسىز	عوي	12
ۇيتەدى	دەپ	8
مقتتى	بولسىن	12
جامانى	جوق	10
قىرىققا	كەلگەندە	9
ءمولدىر	تىلەكتەر	11
جبو	كۇڭىلدى	11
جيندا	وتىرمىن	8
لاقي	قىلىپ	7
كۇتىنە	كىرىپ	7
فۋكاڭعا	باراتىن	10
ايدڭ	كۇنى	9
كوپپە	ەكەن	11
شانشۋ	ۇستاپ	10
قۇرتتى	عوي	7
جاعدايىڭىز	قالاي	11
ىلمە	بولىپ	7
ۇيقتاسىن	دەپ	7
بەزى	قابىنۋ	10
باتادى	عوي	7
باتادى	ەكەن	12
قالىپسىز	عوي	11
قالىپسىز	بولىپ	12
مناۋىڭ	نە	12
مناۋىڭ	كىم	12
بۇيتە	بەرسە	13
بۇيتە	بەرسەڭ	9
كەشىڭىز	كوڭىلدى	6
ۋاقىتتارىڭ	كوڭىلدى	2
ۋاقىتتارىڭىز	كوڭىلدى	9
ۋاقىتتارىڭىز	اياۋلى	6
جازىۋ	جاز	7
جازىۋ	جازىپ	9
بارۋعا	بولادى	11
دوستاردان	بولىپ	12
دوستاردان	بولايىق	6
ۇرقسات	سۇراپ	11
تاۋالماي	قويدىم	12
جازساڭ	بولدى	10
دايىندالا	بەر	10
ستەرىڭىز	ىلگەرى	7
ستەرىڭىز	ساتتى	3
اشۇىم	كەلىپ	12
اشۇىم	تۇسىپ	7
دەمەيتىن	شىعارسىڭ	10
جونىڭ	جوق	10
جونىڭ	بار	10
جونىڭدى	ايتىپ	5
جونىڭدى	ايتساڭ	11
جۇڭي	دارى	12
سالدەن	كەيىن	8
سالدەن	سوڭ	10
بىرجىل	بولدى	3
ارتىڭا	قاراماي	10
بلەمىن	عوي	10
جەمەنەيدەن	ۇرىمجىگە	11
جەمەنەيدەن	التايعا	13
بىلىنبەيدى	ەكەن	12
شاعىلىپ	قالدى	10
قيىمىل	باعادا	11
اۋماي	كەلسىن	9
جاتقاننان	كەيىن	5
كيەدى	ەكەن	10
ويناساق	بولادى	10
جولدايىم	دەپ	12
اقىلدىم	سول	9
اقىلدىم	مەنىڭ	7
ساعىندىرىپ	جىبەردىڭ	9
اسپاي	قالدى	9
قينالدىڭ	عوي	12
قينالدىڭ	اۋ	4
قارتايماس	عۇمىر	10
تۇرۋشى	ەدى	2
تۇرۋشى	ەدىم	8
تۇرۋشى	ەدىڭ	12
ىراسپا	جانىم	8
شىنڭدى	ايتشى	11
ايتارىڭدى	ايتىپ	5
قونس	جايلى	5
سىرىمدى	ايتىپ	1
ۇقاسى	جوق	11
سالىنىپ	كەتتى	2
قوگو	جەپ	11
سۇتىڭ	بارما	12
اۋدانىنان	بولامىن	12
قاۋبا	دەدىم	8
حابارلاسا	الماي	6
بىرشىنى	شاي	5
ىشىمە	سيماي	12
اركىم	ۇز	10
اركىم	وز	11
كەشجارىق	كەشىڭ	10
قۇرامى	جوعارى	12
كەزىككىڭ	كەلمەي	12
كەزىككىڭ	كەلمەسە	9
قىزىلتۋعا	بىر	10
تىلەرىم	سول	10
قاراۋ	كەرەك	9
نەجۇمىس	ىستەپ	9
قىزاي	ىشىندە	11
قارامايدان	تولىعا	10
اسىڭىز	ءدامدى	12
اسىڭىز	دامدى	4
ەلدڭ	بارى	10
سۋرەتىن	جولداپ	12
ۇناسا	بولدى	10
دەمەگەن	شىعارمىن	6
توشادى	ەكەن	9
كەتىپىن	عوي	11
كولدەي	كوڭىلىڭە	9
وتىرعامىن	جوق	5
دەنساۋلعىڭىز	جاقسىما	7
دەنساۋلعىڭىز	مىقتى	6
قۇشاعىما	الىپ	9
قۇشاعىما	قىسىپ	11
جۇرىپتى	عوي	11
كەتۋشى	ەدى	9
كەتۋشى	ەدىم	8
كەتۋشى	ەدىڭ	9
ۇيقم	كەلمەي	11
ۇيقم	كەلپ	11
اماندىقپەن	جۇزدەسەيىك	8
وڭىنا	باسىپ	8
وڭىنا	باسسىن	11
جۋادى	ەكەن	5
احۋالىڭ	جاقسىما	11
شىعامبا	دەپ	2
بەرەمبا	دەپ	4
ۇزىمنەن	ۇزىم	12
اراعىڭدى	ىشىپ	9
قابىر	باسىنا	7
كورپەگە	كىرىپ	10
كورپەگە	ورانىپ	9
سەندەدە	بار	11
كورپەنىڭ	ىشىندە	9
ايەلىنە	تەلەفون	11
ۇيىقتاعالى	جاتىرمىن	11
قىلاما	دەپ	5
تۇسىنۋگە	بولادى	8
كەتىپتتى	عوي	2
تۇرار	ەدىم	12
پىسىرايىن	دەپ	10
شىعارمايدى	ەكەن	3
كەتەيىنبە	دەپ	12
مۇجازىڭ	قالاي	11
كۇرىنبەيدى	عوي	4
جوعى	جاقسى	7
جۇركەم	جوق	9
الدنعى	كۇنى	7
جاقسا	بولدى	12
ماقىل	جانىم	9
كۇپتەن	بەرى	11
كۇپتەن	كۇپ	6
دايدۋزى	ماشينا	6
قابارلاسپايسىڭ	عوي	4
ەمدەۋ	الىپ	11
اتاسىنىڭ	بالاسى	11
وستان	كەيىن	12
وستان	بىلاي	11
قىلعىم	جوق	6
قىلعىم	كەلىپ	12
قىلعىم	كەلمەيدى	11
توعىزعا	دەيىن	9
كالى	بولىپ	10
شىقالى	جاتىرمىن	3
تابەت	جوق	8
قامىن	ويلاپ	5
جۇرگەمىن	جوق	10
ءىسىڭ	ىلگەرى	8
كۇرسەك	بولادى	3
قايتساق	بولدى	9
مالقا	قاراپ	12
لياڭ	ساي	9
اينىماي	كەلسىن	8
كەرەكى	جوق	3
باپ	بولدى	2
ۇڭباعان	سول	7
تانستىق	بەرىپ	7
اكەتەدى	ەكەن	9
كەزىكەيىك	بولاما	11
تىڭجىي	بولىپ	11
دۇنەن	ايعىر	8
سۇمپايى	سول	12
سۋرەتىڭدى	جولداشى	11
بيكتەردەن	كورىنە	7
شەشەدى	عوي	4
مامپار	جاساپ	12
قايتارمايسىڭ	عوي	9
جەدىڭ	عوي	11
سوزىمە	جاۋاپ	10
سولدا	جەتەدى	6
بۇگننەن	باستاپ	9
اڭگىمەسىن	ايتىپ	3
شارشايدى	ەكەنسىڭ	8
كىناشقاسى	بار	9
كىناشقاسى	تولىق	11
سەزىمىم	كەلىپ	12
بيشى	ەكەن	11
ايىتىڭ	قابىل	11
جىبەرمەيدى	عوي	2
جەتىسپەي	جاتىر	10
جۇنىڭ	جوق	9
جۇنىڭ	بار	10
جۇنىڭدى	ايتىپ	5
تازالايمىن	دەپ	11
دانباۋ	بولىپ	11
دانباۋ	ادام	12
قىلمادىڭ	عوي	11
قىلمادىڭ	دەيدى	11
سالامات	بولسىن	11
شاعانتوعايعا	باراتىن	10
قويايىنشى	دەپ	11
ساعىنبادىڭبا	جانىم	9
بۇعى	شىبىعى	11
ءانىن	جولداپ	10
مۇكىن	ەمەس	10
بايقاساڭ	بولمايما	5
سۇيۋ	دەگەن	3
قجالات	بولىپ	12
بىلگەنى	سول	6
بىلگەنىڭ	سول	4
بىلگەنىڭدى	ىستە	8
بىلگەنىڭدى	قىل	7
بارلىعىم	سول	11
بارلىعىم	مەنىڭ	10
سۇيلەسەيىن	دەپ	7
اسەرى	جوق	11
الاتندار	بولسا	6
الاتندار	بارما	8
مىقتىسىڭ	عوي	11
ۇىزىڭ	نەعىپ	7
ۋاقتىڭىز	بولسا	8
ۋاقتىڭىز	كوڭىلدى	11
كۇلدەي	كۇڭىلىڭە	9
كۇلدەي	جايناپ	7
رەنجىمەسەڭ	بولدى	8
انەۇ	كۇنى	5
جاعادى	ەكەن	3
نانىڭدى	پىسىرىپ	10
زانلى	قىلىپ	10
ءانەۋ	كۇنى	7
ءانەۋ	كۇنگى	3
جۇرگەندى	جاقسى	12
شققام	جوق	10
شارا	جوق	6
قارايمىز	عوي	7
ماقتان	ەمەس	9
ورايى	كەلگەندە	11
بىرىڭعاي	ات	11
بودان	كەيىن	10
ۇيشىنى	جوق	3
ۇيشىنى	بار	12
ۇيشىنىن	اتىپ	9
ءوتتى	عوي	11
توبىما	قوسىپ	10
ۇلەيىن	دەپ	12
ۇلەيىن	دەدىم	6
ۇستيسىڭ	عوي	10
ۇستيسىڭ	ەمەسپە	12
تەرەزەنى	اشىپ	11
ماگازىن	اشىپ	7
قاشتىڭ	عوي	12
بىلەسڭ	عوي	5
اجىراسايىق	دەپ	6
جاقىنداپ	قالدى	11
ۇشكۇن	بولدى	12
كەزىگەيىن	دەپ	11
قوداي	ساقتاسىن	6
كەتپەشى	بولاما	9
جانىمنان	ارتىق	11
سۇيلەۋگە	قولايسىز	6
تۇرماساڭ	بولمادى	8
وپەراتسيا	جاساتىپ	12
تانىيمىن	عوي	11
كەتبەسە	بولدى	11
ريزامىن	ريزامىن	8
گەلگەن	جوق	9
تۇگىم	تۇگەدى	11
سەگىزىنشى	ايدا	12
ايتۋدىڭ	قاجەتى	11
قۇرساقتى	اشىردىڭ	2
اشىمايدى	ەكەن	9
وزاق	بولسىن	9
بىتەيىن	دەپ	6
بىتەيىن	دەدى	9
اپتاسىنا	بىر	8
جوقسىڭدار	عوي	9
ەستىي	الماي	3
ەستىي	المادىم	10
جازىپتى	عوي	7
تانىستىق	بەرىپ	11
البان	ىشىندە	10
جاتساڭدار	بولدى	9
تۇننىڭ	بىر	7
تۇننىڭ	ورتاسىندا	10
كەلمەسىن	دەپ	8
ەشتەمەگە	زاۋقىم	11
وقشاپ	تۇر	10
بارمىزدە	سول	8
كورمەدىڭ	عوي	10
بىلتىردان	بەرى	8
شدايمىن	عوي	1
سۇرتەتىن	قاعاز	9
بولمادىڭ	عوي	8
سارتوعايدان	اۋدانعا	7
سارتوعايدان	شىڭگىلگە	9
دەنساۋلىعىڭدى	كۇت	9
ۇيتاپ	قالدىڭبا	10
تورتەۋى	تۇگەل	10
تۇرعانىڭ	جاقسى	5
چانىم	سول	10
تاماقتارىڭدى	ىشىپ	12
شعاردى	عوي	7
اشۋىمدى	كەلتىرىپ	10
جارىمعا	دەيىن	9
ۇستىڭە	شىعىپ	5
دارىمدى	ىشىپ	9
وتەمىن	جانىم	8
حالىڭ	قالاي	9
جانىمسىڭ	عوي	1
جاساعىم	جوق	8
جاساعىم	كەلمەي	11
جاساعىم	كەلمەيدى	9
قابارلاسپاعالى	كوپ	11
ساتلىپ	كەتتى	11
قالۋشى	ەدى	5
قالۋشى	ەدىم	9
قالۋشى	ەدىڭ	9
سۇزىمە	جاۋاپ	9
شايىشىپ	وتىرمىن	6
جاتاعىڭا	بارىپ	11
ۇيقىمدى	اشىپ	10
قوناعى	بولۋعا	12
ەوندا	جاقسى	5
ەوندا	بولدى	11
حۇڭباۋدى	الىپ	12
شكەم	جوق	10
جاۇىن	جاۇىپ	3
سويلەيىم	دەپ	9
وياندىڭبا	جانىم	11
سۇيكىمدىسىڭ	عوي	11
شۇبىن	سالىپ	10
وترعام	جوق	8
دەدىڭىز	عوي	6
جاراسپايدى	ەكەن	6
ۇندەمەياق	قوي	8
بۇيىرعانى	بار	4
تاڭدارىڭ	ارايلى	9
تاڭدارىڭىز	ارايلى	2
بلسەڭ	بولدى	2
تۋعالى	تۇر	7
تۋعالى	تۇرعان	10
تۇرڭنەن	اينالايىن	10
اماندىعىن	بەرسىن	4
اقدالادان	شىڭگىلگە	6
توقتاعان	جوق	9
قۇلاعىڭ	تىنىش	11
تۇسپتى	عوي	11
كۇرگىڭ	كەلىپ	10
تاڭىڭ	ارايلى	8
كەشرشى	جانىم	3
كەشرشى	كەشرشى	8
جۇايىن	دەپ	11
جۇرمەسەڭ	بولدى	4
گۇنىم	كەمپىر	10
تۇرلەرى	بار	11
جۇرگەمىز	جوق	10
جولداماياق	قوي	6
بۇلساڭ	بۇلدى	5
الدامايمىن	جانىم	11
ساۋدالارىڭ	كۇسەت	10
قۇربىلارىنىڭ	الدى	1
تۇرامبا	دەپ	1
باراتىندارىڭ	بارما	10
نيەتىڭ	قابىل	5
اڭگىمەڭدى	ايتىپ	10
اڭگىمەڭدى	ايتا	11
قامىر	باسىنا	10
قايناتا	بەر	9
سۇراماياق	قوي	10
جەڭىلدىكپەن	الىپ	5
الايدا	بىلاي	12
قالمايمىن	عوي	9
تۇرعامىن	جوق	12
ءجونى	بولار	3
قلادى	ەكەن	8
اشىلمايدى	عوي	11
جاتۋ	كەرەك	11
جاتۋشى	ەدى	9
جاتۋشى	ەدىم	6
جاتۋشى	ەدىڭ	10
اشىر	جاقىندارىم	11
ارايلاپ	اتقان	9
كەتپەگەن	شىعار	1
قويىپپىن	عوي	10
ەشگىم	جوق	10
اشقام	جوق	8
اجال	كەلسە	5
بامۇ	سىز	12
شارشاعانىڭ	باسىلىپ	9
ورايىن	تاۋىپ	9
بيشاۋعا	تۇسىپ	8
جارباسقا	بىر	11
ۇيرەنەيىن	دەپ	9
شاقىرمادى	عوي	6
تيەم	دەپ	8
تيەمە	دەپ	8
شىعايىنبا	دەپ	11
ازدىق	بار	8
شىعاراسىڭ	عوي	10
سويلەمەگەن	سوڭ	10
مۇباراك	بولسىن	5
كەشگى	تاماق	7
جەرلەرى	بار	11
مينوتتان	كەيىن	11
مينوتتان	سوڭ	2
بەرەكەگە	تولسىن	11
تۇنسىز	جوق	3
باۋراپ	الدىڭ	9
يگىلىگىڭە	ىستەت	9
وندايى	جوق	5
وندايىم	جوق	3
ەگەنسىڭ	عوي	1
ساعىناسىڭ	عوي	11
قيمل	باعادا	9
ساعىنامىن	عوي	8
جەتنشى	ايدا	8
شىعاردىڭ	عوي	11
تارتىڭ	جول	8
سىلتاۋىڭ	كوپ	11
قويدىڭدار	عوي	11
شىققاننان	كەيىن	7
اندەرىڭ	كەرەمەت	4
اندەرىڭ	كۇشتى	11
ارىت	ارتىنان	8
قۇلايلى	كەزدە	8
قۋىق	استى	10
نومىرڭدى	جولداپ	9
نومىرڭدى	جولداشى	11
جىلاماشى	جانىم	7
بارماپتى	عوي	6
ايتۋى	بويىنشا	10
ايتۋىڭ	كەرەك	7
ايتۋىڭ	بويىنشا	7
ۇيرەنۋدە	وتىرمىن	9
نەدەسە	ول	11
نەدەسەڭ	سول	7
كوتەرمەيدى	ەكەن	8
سۇتتەن	اق	9
توگىم	تۇگەپ	7
توگىم	تۇگەدى	10
جازعام	جوق	10
تۇسنسەڭ	بولدى	11
ماشيناڭا	ماي	7
ايتقاننىڭ	كەلسىن	11
ۇيقىسىن	بەرسىن	5
قارىنى	اشىپ	5
قارىنىم	اشىپ	6
راسمىڭدى	جولداپ	2
راسمىڭدى	جولداشى	11
ءساتتىلىك	بولسىن	5
قاباعى	بەس	3
تۇگەمەي	جاتىر	10
تۇگەمەيدى	عوي	8
قاراعام	جوق	10
قوسپاياق	قوي	4
بولمايىن	دەپ	6
ەكىسى	كۇنى	10
توسىن	سي	11
قايتسەڭ	ۇيىت	11
قايراتتى	بول	7
جەتىسە	الماي	7
وتىرعىم	كەلىپ	2
جۇمىستارىم	بار	8
قورقنشتى	ەكەن	8
كۇنىنەن	كەيىن	10
كۇنىنەن	باستاپ	11
ىستەتەيىن	دەپ	8
باستالعان	جوق	6
انىڭىز	كۇشتى	11
انىڭىز	اۋەلەي	10
ەندىكى	جولى	8
ارقاڭ	عوي	10
بارعانىڭ	جاقسى	9
اللاۋ	جانىم	7
اللاۋ	اللاۋ	11
قىلمايسىڭ	عوي	5
سۇرىنبەي	وتىپ	8
بەيقۇت	ۇي	6
بىتپەيدى	ەكەن	7
سۇرامايتىن	ەدىم	11
ۇيتبەيمىن	جانىم	6
مازاسى	كەتىپ	11
مازاسىن	الىپ	4
كوڭلىن	سۇراپ	8
اشقالى	جاتىر	9
سۇراماعان	بولايىن	7
جۇرۋگە	قولايلى	9
الامىنبا	دەپ	11
جازدىرا	سال	8
سونكى	عوي	9
ىسىڭىز	ىلگەرى	11
سالعىم	كەلىپ	1
بولۋىن	تىلەيمىن	5
دەنساۋلىعىم	جاقسى	8
كەكەپ	مۇقاپ	6
اكەلەمىن	دەپ	8
شاتقا	تولسىن	11
تۇسنەسىڭ	عوي	2
ەستىلمەيدى	ەكەن	7
قالجاي	قالاي	8
قالجايىڭ	قالاي	5
جايىم	بار	2
جارىمنان	كەيىن	6
وقۇشى	بار	11
ۇياڭ	باقىتتى	11
جەگەم	جوق	4
تۇسنكتى	بولدى	8
سالار	ەدىم	6
ۇزىڭنىڭدە	ايتىڭ	6
اڭكمە	ايتىپ	8
سۇيتىم	عوي	9
جىبەرەمىن	عوي	11
حاتىم	قابىل	11
سىڭعىرلى	بولسىن	6
تۇسىرەم	دەپ	4
بۇيرعان	كۇنى	11
وقساپ	قالادى	5
كەلگەنىڭ	جاقسى	9
ايتىپسىڭ	عوي	9
اسقازانىم	اۋىرىپ	7
سۇيتپتى	عوي	5
سەزىلىپ	تۇر	8
دەمەدىڭ	عوي	10
كارامات	بولىپ	5
پانا	بولماي	10
ايىتقانىڭىز	كەلسىن	10
تۇسنۋگە	بولادى	2
جەرگىلىكتى	ۋاقىت	1
تۇرعالى	جاتىرمىن	1
بەلگسىز	بولىپ	7
شىعامىزبا	دەپ	11
جىرىت	بولىپ	10
تىلىڭنەن	سورىپ	5
اقىلىڭدى	ايتىپ	8
جىلداي	بولدى	8
ىسڭە	ساتتىلىك	7
وندادا	بولادى	3
ۇمىتپايمىن	عوي	6
بەتپە	بەت	8
ىلەدەن	بولامىن	1
ايدايىن	دەپ	10
تەتىر	قاراپ	7
لگەرى	بولسىن	10
سابىرلى	بول	3
ماڭايدى	تازالاپ	8
بۇزاۋلى	سيىر	6
اسىڭدى	ىشتىڭبە	5
سەنەندە	ۇيات	5
كەلسىم	بار	6
جۇرسەڭدەر	بولدى	3
تانمادىم	عوي	8
بىرىڭدى	بىرىڭ	7
تالەيىم	جوق	6
شەگەتىن	بولدىڭ	7
ماسكى	تاعىپ	8
ديىڭ	ۇي	6
باراتىندارىڭىز	بارما	9
باراتىندارىڭىز	قابارلاسىڭىزدار	8
قويىڭىزدارشى	راحىمەت	8
ويىڭىز	بولسا	11
ۇستىمە	شىعىپ	10
شاتاعىم	جوق	11
شاتاعىم	نە	4
بەرگەننەن	كەيىن	9
ايتپسىڭ	عوي	10
زەيىن	سالىپ	8
شعارايىن	دەپ	11
ءنومىرىن	جولداپ	8
اتپۇش	قانداي	6
انىت	بەرەيىن	7
جىلىنا	بىر	10
ىرەنجىمەشى	جانىم	9
كوڭلسىز	بولىپ	10
قىستاعىنىڭ	تۇرعىنى	8
ەكىلىكتى	جايمالاپ	3
تارتتىم	عوي	2
ۇرلەيتىن	جولاۋشىلار	11
ۇرلەيتىن	كۇلىك	8
ويلاۋ	كەرەك	7
كەتڭىز	عوي	7
ورنىمدا	سەن	9
ورنىمدا	تۇرىپ	8
بۇكىنكى	كەلىپ	11
اپارعالى	جاتىرمىن	8
قۇدالىق	سويلەسىپ	10
قوزدى	قوي	11
اقكوڭىل	اشىق	4
ەكەسىڭدەر	عوي	10
باسلماي	تۇر	9
قايتارمادىڭ	عوي	10
قايتپايدى	ەكەن	5
قابارلاسامىز	عوي	10
ەكەمىزدەن	باسقا	7
ايانشتى	ەكەن	8
جاۋاتىن	سياقتى	6
بولارما	ەكەن	9
ەكەسىز	عوي	5
ۇيجاقا	ايتاپ	9
دەنساۋلقتارىڭ	مىقتى	9
دەنساۋلقتارىڭىز	جاقسىما	8
دەنساۋلقتارىڭىز	مىقتى	10
دەنساۋلقتارىڭىز	مقتى	7
دەمالسىن	دەپ	10
توشباي	تۇر	11
سىڭدار	عوي	10
شاڭىراقتا	جاقسىلقتار	9
ساعىنادى	عوي	9
تورتنشى	ايدىڭ	11
قايتارساڭ	بولدى	10
اقىلىن	ايتىپ	8
بۇرنعداي	ەمەس	10
الۇشىلار	بولسا	11
الۇشىلار	قابارلاسىڭىزدار	3
جۇقپاسىن	كەرەمەت	10
كەلەيىنبە	دەپ	7
زاتتارىڭىز	بولسا	8
كيلسى	قانشا	5
جورتقاندا	جولىڭ	6
جورتقاندا	جولدارىڭىز	5
بالەن	جىل	10
كۇنبە	كۇن	11
كۇرمەگەلى	كۇپ	2
اراعىن	ىشىپ	7
وينايتىندار	بارما	10
پسىرايىن	دەپ	6
تانىيدى	ەكەن	3
سالەمدەسىپ	قويايىن	8
بەرەكەسىن	بەرسىن	11
تاماقتانىپ	ارەكەت	6
قىزىعۋشىلار	بولسا	11
شاكۇرتىدەن	اۋدانعا	2
سىيلاپ	جاتىر	9
قينالاسىڭ	عوي	10
اكەلسەڭ	بولدى	8
نارسەلەرىڭدى	الىپ	10
تابەتىم	جوق	9
تابەتىم	تارتپاي	7
جارعىم	سول	9
بۇرىكپە	سۋ	11
بلەسڭ	عوي	9
تۇسىنەمىز	عوي	7
مۇمكىندىك	جوق	6
ساپارىڭ	ساتتى	10
ساپارىڭ	ءساتتى	6
وتپەيدى	ەكەن	4
قاتىردىڭ	عوي	10
قىزىقتىرىپ	جىبەردىڭ	5
ساۋىر	ايى	10
المادىڭىز	عوي	9
باعالى	بولسىن	5
كۇلسىن	دەپ	9
قايتسەك	بولادى	11
قايتسەك	بولار	5
جىيىندا	وتىرمىن	9
مولشەرمەن	قانشا	6
اياقتاعان	سوڭ	9
كۇرمەدىك	قوي	4
توعىزىنشى	ايدا	7
مۇرنىم	بىتىپ	10
تىلەگىمىز	قابىل	10
تۇسكەننەن	كەيىن	4
بەكىمگە	كەلىپ	2
بەكىمگە	كەلدىم	9
ارقام	اۋىرىپ	10
شنمدى	ايتسام	9
جۇرمەگەن	سوڭ	4
پالەسىڭ	عوي	10
مىيىمدى	جەپ	7
ۇيىقىڭ	كەلدىمە	7
تويىڭ	قۇتتى	8
تاماعىڭنان	يسكەپ	10
اۋمايدى	ەكەن	9
قىيمايمىن	جانىم	7
قازىردەن	باستاپ	10
قازىق	بولىپ	1
بتپەي	جاتىر	8
سورام	عوي	9
ۋاقتقا	دەيىن	11
مىنەر	جاق	6
شارشاعانىم	اي	3
شارشاعانىم	باسىلىپ	10
شاتىعا	بىر	10
جەگەنىن	قويمايدى	9
مىڭدا	بىر	4
باريىق	دەپ	5
قابارلاسالماي	جاتىرمىن	10
قابارلاسالماي	قالدىم	8
ەستگىم	كەلىپ	9
ەستگىم	كەلمەيدى	8
كەلۋشى	ەدى	8
بۇلىنىپ	كەتكەن	7
بوساعاسى	بەرىك	7
جالپىڭا	جاعالاي	2
بالالارمەن	بىرگە	6
سۇيلەكىڭ	كەلمەي	9
سۇيلەكىڭ	كەلمەسە	7
كولەمدە	تارقاتىپ	6
تۇيدەن	تۇيدەن	4
بەرمەيىن	دەپ	10
اۋردىم	دەپ	8
جانباس	وكىل	10
ۇياتپا	دەپ	11
كوڭىلدەرىڭ	جاي	7
تۇسىنكتى	بولدى	2
بولۋىڭ	كەرەك	7
بولۋىڭ	مۇمكىن	6
شارشاۋ	بار	8
ۇيىقتاماپسىڭ	عوي	8
ءجۇز	يۋان	1
شىققىم	كەلىپ	9
شىققىم	كەلمەي	10
قوساعىڭمەن	قوسا	6
توقتامعا	قول	1
جەتەيىن	دەپ	8
وزىڭىزگەدە	راحىمەت	7
ىستىعى	اسىپ	6
جۋعام	جوق	8
ازابىن	تارتىپ	6
قولدىڭ	كىرى	8
قوسپادى	عوي	9
جۇرىپپىن	عوي	9
تيىمدى	باعادا	8
بورتالادان	تاقياعا	7
قايتقىم	كەلىپ	9
قايتقىم	كەلمەي	6
ۇيىقتاعام	جوق	9
جوقسىز	عوي	2
كۇرىنەدى	ەكەن	4
قيمىلدان	قاعىس	10
توبىڭ	قۇتتى	3
توبىڭا	قوسىپ	7
تابلماي	جاتىر	9
بۇلتتاپ	تۇر	7
تۇرماعان	سوڭ	4
توبىنداعى	بارلىق	10
ورايدان	پايدالانىپ	9
وتىرستارىڭ	كوڭىلدى	7
سالعانىم	عوي	2
ۇندەمەگەن	سوڭ	6
ۇندەمەگەن	سايىن	8
كۇڭلسىز	بولىپ	6
جلدان	بەرى	8
توشقان	جوق	6
قۇلىننىڭ	تۋىلعان	9
نەعىب	جاتىرسىڭ	9
كوپتەي	كور	9
كوپتەي	كورىپ	6
جاساماياق	قوي	6
يسكەگىم	كەلىپ	5
ءباي	ءباي	1
ىشم	اۋىرىپ	4
باراينشى	جانىم	10
قورلىق	جوق	10
تارتايىن	دەپ	10
ەسمدە	جوق	9
اتساڭىز	بولدى	8
باستايىن	دەپ	3
عاناسىڭ	جانىم	7
ازىردەن	باستاپ	8
ميعا	قان	2
دايىنداي	بەر	10
قالعاننان	كەيىن	8
قاشانعا	دەيىن	10
تۇسكۇر	جانىم	4
جۋعالى	جاتىرمىن	9
ۇيرەتەدى	ەكەن	5
ىشۋگە	بولمايدى	7
اپسىڭ	عوي	10
اۇلاق	جۇر	4
كەلتىرە	الماي	8
سورعىم	كەلىپ	7
الدايتىن	كۇن	2
قيناماشى	بولاما	10
قوينىما	الىپ	10
قستان	امان	8
بۇيىرىم	اۋىرىپ	4
قۇسايسىڭ	عوي	6
نەدەسەم	بولادى	6
نەدەسەم	بولار	9
ماشينەسى	بار	6
كەشرىم	سۇراپ	10
كەلەشەكتە	مىقتى	10
كەلەشەكتە	جارامدى	9
جاستارى	ۇزاق	9
جاستارىڭ	ۇزاق	3
جاسامايدى	ەكەن	2
دىبس	جوق	10
قاراماپتىم	عوي	4
بولامبا	دەپ	7
ساعاتتىڭ	الدىندا	8
تۇسىرەيىن	دەپ	8
ەتپەيتىن	شىعار	5
قايتامىزبا	دەپ	4
تاڭعالىپ	وتىرمىن	6
اتپاياق	قوي	9
ءاڭگمە	ايتىپ	4
گازى	بار	10
كىرگەم	جوق	4
جىنىڭ	ۇستاپ	7
العاندارىڭ	جاقسى	10
كوركىم	كەلىپ	5
جاتايىنبا	دەپ	3
ۇرساما	دەپ	4
قالاۋىڭ	بىلسىن	3
بىلگىم	كەلىپ	6
بىلگىم	كەلەدى	6
ايتتڭىز	قابىل	10
قارتتار	قامسىزداندىرۋ	10
قسىم	بولىپ	7
سالەمڭ	قابىل	9
سالەمڭ	قابل	7
بەيجيىڭ	ۋاقىتى	5
جۇكتەرىڭىز	بولسا	6
بازارلى	بولسىن	1
تۇساق	قوي	2
قوسلماي	قويدى	8
ءىشەيىك	دەپ	10
كورپەدە	جاتىرمىن	7
ىڭعايسىز	بولىپ	10
قاجەتىم	جوق	8
تڭجي	بولىپ	6
كەتكىڭ	كەلىپ	9
كەتكىڭ	كەلسە	7
بالنيساعا	جاتىپ	10
ىشكەننەن	كەيىن	9
قىزعۋشىلار	بولسا	7
ۇۇكۇنىم	سول	1
قىزسىڭ	عوي	4
وسپە	بار	6
جولداعانىم	عوي	7
جاقىنان	بەرى	6
يۇات	بولدى	3
رەسىمگە	تارتىپ	8
جەسەك	بولادى	6
ازىل	قالجىڭ	9
كۇنەستىڭ	قاي	6
داتىڭ	بەرىك	9
تۇرعاننان	كەيىن	7
اجىراسامىن	دەپ	6
جەڭىلدىگىن	بەرسىن	7
باسمىز	امان	3
جۇرسەكتە	امان	3
كەرەكسىڭ	جانىم	9
بوپسىڭ	عوي	10
تاپا	تال	7
تومپيعان	تۇرىڭنەن	5
ۇرماياق	قوي	6
ۇمىراي	دەشى	4
تۇلىك	ارالاس	5
سۇندەتى	سۇلۋ	8
سۇندەتى	جەڭىل	4
الۋشلار	بولسا	8
كوزىمنەن	جاس	3
قالارما	ەكەن	4
قانادى	عوي	6
قالۋى	مۇمكىن	10
اكەممەن	شەشەم	3
دەنساۇلىعىڭ	جاقسىما	10
دەنساۇلىعىڭ	مىقتى	7
بۇگۇنگى	كەلىپ	6
باستادىڭ	عوي	8
سەميام	بار	7
ساقاۋ	بولىپ	5
ىشكەمىز	جوق	10
توستىرىپ	قويدىم	5
سالدىرايىن	دەپ	9
بيلەيتىن	جەرگە	6
قىزىمەتىڭىز	تابىستى	7
ەشكىنىڭ	سۇتىن	1
سوزىڭىز	عوي	9
تىلەگىڭىز	قابىل	7
انگىمە	ايتىپ	3
جاساتايىن	دەپ	8
ءانىڭىز	اۋەلەي	5
قارىنىڭ	اشىپ	9
مەيسىڭ	عوي	8
ەدۇرس	ەكەن	5
بولۇشى	ەدى	1
قازاسى	قايىرلى	2
جازعى	تۇرىم	2
ىڭعايىنا	قاراي	5
جاققانىڭدى	قىل	3
كەزىگەمىن	دەپ	4
بىرايدان	كەيىن	9
ساتتلىك	بولسىن	6
قاباعىنا	قاراپ	7
تەڭشەي	الماي	4
تەمىردى	قىزۋىندا	7
جاعدايلارىڭ	قالاي	9
كەتبەسەڭ	بولدى	7
شارشادىڭىز	عوي	8
قارادان	قارا	7
قارادان	قاراپ	8
تابىلاتىن	شىعار	8
سالۋشى	ەدىم	8
كىشكەنەڭ	قانداي	4
بۋلى	قىلىپ	9
الماپسىڭ	عوي	10
وقشاپتى	عوي	3
جولداماڭىز	كەرەمەت	6
ماشىيناڭ	قۇتتى	9
اسايىن	دەپ	8
كۇرمەدىڭ	عوي	8
ىزدەستىرىپ	جاتىرمىن	8
تۋمانىڭ	باۋى	9
اتپالى	ازامات	1
كىمىم	بار	1
قويدڭ	عوي	2
ومىراي	دەشى	8
كەتەمبا	دەپ	4
قۇڭباۋىن	اتىپ	7
قاراستىرا	جۇر	8
ستەگەم	جوق	9
بەرىلگەن	جوق	4
ەسڭدى	جيىپ	9
بۇگىنگە	دەيىن	7
بەيىت	باسىنا	4
ءولدىم	عوي	2
قابارلاسقىڭ	كەلمەسە	9
سۇرەتىڭدى	جولداشى	6
مالىنا	قاراپ	5
تولتىرا	الماي	9
قايتۋىم	كەرەك	3
تۇگەيىن	دەپ	1
تۇگەيىن	دەدى	8
تۇسىندىرە	الماي	7
بىرمە	بىر	9
تەلەفونىمدا	توك	4
تاستايما	دەپ	8
قايتاردىڭ	عوي	6
دبىس	جوق	7
قالامىنبا	دەپ	4
ىنەن	باستاپ	4
ايىرلمايمىن	جانىم	10
كۇنمە	كەرەك	6
شايىڭىز	قۇتتى	7
قاراماپپىن	عوي	4
ەلەمەيسىڭ	عوي	7
كەلمەسكە	كەتتى	7
جازىلسا	بولدى	6
قاراتوبەگە	بىر	6
قينالاتىن	بولدىڭ	9
ايتلعان	سۇز	6
جۇرەكتەگى	ارمان	6
سالساڭدا	بولادى	8
سالساڭدار	بولدى	6
تاماعىڭىز	قارلىقپاسىن	8
حابارىن	بەرە	5
جوعالدىڭ	عوي	8
تاپقام	جوق	4
تونارعا	نان	6
قازىرگە	دەيىن	5
ىستەيتىندەر	بولسا	3
ۇياتى	جوق	8
دەپپە	ەدىڭ	9
توقتاتا	الماي	9
شاشاڭا	شاڭ	9
قوسلمايدى	ەكەن	1
ۇيقتايىنبا	دەپ	6
ۇنحاتقا	قوسىپ	2
كولك	بارما	8
سابيدىڭ	ۇيقىسىن	9
سابيدىڭ	ۇيقسىن	8
وكپەم	جوق	6
ءاندەرىڭ	كۇشتى	6
اتاممەن	اپام	7
قاربالاستاي	بەر	8
ۇيتپەيتىن	شىعار	4
مىناسى	نەسى	5
ارالاسقىڭ	كەلمەسە	9
جۇمىستارىمدى	بىتىرىپ	7
دەنساۋلعىڭا	كوڭىل	8
ۇزات	بولسىن	3
جاعىدايعا	قاراپ	5
جاتاعوي	جانىم	4
وتكەننەن	كەيىن	7
وتكەننەن	بەرى	5
كۇندەردەن	ايىرماسىن	6
وسىنداعى	بارلىق	5
الدىڭىزدان	شىقسىن	6
دەمەياق	قوي	4
ەستلمەي	قالپتى	5
ارتا	بەرسىن	6
قوشال	بولىپ	6
تولمايدى	ەكەن	8
جىباۋ	كۇڭىلدى	8
سۇيلەمەگەن	سوڭ	5
اليكى	سالەم	5
اليكى	سالام	8
اپاتسىڭ	عوي	3
اپارامبا	دەپ	3
توشالى	كولىك	8
ەستۋ	قولايسىز	2
ەستۋگە	قاراعاندا	7
قاسىيەتتى	ورازا	5
ولتىرەتىن	بولدىڭ	6
جبەردىڭ	عوي	8
شىقپاياق	قوي	4
تانىسۋعا	بولاما	6
تانىسۋعا	بولارمەكەن	5
كۇندەرىمىز	كوڭىلدى	7
سەمىزدىك	تومەندەگى	9
ولەر	بولدىم	9
ۇعىسايىن	دەپ	7
تابىستارىڭ	تاۋ	8
تابىستارىڭ	مول	8
ساز	بەت	4
دۇعاي	سالەم	9
ۇزاعىنان	سۇيىندىرسىن	2
امىر	جوق	4
كيەيىن	دەپ	7
تىرداي	بولىپ	8
ەتىنەن	جەك	7
ورمانداي	قالقىم	9
جىبەرەسىڭ	عوي	7
كومەگىڭ	بولسىن	8
دەنمىز	ساۋ	5
شۇندەرىڭ	قۇتتى	1
موتادان	جىعىلىپ	6
تارتقام	جوق	8
الدايىن	دەپ	9
سالەمڭىز	قابىل	7
جۇمستارىم	بار	1
تەكسەرۋشى	كەلەدى	8
قالتاعا	سالىپ	8
قاتىرعان	ەكەن	8
ۇرپسىڭ	عوي	7
ىسەنبى	كۇنى	3
اسىرا	ماقتادىڭ	8
شاقىرايىق	دەپ	8
قۇلدايىن	دەپ	8
بيجيىڭ	ۋاقىتى	5
قاشاجاردان	اۋدانعا	6
دانقاۋىن	جولداپ	6
كورمەياق	قوي	6
وتىرۋ	كەرەك	5
اشۋىن	كەلتىرىپ	7
جىگىتسىڭ	عوي	8
كيناۇ	كورىپ	5
دەمالىسىڭ	كوڭىلدى	7
بولۋىڭدى	تىلەيمىن	6
ارىقتاي	الماي	4
ارىقتايمىن	دەپ	5
سىككىم	كەلىپ	7
حابىل	بولسىن	2
ۇيتەتىن	بولساڭ	6
بارمبا	دەپ	8
كورسەتتىم	عوي	8
سۇيتتىڭ	عوي	9
ەشتەڭەسى	جوق	5
قانسا	بولدى	5
ۇقىق	جوق	5
ماشيناڭىز	قۇتتى	8
بىلەسىڭدەر	عوي	5
جەرىك	بولىپ	5
قالۋىم	مۇمكىن	8
قۇڭباۋىڭدى	اتىپ	2
عايىپ	بولىپ	8
اقۋالىڭ	جاقسىما	7
اكەلمەي	اق	2
مۇمىكىن	ەمەس	7
تاڭسىق	ەمەس	5
كوبەيە	بەرسىن	5
باستاعالى	جاتىر	4
قويۋشى	ەدىم	9
جازار	مول	8
اتپادىڭ	عوي	6
جباردا	وتىرمىن	3
ايتارعا	بولماسا	9
باقىتتان	باسىڭ	3
سوندايسىڭ	عوي	8
ۇزڭەدە	راحىمەت	9
مارتە	راحىمەت	7
كورگەننەن	كەيىن	5
ونشاقتى	كۇن	7
سالاڭ	بولىپ	9
سوقساڭ	بولدى	9
ايناعا	قاراپ	7
ساتىلماي	تۇر	7
سىزشە	ءوزىڭىزدەگى	9
كورىنبەيسىڭ	عوي	8
ۋاقتتان	كەيىن	5
ۋاقتتان	بەرى	6
وتباسىمىز	امان	8
جاعدايىنا	قاراي	3
بىرقىسىم	بولىپ	6
شعامبا	دەپ	4
ىستەمەياق	قوي	5
كەمشىل	بولىپ	4
بولۋىم	كەرەك	8
قىجىلات	بولىپ	5
دانحاۋىن	جولداپ	5
قامسىزداندىرۋ	قاراجاتىن	6
اشتىرايىن	دەپ	7
باتىلىم	بارمايدى	6
ايتتارىڭز	قابىل	7
كىينو	كورىپ	1
ساۋدامدى	قولداپ	7
جىلاس	بولىپ	4
ومىردەگى	ەڭ	4
شاقىرمادىڭ	عوي	8
بىلۋ	كەرەك	6
قىزىققان	كىسىلەر	4
ساباعىڭدى	جاقسى	6
قولدارىڭىزعا	بارادى	7
كەتتڭىز	عوي	7
تلەۋ	قابىل	4
جانىڭىزعا	جاماندىق	5
مەيىرگە	تولى	4
اۇزىڭنان	اينالايىن	7
جايىڭىز	قالاي	7
جايىڭىز	جاقسىما	4
جاتپاعان	سوڭ	9
ماعانا	جوق	7
قادىرجام	بول	7
ۇيقسىن	بەرسىن	7
پايداڭ	جوق	5
تەكسەرۋى	بار	6
ايتقانىڭز	كەلسىن	8
شىققامىز	جوق	3
جەكىم	كەلىپ	7
قارىندى	اشىرىپ	2
قارسالىپ	جاتقانىڭا	8
قايتەرىن	بىلمەي	6
شىقايىن	دەپ	2
شەكەرىم	سول	7
سۇيشى	جانىم	7
ىشكەنى	نەسى	8
مۇنكىن	ەمەس	8
تنشتعىن	سيلاسىن	4
پايىز	كەپىلدىك	3
وينادىڭ	عوي	9
كۇرسەڭىزدەر	قابارىن	8
دەدڭ	عوي	8
الامان	ات	7
كەلىپسىڭ	عوي	7
تاراتادى	ەكەن	4
ۇزىڭىزگەدە	راحىمەت	7
شىعارعام	جوق	5
تاستاۋ	كەرەك	7
ساقىنىپ	كەتتىم	6
جارباستان	تولعا	8
دەمالعالى	جاتىرمىن	3
شۇندەرىڭە	جولداپ	6
سىياقتىسىڭ	عوي	7
قويسادا	بولادى	7
قايتارماياق	قوي	9
بايقاماپپىن	عوي	3
سۇراققا	جاۋاپ	8
ۋيات	بولدى	8
ادامسىز	عوي	8
اۋىرماسا	بولدى	6
قىزمەتىڭىز	تابىستى	8
مۇقىردان	اۋدانعا	2
ەستىلىپ	تۇر	8
اشۋلانباشى	جانىم	7
بىلمەدىڭ	عوي	8
شەكتەن	تىس	8
نەدەرىمدى	بىلمەي	8
اۋىرتقىم	كەلمەيدى	2
قوعامعا	جارامدى	3
نومەرىڭدى	جولداشى	6
ۇرساسىڭ	عوي	8
بىلسەك	بولدى	8
تاتتىسىڭ	عوي	4
مۇبارەك	بولسۇن	7
قازانىڭ	ارتى	6
ويانا	سالىپ	7
اماندىققا	كوڭىل	7
ءوزىڭەدە	راحىمەت	2
كەلەمبا	دەپ	7
پايدام	جوق	6
سۇزىڭىز	عوي	8
شاڭىراعى	بيىك	8
قاتسىڭ	جوق	4
ەشىكىم	جوق	5
قايجەرىڭ	اۋىرىپ	8
وكپەڭ	جوق	7
تەكشەدەگى	بارلىق	5
تانىماعان	سوڭ	4
كۇرنبەيدى	عوي	7
قانت	كامپيت	7
ساعىنعانىم	اي	6
اتتارىڭ	بايگەلى	5
يسىڭدى	ساعىندىم	8
ستەۋ	كەرەك	7
سيلىعى	قۇتتى	8
ۇندەگەم	جوق	4
سەنۋ	سەنبەۋ	1
سەنۋگە	بولمايدى	7
ۇستايىن	دەپ	7
وتكىزەدى	ەكەن	8
باقاسى	قانشا	6
اقىلداسايىن	دەپ	6
دۇنيەدەگى	ەڭ	8
تاڭەرتەڭگە	دەيىن	3
ۇلكەيگەن	سايىن	5
دەمالسىڭ	كوڭىلدى	3
ىستەرىمدى	بىلمەي	6
تۇرىپسىڭ	عوي	4
تويلارىڭ	قۇتتى	2
باقتىراتىن	كىسىلەر	4
قابارلاسپايتىن	بولىپ	8
تومەندەگى	قايسى	5
اگىدەن	قابار	8
كورگەمىن	جوق	7
ارلى	بەرلى	6
ءتاپ	ءتاتتى	2
اتپاعان	قىزدار	4
اسىلگى	باعاسى	8
اقشامدا	جوق	2
اينماي	كەلسىن	7
كوردە	تۇر	4
رەنىش	جوق	4
جاقدايىڭ	قالاي	6
قويعىم	كەلىپ	8
قايتاتىندار	بولسا	6
ۇندەي	الماي	5
گوڭىلدى	بولسىن	7
قاتەرجام	بول	2
ىريزامىن	ىريزامىن	7
بەلەتىن	الىپ	7
ءىلگەرى	بولسىن	8
قابارلاسپادىڭ	عوي	3
ۇقسايما	ەكەن	5
قورقارىم	جوق	8
جاساعاننان	كەيىن	1
شىداعان	ادام	7
ازىرگە	دەيىن	7
جىنىمدى	ۇستاتىپ	6
قاقسى	جوق	6
شارشادىڭعوي	جانىم	5
اتتيلا	حيكاياسى	7
ايتقامىز	جوق	7
قابارىم	جوق	8
وتىرۋشى	ەدى	2
العىسىم	شەكسىز	8
ۇندەگەن	جوق	2
بولعانان	كەيىن	2
سونەن	كەيىن	2
كوپتى	كورگەن	1
جولاۇشى	بولسا	7
جانازا	نامازى	2
ساۋلىعىڭا	كۇڭىل	6
ۋاقسىز	ۋاقتا	3
شەدىڭ	عوي	3
قوسپادىڭ	عوي	5
اقىلدىسىڭ	عوي	3
قالتاڭا	سالىپ	6
بولۇى	مۇمكىن	7
قامشىلار	جاق	5
جاتقىڭ	كەلىپ	4
تۋىلقان	كۇنىڭ	7
كۇرمەياق	قوي	8
اۋعان	جاققا	5
جولداۋعا	بولمايدى	7
ساۇداڭىز	كۇسەت	6
ادامسڭ	عوي	1
ازىردىڭ	وزىندە	7
ءسىڭ	ىلگەرى	4
قۇتىلام	دەپ	3
كىرىڭدى	جۋىپ	7
پسرايىن	دەپ	5
ۇزىڭسىڭ	عوي	3
ۋداي	اشىپ	7
تۇكىرسە	كول	6
ايتىقانىڭ	كەلسىن	2
ىشبەك	جەمەك	3
جىنس	مۇشە	4
ادامگەرشىلىگى	بار	5
ايتۋىم	كەرەك	7
كەرەگىڭ	جوق	6
بەرىپسىڭ	عوي	3
جاعايىن	دەپ	5
توپتارىنا	قوسىلاسىزبا	5
قيماس	دوستار	2
قۇرساعىڭدى	تويدىرىپ	5
ەستىلەدى	ەكەن	5
كۇڭىلسز	بولىپ	5
ساتلىك	بولسىن	7
ايانىشتى	ەكەن	6
بۇيتەدى	دەپ	7
پىڭيۋشارعا	شىعارىپ	3
دايىندىعىڭ	كۇشتى	5
گەتىڭ	عوي	6
ورىندالىپ	جۇرەكتەگى	7
شەكتەمەسى	جوق	5
ستەگىم	كەلمەي	6
مۇرتتاي	ۇشىپ	6
بۇركپە	سۋ	4
ۇاقتىم	جوق	8
بيلەيدى	ەكەن	7
جاتىپسىڭ	عوي	7
بۇلقان	تالقان	3
كەيىننەن	باستاپ	4
باسىمىزدان	ءومىر	2
تاپسىرار	بارما	6
گۇنىڭ	قۇتتى	4
جولڭ	بولسىن	7
ىدىستاردى	جۋىپ	5
تيمدى	باعادا	8
قۇتىلايىن	دەپ	5
رەنجىگەم	جوق	7
ارىقتايىن	دەپ	2
قايتۋشى	ەدىم	3
شارشاعام	جوق	7
كولىگىڭ	قۇتتى	1
مىيىندا	بار	5
بالامىن	عوي	4
ۇلەر	بولدىم	7
ۇناتساڭ	بولدى	7
ويناعىڭ	كەلىپ	7
تايدان	قۇنان	6
تۇلقان	كۇنىڭ	7
تامتىعى	جوق	6
ساۋدالارىڭىز	كۇسەت	4
سالماياق	قوي	1
تويسا	بولدى	6
كەلەيىنبا	دەپ	4
كەمەياق	قوي	7
ايتقاندارڭىز	كەلسىن	4
سۇراماس	ەدىم	2
قالامىڭىز	قارىمدى	2
جۇماعا	دەيىن	1
جولڭىز	بولسىن	7
كىناشقاڭ	قۇتتى	2
شاعانعولدان	شىڭگىلگە	4
تەكسەرتەيىن	دەپ	4
سالەمىن	قابىل	5
ۇعىلماي	قالىپتى	5
تارىڭىز	قابىل	4
بىلۋگە	بولادى	7
جولاۋشلار	بولسا	5
بارشەي	ارى	6
قيناعىم	كەلمەيدى	7
سويادى	ەكەن	3
تابىستارىڭىز	تاۋ	7
تابىستارىڭىز	مول	5
مارقۇمنىڭ	جانى	7
تىكتىرىپ	تىكتىرىپ	5
تۇسىپسىڭ	عوي	7
دەبەدىڭ	عوي	3
وڭىپ	تۇرعان	5
وقۇى	تابىستى	5
جازارىڭ	مول	3
ەشتەڭەم	جوق	2
المال	جوق	4
كارىم	جوق	2
قايتقامىز	جوق	6
تاستاۋعا	بولادى	3
قاتىسىڭ	جوق	7
تانسساق	بولاما	6
جۇلىڭ	بۇلسىن	2
بىلەسز	عوي	4
ويلاعىم	كەلمەيدى	5
الىۋشىلار	بولسا	4
شىلقا	ماس	2
كۇشكە	يە	5
ازىن	اۋلاق	7
تۇۋىلعان	كۇنى	3
تۇۋىلعان	كۇنىڭ	7
ايىتڭ	قابىل	6
ىراسىمىڭدى	جولداشى	2
وتىرىستارىڭ	كوڭىلدى	5
داۇسىن	باسىپ	2
قۇشاعىڭدى	ساعىندىم	5
باقىرايتىپ	قويىپ	6
تىرەگى	بولعان	3
ەشتەمەسى	جوق	7
الباستىم	ۇستاپ	5
ىشپەياق	قوي	5
دوسپىز	عوي	7
سويلەپسىڭ	عوي	6
شپەك	جەمەك	4
تانسايىن	دەپ	3
مايلايدى	ەكەن	4
تاۋىلماي	جاتىر	6
عۇمىرلى	بولسىن	5
ايتتارڭز	قابىل	6
ايتتارڭز	قابل	7
جاماندىعىم	جوق	4
جازباياق	قوي	3
جاعدايڭا	قاراپ	4
مىيىڭدا	بارما	6
جاسڭ	ۇزاق	3
الساڭىزداردا	بولادى	3
تابستارىڭ	مول	4
جۇرتتان	ۇيات	4
ويلامايىن	دەسەمدە	5
كورىمسىڭ	عوي	5
وعانعا	دەيىن	1
مىيڭدا	بارما	1
تارقايدى	ەكەن	3
بەرەكەتىن	بەرسىن	7
اكەلمەياق	قوي	4
ۇسپە	بار	3
جابايىن	دەپ	5
بوستان	بوسقا	6
ويناعام	جوق	6
قادامى	قۇتتى	5
تاۇا	الماي	3
اشىردىڭ	عوي	6
تويىم	بار	1
تۇستەرىڭ	كوڭىلدى	7
تورىم	جاقسى	2
دەمەكشمىن	عوي	7
كىرىمدى	جۋىپ	5
تۇسىردىڭ	عوي	5
شۇيگىن	بولسىن	6
جىيندا	وتىرمىن	3
جاقننان	بەرى	6
اتسالاۋ	ماعالايكۇم	3
ساتىلىم	باعاسى	1
اۋرەسى	جوق	5
كەلماياق	قوي	5
ايتپاعاندى	ايتىپ	3
ۇقىعىم	جوق	6
ايقانىڭىز	كەلسىن	7
قاشايىن	دەپ	2
كەزىكىم	كەلىپ	5
اتتەگەن	اي	4
كىلسى	قانشا	2
كىناشقاڭدى	الىپ	5
قابارلاسقىم	كەلىپ	7
ازاماتسىڭ	عوي	6
ساۋلىعىڭىز	جاقسىما	5
توشپايدى	ەكەن	6
نەعىلىپ	جاتىرسىڭ	5
تامتىق	جوق	7
بارىپسىڭ	عوي	5
ۇيلەرىڭىز	قۇتتى	4
قالجىڭداعانىم	عوي	6
اتتارىڭىز	بايگەلى	3
پىسىرعالى	جاتىرمىن	5
كوسەت	بولسىن	7
قادامىڭ	قۇتتى	2
سەننەندە	ۇيات	7
ۇندەمەدىڭ	عوي	6
بىلسەڭىز	بولدى	5
تايىنى	جوق	6
ۇقتىرعان	سەرى	2
وڭدى	سولدى	7
قاجەتىڭ	جوق	6
الپسڭ	عوي	4
كەتىپسىڭدەر	عوي	5
ءبىرازدان	كەيىن	3
تاينى	جوق	2
ساپاسنا	كەپىلدىك	3
كولىكتى	بولسىن	4
ۇتكەننەن	كەيىن	5
ۇتكەننەن	بەرى	6
جەرلەرىم	بولسا	6
اسىقساڭ	جاقسىلىققا	6
وعاسى	جوق	6
بەتبە	بەت	1
برازدان	كەيىن	1
برازدان	سوڭ	6
قابارىڭ	بارما	6
بىرساعاتتان	كەيىن	6
مۇرسا	جوق	3
ەرتەڭىنەن	باستاپ	4
جانمداي	جاقسى	2
الۋىم	كەرەك	3
تاڭمەن	بىرگە	4
يلەيىن	دەپ	5
ۇاقىتىم	جوق	4
سوعىپسىڭ	عوي	7
ۇيتكەم	جوق	1
كەلىسىم	بار	1
جولداپسىڭ	عوي	2
جاندارىڭا	جاماندىق	4
تۇستەڭ	كەيىن	6
دۇكەنىڭىز	قاي	1
جۇرەدىڭ	عوي	6
كەلتە	حات	5
قويىپسىز	عوي	6
اۋىرۋىن	كاسپتىك	6
الداعام	جوق	6
شيڭقاۋ	جوق	2
كۇزىمنەن	جاس	6
الاتندارڭىز	قابارلاسىڭىزدار	4
ۇرعىم	كەلىپ	6
ىلەسە	الماي	4
توشتىرا	الماي	6
كۆڭىلدى	بولسىن	3
كەلپسىڭ	عوي	5
كەتپسڭ	عوي	4
اڭگىمەلەسەيىن	دەپ	5
سۇيكمدىم	مەنىڭ	6
قالپسڭ	عوي	5
جازۋلى	تۇر	6
جالعاپسىڭ	عوي	4
جاسايىنبا	دەپ	2
راسمياتى	تولىق	5
كۇمەگىڭ	بولسىن	2
اشىرىپ	جىبەردىڭ	3
قىينالدىڭ	عوي	5
ۇيقتاعىم	كەلىپ	4
قاقىسى	جوق	4
جىبوڭ	كوڭىلدى	4
جاۋعالى	تۇر	1
وقۇىڭ	تابىستى	5
ءالەمنىڭ	بار	2
شاڭىراقتارىڭ	بيىك	5
دەنساۋلىعىڭىزعا	كوڭىل	2
تۇرعامىز	جوق	3
ايتقاننڭ	كەلسىن	4
تۇسەمبە	دەپ	6
كەشڭ	كوڭلدى	5
سۇنەن	كەيىن	3
دايندالا	بەر	1
نەڭىز	بار	6
كەلمەدىڭدەر	عوي	3
ايتقابىل	بولسىن	4
قىزىمەتتەرىڭ	تابىستى	3
تابۋعا	بولادى	1
اتباياق	قوي	6
رەسىمىڭدى	جولداشى	5
ۇستاعىم	كەلىپ	5
ساۋايىن	دەپ	5
كەشىڭدە	كۇڭىلدى	3
ەشتەمەم	جوق	4
تاندىر	نان	4
ونەرىڭىز	ۇستەم	5
ۇيىقم	كەلىپ	1
ۇزارسا	تۇس	6
جوندەيىن	دەپ	4
اتبادىڭ	عوي	4
رۋىڭ	قاي	3
الىپسىز	عوي	4
سۇيتەمبە	دەپ	3
قۇتلا	الماي	5
كەتىپسىز	عوي	3
اتبالى	ازامات	3
سيگىم	كەلىپ	1
ساۋلىقتارىڭ	مىقتى	3
ساۋلىقتارىڭىز	مىقتى	5
ناشۋ	بولىپ	4
ۆاعالايكۇم	اسسالام	5
سەنگىم	كەلمەيدى	1
تاستاعىم	كەلىپ	4
قاربىلاس	بولىپ	5
قادامىڭا	نۇر	5
تاپپايتىنىڭ	جوق	3
قوراڭ	مالعا	4
بولىۇ	كەرەك	5
بىرلىكتەن	ايىرماسىن	5
تالايدان	بەرى	2
سيلعى	قۇتتى	2
ەجون	ەكەن	2
يۋانىم	بار	5
توپىراقتى	قاجەت	4
جۇرسەڭدەردە	امان	5
بايسىڭ	عوي	3
قىرلى	بىر	6
الىپسىڭدار	عوي	5
ايىتقاندارىڭ	كەلسىن	4
جۇرىپسىڭ	عوي	2
كەسكىندەگى	ءاندى	6
قالىپسىڭدار	عوي	5
ءىستەرىڭ	ىلگەرى	3
سابىيدىڭ	ۇيقىسىن	5
كەتكەنەن	كەيىن	2
بوپاڭنىڭ	باۋى	5
قۇاتتى	بولسىن	1
قالىت	قۇلىت	6
جەپيىڭ	قىلىپ	5
رديان	اشىپ	4
ىسڭىز	ىلگەرى	6
بۇيتەم	دەپ	1
دەنساۋلعڭا	كوڭىل	5
قىزىمەتتەرىڭىز	تابىستى	3
قالايدان	قالاي	1
جەتسەڭ	بولدى	1
قايناتايىن	دەپ	5
بىرەۋدىكى	بىرەۋگە	5
ۇيقىلى	وياۋ	5
قوناعىم	بار	2
الاڭداعانىم	عوي	5
كەلەشەگى	نۇرلى	3
ساتىلۋ	باعاسى	2
رەنجمەسەڭ	بولدى	3
ءاللاۋ	ءاللاۋ	6
قايتارعام	جوق	3
ساعندىق	قوي	6
كەزككىم	كەلىپ	4
قوسباياق	قوي	4
ايداعام	جوق	5
ايمالاعىم	كەلىپ	5
ساياقاتىڭ	كوڭىلدى	2
كۇنڭىز	قۇتتى	3
سۇيلەپسىڭ	عوي	2
بۇيتتى	دەپ	5
ۋاكىلدىك	ساتۋشى	5
كۇرىنبەيسىڭ	عوي	3
پەندەمىن	عوي	4
شىدامىم	تاۋسىلىپ	5
تابىسىڭىز	مول	5
ەرتەڭننەن	باستاپ	4
ۇيىش	بالا	1
سارشوقىدان	باركولگە	4
ماشينالارىڭ	قۇتتى	4
دەرىمدى	بىلمەي	4
قاربالاستاۋ	بولىپ	3
تنىم	جوق	4
تۋىتتان	كەيىن	4
ايتىڭز	قابىل	5
جوقسڭدار	عوي	4
رەنش	جوق	4
قاشانان	بەرى	6
جۇندەيىن	دەپ	3
ىستىعىم	اسىپ	4
الۋىڭىزعا	بولادى	5
جۇمىستارىڭا	ساتتىلىك	3
ناتيجەلى	بولسىن	3
جاتىرەدىڭ	عوي	5
ۇيالارىڭ	باقىتتى	4
بىيىكتەردەن	كورىنە	4
زارە	جوق	4
تۇرپسىڭ	عوي	5
مىيندا	بار	2
ءدانىم	ءدانىم	3
كەشڭىز	كوڭىلدى	5
يانجىڭما	يانجىڭما	1
ماڭدايى	جارىق	5
ەەدۇرس	ەكەن	4
قارزىم	بار	1
جاساپسىڭ	عوي	6
تۇرعىننان	اۋدانعا	5
شىعىپسىڭ	عوي	3
ماڭدايىڭ	جارىق	3
گۇڭلدى	بولسىن	2
الدارىڭىزدان	شىقسىن	5
كەتىپتىڭ	عوي	5
كەلگەنەن	كەيىن	4
تانىسساق	بولاما	3
كەلمەدىڭىز	عوي	4
جباۋ	كۇڭىلدى	3
اۋرەلەيتىن	بولدىم	3
ويلاماياق	قوي	2
ىشكەمىن	جوق	3
كەمەدىڭ	عوي	5
ۇيقتاتايىن	دەپ	4
بۇگنەن	باستاپ	5
ۋاقىتتارىڭىزدى	شىعارىپ	3
قۋتى	بولسىن	4
ورتالارىڭ	دۋماندى	4
بەرمەدىڭىز	عوي	4
سۇراماپپىن	عوي	3
ايجكە	تاي	4
ەرتەلى	كەش	2
اۇرەلەپ	قويدىم	1
كورگەمىز	جوق	5
ساعاتان	كەيىن	5
ىزدەمەياق	قوي	3
قادامدارىڭىزعا	نۇر	4
بولىۋشى	ەدى	2
تاقىل	تاقىل	2
دەنساۇلىقتارىڭ	مىقتى	5
تيەيىن	دەپ	5
اۋەلگى	باعاسى	4
سومىم	بار	5
تىلەۋىڭ	قابىل	4
قايتەرمدى	بىلمەي	3
بارعانان	كەيىن	3
ۇكپەم	جوق	4
تانىسايىن	دەپ	5
بۇلىتتاپ	تۇر	3
جولاۇشىلار	بولسا	4
ولتىردىڭ	عوي	4
المالىدان	اۋدانعا	3
بەرۋىم	كەرەك	5
ۇيلەنبەيمىن	ۇيلەنبەيمىن	3
ءىشەيىن	دەپ	3
مارە	سارە	4
موينشاعا	تۇسىپ	1
قونىسىڭ	جايلى	5
ايتقانىڭنىڭ	بارى	2
جىگىنى	قارا	4
ۇزىنبۇلاقتان	اۋدانعا	3
ىزام	تۇسىپ	4
سۇراعىما	جاۋاپ	3
تاياسۋدان	اۋدانعا	1
سۋيلە	جانم	5
شۇنىڭىز	قۇتتى	2
مازسىڭ	عوي	4
بەرۋدىڭ	قاجەتى	2
تاياۋدان	بەرى	4
سيلىعىڭ	قۇتتى	1
جاسڭىز	ۇزاق	1
بۇلتاپ	تۇر	4
كۋايديىم	بار	4
ۇيىقتايىنبا	دەپ	5
كىرلەرىن	جۋىپ	2
قاپسالاڭنان	تەكەسكە	5
ەركەلەگىم	كەلىپ	4
قايتىپسىڭ	عوي	4
بىلايشا	ايتقاندا	1
احۋالدار	بارما	2
جلاعىم	كەلىپ	3
جالندى	سالەم	3
ەركەكسىڭ	عوي	4
ەجۇن	ەكەن	4
قونستارىڭ	جايلى	5
سڭمدى	بولسىن	1
تويلارىڭىز	قۇتتى	3
بەرپسىڭ	عوي	3
انۋاقتان	بەرى	4
قوزعالا	الماي	1
بولماعاننان	كەيىن	2
ارامنان	بولعان	2
تاستاپسىز	عوي	4
قونىستارىڭ	جايلى	3
الداعىم	كەلمەيدى	2
جوقسز	عوي	3
ايىتقانىم	عوي	4
جۋىقتان	بەرى	5
كەزكىم	كەلىپ	1
شامادا	جوق	4
ايتعانىڭىز	كەلسىن	4
جۋعىڭ	كەلسە	2
حالىڭىز	قالاي	3
پىسىقسىڭ	عوي	1
تەمىرلىكتەن	اۋدانعا	4
جىمجىرت	بولىپ	4
سىزدەندە	ۇيات	3
وتاۇ	وتاۇ	3
قىلارىمدى	بىلمەي	4
ايكسكە	دەيىن	2
دەمالامبا	دەپ	2
نەعىلايىن	دەپ	4
سانىنا	قاراي	3
بەسىنە	دەيىن	4
ۇنەرىڭىز	ۇستەم	4
قازىردىڭ	وزىندە	1
اقىلىڭنان	اينالايىن	4
توستەن	كەيىن	4
الىپتىڭ	عوي	1
شۇندەرڭە	تاراتىپ	4
ۇلتىردىڭ	عوي	4
كۇرىمسىڭ	عوي	4
جۇرۋىڭدى	تىلەيمىن	1
تانسۇعا	بولاما	3
پەيىلى	كەڭ	2
احۋالىڭىز	جاقسىما	4
جولدامادىڭىز	عوي	3
مۇرىنعا	سۋ	2
ەشكىمىم	جوق	3
گۇندەرىڭ	گۇڭىلدى	2
سالەمدەرڭ	قابىل	2
تاعاتىم	تاۋسىلىپ	3
زەرىكتىك	قوي	3
نەلەرىڭ	بار	3
ۇمىتقام	جوق	3
جازدادىڭ	عوي	1
تۇسدەن	كەيىن	3
بىردەمنەن	كەيىن	2
سىناۋىڭا	ساتتىلىك	1
جىبەرىپسىڭ	عوي	4
قايتقاننان	كەيىن	3
پەندەمىز	عوي	2
دەنىڭە	ساۋلىق	4
تۋستەن	كەيىن	2
ونەن	كەيىن	1
قۇربىسىنىڭ	الدى	1
تۇسپسىڭ	عوي	1
اسڭ	دامدى	4
قويارعا	جەر	4
ساپاسىندا	ايتار	1
ساعىندىردىڭ	عوي	3
ىيمانى	جولداس	3
مولايا	بەرسىن	1
جەتكەم	جوق	4
ساياحاتىڭ	كوڭىلدى	3
جايلارىڭ	قالاي	1
جاستارىڭىز	ۇزاق	3
كەلۋلەرىڭىزدى	قارسى	2
بايكەلى	بولسىن	2
سۇيتۋ	كەرەك	3
ساپارىڭىز	ساتتى	2
شىيپاسىن	بەرسىن	1
ۇيالعانىم	اي	3
ىيماندى	بولسىن	3
ساقاداي	ساي	3
سىڭمدى	بولسىن	3
سەبەپتەردەن	قالىپتاسقان	3
نوقتاسى	بار	3
قابارسىزسىڭ	عوي	2
داۇا	جوق	2
جاۋايىن	دەپ	1
كۇندەگىسىن	كۇندە	3
ۇلعايعان	سايىن	1
كۇرتىدەن	اۋدانعا	2
كەتۋىڭدى	تىلەيمىن	3
تۇلپارىڭىز	قۇتتى	3
جاۋعانى	جاقسى	2
بورىش	بورىش	3
ايىرلعىم	كەلمەيدى	2
جولاعام	جوق	2
جاقسىلىعىڭىز	الدىڭىزدان	1
ىشىمدەگىنى	تاپ	2
تالعامىڭا	قۇرمەت	3
دەنساۋلعىن	قالپىنا	2
جولدارڭىز	بولسىن	3
جىگتسىڭ	عوي	2
دەنساۇلىعىڭا	كوڭىل	3
حالدارىڭ	قالاي	2
ۇيقتاينبا	دەپ	1
قاشقام	جوق	2
قايتارمادىڭىز	عوي	1
كەتەرى	جوق	2
وقىۋى	تابىستى	2
وقىۋىڭ	تابىستى	1
تۇستەرىڭىز	كوڭىلدى	1
قالدارڭ	قالاي	1
قالدارڭىز	قالاي	1
قونسىڭ	جايلى	1
رەنجگەم	جوق	2
تىنشىم	كەتىپ	1
جازارىڭىز	مول	2
اقلداسۋعا	بولادى	3
دەمالايىنبا	دەپ	1
استاڭ	كەستەڭ	3
ۇيقتاماپسىز	عوي	2
باعانان	بەرى	1
بارارىمدى	بىلمەي	2
تىڭداعام	جوق	3
ەدۇرىس	ەكەن	2
ۇيقتاماپتىڭ	عوي	2
جالىنعانىم	بولسىن	1
قۇربىڭنىڭ	الدى	2
كەلمەپسىڭ	عوي	1
رەنجتكىم	كەلمەيدى	2
وقۋلارىڭ	تابىستى	2
قوساقتارىڭىزبەن	قوسا	3
جەتىستىرە	الماي	1
ساپارلارىڭ	ساتتى	1
جاندارىڭىزعا	جاماندىق	1
ويپىرىم	اي	2
ايىتقاندارىڭىز	كەلسىن	2
تيسكەم	جوق	2
تۇىستەن	كەيىن	2
شاڭىراقتارىڭنان	شاتتىق	1
سىگىسكىم	كەلىپ	2
كەزدەسپەسەك	بولمايدى	2
قۇلىت	ەتىپ	2
بوستاننان	موريعا	1
ماقتاعانىم	ەمەس	2
ۇنەن	كەيىن	1
بوساعالارىڭ	بەرىك	1
گورموندى	ءدارى	1
ماتەيالدارىڭىزدى	جولداپ	1
اقبوتام	پەرشتەم	1
بولاشاقتارى	نۇرلى	1
ءوزىڭىزدەگى	سەمىزدىك	1
شاشاسىنا	شاڭ	1
